Candidate Id,First Name,Middle Name,Last Name,Email Address,Primary Phone,Alternate Phone,Date of Birth,Gender,Marital Status,PAN,Physical Disability,Home Address Line1,Pincode,City,Country,Last drawn CTC,Min Annual Salary,Preferred Location,Total CTC (Lakhs P.A.):,Total Years of Experience,Time Gap,Notice Period,Primary school From Date,Primary school End Date,Primary school Type Of Program,Primary school University/Board,Primary school Institute,Primary school Specialization,Primary school Grade/Percentage/CGPA,Primary school Education Qualification,Secondary school From Date,Secondary school End Date,Secondary school Type Of Program,Secondary school University/Board,Secondary school Institute,Secondary school Specialization,Secondary school Grade/Percentage/CGPA,Secondary school Education Qualification,Graduation From Date,Graduation End Date,Graduation Type Of Program,Graduation University/Board,Graduation Institute,Graduation Specialization,Graduation Grade/Percentage/CGPA,Graduation Education Qualification,Post Graduation From Date,Post Graduation End Date,Post Graduation Type Of Program,Post Graduation University/Board,Post Graduation Institute,Post Graduation Specialization,Post Graduation Grade/Percentage/CGPA,Post Graduation Education Qualification,Backlog,Work Experience 1 Start Date,Work Experience 1 End Date,Work Experience 1 Employment Type,Work Experience 1 Title,Work Experience 1 Company Name,Work Experience 1 Type of Business,Work Experience 1 Location,Work Experience 1 Country,Work Experience 2 Start Date,Work Experience 2 End Date,Work Experience 2 Employment Type,Work Experience 2 Title,Work Experience 2 Company Name,Work Experience 2 Type of Business,Work Experience 2 Location,Work Experience 2 Country,Language 1,Language 1 Read,Language 1 Speak,Language 1 Write,Language 2,Language 2 Read,Language 2 Speak,Language 2 Write,Language 3,Language 3 Read,Language 3 Speak,Language 3 Write,Name of Reference,Designation of Reference, Address of Reference, Contact of Reference,Applicant Photo,Resume,Source
88995,Major,Uday,Bhan,uday.bhan@mailinator.com000,7864823000,7894923645,13/04/1990,M,Single,PAN167694000,No,Behind Yaga Baba Hostel Baner,426194,KANPUR,India,579700,1340000,Mumbai,579000,2,1,30,12/06/2004,13/07/2006,Full Time,Uttar Pradesh State Board,Saraswati Vidya Mandir Kanpur,NA,92,10th,14/02/2007,25/03/2010,Full Time,Uttar Pradesh State Board,Radha Niketan College Kanpur,Electronics & Telecommunication,93,12th,14/03/2010,18/09/2014,Full Time,NITA,Motilal Nehru National Institute of Technology Allahabad,Electronics & Telecommunication,81,BE,20/07/2015,22/01/2018,Full Time,NITIE,NITIE Mumbai,Mining Engineering,87,ME,0,29/03/2017,19/09/2018,Full Time,Junior Technical Consultant,TCS,Manufacturing,AGRA,India,,,,,,,,,English,Good,Good,Good,Hindi,Good,Good,Good,Marathi,Good,Good,Good,Guddu,Software Engineer,London,8009800998,,,Naukri.com
88995,Major,Uday,Bhan,uday.bhan@mailinator.com001,7864823001,7894923645,13/04/1990,M,Single,PAN167694001,No,Behind Yaga Baba Hostel Baner,426194,KANPUR,India,579700,1340000,Mumbai,579000,2,1,30,12/06/2004,13/07/2006,Full Time,Uttar Pradesh State Board,Saraswati Vidya Mandir Kanpur,NA,92,10th,14/02/2007,25/03/2010,Full Time,Uttar Pradesh State Board,Radha Niketan College Kanpur,Electronics & Telecommunication,93,12th,14/03/2010,18/09/2014,Full Time,NITA,Motilal Nehru National Institute of Technology Allahabad,Electronics & Telecommunication,81,BE,20/07/2015,22/01/2018,Full Time,NITIE,NITIE Mumbai,Mining Engineering,87,ME,0,29/03/2017,19/09/2018,Full Time,Junior Technical Consultant,TCS,Manufacturing,AGRA,India,,,,,,,,,English,Good,Good,Good,Hindi,Good,Good,Good,Marathi,Good,Good,Good,Guddu,Software Engineer,London,8009800998,,,Naukri.com
88995,Major,Uday,Bhan,uday.bhan@mailinator.com002,7864823002,7894923645,13/04/1990,M,Single,PAN167694002,No,Behind Yaga Baba Hostel Baner,426194,KANPUR,India,579700,1340000,Mumbai,579000,2,1,30,12/06/2004,13/07/2006,Full Time,Uttar Pradesh State Board,Saraswati Vidya Mandir Kanpur,NA,92,10th,14/02/2007,25/03/2010,Full Time,Uttar Pradesh State Board,Radha Niketan College Kanpur,Electronics & Telecommunication,93,12th,14/03/2010,18/09/2014,Full Time,NITA,Motilal Nehru National Institute of Technology Allahabad,Electronics & Telecommunication,81,BE,20/07/2015,22/01/2018,Full Time,NITIE,NITIE Mumbai,Mining Engineering,87,ME,0,29/03/2017,19/09/2018,Full Time,Junior Technical Consultant,TCS,Manufacturing,AGRA,India,,,,,,,,,English,Good,Good,Good,Hindi,Good,Good,Good,Marathi,Good,Good,Good,Guddu,Software Engineer,London,8009800998,,,Naukri.com
88995,Major,Uday,Bhan,uday.bhan@mailinator.com003,7864823003,7894923645,13/04/1990,M,Single,PAN167694003,No,Behind Yaga Baba Hostel Baner,426194,KANPUR,India,579700,1340000,Mumbai,579000,2,1,30,12/06/2004,13/07/2006,Full Time,Uttar Pradesh State Board,Saraswati Vidya Mandir Kanpur,NA,92,10th,14/02/2007,25/03/2010,Full Time,Uttar Pradesh State Board,Radha Niketan College Kanpur,Electronics & Telecommunication,93,12th,14/03/2010,18/09/2014,Full Time,NITA,Motilal Nehru National Institute of Technology Allahabad,Electronics & Telecommunication,81,BE,20/07/2015,22/01/2018,Full Time,NITIE,NITIE Mumbai,Mining Engineering,87,ME,0,29/03/2017,19/09/2018,Full Time,Junior Technical Consultant,TCS,Manufacturing,AGRA,India,,,,,,,,,English,Good,Good,Good,Hindi,Good,Good,Good,Marathi,Good,Good,Good,Guddu,Software Engineer,London,8009800998,,,Naukri.com
88995,Major,Uday,Bhan,uday.bhan@mailinator.com004,7864823004,7894923645,13/04/1990,M,Single,PAN167694004,No,Behind Yaga Baba Hostel Baner,426194,KANPUR,India,579700,1340000,Mumbai,579000,2,1,30,12/06/2004,13/07/2006,Full Time,Uttar Pradesh State Board,Saraswati Vidya Mandir Kanpur,NA,92,10th,14/02/2007,25/03/2010,Full Time,Uttar Pradesh State Board,Radha Niketan College Kanpur,Electronics & Telecommunication,93,12th,14/03/2010,18/09/2014,Full Time,NITA,Motilal Nehru National Institute of Technology Allahabad,Electronics & Telecommunication,81,BE,20/07/2015,22/01/2018,Full Time,NITIE,NITIE Mumbai,Mining Engineering,87,ME,0,29/03/2017,19/09/2018,Full Time,Junior Technical Consultant,TCS,Manufacturing,AGRA,India,,,,,,,,,English,Good,Good,Good,Hindi,Good,Good,Good,Marathi,Good,Good,Good,Guddu,Software Engineer,London,8009800998,,,Naukri.com
88995,Major,Uday,Bhan,uday.bhan@mailinator.com005,7864823005,7894923645,13/04/1990,M,Single,PAN167694005,No,Behind Yaga Baba Hostel Baner,426194,KANPUR,India,579700,1340000,Mumbai,579000,2,1,30,12/06/2004,13/07/2006,Full Time,Uttar Pradesh State Board,Saraswati Vidya Mandir Kanpur,NA,92,10th,14/02/2007,25/03/2010,Full Time,Uttar Pradesh State Board,Radha Niketan College Kanpur,Electronics & Telecommunication,93,12th,14/03/2010,18/09/2014,Full Time,NITA,Motilal Nehru National Institute of Technology Allahabad,Electronics & Telecommunication,81,BE,20/07/2015,22/01/2018,Full Time,NITIE,NITIE Mumbai,Mining Engineering,87,ME,0,29/03/2017,19/09/2018,Full Time,Junior Technical Consultant,TCS,Manufacturing,AGRA,India,,,,,,,,,English,Good,Good,Good,Hindi,Good,Good,Good,Marathi,Good,Good,Good,Guddu,Software Engineer,London,8009800998,,,Naukri.com
88995,Major,Uday,Bhan,uday.bhan@mailinator.com006,7864823006,7894923645,13/04/1990,M,Single,PAN167694006,No,Behind Yaga Baba Hostel Baner,426194,KANPUR,India,579700,1340000,Mumbai,579000,2,1,30,12/06/2004,13/07/2006,Full Time,Uttar Pradesh State Board,Saraswati Vidya Mandir Kanpur,NA,92,10th,14/02/2007,25/03/2010,Full Time,Uttar Pradesh State Board,Radha Niketan College Kanpur,Electronics & Telecommunication,93,12th,14/03/2010,18/09/2014,Full Time,NITA,Motilal Nehru National Institute of Technology Allahabad,Electronics & Telecommunication,81,BE,20/07/2015,22/01/2018,Full Time,NITIE,NITIE Mumbai,Mining Engineering,87,ME,0,29/03/2017,19/09/2018,Full Time,Junior Technical Consultant,TCS,Manufacturing,AGRA,India,,,,,,,,,English,Good,Good,Good,Hindi,Good,Good,Good,Marathi,Good,Good,Good,Guddu,Software Engineer,London,8009800998,,,Naukri.com
88995,Major,Uday,Bhan,uday.bhan@mailinator.com007,7864823007,7894923645,13/04/1990,M,Single,PAN167694007,No,Behind Yaga Baba Hostel Baner,426194,KANPUR,India,579700,1340000,Mumbai,579000,2,1,30,12/06/2004,13/07/2006,Full Time,Uttar Pradesh State Board,Saraswati Vidya Mandir Kanpur,NA,92,10th,14/02/2007,25/03/2010,Full Time,Uttar Pradesh State Board,Radha Niketan College Kanpur,Electronics & Telecommunication,93,12th,14/03/2010,18/09/2014,Full Time,NITA,Motilal Nehru National Institute of Technology Allahabad,Electronics & Telecommunication,81,BE,20/07/2015,22/01/2018,Full Time,NITIE,NITIE Mumbai,Mining Engineering,87,ME,0,29/03/2017,19/09/2018,Full Time,Junior Technical Consultant,TCS,Manufacturing,AGRA,India,,,,,,,,,English,Good,Good,Good,Hindi,Good,Good,Good,Marathi,Good,Good,Good,Guddu,Software Engineer,London,8009800998,,,Naukri.com
88995,Major,Uday,Bhan,uday.bhan@mailinator.com008,7864823008,7894923645,13/04/1990,M,Single,PAN167694008,No,Behind Yaga Baba Hostel Baner,426194,KANPUR,India,579700,1340000,Mumbai,579000,2,1,30,12/06/2004,13/07/2006,Full Time,Uttar Pradesh State Board,Saraswati Vidya Mandir Kanpur,NA,92,10th,14/02/2007,25/03/2010,Full Time,Uttar Pradesh State Board,Radha Niketan College Kanpur,Electronics & Telecommunication,93,12th,14/03/2010,18/09/2014,Full Time,NITA,Motilal Nehru National Institute of Technology Allahabad,Electronics & Telecommunication,81,BE,20/07/2015,22/01/2018,Full Time,NITIE,NITIE Mumbai,Mining Engineering,87,ME,0,29/03/2017,19/09/2018,Full Time,Junior Technical Consultant,TCS,Manufacturing,AGRA,India,,,,,,,,,English,Good,Good,Good,Hindi,Good,Good,Good,Marathi,Good,Good,Good,Guddu,Software Engineer,London,8009800998,,,Naukri.com
88995,Major,Uday,Bhan,uday.bhan@mailinator.com009,7864823009,7894923645,13/04/1990,M,Single,PAN167694009,No,Behind Yaga Baba Hostel Baner,426194,KANPUR,India,579700,1340000,Mumbai,579000,2,1,30,12/06/2004,13/07/2006,Full Time,Uttar Pradesh State Board,Saraswati Vidya Mandir Kanpur,NA,92,10th,14/02/2007,25/03/2010,Full Time,Uttar Pradesh State Board,Radha Niketan College Kanpur,Electronics & Telecommunication,93,12th,14/03/2010,18/09/2014,Full Time,NITA,Motilal Nehru National Institute of Technology Allahabad,Electronics & Telecommunication,81,BE,20/07/2015,22/01/2018,Full Time,NITIE,NITIE Mumbai,Mining Engineering,87,ME,0,29/03/2017,19/09/2018,Full Time,Junior Technical Consultant,TCS,Manufacturing,AGRA,India,,,,,,,,,English,Good,Good,Good,Hindi,Good,Good,Good,Marathi,Good,Good,Good,Guddu,Software Engineer,London,8009800998,,,Naukri.com
88995,Major,Uday,Bhan,uday.bhan@mailinator.com010,7864823010,7894923645,13/04/1990,M,Single,PAN167694010,No,Behind Yaga Baba Hostel Baner,426194,KANPUR,India,579700,1340000,Mumbai,579000,2,1,30,12/06/2004,13/07/2006,Full Time,Uttar Pradesh State Board,Saraswati Vidya Mandir Kanpur,NA,92,10th,14/02/2007,25/03/2010,Full Time,Uttar Pradesh State Board,Radha Niketan College Kanpur,Electronics & Telecommunication,93,12th,14/03/2010,18/09/2014,Full Time,NITA,Motilal Nehru National Institute of Technology Allahabad,Electronics & Telecommunication,81,BE,20/07/2015,22/01/2018,Full Time,NITIE,NITIE Mumbai,Mining Engineering,87,ME,0,29/03/2017,19/09/2018,Full Time,Junior Technical Consultant,TCS,Manufacturing,AGRA,India,,,,,,,,,English,Good,Good,Good,Hindi,Good,Good,Good,Marathi,Good,Good,Good,Guddu,Software Engineer,London,8009800998,,,Naukri.com
88995,Major,Uday,Bhan,uday.bhan@mailinator.com011,7864823011,7894923645,13/04/1990,M,Single,PAN167694011,No,Behind Yaga Baba Hostel Baner,426194,KANPUR,India,579700,1340000,Mumbai,579000,2,1,30,12/06/2004,13/07/2006,Full Time,Uttar Pradesh State Board,Saraswati Vidya Mandir Kanpur,NA,92,10th,14/02/2007,25/03/2010,Full Time,Uttar Pradesh State Board,Radha Niketan College Kanpur,Electronics & Telecommunication,93,12th,14/03/2010,18/09/2014,Full Time,NITA,Motilal Nehru National Institute of Technology Allahabad,Electronics & Telecommunication,81,BE,20/07/2015,22/01/2018,Full Time,NITIE,NITIE Mumbai,Mining Engineering,87,ME,0,29/03/2017,19/09/2018,Full Time,Junior Technical Consultant,TCS,Manufacturing,AGRA,India,,,,,,,,,English,Good,Good,Good,Hindi,Good,Good,Good,Marathi,Good,Good,Good,Guddu,Software Engineer,London,8009800998,,,Naukri.com
88995,Major,Uday,Bhan,uday.bhan@mailinator.com012,7864823012,7894923645,13/04/1990,M,Single,PAN167694012,No,Behind Yaga Baba Hostel Baner,426194,KANPUR,India,579700,1340000,Mumbai,579000,2,1,30,12/06/2004,13/07/2006,Full Time,Uttar Pradesh State Board,Saraswati Vidya Mandir Kanpur,NA,92,10th,14/02/2007,25/03/2010,Full Time,Uttar Pradesh State Board,Radha Niketan College Kanpur,Electronics & Telecommunication,93,12th,14/03/2010,18/09/2014,Full Time,NITA,Motilal Nehru National Institute of Technology Allahabad,Electronics & Telecommunication,81,BE,20/07/2015,22/01/2018,Full Time,NITIE,NITIE Mumbai,Mining Engineering,87,ME,0,29/03/2017,19/09/2018,Full Time,Junior Technical Consultant,TCS,Manufacturing,AGRA,India,,,,,,,,,English,Good,Good,Good,Hindi,Good,Good,Good,Marathi,Good,Good,Good,Guddu,Software Engineer,London,8009800998,,,Naukri.com
88995,Major,Uday,Bhan,uday.bhan@mailinator.com013,7864823013,7894923645,13/04/1990,M,Single,PAN167694013,No,Behind Yaga Baba Hostel Baner,426194,KANPUR,India,579700,1340000,Mumbai,579000,2,1,30,12/06/2004,13/07/2006,Full Time,Uttar Pradesh State Board,Saraswati Vidya Mandir Kanpur,NA,92,10th,14/02/2007,25/03/2010,Full Time,Uttar Pradesh State Board,Radha Niketan College Kanpur,Electronics & Telecommunication,93,12th,14/03/2010,18/09/2014,Full Time,NITA,Motilal Nehru National Institute of Technology Allahabad,Electronics & Telecommunication,81,BE,20/07/2015,22/01/2018,Full Time,NITIE,NITIE Mumbai,Mining Engineering,87,ME,0,29/03/2017,19/09/2018,Full Time,Junior Technical Consultant,TCS,Manufacturing,AGRA,India,,,,,,,,,English,Good,Good,Good,Hindi,Good,Good,Good,Marathi,Good,Good,Good,Guddu,Software Engineer,London,8009800998,,,Naukri.com
88995,Major,Uday,Bhan,uday.bhan@mailinator.com014,7864823014,7894923645,13/04/1990,M,Single,PAN167694014,No,Behind Yaga Baba Hostel Baner,426194,KANPUR,India,579700,1340000,Mumbai,579000,2,1,30,12/06/2004,13/07/2006,Full Time,Uttar Pradesh State Board,Saraswati Vidya Mandir Kanpur,NA,92,10th,14/02/2007,25/03/2010,Full Time,Uttar Pradesh State Board,Radha Niketan College Kanpur,Electronics & Telecommunication,93,12th,14/03/2010,18/09/2014,Full Time,NITA,Motilal Nehru National Institute of Technology Allahabad,Electronics & Telecommunication,81,BE,20/07/2015,22/01/2018,Full Time,NITIE,NITIE Mumbai,Mining Engineering,87,ME,0,29/03/2017,19/09/2018,Full Time,Junior Technical Consultant,TCS,Manufacturing,AGRA,India,,,,,,,,,English,Good,Good,Good,Hindi,Good,Good,Good,Marathi,Good,Good,Good,Guddu,Software Engineer,London,8009800998,,,Naukri.com
88995,Major,Uday,Bhan,uday.bhan@mailinator.com015,7864823015,7894923645,13/04/1990,M,Single,PAN167694015,No,Behind Yaga Baba Hostel Baner,426194,KANPUR,India,579700,1340000,Mumbai,579000,2,1,30,12/06/2004,13/07/2006,Full Time,Uttar Pradesh State Board,Saraswati Vidya Mandir Kanpur,NA,92,10th,14/02/2007,25/03/2010,Full Time,Uttar Pradesh State Board,Radha Niketan College Kanpur,Electronics & Telecommunication,93,12th,14/03/2010,18/09/2014,Full Time,NITA,Motilal Nehru National Institute of Technology Allahabad,Electronics & Telecommunication,81,BE,20/07/2015,22/01/2018,Full Time,NITIE,NITIE Mumbai,Mining Engineering,87,ME,0,29/03/2017,19/09/2018,Full Time,Junior Technical Consultant,TCS,Manufacturing,AGRA,India,,,,,,,,,English,Good,Good,Good,Hindi,Good,Good,Good,Marathi,Good,Good,Good,Guddu,Software Engineer,London,8009800998,,,Naukri.com
88995,Major,Uday,Bhan,uday.bhan@mailinator.com016,7864823016,7894923645,13/04/1990,M,Single,PAN167694016,No,Behind Yaga Baba Hostel Baner,426194,KANPUR,India,579700,1340000,Mumbai,579000,2,1,30,12/06/2004,13/07/2006,Full Time,Uttar Pradesh State Board,Saraswati Vidya Mandir Kanpur,NA,92,10th,14/02/2007,25/03/2010,Full Time,Uttar Pradesh State Board,Radha Niketan College Kanpur,Electronics & Telecommunication,93,12th,14/03/2010,18/09/2014,Full Time,NITA,Motilal Nehru National Institute of Technology Allahabad,Electronics & Telecommunication,81,BE,20/07/2015,22/01/2018,Full Time,NITIE,NITIE Mumbai,Mining Engineering,87,ME,0,29/03/2017,19/09/2018,Full Time,Junior Technical Consultant,TCS,Manufacturing,AGRA,India,,,,,,,,,English,Good,Good,Good,Hindi,Good,Good,Good,Marathi,Good,Good,Good,Guddu,Software Engineer,London,8009800998,,,Naukri.com
88995,Major,Uday,Bhan,uday.bhan@mailinator.com017,7864823017,7894923645,13/04/1990,M,Single,PAN167694017,No,Behind Yaga Baba Hostel Baner,426194,KANPUR,India,579700,1340000,Mumbai,579000,2,1,30,12/06/2004,13/07/2006,Full Time,Uttar Pradesh State Board,Saraswati Vidya Mandir Kanpur,NA,92,10th,14/02/2007,25/03/2010,Full Time,Uttar Pradesh State Board,Radha Niketan College Kanpur,Electronics & Telecommunication,93,12th,14/03/2010,18/09/2014,Full Time,NITA,Motilal Nehru National Institute of Technology Allahabad,Electronics & Telecommunication,81,BE,20/07/2015,22/01/2018,Full Time,NITIE,NITIE Mumbai,Mining Engineering,87,ME,0,29/03/2017,19/09/2018,Full Time,Junior Technical Consultant,TCS,Manufacturing,AGRA,India,,,,,,,,,English,Good,Good,Good,Hindi,Good,Good,Good,Marathi,Good,Good,Good,Guddu,Software Engineer,London,8009800998,,,Naukri.com
88995,Major,Uday,Bhan,uday.bhan@mailinator.com018,7864823018,7894923645,13/04/1990,M,Single,PAN167694018,No,Behind Yaga Baba Hostel Baner,426194,KANPUR,India,579700,1340000,Mumbai,579000,2,1,30,12/06/2004,13/07/2006,Full Time,Uttar Pradesh State Board,Saraswati Vidya Mandir Kanpur,NA,92,10th,14/02/2007,25/03/2010,Full Time,Uttar Pradesh State Board,Radha Niketan College Kanpur,Electronics & Telecommunication,93,12th,14/03/2010,18/09/2014,Full Time,NITA,Motilal Nehru National Institute of Technology Allahabad,Electronics & Telecommunication,81,BE,20/07/2015,22/01/2018,Full Time,NITIE,NITIE Mumbai,Mining Engineering,87,ME,0,29/03/2017,19/09/2018,Full Time,Junior Technical Consultant,TCS,Manufacturing,AGRA,India,,,,,,,,,English,Good,Good,Good,Hindi,Good,Good,Good,Marathi,Good,Good,Good,Guddu,Software Engineer,London,8009800998,,,Naukri.com
88995,Major,Uday,Bhan,uday.bhan@mailinator.com019,7864823019,7894923645,13/04/1990,M,Single,PAN167694019,No,Behind Yaga Baba Hostel Baner,426194,KANPUR,India,579700,1340000,Mumbai,579000,2,1,30,12/06/2004,13/07/2006,Full Time,Uttar Pradesh State Board,Saraswati Vidya Mandir Kanpur,NA,92,10th,14/02/2007,25/03/2010,Full Time,Uttar Pradesh State Board,Radha Niketan College Kanpur,Electronics & Telecommunication,93,12th,14/03/2010,18/09/2014,Full Time,NITA,Motilal Nehru National Institute of Technology Allahabad,Electronics & Telecommunication,81,BE,20/07/2015,22/01/2018,Full Time,NITIE,NITIE Mumbai,Mining Engineering,87,ME,0,29/03/2017,19/09/2018,Full Time,Junior Technical Consultant,TCS,Manufacturing,AGRA,India,,,,,,,,,English,Good,Good,Good,Hindi,Good,Good,Good,Marathi,Good,Good,Good,Guddu,Software Engineer,London,8009800998,,,Naukri.com
88995,Major,Uday,Bhan,uday.bhan@mailinator.com020,7864823020,7894923645,13/04/1990,M,Single,PAN167694020,No,Behind Yaga Baba Hostel Baner,426194,KANPUR,India,579700,1340000,Mumbai,579000,2,1,30,12/06/2004,13/07/2006,Full Time,Uttar Pradesh State Board,Saraswati Vidya Mandir Kanpur,NA,92,10th,14/02/2007,25/03/2010,Full Time,Uttar Pradesh State Board,Radha Niketan College Kanpur,Electronics & Telecommunication,93,12th,14/03/2010,18/09/2014,Full Time,NITA,Motilal Nehru National Institute of Technology Allahabad,Electronics & Telecommunication,81,BE,20/07/2015,22/01/2018,Full Time,NITIE,NITIE Mumbai,Mining Engineering,87,ME,0,29/03/2017,19/09/2018,Full Time,Junior Technical Consultant,TCS,Manufacturing,AGRA,India,,,,,,,,,English,Good,Good,Good,Hindi,Good,Good,Good,Marathi,Good,Good,Good,Guddu,Software Engineer,London,8009800998,,,Naukri.com
88995,Major,Uday,Bhan,uday.bhan@mailinator.com021,7864823021,7894923645,13/04/1990,M,Single,PAN167694021,No,Behind Yaga Baba Hostel Baner,426194,KANPUR,India,579700,1340000,Mumbai,579000,2,1,30,12/06/2004,13/07/2006,Full Time,Uttar Pradesh State Board,Saraswati Vidya Mandir Kanpur,NA,92,10th,14/02/2007,25/03/2010,Full Time,Uttar Pradesh State Board,Radha Niketan College Kanpur,Electronics & Telecommunication,93,12th,14/03/2010,18/09/2014,Full Time,NITA,Motilal Nehru National Institute of Technology Allahabad,Electronics & Telecommunication,81,BE,20/07/2015,22/01/2018,Full Time,NITIE,NITIE Mumbai,Mining Engineering,87,ME,0,29/03/2017,19/09/2018,Full Time,Junior Technical Consultant,TCS,Manufacturing,AGRA,India,,,,,,,,,English,Good,Good,Good,Hindi,Good,Good,Good,Marathi,Good,Good,Good,Guddu,Software Engineer,London,8009800998,,,Naukri.com
88995,Major,Uday,Bhan,uday.bhan@mailinator.com022,7864823022,7894923645,13/04/1990,M,Single,PAN167694022,No,Behind Yaga Baba Hostel Baner,426194,KANPUR,India,579700,1340000,Mumbai,579000,2,1,30,12/06/2004,13/07/2006,Full Time,Uttar Pradesh State Board,Saraswati Vidya Mandir Kanpur,NA,92,10th,14/02/2007,25/03/2010,Full Time,Uttar Pradesh State Board,Radha Niketan College Kanpur,Electronics & Telecommunication,93,12th,14/03/2010,18/09/2014,Full Time,NITA,Motilal Nehru National Institute of Technology Allahabad,Electronics & Telecommunication,81,BE,20/07/2015,22/01/2018,Full Time,NITIE,NITIE Mumbai,Mining Engineering,87,ME,0,29/03/2017,19/09/2018,Full Time,Junior Technical Consultant,TCS,Manufacturing,AGRA,India,,,,,,,,,English,Good,Good,Good,Hindi,Good,Good,Good,Marathi,Good,Good,Good,Guddu,Software Engineer,London,8009800998,,,Naukri.com
88995,Major,Uday,Bhan,uday.bhan@mailinator.com023,7864823023,7894923645,13/04/1990,M,Single,PAN167694023,No,Behind Yaga Baba Hostel Baner,426194,KANPUR,India,579700,1340000,Mumbai,579000,2,1,30,12/06/2004,13/07/2006,Full Time,Uttar Pradesh State Board,Saraswati Vidya Mandir Kanpur,NA,92,10th,14/02/2007,25/03/2010,Full Time,Uttar Pradesh State Board,Radha Niketan College Kanpur,Electronics & Telecommunication,93,12th,14/03/2010,18/09/2014,Full Time,NITA,Motilal Nehru National Institute of Technology Allahabad,Electronics & Telecommunication,81,BE,20/07/2015,22/01/2018,Full Time,NITIE,NITIE Mumbai,Mining Engineering,87,ME,0,29/03/2017,19/09/2018,Full Time,Junior Technical Consultant,TCS,Manufacturing,AGRA,India,,,,,,,,,English,Good,Good,Good,Hindi,Good,Good,Good,Marathi,Good,Good,Good,Guddu,Software Engineer,London,8009800998,,,Naukri.com
88995,Major,Uday,Bhan,uday.bhan@mailinator.com024,7864823024,7894923645,13/04/1990,M,Single,PAN167694024,No,Behind Yaga Baba Hostel Baner,426194,KANPUR,India,579700,1340000,Mumbai,579000,2,1,30,12/06/2004,13/07/2006,Full Time,Uttar Pradesh State Board,Saraswati Vidya Mandir Kanpur,NA,92,10th,14/02/2007,25/03/2010,Full Time,Uttar Pradesh State Board,Radha Niketan College Kanpur,Electronics & Telecommunication,93,12th,14/03/2010,18/09/2014,Full Time,NITA,Motilal Nehru National Institute of Technology Allahabad,Electronics & Telecommunication,81,BE,20/07/2015,22/01/2018,Full Time,NITIE,NITIE Mumbai,Mining Engineering,87,ME,0,29/03/2017,19/09/2018,Full Time,Junior Technical Consultant,TCS,Manufacturing,AGRA,India,,,,,,,,,English,Good,Good,Good,Hindi,Good,Good,Good,Marathi,Good,Good,Good,Guddu,Software Engineer,London,8009800998,,,Naukri.com
88995,Major,Uday,Bhan,uday.bhan@mailinator.com025,7864823025,7894923645,13/04/1990,M,Single,PAN167694025,No,Behind Yaga Baba Hostel Baner,426194,KANPUR,India,579700,1340000,Mumbai,579000,2,1,30,12/06/2004,13/07/2006,Full Time,Uttar Pradesh State Board,Saraswati Vidya Mandir Kanpur,NA,92,10th,14/02/2007,25/03/2010,Full Time,Uttar Pradesh State Board,Radha Niketan College Kanpur,Electronics & Telecommunication,93,12th,14/03/2010,18/09/2014,Full Time,NITA,Motilal Nehru National Institute of Technology Allahabad,Electronics & Telecommunication,81,BE,20/07/2015,22/01/2018,Full Time,NITIE,NITIE Mumbai,Mining Engineering,87,ME,0,29/03/2017,19/09/2018,Full Time,Junior Technical Consultant,TCS,Manufacturing,AGRA,India,,,,,,,,,English,Good,Good,Good,Hindi,Good,Good,Good,Marathi,Good,Good,Good,Guddu,Software Engineer,London,8009800998,,,Naukri.com
88995,Major,Uday,Bhan,uday.bhan@mailinator.com026,7864823026,7894923645,13/04/1990,M,Single,PAN167694026,No,Behind Yaga Baba Hostel Baner,426194,KANPUR,India,579700,1340000,Mumbai,579000,2,1,30,12/06/2004,13/07/2006,Full Time,Uttar Pradesh State Board,Saraswati Vidya Mandir Kanpur,NA,92,10th,14/02/2007,25/03/2010,Full Time,Uttar Pradesh State Board,Radha Niketan College Kanpur,Electronics & Telecommunication,93,12th,14/03/2010,18/09/2014,Full Time,NITA,Motilal Nehru National Institute of Technology Allahabad,Electronics & Telecommunication,81,BE,20/07/2015,22/01/2018,Full Time,NITIE,NITIE Mumbai,Mining Engineering,87,ME,0,29/03/2017,19/09/2018,Full Time,Junior Technical Consultant,TCS,Manufacturing,AGRA,India,,,,,,,,,English,Good,Good,Good,Hindi,Good,Good,Good,Marathi,Good,Good,Good,Guddu,Software Engineer,London,8009800998,,,Naukri.com
88995,Major,Uday,Bhan,uday.bhan@mailinator.com027,7864823027,7894923645,13/04/1990,M,Single,PAN167694027,No,Behind Yaga Baba Hostel Baner,426194,KANPUR,India,579700,1340000,Mumbai,579000,2,1,30,12/06/2004,13/07/2006,Full Time,Uttar Pradesh State Board,Saraswati Vidya Mandir Kanpur,NA,92,10th,14/02/2007,25/03/2010,Full Time,Uttar Pradesh State Board,Radha Niketan College Kanpur,Electronics & Telecommunication,93,12th,14/03/2010,18/09/2014,Full Time,NITA,Motilal Nehru National Institute of Technology Allahabad,Electronics & Telecommunication,81,BE,20/07/2015,22/01/2018,Full Time,NITIE,NITIE Mumbai,Mining Engineering,87,ME,0,29/03/2017,19/09/2018,Full Time,Junior Technical Consultant,TCS,Manufacturing,AGRA,India,,,,,,,,,English,Good,Good,Good,Hindi,Good,Good,Good,Marathi,Good,Good,Good,Guddu,Software Engineer,London,8009800998,,,Naukri.com
88995,Major,Uday,Bhan,uday.bhan@mailinator.com028,7864823028,7894923645,13/04/1990,M,Single,PAN167694028,No,Behind Yaga Baba Hostel Baner,426194,KANPUR,India,579700,1340000,Mumbai,579000,2,1,30,12/06/2004,13/07/2006,Full Time,Uttar Pradesh State Board,Saraswati Vidya Mandir Kanpur,NA,92,10th,14/02/2007,25/03/2010,Full Time,Uttar Pradesh State Board,Radha Niketan College Kanpur,Electronics & Telecommunication,93,12th,14/03/2010,18/09/2014,Full Time,NITA,Motilal Nehru National Institute of Technology Allahabad,Electronics & Telecommunication,81,BE,20/07/2015,22/01/2018,Full Time,NITIE,NITIE Mumbai,Mining Engineering,87,ME,0,29/03/2017,19/09/2018,Full Time,Junior Technical Consultant,TCS,Manufacturing,AGRA,India,,,,,,,,,English,Good,Good,Good,Hindi,Good,Good,Good,Marathi,Good,Good,Good,Guddu,Software Engineer,London,8009800998,,,Naukri.com
88995,Major,Uday,Bhan,uday.bhan@mailinator.com029,7864823029,7894923645,13/04/1990,M,Single,PAN167694029,No,Behind Yaga Baba Hostel Baner,426194,KANPUR,India,579700,1340000,Mumbai,579000,2,1,30,12/06/2004,13/07/2006,Full Time,Uttar Pradesh State Board,Saraswati Vidya Mandir Kanpur,NA,92,10th,14/02/2007,25/03/2010,Full Time,Uttar Pradesh State Board,Radha Niketan College Kanpur,Electronics & Telecommunication,93,12th,14/03/2010,18/09/2014,Full Time,NITA,Motilal Nehru National Institute of Technology Allahabad,Electronics & Telecommunication,81,BE,20/07/2015,22/01/2018,Full Time,NITIE,NITIE Mumbai,Mining Engineering,87,ME,0,29/03/2017,19/09/2018,Full Time,Junior Technical Consultant,TCS,Manufacturing,AGRA,India,,,,,,,,,English,Good,Good,Good,Hindi,Good,Good,Good,Marathi,Good,Good,Good,Guddu,Software Engineer,London,8009800998,,,Naukri.com
88995,Major,Uday,Bhan,uday.bhan@mailinator.com030,7864823030,7894923645,13/04/1990,M,Single,PAN167694030,No,Behind Yaga Baba Hostel Baner,426194,KANPUR,India,579700,1340000,Mumbai,579000,2,1,30,12/06/2004,13/07/2006,Full Time,Uttar Pradesh State Board,Saraswati Vidya Mandir Kanpur,NA,92,10th,14/02/2007,25/03/2010,Full Time,Uttar Pradesh State Board,Radha Niketan College Kanpur,Electronics & Telecommunication,93,12th,14/03/2010,18/09/2014,Full Time,NITA,Motilal Nehru National Institute of Technology Allahabad,Electronics & Telecommunication,81,BE,20/07/2015,22/01/2018,Full Time,NITIE,NITIE Mumbai,Mining Engineering,87,ME,0,29/03/2017,19/09/2018,Full Time,Junior Technical Consultant,TCS,Manufacturing,AGRA,India,,,,,,,,,English,Good,Good,Good,Hindi,Good,Good,Good,Marathi,Good,Good,Good,Guddu,Software Engineer,London,8009800998,,,Naukri.com
88995,Major,Uday,Bhan,uday.bhan@mailinator.com031,7864823031,7894923645,13/04/1990,M,Single,PAN167694031,No,Behind Yaga Baba Hostel Baner,426194,KANPUR,India,579700,1340000,Mumbai,579000,2,1,30,12/06/2004,13/07/2006,Full Time,Uttar Pradesh State Board,Saraswati Vidya Mandir Kanpur,NA,92,10th,14/02/2007,25/03/2010,Full Time,Uttar Pradesh State Board,Radha Niketan College Kanpur,Electronics & Telecommunication,93,12th,14/03/2010,18/09/2014,Full Time,NITA,Motilal Nehru National Institute of Technology Allahabad,Electronics & Telecommunication,81,BE,20/07/2015,22/01/2018,Full Time,NITIE,NITIE Mumbai,Mining Engineering,87,ME,0,29/03/2017,19/09/2018,Full Time,Junior Technical Consultant,TCS,Manufacturing,AGRA,India,,,,,,,,,English,Good,Good,Good,Hindi,Good,Good,Good,Marathi,Good,Good,Good,Guddu,Software Engineer,London,8009800998,,,Naukri.com
88995,Major,Uday,Bhan,uday.bhan@mailinator.com032,7864823032,7894923645,13/04/1990,M,Single,PAN167694032,No,Behind Yaga Baba Hostel Baner,426194,KANPUR,India,579700,1340000,Mumbai,579000,2,1,30,12/06/2004,13/07/2006,Full Time,Uttar Pradesh State Board,Saraswati Vidya Mandir Kanpur,NA,92,10th,14/02/2007,25/03/2010,Full Time,Uttar Pradesh State Board,Radha Niketan College Kanpur,Electronics & Telecommunication,93,12th,14/03/2010,18/09/2014,Full Time,NITA,Motilal Nehru National Institute of Technology Allahabad,Electronics & Telecommunication,81,BE,20/07/2015,22/01/2018,Full Time,NITIE,NITIE Mumbai,Mining Engineering,87,ME,0,29/03/2017,19/09/2018,Full Time,Junior Technical Consultant,TCS,Manufacturing,AGRA,India,,,,,,,,,English,Good,Good,Good,Hindi,Good,Good,Good,Marathi,Good,Good,Good,Guddu,Software Engineer,London,8009800998,,,Naukri.com
88995,Major,Uday,Bhan,uday.bhan@mailinator.com033,7864823033,7894923645,13/04/1990,M,Single,PAN167694033,No,Behind Yaga Baba Hostel Baner,426194,KANPUR,India,579700,1340000,Mumbai,579000,2,1,30,12/06/2004,13/07/2006,Full Time,Uttar Pradesh State Board,Saraswati Vidya Mandir Kanpur,NA,92,10th,14/02/2007,25/03/2010,Full Time,Uttar Pradesh State Board,Radha Niketan College Kanpur,Electronics & Telecommunication,93,12th,14/03/2010,18/09/2014,Full Time,NITA,Motilal Nehru National Institute of Technology Allahabad,Electronics & Telecommunication,81,BE,20/07/2015,22/01/2018,Full Time,NITIE,NITIE Mumbai,Mining Engineering,87,ME,0,29/03/2017,19/09/2018,Full Time,Junior Technical Consultant,TCS,Manufacturing,AGRA,India,,,,,,,,,English,Good,Good,Good,Hindi,Good,Good,Good,Marathi,Good,Good,Good,Guddu,Software Engineer,London,8009800998,,,Naukri.com
88995,Major,Uday,Bhan,uday.bhan@mailinator.com034,7864823034,7894923645,13/04/1990,M,Single,PAN167694034,No,Behind Yaga Baba Hostel Baner,426194,KANPUR,India,579700,1340000,Mumbai,579000,2,1,30,12/06/2004,13/07/2006,Full Time,Uttar Pradesh State Board,Saraswati Vidya Mandir Kanpur,NA,92,10th,14/02/2007,25/03/2010,Full Time,Uttar Pradesh State Board,Radha Niketan College Kanpur,Electronics & Telecommunication,93,12th,14/03/2010,18/09/2014,Full Time,NITA,Motilal Nehru National Institute of Technology Allahabad,Electronics & Telecommunication,81,BE,20/07/2015,22/01/2018,Full Time,NITIE,NITIE Mumbai,Mining Engineering,87,ME,0,29/03/2017,19/09/2018,Full Time,Junior Technical Consultant,TCS,Manufacturing,AGRA,India,,,,,,,,,English,Good,Good,Good,Hindi,Good,Good,Good,Marathi,Good,Good,Good,Guddu,Software Engineer,London,8009800998,,,Naukri.com
88995,Major,Uday,Bhan,uday.bhan@mailinator.com035,7864823035,7894923645,13/04/1990,M,Single,PAN167694035,No,Behind Yaga Baba Hostel Baner,426194,KANPUR,India,579700,1340000,Mumbai,579000,2,1,30,12/06/2004,13/07/2006,Full Time,Uttar Pradesh State Board,Saraswati Vidya Mandir Kanpur,NA,92,10th,14/02/2007,25/03/2010,Full Time,Uttar Pradesh State Board,Radha Niketan College Kanpur,Electronics & Telecommunication,93,12th,14/03/2010,18/09/2014,Full Time,NITA,Motilal Nehru National Institute of Technology Allahabad,Electronics & Telecommunication,81,BE,20/07/2015,22/01/2018,Full Time,NITIE,NITIE Mumbai,Mining Engineering,87,ME,0,29/03/2017,19/09/2018,Full Time,Junior Technical Consultant,TCS,Manufacturing,AGRA,India,,,,,,,,,English,Good,Good,Good,Hindi,Good,Good,Good,Marathi,Good,Good,Good,Guddu,Software Engineer,London,8009800998,,,Naukri.com
88995,Major,Uday,Bhan,uday.bhan@mailinator.com036,7864823036,7894923645,13/04/1990,M,Single,PAN167694036,No,Behind Yaga Baba Hostel Baner,426194,KANPUR,India,579700,1340000,Mumbai,579000,2,1,30,12/06/2004,13/07/2006,Full Time,Uttar Pradesh State Board,Saraswati Vidya Mandir Kanpur,NA,92,10th,14/02/2007,25/03/2010,Full Time,Uttar Pradesh State Board,Radha Niketan College Kanpur,Electronics & Telecommunication,93,12th,14/03/2010,18/09/2014,Full Time,NITA,Motilal Nehru National Institute of Technology Allahabad,Electronics & Telecommunication,81,BE,20/07/2015,22/01/2018,Full Time,NITIE,NITIE Mumbai,Mining Engineering,87,ME,0,29/03/2017,19/09/2018,Full Time,Junior Technical Consultant,TCS,Manufacturing,AGRA,India,,,,,,,,,English,Good,Good,Good,Hindi,Good,Good,Good,Marathi,Good,Good,Good,Guddu,Software Engineer,London,8009800998,,,Naukri.com
88995,Major,Uday,Bhan,uday.bhan@mailinator.com037,7864823037,7894923645,13/04/1990,M,Single,PAN167694037,No,Behind Yaga Baba Hostel Baner,426194,KANPUR,India,579700,1340000,Mumbai,579000,2,1,30,12/06/2004,13/07/2006,Full Time,Uttar Pradesh State Board,Saraswati Vidya Mandir Kanpur,NA,92,10th,14/02/2007,25/03/2010,Full Time,Uttar Pradesh State Board,Radha Niketan College Kanpur,Electronics & Telecommunication,93,12th,14/03/2010,18/09/2014,Full Time,NITA,Motilal Nehru National Institute of Technology Allahabad,Electronics & Telecommunication,81,BE,20/07/2015,22/01/2018,Full Time,NITIE,NITIE Mumbai,Mining Engineering,87,ME,0,29/03/2017,19/09/2018,Full Time,Junior Technical Consultant,TCS,Manufacturing,AGRA,India,,,,,,,,,English,Good,Good,Good,Hindi,Good,Good,Good,Marathi,Good,Good,Good,Guddu,Software Engineer,London,8009800998,,,Naukri.com
88995,Major,Uday,Bhan,uday.bhan@mailinator.com038,7864823038,7894923645,13/04/1990,M,Single,PAN167694038,No,Behind Yaga Baba Hostel Baner,426194,KANPUR,India,579700,1340000,Mumbai,579000,2,1,30,12/06/2004,13/07/2006,Full Time,Uttar Pradesh State Board,Saraswati Vidya Mandir Kanpur,NA,92,10th,14/02/2007,25/03/2010,Full Time,Uttar Pradesh State Board,Radha Niketan College Kanpur,Electronics & Telecommunication,93,12th,14/03/2010,18/09/2014,Full Time,NITA,Motilal Nehru National Institute of Technology Allahabad,Electronics & Telecommunication,81,BE,20/07/2015,22/01/2018,Full Time,NITIE,NITIE Mumbai,Mining Engineering,87,ME,0,29/03/2017,19/09/2018,Full Time,Junior Technical Consultant,TCS,Manufacturing,AGRA,India,,,,,,,,,English,Good,Good,Good,Hindi,Good,Good,Good,Marathi,Good,Good,Good,Guddu,Software Engineer,London,8009800998,,,Naukri.com
88995,Major,Uday,Bhan,uday.bhan@mailinator.com039,7864823039,7894923645,13/04/1990,M,Single,PAN167694039,No,Behind Yaga Baba Hostel Baner,426194,KANPUR,India,579700,1340000,Mumbai,579000,2,1,30,12/06/2004,13/07/2006,Full Time,Uttar Pradesh State Board,Saraswati Vidya Mandir Kanpur,NA,92,10th,14/02/2007,25/03/2010,Full Time,Uttar Pradesh State Board,Radha Niketan College Kanpur,Electronics & Telecommunication,93,12th,14/03/2010,18/09/2014,Full Time,NITA,Motilal Nehru National Institute of Technology Allahabad,Electronics & Telecommunication,81,BE,20/07/2015,22/01/2018,Full Time,NITIE,NITIE Mumbai,Mining Engineering,87,ME,0,29/03/2017,19/09/2018,Full Time,Junior Technical Consultant,TCS,Manufacturing,AGRA,India,,,,,,,,,English,Good,Good,Good,Hindi,Good,Good,Good,Marathi,Good,Good,Good,Guddu,Software Engineer,London,8009800998,,,Naukri.com
88995,Major,Uday,Bhan,uday.bhan@mailinator.com040,7864823040,7894923645,13/04/1990,M,Single,PAN167694040,No,Behind Yaga Baba Hostel Baner,426194,KANPUR,India,579700,1340000,Mumbai,579000,2,1,30,12/06/2004,13/07/2006,Full Time,Uttar Pradesh State Board,Saraswati Vidya Mandir Kanpur,NA,92,10th,14/02/2007,25/03/2010,Full Time,Uttar Pradesh State Board,Radha Niketan College Kanpur,Electronics & Telecommunication,93,12th,14/03/2010,18/09/2014,Full Time,NITA,Motilal Nehru National Institute of Technology Allahabad,Electronics & Telecommunication,81,BE,20/07/2015,22/01/2018,Full Time,NITIE,NITIE Mumbai,Mining Engineering,87,ME,0,29/03/2017,19/09/2018,Full Time,Junior Technical Consultant,TCS,Manufacturing,AGRA,India,,,,,,,,,English,Good,Good,Good,Hindi,Good,Good,Good,Marathi,Good,Good,Good,Guddu,Software Engineer,London,8009800998,,,Naukri.com
88995,Major,Uday,Bhan,uday.bhan@mailinator.com041,7864823041,7894923645,13/04/1990,M,Single,PAN167694041,No,Behind Yaga Baba Hostel Baner,426194,KANPUR,India,579700,1340000,Mumbai,579000,2,1,30,12/06/2004,13/07/2006,Full Time,Uttar Pradesh State Board,Saraswati Vidya Mandir Kanpur,NA,92,10th,14/02/2007,25/03/2010,Full Time,Uttar Pradesh State Board,Radha Niketan College Kanpur,Electronics & Telecommunication,93,12th,14/03/2010,18/09/2014,Full Time,NITA,Motilal Nehru National Institute of Technology Allahabad,Electronics & Telecommunication,81,BE,20/07/2015,22/01/2018,Full Time,NITIE,NITIE Mumbai,Mining Engineering,87,ME,0,29/03/2017,19/09/2018,Full Time,Junior Technical Consultant,TCS,Manufacturing,AGRA,India,,,,,,,,,English,Good,Good,Good,Hindi,Good,Good,Good,Marathi,Good,Good,Good,Guddu,Software Engineer,London,8009800998,,,Naukri.com
88995,Major,Uday,Bhan,uday.bhan@mailinator.com042,7864823042,7894923645,13/04/1990,M,Single,PAN167694042,No,Behind Yaga Baba Hostel Baner,426194,KANPUR,India,579700,1340000,Mumbai,579000,2,1,30,12/06/2004,13/07/2006,Full Time,Uttar Pradesh State Board,Saraswati Vidya Mandir Kanpur,NA,92,10th,14/02/2007,25/03/2010,Full Time,Uttar Pradesh State Board,Radha Niketan College Kanpur,Electronics & Telecommunication,93,12th,14/03/2010,18/09/2014,Full Time,NITA,Motilal Nehru National Institute of Technology Allahabad,Electronics & Telecommunication,81,BE,20/07/2015,22/01/2018,Full Time,NITIE,NITIE Mumbai,Mining Engineering,87,ME,0,29/03/2017,19/09/2018,Full Time,Junior Technical Consultant,TCS,Manufacturing,AGRA,India,,,,,,,,,English,Good,Good,Good,Hindi,Good,Good,Good,Marathi,Good,Good,Good,Guddu,Software Engineer,London,8009800998,,,Naukri.com
88995,Major,Uday,Bhan,uday.bhan@mailinator.com043,7864823043,7894923645,13/04/1990,M,Single,PAN167694043,No,Behind Yaga Baba Hostel Baner,426194,KANPUR,India,579700,1340000,Mumbai,579000,2,1,30,12/06/2004,13/07/2006,Full Time,Uttar Pradesh State Board,Saraswati Vidya Mandir Kanpur,NA,92,10th,14/02/2007,25/03/2010,Full Time,Uttar Pradesh State Board,Radha Niketan College Kanpur,Electronics & Telecommunication,93,12th,14/03/2010,18/09/2014,Full Time,NITA,Motilal Nehru National Institute of Technology Allahabad,Electronics & Telecommunication,81,BE,20/07/2015,22/01/2018,Full Time,NITIE,NITIE Mumbai,Mining Engineering,87,ME,0,29/03/2017,19/09/2018,Full Time,Junior Technical Consultant,TCS,Manufacturing,AGRA,India,,,,,,,,,English,Good,Good,Good,Hindi,Good,Good,Good,Marathi,Good,Good,Good,Guddu,Software Engineer,London,8009800998,,,Naukri.com
88995,Major,Uday,Bhan,uday.bhan@mailinator.com044,7864823044,7894923645,13/04/1990,M,Single,PAN167694044,No,Behind Yaga Baba Hostel Baner,426194,KANPUR,India,579700,1340000,Mumbai,579000,2,1,30,12/06/2004,13/07/2006,Full Time,Uttar Pradesh State Board,Saraswati Vidya Mandir Kanpur,NA,92,10th,14/02/2007,25/03/2010,Full Time,Uttar Pradesh State Board,Radha Niketan College Kanpur,Electronics & Telecommunication,93,12th,14/03/2010,18/09/2014,Full Time,NITA,Motilal Nehru National Institute of Technology Allahabad,Electronics & Telecommunication,81,BE,20/07/2015,22/01/2018,Full Time,NITIE,NITIE Mumbai,Mining Engineering,87,ME,0,29/03/2017,19/09/2018,Full Time,Junior Technical Consultant,TCS,Manufacturing,AGRA,India,,,,,,,,,English,Good,Good,Good,Hindi,Good,Good,Good,Marathi,Good,Good,Good,Guddu,Software Engineer,London,8009800998,,,Naukri.com
88995,Major,Uday,Bhan,uday.bhan@mailinator.com045,7864823045,7894923645,13/04/1990,M,Single,PAN167694045,No,Behind Yaga Baba Hostel Baner,426194,KANPUR,India,579700,1340000,Mumbai,579000,2,1,30,12/06/2004,13/07/2006,Full Time,Uttar Pradesh State Board,Saraswati Vidya Mandir Kanpur,NA,92,10th,14/02/2007,25/03/2010,Full Time,Uttar Pradesh State Board,Radha Niketan College Kanpur,Electronics & Telecommunication,93,12th,14/03/2010,18/09/2014,Full Time,NITA,Motilal Nehru National Institute of Technology Allahabad,Electronics & Telecommunication,81,BE,20/07/2015,22/01/2018,Full Time,NITIE,NITIE Mumbai,Mining Engineering,87,ME,0,29/03/2017,19/09/2018,Full Time,Junior Technical Consultant,TCS,Manufacturing,AGRA,India,,,,,,,,,English,Good,Good,Good,Hindi,Good,Good,Good,Marathi,Good,Good,Good,Guddu,Software Engineer,London,8009800998,,,Naukri.com
88995,Major,Uday,Bhan,uday.bhan@mailinator.com046,7864823046,7894923645,13/04/1990,M,Single,PAN167694046,No,Behind Yaga Baba Hostel Baner,426194,KANPUR,India,579700,1340000,Mumbai,579000,2,1,30,12/06/2004,13/07/2006,Full Time,Uttar Pradesh State Board,Saraswati Vidya Mandir Kanpur,NA,92,10th,14/02/2007,25/03/2010,Full Time,Uttar Pradesh State Board,Radha Niketan College Kanpur,Electronics & Telecommunication,93,12th,14/03/2010,18/09/2014,Full Time,NITA,Motilal Nehru National Institute of Technology Allahabad,Electronics & Telecommunication,81,BE,20/07/2015,22/01/2018,Full Time,NITIE,NITIE Mumbai,Mining Engineering,87,ME,0,29/03/2017,19/09/2018,Full Time,Junior Technical Consultant,TCS,Manufacturing,AGRA,India,,,,,,,,,English,Good,Good,Good,Hindi,Good,Good,Good,Marathi,Good,Good,Good,Guddu,Software Engineer,London,8009800998,,,Naukri.com
88995,Major,Uday,Bhan,uday.bhan@mailinator.com047,7864823047,7894923645,13/04/1990,M,Single,PAN167694047,No,Behind Yaga Baba Hostel Baner,426194,KANPUR,India,579700,1340000,Mumbai,579000,2,1,30,12/06/2004,13/07/2006,Full Time,Uttar Pradesh State Board,Saraswati Vidya Mandir Kanpur,NA,92,10th,14/02/2007,25/03/2010,Full Time,Uttar Pradesh State Board,Radha Niketan College Kanpur,Electronics & Telecommunication,93,12th,14/03/2010,18/09/2014,Full Time,NITA,Motilal Nehru National Institute of Technology Allahabad,Electronics & Telecommunication,81,BE,20/07/2015,22/01/2018,Full Time,NITIE,NITIE Mumbai,Mining Engineering,87,ME,0,29/03/2017,19/09/2018,Full Time,Junior Technical Consultant,TCS,Manufacturing,AGRA,India,,,,,,,,,English,Good,Good,Good,Hindi,Good,Good,Good,Marathi,Good,Good,Good,Guddu,Software Engineer,London,8009800998,,,Naukri.com
88995,Major,Uday,Bhan,uday.bhan@mailinator.com048,7864823048,7894923645,13/04/1990,M,Single,PAN167694048,No,Behind Yaga Baba Hostel Baner,426194,KANPUR,India,579700,1340000,Mumbai,579000,2,1,30,12/06/2004,13/07/2006,Full Time,Uttar Pradesh State Board,Saraswati Vidya Mandir Kanpur,NA,92,10th,14/02/2007,25/03/2010,Full Time,Uttar Pradesh State Board,Radha Niketan College Kanpur,Electronics & Telecommunication,93,12th,14/03/2010,18/09/2014,Full Time,NITA,Motilal Nehru National Institute of Technology Allahabad,Electronics & Telecommunication,81,BE,20/07/2015,22/01/2018,Full Time,NITIE,NITIE Mumbai,Mining Engineering,87,ME,0,29/03/2017,19/09/2018,Full Time,Junior Technical Consultant,TCS,Manufacturing,AGRA,India,,,,,,,,,English,Good,Good,Good,Hindi,Good,Good,Good,Marathi,Good,Good,Good,Guddu,Software Engineer,London,8009800998,,,Naukri.com
88995,Major,Uday,Bhan,uday.bhan@mailinator.com049,7864823049,7894923645,13/04/1990,M,Single,PAN167694049,No,Behind Yaga Baba Hostel Baner,426194,KANPUR,India,579700,1340000,Mumbai,579000,2,1,30,12/06/2004,13/07/2006,Full Time,Uttar Pradesh State Board,Saraswati Vidya Mandir Kanpur,NA,92,10th,14/02/2007,25/03/2010,Full Time,Uttar Pradesh State Board,Radha Niketan College Kanpur,Electronics & Telecommunication,93,12th,14/03/2010,18/09/2014,Full Time,NITA,Motilal Nehru National Institute of Technology Allahabad,Electronics & Telecommunication,81,BE,20/07/2015,22/01/2018,Full Time,NITIE,NITIE Mumbai,Mining Engineering,87,ME,0,29/03/2017,19/09/2018,Full Time,Junior Technical Consultant,TCS,Manufacturing,AGRA,India,,,,,,,,,English,Good,Good,Good,Hindi,Good,Good,Good,Marathi,Good,Good,Good,Guddu,Software Engineer,London,8009800998,,,Naukri.com
88995,Major,Uday,Bhan,uday.bhan@mailinator.com050,7864823050,7894923645,13/04/1990,M,Single,PAN167694050,No,Behind Yaga Baba Hostel Baner,426194,KANPUR,India,579700,1340000,Mumbai,579000,2,1,30,12/06/2004,13/07/2006,Full Time,Uttar Pradesh State Board,Saraswati Vidya Mandir Kanpur,NA,92,10th,14/02/2007,25/03/2010,Full Time,Uttar Pradesh State Board,Radha Niketan College Kanpur,Electronics & Telecommunication,93,12th,14/03/2010,18/09/2014,Full Time,NITA,Motilal Nehru National Institute of Technology Allahabad,Electronics & Telecommunication,81,BE,20/07/2015,22/01/2018,Full Time,NITIE,NITIE Mumbai,Mining Engineering,87,ME,0,29/03/2017,19/09/2018,Full Time,Junior Technical Consultant,TCS,Manufacturing,AGRA,India,,,,,,,,,English,Good,Good,Good,Hindi,Good,Good,Good,Marathi,Good,Good,Good,Guddu,Software Engineer,London,8009800998,,,Naukri.com
88995,Major,Uday,Bhan,uday.bhan@mailinator.com051,7864823051,7894923645,13/04/1990,M,Single,PAN167694051,No,Behind Yaga Baba Hostel Baner,426194,KANPUR,India,579700,1340000,Mumbai,579000,2,1,30,12/06/2004,13/07/2006,Full Time,Uttar Pradesh State Board,Saraswati Vidya Mandir Kanpur,NA,92,10th,14/02/2007,25/03/2010,Full Time,Uttar Pradesh State Board,Radha Niketan College Kanpur,Electronics & Telecommunication,93,12th,14/03/2010,18/09/2014,Full Time,NITA,Motilal Nehru National Institute of Technology Allahabad,Electronics & Telecommunication,81,BE,20/07/2015,22/01/2018,Full Time,NITIE,NITIE Mumbai,Mining Engineering,87,ME,0,29/03/2017,19/09/2018,Full Time,Junior Technical Consultant,TCS,Manufacturing,AGRA,India,,,,,,,,,English,Good,Good,Good,Hindi,Good,Good,Good,Marathi,Good,Good,Good,Guddu,Software Engineer,London,8009800998,,,Naukri.com
88995,Major,Uday,Bhan,uday.bhan@mailinator.com052,7864823052,7894923645,13/04/1990,M,Single,PAN167694052,No,Behind Yaga Baba Hostel Baner,426194,KANPUR,India,579700,1340000,Mumbai,579000,2,1,30,12/06/2004,13/07/2006,Full Time,Uttar Pradesh State Board,Saraswati Vidya Mandir Kanpur,NA,92,10th,14/02/2007,25/03/2010,Full Time,Uttar Pradesh State Board,Radha Niketan College Kanpur,Electronics & Telecommunication,93,12th,14/03/2010,18/09/2014,Full Time,NITA,Motilal Nehru National Institute of Technology Allahabad,Electronics & Telecommunication,81,BE,20/07/2015,22/01/2018,Full Time,NITIE,NITIE Mumbai,Mining Engineering,87,ME,0,29/03/2017,19/09/2018,Full Time,Junior Technical Consultant,TCS,Manufacturing,AGRA,India,,,,,,,,,English,Good,Good,Good,Hindi,Good,Good,Good,Marathi,Good,Good,Good,Guddu,Software Engineer,London,8009800998,,,Naukri.com
88995,Major,Uday,Bhan,uday.bhan@mailinator.com053,7864823053,7894923645,13/04/1990,M,Single,PAN167694053,No,Behind Yaga Baba Hostel Baner,426194,KANPUR,India,579700,1340000,Mumbai,579000,2,1,30,12/06/2004,13/07/2006,Full Time,Uttar Pradesh State Board,Saraswati Vidya Mandir Kanpur,NA,92,10th,14/02/2007,25/03/2010,Full Time,Uttar Pradesh State Board,Radha Niketan College Kanpur,Electronics & Telecommunication,93,12th,14/03/2010,18/09/2014,Full Time,NITA,Motilal Nehru National Institute of Technology Allahabad,Electronics & Telecommunication,81,BE,20/07/2015,22/01/2018,Full Time,NITIE,NITIE Mumbai,Mining Engineering,87,ME,0,29/03/2017,19/09/2018,Full Time,Junior Technical Consultant,TCS,Manufacturing,AGRA,India,,,,,,,,,English,Good,Good,Good,Hindi,Good,Good,Good,Marathi,Good,Good,Good,Guddu,Software Engineer,London,8009800998,,,Naukri.com
88995,Major,Uday,Bhan,uday.bhan@mailinator.com054,7864823054,7894923645,13/04/1990,M,Single,PAN167694054,No,Behind Yaga Baba Hostel Baner,426194,KANPUR,India,579700,1340000,Mumbai,579000,2,1,30,12/06/2004,13/07/2006,Full Time,Uttar Pradesh State Board,Saraswati Vidya Mandir Kanpur,NA,92,10th,14/02/2007,25/03/2010,Full Time,Uttar Pradesh State Board,Radha Niketan College Kanpur,Electronics & Telecommunication,93,12th,14/03/2010,18/09/2014,Full Time,NITA,Motilal Nehru National Institute of Technology Allahabad,Electronics & Telecommunication,81,BE,20/07/2015,22/01/2018,Full Time,NITIE,NITIE Mumbai,Mining Engineering,87,ME,0,29/03/2017,19/09/2018,Full Time,Junior Technical Consultant,TCS,Manufacturing,AGRA,India,,,,,,,,,English,Good,Good,Good,Hindi,Good,Good,Good,Marathi,Good,Good,Good,Guddu,Software Engineer,London,8009800998,,,Naukri.com
88995,Major,Uday,Bhan,uday.bhan@mailinator.com055,7864823055,7894923645,13/04/1990,M,Single,PAN167694055,No,Behind Yaga Baba Hostel Baner,426194,KANPUR,India,579700,1340000,Mumbai,579000,2,1,30,12/06/2004,13/07/2006,Full Time,Uttar Pradesh State Board,Saraswati Vidya Mandir Kanpur,NA,92,10th,14/02/2007,25/03/2010,Full Time,Uttar Pradesh State Board,Radha Niketan College Kanpur,Electronics & Telecommunication,93,12th,14/03/2010,18/09/2014,Full Time,NITA,Motilal Nehru National Institute of Technology Allahabad,Electronics & Telecommunication,81,BE,20/07/2015,22/01/2018,Full Time,NITIE,NITIE Mumbai,Mining Engineering,87,ME,0,29/03/2017,19/09/2018,Full Time,Junior Technical Consultant,TCS,Manufacturing,AGRA,India,,,,,,,,,English,Good,Good,Good,Hindi,Good,Good,Good,Marathi,Good,Good,Good,Guddu,Software Engineer,London,8009800998,,,Naukri.com
88995,Major,Uday,Bhan,uday.bhan@mailinator.com056,7864823056,7894923645,13/04/1990,M,Single,PAN167694056,No,Behind Yaga Baba Hostel Baner,426194,KANPUR,India,579700,1340000,Mumbai,579000,2,1,30,12/06/2004,13/07/2006,Full Time,Uttar Pradesh State Board,Saraswati Vidya Mandir Kanpur,NA,92,10th,14/02/2007,25/03/2010,Full Time,Uttar Pradesh State Board,Radha Niketan College Kanpur,Electronics & Telecommunication,93,12th,14/03/2010,18/09/2014,Full Time,NITA,Motilal Nehru National Institute of Technology Allahabad,Electronics & Telecommunication,81,BE,20/07/2015,22/01/2018,Full Time,NITIE,NITIE Mumbai,Mining Engineering,87,ME,0,29/03/2017,19/09/2018,Full Time,Junior Technical Consultant,TCS,Manufacturing,AGRA,India,,,,,,,,,English,Good,Good,Good,Hindi,Good,Good,Good,Marathi,Good,Good,Good,Guddu,Software Engineer,London,8009800998,,,Naukri.com
88995,Major,Uday,Bhan,uday.bhan@mailinator.com057,7864823057,7894923645,13/04/1990,M,Single,PAN167694057,No,Behind Yaga Baba Hostel Baner,426194,KANPUR,India,579700,1340000,Mumbai,579000,2,1,30,12/06/2004,13/07/2006,Full Time,Uttar Pradesh State Board,Saraswati Vidya Mandir Kanpur,NA,92,10th,14/02/2007,25/03/2010,Full Time,Uttar Pradesh State Board,Radha Niketan College Kanpur,Electronics & Telecommunication,93,12th,14/03/2010,18/09/2014,Full Time,NITA,Motilal Nehru National Institute of Technology Allahabad,Electronics & Telecommunication,81,BE,20/07/2015,22/01/2018,Full Time,NITIE,NITIE Mumbai,Mining Engineering,87,ME,0,29/03/2017,19/09/2018,Full Time,Junior Technical Consultant,TCS,Manufacturing,AGRA,India,,,,,,,,,English,Good,Good,Good,Hindi,Good,Good,Good,Marathi,Good,Good,Good,Guddu,Software Engineer,London,8009800998,,,Naukri.com
88995,Major,Uday,Bhan,uday.bhan@mailinator.com058,7864823058,7894923645,13/04/1990,M,Single,PAN167694058,No,Behind Yaga Baba Hostel Baner,426194,KANPUR,India,579700,1340000,Mumbai,579000,2,1,30,12/06/2004,13/07/2006,Full Time,Uttar Pradesh State Board,Saraswati Vidya Mandir Kanpur,NA,92,10th,14/02/2007,25/03/2010,Full Time,Uttar Pradesh State Board,Radha Niketan College Kanpur,Electronics & Telecommunication,93,12th,14/03/2010,18/09/2014,Full Time,NITA,Motilal Nehru National Institute of Technology Allahabad,Electronics & Telecommunication,81,BE,20/07/2015,22/01/2018,Full Time,NITIE,NITIE Mumbai,Mining Engineering,87,ME,0,29/03/2017,19/09/2018,Full Time,Junior Technical Consultant,TCS,Manufacturing,AGRA,India,,,,,,,,,English,Good,Good,Good,Hindi,Good,Good,Good,Marathi,Good,Good,Good,Guddu,Software Engineer,London,8009800998,,,Naukri.com
88995,Major,Uday,Bhan,uday.bhan@mailinator.com059,7864823059,7894923645,13/04/1990,M,Single,PAN167694059,No,Behind Yaga Baba Hostel Baner,426194,KANPUR,India,579700,1340000,Mumbai,579000,2,1,30,12/06/2004,13/07/2006,Full Time,Uttar Pradesh State Board,Saraswati Vidya Mandir Kanpur,NA,92,10th,14/02/2007,25/03/2010,Full Time,Uttar Pradesh State Board,Radha Niketan College Kanpur,Electronics & Telecommunication,93,12th,14/03/2010,18/09/2014,Full Time,NITA,Motilal Nehru National Institute of Technology Allahabad,Electronics & Telecommunication,81,BE,20/07/2015,22/01/2018,Full Time,NITIE,NITIE Mumbai,Mining Engineering,87,ME,0,29/03/2017,19/09/2018,Full Time,Junior Technical Consultant,TCS,Manufacturing,AGRA,India,,,,,,,,,English,Good,Good,Good,Hindi,Good,Good,Good,Marathi,Good,Good,Good,Guddu,Software Engineer,London,8009800998,,,Naukri.com
88995,Major,Uday,Bhan,uday.bhan@mailinator.com060,7864823060,7894923645,13/04/1990,M,Single,PAN167694060,No,Behind Yaga Baba Hostel Baner,426194,KANPUR,India,579700,1340000,Mumbai,579000,2,1,30,12/06/2004,13/07/2006,Full Time,Uttar Pradesh State Board,Saraswati Vidya Mandir Kanpur,NA,92,10th,14/02/2007,25/03/2010,Full Time,Uttar Pradesh State Board,Radha Niketan College Kanpur,Electronics & Telecommunication,93,12th,14/03/2010,18/09/2014,Full Time,NITA,Motilal Nehru National Institute of Technology Allahabad,Electronics & Telecommunication,81,BE,20/07/2015,22/01/2018,Full Time,NITIE,NITIE Mumbai,Mining Engineering,87,ME,0,29/03/2017,19/09/2018,Full Time,Junior Technical Consultant,TCS,Manufacturing,AGRA,India,,,,,,,,,English,Good,Good,Good,Hindi,Good,Good,Good,Marathi,Good,Good,Good,Guddu,Software Engineer,London,8009800998,,,Naukri.com
88995,Major,Uday,Bhan,uday.bhan@mailinator.com061,7864823061,7894923645,13/04/1990,M,Single,PAN167694061,No,Behind Yaga Baba Hostel Baner,426194,KANPUR,India,579700,1340000,Mumbai,579000,2,1,30,12/06/2004,13/07/2006,Full Time,Uttar Pradesh State Board,Saraswati Vidya Mandir Kanpur,NA,92,10th,14/02/2007,25/03/2010,Full Time,Uttar Pradesh State Board,Radha Niketan College Kanpur,Electronics & Telecommunication,93,12th,14/03/2010,18/09/2014,Full Time,NITA,Motilal Nehru National Institute of Technology Allahabad,Electronics & Telecommunication,81,BE,20/07/2015,22/01/2018,Full Time,NITIE,NITIE Mumbai,Mining Engineering,87,ME,0,29/03/2017,19/09/2018,Full Time,Junior Technical Consultant,TCS,Manufacturing,AGRA,India,,,,,,,,,English,Good,Good,Good,Hindi,Good,Good,Good,Marathi,Good,Good,Good,Guddu,Software Engineer,London,8009800998,,,Naukri.com
88995,Major,Uday,Bhan,uday.bhan@mailinator.com062,7864823062,7894923645,13/04/1990,M,Single,PAN167694062,No,Behind Yaga Baba Hostel Baner,426194,KANPUR,India,579700,1340000,Mumbai,579000,2,1,30,12/06/2004,13/07/2006,Full Time,Uttar Pradesh State Board,Saraswati Vidya Mandir Kanpur,NA,92,10th,14/02/2007,25/03/2010,Full Time,Uttar Pradesh State Board,Radha Niketan College Kanpur,Electronics & Telecommunication,93,12th,14/03/2010,18/09/2014,Full Time,NITA,Motilal Nehru National Institute of Technology Allahabad,Electronics & Telecommunication,81,BE,20/07/2015,22/01/2018,Full Time,NITIE,NITIE Mumbai,Mining Engineering,87,ME,0,29/03/2017,19/09/2018,Full Time,Junior Technical Consultant,TCS,Manufacturing,AGRA,India,,,,,,,,,English,Good,Good,Good,Hindi,Good,Good,Good,Marathi,Good,Good,Good,Guddu,Software Engineer,London,8009800998,,,Naukri.com
88995,Major,Uday,Bhan,uday.bhan@mailinator.com063,7864823063,7894923645,13/04/1990,M,Single,PAN167694063,No,Behind Yaga Baba Hostel Baner,426194,KANPUR,India,579700,1340000,Mumbai,579000,2,1,30,12/06/2004,13/07/2006,Full Time,Uttar Pradesh State Board,Saraswati Vidya Mandir Kanpur,NA,92,10th,14/02/2007,25/03/2010,Full Time,Uttar Pradesh State Board,Radha Niketan College Kanpur,Electronics & Telecommunication,93,12th,14/03/2010,18/09/2014,Full Time,NITA,Motilal Nehru National Institute of Technology Allahabad,Electronics & Telecommunication,81,BE,20/07/2015,22/01/2018,Full Time,NITIE,NITIE Mumbai,Mining Engineering,87,ME,0,29/03/2017,19/09/2018,Full Time,Junior Technical Consultant,TCS,Manufacturing,AGRA,India,,,,,,,,,English,Good,Good,Good,Hindi,Good,Good,Good,Marathi,Good,Good,Good,Guddu,Software Engineer,London,8009800998,,,Naukri.com
88995,Major,Uday,Bhan,uday.bhan@mailinator.com064,7864823064,7894923645,13/04/1990,M,Single,PAN167694064,No,Behind Yaga Baba Hostel Baner,426194,KANPUR,India,579700,1340000,Mumbai,579000,2,1,30,12/06/2004,13/07/2006,Full Time,Uttar Pradesh State Board,Saraswati Vidya Mandir Kanpur,NA,92,10th,14/02/2007,25/03/2010,Full Time,Uttar Pradesh State Board,Radha Niketan College Kanpur,Electronics & Telecommunication,93,12th,14/03/2010,18/09/2014,Full Time,NITA,Motilal Nehru National Institute of Technology Allahabad,Electronics & Telecommunication,81,BE,20/07/2015,22/01/2018,Full Time,NITIE,NITIE Mumbai,Mining Engineering,87,ME,0,29/03/2017,19/09/2018,Full Time,Junior Technical Consultant,TCS,Manufacturing,AGRA,India,,,,,,,,,English,Good,Good,Good,Hindi,Good,Good,Good,Marathi,Good,Good,Good,Guddu,Software Engineer,London,8009800998,,,Naukri.com
88995,Major,Uday,Bhan,uday.bhan@mailinator.com065,7864823065,7894923645,13/04/1990,M,Single,PAN167694065,No,Behind Yaga Baba Hostel Baner,426194,KANPUR,India,579700,1340000,Mumbai,579000,2,1,30,12/06/2004,13/07/2006,Full Time,Uttar Pradesh State Board,Saraswati Vidya Mandir Kanpur,NA,92,10th,14/02/2007,25/03/2010,Full Time,Uttar Pradesh State Board,Radha Niketan College Kanpur,Electronics & Telecommunication,93,12th,14/03/2010,18/09/2014,Full Time,NITA,Motilal Nehru National Institute of Technology Allahabad,Electronics & Telecommunication,81,BE,20/07/2015,22/01/2018,Full Time,NITIE,NITIE Mumbai,Mining Engineering,87,ME,0,29/03/2017,19/09/2018,Full Time,Junior Technical Consultant,TCS,Manufacturing,AGRA,India,,,,,,,,,English,Good,Good,Good,Hindi,Good,Good,Good,Marathi,Good,Good,Good,Guddu,Software Engineer,London,8009800998,,,Naukri.com
88995,Major,Uday,Bhan,uday.bhan@mailinator.com066,7864823066,7894923645,13/04/1990,M,Single,PAN167694066,No,Behind Yaga Baba Hostel Baner,426194,KANPUR,India,579700,1340000,Mumbai,579000,2,1,30,12/06/2004,13/07/2006,Full Time,Uttar Pradesh State Board,Saraswati Vidya Mandir Kanpur,NA,92,10th,14/02/2007,25/03/2010,Full Time,Uttar Pradesh State Board,Radha Niketan College Kanpur,Electronics & Telecommunication,93,12th,14/03/2010,18/09/2014,Full Time,NITA,Motilal Nehru National Institute of Technology Allahabad,Electronics & Telecommunication,81,BE,20/07/2015,22/01/2018,Full Time,NITIE,NITIE Mumbai,Mining Engineering,87,ME,0,29/03/2017,19/09/2018,Full Time,Junior Technical Consultant,TCS,Manufacturing,AGRA,India,,,,,,,,,English,Good,Good,Good,Hindi,Good,Good,Good,Marathi,Good,Good,Good,Guddu,Software Engineer,London,8009800998,,,Naukri.com
88995,Major,Uday,Bhan,uday.bhan@mailinator.com067,7864823067,7894923645,13/04/1990,M,Single,PAN167694067,No,Behind Yaga Baba Hostel Baner,426194,KANPUR,India,579700,1340000,Mumbai,579000,2,1,30,12/06/2004,13/07/2006,Full Time,Uttar Pradesh State Board,Saraswati Vidya Mandir Kanpur,NA,92,10th,14/02/2007,25/03/2010,Full Time,Uttar Pradesh State Board,Radha Niketan College Kanpur,Electronics & Telecommunication,93,12th,14/03/2010,18/09/2014,Full Time,NITA,Motilal Nehru National Institute of Technology Allahabad,Electronics & Telecommunication,81,BE,20/07/2015,22/01/2018,Full Time,NITIE,NITIE Mumbai,Mining Engineering,87,ME,0,29/03/2017,19/09/2018,Full Time,Junior Technical Consultant,TCS,Manufacturing,AGRA,India,,,,,,,,,English,Good,Good,Good,Hindi,Good,Good,Good,Marathi,Good,Good,Good,Guddu,Software Engineer,London,8009800998,,,Naukri.com
88995,Major,Uday,Bhan,uday.bhan@mailinator.com068,7864823068,7894923645,13/04/1990,M,Single,PAN167694068,No,Behind Yaga Baba Hostel Baner,426194,KANPUR,India,579700,1340000,Mumbai,579000,2,1,30,12/06/2004,13/07/2006,Full Time,Uttar Pradesh State Board,Saraswati Vidya Mandir Kanpur,NA,92,10th,14/02/2007,25/03/2010,Full Time,Uttar Pradesh State Board,Radha Niketan College Kanpur,Electronics & Telecommunication,93,12th,14/03/2010,18/09/2014,Full Time,NITA,Motilal Nehru National Institute of Technology Allahabad,Electronics & Telecommunication,81,BE,20/07/2015,22/01/2018,Full Time,NITIE,NITIE Mumbai,Mining Engineering,87,ME,0,29/03/2017,19/09/2018,Full Time,Junior Technical Consultant,TCS,Manufacturing,AGRA,India,,,,,,,,,English,Good,Good,Good,Hindi,Good,Good,Good,Marathi,Good,Good,Good,Guddu,Software Engineer,London,8009800998,,,Naukri.com
88995,Major,Uday,Bhan,uday.bhan@mailinator.com069,7864823069,7894923645,13/04/1990,M,Single,PAN167694069,No,Behind Yaga Baba Hostel Baner,426194,KANPUR,India,579700,1340000,Mumbai,579000,2,1,30,12/06/2004,13/07/2006,Full Time,Uttar Pradesh State Board,Saraswati Vidya Mandir Kanpur,NA,92,10th,14/02/2007,25/03/2010,Full Time,Uttar Pradesh State Board,Radha Niketan College Kanpur,Electronics & Telecommunication,93,12th,14/03/2010,18/09/2014,Full Time,NITA,Motilal Nehru National Institute of Technology Allahabad,Electronics & Telecommunication,81,BE,20/07/2015,22/01/2018,Full Time,NITIE,NITIE Mumbai,Mining Engineering,87,ME,0,29/03/2017,19/09/2018,Full Time,Junior Technical Consultant,TCS,Manufacturing,AGRA,India,,,,,,,,,English,Good,Good,Good,Hindi,Good,Good,Good,Marathi,Good,Good,Good,Guddu,Software Engineer,London,8009800998,,,Naukri.com
88995,Major,Uday,Bhan,uday.bhan@mailinator.com070,7864823070,7894923645,13/04/1990,M,Single,PAN167694070,No,Behind Yaga Baba Hostel Baner,426194,KANPUR,India,579700,1340000,Mumbai,579000,2,1,30,12/06/2004,13/07/2006,Full Time,Uttar Pradesh State Board,Saraswati Vidya Mandir Kanpur,NA,92,10th,14/02/2007,25/03/2010,Full Time,Uttar Pradesh State Board,Radha Niketan College Kanpur,Electronics & Telecommunication,93,12th,14/03/2010,18/09/2014,Full Time,NITA,Motilal Nehru National Institute of Technology Allahabad,Electronics & Telecommunication,81,BE,20/07/2015,22/01/2018,Full Time,NITIE,NITIE Mumbai,Mining Engineering,87,ME,0,29/03/2017,19/09/2018,Full Time,Junior Technical Consultant,TCS,Manufacturing,AGRA,India,,,,,,,,,English,Good,Good,Good,Hindi,Good,Good,Good,Marathi,Good,Good,Good,Guddu,Software Engineer,London,8009800998,,,Naukri.com
88995,Major,Uday,Bhan,uday.bhan@mailinator.com071,7864823071,7894923645,13/04/1990,M,Single,PAN167694071,No,Behind Yaga Baba Hostel Baner,426194,KANPUR,India,579700,1340000,Mumbai,579000,2,1,30,12/06/2004,13/07/2006,Full Time,Uttar Pradesh State Board,Saraswati Vidya Mandir Kanpur,NA,92,10th,14/02/2007,25/03/2010,Full Time,Uttar Pradesh State Board,Radha Niketan College Kanpur,Electronics & Telecommunication,93,12th,14/03/2010,18/09/2014,Full Time,NITA,Motilal Nehru National Institute of Technology Allahabad,Electronics & Telecommunication,81,BE,20/07/2015,22/01/2018,Full Time,NITIE,NITIE Mumbai,Mining Engineering,87,ME,0,29/03/2017,19/09/2018,Full Time,Junior Technical Consultant,TCS,Manufacturing,AGRA,India,,,,,,,,,English,Good,Good,Good,Hindi,Good,Good,Good,Marathi,Good,Good,Good,Guddu,Software Engineer,London,8009800998,,,Naukri.com
88995,Major,Uday,Bhan,uday.bhan@mailinator.com072,7864823072,7894923645,13/04/1990,M,Single,PAN167694072,No,Behind Yaga Baba Hostel Baner,426194,KANPUR,India,579700,1340000,Mumbai,579000,2,1,30,12/06/2004,13/07/2006,Full Time,Uttar Pradesh State Board,Saraswati Vidya Mandir Kanpur,NA,92,10th,14/02/2007,25/03/2010,Full Time,Uttar Pradesh State Board,Radha Niketan College Kanpur,Electronics & Telecommunication,93,12th,14/03/2010,18/09/2014,Full Time,NITA,Motilal Nehru National Institute of Technology Allahabad,Electronics & Telecommunication,81,BE,20/07/2015,22/01/2018,Full Time,NITIE,NITIE Mumbai,Mining Engineering,87,ME,0,29/03/2017,19/09/2018,Full Time,Junior Technical Consultant,TCS,Manufacturing,AGRA,India,,,,,,,,,English,Good,Good,Good,Hindi,Good,Good,Good,Marathi,Good,Good,Good,Guddu,Software Engineer,London,8009800998,,,Naukri.com
88995,Major,Uday,Bhan,uday.bhan@mailinator.com073,7864823073,7894923645,13/04/1990,M,Single,PAN167694073,No,Behind Yaga Baba Hostel Baner,426194,KANPUR,India,579700,1340000,Mumbai,579000,2,1,30,12/06/2004,13/07/2006,Full Time,Uttar Pradesh State Board,Saraswati Vidya Mandir Kanpur,NA,92,10th,14/02/2007,25/03/2010,Full Time,Uttar Pradesh State Board,Radha Niketan College Kanpur,Electronics & Telecommunication,93,12th,14/03/2010,18/09/2014,Full Time,NITA,Motilal Nehru National Institute of Technology Allahabad,Electronics & Telecommunication,81,BE,20/07/2015,22/01/2018,Full Time,NITIE,NITIE Mumbai,Mining Engineering,87,ME,0,29/03/2017,19/09/2018,Full Time,Junior Technical Consultant,TCS,Manufacturing,AGRA,India,,,,,,,,,English,Good,Good,Good,Hindi,Good,Good,Good,Marathi,Good,Good,Good,Guddu,Software Engineer,London,8009800998,,,Naukri.com
88995,Major,Uday,Bhan,uday.bhan@mailinator.com074,7864823074,7894923645,13/04/1990,M,Single,PAN167694074,No,Behind Yaga Baba Hostel Baner,426194,KANPUR,India,579700,1340000,Mumbai,579000,2,1,30,12/06/2004,13/07/2006,Full Time,Uttar Pradesh State Board,Saraswati Vidya Mandir Kanpur,NA,92,10th,14/02/2007,25/03/2010,Full Time,Uttar Pradesh State Board,Radha Niketan College Kanpur,Electronics & Telecommunication,93,12th,14/03/2010,18/09/2014,Full Time,NITA,Motilal Nehru National Institute of Technology Allahabad,Electronics & Telecommunication,81,BE,20/07/2015,22/01/2018,Full Time,NITIE,NITIE Mumbai,Mining Engineering,87,ME,0,29/03/2017,19/09/2018,Full Time,Junior Technical Consultant,TCS,Manufacturing,AGRA,India,,,,,,,,,English,Good,Good,Good,Hindi,Good,Good,Good,Marathi,Good,Good,Good,Guddu,Software Engineer,London,8009800998,,,Naukri.com
88995,Major,Uday,Bhan,uday.bhan@mailinator.com075,7864823075,7894923645,13/04/1990,M,Single,PAN167694075,No,Behind Yaga Baba Hostel Baner,426194,KANPUR,India,579700,1340000,Mumbai,579000,2,1,30,12/06/2004,13/07/2006,Full Time,Uttar Pradesh State Board,Saraswati Vidya Mandir Kanpur,NA,92,10th,14/02/2007,25/03/2010,Full Time,Uttar Pradesh State Board,Radha Niketan College Kanpur,Electronics & Telecommunication,93,12th,14/03/2010,18/09/2014,Full Time,NITA,Motilal Nehru National Institute of Technology Allahabad,Electronics & Telecommunication,81,BE,20/07/2015,22/01/2018,Full Time,NITIE,NITIE Mumbai,Mining Engineering,87,ME,0,29/03/2017,19/09/2018,Full Time,Junior Technical Consultant,TCS,Manufacturing,AGRA,India,,,,,,,,,English,Good,Good,Good,Hindi,Good,Good,Good,Marathi,Good,Good,Good,Guddu,Software Engineer,London,8009800998,,,Naukri.com
88995,Major,Uday,Bhan,uday.bhan@mailinator.com076,7864823076,7894923645,13/04/1990,M,Single,PAN167694076,No,Behind Yaga Baba Hostel Baner,426194,KANPUR,India,579700,1340000,Mumbai,579000,2,1,30,12/06/2004,13/07/2006,Full Time,Uttar Pradesh State Board,Saraswati Vidya Mandir Kanpur,NA,92,10th,14/02/2007,25/03/2010,Full Time,Uttar Pradesh State Board,Radha Niketan College Kanpur,Electronics & Telecommunication,93,12th,14/03/2010,18/09/2014,Full Time,NITA,Motilal Nehru National Institute of Technology Allahabad,Electronics & Telecommunication,81,BE,20/07/2015,22/01/2018,Full Time,NITIE,NITIE Mumbai,Mining Engineering,87,ME,0,29/03/2017,19/09/2018,Full Time,Junior Technical Consultant,TCS,Manufacturing,AGRA,India,,,,,,,,,English,Good,Good,Good,Hindi,Good,Good,Good,Marathi,Good,Good,Good,Guddu,Software Engineer,London,8009800998,,,Naukri.com
88995,Major,Uday,Bhan,uday.bhan@mailinator.com077,7864823077,7894923645,13/04/1990,M,Single,PAN167694077,No,Behind Yaga Baba Hostel Baner,426194,KANPUR,India,579700,1340000,Mumbai,579000,2,1,30,12/06/2004,13/07/2006,Full Time,Uttar Pradesh State Board,Saraswati Vidya Mandir Kanpur,NA,92,10th,14/02/2007,25/03/2010,Full Time,Uttar Pradesh State Board,Radha Niketan College Kanpur,Electronics & Telecommunication,93,12th,14/03/2010,18/09/2014,Full Time,NITA,Motilal Nehru National Institute of Technology Allahabad,Electronics & Telecommunication,81,BE,20/07/2015,22/01/2018,Full Time,NITIE,NITIE Mumbai,Mining Engineering,87,ME,0,29/03/2017,19/09/2018,Full Time,Junior Technical Consultant,TCS,Manufacturing,AGRA,India,,,,,,,,,English,Good,Good,Good,Hindi,Good,Good,Good,Marathi,Good,Good,Good,Guddu,Software Engineer,London,8009800998,,,Naukri.com
88995,Major,Uday,Bhan,uday.bhan@mailinator.com078,7864823078,7894923645,13/04/1990,M,Single,PAN167694078,No,Behind Yaga Baba Hostel Baner,426194,KANPUR,India,579700,1340000,Mumbai,579000,2,1,30,12/06/2004,13/07/2006,Full Time,Uttar Pradesh State Board,Saraswati Vidya Mandir Kanpur,NA,92,10th,14/02/2007,25/03/2010,Full Time,Uttar Pradesh State Board,Radha Niketan College Kanpur,Electronics & Telecommunication,93,12th,14/03/2010,18/09/2014,Full Time,NITA,Motilal Nehru National Institute of Technology Allahabad,Electronics & Telecommunication,81,BE,20/07/2015,22/01/2018,Full Time,NITIE,NITIE Mumbai,Mining Engineering,87,ME,0,29/03/2017,19/09/2018,Full Time,Junior Technical Consultant,TCS,Manufacturing,AGRA,India,,,,,,,,,English,Good,Good,Good,Hindi,Good,Good,Good,Marathi,Good,Good,Good,Guddu,Software Engineer,London,8009800998,,,Naukri.com
88995,Major,Uday,Bhan,uday.bhan@mailinator.com079,7864823079,7894923645,13/04/1990,M,Single,PAN167694079,No,Behind Yaga Baba Hostel Baner,426194,KANPUR,India,579700,1340000,Mumbai,579000,2,1,30,12/06/2004,13/07/2006,Full Time,Uttar Pradesh State Board,Saraswati Vidya Mandir Kanpur,NA,92,10th,14/02/2007,25/03/2010,Full Time,Uttar Pradesh State Board,Radha Niketan College Kanpur,Electronics & Telecommunication,93,12th,14/03/2010,18/09/2014,Full Time,NITA,Motilal Nehru National Institute of Technology Allahabad,Electronics & Telecommunication,81,BE,20/07/2015,22/01/2018,Full Time,NITIE,NITIE Mumbai,Mining Engineering,87,ME,0,29/03/2017,19/09/2018,Full Time,Junior Technical Consultant,TCS,Manufacturing,AGRA,India,,,,,,,,,English,Good,Good,Good,Hindi,Good,Good,Good,Marathi,Good,Good,Good,Guddu,Software Engineer,London,8009800998,,,Naukri.com
88995,Major,Uday,Bhan,uday.bhan@mailinator.com080,7864823080,7894923645,13/04/1990,M,Single,PAN167694080,No,Behind Yaga Baba Hostel Baner,426194,KANPUR,India,579700,1340000,Mumbai,579000,2,1,30,12/06/2004,13/07/2006,Full Time,Uttar Pradesh State Board,Saraswati Vidya Mandir Kanpur,NA,92,10th,14/02/2007,25/03/2010,Full Time,Uttar Pradesh State Board,Radha Niketan College Kanpur,Electronics & Telecommunication,93,12th,14/03/2010,18/09/2014,Full Time,NITA,Motilal Nehru National Institute of Technology Allahabad,Electronics & Telecommunication,81,BE,20/07/2015,22/01/2018,Full Time,NITIE,NITIE Mumbai,Mining Engineering,87,ME,0,29/03/2017,19/09/2018,Full Time,Junior Technical Consultant,TCS,Manufacturing,AGRA,India,,,,,,,,,English,Good,Good,Good,Hindi,Good,Good,Good,Marathi,Good,Good,Good,Guddu,Software Engineer,London,8009800998,,,Naukri.com
88995,Major,Uday,Bhan,uday.bhan@mailinator.com081,7864823081,7894923645,13/04/1990,M,Single,PAN167694081,No,Behind Yaga Baba Hostel Baner,426194,KANPUR,India,579700,1340000,Mumbai,579000,2,1,30,12/06/2004,13/07/2006,Full Time,Uttar Pradesh State Board,Saraswati Vidya Mandir Kanpur,NA,92,10th,14/02/2007,25/03/2010,Full Time,Uttar Pradesh State Board,Radha Niketan College Kanpur,Electronics & Telecommunication,93,12th,14/03/2010,18/09/2014,Full Time,NITA,Motilal Nehru National Institute of Technology Allahabad,Electronics & Telecommunication,81,BE,20/07/2015,22/01/2018,Full Time,NITIE,NITIE Mumbai,Mining Engineering,87,ME,0,29/03/2017,19/09/2018,Full Time,Junior Technical Consultant,TCS,Manufacturing,AGRA,India,,,,,,,,,English,Good,Good,Good,Hindi,Good,Good,Good,Marathi,Good,Good,Good,Guddu,Software Engineer,London,8009800998,,,Naukri.com
88995,Major,Uday,Bhan,uday.bhan@mailinator.com082,7864823082,7894923645,13/04/1990,M,Single,PAN167694082,No,Behind Yaga Baba Hostel Baner,426194,KANPUR,India,579700,1340000,Mumbai,579000,2,1,30,12/06/2004,13/07/2006,Full Time,Uttar Pradesh State Board,Saraswati Vidya Mandir Kanpur,NA,92,10th,14/02/2007,25/03/2010,Full Time,Uttar Pradesh State Board,Radha Niketan College Kanpur,Electronics & Telecommunication,93,12th,14/03/2010,18/09/2014,Full Time,NITA,Motilal Nehru National Institute of Technology Allahabad,Electronics & Telecommunication,81,BE,20/07/2015,22/01/2018,Full Time,NITIE,NITIE Mumbai,Mining Engineering,87,ME,0,29/03/2017,19/09/2018,Full Time,Junior Technical Consultant,TCS,Manufacturing,AGRA,India,,,,,,,,,English,Good,Good,Good,Hindi,Good,Good,Good,Marathi,Good,Good,Good,Guddu,Software Engineer,London,8009800998,,,Naukri.com
88995,Major,Uday,Bhan,uday.bhan@mailinator.com083,7864823083,7894923645,13/04/1990,M,Single,PAN167694083,No,Behind Yaga Baba Hostel Baner,426194,KANPUR,India,579700,1340000,Mumbai,579000,2,1,30,12/06/2004,13/07/2006,Full Time,Uttar Pradesh State Board,Saraswati Vidya Mandir Kanpur,NA,92,10th,14/02/2007,25/03/2010,Full Time,Uttar Pradesh State Board,Radha Niketan College Kanpur,Electronics & Telecommunication,93,12th,14/03/2010,18/09/2014,Full Time,NITA,Motilal Nehru National Institute of Technology Allahabad,Electronics & Telecommunication,81,BE,20/07/2015,22/01/2018,Full Time,NITIE,NITIE Mumbai,Mining Engineering,87,ME,0,29/03/2017,19/09/2018,Full Time,Junior Technical Consultant,TCS,Manufacturing,AGRA,India,,,,,,,,,English,Good,Good,Good,Hindi,Good,Good,Good,Marathi,Good,Good,Good,Guddu,Software Engineer,London,8009800998,,,Naukri.com
88995,Major,Uday,Bhan,uday.bhan@mailinator.com084,7864823084,7894923645,13/04/1990,M,Single,PAN167694084,No,Behind Yaga Baba Hostel Baner,426194,KANPUR,India,579700,1340000,Mumbai,579000,2,1,30,12/06/2004,13/07/2006,Full Time,Uttar Pradesh State Board,Saraswati Vidya Mandir Kanpur,NA,92,10th,14/02/2007,25/03/2010,Full Time,Uttar Pradesh State Board,Radha Niketan College Kanpur,Electronics & Telecommunication,93,12th,14/03/2010,18/09/2014,Full Time,NITA,Motilal Nehru National Institute of Technology Allahabad,Electronics & Telecommunication,81,BE,20/07/2015,22/01/2018,Full Time,NITIE,NITIE Mumbai,Mining Engineering,87,ME,0,29/03/2017,19/09/2018,Full Time,Junior Technical Consultant,TCS,Manufacturing,AGRA,India,,,,,,,,,English,Good,Good,Good,Hindi,Good,Good,Good,Marathi,Good,Good,Good,Guddu,Software Engineer,London,8009800998,,,Naukri.com
88995,Major,Uday,Bhan,uday.bhan@mailinator.com085,7864823085,7894923645,13/04/1990,M,Single,PAN167694085,No,Behind Yaga Baba Hostel Baner,426194,KANPUR,India,579700,1340000,Mumbai,579000,2,1,30,12/06/2004,13/07/2006,Full Time,Uttar Pradesh State Board,Saraswati Vidya Mandir Kanpur,NA,92,10th,14/02/2007,25/03/2010,Full Time,Uttar Pradesh State Board,Radha Niketan College Kanpur,Electronics & Telecommunication,93,12th,14/03/2010,18/09/2014,Full Time,NITA,Motilal Nehru National Institute of Technology Allahabad,Electronics & Telecommunication,81,BE,20/07/2015,22/01/2018,Full Time,NITIE,NITIE Mumbai,Mining Engineering,87,ME,0,29/03/2017,19/09/2018,Full Time,Junior Technical Consultant,TCS,Manufacturing,AGRA,India,,,,,,,,,English,Good,Good,Good,Hindi,Good,Good,Good,Marathi,Good,Good,Good,Guddu,Software Engineer,London,8009800998,,,Naukri.com
88995,Major,Uday,Bhan,uday.bhan@mailinator.com086,7864823086,7894923645,13/04/1990,M,Single,PAN167694086,No,Behind Yaga Baba Hostel Baner,426194,KANPUR,India,579700,1340000,Mumbai,579000,2,1,30,12/06/2004,13/07/2006,Full Time,Uttar Pradesh State Board,Saraswati Vidya Mandir Kanpur,NA,92,10th,14/02/2007,25/03/2010,Full Time,Uttar Pradesh State Board,Radha Niketan College Kanpur,Electronics & Telecommunication,93,12th,14/03/2010,18/09/2014,Full Time,NITA,Motilal Nehru National Institute of Technology Allahabad,Electronics & Telecommunication,81,BE,20/07/2015,22/01/2018,Full Time,NITIE,NITIE Mumbai,Mining Engineering,87,ME,0,29/03/2017,19/09/2018,Full Time,Junior Technical Consultant,TCS,Manufacturing,AGRA,India,,,,,,,,,English,Good,Good,Good,Hindi,Good,Good,Good,Marathi,Good,Good,Good,Guddu,Software Engineer,London,8009800998,,,Naukri.com
88995,Major,Uday,Bhan,uday.bhan@mailinator.com087,7864823087,7894923645,13/04/1990,M,Single,PAN167694087,No,Behind Yaga Baba Hostel Baner,426194,KANPUR,India,579700,1340000,Mumbai,579000,2,1,30,12/06/2004,13/07/2006,Full Time,Uttar Pradesh State Board,Saraswati Vidya Mandir Kanpur,NA,92,10th,14/02/2007,25/03/2010,Full Time,Uttar Pradesh State Board,Radha Niketan College Kanpur,Electronics & Telecommunication,93,12th,14/03/2010,18/09/2014,Full Time,NITA,Motilal Nehru National Institute of Technology Allahabad,Electronics & Telecommunication,81,BE,20/07/2015,22/01/2018,Full Time,NITIE,NITIE Mumbai,Mining Engineering,87,ME,0,29/03/2017,19/09/2018,Full Time,Junior Technical Consultant,TCS,Manufacturing,AGRA,India,,,,,,,,,English,Good,Good,Good,Hindi,Good,Good,Good,Marathi,Good,Good,Good,Guddu,Software Engineer,London,8009800998,,,Naukri.com
88995,Major,Uday,Bhan,uday.bhan@mailinator.com088,7864823088,7894923645,13/04/1990,M,Single,PAN167694088,No,Behind Yaga Baba Hostel Baner,426194,KANPUR,India,579700,1340000,Mumbai,579000,2,1,30,12/06/2004,13/07/2006,Full Time,Uttar Pradesh State Board,Saraswati Vidya Mandir Kanpur,NA,92,10th,14/02/2007,25/03/2010,Full Time,Uttar Pradesh State Board,Radha Niketan College Kanpur,Electronics & Telecommunication,93,12th,14/03/2010,18/09/2014,Full Time,NITA,Motilal Nehru National Institute of Technology Allahabad,Electronics & Telecommunication,81,BE,20/07/2015,22/01/2018,Full Time,NITIE,NITIE Mumbai,Mining Engineering,87,ME,0,29/03/2017,19/09/2018,Full Time,Junior Technical Consultant,TCS,Manufacturing,AGRA,India,,,,,,,,,English,Good,Good,Good,Hindi,Good,Good,Good,Marathi,Good,Good,Good,Guddu,Software Engineer,London,8009800998,,,Naukri.com
88995,Major,Uday,Bhan,uday.bhan@mailinator.com089,7864823089,7894923645,13/04/1990,M,Single,PAN167694089,No,Behind Yaga Baba Hostel Baner,426194,KANPUR,India,579700,1340000,Mumbai,579000,2,1,30,12/06/2004,13/07/2006,Full Time,Uttar Pradesh State Board,Saraswati Vidya Mandir Kanpur,NA,92,10th,14/02/2007,25/03/2010,Full Time,Uttar Pradesh State Board,Radha Niketan College Kanpur,Electronics & Telecommunication,93,12th,14/03/2010,18/09/2014,Full Time,NITA,Motilal Nehru National Institute of Technology Allahabad,Electronics & Telecommunication,81,BE,20/07/2015,22/01/2018,Full Time,NITIE,NITIE Mumbai,Mining Engineering,87,ME,0,29/03/2017,19/09/2018,Full Time,Junior Technical Consultant,TCS,Manufacturing,AGRA,India,,,,,,,,,English,Good,Good,Good,Hindi,Good,Good,Good,Marathi,Good,Good,Good,Guddu,Software Engineer,London,8009800998,,,Naukri.com
88995,Major,Uday,Bhan,uday.bhan@mailinator.com090,7864823090,7894923645,13/04/1990,M,Single,PAN167694090,No,Behind Yaga Baba Hostel Baner,426194,KANPUR,India,579700,1340000,Mumbai,579000,2,1,30,12/06/2004,13/07/2006,Full Time,Uttar Pradesh State Board,Saraswati Vidya Mandir Kanpur,NA,92,10th,14/02/2007,25/03/2010,Full Time,Uttar Pradesh State Board,Radha Niketan College Kanpur,Electronics & Telecommunication,93,12th,14/03/2010,18/09/2014,Full Time,NITA,Motilal Nehru National Institute of Technology Allahabad,Electronics & Telecommunication,81,BE,20/07/2015,22/01/2018,Full Time,NITIE,NITIE Mumbai,Mining Engineering,87,ME,0,29/03/2017,19/09/2018,Full Time,Junior Technical Consultant,TCS,Manufacturing,AGRA,India,,,,,,,,,English,Good,Good,Good,Hindi,Good,Good,Good,Marathi,Good,Good,Good,Guddu,Software Engineer,London,8009800998,,,Naukri.com
88995,Major,Uday,Bhan,uday.bhan@mailinator.com091,7864823091,7894923645,13/04/1990,M,Single,PAN167694091,No,Behind Yaga Baba Hostel Baner,426194,KANPUR,India,579700,1340000,Mumbai,579000,2,1,30,12/06/2004,13/07/2006,Full Time,Uttar Pradesh State Board,Saraswati Vidya Mandir Kanpur,NA,92,10th,14/02/2007,25/03/2010,Full Time,Uttar Pradesh State Board,Radha Niketan College Kanpur,Electronics & Telecommunication,93,12th,14/03/2010,18/09/2014,Full Time,NITA,Motilal Nehru National Institute of Technology Allahabad,Electronics & Telecommunication,81,BE,20/07/2015,22/01/2018,Full Time,NITIE,NITIE Mumbai,Mining Engineering,87,ME,0,29/03/2017,19/09/2018,Full Time,Junior Technical Consultant,TCS,Manufacturing,AGRA,India,,,,,,,,,English,Good,Good,Good,Hindi,Good,Good,Good,Marathi,Good,Good,Good,Guddu,Software Engineer,London,8009800998,,,Naukri.com
88995,Major,Uday,Bhan,uday.bhan@mailinator.com092,7864823092,7894923645,13/04/1990,M,Single,PAN167694092,No,Behind Yaga Baba Hostel Baner,426194,KANPUR,India,579700,1340000,Mumbai,579000,2,1,30,12/06/2004,13/07/2006,Full Time,Uttar Pradesh State Board,Saraswati Vidya Mandir Kanpur,NA,92,10th,14/02/2007,25/03/2010,Full Time,Uttar Pradesh State Board,Radha Niketan College Kanpur,Electronics & Telecommunication,93,12th,14/03/2010,18/09/2014,Full Time,NITA,Motilal Nehru National Institute of Technology Allahabad,Electronics & Telecommunication,81,BE,20/07/2015,22/01/2018,Full Time,NITIE,NITIE Mumbai,Mining Engineering,87,ME,0,29/03/2017,19/09/2018,Full Time,Junior Technical Consultant,TCS,Manufacturing,AGRA,India,,,,,,,,,English,Good,Good,Good,Hindi,Good,Good,Good,Marathi,Good,Good,Good,Guddu,Software Engineer,London,8009800998,,,Naukri.com
88995,Major,Uday,Bhan,uday.bhan@mailinator.com093,7864823093,7894923645,13/04/1990,M,Single,PAN167694093,No,Behind Yaga Baba Hostel Baner,426194,KANPUR,India,579700,1340000,Mumbai,579000,2,1,30,12/06/2004,13/07/2006,Full Time,Uttar Pradesh State Board,Saraswati Vidya Mandir Kanpur,NA,92,10th,14/02/2007,25/03/2010,Full Time,Uttar Pradesh State Board,Radha Niketan College Kanpur,Electronics & Telecommunication,93,12th,14/03/2010,18/09/2014,Full Time,NITA,Motilal Nehru National Institute of Technology Allahabad,Electronics & Telecommunication,81,BE,20/07/2015,22/01/2018,Full Time,NITIE,NITIE Mumbai,Mining Engineering,87,ME,0,29/03/2017,19/09/2018,Full Time,Junior Technical Consultant,TCS,Manufacturing,AGRA,India,,,,,,,,,English,Good,Good,Good,Hindi,Good,Good,Good,Marathi,Good,Good,Good,Guddu,Software Engineer,London,8009800998,,,Naukri.com
88995,Major,Uday,Bhan,uday.bhan@mailinator.com094,7864823094,7894923645,13/04/1990,M,Single,PAN167694094,No,Behind Yaga Baba Hostel Baner,426194,KANPUR,India,579700,1340000,Mumbai,579000,2,1,30,12/06/2004,13/07/2006,Full Time,Uttar Pradesh State Board,Saraswati Vidya Mandir Kanpur,NA,92,10th,14/02/2007,25/03/2010,Full Time,Uttar Pradesh State Board,Radha Niketan College Kanpur,Electronics & Telecommunication,93,12th,14/03/2010,18/09/2014,Full Time,NITA,Motilal Nehru National Institute of Technology Allahabad,Electronics & Telecommunication,81,BE,20/07/2015,22/01/2018,Full Time,NITIE,NITIE Mumbai,Mining Engineering,87,ME,0,29/03/2017,19/09/2018,Full Time,Junior Technical Consultant,TCS,Manufacturing,AGRA,India,,,,,,,,,English,Good,Good,Good,Hindi,Good,Good,Good,Marathi,Good,Good,Good,Guddu,Software Engineer,London,8009800998,,,Naukri.com
88995,Major,Uday,Bhan,uday.bhan@mailinator.com095,7864823095,7894923645,13/04/1990,M,Single,PAN167694095,No,Behind Yaga Baba Hostel Baner,426194,KANPUR,India,579700,1340000,Mumbai,579000,2,1,30,12/06/2004,13/07/2006,Full Time,Uttar Pradesh State Board,Saraswati Vidya Mandir Kanpur,NA,92,10th,14/02/2007,25/03/2010,Full Time,Uttar Pradesh State Board,Radha Niketan College Kanpur,Electronics & Telecommunication,93,12th,14/03/2010,18/09/2014,Full Time,NITA,Motilal Nehru National Institute of Technology Allahabad,Electronics & Telecommunication,81,BE,20/07/2015,22/01/2018,Full Time,NITIE,NITIE Mumbai,Mining Engineering,87,ME,0,29/03/2017,19/09/2018,Full Time,Junior Technical Consultant,TCS,Manufacturing,AGRA,India,,,,,,,,,English,Good,Good,Good,Hindi,Good,Good,Good,Marathi,Good,Good,Good,Guddu,Software Engineer,London,8009800998,,,Naukri.com
88995,Major,Uday,Bhan,uday.bhan@mailinator.com096,7864823096,7894923645,13/04/1990,M,Single,PAN167694096,No,Behind Yaga Baba Hostel Baner,426194,KANPUR,India,579700,1340000,Mumbai,579000,2,1,30,12/06/2004,13/07/2006,Full Time,Uttar Pradesh State Board,Saraswati Vidya Mandir Kanpur,NA,92,10th,14/02/2007,25/03/2010,Full Time,Uttar Pradesh State Board,Radha Niketan College Kanpur,Electronics & Telecommunication,93,12th,14/03/2010,18/09/2014,Full Time,NITA,Motilal Nehru National Institute of Technology Allahabad,Electronics & Telecommunication,81,BE,20/07/2015,22/01/2018,Full Time,NITIE,NITIE Mumbai,Mining Engineering,87,ME,0,29/03/2017,19/09/2018,Full Time,Junior Technical Consultant,TCS,Manufacturing,AGRA,India,,,,,,,,,English,Good,Good,Good,Hindi,Good,Good,Good,Marathi,Good,Good,Good,Guddu,Software Engineer,London,8009800998,,,Naukri.com
88995,Major,Uday,Bhan,uday.bhan@mailinator.com097,7864823097,7894923645,13/04/1990,M,Single,PAN167694097,No,Behind Yaga Baba Hostel Baner,426194,KANPUR,India,579700,1340000,Mumbai,579000,2,1,30,12/06/2004,13/07/2006,Full Time,Uttar Pradesh State Board,Saraswati Vidya Mandir Kanpur,NA,92,10th,14/02/2007,25/03/2010,Full Time,Uttar Pradesh State Board,Radha Niketan College Kanpur,Electronics & Telecommunication,93,12th,14/03/2010,18/09/2014,Full Time,NITA,Motilal Nehru National Institute of Technology Allahabad,Electronics & Telecommunication,81,BE,20/07/2015,22/01/2018,Full Time,NITIE,NITIE Mumbai,Mining Engineering,87,ME,0,29/03/2017,19/09/2018,Full Time,Junior Technical Consultant,TCS,Manufacturing,AGRA,India,,,,,,,,,English,Good,Good,Good,Hindi,Good,Good,Good,Marathi,Good,Good,Good,Guddu,Software Engineer,London,8009800998,,,Naukri.com
88995,Major,Uday,Bhan,uday.bhan@mailinator.com098,7864823098,7894923645,13/04/1990,M,Single,PAN167694098,No,Behind Yaga Baba Hostel Baner,426194,KANPUR,India,579700,1340000,Mumbai,579000,2,1,30,12/06/2004,13/07/2006,Full Time,Uttar Pradesh State Board,Saraswati Vidya Mandir Kanpur,NA,92,10th,14/02/2007,25/03/2010,Full Time,Uttar Pradesh State Board,Radha Niketan College Kanpur,Electronics & Telecommunication,93,12th,14/03/2010,18/09/2014,Full Time,NITA,Motilal Nehru National Institute of Technology Allahabad,Electronics & Telecommunication,81,BE,20/07/2015,22/01/2018,Full Time,NITIE,NITIE Mumbai,Mining Engineering,87,ME,0,29/03/2017,19/09/2018,Full Time,Junior Technical Consultant,TCS,Manufacturing,AGRA,India,,,,,,,,,English,Good,Good,Good,Hindi,Good,Good,Good,Marathi,Good,Good,Good,Guddu,Software Engineer,London,8009800998,,,Naukri.com
88995,Major,Uday,Bhan,uday.bhan@mailinator.com099,7864823099,7894923645,13/04/1990,M,Single,PAN167694099,No,Behind Yaga Baba Hostel Baner,426194,KANPUR,India,579700,1340000,Mumbai,579000,2,1,30,12/06/2004,13/07/2006,Full Time,Uttar Pradesh State Board,Saraswati Vidya Mandir Kanpur,NA,92,10th,14/02/2007,25/03/2010,Full Time,Uttar Pradesh State Board,Radha Niketan College Kanpur,Electronics & Telecommunication,93,12th,14/03/2010,18/09/2014,Full Time,NITA,Motilal Nehru National Institute of Technology Allahabad,Electronics & Telecommunication,81,BE,20/07/2015,22/01/2018,Full Time,NITIE,NITIE Mumbai,Mining Engineering,87,ME,0,29/03/2017,19/09/2018,Full Time,Junior Technical Consultant,TCS,Manufacturing,AGRA,India,,,,,,,,,English,Good,Good,Good,Hindi,Good,Good,Good,Marathi,Good,Good,Good,Guddu,Software Engineer,London,8009800998,,,Naukri.com
88995,Major,Uday,Bhan,uday.bhan@mailinator.com100,7864823100,7894923645,13/04/1990,M,Single,PAN167694100,No,Behind Yaga Baba Hostel Baner,426194,KANPUR,India,579700,1340000,Mumbai,579000,2,1,30,12/06/2004,13/07/2006,Full Time,Uttar Pradesh State Board,Saraswati Vidya Mandir Kanpur,NA,92,10th,14/02/2007,25/03/2010,Full Time,Uttar Pradesh State Board,Radha Niketan College Kanpur,Electronics & Telecommunication,93,12th,14/03/2010,18/09/2014,Full Time,NITA,Motilal Nehru National Institute of Technology Allahabad,Electronics & Telecommunication,81,BE,20/07/2015,22/01/2018,Full Time,NITIE,NITIE Mumbai,Mining Engineering,87,ME,0,29/03/2017,19/09/2018,Full Time,Junior Technical Consultant,TCS,Manufacturing,AGRA,India,,,,,,,,,English,Good,Good,Good,Hindi,Good,Good,Good,Marathi,Good,Good,Good,Guddu,Software Engineer,London,8009800998,,,Naukri.com
88995,Major,Uday,Bhan,uday.bhan@mailinator.com101,7864823101,7894923645,13/04/1990,M,Single,PAN167694101,No,Behind Yaga Baba Hostel Baner,426194,KANPUR,India,579700,1340000,Mumbai,579000,2,1,30,12/06/2004,13/07/2006,Full Time,Uttar Pradesh State Board,Saraswati Vidya Mandir Kanpur,NA,92,10th,14/02/2007,25/03/2010,Full Time,Uttar Pradesh State Board,Radha Niketan College Kanpur,Electronics & Telecommunication,93,12th,14/03/2010,18/09/2014,Full Time,NITA,Motilal Nehru National Institute of Technology Allahabad,Electronics & Telecommunication,81,BE,20/07/2015,22/01/2018,Full Time,NITIE,NITIE Mumbai,Mining Engineering,87,ME,0,29/03/2017,19/09/2018,Full Time,Junior Technical Consultant,TCS,Manufacturing,AGRA,India,,,,,,,,,English,Good,Good,Good,Hindi,Good,Good,Good,Marathi,Good,Good,Good,Guddu,Software Engineer,London,8009800998,,,Naukri.com
88995,Major,Uday,Bhan,uday.bhan@mailinator.com102,7864823102,7894923645,13/04/1990,M,Single,PAN167694102,No,Behind Yaga Baba Hostel Baner,426194,KANPUR,India,579700,1340000,Mumbai,579000,2,1,30,12/06/2004,13/07/2006,Full Time,Uttar Pradesh State Board,Saraswati Vidya Mandir Kanpur,NA,92,10th,14/02/2007,25/03/2010,Full Time,Uttar Pradesh State Board,Radha Niketan College Kanpur,Electronics & Telecommunication,93,12th,14/03/2010,18/09/2014,Full Time,NITA,Motilal Nehru National Institute of Technology Allahabad,Electronics & Telecommunication,81,BE,20/07/2015,22/01/2018,Full Time,NITIE,NITIE Mumbai,Mining Engineering,87,ME,0,29/03/2017,19/09/2018,Full Time,Junior Technical Consultant,TCS,Manufacturing,AGRA,India,,,,,,,,,English,Good,Good,Good,Hindi,Good,Good,Good,Marathi,Good,Good,Good,Guddu,Software Engineer,London,8009800998,,,Naukri.com
88995,Major,Uday,Bhan,uday.bhan@mailinator.com103,7864823103,7894923645,13/04/1990,M,Single,PAN167694103,No,Behind Yaga Baba Hostel Baner,426194,KANPUR,India,579700,1340000,Mumbai,579000,2,1,30,12/06/2004,13/07/2006,Full Time,Uttar Pradesh State Board,Saraswati Vidya Mandir Kanpur,NA,92,10th,14/02/2007,25/03/2010,Full Time,Uttar Pradesh State Board,Radha Niketan College Kanpur,Electronics & Telecommunication,93,12th,14/03/2010,18/09/2014,Full Time,NITA,Motilal Nehru National Institute of Technology Allahabad,Electronics & Telecommunication,81,BE,20/07/2015,22/01/2018,Full Time,NITIE,NITIE Mumbai,Mining Engineering,87,ME,0,29/03/2017,19/09/2018,Full Time,Junior Technical Consultant,TCS,Manufacturing,AGRA,India,,,,,,,,,English,Good,Good,Good,Hindi,Good,Good,Good,Marathi,Good,Good,Good,Guddu,Software Engineer,London,8009800998,,,Naukri.com
88995,Major,Uday,Bhan,uday.bhan@mailinator.com104,7864823104,7894923645,13/04/1990,M,Single,PAN167694104,No,Behind Yaga Baba Hostel Baner,426194,KANPUR,India,579700,1340000,Mumbai,579000,2,1,30,12/06/2004,13/07/2006,Full Time,Uttar Pradesh State Board,Saraswati Vidya Mandir Kanpur,NA,92,10th,14/02/2007,25/03/2010,Full Time,Uttar Pradesh State Board,Radha Niketan College Kanpur,Electronics & Telecommunication,93,12th,14/03/2010,18/09/2014,Full Time,NITA,Motilal Nehru National Institute of Technology Allahabad,Electronics & Telecommunication,81,BE,20/07/2015,22/01/2018,Full Time,NITIE,NITIE Mumbai,Mining Engineering,87,ME,0,29/03/2017,19/09/2018,Full Time,Junior Technical Consultant,TCS,Manufacturing,AGRA,India,,,,,,,,,English,Good,Good,Good,Hindi,Good,Good,Good,Marathi,Good,Good,Good,Guddu,Software Engineer,London,8009800998,,,Naukri.com
88995,Major,Uday,Bhan,uday.bhan@mailinator.com105,7864823105,7894923645,13/04/1990,M,Single,PAN167694105,No,Behind Yaga Baba Hostel Baner,426194,KANPUR,India,579700,1340000,Mumbai,579000,2,1,30,12/06/2004,13/07/2006,Full Time,Uttar Pradesh State Board,Saraswati Vidya Mandir Kanpur,NA,92,10th,14/02/2007,25/03/2010,Full Time,Uttar Pradesh State Board,Radha Niketan College Kanpur,Electronics & Telecommunication,93,12th,14/03/2010,18/09/2014,Full Time,NITA,Motilal Nehru National Institute of Technology Allahabad,Electronics & Telecommunication,81,BE,20/07/2015,22/01/2018,Full Time,NITIE,NITIE Mumbai,Mining Engineering,87,ME,0,29/03/2017,19/09/2018,Full Time,Junior Technical Consultant,TCS,Manufacturing,AGRA,India,,,,,,,,,English,Good,Good,Good,Hindi,Good,Good,Good,Marathi,Good,Good,Good,Guddu,Software Engineer,London,8009800998,,,Naukri.com
88995,Major,Uday,Bhan,uday.bhan@mailinator.com106,7864823106,7894923645,13/04/1990,M,Single,PAN167694106,No,Behind Yaga Baba Hostel Baner,426194,KANPUR,India,579700,1340000,Mumbai,579000,2,1,30,12/06/2004,13/07/2006,Full Time,Uttar Pradesh State Board,Saraswati Vidya Mandir Kanpur,NA,92,10th,14/02/2007,25/03/2010,Full Time,Uttar Pradesh State Board,Radha Niketan College Kanpur,Electronics & Telecommunication,93,12th,14/03/2010,18/09/2014,Full Time,NITA,Motilal Nehru National Institute of Technology Allahabad,Electronics & Telecommunication,81,BE,20/07/2015,22/01/2018,Full Time,NITIE,NITIE Mumbai,Mining Engineering,87,ME,0,29/03/2017,19/09/2018,Full Time,Junior Technical Consultant,TCS,Manufacturing,AGRA,India,,,,,,,,,English,Good,Good,Good,Hindi,Good,Good,Good,Marathi,Good,Good,Good,Guddu,Software Engineer,London,8009800998,,,Naukri.com
88995,Major,Uday,Bhan,uday.bhan@mailinator.com107,7864823107,7894923645,13/04/1990,M,Single,PAN167694107,No,Behind Yaga Baba Hostel Baner,426194,KANPUR,India,579700,1340000,Mumbai,579000,2,1,30,12/06/2004,13/07/2006,Full Time,Uttar Pradesh State Board,Saraswati Vidya Mandir Kanpur,NA,92,10th,14/02/2007,25/03/2010,Full Time,Uttar Pradesh State Board,Radha Niketan College Kanpur,Electronics & Telecommunication,93,12th,14/03/2010,18/09/2014,Full Time,NITA,Motilal Nehru National Institute of Technology Allahabad,Electronics & Telecommunication,81,BE,20/07/2015,22/01/2018,Full Time,NITIE,NITIE Mumbai,Mining Engineering,87,ME,0,29/03/2017,19/09/2018,Full Time,Junior Technical Consultant,TCS,Manufacturing,AGRA,India,,,,,,,,,English,Good,Good,Good,Hindi,Good,Good,Good,Marathi,Good,Good,Good,Guddu,Software Engineer,London,8009800998,,,Naukri.com
88995,Major,Uday,Bhan,uday.bhan@mailinator.com108,7864823108,7894923645,13/04/1990,M,Single,PAN167694108,No,Behind Yaga Baba Hostel Baner,426194,KANPUR,India,579700,1340000,Mumbai,579000,2,1,30,12/06/2004,13/07/2006,Full Time,Uttar Pradesh State Board,Saraswati Vidya Mandir Kanpur,NA,92,10th,14/02/2007,25/03/2010,Full Time,Uttar Pradesh State Board,Radha Niketan College Kanpur,Electronics & Telecommunication,93,12th,14/03/2010,18/09/2014,Full Time,NITA,Motilal Nehru National Institute of Technology Allahabad,Electronics & Telecommunication,81,BE,20/07/2015,22/01/2018,Full Time,NITIE,NITIE Mumbai,Mining Engineering,87,ME,0,29/03/2017,19/09/2018,Full Time,Junior Technical Consultant,TCS,Manufacturing,AGRA,India,,,,,,,,,English,Good,Good,Good,Hindi,Good,Good,Good,Marathi,Good,Good,Good,Guddu,Software Engineer,London,8009800998,,,Naukri.com
88995,Major,Uday,Bhan,uday.bhan@mailinator.com109,7864823109,7894923645,13/04/1990,M,Single,PAN167694109,No,Behind Yaga Baba Hostel Baner,426194,KANPUR,India,579700,1340000,Mumbai,579000,2,1,30,12/06/2004,13/07/2006,Full Time,Uttar Pradesh State Board,Saraswati Vidya Mandir Kanpur,NA,92,10th,14/02/2007,25/03/2010,Full Time,Uttar Pradesh State Board,Radha Niketan College Kanpur,Electronics & Telecommunication,93,12th,14/03/2010,18/09/2014,Full Time,NITA,Motilal Nehru National Institute of Technology Allahabad,Electronics & Telecommunication,81,BE,20/07/2015,22/01/2018,Full Time,NITIE,NITIE Mumbai,Mining Engineering,87,ME,0,29/03/2017,19/09/2018,Full Time,Junior Technical Consultant,TCS,Manufacturing,AGRA,India,,,,,,,,,English,Good,Good,Good,Hindi,Good,Good,Good,Marathi,Good,Good,Good,Guddu,Software Engineer,London,8009800998,,,Naukri.com
88995,Major,Uday,Bhan,uday.bhan@mailinator.com110,7864823110,7894923645,13/04/1990,M,Single,PAN167694110,No,Behind Yaga Baba Hostel Baner,426194,KANPUR,India,579700,1340000,Mumbai,579000,2,1,30,12/06/2004,13/07/2006,Full Time,Uttar Pradesh State Board,Saraswati Vidya Mandir Kanpur,NA,92,10th,14/02/2007,25/03/2010,Full Time,Uttar Pradesh State Board,Radha Niketan College Kanpur,Electronics & Telecommunication,93,12th,14/03/2010,18/09/2014,Full Time,NITA,Motilal Nehru National Institute of Technology Allahabad,Electronics & Telecommunication,81,BE,20/07/2015,22/01/2018,Full Time,NITIE,NITIE Mumbai,Mining Engineering,87,ME,0,29/03/2017,19/09/2018,Full Time,Junior Technical Consultant,TCS,Manufacturing,AGRA,India,,,,,,,,,English,Good,Good,Good,Hindi,Good,Good,Good,Marathi,Good,Good,Good,Guddu,Software Engineer,London,8009800998,,,Naukri.com
88995,Major,Uday,Bhan,uday.bhan@mailinator.com111,7864823111,7894923645,13/04/1990,M,Single,PAN167694111,No,Behind Yaga Baba Hostel Baner,426194,KANPUR,India,579700,1340000,Mumbai,579000,2,1,30,12/06/2004,13/07/2006,Full Time,Uttar Pradesh State Board,Saraswati Vidya Mandir Kanpur,NA,92,10th,14/02/2007,25/03/2010,Full Time,Uttar Pradesh State Board,Radha Niketan College Kanpur,Electronics & Telecommunication,93,12th,14/03/2010,18/09/2014,Full Time,NITA,Motilal Nehru National Institute of Technology Allahabad,Electronics & Telecommunication,81,BE,20/07/2015,22/01/2018,Full Time,NITIE,NITIE Mumbai,Mining Engineering,87,ME,0,29/03/2017,19/09/2018,Full Time,Junior Technical Consultant,TCS,Manufacturing,AGRA,India,,,,,,,,,English,Good,Good,Good,Hindi,Good,Good,Good,Marathi,Good,Good,Good,Guddu,Software Engineer,London,8009800998,,,Naukri.com
88995,Major,Uday,Bhan,uday.bhan@mailinator.com112,7864823112,7894923645,13/04/1990,M,Single,PAN167694112,No,Behind Yaga Baba Hostel Baner,426194,KANPUR,India,579700,1340000,Mumbai,579000,2,1,30,12/06/2004,13/07/2006,Full Time,Uttar Pradesh State Board,Saraswati Vidya Mandir Kanpur,NA,92,10th,14/02/2007,25/03/2010,Full Time,Uttar Pradesh State Board,Radha Niketan College Kanpur,Electronics & Telecommunication,93,12th,14/03/2010,18/09/2014,Full Time,NITA,Motilal Nehru National Institute of Technology Allahabad,Electronics & Telecommunication,81,BE,20/07/2015,22/01/2018,Full Time,NITIE,NITIE Mumbai,Mining Engineering,87,ME,0,29/03/2017,19/09/2018,Full Time,Junior Technical Consultant,TCS,Manufacturing,AGRA,India,,,,,,,,,English,Good,Good,Good,Hindi,Good,Good,Good,Marathi,Good,Good,Good,Guddu,Software Engineer,London,8009800998,,,Naukri.com
88995,Major,Uday,Bhan,uday.bhan@mailinator.com113,7864823113,7894923645,13/04/1990,M,Single,PAN167694113,No,Behind Yaga Baba Hostel Baner,426194,KANPUR,India,579700,1340000,Mumbai,579000,2,1,30,12/06/2004,13/07/2006,Full Time,Uttar Pradesh State Board,Saraswati Vidya Mandir Kanpur,NA,92,10th,14/02/2007,25/03/2010,Full Time,Uttar Pradesh State Board,Radha Niketan College Kanpur,Electronics & Telecommunication,93,12th,14/03/2010,18/09/2014,Full Time,NITA,Motilal Nehru National Institute of Technology Allahabad,Electronics & Telecommunication,81,BE,20/07/2015,22/01/2018,Full Time,NITIE,NITIE Mumbai,Mining Engineering,87,ME,0,29/03/2017,19/09/2018,Full Time,Junior Technical Consultant,TCS,Manufacturing,AGRA,India,,,,,,,,,English,Good,Good,Good,Hindi,Good,Good,Good,Marathi,Good,Good,Good,Guddu,Software Engineer,London,8009800998,,,Naukri.com
88995,Major,Uday,Bhan,uday.bhan@mailinator.com114,7864823114,7894923645,13/04/1990,M,Single,PAN167694114,No,Behind Yaga Baba Hostel Baner,426194,KANPUR,India,579700,1340000,Mumbai,579000,2,1,30,12/06/2004,13/07/2006,Full Time,Uttar Pradesh State Board,Saraswati Vidya Mandir Kanpur,NA,92,10th,14/02/2007,25/03/2010,Full Time,Uttar Pradesh State Board,Radha Niketan College Kanpur,Electronics & Telecommunication,93,12th,14/03/2010,18/09/2014,Full Time,NITA,Motilal Nehru National Institute of Technology Allahabad,Electronics & Telecommunication,81,BE,20/07/2015,22/01/2018,Full Time,NITIE,NITIE Mumbai,Mining Engineering,87,ME,0,29/03/2017,19/09/2018,Full Time,Junior Technical Consultant,TCS,Manufacturing,AGRA,India,,,,,,,,,English,Good,Good,Good,Hindi,Good,Good,Good,Marathi,Good,Good,Good,Guddu,Software Engineer,London,8009800998,,,Naukri.com
88995,Major,Uday,Bhan,uday.bhan@mailinator.com115,7864823115,7894923645,13/04/1990,M,Single,PAN167694115,No,Behind Yaga Baba Hostel Baner,426194,KANPUR,India,579700,1340000,Mumbai,579000,2,1,30,12/06/2004,13/07/2006,Full Time,Uttar Pradesh State Board,Saraswati Vidya Mandir Kanpur,NA,92,10th,14/02/2007,25/03/2010,Full Time,Uttar Pradesh State Board,Radha Niketan College Kanpur,Electronics & Telecommunication,93,12th,14/03/2010,18/09/2014,Full Time,NITA,Motilal Nehru National Institute of Technology Allahabad,Electronics & Telecommunication,81,BE,20/07/2015,22/01/2018,Full Time,NITIE,NITIE Mumbai,Mining Engineering,87,ME,0,29/03/2017,19/09/2018,Full Time,Junior Technical Consultant,TCS,Manufacturing,AGRA,India,,,,,,,,,English,Good,Good,Good,Hindi,Good,Good,Good,Marathi,Good,Good,Good,Guddu,Software Engineer,London,8009800998,,,Naukri.com
88995,Major,Uday,Bhan,uday.bhan@mailinator.com116,7864823116,7894923645,13/04/1990,M,Single,PAN167694116,No,Behind Yaga Baba Hostel Baner,426194,KANPUR,India,579700,1340000,Mumbai,579000,2,1,30,12/06/2004,13/07/2006,Full Time,Uttar Pradesh State Board,Saraswati Vidya Mandir Kanpur,NA,92,10th,14/02/2007,25/03/2010,Full Time,Uttar Pradesh State Board,Radha Niketan College Kanpur,Electronics & Telecommunication,93,12th,14/03/2010,18/09/2014,Full Time,NITA,Motilal Nehru National Institute of Technology Allahabad,Electronics & Telecommunication,81,BE,20/07/2015,22/01/2018,Full Time,NITIE,NITIE Mumbai,Mining Engineering,87,ME,0,29/03/2017,19/09/2018,Full Time,Junior Technical Consultant,TCS,Manufacturing,AGRA,India,,,,,,,,,English,Good,Good,Good,Hindi,Good,Good,Good,Marathi,Good,Good,Good,Guddu,Software Engineer,London,8009800998,,,Naukri.com
88995,Major,Uday,Bhan,uday.bhan@mailinator.com117,7864823117,7894923645,13/04/1990,M,Single,PAN167694117,No,Behind Yaga Baba Hostel Baner,426194,KANPUR,India,579700,1340000,Mumbai,579000,2,1,30,12/06/2004,13/07/2006,Full Time,Uttar Pradesh State Board,Saraswati Vidya Mandir Kanpur,NA,92,10th,14/02/2007,25/03/2010,Full Time,Uttar Pradesh State Board,Radha Niketan College Kanpur,Electronics & Telecommunication,93,12th,14/03/2010,18/09/2014,Full Time,NITA,Motilal Nehru National Institute of Technology Allahabad,Electronics & Telecommunication,81,BE,20/07/2015,22/01/2018,Full Time,NITIE,NITIE Mumbai,Mining Engineering,87,ME,0,29/03/2017,19/09/2018,Full Time,Junior Technical Consultant,TCS,Manufacturing,AGRA,India,,,,,,,,,English,Good,Good,Good,Hindi,Good,Good,Good,Marathi,Good,Good,Good,Guddu,Software Engineer,London,8009800998,,,Naukri.com
88995,Major,Uday,Bhan,uday.bhan@mailinator.com118,7864823118,7894923645,13/04/1990,M,Single,PAN167694118,No,Behind Yaga Baba Hostel Baner,426194,KANPUR,India,579700,1340000,Mumbai,579000,2,1,30,12/06/2004,13/07/2006,Full Time,Uttar Pradesh State Board,Saraswati Vidya Mandir Kanpur,NA,92,10th,14/02/2007,25/03/2010,Full Time,Uttar Pradesh State Board,Radha Niketan College Kanpur,Electronics & Telecommunication,93,12th,14/03/2010,18/09/2014,Full Time,NITA,Motilal Nehru National Institute of Technology Allahabad,Electronics & Telecommunication,81,BE,20/07/2015,22/01/2018,Full Time,NITIE,NITIE Mumbai,Mining Engineering,87,ME,0,29/03/2017,19/09/2018,Full Time,Junior Technical Consultant,TCS,Manufacturing,AGRA,India,,,,,,,,,English,Good,Good,Good,Hindi,Good,Good,Good,Marathi,Good,Good,Good,Guddu,Software Engineer,London,8009800998,,,Naukri.com
88995,Major,Uday,Bhan,uday.bhan@mailinator.com119,7864823119,7894923645,13/04/1990,M,Single,PAN167694119,No,Behind Yaga Baba Hostel Baner,426194,KANPUR,India,579700,1340000,Mumbai,579000,2,1,30,12/06/2004,13/07/2006,Full Time,Uttar Pradesh State Board,Saraswati Vidya Mandir Kanpur,NA,92,10th,14/02/2007,25/03/2010,Full Time,Uttar Pradesh State Board,Radha Niketan College Kanpur,Electronics & Telecommunication,93,12th,14/03/2010,18/09/2014,Full Time,NITA,Motilal Nehru National Institute of Technology Allahabad,Electronics & Telecommunication,81,BE,20/07/2015,22/01/2018,Full Time,NITIE,NITIE Mumbai,Mining Engineering,87,ME,0,29/03/2017,19/09/2018,Full Time,Junior Technical Consultant,TCS,Manufacturing,AGRA,India,,,,,,,,,English,Good,Good,Good,Hindi,Good,Good,Good,Marathi,Good,Good,Good,Guddu,Software Engineer,London,8009800998,,,Naukri.com
88995,Major,Uday,Bhan,uday.bhan@mailinator.com120,7864823120,7894923645,13/04/1990,M,Single,PAN167694120,No,Behind Yaga Baba Hostel Baner,426194,KANPUR,India,579700,1340000,Mumbai,579000,2,1,30,12/06/2004,13/07/2006,Full Time,Uttar Pradesh State Board,Saraswati Vidya Mandir Kanpur,NA,92,10th,14/02/2007,25/03/2010,Full Time,Uttar Pradesh State Board,Radha Niketan College Kanpur,Electronics & Telecommunication,93,12th,14/03/2010,18/09/2014,Full Time,NITA,Motilal Nehru National Institute of Technology Allahabad,Electronics & Telecommunication,81,BE,20/07/2015,22/01/2018,Full Time,NITIE,NITIE Mumbai,Mining Engineering,87,ME,0,29/03/2017,19/09/2018,Full Time,Junior Technical Consultant,TCS,Manufacturing,AGRA,India,,,,,,,,,English,Good,Good,Good,Hindi,Good,Good,Good,Marathi,Good,Good,Good,Guddu,Software Engineer,London,8009800998,,,Naukri.com
88995,Major,Uday,Bhan,uday.bhan@mailinator.com121,7864823121,7894923645,13/04/1990,M,Single,PAN167694121,No,Behind Yaga Baba Hostel Baner,426194,KANPUR,India,579700,1340000,Mumbai,579000,2,1,30,12/06/2004,13/07/2006,Full Time,Uttar Pradesh State Board,Saraswati Vidya Mandir Kanpur,NA,92,10th,14/02/2007,25/03/2010,Full Time,Uttar Pradesh State Board,Radha Niketan College Kanpur,Electronics & Telecommunication,93,12th,14/03/2010,18/09/2014,Full Time,NITA,Motilal Nehru National Institute of Technology Allahabad,Electronics & Telecommunication,81,BE,20/07/2015,22/01/2018,Full Time,NITIE,NITIE Mumbai,Mining Engineering,87,ME,0,29/03/2017,19/09/2018,Full Time,Junior Technical Consultant,TCS,Manufacturing,AGRA,India,,,,,,,,,English,Good,Good,Good,Hindi,Good,Good,Good,Marathi,Good,Good,Good,Guddu,Software Engineer,London,8009800998,,,Naukri.com
88995,Major,Uday,Bhan,uday.bhan@mailinator.com122,7864823122,7894923645,13/04/1990,M,Single,PAN167694122,No,Behind Yaga Baba Hostel Baner,426194,KANPUR,India,579700,1340000,Mumbai,579000,2,1,30,12/06/2004,13/07/2006,Full Time,Uttar Pradesh State Board,Saraswati Vidya Mandir Kanpur,NA,92,10th,14/02/2007,25/03/2010,Full Time,Uttar Pradesh State Board,Radha Niketan College Kanpur,Electronics & Telecommunication,93,12th,14/03/2010,18/09/2014,Full Time,NITA,Motilal Nehru National Institute of Technology Allahabad,Electronics & Telecommunication,81,BE,20/07/2015,22/01/2018,Full Time,NITIE,NITIE Mumbai,Mining Engineering,87,ME,0,29/03/2017,19/09/2018,Full Time,Junior Technical Consultant,TCS,Manufacturing,AGRA,India,,,,,,,,,English,Good,Good,Good,Hindi,Good,Good,Good,Marathi,Good,Good,Good,Guddu,Software Engineer,London,8009800998,,,Naukri.com
88995,Major,Uday,Bhan,uday.bhan@mailinator.com123,7864823123,7894923645,13/04/1990,M,Single,PAN167694123,No,Behind Yaga Baba Hostel Baner,426194,KANPUR,India,579700,1340000,Mumbai,579000,2,1,30,12/06/2004,13/07/2006,Full Time,Uttar Pradesh State Board,Saraswati Vidya Mandir Kanpur,NA,92,10th,14/02/2007,25/03/2010,Full Time,Uttar Pradesh State Board,Radha Niketan College Kanpur,Electronics & Telecommunication,93,12th,14/03/2010,18/09/2014,Full Time,NITA,Motilal Nehru National Institute of Technology Allahabad,Electronics & Telecommunication,81,BE,20/07/2015,22/01/2018,Full Time,NITIE,NITIE Mumbai,Mining Engineering,87,ME,0,29/03/2017,19/09/2018,Full Time,Junior Technical Consultant,TCS,Manufacturing,AGRA,India,,,,,,,,,English,Good,Good,Good,Hindi,Good,Good,Good,Marathi,Good,Good,Good,Guddu,Software Engineer,London,8009800998,,,Naukri.com
88995,Major,Uday,Bhan,uday.bhan@mailinator.com124,7864823124,7894923645,13/04/1990,M,Single,PAN167694124,No,Behind Yaga Baba Hostel Baner,426194,KANPUR,India,579700,1340000,Mumbai,579000,2,1,30,12/06/2004,13/07/2006,Full Time,Uttar Pradesh State Board,Saraswati Vidya Mandir Kanpur,NA,92,10th,14/02/2007,25/03/2010,Full Time,Uttar Pradesh State Board,Radha Niketan College Kanpur,Electronics & Telecommunication,93,12th,14/03/2010,18/09/2014,Full Time,NITA,Motilal Nehru National Institute of Technology Allahabad,Electronics & Telecommunication,81,BE,20/07/2015,22/01/2018,Full Time,NITIE,NITIE Mumbai,Mining Engineering,87,ME,0,29/03/2017,19/09/2018,Full Time,Junior Technical Consultant,TCS,Manufacturing,AGRA,India,,,,,,,,,English,Good,Good,Good,Hindi,Good,Good,Good,Marathi,Good,Good,Good,Guddu,Software Engineer,London,8009800998,,,Naukri.com
88995,Major,Uday,Bhan,uday.bhan@mailinator.com125,7864823125,7894923645,13/04/1990,M,Single,PAN167694125,No,Behind Yaga Baba Hostel Baner,426194,KANPUR,India,579700,1340000,Mumbai,579000,2,1,30,12/06/2004,13/07/2006,Full Time,Uttar Pradesh State Board,Saraswati Vidya Mandir Kanpur,NA,92,10th,14/02/2007,25/03/2010,Full Time,Uttar Pradesh State Board,Radha Niketan College Kanpur,Electronics & Telecommunication,93,12th,14/03/2010,18/09/2014,Full Time,NITA,Motilal Nehru National Institute of Technology Allahabad,Electronics & Telecommunication,81,BE,20/07/2015,22/01/2018,Full Time,NITIE,NITIE Mumbai,Mining Engineering,87,ME,0,29/03/2017,19/09/2018,Full Time,Junior Technical Consultant,TCS,Manufacturing,AGRA,India,,,,,,,,,English,Good,Good,Good,Hindi,Good,Good,Good,Marathi,Good,Good,Good,Guddu,Software Engineer,London,8009800998,,,Naukri.com
88995,Major,Uday,Bhan,uday.bhan@mailinator.com126,7864823126,7894923645,13/04/1990,M,Single,PAN167694126,No,Behind Yaga Baba Hostel Baner,426194,KANPUR,India,579700,1340000,Mumbai,579000,2,1,30,12/06/2004,13/07/2006,Full Time,Uttar Pradesh State Board,Saraswati Vidya Mandir Kanpur,NA,92,10th,14/02/2007,25/03/2010,Full Time,Uttar Pradesh State Board,Radha Niketan College Kanpur,Electronics & Telecommunication,93,12th,14/03/2010,18/09/2014,Full Time,NITA,Motilal Nehru National Institute of Technology Allahabad,Electronics & Telecommunication,81,BE,20/07/2015,22/01/2018,Full Time,NITIE,NITIE Mumbai,Mining Engineering,87,ME,0,29/03/2017,19/09/2018,Full Time,Junior Technical Consultant,TCS,Manufacturing,AGRA,India,,,,,,,,,English,Good,Good,Good,Hindi,Good,Good,Good,Marathi,Good,Good,Good,Guddu,Software Engineer,London,8009800998,,,Naukri.com
88995,Major,Uday,Bhan,uday.bhan@mailinator.com127,7864823127,7894923645,13/04/1990,M,Single,PAN167694127,No,Behind Yaga Baba Hostel Baner,426194,KANPUR,India,579700,1340000,Mumbai,579000,2,1,30,12/06/2004,13/07/2006,Full Time,Uttar Pradesh State Board,Saraswati Vidya Mandir Kanpur,NA,92,10th,14/02/2007,25/03/2010,Full Time,Uttar Pradesh State Board,Radha Niketan College Kanpur,Electronics & Telecommunication,93,12th,14/03/2010,18/09/2014,Full Time,NITA,Motilal Nehru National Institute of Technology Allahabad,Electronics & Telecommunication,81,BE,20/07/2015,22/01/2018,Full Time,NITIE,NITIE Mumbai,Mining Engineering,87,ME,0,29/03/2017,19/09/2018,Full Time,Junior Technical Consultant,TCS,Manufacturing,AGRA,India,,,,,,,,,English,Good,Good,Good,Hindi,Good,Good,Good,Marathi,Good,Good,Good,Guddu,Software Engineer,London,8009800998,,,Naukri.com
88995,Major,Uday,Bhan,uday.bhan@mailinator.com128,7864823128,7894923645,13/04/1990,M,Single,PAN167694128,No,Behind Yaga Baba Hostel Baner,426194,KANPUR,India,579700,1340000,Mumbai,579000,2,1,30,12/06/2004,13/07/2006,Full Time,Uttar Pradesh State Board,Saraswati Vidya Mandir Kanpur,NA,92,10th,14/02/2007,25/03/2010,Full Time,Uttar Pradesh State Board,Radha Niketan College Kanpur,Electronics & Telecommunication,93,12th,14/03/2010,18/09/2014,Full Time,NITA,Motilal Nehru National Institute of Technology Allahabad,Electronics & Telecommunication,81,BE,20/07/2015,22/01/2018,Full Time,NITIE,NITIE Mumbai,Mining Engineering,87,ME,0,29/03/2017,19/09/2018,Full Time,Junior Technical Consultant,TCS,Manufacturing,AGRA,India,,,,,,,,,English,Good,Good,Good,Hindi,Good,Good,Good,Marathi,Good,Good,Good,Guddu,Software Engineer,London,8009800998,,,Naukri.com
88995,Major,Uday,Bhan,uday.bhan@mailinator.com129,7864823129,7894923645,13/04/1990,M,Single,PAN167694129,No,Behind Yaga Baba Hostel Baner,426194,KANPUR,India,579700,1340000,Mumbai,579000,2,1,30,12/06/2004,13/07/2006,Full Time,Uttar Pradesh State Board,Saraswati Vidya Mandir Kanpur,NA,92,10th,14/02/2007,25/03/2010,Full Time,Uttar Pradesh State Board,Radha Niketan College Kanpur,Electronics & Telecommunication,93,12th,14/03/2010,18/09/2014,Full Time,NITA,Motilal Nehru National Institute of Technology Allahabad,Electronics & Telecommunication,81,BE,20/07/2015,22/01/2018,Full Time,NITIE,NITIE Mumbai,Mining Engineering,87,ME,0,29/03/2017,19/09/2018,Full Time,Junior Technical Consultant,TCS,Manufacturing,AGRA,India,,,,,,,,,English,Good,Good,Good,Hindi,Good,Good,Good,Marathi,Good,Good,Good,Guddu,Software Engineer,London,8009800998,,,Naukri.com
88995,Major,Uday,Bhan,uday.bhan@mailinator.com130,7864823130,7894923645,13/04/1990,M,Single,PAN167694130,No,Behind Yaga Baba Hostel Baner,426194,KANPUR,India,579700,1340000,Mumbai,579000,2,1,30,12/06/2004,13/07/2006,Full Time,Uttar Pradesh State Board,Saraswati Vidya Mandir Kanpur,NA,92,10th,14/02/2007,25/03/2010,Full Time,Uttar Pradesh State Board,Radha Niketan College Kanpur,Electronics & Telecommunication,93,12th,14/03/2010,18/09/2014,Full Time,NITA,Motilal Nehru National Institute of Technology Allahabad,Electronics & Telecommunication,81,BE,20/07/2015,22/01/2018,Full Time,NITIE,NITIE Mumbai,Mining Engineering,87,ME,0,29/03/2017,19/09/2018,Full Time,Junior Technical Consultant,TCS,Manufacturing,AGRA,India,,,,,,,,,English,Good,Good,Good,Hindi,Good,Good,Good,Marathi,Good,Good,Good,Guddu,Software Engineer,London,8009800998,,,Naukri.com
88995,Major,Uday,Bhan,uday.bhan@mailinator.com131,7864823131,7894923645,13/04/1990,M,Single,PAN167694131,No,Behind Yaga Baba Hostel Baner,426194,KANPUR,India,579700,1340000,Mumbai,579000,2,1,30,12/06/2004,13/07/2006,Full Time,Uttar Pradesh State Board,Saraswati Vidya Mandir Kanpur,NA,92,10th,14/02/2007,25/03/2010,Full Time,Uttar Pradesh State Board,Radha Niketan College Kanpur,Electronics & Telecommunication,93,12th,14/03/2010,18/09/2014,Full Time,NITA,Motilal Nehru National Institute of Technology Allahabad,Electronics & Telecommunication,81,BE,20/07/2015,22/01/2018,Full Time,NITIE,NITIE Mumbai,Mining Engineering,87,ME,0,29/03/2017,19/09/2018,Full Time,Junior Technical Consultant,TCS,Manufacturing,AGRA,India,,,,,,,,,English,Good,Good,Good,Hindi,Good,Good,Good,Marathi,Good,Good,Good,Guddu,Software Engineer,London,8009800998,,,Naukri.com
88995,Major,Uday,Bhan,uday.bhan@mailinator.com132,7864823132,7894923645,13/04/1990,M,Single,PAN167694132,No,Behind Yaga Baba Hostel Baner,426194,KANPUR,India,579700,1340000,Mumbai,579000,2,1,30,12/06/2004,13/07/2006,Full Time,Uttar Pradesh State Board,Saraswati Vidya Mandir Kanpur,NA,92,10th,14/02/2007,25/03/2010,Full Time,Uttar Pradesh State Board,Radha Niketan College Kanpur,Electronics & Telecommunication,93,12th,14/03/2010,18/09/2014,Full Time,NITA,Motilal Nehru National Institute of Technology Allahabad,Electronics & Telecommunication,81,BE,20/07/2015,22/01/2018,Full Time,NITIE,NITIE Mumbai,Mining Engineering,87,ME,0,29/03/2017,19/09/2018,Full Time,Junior Technical Consultant,TCS,Manufacturing,AGRA,India,,,,,,,,,English,Good,Good,Good,Hindi,Good,Good,Good,Marathi,Good,Good,Good,Guddu,Software Engineer,London,8009800998,,,Naukri.com
88995,Major,Uday,Bhan,uday.bhan@mailinator.com133,7864823133,7894923645,13/04/1990,M,Single,PAN167694133,No,Behind Yaga Baba Hostel Baner,426194,KANPUR,India,579700,1340000,Mumbai,579000,2,1,30,12/06/2004,13/07/2006,Full Time,Uttar Pradesh State Board,Saraswati Vidya Mandir Kanpur,NA,92,10th,14/02/2007,25/03/2010,Full Time,Uttar Pradesh State Board,Radha Niketan College Kanpur,Electronics & Telecommunication,93,12th,14/03/2010,18/09/2014,Full Time,NITA,Motilal Nehru National Institute of Technology Allahabad,Electronics & Telecommunication,81,BE,20/07/2015,22/01/2018,Full Time,NITIE,NITIE Mumbai,Mining Engineering,87,ME,0,29/03/2017,19/09/2018,Full Time,Junior Technical Consultant,TCS,Manufacturing,AGRA,India,,,,,,,,,English,Good,Good,Good,Hindi,Good,Good,Good,Marathi,Good,Good,Good,Guddu,Software Engineer,London,8009800998,,,Naukri.com
88995,Major,Uday,Bhan,uday.bhan@mailinator.com134,7864823134,7894923645,13/04/1990,M,Single,PAN167694134,No,Behind Yaga Baba Hostel Baner,426194,KANPUR,India,579700,1340000,Mumbai,579000,2,1,30,12/06/2004,13/07/2006,Full Time,Uttar Pradesh State Board,Saraswati Vidya Mandir Kanpur,NA,92,10th,14/02/2007,25/03/2010,Full Time,Uttar Pradesh State Board,Radha Niketan College Kanpur,Electronics & Telecommunication,93,12th,14/03/2010,18/09/2014,Full Time,NITA,Motilal Nehru National Institute of Technology Allahabad,Electronics & Telecommunication,81,BE,20/07/2015,22/01/2018,Full Time,NITIE,NITIE Mumbai,Mining Engineering,87,ME,0,29/03/2017,19/09/2018,Full Time,Junior Technical Consultant,TCS,Manufacturing,AGRA,India,,,,,,,,,English,Good,Good,Good,Hindi,Good,Good,Good,Marathi,Good,Good,Good,Guddu,Software Engineer,London,8009800998,,,Naukri.com
88995,Major,Uday,Bhan,uday.bhan@mailinator.com135,7864823135,7894923645,13/04/1990,M,Single,PAN167694135,No,Behind Yaga Baba Hostel Baner,426194,KANPUR,India,579700,1340000,Mumbai,579000,2,1,30,12/06/2004,13/07/2006,Full Time,Uttar Pradesh State Board,Saraswati Vidya Mandir Kanpur,NA,92,10th,14/02/2007,25/03/2010,Full Time,Uttar Pradesh State Board,Radha Niketan College Kanpur,Electronics & Telecommunication,93,12th,14/03/2010,18/09/2014,Full Time,NITA,Motilal Nehru National Institute of Technology Allahabad,Electronics & Telecommunication,81,BE,20/07/2015,22/01/2018,Full Time,NITIE,NITIE Mumbai,Mining Engineering,87,ME,0,29/03/2017,19/09/2018,Full Time,Junior Technical Consultant,TCS,Manufacturing,AGRA,India,,,,,,,,,English,Good,Good,Good,Hindi,Good,Good,Good,Marathi,Good,Good,Good,Guddu,Software Engineer,London,8009800998,,,Naukri.com
88995,Major,Uday,Bhan,uday.bhan@mailinator.com136,7864823136,7894923645,13/04/1990,M,Single,PAN167694136,No,Behind Yaga Baba Hostel Baner,426194,KANPUR,India,579700,1340000,Mumbai,579000,2,1,30,12/06/2004,13/07/2006,Full Time,Uttar Pradesh State Board,Saraswati Vidya Mandir Kanpur,NA,92,10th,14/02/2007,25/03/2010,Full Time,Uttar Pradesh State Board,Radha Niketan College Kanpur,Electronics & Telecommunication,93,12th,14/03/2010,18/09/2014,Full Time,NITA,Motilal Nehru National Institute of Technology Allahabad,Electronics & Telecommunication,81,BE,20/07/2015,22/01/2018,Full Time,NITIE,NITIE Mumbai,Mining Engineering,87,ME,0,29/03/2017,19/09/2018,Full Time,Junior Technical Consultant,TCS,Manufacturing,AGRA,India,,,,,,,,,English,Good,Good,Good,Hindi,Good,Good,Good,Marathi,Good,Good,Good,Guddu,Software Engineer,London,8009800998,,,Naukri.com
88995,Major,Uday,Bhan,uday.bhan@mailinator.com137,7864823137,7894923645,13/04/1990,M,Single,PAN167694137,No,Behind Yaga Baba Hostel Baner,426194,KANPUR,India,579700,1340000,Mumbai,579000,2,1,30,12/06/2004,13/07/2006,Full Time,Uttar Pradesh State Board,Saraswati Vidya Mandir Kanpur,NA,92,10th,14/02/2007,25/03/2010,Full Time,Uttar Pradesh State Board,Radha Niketan College Kanpur,Electronics & Telecommunication,93,12th,14/03/2010,18/09/2014,Full Time,NITA,Motilal Nehru National Institute of Technology Allahabad,Electronics & Telecommunication,81,BE,20/07/2015,22/01/2018,Full Time,NITIE,NITIE Mumbai,Mining Engineering,87,ME,0,29/03/2017,19/09/2018,Full Time,Junior Technical Consultant,TCS,Manufacturing,AGRA,India,,,,,,,,,English,Good,Good,Good,Hindi,Good,Good,Good,Marathi,Good,Good,Good,Guddu,Software Engineer,London,8009800998,,,Naukri.com
88995,Major,Uday,Bhan,uday.bhan@mailinator.com138,7864823138,7894923645,13/04/1990,M,Single,PAN167694138,No,Behind Yaga Baba Hostel Baner,426194,KANPUR,India,579700,1340000,Mumbai,579000,2,1,30,12/06/2004,13/07/2006,Full Time,Uttar Pradesh State Board,Saraswati Vidya Mandir Kanpur,NA,92,10th,14/02/2007,25/03/2010,Full Time,Uttar Pradesh State Board,Radha Niketan College Kanpur,Electronics & Telecommunication,93,12th,14/03/2010,18/09/2014,Full Time,NITA,Motilal Nehru National Institute of Technology Allahabad,Electronics & Telecommunication,81,BE,20/07/2015,22/01/2018,Full Time,NITIE,NITIE Mumbai,Mining Engineering,87,ME,0,29/03/2017,19/09/2018,Full Time,Junior Technical Consultant,TCS,Manufacturing,AGRA,India,,,,,,,,,English,Good,Good,Good,Hindi,Good,Good,Good,Marathi,Good,Good,Good,Guddu,Software Engineer,London,8009800998,,,Naukri.com
88995,Major,Uday,Bhan,uday.bhan@mailinator.com139,7864823139,7894923645,13/04/1990,M,Single,PAN167694139,No,Behind Yaga Baba Hostel Baner,426194,KANPUR,India,579700,1340000,Mumbai,579000,2,1,30,12/06/2004,13/07/2006,Full Time,Uttar Pradesh State Board,Saraswati Vidya Mandir Kanpur,NA,92,10th,14/02/2007,25/03/2010,Full Time,Uttar Pradesh State Board,Radha Niketan College Kanpur,Electronics & Telecommunication,93,12th,14/03/2010,18/09/2014,Full Time,NITA,Motilal Nehru National Institute of Technology Allahabad,Electronics & Telecommunication,81,BE,20/07/2015,22/01/2018,Full Time,NITIE,NITIE Mumbai,Mining Engineering,87,ME,0,29/03/2017,19/09/2018,Full Time,Junior Technical Consultant,TCS,Manufacturing,AGRA,India,,,,,,,,,English,Good,Good,Good,Hindi,Good,Good,Good,Marathi,Good,Good,Good,Guddu,Software Engineer,London,8009800998,,,Naukri.com
88995,Major,Uday,Bhan,uday.bhan@mailinator.com140,7864823140,7894923645,13/04/1990,M,Single,PAN167694140,No,Behind Yaga Baba Hostel Baner,426194,KANPUR,India,579700,1340000,Mumbai,579000,2,1,30,12/06/2004,13/07/2006,Full Time,Uttar Pradesh State Board,Saraswati Vidya Mandir Kanpur,NA,92,10th,14/02/2007,25/03/2010,Full Time,Uttar Pradesh State Board,Radha Niketan College Kanpur,Electronics & Telecommunication,93,12th,14/03/2010,18/09/2014,Full Time,NITA,Motilal Nehru National Institute of Technology Allahabad,Electronics & Telecommunication,81,BE,20/07/2015,22/01/2018,Full Time,NITIE,NITIE Mumbai,Mining Engineering,87,ME,0,29/03/2017,19/09/2018,Full Time,Junior Technical Consultant,TCS,Manufacturing,AGRA,India,,,,,,,,,English,Good,Good,Good,Hindi,Good,Good,Good,Marathi,Good,Good,Good,Guddu,Software Engineer,London,8009800998,,,Naukri.com
88995,Major,Uday,Bhan,uday.bhan@mailinator.com141,7864823141,7894923645,13/04/1990,M,Single,PAN167694141,No,Behind Yaga Baba Hostel Baner,426194,KANPUR,India,579700,1340000,Mumbai,579000,2,1,30,12/06/2004,13/07/2006,Full Time,Uttar Pradesh State Board,Saraswati Vidya Mandir Kanpur,NA,92,10th,14/02/2007,25/03/2010,Full Time,Uttar Pradesh State Board,Radha Niketan College Kanpur,Electronics & Telecommunication,93,12th,14/03/2010,18/09/2014,Full Time,NITA,Motilal Nehru National Institute of Technology Allahabad,Electronics & Telecommunication,81,BE,20/07/2015,22/01/2018,Full Time,NITIE,NITIE Mumbai,Mining Engineering,87,ME,0,29/03/2017,19/09/2018,Full Time,Junior Technical Consultant,TCS,Manufacturing,AGRA,India,,,,,,,,,English,Good,Good,Good,Hindi,Good,Good,Good,Marathi,Good,Good,Good,Guddu,Software Engineer,London,8009800998,,,Naukri.com
88995,Major,Uday,Bhan,uday.bhan@mailinator.com142,7864823142,7894923645,13/04/1990,M,Single,PAN167694142,No,Behind Yaga Baba Hostel Baner,426194,KANPUR,India,579700,1340000,Mumbai,579000,2,1,30,12/06/2004,13/07/2006,Full Time,Uttar Pradesh State Board,Saraswati Vidya Mandir Kanpur,NA,92,10th,14/02/2007,25/03/2010,Full Time,Uttar Pradesh State Board,Radha Niketan College Kanpur,Electronics & Telecommunication,93,12th,14/03/2010,18/09/2014,Full Time,NITA,Motilal Nehru National Institute of Technology Allahabad,Electronics & Telecommunication,81,BE,20/07/2015,22/01/2018,Full Time,NITIE,NITIE Mumbai,Mining Engineering,87,ME,0,29/03/2017,19/09/2018,Full Time,Junior Technical Consultant,TCS,Manufacturing,AGRA,India,,,,,,,,,English,Good,Good,Good,Hindi,Good,Good,Good,Marathi,Good,Good,Good,Guddu,Software Engineer,London,8009800998,,,Naukri.com
88995,Major,Uday,Bhan,uday.bhan@mailinator.com143,7864823143,7894923645,13/04/1990,M,Single,PAN167694143,No,Behind Yaga Baba Hostel Baner,426194,KANPUR,India,579700,1340000,Mumbai,579000,2,1,30,12/06/2004,13/07/2006,Full Time,Uttar Pradesh State Board,Saraswati Vidya Mandir Kanpur,NA,92,10th,14/02/2007,25/03/2010,Full Time,Uttar Pradesh State Board,Radha Niketan College Kanpur,Electronics & Telecommunication,93,12th,14/03/2010,18/09/2014,Full Time,NITA,Motilal Nehru National Institute of Technology Allahabad,Electronics & Telecommunication,81,BE,20/07/2015,22/01/2018,Full Time,NITIE,NITIE Mumbai,Mining Engineering,87,ME,0,29/03/2017,19/09/2018,Full Time,Junior Technical Consultant,TCS,Manufacturing,AGRA,India,,,,,,,,,English,Good,Good,Good,Hindi,Good,Good,Good,Marathi,Good,Good,Good,Guddu,Software Engineer,London,8009800998,,,Naukri.com
88995,Major,Uday,Bhan,uday.bhan@mailinator.com144,7864823144,7894923645,13/04/1990,M,Single,PAN167694144,No,Behind Yaga Baba Hostel Baner,426194,KANPUR,India,579700,1340000,Mumbai,579000,2,1,30,12/06/2004,13/07/2006,Full Time,Uttar Pradesh State Board,Saraswati Vidya Mandir Kanpur,NA,92,10th,14/02/2007,25/03/2010,Full Time,Uttar Pradesh State Board,Radha Niketan College Kanpur,Electronics & Telecommunication,93,12th,14/03/2010,18/09/2014,Full Time,NITA,Motilal Nehru National Institute of Technology Allahabad,Electronics & Telecommunication,81,BE,20/07/2015,22/01/2018,Full Time,NITIE,NITIE Mumbai,Mining Engineering,87,ME,0,29/03/2017,19/09/2018,Full Time,Junior Technical Consultant,TCS,Manufacturing,AGRA,India,,,,,,,,,English,Good,Good,Good,Hindi,Good,Good,Good,Marathi,Good,Good,Good,Guddu,Software Engineer,London,8009800998,,,Naukri.com
88995,Major,Uday,Bhan,uday.bhan@mailinator.com145,7864823145,7894923645,13/04/1990,M,Single,PAN167694145,No,Behind Yaga Baba Hostel Baner,426194,KANPUR,India,579700,1340000,Mumbai,579000,2,1,30,12/06/2004,13/07/2006,Full Time,Uttar Pradesh State Board,Saraswati Vidya Mandir Kanpur,NA,92,10th,14/02/2007,25/03/2010,Full Time,Uttar Pradesh State Board,Radha Niketan College Kanpur,Electronics & Telecommunication,93,12th,14/03/2010,18/09/2014,Full Time,NITA,Motilal Nehru National Institute of Technology Allahabad,Electronics & Telecommunication,81,BE,20/07/2015,22/01/2018,Full Time,NITIE,NITIE Mumbai,Mining Engineering,87,ME,0,29/03/2017,19/09/2018,Full Time,Junior Technical Consultant,TCS,Manufacturing,AGRA,India,,,,,,,,,English,Good,Good,Good,Hindi,Good,Good,Good,Marathi,Good,Good,Good,Guddu,Software Engineer,London,8009800998,,,Naukri.com
88995,Major,Uday,Bhan,uday.bhan@mailinator.com146,7864823146,7894923645,13/04/1990,M,Single,PAN167694146,No,Behind Yaga Baba Hostel Baner,426194,KANPUR,India,579700,1340000,Mumbai,579000,2,1,30,12/06/2004,13/07/2006,Full Time,Uttar Pradesh State Board,Saraswati Vidya Mandir Kanpur,NA,92,10th,14/02/2007,25/03/2010,Full Time,Uttar Pradesh State Board,Radha Niketan College Kanpur,Electronics & Telecommunication,93,12th,14/03/2010,18/09/2014,Full Time,NITA,Motilal Nehru National Institute of Technology Allahabad,Electronics & Telecommunication,81,BE,20/07/2015,22/01/2018,Full Time,NITIE,NITIE Mumbai,Mining Engineering,87,ME,0,29/03/2017,19/09/2018,Full Time,Junior Technical Consultant,TCS,Manufacturing,AGRA,India,,,,,,,,,English,Good,Good,Good,Hindi,Good,Good,Good,Marathi,Good,Good,Good,Guddu,Software Engineer,London,8009800998,,,Naukri.com
88995,Major,Uday,Bhan,uday.bhan@mailinator.com147,7864823147,7894923645,13/04/1990,M,Single,PAN167694147,No,Behind Yaga Baba Hostel Baner,426194,KANPUR,India,579700,1340000,Mumbai,579000,2,1,30,12/06/2004,13/07/2006,Full Time,Uttar Pradesh State Board,Saraswati Vidya Mandir Kanpur,NA,92,10th,14/02/2007,25/03/2010,Full Time,Uttar Pradesh State Board,Radha Niketan College Kanpur,Electronics & Telecommunication,93,12th,14/03/2010,18/09/2014,Full Time,NITA,Motilal Nehru National Institute of Technology Allahabad,Electronics & Telecommunication,81,BE,20/07/2015,22/01/2018,Full Time,NITIE,NITIE Mumbai,Mining Engineering,87,ME,0,29/03/2017,19/09/2018,Full Time,Junior Technical Consultant,TCS,Manufacturing,AGRA,India,,,,,,,,,English,Good,Good,Good,Hindi,Good,Good,Good,Marathi,Good,Good,Good,Guddu,Software Engineer,London,8009800998,,,Naukri.com
88995,Major,Uday,Bhan,uday.bhan@mailinator.com148,7864823148,7894923645,13/04/1990,M,Single,PAN167694148,No,Behind Yaga Baba Hostel Baner,426194,KANPUR,India,579700,1340000,Mumbai,579000,2,1,30,12/06/2004,13/07/2006,Full Time,Uttar Pradesh State Board,Saraswati Vidya Mandir Kanpur,NA,92,10th,14/02/2007,25/03/2010,Full Time,Uttar Pradesh State Board,Radha Niketan College Kanpur,Electronics & Telecommunication,93,12th,14/03/2010,18/09/2014,Full Time,NITA,Motilal Nehru National Institute of Technology Allahabad,Electronics & Telecommunication,81,BE,20/07/2015,22/01/2018,Full Time,NITIE,NITIE Mumbai,Mining Engineering,87,ME,0,29/03/2017,19/09/2018,Full Time,Junior Technical Consultant,TCS,Manufacturing,AGRA,India,,,,,,,,,English,Good,Good,Good,Hindi,Good,Good,Good,Marathi,Good,Good,Good,Guddu,Software Engineer,London,8009800998,,,Naukri.com
88995,Major,Uday,Bhan,uday.bhan@mailinator.com149,7864823149,7894923645,13/04/1990,M,Single,PAN167694149,No,Behind Yaga Baba Hostel Baner,426194,KANPUR,India,579700,1340000,Mumbai,579000,2,1,30,12/06/2004,13/07/2006,Full Time,Uttar Pradesh State Board,Saraswati Vidya Mandir Kanpur,NA,92,10th,14/02/2007,25/03/2010,Full Time,Uttar Pradesh State Board,Radha Niketan College Kanpur,Electronics & Telecommunication,93,12th,14/03/2010,18/09/2014,Full Time,NITA,Motilal Nehru National Institute of Technology Allahabad,Electronics & Telecommunication,81,BE,20/07/2015,22/01/2018,Full Time,NITIE,NITIE Mumbai,Mining Engineering,87,ME,0,29/03/2017,19/09/2018,Full Time,Junior Technical Consultant,TCS,Manufacturing,AGRA,India,,,,,,,,,English,Good,Good,Good,Hindi,Good,Good,Good,Marathi,Good,Good,Good,Guddu,Software Engineer,London,8009800998,,,Naukri.com
88995,Major,Uday,Bhan,uday.bhan@mailinator.com150,7864823150,7894923645,13/04/1990,M,Single,PAN167694150,No,Behind Yaga Baba Hostel Baner,426194,KANPUR,India,579700,1340000,Mumbai,579000,2,1,30,12/06/2004,13/07/2006,Full Time,Uttar Pradesh State Board,Saraswati Vidya Mandir Kanpur,NA,92,10th,14/02/2007,25/03/2010,Full Time,Uttar Pradesh State Board,Radha Niketan College Kanpur,Electronics & Telecommunication,93,12th,14/03/2010,18/09/2014,Full Time,NITA,Motilal Nehru National Institute of Technology Allahabad,Electronics & Telecommunication,81,BE,20/07/2015,22/01/2018,Full Time,NITIE,NITIE Mumbai,Mining Engineering,87,ME,0,29/03/2017,19/09/2018,Full Time,Junior Technical Consultant,TCS,Manufacturing,AGRA,India,,,,,,,,,English,Good,Good,Good,Hindi,Good,Good,Good,Marathi,Good,Good,Good,Guddu,Software Engineer,London,8009800998,,,Naukri.com
88995,Major,Uday,Bhan,uday.bhan@mailinator.com151,7864823151,7894923645,13/04/1990,M,Single,PAN167694151,No,Behind Yaga Baba Hostel Baner,426194,KANPUR,India,579700,1340000,Mumbai,579000,2,1,30,12/06/2004,13/07/2006,Full Time,Uttar Pradesh State Board,Saraswati Vidya Mandir Kanpur,NA,92,10th,14/02/2007,25/03/2010,Full Time,Uttar Pradesh State Board,Radha Niketan College Kanpur,Electronics & Telecommunication,93,12th,14/03/2010,18/09/2014,Full Time,NITA,Motilal Nehru National Institute of Technology Allahabad,Electronics & Telecommunication,81,BE,20/07/2015,22/01/2018,Full Time,NITIE,NITIE Mumbai,Mining Engineering,87,ME,0,29/03/2017,19/09/2018,Full Time,Junior Technical Consultant,TCS,Manufacturing,AGRA,India,,,,,,,,,English,Good,Good,Good,Hindi,Good,Good,Good,Marathi,Good,Good,Good,Guddu,Software Engineer,London,8009800998,,,Naukri.com
88995,Major,Uday,Bhan,uday.bhan@mailinator.com152,7864823152,7894923645,13/04/1990,M,Single,PAN167694152,No,Behind Yaga Baba Hostel Baner,426194,KANPUR,India,579700,1340000,Mumbai,579000,2,1,30,12/06/2004,13/07/2006,Full Time,Uttar Pradesh State Board,Saraswati Vidya Mandir Kanpur,NA,92,10th,14/02/2007,25/03/2010,Full Time,Uttar Pradesh State Board,Radha Niketan College Kanpur,Electronics & Telecommunication,93,12th,14/03/2010,18/09/2014,Full Time,NITA,Motilal Nehru National Institute of Technology Allahabad,Electronics & Telecommunication,81,BE,20/07/2015,22/01/2018,Full Time,NITIE,NITIE Mumbai,Mining Engineering,87,ME,0,29/03/2017,19/09/2018,Full Time,Junior Technical Consultant,TCS,Manufacturing,AGRA,India,,,,,,,,,English,Good,Good,Good,Hindi,Good,Good,Good,Marathi,Good,Good,Good,Guddu,Software Engineer,London,8009800998,,,Naukri.com
88995,Major,Uday,Bhan,uday.bhan@mailinator.com153,7864823153,7894923645,13/04/1990,M,Single,PAN167694153,No,Behind Yaga Baba Hostel Baner,426194,KANPUR,India,579700,1340000,Mumbai,579000,2,1,30,12/06/2004,13/07/2006,Full Time,Uttar Pradesh State Board,Saraswati Vidya Mandir Kanpur,NA,92,10th,14/02/2007,25/03/2010,Full Time,Uttar Pradesh State Board,Radha Niketan College Kanpur,Electronics & Telecommunication,93,12th,14/03/2010,18/09/2014,Full Time,NITA,Motilal Nehru National Institute of Technology Allahabad,Electronics & Telecommunication,81,BE,20/07/2015,22/01/2018,Full Time,NITIE,NITIE Mumbai,Mining Engineering,87,ME,0,29/03/2017,19/09/2018,Full Time,Junior Technical Consultant,TCS,Manufacturing,AGRA,India,,,,,,,,,English,Good,Good,Good,Hindi,Good,Good,Good,Marathi,Good,Good,Good,Guddu,Software Engineer,London,8009800998,,,Naukri.com
88995,Major,Uday,Bhan,uday.bhan@mailinator.com154,7864823154,7894923645,13/04/1990,M,Single,PAN167694154,No,Behind Yaga Baba Hostel Baner,426194,KANPUR,India,579700,1340000,Mumbai,579000,2,1,30,12/06/2004,13/07/2006,Full Time,Uttar Pradesh State Board,Saraswati Vidya Mandir Kanpur,NA,92,10th,14/02/2007,25/03/2010,Full Time,Uttar Pradesh State Board,Radha Niketan College Kanpur,Electronics & Telecommunication,93,12th,14/03/2010,18/09/2014,Full Time,NITA,Motilal Nehru National Institute of Technology Allahabad,Electronics & Telecommunication,81,BE,20/07/2015,22/01/2018,Full Time,NITIE,NITIE Mumbai,Mining Engineering,87,ME,0,29/03/2017,19/09/2018,Full Time,Junior Technical Consultant,TCS,Manufacturing,AGRA,India,,,,,,,,,English,Good,Good,Good,Hindi,Good,Good,Good,Marathi,Good,Good,Good,Guddu,Software Engineer,London,8009800998,,,Naukri.com
88995,Major,Uday,Bhan,uday.bhan@mailinator.com155,7864823155,7894923645,13/04/1990,M,Single,PAN167694155,No,Behind Yaga Baba Hostel Baner,426194,KANPUR,India,579700,1340000,Mumbai,579000,2,1,30,12/06/2004,13/07/2006,Full Time,Uttar Pradesh State Board,Saraswati Vidya Mandir Kanpur,NA,92,10th,14/02/2007,25/03/2010,Full Time,Uttar Pradesh State Board,Radha Niketan College Kanpur,Electronics & Telecommunication,93,12th,14/03/2010,18/09/2014,Full Time,NITA,Motilal Nehru National Institute of Technology Allahabad,Electronics & Telecommunication,81,BE,20/07/2015,22/01/2018,Full Time,NITIE,NITIE Mumbai,Mining Engineering,87,ME,0,29/03/2017,19/09/2018,Full Time,Junior Technical Consultant,TCS,Manufacturing,AGRA,India,,,,,,,,,English,Good,Good,Good,Hindi,Good,Good,Good,Marathi,Good,Good,Good,Guddu,Software Engineer,London,8009800998,,,Naukri.com
88995,Major,Uday,Bhan,uday.bhan@mailinator.com156,7864823156,7894923645,13/04/1990,M,Single,PAN167694156,No,Behind Yaga Baba Hostel Baner,426194,KANPUR,India,579700,1340000,Mumbai,579000,2,1,30,12/06/2004,13/07/2006,Full Time,Uttar Pradesh State Board,Saraswati Vidya Mandir Kanpur,NA,92,10th,14/02/2007,25/03/2010,Full Time,Uttar Pradesh State Board,Radha Niketan College Kanpur,Electronics & Telecommunication,93,12th,14/03/2010,18/09/2014,Full Time,NITA,Motilal Nehru National Institute of Technology Allahabad,Electronics & Telecommunication,81,BE,20/07/2015,22/01/2018,Full Time,NITIE,NITIE Mumbai,Mining Engineering,87,ME,0,29/03/2017,19/09/2018,Full Time,Junior Technical Consultant,TCS,Manufacturing,AGRA,India,,,,,,,,,English,Good,Good,Good,Hindi,Good,Good,Good,Marathi,Good,Good,Good,Guddu,Software Engineer,London,8009800998,,,Naukri.com
88995,Major,Uday,Bhan,uday.bhan@mailinator.com157,7864823157,7894923645,13/04/1990,M,Single,PAN167694157,No,Behind Yaga Baba Hostel Baner,426194,KANPUR,India,579700,1340000,Mumbai,579000,2,1,30,12/06/2004,13/07/2006,Full Time,Uttar Pradesh State Board,Saraswati Vidya Mandir Kanpur,NA,92,10th,14/02/2007,25/03/2010,Full Time,Uttar Pradesh State Board,Radha Niketan College Kanpur,Electronics & Telecommunication,93,12th,14/03/2010,18/09/2014,Full Time,NITA,Motilal Nehru National Institute of Technology Allahabad,Electronics & Telecommunication,81,BE,20/07/2015,22/01/2018,Full Time,NITIE,NITIE Mumbai,Mining Engineering,87,ME,0,29/03/2017,19/09/2018,Full Time,Junior Technical Consultant,TCS,Manufacturing,AGRA,India,,,,,,,,,English,Good,Good,Good,Hindi,Good,Good,Good,Marathi,Good,Good,Good,Guddu,Software Engineer,London,8009800998,,,Naukri.com
88995,Major,Uday,Bhan,uday.bhan@mailinator.com158,7864823158,7894923645,13/04/1990,M,Single,PAN167694158,No,Behind Yaga Baba Hostel Baner,426194,KANPUR,India,579700,1340000,Mumbai,579000,2,1,30,12/06/2004,13/07/2006,Full Time,Uttar Pradesh State Board,Saraswati Vidya Mandir Kanpur,NA,92,10th,14/02/2007,25/03/2010,Full Time,Uttar Pradesh State Board,Radha Niketan College Kanpur,Electronics & Telecommunication,93,12th,14/03/2010,18/09/2014,Full Time,NITA,Motilal Nehru National Institute of Technology Allahabad,Electronics & Telecommunication,81,BE,20/07/2015,22/01/2018,Full Time,NITIE,NITIE Mumbai,Mining Engineering,87,ME,0,29/03/2017,19/09/2018,Full Time,Junior Technical Consultant,TCS,Manufacturing,AGRA,India,,,,,,,,,English,Good,Good,Good,Hindi,Good,Good,Good,Marathi,Good,Good,Good,Guddu,Software Engineer,London,8009800998,,,Naukri.com
88995,Major,Uday,Bhan,uday.bhan@mailinator.com159,7864823159,7894923645,13/04/1990,M,Single,PAN167694159,No,Behind Yaga Baba Hostel Baner,426194,KANPUR,India,579700,1340000,Mumbai,579000,2,1,30,12/06/2004,13/07/2006,Full Time,Uttar Pradesh State Board,Saraswati Vidya Mandir Kanpur,NA,92,10th,14/02/2007,25/03/2010,Full Time,Uttar Pradesh State Board,Radha Niketan College Kanpur,Electronics & Telecommunication,93,12th,14/03/2010,18/09/2014,Full Time,NITA,Motilal Nehru National Institute of Technology Allahabad,Electronics & Telecommunication,81,BE,20/07/2015,22/01/2018,Full Time,NITIE,NITIE Mumbai,Mining Engineering,87,ME,0,29/03/2017,19/09/2018,Full Time,Junior Technical Consultant,TCS,Manufacturing,AGRA,India,,,,,,,,,English,Good,Good,Good,Hindi,Good,Good,Good,Marathi,Good,Good,Good,Guddu,Software Engineer,London,8009800998,,,Naukri.com
88995,Major,Uday,Bhan,uday.bhan@mailinator.com160,7864823160,7894923645,13/04/1990,M,Single,PAN167694160,No,Behind Yaga Baba Hostel Baner,426194,KANPUR,India,579700,1340000,Mumbai,579000,2,1,30,12/06/2004,13/07/2006,Full Time,Uttar Pradesh State Board,Saraswati Vidya Mandir Kanpur,NA,92,10th,14/02/2007,25/03/2010,Full Time,Uttar Pradesh State Board,Radha Niketan College Kanpur,Electronics & Telecommunication,93,12th,14/03/2010,18/09/2014,Full Time,NITA,Motilal Nehru National Institute of Technology Allahabad,Electronics & Telecommunication,81,BE,20/07/2015,22/01/2018,Full Time,NITIE,NITIE Mumbai,Mining Engineering,87,ME,0,29/03/2017,19/09/2018,Full Time,Junior Technical Consultant,TCS,Manufacturing,AGRA,India,,,,,,,,,English,Good,Good,Good,Hindi,Good,Good,Good,Marathi,Good,Good,Good,Guddu,Software Engineer,London,8009800998,,,Naukri.com
88995,Major,Uday,Bhan,uday.bhan@mailinator.com161,7864823161,7894923645,13/04/1990,M,Single,PAN167694161,No,Behind Yaga Baba Hostel Baner,426194,KANPUR,India,579700,1340000,Mumbai,579000,2,1,30,12/06/2004,13/07/2006,Full Time,Uttar Pradesh State Board,Saraswati Vidya Mandir Kanpur,NA,92,10th,14/02/2007,25/03/2010,Full Time,Uttar Pradesh State Board,Radha Niketan College Kanpur,Electronics & Telecommunication,93,12th,14/03/2010,18/09/2014,Full Time,NITA,Motilal Nehru National Institute of Technology Allahabad,Electronics & Telecommunication,81,BE,20/07/2015,22/01/2018,Full Time,NITIE,NITIE Mumbai,Mining Engineering,87,ME,0,29/03/2017,19/09/2018,Full Time,Junior Technical Consultant,TCS,Manufacturing,AGRA,India,,,,,,,,,English,Good,Good,Good,Hindi,Good,Good,Good,Marathi,Good,Good,Good,Guddu,Software Engineer,London,8009800998,,,Naukri.com
88995,Major,Uday,Bhan,uday.bhan@mailinator.com162,7864823162,7894923645,13/04/1990,M,Single,PAN167694162,No,Behind Yaga Baba Hostel Baner,426194,KANPUR,India,579700,1340000,Mumbai,579000,2,1,30,12/06/2004,13/07/2006,Full Time,Uttar Pradesh State Board,Saraswati Vidya Mandir Kanpur,NA,92,10th,14/02/2007,25/03/2010,Full Time,Uttar Pradesh State Board,Radha Niketan College Kanpur,Electronics & Telecommunication,93,12th,14/03/2010,18/09/2014,Full Time,NITA,Motilal Nehru National Institute of Technology Allahabad,Electronics & Telecommunication,81,BE,20/07/2015,22/01/2018,Full Time,NITIE,NITIE Mumbai,Mining Engineering,87,ME,0,29/03/2017,19/09/2018,Full Time,Junior Technical Consultant,TCS,Manufacturing,AGRA,India,,,,,,,,,English,Good,Good,Good,Hindi,Good,Good,Good,Marathi,Good,Good,Good,Guddu,Software Engineer,London,8009800998,,,Naukri.com
88995,Major,Uday,Bhan,uday.bhan@mailinator.com163,7864823163,7894923645,13/04/1990,M,Single,PAN167694163,No,Behind Yaga Baba Hostel Baner,426194,KANPUR,India,579700,1340000,Mumbai,579000,2,1,30,12/06/2004,13/07/2006,Full Time,Uttar Pradesh State Board,Saraswati Vidya Mandir Kanpur,NA,92,10th,14/02/2007,25/03/2010,Full Time,Uttar Pradesh State Board,Radha Niketan College Kanpur,Electronics & Telecommunication,93,12th,14/03/2010,18/09/2014,Full Time,NITA,Motilal Nehru National Institute of Technology Allahabad,Electronics & Telecommunication,81,BE,20/07/2015,22/01/2018,Full Time,NITIE,NITIE Mumbai,Mining Engineering,87,ME,0,29/03/2017,19/09/2018,Full Time,Junior Technical Consultant,TCS,Manufacturing,AGRA,India,,,,,,,,,English,Good,Good,Good,Hindi,Good,Good,Good,Marathi,Good,Good,Good,Guddu,Software Engineer,London,8009800998,,,Naukri.com
88995,Major,Uday,Bhan,uday.bhan@mailinator.com164,7864823164,7894923645,13/04/1990,M,Single,PAN167694164,No,Behind Yaga Baba Hostel Baner,426194,KANPUR,India,579700,1340000,Mumbai,579000,2,1,30,12/06/2004,13/07/2006,Full Time,Uttar Pradesh State Board,Saraswati Vidya Mandir Kanpur,NA,92,10th,14/02/2007,25/03/2010,Full Time,Uttar Pradesh State Board,Radha Niketan College Kanpur,Electronics & Telecommunication,93,12th,14/03/2010,18/09/2014,Full Time,NITA,Motilal Nehru National Institute of Technology Allahabad,Electronics & Telecommunication,81,BE,20/07/2015,22/01/2018,Full Time,NITIE,NITIE Mumbai,Mining Engineering,87,ME,0,29/03/2017,19/09/2018,Full Time,Junior Technical Consultant,TCS,Manufacturing,AGRA,India,,,,,,,,,English,Good,Good,Good,Hindi,Good,Good,Good,Marathi,Good,Good,Good,Guddu,Software Engineer,London,8009800998,,,Naukri.com
88995,Major,Uday,Bhan,uday.bhan@mailinator.com165,7864823165,7894923645,13/04/1990,M,Single,PAN167694165,No,Behind Yaga Baba Hostel Baner,426194,KANPUR,India,579700,1340000,Mumbai,579000,2,1,30,12/06/2004,13/07/2006,Full Time,Uttar Pradesh State Board,Saraswati Vidya Mandir Kanpur,NA,92,10th,14/02/2007,25/03/2010,Full Time,Uttar Pradesh State Board,Radha Niketan College Kanpur,Electronics & Telecommunication,93,12th,14/03/2010,18/09/2014,Full Time,NITA,Motilal Nehru National Institute of Technology Allahabad,Electronics & Telecommunication,81,BE,20/07/2015,22/01/2018,Full Time,NITIE,NITIE Mumbai,Mining Engineering,87,ME,0,29/03/2017,19/09/2018,Full Time,Junior Technical Consultant,TCS,Manufacturing,AGRA,India,,,,,,,,,English,Good,Good,Good,Hindi,Good,Good,Good,Marathi,Good,Good,Good,Guddu,Software Engineer,London,8009800998,,,Naukri.com
88995,Major,Uday,Bhan,uday.bhan@mailinator.com166,7864823166,7894923645,13/04/1990,M,Single,PAN167694166,No,Behind Yaga Baba Hostel Baner,426194,KANPUR,India,579700,1340000,Mumbai,579000,2,1,30,12/06/2004,13/07/2006,Full Time,Uttar Pradesh State Board,Saraswati Vidya Mandir Kanpur,NA,92,10th,14/02/2007,25/03/2010,Full Time,Uttar Pradesh State Board,Radha Niketan College Kanpur,Electronics & Telecommunication,93,12th,14/03/2010,18/09/2014,Full Time,NITA,Motilal Nehru National Institute of Technology Allahabad,Electronics & Telecommunication,81,BE,20/07/2015,22/01/2018,Full Time,NITIE,NITIE Mumbai,Mining Engineering,87,ME,0,29/03/2017,19/09/2018,Full Time,Junior Technical Consultant,TCS,Manufacturing,AGRA,India,,,,,,,,,English,Good,Good,Good,Hindi,Good,Good,Good,Marathi,Good,Good,Good,Guddu,Software Engineer,London,8009800998,,,Naukri.com
88995,Major,Uday,Bhan,uday.bhan@mailinator.com167,7864823167,7894923645,13/04/1990,M,Single,PAN167694167,No,Behind Yaga Baba Hostel Baner,426194,KANPUR,India,579700,1340000,Mumbai,579000,2,1,30,12/06/2004,13/07/2006,Full Time,Uttar Pradesh State Board,Saraswati Vidya Mandir Kanpur,NA,92,10th,14/02/2007,25/03/2010,Full Time,Uttar Pradesh State Board,Radha Niketan College Kanpur,Electronics & Telecommunication,93,12th,14/03/2010,18/09/2014,Full Time,NITA,Motilal Nehru National Institute of Technology Allahabad,Electronics & Telecommunication,81,BE,20/07/2015,22/01/2018,Full Time,NITIE,NITIE Mumbai,Mining Engineering,87,ME,0,29/03/2017,19/09/2018,Full Time,Junior Technical Consultant,TCS,Manufacturing,AGRA,India,,,,,,,,,English,Good,Good,Good,Hindi,Good,Good,Good,Marathi,Good,Good,Good,Guddu,Software Engineer,London,8009800998,,,Naukri.com
88995,Major,Uday,Bhan,uday.bhan@mailinator.com168,7864823168,7894923645,13/04/1990,M,Single,PAN167694168,No,Behind Yaga Baba Hostel Baner,426194,KANPUR,India,579700,1340000,Mumbai,579000,2,1,30,12/06/2004,13/07/2006,Full Time,Uttar Pradesh State Board,Saraswati Vidya Mandir Kanpur,NA,92,10th,14/02/2007,25/03/2010,Full Time,Uttar Pradesh State Board,Radha Niketan College Kanpur,Electronics & Telecommunication,93,12th,14/03/2010,18/09/2014,Full Time,NITA,Motilal Nehru National Institute of Technology Allahabad,Electronics & Telecommunication,81,BE,20/07/2015,22/01/2018,Full Time,NITIE,NITIE Mumbai,Mining Engineering,87,ME,0,29/03/2017,19/09/2018,Full Time,Junior Technical Consultant,TCS,Manufacturing,AGRA,India,,,,,,,,,English,Good,Good,Good,Hindi,Good,Good,Good,Marathi,Good,Good,Good,Guddu,Software Engineer,London,8009800998,,,Naukri.com
88995,Major,Uday,Bhan,uday.bhan@mailinator.com169,7864823169,7894923645,13/04/1990,M,Single,PAN167694169,No,Behind Yaga Baba Hostel Baner,426194,KANPUR,India,579700,1340000,Mumbai,579000,2,1,30,12/06/2004,13/07/2006,Full Time,Uttar Pradesh State Board,Saraswati Vidya Mandir Kanpur,NA,92,10th,14/02/2007,25/03/2010,Full Time,Uttar Pradesh State Board,Radha Niketan College Kanpur,Electronics & Telecommunication,93,12th,14/03/2010,18/09/2014,Full Time,NITA,Motilal Nehru National Institute of Technology Allahabad,Electronics & Telecommunication,81,BE,20/07/2015,22/01/2018,Full Time,NITIE,NITIE Mumbai,Mining Engineering,87,ME,0,29/03/2017,19/09/2018,Full Time,Junior Technical Consultant,TCS,Manufacturing,AGRA,India,,,,,,,,,English,Good,Good,Good,Hindi,Good,Good,Good,Marathi,Good,Good,Good,Guddu,Software Engineer,London,8009800998,,,Naukri.com
88995,Major,Uday,Bhan,uday.bhan@mailinator.com170,7864823170,7894923645,13/04/1990,M,Single,PAN167694170,No,Behind Yaga Baba Hostel Baner,426194,KANPUR,India,579700,1340000,Mumbai,579000,2,1,30,12/06/2004,13/07/2006,Full Time,Uttar Pradesh State Board,Saraswati Vidya Mandir Kanpur,NA,92,10th,14/02/2007,25/03/2010,Full Time,Uttar Pradesh State Board,Radha Niketan College Kanpur,Electronics & Telecommunication,93,12th,14/03/2010,18/09/2014,Full Time,NITA,Motilal Nehru National Institute of Technology Allahabad,Electronics & Telecommunication,81,BE,20/07/2015,22/01/2018,Full Time,NITIE,NITIE Mumbai,Mining Engineering,87,ME,0,29/03/2017,19/09/2018,Full Time,Junior Technical Consultant,TCS,Manufacturing,AGRA,India,,,,,,,,,English,Good,Good,Good,Hindi,Good,Good,Good,Marathi,Good,Good,Good,Guddu,Software Engineer,London,8009800998,,,Naukri.com
88995,Major,Uday,Bhan,uday.bhan@mailinator.com171,7864823171,7894923645,13/04/1990,M,Single,PAN167694171,No,Behind Yaga Baba Hostel Baner,426194,KANPUR,India,579700,1340000,Mumbai,579000,2,1,30,12/06/2004,13/07/2006,Full Time,Uttar Pradesh State Board,Saraswati Vidya Mandir Kanpur,NA,92,10th,14/02/2007,25/03/2010,Full Time,Uttar Pradesh State Board,Radha Niketan College Kanpur,Electronics & Telecommunication,93,12th,14/03/2010,18/09/2014,Full Time,NITA,Motilal Nehru National Institute of Technology Allahabad,Electronics & Telecommunication,81,BE,20/07/2015,22/01/2018,Full Time,NITIE,NITIE Mumbai,Mining Engineering,87,ME,0,29/03/2017,19/09/2018,Full Time,Junior Technical Consultant,TCS,Manufacturing,AGRA,India,,,,,,,,,English,Good,Good,Good,Hindi,Good,Good,Good,Marathi,Good,Good,Good,Guddu,Software Engineer,London,8009800998,,,Naukri.com
88995,Major,Uday,Bhan,uday.bhan@mailinator.com172,7864823172,7894923645,13/04/1990,M,Single,PAN167694172,No,Behind Yaga Baba Hostel Baner,426194,KANPUR,India,579700,1340000,Mumbai,579000,2,1,30,12/06/2004,13/07/2006,Full Time,Uttar Pradesh State Board,Saraswati Vidya Mandir Kanpur,NA,92,10th,14/02/2007,25/03/2010,Full Time,Uttar Pradesh State Board,Radha Niketan College Kanpur,Electronics & Telecommunication,93,12th,14/03/2010,18/09/2014,Full Time,NITA,Motilal Nehru National Institute of Technology Allahabad,Electronics & Telecommunication,81,BE,20/07/2015,22/01/2018,Full Time,NITIE,NITIE Mumbai,Mining Engineering,87,ME,0,29/03/2017,19/09/2018,Full Time,Junior Technical Consultant,TCS,Manufacturing,AGRA,India,,,,,,,,,English,Good,Good,Good,Hindi,Good,Good,Good,Marathi,Good,Good,Good,Guddu,Software Engineer,London,8009800998,,,Naukri.com
88995,Major,Uday,Bhan,uday.bhan@mailinator.com173,7864823173,7894923645,13/04/1990,M,Single,PAN167694173,No,Behind Yaga Baba Hostel Baner,426194,KANPUR,India,579700,1340000,Mumbai,579000,2,1,30,12/06/2004,13/07/2006,Full Time,Uttar Pradesh State Board,Saraswati Vidya Mandir Kanpur,NA,92,10th,14/02/2007,25/03/2010,Full Time,Uttar Pradesh State Board,Radha Niketan College Kanpur,Electronics & Telecommunication,93,12th,14/03/2010,18/09/2014,Full Time,NITA,Motilal Nehru National Institute of Technology Allahabad,Electronics & Telecommunication,81,BE,20/07/2015,22/01/2018,Full Time,NITIE,NITIE Mumbai,Mining Engineering,87,ME,0,29/03/2017,19/09/2018,Full Time,Junior Technical Consultant,TCS,Manufacturing,AGRA,India,,,,,,,,,English,Good,Good,Good,Hindi,Good,Good,Good,Marathi,Good,Good,Good,Guddu,Software Engineer,London,8009800998,,,Naukri.com
88995,Major,Uday,Bhan,uday.bhan@mailinator.com174,7864823174,7894923645,13/04/1990,M,Single,PAN167694174,No,Behind Yaga Baba Hostel Baner,426194,KANPUR,India,579700,1340000,Mumbai,579000,2,1,30,12/06/2004,13/07/2006,Full Time,Uttar Pradesh State Board,Saraswati Vidya Mandir Kanpur,NA,92,10th,14/02/2007,25/03/2010,Full Time,Uttar Pradesh State Board,Radha Niketan College Kanpur,Electronics & Telecommunication,93,12th,14/03/2010,18/09/2014,Full Time,NITA,Motilal Nehru National Institute of Technology Allahabad,Electronics & Telecommunication,81,BE,20/07/2015,22/01/2018,Full Time,NITIE,NITIE Mumbai,Mining Engineering,87,ME,0,29/03/2017,19/09/2018,Full Time,Junior Technical Consultant,TCS,Manufacturing,AGRA,India,,,,,,,,,English,Good,Good,Good,Hindi,Good,Good,Good,Marathi,Good,Good,Good,Guddu,Software Engineer,London,8009800998,,,Naukri.com
88995,Major,Uday,Bhan,uday.bhan@mailinator.com175,7864823175,7894923645,13/04/1990,M,Single,PAN167694175,No,Behind Yaga Baba Hostel Baner,426194,KANPUR,India,579700,1340000,Mumbai,579000,2,1,30,12/06/2004,13/07/2006,Full Time,Uttar Pradesh State Board,Saraswati Vidya Mandir Kanpur,NA,92,10th,14/02/2007,25/03/2010,Full Time,Uttar Pradesh State Board,Radha Niketan College Kanpur,Electronics & Telecommunication,93,12th,14/03/2010,18/09/2014,Full Time,NITA,Motilal Nehru National Institute of Technology Allahabad,Electronics & Telecommunication,81,BE,20/07/2015,22/01/2018,Full Time,NITIE,NITIE Mumbai,Mining Engineering,87,ME,0,29/03/2017,19/09/2018,Full Time,Junior Technical Consultant,TCS,Manufacturing,AGRA,India,,,,,,,,,English,Good,Good,Good,Hindi,Good,Good,Good,Marathi,Good,Good,Good,Guddu,Software Engineer,London,8009800998,,,Naukri.com
88995,Major,Uday,Bhan,uday.bhan@mailinator.com176,7864823176,7894923645,13/04/1990,M,Single,PAN167694176,No,Behind Yaga Baba Hostel Baner,426194,KANPUR,India,579700,1340000,Mumbai,579000,2,1,30,12/06/2004,13/07/2006,Full Time,Uttar Pradesh State Board,Saraswati Vidya Mandir Kanpur,NA,92,10th,14/02/2007,25/03/2010,Full Time,Uttar Pradesh State Board,Radha Niketan College Kanpur,Electronics & Telecommunication,93,12th,14/03/2010,18/09/2014,Full Time,NITA,Motilal Nehru National Institute of Technology Allahabad,Electronics & Telecommunication,81,BE,20/07/2015,22/01/2018,Full Time,NITIE,NITIE Mumbai,Mining Engineering,87,ME,0,29/03/2017,19/09/2018,Full Time,Junior Technical Consultant,TCS,Manufacturing,AGRA,India,,,,,,,,,English,Good,Good,Good,Hindi,Good,Good,Good,Marathi,Good,Good,Good,Guddu,Software Engineer,London,8009800998,,,Naukri.com
88995,Major,Uday,Bhan,uday.bhan@mailinator.com177,7864823177,7894923645,13/04/1990,M,Single,PAN167694177,No,Behind Yaga Baba Hostel Baner,426194,KANPUR,India,579700,1340000,Mumbai,579000,2,1,30,12/06/2004,13/07/2006,Full Time,Uttar Pradesh State Board,Saraswati Vidya Mandir Kanpur,NA,92,10th,14/02/2007,25/03/2010,Full Time,Uttar Pradesh State Board,Radha Niketan College Kanpur,Electronics & Telecommunication,93,12th,14/03/2010,18/09/2014,Full Time,NITA,Motilal Nehru National Institute of Technology Allahabad,Electronics & Telecommunication,81,BE,20/07/2015,22/01/2018,Full Time,NITIE,NITIE Mumbai,Mining Engineering,87,ME,0,29/03/2017,19/09/2018,Full Time,Junior Technical Consultant,TCS,Manufacturing,AGRA,India,,,,,,,,,English,Good,Good,Good,Hindi,Good,Good,Good,Marathi,Good,Good,Good,Guddu,Software Engineer,London,8009800998,,,Naukri.com
88995,Major,Uday,Bhan,uday.bhan@mailinator.com178,7864823178,7894923645,13/04/1990,M,Single,PAN167694178,No,Behind Yaga Baba Hostel Baner,426194,KANPUR,India,579700,1340000,Mumbai,579000,2,1,30,12/06/2004,13/07/2006,Full Time,Uttar Pradesh State Board,Saraswati Vidya Mandir Kanpur,NA,92,10th,14/02/2007,25/03/2010,Full Time,Uttar Pradesh State Board,Radha Niketan College Kanpur,Electronics & Telecommunication,93,12th,14/03/2010,18/09/2014,Full Time,NITA,Motilal Nehru National Institute of Technology Allahabad,Electronics & Telecommunication,81,BE,20/07/2015,22/01/2018,Full Time,NITIE,NITIE Mumbai,Mining Engineering,87,ME,0,29/03/2017,19/09/2018,Full Time,Junior Technical Consultant,TCS,Manufacturing,AGRA,India,,,,,,,,,English,Good,Good,Good,Hindi,Good,Good,Good,Marathi,Good,Good,Good,Guddu,Software Engineer,London,8009800998,,,Naukri.com
88995,Major,Uday,Bhan,uday.bhan@mailinator.com179,7864823179,7894923645,13/04/1990,M,Single,PAN167694179,No,Behind Yaga Baba Hostel Baner,426194,KANPUR,India,579700,1340000,Mumbai,579000,2,1,30,12/06/2004,13/07/2006,Full Time,Uttar Pradesh State Board,Saraswati Vidya Mandir Kanpur,NA,92,10th,14/02/2007,25/03/2010,Full Time,Uttar Pradesh State Board,Radha Niketan College Kanpur,Electronics & Telecommunication,93,12th,14/03/2010,18/09/2014,Full Time,NITA,Motilal Nehru National Institute of Technology Allahabad,Electronics & Telecommunication,81,BE,20/07/2015,22/01/2018,Full Time,NITIE,NITIE Mumbai,Mining Engineering,87,ME,0,29/03/2017,19/09/2018,Full Time,Junior Technical Consultant,TCS,Manufacturing,AGRA,India,,,,,,,,,English,Good,Good,Good,Hindi,Good,Good,Good,Marathi,Good,Good,Good,Guddu,Software Engineer,London,8009800998,,,Naukri.com
88995,Major,Uday,Bhan,uday.bhan@mailinator.com180,7864823180,7894923645,13/04/1990,M,Single,PAN167694180,No,Behind Yaga Baba Hostel Baner,426194,KANPUR,India,579700,1340000,Mumbai,579000,2,1,30,12/06/2004,13/07/2006,Full Time,Uttar Pradesh State Board,Saraswati Vidya Mandir Kanpur,NA,92,10th,14/02/2007,25/03/2010,Full Time,Uttar Pradesh State Board,Radha Niketan College Kanpur,Electronics & Telecommunication,93,12th,14/03/2010,18/09/2014,Full Time,NITA,Motilal Nehru National Institute of Technology Allahabad,Electronics & Telecommunication,81,BE,20/07/2015,22/01/2018,Full Time,NITIE,NITIE Mumbai,Mining Engineering,87,ME,0,29/03/2017,19/09/2018,Full Time,Junior Technical Consultant,TCS,Manufacturing,AGRA,India,,,,,,,,,English,Good,Good,Good,Hindi,Good,Good,Good,Marathi,Good,Good,Good,Guddu,Software Engineer,London,8009800998,,,Naukri.com
88995,Major,Uday,Bhan,uday.bhan@mailinator.com181,7864823181,7894923645,13/04/1990,M,Single,PAN167694181,No,Behind Yaga Baba Hostel Baner,426194,KANPUR,India,579700,1340000,Mumbai,579000,2,1,30,12/06/2004,13/07/2006,Full Time,Uttar Pradesh State Board,Saraswati Vidya Mandir Kanpur,NA,92,10th,14/02/2007,25/03/2010,Full Time,Uttar Pradesh State Board,Radha Niketan College Kanpur,Electronics & Telecommunication,93,12th,14/03/2010,18/09/2014,Full Time,NITA,Motilal Nehru National Institute of Technology Allahabad,Electronics & Telecommunication,81,BE,20/07/2015,22/01/2018,Full Time,NITIE,NITIE Mumbai,Mining Engineering,87,ME,0,29/03/2017,19/09/2018,Full Time,Junior Technical Consultant,TCS,Manufacturing,AGRA,India,,,,,,,,,English,Good,Good,Good,Hindi,Good,Good,Good,Marathi,Good,Good,Good,Guddu,Software Engineer,London,8009800998,,,Naukri.com
88995,Major,Uday,Bhan,uday.bhan@mailinator.com182,7864823182,7894923645,13/04/1990,M,Single,PAN167694182,No,Behind Yaga Baba Hostel Baner,426194,KANPUR,India,579700,1340000,Mumbai,579000,2,1,30,12/06/2004,13/07/2006,Full Time,Uttar Pradesh State Board,Saraswati Vidya Mandir Kanpur,NA,92,10th,14/02/2007,25/03/2010,Full Time,Uttar Pradesh State Board,Radha Niketan College Kanpur,Electronics & Telecommunication,93,12th,14/03/2010,18/09/2014,Full Time,NITA,Motilal Nehru National Institute of Technology Allahabad,Electronics & Telecommunication,81,BE,20/07/2015,22/01/2018,Full Time,NITIE,NITIE Mumbai,Mining Engineering,87,ME,0,29/03/2017,19/09/2018,Full Time,Junior Technical Consultant,TCS,Manufacturing,AGRA,India,,,,,,,,,English,Good,Good,Good,Hindi,Good,Good,Good,Marathi,Good,Good,Good,Guddu,Software Engineer,London,8009800998,,,Naukri.com
88995,Major,Uday,Bhan,uday.bhan@mailinator.com183,7864823183,7894923645,13/04/1990,M,Single,PAN167694183,No,Behind Yaga Baba Hostel Baner,426194,KANPUR,India,579700,1340000,Mumbai,579000,2,1,30,12/06/2004,13/07/2006,Full Time,Uttar Pradesh State Board,Saraswati Vidya Mandir Kanpur,NA,92,10th,14/02/2007,25/03/2010,Full Time,Uttar Pradesh State Board,Radha Niketan College Kanpur,Electronics & Telecommunication,93,12th,14/03/2010,18/09/2014,Full Time,NITA,Motilal Nehru National Institute of Technology Allahabad,Electronics & Telecommunication,81,BE,20/07/2015,22/01/2018,Full Time,NITIE,NITIE Mumbai,Mining Engineering,87,ME,0,29/03/2017,19/09/2018,Full Time,Junior Technical Consultant,TCS,Manufacturing,AGRA,India,,,,,,,,,English,Good,Good,Good,Hindi,Good,Good,Good,Marathi,Good,Good,Good,Guddu,Software Engineer,London,8009800998,,,Naukri.com
88995,Major,Uday,Bhan,uday.bhan@mailinator.com184,7864823184,7894923645,13/04/1990,M,Single,PAN167694184,No,Behind Yaga Baba Hostel Baner,426194,KANPUR,India,579700,1340000,Mumbai,579000,2,1,30,12/06/2004,13/07/2006,Full Time,Uttar Pradesh State Board,Saraswati Vidya Mandir Kanpur,NA,92,10th,14/02/2007,25/03/2010,Full Time,Uttar Pradesh State Board,Radha Niketan College Kanpur,Electronics & Telecommunication,93,12th,14/03/2010,18/09/2014,Full Time,NITA,Motilal Nehru National Institute of Technology Allahabad,Electronics & Telecommunication,81,BE,20/07/2015,22/01/2018,Full Time,NITIE,NITIE Mumbai,Mining Engineering,87,ME,0,29/03/2017,19/09/2018,Full Time,Junior Technical Consultant,TCS,Manufacturing,AGRA,India,,,,,,,,,English,Good,Good,Good,Hindi,Good,Good,Good,Marathi,Good,Good,Good,Guddu,Software Engineer,London,8009800998,,,Naukri.com
88995,Major,Uday,Bhan,uday.bhan@mailinator.com185,7864823185,7894923645,13/04/1990,M,Single,PAN167694185,No,Behind Yaga Baba Hostel Baner,426194,KANPUR,India,579700,1340000,Mumbai,579000,2,1,30,12/06/2004,13/07/2006,Full Time,Uttar Pradesh State Board,Saraswati Vidya Mandir Kanpur,NA,92,10th,14/02/2007,25/03/2010,Full Time,Uttar Pradesh State Board,Radha Niketan College Kanpur,Electronics & Telecommunication,93,12th,14/03/2010,18/09/2014,Full Time,NITA,Motilal Nehru National Institute of Technology Allahabad,Electronics & Telecommunication,81,BE,20/07/2015,22/01/2018,Full Time,NITIE,NITIE Mumbai,Mining Engineering,87,ME,0,29/03/2017,19/09/2018,Full Time,Junior Technical Consultant,TCS,Manufacturing,AGRA,India,,,,,,,,,English,Good,Good,Good,Hindi,Good,Good,Good,Marathi,Good,Good,Good,Guddu,Software Engineer,London,8009800998,,,Naukri.com
88995,Major,Uday,Bhan,uday.bhan@mailinator.com186,7864823186,7894923645,13/04/1990,M,Single,PAN167694186,No,Behind Yaga Baba Hostel Baner,426194,KANPUR,India,579700,1340000,Mumbai,579000,2,1,30,12/06/2004,13/07/2006,Full Time,Uttar Pradesh State Board,Saraswati Vidya Mandir Kanpur,NA,92,10th,14/02/2007,25/03/2010,Full Time,Uttar Pradesh State Board,Radha Niketan College Kanpur,Electronics & Telecommunication,93,12th,14/03/2010,18/09/2014,Full Time,NITA,Motilal Nehru National Institute of Technology Allahabad,Electronics & Telecommunication,81,BE,20/07/2015,22/01/2018,Full Time,NITIE,NITIE Mumbai,Mining Engineering,87,ME,0,29/03/2017,19/09/2018,Full Time,Junior Technical Consultant,TCS,Manufacturing,AGRA,India,,,,,,,,,English,Good,Good,Good,Hindi,Good,Good,Good,Marathi,Good,Good,Good,Guddu,Software Engineer,London,8009800998,,,Naukri.com
88995,Major,Uday,Bhan,uday.bhan@mailinator.com187,7864823187,7894923645,13/04/1990,M,Single,PAN167694187,No,Behind Yaga Baba Hostel Baner,426194,KANPUR,India,579700,1340000,Mumbai,579000,2,1,30,12/06/2004,13/07/2006,Full Time,Uttar Pradesh State Board,Saraswati Vidya Mandir Kanpur,NA,92,10th,14/02/2007,25/03/2010,Full Time,Uttar Pradesh State Board,Radha Niketan College Kanpur,Electronics & Telecommunication,93,12th,14/03/2010,18/09/2014,Full Time,NITA,Motilal Nehru National Institute of Technology Allahabad,Electronics & Telecommunication,81,BE,20/07/2015,22/01/2018,Full Time,NITIE,NITIE Mumbai,Mining Engineering,87,ME,0,29/03/2017,19/09/2018,Full Time,Junior Technical Consultant,TCS,Manufacturing,AGRA,India,,,,,,,,,English,Good,Good,Good,Hindi,Good,Good,Good,Marathi,Good,Good,Good,Guddu,Software Engineer,London,8009800998,,,Naukri.com
88995,Major,Uday,Bhan,uday.bhan@mailinator.com188,7864823188,7894923645,13/04/1990,M,Single,PAN167694188,No,Behind Yaga Baba Hostel Baner,426194,KANPUR,India,579700,1340000,Mumbai,579000,2,1,30,12/06/2004,13/07/2006,Full Time,Uttar Pradesh State Board,Saraswati Vidya Mandir Kanpur,NA,92,10th,14/02/2007,25/03/2010,Full Time,Uttar Pradesh State Board,Radha Niketan College Kanpur,Electronics & Telecommunication,93,12th,14/03/2010,18/09/2014,Full Time,NITA,Motilal Nehru National Institute of Technology Allahabad,Electronics & Telecommunication,81,BE,20/07/2015,22/01/2018,Full Time,NITIE,NITIE Mumbai,Mining Engineering,87,ME,0,29/03/2017,19/09/2018,Full Time,Junior Technical Consultant,TCS,Manufacturing,AGRA,India,,,,,,,,,English,Good,Good,Good,Hindi,Good,Good,Good,Marathi,Good,Good,Good,Guddu,Software Engineer,London,8009800998,,,Naukri.com
88995,Major,Uday,Bhan,uday.bhan@mailinator.com189,7864823189,7894923645,13/04/1990,M,Single,PAN167694189,No,Behind Yaga Baba Hostel Baner,426194,KANPUR,India,579700,1340000,Mumbai,579000,2,1,30,12/06/2004,13/07/2006,Full Time,Uttar Pradesh State Board,Saraswati Vidya Mandir Kanpur,NA,92,10th,14/02/2007,25/03/2010,Full Time,Uttar Pradesh State Board,Radha Niketan College Kanpur,Electronics & Telecommunication,93,12th,14/03/2010,18/09/2014,Full Time,NITA,Motilal Nehru National Institute of Technology Allahabad,Electronics & Telecommunication,81,BE,20/07/2015,22/01/2018,Full Time,NITIE,NITIE Mumbai,Mining Engineering,87,ME,0,29/03/2017,19/09/2018,Full Time,Junior Technical Consultant,TCS,Manufacturing,AGRA,India,,,,,,,,,English,Good,Good,Good,Hindi,Good,Good,Good,Marathi,Good,Good,Good,Guddu,Software Engineer,London,8009800998,,,Naukri.com
88995,Major,Uday,Bhan,uday.bhan@mailinator.com190,7864823190,7894923645,13/04/1990,M,Single,PAN167694190,No,Behind Yaga Baba Hostel Baner,426194,KANPUR,India,579700,1340000,Mumbai,579000,2,1,30,12/06/2004,13/07/2006,Full Time,Uttar Pradesh State Board,Saraswati Vidya Mandir Kanpur,NA,92,10th,14/02/2007,25/03/2010,Full Time,Uttar Pradesh State Board,Radha Niketan College Kanpur,Electronics & Telecommunication,93,12th,14/03/2010,18/09/2014,Full Time,NITA,Motilal Nehru National Institute of Technology Allahabad,Electronics & Telecommunication,81,BE,20/07/2015,22/01/2018,Full Time,NITIE,NITIE Mumbai,Mining Engineering,87,ME,0,29/03/2017,19/09/2018,Full Time,Junior Technical Consultant,TCS,Manufacturing,AGRA,India,,,,,,,,,English,Good,Good,Good,Hindi,Good,Good,Good,Marathi,Good,Good,Good,Guddu,Software Engineer,London,8009800998,,,Naukri.com
88995,Major,Uday,Bhan,uday.bhan@mailinator.com191,7864823191,7894923645,13/04/1990,M,Single,PAN167694191,No,Behind Yaga Baba Hostel Baner,426194,KANPUR,India,579700,1340000,Mumbai,579000,2,1,30,12/06/2004,13/07/2006,Full Time,Uttar Pradesh State Board,Saraswati Vidya Mandir Kanpur,NA,92,10th,14/02/2007,25/03/2010,Full Time,Uttar Pradesh State Board,Radha Niketan College Kanpur,Electronics & Telecommunication,93,12th,14/03/2010,18/09/2014,Full Time,NITA,Motilal Nehru National Institute of Technology Allahabad,Electronics & Telecommunication,81,BE,20/07/2015,22/01/2018,Full Time,NITIE,NITIE Mumbai,Mining Engineering,87,ME,0,29/03/2017,19/09/2018,Full Time,Junior Technical Consultant,TCS,Manufacturing,AGRA,India,,,,,,,,,English,Good,Good,Good,Hindi,Good,Good,Good,Marathi,Good,Good,Good,Guddu,Software Engineer,London,8009800998,,,Naukri.com
88995,Major,Uday,Bhan,uday.bhan@mailinator.com192,7864823192,7894923645,13/04/1990,M,Single,PAN167694192,No,Behind Yaga Baba Hostel Baner,426194,KANPUR,India,579700,1340000,Mumbai,579000,2,1,30,12/06/2004,13/07/2006,Full Time,Uttar Pradesh State Board,Saraswati Vidya Mandir Kanpur,NA,92,10th,14/02/2007,25/03/2010,Full Time,Uttar Pradesh State Board,Radha Niketan College Kanpur,Electronics & Telecommunication,93,12th,14/03/2010,18/09/2014,Full Time,NITA,Motilal Nehru National Institute of Technology Allahabad,Electronics & Telecommunication,81,BE,20/07/2015,22/01/2018,Full Time,NITIE,NITIE Mumbai,Mining Engineering,87,ME,0,29/03/2017,19/09/2018,Full Time,Junior Technical Consultant,TCS,Manufacturing,AGRA,India,,,,,,,,,English,Good,Good,Good,Hindi,Good,Good,Good,Marathi,Good,Good,Good,Guddu,Software Engineer,London,8009800998,,,Naukri.com
88995,Major,Uday,Bhan,uday.bhan@mailinator.com193,7864823193,7894923645,13/04/1990,M,Single,PAN167694193,No,Behind Yaga Baba Hostel Baner,426194,KANPUR,India,579700,1340000,Mumbai,579000,2,1,30,12/06/2004,13/07/2006,Full Time,Uttar Pradesh State Board,Saraswati Vidya Mandir Kanpur,NA,92,10th,14/02/2007,25/03/2010,Full Time,Uttar Pradesh State Board,Radha Niketan College Kanpur,Electronics & Telecommunication,93,12th,14/03/2010,18/09/2014,Full Time,NITA,Motilal Nehru National Institute of Technology Allahabad,Electronics & Telecommunication,81,BE,20/07/2015,22/01/2018,Full Time,NITIE,NITIE Mumbai,Mining Engineering,87,ME,0,29/03/2017,19/09/2018,Full Time,Junior Technical Consultant,TCS,Manufacturing,AGRA,India,,,,,,,,,English,Good,Good,Good,Hindi,Good,Good,Good,Marathi,Good,Good,Good,Guddu,Software Engineer,London,8009800998,,,Naukri.com
88995,Major,Uday,Bhan,uday.bhan@mailinator.com194,7864823194,7894923645,13/04/1990,M,Single,PAN167694194,No,Behind Yaga Baba Hostel Baner,426194,KANPUR,India,579700,1340000,Mumbai,579000,2,1,30,12/06/2004,13/07/2006,Full Time,Uttar Pradesh State Board,Saraswati Vidya Mandir Kanpur,NA,92,10th,14/02/2007,25/03/2010,Full Time,Uttar Pradesh State Board,Radha Niketan College Kanpur,Electronics & Telecommunication,93,12th,14/03/2010,18/09/2014,Full Time,NITA,Motilal Nehru National Institute of Technology Allahabad,Electronics & Telecommunication,81,BE,20/07/2015,22/01/2018,Full Time,NITIE,NITIE Mumbai,Mining Engineering,87,ME,0,29/03/2017,19/09/2018,Full Time,Junior Technical Consultant,TCS,Manufacturing,AGRA,India,,,,,,,,,English,Good,Good,Good,Hindi,Good,Good,Good,Marathi,Good,Good,Good,Guddu,Software Engineer,London,8009800998,,,Naukri.com
88995,Major,Uday,Bhan,uday.bhan@mailinator.com195,7864823195,7894923645,13/04/1990,M,Single,PAN167694195,No,Behind Yaga Baba Hostel Baner,426194,KANPUR,India,579700,1340000,Mumbai,579000,2,1,30,12/06/2004,13/07/2006,Full Time,Uttar Pradesh State Board,Saraswati Vidya Mandir Kanpur,NA,92,10th,14/02/2007,25/03/2010,Full Time,Uttar Pradesh State Board,Radha Niketan College Kanpur,Electronics & Telecommunication,93,12th,14/03/2010,18/09/2014,Full Time,NITA,Motilal Nehru National Institute of Technology Allahabad,Electronics & Telecommunication,81,BE,20/07/2015,22/01/2018,Full Time,NITIE,NITIE Mumbai,Mining Engineering,87,ME,0,29/03/2017,19/09/2018,Full Time,Junior Technical Consultant,TCS,Manufacturing,AGRA,India,,,,,,,,,English,Good,Good,Good,Hindi,Good,Good,Good,Marathi,Good,Good,Good,Guddu,Software Engineer,London,8009800998,,,Naukri.com
88995,Major,Uday,Bhan,uday.bhan@mailinator.com196,7864823196,7894923645,13/04/1990,M,Single,PAN167694196,No,Behind Yaga Baba Hostel Baner,426194,KANPUR,India,579700,1340000,Mumbai,579000,2,1,30,12/06/2004,13/07/2006,Full Time,Uttar Pradesh State Board,Saraswati Vidya Mandir Kanpur,NA,92,10th,14/02/2007,25/03/2010,Full Time,Uttar Pradesh State Board,Radha Niketan College Kanpur,Electronics & Telecommunication,93,12th,14/03/2010,18/09/2014,Full Time,NITA,Motilal Nehru National Institute of Technology Allahabad,Electronics & Telecommunication,81,BE,20/07/2015,22/01/2018,Full Time,NITIE,NITIE Mumbai,Mining Engineering,87,ME,0,29/03/2017,19/09/2018,Full Time,Junior Technical Consultant,TCS,Manufacturing,AGRA,India,,,,,,,,,English,Good,Good,Good,Hindi,Good,Good,Good,Marathi,Good,Good,Good,Guddu,Software Engineer,London,8009800998,,,Naukri.com
88995,Major,Uday,Bhan,uday.bhan@mailinator.com197,7864823197,7894923645,13/04/1990,M,Single,PAN167694197,No,Behind Yaga Baba Hostel Baner,426194,KANPUR,India,579700,1340000,Mumbai,579000,2,1,30,12/06/2004,13/07/2006,Full Time,Uttar Pradesh State Board,Saraswati Vidya Mandir Kanpur,NA,92,10th,14/02/2007,25/03/2010,Full Time,Uttar Pradesh State Board,Radha Niketan College Kanpur,Electronics & Telecommunication,93,12th,14/03/2010,18/09/2014,Full Time,NITA,Motilal Nehru National Institute of Technology Allahabad,Electronics & Telecommunication,81,BE,20/07/2015,22/01/2018,Full Time,NITIE,NITIE Mumbai,Mining Engineering,87,ME,0,29/03/2017,19/09/2018,Full Time,Junior Technical Consultant,TCS,Manufacturing,AGRA,India,,,,,,,,,English,Good,Good,Good,Hindi,Good,Good,Good,Marathi,Good,Good,Good,Guddu,Software Engineer,London,8009800998,,,Naukri.com
88995,Major,Uday,Bhan,uday.bhan@mailinator.com198,7864823198,7894923645,13/04/1990,M,Single,PAN167694198,No,Behind Yaga Baba Hostel Baner,426194,KANPUR,India,579700,1340000,Mumbai,579000,2,1,30,12/06/2004,13/07/2006,Full Time,Uttar Pradesh State Board,Saraswati Vidya Mandir Kanpur,NA,92,10th,14/02/2007,25/03/2010,Full Time,Uttar Pradesh State Board,Radha Niketan College Kanpur,Electronics & Telecommunication,93,12th,14/03/2010,18/09/2014,Full Time,NITA,Motilal Nehru National Institute of Technology Allahabad,Electronics & Telecommunication,81,BE,20/07/2015,22/01/2018,Full Time,NITIE,NITIE Mumbai,Mining Engineering,87,ME,0,29/03/2017,19/09/2018,Full Time,Junior Technical Consultant,TCS,Manufacturing,AGRA,India,,,,,,,,,English,Good,Good,Good,Hindi,Good,Good,Good,Marathi,Good,Good,Good,Guddu,Software Engineer,London,8009800998,,,Naukri.com
88995,Major,Uday,Bhan,uday.bhan@mailinator.com199,7864823199,7894923645,13/04/1990,M,Single,PAN167694199,No,Behind Yaga Baba Hostel Baner,426194,KANPUR,India,579700,1340000,Mumbai,579000,2,1,30,12/06/2004,13/07/2006,Full Time,Uttar Pradesh State Board,Saraswati Vidya Mandir Kanpur,NA,92,10th,14/02/2007,25/03/2010,Full Time,Uttar Pradesh State Board,Radha Niketan College Kanpur,Electronics & Telecommunication,93,12th,14/03/2010,18/09/2014,Full Time,NITA,Motilal Nehru National Institute of Technology Allahabad,Electronics & Telecommunication,81,BE,20/07/2015,22/01/2018,Full Time,NITIE,NITIE Mumbai,Mining Engineering,87,ME,0,29/03/2017,19/09/2018,Full Time,Junior Technical Consultant,TCS,Manufacturing,AGRA,India,,,,,,,,,English,Good,Good,Good,Hindi,Good,Good,Good,Marathi,Good,Good,Good,Guddu,Software Engineer,London,8009800998,,,Naukri.com
88995,Major,Uday,Bhan,uday.bhan@mailinator.com200,7864823200,7894923645,13/04/1990,M,Single,PAN167694200,No,Behind Yaga Baba Hostel Baner,426194,KANPUR,India,579700,1340000,Mumbai,579000,2,1,30,12/06/2004,13/07/2006,Full Time,Uttar Pradesh State Board,Saraswati Vidya Mandir Kanpur,NA,92,10th,14/02/2007,25/03/2010,Full Time,Uttar Pradesh State Board,Radha Niketan College Kanpur,Electronics & Telecommunication,93,12th,14/03/2010,18/09/2014,Full Time,NITA,Motilal Nehru National Institute of Technology Allahabad,Electronics & Telecommunication,81,BE,20/07/2015,22/01/2018,Full Time,NITIE,NITIE Mumbai,Mining Engineering,87,ME,0,29/03/2017,19/09/2018,Full Time,Junior Technical Consultant,TCS,Manufacturing,AGRA,India,,,,,,,,,English,Good,Good,Good,Hindi,Good,Good,Good,Marathi,Good,Good,Good,Guddu,Software Engineer,London,8009800998,,,Naukri.com
88995,Major,Uday,Bhan,uday.bhan@mailinator.com201,7864823201,7894923645,13/04/1990,M,Single,PAN167694201,No,Behind Yaga Baba Hostel Baner,426194,KANPUR,India,579700,1340000,Mumbai,579000,2,1,30,12/06/2004,13/07/2006,Full Time,Uttar Pradesh State Board,Saraswati Vidya Mandir Kanpur,NA,92,10th,14/02/2007,25/03/2010,Full Time,Uttar Pradesh State Board,Radha Niketan College Kanpur,Electronics & Telecommunication,93,12th,14/03/2010,18/09/2014,Full Time,NITA,Motilal Nehru National Institute of Technology Allahabad,Electronics & Telecommunication,81,BE,20/07/2015,22/01/2018,Full Time,NITIE,NITIE Mumbai,Mining Engineering,87,ME,0,29/03/2017,19/09/2018,Full Time,Junior Technical Consultant,TCS,Manufacturing,AGRA,India,,,,,,,,,English,Good,Good,Good,Hindi,Good,Good,Good,Marathi,Good,Good,Good,Guddu,Software Engineer,London,8009800998,,,Naukri.com
88995,Major,Uday,Bhan,uday.bhan@mailinator.com202,7864823202,7894923645,13/04/1990,M,Single,PAN167694202,No,Behind Yaga Baba Hostel Baner,426194,KANPUR,India,579700,1340000,Mumbai,579000,2,1,30,12/06/2004,13/07/2006,Full Time,Uttar Pradesh State Board,Saraswati Vidya Mandir Kanpur,NA,92,10th,14/02/2007,25/03/2010,Full Time,Uttar Pradesh State Board,Radha Niketan College Kanpur,Electronics & Telecommunication,93,12th,14/03/2010,18/09/2014,Full Time,NITA,Motilal Nehru National Institute of Technology Allahabad,Electronics & Telecommunication,81,BE,20/07/2015,22/01/2018,Full Time,NITIE,NITIE Mumbai,Mining Engineering,87,ME,0,29/03/2017,19/09/2018,Full Time,Junior Technical Consultant,TCS,Manufacturing,AGRA,India,,,,,,,,,English,Good,Good,Good,Hindi,Good,Good,Good,Marathi,Good,Good,Good,Guddu,Software Engineer,London,8009800998,,,Naukri.com
88995,Major,Uday,Bhan,uday.bhan@mailinator.com203,7864823203,7894923645,13/04/1990,M,Single,PAN167694203,No,Behind Yaga Baba Hostel Baner,426194,KANPUR,India,579700,1340000,Mumbai,579000,2,1,30,12/06/2004,13/07/2006,Full Time,Uttar Pradesh State Board,Saraswati Vidya Mandir Kanpur,NA,92,10th,14/02/2007,25/03/2010,Full Time,Uttar Pradesh State Board,Radha Niketan College Kanpur,Electronics & Telecommunication,93,12th,14/03/2010,18/09/2014,Full Time,NITA,Motilal Nehru National Institute of Technology Allahabad,Electronics & Telecommunication,81,BE,20/07/2015,22/01/2018,Full Time,NITIE,NITIE Mumbai,Mining Engineering,87,ME,0,29/03/2017,19/09/2018,Full Time,Junior Technical Consultant,TCS,Manufacturing,AGRA,India,,,,,,,,,English,Good,Good,Good,Hindi,Good,Good,Good,Marathi,Good,Good,Good,Guddu,Software Engineer,London,8009800998,,,Naukri.com
88995,Major,Uday,Bhan,uday.bhan@mailinator.com204,7864823204,7894923645,13/04/1990,M,Single,PAN167694204,No,Behind Yaga Baba Hostel Baner,426194,KANPUR,India,579700,1340000,Mumbai,579000,2,1,30,12/06/2004,13/07/2006,Full Time,Uttar Pradesh State Board,Saraswati Vidya Mandir Kanpur,NA,92,10th,14/02/2007,25/03/2010,Full Time,Uttar Pradesh State Board,Radha Niketan College Kanpur,Electronics & Telecommunication,93,12th,14/03/2010,18/09/2014,Full Time,NITA,Motilal Nehru National Institute of Technology Allahabad,Electronics & Telecommunication,81,BE,20/07/2015,22/01/2018,Full Time,NITIE,NITIE Mumbai,Mining Engineering,87,ME,0,29/03/2017,19/09/2018,Full Time,Junior Technical Consultant,TCS,Manufacturing,AGRA,India,,,,,,,,,English,Good,Good,Good,Hindi,Good,Good,Good,Marathi,Good,Good,Good,Guddu,Software Engineer,London,8009800998,,,Naukri.com
88995,Major,Uday,Bhan,uday.bhan@mailinator.com205,7864823205,7894923645,13/04/1990,M,Single,PAN167694205,No,Behind Yaga Baba Hostel Baner,426194,KANPUR,India,579700,1340000,Mumbai,579000,2,1,30,12/06/2004,13/07/2006,Full Time,Uttar Pradesh State Board,Saraswati Vidya Mandir Kanpur,NA,92,10th,14/02/2007,25/03/2010,Full Time,Uttar Pradesh State Board,Radha Niketan College Kanpur,Electronics & Telecommunication,93,12th,14/03/2010,18/09/2014,Full Time,NITA,Motilal Nehru National Institute of Technology Allahabad,Electronics & Telecommunication,81,BE,20/07/2015,22/01/2018,Full Time,NITIE,NITIE Mumbai,Mining Engineering,87,ME,0,29/03/2017,19/09/2018,Full Time,Junior Technical Consultant,TCS,Manufacturing,AGRA,India,,,,,,,,,English,Good,Good,Good,Hindi,Good,Good,Good,Marathi,Good,Good,Good,Guddu,Software Engineer,London,8009800998,,,Naukri.com
88995,Major,Uday,Bhan,uday.bhan@mailinator.com206,7864823206,7894923645,13/04/1990,M,Single,PAN167694206,No,Behind Yaga Baba Hostel Baner,426194,KANPUR,India,579700,1340000,Mumbai,579000,2,1,30,12/06/2004,13/07/2006,Full Time,Uttar Pradesh State Board,Saraswati Vidya Mandir Kanpur,NA,92,10th,14/02/2007,25/03/2010,Full Time,Uttar Pradesh State Board,Radha Niketan College Kanpur,Electronics & Telecommunication,93,12th,14/03/2010,18/09/2014,Full Time,NITA,Motilal Nehru National Institute of Technology Allahabad,Electronics & Telecommunication,81,BE,20/07/2015,22/01/2018,Full Time,NITIE,NITIE Mumbai,Mining Engineering,87,ME,0,29/03/2017,19/09/2018,Full Time,Junior Technical Consultant,TCS,Manufacturing,AGRA,India,,,,,,,,,English,Good,Good,Good,Hindi,Good,Good,Good,Marathi,Good,Good,Good,Guddu,Software Engineer,London,8009800998,,,Naukri.com
88995,Major,Uday,Bhan,uday.bhan@mailinator.com207,7864823207,7894923645,13/04/1990,M,Single,PAN167694207,No,Behind Yaga Baba Hostel Baner,426194,KANPUR,India,579700,1340000,Mumbai,579000,2,1,30,12/06/2004,13/07/2006,Full Time,Uttar Pradesh State Board,Saraswati Vidya Mandir Kanpur,NA,92,10th,14/02/2007,25/03/2010,Full Time,Uttar Pradesh State Board,Radha Niketan College Kanpur,Electronics & Telecommunication,93,12th,14/03/2010,18/09/2014,Full Time,NITA,Motilal Nehru National Institute of Technology Allahabad,Electronics & Telecommunication,81,BE,20/07/2015,22/01/2018,Full Time,NITIE,NITIE Mumbai,Mining Engineering,87,ME,0,29/03/2017,19/09/2018,Full Time,Junior Technical Consultant,TCS,Manufacturing,AGRA,India,,,,,,,,,English,Good,Good,Good,Hindi,Good,Good,Good,Marathi,Good,Good,Good,Guddu,Software Engineer,London,8009800998,,,Naukri.com
88995,Major,Uday,Bhan,uday.bhan@mailinator.com208,7864823208,7894923645,13/04/1990,M,Single,PAN167694208,No,Behind Yaga Baba Hostel Baner,426194,KANPUR,India,579700,1340000,Mumbai,579000,2,1,30,12/06/2004,13/07/2006,Full Time,Uttar Pradesh State Board,Saraswati Vidya Mandir Kanpur,NA,92,10th,14/02/2007,25/03/2010,Full Time,Uttar Pradesh State Board,Radha Niketan College Kanpur,Electronics & Telecommunication,93,12th,14/03/2010,18/09/2014,Full Time,NITA,Motilal Nehru National Institute of Technology Allahabad,Electronics & Telecommunication,81,BE,20/07/2015,22/01/2018,Full Time,NITIE,NITIE Mumbai,Mining Engineering,87,ME,0,29/03/2017,19/09/2018,Full Time,Junior Technical Consultant,TCS,Manufacturing,AGRA,India,,,,,,,,,English,Good,Good,Good,Hindi,Good,Good,Good,Marathi,Good,Good,Good,Guddu,Software Engineer,London,8009800998,,,Naukri.com
88995,Major,Uday,Bhan,uday.bhan@mailinator.com209,7864823209,7894923645,13/04/1990,M,Single,PAN167694209,No,Behind Yaga Baba Hostel Baner,426194,KANPUR,India,579700,1340000,Mumbai,579000,2,1,30,12/06/2004,13/07/2006,Full Time,Uttar Pradesh State Board,Saraswati Vidya Mandir Kanpur,NA,92,10th,14/02/2007,25/03/2010,Full Time,Uttar Pradesh State Board,Radha Niketan College Kanpur,Electronics & Telecommunication,93,12th,14/03/2010,18/09/2014,Full Time,NITA,Motilal Nehru National Institute of Technology Allahabad,Electronics & Telecommunication,81,BE,20/07/2015,22/01/2018,Full Time,NITIE,NITIE Mumbai,Mining Engineering,87,ME,0,29/03/2017,19/09/2018,Full Time,Junior Technical Consultant,TCS,Manufacturing,AGRA,India,,,,,,,,,English,Good,Good,Good,Hindi,Good,Good,Good,Marathi,Good,Good,Good,Guddu,Software Engineer,London,8009800998,,,Naukri.com
88995,Major,Uday,Bhan,uday.bhan@mailinator.com210,7864823210,7894923645,13/04/1990,M,Single,PAN167694210,No,Behind Yaga Baba Hostel Baner,426194,KANPUR,India,579700,1340000,Mumbai,579000,2,1,30,12/06/2004,13/07/2006,Full Time,Uttar Pradesh State Board,Saraswati Vidya Mandir Kanpur,NA,92,10th,14/02/2007,25/03/2010,Full Time,Uttar Pradesh State Board,Radha Niketan College Kanpur,Electronics & Telecommunication,93,12th,14/03/2010,18/09/2014,Full Time,NITA,Motilal Nehru National Institute of Technology Allahabad,Electronics & Telecommunication,81,BE,20/07/2015,22/01/2018,Full Time,NITIE,NITIE Mumbai,Mining Engineering,87,ME,0,29/03/2017,19/09/2018,Full Time,Junior Technical Consultant,TCS,Manufacturing,AGRA,India,,,,,,,,,English,Good,Good,Good,Hindi,Good,Good,Good,Marathi,Good,Good,Good,Guddu,Software Engineer,London,8009800998,,,Naukri.com
88995,Major,Uday,Bhan,uday.bhan@mailinator.com211,7864823211,7894923645,13/04/1990,M,Single,PAN167694211,No,Behind Yaga Baba Hostel Baner,426194,KANPUR,India,579700,1340000,Mumbai,579000,2,1,30,12/06/2004,13/07/2006,Full Time,Uttar Pradesh State Board,Saraswati Vidya Mandir Kanpur,NA,92,10th,14/02/2007,25/03/2010,Full Time,Uttar Pradesh State Board,Radha Niketan College Kanpur,Electronics & Telecommunication,93,12th,14/03/2010,18/09/2014,Full Time,NITA,Motilal Nehru National Institute of Technology Allahabad,Electronics & Telecommunication,81,BE,20/07/2015,22/01/2018,Full Time,NITIE,NITIE Mumbai,Mining Engineering,87,ME,0,29/03/2017,19/09/2018,Full Time,Junior Technical Consultant,TCS,Manufacturing,AGRA,India,,,,,,,,,English,Good,Good,Good,Hindi,Good,Good,Good,Marathi,Good,Good,Good,Guddu,Software Engineer,London,8009800998,,,Naukri.com
88995,Major,Uday,Bhan,uday.bhan@mailinator.com212,7864823212,7894923645,13/04/1990,M,Single,PAN167694212,No,Behind Yaga Baba Hostel Baner,426194,KANPUR,India,579700,1340000,Mumbai,579000,2,1,30,12/06/2004,13/07/2006,Full Time,Uttar Pradesh State Board,Saraswati Vidya Mandir Kanpur,NA,92,10th,14/02/2007,25/03/2010,Full Time,Uttar Pradesh State Board,Radha Niketan College Kanpur,Electronics & Telecommunication,93,12th,14/03/2010,18/09/2014,Full Time,NITA,Motilal Nehru National Institute of Technology Allahabad,Electronics & Telecommunication,81,BE,20/07/2015,22/01/2018,Full Time,NITIE,NITIE Mumbai,Mining Engineering,87,ME,0,29/03/2017,19/09/2018,Full Time,Junior Technical Consultant,TCS,Manufacturing,AGRA,India,,,,,,,,,English,Good,Good,Good,Hindi,Good,Good,Good,Marathi,Good,Good,Good,Guddu,Software Engineer,London,8009800998,,,Naukri.com
88995,Major,Uday,Bhan,uday.bhan@mailinator.com213,7864823213,7894923645,13/04/1990,M,Single,PAN167694213,No,Behind Yaga Baba Hostel Baner,426194,KANPUR,India,579700,1340000,Mumbai,579000,2,1,30,12/06/2004,13/07/2006,Full Time,Uttar Pradesh State Board,Saraswati Vidya Mandir Kanpur,NA,92,10th,14/02/2007,25/03/2010,Full Time,Uttar Pradesh State Board,Radha Niketan College Kanpur,Electronics & Telecommunication,93,12th,14/03/2010,18/09/2014,Full Time,NITA,Motilal Nehru National Institute of Technology Allahabad,Electronics & Telecommunication,81,BE,20/07/2015,22/01/2018,Full Time,NITIE,NITIE Mumbai,Mining Engineering,87,ME,0,29/03/2017,19/09/2018,Full Time,Junior Technical Consultant,TCS,Manufacturing,AGRA,India,,,,,,,,,English,Good,Good,Good,Hindi,Good,Good,Good,Marathi,Good,Good,Good,Guddu,Software Engineer,London,8009800998,,,Naukri.com
88995,Major,Uday,Bhan,uday.bhan@mailinator.com214,7864823214,7894923645,13/04/1990,M,Single,PAN167694214,No,Behind Yaga Baba Hostel Baner,426194,KANPUR,India,579700,1340000,Mumbai,579000,2,1,30,12/06/2004,13/07/2006,Full Time,Uttar Pradesh State Board,Saraswati Vidya Mandir Kanpur,NA,92,10th,14/02/2007,25/03/2010,Full Time,Uttar Pradesh State Board,Radha Niketan College Kanpur,Electronics & Telecommunication,93,12th,14/03/2010,18/09/2014,Full Time,NITA,Motilal Nehru National Institute of Technology Allahabad,Electronics & Telecommunication,81,BE,20/07/2015,22/01/2018,Full Time,NITIE,NITIE Mumbai,Mining Engineering,87,ME,0,29/03/2017,19/09/2018,Full Time,Junior Technical Consultant,TCS,Manufacturing,AGRA,India,,,,,,,,,English,Good,Good,Good,Hindi,Good,Good,Good,Marathi,Good,Good,Good,Guddu,Software Engineer,London,8009800998,,,Naukri.com
88995,Major,Uday,Bhan,uday.bhan@mailinator.com215,7864823215,7894923645,13/04/1990,M,Single,PAN167694215,No,Behind Yaga Baba Hostel Baner,426194,KANPUR,India,579700,1340000,Mumbai,579000,2,1,30,12/06/2004,13/07/2006,Full Time,Uttar Pradesh State Board,Saraswati Vidya Mandir Kanpur,NA,92,10th,14/02/2007,25/03/2010,Full Time,Uttar Pradesh State Board,Radha Niketan College Kanpur,Electronics & Telecommunication,93,12th,14/03/2010,18/09/2014,Full Time,NITA,Motilal Nehru National Institute of Technology Allahabad,Electronics & Telecommunication,81,BE,20/07/2015,22/01/2018,Full Time,NITIE,NITIE Mumbai,Mining Engineering,87,ME,0,29/03/2017,19/09/2018,Full Time,Junior Technical Consultant,TCS,Manufacturing,AGRA,India,,,,,,,,,English,Good,Good,Good,Hindi,Good,Good,Good,Marathi,Good,Good,Good,Guddu,Software Engineer,London,8009800998,,,Naukri.com
88995,Major,Uday,Bhan,uday.bhan@mailinator.com216,7864823216,7894923645,13/04/1990,M,Single,PAN167694216,No,Behind Yaga Baba Hostel Baner,426194,KANPUR,India,579700,1340000,Mumbai,579000,2,1,30,12/06/2004,13/07/2006,Full Time,Uttar Pradesh State Board,Saraswati Vidya Mandir Kanpur,NA,92,10th,14/02/2007,25/03/2010,Full Time,Uttar Pradesh State Board,Radha Niketan College Kanpur,Electronics & Telecommunication,93,12th,14/03/2010,18/09/2014,Full Time,NITA,Motilal Nehru National Institute of Technology Allahabad,Electronics & Telecommunication,81,BE,20/07/2015,22/01/2018,Full Time,NITIE,NITIE Mumbai,Mining Engineering,87,ME,0,29/03/2017,19/09/2018,Full Time,Junior Technical Consultant,TCS,Manufacturing,AGRA,India,,,,,,,,,English,Good,Good,Good,Hindi,Good,Good,Good,Marathi,Good,Good,Good,Guddu,Software Engineer,London,8009800998,,,Naukri.com
88995,Major,Uday,Bhan,uday.bhan@mailinator.com217,7864823217,7894923645,13/04/1990,M,Single,PAN167694217,No,Behind Yaga Baba Hostel Baner,426194,KANPUR,India,579700,1340000,Mumbai,579000,2,1,30,12/06/2004,13/07/2006,Full Time,Uttar Pradesh State Board,Saraswati Vidya Mandir Kanpur,NA,92,10th,14/02/2007,25/03/2010,Full Time,Uttar Pradesh State Board,Radha Niketan College Kanpur,Electronics & Telecommunication,93,12th,14/03/2010,18/09/2014,Full Time,NITA,Motilal Nehru National Institute of Technology Allahabad,Electronics & Telecommunication,81,BE,20/07/2015,22/01/2018,Full Time,NITIE,NITIE Mumbai,Mining Engineering,87,ME,0,29/03/2017,19/09/2018,Full Time,Junior Technical Consultant,TCS,Manufacturing,AGRA,India,,,,,,,,,English,Good,Good,Good,Hindi,Good,Good,Good,Marathi,Good,Good,Good,Guddu,Software Engineer,London,8009800998,,,Naukri.com
88995,Major,Uday,Bhan,uday.bhan@mailinator.com218,7864823218,7894923645,13/04/1990,M,Single,PAN167694218,No,Behind Yaga Baba Hostel Baner,426194,KANPUR,India,579700,1340000,Mumbai,579000,2,1,30,12/06/2004,13/07/2006,Full Time,Uttar Pradesh State Board,Saraswati Vidya Mandir Kanpur,NA,92,10th,14/02/2007,25/03/2010,Full Time,Uttar Pradesh State Board,Radha Niketan College Kanpur,Electronics & Telecommunication,93,12th,14/03/2010,18/09/2014,Full Time,NITA,Motilal Nehru National Institute of Technology Allahabad,Electronics & Telecommunication,81,BE,20/07/2015,22/01/2018,Full Time,NITIE,NITIE Mumbai,Mining Engineering,87,ME,0,29/03/2017,19/09/2018,Full Time,Junior Technical Consultant,TCS,Manufacturing,AGRA,India,,,,,,,,,English,Good,Good,Good,Hindi,Good,Good,Good,Marathi,Good,Good,Good,Guddu,Software Engineer,London,8009800998,,,Naukri.com
88995,Major,Uday,Bhan,uday.bhan@mailinator.com219,7864823219,7894923645,13/04/1990,M,Single,PAN167694219,No,Behind Yaga Baba Hostel Baner,426194,KANPUR,India,579700,1340000,Mumbai,579000,2,1,30,12/06/2004,13/07/2006,Full Time,Uttar Pradesh State Board,Saraswati Vidya Mandir Kanpur,NA,92,10th,14/02/2007,25/03/2010,Full Time,Uttar Pradesh State Board,Radha Niketan College Kanpur,Electronics & Telecommunication,93,12th,14/03/2010,18/09/2014,Full Time,NITA,Motilal Nehru National Institute of Technology Allahabad,Electronics & Telecommunication,81,BE,20/07/2015,22/01/2018,Full Time,NITIE,NITIE Mumbai,Mining Engineering,87,ME,0,29/03/2017,19/09/2018,Full Time,Junior Technical Consultant,TCS,Manufacturing,AGRA,India,,,,,,,,,English,Good,Good,Good,Hindi,Good,Good,Good,Marathi,Good,Good,Good,Guddu,Software Engineer,London,8009800998,,,Naukri.com
88995,Major,Uday,Bhan,uday.bhan@mailinator.com220,7864823220,7894923645,13/04/1990,M,Single,PAN167694220,No,Behind Yaga Baba Hostel Baner,426194,KANPUR,India,579700,1340000,Mumbai,579000,2,1,30,12/06/2004,13/07/2006,Full Time,Uttar Pradesh State Board,Saraswati Vidya Mandir Kanpur,NA,92,10th,14/02/2007,25/03/2010,Full Time,Uttar Pradesh State Board,Radha Niketan College Kanpur,Electronics & Telecommunication,93,12th,14/03/2010,18/09/2014,Full Time,NITA,Motilal Nehru National Institute of Technology Allahabad,Electronics & Telecommunication,81,BE,20/07/2015,22/01/2018,Full Time,NITIE,NITIE Mumbai,Mining Engineering,87,ME,0,29/03/2017,19/09/2018,Full Time,Junior Technical Consultant,TCS,Manufacturing,AGRA,India,,,,,,,,,English,Good,Good,Good,Hindi,Good,Good,Good,Marathi,Good,Good,Good,Guddu,Software Engineer,London,8009800998,,,Naukri.com
88995,Major,Uday,Bhan,uday.bhan@mailinator.com221,7864823221,7894923645,13/04/1990,M,Single,PAN167694221,No,Behind Yaga Baba Hostel Baner,426194,KANPUR,India,579700,1340000,Mumbai,579000,2,1,30,12/06/2004,13/07/2006,Full Time,Uttar Pradesh State Board,Saraswati Vidya Mandir Kanpur,NA,92,10th,14/02/2007,25/03/2010,Full Time,Uttar Pradesh State Board,Radha Niketan College Kanpur,Electronics & Telecommunication,93,12th,14/03/2010,18/09/2014,Full Time,NITA,Motilal Nehru National Institute of Technology Allahabad,Electronics & Telecommunication,81,BE,20/07/2015,22/01/2018,Full Time,NITIE,NITIE Mumbai,Mining Engineering,87,ME,0,29/03/2017,19/09/2018,Full Time,Junior Technical Consultant,TCS,Manufacturing,AGRA,India,,,,,,,,,English,Good,Good,Good,Hindi,Good,Good,Good,Marathi,Good,Good,Good,Guddu,Software Engineer,London,8009800998,,,Naukri.com
88995,Major,Uday,Bhan,uday.bhan@mailinator.com222,7864823222,7894923645,13/04/1990,M,Single,PAN167694222,No,Behind Yaga Baba Hostel Baner,426194,KANPUR,India,579700,1340000,Mumbai,579000,2,1,30,12/06/2004,13/07/2006,Full Time,Uttar Pradesh State Board,Saraswati Vidya Mandir Kanpur,NA,92,10th,14/02/2007,25/03/2010,Full Time,Uttar Pradesh State Board,Radha Niketan College Kanpur,Electronics & Telecommunication,93,12th,14/03/2010,18/09/2014,Full Time,NITA,Motilal Nehru National Institute of Technology Allahabad,Electronics & Telecommunication,81,BE,20/07/2015,22/01/2018,Full Time,NITIE,NITIE Mumbai,Mining Engineering,87,ME,0,29/03/2017,19/09/2018,Full Time,Junior Technical Consultant,TCS,Manufacturing,AGRA,India,,,,,,,,,English,Good,Good,Good,Hindi,Good,Good,Good,Marathi,Good,Good,Good,Guddu,Software Engineer,London,8009800998,,,Naukri.com
88995,Major,Uday,Bhan,uday.bhan@mailinator.com223,7864823223,7894923645,13/04/1990,M,Single,PAN167694223,No,Behind Yaga Baba Hostel Baner,426194,KANPUR,India,579700,1340000,Mumbai,579000,2,1,30,12/06/2004,13/07/2006,Full Time,Uttar Pradesh State Board,Saraswati Vidya Mandir Kanpur,NA,92,10th,14/02/2007,25/03/2010,Full Time,Uttar Pradesh State Board,Radha Niketan College Kanpur,Electronics & Telecommunication,93,12th,14/03/2010,18/09/2014,Full Time,NITA,Motilal Nehru National Institute of Technology Allahabad,Electronics & Telecommunication,81,BE,20/07/2015,22/01/2018,Full Time,NITIE,NITIE Mumbai,Mining Engineering,87,ME,0,29/03/2017,19/09/2018,Full Time,Junior Technical Consultant,TCS,Manufacturing,AGRA,India,,,,,,,,,English,Good,Good,Good,Hindi,Good,Good,Good,Marathi,Good,Good,Good,Guddu,Software Engineer,London,8009800998,,,Naukri.com
88995,Major,Uday,Bhan,uday.bhan@mailinator.com224,7864823224,7894923645,13/04/1990,M,Single,PAN167694224,No,Behind Yaga Baba Hostel Baner,426194,KANPUR,India,579700,1340000,Mumbai,579000,2,1,30,12/06/2004,13/07/2006,Full Time,Uttar Pradesh State Board,Saraswati Vidya Mandir Kanpur,NA,92,10th,14/02/2007,25/03/2010,Full Time,Uttar Pradesh State Board,Radha Niketan College Kanpur,Electronics & Telecommunication,93,12th,14/03/2010,18/09/2014,Full Time,NITA,Motilal Nehru National Institute of Technology Allahabad,Electronics & Telecommunication,81,BE,20/07/2015,22/01/2018,Full Time,NITIE,NITIE Mumbai,Mining Engineering,87,ME,0,29/03/2017,19/09/2018,Full Time,Junior Technical Consultant,TCS,Manufacturing,AGRA,India,,,,,,,,,English,Good,Good,Good,Hindi,Good,Good,Good,Marathi,Good,Good,Good,Guddu,Software Engineer,London,8009800998,,,Naukri.com
88995,Major,Uday,Bhan,uday.bhan@mailinator.com225,7864823225,7894923645,13/04/1990,M,Single,PAN167694225,No,Behind Yaga Baba Hostel Baner,426194,KANPUR,India,579700,1340000,Mumbai,579000,2,1,30,12/06/2004,13/07/2006,Full Time,Uttar Pradesh State Board,Saraswati Vidya Mandir Kanpur,NA,92,10th,14/02/2007,25/03/2010,Full Time,Uttar Pradesh State Board,Radha Niketan College Kanpur,Electronics & Telecommunication,93,12th,14/03/2010,18/09/2014,Full Time,NITA,Motilal Nehru National Institute of Technology Allahabad,Electronics & Telecommunication,81,BE,20/07/2015,22/01/2018,Full Time,NITIE,NITIE Mumbai,Mining Engineering,87,ME,0,29/03/2017,19/09/2018,Full Time,Junior Technical Consultant,TCS,Manufacturing,AGRA,India,,,,,,,,,English,Good,Good,Good,Hindi,Good,Good,Good,Marathi,Good,Good,Good,Guddu,Software Engineer,London,8009800998,,,Naukri.com
88995,Major,Uday,Bhan,uday.bhan@mailinator.com226,7864823226,7894923645,13/04/1990,M,Single,PAN167694226,No,Behind Yaga Baba Hostel Baner,426194,KANPUR,India,579700,1340000,Mumbai,579000,2,1,30,12/06/2004,13/07/2006,Full Time,Uttar Pradesh State Board,Saraswati Vidya Mandir Kanpur,NA,92,10th,14/02/2007,25/03/2010,Full Time,Uttar Pradesh State Board,Radha Niketan College Kanpur,Electronics & Telecommunication,93,12th,14/03/2010,18/09/2014,Full Time,NITA,Motilal Nehru National Institute of Technology Allahabad,Electronics & Telecommunication,81,BE,20/07/2015,22/01/2018,Full Time,NITIE,NITIE Mumbai,Mining Engineering,87,ME,0,29/03/2017,19/09/2018,Full Time,Junior Technical Consultant,TCS,Manufacturing,AGRA,India,,,,,,,,,English,Good,Good,Good,Hindi,Good,Good,Good,Marathi,Good,Good,Good,Guddu,Software Engineer,London,8009800998,,,Naukri.com
88995,Major,Uday,Bhan,uday.bhan@mailinator.com227,7864823227,7894923645,13/04/1990,M,Single,PAN167694227,No,Behind Yaga Baba Hostel Baner,426194,KANPUR,India,579700,1340000,Mumbai,579000,2,1,30,12/06/2004,13/07/2006,Full Time,Uttar Pradesh State Board,Saraswati Vidya Mandir Kanpur,NA,92,10th,14/02/2007,25/03/2010,Full Time,Uttar Pradesh State Board,Radha Niketan College Kanpur,Electronics & Telecommunication,93,12th,14/03/2010,18/09/2014,Full Time,NITA,Motilal Nehru National Institute of Technology Allahabad,Electronics & Telecommunication,81,BE,20/07/2015,22/01/2018,Full Time,NITIE,NITIE Mumbai,Mining Engineering,87,ME,0,29/03/2017,19/09/2018,Full Time,Junior Technical Consultant,TCS,Manufacturing,AGRA,India,,,,,,,,,English,Good,Good,Good,Hindi,Good,Good,Good,Marathi,Good,Good,Good,Guddu,Software Engineer,London,8009800998,,,Naukri.com
88995,Major,Uday,Bhan,uday.bhan@mailinator.com228,7864823228,7894923645,13/04/1990,M,Single,PAN167694228,No,Behind Yaga Baba Hostel Baner,426194,KANPUR,India,579700,1340000,Mumbai,579000,2,1,30,12/06/2004,13/07/2006,Full Time,Uttar Pradesh State Board,Saraswati Vidya Mandir Kanpur,NA,92,10th,14/02/2007,25/03/2010,Full Time,Uttar Pradesh State Board,Radha Niketan College Kanpur,Electronics & Telecommunication,93,12th,14/03/2010,18/09/2014,Full Time,NITA,Motilal Nehru National Institute of Technology Allahabad,Electronics & Telecommunication,81,BE,20/07/2015,22/01/2018,Full Time,NITIE,NITIE Mumbai,Mining Engineering,87,ME,0,29/03/2017,19/09/2018,Full Time,Junior Technical Consultant,TCS,Manufacturing,AGRA,India,,,,,,,,,English,Good,Good,Good,Hindi,Good,Good,Good,Marathi,Good,Good,Good,Guddu,Software Engineer,London,8009800998,,,Naukri.com
88995,Major,Uday,Bhan,uday.bhan@mailinator.com229,7864823229,7894923645,13/04/1990,M,Single,PAN167694229,No,Behind Yaga Baba Hostel Baner,426194,KANPUR,India,579700,1340000,Mumbai,579000,2,1,30,12/06/2004,13/07/2006,Full Time,Uttar Pradesh State Board,Saraswati Vidya Mandir Kanpur,NA,92,10th,14/02/2007,25/03/2010,Full Time,Uttar Pradesh State Board,Radha Niketan College Kanpur,Electronics & Telecommunication,93,12th,14/03/2010,18/09/2014,Full Time,NITA,Motilal Nehru National Institute of Technology Allahabad,Electronics & Telecommunication,81,BE,20/07/2015,22/01/2018,Full Time,NITIE,NITIE Mumbai,Mining Engineering,87,ME,0,29/03/2017,19/09/2018,Full Time,Junior Technical Consultant,TCS,Manufacturing,AGRA,India,,,,,,,,,English,Good,Good,Good,Hindi,Good,Good,Good,Marathi,Good,Good,Good,Guddu,Software Engineer,London,8009800998,,,Naukri.com
88995,Major,Uday,Bhan,uday.bhan@mailinator.com230,7864823230,7894923645,13/04/1990,M,Single,PAN167694230,No,Behind Yaga Baba Hostel Baner,426194,KANPUR,India,579700,1340000,Mumbai,579000,2,1,30,12/06/2004,13/07/2006,Full Time,Uttar Pradesh State Board,Saraswati Vidya Mandir Kanpur,NA,92,10th,14/02/2007,25/03/2010,Full Time,Uttar Pradesh State Board,Radha Niketan College Kanpur,Electronics & Telecommunication,93,12th,14/03/2010,18/09/2014,Full Time,NITA,Motilal Nehru National Institute of Technology Allahabad,Electronics & Telecommunication,81,BE,20/07/2015,22/01/2018,Full Time,NITIE,NITIE Mumbai,Mining Engineering,87,ME,0,29/03/2017,19/09/2018,Full Time,Junior Technical Consultant,TCS,Manufacturing,AGRA,India,,,,,,,,,English,Good,Good,Good,Hindi,Good,Good,Good,Marathi,Good,Good,Good,Guddu,Software Engineer,London,8009800998,,,Naukri.com
88995,Major,Uday,Bhan,uday.bhan@mailinator.com231,7864823231,7894923645,13/04/1990,M,Single,PAN167694231,No,Behind Yaga Baba Hostel Baner,426194,KANPUR,India,579700,1340000,Mumbai,579000,2,1,30,12/06/2004,13/07/2006,Full Time,Uttar Pradesh State Board,Saraswati Vidya Mandir Kanpur,NA,92,10th,14/02/2007,25/03/2010,Full Time,Uttar Pradesh State Board,Radha Niketan College Kanpur,Electronics & Telecommunication,93,12th,14/03/2010,18/09/2014,Full Time,NITA,Motilal Nehru National Institute of Technology Allahabad,Electronics & Telecommunication,81,BE,20/07/2015,22/01/2018,Full Time,NITIE,NITIE Mumbai,Mining Engineering,87,ME,0,29/03/2017,19/09/2018,Full Time,Junior Technical Consultant,TCS,Manufacturing,AGRA,India,,,,,,,,,English,Good,Good,Good,Hindi,Good,Good,Good,Marathi,Good,Good,Good,Guddu,Software Engineer,London,8009800998,,,Naukri.com
88995,Major,Uday,Bhan,uday.bhan@mailinator.com232,7864823232,7894923645,13/04/1990,M,Single,PAN167694232,No,Behind Yaga Baba Hostel Baner,426194,KANPUR,India,579700,1340000,Mumbai,579000,2,1,30,12/06/2004,13/07/2006,Full Time,Uttar Pradesh State Board,Saraswati Vidya Mandir Kanpur,NA,92,10th,14/02/2007,25/03/2010,Full Time,Uttar Pradesh State Board,Radha Niketan College Kanpur,Electronics & Telecommunication,93,12th,14/03/2010,18/09/2014,Full Time,NITA,Motilal Nehru National Institute of Technology Allahabad,Electronics & Telecommunication,81,BE,20/07/2015,22/01/2018,Full Time,NITIE,NITIE Mumbai,Mining Engineering,87,ME,0,29/03/2017,19/09/2018,Full Time,Junior Technical Consultant,TCS,Manufacturing,AGRA,India,,,,,,,,,English,Good,Good,Good,Hindi,Good,Good,Good,Marathi,Good,Good,Good,Guddu,Software Engineer,London,8009800998,,,Naukri.com
88995,Major,Uday,Bhan,uday.bhan@mailinator.com233,7864823233,7894923645,13/04/1990,M,Single,PAN167694233,No,Behind Yaga Baba Hostel Baner,426194,KANPUR,India,579700,1340000,Mumbai,579000,2,1,30,12/06/2004,13/07/2006,Full Time,Uttar Pradesh State Board,Saraswati Vidya Mandir Kanpur,NA,92,10th,14/02/2007,25/03/2010,Full Time,Uttar Pradesh State Board,Radha Niketan College Kanpur,Electronics & Telecommunication,93,12th,14/03/2010,18/09/2014,Full Time,NITA,Motilal Nehru National Institute of Technology Allahabad,Electronics & Telecommunication,81,BE,20/07/2015,22/01/2018,Full Time,NITIE,NITIE Mumbai,Mining Engineering,87,ME,0,29/03/2017,19/09/2018,Full Time,Junior Technical Consultant,TCS,Manufacturing,AGRA,India,,,,,,,,,English,Good,Good,Good,Hindi,Good,Good,Good,Marathi,Good,Good,Good,Guddu,Software Engineer,London,8009800998,,,Naukri.com
88995,Major,Uday,Bhan,uday.bhan@mailinator.com234,7864823234,7894923645,13/04/1990,M,Single,PAN167694234,No,Behind Yaga Baba Hostel Baner,426194,KANPUR,India,579700,1340000,Mumbai,579000,2,1,30,12/06/2004,13/07/2006,Full Time,Uttar Pradesh State Board,Saraswati Vidya Mandir Kanpur,NA,92,10th,14/02/2007,25/03/2010,Full Time,Uttar Pradesh State Board,Radha Niketan College Kanpur,Electronics & Telecommunication,93,12th,14/03/2010,18/09/2014,Full Time,NITA,Motilal Nehru National Institute of Technology Allahabad,Electronics & Telecommunication,81,BE,20/07/2015,22/01/2018,Full Time,NITIE,NITIE Mumbai,Mining Engineering,87,ME,0,29/03/2017,19/09/2018,Full Time,Junior Technical Consultant,TCS,Manufacturing,AGRA,India,,,,,,,,,English,Good,Good,Good,Hindi,Good,Good,Good,Marathi,Good,Good,Good,Guddu,Software Engineer,London,8009800998,,,Naukri.com
88995,Major,Uday,Bhan,uday.bhan@mailinator.com235,7864823235,7894923645,13/04/1990,M,Single,PAN167694235,No,Behind Yaga Baba Hostel Baner,426194,KANPUR,India,579700,1340000,Mumbai,579000,2,1,30,12/06/2004,13/07/2006,Full Time,Uttar Pradesh State Board,Saraswati Vidya Mandir Kanpur,NA,92,10th,14/02/2007,25/03/2010,Full Time,Uttar Pradesh State Board,Radha Niketan College Kanpur,Electronics & Telecommunication,93,12th,14/03/2010,18/09/2014,Full Time,NITA,Motilal Nehru National Institute of Technology Allahabad,Electronics & Telecommunication,81,BE,20/07/2015,22/01/2018,Full Time,NITIE,NITIE Mumbai,Mining Engineering,87,ME,0,29/03/2017,19/09/2018,Full Time,Junior Technical Consultant,TCS,Manufacturing,AGRA,India,,,,,,,,,English,Good,Good,Good,Hindi,Good,Good,Good,Marathi,Good,Good,Good,Guddu,Software Engineer,London,8009800998,,,Naukri.com
88995,Major,Uday,Bhan,uday.bhan@mailinator.com236,7864823236,7894923645,13/04/1990,M,Single,PAN167694236,No,Behind Yaga Baba Hostel Baner,426194,KANPUR,India,579700,1340000,Mumbai,579000,2,1,30,12/06/2004,13/07/2006,Full Time,Uttar Pradesh State Board,Saraswati Vidya Mandir Kanpur,NA,92,10th,14/02/2007,25/03/2010,Full Time,Uttar Pradesh State Board,Radha Niketan College Kanpur,Electronics & Telecommunication,93,12th,14/03/2010,18/09/2014,Full Time,NITA,Motilal Nehru National Institute of Technology Allahabad,Electronics & Telecommunication,81,BE,20/07/2015,22/01/2018,Full Time,NITIE,NITIE Mumbai,Mining Engineering,87,ME,0,29/03/2017,19/09/2018,Full Time,Junior Technical Consultant,TCS,Manufacturing,AGRA,India,,,,,,,,,English,Good,Good,Good,Hindi,Good,Good,Good,Marathi,Good,Good,Good,Guddu,Software Engineer,London,8009800998,,,Naukri.com
88995,Major,Uday,Bhan,uday.bhan@mailinator.com237,7864823237,7894923645,13/04/1990,M,Single,PAN167694237,No,Behind Yaga Baba Hostel Baner,426194,KANPUR,India,579700,1340000,Mumbai,579000,2,1,30,12/06/2004,13/07/2006,Full Time,Uttar Pradesh State Board,Saraswati Vidya Mandir Kanpur,NA,92,10th,14/02/2007,25/03/2010,Full Time,Uttar Pradesh State Board,Radha Niketan College Kanpur,Electronics & Telecommunication,93,12th,14/03/2010,18/09/2014,Full Time,NITA,Motilal Nehru National Institute of Technology Allahabad,Electronics & Telecommunication,81,BE,20/07/2015,22/01/2018,Full Time,NITIE,NITIE Mumbai,Mining Engineering,87,ME,0,29/03/2017,19/09/2018,Full Time,Junior Technical Consultant,TCS,Manufacturing,AGRA,India,,,,,,,,,English,Good,Good,Good,Hindi,Good,Good,Good,Marathi,Good,Good,Good,Guddu,Software Engineer,London,8009800998,,,Naukri.com
88995,Major,Uday,Bhan,uday.bhan@mailinator.com238,7864823238,7894923645,13/04/1990,M,Single,PAN167694238,No,Behind Yaga Baba Hostel Baner,426194,KANPUR,India,579700,1340000,Mumbai,579000,2,1,30,12/06/2004,13/07/2006,Full Time,Uttar Pradesh State Board,Saraswati Vidya Mandir Kanpur,NA,92,10th,14/02/2007,25/03/2010,Full Time,Uttar Pradesh State Board,Radha Niketan College Kanpur,Electronics & Telecommunication,93,12th,14/03/2010,18/09/2014,Full Time,NITA,Motilal Nehru National Institute of Technology Allahabad,Electronics & Telecommunication,81,BE,20/07/2015,22/01/2018,Full Time,NITIE,NITIE Mumbai,Mining Engineering,87,ME,0,29/03/2017,19/09/2018,Full Time,Junior Technical Consultant,TCS,Manufacturing,AGRA,India,,,,,,,,,English,Good,Good,Good,Hindi,Good,Good,Good,Marathi,Good,Good,Good,Guddu,Software Engineer,London,8009800998,,,Naukri.com
88995,Major,Uday,Bhan,uday.bhan@mailinator.com239,7864823239,7894923645,13/04/1990,M,Single,PAN167694239,No,Behind Yaga Baba Hostel Baner,426194,KANPUR,India,579700,1340000,Mumbai,579000,2,1,30,12/06/2004,13/07/2006,Full Time,Uttar Pradesh State Board,Saraswati Vidya Mandir Kanpur,NA,92,10th,14/02/2007,25/03/2010,Full Time,Uttar Pradesh State Board,Radha Niketan College Kanpur,Electronics & Telecommunication,93,12th,14/03/2010,18/09/2014,Full Time,NITA,Motilal Nehru National Institute of Technology Allahabad,Electronics & Telecommunication,81,BE,20/07/2015,22/01/2018,Full Time,NITIE,NITIE Mumbai,Mining Engineering,87,ME,0,29/03/2017,19/09/2018,Full Time,Junior Technical Consultant,TCS,Manufacturing,AGRA,India,,,,,,,,,English,Good,Good,Good,Hindi,Good,Good,Good,Marathi,Good,Good,Good,Guddu,Software Engineer,London,8009800998,,,Naukri.com
88995,Major,Uday,Bhan,uday.bhan@mailinator.com240,7864823240,7894923645,13/04/1990,M,Single,PAN167694240,No,Behind Yaga Baba Hostel Baner,426194,KANPUR,India,579700,1340000,Mumbai,579000,2,1,30,12/06/2004,13/07/2006,Full Time,Uttar Pradesh State Board,Saraswati Vidya Mandir Kanpur,NA,92,10th,14/02/2007,25/03/2010,Full Time,Uttar Pradesh State Board,Radha Niketan College Kanpur,Electronics & Telecommunication,93,12th,14/03/2010,18/09/2014,Full Time,NITA,Motilal Nehru National Institute of Technology Allahabad,Electronics & Telecommunication,81,BE,20/07/2015,22/01/2018,Full Time,NITIE,NITIE Mumbai,Mining Engineering,87,ME,0,29/03/2017,19/09/2018,Full Time,Junior Technical Consultant,TCS,Manufacturing,AGRA,India,,,,,,,,,English,Good,Good,Good,Hindi,Good,Good,Good,Marathi,Good,Good,Good,Guddu,Software Engineer,London,8009800998,,,Naukri.com
88995,Major,Uday,Bhan,uday.bhan@mailinator.com241,7864823241,7894923645,13/04/1990,M,Single,PAN167694241,No,Behind Yaga Baba Hostel Baner,426194,KANPUR,India,579700,1340000,Mumbai,579000,2,1,30,12/06/2004,13/07/2006,Full Time,Uttar Pradesh State Board,Saraswati Vidya Mandir Kanpur,NA,92,10th,14/02/2007,25/03/2010,Full Time,Uttar Pradesh State Board,Radha Niketan College Kanpur,Electronics & Telecommunication,93,12th,14/03/2010,18/09/2014,Full Time,NITA,Motilal Nehru National Institute of Technology Allahabad,Electronics & Telecommunication,81,BE,20/07/2015,22/01/2018,Full Time,NITIE,NITIE Mumbai,Mining Engineering,87,ME,0,29/03/2017,19/09/2018,Full Time,Junior Technical Consultant,TCS,Manufacturing,AGRA,India,,,,,,,,,English,Good,Good,Good,Hindi,Good,Good,Good,Marathi,Good,Good,Good,Guddu,Software Engineer,London,8009800998,,,Naukri.com
88995,Major,Uday,Bhan,uday.bhan@mailinator.com242,7864823242,7894923645,13/04/1990,M,Single,PAN167694242,No,Behind Yaga Baba Hostel Baner,426194,KANPUR,India,579700,1340000,Mumbai,579000,2,1,30,12/06/2004,13/07/2006,Full Time,Uttar Pradesh State Board,Saraswati Vidya Mandir Kanpur,NA,92,10th,14/02/2007,25/03/2010,Full Time,Uttar Pradesh State Board,Radha Niketan College Kanpur,Electronics & Telecommunication,93,12th,14/03/2010,18/09/2014,Full Time,NITA,Motilal Nehru National Institute of Technology Allahabad,Electronics & Telecommunication,81,BE,20/07/2015,22/01/2018,Full Time,NITIE,NITIE Mumbai,Mining Engineering,87,ME,0,29/03/2017,19/09/2018,Full Time,Junior Technical Consultant,TCS,Manufacturing,AGRA,India,,,,,,,,,English,Good,Good,Good,Hindi,Good,Good,Good,Marathi,Good,Good,Good,Guddu,Software Engineer,London,8009800998,,,Naukri.com
88995,Major,Uday,Bhan,uday.bhan@mailinator.com243,7864823243,7894923645,13/04/1990,M,Single,PAN167694243,No,Behind Yaga Baba Hostel Baner,426194,KANPUR,India,579700,1340000,Mumbai,579000,2,1,30,12/06/2004,13/07/2006,Full Time,Uttar Pradesh State Board,Saraswati Vidya Mandir Kanpur,NA,92,10th,14/02/2007,25/03/2010,Full Time,Uttar Pradesh State Board,Radha Niketan College Kanpur,Electronics & Telecommunication,93,12th,14/03/2010,18/09/2014,Full Time,NITA,Motilal Nehru National Institute of Technology Allahabad,Electronics & Telecommunication,81,BE,20/07/2015,22/01/2018,Full Time,NITIE,NITIE Mumbai,Mining Engineering,87,ME,0,29/03/2017,19/09/2018,Full Time,Junior Technical Consultant,TCS,Manufacturing,AGRA,India,,,,,,,,,English,Good,Good,Good,Hindi,Good,Good,Good,Marathi,Good,Good,Good,Guddu,Software Engineer,London,8009800998,,,Naukri.com
88995,Major,Uday,Bhan,uday.bhan@mailinator.com244,7864823244,7894923645,13/04/1990,M,Single,PAN167694244,No,Behind Yaga Baba Hostel Baner,426194,KANPUR,India,579700,1340000,Mumbai,579000,2,1,30,12/06/2004,13/07/2006,Full Time,Uttar Pradesh State Board,Saraswati Vidya Mandir Kanpur,NA,92,10th,14/02/2007,25/03/2010,Full Time,Uttar Pradesh State Board,Radha Niketan College Kanpur,Electronics & Telecommunication,93,12th,14/03/2010,18/09/2014,Full Time,NITA,Motilal Nehru National Institute of Technology Allahabad,Electronics & Telecommunication,81,BE,20/07/2015,22/01/2018,Full Time,NITIE,NITIE Mumbai,Mining Engineering,87,ME,0,29/03/2017,19/09/2018,Full Time,Junior Technical Consultant,TCS,Manufacturing,AGRA,India,,,,,,,,,English,Good,Good,Good,Hindi,Good,Good,Good,Marathi,Good,Good,Good,Guddu,Software Engineer,London,8009800998,,,Naukri.com
88995,Major,Uday,Bhan,uday.bhan@mailinator.com245,7864823245,7894923645,13/04/1990,M,Single,PAN167694245,No,Behind Yaga Baba Hostel Baner,426194,KANPUR,India,579700,1340000,Mumbai,579000,2,1,30,12/06/2004,13/07/2006,Full Time,Uttar Pradesh State Board,Saraswati Vidya Mandir Kanpur,NA,92,10th,14/02/2007,25/03/2010,Full Time,Uttar Pradesh State Board,Radha Niketan College Kanpur,Electronics & Telecommunication,93,12th,14/03/2010,18/09/2014,Full Time,NITA,Motilal Nehru National Institute of Technology Allahabad,Electronics & Telecommunication,81,BE,20/07/2015,22/01/2018,Full Time,NITIE,NITIE Mumbai,Mining Engineering,87,ME,0,29/03/2017,19/09/2018,Full Time,Junior Technical Consultant,TCS,Manufacturing,AGRA,India,,,,,,,,,English,Good,Good,Good,Hindi,Good,Good,Good,Marathi,Good,Good,Good,Guddu,Software Engineer,London,8009800998,,,Naukri.com
88995,Major,Uday,Bhan,uday.bhan@mailinator.com246,7864823246,7894923645,13/04/1990,M,Single,PAN167694246,No,Behind Yaga Baba Hostel Baner,426194,KANPUR,India,579700,1340000,Mumbai,579000,2,1,30,12/06/2004,13/07/2006,Full Time,Uttar Pradesh State Board,Saraswati Vidya Mandir Kanpur,NA,92,10th,14/02/2007,25/03/2010,Full Time,Uttar Pradesh State Board,Radha Niketan College Kanpur,Electronics & Telecommunication,93,12th,14/03/2010,18/09/2014,Full Time,NITA,Motilal Nehru National Institute of Technology Allahabad,Electronics & Telecommunication,81,BE,20/07/2015,22/01/2018,Full Time,NITIE,NITIE Mumbai,Mining Engineering,87,ME,0,29/03/2017,19/09/2018,Full Time,Junior Technical Consultant,TCS,Manufacturing,AGRA,India,,,,,,,,,English,Good,Good,Good,Hindi,Good,Good,Good,Marathi,Good,Good,Good,Guddu,Software Engineer,London,8009800998,,,Naukri.com
88995,Major,Uday,Bhan,uday.bhan@mailinator.com247,7864823247,7894923645,13/04/1990,M,Single,PAN167694247,No,Behind Yaga Baba Hostel Baner,426194,KANPUR,India,579700,1340000,Mumbai,579000,2,1,30,12/06/2004,13/07/2006,Full Time,Uttar Pradesh State Board,Saraswati Vidya Mandir Kanpur,NA,92,10th,14/02/2007,25/03/2010,Full Time,Uttar Pradesh State Board,Radha Niketan College Kanpur,Electronics & Telecommunication,93,12th,14/03/2010,18/09/2014,Full Time,NITA,Motilal Nehru National Institute of Technology Allahabad,Electronics & Telecommunication,81,BE,20/07/2015,22/01/2018,Full Time,NITIE,NITIE Mumbai,Mining Engineering,87,ME,0,29/03/2017,19/09/2018,Full Time,Junior Technical Consultant,TCS,Manufacturing,AGRA,India,,,,,,,,,English,Good,Good,Good,Hindi,Good,Good,Good,Marathi,Good,Good,Good,Guddu,Software Engineer,London,8009800998,,,Naukri.com
88995,Major,Uday,Bhan,uday.bhan@mailinator.com248,7864823248,7894923645,13/04/1990,M,Single,PAN167694248,No,Behind Yaga Baba Hostel Baner,426194,KANPUR,India,579700,1340000,Mumbai,579000,2,1,30,12/06/2004,13/07/2006,Full Time,Uttar Pradesh State Board,Saraswati Vidya Mandir Kanpur,NA,92,10th,14/02/2007,25/03/2010,Full Time,Uttar Pradesh State Board,Radha Niketan College Kanpur,Electronics & Telecommunication,93,12th,14/03/2010,18/09/2014,Full Time,NITA,Motilal Nehru National Institute of Technology Allahabad,Electronics & Telecommunication,81,BE,20/07/2015,22/01/2018,Full Time,NITIE,NITIE Mumbai,Mining Engineering,87,ME,0,29/03/2017,19/09/2018,Full Time,Junior Technical Consultant,TCS,Manufacturing,AGRA,India,,,,,,,,,English,Good,Good,Good,Hindi,Good,Good,Good,Marathi,Good,Good,Good,Guddu,Software Engineer,London,8009800998,,,Naukri.com
88995,Major,Uday,Bhan,uday.bhan@mailinator.com249,7864823249,7894923645,13/04/1990,M,Single,PAN167694249,No,Behind Yaga Baba Hostel Baner,426194,KANPUR,India,579700,1340000,Mumbai,579000,2,1,30,12/06/2004,13/07/2006,Full Time,Uttar Pradesh State Board,Saraswati Vidya Mandir Kanpur,NA,92,10th,14/02/2007,25/03/2010,Full Time,Uttar Pradesh State Board,Radha Niketan College Kanpur,Electronics & Telecommunication,93,12th,14/03/2010,18/09/2014,Full Time,NITA,Motilal Nehru National Institute of Technology Allahabad,Electronics & Telecommunication,81,BE,20/07/2015,22/01/2018,Full Time,NITIE,NITIE Mumbai,Mining Engineering,87,ME,0,29/03/2017,19/09/2018,Full Time,Junior Technical Consultant,TCS,Manufacturing,AGRA,India,,,,,,,,,English,Good,Good,Good,Hindi,Good,Good,Good,Marathi,Good,Good,Good,Guddu,Software Engineer,London,8009800998,,,Naukri.com
88995,Major,Uday,Bhan,uday.bhan@mailinator.com250,7864823250,7894923645,13/04/1990,M,Single,PAN167694250,No,Behind Yaga Baba Hostel Baner,426194,KANPUR,India,579700,1340000,Mumbai,579000,2,1,30,12/06/2004,13/07/2006,Full Time,Uttar Pradesh State Board,Saraswati Vidya Mandir Kanpur,NA,92,10th,14/02/2007,25/03/2010,Full Time,Uttar Pradesh State Board,Radha Niketan College Kanpur,Electronics & Telecommunication,93,12th,14/03/2010,18/09/2014,Full Time,NITA,Motilal Nehru National Institute of Technology Allahabad,Electronics & Telecommunication,81,BE,20/07/2015,22/01/2018,Full Time,NITIE,NITIE Mumbai,Mining Engineering,87,ME,0,29/03/2017,19/09/2018,Full Time,Junior Technical Consultant,TCS,Manufacturing,AGRA,India,,,,,,,,,English,Good,Good,Good,Hindi,Good,Good,Good,Marathi,Good,Good,Good,Guddu,Software Engineer,London,8009800998,,,Naukri.com
88995,Major,Uday,Bhan,uday.bhan@mailinator.com251,7864823251,7894923645,13/04/1990,M,Single,PAN167694251,No,Behind Yaga Baba Hostel Baner,426194,KANPUR,India,579700,1340000,Mumbai,579000,2,1,30,12/06/2004,13/07/2006,Full Time,Uttar Pradesh State Board,Saraswati Vidya Mandir Kanpur,NA,92,10th,14/02/2007,25/03/2010,Full Time,Uttar Pradesh State Board,Radha Niketan College Kanpur,Electronics & Telecommunication,93,12th,14/03/2010,18/09/2014,Full Time,NITA,Motilal Nehru National Institute of Technology Allahabad,Electronics & Telecommunication,81,BE,20/07/2015,22/01/2018,Full Time,NITIE,NITIE Mumbai,Mining Engineering,87,ME,0,29/03/2017,19/09/2018,Full Time,Junior Technical Consultant,TCS,Manufacturing,AGRA,India,,,,,,,,,English,Good,Good,Good,Hindi,Good,Good,Good,Marathi,Good,Good,Good,Guddu,Software Engineer,London,8009800998,,,Naukri.com
88995,Major,Uday,Bhan,uday.bhan@mailinator.com252,7864823252,7894923645,13/04/1990,M,Single,PAN167694252,No,Behind Yaga Baba Hostel Baner,426194,KANPUR,India,579700,1340000,Mumbai,579000,2,1,30,12/06/2004,13/07/2006,Full Time,Uttar Pradesh State Board,Saraswati Vidya Mandir Kanpur,NA,92,10th,14/02/2007,25/03/2010,Full Time,Uttar Pradesh State Board,Radha Niketan College Kanpur,Electronics & Telecommunication,93,12th,14/03/2010,18/09/2014,Full Time,NITA,Motilal Nehru National Institute of Technology Allahabad,Electronics & Telecommunication,81,BE,20/07/2015,22/01/2018,Full Time,NITIE,NITIE Mumbai,Mining Engineering,87,ME,0,29/03/2017,19/09/2018,Full Time,Junior Technical Consultant,TCS,Manufacturing,AGRA,India,,,,,,,,,English,Good,Good,Good,Hindi,Good,Good,Good,Marathi,Good,Good,Good,Guddu,Software Engineer,London,8009800998,,,Naukri.com
88995,Major,Uday,Bhan,uday.bhan@mailinator.com253,7864823253,7894923645,13/04/1990,M,Single,PAN167694253,No,Behind Yaga Baba Hostel Baner,426194,KANPUR,India,579700,1340000,Mumbai,579000,2,1,30,12/06/2004,13/07/2006,Full Time,Uttar Pradesh State Board,Saraswati Vidya Mandir Kanpur,NA,92,10th,14/02/2007,25/03/2010,Full Time,Uttar Pradesh State Board,Radha Niketan College Kanpur,Electronics & Telecommunication,93,12th,14/03/2010,18/09/2014,Full Time,NITA,Motilal Nehru National Institute of Technology Allahabad,Electronics & Telecommunication,81,BE,20/07/2015,22/01/2018,Full Time,NITIE,NITIE Mumbai,Mining Engineering,87,ME,0,29/03/2017,19/09/2018,Full Time,Junior Technical Consultant,TCS,Manufacturing,AGRA,India,,,,,,,,,English,Good,Good,Good,Hindi,Good,Good,Good,Marathi,Good,Good,Good,Guddu,Software Engineer,London,8009800998,,,Naukri.com
88995,Major,Uday,Bhan,uday.bhan@mailinator.com254,7864823254,7894923645,13/04/1990,M,Single,PAN167694254,No,Behind Yaga Baba Hostel Baner,426194,KANPUR,India,579700,1340000,Mumbai,579000,2,1,30,12/06/2004,13/07/2006,Full Time,Uttar Pradesh State Board,Saraswati Vidya Mandir Kanpur,NA,92,10th,14/02/2007,25/03/2010,Full Time,Uttar Pradesh State Board,Radha Niketan College Kanpur,Electronics & Telecommunication,93,12th,14/03/2010,18/09/2014,Full Time,NITA,Motilal Nehru National Institute of Technology Allahabad,Electronics & Telecommunication,81,BE,20/07/2015,22/01/2018,Full Time,NITIE,NITIE Mumbai,Mining Engineering,87,ME,0,29/03/2017,19/09/2018,Full Time,Junior Technical Consultant,TCS,Manufacturing,AGRA,India,,,,,,,,,English,Good,Good,Good,Hindi,Good,Good,Good,Marathi,Good,Good,Good,Guddu,Software Engineer,London,8009800998,,,Naukri.com
88995,Major,Uday,Bhan,uday.bhan@mailinator.com255,7864823255,7894923645,13/04/1990,M,Single,PAN167694255,No,Behind Yaga Baba Hostel Baner,426194,KANPUR,India,579700,1340000,Mumbai,579000,2,1,30,12/06/2004,13/07/2006,Full Time,Uttar Pradesh State Board,Saraswati Vidya Mandir Kanpur,NA,92,10th,14/02/2007,25/03/2010,Full Time,Uttar Pradesh State Board,Radha Niketan College Kanpur,Electronics & Telecommunication,93,12th,14/03/2010,18/09/2014,Full Time,NITA,Motilal Nehru National Institute of Technology Allahabad,Electronics & Telecommunication,81,BE,20/07/2015,22/01/2018,Full Time,NITIE,NITIE Mumbai,Mining Engineering,87,ME,0,29/03/2017,19/09/2018,Full Time,Junior Technical Consultant,TCS,Manufacturing,AGRA,India,,,,,,,,,English,Good,Good,Good,Hindi,Good,Good,Good,Marathi,Good,Good,Good,Guddu,Software Engineer,London,8009800998,,,Naukri.com
88995,Major,Uday,Bhan,uday.bhan@mailinator.com256,7864823256,7894923645,13/04/1990,M,Single,PAN167694256,No,Behind Yaga Baba Hostel Baner,426194,KANPUR,India,579700,1340000,Mumbai,579000,2,1,30,12/06/2004,13/07/2006,Full Time,Uttar Pradesh State Board,Saraswati Vidya Mandir Kanpur,NA,92,10th,14/02/2007,25/03/2010,Full Time,Uttar Pradesh State Board,Radha Niketan College Kanpur,Electronics & Telecommunication,93,12th,14/03/2010,18/09/2014,Full Time,NITA,Motilal Nehru National Institute of Technology Allahabad,Electronics & Telecommunication,81,BE,20/07/2015,22/01/2018,Full Time,NITIE,NITIE Mumbai,Mining Engineering,87,ME,0,29/03/2017,19/09/2018,Full Time,Junior Technical Consultant,TCS,Manufacturing,AGRA,India,,,,,,,,,English,Good,Good,Good,Hindi,Good,Good,Good,Marathi,Good,Good,Good,Guddu,Software Engineer,London,8009800998,,,Naukri.com
88995,Major,Uday,Bhan,uday.bhan@mailinator.com257,7864823257,7894923645,13/04/1990,M,Single,PAN167694257,No,Behind Yaga Baba Hostel Baner,426194,KANPUR,India,579700,1340000,Mumbai,579000,2,1,30,12/06/2004,13/07/2006,Full Time,Uttar Pradesh State Board,Saraswati Vidya Mandir Kanpur,NA,92,10th,14/02/2007,25/03/2010,Full Time,Uttar Pradesh State Board,Radha Niketan College Kanpur,Electronics & Telecommunication,93,12th,14/03/2010,18/09/2014,Full Time,NITA,Motilal Nehru National Institute of Technology Allahabad,Electronics & Telecommunication,81,BE,20/07/2015,22/01/2018,Full Time,NITIE,NITIE Mumbai,Mining Engineering,87,ME,0,29/03/2017,19/09/2018,Full Time,Junior Technical Consultant,TCS,Manufacturing,AGRA,India,,,,,,,,,English,Good,Good,Good,Hindi,Good,Good,Good,Marathi,Good,Good,Good,Guddu,Software Engineer,London,8009800998,,,Naukri.com
88995,Major,Uday,Bhan,uday.bhan@mailinator.com258,7864823258,7894923645,13/04/1990,M,Single,PAN167694258,No,Behind Yaga Baba Hostel Baner,426194,KANPUR,India,579700,1340000,Mumbai,579000,2,1,30,12/06/2004,13/07/2006,Full Time,Uttar Pradesh State Board,Saraswati Vidya Mandir Kanpur,NA,92,10th,14/02/2007,25/03/2010,Full Time,Uttar Pradesh State Board,Radha Niketan College Kanpur,Electronics & Telecommunication,93,12th,14/03/2010,18/09/2014,Full Time,NITA,Motilal Nehru National Institute of Technology Allahabad,Electronics & Telecommunication,81,BE,20/07/2015,22/01/2018,Full Time,NITIE,NITIE Mumbai,Mining Engineering,87,ME,0,29/03/2017,19/09/2018,Full Time,Junior Technical Consultant,TCS,Manufacturing,AGRA,India,,,,,,,,,English,Good,Good,Good,Hindi,Good,Good,Good,Marathi,Good,Good,Good,Guddu,Software Engineer,London,8009800998,,,Naukri.com
88995,Major,Uday,Bhan,uday.bhan@mailinator.com259,7864823259,7894923645,13/04/1990,M,Single,PAN167694259,No,Behind Yaga Baba Hostel Baner,426194,KANPUR,India,579700,1340000,Mumbai,579000,2,1,30,12/06/2004,13/07/2006,Full Time,Uttar Pradesh State Board,Saraswati Vidya Mandir Kanpur,NA,92,10th,14/02/2007,25/03/2010,Full Time,Uttar Pradesh State Board,Radha Niketan College Kanpur,Electronics & Telecommunication,93,12th,14/03/2010,18/09/2014,Full Time,NITA,Motilal Nehru National Institute of Technology Allahabad,Electronics & Telecommunication,81,BE,20/07/2015,22/01/2018,Full Time,NITIE,NITIE Mumbai,Mining Engineering,87,ME,0,29/03/2017,19/09/2018,Full Time,Junior Technical Consultant,TCS,Manufacturing,AGRA,India,,,,,,,,,English,Good,Good,Good,Hindi,Good,Good,Good,Marathi,Good,Good,Good,Guddu,Software Engineer,London,8009800998,,,Naukri.com
88995,Major,Uday,Bhan,uday.bhan@mailinator.com260,7864823260,7894923645,13/04/1990,M,Single,PAN167694260,No,Behind Yaga Baba Hostel Baner,426194,KANPUR,India,579700,1340000,Mumbai,579000,2,1,30,12/06/2004,13/07/2006,Full Time,Uttar Pradesh State Board,Saraswati Vidya Mandir Kanpur,NA,92,10th,14/02/2007,25/03/2010,Full Time,Uttar Pradesh State Board,Radha Niketan College Kanpur,Electronics & Telecommunication,93,12th,14/03/2010,18/09/2014,Full Time,NITA,Motilal Nehru National Institute of Technology Allahabad,Electronics & Telecommunication,81,BE,20/07/2015,22/01/2018,Full Time,NITIE,NITIE Mumbai,Mining Engineering,87,ME,0,29/03/2017,19/09/2018,Full Time,Junior Technical Consultant,TCS,Manufacturing,AGRA,India,,,,,,,,,English,Good,Good,Good,Hindi,Good,Good,Good,Marathi,Good,Good,Good,Guddu,Software Engineer,London,8009800998,,,Naukri.com
88995,Major,Uday,Bhan,uday.bhan@mailinator.com261,7864823261,7894923645,13/04/1990,M,Single,PAN167694261,No,Behind Yaga Baba Hostel Baner,426194,KANPUR,India,579700,1340000,Mumbai,579000,2,1,30,12/06/2004,13/07/2006,Full Time,Uttar Pradesh State Board,Saraswati Vidya Mandir Kanpur,NA,92,10th,14/02/2007,25/03/2010,Full Time,Uttar Pradesh State Board,Radha Niketan College Kanpur,Electronics & Telecommunication,93,12th,14/03/2010,18/09/2014,Full Time,NITA,Motilal Nehru National Institute of Technology Allahabad,Electronics & Telecommunication,81,BE,20/07/2015,22/01/2018,Full Time,NITIE,NITIE Mumbai,Mining Engineering,87,ME,0,29/03/2017,19/09/2018,Full Time,Junior Technical Consultant,TCS,Manufacturing,AGRA,India,,,,,,,,,English,Good,Good,Good,Hindi,Good,Good,Good,Marathi,Good,Good,Good,Guddu,Software Engineer,London,8009800998,,,Naukri.com
88995,Major,Uday,Bhan,uday.bhan@mailinator.com262,7864823262,7894923645,13/04/1990,M,Single,PAN167694262,No,Behind Yaga Baba Hostel Baner,426194,KANPUR,India,579700,1340000,Mumbai,579000,2,1,30,12/06/2004,13/07/2006,Full Time,Uttar Pradesh State Board,Saraswati Vidya Mandir Kanpur,NA,92,10th,14/02/2007,25/03/2010,Full Time,Uttar Pradesh State Board,Radha Niketan College Kanpur,Electronics & Telecommunication,93,12th,14/03/2010,18/09/2014,Full Time,NITA,Motilal Nehru National Institute of Technology Allahabad,Electronics & Telecommunication,81,BE,20/07/2015,22/01/2018,Full Time,NITIE,NITIE Mumbai,Mining Engineering,87,ME,0,29/03/2017,19/09/2018,Full Time,Junior Technical Consultant,TCS,Manufacturing,AGRA,India,,,,,,,,,English,Good,Good,Good,Hindi,Good,Good,Good,Marathi,Good,Good,Good,Guddu,Software Engineer,London,8009800998,,,Naukri.com
88995,Major,Uday,Bhan,uday.bhan@mailinator.com263,7864823263,7894923645,13/04/1990,M,Single,PAN167694263,No,Behind Yaga Baba Hostel Baner,426194,KANPUR,India,579700,1340000,Mumbai,579000,2,1,30,12/06/2004,13/07/2006,Full Time,Uttar Pradesh State Board,Saraswati Vidya Mandir Kanpur,NA,92,10th,14/02/2007,25/03/2010,Full Time,Uttar Pradesh State Board,Radha Niketan College Kanpur,Electronics & Telecommunication,93,12th,14/03/2010,18/09/2014,Full Time,NITA,Motilal Nehru National Institute of Technology Allahabad,Electronics & Telecommunication,81,BE,20/07/2015,22/01/2018,Full Time,NITIE,NITIE Mumbai,Mining Engineering,87,ME,0,29/03/2017,19/09/2018,Full Time,Junior Technical Consultant,TCS,Manufacturing,AGRA,India,,,,,,,,,English,Good,Good,Good,Hindi,Good,Good,Good,Marathi,Good,Good,Good,Guddu,Software Engineer,London,8009800998,,,Naukri.com
88995,Major,Uday,Bhan,uday.bhan@mailinator.com264,7864823264,7894923645,13/04/1990,M,Single,PAN167694264,No,Behind Yaga Baba Hostel Baner,426194,KANPUR,India,579700,1340000,Mumbai,579000,2,1,30,12/06/2004,13/07/2006,Full Time,Uttar Pradesh State Board,Saraswati Vidya Mandir Kanpur,NA,92,10th,14/02/2007,25/03/2010,Full Time,Uttar Pradesh State Board,Radha Niketan College Kanpur,Electronics & Telecommunication,93,12th,14/03/2010,18/09/2014,Full Time,NITA,Motilal Nehru National Institute of Technology Allahabad,Electronics & Telecommunication,81,BE,20/07/2015,22/01/2018,Full Time,NITIE,NITIE Mumbai,Mining Engineering,87,ME,0,29/03/2017,19/09/2018,Full Time,Junior Technical Consultant,TCS,Manufacturing,AGRA,India,,,,,,,,,English,Good,Good,Good,Hindi,Good,Good,Good,Marathi,Good,Good,Good,Guddu,Software Engineer,London,8009800998,,,Naukri.com
88995,Major,Uday,Bhan,uday.bhan@mailinator.com265,7864823265,7894923645,13/04/1990,M,Single,PAN167694265,No,Behind Yaga Baba Hostel Baner,426194,KANPUR,India,579700,1340000,Mumbai,579000,2,1,30,12/06/2004,13/07/2006,Full Time,Uttar Pradesh State Board,Saraswati Vidya Mandir Kanpur,NA,92,10th,14/02/2007,25/03/2010,Full Time,Uttar Pradesh State Board,Radha Niketan College Kanpur,Electronics & Telecommunication,93,12th,14/03/2010,18/09/2014,Full Time,NITA,Motilal Nehru National Institute of Technology Allahabad,Electronics & Telecommunication,81,BE,20/07/2015,22/01/2018,Full Time,NITIE,NITIE Mumbai,Mining Engineering,87,ME,0,29/03/2017,19/09/2018,Full Time,Junior Technical Consultant,TCS,Manufacturing,AGRA,India,,,,,,,,,English,Good,Good,Good,Hindi,Good,Good,Good,Marathi,Good,Good,Good,Guddu,Software Engineer,London,8009800998,,,Naukri.com
88995,Major,Uday,Bhan,uday.bhan@mailinator.com266,7864823266,7894923645,13/04/1990,M,Single,PAN167694266,No,Behind Yaga Baba Hostel Baner,426194,KANPUR,India,579700,1340000,Mumbai,579000,2,1,30,12/06/2004,13/07/2006,Full Time,Uttar Pradesh State Board,Saraswati Vidya Mandir Kanpur,NA,92,10th,14/02/2007,25/03/2010,Full Time,Uttar Pradesh State Board,Radha Niketan College Kanpur,Electronics & Telecommunication,93,12th,14/03/2010,18/09/2014,Full Time,NITA,Motilal Nehru National Institute of Technology Allahabad,Electronics & Telecommunication,81,BE,20/07/2015,22/01/2018,Full Time,NITIE,NITIE Mumbai,Mining Engineering,87,ME,0,29/03/2017,19/09/2018,Full Time,Junior Technical Consultant,TCS,Manufacturing,AGRA,India,,,,,,,,,English,Good,Good,Good,Hindi,Good,Good,Good,Marathi,Good,Good,Good,Guddu,Software Engineer,London,8009800998,,,Naukri.com
88995,Major,Uday,Bhan,uday.bhan@mailinator.com267,7864823267,7894923645,13/04/1990,M,Single,PAN167694267,No,Behind Yaga Baba Hostel Baner,426194,KANPUR,India,579700,1340000,Mumbai,579000,2,1,30,12/06/2004,13/07/2006,Full Time,Uttar Pradesh State Board,Saraswati Vidya Mandir Kanpur,NA,92,10th,14/02/2007,25/03/2010,Full Time,Uttar Pradesh State Board,Radha Niketan College Kanpur,Electronics & Telecommunication,93,12th,14/03/2010,18/09/2014,Full Time,NITA,Motilal Nehru National Institute of Technology Allahabad,Electronics & Telecommunication,81,BE,20/07/2015,22/01/2018,Full Time,NITIE,NITIE Mumbai,Mining Engineering,87,ME,0,29/03/2017,19/09/2018,Full Time,Junior Technical Consultant,TCS,Manufacturing,AGRA,India,,,,,,,,,English,Good,Good,Good,Hindi,Good,Good,Good,Marathi,Good,Good,Good,Guddu,Software Engineer,London,8009800998,,,Naukri.com
88995,Major,Uday,Bhan,uday.bhan@mailinator.com268,7864823268,7894923645,13/04/1990,M,Single,PAN167694268,No,Behind Yaga Baba Hostel Baner,426194,KANPUR,India,579700,1340000,Mumbai,579000,2,1,30,12/06/2004,13/07/2006,Full Time,Uttar Pradesh State Board,Saraswati Vidya Mandir Kanpur,NA,92,10th,14/02/2007,25/03/2010,Full Time,Uttar Pradesh State Board,Radha Niketan College Kanpur,Electronics & Telecommunication,93,12th,14/03/2010,18/09/2014,Full Time,NITA,Motilal Nehru National Institute of Technology Allahabad,Electronics & Telecommunication,81,BE,20/07/2015,22/01/2018,Full Time,NITIE,NITIE Mumbai,Mining Engineering,87,ME,0,29/03/2017,19/09/2018,Full Time,Junior Technical Consultant,TCS,Manufacturing,AGRA,India,,,,,,,,,English,Good,Good,Good,Hindi,Good,Good,Good,Marathi,Good,Good,Good,Guddu,Software Engineer,London,8009800998,,,Naukri.com
88995,Major,Uday,Bhan,uday.bhan@mailinator.com269,7864823269,7894923645,13/04/1990,M,Single,PAN167694269,No,Behind Yaga Baba Hostel Baner,426194,KANPUR,India,579700,1340000,Mumbai,579000,2,1,30,12/06/2004,13/07/2006,Full Time,Uttar Pradesh State Board,Saraswati Vidya Mandir Kanpur,NA,92,10th,14/02/2007,25/03/2010,Full Time,Uttar Pradesh State Board,Radha Niketan College Kanpur,Electronics & Telecommunication,93,12th,14/03/2010,18/09/2014,Full Time,NITA,Motilal Nehru National Institute of Technology Allahabad,Electronics & Telecommunication,81,BE,20/07/2015,22/01/2018,Full Time,NITIE,NITIE Mumbai,Mining Engineering,87,ME,0,29/03/2017,19/09/2018,Full Time,Junior Technical Consultant,TCS,Manufacturing,AGRA,India,,,,,,,,,English,Good,Good,Good,Hindi,Good,Good,Good,Marathi,Good,Good,Good,Guddu,Software Engineer,London,8009800998,,,Naukri.com
88995,Major,Uday,Bhan,uday.bhan@mailinator.com270,7864823270,7894923645,13/04/1990,M,Single,PAN167694270,No,Behind Yaga Baba Hostel Baner,426194,KANPUR,India,579700,1340000,Mumbai,579000,2,1,30,12/06/2004,13/07/2006,Full Time,Uttar Pradesh State Board,Saraswati Vidya Mandir Kanpur,NA,92,10th,14/02/2007,25/03/2010,Full Time,Uttar Pradesh State Board,Radha Niketan College Kanpur,Electronics & Telecommunication,93,12th,14/03/2010,18/09/2014,Full Time,NITA,Motilal Nehru National Institute of Technology Allahabad,Electronics & Telecommunication,81,BE,20/07/2015,22/01/2018,Full Time,NITIE,NITIE Mumbai,Mining Engineering,87,ME,0,29/03/2017,19/09/2018,Full Time,Junior Technical Consultant,TCS,Manufacturing,AGRA,India,,,,,,,,,English,Good,Good,Good,Hindi,Good,Good,Good,Marathi,Good,Good,Good,Guddu,Software Engineer,London,8009800998,,,Naukri.com
88995,Major,Uday,Bhan,uday.bhan@mailinator.com271,7864823271,7894923645,13/04/1990,M,Single,PAN167694271,No,Behind Yaga Baba Hostel Baner,426194,KANPUR,India,579700,1340000,Mumbai,579000,2,1,30,12/06/2004,13/07/2006,Full Time,Uttar Pradesh State Board,Saraswati Vidya Mandir Kanpur,NA,92,10th,14/02/2007,25/03/2010,Full Time,Uttar Pradesh State Board,Radha Niketan College Kanpur,Electronics & Telecommunication,93,12th,14/03/2010,18/09/2014,Full Time,NITA,Motilal Nehru National Institute of Technology Allahabad,Electronics & Telecommunication,81,BE,20/07/2015,22/01/2018,Full Time,NITIE,NITIE Mumbai,Mining Engineering,87,ME,0,29/03/2017,19/09/2018,Full Time,Junior Technical Consultant,TCS,Manufacturing,AGRA,India,,,,,,,,,English,Good,Good,Good,Hindi,Good,Good,Good,Marathi,Good,Good,Good,Guddu,Software Engineer,London,8009800998,,,Naukri.com
88995,Major,Uday,Bhan,uday.bhan@mailinator.com272,7864823272,7894923645,13/04/1990,M,Single,PAN167694272,No,Behind Yaga Baba Hostel Baner,426194,KANPUR,India,579700,1340000,Mumbai,579000,2,1,30,12/06/2004,13/07/2006,Full Time,Uttar Pradesh State Board,Saraswati Vidya Mandir Kanpur,NA,92,10th,14/02/2007,25/03/2010,Full Time,Uttar Pradesh State Board,Radha Niketan College Kanpur,Electronics & Telecommunication,93,12th,14/03/2010,18/09/2014,Full Time,NITA,Motilal Nehru National Institute of Technology Allahabad,Electronics & Telecommunication,81,BE,20/07/2015,22/01/2018,Full Time,NITIE,NITIE Mumbai,Mining Engineering,87,ME,0,29/03/2017,19/09/2018,Full Time,Junior Technical Consultant,TCS,Manufacturing,AGRA,India,,,,,,,,,English,Good,Good,Good,Hindi,Good,Good,Good,Marathi,Good,Good,Good,Guddu,Software Engineer,London,8009800998,,,Naukri.com
88995,Major,Uday,Bhan,uday.bhan@mailinator.com273,7864823273,7894923645,13/04/1990,M,Single,PAN167694273,No,Behind Yaga Baba Hostel Baner,426194,KANPUR,India,579700,1340000,Mumbai,579000,2,1,30,12/06/2004,13/07/2006,Full Time,Uttar Pradesh State Board,Saraswati Vidya Mandir Kanpur,NA,92,10th,14/02/2007,25/03/2010,Full Time,Uttar Pradesh State Board,Radha Niketan College Kanpur,Electronics & Telecommunication,93,12th,14/03/2010,18/09/2014,Full Time,NITA,Motilal Nehru National Institute of Technology Allahabad,Electronics & Telecommunication,81,BE,20/07/2015,22/01/2018,Full Time,NITIE,NITIE Mumbai,Mining Engineering,87,ME,0,29/03/2017,19/09/2018,Full Time,Junior Technical Consultant,TCS,Manufacturing,AGRA,India,,,,,,,,,English,Good,Good,Good,Hindi,Good,Good,Good,Marathi,Good,Good,Good,Guddu,Software Engineer,London,8009800998,,,Naukri.com
88995,Major,Uday,Bhan,uday.bhan@mailinator.com274,7864823274,7894923645,13/04/1990,M,Single,PAN167694274,No,Behind Yaga Baba Hostel Baner,426194,KANPUR,India,579700,1340000,Mumbai,579000,2,1,30,12/06/2004,13/07/2006,Full Time,Uttar Pradesh State Board,Saraswati Vidya Mandir Kanpur,NA,92,10th,14/02/2007,25/03/2010,Full Time,Uttar Pradesh State Board,Radha Niketan College Kanpur,Electronics & Telecommunication,93,12th,14/03/2010,18/09/2014,Full Time,NITA,Motilal Nehru National Institute of Technology Allahabad,Electronics & Telecommunication,81,BE,20/07/2015,22/01/2018,Full Time,NITIE,NITIE Mumbai,Mining Engineering,87,ME,0,29/03/2017,19/09/2018,Full Time,Junior Technical Consultant,TCS,Manufacturing,AGRA,India,,,,,,,,,English,Good,Good,Good,Hindi,Good,Good,Good,Marathi,Good,Good,Good,Guddu,Software Engineer,London,8009800998,,,Naukri.com
88995,Major,Uday,Bhan,uday.bhan@mailinator.com275,7864823275,7894923645,13/04/1990,M,Single,PAN167694275,No,Behind Yaga Baba Hostel Baner,426194,KANPUR,India,579700,1340000,Mumbai,579000,2,1,30,12/06/2004,13/07/2006,Full Time,Uttar Pradesh State Board,Saraswati Vidya Mandir Kanpur,NA,92,10th,14/02/2007,25/03/2010,Full Time,Uttar Pradesh State Board,Radha Niketan College Kanpur,Electronics & Telecommunication,93,12th,14/03/2010,18/09/2014,Full Time,NITA,Motilal Nehru National Institute of Technology Allahabad,Electronics & Telecommunication,81,BE,20/07/2015,22/01/2018,Full Time,NITIE,NITIE Mumbai,Mining Engineering,87,ME,0,29/03/2017,19/09/2018,Full Time,Junior Technical Consultant,TCS,Manufacturing,AGRA,India,,,,,,,,,English,Good,Good,Good,Hindi,Good,Good,Good,Marathi,Good,Good,Good,Guddu,Software Engineer,London,8009800998,,,Naukri.com
88995,Major,Uday,Bhan,uday.bhan@mailinator.com276,7864823276,7894923645,13/04/1990,M,Single,PAN167694276,No,Behind Yaga Baba Hostel Baner,426194,KANPUR,India,579700,1340000,Mumbai,579000,2,1,30,12/06/2004,13/07/2006,Full Time,Uttar Pradesh State Board,Saraswati Vidya Mandir Kanpur,NA,92,10th,14/02/2007,25/03/2010,Full Time,Uttar Pradesh State Board,Radha Niketan College Kanpur,Electronics & Telecommunication,93,12th,14/03/2010,18/09/2014,Full Time,NITA,Motilal Nehru National Institute of Technology Allahabad,Electronics & Telecommunication,81,BE,20/07/2015,22/01/2018,Full Time,NITIE,NITIE Mumbai,Mining Engineering,87,ME,0,29/03/2017,19/09/2018,Full Time,Junior Technical Consultant,TCS,Manufacturing,AGRA,India,,,,,,,,,English,Good,Good,Good,Hindi,Good,Good,Good,Marathi,Good,Good,Good,Guddu,Software Engineer,London,8009800998,,,Naukri.com
88995,Major,Uday,Bhan,uday.bhan@mailinator.com277,7864823277,7894923645,13/04/1990,M,Single,PAN167694277,No,Behind Yaga Baba Hostel Baner,426194,KANPUR,India,579700,1340000,Mumbai,579000,2,1,30,12/06/2004,13/07/2006,Full Time,Uttar Pradesh State Board,Saraswati Vidya Mandir Kanpur,NA,92,10th,14/02/2007,25/03/2010,Full Time,Uttar Pradesh State Board,Radha Niketan College Kanpur,Electronics & Telecommunication,93,12th,14/03/2010,18/09/2014,Full Time,NITA,Motilal Nehru National Institute of Technology Allahabad,Electronics & Telecommunication,81,BE,20/07/2015,22/01/2018,Full Time,NITIE,NITIE Mumbai,Mining Engineering,87,ME,0,29/03/2017,19/09/2018,Full Time,Junior Technical Consultant,TCS,Manufacturing,AGRA,India,,,,,,,,,English,Good,Good,Good,Hindi,Good,Good,Good,Marathi,Good,Good,Good,Guddu,Software Engineer,London,8009800998,,,Naukri.com
88995,Major,Uday,Bhan,uday.bhan@mailinator.com278,7864823278,7894923645,13/04/1990,M,Single,PAN167694278,No,Behind Yaga Baba Hostel Baner,426194,KANPUR,India,579700,1340000,Mumbai,579000,2,1,30,12/06/2004,13/07/2006,Full Time,Uttar Pradesh State Board,Saraswati Vidya Mandir Kanpur,NA,92,10th,14/02/2007,25/03/2010,Full Time,Uttar Pradesh State Board,Radha Niketan College Kanpur,Electronics & Telecommunication,93,12th,14/03/2010,18/09/2014,Full Time,NITA,Motilal Nehru National Institute of Technology Allahabad,Electronics & Telecommunication,81,BE,20/07/2015,22/01/2018,Full Time,NITIE,NITIE Mumbai,Mining Engineering,87,ME,0,29/03/2017,19/09/2018,Full Time,Junior Technical Consultant,TCS,Manufacturing,AGRA,India,,,,,,,,,English,Good,Good,Good,Hindi,Good,Good,Good,Marathi,Good,Good,Good,Guddu,Software Engineer,London,8009800998,,,Naukri.com
88995,Major,Uday,Bhan,uday.bhan@mailinator.com279,7864823279,7894923645,13/04/1990,M,Single,PAN167694279,No,Behind Yaga Baba Hostel Baner,426194,KANPUR,India,579700,1340000,Mumbai,579000,2,1,30,12/06/2004,13/07/2006,Full Time,Uttar Pradesh State Board,Saraswati Vidya Mandir Kanpur,NA,92,10th,14/02/2007,25/03/2010,Full Time,Uttar Pradesh State Board,Radha Niketan College Kanpur,Electronics & Telecommunication,93,12th,14/03/2010,18/09/2014,Full Time,NITA,Motilal Nehru National Institute of Technology Allahabad,Electronics & Telecommunication,81,BE,20/07/2015,22/01/2018,Full Time,NITIE,NITIE Mumbai,Mining Engineering,87,ME,0,29/03/2017,19/09/2018,Full Time,Junior Technical Consultant,TCS,Manufacturing,AGRA,India,,,,,,,,,English,Good,Good,Good,Hindi,Good,Good,Good,Marathi,Good,Good,Good,Guddu,Software Engineer,London,8009800998,,,Naukri.com
88995,Major,Uday,Bhan,uday.bhan@mailinator.com280,7864823280,7894923645,13/04/1990,M,Single,PAN167694280,No,Behind Yaga Baba Hostel Baner,426194,KANPUR,India,579700,1340000,Mumbai,579000,2,1,30,12/06/2004,13/07/2006,Full Time,Uttar Pradesh State Board,Saraswati Vidya Mandir Kanpur,NA,92,10th,14/02/2007,25/03/2010,Full Time,Uttar Pradesh State Board,Radha Niketan College Kanpur,Electronics & Telecommunication,93,12th,14/03/2010,18/09/2014,Full Time,NITA,Motilal Nehru National Institute of Technology Allahabad,Electronics & Telecommunication,81,BE,20/07/2015,22/01/2018,Full Time,NITIE,NITIE Mumbai,Mining Engineering,87,ME,0,29/03/2017,19/09/2018,Full Time,Junior Technical Consultant,TCS,Manufacturing,AGRA,India,,,,,,,,,English,Good,Good,Good,Hindi,Good,Good,Good,Marathi,Good,Good,Good,Guddu,Software Engineer,London,8009800998,,,Naukri.com
88995,Major,Uday,Bhan,uday.bhan@mailinator.com281,7864823281,7894923645,13/04/1990,M,Single,PAN167694281,No,Behind Yaga Baba Hostel Baner,426194,KANPUR,India,579700,1340000,Mumbai,579000,2,1,30,12/06/2004,13/07/2006,Full Time,Uttar Pradesh State Board,Saraswati Vidya Mandir Kanpur,NA,92,10th,14/02/2007,25/03/2010,Full Time,Uttar Pradesh State Board,Radha Niketan College Kanpur,Electronics & Telecommunication,93,12th,14/03/2010,18/09/2014,Full Time,NITA,Motilal Nehru National Institute of Technology Allahabad,Electronics & Telecommunication,81,BE,20/07/2015,22/01/2018,Full Time,NITIE,NITIE Mumbai,Mining Engineering,87,ME,0,29/03/2017,19/09/2018,Full Time,Junior Technical Consultant,TCS,Manufacturing,AGRA,India,,,,,,,,,English,Good,Good,Good,Hindi,Good,Good,Good,Marathi,Good,Good,Good,Guddu,Software Engineer,London,8009800998,,,Naukri.com
88995,Major,Uday,Bhan,uday.bhan@mailinator.com282,7864823282,7894923645,13/04/1990,M,Single,PAN167694282,No,Behind Yaga Baba Hostel Baner,426194,KANPUR,India,579700,1340000,Mumbai,579000,2,1,30,12/06/2004,13/07/2006,Full Time,Uttar Pradesh State Board,Saraswati Vidya Mandir Kanpur,NA,92,10th,14/02/2007,25/03/2010,Full Time,Uttar Pradesh State Board,Radha Niketan College Kanpur,Electronics & Telecommunication,93,12th,14/03/2010,18/09/2014,Full Time,NITA,Motilal Nehru National Institute of Technology Allahabad,Electronics & Telecommunication,81,BE,20/07/2015,22/01/2018,Full Time,NITIE,NITIE Mumbai,Mining Engineering,87,ME,0,29/03/2017,19/09/2018,Full Time,Junior Technical Consultant,TCS,Manufacturing,AGRA,India,,,,,,,,,English,Good,Good,Good,Hindi,Good,Good,Good,Marathi,Good,Good,Good,Guddu,Software Engineer,London,8009800998,,,Naukri.com
88995,Major,Uday,Bhan,uday.bhan@mailinator.com283,7864823283,7894923645,13/04/1990,M,Single,PAN167694283,No,Behind Yaga Baba Hostel Baner,426194,KANPUR,India,579700,1340000,Mumbai,579000,2,1,30,12/06/2004,13/07/2006,Full Time,Uttar Pradesh State Board,Saraswati Vidya Mandir Kanpur,NA,92,10th,14/02/2007,25/03/2010,Full Time,Uttar Pradesh State Board,Radha Niketan College Kanpur,Electronics & Telecommunication,93,12th,14/03/2010,18/09/2014,Full Time,NITA,Motilal Nehru National Institute of Technology Allahabad,Electronics & Telecommunication,81,BE,20/07/2015,22/01/2018,Full Time,NITIE,NITIE Mumbai,Mining Engineering,87,ME,0,29/03/2017,19/09/2018,Full Time,Junior Technical Consultant,TCS,Manufacturing,AGRA,India,,,,,,,,,English,Good,Good,Good,Hindi,Good,Good,Good,Marathi,Good,Good,Good,Guddu,Software Engineer,London,8009800998,,,Naukri.com
88995,Major,Uday,Bhan,uday.bhan@mailinator.com284,7864823284,7894923645,13/04/1990,M,Single,PAN167694284,No,Behind Yaga Baba Hostel Baner,426194,KANPUR,India,579700,1340000,Mumbai,579000,2,1,30,12/06/2004,13/07/2006,Full Time,Uttar Pradesh State Board,Saraswati Vidya Mandir Kanpur,NA,92,10th,14/02/2007,25/03/2010,Full Time,Uttar Pradesh State Board,Radha Niketan College Kanpur,Electronics & Telecommunication,93,12th,14/03/2010,18/09/2014,Full Time,NITA,Motilal Nehru National Institute of Technology Allahabad,Electronics & Telecommunication,81,BE,20/07/2015,22/01/2018,Full Time,NITIE,NITIE Mumbai,Mining Engineering,87,ME,0,29/03/2017,19/09/2018,Full Time,Junior Technical Consultant,TCS,Manufacturing,AGRA,India,,,,,,,,,English,Good,Good,Good,Hindi,Good,Good,Good,Marathi,Good,Good,Good,Guddu,Software Engineer,London,8009800998,,,Naukri.com
88995,Major,Uday,Bhan,uday.bhan@mailinator.com285,7864823285,7894923645,13/04/1990,M,Single,PAN167694285,No,Behind Yaga Baba Hostel Baner,426194,KANPUR,India,579700,1340000,Mumbai,579000,2,1,30,12/06/2004,13/07/2006,Full Time,Uttar Pradesh State Board,Saraswati Vidya Mandir Kanpur,NA,92,10th,14/02/2007,25/03/2010,Full Time,Uttar Pradesh State Board,Radha Niketan College Kanpur,Electronics & Telecommunication,93,12th,14/03/2010,18/09/2014,Full Time,NITA,Motilal Nehru National Institute of Technology Allahabad,Electronics & Telecommunication,81,BE,20/07/2015,22/01/2018,Full Time,NITIE,NITIE Mumbai,Mining Engineering,87,ME,0,29/03/2017,19/09/2018,Full Time,Junior Technical Consultant,TCS,Manufacturing,AGRA,India,,,,,,,,,English,Good,Good,Good,Hindi,Good,Good,Good,Marathi,Good,Good,Good,Guddu,Software Engineer,London,8009800998,,,Naukri.com
88995,Major,Uday,Bhan,uday.bhan@mailinator.com286,7864823286,7894923645,13/04/1990,M,Single,PAN167694286,No,Behind Yaga Baba Hostel Baner,426194,KANPUR,India,579700,1340000,Mumbai,579000,2,1,30,12/06/2004,13/07/2006,Full Time,Uttar Pradesh State Board,Saraswati Vidya Mandir Kanpur,NA,92,10th,14/02/2007,25/03/2010,Full Time,Uttar Pradesh State Board,Radha Niketan College Kanpur,Electronics & Telecommunication,93,12th,14/03/2010,18/09/2014,Full Time,NITA,Motilal Nehru National Institute of Technology Allahabad,Electronics & Telecommunication,81,BE,20/07/2015,22/01/2018,Full Time,NITIE,NITIE Mumbai,Mining Engineering,87,ME,0,29/03/2017,19/09/2018,Full Time,Junior Technical Consultant,TCS,Manufacturing,AGRA,India,,,,,,,,,English,Good,Good,Good,Hindi,Good,Good,Good,Marathi,Good,Good,Good,Guddu,Software Engineer,London,8009800998,,,Naukri.com
88995,Major,Uday,Bhan,uday.bhan@mailinator.com287,7864823287,7894923645,13/04/1990,M,Single,PAN167694287,No,Behind Yaga Baba Hostel Baner,426194,KANPUR,India,579700,1340000,Mumbai,579000,2,1,30,12/06/2004,13/07/2006,Full Time,Uttar Pradesh State Board,Saraswati Vidya Mandir Kanpur,NA,92,10th,14/02/2007,25/03/2010,Full Time,Uttar Pradesh State Board,Radha Niketan College Kanpur,Electronics & Telecommunication,93,12th,14/03/2010,18/09/2014,Full Time,NITA,Motilal Nehru National Institute of Technology Allahabad,Electronics & Telecommunication,81,BE,20/07/2015,22/01/2018,Full Time,NITIE,NITIE Mumbai,Mining Engineering,87,ME,0,29/03/2017,19/09/2018,Full Time,Junior Technical Consultant,TCS,Manufacturing,AGRA,India,,,,,,,,,English,Good,Good,Good,Hindi,Good,Good,Good,Marathi,Good,Good,Good,Guddu,Software Engineer,London,8009800998,,,Naukri.com
88995,Major,Uday,Bhan,uday.bhan@mailinator.com288,7864823288,7894923645,13/04/1990,M,Single,PAN167694288,No,Behind Yaga Baba Hostel Baner,426194,KANPUR,India,579700,1340000,Mumbai,579000,2,1,30,12/06/2004,13/07/2006,Full Time,Uttar Pradesh State Board,Saraswati Vidya Mandir Kanpur,NA,92,10th,14/02/2007,25/03/2010,Full Time,Uttar Pradesh State Board,Radha Niketan College Kanpur,Electronics & Telecommunication,93,12th,14/03/2010,18/09/2014,Full Time,NITA,Motilal Nehru National Institute of Technology Allahabad,Electronics & Telecommunication,81,BE,20/07/2015,22/01/2018,Full Time,NITIE,NITIE Mumbai,Mining Engineering,87,ME,0,29/03/2017,19/09/2018,Full Time,Junior Technical Consultant,TCS,Manufacturing,AGRA,India,,,,,,,,,English,Good,Good,Good,Hindi,Good,Good,Good,Marathi,Good,Good,Good,Guddu,Software Engineer,London,8009800998,,,Naukri.com
88995,Major,Uday,Bhan,uday.bhan@mailinator.com289,7864823289,7894923645,13/04/1990,M,Single,PAN167694289,No,Behind Yaga Baba Hostel Baner,426194,KANPUR,India,579700,1340000,Mumbai,579000,2,1,30,12/06/2004,13/07/2006,Full Time,Uttar Pradesh State Board,Saraswati Vidya Mandir Kanpur,NA,92,10th,14/02/2007,25/03/2010,Full Time,Uttar Pradesh State Board,Radha Niketan College Kanpur,Electronics & Telecommunication,93,12th,14/03/2010,18/09/2014,Full Time,NITA,Motilal Nehru National Institute of Technology Allahabad,Electronics & Telecommunication,81,BE,20/07/2015,22/01/2018,Full Time,NITIE,NITIE Mumbai,Mining Engineering,87,ME,0,29/03/2017,19/09/2018,Full Time,Junior Technical Consultant,TCS,Manufacturing,AGRA,India,,,,,,,,,English,Good,Good,Good,Hindi,Good,Good,Good,Marathi,Good,Good,Good,Guddu,Software Engineer,London,8009800998,,,Naukri.com
88995,Major,Uday,Bhan,uday.bhan@mailinator.com290,7864823290,7894923645,13/04/1990,M,Single,PAN167694290,No,Behind Yaga Baba Hostel Baner,426194,KANPUR,India,579700,1340000,Mumbai,579000,2,1,30,12/06/2004,13/07/2006,Full Time,Uttar Pradesh State Board,Saraswati Vidya Mandir Kanpur,NA,92,10th,14/02/2007,25/03/2010,Full Time,Uttar Pradesh State Board,Radha Niketan College Kanpur,Electronics & Telecommunication,93,12th,14/03/2010,18/09/2014,Full Time,NITA,Motilal Nehru National Institute of Technology Allahabad,Electronics & Telecommunication,81,BE,20/07/2015,22/01/2018,Full Time,NITIE,NITIE Mumbai,Mining Engineering,87,ME,0,29/03/2017,19/09/2018,Full Time,Junior Technical Consultant,TCS,Manufacturing,AGRA,India,,,,,,,,,English,Good,Good,Good,Hindi,Good,Good,Good,Marathi,Good,Good,Good,Guddu,Software Engineer,London,8009800998,,,Naukri.com
88995,Major,Uday,Bhan,uday.bhan@mailinator.com291,7864823291,7894923645,13/04/1990,M,Single,PAN167694291,No,Behind Yaga Baba Hostel Baner,426194,KANPUR,India,579700,1340000,Mumbai,579000,2,1,30,12/06/2004,13/07/2006,Full Time,Uttar Pradesh State Board,Saraswati Vidya Mandir Kanpur,NA,92,10th,14/02/2007,25/03/2010,Full Time,Uttar Pradesh State Board,Radha Niketan College Kanpur,Electronics & Telecommunication,93,12th,14/03/2010,18/09/2014,Full Time,NITA,Motilal Nehru National Institute of Technology Allahabad,Electronics & Telecommunication,81,BE,20/07/2015,22/01/2018,Full Time,NITIE,NITIE Mumbai,Mining Engineering,87,ME,0,29/03/2017,19/09/2018,Full Time,Junior Technical Consultant,TCS,Manufacturing,AGRA,India,,,,,,,,,English,Good,Good,Good,Hindi,Good,Good,Good,Marathi,Good,Good,Good,Guddu,Software Engineer,London,8009800998,,,Naukri.com
88995,Major,Uday,Bhan,uday.bhan@mailinator.com292,7864823292,7894923645,13/04/1990,M,Single,PAN167694292,No,Behind Yaga Baba Hostel Baner,426194,KANPUR,India,579700,1340000,Mumbai,579000,2,1,30,12/06/2004,13/07/2006,Full Time,Uttar Pradesh State Board,Saraswati Vidya Mandir Kanpur,NA,92,10th,14/02/2007,25/03/2010,Full Time,Uttar Pradesh State Board,Radha Niketan College Kanpur,Electronics & Telecommunication,93,12th,14/03/2010,18/09/2014,Full Time,NITA,Motilal Nehru National Institute of Technology Allahabad,Electronics & Telecommunication,81,BE,20/07/2015,22/01/2018,Full Time,NITIE,NITIE Mumbai,Mining Engineering,87,ME,0,29/03/2017,19/09/2018,Full Time,Junior Technical Consultant,TCS,Manufacturing,AGRA,India,,,,,,,,,English,Good,Good,Good,Hindi,Good,Good,Good,Marathi,Good,Good,Good,Guddu,Software Engineer,London,8009800998,,,Naukri.com
88995,Major,Uday,Bhan,uday.bhan@mailinator.com293,7864823293,7894923645,13/04/1990,M,Single,PAN167694293,No,Behind Yaga Baba Hostel Baner,426194,KANPUR,India,579700,1340000,Mumbai,579000,2,1,30,12/06/2004,13/07/2006,Full Time,Uttar Pradesh State Board,Saraswati Vidya Mandir Kanpur,NA,92,10th,14/02/2007,25/03/2010,Full Time,Uttar Pradesh State Board,Radha Niketan College Kanpur,Electronics & Telecommunication,93,12th,14/03/2010,18/09/2014,Full Time,NITA,Motilal Nehru National Institute of Technology Allahabad,Electronics & Telecommunication,81,BE,20/07/2015,22/01/2018,Full Time,NITIE,NITIE Mumbai,Mining Engineering,87,ME,0,29/03/2017,19/09/2018,Full Time,Junior Technical Consultant,TCS,Manufacturing,AGRA,India,,,,,,,,,English,Good,Good,Good,Hindi,Good,Good,Good,Marathi,Good,Good,Good,Guddu,Software Engineer,London,8009800998,,,Naukri.com
88995,Major,Uday,Bhan,uday.bhan@mailinator.com294,7864823294,7894923645,13/04/1990,M,Single,PAN167694294,No,Behind Yaga Baba Hostel Baner,426194,KANPUR,India,579700,1340000,Mumbai,579000,2,1,30,12/06/2004,13/07/2006,Full Time,Uttar Pradesh State Board,Saraswati Vidya Mandir Kanpur,NA,92,10th,14/02/2007,25/03/2010,Full Time,Uttar Pradesh State Board,Radha Niketan College Kanpur,Electronics & Telecommunication,93,12th,14/03/2010,18/09/2014,Full Time,NITA,Motilal Nehru National Institute of Technology Allahabad,Electronics & Telecommunication,81,BE,20/07/2015,22/01/2018,Full Time,NITIE,NITIE Mumbai,Mining Engineering,87,ME,0,29/03/2017,19/09/2018,Full Time,Junior Technical Consultant,TCS,Manufacturing,AGRA,India,,,,,,,,,English,Good,Good,Good,Hindi,Good,Good,Good,Marathi,Good,Good,Good,Guddu,Software Engineer,London,8009800998,,,Naukri.com
88995,Major,Uday,Bhan,uday.bhan@mailinator.com295,7864823295,7894923645,13/04/1990,M,Single,PAN167694295,No,Behind Yaga Baba Hostel Baner,426194,KANPUR,India,579700,1340000,Mumbai,579000,2,1,30,12/06/2004,13/07/2006,Full Time,Uttar Pradesh State Board,Saraswati Vidya Mandir Kanpur,NA,92,10th,14/02/2007,25/03/2010,Full Time,Uttar Pradesh State Board,Radha Niketan College Kanpur,Electronics & Telecommunication,93,12th,14/03/2010,18/09/2014,Full Time,NITA,Motilal Nehru National Institute of Technology Allahabad,Electronics & Telecommunication,81,BE,20/07/2015,22/01/2018,Full Time,NITIE,NITIE Mumbai,Mining Engineering,87,ME,0,29/03/2017,19/09/2018,Full Time,Junior Technical Consultant,TCS,Manufacturing,AGRA,India,,,,,,,,,English,Good,Good,Good,Hindi,Good,Good,Good,Marathi,Good,Good,Good,Guddu,Software Engineer,London,8009800998,,,Naukri.com
88995,Major,Uday,Bhan,uday.bhan@mailinator.com296,7864823296,7894923645,13/04/1990,M,Single,PAN167694296,No,Behind Yaga Baba Hostel Baner,426194,KANPUR,India,579700,1340000,Mumbai,579000,2,1,30,12/06/2004,13/07/2006,Full Time,Uttar Pradesh State Board,Saraswati Vidya Mandir Kanpur,NA,92,10th,14/02/2007,25/03/2010,Full Time,Uttar Pradesh State Board,Radha Niketan College Kanpur,Electronics & Telecommunication,93,12th,14/03/2010,18/09/2014,Full Time,NITA,Motilal Nehru National Institute of Technology Allahabad,Electronics & Telecommunication,81,BE,20/07/2015,22/01/2018,Full Time,NITIE,NITIE Mumbai,Mining Engineering,87,ME,0,29/03/2017,19/09/2018,Full Time,Junior Technical Consultant,TCS,Manufacturing,AGRA,India,,,,,,,,,English,Good,Good,Good,Hindi,Good,Good,Good,Marathi,Good,Good,Good,Guddu,Software Engineer,London,8009800998,,,Naukri.com
88995,Major,Uday,Bhan,uday.bhan@mailinator.com297,7864823297,7894923645,13/04/1990,M,Single,PAN167694297,No,Behind Yaga Baba Hostel Baner,426194,KANPUR,India,579700,1340000,Mumbai,579000,2,1,30,12/06/2004,13/07/2006,Full Time,Uttar Pradesh State Board,Saraswati Vidya Mandir Kanpur,NA,92,10th,14/02/2007,25/03/2010,Full Time,Uttar Pradesh State Board,Radha Niketan College Kanpur,Electronics & Telecommunication,93,12th,14/03/2010,18/09/2014,Full Time,NITA,Motilal Nehru National Institute of Technology Allahabad,Electronics & Telecommunication,81,BE,20/07/2015,22/01/2018,Full Time,NITIE,NITIE Mumbai,Mining Engineering,87,ME,0,29/03/2017,19/09/2018,Full Time,Junior Technical Consultant,TCS,Manufacturing,AGRA,India,,,,,,,,,English,Good,Good,Good,Hindi,Good,Good,Good,Marathi,Good,Good,Good,Guddu,Software Engineer,London,8009800998,,,Naukri.com
88995,Major,Uday,Bhan,uday.bhan@mailinator.com298,7864823298,7894923645,13/04/1990,M,Single,PAN167694298,No,Behind Yaga Baba Hostel Baner,426194,KANPUR,India,579700,1340000,Mumbai,579000,2,1,30,12/06/2004,13/07/2006,Full Time,Uttar Pradesh State Board,Saraswati Vidya Mandir Kanpur,NA,92,10th,14/02/2007,25/03/2010,Full Time,Uttar Pradesh State Board,Radha Niketan College Kanpur,Electronics & Telecommunication,93,12th,14/03/2010,18/09/2014,Full Time,NITA,Motilal Nehru National Institute of Technology Allahabad,Electronics & Telecommunication,81,BE,20/07/2015,22/01/2018,Full Time,NITIE,NITIE Mumbai,Mining Engineering,87,ME,0,29/03/2017,19/09/2018,Full Time,Junior Technical Consultant,TCS,Manufacturing,AGRA,India,,,,,,,,,English,Good,Good,Good,Hindi,Good,Good,Good,Marathi,Good,Good,Good,Guddu,Software Engineer,London,8009800998,,,Naukri.com
88995,Major,Uday,Bhan,uday.bhan@mailinator.com299,7864823299,7894923645,13/04/1990,M,Single,PAN167694299,No,Behind Yaga Baba Hostel Baner,426194,KANPUR,India,579700,1340000,Mumbai,579000,2,1,30,12/06/2004,13/07/2006,Full Time,Uttar Pradesh State Board,Saraswati Vidya Mandir Kanpur,NA,92,10th,14/02/2007,25/03/2010,Full Time,Uttar Pradesh State Board,Radha Niketan College Kanpur,Electronics & Telecommunication,93,12th,14/03/2010,18/09/2014,Full Time,NITA,Motilal Nehru National Institute of Technology Allahabad,Electronics & Telecommunication,81,BE,20/07/2015,22/01/2018,Full Time,NITIE,NITIE Mumbai,Mining Engineering,87,ME,0,29/03/2017,19/09/2018,Full Time,Junior Technical Consultant,TCS,Manufacturing,AGRA,India,,,,,,,,,English,Good,Good,Good,Hindi,Good,Good,Good,Marathi,Good,Good,Good,Guddu,Software Engineer,London,8009800998,,,Naukri.com
88995,Major,Uday,Bhan,uday.bhan@mailinator.com300,7864823300,7894923645,13/04/1990,M,Single,PAN167694300,No,Behind Yaga Baba Hostel Baner,426194,KANPUR,India,579700,1340000,Mumbai,579000,2,1,30,12/06/2004,13/07/2006,Full Time,Uttar Pradesh State Board,Saraswati Vidya Mandir Kanpur,NA,92,10th,14/02/2007,25/03/2010,Full Time,Uttar Pradesh State Board,Radha Niketan College Kanpur,Electronics & Telecommunication,93,12th,14/03/2010,18/09/2014,Full Time,NITA,Motilal Nehru National Institute of Technology Allahabad,Electronics & Telecommunication,81,BE,20/07/2015,22/01/2018,Full Time,NITIE,NITIE Mumbai,Mining Engineering,87,ME,0,29/03/2017,19/09/2018,Full Time,Junior Technical Consultant,TCS,Manufacturing,AGRA,India,,,,,,,,,English,Good,Good,Good,Hindi,Good,Good,Good,Marathi,Good,Good,Good,Guddu,Software Engineer,London,8009800998,,,Naukri.com
88995,Major,Uday,Bhan,uday.bhan@mailinator.com301,7864823301,7894923645,13/04/1990,M,Single,PAN167694301,No,Behind Yaga Baba Hostel Baner,426194,KANPUR,India,579700,1340000,Mumbai,579000,2,1,30,12/06/2004,13/07/2006,Full Time,Uttar Pradesh State Board,Saraswati Vidya Mandir Kanpur,NA,92,10th,14/02/2007,25/03/2010,Full Time,Uttar Pradesh State Board,Radha Niketan College Kanpur,Electronics & Telecommunication,93,12th,14/03/2010,18/09/2014,Full Time,NITA,Motilal Nehru National Institute of Technology Allahabad,Electronics & Telecommunication,81,BE,20/07/2015,22/01/2018,Full Time,NITIE,NITIE Mumbai,Mining Engineering,87,ME,0,29/03/2017,19/09/2018,Full Time,Junior Technical Consultant,TCS,Manufacturing,AGRA,India,,,,,,,,,English,Good,Good,Good,Hindi,Good,Good,Good,Marathi,Good,Good,Good,Guddu,Software Engineer,London,8009800998,,,Naukri.com
88995,Major,Uday,Bhan,uday.bhan@mailinator.com302,7864823302,7894923645,13/04/1990,M,Single,PAN167694302,No,Behind Yaga Baba Hostel Baner,426194,KANPUR,India,579700,1340000,Mumbai,579000,2,1,30,12/06/2004,13/07/2006,Full Time,Uttar Pradesh State Board,Saraswati Vidya Mandir Kanpur,NA,92,10th,14/02/2007,25/03/2010,Full Time,Uttar Pradesh State Board,Radha Niketan College Kanpur,Electronics & Telecommunication,93,12th,14/03/2010,18/09/2014,Full Time,NITA,Motilal Nehru National Institute of Technology Allahabad,Electronics & Telecommunication,81,BE,20/07/2015,22/01/2018,Full Time,NITIE,NITIE Mumbai,Mining Engineering,87,ME,0,29/03/2017,19/09/2018,Full Time,Junior Technical Consultant,TCS,Manufacturing,AGRA,India,,,,,,,,,English,Good,Good,Good,Hindi,Good,Good,Good,Marathi,Good,Good,Good,Guddu,Software Engineer,London,8009800998,,,Naukri.com
88995,Major,Uday,Bhan,uday.bhan@mailinator.com303,7864823303,7894923645,13/04/1990,M,Single,PAN167694303,No,Behind Yaga Baba Hostel Baner,426194,KANPUR,India,579700,1340000,Mumbai,579000,2,1,30,12/06/2004,13/07/2006,Full Time,Uttar Pradesh State Board,Saraswati Vidya Mandir Kanpur,NA,92,10th,14/02/2007,25/03/2010,Full Time,Uttar Pradesh State Board,Radha Niketan College Kanpur,Electronics & Telecommunication,93,12th,14/03/2010,18/09/2014,Full Time,NITA,Motilal Nehru National Institute of Technology Allahabad,Electronics & Telecommunication,81,BE,20/07/2015,22/01/2018,Full Time,NITIE,NITIE Mumbai,Mining Engineering,87,ME,0,29/03/2017,19/09/2018,Full Time,Junior Technical Consultant,TCS,Manufacturing,AGRA,India,,,,,,,,,English,Good,Good,Good,Hindi,Good,Good,Good,Marathi,Good,Good,Good,Guddu,Software Engineer,London,8009800998,,,Naukri.com
88995,Major,Uday,Bhan,uday.bhan@mailinator.com304,7864823304,7894923645,13/04/1990,M,Single,PAN167694304,No,Behind Yaga Baba Hostel Baner,426194,KANPUR,India,579700,1340000,Mumbai,579000,2,1,30,12/06/2004,13/07/2006,Full Time,Uttar Pradesh State Board,Saraswati Vidya Mandir Kanpur,NA,92,10th,14/02/2007,25/03/2010,Full Time,Uttar Pradesh State Board,Radha Niketan College Kanpur,Electronics & Telecommunication,93,12th,14/03/2010,18/09/2014,Full Time,NITA,Motilal Nehru National Institute of Technology Allahabad,Electronics & Telecommunication,81,BE,20/07/2015,22/01/2018,Full Time,NITIE,NITIE Mumbai,Mining Engineering,87,ME,0,29/03/2017,19/09/2018,Full Time,Junior Technical Consultant,TCS,Manufacturing,AGRA,India,,,,,,,,,English,Good,Good,Good,Hindi,Good,Good,Good,Marathi,Good,Good,Good,Guddu,Software Engineer,London,8009800998,,,Naukri.com
88995,Major,Uday,Bhan,uday.bhan@mailinator.com305,7864823305,7894923645,13/04/1990,M,Single,PAN167694305,No,Behind Yaga Baba Hostel Baner,426194,KANPUR,India,579700,1340000,Mumbai,579000,2,1,30,12/06/2004,13/07/2006,Full Time,Uttar Pradesh State Board,Saraswati Vidya Mandir Kanpur,NA,92,10th,14/02/2007,25/03/2010,Full Time,Uttar Pradesh State Board,Radha Niketan College Kanpur,Electronics & Telecommunication,93,12th,14/03/2010,18/09/2014,Full Time,NITA,Motilal Nehru National Institute of Technology Allahabad,Electronics & Telecommunication,81,BE,20/07/2015,22/01/2018,Full Time,NITIE,NITIE Mumbai,Mining Engineering,87,ME,0,29/03/2017,19/09/2018,Full Time,Junior Technical Consultant,TCS,Manufacturing,AGRA,India,,,,,,,,,English,Good,Good,Good,Hindi,Good,Good,Good,Marathi,Good,Good,Good,Guddu,Software Engineer,London,8009800998,,,Naukri.com
88995,Major,Uday,Bhan,uday.bhan@mailinator.com306,7864823306,7894923645,13/04/1990,M,Single,PAN167694306,No,Behind Yaga Baba Hostel Baner,426194,KANPUR,India,579700,1340000,Mumbai,579000,2,1,30,12/06/2004,13/07/2006,Full Time,Uttar Pradesh State Board,Saraswati Vidya Mandir Kanpur,NA,92,10th,14/02/2007,25/03/2010,Full Time,Uttar Pradesh State Board,Radha Niketan College Kanpur,Electronics & Telecommunication,93,12th,14/03/2010,18/09/2014,Full Time,NITA,Motilal Nehru National Institute of Technology Allahabad,Electronics & Telecommunication,81,BE,20/07/2015,22/01/2018,Full Time,NITIE,NITIE Mumbai,Mining Engineering,87,ME,0,29/03/2017,19/09/2018,Full Time,Junior Technical Consultant,TCS,Manufacturing,AGRA,India,,,,,,,,,English,Good,Good,Good,Hindi,Good,Good,Good,Marathi,Good,Good,Good,Guddu,Software Engineer,London,8009800998,,,Naukri.com
88995,Major,Uday,Bhan,uday.bhan@mailinator.com307,7864823307,7894923645,13/04/1990,M,Single,PAN167694307,No,Behind Yaga Baba Hostel Baner,426194,KANPUR,India,579700,1340000,Mumbai,579000,2,1,30,12/06/2004,13/07/2006,Full Time,Uttar Pradesh State Board,Saraswati Vidya Mandir Kanpur,NA,92,10th,14/02/2007,25/03/2010,Full Time,Uttar Pradesh State Board,Radha Niketan College Kanpur,Electronics & Telecommunication,93,12th,14/03/2010,18/09/2014,Full Time,NITA,Motilal Nehru National Institute of Technology Allahabad,Electronics & Telecommunication,81,BE,20/07/2015,22/01/2018,Full Time,NITIE,NITIE Mumbai,Mining Engineering,87,ME,0,29/03/2017,19/09/2018,Full Time,Junior Technical Consultant,TCS,Manufacturing,AGRA,India,,,,,,,,,English,Good,Good,Good,Hindi,Good,Good,Good,Marathi,Good,Good,Good,Guddu,Software Engineer,London,8009800998,,,Naukri.com
88995,Major,Uday,Bhan,uday.bhan@mailinator.com308,7864823308,7894923645,13/04/1990,M,Single,PAN167694308,No,Behind Yaga Baba Hostel Baner,426194,KANPUR,India,579700,1340000,Mumbai,579000,2,1,30,12/06/2004,13/07/2006,Full Time,Uttar Pradesh State Board,Saraswati Vidya Mandir Kanpur,NA,92,10th,14/02/2007,25/03/2010,Full Time,Uttar Pradesh State Board,Radha Niketan College Kanpur,Electronics & Telecommunication,93,12th,14/03/2010,18/09/2014,Full Time,NITA,Motilal Nehru National Institute of Technology Allahabad,Electronics & Telecommunication,81,BE,20/07/2015,22/01/2018,Full Time,NITIE,NITIE Mumbai,Mining Engineering,87,ME,0,29/03/2017,19/09/2018,Full Time,Junior Technical Consultant,TCS,Manufacturing,AGRA,India,,,,,,,,,English,Good,Good,Good,Hindi,Good,Good,Good,Marathi,Good,Good,Good,Guddu,Software Engineer,London,8009800998,,,Naukri.com
88995,Major,Uday,Bhan,uday.bhan@mailinator.com309,7864823309,7894923645,13/04/1990,M,Single,PAN167694309,No,Behind Yaga Baba Hostel Baner,426194,KANPUR,India,579700,1340000,Mumbai,579000,2,1,30,12/06/2004,13/07/2006,Full Time,Uttar Pradesh State Board,Saraswati Vidya Mandir Kanpur,NA,92,10th,14/02/2007,25/03/2010,Full Time,Uttar Pradesh State Board,Radha Niketan College Kanpur,Electronics & Telecommunication,93,12th,14/03/2010,18/09/2014,Full Time,NITA,Motilal Nehru National Institute of Technology Allahabad,Electronics & Telecommunication,81,BE,20/07/2015,22/01/2018,Full Time,NITIE,NITIE Mumbai,Mining Engineering,87,ME,0,29/03/2017,19/09/2018,Full Time,Junior Technical Consultant,TCS,Manufacturing,AGRA,India,,,,,,,,,English,Good,Good,Good,Hindi,Good,Good,Good,Marathi,Good,Good,Good,Guddu,Software Engineer,London,8009800998,,,Naukri.com
88995,Major,Uday,Bhan,uday.bhan@mailinator.com310,7864823310,7894923645,13/04/1990,M,Single,PAN167694310,No,Behind Yaga Baba Hostel Baner,426194,KANPUR,India,579700,1340000,Mumbai,579000,2,1,30,12/06/2004,13/07/2006,Full Time,Uttar Pradesh State Board,Saraswati Vidya Mandir Kanpur,NA,92,10th,14/02/2007,25/03/2010,Full Time,Uttar Pradesh State Board,Radha Niketan College Kanpur,Electronics & Telecommunication,93,12th,14/03/2010,18/09/2014,Full Time,NITA,Motilal Nehru National Institute of Technology Allahabad,Electronics & Telecommunication,81,BE,20/07/2015,22/01/2018,Full Time,NITIE,NITIE Mumbai,Mining Engineering,87,ME,0,29/03/2017,19/09/2018,Full Time,Junior Technical Consultant,TCS,Manufacturing,AGRA,India,,,,,,,,,English,Good,Good,Good,Hindi,Good,Good,Good,Marathi,Good,Good,Good,Guddu,Software Engineer,London,8009800998,,,Naukri.com
88995,Major,Uday,Bhan,uday.bhan@mailinator.com311,7864823311,7894923645,13/04/1990,M,Single,PAN167694311,No,Behind Yaga Baba Hostel Baner,426194,KANPUR,India,579700,1340000,Mumbai,579000,2,1,30,12/06/2004,13/07/2006,Full Time,Uttar Pradesh State Board,Saraswati Vidya Mandir Kanpur,NA,92,10th,14/02/2007,25/03/2010,Full Time,Uttar Pradesh State Board,Radha Niketan College Kanpur,Electronics & Telecommunication,93,12th,14/03/2010,18/09/2014,Full Time,NITA,Motilal Nehru National Institute of Technology Allahabad,Electronics & Telecommunication,81,BE,20/07/2015,22/01/2018,Full Time,NITIE,NITIE Mumbai,Mining Engineering,87,ME,0,29/03/2017,19/09/2018,Full Time,Junior Technical Consultant,TCS,Manufacturing,AGRA,India,,,,,,,,,English,Good,Good,Good,Hindi,Good,Good,Good,Marathi,Good,Good,Good,Guddu,Software Engineer,London,8009800998,,,Naukri.com
88995,Major,Uday,Bhan,uday.bhan@mailinator.com312,7864823312,7894923645,13/04/1990,M,Single,PAN167694312,No,Behind Yaga Baba Hostel Baner,426194,KANPUR,India,579700,1340000,Mumbai,579000,2,1,30,12/06/2004,13/07/2006,Full Time,Uttar Pradesh State Board,Saraswati Vidya Mandir Kanpur,NA,92,10th,14/02/2007,25/03/2010,Full Time,Uttar Pradesh State Board,Radha Niketan College Kanpur,Electronics & Telecommunication,93,12th,14/03/2010,18/09/2014,Full Time,NITA,Motilal Nehru National Institute of Technology Allahabad,Electronics & Telecommunication,81,BE,20/07/2015,22/01/2018,Full Time,NITIE,NITIE Mumbai,Mining Engineering,87,ME,0,29/03/2017,19/09/2018,Full Time,Junior Technical Consultant,TCS,Manufacturing,AGRA,India,,,,,,,,,English,Good,Good,Good,Hindi,Good,Good,Good,Marathi,Good,Good,Good,Guddu,Software Engineer,London,8009800998,,,Naukri.com
88995,Major,Uday,Bhan,uday.bhan@mailinator.com313,7864823313,7894923645,13/04/1990,M,Single,PAN167694313,No,Behind Yaga Baba Hostel Baner,426194,KANPUR,India,579700,1340000,Mumbai,579000,2,1,30,12/06/2004,13/07/2006,Full Time,Uttar Pradesh State Board,Saraswati Vidya Mandir Kanpur,NA,92,10th,14/02/2007,25/03/2010,Full Time,Uttar Pradesh State Board,Radha Niketan College Kanpur,Electronics & Telecommunication,93,12th,14/03/2010,18/09/2014,Full Time,NITA,Motilal Nehru National Institute of Technology Allahabad,Electronics & Telecommunication,81,BE,20/07/2015,22/01/2018,Full Time,NITIE,NITIE Mumbai,Mining Engineering,87,ME,0,29/03/2017,19/09/2018,Full Time,Junior Technical Consultant,TCS,Manufacturing,AGRA,India,,,,,,,,,English,Good,Good,Good,Hindi,Good,Good,Good,Marathi,Good,Good,Good,Guddu,Software Engineer,London,8009800998,,,Naukri.com
88995,Major,Uday,Bhan,uday.bhan@mailinator.com314,7864823314,7894923645,13/04/1990,M,Single,PAN167694314,No,Behind Yaga Baba Hostel Baner,426194,KANPUR,India,579700,1340000,Mumbai,579000,2,1,30,12/06/2004,13/07/2006,Full Time,Uttar Pradesh State Board,Saraswati Vidya Mandir Kanpur,NA,92,10th,14/02/2007,25/03/2010,Full Time,Uttar Pradesh State Board,Radha Niketan College Kanpur,Electronics & Telecommunication,93,12th,14/03/2010,18/09/2014,Full Time,NITA,Motilal Nehru National Institute of Technology Allahabad,Electronics & Telecommunication,81,BE,20/07/2015,22/01/2018,Full Time,NITIE,NITIE Mumbai,Mining Engineering,87,ME,0,29/03/2017,19/09/2018,Full Time,Junior Technical Consultant,TCS,Manufacturing,AGRA,India,,,,,,,,,English,Good,Good,Good,Hindi,Good,Good,Good,Marathi,Good,Good,Good,Guddu,Software Engineer,London,8009800998,,,Naukri.com
88995,Major,Uday,Bhan,uday.bhan@mailinator.com315,7864823315,7894923645,13/04/1990,M,Single,PAN167694315,No,Behind Yaga Baba Hostel Baner,426194,KANPUR,India,579700,1340000,Mumbai,579000,2,1,30,12/06/2004,13/07/2006,Full Time,Uttar Pradesh State Board,Saraswati Vidya Mandir Kanpur,NA,92,10th,14/02/2007,25/03/2010,Full Time,Uttar Pradesh State Board,Radha Niketan College Kanpur,Electronics & Telecommunication,93,12th,14/03/2010,18/09/2014,Full Time,NITA,Motilal Nehru National Institute of Technology Allahabad,Electronics & Telecommunication,81,BE,20/07/2015,22/01/2018,Full Time,NITIE,NITIE Mumbai,Mining Engineering,87,ME,0,29/03/2017,19/09/2018,Full Time,Junior Technical Consultant,TCS,Manufacturing,AGRA,India,,,,,,,,,English,Good,Good,Good,Hindi,Good,Good,Good,Marathi,Good,Good,Good,Guddu,Software Engineer,London,8009800998,,,Naukri.com
88995,Major,Uday,Bhan,uday.bhan@mailinator.com316,7864823316,7894923645,13/04/1990,M,Single,PAN167694316,No,Behind Yaga Baba Hostel Baner,426194,KANPUR,India,579700,1340000,Mumbai,579000,2,1,30,12/06/2004,13/07/2006,Full Time,Uttar Pradesh State Board,Saraswati Vidya Mandir Kanpur,NA,92,10th,14/02/2007,25/03/2010,Full Time,Uttar Pradesh State Board,Radha Niketan College Kanpur,Electronics & Telecommunication,93,12th,14/03/2010,18/09/2014,Full Time,NITA,Motilal Nehru National Institute of Technology Allahabad,Electronics & Telecommunication,81,BE,20/07/2015,22/01/2018,Full Time,NITIE,NITIE Mumbai,Mining Engineering,87,ME,0,29/03/2017,19/09/2018,Full Time,Junior Technical Consultant,TCS,Manufacturing,AGRA,India,,,,,,,,,English,Good,Good,Good,Hindi,Good,Good,Good,Marathi,Good,Good,Good,Guddu,Software Engineer,London,8009800998,,,Naukri.com
88995,Major,Uday,Bhan,uday.bhan@mailinator.com317,7864823317,7894923645,13/04/1990,M,Single,PAN167694317,No,Behind Yaga Baba Hostel Baner,426194,KANPUR,India,579700,1340000,Mumbai,579000,2,1,30,12/06/2004,13/07/2006,Full Time,Uttar Pradesh State Board,Saraswati Vidya Mandir Kanpur,NA,92,10th,14/02/2007,25/03/2010,Full Time,Uttar Pradesh State Board,Radha Niketan College Kanpur,Electronics & Telecommunication,93,12th,14/03/2010,18/09/2014,Full Time,NITA,Motilal Nehru National Institute of Technology Allahabad,Electronics & Telecommunication,81,BE,20/07/2015,22/01/2018,Full Time,NITIE,NITIE Mumbai,Mining Engineering,87,ME,0,29/03/2017,19/09/2018,Full Time,Junior Technical Consultant,TCS,Manufacturing,AGRA,India,,,,,,,,,English,Good,Good,Good,Hindi,Good,Good,Good,Marathi,Good,Good,Good,Guddu,Software Engineer,London,8009800998,,,Naukri.com
88995,Major,Uday,Bhan,uday.bhan@mailinator.com318,7864823318,7894923645,13/04/1990,M,Single,PAN167694318,No,Behind Yaga Baba Hostel Baner,426194,KANPUR,India,579700,1340000,Mumbai,579000,2,1,30,12/06/2004,13/07/2006,Full Time,Uttar Pradesh State Board,Saraswati Vidya Mandir Kanpur,NA,92,10th,14/02/2007,25/03/2010,Full Time,Uttar Pradesh State Board,Radha Niketan College Kanpur,Electronics & Telecommunication,93,12th,14/03/2010,18/09/2014,Full Time,NITA,Motilal Nehru National Institute of Technology Allahabad,Electronics & Telecommunication,81,BE,20/07/2015,22/01/2018,Full Time,NITIE,NITIE Mumbai,Mining Engineering,87,ME,0,29/03/2017,19/09/2018,Full Time,Junior Technical Consultant,TCS,Manufacturing,AGRA,India,,,,,,,,,English,Good,Good,Good,Hindi,Good,Good,Good,Marathi,Good,Good,Good,Guddu,Software Engineer,London,8009800998,,,Naukri.com
88995,Major,Uday,Bhan,uday.bhan@mailinator.com319,7864823319,7894923645,13/04/1990,M,Single,PAN167694319,No,Behind Yaga Baba Hostel Baner,426194,KANPUR,India,579700,1340000,Mumbai,579000,2,1,30,12/06/2004,13/07/2006,Full Time,Uttar Pradesh State Board,Saraswati Vidya Mandir Kanpur,NA,92,10th,14/02/2007,25/03/2010,Full Time,Uttar Pradesh State Board,Radha Niketan College Kanpur,Electronics & Telecommunication,93,12th,14/03/2010,18/09/2014,Full Time,NITA,Motilal Nehru National Institute of Technology Allahabad,Electronics & Telecommunication,81,BE,20/07/2015,22/01/2018,Full Time,NITIE,NITIE Mumbai,Mining Engineering,87,ME,0,29/03/2017,19/09/2018,Full Time,Junior Technical Consultant,TCS,Manufacturing,AGRA,India,,,,,,,,,English,Good,Good,Good,Hindi,Good,Good,Good,Marathi,Good,Good,Good,Guddu,Software Engineer,London,8009800998,,,Naukri.com
88995,Major,Uday,Bhan,uday.bhan@mailinator.com320,7864823320,7894923645,13/04/1990,M,Single,PAN167694320,No,Behind Yaga Baba Hostel Baner,426194,KANPUR,India,579700,1340000,Mumbai,579000,2,1,30,12/06/2004,13/07/2006,Full Time,Uttar Pradesh State Board,Saraswati Vidya Mandir Kanpur,NA,92,10th,14/02/2007,25/03/2010,Full Time,Uttar Pradesh State Board,Radha Niketan College Kanpur,Electronics & Telecommunication,93,12th,14/03/2010,18/09/2014,Full Time,NITA,Motilal Nehru National Institute of Technology Allahabad,Electronics & Telecommunication,81,BE,20/07/2015,22/01/2018,Full Time,NITIE,NITIE Mumbai,Mining Engineering,87,ME,0,29/03/2017,19/09/2018,Full Time,Junior Technical Consultant,TCS,Manufacturing,AGRA,India,,,,,,,,,English,Good,Good,Good,Hindi,Good,Good,Good,Marathi,Good,Good,Good,Guddu,Software Engineer,London,8009800998,,,Naukri.com
88995,Major,Uday,Bhan,uday.bhan@mailinator.com321,7864823321,7894923645,13/04/1990,M,Single,PAN167694321,No,Behind Yaga Baba Hostel Baner,426194,KANPUR,India,579700,1340000,Mumbai,579000,2,1,30,12/06/2004,13/07/2006,Full Time,Uttar Pradesh State Board,Saraswati Vidya Mandir Kanpur,NA,92,10th,14/02/2007,25/03/2010,Full Time,Uttar Pradesh State Board,Radha Niketan College Kanpur,Electronics & Telecommunication,93,12th,14/03/2010,18/09/2014,Full Time,NITA,Motilal Nehru National Institute of Technology Allahabad,Electronics & Telecommunication,81,BE,20/07/2015,22/01/2018,Full Time,NITIE,NITIE Mumbai,Mining Engineering,87,ME,0,29/03/2017,19/09/2018,Full Time,Junior Technical Consultant,TCS,Manufacturing,AGRA,India,,,,,,,,,English,Good,Good,Good,Hindi,Good,Good,Good,Marathi,Good,Good,Good,Guddu,Software Engineer,London,8009800998,,,Naukri.com
88995,Major,Uday,Bhan,uday.bhan@mailinator.com322,7864823322,7894923645,13/04/1990,M,Single,PAN167694322,No,Behind Yaga Baba Hostel Baner,426194,KANPUR,India,579700,1340000,Mumbai,579000,2,1,30,12/06/2004,13/07/2006,Full Time,Uttar Pradesh State Board,Saraswati Vidya Mandir Kanpur,NA,92,10th,14/02/2007,25/03/2010,Full Time,Uttar Pradesh State Board,Radha Niketan College Kanpur,Electronics & Telecommunication,93,12th,14/03/2010,18/09/2014,Full Time,NITA,Motilal Nehru National Institute of Technology Allahabad,Electronics & Telecommunication,81,BE,20/07/2015,22/01/2018,Full Time,NITIE,NITIE Mumbai,Mining Engineering,87,ME,0,29/03/2017,19/09/2018,Full Time,Junior Technical Consultant,TCS,Manufacturing,AGRA,India,,,,,,,,,English,Good,Good,Good,Hindi,Good,Good,Good,Marathi,Good,Good,Good,Guddu,Software Engineer,London,8009800998,,,Naukri.com
88995,Major,Uday,Bhan,uday.bhan@mailinator.com323,7864823323,7894923645,13/04/1990,M,Single,PAN167694323,No,Behind Yaga Baba Hostel Baner,426194,KANPUR,India,579700,1340000,Mumbai,579000,2,1,30,12/06/2004,13/07/2006,Full Time,Uttar Pradesh State Board,Saraswati Vidya Mandir Kanpur,NA,92,10th,14/02/2007,25/03/2010,Full Time,Uttar Pradesh State Board,Radha Niketan College Kanpur,Electronics & Telecommunication,93,12th,14/03/2010,18/09/2014,Full Time,NITA,Motilal Nehru National Institute of Technology Allahabad,Electronics & Telecommunication,81,BE,20/07/2015,22/01/2018,Full Time,NITIE,NITIE Mumbai,Mining Engineering,87,ME,0,29/03/2017,19/09/2018,Full Time,Junior Technical Consultant,TCS,Manufacturing,AGRA,India,,,,,,,,,English,Good,Good,Good,Hindi,Good,Good,Good,Marathi,Good,Good,Good,Guddu,Software Engineer,London,8009800998,,,Naukri.com
88995,Major,Uday,Bhan,uday.bhan@mailinator.com324,7864823324,7894923645,13/04/1990,M,Single,PAN167694324,No,Behind Yaga Baba Hostel Baner,426194,KANPUR,India,579700,1340000,Mumbai,579000,2,1,30,12/06/2004,13/07/2006,Full Time,Uttar Pradesh State Board,Saraswati Vidya Mandir Kanpur,NA,92,10th,14/02/2007,25/03/2010,Full Time,Uttar Pradesh State Board,Radha Niketan College Kanpur,Electronics & Telecommunication,93,12th,14/03/2010,18/09/2014,Full Time,NITA,Motilal Nehru National Institute of Technology Allahabad,Electronics & Telecommunication,81,BE,20/07/2015,22/01/2018,Full Time,NITIE,NITIE Mumbai,Mining Engineering,87,ME,0,29/03/2017,19/09/2018,Full Time,Junior Technical Consultant,TCS,Manufacturing,AGRA,India,,,,,,,,,English,Good,Good,Good,Hindi,Good,Good,Good,Marathi,Good,Good,Good,Guddu,Software Engineer,London,8009800998,,,Naukri.com
88995,Major,Uday,Bhan,uday.bhan@mailinator.com325,7864823325,7894923645,13/04/1990,M,Single,PAN167694325,No,Behind Yaga Baba Hostel Baner,426194,KANPUR,India,579700,1340000,Mumbai,579000,2,1,30,12/06/2004,13/07/2006,Full Time,Uttar Pradesh State Board,Saraswati Vidya Mandir Kanpur,NA,92,10th,14/02/2007,25/03/2010,Full Time,Uttar Pradesh State Board,Radha Niketan College Kanpur,Electronics & Telecommunication,93,12th,14/03/2010,18/09/2014,Full Time,NITA,Motilal Nehru National Institute of Technology Allahabad,Electronics & Telecommunication,81,BE,20/07/2015,22/01/2018,Full Time,NITIE,NITIE Mumbai,Mining Engineering,87,ME,0,29/03/2017,19/09/2018,Full Time,Junior Technical Consultant,TCS,Manufacturing,AGRA,India,,,,,,,,,English,Good,Good,Good,Hindi,Good,Good,Good,Marathi,Good,Good,Good,Guddu,Software Engineer,London,8009800998,,,Naukri.com
88995,Major,Uday,Bhan,uday.bhan@mailinator.com326,7864823326,7894923645,13/04/1990,M,Single,PAN167694326,No,Behind Yaga Baba Hostel Baner,426194,KANPUR,India,579700,1340000,Mumbai,579000,2,1,30,12/06/2004,13/07/2006,Full Time,Uttar Pradesh State Board,Saraswati Vidya Mandir Kanpur,NA,92,10th,14/02/2007,25/03/2010,Full Time,Uttar Pradesh State Board,Radha Niketan College Kanpur,Electronics & Telecommunication,93,12th,14/03/2010,18/09/2014,Full Time,NITA,Motilal Nehru National Institute of Technology Allahabad,Electronics & Telecommunication,81,BE,20/07/2015,22/01/2018,Full Time,NITIE,NITIE Mumbai,Mining Engineering,87,ME,0,29/03/2017,19/09/2018,Full Time,Junior Technical Consultant,TCS,Manufacturing,AGRA,India,,,,,,,,,English,Good,Good,Good,Hindi,Good,Good,Good,Marathi,Good,Good,Good,Guddu,Software Engineer,London,8009800998,,,Naukri.com
88995,Major,Uday,Bhan,uday.bhan@mailinator.com327,7864823327,7894923645,13/04/1990,M,Single,PAN167694327,No,Behind Yaga Baba Hostel Baner,426194,KANPUR,India,579700,1340000,Mumbai,579000,2,1,30,12/06/2004,13/07/2006,Full Time,Uttar Pradesh State Board,Saraswati Vidya Mandir Kanpur,NA,92,10th,14/02/2007,25/03/2010,Full Time,Uttar Pradesh State Board,Radha Niketan College Kanpur,Electronics & Telecommunication,93,12th,14/03/2010,18/09/2014,Full Time,NITA,Motilal Nehru National Institute of Technology Allahabad,Electronics & Telecommunication,81,BE,20/07/2015,22/01/2018,Full Time,NITIE,NITIE Mumbai,Mining Engineering,87,ME,0,29/03/2017,19/09/2018,Full Time,Junior Technical Consultant,TCS,Manufacturing,AGRA,India,,,,,,,,,English,Good,Good,Good,Hindi,Good,Good,Good,Marathi,Good,Good,Good,Guddu,Software Engineer,London,8009800998,,,Naukri.com
88995,Major,Uday,Bhan,uday.bhan@mailinator.com328,7864823328,7894923645,13/04/1990,M,Single,PAN167694328,No,Behind Yaga Baba Hostel Baner,426194,KANPUR,India,579700,1340000,Mumbai,579000,2,1,30,12/06/2004,13/07/2006,Full Time,Uttar Pradesh State Board,Saraswati Vidya Mandir Kanpur,NA,92,10th,14/02/2007,25/03/2010,Full Time,Uttar Pradesh State Board,Radha Niketan College Kanpur,Electronics & Telecommunication,93,12th,14/03/2010,18/09/2014,Full Time,NITA,Motilal Nehru National Institute of Technology Allahabad,Electronics & Telecommunication,81,BE,20/07/2015,22/01/2018,Full Time,NITIE,NITIE Mumbai,Mining Engineering,87,ME,0,29/03/2017,19/09/2018,Full Time,Junior Technical Consultant,TCS,Manufacturing,AGRA,India,,,,,,,,,English,Good,Good,Good,Hindi,Good,Good,Good,Marathi,Good,Good,Good,Guddu,Software Engineer,London,8009800998,,,Naukri.com
88995,Major,Uday,Bhan,uday.bhan@mailinator.com329,7864823329,7894923645,13/04/1990,M,Single,PAN167694329,No,Behind Yaga Baba Hostel Baner,426194,KANPUR,India,579700,1340000,Mumbai,579000,2,1,30,12/06/2004,13/07/2006,Full Time,Uttar Pradesh State Board,Saraswati Vidya Mandir Kanpur,NA,92,10th,14/02/2007,25/03/2010,Full Time,Uttar Pradesh State Board,Radha Niketan College Kanpur,Electronics & Telecommunication,93,12th,14/03/2010,18/09/2014,Full Time,NITA,Motilal Nehru National Institute of Technology Allahabad,Electronics & Telecommunication,81,BE,20/07/2015,22/01/2018,Full Time,NITIE,NITIE Mumbai,Mining Engineering,87,ME,0,29/03/2017,19/09/2018,Full Time,Junior Technical Consultant,TCS,Manufacturing,AGRA,India,,,,,,,,,English,Good,Good,Good,Hindi,Good,Good,Good,Marathi,Good,Good,Good,Guddu,Software Engineer,London,8009800998,,,Naukri.com
88995,Major,Uday,Bhan,uday.bhan@mailinator.com330,7864823330,7894923645,13/04/1990,M,Single,PAN167694330,No,Behind Yaga Baba Hostel Baner,426194,KANPUR,India,579700,1340000,Mumbai,579000,2,1,30,12/06/2004,13/07/2006,Full Time,Uttar Pradesh State Board,Saraswati Vidya Mandir Kanpur,NA,92,10th,14/02/2007,25/03/2010,Full Time,Uttar Pradesh State Board,Radha Niketan College Kanpur,Electronics & Telecommunication,93,12th,14/03/2010,18/09/2014,Full Time,NITA,Motilal Nehru National Institute of Technology Allahabad,Electronics & Telecommunication,81,BE,20/07/2015,22/01/2018,Full Time,NITIE,NITIE Mumbai,Mining Engineering,87,ME,0,29/03/2017,19/09/2018,Full Time,Junior Technical Consultant,TCS,Manufacturing,AGRA,India,,,,,,,,,English,Good,Good,Good,Hindi,Good,Good,Good,Marathi,Good,Good,Good,Guddu,Software Engineer,London,8009800998,,,Naukri.com
88995,Major,Uday,Bhan,uday.bhan@mailinator.com331,7864823331,7894923645,13/04/1990,M,Single,PAN167694331,No,Behind Yaga Baba Hostel Baner,426194,KANPUR,India,579700,1340000,Mumbai,579000,2,1,30,12/06/2004,13/07/2006,Full Time,Uttar Pradesh State Board,Saraswati Vidya Mandir Kanpur,NA,92,10th,14/02/2007,25/03/2010,Full Time,Uttar Pradesh State Board,Radha Niketan College Kanpur,Electronics & Telecommunication,93,12th,14/03/2010,18/09/2014,Full Time,NITA,Motilal Nehru National Institute of Technology Allahabad,Electronics & Telecommunication,81,BE,20/07/2015,22/01/2018,Full Time,NITIE,NITIE Mumbai,Mining Engineering,87,ME,0,29/03/2017,19/09/2018,Full Time,Junior Technical Consultant,TCS,Manufacturing,AGRA,India,,,,,,,,,English,Good,Good,Good,Hindi,Good,Good,Good,Marathi,Good,Good,Good,Guddu,Software Engineer,London,8009800998,,,Naukri.com
88995,Major,Uday,Bhan,uday.bhan@mailinator.com332,7864823332,7894923645,13/04/1990,M,Single,PAN167694332,No,Behind Yaga Baba Hostel Baner,426194,KANPUR,India,579700,1340000,Mumbai,579000,2,1,30,12/06/2004,13/07/2006,Full Time,Uttar Pradesh State Board,Saraswati Vidya Mandir Kanpur,NA,92,10th,14/02/2007,25/03/2010,Full Time,Uttar Pradesh State Board,Radha Niketan College Kanpur,Electronics & Telecommunication,93,12th,14/03/2010,18/09/2014,Full Time,NITA,Motilal Nehru National Institute of Technology Allahabad,Electronics & Telecommunication,81,BE,20/07/2015,22/01/2018,Full Time,NITIE,NITIE Mumbai,Mining Engineering,87,ME,0,29/03/2017,19/09/2018,Full Time,Junior Technical Consultant,TCS,Manufacturing,AGRA,India,,,,,,,,,English,Good,Good,Good,Hindi,Good,Good,Good,Marathi,Good,Good,Good,Guddu,Software Engineer,London,8009800998,,,Naukri.com
88995,Major,Uday,Bhan,uday.bhan@mailinator.com333,7864823333,7894923645,13/04/1990,M,Single,PAN167694333,No,Behind Yaga Baba Hostel Baner,426194,KANPUR,India,579700,1340000,Mumbai,579000,2,1,30,12/06/2004,13/07/2006,Full Time,Uttar Pradesh State Board,Saraswati Vidya Mandir Kanpur,NA,92,10th,14/02/2007,25/03/2010,Full Time,Uttar Pradesh State Board,Radha Niketan College Kanpur,Electronics & Telecommunication,93,12th,14/03/2010,18/09/2014,Full Time,NITA,Motilal Nehru National Institute of Technology Allahabad,Electronics & Telecommunication,81,BE,20/07/2015,22/01/2018,Full Time,NITIE,NITIE Mumbai,Mining Engineering,87,ME,0,29/03/2017,19/09/2018,Full Time,Junior Technical Consultant,TCS,Manufacturing,AGRA,India,,,,,,,,,English,Good,Good,Good,Hindi,Good,Good,Good,Marathi,Good,Good,Good,Guddu,Software Engineer,London,8009800998,,,Naukri.com
88995,Major,Uday,Bhan,uday.bhan@mailinator.com334,7864823334,7894923645,13/04/1990,M,Single,PAN167694334,No,Behind Yaga Baba Hostel Baner,426194,KANPUR,India,579700,1340000,Mumbai,579000,2,1,30,12/06/2004,13/07/2006,Full Time,Uttar Pradesh State Board,Saraswati Vidya Mandir Kanpur,NA,92,10th,14/02/2007,25/03/2010,Full Time,Uttar Pradesh State Board,Radha Niketan College Kanpur,Electronics & Telecommunication,93,12th,14/03/2010,18/09/2014,Full Time,NITA,Motilal Nehru National Institute of Technology Allahabad,Electronics & Telecommunication,81,BE,20/07/2015,22/01/2018,Full Time,NITIE,NITIE Mumbai,Mining Engineering,87,ME,0,29/03/2017,19/09/2018,Full Time,Junior Technical Consultant,TCS,Manufacturing,AGRA,India,,,,,,,,,English,Good,Good,Good,Hindi,Good,Good,Good,Marathi,Good,Good,Good,Guddu,Software Engineer,London,8009800998,,,Naukri.com
88995,Major,Uday,Bhan,uday.bhan@mailinator.com335,7864823335,7894923645,13/04/1990,M,Single,PAN167694335,No,Behind Yaga Baba Hostel Baner,426194,KANPUR,India,579700,1340000,Mumbai,579000,2,1,30,12/06/2004,13/07/2006,Full Time,Uttar Pradesh State Board,Saraswati Vidya Mandir Kanpur,NA,92,10th,14/02/2007,25/03/2010,Full Time,Uttar Pradesh State Board,Radha Niketan College Kanpur,Electronics & Telecommunication,93,12th,14/03/2010,18/09/2014,Full Time,NITA,Motilal Nehru National Institute of Technology Allahabad,Electronics & Telecommunication,81,BE,20/07/2015,22/01/2018,Full Time,NITIE,NITIE Mumbai,Mining Engineering,87,ME,0,29/03/2017,19/09/2018,Full Time,Junior Technical Consultant,TCS,Manufacturing,AGRA,India,,,,,,,,,English,Good,Good,Good,Hindi,Good,Good,Good,Marathi,Good,Good,Good,Guddu,Software Engineer,London,8009800998,,,Naukri.com
88995,Major,Uday,Bhan,uday.bhan@mailinator.com336,7864823336,7894923645,13/04/1990,M,Single,PAN167694336,No,Behind Yaga Baba Hostel Baner,426194,KANPUR,India,579700,1340000,Mumbai,579000,2,1,30,12/06/2004,13/07/2006,Full Time,Uttar Pradesh State Board,Saraswati Vidya Mandir Kanpur,NA,92,10th,14/02/2007,25/03/2010,Full Time,Uttar Pradesh State Board,Radha Niketan College Kanpur,Electronics & Telecommunication,93,12th,14/03/2010,18/09/2014,Full Time,NITA,Motilal Nehru National Institute of Technology Allahabad,Electronics & Telecommunication,81,BE,20/07/2015,22/01/2018,Full Time,NITIE,NITIE Mumbai,Mining Engineering,87,ME,0,29/03/2017,19/09/2018,Full Time,Junior Technical Consultant,TCS,Manufacturing,AGRA,India,,,,,,,,,English,Good,Good,Good,Hindi,Good,Good,Good,Marathi,Good,Good,Good,Guddu,Software Engineer,London,8009800998,,,Naukri.com
88995,Major,Uday,Bhan,uday.bhan@mailinator.com337,7864823337,7894923645,13/04/1990,M,Single,PAN167694337,No,Behind Yaga Baba Hostel Baner,426194,KANPUR,India,579700,1340000,Mumbai,579000,2,1,30,12/06/2004,13/07/2006,Full Time,Uttar Pradesh State Board,Saraswati Vidya Mandir Kanpur,NA,92,10th,14/02/2007,25/03/2010,Full Time,Uttar Pradesh State Board,Radha Niketan College Kanpur,Electronics & Telecommunication,93,12th,14/03/2010,18/09/2014,Full Time,NITA,Motilal Nehru National Institute of Technology Allahabad,Electronics & Telecommunication,81,BE,20/07/2015,22/01/2018,Full Time,NITIE,NITIE Mumbai,Mining Engineering,87,ME,0,29/03/2017,19/09/2018,Full Time,Junior Technical Consultant,TCS,Manufacturing,AGRA,India,,,,,,,,,English,Good,Good,Good,Hindi,Good,Good,Good,Marathi,Good,Good,Good,Guddu,Software Engineer,London,8009800998,,,Naukri.com
88995,Major,Uday,Bhan,uday.bhan@mailinator.com338,7864823338,7894923645,13/04/1990,M,Single,PAN167694338,No,Behind Yaga Baba Hostel Baner,426194,KANPUR,India,579700,1340000,Mumbai,579000,2,1,30,12/06/2004,13/07/2006,Full Time,Uttar Pradesh State Board,Saraswati Vidya Mandir Kanpur,NA,92,10th,14/02/2007,25/03/2010,Full Time,Uttar Pradesh State Board,Radha Niketan College Kanpur,Electronics & Telecommunication,93,12th,14/03/2010,18/09/2014,Full Time,NITA,Motilal Nehru National Institute of Technology Allahabad,Electronics & Telecommunication,81,BE,20/07/2015,22/01/2018,Full Time,NITIE,NITIE Mumbai,Mining Engineering,87,ME,0,29/03/2017,19/09/2018,Full Time,Junior Technical Consultant,TCS,Manufacturing,AGRA,India,,,,,,,,,English,Good,Good,Good,Hindi,Good,Good,Good,Marathi,Good,Good,Good,Guddu,Software Engineer,London,8009800998,,,Naukri.com
88995,Major,Uday,Bhan,uday.bhan@mailinator.com339,7864823339,7894923645,13/04/1990,M,Single,PAN167694339,No,Behind Yaga Baba Hostel Baner,426194,KANPUR,India,579700,1340000,Mumbai,579000,2,1,30,12/06/2004,13/07/2006,Full Time,Uttar Pradesh State Board,Saraswati Vidya Mandir Kanpur,NA,92,10th,14/02/2007,25/03/2010,Full Time,Uttar Pradesh State Board,Radha Niketan College Kanpur,Electronics & Telecommunication,93,12th,14/03/2010,18/09/2014,Full Time,NITA,Motilal Nehru National Institute of Technology Allahabad,Electronics & Telecommunication,81,BE,20/07/2015,22/01/2018,Full Time,NITIE,NITIE Mumbai,Mining Engineering,87,ME,0,29/03/2017,19/09/2018,Full Time,Junior Technical Consultant,TCS,Manufacturing,AGRA,India,,,,,,,,,English,Good,Good,Good,Hindi,Good,Good,Good,Marathi,Good,Good,Good,Guddu,Software Engineer,London,8009800998,,,Naukri.com
88995,Major,Uday,Bhan,uday.bhan@mailinator.com340,7864823340,7894923645,13/04/1990,M,Single,PAN167694340,No,Behind Yaga Baba Hostel Baner,426194,KANPUR,India,579700,1340000,Mumbai,579000,2,1,30,12/06/2004,13/07/2006,Full Time,Uttar Pradesh State Board,Saraswati Vidya Mandir Kanpur,NA,92,10th,14/02/2007,25/03/2010,Full Time,Uttar Pradesh State Board,Radha Niketan College Kanpur,Electronics & Telecommunication,93,12th,14/03/2010,18/09/2014,Full Time,NITA,Motilal Nehru National Institute of Technology Allahabad,Electronics & Telecommunication,81,BE,20/07/2015,22/01/2018,Full Time,NITIE,NITIE Mumbai,Mining Engineering,87,ME,0,29/03/2017,19/09/2018,Full Time,Junior Technical Consultant,TCS,Manufacturing,AGRA,India,,,,,,,,,English,Good,Good,Good,Hindi,Good,Good,Good,Marathi,Good,Good,Good,Guddu,Software Engineer,London,8009800998,,,Naukri.com
88995,Major,Uday,Bhan,uday.bhan@mailinator.com341,7864823341,7894923645,13/04/1990,M,Single,PAN167694341,No,Behind Yaga Baba Hostel Baner,426194,KANPUR,India,579700,1340000,Mumbai,579000,2,1,30,12/06/2004,13/07/2006,Full Time,Uttar Pradesh State Board,Saraswati Vidya Mandir Kanpur,NA,92,10th,14/02/2007,25/03/2010,Full Time,Uttar Pradesh State Board,Radha Niketan College Kanpur,Electronics & Telecommunication,93,12th,14/03/2010,18/09/2014,Full Time,NITA,Motilal Nehru National Institute of Technology Allahabad,Electronics & Telecommunication,81,BE,20/07/2015,22/01/2018,Full Time,NITIE,NITIE Mumbai,Mining Engineering,87,ME,0,29/03/2017,19/09/2018,Full Time,Junior Technical Consultant,TCS,Manufacturing,AGRA,India,,,,,,,,,English,Good,Good,Good,Hindi,Good,Good,Good,Marathi,Good,Good,Good,Guddu,Software Engineer,London,8009800998,,,Naukri.com
88995,Major,Uday,Bhan,uday.bhan@mailinator.com342,7864823342,7894923645,13/04/1990,M,Single,PAN167694342,No,Behind Yaga Baba Hostel Baner,426194,KANPUR,India,579700,1340000,Mumbai,579000,2,1,30,12/06/2004,13/07/2006,Full Time,Uttar Pradesh State Board,Saraswati Vidya Mandir Kanpur,NA,92,10th,14/02/2007,25/03/2010,Full Time,Uttar Pradesh State Board,Radha Niketan College Kanpur,Electronics & Telecommunication,93,12th,14/03/2010,18/09/2014,Full Time,NITA,Motilal Nehru National Institute of Technology Allahabad,Electronics & Telecommunication,81,BE,20/07/2015,22/01/2018,Full Time,NITIE,NITIE Mumbai,Mining Engineering,87,ME,0,29/03/2017,19/09/2018,Full Time,Junior Technical Consultant,TCS,Manufacturing,AGRA,India,,,,,,,,,English,Good,Good,Good,Hindi,Good,Good,Good,Marathi,Good,Good,Good,Guddu,Software Engineer,London,8009800998,,,Naukri.com
88995,Major,Uday,Bhan,uday.bhan@mailinator.com343,7864823343,7894923645,13/04/1990,M,Single,PAN167694343,No,Behind Yaga Baba Hostel Baner,426194,KANPUR,India,579700,1340000,Mumbai,579000,2,1,30,12/06/2004,13/07/2006,Full Time,Uttar Pradesh State Board,Saraswati Vidya Mandir Kanpur,NA,92,10th,14/02/2007,25/03/2010,Full Time,Uttar Pradesh State Board,Radha Niketan College Kanpur,Electronics & Telecommunication,93,12th,14/03/2010,18/09/2014,Full Time,NITA,Motilal Nehru National Institute of Technology Allahabad,Electronics & Telecommunication,81,BE,20/07/2015,22/01/2018,Full Time,NITIE,NITIE Mumbai,Mining Engineering,87,ME,0,29/03/2017,19/09/2018,Full Time,Junior Technical Consultant,TCS,Manufacturing,AGRA,India,,,,,,,,,English,Good,Good,Good,Hindi,Good,Good,Good,Marathi,Good,Good,Good,Guddu,Software Engineer,London,8009800998,,,Naukri.com
88995,Major,Uday,Bhan,uday.bhan@mailinator.com344,7864823344,7894923645,13/04/1990,M,Single,PAN167694344,No,Behind Yaga Baba Hostel Baner,426194,KANPUR,India,579700,1340000,Mumbai,579000,2,1,30,12/06/2004,13/07/2006,Full Time,Uttar Pradesh State Board,Saraswati Vidya Mandir Kanpur,NA,92,10th,14/02/2007,25/03/2010,Full Time,Uttar Pradesh State Board,Radha Niketan College Kanpur,Electronics & Telecommunication,93,12th,14/03/2010,18/09/2014,Full Time,NITA,Motilal Nehru National Institute of Technology Allahabad,Electronics & Telecommunication,81,BE,20/07/2015,22/01/2018,Full Time,NITIE,NITIE Mumbai,Mining Engineering,87,ME,0,29/03/2017,19/09/2018,Full Time,Junior Technical Consultant,TCS,Manufacturing,AGRA,India,,,,,,,,,English,Good,Good,Good,Hindi,Good,Good,Good,Marathi,Good,Good,Good,Guddu,Software Engineer,London,8009800998,,,Naukri.com
88995,Major,Uday,Bhan,uday.bhan@mailinator.com345,7864823345,7894923645,13/04/1990,M,Single,PAN167694345,No,Behind Yaga Baba Hostel Baner,426194,KANPUR,India,579700,1340000,Mumbai,579000,2,1,30,12/06/2004,13/07/2006,Full Time,Uttar Pradesh State Board,Saraswati Vidya Mandir Kanpur,NA,92,10th,14/02/2007,25/03/2010,Full Time,Uttar Pradesh State Board,Radha Niketan College Kanpur,Electronics & Telecommunication,93,12th,14/03/2010,18/09/2014,Full Time,NITA,Motilal Nehru National Institute of Technology Allahabad,Electronics & Telecommunication,81,BE,20/07/2015,22/01/2018,Full Time,NITIE,NITIE Mumbai,Mining Engineering,87,ME,0,29/03/2017,19/09/2018,Full Time,Junior Technical Consultant,TCS,Manufacturing,AGRA,India,,,,,,,,,English,Good,Good,Good,Hindi,Good,Good,Good,Marathi,Good,Good,Good,Guddu,Software Engineer,London,8009800998,,,Naukri.com
88995,Major,Uday,Bhan,uday.bhan@mailinator.com346,7864823346,7894923645,13/04/1990,M,Single,PAN167694346,No,Behind Yaga Baba Hostel Baner,426194,KANPUR,India,579700,1340000,Mumbai,579000,2,1,30,12/06/2004,13/07/2006,Full Time,Uttar Pradesh State Board,Saraswati Vidya Mandir Kanpur,NA,92,10th,14/02/2007,25/03/2010,Full Time,Uttar Pradesh State Board,Radha Niketan College Kanpur,Electronics & Telecommunication,93,12th,14/03/2010,18/09/2014,Full Time,NITA,Motilal Nehru National Institute of Technology Allahabad,Electronics & Telecommunication,81,BE,20/07/2015,22/01/2018,Full Time,NITIE,NITIE Mumbai,Mining Engineering,87,ME,0,29/03/2017,19/09/2018,Full Time,Junior Technical Consultant,TCS,Manufacturing,AGRA,India,,,,,,,,,English,Good,Good,Good,Hindi,Good,Good,Good,Marathi,Good,Good,Good,Guddu,Software Engineer,London,8009800998,,,Naukri.com
88995,Major,Uday,Bhan,uday.bhan@mailinator.com347,7864823347,7894923645,13/04/1990,M,Single,PAN167694347,No,Behind Yaga Baba Hostel Baner,426194,KANPUR,India,579700,1340000,Mumbai,579000,2,1,30,12/06/2004,13/07/2006,Full Time,Uttar Pradesh State Board,Saraswati Vidya Mandir Kanpur,NA,92,10th,14/02/2007,25/03/2010,Full Time,Uttar Pradesh State Board,Radha Niketan College Kanpur,Electronics & Telecommunication,93,12th,14/03/2010,18/09/2014,Full Time,NITA,Motilal Nehru National Institute of Technology Allahabad,Electronics & Telecommunication,81,BE,20/07/2015,22/01/2018,Full Time,NITIE,NITIE Mumbai,Mining Engineering,87,ME,0,29/03/2017,19/09/2018,Full Time,Junior Technical Consultant,TCS,Manufacturing,AGRA,India,,,,,,,,,English,Good,Good,Good,Hindi,Good,Good,Good,Marathi,Good,Good,Good,Guddu,Software Engineer,London,8009800998,,,Naukri.com
88995,Major,Uday,Bhan,uday.bhan@mailinator.com348,7864823348,7894923645,13/04/1990,M,Single,PAN167694348,No,Behind Yaga Baba Hostel Baner,426194,KANPUR,India,579700,1340000,Mumbai,579000,2,1,30,12/06/2004,13/07/2006,Full Time,Uttar Pradesh State Board,Saraswati Vidya Mandir Kanpur,NA,92,10th,14/02/2007,25/03/2010,Full Time,Uttar Pradesh State Board,Radha Niketan College Kanpur,Electronics & Telecommunication,93,12th,14/03/2010,18/09/2014,Full Time,NITA,Motilal Nehru National Institute of Technology Allahabad,Electronics & Telecommunication,81,BE,20/07/2015,22/01/2018,Full Time,NITIE,NITIE Mumbai,Mining Engineering,87,ME,0,29/03/2017,19/09/2018,Full Time,Junior Technical Consultant,TCS,Manufacturing,AGRA,India,,,,,,,,,English,Good,Good,Good,Hindi,Good,Good,Good,Marathi,Good,Good,Good,Guddu,Software Engineer,London,8009800998,,,Naukri.com
88995,Major,Uday,Bhan,uday.bhan@mailinator.com349,7864823349,7894923645,13/04/1990,M,Single,PAN167694349,No,Behind Yaga Baba Hostel Baner,426194,KANPUR,India,579700,1340000,Mumbai,579000,2,1,30,12/06/2004,13/07/2006,Full Time,Uttar Pradesh State Board,Saraswati Vidya Mandir Kanpur,NA,92,10th,14/02/2007,25/03/2010,Full Time,Uttar Pradesh State Board,Radha Niketan College Kanpur,Electronics & Telecommunication,93,12th,14/03/2010,18/09/2014,Full Time,NITA,Motilal Nehru National Institute of Technology Allahabad,Electronics & Telecommunication,81,BE,20/07/2015,22/01/2018,Full Time,NITIE,NITIE Mumbai,Mining Engineering,87,ME,0,29/03/2017,19/09/2018,Full Time,Junior Technical Consultant,TCS,Manufacturing,AGRA,India,,,,,,,,,English,Good,Good,Good,Hindi,Good,Good,Good,Marathi,Good,Good,Good,Guddu,Software Engineer,London,8009800998,,,Naukri.com
88995,Major,Uday,Bhan,uday.bhan@mailinator.com350,7864823350,7894923645,13/04/1990,M,Single,PAN167694350,No,Behind Yaga Baba Hostel Baner,426194,KANPUR,India,579700,1340000,Mumbai,579000,2,1,30,12/06/2004,13/07/2006,Full Time,Uttar Pradesh State Board,Saraswati Vidya Mandir Kanpur,NA,92,10th,14/02/2007,25/03/2010,Full Time,Uttar Pradesh State Board,Radha Niketan College Kanpur,Electronics & Telecommunication,93,12th,14/03/2010,18/09/2014,Full Time,NITA,Motilal Nehru National Institute of Technology Allahabad,Electronics & Telecommunication,81,BE,20/07/2015,22/01/2018,Full Time,NITIE,NITIE Mumbai,Mining Engineering,87,ME,0,29/03/2017,19/09/2018,Full Time,Junior Technical Consultant,TCS,Manufacturing,AGRA,India,,,,,,,,,English,Good,Good,Good,Hindi,Good,Good,Good,Marathi,Good,Good,Good,Guddu,Software Engineer,London,8009800998,,,Naukri.com
88995,Major,Uday,Bhan,uday.bhan@mailinator.com351,7864823351,7894923645,13/04/1990,M,Single,PAN167694351,No,Behind Yaga Baba Hostel Baner,426194,KANPUR,India,579700,1340000,Mumbai,579000,2,1,30,12/06/2004,13/07/2006,Full Time,Uttar Pradesh State Board,Saraswati Vidya Mandir Kanpur,NA,92,10th,14/02/2007,25/03/2010,Full Time,Uttar Pradesh State Board,Radha Niketan College Kanpur,Electronics & Telecommunication,93,12th,14/03/2010,18/09/2014,Full Time,NITA,Motilal Nehru National Institute of Technology Allahabad,Electronics & Telecommunication,81,BE,20/07/2015,22/01/2018,Full Time,NITIE,NITIE Mumbai,Mining Engineering,87,ME,0,29/03/2017,19/09/2018,Full Time,Junior Technical Consultant,TCS,Manufacturing,AGRA,India,,,,,,,,,English,Good,Good,Good,Hindi,Good,Good,Good,Marathi,Good,Good,Good,Guddu,Software Engineer,London,8009800998,,,Naukri.com
88995,Major,Uday,Bhan,uday.bhan@mailinator.com352,7864823352,7894923645,13/04/1990,M,Single,PAN167694352,No,Behind Yaga Baba Hostel Baner,426194,KANPUR,India,579700,1340000,Mumbai,579000,2,1,30,12/06/2004,13/07/2006,Full Time,Uttar Pradesh State Board,Saraswati Vidya Mandir Kanpur,NA,92,10th,14/02/2007,25/03/2010,Full Time,Uttar Pradesh State Board,Radha Niketan College Kanpur,Electronics & Telecommunication,93,12th,14/03/2010,18/09/2014,Full Time,NITA,Motilal Nehru National Institute of Technology Allahabad,Electronics & Telecommunication,81,BE,20/07/2015,22/01/2018,Full Time,NITIE,NITIE Mumbai,Mining Engineering,87,ME,0,29/03/2017,19/09/2018,Full Time,Junior Technical Consultant,TCS,Manufacturing,AGRA,India,,,,,,,,,English,Good,Good,Good,Hindi,Good,Good,Good,Marathi,Good,Good,Good,Guddu,Software Engineer,London,8009800998,,,Naukri.com
88995,Major,Uday,Bhan,uday.bhan@mailinator.com353,7864823353,7894923645,13/04/1990,M,Single,PAN167694353,No,Behind Yaga Baba Hostel Baner,426194,KANPUR,India,579700,1340000,Mumbai,579000,2,1,30,12/06/2004,13/07/2006,Full Time,Uttar Pradesh State Board,Saraswati Vidya Mandir Kanpur,NA,92,10th,14/02/2007,25/03/2010,Full Time,Uttar Pradesh State Board,Radha Niketan College Kanpur,Electronics & Telecommunication,93,12th,14/03/2010,18/09/2014,Full Time,NITA,Motilal Nehru National Institute of Technology Allahabad,Electronics & Telecommunication,81,BE,20/07/2015,22/01/2018,Full Time,NITIE,NITIE Mumbai,Mining Engineering,87,ME,0,29/03/2017,19/09/2018,Full Time,Junior Technical Consultant,TCS,Manufacturing,AGRA,India,,,,,,,,,English,Good,Good,Good,Hindi,Good,Good,Good,Marathi,Good,Good,Good,Guddu,Software Engineer,London,8009800998,,,Naukri.com
88995,Major,Uday,Bhan,uday.bhan@mailinator.com354,7864823354,7894923645,13/04/1990,M,Single,PAN167694354,No,Behind Yaga Baba Hostel Baner,426194,KANPUR,India,579700,1340000,Mumbai,579000,2,1,30,12/06/2004,13/07/2006,Full Time,Uttar Pradesh State Board,Saraswati Vidya Mandir Kanpur,NA,92,10th,14/02/2007,25/03/2010,Full Time,Uttar Pradesh State Board,Radha Niketan College Kanpur,Electronics & Telecommunication,93,12th,14/03/2010,18/09/2014,Full Time,NITA,Motilal Nehru National Institute of Technology Allahabad,Electronics & Telecommunication,81,BE,20/07/2015,22/01/2018,Full Time,NITIE,NITIE Mumbai,Mining Engineering,87,ME,0,29/03/2017,19/09/2018,Full Time,Junior Technical Consultant,TCS,Manufacturing,AGRA,India,,,,,,,,,English,Good,Good,Good,Hindi,Good,Good,Good,Marathi,Good,Good,Good,Guddu,Software Engineer,London,8009800998,,,Naukri.com
88995,Major,Uday,Bhan,uday.bhan@mailinator.com355,7864823355,7894923645,13/04/1990,M,Single,PAN167694355,No,Behind Yaga Baba Hostel Baner,426194,KANPUR,India,579700,1340000,Mumbai,579000,2,1,30,12/06/2004,13/07/2006,Full Time,Uttar Pradesh State Board,Saraswati Vidya Mandir Kanpur,NA,92,10th,14/02/2007,25/03/2010,Full Time,Uttar Pradesh State Board,Radha Niketan College Kanpur,Electronics & Telecommunication,93,12th,14/03/2010,18/09/2014,Full Time,NITA,Motilal Nehru National Institute of Technology Allahabad,Electronics & Telecommunication,81,BE,20/07/2015,22/01/2018,Full Time,NITIE,NITIE Mumbai,Mining Engineering,87,ME,0,29/03/2017,19/09/2018,Full Time,Junior Technical Consultant,TCS,Manufacturing,AGRA,India,,,,,,,,,English,Good,Good,Good,Hindi,Good,Good,Good,Marathi,Good,Good,Good,Guddu,Software Engineer,London,8009800998,,,Naukri.com
88995,Major,Uday,Bhan,uday.bhan@mailinator.com356,7864823356,7894923645,13/04/1990,M,Single,PAN167694356,No,Behind Yaga Baba Hostel Baner,426194,KANPUR,India,579700,1340000,Mumbai,579000,2,1,30,12/06/2004,13/07/2006,Full Time,Uttar Pradesh State Board,Saraswati Vidya Mandir Kanpur,NA,92,10th,14/02/2007,25/03/2010,Full Time,Uttar Pradesh State Board,Radha Niketan College Kanpur,Electronics & Telecommunication,93,12th,14/03/2010,18/09/2014,Full Time,NITA,Motilal Nehru National Institute of Technology Allahabad,Electronics & Telecommunication,81,BE,20/07/2015,22/01/2018,Full Time,NITIE,NITIE Mumbai,Mining Engineering,87,ME,0,29/03/2017,19/09/2018,Full Time,Junior Technical Consultant,TCS,Manufacturing,AGRA,India,,,,,,,,,English,Good,Good,Good,Hindi,Good,Good,Good,Marathi,Good,Good,Good,Guddu,Software Engineer,London,8009800998,,,Naukri.com
88995,Major,Uday,Bhan,uday.bhan@mailinator.com357,7864823357,7894923645,13/04/1990,M,Single,PAN167694357,No,Behind Yaga Baba Hostel Baner,426194,KANPUR,India,579700,1340000,Mumbai,579000,2,1,30,12/06/2004,13/07/2006,Full Time,Uttar Pradesh State Board,Saraswati Vidya Mandir Kanpur,NA,92,10th,14/02/2007,25/03/2010,Full Time,Uttar Pradesh State Board,Radha Niketan College Kanpur,Electronics & Telecommunication,93,12th,14/03/2010,18/09/2014,Full Time,NITA,Motilal Nehru National Institute of Technology Allahabad,Electronics & Telecommunication,81,BE,20/07/2015,22/01/2018,Full Time,NITIE,NITIE Mumbai,Mining Engineering,87,ME,0,29/03/2017,19/09/2018,Full Time,Junior Technical Consultant,TCS,Manufacturing,AGRA,India,,,,,,,,,English,Good,Good,Good,Hindi,Good,Good,Good,Marathi,Good,Good,Good,Guddu,Software Engineer,London,8009800998,,,Naukri.com
88995,Major,Uday,Bhan,uday.bhan@mailinator.com358,7864823358,7894923645,13/04/1990,M,Single,PAN167694358,No,Behind Yaga Baba Hostel Baner,426194,KANPUR,India,579700,1340000,Mumbai,579000,2,1,30,12/06/2004,13/07/2006,Full Time,Uttar Pradesh State Board,Saraswati Vidya Mandir Kanpur,NA,92,10th,14/02/2007,25/03/2010,Full Time,Uttar Pradesh State Board,Radha Niketan College Kanpur,Electronics & Telecommunication,93,12th,14/03/2010,18/09/2014,Full Time,NITA,Motilal Nehru National Institute of Technology Allahabad,Electronics & Telecommunication,81,BE,20/07/2015,22/01/2018,Full Time,NITIE,NITIE Mumbai,Mining Engineering,87,ME,0,29/03/2017,19/09/2018,Full Time,Junior Technical Consultant,TCS,Manufacturing,AGRA,India,,,,,,,,,English,Good,Good,Good,Hindi,Good,Good,Good,Marathi,Good,Good,Good,Guddu,Software Engineer,London,8009800998,,,Naukri.com
88995,Major,Uday,Bhan,uday.bhan@mailinator.com359,7864823359,7894923645,13/04/1990,M,Single,PAN167694359,No,Behind Yaga Baba Hostel Baner,426194,KANPUR,India,579700,1340000,Mumbai,579000,2,1,30,12/06/2004,13/07/2006,Full Time,Uttar Pradesh State Board,Saraswati Vidya Mandir Kanpur,NA,92,10th,14/02/2007,25/03/2010,Full Time,Uttar Pradesh State Board,Radha Niketan College Kanpur,Electronics & Telecommunication,93,12th,14/03/2010,18/09/2014,Full Time,NITA,Motilal Nehru National Institute of Technology Allahabad,Electronics & Telecommunication,81,BE,20/07/2015,22/01/2018,Full Time,NITIE,NITIE Mumbai,Mining Engineering,87,ME,0,29/03/2017,19/09/2018,Full Time,Junior Technical Consultant,TCS,Manufacturing,AGRA,India,,,,,,,,,English,Good,Good,Good,Hindi,Good,Good,Good,Marathi,Good,Good,Good,Guddu,Software Engineer,London,8009800998,,,Naukri.com
88995,Major,Uday,Bhan,uday.bhan@mailinator.com360,7864823360,7894923645,13/04/1990,M,Single,PAN167694360,No,Behind Yaga Baba Hostel Baner,426194,KANPUR,India,579700,1340000,Mumbai,579000,2,1,30,12/06/2004,13/07/2006,Full Time,Uttar Pradesh State Board,Saraswati Vidya Mandir Kanpur,NA,92,10th,14/02/2007,25/03/2010,Full Time,Uttar Pradesh State Board,Radha Niketan College Kanpur,Electronics & Telecommunication,93,12th,14/03/2010,18/09/2014,Full Time,NITA,Motilal Nehru National Institute of Technology Allahabad,Electronics & Telecommunication,81,BE,20/07/2015,22/01/2018,Full Time,NITIE,NITIE Mumbai,Mining Engineering,87,ME,0,29/03/2017,19/09/2018,Full Time,Junior Technical Consultant,TCS,Manufacturing,AGRA,India,,,,,,,,,English,Good,Good,Good,Hindi,Good,Good,Good,Marathi,Good,Good,Good,Guddu,Software Engineer,London,8009800998,,,Naukri.com
88995,Major,Uday,Bhan,uday.bhan@mailinator.com361,7864823361,7894923645,13/04/1990,M,Single,PAN167694361,No,Behind Yaga Baba Hostel Baner,426194,KANPUR,India,579700,1340000,Mumbai,579000,2,1,30,12/06/2004,13/07/2006,Full Time,Uttar Pradesh State Board,Saraswati Vidya Mandir Kanpur,NA,92,10th,14/02/2007,25/03/2010,Full Time,Uttar Pradesh State Board,Radha Niketan College Kanpur,Electronics & Telecommunication,93,12th,14/03/2010,18/09/2014,Full Time,NITA,Motilal Nehru National Institute of Technology Allahabad,Electronics & Telecommunication,81,BE,20/07/2015,22/01/2018,Full Time,NITIE,NITIE Mumbai,Mining Engineering,87,ME,0,29/03/2017,19/09/2018,Full Time,Junior Technical Consultant,TCS,Manufacturing,AGRA,India,,,,,,,,,English,Good,Good,Good,Hindi,Good,Good,Good,Marathi,Good,Good,Good,Guddu,Software Engineer,London,8009800998,,,Naukri.com
88995,Major,Uday,Bhan,uday.bhan@mailinator.com362,7864823362,7894923645,13/04/1990,M,Single,PAN167694362,No,Behind Yaga Baba Hostel Baner,426194,KANPUR,India,579700,1340000,Mumbai,579000,2,1,30,12/06/2004,13/07/2006,Full Time,Uttar Pradesh State Board,Saraswati Vidya Mandir Kanpur,NA,92,10th,14/02/2007,25/03/2010,Full Time,Uttar Pradesh State Board,Radha Niketan College Kanpur,Electronics & Telecommunication,93,12th,14/03/2010,18/09/2014,Full Time,NITA,Motilal Nehru National Institute of Technology Allahabad,Electronics & Telecommunication,81,BE,20/07/2015,22/01/2018,Full Time,NITIE,NITIE Mumbai,Mining Engineering,87,ME,0,29/03/2017,19/09/2018,Full Time,Junior Technical Consultant,TCS,Manufacturing,AGRA,India,,,,,,,,,English,Good,Good,Good,Hindi,Good,Good,Good,Marathi,Good,Good,Good,Guddu,Software Engineer,London,8009800998,,,Naukri.com
88995,Major,Uday,Bhan,uday.bhan@mailinator.com363,7864823363,7894923645,13/04/1990,M,Single,PAN167694363,No,Behind Yaga Baba Hostel Baner,426194,KANPUR,India,579700,1340000,Mumbai,579000,2,1,30,12/06/2004,13/07/2006,Full Time,Uttar Pradesh State Board,Saraswati Vidya Mandir Kanpur,NA,92,10th,14/02/2007,25/03/2010,Full Time,Uttar Pradesh State Board,Radha Niketan College Kanpur,Electronics & Telecommunication,93,12th,14/03/2010,18/09/2014,Full Time,NITA,Motilal Nehru National Institute of Technology Allahabad,Electronics & Telecommunication,81,BE,20/07/2015,22/01/2018,Full Time,NITIE,NITIE Mumbai,Mining Engineering,87,ME,0,29/03/2017,19/09/2018,Full Time,Junior Technical Consultant,TCS,Manufacturing,AGRA,India,,,,,,,,,English,Good,Good,Good,Hindi,Good,Good,Good,Marathi,Good,Good,Good,Guddu,Software Engineer,London,8009800998,,,Naukri.com
88995,Major,Uday,Bhan,uday.bhan@mailinator.com364,7864823364,7894923645,13/04/1990,M,Single,PAN167694364,No,Behind Yaga Baba Hostel Baner,426194,KANPUR,India,579700,1340000,Mumbai,579000,2,1,30,12/06/2004,13/07/2006,Full Time,Uttar Pradesh State Board,Saraswati Vidya Mandir Kanpur,NA,92,10th,14/02/2007,25/03/2010,Full Time,Uttar Pradesh State Board,Radha Niketan College Kanpur,Electronics & Telecommunication,93,12th,14/03/2010,18/09/2014,Full Time,NITA,Motilal Nehru National Institute of Technology Allahabad,Electronics & Telecommunication,81,BE,20/07/2015,22/01/2018,Full Time,NITIE,NITIE Mumbai,Mining Engineering,87,ME,0,29/03/2017,19/09/2018,Full Time,Junior Technical Consultant,TCS,Manufacturing,AGRA,India,,,,,,,,,English,Good,Good,Good,Hindi,Good,Good,Good,Marathi,Good,Good,Good,Guddu,Software Engineer,London,8009800998,,,Naukri.com
88995,Major,Uday,Bhan,uday.bhan@mailinator.com365,7864823365,7894923645,13/04/1990,M,Single,PAN167694365,No,Behind Yaga Baba Hostel Baner,426194,KANPUR,India,579700,1340000,Mumbai,579000,2,1,30,12/06/2004,13/07/2006,Full Time,Uttar Pradesh State Board,Saraswati Vidya Mandir Kanpur,NA,92,10th,14/02/2007,25/03/2010,Full Time,Uttar Pradesh State Board,Radha Niketan College Kanpur,Electronics & Telecommunication,93,12th,14/03/2010,18/09/2014,Full Time,NITA,Motilal Nehru National Institute of Technology Allahabad,Electronics & Telecommunication,81,BE,20/07/2015,22/01/2018,Full Time,NITIE,NITIE Mumbai,Mining Engineering,87,ME,0,29/03/2017,19/09/2018,Full Time,Junior Technical Consultant,TCS,Manufacturing,AGRA,India,,,,,,,,,English,Good,Good,Good,Hindi,Good,Good,Good,Marathi,Good,Good,Good,Guddu,Software Engineer,London,8009800998,,,Naukri.com
88995,Major,Uday,Bhan,uday.bhan@mailinator.com366,7864823366,7894923645,13/04/1990,M,Single,PAN167694366,No,Behind Yaga Baba Hostel Baner,426194,KANPUR,India,579700,1340000,Mumbai,579000,2,1,30,12/06/2004,13/07/2006,Full Time,Uttar Pradesh State Board,Saraswati Vidya Mandir Kanpur,NA,92,10th,14/02/2007,25/03/2010,Full Time,Uttar Pradesh State Board,Radha Niketan College Kanpur,Electronics & Telecommunication,93,12th,14/03/2010,18/09/2014,Full Time,NITA,Motilal Nehru National Institute of Technology Allahabad,Electronics & Telecommunication,81,BE,20/07/2015,22/01/2018,Full Time,NITIE,NITIE Mumbai,Mining Engineering,87,ME,0,29/03/2017,19/09/2018,Full Time,Junior Technical Consultant,TCS,Manufacturing,AGRA,India,,,,,,,,,English,Good,Good,Good,Hindi,Good,Good,Good,Marathi,Good,Good,Good,Guddu,Software Engineer,London,8009800998,,,Naukri.com
88995,Major,Uday,Bhan,uday.bhan@mailinator.com367,7864823367,7894923645,13/04/1990,M,Single,PAN167694367,No,Behind Yaga Baba Hostel Baner,426194,KANPUR,India,579700,1340000,Mumbai,579000,2,1,30,12/06/2004,13/07/2006,Full Time,Uttar Pradesh State Board,Saraswati Vidya Mandir Kanpur,NA,92,10th,14/02/2007,25/03/2010,Full Time,Uttar Pradesh State Board,Radha Niketan College Kanpur,Electronics & Telecommunication,93,12th,14/03/2010,18/09/2014,Full Time,NITA,Motilal Nehru National Institute of Technology Allahabad,Electronics & Telecommunication,81,BE,20/07/2015,22/01/2018,Full Time,NITIE,NITIE Mumbai,Mining Engineering,87,ME,0,29/03/2017,19/09/2018,Full Time,Junior Technical Consultant,TCS,Manufacturing,AGRA,India,,,,,,,,,English,Good,Good,Good,Hindi,Good,Good,Good,Marathi,Good,Good,Good,Guddu,Software Engineer,London,8009800998,,,Naukri.com
88995,Major,Uday,Bhan,uday.bhan@mailinator.com368,7864823368,7894923645,13/04/1990,M,Single,PAN167694368,No,Behind Yaga Baba Hostel Baner,426194,KANPUR,India,579700,1340000,Mumbai,579000,2,1,30,12/06/2004,13/07/2006,Full Time,Uttar Pradesh State Board,Saraswati Vidya Mandir Kanpur,NA,92,10th,14/02/2007,25/03/2010,Full Time,Uttar Pradesh State Board,Radha Niketan College Kanpur,Electronics & Telecommunication,93,12th,14/03/2010,18/09/2014,Full Time,NITA,Motilal Nehru National Institute of Technology Allahabad,Electronics & Telecommunication,81,BE,20/07/2015,22/01/2018,Full Time,NITIE,NITIE Mumbai,Mining Engineering,87,ME,0,29/03/2017,19/09/2018,Full Time,Junior Technical Consultant,TCS,Manufacturing,AGRA,India,,,,,,,,,English,Good,Good,Good,Hindi,Good,Good,Good,Marathi,Good,Good,Good,Guddu,Software Engineer,London,8009800998,,,Naukri.com
88995,Major,Uday,Bhan,uday.bhan@mailinator.com369,7864823369,7894923645,13/04/1990,M,Single,PAN167694369,No,Behind Yaga Baba Hostel Baner,426194,KANPUR,India,579700,1340000,Mumbai,579000,2,1,30,12/06/2004,13/07/2006,Full Time,Uttar Pradesh State Board,Saraswati Vidya Mandir Kanpur,NA,92,10th,14/02/2007,25/03/2010,Full Time,Uttar Pradesh State Board,Radha Niketan College Kanpur,Electronics & Telecommunication,93,12th,14/03/2010,18/09/2014,Full Time,NITA,Motilal Nehru National Institute of Technology Allahabad,Electronics & Telecommunication,81,BE,20/07/2015,22/01/2018,Full Time,NITIE,NITIE Mumbai,Mining Engineering,87,ME,0,29/03/2017,19/09/2018,Full Time,Junior Technical Consultant,TCS,Manufacturing,AGRA,India,,,,,,,,,English,Good,Good,Good,Hindi,Good,Good,Good,Marathi,Good,Good,Good,Guddu,Software Engineer,London,8009800998,,,Naukri.com
88995,Major,Uday,Bhan,uday.bhan@mailinator.com370,7864823370,7894923645,13/04/1990,M,Single,PAN167694370,No,Behind Yaga Baba Hostel Baner,426194,KANPUR,India,579700,1340000,Mumbai,579000,2,1,30,12/06/2004,13/07/2006,Full Time,Uttar Pradesh State Board,Saraswati Vidya Mandir Kanpur,NA,92,10th,14/02/2007,25/03/2010,Full Time,Uttar Pradesh State Board,Radha Niketan College Kanpur,Electronics & Telecommunication,93,12th,14/03/2010,18/09/2014,Full Time,NITA,Motilal Nehru National Institute of Technology Allahabad,Electronics & Telecommunication,81,BE,20/07/2015,22/01/2018,Full Time,NITIE,NITIE Mumbai,Mining Engineering,87,ME,0,29/03/2017,19/09/2018,Full Time,Junior Technical Consultant,TCS,Manufacturing,AGRA,India,,,,,,,,,English,Good,Good,Good,Hindi,Good,Good,Good,Marathi,Good,Good,Good,Guddu,Software Engineer,London,8009800998,,,Naukri.com
88995,Major,Uday,Bhan,uday.bhan@mailinator.com371,7864823371,7894923645,13/04/1990,M,Single,PAN167694371,No,Behind Yaga Baba Hostel Baner,426194,KANPUR,India,579700,1340000,Mumbai,579000,2,1,30,12/06/2004,13/07/2006,Full Time,Uttar Pradesh State Board,Saraswati Vidya Mandir Kanpur,NA,92,10th,14/02/2007,25/03/2010,Full Time,Uttar Pradesh State Board,Radha Niketan College Kanpur,Electronics & Telecommunication,93,12th,14/03/2010,18/09/2014,Full Time,NITA,Motilal Nehru National Institute of Technology Allahabad,Electronics & Telecommunication,81,BE,20/07/2015,22/01/2018,Full Time,NITIE,NITIE Mumbai,Mining Engineering,87,ME,0,29/03/2017,19/09/2018,Full Time,Junior Technical Consultant,TCS,Manufacturing,AGRA,India,,,,,,,,,English,Good,Good,Good,Hindi,Good,Good,Good,Marathi,Good,Good,Good,Guddu,Software Engineer,London,8009800998,,,Naukri.com
88995,Major,Uday,Bhan,uday.bhan@mailinator.com372,7864823372,7894923645,13/04/1990,M,Single,PAN167694372,No,Behind Yaga Baba Hostel Baner,426194,KANPUR,India,579700,1340000,Mumbai,579000,2,1,30,12/06/2004,13/07/2006,Full Time,Uttar Pradesh State Board,Saraswati Vidya Mandir Kanpur,NA,92,10th,14/02/2007,25/03/2010,Full Time,Uttar Pradesh State Board,Radha Niketan College Kanpur,Electronics & Telecommunication,93,12th,14/03/2010,18/09/2014,Full Time,NITA,Motilal Nehru National Institute of Technology Allahabad,Electronics & Telecommunication,81,BE,20/07/2015,22/01/2018,Full Time,NITIE,NITIE Mumbai,Mining Engineering,87,ME,0,29/03/2017,19/09/2018,Full Time,Junior Technical Consultant,TCS,Manufacturing,AGRA,India,,,,,,,,,English,Good,Good,Good,Hindi,Good,Good,Good,Marathi,Good,Good,Good,Guddu,Software Engineer,London,8009800998,,,Naukri.com
88995,Major,Uday,Bhan,uday.bhan@mailinator.com373,7864823373,7894923645,13/04/1990,M,Single,PAN167694373,No,Behind Yaga Baba Hostel Baner,426194,KANPUR,India,579700,1340000,Mumbai,579000,2,1,30,12/06/2004,13/07/2006,Full Time,Uttar Pradesh State Board,Saraswati Vidya Mandir Kanpur,NA,92,10th,14/02/2007,25/03/2010,Full Time,Uttar Pradesh State Board,Radha Niketan College Kanpur,Electronics & Telecommunication,93,12th,14/03/2010,18/09/2014,Full Time,NITA,Motilal Nehru National Institute of Technology Allahabad,Electronics & Telecommunication,81,BE,20/07/2015,22/01/2018,Full Time,NITIE,NITIE Mumbai,Mining Engineering,87,ME,0,29/03/2017,19/09/2018,Full Time,Junior Technical Consultant,TCS,Manufacturing,AGRA,India,,,,,,,,,English,Good,Good,Good,Hindi,Good,Good,Good,Marathi,Good,Good,Good,Guddu,Software Engineer,London,8009800998,,,Naukri.com
88995,Major,Uday,Bhan,uday.bhan@mailinator.com374,7864823374,7894923645,13/04/1990,M,Single,PAN167694374,No,Behind Yaga Baba Hostel Baner,426194,KANPUR,India,579700,1340000,Mumbai,579000,2,1,30,12/06/2004,13/07/2006,Full Time,Uttar Pradesh State Board,Saraswati Vidya Mandir Kanpur,NA,92,10th,14/02/2007,25/03/2010,Full Time,Uttar Pradesh State Board,Radha Niketan College Kanpur,Electronics & Telecommunication,93,12th,14/03/2010,18/09/2014,Full Time,NITA,Motilal Nehru National Institute of Technology Allahabad,Electronics & Telecommunication,81,BE,20/07/2015,22/01/2018,Full Time,NITIE,NITIE Mumbai,Mining Engineering,87,ME,0,29/03/2017,19/09/2018,Full Time,Junior Technical Consultant,TCS,Manufacturing,AGRA,India,,,,,,,,,English,Good,Good,Good,Hindi,Good,Good,Good,Marathi,Good,Good,Good,Guddu,Software Engineer,London,8009800998,,,Naukri.com
88995,Major,Uday,Bhan,uday.bhan@mailinator.com375,7864823375,7894923645,13/04/1990,M,Single,PAN167694375,No,Behind Yaga Baba Hostel Baner,426194,KANPUR,India,579700,1340000,Mumbai,579000,2,1,30,12/06/2004,13/07/2006,Full Time,Uttar Pradesh State Board,Saraswati Vidya Mandir Kanpur,NA,92,10th,14/02/2007,25/03/2010,Full Time,Uttar Pradesh State Board,Radha Niketan College Kanpur,Electronics & Telecommunication,93,12th,14/03/2010,18/09/2014,Full Time,NITA,Motilal Nehru National Institute of Technology Allahabad,Electronics & Telecommunication,81,BE,20/07/2015,22/01/2018,Full Time,NITIE,NITIE Mumbai,Mining Engineering,87,ME,0,29/03/2017,19/09/2018,Full Time,Junior Technical Consultant,TCS,Manufacturing,AGRA,India,,,,,,,,,English,Good,Good,Good,Hindi,Good,Good,Good,Marathi,Good,Good,Good,Guddu,Software Engineer,London,8009800998,,,Naukri.com
88995,Major,Uday,Bhan,uday.bhan@mailinator.com376,7864823376,7894923645,13/04/1990,M,Single,PAN167694376,No,Behind Yaga Baba Hostel Baner,426194,KANPUR,India,579700,1340000,Mumbai,579000,2,1,30,12/06/2004,13/07/2006,Full Time,Uttar Pradesh State Board,Saraswati Vidya Mandir Kanpur,NA,92,10th,14/02/2007,25/03/2010,Full Time,Uttar Pradesh State Board,Radha Niketan College Kanpur,Electronics & Telecommunication,93,12th,14/03/2010,18/09/2014,Full Time,NITA,Motilal Nehru National Institute of Technology Allahabad,Electronics & Telecommunication,81,BE,20/07/2015,22/01/2018,Full Time,NITIE,NITIE Mumbai,Mining Engineering,87,ME,0,29/03/2017,19/09/2018,Full Time,Junior Technical Consultant,TCS,Manufacturing,AGRA,India,,,,,,,,,English,Good,Good,Good,Hindi,Good,Good,Good,Marathi,Good,Good,Good,Guddu,Software Engineer,London,8009800998,,,Naukri.com
88995,Major,Uday,Bhan,uday.bhan@mailinator.com377,7864823377,7894923645,13/04/1990,M,Single,PAN167694377,No,Behind Yaga Baba Hostel Baner,426194,KANPUR,India,579700,1340000,Mumbai,579000,2,1,30,12/06/2004,13/07/2006,Full Time,Uttar Pradesh State Board,Saraswati Vidya Mandir Kanpur,NA,92,10th,14/02/2007,25/03/2010,Full Time,Uttar Pradesh State Board,Radha Niketan College Kanpur,Electronics & Telecommunication,93,12th,14/03/2010,18/09/2014,Full Time,NITA,Motilal Nehru National Institute of Technology Allahabad,Electronics & Telecommunication,81,BE,20/07/2015,22/01/2018,Full Time,NITIE,NITIE Mumbai,Mining Engineering,87,ME,0,29/03/2017,19/09/2018,Full Time,Junior Technical Consultant,TCS,Manufacturing,AGRA,India,,,,,,,,,English,Good,Good,Good,Hindi,Good,Good,Good,Marathi,Good,Good,Good,Guddu,Software Engineer,London,8009800998,,,Naukri.com
88995,Major,Uday,Bhan,uday.bhan@mailinator.com378,7864823378,7894923645,13/04/1990,M,Single,PAN167694378,No,Behind Yaga Baba Hostel Baner,426194,KANPUR,India,579700,1340000,Mumbai,579000,2,1,30,12/06/2004,13/07/2006,Full Time,Uttar Pradesh State Board,Saraswati Vidya Mandir Kanpur,NA,92,10th,14/02/2007,25/03/2010,Full Time,Uttar Pradesh State Board,Radha Niketan College Kanpur,Electronics & Telecommunication,93,12th,14/03/2010,18/09/2014,Full Time,NITA,Motilal Nehru National Institute of Technology Allahabad,Electronics & Telecommunication,81,BE,20/07/2015,22/01/2018,Full Time,NITIE,NITIE Mumbai,Mining Engineering,87,ME,0,29/03/2017,19/09/2018,Full Time,Junior Technical Consultant,TCS,Manufacturing,AGRA,India,,,,,,,,,English,Good,Good,Good,Hindi,Good,Good,Good,Marathi,Good,Good,Good,Guddu,Software Engineer,London,8009800998,,,Naukri.com
88995,Major,Uday,Bhan,uday.bhan@mailinator.com379,7864823379,7894923645,13/04/1990,M,Single,PAN167694379,No,Behind Yaga Baba Hostel Baner,426194,KANPUR,India,579700,1340000,Mumbai,579000,2,1,30,12/06/2004,13/07/2006,Full Time,Uttar Pradesh State Board,Saraswati Vidya Mandir Kanpur,NA,92,10th,14/02/2007,25/03/2010,Full Time,Uttar Pradesh State Board,Radha Niketan College Kanpur,Electronics & Telecommunication,93,12th,14/03/2010,18/09/2014,Full Time,NITA,Motilal Nehru National Institute of Technology Allahabad,Electronics & Telecommunication,81,BE,20/07/2015,22/01/2018,Full Time,NITIE,NITIE Mumbai,Mining Engineering,87,ME,0,29/03/2017,19/09/2018,Full Time,Junior Technical Consultant,TCS,Manufacturing,AGRA,India,,,,,,,,,English,Good,Good,Good,Hindi,Good,Good,Good,Marathi,Good,Good,Good,Guddu,Software Engineer,London,8009800998,,,Naukri.com
88995,Major,Uday,Bhan,uday.bhan@mailinator.com380,7864823380,7894923645,13/04/1990,M,Single,PAN167694380,No,Behind Yaga Baba Hostel Baner,426194,KANPUR,India,579700,1340000,Mumbai,579000,2,1,30,12/06/2004,13/07/2006,Full Time,Uttar Pradesh State Board,Saraswati Vidya Mandir Kanpur,NA,92,10th,14/02/2007,25/03/2010,Full Time,Uttar Pradesh State Board,Radha Niketan College Kanpur,Electronics & Telecommunication,93,12th,14/03/2010,18/09/2014,Full Time,NITA,Motilal Nehru National Institute of Technology Allahabad,Electronics & Telecommunication,81,BE,20/07/2015,22/01/2018,Full Time,NITIE,NITIE Mumbai,Mining Engineering,87,ME,0,29/03/2017,19/09/2018,Full Time,Junior Technical Consultant,TCS,Manufacturing,AGRA,India,,,,,,,,,English,Good,Good,Good,Hindi,Good,Good,Good,Marathi,Good,Good,Good,Guddu,Software Engineer,London,8009800998,,,Naukri.com
88995,Major,Uday,Bhan,uday.bhan@mailinator.com381,7864823381,7894923645,13/04/1990,M,Single,PAN167694381,No,Behind Yaga Baba Hostel Baner,426194,KANPUR,India,579700,1340000,Mumbai,579000,2,1,30,12/06/2004,13/07/2006,Full Time,Uttar Pradesh State Board,Saraswati Vidya Mandir Kanpur,NA,92,10th,14/02/2007,25/03/2010,Full Time,Uttar Pradesh State Board,Radha Niketan College Kanpur,Electronics & Telecommunication,93,12th,14/03/2010,18/09/2014,Full Time,NITA,Motilal Nehru National Institute of Technology Allahabad,Electronics & Telecommunication,81,BE,20/07/2015,22/01/2018,Full Time,NITIE,NITIE Mumbai,Mining Engineering,87,ME,0,29/03/2017,19/09/2018,Full Time,Junior Technical Consultant,TCS,Manufacturing,AGRA,India,,,,,,,,,English,Good,Good,Good,Hindi,Good,Good,Good,Marathi,Good,Good,Good,Guddu,Software Engineer,London,8009800998,,,Naukri.com
88995,Major,Uday,Bhan,uday.bhan@mailinator.com382,7864823382,7894923645,13/04/1990,M,Single,PAN167694382,No,Behind Yaga Baba Hostel Baner,426194,KANPUR,India,579700,1340000,Mumbai,579000,2,1,30,12/06/2004,13/07/2006,Full Time,Uttar Pradesh State Board,Saraswati Vidya Mandir Kanpur,NA,92,10th,14/02/2007,25/03/2010,Full Time,Uttar Pradesh State Board,Radha Niketan College Kanpur,Electronics & Telecommunication,93,12th,14/03/2010,18/09/2014,Full Time,NITA,Motilal Nehru National Institute of Technology Allahabad,Electronics & Telecommunication,81,BE,20/07/2015,22/01/2018,Full Time,NITIE,NITIE Mumbai,Mining Engineering,87,ME,0,29/03/2017,19/09/2018,Full Time,Junior Technical Consultant,TCS,Manufacturing,AGRA,India,,,,,,,,,English,Good,Good,Good,Hindi,Good,Good,Good,Marathi,Good,Good,Good,Guddu,Software Engineer,London,8009800998,,,Naukri.com
88995,Major,Uday,Bhan,uday.bhan@mailinator.com383,7864823383,7894923645,13/04/1990,M,Single,PAN167694383,No,Behind Yaga Baba Hostel Baner,426194,KANPUR,India,579700,1340000,Mumbai,579000,2,1,30,12/06/2004,13/07/2006,Full Time,Uttar Pradesh State Board,Saraswati Vidya Mandir Kanpur,NA,92,10th,14/02/2007,25/03/2010,Full Time,Uttar Pradesh State Board,Radha Niketan College Kanpur,Electronics & Telecommunication,93,12th,14/03/2010,18/09/2014,Full Time,NITA,Motilal Nehru National Institute of Technology Allahabad,Electronics & Telecommunication,81,BE,20/07/2015,22/01/2018,Full Time,NITIE,NITIE Mumbai,Mining Engineering,87,ME,0,29/03/2017,19/09/2018,Full Time,Junior Technical Consultant,TCS,Manufacturing,AGRA,India,,,,,,,,,English,Good,Good,Good,Hindi,Good,Good,Good,Marathi,Good,Good,Good,Guddu,Software Engineer,London,8009800998,,,Naukri.com
88995,Major,Uday,Bhan,uday.bhan@mailinator.com384,7864823384,7894923645,13/04/1990,M,Single,PAN167694384,No,Behind Yaga Baba Hostel Baner,426194,KANPUR,India,579700,1340000,Mumbai,579000,2,1,30,12/06/2004,13/07/2006,Full Time,Uttar Pradesh State Board,Saraswati Vidya Mandir Kanpur,NA,92,10th,14/02/2007,25/03/2010,Full Time,Uttar Pradesh State Board,Radha Niketan College Kanpur,Electronics & Telecommunication,93,12th,14/03/2010,18/09/2014,Full Time,NITA,Motilal Nehru National Institute of Technology Allahabad,Electronics & Telecommunication,81,BE,20/07/2015,22/01/2018,Full Time,NITIE,NITIE Mumbai,Mining Engineering,87,ME,0,29/03/2017,19/09/2018,Full Time,Junior Technical Consultant,TCS,Manufacturing,AGRA,India,,,,,,,,,English,Good,Good,Good,Hindi,Good,Good,Good,Marathi,Good,Good,Good,Guddu,Software Engineer,London,8009800998,,,Naukri.com
88995,Major,Uday,Bhan,uday.bhan@mailinator.com385,7864823385,7894923645,13/04/1990,M,Single,PAN167694385,No,Behind Yaga Baba Hostel Baner,426194,KANPUR,India,579700,1340000,Mumbai,579000,2,1,30,12/06/2004,13/07/2006,Full Time,Uttar Pradesh State Board,Saraswati Vidya Mandir Kanpur,NA,92,10th,14/02/2007,25/03/2010,Full Time,Uttar Pradesh State Board,Radha Niketan College Kanpur,Electronics & Telecommunication,93,12th,14/03/2010,18/09/2014,Full Time,NITA,Motilal Nehru National Institute of Technology Allahabad,Electronics & Telecommunication,81,BE,20/07/2015,22/01/2018,Full Time,NITIE,NITIE Mumbai,Mining Engineering,87,ME,0,29/03/2017,19/09/2018,Full Time,Junior Technical Consultant,TCS,Manufacturing,AGRA,India,,,,,,,,,English,Good,Good,Good,Hindi,Good,Good,Good,Marathi,Good,Good,Good,Guddu,Software Engineer,London,8009800998,,,Naukri.com
88995,Major,Uday,Bhan,uday.bhan@mailinator.com386,7864823386,7894923645,13/04/1990,M,Single,PAN167694386,No,Behind Yaga Baba Hostel Baner,426194,KANPUR,India,579700,1340000,Mumbai,579000,2,1,30,12/06/2004,13/07/2006,Full Time,Uttar Pradesh State Board,Saraswati Vidya Mandir Kanpur,NA,92,10th,14/02/2007,25/03/2010,Full Time,Uttar Pradesh State Board,Radha Niketan College Kanpur,Electronics & Telecommunication,93,12th,14/03/2010,18/09/2014,Full Time,NITA,Motilal Nehru National Institute of Technology Allahabad,Electronics & Telecommunication,81,BE,20/07/2015,22/01/2018,Full Time,NITIE,NITIE Mumbai,Mining Engineering,87,ME,0,29/03/2017,19/09/2018,Full Time,Junior Technical Consultant,TCS,Manufacturing,AGRA,India,,,,,,,,,English,Good,Good,Good,Hindi,Good,Good,Good,Marathi,Good,Good,Good,Guddu,Software Engineer,London,8009800998,,,Naukri.com
88995,Major,Uday,Bhan,uday.bhan@mailinator.com387,7864823387,7894923645,13/04/1990,M,Single,PAN167694387,No,Behind Yaga Baba Hostel Baner,426194,KANPUR,India,579700,1340000,Mumbai,579000,2,1,30,12/06/2004,13/07/2006,Full Time,Uttar Pradesh State Board,Saraswati Vidya Mandir Kanpur,NA,92,10th,14/02/2007,25/03/2010,Full Time,Uttar Pradesh State Board,Radha Niketan College Kanpur,Electronics & Telecommunication,93,12th,14/03/2010,18/09/2014,Full Time,NITA,Motilal Nehru National Institute of Technology Allahabad,Electronics & Telecommunication,81,BE,20/07/2015,22/01/2018,Full Time,NITIE,NITIE Mumbai,Mining Engineering,87,ME,0,29/03/2017,19/09/2018,Full Time,Junior Technical Consultant,TCS,Manufacturing,AGRA,India,,,,,,,,,English,Good,Good,Good,Hindi,Good,Good,Good,Marathi,Good,Good,Good,Guddu,Software Engineer,London,8009800998,,,Naukri.com
88995,Major,Uday,Bhan,uday.bhan@mailinator.com388,7864823388,7894923645,13/04/1990,M,Single,PAN167694388,No,Behind Yaga Baba Hostel Baner,426194,KANPUR,India,579700,1340000,Mumbai,579000,2,1,30,12/06/2004,13/07/2006,Full Time,Uttar Pradesh State Board,Saraswati Vidya Mandir Kanpur,NA,92,10th,14/02/2007,25/03/2010,Full Time,Uttar Pradesh State Board,Radha Niketan College Kanpur,Electronics & Telecommunication,93,12th,14/03/2010,18/09/2014,Full Time,NITA,Motilal Nehru National Institute of Technology Allahabad,Electronics & Telecommunication,81,BE,20/07/2015,22/01/2018,Full Time,NITIE,NITIE Mumbai,Mining Engineering,87,ME,0,29/03/2017,19/09/2018,Full Time,Junior Technical Consultant,TCS,Manufacturing,AGRA,India,,,,,,,,,English,Good,Good,Good,Hindi,Good,Good,Good,Marathi,Good,Good,Good,Guddu,Software Engineer,London,8009800998,,,Naukri.com
88995,Major,Uday,Bhan,uday.bhan@mailinator.com389,7864823389,7894923645,13/04/1990,M,Single,PAN167694389,No,Behind Yaga Baba Hostel Baner,426194,KANPUR,India,579700,1340000,Mumbai,579000,2,1,30,12/06/2004,13/07/2006,Full Time,Uttar Pradesh State Board,Saraswati Vidya Mandir Kanpur,NA,92,10th,14/02/2007,25/03/2010,Full Time,Uttar Pradesh State Board,Radha Niketan College Kanpur,Electronics & Telecommunication,93,12th,14/03/2010,18/09/2014,Full Time,NITA,Motilal Nehru National Institute of Technology Allahabad,Electronics & Telecommunication,81,BE,20/07/2015,22/01/2018,Full Time,NITIE,NITIE Mumbai,Mining Engineering,87,ME,0,29/03/2017,19/09/2018,Full Time,Junior Technical Consultant,TCS,Manufacturing,AGRA,India,,,,,,,,,English,Good,Good,Good,Hindi,Good,Good,Good,Marathi,Good,Good,Good,Guddu,Software Engineer,London,8009800998,,,Naukri.com
88995,Major,Uday,Bhan,uday.bhan@mailinator.com390,7864823390,7894923645,13/04/1990,M,Single,PAN167694390,No,Behind Yaga Baba Hostel Baner,426194,KANPUR,India,579700,1340000,Mumbai,579000,2,1,30,12/06/2004,13/07/2006,Full Time,Uttar Pradesh State Board,Saraswati Vidya Mandir Kanpur,NA,92,10th,14/02/2007,25/03/2010,Full Time,Uttar Pradesh State Board,Radha Niketan College Kanpur,Electronics & Telecommunication,93,12th,14/03/2010,18/09/2014,Full Time,NITA,Motilal Nehru National Institute of Technology Allahabad,Electronics & Telecommunication,81,BE,20/07/2015,22/01/2018,Full Time,NITIE,NITIE Mumbai,Mining Engineering,87,ME,0,29/03/2017,19/09/2018,Full Time,Junior Technical Consultant,TCS,Manufacturing,AGRA,India,,,,,,,,,English,Good,Good,Good,Hindi,Good,Good,Good,Marathi,Good,Good,Good,Guddu,Software Engineer,London,8009800998,,,Naukri.com
88995,Major,Uday,Bhan,uday.bhan@mailinator.com391,7864823391,7894923645,13/04/1990,M,Single,PAN167694391,No,Behind Yaga Baba Hostel Baner,426194,KANPUR,India,579700,1340000,Mumbai,579000,2,1,30,12/06/2004,13/07/2006,Full Time,Uttar Pradesh State Board,Saraswati Vidya Mandir Kanpur,NA,92,10th,14/02/2007,25/03/2010,Full Time,Uttar Pradesh State Board,Radha Niketan College Kanpur,Electronics & Telecommunication,93,12th,14/03/2010,18/09/2014,Full Time,NITA,Motilal Nehru National Institute of Technology Allahabad,Electronics & Telecommunication,81,BE,20/07/2015,22/01/2018,Full Time,NITIE,NITIE Mumbai,Mining Engineering,87,ME,0,29/03/2017,19/09/2018,Full Time,Junior Technical Consultant,TCS,Manufacturing,AGRA,India,,,,,,,,,English,Good,Good,Good,Hindi,Good,Good,Good,Marathi,Good,Good,Good,Guddu,Software Engineer,London,8009800998,,,Naukri.com
88995,Major,Uday,Bhan,uday.bhan@mailinator.com392,7864823392,7894923645,13/04/1990,M,Single,PAN167694392,No,Behind Yaga Baba Hostel Baner,426194,KANPUR,India,579700,1340000,Mumbai,579000,2,1,30,12/06/2004,13/07/2006,Full Time,Uttar Pradesh State Board,Saraswati Vidya Mandir Kanpur,NA,92,10th,14/02/2007,25/03/2010,Full Time,Uttar Pradesh State Board,Radha Niketan College Kanpur,Electronics & Telecommunication,93,12th,14/03/2010,18/09/2014,Full Time,NITA,Motilal Nehru National Institute of Technology Allahabad,Electronics & Telecommunication,81,BE,20/07/2015,22/01/2018,Full Time,NITIE,NITIE Mumbai,Mining Engineering,87,ME,0,29/03/2017,19/09/2018,Full Time,Junior Technical Consultant,TCS,Manufacturing,AGRA,India,,,,,,,,,English,Good,Good,Good,Hindi,Good,Good,Good,Marathi,Good,Good,Good,Guddu,Software Engineer,London,8009800998,,,Naukri.com
88995,Major,Uday,Bhan,uday.bhan@mailinator.com393,7864823393,7894923645,13/04/1990,M,Single,PAN167694393,No,Behind Yaga Baba Hostel Baner,426194,KANPUR,India,579700,1340000,Mumbai,579000,2,1,30,12/06/2004,13/07/2006,Full Time,Uttar Pradesh State Board,Saraswati Vidya Mandir Kanpur,NA,92,10th,14/02/2007,25/03/2010,Full Time,Uttar Pradesh State Board,Radha Niketan College Kanpur,Electronics & Telecommunication,93,12th,14/03/2010,18/09/2014,Full Time,NITA,Motilal Nehru National Institute of Technology Allahabad,Electronics & Telecommunication,81,BE,20/07/2015,22/01/2018,Full Time,NITIE,NITIE Mumbai,Mining Engineering,87,ME,0,29/03/2017,19/09/2018,Full Time,Junior Technical Consultant,TCS,Manufacturing,AGRA,India,,,,,,,,,English,Good,Good,Good,Hindi,Good,Good,Good,Marathi,Good,Good,Good,Guddu,Software Engineer,London,8009800998,,,Naukri.com
88995,Major,Uday,Bhan,uday.bhan@mailinator.com394,7864823394,7894923645,13/04/1990,M,Single,PAN167694394,No,Behind Yaga Baba Hostel Baner,426194,KANPUR,India,579700,1340000,Mumbai,579000,2,1,30,12/06/2004,13/07/2006,Full Time,Uttar Pradesh State Board,Saraswati Vidya Mandir Kanpur,NA,92,10th,14/02/2007,25/03/2010,Full Time,Uttar Pradesh State Board,Radha Niketan College Kanpur,Electronics & Telecommunication,93,12th,14/03/2010,18/09/2014,Full Time,NITA,Motilal Nehru National Institute of Technology Allahabad,Electronics & Telecommunication,81,BE,20/07/2015,22/01/2018,Full Time,NITIE,NITIE Mumbai,Mining Engineering,87,ME,0,29/03/2017,19/09/2018,Full Time,Junior Technical Consultant,TCS,Manufacturing,AGRA,India,,,,,,,,,English,Good,Good,Good,Hindi,Good,Good,Good,Marathi,Good,Good,Good,Guddu,Software Engineer,London,8009800998,,,Naukri.com
88995,Major,Uday,Bhan,uday.bhan@mailinator.com395,7864823395,7894923645,13/04/1990,M,Single,PAN167694395,No,Behind Yaga Baba Hostel Baner,426194,KANPUR,India,579700,1340000,Mumbai,579000,2,1,30,12/06/2004,13/07/2006,Full Time,Uttar Pradesh State Board,Saraswati Vidya Mandir Kanpur,NA,92,10th,14/02/2007,25/03/2010,Full Time,Uttar Pradesh State Board,Radha Niketan College Kanpur,Electronics & Telecommunication,93,12th,14/03/2010,18/09/2014,Full Time,NITA,Motilal Nehru National Institute of Technology Allahabad,Electronics & Telecommunication,81,BE,20/07/2015,22/01/2018,Full Time,NITIE,NITIE Mumbai,Mining Engineering,87,ME,0,29/03/2017,19/09/2018,Full Time,Junior Technical Consultant,TCS,Manufacturing,AGRA,India,,,,,,,,,English,Good,Good,Good,Hindi,Good,Good,Good,Marathi,Good,Good,Good,Guddu,Software Engineer,London,8009800998,,,Naukri.com
88995,Major,Uday,Bhan,uday.bhan@mailinator.com396,7864823396,7894923645,13/04/1990,M,Single,PAN167694396,No,Behind Yaga Baba Hostel Baner,426194,KANPUR,India,579700,1340000,Mumbai,579000,2,1,30,12/06/2004,13/07/2006,Full Time,Uttar Pradesh State Board,Saraswati Vidya Mandir Kanpur,NA,92,10th,14/02/2007,25/03/2010,Full Time,Uttar Pradesh State Board,Radha Niketan College Kanpur,Electronics & Telecommunication,93,12th,14/03/2010,18/09/2014,Full Time,NITA,Motilal Nehru National Institute of Technology Allahabad,Electronics & Telecommunication,81,BE,20/07/2015,22/01/2018,Full Time,NITIE,NITIE Mumbai,Mining Engineering,87,ME,0,29/03/2017,19/09/2018,Full Time,Junior Technical Consultant,TCS,Manufacturing,AGRA,India,,,,,,,,,English,Good,Good,Good,Hindi,Good,Good,Good,Marathi,Good,Good,Good,Guddu,Software Engineer,London,8009800998,,,Naukri.com
88995,Major,Uday,Bhan,uday.bhan@mailinator.com397,7864823397,7894923645,13/04/1990,M,Single,PAN167694397,No,Behind Yaga Baba Hostel Baner,426194,KANPUR,India,579700,1340000,Mumbai,579000,2,1,30,12/06/2004,13/07/2006,Full Time,Uttar Pradesh State Board,Saraswati Vidya Mandir Kanpur,NA,92,10th,14/02/2007,25/03/2010,Full Time,Uttar Pradesh State Board,Radha Niketan College Kanpur,Electronics & Telecommunication,93,12th,14/03/2010,18/09/2014,Full Time,NITA,Motilal Nehru National Institute of Technology Allahabad,Electronics & Telecommunication,81,BE,20/07/2015,22/01/2018,Full Time,NITIE,NITIE Mumbai,Mining Engineering,87,ME,0,29/03/2017,19/09/2018,Full Time,Junior Technical Consultant,TCS,Manufacturing,AGRA,India,,,,,,,,,English,Good,Good,Good,Hindi,Good,Good,Good,Marathi,Good,Good,Good,Guddu,Software Engineer,London,8009800998,,,Naukri.com
88995,Major,Uday,Bhan,uday.bhan@mailinator.com398,7864823398,7894923645,13/04/1990,M,Single,PAN167694398,No,Behind Yaga Baba Hostel Baner,426194,KANPUR,India,579700,1340000,Mumbai,579000,2,1,30,12/06/2004,13/07/2006,Full Time,Uttar Pradesh State Board,Saraswati Vidya Mandir Kanpur,NA,92,10th,14/02/2007,25/03/2010,Full Time,Uttar Pradesh State Board,Radha Niketan College Kanpur,Electronics & Telecommunication,93,12th,14/03/2010,18/09/2014,Full Time,NITA,Motilal Nehru National Institute of Technology Allahabad,Electronics & Telecommunication,81,BE,20/07/2015,22/01/2018,Full Time,NITIE,NITIE Mumbai,Mining Engineering,87,ME,0,29/03/2017,19/09/2018,Full Time,Junior Technical Consultant,TCS,Manufacturing,AGRA,India,,,,,,,,,English,Good,Good,Good,Hindi,Good,Good,Good,Marathi,Good,Good,Good,Guddu,Software Engineer,London,8009800998,,,Naukri.com
88995,Major,Uday,Bhan,uday.bhan@mailinator.com399,7864823399,7894923645,13/04/1990,M,Single,PAN167694399,No,Behind Yaga Baba Hostel Baner,426194,KANPUR,India,579700,1340000,Mumbai,579000,2,1,30,12/06/2004,13/07/2006,Full Time,Uttar Pradesh State Board,Saraswati Vidya Mandir Kanpur,NA,92,10th,14/02/2007,25/03/2010,Full Time,Uttar Pradesh State Board,Radha Niketan College Kanpur,Electronics & Telecommunication,93,12th,14/03/2010,18/09/2014,Full Time,NITA,Motilal Nehru National Institute of Technology Allahabad,Electronics & Telecommunication,81,BE,20/07/2015,22/01/2018,Full Time,NITIE,NITIE Mumbai,Mining Engineering,87,ME,0,29/03/2017,19/09/2018,Full Time,Junior Technical Consultant,TCS,Manufacturing,AGRA,India,,,,,,,,,English,Good,Good,Good,Hindi,Good,Good,Good,Marathi,Good,Good,Good,Guddu,Software Engineer,London,8009800998,,,Naukri.com
88995,Major,Uday,Bhan,uday.bhan@mailinator.com400,7864823400,7894923645,13/04/1990,M,Single,PAN167694400,No,Behind Yaga Baba Hostel Baner,426194,KANPUR,India,579700,1340000,Mumbai,579000,2,1,30,12/06/2004,13/07/2006,Full Time,Uttar Pradesh State Board,Saraswati Vidya Mandir Kanpur,NA,92,10th,14/02/2007,25/03/2010,Full Time,Uttar Pradesh State Board,Radha Niketan College Kanpur,Electronics & Telecommunication,93,12th,14/03/2010,18/09/2014,Full Time,NITA,Motilal Nehru National Institute of Technology Allahabad,Electronics & Telecommunication,81,BE,20/07/2015,22/01/2018,Full Time,NITIE,NITIE Mumbai,Mining Engineering,87,ME,0,29/03/2017,19/09/2018,Full Time,Junior Technical Consultant,TCS,Manufacturing,AGRA,India,,,,,,,,,English,Good,Good,Good,Hindi,Good,Good,Good,Marathi,Good,Good,Good,Guddu,Software Engineer,London,8009800998,,,Naukri.com
88995,Major,Uday,Bhan,uday.bhan@mailinator.com401,7864823401,7894923645,13/04/1990,M,Single,PAN167694401,No,Behind Yaga Baba Hostel Baner,426194,KANPUR,India,579700,1340000,Mumbai,579000,2,1,30,12/06/2004,13/07/2006,Full Time,Uttar Pradesh State Board,Saraswati Vidya Mandir Kanpur,NA,92,10th,14/02/2007,25/03/2010,Full Time,Uttar Pradesh State Board,Radha Niketan College Kanpur,Electronics & Telecommunication,93,12th,14/03/2010,18/09/2014,Full Time,NITA,Motilal Nehru National Institute of Technology Allahabad,Electronics & Telecommunication,81,BE,20/07/2015,22/01/2018,Full Time,NITIE,NITIE Mumbai,Mining Engineering,87,ME,0,29/03/2017,19/09/2018,Full Time,Junior Technical Consultant,TCS,Manufacturing,AGRA,India,,,,,,,,,English,Good,Good,Good,Hindi,Good,Good,Good,Marathi,Good,Good,Good,Guddu,Software Engineer,London,8009800998,,,Naukri.com
88995,Major,Uday,Bhan,uday.bhan@mailinator.com402,7864823402,7894923645,13/04/1990,M,Single,PAN167694402,No,Behind Yaga Baba Hostel Baner,426194,KANPUR,India,579700,1340000,Mumbai,579000,2,1,30,12/06/2004,13/07/2006,Full Time,Uttar Pradesh State Board,Saraswati Vidya Mandir Kanpur,NA,92,10th,14/02/2007,25/03/2010,Full Time,Uttar Pradesh State Board,Radha Niketan College Kanpur,Electronics & Telecommunication,93,12th,14/03/2010,18/09/2014,Full Time,NITA,Motilal Nehru National Institute of Technology Allahabad,Electronics & Telecommunication,81,BE,20/07/2015,22/01/2018,Full Time,NITIE,NITIE Mumbai,Mining Engineering,87,ME,0,29/03/2017,19/09/2018,Full Time,Junior Technical Consultant,TCS,Manufacturing,AGRA,India,,,,,,,,,English,Good,Good,Good,Hindi,Good,Good,Good,Marathi,Good,Good,Good,Guddu,Software Engineer,London,8009800998,,,Naukri.com
88995,Major,Uday,Bhan,uday.bhan@mailinator.com403,7864823403,7894923645,13/04/1990,M,Single,PAN167694403,No,Behind Yaga Baba Hostel Baner,426194,KANPUR,India,579700,1340000,Mumbai,579000,2,1,30,12/06/2004,13/07/2006,Full Time,Uttar Pradesh State Board,Saraswati Vidya Mandir Kanpur,NA,92,10th,14/02/2007,25/03/2010,Full Time,Uttar Pradesh State Board,Radha Niketan College Kanpur,Electronics & Telecommunication,93,12th,14/03/2010,18/09/2014,Full Time,NITA,Motilal Nehru National Institute of Technology Allahabad,Electronics & Telecommunication,81,BE,20/07/2015,22/01/2018,Full Time,NITIE,NITIE Mumbai,Mining Engineering,87,ME,0,29/03/2017,19/09/2018,Full Time,Junior Technical Consultant,TCS,Manufacturing,AGRA,India,,,,,,,,,English,Good,Good,Good,Hindi,Good,Good,Good,Marathi,Good,Good,Good,Guddu,Software Engineer,London,8009800998,,,Naukri.com
88995,Major,Uday,Bhan,uday.bhan@mailinator.com404,7864823404,7894923645,13/04/1990,M,Single,PAN167694404,No,Behind Yaga Baba Hostel Baner,426194,KANPUR,India,579700,1340000,Mumbai,579000,2,1,30,12/06/2004,13/07/2006,Full Time,Uttar Pradesh State Board,Saraswati Vidya Mandir Kanpur,NA,92,10th,14/02/2007,25/03/2010,Full Time,Uttar Pradesh State Board,Radha Niketan College Kanpur,Electronics & Telecommunication,93,12th,14/03/2010,18/09/2014,Full Time,NITA,Motilal Nehru National Institute of Technology Allahabad,Electronics & Telecommunication,81,BE,20/07/2015,22/01/2018,Full Time,NITIE,NITIE Mumbai,Mining Engineering,87,ME,0,29/03/2017,19/09/2018,Full Time,Junior Technical Consultant,TCS,Manufacturing,AGRA,India,,,,,,,,,English,Good,Good,Good,Hindi,Good,Good,Good,Marathi,Good,Good,Good,Guddu,Software Engineer,London,8009800998,,,Naukri.com
88995,Major,Uday,Bhan,uday.bhan@mailinator.com405,7864823405,7894923645,13/04/1990,M,Single,PAN167694405,No,Behind Yaga Baba Hostel Baner,426194,KANPUR,India,579700,1340000,Mumbai,579000,2,1,30,12/06/2004,13/07/2006,Full Time,Uttar Pradesh State Board,Saraswati Vidya Mandir Kanpur,NA,92,10th,14/02/2007,25/03/2010,Full Time,Uttar Pradesh State Board,Radha Niketan College Kanpur,Electronics & Telecommunication,93,12th,14/03/2010,18/09/2014,Full Time,NITA,Motilal Nehru National Institute of Technology Allahabad,Electronics & Telecommunication,81,BE,20/07/2015,22/01/2018,Full Time,NITIE,NITIE Mumbai,Mining Engineering,87,ME,0,29/03/2017,19/09/2018,Full Time,Junior Technical Consultant,TCS,Manufacturing,AGRA,India,,,,,,,,,English,Good,Good,Good,Hindi,Good,Good,Good,Marathi,Good,Good,Good,Guddu,Software Engineer,London,8009800998,,,Naukri.com
88995,Major,Uday,Bhan,uday.bhan@mailinator.com406,7864823406,7894923645,13/04/1990,M,Single,PAN167694406,No,Behind Yaga Baba Hostel Baner,426194,KANPUR,India,579700,1340000,Mumbai,579000,2,1,30,12/06/2004,13/07/2006,Full Time,Uttar Pradesh State Board,Saraswati Vidya Mandir Kanpur,NA,92,10th,14/02/2007,25/03/2010,Full Time,Uttar Pradesh State Board,Radha Niketan College Kanpur,Electronics & Telecommunication,93,12th,14/03/2010,18/09/2014,Full Time,NITA,Motilal Nehru National Institute of Technology Allahabad,Electronics & Telecommunication,81,BE,20/07/2015,22/01/2018,Full Time,NITIE,NITIE Mumbai,Mining Engineering,87,ME,0,29/03/2017,19/09/2018,Full Time,Junior Technical Consultant,TCS,Manufacturing,AGRA,India,,,,,,,,,English,Good,Good,Good,Hindi,Good,Good,Good,Marathi,Good,Good,Good,Guddu,Software Engineer,London,8009800998,,,Naukri.com
88995,Major,Uday,Bhan,uday.bhan@mailinator.com407,7864823407,7894923645,13/04/1990,M,Single,PAN167694407,No,Behind Yaga Baba Hostel Baner,426194,KANPUR,India,579700,1340000,Mumbai,579000,2,1,30,12/06/2004,13/07/2006,Full Time,Uttar Pradesh State Board,Saraswati Vidya Mandir Kanpur,NA,92,10th,14/02/2007,25/03/2010,Full Time,Uttar Pradesh State Board,Radha Niketan College Kanpur,Electronics & Telecommunication,93,12th,14/03/2010,18/09/2014,Full Time,NITA,Motilal Nehru National Institute of Technology Allahabad,Electronics & Telecommunication,81,BE,20/07/2015,22/01/2018,Full Time,NITIE,NITIE Mumbai,Mining Engineering,87,ME,0,29/03/2017,19/09/2018,Full Time,Junior Technical Consultant,TCS,Manufacturing,AGRA,India,,,,,,,,,English,Good,Good,Good,Hindi,Good,Good,Good,Marathi,Good,Good,Good,Guddu,Software Engineer,London,8009800998,,,Naukri.com
88995,Major,Uday,Bhan,uday.bhan@mailinator.com408,7864823408,7894923645,13/04/1990,M,Single,PAN167694408,No,Behind Yaga Baba Hostel Baner,426194,KANPUR,India,579700,1340000,Mumbai,579000,2,1,30,12/06/2004,13/07/2006,Full Time,Uttar Pradesh State Board,Saraswati Vidya Mandir Kanpur,NA,92,10th,14/02/2007,25/03/2010,Full Time,Uttar Pradesh State Board,Radha Niketan College Kanpur,Electronics & Telecommunication,93,12th,14/03/2010,18/09/2014,Full Time,NITA,Motilal Nehru National Institute of Technology Allahabad,Electronics & Telecommunication,81,BE,20/07/2015,22/01/2018,Full Time,NITIE,NITIE Mumbai,Mining Engineering,87,ME,0,29/03/2017,19/09/2018,Full Time,Junior Technical Consultant,TCS,Manufacturing,AGRA,India,,,,,,,,,English,Good,Good,Good,Hindi,Good,Good,Good,Marathi,Good,Good,Good,Guddu,Software Engineer,London,8009800998,,,Naukri.com
88995,Major,Uday,Bhan,uday.bhan@mailinator.com409,7864823409,7894923645,13/04/1990,M,Single,PAN167694409,No,Behind Yaga Baba Hostel Baner,426194,KANPUR,India,579700,1340000,Mumbai,579000,2,1,30,12/06/2004,13/07/2006,Full Time,Uttar Pradesh State Board,Saraswati Vidya Mandir Kanpur,NA,92,10th,14/02/2007,25/03/2010,Full Time,Uttar Pradesh State Board,Radha Niketan College Kanpur,Electronics & Telecommunication,93,12th,14/03/2010,18/09/2014,Full Time,NITA,Motilal Nehru National Institute of Technology Allahabad,Electronics & Telecommunication,81,BE,20/07/2015,22/01/2018,Full Time,NITIE,NITIE Mumbai,Mining Engineering,87,ME,0,29/03/2017,19/09/2018,Full Time,Junior Technical Consultant,TCS,Manufacturing,AGRA,India,,,,,,,,,English,Good,Good,Good,Hindi,Good,Good,Good,Marathi,Good,Good,Good,Guddu,Software Engineer,London,8009800998,,,Naukri.com
88995,Major,Uday,Bhan,uday.bhan@mailinator.com410,7864823410,7894923645,13/04/1990,M,Single,PAN167694410,No,Behind Yaga Baba Hostel Baner,426194,KANPUR,India,579700,1340000,Mumbai,579000,2,1,30,12/06/2004,13/07/2006,Full Time,Uttar Pradesh State Board,Saraswati Vidya Mandir Kanpur,NA,92,10th,14/02/2007,25/03/2010,Full Time,Uttar Pradesh State Board,Radha Niketan College Kanpur,Electronics & Telecommunication,93,12th,14/03/2010,18/09/2014,Full Time,NITA,Motilal Nehru National Institute of Technology Allahabad,Electronics & Telecommunication,81,BE,20/07/2015,22/01/2018,Full Time,NITIE,NITIE Mumbai,Mining Engineering,87,ME,0,29/03/2017,19/09/2018,Full Time,Junior Technical Consultant,TCS,Manufacturing,AGRA,India,,,,,,,,,English,Good,Good,Good,Hindi,Good,Good,Good,Marathi,Good,Good,Good,Guddu,Software Engineer,London,8009800998,,,Naukri.com
88995,Major,Uday,Bhan,uday.bhan@mailinator.com411,7864823411,7894923645,13/04/1990,M,Single,PAN167694411,No,Behind Yaga Baba Hostel Baner,426194,KANPUR,India,579700,1340000,Mumbai,579000,2,1,30,12/06/2004,13/07/2006,Full Time,Uttar Pradesh State Board,Saraswati Vidya Mandir Kanpur,NA,92,10th,14/02/2007,25/03/2010,Full Time,Uttar Pradesh State Board,Radha Niketan College Kanpur,Electronics & Telecommunication,93,12th,14/03/2010,18/09/2014,Full Time,NITA,Motilal Nehru National Institute of Technology Allahabad,Electronics & Telecommunication,81,BE,20/07/2015,22/01/2018,Full Time,NITIE,NITIE Mumbai,Mining Engineering,87,ME,0,29/03/2017,19/09/2018,Full Time,Junior Technical Consultant,TCS,Manufacturing,AGRA,India,,,,,,,,,English,Good,Good,Good,Hindi,Good,Good,Good,Marathi,Good,Good,Good,Guddu,Software Engineer,London,8009800998,,,Naukri.com
88995,Major,Uday,Bhan,uday.bhan@mailinator.com412,7864823412,7894923645,13/04/1990,M,Single,PAN167694412,No,Behind Yaga Baba Hostel Baner,426194,KANPUR,India,579700,1340000,Mumbai,579000,2,1,30,12/06/2004,13/07/2006,Full Time,Uttar Pradesh State Board,Saraswati Vidya Mandir Kanpur,NA,92,10th,14/02/2007,25/03/2010,Full Time,Uttar Pradesh State Board,Radha Niketan College Kanpur,Electronics & Telecommunication,93,12th,14/03/2010,18/09/2014,Full Time,NITA,Motilal Nehru National Institute of Technology Allahabad,Electronics & Telecommunication,81,BE,20/07/2015,22/01/2018,Full Time,NITIE,NITIE Mumbai,Mining Engineering,87,ME,0,29/03/2017,19/09/2018,Full Time,Junior Technical Consultant,TCS,Manufacturing,AGRA,India,,,,,,,,,English,Good,Good,Good,Hindi,Good,Good,Good,Marathi,Good,Good,Good,Guddu,Software Engineer,London,8009800998,,,Naukri.com
88995,Major,Uday,Bhan,uday.bhan@mailinator.com413,7864823413,7894923645,13/04/1990,M,Single,PAN167694413,No,Behind Yaga Baba Hostel Baner,426194,KANPUR,India,579700,1340000,Mumbai,579000,2,1,30,12/06/2004,13/07/2006,Full Time,Uttar Pradesh State Board,Saraswati Vidya Mandir Kanpur,NA,92,10th,14/02/2007,25/03/2010,Full Time,Uttar Pradesh State Board,Radha Niketan College Kanpur,Electronics & Telecommunication,93,12th,14/03/2010,18/09/2014,Full Time,NITA,Motilal Nehru National Institute of Technology Allahabad,Electronics & Telecommunication,81,BE,20/07/2015,22/01/2018,Full Time,NITIE,NITIE Mumbai,Mining Engineering,87,ME,0,29/03/2017,19/09/2018,Full Time,Junior Technical Consultant,TCS,Manufacturing,AGRA,India,,,,,,,,,English,Good,Good,Good,Hindi,Good,Good,Good,Marathi,Good,Good,Good,Guddu,Software Engineer,London,8009800998,,,Naukri.com
88995,Major,Uday,Bhan,uday.bhan@mailinator.com414,7864823414,7894923645,13/04/1990,M,Single,PAN167694414,No,Behind Yaga Baba Hostel Baner,426194,KANPUR,India,579700,1340000,Mumbai,579000,2,1,30,12/06/2004,13/07/2006,Full Time,Uttar Pradesh State Board,Saraswati Vidya Mandir Kanpur,NA,92,10th,14/02/2007,25/03/2010,Full Time,Uttar Pradesh State Board,Radha Niketan College Kanpur,Electronics & Telecommunication,93,12th,14/03/2010,18/09/2014,Full Time,NITA,Motilal Nehru National Institute of Technology Allahabad,Electronics & Telecommunication,81,BE,20/07/2015,22/01/2018,Full Time,NITIE,NITIE Mumbai,Mining Engineering,87,ME,0,29/03/2017,19/09/2018,Full Time,Junior Technical Consultant,TCS,Manufacturing,AGRA,India,,,,,,,,,English,Good,Good,Good,Hindi,Good,Good,Good,Marathi,Good,Good,Good,Guddu,Software Engineer,London,8009800998,,,Naukri.com
88995,Major,Uday,Bhan,uday.bhan@mailinator.com415,7864823415,7894923645,13/04/1990,M,Single,PAN167694415,No,Behind Yaga Baba Hostel Baner,426194,KANPUR,India,579700,1340000,Mumbai,579000,2,1,30,12/06/2004,13/07/2006,Full Time,Uttar Pradesh State Board,Saraswati Vidya Mandir Kanpur,NA,92,10th,14/02/2007,25/03/2010,Full Time,Uttar Pradesh State Board,Radha Niketan College Kanpur,Electronics & Telecommunication,93,12th,14/03/2010,18/09/2014,Full Time,NITA,Motilal Nehru National Institute of Technology Allahabad,Electronics & Telecommunication,81,BE,20/07/2015,22/01/2018,Full Time,NITIE,NITIE Mumbai,Mining Engineering,87,ME,0,29/03/2017,19/09/2018,Full Time,Junior Technical Consultant,TCS,Manufacturing,AGRA,India,,,,,,,,,English,Good,Good,Good,Hindi,Good,Good,Good,Marathi,Good,Good,Good,Guddu,Software Engineer,London,8009800998,,,Naukri.com
88995,Major,Uday,Bhan,uday.bhan@mailinator.com416,7864823416,7894923645,13/04/1990,M,Single,PAN167694416,No,Behind Yaga Baba Hostel Baner,426194,KANPUR,India,579700,1340000,Mumbai,579000,2,1,30,12/06/2004,13/07/2006,Full Time,Uttar Pradesh State Board,Saraswati Vidya Mandir Kanpur,NA,92,10th,14/02/2007,25/03/2010,Full Time,Uttar Pradesh State Board,Radha Niketan College Kanpur,Electronics & Telecommunication,93,12th,14/03/2010,18/09/2014,Full Time,NITA,Motilal Nehru National Institute of Technology Allahabad,Electronics & Telecommunication,81,BE,20/07/2015,22/01/2018,Full Time,NITIE,NITIE Mumbai,Mining Engineering,87,ME,0,29/03/2017,19/09/2018,Full Time,Junior Technical Consultant,TCS,Manufacturing,AGRA,India,,,,,,,,,English,Good,Good,Good,Hindi,Good,Good,Good,Marathi,Good,Good,Good,Guddu,Software Engineer,London,8009800998,,,Naukri.com
88995,Major,Uday,Bhan,uday.bhan@mailinator.com417,7864823417,7894923645,13/04/1990,M,Single,PAN167694417,No,Behind Yaga Baba Hostel Baner,426194,KANPUR,India,579700,1340000,Mumbai,579000,2,1,30,12/06/2004,13/07/2006,Full Time,Uttar Pradesh State Board,Saraswati Vidya Mandir Kanpur,NA,92,10th,14/02/2007,25/03/2010,Full Time,Uttar Pradesh State Board,Radha Niketan College Kanpur,Electronics & Telecommunication,93,12th,14/03/2010,18/09/2014,Full Time,NITA,Motilal Nehru National Institute of Technology Allahabad,Electronics & Telecommunication,81,BE,20/07/2015,22/01/2018,Full Time,NITIE,NITIE Mumbai,Mining Engineering,87,ME,0,29/03/2017,19/09/2018,Full Time,Junior Technical Consultant,TCS,Manufacturing,AGRA,India,,,,,,,,,English,Good,Good,Good,Hindi,Good,Good,Good,Marathi,Good,Good,Good,Guddu,Software Engineer,London,8009800998,,,Naukri.com
88995,Major,Uday,Bhan,uday.bhan@mailinator.com418,7864823418,7894923645,13/04/1990,M,Single,PAN167694418,No,Behind Yaga Baba Hostel Baner,426194,KANPUR,India,579700,1340000,Mumbai,579000,2,1,30,12/06/2004,13/07/2006,Full Time,Uttar Pradesh State Board,Saraswati Vidya Mandir Kanpur,NA,92,10th,14/02/2007,25/03/2010,Full Time,Uttar Pradesh State Board,Radha Niketan College Kanpur,Electronics & Telecommunication,93,12th,14/03/2010,18/09/2014,Full Time,NITA,Motilal Nehru National Institute of Technology Allahabad,Electronics & Telecommunication,81,BE,20/07/2015,22/01/2018,Full Time,NITIE,NITIE Mumbai,Mining Engineering,87,ME,0,29/03/2017,19/09/2018,Full Time,Junior Technical Consultant,TCS,Manufacturing,AGRA,India,,,,,,,,,English,Good,Good,Good,Hindi,Good,Good,Good,Marathi,Good,Good,Good,Guddu,Software Engineer,London,8009800998,,,Naukri.com
88995,Major,Uday,Bhan,uday.bhan@mailinator.com419,7864823419,7894923645,13/04/1990,M,Single,PAN167694419,No,Behind Yaga Baba Hostel Baner,426194,KANPUR,India,579700,1340000,Mumbai,579000,2,1,30,12/06/2004,13/07/2006,Full Time,Uttar Pradesh State Board,Saraswati Vidya Mandir Kanpur,NA,92,10th,14/02/2007,25/03/2010,Full Time,Uttar Pradesh State Board,Radha Niketan College Kanpur,Electronics & Telecommunication,93,12th,14/03/2010,18/09/2014,Full Time,NITA,Motilal Nehru National Institute of Technology Allahabad,Electronics & Telecommunication,81,BE,20/07/2015,22/01/2018,Full Time,NITIE,NITIE Mumbai,Mining Engineering,87,ME,0,29/03/2017,19/09/2018,Full Time,Junior Technical Consultant,TCS,Manufacturing,AGRA,India,,,,,,,,,English,Good,Good,Good,Hindi,Good,Good,Good,Marathi,Good,Good,Good,Guddu,Software Engineer,London,8009800998,,,Naukri.com
88995,Major,Uday,Bhan,uday.bhan@mailinator.com420,7864823420,7894923645,13/04/1990,M,Single,PAN167694420,No,Behind Yaga Baba Hostel Baner,426194,KANPUR,India,579700,1340000,Mumbai,579000,2,1,30,12/06/2004,13/07/2006,Full Time,Uttar Pradesh State Board,Saraswati Vidya Mandir Kanpur,NA,92,10th,14/02/2007,25/03/2010,Full Time,Uttar Pradesh State Board,Radha Niketan College Kanpur,Electronics & Telecommunication,93,12th,14/03/2010,18/09/2014,Full Time,NITA,Motilal Nehru National Institute of Technology Allahabad,Electronics & Telecommunication,81,BE,20/07/2015,22/01/2018,Full Time,NITIE,NITIE Mumbai,Mining Engineering,87,ME,0,29/03/2017,19/09/2018,Full Time,Junior Technical Consultant,TCS,Manufacturing,AGRA,India,,,,,,,,,English,Good,Good,Good,Hindi,Good,Good,Good,Marathi,Good,Good,Good,Guddu,Software Engineer,London,8009800998,,,Naukri.com
88995,Major,Uday,Bhan,uday.bhan@mailinator.com421,7864823421,7894923645,13/04/1990,M,Single,PAN167694421,No,Behind Yaga Baba Hostel Baner,426194,KANPUR,India,579700,1340000,Mumbai,579000,2,1,30,12/06/2004,13/07/2006,Full Time,Uttar Pradesh State Board,Saraswati Vidya Mandir Kanpur,NA,92,10th,14/02/2007,25/03/2010,Full Time,Uttar Pradesh State Board,Radha Niketan College Kanpur,Electronics & Telecommunication,93,12th,14/03/2010,18/09/2014,Full Time,NITA,Motilal Nehru National Institute of Technology Allahabad,Electronics & Telecommunication,81,BE,20/07/2015,22/01/2018,Full Time,NITIE,NITIE Mumbai,Mining Engineering,87,ME,0,29/03/2017,19/09/2018,Full Time,Junior Technical Consultant,TCS,Manufacturing,AGRA,India,,,,,,,,,English,Good,Good,Good,Hindi,Good,Good,Good,Marathi,Good,Good,Good,Guddu,Software Engineer,London,8009800998,,,Naukri.com
88995,Major,Uday,Bhan,uday.bhan@mailinator.com422,7864823422,7894923645,13/04/1990,M,Single,PAN167694422,No,Behind Yaga Baba Hostel Baner,426194,KANPUR,India,579700,1340000,Mumbai,579000,2,1,30,12/06/2004,13/07/2006,Full Time,Uttar Pradesh State Board,Saraswati Vidya Mandir Kanpur,NA,92,10th,14/02/2007,25/03/2010,Full Time,Uttar Pradesh State Board,Radha Niketan College Kanpur,Electronics & Telecommunication,93,12th,14/03/2010,18/09/2014,Full Time,NITA,Motilal Nehru National Institute of Technology Allahabad,Electronics & Telecommunication,81,BE,20/07/2015,22/01/2018,Full Time,NITIE,NITIE Mumbai,Mining Engineering,87,ME,0,29/03/2017,19/09/2018,Full Time,Junior Technical Consultant,TCS,Manufacturing,AGRA,India,,,,,,,,,English,Good,Good,Good,Hindi,Good,Good,Good,Marathi,Good,Good,Good,Guddu,Software Engineer,London,8009800998,,,Naukri.com
88995,Major,Uday,Bhan,uday.bhan@mailinator.com423,7864823423,7894923645,13/04/1990,M,Single,PAN167694423,No,Behind Yaga Baba Hostel Baner,426194,KANPUR,India,579700,1340000,Mumbai,579000,2,1,30,12/06/2004,13/07/2006,Full Time,Uttar Pradesh State Board,Saraswati Vidya Mandir Kanpur,NA,92,10th,14/02/2007,25/03/2010,Full Time,Uttar Pradesh State Board,Radha Niketan College Kanpur,Electronics & Telecommunication,93,12th,14/03/2010,18/09/2014,Full Time,NITA,Motilal Nehru National Institute of Technology Allahabad,Electronics & Telecommunication,81,BE,20/07/2015,22/01/2018,Full Time,NITIE,NITIE Mumbai,Mining Engineering,87,ME,0,29/03/2017,19/09/2018,Full Time,Junior Technical Consultant,TCS,Manufacturing,AGRA,India,,,,,,,,,English,Good,Good,Good,Hindi,Good,Good,Good,Marathi,Good,Good,Good,Guddu,Software Engineer,London,8009800998,,,Naukri.com
88995,Major,Uday,Bhan,uday.bhan@mailinator.com424,7864823424,7894923645,13/04/1990,M,Single,PAN167694424,No,Behind Yaga Baba Hostel Baner,426194,KANPUR,India,579700,1340000,Mumbai,579000,2,1,30,12/06/2004,13/07/2006,Full Time,Uttar Pradesh State Board,Saraswati Vidya Mandir Kanpur,NA,92,10th,14/02/2007,25/03/2010,Full Time,Uttar Pradesh State Board,Radha Niketan College Kanpur,Electronics & Telecommunication,93,12th,14/03/2010,18/09/2014,Full Time,NITA,Motilal Nehru National Institute of Technology Allahabad,Electronics & Telecommunication,81,BE,20/07/2015,22/01/2018,Full Time,NITIE,NITIE Mumbai,Mining Engineering,87,ME,0,29/03/2017,19/09/2018,Full Time,Junior Technical Consultant,TCS,Manufacturing,AGRA,India,,,,,,,,,English,Good,Good,Good,Hindi,Good,Good,Good,Marathi,Good,Good,Good,Guddu,Software Engineer,London,8009800998,,,Naukri.com
88995,Major,Uday,Bhan,uday.bhan@mailinator.com425,7864823425,7894923645,13/04/1990,M,Single,PAN167694425,No,Behind Yaga Baba Hostel Baner,426194,KANPUR,India,579700,1340000,Mumbai,579000,2,1,30,12/06/2004,13/07/2006,Full Time,Uttar Pradesh State Board,Saraswati Vidya Mandir Kanpur,NA,92,10th,14/02/2007,25/03/2010,Full Time,Uttar Pradesh State Board,Radha Niketan College Kanpur,Electronics & Telecommunication,93,12th,14/03/2010,18/09/2014,Full Time,NITA,Motilal Nehru National Institute of Technology Allahabad,Electronics & Telecommunication,81,BE,20/07/2015,22/01/2018,Full Time,NITIE,NITIE Mumbai,Mining Engineering,87,ME,0,29/03/2017,19/09/2018,Full Time,Junior Technical Consultant,TCS,Manufacturing,AGRA,India,,,,,,,,,English,Good,Good,Good,Hindi,Good,Good,Good,Marathi,Good,Good,Good,Guddu,Software Engineer,London,8009800998,,,Naukri.com
88995,Major,Uday,Bhan,uday.bhan@mailinator.com426,7864823426,7894923645,13/04/1990,M,Single,PAN167694426,No,Behind Yaga Baba Hostel Baner,426194,KANPUR,India,579700,1340000,Mumbai,579000,2,1,30,12/06/2004,13/07/2006,Full Time,Uttar Pradesh State Board,Saraswati Vidya Mandir Kanpur,NA,92,10th,14/02/2007,25/03/2010,Full Time,Uttar Pradesh State Board,Radha Niketan College Kanpur,Electronics & Telecommunication,93,12th,14/03/2010,18/09/2014,Full Time,NITA,Motilal Nehru National Institute of Technology Allahabad,Electronics & Telecommunication,81,BE,20/07/2015,22/01/2018,Full Time,NITIE,NITIE Mumbai,Mining Engineering,87,ME,0,29/03/2017,19/09/2018,Full Time,Junior Technical Consultant,TCS,Manufacturing,AGRA,India,,,,,,,,,English,Good,Good,Good,Hindi,Good,Good,Good,Marathi,Good,Good,Good,Guddu,Software Engineer,London,8009800998,,,Naukri.com
88995,Major,Uday,Bhan,uday.bhan@mailinator.com427,7864823427,7894923645,13/04/1990,M,Single,PAN167694427,No,Behind Yaga Baba Hostel Baner,426194,KANPUR,India,579700,1340000,Mumbai,579000,2,1,30,12/06/2004,13/07/2006,Full Time,Uttar Pradesh State Board,Saraswati Vidya Mandir Kanpur,NA,92,10th,14/02/2007,25/03/2010,Full Time,Uttar Pradesh State Board,Radha Niketan College Kanpur,Electronics & Telecommunication,93,12th,14/03/2010,18/09/2014,Full Time,NITA,Motilal Nehru National Institute of Technology Allahabad,Electronics & Telecommunication,81,BE,20/07/2015,22/01/2018,Full Time,NITIE,NITIE Mumbai,Mining Engineering,87,ME,0,29/03/2017,19/09/2018,Full Time,Junior Technical Consultant,TCS,Manufacturing,AGRA,India,,,,,,,,,English,Good,Good,Good,Hindi,Good,Good,Good,Marathi,Good,Good,Good,Guddu,Software Engineer,London,8009800998,,,Naukri.com
88995,Major,Uday,Bhan,uday.bhan@mailinator.com428,7864823428,7894923645,13/04/1990,M,Single,PAN167694428,No,Behind Yaga Baba Hostel Baner,426194,KANPUR,India,579700,1340000,Mumbai,579000,2,1,30,12/06/2004,13/07/2006,Full Time,Uttar Pradesh State Board,Saraswati Vidya Mandir Kanpur,NA,92,10th,14/02/2007,25/03/2010,Full Time,Uttar Pradesh State Board,Radha Niketan College Kanpur,Electronics & Telecommunication,93,12th,14/03/2010,18/09/2014,Full Time,NITA,Motilal Nehru National Institute of Technology Allahabad,Electronics & Telecommunication,81,BE,20/07/2015,22/01/2018,Full Time,NITIE,NITIE Mumbai,Mining Engineering,87,ME,0,29/03/2017,19/09/2018,Full Time,Junior Technical Consultant,TCS,Manufacturing,AGRA,India,,,,,,,,,English,Good,Good,Good,Hindi,Good,Good,Good,Marathi,Good,Good,Good,Guddu,Software Engineer,London,8009800998,,,Naukri.com
88995,Major,Uday,Bhan,uday.bhan@mailinator.com429,7864823429,7894923645,13/04/1990,M,Single,PAN167694429,No,Behind Yaga Baba Hostel Baner,426194,KANPUR,India,579700,1340000,Mumbai,579000,2,1,30,12/06/2004,13/07/2006,Full Time,Uttar Pradesh State Board,Saraswati Vidya Mandir Kanpur,NA,92,10th,14/02/2007,25/03/2010,Full Time,Uttar Pradesh State Board,Radha Niketan College Kanpur,Electronics & Telecommunication,93,12th,14/03/2010,18/09/2014,Full Time,NITA,Motilal Nehru National Institute of Technology Allahabad,Electronics & Telecommunication,81,BE,20/07/2015,22/01/2018,Full Time,NITIE,NITIE Mumbai,Mining Engineering,87,ME,0,29/03/2017,19/09/2018,Full Time,Junior Technical Consultant,TCS,Manufacturing,AGRA,India,,,,,,,,,English,Good,Good,Good,Hindi,Good,Good,Good,Marathi,Good,Good,Good,Guddu,Software Engineer,London,8009800998,,,Naukri.com
88995,Major,Uday,Bhan,uday.bhan@mailinator.com430,7864823430,7894923645,13/04/1990,M,Single,PAN167694430,No,Behind Yaga Baba Hostel Baner,426194,KANPUR,India,579700,1340000,Mumbai,579000,2,1,30,12/06/2004,13/07/2006,Full Time,Uttar Pradesh State Board,Saraswati Vidya Mandir Kanpur,NA,92,10th,14/02/2007,25/03/2010,Full Time,Uttar Pradesh State Board,Radha Niketan College Kanpur,Electronics & Telecommunication,93,12th,14/03/2010,18/09/2014,Full Time,NITA,Motilal Nehru National Institute of Technology Allahabad,Electronics & Telecommunication,81,BE,20/07/2015,22/01/2018,Full Time,NITIE,NITIE Mumbai,Mining Engineering,87,ME,0,29/03/2017,19/09/2018,Full Time,Junior Technical Consultant,TCS,Manufacturing,AGRA,India,,,,,,,,,English,Good,Good,Good,Hindi,Good,Good,Good,Marathi,Good,Good,Good,Guddu,Software Engineer,London,8009800998,,,Naukri.com
88995,Major,Uday,Bhan,uday.bhan@mailinator.com431,7864823431,7894923645,13/04/1990,M,Single,PAN167694431,No,Behind Yaga Baba Hostel Baner,426194,KANPUR,India,579700,1340000,Mumbai,579000,2,1,30,12/06/2004,13/07/2006,Full Time,Uttar Pradesh State Board,Saraswati Vidya Mandir Kanpur,NA,92,10th,14/02/2007,25/03/2010,Full Time,Uttar Pradesh State Board,Radha Niketan College Kanpur,Electronics & Telecommunication,93,12th,14/03/2010,18/09/2014,Full Time,NITA,Motilal Nehru National Institute of Technology Allahabad,Electronics & Telecommunication,81,BE,20/07/2015,22/01/2018,Full Time,NITIE,NITIE Mumbai,Mining Engineering,87,ME,0,29/03/2017,19/09/2018,Full Time,Junior Technical Consultant,TCS,Manufacturing,AGRA,India,,,,,,,,,English,Good,Good,Good,Hindi,Good,Good,Good,Marathi,Good,Good,Good,Guddu,Software Engineer,London,8009800998,,,Naukri.com
88995,Major,Uday,Bhan,uday.bhan@mailinator.com432,7864823432,7894923645,13/04/1990,M,Single,PAN167694432,No,Behind Yaga Baba Hostel Baner,426194,KANPUR,India,579700,1340000,Mumbai,579000,2,1,30,12/06/2004,13/07/2006,Full Time,Uttar Pradesh State Board,Saraswati Vidya Mandir Kanpur,NA,92,10th,14/02/2007,25/03/2010,Full Time,Uttar Pradesh State Board,Radha Niketan College Kanpur,Electronics & Telecommunication,93,12th,14/03/2010,18/09/2014,Full Time,NITA,Motilal Nehru National Institute of Technology Allahabad,Electronics & Telecommunication,81,BE,20/07/2015,22/01/2018,Full Time,NITIE,NITIE Mumbai,Mining Engineering,87,ME,0,29/03/2017,19/09/2018,Full Time,Junior Technical Consultant,TCS,Manufacturing,AGRA,India,,,,,,,,,English,Good,Good,Good,Hindi,Good,Good,Good,Marathi,Good,Good,Good,Guddu,Software Engineer,London,8009800998,,,Naukri.com
88995,Major,Uday,Bhan,uday.bhan@mailinator.com433,7864823433,7894923645,13/04/1990,M,Single,PAN167694433,No,Behind Yaga Baba Hostel Baner,426194,KANPUR,India,579700,1340000,Mumbai,579000,2,1,30,12/06/2004,13/07/2006,Full Time,Uttar Pradesh State Board,Saraswati Vidya Mandir Kanpur,NA,92,10th,14/02/2007,25/03/2010,Full Time,Uttar Pradesh State Board,Radha Niketan College Kanpur,Electronics & Telecommunication,93,12th,14/03/2010,18/09/2014,Full Time,NITA,Motilal Nehru National Institute of Technology Allahabad,Electronics & Telecommunication,81,BE,20/07/2015,22/01/2018,Full Time,NITIE,NITIE Mumbai,Mining Engineering,87,ME,0,29/03/2017,19/09/2018,Full Time,Junior Technical Consultant,TCS,Manufacturing,AGRA,India,,,,,,,,,English,Good,Good,Good,Hindi,Good,Good,Good,Marathi,Good,Good,Good,Guddu,Software Engineer,London,8009800998,,,Naukri.com
88995,Major,Uday,Bhan,uday.bhan@mailinator.com434,7864823434,7894923645,13/04/1990,M,Single,PAN167694434,No,Behind Yaga Baba Hostel Baner,426194,KANPUR,India,579700,1340000,Mumbai,579000,2,1,30,12/06/2004,13/07/2006,Full Time,Uttar Pradesh State Board,Saraswati Vidya Mandir Kanpur,NA,92,10th,14/02/2007,25/03/2010,Full Time,Uttar Pradesh State Board,Radha Niketan College Kanpur,Electronics & Telecommunication,93,12th,14/03/2010,18/09/2014,Full Time,NITA,Motilal Nehru National Institute of Technology Allahabad,Electronics & Telecommunication,81,BE,20/07/2015,22/01/2018,Full Time,NITIE,NITIE Mumbai,Mining Engineering,87,ME,0,29/03/2017,19/09/2018,Full Time,Junior Technical Consultant,TCS,Manufacturing,AGRA,India,,,,,,,,,English,Good,Good,Good,Hindi,Good,Good,Good,Marathi,Good,Good,Good,Guddu,Software Engineer,London,8009800998,,,Naukri.com
88995,Major,Uday,Bhan,uday.bhan@mailinator.com435,7864823435,7894923645,13/04/1990,M,Single,PAN167694435,No,Behind Yaga Baba Hostel Baner,426194,KANPUR,India,579700,1340000,Mumbai,579000,2,1,30,12/06/2004,13/07/2006,Full Time,Uttar Pradesh State Board,Saraswati Vidya Mandir Kanpur,NA,92,10th,14/02/2007,25/03/2010,Full Time,Uttar Pradesh State Board,Radha Niketan College Kanpur,Electronics & Telecommunication,93,12th,14/03/2010,18/09/2014,Full Time,NITA,Motilal Nehru National Institute of Technology Allahabad,Electronics & Telecommunication,81,BE,20/07/2015,22/01/2018,Full Time,NITIE,NITIE Mumbai,Mining Engineering,87,ME,0,29/03/2017,19/09/2018,Full Time,Junior Technical Consultant,TCS,Manufacturing,AGRA,India,,,,,,,,,English,Good,Good,Good,Hindi,Good,Good,Good,Marathi,Good,Good,Good,Guddu,Software Engineer,London,8009800998,,,Naukri.com
88995,Major,Uday,Bhan,uday.bhan@mailinator.com436,7864823436,7894923645,13/04/1990,M,Single,PAN167694436,No,Behind Yaga Baba Hostel Baner,426194,KANPUR,India,579700,1340000,Mumbai,579000,2,1,30,12/06/2004,13/07/2006,Full Time,Uttar Pradesh State Board,Saraswati Vidya Mandir Kanpur,NA,92,10th,14/02/2007,25/03/2010,Full Time,Uttar Pradesh State Board,Radha Niketan College Kanpur,Electronics & Telecommunication,93,12th,14/03/2010,18/09/2014,Full Time,NITA,Motilal Nehru National Institute of Technology Allahabad,Electronics & Telecommunication,81,BE,20/07/2015,22/01/2018,Full Time,NITIE,NITIE Mumbai,Mining Engineering,87,ME,0,29/03/2017,19/09/2018,Full Time,Junior Technical Consultant,TCS,Manufacturing,AGRA,India,,,,,,,,,English,Good,Good,Good,Hindi,Good,Good,Good,Marathi,Good,Good,Good,Guddu,Software Engineer,London,8009800998,,,Naukri.com
88995,Major,Uday,Bhan,uday.bhan@mailinator.com437,7864823437,7894923645,13/04/1990,M,Single,PAN167694437,No,Behind Yaga Baba Hostel Baner,426194,KANPUR,India,579700,1340000,Mumbai,579000,2,1,30,12/06/2004,13/07/2006,Full Time,Uttar Pradesh State Board,Saraswati Vidya Mandir Kanpur,NA,92,10th,14/02/2007,25/03/2010,Full Time,Uttar Pradesh State Board,Radha Niketan College Kanpur,Electronics & Telecommunication,93,12th,14/03/2010,18/09/2014,Full Time,NITA,Motilal Nehru National Institute of Technology Allahabad,Electronics & Telecommunication,81,BE,20/07/2015,22/01/2018,Full Time,NITIE,NITIE Mumbai,Mining Engineering,87,ME,0,29/03/2017,19/09/2018,Full Time,Junior Technical Consultant,TCS,Manufacturing,AGRA,India,,,,,,,,,English,Good,Good,Good,Hindi,Good,Good,Good,Marathi,Good,Good,Good,Guddu,Software Engineer,London,8009800998,,,Naukri.com
88995,Major,Uday,Bhan,uday.bhan@mailinator.com438,7864823438,7894923645,13/04/1990,M,Single,PAN167694438,No,Behind Yaga Baba Hostel Baner,426194,KANPUR,India,579700,1340000,Mumbai,579000,2,1,30,12/06/2004,13/07/2006,Full Time,Uttar Pradesh State Board,Saraswati Vidya Mandir Kanpur,NA,92,10th,14/02/2007,25/03/2010,Full Time,Uttar Pradesh State Board,Radha Niketan College Kanpur,Electronics & Telecommunication,93,12th,14/03/2010,18/09/2014,Full Time,NITA,Motilal Nehru National Institute of Technology Allahabad,Electronics & Telecommunication,81,BE,20/07/2015,22/01/2018,Full Time,NITIE,NITIE Mumbai,Mining Engineering,87,ME,0,29/03/2017,19/09/2018,Full Time,Junior Technical Consultant,TCS,Manufacturing,AGRA,India,,,,,,,,,English,Good,Good,Good,Hindi,Good,Good,Good,Marathi,Good,Good,Good,Guddu,Software Engineer,London,8009800998,,,Naukri.com
88995,Major,Uday,Bhan,uday.bhan@mailinator.com439,7864823439,7894923645,13/04/1990,M,Single,PAN167694439,No,Behind Yaga Baba Hostel Baner,426194,KANPUR,India,579700,1340000,Mumbai,579000,2,1,30,12/06/2004,13/07/2006,Full Time,Uttar Pradesh State Board,Saraswati Vidya Mandir Kanpur,NA,92,10th,14/02/2007,25/03/2010,Full Time,Uttar Pradesh State Board,Radha Niketan College Kanpur,Electronics & Telecommunication,93,12th,14/03/2010,18/09/2014,Full Time,NITA,Motilal Nehru National Institute of Technology Allahabad,Electronics & Telecommunication,81,BE,20/07/2015,22/01/2018,Full Time,NITIE,NITIE Mumbai,Mining Engineering,87,ME,0,29/03/2017,19/09/2018,Full Time,Junior Technical Consultant,TCS,Manufacturing,AGRA,India,,,,,,,,,English,Good,Good,Good,Hindi,Good,Good,Good,Marathi,Good,Good,Good,Guddu,Software Engineer,London,8009800998,,,Naukri.com
88995,Major,Uday,Bhan,uday.bhan@mailinator.com440,7864823440,7894923645,13/04/1990,M,Single,PAN167694440,No,Behind Yaga Baba Hostel Baner,426194,KANPUR,India,579700,1340000,Mumbai,579000,2,1,30,12/06/2004,13/07/2006,Full Time,Uttar Pradesh State Board,Saraswati Vidya Mandir Kanpur,NA,92,10th,14/02/2007,25/03/2010,Full Time,Uttar Pradesh State Board,Radha Niketan College Kanpur,Electronics & Telecommunication,93,12th,14/03/2010,18/09/2014,Full Time,NITA,Motilal Nehru National Institute of Technology Allahabad,Electronics & Telecommunication,81,BE,20/07/2015,22/01/2018,Full Time,NITIE,NITIE Mumbai,Mining Engineering,87,ME,0,29/03/2017,19/09/2018,Full Time,Junior Technical Consultant,TCS,Manufacturing,AGRA,India,,,,,,,,,English,Good,Good,Good,Hindi,Good,Good,Good,Marathi,Good,Good,Good,Guddu,Software Engineer,London,8009800998,,,Naukri.com
88995,Major,Uday,Bhan,uday.bhan@mailinator.com441,7864823441,7894923645,13/04/1990,M,Single,PAN167694441,No,Behind Yaga Baba Hostel Baner,426194,KANPUR,India,579700,1340000,Mumbai,579000,2,1,30,12/06/2004,13/07/2006,Full Time,Uttar Pradesh State Board,Saraswati Vidya Mandir Kanpur,NA,92,10th,14/02/2007,25/03/2010,Full Time,Uttar Pradesh State Board,Radha Niketan College Kanpur,Electronics & Telecommunication,93,12th,14/03/2010,18/09/2014,Full Time,NITA,Motilal Nehru National Institute of Technology Allahabad,Electronics & Telecommunication,81,BE,20/07/2015,22/01/2018,Full Time,NITIE,NITIE Mumbai,Mining Engineering,87,ME,0,29/03/2017,19/09/2018,Full Time,Junior Technical Consultant,TCS,Manufacturing,AGRA,India,,,,,,,,,English,Good,Good,Good,Hindi,Good,Good,Good,Marathi,Good,Good,Good,Guddu,Software Engineer,London,8009800998,,,Naukri.com
88995,Major,Uday,Bhan,uday.bhan@mailinator.com442,7864823442,7894923645,13/04/1990,M,Single,PAN167694442,No,Behind Yaga Baba Hostel Baner,426194,KANPUR,India,579700,1340000,Mumbai,579000,2,1,30,12/06/2004,13/07/2006,Full Time,Uttar Pradesh State Board,Saraswati Vidya Mandir Kanpur,NA,92,10th,14/02/2007,25/03/2010,Full Time,Uttar Pradesh State Board,Radha Niketan College Kanpur,Electronics & Telecommunication,93,12th,14/03/2010,18/09/2014,Full Time,NITA,Motilal Nehru National Institute of Technology Allahabad,Electronics & Telecommunication,81,BE,20/07/2015,22/01/2018,Full Time,NITIE,NITIE Mumbai,Mining Engineering,87,ME,0,29/03/2017,19/09/2018,Full Time,Junior Technical Consultant,TCS,Manufacturing,AGRA,India,,,,,,,,,English,Good,Good,Good,Hindi,Good,Good,Good,Marathi,Good,Good,Good,Guddu,Software Engineer,London,8009800998,,,Naukri.com
88995,Major,Uday,Bhan,uday.bhan@mailinator.com443,7864823443,7894923645,13/04/1990,M,Single,PAN167694443,No,Behind Yaga Baba Hostel Baner,426194,KANPUR,India,579700,1340000,Mumbai,579000,2,1,30,12/06/2004,13/07/2006,Full Time,Uttar Pradesh State Board,Saraswati Vidya Mandir Kanpur,NA,92,10th,14/02/2007,25/03/2010,Full Time,Uttar Pradesh State Board,Radha Niketan College Kanpur,Electronics & Telecommunication,93,12th,14/03/2010,18/09/2014,Full Time,NITA,Motilal Nehru National Institute of Technology Allahabad,Electronics & Telecommunication,81,BE,20/07/2015,22/01/2018,Full Time,NITIE,NITIE Mumbai,Mining Engineering,87,ME,0,29/03/2017,19/09/2018,Full Time,Junior Technical Consultant,TCS,Manufacturing,AGRA,India,,,,,,,,,English,Good,Good,Good,Hindi,Good,Good,Good,Marathi,Good,Good,Good,Guddu,Software Engineer,London,8009800998,,,Naukri.com
88995,Major,Uday,Bhan,uday.bhan@mailinator.com444,7864823444,7894923645,13/04/1990,M,Single,PAN167694444,No,Behind Yaga Baba Hostel Baner,426194,KANPUR,India,579700,1340000,Mumbai,579000,2,1,30,12/06/2004,13/07/2006,Full Time,Uttar Pradesh State Board,Saraswati Vidya Mandir Kanpur,NA,92,10th,14/02/2007,25/03/2010,Full Time,Uttar Pradesh State Board,Radha Niketan College Kanpur,Electronics & Telecommunication,93,12th,14/03/2010,18/09/2014,Full Time,NITA,Motilal Nehru National Institute of Technology Allahabad,Electronics & Telecommunication,81,BE,20/07/2015,22/01/2018,Full Time,NITIE,NITIE Mumbai,Mining Engineering,87,ME,0,29/03/2017,19/09/2018,Full Time,Junior Technical Consultant,TCS,Manufacturing,AGRA,India,,,,,,,,,English,Good,Good,Good,Hindi,Good,Good,Good,Marathi,Good,Good,Good,Guddu,Software Engineer,London,8009800998,,,Naukri.com
88995,Major,Uday,Bhan,uday.bhan@mailinator.com445,7864823445,7894923645,13/04/1990,M,Single,PAN167694445,No,Behind Yaga Baba Hostel Baner,426194,KANPUR,India,579700,1340000,Mumbai,579000,2,1,30,12/06/2004,13/07/2006,Full Time,Uttar Pradesh State Board,Saraswati Vidya Mandir Kanpur,NA,92,10th,14/02/2007,25/03/2010,Full Time,Uttar Pradesh State Board,Radha Niketan College Kanpur,Electronics & Telecommunication,93,12th,14/03/2010,18/09/2014,Full Time,NITA,Motilal Nehru National Institute of Technology Allahabad,Electronics & Telecommunication,81,BE,20/07/2015,22/01/2018,Full Time,NITIE,NITIE Mumbai,Mining Engineering,87,ME,0,29/03/2017,19/09/2018,Full Time,Junior Technical Consultant,TCS,Manufacturing,AGRA,India,,,,,,,,,English,Good,Good,Good,Hindi,Good,Good,Good,Marathi,Good,Good,Good,Guddu,Software Engineer,London,8009800998,,,Naukri.com
88995,Major,Uday,Bhan,uday.bhan@mailinator.com446,7864823446,7894923645,13/04/1990,M,Single,PAN167694446,No,Behind Yaga Baba Hostel Baner,426194,KANPUR,India,579700,1340000,Mumbai,579000,2,1,30,12/06/2004,13/07/2006,Full Time,Uttar Pradesh State Board,Saraswati Vidya Mandir Kanpur,NA,92,10th,14/02/2007,25/03/2010,Full Time,Uttar Pradesh State Board,Radha Niketan College Kanpur,Electronics & Telecommunication,93,12th,14/03/2010,18/09/2014,Full Time,NITA,Motilal Nehru National Institute of Technology Allahabad,Electronics & Telecommunication,81,BE,20/07/2015,22/01/2018,Full Time,NITIE,NITIE Mumbai,Mining Engineering,87,ME,0,29/03/2017,19/09/2018,Full Time,Junior Technical Consultant,TCS,Manufacturing,AGRA,India,,,,,,,,,English,Good,Good,Good,Hindi,Good,Good,Good,Marathi,Good,Good,Good,Guddu,Software Engineer,London,8009800998,,,Naukri.com
88995,Major,Uday,Bhan,uday.bhan@mailinator.com447,7864823447,7894923645,13/04/1990,M,Single,PAN167694447,No,Behind Yaga Baba Hostel Baner,426194,KANPUR,India,579700,1340000,Mumbai,579000,2,1,30,12/06/2004,13/07/2006,Full Time,Uttar Pradesh State Board,Saraswati Vidya Mandir Kanpur,NA,92,10th,14/02/2007,25/03/2010,Full Time,Uttar Pradesh State Board,Radha Niketan College Kanpur,Electronics & Telecommunication,93,12th,14/03/2010,18/09/2014,Full Time,NITA,Motilal Nehru National Institute of Technology Allahabad,Electronics & Telecommunication,81,BE,20/07/2015,22/01/2018,Full Time,NITIE,NITIE Mumbai,Mining Engineering,87,ME,0,29/03/2017,19/09/2018,Full Time,Junior Technical Consultant,TCS,Manufacturing,AGRA,India,,,,,,,,,English,Good,Good,Good,Hindi,Good,Good,Good,Marathi,Good,Good,Good,Guddu,Software Engineer,London,8009800998,,,Naukri.com
88995,Major,Uday,Bhan,uday.bhan@mailinator.com448,7864823448,7894923645,13/04/1990,M,Single,PAN167694448,No,Behind Yaga Baba Hostel Baner,426194,KANPUR,India,579700,1340000,Mumbai,579000,2,1,30,12/06/2004,13/07/2006,Full Time,Uttar Pradesh State Board,Saraswati Vidya Mandir Kanpur,NA,92,10th,14/02/2007,25/03/2010,Full Time,Uttar Pradesh State Board,Radha Niketan College Kanpur,Electronics & Telecommunication,93,12th,14/03/2010,18/09/2014,Full Time,NITA,Motilal Nehru National Institute of Technology Allahabad,Electronics & Telecommunication,81,BE,20/07/2015,22/01/2018,Full Time,NITIE,NITIE Mumbai,Mining Engineering,87,ME,0,29/03/2017,19/09/2018,Full Time,Junior Technical Consultant,TCS,Manufacturing,AGRA,India,,,,,,,,,English,Good,Good,Good,Hindi,Good,Good,Good,Marathi,Good,Good,Good,Guddu,Software Engineer,London,8009800998,,,Naukri.com
88995,Major,Uday,Bhan,uday.bhan@mailinator.com449,7864823449,7894923645,13/04/1990,M,Single,PAN167694449,No,Behind Yaga Baba Hostel Baner,426194,KANPUR,India,579700,1340000,Mumbai,579000,2,1,30,12/06/2004,13/07/2006,Full Time,Uttar Pradesh State Board,Saraswati Vidya Mandir Kanpur,NA,92,10th,14/02/2007,25/03/2010,Full Time,Uttar Pradesh State Board,Radha Niketan College Kanpur,Electronics & Telecommunication,93,12th,14/03/2010,18/09/2014,Full Time,NITA,Motilal Nehru National Institute of Technology Allahabad,Electronics & Telecommunication,81,BE,20/07/2015,22/01/2018,Full Time,NITIE,NITIE Mumbai,Mining Engineering,87,ME,0,29/03/2017,19/09/2018,Full Time,Junior Technical Consultant,TCS,Manufacturing,AGRA,India,,,,,,,,,English,Good,Good,Good,Hindi,Good,Good,Good,Marathi,Good,Good,Good,Guddu,Software Engineer,London,8009800998,,,Naukri.com
88995,Major,Uday,Bhan,uday.bhan@mailinator.com450,7864823450,7894923645,13/04/1990,M,Single,PAN167694450,No,Behind Yaga Baba Hostel Baner,426194,KANPUR,India,579700,1340000,Mumbai,579000,2,1,30,12/06/2004,13/07/2006,Full Time,Uttar Pradesh State Board,Saraswati Vidya Mandir Kanpur,NA,92,10th,14/02/2007,25/03/2010,Full Time,Uttar Pradesh State Board,Radha Niketan College Kanpur,Electronics & Telecommunication,93,12th,14/03/2010,18/09/2014,Full Time,NITA,Motilal Nehru National Institute of Technology Allahabad,Electronics & Telecommunication,81,BE,20/07/2015,22/01/2018,Full Time,NITIE,NITIE Mumbai,Mining Engineering,87,ME,0,29/03/2017,19/09/2018,Full Time,Junior Technical Consultant,TCS,Manufacturing,AGRA,India,,,,,,,,,English,Good,Good,Good,Hindi,Good,Good,Good,Marathi,Good,Good,Good,Guddu,Software Engineer,London,8009800998,,,Naukri.com
88995,Major,Uday,Bhan,uday.bhan@mailinator.com451,7864823451,7894923645,13/04/1990,M,Single,PAN167694451,No,Behind Yaga Baba Hostel Baner,426194,KANPUR,India,579700,1340000,Mumbai,579000,2,1,30,12/06/2004,13/07/2006,Full Time,Uttar Pradesh State Board,Saraswati Vidya Mandir Kanpur,NA,92,10th,14/02/2007,25/03/2010,Full Time,Uttar Pradesh State Board,Radha Niketan College Kanpur,Electronics & Telecommunication,93,12th,14/03/2010,18/09/2014,Full Time,NITA,Motilal Nehru National Institute of Technology Allahabad,Electronics & Telecommunication,81,BE,20/07/2015,22/01/2018,Full Time,NITIE,NITIE Mumbai,Mining Engineering,87,ME,0,29/03/2017,19/09/2018,Full Time,Junior Technical Consultant,TCS,Manufacturing,AGRA,India,,,,,,,,,English,Good,Good,Good,Hindi,Good,Good,Good,Marathi,Good,Good,Good,Guddu,Software Engineer,London,8009800998,,,Naukri.com
88995,Major,Uday,Bhan,uday.bhan@mailinator.com452,7864823452,7894923645,13/04/1990,M,Single,PAN167694452,No,Behind Yaga Baba Hostel Baner,426194,KANPUR,India,579700,1340000,Mumbai,579000,2,1,30,12/06/2004,13/07/2006,Full Time,Uttar Pradesh State Board,Saraswati Vidya Mandir Kanpur,NA,92,10th,14/02/2007,25/03/2010,Full Time,Uttar Pradesh State Board,Radha Niketan College Kanpur,Electronics & Telecommunication,93,12th,14/03/2010,18/09/2014,Full Time,NITA,Motilal Nehru National Institute of Technology Allahabad,Electronics & Telecommunication,81,BE,20/07/2015,22/01/2018,Full Time,NITIE,NITIE Mumbai,Mining Engineering,87,ME,0,29/03/2017,19/09/2018,Full Time,Junior Technical Consultant,TCS,Manufacturing,AGRA,India,,,,,,,,,English,Good,Good,Good,Hindi,Good,Good,Good,Marathi,Good,Good,Good,Guddu,Software Engineer,London,8009800998,,,Naukri.com
88995,Major,Uday,Bhan,uday.bhan@mailinator.com453,7864823453,7894923645,13/04/1990,M,Single,PAN167694453,No,Behind Yaga Baba Hostel Baner,426194,KANPUR,India,579700,1340000,Mumbai,579000,2,1,30,12/06/2004,13/07/2006,Full Time,Uttar Pradesh State Board,Saraswati Vidya Mandir Kanpur,NA,92,10th,14/02/2007,25/03/2010,Full Time,Uttar Pradesh State Board,Radha Niketan College Kanpur,Electronics & Telecommunication,93,12th,14/03/2010,18/09/2014,Full Time,NITA,Motilal Nehru National Institute of Technology Allahabad,Electronics & Telecommunication,81,BE,20/07/2015,22/01/2018,Full Time,NITIE,NITIE Mumbai,Mining Engineering,87,ME,0,29/03/2017,19/09/2018,Full Time,Junior Technical Consultant,TCS,Manufacturing,AGRA,India,,,,,,,,,English,Good,Good,Good,Hindi,Good,Good,Good,Marathi,Good,Good,Good,Guddu,Software Engineer,London,8009800998,,,Naukri.com
88995,Major,Uday,Bhan,uday.bhan@mailinator.com454,7864823454,7894923645,13/04/1990,M,Single,PAN167694454,No,Behind Yaga Baba Hostel Baner,426194,KANPUR,India,579700,1340000,Mumbai,579000,2,1,30,12/06/2004,13/07/2006,Full Time,Uttar Pradesh State Board,Saraswati Vidya Mandir Kanpur,NA,92,10th,14/02/2007,25/03/2010,Full Time,Uttar Pradesh State Board,Radha Niketan College Kanpur,Electronics & Telecommunication,93,12th,14/03/2010,18/09/2014,Full Time,NITA,Motilal Nehru National Institute of Technology Allahabad,Electronics & Telecommunication,81,BE,20/07/2015,22/01/2018,Full Time,NITIE,NITIE Mumbai,Mining Engineering,87,ME,0,29/03/2017,19/09/2018,Full Time,Junior Technical Consultant,TCS,Manufacturing,AGRA,India,,,,,,,,,English,Good,Good,Good,Hindi,Good,Good,Good,Marathi,Good,Good,Good,Guddu,Software Engineer,London,8009800998,,,Naukri.com
88995,Major,Uday,Bhan,uday.bhan@mailinator.com455,7864823455,7894923645,13/04/1990,M,Single,PAN167694455,No,Behind Yaga Baba Hostel Baner,426194,KANPUR,India,579700,1340000,Mumbai,579000,2,1,30,12/06/2004,13/07/2006,Full Time,Uttar Pradesh State Board,Saraswati Vidya Mandir Kanpur,NA,92,10th,14/02/2007,25/03/2010,Full Time,Uttar Pradesh State Board,Radha Niketan College Kanpur,Electronics & Telecommunication,93,12th,14/03/2010,18/09/2014,Full Time,NITA,Motilal Nehru National Institute of Technology Allahabad,Electronics & Telecommunication,81,BE,20/07/2015,22/01/2018,Full Time,NITIE,NITIE Mumbai,Mining Engineering,87,ME,0,29/03/2017,19/09/2018,Full Time,Junior Technical Consultant,TCS,Manufacturing,AGRA,India,,,,,,,,,English,Good,Good,Good,Hindi,Good,Good,Good,Marathi,Good,Good,Good,Guddu,Software Engineer,London,8009800998,,,Naukri.com
88995,Major,Uday,Bhan,uday.bhan@mailinator.com456,7864823456,7894923645,13/04/1990,M,Single,PAN167694456,No,Behind Yaga Baba Hostel Baner,426194,KANPUR,India,579700,1340000,Mumbai,579000,2,1,30,12/06/2004,13/07/2006,Full Time,Uttar Pradesh State Board,Saraswati Vidya Mandir Kanpur,NA,92,10th,14/02/2007,25/03/2010,Full Time,Uttar Pradesh State Board,Radha Niketan College Kanpur,Electronics & Telecommunication,93,12th,14/03/2010,18/09/2014,Full Time,NITA,Motilal Nehru National Institute of Technology Allahabad,Electronics & Telecommunication,81,BE,20/07/2015,22/01/2018,Full Time,NITIE,NITIE Mumbai,Mining Engineering,87,ME,0,29/03/2017,19/09/2018,Full Time,Junior Technical Consultant,TCS,Manufacturing,AGRA,India,,,,,,,,,English,Good,Good,Good,Hindi,Good,Good,Good,Marathi,Good,Good,Good,Guddu,Software Engineer,London,8009800998,,,Naukri.com
88995,Major,Uday,Bhan,uday.bhan@mailinator.com457,7864823457,7894923645,13/04/1990,M,Single,PAN167694457,No,Behind Yaga Baba Hostel Baner,426194,KANPUR,India,579700,1340000,Mumbai,579000,2,1,30,12/06/2004,13/07/2006,Full Time,Uttar Pradesh State Board,Saraswati Vidya Mandir Kanpur,NA,92,10th,14/02/2007,25/03/2010,Full Time,Uttar Pradesh State Board,Radha Niketan College Kanpur,Electronics & Telecommunication,93,12th,14/03/2010,18/09/2014,Full Time,NITA,Motilal Nehru National Institute of Technology Allahabad,Electronics & Telecommunication,81,BE,20/07/2015,22/01/2018,Full Time,NITIE,NITIE Mumbai,Mining Engineering,87,ME,0,29/03/2017,19/09/2018,Full Time,Junior Technical Consultant,TCS,Manufacturing,AGRA,India,,,,,,,,,English,Good,Good,Good,Hindi,Good,Good,Good,Marathi,Good,Good,Good,Guddu,Software Engineer,London,8009800998,,,Naukri.com
88995,Major,Uday,Bhan,uday.bhan@mailinator.com458,7864823458,7894923645,13/04/1990,M,Single,PAN167694458,No,Behind Yaga Baba Hostel Baner,426194,KANPUR,India,579700,1340000,Mumbai,579000,2,1,30,12/06/2004,13/07/2006,Full Time,Uttar Pradesh State Board,Saraswati Vidya Mandir Kanpur,NA,92,10th,14/02/2007,25/03/2010,Full Time,Uttar Pradesh State Board,Radha Niketan College Kanpur,Electronics & Telecommunication,93,12th,14/03/2010,18/09/2014,Full Time,NITA,Motilal Nehru National Institute of Technology Allahabad,Electronics & Telecommunication,81,BE,20/07/2015,22/01/2018,Full Time,NITIE,NITIE Mumbai,Mining Engineering,87,ME,0,29/03/2017,19/09/2018,Full Time,Junior Technical Consultant,TCS,Manufacturing,AGRA,India,,,,,,,,,English,Good,Good,Good,Hindi,Good,Good,Good,Marathi,Good,Good,Good,Guddu,Software Engineer,London,8009800998,,,Naukri.com
88995,Major,Uday,Bhan,uday.bhan@mailinator.com459,7864823459,7894923645,13/04/1990,M,Single,PAN167694459,No,Behind Yaga Baba Hostel Baner,426194,KANPUR,India,579700,1340000,Mumbai,579000,2,1,30,12/06/2004,13/07/2006,Full Time,Uttar Pradesh State Board,Saraswati Vidya Mandir Kanpur,NA,92,10th,14/02/2007,25/03/2010,Full Time,Uttar Pradesh State Board,Radha Niketan College Kanpur,Electronics & Telecommunication,93,12th,14/03/2010,18/09/2014,Full Time,NITA,Motilal Nehru National Institute of Technology Allahabad,Electronics & Telecommunication,81,BE,20/07/2015,22/01/2018,Full Time,NITIE,NITIE Mumbai,Mining Engineering,87,ME,0,29/03/2017,19/09/2018,Full Time,Junior Technical Consultant,TCS,Manufacturing,AGRA,India,,,,,,,,,English,Good,Good,Good,Hindi,Good,Good,Good,Marathi,Good,Good,Good,Guddu,Software Engineer,London,8009800998,,,Naukri.com
88995,Major,Uday,Bhan,uday.bhan@mailinator.com460,7864823460,7894923645,13/04/1990,M,Single,PAN167694460,No,Behind Yaga Baba Hostel Baner,426194,KANPUR,India,579700,1340000,Mumbai,579000,2,1,30,12/06/2004,13/07/2006,Full Time,Uttar Pradesh State Board,Saraswati Vidya Mandir Kanpur,NA,92,10th,14/02/2007,25/03/2010,Full Time,Uttar Pradesh State Board,Radha Niketan College Kanpur,Electronics & Telecommunication,93,12th,14/03/2010,18/09/2014,Full Time,NITA,Motilal Nehru National Institute of Technology Allahabad,Electronics & Telecommunication,81,BE,20/07/2015,22/01/2018,Full Time,NITIE,NITIE Mumbai,Mining Engineering,87,ME,0,29/03/2017,19/09/2018,Full Time,Junior Technical Consultant,TCS,Manufacturing,AGRA,India,,,,,,,,,English,Good,Good,Good,Hindi,Good,Good,Good,Marathi,Good,Good,Good,Guddu,Software Engineer,London,8009800998,,,Naukri.com
88995,Major,Uday,Bhan,uday.bhan@mailinator.com461,7864823461,7894923645,13/04/1990,M,Single,PAN167694461,No,Behind Yaga Baba Hostel Baner,426194,KANPUR,India,579700,1340000,Mumbai,579000,2,1,30,12/06/2004,13/07/2006,Full Time,Uttar Pradesh State Board,Saraswati Vidya Mandir Kanpur,NA,92,10th,14/02/2007,25/03/2010,Full Time,Uttar Pradesh State Board,Radha Niketan College Kanpur,Electronics & Telecommunication,93,12th,14/03/2010,18/09/2014,Full Time,NITA,Motilal Nehru National Institute of Technology Allahabad,Electronics & Telecommunication,81,BE,20/07/2015,22/01/2018,Full Time,NITIE,NITIE Mumbai,Mining Engineering,87,ME,0,29/03/2017,19/09/2018,Full Time,Junior Technical Consultant,TCS,Manufacturing,AGRA,India,,,,,,,,,English,Good,Good,Good,Hindi,Good,Good,Good,Marathi,Good,Good,Good,Guddu,Software Engineer,London,8009800998,,,Naukri.com
88995,Major,Uday,Bhan,uday.bhan@mailinator.com462,7864823462,7894923645,13/04/1990,M,Single,PAN167694462,No,Behind Yaga Baba Hostel Baner,426194,KANPUR,India,579700,1340000,Mumbai,579000,2,1,30,12/06/2004,13/07/2006,Full Time,Uttar Pradesh State Board,Saraswati Vidya Mandir Kanpur,NA,92,10th,14/02/2007,25/03/2010,Full Time,Uttar Pradesh State Board,Radha Niketan College Kanpur,Electronics & Telecommunication,93,12th,14/03/2010,18/09/2014,Full Time,NITA,Motilal Nehru National Institute of Technology Allahabad,Electronics & Telecommunication,81,BE,20/07/2015,22/01/2018,Full Time,NITIE,NITIE Mumbai,Mining Engineering,87,ME,0,29/03/2017,19/09/2018,Full Time,Junior Technical Consultant,TCS,Manufacturing,AGRA,India,,,,,,,,,English,Good,Good,Good,Hindi,Good,Good,Good,Marathi,Good,Good,Good,Guddu,Software Engineer,London,8009800998,,,Naukri.com
88995,Major,Uday,Bhan,uday.bhan@mailinator.com463,7864823463,7894923645,13/04/1990,M,Single,PAN167694463,No,Behind Yaga Baba Hostel Baner,426194,KANPUR,India,579700,1340000,Mumbai,579000,2,1,30,12/06/2004,13/07/2006,Full Time,Uttar Pradesh State Board,Saraswati Vidya Mandir Kanpur,NA,92,10th,14/02/2007,25/03/2010,Full Time,Uttar Pradesh State Board,Radha Niketan College Kanpur,Electronics & Telecommunication,93,12th,14/03/2010,18/09/2014,Full Time,NITA,Motilal Nehru National Institute of Technology Allahabad,Electronics & Telecommunication,81,BE,20/07/2015,22/01/2018,Full Time,NITIE,NITIE Mumbai,Mining Engineering,87,ME,0,29/03/2017,19/09/2018,Full Time,Junior Technical Consultant,TCS,Manufacturing,AGRA,India,,,,,,,,,English,Good,Good,Good,Hindi,Good,Good,Good,Marathi,Good,Good,Good,Guddu,Software Engineer,London,8009800998,,,Naukri.com
88995,Major,Uday,Bhan,uday.bhan@mailinator.com464,7864823464,7894923645,13/04/1990,M,Single,PAN167694464,No,Behind Yaga Baba Hostel Baner,426194,KANPUR,India,579700,1340000,Mumbai,579000,2,1,30,12/06/2004,13/07/2006,Full Time,Uttar Pradesh State Board,Saraswati Vidya Mandir Kanpur,NA,92,10th,14/02/2007,25/03/2010,Full Time,Uttar Pradesh State Board,Radha Niketan College Kanpur,Electronics & Telecommunication,93,12th,14/03/2010,18/09/2014,Full Time,NITA,Motilal Nehru National Institute of Technology Allahabad,Electronics & Telecommunication,81,BE,20/07/2015,22/01/2018,Full Time,NITIE,NITIE Mumbai,Mining Engineering,87,ME,0,29/03/2017,19/09/2018,Full Time,Junior Technical Consultant,TCS,Manufacturing,AGRA,India,,,,,,,,,English,Good,Good,Good,Hindi,Good,Good,Good,Marathi,Good,Good,Good,Guddu,Software Engineer,London,8009800998,,,Naukri.com
88995,Major,Uday,Bhan,uday.bhan@mailinator.com465,7864823465,7894923645,13/04/1990,M,Single,PAN167694465,No,Behind Yaga Baba Hostel Baner,426194,KANPUR,India,579700,1340000,Mumbai,579000,2,1,30,12/06/2004,13/07/2006,Full Time,Uttar Pradesh State Board,Saraswati Vidya Mandir Kanpur,NA,92,10th,14/02/2007,25/03/2010,Full Time,Uttar Pradesh State Board,Radha Niketan College Kanpur,Electronics & Telecommunication,93,12th,14/03/2010,18/09/2014,Full Time,NITA,Motilal Nehru National Institute of Technology Allahabad,Electronics & Telecommunication,81,BE,20/07/2015,22/01/2018,Full Time,NITIE,NITIE Mumbai,Mining Engineering,87,ME,0,29/03/2017,19/09/2018,Full Time,Junior Technical Consultant,TCS,Manufacturing,AGRA,India,,,,,,,,,English,Good,Good,Good,Hindi,Good,Good,Good,Marathi,Good,Good,Good,Guddu,Software Engineer,London,8009800998,,,Naukri.com
88995,Major,Uday,Bhan,uday.bhan@mailinator.com466,7864823466,7894923645,13/04/1990,M,Single,PAN167694466,No,Behind Yaga Baba Hostel Baner,426194,KANPUR,India,579700,1340000,Mumbai,579000,2,1,30,12/06/2004,13/07/2006,Full Time,Uttar Pradesh State Board,Saraswati Vidya Mandir Kanpur,NA,92,10th,14/02/2007,25/03/2010,Full Time,Uttar Pradesh State Board,Radha Niketan College Kanpur,Electronics & Telecommunication,93,12th,14/03/2010,18/09/2014,Full Time,NITA,Motilal Nehru National Institute of Technology Allahabad,Electronics & Telecommunication,81,BE,20/07/2015,22/01/2018,Full Time,NITIE,NITIE Mumbai,Mining Engineering,87,ME,0,29/03/2017,19/09/2018,Full Time,Junior Technical Consultant,TCS,Manufacturing,AGRA,India,,,,,,,,,English,Good,Good,Good,Hindi,Good,Good,Good,Marathi,Good,Good,Good,Guddu,Software Engineer,London,8009800998,,,Naukri.com
88995,Major,Uday,Bhan,uday.bhan@mailinator.com467,7864823467,7894923645,13/04/1990,M,Single,PAN167694467,No,Behind Yaga Baba Hostel Baner,426194,KANPUR,India,579700,1340000,Mumbai,579000,2,1,30,12/06/2004,13/07/2006,Full Time,Uttar Pradesh State Board,Saraswati Vidya Mandir Kanpur,NA,92,10th,14/02/2007,25/03/2010,Full Time,Uttar Pradesh State Board,Radha Niketan College Kanpur,Electronics & Telecommunication,93,12th,14/03/2010,18/09/2014,Full Time,NITA,Motilal Nehru National Institute of Technology Allahabad,Electronics & Telecommunication,81,BE,20/07/2015,22/01/2018,Full Time,NITIE,NITIE Mumbai,Mining Engineering,87,ME,0,29/03/2017,19/09/2018,Full Time,Junior Technical Consultant,TCS,Manufacturing,AGRA,India,,,,,,,,,English,Good,Good,Good,Hindi,Good,Good,Good,Marathi,Good,Good,Good,Guddu,Software Engineer,London,8009800998,,,Naukri.com
88995,Major,Uday,Bhan,uday.bhan@mailinator.com468,7864823468,7894923645,13/04/1990,M,Single,PAN167694468,No,Behind Yaga Baba Hostel Baner,426194,KANPUR,India,579700,1340000,Mumbai,579000,2,1,30,12/06/2004,13/07/2006,Full Time,Uttar Pradesh State Board,Saraswati Vidya Mandir Kanpur,NA,92,10th,14/02/2007,25/03/2010,Full Time,Uttar Pradesh State Board,Radha Niketan College Kanpur,Electronics & Telecommunication,93,12th,14/03/2010,18/09/2014,Full Time,NITA,Motilal Nehru National Institute of Technology Allahabad,Electronics & Telecommunication,81,BE,20/07/2015,22/01/2018,Full Time,NITIE,NITIE Mumbai,Mining Engineering,87,ME,0,29/03/2017,19/09/2018,Full Time,Junior Technical Consultant,TCS,Manufacturing,AGRA,India,,,,,,,,,English,Good,Good,Good,Hindi,Good,Good,Good,Marathi,Good,Good,Good,Guddu,Software Engineer,London,8009800998,,,Naukri.com
88995,Major,Uday,Bhan,uday.bhan@mailinator.com469,7864823469,7894923645,13/04/1990,M,Single,PAN167694469,No,Behind Yaga Baba Hostel Baner,426194,KANPUR,India,579700,1340000,Mumbai,579000,2,1,30,12/06/2004,13/07/2006,Full Time,Uttar Pradesh State Board,Saraswati Vidya Mandir Kanpur,NA,92,10th,14/02/2007,25/03/2010,Full Time,Uttar Pradesh State Board,Radha Niketan College Kanpur,Electronics & Telecommunication,93,12th,14/03/2010,18/09/2014,Full Time,NITA,Motilal Nehru National Institute of Technology Allahabad,Electronics & Telecommunication,81,BE,20/07/2015,22/01/2018,Full Time,NITIE,NITIE Mumbai,Mining Engineering,87,ME,0,29/03/2017,19/09/2018,Full Time,Junior Technical Consultant,TCS,Manufacturing,AGRA,India,,,,,,,,,English,Good,Good,Good,Hindi,Good,Good,Good,Marathi,Good,Good,Good,Guddu,Software Engineer,London,8009800998,,,Naukri.com
88995,Major,Uday,Bhan,uday.bhan@mailinator.com470,7864823470,7894923645,13/04/1990,M,Single,PAN167694470,No,Behind Yaga Baba Hostel Baner,426194,KANPUR,India,579700,1340000,Mumbai,579000,2,1,30,12/06/2004,13/07/2006,Full Time,Uttar Pradesh State Board,Saraswati Vidya Mandir Kanpur,NA,92,10th,14/02/2007,25/03/2010,Full Time,Uttar Pradesh State Board,Radha Niketan College Kanpur,Electronics & Telecommunication,93,12th,14/03/2010,18/09/2014,Full Time,NITA,Motilal Nehru National Institute of Technology Allahabad,Electronics & Telecommunication,81,BE,20/07/2015,22/01/2018,Full Time,NITIE,NITIE Mumbai,Mining Engineering,87,ME,0,29/03/2017,19/09/2018,Full Time,Junior Technical Consultant,TCS,Manufacturing,AGRA,India,,,,,,,,,English,Good,Good,Good,Hindi,Good,Good,Good,Marathi,Good,Good,Good,Guddu,Software Engineer,London,8009800998,,,Naukri.com
88995,Major,Uday,Bhan,uday.bhan@mailinator.com471,7864823471,7894923645,13/04/1990,M,Single,PAN167694471,No,Behind Yaga Baba Hostel Baner,426194,KANPUR,India,579700,1340000,Mumbai,579000,2,1,30,12/06/2004,13/07/2006,Full Time,Uttar Pradesh State Board,Saraswati Vidya Mandir Kanpur,NA,92,10th,14/02/2007,25/03/2010,Full Time,Uttar Pradesh State Board,Radha Niketan College Kanpur,Electronics & Telecommunication,93,12th,14/03/2010,18/09/2014,Full Time,NITA,Motilal Nehru National Institute of Technology Allahabad,Electronics & Telecommunication,81,BE,20/07/2015,22/01/2018,Full Time,NITIE,NITIE Mumbai,Mining Engineering,87,ME,0,29/03/2017,19/09/2018,Full Time,Junior Technical Consultant,TCS,Manufacturing,AGRA,India,,,,,,,,,English,Good,Good,Good,Hindi,Good,Good,Good,Marathi,Good,Good,Good,Guddu,Software Engineer,London,8009800998,,,Naukri.com
88995,Major,Uday,Bhan,uday.bhan@mailinator.com472,7864823472,7894923645,13/04/1990,M,Single,PAN167694472,No,Behind Yaga Baba Hostel Baner,426194,KANPUR,India,579700,1340000,Mumbai,579000,2,1,30,12/06/2004,13/07/2006,Full Time,Uttar Pradesh State Board,Saraswati Vidya Mandir Kanpur,NA,92,10th,14/02/2007,25/03/2010,Full Time,Uttar Pradesh State Board,Radha Niketan College Kanpur,Electronics & Telecommunication,93,12th,14/03/2010,18/09/2014,Full Time,NITA,Motilal Nehru National Institute of Technology Allahabad,Electronics & Telecommunication,81,BE,20/07/2015,22/01/2018,Full Time,NITIE,NITIE Mumbai,Mining Engineering,87,ME,0,29/03/2017,19/09/2018,Full Time,Junior Technical Consultant,TCS,Manufacturing,AGRA,India,,,,,,,,,English,Good,Good,Good,Hindi,Good,Good,Good,Marathi,Good,Good,Good,Guddu,Software Engineer,London,8009800998,,,Naukri.com
88995,Major,Uday,Bhan,uday.bhan@mailinator.com473,7864823473,7894923645,13/04/1990,M,Single,PAN167694473,No,Behind Yaga Baba Hostel Baner,426194,KANPUR,India,579700,1340000,Mumbai,579000,2,1,30,12/06/2004,13/07/2006,Full Time,Uttar Pradesh State Board,Saraswati Vidya Mandir Kanpur,NA,92,10th,14/02/2007,25/03/2010,Full Time,Uttar Pradesh State Board,Radha Niketan College Kanpur,Electronics & Telecommunication,93,12th,14/03/2010,18/09/2014,Full Time,NITA,Motilal Nehru National Institute of Technology Allahabad,Electronics & Telecommunication,81,BE,20/07/2015,22/01/2018,Full Time,NITIE,NITIE Mumbai,Mining Engineering,87,ME,0,29/03/2017,19/09/2018,Full Time,Junior Technical Consultant,TCS,Manufacturing,AGRA,India,,,,,,,,,English,Good,Good,Good,Hindi,Good,Good,Good,Marathi,Good,Good,Good,Guddu,Software Engineer,London,8009800998,,,Naukri.com
88995,Major,Uday,Bhan,uday.bhan@mailinator.com474,7864823474,7894923645,13/04/1990,M,Single,PAN167694474,No,Behind Yaga Baba Hostel Baner,426194,KANPUR,India,579700,1340000,Mumbai,579000,2,1,30,12/06/2004,13/07/2006,Full Time,Uttar Pradesh State Board,Saraswati Vidya Mandir Kanpur,NA,92,10th,14/02/2007,25/03/2010,Full Time,Uttar Pradesh State Board,Radha Niketan College Kanpur,Electronics & Telecommunication,93,12th,14/03/2010,18/09/2014,Full Time,NITA,Motilal Nehru National Institute of Technology Allahabad,Electronics & Telecommunication,81,BE,20/07/2015,22/01/2018,Full Time,NITIE,NITIE Mumbai,Mining Engineering,87,ME,0,29/03/2017,19/09/2018,Full Time,Junior Technical Consultant,TCS,Manufacturing,AGRA,India,,,,,,,,,English,Good,Good,Good,Hindi,Good,Good,Good,Marathi,Good,Good,Good,Guddu,Software Engineer,London,8009800998,,,Naukri.com
88995,Major,Uday,Bhan,uday.bhan@mailinator.com475,7864823475,7894923645,13/04/1990,M,Single,PAN167694475,No,Behind Yaga Baba Hostel Baner,426194,KANPUR,India,579700,1340000,Mumbai,579000,2,1,30,12/06/2004,13/07/2006,Full Time,Uttar Pradesh State Board,Saraswati Vidya Mandir Kanpur,NA,92,10th,14/02/2007,25/03/2010,Full Time,Uttar Pradesh State Board,Radha Niketan College Kanpur,Electronics & Telecommunication,93,12th,14/03/2010,18/09/2014,Full Time,NITA,Motilal Nehru National Institute of Technology Allahabad,Electronics & Telecommunication,81,BE,20/07/2015,22/01/2018,Full Time,NITIE,NITIE Mumbai,Mining Engineering,87,ME,0,29/03/2017,19/09/2018,Full Time,Junior Technical Consultant,TCS,Manufacturing,AGRA,India,,,,,,,,,English,Good,Good,Good,Hindi,Good,Good,Good,Marathi,Good,Good,Good,Guddu,Software Engineer,London,8009800998,,,Naukri.com
88995,Major,Uday,Bhan,uday.bhan@mailinator.com476,7864823476,7894923645,13/04/1990,M,Single,PAN167694476,No,Behind Yaga Baba Hostel Baner,426194,KANPUR,India,579700,1340000,Mumbai,579000,2,1,30,12/06/2004,13/07/2006,Full Time,Uttar Pradesh State Board,Saraswati Vidya Mandir Kanpur,NA,92,10th,14/02/2007,25/03/2010,Full Time,Uttar Pradesh State Board,Radha Niketan College Kanpur,Electronics & Telecommunication,93,12th,14/03/2010,18/09/2014,Full Time,NITA,Motilal Nehru National Institute of Technology Allahabad,Electronics & Telecommunication,81,BE,20/07/2015,22/01/2018,Full Time,NITIE,NITIE Mumbai,Mining Engineering,87,ME,0,29/03/2017,19/09/2018,Full Time,Junior Technical Consultant,TCS,Manufacturing,AGRA,India,,,,,,,,,English,Good,Good,Good,Hindi,Good,Good,Good,Marathi,Good,Good,Good,Guddu,Software Engineer,London,8009800998,,,Naukri.com
88995,Major,Uday,Bhan,uday.bhan@mailinator.com477,7864823477,7894923645,13/04/1990,M,Single,PAN167694477,No,Behind Yaga Baba Hostel Baner,426194,KANPUR,India,579700,1340000,Mumbai,579000,2,1,30,12/06/2004,13/07/2006,Full Time,Uttar Pradesh State Board,Saraswati Vidya Mandir Kanpur,NA,92,10th,14/02/2007,25/03/2010,Full Time,Uttar Pradesh State Board,Radha Niketan College Kanpur,Electronics & Telecommunication,93,12th,14/03/2010,18/09/2014,Full Time,NITA,Motilal Nehru National Institute of Technology Allahabad,Electronics & Telecommunication,81,BE,20/07/2015,22/01/2018,Full Time,NITIE,NITIE Mumbai,Mining Engineering,87,ME,0,29/03/2017,19/09/2018,Full Time,Junior Technical Consultant,TCS,Manufacturing,AGRA,India,,,,,,,,,English,Good,Good,Good,Hindi,Good,Good,Good,Marathi,Good,Good,Good,Guddu,Software Engineer,London,8009800998,,,Naukri.com
88995,Major,Uday,Bhan,uday.bhan@mailinator.com478,7864823478,7894923645,13/04/1990,M,Single,PAN167694478,No,Behind Yaga Baba Hostel Baner,426194,KANPUR,India,579700,1340000,Mumbai,579000,2,1,30,12/06/2004,13/07/2006,Full Time,Uttar Pradesh State Board,Saraswati Vidya Mandir Kanpur,NA,92,10th,14/02/2007,25/03/2010,Full Time,Uttar Pradesh State Board,Radha Niketan College Kanpur,Electronics & Telecommunication,93,12th,14/03/2010,18/09/2014,Full Time,NITA,Motilal Nehru National Institute of Technology Allahabad,Electronics & Telecommunication,81,BE,20/07/2015,22/01/2018,Full Time,NITIE,NITIE Mumbai,Mining Engineering,87,ME,0,29/03/2017,19/09/2018,Full Time,Junior Technical Consultant,TCS,Manufacturing,AGRA,India,,,,,,,,,English,Good,Good,Good,Hindi,Good,Good,Good,Marathi,Good,Good,Good,Guddu,Software Engineer,London,8009800998,,,Naukri.com
88995,Major,Uday,Bhan,uday.bhan@mailinator.com479,7864823479,7894923645,13/04/1990,M,Single,PAN167694479,No,Behind Yaga Baba Hostel Baner,426194,KANPUR,India,579700,1340000,Mumbai,579000,2,1,30,12/06/2004,13/07/2006,Full Time,Uttar Pradesh State Board,Saraswati Vidya Mandir Kanpur,NA,92,10th,14/02/2007,25/03/2010,Full Time,Uttar Pradesh State Board,Radha Niketan College Kanpur,Electronics & Telecommunication,93,12th,14/03/2010,18/09/2014,Full Time,NITA,Motilal Nehru National Institute of Technology Allahabad,Electronics & Telecommunication,81,BE,20/07/2015,22/01/2018,Full Time,NITIE,NITIE Mumbai,Mining Engineering,87,ME,0,29/03/2017,19/09/2018,Full Time,Junior Technical Consultant,TCS,Manufacturing,AGRA,India,,,,,,,,,English,Good,Good,Good,Hindi,Good,Good,Good,Marathi,Good,Good,Good,Guddu,Software Engineer,London,8009800998,,,Naukri.com
88995,Major,Uday,Bhan,uday.bhan@mailinator.com480,7864823480,7894923645,13/04/1990,M,Single,PAN167694480,No,Behind Yaga Baba Hostel Baner,426194,KANPUR,India,579700,1340000,Mumbai,579000,2,1,30,12/06/2004,13/07/2006,Full Time,Uttar Pradesh State Board,Saraswati Vidya Mandir Kanpur,NA,92,10th,14/02/2007,25/03/2010,Full Time,Uttar Pradesh State Board,Radha Niketan College Kanpur,Electronics & Telecommunication,93,12th,14/03/2010,18/09/2014,Full Time,NITA,Motilal Nehru National Institute of Technology Allahabad,Electronics & Telecommunication,81,BE,20/07/2015,22/01/2018,Full Time,NITIE,NITIE Mumbai,Mining Engineering,87,ME,0,29/03/2017,19/09/2018,Full Time,Junior Technical Consultant,TCS,Manufacturing,AGRA,India,,,,,,,,,English,Good,Good,Good,Hindi,Good,Good,Good,Marathi,Good,Good,Good,Guddu,Software Engineer,London,8009800998,,,Naukri.com
88995,Major,Uday,Bhan,uday.bhan@mailinator.com481,7864823481,7894923645,13/04/1990,M,Single,PAN167694481,No,Behind Yaga Baba Hostel Baner,426194,KANPUR,India,579700,1340000,Mumbai,579000,2,1,30,12/06/2004,13/07/2006,Full Time,Uttar Pradesh State Board,Saraswati Vidya Mandir Kanpur,NA,92,10th,14/02/2007,25/03/2010,Full Time,Uttar Pradesh State Board,Radha Niketan College Kanpur,Electronics & Telecommunication,93,12th,14/03/2010,18/09/2014,Full Time,NITA,Motilal Nehru National Institute of Technology Allahabad,Electronics & Telecommunication,81,BE,20/07/2015,22/01/2018,Full Time,NITIE,NITIE Mumbai,Mining Engineering,87,ME,0,29/03/2017,19/09/2018,Full Time,Junior Technical Consultant,TCS,Manufacturing,AGRA,India,,,,,,,,,English,Good,Good,Good,Hindi,Good,Good,Good,Marathi,Good,Good,Good,Guddu,Software Engineer,London,8009800998,,,Naukri.com
88995,Major,Uday,Bhan,uday.bhan@mailinator.com482,7864823482,7894923645,13/04/1990,M,Single,PAN167694482,No,Behind Yaga Baba Hostel Baner,426194,KANPUR,India,579700,1340000,Mumbai,579000,2,1,30,12/06/2004,13/07/2006,Full Time,Uttar Pradesh State Board,Saraswati Vidya Mandir Kanpur,NA,92,10th,14/02/2007,25/03/2010,Full Time,Uttar Pradesh State Board,Radha Niketan College Kanpur,Electronics & Telecommunication,93,12th,14/03/2010,18/09/2014,Full Time,NITA,Motilal Nehru National Institute of Technology Allahabad,Electronics & Telecommunication,81,BE,20/07/2015,22/01/2018,Full Time,NITIE,NITIE Mumbai,Mining Engineering,87,ME,0,29/03/2017,19/09/2018,Full Time,Junior Technical Consultant,TCS,Manufacturing,AGRA,India,,,,,,,,,English,Good,Good,Good,Hindi,Good,Good,Good,Marathi,Good,Good,Good,Guddu,Software Engineer,London,8009800998,,,Naukri.com
88995,Major,Uday,Bhan,uday.bhan@mailinator.com483,7864823483,7894923645,13/04/1990,M,Single,PAN167694483,No,Behind Yaga Baba Hostel Baner,426194,KANPUR,India,579700,1340000,Mumbai,579000,2,1,30,12/06/2004,13/07/2006,Full Time,Uttar Pradesh State Board,Saraswati Vidya Mandir Kanpur,NA,92,10th,14/02/2007,25/03/2010,Full Time,Uttar Pradesh State Board,Radha Niketan College Kanpur,Electronics & Telecommunication,93,12th,14/03/2010,18/09/2014,Full Time,NITA,Motilal Nehru National Institute of Technology Allahabad,Electronics & Telecommunication,81,BE,20/07/2015,22/01/2018,Full Time,NITIE,NITIE Mumbai,Mining Engineering,87,ME,0,29/03/2017,19/09/2018,Full Time,Junior Technical Consultant,TCS,Manufacturing,AGRA,India,,,,,,,,,English,Good,Good,Good,Hindi,Good,Good,Good,Marathi,Good,Good,Good,Guddu,Software Engineer,London,8009800998,,,Naukri.com
88995,Major,Uday,Bhan,uday.bhan@mailinator.com484,7864823484,7894923645,13/04/1990,M,Single,PAN167694484,No,Behind Yaga Baba Hostel Baner,426194,KANPUR,India,579700,1340000,Mumbai,579000,2,1,30,12/06/2004,13/07/2006,Full Time,Uttar Pradesh State Board,Saraswati Vidya Mandir Kanpur,NA,92,10th,14/02/2007,25/03/2010,Full Time,Uttar Pradesh State Board,Radha Niketan College Kanpur,Electronics & Telecommunication,93,12th,14/03/2010,18/09/2014,Full Time,NITA,Motilal Nehru National Institute of Technology Allahabad,Electronics & Telecommunication,81,BE,20/07/2015,22/01/2018,Full Time,NITIE,NITIE Mumbai,Mining Engineering,87,ME,0,29/03/2017,19/09/2018,Full Time,Junior Technical Consultant,TCS,Manufacturing,AGRA,India,,,,,,,,,English,Good,Good,Good,Hindi,Good,Good,Good,Marathi,Good,Good,Good,Guddu,Software Engineer,London,8009800998,,,Naukri.com
88995,Major,Uday,Bhan,uday.bhan@mailinator.com485,7864823485,7894923645,13/04/1990,M,Single,PAN167694485,No,Behind Yaga Baba Hostel Baner,426194,KANPUR,India,579700,1340000,Mumbai,579000,2,1,30,12/06/2004,13/07/2006,Full Time,Uttar Pradesh State Board,Saraswati Vidya Mandir Kanpur,NA,92,10th,14/02/2007,25/03/2010,Full Time,Uttar Pradesh State Board,Radha Niketan College Kanpur,Electronics & Telecommunication,93,12th,14/03/2010,18/09/2014,Full Time,NITA,Motilal Nehru National Institute of Technology Allahabad,Electronics & Telecommunication,81,BE,20/07/2015,22/01/2018,Full Time,NITIE,NITIE Mumbai,Mining Engineering,87,ME,0,29/03/2017,19/09/2018,Full Time,Junior Technical Consultant,TCS,Manufacturing,AGRA,India,,,,,,,,,English,Good,Good,Good,Hindi,Good,Good,Good,Marathi,Good,Good,Good,Guddu,Software Engineer,London,8009800998,,,Naukri.com
88995,Major,Uday,Bhan,uday.bhan@mailinator.com486,7864823486,7894923645,13/04/1990,M,Single,PAN167694486,No,Behind Yaga Baba Hostel Baner,426194,KANPUR,India,579700,1340000,Mumbai,579000,2,1,30,12/06/2004,13/07/2006,Full Time,Uttar Pradesh State Board,Saraswati Vidya Mandir Kanpur,NA,92,10th,14/02/2007,25/03/2010,Full Time,Uttar Pradesh State Board,Radha Niketan College Kanpur,Electronics & Telecommunication,93,12th,14/03/2010,18/09/2014,Full Time,NITA,Motilal Nehru National Institute of Technology Allahabad,Electronics & Telecommunication,81,BE,20/07/2015,22/01/2018,Full Time,NITIE,NITIE Mumbai,Mining Engineering,87,ME,0,29/03/2017,19/09/2018,Full Time,Junior Technical Consultant,TCS,Manufacturing,AGRA,India,,,,,,,,,English,Good,Good,Good,Hindi,Good,Good,Good,Marathi,Good,Good,Good,Guddu,Software Engineer,London,8009800998,,,Naukri.com
88995,Major,Uday,Bhan,uday.bhan@mailinator.com487,7864823487,7894923645,13/04/1990,M,Single,PAN167694487,No,Behind Yaga Baba Hostel Baner,426194,KANPUR,India,579700,1340000,Mumbai,579000,2,1,30,12/06/2004,13/07/2006,Full Time,Uttar Pradesh State Board,Saraswati Vidya Mandir Kanpur,NA,92,10th,14/02/2007,25/03/2010,Full Time,Uttar Pradesh State Board,Radha Niketan College Kanpur,Electronics & Telecommunication,93,12th,14/03/2010,18/09/2014,Full Time,NITA,Motilal Nehru National Institute of Technology Allahabad,Electronics & Telecommunication,81,BE,20/07/2015,22/01/2018,Full Time,NITIE,NITIE Mumbai,Mining Engineering,87,ME,0,29/03/2017,19/09/2018,Full Time,Junior Technical Consultant,TCS,Manufacturing,AGRA,India,,,,,,,,,English,Good,Good,Good,Hindi,Good,Good,Good,Marathi,Good,Good,Good,Guddu,Software Engineer,London,8009800998,,,Naukri.com
88995,Major,Uday,Bhan,uday.bhan@mailinator.com488,7864823488,7894923645,13/04/1990,M,Single,PAN167694488,No,Behind Yaga Baba Hostel Baner,426194,KANPUR,India,579700,1340000,Mumbai,579000,2,1,30,12/06/2004,13/07/2006,Full Time,Uttar Pradesh State Board,Saraswati Vidya Mandir Kanpur,NA,92,10th,14/02/2007,25/03/2010,Full Time,Uttar Pradesh State Board,Radha Niketan College Kanpur,Electronics & Telecommunication,93,12th,14/03/2010,18/09/2014,Full Time,NITA,Motilal Nehru National Institute of Technology Allahabad,Electronics & Telecommunication,81,BE,20/07/2015,22/01/2018,Full Time,NITIE,NITIE Mumbai,Mining Engineering,87,ME,0,29/03/2017,19/09/2018,Full Time,Junior Technical Consultant,TCS,Manufacturing,AGRA,India,,,,,,,,,English,Good,Good,Good,Hindi,Good,Good,Good,Marathi,Good,Good,Good,Guddu,Software Engineer,London,8009800998,,,Naukri.com
88995,Major,Uday,Bhan,uday.bhan@mailinator.com489,7864823489,7894923645,13/04/1990,M,Single,PAN167694489,No,Behind Yaga Baba Hostel Baner,426194,KANPUR,India,579700,1340000,Mumbai,579000,2,1,30,12/06/2004,13/07/2006,Full Time,Uttar Pradesh State Board,Saraswati Vidya Mandir Kanpur,NA,92,10th,14/02/2007,25/03/2010,Full Time,Uttar Pradesh State Board,Radha Niketan College Kanpur,Electronics & Telecommunication,93,12th,14/03/2010,18/09/2014,Full Time,NITA,Motilal Nehru National Institute of Technology Allahabad,Electronics & Telecommunication,81,BE,20/07/2015,22/01/2018,Full Time,NITIE,NITIE Mumbai,Mining Engineering,87,ME,0,29/03/2017,19/09/2018,Full Time,Junior Technical Consultant,TCS,Manufacturing,AGRA,India,,,,,,,,,English,Good,Good,Good,Hindi,Good,Good,Good,Marathi,Good,Good,Good,Guddu,Software Engineer,London,8009800998,,,Naukri.com
88995,Major,Uday,Bhan,uday.bhan@mailinator.com490,7864823490,7894923645,13/04/1990,M,Single,PAN167694490,No,Behind Yaga Baba Hostel Baner,426194,KANPUR,India,579700,1340000,Mumbai,579000,2,1,30,12/06/2004,13/07/2006,Full Time,Uttar Pradesh State Board,Saraswati Vidya Mandir Kanpur,NA,92,10th,14/02/2007,25/03/2010,Full Time,Uttar Pradesh State Board,Radha Niketan College Kanpur,Electronics & Telecommunication,93,12th,14/03/2010,18/09/2014,Full Time,NITA,Motilal Nehru National Institute of Technology Allahabad,Electronics & Telecommunication,81,BE,20/07/2015,22/01/2018,Full Time,NITIE,NITIE Mumbai,Mining Engineering,87,ME,0,29/03/2017,19/09/2018,Full Time,Junior Technical Consultant,TCS,Manufacturing,AGRA,India,,,,,,,,,English,Good,Good,Good,Hindi,Good,Good,Good,Marathi,Good,Good,Good,Guddu,Software Engineer,London,8009800998,,,Naukri.com
88995,Major,Uday,Bhan,uday.bhan@mailinator.com491,7864823491,7894923645,13/04/1990,M,Single,PAN167694491,No,Behind Yaga Baba Hostel Baner,426194,KANPUR,India,579700,1340000,Mumbai,579000,2,1,30,12/06/2004,13/07/2006,Full Time,Uttar Pradesh State Board,Saraswati Vidya Mandir Kanpur,NA,92,10th,14/02/2007,25/03/2010,Full Time,Uttar Pradesh State Board,Radha Niketan College Kanpur,Electronics & Telecommunication,93,12th,14/03/2010,18/09/2014,Full Time,NITA,Motilal Nehru National Institute of Technology Allahabad,Electronics & Telecommunication,81,BE,20/07/2015,22/01/2018,Full Time,NITIE,NITIE Mumbai,Mining Engineering,87,ME,0,29/03/2017,19/09/2018,Full Time,Junior Technical Consultant,TCS,Manufacturing,AGRA,India,,,,,,,,,English,Good,Good,Good,Hindi,Good,Good,Good,Marathi,Good,Good,Good,Guddu,Software Engineer,London,8009800998,,,Naukri.com
88995,Major,Uday,Bhan,uday.bhan@mailinator.com492,7864823492,7894923645,13/04/1990,M,Single,PAN167694492,No,Behind Yaga Baba Hostel Baner,426194,KANPUR,India,579700,1340000,Mumbai,579000,2,1,30,12/06/2004,13/07/2006,Full Time,Uttar Pradesh State Board,Saraswati Vidya Mandir Kanpur,NA,92,10th,14/02/2007,25/03/2010,Full Time,Uttar Pradesh State Board,Radha Niketan College Kanpur,Electronics & Telecommunication,93,12th,14/03/2010,18/09/2014,Full Time,NITA,Motilal Nehru National Institute of Technology Allahabad,Electronics & Telecommunication,81,BE,20/07/2015,22/01/2018,Full Time,NITIE,NITIE Mumbai,Mining Engineering,87,ME,0,29/03/2017,19/09/2018,Full Time,Junior Technical Consultant,TCS,Manufacturing,AGRA,India,,,,,,,,,English,Good,Good,Good,Hindi,Good,Good,Good,Marathi,Good,Good,Good,Guddu,Software Engineer,London,8009800998,,,Naukri.com
88995,Major,Uday,Bhan,uday.bhan@mailinator.com493,7864823493,7894923645,13/04/1990,M,Single,PAN167694493,No,Behind Yaga Baba Hostel Baner,426194,KANPUR,India,579700,1340000,Mumbai,579000,2,1,30,12/06/2004,13/07/2006,Full Time,Uttar Pradesh State Board,Saraswati Vidya Mandir Kanpur,NA,92,10th,14/02/2007,25/03/2010,Full Time,Uttar Pradesh State Board,Radha Niketan College Kanpur,Electronics & Telecommunication,93,12th,14/03/2010,18/09/2014,Full Time,NITA,Motilal Nehru National Institute of Technology Allahabad,Electronics & Telecommunication,81,BE,20/07/2015,22/01/2018,Full Time,NITIE,NITIE Mumbai,Mining Engineering,87,ME,0,29/03/2017,19/09/2018,Full Time,Junior Technical Consultant,TCS,Manufacturing,AGRA,India,,,,,,,,,English,Good,Good,Good,Hindi,Good,Good,Good,Marathi,Good,Good,Good,Guddu,Software Engineer,London,8009800998,,,Naukri.com
88995,Major,Uday,Bhan,uday.bhan@mailinator.com494,7864823494,7894923645,13/04/1990,M,Single,PAN167694494,No,Behind Yaga Baba Hostel Baner,426194,KANPUR,India,579700,1340000,Mumbai,579000,2,1,30,12/06/2004,13/07/2006,Full Time,Uttar Pradesh State Board,Saraswati Vidya Mandir Kanpur,NA,92,10th,14/02/2007,25/03/2010,Full Time,Uttar Pradesh State Board,Radha Niketan College Kanpur,Electronics & Telecommunication,93,12th,14/03/2010,18/09/2014,Full Time,NITA,Motilal Nehru National Institute of Technology Allahabad,Electronics & Telecommunication,81,BE,20/07/2015,22/01/2018,Full Time,NITIE,NITIE Mumbai,Mining Engineering,87,ME,0,29/03/2017,19/09/2018,Full Time,Junior Technical Consultant,TCS,Manufacturing,AGRA,India,,,,,,,,,English,Good,Good,Good,Hindi,Good,Good,Good,Marathi,Good,Good,Good,Guddu,Software Engineer,London,8009800998,,,Naukri.com
88995,Major,Uday,Bhan,uday.bhan@mailinator.com495,7864823495,7894923645,13/04/1990,M,Single,PAN167694495,No,Behind Yaga Baba Hostel Baner,426194,KANPUR,India,579700,1340000,Mumbai,579000,2,1,30,12/06/2004,13/07/2006,Full Time,Uttar Pradesh State Board,Saraswati Vidya Mandir Kanpur,NA,92,10th,14/02/2007,25/03/2010,Full Time,Uttar Pradesh State Board,Radha Niketan College Kanpur,Electronics & Telecommunication,93,12th,14/03/2010,18/09/2014,Full Time,NITA,Motilal Nehru National Institute of Technology Allahabad,Electronics & Telecommunication,81,BE,20/07/2015,22/01/2018,Full Time,NITIE,NITIE Mumbai,Mining Engineering,87,ME,0,29/03/2017,19/09/2018,Full Time,Junior Technical Consultant,TCS,Manufacturing,AGRA,India,,,,,,,,,English,Good,Good,Good,Hindi,Good,Good,Good,Marathi,Good,Good,Good,Guddu,Software Engineer,London,8009800998,,,Naukri.com
88995,Major,Uday,Bhan,uday.bhan@mailinator.com496,7864823496,7894923645,13/04/1990,M,Single,PAN167694496,No,Behind Yaga Baba Hostel Baner,426194,KANPUR,India,579700,1340000,Mumbai,579000,2,1,30,12/06/2004,13/07/2006,Full Time,Uttar Pradesh State Board,Saraswati Vidya Mandir Kanpur,NA,92,10th,14/02/2007,25/03/2010,Full Time,Uttar Pradesh State Board,Radha Niketan College Kanpur,Electronics & Telecommunication,93,12th,14/03/2010,18/09/2014,Full Time,NITA,Motilal Nehru National Institute of Technology Allahabad,Electronics & Telecommunication,81,BE,20/07/2015,22/01/2018,Full Time,NITIE,NITIE Mumbai,Mining Engineering,87,ME,0,29/03/2017,19/09/2018,Full Time,Junior Technical Consultant,TCS,Manufacturing,AGRA,India,,,,,,,,,English,Good,Good,Good,Hindi,Good,Good,Good,Marathi,Good,Good,Good,Guddu,Software Engineer,London,8009800998,,,Naukri.com
88995,Major,Uday,Bhan,uday.bhan@mailinator.com497,7864823497,7894923645,13/04/1990,M,Single,PAN167694497,No,Behind Yaga Baba Hostel Baner,426194,KANPUR,India,579700,1340000,Mumbai,579000,2,1,30,12/06/2004,13/07/2006,Full Time,Uttar Pradesh State Board,Saraswati Vidya Mandir Kanpur,NA,92,10th,14/02/2007,25/03/2010,Full Time,Uttar Pradesh State Board,Radha Niketan College Kanpur,Electronics & Telecommunication,93,12th,14/03/2010,18/09/2014,Full Time,NITA,Motilal Nehru National Institute of Technology Allahabad,Electronics & Telecommunication,81,BE,20/07/2015,22/01/2018,Full Time,NITIE,NITIE Mumbai,Mining Engineering,87,ME,0,29/03/2017,19/09/2018,Full Time,Junior Technical Consultant,TCS,Manufacturing,AGRA,India,,,,,,,,,English,Good,Good,Good,Hindi,Good,Good,Good,Marathi,Good,Good,Good,Guddu,Software Engineer,London,8009800998,,,Naukri.com
88995,Major,Uday,Bhan,uday.bhan@mailinator.com498,7864823498,7894923645,13/04/1990,M,Single,PAN167694498,No,Behind Yaga Baba Hostel Baner,426194,KANPUR,India,579700,1340000,Mumbai,579000,2,1,30,12/06/2004,13/07/2006,Full Time,Uttar Pradesh State Board,Saraswati Vidya Mandir Kanpur,NA,92,10th,14/02/2007,25/03/2010,Full Time,Uttar Pradesh State Board,Radha Niketan College Kanpur,Electronics & Telecommunication,93,12th,14/03/2010,18/09/2014,Full Time,NITA,Motilal Nehru National Institute of Technology Allahabad,Electronics & Telecommunication,81,BE,20/07/2015,22/01/2018,Full Time,NITIE,NITIE Mumbai,Mining Engineering,87,ME,0,29/03/2017,19/09/2018,Full Time,Junior Technical Consultant,TCS,Manufacturing,AGRA,India,,,,,,,,,English,Good,Good,Good,Hindi,Good,Good,Good,Marathi,Good,Good,Good,Guddu,Software Engineer,London,8009800998,,,Naukri.com
88995,Major,Uday,Bhan,uday.bhan@mailinator.com499,7864823499,7894923645,13/04/1990,M,Single,PAN167694499,No,Behind Yaga Baba Hostel Baner,426194,KANPUR,India,579700,1340000,Mumbai,579000,2,1,30,12/06/2004,13/07/2006,Full Time,Uttar Pradesh State Board,Saraswati Vidya Mandir Kanpur,NA,92,10th,14/02/2007,25/03/2010,Full Time,Uttar Pradesh State Board,Radha Niketan College Kanpur,Electronics & Telecommunication,93,12th,14/03/2010,18/09/2014,Full Time,NITA,Motilal Nehru National Institute of Technology Allahabad,Electronics & Telecommunication,81,BE,20/07/2015,22/01/2018,Full Time,NITIE,NITIE Mumbai,Mining Engineering,87,ME,0,29/03/2017,19/09/2018,Full Time,Junior Technical Consultant,TCS,Manufacturing,AGRA,India,,,,,,,,,English,Good,Good,Good,Hindi,Good,Good,Good,Marathi,Good,Good,Good,Guddu,Software Engineer,London,8009800998,,,Naukri.com
88995,Major,Uday,Bhan,uday.bhan@mailinator.com500,7864823500,7894923645,13/04/1990,M,Single,PAN167694500,No,Behind Yaga Baba Hostel Baner,426194,KANPUR,India,579700,1340000,Mumbai,579000,2,1,30,12/06/2004,13/07/2006,Full Time,Uttar Pradesh State Board,Saraswati Vidya Mandir Kanpur,NA,92,10th,14/02/2007,25/03/2010,Full Time,Uttar Pradesh State Board,Radha Niketan College Kanpur,Electronics & Telecommunication,93,12th,14/03/2010,18/09/2014,Full Time,NITA,Motilal Nehru National Institute of Technology Allahabad,Electronics & Telecommunication,81,BE,20/07/2015,22/01/2018,Full Time,NITIE,NITIE Mumbai,Mining Engineering,87,ME,0,29/03/2017,19/09/2018,Full Time,Junior Technical Consultant,TCS,Manufacturing,AGRA,India,,,,,,,,,English,Good,Good,Good,Hindi,Good,Good,Good,Marathi,Good,Good,Good,Guddu,Software Engineer,London,8009800998,,,Naukri.com
88995,Major,Uday,Bhan,uday.bhan@mailinator.com501,7864823501,7894923645,13/04/1990,M,Single,PAN167694501,No,Behind Yaga Baba Hostel Baner,426194,KANPUR,India,579700,1340000,Mumbai,579000,2,1,30,12/06/2004,13/07/2006,Full Time,Uttar Pradesh State Board,Saraswati Vidya Mandir Kanpur,NA,92,10th,14/02/2007,25/03/2010,Full Time,Uttar Pradesh State Board,Radha Niketan College Kanpur,Electronics & Telecommunication,93,12th,14/03/2010,18/09/2014,Full Time,NITA,Motilal Nehru National Institute of Technology Allahabad,Electronics & Telecommunication,81,BE,20/07/2015,22/01/2018,Full Time,NITIE,NITIE Mumbai,Mining Engineering,87,ME,0,29/03/2017,19/09/2018,Full Time,Junior Technical Consultant,TCS,Manufacturing,AGRA,India,,,,,,,,,English,Good,Good,Good,Hindi,Good,Good,Good,Marathi,Good,Good,Good,Guddu,Software Engineer,London,8009800998,,,Naukri.com
88995,Major,Uday,Bhan,uday.bhan@mailinator.com502,7864823502,7894923645,13/04/1990,M,Single,PAN167694502,No,Behind Yaga Baba Hostel Baner,426194,KANPUR,India,579700,1340000,Mumbai,579000,2,1,30,12/06/2004,13/07/2006,Full Time,Uttar Pradesh State Board,Saraswati Vidya Mandir Kanpur,NA,92,10th,14/02/2007,25/03/2010,Full Time,Uttar Pradesh State Board,Radha Niketan College Kanpur,Electronics & Telecommunication,93,12th,14/03/2010,18/09/2014,Full Time,NITA,Motilal Nehru National Institute of Technology Allahabad,Electronics & Telecommunication,81,BE,20/07/2015,22/01/2018,Full Time,NITIE,NITIE Mumbai,Mining Engineering,87,ME,0,29/03/2017,19/09/2018,Full Time,Junior Technical Consultant,TCS,Manufacturing,AGRA,India,,,,,,,,,English,Good,Good,Good,Hindi,Good,Good,Good,Marathi,Good,Good,Good,Guddu,Software Engineer,London,8009800998,,,Naukri.com
88995,Major,Uday,Bhan,uday.bhan@mailinator.com503,7864823503,7894923645,13/04/1990,M,Single,PAN167694503,No,Behind Yaga Baba Hostel Baner,426194,KANPUR,India,579700,1340000,Mumbai,579000,2,1,30,12/06/2004,13/07/2006,Full Time,Uttar Pradesh State Board,Saraswati Vidya Mandir Kanpur,NA,92,10th,14/02/2007,25/03/2010,Full Time,Uttar Pradesh State Board,Radha Niketan College Kanpur,Electronics & Telecommunication,93,12th,14/03/2010,18/09/2014,Full Time,NITA,Motilal Nehru National Institute of Technology Allahabad,Electronics & Telecommunication,81,BE,20/07/2015,22/01/2018,Full Time,NITIE,NITIE Mumbai,Mining Engineering,87,ME,0,29/03/2017,19/09/2018,Full Time,Junior Technical Consultant,TCS,Manufacturing,AGRA,India,,,,,,,,,English,Good,Good,Good,Hindi,Good,Good,Good,Marathi,Good,Good,Good,Guddu,Software Engineer,London,8009800998,,,Naukri.com
88995,Major,Uday,Bhan,uday.bhan@mailinator.com504,7864823504,7894923645,13/04/1990,M,Single,PAN167694504,No,Behind Yaga Baba Hostel Baner,426194,KANPUR,India,579700,1340000,Mumbai,579000,2,1,30,12/06/2004,13/07/2006,Full Time,Uttar Pradesh State Board,Saraswati Vidya Mandir Kanpur,NA,92,10th,14/02/2007,25/03/2010,Full Time,Uttar Pradesh State Board,Radha Niketan College Kanpur,Electronics & Telecommunication,93,12th,14/03/2010,18/09/2014,Full Time,NITA,Motilal Nehru National Institute of Technology Allahabad,Electronics & Telecommunication,81,BE,20/07/2015,22/01/2018,Full Time,NITIE,NITIE Mumbai,Mining Engineering,87,ME,0,29/03/2017,19/09/2018,Full Time,Junior Technical Consultant,TCS,Manufacturing,AGRA,India,,,,,,,,,English,Good,Good,Good,Hindi,Good,Good,Good,Marathi,Good,Good,Good,Guddu,Software Engineer,London,8009800998,,,Naukri.com
88995,Major,Uday,Bhan,uday.bhan@mailinator.com505,7864823505,7894923645,13/04/1990,M,Single,PAN167694505,No,Behind Yaga Baba Hostel Baner,426194,KANPUR,India,579700,1340000,Mumbai,579000,2,1,30,12/06/2004,13/07/2006,Full Time,Uttar Pradesh State Board,Saraswati Vidya Mandir Kanpur,NA,92,10th,14/02/2007,25/03/2010,Full Time,Uttar Pradesh State Board,Radha Niketan College Kanpur,Electronics & Telecommunication,93,12th,14/03/2010,18/09/2014,Full Time,NITA,Motilal Nehru National Institute of Technology Allahabad,Electronics & Telecommunication,81,BE,20/07/2015,22/01/2018,Full Time,NITIE,NITIE Mumbai,Mining Engineering,87,ME,0,29/03/2017,19/09/2018,Full Time,Junior Technical Consultant,TCS,Manufacturing,AGRA,India,,,,,,,,,English,Good,Good,Good,Hindi,Good,Good,Good,Marathi,Good,Good,Good,Guddu,Software Engineer,London,8009800998,,,Naukri.com
88995,Major,Uday,Bhan,uday.bhan@mailinator.com506,7864823506,7894923645,13/04/1990,M,Single,PAN167694506,No,Behind Yaga Baba Hostel Baner,426194,KANPUR,India,579700,1340000,Mumbai,579000,2,1,30,12/06/2004,13/07/2006,Full Time,Uttar Pradesh State Board,Saraswati Vidya Mandir Kanpur,NA,92,10th,14/02/2007,25/03/2010,Full Time,Uttar Pradesh State Board,Radha Niketan College Kanpur,Electronics & Telecommunication,93,12th,14/03/2010,18/09/2014,Full Time,NITA,Motilal Nehru National Institute of Technology Allahabad,Electronics & Telecommunication,81,BE,20/07/2015,22/01/2018,Full Time,NITIE,NITIE Mumbai,Mining Engineering,87,ME,0,29/03/2017,19/09/2018,Full Time,Junior Technical Consultant,TCS,Manufacturing,AGRA,India,,,,,,,,,English,Good,Good,Good,Hindi,Good,Good,Good,Marathi,Good,Good,Good,Guddu,Software Engineer,London,8009800998,,,Naukri.com
88995,Major,Uday,Bhan,uday.bhan@mailinator.com507,7864823507,7894923645,13/04/1990,M,Single,PAN167694507,No,Behind Yaga Baba Hostel Baner,426194,KANPUR,India,579700,1340000,Mumbai,579000,2,1,30,12/06/2004,13/07/2006,Full Time,Uttar Pradesh State Board,Saraswati Vidya Mandir Kanpur,NA,92,10th,14/02/2007,25/03/2010,Full Time,Uttar Pradesh State Board,Radha Niketan College Kanpur,Electronics & Telecommunication,93,12th,14/03/2010,18/09/2014,Full Time,NITA,Motilal Nehru National Institute of Technology Allahabad,Electronics & Telecommunication,81,BE,20/07/2015,22/01/2018,Full Time,NITIE,NITIE Mumbai,Mining Engineering,87,ME,0,29/03/2017,19/09/2018,Full Time,Junior Technical Consultant,TCS,Manufacturing,AGRA,India,,,,,,,,,English,Good,Good,Good,Hindi,Good,Good,Good,Marathi,Good,Good,Good,Guddu,Software Engineer,London,8009800998,,,Naukri.com
88995,Major,Uday,Bhan,uday.bhan@mailinator.com508,7864823508,7894923645,13/04/1990,M,Single,PAN167694508,No,Behind Yaga Baba Hostel Baner,426194,KANPUR,India,579700,1340000,Mumbai,579000,2,1,30,12/06/2004,13/07/2006,Full Time,Uttar Pradesh State Board,Saraswati Vidya Mandir Kanpur,NA,92,10th,14/02/2007,25/03/2010,Full Time,Uttar Pradesh State Board,Radha Niketan College Kanpur,Electronics & Telecommunication,93,12th,14/03/2010,18/09/2014,Full Time,NITA,Motilal Nehru National Institute of Technology Allahabad,Electronics & Telecommunication,81,BE,20/07/2015,22/01/2018,Full Time,NITIE,NITIE Mumbai,Mining Engineering,87,ME,0,29/03/2017,19/09/2018,Full Time,Junior Technical Consultant,TCS,Manufacturing,AGRA,India,,,,,,,,,English,Good,Good,Good,Hindi,Good,Good,Good,Marathi,Good,Good,Good,Guddu,Software Engineer,London,8009800998,,,Naukri.com
88995,Major,Uday,Bhan,uday.bhan@mailinator.com509,7864823509,7894923645,13/04/1990,M,Single,PAN167694509,No,Behind Yaga Baba Hostel Baner,426194,KANPUR,India,579700,1340000,Mumbai,579000,2,1,30,12/06/2004,13/07/2006,Full Time,Uttar Pradesh State Board,Saraswati Vidya Mandir Kanpur,NA,92,10th,14/02/2007,25/03/2010,Full Time,Uttar Pradesh State Board,Radha Niketan College Kanpur,Electronics & Telecommunication,93,12th,14/03/2010,18/09/2014,Full Time,NITA,Motilal Nehru National Institute of Technology Allahabad,Electronics & Telecommunication,81,BE,20/07/2015,22/01/2018,Full Time,NITIE,NITIE Mumbai,Mining Engineering,87,ME,0,29/03/2017,19/09/2018,Full Time,Junior Technical Consultant,TCS,Manufacturing,AGRA,India,,,,,,,,,English,Good,Good,Good,Hindi,Good,Good,Good,Marathi,Good,Good,Good,Guddu,Software Engineer,London,8009800998,,,Naukri.com
88995,Major,Uday,Bhan,uday.bhan@mailinator.com510,7864823510,7894923645,13/04/1990,M,Single,PAN167694510,No,Behind Yaga Baba Hostel Baner,426194,KANPUR,India,579700,1340000,Mumbai,579000,2,1,30,12/06/2004,13/07/2006,Full Time,Uttar Pradesh State Board,Saraswati Vidya Mandir Kanpur,NA,92,10th,14/02/2007,25/03/2010,Full Time,Uttar Pradesh State Board,Radha Niketan College Kanpur,Electronics & Telecommunication,93,12th,14/03/2010,18/09/2014,Full Time,NITA,Motilal Nehru National Institute of Technology Allahabad,Electronics & Telecommunication,81,BE,20/07/2015,22/01/2018,Full Time,NITIE,NITIE Mumbai,Mining Engineering,87,ME,0,29/03/2017,19/09/2018,Full Time,Junior Technical Consultant,TCS,Manufacturing,AGRA,India,,,,,,,,,English,Good,Good,Good,Hindi,Good,Good,Good,Marathi,Good,Good,Good,Guddu,Software Engineer,London,8009800998,,,Naukri.com
88995,Major,Uday,Bhan,uday.bhan@mailinator.com511,7864823511,7894923645,13/04/1990,M,Single,PAN167694511,No,Behind Yaga Baba Hostel Baner,426194,KANPUR,India,579700,1340000,Mumbai,579000,2,1,30,12/06/2004,13/07/2006,Full Time,Uttar Pradesh State Board,Saraswati Vidya Mandir Kanpur,NA,92,10th,14/02/2007,25/03/2010,Full Time,Uttar Pradesh State Board,Radha Niketan College Kanpur,Electronics & Telecommunication,93,12th,14/03/2010,18/09/2014,Full Time,NITA,Motilal Nehru National Institute of Technology Allahabad,Electronics & Telecommunication,81,BE,20/07/2015,22/01/2018,Full Time,NITIE,NITIE Mumbai,Mining Engineering,87,ME,0,29/03/2017,19/09/2018,Full Time,Junior Technical Consultant,TCS,Manufacturing,AGRA,India,,,,,,,,,English,Good,Good,Good,Hindi,Good,Good,Good,Marathi,Good,Good,Good,Guddu,Software Engineer,London,8009800998,,,Naukri.com
88995,Major,Uday,Bhan,uday.bhan@mailinator.com512,7864823512,7894923645,13/04/1990,M,Single,PAN167694512,No,Behind Yaga Baba Hostel Baner,426194,KANPUR,India,579700,1340000,Mumbai,579000,2,1,30,12/06/2004,13/07/2006,Full Time,Uttar Pradesh State Board,Saraswati Vidya Mandir Kanpur,NA,92,10th,14/02/2007,25/03/2010,Full Time,Uttar Pradesh State Board,Radha Niketan College Kanpur,Electronics & Telecommunication,93,12th,14/03/2010,18/09/2014,Full Time,NITA,Motilal Nehru National Institute of Technology Allahabad,Electronics & Telecommunication,81,BE,20/07/2015,22/01/2018,Full Time,NITIE,NITIE Mumbai,Mining Engineering,87,ME,0,29/03/2017,19/09/2018,Full Time,Junior Technical Consultant,TCS,Manufacturing,AGRA,India,,,,,,,,,English,Good,Good,Good,Hindi,Good,Good,Good,Marathi,Good,Good,Good,Guddu,Software Engineer,London,8009800998,,,Naukri.com
88995,Major,Uday,Bhan,uday.bhan@mailinator.com513,7864823513,7894923645,13/04/1990,M,Single,PAN167694513,No,Behind Yaga Baba Hostel Baner,426194,KANPUR,India,579700,1340000,Mumbai,579000,2,1,30,12/06/2004,13/07/2006,Full Time,Uttar Pradesh State Board,Saraswati Vidya Mandir Kanpur,NA,92,10th,14/02/2007,25/03/2010,Full Time,Uttar Pradesh State Board,Radha Niketan College Kanpur,Electronics & Telecommunication,93,12th,14/03/2010,18/09/2014,Full Time,NITA,Motilal Nehru National Institute of Technology Allahabad,Electronics & Telecommunication,81,BE,20/07/2015,22/01/2018,Full Time,NITIE,NITIE Mumbai,Mining Engineering,87,ME,0,29/03/2017,19/09/2018,Full Time,Junior Technical Consultant,TCS,Manufacturing,AGRA,India,,,,,,,,,English,Good,Good,Good,Hindi,Good,Good,Good,Marathi,Good,Good,Good,Guddu,Software Engineer,London,8009800998,,,Naukri.com
88995,Major,Uday,Bhan,uday.bhan@mailinator.com514,7864823514,7894923645,13/04/1990,M,Single,PAN167694514,No,Behind Yaga Baba Hostel Baner,426194,KANPUR,India,579700,1340000,Mumbai,579000,2,1,30,12/06/2004,13/07/2006,Full Time,Uttar Pradesh State Board,Saraswati Vidya Mandir Kanpur,NA,92,10th,14/02/2007,25/03/2010,Full Time,Uttar Pradesh State Board,Radha Niketan College Kanpur,Electronics & Telecommunication,93,12th,14/03/2010,18/09/2014,Full Time,NITA,Motilal Nehru National Institute of Technology Allahabad,Electronics & Telecommunication,81,BE,20/07/2015,22/01/2018,Full Time,NITIE,NITIE Mumbai,Mining Engineering,87,ME,0,29/03/2017,19/09/2018,Full Time,Junior Technical Consultant,TCS,Manufacturing,AGRA,India,,,,,,,,,English,Good,Good,Good,Hindi,Good,Good,Good,Marathi,Good,Good,Good,Guddu,Software Engineer,London,8009800998,,,Naukri.com
88995,Major,Uday,Bhan,uday.bhan@mailinator.com515,7864823515,7894923645,13/04/1990,M,Single,PAN167694515,No,Behind Yaga Baba Hostel Baner,426194,KANPUR,India,579700,1340000,Mumbai,579000,2,1,30,12/06/2004,13/07/2006,Full Time,Uttar Pradesh State Board,Saraswati Vidya Mandir Kanpur,NA,92,10th,14/02/2007,25/03/2010,Full Time,Uttar Pradesh State Board,Radha Niketan College Kanpur,Electronics & Telecommunication,93,12th,14/03/2010,18/09/2014,Full Time,NITA,Motilal Nehru National Institute of Technology Allahabad,Electronics & Telecommunication,81,BE,20/07/2015,22/01/2018,Full Time,NITIE,NITIE Mumbai,Mining Engineering,87,ME,0,29/03/2017,19/09/2018,Full Time,Junior Technical Consultant,TCS,Manufacturing,AGRA,India,,,,,,,,,English,Good,Good,Good,Hindi,Good,Good,Good,Marathi,Good,Good,Good,Guddu,Software Engineer,London,8009800998,,,Naukri.com
88995,Major,Uday,Bhan,uday.bhan@mailinator.com516,7864823516,7894923645,13/04/1990,M,Single,PAN167694516,No,Behind Yaga Baba Hostel Baner,426194,KANPUR,India,579700,1340000,Mumbai,579000,2,1,30,12/06/2004,13/07/2006,Full Time,Uttar Pradesh State Board,Saraswati Vidya Mandir Kanpur,NA,92,10th,14/02/2007,25/03/2010,Full Time,Uttar Pradesh State Board,Radha Niketan College Kanpur,Electronics & Telecommunication,93,12th,14/03/2010,18/09/2014,Full Time,NITA,Motilal Nehru National Institute of Technology Allahabad,Electronics & Telecommunication,81,BE,20/07/2015,22/01/2018,Full Time,NITIE,NITIE Mumbai,Mining Engineering,87,ME,0,29/03/2017,19/09/2018,Full Time,Junior Technical Consultant,TCS,Manufacturing,AGRA,India,,,,,,,,,English,Good,Good,Good,Hindi,Good,Good,Good,Marathi,Good,Good,Good,Guddu,Software Engineer,London,8009800998,,,Naukri.com
88995,Major,Uday,Bhan,uday.bhan@mailinator.com517,7864823517,7894923645,13/04/1990,M,Single,PAN167694517,No,Behind Yaga Baba Hostel Baner,426194,KANPUR,India,579700,1340000,Mumbai,579000,2,1,30,12/06/2004,13/07/2006,Full Time,Uttar Pradesh State Board,Saraswati Vidya Mandir Kanpur,NA,92,10th,14/02/2007,25/03/2010,Full Time,Uttar Pradesh State Board,Radha Niketan College Kanpur,Electronics & Telecommunication,93,12th,14/03/2010,18/09/2014,Full Time,NITA,Motilal Nehru National Institute of Technology Allahabad,Electronics & Telecommunication,81,BE,20/07/2015,22/01/2018,Full Time,NITIE,NITIE Mumbai,Mining Engineering,87,ME,0,29/03/2017,19/09/2018,Full Time,Junior Technical Consultant,TCS,Manufacturing,AGRA,India,,,,,,,,,English,Good,Good,Good,Hindi,Good,Good,Good,Marathi,Good,Good,Good,Guddu,Software Engineer,London,8009800998,,,Naukri.com
88995,Major,Uday,Bhan,uday.bhan@mailinator.com518,7864823518,7894923645,13/04/1990,M,Single,PAN167694518,No,Behind Yaga Baba Hostel Baner,426194,KANPUR,India,579700,1340000,Mumbai,579000,2,1,30,12/06/2004,13/07/2006,Full Time,Uttar Pradesh State Board,Saraswati Vidya Mandir Kanpur,NA,92,10th,14/02/2007,25/03/2010,Full Time,Uttar Pradesh State Board,Radha Niketan College Kanpur,Electronics & Telecommunication,93,12th,14/03/2010,18/09/2014,Full Time,NITA,Motilal Nehru National Institute of Technology Allahabad,Electronics & Telecommunication,81,BE,20/07/2015,22/01/2018,Full Time,NITIE,NITIE Mumbai,Mining Engineering,87,ME,0,29/03/2017,19/09/2018,Full Time,Junior Technical Consultant,TCS,Manufacturing,AGRA,India,,,,,,,,,English,Good,Good,Good,Hindi,Good,Good,Good,Marathi,Good,Good,Good,Guddu,Software Engineer,London,8009800998,,,Naukri.com
88995,Major,Uday,Bhan,uday.bhan@mailinator.com519,7864823519,7894923645,13/04/1990,M,Single,PAN167694519,No,Behind Yaga Baba Hostel Baner,426194,KANPUR,India,579700,1340000,Mumbai,579000,2,1,30,12/06/2004,13/07/2006,Full Time,Uttar Pradesh State Board,Saraswati Vidya Mandir Kanpur,NA,92,10th,14/02/2007,25/03/2010,Full Time,Uttar Pradesh State Board,Radha Niketan College Kanpur,Electronics & Telecommunication,93,12th,14/03/2010,18/09/2014,Full Time,NITA,Motilal Nehru National Institute of Technology Allahabad,Electronics & Telecommunication,81,BE,20/07/2015,22/01/2018,Full Time,NITIE,NITIE Mumbai,Mining Engineering,87,ME,0,29/03/2017,19/09/2018,Full Time,Junior Technical Consultant,TCS,Manufacturing,AGRA,India,,,,,,,,,English,Good,Good,Good,Hindi,Good,Good,Good,Marathi,Good,Good,Good,Guddu,Software Engineer,London,8009800998,,,Naukri.com
88995,Major,Uday,Bhan,uday.bhan@mailinator.com520,7864823520,7894923645,13/04/1990,M,Single,PAN167694520,No,Behind Yaga Baba Hostel Baner,426194,KANPUR,India,579700,1340000,Mumbai,579000,2,1,30,12/06/2004,13/07/2006,Full Time,Uttar Pradesh State Board,Saraswati Vidya Mandir Kanpur,NA,92,10th,14/02/2007,25/03/2010,Full Time,Uttar Pradesh State Board,Radha Niketan College Kanpur,Electronics & Telecommunication,93,12th,14/03/2010,18/09/2014,Full Time,NITA,Motilal Nehru National Institute of Technology Allahabad,Electronics & Telecommunication,81,BE,20/07/2015,22/01/2018,Full Time,NITIE,NITIE Mumbai,Mining Engineering,87,ME,0,29/03/2017,19/09/2018,Full Time,Junior Technical Consultant,TCS,Manufacturing,AGRA,India,,,,,,,,,English,Good,Good,Good,Hindi,Good,Good,Good,Marathi,Good,Good,Good,Guddu,Software Engineer,London,8009800998,,,Naukri.com
88995,Major,Uday,Bhan,uday.bhan@mailinator.com521,7864823521,7894923645,13/04/1990,M,Single,PAN167694521,No,Behind Yaga Baba Hostel Baner,426194,KANPUR,India,579700,1340000,Mumbai,579000,2,1,30,12/06/2004,13/07/2006,Full Time,Uttar Pradesh State Board,Saraswati Vidya Mandir Kanpur,NA,92,10th,14/02/2007,25/03/2010,Full Time,Uttar Pradesh State Board,Radha Niketan College Kanpur,Electronics & Telecommunication,93,12th,14/03/2010,18/09/2014,Full Time,NITA,Motilal Nehru National Institute of Technology Allahabad,Electronics & Telecommunication,81,BE,20/07/2015,22/01/2018,Full Time,NITIE,NITIE Mumbai,Mining Engineering,87,ME,0,29/03/2017,19/09/2018,Full Time,Junior Technical Consultant,TCS,Manufacturing,AGRA,India,,,,,,,,,English,Good,Good,Good,Hindi,Good,Good,Good,Marathi,Good,Good,Good,Guddu,Software Engineer,London,8009800998,,,Naukri.com
88995,Major,Uday,Bhan,uday.bhan@mailinator.com522,7864823522,7894923645,13/04/1990,M,Single,PAN167694522,No,Behind Yaga Baba Hostel Baner,426194,KANPUR,India,579700,1340000,Mumbai,579000,2,1,30,12/06/2004,13/07/2006,Full Time,Uttar Pradesh State Board,Saraswati Vidya Mandir Kanpur,NA,92,10th,14/02/2007,25/03/2010,Full Time,Uttar Pradesh State Board,Radha Niketan College Kanpur,Electronics & Telecommunication,93,12th,14/03/2010,18/09/2014,Full Time,NITA,Motilal Nehru National Institute of Technology Allahabad,Electronics & Telecommunication,81,BE,20/07/2015,22/01/2018,Full Time,NITIE,NITIE Mumbai,Mining Engineering,87,ME,0,29/03/2017,19/09/2018,Full Time,Junior Technical Consultant,TCS,Manufacturing,AGRA,India,,,,,,,,,English,Good,Good,Good,Hindi,Good,Good,Good,Marathi,Good,Good,Good,Guddu,Software Engineer,London,8009800998,,,Naukri.com
88995,Major,Uday,Bhan,uday.bhan@mailinator.com523,7864823523,7894923645,13/04/1990,M,Single,PAN167694523,No,Behind Yaga Baba Hostel Baner,426194,KANPUR,India,579700,1340000,Mumbai,579000,2,1,30,12/06/2004,13/07/2006,Full Time,Uttar Pradesh State Board,Saraswati Vidya Mandir Kanpur,NA,92,10th,14/02/2007,25/03/2010,Full Time,Uttar Pradesh State Board,Radha Niketan College Kanpur,Electronics & Telecommunication,93,12th,14/03/2010,18/09/2014,Full Time,NITA,Motilal Nehru National Institute of Technology Allahabad,Electronics & Telecommunication,81,BE,20/07/2015,22/01/2018,Full Time,NITIE,NITIE Mumbai,Mining Engineering,87,ME,0,29/03/2017,19/09/2018,Full Time,Junior Technical Consultant,TCS,Manufacturing,AGRA,India,,,,,,,,,English,Good,Good,Good,Hindi,Good,Good,Good,Marathi,Good,Good,Good,Guddu,Software Engineer,London,8009800998,,,Naukri.com
88995,Major,Uday,Bhan,uday.bhan@mailinator.com524,7864823524,7894923645,13/04/1990,M,Single,PAN167694524,No,Behind Yaga Baba Hostel Baner,426194,KANPUR,India,579700,1340000,Mumbai,579000,2,1,30,12/06/2004,13/07/2006,Full Time,Uttar Pradesh State Board,Saraswati Vidya Mandir Kanpur,NA,92,10th,14/02/2007,25/03/2010,Full Time,Uttar Pradesh State Board,Radha Niketan College Kanpur,Electronics & Telecommunication,93,12th,14/03/2010,18/09/2014,Full Time,NITA,Motilal Nehru National Institute of Technology Allahabad,Electronics & Telecommunication,81,BE,20/07/2015,22/01/2018,Full Time,NITIE,NITIE Mumbai,Mining Engineering,87,ME,0,29/03/2017,19/09/2018,Full Time,Junior Technical Consultant,TCS,Manufacturing,AGRA,India,,,,,,,,,English,Good,Good,Good,Hindi,Good,Good,Good,Marathi,Good,Good,Good,Guddu,Software Engineer,London,8009800998,,,Naukri.com
88995,Major,Uday,Bhan,uday.bhan@mailinator.com525,7864823525,7894923645,13/04/1990,M,Single,PAN167694525,No,Behind Yaga Baba Hostel Baner,426194,KANPUR,India,579700,1340000,Mumbai,579000,2,1,30,12/06/2004,13/07/2006,Full Time,Uttar Pradesh State Board,Saraswati Vidya Mandir Kanpur,NA,92,10th,14/02/2007,25/03/2010,Full Time,Uttar Pradesh State Board,Radha Niketan College Kanpur,Electronics & Telecommunication,93,12th,14/03/2010,18/09/2014,Full Time,NITA,Motilal Nehru National Institute of Technology Allahabad,Electronics & Telecommunication,81,BE,20/07/2015,22/01/2018,Full Time,NITIE,NITIE Mumbai,Mining Engineering,87,ME,0,29/03/2017,19/09/2018,Full Time,Junior Technical Consultant,TCS,Manufacturing,AGRA,India,,,,,,,,,English,Good,Good,Good,Hindi,Good,Good,Good,Marathi,Good,Good,Good,Guddu,Software Engineer,London,8009800998,,,Naukri.com
88995,Major,Uday,Bhan,uday.bhan@mailinator.com526,7864823526,7894923645,13/04/1990,M,Single,PAN167694526,No,Behind Yaga Baba Hostel Baner,426194,KANPUR,India,579700,1340000,Mumbai,579000,2,1,30,12/06/2004,13/07/2006,Full Time,Uttar Pradesh State Board,Saraswati Vidya Mandir Kanpur,NA,92,10th,14/02/2007,25/03/2010,Full Time,Uttar Pradesh State Board,Radha Niketan College Kanpur,Electronics & Telecommunication,93,12th,14/03/2010,18/09/2014,Full Time,NITA,Motilal Nehru National Institute of Technology Allahabad,Electronics & Telecommunication,81,BE,20/07/2015,22/01/2018,Full Time,NITIE,NITIE Mumbai,Mining Engineering,87,ME,0,29/03/2017,19/09/2018,Full Time,Junior Technical Consultant,TCS,Manufacturing,AGRA,India,,,,,,,,,English,Good,Good,Good,Hindi,Good,Good,Good,Marathi,Good,Good,Good,Guddu,Software Engineer,London,8009800998,,,Naukri.com
88995,Major,Uday,Bhan,uday.bhan@mailinator.com527,7864823527,7894923645,13/04/1990,M,Single,PAN167694527,No,Behind Yaga Baba Hostel Baner,426194,KANPUR,India,579700,1340000,Mumbai,579000,2,1,30,12/06/2004,13/07/2006,Full Time,Uttar Pradesh State Board,Saraswati Vidya Mandir Kanpur,NA,92,10th,14/02/2007,25/03/2010,Full Time,Uttar Pradesh State Board,Radha Niketan College Kanpur,Electronics & Telecommunication,93,12th,14/03/2010,18/09/2014,Full Time,NITA,Motilal Nehru National Institute of Technology Allahabad,Electronics & Telecommunication,81,BE,20/07/2015,22/01/2018,Full Time,NITIE,NITIE Mumbai,Mining Engineering,87,ME,0,29/03/2017,19/09/2018,Full Time,Junior Technical Consultant,TCS,Manufacturing,AGRA,India,,,,,,,,,English,Good,Good,Good,Hindi,Good,Good,Good,Marathi,Good,Good,Good,Guddu,Software Engineer,London,8009800998,,,Naukri.com
88995,Major,Uday,Bhan,uday.bhan@mailinator.com528,7864823528,7894923645,13/04/1990,M,Single,PAN167694528,No,Behind Yaga Baba Hostel Baner,426194,KANPUR,India,579700,1340000,Mumbai,579000,2,1,30,12/06/2004,13/07/2006,Full Time,Uttar Pradesh State Board,Saraswati Vidya Mandir Kanpur,NA,92,10th,14/02/2007,25/03/2010,Full Time,Uttar Pradesh State Board,Radha Niketan College Kanpur,Electronics & Telecommunication,93,12th,14/03/2010,18/09/2014,Full Time,NITA,Motilal Nehru National Institute of Technology Allahabad,Electronics & Telecommunication,81,BE,20/07/2015,22/01/2018,Full Time,NITIE,NITIE Mumbai,Mining Engineering,87,ME,0,29/03/2017,19/09/2018,Full Time,Junior Technical Consultant,TCS,Manufacturing,AGRA,India,,,,,,,,,English,Good,Good,Good,Hindi,Good,Good,Good,Marathi,Good,Good,Good,Guddu,Software Engineer,London,8009800998,,,Naukri.com
88995,Major,Uday,Bhan,uday.bhan@mailinator.com529,7864823529,7894923645,13/04/1990,M,Single,PAN167694529,No,Behind Yaga Baba Hostel Baner,426194,KANPUR,India,579700,1340000,Mumbai,579000,2,1,30,12/06/2004,13/07/2006,Full Time,Uttar Pradesh State Board,Saraswati Vidya Mandir Kanpur,NA,92,10th,14/02/2007,25/03/2010,Full Time,Uttar Pradesh State Board,Radha Niketan College Kanpur,Electronics & Telecommunication,93,12th,14/03/2010,18/09/2014,Full Time,NITA,Motilal Nehru National Institute of Technology Allahabad,Electronics & Telecommunication,81,BE,20/07/2015,22/01/2018,Full Time,NITIE,NITIE Mumbai,Mining Engineering,87,ME,0,29/03/2017,19/09/2018,Full Time,Junior Technical Consultant,TCS,Manufacturing,AGRA,India,,,,,,,,,English,Good,Good,Good,Hindi,Good,Good,Good,Marathi,Good,Good,Good,Guddu,Software Engineer,London,8009800998,,,Naukri.com
88995,Major,Uday,Bhan,uday.bhan@mailinator.com530,7864823530,7894923645,13/04/1990,M,Single,PAN167694530,No,Behind Yaga Baba Hostel Baner,426194,KANPUR,India,579700,1340000,Mumbai,579000,2,1,30,12/06/2004,13/07/2006,Full Time,Uttar Pradesh State Board,Saraswati Vidya Mandir Kanpur,NA,92,10th,14/02/2007,25/03/2010,Full Time,Uttar Pradesh State Board,Radha Niketan College Kanpur,Electronics & Telecommunication,93,12th,14/03/2010,18/09/2014,Full Time,NITA,Motilal Nehru National Institute of Technology Allahabad,Electronics & Telecommunication,81,BE,20/07/2015,22/01/2018,Full Time,NITIE,NITIE Mumbai,Mining Engineering,87,ME,0,29/03/2017,19/09/2018,Full Time,Junior Technical Consultant,TCS,Manufacturing,AGRA,India,,,,,,,,,English,Good,Good,Good,Hindi,Good,Good,Good,Marathi,Good,Good,Good,Guddu,Software Engineer,London,8009800998,,,Naukri.com
88995,Major,Uday,Bhan,uday.bhan@mailinator.com531,7864823531,7894923645,13/04/1990,M,Single,PAN167694531,No,Behind Yaga Baba Hostel Baner,426194,KANPUR,India,579700,1340000,Mumbai,579000,2,1,30,12/06/2004,13/07/2006,Full Time,Uttar Pradesh State Board,Saraswati Vidya Mandir Kanpur,NA,92,10th,14/02/2007,25/03/2010,Full Time,Uttar Pradesh State Board,Radha Niketan College Kanpur,Electronics & Telecommunication,93,12th,14/03/2010,18/09/2014,Full Time,NITA,Motilal Nehru National Institute of Technology Allahabad,Electronics & Telecommunication,81,BE,20/07/2015,22/01/2018,Full Time,NITIE,NITIE Mumbai,Mining Engineering,87,ME,0,29/03/2017,19/09/2018,Full Time,Junior Technical Consultant,TCS,Manufacturing,AGRA,India,,,,,,,,,English,Good,Good,Good,Hindi,Good,Good,Good,Marathi,Good,Good,Good,Guddu,Software Engineer,London,8009800998,,,Naukri.com
88995,Major,Uday,Bhan,uday.bhan@mailinator.com532,7864823532,7894923645,13/04/1990,M,Single,PAN167694532,No,Behind Yaga Baba Hostel Baner,426194,KANPUR,India,579700,1340000,Mumbai,579000,2,1,30,12/06/2004,13/07/2006,Full Time,Uttar Pradesh State Board,Saraswati Vidya Mandir Kanpur,NA,92,10th,14/02/2007,25/03/2010,Full Time,Uttar Pradesh State Board,Radha Niketan College Kanpur,Electronics & Telecommunication,93,12th,14/03/2010,18/09/2014,Full Time,NITA,Motilal Nehru National Institute of Technology Allahabad,Electronics & Telecommunication,81,BE,20/07/2015,22/01/2018,Full Time,NITIE,NITIE Mumbai,Mining Engineering,87,ME,0,29/03/2017,19/09/2018,Full Time,Junior Technical Consultant,TCS,Manufacturing,AGRA,India,,,,,,,,,English,Good,Good,Good,Hindi,Good,Good,Good,Marathi,Good,Good,Good,Guddu,Software Engineer,London,8009800998,,,Naukri.com
88995,Major,Uday,Bhan,uday.bhan@mailinator.com533,7864823533,7894923645,13/04/1990,M,Single,PAN167694533,No,Behind Yaga Baba Hostel Baner,426194,KANPUR,India,579700,1340000,Mumbai,579000,2,1,30,12/06/2004,13/07/2006,Full Time,Uttar Pradesh State Board,Saraswati Vidya Mandir Kanpur,NA,92,10th,14/02/2007,25/03/2010,Full Time,Uttar Pradesh State Board,Radha Niketan College Kanpur,Electronics & Telecommunication,93,12th,14/03/2010,18/09/2014,Full Time,NITA,Motilal Nehru National Institute of Technology Allahabad,Electronics & Telecommunication,81,BE,20/07/2015,22/01/2018,Full Time,NITIE,NITIE Mumbai,Mining Engineering,87,ME,0,29/03/2017,19/09/2018,Full Time,Junior Technical Consultant,TCS,Manufacturing,AGRA,India,,,,,,,,,English,Good,Good,Good,Hindi,Good,Good,Good,Marathi,Good,Good,Good,Guddu,Software Engineer,London,8009800998,,,Naukri.com
88995,Major,Uday,Bhan,uday.bhan@mailinator.com534,7864823534,7894923645,13/04/1990,M,Single,PAN167694534,No,Behind Yaga Baba Hostel Baner,426194,KANPUR,India,579700,1340000,Mumbai,579000,2,1,30,12/06/2004,13/07/2006,Full Time,Uttar Pradesh State Board,Saraswati Vidya Mandir Kanpur,NA,92,10th,14/02/2007,25/03/2010,Full Time,Uttar Pradesh State Board,Radha Niketan College Kanpur,Electronics & Telecommunication,93,12th,14/03/2010,18/09/2014,Full Time,NITA,Motilal Nehru National Institute of Technology Allahabad,Electronics & Telecommunication,81,BE,20/07/2015,22/01/2018,Full Time,NITIE,NITIE Mumbai,Mining Engineering,87,ME,0,29/03/2017,19/09/2018,Full Time,Junior Technical Consultant,TCS,Manufacturing,AGRA,India,,,,,,,,,English,Good,Good,Good,Hindi,Good,Good,Good,Marathi,Good,Good,Good,Guddu,Software Engineer,London,8009800998,,,Naukri.com
88995,Major,Uday,Bhan,uday.bhan@mailinator.com535,7864823535,7894923645,13/04/1990,M,Single,PAN167694535,No,Behind Yaga Baba Hostel Baner,426194,KANPUR,India,579700,1340000,Mumbai,579000,2,1,30,12/06/2004,13/07/2006,Full Time,Uttar Pradesh State Board,Saraswati Vidya Mandir Kanpur,NA,92,10th,14/02/2007,25/03/2010,Full Time,Uttar Pradesh State Board,Radha Niketan College Kanpur,Electronics & Telecommunication,93,12th,14/03/2010,18/09/2014,Full Time,NITA,Motilal Nehru National Institute of Technology Allahabad,Electronics & Telecommunication,81,BE,20/07/2015,22/01/2018,Full Time,NITIE,NITIE Mumbai,Mining Engineering,87,ME,0,29/03/2017,19/09/2018,Full Time,Junior Technical Consultant,TCS,Manufacturing,AGRA,India,,,,,,,,,English,Good,Good,Good,Hindi,Good,Good,Good,Marathi,Good,Good,Good,Guddu,Software Engineer,London,8009800998,,,Naukri.com
88995,Major,Uday,Bhan,uday.bhan@mailinator.com536,7864823536,7894923645,13/04/1990,M,Single,PAN167694536,No,Behind Yaga Baba Hostel Baner,426194,KANPUR,India,579700,1340000,Mumbai,579000,2,1,30,12/06/2004,13/07/2006,Full Time,Uttar Pradesh State Board,Saraswati Vidya Mandir Kanpur,NA,92,10th,14/02/2007,25/03/2010,Full Time,Uttar Pradesh State Board,Radha Niketan College Kanpur,Electronics & Telecommunication,93,12th,14/03/2010,18/09/2014,Full Time,NITA,Motilal Nehru National Institute of Technology Allahabad,Electronics & Telecommunication,81,BE,20/07/2015,22/01/2018,Full Time,NITIE,NITIE Mumbai,Mining Engineering,87,ME,0,29/03/2017,19/09/2018,Full Time,Junior Technical Consultant,TCS,Manufacturing,AGRA,India,,,,,,,,,English,Good,Good,Good,Hindi,Good,Good,Good,Marathi,Good,Good,Good,Guddu,Software Engineer,London,8009800998,,,Naukri.com
88995,Major,Uday,Bhan,uday.bhan@mailinator.com537,7864823537,7894923645,13/04/1990,M,Single,PAN167694537,No,Behind Yaga Baba Hostel Baner,426194,KANPUR,India,579700,1340000,Mumbai,579000,2,1,30,12/06/2004,13/07/2006,Full Time,Uttar Pradesh State Board,Saraswati Vidya Mandir Kanpur,NA,92,10th,14/02/2007,25/03/2010,Full Time,Uttar Pradesh State Board,Radha Niketan College Kanpur,Electronics & Telecommunication,93,12th,14/03/2010,18/09/2014,Full Time,NITA,Motilal Nehru National Institute of Technology Allahabad,Electronics & Telecommunication,81,BE,20/07/2015,22/01/2018,Full Time,NITIE,NITIE Mumbai,Mining Engineering,87,ME,0,29/03/2017,19/09/2018,Full Time,Junior Technical Consultant,TCS,Manufacturing,AGRA,India,,,,,,,,,English,Good,Good,Good,Hindi,Good,Good,Good,Marathi,Good,Good,Good,Guddu,Software Engineer,London,8009800998,,,Naukri.com
88995,Major,Uday,Bhan,uday.bhan@mailinator.com538,7864823538,7894923645,13/04/1990,M,Single,PAN167694538,No,Behind Yaga Baba Hostel Baner,426194,KANPUR,India,579700,1340000,Mumbai,579000,2,1,30,12/06/2004,13/07/2006,Full Time,Uttar Pradesh State Board,Saraswati Vidya Mandir Kanpur,NA,92,10th,14/02/2007,25/03/2010,Full Time,Uttar Pradesh State Board,Radha Niketan College Kanpur,Electronics & Telecommunication,93,12th,14/03/2010,18/09/2014,Full Time,NITA,Motilal Nehru National Institute of Technology Allahabad,Electronics & Telecommunication,81,BE,20/07/2015,22/01/2018,Full Time,NITIE,NITIE Mumbai,Mining Engineering,87,ME,0,29/03/2017,19/09/2018,Full Time,Junior Technical Consultant,TCS,Manufacturing,AGRA,India,,,,,,,,,English,Good,Good,Good,Hindi,Good,Good,Good,Marathi,Good,Good,Good,Guddu,Software Engineer,London,8009800998,,,Naukri.com
88995,Major,Uday,Bhan,uday.bhan@mailinator.com539,7864823539,7894923645,13/04/1990,M,Single,PAN167694539,No,Behind Yaga Baba Hostel Baner,426194,KANPUR,India,579700,1340000,Mumbai,579000,2,1,30,12/06/2004,13/07/2006,Full Time,Uttar Pradesh State Board,Saraswati Vidya Mandir Kanpur,NA,92,10th,14/02/2007,25/03/2010,Full Time,Uttar Pradesh State Board,Radha Niketan College Kanpur,Electronics & Telecommunication,93,12th,14/03/2010,18/09/2014,Full Time,NITA,Motilal Nehru National Institute of Technology Allahabad,Electronics & Telecommunication,81,BE,20/07/2015,22/01/2018,Full Time,NITIE,NITIE Mumbai,Mining Engineering,87,ME,0,29/03/2017,19/09/2018,Full Time,Junior Technical Consultant,TCS,Manufacturing,AGRA,India,,,,,,,,,English,Good,Good,Good,Hindi,Good,Good,Good,Marathi,Good,Good,Good,Guddu,Software Engineer,London,8009800998,,,Naukri.com
88995,Major,Uday,Bhan,uday.bhan@mailinator.com540,7864823540,7894923645,13/04/1990,M,Single,PAN167694540,No,Behind Yaga Baba Hostel Baner,426194,KANPUR,India,579700,1340000,Mumbai,579000,2,1,30,12/06/2004,13/07/2006,Full Time,Uttar Pradesh State Board,Saraswati Vidya Mandir Kanpur,NA,92,10th,14/02/2007,25/03/2010,Full Time,Uttar Pradesh State Board,Radha Niketan College Kanpur,Electronics & Telecommunication,93,12th,14/03/2010,18/09/2014,Full Time,NITA,Motilal Nehru National Institute of Technology Allahabad,Electronics & Telecommunication,81,BE,20/07/2015,22/01/2018,Full Time,NITIE,NITIE Mumbai,Mining Engineering,87,ME,0,29/03/2017,19/09/2018,Full Time,Junior Technical Consultant,TCS,Manufacturing,AGRA,India,,,,,,,,,English,Good,Good,Good,Hindi,Good,Good,Good,Marathi,Good,Good,Good,Guddu,Software Engineer,London,8009800998,,,Naukri.com
88995,Major,Uday,Bhan,uday.bhan@mailinator.com541,7864823541,7894923645,13/04/1990,M,Single,PAN167694541,No,Behind Yaga Baba Hostel Baner,426194,KANPUR,India,579700,1340000,Mumbai,579000,2,1,30,12/06/2004,13/07/2006,Full Time,Uttar Pradesh State Board,Saraswati Vidya Mandir Kanpur,NA,92,10th,14/02/2007,25/03/2010,Full Time,Uttar Pradesh State Board,Radha Niketan College Kanpur,Electronics & Telecommunication,93,12th,14/03/2010,18/09/2014,Full Time,NITA,Motilal Nehru National Institute of Technology Allahabad,Electronics & Telecommunication,81,BE,20/07/2015,22/01/2018,Full Time,NITIE,NITIE Mumbai,Mining Engineering,87,ME,0,29/03/2017,19/09/2018,Full Time,Junior Technical Consultant,TCS,Manufacturing,AGRA,India,,,,,,,,,English,Good,Good,Good,Hindi,Good,Good,Good,Marathi,Good,Good,Good,Guddu,Software Engineer,London,8009800998,,,Naukri.com
88995,Major,Uday,Bhan,uday.bhan@mailinator.com542,7864823542,7894923645,13/04/1990,M,Single,PAN167694542,No,Behind Yaga Baba Hostel Baner,426194,KANPUR,India,579700,1340000,Mumbai,579000,2,1,30,12/06/2004,13/07/2006,Full Time,Uttar Pradesh State Board,Saraswati Vidya Mandir Kanpur,NA,92,10th,14/02/2007,25/03/2010,Full Time,Uttar Pradesh State Board,Radha Niketan College Kanpur,Electronics & Telecommunication,93,12th,14/03/2010,18/09/2014,Full Time,NITA,Motilal Nehru National Institute of Technology Allahabad,Electronics & Telecommunication,81,BE,20/07/2015,22/01/2018,Full Time,NITIE,NITIE Mumbai,Mining Engineering,87,ME,0,29/03/2017,19/09/2018,Full Time,Junior Technical Consultant,TCS,Manufacturing,AGRA,India,,,,,,,,,English,Good,Good,Good,Hindi,Good,Good,Good,Marathi,Good,Good,Good,Guddu,Software Engineer,London,8009800998,,,Naukri.com
88995,Major,Uday,Bhan,uday.bhan@mailinator.com543,7864823543,7894923645,13/04/1990,M,Single,PAN167694543,No,Behind Yaga Baba Hostel Baner,426194,KANPUR,India,579700,1340000,Mumbai,579000,2,1,30,12/06/2004,13/07/2006,Full Time,Uttar Pradesh State Board,Saraswati Vidya Mandir Kanpur,NA,92,10th,14/02/2007,25/03/2010,Full Time,Uttar Pradesh State Board,Radha Niketan College Kanpur,Electronics & Telecommunication,93,12th,14/03/2010,18/09/2014,Full Time,NITA,Motilal Nehru National Institute of Technology Allahabad,Electronics & Telecommunication,81,BE,20/07/2015,22/01/2018,Full Time,NITIE,NITIE Mumbai,Mining Engineering,87,ME,0,29/03/2017,19/09/2018,Full Time,Junior Technical Consultant,TCS,Manufacturing,AGRA,India,,,,,,,,,English,Good,Good,Good,Hindi,Good,Good,Good,Marathi,Good,Good,Good,Guddu,Software Engineer,London,8009800998,,,Naukri.com
88995,Major,Uday,Bhan,uday.bhan@mailinator.com544,7864823544,7894923645,13/04/1990,M,Single,PAN167694544,No,Behind Yaga Baba Hostel Baner,426194,KANPUR,India,579700,1340000,Mumbai,579000,2,1,30,12/06/2004,13/07/2006,Full Time,Uttar Pradesh State Board,Saraswati Vidya Mandir Kanpur,NA,92,10th,14/02/2007,25/03/2010,Full Time,Uttar Pradesh State Board,Radha Niketan College Kanpur,Electronics & Telecommunication,93,12th,14/03/2010,18/09/2014,Full Time,NITA,Motilal Nehru National Institute of Technology Allahabad,Electronics & Telecommunication,81,BE,20/07/2015,22/01/2018,Full Time,NITIE,NITIE Mumbai,Mining Engineering,87,ME,0,29/03/2017,19/09/2018,Full Time,Junior Technical Consultant,TCS,Manufacturing,AGRA,India,,,,,,,,,English,Good,Good,Good,Hindi,Good,Good,Good,Marathi,Good,Good,Good,Guddu,Software Engineer,London,8009800998,,,Naukri.com
88995,Major,Uday,Bhan,uday.bhan@mailinator.com545,7864823545,7894923645,13/04/1990,M,Single,PAN167694545,No,Behind Yaga Baba Hostel Baner,426194,KANPUR,India,579700,1340000,Mumbai,579000,2,1,30,12/06/2004,13/07/2006,Full Time,Uttar Pradesh State Board,Saraswati Vidya Mandir Kanpur,NA,92,10th,14/02/2007,25/03/2010,Full Time,Uttar Pradesh State Board,Radha Niketan College Kanpur,Electronics & Telecommunication,93,12th,14/03/2010,18/09/2014,Full Time,NITA,Motilal Nehru National Institute of Technology Allahabad,Electronics & Telecommunication,81,BE,20/07/2015,22/01/2018,Full Time,NITIE,NITIE Mumbai,Mining Engineering,87,ME,0,29/03/2017,19/09/2018,Full Time,Junior Technical Consultant,TCS,Manufacturing,AGRA,India,,,,,,,,,English,Good,Good,Good,Hindi,Good,Good,Good,Marathi,Good,Good,Good,Guddu,Software Engineer,London,8009800998,,,Naukri.com
88995,Major,Uday,Bhan,uday.bhan@mailinator.com546,7864823546,7894923645,13/04/1990,M,Single,PAN167694546,No,Behind Yaga Baba Hostel Baner,426194,KANPUR,India,579700,1340000,Mumbai,579000,2,1,30,12/06/2004,13/07/2006,Full Time,Uttar Pradesh State Board,Saraswati Vidya Mandir Kanpur,NA,92,10th,14/02/2007,25/03/2010,Full Time,Uttar Pradesh State Board,Radha Niketan College Kanpur,Electronics & Telecommunication,93,12th,14/03/2010,18/09/2014,Full Time,NITA,Motilal Nehru National Institute of Technology Allahabad,Electronics & Telecommunication,81,BE,20/07/2015,22/01/2018,Full Time,NITIE,NITIE Mumbai,Mining Engineering,87,ME,0,29/03/2017,19/09/2018,Full Time,Junior Technical Consultant,TCS,Manufacturing,AGRA,India,,,,,,,,,English,Good,Good,Good,Hindi,Good,Good,Good,Marathi,Good,Good,Good,Guddu,Software Engineer,London,8009800998,,,Naukri.com
88995,Major,Uday,Bhan,uday.bhan@mailinator.com547,7864823547,7894923645,13/04/1990,M,Single,PAN167694547,No,Behind Yaga Baba Hostel Baner,426194,KANPUR,India,579700,1340000,Mumbai,579000,2,1,30,12/06/2004,13/07/2006,Full Time,Uttar Pradesh State Board,Saraswati Vidya Mandir Kanpur,NA,92,10th,14/02/2007,25/03/2010,Full Time,Uttar Pradesh State Board,Radha Niketan College Kanpur,Electronics & Telecommunication,93,12th,14/03/2010,18/09/2014,Full Time,NITA,Motilal Nehru National Institute of Technology Allahabad,Electronics & Telecommunication,81,BE,20/07/2015,22/01/2018,Full Time,NITIE,NITIE Mumbai,Mining Engineering,87,ME,0,29/03/2017,19/09/2018,Full Time,Junior Technical Consultant,TCS,Manufacturing,AGRA,India,,,,,,,,,English,Good,Good,Good,Hindi,Good,Good,Good,Marathi,Good,Good,Good,Guddu,Software Engineer,London,8009800998,,,Naukri.com
88995,Major,Uday,Bhan,uday.bhan@mailinator.com548,7864823548,7894923645,13/04/1990,M,Single,PAN167694548,No,Behind Yaga Baba Hostel Baner,426194,KANPUR,India,579700,1340000,Mumbai,579000,2,1,30,12/06/2004,13/07/2006,Full Time,Uttar Pradesh State Board,Saraswati Vidya Mandir Kanpur,NA,92,10th,14/02/2007,25/03/2010,Full Time,Uttar Pradesh State Board,Radha Niketan College Kanpur,Electronics & Telecommunication,93,12th,14/03/2010,18/09/2014,Full Time,NITA,Motilal Nehru National Institute of Technology Allahabad,Electronics & Telecommunication,81,BE,20/07/2015,22/01/2018,Full Time,NITIE,NITIE Mumbai,Mining Engineering,87,ME,0,29/03/2017,19/09/2018,Full Time,Junior Technical Consultant,TCS,Manufacturing,AGRA,India,,,,,,,,,English,Good,Good,Good,Hindi,Good,Good,Good,Marathi,Good,Good,Good,Guddu,Software Engineer,London,8009800998,,,Naukri.com
88995,Major,Uday,Bhan,uday.bhan@mailinator.com549,7864823549,7894923645,13/04/1990,M,Single,PAN167694549,No,Behind Yaga Baba Hostel Baner,426194,KANPUR,India,579700,1340000,Mumbai,579000,2,1,30,12/06/2004,13/07/2006,Full Time,Uttar Pradesh State Board,Saraswati Vidya Mandir Kanpur,NA,92,10th,14/02/2007,25/03/2010,Full Time,Uttar Pradesh State Board,Radha Niketan College Kanpur,Electronics & Telecommunication,93,12th,14/03/2010,18/09/2014,Full Time,NITA,Motilal Nehru National Institute of Technology Allahabad,Electronics & Telecommunication,81,BE,20/07/2015,22/01/2018,Full Time,NITIE,NITIE Mumbai,Mining Engineering,87,ME,0,29/03/2017,19/09/2018,Full Time,Junior Technical Consultant,TCS,Manufacturing,AGRA,India,,,,,,,,,English,Good,Good,Good,Hindi,Good,Good,Good,Marathi,Good,Good,Good,Guddu,Software Engineer,London,8009800998,,,Naukri.com
88995,Major,Uday,Bhan,uday.bhan@mailinator.com550,7864823550,7894923645,13/04/1990,M,Single,PAN167694550,No,Behind Yaga Baba Hostel Baner,426194,KANPUR,India,579700,1340000,Mumbai,579000,2,1,30,12/06/2004,13/07/2006,Full Time,Uttar Pradesh State Board,Saraswati Vidya Mandir Kanpur,NA,92,10th,14/02/2007,25/03/2010,Full Time,Uttar Pradesh State Board,Radha Niketan College Kanpur,Electronics & Telecommunication,93,12th,14/03/2010,18/09/2014,Full Time,NITA,Motilal Nehru National Institute of Technology Allahabad,Electronics & Telecommunication,81,BE,20/07/2015,22/01/2018,Full Time,NITIE,NITIE Mumbai,Mining Engineering,87,ME,0,29/03/2017,19/09/2018,Full Time,Junior Technical Consultant,TCS,Manufacturing,AGRA,India,,,,,,,,,English,Good,Good,Good,Hindi,Good,Good,Good,Marathi,Good,Good,Good,Guddu,Software Engineer,London,8009800998,,,Naukri.com
88995,Major,Uday,Bhan,uday.bhan@mailinator.com551,7864823551,7894923645,13/04/1990,M,Single,PAN167694551,No,Behind Yaga Baba Hostel Baner,426194,KANPUR,India,579700,1340000,Mumbai,579000,2,1,30,12/06/2004,13/07/2006,Full Time,Uttar Pradesh State Board,Saraswati Vidya Mandir Kanpur,NA,92,10th,14/02/2007,25/03/2010,Full Time,Uttar Pradesh State Board,Radha Niketan College Kanpur,Electronics & Telecommunication,93,12th,14/03/2010,18/09/2014,Full Time,NITA,Motilal Nehru National Institute of Technology Allahabad,Electronics & Telecommunication,81,BE,20/07/2015,22/01/2018,Full Time,NITIE,NITIE Mumbai,Mining Engineering,87,ME,0,29/03/2017,19/09/2018,Full Time,Junior Technical Consultant,TCS,Manufacturing,AGRA,India,,,,,,,,,English,Good,Good,Good,Hindi,Good,Good,Good,Marathi,Good,Good,Good,Guddu,Software Engineer,London,8009800998,,,Naukri.com
88995,Major,Uday,Bhan,uday.bhan@mailinator.com552,7864823552,7894923645,13/04/1990,M,Single,PAN167694552,No,Behind Yaga Baba Hostel Baner,426194,KANPUR,India,579700,1340000,Mumbai,579000,2,1,30,12/06/2004,13/07/2006,Full Time,Uttar Pradesh State Board,Saraswati Vidya Mandir Kanpur,NA,92,10th,14/02/2007,25/03/2010,Full Time,Uttar Pradesh State Board,Radha Niketan College Kanpur,Electronics & Telecommunication,93,12th,14/03/2010,18/09/2014,Full Time,NITA,Motilal Nehru National Institute of Technology Allahabad,Electronics & Telecommunication,81,BE,20/07/2015,22/01/2018,Full Time,NITIE,NITIE Mumbai,Mining Engineering,87,ME,0,29/03/2017,19/09/2018,Full Time,Junior Technical Consultant,TCS,Manufacturing,AGRA,India,,,,,,,,,English,Good,Good,Good,Hindi,Good,Good,Good,Marathi,Good,Good,Good,Guddu,Software Engineer,London,8009800998,,,Naukri.com
88995,Major,Uday,Bhan,uday.bhan@mailinator.com553,7864823553,7894923645,13/04/1990,M,Single,PAN167694553,No,Behind Yaga Baba Hostel Baner,426194,KANPUR,India,579700,1340000,Mumbai,579000,2,1,30,12/06/2004,13/07/2006,Full Time,Uttar Pradesh State Board,Saraswati Vidya Mandir Kanpur,NA,92,10th,14/02/2007,25/03/2010,Full Time,Uttar Pradesh State Board,Radha Niketan College Kanpur,Electronics & Telecommunication,93,12th,14/03/2010,18/09/2014,Full Time,NITA,Motilal Nehru National Institute of Technology Allahabad,Electronics & Telecommunication,81,BE,20/07/2015,22/01/2018,Full Time,NITIE,NITIE Mumbai,Mining Engineering,87,ME,0,29/03/2017,19/09/2018,Full Time,Junior Technical Consultant,TCS,Manufacturing,AGRA,India,,,,,,,,,English,Good,Good,Good,Hindi,Good,Good,Good,Marathi,Good,Good,Good,Guddu,Software Engineer,London,8009800998,,,Naukri.com
88995,Major,Uday,Bhan,uday.bhan@mailinator.com554,7864823554,7894923645,13/04/1990,M,Single,PAN167694554,No,Behind Yaga Baba Hostel Baner,426194,KANPUR,India,579700,1340000,Mumbai,579000,2,1,30,12/06/2004,13/07/2006,Full Time,Uttar Pradesh State Board,Saraswati Vidya Mandir Kanpur,NA,92,10th,14/02/2007,25/03/2010,Full Time,Uttar Pradesh State Board,Radha Niketan College Kanpur,Electronics & Telecommunication,93,12th,14/03/2010,18/09/2014,Full Time,NITA,Motilal Nehru National Institute of Technology Allahabad,Electronics & Telecommunication,81,BE,20/07/2015,22/01/2018,Full Time,NITIE,NITIE Mumbai,Mining Engineering,87,ME,0,29/03/2017,19/09/2018,Full Time,Junior Technical Consultant,TCS,Manufacturing,AGRA,India,,,,,,,,,English,Good,Good,Good,Hindi,Good,Good,Good,Marathi,Good,Good,Good,Guddu,Software Engineer,London,8009800998,,,Naukri.com
88995,Major,Uday,Bhan,uday.bhan@mailinator.com555,7864823555,7894923645,13/04/1990,M,Single,PAN167694555,No,Behind Yaga Baba Hostel Baner,426194,KANPUR,India,579700,1340000,Mumbai,579000,2,1,30,12/06/2004,13/07/2006,Full Time,Uttar Pradesh State Board,Saraswati Vidya Mandir Kanpur,NA,92,10th,14/02/2007,25/03/2010,Full Time,Uttar Pradesh State Board,Radha Niketan College Kanpur,Electronics & Telecommunication,93,12th,14/03/2010,18/09/2014,Full Time,NITA,Motilal Nehru National Institute of Technology Allahabad,Electronics & Telecommunication,81,BE,20/07/2015,22/01/2018,Full Time,NITIE,NITIE Mumbai,Mining Engineering,87,ME,0,29/03/2017,19/09/2018,Full Time,Junior Technical Consultant,TCS,Manufacturing,AGRA,India,,,,,,,,,English,Good,Good,Good,Hindi,Good,Good,Good,Marathi,Good,Good,Good,Guddu,Software Engineer,London,8009800998,,,Naukri.com
88995,Major,Uday,Bhan,uday.bhan@mailinator.com556,7864823556,7894923645,13/04/1990,M,Single,PAN167694556,No,Behind Yaga Baba Hostel Baner,426194,KANPUR,India,579700,1340000,Mumbai,579000,2,1,30,12/06/2004,13/07/2006,Full Time,Uttar Pradesh State Board,Saraswati Vidya Mandir Kanpur,NA,92,10th,14/02/2007,25/03/2010,Full Time,Uttar Pradesh State Board,Radha Niketan College Kanpur,Electronics & Telecommunication,93,12th,14/03/2010,18/09/2014,Full Time,NITA,Motilal Nehru National Institute of Technology Allahabad,Electronics & Telecommunication,81,BE,20/07/2015,22/01/2018,Full Time,NITIE,NITIE Mumbai,Mining Engineering,87,ME,0,29/03/2017,19/09/2018,Full Time,Junior Technical Consultant,TCS,Manufacturing,AGRA,India,,,,,,,,,English,Good,Good,Good,Hindi,Good,Good,Good,Marathi,Good,Good,Good,Guddu,Software Engineer,London,8009800998,,,Naukri.com
88995,Major,Uday,Bhan,uday.bhan@mailinator.com557,7864823557,7894923645,13/04/1990,M,Single,PAN167694557,No,Behind Yaga Baba Hostel Baner,426194,KANPUR,India,579700,1340000,Mumbai,579000,2,1,30,12/06/2004,13/07/2006,Full Time,Uttar Pradesh State Board,Saraswati Vidya Mandir Kanpur,NA,92,10th,14/02/2007,25/03/2010,Full Time,Uttar Pradesh State Board,Radha Niketan College Kanpur,Electronics & Telecommunication,93,12th,14/03/2010,18/09/2014,Full Time,NITA,Motilal Nehru National Institute of Technology Allahabad,Electronics & Telecommunication,81,BE,20/07/2015,22/01/2018,Full Time,NITIE,NITIE Mumbai,Mining Engineering,87,ME,0,29/03/2017,19/09/2018,Full Time,Junior Technical Consultant,TCS,Manufacturing,AGRA,India,,,,,,,,,English,Good,Good,Good,Hindi,Good,Good,Good,Marathi,Good,Good,Good,Guddu,Software Engineer,London,8009800998,,,Naukri.com
88995,Major,Uday,Bhan,uday.bhan@mailinator.com558,7864823558,7894923645,13/04/1990,M,Single,PAN167694558,No,Behind Yaga Baba Hostel Baner,426194,KANPUR,India,579700,1340000,Mumbai,579000,2,1,30,12/06/2004,13/07/2006,Full Time,Uttar Pradesh State Board,Saraswati Vidya Mandir Kanpur,NA,92,10th,14/02/2007,25/03/2010,Full Time,Uttar Pradesh State Board,Radha Niketan College Kanpur,Electronics & Telecommunication,93,12th,14/03/2010,18/09/2014,Full Time,NITA,Motilal Nehru National Institute of Technology Allahabad,Electronics & Telecommunication,81,BE,20/07/2015,22/01/2018,Full Time,NITIE,NITIE Mumbai,Mining Engineering,87,ME,0,29/03/2017,19/09/2018,Full Time,Junior Technical Consultant,TCS,Manufacturing,AGRA,India,,,,,,,,,English,Good,Good,Good,Hindi,Good,Good,Good,Marathi,Good,Good,Good,Guddu,Software Engineer,London,8009800998,,,Naukri.com
88995,Major,Uday,Bhan,uday.bhan@mailinator.com559,7864823559,7894923645,13/04/1990,M,Single,PAN167694559,No,Behind Yaga Baba Hostel Baner,426194,KANPUR,India,579700,1340000,Mumbai,579000,2,1,30,12/06/2004,13/07/2006,Full Time,Uttar Pradesh State Board,Saraswati Vidya Mandir Kanpur,NA,92,10th,14/02/2007,25/03/2010,Full Time,Uttar Pradesh State Board,Radha Niketan College Kanpur,Electronics & Telecommunication,93,12th,14/03/2010,18/09/2014,Full Time,NITA,Motilal Nehru National Institute of Technology Allahabad,Electronics & Telecommunication,81,BE,20/07/2015,22/01/2018,Full Time,NITIE,NITIE Mumbai,Mining Engineering,87,ME,0,29/03/2017,19/09/2018,Full Time,Junior Technical Consultant,TCS,Manufacturing,AGRA,India,,,,,,,,,English,Good,Good,Good,Hindi,Good,Good,Good,Marathi,Good,Good,Good,Guddu,Software Engineer,London,8009800998,,,Naukri.com
88995,Major,Uday,Bhan,uday.bhan@mailinator.com560,7864823560,7894923645,13/04/1990,M,Single,PAN167694560,No,Behind Yaga Baba Hostel Baner,426194,KANPUR,India,579700,1340000,Mumbai,579000,2,1,30,12/06/2004,13/07/2006,Full Time,Uttar Pradesh State Board,Saraswati Vidya Mandir Kanpur,NA,92,10th,14/02/2007,25/03/2010,Full Time,Uttar Pradesh State Board,Radha Niketan College Kanpur,Electronics & Telecommunication,93,12th,14/03/2010,18/09/2014,Full Time,NITA,Motilal Nehru National Institute of Technology Allahabad,Electronics & Telecommunication,81,BE,20/07/2015,22/01/2018,Full Time,NITIE,NITIE Mumbai,Mining Engineering,87,ME,0,29/03/2017,19/09/2018,Full Time,Junior Technical Consultant,TCS,Manufacturing,AGRA,India,,,,,,,,,English,Good,Good,Good,Hindi,Good,Good,Good,Marathi,Good,Good,Good,Guddu,Software Engineer,London,8009800998,,,Naukri.com
88995,Major,Uday,Bhan,uday.bhan@mailinator.com561,7864823561,7894923645,13/04/1990,M,Single,PAN167694561,No,Behind Yaga Baba Hostel Baner,426194,KANPUR,India,579700,1340000,Mumbai,579000,2,1,30,12/06/2004,13/07/2006,Full Time,Uttar Pradesh State Board,Saraswati Vidya Mandir Kanpur,NA,92,10th,14/02/2007,25/03/2010,Full Time,Uttar Pradesh State Board,Radha Niketan College Kanpur,Electronics & Telecommunication,93,12th,14/03/2010,18/09/2014,Full Time,NITA,Motilal Nehru National Institute of Technology Allahabad,Electronics & Telecommunication,81,BE,20/07/2015,22/01/2018,Full Time,NITIE,NITIE Mumbai,Mining Engineering,87,ME,0,29/03/2017,19/09/2018,Full Time,Junior Technical Consultant,TCS,Manufacturing,AGRA,India,,,,,,,,,English,Good,Good,Good,Hindi,Good,Good,Good,Marathi,Good,Good,Good,Guddu,Software Engineer,London,8009800998,,,Naukri.com
88995,Major,Uday,Bhan,uday.bhan@mailinator.com562,7864823562,7894923645,13/04/1990,M,Single,PAN167694562,No,Behind Yaga Baba Hostel Baner,426194,KANPUR,India,579700,1340000,Mumbai,579000,2,1,30,12/06/2004,13/07/2006,Full Time,Uttar Pradesh State Board,Saraswati Vidya Mandir Kanpur,NA,92,10th,14/02/2007,25/03/2010,Full Time,Uttar Pradesh State Board,Radha Niketan College Kanpur,Electronics & Telecommunication,93,12th,14/03/2010,18/09/2014,Full Time,NITA,Motilal Nehru National Institute of Technology Allahabad,Electronics & Telecommunication,81,BE,20/07/2015,22/01/2018,Full Time,NITIE,NITIE Mumbai,Mining Engineering,87,ME,0,29/03/2017,19/09/2018,Full Time,Junior Technical Consultant,TCS,Manufacturing,AGRA,India,,,,,,,,,English,Good,Good,Good,Hindi,Good,Good,Good,Marathi,Good,Good,Good,Guddu,Software Engineer,London,8009800998,,,Naukri.com
88995,Major,Uday,Bhan,uday.bhan@mailinator.com563,7864823563,7894923645,13/04/1990,M,Single,PAN167694563,No,Behind Yaga Baba Hostel Baner,426194,KANPUR,India,579700,1340000,Mumbai,579000,2,1,30,12/06/2004,13/07/2006,Full Time,Uttar Pradesh State Board,Saraswati Vidya Mandir Kanpur,NA,92,10th,14/02/2007,25/03/2010,Full Time,Uttar Pradesh State Board,Radha Niketan College Kanpur,Electronics & Telecommunication,93,12th,14/03/2010,18/09/2014,Full Time,NITA,Motilal Nehru National Institute of Technology Allahabad,Electronics & Telecommunication,81,BE,20/07/2015,22/01/2018,Full Time,NITIE,NITIE Mumbai,Mining Engineering,87,ME,0,29/03/2017,19/09/2018,Full Time,Junior Technical Consultant,TCS,Manufacturing,AGRA,India,,,,,,,,,English,Good,Good,Good,Hindi,Good,Good,Good,Marathi,Good,Good,Good,Guddu,Software Engineer,London,8009800998,,,Naukri.com
88995,Major,Uday,Bhan,uday.bhan@mailinator.com564,7864823564,7894923645,13/04/1990,M,Single,PAN167694564,No,Behind Yaga Baba Hostel Baner,426194,KANPUR,India,579700,1340000,Mumbai,579000,2,1,30,12/06/2004,13/07/2006,Full Time,Uttar Pradesh State Board,Saraswati Vidya Mandir Kanpur,NA,92,10th,14/02/2007,25/03/2010,Full Time,Uttar Pradesh State Board,Radha Niketan College Kanpur,Electronics & Telecommunication,93,12th,14/03/2010,18/09/2014,Full Time,NITA,Motilal Nehru National Institute of Technology Allahabad,Electronics & Telecommunication,81,BE,20/07/2015,22/01/2018,Full Time,NITIE,NITIE Mumbai,Mining Engineering,87,ME,0,29/03/2017,19/09/2018,Full Time,Junior Technical Consultant,TCS,Manufacturing,AGRA,India,,,,,,,,,English,Good,Good,Good,Hindi,Good,Good,Good,Marathi,Good,Good,Good,Guddu,Software Engineer,London,8009800998,,,Naukri.com
88995,Major,Uday,Bhan,uday.bhan@mailinator.com565,7864823565,7894923645,13/04/1990,M,Single,PAN167694565,No,Behind Yaga Baba Hostel Baner,426194,KANPUR,India,579700,1340000,Mumbai,579000,2,1,30,12/06/2004,13/07/2006,Full Time,Uttar Pradesh State Board,Saraswati Vidya Mandir Kanpur,NA,92,10th,14/02/2007,25/03/2010,Full Time,Uttar Pradesh State Board,Radha Niketan College Kanpur,Electronics & Telecommunication,93,12th,14/03/2010,18/09/2014,Full Time,NITA,Motilal Nehru National Institute of Technology Allahabad,Electronics & Telecommunication,81,BE,20/07/2015,22/01/2018,Full Time,NITIE,NITIE Mumbai,Mining Engineering,87,ME,0,29/03/2017,19/09/2018,Full Time,Junior Technical Consultant,TCS,Manufacturing,AGRA,India,,,,,,,,,English,Good,Good,Good,Hindi,Good,Good,Good,Marathi,Good,Good,Good,Guddu,Software Engineer,London,8009800998,,,Naukri.com
88995,Major,Uday,Bhan,uday.bhan@mailinator.com566,7864823566,7894923645,13/04/1990,M,Single,PAN167694566,No,Behind Yaga Baba Hostel Baner,426194,KANPUR,India,579700,1340000,Mumbai,579000,2,1,30,12/06/2004,13/07/2006,Full Time,Uttar Pradesh State Board,Saraswati Vidya Mandir Kanpur,NA,92,10th,14/02/2007,25/03/2010,Full Time,Uttar Pradesh State Board,Radha Niketan College Kanpur,Electronics & Telecommunication,93,12th,14/03/2010,18/09/2014,Full Time,NITA,Motilal Nehru National Institute of Technology Allahabad,Electronics & Telecommunication,81,BE,20/07/2015,22/01/2018,Full Time,NITIE,NITIE Mumbai,Mining Engineering,87,ME,0,29/03/2017,19/09/2018,Full Time,Junior Technical Consultant,TCS,Manufacturing,AGRA,India,,,,,,,,,English,Good,Good,Good,Hindi,Good,Good,Good,Marathi,Good,Good,Good,Guddu,Software Engineer,London,8009800998,,,Naukri.com
88995,Major,Uday,Bhan,uday.bhan@mailinator.com567,7864823567,7894923645,13/04/1990,M,Single,PAN167694567,No,Behind Yaga Baba Hostel Baner,426194,KANPUR,India,579700,1340000,Mumbai,579000,2,1,30,12/06/2004,13/07/2006,Full Time,Uttar Pradesh State Board,Saraswati Vidya Mandir Kanpur,NA,92,10th,14/02/2007,25/03/2010,Full Time,Uttar Pradesh State Board,Radha Niketan College Kanpur,Electronics & Telecommunication,93,12th,14/03/2010,18/09/2014,Full Time,NITA,Motilal Nehru National Institute of Technology Allahabad,Electronics & Telecommunication,81,BE,20/07/2015,22/01/2018,Full Time,NITIE,NITIE Mumbai,Mining Engineering,87,ME,0,29/03/2017,19/09/2018,Full Time,Junior Technical Consultant,TCS,Manufacturing,AGRA,India,,,,,,,,,English,Good,Good,Good,Hindi,Good,Good,Good,Marathi,Good,Good,Good,Guddu,Software Engineer,London,8009800998,,,Naukri.com
88995,Major,Uday,Bhan,uday.bhan@mailinator.com568,7864823568,7894923645,13/04/1990,M,Single,PAN167694568,No,Behind Yaga Baba Hostel Baner,426194,KANPUR,India,579700,1340000,Mumbai,579000,2,1,30,12/06/2004,13/07/2006,Full Time,Uttar Pradesh State Board,Saraswati Vidya Mandir Kanpur,NA,92,10th,14/02/2007,25/03/2010,Full Time,Uttar Pradesh State Board,Radha Niketan College Kanpur,Electronics & Telecommunication,93,12th,14/03/2010,18/09/2014,Full Time,NITA,Motilal Nehru National Institute of Technology Allahabad,Electronics & Telecommunication,81,BE,20/07/2015,22/01/2018,Full Time,NITIE,NITIE Mumbai,Mining Engineering,87,ME,0,29/03/2017,19/09/2018,Full Time,Junior Technical Consultant,TCS,Manufacturing,AGRA,India,,,,,,,,,English,Good,Good,Good,Hindi,Good,Good,Good,Marathi,Good,Good,Good,Guddu,Software Engineer,London,8009800998,,,Naukri.com
88995,Major,Uday,Bhan,uday.bhan@mailinator.com569,7864823569,7894923645,13/04/1990,M,Single,PAN167694569,No,Behind Yaga Baba Hostel Baner,426194,KANPUR,India,579700,1340000,Mumbai,579000,2,1,30,12/06/2004,13/07/2006,Full Time,Uttar Pradesh State Board,Saraswati Vidya Mandir Kanpur,NA,92,10th,14/02/2007,25/03/2010,Full Time,Uttar Pradesh State Board,Radha Niketan College Kanpur,Electronics & Telecommunication,93,12th,14/03/2010,18/09/2014,Full Time,NITA,Motilal Nehru National Institute of Technology Allahabad,Electronics & Telecommunication,81,BE,20/07/2015,22/01/2018,Full Time,NITIE,NITIE Mumbai,Mining Engineering,87,ME,0,29/03/2017,19/09/2018,Full Time,Junior Technical Consultant,TCS,Manufacturing,AGRA,India,,,,,,,,,English,Good,Good,Good,Hindi,Good,Good,Good,Marathi,Good,Good,Good,Guddu,Software Engineer,London,8009800998,,,Naukri.com
88995,Major,Uday,Bhan,uday.bhan@mailinator.com570,7864823570,7894923645,13/04/1990,M,Single,PAN167694570,No,Behind Yaga Baba Hostel Baner,426194,KANPUR,India,579700,1340000,Mumbai,579000,2,1,30,12/06/2004,13/07/2006,Full Time,Uttar Pradesh State Board,Saraswati Vidya Mandir Kanpur,NA,92,10th,14/02/2007,25/03/2010,Full Time,Uttar Pradesh State Board,Radha Niketan College Kanpur,Electronics & Telecommunication,93,12th,14/03/2010,18/09/2014,Full Time,NITA,Motilal Nehru National Institute of Technology Allahabad,Electronics & Telecommunication,81,BE,20/07/2015,22/01/2018,Full Time,NITIE,NITIE Mumbai,Mining Engineering,87,ME,0,29/03/2017,19/09/2018,Full Time,Junior Technical Consultant,TCS,Manufacturing,AGRA,India,,,,,,,,,English,Good,Good,Good,Hindi,Good,Good,Good,Marathi,Good,Good,Good,Guddu,Software Engineer,London,8009800998,,,Naukri.com
88995,Major,Uday,Bhan,uday.bhan@mailinator.com571,7864823571,7894923645,13/04/1990,M,Single,PAN167694571,No,Behind Yaga Baba Hostel Baner,426194,KANPUR,India,579700,1340000,Mumbai,579000,2,1,30,12/06/2004,13/07/2006,Full Time,Uttar Pradesh State Board,Saraswati Vidya Mandir Kanpur,NA,92,10th,14/02/2007,25/03/2010,Full Time,Uttar Pradesh State Board,Radha Niketan College Kanpur,Electronics & Telecommunication,93,12th,14/03/2010,18/09/2014,Full Time,NITA,Motilal Nehru National Institute of Technology Allahabad,Electronics & Telecommunication,81,BE,20/07/2015,22/01/2018,Full Time,NITIE,NITIE Mumbai,Mining Engineering,87,ME,0,29/03/2017,19/09/2018,Full Time,Junior Technical Consultant,TCS,Manufacturing,AGRA,India,,,,,,,,,English,Good,Good,Good,Hindi,Good,Good,Good,Marathi,Good,Good,Good,Guddu,Software Engineer,London,8009800998,,,Naukri.com
88995,Major,Uday,Bhan,uday.bhan@mailinator.com572,7864823572,7894923645,13/04/1990,M,Single,PAN167694572,No,Behind Yaga Baba Hostel Baner,426194,KANPUR,India,579700,1340000,Mumbai,579000,2,1,30,12/06/2004,13/07/2006,Full Time,Uttar Pradesh State Board,Saraswati Vidya Mandir Kanpur,NA,92,10th,14/02/2007,25/03/2010,Full Time,Uttar Pradesh State Board,Radha Niketan College Kanpur,Electronics & Telecommunication,93,12th,14/03/2010,18/09/2014,Full Time,NITA,Motilal Nehru National Institute of Technology Allahabad,Electronics & Telecommunication,81,BE,20/07/2015,22/01/2018,Full Time,NITIE,NITIE Mumbai,Mining Engineering,87,ME,0,29/03/2017,19/09/2018,Full Time,Junior Technical Consultant,TCS,Manufacturing,AGRA,India,,,,,,,,,English,Good,Good,Good,Hindi,Good,Good,Good,Marathi,Good,Good,Good,Guddu,Software Engineer,London,8009800998,,,Naukri.com
88995,Major,Uday,Bhan,uday.bhan@mailinator.com573,7864823573,7894923645,13/04/1990,M,Single,PAN167694573,No,Behind Yaga Baba Hostel Baner,426194,KANPUR,India,579700,1340000,Mumbai,579000,2,1,30,12/06/2004,13/07/2006,Full Time,Uttar Pradesh State Board,Saraswati Vidya Mandir Kanpur,NA,92,10th,14/02/2007,25/03/2010,Full Time,Uttar Pradesh State Board,Radha Niketan College Kanpur,Electronics & Telecommunication,93,12th,14/03/2010,18/09/2014,Full Time,NITA,Motilal Nehru National Institute of Technology Allahabad,Electronics & Telecommunication,81,BE,20/07/2015,22/01/2018,Full Time,NITIE,NITIE Mumbai,Mining Engineering,87,ME,0,29/03/2017,19/09/2018,Full Time,Junior Technical Consultant,TCS,Manufacturing,AGRA,India,,,,,,,,,English,Good,Good,Good,Hindi,Good,Good,Good,Marathi,Good,Good,Good,Guddu,Software Engineer,London,8009800998,,,Naukri.com
88995,Major,Uday,Bhan,uday.bhan@mailinator.com574,7864823574,7894923645,13/04/1990,M,Single,PAN167694574,No,Behind Yaga Baba Hostel Baner,426194,KANPUR,India,579700,1340000,Mumbai,579000,2,1,30,12/06/2004,13/07/2006,Full Time,Uttar Pradesh State Board,Saraswati Vidya Mandir Kanpur,NA,92,10th,14/02/2007,25/03/2010,Full Time,Uttar Pradesh State Board,Radha Niketan College Kanpur,Electronics & Telecommunication,93,12th,14/03/2010,18/09/2014,Full Time,NITA,Motilal Nehru National Institute of Technology Allahabad,Electronics & Telecommunication,81,BE,20/07/2015,22/01/2018,Full Time,NITIE,NITIE Mumbai,Mining Engineering,87,ME,0,29/03/2017,19/09/2018,Full Time,Junior Technical Consultant,TCS,Manufacturing,AGRA,India,,,,,,,,,English,Good,Good,Good,Hindi,Good,Good,Good,Marathi,Good,Good,Good,Guddu,Software Engineer,London,8009800998,,,Naukri.com
88995,Major,Uday,Bhan,uday.bhan@mailinator.com575,7864823575,7894923645,13/04/1990,M,Single,PAN167694575,No,Behind Yaga Baba Hostel Baner,426194,KANPUR,India,579700,1340000,Mumbai,579000,2,1,30,12/06/2004,13/07/2006,Full Time,Uttar Pradesh State Board,Saraswati Vidya Mandir Kanpur,NA,92,10th,14/02/2007,25/03/2010,Full Time,Uttar Pradesh State Board,Radha Niketan College Kanpur,Electronics & Telecommunication,93,12th,14/03/2010,18/09/2014,Full Time,NITA,Motilal Nehru National Institute of Technology Allahabad,Electronics & Telecommunication,81,BE,20/07/2015,22/01/2018,Full Time,NITIE,NITIE Mumbai,Mining Engineering,87,ME,0,29/03/2017,19/09/2018,Full Time,Junior Technical Consultant,TCS,Manufacturing,AGRA,India,,,,,,,,,English,Good,Good,Good,Hindi,Good,Good,Good,Marathi,Good,Good,Good,Guddu,Software Engineer,London,8009800998,,,Naukri.com
88995,Major,Uday,Bhan,uday.bhan@mailinator.com576,7864823576,7894923645,13/04/1990,M,Single,PAN167694576,No,Behind Yaga Baba Hostel Baner,426194,KANPUR,India,579700,1340000,Mumbai,579000,2,1,30,12/06/2004,13/07/2006,Full Time,Uttar Pradesh State Board,Saraswati Vidya Mandir Kanpur,NA,92,10th,14/02/2007,25/03/2010,Full Time,Uttar Pradesh State Board,Radha Niketan College Kanpur,Electronics & Telecommunication,93,12th,14/03/2010,18/09/2014,Full Time,NITA,Motilal Nehru National Institute of Technology Allahabad,Electronics & Telecommunication,81,BE,20/07/2015,22/01/2018,Full Time,NITIE,NITIE Mumbai,Mining Engineering,87,ME,0,29/03/2017,19/09/2018,Full Time,Junior Technical Consultant,TCS,Manufacturing,AGRA,India,,,,,,,,,English,Good,Good,Good,Hindi,Good,Good,Good,Marathi,Good,Good,Good,Guddu,Software Engineer,London,8009800998,,,Naukri.com
88995,Major,Uday,Bhan,uday.bhan@mailinator.com577,7864823577,7894923645,13/04/1990,M,Single,PAN167694577,No,Behind Yaga Baba Hostel Baner,426194,KANPUR,India,579700,1340000,Mumbai,579000,2,1,30,12/06/2004,13/07/2006,Full Time,Uttar Pradesh State Board,Saraswati Vidya Mandir Kanpur,NA,92,10th,14/02/2007,25/03/2010,Full Time,Uttar Pradesh State Board,Radha Niketan College Kanpur,Electronics & Telecommunication,93,12th,14/03/2010,18/09/2014,Full Time,NITA,Motilal Nehru National Institute of Technology Allahabad,Electronics & Telecommunication,81,BE,20/07/2015,22/01/2018,Full Time,NITIE,NITIE Mumbai,Mining Engineering,87,ME,0,29/03/2017,19/09/2018,Full Time,Junior Technical Consultant,TCS,Manufacturing,AGRA,India,,,,,,,,,English,Good,Good,Good,Hindi,Good,Good,Good,Marathi,Good,Good,Good,Guddu,Software Engineer,London,8009800998,,,Naukri.com
88995,Major,Uday,Bhan,uday.bhan@mailinator.com578,7864823578,7894923645,13/04/1990,M,Single,PAN167694578,No,Behind Yaga Baba Hostel Baner,426194,KANPUR,India,579700,1340000,Mumbai,579000,2,1,30,12/06/2004,13/07/2006,Full Time,Uttar Pradesh State Board,Saraswati Vidya Mandir Kanpur,NA,92,10th,14/02/2007,25/03/2010,Full Time,Uttar Pradesh State Board,Radha Niketan College Kanpur,Electronics & Telecommunication,93,12th,14/03/2010,18/09/2014,Full Time,NITA,Motilal Nehru National Institute of Technology Allahabad,Electronics & Telecommunication,81,BE,20/07/2015,22/01/2018,Full Time,NITIE,NITIE Mumbai,Mining Engineering,87,ME,0,29/03/2017,19/09/2018,Full Time,Junior Technical Consultant,TCS,Manufacturing,AGRA,India,,,,,,,,,English,Good,Good,Good,Hindi,Good,Good,Good,Marathi,Good,Good,Good,Guddu,Software Engineer,London,8009800998,,,Naukri.com
88995,Major,Uday,Bhan,uday.bhan@mailinator.com579,7864823579,7894923645,13/04/1990,M,Single,PAN167694579,No,Behind Yaga Baba Hostel Baner,426194,KANPUR,India,579700,1340000,Mumbai,579000,2,1,30,12/06/2004,13/07/2006,Full Time,Uttar Pradesh State Board,Saraswati Vidya Mandir Kanpur,NA,92,10th,14/02/2007,25/03/2010,Full Time,Uttar Pradesh State Board,Radha Niketan College Kanpur,Electronics & Telecommunication,93,12th,14/03/2010,18/09/2014,Full Time,NITA,Motilal Nehru National Institute of Technology Allahabad,Electronics & Telecommunication,81,BE,20/07/2015,22/01/2018,Full Time,NITIE,NITIE Mumbai,Mining Engineering,87,ME,0,29/03/2017,19/09/2018,Full Time,Junior Technical Consultant,TCS,Manufacturing,AGRA,India,,,,,,,,,English,Good,Good,Good,Hindi,Good,Good,Good,Marathi,Good,Good,Good,Guddu,Software Engineer,London,8009800998,,,Naukri.com
88995,Major,Uday,Bhan,uday.bhan@mailinator.com580,7864823580,7894923645,13/04/1990,M,Single,PAN167694580,No,Behind Yaga Baba Hostel Baner,426194,KANPUR,India,579700,1340000,Mumbai,579000,2,1,30,12/06/2004,13/07/2006,Full Time,Uttar Pradesh State Board,Saraswati Vidya Mandir Kanpur,NA,92,10th,14/02/2007,25/03/2010,Full Time,Uttar Pradesh State Board,Radha Niketan College Kanpur,Electronics & Telecommunication,93,12th,14/03/2010,18/09/2014,Full Time,NITA,Motilal Nehru National Institute of Technology Allahabad,Electronics & Telecommunication,81,BE,20/07/2015,22/01/2018,Full Time,NITIE,NITIE Mumbai,Mining Engineering,87,ME,0,29/03/2017,19/09/2018,Full Time,Junior Technical Consultant,TCS,Manufacturing,AGRA,India,,,,,,,,,English,Good,Good,Good,Hindi,Good,Good,Good,Marathi,Good,Good,Good,Guddu,Software Engineer,London,8009800998,,,Naukri.com
88995,Major,Uday,Bhan,uday.bhan@mailinator.com581,7864823581,7894923645,13/04/1990,M,Single,PAN167694581,No,Behind Yaga Baba Hostel Baner,426194,KANPUR,India,579700,1340000,Mumbai,579000,2,1,30,12/06/2004,13/07/2006,Full Time,Uttar Pradesh State Board,Saraswati Vidya Mandir Kanpur,NA,92,10th,14/02/2007,25/03/2010,Full Time,Uttar Pradesh State Board,Radha Niketan College Kanpur,Electronics & Telecommunication,93,12th,14/03/2010,18/09/2014,Full Time,NITA,Motilal Nehru National Institute of Technology Allahabad,Electronics & Telecommunication,81,BE,20/07/2015,22/01/2018,Full Time,NITIE,NITIE Mumbai,Mining Engineering,87,ME,0,29/03/2017,19/09/2018,Full Time,Junior Technical Consultant,TCS,Manufacturing,AGRA,India,,,,,,,,,English,Good,Good,Good,Hindi,Good,Good,Good,Marathi,Good,Good,Good,Guddu,Software Engineer,London,8009800998,,,Naukri.com
88995,Major,Uday,Bhan,uday.bhan@mailinator.com582,7864823582,7894923645,13/04/1990,M,Single,PAN167694582,No,Behind Yaga Baba Hostel Baner,426194,KANPUR,India,579700,1340000,Mumbai,579000,2,1,30,12/06/2004,13/07/2006,Full Time,Uttar Pradesh State Board,Saraswati Vidya Mandir Kanpur,NA,92,10th,14/02/2007,25/03/2010,Full Time,Uttar Pradesh State Board,Radha Niketan College Kanpur,Electronics & Telecommunication,93,12th,14/03/2010,18/09/2014,Full Time,NITA,Motilal Nehru National Institute of Technology Allahabad,Electronics & Telecommunication,81,BE,20/07/2015,22/01/2018,Full Time,NITIE,NITIE Mumbai,Mining Engineering,87,ME,0,29/03/2017,19/09/2018,Full Time,Junior Technical Consultant,TCS,Manufacturing,AGRA,India,,,,,,,,,English,Good,Good,Good,Hindi,Good,Good,Good,Marathi,Good,Good,Good,Guddu,Software Engineer,London,8009800998,,,Naukri.com
88995,Major,Uday,Bhan,uday.bhan@mailinator.com583,7864823583,7894923645,13/04/1990,M,Single,PAN167694583,No,Behind Yaga Baba Hostel Baner,426194,KANPUR,India,579700,1340000,Mumbai,579000,2,1,30,12/06/2004,13/07/2006,Full Time,Uttar Pradesh State Board,Saraswati Vidya Mandir Kanpur,NA,92,10th,14/02/2007,25/03/2010,Full Time,Uttar Pradesh State Board,Radha Niketan College Kanpur,Electronics & Telecommunication,93,12th,14/03/2010,18/09/2014,Full Time,NITA,Motilal Nehru National Institute of Technology Allahabad,Electronics & Telecommunication,81,BE,20/07/2015,22/01/2018,Full Time,NITIE,NITIE Mumbai,Mining Engineering,87,ME,0,29/03/2017,19/09/2018,Full Time,Junior Technical Consultant,TCS,Manufacturing,AGRA,India,,,,,,,,,English,Good,Good,Good,Hindi,Good,Good,Good,Marathi,Good,Good,Good,Guddu,Software Engineer,London,8009800998,,,Naukri.com
88995,Major,Uday,Bhan,uday.bhan@mailinator.com584,7864823584,7894923645,13/04/1990,M,Single,PAN167694584,No,Behind Yaga Baba Hostel Baner,426194,KANPUR,India,579700,1340000,Mumbai,579000,2,1,30,12/06/2004,13/07/2006,Full Time,Uttar Pradesh State Board,Saraswati Vidya Mandir Kanpur,NA,92,10th,14/02/2007,25/03/2010,Full Time,Uttar Pradesh State Board,Radha Niketan College Kanpur,Electronics & Telecommunication,93,12th,14/03/2010,18/09/2014,Full Time,NITA,Motilal Nehru National Institute of Technology Allahabad,Electronics & Telecommunication,81,BE,20/07/2015,22/01/2018,Full Time,NITIE,NITIE Mumbai,Mining Engineering,87,ME,0,29/03/2017,19/09/2018,Full Time,Junior Technical Consultant,TCS,Manufacturing,AGRA,India,,,,,,,,,English,Good,Good,Good,Hindi,Good,Good,Good,Marathi,Good,Good,Good,Guddu,Software Engineer,London,8009800998,,,Naukri.com
88995,Major,Uday,Bhan,uday.bhan@mailinator.com585,7864823585,7894923645,13/04/1990,M,Single,PAN167694585,No,Behind Yaga Baba Hostel Baner,426194,KANPUR,India,579700,1340000,Mumbai,579000,2,1,30,12/06/2004,13/07/2006,Full Time,Uttar Pradesh State Board,Saraswati Vidya Mandir Kanpur,NA,92,10th,14/02/2007,25/03/2010,Full Time,Uttar Pradesh State Board,Radha Niketan College Kanpur,Electronics & Telecommunication,93,12th,14/03/2010,18/09/2014,Full Time,NITA,Motilal Nehru National Institute of Technology Allahabad,Electronics & Telecommunication,81,BE,20/07/2015,22/01/2018,Full Time,NITIE,NITIE Mumbai,Mining Engineering,87,ME,0,29/03/2017,19/09/2018,Full Time,Junior Technical Consultant,TCS,Manufacturing,AGRA,India,,,,,,,,,English,Good,Good,Good,Hindi,Good,Good,Good,Marathi,Good,Good,Good,Guddu,Software Engineer,London,8009800998,,,Naukri.com
88995,Major,Uday,Bhan,uday.bhan@mailinator.com586,7864823586,7894923645,13/04/1990,M,Single,PAN167694586,No,Behind Yaga Baba Hostel Baner,426194,KANPUR,India,579700,1340000,Mumbai,579000,2,1,30,12/06/2004,13/07/2006,Full Time,Uttar Pradesh State Board,Saraswati Vidya Mandir Kanpur,NA,92,10th,14/02/2007,25/03/2010,Full Time,Uttar Pradesh State Board,Radha Niketan College Kanpur,Electronics & Telecommunication,93,12th,14/03/2010,18/09/2014,Full Time,NITA,Motilal Nehru National Institute of Technology Allahabad,Electronics & Telecommunication,81,BE,20/07/2015,22/01/2018,Full Time,NITIE,NITIE Mumbai,Mining Engineering,87,ME,0,29/03/2017,19/09/2018,Full Time,Junior Technical Consultant,TCS,Manufacturing,AGRA,India,,,,,,,,,English,Good,Good,Good,Hindi,Good,Good,Good,Marathi,Good,Good,Good,Guddu,Software Engineer,London,8009800998,,,Naukri.com
88995,Major,Uday,Bhan,uday.bhan@mailinator.com587,7864823587,7894923645,13/04/1990,M,Single,PAN167694587,No,Behind Yaga Baba Hostel Baner,426194,KANPUR,India,579700,1340000,Mumbai,579000,2,1,30,12/06/2004,13/07/2006,Full Time,Uttar Pradesh State Board,Saraswati Vidya Mandir Kanpur,NA,92,10th,14/02/2007,25/03/2010,Full Time,Uttar Pradesh State Board,Radha Niketan College Kanpur,Electronics & Telecommunication,93,12th,14/03/2010,18/09/2014,Full Time,NITA,Motilal Nehru National Institute of Technology Allahabad,Electronics & Telecommunication,81,BE,20/07/2015,22/01/2018,Full Time,NITIE,NITIE Mumbai,Mining Engineering,87,ME,0,29/03/2017,19/09/2018,Full Time,Junior Technical Consultant,TCS,Manufacturing,AGRA,India,,,,,,,,,English,Good,Good,Good,Hindi,Good,Good,Good,Marathi,Good,Good,Good,Guddu,Software Engineer,London,8009800998,,,Naukri.com
88995,Major,Uday,Bhan,uday.bhan@mailinator.com588,7864823588,7894923645,13/04/1990,M,Single,PAN167694588,No,Behind Yaga Baba Hostel Baner,426194,KANPUR,India,579700,1340000,Mumbai,579000,2,1,30,12/06/2004,13/07/2006,Full Time,Uttar Pradesh State Board,Saraswati Vidya Mandir Kanpur,NA,92,10th,14/02/2007,25/03/2010,Full Time,Uttar Pradesh State Board,Radha Niketan College Kanpur,Electronics & Telecommunication,93,12th,14/03/2010,18/09/2014,Full Time,NITA,Motilal Nehru National Institute of Technology Allahabad,Electronics & Telecommunication,81,BE,20/07/2015,22/01/2018,Full Time,NITIE,NITIE Mumbai,Mining Engineering,87,ME,0,29/03/2017,19/09/2018,Full Time,Junior Technical Consultant,TCS,Manufacturing,AGRA,India,,,,,,,,,English,Good,Good,Good,Hindi,Good,Good,Good,Marathi,Good,Good,Good,Guddu,Software Engineer,London,8009800998,,,Naukri.com
88995,Major,Uday,Bhan,uday.bhan@mailinator.com589,7864823589,7894923645,13/04/1990,M,Single,PAN167694589,No,Behind Yaga Baba Hostel Baner,426194,KANPUR,India,579700,1340000,Mumbai,579000,2,1,30,12/06/2004,13/07/2006,Full Time,Uttar Pradesh State Board,Saraswati Vidya Mandir Kanpur,NA,92,10th,14/02/2007,25/03/2010,Full Time,Uttar Pradesh State Board,Radha Niketan College Kanpur,Electronics & Telecommunication,93,12th,14/03/2010,18/09/2014,Full Time,NITA,Motilal Nehru National Institute of Technology Allahabad,Electronics & Telecommunication,81,BE,20/07/2015,22/01/2018,Full Time,NITIE,NITIE Mumbai,Mining Engineering,87,ME,0,29/03/2017,19/09/2018,Full Time,Junior Technical Consultant,TCS,Manufacturing,AGRA,India,,,,,,,,,English,Good,Good,Good,Hindi,Good,Good,Good,Marathi,Good,Good,Good,Guddu,Software Engineer,London,8009800998,,,Naukri.com
88995,Major,Uday,Bhan,uday.bhan@mailinator.com590,7864823590,7894923645,13/04/1990,M,Single,PAN167694590,No,Behind Yaga Baba Hostel Baner,426194,KANPUR,India,579700,1340000,Mumbai,579000,2,1,30,12/06/2004,13/07/2006,Full Time,Uttar Pradesh State Board,Saraswati Vidya Mandir Kanpur,NA,92,10th,14/02/2007,25/03/2010,Full Time,Uttar Pradesh State Board,Radha Niketan College Kanpur,Electronics & Telecommunication,93,12th,14/03/2010,18/09/2014,Full Time,NITA,Motilal Nehru National Institute of Technology Allahabad,Electronics & Telecommunication,81,BE,20/07/2015,22/01/2018,Full Time,NITIE,NITIE Mumbai,Mining Engineering,87,ME,0,29/03/2017,19/09/2018,Full Time,Junior Technical Consultant,TCS,Manufacturing,AGRA,India,,,,,,,,,English,Good,Good,Good,Hindi,Good,Good,Good,Marathi,Good,Good,Good,Guddu,Software Engineer,London,8009800998,,,Naukri.com
88995,Major,Uday,Bhan,uday.bhan@mailinator.com591,7864823591,7894923645,13/04/1990,M,Single,PAN167694591,No,Behind Yaga Baba Hostel Baner,426194,KANPUR,India,579700,1340000,Mumbai,579000,2,1,30,12/06/2004,13/07/2006,Full Time,Uttar Pradesh State Board,Saraswati Vidya Mandir Kanpur,NA,92,10th,14/02/2007,25/03/2010,Full Time,Uttar Pradesh State Board,Radha Niketan College Kanpur,Electronics & Telecommunication,93,12th,14/03/2010,18/09/2014,Full Time,NITA,Motilal Nehru National Institute of Technology Allahabad,Electronics & Telecommunication,81,BE,20/07/2015,22/01/2018,Full Time,NITIE,NITIE Mumbai,Mining Engineering,87,ME,0,29/03/2017,19/09/2018,Full Time,Junior Technical Consultant,TCS,Manufacturing,AGRA,India,,,,,,,,,English,Good,Good,Good,Hindi,Good,Good,Good,Marathi,Good,Good,Good,Guddu,Software Engineer,London,8009800998,,,Naukri.com
88995,Major,Uday,Bhan,uday.bhan@mailinator.com592,7864823592,7894923645,13/04/1990,M,Single,PAN167694592,No,Behind Yaga Baba Hostel Baner,426194,KANPUR,India,579700,1340000,Mumbai,579000,2,1,30,12/06/2004,13/07/2006,Full Time,Uttar Pradesh State Board,Saraswati Vidya Mandir Kanpur,NA,92,10th,14/02/2007,25/03/2010,Full Time,Uttar Pradesh State Board,Radha Niketan College Kanpur,Electronics & Telecommunication,93,12th,14/03/2010,18/09/2014,Full Time,NITA,Motilal Nehru National Institute of Technology Allahabad,Electronics & Telecommunication,81,BE,20/07/2015,22/01/2018,Full Time,NITIE,NITIE Mumbai,Mining Engineering,87,ME,0,29/03/2017,19/09/2018,Full Time,Junior Technical Consultant,TCS,Manufacturing,AGRA,India,,,,,,,,,English,Good,Good,Good,Hindi,Good,Good,Good,Marathi,Good,Good,Good,Guddu,Software Engineer,London,8009800998,,,Naukri.com
88995,Major,Uday,Bhan,uday.bhan@mailinator.com593,7864823593,7894923645,13/04/1990,M,Single,PAN167694593,No,Behind Yaga Baba Hostel Baner,426194,KANPUR,India,579700,1340000,Mumbai,579000,2,1,30,12/06/2004,13/07/2006,Full Time,Uttar Pradesh State Board,Saraswati Vidya Mandir Kanpur,NA,92,10th,14/02/2007,25/03/2010,Full Time,Uttar Pradesh State Board,Radha Niketan College Kanpur,Electronics & Telecommunication,93,12th,14/03/2010,18/09/2014,Full Time,NITA,Motilal Nehru National Institute of Technology Allahabad,Electronics & Telecommunication,81,BE,20/07/2015,22/01/2018,Full Time,NITIE,NITIE Mumbai,Mining Engineering,87,ME,0,29/03/2017,19/09/2018,Full Time,Junior Technical Consultant,TCS,Manufacturing,AGRA,India,,,,,,,,,English,Good,Good,Good,Hindi,Good,Good,Good,Marathi,Good,Good,Good,Guddu,Software Engineer,London,8009800998,,,Naukri.com
88995,Major,Uday,Bhan,uday.bhan@mailinator.com594,7864823594,7894923645,13/04/1990,M,Single,PAN167694594,No,Behind Yaga Baba Hostel Baner,426194,KANPUR,India,579700,1340000,Mumbai,579000,2,1,30,12/06/2004,13/07/2006,Full Time,Uttar Pradesh State Board,Saraswati Vidya Mandir Kanpur,NA,92,10th,14/02/2007,25/03/2010,Full Time,Uttar Pradesh State Board,Radha Niketan College Kanpur,Electronics & Telecommunication,93,12th,14/03/2010,18/09/2014,Full Time,NITA,Motilal Nehru National Institute of Technology Allahabad,Electronics & Telecommunication,81,BE,20/07/2015,22/01/2018,Full Time,NITIE,NITIE Mumbai,Mining Engineering,87,ME,0,29/03/2017,19/09/2018,Full Time,Junior Technical Consultant,TCS,Manufacturing,AGRA,India,,,,,,,,,English,Good,Good,Good,Hindi,Good,Good,Good,Marathi,Good,Good,Good,Guddu,Software Engineer,London,8009800998,,,Naukri.com
88995,Major,Uday,Bhan,uday.bhan@mailinator.com595,7864823595,7894923645,13/04/1990,M,Single,PAN167694595,No,Behind Yaga Baba Hostel Baner,426194,KANPUR,India,579700,1340000,Mumbai,579000,2,1,30,12/06/2004,13/07/2006,Full Time,Uttar Pradesh State Board,Saraswati Vidya Mandir Kanpur,NA,92,10th,14/02/2007,25/03/2010,Full Time,Uttar Pradesh State Board,Radha Niketan College Kanpur,Electronics & Telecommunication,93,12th,14/03/2010,18/09/2014,Full Time,NITA,Motilal Nehru National Institute of Technology Allahabad,Electronics & Telecommunication,81,BE,20/07/2015,22/01/2018,Full Time,NITIE,NITIE Mumbai,Mining Engineering,87,ME,0,29/03/2017,19/09/2018,Full Time,Junior Technical Consultant,TCS,Manufacturing,AGRA,India,,,,,,,,,English,Good,Good,Good,Hindi,Good,Good,Good,Marathi,Good,Good,Good,Guddu,Software Engineer,London,8009800998,,,Naukri.com
88995,Major,Uday,Bhan,uday.bhan@mailinator.com596,7864823596,7894923645,13/04/1990,M,Single,PAN167694596,No,Behind Yaga Baba Hostel Baner,426194,KANPUR,India,579700,1340000,Mumbai,579000,2,1,30,12/06/2004,13/07/2006,Full Time,Uttar Pradesh State Board,Saraswati Vidya Mandir Kanpur,NA,92,10th,14/02/2007,25/03/2010,Full Time,Uttar Pradesh State Board,Radha Niketan College Kanpur,Electronics & Telecommunication,93,12th,14/03/2010,18/09/2014,Full Time,NITA,Motilal Nehru National Institute of Technology Allahabad,Electronics & Telecommunication,81,BE,20/07/2015,22/01/2018,Full Time,NITIE,NITIE Mumbai,Mining Engineering,87,ME,0,29/03/2017,19/09/2018,Full Time,Junior Technical Consultant,TCS,Manufacturing,AGRA,India,,,,,,,,,English,Good,Good,Good,Hindi,Good,Good,Good,Marathi,Good,Good,Good,Guddu,Software Engineer,London,8009800998,,,Naukri.com
88995,Major,Uday,Bhan,uday.bhan@mailinator.com597,7864823597,7894923645,13/04/1990,M,Single,PAN167694597,No,Behind Yaga Baba Hostel Baner,426194,KANPUR,India,579700,1340000,Mumbai,579000,2,1,30,12/06/2004,13/07/2006,Full Time,Uttar Pradesh State Board,Saraswati Vidya Mandir Kanpur,NA,92,10th,14/02/2007,25/03/2010,Full Time,Uttar Pradesh State Board,Radha Niketan College Kanpur,Electronics & Telecommunication,93,12th,14/03/2010,18/09/2014,Full Time,NITA,Motilal Nehru National Institute of Technology Allahabad,Electronics & Telecommunication,81,BE,20/07/2015,22/01/2018,Full Time,NITIE,NITIE Mumbai,Mining Engineering,87,ME,0,29/03/2017,19/09/2018,Full Time,Junior Technical Consultant,TCS,Manufacturing,AGRA,India,,,,,,,,,English,Good,Good,Good,Hindi,Good,Good,Good,Marathi,Good,Good,Good,Guddu,Software Engineer,London,8009800998,,,Naukri.com
88995,Major,Uday,Bhan,uday.bhan@mailinator.com598,7864823598,7894923645,13/04/1990,M,Single,PAN167694598,No,Behind Yaga Baba Hostel Baner,426194,KANPUR,India,579700,1340000,Mumbai,579000,2,1,30,12/06/2004,13/07/2006,Full Time,Uttar Pradesh State Board,Saraswati Vidya Mandir Kanpur,NA,92,10th,14/02/2007,25/03/2010,Full Time,Uttar Pradesh State Board,Radha Niketan College Kanpur,Electronics & Telecommunication,93,12th,14/03/2010,18/09/2014,Full Time,NITA,Motilal Nehru National Institute of Technology Allahabad,Electronics & Telecommunication,81,BE,20/07/2015,22/01/2018,Full Time,NITIE,NITIE Mumbai,Mining Engineering,87,ME,0,29/03/2017,19/09/2018,Full Time,Junior Technical Consultant,TCS,Manufacturing,AGRA,India,,,,,,,,,English,Good,Good,Good,Hindi,Good,Good,Good,Marathi,Good,Good,Good,Guddu,Software Engineer,London,8009800998,,,Naukri.com
88995,Major,Uday,Bhan,uday.bhan@mailinator.com599,7864823599,7894923645,13/04/1990,M,Single,PAN167694599,No,Behind Yaga Baba Hostel Baner,426194,KANPUR,India,579700,1340000,Mumbai,579000,2,1,30,12/06/2004,13/07/2006,Full Time,Uttar Pradesh State Board,Saraswati Vidya Mandir Kanpur,NA,92,10th,14/02/2007,25/03/2010,Full Time,Uttar Pradesh State Board,Radha Niketan College Kanpur,Electronics & Telecommunication,93,12th,14/03/2010,18/09/2014,Full Time,NITA,Motilal Nehru National Institute of Technology Allahabad,Electronics & Telecommunication,81,BE,20/07/2015,22/01/2018,Full Time,NITIE,NITIE Mumbai,Mining Engineering,87,ME,0,29/03/2017,19/09/2018,Full Time,Junior Technical Consultant,TCS,Manufacturing,AGRA,India,,,,,,,,,English,Good,Good,Good,Hindi,Good,Good,Good,Marathi,Good,Good,Good,Guddu,Software Engineer,London,8009800998,,,Naukri.com
88995,Major,Uday,Bhan,uday.bhan@mailinator.com600,7864823600,7894923645,13/04/1990,M,Single,PAN167694600,No,Behind Yaga Baba Hostel Baner,426194,KANPUR,India,579700,1340000,Mumbai,579000,2,1,30,12/06/2004,13/07/2006,Full Time,Uttar Pradesh State Board,Saraswati Vidya Mandir Kanpur,NA,92,10th,14/02/2007,25/03/2010,Full Time,Uttar Pradesh State Board,Radha Niketan College Kanpur,Electronics & Telecommunication,93,12th,14/03/2010,18/09/2014,Full Time,NITA,Motilal Nehru National Institute of Technology Allahabad,Electronics & Telecommunication,81,BE,20/07/2015,22/01/2018,Full Time,NITIE,NITIE Mumbai,Mining Engineering,87,ME,0,29/03/2017,19/09/2018,Full Time,Junior Technical Consultant,TCS,Manufacturing,AGRA,India,,,,,,,,,English,Good,Good,Good,Hindi,Good,Good,Good,Marathi,Good,Good,Good,Guddu,Software Engineer,London,8009800998,,,Naukri.com
88995,Major,Uday,Bhan,uday.bhan@mailinator.com601,7864823601,7894923645,13/04/1990,M,Single,PAN167694601,No,Behind Yaga Baba Hostel Baner,426194,KANPUR,India,579700,1340000,Mumbai,579000,2,1,30,12/06/2004,13/07/2006,Full Time,Uttar Pradesh State Board,Saraswati Vidya Mandir Kanpur,NA,92,10th,14/02/2007,25/03/2010,Full Time,Uttar Pradesh State Board,Radha Niketan College Kanpur,Electronics & Telecommunication,93,12th,14/03/2010,18/09/2014,Full Time,NITA,Motilal Nehru National Institute of Technology Allahabad,Electronics & Telecommunication,81,BE,20/07/2015,22/01/2018,Full Time,NITIE,NITIE Mumbai,Mining Engineering,87,ME,0,29/03/2017,19/09/2018,Full Time,Junior Technical Consultant,TCS,Manufacturing,AGRA,India,,,,,,,,,English,Good,Good,Good,Hindi,Good,Good,Good,Marathi,Good,Good,Good,Guddu,Software Engineer,London,8009800998,,,Naukri.com
88995,Major,Uday,Bhan,uday.bhan@mailinator.com602,7864823602,7894923645,13/04/1990,M,Single,PAN167694602,No,Behind Yaga Baba Hostel Baner,426194,KANPUR,India,579700,1340000,Mumbai,579000,2,1,30,12/06/2004,13/07/2006,Full Time,Uttar Pradesh State Board,Saraswati Vidya Mandir Kanpur,NA,92,10th,14/02/2007,25/03/2010,Full Time,Uttar Pradesh State Board,Radha Niketan College Kanpur,Electronics & Telecommunication,93,12th,14/03/2010,18/09/2014,Full Time,NITA,Motilal Nehru National Institute of Technology Allahabad,Electronics & Telecommunication,81,BE,20/07/2015,22/01/2018,Full Time,NITIE,NITIE Mumbai,Mining Engineering,87,ME,0,29/03/2017,19/09/2018,Full Time,Junior Technical Consultant,TCS,Manufacturing,AGRA,India,,,,,,,,,English,Good,Good,Good,Hindi,Good,Good,Good,Marathi,Good,Good,Good,Guddu,Software Engineer,London,8009800998,,,Naukri.com
88995,Major,Uday,Bhan,uday.bhan@mailinator.com603,7864823603,7894923645,13/04/1990,M,Single,PAN167694603,No,Behind Yaga Baba Hostel Baner,426194,KANPUR,India,579700,1340000,Mumbai,579000,2,1,30,12/06/2004,13/07/2006,Full Time,Uttar Pradesh State Board,Saraswati Vidya Mandir Kanpur,NA,92,10th,14/02/2007,25/03/2010,Full Time,Uttar Pradesh State Board,Radha Niketan College Kanpur,Electronics & Telecommunication,93,12th,14/03/2010,18/09/2014,Full Time,NITA,Motilal Nehru National Institute of Technology Allahabad,Electronics & Telecommunication,81,BE,20/07/2015,22/01/2018,Full Time,NITIE,NITIE Mumbai,Mining Engineering,87,ME,0,29/03/2017,19/09/2018,Full Time,Junior Technical Consultant,TCS,Manufacturing,AGRA,India,,,,,,,,,English,Good,Good,Good,Hindi,Good,Good,Good,Marathi,Good,Good,Good,Guddu,Software Engineer,London,8009800998,,,Naukri.com
88995,Major,Uday,Bhan,uday.bhan@mailinator.com604,7864823604,7894923645,13/04/1990,M,Single,PAN167694604,No,Behind Yaga Baba Hostel Baner,426194,KANPUR,India,579700,1340000,Mumbai,579000,2,1,30,12/06/2004,13/07/2006,Full Time,Uttar Pradesh State Board,Saraswati Vidya Mandir Kanpur,NA,92,10th,14/02/2007,25/03/2010,Full Time,Uttar Pradesh State Board,Radha Niketan College Kanpur,Electronics & Telecommunication,93,12th,14/03/2010,18/09/2014,Full Time,NITA,Motilal Nehru National Institute of Technology Allahabad,Electronics & Telecommunication,81,BE,20/07/2015,22/01/2018,Full Time,NITIE,NITIE Mumbai,Mining Engineering,87,ME,0,29/03/2017,19/09/2018,Full Time,Junior Technical Consultant,TCS,Manufacturing,AGRA,India,,,,,,,,,English,Good,Good,Good,Hindi,Good,Good,Good,Marathi,Good,Good,Good,Guddu,Software Engineer,London,8009800998,,,Naukri.com
88995,Major,Uday,Bhan,uday.bhan@mailinator.com605,7864823605,7894923645,13/04/1990,M,Single,PAN167694605,No,Behind Yaga Baba Hostel Baner,426194,KANPUR,India,579700,1340000,Mumbai,579000,2,1,30,12/06/2004,13/07/2006,Full Time,Uttar Pradesh State Board,Saraswati Vidya Mandir Kanpur,NA,92,10th,14/02/2007,25/03/2010,Full Time,Uttar Pradesh State Board,Radha Niketan College Kanpur,Electronics & Telecommunication,93,12th,14/03/2010,18/09/2014,Full Time,NITA,Motilal Nehru National Institute of Technology Allahabad,Electronics & Telecommunication,81,BE,20/07/2015,22/01/2018,Full Time,NITIE,NITIE Mumbai,Mining Engineering,87,ME,0,29/03/2017,19/09/2018,Full Time,Junior Technical Consultant,TCS,Manufacturing,AGRA,India,,,,,,,,,English,Good,Good,Good,Hindi,Good,Good,Good,Marathi,Good,Good,Good,Guddu,Software Engineer,London,8009800998,,,Naukri.com
88995,Major,Uday,Bhan,uday.bhan@mailinator.com606,7864823606,7894923645,13/04/1990,M,Single,PAN167694606,No,Behind Yaga Baba Hostel Baner,426194,KANPUR,India,579700,1340000,Mumbai,579000,2,1,30,12/06/2004,13/07/2006,Full Time,Uttar Pradesh State Board,Saraswati Vidya Mandir Kanpur,NA,92,10th,14/02/2007,25/03/2010,Full Time,Uttar Pradesh State Board,Radha Niketan College Kanpur,Electronics & Telecommunication,93,12th,14/03/2010,18/09/2014,Full Time,NITA,Motilal Nehru National Institute of Technology Allahabad,Electronics & Telecommunication,81,BE,20/07/2015,22/01/2018,Full Time,NITIE,NITIE Mumbai,Mining Engineering,87,ME,0,29/03/2017,19/09/2018,Full Time,Junior Technical Consultant,TCS,Manufacturing,AGRA,India,,,,,,,,,English,Good,Good,Good,Hindi,Good,Good,Good,Marathi,Good,Good,Good,Guddu,Software Engineer,London,8009800998,,,Naukri.com
88995,Major,Uday,Bhan,uday.bhan@mailinator.com607,7864823607,7894923645,13/04/1990,M,Single,PAN167694607,No,Behind Yaga Baba Hostel Baner,426194,KANPUR,India,579700,1340000,Mumbai,579000,2,1,30,12/06/2004,13/07/2006,Full Time,Uttar Pradesh State Board,Saraswati Vidya Mandir Kanpur,NA,92,10th,14/02/2007,25/03/2010,Full Time,Uttar Pradesh State Board,Radha Niketan College Kanpur,Electronics & Telecommunication,93,12th,14/03/2010,18/09/2014,Full Time,NITA,Motilal Nehru National Institute of Technology Allahabad,Electronics & Telecommunication,81,BE,20/07/2015,22/01/2018,Full Time,NITIE,NITIE Mumbai,Mining Engineering,87,ME,0,29/03/2017,19/09/2018,Full Time,Junior Technical Consultant,TCS,Manufacturing,AGRA,India,,,,,,,,,English,Good,Good,Good,Hindi,Good,Good,Good,Marathi,Good,Good,Good,Guddu,Software Engineer,London,8009800998,,,Naukri.com
88995,Major,Uday,Bhan,uday.bhan@mailinator.com608,7864823608,7894923645,13/04/1990,M,Single,PAN167694608,No,Behind Yaga Baba Hostel Baner,426194,KANPUR,India,579700,1340000,Mumbai,579000,2,1,30,12/06/2004,13/07/2006,Full Time,Uttar Pradesh State Board,Saraswati Vidya Mandir Kanpur,NA,92,10th,14/02/2007,25/03/2010,Full Time,Uttar Pradesh State Board,Radha Niketan College Kanpur,Electronics & Telecommunication,93,12th,14/03/2010,18/09/2014,Full Time,NITA,Motilal Nehru National Institute of Technology Allahabad,Electronics & Telecommunication,81,BE,20/07/2015,22/01/2018,Full Time,NITIE,NITIE Mumbai,Mining Engineering,87,ME,0,29/03/2017,19/09/2018,Full Time,Junior Technical Consultant,TCS,Manufacturing,AGRA,India,,,,,,,,,English,Good,Good,Good,Hindi,Good,Good,Good,Marathi,Good,Good,Good,Guddu,Software Engineer,London,8009800998,,,Naukri.com
88995,Major,Uday,Bhan,uday.bhan@mailinator.com609,7864823609,7894923645,13/04/1990,M,Single,PAN167694609,No,Behind Yaga Baba Hostel Baner,426194,KANPUR,India,579700,1340000,Mumbai,579000,2,1,30,12/06/2004,13/07/2006,Full Time,Uttar Pradesh State Board,Saraswati Vidya Mandir Kanpur,NA,92,10th,14/02/2007,25/03/2010,Full Time,Uttar Pradesh State Board,Radha Niketan College Kanpur,Electronics & Telecommunication,93,12th,14/03/2010,18/09/2014,Full Time,NITA,Motilal Nehru National Institute of Technology Allahabad,Electronics & Telecommunication,81,BE,20/07/2015,22/01/2018,Full Time,NITIE,NITIE Mumbai,Mining Engineering,87,ME,0,29/03/2017,19/09/2018,Full Time,Junior Technical Consultant,TCS,Manufacturing,AGRA,India,,,,,,,,,English,Good,Good,Good,Hindi,Good,Good,Good,Marathi,Good,Good,Good,Guddu,Software Engineer,London,8009800998,,,Naukri.com
88995,Major,Uday,Bhan,uday.bhan@mailinator.com610,7864823610,7894923645,13/04/1990,M,Single,PAN167694610,No,Behind Yaga Baba Hostel Baner,426194,KANPUR,India,579700,1340000,Mumbai,579000,2,1,30,12/06/2004,13/07/2006,Full Time,Uttar Pradesh State Board,Saraswati Vidya Mandir Kanpur,NA,92,10th,14/02/2007,25/03/2010,Full Time,Uttar Pradesh State Board,Radha Niketan College Kanpur,Electronics & Telecommunication,93,12th,14/03/2010,18/09/2014,Full Time,NITA,Motilal Nehru National Institute of Technology Allahabad,Electronics & Telecommunication,81,BE,20/07/2015,22/01/2018,Full Time,NITIE,NITIE Mumbai,Mining Engineering,87,ME,0,29/03/2017,19/09/2018,Full Time,Junior Technical Consultant,TCS,Manufacturing,AGRA,India,,,,,,,,,English,Good,Good,Good,Hindi,Good,Good,Good,Marathi,Good,Good,Good,Guddu,Software Engineer,London,8009800998,,,Naukri.com
88995,Major,Uday,Bhan,uday.bhan@mailinator.com611,7864823611,7894923645,13/04/1990,M,Single,PAN167694611,No,Behind Yaga Baba Hostel Baner,426194,KANPUR,India,579700,1340000,Mumbai,579000,2,1,30,12/06/2004,13/07/2006,Full Time,Uttar Pradesh State Board,Saraswati Vidya Mandir Kanpur,NA,92,10th,14/02/2007,25/03/2010,Full Time,Uttar Pradesh State Board,Radha Niketan College Kanpur,Electronics & Telecommunication,93,12th,14/03/2010,18/09/2014,Full Time,NITA,Motilal Nehru National Institute of Technology Allahabad,Electronics & Telecommunication,81,BE,20/07/2015,22/01/2018,Full Time,NITIE,NITIE Mumbai,Mining Engineering,87,ME,0,29/03/2017,19/09/2018,Full Time,Junior Technical Consultant,TCS,Manufacturing,AGRA,India,,,,,,,,,English,Good,Good,Good,Hindi,Good,Good,Good,Marathi,Good,Good,Good,Guddu,Software Engineer,London,8009800998,,,Naukri.com
88995,Major,Uday,Bhan,uday.bhan@mailinator.com612,7864823612,7894923645,13/04/1990,M,Single,PAN167694612,No,Behind Yaga Baba Hostel Baner,426194,KANPUR,India,579700,1340000,Mumbai,579000,2,1,30,12/06/2004,13/07/2006,Full Time,Uttar Pradesh State Board,Saraswati Vidya Mandir Kanpur,NA,92,10th,14/02/2007,25/03/2010,Full Time,Uttar Pradesh State Board,Radha Niketan College Kanpur,Electronics & Telecommunication,93,12th,14/03/2010,18/09/2014,Full Time,NITA,Motilal Nehru National Institute of Technology Allahabad,Electronics & Telecommunication,81,BE,20/07/2015,22/01/2018,Full Time,NITIE,NITIE Mumbai,Mining Engineering,87,ME,0,29/03/2017,19/09/2018,Full Time,Junior Technical Consultant,TCS,Manufacturing,AGRA,India,,,,,,,,,English,Good,Good,Good,Hindi,Good,Good,Good,Marathi,Good,Good,Good,Guddu,Software Engineer,London,8009800998,,,Naukri.com
88995,Major,Uday,Bhan,uday.bhan@mailinator.com613,7864823613,7894923645,13/04/1990,M,Single,PAN167694613,No,Behind Yaga Baba Hostel Baner,426194,KANPUR,India,579700,1340000,Mumbai,579000,2,1,30,12/06/2004,13/07/2006,Full Time,Uttar Pradesh State Board,Saraswati Vidya Mandir Kanpur,NA,92,10th,14/02/2007,25/03/2010,Full Time,Uttar Pradesh State Board,Radha Niketan College Kanpur,Electronics & Telecommunication,93,12th,14/03/2010,18/09/2014,Full Time,NITA,Motilal Nehru National Institute of Technology Allahabad,Electronics & Telecommunication,81,BE,20/07/2015,22/01/2018,Full Time,NITIE,NITIE Mumbai,Mining Engineering,87,ME,0,29/03/2017,19/09/2018,Full Time,Junior Technical Consultant,TCS,Manufacturing,AGRA,India,,,,,,,,,English,Good,Good,Good,Hindi,Good,Good,Good,Marathi,Good,Good,Good,Guddu,Software Engineer,London,8009800998,,,Naukri.com
88995,Major,Uday,Bhan,uday.bhan@mailinator.com614,7864823614,7894923645,13/04/1990,M,Single,PAN167694614,No,Behind Yaga Baba Hostel Baner,426194,KANPUR,India,579700,1340000,Mumbai,579000,2,1,30,12/06/2004,13/07/2006,Full Time,Uttar Pradesh State Board,Saraswati Vidya Mandir Kanpur,NA,92,10th,14/02/2007,25/03/2010,Full Time,Uttar Pradesh State Board,Radha Niketan College Kanpur,Electronics & Telecommunication,93,12th,14/03/2010,18/09/2014,Full Time,NITA,Motilal Nehru National Institute of Technology Allahabad,Electronics & Telecommunication,81,BE,20/07/2015,22/01/2018,Full Time,NITIE,NITIE Mumbai,Mining Engineering,87,ME,0,29/03/2017,19/09/2018,Full Time,Junior Technical Consultant,TCS,Manufacturing,AGRA,India,,,,,,,,,English,Good,Good,Good,Hindi,Good,Good,Good,Marathi,Good,Good,Good,Guddu,Software Engineer,London,8009800998,,,Naukri.com
88995,Major,Uday,Bhan,uday.bhan@mailinator.com615,7864823615,7894923645,13/04/1990,M,Single,PAN167694615,No,Behind Yaga Baba Hostel Baner,426194,KANPUR,India,579700,1340000,Mumbai,579000,2,1,30,12/06/2004,13/07/2006,Full Time,Uttar Pradesh State Board,Saraswati Vidya Mandir Kanpur,NA,92,10th,14/02/2007,25/03/2010,Full Time,Uttar Pradesh State Board,Radha Niketan College Kanpur,Electronics & Telecommunication,93,12th,14/03/2010,18/09/2014,Full Time,NITA,Motilal Nehru National Institute of Technology Allahabad,Electronics & Telecommunication,81,BE,20/07/2015,22/01/2018,Full Time,NITIE,NITIE Mumbai,Mining Engineering,87,ME,0,29/03/2017,19/09/2018,Full Time,Junior Technical Consultant,TCS,Manufacturing,AGRA,India,,,,,,,,,English,Good,Good,Good,Hindi,Good,Good,Good,Marathi,Good,Good,Good,Guddu,Software Engineer,London,8009800998,,,Naukri.com
88995,Major,Uday,Bhan,uday.bhan@mailinator.com616,7864823616,7894923645,13/04/1990,M,Single,PAN167694616,No,Behind Yaga Baba Hostel Baner,426194,KANPUR,India,579700,1340000,Mumbai,579000,2,1,30,12/06/2004,13/07/2006,Full Time,Uttar Pradesh State Board,Saraswati Vidya Mandir Kanpur,NA,92,10th,14/02/2007,25/03/2010,Full Time,Uttar Pradesh State Board,Radha Niketan College Kanpur,Electronics & Telecommunication,93,12th,14/03/2010,18/09/2014,Full Time,NITA,Motilal Nehru National Institute of Technology Allahabad,Electronics & Telecommunication,81,BE,20/07/2015,22/01/2018,Full Time,NITIE,NITIE Mumbai,Mining Engineering,87,ME,0,29/03/2017,19/09/2018,Full Time,Junior Technical Consultant,TCS,Manufacturing,AGRA,India,,,,,,,,,English,Good,Good,Good,Hindi,Good,Good,Good,Marathi,Good,Good,Good,Guddu,Software Engineer,London,8009800998,,,Naukri.com
88995,Major,Uday,Bhan,uday.bhan@mailinator.com617,7864823617,7894923645,13/04/1990,M,Single,PAN167694617,No,Behind Yaga Baba Hostel Baner,426194,KANPUR,India,579700,1340000,Mumbai,579000,2,1,30,12/06/2004,13/07/2006,Full Time,Uttar Pradesh State Board,Saraswati Vidya Mandir Kanpur,NA,92,10th,14/02/2007,25/03/2010,Full Time,Uttar Pradesh State Board,Radha Niketan College Kanpur,Electronics & Telecommunication,93,12th,14/03/2010,18/09/2014,Full Time,NITA,Motilal Nehru National Institute of Technology Allahabad,Electronics & Telecommunication,81,BE,20/07/2015,22/01/2018,Full Time,NITIE,NITIE Mumbai,Mining Engineering,87,ME,0,29/03/2017,19/09/2018,Full Time,Junior Technical Consultant,TCS,Manufacturing,AGRA,India,,,,,,,,,English,Good,Good,Good,Hindi,Good,Good,Good,Marathi,Good,Good,Good,Guddu,Software Engineer,London,8009800998,,,Naukri.com
88995,Major,Uday,Bhan,uday.bhan@mailinator.com618,7864823618,7894923645,13/04/1990,M,Single,PAN167694618,No,Behind Yaga Baba Hostel Baner,426194,KANPUR,India,579700,1340000,Mumbai,579000,2,1,30,12/06/2004,13/07/2006,Full Time,Uttar Pradesh State Board,Saraswati Vidya Mandir Kanpur,NA,92,10th,14/02/2007,25/03/2010,Full Time,Uttar Pradesh State Board,Radha Niketan College Kanpur,Electronics & Telecommunication,93,12th,14/03/2010,18/09/2014,Full Time,NITA,Motilal Nehru National Institute of Technology Allahabad,Electronics & Telecommunication,81,BE,20/07/2015,22/01/2018,Full Time,NITIE,NITIE Mumbai,Mining Engineering,87,ME,0,29/03/2017,19/09/2018,Full Time,Junior Technical Consultant,TCS,Manufacturing,AGRA,India,,,,,,,,,English,Good,Good,Good,Hindi,Good,Good,Good,Marathi,Good,Good,Good,Guddu,Software Engineer,London,8009800998,,,Naukri.com
88995,Major,Uday,Bhan,uday.bhan@mailinator.com619,7864823619,7894923645,13/04/1990,M,Single,PAN167694619,No,Behind Yaga Baba Hostel Baner,426194,KANPUR,India,579700,1340000,Mumbai,579000,2,1,30,12/06/2004,13/07/2006,Full Time,Uttar Pradesh State Board,Saraswati Vidya Mandir Kanpur,NA,92,10th,14/02/2007,25/03/2010,Full Time,Uttar Pradesh State Board,Radha Niketan College Kanpur,Electronics & Telecommunication,93,12th,14/03/2010,18/09/2014,Full Time,NITA,Motilal Nehru National Institute of Technology Allahabad,Electronics & Telecommunication,81,BE,20/07/2015,22/01/2018,Full Time,NITIE,NITIE Mumbai,Mining Engineering,87,ME,0,29/03/2017,19/09/2018,Full Time,Junior Technical Consultant,TCS,Manufacturing,AGRA,India,,,,,,,,,English,Good,Good,Good,Hindi,Good,Good,Good,Marathi,Good,Good,Good,Guddu,Software Engineer,London,8009800998,,,Naukri.com
88995,Major,Uday,Bhan,uday.bhan@mailinator.com620,7864823620,7894923645,13/04/1990,M,Single,PAN167694620,No,Behind Yaga Baba Hostel Baner,426194,KANPUR,India,579700,1340000,Mumbai,579000,2,1,30,12/06/2004,13/07/2006,Full Time,Uttar Pradesh State Board,Saraswati Vidya Mandir Kanpur,NA,92,10th,14/02/2007,25/03/2010,Full Time,Uttar Pradesh State Board,Radha Niketan College Kanpur,Electronics & Telecommunication,93,12th,14/03/2010,18/09/2014,Full Time,NITA,Motilal Nehru National Institute of Technology Allahabad,Electronics & Telecommunication,81,BE,20/07/2015,22/01/2018,Full Time,NITIE,NITIE Mumbai,Mining Engineering,87,ME,0,29/03/2017,19/09/2018,Full Time,Junior Technical Consultant,TCS,Manufacturing,AGRA,India,,,,,,,,,English,Good,Good,Good,Hindi,Good,Good,Good,Marathi,Good,Good,Good,Guddu,Software Engineer,London,8009800998,,,Naukri.com
88995,Major,Uday,Bhan,uday.bhan@mailinator.com621,7864823621,7894923645,13/04/1990,M,Single,PAN167694621,No,Behind Yaga Baba Hostel Baner,426194,KANPUR,India,579700,1340000,Mumbai,579000,2,1,30,12/06/2004,13/07/2006,Full Time,Uttar Pradesh State Board,Saraswati Vidya Mandir Kanpur,NA,92,10th,14/02/2007,25/03/2010,Full Time,Uttar Pradesh State Board,Radha Niketan College Kanpur,Electronics & Telecommunication,93,12th,14/03/2010,18/09/2014,Full Time,NITA,Motilal Nehru National Institute of Technology Allahabad,Electronics & Telecommunication,81,BE,20/07/2015,22/01/2018,Full Time,NITIE,NITIE Mumbai,Mining Engineering,87,ME,0,29/03/2017,19/09/2018,Full Time,Junior Technical Consultant,TCS,Manufacturing,AGRA,India,,,,,,,,,English,Good,Good,Good,Hindi,Good,Good,Good,Marathi,Good,Good,Good,Guddu,Software Engineer,London,8009800998,,,Naukri.com
88995,Major,Uday,Bhan,uday.bhan@mailinator.com622,7864823622,7894923645,13/04/1990,M,Single,PAN167694622,No,Behind Yaga Baba Hostel Baner,426194,KANPUR,India,579700,1340000,Mumbai,579000,2,1,30,12/06/2004,13/07/2006,Full Time,Uttar Pradesh State Board,Saraswati Vidya Mandir Kanpur,NA,92,10th,14/02/2007,25/03/2010,Full Time,Uttar Pradesh State Board,Radha Niketan College Kanpur,Electronics & Telecommunication,93,12th,14/03/2010,18/09/2014,Full Time,NITA,Motilal Nehru National Institute of Technology Allahabad,Electronics & Telecommunication,81,BE,20/07/2015,22/01/2018,Full Time,NITIE,NITIE Mumbai,Mining Engineering,87,ME,0,29/03/2017,19/09/2018,Full Time,Junior Technical Consultant,TCS,Manufacturing,AGRA,India,,,,,,,,,English,Good,Good,Good,Hindi,Good,Good,Good,Marathi,Good,Good,Good,Guddu,Software Engineer,London,8009800998,,,Naukri.com
88995,Major,Uday,Bhan,uday.bhan@mailinator.com623,7864823623,7894923645,13/04/1990,M,Single,PAN167694623,No,Behind Yaga Baba Hostel Baner,426194,KANPUR,India,579700,1340000,Mumbai,579000,2,1,30,12/06/2004,13/07/2006,Full Time,Uttar Pradesh State Board,Saraswati Vidya Mandir Kanpur,NA,92,10th,14/02/2007,25/03/2010,Full Time,Uttar Pradesh State Board,Radha Niketan College Kanpur,Electronics & Telecommunication,93,12th,14/03/2010,18/09/2014,Full Time,NITA,Motilal Nehru National Institute of Technology Allahabad,Electronics & Telecommunication,81,BE,20/07/2015,22/01/2018,Full Time,NITIE,NITIE Mumbai,Mining Engineering,87,ME,0,29/03/2017,19/09/2018,Full Time,Junior Technical Consultant,TCS,Manufacturing,AGRA,India,,,,,,,,,English,Good,Good,Good,Hindi,Good,Good,Good,Marathi,Good,Good,Good,Guddu,Software Engineer,London,8009800998,,,Naukri.com
88995,Major,Uday,Bhan,uday.bhan@mailinator.com624,7864823624,7894923645,13/04/1990,M,Single,PAN167694624,No,Behind Yaga Baba Hostel Baner,426194,KANPUR,India,579700,1340000,Mumbai,579000,2,1,30,12/06/2004,13/07/2006,Full Time,Uttar Pradesh State Board,Saraswati Vidya Mandir Kanpur,NA,92,10th,14/02/2007,25/03/2010,Full Time,Uttar Pradesh State Board,Radha Niketan College Kanpur,Electronics & Telecommunication,93,12th,14/03/2010,18/09/2014,Full Time,NITA,Motilal Nehru National Institute of Technology Allahabad,Electronics & Telecommunication,81,BE,20/07/2015,22/01/2018,Full Time,NITIE,NITIE Mumbai,Mining Engineering,87,ME,0,29/03/2017,19/09/2018,Full Time,Junior Technical Consultant,TCS,Manufacturing,AGRA,India,,,,,,,,,English,Good,Good,Good,Hindi,Good,Good,Good,Marathi,Good,Good,Good,Guddu,Software Engineer,London,8009800998,,,Naukri.com
88995,Major,Uday,Bhan,uday.bhan@mailinator.com625,7864823625,7894923645,13/04/1990,M,Single,PAN167694625,No,Behind Yaga Baba Hostel Baner,426194,KANPUR,India,579700,1340000,Mumbai,579000,2,1,30,12/06/2004,13/07/2006,Full Time,Uttar Pradesh State Board,Saraswati Vidya Mandir Kanpur,NA,92,10th,14/02/2007,25/03/2010,Full Time,Uttar Pradesh State Board,Radha Niketan College Kanpur,Electronics & Telecommunication,93,12th,14/03/2010,18/09/2014,Full Time,NITA,Motilal Nehru National Institute of Technology Allahabad,Electronics & Telecommunication,81,BE,20/07/2015,22/01/2018,Full Time,NITIE,NITIE Mumbai,Mining Engineering,87,ME,0,29/03/2017,19/09/2018,Full Time,Junior Technical Consultant,TCS,Manufacturing,AGRA,India,,,,,,,,,English,Good,Good,Good,Hindi,Good,Good,Good,Marathi,Good,Good,Good,Guddu,Software Engineer,London,8009800998,,,Naukri.com
88995,Major,Uday,Bhan,uday.bhan@mailinator.com626,7864823626,7894923645,13/04/1990,M,Single,PAN167694626,No,Behind Yaga Baba Hostel Baner,426194,KANPUR,India,579700,1340000,Mumbai,579000,2,1,30,12/06/2004,13/07/2006,Full Time,Uttar Pradesh State Board,Saraswati Vidya Mandir Kanpur,NA,92,10th,14/02/2007,25/03/2010,Full Time,Uttar Pradesh State Board,Radha Niketan College Kanpur,Electronics & Telecommunication,93,12th,14/03/2010,18/09/2014,Full Time,NITA,Motilal Nehru National Institute of Technology Allahabad,Electronics & Telecommunication,81,BE,20/07/2015,22/01/2018,Full Time,NITIE,NITIE Mumbai,Mining Engineering,87,ME,0,29/03/2017,19/09/2018,Full Time,Junior Technical Consultant,TCS,Manufacturing,AGRA,India,,,,,,,,,English,Good,Good,Good,Hindi,Good,Good,Good,Marathi,Good,Good,Good,Guddu,Software Engineer,London,8009800998,,,Naukri.com
88995,Major,Uday,Bhan,uday.bhan@mailinator.com627,7864823627,7894923645,13/04/1990,M,Single,PAN167694627,No,Behind Yaga Baba Hostel Baner,426194,KANPUR,India,579700,1340000,Mumbai,579000,2,1,30,12/06/2004,13/07/2006,Full Time,Uttar Pradesh State Board,Saraswati Vidya Mandir Kanpur,NA,92,10th,14/02/2007,25/03/2010,Full Time,Uttar Pradesh State Board,Radha Niketan College Kanpur,Electronics & Telecommunication,93,12th,14/03/2010,18/09/2014,Full Time,NITA,Motilal Nehru National Institute of Technology Allahabad,Electronics & Telecommunication,81,BE,20/07/2015,22/01/2018,Full Time,NITIE,NITIE Mumbai,Mining Engineering,87,ME,0,29/03/2017,19/09/2018,Full Time,Junior Technical Consultant,TCS,Manufacturing,AGRA,India,,,,,,,,,English,Good,Good,Good,Hindi,Good,Good,Good,Marathi,Good,Good,Good,Guddu,Software Engineer,London,8009800998,,,Naukri.com
88995,Major,Uday,Bhan,uday.bhan@mailinator.com628,7864823628,7894923645,13/04/1990,M,Single,PAN167694628,No,Behind Yaga Baba Hostel Baner,426194,KANPUR,India,579700,1340000,Mumbai,579000,2,1,30,12/06/2004,13/07/2006,Full Time,Uttar Pradesh State Board,Saraswati Vidya Mandir Kanpur,NA,92,10th,14/02/2007,25/03/2010,Full Time,Uttar Pradesh State Board,Radha Niketan College Kanpur,Electronics & Telecommunication,93,12th,14/03/2010,18/09/2014,Full Time,NITA,Motilal Nehru National Institute of Technology Allahabad,Electronics & Telecommunication,81,BE,20/07/2015,22/01/2018,Full Time,NITIE,NITIE Mumbai,Mining Engineering,87,ME,0,29/03/2017,19/09/2018,Full Time,Junior Technical Consultant,TCS,Manufacturing,AGRA,India,,,,,,,,,English,Good,Good,Good,Hindi,Good,Good,Good,Marathi,Good,Good,Good,Guddu,Software Engineer,London,8009800998,,,Naukri.com
88995,Major,Uday,Bhan,uday.bhan@mailinator.com629,7864823629,7894923645,13/04/1990,M,Single,PAN167694629,No,Behind Yaga Baba Hostel Baner,426194,KANPUR,India,579700,1340000,Mumbai,579000,2,1,30,12/06/2004,13/07/2006,Full Time,Uttar Pradesh State Board,Saraswati Vidya Mandir Kanpur,NA,92,10th,14/02/2007,25/03/2010,Full Time,Uttar Pradesh State Board,Radha Niketan College Kanpur,Electronics & Telecommunication,93,12th,14/03/2010,18/09/2014,Full Time,NITA,Motilal Nehru National Institute of Technology Allahabad,Electronics & Telecommunication,81,BE,20/07/2015,22/01/2018,Full Time,NITIE,NITIE Mumbai,Mining Engineering,87,ME,0,29/03/2017,19/09/2018,Full Time,Junior Technical Consultant,TCS,Manufacturing,AGRA,India,,,,,,,,,English,Good,Good,Good,Hindi,Good,Good,Good,Marathi,Good,Good,Good,Guddu,Software Engineer,London,8009800998,,,Naukri.com
88995,Major,Uday,Bhan,uday.bhan@mailinator.com630,7864823630,7894923645,13/04/1990,M,Single,PAN167694630,No,Behind Yaga Baba Hostel Baner,426194,KANPUR,India,579700,1340000,Mumbai,579000,2,1,30,12/06/2004,13/07/2006,Full Time,Uttar Pradesh State Board,Saraswati Vidya Mandir Kanpur,NA,92,10th,14/02/2007,25/03/2010,Full Time,Uttar Pradesh State Board,Radha Niketan College Kanpur,Electronics & Telecommunication,93,12th,14/03/2010,18/09/2014,Full Time,NITA,Motilal Nehru National Institute of Technology Allahabad,Electronics & Telecommunication,81,BE,20/07/2015,22/01/2018,Full Time,NITIE,NITIE Mumbai,Mining Engineering,87,ME,0,29/03/2017,19/09/2018,Full Time,Junior Technical Consultant,TCS,Manufacturing,AGRA,India,,,,,,,,,English,Good,Good,Good,Hindi,Good,Good,Good,Marathi,Good,Good,Good,Guddu,Software Engineer,London,8009800998,,,Naukri.com
88995,Major,Uday,Bhan,uday.bhan@mailinator.com631,7864823631,7894923645,13/04/1990,M,Single,PAN167694631,No,Behind Yaga Baba Hostel Baner,426194,KANPUR,India,579700,1340000,Mumbai,579000,2,1,30,12/06/2004,13/07/2006,Full Time,Uttar Pradesh State Board,Saraswati Vidya Mandir Kanpur,NA,92,10th,14/02/2007,25/03/2010,Full Time,Uttar Pradesh State Board,Radha Niketan College Kanpur,Electronics & Telecommunication,93,12th,14/03/2010,18/09/2014,Full Time,NITA,Motilal Nehru National Institute of Technology Allahabad,Electronics & Telecommunication,81,BE,20/07/2015,22/01/2018,Full Time,NITIE,NITIE Mumbai,Mining Engineering,87,ME,0,29/03/2017,19/09/2018,Full Time,Junior Technical Consultant,TCS,Manufacturing,AGRA,India,,,,,,,,,English,Good,Good,Good,Hindi,Good,Good,Good,Marathi,Good,Good,Good,Guddu,Software Engineer,London,8009800998,,,Naukri.com
88995,Major,Uday,Bhan,uday.bhan@mailinator.com632,7864823632,7894923645,13/04/1990,M,Single,PAN167694632,No,Behind Yaga Baba Hostel Baner,426194,KANPUR,India,579700,1340000,Mumbai,579000,2,1,30,12/06/2004,13/07/2006,Full Time,Uttar Pradesh State Board,Saraswati Vidya Mandir Kanpur,NA,92,10th,14/02/2007,25/03/2010,Full Time,Uttar Pradesh State Board,Radha Niketan College Kanpur,Electronics & Telecommunication,93,12th,14/03/2010,18/09/2014,Full Time,NITA,Motilal Nehru National Institute of Technology Allahabad,Electronics & Telecommunication,81,BE,20/07/2015,22/01/2018,Full Time,NITIE,NITIE Mumbai,Mining Engineering,87,ME,0,29/03/2017,19/09/2018,Full Time,Junior Technical Consultant,TCS,Manufacturing,AGRA,India,,,,,,,,,English,Good,Good,Good,Hindi,Good,Good,Good,Marathi,Good,Good,Good,Guddu,Software Engineer,London,8009800998,,,Naukri.com
88995,Major,Uday,Bhan,uday.bhan@mailinator.com633,7864823633,7894923645,13/04/1990,M,Single,PAN167694633,No,Behind Yaga Baba Hostel Baner,426194,KANPUR,India,579700,1340000,Mumbai,579000,2,1,30,12/06/2004,13/07/2006,Full Time,Uttar Pradesh State Board,Saraswati Vidya Mandir Kanpur,NA,92,10th,14/02/2007,25/03/2010,Full Time,Uttar Pradesh State Board,Radha Niketan College Kanpur,Electronics & Telecommunication,93,12th,14/03/2010,18/09/2014,Full Time,NITA,Motilal Nehru National Institute of Technology Allahabad,Electronics & Telecommunication,81,BE,20/07/2015,22/01/2018,Full Time,NITIE,NITIE Mumbai,Mining Engineering,87,ME,0,29/03/2017,19/09/2018,Full Time,Junior Technical Consultant,TCS,Manufacturing,AGRA,India,,,,,,,,,English,Good,Good,Good,Hindi,Good,Good,Good,Marathi,Good,Good,Good,Guddu,Software Engineer,London,8009800998,,,Naukri.com
88995,Major,Uday,Bhan,uday.bhan@mailinator.com634,7864823634,7894923645,13/04/1990,M,Single,PAN167694634,No,Behind Yaga Baba Hostel Baner,426194,KANPUR,India,579700,1340000,Mumbai,579000,2,1,30,12/06/2004,13/07/2006,Full Time,Uttar Pradesh State Board,Saraswati Vidya Mandir Kanpur,NA,92,10th,14/02/2007,25/03/2010,Full Time,Uttar Pradesh State Board,Radha Niketan College Kanpur,Electronics & Telecommunication,93,12th,14/03/2010,18/09/2014,Full Time,NITA,Motilal Nehru National Institute of Technology Allahabad,Electronics & Telecommunication,81,BE,20/07/2015,22/01/2018,Full Time,NITIE,NITIE Mumbai,Mining Engineering,87,ME,0,29/03/2017,19/09/2018,Full Time,Junior Technical Consultant,TCS,Manufacturing,AGRA,India,,,,,,,,,English,Good,Good,Good,Hindi,Good,Good,Good,Marathi,Good,Good,Good,Guddu,Software Engineer,London,8009800998,,,Naukri.com
88995,Major,Uday,Bhan,uday.bhan@mailinator.com635,7864823635,7894923645,13/04/1990,M,Single,PAN167694635,No,Behind Yaga Baba Hostel Baner,426194,KANPUR,India,579700,1340000,Mumbai,579000,2,1,30,12/06/2004,13/07/2006,Full Time,Uttar Pradesh State Board,Saraswati Vidya Mandir Kanpur,NA,92,10th,14/02/2007,25/03/2010,Full Time,Uttar Pradesh State Board,Radha Niketan College Kanpur,Electronics & Telecommunication,93,12th,14/03/2010,18/09/2014,Full Time,NITA,Motilal Nehru National Institute of Technology Allahabad,Electronics & Telecommunication,81,BE,20/07/2015,22/01/2018,Full Time,NITIE,NITIE Mumbai,Mining Engineering,87,ME,0,29/03/2017,19/09/2018,Full Time,Junior Technical Consultant,TCS,Manufacturing,AGRA,India,,,,,,,,,English,Good,Good,Good,Hindi,Good,Good,Good,Marathi,Good,Good,Good,Guddu,Software Engineer,London,8009800998,,,Naukri.com
88995,Major,Uday,Bhan,uday.bhan@mailinator.com636,7864823636,7894923645,13/04/1990,M,Single,PAN167694636,No,Behind Yaga Baba Hostel Baner,426194,KANPUR,India,579700,1340000,Mumbai,579000,2,1,30,12/06/2004,13/07/2006,Full Time,Uttar Pradesh State Board,Saraswati Vidya Mandir Kanpur,NA,92,10th,14/02/2007,25/03/2010,Full Time,Uttar Pradesh State Board,Radha Niketan College Kanpur,Electronics & Telecommunication,93,12th,14/03/2010,18/09/2014,Full Time,NITA,Motilal Nehru National Institute of Technology Allahabad,Electronics & Telecommunication,81,BE,20/07/2015,22/01/2018,Full Time,NITIE,NITIE Mumbai,Mining Engineering,87,ME,0,29/03/2017,19/09/2018,Full Time,Junior Technical Consultant,TCS,Manufacturing,AGRA,India,,,,,,,,,English,Good,Good,Good,Hindi,Good,Good,Good,Marathi,Good,Good,Good,Guddu,Software Engineer,London,8009800998,,,Naukri.com
88995,Major,Uday,Bhan,uday.bhan@mailinator.com637,7864823637,7894923645,13/04/1990,M,Single,PAN167694637,No,Behind Yaga Baba Hostel Baner,426194,KANPUR,India,579700,1340000,Mumbai,579000,2,1,30,12/06/2004,13/07/2006,Full Time,Uttar Pradesh State Board,Saraswati Vidya Mandir Kanpur,NA,92,10th,14/02/2007,25/03/2010,Full Time,Uttar Pradesh State Board,Radha Niketan College Kanpur,Electronics & Telecommunication,93,12th,14/03/2010,18/09/2014,Full Time,NITA,Motilal Nehru National Institute of Technology Allahabad,Electronics & Telecommunication,81,BE,20/07/2015,22/01/2018,Full Time,NITIE,NITIE Mumbai,Mining Engineering,87,ME,0,29/03/2017,19/09/2018,Full Time,Junior Technical Consultant,TCS,Manufacturing,AGRA,India,,,,,,,,,English,Good,Good,Good,Hindi,Good,Good,Good,Marathi,Good,Good,Good,Guddu,Software Engineer,London,8009800998,,,Naukri.com
88995,Major,Uday,Bhan,uday.bhan@mailinator.com638,7864823638,7894923645,13/04/1990,M,Single,PAN167694638,No,Behind Yaga Baba Hostel Baner,426194,KANPUR,India,579700,1340000,Mumbai,579000,2,1,30,12/06/2004,13/07/2006,Full Time,Uttar Pradesh State Board,Saraswati Vidya Mandir Kanpur,NA,92,10th,14/02/2007,25/03/2010,Full Time,Uttar Pradesh State Board,Radha Niketan College Kanpur,Electronics & Telecommunication,93,12th,14/03/2010,18/09/2014,Full Time,NITA,Motilal Nehru National Institute of Technology Allahabad,Electronics & Telecommunication,81,BE,20/07/2015,22/01/2018,Full Time,NITIE,NITIE Mumbai,Mining Engineering,87,ME,0,29/03/2017,19/09/2018,Full Time,Junior Technical Consultant,TCS,Manufacturing,AGRA,India,,,,,,,,,English,Good,Good,Good,Hindi,Good,Good,Good,Marathi,Good,Good,Good,Guddu,Software Engineer,London,8009800998,,,Naukri.com
88995,Major,Uday,Bhan,uday.bhan@mailinator.com639,7864823639,7894923645,13/04/1990,M,Single,PAN167694639,No,Behind Yaga Baba Hostel Baner,426194,KANPUR,India,579700,1340000,Mumbai,579000,2,1,30,12/06/2004,13/07/2006,Full Time,Uttar Pradesh State Board,Saraswati Vidya Mandir Kanpur,NA,92,10th,14/02/2007,25/03/2010,Full Time,Uttar Pradesh State Board,Radha Niketan College Kanpur,Electronics & Telecommunication,93,12th,14/03/2010,18/09/2014,Full Time,NITA,Motilal Nehru National Institute of Technology Allahabad,Electronics & Telecommunication,81,BE,20/07/2015,22/01/2018,Full Time,NITIE,NITIE Mumbai,Mining Engineering,87,ME,0,29/03/2017,19/09/2018,Full Time,Junior Technical Consultant,TCS,Manufacturing,AGRA,India,,,,,,,,,English,Good,Good,Good,Hindi,Good,Good,Good,Marathi,Good,Good,Good,Guddu,Software Engineer,London,8009800998,,,Naukri.com
88995,Major,Uday,Bhan,uday.bhan@mailinator.com640,7864823640,7894923645,13/04/1990,M,Single,PAN167694640,No,Behind Yaga Baba Hostel Baner,426194,KANPUR,India,579700,1340000,Mumbai,579000,2,1,30,12/06/2004,13/07/2006,Full Time,Uttar Pradesh State Board,Saraswati Vidya Mandir Kanpur,NA,92,10th,14/02/2007,25/03/2010,Full Time,Uttar Pradesh State Board,Radha Niketan College Kanpur,Electronics & Telecommunication,93,12th,14/03/2010,18/09/2014,Full Time,NITA,Motilal Nehru National Institute of Technology Allahabad,Electronics & Telecommunication,81,BE,20/07/2015,22/01/2018,Full Time,NITIE,NITIE Mumbai,Mining Engineering,87,ME,0,29/03/2017,19/09/2018,Full Time,Junior Technical Consultant,TCS,Manufacturing,AGRA,India,,,,,,,,,English,Good,Good,Good,Hindi,Good,Good,Good,Marathi,Good,Good,Good,Guddu,Software Engineer,London,8009800998,,,Naukri.com
88995,Major,Uday,Bhan,uday.bhan@mailinator.com641,7864823641,7894923645,13/04/1990,M,Single,PAN167694641,No,Behind Yaga Baba Hostel Baner,426194,KANPUR,India,579700,1340000,Mumbai,579000,2,1,30,12/06/2004,13/07/2006,Full Time,Uttar Pradesh State Board,Saraswati Vidya Mandir Kanpur,NA,92,10th,14/02/2007,25/03/2010,Full Time,Uttar Pradesh State Board,Radha Niketan College Kanpur,Electronics & Telecommunication,93,12th,14/03/2010,18/09/2014,Full Time,NITA,Motilal Nehru National Institute of Technology Allahabad,Electronics & Telecommunication,81,BE,20/07/2015,22/01/2018,Full Time,NITIE,NITIE Mumbai,Mining Engineering,87,ME,0,29/03/2017,19/09/2018,Full Time,Junior Technical Consultant,TCS,Manufacturing,AGRA,India,,,,,,,,,English,Good,Good,Good,Hindi,Good,Good,Good,Marathi,Good,Good,Good,Guddu,Software Engineer,London,8009800998,,,Naukri.com
88995,Major,Uday,Bhan,uday.bhan@mailinator.com642,7864823642,7894923645,13/04/1990,M,Single,PAN167694642,No,Behind Yaga Baba Hostel Baner,426194,KANPUR,India,579700,1340000,Mumbai,579000,2,1,30,12/06/2004,13/07/2006,Full Time,Uttar Pradesh State Board,Saraswati Vidya Mandir Kanpur,NA,92,10th,14/02/2007,25/03/2010,Full Time,Uttar Pradesh State Board,Radha Niketan College Kanpur,Electronics & Telecommunication,93,12th,14/03/2010,18/09/2014,Full Time,NITA,Motilal Nehru National Institute of Technology Allahabad,Electronics & Telecommunication,81,BE,20/07/2015,22/01/2018,Full Time,NITIE,NITIE Mumbai,Mining Engineering,87,ME,0,29/03/2017,19/09/2018,Full Time,Junior Technical Consultant,TCS,Manufacturing,AGRA,India,,,,,,,,,English,Good,Good,Good,Hindi,Good,Good,Good,Marathi,Good,Good,Good,Guddu,Software Engineer,London,8009800998,,,Naukri.com
88995,Major,Uday,Bhan,uday.bhan@mailinator.com643,7864823643,7894923645,13/04/1990,M,Single,PAN167694643,No,Behind Yaga Baba Hostel Baner,426194,KANPUR,India,579700,1340000,Mumbai,579000,2,1,30,12/06/2004,13/07/2006,Full Time,Uttar Pradesh State Board,Saraswati Vidya Mandir Kanpur,NA,92,10th,14/02/2007,25/03/2010,Full Time,Uttar Pradesh State Board,Radha Niketan College Kanpur,Electronics & Telecommunication,93,12th,14/03/2010,18/09/2014,Full Time,NITA,Motilal Nehru National Institute of Technology Allahabad,Electronics & Telecommunication,81,BE,20/07/2015,22/01/2018,Full Time,NITIE,NITIE Mumbai,Mining Engineering,87,ME,0,29/03/2017,19/09/2018,Full Time,Junior Technical Consultant,TCS,Manufacturing,AGRA,India,,,,,,,,,English,Good,Good,Good,Hindi,Good,Good,Good,Marathi,Good,Good,Good,Guddu,Software Engineer,London,8009800998,,,Naukri.com
88995,Major,Uday,Bhan,uday.bhan@mailinator.com644,7864823644,7894923645,13/04/1990,M,Single,PAN167694644,No,Behind Yaga Baba Hostel Baner,426194,KANPUR,India,579700,1340000,Mumbai,579000,2,1,30,12/06/2004,13/07/2006,Full Time,Uttar Pradesh State Board,Saraswati Vidya Mandir Kanpur,NA,92,10th,14/02/2007,25/03/2010,Full Time,Uttar Pradesh State Board,Radha Niketan College Kanpur,Electronics & Telecommunication,93,12th,14/03/2010,18/09/2014,Full Time,NITA,Motilal Nehru National Institute of Technology Allahabad,Electronics & Telecommunication,81,BE,20/07/2015,22/01/2018,Full Time,NITIE,NITIE Mumbai,Mining Engineering,87,ME,0,29/03/2017,19/09/2018,Full Time,Junior Technical Consultant,TCS,Manufacturing,AGRA,India,,,,,,,,,English,Good,Good,Good,Hindi,Good,Good,Good,Marathi,Good,Good,Good,Guddu,Software Engineer,London,8009800998,,,Naukri.com
88995,Major,Uday,Bhan,uday.bhan@mailinator.com645,7864823645,7894923645,13/04/1990,M,Single,PAN167694645,No,Behind Yaga Baba Hostel Baner,426194,KANPUR,India,579700,1340000,Mumbai,579000,2,1,30,12/06/2004,13/07/2006,Full Time,Uttar Pradesh State Board,Saraswati Vidya Mandir Kanpur,NA,92,10th,14/02/2007,25/03/2010,Full Time,Uttar Pradesh State Board,Radha Niketan College Kanpur,Electronics & Telecommunication,93,12th,14/03/2010,18/09/2014,Full Time,NITA,Motilal Nehru National Institute of Technology Allahabad,Electronics & Telecommunication,81,BE,20/07/2015,22/01/2018,Full Time,NITIE,NITIE Mumbai,Mining Engineering,87,ME,0,29/03/2017,19/09/2018,Full Time,Junior Technical Consultant,TCS,Manufacturing,AGRA,India,,,,,,,,,English,Good,Good,Good,Hindi,Good,Good,Good,Marathi,Good,Good,Good,Guddu,Software Engineer,London,8009800998,,,Naukri.com
88995,Major,Uday,Bhan,uday.bhan@mailinator.com646,7864823646,7894923645,13/04/1990,M,Single,PAN167694646,No,Behind Yaga Baba Hostel Baner,426194,KANPUR,India,579700,1340000,Mumbai,579000,2,1,30,12/06/2004,13/07/2006,Full Time,Uttar Pradesh State Board,Saraswati Vidya Mandir Kanpur,NA,92,10th,14/02/2007,25/03/2010,Full Time,Uttar Pradesh State Board,Radha Niketan College Kanpur,Electronics & Telecommunication,93,12th,14/03/2010,18/09/2014,Full Time,NITA,Motilal Nehru National Institute of Technology Allahabad,Electronics & Telecommunication,81,BE,20/07/2015,22/01/2018,Full Time,NITIE,NITIE Mumbai,Mining Engineering,87,ME,0,29/03/2017,19/09/2018,Full Time,Junior Technical Consultant,TCS,Manufacturing,AGRA,India,,,,,,,,,English,Good,Good,Good,Hindi,Good,Good,Good,Marathi,Good,Good,Good,Guddu,Software Engineer,London,8009800998,,,Naukri.com
88995,Major,Uday,Bhan,uday.bhan@mailinator.com647,7864823647,7894923645,13/04/1990,M,Single,PAN167694647,No,Behind Yaga Baba Hostel Baner,426194,KANPUR,India,579700,1340000,Mumbai,579000,2,1,30,12/06/2004,13/07/2006,Full Time,Uttar Pradesh State Board,Saraswati Vidya Mandir Kanpur,NA,92,10th,14/02/2007,25/03/2010,Full Time,Uttar Pradesh State Board,Radha Niketan College Kanpur,Electronics & Telecommunication,93,12th,14/03/2010,18/09/2014,Full Time,NITA,Motilal Nehru National Institute of Technology Allahabad,Electronics & Telecommunication,81,BE,20/07/2015,22/01/2018,Full Time,NITIE,NITIE Mumbai,Mining Engineering,87,ME,0,29/03/2017,19/09/2018,Full Time,Junior Technical Consultant,TCS,Manufacturing,AGRA,India,,,,,,,,,English,Good,Good,Good,Hindi,Good,Good,Good,Marathi,Good,Good,Good,Guddu,Software Engineer,London,8009800998,,,Naukri.com
88995,Major,Uday,Bhan,uday.bhan@mailinator.com648,7864823648,7894923645,13/04/1990,M,Single,PAN167694648,No,Behind Yaga Baba Hostel Baner,426194,KANPUR,India,579700,1340000,Mumbai,579000,2,1,30,12/06/2004,13/07/2006,Full Time,Uttar Pradesh State Board,Saraswati Vidya Mandir Kanpur,NA,92,10th,14/02/2007,25/03/2010,Full Time,Uttar Pradesh State Board,Radha Niketan College Kanpur,Electronics & Telecommunication,93,12th,14/03/2010,18/09/2014,Full Time,NITA,Motilal Nehru National Institute of Technology Allahabad,Electronics & Telecommunication,81,BE,20/07/2015,22/01/2018,Full Time,NITIE,NITIE Mumbai,Mining Engineering,87,ME,0,29/03/2017,19/09/2018,Full Time,Junior Technical Consultant,TCS,Manufacturing,AGRA,India,,,,,,,,,English,Good,Good,Good,Hindi,Good,Good,Good,Marathi,Good,Good,Good,Guddu,Software Engineer,London,8009800998,,,Naukri.com
88995,Major,Uday,Bhan,uday.bhan@mailinator.com649,7864823649,7894923645,13/04/1990,M,Single,PAN167694649,No,Behind Yaga Baba Hostel Baner,426194,KANPUR,India,579700,1340000,Mumbai,579000,2,1,30,12/06/2004,13/07/2006,Full Time,Uttar Pradesh State Board,Saraswati Vidya Mandir Kanpur,NA,92,10th,14/02/2007,25/03/2010,Full Time,Uttar Pradesh State Board,Radha Niketan College Kanpur,Electronics & Telecommunication,93,12th,14/03/2010,18/09/2014,Full Time,NITA,Motilal Nehru National Institute of Technology Allahabad,Electronics & Telecommunication,81,BE,20/07/2015,22/01/2018,Full Time,NITIE,NITIE Mumbai,Mining Engineering,87,ME,0,29/03/2017,19/09/2018,Full Time,Junior Technical Consultant,TCS,Manufacturing,AGRA,India,,,,,,,,,English,Good,Good,Good,Hindi,Good,Good,Good,Marathi,Good,Good,Good,Guddu,Software Engineer,London,8009800998,,,Naukri.com
88995,Major,Uday,Bhan,uday.bhan@mailinator.com650,7864823650,7894923645,13/04/1990,M,Single,PAN167694650,No,Behind Yaga Baba Hostel Baner,426194,KANPUR,India,579700,1340000,Mumbai,579000,2,1,30,12/06/2004,13/07/2006,Full Time,Uttar Pradesh State Board,Saraswati Vidya Mandir Kanpur,NA,92,10th,14/02/2007,25/03/2010,Full Time,Uttar Pradesh State Board,Radha Niketan College Kanpur,Electronics & Telecommunication,93,12th,14/03/2010,18/09/2014,Full Time,NITA,Motilal Nehru National Institute of Technology Allahabad,Electronics & Telecommunication,81,BE,20/07/2015,22/01/2018,Full Time,NITIE,NITIE Mumbai,Mining Engineering,87,ME,0,29/03/2017,19/09/2018,Full Time,Junior Technical Consultant,TCS,Manufacturing,AGRA,India,,,,,,,,,English,Good,Good,Good,Hindi,Good,Good,Good,Marathi,Good,Good,Good,Guddu,Software Engineer,London,8009800998,,,Naukri.com
88995,Major,Uday,Bhan,uday.bhan@mailinator.com651,7864823651,7894923645,13/04/1990,M,Single,PAN167694651,No,Behind Yaga Baba Hostel Baner,426194,KANPUR,India,579700,1340000,Mumbai,579000,2,1,30,12/06/2004,13/07/2006,Full Time,Uttar Pradesh State Board,Saraswati Vidya Mandir Kanpur,NA,92,10th,14/02/2007,25/03/2010,Full Time,Uttar Pradesh State Board,Radha Niketan College Kanpur,Electronics & Telecommunication,93,12th,14/03/2010,18/09/2014,Full Time,NITA,Motilal Nehru National Institute of Technology Allahabad,Electronics & Telecommunication,81,BE,20/07/2015,22/01/2018,Full Time,NITIE,NITIE Mumbai,Mining Engineering,87,ME,0,29/03/2017,19/09/2018,Full Time,Junior Technical Consultant,TCS,Manufacturing,AGRA,India,,,,,,,,,English,Good,Good,Good,Hindi,Good,Good,Good,Marathi,Good,Good,Good,Guddu,Software Engineer,London,8009800998,,,Naukri.com
88995,Major,Uday,Bhan,uday.bhan@mailinator.com652,7864823652,7894923645,13/04/1990,M,Single,PAN167694652,No,Behind Yaga Baba Hostel Baner,426194,KANPUR,India,579700,1340000,Mumbai,579000,2,1,30,12/06/2004,13/07/2006,Full Time,Uttar Pradesh State Board,Saraswati Vidya Mandir Kanpur,NA,92,10th,14/02/2007,25/03/2010,Full Time,Uttar Pradesh State Board,Radha Niketan College Kanpur,Electronics & Telecommunication,93,12th,14/03/2010,18/09/2014,Full Time,NITA,Motilal Nehru National Institute of Technology Allahabad,Electronics & Telecommunication,81,BE,20/07/2015,22/01/2018,Full Time,NITIE,NITIE Mumbai,Mining Engineering,87,ME,0,29/03/2017,19/09/2018,Full Time,Junior Technical Consultant,TCS,Manufacturing,AGRA,India,,,,,,,,,English,Good,Good,Good,Hindi,Good,Good,Good,Marathi,Good,Good,Good,Guddu,Software Engineer,London,8009800998,,,Naukri.com
88995,Major,Uday,Bhan,uday.bhan@mailinator.com653,7864823653,7894923645,13/04/1990,M,Single,PAN167694653,No,Behind Yaga Baba Hostel Baner,426194,KANPUR,India,579700,1340000,Mumbai,579000,2,1,30,12/06/2004,13/07/2006,Full Time,Uttar Pradesh State Board,Saraswati Vidya Mandir Kanpur,NA,92,10th,14/02/2007,25/03/2010,Full Time,Uttar Pradesh State Board,Radha Niketan College Kanpur,Electronics & Telecommunication,93,12th,14/03/2010,18/09/2014,Full Time,NITA,Motilal Nehru National Institute of Technology Allahabad,Electronics & Telecommunication,81,BE,20/07/2015,22/01/2018,Full Time,NITIE,NITIE Mumbai,Mining Engineering,87,ME,0,29/03/2017,19/09/2018,Full Time,Junior Technical Consultant,TCS,Manufacturing,AGRA,India,,,,,,,,,English,Good,Good,Good,Hindi,Good,Good,Good,Marathi,Good,Good,Good,Guddu,Software Engineer,London,8009800998,,,Naukri.com
88995,Major,Uday,Bhan,uday.bhan@mailinator.com654,7864823654,7894923645,13/04/1990,M,Single,PAN167694654,No,Behind Yaga Baba Hostel Baner,426194,KANPUR,India,579700,1340000,Mumbai,579000,2,1,30,12/06/2004,13/07/2006,Full Time,Uttar Pradesh State Board,Saraswati Vidya Mandir Kanpur,NA,92,10th,14/02/2007,25/03/2010,Full Time,Uttar Pradesh State Board,Radha Niketan College Kanpur,Electronics & Telecommunication,93,12th,14/03/2010,18/09/2014,Full Time,NITA,Motilal Nehru National Institute of Technology Allahabad,Electronics & Telecommunication,81,BE,20/07/2015,22/01/2018,Full Time,NITIE,NITIE Mumbai,Mining Engineering,87,ME,0,29/03/2017,19/09/2018,Full Time,Junior Technical Consultant,TCS,Manufacturing,AGRA,India,,,,,,,,,English,Good,Good,Good,Hindi,Good,Good,Good,Marathi,Good,Good,Good,Guddu,Software Engineer,London,8009800998,,,Naukri.com
88995,Major,Uday,Bhan,uday.bhan@mailinator.com655,7864823655,7894923645,13/04/1990,M,Single,PAN167694655,No,Behind Yaga Baba Hostel Baner,426194,KANPUR,India,579700,1340000,Mumbai,579000,2,1,30,12/06/2004,13/07/2006,Full Time,Uttar Pradesh State Board,Saraswati Vidya Mandir Kanpur,NA,92,10th,14/02/2007,25/03/2010,Full Time,Uttar Pradesh State Board,Radha Niketan College Kanpur,Electronics & Telecommunication,93,12th,14/03/2010,18/09/2014,Full Time,NITA,Motilal Nehru National Institute of Technology Allahabad,Electronics & Telecommunication,81,BE,20/07/2015,22/01/2018,Full Time,NITIE,NITIE Mumbai,Mining Engineering,87,ME,0,29/03/2017,19/09/2018,Full Time,Junior Technical Consultant,TCS,Manufacturing,AGRA,India,,,,,,,,,English,Good,Good,Good,Hindi,Good,Good,Good,Marathi,Good,Good,Good,Guddu,Software Engineer,London,8009800998,,,Naukri.com
88995,Major,Uday,Bhan,uday.bhan@mailinator.com656,7864823656,7894923645,13/04/1990,M,Single,PAN167694656,No,Behind Yaga Baba Hostel Baner,426194,KANPUR,India,579700,1340000,Mumbai,579000,2,1,30,12/06/2004,13/07/2006,Full Time,Uttar Pradesh State Board,Saraswati Vidya Mandir Kanpur,NA,92,10th,14/02/2007,25/03/2010,Full Time,Uttar Pradesh State Board,Radha Niketan College Kanpur,Electronics & Telecommunication,93,12th,14/03/2010,18/09/2014,Full Time,NITA,Motilal Nehru National Institute of Technology Allahabad,Electronics & Telecommunication,81,BE,20/07/2015,22/01/2018,Full Time,NITIE,NITIE Mumbai,Mining Engineering,87,ME,0,29/03/2017,19/09/2018,Full Time,Junior Technical Consultant,TCS,Manufacturing,AGRA,India,,,,,,,,,English,Good,Good,Good,Hindi,Good,Good,Good,Marathi,Good,Good,Good,Guddu,Software Engineer,London,8009800998,,,Naukri.com
88995,Major,Uday,Bhan,uday.bhan@mailinator.com657,7864823657,7894923645,13/04/1990,M,Single,PAN167694657,No,Behind Yaga Baba Hostel Baner,426194,KANPUR,India,579700,1340000,Mumbai,579000,2,1,30,12/06/2004,13/07/2006,Full Time,Uttar Pradesh State Board,Saraswati Vidya Mandir Kanpur,NA,92,10th,14/02/2007,25/03/2010,Full Time,Uttar Pradesh State Board,Radha Niketan College Kanpur,Electronics & Telecommunication,93,12th,14/03/2010,18/09/2014,Full Time,NITA,Motilal Nehru National Institute of Technology Allahabad,Electronics & Telecommunication,81,BE,20/07/2015,22/01/2018,Full Time,NITIE,NITIE Mumbai,Mining Engineering,87,ME,0,29/03/2017,19/09/2018,Full Time,Junior Technical Consultant,TCS,Manufacturing,AGRA,India,,,,,,,,,English,Good,Good,Good,Hindi,Good,Good,Good,Marathi,Good,Good,Good,Guddu,Software Engineer,London,8009800998,,,Naukri.com
88995,Major,Uday,Bhan,uday.bhan@mailinator.com658,7864823658,7894923645,13/04/1990,M,Single,PAN167694658,No,Behind Yaga Baba Hostel Baner,426194,KANPUR,India,579700,1340000,Mumbai,579000,2,1,30,12/06/2004,13/07/2006,Full Time,Uttar Pradesh State Board,Saraswati Vidya Mandir Kanpur,NA,92,10th,14/02/2007,25/03/2010,Full Time,Uttar Pradesh State Board,Radha Niketan College Kanpur,Electronics & Telecommunication,93,12th,14/03/2010,18/09/2014,Full Time,NITA,Motilal Nehru National Institute of Technology Allahabad,Electronics & Telecommunication,81,BE,20/07/2015,22/01/2018,Full Time,NITIE,NITIE Mumbai,Mining Engineering,87,ME,0,29/03/2017,19/09/2018,Full Time,Junior Technical Consultant,TCS,Manufacturing,AGRA,India,,,,,,,,,English,Good,Good,Good,Hindi,Good,Good,Good,Marathi,Good,Good,Good,Guddu,Software Engineer,London,8009800998,,,Naukri.com
88995,Major,Uday,Bhan,uday.bhan@mailinator.com659,7864823659,7894923645,13/04/1990,M,Single,PAN167694659,No,Behind Yaga Baba Hostel Baner,426194,KANPUR,India,579700,1340000,Mumbai,579000,2,1,30,12/06/2004,13/07/2006,Full Time,Uttar Pradesh State Board,Saraswati Vidya Mandir Kanpur,NA,92,10th,14/02/2007,25/03/2010,Full Time,Uttar Pradesh State Board,Radha Niketan College Kanpur,Electronics & Telecommunication,93,12th,14/03/2010,18/09/2014,Full Time,NITA,Motilal Nehru National Institute of Technology Allahabad,Electronics & Telecommunication,81,BE,20/07/2015,22/01/2018,Full Time,NITIE,NITIE Mumbai,Mining Engineering,87,ME,0,29/03/2017,19/09/2018,Full Time,Junior Technical Consultant,TCS,Manufacturing,AGRA,India,,,,,,,,,English,Good,Good,Good,Hindi,Good,Good,Good,Marathi,Good,Good,Good,Guddu,Software Engineer,London,8009800998,,,Naukri.com
88995,Major,Uday,Bhan,uday.bhan@mailinator.com660,7864823660,7894923645,13/04/1990,M,Single,PAN167694660,No,Behind Yaga Baba Hostel Baner,426194,KANPUR,India,579700,1340000,Mumbai,579000,2,1,30,12/06/2004,13/07/2006,Full Time,Uttar Pradesh State Board,Saraswati Vidya Mandir Kanpur,NA,92,10th,14/02/2007,25/03/2010,Full Time,Uttar Pradesh State Board,Radha Niketan College Kanpur,Electronics & Telecommunication,93,12th,14/03/2010,18/09/2014,Full Time,NITA,Motilal Nehru National Institute of Technology Allahabad,Electronics & Telecommunication,81,BE,20/07/2015,22/01/2018,Full Time,NITIE,NITIE Mumbai,Mining Engineering,87,ME,0,29/03/2017,19/09/2018,Full Time,Junior Technical Consultant,TCS,Manufacturing,AGRA,India,,,,,,,,,English,Good,Good,Good,Hindi,Good,Good,Good,Marathi,Good,Good,Good,Guddu,Software Engineer,London,8009800998,,,Naukri.com
88995,Major,Uday,Bhan,uday.bhan@mailinator.com661,7864823661,7894923645,13/04/1990,M,Single,PAN167694661,No,Behind Yaga Baba Hostel Baner,426194,KANPUR,India,579700,1340000,Mumbai,579000,2,1,30,12/06/2004,13/07/2006,Full Time,Uttar Pradesh State Board,Saraswati Vidya Mandir Kanpur,NA,92,10th,14/02/2007,25/03/2010,Full Time,Uttar Pradesh State Board,Radha Niketan College Kanpur,Electronics & Telecommunication,93,12th,14/03/2010,18/09/2014,Full Time,NITA,Motilal Nehru National Institute of Technology Allahabad,Electronics & Telecommunication,81,BE,20/07/2015,22/01/2018,Full Time,NITIE,NITIE Mumbai,Mining Engineering,87,ME,0,29/03/2017,19/09/2018,Full Time,Junior Technical Consultant,TCS,Manufacturing,AGRA,India,,,,,,,,,English,Good,Good,Good,Hindi,Good,Good,Good,Marathi,Good,Good,Good,Guddu,Software Engineer,London,8009800998,,,Naukri.com
88995,Major,Uday,Bhan,uday.bhan@mailinator.com662,7864823662,7894923645,13/04/1990,M,Single,PAN167694662,No,Behind Yaga Baba Hostel Baner,426194,KANPUR,India,579700,1340000,Mumbai,579000,2,1,30,12/06/2004,13/07/2006,Full Time,Uttar Pradesh State Board,Saraswati Vidya Mandir Kanpur,NA,92,10th,14/02/2007,25/03/2010,Full Time,Uttar Pradesh State Board,Radha Niketan College Kanpur,Electronics & Telecommunication,93,12th,14/03/2010,18/09/2014,Full Time,NITA,Motilal Nehru National Institute of Technology Allahabad,Electronics & Telecommunication,81,BE,20/07/2015,22/01/2018,Full Time,NITIE,NITIE Mumbai,Mining Engineering,87,ME,0,29/03/2017,19/09/2018,Full Time,Junior Technical Consultant,TCS,Manufacturing,AGRA,India,,,,,,,,,English,Good,Good,Good,Hindi,Good,Good,Good,Marathi,Good,Good,Good,Guddu,Software Engineer,London,8009800998,,,Naukri.com
88995,Major,Uday,Bhan,uday.bhan@mailinator.com663,7864823663,7894923645,13/04/1990,M,Single,PAN167694663,No,Behind Yaga Baba Hostel Baner,426194,KANPUR,India,579700,1340000,Mumbai,579000,2,1,30,12/06/2004,13/07/2006,Full Time,Uttar Pradesh State Board,Saraswati Vidya Mandir Kanpur,NA,92,10th,14/02/2007,25/03/2010,Full Time,Uttar Pradesh State Board,Radha Niketan College Kanpur,Electronics & Telecommunication,93,12th,14/03/2010,18/09/2014,Full Time,NITA,Motilal Nehru National Institute of Technology Allahabad,Electronics & Telecommunication,81,BE,20/07/2015,22/01/2018,Full Time,NITIE,NITIE Mumbai,Mining Engineering,87,ME,0,29/03/2017,19/09/2018,Full Time,Junior Technical Consultant,TCS,Manufacturing,AGRA,India,,,,,,,,,English,Good,Good,Good,Hindi,Good,Good,Good,Marathi,Good,Good,Good,Guddu,Software Engineer,London,8009800998,,,Naukri.com
88995,Major,Uday,Bhan,uday.bhan@mailinator.com664,7864823664,7894923645,13/04/1990,M,Single,PAN167694664,No,Behind Yaga Baba Hostel Baner,426194,KANPUR,India,579700,1340000,Mumbai,579000,2,1,30,12/06/2004,13/07/2006,Full Time,Uttar Pradesh State Board,Saraswati Vidya Mandir Kanpur,NA,92,10th,14/02/2007,25/03/2010,Full Time,Uttar Pradesh State Board,Radha Niketan College Kanpur,Electronics & Telecommunication,93,12th,14/03/2010,18/09/2014,Full Time,NITA,Motilal Nehru National Institute of Technology Allahabad,Electronics & Telecommunication,81,BE,20/07/2015,22/01/2018,Full Time,NITIE,NITIE Mumbai,Mining Engineering,87,ME,0,29/03/2017,19/09/2018,Full Time,Junior Technical Consultant,TCS,Manufacturing,AGRA,India,,,,,,,,,English,Good,Good,Good,Hindi,Good,Good,Good,Marathi,Good,Good,Good,Guddu,Software Engineer,London,8009800998,,,Naukri.com
88995,Major,Uday,Bhan,uday.bhan@mailinator.com665,7864823665,7894923645,13/04/1990,M,Single,PAN167694665,No,Behind Yaga Baba Hostel Baner,426194,KANPUR,India,579700,1340000,Mumbai,579000,2,1,30,12/06/2004,13/07/2006,Full Time,Uttar Pradesh State Board,Saraswati Vidya Mandir Kanpur,NA,92,10th,14/02/2007,25/03/2010,Full Time,Uttar Pradesh State Board,Radha Niketan College Kanpur,Electronics & Telecommunication,93,12th,14/03/2010,18/09/2014,Full Time,NITA,Motilal Nehru National Institute of Technology Allahabad,Electronics & Telecommunication,81,BE,20/07/2015,22/01/2018,Full Time,NITIE,NITIE Mumbai,Mining Engineering,87,ME,0,29/03/2017,19/09/2018,Full Time,Junior Technical Consultant,TCS,Manufacturing,AGRA,India,,,,,,,,,English,Good,Good,Good,Hindi,Good,Good,Good,Marathi,Good,Good,Good,Guddu,Software Engineer,London,8009800998,,,Naukri.com
88995,Major,Uday,Bhan,uday.bhan@mailinator.com666,7864823666,7894923645,13/04/1990,M,Single,PAN167694666,No,Behind Yaga Baba Hostel Baner,426194,KANPUR,India,579700,1340000,Mumbai,579000,2,1,30,12/06/2004,13/07/2006,Full Time,Uttar Pradesh State Board,Saraswati Vidya Mandir Kanpur,NA,92,10th,14/02/2007,25/03/2010,Full Time,Uttar Pradesh State Board,Radha Niketan College Kanpur,Electronics & Telecommunication,93,12th,14/03/2010,18/09/2014,Full Time,NITA,Motilal Nehru National Institute of Technology Allahabad,Electronics & Telecommunication,81,BE,20/07/2015,22/01/2018,Full Time,NITIE,NITIE Mumbai,Mining Engineering,87,ME,0,29/03/2017,19/09/2018,Full Time,Junior Technical Consultant,TCS,Manufacturing,AGRA,India,,,,,,,,,English,Good,Good,Good,Hindi,Good,Good,Good,Marathi,Good,Good,Good,Guddu,Software Engineer,London,8009800998,,,Naukri.com
88995,Major,Uday,Bhan,uday.bhan@mailinator.com667,7864823667,7894923645,13/04/1990,M,Single,PAN167694667,No,Behind Yaga Baba Hostel Baner,426194,KANPUR,India,579700,1340000,Mumbai,579000,2,1,30,12/06/2004,13/07/2006,Full Time,Uttar Pradesh State Board,Saraswati Vidya Mandir Kanpur,NA,92,10th,14/02/2007,25/03/2010,Full Time,Uttar Pradesh State Board,Radha Niketan College Kanpur,Electronics & Telecommunication,93,12th,14/03/2010,18/09/2014,Full Time,NITA,Motilal Nehru National Institute of Technology Allahabad,Electronics & Telecommunication,81,BE,20/07/2015,22/01/2018,Full Time,NITIE,NITIE Mumbai,Mining Engineering,87,ME,0,29/03/2017,19/09/2018,Full Time,Junior Technical Consultant,TCS,Manufacturing,AGRA,India,,,,,,,,,English,Good,Good,Good,Hindi,Good,Good,Good,Marathi,Good,Good,Good,Guddu,Software Engineer,London,8009800998,,,Naukri.com
88995,Major,Uday,Bhan,uday.bhan@mailinator.com668,7864823668,7894923645,13/04/1990,M,Single,PAN167694668,No,Behind Yaga Baba Hostel Baner,426194,KANPUR,India,579700,1340000,Mumbai,579000,2,1,30,12/06/2004,13/07/2006,Full Time,Uttar Pradesh State Board,Saraswati Vidya Mandir Kanpur,NA,92,10th,14/02/2007,25/03/2010,Full Time,Uttar Pradesh State Board,Radha Niketan College Kanpur,Electronics & Telecommunication,93,12th,14/03/2010,18/09/2014,Full Time,NITA,Motilal Nehru National Institute of Technology Allahabad,Electronics & Telecommunication,81,BE,20/07/2015,22/01/2018,Full Time,NITIE,NITIE Mumbai,Mining Engineering,87,ME,0,29/03/2017,19/09/2018,Full Time,Junior Technical Consultant,TCS,Manufacturing,AGRA,India,,,,,,,,,English,Good,Good,Good,Hindi,Good,Good,Good,Marathi,Good,Good,Good,Guddu,Software Engineer,London,8009800998,,,Naukri.com
88995,Major,Uday,Bhan,uday.bhan@mailinator.com669,7864823669,7894923645,13/04/1990,M,Single,PAN167694669,No,Behind Yaga Baba Hostel Baner,426194,KANPUR,India,579700,1340000,Mumbai,579000,2,1,30,12/06/2004,13/07/2006,Full Time,Uttar Pradesh State Board,Saraswati Vidya Mandir Kanpur,NA,92,10th,14/02/2007,25/03/2010,Full Time,Uttar Pradesh State Board,Radha Niketan College Kanpur,Electronics & Telecommunication,93,12th,14/03/2010,18/09/2014,Full Time,NITA,Motilal Nehru National Institute of Technology Allahabad,Electronics & Telecommunication,81,BE,20/07/2015,22/01/2018,Full Time,NITIE,NITIE Mumbai,Mining Engineering,87,ME,0,29/03/2017,19/09/2018,Full Time,Junior Technical Consultant,TCS,Manufacturing,AGRA,India,,,,,,,,,English,Good,Good,Good,Hindi,Good,Good,Good,Marathi,Good,Good,Good,Guddu,Software Engineer,London,8009800998,,,Naukri.com
88995,Major,Uday,Bhan,uday.bhan@mailinator.com670,7864823670,7894923645,13/04/1990,M,Single,PAN167694670,No,Behind Yaga Baba Hostel Baner,426194,KANPUR,India,579700,1340000,Mumbai,579000,2,1,30,12/06/2004,13/07/2006,Full Time,Uttar Pradesh State Board,Saraswati Vidya Mandir Kanpur,NA,92,10th,14/02/2007,25/03/2010,Full Time,Uttar Pradesh State Board,Radha Niketan College Kanpur,Electronics & Telecommunication,93,12th,14/03/2010,18/09/2014,Full Time,NITA,Motilal Nehru National Institute of Technology Allahabad,Electronics & Telecommunication,81,BE,20/07/2015,22/01/2018,Full Time,NITIE,NITIE Mumbai,Mining Engineering,87,ME,0,29/03/2017,19/09/2018,Full Time,Junior Technical Consultant,TCS,Manufacturing,AGRA,India,,,,,,,,,English,Good,Good,Good,Hindi,Good,Good,Good,Marathi,Good,Good,Good,Guddu,Software Engineer,London,8009800998,,,Naukri.com
88995,Major,Uday,Bhan,uday.bhan@mailinator.com671,7864823671,7894923645,13/04/1990,M,Single,PAN167694671,No,Behind Yaga Baba Hostel Baner,426194,KANPUR,India,579700,1340000,Mumbai,579000,2,1,30,12/06/2004,13/07/2006,Full Time,Uttar Pradesh State Board,Saraswati Vidya Mandir Kanpur,NA,92,10th,14/02/2007,25/03/2010,Full Time,Uttar Pradesh State Board,Radha Niketan College Kanpur,Electronics & Telecommunication,93,12th,14/03/2010,18/09/2014,Full Time,NITA,Motilal Nehru National Institute of Technology Allahabad,Electronics & Telecommunication,81,BE,20/07/2015,22/01/2018,Full Time,NITIE,NITIE Mumbai,Mining Engineering,87,ME,0,29/03/2017,19/09/2018,Full Time,Junior Technical Consultant,TCS,Manufacturing,AGRA,India,,,,,,,,,English,Good,Good,Good,Hindi,Good,Good,Good,Marathi,Good,Good,Good,Guddu,Software Engineer,London,8009800998,,,Naukri.com
88995,Major,Uday,Bhan,uday.bhan@mailinator.com672,7864823672,7894923645,13/04/1990,M,Single,PAN167694672,No,Behind Yaga Baba Hostel Baner,426194,KANPUR,India,579700,1340000,Mumbai,579000,2,1,30,12/06/2004,13/07/2006,Full Time,Uttar Pradesh State Board,Saraswati Vidya Mandir Kanpur,NA,92,10th,14/02/2007,25/03/2010,Full Time,Uttar Pradesh State Board,Radha Niketan College Kanpur,Electronics & Telecommunication,93,12th,14/03/2010,18/09/2014,Full Time,NITA,Motilal Nehru National Institute of Technology Allahabad,Electronics & Telecommunication,81,BE,20/07/2015,22/01/2018,Full Time,NITIE,NITIE Mumbai,Mining Engineering,87,ME,0,29/03/2017,19/09/2018,Full Time,Junior Technical Consultant,TCS,Manufacturing,AGRA,India,,,,,,,,,English,Good,Good,Good,Hindi,Good,Good,Good,Marathi,Good,Good,Good,Guddu,Software Engineer,London,8009800998,,,Naukri.com
88995,Major,Uday,Bhan,uday.bhan@mailinator.com673,7864823673,7894923645,13/04/1990,M,Single,PAN167694673,No,Behind Yaga Baba Hostel Baner,426194,KANPUR,India,579700,1340000,Mumbai,579000,2,1,30,12/06/2004,13/07/2006,Full Time,Uttar Pradesh State Board,Saraswati Vidya Mandir Kanpur,NA,92,10th,14/02/2007,25/03/2010,Full Time,Uttar Pradesh State Board,Radha Niketan College Kanpur,Electronics & Telecommunication,93,12th,14/03/2010,18/09/2014,Full Time,NITA,Motilal Nehru National Institute of Technology Allahabad,Electronics & Telecommunication,81,BE,20/07/2015,22/01/2018,Full Time,NITIE,NITIE Mumbai,Mining Engineering,87,ME,0,29/03/2017,19/09/2018,Full Time,Junior Technical Consultant,TCS,Manufacturing,AGRA,India,,,,,,,,,English,Good,Good,Good,Hindi,Good,Good,Good,Marathi,Good,Good,Good,Guddu,Software Engineer,London,8009800998,,,Naukri.com
88995,Major,Uday,Bhan,uday.bhan@mailinator.com674,7864823674,7894923645,13/04/1990,M,Single,PAN167694674,No,Behind Yaga Baba Hostel Baner,426194,KANPUR,India,579700,1340000,Mumbai,579000,2,1,30,12/06/2004,13/07/2006,Full Time,Uttar Pradesh State Board,Saraswati Vidya Mandir Kanpur,NA,92,10th,14/02/2007,25/03/2010,Full Time,Uttar Pradesh State Board,Radha Niketan College Kanpur,Electronics & Telecommunication,93,12th,14/03/2010,18/09/2014,Full Time,NITA,Motilal Nehru National Institute of Technology Allahabad,Electronics & Telecommunication,81,BE,20/07/2015,22/01/2018,Full Time,NITIE,NITIE Mumbai,Mining Engineering,87,ME,0,29/03/2017,19/09/2018,Full Time,Junior Technical Consultant,TCS,Manufacturing,AGRA,India,,,,,,,,,English,Good,Good,Good,Hindi,Good,Good,Good,Marathi,Good,Good,Good,Guddu,Software Engineer,London,8009800998,,,Naukri.com
88995,Major,Uday,Bhan,uday.bhan@mailinator.com675,7864823675,7894923645,13/04/1990,M,Single,PAN167694675,No,Behind Yaga Baba Hostel Baner,426194,KANPUR,India,579700,1340000,Mumbai,579000,2,1,30,12/06/2004,13/07/2006,Full Time,Uttar Pradesh State Board,Saraswati Vidya Mandir Kanpur,NA,92,10th,14/02/2007,25/03/2010,Full Time,Uttar Pradesh State Board,Radha Niketan College Kanpur,Electronics & Telecommunication,93,12th,14/03/2010,18/09/2014,Full Time,NITA,Motilal Nehru National Institute of Technology Allahabad,Electronics & Telecommunication,81,BE,20/07/2015,22/01/2018,Full Time,NITIE,NITIE Mumbai,Mining Engineering,87,ME,0,29/03/2017,19/09/2018,Full Time,Junior Technical Consultant,TCS,Manufacturing,AGRA,India,,,,,,,,,English,Good,Good,Good,Hindi,Good,Good,Good,Marathi,Good,Good,Good,Guddu,Software Engineer,London,8009800998,,,Naukri.com
88995,Major,Uday,Bhan,uday.bhan@mailinator.com676,7864823676,7894923645,13/04/1990,M,Single,PAN167694676,No,Behind Yaga Baba Hostel Baner,426194,KANPUR,India,579700,1340000,Mumbai,579000,2,1,30,12/06/2004,13/07/2006,Full Time,Uttar Pradesh State Board,Saraswati Vidya Mandir Kanpur,NA,92,10th,14/02/2007,25/03/2010,Full Time,Uttar Pradesh State Board,Radha Niketan College Kanpur,Electronics & Telecommunication,93,12th,14/03/2010,18/09/2014,Full Time,NITA,Motilal Nehru National Institute of Technology Allahabad,Electronics & Telecommunication,81,BE,20/07/2015,22/01/2018,Full Time,NITIE,NITIE Mumbai,Mining Engineering,87,ME,0,29/03/2017,19/09/2018,Full Time,Junior Technical Consultant,TCS,Manufacturing,AGRA,India,,,,,,,,,English,Good,Good,Good,Hindi,Good,Good,Good,Marathi,Good,Good,Good,Guddu,Software Engineer,London,8009800998,,,Naukri.com
88995,Major,Uday,Bhan,uday.bhan@mailinator.com677,7864823677,7894923645,13/04/1990,M,Single,PAN167694677,No,Behind Yaga Baba Hostel Baner,426194,KANPUR,India,579700,1340000,Mumbai,579000,2,1,30,12/06/2004,13/07/2006,Full Time,Uttar Pradesh State Board,Saraswati Vidya Mandir Kanpur,NA,92,10th,14/02/2007,25/03/2010,Full Time,Uttar Pradesh State Board,Radha Niketan College Kanpur,Electronics & Telecommunication,93,12th,14/03/2010,18/09/2014,Full Time,NITA,Motilal Nehru National Institute of Technology Allahabad,Electronics & Telecommunication,81,BE,20/07/2015,22/01/2018,Full Time,NITIE,NITIE Mumbai,Mining Engineering,87,ME,0,29/03/2017,19/09/2018,Full Time,Junior Technical Consultant,TCS,Manufacturing,AGRA,India,,,,,,,,,English,Good,Good,Good,Hindi,Good,Good,Good,Marathi,Good,Good,Good,Guddu,Software Engineer,London,8009800998,,,Naukri.com
88995,Major,Uday,Bhan,uday.bhan@mailinator.com678,7864823678,7894923645,13/04/1990,M,Single,PAN167694678,No,Behind Yaga Baba Hostel Baner,426194,KANPUR,India,579700,1340000,Mumbai,579000,2,1,30,12/06/2004,13/07/2006,Full Time,Uttar Pradesh State Board,Saraswati Vidya Mandir Kanpur,NA,92,10th,14/02/2007,25/03/2010,Full Time,Uttar Pradesh State Board,Radha Niketan College Kanpur,Electronics & Telecommunication,93,12th,14/03/2010,18/09/2014,Full Time,NITA,Motilal Nehru National Institute of Technology Allahabad,Electronics & Telecommunication,81,BE,20/07/2015,22/01/2018,Full Time,NITIE,NITIE Mumbai,Mining Engineering,87,ME,0,29/03/2017,19/09/2018,Full Time,Junior Technical Consultant,TCS,Manufacturing,AGRA,India,,,,,,,,,English,Good,Good,Good,Hindi,Good,Good,Good,Marathi,Good,Good,Good,Guddu,Software Engineer,London,8009800998,,,Naukri.com
88995,Major,Uday,Bhan,uday.bhan@mailinator.com679,7864823679,7894923645,13/04/1990,M,Single,PAN167694679,No,Behind Yaga Baba Hostel Baner,426194,KANPUR,India,579700,1340000,Mumbai,579000,2,1,30,12/06/2004,13/07/2006,Full Time,Uttar Pradesh State Board,Saraswati Vidya Mandir Kanpur,NA,92,10th,14/02/2007,25/03/2010,Full Time,Uttar Pradesh State Board,Radha Niketan College Kanpur,Electronics & Telecommunication,93,12th,14/03/2010,18/09/2014,Full Time,NITA,Motilal Nehru National Institute of Technology Allahabad,Electronics & Telecommunication,81,BE,20/07/2015,22/01/2018,Full Time,NITIE,NITIE Mumbai,Mining Engineering,87,ME,0,29/03/2017,19/09/2018,Full Time,Junior Technical Consultant,TCS,Manufacturing,AGRA,India,,,,,,,,,English,Good,Good,Good,Hindi,Good,Good,Good,Marathi,Good,Good,Good,Guddu,Software Engineer,London,8009800998,,,Naukri.com
88995,Major,Uday,Bhan,uday.bhan@mailinator.com680,7864823680,7894923645,13/04/1990,M,Single,PAN167694680,No,Behind Yaga Baba Hostel Baner,426194,KANPUR,India,579700,1340000,Mumbai,579000,2,1,30,12/06/2004,13/07/2006,Full Time,Uttar Pradesh State Board,Saraswati Vidya Mandir Kanpur,NA,92,10th,14/02/2007,25/03/2010,Full Time,Uttar Pradesh State Board,Radha Niketan College Kanpur,Electronics & Telecommunication,93,12th,14/03/2010,18/09/2014,Full Time,NITA,Motilal Nehru National Institute of Technology Allahabad,Electronics & Telecommunication,81,BE,20/07/2015,22/01/2018,Full Time,NITIE,NITIE Mumbai,Mining Engineering,87,ME,0,29/03/2017,19/09/2018,Full Time,Junior Technical Consultant,TCS,Manufacturing,AGRA,India,,,,,,,,,English,Good,Good,Good,Hindi,Good,Good,Good,Marathi,Good,Good,Good,Guddu,Software Engineer,London,8009800998,,,Naukri.com
88995,Major,Uday,Bhan,uday.bhan@mailinator.com681,7864823681,7894923645,13/04/1990,M,Single,PAN167694681,No,Behind Yaga Baba Hostel Baner,426194,KANPUR,India,579700,1340000,Mumbai,579000,2,1,30,12/06/2004,13/07/2006,Full Time,Uttar Pradesh State Board,Saraswati Vidya Mandir Kanpur,NA,92,10th,14/02/2007,25/03/2010,Full Time,Uttar Pradesh State Board,Radha Niketan College Kanpur,Electronics & Telecommunication,93,12th,14/03/2010,18/09/2014,Full Time,NITA,Motilal Nehru National Institute of Technology Allahabad,Electronics & Telecommunication,81,BE,20/07/2015,22/01/2018,Full Time,NITIE,NITIE Mumbai,Mining Engineering,87,ME,0,29/03/2017,19/09/2018,Full Time,Junior Technical Consultant,TCS,Manufacturing,AGRA,India,,,,,,,,,English,Good,Good,Good,Hindi,Good,Good,Good,Marathi,Good,Good,Good,Guddu,Software Engineer,London,8009800998,,,Naukri.com
88995,Major,Uday,Bhan,uday.bhan@mailinator.com682,7864823682,7894923645,13/04/1990,M,Single,PAN167694682,No,Behind Yaga Baba Hostel Baner,426194,KANPUR,India,579700,1340000,Mumbai,579000,2,1,30,12/06/2004,13/07/2006,Full Time,Uttar Pradesh State Board,Saraswati Vidya Mandir Kanpur,NA,92,10th,14/02/2007,25/03/2010,Full Time,Uttar Pradesh State Board,Radha Niketan College Kanpur,Electronics & Telecommunication,93,12th,14/03/2010,18/09/2014,Full Time,NITA,Motilal Nehru National Institute of Technology Allahabad,Electronics & Telecommunication,81,BE,20/07/2015,22/01/2018,Full Time,NITIE,NITIE Mumbai,Mining Engineering,87,ME,0,29/03/2017,19/09/2018,Full Time,Junior Technical Consultant,TCS,Manufacturing,AGRA,India,,,,,,,,,English,Good,Good,Good,Hindi,Good,Good,Good,Marathi,Good,Good,Good,Guddu,Software Engineer,London,8009800998,,,Naukri.com
88995,Major,Uday,Bhan,uday.bhan@mailinator.com683,7864823683,7894923645,13/04/1990,M,Single,PAN167694683,No,Behind Yaga Baba Hostel Baner,426194,KANPUR,India,579700,1340000,Mumbai,579000,2,1,30,12/06/2004,13/07/2006,Full Time,Uttar Pradesh State Board,Saraswati Vidya Mandir Kanpur,NA,92,10th,14/02/2007,25/03/2010,Full Time,Uttar Pradesh State Board,Radha Niketan College Kanpur,Electronics & Telecommunication,93,12th,14/03/2010,18/09/2014,Full Time,NITA,Motilal Nehru National Institute of Technology Allahabad,Electronics & Telecommunication,81,BE,20/07/2015,22/01/2018,Full Time,NITIE,NITIE Mumbai,Mining Engineering,87,ME,0,29/03/2017,19/09/2018,Full Time,Junior Technical Consultant,TCS,Manufacturing,AGRA,India,,,,,,,,,English,Good,Good,Good,Hindi,Good,Good,Good,Marathi,Good,Good,Good,Guddu,Software Engineer,London,8009800998,,,Naukri.com
88995,Major,Uday,Bhan,uday.bhan@mailinator.com684,7864823684,7894923645,13/04/1990,M,Single,PAN167694684,No,Behind Yaga Baba Hostel Baner,426194,KANPUR,India,579700,1340000,Mumbai,579000,2,1,30,12/06/2004,13/07/2006,Full Time,Uttar Pradesh State Board,Saraswati Vidya Mandir Kanpur,NA,92,10th,14/02/2007,25/03/2010,Full Time,Uttar Pradesh State Board,Radha Niketan College Kanpur,Electronics & Telecommunication,93,12th,14/03/2010,18/09/2014,Full Time,NITA,Motilal Nehru National Institute of Technology Allahabad,Electronics & Telecommunication,81,BE,20/07/2015,22/01/2018,Full Time,NITIE,NITIE Mumbai,Mining Engineering,87,ME,0,29/03/2017,19/09/2018,Full Time,Junior Technical Consultant,TCS,Manufacturing,AGRA,India,,,,,,,,,English,Good,Good,Good,Hindi,Good,Good,Good,Marathi,Good,Good,Good,Guddu,Software Engineer,London,8009800998,,,Naukri.com
88995,Major,Uday,Bhan,uday.bhan@mailinator.com685,7864823685,7894923645,13/04/1990,M,Single,PAN167694685,No,Behind Yaga Baba Hostel Baner,426194,KANPUR,India,579700,1340000,Mumbai,579000,2,1,30,12/06/2004,13/07/2006,Full Time,Uttar Pradesh State Board,Saraswati Vidya Mandir Kanpur,NA,92,10th,14/02/2007,25/03/2010,Full Time,Uttar Pradesh State Board,Radha Niketan College Kanpur,Electronics & Telecommunication,93,12th,14/03/2010,18/09/2014,Full Time,NITA,Motilal Nehru National Institute of Technology Allahabad,Electronics & Telecommunication,81,BE,20/07/2015,22/01/2018,Full Time,NITIE,NITIE Mumbai,Mining Engineering,87,ME,0,29/03/2017,19/09/2018,Full Time,Junior Technical Consultant,TCS,Manufacturing,AGRA,India,,,,,,,,,English,Good,Good,Good,Hindi,Good,Good,Good,Marathi,Good,Good,Good,Guddu,Software Engineer,London,8009800998,,,Naukri.com
88995,Major,Uday,Bhan,uday.bhan@mailinator.com686,7864823686,7894923645,13/04/1990,M,Single,PAN167694686,No,Behind Yaga Baba Hostel Baner,426194,KANPUR,India,579700,1340000,Mumbai,579000,2,1,30,12/06/2004,13/07/2006,Full Time,Uttar Pradesh State Board,Saraswati Vidya Mandir Kanpur,NA,92,10th,14/02/2007,25/03/2010,Full Time,Uttar Pradesh State Board,Radha Niketan College Kanpur,Electronics & Telecommunication,93,12th,14/03/2010,18/09/2014,Full Time,NITA,Motilal Nehru National Institute of Technology Allahabad,Electronics & Telecommunication,81,BE,20/07/2015,22/01/2018,Full Time,NITIE,NITIE Mumbai,Mining Engineering,87,ME,0,29/03/2017,19/09/2018,Full Time,Junior Technical Consultant,TCS,Manufacturing,AGRA,India,,,,,,,,,English,Good,Good,Good,Hindi,Good,Good,Good,Marathi,Good,Good,Good,Guddu,Software Engineer,London,8009800998,,,Naukri.com
88995,Major,Uday,Bhan,uday.bhan@mailinator.com687,7864823687,7894923645,13/04/1990,M,Single,PAN167694687,No,Behind Yaga Baba Hostel Baner,426194,KANPUR,India,579700,1340000,Mumbai,579000,2,1,30,12/06/2004,13/07/2006,Full Time,Uttar Pradesh State Board,Saraswati Vidya Mandir Kanpur,NA,92,10th,14/02/2007,25/03/2010,Full Time,Uttar Pradesh State Board,Radha Niketan College Kanpur,Electronics & Telecommunication,93,12th,14/03/2010,18/09/2014,Full Time,NITA,Motilal Nehru National Institute of Technology Allahabad,Electronics & Telecommunication,81,BE,20/07/2015,22/01/2018,Full Time,NITIE,NITIE Mumbai,Mining Engineering,87,ME,0,29/03/2017,19/09/2018,Full Time,Junior Technical Consultant,TCS,Manufacturing,AGRA,India,,,,,,,,,English,Good,Good,Good,Hindi,Good,Good,Good,Marathi,Good,Good,Good,Guddu,Software Engineer,London,8009800998,,,Naukri.com
88995,Major,Uday,Bhan,uday.bhan@mailinator.com688,7864823688,7894923645,13/04/1990,M,Single,PAN167694688,No,Behind Yaga Baba Hostel Baner,426194,KANPUR,India,579700,1340000,Mumbai,579000,2,1,30,12/06/2004,13/07/2006,Full Time,Uttar Pradesh State Board,Saraswati Vidya Mandir Kanpur,NA,92,10th,14/02/2007,25/03/2010,Full Time,Uttar Pradesh State Board,Radha Niketan College Kanpur,Electronics & Telecommunication,93,12th,14/03/2010,18/09/2014,Full Time,NITA,Motilal Nehru National Institute of Technology Allahabad,Electronics & Telecommunication,81,BE,20/07/2015,22/01/2018,Full Time,NITIE,NITIE Mumbai,Mining Engineering,87,ME,0,29/03/2017,19/09/2018,Full Time,Junior Technical Consultant,TCS,Manufacturing,AGRA,India,,,,,,,,,English,Good,Good,Good,Hindi,Good,Good,Good,Marathi,Good,Good,Good,Guddu,Software Engineer,London,8009800998,,,Naukri.com
88995,Major,Uday,Bhan,uday.bhan@mailinator.com689,7864823689,7894923645,13/04/1990,M,Single,PAN167694689,No,Behind Yaga Baba Hostel Baner,426194,KANPUR,India,579700,1340000,Mumbai,579000,2,1,30,12/06/2004,13/07/2006,Full Time,Uttar Pradesh State Board,Saraswati Vidya Mandir Kanpur,NA,92,10th,14/02/2007,25/03/2010,Full Time,Uttar Pradesh State Board,Radha Niketan College Kanpur,Electronics & Telecommunication,93,12th,14/03/2010,18/09/2014,Full Time,NITA,Motilal Nehru National Institute of Technology Allahabad,Electronics & Telecommunication,81,BE,20/07/2015,22/01/2018,Full Time,NITIE,NITIE Mumbai,Mining Engineering,87,ME,0,29/03/2017,19/09/2018,Full Time,Junior Technical Consultant,TCS,Manufacturing,AGRA,India,,,,,,,,,English,Good,Good,Good,Hindi,Good,Good,Good,Marathi,Good,Good,Good,Guddu,Software Engineer,London,8009800998,,,Naukri.com
88995,Major,Uday,Bhan,uday.bhan@mailinator.com690,7864823690,7894923645,13/04/1990,M,Single,PAN167694690,No,Behind Yaga Baba Hostel Baner,426194,KANPUR,India,579700,1340000,Mumbai,579000,2,1,30,12/06/2004,13/07/2006,Full Time,Uttar Pradesh State Board,Saraswati Vidya Mandir Kanpur,NA,92,10th,14/02/2007,25/03/2010,Full Time,Uttar Pradesh State Board,Radha Niketan College Kanpur,Electronics & Telecommunication,93,12th,14/03/2010,18/09/2014,Full Time,NITA,Motilal Nehru National Institute of Technology Allahabad,Electronics & Telecommunication,81,BE,20/07/2015,22/01/2018,Full Time,NITIE,NITIE Mumbai,Mining Engineering,87,ME,0,29/03/2017,19/09/2018,Full Time,Junior Technical Consultant,TCS,Manufacturing,AGRA,India,,,,,,,,,English,Good,Good,Good,Hindi,Good,Good,Good,Marathi,Good,Good,Good,Guddu,Software Engineer,London,8009800998,,,Naukri.com
88995,Major,Uday,Bhan,uday.bhan@mailinator.com691,7864823691,7894923645,13/04/1990,M,Single,PAN167694691,No,Behind Yaga Baba Hostel Baner,426194,KANPUR,India,579700,1340000,Mumbai,579000,2,1,30,12/06/2004,13/07/2006,Full Time,Uttar Pradesh State Board,Saraswati Vidya Mandir Kanpur,NA,92,10th,14/02/2007,25/03/2010,Full Time,Uttar Pradesh State Board,Radha Niketan College Kanpur,Electronics & Telecommunication,93,12th,14/03/2010,18/09/2014,Full Time,NITA,Motilal Nehru National Institute of Technology Allahabad,Electronics & Telecommunication,81,BE,20/07/2015,22/01/2018,Full Time,NITIE,NITIE Mumbai,Mining Engineering,87,ME,0,29/03/2017,19/09/2018,Full Time,Junior Technical Consultant,TCS,Manufacturing,AGRA,India,,,,,,,,,English,Good,Good,Good,Hindi,Good,Good,Good,Marathi,Good,Good,Good,Guddu,Software Engineer,London,8009800998,,,Naukri.com
88995,Major,Uday,Bhan,uday.bhan@mailinator.com692,7864823692,7894923645,13/04/1990,M,Single,PAN167694692,No,Behind Yaga Baba Hostel Baner,426194,KANPUR,India,579700,1340000,Mumbai,579000,2,1,30,12/06/2004,13/07/2006,Full Time,Uttar Pradesh State Board,Saraswati Vidya Mandir Kanpur,NA,92,10th,14/02/2007,25/03/2010,Full Time,Uttar Pradesh State Board,Radha Niketan College Kanpur,Electronics & Telecommunication,93,12th,14/03/2010,18/09/2014,Full Time,NITA,Motilal Nehru National Institute of Technology Allahabad,Electronics & Telecommunication,81,BE,20/07/2015,22/01/2018,Full Time,NITIE,NITIE Mumbai,Mining Engineering,87,ME,0,29/03/2017,19/09/2018,Full Time,Junior Technical Consultant,TCS,Manufacturing,AGRA,India,,,,,,,,,English,Good,Good,Good,Hindi,Good,Good,Good,Marathi,Good,Good,Good,Guddu,Software Engineer,London,8009800998,,,Naukri.com
88995,Major,Uday,Bhan,uday.bhan@mailinator.com693,7864823693,7894923645,13/04/1990,M,Single,PAN167694693,No,Behind Yaga Baba Hostel Baner,426194,KANPUR,India,579700,1340000,Mumbai,579000,2,1,30,12/06/2004,13/07/2006,Full Time,Uttar Pradesh State Board,Saraswati Vidya Mandir Kanpur,NA,92,10th,14/02/2007,25/03/2010,Full Time,Uttar Pradesh State Board,Radha Niketan College Kanpur,Electronics & Telecommunication,93,12th,14/03/2010,18/09/2014,Full Time,NITA,Motilal Nehru National Institute of Technology Allahabad,Electronics & Telecommunication,81,BE,20/07/2015,22/01/2018,Full Time,NITIE,NITIE Mumbai,Mining Engineering,87,ME,0,29/03/2017,19/09/2018,Full Time,Junior Technical Consultant,TCS,Manufacturing,AGRA,India,,,,,,,,,English,Good,Good,Good,Hindi,Good,Good,Good,Marathi,Good,Good,Good,Guddu,Software Engineer,London,8009800998,,,Naukri.com
88995,Major,Uday,Bhan,uday.bhan@mailinator.com694,7864823694,7894923645,13/04/1990,M,Single,PAN167694694,No,Behind Yaga Baba Hostel Baner,426194,KANPUR,India,579700,1340000,Mumbai,579000,2,1,30,12/06/2004,13/07/2006,Full Time,Uttar Pradesh State Board,Saraswati Vidya Mandir Kanpur,NA,92,10th,14/02/2007,25/03/2010,Full Time,Uttar Pradesh State Board,Radha Niketan College Kanpur,Electronics & Telecommunication,93,12th,14/03/2010,18/09/2014,Full Time,NITA,Motilal Nehru National Institute of Technology Allahabad,Electronics & Telecommunication,81,BE,20/07/2015,22/01/2018,Full Time,NITIE,NITIE Mumbai,Mining Engineering,87,ME,0,29/03/2017,19/09/2018,Full Time,Junior Technical Consultant,TCS,Manufacturing,AGRA,India,,,,,,,,,English,Good,Good,Good,Hindi,Good,Good,Good,Marathi,Good,Good,Good,Guddu,Software Engineer,London,8009800998,,,Naukri.com
88995,Major,Uday,Bhan,uday.bhan@mailinator.com695,7864823695,7894923645,13/04/1990,M,Single,PAN167694695,No,Behind Yaga Baba Hostel Baner,426194,KANPUR,India,579700,1340000,Mumbai,579000,2,1,30,12/06/2004,13/07/2006,Full Time,Uttar Pradesh State Board,Saraswati Vidya Mandir Kanpur,NA,92,10th,14/02/2007,25/03/2010,Full Time,Uttar Pradesh State Board,Radha Niketan College Kanpur,Electronics & Telecommunication,93,12th,14/03/2010,18/09/2014,Full Time,NITA,Motilal Nehru National Institute of Technology Allahabad,Electronics & Telecommunication,81,BE,20/07/2015,22/01/2018,Full Time,NITIE,NITIE Mumbai,Mining Engineering,87,ME,0,29/03/2017,19/09/2018,Full Time,Junior Technical Consultant,TCS,Manufacturing,AGRA,India,,,,,,,,,English,Good,Good,Good,Hindi,Good,Good,Good,Marathi,Good,Good,Good,Guddu,Software Engineer,London,8009800998,,,Naukri.com
88995,Major,Uday,Bhan,uday.bhan@mailinator.com696,7864823696,7894923645,13/04/1990,M,Single,PAN167694696,No,Behind Yaga Baba Hostel Baner,426194,KANPUR,India,579700,1340000,Mumbai,579000,2,1,30,12/06/2004,13/07/2006,Full Time,Uttar Pradesh State Board,Saraswati Vidya Mandir Kanpur,NA,92,10th,14/02/2007,25/03/2010,Full Time,Uttar Pradesh State Board,Radha Niketan College Kanpur,Electronics & Telecommunication,93,12th,14/03/2010,18/09/2014,Full Time,NITA,Motilal Nehru National Institute of Technology Allahabad,Electronics & Telecommunication,81,BE,20/07/2015,22/01/2018,Full Time,NITIE,NITIE Mumbai,Mining Engineering,87,ME,0,29/03/2017,19/09/2018,Full Time,Junior Technical Consultant,TCS,Manufacturing,AGRA,India,,,,,,,,,English,Good,Good,Good,Hindi,Good,Good,Good,Marathi,Good,Good,Good,Guddu,Software Engineer,London,8009800998,,,Naukri.com
88995,Major,Uday,Bhan,uday.bhan@mailinator.com697,7864823697,7894923645,13/04/1990,M,Single,PAN167694697,No,Behind Yaga Baba Hostel Baner,426194,KANPUR,India,579700,1340000,Mumbai,579000,2,1,30,12/06/2004,13/07/2006,Full Time,Uttar Pradesh State Board,Saraswati Vidya Mandir Kanpur,NA,92,10th,14/02/2007,25/03/2010,Full Time,Uttar Pradesh State Board,Radha Niketan College Kanpur,Electronics & Telecommunication,93,12th,14/03/2010,18/09/2014,Full Time,NITA,Motilal Nehru National Institute of Technology Allahabad,Electronics & Telecommunication,81,BE,20/07/2015,22/01/2018,Full Time,NITIE,NITIE Mumbai,Mining Engineering,87,ME,0,29/03/2017,19/09/2018,Full Time,Junior Technical Consultant,TCS,Manufacturing,AGRA,India,,,,,,,,,English,Good,Good,Good,Hindi,Good,Good,Good,Marathi,Good,Good,Good,Guddu,Software Engineer,London,8009800998,,,Naukri.com
88995,Major,Uday,Bhan,uday.bhan@mailinator.com698,7864823698,7894923645,13/04/1990,M,Single,PAN167694698,No,Behind Yaga Baba Hostel Baner,426194,KANPUR,India,579700,1340000,Mumbai,579000,2,1,30,12/06/2004,13/07/2006,Full Time,Uttar Pradesh State Board,Saraswati Vidya Mandir Kanpur,NA,92,10th,14/02/2007,25/03/2010,Full Time,Uttar Pradesh State Board,Radha Niketan College Kanpur,Electronics & Telecommunication,93,12th,14/03/2010,18/09/2014,Full Time,NITA,Motilal Nehru National Institute of Technology Allahabad,Electronics & Telecommunication,81,BE,20/07/2015,22/01/2018,Full Time,NITIE,NITIE Mumbai,Mining Engineering,87,ME,0,29/03/2017,19/09/2018,Full Time,Junior Technical Consultant,TCS,Manufacturing,AGRA,India,,,,,,,,,English,Good,Good,Good,Hindi,Good,Good,Good,Marathi,Good,Good,Good,Guddu,Software Engineer,London,8009800998,,,Naukri.com
88995,Major,Uday,Bhan,uday.bhan@mailinator.com699,7864823699,7894923645,13/04/1990,M,Single,PAN167694699,No,Behind Yaga Baba Hostel Baner,426194,KANPUR,India,579700,1340000,Mumbai,579000,2,1,30,12/06/2004,13/07/2006,Full Time,Uttar Pradesh State Board,Saraswati Vidya Mandir Kanpur,NA,92,10th,14/02/2007,25/03/2010,Full Time,Uttar Pradesh State Board,Radha Niketan College Kanpur,Electronics & Telecommunication,93,12th,14/03/2010,18/09/2014,Full Time,NITA,Motilal Nehru National Institute of Technology Allahabad,Electronics & Telecommunication,81,BE,20/07/2015,22/01/2018,Full Time,NITIE,NITIE Mumbai,Mining Engineering,87,ME,0,29/03/2017,19/09/2018,Full Time,Junior Technical Consultant,TCS,Manufacturing,AGRA,India,,,,,,,,,English,Good,Good,Good,Hindi,Good,Good,Good,Marathi,Good,Good,Good,Guddu,Software Engineer,London,8009800998,,,Naukri.com
88995,Major,Uday,Bhan,uday.bhan@mailinator.com700,7864823700,7894923645,13/04/1990,M,Single,PAN167694700,No,Behind Yaga Baba Hostel Baner,426194,KANPUR,India,579700,1340000,Mumbai,579000,2,1,30,12/06/2004,13/07/2006,Full Time,Uttar Pradesh State Board,Saraswati Vidya Mandir Kanpur,NA,92,10th,14/02/2007,25/03/2010,Full Time,Uttar Pradesh State Board,Radha Niketan College Kanpur,Electronics & Telecommunication,93,12th,14/03/2010,18/09/2014,Full Time,NITA,Motilal Nehru National Institute of Technology Allahabad,Electronics & Telecommunication,81,BE,20/07/2015,22/01/2018,Full Time,NITIE,NITIE Mumbai,Mining Engineering,87,ME,0,29/03/2017,19/09/2018,Full Time,Junior Technical Consultant,TCS,Manufacturing,AGRA,India,,,,,,,,,English,Good,Good,Good,Hindi,Good,Good,Good,Marathi,Good,Good,Good,Guddu,Software Engineer,London,8009800998,,,Naukri.com
88995,Major,Uday,Bhan,uday.bhan@mailinator.com701,7864823701,7894923645,13/04/1990,M,Single,PAN167694701,No,Behind Yaga Baba Hostel Baner,426194,KANPUR,India,579700,1340000,Mumbai,579000,2,1,30,12/06/2004,13/07/2006,Full Time,Uttar Pradesh State Board,Saraswati Vidya Mandir Kanpur,NA,92,10th,14/02/2007,25/03/2010,Full Time,Uttar Pradesh State Board,Radha Niketan College Kanpur,Electronics & Telecommunication,93,12th,14/03/2010,18/09/2014,Full Time,NITA,Motilal Nehru National Institute of Technology Allahabad,Electronics & Telecommunication,81,BE,20/07/2015,22/01/2018,Full Time,NITIE,NITIE Mumbai,Mining Engineering,87,ME,0,29/03/2017,19/09/2018,Full Time,Junior Technical Consultant,TCS,Manufacturing,AGRA,India,,,,,,,,,English,Good,Good,Good,Hindi,Good,Good,Good,Marathi,Good,Good,Good,Guddu,Software Engineer,London,8009800998,,,Naukri.com
88995,Major,Uday,Bhan,uday.bhan@mailinator.com702,7864823702,7894923645,13/04/1990,M,Single,PAN167694702,No,Behind Yaga Baba Hostel Baner,426194,KANPUR,India,579700,1340000,Mumbai,579000,2,1,30,12/06/2004,13/07/2006,Full Time,Uttar Pradesh State Board,Saraswati Vidya Mandir Kanpur,NA,92,10th,14/02/2007,25/03/2010,Full Time,Uttar Pradesh State Board,Radha Niketan College Kanpur,Electronics & Telecommunication,93,12th,14/03/2010,18/09/2014,Full Time,NITA,Motilal Nehru National Institute of Technology Allahabad,Electronics & Telecommunication,81,BE,20/07/2015,22/01/2018,Full Time,NITIE,NITIE Mumbai,Mining Engineering,87,ME,0,29/03/2017,19/09/2018,Full Time,Junior Technical Consultant,TCS,Manufacturing,AGRA,India,,,,,,,,,English,Good,Good,Good,Hindi,Good,Good,Good,Marathi,Good,Good,Good,Guddu,Software Engineer,London,8009800998,,,Naukri.com
88995,Major,Uday,Bhan,uday.bhan@mailinator.com703,7864823703,7894923645,13/04/1990,M,Single,PAN167694703,No,Behind Yaga Baba Hostel Baner,426194,KANPUR,India,579700,1340000,Mumbai,579000,2,1,30,12/06/2004,13/07/2006,Full Time,Uttar Pradesh State Board,Saraswati Vidya Mandir Kanpur,NA,92,10th,14/02/2007,25/03/2010,Full Time,Uttar Pradesh State Board,Radha Niketan College Kanpur,Electronics & Telecommunication,93,12th,14/03/2010,18/09/2014,Full Time,NITA,Motilal Nehru National Institute of Technology Allahabad,Electronics & Telecommunication,81,BE,20/07/2015,22/01/2018,Full Time,NITIE,NITIE Mumbai,Mining Engineering,87,ME,0,29/03/2017,19/09/2018,Full Time,Junior Technical Consultant,TCS,Manufacturing,AGRA,India,,,,,,,,,English,Good,Good,Good,Hindi,Good,Good,Good,Marathi,Good,Good,Good,Guddu,Software Engineer,London,8009800998,,,Naukri.com
88995,Major,Uday,Bhan,uday.bhan@mailinator.com704,7864823704,7894923645,13/04/1990,M,Single,PAN167694704,No,Behind Yaga Baba Hostel Baner,426194,KANPUR,India,579700,1340000,Mumbai,579000,2,1,30,12/06/2004,13/07/2006,Full Time,Uttar Pradesh State Board,Saraswati Vidya Mandir Kanpur,NA,92,10th,14/02/2007,25/03/2010,Full Time,Uttar Pradesh State Board,Radha Niketan College Kanpur,Electronics & Telecommunication,93,12th,14/03/2010,18/09/2014,Full Time,NITA,Motilal Nehru National Institute of Technology Allahabad,Electronics & Telecommunication,81,BE,20/07/2015,22/01/2018,Full Time,NITIE,NITIE Mumbai,Mining Engineering,87,ME,0,29/03/2017,19/09/2018,Full Time,Junior Technical Consultant,TCS,Manufacturing,AGRA,India,,,,,,,,,English,Good,Good,Good,Hindi,Good,Good,Good,Marathi,Good,Good,Good,Guddu,Software Engineer,London,8009800998,,,Naukri.com
88995,Major,Uday,Bhan,uday.bhan@mailinator.com705,7864823705,7894923645,13/04/1990,M,Single,PAN167694705,No,Behind Yaga Baba Hostel Baner,426194,KANPUR,India,579700,1340000,Mumbai,579000,2,1,30,12/06/2004,13/07/2006,Full Time,Uttar Pradesh State Board,Saraswati Vidya Mandir Kanpur,NA,92,10th,14/02/2007,25/03/2010,Full Time,Uttar Pradesh State Board,Radha Niketan College Kanpur,Electronics & Telecommunication,93,12th,14/03/2010,18/09/2014,Full Time,NITA,Motilal Nehru National Institute of Technology Allahabad,Electronics & Telecommunication,81,BE,20/07/2015,22/01/2018,Full Time,NITIE,NITIE Mumbai,Mining Engineering,87,ME,0,29/03/2017,19/09/2018,Full Time,Junior Technical Consultant,TCS,Manufacturing,AGRA,India,,,,,,,,,English,Good,Good,Good,Hindi,Good,Good,Good,Marathi,Good,Good,Good,Guddu,Software Engineer,London,8009800998,,,Naukri.com
88995,Major,Uday,Bhan,uday.bhan@mailinator.com706,7864823706,7894923645,13/04/1990,M,Single,PAN167694706,No,Behind Yaga Baba Hostel Baner,426194,KANPUR,India,579700,1340000,Mumbai,579000,2,1,30,12/06/2004,13/07/2006,Full Time,Uttar Pradesh State Board,Saraswati Vidya Mandir Kanpur,NA,92,10th,14/02/2007,25/03/2010,Full Time,Uttar Pradesh State Board,Radha Niketan College Kanpur,Electronics & Telecommunication,93,12th,14/03/2010,18/09/2014,Full Time,NITA,Motilal Nehru National Institute of Technology Allahabad,Electronics & Telecommunication,81,BE,20/07/2015,22/01/2018,Full Time,NITIE,NITIE Mumbai,Mining Engineering,87,ME,0,29/03/2017,19/09/2018,Full Time,Junior Technical Consultant,TCS,Manufacturing,AGRA,India,,,,,,,,,English,Good,Good,Good,Hindi,Good,Good,Good,Marathi,Good,Good,Good,Guddu,Software Engineer,London,8009800998,,,Naukri.com
88995,Major,Uday,Bhan,uday.bhan@mailinator.com707,7864823707,7894923645,13/04/1990,M,Single,PAN167694707,No,Behind Yaga Baba Hostel Baner,426194,KANPUR,India,579700,1340000,Mumbai,579000,2,1,30,12/06/2004,13/07/2006,Full Time,Uttar Pradesh State Board,Saraswati Vidya Mandir Kanpur,NA,92,10th,14/02/2007,25/03/2010,Full Time,Uttar Pradesh State Board,Radha Niketan College Kanpur,Electronics & Telecommunication,93,12th,14/03/2010,18/09/2014,Full Time,NITA,Motilal Nehru National Institute of Technology Allahabad,Electronics & Telecommunication,81,BE,20/07/2015,22/01/2018,Full Time,NITIE,NITIE Mumbai,Mining Engineering,87,ME,0,29/03/2017,19/09/2018,Full Time,Junior Technical Consultant,TCS,Manufacturing,AGRA,India,,,,,,,,,English,Good,Good,Good,Hindi,Good,Good,Good,Marathi,Good,Good,Good,Guddu,Software Engineer,London,8009800998,,,Naukri.com
88995,Major,Uday,Bhan,uday.bhan@mailinator.com708,7864823708,7894923645,13/04/1990,M,Single,PAN167694708,No,Behind Yaga Baba Hostel Baner,426194,KANPUR,India,579700,1340000,Mumbai,579000,2,1,30,12/06/2004,13/07/2006,Full Time,Uttar Pradesh State Board,Saraswati Vidya Mandir Kanpur,NA,92,10th,14/02/2007,25/03/2010,Full Time,Uttar Pradesh State Board,Radha Niketan College Kanpur,Electronics & Telecommunication,93,12th,14/03/2010,18/09/2014,Full Time,NITA,Motilal Nehru National Institute of Technology Allahabad,Electronics & Telecommunication,81,BE,20/07/2015,22/01/2018,Full Time,NITIE,NITIE Mumbai,Mining Engineering,87,ME,0,29/03/2017,19/09/2018,Full Time,Junior Technical Consultant,TCS,Manufacturing,AGRA,India,,,,,,,,,English,Good,Good,Good,Hindi,Good,Good,Good,Marathi,Good,Good,Good,Guddu,Software Engineer,London,8009800998,,,Naukri.com
88995,Major,Uday,Bhan,uday.bhan@mailinator.com709,7864823709,7894923645,13/04/1990,M,Single,PAN167694709,No,Behind Yaga Baba Hostel Baner,426194,KANPUR,India,579700,1340000,Mumbai,579000,2,1,30,12/06/2004,13/07/2006,Full Time,Uttar Pradesh State Board,Saraswati Vidya Mandir Kanpur,NA,92,10th,14/02/2007,25/03/2010,Full Time,Uttar Pradesh State Board,Radha Niketan College Kanpur,Electronics & Telecommunication,93,12th,14/03/2010,18/09/2014,Full Time,NITA,Motilal Nehru National Institute of Technology Allahabad,Electronics & Telecommunication,81,BE,20/07/2015,22/01/2018,Full Time,NITIE,NITIE Mumbai,Mining Engineering,87,ME,0,29/03/2017,19/09/2018,Full Time,Junior Technical Consultant,TCS,Manufacturing,AGRA,India,,,,,,,,,English,Good,Good,Good,Hindi,Good,Good,Good,Marathi,Good,Good,Good,Guddu,Software Engineer,London,8009800998,,,Naukri.com
88995,Major,Uday,Bhan,uday.bhan@mailinator.com710,7864823710,7894923645,13/04/1990,M,Single,PAN167694710,No,Behind Yaga Baba Hostel Baner,426194,KANPUR,India,579700,1340000,Mumbai,579000,2,1,30,12/06/2004,13/07/2006,Full Time,Uttar Pradesh State Board,Saraswati Vidya Mandir Kanpur,NA,92,10th,14/02/2007,25/03/2010,Full Time,Uttar Pradesh State Board,Radha Niketan College Kanpur,Electronics & Telecommunication,93,12th,14/03/2010,18/09/2014,Full Time,NITA,Motilal Nehru National Institute of Technology Allahabad,Electronics & Telecommunication,81,BE,20/07/2015,22/01/2018,Full Time,NITIE,NITIE Mumbai,Mining Engineering,87,ME,0,29/03/2017,19/09/2018,Full Time,Junior Technical Consultant,TCS,Manufacturing,AGRA,India,,,,,,,,,English,Good,Good,Good,Hindi,Good,Good,Good,Marathi,Good,Good,Good,Guddu,Software Engineer,London,8009800998,,,Naukri.com
88995,Major,Uday,Bhan,uday.bhan@mailinator.com711,7864823711,7894923645,13/04/1990,M,Single,PAN167694711,No,Behind Yaga Baba Hostel Baner,426194,KANPUR,India,579700,1340000,Mumbai,579000,2,1,30,12/06/2004,13/07/2006,Full Time,Uttar Pradesh State Board,Saraswati Vidya Mandir Kanpur,NA,92,10th,14/02/2007,25/03/2010,Full Time,Uttar Pradesh State Board,Radha Niketan College Kanpur,Electronics & Telecommunication,93,12th,14/03/2010,18/09/2014,Full Time,NITA,Motilal Nehru National Institute of Technology Allahabad,Electronics & Telecommunication,81,BE,20/07/2015,22/01/2018,Full Time,NITIE,NITIE Mumbai,Mining Engineering,87,ME,0,29/03/2017,19/09/2018,Full Time,Junior Technical Consultant,TCS,Manufacturing,AGRA,India,,,,,,,,,English,Good,Good,Good,Hindi,Good,Good,Good,Marathi,Good,Good,Good,Guddu,Software Engineer,London,8009800998,,,Naukri.com
88995,Major,Uday,Bhan,uday.bhan@mailinator.com712,7864823712,7894923645,13/04/1990,M,Single,PAN167694712,No,Behind Yaga Baba Hostel Baner,426194,KANPUR,India,579700,1340000,Mumbai,579000,2,1,30,12/06/2004,13/07/2006,Full Time,Uttar Pradesh State Board,Saraswati Vidya Mandir Kanpur,NA,92,10th,14/02/2007,25/03/2010,Full Time,Uttar Pradesh State Board,Radha Niketan College Kanpur,Electronics & Telecommunication,93,12th,14/03/2010,18/09/2014,Full Time,NITA,Motilal Nehru National Institute of Technology Allahabad,Electronics & Telecommunication,81,BE,20/07/2015,22/01/2018,Full Time,NITIE,NITIE Mumbai,Mining Engineering,87,ME,0,29/03/2017,19/09/2018,Full Time,Junior Technical Consultant,TCS,Manufacturing,AGRA,India,,,,,,,,,English,Good,Good,Good,Hindi,Good,Good,Good,Marathi,Good,Good,Good,Guddu,Software Engineer,London,8009800998,,,Naukri.com
88995,Major,Uday,Bhan,uday.bhan@mailinator.com713,7864823713,7894923645,13/04/1990,M,Single,PAN167694713,No,Behind Yaga Baba Hostel Baner,426194,KANPUR,India,579700,1340000,Mumbai,579000,2,1,30,12/06/2004,13/07/2006,Full Time,Uttar Pradesh State Board,Saraswati Vidya Mandir Kanpur,NA,92,10th,14/02/2007,25/03/2010,Full Time,Uttar Pradesh State Board,Radha Niketan College Kanpur,Electronics & Telecommunication,93,12th,14/03/2010,18/09/2014,Full Time,NITA,Motilal Nehru National Institute of Technology Allahabad,Electronics & Telecommunication,81,BE,20/07/2015,22/01/2018,Full Time,NITIE,NITIE Mumbai,Mining Engineering,87,ME,0,29/03/2017,19/09/2018,Full Time,Junior Technical Consultant,TCS,Manufacturing,AGRA,India,,,,,,,,,English,Good,Good,Good,Hindi,Good,Good,Good,Marathi,Good,Good,Good,Guddu,Software Engineer,London,8009800998,,,Naukri.com
88995,Major,Uday,Bhan,uday.bhan@mailinator.com714,7864823714,7894923645,13/04/1990,M,Single,PAN167694714,No,Behind Yaga Baba Hostel Baner,426194,KANPUR,India,579700,1340000,Mumbai,579000,2,1,30,12/06/2004,13/07/2006,Full Time,Uttar Pradesh State Board,Saraswati Vidya Mandir Kanpur,NA,92,10th,14/02/2007,25/03/2010,Full Time,Uttar Pradesh State Board,Radha Niketan College Kanpur,Electronics & Telecommunication,93,12th,14/03/2010,18/09/2014,Full Time,NITA,Motilal Nehru National Institute of Technology Allahabad,Electronics & Telecommunication,81,BE,20/07/2015,22/01/2018,Full Time,NITIE,NITIE Mumbai,Mining Engineering,87,ME,0,29/03/2017,19/09/2018,Full Time,Junior Technical Consultant,TCS,Manufacturing,AGRA,India,,,,,,,,,English,Good,Good,Good,Hindi,Good,Good,Good,Marathi,Good,Good,Good,Guddu,Software Engineer,London,8009800998,,,Naukri.com
88995,Major,Uday,Bhan,uday.bhan@mailinator.com715,7864823715,7894923645,13/04/1990,M,Single,PAN167694715,No,Behind Yaga Baba Hostel Baner,426194,KANPUR,India,579700,1340000,Mumbai,579000,2,1,30,12/06/2004,13/07/2006,Full Time,Uttar Pradesh State Board,Saraswati Vidya Mandir Kanpur,NA,92,10th,14/02/2007,25/03/2010,Full Time,Uttar Pradesh State Board,Radha Niketan College Kanpur,Electronics & Telecommunication,93,12th,14/03/2010,18/09/2014,Full Time,NITA,Motilal Nehru National Institute of Technology Allahabad,Electronics & Telecommunication,81,BE,20/07/2015,22/01/2018,Full Time,NITIE,NITIE Mumbai,Mining Engineering,87,ME,0,29/03/2017,19/09/2018,Full Time,Junior Technical Consultant,TCS,Manufacturing,AGRA,India,,,,,,,,,English,Good,Good,Good,Hindi,Good,Good,Good,Marathi,Good,Good,Good,Guddu,Software Engineer,London,8009800998,,,Naukri.com
88995,Major,Uday,Bhan,uday.bhan@mailinator.com716,7864823716,7894923645,13/04/1990,M,Single,PAN167694716,No,Behind Yaga Baba Hostel Baner,426194,KANPUR,India,579700,1340000,Mumbai,579000,2,1,30,12/06/2004,13/07/2006,Full Time,Uttar Pradesh State Board,Saraswati Vidya Mandir Kanpur,NA,92,10th,14/02/2007,25/03/2010,Full Time,Uttar Pradesh State Board,Radha Niketan College Kanpur,Electronics & Telecommunication,93,12th,14/03/2010,18/09/2014,Full Time,NITA,Motilal Nehru National Institute of Technology Allahabad,Electronics & Telecommunication,81,BE,20/07/2015,22/01/2018,Full Time,NITIE,NITIE Mumbai,Mining Engineering,87,ME,0,29/03/2017,19/09/2018,Full Time,Junior Technical Consultant,TCS,Manufacturing,AGRA,India,,,,,,,,,English,Good,Good,Good,Hindi,Good,Good,Good,Marathi,Good,Good,Good,Guddu,Software Engineer,London,8009800998,,,Naukri.com
88995,Major,Uday,Bhan,uday.bhan@mailinator.com717,7864823717,7894923645,13/04/1990,M,Single,PAN167694717,No,Behind Yaga Baba Hostel Baner,426194,KANPUR,India,579700,1340000,Mumbai,579000,2,1,30,12/06/2004,13/07/2006,Full Time,Uttar Pradesh State Board,Saraswati Vidya Mandir Kanpur,NA,92,10th,14/02/2007,25/03/2010,Full Time,Uttar Pradesh State Board,Radha Niketan College Kanpur,Electronics & Telecommunication,93,12th,14/03/2010,18/09/2014,Full Time,NITA,Motilal Nehru National Institute of Technology Allahabad,Electronics & Telecommunication,81,BE,20/07/2015,22/01/2018,Full Time,NITIE,NITIE Mumbai,Mining Engineering,87,ME,0,29/03/2017,19/09/2018,Full Time,Junior Technical Consultant,TCS,Manufacturing,AGRA,India,,,,,,,,,English,Good,Good,Good,Hindi,Good,Good,Good,Marathi,Good,Good,Good,Guddu,Software Engineer,London,8009800998,,,Naukri.com
88995,Major,Uday,Bhan,uday.bhan@mailinator.com718,7864823718,7894923645,13/04/1990,M,Single,PAN167694718,No,Behind Yaga Baba Hostel Baner,426194,KANPUR,India,579700,1340000,Mumbai,579000,2,1,30,12/06/2004,13/07/2006,Full Time,Uttar Pradesh State Board,Saraswati Vidya Mandir Kanpur,NA,92,10th,14/02/2007,25/03/2010,Full Time,Uttar Pradesh State Board,Radha Niketan College Kanpur,Electronics & Telecommunication,93,12th,14/03/2010,18/09/2014,Full Time,NITA,Motilal Nehru National Institute of Technology Allahabad,Electronics & Telecommunication,81,BE,20/07/2015,22/01/2018,Full Time,NITIE,NITIE Mumbai,Mining Engineering,87,ME,0,29/03/2017,19/09/2018,Full Time,Junior Technical Consultant,TCS,Manufacturing,AGRA,India,,,,,,,,,English,Good,Good,Good,Hindi,Good,Good,Good,Marathi,Good,Good,Good,Guddu,Software Engineer,London,8009800998,,,Naukri.com
88995,Major,Uday,Bhan,uday.bhan@mailinator.com719,7864823719,7894923645,13/04/1990,M,Single,PAN167694719,No,Behind Yaga Baba Hostel Baner,426194,KANPUR,India,579700,1340000,Mumbai,579000,2,1,30,12/06/2004,13/07/2006,Full Time,Uttar Pradesh State Board,Saraswati Vidya Mandir Kanpur,NA,92,10th,14/02/2007,25/03/2010,Full Time,Uttar Pradesh State Board,Radha Niketan College Kanpur,Electronics & Telecommunication,93,12th,14/03/2010,18/09/2014,Full Time,NITA,Motilal Nehru National Institute of Technology Allahabad,Electronics & Telecommunication,81,BE,20/07/2015,22/01/2018,Full Time,NITIE,NITIE Mumbai,Mining Engineering,87,ME,0,29/03/2017,19/09/2018,Full Time,Junior Technical Consultant,TCS,Manufacturing,AGRA,India,,,,,,,,,English,Good,Good,Good,Hindi,Good,Good,Good,Marathi,Good,Good,Good,Guddu,Software Engineer,London,8009800998,,,Naukri.com
88995,Major,Uday,Bhan,uday.bhan@mailinator.com720,7864823720,7894923645,13/04/1990,M,Single,PAN167694720,No,Behind Yaga Baba Hostel Baner,426194,KANPUR,India,579700,1340000,Mumbai,579000,2,1,30,12/06/2004,13/07/2006,Full Time,Uttar Pradesh State Board,Saraswati Vidya Mandir Kanpur,NA,92,10th,14/02/2007,25/03/2010,Full Time,Uttar Pradesh State Board,Radha Niketan College Kanpur,Electronics & Telecommunication,93,12th,14/03/2010,18/09/2014,Full Time,NITA,Motilal Nehru National Institute of Technology Allahabad,Electronics & Telecommunication,81,BE,20/07/2015,22/01/2018,Full Time,NITIE,NITIE Mumbai,Mining Engineering,87,ME,0,29/03/2017,19/09/2018,Full Time,Junior Technical Consultant,TCS,Manufacturing,AGRA,India,,,,,,,,,English,Good,Good,Good,Hindi,Good,Good,Good,Marathi,Good,Good,Good,Guddu,Software Engineer,London,8009800998,,,Naukri.com
88995,Major,Uday,Bhan,uday.bhan@mailinator.com721,7864823721,7894923645,13/04/1990,M,Single,PAN167694721,No,Behind Yaga Baba Hostel Baner,426194,KANPUR,India,579700,1340000,Mumbai,579000,2,1,30,12/06/2004,13/07/2006,Full Time,Uttar Pradesh State Board,Saraswati Vidya Mandir Kanpur,NA,92,10th,14/02/2007,25/03/2010,Full Time,Uttar Pradesh State Board,Radha Niketan College Kanpur,Electronics & Telecommunication,93,12th,14/03/2010,18/09/2014,Full Time,NITA,Motilal Nehru National Institute of Technology Allahabad,Electronics & Telecommunication,81,BE,20/07/2015,22/01/2018,Full Time,NITIE,NITIE Mumbai,Mining Engineering,87,ME,0,29/03/2017,19/09/2018,Full Time,Junior Technical Consultant,TCS,Manufacturing,AGRA,India,,,,,,,,,English,Good,Good,Good,Hindi,Good,Good,Good,Marathi,Good,Good,Good,Guddu,Software Engineer,London,8009800998,,,Naukri.com
88995,Major,Uday,Bhan,uday.bhan@mailinator.com722,7864823722,7894923645,13/04/1990,M,Single,PAN167694722,No,Behind Yaga Baba Hostel Baner,426194,KANPUR,India,579700,1340000,Mumbai,579000,2,1,30,12/06/2004,13/07/2006,Full Time,Uttar Pradesh State Board,Saraswati Vidya Mandir Kanpur,NA,92,10th,14/02/2007,25/03/2010,Full Time,Uttar Pradesh State Board,Radha Niketan College Kanpur,Electronics & Telecommunication,93,12th,14/03/2010,18/09/2014,Full Time,NITA,Motilal Nehru National Institute of Technology Allahabad,Electronics & Telecommunication,81,BE,20/07/2015,22/01/2018,Full Time,NITIE,NITIE Mumbai,Mining Engineering,87,ME,0,29/03/2017,19/09/2018,Full Time,Junior Technical Consultant,TCS,Manufacturing,AGRA,India,,,,,,,,,English,Good,Good,Good,Hindi,Good,Good,Good,Marathi,Good,Good,Good,Guddu,Software Engineer,London,8009800998,,,Naukri.com
88995,Major,Uday,Bhan,uday.bhan@mailinator.com723,7864823723,7894923645,13/04/1990,M,Single,PAN167694723,No,Behind Yaga Baba Hostel Baner,426194,KANPUR,India,579700,1340000,Mumbai,579000,2,1,30,12/06/2004,13/07/2006,Full Time,Uttar Pradesh State Board,Saraswati Vidya Mandir Kanpur,NA,92,10th,14/02/2007,25/03/2010,Full Time,Uttar Pradesh State Board,Radha Niketan College Kanpur,Electronics & Telecommunication,93,12th,14/03/2010,18/09/2014,Full Time,NITA,Motilal Nehru National Institute of Technology Allahabad,Electronics & Telecommunication,81,BE,20/07/2015,22/01/2018,Full Time,NITIE,NITIE Mumbai,Mining Engineering,87,ME,0,29/03/2017,19/09/2018,Full Time,Junior Technical Consultant,TCS,Manufacturing,AGRA,India,,,,,,,,,English,Good,Good,Good,Hindi,Good,Good,Good,Marathi,Good,Good,Good,Guddu,Software Engineer,London,8009800998,,,Naukri.com
88995,Major,Uday,Bhan,uday.bhan@mailinator.com724,7864823724,7894923645,13/04/1990,M,Single,PAN167694724,No,Behind Yaga Baba Hostel Baner,426194,KANPUR,India,579700,1340000,Mumbai,579000,2,1,30,12/06/2004,13/07/2006,Full Time,Uttar Pradesh State Board,Saraswati Vidya Mandir Kanpur,NA,92,10th,14/02/2007,25/03/2010,Full Time,Uttar Pradesh State Board,Radha Niketan College Kanpur,Electronics & Telecommunication,93,12th,14/03/2010,18/09/2014,Full Time,NITA,Motilal Nehru National Institute of Technology Allahabad,Electronics & Telecommunication,81,BE,20/07/2015,22/01/2018,Full Time,NITIE,NITIE Mumbai,Mining Engineering,87,ME,0,29/03/2017,19/09/2018,Full Time,Junior Technical Consultant,TCS,Manufacturing,AGRA,India,,,,,,,,,English,Good,Good,Good,Hindi,Good,Good,Good,Marathi,Good,Good,Good,Guddu,Software Engineer,London,8009800998,,,Naukri.com
88995,Major,Uday,Bhan,uday.bhan@mailinator.com725,7864823725,7894923645,13/04/1990,M,Single,PAN167694725,No,Behind Yaga Baba Hostel Baner,426194,KANPUR,India,579700,1340000,Mumbai,579000,2,1,30,12/06/2004,13/07/2006,Full Time,Uttar Pradesh State Board,Saraswati Vidya Mandir Kanpur,NA,92,10th,14/02/2007,25/03/2010,Full Time,Uttar Pradesh State Board,Radha Niketan College Kanpur,Electronics & Telecommunication,93,12th,14/03/2010,18/09/2014,Full Time,NITA,Motilal Nehru National Institute of Technology Allahabad,Electronics & Telecommunication,81,BE,20/07/2015,22/01/2018,Full Time,NITIE,NITIE Mumbai,Mining Engineering,87,ME,0,29/03/2017,19/09/2018,Full Time,Junior Technical Consultant,TCS,Manufacturing,AGRA,India,,,,,,,,,English,Good,Good,Good,Hindi,Good,Good,Good,Marathi,Good,Good,Good,Guddu,Software Engineer,London,8009800998,,,Naukri.com
88995,Major,Uday,Bhan,uday.bhan@mailinator.com726,7864823726,7894923645,13/04/1990,M,Single,PAN167694726,No,Behind Yaga Baba Hostel Baner,426194,KANPUR,India,579700,1340000,Mumbai,579000,2,1,30,12/06/2004,13/07/2006,Full Time,Uttar Pradesh State Board,Saraswati Vidya Mandir Kanpur,NA,92,10th,14/02/2007,25/03/2010,Full Time,Uttar Pradesh State Board,Radha Niketan College Kanpur,Electronics & Telecommunication,93,12th,14/03/2010,18/09/2014,Full Time,NITA,Motilal Nehru National Institute of Technology Allahabad,Electronics & Telecommunication,81,BE,20/07/2015,22/01/2018,Full Time,NITIE,NITIE Mumbai,Mining Engineering,87,ME,0,29/03/2017,19/09/2018,Full Time,Junior Technical Consultant,TCS,Manufacturing,AGRA,India,,,,,,,,,English,Good,Good,Good,Hindi,Good,Good,Good,Marathi,Good,Good,Good,Guddu,Software Engineer,London,8009800998,,,Naukri.com
88995,Major,Uday,Bhan,uday.bhan@mailinator.com727,7864823727,7894923645,13/04/1990,M,Single,PAN167694727,No,Behind Yaga Baba Hostel Baner,426194,KANPUR,India,579700,1340000,Mumbai,579000,2,1,30,12/06/2004,13/07/2006,Full Time,Uttar Pradesh State Board,Saraswati Vidya Mandir Kanpur,NA,92,10th,14/02/2007,25/03/2010,Full Time,Uttar Pradesh State Board,Radha Niketan College Kanpur,Electronics & Telecommunication,93,12th,14/03/2010,18/09/2014,Full Time,NITA,Motilal Nehru National Institute of Technology Allahabad,Electronics & Telecommunication,81,BE,20/07/2015,22/01/2018,Full Time,NITIE,NITIE Mumbai,Mining Engineering,87,ME,0,29/03/2017,19/09/2018,Full Time,Junior Technical Consultant,TCS,Manufacturing,AGRA,India,,,,,,,,,English,Good,Good,Good,Hindi,Good,Good,Good,Marathi,Good,Good,Good,Guddu,Software Engineer,London,8009800998,,,Naukri.com
88995,Major,Uday,Bhan,uday.bhan@mailinator.com728,7864823728,7894923645,13/04/1990,M,Single,PAN167694728,No,Behind Yaga Baba Hostel Baner,426194,KANPUR,India,579700,1340000,Mumbai,579000,2,1,30,12/06/2004,13/07/2006,Full Time,Uttar Pradesh State Board,Saraswati Vidya Mandir Kanpur,NA,92,10th,14/02/2007,25/03/2010,Full Time,Uttar Pradesh State Board,Radha Niketan College Kanpur,Electronics & Telecommunication,93,12th,14/03/2010,18/09/2014,Full Time,NITA,Motilal Nehru National Institute of Technology Allahabad,Electronics & Telecommunication,81,BE,20/07/2015,22/01/2018,Full Time,NITIE,NITIE Mumbai,Mining Engineering,87,ME,0,29/03/2017,19/09/2018,Full Time,Junior Technical Consultant,TCS,Manufacturing,AGRA,India,,,,,,,,,English,Good,Good,Good,Hindi,Good,Good,Good,Marathi,Good,Good,Good,Guddu,Software Engineer,London,8009800998,,,Naukri.com
88995,Major,Uday,Bhan,uday.bhan@mailinator.com729,7864823729,7894923645,13/04/1990,M,Single,PAN167694729,No,Behind Yaga Baba Hostel Baner,426194,KANPUR,India,579700,1340000,Mumbai,579000,2,1,30,12/06/2004,13/07/2006,Full Time,Uttar Pradesh State Board,Saraswati Vidya Mandir Kanpur,NA,92,10th,14/02/2007,25/03/2010,Full Time,Uttar Pradesh State Board,Radha Niketan College Kanpur,Electronics & Telecommunication,93,12th,14/03/2010,18/09/2014,Full Time,NITA,Motilal Nehru National Institute of Technology Allahabad,Electronics & Telecommunication,81,BE,20/07/2015,22/01/2018,Full Time,NITIE,NITIE Mumbai,Mining Engineering,87,ME,0,29/03/2017,19/09/2018,Full Time,Junior Technical Consultant,TCS,Manufacturing,AGRA,India,,,,,,,,,English,Good,Good,Good,Hindi,Good,Good,Good,Marathi,Good,Good,Good,Guddu,Software Engineer,London,8009800998,,,Naukri.com
88995,Major,Uday,Bhan,uday.bhan@mailinator.com730,7864823730,7894923645,13/04/1990,M,Single,PAN167694730,No,Behind Yaga Baba Hostel Baner,426194,KANPUR,India,579700,1340000,Mumbai,579000,2,1,30,12/06/2004,13/07/2006,Full Time,Uttar Pradesh State Board,Saraswati Vidya Mandir Kanpur,NA,92,10th,14/02/2007,25/03/2010,Full Time,Uttar Pradesh State Board,Radha Niketan College Kanpur,Electronics & Telecommunication,93,12th,14/03/2010,18/09/2014,Full Time,NITA,Motilal Nehru National Institute of Technology Allahabad,Electronics & Telecommunication,81,BE,20/07/2015,22/01/2018,Full Time,NITIE,NITIE Mumbai,Mining Engineering,87,ME,0,29/03/2017,19/09/2018,Full Time,Junior Technical Consultant,TCS,Manufacturing,AGRA,India,,,,,,,,,English,Good,Good,Good,Hindi,Good,Good,Good,Marathi,Good,Good,Good,Guddu,Software Engineer,London,8009800998,,,Naukri.com
88995,Major,Uday,Bhan,uday.bhan@mailinator.com731,7864823731,7894923645,13/04/1990,M,Single,PAN167694731,No,Behind Yaga Baba Hostel Baner,426194,KANPUR,India,579700,1340000,Mumbai,579000,2,1,30,12/06/2004,13/07/2006,Full Time,Uttar Pradesh State Board,Saraswati Vidya Mandir Kanpur,NA,92,10th,14/02/2007,25/03/2010,Full Time,Uttar Pradesh State Board,Radha Niketan College Kanpur,Electronics & Telecommunication,93,12th,14/03/2010,18/09/2014,Full Time,NITA,Motilal Nehru National Institute of Technology Allahabad,Electronics & Telecommunication,81,BE,20/07/2015,22/01/2018,Full Time,NITIE,NITIE Mumbai,Mining Engineering,87,ME,0,29/03/2017,19/09/2018,Full Time,Junior Technical Consultant,TCS,Manufacturing,AGRA,India,,,,,,,,,English,Good,Good,Good,Hindi,Good,Good,Good,Marathi,Good,Good,Good,Guddu,Software Engineer,London,8009800998,,,Naukri.com
88995,Major,Uday,Bhan,uday.bhan@mailinator.com732,7864823732,7894923645,13/04/1990,M,Single,PAN167694732,No,Behind Yaga Baba Hostel Baner,426194,KANPUR,India,579700,1340000,Mumbai,579000,2,1,30,12/06/2004,13/07/2006,Full Time,Uttar Pradesh State Board,Saraswati Vidya Mandir Kanpur,NA,92,10th,14/02/2007,25/03/2010,Full Time,Uttar Pradesh State Board,Radha Niketan College Kanpur,Electronics & Telecommunication,93,12th,14/03/2010,18/09/2014,Full Time,NITA,Motilal Nehru National Institute of Technology Allahabad,Electronics & Telecommunication,81,BE,20/07/2015,22/01/2018,Full Time,NITIE,NITIE Mumbai,Mining Engineering,87,ME,0,29/03/2017,19/09/2018,Full Time,Junior Technical Consultant,TCS,Manufacturing,AGRA,India,,,,,,,,,English,Good,Good,Good,Hindi,Good,Good,Good,Marathi,Good,Good,Good,Guddu,Software Engineer,London,8009800998,,,Naukri.com
88995,Major,Uday,Bhan,uday.bhan@mailinator.com733,7864823733,7894923645,13/04/1990,M,Single,PAN167694733,No,Behind Yaga Baba Hostel Baner,426194,KANPUR,India,579700,1340000,Mumbai,579000,2,1,30,12/06/2004,13/07/2006,Full Time,Uttar Pradesh State Board,Saraswati Vidya Mandir Kanpur,NA,92,10th,14/02/2007,25/03/2010,Full Time,Uttar Pradesh State Board,Radha Niketan College Kanpur,Electronics & Telecommunication,93,12th,14/03/2010,18/09/2014,Full Time,NITA,Motilal Nehru National Institute of Technology Allahabad,Electronics & Telecommunication,81,BE,20/07/2015,22/01/2018,Full Time,NITIE,NITIE Mumbai,Mining Engineering,87,ME,0,29/03/2017,19/09/2018,Full Time,Junior Technical Consultant,TCS,Manufacturing,AGRA,India,,,,,,,,,English,Good,Good,Good,Hindi,Good,Good,Good,Marathi,Good,Good,Good,Guddu,Software Engineer,London,8009800998,,,Naukri.com
88995,Major,Uday,Bhan,uday.bhan@mailinator.com734,7864823734,7894923645,13/04/1990,M,Single,PAN167694734,No,Behind Yaga Baba Hostel Baner,426194,KANPUR,India,579700,1340000,Mumbai,579000,2,1,30,12/06/2004,13/07/2006,Full Time,Uttar Pradesh State Board,Saraswati Vidya Mandir Kanpur,NA,92,10th,14/02/2007,25/03/2010,Full Time,Uttar Pradesh State Board,Radha Niketan College Kanpur,Electronics & Telecommunication,93,12th,14/03/2010,18/09/2014,Full Time,NITA,Motilal Nehru National Institute of Technology Allahabad,Electronics & Telecommunication,81,BE,20/07/2015,22/01/2018,Full Time,NITIE,NITIE Mumbai,Mining Engineering,87,ME,0,29/03/2017,19/09/2018,Full Time,Junior Technical Consultant,TCS,Manufacturing,AGRA,India,,,,,,,,,English,Good,Good,Good,Hindi,Good,Good,Good,Marathi,Good,Good,Good,Guddu,Software Engineer,London,8009800998,,,Naukri.com
88995,Major,Uday,Bhan,uday.bhan@mailinator.com735,7864823735,7894923645,13/04/1990,M,Single,PAN167694735,No,Behind Yaga Baba Hostel Baner,426194,KANPUR,India,579700,1340000,Mumbai,579000,2,1,30,12/06/2004,13/07/2006,Full Time,Uttar Pradesh State Board,Saraswati Vidya Mandir Kanpur,NA,92,10th,14/02/2007,25/03/2010,Full Time,Uttar Pradesh State Board,Radha Niketan College Kanpur,Electronics & Telecommunication,93,12th,14/03/2010,18/09/2014,Full Time,NITA,Motilal Nehru National Institute of Technology Allahabad,Electronics & Telecommunication,81,BE,20/07/2015,22/01/2018,Full Time,NITIE,NITIE Mumbai,Mining Engineering,87,ME,0,29/03/2017,19/09/2018,Full Time,Junior Technical Consultant,TCS,Manufacturing,AGRA,India,,,,,,,,,English,Good,Good,Good,Hindi,Good,Good,Good,Marathi,Good,Good,Good,Guddu,Software Engineer,London,8009800998,,,Naukri.com
88995,Major,Uday,Bhan,uday.bhan@mailinator.com736,7864823736,7894923645,13/04/1990,M,Single,PAN167694736,No,Behind Yaga Baba Hostel Baner,426194,KANPUR,India,579700,1340000,Mumbai,579000,2,1,30,12/06/2004,13/07/2006,Full Time,Uttar Pradesh State Board,Saraswati Vidya Mandir Kanpur,NA,92,10th,14/02/2007,25/03/2010,Full Time,Uttar Pradesh State Board,Radha Niketan College Kanpur,Electronics & Telecommunication,93,12th,14/03/2010,18/09/2014,Full Time,NITA,Motilal Nehru National Institute of Technology Allahabad,Electronics & Telecommunication,81,BE,20/07/2015,22/01/2018,Full Time,NITIE,NITIE Mumbai,Mining Engineering,87,ME,0,29/03/2017,19/09/2018,Full Time,Junior Technical Consultant,TCS,Manufacturing,AGRA,India,,,,,,,,,English,Good,Good,Good,Hindi,Good,Good,Good,Marathi,Good,Good,Good,Guddu,Software Engineer,London,8009800998,,,Naukri.com
88995,Major,Uday,Bhan,uday.bhan@mailinator.com737,7864823737,7894923645,13/04/1990,M,Single,PAN167694737,No,Behind Yaga Baba Hostel Baner,426194,KANPUR,India,579700,1340000,Mumbai,579000,2,1,30,12/06/2004,13/07/2006,Full Time,Uttar Pradesh State Board,Saraswati Vidya Mandir Kanpur,NA,92,10th,14/02/2007,25/03/2010,Full Time,Uttar Pradesh State Board,Radha Niketan College Kanpur,Electronics & Telecommunication,93,12th,14/03/2010,18/09/2014,Full Time,NITA,Motilal Nehru National Institute of Technology Allahabad,Electronics & Telecommunication,81,BE,20/07/2015,22/01/2018,Full Time,NITIE,NITIE Mumbai,Mining Engineering,87,ME,0,29/03/2017,19/09/2018,Full Time,Junior Technical Consultant,TCS,Manufacturing,AGRA,India,,,,,,,,,English,Good,Good,Good,Hindi,Good,Good,Good,Marathi,Good,Good,Good,Guddu,Software Engineer,London,8009800998,,,Naukri.com
88995,Major,Uday,Bhan,uday.bhan@mailinator.com738,7864823738,7894923645,13/04/1990,M,Single,PAN167694738,No,Behind Yaga Baba Hostel Baner,426194,KANPUR,India,579700,1340000,Mumbai,579000,2,1,30,12/06/2004,13/07/2006,Full Time,Uttar Pradesh State Board,Saraswati Vidya Mandir Kanpur,NA,92,10th,14/02/2007,25/03/2010,Full Time,Uttar Pradesh State Board,Radha Niketan College Kanpur,Electronics & Telecommunication,93,12th,14/03/2010,18/09/2014,Full Time,NITA,Motilal Nehru National Institute of Technology Allahabad,Electronics & Telecommunication,81,BE,20/07/2015,22/01/2018,Full Time,NITIE,NITIE Mumbai,Mining Engineering,87,ME,0,29/03/2017,19/09/2018,Full Time,Junior Technical Consultant,TCS,Manufacturing,AGRA,India,,,,,,,,,English,Good,Good,Good,Hindi,Good,Good,Good,Marathi,Good,Good,Good,Guddu,Software Engineer,London,8009800998,,,Naukri.com
88995,Major,Uday,Bhan,uday.bhan@mailinator.com739,7864823739,7894923645,13/04/1990,M,Single,PAN167694739,No,Behind Yaga Baba Hostel Baner,426194,KANPUR,India,579700,1340000,Mumbai,579000,2,1,30,12/06/2004,13/07/2006,Full Time,Uttar Pradesh State Board,Saraswati Vidya Mandir Kanpur,NA,92,10th,14/02/2007,25/03/2010,Full Time,Uttar Pradesh State Board,Radha Niketan College Kanpur,Electronics & Telecommunication,93,12th,14/03/2010,18/09/2014,Full Time,NITA,Motilal Nehru National Institute of Technology Allahabad,Electronics & Telecommunication,81,BE,20/07/2015,22/01/2018,Full Time,NITIE,NITIE Mumbai,Mining Engineering,87,ME,0,29/03/2017,19/09/2018,Full Time,Junior Technical Consultant,TCS,Manufacturing,AGRA,India,,,,,,,,,English,Good,Good,Good,Hindi,Good,Good,Good,Marathi,Good,Good,Good,Guddu,Software Engineer,London,8009800998,,,Naukri.com
88995,Major,Uday,Bhan,uday.bhan@mailinator.com740,7864823740,7894923645,13/04/1990,M,Single,PAN167694740,No,Behind Yaga Baba Hostel Baner,426194,KANPUR,India,579700,1340000,Mumbai,579000,2,1,30,12/06/2004,13/07/2006,Full Time,Uttar Pradesh State Board,Saraswati Vidya Mandir Kanpur,NA,92,10th,14/02/2007,25/03/2010,Full Time,Uttar Pradesh State Board,Radha Niketan College Kanpur,Electronics & Telecommunication,93,12th,14/03/2010,18/09/2014,Full Time,NITA,Motilal Nehru National Institute of Technology Allahabad,Electronics & Telecommunication,81,BE,20/07/2015,22/01/2018,Full Time,NITIE,NITIE Mumbai,Mining Engineering,87,ME,0,29/03/2017,19/09/2018,Full Time,Junior Technical Consultant,TCS,Manufacturing,AGRA,India,,,,,,,,,English,Good,Good,Good,Hindi,Good,Good,Good,Marathi,Good,Good,Good,Guddu,Software Engineer,London,8009800998,,,Naukri.com
88995,Major,Uday,Bhan,uday.bhan@mailinator.com741,7864823741,7894923645,13/04/1990,M,Single,PAN167694741,No,Behind Yaga Baba Hostel Baner,426194,KANPUR,India,579700,1340000,Mumbai,579000,2,1,30,12/06/2004,13/07/2006,Full Time,Uttar Pradesh State Board,Saraswati Vidya Mandir Kanpur,NA,92,10th,14/02/2007,25/03/2010,Full Time,Uttar Pradesh State Board,Radha Niketan College Kanpur,Electronics & Telecommunication,93,12th,14/03/2010,18/09/2014,Full Time,NITA,Motilal Nehru National Institute of Technology Allahabad,Electronics & Telecommunication,81,BE,20/07/2015,22/01/2018,Full Time,NITIE,NITIE Mumbai,Mining Engineering,87,ME,0,29/03/2017,19/09/2018,Full Time,Junior Technical Consultant,TCS,Manufacturing,AGRA,India,,,,,,,,,English,Good,Good,Good,Hindi,Good,Good,Good,Marathi,Good,Good,Good,Guddu,Software Engineer,London,8009800998,,,Naukri.com
88995,Major,Uday,Bhan,uday.bhan@mailinator.com742,7864823742,7894923645,13/04/1990,M,Single,PAN167694742,No,Behind Yaga Baba Hostel Baner,426194,KANPUR,India,579700,1340000,Mumbai,579000,2,1,30,12/06/2004,13/07/2006,Full Time,Uttar Pradesh State Board,Saraswati Vidya Mandir Kanpur,NA,92,10th,14/02/2007,25/03/2010,Full Time,Uttar Pradesh State Board,Radha Niketan College Kanpur,Electronics & Telecommunication,93,12th,14/03/2010,18/09/2014,Full Time,NITA,Motilal Nehru National Institute of Technology Allahabad,Electronics & Telecommunication,81,BE,20/07/2015,22/01/2018,Full Time,NITIE,NITIE Mumbai,Mining Engineering,87,ME,0,29/03/2017,19/09/2018,Full Time,Junior Technical Consultant,TCS,Manufacturing,AGRA,India,,,,,,,,,English,Good,Good,Good,Hindi,Good,Good,Good,Marathi,Good,Good,Good,Guddu,Software Engineer,London,8009800998,,,Naukri.com
88995,Major,Uday,Bhan,uday.bhan@mailinator.com743,7864823743,7894923645,13/04/1990,M,Single,PAN167694743,No,Behind Yaga Baba Hostel Baner,426194,KANPUR,India,579700,1340000,Mumbai,579000,2,1,30,12/06/2004,13/07/2006,Full Time,Uttar Pradesh State Board,Saraswati Vidya Mandir Kanpur,NA,92,10th,14/02/2007,25/03/2010,Full Time,Uttar Pradesh State Board,Radha Niketan College Kanpur,Electronics & Telecommunication,93,12th,14/03/2010,18/09/2014,Full Time,NITA,Motilal Nehru National Institute of Technology Allahabad,Electronics & Telecommunication,81,BE,20/07/2015,22/01/2018,Full Time,NITIE,NITIE Mumbai,Mining Engineering,87,ME,0,29/03/2017,19/09/2018,Full Time,Junior Technical Consultant,TCS,Manufacturing,AGRA,India,,,,,,,,,English,Good,Good,Good,Hindi,Good,Good,Good,Marathi,Good,Good,Good,Guddu,Software Engineer,London,8009800998,,,Naukri.com
88995,Major,Uday,Bhan,uday.bhan@mailinator.com744,7864823744,7894923645,13/04/1990,M,Single,PAN167694744,No,Behind Yaga Baba Hostel Baner,426194,KANPUR,India,579700,1340000,Mumbai,579000,2,1,30,12/06/2004,13/07/2006,Full Time,Uttar Pradesh State Board,Saraswati Vidya Mandir Kanpur,NA,92,10th,14/02/2007,25/03/2010,Full Time,Uttar Pradesh State Board,Radha Niketan College Kanpur,Electronics & Telecommunication,93,12th,14/03/2010,18/09/2014,Full Time,NITA,Motilal Nehru National Institute of Technology Allahabad,Electronics & Telecommunication,81,BE,20/07/2015,22/01/2018,Full Time,NITIE,NITIE Mumbai,Mining Engineering,87,ME,0,29/03/2017,19/09/2018,Full Time,Junior Technical Consultant,TCS,Manufacturing,AGRA,India,,,,,,,,,English,Good,Good,Good,Hindi,Good,Good,Good,Marathi,Good,Good,Good,Guddu,Software Engineer,London,8009800998,,,Naukri.com
88995,Major,Uday,Bhan,uday.bhan@mailinator.com745,7864823745,7894923645,13/04/1990,M,Single,PAN167694745,No,Behind Yaga Baba Hostel Baner,426194,KANPUR,India,579700,1340000,Mumbai,579000,2,1,30,12/06/2004,13/07/2006,Full Time,Uttar Pradesh State Board,Saraswati Vidya Mandir Kanpur,NA,92,10th,14/02/2007,25/03/2010,Full Time,Uttar Pradesh State Board,Radha Niketan College Kanpur,Electronics & Telecommunication,93,12th,14/03/2010,18/09/2014,Full Time,NITA,Motilal Nehru National Institute of Technology Allahabad,Electronics & Telecommunication,81,BE,20/07/2015,22/01/2018,Full Time,NITIE,NITIE Mumbai,Mining Engineering,87,ME,0,29/03/2017,19/09/2018,Full Time,Junior Technical Consultant,TCS,Manufacturing,AGRA,India,,,,,,,,,English,Good,Good,Good,Hindi,Good,Good,Good,Marathi,Good,Good,Good,Guddu,Software Engineer,London,8009800998,,,Naukri.com
88995,Major,Uday,Bhan,uday.bhan@mailinator.com746,7864823746,7894923645,13/04/1990,M,Single,PAN167694746,No,Behind Yaga Baba Hostel Baner,426194,KANPUR,India,579700,1340000,Mumbai,579000,2,1,30,12/06/2004,13/07/2006,Full Time,Uttar Pradesh State Board,Saraswati Vidya Mandir Kanpur,NA,92,10th,14/02/2007,25/03/2010,Full Time,Uttar Pradesh State Board,Radha Niketan College Kanpur,Electronics & Telecommunication,93,12th,14/03/2010,18/09/2014,Full Time,NITA,Motilal Nehru National Institute of Technology Allahabad,Electronics & Telecommunication,81,BE,20/07/2015,22/01/2018,Full Time,NITIE,NITIE Mumbai,Mining Engineering,87,ME,0,29/03/2017,19/09/2018,Full Time,Junior Technical Consultant,TCS,Manufacturing,AGRA,India,,,,,,,,,English,Good,Good,Good,Hindi,Good,Good,Good,Marathi,Good,Good,Good,Guddu,Software Engineer,London,8009800998,,,Naukri.com
88995,Major,Uday,Bhan,uday.bhan@mailinator.com747,7864823747,7894923645,13/04/1990,M,Single,PAN167694747,No,Behind Yaga Baba Hostel Baner,426194,KANPUR,India,579700,1340000,Mumbai,579000,2,1,30,12/06/2004,13/07/2006,Full Time,Uttar Pradesh State Board,Saraswati Vidya Mandir Kanpur,NA,92,10th,14/02/2007,25/03/2010,Full Time,Uttar Pradesh State Board,Radha Niketan College Kanpur,Electronics & Telecommunication,93,12th,14/03/2010,18/09/2014,Full Time,NITA,Motilal Nehru National Institute of Technology Allahabad,Electronics & Telecommunication,81,BE,20/07/2015,22/01/2018,Full Time,NITIE,NITIE Mumbai,Mining Engineering,87,ME,0,29/03/2017,19/09/2018,Full Time,Junior Technical Consultant,TCS,Manufacturing,AGRA,India,,,,,,,,,English,Good,Good,Good,Hindi,Good,Good,Good,Marathi,Good,Good,Good,Guddu,Software Engineer,London,8009800998,,,Naukri.com
88995,Major,Uday,Bhan,uday.bhan@mailinator.com748,7864823748,7894923645,13/04/1990,M,Single,PAN167694748,No,Behind Yaga Baba Hostel Baner,426194,KANPUR,India,579700,1340000,Mumbai,579000,2,1,30,12/06/2004,13/07/2006,Full Time,Uttar Pradesh State Board,Saraswati Vidya Mandir Kanpur,NA,92,10th,14/02/2007,25/03/2010,Full Time,Uttar Pradesh State Board,Radha Niketan College Kanpur,Electronics & Telecommunication,93,12th,14/03/2010,18/09/2014,Full Time,NITA,Motilal Nehru National Institute of Technology Allahabad,Electronics & Telecommunication,81,BE,20/07/2015,22/01/2018,Full Time,NITIE,NITIE Mumbai,Mining Engineering,87,ME,0,29/03/2017,19/09/2018,Full Time,Junior Technical Consultant,TCS,Manufacturing,AGRA,India,,,,,,,,,English,Good,Good,Good,Hindi,Good,Good,Good,Marathi,Good,Good,Good,Guddu,Software Engineer,London,8009800998,,,Naukri.com
88995,Major,Uday,Bhan,uday.bhan@mailinator.com749,7864823749,7894923645,13/04/1990,M,Single,PAN167694749,No,Behind Yaga Baba Hostel Baner,426194,KANPUR,India,579700,1340000,Mumbai,579000,2,1,30,12/06/2004,13/07/2006,Full Time,Uttar Pradesh State Board,Saraswati Vidya Mandir Kanpur,NA,92,10th,14/02/2007,25/03/2010,Full Time,Uttar Pradesh State Board,Radha Niketan College Kanpur,Electronics & Telecommunication,93,12th,14/03/2010,18/09/2014,Full Time,NITA,Motilal Nehru National Institute of Technology Allahabad,Electronics & Telecommunication,81,BE,20/07/2015,22/01/2018,Full Time,NITIE,NITIE Mumbai,Mining Engineering,87,ME,0,29/03/2017,19/09/2018,Full Time,Junior Technical Consultant,TCS,Manufacturing,AGRA,India,,,,,,,,,English,Good,Good,Good,Hindi,Good,Good,Good,Marathi,Good,Good,Good,Guddu,Software Engineer,London,8009800998,,,Naukri.com
88995,Major,Uday,Bhan,uday.bhan@mailinator.com750,7864823750,7894923645,13/04/1990,M,Single,PAN167694750,No,Behind Yaga Baba Hostel Baner,426194,KANPUR,India,579700,1340000,Mumbai,579000,2,1,30,12/06/2004,13/07/2006,Full Time,Uttar Pradesh State Board,Saraswati Vidya Mandir Kanpur,NA,92,10th,14/02/2007,25/03/2010,Full Time,Uttar Pradesh State Board,Radha Niketan College Kanpur,Electronics & Telecommunication,93,12th,14/03/2010,18/09/2014,Full Time,NITA,Motilal Nehru National Institute of Technology Allahabad,Electronics & Telecommunication,81,BE,20/07/2015,22/01/2018,Full Time,NITIE,NITIE Mumbai,Mining Engineering,87,ME,0,29/03/2017,19/09/2018,Full Time,Junior Technical Consultant,TCS,Manufacturing,AGRA,India,,,,,,,,,English,Good,Good,Good,Hindi,Good,Good,Good,Marathi,Good,Good,Good,Guddu,Software Engineer,London,8009800998,,,Naukri.com
88995,Major,Uday,Bhan,uday.bhan@mailinator.com751,7864823751,7894923645,13/04/1990,M,Single,PAN167694751,No,Behind Yaga Baba Hostel Baner,426194,KANPUR,India,579700,1340000,Mumbai,579000,2,1,30,12/06/2004,13/07/2006,Full Time,Uttar Pradesh State Board,Saraswati Vidya Mandir Kanpur,NA,92,10th,14/02/2007,25/03/2010,Full Time,Uttar Pradesh State Board,Radha Niketan College Kanpur,Electronics & Telecommunication,93,12th,14/03/2010,18/09/2014,Full Time,NITA,Motilal Nehru National Institute of Technology Allahabad,Electronics & Telecommunication,81,BE,20/07/2015,22/01/2018,Full Time,NITIE,NITIE Mumbai,Mining Engineering,87,ME,0,29/03/2017,19/09/2018,Full Time,Junior Technical Consultant,TCS,Manufacturing,AGRA,India,,,,,,,,,English,Good,Good,Good,Hindi,Good,Good,Good,Marathi,Good,Good,Good,Guddu,Software Engineer,London,8009800998,,,Naukri.com
88995,Major,Uday,Bhan,uday.bhan@mailinator.com752,7864823752,7894923645,13/04/1990,M,Single,PAN167694752,No,Behind Yaga Baba Hostel Baner,426194,KANPUR,India,579700,1340000,Mumbai,579000,2,1,30,12/06/2004,13/07/2006,Full Time,Uttar Pradesh State Board,Saraswati Vidya Mandir Kanpur,NA,92,10th,14/02/2007,25/03/2010,Full Time,Uttar Pradesh State Board,Radha Niketan College Kanpur,Electronics & Telecommunication,93,12th,14/03/2010,18/09/2014,Full Time,NITA,Motilal Nehru National Institute of Technology Allahabad,Electronics & Telecommunication,81,BE,20/07/2015,22/01/2018,Full Time,NITIE,NITIE Mumbai,Mining Engineering,87,ME,0,29/03/2017,19/09/2018,Full Time,Junior Technical Consultant,TCS,Manufacturing,AGRA,India,,,,,,,,,English,Good,Good,Good,Hindi,Good,Good,Good,Marathi,Good,Good,Good,Guddu,Software Engineer,London,8009800998,,,Naukri.com
88995,Major,Uday,Bhan,uday.bhan@mailinator.com753,7864823753,7894923645,13/04/1990,M,Single,PAN167694753,No,Behind Yaga Baba Hostel Baner,426194,KANPUR,India,579700,1340000,Mumbai,579000,2,1,30,12/06/2004,13/07/2006,Full Time,Uttar Pradesh State Board,Saraswati Vidya Mandir Kanpur,NA,92,10th,14/02/2007,25/03/2010,Full Time,Uttar Pradesh State Board,Radha Niketan College Kanpur,Electronics & Telecommunication,93,12th,14/03/2010,18/09/2014,Full Time,NITA,Motilal Nehru National Institute of Technology Allahabad,Electronics & Telecommunication,81,BE,20/07/2015,22/01/2018,Full Time,NITIE,NITIE Mumbai,Mining Engineering,87,ME,0,29/03/2017,19/09/2018,Full Time,Junior Technical Consultant,TCS,Manufacturing,AGRA,India,,,,,,,,,English,Good,Good,Good,Hindi,Good,Good,Good,Marathi,Good,Good,Good,Guddu,Software Engineer,London,8009800998,,,Naukri.com
88995,Major,Uday,Bhan,uday.bhan@mailinator.com754,7864823754,7894923645,13/04/1990,M,Single,PAN167694754,No,Behind Yaga Baba Hostel Baner,426194,KANPUR,India,579700,1340000,Mumbai,579000,2,1,30,12/06/2004,13/07/2006,Full Time,Uttar Pradesh State Board,Saraswati Vidya Mandir Kanpur,NA,92,10th,14/02/2007,25/03/2010,Full Time,Uttar Pradesh State Board,Radha Niketan College Kanpur,Electronics & Telecommunication,93,12th,14/03/2010,18/09/2014,Full Time,NITA,Motilal Nehru National Institute of Technology Allahabad,Electronics & Telecommunication,81,BE,20/07/2015,22/01/2018,Full Time,NITIE,NITIE Mumbai,Mining Engineering,87,ME,0,29/03/2017,19/09/2018,Full Time,Junior Technical Consultant,TCS,Manufacturing,AGRA,India,,,,,,,,,English,Good,Good,Good,Hindi,Good,Good,Good,Marathi,Good,Good,Good,Guddu,Software Engineer,London,8009800998,,,Naukri.com
88995,Major,Uday,Bhan,uday.bhan@mailinator.com755,7864823755,7894923645,13/04/1990,M,Single,PAN167694755,No,Behind Yaga Baba Hostel Baner,426194,KANPUR,India,579700,1340000,Mumbai,579000,2,1,30,12/06/2004,13/07/2006,Full Time,Uttar Pradesh State Board,Saraswati Vidya Mandir Kanpur,NA,92,10th,14/02/2007,25/03/2010,Full Time,Uttar Pradesh State Board,Radha Niketan College Kanpur,Electronics & Telecommunication,93,12th,14/03/2010,18/09/2014,Full Time,NITA,Motilal Nehru National Institute of Technology Allahabad,Electronics & Telecommunication,81,BE,20/07/2015,22/01/2018,Full Time,NITIE,NITIE Mumbai,Mining Engineering,87,ME,0,29/03/2017,19/09/2018,Full Time,Junior Technical Consultant,TCS,Manufacturing,AGRA,India,,,,,,,,,English,Good,Good,Good,Hindi,Good,Good,Good,Marathi,Good,Good,Good,Guddu,Software Engineer,London,8009800998,,,Naukri.com
88995,Major,Uday,Bhan,uday.bhan@mailinator.com756,7864823756,7894923645,13/04/1990,M,Single,PAN167694756,No,Behind Yaga Baba Hostel Baner,426194,KANPUR,India,579700,1340000,Mumbai,579000,2,1,30,12/06/2004,13/07/2006,Full Time,Uttar Pradesh State Board,Saraswati Vidya Mandir Kanpur,NA,92,10th,14/02/2007,25/03/2010,Full Time,Uttar Pradesh State Board,Radha Niketan College Kanpur,Electronics & Telecommunication,93,12th,14/03/2010,18/09/2014,Full Time,NITA,Motilal Nehru National Institute of Technology Allahabad,Electronics & Telecommunication,81,BE,20/07/2015,22/01/2018,Full Time,NITIE,NITIE Mumbai,Mining Engineering,87,ME,0,29/03/2017,19/09/2018,Full Time,Junior Technical Consultant,TCS,Manufacturing,AGRA,India,,,,,,,,,English,Good,Good,Good,Hindi,Good,Good,Good,Marathi,Good,Good,Good,Guddu,Software Engineer,London,8009800998,,,Naukri.com
88995,Major,Uday,Bhan,uday.bhan@mailinator.com757,7864823757,7894923645,13/04/1990,M,Single,PAN167694757,No,Behind Yaga Baba Hostel Baner,426194,KANPUR,India,579700,1340000,Mumbai,579000,2,1,30,12/06/2004,13/07/2006,Full Time,Uttar Pradesh State Board,Saraswati Vidya Mandir Kanpur,NA,92,10th,14/02/2007,25/03/2010,Full Time,Uttar Pradesh State Board,Radha Niketan College Kanpur,Electronics & Telecommunication,93,12th,14/03/2010,18/09/2014,Full Time,NITA,Motilal Nehru National Institute of Technology Allahabad,Electronics & Telecommunication,81,BE,20/07/2015,22/01/2018,Full Time,NITIE,NITIE Mumbai,Mining Engineering,87,ME,0,29/03/2017,19/09/2018,Full Time,Junior Technical Consultant,TCS,Manufacturing,AGRA,India,,,,,,,,,English,Good,Good,Good,Hindi,Good,Good,Good,Marathi,Good,Good,Good,Guddu,Software Engineer,London,8009800998,,,Naukri.com
88995,Major,Uday,Bhan,uday.bhan@mailinator.com758,7864823758,7894923645,13/04/1990,M,Single,PAN167694758,No,Behind Yaga Baba Hostel Baner,426194,KANPUR,India,579700,1340000,Mumbai,579000,2,1,30,12/06/2004,13/07/2006,Full Time,Uttar Pradesh State Board,Saraswati Vidya Mandir Kanpur,NA,92,10th,14/02/2007,25/03/2010,Full Time,Uttar Pradesh State Board,Radha Niketan College Kanpur,Electronics & Telecommunication,93,12th,14/03/2010,18/09/2014,Full Time,NITA,Motilal Nehru National Institute of Technology Allahabad,Electronics & Telecommunication,81,BE,20/07/2015,22/01/2018,Full Time,NITIE,NITIE Mumbai,Mining Engineering,87,ME,0,29/03/2017,19/09/2018,Full Time,Junior Technical Consultant,TCS,Manufacturing,AGRA,India,,,,,,,,,English,Good,Good,Good,Hindi,Good,Good,Good,Marathi,Good,Good,Good,Guddu,Software Engineer,London,8009800998,,,Naukri.com
88995,Major,Uday,Bhan,uday.bhan@mailinator.com759,7864823759,7894923645,13/04/1990,M,Single,PAN167694759,No,Behind Yaga Baba Hostel Baner,426194,KANPUR,India,579700,1340000,Mumbai,579000,2,1,30,12/06/2004,13/07/2006,Full Time,Uttar Pradesh State Board,Saraswati Vidya Mandir Kanpur,NA,92,10th,14/02/2007,25/03/2010,Full Time,Uttar Pradesh State Board,Radha Niketan College Kanpur,Electronics & Telecommunication,93,12th,14/03/2010,18/09/2014,Full Time,NITA,Motilal Nehru National Institute of Technology Allahabad,Electronics & Telecommunication,81,BE,20/07/2015,22/01/2018,Full Time,NITIE,NITIE Mumbai,Mining Engineering,87,ME,0,29/03/2017,19/09/2018,Full Time,Junior Technical Consultant,TCS,Manufacturing,AGRA,India,,,,,,,,,English,Good,Good,Good,Hindi,Good,Good,Good,Marathi,Good,Good,Good,Guddu,Software Engineer,London,8009800998,,,Naukri.com
88995,Major,Uday,Bhan,uday.bhan@mailinator.com760,7864823760,7894923645,13/04/1990,M,Single,PAN167694760,No,Behind Yaga Baba Hostel Baner,426194,KANPUR,India,579700,1340000,Mumbai,579000,2,1,30,12/06/2004,13/07/2006,Full Time,Uttar Pradesh State Board,Saraswati Vidya Mandir Kanpur,NA,92,10th,14/02/2007,25/03/2010,Full Time,Uttar Pradesh State Board,Radha Niketan College Kanpur,Electronics & Telecommunication,93,12th,14/03/2010,18/09/2014,Full Time,NITA,Motilal Nehru National Institute of Technology Allahabad,Electronics & Telecommunication,81,BE,20/07/2015,22/01/2018,Full Time,NITIE,NITIE Mumbai,Mining Engineering,87,ME,0,29/03/2017,19/09/2018,Full Time,Junior Technical Consultant,TCS,Manufacturing,AGRA,India,,,,,,,,,English,Good,Good,Good,Hindi,Good,Good,Good,Marathi,Good,Good,Good,Guddu,Software Engineer,London,8009800998,,,Naukri.com
88995,Major,Uday,Bhan,uday.bhan@mailinator.com761,7864823761,7894923645,13/04/1990,M,Single,PAN167694761,No,Behind Yaga Baba Hostel Baner,426194,KANPUR,India,579700,1340000,Mumbai,579000,2,1,30,12/06/2004,13/07/2006,Full Time,Uttar Pradesh State Board,Saraswati Vidya Mandir Kanpur,NA,92,10th,14/02/2007,25/03/2010,Full Time,Uttar Pradesh State Board,Radha Niketan College Kanpur,Electronics & Telecommunication,93,12th,14/03/2010,18/09/2014,Full Time,NITA,Motilal Nehru National Institute of Technology Allahabad,Electronics & Telecommunication,81,BE,20/07/2015,22/01/2018,Full Time,NITIE,NITIE Mumbai,Mining Engineering,87,ME,0,29/03/2017,19/09/2018,Full Time,Junior Technical Consultant,TCS,Manufacturing,AGRA,India,,,,,,,,,English,Good,Good,Good,Hindi,Good,Good,Good,Marathi,Good,Good,Good,Guddu,Software Engineer,London,8009800998,,,Naukri.com
88995,Major,Uday,Bhan,uday.bhan@mailinator.com762,7864823762,7894923645,13/04/1990,M,Single,PAN167694762,No,Behind Yaga Baba Hostel Baner,426194,KANPUR,India,579700,1340000,Mumbai,579000,2,1,30,12/06/2004,13/07/2006,Full Time,Uttar Pradesh State Board,Saraswati Vidya Mandir Kanpur,NA,92,10th,14/02/2007,25/03/2010,Full Time,Uttar Pradesh State Board,Radha Niketan College Kanpur,Electronics & Telecommunication,93,12th,14/03/2010,18/09/2014,Full Time,NITA,Motilal Nehru National Institute of Technology Allahabad,Electronics & Telecommunication,81,BE,20/07/2015,22/01/2018,Full Time,NITIE,NITIE Mumbai,Mining Engineering,87,ME,0,29/03/2017,19/09/2018,Full Time,Junior Technical Consultant,TCS,Manufacturing,AGRA,India,,,,,,,,,English,Good,Good,Good,Hindi,Good,Good,Good,Marathi,Good,Good,Good,Guddu,Software Engineer,London,8009800998,,,Naukri.com
88995,Major,Uday,Bhan,uday.bhan@mailinator.com763,7864823763,7894923645,13/04/1990,M,Single,PAN167694763,No,Behind Yaga Baba Hostel Baner,426194,KANPUR,India,579700,1340000,Mumbai,579000,2,1,30,12/06/2004,13/07/2006,Full Time,Uttar Pradesh State Board,Saraswati Vidya Mandir Kanpur,NA,92,10th,14/02/2007,25/03/2010,Full Time,Uttar Pradesh State Board,Radha Niketan College Kanpur,Electronics & Telecommunication,93,12th,14/03/2010,18/09/2014,Full Time,NITA,Motilal Nehru National Institute of Technology Allahabad,Electronics & Telecommunication,81,BE,20/07/2015,22/01/2018,Full Time,NITIE,NITIE Mumbai,Mining Engineering,87,ME,0,29/03/2017,19/09/2018,Full Time,Junior Technical Consultant,TCS,Manufacturing,AGRA,India,,,,,,,,,English,Good,Good,Good,Hindi,Good,Good,Good,Marathi,Good,Good,Good,Guddu,Software Engineer,London,8009800998,,,Naukri.com
88995,Major,Uday,Bhan,uday.bhan@mailinator.com764,7864823764,7894923645,13/04/1990,M,Single,PAN167694764,No,Behind Yaga Baba Hostel Baner,426194,KANPUR,India,579700,1340000,Mumbai,579000,2,1,30,12/06/2004,13/07/2006,Full Time,Uttar Pradesh State Board,Saraswati Vidya Mandir Kanpur,NA,92,10th,14/02/2007,25/03/2010,Full Time,Uttar Pradesh State Board,Radha Niketan College Kanpur,Electronics & Telecommunication,93,12th,14/03/2010,18/09/2014,Full Time,NITA,Motilal Nehru National Institute of Technology Allahabad,Electronics & Telecommunication,81,BE,20/07/2015,22/01/2018,Full Time,NITIE,NITIE Mumbai,Mining Engineering,87,ME,0,29/03/2017,19/09/2018,Full Time,Junior Technical Consultant,TCS,Manufacturing,AGRA,India,,,,,,,,,English,Good,Good,Good,Hindi,Good,Good,Good,Marathi,Good,Good,Good,Guddu,Software Engineer,London,8009800998,,,Naukri.com
88995,Major,Uday,Bhan,uday.bhan@mailinator.com765,7864823765,7894923645,13/04/1990,M,Single,PAN167694765,No,Behind Yaga Baba Hostel Baner,426194,KANPUR,India,579700,1340000,Mumbai,579000,2,1,30,12/06/2004,13/07/2006,Full Time,Uttar Pradesh State Board,Saraswati Vidya Mandir Kanpur,NA,92,10th,14/02/2007,25/03/2010,Full Time,Uttar Pradesh State Board,Radha Niketan College Kanpur,Electronics & Telecommunication,93,12th,14/03/2010,18/09/2014,Full Time,NITA,Motilal Nehru National Institute of Technology Allahabad,Electronics & Telecommunication,81,BE,20/07/2015,22/01/2018,Full Time,NITIE,NITIE Mumbai,Mining Engineering,87,ME,0,29/03/2017,19/09/2018,Full Time,Junior Technical Consultant,TCS,Manufacturing,AGRA,India,,,,,,,,,English,Good,Good,Good,Hindi,Good,Good,Good,Marathi,Good,Good,Good,Guddu,Software Engineer,London,8009800998,,,Naukri.com
88995,Major,Uday,Bhan,uday.bhan@mailinator.com766,7864823766,7894923645,13/04/1990,M,Single,PAN167694766,No,Behind Yaga Baba Hostel Baner,426194,KANPUR,India,579700,1340000,Mumbai,579000,2,1,30,12/06/2004,13/07/2006,Full Time,Uttar Pradesh State Board,Saraswati Vidya Mandir Kanpur,NA,92,10th,14/02/2007,25/03/2010,Full Time,Uttar Pradesh State Board,Radha Niketan College Kanpur,Electronics & Telecommunication,93,12th,14/03/2010,18/09/2014,Full Time,NITA,Motilal Nehru National Institute of Technology Allahabad,Electronics & Telecommunication,81,BE,20/07/2015,22/01/2018,Full Time,NITIE,NITIE Mumbai,Mining Engineering,87,ME,0,29/03/2017,19/09/2018,Full Time,Junior Technical Consultant,TCS,Manufacturing,AGRA,India,,,,,,,,,English,Good,Good,Good,Hindi,Good,Good,Good,Marathi,Good,Good,Good,Guddu,Software Engineer,London,8009800998,,,Naukri.com
88995,Major,Uday,Bhan,uday.bhan@mailinator.com767,7864823767,7894923645,13/04/1990,M,Single,PAN167694767,No,Behind Yaga Baba Hostel Baner,426194,KANPUR,India,579700,1340000,Mumbai,579000,2,1,30,12/06/2004,13/07/2006,Full Time,Uttar Pradesh State Board,Saraswati Vidya Mandir Kanpur,NA,92,10th,14/02/2007,25/03/2010,Full Time,Uttar Pradesh State Board,Radha Niketan College Kanpur,Electronics & Telecommunication,93,12th,14/03/2010,18/09/2014,Full Time,NITA,Motilal Nehru National Institute of Technology Allahabad,Electronics & Telecommunication,81,BE,20/07/2015,22/01/2018,Full Time,NITIE,NITIE Mumbai,Mining Engineering,87,ME,0,29/03/2017,19/09/2018,Full Time,Junior Technical Consultant,TCS,Manufacturing,AGRA,India,,,,,,,,,English,Good,Good,Good,Hindi,Good,Good,Good,Marathi,Good,Good,Good,Guddu,Software Engineer,London,8009800998,,,Naukri.com
88995,Major,Uday,Bhan,uday.bhan@mailinator.com768,7864823768,7894923645,13/04/1990,M,Single,PAN167694768,No,Behind Yaga Baba Hostel Baner,426194,KANPUR,India,579700,1340000,Mumbai,579000,2,1,30,12/06/2004,13/07/2006,Full Time,Uttar Pradesh State Board,Saraswati Vidya Mandir Kanpur,NA,92,10th,14/02/2007,25/03/2010,Full Time,Uttar Pradesh State Board,Radha Niketan College Kanpur,Electronics & Telecommunication,93,12th,14/03/2010,18/09/2014,Full Time,NITA,Motilal Nehru National Institute of Technology Allahabad,Electronics & Telecommunication,81,BE,20/07/2015,22/01/2018,Full Time,NITIE,NITIE Mumbai,Mining Engineering,87,ME,0,29/03/2017,19/09/2018,Full Time,Junior Technical Consultant,TCS,Manufacturing,AGRA,India,,,,,,,,,English,Good,Good,Good,Hindi,Good,Good,Good,Marathi,Good,Good,Good,Guddu,Software Engineer,London,8009800998,,,Naukri.com
88995,Major,Uday,Bhan,uday.bhan@mailinator.com769,7864823769,7894923645,13/04/1990,M,Single,PAN167694769,No,Behind Yaga Baba Hostel Baner,426194,KANPUR,India,579700,1340000,Mumbai,579000,2,1,30,12/06/2004,13/07/2006,Full Time,Uttar Pradesh State Board,Saraswati Vidya Mandir Kanpur,NA,92,10th,14/02/2007,25/03/2010,Full Time,Uttar Pradesh State Board,Radha Niketan College Kanpur,Electronics & Telecommunication,93,12th,14/03/2010,18/09/2014,Full Time,NITA,Motilal Nehru National Institute of Technology Allahabad,Electronics & Telecommunication,81,BE,20/07/2015,22/01/2018,Full Time,NITIE,NITIE Mumbai,Mining Engineering,87,ME,0,29/03/2017,19/09/2018,Full Time,Junior Technical Consultant,TCS,Manufacturing,AGRA,India,,,,,,,,,English,Good,Good,Good,Hindi,Good,Good,Good,Marathi,Good,Good,Good,Guddu,Software Engineer,London,8009800998,,,Naukri.com
88995,Major,Uday,Bhan,uday.bhan@mailinator.com770,7864823770,7894923645,13/04/1990,M,Single,PAN167694770,No,Behind Yaga Baba Hostel Baner,426194,KANPUR,India,579700,1340000,Mumbai,579000,2,1,30,12/06/2004,13/07/2006,Full Time,Uttar Pradesh State Board,Saraswati Vidya Mandir Kanpur,NA,92,10th,14/02/2007,25/03/2010,Full Time,Uttar Pradesh State Board,Radha Niketan College Kanpur,Electronics & Telecommunication,93,12th,14/03/2010,18/09/2014,Full Time,NITA,Motilal Nehru National Institute of Technology Allahabad,Electronics & Telecommunication,81,BE,20/07/2015,22/01/2018,Full Time,NITIE,NITIE Mumbai,Mining Engineering,87,ME,0,29/03/2017,19/09/2018,Full Time,Junior Technical Consultant,TCS,Manufacturing,AGRA,India,,,,,,,,,English,Good,Good,Good,Hindi,Good,Good,Good,Marathi,Good,Good,Good,Guddu,Software Engineer,London,8009800998,,,Naukri.com
88995,Major,Uday,Bhan,uday.bhan@mailinator.com771,7864823771,7894923645,13/04/1990,M,Single,PAN167694771,No,Behind Yaga Baba Hostel Baner,426194,KANPUR,India,579700,1340000,Mumbai,579000,2,1,30,12/06/2004,13/07/2006,Full Time,Uttar Pradesh State Board,Saraswati Vidya Mandir Kanpur,NA,92,10th,14/02/2007,25/03/2010,Full Time,Uttar Pradesh State Board,Radha Niketan College Kanpur,Electronics & Telecommunication,93,12th,14/03/2010,18/09/2014,Full Time,NITA,Motilal Nehru National Institute of Technology Allahabad,Electronics & Telecommunication,81,BE,20/07/2015,22/01/2018,Full Time,NITIE,NITIE Mumbai,Mining Engineering,87,ME,0,29/03/2017,19/09/2018,Full Time,Junior Technical Consultant,TCS,Manufacturing,AGRA,India,,,,,,,,,English,Good,Good,Good,Hindi,Good,Good,Good,Marathi,Good,Good,Good,Guddu,Software Engineer,London,8009800998,,,Naukri.com
88995,Major,Uday,Bhan,uday.bhan@mailinator.com772,7864823772,7894923645,13/04/1990,M,Single,PAN167694772,No,Behind Yaga Baba Hostel Baner,426194,KANPUR,India,579700,1340000,Mumbai,579000,2,1,30,12/06/2004,13/07/2006,Full Time,Uttar Pradesh State Board,Saraswati Vidya Mandir Kanpur,NA,92,10th,14/02/2007,25/03/2010,Full Time,Uttar Pradesh State Board,Radha Niketan College Kanpur,Electronics & Telecommunication,93,12th,14/03/2010,18/09/2014,Full Time,NITA,Motilal Nehru National Institute of Technology Allahabad,Electronics & Telecommunication,81,BE,20/07/2015,22/01/2018,Full Time,NITIE,NITIE Mumbai,Mining Engineering,87,ME,0,29/03/2017,19/09/2018,Full Time,Junior Technical Consultant,TCS,Manufacturing,AGRA,India,,,,,,,,,English,Good,Good,Good,Hindi,Good,Good,Good,Marathi,Good,Good,Good,Guddu,Software Engineer,London,8009800998,,,Naukri.com
88995,Major,Uday,Bhan,uday.bhan@mailinator.com773,7864823773,7894923645,13/04/1990,M,Single,PAN167694773,No,Behind Yaga Baba Hostel Baner,426194,KANPUR,India,579700,1340000,Mumbai,579000,2,1,30,12/06/2004,13/07/2006,Full Time,Uttar Pradesh State Board,Saraswati Vidya Mandir Kanpur,NA,92,10th,14/02/2007,25/03/2010,Full Time,Uttar Pradesh State Board,Radha Niketan College Kanpur,Electronics & Telecommunication,93,12th,14/03/2010,18/09/2014,Full Time,NITA,Motilal Nehru National Institute of Technology Allahabad,Electronics & Telecommunication,81,BE,20/07/2015,22/01/2018,Full Time,NITIE,NITIE Mumbai,Mining Engineering,87,ME,0,29/03/2017,19/09/2018,Full Time,Junior Technical Consultant,TCS,Manufacturing,AGRA,India,,,,,,,,,English,Good,Good,Good,Hindi,Good,Good,Good,Marathi,Good,Good,Good,Guddu,Software Engineer,London,8009800998,,,Naukri.com
88995,Major,Uday,Bhan,uday.bhan@mailinator.com774,7864823774,7894923645,13/04/1990,M,Single,PAN167694774,No,Behind Yaga Baba Hostel Baner,426194,KANPUR,India,579700,1340000,Mumbai,579000,2,1,30,12/06/2004,13/07/2006,Full Time,Uttar Pradesh State Board,Saraswati Vidya Mandir Kanpur,NA,92,10th,14/02/2007,25/03/2010,Full Time,Uttar Pradesh State Board,Radha Niketan College Kanpur,Electronics & Telecommunication,93,12th,14/03/2010,18/09/2014,Full Time,NITA,Motilal Nehru National Institute of Technology Allahabad,Electronics & Telecommunication,81,BE,20/07/2015,22/01/2018,Full Time,NITIE,NITIE Mumbai,Mining Engineering,87,ME,0,29/03/2017,19/09/2018,Full Time,Junior Technical Consultant,TCS,Manufacturing,AGRA,India,,,,,,,,,English,Good,Good,Good,Hindi,Good,Good,Good,Marathi,Good,Good,Good,Guddu,Software Engineer,London,8009800998,,,Naukri.com
88995,Major,Uday,Bhan,uday.bhan@mailinator.com775,7864823775,7894923645,13/04/1990,M,Single,PAN167694775,No,Behind Yaga Baba Hostel Baner,426194,KANPUR,India,579700,1340000,Mumbai,579000,2,1,30,12/06/2004,13/07/2006,Full Time,Uttar Pradesh State Board,Saraswati Vidya Mandir Kanpur,NA,92,10th,14/02/2007,25/03/2010,Full Time,Uttar Pradesh State Board,Radha Niketan College Kanpur,Electronics & Telecommunication,93,12th,14/03/2010,18/09/2014,Full Time,NITA,Motilal Nehru National Institute of Technology Allahabad,Electronics & Telecommunication,81,BE,20/07/2015,22/01/2018,Full Time,NITIE,NITIE Mumbai,Mining Engineering,87,ME,0,29/03/2017,19/09/2018,Full Time,Junior Technical Consultant,TCS,Manufacturing,AGRA,India,,,,,,,,,English,Good,Good,Good,Hindi,Good,Good,Good,Marathi,Good,Good,Good,Guddu,Software Engineer,London,8009800998,,,Naukri.com
88995,Major,Uday,Bhan,uday.bhan@mailinator.com776,7864823776,7894923645,13/04/1990,M,Single,PAN167694776,No,Behind Yaga Baba Hostel Baner,426194,KANPUR,India,579700,1340000,Mumbai,579000,2,1,30,12/06/2004,13/07/2006,Full Time,Uttar Pradesh State Board,Saraswati Vidya Mandir Kanpur,NA,92,10th,14/02/2007,25/03/2010,Full Time,Uttar Pradesh State Board,Radha Niketan College Kanpur,Electronics & Telecommunication,93,12th,14/03/2010,18/09/2014,Full Time,NITA,Motilal Nehru National Institute of Technology Allahabad,Electronics & Telecommunication,81,BE,20/07/2015,22/01/2018,Full Time,NITIE,NITIE Mumbai,Mining Engineering,87,ME,0,29/03/2017,19/09/2018,Full Time,Junior Technical Consultant,TCS,Manufacturing,AGRA,India,,,,,,,,,English,Good,Good,Good,Hindi,Good,Good,Good,Marathi,Good,Good,Good,Guddu,Software Engineer,London,8009800998,,,Naukri.com
88995,Major,Uday,Bhan,uday.bhan@mailinator.com777,7864823777,7894923645,13/04/1990,M,Single,PAN167694777,No,Behind Yaga Baba Hostel Baner,426194,KANPUR,India,579700,1340000,Mumbai,579000,2,1,30,12/06/2004,13/07/2006,Full Time,Uttar Pradesh State Board,Saraswati Vidya Mandir Kanpur,NA,92,10th,14/02/2007,25/03/2010,Full Time,Uttar Pradesh State Board,Radha Niketan College Kanpur,Electronics & Telecommunication,93,12th,14/03/2010,18/09/2014,Full Time,NITA,Motilal Nehru National Institute of Technology Allahabad,Electronics & Telecommunication,81,BE,20/07/2015,22/01/2018,Full Time,NITIE,NITIE Mumbai,Mining Engineering,87,ME,0,29/03/2017,19/09/2018,Full Time,Junior Technical Consultant,TCS,Manufacturing,AGRA,India,,,,,,,,,English,Good,Good,Good,Hindi,Good,Good,Good,Marathi,Good,Good,Good,Guddu,Software Engineer,London,8009800998,,,Naukri.com
88995,Major,Uday,Bhan,uday.bhan@mailinator.com778,7864823778,7894923645,13/04/1990,M,Single,PAN167694778,No,Behind Yaga Baba Hostel Baner,426194,KANPUR,India,579700,1340000,Mumbai,579000,2,1,30,12/06/2004,13/07/2006,Full Time,Uttar Pradesh State Board,Saraswati Vidya Mandir Kanpur,NA,92,10th,14/02/2007,25/03/2010,Full Time,Uttar Pradesh State Board,Radha Niketan College Kanpur,Electronics & Telecommunication,93,12th,14/03/2010,18/09/2014,Full Time,NITA,Motilal Nehru National Institute of Technology Allahabad,Electronics & Telecommunication,81,BE,20/07/2015,22/01/2018,Full Time,NITIE,NITIE Mumbai,Mining Engineering,87,ME,0,29/03/2017,19/09/2018,Full Time,Junior Technical Consultant,TCS,Manufacturing,AGRA,India,,,,,,,,,English,Good,Good,Good,Hindi,Good,Good,Good,Marathi,Good,Good,Good,Guddu,Software Engineer,London,8009800998,,,Naukri.com
88995,Major,Uday,Bhan,uday.bhan@mailinator.com779,7864823779,7894923645,13/04/1990,M,Single,PAN167694779,No,Behind Yaga Baba Hostel Baner,426194,KANPUR,India,579700,1340000,Mumbai,579000,2,1,30,12/06/2004,13/07/2006,Full Time,Uttar Pradesh State Board,Saraswati Vidya Mandir Kanpur,NA,92,10th,14/02/2007,25/03/2010,Full Time,Uttar Pradesh State Board,Radha Niketan College Kanpur,Electronics & Telecommunication,93,12th,14/03/2010,18/09/2014,Full Time,NITA,Motilal Nehru National Institute of Technology Allahabad,Electronics & Telecommunication,81,BE,20/07/2015,22/01/2018,Full Time,NITIE,NITIE Mumbai,Mining Engineering,87,ME,0,29/03/2017,19/09/2018,Full Time,Junior Technical Consultant,TCS,Manufacturing,AGRA,India,,,,,,,,,English,Good,Good,Good,Hindi,Good,Good,Good,Marathi,Good,Good,Good,Guddu,Software Engineer,London,8009800998,,,Naukri.com
88995,Major,Uday,Bhan,uday.bhan@mailinator.com780,7864823780,7894923645,13/04/1990,M,Single,PAN167694780,No,Behind Yaga Baba Hostel Baner,426194,KANPUR,India,579700,1340000,Mumbai,579000,2,1,30,12/06/2004,13/07/2006,Full Time,Uttar Pradesh State Board,Saraswati Vidya Mandir Kanpur,NA,92,10th,14/02/2007,25/03/2010,Full Time,Uttar Pradesh State Board,Radha Niketan College Kanpur,Electronics & Telecommunication,93,12th,14/03/2010,18/09/2014,Full Time,NITA,Motilal Nehru National Institute of Technology Allahabad,Electronics & Telecommunication,81,BE,20/07/2015,22/01/2018,Full Time,NITIE,NITIE Mumbai,Mining Engineering,87,ME,0,29/03/2017,19/09/2018,Full Time,Junior Technical Consultant,TCS,Manufacturing,AGRA,India,,,,,,,,,English,Good,Good,Good,Hindi,Good,Good,Good,Marathi,Good,Good,Good,Guddu,Software Engineer,London,8009800998,,,Naukri.com
88995,Major,Uday,Bhan,uday.bhan@mailinator.com781,7864823781,7894923645,13/04/1990,M,Single,PAN167694781,No,Behind Yaga Baba Hostel Baner,426194,KANPUR,India,579700,1340000,Mumbai,579000,2,1,30,12/06/2004,13/07/2006,Full Time,Uttar Pradesh State Board,Saraswati Vidya Mandir Kanpur,NA,92,10th,14/02/2007,25/03/2010,Full Time,Uttar Pradesh State Board,Radha Niketan College Kanpur,Electronics & Telecommunication,93,12th,14/03/2010,18/09/2014,Full Time,NITA,Motilal Nehru National Institute of Technology Allahabad,Electronics & Telecommunication,81,BE,20/07/2015,22/01/2018,Full Time,NITIE,NITIE Mumbai,Mining Engineering,87,ME,0,29/03/2017,19/09/2018,Full Time,Junior Technical Consultant,TCS,Manufacturing,AGRA,India,,,,,,,,,English,Good,Good,Good,Hindi,Good,Good,Good,Marathi,Good,Good,Good,Guddu,Software Engineer,London,8009800998,,,Naukri.com
88995,Major,Uday,Bhan,uday.bhan@mailinator.com782,7864823782,7894923645,13/04/1990,M,Single,PAN167694782,No,Behind Yaga Baba Hostel Baner,426194,KANPUR,India,579700,1340000,Mumbai,579000,2,1,30,12/06/2004,13/07/2006,Full Time,Uttar Pradesh State Board,Saraswati Vidya Mandir Kanpur,NA,92,10th,14/02/2007,25/03/2010,Full Time,Uttar Pradesh State Board,Radha Niketan College Kanpur,Electronics & Telecommunication,93,12th,14/03/2010,18/09/2014,Full Time,NITA,Motilal Nehru National Institute of Technology Allahabad,Electronics & Telecommunication,81,BE,20/07/2015,22/01/2018,Full Time,NITIE,NITIE Mumbai,Mining Engineering,87,ME,0,29/03/2017,19/09/2018,Full Time,Junior Technical Consultant,TCS,Manufacturing,AGRA,India,,,,,,,,,English,Good,Good,Good,Hindi,Good,Good,Good,Marathi,Good,Good,Good,Guddu,Software Engineer,London,8009800998,,,Naukri.com
88995,Major,Uday,Bhan,uday.bhan@mailinator.com783,7864823783,7894923645,13/04/1990,M,Single,PAN167694783,No,Behind Yaga Baba Hostel Baner,426194,KANPUR,India,579700,1340000,Mumbai,579000,2,1,30,12/06/2004,13/07/2006,Full Time,Uttar Pradesh State Board,Saraswati Vidya Mandir Kanpur,NA,92,10th,14/02/2007,25/03/2010,Full Time,Uttar Pradesh State Board,Radha Niketan College Kanpur,Electronics & Telecommunication,93,12th,14/03/2010,18/09/2014,Full Time,NITA,Motilal Nehru National Institute of Technology Allahabad,Electronics & Telecommunication,81,BE,20/07/2015,22/01/2018,Full Time,NITIE,NITIE Mumbai,Mining Engineering,87,ME,0,29/03/2017,19/09/2018,Full Time,Junior Technical Consultant,TCS,Manufacturing,AGRA,India,,,,,,,,,English,Good,Good,Good,Hindi,Good,Good,Good,Marathi,Good,Good,Good,Guddu,Software Engineer,London,8009800998,,,Naukri.com
88995,Major,Uday,Bhan,uday.bhan@mailinator.com784,7864823784,7894923645,13/04/1990,M,Single,PAN167694784,No,Behind Yaga Baba Hostel Baner,426194,KANPUR,India,579700,1340000,Mumbai,579000,2,1,30,12/06/2004,13/07/2006,Full Time,Uttar Pradesh State Board,Saraswati Vidya Mandir Kanpur,NA,92,10th,14/02/2007,25/03/2010,Full Time,Uttar Pradesh State Board,Radha Niketan College Kanpur,Electronics & Telecommunication,93,12th,14/03/2010,18/09/2014,Full Time,NITA,Motilal Nehru National Institute of Technology Allahabad,Electronics & Telecommunication,81,BE,20/07/2015,22/01/2018,Full Time,NITIE,NITIE Mumbai,Mining Engineering,87,ME,0,29/03/2017,19/09/2018,Full Time,Junior Technical Consultant,TCS,Manufacturing,AGRA,India,,,,,,,,,English,Good,Good,Good,Hindi,Good,Good,Good,Marathi,Good,Good,Good,Guddu,Software Engineer,London,8009800998,,,Naukri.com
88995,Major,Uday,Bhan,uday.bhan@mailinator.com785,7864823785,7894923645,13/04/1990,M,Single,PAN167694785,No,Behind Yaga Baba Hostel Baner,426194,KANPUR,India,579700,1340000,Mumbai,579000,2,1,30,12/06/2004,13/07/2006,Full Time,Uttar Pradesh State Board,Saraswati Vidya Mandir Kanpur,NA,92,10th,14/02/2007,25/03/2010,Full Time,Uttar Pradesh State Board,Radha Niketan College Kanpur,Electronics & Telecommunication,93,12th,14/03/2010,18/09/2014,Full Time,NITA,Motilal Nehru National Institute of Technology Allahabad,Electronics & Telecommunication,81,BE,20/07/2015,22/01/2018,Full Time,NITIE,NITIE Mumbai,Mining Engineering,87,ME,0,29/03/2017,19/09/2018,Full Time,Junior Technical Consultant,TCS,Manufacturing,AGRA,India,,,,,,,,,English,Good,Good,Good,Hindi,Good,Good,Good,Marathi,Good,Good,Good,Guddu,Software Engineer,London,8009800998,,,Naukri.com
88995,Major,Uday,Bhan,uday.bhan@mailinator.com786,7864823786,7894923645,13/04/1990,M,Single,PAN167694786,No,Behind Yaga Baba Hostel Baner,426194,KANPUR,India,579700,1340000,Mumbai,579000,2,1,30,12/06/2004,13/07/2006,Full Time,Uttar Pradesh State Board,Saraswati Vidya Mandir Kanpur,NA,92,10th,14/02/2007,25/03/2010,Full Time,Uttar Pradesh State Board,Radha Niketan College Kanpur,Electronics & Telecommunication,93,12th,14/03/2010,18/09/2014,Full Time,NITA,Motilal Nehru National Institute of Technology Allahabad,Electronics & Telecommunication,81,BE,20/07/2015,22/01/2018,Full Time,NITIE,NITIE Mumbai,Mining Engineering,87,ME,0,29/03/2017,19/09/2018,Full Time,Junior Technical Consultant,TCS,Manufacturing,AGRA,India,,,,,,,,,English,Good,Good,Good,Hindi,Good,Good,Good,Marathi,Good,Good,Good,Guddu,Software Engineer,London,8009800998,,,Naukri.com
88995,Major,Uday,Bhan,uday.bhan@mailinator.com787,7864823787,7894923645,13/04/1990,M,Single,PAN167694787,No,Behind Yaga Baba Hostel Baner,426194,KANPUR,India,579700,1340000,Mumbai,579000,2,1,30,12/06/2004,13/07/2006,Full Time,Uttar Pradesh State Board,Saraswati Vidya Mandir Kanpur,NA,92,10th,14/02/2007,25/03/2010,Full Time,Uttar Pradesh State Board,Radha Niketan College Kanpur,Electronics & Telecommunication,93,12th,14/03/2010,18/09/2014,Full Time,NITA,Motilal Nehru National Institute of Technology Allahabad,Electronics & Telecommunication,81,BE,20/07/2015,22/01/2018,Full Time,NITIE,NITIE Mumbai,Mining Engineering,87,ME,0,29/03/2017,19/09/2018,Full Time,Junior Technical Consultant,TCS,Manufacturing,AGRA,India,,,,,,,,,English,Good,Good,Good,Hindi,Good,Good,Good,Marathi,Good,Good,Good,Guddu,Software Engineer,London,8009800998,,,Naukri.com
88995,Major,Uday,Bhan,uday.bhan@mailinator.com788,7864823788,7894923645,13/04/1990,M,Single,PAN167694788,No,Behind Yaga Baba Hostel Baner,426194,KANPUR,India,579700,1340000,Mumbai,579000,2,1,30,12/06/2004,13/07/2006,Full Time,Uttar Pradesh State Board,Saraswati Vidya Mandir Kanpur,NA,92,10th,14/02/2007,25/03/2010,Full Time,Uttar Pradesh State Board,Radha Niketan College Kanpur,Electronics & Telecommunication,93,12th,14/03/2010,18/09/2014,Full Time,NITA,Motilal Nehru National Institute of Technology Allahabad,Electronics & Telecommunication,81,BE,20/07/2015,22/01/2018,Full Time,NITIE,NITIE Mumbai,Mining Engineering,87,ME,0,29/03/2017,19/09/2018,Full Time,Junior Technical Consultant,TCS,Manufacturing,AGRA,India,,,,,,,,,English,Good,Good,Good,Hindi,Good,Good,Good,Marathi,Good,Good,Good,Guddu,Software Engineer,London,8009800998,,,Naukri.com
88995,Major,Uday,Bhan,uday.bhan@mailinator.com789,7864823789,7894923645,13/04/1990,M,Single,PAN167694789,No,Behind Yaga Baba Hostel Baner,426194,KANPUR,India,579700,1340000,Mumbai,579000,2,1,30,12/06/2004,13/07/2006,Full Time,Uttar Pradesh State Board,Saraswati Vidya Mandir Kanpur,NA,92,10th,14/02/2007,25/03/2010,Full Time,Uttar Pradesh State Board,Radha Niketan College Kanpur,Electronics & Telecommunication,93,12th,14/03/2010,18/09/2014,Full Time,NITA,Motilal Nehru National Institute of Technology Allahabad,Electronics & Telecommunication,81,BE,20/07/2015,22/01/2018,Full Time,NITIE,NITIE Mumbai,Mining Engineering,87,ME,0,29/03/2017,19/09/2018,Full Time,Junior Technical Consultant,TCS,Manufacturing,AGRA,India,,,,,,,,,English,Good,Good,Good,Hindi,Good,Good,Good,Marathi,Good,Good,Good,Guddu,Software Engineer,London,8009800998,,,Naukri.com
88995,Major,Uday,Bhan,uday.bhan@mailinator.com790,7864823790,7894923645,13/04/1990,M,Single,PAN167694790,No,Behind Yaga Baba Hostel Baner,426194,KANPUR,India,579700,1340000,Mumbai,579000,2,1,30,12/06/2004,13/07/2006,Full Time,Uttar Pradesh State Board,Saraswati Vidya Mandir Kanpur,NA,92,10th,14/02/2007,25/03/2010,Full Time,Uttar Pradesh State Board,Radha Niketan College Kanpur,Electronics & Telecommunication,93,12th,14/03/2010,18/09/2014,Full Time,NITA,Motilal Nehru National Institute of Technology Allahabad,Electronics & Telecommunication,81,BE,20/07/2015,22/01/2018,Full Time,NITIE,NITIE Mumbai,Mining Engineering,87,ME,0,29/03/2017,19/09/2018,Full Time,Junior Technical Consultant,TCS,Manufacturing,AGRA,India,,,,,,,,,English,Good,Good,Good,Hindi,Good,Good,Good,Marathi,Good,Good,Good,Guddu,Software Engineer,London,8009800998,,,Naukri.com
88995,Major,Uday,Bhan,uday.bhan@mailinator.com791,7864823791,7894923645,13/04/1990,M,Single,PAN167694791,No,Behind Yaga Baba Hostel Baner,426194,KANPUR,India,579700,1340000,Mumbai,579000,2,1,30,12/06/2004,13/07/2006,Full Time,Uttar Pradesh State Board,Saraswati Vidya Mandir Kanpur,NA,92,10th,14/02/2007,25/03/2010,Full Time,Uttar Pradesh State Board,Radha Niketan College Kanpur,Electronics & Telecommunication,93,12th,14/03/2010,18/09/2014,Full Time,NITA,Motilal Nehru National Institute of Technology Allahabad,Electronics & Telecommunication,81,BE,20/07/2015,22/01/2018,Full Time,NITIE,NITIE Mumbai,Mining Engineering,87,ME,0,29/03/2017,19/09/2018,Full Time,Junior Technical Consultant,TCS,Manufacturing,AGRA,India,,,,,,,,,English,Good,Good,Good,Hindi,Good,Good,Good,Marathi,Good,Good,Good,Guddu,Software Engineer,London,8009800998,,,Naukri.com
88995,Major,Uday,Bhan,uday.bhan@mailinator.com792,7864823792,7894923645,13/04/1990,M,Single,PAN167694792,No,Behind Yaga Baba Hostel Baner,426194,KANPUR,India,579700,1340000,Mumbai,579000,2,1,30,12/06/2004,13/07/2006,Full Time,Uttar Pradesh State Board,Saraswati Vidya Mandir Kanpur,NA,92,10th,14/02/2007,25/03/2010,Full Time,Uttar Pradesh State Board,Radha Niketan College Kanpur,Electronics & Telecommunication,93,12th,14/03/2010,18/09/2014,Full Time,NITA,Motilal Nehru National Institute of Technology Allahabad,Electronics & Telecommunication,81,BE,20/07/2015,22/01/2018,Full Time,NITIE,NITIE Mumbai,Mining Engineering,87,ME,0,29/03/2017,19/09/2018,Full Time,Junior Technical Consultant,TCS,Manufacturing,AGRA,India,,,,,,,,,English,Good,Good,Good,Hindi,Good,Good,Good,Marathi,Good,Good,Good,Guddu,Software Engineer,London,8009800998,,,Naukri.com
88995,Major,Uday,Bhan,uday.bhan@mailinator.com793,7864823793,7894923645,13/04/1990,M,Single,PAN167694793,No,Behind Yaga Baba Hostel Baner,426194,KANPUR,India,579700,1340000,Mumbai,579000,2,1,30,12/06/2004,13/07/2006,Full Time,Uttar Pradesh State Board,Saraswati Vidya Mandir Kanpur,NA,92,10th,14/02/2007,25/03/2010,Full Time,Uttar Pradesh State Board,Radha Niketan College Kanpur,Electronics & Telecommunication,93,12th,14/03/2010,18/09/2014,Full Time,NITA,Motilal Nehru National Institute of Technology Allahabad,Electronics & Telecommunication,81,BE,20/07/2015,22/01/2018,Full Time,NITIE,NITIE Mumbai,Mining Engineering,87,ME,0,29/03/2017,19/09/2018,Full Time,Junior Technical Consultant,TCS,Manufacturing,AGRA,India,,,,,,,,,English,Good,Good,Good,Hindi,Good,Good,Good,Marathi,Good,Good,Good,Guddu,Software Engineer,London,8009800998,,,Naukri.com
88995,Major,Uday,Bhan,uday.bhan@mailinator.com794,7864823794,7894923645,13/04/1990,M,Single,PAN167694794,No,Behind Yaga Baba Hostel Baner,426194,KANPUR,India,579700,1340000,Mumbai,579000,2,1,30,12/06/2004,13/07/2006,Full Time,Uttar Pradesh State Board,Saraswati Vidya Mandir Kanpur,NA,92,10th,14/02/2007,25/03/2010,Full Time,Uttar Pradesh State Board,Radha Niketan College Kanpur,Electronics & Telecommunication,93,12th,14/03/2010,18/09/2014,Full Time,NITA,Motilal Nehru National Institute of Technology Allahabad,Electronics & Telecommunication,81,BE,20/07/2015,22/01/2018,Full Time,NITIE,NITIE Mumbai,Mining Engineering,87,ME,0,29/03/2017,19/09/2018,Full Time,Junior Technical Consultant,TCS,Manufacturing,AGRA,India,,,,,,,,,English,Good,Good,Good,Hindi,Good,Good,Good,Marathi,Good,Good,Good,Guddu,Software Engineer,London,8009800998,,,Naukri.com
88995,Major,Uday,Bhan,uday.bhan@mailinator.com795,7864823795,7894923645,13/04/1990,M,Single,PAN167694795,No,Behind Yaga Baba Hostel Baner,426194,KANPUR,India,579700,1340000,Mumbai,579000,2,1,30,12/06/2004,13/07/2006,Full Time,Uttar Pradesh State Board,Saraswati Vidya Mandir Kanpur,NA,92,10th,14/02/2007,25/03/2010,Full Time,Uttar Pradesh State Board,Radha Niketan College Kanpur,Electronics & Telecommunication,93,12th,14/03/2010,18/09/2014,Full Time,NITA,Motilal Nehru National Institute of Technology Allahabad,Electronics & Telecommunication,81,BE,20/07/2015,22/01/2018,Full Time,NITIE,NITIE Mumbai,Mining Engineering,87,ME,0,29/03/2017,19/09/2018,Full Time,Junior Technical Consultant,TCS,Manufacturing,AGRA,India,,,,,,,,,English,Good,Good,Good,Hindi,Good,Good,Good,Marathi,Good,Good,Good,Guddu,Software Engineer,London,8009800998,,,Naukri.com
88995,Major,Uday,Bhan,uday.bhan@mailinator.com796,7864823796,7894923645,13/04/1990,M,Single,PAN167694796,No,Behind Yaga Baba Hostel Baner,426194,KANPUR,India,579700,1340000,Mumbai,579000,2,1,30,12/06/2004,13/07/2006,Full Time,Uttar Pradesh State Board,Saraswati Vidya Mandir Kanpur,NA,92,10th,14/02/2007,25/03/2010,Full Time,Uttar Pradesh State Board,Radha Niketan College Kanpur,Electronics & Telecommunication,93,12th,14/03/2010,18/09/2014,Full Time,NITA,Motilal Nehru National Institute of Technology Allahabad,Electronics & Telecommunication,81,BE,20/07/2015,22/01/2018,Full Time,NITIE,NITIE Mumbai,Mining Engineering,87,ME,0,29/03/2017,19/09/2018,Full Time,Junior Technical Consultant,TCS,Manufacturing,AGRA,India,,,,,,,,,English,Good,Good,Good,Hindi,Good,Good,Good,Marathi,Good,Good,Good,Guddu,Software Engineer,London,8009800998,,,Naukri.com
88995,Major,Uday,Bhan,uday.bhan@mailinator.com797,7864823797,7894923645,13/04/1990,M,Single,PAN167694797,No,Behind Yaga Baba Hostel Baner,426194,KANPUR,India,579700,1340000,Mumbai,579000,2,1,30,12/06/2004,13/07/2006,Full Time,Uttar Pradesh State Board,Saraswati Vidya Mandir Kanpur,NA,92,10th,14/02/2007,25/03/2010,Full Time,Uttar Pradesh State Board,Radha Niketan College Kanpur,Electronics & Telecommunication,93,12th,14/03/2010,18/09/2014,Full Time,NITA,Motilal Nehru National Institute of Technology Allahabad,Electronics & Telecommunication,81,BE,20/07/2015,22/01/2018,Full Time,NITIE,NITIE Mumbai,Mining Engineering,87,ME,0,29/03/2017,19/09/2018,Full Time,Junior Technical Consultant,TCS,Manufacturing,AGRA,India,,,,,,,,,English,Good,Good,Good,Hindi,Good,Good,Good,Marathi,Good,Good,Good,Guddu,Software Engineer,London,8009800998,,,Naukri.com
88995,Major,Uday,Bhan,uday.bhan@mailinator.com798,7864823798,7894923645,13/04/1990,M,Single,PAN167694798,No,Behind Yaga Baba Hostel Baner,426194,KANPUR,India,579700,1340000,Mumbai,579000,2,1,30,12/06/2004,13/07/2006,Full Time,Uttar Pradesh State Board,Saraswati Vidya Mandir Kanpur,NA,92,10th,14/02/2007,25/03/2010,Full Time,Uttar Pradesh State Board,Radha Niketan College Kanpur,Electronics & Telecommunication,93,12th,14/03/2010,18/09/2014,Full Time,NITA,Motilal Nehru National Institute of Technology Allahabad,Electronics & Telecommunication,81,BE,20/07/2015,22/01/2018,Full Time,NITIE,NITIE Mumbai,Mining Engineering,87,ME,0,29/03/2017,19/09/2018,Full Time,Junior Technical Consultant,TCS,Manufacturing,AGRA,India,,,,,,,,,English,Good,Good,Good,Hindi,Good,Good,Good,Marathi,Good,Good,Good,Guddu,Software Engineer,London,8009800998,,,Naukri.com
88995,Major,Uday,Bhan,uday.bhan@mailinator.com799,7864823799,7894923645,13/04/1990,M,Single,PAN167694799,No,Behind Yaga Baba Hostel Baner,426194,KANPUR,India,579700,1340000,Mumbai,579000,2,1,30,12/06/2004,13/07/2006,Full Time,Uttar Pradesh State Board,Saraswati Vidya Mandir Kanpur,NA,92,10th,14/02/2007,25/03/2010,Full Time,Uttar Pradesh State Board,Radha Niketan College Kanpur,Electronics & Telecommunication,93,12th,14/03/2010,18/09/2014,Full Time,NITA,Motilal Nehru National Institute of Technology Allahabad,Electronics & Telecommunication,81,BE,20/07/2015,22/01/2018,Full Time,NITIE,NITIE Mumbai,Mining Engineering,87,ME,0,29/03/2017,19/09/2018,Full Time,Junior Technical Consultant,TCS,Manufacturing,AGRA,India,,,,,,,,,English,Good,Good,Good,Hindi,Good,Good,Good,Marathi,Good,Good,Good,Guddu,Software Engineer,London,8009800998,,,Naukri.com
88995,Major,Uday,Bhan,uday.bhan@mailinator.com800,7864823800,7894923645,13/04/1990,M,Single,PAN167694800,No,Behind Yaga Baba Hostel Baner,426194,KANPUR,India,579700,1340000,Mumbai,579000,2,1,30,12/06/2004,13/07/2006,Full Time,Uttar Pradesh State Board,Saraswati Vidya Mandir Kanpur,NA,92,10th,14/02/2007,25/03/2010,Full Time,Uttar Pradesh State Board,Radha Niketan College Kanpur,Electronics & Telecommunication,93,12th,14/03/2010,18/09/2014,Full Time,NITA,Motilal Nehru National Institute of Technology Allahabad,Electronics & Telecommunication,81,BE,20/07/2015,22/01/2018,Full Time,NITIE,NITIE Mumbai,Mining Engineering,87,ME,0,29/03/2017,19/09/2018,Full Time,Junior Technical Consultant,TCS,Manufacturing,AGRA,India,,,,,,,,,English,Good,Good,Good,Hindi,Good,Good,Good,Marathi,Good,Good,Good,Guddu,Software Engineer,London,8009800998,,,Naukri.com
88995,Major,Uday,Bhan,uday.bhan@mailinator.com801,7864823801,7894923645,13/04/1990,M,Single,PAN167694801,No,Behind Yaga Baba Hostel Baner,426194,KANPUR,India,579700,1340000,Mumbai,579000,2,1,30,12/06/2004,13/07/2006,Full Time,Uttar Pradesh State Board,Saraswati Vidya Mandir Kanpur,NA,92,10th,14/02/2007,25/03/2010,Full Time,Uttar Pradesh State Board,Radha Niketan College Kanpur,Electronics & Telecommunication,93,12th,14/03/2010,18/09/2014,Full Time,NITA,Motilal Nehru National Institute of Technology Allahabad,Electronics & Telecommunication,81,BE,20/07/2015,22/01/2018,Full Time,NITIE,NITIE Mumbai,Mining Engineering,87,ME,0,29/03/2017,19/09/2018,Full Time,Junior Technical Consultant,TCS,Manufacturing,AGRA,India,,,,,,,,,English,Good,Good,Good,Hindi,Good,Good,Good,Marathi,Good,Good,Good,Guddu,Software Engineer,London,8009800998,,,Naukri.com
88995,Major,Uday,Bhan,uday.bhan@mailinator.com802,7864823802,7894923645,13/04/1990,M,Single,PAN167694802,No,Behind Yaga Baba Hostel Baner,426194,KANPUR,India,579700,1340000,Mumbai,579000,2,1,30,12/06/2004,13/07/2006,Full Time,Uttar Pradesh State Board,Saraswati Vidya Mandir Kanpur,NA,92,10th,14/02/2007,25/03/2010,Full Time,Uttar Pradesh State Board,Radha Niketan College Kanpur,Electronics & Telecommunication,93,12th,14/03/2010,18/09/2014,Full Time,NITA,Motilal Nehru National Institute of Technology Allahabad,Electronics & Telecommunication,81,BE,20/07/2015,22/01/2018,Full Time,NITIE,NITIE Mumbai,Mining Engineering,87,ME,0,29/03/2017,19/09/2018,Full Time,Junior Technical Consultant,TCS,Manufacturing,AGRA,India,,,,,,,,,English,Good,Good,Good,Hindi,Good,Good,Good,Marathi,Good,Good,Good,Guddu,Software Engineer,London,8009800998,,,Naukri.com
88995,Major,Uday,Bhan,uday.bhan@mailinator.com803,7864823803,7894923645,13/04/1990,M,Single,PAN167694803,No,Behind Yaga Baba Hostel Baner,426194,KANPUR,India,579700,1340000,Mumbai,579000,2,1,30,12/06/2004,13/07/2006,Full Time,Uttar Pradesh State Board,Saraswati Vidya Mandir Kanpur,NA,92,10th,14/02/2007,25/03/2010,Full Time,Uttar Pradesh State Board,Radha Niketan College Kanpur,Electronics & Telecommunication,93,12th,14/03/2010,18/09/2014,Full Time,NITA,Motilal Nehru National Institute of Technology Allahabad,Electronics & Telecommunication,81,BE,20/07/2015,22/01/2018,Full Time,NITIE,NITIE Mumbai,Mining Engineering,87,ME,0,29/03/2017,19/09/2018,Full Time,Junior Technical Consultant,TCS,Manufacturing,AGRA,India,,,,,,,,,English,Good,Good,Good,Hindi,Good,Good,Good,Marathi,Good,Good,Good,Guddu,Software Engineer,London,8009800998,,,Naukri.com
88995,Major,Uday,Bhan,uday.bhan@mailinator.com804,7864823804,7894923645,13/04/1990,M,Single,PAN167694804,No,Behind Yaga Baba Hostel Baner,426194,KANPUR,India,579700,1340000,Mumbai,579000,2,1,30,12/06/2004,13/07/2006,Full Time,Uttar Pradesh State Board,Saraswati Vidya Mandir Kanpur,NA,92,10th,14/02/2007,25/03/2010,Full Time,Uttar Pradesh State Board,Radha Niketan College Kanpur,Electronics & Telecommunication,93,12th,14/03/2010,18/09/2014,Full Time,NITA,Motilal Nehru National Institute of Technology Allahabad,Electronics & Telecommunication,81,BE,20/07/2015,22/01/2018,Full Time,NITIE,NITIE Mumbai,Mining Engineering,87,ME,0,29/03/2017,19/09/2018,Full Time,Junior Technical Consultant,TCS,Manufacturing,AGRA,India,,,,,,,,,English,Good,Good,Good,Hindi,Good,Good,Good,Marathi,Good,Good,Good,Guddu,Software Engineer,London,8009800998,,,Naukri.com
88995,Major,Uday,Bhan,uday.bhan@mailinator.com805,7864823805,7894923645,13/04/1990,M,Single,PAN167694805,No,Behind Yaga Baba Hostel Baner,426194,KANPUR,India,579700,1340000,Mumbai,579000,2,1,30,12/06/2004,13/07/2006,Full Time,Uttar Pradesh State Board,Saraswati Vidya Mandir Kanpur,NA,92,10th,14/02/2007,25/03/2010,Full Time,Uttar Pradesh State Board,Radha Niketan College Kanpur,Electronics & Telecommunication,93,12th,14/03/2010,18/09/2014,Full Time,NITA,Motilal Nehru National Institute of Technology Allahabad,Electronics & Telecommunication,81,BE,20/07/2015,22/01/2018,Full Time,NITIE,NITIE Mumbai,Mining Engineering,87,ME,0,29/03/2017,19/09/2018,Full Time,Junior Technical Consultant,TCS,Manufacturing,AGRA,India,,,,,,,,,English,Good,Good,Good,Hindi,Good,Good,Good,Marathi,Good,Good,Good,Guddu,Software Engineer,London,8009800998,,,Naukri.com
88995,Major,Uday,Bhan,uday.bhan@mailinator.com806,7864823806,7894923645,13/04/1990,M,Single,PAN167694806,No,Behind Yaga Baba Hostel Baner,426194,KANPUR,India,579700,1340000,Mumbai,579000,2,1,30,12/06/2004,13/07/2006,Full Time,Uttar Pradesh State Board,Saraswati Vidya Mandir Kanpur,NA,92,10th,14/02/2007,25/03/2010,Full Time,Uttar Pradesh State Board,Radha Niketan College Kanpur,Electronics & Telecommunication,93,12th,14/03/2010,18/09/2014,Full Time,NITA,Motilal Nehru National Institute of Technology Allahabad,Electronics & Telecommunication,81,BE,20/07/2015,22/01/2018,Full Time,NITIE,NITIE Mumbai,Mining Engineering,87,ME,0,29/03/2017,19/09/2018,Full Time,Junior Technical Consultant,TCS,Manufacturing,AGRA,India,,,,,,,,,English,Good,Good,Good,Hindi,Good,Good,Good,Marathi,Good,Good,Good,Guddu,Software Engineer,London,8009800998,,,Naukri.com
88995,Major,Uday,Bhan,uday.bhan@mailinator.com807,7864823807,7894923645,13/04/1990,M,Single,PAN167694807,No,Behind Yaga Baba Hostel Baner,426194,KANPUR,India,579700,1340000,Mumbai,579000,2,1,30,12/06/2004,13/07/2006,Full Time,Uttar Pradesh State Board,Saraswati Vidya Mandir Kanpur,NA,92,10th,14/02/2007,25/03/2010,Full Time,Uttar Pradesh State Board,Radha Niketan College Kanpur,Electronics & Telecommunication,93,12th,14/03/2010,18/09/2014,Full Time,NITA,Motilal Nehru National Institute of Technology Allahabad,Electronics & Telecommunication,81,BE,20/07/2015,22/01/2018,Full Time,NITIE,NITIE Mumbai,Mining Engineering,87,ME,0,29/03/2017,19/09/2018,Full Time,Junior Technical Consultant,TCS,Manufacturing,AGRA,India,,,,,,,,,English,Good,Good,Good,Hindi,Good,Good,Good,Marathi,Good,Good,Good,Guddu,Software Engineer,London,8009800998,,,Naukri.com
88995,Major,Uday,Bhan,uday.bhan@mailinator.com808,7864823808,7894923645,13/04/1990,M,Single,PAN167694808,No,Behind Yaga Baba Hostel Baner,426194,KANPUR,India,579700,1340000,Mumbai,579000,2,1,30,12/06/2004,13/07/2006,Full Time,Uttar Pradesh State Board,Saraswati Vidya Mandir Kanpur,NA,92,10th,14/02/2007,25/03/2010,Full Time,Uttar Pradesh State Board,Radha Niketan College Kanpur,Electronics & Telecommunication,93,12th,14/03/2010,18/09/2014,Full Time,NITA,Motilal Nehru National Institute of Technology Allahabad,Electronics & Telecommunication,81,BE,20/07/2015,22/01/2018,Full Time,NITIE,NITIE Mumbai,Mining Engineering,87,ME,0,29/03/2017,19/09/2018,Full Time,Junior Technical Consultant,TCS,Manufacturing,AGRA,India,,,,,,,,,English,Good,Good,Good,Hindi,Good,Good,Good,Marathi,Good,Good,Good,Guddu,Software Engineer,London,8009800998,,,Naukri.com
88995,Major,Uday,Bhan,uday.bhan@mailinator.com809,7864823809,7894923645,13/04/1990,M,Single,PAN167694809,No,Behind Yaga Baba Hostel Baner,426194,KANPUR,India,579700,1340000,Mumbai,579000,2,1,30,12/06/2004,13/07/2006,Full Time,Uttar Pradesh State Board,Saraswati Vidya Mandir Kanpur,NA,92,10th,14/02/2007,25/03/2010,Full Time,Uttar Pradesh State Board,Radha Niketan College Kanpur,Electronics & Telecommunication,93,12th,14/03/2010,18/09/2014,Full Time,NITA,Motilal Nehru National Institute of Technology Allahabad,Electronics & Telecommunication,81,BE,20/07/2015,22/01/2018,Full Time,NITIE,NITIE Mumbai,Mining Engineering,87,ME,0,29/03/2017,19/09/2018,Full Time,Junior Technical Consultant,TCS,Manufacturing,AGRA,India,,,,,,,,,English,Good,Good,Good,Hindi,Good,Good,Good,Marathi,Good,Good,Good,Guddu,Software Engineer,London,8009800998,,,Naukri.com
88995,Major,Uday,Bhan,uday.bhan@mailinator.com810,7864823810,7894923645,13/04/1990,M,Single,PAN167694810,No,Behind Yaga Baba Hostel Baner,426194,KANPUR,India,579700,1340000,Mumbai,579000,2,1,30,12/06/2004,13/07/2006,Full Time,Uttar Pradesh State Board,Saraswati Vidya Mandir Kanpur,NA,92,10th,14/02/2007,25/03/2010,Full Time,Uttar Pradesh State Board,Radha Niketan College Kanpur,Electronics & Telecommunication,93,12th,14/03/2010,18/09/2014,Full Time,NITA,Motilal Nehru National Institute of Technology Allahabad,Electronics & Telecommunication,81,BE,20/07/2015,22/01/2018,Full Time,NITIE,NITIE Mumbai,Mining Engineering,87,ME,0,29/03/2017,19/09/2018,Full Time,Junior Technical Consultant,TCS,Manufacturing,AGRA,India,,,,,,,,,English,Good,Good,Good,Hindi,Good,Good,Good,Marathi,Good,Good,Good,Guddu,Software Engineer,London,8009800998,,,Naukri.com
88995,Major,Uday,Bhan,uday.bhan@mailinator.com811,7864823811,7894923645,13/04/1990,M,Single,PAN167694811,No,Behind Yaga Baba Hostel Baner,426194,KANPUR,India,579700,1340000,Mumbai,579000,2,1,30,12/06/2004,13/07/2006,Full Time,Uttar Pradesh State Board,Saraswati Vidya Mandir Kanpur,NA,92,10th,14/02/2007,25/03/2010,Full Time,Uttar Pradesh State Board,Radha Niketan College Kanpur,Electronics & Telecommunication,93,12th,14/03/2010,18/09/2014,Full Time,NITA,Motilal Nehru National Institute of Technology Allahabad,Electronics & Telecommunication,81,BE,20/07/2015,22/01/2018,Full Time,NITIE,NITIE Mumbai,Mining Engineering,87,ME,0,29/03/2017,19/09/2018,Full Time,Junior Technical Consultant,TCS,Manufacturing,AGRA,India,,,,,,,,,English,Good,Good,Good,Hindi,Good,Good,Good,Marathi,Good,Good,Good,Guddu,Software Engineer,London,8009800998,,,Naukri.com
88995,Major,Uday,Bhan,uday.bhan@mailinator.com812,7864823812,7894923645,13/04/1990,M,Single,PAN167694812,No,Behind Yaga Baba Hostel Baner,426194,KANPUR,India,579700,1340000,Mumbai,579000,2,1,30,12/06/2004,13/07/2006,Full Time,Uttar Pradesh State Board,Saraswati Vidya Mandir Kanpur,NA,92,10th,14/02/2007,25/03/2010,Full Time,Uttar Pradesh State Board,Radha Niketan College Kanpur,Electronics & Telecommunication,93,12th,14/03/2010,18/09/2014,Full Time,NITA,Motilal Nehru National Institute of Technology Allahabad,Electronics & Telecommunication,81,BE,20/07/2015,22/01/2018,Full Time,NITIE,NITIE Mumbai,Mining Engineering,87,ME,0,29/03/2017,19/09/2018,Full Time,Junior Technical Consultant,TCS,Manufacturing,AGRA,India,,,,,,,,,English,Good,Good,Good,Hindi,Good,Good,Good,Marathi,Good,Good,Good,Guddu,Software Engineer,London,8009800998,,,Naukri.com
88995,Major,Uday,Bhan,uday.bhan@mailinator.com813,7864823813,7894923645,13/04/1990,M,Single,PAN167694813,No,Behind Yaga Baba Hostel Baner,426194,KANPUR,India,579700,1340000,Mumbai,579000,2,1,30,12/06/2004,13/07/2006,Full Time,Uttar Pradesh State Board,Saraswati Vidya Mandir Kanpur,NA,92,10th,14/02/2007,25/03/2010,Full Time,Uttar Pradesh State Board,Radha Niketan College Kanpur,Electronics & Telecommunication,93,12th,14/03/2010,18/09/2014,Full Time,NITA,Motilal Nehru National Institute of Technology Allahabad,Electronics & Telecommunication,81,BE,20/07/2015,22/01/2018,Full Time,NITIE,NITIE Mumbai,Mining Engineering,87,ME,0,29/03/2017,19/09/2018,Full Time,Junior Technical Consultant,TCS,Manufacturing,AGRA,India,,,,,,,,,English,Good,Good,Good,Hindi,Good,Good,Good,Marathi,Good,Good,Good,Guddu,Software Engineer,London,8009800998,,,Naukri.com
88995,Major,Uday,Bhan,uday.bhan@mailinator.com814,7864823814,7894923645,13/04/1990,M,Single,PAN167694814,No,Behind Yaga Baba Hostel Baner,426194,KANPUR,India,579700,1340000,Mumbai,579000,2,1,30,12/06/2004,13/07/2006,Full Time,Uttar Pradesh State Board,Saraswati Vidya Mandir Kanpur,NA,92,10th,14/02/2007,25/03/2010,Full Time,Uttar Pradesh State Board,Radha Niketan College Kanpur,Electronics & Telecommunication,93,12th,14/03/2010,18/09/2014,Full Time,NITA,Motilal Nehru National Institute of Technology Allahabad,Electronics & Telecommunication,81,BE,20/07/2015,22/01/2018,Full Time,NITIE,NITIE Mumbai,Mining Engineering,87,ME,0,29/03/2017,19/09/2018,Full Time,Junior Technical Consultant,TCS,Manufacturing,AGRA,India,,,,,,,,,English,Good,Good,Good,Hindi,Good,Good,Good,Marathi,Good,Good,Good,Guddu,Software Engineer,London,8009800998,,,Naukri.com
88995,Major,Uday,Bhan,uday.bhan@mailinator.com815,7864823815,7894923645,13/04/1990,M,Single,PAN167694815,No,Behind Yaga Baba Hostel Baner,426194,KANPUR,India,579700,1340000,Mumbai,579000,2,1,30,12/06/2004,13/07/2006,Full Time,Uttar Pradesh State Board,Saraswati Vidya Mandir Kanpur,NA,92,10th,14/02/2007,25/03/2010,Full Time,Uttar Pradesh State Board,Radha Niketan College Kanpur,Electronics & Telecommunication,93,12th,14/03/2010,18/09/2014,Full Time,NITA,Motilal Nehru National Institute of Technology Allahabad,Electronics & Telecommunication,81,BE,20/07/2015,22/01/2018,Full Time,NITIE,NITIE Mumbai,Mining Engineering,87,ME,0,29/03/2017,19/09/2018,Full Time,Junior Technical Consultant,TCS,Manufacturing,AGRA,India,,,,,,,,,English,Good,Good,Good,Hindi,Good,Good,Good,Marathi,Good,Good,Good,Guddu,Software Engineer,London,8009800998,,,Naukri.com
88995,Major,Uday,Bhan,uday.bhan@mailinator.com816,7864823816,7894923645,13/04/1990,M,Single,PAN167694816,No,Behind Yaga Baba Hostel Baner,426194,KANPUR,India,579700,1340000,Mumbai,579000,2,1,30,12/06/2004,13/07/2006,Full Time,Uttar Pradesh State Board,Saraswati Vidya Mandir Kanpur,NA,92,10th,14/02/2007,25/03/2010,Full Time,Uttar Pradesh State Board,Radha Niketan College Kanpur,Electronics & Telecommunication,93,12th,14/03/2010,18/09/2014,Full Time,NITA,Motilal Nehru National Institute of Technology Allahabad,Electronics & Telecommunication,81,BE,20/07/2015,22/01/2018,Full Time,NITIE,NITIE Mumbai,Mining Engineering,87,ME,0,29/03/2017,19/09/2018,Full Time,Junior Technical Consultant,TCS,Manufacturing,AGRA,India,,,,,,,,,English,Good,Good,Good,Hindi,Good,Good,Good,Marathi,Good,Good,Good,Guddu,Software Engineer,London,8009800998,,,Naukri.com
88995,Major,Uday,Bhan,uday.bhan@mailinator.com817,7864823817,7894923645,13/04/1990,M,Single,PAN167694817,No,Behind Yaga Baba Hostel Baner,426194,KANPUR,India,579700,1340000,Mumbai,579000,2,1,30,12/06/2004,13/07/2006,Full Time,Uttar Pradesh State Board,Saraswati Vidya Mandir Kanpur,NA,92,10th,14/02/2007,25/03/2010,Full Time,Uttar Pradesh State Board,Radha Niketan College Kanpur,Electronics & Telecommunication,93,12th,14/03/2010,18/09/2014,Full Time,NITA,Motilal Nehru National Institute of Technology Allahabad,Electronics & Telecommunication,81,BE,20/07/2015,22/01/2018,Full Time,NITIE,NITIE Mumbai,Mining Engineering,87,ME,0,29/03/2017,19/09/2018,Full Time,Junior Technical Consultant,TCS,Manufacturing,AGRA,India,,,,,,,,,English,Good,Good,Good,Hindi,Good,Good,Good,Marathi,Good,Good,Good,Guddu,Software Engineer,London,8009800998,,,Naukri.com
88995,Major,Uday,Bhan,uday.bhan@mailinator.com818,7864823818,7894923645,13/04/1990,M,Single,PAN167694818,No,Behind Yaga Baba Hostel Baner,426194,KANPUR,India,579700,1340000,Mumbai,579000,2,1,30,12/06/2004,13/07/2006,Full Time,Uttar Pradesh State Board,Saraswati Vidya Mandir Kanpur,NA,92,10th,14/02/2007,25/03/2010,Full Time,Uttar Pradesh State Board,Radha Niketan College Kanpur,Electronics & Telecommunication,93,12th,14/03/2010,18/09/2014,Full Time,NITA,Motilal Nehru National Institute of Technology Allahabad,Electronics & Telecommunication,81,BE,20/07/2015,22/01/2018,Full Time,NITIE,NITIE Mumbai,Mining Engineering,87,ME,0,29/03/2017,19/09/2018,Full Time,Junior Technical Consultant,TCS,Manufacturing,AGRA,India,,,,,,,,,English,Good,Good,Good,Hindi,Good,Good,Good,Marathi,Good,Good,Good,Guddu,Software Engineer,London,8009800998,,,Naukri.com
88995,Major,Uday,Bhan,uday.bhan@mailinator.com819,7864823819,7894923645,13/04/1990,M,Single,PAN167694819,No,Behind Yaga Baba Hostel Baner,426194,KANPUR,India,579700,1340000,Mumbai,579000,2,1,30,12/06/2004,13/07/2006,Full Time,Uttar Pradesh State Board,Saraswati Vidya Mandir Kanpur,NA,92,10th,14/02/2007,25/03/2010,Full Time,Uttar Pradesh State Board,Radha Niketan College Kanpur,Electronics & Telecommunication,93,12th,14/03/2010,18/09/2014,Full Time,NITA,Motilal Nehru National Institute of Technology Allahabad,Electronics & Telecommunication,81,BE,20/07/2015,22/01/2018,Full Time,NITIE,NITIE Mumbai,Mining Engineering,87,ME,0,29/03/2017,19/09/2018,Full Time,Junior Technical Consultant,TCS,Manufacturing,AGRA,India,,,,,,,,,English,Good,Good,Good,Hindi,Good,Good,Good,Marathi,Good,Good,Good,Guddu,Software Engineer,London,8009800998,,,Naukri.com
88995,Major,Uday,Bhan,uday.bhan@mailinator.com820,7864823820,7894923645,13/04/1990,M,Single,PAN167694820,No,Behind Yaga Baba Hostel Baner,426194,KANPUR,India,579700,1340000,Mumbai,579000,2,1,30,12/06/2004,13/07/2006,Full Time,Uttar Pradesh State Board,Saraswati Vidya Mandir Kanpur,NA,92,10th,14/02/2007,25/03/2010,Full Time,Uttar Pradesh State Board,Radha Niketan College Kanpur,Electronics & Telecommunication,93,12th,14/03/2010,18/09/2014,Full Time,NITA,Motilal Nehru National Institute of Technology Allahabad,Electronics & Telecommunication,81,BE,20/07/2015,22/01/2018,Full Time,NITIE,NITIE Mumbai,Mining Engineering,87,ME,0,29/03/2017,19/09/2018,Full Time,Junior Technical Consultant,TCS,Manufacturing,AGRA,India,,,,,,,,,English,Good,Good,Good,Hindi,Good,Good,Good,Marathi,Good,Good,Good,Guddu,Software Engineer,London,8009800998,,,Naukri.com
88995,Major,Uday,Bhan,uday.bhan@mailinator.com821,7864823821,7894923645,13/04/1990,M,Single,PAN167694821,No,Behind Yaga Baba Hostel Baner,426194,KANPUR,India,579700,1340000,Mumbai,579000,2,1,30,12/06/2004,13/07/2006,Full Time,Uttar Pradesh State Board,Saraswati Vidya Mandir Kanpur,NA,92,10th,14/02/2007,25/03/2010,Full Time,Uttar Pradesh State Board,Radha Niketan College Kanpur,Electronics & Telecommunication,93,12th,14/03/2010,18/09/2014,Full Time,NITA,Motilal Nehru National Institute of Technology Allahabad,Electronics & Telecommunication,81,BE,20/07/2015,22/01/2018,Full Time,NITIE,NITIE Mumbai,Mining Engineering,87,ME,0,29/03/2017,19/09/2018,Full Time,Junior Technical Consultant,TCS,Manufacturing,AGRA,India,,,,,,,,,English,Good,Good,Good,Hindi,Good,Good,Good,Marathi,Good,Good,Good,Guddu,Software Engineer,London,8009800998,,,Naukri.com
88995,Major,Uday,Bhan,uday.bhan@mailinator.com822,7864823822,7894923645,13/04/1990,M,Single,PAN167694822,No,Behind Yaga Baba Hostel Baner,426194,KANPUR,India,579700,1340000,Mumbai,579000,2,1,30,12/06/2004,13/07/2006,Full Time,Uttar Pradesh State Board,Saraswati Vidya Mandir Kanpur,NA,92,10th,14/02/2007,25/03/2010,Full Time,Uttar Pradesh State Board,Radha Niketan College Kanpur,Electronics & Telecommunication,93,12th,14/03/2010,18/09/2014,Full Time,NITA,Motilal Nehru National Institute of Technology Allahabad,Electronics & Telecommunication,81,BE,20/07/2015,22/01/2018,Full Time,NITIE,NITIE Mumbai,Mining Engineering,87,ME,0,29/03/2017,19/09/2018,Full Time,Junior Technical Consultant,TCS,Manufacturing,AGRA,India,,,,,,,,,English,Good,Good,Good,Hindi,Good,Good,Good,Marathi,Good,Good,Good,Guddu,Software Engineer,London,8009800998,,,Naukri.com
88995,Major,Uday,Bhan,uday.bhan@mailinator.com823,7864823823,7894923645,13/04/1990,M,Single,PAN167694823,No,Behind Yaga Baba Hostel Baner,426194,KANPUR,India,579700,1340000,Mumbai,579000,2,1,30,12/06/2004,13/07/2006,Full Time,Uttar Pradesh State Board,Saraswati Vidya Mandir Kanpur,NA,92,10th,14/02/2007,25/03/2010,Full Time,Uttar Pradesh State Board,Radha Niketan College Kanpur,Electronics & Telecommunication,93,12th,14/03/2010,18/09/2014,Full Time,NITA,Motilal Nehru National Institute of Technology Allahabad,Electronics & Telecommunication,81,BE,20/07/2015,22/01/2018,Full Time,NITIE,NITIE Mumbai,Mining Engineering,87,ME,0,29/03/2017,19/09/2018,Full Time,Junior Technical Consultant,TCS,Manufacturing,AGRA,India,,,,,,,,,English,Good,Good,Good,Hindi,Good,Good,Good,Marathi,Good,Good,Good,Guddu,Software Engineer,London,8009800998,,,Naukri.com
88995,Major,Uday,Bhan,uday.bhan@mailinator.com824,7864823824,7894923645,13/04/1990,M,Single,PAN167694824,No,Behind Yaga Baba Hostel Baner,426194,KANPUR,India,579700,1340000,Mumbai,579000,2,1,30,12/06/2004,13/07/2006,Full Time,Uttar Pradesh State Board,Saraswati Vidya Mandir Kanpur,NA,92,10th,14/02/2007,25/03/2010,Full Time,Uttar Pradesh State Board,Radha Niketan College Kanpur,Electronics & Telecommunication,93,12th,14/03/2010,18/09/2014,Full Time,NITA,Motilal Nehru National Institute of Technology Allahabad,Electronics & Telecommunication,81,BE,20/07/2015,22/01/2018,Full Time,NITIE,NITIE Mumbai,Mining Engineering,87,ME,0,29/03/2017,19/09/2018,Full Time,Junior Technical Consultant,TCS,Manufacturing,AGRA,India,,,,,,,,,English,Good,Good,Good,Hindi,Good,Good,Good,Marathi,Good,Good,Good,Guddu,Software Engineer,London,8009800998,,,Naukri.com
88995,Major,Uday,Bhan,uday.bhan@mailinator.com825,7864823825,7894923645,13/04/1990,M,Single,PAN167694825,No,Behind Yaga Baba Hostel Baner,426194,KANPUR,India,579700,1340000,Mumbai,579000,2,1,30,12/06/2004,13/07/2006,Full Time,Uttar Pradesh State Board,Saraswati Vidya Mandir Kanpur,NA,92,10th,14/02/2007,25/03/2010,Full Time,Uttar Pradesh State Board,Radha Niketan College Kanpur,Electronics & Telecommunication,93,12th,14/03/2010,18/09/2014,Full Time,NITA,Motilal Nehru National Institute of Technology Allahabad,Electronics & Telecommunication,81,BE,20/07/2015,22/01/2018,Full Time,NITIE,NITIE Mumbai,Mining Engineering,87,ME,0,29/03/2017,19/09/2018,Full Time,Junior Technical Consultant,TCS,Manufacturing,AGRA,India,,,,,,,,,English,Good,Good,Good,Hindi,Good,Good,Good,Marathi,Good,Good,Good,Guddu,Software Engineer,London,8009800998,,,Naukri.com
88995,Major,Uday,Bhan,uday.bhan@mailinator.com826,7864823826,7894923645,13/04/1990,M,Single,PAN167694826,No,Behind Yaga Baba Hostel Baner,426194,KANPUR,India,579700,1340000,Mumbai,579000,2,1,30,12/06/2004,13/07/2006,Full Time,Uttar Pradesh State Board,Saraswati Vidya Mandir Kanpur,NA,92,10th,14/02/2007,25/03/2010,Full Time,Uttar Pradesh State Board,Radha Niketan College Kanpur,Electronics & Telecommunication,93,12th,14/03/2010,18/09/2014,Full Time,NITA,Motilal Nehru National Institute of Technology Allahabad,Electronics & Telecommunication,81,BE,20/07/2015,22/01/2018,Full Time,NITIE,NITIE Mumbai,Mining Engineering,87,ME,0,29/03/2017,19/09/2018,Full Time,Junior Technical Consultant,TCS,Manufacturing,AGRA,India,,,,,,,,,English,Good,Good,Good,Hindi,Good,Good,Good,Marathi,Good,Good,Good,Guddu,Software Engineer,London,8009800998,,,Naukri.com
88995,Major,Uday,Bhan,uday.bhan@mailinator.com827,7864823827,7894923645,13/04/1990,M,Single,PAN167694827,No,Behind Yaga Baba Hostel Baner,426194,KANPUR,India,579700,1340000,Mumbai,579000,2,1,30,12/06/2004,13/07/2006,Full Time,Uttar Pradesh State Board,Saraswati Vidya Mandir Kanpur,NA,92,10th,14/02/2007,25/03/2010,Full Time,Uttar Pradesh State Board,Radha Niketan College Kanpur,Electronics & Telecommunication,93,12th,14/03/2010,18/09/2014,Full Time,NITA,Motilal Nehru National Institute of Technology Allahabad,Electronics & Telecommunication,81,BE,20/07/2015,22/01/2018,Full Time,NITIE,NITIE Mumbai,Mining Engineering,87,ME,0,29/03/2017,19/09/2018,Full Time,Junior Technical Consultant,TCS,Manufacturing,AGRA,India,,,,,,,,,English,Good,Good,Good,Hindi,Good,Good,Good,Marathi,Good,Good,Good,Guddu,Software Engineer,London,8009800998,,,Naukri.com
88995,Major,Uday,Bhan,uday.bhan@mailinator.com828,7864823828,7894923645,13/04/1990,M,Single,PAN167694828,No,Behind Yaga Baba Hostel Baner,426194,KANPUR,India,579700,1340000,Mumbai,579000,2,1,30,12/06/2004,13/07/2006,Full Time,Uttar Pradesh State Board,Saraswati Vidya Mandir Kanpur,NA,92,10th,14/02/2007,25/03/2010,Full Time,Uttar Pradesh State Board,Radha Niketan College Kanpur,Electronics & Telecommunication,93,12th,14/03/2010,18/09/2014,Full Time,NITA,Motilal Nehru National Institute of Technology Allahabad,Electronics & Telecommunication,81,BE,20/07/2015,22/01/2018,Full Time,NITIE,NITIE Mumbai,Mining Engineering,87,ME,0,29/03/2017,19/09/2018,Full Time,Junior Technical Consultant,TCS,Manufacturing,AGRA,India,,,,,,,,,English,Good,Good,Good,Hindi,Good,Good,Good,Marathi,Good,Good,Good,Guddu,Software Engineer,London,8009800998,,,Naukri.com
88995,Major,Uday,Bhan,uday.bhan@mailinator.com829,7864823829,7894923645,13/04/1990,M,Single,PAN167694829,No,Behind Yaga Baba Hostel Baner,426194,KANPUR,India,579700,1340000,Mumbai,579000,2,1,30,12/06/2004,13/07/2006,Full Time,Uttar Pradesh State Board,Saraswati Vidya Mandir Kanpur,NA,92,10th,14/02/2007,25/03/2010,Full Time,Uttar Pradesh State Board,Radha Niketan College Kanpur,Electronics & Telecommunication,93,12th,14/03/2010,18/09/2014,Full Time,NITA,Motilal Nehru National Institute of Technology Allahabad,Electronics & Telecommunication,81,BE,20/07/2015,22/01/2018,Full Time,NITIE,NITIE Mumbai,Mining Engineering,87,ME,0,29/03/2017,19/09/2018,Full Time,Junior Technical Consultant,TCS,Manufacturing,AGRA,India,,,,,,,,,English,Good,Good,Good,Hindi,Good,Good,Good,Marathi,Good,Good,Good,Guddu,Software Engineer,London,8009800998,,,Naukri.com
88995,Major,Uday,Bhan,uday.bhan@mailinator.com830,7864823830,7894923645,13/04/1990,M,Single,PAN167694830,No,Behind Yaga Baba Hostel Baner,426194,KANPUR,India,579700,1340000,Mumbai,579000,2,1,30,12/06/2004,13/07/2006,Full Time,Uttar Pradesh State Board,Saraswati Vidya Mandir Kanpur,NA,92,10th,14/02/2007,25/03/2010,Full Time,Uttar Pradesh State Board,Radha Niketan College Kanpur,Electronics & Telecommunication,93,12th,14/03/2010,18/09/2014,Full Time,NITA,Motilal Nehru National Institute of Technology Allahabad,Electronics & Telecommunication,81,BE,20/07/2015,22/01/2018,Full Time,NITIE,NITIE Mumbai,Mining Engineering,87,ME,0,29/03/2017,19/09/2018,Full Time,Junior Technical Consultant,TCS,Manufacturing,AGRA,India,,,,,,,,,English,Good,Good,Good,Hindi,Good,Good,Good,Marathi,Good,Good,Good,Guddu,Software Engineer,London,8009800998,,,Naukri.com
88995,Major,Uday,Bhan,uday.bhan@mailinator.com831,7864823831,7894923645,13/04/1990,M,Single,PAN167694831,No,Behind Yaga Baba Hostel Baner,426194,KANPUR,India,579700,1340000,Mumbai,579000,2,1,30,12/06/2004,13/07/2006,Full Time,Uttar Pradesh State Board,Saraswati Vidya Mandir Kanpur,NA,92,10th,14/02/2007,25/03/2010,Full Time,Uttar Pradesh State Board,Radha Niketan College Kanpur,Electronics & Telecommunication,93,12th,14/03/2010,18/09/2014,Full Time,NITA,Motilal Nehru National Institute of Technology Allahabad,Electronics & Telecommunication,81,BE,20/07/2015,22/01/2018,Full Time,NITIE,NITIE Mumbai,Mining Engineering,87,ME,0,29/03/2017,19/09/2018,Full Time,Junior Technical Consultant,TCS,Manufacturing,AGRA,India,,,,,,,,,English,Good,Good,Good,Hindi,Good,Good,Good,Marathi,Good,Good,Good,Guddu,Software Engineer,London,8009800998,,,Naukri.com
88995,Major,Uday,Bhan,uday.bhan@mailinator.com832,7864823832,7894923645,13/04/1990,M,Single,PAN167694832,No,Behind Yaga Baba Hostel Baner,426194,KANPUR,India,579700,1340000,Mumbai,579000,2,1,30,12/06/2004,13/07/2006,Full Time,Uttar Pradesh State Board,Saraswati Vidya Mandir Kanpur,NA,92,10th,14/02/2007,25/03/2010,Full Time,Uttar Pradesh State Board,Radha Niketan College Kanpur,Electronics & Telecommunication,93,12th,14/03/2010,18/09/2014,Full Time,NITA,Motilal Nehru National Institute of Technology Allahabad,Electronics & Telecommunication,81,BE,20/07/2015,22/01/2018,Full Time,NITIE,NITIE Mumbai,Mining Engineering,87,ME,0,29/03/2017,19/09/2018,Full Time,Junior Technical Consultant,TCS,Manufacturing,AGRA,India,,,,,,,,,English,Good,Good,Good,Hindi,Good,Good,Good,Marathi,Good,Good,Good,Guddu,Software Engineer,London,8009800998,,,Naukri.com
88995,Major,Uday,Bhan,uday.bhan@mailinator.com833,7864823833,7894923645,13/04/1990,M,Single,PAN167694833,No,Behind Yaga Baba Hostel Baner,426194,KANPUR,India,579700,1340000,Mumbai,579000,2,1,30,12/06/2004,13/07/2006,Full Time,Uttar Pradesh State Board,Saraswati Vidya Mandir Kanpur,NA,92,10th,14/02/2007,25/03/2010,Full Time,Uttar Pradesh State Board,Radha Niketan College Kanpur,Electronics & Telecommunication,93,12th,14/03/2010,18/09/2014,Full Time,NITA,Motilal Nehru National Institute of Technology Allahabad,Electronics & Telecommunication,81,BE,20/07/2015,22/01/2018,Full Time,NITIE,NITIE Mumbai,Mining Engineering,87,ME,0,29/03/2017,19/09/2018,Full Time,Junior Technical Consultant,TCS,Manufacturing,AGRA,India,,,,,,,,,English,Good,Good,Good,Hindi,Good,Good,Good,Marathi,Good,Good,Good,Guddu,Software Engineer,London,8009800998,,,Naukri.com
88995,Major,Uday,Bhan,uday.bhan@mailinator.com834,7864823834,7894923645,13/04/1990,M,Single,PAN167694834,No,Behind Yaga Baba Hostel Baner,426194,KANPUR,India,579700,1340000,Mumbai,579000,2,1,30,12/06/2004,13/07/2006,Full Time,Uttar Pradesh State Board,Saraswati Vidya Mandir Kanpur,NA,92,10th,14/02/2007,25/03/2010,Full Time,Uttar Pradesh State Board,Radha Niketan College Kanpur,Electronics & Telecommunication,93,12th,14/03/2010,18/09/2014,Full Time,NITA,Motilal Nehru National Institute of Technology Allahabad,Electronics & Telecommunication,81,BE,20/07/2015,22/01/2018,Full Time,NITIE,NITIE Mumbai,Mining Engineering,87,ME,0,29/03/2017,19/09/2018,Full Time,Junior Technical Consultant,TCS,Manufacturing,AGRA,India,,,,,,,,,English,Good,Good,Good,Hindi,Good,Good,Good,Marathi,Good,Good,Good,Guddu,Software Engineer,London,8009800998,,,Naukri.com
88995,Major,Uday,Bhan,uday.bhan@mailinator.com835,7864823835,7894923645,13/04/1990,M,Single,PAN167694835,No,Behind Yaga Baba Hostel Baner,426194,KANPUR,India,579700,1340000,Mumbai,579000,2,1,30,12/06/2004,13/07/2006,Full Time,Uttar Pradesh State Board,Saraswati Vidya Mandir Kanpur,NA,92,10th,14/02/2007,25/03/2010,Full Time,Uttar Pradesh State Board,Radha Niketan College Kanpur,Electronics & Telecommunication,93,12th,14/03/2010,18/09/2014,Full Time,NITA,Motilal Nehru National Institute of Technology Allahabad,Electronics & Telecommunication,81,BE,20/07/2015,22/01/2018,Full Time,NITIE,NITIE Mumbai,Mining Engineering,87,ME,0,29/03/2017,19/09/2018,Full Time,Junior Technical Consultant,TCS,Manufacturing,AGRA,India,,,,,,,,,English,Good,Good,Good,Hindi,Good,Good,Good,Marathi,Good,Good,Good,Guddu,Software Engineer,London,8009800998,,,Naukri.com
88995,Major,Uday,Bhan,uday.bhan@mailinator.com836,7864823836,7894923645,13/04/1990,M,Single,PAN167694836,No,Behind Yaga Baba Hostel Baner,426194,KANPUR,India,579700,1340000,Mumbai,579000,2,1,30,12/06/2004,13/07/2006,Full Time,Uttar Pradesh State Board,Saraswati Vidya Mandir Kanpur,NA,92,10th,14/02/2007,25/03/2010,Full Time,Uttar Pradesh State Board,Radha Niketan College Kanpur,Electronics & Telecommunication,93,12th,14/03/2010,18/09/2014,Full Time,NITA,Motilal Nehru National Institute of Technology Allahabad,Electronics & Telecommunication,81,BE,20/07/2015,22/01/2018,Full Time,NITIE,NITIE Mumbai,Mining Engineering,87,ME,0,29/03/2017,19/09/2018,Full Time,Junior Technical Consultant,TCS,Manufacturing,AGRA,India,,,,,,,,,English,Good,Good,Good,Hindi,Good,Good,Good,Marathi,Good,Good,Good,Guddu,Software Engineer,London,8009800998,,,Naukri.com
88995,Major,Uday,Bhan,uday.bhan@mailinator.com837,7864823837,7894923645,13/04/1990,M,Single,PAN167694837,No,Behind Yaga Baba Hostel Baner,426194,KANPUR,India,579700,1340000,Mumbai,579000,2,1,30,12/06/2004,13/07/2006,Full Time,Uttar Pradesh State Board,Saraswati Vidya Mandir Kanpur,NA,92,10th,14/02/2007,25/03/2010,Full Time,Uttar Pradesh State Board,Radha Niketan College Kanpur,Electronics & Telecommunication,93,12th,14/03/2010,18/09/2014,Full Time,NITA,Motilal Nehru National Institute of Technology Allahabad,Electronics & Telecommunication,81,BE,20/07/2015,22/01/2018,Full Time,NITIE,NITIE Mumbai,Mining Engineering,87,ME,0,29/03/2017,19/09/2018,Full Time,Junior Technical Consultant,TCS,Manufacturing,AGRA,India,,,,,,,,,English,Good,Good,Good,Hindi,Good,Good,Good,Marathi,Good,Good,Good,Guddu,Software Engineer,London,8009800998,,,Naukri.com
88995,Major,Uday,Bhan,uday.bhan@mailinator.com838,7864823838,7894923645,13/04/1990,M,Single,PAN167694838,No,Behind Yaga Baba Hostel Baner,426194,KANPUR,India,579700,1340000,Mumbai,579000,2,1,30,12/06/2004,13/07/2006,Full Time,Uttar Pradesh State Board,Saraswati Vidya Mandir Kanpur,NA,92,10th,14/02/2007,25/03/2010,Full Time,Uttar Pradesh State Board,Radha Niketan College Kanpur,Electronics & Telecommunication,93,12th,14/03/2010,18/09/2014,Full Time,NITA,Motilal Nehru National Institute of Technology Allahabad,Electronics & Telecommunication,81,BE,20/07/2015,22/01/2018,Full Time,NITIE,NITIE Mumbai,Mining Engineering,87,ME,0,29/03/2017,19/09/2018,Full Time,Junior Technical Consultant,TCS,Manufacturing,AGRA,India,,,,,,,,,English,Good,Good,Good,Hindi,Good,Good,Good,Marathi,Good,Good,Good,Guddu,Software Engineer,London,8009800998,,,Naukri.com
88995,Major,Uday,Bhan,uday.bhan@mailinator.com839,7864823839,7894923645,13/04/1990,M,Single,PAN167694839,No,Behind Yaga Baba Hostel Baner,426194,KANPUR,India,579700,1340000,Mumbai,579000,2,1,30,12/06/2004,13/07/2006,Full Time,Uttar Pradesh State Board,Saraswati Vidya Mandir Kanpur,NA,92,10th,14/02/2007,25/03/2010,Full Time,Uttar Pradesh State Board,Radha Niketan College Kanpur,Electronics & Telecommunication,93,12th,14/03/2010,18/09/2014,Full Time,NITA,Motilal Nehru National Institute of Technology Allahabad,Electronics & Telecommunication,81,BE,20/07/2015,22/01/2018,Full Time,NITIE,NITIE Mumbai,Mining Engineering,87,ME,0,29/03/2017,19/09/2018,Full Time,Junior Technical Consultant,TCS,Manufacturing,AGRA,India,,,,,,,,,English,Good,Good,Good,Hindi,Good,Good,Good,Marathi,Good,Good,Good,Guddu,Software Engineer,London,8009800998,,,Naukri.com
88995,Major,Uday,Bhan,uday.bhan@mailinator.com840,7864823840,7894923645,13/04/1990,M,Single,PAN167694840,No,Behind Yaga Baba Hostel Baner,426194,KANPUR,India,579700,1340000,Mumbai,579000,2,1,30,12/06/2004,13/07/2006,Full Time,Uttar Pradesh State Board,Saraswati Vidya Mandir Kanpur,NA,92,10th,14/02/2007,25/03/2010,Full Time,Uttar Pradesh State Board,Radha Niketan College Kanpur,Electronics & Telecommunication,93,12th,14/03/2010,18/09/2014,Full Time,NITA,Motilal Nehru National Institute of Technology Allahabad,Electronics & Telecommunication,81,BE,20/07/2015,22/01/2018,Full Time,NITIE,NITIE Mumbai,Mining Engineering,87,ME,0,29/03/2017,19/09/2018,Full Time,Junior Technical Consultant,TCS,Manufacturing,AGRA,India,,,,,,,,,English,Good,Good,Good,Hindi,Good,Good,Good,Marathi,Good,Good,Good,Guddu,Software Engineer,London,8009800998,,,Naukri.com
88995,Major,Uday,Bhan,uday.bhan@mailinator.com841,7864823841,7894923645,13/04/1990,M,Single,PAN167694841,No,Behind Yaga Baba Hostel Baner,426194,KANPUR,India,579700,1340000,Mumbai,579000,2,1,30,12/06/2004,13/07/2006,Full Time,Uttar Pradesh State Board,Saraswati Vidya Mandir Kanpur,NA,92,10th,14/02/2007,25/03/2010,Full Time,Uttar Pradesh State Board,Radha Niketan College Kanpur,Electronics & Telecommunication,93,12th,14/03/2010,18/09/2014,Full Time,NITA,Motilal Nehru National Institute of Technology Allahabad,Electronics & Telecommunication,81,BE,20/07/2015,22/01/2018,Full Time,NITIE,NITIE Mumbai,Mining Engineering,87,ME,0,29/03/2017,19/09/2018,Full Time,Junior Technical Consultant,TCS,Manufacturing,AGRA,India,,,,,,,,,English,Good,Good,Good,Hindi,Good,Good,Good,Marathi,Good,Good,Good,Guddu,Software Engineer,London,8009800998,,,Naukri.com
88995,Major,Uday,Bhan,uday.bhan@mailinator.com842,7864823842,7894923645,13/04/1990,M,Single,PAN167694842,No,Behind Yaga Baba Hostel Baner,426194,KANPUR,India,579700,1340000,Mumbai,579000,2,1,30,12/06/2004,13/07/2006,Full Time,Uttar Pradesh State Board,Saraswati Vidya Mandir Kanpur,NA,92,10th,14/02/2007,25/03/2010,Full Time,Uttar Pradesh State Board,Radha Niketan College Kanpur,Electronics & Telecommunication,93,12th,14/03/2010,18/09/2014,Full Time,NITA,Motilal Nehru National Institute of Technology Allahabad,Electronics & Telecommunication,81,BE,20/07/2015,22/01/2018,Full Time,NITIE,NITIE Mumbai,Mining Engineering,87,ME,0,29/03/2017,19/09/2018,Full Time,Junior Technical Consultant,TCS,Manufacturing,AGRA,India,,,,,,,,,English,Good,Good,Good,Hindi,Good,Good,Good,Marathi,Good,Good,Good,Guddu,Software Engineer,London,8009800998,,,Naukri.com
88995,Major,Uday,Bhan,uday.bhan@mailinator.com843,7864823843,7894923645,13/04/1990,M,Single,PAN167694843,No,Behind Yaga Baba Hostel Baner,426194,KANPUR,India,579700,1340000,Mumbai,579000,2,1,30,12/06/2004,13/07/2006,Full Time,Uttar Pradesh State Board,Saraswati Vidya Mandir Kanpur,NA,92,10th,14/02/2007,25/03/2010,Full Time,Uttar Pradesh State Board,Radha Niketan College Kanpur,Electronics & Telecommunication,93,12th,14/03/2010,18/09/2014,Full Time,NITA,Motilal Nehru National Institute of Technology Allahabad,Electronics & Telecommunication,81,BE,20/07/2015,22/01/2018,Full Time,NITIE,NITIE Mumbai,Mining Engineering,87,ME,0,29/03/2017,19/09/2018,Full Time,Junior Technical Consultant,TCS,Manufacturing,AGRA,India,,,,,,,,,English,Good,Good,Good,Hindi,Good,Good,Good,Marathi,Good,Good,Good,Guddu,Software Engineer,London,8009800998,,,Naukri.com
88995,Major,Uday,Bhan,uday.bhan@mailinator.com844,7864823844,7894923645,13/04/1990,M,Single,PAN167694844,No,Behind Yaga Baba Hostel Baner,426194,KANPUR,India,579700,1340000,Mumbai,579000,2,1,30,12/06/2004,13/07/2006,Full Time,Uttar Pradesh State Board,Saraswati Vidya Mandir Kanpur,NA,92,10th,14/02/2007,25/03/2010,Full Time,Uttar Pradesh State Board,Radha Niketan College Kanpur,Electronics & Telecommunication,93,12th,14/03/2010,18/09/2014,Full Time,NITA,Motilal Nehru National Institute of Technology Allahabad,Electronics & Telecommunication,81,BE,20/07/2015,22/01/2018,Full Time,NITIE,NITIE Mumbai,Mining Engineering,87,ME,0,29/03/2017,19/09/2018,Full Time,Junior Technical Consultant,TCS,Manufacturing,AGRA,India,,,,,,,,,English,Good,Good,Good,Hindi,Good,Good,Good,Marathi,Good,Good,Good,Guddu,Software Engineer,London,8009800998,,,Naukri.com
88995,Major,Uday,Bhan,uday.bhan@mailinator.com845,7864823845,7894923645,13/04/1990,M,Single,PAN167694845,No,Behind Yaga Baba Hostel Baner,426194,KANPUR,India,579700,1340000,Mumbai,579000,2,1,30,12/06/2004,13/07/2006,Full Time,Uttar Pradesh State Board,Saraswati Vidya Mandir Kanpur,NA,92,10th,14/02/2007,25/03/2010,Full Time,Uttar Pradesh State Board,Radha Niketan College Kanpur,Electronics & Telecommunication,93,12th,14/03/2010,18/09/2014,Full Time,NITA,Motilal Nehru National Institute of Technology Allahabad,Electronics & Telecommunication,81,BE,20/07/2015,22/01/2018,Full Time,NITIE,NITIE Mumbai,Mining Engineering,87,ME,0,29/03/2017,19/09/2018,Full Time,Junior Technical Consultant,TCS,Manufacturing,AGRA,India,,,,,,,,,English,Good,Good,Good,Hindi,Good,Good,Good,Marathi,Good,Good,Good,Guddu,Software Engineer,London,8009800998,,,Naukri.com
88995,Major,Uday,Bhan,uday.bhan@mailinator.com846,7864823846,7894923645,13/04/1990,M,Single,PAN167694846,No,Behind Yaga Baba Hostel Baner,426194,KANPUR,India,579700,1340000,Mumbai,579000,2,1,30,12/06/2004,13/07/2006,Full Time,Uttar Pradesh State Board,Saraswati Vidya Mandir Kanpur,NA,92,10th,14/02/2007,25/03/2010,Full Time,Uttar Pradesh State Board,Radha Niketan College Kanpur,Electronics & Telecommunication,93,12th,14/03/2010,18/09/2014,Full Time,NITA,Motilal Nehru National Institute of Technology Allahabad,Electronics & Telecommunication,81,BE,20/07/2015,22/01/2018,Full Time,NITIE,NITIE Mumbai,Mining Engineering,87,ME,0,29/03/2017,19/09/2018,Full Time,Junior Technical Consultant,TCS,Manufacturing,AGRA,India,,,,,,,,,English,Good,Good,Good,Hindi,Good,Good,Good,Marathi,Good,Good,Good,Guddu,Software Engineer,London,8009800998,,,Naukri.com
88995,Major,Uday,Bhan,uday.bhan@mailinator.com847,7864823847,7894923645,13/04/1990,M,Single,PAN167694847,No,Behind Yaga Baba Hostel Baner,426194,KANPUR,India,579700,1340000,Mumbai,579000,2,1,30,12/06/2004,13/07/2006,Full Time,Uttar Pradesh State Board,Saraswati Vidya Mandir Kanpur,NA,92,10th,14/02/2007,25/03/2010,Full Time,Uttar Pradesh State Board,Radha Niketan College Kanpur,Electronics & Telecommunication,93,12th,14/03/2010,18/09/2014,Full Time,NITA,Motilal Nehru National Institute of Technology Allahabad,Electronics & Telecommunication,81,BE,20/07/2015,22/01/2018,Full Time,NITIE,NITIE Mumbai,Mining Engineering,87,ME,0,29/03/2017,19/09/2018,Full Time,Junior Technical Consultant,TCS,Manufacturing,AGRA,India,,,,,,,,,English,Good,Good,Good,Hindi,Good,Good,Good,Marathi,Good,Good,Good,Guddu,Software Engineer,London,8009800998,,,Naukri.com
88995,Major,Uday,Bhan,uday.bhan@mailinator.com848,7864823848,7894923645,13/04/1990,M,Single,PAN167694848,No,Behind Yaga Baba Hostel Baner,426194,KANPUR,India,579700,1340000,Mumbai,579000,2,1,30,12/06/2004,13/07/2006,Full Time,Uttar Pradesh State Board,Saraswati Vidya Mandir Kanpur,NA,92,10th,14/02/2007,25/03/2010,Full Time,Uttar Pradesh State Board,Radha Niketan College Kanpur,Electronics & Telecommunication,93,12th,14/03/2010,18/09/2014,Full Time,NITA,Motilal Nehru National Institute of Technology Allahabad,Electronics & Telecommunication,81,BE,20/07/2015,22/01/2018,Full Time,NITIE,NITIE Mumbai,Mining Engineering,87,ME,0,29/03/2017,19/09/2018,Full Time,Junior Technical Consultant,TCS,Manufacturing,AGRA,India,,,,,,,,,English,Good,Good,Good,Hindi,Good,Good,Good,Marathi,Good,Good,Good,Guddu,Software Engineer,London,8009800998,,,Naukri.com
88995,Major,Uday,Bhan,uday.bhan@mailinator.com849,7864823849,7894923645,13/04/1990,M,Single,PAN167694849,No,Behind Yaga Baba Hostel Baner,426194,KANPUR,India,579700,1340000,Mumbai,579000,2,1,30,12/06/2004,13/07/2006,Full Time,Uttar Pradesh State Board,Saraswati Vidya Mandir Kanpur,NA,92,10th,14/02/2007,25/03/2010,Full Time,Uttar Pradesh State Board,Radha Niketan College Kanpur,Electronics & Telecommunication,93,12th,14/03/2010,18/09/2014,Full Time,NITA,Motilal Nehru National Institute of Technology Allahabad,Electronics & Telecommunication,81,BE,20/07/2015,22/01/2018,Full Time,NITIE,NITIE Mumbai,Mining Engineering,87,ME,0,29/03/2017,19/09/2018,Full Time,Junior Technical Consultant,TCS,Manufacturing,AGRA,India,,,,,,,,,English,Good,Good,Good,Hindi,Good,Good,Good,Marathi,Good,Good,Good,Guddu,Software Engineer,London,8009800998,,,Naukri.com
88995,Major,Uday,Bhan,uday.bhan@mailinator.com850,7864823850,7894923645,13/04/1990,M,Single,PAN167694850,No,Behind Yaga Baba Hostel Baner,426194,KANPUR,India,579700,1340000,Mumbai,579000,2,1,30,12/06/2004,13/07/2006,Full Time,Uttar Pradesh State Board,Saraswati Vidya Mandir Kanpur,NA,92,10th,14/02/2007,25/03/2010,Full Time,Uttar Pradesh State Board,Radha Niketan College Kanpur,Electronics & Telecommunication,93,12th,14/03/2010,18/09/2014,Full Time,NITA,Motilal Nehru National Institute of Technology Allahabad,Electronics & Telecommunication,81,BE,20/07/2015,22/01/2018,Full Time,NITIE,NITIE Mumbai,Mining Engineering,87,ME,0,29/03/2017,19/09/2018,Full Time,Junior Technical Consultant,TCS,Manufacturing,AGRA,India,,,,,,,,,English,Good,Good,Good,Hindi,Good,Good,Good,Marathi,Good,Good,Good,Guddu,Software Engineer,London,8009800998,,,Naukri.com
88995,Major,Uday,Bhan,uday.bhan@mailinator.com851,7864823851,7894923645,13/04/1990,M,Single,PAN167694851,No,Behind Yaga Baba Hostel Baner,426194,KANPUR,India,579700,1340000,Mumbai,579000,2,1,30,12/06/2004,13/07/2006,Full Time,Uttar Pradesh State Board,Saraswati Vidya Mandir Kanpur,NA,92,10th,14/02/2007,25/03/2010,Full Time,Uttar Pradesh State Board,Radha Niketan College Kanpur,Electronics & Telecommunication,93,12th,14/03/2010,18/09/2014,Full Time,NITA,Motilal Nehru National Institute of Technology Allahabad,Electronics & Telecommunication,81,BE,20/07/2015,22/01/2018,Full Time,NITIE,NITIE Mumbai,Mining Engineering,87,ME,0,29/03/2017,19/09/2018,Full Time,Junior Technical Consultant,TCS,Manufacturing,AGRA,India,,,,,,,,,English,Good,Good,Good,Hindi,Good,Good,Good,Marathi,Good,Good,Good,Guddu,Software Engineer,London,8009800998,,,Naukri.com
88995,Major,Uday,Bhan,uday.bhan@mailinator.com852,7864823852,7894923645,13/04/1990,M,Single,PAN167694852,No,Behind Yaga Baba Hostel Baner,426194,KANPUR,India,579700,1340000,Mumbai,579000,2,1,30,12/06/2004,13/07/2006,Full Time,Uttar Pradesh State Board,Saraswati Vidya Mandir Kanpur,NA,92,10th,14/02/2007,25/03/2010,Full Time,Uttar Pradesh State Board,Radha Niketan College Kanpur,Electronics & Telecommunication,93,12th,14/03/2010,18/09/2014,Full Time,NITA,Motilal Nehru National Institute of Technology Allahabad,Electronics & Telecommunication,81,BE,20/07/2015,22/01/2018,Full Time,NITIE,NITIE Mumbai,Mining Engineering,87,ME,0,29/03/2017,19/09/2018,Full Time,Junior Technical Consultant,TCS,Manufacturing,AGRA,India,,,,,,,,,English,Good,Good,Good,Hindi,Good,Good,Good,Marathi,Good,Good,Good,Guddu,Software Engineer,London,8009800998,,,Naukri.com
88995,Major,Uday,Bhan,uday.bhan@mailinator.com853,7864823853,7894923645,13/04/1990,M,Single,PAN167694853,No,Behind Yaga Baba Hostel Baner,426194,KANPUR,India,579700,1340000,Mumbai,579000,2,1,30,12/06/2004,13/07/2006,Full Time,Uttar Pradesh State Board,Saraswati Vidya Mandir Kanpur,NA,92,10th,14/02/2007,25/03/2010,Full Time,Uttar Pradesh State Board,Radha Niketan College Kanpur,Electronics & Telecommunication,93,12th,14/03/2010,18/09/2014,Full Time,NITA,Motilal Nehru National Institute of Technology Allahabad,Electronics & Telecommunication,81,BE,20/07/2015,22/01/2018,Full Time,NITIE,NITIE Mumbai,Mining Engineering,87,ME,0,29/03/2017,19/09/2018,Full Time,Junior Technical Consultant,TCS,Manufacturing,AGRA,India,,,,,,,,,English,Good,Good,Good,Hindi,Good,Good,Good,Marathi,Good,Good,Good,Guddu,Software Engineer,London,8009800998,,,Naukri.com
88995,Major,Uday,Bhan,uday.bhan@mailinator.com854,7864823854,7894923645,13/04/1990,M,Single,PAN167694854,No,Behind Yaga Baba Hostel Baner,426194,KANPUR,India,579700,1340000,Mumbai,579000,2,1,30,12/06/2004,13/07/2006,Full Time,Uttar Pradesh State Board,Saraswati Vidya Mandir Kanpur,NA,92,10th,14/02/2007,25/03/2010,Full Time,Uttar Pradesh State Board,Radha Niketan College Kanpur,Electronics & Telecommunication,93,12th,14/03/2010,18/09/2014,Full Time,NITA,Motilal Nehru National Institute of Technology Allahabad,Electronics & Telecommunication,81,BE,20/07/2015,22/01/2018,Full Time,NITIE,NITIE Mumbai,Mining Engineering,87,ME,0,29/03/2017,19/09/2018,Full Time,Junior Technical Consultant,TCS,Manufacturing,AGRA,India,,,,,,,,,English,Good,Good,Good,Hindi,Good,Good,Good,Marathi,Good,Good,Good,Guddu,Software Engineer,London,8009800998,,,Naukri.com
88995,Major,Uday,Bhan,uday.bhan@mailinator.com855,7864823855,7894923645,13/04/1990,M,Single,PAN167694855,No,Behind Yaga Baba Hostel Baner,426194,KANPUR,India,579700,1340000,Mumbai,579000,2,1,30,12/06/2004,13/07/2006,Full Time,Uttar Pradesh State Board,Saraswati Vidya Mandir Kanpur,NA,92,10th,14/02/2007,25/03/2010,Full Time,Uttar Pradesh State Board,Radha Niketan College Kanpur,Electronics & Telecommunication,93,12th,14/03/2010,18/09/2014,Full Time,NITA,Motilal Nehru National Institute of Technology Allahabad,Electronics & Telecommunication,81,BE,20/07/2015,22/01/2018,Full Time,NITIE,NITIE Mumbai,Mining Engineering,87,ME,0,29/03/2017,19/09/2018,Full Time,Junior Technical Consultant,TCS,Manufacturing,AGRA,India,,,,,,,,,English,Good,Good,Good,Hindi,Good,Good,Good,Marathi,Good,Good,Good,Guddu,Software Engineer,London,8009800998,,,Naukri.com
88995,Major,Uday,Bhan,uday.bhan@mailinator.com856,7864823856,7894923645,13/04/1990,M,Single,PAN167694856,No,Behind Yaga Baba Hostel Baner,426194,KANPUR,India,579700,1340000,Mumbai,579000,2,1,30,12/06/2004,13/07/2006,Full Time,Uttar Pradesh State Board,Saraswati Vidya Mandir Kanpur,NA,92,10th,14/02/2007,25/03/2010,Full Time,Uttar Pradesh State Board,Radha Niketan College Kanpur,Electronics & Telecommunication,93,12th,14/03/2010,18/09/2014,Full Time,NITA,Motilal Nehru National Institute of Technology Allahabad,Electronics & Telecommunication,81,BE,20/07/2015,22/01/2018,Full Time,NITIE,NITIE Mumbai,Mining Engineering,87,ME,0,29/03/2017,19/09/2018,Full Time,Junior Technical Consultant,TCS,Manufacturing,AGRA,India,,,,,,,,,English,Good,Good,Good,Hindi,Good,Good,Good,Marathi,Good,Good,Good,Guddu,Software Engineer,London,8009800998,,,Naukri.com
88995,Major,Uday,Bhan,uday.bhan@mailinator.com857,7864823857,7894923645,13/04/1990,M,Single,PAN167694857,No,Behind Yaga Baba Hostel Baner,426194,KANPUR,India,579700,1340000,Mumbai,579000,2,1,30,12/06/2004,13/07/2006,Full Time,Uttar Pradesh State Board,Saraswati Vidya Mandir Kanpur,NA,92,10th,14/02/2007,25/03/2010,Full Time,Uttar Pradesh State Board,Radha Niketan College Kanpur,Electronics & Telecommunication,93,12th,14/03/2010,18/09/2014,Full Time,NITA,Motilal Nehru National Institute of Technology Allahabad,Electronics & Telecommunication,81,BE,20/07/2015,22/01/2018,Full Time,NITIE,NITIE Mumbai,Mining Engineering,87,ME,0,29/03/2017,19/09/2018,Full Time,Junior Technical Consultant,TCS,Manufacturing,AGRA,India,,,,,,,,,English,Good,Good,Good,Hindi,Good,Good,Good,Marathi,Good,Good,Good,Guddu,Software Engineer,London,8009800998,,,Naukri.com
88995,Major,Uday,Bhan,uday.bhan@mailinator.com858,7864823858,7894923645,13/04/1990,M,Single,PAN167694858,No,Behind Yaga Baba Hostel Baner,426194,KANPUR,India,579700,1340000,Mumbai,579000,2,1,30,12/06/2004,13/07/2006,Full Time,Uttar Pradesh State Board,Saraswati Vidya Mandir Kanpur,NA,92,10th,14/02/2007,25/03/2010,Full Time,Uttar Pradesh State Board,Radha Niketan College Kanpur,Electronics & Telecommunication,93,12th,14/03/2010,18/09/2014,Full Time,NITA,Motilal Nehru National Institute of Technology Allahabad,Electronics & Telecommunication,81,BE,20/07/2015,22/01/2018,Full Time,NITIE,NITIE Mumbai,Mining Engineering,87,ME,0,29/03/2017,19/09/2018,Full Time,Junior Technical Consultant,TCS,Manufacturing,AGRA,India,,,,,,,,,English,Good,Good,Good,Hindi,Good,Good,Good,Marathi,Good,Good,Good,Guddu,Software Engineer,London,8009800998,,,Naukri.com
88995,Major,Uday,Bhan,uday.bhan@mailinator.com859,7864823859,7894923645,13/04/1990,M,Single,PAN167694859,No,Behind Yaga Baba Hostel Baner,426194,KANPUR,India,579700,1340000,Mumbai,579000,2,1,30,12/06/2004,13/07/2006,Full Time,Uttar Pradesh State Board,Saraswati Vidya Mandir Kanpur,NA,92,10th,14/02/2007,25/03/2010,Full Time,Uttar Pradesh State Board,Radha Niketan College Kanpur,Electronics & Telecommunication,93,12th,14/03/2010,18/09/2014,Full Time,NITA,Motilal Nehru National Institute of Technology Allahabad,Electronics & Telecommunication,81,BE,20/07/2015,22/01/2018,Full Time,NITIE,NITIE Mumbai,Mining Engineering,87,ME,0,29/03/2017,19/09/2018,Full Time,Junior Technical Consultant,TCS,Manufacturing,AGRA,India,,,,,,,,,English,Good,Good,Good,Hindi,Good,Good,Good,Marathi,Good,Good,Good,Guddu,Software Engineer,London,8009800998,,,Naukri.com
88995,Major,Uday,Bhan,uday.bhan@mailinator.com860,7864823860,7894923645,13/04/1990,M,Single,PAN167694860,No,Behind Yaga Baba Hostel Baner,426194,KANPUR,India,579700,1340000,Mumbai,579000,2,1,30,12/06/2004,13/07/2006,Full Time,Uttar Pradesh State Board,Saraswati Vidya Mandir Kanpur,NA,92,10th,14/02/2007,25/03/2010,Full Time,Uttar Pradesh State Board,Radha Niketan College Kanpur,Electronics & Telecommunication,93,12th,14/03/2010,18/09/2014,Full Time,NITA,Motilal Nehru National Institute of Technology Allahabad,Electronics & Telecommunication,81,BE,20/07/2015,22/01/2018,Full Time,NITIE,NITIE Mumbai,Mining Engineering,87,ME,0,29/03/2017,19/09/2018,Full Time,Junior Technical Consultant,TCS,Manufacturing,AGRA,India,,,,,,,,,English,Good,Good,Good,Hindi,Good,Good,Good,Marathi,Good,Good,Good,Guddu,Software Engineer,London,8009800998,,,Naukri.com
88995,Major,Uday,Bhan,uday.bhan@mailinator.com861,7864823861,7894923645,13/04/1990,M,Single,PAN167694861,No,Behind Yaga Baba Hostel Baner,426194,KANPUR,India,579700,1340000,Mumbai,579000,2,1,30,12/06/2004,13/07/2006,Full Time,Uttar Pradesh State Board,Saraswati Vidya Mandir Kanpur,NA,92,10th,14/02/2007,25/03/2010,Full Time,Uttar Pradesh State Board,Radha Niketan College Kanpur,Electronics & Telecommunication,93,12th,14/03/2010,18/09/2014,Full Time,NITA,Motilal Nehru National Institute of Technology Allahabad,Electronics & Telecommunication,81,BE,20/07/2015,22/01/2018,Full Time,NITIE,NITIE Mumbai,Mining Engineering,87,ME,0,29/03/2017,19/09/2018,Full Time,Junior Technical Consultant,TCS,Manufacturing,AGRA,India,,,,,,,,,English,Good,Good,Good,Hindi,Good,Good,Good,Marathi,Good,Good,Good,Guddu,Software Engineer,London,8009800998,,,Naukri.com
88995,Major,Uday,Bhan,uday.bhan@mailinator.com862,7864823862,7894923645,13/04/1990,M,Single,PAN167694862,No,Behind Yaga Baba Hostel Baner,426194,KANPUR,India,579700,1340000,Mumbai,579000,2,1,30,12/06/2004,13/07/2006,Full Time,Uttar Pradesh State Board,Saraswati Vidya Mandir Kanpur,NA,92,10th,14/02/2007,25/03/2010,Full Time,Uttar Pradesh State Board,Radha Niketan College Kanpur,Electronics & Telecommunication,93,12th,14/03/2010,18/09/2014,Full Time,NITA,Motilal Nehru National Institute of Technology Allahabad,Electronics & Telecommunication,81,BE,20/07/2015,22/01/2018,Full Time,NITIE,NITIE Mumbai,Mining Engineering,87,ME,0,29/03/2017,19/09/2018,Full Time,Junior Technical Consultant,TCS,Manufacturing,AGRA,India,,,,,,,,,English,Good,Good,Good,Hindi,Good,Good,Good,Marathi,Good,Good,Good,Guddu,Software Engineer,London,8009800998,,,Naukri.com
88995,Major,Uday,Bhan,uday.bhan@mailinator.com863,7864823863,7894923645,13/04/1990,M,Single,PAN167694863,No,Behind Yaga Baba Hostel Baner,426194,KANPUR,India,579700,1340000,Mumbai,579000,2,1,30,12/06/2004,13/07/2006,Full Time,Uttar Pradesh State Board,Saraswati Vidya Mandir Kanpur,NA,92,10th,14/02/2007,25/03/2010,Full Time,Uttar Pradesh State Board,Radha Niketan College Kanpur,Electronics & Telecommunication,93,12th,14/03/2010,18/09/2014,Full Time,NITA,Motilal Nehru National Institute of Technology Allahabad,Electronics & Telecommunication,81,BE,20/07/2015,22/01/2018,Full Time,NITIE,NITIE Mumbai,Mining Engineering,87,ME,0,29/03/2017,19/09/2018,Full Time,Junior Technical Consultant,TCS,Manufacturing,AGRA,India,,,,,,,,,English,Good,Good,Good,Hindi,Good,Good,Good,Marathi,Good,Good,Good,Guddu,Software Engineer,London,8009800998,,,Naukri.com
88995,Major,Uday,Bhan,uday.bhan@mailinator.com864,7864823864,7894923645,13/04/1990,M,Single,PAN167694864,No,Behind Yaga Baba Hostel Baner,426194,KANPUR,India,579700,1340000,Mumbai,579000,2,1,30,12/06/2004,13/07/2006,Full Time,Uttar Pradesh State Board,Saraswati Vidya Mandir Kanpur,NA,92,10th,14/02/2007,25/03/2010,Full Time,Uttar Pradesh State Board,Radha Niketan College Kanpur,Electronics & Telecommunication,93,12th,14/03/2010,18/09/2014,Full Time,NITA,Motilal Nehru National Institute of Technology Allahabad,Electronics & Telecommunication,81,BE,20/07/2015,22/01/2018,Full Time,NITIE,NITIE Mumbai,Mining Engineering,87,ME,0,29/03/2017,19/09/2018,Full Time,Junior Technical Consultant,TCS,Manufacturing,AGRA,India,,,,,,,,,English,Good,Good,Good,Hindi,Good,Good,Good,Marathi,Good,Good,Good,Guddu,Software Engineer,London,8009800998,,,Naukri.com
88995,Major,Uday,Bhan,uday.bhan@mailinator.com865,7864823865,7894923645,13/04/1990,M,Single,PAN167694865,No,Behind Yaga Baba Hostel Baner,426194,KANPUR,India,579700,1340000,Mumbai,579000,2,1,30,12/06/2004,13/07/2006,Full Time,Uttar Pradesh State Board,Saraswati Vidya Mandir Kanpur,NA,92,10th,14/02/2007,25/03/2010,Full Time,Uttar Pradesh State Board,Radha Niketan College Kanpur,Electronics & Telecommunication,93,12th,14/03/2010,18/09/2014,Full Time,NITA,Motilal Nehru National Institute of Technology Allahabad,Electronics & Telecommunication,81,BE,20/07/2015,22/01/2018,Full Time,NITIE,NITIE Mumbai,Mining Engineering,87,ME,0,29/03/2017,19/09/2018,Full Time,Junior Technical Consultant,TCS,Manufacturing,AGRA,India,,,,,,,,,English,Good,Good,Good,Hindi,Good,Good,Good,Marathi,Good,Good,Good,Guddu,Software Engineer,London,8009800998,,,Naukri.com
88995,Major,Uday,Bhan,uday.bhan@mailinator.com866,7864823866,7894923645,13/04/1990,M,Single,PAN167694866,No,Behind Yaga Baba Hostel Baner,426194,KANPUR,India,579700,1340000,Mumbai,579000,2,1,30,12/06/2004,13/07/2006,Full Time,Uttar Pradesh State Board,Saraswati Vidya Mandir Kanpur,NA,92,10th,14/02/2007,25/03/2010,Full Time,Uttar Pradesh State Board,Radha Niketan College Kanpur,Electronics & Telecommunication,93,12th,14/03/2010,18/09/2014,Full Time,NITA,Motilal Nehru National Institute of Technology Allahabad,Electronics & Telecommunication,81,BE,20/07/2015,22/01/2018,Full Time,NITIE,NITIE Mumbai,Mining Engineering,87,ME,0,29/03/2017,19/09/2018,Full Time,Junior Technical Consultant,TCS,Manufacturing,AGRA,India,,,,,,,,,English,Good,Good,Good,Hindi,Good,Good,Good,Marathi,Good,Good,Good,Guddu,Software Engineer,London,8009800998,,,Naukri.com
88995,Major,Uday,Bhan,uday.bhan@mailinator.com867,7864823867,7894923645,13/04/1990,M,Single,PAN167694867,No,Behind Yaga Baba Hostel Baner,426194,KANPUR,India,579700,1340000,Mumbai,579000,2,1,30,12/06/2004,13/07/2006,Full Time,Uttar Pradesh State Board,Saraswati Vidya Mandir Kanpur,NA,92,10th,14/02/2007,25/03/2010,Full Time,Uttar Pradesh State Board,Radha Niketan College Kanpur,Electronics & Telecommunication,93,12th,14/03/2010,18/09/2014,Full Time,NITA,Motilal Nehru National Institute of Technology Allahabad,Electronics & Telecommunication,81,BE,20/07/2015,22/01/2018,Full Time,NITIE,NITIE Mumbai,Mining Engineering,87,ME,0,29/03/2017,19/09/2018,Full Time,Junior Technical Consultant,TCS,Manufacturing,AGRA,India,,,,,,,,,English,Good,Good,Good,Hindi,Good,Good,Good,Marathi,Good,Good,Good,Guddu,Software Engineer,London,8009800998,,,Naukri.com
88995,Major,Uday,Bhan,uday.bhan@mailinator.com868,7864823868,7894923645,13/04/1990,M,Single,PAN167694868,No,Behind Yaga Baba Hostel Baner,426194,KANPUR,India,579700,1340000,Mumbai,579000,2,1,30,12/06/2004,13/07/2006,Full Time,Uttar Pradesh State Board,Saraswati Vidya Mandir Kanpur,NA,92,10th,14/02/2007,25/03/2010,Full Time,Uttar Pradesh State Board,Radha Niketan College Kanpur,Electronics & Telecommunication,93,12th,14/03/2010,18/09/2014,Full Time,NITA,Motilal Nehru National Institute of Technology Allahabad,Electronics & Telecommunication,81,BE,20/07/2015,22/01/2018,Full Time,NITIE,NITIE Mumbai,Mining Engineering,87,ME,0,29/03/2017,19/09/2018,Full Time,Junior Technical Consultant,TCS,Manufacturing,AGRA,India,,,,,,,,,English,Good,Good,Good,Hindi,Good,Good,Good,Marathi,Good,Good,Good,Guddu,Software Engineer,London,8009800998,,,Naukri.com
88995,Major,Uday,Bhan,uday.bhan@mailinator.com869,7864823869,7894923645,13/04/1990,M,Single,PAN167694869,No,Behind Yaga Baba Hostel Baner,426194,KANPUR,India,579700,1340000,Mumbai,579000,2,1,30,12/06/2004,13/07/2006,Full Time,Uttar Pradesh State Board,Saraswati Vidya Mandir Kanpur,NA,92,10th,14/02/2007,25/03/2010,Full Time,Uttar Pradesh State Board,Radha Niketan College Kanpur,Electronics & Telecommunication,93,12th,14/03/2010,18/09/2014,Full Time,NITA,Motilal Nehru National Institute of Technology Allahabad,Electronics & Telecommunication,81,BE,20/07/2015,22/01/2018,Full Time,NITIE,NITIE Mumbai,Mining Engineering,87,ME,0,29/03/2017,19/09/2018,Full Time,Junior Technical Consultant,TCS,Manufacturing,AGRA,India,,,,,,,,,English,Good,Good,Good,Hindi,Good,Good,Good,Marathi,Good,Good,Good,Guddu,Software Engineer,London,8009800998,,,Naukri.com
88995,Major,Uday,Bhan,uday.bhan@mailinator.com870,7864823870,7894923645,13/04/1990,M,Single,PAN167694870,No,Behind Yaga Baba Hostel Baner,426194,KANPUR,India,579700,1340000,Mumbai,579000,2,1,30,12/06/2004,13/07/2006,Full Time,Uttar Pradesh State Board,Saraswati Vidya Mandir Kanpur,NA,92,10th,14/02/2007,25/03/2010,Full Time,Uttar Pradesh State Board,Radha Niketan College Kanpur,Electronics & Telecommunication,93,12th,14/03/2010,18/09/2014,Full Time,NITA,Motilal Nehru National Institute of Technology Allahabad,Electronics & Telecommunication,81,BE,20/07/2015,22/01/2018,Full Time,NITIE,NITIE Mumbai,Mining Engineering,87,ME,0,29/03/2017,19/09/2018,Full Time,Junior Technical Consultant,TCS,Manufacturing,AGRA,India,,,,,,,,,English,Good,Good,Good,Hindi,Good,Good,Good,Marathi,Good,Good,Good,Guddu,Software Engineer,London,8009800998,,,Naukri.com
88995,Major,Uday,Bhan,uday.bhan@mailinator.com871,7864823871,7894923645,13/04/1990,M,Single,PAN167694871,No,Behind Yaga Baba Hostel Baner,426194,KANPUR,India,579700,1340000,Mumbai,579000,2,1,30,12/06/2004,13/07/2006,Full Time,Uttar Pradesh State Board,Saraswati Vidya Mandir Kanpur,NA,92,10th,14/02/2007,25/03/2010,Full Time,Uttar Pradesh State Board,Radha Niketan College Kanpur,Electronics & Telecommunication,93,12th,14/03/2010,18/09/2014,Full Time,NITA,Motilal Nehru National Institute of Technology Allahabad,Electronics & Telecommunication,81,BE,20/07/2015,22/01/2018,Full Time,NITIE,NITIE Mumbai,Mining Engineering,87,ME,0,29/03/2017,19/09/2018,Full Time,Junior Technical Consultant,TCS,Manufacturing,AGRA,India,,,,,,,,,English,Good,Good,Good,Hindi,Good,Good,Good,Marathi,Good,Good,Good,Guddu,Software Engineer,London,8009800998,,,Naukri.com
88995,Major,Uday,Bhan,uday.bhan@mailinator.com872,7864823872,7894923645,13/04/1990,M,Single,PAN167694872,No,Behind Yaga Baba Hostel Baner,426194,KANPUR,India,579700,1340000,Mumbai,579000,2,1,30,12/06/2004,13/07/2006,Full Time,Uttar Pradesh State Board,Saraswati Vidya Mandir Kanpur,NA,92,10th,14/02/2007,25/03/2010,Full Time,Uttar Pradesh State Board,Radha Niketan College Kanpur,Electronics & Telecommunication,93,12th,14/03/2010,18/09/2014,Full Time,NITA,Motilal Nehru National Institute of Technology Allahabad,Electronics & Telecommunication,81,BE,20/07/2015,22/01/2018,Full Time,NITIE,NITIE Mumbai,Mining Engineering,87,ME,0,29/03/2017,19/09/2018,Full Time,Junior Technical Consultant,TCS,Manufacturing,AGRA,India,,,,,,,,,English,Good,Good,Good,Hindi,Good,Good,Good,Marathi,Good,Good,Good,Guddu,Software Engineer,London,8009800998,,,Naukri.com
88995,Major,Uday,Bhan,uday.bhan@mailinator.com873,7864823873,7894923645,13/04/1990,M,Single,PAN167694873,No,Behind Yaga Baba Hostel Baner,426194,KANPUR,India,579700,1340000,Mumbai,579000,2,1,30,12/06/2004,13/07/2006,Full Time,Uttar Pradesh State Board,Saraswati Vidya Mandir Kanpur,NA,92,10th,14/02/2007,25/03/2010,Full Time,Uttar Pradesh State Board,Radha Niketan College Kanpur,Electronics & Telecommunication,93,12th,14/03/2010,18/09/2014,Full Time,NITA,Motilal Nehru National Institute of Technology Allahabad,Electronics & Telecommunication,81,BE,20/07/2015,22/01/2018,Full Time,NITIE,NITIE Mumbai,Mining Engineering,87,ME,0,29/03/2017,19/09/2018,Full Time,Junior Technical Consultant,TCS,Manufacturing,AGRA,India,,,,,,,,,English,Good,Good,Good,Hindi,Good,Good,Good,Marathi,Good,Good,Good,Guddu,Software Engineer,London,8009800998,,,Naukri.com
88995,Major,Uday,Bhan,uday.bhan@mailinator.com874,7864823874,7894923645,13/04/1990,M,Single,PAN167694874,No,Behind Yaga Baba Hostel Baner,426194,KANPUR,India,579700,1340000,Mumbai,579000,2,1,30,12/06/2004,13/07/2006,Full Time,Uttar Pradesh State Board,Saraswati Vidya Mandir Kanpur,NA,92,10th,14/02/2007,25/03/2010,Full Time,Uttar Pradesh State Board,Radha Niketan College Kanpur,Electronics & Telecommunication,93,12th,14/03/2010,18/09/2014,Full Time,NITA,Motilal Nehru National Institute of Technology Allahabad,Electronics & Telecommunication,81,BE,20/07/2015,22/01/2018,Full Time,NITIE,NITIE Mumbai,Mining Engineering,87,ME,0,29/03/2017,19/09/2018,Full Time,Junior Technical Consultant,TCS,Manufacturing,AGRA,India,,,,,,,,,English,Good,Good,Good,Hindi,Good,Good,Good,Marathi,Good,Good,Good,Guddu,Software Engineer,London,8009800998,,,Naukri.com
88995,Major,Uday,Bhan,uday.bhan@mailinator.com875,7864823875,7894923645,13/04/1990,M,Single,PAN167694875,No,Behind Yaga Baba Hostel Baner,426194,KANPUR,India,579700,1340000,Mumbai,579000,2,1,30,12/06/2004,13/07/2006,Full Time,Uttar Pradesh State Board,Saraswati Vidya Mandir Kanpur,NA,92,10th,14/02/2007,25/03/2010,Full Time,Uttar Pradesh State Board,Radha Niketan College Kanpur,Electronics & Telecommunication,93,12th,14/03/2010,18/09/2014,Full Time,NITA,Motilal Nehru National Institute of Technology Allahabad,Electronics & Telecommunication,81,BE,20/07/2015,22/01/2018,Full Time,NITIE,NITIE Mumbai,Mining Engineering,87,ME,0,29/03/2017,19/09/2018,Full Time,Junior Technical Consultant,TCS,Manufacturing,AGRA,India,,,,,,,,,English,Good,Good,Good,Hindi,Good,Good,Good,Marathi,Good,Good,Good,Guddu,Software Engineer,London,8009800998,,,Naukri.com
88995,Major,Uday,Bhan,uday.bhan@mailinator.com876,7864823876,7894923645,13/04/1990,M,Single,PAN167694876,No,Behind Yaga Baba Hostel Baner,426194,KANPUR,India,579700,1340000,Mumbai,579000,2,1,30,12/06/2004,13/07/2006,Full Time,Uttar Pradesh State Board,Saraswati Vidya Mandir Kanpur,NA,92,10th,14/02/2007,25/03/2010,Full Time,Uttar Pradesh State Board,Radha Niketan College Kanpur,Electronics & Telecommunication,93,12th,14/03/2010,18/09/2014,Full Time,NITA,Motilal Nehru National Institute of Technology Allahabad,Electronics & Telecommunication,81,BE,20/07/2015,22/01/2018,Full Time,NITIE,NITIE Mumbai,Mining Engineering,87,ME,0,29/03/2017,19/09/2018,Full Time,Junior Technical Consultant,TCS,Manufacturing,AGRA,India,,,,,,,,,English,Good,Good,Good,Hindi,Good,Good,Good,Marathi,Good,Good,Good,Guddu,Software Engineer,London,8009800998,,,Naukri.com
88995,Major,Uday,Bhan,uday.bhan@mailinator.com877,7864823877,7894923645,13/04/1990,M,Single,PAN167694877,No,Behind Yaga Baba Hostel Baner,426194,KANPUR,India,579700,1340000,Mumbai,579000,2,1,30,12/06/2004,13/07/2006,Full Time,Uttar Pradesh State Board,Saraswati Vidya Mandir Kanpur,NA,92,10th,14/02/2007,25/03/2010,Full Time,Uttar Pradesh State Board,Radha Niketan College Kanpur,Electronics & Telecommunication,93,12th,14/03/2010,18/09/2014,Full Time,NITA,Motilal Nehru National Institute of Technology Allahabad,Electronics & Telecommunication,81,BE,20/07/2015,22/01/2018,Full Time,NITIE,NITIE Mumbai,Mining Engineering,87,ME,0,29/03/2017,19/09/2018,Full Time,Junior Technical Consultant,TCS,Manufacturing,AGRA,India,,,,,,,,,English,Good,Good,Good,Hindi,Good,Good,Good,Marathi,Good,Good,Good,Guddu,Software Engineer,London,8009800998,,,Naukri.com
88995,Major,Uday,Bhan,uday.bhan@mailinator.com878,7864823878,7894923645,13/04/1990,M,Single,PAN167694878,No,Behind Yaga Baba Hostel Baner,426194,KANPUR,India,579700,1340000,Mumbai,579000,2,1,30,12/06/2004,13/07/2006,Full Time,Uttar Pradesh State Board,Saraswati Vidya Mandir Kanpur,NA,92,10th,14/02/2007,25/03/2010,Full Time,Uttar Pradesh State Board,Radha Niketan College Kanpur,Electronics & Telecommunication,93,12th,14/03/2010,18/09/2014,Full Time,NITA,Motilal Nehru National Institute of Technology Allahabad,Electronics & Telecommunication,81,BE,20/07/2015,22/01/2018,Full Time,NITIE,NITIE Mumbai,Mining Engineering,87,ME,0,29/03/2017,19/09/2018,Full Time,Junior Technical Consultant,TCS,Manufacturing,AGRA,India,,,,,,,,,English,Good,Good,Good,Hindi,Good,Good,Good,Marathi,Good,Good,Good,Guddu,Software Engineer,London,8009800998,,,Naukri.com
88995,Major,Uday,Bhan,uday.bhan@mailinator.com879,7864823879,7894923645,13/04/1990,M,Single,PAN167694879,No,Behind Yaga Baba Hostel Baner,426194,KANPUR,India,579700,1340000,Mumbai,579000,2,1,30,12/06/2004,13/07/2006,Full Time,Uttar Pradesh State Board,Saraswati Vidya Mandir Kanpur,NA,92,10th,14/02/2007,25/03/2010,Full Time,Uttar Pradesh State Board,Radha Niketan College Kanpur,Electronics & Telecommunication,93,12th,14/03/2010,18/09/2014,Full Time,NITA,Motilal Nehru National Institute of Technology Allahabad,Electronics & Telecommunication,81,BE,20/07/2015,22/01/2018,Full Time,NITIE,NITIE Mumbai,Mining Engineering,87,ME,0,29/03/2017,19/09/2018,Full Time,Junior Technical Consultant,TCS,Manufacturing,AGRA,India,,,,,,,,,English,Good,Good,Good,Hindi,Good,Good,Good,Marathi,Good,Good,Good,Guddu,Software Engineer,London,8009800998,,,Naukri.com
88995,Major,Uday,Bhan,uday.bhan@mailinator.com880,7864823880,7894923645,13/04/1990,M,Single,PAN167694880,No,Behind Yaga Baba Hostel Baner,426194,KANPUR,India,579700,1340000,Mumbai,579000,2,1,30,12/06/2004,13/07/2006,Full Time,Uttar Pradesh State Board,Saraswati Vidya Mandir Kanpur,NA,92,10th,14/02/2007,25/03/2010,Full Time,Uttar Pradesh State Board,Radha Niketan College Kanpur,Electronics & Telecommunication,93,12th,14/03/2010,18/09/2014,Full Time,NITA,Motilal Nehru National Institute of Technology Allahabad,Electronics & Telecommunication,81,BE,20/07/2015,22/01/2018,Full Time,NITIE,NITIE Mumbai,Mining Engineering,87,ME,0,29/03/2017,19/09/2018,Full Time,Junior Technical Consultant,TCS,Manufacturing,AGRA,India,,,,,,,,,English,Good,Good,Good,Hindi,Good,Good,Good,Marathi,Good,Good,Good,Guddu,Software Engineer,London,8009800998,,,Naukri.com
88995,Major,Uday,Bhan,uday.bhan@mailinator.com881,7864823881,7894923645,13/04/1990,M,Single,PAN167694881,No,Behind Yaga Baba Hostel Baner,426194,KANPUR,India,579700,1340000,Mumbai,579000,2,1,30,12/06/2004,13/07/2006,Full Time,Uttar Pradesh State Board,Saraswati Vidya Mandir Kanpur,NA,92,10th,14/02/2007,25/03/2010,Full Time,Uttar Pradesh State Board,Radha Niketan College Kanpur,Electronics & Telecommunication,93,12th,14/03/2010,18/09/2014,Full Time,NITA,Motilal Nehru National Institute of Technology Allahabad,Electronics & Telecommunication,81,BE,20/07/2015,22/01/2018,Full Time,NITIE,NITIE Mumbai,Mining Engineering,87,ME,0,29/03/2017,19/09/2018,Full Time,Junior Technical Consultant,TCS,Manufacturing,AGRA,India,,,,,,,,,English,Good,Good,Good,Hindi,Good,Good,Good,Marathi,Good,Good,Good,Guddu,Software Engineer,London,8009800998,,,Naukri.com
88995,Major,Uday,Bhan,uday.bhan@mailinator.com882,7864823882,7894923645,13/04/1990,M,Single,PAN167694882,No,Behind Yaga Baba Hostel Baner,426194,KANPUR,India,579700,1340000,Mumbai,579000,2,1,30,12/06/2004,13/07/2006,Full Time,Uttar Pradesh State Board,Saraswati Vidya Mandir Kanpur,NA,92,10th,14/02/2007,25/03/2010,Full Time,Uttar Pradesh State Board,Radha Niketan College Kanpur,Electronics & Telecommunication,93,12th,14/03/2010,18/09/2014,Full Time,NITA,Motilal Nehru National Institute of Technology Allahabad,Electronics & Telecommunication,81,BE,20/07/2015,22/01/2018,Full Time,NITIE,NITIE Mumbai,Mining Engineering,87,ME,0,29/03/2017,19/09/2018,Full Time,Junior Technical Consultant,TCS,Manufacturing,AGRA,India,,,,,,,,,English,Good,Good,Good,Hindi,Good,Good,Good,Marathi,Good,Good,Good,Guddu,Software Engineer,London,8009800998,,,Naukri.com
88995,Major,Uday,Bhan,uday.bhan@mailinator.com883,7864823883,7894923645,13/04/1990,M,Single,PAN167694883,No,Behind Yaga Baba Hostel Baner,426194,KANPUR,India,579700,1340000,Mumbai,579000,2,1,30,12/06/2004,13/07/2006,Full Time,Uttar Pradesh State Board,Saraswati Vidya Mandir Kanpur,NA,92,10th,14/02/2007,25/03/2010,Full Time,Uttar Pradesh State Board,Radha Niketan College Kanpur,Electronics & Telecommunication,93,12th,14/03/2010,18/09/2014,Full Time,NITA,Motilal Nehru National Institute of Technology Allahabad,Electronics & Telecommunication,81,BE,20/07/2015,22/01/2018,Full Time,NITIE,NITIE Mumbai,Mining Engineering,87,ME,0,29/03/2017,19/09/2018,Full Time,Junior Technical Consultant,TCS,Manufacturing,AGRA,India,,,,,,,,,English,Good,Good,Good,Hindi,Good,Good,Good,Marathi,Good,Good,Good,Guddu,Software Engineer,London,8009800998,,,Naukri.com
88995,Major,Uday,Bhan,uday.bhan@mailinator.com884,7864823884,7894923645,13/04/1990,M,Single,PAN167694884,No,Behind Yaga Baba Hostel Baner,426194,KANPUR,India,579700,1340000,Mumbai,579000,2,1,30,12/06/2004,13/07/2006,Full Time,Uttar Pradesh State Board,Saraswati Vidya Mandir Kanpur,NA,92,10th,14/02/2007,25/03/2010,Full Time,Uttar Pradesh State Board,Radha Niketan College Kanpur,Electronics & Telecommunication,93,12th,14/03/2010,18/09/2014,Full Time,NITA,Motilal Nehru National Institute of Technology Allahabad,Electronics & Telecommunication,81,BE,20/07/2015,22/01/2018,Full Time,NITIE,NITIE Mumbai,Mining Engineering,87,ME,0,29/03/2017,19/09/2018,Full Time,Junior Technical Consultant,TCS,Manufacturing,AGRA,India,,,,,,,,,English,Good,Good,Good,Hindi,Good,Good,Good,Marathi,Good,Good,Good,Guddu,Software Engineer,London,8009800998,,,Naukri.com
88995,Major,Uday,Bhan,uday.bhan@mailinator.com885,7864823885,7894923645,13/04/1990,M,Single,PAN167694885,No,Behind Yaga Baba Hostel Baner,426194,KANPUR,India,579700,1340000,Mumbai,579000,2,1,30,12/06/2004,13/07/2006,Full Time,Uttar Pradesh State Board,Saraswati Vidya Mandir Kanpur,NA,92,10th,14/02/2007,25/03/2010,Full Time,Uttar Pradesh State Board,Radha Niketan College Kanpur,Electronics & Telecommunication,93,12th,14/03/2010,18/09/2014,Full Time,NITA,Motilal Nehru National Institute of Technology Allahabad,Electronics & Telecommunication,81,BE,20/07/2015,22/01/2018,Full Time,NITIE,NITIE Mumbai,Mining Engineering,87,ME,0,29/03/2017,19/09/2018,Full Time,Junior Technical Consultant,TCS,Manufacturing,AGRA,India,,,,,,,,,English,Good,Good,Good,Hindi,Good,Good,Good,Marathi,Good,Good,Good,Guddu,Software Engineer,London,8009800998,,,Naukri.com
88995,Major,Uday,Bhan,uday.bhan@mailinator.com886,7864823886,7894923645,13/04/1990,M,Single,PAN167694886,No,Behind Yaga Baba Hostel Baner,426194,KANPUR,India,579700,1340000,Mumbai,579000,2,1,30,12/06/2004,13/07/2006,Full Time,Uttar Pradesh State Board,Saraswati Vidya Mandir Kanpur,NA,92,10th,14/02/2007,25/03/2010,Full Time,Uttar Pradesh State Board,Radha Niketan College Kanpur,Electronics & Telecommunication,93,12th,14/03/2010,18/09/2014,Full Time,NITA,Motilal Nehru National Institute of Technology Allahabad,Electronics & Telecommunication,81,BE,20/07/2015,22/01/2018,Full Time,NITIE,NITIE Mumbai,Mining Engineering,87,ME,0,29/03/2017,19/09/2018,Full Time,Junior Technical Consultant,TCS,Manufacturing,AGRA,India,,,,,,,,,English,Good,Good,Good,Hindi,Good,Good,Good,Marathi,Good,Good,Good,Guddu,Software Engineer,London,8009800998,,,Naukri.com
88995,Major,Uday,Bhan,uday.bhan@mailinator.com887,7864823887,7894923645,13/04/1990,M,Single,PAN167694887,No,Behind Yaga Baba Hostel Baner,426194,KANPUR,India,579700,1340000,Mumbai,579000,2,1,30,12/06/2004,13/07/2006,Full Time,Uttar Pradesh State Board,Saraswati Vidya Mandir Kanpur,NA,92,10th,14/02/2007,25/03/2010,Full Time,Uttar Pradesh State Board,Radha Niketan College Kanpur,Electronics & Telecommunication,93,12th,14/03/2010,18/09/2014,Full Time,NITA,Motilal Nehru National Institute of Technology Allahabad,Electronics & Telecommunication,81,BE,20/07/2015,22/01/2018,Full Time,NITIE,NITIE Mumbai,Mining Engineering,87,ME,0,29/03/2017,19/09/2018,Full Time,Junior Technical Consultant,TCS,Manufacturing,AGRA,India,,,,,,,,,English,Good,Good,Good,Hindi,Good,Good,Good,Marathi,Good,Good,Good,Guddu,Software Engineer,London,8009800998,,,Naukri.com
88995,Major,Uday,Bhan,uday.bhan@mailinator.com888,7864823888,7894923645,13/04/1990,M,Single,PAN167694888,No,Behind Yaga Baba Hostel Baner,426194,KANPUR,India,579700,1340000,Mumbai,579000,2,1,30,12/06/2004,13/07/2006,Full Time,Uttar Pradesh State Board,Saraswati Vidya Mandir Kanpur,NA,92,10th,14/02/2007,25/03/2010,Full Time,Uttar Pradesh State Board,Radha Niketan College Kanpur,Electronics & Telecommunication,93,12th,14/03/2010,18/09/2014,Full Time,NITA,Motilal Nehru National Institute of Technology Allahabad,Electronics & Telecommunication,81,BE,20/07/2015,22/01/2018,Full Time,NITIE,NITIE Mumbai,Mining Engineering,87,ME,0,29/03/2017,19/09/2018,Full Time,Junior Technical Consultant,TCS,Manufacturing,AGRA,India,,,,,,,,,English,Good,Good,Good,Hindi,Good,Good,Good,Marathi,Good,Good,Good,Guddu,Software Engineer,London,8009800998,,,Naukri.com
88995,Major,Uday,Bhan,uday.bhan@mailinator.com889,7864823889,7894923645,13/04/1990,M,Single,PAN167694889,No,Behind Yaga Baba Hostel Baner,426194,KANPUR,India,579700,1340000,Mumbai,579000,2,1,30,12/06/2004,13/07/2006,Full Time,Uttar Pradesh State Board,Saraswati Vidya Mandir Kanpur,NA,92,10th,14/02/2007,25/03/2010,Full Time,Uttar Pradesh State Board,Radha Niketan College Kanpur,Electronics & Telecommunication,93,12th,14/03/2010,18/09/2014,Full Time,NITA,Motilal Nehru National Institute of Technology Allahabad,Electronics & Telecommunication,81,BE,20/07/2015,22/01/2018,Full Time,NITIE,NITIE Mumbai,Mining Engineering,87,ME,0,29/03/2017,19/09/2018,Full Time,Junior Technical Consultant,TCS,Manufacturing,AGRA,India,,,,,,,,,English,Good,Good,Good,Hindi,Good,Good,Good,Marathi,Good,Good,Good,Guddu,Software Engineer,London,8009800998,,,Naukri.com
88995,Major,Uday,Bhan,uday.bhan@mailinator.com890,7864823890,7894923645,13/04/1990,M,Single,PAN167694890,No,Behind Yaga Baba Hostel Baner,426194,KANPUR,India,579700,1340000,Mumbai,579000,2,1,30,12/06/2004,13/07/2006,Full Time,Uttar Pradesh State Board,Saraswati Vidya Mandir Kanpur,NA,92,10th,14/02/2007,25/03/2010,Full Time,Uttar Pradesh State Board,Radha Niketan College Kanpur,Electronics & Telecommunication,93,12th,14/03/2010,18/09/2014,Full Time,NITA,Motilal Nehru National Institute of Technology Allahabad,Electronics & Telecommunication,81,BE,20/07/2015,22/01/2018,Full Time,NITIE,NITIE Mumbai,Mining Engineering,87,ME,0,29/03/2017,19/09/2018,Full Time,Junior Technical Consultant,TCS,Manufacturing,AGRA,India,,,,,,,,,English,Good,Good,Good,Hindi,Good,Good,Good,Marathi,Good,Good,Good,Guddu,Software Engineer,London,8009800998,,,Naukri.com
88995,Major,Uday,Bhan,uday.bhan@mailinator.com891,7864823891,7894923645,13/04/1990,M,Single,PAN167694891,No,Behind Yaga Baba Hostel Baner,426194,KANPUR,India,579700,1340000,Mumbai,579000,2,1,30,12/06/2004,13/07/2006,Full Time,Uttar Pradesh State Board,Saraswati Vidya Mandir Kanpur,NA,92,10th,14/02/2007,25/03/2010,Full Time,Uttar Pradesh State Board,Radha Niketan College Kanpur,Electronics & Telecommunication,93,12th,14/03/2010,18/09/2014,Full Time,NITA,Motilal Nehru National Institute of Technology Allahabad,Electronics & Telecommunication,81,BE,20/07/2015,22/01/2018,Full Time,NITIE,NITIE Mumbai,Mining Engineering,87,ME,0,29/03/2017,19/09/2018,Full Time,Junior Technical Consultant,TCS,Manufacturing,AGRA,India,,,,,,,,,English,Good,Good,Good,Hindi,Good,Good,Good,Marathi,Good,Good,Good,Guddu,Software Engineer,London,8009800998,,,Naukri.com
88995,Major,Uday,Bhan,uday.bhan@mailinator.com892,7864823892,7894923645,13/04/1990,M,Single,PAN167694892,No,Behind Yaga Baba Hostel Baner,426194,KANPUR,India,579700,1340000,Mumbai,579000,2,1,30,12/06/2004,13/07/2006,Full Time,Uttar Pradesh State Board,Saraswati Vidya Mandir Kanpur,NA,92,10th,14/02/2007,25/03/2010,Full Time,Uttar Pradesh State Board,Radha Niketan College Kanpur,Electronics & Telecommunication,93,12th,14/03/2010,18/09/2014,Full Time,NITA,Motilal Nehru National Institute of Technology Allahabad,Electronics & Telecommunication,81,BE,20/07/2015,22/01/2018,Full Time,NITIE,NITIE Mumbai,Mining Engineering,87,ME,0,29/03/2017,19/09/2018,Full Time,Junior Technical Consultant,TCS,Manufacturing,AGRA,India,,,,,,,,,English,Good,Good,Good,Hindi,Good,Good,Good,Marathi,Good,Good,Good,Guddu,Software Engineer,London,8009800998,,,Naukri.com
88995,Major,Uday,Bhan,uday.bhan@mailinator.com893,7864823893,7894923645,13/04/1990,M,Single,PAN167694893,No,Behind Yaga Baba Hostel Baner,426194,KANPUR,India,579700,1340000,Mumbai,579000,2,1,30,12/06/2004,13/07/2006,Full Time,Uttar Pradesh State Board,Saraswati Vidya Mandir Kanpur,NA,92,10th,14/02/2007,25/03/2010,Full Time,Uttar Pradesh State Board,Radha Niketan College Kanpur,Electronics & Telecommunication,93,12th,14/03/2010,18/09/2014,Full Time,NITA,Motilal Nehru National Institute of Technology Allahabad,Electronics & Telecommunication,81,BE,20/07/2015,22/01/2018,Full Time,NITIE,NITIE Mumbai,Mining Engineering,87,ME,0,29/03/2017,19/09/2018,Full Time,Junior Technical Consultant,TCS,Manufacturing,AGRA,India,,,,,,,,,English,Good,Good,Good,Hindi,Good,Good,Good,Marathi,Good,Good,Good,Guddu,Software Engineer,London,8009800998,,,Naukri.com
88995,Major,Uday,Bhan,uday.bhan@mailinator.com894,7864823894,7894923645,13/04/1990,M,Single,PAN167694894,No,Behind Yaga Baba Hostel Baner,426194,KANPUR,India,579700,1340000,Mumbai,579000,2,1,30,12/06/2004,13/07/2006,Full Time,Uttar Pradesh State Board,Saraswati Vidya Mandir Kanpur,NA,92,10th,14/02/2007,25/03/2010,Full Time,Uttar Pradesh State Board,Radha Niketan College Kanpur,Electronics & Telecommunication,93,12th,14/03/2010,18/09/2014,Full Time,NITA,Motilal Nehru National Institute of Technology Allahabad,Electronics & Telecommunication,81,BE,20/07/2015,22/01/2018,Full Time,NITIE,NITIE Mumbai,Mining Engineering,87,ME,0,29/03/2017,19/09/2018,Full Time,Junior Technical Consultant,TCS,Manufacturing,AGRA,India,,,,,,,,,English,Good,Good,Good,Hindi,Good,Good,Good,Marathi,Good,Good,Good,Guddu,Software Engineer,London,8009800998,,,Naukri.com
88995,Major,Uday,Bhan,uday.bhan@mailinator.com895,7864823895,7894923645,13/04/1990,M,Single,PAN167694895,No,Behind Yaga Baba Hostel Baner,426194,KANPUR,India,579700,1340000,Mumbai,579000,2,1,30,12/06/2004,13/07/2006,Full Time,Uttar Pradesh State Board,Saraswati Vidya Mandir Kanpur,NA,92,10th,14/02/2007,25/03/2010,Full Time,Uttar Pradesh State Board,Radha Niketan College Kanpur,Electronics & Telecommunication,93,12th,14/03/2010,18/09/2014,Full Time,NITA,Motilal Nehru National Institute of Technology Allahabad,Electronics & Telecommunication,81,BE,20/07/2015,22/01/2018,Full Time,NITIE,NITIE Mumbai,Mining Engineering,87,ME,0,29/03/2017,19/09/2018,Full Time,Junior Technical Consultant,TCS,Manufacturing,AGRA,India,,,,,,,,,English,Good,Good,Good,Hindi,Good,Good,Good,Marathi,Good,Good,Good,Guddu,Software Engineer,London,8009800998,,,Naukri.com
88995,Major,Uday,Bhan,uday.bhan@mailinator.com896,7864823896,7894923645,13/04/1990,M,Single,PAN167694896,No,Behind Yaga Baba Hostel Baner,426194,KANPUR,India,579700,1340000,Mumbai,579000,2,1,30,12/06/2004,13/07/2006,Full Time,Uttar Pradesh State Board,Saraswati Vidya Mandir Kanpur,NA,92,10th,14/02/2007,25/03/2010,Full Time,Uttar Pradesh State Board,Radha Niketan College Kanpur,Electronics & Telecommunication,93,12th,14/03/2010,18/09/2014,Full Time,NITA,Motilal Nehru National Institute of Technology Allahabad,Electronics & Telecommunication,81,BE,20/07/2015,22/01/2018,Full Time,NITIE,NITIE Mumbai,Mining Engineering,87,ME,0,29/03/2017,19/09/2018,Full Time,Junior Technical Consultant,TCS,Manufacturing,AGRA,India,,,,,,,,,English,Good,Good,Good,Hindi,Good,Good,Good,Marathi,Good,Good,Good,Guddu,Software Engineer,London,8009800998,,,Naukri.com
88995,Major,Uday,Bhan,uday.bhan@mailinator.com897,7864823897,7894923645,13/04/1990,M,Single,PAN167694897,No,Behind Yaga Baba Hostel Baner,426194,KANPUR,India,579700,1340000,Mumbai,579000,2,1,30,12/06/2004,13/07/2006,Full Time,Uttar Pradesh State Board,Saraswati Vidya Mandir Kanpur,NA,92,10th,14/02/2007,25/03/2010,Full Time,Uttar Pradesh State Board,Radha Niketan College Kanpur,Electronics & Telecommunication,93,12th,14/03/2010,18/09/2014,Full Time,NITA,Motilal Nehru National Institute of Technology Allahabad,Electronics & Telecommunication,81,BE,20/07/2015,22/01/2018,Full Time,NITIE,NITIE Mumbai,Mining Engineering,87,ME,0,29/03/2017,19/09/2018,Full Time,Junior Technical Consultant,TCS,Manufacturing,AGRA,India,,,,,,,,,English,Good,Good,Good,Hindi,Good,Good,Good,Marathi,Good,Good,Good,Guddu,Software Engineer,London,8009800998,,,Naukri.com
88995,Major,Uday,Bhan,uday.bhan@mailinator.com898,7864823898,7894923645,13/04/1990,M,Single,PAN167694898,No,Behind Yaga Baba Hostel Baner,426194,KANPUR,India,579700,1340000,Mumbai,579000,2,1,30,12/06/2004,13/07/2006,Full Time,Uttar Pradesh State Board,Saraswati Vidya Mandir Kanpur,NA,92,10th,14/02/2007,25/03/2010,Full Time,Uttar Pradesh State Board,Radha Niketan College Kanpur,Electronics & Telecommunication,93,12th,14/03/2010,18/09/2014,Full Time,NITA,Motilal Nehru National Institute of Technology Allahabad,Electronics & Telecommunication,81,BE,20/07/2015,22/01/2018,Full Time,NITIE,NITIE Mumbai,Mining Engineering,87,ME,0,29/03/2017,19/09/2018,Full Time,Junior Technical Consultant,TCS,Manufacturing,AGRA,India,,,,,,,,,English,Good,Good,Good,Hindi,Good,Good,Good,Marathi,Good,Good,Good,Guddu,Software Engineer,London,8009800998,,,Naukri.com
88995,Major,Uday,Bhan,uday.bhan@mailinator.com899,7864823899,7894923645,13/04/1990,M,Single,PAN167694899,No,Behind Yaga Baba Hostel Baner,426194,KANPUR,India,579700,1340000,Mumbai,579000,2,1,30,12/06/2004,13/07/2006,Full Time,Uttar Pradesh State Board,Saraswati Vidya Mandir Kanpur,NA,92,10th,14/02/2007,25/03/2010,Full Time,Uttar Pradesh State Board,Radha Niketan College Kanpur,Electronics & Telecommunication,93,12th,14/03/2010,18/09/2014,Full Time,NITA,Motilal Nehru National Institute of Technology Allahabad,Electronics & Telecommunication,81,BE,20/07/2015,22/01/2018,Full Time,NITIE,NITIE Mumbai,Mining Engineering,87,ME,0,29/03/2017,19/09/2018,Full Time,Junior Technical Consultant,TCS,Manufacturing,AGRA,India,,,,,,,,,English,Good,Good,Good,Hindi,Good,Good,Good,Marathi,Good,Good,Good,Guddu,Software Engineer,London,8009800998,,,Naukri.com
88995,Major,Uday,Bhan,uday.bhan@mailinator.com900,7864823900,7894923645,13/04/1990,M,Single,PAN167694900,No,Behind Yaga Baba Hostel Baner,426194,KANPUR,India,579700,1340000,Mumbai,579000,2,1,30,12/06/2004,13/07/2006,Full Time,Uttar Pradesh State Board,Saraswati Vidya Mandir Kanpur,NA,92,10th,14/02/2007,25/03/2010,Full Time,Uttar Pradesh State Board,Radha Niketan College Kanpur,Electronics & Telecommunication,93,12th,14/03/2010,18/09/2014,Full Time,NITA,Motilal Nehru National Institute of Technology Allahabad,Electronics & Telecommunication,81,BE,20/07/2015,22/01/2018,Full Time,NITIE,NITIE Mumbai,Mining Engineering,87,ME,0,29/03/2017,19/09/2018,Full Time,Junior Technical Consultant,TCS,Manufacturing,AGRA,India,,,,,,,,,English,Good,Good,Good,Hindi,Good,Good,Good,Marathi,Good,Good,Good,Guddu,Software Engineer,London,8009800998,,,Naukri.com
88995,Major,Uday,Bhan,uday.bhan@mailinator.com901,7864823901,7894923645,13/04/1990,M,Single,PAN167694901,No,Behind Yaga Baba Hostel Baner,426194,KANPUR,India,579700,1340000,Mumbai,579000,2,1,30,12/06/2004,13/07/2006,Full Time,Uttar Pradesh State Board,Saraswati Vidya Mandir Kanpur,NA,92,10th,14/02/2007,25/03/2010,Full Time,Uttar Pradesh State Board,Radha Niketan College Kanpur,Electronics & Telecommunication,93,12th,14/03/2010,18/09/2014,Full Time,NITA,Motilal Nehru National Institute of Technology Allahabad,Electronics & Telecommunication,81,BE,20/07/2015,22/01/2018,Full Time,NITIE,NITIE Mumbai,Mining Engineering,87,ME,0,29/03/2017,19/09/2018,Full Time,Junior Technical Consultant,TCS,Manufacturing,AGRA,India,,,,,,,,,English,Good,Good,Good,Hindi,Good,Good,Good,Marathi,Good,Good,Good,Guddu,Software Engineer,London,8009800998,,,Naukri.com
88995,Major,Uday,Bhan,uday.bhan@mailinator.com902,7864823902,7894923645,13/04/1990,M,Single,PAN167694902,No,Behind Yaga Baba Hostel Baner,426194,KANPUR,India,579700,1340000,Mumbai,579000,2,1,30,12/06/2004,13/07/2006,Full Time,Uttar Pradesh State Board,Saraswati Vidya Mandir Kanpur,NA,92,10th,14/02/2007,25/03/2010,Full Time,Uttar Pradesh State Board,Radha Niketan College Kanpur,Electronics & Telecommunication,93,12th,14/03/2010,18/09/2014,Full Time,NITA,Motilal Nehru National Institute of Technology Allahabad,Electronics & Telecommunication,81,BE,20/07/2015,22/01/2018,Full Time,NITIE,NITIE Mumbai,Mining Engineering,87,ME,0,29/03/2017,19/09/2018,Full Time,Junior Technical Consultant,TCS,Manufacturing,AGRA,India,,,,,,,,,English,Good,Good,Good,Hindi,Good,Good,Good,Marathi,Good,Good,Good,Guddu,Software Engineer,London,8009800998,,,Naukri.com
88995,Major,Uday,Bhan,uday.bhan@mailinator.com903,7864823903,7894923645,13/04/1990,M,Single,PAN167694903,No,Behind Yaga Baba Hostel Baner,426194,KANPUR,India,579700,1340000,Mumbai,579000,2,1,30,12/06/2004,13/07/2006,Full Time,Uttar Pradesh State Board,Saraswati Vidya Mandir Kanpur,NA,92,10th,14/02/2007,25/03/2010,Full Time,Uttar Pradesh State Board,Radha Niketan College Kanpur,Electronics & Telecommunication,93,12th,14/03/2010,18/09/2014,Full Time,NITA,Motilal Nehru National Institute of Technology Allahabad,Electronics & Telecommunication,81,BE,20/07/2015,22/01/2018,Full Time,NITIE,NITIE Mumbai,Mining Engineering,87,ME,0,29/03/2017,19/09/2018,Full Time,Junior Technical Consultant,TCS,Manufacturing,AGRA,India,,,,,,,,,English,Good,Good,Good,Hindi,Good,Good,Good,Marathi,Good,Good,Good,Guddu,Software Engineer,London,8009800998,,,Naukri.com
88995,Major,Uday,Bhan,uday.bhan@mailinator.com904,7864823904,7894923645,13/04/1990,M,Single,PAN167694904,No,Behind Yaga Baba Hostel Baner,426194,KANPUR,India,579700,1340000,Mumbai,579000,2,1,30,12/06/2004,13/07/2006,Full Time,Uttar Pradesh State Board,Saraswati Vidya Mandir Kanpur,NA,92,10th,14/02/2007,25/03/2010,Full Time,Uttar Pradesh State Board,Radha Niketan College Kanpur,Electronics & Telecommunication,93,12th,14/03/2010,18/09/2014,Full Time,NITA,Motilal Nehru National Institute of Technology Allahabad,Electronics & Telecommunication,81,BE,20/07/2015,22/01/2018,Full Time,NITIE,NITIE Mumbai,Mining Engineering,87,ME,0,29/03/2017,19/09/2018,Full Time,Junior Technical Consultant,TCS,Manufacturing,AGRA,India,,,,,,,,,English,Good,Good,Good,Hindi,Good,Good,Good,Marathi,Good,Good,Good,Guddu,Software Engineer,London,8009800998,,,Naukri.com
88995,Major,Uday,Bhan,uday.bhan@mailinator.com905,7864823905,7894923645,13/04/1990,M,Single,PAN167694905,No,Behind Yaga Baba Hostel Baner,426194,KANPUR,India,579700,1340000,Mumbai,579000,2,1,30,12/06/2004,13/07/2006,Full Time,Uttar Pradesh State Board,Saraswati Vidya Mandir Kanpur,NA,92,10th,14/02/2007,25/03/2010,Full Time,Uttar Pradesh State Board,Radha Niketan College Kanpur,Electronics & Telecommunication,93,12th,14/03/2010,18/09/2014,Full Time,NITA,Motilal Nehru National Institute of Technology Allahabad,Electronics & Telecommunication,81,BE,20/07/2015,22/01/2018,Full Time,NITIE,NITIE Mumbai,Mining Engineering,87,ME,0,29/03/2017,19/09/2018,Full Time,Junior Technical Consultant,TCS,Manufacturing,AGRA,India,,,,,,,,,English,Good,Good,Good,Hindi,Good,Good,Good,Marathi,Good,Good,Good,Guddu,Software Engineer,London,8009800998,,,Naukri.com
88995,Major,Uday,Bhan,uday.bhan@mailinator.com906,7864823906,7894923645,13/04/1990,M,Single,PAN167694906,No,Behind Yaga Baba Hostel Baner,426194,KANPUR,India,579700,1340000,Mumbai,579000,2,1,30,12/06/2004,13/07/2006,Full Time,Uttar Pradesh State Board,Saraswati Vidya Mandir Kanpur,NA,92,10th,14/02/2007,25/03/2010,Full Time,Uttar Pradesh State Board,Radha Niketan College Kanpur,Electronics & Telecommunication,93,12th,14/03/2010,18/09/2014,Full Time,NITA,Motilal Nehru National Institute of Technology Allahabad,Electronics & Telecommunication,81,BE,20/07/2015,22/01/2018,Full Time,NITIE,NITIE Mumbai,Mining Engineering,87,ME,0,29/03/2017,19/09/2018,Full Time,Junior Technical Consultant,TCS,Manufacturing,AGRA,India,,,,,,,,,English,Good,Good,Good,Hindi,Good,Good,Good,Marathi,Good,Good,Good,Guddu,Software Engineer,London,8009800998,,,Naukri.com
88995,Major,Uday,Bhan,uday.bhan@mailinator.com907,7864823907,7894923645,13/04/1990,M,Single,PAN167694907,No,Behind Yaga Baba Hostel Baner,426194,KANPUR,India,579700,1340000,Mumbai,579000,2,1,30,12/06/2004,13/07/2006,Full Time,Uttar Pradesh State Board,Saraswati Vidya Mandir Kanpur,NA,92,10th,14/02/2007,25/03/2010,Full Time,Uttar Pradesh State Board,Radha Niketan College Kanpur,Electronics & Telecommunication,93,12th,14/03/2010,18/09/2014,Full Time,NITA,Motilal Nehru National Institute of Technology Allahabad,Electronics & Telecommunication,81,BE,20/07/2015,22/01/2018,Full Time,NITIE,NITIE Mumbai,Mining Engineering,87,ME,0,29/03/2017,19/09/2018,Full Time,Junior Technical Consultant,TCS,Manufacturing,AGRA,India,,,,,,,,,English,Good,Good,Good,Hindi,Good,Good,Good,Marathi,Good,Good,Good,Guddu,Software Engineer,London,8009800998,,,Naukri.com
88995,Major,Uday,Bhan,uday.bhan@mailinator.com908,7864823908,7894923645,13/04/1990,M,Single,PAN167694908,No,Behind Yaga Baba Hostel Baner,426194,KANPUR,India,579700,1340000,Mumbai,579000,2,1,30,12/06/2004,13/07/2006,Full Time,Uttar Pradesh State Board,Saraswati Vidya Mandir Kanpur,NA,92,10th,14/02/2007,25/03/2010,Full Time,Uttar Pradesh State Board,Radha Niketan College Kanpur,Electronics & Telecommunication,93,12th,14/03/2010,18/09/2014,Full Time,NITA,Motilal Nehru National Institute of Technology Allahabad,Electronics & Telecommunication,81,BE,20/07/2015,22/01/2018,Full Time,NITIE,NITIE Mumbai,Mining Engineering,87,ME,0,29/03/2017,19/09/2018,Full Time,Junior Technical Consultant,TCS,Manufacturing,AGRA,India,,,,,,,,,English,Good,Good,Good,Hindi,Good,Good,Good,Marathi,Good,Good,Good,Guddu,Software Engineer,London,8009800998,,,Naukri.com
88995,Major,Uday,Bhan,uday.bhan@mailinator.com909,7864823909,7894923645,13/04/1990,M,Single,PAN167694909,No,Behind Yaga Baba Hostel Baner,426194,KANPUR,India,579700,1340000,Mumbai,579000,2,1,30,12/06/2004,13/07/2006,Full Time,Uttar Pradesh State Board,Saraswati Vidya Mandir Kanpur,NA,92,10th,14/02/2007,25/03/2010,Full Time,Uttar Pradesh State Board,Radha Niketan College Kanpur,Electronics & Telecommunication,93,12th,14/03/2010,18/09/2014,Full Time,NITA,Motilal Nehru National Institute of Technology Allahabad,Electronics & Telecommunication,81,BE,20/07/2015,22/01/2018,Full Time,NITIE,NITIE Mumbai,Mining Engineering,87,ME,0,29/03/2017,19/09/2018,Full Time,Junior Technical Consultant,TCS,Manufacturing,AGRA,India,,,,,,,,,English,Good,Good,Good,Hindi,Good,Good,Good,Marathi,Good,Good,Good,Guddu,Software Engineer,London,8009800998,,,Naukri.com
88995,Major,Uday,Bhan,uday.bhan@mailinator.com910,7864823910,7894923645,13/04/1990,M,Single,PAN167694910,No,Behind Yaga Baba Hostel Baner,426194,KANPUR,India,579700,1340000,Mumbai,579000,2,1,30,12/06/2004,13/07/2006,Full Time,Uttar Pradesh State Board,Saraswati Vidya Mandir Kanpur,NA,92,10th,14/02/2007,25/03/2010,Full Time,Uttar Pradesh State Board,Radha Niketan College Kanpur,Electronics & Telecommunication,93,12th,14/03/2010,18/09/2014,Full Time,NITA,Motilal Nehru National Institute of Technology Allahabad,Electronics & Telecommunication,81,BE,20/07/2015,22/01/2018,Full Time,NITIE,NITIE Mumbai,Mining Engineering,87,ME,0,29/03/2017,19/09/2018,Full Time,Junior Technical Consultant,TCS,Manufacturing,AGRA,India,,,,,,,,,English,Good,Good,Good,Hindi,Good,Good,Good,Marathi,Good,Good,Good,Guddu,Software Engineer,London,8009800998,,,Naukri.com
88995,Major,Uday,Bhan,uday.bhan@mailinator.com911,7864823911,7894923645,13/04/1990,M,Single,PAN167694911,No,Behind Yaga Baba Hostel Baner,426194,KANPUR,India,579700,1340000,Mumbai,579000,2,1,30,12/06/2004,13/07/2006,Full Time,Uttar Pradesh State Board,Saraswati Vidya Mandir Kanpur,NA,92,10th,14/02/2007,25/03/2010,Full Time,Uttar Pradesh State Board,Radha Niketan College Kanpur,Electronics & Telecommunication,93,12th,14/03/2010,18/09/2014,Full Time,NITA,Motilal Nehru National Institute of Technology Allahabad,Electronics & Telecommunication,81,BE,20/07/2015,22/01/2018,Full Time,NITIE,NITIE Mumbai,Mining Engineering,87,ME,0,29/03/2017,19/09/2018,Full Time,Junior Technical Consultant,TCS,Manufacturing,AGRA,India,,,,,,,,,English,Good,Good,Good,Hindi,Good,Good,Good,Marathi,Good,Good,Good,Guddu,Software Engineer,London,8009800998,,,Naukri.com
88995,Major,Uday,Bhan,uday.bhan@mailinator.com912,7864823912,7894923645,13/04/1990,M,Single,PAN167694912,No,Behind Yaga Baba Hostel Baner,426194,KANPUR,India,579700,1340000,Mumbai,579000,2,1,30,12/06/2004,13/07/2006,Full Time,Uttar Pradesh State Board,Saraswati Vidya Mandir Kanpur,NA,92,10th,14/02/2007,25/03/2010,Full Time,Uttar Pradesh State Board,Radha Niketan College Kanpur,Electronics & Telecommunication,93,12th,14/03/2010,18/09/2014,Full Time,NITA,Motilal Nehru National Institute of Technology Allahabad,Electronics & Telecommunication,81,BE,20/07/2015,22/01/2018,Full Time,NITIE,NITIE Mumbai,Mining Engineering,87,ME,0,29/03/2017,19/09/2018,Full Time,Junior Technical Consultant,TCS,Manufacturing,AGRA,India,,,,,,,,,English,Good,Good,Good,Hindi,Good,Good,Good,Marathi,Good,Good,Good,Guddu,Software Engineer,London,8009800998,,,Naukri.com
88995,Major,Uday,Bhan,uday.bhan@mailinator.com913,7864823913,7894923645,13/04/1990,M,Single,PAN167694913,No,Behind Yaga Baba Hostel Baner,426194,KANPUR,India,579700,1340000,Mumbai,579000,2,1,30,12/06/2004,13/07/2006,Full Time,Uttar Pradesh State Board,Saraswati Vidya Mandir Kanpur,NA,92,10th,14/02/2007,25/03/2010,Full Time,Uttar Pradesh State Board,Radha Niketan College Kanpur,Electronics & Telecommunication,93,12th,14/03/2010,18/09/2014,Full Time,NITA,Motilal Nehru National Institute of Technology Allahabad,Electronics & Telecommunication,81,BE,20/07/2015,22/01/2018,Full Time,NITIE,NITIE Mumbai,Mining Engineering,87,ME,0,29/03/2017,19/09/2018,Full Time,Junior Technical Consultant,TCS,Manufacturing,AGRA,India,,,,,,,,,English,Good,Good,Good,Hindi,Good,Good,Good,Marathi,Good,Good,Good,Guddu,Software Engineer,London,8009800998,,,Naukri.com
88995,Major,Uday,Bhan,uday.bhan@mailinator.com914,7864823914,7894923645,13/04/1990,M,Single,PAN167694914,No,Behind Yaga Baba Hostel Baner,426194,KANPUR,India,579700,1340000,Mumbai,579000,2,1,30,12/06/2004,13/07/2006,Full Time,Uttar Pradesh State Board,Saraswati Vidya Mandir Kanpur,NA,92,10th,14/02/2007,25/03/2010,Full Time,Uttar Pradesh State Board,Radha Niketan College Kanpur,Electronics & Telecommunication,93,12th,14/03/2010,18/09/2014,Full Time,NITA,Motilal Nehru National Institute of Technology Allahabad,Electronics & Telecommunication,81,BE,20/07/2015,22/01/2018,Full Time,NITIE,NITIE Mumbai,Mining Engineering,87,ME,0,29/03/2017,19/09/2018,Full Time,Junior Technical Consultant,TCS,Manufacturing,AGRA,India,,,,,,,,,English,Good,Good,Good,Hindi,Good,Good,Good,Marathi,Good,Good,Good,Guddu,Software Engineer,London,8009800998,,,Naukri.com
88995,Major,Uday,Bhan,uday.bhan@mailinator.com915,7864823915,7894923645,13/04/1990,M,Single,PAN167694915,No,Behind Yaga Baba Hostel Baner,426194,KANPUR,India,579700,1340000,Mumbai,579000,2,1,30,12/06/2004,13/07/2006,Full Time,Uttar Pradesh State Board,Saraswati Vidya Mandir Kanpur,NA,92,10th,14/02/2007,25/03/2010,Full Time,Uttar Pradesh State Board,Radha Niketan College Kanpur,Electronics & Telecommunication,93,12th,14/03/2010,18/09/2014,Full Time,NITA,Motilal Nehru National Institute of Technology Allahabad,Electronics & Telecommunication,81,BE,20/07/2015,22/01/2018,Full Time,NITIE,NITIE Mumbai,Mining Engineering,87,ME,0,29/03/2017,19/09/2018,Full Time,Junior Technical Consultant,TCS,Manufacturing,AGRA,India,,,,,,,,,English,Good,Good,Good,Hindi,Good,Good,Good,Marathi,Good,Good,Good,Guddu,Software Engineer,London,8009800998,,,Naukri.com
88995,Major,Uday,Bhan,uday.bhan@mailinator.com916,7864823916,7894923645,13/04/1990,M,Single,PAN167694916,No,Behind Yaga Baba Hostel Baner,426194,KANPUR,India,579700,1340000,Mumbai,579000,2,1,30,12/06/2004,13/07/2006,Full Time,Uttar Pradesh State Board,Saraswati Vidya Mandir Kanpur,NA,92,10th,14/02/2007,25/03/2010,Full Time,Uttar Pradesh State Board,Radha Niketan College Kanpur,Electronics & Telecommunication,93,12th,14/03/2010,18/09/2014,Full Time,NITA,Motilal Nehru National Institute of Technology Allahabad,Electronics & Telecommunication,81,BE,20/07/2015,22/01/2018,Full Time,NITIE,NITIE Mumbai,Mining Engineering,87,ME,0,29/03/2017,19/09/2018,Full Time,Junior Technical Consultant,TCS,Manufacturing,AGRA,India,,,,,,,,,English,Good,Good,Good,Hindi,Good,Good,Good,Marathi,Good,Good,Good,Guddu,Software Engineer,London,8009800998,,,Naukri.com
88995,Major,Uday,Bhan,uday.bhan@mailinator.com917,7864823917,7894923645,13/04/1990,M,Single,PAN167694917,No,Behind Yaga Baba Hostel Baner,426194,KANPUR,India,579700,1340000,Mumbai,579000,2,1,30,12/06/2004,13/07/2006,Full Time,Uttar Pradesh State Board,Saraswati Vidya Mandir Kanpur,NA,92,10th,14/02/2007,25/03/2010,Full Time,Uttar Pradesh State Board,Radha Niketan College Kanpur,Electronics & Telecommunication,93,12th,14/03/2010,18/09/2014,Full Time,NITA,Motilal Nehru National Institute of Technology Allahabad,Electronics & Telecommunication,81,BE,20/07/2015,22/01/2018,Full Time,NITIE,NITIE Mumbai,Mining Engineering,87,ME,0,29/03/2017,19/09/2018,Full Time,Junior Technical Consultant,TCS,Manufacturing,AGRA,India,,,,,,,,,English,Good,Good,Good,Hindi,Good,Good,Good,Marathi,Good,Good,Good,Guddu,Software Engineer,London,8009800998,,,Naukri.com
88995,Major,Uday,Bhan,uday.bhan@mailinator.com918,7864823918,7894923645,13/04/1990,M,Single,PAN167694918,No,Behind Yaga Baba Hostel Baner,426194,KANPUR,India,579700,1340000,Mumbai,579000,2,1,30,12/06/2004,13/07/2006,Full Time,Uttar Pradesh State Board,Saraswati Vidya Mandir Kanpur,NA,92,10th,14/02/2007,25/03/2010,Full Time,Uttar Pradesh State Board,Radha Niketan College Kanpur,Electronics & Telecommunication,93,12th,14/03/2010,18/09/2014,Full Time,NITA,Motilal Nehru National Institute of Technology Allahabad,Electronics & Telecommunication,81,BE,20/07/2015,22/01/2018,Full Time,NITIE,NITIE Mumbai,Mining Engineering,87,ME,0,29/03/2017,19/09/2018,Full Time,Junior Technical Consultant,TCS,Manufacturing,AGRA,India,,,,,,,,,English,Good,Good,Good,Hindi,Good,Good,Good,Marathi,Good,Good,Good,Guddu,Software Engineer,London,8009800998,,,Naukri.com
88995,Major,Uday,Bhan,uday.bhan@mailinator.com919,7864823919,7894923645,13/04/1990,M,Single,PAN167694919,No,Behind Yaga Baba Hostel Baner,426194,KANPUR,India,579700,1340000,Mumbai,579000,2,1,30,12/06/2004,13/07/2006,Full Time,Uttar Pradesh State Board,Saraswati Vidya Mandir Kanpur,NA,92,10th,14/02/2007,25/03/2010,Full Time,Uttar Pradesh State Board,Radha Niketan College Kanpur,Electronics & Telecommunication,93,12th,14/03/2010,18/09/2014,Full Time,NITA,Motilal Nehru National Institute of Technology Allahabad,Electronics & Telecommunication,81,BE,20/07/2015,22/01/2018,Full Time,NITIE,NITIE Mumbai,Mining Engineering,87,ME,0,29/03/2017,19/09/2018,Full Time,Junior Technical Consultant,TCS,Manufacturing,AGRA,India,,,,,,,,,English,Good,Good,Good,Hindi,Good,Good,Good,Marathi,Good,Good,Good,Guddu,Software Engineer,London,8009800998,,,Naukri.com
88995,Major,Uday,Bhan,uday.bhan@mailinator.com920,7864823920,7894923645,13/04/1990,M,Single,PAN167694920,No,Behind Yaga Baba Hostel Baner,426194,KANPUR,India,579700,1340000,Mumbai,579000,2,1,30,12/06/2004,13/07/2006,Full Time,Uttar Pradesh State Board,Saraswati Vidya Mandir Kanpur,NA,92,10th,14/02/2007,25/03/2010,Full Time,Uttar Pradesh State Board,Radha Niketan College Kanpur,Electronics & Telecommunication,93,12th,14/03/2010,18/09/2014,Full Time,NITA,Motilal Nehru National Institute of Technology Allahabad,Electronics & Telecommunication,81,BE,20/07/2015,22/01/2018,Full Time,NITIE,NITIE Mumbai,Mining Engineering,87,ME,0,29/03/2017,19/09/2018,Full Time,Junior Technical Consultant,TCS,Manufacturing,AGRA,India,,,,,,,,,English,Good,Good,Good,Hindi,Good,Good,Good,Marathi,Good,Good,Good,Guddu,Software Engineer,London,8009800998,,,Naukri.com
88995,Major,Uday,Bhan,uday.bhan@mailinator.com921,7864823921,7894923645,13/04/1990,M,Single,PAN167694921,No,Behind Yaga Baba Hostel Baner,426194,KANPUR,India,579700,1340000,Mumbai,579000,2,1,30,12/06/2004,13/07/2006,Full Time,Uttar Pradesh State Board,Saraswati Vidya Mandir Kanpur,NA,92,10th,14/02/2007,25/03/2010,Full Time,Uttar Pradesh State Board,Radha Niketan College Kanpur,Electronics & Telecommunication,93,12th,14/03/2010,18/09/2014,Full Time,NITA,Motilal Nehru National Institute of Technology Allahabad,Electronics & Telecommunication,81,BE,20/07/2015,22/01/2018,Full Time,NITIE,NITIE Mumbai,Mining Engineering,87,ME,0,29/03/2017,19/09/2018,Full Time,Junior Technical Consultant,TCS,Manufacturing,AGRA,India,,,,,,,,,English,Good,Good,Good,Hindi,Good,Good,Good,Marathi,Good,Good,Good,Guddu,Software Engineer,London,8009800998,,,Naukri.com
88995,Major,Uday,Bhan,uday.bhan@mailinator.com922,7864823922,7894923645,13/04/1990,M,Single,PAN167694922,No,Behind Yaga Baba Hostel Baner,426194,KANPUR,India,579700,1340000,Mumbai,579000,2,1,30,12/06/2004,13/07/2006,Full Time,Uttar Pradesh State Board,Saraswati Vidya Mandir Kanpur,NA,92,10th,14/02/2007,25/03/2010,Full Time,Uttar Pradesh State Board,Radha Niketan College Kanpur,Electronics & Telecommunication,93,12th,14/03/2010,18/09/2014,Full Time,NITA,Motilal Nehru National Institute of Technology Allahabad,Electronics & Telecommunication,81,BE,20/07/2015,22/01/2018,Full Time,NITIE,NITIE Mumbai,Mining Engineering,87,ME,0,29/03/2017,19/09/2018,Full Time,Junior Technical Consultant,TCS,Manufacturing,AGRA,India,,,,,,,,,English,Good,Good,Good,Hindi,Good,Good,Good,Marathi,Good,Good,Good,Guddu,Software Engineer,London,8009800998,,,Naukri.com
88995,Major,Uday,Bhan,uday.bhan@mailinator.com923,7864823923,7894923645,13/04/1990,M,Single,PAN167694923,No,Behind Yaga Baba Hostel Baner,426194,KANPUR,India,579700,1340000,Mumbai,579000,2,1,30,12/06/2004,13/07/2006,Full Time,Uttar Pradesh State Board,Saraswati Vidya Mandir Kanpur,NA,92,10th,14/02/2007,25/03/2010,Full Time,Uttar Pradesh State Board,Radha Niketan College Kanpur,Electronics & Telecommunication,93,12th,14/03/2010,18/09/2014,Full Time,NITA,Motilal Nehru National Institute of Technology Allahabad,Electronics & Telecommunication,81,BE,20/07/2015,22/01/2018,Full Time,NITIE,NITIE Mumbai,Mining Engineering,87,ME,0,29/03/2017,19/09/2018,Full Time,Junior Technical Consultant,TCS,Manufacturing,AGRA,India,,,,,,,,,English,Good,Good,Good,Hindi,Good,Good,Good,Marathi,Good,Good,Good,Guddu,Software Engineer,London,8009800998,,,Naukri.com
88995,Major,Uday,Bhan,uday.bhan@mailinator.com924,7864823924,7894923645,13/04/1990,M,Single,PAN167694924,No,Behind Yaga Baba Hostel Baner,426194,KANPUR,India,579700,1340000,Mumbai,579000,2,1,30,12/06/2004,13/07/2006,Full Time,Uttar Pradesh State Board,Saraswati Vidya Mandir Kanpur,NA,92,10th,14/02/2007,25/03/2010,Full Time,Uttar Pradesh State Board,Radha Niketan College Kanpur,Electronics & Telecommunication,93,12th,14/03/2010,18/09/2014,Full Time,NITA,Motilal Nehru National Institute of Technology Allahabad,Electronics & Telecommunication,81,BE,20/07/2015,22/01/2018,Full Time,NITIE,NITIE Mumbai,Mining Engineering,87,ME,0,29/03/2017,19/09/2018,Full Time,Junior Technical Consultant,TCS,Manufacturing,AGRA,India,,,,,,,,,English,Good,Good,Good,Hindi,Good,Good,Good,Marathi,Good,Good,Good,Guddu,Software Engineer,London,8009800998,,,Naukri.com
88995,Major,Uday,Bhan,uday.bhan@mailinator.com925,7864823925,7894923645,13/04/1990,M,Single,PAN167694925,No,Behind Yaga Baba Hostel Baner,426194,KANPUR,India,579700,1340000,Mumbai,579000,2,1,30,12/06/2004,13/07/2006,Full Time,Uttar Pradesh State Board,Saraswati Vidya Mandir Kanpur,NA,92,10th,14/02/2007,25/03/2010,Full Time,Uttar Pradesh State Board,Radha Niketan College Kanpur,Electronics & Telecommunication,93,12th,14/03/2010,18/09/2014,Full Time,NITA,Motilal Nehru National Institute of Technology Allahabad,Electronics & Telecommunication,81,BE,20/07/2015,22/01/2018,Full Time,NITIE,NITIE Mumbai,Mining Engineering,87,ME,0,29/03/2017,19/09/2018,Full Time,Junior Technical Consultant,TCS,Manufacturing,AGRA,India,,,,,,,,,English,Good,Good,Good,Hindi,Good,Good,Good,Marathi,Good,Good,Good,Guddu,Software Engineer,London,8009800998,,,Naukri.com
88995,Major,Uday,Bhan,uday.bhan@mailinator.com926,7864823926,7894923645,13/04/1990,M,Single,PAN167694926,No,Behind Yaga Baba Hostel Baner,426194,KANPUR,India,579700,1340000,Mumbai,579000,2,1,30,12/06/2004,13/07/2006,Full Time,Uttar Pradesh State Board,Saraswati Vidya Mandir Kanpur,NA,92,10th,14/02/2007,25/03/2010,Full Time,Uttar Pradesh State Board,Radha Niketan College Kanpur,Electronics & Telecommunication,93,12th,14/03/2010,18/09/2014,Full Time,NITA,Motilal Nehru National Institute of Technology Allahabad,Electronics & Telecommunication,81,BE,20/07/2015,22/01/2018,Full Time,NITIE,NITIE Mumbai,Mining Engineering,87,ME,0,29/03/2017,19/09/2018,Full Time,Junior Technical Consultant,TCS,Manufacturing,AGRA,India,,,,,,,,,English,Good,Good,Good,Hindi,Good,Good,Good,Marathi,Good,Good,Good,Guddu,Software Engineer,London,8009800998,,,Naukri.com
88995,Major,Uday,Bhan,uday.bhan@mailinator.com927,7864823927,7894923645,13/04/1990,M,Single,PAN167694927,No,Behind Yaga Baba Hostel Baner,426194,KANPUR,India,579700,1340000,Mumbai,579000,2,1,30,12/06/2004,13/07/2006,Full Time,Uttar Pradesh State Board,Saraswati Vidya Mandir Kanpur,NA,92,10th,14/02/2007,25/03/2010,Full Time,Uttar Pradesh State Board,Radha Niketan College Kanpur,Electronics & Telecommunication,93,12th,14/03/2010,18/09/2014,Full Time,NITA,Motilal Nehru National Institute of Technology Allahabad,Electronics & Telecommunication,81,BE,20/07/2015,22/01/2018,Full Time,NITIE,NITIE Mumbai,Mining Engineering,87,ME,0,29/03/2017,19/09/2018,Full Time,Junior Technical Consultant,TCS,Manufacturing,AGRA,India,,,,,,,,,English,Good,Good,Good,Hindi,Good,Good,Good,Marathi,Good,Good,Good,Guddu,Software Engineer,London,8009800998,,,Naukri.com
88995,Major,Uday,Bhan,uday.bhan@mailinator.com928,7864823928,7894923645,13/04/1990,M,Single,PAN167694928,No,Behind Yaga Baba Hostel Baner,426194,KANPUR,India,579700,1340000,Mumbai,579000,2,1,30,12/06/2004,13/07/2006,Full Time,Uttar Pradesh State Board,Saraswati Vidya Mandir Kanpur,NA,92,10th,14/02/2007,25/03/2010,Full Time,Uttar Pradesh State Board,Radha Niketan College Kanpur,Electronics & Telecommunication,93,12th,14/03/2010,18/09/2014,Full Time,NITA,Motilal Nehru National Institute of Technology Allahabad,Electronics & Telecommunication,81,BE,20/07/2015,22/01/2018,Full Time,NITIE,NITIE Mumbai,Mining Engineering,87,ME,0,29/03/2017,19/09/2018,Full Time,Junior Technical Consultant,TCS,Manufacturing,AGRA,India,,,,,,,,,English,Good,Good,Good,Hindi,Good,Good,Good,Marathi,Good,Good,Good,Guddu,Software Engineer,London,8009800998,,,Naukri.com
88995,Major,Uday,Bhan,uday.bhan@mailinator.com929,7864823929,7894923645,13/04/1990,M,Single,PAN167694929,No,Behind Yaga Baba Hostel Baner,426194,KANPUR,India,579700,1340000,Mumbai,579000,2,1,30,12/06/2004,13/07/2006,Full Time,Uttar Pradesh State Board,Saraswati Vidya Mandir Kanpur,NA,92,10th,14/02/2007,25/03/2010,Full Time,Uttar Pradesh State Board,Radha Niketan College Kanpur,Electronics & Telecommunication,93,12th,14/03/2010,18/09/2014,Full Time,NITA,Motilal Nehru National Institute of Technology Allahabad,Electronics & Telecommunication,81,BE,20/07/2015,22/01/2018,Full Time,NITIE,NITIE Mumbai,Mining Engineering,87,ME,0,29/03/2017,19/09/2018,Full Time,Junior Technical Consultant,TCS,Manufacturing,AGRA,India,,,,,,,,,English,Good,Good,Good,Hindi,Good,Good,Good,Marathi,Good,Good,Good,Guddu,Software Engineer,London,8009800998,,,Naukri.com
88995,Major,Uday,Bhan,uday.bhan@mailinator.com930,7864823930,7894923645,13/04/1990,M,Single,PAN167694930,No,Behind Yaga Baba Hostel Baner,426194,KANPUR,India,579700,1340000,Mumbai,579000,2,1,30,12/06/2004,13/07/2006,Full Time,Uttar Pradesh State Board,Saraswati Vidya Mandir Kanpur,NA,92,10th,14/02/2007,25/03/2010,Full Time,Uttar Pradesh State Board,Radha Niketan College Kanpur,Electronics & Telecommunication,93,12th,14/03/2010,18/09/2014,Full Time,NITA,Motilal Nehru National Institute of Technology Allahabad,Electronics & Telecommunication,81,BE,20/07/2015,22/01/2018,Full Time,NITIE,NITIE Mumbai,Mining Engineering,87,ME,0,29/03/2017,19/09/2018,Full Time,Junior Technical Consultant,TCS,Manufacturing,AGRA,India,,,,,,,,,English,Good,Good,Good,Hindi,Good,Good,Good,Marathi,Good,Good,Good,Guddu,Software Engineer,London,8009800998,,,Naukri.com
88995,Major,Uday,Bhan,uday.bhan@mailinator.com931,7864823931,7894923645,13/04/1990,M,Single,PAN167694931,No,Behind Yaga Baba Hostel Baner,426194,KANPUR,India,579700,1340000,Mumbai,579000,2,1,30,12/06/2004,13/07/2006,Full Time,Uttar Pradesh State Board,Saraswati Vidya Mandir Kanpur,NA,92,10th,14/02/2007,25/03/2010,Full Time,Uttar Pradesh State Board,Radha Niketan College Kanpur,Electronics & Telecommunication,93,12th,14/03/2010,18/09/2014,Full Time,NITA,Motilal Nehru National Institute of Technology Allahabad,Electronics & Telecommunication,81,BE,20/07/2015,22/01/2018,Full Time,NITIE,NITIE Mumbai,Mining Engineering,87,ME,0,29/03/2017,19/09/2018,Full Time,Junior Technical Consultant,TCS,Manufacturing,AGRA,India,,,,,,,,,English,Good,Good,Good,Hindi,Good,Good,Good,Marathi,Good,Good,Good,Guddu,Software Engineer,London,8009800998,,,Naukri.com
88995,Major,Uday,Bhan,uday.bhan@mailinator.com932,7864823932,7894923645,13/04/1990,M,Single,PAN167694932,No,Behind Yaga Baba Hostel Baner,426194,KANPUR,India,579700,1340000,Mumbai,579000,2,1,30,12/06/2004,13/07/2006,Full Time,Uttar Pradesh State Board,Saraswati Vidya Mandir Kanpur,NA,92,10th,14/02/2007,25/03/2010,Full Time,Uttar Pradesh State Board,Radha Niketan College Kanpur,Electronics & Telecommunication,93,12th,14/03/2010,18/09/2014,Full Time,NITA,Motilal Nehru National Institute of Technology Allahabad,Electronics & Telecommunication,81,BE,20/07/2015,22/01/2018,Full Time,NITIE,NITIE Mumbai,Mining Engineering,87,ME,0,29/03/2017,19/09/2018,Full Time,Junior Technical Consultant,TCS,Manufacturing,AGRA,India,,,,,,,,,English,Good,Good,Good,Hindi,Good,Good,Good,Marathi,Good,Good,Good,Guddu,Software Engineer,London,8009800998,,,Naukri.com
88995,Major,Uday,Bhan,uday.bhan@mailinator.com933,7864823933,7894923645,13/04/1990,M,Single,PAN167694933,No,Behind Yaga Baba Hostel Baner,426194,KANPUR,India,579700,1340000,Mumbai,579000,2,1,30,12/06/2004,13/07/2006,Full Time,Uttar Pradesh State Board,Saraswati Vidya Mandir Kanpur,NA,92,10th,14/02/2007,25/03/2010,Full Time,Uttar Pradesh State Board,Radha Niketan College Kanpur,Electronics & Telecommunication,93,12th,14/03/2010,18/09/2014,Full Time,NITA,Motilal Nehru National Institute of Technology Allahabad,Electronics & Telecommunication,81,BE,20/07/2015,22/01/2018,Full Time,NITIE,NITIE Mumbai,Mining Engineering,87,ME,0,29/03/2017,19/09/2018,Full Time,Junior Technical Consultant,TCS,Manufacturing,AGRA,India,,,,,,,,,English,Good,Good,Good,Hindi,Good,Good,Good,Marathi,Good,Good,Good,Guddu,Software Engineer,London,8009800998,,,Naukri.com
88995,Major,Uday,Bhan,uday.bhan@mailinator.com934,7864823934,7894923645,13/04/1990,M,Single,PAN167694934,No,Behind Yaga Baba Hostel Baner,426194,KANPUR,India,579700,1340000,Mumbai,579000,2,1,30,12/06/2004,13/07/2006,Full Time,Uttar Pradesh State Board,Saraswati Vidya Mandir Kanpur,NA,92,10th,14/02/2007,25/03/2010,Full Time,Uttar Pradesh State Board,Radha Niketan College Kanpur,Electronics & Telecommunication,93,12th,14/03/2010,18/09/2014,Full Time,NITA,Motilal Nehru National Institute of Technology Allahabad,Electronics & Telecommunication,81,BE,20/07/2015,22/01/2018,Full Time,NITIE,NITIE Mumbai,Mining Engineering,87,ME,0,29/03/2017,19/09/2018,Full Time,Junior Technical Consultant,TCS,Manufacturing,AGRA,India,,,,,,,,,English,Good,Good,Good,Hindi,Good,Good,Good,Marathi,Good,Good,Good,Guddu,Software Engineer,London,8009800998,,,Naukri.com
88995,Major,Uday,Bhan,uday.bhan@mailinator.com935,7864823935,7894923645,13/04/1990,M,Single,PAN167694935,No,Behind Yaga Baba Hostel Baner,426194,KANPUR,India,579700,1340000,Mumbai,579000,2,1,30,12/06/2004,13/07/2006,Full Time,Uttar Pradesh State Board,Saraswati Vidya Mandir Kanpur,NA,92,10th,14/02/2007,25/03/2010,Full Time,Uttar Pradesh State Board,Radha Niketan College Kanpur,Electronics & Telecommunication,93,12th,14/03/2010,18/09/2014,Full Time,NITA,Motilal Nehru National Institute of Technology Allahabad,Electronics & Telecommunication,81,BE,20/07/2015,22/01/2018,Full Time,NITIE,NITIE Mumbai,Mining Engineering,87,ME,0,29/03/2017,19/09/2018,Full Time,Junior Technical Consultant,TCS,Manufacturing,AGRA,India,,,,,,,,,English,Good,Good,Good,Hindi,Good,Good,Good,Marathi,Good,Good,Good,Guddu,Software Engineer,London,8009800998,,,Naukri.com
88995,Major,Uday,Bhan,uday.bhan@mailinator.com936,7864823936,7894923645,13/04/1990,M,Single,PAN167694936,No,Behind Yaga Baba Hostel Baner,426194,KANPUR,India,579700,1340000,Mumbai,579000,2,1,30,12/06/2004,13/07/2006,Full Time,Uttar Pradesh State Board,Saraswati Vidya Mandir Kanpur,NA,92,10th,14/02/2007,25/03/2010,Full Time,Uttar Pradesh State Board,Radha Niketan College Kanpur,Electronics & Telecommunication,93,12th,14/03/2010,18/09/2014,Full Time,NITA,Motilal Nehru National Institute of Technology Allahabad,Electronics & Telecommunication,81,BE,20/07/2015,22/01/2018,Full Time,NITIE,NITIE Mumbai,Mining Engineering,87,ME,0,29/03/2017,19/09/2018,Full Time,Junior Technical Consultant,TCS,Manufacturing,AGRA,India,,,,,,,,,English,Good,Good,Good,Hindi,Good,Good,Good,Marathi,Good,Good,Good,Guddu,Software Engineer,London,8009800998,,,Naukri.com
88995,Major,Uday,Bhan,uday.bhan@mailinator.com937,7864823937,7894923645,13/04/1990,M,Single,PAN167694937,No,Behind Yaga Baba Hostel Baner,426194,KANPUR,India,579700,1340000,Mumbai,579000,2,1,30,12/06/2004,13/07/2006,Full Time,Uttar Pradesh State Board,Saraswati Vidya Mandir Kanpur,NA,92,10th,14/02/2007,25/03/2010,Full Time,Uttar Pradesh State Board,Radha Niketan College Kanpur,Electronics & Telecommunication,93,12th,14/03/2010,18/09/2014,Full Time,NITA,Motilal Nehru National Institute of Technology Allahabad,Electronics & Telecommunication,81,BE,20/07/2015,22/01/2018,Full Time,NITIE,NITIE Mumbai,Mining Engineering,87,ME,0,29/03/2017,19/09/2018,Full Time,Junior Technical Consultant,TCS,Manufacturing,AGRA,India,,,,,,,,,English,Good,Good,Good,Hindi,Good,Good,Good,Marathi,Good,Good,Good,Guddu,Software Engineer,London,8009800998,,,Naukri.com
88995,Major,Uday,Bhan,uday.bhan@mailinator.com938,7864823938,7894923645,13/04/1990,M,Single,PAN167694938,No,Behind Yaga Baba Hostel Baner,426194,KANPUR,India,579700,1340000,Mumbai,579000,2,1,30,12/06/2004,13/07/2006,Full Time,Uttar Pradesh State Board,Saraswati Vidya Mandir Kanpur,NA,92,10th,14/02/2007,25/03/2010,Full Time,Uttar Pradesh State Board,Radha Niketan College Kanpur,Electronics & Telecommunication,93,12th,14/03/2010,18/09/2014,Full Time,NITA,Motilal Nehru National Institute of Technology Allahabad,Electronics & Telecommunication,81,BE,20/07/2015,22/01/2018,Full Time,NITIE,NITIE Mumbai,Mining Engineering,87,ME,0,29/03/2017,19/09/2018,Full Time,Junior Technical Consultant,TCS,Manufacturing,AGRA,India,,,,,,,,,English,Good,Good,Good,Hindi,Good,Good,Good,Marathi,Good,Good,Good,Guddu,Software Engineer,London,8009800998,,,Naukri.com
88995,Major,Uday,Bhan,uday.bhan@mailinator.com939,7864823939,7894923645,13/04/1990,M,Single,PAN167694939,No,Behind Yaga Baba Hostel Baner,426194,KANPUR,India,579700,1340000,Mumbai,579000,2,1,30,12/06/2004,13/07/2006,Full Time,Uttar Pradesh State Board,Saraswati Vidya Mandir Kanpur,NA,92,10th,14/02/2007,25/03/2010,Full Time,Uttar Pradesh State Board,Radha Niketan College Kanpur,Electronics & Telecommunication,93,12th,14/03/2010,18/09/2014,Full Time,NITA,Motilal Nehru National Institute of Technology Allahabad,Electronics & Telecommunication,81,BE,20/07/2015,22/01/2018,Full Time,NITIE,NITIE Mumbai,Mining Engineering,87,ME,0,29/03/2017,19/09/2018,Full Time,Junior Technical Consultant,TCS,Manufacturing,AGRA,India,,,,,,,,,English,Good,Good,Good,Hindi,Good,Good,Good,Marathi,Good,Good,Good,Guddu,Software Engineer,London,8009800998,,,Naukri.com
88995,Major,Uday,Bhan,uday.bhan@mailinator.com940,7864823940,7894923645,13/04/1990,M,Single,PAN167694940,No,Behind Yaga Baba Hostel Baner,426194,KANPUR,India,579700,1340000,Mumbai,579000,2,1,30,12/06/2004,13/07/2006,Full Time,Uttar Pradesh State Board,Saraswati Vidya Mandir Kanpur,NA,92,10th,14/02/2007,25/03/2010,Full Time,Uttar Pradesh State Board,Radha Niketan College Kanpur,Electronics & Telecommunication,93,12th,14/03/2010,18/09/2014,Full Time,NITA,Motilal Nehru National Institute of Technology Allahabad,Electronics & Telecommunication,81,BE,20/07/2015,22/01/2018,Full Time,NITIE,NITIE Mumbai,Mining Engineering,87,ME,0,29/03/2017,19/09/2018,Full Time,Junior Technical Consultant,TCS,Manufacturing,AGRA,India,,,,,,,,,English,Good,Good,Good,Hindi,Good,Good,Good,Marathi,Good,Good,Good,Guddu,Software Engineer,London,8009800998,,,Naukri.com
88995,Major,Uday,Bhan,uday.bhan@mailinator.com941,7864823941,7894923645,13/04/1990,M,Single,PAN167694941,No,Behind Yaga Baba Hostel Baner,426194,KANPUR,India,579700,1340000,Mumbai,579000,2,1,30,12/06/2004,13/07/2006,Full Time,Uttar Pradesh State Board,Saraswati Vidya Mandir Kanpur,NA,92,10th,14/02/2007,25/03/2010,Full Time,Uttar Pradesh State Board,Radha Niketan College Kanpur,Electronics & Telecommunication,93,12th,14/03/2010,18/09/2014,Full Time,NITA,Motilal Nehru National Institute of Technology Allahabad,Electronics & Telecommunication,81,BE,20/07/2015,22/01/2018,Full Time,NITIE,NITIE Mumbai,Mining Engineering,87,ME,0,29/03/2017,19/09/2018,Full Time,Junior Technical Consultant,TCS,Manufacturing,AGRA,India,,,,,,,,,English,Good,Good,Good,Hindi,Good,Good,Good,Marathi,Good,Good,Good,Guddu,Software Engineer,London,8009800998,,,Naukri.com
88995,Major,Uday,Bhan,uday.bhan@mailinator.com942,7864823942,7894923645,13/04/1990,M,Single,PAN167694942,No,Behind Yaga Baba Hostel Baner,426194,KANPUR,India,579700,1340000,Mumbai,579000,2,1,30,12/06/2004,13/07/2006,Full Time,Uttar Pradesh State Board,Saraswati Vidya Mandir Kanpur,NA,92,10th,14/02/2007,25/03/2010,Full Time,Uttar Pradesh State Board,Radha Niketan College Kanpur,Electronics & Telecommunication,93,12th,14/03/2010,18/09/2014,Full Time,NITA,Motilal Nehru National Institute of Technology Allahabad,Electronics & Telecommunication,81,BE,20/07/2015,22/01/2018,Full Time,NITIE,NITIE Mumbai,Mining Engineering,87,ME,0,29/03/2017,19/09/2018,Full Time,Junior Technical Consultant,TCS,Manufacturing,AGRA,India,,,,,,,,,English,Good,Good,Good,Hindi,Good,Good,Good,Marathi,Good,Good,Good,Guddu,Software Engineer,London,8009800998,,,Naukri.com
88995,Major,Uday,Bhan,uday.bhan@mailinator.com943,7864823943,7894923645,13/04/1990,M,Single,PAN167694943,No,Behind Yaga Baba Hostel Baner,426194,KANPUR,India,579700,1340000,Mumbai,579000,2,1,30,12/06/2004,13/07/2006,Full Time,Uttar Pradesh State Board,Saraswati Vidya Mandir Kanpur,NA,92,10th,14/02/2007,25/03/2010,Full Time,Uttar Pradesh State Board,Radha Niketan College Kanpur,Electronics & Telecommunication,93,12th,14/03/2010,18/09/2014,Full Time,NITA,Motilal Nehru National Institute of Technology Allahabad,Electronics & Telecommunication,81,BE,20/07/2015,22/01/2018,Full Time,NITIE,NITIE Mumbai,Mining Engineering,87,ME,0,29/03/2017,19/09/2018,Full Time,Junior Technical Consultant,TCS,Manufacturing,AGRA,India,,,,,,,,,English,Good,Good,Good,Hindi,Good,Good,Good,Marathi,Good,Good,Good,Guddu,Software Engineer,London,8009800998,,,Naukri.com
88995,Major,Uday,Bhan,uday.bhan@mailinator.com944,7864823944,7894923645,13/04/1990,M,Single,PAN167694944,No,Behind Yaga Baba Hostel Baner,426194,KANPUR,India,579700,1340000,Mumbai,579000,2,1,30,12/06/2004,13/07/2006,Full Time,Uttar Pradesh State Board,Saraswati Vidya Mandir Kanpur,NA,92,10th,14/02/2007,25/03/2010,Full Time,Uttar Pradesh State Board,Radha Niketan College Kanpur,Electronics & Telecommunication,93,12th,14/03/2010,18/09/2014,Full Time,NITA,Motilal Nehru National Institute of Technology Allahabad,Electronics & Telecommunication,81,BE,20/07/2015,22/01/2018,Full Time,NITIE,NITIE Mumbai,Mining Engineering,87,ME,0,29/03/2017,19/09/2018,Full Time,Junior Technical Consultant,TCS,Manufacturing,AGRA,India,,,,,,,,,English,Good,Good,Good,Hindi,Good,Good,Good,Marathi,Good,Good,Good,Guddu,Software Engineer,London,8009800998,,,Naukri.com
88995,Major,Uday,Bhan,uday.bhan@mailinator.com945,7864823945,7894923645,13/04/1990,M,Single,PAN167694945,No,Behind Yaga Baba Hostel Baner,426194,KANPUR,India,579700,1340000,Mumbai,579000,2,1,30,12/06/2004,13/07/2006,Full Time,Uttar Pradesh State Board,Saraswati Vidya Mandir Kanpur,NA,92,10th,14/02/2007,25/03/2010,Full Time,Uttar Pradesh State Board,Radha Niketan College Kanpur,Electronics & Telecommunication,93,12th,14/03/2010,18/09/2014,Full Time,NITA,Motilal Nehru National Institute of Technology Allahabad,Electronics & Telecommunication,81,BE,20/07/2015,22/01/2018,Full Time,NITIE,NITIE Mumbai,Mining Engineering,87,ME,0,29/03/2017,19/09/2018,Full Time,Junior Technical Consultant,TCS,Manufacturing,AGRA,India,,,,,,,,,English,Good,Good,Good,Hindi,Good,Good,Good,Marathi,Good,Good,Good,Guddu,Software Engineer,London,8009800998,,,Naukri.com
88995,Major,Uday,Bhan,uday.bhan@mailinator.com946,7864823946,7894923645,13/04/1990,M,Single,PAN167694946,No,Behind Yaga Baba Hostel Baner,426194,KANPUR,India,579700,1340000,Mumbai,579000,2,1,30,12/06/2004,13/07/2006,Full Time,Uttar Pradesh State Board,Saraswati Vidya Mandir Kanpur,NA,92,10th,14/02/2007,25/03/2010,Full Time,Uttar Pradesh State Board,Radha Niketan College Kanpur,Electronics & Telecommunication,93,12th,14/03/2010,18/09/2014,Full Time,NITA,Motilal Nehru National Institute of Technology Allahabad,Electronics & Telecommunication,81,BE,20/07/2015,22/01/2018,Full Time,NITIE,NITIE Mumbai,Mining Engineering,87,ME,0,29/03/2017,19/09/2018,Full Time,Junior Technical Consultant,TCS,Manufacturing,AGRA,India,,,,,,,,,English,Good,Good,Good,Hindi,Good,Good,Good,Marathi,Good,Good,Good,Guddu,Software Engineer,London,8009800998,,,Naukri.com
88995,Major,Uday,Bhan,uday.bhan@mailinator.com947,7864823947,7894923645,13/04/1990,M,Single,PAN167694947,No,Behind Yaga Baba Hostel Baner,426194,KANPUR,India,579700,1340000,Mumbai,579000,2,1,30,12/06/2004,13/07/2006,Full Time,Uttar Pradesh State Board,Saraswati Vidya Mandir Kanpur,NA,92,10th,14/02/2007,25/03/2010,Full Time,Uttar Pradesh State Board,Radha Niketan College Kanpur,Electronics & Telecommunication,93,12th,14/03/2010,18/09/2014,Full Time,NITA,Motilal Nehru National Institute of Technology Allahabad,Electronics & Telecommunication,81,BE,20/07/2015,22/01/2018,Full Time,NITIE,NITIE Mumbai,Mining Engineering,87,ME,0,29/03/2017,19/09/2018,Full Time,Junior Technical Consultant,TCS,Manufacturing,AGRA,India,,,,,,,,,English,Good,Good,Good,Hindi,Good,Good,Good,Marathi,Good,Good,Good,Guddu,Software Engineer,London,8009800998,,,Naukri.com
88995,Major,Uday,Bhan,uday.bhan@mailinator.com948,7864823948,7894923645,13/04/1990,M,Single,PAN167694948,No,Behind Yaga Baba Hostel Baner,426194,KANPUR,India,579700,1340000,Mumbai,579000,2,1,30,12/06/2004,13/07/2006,Full Time,Uttar Pradesh State Board,Saraswati Vidya Mandir Kanpur,NA,92,10th,14/02/2007,25/03/2010,Full Time,Uttar Pradesh State Board,Radha Niketan College Kanpur,Electronics & Telecommunication,93,12th,14/03/2010,18/09/2014,Full Time,NITA,Motilal Nehru National Institute of Technology Allahabad,Electronics & Telecommunication,81,BE,20/07/2015,22/01/2018,Full Time,NITIE,NITIE Mumbai,Mining Engineering,87,ME,0,29/03/2017,19/09/2018,Full Time,Junior Technical Consultant,TCS,Manufacturing,AGRA,India,,,,,,,,,English,Good,Good,Good,Hindi,Good,Good,Good,Marathi,Good,Good,Good,Guddu,Software Engineer,London,8009800998,,,Naukri.com
88995,Major,Uday,Bhan,uday.bhan@mailinator.com949,7864823949,7894923645,13/04/1990,M,Single,PAN167694949,No,Behind Yaga Baba Hostel Baner,426194,KANPUR,India,579700,1340000,Mumbai,579000,2,1,30,12/06/2004,13/07/2006,Full Time,Uttar Pradesh State Board,Saraswati Vidya Mandir Kanpur,NA,92,10th,14/02/2007,25/03/2010,Full Time,Uttar Pradesh State Board,Radha Niketan College Kanpur,Electronics & Telecommunication,93,12th,14/03/2010,18/09/2014,Full Time,NITA,Motilal Nehru National Institute of Technology Allahabad,Electronics & Telecommunication,81,BE,20/07/2015,22/01/2018,Full Time,NITIE,NITIE Mumbai,Mining Engineering,87,ME,0,29/03/2017,19/09/2018,Full Time,Junior Technical Consultant,TCS,Manufacturing,AGRA,India,,,,,,,,,English,Good,Good,Good,Hindi,Good,Good,Good,Marathi,Good,Good,Good,Guddu,Software Engineer,London,8009800998,,,Naukri.com
88995,Major,Uday,Bhan,uday.bhan@mailinator.com950,7864823950,7894923645,13/04/1990,M,Single,PAN167694950,No,Behind Yaga Baba Hostel Baner,426194,KANPUR,India,579700,1340000,Mumbai,579000,2,1,30,12/06/2004,13/07/2006,Full Time,Uttar Pradesh State Board,Saraswati Vidya Mandir Kanpur,NA,92,10th,14/02/2007,25/03/2010,Full Time,Uttar Pradesh State Board,Radha Niketan College Kanpur,Electronics & Telecommunication,93,12th,14/03/2010,18/09/2014,Full Time,NITA,Motilal Nehru National Institute of Technology Allahabad,Electronics & Telecommunication,81,BE,20/07/2015,22/01/2018,Full Time,NITIE,NITIE Mumbai,Mining Engineering,87,ME,0,29/03/2017,19/09/2018,Full Time,Junior Technical Consultant,TCS,Manufacturing,AGRA,India,,,,,,,,,English,Good,Good,Good,Hindi,Good,Good,Good,Marathi,Good,Good,Good,Guddu,Software Engineer,London,8009800998,,,Naukri.com
88995,Major,Uday,Bhan,uday.bhan@mailinator.com951,7864823951,7894923645,13/04/1990,M,Single,PAN167694951,No,Behind Yaga Baba Hostel Baner,426194,KANPUR,India,579700,1340000,Mumbai,579000,2,1,30,12/06/2004,13/07/2006,Full Time,Uttar Pradesh State Board,Saraswati Vidya Mandir Kanpur,NA,92,10th,14/02/2007,25/03/2010,Full Time,Uttar Pradesh State Board,Radha Niketan College Kanpur,Electronics & Telecommunication,93,12th,14/03/2010,18/09/2014,Full Time,NITA,Motilal Nehru National Institute of Technology Allahabad,Electronics & Telecommunication,81,BE,20/07/2015,22/01/2018,Full Time,NITIE,NITIE Mumbai,Mining Engineering,87,ME,0,29/03/2017,19/09/2018,Full Time,Junior Technical Consultant,TCS,Manufacturing,AGRA,India,,,,,,,,,English,Good,Good,Good,Hindi,Good,Good,Good,Marathi,Good,Good,Good,Guddu,Software Engineer,London,8009800998,,,Naukri.com
88995,Major,Uday,Bhan,uday.bhan@mailinator.com952,7864823952,7894923645,13/04/1990,M,Single,PAN167694952,No,Behind Yaga Baba Hostel Baner,426194,KANPUR,India,579700,1340000,Mumbai,579000,2,1,30,12/06/2004,13/07/2006,Full Time,Uttar Pradesh State Board,Saraswati Vidya Mandir Kanpur,NA,92,10th,14/02/2007,25/03/2010,Full Time,Uttar Pradesh State Board,Radha Niketan College Kanpur,Electronics & Telecommunication,93,12th,14/03/2010,18/09/2014,Full Time,NITA,Motilal Nehru National Institute of Technology Allahabad,Electronics & Telecommunication,81,BE,20/07/2015,22/01/2018,Full Time,NITIE,NITIE Mumbai,Mining Engineering,87,ME,0,29/03/2017,19/09/2018,Full Time,Junior Technical Consultant,TCS,Manufacturing,AGRA,India,,,,,,,,,English,Good,Good,Good,Hindi,Good,Good,Good,Marathi,Good,Good,Good,Guddu,Software Engineer,London,8009800998,,,Naukri.com
88995,Major,Uday,Bhan,uday.bhan@mailinator.com953,7864823953,7894923645,13/04/1990,M,Single,PAN167694953,No,Behind Yaga Baba Hostel Baner,426194,KANPUR,India,579700,1340000,Mumbai,579000,2,1,30,12/06/2004,13/07/2006,Full Time,Uttar Pradesh State Board,Saraswati Vidya Mandir Kanpur,NA,92,10th,14/02/2007,25/03/2010,Full Time,Uttar Pradesh State Board,Radha Niketan College Kanpur,Electronics & Telecommunication,93,12th,14/03/2010,18/09/2014,Full Time,NITA,Motilal Nehru National Institute of Technology Allahabad,Electronics & Telecommunication,81,BE,20/07/2015,22/01/2018,Full Time,NITIE,NITIE Mumbai,Mining Engineering,87,ME,0,29/03/2017,19/09/2018,Full Time,Junior Technical Consultant,TCS,Manufacturing,AGRA,India,,,,,,,,,English,Good,Good,Good,Hindi,Good,Good,Good,Marathi,Good,Good,Good,Guddu,Software Engineer,London,8009800998,,,Naukri.com
88995,Major,Uday,Bhan,uday.bhan@mailinator.com954,7864823954,7894923645,13/04/1990,M,Single,PAN167694954,No,Behind Yaga Baba Hostel Baner,426194,KANPUR,India,579700,1340000,Mumbai,579000,2,1,30,12/06/2004,13/07/2006,Full Time,Uttar Pradesh State Board,Saraswati Vidya Mandir Kanpur,NA,92,10th,14/02/2007,25/03/2010,Full Time,Uttar Pradesh State Board,Radha Niketan College Kanpur,Electronics & Telecommunication,93,12th,14/03/2010,18/09/2014,Full Time,NITA,Motilal Nehru National Institute of Technology Allahabad,Electronics & Telecommunication,81,BE,20/07/2015,22/01/2018,Full Time,NITIE,NITIE Mumbai,Mining Engineering,87,ME,0,29/03/2017,19/09/2018,Full Time,Junior Technical Consultant,TCS,Manufacturing,AGRA,India,,,,,,,,,English,Good,Good,Good,Hindi,Good,Good,Good,Marathi,Good,Good,Good,Guddu,Software Engineer,London,8009800998,,,Naukri.com
88995,Major,Uday,Bhan,uday.bhan@mailinator.com955,7864823955,7894923645,13/04/1990,M,Single,PAN167694955,No,Behind Yaga Baba Hostel Baner,426194,KANPUR,India,579700,1340000,Mumbai,579000,2,1,30,12/06/2004,13/07/2006,Full Time,Uttar Pradesh State Board,Saraswati Vidya Mandir Kanpur,NA,92,10th,14/02/2007,25/03/2010,Full Time,Uttar Pradesh State Board,Radha Niketan College Kanpur,Electronics & Telecommunication,93,12th,14/03/2010,18/09/2014,Full Time,NITA,Motilal Nehru National Institute of Technology Allahabad,Electronics & Telecommunication,81,BE,20/07/2015,22/01/2018,Full Time,NITIE,NITIE Mumbai,Mining Engineering,87,ME,0,29/03/2017,19/09/2018,Full Time,Junior Technical Consultant,TCS,Manufacturing,AGRA,India,,,,,,,,,English,Good,Good,Good,Hindi,Good,Good,Good,Marathi,Good,Good,Good,Guddu,Software Engineer,London,8009800998,,,Naukri.com
88995,Major,Uday,Bhan,uday.bhan@mailinator.com956,7864823956,7894923645,13/04/1990,M,Single,PAN167694956,No,Behind Yaga Baba Hostel Baner,426194,KANPUR,India,579700,1340000,Mumbai,579000,2,1,30,12/06/2004,13/07/2006,Full Time,Uttar Pradesh State Board,Saraswati Vidya Mandir Kanpur,NA,92,10th,14/02/2007,25/03/2010,Full Time,Uttar Pradesh State Board,Radha Niketan College Kanpur,Electronics & Telecommunication,93,12th,14/03/2010,18/09/2014,Full Time,NITA,Motilal Nehru National Institute of Technology Allahabad,Electronics & Telecommunication,81,BE,20/07/2015,22/01/2018,Full Time,NITIE,NITIE Mumbai,Mining Engineering,87,ME,0,29/03/2017,19/09/2018,Full Time,Junior Technical Consultant,TCS,Manufacturing,AGRA,India,,,,,,,,,English,Good,Good,Good,Hindi,Good,Good,Good,Marathi,Good,Good,Good,Guddu,Software Engineer,London,8009800998,,,Naukri.com
88995,Major,Uday,Bhan,uday.bhan@mailinator.com957,7864823957,7894923645,13/04/1990,M,Single,PAN167694957,No,Behind Yaga Baba Hostel Baner,426194,KANPUR,India,579700,1340000,Mumbai,579000,2,1,30,12/06/2004,13/07/2006,Full Time,Uttar Pradesh State Board,Saraswati Vidya Mandir Kanpur,NA,92,10th,14/02/2007,25/03/2010,Full Time,Uttar Pradesh State Board,Radha Niketan College Kanpur,Electronics & Telecommunication,93,12th,14/03/2010,18/09/2014,Full Time,NITA,Motilal Nehru National Institute of Technology Allahabad,Electronics & Telecommunication,81,BE,20/07/2015,22/01/2018,Full Time,NITIE,NITIE Mumbai,Mining Engineering,87,ME,0,29/03/2017,19/09/2018,Full Time,Junior Technical Consultant,TCS,Manufacturing,AGRA,India,,,,,,,,,English,Good,Good,Good,Hindi,Good,Good,Good,Marathi,Good,Good,Good,Guddu,Software Engineer,London,8009800998,,,Naukri.com
88995,Major,Uday,Bhan,uday.bhan@mailinator.com958,7864823958,7894923645,13/04/1990,M,Single,PAN167694958,No,Behind Yaga Baba Hostel Baner,426194,KANPUR,India,579700,1340000,Mumbai,579000,2,1,30,12/06/2004,13/07/2006,Full Time,Uttar Pradesh State Board,Saraswati Vidya Mandir Kanpur,NA,92,10th,14/02/2007,25/03/2010,Full Time,Uttar Pradesh State Board,Radha Niketan College Kanpur,Electronics & Telecommunication,93,12th,14/03/2010,18/09/2014,Full Time,NITA,Motilal Nehru National Institute of Technology Allahabad,Electronics & Telecommunication,81,BE,20/07/2015,22/01/2018,Full Time,NITIE,NITIE Mumbai,Mining Engineering,87,ME,0,29/03/2017,19/09/2018,Full Time,Junior Technical Consultant,TCS,Manufacturing,AGRA,India,,,,,,,,,English,Good,Good,Good,Hindi,Good,Good,Good,Marathi,Good,Good,Good,Guddu,Software Engineer,London,8009800998,,,Naukri.com
88995,Major,Uday,Bhan,uday.bhan@mailinator.com959,7864823959,7894923645,13/04/1990,M,Single,PAN167694959,No,Behind Yaga Baba Hostel Baner,426194,KANPUR,India,579700,1340000,Mumbai,579000,2,1,30,12/06/2004,13/07/2006,Full Time,Uttar Pradesh State Board,Saraswati Vidya Mandir Kanpur,NA,92,10th,14/02/2007,25/03/2010,Full Time,Uttar Pradesh State Board,Radha Niketan College Kanpur,Electronics & Telecommunication,93,12th,14/03/2010,18/09/2014,Full Time,NITA,Motilal Nehru National Institute of Technology Allahabad,Electronics & Telecommunication,81,BE,20/07/2015,22/01/2018,Full Time,NITIE,NITIE Mumbai,Mining Engineering,87,ME,0,29/03/2017,19/09/2018,Full Time,Junior Technical Consultant,TCS,Manufacturing,AGRA,India,,,,,,,,,English,Good,Good,Good,Hindi,Good,Good,Good,Marathi,Good,Good,Good,Guddu,Software Engineer,London,8009800998,,,Naukri.com
88995,Major,Uday,Bhan,uday.bhan@mailinator.com960,7864823960,7894923645,13/04/1990,M,Single,PAN167694960,No,Behind Yaga Baba Hostel Baner,426194,KANPUR,India,579700,1340000,Mumbai,579000,2,1,30,12/06/2004,13/07/2006,Full Time,Uttar Pradesh State Board,Saraswati Vidya Mandir Kanpur,NA,92,10th,14/02/2007,25/03/2010,Full Time,Uttar Pradesh State Board,Radha Niketan College Kanpur,Electronics & Telecommunication,93,12th,14/03/2010,18/09/2014,Full Time,NITA,Motilal Nehru National Institute of Technology Allahabad,Electronics & Telecommunication,81,BE,20/07/2015,22/01/2018,Full Time,NITIE,NITIE Mumbai,Mining Engineering,87,ME,0,29/03/2017,19/09/2018,Full Time,Junior Technical Consultant,TCS,Manufacturing,AGRA,India,,,,,,,,,English,Good,Good,Good,Hindi,Good,Good,Good,Marathi,Good,Good,Good,Guddu,Software Engineer,London,8009800998,,,Naukri.com
88995,Major,Uday,Bhan,uday.bhan@mailinator.com961,7864823961,7894923645,13/04/1990,M,Single,PAN167694961,No,Behind Yaga Baba Hostel Baner,426194,KANPUR,India,579700,1340000,Mumbai,579000,2,1,30,12/06/2004,13/07/2006,Full Time,Uttar Pradesh State Board,Saraswati Vidya Mandir Kanpur,NA,92,10th,14/02/2007,25/03/2010,Full Time,Uttar Pradesh State Board,Radha Niketan College Kanpur,Electronics & Telecommunication,93,12th,14/03/2010,18/09/2014,Full Time,NITA,Motilal Nehru National Institute of Technology Allahabad,Electronics & Telecommunication,81,BE,20/07/2015,22/01/2018,Full Time,NITIE,NITIE Mumbai,Mining Engineering,87,ME,0,29/03/2017,19/09/2018,Full Time,Junior Technical Consultant,TCS,Manufacturing,AGRA,India,,,,,,,,,English,Good,Good,Good,Hindi,Good,Good,Good,Marathi,Good,Good,Good,Guddu,Software Engineer,London,8009800998,,,Naukri.com
88995,Major,Uday,Bhan,uday.bhan@mailinator.com962,7864823962,7894923645,13/04/1990,M,Single,PAN167694962,No,Behind Yaga Baba Hostel Baner,426194,KANPUR,India,579700,1340000,Mumbai,579000,2,1,30,12/06/2004,13/07/2006,Full Time,Uttar Pradesh State Board,Saraswati Vidya Mandir Kanpur,NA,92,10th,14/02/2007,25/03/2010,Full Time,Uttar Pradesh State Board,Radha Niketan College Kanpur,Electronics & Telecommunication,93,12th,14/03/2010,18/09/2014,Full Time,NITA,Motilal Nehru National Institute of Technology Allahabad,Electronics & Telecommunication,81,BE,20/07/2015,22/01/2018,Full Time,NITIE,NITIE Mumbai,Mining Engineering,87,ME,0,29/03/2017,19/09/2018,Full Time,Junior Technical Consultant,TCS,Manufacturing,AGRA,India,,,,,,,,,English,Good,Good,Good,Hindi,Good,Good,Good,Marathi,Good,Good,Good,Guddu,Software Engineer,London,8009800998,,,Naukri.com
88995,Major,Uday,Bhan,uday.bhan@mailinator.com963,7864823963,7894923645,13/04/1990,M,Single,PAN167694963,No,Behind Yaga Baba Hostel Baner,426194,KANPUR,India,579700,1340000,Mumbai,579000,2,1,30,12/06/2004,13/07/2006,Full Time,Uttar Pradesh State Board,Saraswati Vidya Mandir Kanpur,NA,92,10th,14/02/2007,25/03/2010,Full Time,Uttar Pradesh State Board,Radha Niketan College Kanpur,Electronics & Telecommunication,93,12th,14/03/2010,18/09/2014,Full Time,NITA,Motilal Nehru National Institute of Technology Allahabad,Electronics & Telecommunication,81,BE,20/07/2015,22/01/2018,Full Time,NITIE,NITIE Mumbai,Mining Engineering,87,ME,0,29/03/2017,19/09/2018,Full Time,Junior Technical Consultant,TCS,Manufacturing,AGRA,India,,,,,,,,,English,Good,Good,Good,Hindi,Good,Good,Good,Marathi,Good,Good,Good,Guddu,Software Engineer,London,8009800998,,,Naukri.com
88995,Major,Uday,Bhan,uday.bhan@mailinator.com964,7864823964,7894923645,13/04/1990,M,Single,PAN167694964,No,Behind Yaga Baba Hostel Baner,426194,KANPUR,India,579700,1340000,Mumbai,579000,2,1,30,12/06/2004,13/07/2006,Full Time,Uttar Pradesh State Board,Saraswati Vidya Mandir Kanpur,NA,92,10th,14/02/2007,25/03/2010,Full Time,Uttar Pradesh State Board,Radha Niketan College Kanpur,Electronics & Telecommunication,93,12th,14/03/2010,18/09/2014,Full Time,NITA,Motilal Nehru National Institute of Technology Allahabad,Electronics & Telecommunication,81,BE,20/07/2015,22/01/2018,Full Time,NITIE,NITIE Mumbai,Mining Engineering,87,ME,0,29/03/2017,19/09/2018,Full Time,Junior Technical Consultant,TCS,Manufacturing,AGRA,India,,,,,,,,,English,Good,Good,Good,Hindi,Good,Good,Good,Marathi,Good,Good,Good,Guddu,Software Engineer,London,8009800998,,,Naukri.com
88995,Major,Uday,Bhan,uday.bhan@mailinator.com965,7864823965,7894923645,13/04/1990,M,Single,PAN167694965,No,Behind Yaga Baba Hostel Baner,426194,KANPUR,India,579700,1340000,Mumbai,579000,2,1,30,12/06/2004,13/07/2006,Full Time,Uttar Pradesh State Board,Saraswati Vidya Mandir Kanpur,NA,92,10th,14/02/2007,25/03/2010,Full Time,Uttar Pradesh State Board,Radha Niketan College Kanpur,Electronics & Telecommunication,93,12th,14/03/2010,18/09/2014,Full Time,NITA,Motilal Nehru National Institute of Technology Allahabad,Electronics & Telecommunication,81,BE,20/07/2015,22/01/2018,Full Time,NITIE,NITIE Mumbai,Mining Engineering,87,ME,0,29/03/2017,19/09/2018,Full Time,Junior Technical Consultant,TCS,Manufacturing,AGRA,India,,,,,,,,,English,Good,Good,Good,Hindi,Good,Good,Good,Marathi,Good,Good,Good,Guddu,Software Engineer,London,8009800998,,,Naukri.com
88995,Major,Uday,Bhan,uday.bhan@mailinator.com966,7864823966,7894923645,13/04/1990,M,Single,PAN167694966,No,Behind Yaga Baba Hostel Baner,426194,KANPUR,India,579700,1340000,Mumbai,579000,2,1,30,12/06/2004,13/07/2006,Full Time,Uttar Pradesh State Board,Saraswati Vidya Mandir Kanpur,NA,92,10th,14/02/2007,25/03/2010,Full Time,Uttar Pradesh State Board,Radha Niketan College Kanpur,Electronics & Telecommunication,93,12th,14/03/2010,18/09/2014,Full Time,NITA,Motilal Nehru National Institute of Technology Allahabad,Electronics & Telecommunication,81,BE,20/07/2015,22/01/2018,Full Time,NITIE,NITIE Mumbai,Mining Engineering,87,ME,0,29/03/2017,19/09/2018,Full Time,Junior Technical Consultant,TCS,Manufacturing,AGRA,India,,,,,,,,,English,Good,Good,Good,Hindi,Good,Good,Good,Marathi,Good,Good,Good,Guddu,Software Engineer,London,8009800998,,,Naukri.com
88995,Major,Uday,Bhan,uday.bhan@mailinator.com967,7864823967,7894923645,13/04/1990,M,Single,PAN167694967,No,Behind Yaga Baba Hostel Baner,426194,KANPUR,India,579700,1340000,Mumbai,579000,2,1,30,12/06/2004,13/07/2006,Full Time,Uttar Pradesh State Board,Saraswati Vidya Mandir Kanpur,NA,92,10th,14/02/2007,25/03/2010,Full Time,Uttar Pradesh State Board,Radha Niketan College Kanpur,Electronics & Telecommunication,93,12th,14/03/2010,18/09/2014,Full Time,NITA,Motilal Nehru National Institute of Technology Allahabad,Electronics & Telecommunication,81,BE,20/07/2015,22/01/2018,Full Time,NITIE,NITIE Mumbai,Mining Engineering,87,ME,0,29/03/2017,19/09/2018,Full Time,Junior Technical Consultant,TCS,Manufacturing,AGRA,India,,,,,,,,,English,Good,Good,Good,Hindi,Good,Good,Good,Marathi,Good,Good,Good,Guddu,Software Engineer,London,8009800998,,,Naukri.com
88995,Major,Uday,Bhan,uday.bhan@mailinator.com968,7864823968,7894923645,13/04/1990,M,Single,PAN167694968,No,Behind Yaga Baba Hostel Baner,426194,KANPUR,India,579700,1340000,Mumbai,579000,2,1,30,12/06/2004,13/07/2006,Full Time,Uttar Pradesh State Board,Saraswati Vidya Mandir Kanpur,NA,92,10th,14/02/2007,25/03/2010,Full Time,Uttar Pradesh State Board,Radha Niketan College Kanpur,Electronics & Telecommunication,93,12th,14/03/2010,18/09/2014,Full Time,NITA,Motilal Nehru National Institute of Technology Allahabad,Electronics & Telecommunication,81,BE,20/07/2015,22/01/2018,Full Time,NITIE,NITIE Mumbai,Mining Engineering,87,ME,0,29/03/2017,19/09/2018,Full Time,Junior Technical Consultant,TCS,Manufacturing,AGRA,India,,,,,,,,,English,Good,Good,Good,Hindi,Good,Good,Good,Marathi,Good,Good,Good,Guddu,Software Engineer,London,8009800998,,,Naukri.com
88995,Major,Uday,Bhan,uday.bhan@mailinator.com969,7864823969,7894923645,13/04/1990,M,Single,PAN167694969,No,Behind Yaga Baba Hostel Baner,426194,KANPUR,India,579700,1340000,Mumbai,579000,2,1,30,12/06/2004,13/07/2006,Full Time,Uttar Pradesh State Board,Saraswati Vidya Mandir Kanpur,NA,92,10th,14/02/2007,25/03/2010,Full Time,Uttar Pradesh State Board,Radha Niketan College Kanpur,Electronics & Telecommunication,93,12th,14/03/2010,18/09/2014,Full Time,NITA,Motilal Nehru National Institute of Technology Allahabad,Electronics & Telecommunication,81,BE,20/07/2015,22/01/2018,Full Time,NITIE,NITIE Mumbai,Mining Engineering,87,ME,0,29/03/2017,19/09/2018,Full Time,Junior Technical Consultant,TCS,Manufacturing,AGRA,India,,,,,,,,,English,Good,Good,Good,Hindi,Good,Good,Good,Marathi,Good,Good,Good,Guddu,Software Engineer,London,8009800998,,,Naukri.com
88995,Major,Uday,Bhan,uday.bhan@mailinator.com970,7864823970,7894923645,13/04/1990,M,Single,PAN167694970,No,Behind Yaga Baba Hostel Baner,426194,KANPUR,India,579700,1340000,Mumbai,579000,2,1,30,12/06/2004,13/07/2006,Full Time,Uttar Pradesh State Board,Saraswati Vidya Mandir Kanpur,NA,92,10th,14/02/2007,25/03/2010,Full Time,Uttar Pradesh State Board,Radha Niketan College Kanpur,Electronics & Telecommunication,93,12th,14/03/2010,18/09/2014,Full Time,NITA,Motilal Nehru National Institute of Technology Allahabad,Electronics & Telecommunication,81,BE,20/07/2015,22/01/2018,Full Time,NITIE,NITIE Mumbai,Mining Engineering,87,ME,0,29/03/2017,19/09/2018,Full Time,Junior Technical Consultant,TCS,Manufacturing,AGRA,India,,,,,,,,,English,Good,Good,Good,Hindi,Good,Good,Good,Marathi,Good,Good,Good,Guddu,Software Engineer,London,8009800998,,,Naukri.com
88995,Major,Uday,Bhan,uday.bhan@mailinator.com971,7864823971,7894923645,13/04/1990,M,Single,PAN167694971,No,Behind Yaga Baba Hostel Baner,426194,KANPUR,India,579700,1340000,Mumbai,579000,2,1,30,12/06/2004,13/07/2006,Full Time,Uttar Pradesh State Board,Saraswati Vidya Mandir Kanpur,NA,92,10th,14/02/2007,25/03/2010,Full Time,Uttar Pradesh State Board,Radha Niketan College Kanpur,Electronics & Telecommunication,93,12th,14/03/2010,18/09/2014,Full Time,NITA,Motilal Nehru National Institute of Technology Allahabad,Electronics & Telecommunication,81,BE,20/07/2015,22/01/2018,Full Time,NITIE,NITIE Mumbai,Mining Engineering,87,ME,0,29/03/2017,19/09/2018,Full Time,Junior Technical Consultant,TCS,Manufacturing,AGRA,India,,,,,,,,,English,Good,Good,Good,Hindi,Good,Good,Good,Marathi,Good,Good,Good,Guddu,Software Engineer,London,8009800998,,,Naukri.com
88995,Major,Uday,Bhan,uday.bhan@mailinator.com972,7864823972,7894923645,13/04/1990,M,Single,PAN167694972,No,Behind Yaga Baba Hostel Baner,426194,KANPUR,India,579700,1340000,Mumbai,579000,2,1,30,12/06/2004,13/07/2006,Full Time,Uttar Pradesh State Board,Saraswati Vidya Mandir Kanpur,NA,92,10th,14/02/2007,25/03/2010,Full Time,Uttar Pradesh State Board,Radha Niketan College Kanpur,Electronics & Telecommunication,93,12th,14/03/2010,18/09/2014,Full Time,NITA,Motilal Nehru National Institute of Technology Allahabad,Electronics & Telecommunication,81,BE,20/07/2015,22/01/2018,Full Time,NITIE,NITIE Mumbai,Mining Engineering,87,ME,0,29/03/2017,19/09/2018,Full Time,Junior Technical Consultant,TCS,Manufacturing,AGRA,India,,,,,,,,,English,Good,Good,Good,Hindi,Good,Good,Good,Marathi,Good,Good,Good,Guddu,Software Engineer,London,8009800998,,,Naukri.com
88995,Major,Uday,Bhan,uday.bhan@mailinator.com973,7864823973,7894923645,13/04/1990,M,Single,PAN167694973,No,Behind Yaga Baba Hostel Baner,426194,KANPUR,India,579700,1340000,Mumbai,579000,2,1,30,12/06/2004,13/07/2006,Full Time,Uttar Pradesh State Board,Saraswati Vidya Mandir Kanpur,NA,92,10th,14/02/2007,25/03/2010,Full Time,Uttar Pradesh State Board,Radha Niketan College Kanpur,Electronics & Telecommunication,93,12th,14/03/2010,18/09/2014,Full Time,NITA,Motilal Nehru National Institute of Technology Allahabad,Electronics & Telecommunication,81,BE,20/07/2015,22/01/2018,Full Time,NITIE,NITIE Mumbai,Mining Engineering,87,ME,0,29/03/2017,19/09/2018,Full Time,Junior Technical Consultant,TCS,Manufacturing,AGRA,India,,,,,,,,,English,Good,Good,Good,Hindi,Good,Good,Good,Marathi,Good,Good,Good,Guddu,Software Engineer,London,8009800998,,,Naukri.com
88995,Major,Uday,Bhan,uday.bhan@mailinator.com974,7864823974,7894923645,13/04/1990,M,Single,PAN167694974,No,Behind Yaga Baba Hostel Baner,426194,KANPUR,India,579700,1340000,Mumbai,579000,2,1,30,12/06/2004,13/07/2006,Full Time,Uttar Pradesh State Board,Saraswati Vidya Mandir Kanpur,NA,92,10th,14/02/2007,25/03/2010,Full Time,Uttar Pradesh State Board,Radha Niketan College Kanpur,Electronics & Telecommunication,93,12th,14/03/2010,18/09/2014,Full Time,NITA,Motilal Nehru National Institute of Technology Allahabad,Electronics & Telecommunication,81,BE,20/07/2015,22/01/2018,Full Time,NITIE,NITIE Mumbai,Mining Engineering,87,ME,0,29/03/2017,19/09/2018,Full Time,Junior Technical Consultant,TCS,Manufacturing,AGRA,India,,,,,,,,,English,Good,Good,Good,Hindi,Good,Good,Good,Marathi,Good,Good,Good,Guddu,Software Engineer,London,8009800998,,,Naukri.com
88995,Major,Uday,Bhan,uday.bhan@mailinator.com975,7864823975,7894923645,13/04/1990,M,Single,PAN167694975,No,Behind Yaga Baba Hostel Baner,426194,KANPUR,India,579700,1340000,Mumbai,579000,2,1,30,12/06/2004,13/07/2006,Full Time,Uttar Pradesh State Board,Saraswati Vidya Mandir Kanpur,NA,92,10th,14/02/2007,25/03/2010,Full Time,Uttar Pradesh State Board,Radha Niketan College Kanpur,Electronics & Telecommunication,93,12th,14/03/2010,18/09/2014,Full Time,NITA,Motilal Nehru National Institute of Technology Allahabad,Electronics & Telecommunication,81,BE,20/07/2015,22/01/2018,Full Time,NITIE,NITIE Mumbai,Mining Engineering,87,ME,0,29/03/2017,19/09/2018,Full Time,Junior Technical Consultant,TCS,Manufacturing,AGRA,India,,,,,,,,,English,Good,Good,Good,Hindi,Good,Good,Good,Marathi,Good,Good,Good,Guddu,Software Engineer,London,8009800998,,,Naukri.com
88995,Major,Uday,Bhan,uday.bhan@mailinator.com976,7864823976,7894923645,13/04/1990,M,Single,PAN167694976,No,Behind Yaga Baba Hostel Baner,426194,KANPUR,India,579700,1340000,Mumbai,579000,2,1,30,12/06/2004,13/07/2006,Full Time,Uttar Pradesh State Board,Saraswati Vidya Mandir Kanpur,NA,92,10th,14/02/2007,25/03/2010,Full Time,Uttar Pradesh State Board,Radha Niketan College Kanpur,Electronics & Telecommunication,93,12th,14/03/2010,18/09/2014,Full Time,NITA,Motilal Nehru National Institute of Technology Allahabad,Electronics & Telecommunication,81,BE,20/07/2015,22/01/2018,Full Time,NITIE,NITIE Mumbai,Mining Engineering,87,ME,0,29/03/2017,19/09/2018,Full Time,Junior Technical Consultant,TCS,Manufacturing,AGRA,India,,,,,,,,,English,Good,Good,Good,Hindi,Good,Good,Good,Marathi,Good,Good,Good,Guddu,Software Engineer,London,8009800998,,,Naukri.com
88995,Major,Uday,Bhan,uday.bhan@mailinator.com977,7864823977,7894923645,13/04/1990,M,Single,PAN167694977,No,Behind Yaga Baba Hostel Baner,426194,KANPUR,India,579700,1340000,Mumbai,579000,2,1,30,12/06/2004,13/07/2006,Full Time,Uttar Pradesh State Board,Saraswati Vidya Mandir Kanpur,NA,92,10th,14/02/2007,25/03/2010,Full Time,Uttar Pradesh State Board,Radha Niketan College Kanpur,Electronics & Telecommunication,93,12th,14/03/2010,18/09/2014,Full Time,NITA,Motilal Nehru National Institute of Technology Allahabad,Electronics & Telecommunication,81,BE,20/07/2015,22/01/2018,Full Time,NITIE,NITIE Mumbai,Mining Engineering,87,ME,0,29/03/2017,19/09/2018,Full Time,Junior Technical Consultant,TCS,Manufacturing,AGRA,India,,,,,,,,,English,Good,Good,Good,Hindi,Good,Good,Good,Marathi,Good,Good,Good,Guddu,Software Engineer,London,8009800998,,,Naukri.com
88995,Major,Uday,Bhan,uday.bhan@mailinator.com978,7864823978,7894923645,13/04/1990,M,Single,PAN167694978,No,Behind Yaga Baba Hostel Baner,426194,KANPUR,India,579700,1340000,Mumbai,579000,2,1,30,12/06/2004,13/07/2006,Full Time,Uttar Pradesh State Board,Saraswati Vidya Mandir Kanpur,NA,92,10th,14/02/2007,25/03/2010,Full Time,Uttar Pradesh State Board,Radha Niketan College Kanpur,Electronics & Telecommunication,93,12th,14/03/2010,18/09/2014,Full Time,NITA,Motilal Nehru National Institute of Technology Allahabad,Electronics & Telecommunication,81,BE,20/07/2015,22/01/2018,Full Time,NITIE,NITIE Mumbai,Mining Engineering,87,ME,0,29/03/2017,19/09/2018,Full Time,Junior Technical Consultant,TCS,Manufacturing,AGRA,India,,,,,,,,,English,Good,Good,Good,Hindi,Good,Good,Good,Marathi,Good,Good,Good,Guddu,Software Engineer,London,8009800998,,,Naukri.com
88995,Major,Uday,Bhan,uday.bhan@mailinator.com979,7864823979,7894923645,13/04/1990,M,Single,PAN167694979,No,Behind Yaga Baba Hostel Baner,426194,KANPUR,India,579700,1340000,Mumbai,579000,2,1,30,12/06/2004,13/07/2006,Full Time,Uttar Pradesh State Board,Saraswati Vidya Mandir Kanpur,NA,92,10th,14/02/2007,25/03/2010,Full Time,Uttar Pradesh State Board,Radha Niketan College Kanpur,Electronics & Telecommunication,93,12th,14/03/2010,18/09/2014,Full Time,NITA,Motilal Nehru National Institute of Technology Allahabad,Electronics & Telecommunication,81,BE,20/07/2015,22/01/2018,Full Time,NITIE,NITIE Mumbai,Mining Engineering,87,ME,0,29/03/2017,19/09/2018,Full Time,Junior Technical Consultant,TCS,Manufacturing,AGRA,India,,,,,,,,,English,Good,Good,Good,Hindi,Good,Good,Good,Marathi,Good,Good,Good,Guddu,Software Engineer,London,8009800998,,,Naukri.com
88995,Major,Uday,Bhan,uday.bhan@mailinator.com980,7864823980,7894923645,13/04/1990,M,Single,PAN167694980,No,Behind Yaga Baba Hostel Baner,426194,KANPUR,India,579700,1340000,Mumbai,579000,2,1,30,12/06/2004,13/07/2006,Full Time,Uttar Pradesh State Board,Saraswati Vidya Mandir Kanpur,NA,92,10th,14/02/2007,25/03/2010,Full Time,Uttar Pradesh State Board,Radha Niketan College Kanpur,Electronics & Telecommunication,93,12th,14/03/2010,18/09/2014,Full Time,NITA,Motilal Nehru National Institute of Technology Allahabad,Electronics & Telecommunication,81,BE,20/07/2015,22/01/2018,Full Time,NITIE,NITIE Mumbai,Mining Engineering,87,ME,0,29/03/2017,19/09/2018,Full Time,Junior Technical Consultant,TCS,Manufacturing,AGRA,India,,,,,,,,,English,Good,Good,Good,Hindi,Good,Good,Good,Marathi,Good,Good,Good,Guddu,Software Engineer,London,8009800998,,,Naukri.com
88995,Major,Uday,Bhan,uday.bhan@mailinator.com981,7864823981,7894923645,13/04/1990,M,Single,PAN167694981,No,Behind Yaga Baba Hostel Baner,426194,KANPUR,India,579700,1340000,Mumbai,579000,2,1,30,12/06/2004,13/07/2006,Full Time,Uttar Pradesh State Board,Saraswati Vidya Mandir Kanpur,NA,92,10th,14/02/2007,25/03/2010,Full Time,Uttar Pradesh State Board,Radha Niketan College Kanpur,Electronics & Telecommunication,93,12th,14/03/2010,18/09/2014,Full Time,NITA,Motilal Nehru National Institute of Technology Allahabad,Electronics & Telecommunication,81,BE,20/07/2015,22/01/2018,Full Time,NITIE,NITIE Mumbai,Mining Engineering,87,ME,0,29/03/2017,19/09/2018,Full Time,Junior Technical Consultant,TCS,Manufacturing,AGRA,India,,,,,,,,,English,Good,Good,Good,Hindi,Good,Good,Good,Marathi,Good,Good,Good,Guddu,Software Engineer,London,8009800998,,,Naukri.com
88995,Major,Uday,Bhan,uday.bhan@mailinator.com982,7864823982,7894923645,13/04/1990,M,Single,PAN167694982,No,Behind Yaga Baba Hostel Baner,426194,KANPUR,India,579700,1340000,Mumbai,579000,2,1,30,12/06/2004,13/07/2006,Full Time,Uttar Pradesh State Board,Saraswati Vidya Mandir Kanpur,NA,92,10th,14/02/2007,25/03/2010,Full Time,Uttar Pradesh State Board,Radha Niketan College Kanpur,Electronics & Telecommunication,93,12th,14/03/2010,18/09/2014,Full Time,NITA,Motilal Nehru National Institute of Technology Allahabad,Electronics & Telecommunication,81,BE,20/07/2015,22/01/2018,Full Time,NITIE,NITIE Mumbai,Mining Engineering,87,ME,0,29/03/2017,19/09/2018,Full Time,Junior Technical Consultant,TCS,Manufacturing,AGRA,India,,,,,,,,,English,Good,Good,Good,Hindi,Good,Good,Good,Marathi,Good,Good,Good,Guddu,Software Engineer,London,8009800998,,,Naukri.com
88995,Major,Uday,Bhan,uday.bhan@mailinator.com983,7864823983,7894923645,13/04/1990,M,Single,PAN167694983,No,Behind Yaga Baba Hostel Baner,426194,KANPUR,India,579700,1340000,Mumbai,579000,2,1,30,12/06/2004,13/07/2006,Full Time,Uttar Pradesh State Board,Saraswati Vidya Mandir Kanpur,NA,92,10th,14/02/2007,25/03/2010,Full Time,Uttar Pradesh State Board,Radha Niketan College Kanpur,Electronics & Telecommunication,93,12th,14/03/2010,18/09/2014,Full Time,NITA,Motilal Nehru National Institute of Technology Allahabad,Electronics & Telecommunication,81,BE,20/07/2015,22/01/2018,Full Time,NITIE,NITIE Mumbai,Mining Engineering,87,ME,0,29/03/2017,19/09/2018,Full Time,Junior Technical Consultant,TCS,Manufacturing,AGRA,India,,,,,,,,,English,Good,Good,Good,Hindi,Good,Good,Good,Marathi,Good,Good,Good,Guddu,Software Engineer,London,8009800998,,,Naukri.com
88995,Major,Uday,Bhan,uday.bhan@mailinator.com984,7864823984,7894923645,13/04/1990,M,Single,PAN167694984,No,Behind Yaga Baba Hostel Baner,426194,KANPUR,India,579700,1340000,Mumbai,579000,2,1,30,12/06/2004,13/07/2006,Full Time,Uttar Pradesh State Board,Saraswati Vidya Mandir Kanpur,NA,92,10th,14/02/2007,25/03/2010,Full Time,Uttar Pradesh State Board,Radha Niketan College Kanpur,Electronics & Telecommunication,93,12th,14/03/2010,18/09/2014,Full Time,NITA,Motilal Nehru National Institute of Technology Allahabad,Electronics & Telecommunication,81,BE,20/07/2015,22/01/2018,Full Time,NITIE,NITIE Mumbai,Mining Engineering,87,ME,0,29/03/2017,19/09/2018,Full Time,Junior Technical Consultant,TCS,Manufacturing,AGRA,India,,,,,,,,,English,Good,Good,Good,Hindi,Good,Good,Good,Marathi,Good,Good,Good,Guddu,Software Engineer,London,8009800998,,,Naukri.com
88995,Major,Uday,Bhan,uday.bhan@mailinator.com985,7864823985,7894923645,13/04/1990,M,Single,PAN167694985,No,Behind Yaga Baba Hostel Baner,426194,KANPUR,India,579700,1340000,Mumbai,579000,2,1,30,12/06/2004,13/07/2006,Full Time,Uttar Pradesh State Board,Saraswati Vidya Mandir Kanpur,NA,92,10th,14/02/2007,25/03/2010,Full Time,Uttar Pradesh State Board,Radha Niketan College Kanpur,Electronics & Telecommunication,93,12th,14/03/2010,18/09/2014,Full Time,NITA,Motilal Nehru National Institute of Technology Allahabad,Electronics & Telecommunication,81,BE,20/07/2015,22/01/2018,Full Time,NITIE,NITIE Mumbai,Mining Engineering,87,ME,0,29/03/2017,19/09/2018,Full Time,Junior Technical Consultant,TCS,Manufacturing,AGRA,India,,,,,,,,,English,Good,Good,Good,Hindi,Good,Good,Good,Marathi,Good,Good,Good,Guddu,Software Engineer,London,8009800998,,,Naukri.com
88995,Major,Uday,Bhan,uday.bhan@mailinator.com986,7864823986,7894923645,13/04/1990,M,Single,PAN167694986,No,Behind Yaga Baba Hostel Baner,426194,KANPUR,India,579700,1340000,Mumbai,579000,2,1,30,12/06/2004,13/07/2006,Full Time,Uttar Pradesh State Board,Saraswati Vidya Mandir Kanpur,NA,92,10th,14/02/2007,25/03/2010,Full Time,Uttar Pradesh State Board,Radha Niketan College Kanpur,Electronics & Telecommunication,93,12th,14/03/2010,18/09/2014,Full Time,NITA,Motilal Nehru National Institute of Technology Allahabad,Electronics & Telecommunication,81,BE,20/07/2015,22/01/2018,Full Time,NITIE,NITIE Mumbai,Mining Engineering,87,ME,0,29/03/2017,19/09/2018,Full Time,Junior Technical Consultant,TCS,Manufacturing,AGRA,India,,,,,,,,,English,Good,Good,Good,Hindi,Good,Good,Good,Marathi,Good,Good,Good,Guddu,Software Engineer,London,8009800998,,,Naukri.com
88995,Major,Uday,Bhan,uday.bhan@mailinator.com987,7864823987,7894923645,13/04/1990,M,Single,PAN167694987,No,Behind Yaga Baba Hostel Baner,426194,KANPUR,India,579700,1340000,Mumbai,579000,2,1,30,12/06/2004,13/07/2006,Full Time,Uttar Pradesh State Board,Saraswati Vidya Mandir Kanpur,NA,92,10th,14/02/2007,25/03/2010,Full Time,Uttar Pradesh State Board,Radha Niketan College Kanpur,Electronics & Telecommunication,93,12th,14/03/2010,18/09/2014,Full Time,NITA,Motilal Nehru National Institute of Technology Allahabad,Electronics & Telecommunication,81,BE,20/07/2015,22/01/2018,Full Time,NITIE,NITIE Mumbai,Mining Engineering,87,ME,0,29/03/2017,19/09/2018,Full Time,Junior Technical Consultant,TCS,Manufacturing,AGRA,India,,,,,,,,,English,Good,Good,Good,Hindi,Good,Good,Good,Marathi,Good,Good,Good,Guddu,Software Engineer,London,8009800998,,,Naukri.com
88995,Major,Uday,Bhan,uday.bhan@mailinator.com988,7864823988,7894923645,13/04/1990,M,Single,PAN167694988,No,Behind Yaga Baba Hostel Baner,426194,KANPUR,India,579700,1340000,Mumbai,579000,2,1,30,12/06/2004,13/07/2006,Full Time,Uttar Pradesh State Board,Saraswati Vidya Mandir Kanpur,NA,92,10th,14/02/2007,25/03/2010,Full Time,Uttar Pradesh State Board,Radha Niketan College Kanpur,Electronics & Telecommunication,93,12th,14/03/2010,18/09/2014,Full Time,NITA,Motilal Nehru National Institute of Technology Allahabad,Electronics & Telecommunication,81,BE,20/07/2015,22/01/2018,Full Time,NITIE,NITIE Mumbai,Mining Engineering,87,ME,0,29/03/2017,19/09/2018,Full Time,Junior Technical Consultant,TCS,Manufacturing,AGRA,India,,,,,,,,,English,Good,Good,Good,Hindi,Good,Good,Good,Marathi,Good,Good,Good,Guddu,Software Engineer,London,8009800998,,,Naukri.com
88995,Major,Uday,Bhan,uday.bhan@mailinator.com989,7864823989,7894923645,13/04/1990,M,Single,PAN167694989,No,Behind Yaga Baba Hostel Baner,426194,KANPUR,India,579700,1340000,Mumbai,579000,2,1,30,12/06/2004,13/07/2006,Full Time,Uttar Pradesh State Board,Saraswati Vidya Mandir Kanpur,NA,92,10th,14/02/2007,25/03/2010,Full Time,Uttar Pradesh State Board,Radha Niketan College Kanpur,Electronics & Telecommunication,93,12th,14/03/2010,18/09/2014,Full Time,NITA,Motilal Nehru National Institute of Technology Allahabad,Electronics & Telecommunication,81,BE,20/07/2015,22/01/2018,Full Time,NITIE,NITIE Mumbai,Mining Engineering,87,ME,0,29/03/2017,19/09/2018,Full Time,Junior Technical Consultant,TCS,Manufacturing,AGRA,India,,,,,,,,,English,Good,Good,Good,Hindi,Good,Good,Good,Marathi,Good,Good,Good,Guddu,Software Engineer,London,8009800998,,,Naukri.com
88995,Major,Uday,Bhan,uday.bhan@mailinator.com990,7864823990,7894923645,13/04/1990,M,Single,PAN167694990,No,Behind Yaga Baba Hostel Baner,426194,KANPUR,India,579700,1340000,Mumbai,579000,2,1,30,12/06/2004,13/07/2006,Full Time,Uttar Pradesh State Board,Saraswati Vidya Mandir Kanpur,NA,92,10th,14/02/2007,25/03/2010,Full Time,Uttar Pradesh State Board,Radha Niketan College Kanpur,Electronics & Telecommunication,93,12th,14/03/2010,18/09/2014,Full Time,NITA,Motilal Nehru National Institute of Technology Allahabad,Electronics & Telecommunication,81,BE,20/07/2015,22/01/2018,Full Time,NITIE,NITIE Mumbai,Mining Engineering,87,ME,0,29/03/2017,19/09/2018,Full Time,Junior Technical Consultant,TCS,Manufacturing,AGRA,India,,,,,,,,,English,Good,Good,Good,Hindi,Good,Good,Good,Marathi,Good,Good,Good,Guddu,Software Engineer,London,8009800998,,,Naukri.com
88995,Major,Uday,Bhan,uday.bhan@mailinator.com991,7864823991,7894923645,13/04/1990,M,Single,PAN167694991,No,Behind Yaga Baba Hostel Baner,426194,KANPUR,India,579700,1340000,Mumbai,579000,2,1,30,12/06/2004,13/07/2006,Full Time,Uttar Pradesh State Board,Saraswati Vidya Mandir Kanpur,NA,92,10th,14/02/2007,25/03/2010,Full Time,Uttar Pradesh State Board,Radha Niketan College Kanpur,Electronics & Telecommunication,93,12th,14/03/2010,18/09/2014,Full Time,NITA,Motilal Nehru National Institute of Technology Allahabad,Electronics & Telecommunication,81,BE,20/07/2015,22/01/2018,Full Time,NITIE,NITIE Mumbai,Mining Engineering,87,ME,0,29/03/2017,19/09/2018,Full Time,Junior Technical Consultant,TCS,Manufacturing,AGRA,India,,,,,,,,,English,Good,Good,Good,Hindi,Good,Good,Good,Marathi,Good,Good,Good,Guddu,Software Engineer,London,8009800998,,,Naukri.com
88995,Major,Uday,Bhan,uday.bhan@mailinator.com992,7864823992,7894923645,13/04/1990,M,Single,PAN167694992,No,Behind Yaga Baba Hostel Baner,426194,KANPUR,India,579700,1340000,Mumbai,579000,2,1,30,12/06/2004,13/07/2006,Full Time,Uttar Pradesh State Board,Saraswati Vidya Mandir Kanpur,NA,92,10th,14/02/2007,25/03/2010,Full Time,Uttar Pradesh State Board,Radha Niketan College Kanpur,Electronics & Telecommunication,93,12th,14/03/2010,18/09/2014,Full Time,NITA,Motilal Nehru National Institute of Technology Allahabad,Electronics & Telecommunication,81,BE,20/07/2015,22/01/2018,Full Time,NITIE,NITIE Mumbai,Mining Engineering,87,ME,0,29/03/2017,19/09/2018,Full Time,Junior Technical Consultant,TCS,Manufacturing,AGRA,India,,,,,,,,,English,Good,Good,Good,Hindi,Good,Good,Good,Marathi,Good,Good,Good,Guddu,Software Engineer,London,8009800998,,,Naukri.com
88995,Major,Uday,Bhan,uday.bhan@mailinator.com993,7864823993,7894923645,13/04/1990,M,Single,PAN167694993,No,Behind Yaga Baba Hostel Baner,426194,KANPUR,India,579700,1340000,Mumbai,579000,2,1,30,12/06/2004,13/07/2006,Full Time,Uttar Pradesh State Board,Saraswati Vidya Mandir Kanpur,NA,92,10th,14/02/2007,25/03/2010,Full Time,Uttar Pradesh State Board,Radha Niketan College Kanpur,Electronics & Telecommunication,93,12th,14/03/2010,18/09/2014,Full Time,NITA,Motilal Nehru National Institute of Technology Allahabad,Electronics & Telecommunication,81,BE,20/07/2015,22/01/2018,Full Time,NITIE,NITIE Mumbai,Mining Engineering,87,ME,0,29/03/2017,19/09/2018,Full Time,Junior Technical Consultant,TCS,Manufacturing,AGRA,India,,,,,,,,,English,Good,Good,Good,Hindi,Good,Good,Good,Marathi,Good,Good,Good,Guddu,Software Engineer,London,8009800998,,,Naukri.com
88995,Major,Uday,Bhan,uday.bhan@mailinator.com994,7864823994,7894923645,13/04/1990,M,Single,PAN167694994,No,Behind Yaga Baba Hostel Baner,426194,KANPUR,India,579700,1340000,Mumbai,579000,2,1,30,12/06/2004,13/07/2006,Full Time,Uttar Pradesh State Board,Saraswati Vidya Mandir Kanpur,NA,92,10th,14/02/2007,25/03/2010,Full Time,Uttar Pradesh State Board,Radha Niketan College Kanpur,Electronics & Telecommunication,93,12th,14/03/2010,18/09/2014,Full Time,NITA,Motilal Nehru National Institute of Technology Allahabad,Electronics & Telecommunication,81,BE,20/07/2015,22/01/2018,Full Time,NITIE,NITIE Mumbai,Mining Engineering,87,ME,0,29/03/2017,19/09/2018,Full Time,Junior Technical Consultant,TCS,Manufacturing,AGRA,India,,,,,,,,,English,Good,Good,Good,Hindi,Good,Good,Good,Marathi,Good,Good,Good,Guddu,Software Engineer,London,8009800998,,,Naukri.com
88995,Major,Uday,Bhan,uday.bhan@mailinator.com995,7864823995,7894923645,13/04/1990,M,Single,PAN167694995,No,Behind Yaga Baba Hostel Baner,426194,KANPUR,India,579700,1340000,Mumbai,579000,2,1,30,12/06/2004,13/07/2006,Full Time,Uttar Pradesh State Board,Saraswati Vidya Mandir Kanpur,NA,92,10th,14/02/2007,25/03/2010,Full Time,Uttar Pradesh State Board,Radha Niketan College Kanpur,Electronics & Telecommunication,93,12th,14/03/2010,18/09/2014,Full Time,NITA,Motilal Nehru National Institute of Technology Allahabad,Electronics & Telecommunication,81,BE,20/07/2015,22/01/2018,Full Time,NITIE,NITIE Mumbai,Mining Engineering,87,ME,0,29/03/2017,19/09/2018,Full Time,Junior Technical Consultant,TCS,Manufacturing,AGRA,India,,,,,,,,,English,Good,Good,Good,Hindi,Good,Good,Good,Marathi,Good,Good,Good,Guddu,Software Engineer,London,8009800998,,,Naukri.com
88995,Major,Uday,Bhan,uday.bhan@mailinator.com996,7864823996,7894923645,13/04/1990,M,Single,PAN167694996,No,Behind Yaga Baba Hostel Baner,426194,KANPUR,India,579700,1340000,Mumbai,579000,2,1,30,12/06/2004,13/07/2006,Full Time,Uttar Pradesh State Board,Saraswati Vidya Mandir Kanpur,NA,92,10th,14/02/2007,25/03/2010,Full Time,Uttar Pradesh State Board,Radha Niketan College Kanpur,Electronics & Telecommunication,93,12th,14/03/2010,18/09/2014,Full Time,NITA,Motilal Nehru National Institute of Technology Allahabad,Electronics & Telecommunication,81,BE,20/07/2015,22/01/2018,Full Time,NITIE,NITIE Mumbai,Mining Engineering,87,ME,0,29/03/2017,19/09/2018,Full Time,Junior Technical Consultant,TCS,Manufacturing,AGRA,India,,,,,,,,,English,Good,Good,Good,Hindi,Good,Good,Good,Marathi,Good,Good,Good,Guddu,Software Engineer,London,8009800998,,,Naukri.com
88995,Major,Uday,Bhan,uday.bhan@mailinator.com997,7864823997,7894923645,13/04/1990,M,Single,PAN167694997,No,Behind Yaga Baba Hostel Baner,426194,KANPUR,India,579700,1340000,Mumbai,579000,2,1,30,12/06/2004,13/07/2006,Full Time,Uttar Pradesh State Board,Saraswati Vidya Mandir Kanpur,NA,92,10th,14/02/2007,25/03/2010,Full Time,Uttar Pradesh State Board,Radha Niketan College Kanpur,Electronics & Telecommunication,93,12th,14/03/2010,18/09/2014,Full Time,NITA,Motilal Nehru National Institute of Technology Allahabad,Electronics & Telecommunication,81,BE,20/07/2015,22/01/2018,Full Time,NITIE,NITIE Mumbai,Mining Engineering,87,ME,0,29/03/2017,19/09/2018,Full Time,Junior Technical Consultant,TCS,Manufacturing,AGRA,India,,,,,,,,,English,Good,Good,Good,Hindi,Good,Good,Good,Marathi,Good,Good,Good,Guddu,Software Engineer,London,8009800998,,,Naukri.com
88995,Major,Uday,Bhan,uday.bhan@mailinator.com998,7864823998,7894923645,13/04/1990,M,Single,PAN167694998,No,Behind Yaga Baba Hostel Baner,426194,KANPUR,India,579700,1340000,Mumbai,579000,2,1,30,12/06/2004,13/07/2006,Full Time,Uttar Pradesh State Board,Saraswati Vidya Mandir Kanpur,NA,92,10th,14/02/2007,25/03/2010,Full Time,Uttar Pradesh State Board,Radha Niketan College Kanpur,Electronics & Telecommunication,93,12th,14/03/2010,18/09/2014,Full Time,NITA,Motilal Nehru National Institute of Technology Allahabad,Electronics & Telecommunication,81,BE,20/07/2015,22/01/2018,Full Time,NITIE,NITIE Mumbai,Mining Engineering,87,ME,0,29/03/2017,19/09/2018,Full Time,Junior Technical Consultant,TCS,Manufacturing,AGRA,India,,,,,,,,,English,Good,Good,Good,Hindi,Good,Good,Good,Marathi,Good,Good,Good,Guddu,Software Engineer,London,8009800998,,,Naukri.com
88995,Major,Uday,Bhan,uday.bhan@mailinator.com999,7864823999,7894923645,13/04/1990,M,Single,PAN167694999,No,Behind Yaga Baba Hostel Baner,426194,KANPUR,India,579700,1340000,Mumbai,579000,2,1,30,12/06/2004,13/07/2006,Full Time,Uttar Pradesh State Board,Saraswati Vidya Mandir Kanpur,NA,92,10th,14/02/2007,25/03/2010,Full Time,Uttar Pradesh State Board,Radha Niketan College Kanpur,Electronics & Telecommunication,93,12th,14/03/2010,18/09/2014,Full Time,NITA,Motilal Nehru National Institute of Technology Allahabad,Electronics & Telecommunication,81,BE,20/07/2015,22/01/2018,Full Time,NITIE,NITIE Mumbai,Mining Engineering,87,ME,0,29/03/2017,19/09/2018,Full Time,Junior Technical Consultant,TCS,Manufacturing,AGRA,India,,,,,,,,,English,Good,Good,Good,Hindi,Good,Good,Good,Marathi,Good,Good,Good,Guddu,Software Engineer,London,8009800998,,,Naukri.com
