Candidate Id,First Name,Middle Name,Last Name,Email Address,Primary Phone,Alternate Phone,Date of Birth,Gender,Marital Status,PAN,Physical Disability,Home Address Line1,Pincode,City,Country,Last drawn CTC,Min Annual Salary,Preferred Location,Total CTC (Lakhs P.A.):,Total Years of Experience,Time Gap,Notice Period,Primary school From Date,Primary school End Date,Primary school Type Of Program,Primary school University/Board,Primary school Institute,Primary school Specialization,Primary school Grade/Percentage/CGPA,Primary school Education Qualification,Secondary school From Date,Secondary school End Date,Secondary school Type Of Program,Secondary school University/Board,Secondary school Institute,Secondary school Specialization,Secondary school Grade/Percentage/CGPA,Secondary school Education Qualification,Graduation From Date,Graduation End Date,Graduation Type Of Program,Graduation University/Board,Graduation Institute,Graduation Specialization,Graduation Grade/Percentage/CGPA,Graduation Education Qualification,Post Graduation From Date,Post Graduation End Date,Post Graduation Type Of Program,Post Graduation University/Board,Post Graduation Institute,Post Graduation Specialization,Post Graduation Grade/Percentage/CGPA,Post Graduation Education Qualification,Backlog,Work Experience 1 Start Date,Work Experience 1 End Date,Work Experience 1 Employment Type,Work Experience 1 Title,Work Experience 1 Company Name,Work Experience 1 Type of Business,Work Experience 1 Location,Work Experience 1 Country,Work Experience 2 Start Date,Work Experience 2 End Date,Work Experience 2 Employment Type,Work Experience 2 Title,Work Experience 2 Company Name,Work Experience 2 Type of Business,Work Experience 2 Location,Work Experience 2 Country,Language 1,Language 1 Read,Language 1 Speak,Language 1 Write,Language 2,Language 2 Read,Language 2 Speak,Language 2 Write,Language 3,Language 3 Read,Language 3 Speak,Language 3 Write,Name of Reference,Designation of Reference, Address of Reference, Contact of Reference,Applicant Photo,Resume,Source
88995,Major,Uday,Bhan,uday.bhan@mailinator.com0,78648236650,7894923645,13/04/1990,M,Single,PAN1676940,No,Behind Yaga Baba Hostel Baner,426194,KANPUR,India,579700,1340000,Mumbai,579000,2,1,30,12/06/2004,13/07/2006,Full Time,Uttar Pradesh State Board,Saraswati Vidya Mandir Kanpur,NA,92,10th,14/02/2007,25/03/2010,Full Time,Uttar Pradesh State Board,Radha Niketan College Kanpur,Electronics & Telecommunication,93,12th,14/03/2010,18/09/2014,Full Time,NITA,Motilal Nehru National Institute of Technology Allahabad,Electronics & Telecommunication,81,BE,20/07/2015,22/01/2018,Full Time,NITIE,NITIE Mumbai,Mining Engineering,87,ME,0,29/03/2017,19/09/2018,Full Time,Junior Technical Consultant,TCS,Manufacturing,AGRA,India,,,,,,,,,English,Good,Good,Good,Hindi,Good,Good,Good,Marathi,Good,Good,Good,Guddu,Software Engineer,London,8009800998,,,Naukri.com
88995,Major,Uday,Bhan,uday.bhan@mailinator.com1,78648236651,7894923645,13/04/1990,M,Single,PAN1676941,No,Behind Yaga Baba Hostel Baner,426194,KANPUR,India,579700,1340000,Mumbai,579000,2,1,30,12/06/2004,13/07/2006,Full Time,Uttar Pradesh State Board,Saraswati Vidya Mandir Kanpur,NA,92,10th,14/02/2007,25/03/2010,Full Time,Uttar Pradesh State Board,Radha Niketan College Kanpur,Electronics & Telecommunication,93,12th,14/03/2010,18/09/2014,Full Time,NITA,Motilal Nehru National Institute of Technology Allahabad,Electronics & Telecommunication,81,BE,20/07/2015,22/01/2018,Full Time,NITIE,NITIE Mumbai,Mining Engineering,87,ME,0,29/03/2017,19/09/2018,Full Time,Junior Technical Consultant,TCS,Manufacturing,AGRA,India,,,,,,,,,English,Good,Good,Good,Hindi,Good,Good,Good,Marathi,Good,Good,Good,Guddu,Software Engineer,London,8009800998,,,Naukri.com
88995,Major,Uday,Bhan,uday.bhan@mailinator.com2,78648236652,7894923645,13/04/1990,M,Single,PAN1676942,No,Behind Yaga Baba Hostel Baner,426194,KANPUR,India,579700,1340000,Mumbai,579000,2,1,30,12/06/2004,13/07/2006,Full Time,Uttar Pradesh State Board,Saraswati Vidya Mandir Kanpur,NA,92,10th,14/02/2007,25/03/2010,Full Time,Uttar Pradesh State Board,Radha Niketan College Kanpur,Electronics & Telecommunication,93,12th,14/03/2010,18/09/2014,Full Time,NITA,Motilal Nehru National Institute of Technology Allahabad,Electronics & Telecommunication,81,BE,20/07/2015,22/01/2018,Full Time,NITIE,NITIE Mumbai,Mining Engineering,87,ME,0,29/03/2017,19/09/2018,Full Time,Junior Technical Consultant,TCS,Manufacturing,AGRA,India,,,,,,,,,English,Good,Good,Good,Hindi,Good,Good,Good,Marathi,Good,Good,Good,Guddu,Software Engineer,London,8009800998,,,Naukri.com
88995,Major,Uday,Bhan,uday.bhan@mailinator.com3,78648236653,7894923645,13/04/1990,M,Single,PAN1676943,No,Behind Yaga Baba Hostel Baner,426194,KANPUR,India,579700,1340000,Mumbai,579000,2,1,30,12/06/2004,13/07/2006,Full Time,Uttar Pradesh State Board,Saraswati Vidya Mandir Kanpur,NA,92,10th,14/02/2007,25/03/2010,Full Time,Uttar Pradesh State Board,Radha Niketan College Kanpur,Electronics & Telecommunication,93,12th,14/03/2010,18/09/2014,Full Time,NITA,Motilal Nehru National Institute of Technology Allahabad,Electronics & Telecommunication,81,BE,20/07/2015,22/01/2018,Full Time,NITIE,NITIE Mumbai,Mining Engineering,87,ME,0,29/03/2017,19/09/2018,Full Time,Junior Technical Consultant,TCS,Manufacturing,AGRA,India,,,,,,,,,English,Good,Good,Good,Hindi,Good,Good,Good,Marathi,Good,Good,Good,Guddu,Software Engineer,London,8009800998,,,Naukri.com
88995,Major,Uday,Bhan,uday.bhan@mailinator.com4,78648236654,7894923645,13/04/1990,M,Single,PAN1676944,No,Behind Yaga Baba Hostel Baner,426194,KANPUR,India,579700,1340000,Mumbai,579000,2,1,30,12/06/2004,13/07/2006,Full Time,Uttar Pradesh State Board,Saraswati Vidya Mandir Kanpur,NA,92,10th,14/02/2007,25/03/2010,Full Time,Uttar Pradesh State Board,Radha Niketan College Kanpur,Electronics & Telecommunication,93,12th,14/03/2010,18/09/2014,Full Time,NITA,Motilal Nehru National Institute of Technology Allahabad,Electronics & Telecommunication,81,BE,20/07/2015,22/01/2018,Full Time,NITIE,NITIE Mumbai,Mining Engineering,87,ME,0,29/03/2017,19/09/2018,Full Time,Junior Technical Consultant,TCS,Manufacturing,AGRA,India,,,,,,,,,English,Good,Good,Good,Hindi,Good,Good,Good,Marathi,Good,Good,Good,Guddu,Software Engineer,London,8009800998,,,Naukri.com
88995,Major,Uday,Bhan,uday.bhan@mailinator.com5,78648236655,7894923645,13/04/1990,M,Single,PAN1676945,No,Behind Yaga Baba Hostel Baner,426194,KANPUR,India,579700,1340000,Mumbai,579000,2,1,30,12/06/2004,13/07/2006,Full Time,Uttar Pradesh State Board,Saraswati Vidya Mandir Kanpur,NA,92,10th,14/02/2007,25/03/2010,Full Time,Uttar Pradesh State Board,Radha Niketan College Kanpur,Electronics & Telecommunication,93,12th,14/03/2010,18/09/2014,Full Time,NITA,Motilal Nehru National Institute of Technology Allahabad,Electronics & Telecommunication,81,BE,20/07/2015,22/01/2018,Full Time,NITIE,NITIE Mumbai,Mining Engineering,87,ME,0,29/03/2017,19/09/2018,Full Time,Junior Technical Consultant,TCS,Manufacturing,AGRA,India,,,,,,,,,English,Good,Good,Good,Hindi,Good,Good,Good,Marathi,Good,Good,Good,Guddu,Software Engineer,London,8009800998,,,Naukri.com
88995,Major,Uday,Bhan,uday.bhan@mailinator.com6,78648236656,7894923645,13/04/1990,M,Single,PAN1676946,No,Behind Yaga Baba Hostel Baner,426194,KANPUR,India,579700,1340000,Mumbai,579000,2,1,30,12/06/2004,13/07/2006,Full Time,Uttar Pradesh State Board,Saraswati Vidya Mandir Kanpur,NA,92,10th,14/02/2007,25/03/2010,Full Time,Uttar Pradesh State Board,Radha Niketan College Kanpur,Electronics & Telecommunication,93,12th,14/03/2010,18/09/2014,Full Time,NITA,Motilal Nehru National Institute of Technology Allahabad,Electronics & Telecommunication,81,BE,20/07/2015,22/01/2018,Full Time,NITIE,NITIE Mumbai,Mining Engineering,87,ME,0,29/03/2017,19/09/2018,Full Time,Junior Technical Consultant,TCS,Manufacturing,AGRA,India,,,,,,,,,English,Good,Good,Good,Hindi,Good,Good,Good,Marathi,Good,Good,Good,Guddu,Software Engineer,London,8009800998,,,Naukri.com
88995,Major,Uday,Bhan,uday.bhan@mailinator.com7,78648236657,7894923645,13/04/1990,M,Single,PAN1676947,No,Behind Yaga Baba Hostel Baner,426194,KANPUR,India,579700,1340000,Mumbai,579000,2,1,30,12/06/2004,13/07/2006,Full Time,Uttar Pradesh State Board,Saraswati Vidya Mandir Kanpur,NA,92,10th,14/02/2007,25/03/2010,Full Time,Uttar Pradesh State Board,Radha Niketan College Kanpur,Electronics & Telecommunication,93,12th,14/03/2010,18/09/2014,Full Time,NITA,Motilal Nehru National Institute of Technology Allahabad,Electronics & Telecommunication,81,BE,20/07/2015,22/01/2018,Full Time,NITIE,NITIE Mumbai,Mining Engineering,87,ME,0,29/03/2017,19/09/2018,Full Time,Junior Technical Consultant,TCS,Manufacturing,AGRA,India,,,,,,,,,English,Good,Good,Good,Hindi,Good,Good,Good,Marathi,Good,Good,Good,Guddu,Software Engineer,London,8009800998,,,Naukri.com
88995,Major,Uday,Bhan,uday.bhan@mailinator.com8,78648236658,7894923645,13/04/1990,M,Single,PAN1676948,No,Behind Yaga Baba Hostel Baner,426194,KANPUR,India,579700,1340000,Mumbai,579000,2,1,30,12/06/2004,13/07/2006,Full Time,Uttar Pradesh State Board,Saraswati Vidya Mandir Kanpur,NA,92,10th,14/02/2007,25/03/2010,Full Time,Uttar Pradesh State Board,Radha Niketan College Kanpur,Electronics & Telecommunication,93,12th,14/03/2010,18/09/2014,Full Time,NITA,Motilal Nehru National Institute of Technology Allahabad,Electronics & Telecommunication,81,BE,20/07/2015,22/01/2018,Full Time,NITIE,NITIE Mumbai,Mining Engineering,87,ME,0,29/03/2017,19/09/2018,Full Time,Junior Technical Consultant,TCS,Manufacturing,AGRA,India,,,,,,,,,English,Good,Good,Good,Hindi,Good,Good,Good,Marathi,Good,Good,Good,Guddu,Software Engineer,London,8009800998,,,Naukri.com
88995,Major,Uday,Bhan,uday.bhan@mailinator.com9,78648236659,7894923645,13/04/1990,M,Single,PAN1676949,No,Behind Yaga Baba Hostel Baner,426194,KANPUR,India,579700,1340000,Mumbai,579000,2,1,30,12/06/2004,13/07/2006,Full Time,Uttar Pradesh State Board,Saraswati Vidya Mandir Kanpur,NA,92,10th,14/02/2007,25/03/2010,Full Time,Uttar Pradesh State Board,Radha Niketan College Kanpur,Electronics & Telecommunication,93,12th,14/03/2010,18/09/2014,Full Time,NITA,Motilal Nehru National Institute of Technology Allahabad,Electronics & Telecommunication,81,BE,20/07/2015,22/01/2018,Full Time,NITIE,NITIE Mumbai,Mining Engineering,87,ME,0,29/03/2017,19/09/2018,Full Time,Junior Technical Consultant,TCS,Manufacturing,AGRA,India,,,,,,,,,English,Good,Good,Good,Hindi,Good,Good,Good,Marathi,Good,Good,Good,Guddu,Software Engineer,London,8009800998,,,Naukri.com
88995,Major,Uday,Bhan,uday.bhan@mailinator.com10,786482366510,7894923645,13/04/1990,M,Single,PAN16769410,No,Behind Yaga Baba Hostel Baner,426194,KANPUR,India,579700,1340000,Mumbai,579000,2,1,30,12/06/2004,13/07/2006,Full Time,Uttar Pradesh State Board,Saraswati Vidya Mandir Kanpur,NA,92,10th,14/02/2007,25/03/2010,Full Time,Uttar Pradesh State Board,Radha Niketan College Kanpur,Electronics & Telecommunication,93,12th,14/03/2010,18/09/2014,Full Time,NITA,Motilal Nehru National Institute of Technology Allahabad,Electronics & Telecommunication,81,BE,20/07/2015,22/01/2018,Full Time,NITIE,NITIE Mumbai,Mining Engineering,87,ME,0,29/03/2017,19/09/2018,Full Time,Junior Technical Consultant,TCS,Manufacturing,AGRA,India,,,,,,,,,English,Good,Good,Good,Hindi,Good,Good,Good,Marathi,Good,Good,Good,Guddu,Software Engineer,London,8009800998,,,Naukri.com
88995,Major,Uday,Bhan,uday.bhan@mailinator.com11,786482366511,7894923645,13/04/1990,M,Single,PAN16769411,No,Behind Yaga Baba Hostel Baner,426194,KANPUR,India,579700,1340000,Mumbai,579000,2,1,30,12/06/2004,13/07/2006,Full Time,Uttar Pradesh State Board,Saraswati Vidya Mandir Kanpur,NA,92,10th,14/02/2007,25/03/2010,Full Time,Uttar Pradesh State Board,Radha Niketan College Kanpur,Electronics & Telecommunication,93,12th,14/03/2010,18/09/2014,Full Time,NITA,Motilal Nehru National Institute of Technology Allahabad,Electronics & Telecommunication,81,BE,20/07/2015,22/01/2018,Full Time,NITIE,NITIE Mumbai,Mining Engineering,87,ME,0,29/03/2017,19/09/2018,Full Time,Junior Technical Consultant,TCS,Manufacturing,AGRA,India,,,,,,,,,English,Good,Good,Good,Hindi,Good,Good,Good,Marathi,Good,Good,Good,Guddu,Software Engineer,London,8009800998,,,Naukri.com
88995,Major,Uday,Bhan,uday.bhan@mailinator.com12,786482366512,7894923645,13/04/1990,M,Single,PAN16769412,No,Behind Yaga Baba Hostel Baner,426194,KANPUR,India,579700,1340000,Mumbai,579000,2,1,30,12/06/2004,13/07/2006,Full Time,Uttar Pradesh State Board,Saraswati Vidya Mandir Kanpur,NA,92,10th,14/02/2007,25/03/2010,Full Time,Uttar Pradesh State Board,Radha Niketan College Kanpur,Electronics & Telecommunication,93,12th,14/03/2010,18/09/2014,Full Time,NITA,Motilal Nehru National Institute of Technology Allahabad,Electronics & Telecommunication,81,BE,20/07/2015,22/01/2018,Full Time,NITIE,NITIE Mumbai,Mining Engineering,87,ME,0,29/03/2017,19/09/2018,Full Time,Junior Technical Consultant,TCS,Manufacturing,AGRA,India,,,,,,,,,English,Good,Good,Good,Hindi,Good,Good,Good,Marathi,Good,Good,Good,Guddu,Software Engineer,London,8009800998,,,Naukri.com
88995,Major,Uday,Bhan,uday.bhan@mailinator.com13,786482366513,7894923645,13/04/1990,M,Single,PAN16769413,No,Behind Yaga Baba Hostel Baner,426194,KANPUR,India,579700,1340000,Mumbai,579000,2,1,30,12/06/2004,13/07/2006,Full Time,Uttar Pradesh State Board,Saraswati Vidya Mandir Kanpur,NA,92,10th,14/02/2007,25/03/2010,Full Time,Uttar Pradesh State Board,Radha Niketan College Kanpur,Electronics & Telecommunication,93,12th,14/03/2010,18/09/2014,Full Time,NITA,Motilal Nehru National Institute of Technology Allahabad,Electronics & Telecommunication,81,BE,20/07/2015,22/01/2018,Full Time,NITIE,NITIE Mumbai,Mining Engineering,87,ME,0,29/03/2017,19/09/2018,Full Time,Junior Technical Consultant,TCS,Manufacturing,AGRA,India,,,,,,,,,English,Good,Good,Good,Hindi,Good,Good,Good,Marathi,Good,Good,Good,Guddu,Software Engineer,London,8009800998,,,Naukri.com
88995,Major,Uday,Bhan,uday.bhan@mailinator.com14,786482366514,7894923645,13/04/1990,M,Single,PAN16769414,No,Behind Yaga Baba Hostel Baner,426194,KANPUR,India,579700,1340000,Mumbai,579000,2,1,30,12/06/2004,13/07/2006,Full Time,Uttar Pradesh State Board,Saraswati Vidya Mandir Kanpur,NA,92,10th,14/02/2007,25/03/2010,Full Time,Uttar Pradesh State Board,Radha Niketan College Kanpur,Electronics & Telecommunication,93,12th,14/03/2010,18/09/2014,Full Time,NITA,Motilal Nehru National Institute of Technology Allahabad,Electronics & Telecommunication,81,BE,20/07/2015,22/01/2018,Full Time,NITIE,NITIE Mumbai,Mining Engineering,87,ME,0,29/03/2017,19/09/2018,Full Time,Junior Technical Consultant,TCS,Manufacturing,AGRA,India,,,,,,,,,English,Good,Good,Good,Hindi,Good,Good,Good,Marathi,Good,Good,Good,Guddu,Software Engineer,London,8009800998,,,Naukri.com
88995,Major,Uday,Bhan,uday.bhan@mailinator.com15,786482366515,7894923645,13/04/1990,M,Single,PAN16769415,No,Behind Yaga Baba Hostel Baner,426194,KANPUR,India,579700,1340000,Mumbai,579000,2,1,30,12/06/2004,13/07/2006,Full Time,Uttar Pradesh State Board,Saraswati Vidya Mandir Kanpur,NA,92,10th,14/02/2007,25/03/2010,Full Time,Uttar Pradesh State Board,Radha Niketan College Kanpur,Electronics & Telecommunication,93,12th,14/03/2010,18/09/2014,Full Time,NITA,Motilal Nehru National Institute of Technology Allahabad,Electronics & Telecommunication,81,BE,20/07/2015,22/01/2018,Full Time,NITIE,NITIE Mumbai,Mining Engineering,87,ME,0,29/03/2017,19/09/2018,Full Time,Junior Technical Consultant,TCS,Manufacturing,AGRA,India,,,,,,,,,English,Good,Good,Good,Hindi,Good,Good,Good,Marathi,Good,Good,Good,Guddu,Software Engineer,London,8009800998,,,Naukri.com
88995,Major,Uday,Bhan,uday.bhan@mailinator.com16,786482366516,7894923645,13/04/1990,M,Single,PAN16769416,No,Behind Yaga Baba Hostel Baner,426194,KANPUR,India,579700,1340000,Mumbai,579000,2,1,30,12/06/2004,13/07/2006,Full Time,Uttar Pradesh State Board,Saraswati Vidya Mandir Kanpur,NA,92,10th,14/02/2007,25/03/2010,Full Time,Uttar Pradesh State Board,Radha Niketan College Kanpur,Electronics & Telecommunication,93,12th,14/03/2010,18/09/2014,Full Time,NITA,Motilal Nehru National Institute of Technology Allahabad,Electronics & Telecommunication,81,BE,20/07/2015,22/01/2018,Full Time,NITIE,NITIE Mumbai,Mining Engineering,87,ME,0,29/03/2017,19/09/2018,Full Time,Junior Technical Consultant,TCS,Manufacturing,AGRA,India,,,,,,,,,English,Good,Good,Good,Hindi,Good,Good,Good,Marathi,Good,Good,Good,Guddu,Software Engineer,London,8009800998,,,Naukri.com
88995,Major,Uday,Bhan,uday.bhan@mailinator.com17,786482366517,7894923645,13/04/1990,M,Single,PAN16769417,No,Behind Yaga Baba Hostel Baner,426194,KANPUR,India,579700,1340000,Mumbai,579000,2,1,30,12/06/2004,13/07/2006,Full Time,Uttar Pradesh State Board,Saraswati Vidya Mandir Kanpur,NA,92,10th,14/02/2007,25/03/2010,Full Time,Uttar Pradesh State Board,Radha Niketan College Kanpur,Electronics & Telecommunication,93,12th,14/03/2010,18/09/2014,Full Time,NITA,Motilal Nehru National Institute of Technology Allahabad,Electronics & Telecommunication,81,BE,20/07/2015,22/01/2018,Full Time,NITIE,NITIE Mumbai,Mining Engineering,87,ME,0,29/03/2017,19/09/2018,Full Time,Junior Technical Consultant,TCS,Manufacturing,AGRA,India,,,,,,,,,English,Good,Good,Good,Hindi,Good,Good,Good,Marathi,Good,Good,Good,Guddu,Software Engineer,London,8009800998,,,Naukri.com
88995,Major,Uday,Bhan,uday.bhan@mailinator.com18,786482366518,7894923645,13/04/1990,M,Single,PAN16769418,No,Behind Yaga Baba Hostel Baner,426194,KANPUR,India,579700,1340000,Mumbai,579000,2,1,30,12/06/2004,13/07/2006,Full Time,Uttar Pradesh State Board,Saraswati Vidya Mandir Kanpur,NA,92,10th,14/02/2007,25/03/2010,Full Time,Uttar Pradesh State Board,Radha Niketan College Kanpur,Electronics & Telecommunication,93,12th,14/03/2010,18/09/2014,Full Time,NITA,Motilal Nehru National Institute of Technology Allahabad,Electronics & Telecommunication,81,BE,20/07/2015,22/01/2018,Full Time,NITIE,NITIE Mumbai,Mining Engineering,87,ME,0,29/03/2017,19/09/2018,Full Time,Junior Technical Consultant,TCS,Manufacturing,AGRA,India,,,,,,,,,English,Good,Good,Good,Hindi,Good,Good,Good,Marathi,Good,Good,Good,Guddu,Software Engineer,London,8009800998,,,Naukri.com
88995,Major,Uday,Bhan,uday.bhan@mailinator.com19,786482366519,7894923645,13/04/1990,M,Single,PAN16769419,No,Behind Yaga Baba Hostel Baner,426194,KANPUR,India,579700,1340000,Mumbai,579000,2,1,30,12/06/2004,13/07/2006,Full Time,Uttar Pradesh State Board,Saraswati Vidya Mandir Kanpur,NA,92,10th,14/02/2007,25/03/2010,Full Time,Uttar Pradesh State Board,Radha Niketan College Kanpur,Electronics & Telecommunication,93,12th,14/03/2010,18/09/2014,Full Time,NITA,Motilal Nehru National Institute of Technology Allahabad,Electronics & Telecommunication,81,BE,20/07/2015,22/01/2018,Full Time,NITIE,NITIE Mumbai,Mining Engineering,87,ME,0,29/03/2017,19/09/2018,Full Time,Junior Technical Consultant,TCS,Manufacturing,AGRA,India,,,,,,,,,English,Good,Good,Good,Hindi,Good,Good,Good,Marathi,Good,Good,Good,Guddu,Software Engineer,London,8009800998,,,Naukri.com
88995,Major,Uday,Bhan,uday.bhan@mailinator.com20,786482366520,7894923645,13/04/1990,M,Single,PAN16769420,No,Behind Yaga Baba Hostel Baner,426194,KANPUR,India,579700,1340000,Mumbai,579000,2,1,30,12/06/2004,13/07/2006,Full Time,Uttar Pradesh State Board,Saraswati Vidya Mandir Kanpur,NA,92,10th,14/02/2007,25/03/2010,Full Time,Uttar Pradesh State Board,Radha Niketan College Kanpur,Electronics & Telecommunication,93,12th,14/03/2010,18/09/2014,Full Time,NITA,Motilal Nehru National Institute of Technology Allahabad,Electronics & Telecommunication,81,BE,20/07/2015,22/01/2018,Full Time,NITIE,NITIE Mumbai,Mining Engineering,87,ME,0,29/03/2017,19/09/2018,Full Time,Junior Technical Consultant,TCS,Manufacturing,AGRA,India,,,,,,,,,English,Good,Good,Good,Hindi,Good,Good,Good,Marathi,Good,Good,Good,Guddu,Software Engineer,London,8009800998,,,Naukri.com
88995,Major,Uday,Bhan,uday.bhan@mailinator.com21,786482366521,7894923645,13/04/1990,M,Single,PAN16769421,No,Behind Yaga Baba Hostel Baner,426194,KANPUR,India,579700,1340000,Mumbai,579000,2,1,30,12/06/2004,13/07/2006,Full Time,Uttar Pradesh State Board,Saraswati Vidya Mandir Kanpur,NA,92,10th,14/02/2007,25/03/2010,Full Time,Uttar Pradesh State Board,Radha Niketan College Kanpur,Electronics & Telecommunication,93,12th,14/03/2010,18/09/2014,Full Time,NITA,Motilal Nehru National Institute of Technology Allahabad,Electronics & Telecommunication,81,BE,20/07/2015,22/01/2018,Full Time,NITIE,NITIE Mumbai,Mining Engineering,87,ME,0,29/03/2017,19/09/2018,Full Time,Junior Technical Consultant,TCS,Manufacturing,AGRA,India,,,,,,,,,English,Good,Good,Good,Hindi,Good,Good,Good,Marathi,Good,Good,Good,Guddu,Software Engineer,London,8009800998,,,Naukri.com
88995,Major,Uday,Bhan,uday.bhan@mailinator.com22,786482366522,7894923645,13/04/1990,M,Single,PAN16769422,No,Behind Yaga Baba Hostel Baner,426194,KANPUR,India,579700,1340000,Mumbai,579000,2,1,30,12/06/2004,13/07/2006,Full Time,Uttar Pradesh State Board,Saraswati Vidya Mandir Kanpur,NA,92,10th,14/02/2007,25/03/2010,Full Time,Uttar Pradesh State Board,Radha Niketan College Kanpur,Electronics & Telecommunication,93,12th,14/03/2010,18/09/2014,Full Time,NITA,Motilal Nehru National Institute of Technology Allahabad,Electronics & Telecommunication,81,BE,20/07/2015,22/01/2018,Full Time,NITIE,NITIE Mumbai,Mining Engineering,87,ME,0,29/03/2017,19/09/2018,Full Time,Junior Technical Consultant,TCS,Manufacturing,AGRA,India,,,,,,,,,English,Good,Good,Good,Hindi,Good,Good,Good,Marathi,Good,Good,Good,Guddu,Software Engineer,London,8009800998,,,Naukri.com
88995,Major,Uday,Bhan,uday.bhan@mailinator.com23,786482366523,7894923645,13/04/1990,M,Single,PAN16769423,No,Behind Yaga Baba Hostel Baner,426194,KANPUR,India,579700,1340000,Mumbai,579000,2,1,30,12/06/2004,13/07/2006,Full Time,Uttar Pradesh State Board,Saraswati Vidya Mandir Kanpur,NA,92,10th,14/02/2007,25/03/2010,Full Time,Uttar Pradesh State Board,Radha Niketan College Kanpur,Electronics & Telecommunication,93,12th,14/03/2010,18/09/2014,Full Time,NITA,Motilal Nehru National Institute of Technology Allahabad,Electronics & Telecommunication,81,BE,20/07/2015,22/01/2018,Full Time,NITIE,NITIE Mumbai,Mining Engineering,87,ME,0,29/03/2017,19/09/2018,Full Time,Junior Technical Consultant,TCS,Manufacturing,AGRA,India,,,,,,,,,English,Good,Good,Good,Hindi,Good,Good,Good,Marathi,Good,Good,Good,Guddu,Software Engineer,London,8009800998,,,Naukri.com
88995,Major,Uday,Bhan,uday.bhan@mailinator.com24,786482366524,7894923645,13/04/1990,M,Single,PAN16769424,No,Behind Yaga Baba Hostel Baner,426194,KANPUR,India,579700,1340000,Mumbai,579000,2,1,30,12/06/2004,13/07/2006,Full Time,Uttar Pradesh State Board,Saraswati Vidya Mandir Kanpur,NA,92,10th,14/02/2007,25/03/2010,Full Time,Uttar Pradesh State Board,Radha Niketan College Kanpur,Electronics & Telecommunication,93,12th,14/03/2010,18/09/2014,Full Time,NITA,Motilal Nehru National Institute of Technology Allahabad,Electronics & Telecommunication,81,BE,20/07/2015,22/01/2018,Full Time,NITIE,NITIE Mumbai,Mining Engineering,87,ME,0,29/03/2017,19/09/2018,Full Time,Junior Technical Consultant,TCS,Manufacturing,AGRA,India,,,,,,,,,English,Good,Good,Good,Hindi,Good,Good,Good,Marathi,Good,Good,Good,Guddu,Software Engineer,London,8009800998,,,Naukri.com
88995,Major,Uday,Bhan,uday.bhan@mailinator.com25,786482366525,7894923645,13/04/1990,M,Single,PAN16769425,No,Behind Yaga Baba Hostel Baner,426194,KANPUR,India,579700,1340000,Mumbai,579000,2,1,30,12/06/2004,13/07/2006,Full Time,Uttar Pradesh State Board,Saraswati Vidya Mandir Kanpur,NA,92,10th,14/02/2007,25/03/2010,Full Time,Uttar Pradesh State Board,Radha Niketan College Kanpur,Electronics & Telecommunication,93,12th,14/03/2010,18/09/2014,Full Time,NITA,Motilal Nehru National Institute of Technology Allahabad,Electronics & Telecommunication,81,BE,20/07/2015,22/01/2018,Full Time,NITIE,NITIE Mumbai,Mining Engineering,87,ME,0,29/03/2017,19/09/2018,Full Time,Junior Technical Consultant,TCS,Manufacturing,AGRA,India,,,,,,,,,English,Good,Good,Good,Hindi,Good,Good,Good,Marathi,Good,Good,Good,Guddu,Software Engineer,London,8009800998,,,Naukri.com
88995,Major,Uday,Bhan,uday.bhan@mailinator.com26,786482366526,7894923645,13/04/1990,M,Single,PAN16769426,No,Behind Yaga Baba Hostel Baner,426194,KANPUR,India,579700,1340000,Mumbai,579000,2,1,30,12/06/2004,13/07/2006,Full Time,Uttar Pradesh State Board,Saraswati Vidya Mandir Kanpur,NA,92,10th,14/02/2007,25/03/2010,Full Time,Uttar Pradesh State Board,Radha Niketan College Kanpur,Electronics & Telecommunication,93,12th,14/03/2010,18/09/2014,Full Time,NITA,Motilal Nehru National Institute of Technology Allahabad,Electronics & Telecommunication,81,BE,20/07/2015,22/01/2018,Full Time,NITIE,NITIE Mumbai,Mining Engineering,87,ME,0,29/03/2017,19/09/2018,Full Time,Junior Technical Consultant,TCS,Manufacturing,AGRA,India,,,,,,,,,English,Good,Good,Good,Hindi,Good,Good,Good,Marathi,Good,Good,Good,Guddu,Software Engineer,London,8009800998,,,Naukri.com
88995,Major,Uday,Bhan,uday.bhan@mailinator.com27,786482366527,7894923645,13/04/1990,M,Single,PAN16769427,No,Behind Yaga Baba Hostel Baner,426194,KANPUR,India,579700,1340000,Mumbai,579000,2,1,30,12/06/2004,13/07/2006,Full Time,Uttar Pradesh State Board,Saraswati Vidya Mandir Kanpur,NA,92,10th,14/02/2007,25/03/2010,Full Time,Uttar Pradesh State Board,Radha Niketan College Kanpur,Electronics & Telecommunication,93,12th,14/03/2010,18/09/2014,Full Time,NITA,Motilal Nehru National Institute of Technology Allahabad,Electronics & Telecommunication,81,BE,20/07/2015,22/01/2018,Full Time,NITIE,NITIE Mumbai,Mining Engineering,87,ME,0,29/03/2017,19/09/2018,Full Time,Junior Technical Consultant,TCS,Manufacturing,AGRA,India,,,,,,,,,English,Good,Good,Good,Hindi,Good,Good,Good,Marathi,Good,Good,Good,Guddu,Software Engineer,London,8009800998,,,Naukri.com
88995,Major,Uday,Bhan,uday.bhan@mailinator.com28,786482366528,7894923645,13/04/1990,M,Single,PAN16769428,No,Behind Yaga Baba Hostel Baner,426194,KANPUR,India,579700,1340000,Mumbai,579000,2,1,30,12/06/2004,13/07/2006,Full Time,Uttar Pradesh State Board,Saraswati Vidya Mandir Kanpur,NA,92,10th,14/02/2007,25/03/2010,Full Time,Uttar Pradesh State Board,Radha Niketan College Kanpur,Electronics & Telecommunication,93,12th,14/03/2010,18/09/2014,Full Time,NITA,Motilal Nehru National Institute of Technology Allahabad,Electronics & Telecommunication,81,BE,20/07/2015,22/01/2018,Full Time,NITIE,NITIE Mumbai,Mining Engineering,87,ME,0,29/03/2017,19/09/2018,Full Time,Junior Technical Consultant,TCS,Manufacturing,AGRA,India,,,,,,,,,English,Good,Good,Good,Hindi,Good,Good,Good,Marathi,Good,Good,Good,Guddu,Software Engineer,London,8009800998,,,Naukri.com
88995,Major,Uday,Bhan,uday.bhan@mailinator.com29,786482366529,7894923645,13/04/1990,M,Single,PAN16769429,No,Behind Yaga Baba Hostel Baner,426194,KANPUR,India,579700,1340000,Mumbai,579000,2,1,30,12/06/2004,13/07/2006,Full Time,Uttar Pradesh State Board,Saraswati Vidya Mandir Kanpur,NA,92,10th,14/02/2007,25/03/2010,Full Time,Uttar Pradesh State Board,Radha Niketan College Kanpur,Electronics & Telecommunication,93,12th,14/03/2010,18/09/2014,Full Time,NITA,Motilal Nehru National Institute of Technology Allahabad,Electronics & Telecommunication,81,BE,20/07/2015,22/01/2018,Full Time,NITIE,NITIE Mumbai,Mining Engineering,87,ME,0,29/03/2017,19/09/2018,Full Time,Junior Technical Consultant,TCS,Manufacturing,AGRA,India,,,,,,,,,English,Good,Good,Good,Hindi,Good,Good,Good,Marathi,Good,Good,Good,Guddu,Software Engineer,London,8009800998,,,Naukri.com
88995,Major,Uday,Bhan,uday.bhan@mailinator.com30,786482366530,7894923645,13/04/1990,M,Single,PAN16769430,No,Behind Yaga Baba Hostel Baner,426194,KANPUR,India,579700,1340000,Mumbai,579000,2,1,30,12/06/2004,13/07/2006,Full Time,Uttar Pradesh State Board,Saraswati Vidya Mandir Kanpur,NA,92,10th,14/02/2007,25/03/2010,Full Time,Uttar Pradesh State Board,Radha Niketan College Kanpur,Electronics & Telecommunication,93,12th,14/03/2010,18/09/2014,Full Time,NITA,Motilal Nehru National Institute of Technology Allahabad,Electronics & Telecommunication,81,BE,20/07/2015,22/01/2018,Full Time,NITIE,NITIE Mumbai,Mining Engineering,87,ME,0,29/03/2017,19/09/2018,Full Time,Junior Technical Consultant,TCS,Manufacturing,AGRA,India,,,,,,,,,English,Good,Good,Good,Hindi,Good,Good,Good,Marathi,Good,Good,Good,Guddu,Software Engineer,London,8009800998,,,Naukri.com
88995,Major,Uday,Bhan,uday.bhan@mailinator.com31,786482366531,7894923645,13/04/1990,M,Single,PAN16769431,No,Behind Yaga Baba Hostel Baner,426194,KANPUR,India,579700,1340000,Mumbai,579000,2,1,30,12/06/2004,13/07/2006,Full Time,Uttar Pradesh State Board,Saraswati Vidya Mandir Kanpur,NA,92,10th,14/02/2007,25/03/2010,Full Time,Uttar Pradesh State Board,Radha Niketan College Kanpur,Electronics & Telecommunication,93,12th,14/03/2010,18/09/2014,Full Time,NITA,Motilal Nehru National Institute of Technology Allahabad,Electronics & Telecommunication,81,BE,20/07/2015,22/01/2018,Full Time,NITIE,NITIE Mumbai,Mining Engineering,87,ME,0,29/03/2017,19/09/2018,Full Time,Junior Technical Consultant,TCS,Manufacturing,AGRA,India,,,,,,,,,English,Good,Good,Good,Hindi,Good,Good,Good,Marathi,Good,Good,Good,Guddu,Software Engineer,London,8009800998,,,Naukri.com
88995,Major,Uday,Bhan,uday.bhan@mailinator.com32,786482366532,7894923645,13/04/1990,M,Single,PAN16769432,No,Behind Yaga Baba Hostel Baner,426194,KANPUR,India,579700,1340000,Mumbai,579000,2,1,30,12/06/2004,13/07/2006,Full Time,Uttar Pradesh State Board,Saraswati Vidya Mandir Kanpur,NA,92,10th,14/02/2007,25/03/2010,Full Time,Uttar Pradesh State Board,Radha Niketan College Kanpur,Electronics & Telecommunication,93,12th,14/03/2010,18/09/2014,Full Time,NITA,Motilal Nehru National Institute of Technology Allahabad,Electronics & Telecommunication,81,BE,20/07/2015,22/01/2018,Full Time,NITIE,NITIE Mumbai,Mining Engineering,87,ME,0,29/03/2017,19/09/2018,Full Time,Junior Technical Consultant,TCS,Manufacturing,AGRA,India,,,,,,,,,English,Good,Good,Good,Hindi,Good,Good,Good,Marathi,Good,Good,Good,Guddu,Software Engineer,London,8009800998,,,Naukri.com
88995,Major,Uday,Bhan,uday.bhan@mailinator.com33,786482366533,7894923645,13/04/1990,M,Single,PAN16769433,No,Behind Yaga Baba Hostel Baner,426194,KANPUR,India,579700,1340000,Mumbai,579000,2,1,30,12/06/2004,13/07/2006,Full Time,Uttar Pradesh State Board,Saraswati Vidya Mandir Kanpur,NA,92,10th,14/02/2007,25/03/2010,Full Time,Uttar Pradesh State Board,Radha Niketan College Kanpur,Electronics & Telecommunication,93,12th,14/03/2010,18/09/2014,Full Time,NITA,Motilal Nehru National Institute of Technology Allahabad,Electronics & Telecommunication,81,BE,20/07/2015,22/01/2018,Full Time,NITIE,NITIE Mumbai,Mining Engineering,87,ME,0,29/03/2017,19/09/2018,Full Time,Junior Technical Consultant,TCS,Manufacturing,AGRA,India,,,,,,,,,English,Good,Good,Good,Hindi,Good,Good,Good,Marathi,Good,Good,Good,Guddu,Software Engineer,London,8009800998,,,Naukri.com
88995,Major,Uday,Bhan,uday.bhan@mailinator.com34,786482366534,7894923645,13/04/1990,M,Single,PAN16769434,No,Behind Yaga Baba Hostel Baner,426194,KANPUR,India,579700,1340000,Mumbai,579000,2,1,30,12/06/2004,13/07/2006,Full Time,Uttar Pradesh State Board,Saraswati Vidya Mandir Kanpur,NA,92,10th,14/02/2007,25/03/2010,Full Time,Uttar Pradesh State Board,Radha Niketan College Kanpur,Electronics & Telecommunication,93,12th,14/03/2010,18/09/2014,Full Time,NITA,Motilal Nehru National Institute of Technology Allahabad,Electronics & Telecommunication,81,BE,20/07/2015,22/01/2018,Full Time,NITIE,NITIE Mumbai,Mining Engineering,87,ME,0,29/03/2017,19/09/2018,Full Time,Junior Technical Consultant,TCS,Manufacturing,AGRA,India,,,,,,,,,English,Good,Good,Good,Hindi,Good,Good,Good,Marathi,Good,Good,Good,Guddu,Software Engineer,London,8009800998,,,Naukri.com
88995,Major,Uday,Bhan,uday.bhan@mailinator.com35,786482366535,7894923645,13/04/1990,M,Single,PAN16769435,No,Behind Yaga Baba Hostel Baner,426194,KANPUR,India,579700,1340000,Mumbai,579000,2,1,30,12/06/2004,13/07/2006,Full Time,Uttar Pradesh State Board,Saraswati Vidya Mandir Kanpur,NA,92,10th,14/02/2007,25/03/2010,Full Time,Uttar Pradesh State Board,Radha Niketan College Kanpur,Electronics & Telecommunication,93,12th,14/03/2010,18/09/2014,Full Time,NITA,Motilal Nehru National Institute of Technology Allahabad,Electronics & Telecommunication,81,BE,20/07/2015,22/01/2018,Full Time,NITIE,NITIE Mumbai,Mining Engineering,87,ME,0,29/03/2017,19/09/2018,Full Time,Junior Technical Consultant,TCS,Manufacturing,AGRA,India,,,,,,,,,English,Good,Good,Good,Hindi,Good,Good,Good,Marathi,Good,Good,Good,Guddu,Software Engineer,London,8009800998,,,Naukri.com
88995,Major,Uday,Bhan,uday.bhan@mailinator.com36,786482366536,7894923645,13/04/1990,M,Single,PAN16769436,No,Behind Yaga Baba Hostel Baner,426194,KANPUR,India,579700,1340000,Mumbai,579000,2,1,30,12/06/2004,13/07/2006,Full Time,Uttar Pradesh State Board,Saraswati Vidya Mandir Kanpur,NA,92,10th,14/02/2007,25/03/2010,Full Time,Uttar Pradesh State Board,Radha Niketan College Kanpur,Electronics & Telecommunication,93,12th,14/03/2010,18/09/2014,Full Time,NITA,Motilal Nehru National Institute of Technology Allahabad,Electronics & Telecommunication,81,BE,20/07/2015,22/01/2018,Full Time,NITIE,NITIE Mumbai,Mining Engineering,87,ME,0,29/03/2017,19/09/2018,Full Time,Junior Technical Consultant,TCS,Manufacturing,AGRA,India,,,,,,,,,English,Good,Good,Good,Hindi,Good,Good,Good,Marathi,Good,Good,Good,Guddu,Software Engineer,London,8009800998,,,Naukri.com
88995,Major,Uday,Bhan,uday.bhan@mailinator.com37,786482366537,7894923645,13/04/1990,M,Single,PAN16769437,No,Behind Yaga Baba Hostel Baner,426194,KANPUR,India,579700,1340000,Mumbai,579000,2,1,30,12/06/2004,13/07/2006,Full Time,Uttar Pradesh State Board,Saraswati Vidya Mandir Kanpur,NA,92,10th,14/02/2007,25/03/2010,Full Time,Uttar Pradesh State Board,Radha Niketan College Kanpur,Electronics & Telecommunication,93,12th,14/03/2010,18/09/2014,Full Time,NITA,Motilal Nehru National Institute of Technology Allahabad,Electronics & Telecommunication,81,BE,20/07/2015,22/01/2018,Full Time,NITIE,NITIE Mumbai,Mining Engineering,87,ME,0,29/03/2017,19/09/2018,Full Time,Junior Technical Consultant,TCS,Manufacturing,AGRA,India,,,,,,,,,English,Good,Good,Good,Hindi,Good,Good,Good,Marathi,Good,Good,Good,Guddu,Software Engineer,London,8009800998,,,Naukri.com
88995,Major,Uday,Bhan,uday.bhan@mailinator.com38,786482366538,7894923645,13/04/1990,M,Single,PAN16769438,No,Behind Yaga Baba Hostel Baner,426194,KANPUR,India,579700,1340000,Mumbai,579000,2,1,30,12/06/2004,13/07/2006,Full Time,Uttar Pradesh State Board,Saraswati Vidya Mandir Kanpur,NA,92,10th,14/02/2007,25/03/2010,Full Time,Uttar Pradesh State Board,Radha Niketan College Kanpur,Electronics & Telecommunication,93,12th,14/03/2010,18/09/2014,Full Time,NITA,Motilal Nehru National Institute of Technology Allahabad,Electronics & Telecommunication,81,BE,20/07/2015,22/01/2018,Full Time,NITIE,NITIE Mumbai,Mining Engineering,87,ME,0,29/03/2017,19/09/2018,Full Time,Junior Technical Consultant,TCS,Manufacturing,AGRA,India,,,,,,,,,English,Good,Good,Good,Hindi,Good,Good,Good,Marathi,Good,Good,Good,Guddu,Software Engineer,London,8009800998,,,Naukri.com
88995,Major,Uday,Bhan,uday.bhan@mailinator.com39,786482366539,7894923645,13/04/1990,M,Single,PAN16769439,No,Behind Yaga Baba Hostel Baner,426194,KANPUR,India,579700,1340000,Mumbai,579000,2,1,30,12/06/2004,13/07/2006,Full Time,Uttar Pradesh State Board,Saraswati Vidya Mandir Kanpur,NA,92,10th,14/02/2007,25/03/2010,Full Time,Uttar Pradesh State Board,Radha Niketan College Kanpur,Electronics & Telecommunication,93,12th,14/03/2010,18/09/2014,Full Time,NITA,Motilal Nehru National Institute of Technology Allahabad,Electronics & Telecommunication,81,BE,20/07/2015,22/01/2018,Full Time,NITIE,NITIE Mumbai,Mining Engineering,87,ME,0,29/03/2017,19/09/2018,Full Time,Junior Technical Consultant,TCS,Manufacturing,AGRA,India,,,,,,,,,English,Good,Good,Good,Hindi,Good,Good,Good,Marathi,Good,Good,Good,Guddu,Software Engineer,London,8009800998,,,Naukri.com
88995,Major,Uday,Bhan,uday.bhan@mailinator.com40,786482366540,7894923645,13/04/1990,M,Single,PAN16769440,No,Behind Yaga Baba Hostel Baner,426194,KANPUR,India,579700,1340000,Mumbai,579000,2,1,30,12/06/2004,13/07/2006,Full Time,Uttar Pradesh State Board,Saraswati Vidya Mandir Kanpur,NA,92,10th,14/02/2007,25/03/2010,Full Time,Uttar Pradesh State Board,Radha Niketan College Kanpur,Electronics & Telecommunication,93,12th,14/03/2010,18/09/2014,Full Time,NITA,Motilal Nehru National Institute of Technology Allahabad,Electronics & Telecommunication,81,BE,20/07/2015,22/01/2018,Full Time,NITIE,NITIE Mumbai,Mining Engineering,87,ME,0,29/03/2017,19/09/2018,Full Time,Junior Technical Consultant,TCS,Manufacturing,AGRA,India,,,,,,,,,English,Good,Good,Good,Hindi,Good,Good,Good,Marathi,Good,Good,Good,Guddu,Software Engineer,London,8009800998,,,Naukri.com
88995,Major,Uday,Bhan,uday.bhan@mailinator.com41,786482366541,7894923645,13/04/1990,M,Single,PAN16769441,No,Behind Yaga Baba Hostel Baner,426194,KANPUR,India,579700,1340000,Mumbai,579000,2,1,30,12/06/2004,13/07/2006,Full Time,Uttar Pradesh State Board,Saraswati Vidya Mandir Kanpur,NA,92,10th,14/02/2007,25/03/2010,Full Time,Uttar Pradesh State Board,Radha Niketan College Kanpur,Electronics & Telecommunication,93,12th,14/03/2010,18/09/2014,Full Time,NITA,Motilal Nehru National Institute of Technology Allahabad,Electronics & Telecommunication,81,BE,20/07/2015,22/01/2018,Full Time,NITIE,NITIE Mumbai,Mining Engineering,87,ME,0,29/03/2017,19/09/2018,Full Time,Junior Technical Consultant,TCS,Manufacturing,AGRA,India,,,,,,,,,English,Good,Good,Good,Hindi,Good,Good,Good,Marathi,Good,Good,Good,Guddu,Software Engineer,London,8009800998,,,Naukri.com
88995,Major,Uday,Bhan,uday.bhan@mailinator.com42,786482366542,7894923645,13/04/1990,M,Single,PAN16769442,No,Behind Yaga Baba Hostel Baner,426194,KANPUR,India,579700,1340000,Mumbai,579000,2,1,30,12/06/2004,13/07/2006,Full Time,Uttar Pradesh State Board,Saraswati Vidya Mandir Kanpur,NA,92,10th,14/02/2007,25/03/2010,Full Time,Uttar Pradesh State Board,Radha Niketan College Kanpur,Electronics & Telecommunication,93,12th,14/03/2010,18/09/2014,Full Time,NITA,Motilal Nehru National Institute of Technology Allahabad,Electronics & Telecommunication,81,BE,20/07/2015,22/01/2018,Full Time,NITIE,NITIE Mumbai,Mining Engineering,87,ME,0,29/03/2017,19/09/2018,Full Time,Junior Technical Consultant,TCS,Manufacturing,AGRA,India,,,,,,,,,English,Good,Good,Good,Hindi,Good,Good,Good,Marathi,Good,Good,Good,Guddu,Software Engineer,London,8009800998,,,Naukri.com
88995,Major,Uday,Bhan,uday.bhan@mailinator.com43,786482366543,7894923645,13/04/1990,M,Single,PAN16769443,No,Behind Yaga Baba Hostel Baner,426194,KANPUR,India,579700,1340000,Mumbai,579000,2,1,30,12/06/2004,13/07/2006,Full Time,Uttar Pradesh State Board,Saraswati Vidya Mandir Kanpur,NA,92,10th,14/02/2007,25/03/2010,Full Time,Uttar Pradesh State Board,Radha Niketan College Kanpur,Electronics & Telecommunication,93,12th,14/03/2010,18/09/2014,Full Time,NITA,Motilal Nehru National Institute of Technology Allahabad,Electronics & Telecommunication,81,BE,20/07/2015,22/01/2018,Full Time,NITIE,NITIE Mumbai,Mining Engineering,87,ME,0,29/03/2017,19/09/2018,Full Time,Junior Technical Consultant,TCS,Manufacturing,AGRA,India,,,,,,,,,English,Good,Good,Good,Hindi,Good,Good,Good,Marathi,Good,Good,Good,Guddu,Software Engineer,London,8009800998,,,Naukri.com
88995,Major,Uday,Bhan,uday.bhan@mailinator.com44,786482366544,7894923645,13/04/1990,M,Single,PAN16769444,No,Behind Yaga Baba Hostel Baner,426194,KANPUR,India,579700,1340000,Mumbai,579000,2,1,30,12/06/2004,13/07/2006,Full Time,Uttar Pradesh State Board,Saraswati Vidya Mandir Kanpur,NA,92,10th,14/02/2007,25/03/2010,Full Time,Uttar Pradesh State Board,Radha Niketan College Kanpur,Electronics & Telecommunication,93,12th,14/03/2010,18/09/2014,Full Time,NITA,Motilal Nehru National Institute of Technology Allahabad,Electronics & Telecommunication,81,BE,20/07/2015,22/01/2018,Full Time,NITIE,NITIE Mumbai,Mining Engineering,87,ME,0,29/03/2017,19/09/2018,Full Time,Junior Technical Consultant,TCS,Manufacturing,AGRA,India,,,,,,,,,English,Good,Good,Good,Hindi,Good,Good,Good,Marathi,Good,Good,Good,Guddu,Software Engineer,London,8009800998,,,Naukri.com
88995,Major,Uday,Bhan,uday.bhan@mailinator.com45,786482366545,7894923645,13/04/1990,M,Single,PAN16769445,No,Behind Yaga Baba Hostel Baner,426194,KANPUR,India,579700,1340000,Mumbai,579000,2,1,30,12/06/2004,13/07/2006,Full Time,Uttar Pradesh State Board,Saraswati Vidya Mandir Kanpur,NA,92,10th,14/02/2007,25/03/2010,Full Time,Uttar Pradesh State Board,Radha Niketan College Kanpur,Electronics & Telecommunication,93,12th,14/03/2010,18/09/2014,Full Time,NITA,Motilal Nehru National Institute of Technology Allahabad,Electronics & Telecommunication,81,BE,20/07/2015,22/01/2018,Full Time,NITIE,NITIE Mumbai,Mining Engineering,87,ME,0,29/03/2017,19/09/2018,Full Time,Junior Technical Consultant,TCS,Manufacturing,AGRA,India,,,,,,,,,English,Good,Good,Good,Hindi,Good,Good,Good,Marathi,Good,Good,Good,Guddu,Software Engineer,London,8009800998,,,Naukri.com
88995,Major,Uday,Bhan,uday.bhan@mailinator.com46,786482366546,7894923645,13/04/1990,M,Single,PAN16769446,No,Behind Yaga Baba Hostel Baner,426194,KANPUR,India,579700,1340000,Mumbai,579000,2,1,30,12/06/2004,13/07/2006,Full Time,Uttar Pradesh State Board,Saraswati Vidya Mandir Kanpur,NA,92,10th,14/02/2007,25/03/2010,Full Time,Uttar Pradesh State Board,Radha Niketan College Kanpur,Electronics & Telecommunication,93,12th,14/03/2010,18/09/2014,Full Time,NITA,Motilal Nehru National Institute of Technology Allahabad,Electronics & Telecommunication,81,BE,20/07/2015,22/01/2018,Full Time,NITIE,NITIE Mumbai,Mining Engineering,87,ME,0,29/03/2017,19/09/2018,Full Time,Junior Technical Consultant,TCS,Manufacturing,AGRA,India,,,,,,,,,English,Good,Good,Good,Hindi,Good,Good,Good,Marathi,Good,Good,Good,Guddu,Software Engineer,London,8009800998,,,Naukri.com
88995,Major,Uday,Bhan,uday.bhan@mailinator.com47,786482366547,7894923645,13/04/1990,M,Single,PAN16769447,No,Behind Yaga Baba Hostel Baner,426194,KANPUR,India,579700,1340000,Mumbai,579000,2,1,30,12/06/2004,13/07/2006,Full Time,Uttar Pradesh State Board,Saraswati Vidya Mandir Kanpur,NA,92,10th,14/02/2007,25/03/2010,Full Time,Uttar Pradesh State Board,Radha Niketan College Kanpur,Electronics & Telecommunication,93,12th,14/03/2010,18/09/2014,Full Time,NITA,Motilal Nehru National Institute of Technology Allahabad,Electronics & Telecommunication,81,BE,20/07/2015,22/01/2018,Full Time,NITIE,NITIE Mumbai,Mining Engineering,87,ME,0,29/03/2017,19/09/2018,Full Time,Junior Technical Consultant,TCS,Manufacturing,AGRA,India,,,,,,,,,English,Good,Good,Good,Hindi,Good,Good,Good,Marathi,Good,Good,Good,Guddu,Software Engineer,London,8009800998,,,Naukri.com
88995,Major,Uday,Bhan,uday.bhan@mailinator.com48,786482366548,7894923645,13/04/1990,M,Single,PAN16769448,No,Behind Yaga Baba Hostel Baner,426194,KANPUR,India,579700,1340000,Mumbai,579000,2,1,30,12/06/2004,13/07/2006,Full Time,Uttar Pradesh State Board,Saraswati Vidya Mandir Kanpur,NA,92,10th,14/02/2007,25/03/2010,Full Time,Uttar Pradesh State Board,Radha Niketan College Kanpur,Electronics & Telecommunication,93,12th,14/03/2010,18/09/2014,Full Time,NITA,Motilal Nehru National Institute of Technology Allahabad,Electronics & Telecommunication,81,BE,20/07/2015,22/01/2018,Full Time,NITIE,NITIE Mumbai,Mining Engineering,87,ME,0,29/03/2017,19/09/2018,Full Time,Junior Technical Consultant,TCS,Manufacturing,AGRA,India,,,,,,,,,English,Good,Good,Good,Hindi,Good,Good,Good,Marathi,Good,Good,Good,Guddu,Software Engineer,London,8009800998,,,Naukri.com
88995,Major,Uday,Bhan,uday.bhan@mailinator.com49,786482366549,7894923645,13/04/1990,M,Single,PAN16769449,No,Behind Yaga Baba Hostel Baner,426194,KANPUR,India,579700,1340000,Mumbai,579000,2,1,30,12/06/2004,13/07/2006,Full Time,Uttar Pradesh State Board,Saraswati Vidya Mandir Kanpur,NA,92,10th,14/02/2007,25/03/2010,Full Time,Uttar Pradesh State Board,Radha Niketan College Kanpur,Electronics & Telecommunication,93,12th,14/03/2010,18/09/2014,Full Time,NITA,Motilal Nehru National Institute of Technology Allahabad,Electronics & Telecommunication,81,BE,20/07/2015,22/01/2018,Full Time,NITIE,NITIE Mumbai,Mining Engineering,87,ME,0,29/03/2017,19/09/2018,Full Time,Junior Technical Consultant,TCS,Manufacturing,AGRA,India,,,,,,,,,English,Good,Good,Good,Hindi,Good,Good,Good,Marathi,Good,Good,Good,Guddu,Software Engineer,London,8009800998,,,Naukri.com
88995,Major,Uday,Bhan,uday.bhan@mailinator.com50,786482366550,7894923645,13/04/1990,M,Single,PAN16769450,No,Behind Yaga Baba Hostel Baner,426194,KANPUR,India,579700,1340000,Mumbai,579000,2,1,30,12/06/2004,13/07/2006,Full Time,Uttar Pradesh State Board,Saraswati Vidya Mandir Kanpur,NA,92,10th,14/02/2007,25/03/2010,Full Time,Uttar Pradesh State Board,Radha Niketan College Kanpur,Electronics & Telecommunication,93,12th,14/03/2010,18/09/2014,Full Time,NITA,Motilal Nehru National Institute of Technology Allahabad,Electronics & Telecommunication,81,BE,20/07/2015,22/01/2018,Full Time,NITIE,NITIE Mumbai,Mining Engineering,87,ME,0,29/03/2017,19/09/2018,Full Time,Junior Technical Consultant,TCS,Manufacturing,AGRA,India,,,,,,,,,English,Good,Good,Good,Hindi,Good,Good,Good,Marathi,Good,Good,Good,Guddu,Software Engineer,London,8009800998,,,Naukri.com
88995,Major,Uday,Bhan,uday.bhan@mailinator.com51,786482366551,7894923645,13/04/1990,M,Single,PAN16769451,No,Behind Yaga Baba Hostel Baner,426194,KANPUR,India,579700,1340000,Mumbai,579000,2,1,30,12/06/2004,13/07/2006,Full Time,Uttar Pradesh State Board,Saraswati Vidya Mandir Kanpur,NA,92,10th,14/02/2007,25/03/2010,Full Time,Uttar Pradesh State Board,Radha Niketan College Kanpur,Electronics & Telecommunication,93,12th,14/03/2010,18/09/2014,Full Time,NITA,Motilal Nehru National Institute of Technology Allahabad,Electronics & Telecommunication,81,BE,20/07/2015,22/01/2018,Full Time,NITIE,NITIE Mumbai,Mining Engineering,87,ME,0,29/03/2017,19/09/2018,Full Time,Junior Technical Consultant,TCS,Manufacturing,AGRA,India,,,,,,,,,English,Good,Good,Good,Hindi,Good,Good,Good,Marathi,Good,Good,Good,Guddu,Software Engineer,London,8009800998,,,Naukri.com
88995,Major,Uday,Bhan,uday.bhan@mailinator.com52,786482366552,7894923645,13/04/1990,M,Single,PAN16769452,No,Behind Yaga Baba Hostel Baner,426194,KANPUR,India,579700,1340000,Mumbai,579000,2,1,30,12/06/2004,13/07/2006,Full Time,Uttar Pradesh State Board,Saraswati Vidya Mandir Kanpur,NA,92,10th,14/02/2007,25/03/2010,Full Time,Uttar Pradesh State Board,Radha Niketan College Kanpur,Electronics & Telecommunication,93,12th,14/03/2010,18/09/2014,Full Time,NITA,Motilal Nehru National Institute of Technology Allahabad,Electronics & Telecommunication,81,BE,20/07/2015,22/01/2018,Full Time,NITIE,NITIE Mumbai,Mining Engineering,87,ME,0,29/03/2017,19/09/2018,Full Time,Junior Technical Consultant,TCS,Manufacturing,AGRA,India,,,,,,,,,English,Good,Good,Good,Hindi,Good,Good,Good,Marathi,Good,Good,Good,Guddu,Software Engineer,London,8009800998,,,Naukri.com
88995,Major,Uday,Bhan,uday.bhan@mailinator.com53,786482366553,7894923645,13/04/1990,M,Single,PAN16769453,No,Behind Yaga Baba Hostel Baner,426194,KANPUR,India,579700,1340000,Mumbai,579000,2,1,30,12/06/2004,13/07/2006,Full Time,Uttar Pradesh State Board,Saraswati Vidya Mandir Kanpur,NA,92,10th,14/02/2007,25/03/2010,Full Time,Uttar Pradesh State Board,Radha Niketan College Kanpur,Electronics & Telecommunication,93,12th,14/03/2010,18/09/2014,Full Time,NITA,Motilal Nehru National Institute of Technology Allahabad,Electronics & Telecommunication,81,BE,20/07/2015,22/01/2018,Full Time,NITIE,NITIE Mumbai,Mining Engineering,87,ME,0,29/03/2017,19/09/2018,Full Time,Junior Technical Consultant,TCS,Manufacturing,AGRA,India,,,,,,,,,English,Good,Good,Good,Hindi,Good,Good,Good,Marathi,Good,Good,Good,Guddu,Software Engineer,London,8009800998,,,Naukri.com
88995,Major,Uday,Bhan,uday.bhan@mailinator.com54,786482366554,7894923645,13/04/1990,M,Single,PAN16769454,No,Behind Yaga Baba Hostel Baner,426194,KANPUR,India,579700,1340000,Mumbai,579000,2,1,30,12/06/2004,13/07/2006,Full Time,Uttar Pradesh State Board,Saraswati Vidya Mandir Kanpur,NA,92,10th,14/02/2007,25/03/2010,Full Time,Uttar Pradesh State Board,Radha Niketan College Kanpur,Electronics & Telecommunication,93,12th,14/03/2010,18/09/2014,Full Time,NITA,Motilal Nehru National Institute of Technology Allahabad,Electronics & Telecommunication,81,BE,20/07/2015,22/01/2018,Full Time,NITIE,NITIE Mumbai,Mining Engineering,87,ME,0,29/03/2017,19/09/2018,Full Time,Junior Technical Consultant,TCS,Manufacturing,AGRA,India,,,,,,,,,English,Good,Good,Good,Hindi,Good,Good,Good,Marathi,Good,Good,Good,Guddu,Software Engineer,London,8009800998,,,Naukri.com
88995,Major,Uday,Bhan,uday.bhan@mailinator.com55,786482366555,7894923645,13/04/1990,M,Single,PAN16769455,No,Behind Yaga Baba Hostel Baner,426194,KANPUR,India,579700,1340000,Mumbai,579000,2,1,30,12/06/2004,13/07/2006,Full Time,Uttar Pradesh State Board,Saraswati Vidya Mandir Kanpur,NA,92,10th,14/02/2007,25/03/2010,Full Time,Uttar Pradesh State Board,Radha Niketan College Kanpur,Electronics & Telecommunication,93,12th,14/03/2010,18/09/2014,Full Time,NITA,Motilal Nehru National Institute of Technology Allahabad,Electronics & Telecommunication,81,BE,20/07/2015,22/01/2018,Full Time,NITIE,NITIE Mumbai,Mining Engineering,87,ME,0,29/03/2017,19/09/2018,Full Time,Junior Technical Consultant,TCS,Manufacturing,AGRA,India,,,,,,,,,English,Good,Good,Good,Hindi,Good,Good,Good,Marathi,Good,Good,Good,Guddu,Software Engineer,London,8009800998,,,Naukri.com
88995,Major,Uday,Bhan,uday.bhan@mailinator.com56,786482366556,7894923645,13/04/1990,M,Single,PAN16769456,No,Behind Yaga Baba Hostel Baner,426194,KANPUR,India,579700,1340000,Mumbai,579000,2,1,30,12/06/2004,13/07/2006,Full Time,Uttar Pradesh State Board,Saraswati Vidya Mandir Kanpur,NA,92,10th,14/02/2007,25/03/2010,Full Time,Uttar Pradesh State Board,Radha Niketan College Kanpur,Electronics & Telecommunication,93,12th,14/03/2010,18/09/2014,Full Time,NITA,Motilal Nehru National Institute of Technology Allahabad,Electronics & Telecommunication,81,BE,20/07/2015,22/01/2018,Full Time,NITIE,NITIE Mumbai,Mining Engineering,87,ME,0,29/03/2017,19/09/2018,Full Time,Junior Technical Consultant,TCS,Manufacturing,AGRA,India,,,,,,,,,English,Good,Good,Good,Hindi,Good,Good,Good,Marathi,Good,Good,Good,Guddu,Software Engineer,London,8009800998,,,Naukri.com
88995,Major,Uday,Bhan,uday.bhan@mailinator.com57,786482366557,7894923645,13/04/1990,M,Single,PAN16769457,No,Behind Yaga Baba Hostel Baner,426194,KANPUR,India,579700,1340000,Mumbai,579000,2,1,30,12/06/2004,13/07/2006,Full Time,Uttar Pradesh State Board,Saraswati Vidya Mandir Kanpur,NA,92,10th,14/02/2007,25/03/2010,Full Time,Uttar Pradesh State Board,Radha Niketan College Kanpur,Electronics & Telecommunication,93,12th,14/03/2010,18/09/2014,Full Time,NITA,Motilal Nehru National Institute of Technology Allahabad,Electronics & Telecommunication,81,BE,20/07/2015,22/01/2018,Full Time,NITIE,NITIE Mumbai,Mining Engineering,87,ME,0,29/03/2017,19/09/2018,Full Time,Junior Technical Consultant,TCS,Manufacturing,AGRA,India,,,,,,,,,English,Good,Good,Good,Hindi,Good,Good,Good,Marathi,Good,Good,Good,Guddu,Software Engineer,London,8009800998,,,Naukri.com
88995,Major,Uday,Bhan,uday.bhan@mailinator.com58,786482366558,7894923645,13/04/1990,M,Single,PAN16769458,No,Behind Yaga Baba Hostel Baner,426194,KANPUR,India,579700,1340000,Mumbai,579000,2,1,30,12/06/2004,13/07/2006,Full Time,Uttar Pradesh State Board,Saraswati Vidya Mandir Kanpur,NA,92,10th,14/02/2007,25/03/2010,Full Time,Uttar Pradesh State Board,Radha Niketan College Kanpur,Electronics & Telecommunication,93,12th,14/03/2010,18/09/2014,Full Time,NITA,Motilal Nehru National Institute of Technology Allahabad,Electronics & Telecommunication,81,BE,20/07/2015,22/01/2018,Full Time,NITIE,NITIE Mumbai,Mining Engineering,87,ME,0,29/03/2017,19/09/2018,Full Time,Junior Technical Consultant,TCS,Manufacturing,AGRA,India,,,,,,,,,English,Good,Good,Good,Hindi,Good,Good,Good,Marathi,Good,Good,Good,Guddu,Software Engineer,London,8009800998,,,Naukri.com
88995,Major,Uday,Bhan,uday.bhan@mailinator.com59,786482366559,7894923645,13/04/1990,M,Single,PAN16769459,No,Behind Yaga Baba Hostel Baner,426194,KANPUR,India,579700,1340000,Mumbai,579000,2,1,30,12/06/2004,13/07/2006,Full Time,Uttar Pradesh State Board,Saraswati Vidya Mandir Kanpur,NA,92,10th,14/02/2007,25/03/2010,Full Time,Uttar Pradesh State Board,Radha Niketan College Kanpur,Electronics & Telecommunication,93,12th,14/03/2010,18/09/2014,Full Time,NITA,Motilal Nehru National Institute of Technology Allahabad,Electronics & Telecommunication,81,BE,20/07/2015,22/01/2018,Full Time,NITIE,NITIE Mumbai,Mining Engineering,87,ME,0,29/03/2017,19/09/2018,Full Time,Junior Technical Consultant,TCS,Manufacturing,AGRA,India,,,,,,,,,English,Good,Good,Good,Hindi,Good,Good,Good,Marathi,Good,Good,Good,Guddu,Software Engineer,London,8009800998,,,Naukri.com
88995,Major,Uday,Bhan,uday.bhan@mailinator.com60,786482366560,7894923645,13/04/1990,M,Single,PAN16769460,No,Behind Yaga Baba Hostel Baner,426194,KANPUR,India,579700,1340000,Mumbai,579000,2,1,30,12/06/2004,13/07/2006,Full Time,Uttar Pradesh State Board,Saraswati Vidya Mandir Kanpur,NA,92,10th,14/02/2007,25/03/2010,Full Time,Uttar Pradesh State Board,Radha Niketan College Kanpur,Electronics & Telecommunication,93,12th,14/03/2010,18/09/2014,Full Time,NITA,Motilal Nehru National Institute of Technology Allahabad,Electronics & Telecommunication,81,BE,20/07/2015,22/01/2018,Full Time,NITIE,NITIE Mumbai,Mining Engineering,87,ME,0,29/03/2017,19/09/2018,Full Time,Junior Technical Consultant,TCS,Manufacturing,AGRA,India,,,,,,,,,English,Good,Good,Good,Hindi,Good,Good,Good,Marathi,Good,Good,Good,Guddu,Software Engineer,London,8009800998,,,Naukri.com
88995,Major,Uday,Bhan,uday.bhan@mailinator.com61,786482366561,7894923645,13/04/1990,M,Single,PAN16769461,No,Behind Yaga Baba Hostel Baner,426194,KANPUR,India,579700,1340000,Mumbai,579000,2,1,30,12/06/2004,13/07/2006,Full Time,Uttar Pradesh State Board,Saraswati Vidya Mandir Kanpur,NA,92,10th,14/02/2007,25/03/2010,Full Time,Uttar Pradesh State Board,Radha Niketan College Kanpur,Electronics & Telecommunication,93,12th,14/03/2010,18/09/2014,Full Time,NITA,Motilal Nehru National Institute of Technology Allahabad,Electronics & Telecommunication,81,BE,20/07/2015,22/01/2018,Full Time,NITIE,NITIE Mumbai,Mining Engineering,87,ME,0,29/03/2017,19/09/2018,Full Time,Junior Technical Consultant,TCS,Manufacturing,AGRA,India,,,,,,,,,English,Good,Good,Good,Hindi,Good,Good,Good,Marathi,Good,Good,Good,Guddu,Software Engineer,London,8009800998,,,Naukri.com
88995,Major,Uday,Bhan,uday.bhan@mailinator.com62,786482366562,7894923645,13/04/1990,M,Single,PAN16769462,No,Behind Yaga Baba Hostel Baner,426194,KANPUR,India,579700,1340000,Mumbai,579000,2,1,30,12/06/2004,13/07/2006,Full Time,Uttar Pradesh State Board,Saraswati Vidya Mandir Kanpur,NA,92,10th,14/02/2007,25/03/2010,Full Time,Uttar Pradesh State Board,Radha Niketan College Kanpur,Electronics & Telecommunication,93,12th,14/03/2010,18/09/2014,Full Time,NITA,Motilal Nehru National Institute of Technology Allahabad,Electronics & Telecommunication,81,BE,20/07/2015,22/01/2018,Full Time,NITIE,NITIE Mumbai,Mining Engineering,87,ME,0,29/03/2017,19/09/2018,Full Time,Junior Technical Consultant,TCS,Manufacturing,AGRA,India,,,,,,,,,English,Good,Good,Good,Hindi,Good,Good,Good,Marathi,Good,Good,Good,Guddu,Software Engineer,London,8009800998,,,Naukri.com
88995,Major,Uday,Bhan,uday.bhan@mailinator.com63,786482366563,7894923645,13/04/1990,M,Single,PAN16769463,No,Behind Yaga Baba Hostel Baner,426194,KANPUR,India,579700,1340000,Mumbai,579000,2,1,30,12/06/2004,13/07/2006,Full Time,Uttar Pradesh State Board,Saraswati Vidya Mandir Kanpur,NA,92,10th,14/02/2007,25/03/2010,Full Time,Uttar Pradesh State Board,Radha Niketan College Kanpur,Electronics & Telecommunication,93,12th,14/03/2010,18/09/2014,Full Time,NITA,Motilal Nehru National Institute of Technology Allahabad,Electronics & Telecommunication,81,BE,20/07/2015,22/01/2018,Full Time,NITIE,NITIE Mumbai,Mining Engineering,87,ME,0,29/03/2017,19/09/2018,Full Time,Junior Technical Consultant,TCS,Manufacturing,AGRA,India,,,,,,,,,English,Good,Good,Good,Hindi,Good,Good,Good,Marathi,Good,Good,Good,Guddu,Software Engineer,London,8009800998,,,Naukri.com
88995,Major,Uday,Bhan,uday.bhan@mailinator.com64,786482366564,7894923645,13/04/1990,M,Single,PAN16769464,No,Behind Yaga Baba Hostel Baner,426194,KANPUR,India,579700,1340000,Mumbai,579000,2,1,30,12/06/2004,13/07/2006,Full Time,Uttar Pradesh State Board,Saraswati Vidya Mandir Kanpur,NA,92,10th,14/02/2007,25/03/2010,Full Time,Uttar Pradesh State Board,Radha Niketan College Kanpur,Electronics & Telecommunication,93,12th,14/03/2010,18/09/2014,Full Time,NITA,Motilal Nehru National Institute of Technology Allahabad,Electronics & Telecommunication,81,BE,20/07/2015,22/01/2018,Full Time,NITIE,NITIE Mumbai,Mining Engineering,87,ME,0,29/03/2017,19/09/2018,Full Time,Junior Technical Consultant,TCS,Manufacturing,AGRA,India,,,,,,,,,English,Good,Good,Good,Hindi,Good,Good,Good,Marathi,Good,Good,Good,Guddu,Software Engineer,London,8009800998,,,Naukri.com
88995,Major,Uday,Bhan,uday.bhan@mailinator.com65,786482366565,7894923645,13/04/1990,M,Single,PAN16769465,No,Behind Yaga Baba Hostel Baner,426194,KANPUR,India,579700,1340000,Mumbai,579000,2,1,30,12/06/2004,13/07/2006,Full Time,Uttar Pradesh State Board,Saraswati Vidya Mandir Kanpur,NA,92,10th,14/02/2007,25/03/2010,Full Time,Uttar Pradesh State Board,Radha Niketan College Kanpur,Electronics & Telecommunication,93,12th,14/03/2010,18/09/2014,Full Time,NITA,Motilal Nehru National Institute of Technology Allahabad,Electronics & Telecommunication,81,BE,20/07/2015,22/01/2018,Full Time,NITIE,NITIE Mumbai,Mining Engineering,87,ME,0,29/03/2017,19/09/2018,Full Time,Junior Technical Consultant,TCS,Manufacturing,AGRA,India,,,,,,,,,English,Good,Good,Good,Hindi,Good,Good,Good,Marathi,Good,Good,Good,Guddu,Software Engineer,London,8009800998,,,Naukri.com
88995,Major,Uday,Bhan,uday.bhan@mailinator.com66,786482366566,7894923645,13/04/1990,M,Single,PAN16769466,No,Behind Yaga Baba Hostel Baner,426194,KANPUR,India,579700,1340000,Mumbai,579000,2,1,30,12/06/2004,13/07/2006,Full Time,Uttar Pradesh State Board,Saraswati Vidya Mandir Kanpur,NA,92,10th,14/02/2007,25/03/2010,Full Time,Uttar Pradesh State Board,Radha Niketan College Kanpur,Electronics & Telecommunication,93,12th,14/03/2010,18/09/2014,Full Time,NITA,Motilal Nehru National Institute of Technology Allahabad,Electronics & Telecommunication,81,BE,20/07/2015,22/01/2018,Full Time,NITIE,NITIE Mumbai,Mining Engineering,87,ME,0,29/03/2017,19/09/2018,Full Time,Junior Technical Consultant,TCS,Manufacturing,AGRA,India,,,,,,,,,English,Good,Good,Good,Hindi,Good,Good,Good,Marathi,Good,Good,Good,Guddu,Software Engineer,London,8009800998,,,Naukri.com
88995,Major,Uday,Bhan,uday.bhan@mailinator.com67,786482366567,7894923645,13/04/1990,M,Single,PAN16769467,No,Behind Yaga Baba Hostel Baner,426194,KANPUR,India,579700,1340000,Mumbai,579000,2,1,30,12/06/2004,13/07/2006,Full Time,Uttar Pradesh State Board,Saraswati Vidya Mandir Kanpur,NA,92,10th,14/02/2007,25/03/2010,Full Time,Uttar Pradesh State Board,Radha Niketan College Kanpur,Electronics & Telecommunication,93,12th,14/03/2010,18/09/2014,Full Time,NITA,Motilal Nehru National Institute of Technology Allahabad,Electronics & Telecommunication,81,BE,20/07/2015,22/01/2018,Full Time,NITIE,NITIE Mumbai,Mining Engineering,87,ME,0,29/03/2017,19/09/2018,Full Time,Junior Technical Consultant,TCS,Manufacturing,AGRA,India,,,,,,,,,English,Good,Good,Good,Hindi,Good,Good,Good,Marathi,Good,Good,Good,Guddu,Software Engineer,London,8009800998,,,Naukri.com
88995,Major,Uday,Bhan,uday.bhan@mailinator.com68,786482366568,7894923645,13/04/1990,M,Single,PAN16769468,No,Behind Yaga Baba Hostel Baner,426194,KANPUR,India,579700,1340000,Mumbai,579000,2,1,30,12/06/2004,13/07/2006,Full Time,Uttar Pradesh State Board,Saraswati Vidya Mandir Kanpur,NA,92,10th,14/02/2007,25/03/2010,Full Time,Uttar Pradesh State Board,Radha Niketan College Kanpur,Electronics & Telecommunication,93,12th,14/03/2010,18/09/2014,Full Time,NITA,Motilal Nehru National Institute of Technology Allahabad,Electronics & Telecommunication,81,BE,20/07/2015,22/01/2018,Full Time,NITIE,NITIE Mumbai,Mining Engineering,87,ME,0,29/03/2017,19/09/2018,Full Time,Junior Technical Consultant,TCS,Manufacturing,AGRA,India,,,,,,,,,English,Good,Good,Good,Hindi,Good,Good,Good,Marathi,Good,Good,Good,Guddu,Software Engineer,London,8009800998,,,Naukri.com
88995,Major,Uday,Bhan,uday.bhan@mailinator.com69,786482366569,7894923645,13/04/1990,M,Single,PAN16769469,No,Behind Yaga Baba Hostel Baner,426194,KANPUR,India,579700,1340000,Mumbai,579000,2,1,30,12/06/2004,13/07/2006,Full Time,Uttar Pradesh State Board,Saraswati Vidya Mandir Kanpur,NA,92,10th,14/02/2007,25/03/2010,Full Time,Uttar Pradesh State Board,Radha Niketan College Kanpur,Electronics & Telecommunication,93,12th,14/03/2010,18/09/2014,Full Time,NITA,Motilal Nehru National Institute of Technology Allahabad,Electronics & Telecommunication,81,BE,20/07/2015,22/01/2018,Full Time,NITIE,NITIE Mumbai,Mining Engineering,87,ME,0,29/03/2017,19/09/2018,Full Time,Junior Technical Consultant,TCS,Manufacturing,AGRA,India,,,,,,,,,English,Good,Good,Good,Hindi,Good,Good,Good,Marathi,Good,Good,Good,Guddu,Software Engineer,London,8009800998,,,Naukri.com
88995,Major,Uday,Bhan,uday.bhan@mailinator.com70,786482366570,7894923645,13/04/1990,M,Single,PAN16769470,No,Behind Yaga Baba Hostel Baner,426194,KANPUR,India,579700,1340000,Mumbai,579000,2,1,30,12/06/2004,13/07/2006,Full Time,Uttar Pradesh State Board,Saraswati Vidya Mandir Kanpur,NA,92,10th,14/02/2007,25/03/2010,Full Time,Uttar Pradesh State Board,Radha Niketan College Kanpur,Electronics & Telecommunication,93,12th,14/03/2010,18/09/2014,Full Time,NITA,Motilal Nehru National Institute of Technology Allahabad,Electronics & Telecommunication,81,BE,20/07/2015,22/01/2018,Full Time,NITIE,NITIE Mumbai,Mining Engineering,87,ME,0,29/03/2017,19/09/2018,Full Time,Junior Technical Consultant,TCS,Manufacturing,AGRA,India,,,,,,,,,English,Good,Good,Good,Hindi,Good,Good,Good,Marathi,Good,Good,Good,Guddu,Software Engineer,London,8009800998,,,Naukri.com
88995,Major,Uday,Bhan,uday.bhan@mailinator.com71,786482366571,7894923645,13/04/1990,M,Single,PAN16769471,No,Behind Yaga Baba Hostel Baner,426194,KANPUR,India,579700,1340000,Mumbai,579000,2,1,30,12/06/2004,13/07/2006,Full Time,Uttar Pradesh State Board,Saraswati Vidya Mandir Kanpur,NA,92,10th,14/02/2007,25/03/2010,Full Time,Uttar Pradesh State Board,Radha Niketan College Kanpur,Electronics & Telecommunication,93,12th,14/03/2010,18/09/2014,Full Time,NITA,Motilal Nehru National Institute of Technology Allahabad,Electronics & Telecommunication,81,BE,20/07/2015,22/01/2018,Full Time,NITIE,NITIE Mumbai,Mining Engineering,87,ME,0,29/03/2017,19/09/2018,Full Time,Junior Technical Consultant,TCS,Manufacturing,AGRA,India,,,,,,,,,English,Good,Good,Good,Hindi,Good,Good,Good,Marathi,Good,Good,Good,Guddu,Software Engineer,London,8009800998,,,Naukri.com
88995,Major,Uday,Bhan,uday.bhan@mailinator.com72,786482366572,7894923645,13/04/1990,M,Single,PAN16769472,No,Behind Yaga Baba Hostel Baner,426194,KANPUR,India,579700,1340000,Mumbai,579000,2,1,30,12/06/2004,13/07/2006,Full Time,Uttar Pradesh State Board,Saraswati Vidya Mandir Kanpur,NA,92,10th,14/02/2007,25/03/2010,Full Time,Uttar Pradesh State Board,Radha Niketan College Kanpur,Electronics & Telecommunication,93,12th,14/03/2010,18/09/2014,Full Time,NITA,Motilal Nehru National Institute of Technology Allahabad,Electronics & Telecommunication,81,BE,20/07/2015,22/01/2018,Full Time,NITIE,NITIE Mumbai,Mining Engineering,87,ME,0,29/03/2017,19/09/2018,Full Time,Junior Technical Consultant,TCS,Manufacturing,AGRA,India,,,,,,,,,English,Good,Good,Good,Hindi,Good,Good,Good,Marathi,Good,Good,Good,Guddu,Software Engineer,London,8009800998,,,Naukri.com
88995,Major,Uday,Bhan,uday.bhan@mailinator.com73,786482366573,7894923645,13/04/1990,M,Single,PAN16769473,No,Behind Yaga Baba Hostel Baner,426194,KANPUR,India,579700,1340000,Mumbai,579000,2,1,30,12/06/2004,13/07/2006,Full Time,Uttar Pradesh State Board,Saraswati Vidya Mandir Kanpur,NA,92,10th,14/02/2007,25/03/2010,Full Time,Uttar Pradesh State Board,Radha Niketan College Kanpur,Electronics & Telecommunication,93,12th,14/03/2010,18/09/2014,Full Time,NITA,Motilal Nehru National Institute of Technology Allahabad,Electronics & Telecommunication,81,BE,20/07/2015,22/01/2018,Full Time,NITIE,NITIE Mumbai,Mining Engineering,87,ME,0,29/03/2017,19/09/2018,Full Time,Junior Technical Consultant,TCS,Manufacturing,AGRA,India,,,,,,,,,English,Good,Good,Good,Hindi,Good,Good,Good,Marathi,Good,Good,Good,Guddu,Software Engineer,London,8009800998,,,Naukri.com
88995,Major,Uday,Bhan,uday.bhan@mailinator.com74,786482366574,7894923645,13/04/1990,M,Single,PAN16769474,No,Behind Yaga Baba Hostel Baner,426194,KANPUR,India,579700,1340000,Mumbai,579000,2,1,30,12/06/2004,13/07/2006,Full Time,Uttar Pradesh State Board,Saraswati Vidya Mandir Kanpur,NA,92,10th,14/02/2007,25/03/2010,Full Time,Uttar Pradesh State Board,Radha Niketan College Kanpur,Electronics & Telecommunication,93,12th,14/03/2010,18/09/2014,Full Time,NITA,Motilal Nehru National Institute of Technology Allahabad,Electronics & Telecommunication,81,BE,20/07/2015,22/01/2018,Full Time,NITIE,NITIE Mumbai,Mining Engineering,87,ME,0,29/03/2017,19/09/2018,Full Time,Junior Technical Consultant,TCS,Manufacturing,AGRA,India,,,,,,,,,English,Good,Good,Good,Hindi,Good,Good,Good,Marathi,Good,Good,Good,Guddu,Software Engineer,London,8009800998,,,Naukri.com
88995,Major,Uday,Bhan,uday.bhan@mailinator.com75,786482366575,7894923645,13/04/1990,M,Single,PAN16769475,No,Behind Yaga Baba Hostel Baner,426194,KANPUR,India,579700,1340000,Mumbai,579000,2,1,30,12/06/2004,13/07/2006,Full Time,Uttar Pradesh State Board,Saraswati Vidya Mandir Kanpur,NA,92,10th,14/02/2007,25/03/2010,Full Time,Uttar Pradesh State Board,Radha Niketan College Kanpur,Electronics & Telecommunication,93,12th,14/03/2010,18/09/2014,Full Time,NITA,Motilal Nehru National Institute of Technology Allahabad,Electronics & Telecommunication,81,BE,20/07/2015,22/01/2018,Full Time,NITIE,NITIE Mumbai,Mining Engineering,87,ME,0,29/03/2017,19/09/2018,Full Time,Junior Technical Consultant,TCS,Manufacturing,AGRA,India,,,,,,,,,English,Good,Good,Good,Hindi,Good,Good,Good,Marathi,Good,Good,Good,Guddu,Software Engineer,London,8009800998,,,Naukri.com
88995,Major,Uday,Bhan,uday.bhan@mailinator.com76,786482366576,7894923645,13/04/1990,M,Single,PAN16769476,No,Behind Yaga Baba Hostel Baner,426194,KANPUR,India,579700,1340000,Mumbai,579000,2,1,30,12/06/2004,13/07/2006,Full Time,Uttar Pradesh State Board,Saraswati Vidya Mandir Kanpur,NA,92,10th,14/02/2007,25/03/2010,Full Time,Uttar Pradesh State Board,Radha Niketan College Kanpur,Electronics & Telecommunication,93,12th,14/03/2010,18/09/2014,Full Time,NITA,Motilal Nehru National Institute of Technology Allahabad,Electronics & Telecommunication,81,BE,20/07/2015,22/01/2018,Full Time,NITIE,NITIE Mumbai,Mining Engineering,87,ME,0,29/03/2017,19/09/2018,Full Time,Junior Technical Consultant,TCS,Manufacturing,AGRA,India,,,,,,,,,English,Good,Good,Good,Hindi,Good,Good,Good,Marathi,Good,Good,Good,Guddu,Software Engineer,London,8009800998,,,Naukri.com
88995,Major,Uday,Bhan,uday.bhan@mailinator.com77,786482366577,7894923645,13/04/1990,M,Single,PAN16769477,No,Behind Yaga Baba Hostel Baner,426194,KANPUR,India,579700,1340000,Mumbai,579000,2,1,30,12/06/2004,13/07/2006,Full Time,Uttar Pradesh State Board,Saraswati Vidya Mandir Kanpur,NA,92,10th,14/02/2007,25/03/2010,Full Time,Uttar Pradesh State Board,Radha Niketan College Kanpur,Electronics & Telecommunication,93,12th,14/03/2010,18/09/2014,Full Time,NITA,Motilal Nehru National Institute of Technology Allahabad,Electronics & Telecommunication,81,BE,20/07/2015,22/01/2018,Full Time,NITIE,NITIE Mumbai,Mining Engineering,87,ME,0,29/03/2017,19/09/2018,Full Time,Junior Technical Consultant,TCS,Manufacturing,AGRA,India,,,,,,,,,English,Good,Good,Good,Hindi,Good,Good,Good,Marathi,Good,Good,Good,Guddu,Software Engineer,London,8009800998,,,Naukri.com
88995,Major,Uday,Bhan,uday.bhan@mailinator.com78,786482366578,7894923645,13/04/1990,M,Single,PAN16769478,No,Behind Yaga Baba Hostel Baner,426194,KANPUR,India,579700,1340000,Mumbai,579000,2,1,30,12/06/2004,13/07/2006,Full Time,Uttar Pradesh State Board,Saraswati Vidya Mandir Kanpur,NA,92,10th,14/02/2007,25/03/2010,Full Time,Uttar Pradesh State Board,Radha Niketan College Kanpur,Electronics & Telecommunication,93,12th,14/03/2010,18/09/2014,Full Time,NITA,Motilal Nehru National Institute of Technology Allahabad,Electronics & Telecommunication,81,BE,20/07/2015,22/01/2018,Full Time,NITIE,NITIE Mumbai,Mining Engineering,87,ME,0,29/03/2017,19/09/2018,Full Time,Junior Technical Consultant,TCS,Manufacturing,AGRA,India,,,,,,,,,English,Good,Good,Good,Hindi,Good,Good,Good,Marathi,Good,Good,Good,Guddu,Software Engineer,London,8009800998,,,Naukri.com
88995,Major,Uday,Bhan,uday.bhan@mailinator.com79,786482366579,7894923645,13/04/1990,M,Single,PAN16769479,No,Behind Yaga Baba Hostel Baner,426194,KANPUR,India,579700,1340000,Mumbai,579000,2,1,30,12/06/2004,13/07/2006,Full Time,Uttar Pradesh State Board,Saraswati Vidya Mandir Kanpur,NA,92,10th,14/02/2007,25/03/2010,Full Time,Uttar Pradesh State Board,Radha Niketan College Kanpur,Electronics & Telecommunication,93,12th,14/03/2010,18/09/2014,Full Time,NITA,Motilal Nehru National Institute of Technology Allahabad,Electronics & Telecommunication,81,BE,20/07/2015,22/01/2018,Full Time,NITIE,NITIE Mumbai,Mining Engineering,87,ME,0,29/03/2017,19/09/2018,Full Time,Junior Technical Consultant,TCS,Manufacturing,AGRA,India,,,,,,,,,English,Good,Good,Good,Hindi,Good,Good,Good,Marathi,Good,Good,Good,Guddu,Software Engineer,London,8009800998,,,Naukri.com
88995,Major,Uday,Bhan,uday.bhan@mailinator.com80,786482366580,7894923645,13/04/1990,M,Single,PAN16769480,No,Behind Yaga Baba Hostel Baner,426194,KANPUR,India,579700,1340000,Mumbai,579000,2,1,30,12/06/2004,13/07/2006,Full Time,Uttar Pradesh State Board,Saraswati Vidya Mandir Kanpur,NA,92,10th,14/02/2007,25/03/2010,Full Time,Uttar Pradesh State Board,Radha Niketan College Kanpur,Electronics & Telecommunication,93,12th,14/03/2010,18/09/2014,Full Time,NITA,Motilal Nehru National Institute of Technology Allahabad,Electronics & Telecommunication,81,BE,20/07/2015,22/01/2018,Full Time,NITIE,NITIE Mumbai,Mining Engineering,87,ME,0,29/03/2017,19/09/2018,Full Time,Junior Technical Consultant,TCS,Manufacturing,AGRA,India,,,,,,,,,English,Good,Good,Good,Hindi,Good,Good,Good,Marathi,Good,Good,Good,Guddu,Software Engineer,London,8009800998,,,Naukri.com
88995,Major,Uday,Bhan,uday.bhan@mailinator.com81,786482366581,7894923645,13/04/1990,M,Single,PAN16769481,No,Behind Yaga Baba Hostel Baner,426194,KANPUR,India,579700,1340000,Mumbai,579000,2,1,30,12/06/2004,13/07/2006,Full Time,Uttar Pradesh State Board,Saraswati Vidya Mandir Kanpur,NA,92,10th,14/02/2007,25/03/2010,Full Time,Uttar Pradesh State Board,Radha Niketan College Kanpur,Electronics & Telecommunication,93,12th,14/03/2010,18/09/2014,Full Time,NITA,Motilal Nehru National Institute of Technology Allahabad,Electronics & Telecommunication,81,BE,20/07/2015,22/01/2018,Full Time,NITIE,NITIE Mumbai,Mining Engineering,87,ME,0,29/03/2017,19/09/2018,Full Time,Junior Technical Consultant,TCS,Manufacturing,AGRA,India,,,,,,,,,English,Good,Good,Good,Hindi,Good,Good,Good,Marathi,Good,Good,Good,Guddu,Software Engineer,London,8009800998,,,Naukri.com
88995,Major,Uday,Bhan,uday.bhan@mailinator.com82,786482366582,7894923645,13/04/1990,M,Single,PAN16769482,No,Behind Yaga Baba Hostel Baner,426194,KANPUR,India,579700,1340000,Mumbai,579000,2,1,30,12/06/2004,13/07/2006,Full Time,Uttar Pradesh State Board,Saraswati Vidya Mandir Kanpur,NA,92,10th,14/02/2007,25/03/2010,Full Time,Uttar Pradesh State Board,Radha Niketan College Kanpur,Electronics & Telecommunication,93,12th,14/03/2010,18/09/2014,Full Time,NITA,Motilal Nehru National Institute of Technology Allahabad,Electronics & Telecommunication,81,BE,20/07/2015,22/01/2018,Full Time,NITIE,NITIE Mumbai,Mining Engineering,87,ME,0,29/03/2017,19/09/2018,Full Time,Junior Technical Consultant,TCS,Manufacturing,AGRA,India,,,,,,,,,English,Good,Good,Good,Hindi,Good,Good,Good,Marathi,Good,Good,Good,Guddu,Software Engineer,London,8009800998,,,Naukri.com
88995,Major,Uday,Bhan,uday.bhan@mailinator.com83,786482366583,7894923645,13/04/1990,M,Single,PAN16769483,No,Behind Yaga Baba Hostel Baner,426194,KANPUR,India,579700,1340000,Mumbai,579000,2,1,30,12/06/2004,13/07/2006,Full Time,Uttar Pradesh State Board,Saraswati Vidya Mandir Kanpur,NA,92,10th,14/02/2007,25/03/2010,Full Time,Uttar Pradesh State Board,Radha Niketan College Kanpur,Electronics & Telecommunication,93,12th,14/03/2010,18/09/2014,Full Time,NITA,Motilal Nehru National Institute of Technology Allahabad,Electronics & Telecommunication,81,BE,20/07/2015,22/01/2018,Full Time,NITIE,NITIE Mumbai,Mining Engineering,87,ME,0,29/03/2017,19/09/2018,Full Time,Junior Technical Consultant,TCS,Manufacturing,AGRA,India,,,,,,,,,English,Good,Good,Good,Hindi,Good,Good,Good,Marathi,Good,Good,Good,Guddu,Software Engineer,London,8009800998,,,Naukri.com
88995,Major,Uday,Bhan,uday.bhan@mailinator.com84,786482366584,7894923645,13/04/1990,M,Single,PAN16769484,No,Behind Yaga Baba Hostel Baner,426194,KANPUR,India,579700,1340000,Mumbai,579000,2,1,30,12/06/2004,13/07/2006,Full Time,Uttar Pradesh State Board,Saraswati Vidya Mandir Kanpur,NA,92,10th,14/02/2007,25/03/2010,Full Time,Uttar Pradesh State Board,Radha Niketan College Kanpur,Electronics & Telecommunication,93,12th,14/03/2010,18/09/2014,Full Time,NITA,Motilal Nehru National Institute of Technology Allahabad,Electronics & Telecommunication,81,BE,20/07/2015,22/01/2018,Full Time,NITIE,NITIE Mumbai,Mining Engineering,87,ME,0,29/03/2017,19/09/2018,Full Time,Junior Technical Consultant,TCS,Manufacturing,AGRA,India,,,,,,,,,English,Good,Good,Good,Hindi,Good,Good,Good,Marathi,Good,Good,Good,Guddu,Software Engineer,London,8009800998,,,Naukri.com
88995,Major,Uday,Bhan,uday.bhan@mailinator.com85,786482366585,7894923645,13/04/1990,M,Single,PAN16769485,No,Behind Yaga Baba Hostel Baner,426194,KANPUR,India,579700,1340000,Mumbai,579000,2,1,30,12/06/2004,13/07/2006,Full Time,Uttar Pradesh State Board,Saraswati Vidya Mandir Kanpur,NA,92,10th,14/02/2007,25/03/2010,Full Time,Uttar Pradesh State Board,Radha Niketan College Kanpur,Electronics & Telecommunication,93,12th,14/03/2010,18/09/2014,Full Time,NITA,Motilal Nehru National Institute of Technology Allahabad,Electronics & Telecommunication,81,BE,20/07/2015,22/01/2018,Full Time,NITIE,NITIE Mumbai,Mining Engineering,87,ME,0,29/03/2017,19/09/2018,Full Time,Junior Technical Consultant,TCS,Manufacturing,AGRA,India,,,,,,,,,English,Good,Good,Good,Hindi,Good,Good,Good,Marathi,Good,Good,Good,Guddu,Software Engineer,London,8009800998,,,Naukri.com
88995,Major,Uday,Bhan,uday.bhan@mailinator.com86,786482366586,7894923645,13/04/1990,M,Single,PAN16769486,No,Behind Yaga Baba Hostel Baner,426194,KANPUR,India,579700,1340000,Mumbai,579000,2,1,30,12/06/2004,13/07/2006,Full Time,Uttar Pradesh State Board,Saraswati Vidya Mandir Kanpur,NA,92,10th,14/02/2007,25/03/2010,Full Time,Uttar Pradesh State Board,Radha Niketan College Kanpur,Electronics & Telecommunication,93,12th,14/03/2010,18/09/2014,Full Time,NITA,Motilal Nehru National Institute of Technology Allahabad,Electronics & Telecommunication,81,BE,20/07/2015,22/01/2018,Full Time,NITIE,NITIE Mumbai,Mining Engineering,87,ME,0,29/03/2017,19/09/2018,Full Time,Junior Technical Consultant,TCS,Manufacturing,AGRA,India,,,,,,,,,English,Good,Good,Good,Hindi,Good,Good,Good,Marathi,Good,Good,Good,Guddu,Software Engineer,London,8009800998,,,Naukri.com
88995,Major,Uday,Bhan,uday.bhan@mailinator.com87,786482366587,7894923645,13/04/1990,M,Single,PAN16769487,No,Behind Yaga Baba Hostel Baner,426194,KANPUR,India,579700,1340000,Mumbai,579000,2,1,30,12/06/2004,13/07/2006,Full Time,Uttar Pradesh State Board,Saraswati Vidya Mandir Kanpur,NA,92,10th,14/02/2007,25/03/2010,Full Time,Uttar Pradesh State Board,Radha Niketan College Kanpur,Electronics & Telecommunication,93,12th,14/03/2010,18/09/2014,Full Time,NITA,Motilal Nehru National Institute of Technology Allahabad,Electronics & Telecommunication,81,BE,20/07/2015,22/01/2018,Full Time,NITIE,NITIE Mumbai,Mining Engineering,87,ME,0,29/03/2017,19/09/2018,Full Time,Junior Technical Consultant,TCS,Manufacturing,AGRA,India,,,,,,,,,English,Good,Good,Good,Hindi,Good,Good,Good,Marathi,Good,Good,Good,Guddu,Software Engineer,London,8009800998,,,Naukri.com
88995,Major,Uday,Bhan,uday.bhan@mailinator.com88,786482366588,7894923645,13/04/1990,M,Single,PAN16769488,No,Behind Yaga Baba Hostel Baner,426194,KANPUR,India,579700,1340000,Mumbai,579000,2,1,30,12/06/2004,13/07/2006,Full Time,Uttar Pradesh State Board,Saraswati Vidya Mandir Kanpur,NA,92,10th,14/02/2007,25/03/2010,Full Time,Uttar Pradesh State Board,Radha Niketan College Kanpur,Electronics & Telecommunication,93,12th,14/03/2010,18/09/2014,Full Time,NITA,Motilal Nehru National Institute of Technology Allahabad,Electronics & Telecommunication,81,BE,20/07/2015,22/01/2018,Full Time,NITIE,NITIE Mumbai,Mining Engineering,87,ME,0,29/03/2017,19/09/2018,Full Time,Junior Technical Consultant,TCS,Manufacturing,AGRA,India,,,,,,,,,English,Good,Good,Good,Hindi,Good,Good,Good,Marathi,Good,Good,Good,Guddu,Software Engineer,London,8009800998,,,Naukri.com
88995,Major,Uday,Bhan,uday.bhan@mailinator.com89,786482366589,7894923645,13/04/1990,M,Single,PAN16769489,No,Behind Yaga Baba Hostel Baner,426194,KANPUR,India,579700,1340000,Mumbai,579000,2,1,30,12/06/2004,13/07/2006,Full Time,Uttar Pradesh State Board,Saraswati Vidya Mandir Kanpur,NA,92,10th,14/02/2007,25/03/2010,Full Time,Uttar Pradesh State Board,Radha Niketan College Kanpur,Electronics & Telecommunication,93,12th,14/03/2010,18/09/2014,Full Time,NITA,Motilal Nehru National Institute of Technology Allahabad,Electronics & Telecommunication,81,BE,20/07/2015,22/01/2018,Full Time,NITIE,NITIE Mumbai,Mining Engineering,87,ME,0,29/03/2017,19/09/2018,Full Time,Junior Technical Consultant,TCS,Manufacturing,AGRA,India,,,,,,,,,English,Good,Good,Good,Hindi,Good,Good,Good,Marathi,Good,Good,Good,Guddu,Software Engineer,London,8009800998,,,Naukri.com
88995,Major,Uday,Bhan,uday.bhan@mailinator.com90,786482366590,7894923645,13/04/1990,M,Single,PAN16769490,No,Behind Yaga Baba Hostel Baner,426194,KANPUR,India,579700,1340000,Mumbai,579000,2,1,30,12/06/2004,13/07/2006,Full Time,Uttar Pradesh State Board,Saraswati Vidya Mandir Kanpur,NA,92,10th,14/02/2007,25/03/2010,Full Time,Uttar Pradesh State Board,Radha Niketan College Kanpur,Electronics & Telecommunication,93,12th,14/03/2010,18/09/2014,Full Time,NITA,Motilal Nehru National Institute of Technology Allahabad,Electronics & Telecommunication,81,BE,20/07/2015,22/01/2018,Full Time,NITIE,NITIE Mumbai,Mining Engineering,87,ME,0,29/03/2017,19/09/2018,Full Time,Junior Technical Consultant,TCS,Manufacturing,AGRA,India,,,,,,,,,English,Good,Good,Good,Hindi,Good,Good,Good,Marathi,Good,Good,Good,Guddu,Software Engineer,London,8009800998,,,Naukri.com
88995,Major,Uday,Bhan,uday.bhan@mailinator.com91,786482366591,7894923645,13/04/1990,M,Single,PAN16769491,No,Behind Yaga Baba Hostel Baner,426194,KANPUR,India,579700,1340000,Mumbai,579000,2,1,30,12/06/2004,13/07/2006,Full Time,Uttar Pradesh State Board,Saraswati Vidya Mandir Kanpur,NA,92,10th,14/02/2007,25/03/2010,Full Time,Uttar Pradesh State Board,Radha Niketan College Kanpur,Electronics & Telecommunication,93,12th,14/03/2010,18/09/2014,Full Time,NITA,Motilal Nehru National Institute of Technology Allahabad,Electronics & Telecommunication,81,BE,20/07/2015,22/01/2018,Full Time,NITIE,NITIE Mumbai,Mining Engineering,87,ME,0,29/03/2017,19/09/2018,Full Time,Junior Technical Consultant,TCS,Manufacturing,AGRA,India,,,,,,,,,English,Good,Good,Good,Hindi,Good,Good,Good,Marathi,Good,Good,Good,Guddu,Software Engineer,London,8009800998,,,Naukri.com
88995,Major,Uday,Bhan,uday.bhan@mailinator.com92,786482366592,7894923645,13/04/1990,M,Single,PAN16769492,No,Behind Yaga Baba Hostel Baner,426194,KANPUR,India,579700,1340000,Mumbai,579000,2,1,30,12/06/2004,13/07/2006,Full Time,Uttar Pradesh State Board,Saraswati Vidya Mandir Kanpur,NA,92,10th,14/02/2007,25/03/2010,Full Time,Uttar Pradesh State Board,Radha Niketan College Kanpur,Electronics & Telecommunication,93,12th,14/03/2010,18/09/2014,Full Time,NITA,Motilal Nehru National Institute of Technology Allahabad,Electronics & Telecommunication,81,BE,20/07/2015,22/01/2018,Full Time,NITIE,NITIE Mumbai,Mining Engineering,87,ME,0,29/03/2017,19/09/2018,Full Time,Junior Technical Consultant,TCS,Manufacturing,AGRA,India,,,,,,,,,English,Good,Good,Good,Hindi,Good,Good,Good,Marathi,Good,Good,Good,Guddu,Software Engineer,London,8009800998,,,Naukri.com
88995,Major,Uday,Bhan,uday.bhan@mailinator.com93,786482366593,7894923645,13/04/1990,M,Single,PAN16769493,No,Behind Yaga Baba Hostel Baner,426194,KANPUR,India,579700,1340000,Mumbai,579000,2,1,30,12/06/2004,13/07/2006,Full Time,Uttar Pradesh State Board,Saraswati Vidya Mandir Kanpur,NA,92,10th,14/02/2007,25/03/2010,Full Time,Uttar Pradesh State Board,Radha Niketan College Kanpur,Electronics & Telecommunication,93,12th,14/03/2010,18/09/2014,Full Time,NITA,Motilal Nehru National Institute of Technology Allahabad,Electronics & Telecommunication,81,BE,20/07/2015,22/01/2018,Full Time,NITIE,NITIE Mumbai,Mining Engineering,87,ME,0,29/03/2017,19/09/2018,Full Time,Junior Technical Consultant,TCS,Manufacturing,AGRA,India,,,,,,,,,English,Good,Good,Good,Hindi,Good,Good,Good,Marathi,Good,Good,Good,Guddu,Software Engineer,London,8009800998,,,Naukri.com
88995,Major,Uday,Bhan,uday.bhan@mailinator.com94,786482366594,7894923645,13/04/1990,M,Single,PAN16769494,No,Behind Yaga Baba Hostel Baner,426194,KANPUR,India,579700,1340000,Mumbai,579000,2,1,30,12/06/2004,13/07/2006,Full Time,Uttar Pradesh State Board,Saraswati Vidya Mandir Kanpur,NA,92,10th,14/02/2007,25/03/2010,Full Time,Uttar Pradesh State Board,Radha Niketan College Kanpur,Electronics & Telecommunication,93,12th,14/03/2010,18/09/2014,Full Time,NITA,Motilal Nehru National Institute of Technology Allahabad,Electronics & Telecommunication,81,BE,20/07/2015,22/01/2018,Full Time,NITIE,NITIE Mumbai,Mining Engineering,87,ME,0,29/03/2017,19/09/2018,Full Time,Junior Technical Consultant,TCS,Manufacturing,AGRA,India,,,,,,,,,English,Good,Good,Good,Hindi,Good,Good,Good,Marathi,Good,Good,Good,Guddu,Software Engineer,London,8009800998,,,Naukri.com
88995,Major,Uday,Bhan,uday.bhan@mailinator.com95,786482366595,7894923645,13/04/1990,M,Single,PAN16769495,No,Behind Yaga Baba Hostel Baner,426194,KANPUR,India,579700,1340000,Mumbai,579000,2,1,30,12/06/2004,13/07/2006,Full Time,Uttar Pradesh State Board,Saraswati Vidya Mandir Kanpur,NA,92,10th,14/02/2007,25/03/2010,Full Time,Uttar Pradesh State Board,Radha Niketan College Kanpur,Electronics & Telecommunication,93,12th,14/03/2010,18/09/2014,Full Time,NITA,Motilal Nehru National Institute of Technology Allahabad,Electronics & Telecommunication,81,BE,20/07/2015,22/01/2018,Full Time,NITIE,NITIE Mumbai,Mining Engineering,87,ME,0,29/03/2017,19/09/2018,Full Time,Junior Technical Consultant,TCS,Manufacturing,AGRA,India,,,,,,,,,English,Good,Good,Good,Hindi,Good,Good,Good,Marathi,Good,Good,Good,Guddu,Software Engineer,London,8009800998,,,Naukri.com
88995,Major,Uday,Bhan,uday.bhan@mailinator.com96,786482366596,7894923645,13/04/1990,M,Single,PAN16769496,No,Behind Yaga Baba Hostel Baner,426194,KANPUR,India,579700,1340000,Mumbai,579000,2,1,30,12/06/2004,13/07/2006,Full Time,Uttar Pradesh State Board,Saraswati Vidya Mandir Kanpur,NA,92,10th,14/02/2007,25/03/2010,Full Time,Uttar Pradesh State Board,Radha Niketan College Kanpur,Electronics & Telecommunication,93,12th,14/03/2010,18/09/2014,Full Time,NITA,Motilal Nehru National Institute of Technology Allahabad,Electronics & Telecommunication,81,BE,20/07/2015,22/01/2018,Full Time,NITIE,NITIE Mumbai,Mining Engineering,87,ME,0,29/03/2017,19/09/2018,Full Time,Junior Technical Consultant,TCS,Manufacturing,AGRA,India,,,,,,,,,English,Good,Good,Good,Hindi,Good,Good,Good,Marathi,Good,Good,Good,Guddu,Software Engineer,London,8009800998,,,Naukri.com
88995,Major,Uday,Bhan,uday.bhan@mailinator.com97,786482366597,7894923645,13/04/1990,M,Single,PAN16769497,No,Behind Yaga Baba Hostel Baner,426194,KANPUR,India,579700,1340000,Mumbai,579000,2,1,30,12/06/2004,13/07/2006,Full Time,Uttar Pradesh State Board,Saraswati Vidya Mandir Kanpur,NA,92,10th,14/02/2007,25/03/2010,Full Time,Uttar Pradesh State Board,Radha Niketan College Kanpur,Electronics & Telecommunication,93,12th,14/03/2010,18/09/2014,Full Time,NITA,Motilal Nehru National Institute of Technology Allahabad,Electronics & Telecommunication,81,BE,20/07/2015,22/01/2018,Full Time,NITIE,NITIE Mumbai,Mining Engineering,87,ME,0,29/03/2017,19/09/2018,Full Time,Junior Technical Consultant,TCS,Manufacturing,AGRA,India,,,,,,,,,English,Good,Good,Good,Hindi,Good,Good,Good,Marathi,Good,Good,Good,Guddu,Software Engineer,London,8009800998,,,Naukri.com
88995,Major,Uday,Bhan,uday.bhan@mailinator.com98,786482366598,7894923645,13/04/1990,M,Single,PAN16769498,No,Behind Yaga Baba Hostel Baner,426194,KANPUR,India,579700,1340000,Mumbai,579000,2,1,30,12/06/2004,13/07/2006,Full Time,Uttar Pradesh State Board,Saraswati Vidya Mandir Kanpur,NA,92,10th,14/02/2007,25/03/2010,Full Time,Uttar Pradesh State Board,Radha Niketan College Kanpur,Electronics & Telecommunication,93,12th,14/03/2010,18/09/2014,Full Time,NITA,Motilal Nehru National Institute of Technology Allahabad,Electronics & Telecommunication,81,BE,20/07/2015,22/01/2018,Full Time,NITIE,NITIE Mumbai,Mining Engineering,87,ME,0,29/03/2017,19/09/2018,Full Time,Junior Technical Consultant,TCS,Manufacturing,AGRA,India,,,,,,,,,English,Good,Good,Good,Hindi,Good,Good,Good,Marathi,Good,Good,Good,Guddu,Software Engineer,London,8009800998,,,Naukri.com
88995,Major,Uday,Bhan,uday.bhan@mailinator.com99,786482366599,7894923645,13/04/1990,M,Single,PAN16769499,No,Behind Yaga Baba Hostel Baner,426194,KANPUR,India,579700,1340000,Mumbai,579000,2,1,30,12/06/2004,13/07/2006,Full Time,Uttar Pradesh State Board,Saraswati Vidya Mandir Kanpur,NA,92,10th,14/02/2007,25/03/2010,Full Time,Uttar Pradesh State Board,Radha Niketan College Kanpur,Electronics & Telecommunication,93,12th,14/03/2010,18/09/2014,Full Time,NITA,Motilal Nehru National Institute of Technology Allahabad,Electronics & Telecommunication,81,BE,20/07/2015,22/01/2018,Full Time,NITIE,NITIE Mumbai,Mining Engineering,87,ME,0,29/03/2017,19/09/2018,Full Time,Junior Technical Consultant,TCS,Manufacturing,AGRA,India,,,,,,,,,English,Good,Good,Good,Hindi,Good,Good,Good,Marathi,Good,Good,Good,Guddu,Software Engineer,London,8009800998,,,Naukri.com
88995,Major,Uday,Bhan,uday.bhan@mailinator.com100,7864823665100,7894923645,13/04/1990,M,Single,PAN167694100,No,Behind Yaga Baba Hostel Baner,426194,KANPUR,India,579700,1340000,Mumbai,579000,2,1,30,12/06/2004,13/07/2006,Full Time,Uttar Pradesh State Board,Saraswati Vidya Mandir Kanpur,NA,92,10th,14/02/2007,25/03/2010,Full Time,Uttar Pradesh State Board,Radha Niketan College Kanpur,Electronics & Telecommunication,93,12th,14/03/2010,18/09/2014,Full Time,NITA,Motilal Nehru National Institute of Technology Allahabad,Electronics & Telecommunication,81,BE,20/07/2015,22/01/2018,Full Time,NITIE,NITIE Mumbai,Mining Engineering,87,ME,0,29/03/2017,19/09/2018,Full Time,Junior Technical Consultant,TCS,Manufacturing,AGRA,India,,,,,,,,,English,Good,Good,Good,Hindi,Good,Good,Good,Marathi,Good,Good,Good,Guddu,Software Engineer,London,8009800998,,,Naukri.com
88995,Major,Uday,Bhan,uday.bhan@mailinator.com101,7864823665101,7894923645,13/04/1990,M,Single,PAN167694101,No,Behind Yaga Baba Hostel Baner,426194,KANPUR,India,579700,1340000,Mumbai,579000,2,1,30,12/06/2004,13/07/2006,Full Time,Uttar Pradesh State Board,Saraswati Vidya Mandir Kanpur,NA,92,10th,14/02/2007,25/03/2010,Full Time,Uttar Pradesh State Board,Radha Niketan College Kanpur,Electronics & Telecommunication,93,12th,14/03/2010,18/09/2014,Full Time,NITA,Motilal Nehru National Institute of Technology Allahabad,Electronics & Telecommunication,81,BE,20/07/2015,22/01/2018,Full Time,NITIE,NITIE Mumbai,Mining Engineering,87,ME,0,29/03/2017,19/09/2018,Full Time,Junior Technical Consultant,TCS,Manufacturing,AGRA,India,,,,,,,,,English,Good,Good,Good,Hindi,Good,Good,Good,Marathi,Good,Good,Good,Guddu,Software Engineer,London,8009800998,,,Naukri.com
88995,Major,Uday,Bhan,uday.bhan@mailinator.com102,7864823665102,7894923645,13/04/1990,M,Single,PAN167694102,No,Behind Yaga Baba Hostel Baner,426194,KANPUR,India,579700,1340000,Mumbai,579000,2,1,30,12/06/2004,13/07/2006,Full Time,Uttar Pradesh State Board,Saraswati Vidya Mandir Kanpur,NA,92,10th,14/02/2007,25/03/2010,Full Time,Uttar Pradesh State Board,Radha Niketan College Kanpur,Electronics & Telecommunication,93,12th,14/03/2010,18/09/2014,Full Time,NITA,Motilal Nehru National Institute of Technology Allahabad,Electronics & Telecommunication,81,BE,20/07/2015,22/01/2018,Full Time,NITIE,NITIE Mumbai,Mining Engineering,87,ME,0,29/03/2017,19/09/2018,Full Time,Junior Technical Consultant,TCS,Manufacturing,AGRA,India,,,,,,,,,English,Good,Good,Good,Hindi,Good,Good,Good,Marathi,Good,Good,Good,Guddu,Software Engineer,London,8009800998,,,Naukri.com
88995,Major,Uday,Bhan,uday.bhan@mailinator.com103,7864823665103,7894923645,13/04/1990,M,Single,PAN167694103,No,Behind Yaga Baba Hostel Baner,426194,KANPUR,India,579700,1340000,Mumbai,579000,2,1,30,12/06/2004,13/07/2006,Full Time,Uttar Pradesh State Board,Saraswati Vidya Mandir Kanpur,NA,92,10th,14/02/2007,25/03/2010,Full Time,Uttar Pradesh State Board,Radha Niketan College Kanpur,Electronics & Telecommunication,93,12th,14/03/2010,18/09/2014,Full Time,NITA,Motilal Nehru National Institute of Technology Allahabad,Electronics & Telecommunication,81,BE,20/07/2015,22/01/2018,Full Time,NITIE,NITIE Mumbai,Mining Engineering,87,ME,0,29/03/2017,19/09/2018,Full Time,Junior Technical Consultant,TCS,Manufacturing,AGRA,India,,,,,,,,,English,Good,Good,Good,Hindi,Good,Good,Good,Marathi,Good,Good,Good,Guddu,Software Engineer,London,8009800998,,,Naukri.com
88995,Major,Uday,Bhan,uday.bhan@mailinator.com104,7864823665104,7894923645,13/04/1990,M,Single,PAN167694104,No,Behind Yaga Baba Hostel Baner,426194,KANPUR,India,579700,1340000,Mumbai,579000,2,1,30,12/06/2004,13/07/2006,Full Time,Uttar Pradesh State Board,Saraswati Vidya Mandir Kanpur,NA,92,10th,14/02/2007,25/03/2010,Full Time,Uttar Pradesh State Board,Radha Niketan College Kanpur,Electronics & Telecommunication,93,12th,14/03/2010,18/09/2014,Full Time,NITA,Motilal Nehru National Institute of Technology Allahabad,Electronics & Telecommunication,81,BE,20/07/2015,22/01/2018,Full Time,NITIE,NITIE Mumbai,Mining Engineering,87,ME,0,29/03/2017,19/09/2018,Full Time,Junior Technical Consultant,TCS,Manufacturing,AGRA,India,,,,,,,,,English,Good,Good,Good,Hindi,Good,Good,Good,Marathi,Good,Good,Good,Guddu,Software Engineer,London,8009800998,,,Naukri.com
88995,Major,Uday,Bhan,uday.bhan@mailinator.com105,7864823665105,7894923645,13/04/1990,M,Single,PAN167694105,No,Behind Yaga Baba Hostel Baner,426194,KANPUR,India,579700,1340000,Mumbai,579000,2,1,30,12/06/2004,13/07/2006,Full Time,Uttar Pradesh State Board,Saraswati Vidya Mandir Kanpur,NA,92,10th,14/02/2007,25/03/2010,Full Time,Uttar Pradesh State Board,Radha Niketan College Kanpur,Electronics & Telecommunication,93,12th,14/03/2010,18/09/2014,Full Time,NITA,Motilal Nehru National Institute of Technology Allahabad,Electronics & Telecommunication,81,BE,20/07/2015,22/01/2018,Full Time,NITIE,NITIE Mumbai,Mining Engineering,87,ME,0,29/03/2017,19/09/2018,Full Time,Junior Technical Consultant,TCS,Manufacturing,AGRA,India,,,,,,,,,English,Good,Good,Good,Hindi,Good,Good,Good,Marathi,Good,Good,Good,Guddu,Software Engineer,London,8009800998,,,Naukri.com
88995,Major,Uday,Bhan,uday.bhan@mailinator.com106,7864823665106,7894923645,13/04/1990,M,Single,PAN167694106,No,Behind Yaga Baba Hostel Baner,426194,KANPUR,India,579700,1340000,Mumbai,579000,2,1,30,12/06/2004,13/07/2006,Full Time,Uttar Pradesh State Board,Saraswati Vidya Mandir Kanpur,NA,92,10th,14/02/2007,25/03/2010,Full Time,Uttar Pradesh State Board,Radha Niketan College Kanpur,Electronics & Telecommunication,93,12th,14/03/2010,18/09/2014,Full Time,NITA,Motilal Nehru National Institute of Technology Allahabad,Electronics & Telecommunication,81,BE,20/07/2015,22/01/2018,Full Time,NITIE,NITIE Mumbai,Mining Engineering,87,ME,0,29/03/2017,19/09/2018,Full Time,Junior Technical Consultant,TCS,Manufacturing,AGRA,India,,,,,,,,,English,Good,Good,Good,Hindi,Good,Good,Good,Marathi,Good,Good,Good,Guddu,Software Engineer,London,8009800998,,,Naukri.com
88995,Major,Uday,Bhan,uday.bhan@mailinator.com107,7864823665107,7894923645,13/04/1990,M,Single,PAN167694107,No,Behind Yaga Baba Hostel Baner,426194,KANPUR,India,579700,1340000,Mumbai,579000,2,1,30,12/06/2004,13/07/2006,Full Time,Uttar Pradesh State Board,Saraswati Vidya Mandir Kanpur,NA,92,10th,14/02/2007,25/03/2010,Full Time,Uttar Pradesh State Board,Radha Niketan College Kanpur,Electronics & Telecommunication,93,12th,14/03/2010,18/09/2014,Full Time,NITA,Motilal Nehru National Institute of Technology Allahabad,Electronics & Telecommunication,81,BE,20/07/2015,22/01/2018,Full Time,NITIE,NITIE Mumbai,Mining Engineering,87,ME,0,29/03/2017,19/09/2018,Full Time,Junior Technical Consultant,TCS,Manufacturing,AGRA,India,,,,,,,,,English,Good,Good,Good,Hindi,Good,Good,Good,Marathi,Good,Good,Good,Guddu,Software Engineer,London,8009800998,,,Naukri.com
88995,Major,Uday,Bhan,uday.bhan@mailinator.com108,7864823665108,7894923645,13/04/1990,M,Single,PAN167694108,No,Behind Yaga Baba Hostel Baner,426194,KANPUR,India,579700,1340000,Mumbai,579000,2,1,30,12/06/2004,13/07/2006,Full Time,Uttar Pradesh State Board,Saraswati Vidya Mandir Kanpur,NA,92,10th,14/02/2007,25/03/2010,Full Time,Uttar Pradesh State Board,Radha Niketan College Kanpur,Electronics & Telecommunication,93,12th,14/03/2010,18/09/2014,Full Time,NITA,Motilal Nehru National Institute of Technology Allahabad,Electronics & Telecommunication,81,BE,20/07/2015,22/01/2018,Full Time,NITIE,NITIE Mumbai,Mining Engineering,87,ME,0,29/03/2017,19/09/2018,Full Time,Junior Technical Consultant,TCS,Manufacturing,AGRA,India,,,,,,,,,English,Good,Good,Good,Hindi,Good,Good,Good,Marathi,Good,Good,Good,Guddu,Software Engineer,London,8009800998,,,Naukri.com
88995,Major,Uday,Bhan,uday.bhan@mailinator.com109,7864823665109,7894923645,13/04/1990,M,Single,PAN167694109,No,Behind Yaga Baba Hostel Baner,426194,KANPUR,India,579700,1340000,Mumbai,579000,2,1,30,12/06/2004,13/07/2006,Full Time,Uttar Pradesh State Board,Saraswati Vidya Mandir Kanpur,NA,92,10th,14/02/2007,25/03/2010,Full Time,Uttar Pradesh State Board,Radha Niketan College Kanpur,Electronics & Telecommunication,93,12th,14/03/2010,18/09/2014,Full Time,NITA,Motilal Nehru National Institute of Technology Allahabad,Electronics & Telecommunication,81,BE,20/07/2015,22/01/2018,Full Time,NITIE,NITIE Mumbai,Mining Engineering,87,ME,0,29/03/2017,19/09/2018,Full Time,Junior Technical Consultant,TCS,Manufacturing,AGRA,India,,,,,,,,,English,Good,Good,Good,Hindi,Good,Good,Good,Marathi,Good,Good,Good,Guddu,Software Engineer,London,8009800998,,,Naukri.com
88995,Major,Uday,Bhan,uday.bhan@mailinator.com110,7864823665110,7894923645,13/04/1990,M,Single,PAN167694110,No,Behind Yaga Baba Hostel Baner,426194,KANPUR,India,579700,1340000,Mumbai,579000,2,1,30,12/06/2004,13/07/2006,Full Time,Uttar Pradesh State Board,Saraswati Vidya Mandir Kanpur,NA,92,10th,14/02/2007,25/03/2010,Full Time,Uttar Pradesh State Board,Radha Niketan College Kanpur,Electronics & Telecommunication,93,12th,14/03/2010,18/09/2014,Full Time,NITA,Motilal Nehru National Institute of Technology Allahabad,Electronics & Telecommunication,81,BE,20/07/2015,22/01/2018,Full Time,NITIE,NITIE Mumbai,Mining Engineering,87,ME,0,29/03/2017,19/09/2018,Full Time,Junior Technical Consultant,TCS,Manufacturing,AGRA,India,,,,,,,,,English,Good,Good,Good,Hindi,Good,Good,Good,Marathi,Good,Good,Good,Guddu,Software Engineer,London,8009800998,,,Naukri.com
88995,Major,Uday,Bhan,uday.bhan@mailinator.com111,7864823665111,7894923645,13/04/1990,M,Single,PAN167694111,No,Behind Yaga Baba Hostel Baner,426194,KANPUR,India,579700,1340000,Mumbai,579000,2,1,30,12/06/2004,13/07/2006,Full Time,Uttar Pradesh State Board,Saraswati Vidya Mandir Kanpur,NA,92,10th,14/02/2007,25/03/2010,Full Time,Uttar Pradesh State Board,Radha Niketan College Kanpur,Electronics & Telecommunication,93,12th,14/03/2010,18/09/2014,Full Time,NITA,Motilal Nehru National Institute of Technology Allahabad,Electronics & Telecommunication,81,BE,20/07/2015,22/01/2018,Full Time,NITIE,NITIE Mumbai,Mining Engineering,87,ME,0,29/03/2017,19/09/2018,Full Time,Junior Technical Consultant,TCS,Manufacturing,AGRA,India,,,,,,,,,English,Good,Good,Good,Hindi,Good,Good,Good,Marathi,Good,Good,Good,Guddu,Software Engineer,London,8009800998,,,Naukri.com
88995,Major,Uday,Bhan,uday.bhan@mailinator.com112,7864823665112,7894923645,13/04/1990,M,Single,PAN167694112,No,Behind Yaga Baba Hostel Baner,426194,KANPUR,India,579700,1340000,Mumbai,579000,2,1,30,12/06/2004,13/07/2006,Full Time,Uttar Pradesh State Board,Saraswati Vidya Mandir Kanpur,NA,92,10th,14/02/2007,25/03/2010,Full Time,Uttar Pradesh State Board,Radha Niketan College Kanpur,Electronics & Telecommunication,93,12th,14/03/2010,18/09/2014,Full Time,NITA,Motilal Nehru National Institute of Technology Allahabad,Electronics & Telecommunication,81,BE,20/07/2015,22/01/2018,Full Time,NITIE,NITIE Mumbai,Mining Engineering,87,ME,0,29/03/2017,19/09/2018,Full Time,Junior Technical Consultant,TCS,Manufacturing,AGRA,India,,,,,,,,,English,Good,Good,Good,Hindi,Good,Good,Good,Marathi,Good,Good,Good,Guddu,Software Engineer,London,8009800998,,,Naukri.com
88995,Major,Uday,Bhan,uday.bhan@mailinator.com113,7864823665113,7894923645,13/04/1990,M,Single,PAN167694113,No,Behind Yaga Baba Hostel Baner,426194,KANPUR,India,579700,1340000,Mumbai,579000,2,1,30,12/06/2004,13/07/2006,Full Time,Uttar Pradesh State Board,Saraswati Vidya Mandir Kanpur,NA,92,10th,14/02/2007,25/03/2010,Full Time,Uttar Pradesh State Board,Radha Niketan College Kanpur,Electronics & Telecommunication,93,12th,14/03/2010,18/09/2014,Full Time,NITA,Motilal Nehru National Institute of Technology Allahabad,Electronics & Telecommunication,81,BE,20/07/2015,22/01/2018,Full Time,NITIE,NITIE Mumbai,Mining Engineering,87,ME,0,29/03/2017,19/09/2018,Full Time,Junior Technical Consultant,TCS,Manufacturing,AGRA,India,,,,,,,,,English,Good,Good,Good,Hindi,Good,Good,Good,Marathi,Good,Good,Good,Guddu,Software Engineer,London,8009800998,,,Naukri.com
88995,Major,Uday,Bhan,uday.bhan@mailinator.com114,7864823665114,7894923645,13/04/1990,M,Single,PAN167694114,No,Behind Yaga Baba Hostel Baner,426194,KANPUR,India,579700,1340000,Mumbai,579000,2,1,30,12/06/2004,13/07/2006,Full Time,Uttar Pradesh State Board,Saraswati Vidya Mandir Kanpur,NA,92,10th,14/02/2007,25/03/2010,Full Time,Uttar Pradesh State Board,Radha Niketan College Kanpur,Electronics & Telecommunication,93,12th,14/03/2010,18/09/2014,Full Time,NITA,Motilal Nehru National Institute of Technology Allahabad,Electronics & Telecommunication,81,BE,20/07/2015,22/01/2018,Full Time,NITIE,NITIE Mumbai,Mining Engineering,87,ME,0,29/03/2017,19/09/2018,Full Time,Junior Technical Consultant,TCS,Manufacturing,AGRA,India,,,,,,,,,English,Good,Good,Good,Hindi,Good,Good,Good,Marathi,Good,Good,Good,Guddu,Software Engineer,London,8009800998,,,Naukri.com
88995,Major,Uday,Bhan,uday.bhan@mailinator.com115,7864823665115,7894923645,13/04/1990,M,Single,PAN167694115,No,Behind Yaga Baba Hostel Baner,426194,KANPUR,India,579700,1340000,Mumbai,579000,2,1,30,12/06/2004,13/07/2006,Full Time,Uttar Pradesh State Board,Saraswati Vidya Mandir Kanpur,NA,92,10th,14/02/2007,25/03/2010,Full Time,Uttar Pradesh State Board,Radha Niketan College Kanpur,Electronics & Telecommunication,93,12th,14/03/2010,18/09/2014,Full Time,NITA,Motilal Nehru National Institute of Technology Allahabad,Electronics & Telecommunication,81,BE,20/07/2015,22/01/2018,Full Time,NITIE,NITIE Mumbai,Mining Engineering,87,ME,0,29/03/2017,19/09/2018,Full Time,Junior Technical Consultant,TCS,Manufacturing,AGRA,India,,,,,,,,,English,Good,Good,Good,Hindi,Good,Good,Good,Marathi,Good,Good,Good,Guddu,Software Engineer,London,8009800998,,,Naukri.com
88995,Major,Uday,Bhan,uday.bhan@mailinator.com116,7864823665116,7894923645,13/04/1990,M,Single,PAN167694116,No,Behind Yaga Baba Hostel Baner,426194,KANPUR,India,579700,1340000,Mumbai,579000,2,1,30,12/06/2004,13/07/2006,Full Time,Uttar Pradesh State Board,Saraswati Vidya Mandir Kanpur,NA,92,10th,14/02/2007,25/03/2010,Full Time,Uttar Pradesh State Board,Radha Niketan College Kanpur,Electronics & Telecommunication,93,12th,14/03/2010,18/09/2014,Full Time,NITA,Motilal Nehru National Institute of Technology Allahabad,Electronics & Telecommunication,81,BE,20/07/2015,22/01/2018,Full Time,NITIE,NITIE Mumbai,Mining Engineering,87,ME,0,29/03/2017,19/09/2018,Full Time,Junior Technical Consultant,TCS,Manufacturing,AGRA,India,,,,,,,,,English,Good,Good,Good,Hindi,Good,Good,Good,Marathi,Good,Good,Good,Guddu,Software Engineer,London,8009800998,,,Naukri.com
88995,Major,Uday,Bhan,uday.bhan@mailinator.com117,7864823665117,7894923645,13/04/1990,M,Single,PAN167694117,No,Behind Yaga Baba Hostel Baner,426194,KANPUR,India,579700,1340000,Mumbai,579000,2,1,30,12/06/2004,13/07/2006,Full Time,Uttar Pradesh State Board,Saraswati Vidya Mandir Kanpur,NA,92,10th,14/02/2007,25/03/2010,Full Time,Uttar Pradesh State Board,Radha Niketan College Kanpur,Electronics & Telecommunication,93,12th,14/03/2010,18/09/2014,Full Time,NITA,Motilal Nehru National Institute of Technology Allahabad,Electronics & Telecommunication,81,BE,20/07/2015,22/01/2018,Full Time,NITIE,NITIE Mumbai,Mining Engineering,87,ME,0,29/03/2017,19/09/2018,Full Time,Junior Technical Consultant,TCS,Manufacturing,AGRA,India,,,,,,,,,English,Good,Good,Good,Hindi,Good,Good,Good,Marathi,Good,Good,Good,Guddu,Software Engineer,London,8009800998,,,Naukri.com
88995,Major,Uday,Bhan,uday.bhan@mailinator.com118,7864823665118,7894923645,13/04/1990,M,Single,PAN167694118,No,Behind Yaga Baba Hostel Baner,426194,KANPUR,India,579700,1340000,Mumbai,579000,2,1,30,12/06/2004,13/07/2006,Full Time,Uttar Pradesh State Board,Saraswati Vidya Mandir Kanpur,NA,92,10th,14/02/2007,25/03/2010,Full Time,Uttar Pradesh State Board,Radha Niketan College Kanpur,Electronics & Telecommunication,93,12th,14/03/2010,18/09/2014,Full Time,NITA,Motilal Nehru National Institute of Technology Allahabad,Electronics & Telecommunication,81,BE,20/07/2015,22/01/2018,Full Time,NITIE,NITIE Mumbai,Mining Engineering,87,ME,0,29/03/2017,19/09/2018,Full Time,Junior Technical Consultant,TCS,Manufacturing,AGRA,India,,,,,,,,,English,Good,Good,Good,Hindi,Good,Good,Good,Marathi,Good,Good,Good,Guddu,Software Engineer,London,8009800998,,,Naukri.com
88995,Major,Uday,Bhan,uday.bhan@mailinator.com119,7864823665119,7894923645,13/04/1990,M,Single,PAN167694119,No,Behind Yaga Baba Hostel Baner,426194,KANPUR,India,579700,1340000,Mumbai,579000,2,1,30,12/06/2004,13/07/2006,Full Time,Uttar Pradesh State Board,Saraswati Vidya Mandir Kanpur,NA,92,10th,14/02/2007,25/03/2010,Full Time,Uttar Pradesh State Board,Radha Niketan College Kanpur,Electronics & Telecommunication,93,12th,14/03/2010,18/09/2014,Full Time,NITA,Motilal Nehru National Institute of Technology Allahabad,Electronics & Telecommunication,81,BE,20/07/2015,22/01/2018,Full Time,NITIE,NITIE Mumbai,Mining Engineering,87,ME,0,29/03/2017,19/09/2018,Full Time,Junior Technical Consultant,TCS,Manufacturing,AGRA,India,,,,,,,,,English,Good,Good,Good,Hindi,Good,Good,Good,Marathi,Good,Good,Good,Guddu,Software Engineer,London,8009800998,,,Naukri.com
88995,Major,Uday,Bhan,uday.bhan@mailinator.com120,7864823665120,7894923645,13/04/1990,M,Single,PAN167694120,No,Behind Yaga Baba Hostel Baner,426194,KANPUR,India,579700,1340000,Mumbai,579000,2,1,30,12/06/2004,13/07/2006,Full Time,Uttar Pradesh State Board,Saraswati Vidya Mandir Kanpur,NA,92,10th,14/02/2007,25/03/2010,Full Time,Uttar Pradesh State Board,Radha Niketan College Kanpur,Electronics & Telecommunication,93,12th,14/03/2010,18/09/2014,Full Time,NITA,Motilal Nehru National Institute of Technology Allahabad,Electronics & Telecommunication,81,BE,20/07/2015,22/01/2018,Full Time,NITIE,NITIE Mumbai,Mining Engineering,87,ME,0,29/03/2017,19/09/2018,Full Time,Junior Technical Consultant,TCS,Manufacturing,AGRA,India,,,,,,,,,English,Good,Good,Good,Hindi,Good,Good,Good,Marathi,Good,Good,Good,Guddu,Software Engineer,London,8009800998,,,Naukri.com
88995,Major,Uday,Bhan,uday.bhan@mailinator.com121,7864823665121,7894923645,13/04/1990,M,Single,PAN167694121,No,Behind Yaga Baba Hostel Baner,426194,KANPUR,India,579700,1340000,Mumbai,579000,2,1,30,12/06/2004,13/07/2006,Full Time,Uttar Pradesh State Board,Saraswati Vidya Mandir Kanpur,NA,92,10th,14/02/2007,25/03/2010,Full Time,Uttar Pradesh State Board,Radha Niketan College Kanpur,Electronics & Telecommunication,93,12th,14/03/2010,18/09/2014,Full Time,NITA,Motilal Nehru National Institute of Technology Allahabad,Electronics & Telecommunication,81,BE,20/07/2015,22/01/2018,Full Time,NITIE,NITIE Mumbai,Mining Engineering,87,ME,0,29/03/2017,19/09/2018,Full Time,Junior Technical Consultant,TCS,Manufacturing,AGRA,India,,,,,,,,,English,Good,Good,Good,Hindi,Good,Good,Good,Marathi,Good,Good,Good,Guddu,Software Engineer,London,8009800998,,,Naukri.com
88995,Major,Uday,Bhan,uday.bhan@mailinator.com122,7864823665122,7894923645,13/04/1990,M,Single,PAN167694122,No,Behind Yaga Baba Hostel Baner,426194,KANPUR,India,579700,1340000,Mumbai,579000,2,1,30,12/06/2004,13/07/2006,Full Time,Uttar Pradesh State Board,Saraswati Vidya Mandir Kanpur,NA,92,10th,14/02/2007,25/03/2010,Full Time,Uttar Pradesh State Board,Radha Niketan College Kanpur,Electronics & Telecommunication,93,12th,14/03/2010,18/09/2014,Full Time,NITA,Motilal Nehru National Institute of Technology Allahabad,Electronics & Telecommunication,81,BE,20/07/2015,22/01/2018,Full Time,NITIE,NITIE Mumbai,Mining Engineering,87,ME,0,29/03/2017,19/09/2018,Full Time,Junior Technical Consultant,TCS,Manufacturing,AGRA,India,,,,,,,,,English,Good,Good,Good,Hindi,Good,Good,Good,Marathi,Good,Good,Good,Guddu,Software Engineer,London,8009800998,,,Naukri.com
88995,Major,Uday,Bhan,uday.bhan@mailinator.com123,7864823665123,7894923645,13/04/1990,M,Single,PAN167694123,No,Behind Yaga Baba Hostel Baner,426194,KANPUR,India,579700,1340000,Mumbai,579000,2,1,30,12/06/2004,13/07/2006,Full Time,Uttar Pradesh State Board,Saraswati Vidya Mandir Kanpur,NA,92,10th,14/02/2007,25/03/2010,Full Time,Uttar Pradesh State Board,Radha Niketan College Kanpur,Electronics & Telecommunication,93,12th,14/03/2010,18/09/2014,Full Time,NITA,Motilal Nehru National Institute of Technology Allahabad,Electronics & Telecommunication,81,BE,20/07/2015,22/01/2018,Full Time,NITIE,NITIE Mumbai,Mining Engineering,87,ME,0,29/03/2017,19/09/2018,Full Time,Junior Technical Consultant,TCS,Manufacturing,AGRA,India,,,,,,,,,English,Good,Good,Good,Hindi,Good,Good,Good,Marathi,Good,Good,Good,Guddu,Software Engineer,London,8009800998,,,Naukri.com
88995,Major,Uday,Bhan,uday.bhan@mailinator.com124,7864823665124,7894923645,13/04/1990,M,Single,PAN167694124,No,Behind Yaga Baba Hostel Baner,426194,KANPUR,India,579700,1340000,Mumbai,579000,2,1,30,12/06/2004,13/07/2006,Full Time,Uttar Pradesh State Board,Saraswati Vidya Mandir Kanpur,NA,92,10th,14/02/2007,25/03/2010,Full Time,Uttar Pradesh State Board,Radha Niketan College Kanpur,Electronics & Telecommunication,93,12th,14/03/2010,18/09/2014,Full Time,NITA,Motilal Nehru National Institute of Technology Allahabad,Electronics & Telecommunication,81,BE,20/07/2015,22/01/2018,Full Time,NITIE,NITIE Mumbai,Mining Engineering,87,ME,0,29/03/2017,19/09/2018,Full Time,Junior Technical Consultant,TCS,Manufacturing,AGRA,India,,,,,,,,,English,Good,Good,Good,Hindi,Good,Good,Good,Marathi,Good,Good,Good,Guddu,Software Engineer,London,8009800998,,,Naukri.com
88995,Major,Uday,Bhan,uday.bhan@mailinator.com125,7864823665125,7894923645,13/04/1990,M,Single,PAN167694125,No,Behind Yaga Baba Hostel Baner,426194,KANPUR,India,579700,1340000,Mumbai,579000,2,1,30,12/06/2004,13/07/2006,Full Time,Uttar Pradesh State Board,Saraswati Vidya Mandir Kanpur,NA,92,10th,14/02/2007,25/03/2010,Full Time,Uttar Pradesh State Board,Radha Niketan College Kanpur,Electronics & Telecommunication,93,12th,14/03/2010,18/09/2014,Full Time,NITA,Motilal Nehru National Institute of Technology Allahabad,Electronics & Telecommunication,81,BE,20/07/2015,22/01/2018,Full Time,NITIE,NITIE Mumbai,Mining Engineering,87,ME,0,29/03/2017,19/09/2018,Full Time,Junior Technical Consultant,TCS,Manufacturing,AGRA,India,,,,,,,,,English,Good,Good,Good,Hindi,Good,Good,Good,Marathi,Good,Good,Good,Guddu,Software Engineer,London,8009800998,,,Naukri.com
88995,Major,Uday,Bhan,uday.bhan@mailinator.com126,7864823665126,7894923645,13/04/1990,M,Single,PAN167694126,No,Behind Yaga Baba Hostel Baner,426194,KANPUR,India,579700,1340000,Mumbai,579000,2,1,30,12/06/2004,13/07/2006,Full Time,Uttar Pradesh State Board,Saraswati Vidya Mandir Kanpur,NA,92,10th,14/02/2007,25/03/2010,Full Time,Uttar Pradesh State Board,Radha Niketan College Kanpur,Electronics & Telecommunication,93,12th,14/03/2010,18/09/2014,Full Time,NITA,Motilal Nehru National Institute of Technology Allahabad,Electronics & Telecommunication,81,BE,20/07/2015,22/01/2018,Full Time,NITIE,NITIE Mumbai,Mining Engineering,87,ME,0,29/03/2017,19/09/2018,Full Time,Junior Technical Consultant,TCS,Manufacturing,AGRA,India,,,,,,,,,English,Good,Good,Good,Hindi,Good,Good,Good,Marathi,Good,Good,Good,Guddu,Software Engineer,London,8009800998,,,Naukri.com
88995,Major,Uday,Bhan,uday.bhan@mailinator.com127,7864823665127,7894923645,13/04/1990,M,Single,PAN167694127,No,Behind Yaga Baba Hostel Baner,426194,KANPUR,India,579700,1340000,Mumbai,579000,2,1,30,12/06/2004,13/07/2006,Full Time,Uttar Pradesh State Board,Saraswati Vidya Mandir Kanpur,NA,92,10th,14/02/2007,25/03/2010,Full Time,Uttar Pradesh State Board,Radha Niketan College Kanpur,Electronics & Telecommunication,93,12th,14/03/2010,18/09/2014,Full Time,NITA,Motilal Nehru National Institute of Technology Allahabad,Electronics & Telecommunication,81,BE,20/07/2015,22/01/2018,Full Time,NITIE,NITIE Mumbai,Mining Engineering,87,ME,0,29/03/2017,19/09/2018,Full Time,Junior Technical Consultant,TCS,Manufacturing,AGRA,India,,,,,,,,,English,Good,Good,Good,Hindi,Good,Good,Good,Marathi,Good,Good,Good,Guddu,Software Engineer,London,8009800998,,,Naukri.com
88995,Major,Uday,Bhan,uday.bhan@mailinator.com128,7864823665128,7894923645,13/04/1990,M,Single,PAN167694128,No,Behind Yaga Baba Hostel Baner,426194,KANPUR,India,579700,1340000,Mumbai,579000,2,1,30,12/06/2004,13/07/2006,Full Time,Uttar Pradesh State Board,Saraswati Vidya Mandir Kanpur,NA,92,10th,14/02/2007,25/03/2010,Full Time,Uttar Pradesh State Board,Radha Niketan College Kanpur,Electronics & Telecommunication,93,12th,14/03/2010,18/09/2014,Full Time,NITA,Motilal Nehru National Institute of Technology Allahabad,Electronics & Telecommunication,81,BE,20/07/2015,22/01/2018,Full Time,NITIE,NITIE Mumbai,Mining Engineering,87,ME,0,29/03/2017,19/09/2018,Full Time,Junior Technical Consultant,TCS,Manufacturing,AGRA,India,,,,,,,,,English,Good,Good,Good,Hindi,Good,Good,Good,Marathi,Good,Good,Good,Guddu,Software Engineer,London,8009800998,,,Naukri.com
88995,Major,Uday,Bhan,uday.bhan@mailinator.com129,7864823665129,7894923645,13/04/1990,M,Single,PAN167694129,No,Behind Yaga Baba Hostel Baner,426194,KANPUR,India,579700,1340000,Mumbai,579000,2,1,30,12/06/2004,13/07/2006,Full Time,Uttar Pradesh State Board,Saraswati Vidya Mandir Kanpur,NA,92,10th,14/02/2007,25/03/2010,Full Time,Uttar Pradesh State Board,Radha Niketan College Kanpur,Electronics & Telecommunication,93,12th,14/03/2010,18/09/2014,Full Time,NITA,Motilal Nehru National Institute of Technology Allahabad,Electronics & Telecommunication,81,BE,20/07/2015,22/01/2018,Full Time,NITIE,NITIE Mumbai,Mining Engineering,87,ME,0,29/03/2017,19/09/2018,Full Time,Junior Technical Consultant,TCS,Manufacturing,AGRA,India,,,,,,,,,English,Good,Good,Good,Hindi,Good,Good,Good,Marathi,Good,Good,Good,Guddu,Software Engineer,London,8009800998,,,Naukri.com
88995,Major,Uday,Bhan,uday.bhan@mailinator.com130,7864823665130,7894923645,13/04/1990,M,Single,PAN167694130,No,Behind Yaga Baba Hostel Baner,426194,KANPUR,India,579700,1340000,Mumbai,579000,2,1,30,12/06/2004,13/07/2006,Full Time,Uttar Pradesh State Board,Saraswati Vidya Mandir Kanpur,NA,92,10th,14/02/2007,25/03/2010,Full Time,Uttar Pradesh State Board,Radha Niketan College Kanpur,Electronics & Telecommunication,93,12th,14/03/2010,18/09/2014,Full Time,NITA,Motilal Nehru National Institute of Technology Allahabad,Electronics & Telecommunication,81,BE,20/07/2015,22/01/2018,Full Time,NITIE,NITIE Mumbai,Mining Engineering,87,ME,0,29/03/2017,19/09/2018,Full Time,Junior Technical Consultant,TCS,Manufacturing,AGRA,India,,,,,,,,,English,Good,Good,Good,Hindi,Good,Good,Good,Marathi,Good,Good,Good,Guddu,Software Engineer,London,8009800998,,,Naukri.com
88995,Major,Uday,Bhan,uday.bhan@mailinator.com131,7864823665131,7894923645,13/04/1990,M,Single,PAN167694131,No,Behind Yaga Baba Hostel Baner,426194,KANPUR,India,579700,1340000,Mumbai,579000,2,1,30,12/06/2004,13/07/2006,Full Time,Uttar Pradesh State Board,Saraswati Vidya Mandir Kanpur,NA,92,10th,14/02/2007,25/03/2010,Full Time,Uttar Pradesh State Board,Radha Niketan College Kanpur,Electronics & Telecommunication,93,12th,14/03/2010,18/09/2014,Full Time,NITA,Motilal Nehru National Institute of Technology Allahabad,Electronics & Telecommunication,81,BE,20/07/2015,22/01/2018,Full Time,NITIE,NITIE Mumbai,Mining Engineering,87,ME,0,29/03/2017,19/09/2018,Full Time,Junior Technical Consultant,TCS,Manufacturing,AGRA,India,,,,,,,,,English,Good,Good,Good,Hindi,Good,Good,Good,Marathi,Good,Good,Good,Guddu,Software Engineer,London,8009800998,,,Naukri.com
88995,Major,Uday,Bhan,uday.bhan@mailinator.com132,7864823665132,7894923645,13/04/1990,M,Single,PAN167694132,No,Behind Yaga Baba Hostel Baner,426194,KANPUR,India,579700,1340000,Mumbai,579000,2,1,30,12/06/2004,13/07/2006,Full Time,Uttar Pradesh State Board,Saraswati Vidya Mandir Kanpur,NA,92,10th,14/02/2007,25/03/2010,Full Time,Uttar Pradesh State Board,Radha Niketan College Kanpur,Electronics & Telecommunication,93,12th,14/03/2010,18/09/2014,Full Time,NITA,Motilal Nehru National Institute of Technology Allahabad,Electronics & Telecommunication,81,BE,20/07/2015,22/01/2018,Full Time,NITIE,NITIE Mumbai,Mining Engineering,87,ME,0,29/03/2017,19/09/2018,Full Time,Junior Technical Consultant,TCS,Manufacturing,AGRA,India,,,,,,,,,English,Good,Good,Good,Hindi,Good,Good,Good,Marathi,Good,Good,Good,Guddu,Software Engineer,London,8009800998,,,Naukri.com
88995,Major,Uday,Bhan,uday.bhan@mailinator.com133,7864823665133,7894923645,13/04/1990,M,Single,PAN167694133,No,Behind Yaga Baba Hostel Baner,426194,KANPUR,India,579700,1340000,Mumbai,579000,2,1,30,12/06/2004,13/07/2006,Full Time,Uttar Pradesh State Board,Saraswati Vidya Mandir Kanpur,NA,92,10th,14/02/2007,25/03/2010,Full Time,Uttar Pradesh State Board,Radha Niketan College Kanpur,Electronics & Telecommunication,93,12th,14/03/2010,18/09/2014,Full Time,NITA,Motilal Nehru National Institute of Technology Allahabad,Electronics & Telecommunication,81,BE,20/07/2015,22/01/2018,Full Time,NITIE,NITIE Mumbai,Mining Engineering,87,ME,0,29/03/2017,19/09/2018,Full Time,Junior Technical Consultant,TCS,Manufacturing,AGRA,India,,,,,,,,,English,Good,Good,Good,Hindi,Good,Good,Good,Marathi,Good,Good,Good,Guddu,Software Engineer,London,8009800998,,,Naukri.com
88995,Major,Uday,Bhan,uday.bhan@mailinator.com134,7864823665134,7894923645,13/04/1990,M,Single,PAN167694134,No,Behind Yaga Baba Hostel Baner,426194,KANPUR,India,579700,1340000,Mumbai,579000,2,1,30,12/06/2004,13/07/2006,Full Time,Uttar Pradesh State Board,Saraswati Vidya Mandir Kanpur,NA,92,10th,14/02/2007,25/03/2010,Full Time,Uttar Pradesh State Board,Radha Niketan College Kanpur,Electronics & Telecommunication,93,12th,14/03/2010,18/09/2014,Full Time,NITA,Motilal Nehru National Institute of Technology Allahabad,Electronics & Telecommunication,81,BE,20/07/2015,22/01/2018,Full Time,NITIE,NITIE Mumbai,Mining Engineering,87,ME,0,29/03/2017,19/09/2018,Full Time,Junior Technical Consultant,TCS,Manufacturing,AGRA,India,,,,,,,,,English,Good,Good,Good,Hindi,Good,Good,Good,Marathi,Good,Good,Good,Guddu,Software Engineer,London,8009800998,,,Naukri.com
88995,Major,Uday,Bhan,uday.bhan@mailinator.com135,7864823665135,7894923645,13/04/1990,M,Single,PAN167694135,No,Behind Yaga Baba Hostel Baner,426194,KANPUR,India,579700,1340000,Mumbai,579000,2,1,30,12/06/2004,13/07/2006,Full Time,Uttar Pradesh State Board,Saraswati Vidya Mandir Kanpur,NA,92,10th,14/02/2007,25/03/2010,Full Time,Uttar Pradesh State Board,Radha Niketan College Kanpur,Electronics & Telecommunication,93,12th,14/03/2010,18/09/2014,Full Time,NITA,Motilal Nehru National Institute of Technology Allahabad,Electronics & Telecommunication,81,BE,20/07/2015,22/01/2018,Full Time,NITIE,NITIE Mumbai,Mining Engineering,87,ME,0,29/03/2017,19/09/2018,Full Time,Junior Technical Consultant,TCS,Manufacturing,AGRA,India,,,,,,,,,English,Good,Good,Good,Hindi,Good,Good,Good,Marathi,Good,Good,Good,Guddu,Software Engineer,London,8009800998,,,Naukri.com
88995,Major,Uday,Bhan,uday.bhan@mailinator.com136,7864823665136,7894923645,13/04/1990,M,Single,PAN167694136,No,Behind Yaga Baba Hostel Baner,426194,KANPUR,India,579700,1340000,Mumbai,579000,2,1,30,12/06/2004,13/07/2006,Full Time,Uttar Pradesh State Board,Saraswati Vidya Mandir Kanpur,NA,92,10th,14/02/2007,25/03/2010,Full Time,Uttar Pradesh State Board,Radha Niketan College Kanpur,Electronics & Telecommunication,93,12th,14/03/2010,18/09/2014,Full Time,NITA,Motilal Nehru National Institute of Technology Allahabad,Electronics & Telecommunication,81,BE,20/07/2015,22/01/2018,Full Time,NITIE,NITIE Mumbai,Mining Engineering,87,ME,0,29/03/2017,19/09/2018,Full Time,Junior Technical Consultant,TCS,Manufacturing,AGRA,India,,,,,,,,,English,Good,Good,Good,Hindi,Good,Good,Good,Marathi,Good,Good,Good,Guddu,Software Engineer,London,8009800998,,,Naukri.com
88995,Major,Uday,Bhan,uday.bhan@mailinator.com137,7864823665137,7894923645,13/04/1990,M,Single,PAN167694137,No,Behind Yaga Baba Hostel Baner,426194,KANPUR,India,579700,1340000,Mumbai,579000,2,1,30,12/06/2004,13/07/2006,Full Time,Uttar Pradesh State Board,Saraswati Vidya Mandir Kanpur,NA,92,10th,14/02/2007,25/03/2010,Full Time,Uttar Pradesh State Board,Radha Niketan College Kanpur,Electronics & Telecommunication,93,12th,14/03/2010,18/09/2014,Full Time,NITA,Motilal Nehru National Institute of Technology Allahabad,Electronics & Telecommunication,81,BE,20/07/2015,22/01/2018,Full Time,NITIE,NITIE Mumbai,Mining Engineering,87,ME,0,29/03/2017,19/09/2018,Full Time,Junior Technical Consultant,TCS,Manufacturing,AGRA,India,,,,,,,,,English,Good,Good,Good,Hindi,Good,Good,Good,Marathi,Good,Good,Good,Guddu,Software Engineer,London,8009800998,,,Naukri.com
88995,Major,Uday,Bhan,uday.bhan@mailinator.com138,7864823665138,7894923645,13/04/1990,M,Single,PAN167694138,No,Behind Yaga Baba Hostel Baner,426194,KANPUR,India,579700,1340000,Mumbai,579000,2,1,30,12/06/2004,13/07/2006,Full Time,Uttar Pradesh State Board,Saraswati Vidya Mandir Kanpur,NA,92,10th,14/02/2007,25/03/2010,Full Time,Uttar Pradesh State Board,Radha Niketan College Kanpur,Electronics & Telecommunication,93,12th,14/03/2010,18/09/2014,Full Time,NITA,Motilal Nehru National Institute of Technology Allahabad,Electronics & Telecommunication,81,BE,20/07/2015,22/01/2018,Full Time,NITIE,NITIE Mumbai,Mining Engineering,87,ME,0,29/03/2017,19/09/2018,Full Time,Junior Technical Consultant,TCS,Manufacturing,AGRA,India,,,,,,,,,English,Good,Good,Good,Hindi,Good,Good,Good,Marathi,Good,Good,Good,Guddu,Software Engineer,London,8009800998,,,Naukri.com
88995,Major,Uday,Bhan,uday.bhan@mailinator.com139,7864823665139,7894923645,13/04/1990,M,Single,PAN167694139,No,Behind Yaga Baba Hostel Baner,426194,KANPUR,India,579700,1340000,Mumbai,579000,2,1,30,12/06/2004,13/07/2006,Full Time,Uttar Pradesh State Board,Saraswati Vidya Mandir Kanpur,NA,92,10th,14/02/2007,25/03/2010,Full Time,Uttar Pradesh State Board,Radha Niketan College Kanpur,Electronics & Telecommunication,93,12th,14/03/2010,18/09/2014,Full Time,NITA,Motilal Nehru National Institute of Technology Allahabad,Electronics & Telecommunication,81,BE,20/07/2015,22/01/2018,Full Time,NITIE,NITIE Mumbai,Mining Engineering,87,ME,0,29/03/2017,19/09/2018,Full Time,Junior Technical Consultant,TCS,Manufacturing,AGRA,India,,,,,,,,,English,Good,Good,Good,Hindi,Good,Good,Good,Marathi,Good,Good,Good,Guddu,Software Engineer,London,8009800998,,,Naukri.com
88995,Major,Uday,Bhan,uday.bhan@mailinator.com140,7864823665140,7894923645,13/04/1990,M,Single,PAN167694140,No,Behind Yaga Baba Hostel Baner,426194,KANPUR,India,579700,1340000,Mumbai,579000,2,1,30,12/06/2004,13/07/2006,Full Time,Uttar Pradesh State Board,Saraswati Vidya Mandir Kanpur,NA,92,10th,14/02/2007,25/03/2010,Full Time,Uttar Pradesh State Board,Radha Niketan College Kanpur,Electronics & Telecommunication,93,12th,14/03/2010,18/09/2014,Full Time,NITA,Motilal Nehru National Institute of Technology Allahabad,Electronics & Telecommunication,81,BE,20/07/2015,22/01/2018,Full Time,NITIE,NITIE Mumbai,Mining Engineering,87,ME,0,29/03/2017,19/09/2018,Full Time,Junior Technical Consultant,TCS,Manufacturing,AGRA,India,,,,,,,,,English,Good,Good,Good,Hindi,Good,Good,Good,Marathi,Good,Good,Good,Guddu,Software Engineer,London,8009800998,,,Naukri.com
88995,Major,Uday,Bhan,uday.bhan@mailinator.com141,7864823665141,7894923645,13/04/1990,M,Single,PAN167694141,No,Behind Yaga Baba Hostel Baner,426194,KANPUR,India,579700,1340000,Mumbai,579000,2,1,30,12/06/2004,13/07/2006,Full Time,Uttar Pradesh State Board,Saraswati Vidya Mandir Kanpur,NA,92,10th,14/02/2007,25/03/2010,Full Time,Uttar Pradesh State Board,Radha Niketan College Kanpur,Electronics & Telecommunication,93,12th,14/03/2010,18/09/2014,Full Time,NITA,Motilal Nehru National Institute of Technology Allahabad,Electronics & Telecommunication,81,BE,20/07/2015,22/01/2018,Full Time,NITIE,NITIE Mumbai,Mining Engineering,87,ME,0,29/03/2017,19/09/2018,Full Time,Junior Technical Consultant,TCS,Manufacturing,AGRA,India,,,,,,,,,English,Good,Good,Good,Hindi,Good,Good,Good,Marathi,Good,Good,Good,Guddu,Software Engineer,London,8009800998,,,Naukri.com
88995,Major,Uday,Bhan,uday.bhan@mailinator.com142,7864823665142,7894923645,13/04/1990,M,Single,PAN167694142,No,Behind Yaga Baba Hostel Baner,426194,KANPUR,India,579700,1340000,Mumbai,579000,2,1,30,12/06/2004,13/07/2006,Full Time,Uttar Pradesh State Board,Saraswati Vidya Mandir Kanpur,NA,92,10th,14/02/2007,25/03/2010,Full Time,Uttar Pradesh State Board,Radha Niketan College Kanpur,Electronics & Telecommunication,93,12th,14/03/2010,18/09/2014,Full Time,NITA,Motilal Nehru National Institute of Technology Allahabad,Electronics & Telecommunication,81,BE,20/07/2015,22/01/2018,Full Time,NITIE,NITIE Mumbai,Mining Engineering,87,ME,0,29/03/2017,19/09/2018,Full Time,Junior Technical Consultant,TCS,Manufacturing,AGRA,India,,,,,,,,,English,Good,Good,Good,Hindi,Good,Good,Good,Marathi,Good,Good,Good,Guddu,Software Engineer,London,8009800998,,,Naukri.com
88995,Major,Uday,Bhan,uday.bhan@mailinator.com143,7864823665143,7894923645,13/04/1990,M,Single,PAN167694143,No,Behind Yaga Baba Hostel Baner,426194,KANPUR,India,579700,1340000,Mumbai,579000,2,1,30,12/06/2004,13/07/2006,Full Time,Uttar Pradesh State Board,Saraswati Vidya Mandir Kanpur,NA,92,10th,14/02/2007,25/03/2010,Full Time,Uttar Pradesh State Board,Radha Niketan College Kanpur,Electronics & Telecommunication,93,12th,14/03/2010,18/09/2014,Full Time,NITA,Motilal Nehru National Institute of Technology Allahabad,Electronics & Telecommunication,81,BE,20/07/2015,22/01/2018,Full Time,NITIE,NITIE Mumbai,Mining Engineering,87,ME,0,29/03/2017,19/09/2018,Full Time,Junior Technical Consultant,TCS,Manufacturing,AGRA,India,,,,,,,,,English,Good,Good,Good,Hindi,Good,Good,Good,Marathi,Good,Good,Good,Guddu,Software Engineer,London,8009800998,,,Naukri.com
88995,Major,Uday,Bhan,uday.bhan@mailinator.com144,7864823665144,7894923645,13/04/1990,M,Single,PAN167694144,No,Behind Yaga Baba Hostel Baner,426194,KANPUR,India,579700,1340000,Mumbai,579000,2,1,30,12/06/2004,13/07/2006,Full Time,Uttar Pradesh State Board,Saraswati Vidya Mandir Kanpur,NA,92,10th,14/02/2007,25/03/2010,Full Time,Uttar Pradesh State Board,Radha Niketan College Kanpur,Electronics & Telecommunication,93,12th,14/03/2010,18/09/2014,Full Time,NITA,Motilal Nehru National Institute of Technology Allahabad,Electronics & Telecommunication,81,BE,20/07/2015,22/01/2018,Full Time,NITIE,NITIE Mumbai,Mining Engineering,87,ME,0,29/03/2017,19/09/2018,Full Time,Junior Technical Consultant,TCS,Manufacturing,AGRA,India,,,,,,,,,English,Good,Good,Good,Hindi,Good,Good,Good,Marathi,Good,Good,Good,Guddu,Software Engineer,London,8009800998,,,Naukri.com
88995,Major,Uday,Bhan,uday.bhan@mailinator.com145,7864823665145,7894923645,13/04/1990,M,Single,PAN167694145,No,Behind Yaga Baba Hostel Baner,426194,KANPUR,India,579700,1340000,Mumbai,579000,2,1,30,12/06/2004,13/07/2006,Full Time,Uttar Pradesh State Board,Saraswati Vidya Mandir Kanpur,NA,92,10th,14/02/2007,25/03/2010,Full Time,Uttar Pradesh State Board,Radha Niketan College Kanpur,Electronics & Telecommunication,93,12th,14/03/2010,18/09/2014,Full Time,NITA,Motilal Nehru National Institute of Technology Allahabad,Electronics & Telecommunication,81,BE,20/07/2015,22/01/2018,Full Time,NITIE,NITIE Mumbai,Mining Engineering,87,ME,0,29/03/2017,19/09/2018,Full Time,Junior Technical Consultant,TCS,Manufacturing,AGRA,India,,,,,,,,,English,Good,Good,Good,Hindi,Good,Good,Good,Marathi,Good,Good,Good,Guddu,Software Engineer,London,8009800998,,,Naukri.com
88995,Major,Uday,Bhan,uday.bhan@mailinator.com146,7864823665146,7894923645,13/04/1990,M,Single,PAN167694146,No,Behind Yaga Baba Hostel Baner,426194,KANPUR,India,579700,1340000,Mumbai,579000,2,1,30,12/06/2004,13/07/2006,Full Time,Uttar Pradesh State Board,Saraswati Vidya Mandir Kanpur,NA,92,10th,14/02/2007,25/03/2010,Full Time,Uttar Pradesh State Board,Radha Niketan College Kanpur,Electronics & Telecommunication,93,12th,14/03/2010,18/09/2014,Full Time,NITA,Motilal Nehru National Institute of Technology Allahabad,Electronics & Telecommunication,81,BE,20/07/2015,22/01/2018,Full Time,NITIE,NITIE Mumbai,Mining Engineering,87,ME,0,29/03/2017,19/09/2018,Full Time,Junior Technical Consultant,TCS,Manufacturing,AGRA,India,,,,,,,,,English,Good,Good,Good,Hindi,Good,Good,Good,Marathi,Good,Good,Good,Guddu,Software Engineer,London,8009800998,,,Naukri.com
88995,Major,Uday,Bhan,uday.bhan@mailinator.com147,7864823665147,7894923645,13/04/1990,M,Single,PAN167694147,No,Behind Yaga Baba Hostel Baner,426194,KANPUR,India,579700,1340000,Mumbai,579000,2,1,30,12/06/2004,13/07/2006,Full Time,Uttar Pradesh State Board,Saraswati Vidya Mandir Kanpur,NA,92,10th,14/02/2007,25/03/2010,Full Time,Uttar Pradesh State Board,Radha Niketan College Kanpur,Electronics & Telecommunication,93,12th,14/03/2010,18/09/2014,Full Time,NITA,Motilal Nehru National Institute of Technology Allahabad,Electronics & Telecommunication,81,BE,20/07/2015,22/01/2018,Full Time,NITIE,NITIE Mumbai,Mining Engineering,87,ME,0,29/03/2017,19/09/2018,Full Time,Junior Technical Consultant,TCS,Manufacturing,AGRA,India,,,,,,,,,English,Good,Good,Good,Hindi,Good,Good,Good,Marathi,Good,Good,Good,Guddu,Software Engineer,London,8009800998,,,Naukri.com
88995,Major,Uday,Bhan,uday.bhan@mailinator.com148,7864823665148,7894923645,13/04/1990,M,Single,PAN167694148,No,Behind Yaga Baba Hostel Baner,426194,KANPUR,India,579700,1340000,Mumbai,579000,2,1,30,12/06/2004,13/07/2006,Full Time,Uttar Pradesh State Board,Saraswati Vidya Mandir Kanpur,NA,92,10th,14/02/2007,25/03/2010,Full Time,Uttar Pradesh State Board,Radha Niketan College Kanpur,Electronics & Telecommunication,93,12th,14/03/2010,18/09/2014,Full Time,NITA,Motilal Nehru National Institute of Technology Allahabad,Electronics & Telecommunication,81,BE,20/07/2015,22/01/2018,Full Time,NITIE,NITIE Mumbai,Mining Engineering,87,ME,0,29/03/2017,19/09/2018,Full Time,Junior Technical Consultant,TCS,Manufacturing,AGRA,India,,,,,,,,,English,Good,Good,Good,Hindi,Good,Good,Good,Marathi,Good,Good,Good,Guddu,Software Engineer,London,8009800998,,,Naukri.com
88995,Major,Uday,Bhan,uday.bhan@mailinator.com149,7864823665149,7894923645,13/04/1990,M,Single,PAN167694149,No,Behind Yaga Baba Hostel Baner,426194,KANPUR,India,579700,1340000,Mumbai,579000,2,1,30,12/06/2004,13/07/2006,Full Time,Uttar Pradesh State Board,Saraswati Vidya Mandir Kanpur,NA,92,10th,14/02/2007,25/03/2010,Full Time,Uttar Pradesh State Board,Radha Niketan College Kanpur,Electronics & Telecommunication,93,12th,14/03/2010,18/09/2014,Full Time,NITA,Motilal Nehru National Institute of Technology Allahabad,Electronics & Telecommunication,81,BE,20/07/2015,22/01/2018,Full Time,NITIE,NITIE Mumbai,Mining Engineering,87,ME,0,29/03/2017,19/09/2018,Full Time,Junior Technical Consultant,TCS,Manufacturing,AGRA,India,,,,,,,,,English,Good,Good,Good,Hindi,Good,Good,Good,Marathi,Good,Good,Good,Guddu,Software Engineer,London,8009800998,,,Naukri.com
88995,Major,Uday,Bhan,uday.bhan@mailinator.com150,7864823665150,7894923645,13/04/1990,M,Single,PAN167694150,No,Behind Yaga Baba Hostel Baner,426194,KANPUR,India,579700,1340000,Mumbai,579000,2,1,30,12/06/2004,13/07/2006,Full Time,Uttar Pradesh State Board,Saraswati Vidya Mandir Kanpur,NA,92,10th,14/02/2007,25/03/2010,Full Time,Uttar Pradesh State Board,Radha Niketan College Kanpur,Electronics & Telecommunication,93,12th,14/03/2010,18/09/2014,Full Time,NITA,Motilal Nehru National Institute of Technology Allahabad,Electronics & Telecommunication,81,BE,20/07/2015,22/01/2018,Full Time,NITIE,NITIE Mumbai,Mining Engineering,87,ME,0,29/03/2017,19/09/2018,Full Time,Junior Technical Consultant,TCS,Manufacturing,AGRA,India,,,,,,,,,English,Good,Good,Good,Hindi,Good,Good,Good,Marathi,Good,Good,Good,Guddu,Software Engineer,London,8009800998,,,Naukri.com
88995,Major,Uday,Bhan,uday.bhan@mailinator.com151,7864823665151,7894923645,13/04/1990,M,Single,PAN167694151,No,Behind Yaga Baba Hostel Baner,426194,KANPUR,India,579700,1340000,Mumbai,579000,2,1,30,12/06/2004,13/07/2006,Full Time,Uttar Pradesh State Board,Saraswati Vidya Mandir Kanpur,NA,92,10th,14/02/2007,25/03/2010,Full Time,Uttar Pradesh State Board,Radha Niketan College Kanpur,Electronics & Telecommunication,93,12th,14/03/2010,18/09/2014,Full Time,NITA,Motilal Nehru National Institute of Technology Allahabad,Electronics & Telecommunication,81,BE,20/07/2015,22/01/2018,Full Time,NITIE,NITIE Mumbai,Mining Engineering,87,ME,0,29/03/2017,19/09/2018,Full Time,Junior Technical Consultant,TCS,Manufacturing,AGRA,India,,,,,,,,,English,Good,Good,Good,Hindi,Good,Good,Good,Marathi,Good,Good,Good,Guddu,Software Engineer,London,8009800998,,,Naukri.com
88995,Major,Uday,Bhan,uday.bhan@mailinator.com152,7864823665152,7894923645,13/04/1990,M,Single,PAN167694152,No,Behind Yaga Baba Hostel Baner,426194,KANPUR,India,579700,1340000,Mumbai,579000,2,1,30,12/06/2004,13/07/2006,Full Time,Uttar Pradesh State Board,Saraswati Vidya Mandir Kanpur,NA,92,10th,14/02/2007,25/03/2010,Full Time,Uttar Pradesh State Board,Radha Niketan College Kanpur,Electronics & Telecommunication,93,12th,14/03/2010,18/09/2014,Full Time,NITA,Motilal Nehru National Institute of Technology Allahabad,Electronics & Telecommunication,81,BE,20/07/2015,22/01/2018,Full Time,NITIE,NITIE Mumbai,Mining Engineering,87,ME,0,29/03/2017,19/09/2018,Full Time,Junior Technical Consultant,TCS,Manufacturing,AGRA,India,,,,,,,,,English,Good,Good,Good,Hindi,Good,Good,Good,Marathi,Good,Good,Good,Guddu,Software Engineer,London,8009800998,,,Naukri.com
88995,Major,Uday,Bhan,uday.bhan@mailinator.com153,7864823665153,7894923645,13/04/1990,M,Single,PAN167694153,No,Behind Yaga Baba Hostel Baner,426194,KANPUR,India,579700,1340000,Mumbai,579000,2,1,30,12/06/2004,13/07/2006,Full Time,Uttar Pradesh State Board,Saraswati Vidya Mandir Kanpur,NA,92,10th,14/02/2007,25/03/2010,Full Time,Uttar Pradesh State Board,Radha Niketan College Kanpur,Electronics & Telecommunication,93,12th,14/03/2010,18/09/2014,Full Time,NITA,Motilal Nehru National Institute of Technology Allahabad,Electronics & Telecommunication,81,BE,20/07/2015,22/01/2018,Full Time,NITIE,NITIE Mumbai,Mining Engineering,87,ME,0,29/03/2017,19/09/2018,Full Time,Junior Technical Consultant,TCS,Manufacturing,AGRA,India,,,,,,,,,English,Good,Good,Good,Hindi,Good,Good,Good,Marathi,Good,Good,Good,Guddu,Software Engineer,London,8009800998,,,Naukri.com
88995,Major,Uday,Bhan,uday.bhan@mailinator.com154,7864823665154,7894923645,13/04/1990,M,Single,PAN167694154,No,Behind Yaga Baba Hostel Baner,426194,KANPUR,India,579700,1340000,Mumbai,579000,2,1,30,12/06/2004,13/07/2006,Full Time,Uttar Pradesh State Board,Saraswati Vidya Mandir Kanpur,NA,92,10th,14/02/2007,25/03/2010,Full Time,Uttar Pradesh State Board,Radha Niketan College Kanpur,Electronics & Telecommunication,93,12th,14/03/2010,18/09/2014,Full Time,NITA,Motilal Nehru National Institute of Technology Allahabad,Electronics & Telecommunication,81,BE,20/07/2015,22/01/2018,Full Time,NITIE,NITIE Mumbai,Mining Engineering,87,ME,0,29/03/2017,19/09/2018,Full Time,Junior Technical Consultant,TCS,Manufacturing,AGRA,India,,,,,,,,,English,Good,Good,Good,Hindi,Good,Good,Good,Marathi,Good,Good,Good,Guddu,Software Engineer,London,8009800998,,,Naukri.com
88995,Major,Uday,Bhan,uday.bhan@mailinator.com155,7864823665155,7894923645,13/04/1990,M,Single,PAN167694155,No,Behind Yaga Baba Hostel Baner,426194,KANPUR,India,579700,1340000,Mumbai,579000,2,1,30,12/06/2004,13/07/2006,Full Time,Uttar Pradesh State Board,Saraswati Vidya Mandir Kanpur,NA,92,10th,14/02/2007,25/03/2010,Full Time,Uttar Pradesh State Board,Radha Niketan College Kanpur,Electronics & Telecommunication,93,12th,14/03/2010,18/09/2014,Full Time,NITA,Motilal Nehru National Institute of Technology Allahabad,Electronics & Telecommunication,81,BE,20/07/2015,22/01/2018,Full Time,NITIE,NITIE Mumbai,Mining Engineering,87,ME,0,29/03/2017,19/09/2018,Full Time,Junior Technical Consultant,TCS,Manufacturing,AGRA,India,,,,,,,,,English,Good,Good,Good,Hindi,Good,Good,Good,Marathi,Good,Good,Good,Guddu,Software Engineer,London,8009800998,,,Naukri.com
88995,Major,Uday,Bhan,uday.bhan@mailinator.com156,7864823665156,7894923645,13/04/1990,M,Single,PAN167694156,No,Behind Yaga Baba Hostel Baner,426194,KANPUR,India,579700,1340000,Mumbai,579000,2,1,30,12/06/2004,13/07/2006,Full Time,Uttar Pradesh State Board,Saraswati Vidya Mandir Kanpur,NA,92,10th,14/02/2007,25/03/2010,Full Time,Uttar Pradesh State Board,Radha Niketan College Kanpur,Electronics & Telecommunication,93,12th,14/03/2010,18/09/2014,Full Time,NITA,Motilal Nehru National Institute of Technology Allahabad,Electronics & Telecommunication,81,BE,20/07/2015,22/01/2018,Full Time,NITIE,NITIE Mumbai,Mining Engineering,87,ME,0,29/03/2017,19/09/2018,Full Time,Junior Technical Consultant,TCS,Manufacturing,AGRA,India,,,,,,,,,English,Good,Good,Good,Hindi,Good,Good,Good,Marathi,Good,Good,Good,Guddu,Software Engineer,London,8009800998,,,Naukri.com
88995,Major,Uday,Bhan,uday.bhan@mailinator.com157,7864823665157,7894923645,13/04/1990,M,Single,PAN167694157,No,Behind Yaga Baba Hostel Baner,426194,KANPUR,India,579700,1340000,Mumbai,579000,2,1,30,12/06/2004,13/07/2006,Full Time,Uttar Pradesh State Board,Saraswati Vidya Mandir Kanpur,NA,92,10th,14/02/2007,25/03/2010,Full Time,Uttar Pradesh State Board,Radha Niketan College Kanpur,Electronics & Telecommunication,93,12th,14/03/2010,18/09/2014,Full Time,NITA,Motilal Nehru National Institute of Technology Allahabad,Electronics & Telecommunication,81,BE,20/07/2015,22/01/2018,Full Time,NITIE,NITIE Mumbai,Mining Engineering,87,ME,0,29/03/2017,19/09/2018,Full Time,Junior Technical Consultant,TCS,Manufacturing,AGRA,India,,,,,,,,,English,Good,Good,Good,Hindi,Good,Good,Good,Marathi,Good,Good,Good,Guddu,Software Engineer,London,8009800998,,,Naukri.com
88995,Major,Uday,Bhan,uday.bhan@mailinator.com158,7864823665158,7894923645,13/04/1990,M,Single,PAN167694158,No,Behind Yaga Baba Hostel Baner,426194,KANPUR,India,579700,1340000,Mumbai,579000,2,1,30,12/06/2004,13/07/2006,Full Time,Uttar Pradesh State Board,Saraswati Vidya Mandir Kanpur,NA,92,10th,14/02/2007,25/03/2010,Full Time,Uttar Pradesh State Board,Radha Niketan College Kanpur,Electronics & Telecommunication,93,12th,14/03/2010,18/09/2014,Full Time,NITA,Motilal Nehru National Institute of Technology Allahabad,Electronics & Telecommunication,81,BE,20/07/2015,22/01/2018,Full Time,NITIE,NITIE Mumbai,Mining Engineering,87,ME,0,29/03/2017,19/09/2018,Full Time,Junior Technical Consultant,TCS,Manufacturing,AGRA,India,,,,,,,,,English,Good,Good,Good,Hindi,Good,Good,Good,Marathi,Good,Good,Good,Guddu,Software Engineer,London,8009800998,,,Naukri.com
88995,Major,Uday,Bhan,uday.bhan@mailinator.com159,7864823665159,7894923645,13/04/1990,M,Single,PAN167694159,No,Behind Yaga Baba Hostel Baner,426194,KANPUR,India,579700,1340000,Mumbai,579000,2,1,30,12/06/2004,13/07/2006,Full Time,Uttar Pradesh State Board,Saraswati Vidya Mandir Kanpur,NA,92,10th,14/02/2007,25/03/2010,Full Time,Uttar Pradesh State Board,Radha Niketan College Kanpur,Electronics & Telecommunication,93,12th,14/03/2010,18/09/2014,Full Time,NITA,Motilal Nehru National Institute of Technology Allahabad,Electronics & Telecommunication,81,BE,20/07/2015,22/01/2018,Full Time,NITIE,NITIE Mumbai,Mining Engineering,87,ME,0,29/03/2017,19/09/2018,Full Time,Junior Technical Consultant,TCS,Manufacturing,AGRA,India,,,,,,,,,English,Good,Good,Good,Hindi,Good,Good,Good,Marathi,Good,Good,Good,Guddu,Software Engineer,London,8009800998,,,Naukri.com
88995,Major,Uday,Bhan,uday.bhan@mailinator.com160,7864823665160,7894923645,13/04/1990,M,Single,PAN167694160,No,Behind Yaga Baba Hostel Baner,426194,KANPUR,India,579700,1340000,Mumbai,579000,2,1,30,12/06/2004,13/07/2006,Full Time,Uttar Pradesh State Board,Saraswati Vidya Mandir Kanpur,NA,92,10th,14/02/2007,25/03/2010,Full Time,Uttar Pradesh State Board,Radha Niketan College Kanpur,Electronics & Telecommunication,93,12th,14/03/2010,18/09/2014,Full Time,NITA,Motilal Nehru National Institute of Technology Allahabad,Electronics & Telecommunication,81,BE,20/07/2015,22/01/2018,Full Time,NITIE,NITIE Mumbai,Mining Engineering,87,ME,0,29/03/2017,19/09/2018,Full Time,Junior Technical Consultant,TCS,Manufacturing,AGRA,India,,,,,,,,,English,Good,Good,Good,Hindi,Good,Good,Good,Marathi,Good,Good,Good,Guddu,Software Engineer,London,8009800998,,,Naukri.com
88995,Major,Uday,Bhan,uday.bhan@mailinator.com161,7864823665161,7894923645,13/04/1990,M,Single,PAN167694161,No,Behind Yaga Baba Hostel Baner,426194,KANPUR,India,579700,1340000,Mumbai,579000,2,1,30,12/06/2004,13/07/2006,Full Time,Uttar Pradesh State Board,Saraswati Vidya Mandir Kanpur,NA,92,10th,14/02/2007,25/03/2010,Full Time,Uttar Pradesh State Board,Radha Niketan College Kanpur,Electronics & Telecommunication,93,12th,14/03/2010,18/09/2014,Full Time,NITA,Motilal Nehru National Institute of Technology Allahabad,Electronics & Telecommunication,81,BE,20/07/2015,22/01/2018,Full Time,NITIE,NITIE Mumbai,Mining Engineering,87,ME,0,29/03/2017,19/09/2018,Full Time,Junior Technical Consultant,TCS,Manufacturing,AGRA,India,,,,,,,,,English,Good,Good,Good,Hindi,Good,Good,Good,Marathi,Good,Good,Good,Guddu,Software Engineer,London,8009800998,,,Naukri.com
88995,Major,Uday,Bhan,uday.bhan@mailinator.com162,7864823665162,7894923645,13/04/1990,M,Single,PAN167694162,No,Behind Yaga Baba Hostel Baner,426194,KANPUR,India,579700,1340000,Mumbai,579000,2,1,30,12/06/2004,13/07/2006,Full Time,Uttar Pradesh State Board,Saraswati Vidya Mandir Kanpur,NA,92,10th,14/02/2007,25/03/2010,Full Time,Uttar Pradesh State Board,Radha Niketan College Kanpur,Electronics & Telecommunication,93,12th,14/03/2010,18/09/2014,Full Time,NITA,Motilal Nehru National Institute of Technology Allahabad,Electronics & Telecommunication,81,BE,20/07/2015,22/01/2018,Full Time,NITIE,NITIE Mumbai,Mining Engineering,87,ME,0,29/03/2017,19/09/2018,Full Time,Junior Technical Consultant,TCS,Manufacturing,AGRA,India,,,,,,,,,English,Good,Good,Good,Hindi,Good,Good,Good,Marathi,Good,Good,Good,Guddu,Software Engineer,London,8009800998,,,Naukri.com
88995,Major,Uday,Bhan,uday.bhan@mailinator.com163,7864823665163,7894923645,13/04/1990,M,Single,PAN167694163,No,Behind Yaga Baba Hostel Baner,426194,KANPUR,India,579700,1340000,Mumbai,579000,2,1,30,12/06/2004,13/07/2006,Full Time,Uttar Pradesh State Board,Saraswati Vidya Mandir Kanpur,NA,92,10th,14/02/2007,25/03/2010,Full Time,Uttar Pradesh State Board,Radha Niketan College Kanpur,Electronics & Telecommunication,93,12th,14/03/2010,18/09/2014,Full Time,NITA,Motilal Nehru National Institute of Technology Allahabad,Electronics & Telecommunication,81,BE,20/07/2015,22/01/2018,Full Time,NITIE,NITIE Mumbai,Mining Engineering,87,ME,0,29/03/2017,19/09/2018,Full Time,Junior Technical Consultant,TCS,Manufacturing,AGRA,India,,,,,,,,,English,Good,Good,Good,Hindi,Good,Good,Good,Marathi,Good,Good,Good,Guddu,Software Engineer,London,8009800998,,,Naukri.com
88995,Major,Uday,Bhan,uday.bhan@mailinator.com164,7864823665164,7894923645,13/04/1990,M,Single,PAN167694164,No,Behind Yaga Baba Hostel Baner,426194,KANPUR,India,579700,1340000,Mumbai,579000,2,1,30,12/06/2004,13/07/2006,Full Time,Uttar Pradesh State Board,Saraswati Vidya Mandir Kanpur,NA,92,10th,14/02/2007,25/03/2010,Full Time,Uttar Pradesh State Board,Radha Niketan College Kanpur,Electronics & Telecommunication,93,12th,14/03/2010,18/09/2014,Full Time,NITA,Motilal Nehru National Institute of Technology Allahabad,Electronics & Telecommunication,81,BE,20/07/2015,22/01/2018,Full Time,NITIE,NITIE Mumbai,Mining Engineering,87,ME,0,29/03/2017,19/09/2018,Full Time,Junior Technical Consultant,TCS,Manufacturing,AGRA,India,,,,,,,,,English,Good,Good,Good,Hindi,Good,Good,Good,Marathi,Good,Good,Good,Guddu,Software Engineer,London,8009800998,,,Naukri.com
88995,Major,Uday,Bhan,uday.bhan@mailinator.com165,7864823665165,7894923645,13/04/1990,M,Single,PAN167694165,No,Behind Yaga Baba Hostel Baner,426194,KANPUR,India,579700,1340000,Mumbai,579000,2,1,30,12/06/2004,13/07/2006,Full Time,Uttar Pradesh State Board,Saraswati Vidya Mandir Kanpur,NA,92,10th,14/02/2007,25/03/2010,Full Time,Uttar Pradesh State Board,Radha Niketan College Kanpur,Electronics & Telecommunication,93,12th,14/03/2010,18/09/2014,Full Time,NITA,Motilal Nehru National Institute of Technology Allahabad,Electronics & Telecommunication,81,BE,20/07/2015,22/01/2018,Full Time,NITIE,NITIE Mumbai,Mining Engineering,87,ME,0,29/03/2017,19/09/2018,Full Time,Junior Technical Consultant,TCS,Manufacturing,AGRA,India,,,,,,,,,English,Good,Good,Good,Hindi,Good,Good,Good,Marathi,Good,Good,Good,Guddu,Software Engineer,London,8009800998,,,Naukri.com
88995,Major,Uday,Bhan,uday.bhan@mailinator.com166,7864823665166,7894923645,13/04/1990,M,Single,PAN167694166,No,Behind Yaga Baba Hostel Baner,426194,KANPUR,India,579700,1340000,Mumbai,579000,2,1,30,12/06/2004,13/07/2006,Full Time,Uttar Pradesh State Board,Saraswati Vidya Mandir Kanpur,NA,92,10th,14/02/2007,25/03/2010,Full Time,Uttar Pradesh State Board,Radha Niketan College Kanpur,Electronics & Telecommunication,93,12th,14/03/2010,18/09/2014,Full Time,NITA,Motilal Nehru National Institute of Technology Allahabad,Electronics & Telecommunication,81,BE,20/07/2015,22/01/2018,Full Time,NITIE,NITIE Mumbai,Mining Engineering,87,ME,0,29/03/2017,19/09/2018,Full Time,Junior Technical Consultant,TCS,Manufacturing,AGRA,India,,,,,,,,,English,Good,Good,Good,Hindi,Good,Good,Good,Marathi,Good,Good,Good,Guddu,Software Engineer,London,8009800998,,,Naukri.com
88995,Major,Uday,Bhan,uday.bhan@mailinator.com167,7864823665167,7894923645,13/04/1990,M,Single,PAN167694167,No,Behind Yaga Baba Hostel Baner,426194,KANPUR,India,579700,1340000,Mumbai,579000,2,1,30,12/06/2004,13/07/2006,Full Time,Uttar Pradesh State Board,Saraswati Vidya Mandir Kanpur,NA,92,10th,14/02/2007,25/03/2010,Full Time,Uttar Pradesh State Board,Radha Niketan College Kanpur,Electronics & Telecommunication,93,12th,14/03/2010,18/09/2014,Full Time,NITA,Motilal Nehru National Institute of Technology Allahabad,Electronics & Telecommunication,81,BE,20/07/2015,22/01/2018,Full Time,NITIE,NITIE Mumbai,Mining Engineering,87,ME,0,29/03/2017,19/09/2018,Full Time,Junior Technical Consultant,TCS,Manufacturing,AGRA,India,,,,,,,,,English,Good,Good,Good,Hindi,Good,Good,Good,Marathi,Good,Good,Good,Guddu,Software Engineer,London,8009800998,,,Naukri.com
88995,Major,Uday,Bhan,uday.bhan@mailinator.com168,7864823665168,7894923645,13/04/1990,M,Single,PAN167694168,No,Behind Yaga Baba Hostel Baner,426194,KANPUR,India,579700,1340000,Mumbai,579000,2,1,30,12/06/2004,13/07/2006,Full Time,Uttar Pradesh State Board,Saraswati Vidya Mandir Kanpur,NA,92,10th,14/02/2007,25/03/2010,Full Time,Uttar Pradesh State Board,Radha Niketan College Kanpur,Electronics & Telecommunication,93,12th,14/03/2010,18/09/2014,Full Time,NITA,Motilal Nehru National Institute of Technology Allahabad,Electronics & Telecommunication,81,BE,20/07/2015,22/01/2018,Full Time,NITIE,NITIE Mumbai,Mining Engineering,87,ME,0,29/03/2017,19/09/2018,Full Time,Junior Technical Consultant,TCS,Manufacturing,AGRA,India,,,,,,,,,English,Good,Good,Good,Hindi,Good,Good,Good,Marathi,Good,Good,Good,Guddu,Software Engineer,London,8009800998,,,Naukri.com
88995,Major,Uday,Bhan,uday.bhan@mailinator.com169,7864823665169,7894923645,13/04/1990,M,Single,PAN167694169,No,Behind Yaga Baba Hostel Baner,426194,KANPUR,India,579700,1340000,Mumbai,579000,2,1,30,12/06/2004,13/07/2006,Full Time,Uttar Pradesh State Board,Saraswati Vidya Mandir Kanpur,NA,92,10th,14/02/2007,25/03/2010,Full Time,Uttar Pradesh State Board,Radha Niketan College Kanpur,Electronics & Telecommunication,93,12th,14/03/2010,18/09/2014,Full Time,NITA,Motilal Nehru National Institute of Technology Allahabad,Electronics & Telecommunication,81,BE,20/07/2015,22/01/2018,Full Time,NITIE,NITIE Mumbai,Mining Engineering,87,ME,0,29/03/2017,19/09/2018,Full Time,Junior Technical Consultant,TCS,Manufacturing,AGRA,India,,,,,,,,,English,Good,Good,Good,Hindi,Good,Good,Good,Marathi,Good,Good,Good,Guddu,Software Engineer,London,8009800998,,,Naukri.com
88995,Major,Uday,Bhan,uday.bhan@mailinator.com170,7864823665170,7894923645,13/04/1990,M,Single,PAN167694170,No,Behind Yaga Baba Hostel Baner,426194,KANPUR,India,579700,1340000,Mumbai,579000,2,1,30,12/06/2004,13/07/2006,Full Time,Uttar Pradesh State Board,Saraswati Vidya Mandir Kanpur,NA,92,10th,14/02/2007,25/03/2010,Full Time,Uttar Pradesh State Board,Radha Niketan College Kanpur,Electronics & Telecommunication,93,12th,14/03/2010,18/09/2014,Full Time,NITA,Motilal Nehru National Institute of Technology Allahabad,Electronics & Telecommunication,81,BE,20/07/2015,22/01/2018,Full Time,NITIE,NITIE Mumbai,Mining Engineering,87,ME,0,29/03/2017,19/09/2018,Full Time,Junior Technical Consultant,TCS,Manufacturing,AGRA,India,,,,,,,,,English,Good,Good,Good,Hindi,Good,Good,Good,Marathi,Good,Good,Good,Guddu,Software Engineer,London,8009800998,,,Naukri.com
88995,Major,Uday,Bhan,uday.bhan@mailinator.com171,7864823665171,7894923645,13/04/1990,M,Single,PAN167694171,No,Behind Yaga Baba Hostel Baner,426194,KANPUR,India,579700,1340000,Mumbai,579000,2,1,30,12/06/2004,13/07/2006,Full Time,Uttar Pradesh State Board,Saraswati Vidya Mandir Kanpur,NA,92,10th,14/02/2007,25/03/2010,Full Time,Uttar Pradesh State Board,Radha Niketan College Kanpur,Electronics & Telecommunication,93,12th,14/03/2010,18/09/2014,Full Time,NITA,Motilal Nehru National Institute of Technology Allahabad,Electronics & Telecommunication,81,BE,20/07/2015,22/01/2018,Full Time,NITIE,NITIE Mumbai,Mining Engineering,87,ME,0,29/03/2017,19/09/2018,Full Time,Junior Technical Consultant,TCS,Manufacturing,AGRA,India,,,,,,,,,English,Good,Good,Good,Hindi,Good,Good,Good,Marathi,Good,Good,Good,Guddu,Software Engineer,London,8009800998,,,Naukri.com
88995,Major,Uday,Bhan,uday.bhan@mailinator.com172,7864823665172,7894923645,13/04/1990,M,Single,PAN167694172,No,Behind Yaga Baba Hostel Baner,426194,KANPUR,India,579700,1340000,Mumbai,579000,2,1,30,12/06/2004,13/07/2006,Full Time,Uttar Pradesh State Board,Saraswati Vidya Mandir Kanpur,NA,92,10th,14/02/2007,25/03/2010,Full Time,Uttar Pradesh State Board,Radha Niketan College Kanpur,Electronics & Telecommunication,93,12th,14/03/2010,18/09/2014,Full Time,NITA,Motilal Nehru National Institute of Technology Allahabad,Electronics & Telecommunication,81,BE,20/07/2015,22/01/2018,Full Time,NITIE,NITIE Mumbai,Mining Engineering,87,ME,0,29/03/2017,19/09/2018,Full Time,Junior Technical Consultant,TCS,Manufacturing,AGRA,India,,,,,,,,,English,Good,Good,Good,Hindi,Good,Good,Good,Marathi,Good,Good,Good,Guddu,Software Engineer,London,8009800998,,,Naukri.com
88995,Major,Uday,Bhan,uday.bhan@mailinator.com173,7864823665173,7894923645,13/04/1990,M,Single,PAN167694173,No,Behind Yaga Baba Hostel Baner,426194,KANPUR,India,579700,1340000,Mumbai,579000,2,1,30,12/06/2004,13/07/2006,Full Time,Uttar Pradesh State Board,Saraswati Vidya Mandir Kanpur,NA,92,10th,14/02/2007,25/03/2010,Full Time,Uttar Pradesh State Board,Radha Niketan College Kanpur,Electronics & Telecommunication,93,12th,14/03/2010,18/09/2014,Full Time,NITA,Motilal Nehru National Institute of Technology Allahabad,Electronics & Telecommunication,81,BE,20/07/2015,22/01/2018,Full Time,NITIE,NITIE Mumbai,Mining Engineering,87,ME,0,29/03/2017,19/09/2018,Full Time,Junior Technical Consultant,TCS,Manufacturing,AGRA,India,,,,,,,,,English,Good,Good,Good,Hindi,Good,Good,Good,Marathi,Good,Good,Good,Guddu,Software Engineer,London,8009800998,,,Naukri.com
88995,Major,Uday,Bhan,uday.bhan@mailinator.com174,7864823665174,7894923645,13/04/1990,M,Single,PAN167694174,No,Behind Yaga Baba Hostel Baner,426194,KANPUR,India,579700,1340000,Mumbai,579000,2,1,30,12/06/2004,13/07/2006,Full Time,Uttar Pradesh State Board,Saraswati Vidya Mandir Kanpur,NA,92,10th,14/02/2007,25/03/2010,Full Time,Uttar Pradesh State Board,Radha Niketan College Kanpur,Electronics & Telecommunication,93,12th,14/03/2010,18/09/2014,Full Time,NITA,Motilal Nehru National Institute of Technology Allahabad,Electronics & Telecommunication,81,BE,20/07/2015,22/01/2018,Full Time,NITIE,NITIE Mumbai,Mining Engineering,87,ME,0,29/03/2017,19/09/2018,Full Time,Junior Technical Consultant,TCS,Manufacturing,AGRA,India,,,,,,,,,English,Good,Good,Good,Hindi,Good,Good,Good,Marathi,Good,Good,Good,Guddu,Software Engineer,London,8009800998,,,Naukri.com
88995,Major,Uday,Bhan,uday.bhan@mailinator.com175,7864823665175,7894923645,13/04/1990,M,Single,PAN167694175,No,Behind Yaga Baba Hostel Baner,426194,KANPUR,India,579700,1340000,Mumbai,579000,2,1,30,12/06/2004,13/07/2006,Full Time,Uttar Pradesh State Board,Saraswati Vidya Mandir Kanpur,NA,92,10th,14/02/2007,25/03/2010,Full Time,Uttar Pradesh State Board,Radha Niketan College Kanpur,Electronics & Telecommunication,93,12th,14/03/2010,18/09/2014,Full Time,NITA,Motilal Nehru National Institute of Technology Allahabad,Electronics & Telecommunication,81,BE,20/07/2015,22/01/2018,Full Time,NITIE,NITIE Mumbai,Mining Engineering,87,ME,0,29/03/2017,19/09/2018,Full Time,Junior Technical Consultant,TCS,Manufacturing,AGRA,India,,,,,,,,,English,Good,Good,Good,Hindi,Good,Good,Good,Marathi,Good,Good,Good,Guddu,Software Engineer,London,8009800998,,,Naukri.com
88995,Major,Uday,Bhan,uday.bhan@mailinator.com176,7864823665176,7894923645,13/04/1990,M,Single,PAN167694176,No,Behind Yaga Baba Hostel Baner,426194,KANPUR,India,579700,1340000,Mumbai,579000,2,1,30,12/06/2004,13/07/2006,Full Time,Uttar Pradesh State Board,Saraswati Vidya Mandir Kanpur,NA,92,10th,14/02/2007,25/03/2010,Full Time,Uttar Pradesh State Board,Radha Niketan College Kanpur,Electronics & Telecommunication,93,12th,14/03/2010,18/09/2014,Full Time,NITA,Motilal Nehru National Institute of Technology Allahabad,Electronics & Telecommunication,81,BE,20/07/2015,22/01/2018,Full Time,NITIE,NITIE Mumbai,Mining Engineering,87,ME,0,29/03/2017,19/09/2018,Full Time,Junior Technical Consultant,TCS,Manufacturing,AGRA,India,,,,,,,,,English,Good,Good,Good,Hindi,Good,Good,Good,Marathi,Good,Good,Good,Guddu,Software Engineer,London,8009800998,,,Naukri.com
88995,Major,Uday,Bhan,uday.bhan@mailinator.com177,7864823665177,7894923645,13/04/1990,M,Single,PAN167694177,No,Behind Yaga Baba Hostel Baner,426194,KANPUR,India,579700,1340000,Mumbai,579000,2,1,30,12/06/2004,13/07/2006,Full Time,Uttar Pradesh State Board,Saraswati Vidya Mandir Kanpur,NA,92,10th,14/02/2007,25/03/2010,Full Time,Uttar Pradesh State Board,Radha Niketan College Kanpur,Electronics & Telecommunication,93,12th,14/03/2010,18/09/2014,Full Time,NITA,Motilal Nehru National Institute of Technology Allahabad,Electronics & Telecommunication,81,BE,20/07/2015,22/01/2018,Full Time,NITIE,NITIE Mumbai,Mining Engineering,87,ME,0,29/03/2017,19/09/2018,Full Time,Junior Technical Consultant,TCS,Manufacturing,AGRA,India,,,,,,,,,English,Good,Good,Good,Hindi,Good,Good,Good,Marathi,Good,Good,Good,Guddu,Software Engineer,London,8009800998,,,Naukri.com
88995,Major,Uday,Bhan,uday.bhan@mailinator.com178,7864823665178,7894923645,13/04/1990,M,Single,PAN167694178,No,Behind Yaga Baba Hostel Baner,426194,KANPUR,India,579700,1340000,Mumbai,579000,2,1,30,12/06/2004,13/07/2006,Full Time,Uttar Pradesh State Board,Saraswati Vidya Mandir Kanpur,NA,92,10th,14/02/2007,25/03/2010,Full Time,Uttar Pradesh State Board,Radha Niketan College Kanpur,Electronics & Telecommunication,93,12th,14/03/2010,18/09/2014,Full Time,NITA,Motilal Nehru National Institute of Technology Allahabad,Electronics & Telecommunication,81,BE,20/07/2015,22/01/2018,Full Time,NITIE,NITIE Mumbai,Mining Engineering,87,ME,0,29/03/2017,19/09/2018,Full Time,Junior Technical Consultant,TCS,Manufacturing,AGRA,India,,,,,,,,,English,Good,Good,Good,Hindi,Good,Good,Good,Marathi,Good,Good,Good,Guddu,Software Engineer,London,8009800998,,,Naukri.com
88995,Major,Uday,Bhan,uday.bhan@mailinator.com179,7864823665179,7894923645,13/04/1990,M,Single,PAN167694179,No,Behind Yaga Baba Hostel Baner,426194,KANPUR,India,579700,1340000,Mumbai,579000,2,1,30,12/06/2004,13/07/2006,Full Time,Uttar Pradesh State Board,Saraswati Vidya Mandir Kanpur,NA,92,10th,14/02/2007,25/03/2010,Full Time,Uttar Pradesh State Board,Radha Niketan College Kanpur,Electronics & Telecommunication,93,12th,14/03/2010,18/09/2014,Full Time,NITA,Motilal Nehru National Institute of Technology Allahabad,Electronics & Telecommunication,81,BE,20/07/2015,22/01/2018,Full Time,NITIE,NITIE Mumbai,Mining Engineering,87,ME,0,29/03/2017,19/09/2018,Full Time,Junior Technical Consultant,TCS,Manufacturing,AGRA,India,,,,,,,,,English,Good,Good,Good,Hindi,Good,Good,Good,Marathi,Good,Good,Good,Guddu,Software Engineer,London,8009800998,,,Naukri.com
88995,Major,Uday,Bhan,uday.bhan@mailinator.com180,7864823665180,7894923645,13/04/1990,M,Single,PAN167694180,No,Behind Yaga Baba Hostel Baner,426194,KANPUR,India,579700,1340000,Mumbai,579000,2,1,30,12/06/2004,13/07/2006,Full Time,Uttar Pradesh State Board,Saraswati Vidya Mandir Kanpur,NA,92,10th,14/02/2007,25/03/2010,Full Time,Uttar Pradesh State Board,Radha Niketan College Kanpur,Electronics & Telecommunication,93,12th,14/03/2010,18/09/2014,Full Time,NITA,Motilal Nehru National Institute of Technology Allahabad,Electronics & Telecommunication,81,BE,20/07/2015,22/01/2018,Full Time,NITIE,NITIE Mumbai,Mining Engineering,87,ME,0,29/03/2017,19/09/2018,Full Time,Junior Technical Consultant,TCS,Manufacturing,AGRA,India,,,,,,,,,English,Good,Good,Good,Hindi,Good,Good,Good,Marathi,Good,Good,Good,Guddu,Software Engineer,London,8009800998,,,Naukri.com
88995,Major,Uday,Bhan,uday.bhan@mailinator.com181,7864823665181,7894923645,13/04/1990,M,Single,PAN167694181,No,Behind Yaga Baba Hostel Baner,426194,KANPUR,India,579700,1340000,Mumbai,579000,2,1,30,12/06/2004,13/07/2006,Full Time,Uttar Pradesh State Board,Saraswati Vidya Mandir Kanpur,NA,92,10th,14/02/2007,25/03/2010,Full Time,Uttar Pradesh State Board,Radha Niketan College Kanpur,Electronics & Telecommunication,93,12th,14/03/2010,18/09/2014,Full Time,NITA,Motilal Nehru National Institute of Technology Allahabad,Electronics & Telecommunication,81,BE,20/07/2015,22/01/2018,Full Time,NITIE,NITIE Mumbai,Mining Engineering,87,ME,0,29/03/2017,19/09/2018,Full Time,Junior Technical Consultant,TCS,Manufacturing,AGRA,India,,,,,,,,,English,Good,Good,Good,Hindi,Good,Good,Good,Marathi,Good,Good,Good,Guddu,Software Engineer,London,8009800998,,,Naukri.com
88995,Major,Uday,Bhan,uday.bhan@mailinator.com182,7864823665182,7894923645,13/04/1990,M,Single,PAN167694182,No,Behind Yaga Baba Hostel Baner,426194,KANPUR,India,579700,1340000,Mumbai,579000,2,1,30,12/06/2004,13/07/2006,Full Time,Uttar Pradesh State Board,Saraswati Vidya Mandir Kanpur,NA,92,10th,14/02/2007,25/03/2010,Full Time,Uttar Pradesh State Board,Radha Niketan College Kanpur,Electronics & Telecommunication,93,12th,14/03/2010,18/09/2014,Full Time,NITA,Motilal Nehru National Institute of Technology Allahabad,Electronics & Telecommunication,81,BE,20/07/2015,22/01/2018,Full Time,NITIE,NITIE Mumbai,Mining Engineering,87,ME,0,29/03/2017,19/09/2018,Full Time,Junior Technical Consultant,TCS,Manufacturing,AGRA,India,,,,,,,,,English,Good,Good,Good,Hindi,Good,Good,Good,Marathi,Good,Good,Good,Guddu,Software Engineer,London,8009800998,,,Naukri.com
88995,Major,Uday,Bhan,uday.bhan@mailinator.com183,7864823665183,7894923645,13/04/1990,M,Single,PAN167694183,No,Behind Yaga Baba Hostel Baner,426194,KANPUR,India,579700,1340000,Mumbai,579000,2,1,30,12/06/2004,13/07/2006,Full Time,Uttar Pradesh State Board,Saraswati Vidya Mandir Kanpur,NA,92,10th,14/02/2007,25/03/2010,Full Time,Uttar Pradesh State Board,Radha Niketan College Kanpur,Electronics & Telecommunication,93,12th,14/03/2010,18/09/2014,Full Time,NITA,Motilal Nehru National Institute of Technology Allahabad,Electronics & Telecommunication,81,BE,20/07/2015,22/01/2018,Full Time,NITIE,NITIE Mumbai,Mining Engineering,87,ME,0,29/03/2017,19/09/2018,Full Time,Junior Technical Consultant,TCS,Manufacturing,AGRA,India,,,,,,,,,English,Good,Good,Good,Hindi,Good,Good,Good,Marathi,Good,Good,Good,Guddu,Software Engineer,London,8009800998,,,Naukri.com
88995,Major,Uday,Bhan,uday.bhan@mailinator.com184,7864823665184,7894923645,13/04/1990,M,Single,PAN167694184,No,Behind Yaga Baba Hostel Baner,426194,KANPUR,India,579700,1340000,Mumbai,579000,2,1,30,12/06/2004,13/07/2006,Full Time,Uttar Pradesh State Board,Saraswati Vidya Mandir Kanpur,NA,92,10th,14/02/2007,25/03/2010,Full Time,Uttar Pradesh State Board,Radha Niketan College Kanpur,Electronics & Telecommunication,93,12th,14/03/2010,18/09/2014,Full Time,NITA,Motilal Nehru National Institute of Technology Allahabad,Electronics & Telecommunication,81,BE,20/07/2015,22/01/2018,Full Time,NITIE,NITIE Mumbai,Mining Engineering,87,ME,0,29/03/2017,19/09/2018,Full Time,Junior Technical Consultant,TCS,Manufacturing,AGRA,India,,,,,,,,,English,Good,Good,Good,Hindi,Good,Good,Good,Marathi,Good,Good,Good,Guddu,Software Engineer,London,8009800998,,,Naukri.com
88995,Major,Uday,Bhan,uday.bhan@mailinator.com185,7864823665185,7894923645,13/04/1990,M,Single,PAN167694185,No,Behind Yaga Baba Hostel Baner,426194,KANPUR,India,579700,1340000,Mumbai,579000,2,1,30,12/06/2004,13/07/2006,Full Time,Uttar Pradesh State Board,Saraswati Vidya Mandir Kanpur,NA,92,10th,14/02/2007,25/03/2010,Full Time,Uttar Pradesh State Board,Radha Niketan College Kanpur,Electronics & Telecommunication,93,12th,14/03/2010,18/09/2014,Full Time,NITA,Motilal Nehru National Institute of Technology Allahabad,Electronics & Telecommunication,81,BE,20/07/2015,22/01/2018,Full Time,NITIE,NITIE Mumbai,Mining Engineering,87,ME,0,29/03/2017,19/09/2018,Full Time,Junior Technical Consultant,TCS,Manufacturing,AGRA,India,,,,,,,,,English,Good,Good,Good,Hindi,Good,Good,Good,Marathi,Good,Good,Good,Guddu,Software Engineer,London,8009800998,,,Naukri.com
88995,Major,Uday,Bhan,uday.bhan@mailinator.com186,7864823665186,7894923645,13/04/1990,M,Single,PAN167694186,No,Behind Yaga Baba Hostel Baner,426194,KANPUR,India,579700,1340000,Mumbai,579000,2,1,30,12/06/2004,13/07/2006,Full Time,Uttar Pradesh State Board,Saraswati Vidya Mandir Kanpur,NA,92,10th,14/02/2007,25/03/2010,Full Time,Uttar Pradesh State Board,Radha Niketan College Kanpur,Electronics & Telecommunication,93,12th,14/03/2010,18/09/2014,Full Time,NITA,Motilal Nehru National Institute of Technology Allahabad,Electronics & Telecommunication,81,BE,20/07/2015,22/01/2018,Full Time,NITIE,NITIE Mumbai,Mining Engineering,87,ME,0,29/03/2017,19/09/2018,Full Time,Junior Technical Consultant,TCS,Manufacturing,AGRA,India,,,,,,,,,English,Good,Good,Good,Hindi,Good,Good,Good,Marathi,Good,Good,Good,Guddu,Software Engineer,London,8009800998,,,Naukri.com
88995,Major,Uday,Bhan,uday.bhan@mailinator.com187,7864823665187,7894923645,13/04/1990,M,Single,PAN167694187,No,Behind Yaga Baba Hostel Baner,426194,KANPUR,India,579700,1340000,Mumbai,579000,2,1,30,12/06/2004,13/07/2006,Full Time,Uttar Pradesh State Board,Saraswati Vidya Mandir Kanpur,NA,92,10th,14/02/2007,25/03/2010,Full Time,Uttar Pradesh State Board,Radha Niketan College Kanpur,Electronics & Telecommunication,93,12th,14/03/2010,18/09/2014,Full Time,NITA,Motilal Nehru National Institute of Technology Allahabad,Electronics & Telecommunication,81,BE,20/07/2015,22/01/2018,Full Time,NITIE,NITIE Mumbai,Mining Engineering,87,ME,0,29/03/2017,19/09/2018,Full Time,Junior Technical Consultant,TCS,Manufacturing,AGRA,India,,,,,,,,,English,Good,Good,Good,Hindi,Good,Good,Good,Marathi,Good,Good,Good,Guddu,Software Engineer,London,8009800998,,,Naukri.com
88995,Major,Uday,Bhan,uday.bhan@mailinator.com188,7864823665188,7894923645,13/04/1990,M,Single,PAN167694188,No,Behind Yaga Baba Hostel Baner,426194,KANPUR,India,579700,1340000,Mumbai,579000,2,1,30,12/06/2004,13/07/2006,Full Time,Uttar Pradesh State Board,Saraswati Vidya Mandir Kanpur,NA,92,10th,14/02/2007,25/03/2010,Full Time,Uttar Pradesh State Board,Radha Niketan College Kanpur,Electronics & Telecommunication,93,12th,14/03/2010,18/09/2014,Full Time,NITA,Motilal Nehru National Institute of Technology Allahabad,Electronics & Telecommunication,81,BE,20/07/2015,22/01/2018,Full Time,NITIE,NITIE Mumbai,Mining Engineering,87,ME,0,29/03/2017,19/09/2018,Full Time,Junior Technical Consultant,TCS,Manufacturing,AGRA,India,,,,,,,,,English,Good,Good,Good,Hindi,Good,Good,Good,Marathi,Good,Good,Good,Guddu,Software Engineer,London,8009800998,,,Naukri.com
88995,Major,Uday,Bhan,uday.bhan@mailinator.com189,7864823665189,7894923645,13/04/1990,M,Single,PAN167694189,No,Behind Yaga Baba Hostel Baner,426194,KANPUR,India,579700,1340000,Mumbai,579000,2,1,30,12/06/2004,13/07/2006,Full Time,Uttar Pradesh State Board,Saraswati Vidya Mandir Kanpur,NA,92,10th,14/02/2007,25/03/2010,Full Time,Uttar Pradesh State Board,Radha Niketan College Kanpur,Electronics & Telecommunication,93,12th,14/03/2010,18/09/2014,Full Time,NITA,Motilal Nehru National Institute of Technology Allahabad,Electronics & Telecommunication,81,BE,20/07/2015,22/01/2018,Full Time,NITIE,NITIE Mumbai,Mining Engineering,87,ME,0,29/03/2017,19/09/2018,Full Time,Junior Technical Consultant,TCS,Manufacturing,AGRA,India,,,,,,,,,English,Good,Good,Good,Hindi,Good,Good,Good,Marathi,Good,Good,Good,Guddu,Software Engineer,London,8009800998,,,Naukri.com
88995,Major,Uday,Bhan,uday.bhan@mailinator.com190,7864823665190,7894923645,13/04/1990,M,Single,PAN167694190,No,Behind Yaga Baba Hostel Baner,426194,KANPUR,India,579700,1340000,Mumbai,579000,2,1,30,12/06/2004,13/07/2006,Full Time,Uttar Pradesh State Board,Saraswati Vidya Mandir Kanpur,NA,92,10th,14/02/2007,25/03/2010,Full Time,Uttar Pradesh State Board,Radha Niketan College Kanpur,Electronics & Telecommunication,93,12th,14/03/2010,18/09/2014,Full Time,NITA,Motilal Nehru National Institute of Technology Allahabad,Electronics & Telecommunication,81,BE,20/07/2015,22/01/2018,Full Time,NITIE,NITIE Mumbai,Mining Engineering,87,ME,0,29/03/2017,19/09/2018,Full Time,Junior Technical Consultant,TCS,Manufacturing,AGRA,India,,,,,,,,,English,Good,Good,Good,Hindi,Good,Good,Good,Marathi,Good,Good,Good,Guddu,Software Engineer,London,8009800998,,,Naukri.com
88995,Major,Uday,Bhan,uday.bhan@mailinator.com191,7864823665191,7894923645,13/04/1990,M,Single,PAN167694191,No,Behind Yaga Baba Hostel Baner,426194,KANPUR,India,579700,1340000,Mumbai,579000,2,1,30,12/06/2004,13/07/2006,Full Time,Uttar Pradesh State Board,Saraswati Vidya Mandir Kanpur,NA,92,10th,14/02/2007,25/03/2010,Full Time,Uttar Pradesh State Board,Radha Niketan College Kanpur,Electronics & Telecommunication,93,12th,14/03/2010,18/09/2014,Full Time,NITA,Motilal Nehru National Institute of Technology Allahabad,Electronics & Telecommunication,81,BE,20/07/2015,22/01/2018,Full Time,NITIE,NITIE Mumbai,Mining Engineering,87,ME,0,29/03/2017,19/09/2018,Full Time,Junior Technical Consultant,TCS,Manufacturing,AGRA,India,,,,,,,,,English,Good,Good,Good,Hindi,Good,Good,Good,Marathi,Good,Good,Good,Guddu,Software Engineer,London,8009800998,,,Naukri.com
88995,Major,Uday,Bhan,uday.bhan@mailinator.com192,7864823665192,7894923645,13/04/1990,M,Single,PAN167694192,No,Behind Yaga Baba Hostel Baner,426194,KANPUR,India,579700,1340000,Mumbai,579000,2,1,30,12/06/2004,13/07/2006,Full Time,Uttar Pradesh State Board,Saraswati Vidya Mandir Kanpur,NA,92,10th,14/02/2007,25/03/2010,Full Time,Uttar Pradesh State Board,Radha Niketan College Kanpur,Electronics & Telecommunication,93,12th,14/03/2010,18/09/2014,Full Time,NITA,Motilal Nehru National Institute of Technology Allahabad,Electronics & Telecommunication,81,BE,20/07/2015,22/01/2018,Full Time,NITIE,NITIE Mumbai,Mining Engineering,87,ME,0,29/03/2017,19/09/2018,Full Time,Junior Technical Consultant,TCS,Manufacturing,AGRA,India,,,,,,,,,English,Good,Good,Good,Hindi,Good,Good,Good,Marathi,Good,Good,Good,Guddu,Software Engineer,London,8009800998,,,Naukri.com
88995,Major,Uday,Bhan,uday.bhan@mailinator.com193,7864823665193,7894923645,13/04/1990,M,Single,PAN167694193,No,Behind Yaga Baba Hostel Baner,426194,KANPUR,India,579700,1340000,Mumbai,579000,2,1,30,12/06/2004,13/07/2006,Full Time,Uttar Pradesh State Board,Saraswati Vidya Mandir Kanpur,NA,92,10th,14/02/2007,25/03/2010,Full Time,Uttar Pradesh State Board,Radha Niketan College Kanpur,Electronics & Telecommunication,93,12th,14/03/2010,18/09/2014,Full Time,NITA,Motilal Nehru National Institute of Technology Allahabad,Electronics & Telecommunication,81,BE,20/07/2015,22/01/2018,Full Time,NITIE,NITIE Mumbai,Mining Engineering,87,ME,0,29/03/2017,19/09/2018,Full Time,Junior Technical Consultant,TCS,Manufacturing,AGRA,India,,,,,,,,,English,Good,Good,Good,Hindi,Good,Good,Good,Marathi,Good,Good,Good,Guddu,Software Engineer,London,8009800998,,,Naukri.com
88995,Major,Uday,Bhan,uday.bhan@mailinator.com194,7864823665194,7894923645,13/04/1990,M,Single,PAN167694194,No,Behind Yaga Baba Hostel Baner,426194,KANPUR,India,579700,1340000,Mumbai,579000,2,1,30,12/06/2004,13/07/2006,Full Time,Uttar Pradesh State Board,Saraswati Vidya Mandir Kanpur,NA,92,10th,14/02/2007,25/03/2010,Full Time,Uttar Pradesh State Board,Radha Niketan College Kanpur,Electronics & Telecommunication,93,12th,14/03/2010,18/09/2014,Full Time,NITA,Motilal Nehru National Institute of Technology Allahabad,Electronics & Telecommunication,81,BE,20/07/2015,22/01/2018,Full Time,NITIE,NITIE Mumbai,Mining Engineering,87,ME,0,29/03/2017,19/09/2018,Full Time,Junior Technical Consultant,TCS,Manufacturing,AGRA,India,,,,,,,,,English,Good,Good,Good,Hindi,Good,Good,Good,Marathi,Good,Good,Good,Guddu,Software Engineer,London,8009800998,,,Naukri.com
88995,Major,Uday,Bhan,uday.bhan@mailinator.com195,7864823665195,7894923645,13/04/1990,M,Single,PAN167694195,No,Behind Yaga Baba Hostel Baner,426194,KANPUR,India,579700,1340000,Mumbai,579000,2,1,30,12/06/2004,13/07/2006,Full Time,Uttar Pradesh State Board,Saraswati Vidya Mandir Kanpur,NA,92,10th,14/02/2007,25/03/2010,Full Time,Uttar Pradesh State Board,Radha Niketan College Kanpur,Electronics & Telecommunication,93,12th,14/03/2010,18/09/2014,Full Time,NITA,Motilal Nehru National Institute of Technology Allahabad,Electronics & Telecommunication,81,BE,20/07/2015,22/01/2018,Full Time,NITIE,NITIE Mumbai,Mining Engineering,87,ME,0,29/03/2017,19/09/2018,Full Time,Junior Technical Consultant,TCS,Manufacturing,AGRA,India,,,,,,,,,English,Good,Good,Good,Hindi,Good,Good,Good,Marathi,Good,Good,Good,Guddu,Software Engineer,London,8009800998,,,Naukri.com
88995,Major,Uday,Bhan,uday.bhan@mailinator.com196,7864823665196,7894923645,13/04/1990,M,Single,PAN167694196,No,Behind Yaga Baba Hostel Baner,426194,KANPUR,India,579700,1340000,Mumbai,579000,2,1,30,12/06/2004,13/07/2006,Full Time,Uttar Pradesh State Board,Saraswati Vidya Mandir Kanpur,NA,92,10th,14/02/2007,25/03/2010,Full Time,Uttar Pradesh State Board,Radha Niketan College Kanpur,Electronics & Telecommunication,93,12th,14/03/2010,18/09/2014,Full Time,NITA,Motilal Nehru National Institute of Technology Allahabad,Electronics & Telecommunication,81,BE,20/07/2015,22/01/2018,Full Time,NITIE,NITIE Mumbai,Mining Engineering,87,ME,0,29/03/2017,19/09/2018,Full Time,Junior Technical Consultant,TCS,Manufacturing,AGRA,India,,,,,,,,,English,Good,Good,Good,Hindi,Good,Good,Good,Marathi,Good,Good,Good,Guddu,Software Engineer,London,8009800998,,,Naukri.com
88995,Major,Uday,Bhan,uday.bhan@mailinator.com197,7864823665197,7894923645,13/04/1990,M,Single,PAN167694197,No,Behind Yaga Baba Hostel Baner,426194,KANPUR,India,579700,1340000,Mumbai,579000,2,1,30,12/06/2004,13/07/2006,Full Time,Uttar Pradesh State Board,Saraswati Vidya Mandir Kanpur,NA,92,10th,14/02/2007,25/03/2010,Full Time,Uttar Pradesh State Board,Radha Niketan College Kanpur,Electronics & Telecommunication,93,12th,14/03/2010,18/09/2014,Full Time,NITA,Motilal Nehru National Institute of Technology Allahabad,Electronics & Telecommunication,81,BE,20/07/2015,22/01/2018,Full Time,NITIE,NITIE Mumbai,Mining Engineering,87,ME,0,29/03/2017,19/09/2018,Full Time,Junior Technical Consultant,TCS,Manufacturing,AGRA,India,,,,,,,,,English,Good,Good,Good,Hindi,Good,Good,Good,Marathi,Good,Good,Good,Guddu,Software Engineer,London,8009800998,,,Naukri.com
88995,Major,Uday,Bhan,uday.bhan@mailinator.com198,7864823665198,7894923645,13/04/1990,M,Single,PAN167694198,No,Behind Yaga Baba Hostel Baner,426194,KANPUR,India,579700,1340000,Mumbai,579000,2,1,30,12/06/2004,13/07/2006,Full Time,Uttar Pradesh State Board,Saraswati Vidya Mandir Kanpur,NA,92,10th,14/02/2007,25/03/2010,Full Time,Uttar Pradesh State Board,Radha Niketan College Kanpur,Electronics & Telecommunication,93,12th,14/03/2010,18/09/2014,Full Time,NITA,Motilal Nehru National Institute of Technology Allahabad,Electronics & Telecommunication,81,BE,20/07/2015,22/01/2018,Full Time,NITIE,NITIE Mumbai,Mining Engineering,87,ME,0,29/03/2017,19/09/2018,Full Time,Junior Technical Consultant,TCS,Manufacturing,AGRA,India,,,,,,,,,English,Good,Good,Good,Hindi,Good,Good,Good,Marathi,Good,Good,Good,Guddu,Software Engineer,London,8009800998,,,Naukri.com
88995,Major,Uday,Bhan,uday.bhan@mailinator.com199,7864823665199,7894923645,13/04/1990,M,Single,PAN167694199,No,Behind Yaga Baba Hostel Baner,426194,KANPUR,India,579700,1340000,Mumbai,579000,2,1,30,12/06/2004,13/07/2006,Full Time,Uttar Pradesh State Board,Saraswati Vidya Mandir Kanpur,NA,92,10th,14/02/2007,25/03/2010,Full Time,Uttar Pradesh State Board,Radha Niketan College Kanpur,Electronics & Telecommunication,93,12th,14/03/2010,18/09/2014,Full Time,NITA,Motilal Nehru National Institute of Technology Allahabad,Electronics & Telecommunication,81,BE,20/07/2015,22/01/2018,Full Time,NITIE,NITIE Mumbai,Mining Engineering,87,ME,0,29/03/2017,19/09/2018,Full Time,Junior Technical Consultant,TCS,Manufacturing,AGRA,India,,,,,,,,,English,Good,Good,Good,Hindi,Good,Good,Good,Marathi,Good,Good,Good,Guddu,Software Engineer,London,8009800998,,,Naukri.com
88995,Major,Uday,Bhan,uday.bhan@mailinator.com200,7864823665200,7894923645,13/04/1990,M,Single,PAN167694200,No,Behind Yaga Baba Hostel Baner,426194,KANPUR,India,579700,1340000,Mumbai,579000,2,1,30,12/06/2004,13/07/2006,Full Time,Uttar Pradesh State Board,Saraswati Vidya Mandir Kanpur,NA,92,10th,14/02/2007,25/03/2010,Full Time,Uttar Pradesh State Board,Radha Niketan College Kanpur,Electronics & Telecommunication,93,12th,14/03/2010,18/09/2014,Full Time,NITA,Motilal Nehru National Institute of Technology Allahabad,Electronics & Telecommunication,81,BE,20/07/2015,22/01/2018,Full Time,NITIE,NITIE Mumbai,Mining Engineering,87,ME,0,29/03/2017,19/09/2018,Full Time,Junior Technical Consultant,TCS,Manufacturing,AGRA,India,,,,,,,,,English,Good,Good,Good,Hindi,Good,Good,Good,Marathi,Good,Good,Good,Guddu,Software Engineer,London,8009800998,,,Naukri.com
88995,Major,Uday,Bhan,uday.bhan@mailinator.com201,7864823665201,7894923645,13/04/1990,M,Single,PAN167694201,No,Behind Yaga Baba Hostel Baner,426194,KANPUR,India,579700,1340000,Mumbai,579000,2,1,30,12/06/2004,13/07/2006,Full Time,Uttar Pradesh State Board,Saraswati Vidya Mandir Kanpur,NA,92,10th,14/02/2007,25/03/2010,Full Time,Uttar Pradesh State Board,Radha Niketan College Kanpur,Electronics & Telecommunication,93,12th,14/03/2010,18/09/2014,Full Time,NITA,Motilal Nehru National Institute of Technology Allahabad,Electronics & Telecommunication,81,BE,20/07/2015,22/01/2018,Full Time,NITIE,NITIE Mumbai,Mining Engineering,87,ME,0,29/03/2017,19/09/2018,Full Time,Junior Technical Consultant,TCS,Manufacturing,AGRA,India,,,,,,,,,English,Good,Good,Good,Hindi,Good,Good,Good,Marathi,Good,Good,Good,Guddu,Software Engineer,London,8009800998,,,Naukri.com
88995,Major,Uday,Bhan,uday.bhan@mailinator.com202,7864823665202,7894923645,13/04/1990,M,Single,PAN167694202,No,Behind Yaga Baba Hostel Baner,426194,KANPUR,India,579700,1340000,Mumbai,579000,2,1,30,12/06/2004,13/07/2006,Full Time,Uttar Pradesh State Board,Saraswati Vidya Mandir Kanpur,NA,92,10th,14/02/2007,25/03/2010,Full Time,Uttar Pradesh State Board,Radha Niketan College Kanpur,Electronics & Telecommunication,93,12th,14/03/2010,18/09/2014,Full Time,NITA,Motilal Nehru National Institute of Technology Allahabad,Electronics & Telecommunication,81,BE,20/07/2015,22/01/2018,Full Time,NITIE,NITIE Mumbai,Mining Engineering,87,ME,0,29/03/2017,19/09/2018,Full Time,Junior Technical Consultant,TCS,Manufacturing,AGRA,India,,,,,,,,,English,Good,Good,Good,Hindi,Good,Good,Good,Marathi,Good,Good,Good,Guddu,Software Engineer,London,8009800998,,,Naukri.com
88995,Major,Uday,Bhan,uday.bhan@mailinator.com203,7864823665203,7894923645,13/04/1990,M,Single,PAN167694203,No,Behind Yaga Baba Hostel Baner,426194,KANPUR,India,579700,1340000,Mumbai,579000,2,1,30,12/06/2004,13/07/2006,Full Time,Uttar Pradesh State Board,Saraswati Vidya Mandir Kanpur,NA,92,10th,14/02/2007,25/03/2010,Full Time,Uttar Pradesh State Board,Radha Niketan College Kanpur,Electronics & Telecommunication,93,12th,14/03/2010,18/09/2014,Full Time,NITA,Motilal Nehru National Institute of Technology Allahabad,Electronics & Telecommunication,81,BE,20/07/2015,22/01/2018,Full Time,NITIE,NITIE Mumbai,Mining Engineering,87,ME,0,29/03/2017,19/09/2018,Full Time,Junior Technical Consultant,TCS,Manufacturing,AGRA,India,,,,,,,,,English,Good,Good,Good,Hindi,Good,Good,Good,Marathi,Good,Good,Good,Guddu,Software Engineer,London,8009800998,,,Naukri.com
88995,Major,Uday,Bhan,uday.bhan@mailinator.com204,7864823665204,7894923645,13/04/1990,M,Single,PAN167694204,No,Behind Yaga Baba Hostel Baner,426194,KANPUR,India,579700,1340000,Mumbai,579000,2,1,30,12/06/2004,13/07/2006,Full Time,Uttar Pradesh State Board,Saraswati Vidya Mandir Kanpur,NA,92,10th,14/02/2007,25/03/2010,Full Time,Uttar Pradesh State Board,Radha Niketan College Kanpur,Electronics & Telecommunication,93,12th,14/03/2010,18/09/2014,Full Time,NITA,Motilal Nehru National Institute of Technology Allahabad,Electronics & Telecommunication,81,BE,20/07/2015,22/01/2018,Full Time,NITIE,NITIE Mumbai,Mining Engineering,87,ME,0,29/03/2017,19/09/2018,Full Time,Junior Technical Consultant,TCS,Manufacturing,AGRA,India,,,,,,,,,English,Good,Good,Good,Hindi,Good,Good,Good,Marathi,Good,Good,Good,Guddu,Software Engineer,London,8009800998,,,Naukri.com
88995,Major,Uday,Bhan,uday.bhan@mailinator.com205,7864823665205,7894923645,13/04/1990,M,Single,PAN167694205,No,Behind Yaga Baba Hostel Baner,426194,KANPUR,India,579700,1340000,Mumbai,579000,2,1,30,12/06/2004,13/07/2006,Full Time,Uttar Pradesh State Board,Saraswati Vidya Mandir Kanpur,NA,92,10th,14/02/2007,25/03/2010,Full Time,Uttar Pradesh State Board,Radha Niketan College Kanpur,Electronics & Telecommunication,93,12th,14/03/2010,18/09/2014,Full Time,NITA,Motilal Nehru National Institute of Technology Allahabad,Electronics & Telecommunication,81,BE,20/07/2015,22/01/2018,Full Time,NITIE,NITIE Mumbai,Mining Engineering,87,ME,0,29/03/2017,19/09/2018,Full Time,Junior Technical Consultant,TCS,Manufacturing,AGRA,India,,,,,,,,,English,Good,Good,Good,Hindi,Good,Good,Good,Marathi,Good,Good,Good,Guddu,Software Engineer,London,8009800998,,,Naukri.com
88995,Major,Uday,Bhan,uday.bhan@mailinator.com206,7864823665206,7894923645,13/04/1990,M,Single,PAN167694206,No,Behind Yaga Baba Hostel Baner,426194,KANPUR,India,579700,1340000,Mumbai,579000,2,1,30,12/06/2004,13/07/2006,Full Time,Uttar Pradesh State Board,Saraswati Vidya Mandir Kanpur,NA,92,10th,14/02/2007,25/03/2010,Full Time,Uttar Pradesh State Board,Radha Niketan College Kanpur,Electronics & Telecommunication,93,12th,14/03/2010,18/09/2014,Full Time,NITA,Motilal Nehru National Institute of Technology Allahabad,Electronics & Telecommunication,81,BE,20/07/2015,22/01/2018,Full Time,NITIE,NITIE Mumbai,Mining Engineering,87,ME,0,29/03/2017,19/09/2018,Full Time,Junior Technical Consultant,TCS,Manufacturing,AGRA,India,,,,,,,,,English,Good,Good,Good,Hindi,Good,Good,Good,Marathi,Good,Good,Good,Guddu,Software Engineer,London,8009800998,,,Naukri.com
88995,Major,Uday,Bhan,uday.bhan@mailinator.com207,7864823665207,7894923645,13/04/1990,M,Single,PAN167694207,No,Behind Yaga Baba Hostel Baner,426194,KANPUR,India,579700,1340000,Mumbai,579000,2,1,30,12/06/2004,13/07/2006,Full Time,Uttar Pradesh State Board,Saraswati Vidya Mandir Kanpur,NA,92,10th,14/02/2007,25/03/2010,Full Time,Uttar Pradesh State Board,Radha Niketan College Kanpur,Electronics & Telecommunication,93,12th,14/03/2010,18/09/2014,Full Time,NITA,Motilal Nehru National Institute of Technology Allahabad,Electronics & Telecommunication,81,BE,20/07/2015,22/01/2018,Full Time,NITIE,NITIE Mumbai,Mining Engineering,87,ME,0,29/03/2017,19/09/2018,Full Time,Junior Technical Consultant,TCS,Manufacturing,AGRA,India,,,,,,,,,English,Good,Good,Good,Hindi,Good,Good,Good,Marathi,Good,Good,Good,Guddu,Software Engineer,London,8009800998,,,Naukri.com
88995,Major,Uday,Bhan,uday.bhan@mailinator.com208,7864823665208,7894923645,13/04/1990,M,Single,PAN167694208,No,Behind Yaga Baba Hostel Baner,426194,KANPUR,India,579700,1340000,Mumbai,579000,2,1,30,12/06/2004,13/07/2006,Full Time,Uttar Pradesh State Board,Saraswati Vidya Mandir Kanpur,NA,92,10th,14/02/2007,25/03/2010,Full Time,Uttar Pradesh State Board,Radha Niketan College Kanpur,Electronics & Telecommunication,93,12th,14/03/2010,18/09/2014,Full Time,NITA,Motilal Nehru National Institute of Technology Allahabad,Electronics & Telecommunication,81,BE,20/07/2015,22/01/2018,Full Time,NITIE,NITIE Mumbai,Mining Engineering,87,ME,0,29/03/2017,19/09/2018,Full Time,Junior Technical Consultant,TCS,Manufacturing,AGRA,India,,,,,,,,,English,Good,Good,Good,Hindi,Good,Good,Good,Marathi,Good,Good,Good,Guddu,Software Engineer,London,8009800998,,,Naukri.com
88995,Major,Uday,Bhan,uday.bhan@mailinator.com209,7864823665209,7894923645,13/04/1990,M,Single,PAN167694209,No,Behind Yaga Baba Hostel Baner,426194,KANPUR,India,579700,1340000,Mumbai,579000,2,1,30,12/06/2004,13/07/2006,Full Time,Uttar Pradesh State Board,Saraswati Vidya Mandir Kanpur,NA,92,10th,14/02/2007,25/03/2010,Full Time,Uttar Pradesh State Board,Radha Niketan College Kanpur,Electronics & Telecommunication,93,12th,14/03/2010,18/09/2014,Full Time,NITA,Motilal Nehru National Institute of Technology Allahabad,Electronics & Telecommunication,81,BE,20/07/2015,22/01/2018,Full Time,NITIE,NITIE Mumbai,Mining Engineering,87,ME,0,29/03/2017,19/09/2018,Full Time,Junior Technical Consultant,TCS,Manufacturing,AGRA,India,,,,,,,,,English,Good,Good,Good,Hindi,Good,Good,Good,Marathi,Good,Good,Good,Guddu,Software Engineer,London,8009800998,,,Naukri.com
88995,Major,Uday,Bhan,uday.bhan@mailinator.com210,7864823665210,7894923645,13/04/1990,M,Single,PAN167694210,No,Behind Yaga Baba Hostel Baner,426194,KANPUR,India,579700,1340000,Mumbai,579000,2,1,30,12/06/2004,13/07/2006,Full Time,Uttar Pradesh State Board,Saraswati Vidya Mandir Kanpur,NA,92,10th,14/02/2007,25/03/2010,Full Time,Uttar Pradesh State Board,Radha Niketan College Kanpur,Electronics & Telecommunication,93,12th,14/03/2010,18/09/2014,Full Time,NITA,Motilal Nehru National Institute of Technology Allahabad,Electronics & Telecommunication,81,BE,20/07/2015,22/01/2018,Full Time,NITIE,NITIE Mumbai,Mining Engineering,87,ME,0,29/03/2017,19/09/2018,Full Time,Junior Technical Consultant,TCS,Manufacturing,AGRA,India,,,,,,,,,English,Good,Good,Good,Hindi,Good,Good,Good,Marathi,Good,Good,Good,Guddu,Software Engineer,London,8009800998,,,Naukri.com
88995,Major,Uday,Bhan,uday.bhan@mailinator.com211,7864823665211,7894923645,13/04/1990,M,Single,PAN167694211,No,Behind Yaga Baba Hostel Baner,426194,KANPUR,India,579700,1340000,Mumbai,579000,2,1,30,12/06/2004,13/07/2006,Full Time,Uttar Pradesh State Board,Saraswati Vidya Mandir Kanpur,NA,92,10th,14/02/2007,25/03/2010,Full Time,Uttar Pradesh State Board,Radha Niketan College Kanpur,Electronics & Telecommunication,93,12th,14/03/2010,18/09/2014,Full Time,NITA,Motilal Nehru National Institute of Technology Allahabad,Electronics & Telecommunication,81,BE,20/07/2015,22/01/2018,Full Time,NITIE,NITIE Mumbai,Mining Engineering,87,ME,0,29/03/2017,19/09/2018,Full Time,Junior Technical Consultant,TCS,Manufacturing,AGRA,India,,,,,,,,,English,Good,Good,Good,Hindi,Good,Good,Good,Marathi,Good,Good,Good,Guddu,Software Engineer,London,8009800998,,,Naukri.com
88995,Major,Uday,Bhan,uday.bhan@mailinator.com212,7864823665212,7894923645,13/04/1990,M,Single,PAN167694212,No,Behind Yaga Baba Hostel Baner,426194,KANPUR,India,579700,1340000,Mumbai,579000,2,1,30,12/06/2004,13/07/2006,Full Time,Uttar Pradesh State Board,Saraswati Vidya Mandir Kanpur,NA,92,10th,14/02/2007,25/03/2010,Full Time,Uttar Pradesh State Board,Radha Niketan College Kanpur,Electronics & Telecommunication,93,12th,14/03/2010,18/09/2014,Full Time,NITA,Motilal Nehru National Institute of Technology Allahabad,Electronics & Telecommunication,81,BE,20/07/2015,22/01/2018,Full Time,NITIE,NITIE Mumbai,Mining Engineering,87,ME,0,29/03/2017,19/09/2018,Full Time,Junior Technical Consultant,TCS,Manufacturing,AGRA,India,,,,,,,,,English,Good,Good,Good,Hindi,Good,Good,Good,Marathi,Good,Good,Good,Guddu,Software Engineer,London,8009800998,,,Naukri.com
88995,Major,Uday,Bhan,uday.bhan@mailinator.com213,7864823665213,7894923645,13/04/1990,M,Single,PAN167694213,No,Behind Yaga Baba Hostel Baner,426194,KANPUR,India,579700,1340000,Mumbai,579000,2,1,30,12/06/2004,13/07/2006,Full Time,Uttar Pradesh State Board,Saraswati Vidya Mandir Kanpur,NA,92,10th,14/02/2007,25/03/2010,Full Time,Uttar Pradesh State Board,Radha Niketan College Kanpur,Electronics & Telecommunication,93,12th,14/03/2010,18/09/2014,Full Time,NITA,Motilal Nehru National Institute of Technology Allahabad,Electronics & Telecommunication,81,BE,20/07/2015,22/01/2018,Full Time,NITIE,NITIE Mumbai,Mining Engineering,87,ME,0,29/03/2017,19/09/2018,Full Time,Junior Technical Consultant,TCS,Manufacturing,AGRA,India,,,,,,,,,English,Good,Good,Good,Hindi,Good,Good,Good,Marathi,Good,Good,Good,Guddu,Software Engineer,London,8009800998,,,Naukri.com
88995,Major,Uday,Bhan,uday.bhan@mailinator.com214,7864823665214,7894923645,13/04/1990,M,Single,PAN167694214,No,Behind Yaga Baba Hostel Baner,426194,KANPUR,India,579700,1340000,Mumbai,579000,2,1,30,12/06/2004,13/07/2006,Full Time,Uttar Pradesh State Board,Saraswati Vidya Mandir Kanpur,NA,92,10th,14/02/2007,25/03/2010,Full Time,Uttar Pradesh State Board,Radha Niketan College Kanpur,Electronics & Telecommunication,93,12th,14/03/2010,18/09/2014,Full Time,NITA,Motilal Nehru National Institute of Technology Allahabad,Electronics & Telecommunication,81,BE,20/07/2015,22/01/2018,Full Time,NITIE,NITIE Mumbai,Mining Engineering,87,ME,0,29/03/2017,19/09/2018,Full Time,Junior Technical Consultant,TCS,Manufacturing,AGRA,India,,,,,,,,,English,Good,Good,Good,Hindi,Good,Good,Good,Marathi,Good,Good,Good,Guddu,Software Engineer,London,8009800998,,,Naukri.com
88995,Major,Uday,Bhan,uday.bhan@mailinator.com215,7864823665215,7894923645,13/04/1990,M,Single,PAN167694215,No,Behind Yaga Baba Hostel Baner,426194,KANPUR,India,579700,1340000,Mumbai,579000,2,1,30,12/06/2004,13/07/2006,Full Time,Uttar Pradesh State Board,Saraswati Vidya Mandir Kanpur,NA,92,10th,14/02/2007,25/03/2010,Full Time,Uttar Pradesh State Board,Radha Niketan College Kanpur,Electronics & Telecommunication,93,12th,14/03/2010,18/09/2014,Full Time,NITA,Motilal Nehru National Institute of Technology Allahabad,Electronics & Telecommunication,81,BE,20/07/2015,22/01/2018,Full Time,NITIE,NITIE Mumbai,Mining Engineering,87,ME,0,29/03/2017,19/09/2018,Full Time,Junior Technical Consultant,TCS,Manufacturing,AGRA,India,,,,,,,,,English,Good,Good,Good,Hindi,Good,Good,Good,Marathi,Good,Good,Good,Guddu,Software Engineer,London,8009800998,,,Naukri.com
88995,Major,Uday,Bhan,uday.bhan@mailinator.com216,7864823665216,7894923645,13/04/1990,M,Single,PAN167694216,No,Behind Yaga Baba Hostel Baner,426194,KANPUR,India,579700,1340000,Mumbai,579000,2,1,30,12/06/2004,13/07/2006,Full Time,Uttar Pradesh State Board,Saraswati Vidya Mandir Kanpur,NA,92,10th,14/02/2007,25/03/2010,Full Time,Uttar Pradesh State Board,Radha Niketan College Kanpur,Electronics & Telecommunication,93,12th,14/03/2010,18/09/2014,Full Time,NITA,Motilal Nehru National Institute of Technology Allahabad,Electronics & Telecommunication,81,BE,20/07/2015,22/01/2018,Full Time,NITIE,NITIE Mumbai,Mining Engineering,87,ME,0,29/03/2017,19/09/2018,Full Time,Junior Technical Consultant,TCS,Manufacturing,AGRA,India,,,,,,,,,English,Good,Good,Good,Hindi,Good,Good,Good,Marathi,Good,Good,Good,Guddu,Software Engineer,London,8009800998,,,Naukri.com
88995,Major,Uday,Bhan,uday.bhan@mailinator.com217,7864823665217,7894923645,13/04/1990,M,Single,PAN167694217,No,Behind Yaga Baba Hostel Baner,426194,KANPUR,India,579700,1340000,Mumbai,579000,2,1,30,12/06/2004,13/07/2006,Full Time,Uttar Pradesh State Board,Saraswati Vidya Mandir Kanpur,NA,92,10th,14/02/2007,25/03/2010,Full Time,Uttar Pradesh State Board,Radha Niketan College Kanpur,Electronics & Telecommunication,93,12th,14/03/2010,18/09/2014,Full Time,NITA,Motilal Nehru National Institute of Technology Allahabad,Electronics & Telecommunication,81,BE,20/07/2015,22/01/2018,Full Time,NITIE,NITIE Mumbai,Mining Engineering,87,ME,0,29/03/2017,19/09/2018,Full Time,Junior Technical Consultant,TCS,Manufacturing,AGRA,India,,,,,,,,,English,Good,Good,Good,Hindi,Good,Good,Good,Marathi,Good,Good,Good,Guddu,Software Engineer,London,8009800998,,,Naukri.com
88995,Major,Uday,Bhan,uday.bhan@mailinator.com218,7864823665218,7894923645,13/04/1990,M,Single,PAN167694218,No,Behind Yaga Baba Hostel Baner,426194,KANPUR,India,579700,1340000,Mumbai,579000,2,1,30,12/06/2004,13/07/2006,Full Time,Uttar Pradesh State Board,Saraswati Vidya Mandir Kanpur,NA,92,10th,14/02/2007,25/03/2010,Full Time,Uttar Pradesh State Board,Radha Niketan College Kanpur,Electronics & Telecommunication,93,12th,14/03/2010,18/09/2014,Full Time,NITA,Motilal Nehru National Institute of Technology Allahabad,Electronics & Telecommunication,81,BE,20/07/2015,22/01/2018,Full Time,NITIE,NITIE Mumbai,Mining Engineering,87,ME,0,29/03/2017,19/09/2018,Full Time,Junior Technical Consultant,TCS,Manufacturing,AGRA,India,,,,,,,,,English,Good,Good,Good,Hindi,Good,Good,Good,Marathi,Good,Good,Good,Guddu,Software Engineer,London,8009800998,,,Naukri.com
88995,Major,Uday,Bhan,uday.bhan@mailinator.com219,7864823665219,7894923645,13/04/1990,M,Single,PAN167694219,No,Behind Yaga Baba Hostel Baner,426194,KANPUR,India,579700,1340000,Mumbai,579000,2,1,30,12/06/2004,13/07/2006,Full Time,Uttar Pradesh State Board,Saraswati Vidya Mandir Kanpur,NA,92,10th,14/02/2007,25/03/2010,Full Time,Uttar Pradesh State Board,Radha Niketan College Kanpur,Electronics & Telecommunication,93,12th,14/03/2010,18/09/2014,Full Time,NITA,Motilal Nehru National Institute of Technology Allahabad,Electronics & Telecommunication,81,BE,20/07/2015,22/01/2018,Full Time,NITIE,NITIE Mumbai,Mining Engineering,87,ME,0,29/03/2017,19/09/2018,Full Time,Junior Technical Consultant,TCS,Manufacturing,AGRA,India,,,,,,,,,English,Good,Good,Good,Hindi,Good,Good,Good,Marathi,Good,Good,Good,Guddu,Software Engineer,London,8009800998,,,Naukri.com
88995,Major,Uday,Bhan,uday.bhan@mailinator.com220,7864823665220,7894923645,13/04/1990,M,Single,PAN167694220,No,Behind Yaga Baba Hostel Baner,426194,KANPUR,India,579700,1340000,Mumbai,579000,2,1,30,12/06/2004,13/07/2006,Full Time,Uttar Pradesh State Board,Saraswati Vidya Mandir Kanpur,NA,92,10th,14/02/2007,25/03/2010,Full Time,Uttar Pradesh State Board,Radha Niketan College Kanpur,Electronics & Telecommunication,93,12th,14/03/2010,18/09/2014,Full Time,NITA,Motilal Nehru National Institute of Technology Allahabad,Electronics & Telecommunication,81,BE,20/07/2015,22/01/2018,Full Time,NITIE,NITIE Mumbai,Mining Engineering,87,ME,0,29/03/2017,19/09/2018,Full Time,Junior Technical Consultant,TCS,Manufacturing,AGRA,India,,,,,,,,,English,Good,Good,Good,Hindi,Good,Good,Good,Marathi,Good,Good,Good,Guddu,Software Engineer,London,8009800998,,,Naukri.com
88995,Major,Uday,Bhan,uday.bhan@mailinator.com221,7864823665221,7894923645,13/04/1990,M,Single,PAN167694221,No,Behind Yaga Baba Hostel Baner,426194,KANPUR,India,579700,1340000,Mumbai,579000,2,1,30,12/06/2004,13/07/2006,Full Time,Uttar Pradesh State Board,Saraswati Vidya Mandir Kanpur,NA,92,10th,14/02/2007,25/03/2010,Full Time,Uttar Pradesh State Board,Radha Niketan College Kanpur,Electronics & Telecommunication,93,12th,14/03/2010,18/09/2014,Full Time,NITA,Motilal Nehru National Institute of Technology Allahabad,Electronics & Telecommunication,81,BE,20/07/2015,22/01/2018,Full Time,NITIE,NITIE Mumbai,Mining Engineering,87,ME,0,29/03/2017,19/09/2018,Full Time,Junior Technical Consultant,TCS,Manufacturing,AGRA,India,,,,,,,,,English,Good,Good,Good,Hindi,Good,Good,Good,Marathi,Good,Good,Good,Guddu,Software Engineer,London,8009800998,,,Naukri.com
88995,Major,Uday,Bhan,uday.bhan@mailinator.com222,7864823665222,7894923645,13/04/1990,M,Single,PAN167694222,No,Behind Yaga Baba Hostel Baner,426194,KANPUR,India,579700,1340000,Mumbai,579000,2,1,30,12/06/2004,13/07/2006,Full Time,Uttar Pradesh State Board,Saraswati Vidya Mandir Kanpur,NA,92,10th,14/02/2007,25/03/2010,Full Time,Uttar Pradesh State Board,Radha Niketan College Kanpur,Electronics & Telecommunication,93,12th,14/03/2010,18/09/2014,Full Time,NITA,Motilal Nehru National Institute of Technology Allahabad,Electronics & Telecommunication,81,BE,20/07/2015,22/01/2018,Full Time,NITIE,NITIE Mumbai,Mining Engineering,87,ME,0,29/03/2017,19/09/2018,Full Time,Junior Technical Consultant,TCS,Manufacturing,AGRA,India,,,,,,,,,English,Good,Good,Good,Hindi,Good,Good,Good,Marathi,Good,Good,Good,Guddu,Software Engineer,London,8009800998,,,Naukri.com
88995,Major,Uday,Bhan,uday.bhan@mailinator.com223,7864823665223,7894923645,13/04/1990,M,Single,PAN167694223,No,Behind Yaga Baba Hostel Baner,426194,KANPUR,India,579700,1340000,Mumbai,579000,2,1,30,12/06/2004,13/07/2006,Full Time,Uttar Pradesh State Board,Saraswati Vidya Mandir Kanpur,NA,92,10th,14/02/2007,25/03/2010,Full Time,Uttar Pradesh State Board,Radha Niketan College Kanpur,Electronics & Telecommunication,93,12th,14/03/2010,18/09/2014,Full Time,NITA,Motilal Nehru National Institute of Technology Allahabad,Electronics & Telecommunication,81,BE,20/07/2015,22/01/2018,Full Time,NITIE,NITIE Mumbai,Mining Engineering,87,ME,0,29/03/2017,19/09/2018,Full Time,Junior Technical Consultant,TCS,Manufacturing,AGRA,India,,,,,,,,,English,Good,Good,Good,Hindi,Good,Good,Good,Marathi,Good,Good,Good,Guddu,Software Engineer,London,8009800998,,,Naukri.com
88995,Major,Uday,Bhan,uday.bhan@mailinator.com224,7864823665224,7894923645,13/04/1990,M,Single,PAN167694224,No,Behind Yaga Baba Hostel Baner,426194,KANPUR,India,579700,1340000,Mumbai,579000,2,1,30,12/06/2004,13/07/2006,Full Time,Uttar Pradesh State Board,Saraswati Vidya Mandir Kanpur,NA,92,10th,14/02/2007,25/03/2010,Full Time,Uttar Pradesh State Board,Radha Niketan College Kanpur,Electronics & Telecommunication,93,12th,14/03/2010,18/09/2014,Full Time,NITA,Motilal Nehru National Institute of Technology Allahabad,Electronics & Telecommunication,81,BE,20/07/2015,22/01/2018,Full Time,NITIE,NITIE Mumbai,Mining Engineering,87,ME,0,29/03/2017,19/09/2018,Full Time,Junior Technical Consultant,TCS,Manufacturing,AGRA,India,,,,,,,,,English,Good,Good,Good,Hindi,Good,Good,Good,Marathi,Good,Good,Good,Guddu,Software Engineer,London,8009800998,,,Naukri.com
88995,Major,Uday,Bhan,uday.bhan@mailinator.com225,7864823665225,7894923645,13/04/1990,M,Single,PAN167694225,No,Behind Yaga Baba Hostel Baner,426194,KANPUR,India,579700,1340000,Mumbai,579000,2,1,30,12/06/2004,13/07/2006,Full Time,Uttar Pradesh State Board,Saraswati Vidya Mandir Kanpur,NA,92,10th,14/02/2007,25/03/2010,Full Time,Uttar Pradesh State Board,Radha Niketan College Kanpur,Electronics & Telecommunication,93,12th,14/03/2010,18/09/2014,Full Time,NITA,Motilal Nehru National Institute of Technology Allahabad,Electronics & Telecommunication,81,BE,20/07/2015,22/01/2018,Full Time,NITIE,NITIE Mumbai,Mining Engineering,87,ME,0,29/03/2017,19/09/2018,Full Time,Junior Technical Consultant,TCS,Manufacturing,AGRA,India,,,,,,,,,English,Good,Good,Good,Hindi,Good,Good,Good,Marathi,Good,Good,Good,Guddu,Software Engineer,London,8009800998,,,Naukri.com
88995,Major,Uday,Bhan,uday.bhan@mailinator.com226,7864823665226,7894923645,13/04/1990,M,Single,PAN167694226,No,Behind Yaga Baba Hostel Baner,426194,KANPUR,India,579700,1340000,Mumbai,579000,2,1,30,12/06/2004,13/07/2006,Full Time,Uttar Pradesh State Board,Saraswati Vidya Mandir Kanpur,NA,92,10th,14/02/2007,25/03/2010,Full Time,Uttar Pradesh State Board,Radha Niketan College Kanpur,Electronics & Telecommunication,93,12th,14/03/2010,18/09/2014,Full Time,NITA,Motilal Nehru National Institute of Technology Allahabad,Electronics & Telecommunication,81,BE,20/07/2015,22/01/2018,Full Time,NITIE,NITIE Mumbai,Mining Engineering,87,ME,0,29/03/2017,19/09/2018,Full Time,Junior Technical Consultant,TCS,Manufacturing,AGRA,India,,,,,,,,,English,Good,Good,Good,Hindi,Good,Good,Good,Marathi,Good,Good,Good,Guddu,Software Engineer,London,8009800998,,,Naukri.com
88995,Major,Uday,Bhan,uday.bhan@mailinator.com227,7864823665227,7894923645,13/04/1990,M,Single,PAN167694227,No,Behind Yaga Baba Hostel Baner,426194,KANPUR,India,579700,1340000,Mumbai,579000,2,1,30,12/06/2004,13/07/2006,Full Time,Uttar Pradesh State Board,Saraswati Vidya Mandir Kanpur,NA,92,10th,14/02/2007,25/03/2010,Full Time,Uttar Pradesh State Board,Radha Niketan College Kanpur,Electronics & Telecommunication,93,12th,14/03/2010,18/09/2014,Full Time,NITA,Motilal Nehru National Institute of Technology Allahabad,Electronics & Telecommunication,81,BE,20/07/2015,22/01/2018,Full Time,NITIE,NITIE Mumbai,Mining Engineering,87,ME,0,29/03/2017,19/09/2018,Full Time,Junior Technical Consultant,TCS,Manufacturing,AGRA,India,,,,,,,,,English,Good,Good,Good,Hindi,Good,Good,Good,Marathi,Good,Good,Good,Guddu,Software Engineer,London,8009800998,,,Naukri.com
88995,Major,Uday,Bhan,uday.bhan@mailinator.com228,7864823665228,7894923645,13/04/1990,M,Single,PAN167694228,No,Behind Yaga Baba Hostel Baner,426194,KANPUR,India,579700,1340000,Mumbai,579000,2,1,30,12/06/2004,13/07/2006,Full Time,Uttar Pradesh State Board,Saraswati Vidya Mandir Kanpur,NA,92,10th,14/02/2007,25/03/2010,Full Time,Uttar Pradesh State Board,Radha Niketan College Kanpur,Electronics & Telecommunication,93,12th,14/03/2010,18/09/2014,Full Time,NITA,Motilal Nehru National Institute of Technology Allahabad,Electronics & Telecommunication,81,BE,20/07/2015,22/01/2018,Full Time,NITIE,NITIE Mumbai,Mining Engineering,87,ME,0,29/03/2017,19/09/2018,Full Time,Junior Technical Consultant,TCS,Manufacturing,AGRA,India,,,,,,,,,English,Good,Good,Good,Hindi,Good,Good,Good,Marathi,Good,Good,Good,Guddu,Software Engineer,London,8009800998,,,Naukri.com
88995,Major,Uday,Bhan,uday.bhan@mailinator.com229,7864823665229,7894923645,13/04/1990,M,Single,PAN167694229,No,Behind Yaga Baba Hostel Baner,426194,KANPUR,India,579700,1340000,Mumbai,579000,2,1,30,12/06/2004,13/07/2006,Full Time,Uttar Pradesh State Board,Saraswati Vidya Mandir Kanpur,NA,92,10th,14/02/2007,25/03/2010,Full Time,Uttar Pradesh State Board,Radha Niketan College Kanpur,Electronics & Telecommunication,93,12th,14/03/2010,18/09/2014,Full Time,NITA,Motilal Nehru National Institute of Technology Allahabad,Electronics & Telecommunication,81,BE,20/07/2015,22/01/2018,Full Time,NITIE,NITIE Mumbai,Mining Engineering,87,ME,0,29/03/2017,19/09/2018,Full Time,Junior Technical Consultant,TCS,Manufacturing,AGRA,India,,,,,,,,,English,Good,Good,Good,Hindi,Good,Good,Good,Marathi,Good,Good,Good,Guddu,Software Engineer,London,8009800998,,,Naukri.com
88995,Major,Uday,Bhan,uday.bhan@mailinator.com230,7864823665230,7894923645,13/04/1990,M,Single,PAN167694230,No,Behind Yaga Baba Hostel Baner,426194,KANPUR,India,579700,1340000,Mumbai,579000,2,1,30,12/06/2004,13/07/2006,Full Time,Uttar Pradesh State Board,Saraswati Vidya Mandir Kanpur,NA,92,10th,14/02/2007,25/03/2010,Full Time,Uttar Pradesh State Board,Radha Niketan College Kanpur,Electronics & Telecommunication,93,12th,14/03/2010,18/09/2014,Full Time,NITA,Motilal Nehru National Institute of Technology Allahabad,Electronics & Telecommunication,81,BE,20/07/2015,22/01/2018,Full Time,NITIE,NITIE Mumbai,Mining Engineering,87,ME,0,29/03/2017,19/09/2018,Full Time,Junior Technical Consultant,TCS,Manufacturing,AGRA,India,,,,,,,,,English,Good,Good,Good,Hindi,Good,Good,Good,Marathi,Good,Good,Good,Guddu,Software Engineer,London,8009800998,,,Naukri.com
88995,Major,Uday,Bhan,uday.bhan@mailinator.com231,7864823665231,7894923645,13/04/1990,M,Single,PAN167694231,No,Behind Yaga Baba Hostel Baner,426194,KANPUR,India,579700,1340000,Mumbai,579000,2,1,30,12/06/2004,13/07/2006,Full Time,Uttar Pradesh State Board,Saraswati Vidya Mandir Kanpur,NA,92,10th,14/02/2007,25/03/2010,Full Time,Uttar Pradesh State Board,Radha Niketan College Kanpur,Electronics & Telecommunication,93,12th,14/03/2010,18/09/2014,Full Time,NITA,Motilal Nehru National Institute of Technology Allahabad,Electronics & Telecommunication,81,BE,20/07/2015,22/01/2018,Full Time,NITIE,NITIE Mumbai,Mining Engineering,87,ME,0,29/03/2017,19/09/2018,Full Time,Junior Technical Consultant,TCS,Manufacturing,AGRA,India,,,,,,,,,English,Good,Good,Good,Hindi,Good,Good,Good,Marathi,Good,Good,Good,Guddu,Software Engineer,London,8009800998,,,Naukri.com
88995,Major,Uday,Bhan,uday.bhan@mailinator.com232,7864823665232,7894923645,13/04/1990,M,Single,PAN167694232,No,Behind Yaga Baba Hostel Baner,426194,KANPUR,India,579700,1340000,Mumbai,579000,2,1,30,12/06/2004,13/07/2006,Full Time,Uttar Pradesh State Board,Saraswati Vidya Mandir Kanpur,NA,92,10th,14/02/2007,25/03/2010,Full Time,Uttar Pradesh State Board,Radha Niketan College Kanpur,Electronics & Telecommunication,93,12th,14/03/2010,18/09/2014,Full Time,NITA,Motilal Nehru National Institute of Technology Allahabad,Electronics & Telecommunication,81,BE,20/07/2015,22/01/2018,Full Time,NITIE,NITIE Mumbai,Mining Engineering,87,ME,0,29/03/2017,19/09/2018,Full Time,Junior Technical Consultant,TCS,Manufacturing,AGRA,India,,,,,,,,,English,Good,Good,Good,Hindi,Good,Good,Good,Marathi,Good,Good,Good,Guddu,Software Engineer,London,8009800998,,,Naukri.com
88995,Major,Uday,Bhan,uday.bhan@mailinator.com233,7864823665233,7894923645,13/04/1990,M,Single,PAN167694233,No,Behind Yaga Baba Hostel Baner,426194,KANPUR,India,579700,1340000,Mumbai,579000,2,1,30,12/06/2004,13/07/2006,Full Time,Uttar Pradesh State Board,Saraswati Vidya Mandir Kanpur,NA,92,10th,14/02/2007,25/03/2010,Full Time,Uttar Pradesh State Board,Radha Niketan College Kanpur,Electronics & Telecommunication,93,12th,14/03/2010,18/09/2014,Full Time,NITA,Motilal Nehru National Institute of Technology Allahabad,Electronics & Telecommunication,81,BE,20/07/2015,22/01/2018,Full Time,NITIE,NITIE Mumbai,Mining Engineering,87,ME,0,29/03/2017,19/09/2018,Full Time,Junior Technical Consultant,TCS,Manufacturing,AGRA,India,,,,,,,,,English,Good,Good,Good,Hindi,Good,Good,Good,Marathi,Good,Good,Good,Guddu,Software Engineer,London,8009800998,,,Naukri.com
88995,Major,Uday,Bhan,uday.bhan@mailinator.com234,7864823665234,7894923645,13/04/1990,M,Single,PAN167694234,No,Behind Yaga Baba Hostel Baner,426194,KANPUR,India,579700,1340000,Mumbai,579000,2,1,30,12/06/2004,13/07/2006,Full Time,Uttar Pradesh State Board,Saraswati Vidya Mandir Kanpur,NA,92,10th,14/02/2007,25/03/2010,Full Time,Uttar Pradesh State Board,Radha Niketan College Kanpur,Electronics & Telecommunication,93,12th,14/03/2010,18/09/2014,Full Time,NITA,Motilal Nehru National Institute of Technology Allahabad,Electronics & Telecommunication,81,BE,20/07/2015,22/01/2018,Full Time,NITIE,NITIE Mumbai,Mining Engineering,87,ME,0,29/03/2017,19/09/2018,Full Time,Junior Technical Consultant,TCS,Manufacturing,AGRA,India,,,,,,,,,English,Good,Good,Good,Hindi,Good,Good,Good,Marathi,Good,Good,Good,Guddu,Software Engineer,London,8009800998,,,Naukri.com
88995,Major,Uday,Bhan,uday.bhan@mailinator.com235,7864823665235,7894923645,13/04/1990,M,Single,PAN167694235,No,Behind Yaga Baba Hostel Baner,426194,KANPUR,India,579700,1340000,Mumbai,579000,2,1,30,12/06/2004,13/07/2006,Full Time,Uttar Pradesh State Board,Saraswati Vidya Mandir Kanpur,NA,92,10th,14/02/2007,25/03/2010,Full Time,Uttar Pradesh State Board,Radha Niketan College Kanpur,Electronics & Telecommunication,93,12th,14/03/2010,18/09/2014,Full Time,NITA,Motilal Nehru National Institute of Technology Allahabad,Electronics & Telecommunication,81,BE,20/07/2015,22/01/2018,Full Time,NITIE,NITIE Mumbai,Mining Engineering,87,ME,0,29/03/2017,19/09/2018,Full Time,Junior Technical Consultant,TCS,Manufacturing,AGRA,India,,,,,,,,,English,Good,Good,Good,Hindi,Good,Good,Good,Marathi,Good,Good,Good,Guddu,Software Engineer,London,8009800998,,,Naukri.com
88995,Major,Uday,Bhan,uday.bhan@mailinator.com236,7864823665236,7894923645,13/04/1990,M,Single,PAN167694236,No,Behind Yaga Baba Hostel Baner,426194,KANPUR,India,579700,1340000,Mumbai,579000,2,1,30,12/06/2004,13/07/2006,Full Time,Uttar Pradesh State Board,Saraswati Vidya Mandir Kanpur,NA,92,10th,14/02/2007,25/03/2010,Full Time,Uttar Pradesh State Board,Radha Niketan College Kanpur,Electronics & Telecommunication,93,12th,14/03/2010,18/09/2014,Full Time,NITA,Motilal Nehru National Institute of Technology Allahabad,Electronics & Telecommunication,81,BE,20/07/2015,22/01/2018,Full Time,NITIE,NITIE Mumbai,Mining Engineering,87,ME,0,29/03/2017,19/09/2018,Full Time,Junior Technical Consultant,TCS,Manufacturing,AGRA,India,,,,,,,,,English,Good,Good,Good,Hindi,Good,Good,Good,Marathi,Good,Good,Good,Guddu,Software Engineer,London,8009800998,,,Naukri.com
88995,Major,Uday,Bhan,uday.bhan@mailinator.com237,7864823665237,7894923645,13/04/1990,M,Single,PAN167694237,No,Behind Yaga Baba Hostel Baner,426194,KANPUR,India,579700,1340000,Mumbai,579000,2,1,30,12/06/2004,13/07/2006,Full Time,Uttar Pradesh State Board,Saraswati Vidya Mandir Kanpur,NA,92,10th,14/02/2007,25/03/2010,Full Time,Uttar Pradesh State Board,Radha Niketan College Kanpur,Electronics & Telecommunication,93,12th,14/03/2010,18/09/2014,Full Time,NITA,Motilal Nehru National Institute of Technology Allahabad,Electronics & Telecommunication,81,BE,20/07/2015,22/01/2018,Full Time,NITIE,NITIE Mumbai,Mining Engineering,87,ME,0,29/03/2017,19/09/2018,Full Time,Junior Technical Consultant,TCS,Manufacturing,AGRA,India,,,,,,,,,English,Good,Good,Good,Hindi,Good,Good,Good,Marathi,Good,Good,Good,Guddu,Software Engineer,London,8009800998,,,Naukri.com
88995,Major,Uday,Bhan,uday.bhan@mailinator.com238,7864823665238,7894923645,13/04/1990,M,Single,PAN167694238,No,Behind Yaga Baba Hostel Baner,426194,KANPUR,India,579700,1340000,Mumbai,579000,2,1,30,12/06/2004,13/07/2006,Full Time,Uttar Pradesh State Board,Saraswati Vidya Mandir Kanpur,NA,92,10th,14/02/2007,25/03/2010,Full Time,Uttar Pradesh State Board,Radha Niketan College Kanpur,Electronics & Telecommunication,93,12th,14/03/2010,18/09/2014,Full Time,NITA,Motilal Nehru National Institute of Technology Allahabad,Electronics & Telecommunication,81,BE,20/07/2015,22/01/2018,Full Time,NITIE,NITIE Mumbai,Mining Engineering,87,ME,0,29/03/2017,19/09/2018,Full Time,Junior Technical Consultant,TCS,Manufacturing,AGRA,India,,,,,,,,,English,Good,Good,Good,Hindi,Good,Good,Good,Marathi,Good,Good,Good,Guddu,Software Engineer,London,8009800998,,,Naukri.com
88995,Major,Uday,Bhan,uday.bhan@mailinator.com239,7864823665239,7894923645,13/04/1990,M,Single,PAN167694239,No,Behind Yaga Baba Hostel Baner,426194,KANPUR,India,579700,1340000,Mumbai,579000,2,1,30,12/06/2004,13/07/2006,Full Time,Uttar Pradesh State Board,Saraswati Vidya Mandir Kanpur,NA,92,10th,14/02/2007,25/03/2010,Full Time,Uttar Pradesh State Board,Radha Niketan College Kanpur,Electronics & Telecommunication,93,12th,14/03/2010,18/09/2014,Full Time,NITA,Motilal Nehru National Institute of Technology Allahabad,Electronics & Telecommunication,81,BE,20/07/2015,22/01/2018,Full Time,NITIE,NITIE Mumbai,Mining Engineering,87,ME,0,29/03/2017,19/09/2018,Full Time,Junior Technical Consultant,TCS,Manufacturing,AGRA,India,,,,,,,,,English,Good,Good,Good,Hindi,Good,Good,Good,Marathi,Good,Good,Good,Guddu,Software Engineer,London,8009800998,,,Naukri.com
88995,Major,Uday,Bhan,uday.bhan@mailinator.com240,7864823665240,7894923645,13/04/1990,M,Single,PAN167694240,No,Behind Yaga Baba Hostel Baner,426194,KANPUR,India,579700,1340000,Mumbai,579000,2,1,30,12/06/2004,13/07/2006,Full Time,Uttar Pradesh State Board,Saraswati Vidya Mandir Kanpur,NA,92,10th,14/02/2007,25/03/2010,Full Time,Uttar Pradesh State Board,Radha Niketan College Kanpur,Electronics & Telecommunication,93,12th,14/03/2010,18/09/2014,Full Time,NITA,Motilal Nehru National Institute of Technology Allahabad,Electronics & Telecommunication,81,BE,20/07/2015,22/01/2018,Full Time,NITIE,NITIE Mumbai,Mining Engineering,87,ME,0,29/03/2017,19/09/2018,Full Time,Junior Technical Consultant,TCS,Manufacturing,AGRA,India,,,,,,,,,English,Good,Good,Good,Hindi,Good,Good,Good,Marathi,Good,Good,Good,Guddu,Software Engineer,London,8009800998,,,Naukri.com
88995,Major,Uday,Bhan,uday.bhan@mailinator.com241,7864823665241,7894923645,13/04/1990,M,Single,PAN167694241,No,Behind Yaga Baba Hostel Baner,426194,KANPUR,India,579700,1340000,Mumbai,579000,2,1,30,12/06/2004,13/07/2006,Full Time,Uttar Pradesh State Board,Saraswati Vidya Mandir Kanpur,NA,92,10th,14/02/2007,25/03/2010,Full Time,Uttar Pradesh State Board,Radha Niketan College Kanpur,Electronics & Telecommunication,93,12th,14/03/2010,18/09/2014,Full Time,NITA,Motilal Nehru National Institute of Technology Allahabad,Electronics & Telecommunication,81,BE,20/07/2015,22/01/2018,Full Time,NITIE,NITIE Mumbai,Mining Engineering,87,ME,0,29/03/2017,19/09/2018,Full Time,Junior Technical Consultant,TCS,Manufacturing,AGRA,India,,,,,,,,,English,Good,Good,Good,Hindi,Good,Good,Good,Marathi,Good,Good,Good,Guddu,Software Engineer,London,8009800998,,,Naukri.com
88995,Major,Uday,Bhan,uday.bhan@mailinator.com242,7864823665242,7894923645,13/04/1990,M,Single,PAN167694242,No,Behind Yaga Baba Hostel Baner,426194,KANPUR,India,579700,1340000,Mumbai,579000,2,1,30,12/06/2004,13/07/2006,Full Time,Uttar Pradesh State Board,Saraswati Vidya Mandir Kanpur,NA,92,10th,14/02/2007,25/03/2010,Full Time,Uttar Pradesh State Board,Radha Niketan College Kanpur,Electronics & Telecommunication,93,12th,14/03/2010,18/09/2014,Full Time,NITA,Motilal Nehru National Institute of Technology Allahabad,Electronics & Telecommunication,81,BE,20/07/2015,22/01/2018,Full Time,NITIE,NITIE Mumbai,Mining Engineering,87,ME,0,29/03/2017,19/09/2018,Full Time,Junior Technical Consultant,TCS,Manufacturing,AGRA,India,,,,,,,,,English,Good,Good,Good,Hindi,Good,Good,Good,Marathi,Good,Good,Good,Guddu,Software Engineer,London,8009800998,,,Naukri.com
88995,Major,Uday,Bhan,uday.bhan@mailinator.com243,7864823665243,7894923645,13/04/1990,M,Single,PAN167694243,No,Behind Yaga Baba Hostel Baner,426194,KANPUR,India,579700,1340000,Mumbai,579000,2,1,30,12/06/2004,13/07/2006,Full Time,Uttar Pradesh State Board,Saraswati Vidya Mandir Kanpur,NA,92,10th,14/02/2007,25/03/2010,Full Time,Uttar Pradesh State Board,Radha Niketan College Kanpur,Electronics & Telecommunication,93,12th,14/03/2010,18/09/2014,Full Time,NITA,Motilal Nehru National Institute of Technology Allahabad,Electronics & Telecommunication,81,BE,20/07/2015,22/01/2018,Full Time,NITIE,NITIE Mumbai,Mining Engineering,87,ME,0,29/03/2017,19/09/2018,Full Time,Junior Technical Consultant,TCS,Manufacturing,AGRA,India,,,,,,,,,English,Good,Good,Good,Hindi,Good,Good,Good,Marathi,Good,Good,Good,Guddu,Software Engineer,London,8009800998,,,Naukri.com
88995,Major,Uday,Bhan,uday.bhan@mailinator.com244,7864823665244,7894923645,13/04/1990,M,Single,PAN167694244,No,Behind Yaga Baba Hostel Baner,426194,KANPUR,India,579700,1340000,Mumbai,579000,2,1,30,12/06/2004,13/07/2006,Full Time,Uttar Pradesh State Board,Saraswati Vidya Mandir Kanpur,NA,92,10th,14/02/2007,25/03/2010,Full Time,Uttar Pradesh State Board,Radha Niketan College Kanpur,Electronics & Telecommunication,93,12th,14/03/2010,18/09/2014,Full Time,NITA,Motilal Nehru National Institute of Technology Allahabad,Electronics & Telecommunication,81,BE,20/07/2015,22/01/2018,Full Time,NITIE,NITIE Mumbai,Mining Engineering,87,ME,0,29/03/2017,19/09/2018,Full Time,Junior Technical Consultant,TCS,Manufacturing,AGRA,India,,,,,,,,,English,Good,Good,Good,Hindi,Good,Good,Good,Marathi,Good,Good,Good,Guddu,Software Engineer,London,8009800998,,,Naukri.com
88995,Major,Uday,Bhan,uday.bhan@mailinator.com245,7864823665245,7894923645,13/04/1990,M,Single,PAN167694245,No,Behind Yaga Baba Hostel Baner,426194,KANPUR,India,579700,1340000,Mumbai,579000,2,1,30,12/06/2004,13/07/2006,Full Time,Uttar Pradesh State Board,Saraswati Vidya Mandir Kanpur,NA,92,10th,14/02/2007,25/03/2010,Full Time,Uttar Pradesh State Board,Radha Niketan College Kanpur,Electronics & Telecommunication,93,12th,14/03/2010,18/09/2014,Full Time,NITA,Motilal Nehru National Institute of Technology Allahabad,Electronics & Telecommunication,81,BE,20/07/2015,22/01/2018,Full Time,NITIE,NITIE Mumbai,Mining Engineering,87,ME,0,29/03/2017,19/09/2018,Full Time,Junior Technical Consultant,TCS,Manufacturing,AGRA,India,,,,,,,,,English,Good,Good,Good,Hindi,Good,Good,Good,Marathi,Good,Good,Good,Guddu,Software Engineer,London,8009800998,,,Naukri.com
88995,Major,Uday,Bhan,uday.bhan@mailinator.com246,7864823665246,7894923645,13/04/1990,M,Single,PAN167694246,No,Behind Yaga Baba Hostel Baner,426194,KANPUR,India,579700,1340000,Mumbai,579000,2,1,30,12/06/2004,13/07/2006,Full Time,Uttar Pradesh State Board,Saraswati Vidya Mandir Kanpur,NA,92,10th,14/02/2007,25/03/2010,Full Time,Uttar Pradesh State Board,Radha Niketan College Kanpur,Electronics & Telecommunication,93,12th,14/03/2010,18/09/2014,Full Time,NITA,Motilal Nehru National Institute of Technology Allahabad,Electronics & Telecommunication,81,BE,20/07/2015,22/01/2018,Full Time,NITIE,NITIE Mumbai,Mining Engineering,87,ME,0,29/03/2017,19/09/2018,Full Time,Junior Technical Consultant,TCS,Manufacturing,AGRA,India,,,,,,,,,English,Good,Good,Good,Hindi,Good,Good,Good,Marathi,Good,Good,Good,Guddu,Software Engineer,London,8009800998,,,Naukri.com
88995,Major,Uday,Bhan,uday.bhan@mailinator.com247,7864823665247,7894923645,13/04/1990,M,Single,PAN167694247,No,Behind Yaga Baba Hostel Baner,426194,KANPUR,India,579700,1340000,Mumbai,579000,2,1,30,12/06/2004,13/07/2006,Full Time,Uttar Pradesh State Board,Saraswati Vidya Mandir Kanpur,NA,92,10th,14/02/2007,25/03/2010,Full Time,Uttar Pradesh State Board,Radha Niketan College Kanpur,Electronics & Telecommunication,93,12th,14/03/2010,18/09/2014,Full Time,NITA,Motilal Nehru National Institute of Technology Allahabad,Electronics & Telecommunication,81,BE,20/07/2015,22/01/2018,Full Time,NITIE,NITIE Mumbai,Mining Engineering,87,ME,0,29/03/2017,19/09/2018,Full Time,Junior Technical Consultant,TCS,Manufacturing,AGRA,India,,,,,,,,,English,Good,Good,Good,Hindi,Good,Good,Good,Marathi,Good,Good,Good,Guddu,Software Engineer,London,8009800998,,,Naukri.com
88995,Major,Uday,Bhan,uday.bhan@mailinator.com248,7864823665248,7894923645,13/04/1990,M,Single,PAN167694248,No,Behind Yaga Baba Hostel Baner,426194,KANPUR,India,579700,1340000,Mumbai,579000,2,1,30,12/06/2004,13/07/2006,Full Time,Uttar Pradesh State Board,Saraswati Vidya Mandir Kanpur,NA,92,10th,14/02/2007,25/03/2010,Full Time,Uttar Pradesh State Board,Radha Niketan College Kanpur,Electronics & Telecommunication,93,12th,14/03/2010,18/09/2014,Full Time,NITA,Motilal Nehru National Institute of Technology Allahabad,Electronics & Telecommunication,81,BE,20/07/2015,22/01/2018,Full Time,NITIE,NITIE Mumbai,Mining Engineering,87,ME,0,29/03/2017,19/09/2018,Full Time,Junior Technical Consultant,TCS,Manufacturing,AGRA,India,,,,,,,,,English,Good,Good,Good,Hindi,Good,Good,Good,Marathi,Good,Good,Good,Guddu,Software Engineer,London,8009800998,,,Naukri.com
88995,Major,Uday,Bhan,uday.bhan@mailinator.com249,7864823665249,7894923645,13/04/1990,M,Single,PAN167694249,No,Behind Yaga Baba Hostel Baner,426194,KANPUR,India,579700,1340000,Mumbai,579000,2,1,30,12/06/2004,13/07/2006,Full Time,Uttar Pradesh State Board,Saraswati Vidya Mandir Kanpur,NA,92,10th,14/02/2007,25/03/2010,Full Time,Uttar Pradesh State Board,Radha Niketan College Kanpur,Electronics & Telecommunication,93,12th,14/03/2010,18/09/2014,Full Time,NITA,Motilal Nehru National Institute of Technology Allahabad,Electronics & Telecommunication,81,BE,20/07/2015,22/01/2018,Full Time,NITIE,NITIE Mumbai,Mining Engineering,87,ME,0,29/03/2017,19/09/2018,Full Time,Junior Technical Consultant,TCS,Manufacturing,AGRA,India,,,,,,,,,English,Good,Good,Good,Hindi,Good,Good,Good,Marathi,Good,Good,Good,Guddu,Software Engineer,London,8009800998,,,Naukri.com
88995,Major,Uday,Bhan,uday.bhan@mailinator.com250,7864823665250,7894923645,13/04/1990,M,Single,PAN167694250,No,Behind Yaga Baba Hostel Baner,426194,KANPUR,India,579700,1340000,Mumbai,579000,2,1,30,12/06/2004,13/07/2006,Full Time,Uttar Pradesh State Board,Saraswati Vidya Mandir Kanpur,NA,92,10th,14/02/2007,25/03/2010,Full Time,Uttar Pradesh State Board,Radha Niketan College Kanpur,Electronics & Telecommunication,93,12th,14/03/2010,18/09/2014,Full Time,NITA,Motilal Nehru National Institute of Technology Allahabad,Electronics & Telecommunication,81,BE,20/07/2015,22/01/2018,Full Time,NITIE,NITIE Mumbai,Mining Engineering,87,ME,0,29/03/2017,19/09/2018,Full Time,Junior Technical Consultant,TCS,Manufacturing,AGRA,India,,,,,,,,,English,Good,Good,Good,Hindi,Good,Good,Good,Marathi,Good,Good,Good,Guddu,Software Engineer,London,8009800998,,,Naukri.com
88995,Major,Uday,Bhan,uday.bhan@mailinator.com251,7864823665251,7894923645,13/04/1990,M,Single,PAN167694251,No,Behind Yaga Baba Hostel Baner,426194,KANPUR,India,579700,1340000,Mumbai,579000,2,1,30,12/06/2004,13/07/2006,Full Time,Uttar Pradesh State Board,Saraswati Vidya Mandir Kanpur,NA,92,10th,14/02/2007,25/03/2010,Full Time,Uttar Pradesh State Board,Radha Niketan College Kanpur,Electronics & Telecommunication,93,12th,14/03/2010,18/09/2014,Full Time,NITA,Motilal Nehru National Institute of Technology Allahabad,Electronics & Telecommunication,81,BE,20/07/2015,22/01/2018,Full Time,NITIE,NITIE Mumbai,Mining Engineering,87,ME,0,29/03/2017,19/09/2018,Full Time,Junior Technical Consultant,TCS,Manufacturing,AGRA,India,,,,,,,,,English,Good,Good,Good,Hindi,Good,Good,Good,Marathi,Good,Good,Good,Guddu,Software Engineer,London,8009800998,,,Naukri.com
88995,Major,Uday,Bhan,uday.bhan@mailinator.com252,7864823665252,7894923645,13/04/1990,M,Single,PAN167694252,No,Behind Yaga Baba Hostel Baner,426194,KANPUR,India,579700,1340000,Mumbai,579000,2,1,30,12/06/2004,13/07/2006,Full Time,Uttar Pradesh State Board,Saraswati Vidya Mandir Kanpur,NA,92,10th,14/02/2007,25/03/2010,Full Time,Uttar Pradesh State Board,Radha Niketan College Kanpur,Electronics & Telecommunication,93,12th,14/03/2010,18/09/2014,Full Time,NITA,Motilal Nehru National Institute of Technology Allahabad,Electronics & Telecommunication,81,BE,20/07/2015,22/01/2018,Full Time,NITIE,NITIE Mumbai,Mining Engineering,87,ME,0,29/03/2017,19/09/2018,Full Time,Junior Technical Consultant,TCS,Manufacturing,AGRA,India,,,,,,,,,English,Good,Good,Good,Hindi,Good,Good,Good,Marathi,Good,Good,Good,Guddu,Software Engineer,London,8009800998,,,Naukri.com
88995,Major,Uday,Bhan,uday.bhan@mailinator.com253,7864823665253,7894923645,13/04/1990,M,Single,PAN167694253,No,Behind Yaga Baba Hostel Baner,426194,KANPUR,India,579700,1340000,Mumbai,579000,2,1,30,12/06/2004,13/07/2006,Full Time,Uttar Pradesh State Board,Saraswati Vidya Mandir Kanpur,NA,92,10th,14/02/2007,25/03/2010,Full Time,Uttar Pradesh State Board,Radha Niketan College Kanpur,Electronics & Telecommunication,93,12th,14/03/2010,18/09/2014,Full Time,NITA,Motilal Nehru National Institute of Technology Allahabad,Electronics & Telecommunication,81,BE,20/07/2015,22/01/2018,Full Time,NITIE,NITIE Mumbai,Mining Engineering,87,ME,0,29/03/2017,19/09/2018,Full Time,Junior Technical Consultant,TCS,Manufacturing,AGRA,India,,,,,,,,,English,Good,Good,Good,Hindi,Good,Good,Good,Marathi,Good,Good,Good,Guddu,Software Engineer,London,8009800998,,,Naukri.com
88995,Major,Uday,Bhan,uday.bhan@mailinator.com254,7864823665254,7894923645,13/04/1990,M,Single,PAN167694254,No,Behind Yaga Baba Hostel Baner,426194,KANPUR,India,579700,1340000,Mumbai,579000,2,1,30,12/06/2004,13/07/2006,Full Time,Uttar Pradesh State Board,Saraswati Vidya Mandir Kanpur,NA,92,10th,14/02/2007,25/03/2010,Full Time,Uttar Pradesh State Board,Radha Niketan College Kanpur,Electronics & Telecommunication,93,12th,14/03/2010,18/09/2014,Full Time,NITA,Motilal Nehru National Institute of Technology Allahabad,Electronics & Telecommunication,81,BE,20/07/2015,22/01/2018,Full Time,NITIE,NITIE Mumbai,Mining Engineering,87,ME,0,29/03/2017,19/09/2018,Full Time,Junior Technical Consultant,TCS,Manufacturing,AGRA,India,,,,,,,,,English,Good,Good,Good,Hindi,Good,Good,Good,Marathi,Good,Good,Good,Guddu,Software Engineer,London,8009800998,,,Naukri.com
88995,Major,Uday,Bhan,uday.bhan@mailinator.com255,7864823665255,7894923645,13/04/1990,M,Single,PAN167694255,No,Behind Yaga Baba Hostel Baner,426194,KANPUR,India,579700,1340000,Mumbai,579000,2,1,30,12/06/2004,13/07/2006,Full Time,Uttar Pradesh State Board,Saraswati Vidya Mandir Kanpur,NA,92,10th,14/02/2007,25/03/2010,Full Time,Uttar Pradesh State Board,Radha Niketan College Kanpur,Electronics & Telecommunication,93,12th,14/03/2010,18/09/2014,Full Time,NITA,Motilal Nehru National Institute of Technology Allahabad,Electronics & Telecommunication,81,BE,20/07/2015,22/01/2018,Full Time,NITIE,NITIE Mumbai,Mining Engineering,87,ME,0,29/03/2017,19/09/2018,Full Time,Junior Technical Consultant,TCS,Manufacturing,AGRA,India,,,,,,,,,English,Good,Good,Good,Hindi,Good,Good,Good,Marathi,Good,Good,Good,Guddu,Software Engineer,London,8009800998,,,Naukri.com
88995,Major,Uday,Bhan,uday.bhan@mailinator.com256,7864823665256,7894923645,13/04/1990,M,Single,PAN167694256,No,Behind Yaga Baba Hostel Baner,426194,KANPUR,India,579700,1340000,Mumbai,579000,2,1,30,12/06/2004,13/07/2006,Full Time,Uttar Pradesh State Board,Saraswati Vidya Mandir Kanpur,NA,92,10th,14/02/2007,25/03/2010,Full Time,Uttar Pradesh State Board,Radha Niketan College Kanpur,Electronics & Telecommunication,93,12th,14/03/2010,18/09/2014,Full Time,NITA,Motilal Nehru National Institute of Technology Allahabad,Electronics & Telecommunication,81,BE,20/07/2015,22/01/2018,Full Time,NITIE,NITIE Mumbai,Mining Engineering,87,ME,0,29/03/2017,19/09/2018,Full Time,Junior Technical Consultant,TCS,Manufacturing,AGRA,India,,,,,,,,,English,Good,Good,Good,Hindi,Good,Good,Good,Marathi,Good,Good,Good,Guddu,Software Engineer,London,8009800998,,,Naukri.com
88995,Major,Uday,Bhan,uday.bhan@mailinator.com257,7864823665257,7894923645,13/04/1990,M,Single,PAN167694257,No,Behind Yaga Baba Hostel Baner,426194,KANPUR,India,579700,1340000,Mumbai,579000,2,1,30,12/06/2004,13/07/2006,Full Time,Uttar Pradesh State Board,Saraswati Vidya Mandir Kanpur,NA,92,10th,14/02/2007,25/03/2010,Full Time,Uttar Pradesh State Board,Radha Niketan College Kanpur,Electronics & Telecommunication,93,12th,14/03/2010,18/09/2014,Full Time,NITA,Motilal Nehru National Institute of Technology Allahabad,Electronics & Telecommunication,81,BE,20/07/2015,22/01/2018,Full Time,NITIE,NITIE Mumbai,Mining Engineering,87,ME,0,29/03/2017,19/09/2018,Full Time,Junior Technical Consultant,TCS,Manufacturing,AGRA,India,,,,,,,,,English,Good,Good,Good,Hindi,Good,Good,Good,Marathi,Good,Good,Good,Guddu,Software Engineer,London,8009800998,,,Naukri.com
88995,Major,Uday,Bhan,uday.bhan@mailinator.com258,7864823665258,7894923645,13/04/1990,M,Single,PAN167694258,No,Behind Yaga Baba Hostel Baner,426194,KANPUR,India,579700,1340000,Mumbai,579000,2,1,30,12/06/2004,13/07/2006,Full Time,Uttar Pradesh State Board,Saraswati Vidya Mandir Kanpur,NA,92,10th,14/02/2007,25/03/2010,Full Time,Uttar Pradesh State Board,Radha Niketan College Kanpur,Electronics & Telecommunication,93,12th,14/03/2010,18/09/2014,Full Time,NITA,Motilal Nehru National Institute of Technology Allahabad,Electronics & Telecommunication,81,BE,20/07/2015,22/01/2018,Full Time,NITIE,NITIE Mumbai,Mining Engineering,87,ME,0,29/03/2017,19/09/2018,Full Time,Junior Technical Consultant,TCS,Manufacturing,AGRA,India,,,,,,,,,English,Good,Good,Good,Hindi,Good,Good,Good,Marathi,Good,Good,Good,Guddu,Software Engineer,London,8009800998,,,Naukri.com
88995,Major,Uday,Bhan,uday.bhan@mailinator.com259,7864823665259,7894923645,13/04/1990,M,Single,PAN167694259,No,Behind Yaga Baba Hostel Baner,426194,KANPUR,India,579700,1340000,Mumbai,579000,2,1,30,12/06/2004,13/07/2006,Full Time,Uttar Pradesh State Board,Saraswati Vidya Mandir Kanpur,NA,92,10th,14/02/2007,25/03/2010,Full Time,Uttar Pradesh State Board,Radha Niketan College Kanpur,Electronics & Telecommunication,93,12th,14/03/2010,18/09/2014,Full Time,NITA,Motilal Nehru National Institute of Technology Allahabad,Electronics & Telecommunication,81,BE,20/07/2015,22/01/2018,Full Time,NITIE,NITIE Mumbai,Mining Engineering,87,ME,0,29/03/2017,19/09/2018,Full Time,Junior Technical Consultant,TCS,Manufacturing,AGRA,India,,,,,,,,,English,Good,Good,Good,Hindi,Good,Good,Good,Marathi,Good,Good,Good,Guddu,Software Engineer,London,8009800998,,,Naukri.com
88995,Major,Uday,Bhan,uday.bhan@mailinator.com260,7864823665260,7894923645,13/04/1990,M,Single,PAN167694260,No,Behind Yaga Baba Hostel Baner,426194,KANPUR,India,579700,1340000,Mumbai,579000,2,1,30,12/06/2004,13/07/2006,Full Time,Uttar Pradesh State Board,Saraswati Vidya Mandir Kanpur,NA,92,10th,14/02/2007,25/03/2010,Full Time,Uttar Pradesh State Board,Radha Niketan College Kanpur,Electronics & Telecommunication,93,12th,14/03/2010,18/09/2014,Full Time,NITA,Motilal Nehru National Institute of Technology Allahabad,Electronics & Telecommunication,81,BE,20/07/2015,22/01/2018,Full Time,NITIE,NITIE Mumbai,Mining Engineering,87,ME,0,29/03/2017,19/09/2018,Full Time,Junior Technical Consultant,TCS,Manufacturing,AGRA,India,,,,,,,,,English,Good,Good,Good,Hindi,Good,Good,Good,Marathi,Good,Good,Good,Guddu,Software Engineer,London,8009800998,,,Naukri.com
88995,Major,Uday,Bhan,uday.bhan@mailinator.com261,7864823665261,7894923645,13/04/1990,M,Single,PAN167694261,No,Behind Yaga Baba Hostel Baner,426194,KANPUR,India,579700,1340000,Mumbai,579000,2,1,30,12/06/2004,13/07/2006,Full Time,Uttar Pradesh State Board,Saraswati Vidya Mandir Kanpur,NA,92,10th,14/02/2007,25/03/2010,Full Time,Uttar Pradesh State Board,Radha Niketan College Kanpur,Electronics & Telecommunication,93,12th,14/03/2010,18/09/2014,Full Time,NITA,Motilal Nehru National Institute of Technology Allahabad,Electronics & Telecommunication,81,BE,20/07/2015,22/01/2018,Full Time,NITIE,NITIE Mumbai,Mining Engineering,87,ME,0,29/03/2017,19/09/2018,Full Time,Junior Technical Consultant,TCS,Manufacturing,AGRA,India,,,,,,,,,English,Good,Good,Good,Hindi,Good,Good,Good,Marathi,Good,Good,Good,Guddu,Software Engineer,London,8009800998,,,Naukri.com
88995,Major,Uday,Bhan,uday.bhan@mailinator.com262,7864823665262,7894923645,13/04/1990,M,Single,PAN167694262,No,Behind Yaga Baba Hostel Baner,426194,KANPUR,India,579700,1340000,Mumbai,579000,2,1,30,12/06/2004,13/07/2006,Full Time,Uttar Pradesh State Board,Saraswati Vidya Mandir Kanpur,NA,92,10th,14/02/2007,25/03/2010,Full Time,Uttar Pradesh State Board,Radha Niketan College Kanpur,Electronics & Telecommunication,93,12th,14/03/2010,18/09/2014,Full Time,NITA,Motilal Nehru National Institute of Technology Allahabad,Electronics & Telecommunication,81,BE,20/07/2015,22/01/2018,Full Time,NITIE,NITIE Mumbai,Mining Engineering,87,ME,0,29/03/2017,19/09/2018,Full Time,Junior Technical Consultant,TCS,Manufacturing,AGRA,India,,,,,,,,,English,Good,Good,Good,Hindi,Good,Good,Good,Marathi,Good,Good,Good,Guddu,Software Engineer,London,8009800998,,,Naukri.com
88995,Major,Uday,Bhan,uday.bhan@mailinator.com263,7864823665263,7894923645,13/04/1990,M,Single,PAN167694263,No,Behind Yaga Baba Hostel Baner,426194,KANPUR,India,579700,1340000,Mumbai,579000,2,1,30,12/06/2004,13/07/2006,Full Time,Uttar Pradesh State Board,Saraswati Vidya Mandir Kanpur,NA,92,10th,14/02/2007,25/03/2010,Full Time,Uttar Pradesh State Board,Radha Niketan College Kanpur,Electronics & Telecommunication,93,12th,14/03/2010,18/09/2014,Full Time,NITA,Motilal Nehru National Institute of Technology Allahabad,Electronics & Telecommunication,81,BE,20/07/2015,22/01/2018,Full Time,NITIE,NITIE Mumbai,Mining Engineering,87,ME,0,29/03/2017,19/09/2018,Full Time,Junior Technical Consultant,TCS,Manufacturing,AGRA,India,,,,,,,,,English,Good,Good,Good,Hindi,Good,Good,Good,Marathi,Good,Good,Good,Guddu,Software Engineer,London,8009800998,,,Naukri.com
88995,Major,Uday,Bhan,uday.bhan@mailinator.com264,7864823665264,7894923645,13/04/1990,M,Single,PAN167694264,No,Behind Yaga Baba Hostel Baner,426194,KANPUR,India,579700,1340000,Mumbai,579000,2,1,30,12/06/2004,13/07/2006,Full Time,Uttar Pradesh State Board,Saraswati Vidya Mandir Kanpur,NA,92,10th,14/02/2007,25/03/2010,Full Time,Uttar Pradesh State Board,Radha Niketan College Kanpur,Electronics & Telecommunication,93,12th,14/03/2010,18/09/2014,Full Time,NITA,Motilal Nehru National Institute of Technology Allahabad,Electronics & Telecommunication,81,BE,20/07/2015,22/01/2018,Full Time,NITIE,NITIE Mumbai,Mining Engineering,87,ME,0,29/03/2017,19/09/2018,Full Time,Junior Technical Consultant,TCS,Manufacturing,AGRA,India,,,,,,,,,English,Good,Good,Good,Hindi,Good,Good,Good,Marathi,Good,Good,Good,Guddu,Software Engineer,London,8009800998,,,Naukri.com
88995,Major,Uday,Bhan,uday.bhan@mailinator.com265,7864823665265,7894923645,13/04/1990,M,Single,PAN167694265,No,Behind Yaga Baba Hostel Baner,426194,KANPUR,India,579700,1340000,Mumbai,579000,2,1,30,12/06/2004,13/07/2006,Full Time,Uttar Pradesh State Board,Saraswati Vidya Mandir Kanpur,NA,92,10th,14/02/2007,25/03/2010,Full Time,Uttar Pradesh State Board,Radha Niketan College Kanpur,Electronics & Telecommunication,93,12th,14/03/2010,18/09/2014,Full Time,NITA,Motilal Nehru National Institute of Technology Allahabad,Electronics & Telecommunication,81,BE,20/07/2015,22/01/2018,Full Time,NITIE,NITIE Mumbai,Mining Engineering,87,ME,0,29/03/2017,19/09/2018,Full Time,Junior Technical Consultant,TCS,Manufacturing,AGRA,India,,,,,,,,,English,Good,Good,Good,Hindi,Good,Good,Good,Marathi,Good,Good,Good,Guddu,Software Engineer,London,8009800998,,,Naukri.com
88995,Major,Uday,Bhan,uday.bhan@mailinator.com266,7864823665266,7894923645,13/04/1990,M,Single,PAN167694266,No,Behind Yaga Baba Hostel Baner,426194,KANPUR,India,579700,1340000,Mumbai,579000,2,1,30,12/06/2004,13/07/2006,Full Time,Uttar Pradesh State Board,Saraswati Vidya Mandir Kanpur,NA,92,10th,14/02/2007,25/03/2010,Full Time,Uttar Pradesh State Board,Radha Niketan College Kanpur,Electronics & Telecommunication,93,12th,14/03/2010,18/09/2014,Full Time,NITA,Motilal Nehru National Institute of Technology Allahabad,Electronics & Telecommunication,81,BE,20/07/2015,22/01/2018,Full Time,NITIE,NITIE Mumbai,Mining Engineering,87,ME,0,29/03/2017,19/09/2018,Full Time,Junior Technical Consultant,TCS,Manufacturing,AGRA,India,,,,,,,,,English,Good,Good,Good,Hindi,Good,Good,Good,Marathi,Good,Good,Good,Guddu,Software Engineer,London,8009800998,,,Naukri.com
88995,Major,Uday,Bhan,uday.bhan@mailinator.com267,7864823665267,7894923645,13/04/1990,M,Single,PAN167694267,No,Behind Yaga Baba Hostel Baner,426194,KANPUR,India,579700,1340000,Mumbai,579000,2,1,30,12/06/2004,13/07/2006,Full Time,Uttar Pradesh State Board,Saraswati Vidya Mandir Kanpur,NA,92,10th,14/02/2007,25/03/2010,Full Time,Uttar Pradesh State Board,Radha Niketan College Kanpur,Electronics & Telecommunication,93,12th,14/03/2010,18/09/2014,Full Time,NITA,Motilal Nehru National Institute of Technology Allahabad,Electronics & Telecommunication,81,BE,20/07/2015,22/01/2018,Full Time,NITIE,NITIE Mumbai,Mining Engineering,87,ME,0,29/03/2017,19/09/2018,Full Time,Junior Technical Consultant,TCS,Manufacturing,AGRA,India,,,,,,,,,English,Good,Good,Good,Hindi,Good,Good,Good,Marathi,Good,Good,Good,Guddu,Software Engineer,London,8009800998,,,Naukri.com
88995,Major,Uday,Bhan,uday.bhan@mailinator.com268,7864823665268,7894923645,13/04/1990,M,Single,PAN167694268,No,Behind Yaga Baba Hostel Baner,426194,KANPUR,India,579700,1340000,Mumbai,579000,2,1,30,12/06/2004,13/07/2006,Full Time,Uttar Pradesh State Board,Saraswati Vidya Mandir Kanpur,NA,92,10th,14/02/2007,25/03/2010,Full Time,Uttar Pradesh State Board,Radha Niketan College Kanpur,Electronics & Telecommunication,93,12th,14/03/2010,18/09/2014,Full Time,NITA,Motilal Nehru National Institute of Technology Allahabad,Electronics & Telecommunication,81,BE,20/07/2015,22/01/2018,Full Time,NITIE,NITIE Mumbai,Mining Engineering,87,ME,0,29/03/2017,19/09/2018,Full Time,Junior Technical Consultant,TCS,Manufacturing,AGRA,India,,,,,,,,,English,Good,Good,Good,Hindi,Good,Good,Good,Marathi,Good,Good,Good,Guddu,Software Engineer,London,8009800998,,,Naukri.com
88995,Major,Uday,Bhan,uday.bhan@mailinator.com269,7864823665269,7894923645,13/04/1990,M,Single,PAN167694269,No,Behind Yaga Baba Hostel Baner,426194,KANPUR,India,579700,1340000,Mumbai,579000,2,1,30,12/06/2004,13/07/2006,Full Time,Uttar Pradesh State Board,Saraswati Vidya Mandir Kanpur,NA,92,10th,14/02/2007,25/03/2010,Full Time,Uttar Pradesh State Board,Radha Niketan College Kanpur,Electronics & Telecommunication,93,12th,14/03/2010,18/09/2014,Full Time,NITA,Motilal Nehru National Institute of Technology Allahabad,Electronics & Telecommunication,81,BE,20/07/2015,22/01/2018,Full Time,NITIE,NITIE Mumbai,Mining Engineering,87,ME,0,29/03/2017,19/09/2018,Full Time,Junior Technical Consultant,TCS,Manufacturing,AGRA,India,,,,,,,,,English,Good,Good,Good,Hindi,Good,Good,Good,Marathi,Good,Good,Good,Guddu,Software Engineer,London,8009800998,,,Naukri.com
88995,Major,Uday,Bhan,uday.bhan@mailinator.com270,7864823665270,7894923645,13/04/1990,M,Single,PAN167694270,No,Behind Yaga Baba Hostel Baner,426194,KANPUR,India,579700,1340000,Mumbai,579000,2,1,30,12/06/2004,13/07/2006,Full Time,Uttar Pradesh State Board,Saraswati Vidya Mandir Kanpur,NA,92,10th,14/02/2007,25/03/2010,Full Time,Uttar Pradesh State Board,Radha Niketan College Kanpur,Electronics & Telecommunication,93,12th,14/03/2010,18/09/2014,Full Time,NITA,Motilal Nehru National Institute of Technology Allahabad,Electronics & Telecommunication,81,BE,20/07/2015,22/01/2018,Full Time,NITIE,NITIE Mumbai,Mining Engineering,87,ME,0,29/03/2017,19/09/2018,Full Time,Junior Technical Consultant,TCS,Manufacturing,AGRA,India,,,,,,,,,English,Good,Good,Good,Hindi,Good,Good,Good,Marathi,Good,Good,Good,Guddu,Software Engineer,London,8009800998,,,Naukri.com
88995,Major,Uday,Bhan,uday.bhan@mailinator.com271,7864823665271,7894923645,13/04/1990,M,Single,PAN167694271,No,Behind Yaga Baba Hostel Baner,426194,KANPUR,India,579700,1340000,Mumbai,579000,2,1,30,12/06/2004,13/07/2006,Full Time,Uttar Pradesh State Board,Saraswati Vidya Mandir Kanpur,NA,92,10th,14/02/2007,25/03/2010,Full Time,Uttar Pradesh State Board,Radha Niketan College Kanpur,Electronics & Telecommunication,93,12th,14/03/2010,18/09/2014,Full Time,NITA,Motilal Nehru National Institute of Technology Allahabad,Electronics & Telecommunication,81,BE,20/07/2015,22/01/2018,Full Time,NITIE,NITIE Mumbai,Mining Engineering,87,ME,0,29/03/2017,19/09/2018,Full Time,Junior Technical Consultant,TCS,Manufacturing,AGRA,India,,,,,,,,,English,Good,Good,Good,Hindi,Good,Good,Good,Marathi,Good,Good,Good,Guddu,Software Engineer,London,8009800998,,,Naukri.com
88995,Major,Uday,Bhan,uday.bhan@mailinator.com272,7864823665272,7894923645,13/04/1990,M,Single,PAN167694272,No,Behind Yaga Baba Hostel Baner,426194,KANPUR,India,579700,1340000,Mumbai,579000,2,1,30,12/06/2004,13/07/2006,Full Time,Uttar Pradesh State Board,Saraswati Vidya Mandir Kanpur,NA,92,10th,14/02/2007,25/03/2010,Full Time,Uttar Pradesh State Board,Radha Niketan College Kanpur,Electronics & Telecommunication,93,12th,14/03/2010,18/09/2014,Full Time,NITA,Motilal Nehru National Institute of Technology Allahabad,Electronics & Telecommunication,81,BE,20/07/2015,22/01/2018,Full Time,NITIE,NITIE Mumbai,Mining Engineering,87,ME,0,29/03/2017,19/09/2018,Full Time,Junior Technical Consultant,TCS,Manufacturing,AGRA,India,,,,,,,,,English,Good,Good,Good,Hindi,Good,Good,Good,Marathi,Good,Good,Good,Guddu,Software Engineer,London,8009800998,,,Naukri.com
88995,Major,Uday,Bhan,uday.bhan@mailinator.com273,7864823665273,7894923645,13/04/1990,M,Single,PAN167694273,No,Behind Yaga Baba Hostel Baner,426194,KANPUR,India,579700,1340000,Mumbai,579000,2,1,30,12/06/2004,13/07/2006,Full Time,Uttar Pradesh State Board,Saraswati Vidya Mandir Kanpur,NA,92,10th,14/02/2007,25/03/2010,Full Time,Uttar Pradesh State Board,Radha Niketan College Kanpur,Electronics & Telecommunication,93,12th,14/03/2010,18/09/2014,Full Time,NITA,Motilal Nehru National Institute of Technology Allahabad,Electronics & Telecommunication,81,BE,20/07/2015,22/01/2018,Full Time,NITIE,NITIE Mumbai,Mining Engineering,87,ME,0,29/03/2017,19/09/2018,Full Time,Junior Technical Consultant,TCS,Manufacturing,AGRA,India,,,,,,,,,English,Good,Good,Good,Hindi,Good,Good,Good,Marathi,Good,Good,Good,Guddu,Software Engineer,London,8009800998,,,Naukri.com
88995,Major,Uday,Bhan,uday.bhan@mailinator.com274,7864823665274,7894923645,13/04/1990,M,Single,PAN167694274,No,Behind Yaga Baba Hostel Baner,426194,KANPUR,India,579700,1340000,Mumbai,579000,2,1,30,12/06/2004,13/07/2006,Full Time,Uttar Pradesh State Board,Saraswati Vidya Mandir Kanpur,NA,92,10th,14/02/2007,25/03/2010,Full Time,Uttar Pradesh State Board,Radha Niketan College Kanpur,Electronics & Telecommunication,93,12th,14/03/2010,18/09/2014,Full Time,NITA,Motilal Nehru National Institute of Technology Allahabad,Electronics & Telecommunication,81,BE,20/07/2015,22/01/2018,Full Time,NITIE,NITIE Mumbai,Mining Engineering,87,ME,0,29/03/2017,19/09/2018,Full Time,Junior Technical Consultant,TCS,Manufacturing,AGRA,India,,,,,,,,,English,Good,Good,Good,Hindi,Good,Good,Good,Marathi,Good,Good,Good,Guddu,Software Engineer,London,8009800998,,,Naukri.com
88995,Major,Uday,Bhan,uday.bhan@mailinator.com275,7864823665275,7894923645,13/04/1990,M,Single,PAN167694275,No,Behind Yaga Baba Hostel Baner,426194,KANPUR,India,579700,1340000,Mumbai,579000,2,1,30,12/06/2004,13/07/2006,Full Time,Uttar Pradesh State Board,Saraswati Vidya Mandir Kanpur,NA,92,10th,14/02/2007,25/03/2010,Full Time,Uttar Pradesh State Board,Radha Niketan College Kanpur,Electronics & Telecommunication,93,12th,14/03/2010,18/09/2014,Full Time,NITA,Motilal Nehru National Institute of Technology Allahabad,Electronics & Telecommunication,81,BE,20/07/2015,22/01/2018,Full Time,NITIE,NITIE Mumbai,Mining Engineering,87,ME,0,29/03/2017,19/09/2018,Full Time,Junior Technical Consultant,TCS,Manufacturing,AGRA,India,,,,,,,,,English,Good,Good,Good,Hindi,Good,Good,Good,Marathi,Good,Good,Good,Guddu,Software Engineer,London,8009800998,,,Naukri.com
88995,Major,Uday,Bhan,uday.bhan@mailinator.com276,7864823665276,7894923645,13/04/1990,M,Single,PAN167694276,No,Behind Yaga Baba Hostel Baner,426194,KANPUR,India,579700,1340000,Mumbai,579000,2,1,30,12/06/2004,13/07/2006,Full Time,Uttar Pradesh State Board,Saraswati Vidya Mandir Kanpur,NA,92,10th,14/02/2007,25/03/2010,Full Time,Uttar Pradesh State Board,Radha Niketan College Kanpur,Electronics & Telecommunication,93,12th,14/03/2010,18/09/2014,Full Time,NITA,Motilal Nehru National Institute of Technology Allahabad,Electronics & Telecommunication,81,BE,20/07/2015,22/01/2018,Full Time,NITIE,NITIE Mumbai,Mining Engineering,87,ME,0,29/03/2017,19/09/2018,Full Time,Junior Technical Consultant,TCS,Manufacturing,AGRA,India,,,,,,,,,English,Good,Good,Good,Hindi,Good,Good,Good,Marathi,Good,Good,Good,Guddu,Software Engineer,London,8009800998,,,Naukri.com
88995,Major,Uday,Bhan,uday.bhan@mailinator.com277,7864823665277,7894923645,13/04/1990,M,Single,PAN167694277,No,Behind Yaga Baba Hostel Baner,426194,KANPUR,India,579700,1340000,Mumbai,579000,2,1,30,12/06/2004,13/07/2006,Full Time,Uttar Pradesh State Board,Saraswati Vidya Mandir Kanpur,NA,92,10th,14/02/2007,25/03/2010,Full Time,Uttar Pradesh State Board,Radha Niketan College Kanpur,Electronics & Telecommunication,93,12th,14/03/2010,18/09/2014,Full Time,NITA,Motilal Nehru National Institute of Technology Allahabad,Electronics & Telecommunication,81,BE,20/07/2015,22/01/2018,Full Time,NITIE,NITIE Mumbai,Mining Engineering,87,ME,0,29/03/2017,19/09/2018,Full Time,Junior Technical Consultant,TCS,Manufacturing,AGRA,India,,,,,,,,,English,Good,Good,Good,Hindi,Good,Good,Good,Marathi,Good,Good,Good,Guddu,Software Engineer,London,8009800998,,,Naukri.com
88995,Major,Uday,Bhan,uday.bhan@mailinator.com278,7864823665278,7894923645,13/04/1990,M,Single,PAN167694278,No,Behind Yaga Baba Hostel Baner,426194,KANPUR,India,579700,1340000,Mumbai,579000,2,1,30,12/06/2004,13/07/2006,Full Time,Uttar Pradesh State Board,Saraswati Vidya Mandir Kanpur,NA,92,10th,14/02/2007,25/03/2010,Full Time,Uttar Pradesh State Board,Radha Niketan College Kanpur,Electronics & Telecommunication,93,12th,14/03/2010,18/09/2014,Full Time,NITA,Motilal Nehru National Institute of Technology Allahabad,Electronics & Telecommunication,81,BE,20/07/2015,22/01/2018,Full Time,NITIE,NITIE Mumbai,Mining Engineering,87,ME,0,29/03/2017,19/09/2018,Full Time,Junior Technical Consultant,TCS,Manufacturing,AGRA,India,,,,,,,,,English,Good,Good,Good,Hindi,Good,Good,Good,Marathi,Good,Good,Good,Guddu,Software Engineer,London,8009800998,,,Naukri.com
88995,Major,Uday,Bhan,uday.bhan@mailinator.com279,7864823665279,7894923645,13/04/1990,M,Single,PAN167694279,No,Behind Yaga Baba Hostel Baner,426194,KANPUR,India,579700,1340000,Mumbai,579000,2,1,30,12/06/2004,13/07/2006,Full Time,Uttar Pradesh State Board,Saraswati Vidya Mandir Kanpur,NA,92,10th,14/02/2007,25/03/2010,Full Time,Uttar Pradesh State Board,Radha Niketan College Kanpur,Electronics & Telecommunication,93,12th,14/03/2010,18/09/2014,Full Time,NITA,Motilal Nehru National Institute of Technology Allahabad,Electronics & Telecommunication,81,BE,20/07/2015,22/01/2018,Full Time,NITIE,NITIE Mumbai,Mining Engineering,87,ME,0,29/03/2017,19/09/2018,Full Time,Junior Technical Consultant,TCS,Manufacturing,AGRA,India,,,,,,,,,English,Good,Good,Good,Hindi,Good,Good,Good,Marathi,Good,Good,Good,Guddu,Software Engineer,London,8009800998,,,Naukri.com
88995,Major,Uday,Bhan,uday.bhan@mailinator.com280,7864823665280,7894923645,13/04/1990,M,Single,PAN167694280,No,Behind Yaga Baba Hostel Baner,426194,KANPUR,India,579700,1340000,Mumbai,579000,2,1,30,12/06/2004,13/07/2006,Full Time,Uttar Pradesh State Board,Saraswati Vidya Mandir Kanpur,NA,92,10th,14/02/2007,25/03/2010,Full Time,Uttar Pradesh State Board,Radha Niketan College Kanpur,Electronics & Telecommunication,93,12th,14/03/2010,18/09/2014,Full Time,NITA,Motilal Nehru National Institute of Technology Allahabad,Electronics & Telecommunication,81,BE,20/07/2015,22/01/2018,Full Time,NITIE,NITIE Mumbai,Mining Engineering,87,ME,0,29/03/2017,19/09/2018,Full Time,Junior Technical Consultant,TCS,Manufacturing,AGRA,India,,,,,,,,,English,Good,Good,Good,Hindi,Good,Good,Good,Marathi,Good,Good,Good,Guddu,Software Engineer,London,8009800998,,,Naukri.com
88995,Major,Uday,Bhan,uday.bhan@mailinator.com281,7864823665281,7894923645,13/04/1990,M,Single,PAN167694281,No,Behind Yaga Baba Hostel Baner,426194,KANPUR,India,579700,1340000,Mumbai,579000,2,1,30,12/06/2004,13/07/2006,Full Time,Uttar Pradesh State Board,Saraswati Vidya Mandir Kanpur,NA,92,10th,14/02/2007,25/03/2010,Full Time,Uttar Pradesh State Board,Radha Niketan College Kanpur,Electronics & Telecommunication,93,12th,14/03/2010,18/09/2014,Full Time,NITA,Motilal Nehru National Institute of Technology Allahabad,Electronics & Telecommunication,81,BE,20/07/2015,22/01/2018,Full Time,NITIE,NITIE Mumbai,Mining Engineering,87,ME,0,29/03/2017,19/09/2018,Full Time,Junior Technical Consultant,TCS,Manufacturing,AGRA,India,,,,,,,,,English,Good,Good,Good,Hindi,Good,Good,Good,Marathi,Good,Good,Good,Guddu,Software Engineer,London,8009800998,,,Naukri.com
88995,Major,Uday,Bhan,uday.bhan@mailinator.com282,7864823665282,7894923645,13/04/1990,M,Single,PAN167694282,No,Behind Yaga Baba Hostel Baner,426194,KANPUR,India,579700,1340000,Mumbai,579000,2,1,30,12/06/2004,13/07/2006,Full Time,Uttar Pradesh State Board,Saraswati Vidya Mandir Kanpur,NA,92,10th,14/02/2007,25/03/2010,Full Time,Uttar Pradesh State Board,Radha Niketan College Kanpur,Electronics & Telecommunication,93,12th,14/03/2010,18/09/2014,Full Time,NITA,Motilal Nehru National Institute of Technology Allahabad,Electronics & Telecommunication,81,BE,20/07/2015,22/01/2018,Full Time,NITIE,NITIE Mumbai,Mining Engineering,87,ME,0,29/03/2017,19/09/2018,Full Time,Junior Technical Consultant,TCS,Manufacturing,AGRA,India,,,,,,,,,English,Good,Good,Good,Hindi,Good,Good,Good,Marathi,Good,Good,Good,Guddu,Software Engineer,London,8009800998,,,Naukri.com
88995,Major,Uday,Bhan,uday.bhan@mailinator.com283,7864823665283,7894923645,13/04/1990,M,Single,PAN167694283,No,Behind Yaga Baba Hostel Baner,426194,KANPUR,India,579700,1340000,Mumbai,579000,2,1,30,12/06/2004,13/07/2006,Full Time,Uttar Pradesh State Board,Saraswati Vidya Mandir Kanpur,NA,92,10th,14/02/2007,25/03/2010,Full Time,Uttar Pradesh State Board,Radha Niketan College Kanpur,Electronics & Telecommunication,93,12th,14/03/2010,18/09/2014,Full Time,NITA,Motilal Nehru National Institute of Technology Allahabad,Electronics & Telecommunication,81,BE,20/07/2015,22/01/2018,Full Time,NITIE,NITIE Mumbai,Mining Engineering,87,ME,0,29/03/2017,19/09/2018,Full Time,Junior Technical Consultant,TCS,Manufacturing,AGRA,India,,,,,,,,,English,Good,Good,Good,Hindi,Good,Good,Good,Marathi,Good,Good,Good,Guddu,Software Engineer,London,8009800998,,,Naukri.com
88995,Major,Uday,Bhan,uday.bhan@mailinator.com284,7864823665284,7894923645,13/04/1990,M,Single,PAN167694284,No,Behind Yaga Baba Hostel Baner,426194,KANPUR,India,579700,1340000,Mumbai,579000,2,1,30,12/06/2004,13/07/2006,Full Time,Uttar Pradesh State Board,Saraswati Vidya Mandir Kanpur,NA,92,10th,14/02/2007,25/03/2010,Full Time,Uttar Pradesh State Board,Radha Niketan College Kanpur,Electronics & Telecommunication,93,12th,14/03/2010,18/09/2014,Full Time,NITA,Motilal Nehru National Institute of Technology Allahabad,Electronics & Telecommunication,81,BE,20/07/2015,22/01/2018,Full Time,NITIE,NITIE Mumbai,Mining Engineering,87,ME,0,29/03/2017,19/09/2018,Full Time,Junior Technical Consultant,TCS,Manufacturing,AGRA,India,,,,,,,,,English,Good,Good,Good,Hindi,Good,Good,Good,Marathi,Good,Good,Good,Guddu,Software Engineer,London,8009800998,,,Naukri.com
88995,Major,Uday,Bhan,uday.bhan@mailinator.com285,7864823665285,7894923645,13/04/1990,M,Single,PAN167694285,No,Behind Yaga Baba Hostel Baner,426194,KANPUR,India,579700,1340000,Mumbai,579000,2,1,30,12/06/2004,13/07/2006,Full Time,Uttar Pradesh State Board,Saraswati Vidya Mandir Kanpur,NA,92,10th,14/02/2007,25/03/2010,Full Time,Uttar Pradesh State Board,Radha Niketan College Kanpur,Electronics & Telecommunication,93,12th,14/03/2010,18/09/2014,Full Time,NITA,Motilal Nehru National Institute of Technology Allahabad,Electronics & Telecommunication,81,BE,20/07/2015,22/01/2018,Full Time,NITIE,NITIE Mumbai,Mining Engineering,87,ME,0,29/03/2017,19/09/2018,Full Time,Junior Technical Consultant,TCS,Manufacturing,AGRA,India,,,,,,,,,English,Good,Good,Good,Hindi,Good,Good,Good,Marathi,Good,Good,Good,Guddu,Software Engineer,London,8009800998,,,Naukri.com
88995,Major,Uday,Bhan,uday.bhan@mailinator.com286,7864823665286,7894923645,13/04/1990,M,Single,PAN167694286,No,Behind Yaga Baba Hostel Baner,426194,KANPUR,India,579700,1340000,Mumbai,579000,2,1,30,12/06/2004,13/07/2006,Full Time,Uttar Pradesh State Board,Saraswati Vidya Mandir Kanpur,NA,92,10th,14/02/2007,25/03/2010,Full Time,Uttar Pradesh State Board,Radha Niketan College Kanpur,Electronics & Telecommunication,93,12th,14/03/2010,18/09/2014,Full Time,NITA,Motilal Nehru National Institute of Technology Allahabad,Electronics & Telecommunication,81,BE,20/07/2015,22/01/2018,Full Time,NITIE,NITIE Mumbai,Mining Engineering,87,ME,0,29/03/2017,19/09/2018,Full Time,Junior Technical Consultant,TCS,Manufacturing,AGRA,India,,,,,,,,,English,Good,Good,Good,Hindi,Good,Good,Good,Marathi,Good,Good,Good,Guddu,Software Engineer,London,8009800998,,,Naukri.com
88995,Major,Uday,Bhan,uday.bhan@mailinator.com287,7864823665287,7894923645,13/04/1990,M,Single,PAN167694287,No,Behind Yaga Baba Hostel Baner,426194,KANPUR,India,579700,1340000,Mumbai,579000,2,1,30,12/06/2004,13/07/2006,Full Time,Uttar Pradesh State Board,Saraswati Vidya Mandir Kanpur,NA,92,10th,14/02/2007,25/03/2010,Full Time,Uttar Pradesh State Board,Radha Niketan College Kanpur,Electronics & Telecommunication,93,12th,14/03/2010,18/09/2014,Full Time,NITA,Motilal Nehru National Institute of Technology Allahabad,Electronics & Telecommunication,81,BE,20/07/2015,22/01/2018,Full Time,NITIE,NITIE Mumbai,Mining Engineering,87,ME,0,29/03/2017,19/09/2018,Full Time,Junior Technical Consultant,TCS,Manufacturing,AGRA,India,,,,,,,,,English,Good,Good,Good,Hindi,Good,Good,Good,Marathi,Good,Good,Good,Guddu,Software Engineer,London,8009800998,,,Naukri.com
88995,Major,Uday,Bhan,uday.bhan@mailinator.com288,7864823665288,7894923645,13/04/1990,M,Single,PAN167694288,No,Behind Yaga Baba Hostel Baner,426194,KANPUR,India,579700,1340000,Mumbai,579000,2,1,30,12/06/2004,13/07/2006,Full Time,Uttar Pradesh State Board,Saraswati Vidya Mandir Kanpur,NA,92,10th,14/02/2007,25/03/2010,Full Time,Uttar Pradesh State Board,Radha Niketan College Kanpur,Electronics & Telecommunication,93,12th,14/03/2010,18/09/2014,Full Time,NITA,Motilal Nehru National Institute of Technology Allahabad,Electronics & Telecommunication,81,BE,20/07/2015,22/01/2018,Full Time,NITIE,NITIE Mumbai,Mining Engineering,87,ME,0,29/03/2017,19/09/2018,Full Time,Junior Technical Consultant,TCS,Manufacturing,AGRA,India,,,,,,,,,English,Good,Good,Good,Hindi,Good,Good,Good,Marathi,Good,Good,Good,Guddu,Software Engineer,London,8009800998,,,Naukri.com
88995,Major,Uday,Bhan,uday.bhan@mailinator.com289,7864823665289,7894923645,13/04/1990,M,Single,PAN167694289,No,Behind Yaga Baba Hostel Baner,426194,KANPUR,India,579700,1340000,Mumbai,579000,2,1,30,12/06/2004,13/07/2006,Full Time,Uttar Pradesh State Board,Saraswati Vidya Mandir Kanpur,NA,92,10th,14/02/2007,25/03/2010,Full Time,Uttar Pradesh State Board,Radha Niketan College Kanpur,Electronics & Telecommunication,93,12th,14/03/2010,18/09/2014,Full Time,NITA,Motilal Nehru National Institute of Technology Allahabad,Electronics & Telecommunication,81,BE,20/07/2015,22/01/2018,Full Time,NITIE,NITIE Mumbai,Mining Engineering,87,ME,0,29/03/2017,19/09/2018,Full Time,Junior Technical Consultant,TCS,Manufacturing,AGRA,India,,,,,,,,,English,Good,Good,Good,Hindi,Good,Good,Good,Marathi,Good,Good,Good,Guddu,Software Engineer,London,8009800998,,,Naukri.com
88995,Major,Uday,Bhan,uday.bhan@mailinator.com290,7864823665290,7894923645,13/04/1990,M,Single,PAN167694290,No,Behind Yaga Baba Hostel Baner,426194,KANPUR,India,579700,1340000,Mumbai,579000,2,1,30,12/06/2004,13/07/2006,Full Time,Uttar Pradesh State Board,Saraswati Vidya Mandir Kanpur,NA,92,10th,14/02/2007,25/03/2010,Full Time,Uttar Pradesh State Board,Radha Niketan College Kanpur,Electronics & Telecommunication,93,12th,14/03/2010,18/09/2014,Full Time,NITA,Motilal Nehru National Institute of Technology Allahabad,Electronics & Telecommunication,81,BE,20/07/2015,22/01/2018,Full Time,NITIE,NITIE Mumbai,Mining Engineering,87,ME,0,29/03/2017,19/09/2018,Full Time,Junior Technical Consultant,TCS,Manufacturing,AGRA,India,,,,,,,,,English,Good,Good,Good,Hindi,Good,Good,Good,Marathi,Good,Good,Good,Guddu,Software Engineer,London,8009800998,,,Naukri.com
88995,Major,Uday,Bhan,uday.bhan@mailinator.com291,7864823665291,7894923645,13/04/1990,M,Single,PAN167694291,No,Behind Yaga Baba Hostel Baner,426194,KANPUR,India,579700,1340000,Mumbai,579000,2,1,30,12/06/2004,13/07/2006,Full Time,Uttar Pradesh State Board,Saraswati Vidya Mandir Kanpur,NA,92,10th,14/02/2007,25/03/2010,Full Time,Uttar Pradesh State Board,Radha Niketan College Kanpur,Electronics & Telecommunication,93,12th,14/03/2010,18/09/2014,Full Time,NITA,Motilal Nehru National Institute of Technology Allahabad,Electronics & Telecommunication,81,BE,20/07/2015,22/01/2018,Full Time,NITIE,NITIE Mumbai,Mining Engineering,87,ME,0,29/03/2017,19/09/2018,Full Time,Junior Technical Consultant,TCS,Manufacturing,AGRA,India,,,,,,,,,English,Good,Good,Good,Hindi,Good,Good,Good,Marathi,Good,Good,Good,Guddu,Software Engineer,London,8009800998,,,Naukri.com
88995,Major,Uday,Bhan,uday.bhan@mailinator.com292,7864823665292,7894923645,13/04/1990,M,Single,PAN167694292,No,Behind Yaga Baba Hostel Baner,426194,KANPUR,India,579700,1340000,Mumbai,579000,2,1,30,12/06/2004,13/07/2006,Full Time,Uttar Pradesh State Board,Saraswati Vidya Mandir Kanpur,NA,92,10th,14/02/2007,25/03/2010,Full Time,Uttar Pradesh State Board,Radha Niketan College Kanpur,Electronics & Telecommunication,93,12th,14/03/2010,18/09/2014,Full Time,NITA,Motilal Nehru National Institute of Technology Allahabad,Electronics & Telecommunication,81,BE,20/07/2015,22/01/2018,Full Time,NITIE,NITIE Mumbai,Mining Engineering,87,ME,0,29/03/2017,19/09/2018,Full Time,Junior Technical Consultant,TCS,Manufacturing,AGRA,India,,,,,,,,,English,Good,Good,Good,Hindi,Good,Good,Good,Marathi,Good,Good,Good,Guddu,Software Engineer,London,8009800998,,,Naukri.com
88995,Major,Uday,Bhan,uday.bhan@mailinator.com293,7864823665293,7894923645,13/04/1990,M,Single,PAN167694293,No,Behind Yaga Baba Hostel Baner,426194,KANPUR,India,579700,1340000,Mumbai,579000,2,1,30,12/06/2004,13/07/2006,Full Time,Uttar Pradesh State Board,Saraswati Vidya Mandir Kanpur,NA,92,10th,14/02/2007,25/03/2010,Full Time,Uttar Pradesh State Board,Radha Niketan College Kanpur,Electronics & Telecommunication,93,12th,14/03/2010,18/09/2014,Full Time,NITA,Motilal Nehru National Institute of Technology Allahabad,Electronics & Telecommunication,81,BE,20/07/2015,22/01/2018,Full Time,NITIE,NITIE Mumbai,Mining Engineering,87,ME,0,29/03/2017,19/09/2018,Full Time,Junior Technical Consultant,TCS,Manufacturing,AGRA,India,,,,,,,,,English,Good,Good,Good,Hindi,Good,Good,Good,Marathi,Good,Good,Good,Guddu,Software Engineer,London,8009800998,,,Naukri.com
88995,Major,Uday,Bhan,uday.bhan@mailinator.com294,7864823665294,7894923645,13/04/1990,M,Single,PAN167694294,No,Behind Yaga Baba Hostel Baner,426194,KANPUR,India,579700,1340000,Mumbai,579000,2,1,30,12/06/2004,13/07/2006,Full Time,Uttar Pradesh State Board,Saraswati Vidya Mandir Kanpur,NA,92,10th,14/02/2007,25/03/2010,Full Time,Uttar Pradesh State Board,Radha Niketan College Kanpur,Electronics & Telecommunication,93,12th,14/03/2010,18/09/2014,Full Time,NITA,Motilal Nehru National Institute of Technology Allahabad,Electronics & Telecommunication,81,BE,20/07/2015,22/01/2018,Full Time,NITIE,NITIE Mumbai,Mining Engineering,87,ME,0,29/03/2017,19/09/2018,Full Time,Junior Technical Consultant,TCS,Manufacturing,AGRA,India,,,,,,,,,English,Good,Good,Good,Hindi,Good,Good,Good,Marathi,Good,Good,Good,Guddu,Software Engineer,London,8009800998,,,Naukri.com
88995,Major,Uday,Bhan,uday.bhan@mailinator.com295,7864823665295,7894923645,13/04/1990,M,Single,PAN167694295,No,Behind Yaga Baba Hostel Baner,426194,KANPUR,India,579700,1340000,Mumbai,579000,2,1,30,12/06/2004,13/07/2006,Full Time,Uttar Pradesh State Board,Saraswati Vidya Mandir Kanpur,NA,92,10th,14/02/2007,25/03/2010,Full Time,Uttar Pradesh State Board,Radha Niketan College Kanpur,Electronics & Telecommunication,93,12th,14/03/2010,18/09/2014,Full Time,NITA,Motilal Nehru National Institute of Technology Allahabad,Electronics & Telecommunication,81,BE,20/07/2015,22/01/2018,Full Time,NITIE,NITIE Mumbai,Mining Engineering,87,ME,0,29/03/2017,19/09/2018,Full Time,Junior Technical Consultant,TCS,Manufacturing,AGRA,India,,,,,,,,,English,Good,Good,Good,Hindi,Good,Good,Good,Marathi,Good,Good,Good,Guddu,Software Engineer,London,8009800998,,,Naukri.com
88995,Major,Uday,Bhan,uday.bhan@mailinator.com296,7864823665296,7894923645,13/04/1990,M,Single,PAN167694296,No,Behind Yaga Baba Hostel Baner,426194,KANPUR,India,579700,1340000,Mumbai,579000,2,1,30,12/06/2004,13/07/2006,Full Time,Uttar Pradesh State Board,Saraswati Vidya Mandir Kanpur,NA,92,10th,14/02/2007,25/03/2010,Full Time,Uttar Pradesh State Board,Radha Niketan College Kanpur,Electronics & Telecommunication,93,12th,14/03/2010,18/09/2014,Full Time,NITA,Motilal Nehru National Institute of Technology Allahabad,Electronics & Telecommunication,81,BE,20/07/2015,22/01/2018,Full Time,NITIE,NITIE Mumbai,Mining Engineering,87,ME,0,29/03/2017,19/09/2018,Full Time,Junior Technical Consultant,TCS,Manufacturing,AGRA,India,,,,,,,,,English,Good,Good,Good,Hindi,Good,Good,Good,Marathi,Good,Good,Good,Guddu,Software Engineer,London,8009800998,,,Naukri.com
88995,Major,Uday,Bhan,uday.bhan@mailinator.com297,7864823665297,7894923645,13/04/1990,M,Single,PAN167694297,No,Behind Yaga Baba Hostel Baner,426194,KANPUR,India,579700,1340000,Mumbai,579000,2,1,30,12/06/2004,13/07/2006,Full Time,Uttar Pradesh State Board,Saraswati Vidya Mandir Kanpur,NA,92,10th,14/02/2007,25/03/2010,Full Time,Uttar Pradesh State Board,Radha Niketan College Kanpur,Electronics & Telecommunication,93,12th,14/03/2010,18/09/2014,Full Time,NITA,Motilal Nehru National Institute of Technology Allahabad,Electronics & Telecommunication,81,BE,20/07/2015,22/01/2018,Full Time,NITIE,NITIE Mumbai,Mining Engineering,87,ME,0,29/03/2017,19/09/2018,Full Time,Junior Technical Consultant,TCS,Manufacturing,AGRA,India,,,,,,,,,English,Good,Good,Good,Hindi,Good,Good,Good,Marathi,Good,Good,Good,Guddu,Software Engineer,London,8009800998,,,Naukri.com
88995,Major,Uday,Bhan,uday.bhan@mailinator.com298,7864823665298,7894923645,13/04/1990,M,Single,PAN167694298,No,Behind Yaga Baba Hostel Baner,426194,KANPUR,India,579700,1340000,Mumbai,579000,2,1,30,12/06/2004,13/07/2006,Full Time,Uttar Pradesh State Board,Saraswati Vidya Mandir Kanpur,NA,92,10th,14/02/2007,25/03/2010,Full Time,Uttar Pradesh State Board,Radha Niketan College Kanpur,Electronics & Telecommunication,93,12th,14/03/2010,18/09/2014,Full Time,NITA,Motilal Nehru National Institute of Technology Allahabad,Electronics & Telecommunication,81,BE,20/07/2015,22/01/2018,Full Time,NITIE,NITIE Mumbai,Mining Engineering,87,ME,0,29/03/2017,19/09/2018,Full Time,Junior Technical Consultant,TCS,Manufacturing,AGRA,India,,,,,,,,,English,Good,Good,Good,Hindi,Good,Good,Good,Marathi,Good,Good,Good,Guddu,Software Engineer,London,8009800998,,,Naukri.com
88995,Major,Uday,Bhan,uday.bhan@mailinator.com299,7864823665299,7894923645,13/04/1990,M,Single,PAN167694299,No,Behind Yaga Baba Hostel Baner,426194,KANPUR,India,579700,1340000,Mumbai,579000,2,1,30,12/06/2004,13/07/2006,Full Time,Uttar Pradesh State Board,Saraswati Vidya Mandir Kanpur,NA,92,10th,14/02/2007,25/03/2010,Full Time,Uttar Pradesh State Board,Radha Niketan College Kanpur,Electronics & Telecommunication,93,12th,14/03/2010,18/09/2014,Full Time,NITA,Motilal Nehru National Institute of Technology Allahabad,Electronics & Telecommunication,81,BE,20/07/2015,22/01/2018,Full Time,NITIE,NITIE Mumbai,Mining Engineering,87,ME,0,29/03/2017,19/09/2018,Full Time,Junior Technical Consultant,TCS,Manufacturing,AGRA,India,,,,,,,,,English,Good,Good,Good,Hindi,Good,Good,Good,Marathi,Good,Good,Good,Guddu,Software Engineer,London,8009800998,,,Naukri.com
88995,Major,Uday,Bhan,uday.bhan@mailinator.com300,7864823665300,7894923645,13/04/1990,M,Single,PAN167694300,No,Behind Yaga Baba Hostel Baner,426194,KANPUR,India,579700,1340000,Mumbai,579000,2,1,30,12/06/2004,13/07/2006,Full Time,Uttar Pradesh State Board,Saraswati Vidya Mandir Kanpur,NA,92,10th,14/02/2007,25/03/2010,Full Time,Uttar Pradesh State Board,Radha Niketan College Kanpur,Electronics & Telecommunication,93,12th,14/03/2010,18/09/2014,Full Time,NITA,Motilal Nehru National Institute of Technology Allahabad,Electronics & Telecommunication,81,BE,20/07/2015,22/01/2018,Full Time,NITIE,NITIE Mumbai,Mining Engineering,87,ME,0,29/03/2017,19/09/2018,Full Time,Junior Technical Consultant,TCS,Manufacturing,AGRA,India,,,,,,,,,English,Good,Good,Good,Hindi,Good,Good,Good,Marathi,Good,Good,Good,Guddu,Software Engineer,London,8009800998,,,Naukri.com
88995,Major,Uday,Bhan,uday.bhan@mailinator.com301,7864823665301,7894923645,13/04/1990,M,Single,PAN167694301,No,Behind Yaga Baba Hostel Baner,426194,KANPUR,India,579700,1340000,Mumbai,579000,2,1,30,12/06/2004,13/07/2006,Full Time,Uttar Pradesh State Board,Saraswati Vidya Mandir Kanpur,NA,92,10th,14/02/2007,25/03/2010,Full Time,Uttar Pradesh State Board,Radha Niketan College Kanpur,Electronics & Telecommunication,93,12th,14/03/2010,18/09/2014,Full Time,NITA,Motilal Nehru National Institute of Technology Allahabad,Electronics & Telecommunication,81,BE,20/07/2015,22/01/2018,Full Time,NITIE,NITIE Mumbai,Mining Engineering,87,ME,0,29/03/2017,19/09/2018,Full Time,Junior Technical Consultant,TCS,Manufacturing,AGRA,India,,,,,,,,,English,Good,Good,Good,Hindi,Good,Good,Good,Marathi,Good,Good,Good,Guddu,Software Engineer,London,8009800998,,,Naukri.com
88995,Major,Uday,Bhan,uday.bhan@mailinator.com302,7864823665302,7894923645,13/04/1990,M,Single,PAN167694302,No,Behind Yaga Baba Hostel Baner,426194,KANPUR,India,579700,1340000,Mumbai,579000,2,1,30,12/06/2004,13/07/2006,Full Time,Uttar Pradesh State Board,Saraswati Vidya Mandir Kanpur,NA,92,10th,14/02/2007,25/03/2010,Full Time,Uttar Pradesh State Board,Radha Niketan College Kanpur,Electronics & Telecommunication,93,12th,14/03/2010,18/09/2014,Full Time,NITA,Motilal Nehru National Institute of Technology Allahabad,Electronics & Telecommunication,81,BE,20/07/2015,22/01/2018,Full Time,NITIE,NITIE Mumbai,Mining Engineering,87,ME,0,29/03/2017,19/09/2018,Full Time,Junior Technical Consultant,TCS,Manufacturing,AGRA,India,,,,,,,,,English,Good,Good,Good,Hindi,Good,Good,Good,Marathi,Good,Good,Good,Guddu,Software Engineer,London,8009800998,,,Naukri.com
88995,Major,Uday,Bhan,uday.bhan@mailinator.com303,7864823665303,7894923645,13/04/1990,M,Single,PAN167694303,No,Behind Yaga Baba Hostel Baner,426194,KANPUR,India,579700,1340000,Mumbai,579000,2,1,30,12/06/2004,13/07/2006,Full Time,Uttar Pradesh State Board,Saraswati Vidya Mandir Kanpur,NA,92,10th,14/02/2007,25/03/2010,Full Time,Uttar Pradesh State Board,Radha Niketan College Kanpur,Electronics & Telecommunication,93,12th,14/03/2010,18/09/2014,Full Time,NITA,Motilal Nehru National Institute of Technology Allahabad,Electronics & Telecommunication,81,BE,20/07/2015,22/01/2018,Full Time,NITIE,NITIE Mumbai,Mining Engineering,87,ME,0,29/03/2017,19/09/2018,Full Time,Junior Technical Consultant,TCS,Manufacturing,AGRA,India,,,,,,,,,English,Good,Good,Good,Hindi,Good,Good,Good,Marathi,Good,Good,Good,Guddu,Software Engineer,London,8009800998,,,Naukri.com
88995,Major,Uday,Bhan,uday.bhan@mailinator.com304,7864823665304,7894923645,13/04/1990,M,Single,PAN167694304,No,Behind Yaga Baba Hostel Baner,426194,KANPUR,India,579700,1340000,Mumbai,579000,2,1,30,12/06/2004,13/07/2006,Full Time,Uttar Pradesh State Board,Saraswati Vidya Mandir Kanpur,NA,92,10th,14/02/2007,25/03/2010,Full Time,Uttar Pradesh State Board,Radha Niketan College Kanpur,Electronics & Telecommunication,93,12th,14/03/2010,18/09/2014,Full Time,NITA,Motilal Nehru National Institute of Technology Allahabad,Electronics & Telecommunication,81,BE,20/07/2015,22/01/2018,Full Time,NITIE,NITIE Mumbai,Mining Engineering,87,ME,0,29/03/2017,19/09/2018,Full Time,Junior Technical Consultant,TCS,Manufacturing,AGRA,India,,,,,,,,,English,Good,Good,Good,Hindi,Good,Good,Good,Marathi,Good,Good,Good,Guddu,Software Engineer,London,8009800998,,,Naukri.com
88995,Major,Uday,Bhan,uday.bhan@mailinator.com305,7864823665305,7894923645,13/04/1990,M,Single,PAN167694305,No,Behind Yaga Baba Hostel Baner,426194,KANPUR,India,579700,1340000,Mumbai,579000,2,1,30,12/06/2004,13/07/2006,Full Time,Uttar Pradesh State Board,Saraswati Vidya Mandir Kanpur,NA,92,10th,14/02/2007,25/03/2010,Full Time,Uttar Pradesh State Board,Radha Niketan College Kanpur,Electronics & Telecommunication,93,12th,14/03/2010,18/09/2014,Full Time,NITA,Motilal Nehru National Institute of Technology Allahabad,Electronics & Telecommunication,81,BE,20/07/2015,22/01/2018,Full Time,NITIE,NITIE Mumbai,Mining Engineering,87,ME,0,29/03/2017,19/09/2018,Full Time,Junior Technical Consultant,TCS,Manufacturing,AGRA,India,,,,,,,,,English,Good,Good,Good,Hindi,Good,Good,Good,Marathi,Good,Good,Good,Guddu,Software Engineer,London,8009800998,,,Naukri.com
88995,Major,Uday,Bhan,uday.bhan@mailinator.com306,7864823665306,7894923645,13/04/1990,M,Single,PAN167694306,No,Behind Yaga Baba Hostel Baner,426194,KANPUR,India,579700,1340000,Mumbai,579000,2,1,30,12/06/2004,13/07/2006,Full Time,Uttar Pradesh State Board,Saraswati Vidya Mandir Kanpur,NA,92,10th,14/02/2007,25/03/2010,Full Time,Uttar Pradesh State Board,Radha Niketan College Kanpur,Electronics & Telecommunication,93,12th,14/03/2010,18/09/2014,Full Time,NITA,Motilal Nehru National Institute of Technology Allahabad,Electronics & Telecommunication,81,BE,20/07/2015,22/01/2018,Full Time,NITIE,NITIE Mumbai,Mining Engineering,87,ME,0,29/03/2017,19/09/2018,Full Time,Junior Technical Consultant,TCS,Manufacturing,AGRA,India,,,,,,,,,English,Good,Good,Good,Hindi,Good,Good,Good,Marathi,Good,Good,Good,Guddu,Software Engineer,London,8009800998,,,Naukri.com
88995,Major,Uday,Bhan,uday.bhan@mailinator.com307,7864823665307,7894923645,13/04/1990,M,Single,PAN167694307,No,Behind Yaga Baba Hostel Baner,426194,KANPUR,India,579700,1340000,Mumbai,579000,2,1,30,12/06/2004,13/07/2006,Full Time,Uttar Pradesh State Board,Saraswati Vidya Mandir Kanpur,NA,92,10th,14/02/2007,25/03/2010,Full Time,Uttar Pradesh State Board,Radha Niketan College Kanpur,Electronics & Telecommunication,93,12th,14/03/2010,18/09/2014,Full Time,NITA,Motilal Nehru National Institute of Technology Allahabad,Electronics & Telecommunication,81,BE,20/07/2015,22/01/2018,Full Time,NITIE,NITIE Mumbai,Mining Engineering,87,ME,0,29/03/2017,19/09/2018,Full Time,Junior Technical Consultant,TCS,Manufacturing,AGRA,India,,,,,,,,,English,Good,Good,Good,Hindi,Good,Good,Good,Marathi,Good,Good,Good,Guddu,Software Engineer,London,8009800998,,,Naukri.com
88995,Major,Uday,Bhan,uday.bhan@mailinator.com308,7864823665308,7894923645,13/04/1990,M,Single,PAN167694308,No,Behind Yaga Baba Hostel Baner,426194,KANPUR,India,579700,1340000,Mumbai,579000,2,1,30,12/06/2004,13/07/2006,Full Time,Uttar Pradesh State Board,Saraswati Vidya Mandir Kanpur,NA,92,10th,14/02/2007,25/03/2010,Full Time,Uttar Pradesh State Board,Radha Niketan College Kanpur,Electronics & Telecommunication,93,12th,14/03/2010,18/09/2014,Full Time,NITA,Motilal Nehru National Institute of Technology Allahabad,Electronics & Telecommunication,81,BE,20/07/2015,22/01/2018,Full Time,NITIE,NITIE Mumbai,Mining Engineering,87,ME,0,29/03/2017,19/09/2018,Full Time,Junior Technical Consultant,TCS,Manufacturing,AGRA,India,,,,,,,,,English,Good,Good,Good,Hindi,Good,Good,Good,Marathi,Good,Good,Good,Guddu,Software Engineer,London,8009800998,,,Naukri.com
88995,Major,Uday,Bhan,uday.bhan@mailinator.com309,7864823665309,7894923645,13/04/1990,M,Single,PAN167694309,No,Behind Yaga Baba Hostel Baner,426194,KANPUR,India,579700,1340000,Mumbai,579000,2,1,30,12/06/2004,13/07/2006,Full Time,Uttar Pradesh State Board,Saraswati Vidya Mandir Kanpur,NA,92,10th,14/02/2007,25/03/2010,Full Time,Uttar Pradesh State Board,Radha Niketan College Kanpur,Electronics & Telecommunication,93,12th,14/03/2010,18/09/2014,Full Time,NITA,Motilal Nehru National Institute of Technology Allahabad,Electronics & Telecommunication,81,BE,20/07/2015,22/01/2018,Full Time,NITIE,NITIE Mumbai,Mining Engineering,87,ME,0,29/03/2017,19/09/2018,Full Time,Junior Technical Consultant,TCS,Manufacturing,AGRA,India,,,,,,,,,English,Good,Good,Good,Hindi,Good,Good,Good,Marathi,Good,Good,Good,Guddu,Software Engineer,London,8009800998,,,Naukri.com
88995,Major,Uday,Bhan,uday.bhan@mailinator.com310,7864823665310,7894923645,13/04/1990,M,Single,PAN167694310,No,Behind Yaga Baba Hostel Baner,426194,KANPUR,India,579700,1340000,Mumbai,579000,2,1,30,12/06/2004,13/07/2006,Full Time,Uttar Pradesh State Board,Saraswati Vidya Mandir Kanpur,NA,92,10th,14/02/2007,25/03/2010,Full Time,Uttar Pradesh State Board,Radha Niketan College Kanpur,Electronics & Telecommunication,93,12th,14/03/2010,18/09/2014,Full Time,NITA,Motilal Nehru National Institute of Technology Allahabad,Electronics & Telecommunication,81,BE,20/07/2015,22/01/2018,Full Time,NITIE,NITIE Mumbai,Mining Engineering,87,ME,0,29/03/2017,19/09/2018,Full Time,Junior Technical Consultant,TCS,Manufacturing,AGRA,India,,,,,,,,,English,Good,Good,Good,Hindi,Good,Good,Good,Marathi,Good,Good,Good,Guddu,Software Engineer,London,8009800998,,,Naukri.com
88995,Major,Uday,Bhan,uday.bhan@mailinator.com311,7864823665311,7894923645,13/04/1990,M,Single,PAN167694311,No,Behind Yaga Baba Hostel Baner,426194,KANPUR,India,579700,1340000,Mumbai,579000,2,1,30,12/06/2004,13/07/2006,Full Time,Uttar Pradesh State Board,Saraswati Vidya Mandir Kanpur,NA,92,10th,14/02/2007,25/03/2010,Full Time,Uttar Pradesh State Board,Radha Niketan College Kanpur,Electronics & Telecommunication,93,12th,14/03/2010,18/09/2014,Full Time,NITA,Motilal Nehru National Institute of Technology Allahabad,Electronics & Telecommunication,81,BE,20/07/2015,22/01/2018,Full Time,NITIE,NITIE Mumbai,Mining Engineering,87,ME,0,29/03/2017,19/09/2018,Full Time,Junior Technical Consultant,TCS,Manufacturing,AGRA,India,,,,,,,,,English,Good,Good,Good,Hindi,Good,Good,Good,Marathi,Good,Good,Good,Guddu,Software Engineer,London,8009800998,,,Naukri.com
88995,Major,Uday,Bhan,uday.bhan@mailinator.com312,7864823665312,7894923645,13/04/1990,M,Single,PAN167694312,No,Behind Yaga Baba Hostel Baner,426194,KANPUR,India,579700,1340000,Mumbai,579000,2,1,30,12/06/2004,13/07/2006,Full Time,Uttar Pradesh State Board,Saraswati Vidya Mandir Kanpur,NA,92,10th,14/02/2007,25/03/2010,Full Time,Uttar Pradesh State Board,Radha Niketan College Kanpur,Electronics & Telecommunication,93,12th,14/03/2010,18/09/2014,Full Time,NITA,Motilal Nehru National Institute of Technology Allahabad,Electronics & Telecommunication,81,BE,20/07/2015,22/01/2018,Full Time,NITIE,NITIE Mumbai,Mining Engineering,87,ME,0,29/03/2017,19/09/2018,Full Time,Junior Technical Consultant,TCS,Manufacturing,AGRA,India,,,,,,,,,English,Good,Good,Good,Hindi,Good,Good,Good,Marathi,Good,Good,Good,Guddu,Software Engineer,London,8009800998,,,Naukri.com
88995,Major,Uday,Bhan,uday.bhan@mailinator.com313,7864823665313,7894923645,13/04/1990,M,Single,PAN167694313,No,Behind Yaga Baba Hostel Baner,426194,KANPUR,India,579700,1340000,Mumbai,579000,2,1,30,12/06/2004,13/07/2006,Full Time,Uttar Pradesh State Board,Saraswati Vidya Mandir Kanpur,NA,92,10th,14/02/2007,25/03/2010,Full Time,Uttar Pradesh State Board,Radha Niketan College Kanpur,Electronics & Telecommunication,93,12th,14/03/2010,18/09/2014,Full Time,NITA,Motilal Nehru National Institute of Technology Allahabad,Electronics & Telecommunication,81,BE,20/07/2015,22/01/2018,Full Time,NITIE,NITIE Mumbai,Mining Engineering,87,ME,0,29/03/2017,19/09/2018,Full Time,Junior Technical Consultant,TCS,Manufacturing,AGRA,India,,,,,,,,,English,Good,Good,Good,Hindi,Good,Good,Good,Marathi,Good,Good,Good,Guddu,Software Engineer,London,8009800998,,,Naukri.com
88995,Major,Uday,Bhan,uday.bhan@mailinator.com314,7864823665314,7894923645,13/04/1990,M,Single,PAN167694314,No,Behind Yaga Baba Hostel Baner,426194,KANPUR,India,579700,1340000,Mumbai,579000,2,1,30,12/06/2004,13/07/2006,Full Time,Uttar Pradesh State Board,Saraswati Vidya Mandir Kanpur,NA,92,10th,14/02/2007,25/03/2010,Full Time,Uttar Pradesh State Board,Radha Niketan College Kanpur,Electronics & Telecommunication,93,12th,14/03/2010,18/09/2014,Full Time,NITA,Motilal Nehru National Institute of Technology Allahabad,Electronics & Telecommunication,81,BE,20/07/2015,22/01/2018,Full Time,NITIE,NITIE Mumbai,Mining Engineering,87,ME,0,29/03/2017,19/09/2018,Full Time,Junior Technical Consultant,TCS,Manufacturing,AGRA,India,,,,,,,,,English,Good,Good,Good,Hindi,Good,Good,Good,Marathi,Good,Good,Good,Guddu,Software Engineer,London,8009800998,,,Naukri.com
88995,Major,Uday,Bhan,uday.bhan@mailinator.com315,7864823665315,7894923645,13/04/1990,M,Single,PAN167694315,No,Behind Yaga Baba Hostel Baner,426194,KANPUR,India,579700,1340000,Mumbai,579000,2,1,30,12/06/2004,13/07/2006,Full Time,Uttar Pradesh State Board,Saraswati Vidya Mandir Kanpur,NA,92,10th,14/02/2007,25/03/2010,Full Time,Uttar Pradesh State Board,Radha Niketan College Kanpur,Electronics & Telecommunication,93,12th,14/03/2010,18/09/2014,Full Time,NITA,Motilal Nehru National Institute of Technology Allahabad,Electronics & Telecommunication,81,BE,20/07/2015,22/01/2018,Full Time,NITIE,NITIE Mumbai,Mining Engineering,87,ME,0,29/03/2017,19/09/2018,Full Time,Junior Technical Consultant,TCS,Manufacturing,AGRA,India,,,,,,,,,English,Good,Good,Good,Hindi,Good,Good,Good,Marathi,Good,Good,Good,Guddu,Software Engineer,London,8009800998,,,Naukri.com
88995,Major,Uday,Bhan,uday.bhan@mailinator.com316,7864823665316,7894923645,13/04/1990,M,Single,PAN167694316,No,Behind Yaga Baba Hostel Baner,426194,KANPUR,India,579700,1340000,Mumbai,579000,2,1,30,12/06/2004,13/07/2006,Full Time,Uttar Pradesh State Board,Saraswati Vidya Mandir Kanpur,NA,92,10th,14/02/2007,25/03/2010,Full Time,Uttar Pradesh State Board,Radha Niketan College Kanpur,Electronics & Telecommunication,93,12th,14/03/2010,18/09/2014,Full Time,NITA,Motilal Nehru National Institute of Technology Allahabad,Electronics & Telecommunication,81,BE,20/07/2015,22/01/2018,Full Time,NITIE,NITIE Mumbai,Mining Engineering,87,ME,0,29/03/2017,19/09/2018,Full Time,Junior Technical Consultant,TCS,Manufacturing,AGRA,India,,,,,,,,,English,Good,Good,Good,Hindi,Good,Good,Good,Marathi,Good,Good,Good,Guddu,Software Engineer,London,8009800998,,,Naukri.com
88995,Major,Uday,Bhan,uday.bhan@mailinator.com317,7864823665317,7894923645,13/04/1990,M,Single,PAN167694317,No,Behind Yaga Baba Hostel Baner,426194,KANPUR,India,579700,1340000,Mumbai,579000,2,1,30,12/06/2004,13/07/2006,Full Time,Uttar Pradesh State Board,Saraswati Vidya Mandir Kanpur,NA,92,10th,14/02/2007,25/03/2010,Full Time,Uttar Pradesh State Board,Radha Niketan College Kanpur,Electronics & Telecommunication,93,12th,14/03/2010,18/09/2014,Full Time,NITA,Motilal Nehru National Institute of Technology Allahabad,Electronics & Telecommunication,81,BE,20/07/2015,22/01/2018,Full Time,NITIE,NITIE Mumbai,Mining Engineering,87,ME,0,29/03/2017,19/09/2018,Full Time,Junior Technical Consultant,TCS,Manufacturing,AGRA,India,,,,,,,,,English,Good,Good,Good,Hindi,Good,Good,Good,Marathi,Good,Good,Good,Guddu,Software Engineer,London,8009800998,,,Naukri.com
88995,Major,Uday,Bhan,uday.bhan@mailinator.com318,7864823665318,7894923645,13/04/1990,M,Single,PAN167694318,No,Behind Yaga Baba Hostel Baner,426194,KANPUR,India,579700,1340000,Mumbai,579000,2,1,30,12/06/2004,13/07/2006,Full Time,Uttar Pradesh State Board,Saraswati Vidya Mandir Kanpur,NA,92,10th,14/02/2007,25/03/2010,Full Time,Uttar Pradesh State Board,Radha Niketan College Kanpur,Electronics & Telecommunication,93,12th,14/03/2010,18/09/2014,Full Time,NITA,Motilal Nehru National Institute of Technology Allahabad,Electronics & Telecommunication,81,BE,20/07/2015,22/01/2018,Full Time,NITIE,NITIE Mumbai,Mining Engineering,87,ME,0,29/03/2017,19/09/2018,Full Time,Junior Technical Consultant,TCS,Manufacturing,AGRA,India,,,,,,,,,English,Good,Good,Good,Hindi,Good,Good,Good,Marathi,Good,Good,Good,Guddu,Software Engineer,London,8009800998,,,Naukri.com
88995,Major,Uday,Bhan,uday.bhan@mailinator.com319,7864823665319,7894923645,13/04/1990,M,Single,PAN167694319,No,Behind Yaga Baba Hostel Baner,426194,KANPUR,India,579700,1340000,Mumbai,579000,2,1,30,12/06/2004,13/07/2006,Full Time,Uttar Pradesh State Board,Saraswati Vidya Mandir Kanpur,NA,92,10th,14/02/2007,25/03/2010,Full Time,Uttar Pradesh State Board,Radha Niketan College Kanpur,Electronics & Telecommunication,93,12th,14/03/2010,18/09/2014,Full Time,NITA,Motilal Nehru National Institute of Technology Allahabad,Electronics & Telecommunication,81,BE,20/07/2015,22/01/2018,Full Time,NITIE,NITIE Mumbai,Mining Engineering,87,ME,0,29/03/2017,19/09/2018,Full Time,Junior Technical Consultant,TCS,Manufacturing,AGRA,India,,,,,,,,,English,Good,Good,Good,Hindi,Good,Good,Good,Marathi,Good,Good,Good,Guddu,Software Engineer,London,8009800998,,,Naukri.com
88995,Major,Uday,Bhan,uday.bhan@mailinator.com320,7864823665320,7894923645,13/04/1990,M,Single,PAN167694320,No,Behind Yaga Baba Hostel Baner,426194,KANPUR,India,579700,1340000,Mumbai,579000,2,1,30,12/06/2004,13/07/2006,Full Time,Uttar Pradesh State Board,Saraswati Vidya Mandir Kanpur,NA,92,10th,14/02/2007,25/03/2010,Full Time,Uttar Pradesh State Board,Radha Niketan College Kanpur,Electronics & Telecommunication,93,12th,14/03/2010,18/09/2014,Full Time,NITA,Motilal Nehru National Institute of Technology Allahabad,Electronics & Telecommunication,81,BE,20/07/2015,22/01/2018,Full Time,NITIE,NITIE Mumbai,Mining Engineering,87,ME,0,29/03/2017,19/09/2018,Full Time,Junior Technical Consultant,TCS,Manufacturing,AGRA,India,,,,,,,,,English,Good,Good,Good,Hindi,Good,Good,Good,Marathi,Good,Good,Good,Guddu,Software Engineer,London,8009800998,,,Naukri.com
88995,Major,Uday,Bhan,uday.bhan@mailinator.com321,7864823665321,7894923645,13/04/1990,M,Single,PAN167694321,No,Behind Yaga Baba Hostel Baner,426194,KANPUR,India,579700,1340000,Mumbai,579000,2,1,30,12/06/2004,13/07/2006,Full Time,Uttar Pradesh State Board,Saraswati Vidya Mandir Kanpur,NA,92,10th,14/02/2007,25/03/2010,Full Time,Uttar Pradesh State Board,Radha Niketan College Kanpur,Electronics & Telecommunication,93,12th,14/03/2010,18/09/2014,Full Time,NITA,Motilal Nehru National Institute of Technology Allahabad,Electronics & Telecommunication,81,BE,20/07/2015,22/01/2018,Full Time,NITIE,NITIE Mumbai,Mining Engineering,87,ME,0,29/03/2017,19/09/2018,Full Time,Junior Technical Consultant,TCS,Manufacturing,AGRA,India,,,,,,,,,English,Good,Good,Good,Hindi,Good,Good,Good,Marathi,Good,Good,Good,Guddu,Software Engineer,London,8009800998,,,Naukri.com
88995,Major,Uday,Bhan,uday.bhan@mailinator.com322,7864823665322,7894923645,13/04/1990,M,Single,PAN167694322,No,Behind Yaga Baba Hostel Baner,426194,KANPUR,India,579700,1340000,Mumbai,579000,2,1,30,12/06/2004,13/07/2006,Full Time,Uttar Pradesh State Board,Saraswati Vidya Mandir Kanpur,NA,92,10th,14/02/2007,25/03/2010,Full Time,Uttar Pradesh State Board,Radha Niketan College Kanpur,Electronics & Telecommunication,93,12th,14/03/2010,18/09/2014,Full Time,NITA,Motilal Nehru National Institute of Technology Allahabad,Electronics & Telecommunication,81,BE,20/07/2015,22/01/2018,Full Time,NITIE,NITIE Mumbai,Mining Engineering,87,ME,0,29/03/2017,19/09/2018,Full Time,Junior Technical Consultant,TCS,Manufacturing,AGRA,India,,,,,,,,,English,Good,Good,Good,Hindi,Good,Good,Good,Marathi,Good,Good,Good,Guddu,Software Engineer,London,8009800998,,,Naukri.com
88995,Major,Uday,Bhan,uday.bhan@mailinator.com323,7864823665323,7894923645,13/04/1990,M,Single,PAN167694323,No,Behind Yaga Baba Hostel Baner,426194,KANPUR,India,579700,1340000,Mumbai,579000,2,1,30,12/06/2004,13/07/2006,Full Time,Uttar Pradesh State Board,Saraswati Vidya Mandir Kanpur,NA,92,10th,14/02/2007,25/03/2010,Full Time,Uttar Pradesh State Board,Radha Niketan College Kanpur,Electronics & Telecommunication,93,12th,14/03/2010,18/09/2014,Full Time,NITA,Motilal Nehru National Institute of Technology Allahabad,Electronics & Telecommunication,81,BE,20/07/2015,22/01/2018,Full Time,NITIE,NITIE Mumbai,Mining Engineering,87,ME,0,29/03/2017,19/09/2018,Full Time,Junior Technical Consultant,TCS,Manufacturing,AGRA,India,,,,,,,,,English,Good,Good,Good,Hindi,Good,Good,Good,Marathi,Good,Good,Good,Guddu,Software Engineer,London,8009800998,,,Naukri.com
88995,Major,Uday,Bhan,uday.bhan@mailinator.com324,7864823665324,7894923645,13/04/1990,M,Single,PAN167694324,No,Behind Yaga Baba Hostel Baner,426194,KANPUR,India,579700,1340000,Mumbai,579000,2,1,30,12/06/2004,13/07/2006,Full Time,Uttar Pradesh State Board,Saraswati Vidya Mandir Kanpur,NA,92,10th,14/02/2007,25/03/2010,Full Time,Uttar Pradesh State Board,Radha Niketan College Kanpur,Electronics & Telecommunication,93,12th,14/03/2010,18/09/2014,Full Time,NITA,Motilal Nehru National Institute of Technology Allahabad,Electronics & Telecommunication,81,BE,20/07/2015,22/01/2018,Full Time,NITIE,NITIE Mumbai,Mining Engineering,87,ME,0,29/03/2017,19/09/2018,Full Time,Junior Technical Consultant,TCS,Manufacturing,AGRA,India,,,,,,,,,English,Good,Good,Good,Hindi,Good,Good,Good,Marathi,Good,Good,Good,Guddu,Software Engineer,London,8009800998,,,Naukri.com
88995,Major,Uday,Bhan,uday.bhan@mailinator.com325,7864823665325,7894923645,13/04/1990,M,Single,PAN167694325,No,Behind Yaga Baba Hostel Baner,426194,KANPUR,India,579700,1340000,Mumbai,579000,2,1,30,12/06/2004,13/07/2006,Full Time,Uttar Pradesh State Board,Saraswati Vidya Mandir Kanpur,NA,92,10th,14/02/2007,25/03/2010,Full Time,Uttar Pradesh State Board,Radha Niketan College Kanpur,Electronics & Telecommunication,93,12th,14/03/2010,18/09/2014,Full Time,NITA,Motilal Nehru National Institute of Technology Allahabad,Electronics & Telecommunication,81,BE,20/07/2015,22/01/2018,Full Time,NITIE,NITIE Mumbai,Mining Engineering,87,ME,0,29/03/2017,19/09/2018,Full Time,Junior Technical Consultant,TCS,Manufacturing,AGRA,India,,,,,,,,,English,Good,Good,Good,Hindi,Good,Good,Good,Marathi,Good,Good,Good,Guddu,Software Engineer,London,8009800998,,,Naukri.com
88995,Major,Uday,Bhan,uday.bhan@mailinator.com326,7864823665326,7894923645,13/04/1990,M,Single,PAN167694326,No,Behind Yaga Baba Hostel Baner,426194,KANPUR,India,579700,1340000,Mumbai,579000,2,1,30,12/06/2004,13/07/2006,Full Time,Uttar Pradesh State Board,Saraswati Vidya Mandir Kanpur,NA,92,10th,14/02/2007,25/03/2010,Full Time,Uttar Pradesh State Board,Radha Niketan College Kanpur,Electronics & Telecommunication,93,12th,14/03/2010,18/09/2014,Full Time,NITA,Motilal Nehru National Institute of Technology Allahabad,Electronics & Telecommunication,81,BE,20/07/2015,22/01/2018,Full Time,NITIE,NITIE Mumbai,Mining Engineering,87,ME,0,29/03/2017,19/09/2018,Full Time,Junior Technical Consultant,TCS,Manufacturing,AGRA,India,,,,,,,,,English,Good,Good,Good,Hindi,Good,Good,Good,Marathi,Good,Good,Good,Guddu,Software Engineer,London,8009800998,,,Naukri.com
88995,Major,Uday,Bhan,uday.bhan@mailinator.com327,7864823665327,7894923645,13/04/1990,M,Single,PAN167694327,No,Behind Yaga Baba Hostel Baner,426194,KANPUR,India,579700,1340000,Mumbai,579000,2,1,30,12/06/2004,13/07/2006,Full Time,Uttar Pradesh State Board,Saraswati Vidya Mandir Kanpur,NA,92,10th,14/02/2007,25/03/2010,Full Time,Uttar Pradesh State Board,Radha Niketan College Kanpur,Electronics & Telecommunication,93,12th,14/03/2010,18/09/2014,Full Time,NITA,Motilal Nehru National Institute of Technology Allahabad,Electronics & Telecommunication,81,BE,20/07/2015,22/01/2018,Full Time,NITIE,NITIE Mumbai,Mining Engineering,87,ME,0,29/03/2017,19/09/2018,Full Time,Junior Technical Consultant,TCS,Manufacturing,AGRA,India,,,,,,,,,English,Good,Good,Good,Hindi,Good,Good,Good,Marathi,Good,Good,Good,Guddu,Software Engineer,London,8009800998,,,Naukri.com
88995,Major,Uday,Bhan,uday.bhan@mailinator.com328,7864823665328,7894923645,13/04/1990,M,Single,PAN167694328,No,Behind Yaga Baba Hostel Baner,426194,KANPUR,India,579700,1340000,Mumbai,579000,2,1,30,12/06/2004,13/07/2006,Full Time,Uttar Pradesh State Board,Saraswati Vidya Mandir Kanpur,NA,92,10th,14/02/2007,25/03/2010,Full Time,Uttar Pradesh State Board,Radha Niketan College Kanpur,Electronics & Telecommunication,93,12th,14/03/2010,18/09/2014,Full Time,NITA,Motilal Nehru National Institute of Technology Allahabad,Electronics & Telecommunication,81,BE,20/07/2015,22/01/2018,Full Time,NITIE,NITIE Mumbai,Mining Engineering,87,ME,0,29/03/2017,19/09/2018,Full Time,Junior Technical Consultant,TCS,Manufacturing,AGRA,India,,,,,,,,,English,Good,Good,Good,Hindi,Good,Good,Good,Marathi,Good,Good,Good,Guddu,Software Engineer,London,8009800998,,,Naukri.com
88995,Major,Uday,Bhan,uday.bhan@mailinator.com329,7864823665329,7894923645,13/04/1990,M,Single,PAN167694329,No,Behind Yaga Baba Hostel Baner,426194,KANPUR,India,579700,1340000,Mumbai,579000,2,1,30,12/06/2004,13/07/2006,Full Time,Uttar Pradesh State Board,Saraswati Vidya Mandir Kanpur,NA,92,10th,14/02/2007,25/03/2010,Full Time,Uttar Pradesh State Board,Radha Niketan College Kanpur,Electronics & Telecommunication,93,12th,14/03/2010,18/09/2014,Full Time,NITA,Motilal Nehru National Institute of Technology Allahabad,Electronics & Telecommunication,81,BE,20/07/2015,22/01/2018,Full Time,NITIE,NITIE Mumbai,Mining Engineering,87,ME,0,29/03/2017,19/09/2018,Full Time,Junior Technical Consultant,TCS,Manufacturing,AGRA,India,,,,,,,,,English,Good,Good,Good,Hindi,Good,Good,Good,Marathi,Good,Good,Good,Guddu,Software Engineer,London,8009800998,,,Naukri.com
88995,Major,Uday,Bhan,uday.bhan@mailinator.com330,7864823665330,7894923645,13/04/1990,M,Single,PAN167694330,No,Behind Yaga Baba Hostel Baner,426194,KANPUR,India,579700,1340000,Mumbai,579000,2,1,30,12/06/2004,13/07/2006,Full Time,Uttar Pradesh State Board,Saraswati Vidya Mandir Kanpur,NA,92,10th,14/02/2007,25/03/2010,Full Time,Uttar Pradesh State Board,Radha Niketan College Kanpur,Electronics & Telecommunication,93,12th,14/03/2010,18/09/2014,Full Time,NITA,Motilal Nehru National Institute of Technology Allahabad,Electronics & Telecommunication,81,BE,20/07/2015,22/01/2018,Full Time,NITIE,NITIE Mumbai,Mining Engineering,87,ME,0,29/03/2017,19/09/2018,Full Time,Junior Technical Consultant,TCS,Manufacturing,AGRA,India,,,,,,,,,English,Good,Good,Good,Hindi,Good,Good,Good,Marathi,Good,Good,Good,Guddu,Software Engineer,London,8009800998,,,Naukri.com
88995,Major,Uday,Bhan,uday.bhan@mailinator.com331,7864823665331,7894923645,13/04/1990,M,Single,PAN167694331,No,Behind Yaga Baba Hostel Baner,426194,KANPUR,India,579700,1340000,Mumbai,579000,2,1,30,12/06/2004,13/07/2006,Full Time,Uttar Pradesh State Board,Saraswati Vidya Mandir Kanpur,NA,92,10th,14/02/2007,25/03/2010,Full Time,Uttar Pradesh State Board,Radha Niketan College Kanpur,Electronics & Telecommunication,93,12th,14/03/2010,18/09/2014,Full Time,NITA,Motilal Nehru National Institute of Technology Allahabad,Electronics & Telecommunication,81,BE,20/07/2015,22/01/2018,Full Time,NITIE,NITIE Mumbai,Mining Engineering,87,ME,0,29/03/2017,19/09/2018,Full Time,Junior Technical Consultant,TCS,Manufacturing,AGRA,India,,,,,,,,,English,Good,Good,Good,Hindi,Good,Good,Good,Marathi,Good,Good,Good,Guddu,Software Engineer,London,8009800998,,,Naukri.com
88995,Major,Uday,Bhan,uday.bhan@mailinator.com332,7864823665332,7894923645,13/04/1990,M,Single,PAN167694332,No,Behind Yaga Baba Hostel Baner,426194,KANPUR,India,579700,1340000,Mumbai,579000,2,1,30,12/06/2004,13/07/2006,Full Time,Uttar Pradesh State Board,Saraswati Vidya Mandir Kanpur,NA,92,10th,14/02/2007,25/03/2010,Full Time,Uttar Pradesh State Board,Radha Niketan College Kanpur,Electronics & Telecommunication,93,12th,14/03/2010,18/09/2014,Full Time,NITA,Motilal Nehru National Institute of Technology Allahabad,Electronics & Telecommunication,81,BE,20/07/2015,22/01/2018,Full Time,NITIE,NITIE Mumbai,Mining Engineering,87,ME,0,29/03/2017,19/09/2018,Full Time,Junior Technical Consultant,TCS,Manufacturing,AGRA,India,,,,,,,,,English,Good,Good,Good,Hindi,Good,Good,Good,Marathi,Good,Good,Good,Guddu,Software Engineer,London,8009800998,,,Naukri.com
88995,Major,Uday,Bhan,uday.bhan@mailinator.com333,7864823665333,7894923645,13/04/1990,M,Single,PAN167694333,No,Behind Yaga Baba Hostel Baner,426194,KANPUR,India,579700,1340000,Mumbai,579000,2,1,30,12/06/2004,13/07/2006,Full Time,Uttar Pradesh State Board,Saraswati Vidya Mandir Kanpur,NA,92,10th,14/02/2007,25/03/2010,Full Time,Uttar Pradesh State Board,Radha Niketan College Kanpur,Electronics & Telecommunication,93,12th,14/03/2010,18/09/2014,Full Time,NITA,Motilal Nehru National Institute of Technology Allahabad,Electronics & Telecommunication,81,BE,20/07/2015,22/01/2018,Full Time,NITIE,NITIE Mumbai,Mining Engineering,87,ME,0,29/03/2017,19/09/2018,Full Time,Junior Technical Consultant,TCS,Manufacturing,AGRA,India,,,,,,,,,English,Good,Good,Good,Hindi,Good,Good,Good,Marathi,Good,Good,Good,Guddu,Software Engineer,London,8009800998,,,Naukri.com
88995,Major,Uday,Bhan,uday.bhan@mailinator.com334,7864823665334,7894923645,13/04/1990,M,Single,PAN167694334,No,Behind Yaga Baba Hostel Baner,426194,KANPUR,India,579700,1340000,Mumbai,579000,2,1,30,12/06/2004,13/07/2006,Full Time,Uttar Pradesh State Board,Saraswati Vidya Mandir Kanpur,NA,92,10th,14/02/2007,25/03/2010,Full Time,Uttar Pradesh State Board,Radha Niketan College Kanpur,Electronics & Telecommunication,93,12th,14/03/2010,18/09/2014,Full Time,NITA,Motilal Nehru National Institute of Technology Allahabad,Electronics & Telecommunication,81,BE,20/07/2015,22/01/2018,Full Time,NITIE,NITIE Mumbai,Mining Engineering,87,ME,0,29/03/2017,19/09/2018,Full Time,Junior Technical Consultant,TCS,Manufacturing,AGRA,India,,,,,,,,,English,Good,Good,Good,Hindi,Good,Good,Good,Marathi,Good,Good,Good,Guddu,Software Engineer,London,8009800998,,,Naukri.com
88995,Major,Uday,Bhan,uday.bhan@mailinator.com335,7864823665335,7894923645,13/04/1990,M,Single,PAN167694335,No,Behind Yaga Baba Hostel Baner,426194,KANPUR,India,579700,1340000,Mumbai,579000,2,1,30,12/06/2004,13/07/2006,Full Time,Uttar Pradesh State Board,Saraswati Vidya Mandir Kanpur,NA,92,10th,14/02/2007,25/03/2010,Full Time,Uttar Pradesh State Board,Radha Niketan College Kanpur,Electronics & Telecommunication,93,12th,14/03/2010,18/09/2014,Full Time,NITA,Motilal Nehru National Institute of Technology Allahabad,Electronics & Telecommunication,81,BE,20/07/2015,22/01/2018,Full Time,NITIE,NITIE Mumbai,Mining Engineering,87,ME,0,29/03/2017,19/09/2018,Full Time,Junior Technical Consultant,TCS,Manufacturing,AGRA,India,,,,,,,,,English,Good,Good,Good,Hindi,Good,Good,Good,Marathi,Good,Good,Good,Guddu,Software Engineer,London,8009800998,,,Naukri.com
88995,Major,Uday,Bhan,uday.bhan@mailinator.com336,7864823665336,7894923645,13/04/1990,M,Single,PAN167694336,No,Behind Yaga Baba Hostel Baner,426194,KANPUR,India,579700,1340000,Mumbai,579000,2,1,30,12/06/2004,13/07/2006,Full Time,Uttar Pradesh State Board,Saraswati Vidya Mandir Kanpur,NA,92,10th,14/02/2007,25/03/2010,Full Time,Uttar Pradesh State Board,Radha Niketan College Kanpur,Electronics & Telecommunication,93,12th,14/03/2010,18/09/2014,Full Time,NITA,Motilal Nehru National Institute of Technology Allahabad,Electronics & Telecommunication,81,BE,20/07/2015,22/01/2018,Full Time,NITIE,NITIE Mumbai,Mining Engineering,87,ME,0,29/03/2017,19/09/2018,Full Time,Junior Technical Consultant,TCS,Manufacturing,AGRA,India,,,,,,,,,English,Good,Good,Good,Hindi,Good,Good,Good,Marathi,Good,Good,Good,Guddu,Software Engineer,London,8009800998,,,Naukri.com
88995,Major,Uday,Bhan,uday.bhan@mailinator.com337,7864823665337,7894923645,13/04/1990,M,Single,PAN167694337,No,Behind Yaga Baba Hostel Baner,426194,KANPUR,India,579700,1340000,Mumbai,579000,2,1,30,12/06/2004,13/07/2006,Full Time,Uttar Pradesh State Board,Saraswati Vidya Mandir Kanpur,NA,92,10th,14/02/2007,25/03/2010,Full Time,Uttar Pradesh State Board,Radha Niketan College Kanpur,Electronics & Telecommunication,93,12th,14/03/2010,18/09/2014,Full Time,NITA,Motilal Nehru National Institute of Technology Allahabad,Electronics & Telecommunication,81,BE,20/07/2015,22/01/2018,Full Time,NITIE,NITIE Mumbai,Mining Engineering,87,ME,0,29/03/2017,19/09/2018,Full Time,Junior Technical Consultant,TCS,Manufacturing,AGRA,India,,,,,,,,,English,Good,Good,Good,Hindi,Good,Good,Good,Marathi,Good,Good,Good,Guddu,Software Engineer,London,8009800998,,,Naukri.com
88995,Major,Uday,Bhan,uday.bhan@mailinator.com338,7864823665338,7894923645,13/04/1990,M,Single,PAN167694338,No,Behind Yaga Baba Hostel Baner,426194,KANPUR,India,579700,1340000,Mumbai,579000,2,1,30,12/06/2004,13/07/2006,Full Time,Uttar Pradesh State Board,Saraswati Vidya Mandir Kanpur,NA,92,10th,14/02/2007,25/03/2010,Full Time,Uttar Pradesh State Board,Radha Niketan College Kanpur,Electronics & Telecommunication,93,12th,14/03/2010,18/09/2014,Full Time,NITA,Motilal Nehru National Institute of Technology Allahabad,Electronics & Telecommunication,81,BE,20/07/2015,22/01/2018,Full Time,NITIE,NITIE Mumbai,Mining Engineering,87,ME,0,29/03/2017,19/09/2018,Full Time,Junior Technical Consultant,TCS,Manufacturing,AGRA,India,,,,,,,,,English,Good,Good,Good,Hindi,Good,Good,Good,Marathi,Good,Good,Good,Guddu,Software Engineer,London,8009800998,,,Naukri.com
88995,Major,Uday,Bhan,uday.bhan@mailinator.com339,7864823665339,7894923645,13/04/1990,M,Single,PAN167694339,No,Behind Yaga Baba Hostel Baner,426194,KANPUR,India,579700,1340000,Mumbai,579000,2,1,30,12/06/2004,13/07/2006,Full Time,Uttar Pradesh State Board,Saraswati Vidya Mandir Kanpur,NA,92,10th,14/02/2007,25/03/2010,Full Time,Uttar Pradesh State Board,Radha Niketan College Kanpur,Electronics & Telecommunication,93,12th,14/03/2010,18/09/2014,Full Time,NITA,Motilal Nehru National Institute of Technology Allahabad,Electronics & Telecommunication,81,BE,20/07/2015,22/01/2018,Full Time,NITIE,NITIE Mumbai,Mining Engineering,87,ME,0,29/03/2017,19/09/2018,Full Time,Junior Technical Consultant,TCS,Manufacturing,AGRA,India,,,,,,,,,English,Good,Good,Good,Hindi,Good,Good,Good,Marathi,Good,Good,Good,Guddu,Software Engineer,London,8009800998,,,Naukri.com
88995,Major,Uday,Bhan,uday.bhan@mailinator.com340,7864823665340,7894923645,13/04/1990,M,Single,PAN167694340,No,Behind Yaga Baba Hostel Baner,426194,KANPUR,India,579700,1340000,Mumbai,579000,2,1,30,12/06/2004,13/07/2006,Full Time,Uttar Pradesh State Board,Saraswati Vidya Mandir Kanpur,NA,92,10th,14/02/2007,25/03/2010,Full Time,Uttar Pradesh State Board,Radha Niketan College Kanpur,Electronics & Telecommunication,93,12th,14/03/2010,18/09/2014,Full Time,NITA,Motilal Nehru National Institute of Technology Allahabad,Electronics & Telecommunication,81,BE,20/07/2015,22/01/2018,Full Time,NITIE,NITIE Mumbai,Mining Engineering,87,ME,0,29/03/2017,19/09/2018,Full Time,Junior Technical Consultant,TCS,Manufacturing,AGRA,India,,,,,,,,,English,Good,Good,Good,Hindi,Good,Good,Good,Marathi,Good,Good,Good,Guddu,Software Engineer,London,8009800998,,,Naukri.com
88995,Major,Uday,Bhan,uday.bhan@mailinator.com341,7864823665341,7894923645,13/04/1990,M,Single,PAN167694341,No,Behind Yaga Baba Hostel Baner,426194,KANPUR,India,579700,1340000,Mumbai,579000,2,1,30,12/06/2004,13/07/2006,Full Time,Uttar Pradesh State Board,Saraswati Vidya Mandir Kanpur,NA,92,10th,14/02/2007,25/03/2010,Full Time,Uttar Pradesh State Board,Radha Niketan College Kanpur,Electronics & Telecommunication,93,12th,14/03/2010,18/09/2014,Full Time,NITA,Motilal Nehru National Institute of Technology Allahabad,Electronics & Telecommunication,81,BE,20/07/2015,22/01/2018,Full Time,NITIE,NITIE Mumbai,Mining Engineering,87,ME,0,29/03/2017,19/09/2018,Full Time,Junior Technical Consultant,TCS,Manufacturing,AGRA,India,,,,,,,,,English,Good,Good,Good,Hindi,Good,Good,Good,Marathi,Good,Good,Good,Guddu,Software Engineer,London,8009800998,,,Naukri.com
88995,Major,Uday,Bhan,uday.bhan@mailinator.com342,7864823665342,7894923645,13/04/1990,M,Single,PAN167694342,No,Behind Yaga Baba Hostel Baner,426194,KANPUR,India,579700,1340000,Mumbai,579000,2,1,30,12/06/2004,13/07/2006,Full Time,Uttar Pradesh State Board,Saraswati Vidya Mandir Kanpur,NA,92,10th,14/02/2007,25/03/2010,Full Time,Uttar Pradesh State Board,Radha Niketan College Kanpur,Electronics & Telecommunication,93,12th,14/03/2010,18/09/2014,Full Time,NITA,Motilal Nehru National Institute of Technology Allahabad,Electronics & Telecommunication,81,BE,20/07/2015,22/01/2018,Full Time,NITIE,NITIE Mumbai,Mining Engineering,87,ME,0,29/03/2017,19/09/2018,Full Time,Junior Technical Consultant,TCS,Manufacturing,AGRA,India,,,,,,,,,English,Good,Good,Good,Hindi,Good,Good,Good,Marathi,Good,Good,Good,Guddu,Software Engineer,London,8009800998,,,Naukri.com
88995,Major,Uday,Bhan,uday.bhan@mailinator.com343,7864823665343,7894923645,13/04/1990,M,Single,PAN167694343,No,Behind Yaga Baba Hostel Baner,426194,KANPUR,India,579700,1340000,Mumbai,579000,2,1,30,12/06/2004,13/07/2006,Full Time,Uttar Pradesh State Board,Saraswati Vidya Mandir Kanpur,NA,92,10th,14/02/2007,25/03/2010,Full Time,Uttar Pradesh State Board,Radha Niketan College Kanpur,Electronics & Telecommunication,93,12th,14/03/2010,18/09/2014,Full Time,NITA,Motilal Nehru National Institute of Technology Allahabad,Electronics & Telecommunication,81,BE,20/07/2015,22/01/2018,Full Time,NITIE,NITIE Mumbai,Mining Engineering,87,ME,0,29/03/2017,19/09/2018,Full Time,Junior Technical Consultant,TCS,Manufacturing,AGRA,India,,,,,,,,,English,Good,Good,Good,Hindi,Good,Good,Good,Marathi,Good,Good,Good,Guddu,Software Engineer,London,8009800998,,,Naukri.com
88995,Major,Uday,Bhan,uday.bhan@mailinator.com344,7864823665344,7894923645,13/04/1990,M,Single,PAN167694344,No,Behind Yaga Baba Hostel Baner,426194,KANPUR,India,579700,1340000,Mumbai,579000,2,1,30,12/06/2004,13/07/2006,Full Time,Uttar Pradesh State Board,Saraswati Vidya Mandir Kanpur,NA,92,10th,14/02/2007,25/03/2010,Full Time,Uttar Pradesh State Board,Radha Niketan College Kanpur,Electronics & Telecommunication,93,12th,14/03/2010,18/09/2014,Full Time,NITA,Motilal Nehru National Institute of Technology Allahabad,Electronics & Telecommunication,81,BE,20/07/2015,22/01/2018,Full Time,NITIE,NITIE Mumbai,Mining Engineering,87,ME,0,29/03/2017,19/09/2018,Full Time,Junior Technical Consultant,TCS,Manufacturing,AGRA,India,,,,,,,,,English,Good,Good,Good,Hindi,Good,Good,Good,Marathi,Good,Good,Good,Guddu,Software Engineer,London,8009800998,,,Naukri.com
88995,Major,Uday,Bhan,uday.bhan@mailinator.com345,7864823665345,7894923645,13/04/1990,M,Single,PAN167694345,No,Behind Yaga Baba Hostel Baner,426194,KANPUR,India,579700,1340000,Mumbai,579000,2,1,30,12/06/2004,13/07/2006,Full Time,Uttar Pradesh State Board,Saraswati Vidya Mandir Kanpur,NA,92,10th,14/02/2007,25/03/2010,Full Time,Uttar Pradesh State Board,Radha Niketan College Kanpur,Electronics & Telecommunication,93,12th,14/03/2010,18/09/2014,Full Time,NITA,Motilal Nehru National Institute of Technology Allahabad,Electronics & Telecommunication,81,BE,20/07/2015,22/01/2018,Full Time,NITIE,NITIE Mumbai,Mining Engineering,87,ME,0,29/03/2017,19/09/2018,Full Time,Junior Technical Consultant,TCS,Manufacturing,AGRA,India,,,,,,,,,English,Good,Good,Good,Hindi,Good,Good,Good,Marathi,Good,Good,Good,Guddu,Software Engineer,London,8009800998,,,Naukri.com
88995,Major,Uday,Bhan,uday.bhan@mailinator.com346,7864823665346,7894923645,13/04/1990,M,Single,PAN167694346,No,Behind Yaga Baba Hostel Baner,426194,KANPUR,India,579700,1340000,Mumbai,579000,2,1,30,12/06/2004,13/07/2006,Full Time,Uttar Pradesh State Board,Saraswati Vidya Mandir Kanpur,NA,92,10th,14/02/2007,25/03/2010,Full Time,Uttar Pradesh State Board,Radha Niketan College Kanpur,Electronics & Telecommunication,93,12th,14/03/2010,18/09/2014,Full Time,NITA,Motilal Nehru National Institute of Technology Allahabad,Electronics & Telecommunication,81,BE,20/07/2015,22/01/2018,Full Time,NITIE,NITIE Mumbai,Mining Engineering,87,ME,0,29/03/2017,19/09/2018,Full Time,Junior Technical Consultant,TCS,Manufacturing,AGRA,India,,,,,,,,,English,Good,Good,Good,Hindi,Good,Good,Good,Marathi,Good,Good,Good,Guddu,Software Engineer,London,8009800998,,,Naukri.com
88995,Major,Uday,Bhan,uday.bhan@mailinator.com347,7864823665347,7894923645,13/04/1990,M,Single,PAN167694347,No,Behind Yaga Baba Hostel Baner,426194,KANPUR,India,579700,1340000,Mumbai,579000,2,1,30,12/06/2004,13/07/2006,Full Time,Uttar Pradesh State Board,Saraswati Vidya Mandir Kanpur,NA,92,10th,14/02/2007,25/03/2010,Full Time,Uttar Pradesh State Board,Radha Niketan College Kanpur,Electronics & Telecommunication,93,12th,14/03/2010,18/09/2014,Full Time,NITA,Motilal Nehru National Institute of Technology Allahabad,Electronics & Telecommunication,81,BE,20/07/2015,22/01/2018,Full Time,NITIE,NITIE Mumbai,Mining Engineering,87,ME,0,29/03/2017,19/09/2018,Full Time,Junior Technical Consultant,TCS,Manufacturing,AGRA,India,,,,,,,,,English,Good,Good,Good,Hindi,Good,Good,Good,Marathi,Good,Good,Good,Guddu,Software Engineer,London,8009800998,,,Naukri.com
88995,Major,Uday,Bhan,uday.bhan@mailinator.com348,7864823665348,7894923645,13/04/1990,M,Single,PAN167694348,No,Behind Yaga Baba Hostel Baner,426194,KANPUR,India,579700,1340000,Mumbai,579000,2,1,30,12/06/2004,13/07/2006,Full Time,Uttar Pradesh State Board,Saraswati Vidya Mandir Kanpur,NA,92,10th,14/02/2007,25/03/2010,Full Time,Uttar Pradesh State Board,Radha Niketan College Kanpur,Electronics & Telecommunication,93,12th,14/03/2010,18/09/2014,Full Time,NITA,Motilal Nehru National Institute of Technology Allahabad,Electronics & Telecommunication,81,BE,20/07/2015,22/01/2018,Full Time,NITIE,NITIE Mumbai,Mining Engineering,87,ME,0,29/03/2017,19/09/2018,Full Time,Junior Technical Consultant,TCS,Manufacturing,AGRA,India,,,,,,,,,English,Good,Good,Good,Hindi,Good,Good,Good,Marathi,Good,Good,Good,Guddu,Software Engineer,London,8009800998,,,Naukri.com
88995,Major,Uday,Bhan,uday.bhan@mailinator.com349,7864823665349,7894923645,13/04/1990,M,Single,PAN167694349,No,Behind Yaga Baba Hostel Baner,426194,KANPUR,India,579700,1340000,Mumbai,579000,2,1,30,12/06/2004,13/07/2006,Full Time,Uttar Pradesh State Board,Saraswati Vidya Mandir Kanpur,NA,92,10th,14/02/2007,25/03/2010,Full Time,Uttar Pradesh State Board,Radha Niketan College Kanpur,Electronics & Telecommunication,93,12th,14/03/2010,18/09/2014,Full Time,NITA,Motilal Nehru National Institute of Technology Allahabad,Electronics & Telecommunication,81,BE,20/07/2015,22/01/2018,Full Time,NITIE,NITIE Mumbai,Mining Engineering,87,ME,0,29/03/2017,19/09/2018,Full Time,Junior Technical Consultant,TCS,Manufacturing,AGRA,India,,,,,,,,,English,Good,Good,Good,Hindi,Good,Good,Good,Marathi,Good,Good,Good,Guddu,Software Engineer,London,8009800998,,,Naukri.com
88995,Major,Uday,Bhan,uday.bhan@mailinator.com350,7864823665350,7894923645,13/04/1990,M,Single,PAN167694350,No,Behind Yaga Baba Hostel Baner,426194,KANPUR,India,579700,1340000,Mumbai,579000,2,1,30,12/06/2004,13/07/2006,Full Time,Uttar Pradesh State Board,Saraswati Vidya Mandir Kanpur,NA,92,10th,14/02/2007,25/03/2010,Full Time,Uttar Pradesh State Board,Radha Niketan College Kanpur,Electronics & Telecommunication,93,12th,14/03/2010,18/09/2014,Full Time,NITA,Motilal Nehru National Institute of Technology Allahabad,Electronics & Telecommunication,81,BE,20/07/2015,22/01/2018,Full Time,NITIE,NITIE Mumbai,Mining Engineering,87,ME,0,29/03/2017,19/09/2018,Full Time,Junior Technical Consultant,TCS,Manufacturing,AGRA,India,,,,,,,,,English,Good,Good,Good,Hindi,Good,Good,Good,Marathi,Good,Good,Good,Guddu,Software Engineer,London,8009800998,,,Naukri.com
88995,Major,Uday,Bhan,uday.bhan@mailinator.com351,7864823665351,7894923645,13/04/1990,M,Single,PAN167694351,No,Behind Yaga Baba Hostel Baner,426194,KANPUR,India,579700,1340000,Mumbai,579000,2,1,30,12/06/2004,13/07/2006,Full Time,Uttar Pradesh State Board,Saraswati Vidya Mandir Kanpur,NA,92,10th,14/02/2007,25/03/2010,Full Time,Uttar Pradesh State Board,Radha Niketan College Kanpur,Electronics & Telecommunication,93,12th,14/03/2010,18/09/2014,Full Time,NITA,Motilal Nehru National Institute of Technology Allahabad,Electronics & Telecommunication,81,BE,20/07/2015,22/01/2018,Full Time,NITIE,NITIE Mumbai,Mining Engineering,87,ME,0,29/03/2017,19/09/2018,Full Time,Junior Technical Consultant,TCS,Manufacturing,AGRA,India,,,,,,,,,English,Good,Good,Good,Hindi,Good,Good,Good,Marathi,Good,Good,Good,Guddu,Software Engineer,London,8009800998,,,Naukri.com
88995,Major,Uday,Bhan,uday.bhan@mailinator.com352,7864823665352,7894923645,13/04/1990,M,Single,PAN167694352,No,Behind Yaga Baba Hostel Baner,426194,KANPUR,India,579700,1340000,Mumbai,579000,2,1,30,12/06/2004,13/07/2006,Full Time,Uttar Pradesh State Board,Saraswati Vidya Mandir Kanpur,NA,92,10th,14/02/2007,25/03/2010,Full Time,Uttar Pradesh State Board,Radha Niketan College Kanpur,Electronics & Telecommunication,93,12th,14/03/2010,18/09/2014,Full Time,NITA,Motilal Nehru National Institute of Technology Allahabad,Electronics & Telecommunication,81,BE,20/07/2015,22/01/2018,Full Time,NITIE,NITIE Mumbai,Mining Engineering,87,ME,0,29/03/2017,19/09/2018,Full Time,Junior Technical Consultant,TCS,Manufacturing,AGRA,India,,,,,,,,,English,Good,Good,Good,Hindi,Good,Good,Good,Marathi,Good,Good,Good,Guddu,Software Engineer,London,8009800998,,,Naukri.com
88995,Major,Uday,Bhan,uday.bhan@mailinator.com353,7864823665353,7894923645,13/04/1990,M,Single,PAN167694353,No,Behind Yaga Baba Hostel Baner,426194,KANPUR,India,579700,1340000,Mumbai,579000,2,1,30,12/06/2004,13/07/2006,Full Time,Uttar Pradesh State Board,Saraswati Vidya Mandir Kanpur,NA,92,10th,14/02/2007,25/03/2010,Full Time,Uttar Pradesh State Board,Radha Niketan College Kanpur,Electronics & Telecommunication,93,12th,14/03/2010,18/09/2014,Full Time,NITA,Motilal Nehru National Institute of Technology Allahabad,Electronics & Telecommunication,81,BE,20/07/2015,22/01/2018,Full Time,NITIE,NITIE Mumbai,Mining Engineering,87,ME,0,29/03/2017,19/09/2018,Full Time,Junior Technical Consultant,TCS,Manufacturing,AGRA,India,,,,,,,,,English,Good,Good,Good,Hindi,Good,Good,Good,Marathi,Good,Good,Good,Guddu,Software Engineer,London,8009800998,,,Naukri.com
88995,Major,Uday,Bhan,uday.bhan@mailinator.com354,7864823665354,7894923645,13/04/1990,M,Single,PAN167694354,No,Behind Yaga Baba Hostel Baner,426194,KANPUR,India,579700,1340000,Mumbai,579000,2,1,30,12/06/2004,13/07/2006,Full Time,Uttar Pradesh State Board,Saraswati Vidya Mandir Kanpur,NA,92,10th,14/02/2007,25/03/2010,Full Time,Uttar Pradesh State Board,Radha Niketan College Kanpur,Electronics & Telecommunication,93,12th,14/03/2010,18/09/2014,Full Time,NITA,Motilal Nehru National Institute of Technology Allahabad,Electronics & Telecommunication,81,BE,20/07/2015,22/01/2018,Full Time,NITIE,NITIE Mumbai,Mining Engineering,87,ME,0,29/03/2017,19/09/2018,Full Time,Junior Technical Consultant,TCS,Manufacturing,AGRA,India,,,,,,,,,English,Good,Good,Good,Hindi,Good,Good,Good,Marathi,Good,Good,Good,Guddu,Software Engineer,London,8009800998,,,Naukri.com
88995,Major,Uday,Bhan,uday.bhan@mailinator.com355,7864823665355,7894923645,13/04/1990,M,Single,PAN167694355,No,Behind Yaga Baba Hostel Baner,426194,KANPUR,India,579700,1340000,Mumbai,579000,2,1,30,12/06/2004,13/07/2006,Full Time,Uttar Pradesh State Board,Saraswati Vidya Mandir Kanpur,NA,92,10th,14/02/2007,25/03/2010,Full Time,Uttar Pradesh State Board,Radha Niketan College Kanpur,Electronics & Telecommunication,93,12th,14/03/2010,18/09/2014,Full Time,NITA,Motilal Nehru National Institute of Technology Allahabad,Electronics & Telecommunication,81,BE,20/07/2015,22/01/2018,Full Time,NITIE,NITIE Mumbai,Mining Engineering,87,ME,0,29/03/2017,19/09/2018,Full Time,Junior Technical Consultant,TCS,Manufacturing,AGRA,India,,,,,,,,,English,Good,Good,Good,Hindi,Good,Good,Good,Marathi,Good,Good,Good,Guddu,Software Engineer,London,8009800998,,,Naukri.com
88995,Major,Uday,Bhan,uday.bhan@mailinator.com356,7864823665356,7894923645,13/04/1990,M,Single,PAN167694356,No,Behind Yaga Baba Hostel Baner,426194,KANPUR,India,579700,1340000,Mumbai,579000,2,1,30,12/06/2004,13/07/2006,Full Time,Uttar Pradesh State Board,Saraswati Vidya Mandir Kanpur,NA,92,10th,14/02/2007,25/03/2010,Full Time,Uttar Pradesh State Board,Radha Niketan College Kanpur,Electronics & Telecommunication,93,12th,14/03/2010,18/09/2014,Full Time,NITA,Motilal Nehru National Institute of Technology Allahabad,Electronics & Telecommunication,81,BE,20/07/2015,22/01/2018,Full Time,NITIE,NITIE Mumbai,Mining Engineering,87,ME,0,29/03/2017,19/09/2018,Full Time,Junior Technical Consultant,TCS,Manufacturing,AGRA,India,,,,,,,,,English,Good,Good,Good,Hindi,Good,Good,Good,Marathi,Good,Good,Good,Guddu,Software Engineer,London,8009800998,,,Naukri.com
88995,Major,Uday,Bhan,uday.bhan@mailinator.com357,7864823665357,7894923645,13/04/1990,M,Single,PAN167694357,No,Behind Yaga Baba Hostel Baner,426194,KANPUR,India,579700,1340000,Mumbai,579000,2,1,30,12/06/2004,13/07/2006,Full Time,Uttar Pradesh State Board,Saraswati Vidya Mandir Kanpur,NA,92,10th,14/02/2007,25/03/2010,Full Time,Uttar Pradesh State Board,Radha Niketan College Kanpur,Electronics & Telecommunication,93,12th,14/03/2010,18/09/2014,Full Time,NITA,Motilal Nehru National Institute of Technology Allahabad,Electronics & Telecommunication,81,BE,20/07/2015,22/01/2018,Full Time,NITIE,NITIE Mumbai,Mining Engineering,87,ME,0,29/03/2017,19/09/2018,Full Time,Junior Technical Consultant,TCS,Manufacturing,AGRA,India,,,,,,,,,English,Good,Good,Good,Hindi,Good,Good,Good,Marathi,Good,Good,Good,Guddu,Software Engineer,London,8009800998,,,Naukri.com
88995,Major,Uday,Bhan,uday.bhan@mailinator.com358,7864823665358,7894923645,13/04/1990,M,Single,PAN167694358,No,Behind Yaga Baba Hostel Baner,426194,KANPUR,India,579700,1340000,Mumbai,579000,2,1,30,12/06/2004,13/07/2006,Full Time,Uttar Pradesh State Board,Saraswati Vidya Mandir Kanpur,NA,92,10th,14/02/2007,25/03/2010,Full Time,Uttar Pradesh State Board,Radha Niketan College Kanpur,Electronics & Telecommunication,93,12th,14/03/2010,18/09/2014,Full Time,NITA,Motilal Nehru National Institute of Technology Allahabad,Electronics & Telecommunication,81,BE,20/07/2015,22/01/2018,Full Time,NITIE,NITIE Mumbai,Mining Engineering,87,ME,0,29/03/2017,19/09/2018,Full Time,Junior Technical Consultant,TCS,Manufacturing,AGRA,India,,,,,,,,,English,Good,Good,Good,Hindi,Good,Good,Good,Marathi,Good,Good,Good,Guddu,Software Engineer,London,8009800998,,,Naukri.com
88995,Major,Uday,Bhan,uday.bhan@mailinator.com359,7864823665359,7894923645,13/04/1990,M,Single,PAN167694359,No,Behind Yaga Baba Hostel Baner,426194,KANPUR,India,579700,1340000,Mumbai,579000,2,1,30,12/06/2004,13/07/2006,Full Time,Uttar Pradesh State Board,Saraswati Vidya Mandir Kanpur,NA,92,10th,14/02/2007,25/03/2010,Full Time,Uttar Pradesh State Board,Radha Niketan College Kanpur,Electronics & Telecommunication,93,12th,14/03/2010,18/09/2014,Full Time,NITA,Motilal Nehru National Institute of Technology Allahabad,Electronics & Telecommunication,81,BE,20/07/2015,22/01/2018,Full Time,NITIE,NITIE Mumbai,Mining Engineering,87,ME,0,29/03/2017,19/09/2018,Full Time,Junior Technical Consultant,TCS,Manufacturing,AGRA,India,,,,,,,,,English,Good,Good,Good,Hindi,Good,Good,Good,Marathi,Good,Good,Good,Guddu,Software Engineer,London,8009800998,,,Naukri.com
88995,Major,Uday,Bhan,uday.bhan@mailinator.com360,7864823665360,7894923645,13/04/1990,M,Single,PAN167694360,No,Behind Yaga Baba Hostel Baner,426194,KANPUR,India,579700,1340000,Mumbai,579000,2,1,30,12/06/2004,13/07/2006,Full Time,Uttar Pradesh State Board,Saraswati Vidya Mandir Kanpur,NA,92,10th,14/02/2007,25/03/2010,Full Time,Uttar Pradesh State Board,Radha Niketan College Kanpur,Electronics & Telecommunication,93,12th,14/03/2010,18/09/2014,Full Time,NITA,Motilal Nehru National Institute of Technology Allahabad,Electronics & Telecommunication,81,BE,20/07/2015,22/01/2018,Full Time,NITIE,NITIE Mumbai,Mining Engineering,87,ME,0,29/03/2017,19/09/2018,Full Time,Junior Technical Consultant,TCS,Manufacturing,AGRA,India,,,,,,,,,English,Good,Good,Good,Hindi,Good,Good,Good,Marathi,Good,Good,Good,Guddu,Software Engineer,London,8009800998,,,Naukri.com
88995,Major,Uday,Bhan,uday.bhan@mailinator.com361,7864823665361,7894923645,13/04/1990,M,Single,PAN167694361,No,Behind Yaga Baba Hostel Baner,426194,KANPUR,India,579700,1340000,Mumbai,579000,2,1,30,12/06/2004,13/07/2006,Full Time,Uttar Pradesh State Board,Saraswati Vidya Mandir Kanpur,NA,92,10th,14/02/2007,25/03/2010,Full Time,Uttar Pradesh State Board,Radha Niketan College Kanpur,Electronics & Telecommunication,93,12th,14/03/2010,18/09/2014,Full Time,NITA,Motilal Nehru National Institute of Technology Allahabad,Electronics & Telecommunication,81,BE,20/07/2015,22/01/2018,Full Time,NITIE,NITIE Mumbai,Mining Engineering,87,ME,0,29/03/2017,19/09/2018,Full Time,Junior Technical Consultant,TCS,Manufacturing,AGRA,India,,,,,,,,,English,Good,Good,Good,Hindi,Good,Good,Good,Marathi,Good,Good,Good,Guddu,Software Engineer,London,8009800998,,,Naukri.com
88995,Major,Uday,Bhan,uday.bhan@mailinator.com362,7864823665362,7894923645,13/04/1990,M,Single,PAN167694362,No,Behind Yaga Baba Hostel Baner,426194,KANPUR,India,579700,1340000,Mumbai,579000,2,1,30,12/06/2004,13/07/2006,Full Time,Uttar Pradesh State Board,Saraswati Vidya Mandir Kanpur,NA,92,10th,14/02/2007,25/03/2010,Full Time,Uttar Pradesh State Board,Radha Niketan College Kanpur,Electronics & Telecommunication,93,12th,14/03/2010,18/09/2014,Full Time,NITA,Motilal Nehru National Institute of Technology Allahabad,Electronics & Telecommunication,81,BE,20/07/2015,22/01/2018,Full Time,NITIE,NITIE Mumbai,Mining Engineering,87,ME,0,29/03/2017,19/09/2018,Full Time,Junior Technical Consultant,TCS,Manufacturing,AGRA,India,,,,,,,,,English,Good,Good,Good,Hindi,Good,Good,Good,Marathi,Good,Good,Good,Guddu,Software Engineer,London,8009800998,,,Naukri.com
88995,Major,Uday,Bhan,uday.bhan@mailinator.com363,7864823665363,7894923645,13/04/1990,M,Single,PAN167694363,No,Behind Yaga Baba Hostel Baner,426194,KANPUR,India,579700,1340000,Mumbai,579000,2,1,30,12/06/2004,13/07/2006,Full Time,Uttar Pradesh State Board,Saraswati Vidya Mandir Kanpur,NA,92,10th,14/02/2007,25/03/2010,Full Time,Uttar Pradesh State Board,Radha Niketan College Kanpur,Electronics & Telecommunication,93,12th,14/03/2010,18/09/2014,Full Time,NITA,Motilal Nehru National Institute of Technology Allahabad,Electronics & Telecommunication,81,BE,20/07/2015,22/01/2018,Full Time,NITIE,NITIE Mumbai,Mining Engineering,87,ME,0,29/03/2017,19/09/2018,Full Time,Junior Technical Consultant,TCS,Manufacturing,AGRA,India,,,,,,,,,English,Good,Good,Good,Hindi,Good,Good,Good,Marathi,Good,Good,Good,Guddu,Software Engineer,London,8009800998,,,Naukri.com
88995,Major,Uday,Bhan,uday.bhan@mailinator.com364,7864823665364,7894923645,13/04/1990,M,Single,PAN167694364,No,Behind Yaga Baba Hostel Baner,426194,KANPUR,India,579700,1340000,Mumbai,579000,2,1,30,12/06/2004,13/07/2006,Full Time,Uttar Pradesh State Board,Saraswati Vidya Mandir Kanpur,NA,92,10th,14/02/2007,25/03/2010,Full Time,Uttar Pradesh State Board,Radha Niketan College Kanpur,Electronics & Telecommunication,93,12th,14/03/2010,18/09/2014,Full Time,NITA,Motilal Nehru National Institute of Technology Allahabad,Electronics & Telecommunication,81,BE,20/07/2015,22/01/2018,Full Time,NITIE,NITIE Mumbai,Mining Engineering,87,ME,0,29/03/2017,19/09/2018,Full Time,Junior Technical Consultant,TCS,Manufacturing,AGRA,India,,,,,,,,,English,Good,Good,Good,Hindi,Good,Good,Good,Marathi,Good,Good,Good,Guddu,Software Engineer,London,8009800998,,,Naukri.com
88995,Major,Uday,Bhan,uday.bhan@mailinator.com365,7864823665365,7894923645,13/04/1990,M,Single,PAN167694365,No,Behind Yaga Baba Hostel Baner,426194,KANPUR,India,579700,1340000,Mumbai,579000,2,1,30,12/06/2004,13/07/2006,Full Time,Uttar Pradesh State Board,Saraswati Vidya Mandir Kanpur,NA,92,10th,14/02/2007,25/03/2010,Full Time,Uttar Pradesh State Board,Radha Niketan College Kanpur,Electronics & Telecommunication,93,12th,14/03/2010,18/09/2014,Full Time,NITA,Motilal Nehru National Institute of Technology Allahabad,Electronics & Telecommunication,81,BE,20/07/2015,22/01/2018,Full Time,NITIE,NITIE Mumbai,Mining Engineering,87,ME,0,29/03/2017,19/09/2018,Full Time,Junior Technical Consultant,TCS,Manufacturing,AGRA,India,,,,,,,,,English,Good,Good,Good,Hindi,Good,Good,Good,Marathi,Good,Good,Good,Guddu,Software Engineer,London,8009800998,,,Naukri.com
88995,Major,Uday,Bhan,uday.bhan@mailinator.com366,7864823665366,7894923645,13/04/1990,M,Single,PAN167694366,No,Behind Yaga Baba Hostel Baner,426194,KANPUR,India,579700,1340000,Mumbai,579000,2,1,30,12/06/2004,13/07/2006,Full Time,Uttar Pradesh State Board,Saraswati Vidya Mandir Kanpur,NA,92,10th,14/02/2007,25/03/2010,Full Time,Uttar Pradesh State Board,Radha Niketan College Kanpur,Electronics & Telecommunication,93,12th,14/03/2010,18/09/2014,Full Time,NITA,Motilal Nehru National Institute of Technology Allahabad,Electronics & Telecommunication,81,BE,20/07/2015,22/01/2018,Full Time,NITIE,NITIE Mumbai,Mining Engineering,87,ME,0,29/03/2017,19/09/2018,Full Time,Junior Technical Consultant,TCS,Manufacturing,AGRA,India,,,,,,,,,English,Good,Good,Good,Hindi,Good,Good,Good,Marathi,Good,Good,Good,Guddu,Software Engineer,London,8009800998,,,Naukri.com
88995,Major,Uday,Bhan,uday.bhan@mailinator.com367,7864823665367,7894923645,13/04/1990,M,Single,PAN167694367,No,Behind Yaga Baba Hostel Baner,426194,KANPUR,India,579700,1340000,Mumbai,579000,2,1,30,12/06/2004,13/07/2006,Full Time,Uttar Pradesh State Board,Saraswati Vidya Mandir Kanpur,NA,92,10th,14/02/2007,25/03/2010,Full Time,Uttar Pradesh State Board,Radha Niketan College Kanpur,Electronics & Telecommunication,93,12th,14/03/2010,18/09/2014,Full Time,NITA,Motilal Nehru National Institute of Technology Allahabad,Electronics & Telecommunication,81,BE,20/07/2015,22/01/2018,Full Time,NITIE,NITIE Mumbai,Mining Engineering,87,ME,0,29/03/2017,19/09/2018,Full Time,Junior Technical Consultant,TCS,Manufacturing,AGRA,India,,,,,,,,,English,Good,Good,Good,Hindi,Good,Good,Good,Marathi,Good,Good,Good,Guddu,Software Engineer,London,8009800998,,,Naukri.com
88995,Major,Uday,Bhan,uday.bhan@mailinator.com368,7864823665368,7894923645,13/04/1990,M,Single,PAN167694368,No,Behind Yaga Baba Hostel Baner,426194,KANPUR,India,579700,1340000,Mumbai,579000,2,1,30,12/06/2004,13/07/2006,Full Time,Uttar Pradesh State Board,Saraswati Vidya Mandir Kanpur,NA,92,10th,14/02/2007,25/03/2010,Full Time,Uttar Pradesh State Board,Radha Niketan College Kanpur,Electronics & Telecommunication,93,12th,14/03/2010,18/09/2014,Full Time,NITA,Motilal Nehru National Institute of Technology Allahabad,Electronics & Telecommunication,81,BE,20/07/2015,22/01/2018,Full Time,NITIE,NITIE Mumbai,Mining Engineering,87,ME,0,29/03/2017,19/09/2018,Full Time,Junior Technical Consultant,TCS,Manufacturing,AGRA,India,,,,,,,,,English,Good,Good,Good,Hindi,Good,Good,Good,Marathi,Good,Good,Good,Guddu,Software Engineer,London,8009800998,,,Naukri.com
88995,Major,Uday,Bhan,uday.bhan@mailinator.com369,7864823665369,7894923645,13/04/1990,M,Single,PAN167694369,No,Behind Yaga Baba Hostel Baner,426194,KANPUR,India,579700,1340000,Mumbai,579000,2,1,30,12/06/2004,13/07/2006,Full Time,Uttar Pradesh State Board,Saraswati Vidya Mandir Kanpur,NA,92,10th,14/02/2007,25/03/2010,Full Time,Uttar Pradesh State Board,Radha Niketan College Kanpur,Electronics & Telecommunication,93,12th,14/03/2010,18/09/2014,Full Time,NITA,Motilal Nehru National Institute of Technology Allahabad,Electronics & Telecommunication,81,BE,20/07/2015,22/01/2018,Full Time,NITIE,NITIE Mumbai,Mining Engineering,87,ME,0,29/03/2017,19/09/2018,Full Time,Junior Technical Consultant,TCS,Manufacturing,AGRA,India,,,,,,,,,English,Good,Good,Good,Hindi,Good,Good,Good,Marathi,Good,Good,Good,Guddu,Software Engineer,London,8009800998,,,Naukri.com
88995,Major,Uday,Bhan,uday.bhan@mailinator.com370,7864823665370,7894923645,13/04/1990,M,Single,PAN167694370,No,Behind Yaga Baba Hostel Baner,426194,KANPUR,India,579700,1340000,Mumbai,579000,2,1,30,12/06/2004,13/07/2006,Full Time,Uttar Pradesh State Board,Saraswati Vidya Mandir Kanpur,NA,92,10th,14/02/2007,25/03/2010,Full Time,Uttar Pradesh State Board,Radha Niketan College Kanpur,Electronics & Telecommunication,93,12th,14/03/2010,18/09/2014,Full Time,NITA,Motilal Nehru National Institute of Technology Allahabad,Electronics & Telecommunication,81,BE,20/07/2015,22/01/2018,Full Time,NITIE,NITIE Mumbai,Mining Engineering,87,ME,0,29/03/2017,19/09/2018,Full Time,Junior Technical Consultant,TCS,Manufacturing,AGRA,India,,,,,,,,,English,Good,Good,Good,Hindi,Good,Good,Good,Marathi,Good,Good,Good,Guddu,Software Engineer,London,8009800998,,,Naukri.com
88995,Major,Uday,Bhan,uday.bhan@mailinator.com371,7864823665371,7894923645,13/04/1990,M,Single,PAN167694371,No,Behind Yaga Baba Hostel Baner,426194,KANPUR,India,579700,1340000,Mumbai,579000,2,1,30,12/06/2004,13/07/2006,Full Time,Uttar Pradesh State Board,Saraswati Vidya Mandir Kanpur,NA,92,10th,14/02/2007,25/03/2010,Full Time,Uttar Pradesh State Board,Radha Niketan College Kanpur,Electronics & Telecommunication,93,12th,14/03/2010,18/09/2014,Full Time,NITA,Motilal Nehru National Institute of Technology Allahabad,Electronics & Telecommunication,81,BE,20/07/2015,22/01/2018,Full Time,NITIE,NITIE Mumbai,Mining Engineering,87,ME,0,29/03/2017,19/09/2018,Full Time,Junior Technical Consultant,TCS,Manufacturing,AGRA,India,,,,,,,,,English,Good,Good,Good,Hindi,Good,Good,Good,Marathi,Good,Good,Good,Guddu,Software Engineer,London,8009800998,,,Naukri.com
88995,Major,Uday,Bhan,uday.bhan@mailinator.com372,7864823665372,7894923645,13/04/1990,M,Single,PAN167694372,No,Behind Yaga Baba Hostel Baner,426194,KANPUR,India,579700,1340000,Mumbai,579000,2,1,30,12/06/2004,13/07/2006,Full Time,Uttar Pradesh State Board,Saraswati Vidya Mandir Kanpur,NA,92,10th,14/02/2007,25/03/2010,Full Time,Uttar Pradesh State Board,Radha Niketan College Kanpur,Electronics & Telecommunication,93,12th,14/03/2010,18/09/2014,Full Time,NITA,Motilal Nehru National Institute of Technology Allahabad,Electronics & Telecommunication,81,BE,20/07/2015,22/01/2018,Full Time,NITIE,NITIE Mumbai,Mining Engineering,87,ME,0,29/03/2017,19/09/2018,Full Time,Junior Technical Consultant,TCS,Manufacturing,AGRA,India,,,,,,,,,English,Good,Good,Good,Hindi,Good,Good,Good,Marathi,Good,Good,Good,Guddu,Software Engineer,London,8009800998,,,Naukri.com
88995,Major,Uday,Bhan,uday.bhan@mailinator.com373,7864823665373,7894923645,13/04/1990,M,Single,PAN167694373,No,Behind Yaga Baba Hostel Baner,426194,KANPUR,India,579700,1340000,Mumbai,579000,2,1,30,12/06/2004,13/07/2006,Full Time,Uttar Pradesh State Board,Saraswati Vidya Mandir Kanpur,NA,92,10th,14/02/2007,25/03/2010,Full Time,Uttar Pradesh State Board,Radha Niketan College Kanpur,Electronics & Telecommunication,93,12th,14/03/2010,18/09/2014,Full Time,NITA,Motilal Nehru National Institute of Technology Allahabad,Electronics & Telecommunication,81,BE,20/07/2015,22/01/2018,Full Time,NITIE,NITIE Mumbai,Mining Engineering,87,ME,0,29/03/2017,19/09/2018,Full Time,Junior Technical Consultant,TCS,Manufacturing,AGRA,India,,,,,,,,,English,Good,Good,Good,Hindi,Good,Good,Good,Marathi,Good,Good,Good,Guddu,Software Engineer,London,8009800998,,,Naukri.com
88995,Major,Uday,Bhan,uday.bhan@mailinator.com374,7864823665374,7894923645,13/04/1990,M,Single,PAN167694374,No,Behind Yaga Baba Hostel Baner,426194,KANPUR,India,579700,1340000,Mumbai,579000,2,1,30,12/06/2004,13/07/2006,Full Time,Uttar Pradesh State Board,Saraswati Vidya Mandir Kanpur,NA,92,10th,14/02/2007,25/03/2010,Full Time,Uttar Pradesh State Board,Radha Niketan College Kanpur,Electronics & Telecommunication,93,12th,14/03/2010,18/09/2014,Full Time,NITA,Motilal Nehru National Institute of Technology Allahabad,Electronics & Telecommunication,81,BE,20/07/2015,22/01/2018,Full Time,NITIE,NITIE Mumbai,Mining Engineering,87,ME,0,29/03/2017,19/09/2018,Full Time,Junior Technical Consultant,TCS,Manufacturing,AGRA,India,,,,,,,,,English,Good,Good,Good,Hindi,Good,Good,Good,Marathi,Good,Good,Good,Guddu,Software Engineer,London,8009800998,,,Naukri.com
88995,Major,Uday,Bhan,uday.bhan@mailinator.com375,7864823665375,7894923645,13/04/1990,M,Single,PAN167694375,No,Behind Yaga Baba Hostel Baner,426194,KANPUR,India,579700,1340000,Mumbai,579000,2,1,30,12/06/2004,13/07/2006,Full Time,Uttar Pradesh State Board,Saraswati Vidya Mandir Kanpur,NA,92,10th,14/02/2007,25/03/2010,Full Time,Uttar Pradesh State Board,Radha Niketan College Kanpur,Electronics & Telecommunication,93,12th,14/03/2010,18/09/2014,Full Time,NITA,Motilal Nehru National Institute of Technology Allahabad,Electronics & Telecommunication,81,BE,20/07/2015,22/01/2018,Full Time,NITIE,NITIE Mumbai,Mining Engineering,87,ME,0,29/03/2017,19/09/2018,Full Time,Junior Technical Consultant,TCS,Manufacturing,AGRA,India,,,,,,,,,English,Good,Good,Good,Hindi,Good,Good,Good,Marathi,Good,Good,Good,Guddu,Software Engineer,London,8009800998,,,Naukri.com
88995,Major,Uday,Bhan,uday.bhan@mailinator.com376,7864823665376,7894923645,13/04/1990,M,Single,PAN167694376,No,Behind Yaga Baba Hostel Baner,426194,KANPUR,India,579700,1340000,Mumbai,579000,2,1,30,12/06/2004,13/07/2006,Full Time,Uttar Pradesh State Board,Saraswati Vidya Mandir Kanpur,NA,92,10th,14/02/2007,25/03/2010,Full Time,Uttar Pradesh State Board,Radha Niketan College Kanpur,Electronics & Telecommunication,93,12th,14/03/2010,18/09/2014,Full Time,NITA,Motilal Nehru National Institute of Technology Allahabad,Electronics & Telecommunication,81,BE,20/07/2015,22/01/2018,Full Time,NITIE,NITIE Mumbai,Mining Engineering,87,ME,0,29/03/2017,19/09/2018,Full Time,Junior Technical Consultant,TCS,Manufacturing,AGRA,India,,,,,,,,,English,Good,Good,Good,Hindi,Good,Good,Good,Marathi,Good,Good,Good,Guddu,Software Engineer,London,8009800998,,,Naukri.com
88995,Major,Uday,Bhan,uday.bhan@mailinator.com377,7864823665377,7894923645,13/04/1990,M,Single,PAN167694377,No,Behind Yaga Baba Hostel Baner,426194,KANPUR,India,579700,1340000,Mumbai,579000,2,1,30,12/06/2004,13/07/2006,Full Time,Uttar Pradesh State Board,Saraswati Vidya Mandir Kanpur,NA,92,10th,14/02/2007,25/03/2010,Full Time,Uttar Pradesh State Board,Radha Niketan College Kanpur,Electronics & Telecommunication,93,12th,14/03/2010,18/09/2014,Full Time,NITA,Motilal Nehru National Institute of Technology Allahabad,Electronics & Telecommunication,81,BE,20/07/2015,22/01/2018,Full Time,NITIE,NITIE Mumbai,Mining Engineering,87,ME,0,29/03/2017,19/09/2018,Full Time,Junior Technical Consultant,TCS,Manufacturing,AGRA,India,,,,,,,,,English,Good,Good,Good,Hindi,Good,Good,Good,Marathi,Good,Good,Good,Guddu,Software Engineer,London,8009800998,,,Naukri.com
88995,Major,Uday,Bhan,uday.bhan@mailinator.com378,7864823665378,7894923645,13/04/1990,M,Single,PAN167694378,No,Behind Yaga Baba Hostel Baner,426194,KANPUR,India,579700,1340000,Mumbai,579000,2,1,30,12/06/2004,13/07/2006,Full Time,Uttar Pradesh State Board,Saraswati Vidya Mandir Kanpur,NA,92,10th,14/02/2007,25/03/2010,Full Time,Uttar Pradesh State Board,Radha Niketan College Kanpur,Electronics & Telecommunication,93,12th,14/03/2010,18/09/2014,Full Time,NITA,Motilal Nehru National Institute of Technology Allahabad,Electronics & Telecommunication,81,BE,20/07/2015,22/01/2018,Full Time,NITIE,NITIE Mumbai,Mining Engineering,87,ME,0,29/03/2017,19/09/2018,Full Time,Junior Technical Consultant,TCS,Manufacturing,AGRA,India,,,,,,,,,English,Good,Good,Good,Hindi,Good,Good,Good,Marathi,Good,Good,Good,Guddu,Software Engineer,London,8009800998,,,Naukri.com
88995,Major,Uday,Bhan,uday.bhan@mailinator.com379,7864823665379,7894923645,13/04/1990,M,Single,PAN167694379,No,Behind Yaga Baba Hostel Baner,426194,KANPUR,India,579700,1340000,Mumbai,579000,2,1,30,12/06/2004,13/07/2006,Full Time,Uttar Pradesh State Board,Saraswati Vidya Mandir Kanpur,NA,92,10th,14/02/2007,25/03/2010,Full Time,Uttar Pradesh State Board,Radha Niketan College Kanpur,Electronics & Telecommunication,93,12th,14/03/2010,18/09/2014,Full Time,NITA,Motilal Nehru National Institute of Technology Allahabad,Electronics & Telecommunication,81,BE,20/07/2015,22/01/2018,Full Time,NITIE,NITIE Mumbai,Mining Engineering,87,ME,0,29/03/2017,19/09/2018,Full Time,Junior Technical Consultant,TCS,Manufacturing,AGRA,India,,,,,,,,,English,Good,Good,Good,Hindi,Good,Good,Good,Marathi,Good,Good,Good,Guddu,Software Engineer,London,8009800998,,,Naukri.com
88995,Major,Uday,Bhan,uday.bhan@mailinator.com380,7864823665380,7894923645,13/04/1990,M,Single,PAN167694380,No,Behind Yaga Baba Hostel Baner,426194,KANPUR,India,579700,1340000,Mumbai,579000,2,1,30,12/06/2004,13/07/2006,Full Time,Uttar Pradesh State Board,Saraswati Vidya Mandir Kanpur,NA,92,10th,14/02/2007,25/03/2010,Full Time,Uttar Pradesh State Board,Radha Niketan College Kanpur,Electronics & Telecommunication,93,12th,14/03/2010,18/09/2014,Full Time,NITA,Motilal Nehru National Institute of Technology Allahabad,Electronics & Telecommunication,81,BE,20/07/2015,22/01/2018,Full Time,NITIE,NITIE Mumbai,Mining Engineering,87,ME,0,29/03/2017,19/09/2018,Full Time,Junior Technical Consultant,TCS,Manufacturing,AGRA,India,,,,,,,,,English,Good,Good,Good,Hindi,Good,Good,Good,Marathi,Good,Good,Good,Guddu,Software Engineer,London,8009800998,,,Naukri.com
88995,Major,Uday,Bhan,uday.bhan@mailinator.com381,7864823665381,7894923645,13/04/1990,M,Single,PAN167694381,No,Behind Yaga Baba Hostel Baner,426194,KANPUR,India,579700,1340000,Mumbai,579000,2,1,30,12/06/2004,13/07/2006,Full Time,Uttar Pradesh State Board,Saraswati Vidya Mandir Kanpur,NA,92,10th,14/02/2007,25/03/2010,Full Time,Uttar Pradesh State Board,Radha Niketan College Kanpur,Electronics & Telecommunication,93,12th,14/03/2010,18/09/2014,Full Time,NITA,Motilal Nehru National Institute of Technology Allahabad,Electronics & Telecommunication,81,BE,20/07/2015,22/01/2018,Full Time,NITIE,NITIE Mumbai,Mining Engineering,87,ME,0,29/03/2017,19/09/2018,Full Time,Junior Technical Consultant,TCS,Manufacturing,AGRA,India,,,,,,,,,English,Good,Good,Good,Hindi,Good,Good,Good,Marathi,Good,Good,Good,Guddu,Software Engineer,London,8009800998,,,Naukri.com
88995,Major,Uday,Bhan,uday.bhan@mailinator.com382,7864823665382,7894923645,13/04/1990,M,Single,PAN167694382,No,Behind Yaga Baba Hostel Baner,426194,KANPUR,India,579700,1340000,Mumbai,579000,2,1,30,12/06/2004,13/07/2006,Full Time,Uttar Pradesh State Board,Saraswati Vidya Mandir Kanpur,NA,92,10th,14/02/2007,25/03/2010,Full Time,Uttar Pradesh State Board,Radha Niketan College Kanpur,Electronics & Telecommunication,93,12th,14/03/2010,18/09/2014,Full Time,NITA,Motilal Nehru National Institute of Technology Allahabad,Electronics & Telecommunication,81,BE,20/07/2015,22/01/2018,Full Time,NITIE,NITIE Mumbai,Mining Engineering,87,ME,0,29/03/2017,19/09/2018,Full Time,Junior Technical Consultant,TCS,Manufacturing,AGRA,India,,,,,,,,,English,Good,Good,Good,Hindi,Good,Good,Good,Marathi,Good,Good,Good,Guddu,Software Engineer,London,8009800998,,,Naukri.com
88995,Major,Uday,Bhan,uday.bhan@mailinator.com383,7864823665383,7894923645,13/04/1990,M,Single,PAN167694383,No,Behind Yaga Baba Hostel Baner,426194,KANPUR,India,579700,1340000,Mumbai,579000,2,1,30,12/06/2004,13/07/2006,Full Time,Uttar Pradesh State Board,Saraswati Vidya Mandir Kanpur,NA,92,10th,14/02/2007,25/03/2010,Full Time,Uttar Pradesh State Board,Radha Niketan College Kanpur,Electronics & Telecommunication,93,12th,14/03/2010,18/09/2014,Full Time,NITA,Motilal Nehru National Institute of Technology Allahabad,Electronics & Telecommunication,81,BE,20/07/2015,22/01/2018,Full Time,NITIE,NITIE Mumbai,Mining Engineering,87,ME,0,29/03/2017,19/09/2018,Full Time,Junior Technical Consultant,TCS,Manufacturing,AGRA,India,,,,,,,,,English,Good,Good,Good,Hindi,Good,Good,Good,Marathi,Good,Good,Good,Guddu,Software Engineer,London,8009800998,,,Naukri.com
88995,Major,Uday,Bhan,uday.bhan@mailinator.com384,7864823665384,7894923645,13/04/1990,M,Single,PAN167694384,No,Behind Yaga Baba Hostel Baner,426194,KANPUR,India,579700,1340000,Mumbai,579000,2,1,30,12/06/2004,13/07/2006,Full Time,Uttar Pradesh State Board,Saraswati Vidya Mandir Kanpur,NA,92,10th,14/02/2007,25/03/2010,Full Time,Uttar Pradesh State Board,Radha Niketan College Kanpur,Electronics & Telecommunication,93,12th,14/03/2010,18/09/2014,Full Time,NITA,Motilal Nehru National Institute of Technology Allahabad,Electronics & Telecommunication,81,BE,20/07/2015,22/01/2018,Full Time,NITIE,NITIE Mumbai,Mining Engineering,87,ME,0,29/03/2017,19/09/2018,Full Time,Junior Technical Consultant,TCS,Manufacturing,AGRA,India,,,,,,,,,English,Good,Good,Good,Hindi,Good,Good,Good,Marathi,Good,Good,Good,Guddu,Software Engineer,London,8009800998,,,Naukri.com
88995,Major,Uday,Bhan,uday.bhan@mailinator.com385,7864823665385,7894923645,13/04/1990,M,Single,PAN167694385,No,Behind Yaga Baba Hostel Baner,426194,KANPUR,India,579700,1340000,Mumbai,579000,2,1,30,12/06/2004,13/07/2006,Full Time,Uttar Pradesh State Board,Saraswati Vidya Mandir Kanpur,NA,92,10th,14/02/2007,25/03/2010,Full Time,Uttar Pradesh State Board,Radha Niketan College Kanpur,Electronics & Telecommunication,93,12th,14/03/2010,18/09/2014,Full Time,NITA,Motilal Nehru National Institute of Technology Allahabad,Electronics & Telecommunication,81,BE,20/07/2015,22/01/2018,Full Time,NITIE,NITIE Mumbai,Mining Engineering,87,ME,0,29/03/2017,19/09/2018,Full Time,Junior Technical Consultant,TCS,Manufacturing,AGRA,India,,,,,,,,,English,Good,Good,Good,Hindi,Good,Good,Good,Marathi,Good,Good,Good,Guddu,Software Engineer,London,8009800998,,,Naukri.com
88995,Major,Uday,Bhan,uday.bhan@mailinator.com386,7864823665386,7894923645,13/04/1990,M,Single,PAN167694386,No,Behind Yaga Baba Hostel Baner,426194,KANPUR,India,579700,1340000,Mumbai,579000,2,1,30,12/06/2004,13/07/2006,Full Time,Uttar Pradesh State Board,Saraswati Vidya Mandir Kanpur,NA,92,10th,14/02/2007,25/03/2010,Full Time,Uttar Pradesh State Board,Radha Niketan College Kanpur,Electronics & Telecommunication,93,12th,14/03/2010,18/09/2014,Full Time,NITA,Motilal Nehru National Institute of Technology Allahabad,Electronics & Telecommunication,81,BE,20/07/2015,22/01/2018,Full Time,NITIE,NITIE Mumbai,Mining Engineering,87,ME,0,29/03/2017,19/09/2018,Full Time,Junior Technical Consultant,TCS,Manufacturing,AGRA,India,,,,,,,,,English,Good,Good,Good,Hindi,Good,Good,Good,Marathi,Good,Good,Good,Guddu,Software Engineer,London,8009800998,,,Naukri.com
88995,Major,Uday,Bhan,uday.bhan@mailinator.com387,7864823665387,7894923645,13/04/1990,M,Single,PAN167694387,No,Behind Yaga Baba Hostel Baner,426194,KANPUR,India,579700,1340000,Mumbai,579000,2,1,30,12/06/2004,13/07/2006,Full Time,Uttar Pradesh State Board,Saraswati Vidya Mandir Kanpur,NA,92,10th,14/02/2007,25/03/2010,Full Time,Uttar Pradesh State Board,Radha Niketan College Kanpur,Electronics & Telecommunication,93,12th,14/03/2010,18/09/2014,Full Time,NITA,Motilal Nehru National Institute of Technology Allahabad,Electronics & Telecommunication,81,BE,20/07/2015,22/01/2018,Full Time,NITIE,NITIE Mumbai,Mining Engineering,87,ME,0,29/03/2017,19/09/2018,Full Time,Junior Technical Consultant,TCS,Manufacturing,AGRA,India,,,,,,,,,English,Good,Good,Good,Hindi,Good,Good,Good,Marathi,Good,Good,Good,Guddu,Software Engineer,London,8009800998,,,Naukri.com
88995,Major,Uday,Bhan,uday.bhan@mailinator.com388,7864823665388,7894923645,13/04/1990,M,Single,PAN167694388,No,Behind Yaga Baba Hostel Baner,426194,KANPUR,India,579700,1340000,Mumbai,579000,2,1,30,12/06/2004,13/07/2006,Full Time,Uttar Pradesh State Board,Saraswati Vidya Mandir Kanpur,NA,92,10th,14/02/2007,25/03/2010,Full Time,Uttar Pradesh State Board,Radha Niketan College Kanpur,Electronics & Telecommunication,93,12th,14/03/2010,18/09/2014,Full Time,NITA,Motilal Nehru National Institute of Technology Allahabad,Electronics & Telecommunication,81,BE,20/07/2015,22/01/2018,Full Time,NITIE,NITIE Mumbai,Mining Engineering,87,ME,0,29/03/2017,19/09/2018,Full Time,Junior Technical Consultant,TCS,Manufacturing,AGRA,India,,,,,,,,,English,Good,Good,Good,Hindi,Good,Good,Good,Marathi,Good,Good,Good,Guddu,Software Engineer,London,8009800998,,,Naukri.com
88995,Major,Uday,Bhan,uday.bhan@mailinator.com389,7864823665389,7894923645,13/04/1990,M,Single,PAN167694389,No,Behind Yaga Baba Hostel Baner,426194,KANPUR,India,579700,1340000,Mumbai,579000,2,1,30,12/06/2004,13/07/2006,Full Time,Uttar Pradesh State Board,Saraswati Vidya Mandir Kanpur,NA,92,10th,14/02/2007,25/03/2010,Full Time,Uttar Pradesh State Board,Radha Niketan College Kanpur,Electronics & Telecommunication,93,12th,14/03/2010,18/09/2014,Full Time,NITA,Motilal Nehru National Institute of Technology Allahabad,Electronics & Telecommunication,81,BE,20/07/2015,22/01/2018,Full Time,NITIE,NITIE Mumbai,Mining Engineering,87,ME,0,29/03/2017,19/09/2018,Full Time,Junior Technical Consultant,TCS,Manufacturing,AGRA,India,,,,,,,,,English,Good,Good,Good,Hindi,Good,Good,Good,Marathi,Good,Good,Good,Guddu,Software Engineer,London,8009800998,,,Naukri.com
88995,Major,Uday,Bhan,uday.bhan@mailinator.com390,7864823665390,7894923645,13/04/1990,M,Single,PAN167694390,No,Behind Yaga Baba Hostel Baner,426194,KANPUR,India,579700,1340000,Mumbai,579000,2,1,30,12/06/2004,13/07/2006,Full Time,Uttar Pradesh State Board,Saraswati Vidya Mandir Kanpur,NA,92,10th,14/02/2007,25/03/2010,Full Time,Uttar Pradesh State Board,Radha Niketan College Kanpur,Electronics & Telecommunication,93,12th,14/03/2010,18/09/2014,Full Time,NITA,Motilal Nehru National Institute of Technology Allahabad,Electronics & Telecommunication,81,BE,20/07/2015,22/01/2018,Full Time,NITIE,NITIE Mumbai,Mining Engineering,87,ME,0,29/03/2017,19/09/2018,Full Time,Junior Technical Consultant,TCS,Manufacturing,AGRA,India,,,,,,,,,English,Good,Good,Good,Hindi,Good,Good,Good,Marathi,Good,Good,Good,Guddu,Software Engineer,London,8009800998,,,Naukri.com
88995,Major,Uday,Bhan,uday.bhan@mailinator.com391,7864823665391,7894923645,13/04/1990,M,Single,PAN167694391,No,Behind Yaga Baba Hostel Baner,426194,KANPUR,India,579700,1340000,Mumbai,579000,2,1,30,12/06/2004,13/07/2006,Full Time,Uttar Pradesh State Board,Saraswati Vidya Mandir Kanpur,NA,92,10th,14/02/2007,25/03/2010,Full Time,Uttar Pradesh State Board,Radha Niketan College Kanpur,Electronics & Telecommunication,93,12th,14/03/2010,18/09/2014,Full Time,NITA,Motilal Nehru National Institute of Technology Allahabad,Electronics & Telecommunication,81,BE,20/07/2015,22/01/2018,Full Time,NITIE,NITIE Mumbai,Mining Engineering,87,ME,0,29/03/2017,19/09/2018,Full Time,Junior Technical Consultant,TCS,Manufacturing,AGRA,India,,,,,,,,,English,Good,Good,Good,Hindi,Good,Good,Good,Marathi,Good,Good,Good,Guddu,Software Engineer,London,8009800998,,,Naukri.com
88995,Major,Uday,Bhan,uday.bhan@mailinator.com392,7864823665392,7894923645,13/04/1990,M,Single,PAN167694392,No,Behind Yaga Baba Hostel Baner,426194,KANPUR,India,579700,1340000,Mumbai,579000,2,1,30,12/06/2004,13/07/2006,Full Time,Uttar Pradesh State Board,Saraswati Vidya Mandir Kanpur,NA,92,10th,14/02/2007,25/03/2010,Full Time,Uttar Pradesh State Board,Radha Niketan College Kanpur,Electronics & Telecommunication,93,12th,14/03/2010,18/09/2014,Full Time,NITA,Motilal Nehru National Institute of Technology Allahabad,Electronics & Telecommunication,81,BE,20/07/2015,22/01/2018,Full Time,NITIE,NITIE Mumbai,Mining Engineering,87,ME,0,29/03/2017,19/09/2018,Full Time,Junior Technical Consultant,TCS,Manufacturing,AGRA,India,,,,,,,,,English,Good,Good,Good,Hindi,Good,Good,Good,Marathi,Good,Good,Good,Guddu,Software Engineer,London,8009800998,,,Naukri.com
88995,Major,Uday,Bhan,uday.bhan@mailinator.com393,7864823665393,7894923645,13/04/1990,M,Single,PAN167694393,No,Behind Yaga Baba Hostel Baner,426194,KANPUR,India,579700,1340000,Mumbai,579000,2,1,30,12/06/2004,13/07/2006,Full Time,Uttar Pradesh State Board,Saraswati Vidya Mandir Kanpur,NA,92,10th,14/02/2007,25/03/2010,Full Time,Uttar Pradesh State Board,Radha Niketan College Kanpur,Electronics & Telecommunication,93,12th,14/03/2010,18/09/2014,Full Time,NITA,Motilal Nehru National Institute of Technology Allahabad,Electronics & Telecommunication,81,BE,20/07/2015,22/01/2018,Full Time,NITIE,NITIE Mumbai,Mining Engineering,87,ME,0,29/03/2017,19/09/2018,Full Time,Junior Technical Consultant,TCS,Manufacturing,AGRA,India,,,,,,,,,English,Good,Good,Good,Hindi,Good,Good,Good,Marathi,Good,Good,Good,Guddu,Software Engineer,London,8009800998,,,Naukri.com
88995,Major,Uday,Bhan,uday.bhan@mailinator.com394,7864823665394,7894923645,13/04/1990,M,Single,PAN167694394,No,Behind Yaga Baba Hostel Baner,426194,KANPUR,India,579700,1340000,Mumbai,579000,2,1,30,12/06/2004,13/07/2006,Full Time,Uttar Pradesh State Board,Saraswati Vidya Mandir Kanpur,NA,92,10th,14/02/2007,25/03/2010,Full Time,Uttar Pradesh State Board,Radha Niketan College Kanpur,Electronics & Telecommunication,93,12th,14/03/2010,18/09/2014,Full Time,NITA,Motilal Nehru National Institute of Technology Allahabad,Electronics & Telecommunication,81,BE,20/07/2015,22/01/2018,Full Time,NITIE,NITIE Mumbai,Mining Engineering,87,ME,0,29/03/2017,19/09/2018,Full Time,Junior Technical Consultant,TCS,Manufacturing,AGRA,India,,,,,,,,,English,Good,Good,Good,Hindi,Good,Good,Good,Marathi,Good,Good,Good,Guddu,Software Engineer,London,8009800998,,,Naukri.com
88995,Major,Uday,Bhan,uday.bhan@mailinator.com395,7864823665395,7894923645,13/04/1990,M,Single,PAN167694395,No,Behind Yaga Baba Hostel Baner,426194,KANPUR,India,579700,1340000,Mumbai,579000,2,1,30,12/06/2004,13/07/2006,Full Time,Uttar Pradesh State Board,Saraswati Vidya Mandir Kanpur,NA,92,10th,14/02/2007,25/03/2010,Full Time,Uttar Pradesh State Board,Radha Niketan College Kanpur,Electronics & Telecommunication,93,12th,14/03/2010,18/09/2014,Full Time,NITA,Motilal Nehru National Institute of Technology Allahabad,Electronics & Telecommunication,81,BE,20/07/2015,22/01/2018,Full Time,NITIE,NITIE Mumbai,Mining Engineering,87,ME,0,29/03/2017,19/09/2018,Full Time,Junior Technical Consultant,TCS,Manufacturing,AGRA,India,,,,,,,,,English,Good,Good,Good,Hindi,Good,Good,Good,Marathi,Good,Good,Good,Guddu,Software Engineer,London,8009800998,,,Naukri.com
88995,Major,Uday,Bhan,uday.bhan@mailinator.com396,7864823665396,7894923645,13/04/1990,M,Single,PAN167694396,No,Behind Yaga Baba Hostel Baner,426194,KANPUR,India,579700,1340000,Mumbai,579000,2,1,30,12/06/2004,13/07/2006,Full Time,Uttar Pradesh State Board,Saraswati Vidya Mandir Kanpur,NA,92,10th,14/02/2007,25/03/2010,Full Time,Uttar Pradesh State Board,Radha Niketan College Kanpur,Electronics & Telecommunication,93,12th,14/03/2010,18/09/2014,Full Time,NITA,Motilal Nehru National Institute of Technology Allahabad,Electronics & Telecommunication,81,BE,20/07/2015,22/01/2018,Full Time,NITIE,NITIE Mumbai,Mining Engineering,87,ME,0,29/03/2017,19/09/2018,Full Time,Junior Technical Consultant,TCS,Manufacturing,AGRA,India,,,,,,,,,English,Good,Good,Good,Hindi,Good,Good,Good,Marathi,Good,Good,Good,Guddu,Software Engineer,London,8009800998,,,Naukri.com
88995,Major,Uday,Bhan,uday.bhan@mailinator.com397,7864823665397,7894923645,13/04/1990,M,Single,PAN167694397,No,Behind Yaga Baba Hostel Baner,426194,KANPUR,India,579700,1340000,Mumbai,579000,2,1,30,12/06/2004,13/07/2006,Full Time,Uttar Pradesh State Board,Saraswati Vidya Mandir Kanpur,NA,92,10th,14/02/2007,25/03/2010,Full Time,Uttar Pradesh State Board,Radha Niketan College Kanpur,Electronics & Telecommunication,93,12th,14/03/2010,18/09/2014,Full Time,NITA,Motilal Nehru National Institute of Technology Allahabad,Electronics & Telecommunication,81,BE,20/07/2015,22/01/2018,Full Time,NITIE,NITIE Mumbai,Mining Engineering,87,ME,0,29/03/2017,19/09/2018,Full Time,Junior Technical Consultant,TCS,Manufacturing,AGRA,India,,,,,,,,,English,Good,Good,Good,Hindi,Good,Good,Good,Marathi,Good,Good,Good,Guddu,Software Engineer,London,8009800998,,,Naukri.com
88995,Major,Uday,Bhan,uday.bhan@mailinator.com398,7864823665398,7894923645,13/04/1990,M,Single,PAN167694398,No,Behind Yaga Baba Hostel Baner,426194,KANPUR,India,579700,1340000,Mumbai,579000,2,1,30,12/06/2004,13/07/2006,Full Time,Uttar Pradesh State Board,Saraswati Vidya Mandir Kanpur,NA,92,10th,14/02/2007,25/03/2010,Full Time,Uttar Pradesh State Board,Radha Niketan College Kanpur,Electronics & Telecommunication,93,12th,14/03/2010,18/09/2014,Full Time,NITA,Motilal Nehru National Institute of Technology Allahabad,Electronics & Telecommunication,81,BE,20/07/2015,22/01/2018,Full Time,NITIE,NITIE Mumbai,Mining Engineering,87,ME,0,29/03/2017,19/09/2018,Full Time,Junior Technical Consultant,TCS,Manufacturing,AGRA,India,,,,,,,,,English,Good,Good,Good,Hindi,Good,Good,Good,Marathi,Good,Good,Good,Guddu,Software Engineer,London,8009800998,,,Naukri.com
88995,Major,Uday,Bhan,uday.bhan@mailinator.com399,7864823665399,7894923645,13/04/1990,M,Single,PAN167694399,No,Behind Yaga Baba Hostel Baner,426194,KANPUR,India,579700,1340000,Mumbai,579000,2,1,30,12/06/2004,13/07/2006,Full Time,Uttar Pradesh State Board,Saraswati Vidya Mandir Kanpur,NA,92,10th,14/02/2007,25/03/2010,Full Time,Uttar Pradesh State Board,Radha Niketan College Kanpur,Electronics & Telecommunication,93,12th,14/03/2010,18/09/2014,Full Time,NITA,Motilal Nehru National Institute of Technology Allahabad,Electronics & Telecommunication,81,BE,20/07/2015,22/01/2018,Full Time,NITIE,NITIE Mumbai,Mining Engineering,87,ME,0,29/03/2017,19/09/2018,Full Time,Junior Technical Consultant,TCS,Manufacturing,AGRA,India,,,,,,,,,English,Good,Good,Good,Hindi,Good,Good,Good,Marathi,Good,Good,Good,Guddu,Software Engineer,London,8009800998,,,Naukri.com
88995,Major,Uday,Bhan,uday.bhan@mailinator.com400,7864823665400,7894923645,13/04/1990,M,Single,PAN167694400,No,Behind Yaga Baba Hostel Baner,426194,KANPUR,India,579700,1340000,Mumbai,579000,2,1,30,12/06/2004,13/07/2006,Full Time,Uttar Pradesh State Board,Saraswati Vidya Mandir Kanpur,NA,92,10th,14/02/2007,25/03/2010,Full Time,Uttar Pradesh State Board,Radha Niketan College Kanpur,Electronics & Telecommunication,93,12th,14/03/2010,18/09/2014,Full Time,NITA,Motilal Nehru National Institute of Technology Allahabad,Electronics & Telecommunication,81,BE,20/07/2015,22/01/2018,Full Time,NITIE,NITIE Mumbai,Mining Engineering,87,ME,0,29/03/2017,19/09/2018,Full Time,Junior Technical Consultant,TCS,Manufacturing,AGRA,India,,,,,,,,,English,Good,Good,Good,Hindi,Good,Good,Good,Marathi,Good,Good,Good,Guddu,Software Engineer,London,8009800998,,,Naukri.com
88995,Major,Uday,Bhan,uday.bhan@mailinator.com401,7864823665401,7894923645,13/04/1990,M,Single,PAN167694401,No,Behind Yaga Baba Hostel Baner,426194,KANPUR,India,579700,1340000,Mumbai,579000,2,1,30,12/06/2004,13/07/2006,Full Time,Uttar Pradesh State Board,Saraswati Vidya Mandir Kanpur,NA,92,10th,14/02/2007,25/03/2010,Full Time,Uttar Pradesh State Board,Radha Niketan College Kanpur,Electronics & Telecommunication,93,12th,14/03/2010,18/09/2014,Full Time,NITA,Motilal Nehru National Institute of Technology Allahabad,Electronics & Telecommunication,81,BE,20/07/2015,22/01/2018,Full Time,NITIE,NITIE Mumbai,Mining Engineering,87,ME,0,29/03/2017,19/09/2018,Full Time,Junior Technical Consultant,TCS,Manufacturing,AGRA,India,,,,,,,,,English,Good,Good,Good,Hindi,Good,Good,Good,Marathi,Good,Good,Good,Guddu,Software Engineer,London,8009800998,,,Naukri.com
88995,Major,Uday,Bhan,uday.bhan@mailinator.com402,7864823665402,7894923645,13/04/1990,M,Single,PAN167694402,No,Behind Yaga Baba Hostel Baner,426194,KANPUR,India,579700,1340000,Mumbai,579000,2,1,30,12/06/2004,13/07/2006,Full Time,Uttar Pradesh State Board,Saraswati Vidya Mandir Kanpur,NA,92,10th,14/02/2007,25/03/2010,Full Time,Uttar Pradesh State Board,Radha Niketan College Kanpur,Electronics & Telecommunication,93,12th,14/03/2010,18/09/2014,Full Time,NITA,Motilal Nehru National Institute of Technology Allahabad,Electronics & Telecommunication,81,BE,20/07/2015,22/01/2018,Full Time,NITIE,NITIE Mumbai,Mining Engineering,87,ME,0,29/03/2017,19/09/2018,Full Time,Junior Technical Consultant,TCS,Manufacturing,AGRA,India,,,,,,,,,English,Good,Good,Good,Hindi,Good,Good,Good,Marathi,Good,Good,Good,Guddu,Software Engineer,London,8009800998,,,Naukri.com
88995,Major,Uday,Bhan,uday.bhan@mailinator.com403,7864823665403,7894923645,13/04/1990,M,Single,PAN167694403,No,Behind Yaga Baba Hostel Baner,426194,KANPUR,India,579700,1340000,Mumbai,579000,2,1,30,12/06/2004,13/07/2006,Full Time,Uttar Pradesh State Board,Saraswati Vidya Mandir Kanpur,NA,92,10th,14/02/2007,25/03/2010,Full Time,Uttar Pradesh State Board,Radha Niketan College Kanpur,Electronics & Telecommunication,93,12th,14/03/2010,18/09/2014,Full Time,NITA,Motilal Nehru National Institute of Technology Allahabad,Electronics & Telecommunication,81,BE,20/07/2015,22/01/2018,Full Time,NITIE,NITIE Mumbai,Mining Engineering,87,ME,0,29/03/2017,19/09/2018,Full Time,Junior Technical Consultant,TCS,Manufacturing,AGRA,India,,,,,,,,,English,Good,Good,Good,Hindi,Good,Good,Good,Marathi,Good,Good,Good,Guddu,Software Engineer,London,8009800998,,,Naukri.com
88995,Major,Uday,Bhan,uday.bhan@mailinator.com404,7864823665404,7894923645,13/04/1990,M,Single,PAN167694404,No,Behind Yaga Baba Hostel Baner,426194,KANPUR,India,579700,1340000,Mumbai,579000,2,1,30,12/06/2004,13/07/2006,Full Time,Uttar Pradesh State Board,Saraswati Vidya Mandir Kanpur,NA,92,10th,14/02/2007,25/03/2010,Full Time,Uttar Pradesh State Board,Radha Niketan College Kanpur,Electronics & Telecommunication,93,12th,14/03/2010,18/09/2014,Full Time,NITA,Motilal Nehru National Institute of Technology Allahabad,Electronics & Telecommunication,81,BE,20/07/2015,22/01/2018,Full Time,NITIE,NITIE Mumbai,Mining Engineering,87,ME,0,29/03/2017,19/09/2018,Full Time,Junior Technical Consultant,TCS,Manufacturing,AGRA,India,,,,,,,,,English,Good,Good,Good,Hindi,Good,Good,Good,Marathi,Good,Good,Good,Guddu,Software Engineer,London,8009800998,,,Naukri.com
88995,Major,Uday,Bhan,uday.bhan@mailinator.com405,7864823665405,7894923645,13/04/1990,M,Single,PAN167694405,No,Behind Yaga Baba Hostel Baner,426194,KANPUR,India,579700,1340000,Mumbai,579000,2,1,30,12/06/2004,13/07/2006,Full Time,Uttar Pradesh State Board,Saraswati Vidya Mandir Kanpur,NA,92,10th,14/02/2007,25/03/2010,Full Time,Uttar Pradesh State Board,Radha Niketan College Kanpur,Electronics & Telecommunication,93,12th,14/03/2010,18/09/2014,Full Time,NITA,Motilal Nehru National Institute of Technology Allahabad,Electronics & Telecommunication,81,BE,20/07/2015,22/01/2018,Full Time,NITIE,NITIE Mumbai,Mining Engineering,87,ME,0,29/03/2017,19/09/2018,Full Time,Junior Technical Consultant,TCS,Manufacturing,AGRA,India,,,,,,,,,English,Good,Good,Good,Hindi,Good,Good,Good,Marathi,Good,Good,Good,Guddu,Software Engineer,London,8009800998,,,Naukri.com
88995,Major,Uday,Bhan,uday.bhan@mailinator.com406,7864823665406,7894923645,13/04/1990,M,Single,PAN167694406,No,Behind Yaga Baba Hostel Baner,426194,KANPUR,India,579700,1340000,Mumbai,579000,2,1,30,12/06/2004,13/07/2006,Full Time,Uttar Pradesh State Board,Saraswati Vidya Mandir Kanpur,NA,92,10th,14/02/2007,25/03/2010,Full Time,Uttar Pradesh State Board,Radha Niketan College Kanpur,Electronics & Telecommunication,93,12th,14/03/2010,18/09/2014,Full Time,NITA,Motilal Nehru National Institute of Technology Allahabad,Electronics & Telecommunication,81,BE,20/07/2015,22/01/2018,Full Time,NITIE,NITIE Mumbai,Mining Engineering,87,ME,0,29/03/2017,19/09/2018,Full Time,Junior Technical Consultant,TCS,Manufacturing,AGRA,India,,,,,,,,,English,Good,Good,Good,Hindi,Good,Good,Good,Marathi,Good,Good,Good,Guddu,Software Engineer,London,8009800998,,,Naukri.com
88995,Major,Uday,Bhan,uday.bhan@mailinator.com407,7864823665407,7894923645,13/04/1990,M,Single,PAN167694407,No,Behind Yaga Baba Hostel Baner,426194,KANPUR,India,579700,1340000,Mumbai,579000,2,1,30,12/06/2004,13/07/2006,Full Time,Uttar Pradesh State Board,Saraswati Vidya Mandir Kanpur,NA,92,10th,14/02/2007,25/03/2010,Full Time,Uttar Pradesh State Board,Radha Niketan College Kanpur,Electronics & Telecommunication,93,12th,14/03/2010,18/09/2014,Full Time,NITA,Motilal Nehru National Institute of Technology Allahabad,Electronics & Telecommunication,81,BE,20/07/2015,22/01/2018,Full Time,NITIE,NITIE Mumbai,Mining Engineering,87,ME,0,29/03/2017,19/09/2018,Full Time,Junior Technical Consultant,TCS,Manufacturing,AGRA,India,,,,,,,,,English,Good,Good,Good,Hindi,Good,Good,Good,Marathi,Good,Good,Good,Guddu,Software Engineer,London,8009800998,,,Naukri.com
88995,Major,Uday,Bhan,uday.bhan@mailinator.com408,7864823665408,7894923645,13/04/1990,M,Single,PAN167694408,No,Behind Yaga Baba Hostel Baner,426194,KANPUR,India,579700,1340000,Mumbai,579000,2,1,30,12/06/2004,13/07/2006,Full Time,Uttar Pradesh State Board,Saraswati Vidya Mandir Kanpur,NA,92,10th,14/02/2007,25/03/2010,Full Time,Uttar Pradesh State Board,Radha Niketan College Kanpur,Electronics & Telecommunication,93,12th,14/03/2010,18/09/2014,Full Time,NITA,Motilal Nehru National Institute of Technology Allahabad,Electronics & Telecommunication,81,BE,20/07/2015,22/01/2018,Full Time,NITIE,NITIE Mumbai,Mining Engineering,87,ME,0,29/03/2017,19/09/2018,Full Time,Junior Technical Consultant,TCS,Manufacturing,AGRA,India,,,,,,,,,English,Good,Good,Good,Hindi,Good,Good,Good,Marathi,Good,Good,Good,Guddu,Software Engineer,London,8009800998,,,Naukri.com
88995,Major,Uday,Bhan,uday.bhan@mailinator.com409,7864823665409,7894923645,13/04/1990,M,Single,PAN167694409,No,Behind Yaga Baba Hostel Baner,426194,KANPUR,India,579700,1340000,Mumbai,579000,2,1,30,12/06/2004,13/07/2006,Full Time,Uttar Pradesh State Board,Saraswati Vidya Mandir Kanpur,NA,92,10th,14/02/2007,25/03/2010,Full Time,Uttar Pradesh State Board,Radha Niketan College Kanpur,Electronics & Telecommunication,93,12th,14/03/2010,18/09/2014,Full Time,NITA,Motilal Nehru National Institute of Technology Allahabad,Electronics & Telecommunication,81,BE,20/07/2015,22/01/2018,Full Time,NITIE,NITIE Mumbai,Mining Engineering,87,ME,0,29/03/2017,19/09/2018,Full Time,Junior Technical Consultant,TCS,Manufacturing,AGRA,India,,,,,,,,,English,Good,Good,Good,Hindi,Good,Good,Good,Marathi,Good,Good,Good,Guddu,Software Engineer,London,8009800998,,,Naukri.com
88995,Major,Uday,Bhan,uday.bhan@mailinator.com410,7864823665410,7894923645,13/04/1990,M,Single,PAN167694410,No,Behind Yaga Baba Hostel Baner,426194,KANPUR,India,579700,1340000,Mumbai,579000,2,1,30,12/06/2004,13/07/2006,Full Time,Uttar Pradesh State Board,Saraswati Vidya Mandir Kanpur,NA,92,10th,14/02/2007,25/03/2010,Full Time,Uttar Pradesh State Board,Radha Niketan College Kanpur,Electronics & Telecommunication,93,12th,14/03/2010,18/09/2014,Full Time,NITA,Motilal Nehru National Institute of Technology Allahabad,Electronics & Telecommunication,81,BE,20/07/2015,22/01/2018,Full Time,NITIE,NITIE Mumbai,Mining Engineering,87,ME,0,29/03/2017,19/09/2018,Full Time,Junior Technical Consultant,TCS,Manufacturing,AGRA,India,,,,,,,,,English,Good,Good,Good,Hindi,Good,Good,Good,Marathi,Good,Good,Good,Guddu,Software Engineer,London,8009800998,,,Naukri.com
88995,Major,Uday,Bhan,uday.bhan@mailinator.com411,7864823665411,7894923645,13/04/1990,M,Single,PAN167694411,No,Behind Yaga Baba Hostel Baner,426194,KANPUR,India,579700,1340000,Mumbai,579000,2,1,30,12/06/2004,13/07/2006,Full Time,Uttar Pradesh State Board,Saraswati Vidya Mandir Kanpur,NA,92,10th,14/02/2007,25/03/2010,Full Time,Uttar Pradesh State Board,Radha Niketan College Kanpur,Electronics & Telecommunication,93,12th,14/03/2010,18/09/2014,Full Time,NITA,Motilal Nehru National Institute of Technology Allahabad,Electronics & Telecommunication,81,BE,20/07/2015,22/01/2018,Full Time,NITIE,NITIE Mumbai,Mining Engineering,87,ME,0,29/03/2017,19/09/2018,Full Time,Junior Technical Consultant,TCS,Manufacturing,AGRA,India,,,,,,,,,English,Good,Good,Good,Hindi,Good,Good,Good,Marathi,Good,Good,Good,Guddu,Software Engineer,London,8009800998,,,Naukri.com
88995,Major,Uday,Bhan,uday.bhan@mailinator.com412,7864823665412,7894923645,13/04/1990,M,Single,PAN167694412,No,Behind Yaga Baba Hostel Baner,426194,KANPUR,India,579700,1340000,Mumbai,579000,2,1,30,12/06/2004,13/07/2006,Full Time,Uttar Pradesh State Board,Saraswati Vidya Mandir Kanpur,NA,92,10th,14/02/2007,25/03/2010,Full Time,Uttar Pradesh State Board,Radha Niketan College Kanpur,Electronics & Telecommunication,93,12th,14/03/2010,18/09/2014,Full Time,NITA,Motilal Nehru National Institute of Technology Allahabad,Electronics & Telecommunication,81,BE,20/07/2015,22/01/2018,Full Time,NITIE,NITIE Mumbai,Mining Engineering,87,ME,0,29/03/2017,19/09/2018,Full Time,Junior Technical Consultant,TCS,Manufacturing,AGRA,India,,,,,,,,,English,Good,Good,Good,Hindi,Good,Good,Good,Marathi,Good,Good,Good,Guddu,Software Engineer,London,8009800998,,,Naukri.com
88995,Major,Uday,Bhan,uday.bhan@mailinator.com413,7864823665413,7894923645,13/04/1990,M,Single,PAN167694413,No,Behind Yaga Baba Hostel Baner,426194,KANPUR,India,579700,1340000,Mumbai,579000,2,1,30,12/06/2004,13/07/2006,Full Time,Uttar Pradesh State Board,Saraswati Vidya Mandir Kanpur,NA,92,10th,14/02/2007,25/03/2010,Full Time,Uttar Pradesh State Board,Radha Niketan College Kanpur,Electronics & Telecommunication,93,12th,14/03/2010,18/09/2014,Full Time,NITA,Motilal Nehru National Institute of Technology Allahabad,Electronics & Telecommunication,81,BE,20/07/2015,22/01/2018,Full Time,NITIE,NITIE Mumbai,Mining Engineering,87,ME,0,29/03/2017,19/09/2018,Full Time,Junior Technical Consultant,TCS,Manufacturing,AGRA,India,,,,,,,,,English,Good,Good,Good,Hindi,Good,Good,Good,Marathi,Good,Good,Good,Guddu,Software Engineer,London,8009800998,,,Naukri.com
88995,Major,Uday,Bhan,uday.bhan@mailinator.com414,7864823665414,7894923645,13/04/1990,M,Single,PAN167694414,No,Behind Yaga Baba Hostel Baner,426194,KANPUR,India,579700,1340000,Mumbai,579000,2,1,30,12/06/2004,13/07/2006,Full Time,Uttar Pradesh State Board,Saraswati Vidya Mandir Kanpur,NA,92,10th,14/02/2007,25/03/2010,Full Time,Uttar Pradesh State Board,Radha Niketan College Kanpur,Electronics & Telecommunication,93,12th,14/03/2010,18/09/2014,Full Time,NITA,Motilal Nehru National Institute of Technology Allahabad,Electronics & Telecommunication,81,BE,20/07/2015,22/01/2018,Full Time,NITIE,NITIE Mumbai,Mining Engineering,87,ME,0,29/03/2017,19/09/2018,Full Time,Junior Technical Consultant,TCS,Manufacturing,AGRA,India,,,,,,,,,English,Good,Good,Good,Hindi,Good,Good,Good,Marathi,Good,Good,Good,Guddu,Software Engineer,London,8009800998,,,Naukri.com
88995,Major,Uday,Bhan,uday.bhan@mailinator.com415,7864823665415,7894923645,13/04/1990,M,Single,PAN167694415,No,Behind Yaga Baba Hostel Baner,426194,KANPUR,India,579700,1340000,Mumbai,579000,2,1,30,12/06/2004,13/07/2006,Full Time,Uttar Pradesh State Board,Saraswati Vidya Mandir Kanpur,NA,92,10th,14/02/2007,25/03/2010,Full Time,Uttar Pradesh State Board,Radha Niketan College Kanpur,Electronics & Telecommunication,93,12th,14/03/2010,18/09/2014,Full Time,NITA,Motilal Nehru National Institute of Technology Allahabad,Electronics & Telecommunication,81,BE,20/07/2015,22/01/2018,Full Time,NITIE,NITIE Mumbai,Mining Engineering,87,ME,0,29/03/2017,19/09/2018,Full Time,Junior Technical Consultant,TCS,Manufacturing,AGRA,India,,,,,,,,,English,Good,Good,Good,Hindi,Good,Good,Good,Marathi,Good,Good,Good,Guddu,Software Engineer,London,8009800998,,,Naukri.com
88995,Major,Uday,Bhan,uday.bhan@mailinator.com416,7864823665416,7894923645,13/04/1990,M,Single,PAN167694416,No,Behind Yaga Baba Hostel Baner,426194,KANPUR,India,579700,1340000,Mumbai,579000,2,1,30,12/06/2004,13/07/2006,Full Time,Uttar Pradesh State Board,Saraswati Vidya Mandir Kanpur,NA,92,10th,14/02/2007,25/03/2010,Full Time,Uttar Pradesh State Board,Radha Niketan College Kanpur,Electronics & Telecommunication,93,12th,14/03/2010,18/09/2014,Full Time,NITA,Motilal Nehru National Institute of Technology Allahabad,Electronics & Telecommunication,81,BE,20/07/2015,22/01/2018,Full Time,NITIE,NITIE Mumbai,Mining Engineering,87,ME,0,29/03/2017,19/09/2018,Full Time,Junior Technical Consultant,TCS,Manufacturing,AGRA,India,,,,,,,,,English,Good,Good,Good,Hindi,Good,Good,Good,Marathi,Good,Good,Good,Guddu,Software Engineer,London,8009800998,,,Naukri.com
88995,Major,Uday,Bhan,uday.bhan@mailinator.com417,7864823665417,7894923645,13/04/1990,M,Single,PAN167694417,No,Behind Yaga Baba Hostel Baner,426194,KANPUR,India,579700,1340000,Mumbai,579000,2,1,30,12/06/2004,13/07/2006,Full Time,Uttar Pradesh State Board,Saraswati Vidya Mandir Kanpur,NA,92,10th,14/02/2007,25/03/2010,Full Time,Uttar Pradesh State Board,Radha Niketan College Kanpur,Electronics & Telecommunication,93,12th,14/03/2010,18/09/2014,Full Time,NITA,Motilal Nehru National Institute of Technology Allahabad,Electronics & Telecommunication,81,BE,20/07/2015,22/01/2018,Full Time,NITIE,NITIE Mumbai,Mining Engineering,87,ME,0,29/03/2017,19/09/2018,Full Time,Junior Technical Consultant,TCS,Manufacturing,AGRA,India,,,,,,,,,English,Good,Good,Good,Hindi,Good,Good,Good,Marathi,Good,Good,Good,Guddu,Software Engineer,London,8009800998,,,Naukri.com
88995,Major,Uday,Bhan,uday.bhan@mailinator.com418,7864823665418,7894923645,13/04/1990,M,Single,PAN167694418,No,Behind Yaga Baba Hostel Baner,426194,KANPUR,India,579700,1340000,Mumbai,579000,2,1,30,12/06/2004,13/07/2006,Full Time,Uttar Pradesh State Board,Saraswati Vidya Mandir Kanpur,NA,92,10th,14/02/2007,25/03/2010,Full Time,Uttar Pradesh State Board,Radha Niketan College Kanpur,Electronics & Telecommunication,93,12th,14/03/2010,18/09/2014,Full Time,NITA,Motilal Nehru National Institute of Technology Allahabad,Electronics & Telecommunication,81,BE,20/07/2015,22/01/2018,Full Time,NITIE,NITIE Mumbai,Mining Engineering,87,ME,0,29/03/2017,19/09/2018,Full Time,Junior Technical Consultant,TCS,Manufacturing,AGRA,India,,,,,,,,,English,Good,Good,Good,Hindi,Good,Good,Good,Marathi,Good,Good,Good,Guddu,Software Engineer,London,8009800998,,,Naukri.com
88995,Major,Uday,Bhan,uday.bhan@mailinator.com419,7864823665419,7894923645,13/04/1990,M,Single,PAN167694419,No,Behind Yaga Baba Hostel Baner,426194,KANPUR,India,579700,1340000,Mumbai,579000,2,1,30,12/06/2004,13/07/2006,Full Time,Uttar Pradesh State Board,Saraswati Vidya Mandir Kanpur,NA,92,10th,14/02/2007,25/03/2010,Full Time,Uttar Pradesh State Board,Radha Niketan College Kanpur,Electronics & Telecommunication,93,12th,14/03/2010,18/09/2014,Full Time,NITA,Motilal Nehru National Institute of Technology Allahabad,Electronics & Telecommunication,81,BE,20/07/2015,22/01/2018,Full Time,NITIE,NITIE Mumbai,Mining Engineering,87,ME,0,29/03/2017,19/09/2018,Full Time,Junior Technical Consultant,TCS,Manufacturing,AGRA,India,,,,,,,,,English,Good,Good,Good,Hindi,Good,Good,Good,Marathi,Good,Good,Good,Guddu,Software Engineer,London,8009800998,,,Naukri.com
88995,Major,Uday,Bhan,uday.bhan@mailinator.com420,7864823665420,7894923645,13/04/1990,M,Single,PAN167694420,No,Behind Yaga Baba Hostel Baner,426194,KANPUR,India,579700,1340000,Mumbai,579000,2,1,30,12/06/2004,13/07/2006,Full Time,Uttar Pradesh State Board,Saraswati Vidya Mandir Kanpur,NA,92,10th,14/02/2007,25/03/2010,Full Time,Uttar Pradesh State Board,Radha Niketan College Kanpur,Electronics & Telecommunication,93,12th,14/03/2010,18/09/2014,Full Time,NITA,Motilal Nehru National Institute of Technology Allahabad,Electronics & Telecommunication,81,BE,20/07/2015,22/01/2018,Full Time,NITIE,NITIE Mumbai,Mining Engineering,87,ME,0,29/03/2017,19/09/2018,Full Time,Junior Technical Consultant,TCS,Manufacturing,AGRA,India,,,,,,,,,English,Good,Good,Good,Hindi,Good,Good,Good,Marathi,Good,Good,Good,Guddu,Software Engineer,London,8009800998,,,Naukri.com
88995,Major,Uday,Bhan,uday.bhan@mailinator.com421,7864823665421,7894923645,13/04/1990,M,Single,PAN167694421,No,Behind Yaga Baba Hostel Baner,426194,KANPUR,India,579700,1340000,Mumbai,579000,2,1,30,12/06/2004,13/07/2006,Full Time,Uttar Pradesh State Board,Saraswati Vidya Mandir Kanpur,NA,92,10th,14/02/2007,25/03/2010,Full Time,Uttar Pradesh State Board,Radha Niketan College Kanpur,Electronics & Telecommunication,93,12th,14/03/2010,18/09/2014,Full Time,NITA,Motilal Nehru National Institute of Technology Allahabad,Electronics & Telecommunication,81,BE,20/07/2015,22/01/2018,Full Time,NITIE,NITIE Mumbai,Mining Engineering,87,ME,0,29/03/2017,19/09/2018,Full Time,Junior Technical Consultant,TCS,Manufacturing,AGRA,India,,,,,,,,,English,Good,Good,Good,Hindi,Good,Good,Good,Marathi,Good,Good,Good,Guddu,Software Engineer,London,8009800998,,,Naukri.com
88995,Major,Uday,Bhan,uday.bhan@mailinator.com422,7864823665422,7894923645,13/04/1990,M,Single,PAN167694422,No,Behind Yaga Baba Hostel Baner,426194,KANPUR,India,579700,1340000,Mumbai,579000,2,1,30,12/06/2004,13/07/2006,Full Time,Uttar Pradesh State Board,Saraswati Vidya Mandir Kanpur,NA,92,10th,14/02/2007,25/03/2010,Full Time,Uttar Pradesh State Board,Radha Niketan College Kanpur,Electronics & Telecommunication,93,12th,14/03/2010,18/09/2014,Full Time,NITA,Motilal Nehru National Institute of Technology Allahabad,Electronics & Telecommunication,81,BE,20/07/2015,22/01/2018,Full Time,NITIE,NITIE Mumbai,Mining Engineering,87,ME,0,29/03/2017,19/09/2018,Full Time,Junior Technical Consultant,TCS,Manufacturing,AGRA,India,,,,,,,,,English,Good,Good,Good,Hindi,Good,Good,Good,Marathi,Good,Good,Good,Guddu,Software Engineer,London,8009800998,,,Naukri.com
88995,Major,Uday,Bhan,uday.bhan@mailinator.com423,7864823665423,7894923645,13/04/1990,M,Single,PAN167694423,No,Behind Yaga Baba Hostel Baner,426194,KANPUR,India,579700,1340000,Mumbai,579000,2,1,30,12/06/2004,13/07/2006,Full Time,Uttar Pradesh State Board,Saraswati Vidya Mandir Kanpur,NA,92,10th,14/02/2007,25/03/2010,Full Time,Uttar Pradesh State Board,Radha Niketan College Kanpur,Electronics & Telecommunication,93,12th,14/03/2010,18/09/2014,Full Time,NITA,Motilal Nehru National Institute of Technology Allahabad,Electronics & Telecommunication,81,BE,20/07/2015,22/01/2018,Full Time,NITIE,NITIE Mumbai,Mining Engineering,87,ME,0,29/03/2017,19/09/2018,Full Time,Junior Technical Consultant,TCS,Manufacturing,AGRA,India,,,,,,,,,English,Good,Good,Good,Hindi,Good,Good,Good,Marathi,Good,Good,Good,Guddu,Software Engineer,London,8009800998,,,Naukri.com
88995,Major,Uday,Bhan,uday.bhan@mailinator.com424,7864823665424,7894923645,13/04/1990,M,Single,PAN167694424,No,Behind Yaga Baba Hostel Baner,426194,KANPUR,India,579700,1340000,Mumbai,579000,2,1,30,12/06/2004,13/07/2006,Full Time,Uttar Pradesh State Board,Saraswati Vidya Mandir Kanpur,NA,92,10th,14/02/2007,25/03/2010,Full Time,Uttar Pradesh State Board,Radha Niketan College Kanpur,Electronics & Telecommunication,93,12th,14/03/2010,18/09/2014,Full Time,NITA,Motilal Nehru National Institute of Technology Allahabad,Electronics & Telecommunication,81,BE,20/07/2015,22/01/2018,Full Time,NITIE,NITIE Mumbai,Mining Engineering,87,ME,0,29/03/2017,19/09/2018,Full Time,Junior Technical Consultant,TCS,Manufacturing,AGRA,India,,,,,,,,,English,Good,Good,Good,Hindi,Good,Good,Good,Marathi,Good,Good,Good,Guddu,Software Engineer,London,8009800998,,,Naukri.com
88995,Major,Uday,Bhan,uday.bhan@mailinator.com425,7864823665425,7894923645,13/04/1990,M,Single,PAN167694425,No,Behind Yaga Baba Hostel Baner,426194,KANPUR,India,579700,1340000,Mumbai,579000,2,1,30,12/06/2004,13/07/2006,Full Time,Uttar Pradesh State Board,Saraswati Vidya Mandir Kanpur,NA,92,10th,14/02/2007,25/03/2010,Full Time,Uttar Pradesh State Board,Radha Niketan College Kanpur,Electronics & Telecommunication,93,12th,14/03/2010,18/09/2014,Full Time,NITA,Motilal Nehru National Institute of Technology Allahabad,Electronics & Telecommunication,81,BE,20/07/2015,22/01/2018,Full Time,NITIE,NITIE Mumbai,Mining Engineering,87,ME,0,29/03/2017,19/09/2018,Full Time,Junior Technical Consultant,TCS,Manufacturing,AGRA,India,,,,,,,,,English,Good,Good,Good,Hindi,Good,Good,Good,Marathi,Good,Good,Good,Guddu,Software Engineer,London,8009800998,,,Naukri.com
88995,Major,Uday,Bhan,uday.bhan@mailinator.com426,7864823665426,7894923645,13/04/1990,M,Single,PAN167694426,No,Behind Yaga Baba Hostel Baner,426194,KANPUR,India,579700,1340000,Mumbai,579000,2,1,30,12/06/2004,13/07/2006,Full Time,Uttar Pradesh State Board,Saraswati Vidya Mandir Kanpur,NA,92,10th,14/02/2007,25/03/2010,Full Time,Uttar Pradesh State Board,Radha Niketan College Kanpur,Electronics & Telecommunication,93,12th,14/03/2010,18/09/2014,Full Time,NITA,Motilal Nehru National Institute of Technology Allahabad,Electronics & Telecommunication,81,BE,20/07/2015,22/01/2018,Full Time,NITIE,NITIE Mumbai,Mining Engineering,87,ME,0,29/03/2017,19/09/2018,Full Time,Junior Technical Consultant,TCS,Manufacturing,AGRA,India,,,,,,,,,English,Good,Good,Good,Hindi,Good,Good,Good,Marathi,Good,Good,Good,Guddu,Software Engineer,London,8009800998,,,Naukri.com
88995,Major,Uday,Bhan,uday.bhan@mailinator.com427,7864823665427,7894923645,13/04/1990,M,Single,PAN167694427,No,Behind Yaga Baba Hostel Baner,426194,KANPUR,India,579700,1340000,Mumbai,579000,2,1,30,12/06/2004,13/07/2006,Full Time,Uttar Pradesh State Board,Saraswati Vidya Mandir Kanpur,NA,92,10th,14/02/2007,25/03/2010,Full Time,Uttar Pradesh State Board,Radha Niketan College Kanpur,Electronics & Telecommunication,93,12th,14/03/2010,18/09/2014,Full Time,NITA,Motilal Nehru National Institute of Technology Allahabad,Electronics & Telecommunication,81,BE,20/07/2015,22/01/2018,Full Time,NITIE,NITIE Mumbai,Mining Engineering,87,ME,0,29/03/2017,19/09/2018,Full Time,Junior Technical Consultant,TCS,Manufacturing,AGRA,India,,,,,,,,,English,Good,Good,Good,Hindi,Good,Good,Good,Marathi,Good,Good,Good,Guddu,Software Engineer,London,8009800998,,,Naukri.com
88995,Major,Uday,Bhan,uday.bhan@mailinator.com428,7864823665428,7894923645,13/04/1990,M,Single,PAN167694428,No,Behind Yaga Baba Hostel Baner,426194,KANPUR,India,579700,1340000,Mumbai,579000,2,1,30,12/06/2004,13/07/2006,Full Time,Uttar Pradesh State Board,Saraswati Vidya Mandir Kanpur,NA,92,10th,14/02/2007,25/03/2010,Full Time,Uttar Pradesh State Board,Radha Niketan College Kanpur,Electronics & Telecommunication,93,12th,14/03/2010,18/09/2014,Full Time,NITA,Motilal Nehru National Institute of Technology Allahabad,Electronics & Telecommunication,81,BE,20/07/2015,22/01/2018,Full Time,NITIE,NITIE Mumbai,Mining Engineering,87,ME,0,29/03/2017,19/09/2018,Full Time,Junior Technical Consultant,TCS,Manufacturing,AGRA,India,,,,,,,,,English,Good,Good,Good,Hindi,Good,Good,Good,Marathi,Good,Good,Good,Guddu,Software Engineer,London,8009800998,,,Naukri.com
88995,Major,Uday,Bhan,uday.bhan@mailinator.com429,7864823665429,7894923645,13/04/1990,M,Single,PAN167694429,No,Behind Yaga Baba Hostel Baner,426194,KANPUR,India,579700,1340000,Mumbai,579000,2,1,30,12/06/2004,13/07/2006,Full Time,Uttar Pradesh State Board,Saraswati Vidya Mandir Kanpur,NA,92,10th,14/02/2007,25/03/2010,Full Time,Uttar Pradesh State Board,Radha Niketan College Kanpur,Electronics & Telecommunication,93,12th,14/03/2010,18/09/2014,Full Time,NITA,Motilal Nehru National Institute of Technology Allahabad,Electronics & Telecommunication,81,BE,20/07/2015,22/01/2018,Full Time,NITIE,NITIE Mumbai,Mining Engineering,87,ME,0,29/03/2017,19/09/2018,Full Time,Junior Technical Consultant,TCS,Manufacturing,AGRA,India,,,,,,,,,English,Good,Good,Good,Hindi,Good,Good,Good,Marathi,Good,Good,Good,Guddu,Software Engineer,London,8009800998,,,Naukri.com
88995,Major,Uday,Bhan,uday.bhan@mailinator.com430,7864823665430,7894923645,13/04/1990,M,Single,PAN167694430,No,Behind Yaga Baba Hostel Baner,426194,KANPUR,India,579700,1340000,Mumbai,579000,2,1,30,12/06/2004,13/07/2006,Full Time,Uttar Pradesh State Board,Saraswati Vidya Mandir Kanpur,NA,92,10th,14/02/2007,25/03/2010,Full Time,Uttar Pradesh State Board,Radha Niketan College Kanpur,Electronics & Telecommunication,93,12th,14/03/2010,18/09/2014,Full Time,NITA,Motilal Nehru National Institute of Technology Allahabad,Electronics & Telecommunication,81,BE,20/07/2015,22/01/2018,Full Time,NITIE,NITIE Mumbai,Mining Engineering,87,ME,0,29/03/2017,19/09/2018,Full Time,Junior Technical Consultant,TCS,Manufacturing,AGRA,India,,,,,,,,,English,Good,Good,Good,Hindi,Good,Good,Good,Marathi,Good,Good,Good,Guddu,Software Engineer,London,8009800998,,,Naukri.com
88995,Major,Uday,Bhan,uday.bhan@mailinator.com431,7864823665431,7894923645,13/04/1990,M,Single,PAN167694431,No,Behind Yaga Baba Hostel Baner,426194,KANPUR,India,579700,1340000,Mumbai,579000,2,1,30,12/06/2004,13/07/2006,Full Time,Uttar Pradesh State Board,Saraswati Vidya Mandir Kanpur,NA,92,10th,14/02/2007,25/03/2010,Full Time,Uttar Pradesh State Board,Radha Niketan College Kanpur,Electronics & Telecommunication,93,12th,14/03/2010,18/09/2014,Full Time,NITA,Motilal Nehru National Institute of Technology Allahabad,Electronics & Telecommunication,81,BE,20/07/2015,22/01/2018,Full Time,NITIE,NITIE Mumbai,Mining Engineering,87,ME,0,29/03/2017,19/09/2018,Full Time,Junior Technical Consultant,TCS,Manufacturing,AGRA,India,,,,,,,,,English,Good,Good,Good,Hindi,Good,Good,Good,Marathi,Good,Good,Good,Guddu,Software Engineer,London,8009800998,,,Naukri.com
88995,Major,Uday,Bhan,uday.bhan@mailinator.com432,7864823665432,7894923645,13/04/1990,M,Single,PAN167694432,No,Behind Yaga Baba Hostel Baner,426194,KANPUR,India,579700,1340000,Mumbai,579000,2,1,30,12/06/2004,13/07/2006,Full Time,Uttar Pradesh State Board,Saraswati Vidya Mandir Kanpur,NA,92,10th,14/02/2007,25/03/2010,Full Time,Uttar Pradesh State Board,Radha Niketan College Kanpur,Electronics & Telecommunication,93,12th,14/03/2010,18/09/2014,Full Time,NITA,Motilal Nehru National Institute of Technology Allahabad,Electronics & Telecommunication,81,BE,20/07/2015,22/01/2018,Full Time,NITIE,NITIE Mumbai,Mining Engineering,87,ME,0,29/03/2017,19/09/2018,Full Time,Junior Technical Consultant,TCS,Manufacturing,AGRA,India,,,,,,,,,English,Good,Good,Good,Hindi,Good,Good,Good,Marathi,Good,Good,Good,Guddu,Software Engineer,London,8009800998,,,Naukri.com
88995,Major,Uday,Bhan,uday.bhan@mailinator.com433,7864823665433,7894923645,13/04/1990,M,Single,PAN167694433,No,Behind Yaga Baba Hostel Baner,426194,KANPUR,India,579700,1340000,Mumbai,579000,2,1,30,12/06/2004,13/07/2006,Full Time,Uttar Pradesh State Board,Saraswati Vidya Mandir Kanpur,NA,92,10th,14/02/2007,25/03/2010,Full Time,Uttar Pradesh State Board,Radha Niketan College Kanpur,Electronics & Telecommunication,93,12th,14/03/2010,18/09/2014,Full Time,NITA,Motilal Nehru National Institute of Technology Allahabad,Electronics & Telecommunication,81,BE,20/07/2015,22/01/2018,Full Time,NITIE,NITIE Mumbai,Mining Engineering,87,ME,0,29/03/2017,19/09/2018,Full Time,Junior Technical Consultant,TCS,Manufacturing,AGRA,India,,,,,,,,,English,Good,Good,Good,Hindi,Good,Good,Good,Marathi,Good,Good,Good,Guddu,Software Engineer,London,8009800998,,,Naukri.com
88995,Major,Uday,Bhan,uday.bhan@mailinator.com434,7864823665434,7894923645,13/04/1990,M,Single,PAN167694434,No,Behind Yaga Baba Hostel Baner,426194,KANPUR,India,579700,1340000,Mumbai,579000,2,1,30,12/06/2004,13/07/2006,Full Time,Uttar Pradesh State Board,Saraswati Vidya Mandir Kanpur,NA,92,10th,14/02/2007,25/03/2010,Full Time,Uttar Pradesh State Board,Radha Niketan College Kanpur,Electronics & Telecommunication,93,12th,14/03/2010,18/09/2014,Full Time,NITA,Motilal Nehru National Institute of Technology Allahabad,Electronics & Telecommunication,81,BE,20/07/2015,22/01/2018,Full Time,NITIE,NITIE Mumbai,Mining Engineering,87,ME,0,29/03/2017,19/09/2018,Full Time,Junior Technical Consultant,TCS,Manufacturing,AGRA,India,,,,,,,,,English,Good,Good,Good,Hindi,Good,Good,Good,Marathi,Good,Good,Good,Guddu,Software Engineer,London,8009800998,,,Naukri.com
88995,Major,Uday,Bhan,uday.bhan@mailinator.com435,7864823665435,7894923645,13/04/1990,M,Single,PAN167694435,No,Behind Yaga Baba Hostel Baner,426194,KANPUR,India,579700,1340000,Mumbai,579000,2,1,30,12/06/2004,13/07/2006,Full Time,Uttar Pradesh State Board,Saraswati Vidya Mandir Kanpur,NA,92,10th,14/02/2007,25/03/2010,Full Time,Uttar Pradesh State Board,Radha Niketan College Kanpur,Electronics & Telecommunication,93,12th,14/03/2010,18/09/2014,Full Time,NITA,Motilal Nehru National Institute of Technology Allahabad,Electronics & Telecommunication,81,BE,20/07/2015,22/01/2018,Full Time,NITIE,NITIE Mumbai,Mining Engineering,87,ME,0,29/03/2017,19/09/2018,Full Time,Junior Technical Consultant,TCS,Manufacturing,AGRA,India,,,,,,,,,English,Good,Good,Good,Hindi,Good,Good,Good,Marathi,Good,Good,Good,Guddu,Software Engineer,London,8009800998,,,Naukri.com
88995,Major,Uday,Bhan,uday.bhan@mailinator.com436,7864823665436,7894923645,13/04/1990,M,Single,PAN167694436,No,Behind Yaga Baba Hostel Baner,426194,KANPUR,India,579700,1340000,Mumbai,579000,2,1,30,12/06/2004,13/07/2006,Full Time,Uttar Pradesh State Board,Saraswati Vidya Mandir Kanpur,NA,92,10th,14/02/2007,25/03/2010,Full Time,Uttar Pradesh State Board,Radha Niketan College Kanpur,Electronics & Telecommunication,93,12th,14/03/2010,18/09/2014,Full Time,NITA,Motilal Nehru National Institute of Technology Allahabad,Electronics & Telecommunication,81,BE,20/07/2015,22/01/2018,Full Time,NITIE,NITIE Mumbai,Mining Engineering,87,ME,0,29/03/2017,19/09/2018,Full Time,Junior Technical Consultant,TCS,Manufacturing,AGRA,India,,,,,,,,,English,Good,Good,Good,Hindi,Good,Good,Good,Marathi,Good,Good,Good,Guddu,Software Engineer,London,8009800998,,,Naukri.com
88995,Major,Uday,Bhan,uday.bhan@mailinator.com437,7864823665437,7894923645,13/04/1990,M,Single,PAN167694437,No,Behind Yaga Baba Hostel Baner,426194,KANPUR,India,579700,1340000,Mumbai,579000,2,1,30,12/06/2004,13/07/2006,Full Time,Uttar Pradesh State Board,Saraswati Vidya Mandir Kanpur,NA,92,10th,14/02/2007,25/03/2010,Full Time,Uttar Pradesh State Board,Radha Niketan College Kanpur,Electronics & Telecommunication,93,12th,14/03/2010,18/09/2014,Full Time,NITA,Motilal Nehru National Institute of Technology Allahabad,Electronics & Telecommunication,81,BE,20/07/2015,22/01/2018,Full Time,NITIE,NITIE Mumbai,Mining Engineering,87,ME,0,29/03/2017,19/09/2018,Full Time,Junior Technical Consultant,TCS,Manufacturing,AGRA,India,,,,,,,,,English,Good,Good,Good,Hindi,Good,Good,Good,Marathi,Good,Good,Good,Guddu,Software Engineer,London,8009800998,,,Naukri.com
88995,Major,Uday,Bhan,uday.bhan@mailinator.com438,7864823665438,7894923645,13/04/1990,M,Single,PAN167694438,No,Behind Yaga Baba Hostel Baner,426194,KANPUR,India,579700,1340000,Mumbai,579000,2,1,30,12/06/2004,13/07/2006,Full Time,Uttar Pradesh State Board,Saraswati Vidya Mandir Kanpur,NA,92,10th,14/02/2007,25/03/2010,Full Time,Uttar Pradesh State Board,Radha Niketan College Kanpur,Electronics & Telecommunication,93,12th,14/03/2010,18/09/2014,Full Time,NITA,Motilal Nehru National Institute of Technology Allahabad,Electronics & Telecommunication,81,BE,20/07/2015,22/01/2018,Full Time,NITIE,NITIE Mumbai,Mining Engineering,87,ME,0,29/03/2017,19/09/2018,Full Time,Junior Technical Consultant,TCS,Manufacturing,AGRA,India,,,,,,,,,English,Good,Good,Good,Hindi,Good,Good,Good,Marathi,Good,Good,Good,Guddu,Software Engineer,London,8009800998,,,Naukri.com
88995,Major,Uday,Bhan,uday.bhan@mailinator.com439,7864823665439,7894923645,13/04/1990,M,Single,PAN167694439,No,Behind Yaga Baba Hostel Baner,426194,KANPUR,India,579700,1340000,Mumbai,579000,2,1,30,12/06/2004,13/07/2006,Full Time,Uttar Pradesh State Board,Saraswati Vidya Mandir Kanpur,NA,92,10th,14/02/2007,25/03/2010,Full Time,Uttar Pradesh State Board,Radha Niketan College Kanpur,Electronics & Telecommunication,93,12th,14/03/2010,18/09/2014,Full Time,NITA,Motilal Nehru National Institute of Technology Allahabad,Electronics & Telecommunication,81,BE,20/07/2015,22/01/2018,Full Time,NITIE,NITIE Mumbai,Mining Engineering,87,ME,0,29/03/2017,19/09/2018,Full Time,Junior Technical Consultant,TCS,Manufacturing,AGRA,India,,,,,,,,,English,Good,Good,Good,Hindi,Good,Good,Good,Marathi,Good,Good,Good,Guddu,Software Engineer,London,8009800998,,,Naukri.com
88995,Major,Uday,Bhan,uday.bhan@mailinator.com440,7864823665440,7894923645,13/04/1990,M,Single,PAN167694440,No,Behind Yaga Baba Hostel Baner,426194,KANPUR,India,579700,1340000,Mumbai,579000,2,1,30,12/06/2004,13/07/2006,Full Time,Uttar Pradesh State Board,Saraswati Vidya Mandir Kanpur,NA,92,10th,14/02/2007,25/03/2010,Full Time,Uttar Pradesh State Board,Radha Niketan College Kanpur,Electronics & Telecommunication,93,12th,14/03/2010,18/09/2014,Full Time,NITA,Motilal Nehru National Institute of Technology Allahabad,Electronics & Telecommunication,81,BE,20/07/2015,22/01/2018,Full Time,NITIE,NITIE Mumbai,Mining Engineering,87,ME,0,29/03/2017,19/09/2018,Full Time,Junior Technical Consultant,TCS,Manufacturing,AGRA,India,,,,,,,,,English,Good,Good,Good,Hindi,Good,Good,Good,Marathi,Good,Good,Good,Guddu,Software Engineer,London,8009800998,,,Naukri.com
88995,Major,Uday,Bhan,uday.bhan@mailinator.com441,7864823665441,7894923645,13/04/1990,M,Single,PAN167694441,No,Behind Yaga Baba Hostel Baner,426194,KANPUR,India,579700,1340000,Mumbai,579000,2,1,30,12/06/2004,13/07/2006,Full Time,Uttar Pradesh State Board,Saraswati Vidya Mandir Kanpur,NA,92,10th,14/02/2007,25/03/2010,Full Time,Uttar Pradesh State Board,Radha Niketan College Kanpur,Electronics & Telecommunication,93,12th,14/03/2010,18/09/2014,Full Time,NITA,Motilal Nehru National Institute of Technology Allahabad,Electronics & Telecommunication,81,BE,20/07/2015,22/01/2018,Full Time,NITIE,NITIE Mumbai,Mining Engineering,87,ME,0,29/03/2017,19/09/2018,Full Time,Junior Technical Consultant,TCS,Manufacturing,AGRA,India,,,,,,,,,English,Good,Good,Good,Hindi,Good,Good,Good,Marathi,Good,Good,Good,Guddu,Software Engineer,London,8009800998,,,Naukri.com
88995,Major,Uday,Bhan,uday.bhan@mailinator.com442,7864823665442,7894923645,13/04/1990,M,Single,PAN167694442,No,Behind Yaga Baba Hostel Baner,426194,KANPUR,India,579700,1340000,Mumbai,579000,2,1,30,12/06/2004,13/07/2006,Full Time,Uttar Pradesh State Board,Saraswati Vidya Mandir Kanpur,NA,92,10th,14/02/2007,25/03/2010,Full Time,Uttar Pradesh State Board,Radha Niketan College Kanpur,Electronics & Telecommunication,93,12th,14/03/2010,18/09/2014,Full Time,NITA,Motilal Nehru National Institute of Technology Allahabad,Electronics & Telecommunication,81,BE,20/07/2015,22/01/2018,Full Time,NITIE,NITIE Mumbai,Mining Engineering,87,ME,0,29/03/2017,19/09/2018,Full Time,Junior Technical Consultant,TCS,Manufacturing,AGRA,India,,,,,,,,,English,Good,Good,Good,Hindi,Good,Good,Good,Marathi,Good,Good,Good,Guddu,Software Engineer,London,8009800998,,,Naukri.com
88995,Major,Uday,Bhan,uday.bhan@mailinator.com443,7864823665443,7894923645,13/04/1990,M,Single,PAN167694443,No,Behind Yaga Baba Hostel Baner,426194,KANPUR,India,579700,1340000,Mumbai,579000,2,1,30,12/06/2004,13/07/2006,Full Time,Uttar Pradesh State Board,Saraswati Vidya Mandir Kanpur,NA,92,10th,14/02/2007,25/03/2010,Full Time,Uttar Pradesh State Board,Radha Niketan College Kanpur,Electronics & Telecommunication,93,12th,14/03/2010,18/09/2014,Full Time,NITA,Motilal Nehru National Institute of Technology Allahabad,Electronics & Telecommunication,81,BE,20/07/2015,22/01/2018,Full Time,NITIE,NITIE Mumbai,Mining Engineering,87,ME,0,29/03/2017,19/09/2018,Full Time,Junior Technical Consultant,TCS,Manufacturing,AGRA,India,,,,,,,,,English,Good,Good,Good,Hindi,Good,Good,Good,Marathi,Good,Good,Good,Guddu,Software Engineer,London,8009800998,,,Naukri.com
88995,Major,Uday,Bhan,uday.bhan@mailinator.com444,7864823665444,7894923645,13/04/1990,M,Single,PAN167694444,No,Behind Yaga Baba Hostel Baner,426194,KANPUR,India,579700,1340000,Mumbai,579000,2,1,30,12/06/2004,13/07/2006,Full Time,Uttar Pradesh State Board,Saraswati Vidya Mandir Kanpur,NA,92,10th,14/02/2007,25/03/2010,Full Time,Uttar Pradesh State Board,Radha Niketan College Kanpur,Electronics & Telecommunication,93,12th,14/03/2010,18/09/2014,Full Time,NITA,Motilal Nehru National Institute of Technology Allahabad,Electronics & Telecommunication,81,BE,20/07/2015,22/01/2018,Full Time,NITIE,NITIE Mumbai,Mining Engineering,87,ME,0,29/03/2017,19/09/2018,Full Time,Junior Technical Consultant,TCS,Manufacturing,AGRA,India,,,,,,,,,English,Good,Good,Good,Hindi,Good,Good,Good,Marathi,Good,Good,Good,Guddu,Software Engineer,London,8009800998,,,Naukri.com
88995,Major,Uday,Bhan,uday.bhan@mailinator.com445,7864823665445,7894923645,13/04/1990,M,Single,PAN167694445,No,Behind Yaga Baba Hostel Baner,426194,KANPUR,India,579700,1340000,Mumbai,579000,2,1,30,12/06/2004,13/07/2006,Full Time,Uttar Pradesh State Board,Saraswati Vidya Mandir Kanpur,NA,92,10th,14/02/2007,25/03/2010,Full Time,Uttar Pradesh State Board,Radha Niketan College Kanpur,Electronics & Telecommunication,93,12th,14/03/2010,18/09/2014,Full Time,NITA,Motilal Nehru National Institute of Technology Allahabad,Electronics & Telecommunication,81,BE,20/07/2015,22/01/2018,Full Time,NITIE,NITIE Mumbai,Mining Engineering,87,ME,0,29/03/2017,19/09/2018,Full Time,Junior Technical Consultant,TCS,Manufacturing,AGRA,India,,,,,,,,,English,Good,Good,Good,Hindi,Good,Good,Good,Marathi,Good,Good,Good,Guddu,Software Engineer,London,8009800998,,,Naukri.com
88995,Major,Uday,Bhan,uday.bhan@mailinator.com446,7864823665446,7894923645,13/04/1990,M,Single,PAN167694446,No,Behind Yaga Baba Hostel Baner,426194,KANPUR,India,579700,1340000,Mumbai,579000,2,1,30,12/06/2004,13/07/2006,Full Time,Uttar Pradesh State Board,Saraswati Vidya Mandir Kanpur,NA,92,10th,14/02/2007,25/03/2010,Full Time,Uttar Pradesh State Board,Radha Niketan College Kanpur,Electronics & Telecommunication,93,12th,14/03/2010,18/09/2014,Full Time,NITA,Motilal Nehru National Institute of Technology Allahabad,Electronics & Telecommunication,81,BE,20/07/2015,22/01/2018,Full Time,NITIE,NITIE Mumbai,Mining Engineering,87,ME,0,29/03/2017,19/09/2018,Full Time,Junior Technical Consultant,TCS,Manufacturing,AGRA,India,,,,,,,,,English,Good,Good,Good,Hindi,Good,Good,Good,Marathi,Good,Good,Good,Guddu,Software Engineer,London,8009800998,,,Naukri.com
88995,Major,Uday,Bhan,uday.bhan@mailinator.com447,7864823665447,7894923645,13/04/1990,M,Single,PAN167694447,No,Behind Yaga Baba Hostel Baner,426194,KANPUR,India,579700,1340000,Mumbai,579000,2,1,30,12/06/2004,13/07/2006,Full Time,Uttar Pradesh State Board,Saraswati Vidya Mandir Kanpur,NA,92,10th,14/02/2007,25/03/2010,Full Time,Uttar Pradesh State Board,Radha Niketan College Kanpur,Electronics & Telecommunication,93,12th,14/03/2010,18/09/2014,Full Time,NITA,Motilal Nehru National Institute of Technology Allahabad,Electronics & Telecommunication,81,BE,20/07/2015,22/01/2018,Full Time,NITIE,NITIE Mumbai,Mining Engineering,87,ME,0,29/03/2017,19/09/2018,Full Time,Junior Technical Consultant,TCS,Manufacturing,AGRA,India,,,,,,,,,English,Good,Good,Good,Hindi,Good,Good,Good,Marathi,Good,Good,Good,Guddu,Software Engineer,London,8009800998,,,Naukri.com
88995,Major,Uday,Bhan,uday.bhan@mailinator.com448,7864823665448,7894923645,13/04/1990,M,Single,PAN167694448,No,Behind Yaga Baba Hostel Baner,426194,KANPUR,India,579700,1340000,Mumbai,579000,2,1,30,12/06/2004,13/07/2006,Full Time,Uttar Pradesh State Board,Saraswati Vidya Mandir Kanpur,NA,92,10th,14/02/2007,25/03/2010,Full Time,Uttar Pradesh State Board,Radha Niketan College Kanpur,Electronics & Telecommunication,93,12th,14/03/2010,18/09/2014,Full Time,NITA,Motilal Nehru National Institute of Technology Allahabad,Electronics & Telecommunication,81,BE,20/07/2015,22/01/2018,Full Time,NITIE,NITIE Mumbai,Mining Engineering,87,ME,0,29/03/2017,19/09/2018,Full Time,Junior Technical Consultant,TCS,Manufacturing,AGRA,India,,,,,,,,,English,Good,Good,Good,Hindi,Good,Good,Good,Marathi,Good,Good,Good,Guddu,Software Engineer,London,8009800998,,,Naukri.com
88995,Major,Uday,Bhan,uday.bhan@mailinator.com449,7864823665449,7894923645,13/04/1990,M,Single,PAN167694449,No,Behind Yaga Baba Hostel Baner,426194,KANPUR,India,579700,1340000,Mumbai,579000,2,1,30,12/06/2004,13/07/2006,Full Time,Uttar Pradesh State Board,Saraswati Vidya Mandir Kanpur,NA,92,10th,14/02/2007,25/03/2010,Full Time,Uttar Pradesh State Board,Radha Niketan College Kanpur,Electronics & Telecommunication,93,12th,14/03/2010,18/09/2014,Full Time,NITA,Motilal Nehru National Institute of Technology Allahabad,Electronics & Telecommunication,81,BE,20/07/2015,22/01/2018,Full Time,NITIE,NITIE Mumbai,Mining Engineering,87,ME,0,29/03/2017,19/09/2018,Full Time,Junior Technical Consultant,TCS,Manufacturing,AGRA,India,,,,,,,,,English,Good,Good,Good,Hindi,Good,Good,Good,Marathi,Good,Good,Good,Guddu,Software Engineer,London,8009800998,,,Naukri.com
88995,Major,Uday,Bhan,uday.bhan@mailinator.com450,7864823665450,7894923645,13/04/1990,M,Single,PAN167694450,No,Behind Yaga Baba Hostel Baner,426194,KANPUR,India,579700,1340000,Mumbai,579000,2,1,30,12/06/2004,13/07/2006,Full Time,Uttar Pradesh State Board,Saraswati Vidya Mandir Kanpur,NA,92,10th,14/02/2007,25/03/2010,Full Time,Uttar Pradesh State Board,Radha Niketan College Kanpur,Electronics & Telecommunication,93,12th,14/03/2010,18/09/2014,Full Time,NITA,Motilal Nehru National Institute of Technology Allahabad,Electronics & Telecommunication,81,BE,20/07/2015,22/01/2018,Full Time,NITIE,NITIE Mumbai,Mining Engineering,87,ME,0,29/03/2017,19/09/2018,Full Time,Junior Technical Consultant,TCS,Manufacturing,AGRA,India,,,,,,,,,English,Good,Good,Good,Hindi,Good,Good,Good,Marathi,Good,Good,Good,Guddu,Software Engineer,London,8009800998,,,Naukri.com
88995,Major,Uday,Bhan,uday.bhan@mailinator.com451,7864823665451,7894923645,13/04/1990,M,Single,PAN167694451,No,Behind Yaga Baba Hostel Baner,426194,KANPUR,India,579700,1340000,Mumbai,579000,2,1,30,12/06/2004,13/07/2006,Full Time,Uttar Pradesh State Board,Saraswati Vidya Mandir Kanpur,NA,92,10th,14/02/2007,25/03/2010,Full Time,Uttar Pradesh State Board,Radha Niketan College Kanpur,Electronics & Telecommunication,93,12th,14/03/2010,18/09/2014,Full Time,NITA,Motilal Nehru National Institute of Technology Allahabad,Electronics & Telecommunication,81,BE,20/07/2015,22/01/2018,Full Time,NITIE,NITIE Mumbai,Mining Engineering,87,ME,0,29/03/2017,19/09/2018,Full Time,Junior Technical Consultant,TCS,Manufacturing,AGRA,India,,,,,,,,,English,Good,Good,Good,Hindi,Good,Good,Good,Marathi,Good,Good,Good,Guddu,Software Engineer,London,8009800998,,,Naukri.com
88995,Major,Uday,Bhan,uday.bhan@mailinator.com452,7864823665452,7894923645,13/04/1990,M,Single,PAN167694452,No,Behind Yaga Baba Hostel Baner,426194,KANPUR,India,579700,1340000,Mumbai,579000,2,1,30,12/06/2004,13/07/2006,Full Time,Uttar Pradesh State Board,Saraswati Vidya Mandir Kanpur,NA,92,10th,14/02/2007,25/03/2010,Full Time,Uttar Pradesh State Board,Radha Niketan College Kanpur,Electronics & Telecommunication,93,12th,14/03/2010,18/09/2014,Full Time,NITA,Motilal Nehru National Institute of Technology Allahabad,Electronics & Telecommunication,81,BE,20/07/2015,22/01/2018,Full Time,NITIE,NITIE Mumbai,Mining Engineering,87,ME,0,29/03/2017,19/09/2018,Full Time,Junior Technical Consultant,TCS,Manufacturing,AGRA,India,,,,,,,,,English,Good,Good,Good,Hindi,Good,Good,Good,Marathi,Good,Good,Good,Guddu,Software Engineer,London,8009800998,,,Naukri.com
88995,Major,Uday,Bhan,uday.bhan@mailinator.com453,7864823665453,7894923645,13/04/1990,M,Single,PAN167694453,No,Behind Yaga Baba Hostel Baner,426194,KANPUR,India,579700,1340000,Mumbai,579000,2,1,30,12/06/2004,13/07/2006,Full Time,Uttar Pradesh State Board,Saraswati Vidya Mandir Kanpur,NA,92,10th,14/02/2007,25/03/2010,Full Time,Uttar Pradesh State Board,Radha Niketan College Kanpur,Electronics & Telecommunication,93,12th,14/03/2010,18/09/2014,Full Time,NITA,Motilal Nehru National Institute of Technology Allahabad,Electronics & Telecommunication,81,BE,20/07/2015,22/01/2018,Full Time,NITIE,NITIE Mumbai,Mining Engineering,87,ME,0,29/03/2017,19/09/2018,Full Time,Junior Technical Consultant,TCS,Manufacturing,AGRA,India,,,,,,,,,English,Good,Good,Good,Hindi,Good,Good,Good,Marathi,Good,Good,Good,Guddu,Software Engineer,London,8009800998,,,Naukri.com
88995,Major,Uday,Bhan,uday.bhan@mailinator.com454,7864823665454,7894923645,13/04/1990,M,Single,PAN167694454,No,Behind Yaga Baba Hostel Baner,426194,KANPUR,India,579700,1340000,Mumbai,579000,2,1,30,12/06/2004,13/07/2006,Full Time,Uttar Pradesh State Board,Saraswati Vidya Mandir Kanpur,NA,92,10th,14/02/2007,25/03/2010,Full Time,Uttar Pradesh State Board,Radha Niketan College Kanpur,Electronics & Telecommunication,93,12th,14/03/2010,18/09/2014,Full Time,NITA,Motilal Nehru National Institute of Technology Allahabad,Electronics & Telecommunication,81,BE,20/07/2015,22/01/2018,Full Time,NITIE,NITIE Mumbai,Mining Engineering,87,ME,0,29/03/2017,19/09/2018,Full Time,Junior Technical Consultant,TCS,Manufacturing,AGRA,India,,,,,,,,,English,Good,Good,Good,Hindi,Good,Good,Good,Marathi,Good,Good,Good,Guddu,Software Engineer,London,8009800998,,,Naukri.com
88995,Major,Uday,Bhan,uday.bhan@mailinator.com455,7864823665455,7894923645,13/04/1990,M,Single,PAN167694455,No,Behind Yaga Baba Hostel Baner,426194,KANPUR,India,579700,1340000,Mumbai,579000,2,1,30,12/06/2004,13/07/2006,Full Time,Uttar Pradesh State Board,Saraswati Vidya Mandir Kanpur,NA,92,10th,14/02/2007,25/03/2010,Full Time,Uttar Pradesh State Board,Radha Niketan College Kanpur,Electronics & Telecommunication,93,12th,14/03/2010,18/09/2014,Full Time,NITA,Motilal Nehru National Institute of Technology Allahabad,Electronics & Telecommunication,81,BE,20/07/2015,22/01/2018,Full Time,NITIE,NITIE Mumbai,Mining Engineering,87,ME,0,29/03/2017,19/09/2018,Full Time,Junior Technical Consultant,TCS,Manufacturing,AGRA,India,,,,,,,,,English,Good,Good,Good,Hindi,Good,Good,Good,Marathi,Good,Good,Good,Guddu,Software Engineer,London,8009800998,,,Naukri.com
88995,Major,Uday,Bhan,uday.bhan@mailinator.com456,7864823665456,7894923645,13/04/1990,M,Single,PAN167694456,No,Behind Yaga Baba Hostel Baner,426194,KANPUR,India,579700,1340000,Mumbai,579000,2,1,30,12/06/2004,13/07/2006,Full Time,Uttar Pradesh State Board,Saraswati Vidya Mandir Kanpur,NA,92,10th,14/02/2007,25/03/2010,Full Time,Uttar Pradesh State Board,Radha Niketan College Kanpur,Electronics & Telecommunication,93,12th,14/03/2010,18/09/2014,Full Time,NITA,Motilal Nehru National Institute of Technology Allahabad,Electronics & Telecommunication,81,BE,20/07/2015,22/01/2018,Full Time,NITIE,NITIE Mumbai,Mining Engineering,87,ME,0,29/03/2017,19/09/2018,Full Time,Junior Technical Consultant,TCS,Manufacturing,AGRA,India,,,,,,,,,English,Good,Good,Good,Hindi,Good,Good,Good,Marathi,Good,Good,Good,Guddu,Software Engineer,London,8009800998,,,Naukri.com
88995,Major,Uday,Bhan,uday.bhan@mailinator.com457,7864823665457,7894923645,13/04/1990,M,Single,PAN167694457,No,Behind Yaga Baba Hostel Baner,426194,KANPUR,India,579700,1340000,Mumbai,579000,2,1,30,12/06/2004,13/07/2006,Full Time,Uttar Pradesh State Board,Saraswati Vidya Mandir Kanpur,NA,92,10th,14/02/2007,25/03/2010,Full Time,Uttar Pradesh State Board,Radha Niketan College Kanpur,Electronics & Telecommunication,93,12th,14/03/2010,18/09/2014,Full Time,NITA,Motilal Nehru National Institute of Technology Allahabad,Electronics & Telecommunication,81,BE,20/07/2015,22/01/2018,Full Time,NITIE,NITIE Mumbai,Mining Engineering,87,ME,0,29/03/2017,19/09/2018,Full Time,Junior Technical Consultant,TCS,Manufacturing,AGRA,India,,,,,,,,,English,Good,Good,Good,Hindi,Good,Good,Good,Marathi,Good,Good,Good,Guddu,Software Engineer,London,8009800998,,,Naukri.com
88995,Major,Uday,Bhan,uday.bhan@mailinator.com458,7864823665458,7894923645,13/04/1990,M,Single,PAN167694458,No,Behind Yaga Baba Hostel Baner,426194,KANPUR,India,579700,1340000,Mumbai,579000,2,1,30,12/06/2004,13/07/2006,Full Time,Uttar Pradesh State Board,Saraswati Vidya Mandir Kanpur,NA,92,10th,14/02/2007,25/03/2010,Full Time,Uttar Pradesh State Board,Radha Niketan College Kanpur,Electronics & Telecommunication,93,12th,14/03/2010,18/09/2014,Full Time,NITA,Motilal Nehru National Institute of Technology Allahabad,Electronics & Telecommunication,81,BE,20/07/2015,22/01/2018,Full Time,NITIE,NITIE Mumbai,Mining Engineering,87,ME,0,29/03/2017,19/09/2018,Full Time,Junior Technical Consultant,TCS,Manufacturing,AGRA,India,,,,,,,,,English,Good,Good,Good,Hindi,Good,Good,Good,Marathi,Good,Good,Good,Guddu,Software Engineer,London,8009800998,,,Naukri.com
88995,Major,Uday,Bhan,uday.bhan@mailinator.com459,7864823665459,7894923645,13/04/1990,M,Single,PAN167694459,No,Behind Yaga Baba Hostel Baner,426194,KANPUR,India,579700,1340000,Mumbai,579000,2,1,30,12/06/2004,13/07/2006,Full Time,Uttar Pradesh State Board,Saraswati Vidya Mandir Kanpur,NA,92,10th,14/02/2007,25/03/2010,Full Time,Uttar Pradesh State Board,Radha Niketan College Kanpur,Electronics & Telecommunication,93,12th,14/03/2010,18/09/2014,Full Time,NITA,Motilal Nehru National Institute of Technology Allahabad,Electronics & Telecommunication,81,BE,20/07/2015,22/01/2018,Full Time,NITIE,NITIE Mumbai,Mining Engineering,87,ME,0,29/03/2017,19/09/2018,Full Time,Junior Technical Consultant,TCS,Manufacturing,AGRA,India,,,,,,,,,English,Good,Good,Good,Hindi,Good,Good,Good,Marathi,Good,Good,Good,Guddu,Software Engineer,London,8009800998,,,Naukri.com
88995,Major,Uday,Bhan,uday.bhan@mailinator.com460,7864823665460,7894923645,13/04/1990,M,Single,PAN167694460,No,Behind Yaga Baba Hostel Baner,426194,KANPUR,India,579700,1340000,Mumbai,579000,2,1,30,12/06/2004,13/07/2006,Full Time,Uttar Pradesh State Board,Saraswati Vidya Mandir Kanpur,NA,92,10th,14/02/2007,25/03/2010,Full Time,Uttar Pradesh State Board,Radha Niketan College Kanpur,Electronics & Telecommunication,93,12th,14/03/2010,18/09/2014,Full Time,NITA,Motilal Nehru National Institute of Technology Allahabad,Electronics & Telecommunication,81,BE,20/07/2015,22/01/2018,Full Time,NITIE,NITIE Mumbai,Mining Engineering,87,ME,0,29/03/2017,19/09/2018,Full Time,Junior Technical Consultant,TCS,Manufacturing,AGRA,India,,,,,,,,,English,Good,Good,Good,Hindi,Good,Good,Good,Marathi,Good,Good,Good,Guddu,Software Engineer,London,8009800998,,,Naukri.com
88995,Major,Uday,Bhan,uday.bhan@mailinator.com461,7864823665461,7894923645,13/04/1990,M,Single,PAN167694461,No,Behind Yaga Baba Hostel Baner,426194,KANPUR,India,579700,1340000,Mumbai,579000,2,1,30,12/06/2004,13/07/2006,Full Time,Uttar Pradesh State Board,Saraswati Vidya Mandir Kanpur,NA,92,10th,14/02/2007,25/03/2010,Full Time,Uttar Pradesh State Board,Radha Niketan College Kanpur,Electronics & Telecommunication,93,12th,14/03/2010,18/09/2014,Full Time,NITA,Motilal Nehru National Institute of Technology Allahabad,Electronics & Telecommunication,81,BE,20/07/2015,22/01/2018,Full Time,NITIE,NITIE Mumbai,Mining Engineering,87,ME,0,29/03/2017,19/09/2018,Full Time,Junior Technical Consultant,TCS,Manufacturing,AGRA,India,,,,,,,,,English,Good,Good,Good,Hindi,Good,Good,Good,Marathi,Good,Good,Good,Guddu,Software Engineer,London,8009800998,,,Naukri.com
88995,Major,Uday,Bhan,uday.bhan@mailinator.com462,7864823665462,7894923645,13/04/1990,M,Single,PAN167694462,No,Behind Yaga Baba Hostel Baner,426194,KANPUR,India,579700,1340000,Mumbai,579000,2,1,30,12/06/2004,13/07/2006,Full Time,Uttar Pradesh State Board,Saraswati Vidya Mandir Kanpur,NA,92,10th,14/02/2007,25/03/2010,Full Time,Uttar Pradesh State Board,Radha Niketan College Kanpur,Electronics & Telecommunication,93,12th,14/03/2010,18/09/2014,Full Time,NITA,Motilal Nehru National Institute of Technology Allahabad,Electronics & Telecommunication,81,BE,20/07/2015,22/01/2018,Full Time,NITIE,NITIE Mumbai,Mining Engineering,87,ME,0,29/03/2017,19/09/2018,Full Time,Junior Technical Consultant,TCS,Manufacturing,AGRA,India,,,,,,,,,English,Good,Good,Good,Hindi,Good,Good,Good,Marathi,Good,Good,Good,Guddu,Software Engineer,London,8009800998,,,Naukri.com
88995,Major,Uday,Bhan,uday.bhan@mailinator.com463,7864823665463,7894923645,13/04/1990,M,Single,PAN167694463,No,Behind Yaga Baba Hostel Baner,426194,KANPUR,India,579700,1340000,Mumbai,579000,2,1,30,12/06/2004,13/07/2006,Full Time,Uttar Pradesh State Board,Saraswati Vidya Mandir Kanpur,NA,92,10th,14/02/2007,25/03/2010,Full Time,Uttar Pradesh State Board,Radha Niketan College Kanpur,Electronics & Telecommunication,93,12th,14/03/2010,18/09/2014,Full Time,NITA,Motilal Nehru National Institute of Technology Allahabad,Electronics & Telecommunication,81,BE,20/07/2015,22/01/2018,Full Time,NITIE,NITIE Mumbai,Mining Engineering,87,ME,0,29/03/2017,19/09/2018,Full Time,Junior Technical Consultant,TCS,Manufacturing,AGRA,India,,,,,,,,,English,Good,Good,Good,Hindi,Good,Good,Good,Marathi,Good,Good,Good,Guddu,Software Engineer,London,8009800998,,,Naukri.com
88995,Major,Uday,Bhan,uday.bhan@mailinator.com464,7864823665464,7894923645,13/04/1990,M,Single,PAN167694464,No,Behind Yaga Baba Hostel Baner,426194,KANPUR,India,579700,1340000,Mumbai,579000,2,1,30,12/06/2004,13/07/2006,Full Time,Uttar Pradesh State Board,Saraswati Vidya Mandir Kanpur,NA,92,10th,14/02/2007,25/03/2010,Full Time,Uttar Pradesh State Board,Radha Niketan College Kanpur,Electronics & Telecommunication,93,12th,14/03/2010,18/09/2014,Full Time,NITA,Motilal Nehru National Institute of Technology Allahabad,Electronics & Telecommunication,81,BE,20/07/2015,22/01/2018,Full Time,NITIE,NITIE Mumbai,Mining Engineering,87,ME,0,29/03/2017,19/09/2018,Full Time,Junior Technical Consultant,TCS,Manufacturing,AGRA,India,,,,,,,,,English,Good,Good,Good,Hindi,Good,Good,Good,Marathi,Good,Good,Good,Guddu,Software Engineer,London,8009800998,,,Naukri.com
88995,Major,Uday,Bhan,uday.bhan@mailinator.com465,7864823665465,7894923645,13/04/1990,M,Single,PAN167694465,No,Behind Yaga Baba Hostel Baner,426194,KANPUR,India,579700,1340000,Mumbai,579000,2,1,30,12/06/2004,13/07/2006,Full Time,Uttar Pradesh State Board,Saraswati Vidya Mandir Kanpur,NA,92,10th,14/02/2007,25/03/2010,Full Time,Uttar Pradesh State Board,Radha Niketan College Kanpur,Electronics & Telecommunication,93,12th,14/03/2010,18/09/2014,Full Time,NITA,Motilal Nehru National Institute of Technology Allahabad,Electronics & Telecommunication,81,BE,20/07/2015,22/01/2018,Full Time,NITIE,NITIE Mumbai,Mining Engineering,87,ME,0,29/03/2017,19/09/2018,Full Time,Junior Technical Consultant,TCS,Manufacturing,AGRA,India,,,,,,,,,English,Good,Good,Good,Hindi,Good,Good,Good,Marathi,Good,Good,Good,Guddu,Software Engineer,London,8009800998,,,Naukri.com
88995,Major,Uday,Bhan,uday.bhan@mailinator.com466,7864823665466,7894923645,13/04/1990,M,Single,PAN167694466,No,Behind Yaga Baba Hostel Baner,426194,KANPUR,India,579700,1340000,Mumbai,579000,2,1,30,12/06/2004,13/07/2006,Full Time,Uttar Pradesh State Board,Saraswati Vidya Mandir Kanpur,NA,92,10th,14/02/2007,25/03/2010,Full Time,Uttar Pradesh State Board,Radha Niketan College Kanpur,Electronics & Telecommunication,93,12th,14/03/2010,18/09/2014,Full Time,NITA,Motilal Nehru National Institute of Technology Allahabad,Electronics & Telecommunication,81,BE,20/07/2015,22/01/2018,Full Time,NITIE,NITIE Mumbai,Mining Engineering,87,ME,0,29/03/2017,19/09/2018,Full Time,Junior Technical Consultant,TCS,Manufacturing,AGRA,India,,,,,,,,,English,Good,Good,Good,Hindi,Good,Good,Good,Marathi,Good,Good,Good,Guddu,Software Engineer,London,8009800998,,,Naukri.com
88995,Major,Uday,Bhan,uday.bhan@mailinator.com467,7864823665467,7894923645,13/04/1990,M,Single,PAN167694467,No,Behind Yaga Baba Hostel Baner,426194,KANPUR,India,579700,1340000,Mumbai,579000,2,1,30,12/06/2004,13/07/2006,Full Time,Uttar Pradesh State Board,Saraswati Vidya Mandir Kanpur,NA,92,10th,14/02/2007,25/03/2010,Full Time,Uttar Pradesh State Board,Radha Niketan College Kanpur,Electronics & Telecommunication,93,12th,14/03/2010,18/09/2014,Full Time,NITA,Motilal Nehru National Institute of Technology Allahabad,Electronics & Telecommunication,81,BE,20/07/2015,22/01/2018,Full Time,NITIE,NITIE Mumbai,Mining Engineering,87,ME,0,29/03/2017,19/09/2018,Full Time,Junior Technical Consultant,TCS,Manufacturing,AGRA,India,,,,,,,,,English,Good,Good,Good,Hindi,Good,Good,Good,Marathi,Good,Good,Good,Guddu,Software Engineer,London,8009800998,,,Naukri.com
88995,Major,Uday,Bhan,uday.bhan@mailinator.com468,7864823665468,7894923645,13/04/1990,M,Single,PAN167694468,No,Behind Yaga Baba Hostel Baner,426194,KANPUR,India,579700,1340000,Mumbai,579000,2,1,30,12/06/2004,13/07/2006,Full Time,Uttar Pradesh State Board,Saraswati Vidya Mandir Kanpur,NA,92,10th,14/02/2007,25/03/2010,Full Time,Uttar Pradesh State Board,Radha Niketan College Kanpur,Electronics & Telecommunication,93,12th,14/03/2010,18/09/2014,Full Time,NITA,Motilal Nehru National Institute of Technology Allahabad,Electronics & Telecommunication,81,BE,20/07/2015,22/01/2018,Full Time,NITIE,NITIE Mumbai,Mining Engineering,87,ME,0,29/03/2017,19/09/2018,Full Time,Junior Technical Consultant,TCS,Manufacturing,AGRA,India,,,,,,,,,English,Good,Good,Good,Hindi,Good,Good,Good,Marathi,Good,Good,Good,Guddu,Software Engineer,London,8009800998,,,Naukri.com
88995,Major,Uday,Bhan,uday.bhan@mailinator.com469,7864823665469,7894923645,13/04/1990,M,Single,PAN167694469,No,Behind Yaga Baba Hostel Baner,426194,KANPUR,India,579700,1340000,Mumbai,579000,2,1,30,12/06/2004,13/07/2006,Full Time,Uttar Pradesh State Board,Saraswati Vidya Mandir Kanpur,NA,92,10th,14/02/2007,25/03/2010,Full Time,Uttar Pradesh State Board,Radha Niketan College Kanpur,Electronics & Telecommunication,93,12th,14/03/2010,18/09/2014,Full Time,NITA,Motilal Nehru National Institute of Technology Allahabad,Electronics & Telecommunication,81,BE,20/07/2015,22/01/2018,Full Time,NITIE,NITIE Mumbai,Mining Engineering,87,ME,0,29/03/2017,19/09/2018,Full Time,Junior Technical Consultant,TCS,Manufacturing,AGRA,India,,,,,,,,,English,Good,Good,Good,Hindi,Good,Good,Good,Marathi,Good,Good,Good,Guddu,Software Engineer,London,8009800998,,,Naukri.com
88995,Major,Uday,Bhan,uday.bhan@mailinator.com470,7864823665470,7894923645,13/04/1990,M,Single,PAN167694470,No,Behind Yaga Baba Hostel Baner,426194,KANPUR,India,579700,1340000,Mumbai,579000,2,1,30,12/06/2004,13/07/2006,Full Time,Uttar Pradesh State Board,Saraswati Vidya Mandir Kanpur,NA,92,10th,14/02/2007,25/03/2010,Full Time,Uttar Pradesh State Board,Radha Niketan College Kanpur,Electronics & Telecommunication,93,12th,14/03/2010,18/09/2014,Full Time,NITA,Motilal Nehru National Institute of Technology Allahabad,Electronics & Telecommunication,81,BE,20/07/2015,22/01/2018,Full Time,NITIE,NITIE Mumbai,Mining Engineering,87,ME,0,29/03/2017,19/09/2018,Full Time,Junior Technical Consultant,TCS,Manufacturing,AGRA,India,,,,,,,,,English,Good,Good,Good,Hindi,Good,Good,Good,Marathi,Good,Good,Good,Guddu,Software Engineer,London,8009800998,,,Naukri.com
88995,Major,Uday,Bhan,uday.bhan@mailinator.com471,7864823665471,7894923645,13/04/1990,M,Single,PAN167694471,No,Behind Yaga Baba Hostel Baner,426194,KANPUR,India,579700,1340000,Mumbai,579000,2,1,30,12/06/2004,13/07/2006,Full Time,Uttar Pradesh State Board,Saraswati Vidya Mandir Kanpur,NA,92,10th,14/02/2007,25/03/2010,Full Time,Uttar Pradesh State Board,Radha Niketan College Kanpur,Electronics & Telecommunication,93,12th,14/03/2010,18/09/2014,Full Time,NITA,Motilal Nehru National Institute of Technology Allahabad,Electronics & Telecommunication,81,BE,20/07/2015,22/01/2018,Full Time,NITIE,NITIE Mumbai,Mining Engineering,87,ME,0,29/03/2017,19/09/2018,Full Time,Junior Technical Consultant,TCS,Manufacturing,AGRA,India,,,,,,,,,English,Good,Good,Good,Hindi,Good,Good,Good,Marathi,Good,Good,Good,Guddu,Software Engineer,London,8009800998,,,Naukri.com
88995,Major,Uday,Bhan,uday.bhan@mailinator.com472,7864823665472,7894923645,13/04/1990,M,Single,PAN167694472,No,Behind Yaga Baba Hostel Baner,426194,KANPUR,India,579700,1340000,Mumbai,579000,2,1,30,12/06/2004,13/07/2006,Full Time,Uttar Pradesh State Board,Saraswati Vidya Mandir Kanpur,NA,92,10th,14/02/2007,25/03/2010,Full Time,Uttar Pradesh State Board,Radha Niketan College Kanpur,Electronics & Telecommunication,93,12th,14/03/2010,18/09/2014,Full Time,NITA,Motilal Nehru National Institute of Technology Allahabad,Electronics & Telecommunication,81,BE,20/07/2015,22/01/2018,Full Time,NITIE,NITIE Mumbai,Mining Engineering,87,ME,0,29/03/2017,19/09/2018,Full Time,Junior Technical Consultant,TCS,Manufacturing,AGRA,India,,,,,,,,,English,Good,Good,Good,Hindi,Good,Good,Good,Marathi,Good,Good,Good,Guddu,Software Engineer,London,8009800998,,,Naukri.com
88995,Major,Uday,Bhan,uday.bhan@mailinator.com473,7864823665473,7894923645,13/04/1990,M,Single,PAN167694473,No,Behind Yaga Baba Hostel Baner,426194,KANPUR,India,579700,1340000,Mumbai,579000,2,1,30,12/06/2004,13/07/2006,Full Time,Uttar Pradesh State Board,Saraswati Vidya Mandir Kanpur,NA,92,10th,14/02/2007,25/03/2010,Full Time,Uttar Pradesh State Board,Radha Niketan College Kanpur,Electronics & Telecommunication,93,12th,14/03/2010,18/09/2014,Full Time,NITA,Motilal Nehru National Institute of Technology Allahabad,Electronics & Telecommunication,81,BE,20/07/2015,22/01/2018,Full Time,NITIE,NITIE Mumbai,Mining Engineering,87,ME,0,29/03/2017,19/09/2018,Full Time,Junior Technical Consultant,TCS,Manufacturing,AGRA,India,,,,,,,,,English,Good,Good,Good,Hindi,Good,Good,Good,Marathi,Good,Good,Good,Guddu,Software Engineer,London,8009800998,,,Naukri.com
88995,Major,Uday,Bhan,uday.bhan@mailinator.com474,7864823665474,7894923645,13/04/1990,M,Single,PAN167694474,No,Behind Yaga Baba Hostel Baner,426194,KANPUR,India,579700,1340000,Mumbai,579000,2,1,30,12/06/2004,13/07/2006,Full Time,Uttar Pradesh State Board,Saraswati Vidya Mandir Kanpur,NA,92,10th,14/02/2007,25/03/2010,Full Time,Uttar Pradesh State Board,Radha Niketan College Kanpur,Electronics & Telecommunication,93,12th,14/03/2010,18/09/2014,Full Time,NITA,Motilal Nehru National Institute of Technology Allahabad,Electronics & Telecommunication,81,BE,20/07/2015,22/01/2018,Full Time,NITIE,NITIE Mumbai,Mining Engineering,87,ME,0,29/03/2017,19/09/2018,Full Time,Junior Technical Consultant,TCS,Manufacturing,AGRA,India,,,,,,,,,English,Good,Good,Good,Hindi,Good,Good,Good,Marathi,Good,Good,Good,Guddu,Software Engineer,London,8009800998,,,Naukri.com
88995,Major,Uday,Bhan,uday.bhan@mailinator.com475,7864823665475,7894923645,13/04/1990,M,Single,PAN167694475,No,Behind Yaga Baba Hostel Baner,426194,KANPUR,India,579700,1340000,Mumbai,579000,2,1,30,12/06/2004,13/07/2006,Full Time,Uttar Pradesh State Board,Saraswati Vidya Mandir Kanpur,NA,92,10th,14/02/2007,25/03/2010,Full Time,Uttar Pradesh State Board,Radha Niketan College Kanpur,Electronics & Telecommunication,93,12th,14/03/2010,18/09/2014,Full Time,NITA,Motilal Nehru National Institute of Technology Allahabad,Electronics & Telecommunication,81,BE,20/07/2015,22/01/2018,Full Time,NITIE,NITIE Mumbai,Mining Engineering,87,ME,0,29/03/2017,19/09/2018,Full Time,Junior Technical Consultant,TCS,Manufacturing,AGRA,India,,,,,,,,,English,Good,Good,Good,Hindi,Good,Good,Good,Marathi,Good,Good,Good,Guddu,Software Engineer,London,8009800998,,,Naukri.com
88995,Major,Uday,Bhan,uday.bhan@mailinator.com476,7864823665476,7894923645,13/04/1990,M,Single,PAN167694476,No,Behind Yaga Baba Hostel Baner,426194,KANPUR,India,579700,1340000,Mumbai,579000,2,1,30,12/06/2004,13/07/2006,Full Time,Uttar Pradesh State Board,Saraswati Vidya Mandir Kanpur,NA,92,10th,14/02/2007,25/03/2010,Full Time,Uttar Pradesh State Board,Radha Niketan College Kanpur,Electronics & Telecommunication,93,12th,14/03/2010,18/09/2014,Full Time,NITA,Motilal Nehru National Institute of Technology Allahabad,Electronics & Telecommunication,81,BE,20/07/2015,22/01/2018,Full Time,NITIE,NITIE Mumbai,Mining Engineering,87,ME,0,29/03/2017,19/09/2018,Full Time,Junior Technical Consultant,TCS,Manufacturing,AGRA,India,,,,,,,,,English,Good,Good,Good,Hindi,Good,Good,Good,Marathi,Good,Good,Good,Guddu,Software Engineer,London,8009800998,,,Naukri.com
88995,Major,Uday,Bhan,uday.bhan@mailinator.com477,7864823665477,7894923645,13/04/1990,M,Single,PAN167694477,No,Behind Yaga Baba Hostel Baner,426194,KANPUR,India,579700,1340000,Mumbai,579000,2,1,30,12/06/2004,13/07/2006,Full Time,Uttar Pradesh State Board,Saraswati Vidya Mandir Kanpur,NA,92,10th,14/02/2007,25/03/2010,Full Time,Uttar Pradesh State Board,Radha Niketan College Kanpur,Electronics & Telecommunication,93,12th,14/03/2010,18/09/2014,Full Time,NITA,Motilal Nehru National Institute of Technology Allahabad,Electronics & Telecommunication,81,BE,20/07/2015,22/01/2018,Full Time,NITIE,NITIE Mumbai,Mining Engineering,87,ME,0,29/03/2017,19/09/2018,Full Time,Junior Technical Consultant,TCS,Manufacturing,AGRA,India,,,,,,,,,English,Good,Good,Good,Hindi,Good,Good,Good,Marathi,Good,Good,Good,Guddu,Software Engineer,London,8009800998,,,Naukri.com
88995,Major,Uday,Bhan,uday.bhan@mailinator.com478,7864823665478,7894923645,13/04/1990,M,Single,PAN167694478,No,Behind Yaga Baba Hostel Baner,426194,KANPUR,India,579700,1340000,Mumbai,579000,2,1,30,12/06/2004,13/07/2006,Full Time,Uttar Pradesh State Board,Saraswati Vidya Mandir Kanpur,NA,92,10th,14/02/2007,25/03/2010,Full Time,Uttar Pradesh State Board,Radha Niketan College Kanpur,Electronics & Telecommunication,93,12th,14/03/2010,18/09/2014,Full Time,NITA,Motilal Nehru National Institute of Technology Allahabad,Electronics & Telecommunication,81,BE,20/07/2015,22/01/2018,Full Time,NITIE,NITIE Mumbai,Mining Engineering,87,ME,0,29/03/2017,19/09/2018,Full Time,Junior Technical Consultant,TCS,Manufacturing,AGRA,India,,,,,,,,,English,Good,Good,Good,Hindi,Good,Good,Good,Marathi,Good,Good,Good,Guddu,Software Engineer,London,8009800998,,,Naukri.com
88995,Major,Uday,Bhan,uday.bhan@mailinator.com479,7864823665479,7894923645,13/04/1990,M,Single,PAN167694479,No,Behind Yaga Baba Hostel Baner,426194,KANPUR,India,579700,1340000,Mumbai,579000,2,1,30,12/06/2004,13/07/2006,Full Time,Uttar Pradesh State Board,Saraswati Vidya Mandir Kanpur,NA,92,10th,14/02/2007,25/03/2010,Full Time,Uttar Pradesh State Board,Radha Niketan College Kanpur,Electronics & Telecommunication,93,12th,14/03/2010,18/09/2014,Full Time,NITA,Motilal Nehru National Institute of Technology Allahabad,Electronics & Telecommunication,81,BE,20/07/2015,22/01/2018,Full Time,NITIE,NITIE Mumbai,Mining Engineering,87,ME,0,29/03/2017,19/09/2018,Full Time,Junior Technical Consultant,TCS,Manufacturing,AGRA,India,,,,,,,,,English,Good,Good,Good,Hindi,Good,Good,Good,Marathi,Good,Good,Good,Guddu,Software Engineer,London,8009800998,,,Naukri.com
88995,Major,Uday,Bhan,uday.bhan@mailinator.com480,7864823665480,7894923645,13/04/1990,M,Single,PAN167694480,No,Behind Yaga Baba Hostel Baner,426194,KANPUR,India,579700,1340000,Mumbai,579000,2,1,30,12/06/2004,13/07/2006,Full Time,Uttar Pradesh State Board,Saraswati Vidya Mandir Kanpur,NA,92,10th,14/02/2007,25/03/2010,Full Time,Uttar Pradesh State Board,Radha Niketan College Kanpur,Electronics & Telecommunication,93,12th,14/03/2010,18/09/2014,Full Time,NITA,Motilal Nehru National Institute of Technology Allahabad,Electronics & Telecommunication,81,BE,20/07/2015,22/01/2018,Full Time,NITIE,NITIE Mumbai,Mining Engineering,87,ME,0,29/03/2017,19/09/2018,Full Time,Junior Technical Consultant,TCS,Manufacturing,AGRA,India,,,,,,,,,English,Good,Good,Good,Hindi,Good,Good,Good,Marathi,Good,Good,Good,Guddu,Software Engineer,London,8009800998,,,Naukri.com
88995,Major,Uday,Bhan,uday.bhan@mailinator.com481,7864823665481,7894923645,13/04/1990,M,Single,PAN167694481,No,Behind Yaga Baba Hostel Baner,426194,KANPUR,India,579700,1340000,Mumbai,579000,2,1,30,12/06/2004,13/07/2006,Full Time,Uttar Pradesh State Board,Saraswati Vidya Mandir Kanpur,NA,92,10th,14/02/2007,25/03/2010,Full Time,Uttar Pradesh State Board,Radha Niketan College Kanpur,Electronics & Telecommunication,93,12th,14/03/2010,18/09/2014,Full Time,NITA,Motilal Nehru National Institute of Technology Allahabad,Electronics & Telecommunication,81,BE,20/07/2015,22/01/2018,Full Time,NITIE,NITIE Mumbai,Mining Engineering,87,ME,0,29/03/2017,19/09/2018,Full Time,Junior Technical Consultant,TCS,Manufacturing,AGRA,India,,,,,,,,,English,Good,Good,Good,Hindi,Good,Good,Good,Marathi,Good,Good,Good,Guddu,Software Engineer,London,8009800998,,,Naukri.com
88995,Major,Uday,Bhan,uday.bhan@mailinator.com482,7864823665482,7894923645,13/04/1990,M,Single,PAN167694482,No,Behind Yaga Baba Hostel Baner,426194,KANPUR,India,579700,1340000,Mumbai,579000,2,1,30,12/06/2004,13/07/2006,Full Time,Uttar Pradesh State Board,Saraswati Vidya Mandir Kanpur,NA,92,10th,14/02/2007,25/03/2010,Full Time,Uttar Pradesh State Board,Radha Niketan College Kanpur,Electronics & Telecommunication,93,12th,14/03/2010,18/09/2014,Full Time,NITA,Motilal Nehru National Institute of Technology Allahabad,Electronics & Telecommunication,81,BE,20/07/2015,22/01/2018,Full Time,NITIE,NITIE Mumbai,Mining Engineering,87,ME,0,29/03/2017,19/09/2018,Full Time,Junior Technical Consultant,TCS,Manufacturing,AGRA,India,,,,,,,,,English,Good,Good,Good,Hindi,Good,Good,Good,Marathi,Good,Good,Good,Guddu,Software Engineer,London,8009800998,,,Naukri.com
88995,Major,Uday,Bhan,uday.bhan@mailinator.com483,7864823665483,7894923645,13/04/1990,M,Single,PAN167694483,No,Behind Yaga Baba Hostel Baner,426194,KANPUR,India,579700,1340000,Mumbai,579000,2,1,30,12/06/2004,13/07/2006,Full Time,Uttar Pradesh State Board,Saraswati Vidya Mandir Kanpur,NA,92,10th,14/02/2007,25/03/2010,Full Time,Uttar Pradesh State Board,Radha Niketan College Kanpur,Electronics & Telecommunication,93,12th,14/03/2010,18/09/2014,Full Time,NITA,Motilal Nehru National Institute of Technology Allahabad,Electronics & Telecommunication,81,BE,20/07/2015,22/01/2018,Full Time,NITIE,NITIE Mumbai,Mining Engineering,87,ME,0,29/03/2017,19/09/2018,Full Time,Junior Technical Consultant,TCS,Manufacturing,AGRA,India,,,,,,,,,English,Good,Good,Good,Hindi,Good,Good,Good,Marathi,Good,Good,Good,Guddu,Software Engineer,London,8009800998,,,Naukri.com
88995,Major,Uday,Bhan,uday.bhan@mailinator.com484,7864823665484,7894923645,13/04/1990,M,Single,PAN167694484,No,Behind Yaga Baba Hostel Baner,426194,KANPUR,India,579700,1340000,Mumbai,579000,2,1,30,12/06/2004,13/07/2006,Full Time,Uttar Pradesh State Board,Saraswati Vidya Mandir Kanpur,NA,92,10th,14/02/2007,25/03/2010,Full Time,Uttar Pradesh State Board,Radha Niketan College Kanpur,Electronics & Telecommunication,93,12th,14/03/2010,18/09/2014,Full Time,NITA,Motilal Nehru National Institute of Technology Allahabad,Electronics & Telecommunication,81,BE,20/07/2015,22/01/2018,Full Time,NITIE,NITIE Mumbai,Mining Engineering,87,ME,0,29/03/2017,19/09/2018,Full Time,Junior Technical Consultant,TCS,Manufacturing,AGRA,India,,,,,,,,,English,Good,Good,Good,Hindi,Good,Good,Good,Marathi,Good,Good,Good,Guddu,Software Engineer,London,8009800998,,,Naukri.com
88995,Major,Uday,Bhan,uday.bhan@mailinator.com485,7864823665485,7894923645,13/04/1990,M,Single,PAN167694485,No,Behind Yaga Baba Hostel Baner,426194,KANPUR,India,579700,1340000,Mumbai,579000,2,1,30,12/06/2004,13/07/2006,Full Time,Uttar Pradesh State Board,Saraswati Vidya Mandir Kanpur,NA,92,10th,14/02/2007,25/03/2010,Full Time,Uttar Pradesh State Board,Radha Niketan College Kanpur,Electronics & Telecommunication,93,12th,14/03/2010,18/09/2014,Full Time,NITA,Motilal Nehru National Institute of Technology Allahabad,Electronics & Telecommunication,81,BE,20/07/2015,22/01/2018,Full Time,NITIE,NITIE Mumbai,Mining Engineering,87,ME,0,29/03/2017,19/09/2018,Full Time,Junior Technical Consultant,TCS,Manufacturing,AGRA,India,,,,,,,,,English,Good,Good,Good,Hindi,Good,Good,Good,Marathi,Good,Good,Good,Guddu,Software Engineer,London,8009800998,,,Naukri.com
88995,Major,Uday,Bhan,uday.bhan@mailinator.com486,7864823665486,7894923645,13/04/1990,M,Single,PAN167694486,No,Behind Yaga Baba Hostel Baner,426194,KANPUR,India,579700,1340000,Mumbai,579000,2,1,30,12/06/2004,13/07/2006,Full Time,Uttar Pradesh State Board,Saraswati Vidya Mandir Kanpur,NA,92,10th,14/02/2007,25/03/2010,Full Time,Uttar Pradesh State Board,Radha Niketan College Kanpur,Electronics & Telecommunication,93,12th,14/03/2010,18/09/2014,Full Time,NITA,Motilal Nehru National Institute of Technology Allahabad,Electronics & Telecommunication,81,BE,20/07/2015,22/01/2018,Full Time,NITIE,NITIE Mumbai,Mining Engineering,87,ME,0,29/03/2017,19/09/2018,Full Time,Junior Technical Consultant,TCS,Manufacturing,AGRA,India,,,,,,,,,English,Good,Good,Good,Hindi,Good,Good,Good,Marathi,Good,Good,Good,Guddu,Software Engineer,London,8009800998,,,Naukri.com
88995,Major,Uday,Bhan,uday.bhan@mailinator.com487,7864823665487,7894923645,13/04/1990,M,Single,PAN167694487,No,Behind Yaga Baba Hostel Baner,426194,KANPUR,India,579700,1340000,Mumbai,579000,2,1,30,12/06/2004,13/07/2006,Full Time,Uttar Pradesh State Board,Saraswati Vidya Mandir Kanpur,NA,92,10th,14/02/2007,25/03/2010,Full Time,Uttar Pradesh State Board,Radha Niketan College Kanpur,Electronics & Telecommunication,93,12th,14/03/2010,18/09/2014,Full Time,NITA,Motilal Nehru National Institute of Technology Allahabad,Electronics & Telecommunication,81,BE,20/07/2015,22/01/2018,Full Time,NITIE,NITIE Mumbai,Mining Engineering,87,ME,0,29/03/2017,19/09/2018,Full Time,Junior Technical Consultant,TCS,Manufacturing,AGRA,India,,,,,,,,,English,Good,Good,Good,Hindi,Good,Good,Good,Marathi,Good,Good,Good,Guddu,Software Engineer,London,8009800998,,,Naukri.com
88995,Major,Uday,Bhan,uday.bhan@mailinator.com488,7864823665488,7894923645,13/04/1990,M,Single,PAN167694488,No,Behind Yaga Baba Hostel Baner,426194,KANPUR,India,579700,1340000,Mumbai,579000,2,1,30,12/06/2004,13/07/2006,Full Time,Uttar Pradesh State Board,Saraswati Vidya Mandir Kanpur,NA,92,10th,14/02/2007,25/03/2010,Full Time,Uttar Pradesh State Board,Radha Niketan College Kanpur,Electronics & Telecommunication,93,12th,14/03/2010,18/09/2014,Full Time,NITA,Motilal Nehru National Institute of Technology Allahabad,Electronics & Telecommunication,81,BE,20/07/2015,22/01/2018,Full Time,NITIE,NITIE Mumbai,Mining Engineering,87,ME,0,29/03/2017,19/09/2018,Full Time,Junior Technical Consultant,TCS,Manufacturing,AGRA,India,,,,,,,,,English,Good,Good,Good,Hindi,Good,Good,Good,Marathi,Good,Good,Good,Guddu,Software Engineer,London,8009800998,,,Naukri.com
88995,Major,Uday,Bhan,uday.bhan@mailinator.com489,7864823665489,7894923645,13/04/1990,M,Single,PAN167694489,No,Behind Yaga Baba Hostel Baner,426194,KANPUR,India,579700,1340000,Mumbai,579000,2,1,30,12/06/2004,13/07/2006,Full Time,Uttar Pradesh State Board,Saraswati Vidya Mandir Kanpur,NA,92,10th,14/02/2007,25/03/2010,Full Time,Uttar Pradesh State Board,Radha Niketan College Kanpur,Electronics & Telecommunication,93,12th,14/03/2010,18/09/2014,Full Time,NITA,Motilal Nehru National Institute of Technology Allahabad,Electronics & Telecommunication,81,BE,20/07/2015,22/01/2018,Full Time,NITIE,NITIE Mumbai,Mining Engineering,87,ME,0,29/03/2017,19/09/2018,Full Time,Junior Technical Consultant,TCS,Manufacturing,AGRA,India,,,,,,,,,English,Good,Good,Good,Hindi,Good,Good,Good,Marathi,Good,Good,Good,Guddu,Software Engineer,London,8009800998,,,Naukri.com
88995,Major,Uday,Bhan,uday.bhan@mailinator.com490,7864823665490,7894923645,13/04/1990,M,Single,PAN167694490,No,Behind Yaga Baba Hostel Baner,426194,KANPUR,India,579700,1340000,Mumbai,579000,2,1,30,12/06/2004,13/07/2006,Full Time,Uttar Pradesh State Board,Saraswati Vidya Mandir Kanpur,NA,92,10th,14/02/2007,25/03/2010,Full Time,Uttar Pradesh State Board,Radha Niketan College Kanpur,Electronics & Telecommunication,93,12th,14/03/2010,18/09/2014,Full Time,NITA,Motilal Nehru National Institute of Technology Allahabad,Electronics & Telecommunication,81,BE,20/07/2015,22/01/2018,Full Time,NITIE,NITIE Mumbai,Mining Engineering,87,ME,0,29/03/2017,19/09/2018,Full Time,Junior Technical Consultant,TCS,Manufacturing,AGRA,India,,,,,,,,,English,Good,Good,Good,Hindi,Good,Good,Good,Marathi,Good,Good,Good,Guddu,Software Engineer,London,8009800998,,,Naukri.com
88995,Major,Uday,Bhan,uday.bhan@mailinator.com491,7864823665491,7894923645,13/04/1990,M,Single,PAN167694491,No,Behind Yaga Baba Hostel Baner,426194,KANPUR,India,579700,1340000,Mumbai,579000,2,1,30,12/06/2004,13/07/2006,Full Time,Uttar Pradesh State Board,Saraswati Vidya Mandir Kanpur,NA,92,10th,14/02/2007,25/03/2010,Full Time,Uttar Pradesh State Board,Radha Niketan College Kanpur,Electronics & Telecommunication,93,12th,14/03/2010,18/09/2014,Full Time,NITA,Motilal Nehru National Institute of Technology Allahabad,Electronics & Telecommunication,81,BE,20/07/2015,22/01/2018,Full Time,NITIE,NITIE Mumbai,Mining Engineering,87,ME,0,29/03/2017,19/09/2018,Full Time,Junior Technical Consultant,TCS,Manufacturing,AGRA,India,,,,,,,,,English,Good,Good,Good,Hindi,Good,Good,Good,Marathi,Good,Good,Good,Guddu,Software Engineer,London,8009800998,,,Naukri.com
88995,Major,Uday,Bhan,uday.bhan@mailinator.com492,7864823665492,7894923645,13/04/1990,M,Single,PAN167694492,No,Behind Yaga Baba Hostel Baner,426194,KANPUR,India,579700,1340000,Mumbai,579000,2,1,30,12/06/2004,13/07/2006,Full Time,Uttar Pradesh State Board,Saraswati Vidya Mandir Kanpur,NA,92,10th,14/02/2007,25/03/2010,Full Time,Uttar Pradesh State Board,Radha Niketan College Kanpur,Electronics & Telecommunication,93,12th,14/03/2010,18/09/2014,Full Time,NITA,Motilal Nehru National Institute of Technology Allahabad,Electronics & Telecommunication,81,BE,20/07/2015,22/01/2018,Full Time,NITIE,NITIE Mumbai,Mining Engineering,87,ME,0,29/03/2017,19/09/2018,Full Time,Junior Technical Consultant,TCS,Manufacturing,AGRA,India,,,,,,,,,English,Good,Good,Good,Hindi,Good,Good,Good,Marathi,Good,Good,Good,Guddu,Software Engineer,London,8009800998,,,Naukri.com
88995,Major,Uday,Bhan,uday.bhan@mailinator.com493,7864823665493,7894923645,13/04/1990,M,Single,PAN167694493,No,Behind Yaga Baba Hostel Baner,426194,KANPUR,India,579700,1340000,Mumbai,579000,2,1,30,12/06/2004,13/07/2006,Full Time,Uttar Pradesh State Board,Saraswati Vidya Mandir Kanpur,NA,92,10th,14/02/2007,25/03/2010,Full Time,Uttar Pradesh State Board,Radha Niketan College Kanpur,Electronics & Telecommunication,93,12th,14/03/2010,18/09/2014,Full Time,NITA,Motilal Nehru National Institute of Technology Allahabad,Electronics & Telecommunication,81,BE,20/07/2015,22/01/2018,Full Time,NITIE,NITIE Mumbai,Mining Engineering,87,ME,0,29/03/2017,19/09/2018,Full Time,Junior Technical Consultant,TCS,Manufacturing,AGRA,India,,,,,,,,,English,Good,Good,Good,Hindi,Good,Good,Good,Marathi,Good,Good,Good,Guddu,Software Engineer,London,8009800998,,,Naukri.com
88995,Major,Uday,Bhan,uday.bhan@mailinator.com494,7864823665494,7894923645,13/04/1990,M,Single,PAN167694494,No,Behind Yaga Baba Hostel Baner,426194,KANPUR,India,579700,1340000,Mumbai,579000,2,1,30,12/06/2004,13/07/2006,Full Time,Uttar Pradesh State Board,Saraswati Vidya Mandir Kanpur,NA,92,10th,14/02/2007,25/03/2010,Full Time,Uttar Pradesh State Board,Radha Niketan College Kanpur,Electronics & Telecommunication,93,12th,14/03/2010,18/09/2014,Full Time,NITA,Motilal Nehru National Institute of Technology Allahabad,Electronics & Telecommunication,81,BE,20/07/2015,22/01/2018,Full Time,NITIE,NITIE Mumbai,Mining Engineering,87,ME,0,29/03/2017,19/09/2018,Full Time,Junior Technical Consultant,TCS,Manufacturing,AGRA,India,,,,,,,,,English,Good,Good,Good,Hindi,Good,Good,Good,Marathi,Good,Good,Good,Guddu,Software Engineer,London,8009800998,,,Naukri.com
88995,Major,Uday,Bhan,uday.bhan@mailinator.com495,7864823665495,7894923645,13/04/1990,M,Single,PAN167694495,No,Behind Yaga Baba Hostel Baner,426194,KANPUR,India,579700,1340000,Mumbai,579000,2,1,30,12/06/2004,13/07/2006,Full Time,Uttar Pradesh State Board,Saraswati Vidya Mandir Kanpur,NA,92,10th,14/02/2007,25/03/2010,Full Time,Uttar Pradesh State Board,Radha Niketan College Kanpur,Electronics & Telecommunication,93,12th,14/03/2010,18/09/2014,Full Time,NITA,Motilal Nehru National Institute of Technology Allahabad,Electronics & Telecommunication,81,BE,20/07/2015,22/01/2018,Full Time,NITIE,NITIE Mumbai,Mining Engineering,87,ME,0,29/03/2017,19/09/2018,Full Time,Junior Technical Consultant,TCS,Manufacturing,AGRA,India,,,,,,,,,English,Good,Good,Good,Hindi,Good,Good,Good,Marathi,Good,Good,Good,Guddu,Software Engineer,London,8009800998,,,Naukri.com
88995,Major,Uday,Bhan,uday.bhan@mailinator.com496,7864823665496,7894923645,13/04/1990,M,Single,PAN167694496,No,Behind Yaga Baba Hostel Baner,426194,KANPUR,India,579700,1340000,Mumbai,579000,2,1,30,12/06/2004,13/07/2006,Full Time,Uttar Pradesh State Board,Saraswati Vidya Mandir Kanpur,NA,92,10th,14/02/2007,25/03/2010,Full Time,Uttar Pradesh State Board,Radha Niketan College Kanpur,Electronics & Telecommunication,93,12th,14/03/2010,18/09/2014,Full Time,NITA,Motilal Nehru National Institute of Technology Allahabad,Electronics & Telecommunication,81,BE,20/07/2015,22/01/2018,Full Time,NITIE,NITIE Mumbai,Mining Engineering,87,ME,0,29/03/2017,19/09/2018,Full Time,Junior Technical Consultant,TCS,Manufacturing,AGRA,India,,,,,,,,,English,Good,Good,Good,Hindi,Good,Good,Good,Marathi,Good,Good,Good,Guddu,Software Engineer,London,8009800998,,,Naukri.com
88995,Major,Uday,Bhan,uday.bhan@mailinator.com497,7864823665497,7894923645,13/04/1990,M,Single,PAN167694497,No,Behind Yaga Baba Hostel Baner,426194,KANPUR,India,579700,1340000,Mumbai,579000,2,1,30,12/06/2004,13/07/2006,Full Time,Uttar Pradesh State Board,Saraswati Vidya Mandir Kanpur,NA,92,10th,14/02/2007,25/03/2010,Full Time,Uttar Pradesh State Board,Radha Niketan College Kanpur,Electronics & Telecommunication,93,12th,14/03/2010,18/09/2014,Full Time,NITA,Motilal Nehru National Institute of Technology Allahabad,Electronics & Telecommunication,81,BE,20/07/2015,22/01/2018,Full Time,NITIE,NITIE Mumbai,Mining Engineering,87,ME,0,29/03/2017,19/09/2018,Full Time,Junior Technical Consultant,TCS,Manufacturing,AGRA,India,,,,,,,,,English,Good,Good,Good,Hindi,Good,Good,Good,Marathi,Good,Good,Good,Guddu,Software Engineer,London,8009800998,,,Naukri.com
88995,Major,Uday,Bhan,uday.bhan@mailinator.com498,7864823665498,7894923645,13/04/1990,M,Single,PAN167694498,No,Behind Yaga Baba Hostel Baner,426194,KANPUR,India,579700,1340000,Mumbai,579000,2,1,30,12/06/2004,13/07/2006,Full Time,Uttar Pradesh State Board,Saraswati Vidya Mandir Kanpur,NA,92,10th,14/02/2007,25/03/2010,Full Time,Uttar Pradesh State Board,Radha Niketan College Kanpur,Electronics & Telecommunication,93,12th,14/03/2010,18/09/2014,Full Time,NITA,Motilal Nehru National Institute of Technology Allahabad,Electronics & Telecommunication,81,BE,20/07/2015,22/01/2018,Full Time,NITIE,NITIE Mumbai,Mining Engineering,87,ME,0,29/03/2017,19/09/2018,Full Time,Junior Technical Consultant,TCS,Manufacturing,AGRA,India,,,,,,,,,English,Good,Good,Good,Hindi,Good,Good,Good,Marathi,Good,Good,Good,Guddu,Software Engineer,London,8009800998,,,Naukri.com
88995,Major,Uday,Bhan,uday.bhan@mailinator.com499,7864823665499,7894923645,13/04/1990,M,Single,PAN167694499,No,Behind Yaga Baba Hostel Baner,426194,KANPUR,India,579700,1340000,Mumbai,579000,2,1,30,12/06/2004,13/07/2006,Full Time,Uttar Pradesh State Board,Saraswati Vidya Mandir Kanpur,NA,92,10th,14/02/2007,25/03/2010,Full Time,Uttar Pradesh State Board,Radha Niketan College Kanpur,Electronics & Telecommunication,93,12th,14/03/2010,18/09/2014,Full Time,NITA,Motilal Nehru National Institute of Technology Allahabad,Electronics & Telecommunication,81,BE,20/07/2015,22/01/2018,Full Time,NITIE,NITIE Mumbai,Mining Engineering,87,ME,0,29/03/2017,19/09/2018,Full Time,Junior Technical Consultant,TCS,Manufacturing,AGRA,India,,,,,,,,,English,Good,Good,Good,Hindi,Good,Good,Good,Marathi,Good,Good,Good,Guddu,Software Engineer,London,8009800998,,,Naukri.com
88995,Major,Uday,Bhan,uday.bhan@mailinator.com500,7864823665500,7894923645,13/04/1990,M,Single,PAN167694500,No,Behind Yaga Baba Hostel Baner,426194,KANPUR,India,579700,1340000,Mumbai,579000,2,1,30,12/06/2004,13/07/2006,Full Time,Uttar Pradesh State Board,Saraswati Vidya Mandir Kanpur,NA,92,10th,14/02/2007,25/03/2010,Full Time,Uttar Pradesh State Board,Radha Niketan College Kanpur,Electronics & Telecommunication,93,12th,14/03/2010,18/09/2014,Full Time,NITA,Motilal Nehru National Institute of Technology Allahabad,Electronics & Telecommunication,81,BE,20/07/2015,22/01/2018,Full Time,NITIE,NITIE Mumbai,Mining Engineering,87,ME,0,29/03/2017,19/09/2018,Full Time,Junior Technical Consultant,TCS,Manufacturing,AGRA,India,,,,,,,,,English,Good,Good,Good,Hindi,Good,Good,Good,Marathi,Good,Good,Good,Guddu,Software Engineer,London,8009800998,,,Naukri.com
88995,Major,Uday,Bhan,uday.bhan@mailinator.com501,7864823665501,7894923645,13/04/1990,M,Single,PAN167694501,No,Behind Yaga Baba Hostel Baner,426194,KANPUR,India,579700,1340000,Mumbai,579000,2,1,30,12/06/2004,13/07/2006,Full Time,Uttar Pradesh State Board,Saraswati Vidya Mandir Kanpur,NA,92,10th,14/02/2007,25/03/2010,Full Time,Uttar Pradesh State Board,Radha Niketan College Kanpur,Electronics & Telecommunication,93,12th,14/03/2010,18/09/2014,Full Time,NITA,Motilal Nehru National Institute of Technology Allahabad,Electronics & Telecommunication,81,BE,20/07/2015,22/01/2018,Full Time,NITIE,NITIE Mumbai,Mining Engineering,87,ME,0,29/03/2017,19/09/2018,Full Time,Junior Technical Consultant,TCS,Manufacturing,AGRA,India,,,,,,,,,English,Good,Good,Good,Hindi,Good,Good,Good,Marathi,Good,Good,Good,Guddu,Software Engineer,London,8009800998,,,Naukri.com
88995,Major,Uday,Bhan,uday.bhan@mailinator.com502,7864823665502,7894923645,13/04/1990,M,Single,PAN167694502,No,Behind Yaga Baba Hostel Baner,426194,KANPUR,India,579700,1340000,Mumbai,579000,2,1,30,12/06/2004,13/07/2006,Full Time,Uttar Pradesh State Board,Saraswati Vidya Mandir Kanpur,NA,92,10th,14/02/2007,25/03/2010,Full Time,Uttar Pradesh State Board,Radha Niketan College Kanpur,Electronics & Telecommunication,93,12th,14/03/2010,18/09/2014,Full Time,NITA,Motilal Nehru National Institute of Technology Allahabad,Electronics & Telecommunication,81,BE,20/07/2015,22/01/2018,Full Time,NITIE,NITIE Mumbai,Mining Engineering,87,ME,0,29/03/2017,19/09/2018,Full Time,Junior Technical Consultant,TCS,Manufacturing,AGRA,India,,,,,,,,,English,Good,Good,Good,Hindi,Good,Good,Good,Marathi,Good,Good,Good,Guddu,Software Engineer,London,8009800998,,,Naukri.com
88995,Major,Uday,Bhan,uday.bhan@mailinator.com503,7864823665503,7894923645,13/04/1990,M,Single,PAN167694503,No,Behind Yaga Baba Hostel Baner,426194,KANPUR,India,579700,1340000,Mumbai,579000,2,1,30,12/06/2004,13/07/2006,Full Time,Uttar Pradesh State Board,Saraswati Vidya Mandir Kanpur,NA,92,10th,14/02/2007,25/03/2010,Full Time,Uttar Pradesh State Board,Radha Niketan College Kanpur,Electronics & Telecommunication,93,12th,14/03/2010,18/09/2014,Full Time,NITA,Motilal Nehru National Institute of Technology Allahabad,Electronics & Telecommunication,81,BE,20/07/2015,22/01/2018,Full Time,NITIE,NITIE Mumbai,Mining Engineering,87,ME,0,29/03/2017,19/09/2018,Full Time,Junior Technical Consultant,TCS,Manufacturing,AGRA,India,,,,,,,,,English,Good,Good,Good,Hindi,Good,Good,Good,Marathi,Good,Good,Good,Guddu,Software Engineer,London,8009800998,,,Naukri.com
88995,Major,Uday,Bhan,uday.bhan@mailinator.com504,7864823665504,7894923645,13/04/1990,M,Single,PAN167694504,No,Behind Yaga Baba Hostel Baner,426194,KANPUR,India,579700,1340000,Mumbai,579000,2,1,30,12/06/2004,13/07/2006,Full Time,Uttar Pradesh State Board,Saraswati Vidya Mandir Kanpur,NA,92,10th,14/02/2007,25/03/2010,Full Time,Uttar Pradesh State Board,Radha Niketan College Kanpur,Electronics & Telecommunication,93,12th,14/03/2010,18/09/2014,Full Time,NITA,Motilal Nehru National Institute of Technology Allahabad,Electronics & Telecommunication,81,BE,20/07/2015,22/01/2018,Full Time,NITIE,NITIE Mumbai,Mining Engineering,87,ME,0,29/03/2017,19/09/2018,Full Time,Junior Technical Consultant,TCS,Manufacturing,AGRA,India,,,,,,,,,English,Good,Good,Good,Hindi,Good,Good,Good,Marathi,Good,Good,Good,Guddu,Software Engineer,London,8009800998,,,Naukri.com
88995,Major,Uday,Bhan,uday.bhan@mailinator.com505,7864823665505,7894923645,13/04/1990,M,Single,PAN167694505,No,Behind Yaga Baba Hostel Baner,426194,KANPUR,India,579700,1340000,Mumbai,579000,2,1,30,12/06/2004,13/07/2006,Full Time,Uttar Pradesh State Board,Saraswati Vidya Mandir Kanpur,NA,92,10th,14/02/2007,25/03/2010,Full Time,Uttar Pradesh State Board,Radha Niketan College Kanpur,Electronics & Telecommunication,93,12th,14/03/2010,18/09/2014,Full Time,NITA,Motilal Nehru National Institute of Technology Allahabad,Electronics & Telecommunication,81,BE,20/07/2015,22/01/2018,Full Time,NITIE,NITIE Mumbai,Mining Engineering,87,ME,0,29/03/2017,19/09/2018,Full Time,Junior Technical Consultant,TCS,Manufacturing,AGRA,India,,,,,,,,,English,Good,Good,Good,Hindi,Good,Good,Good,Marathi,Good,Good,Good,Guddu,Software Engineer,London,8009800998,,,Naukri.com
88995,Major,Uday,Bhan,uday.bhan@mailinator.com506,7864823665506,7894923645,13/04/1990,M,Single,PAN167694506,No,Behind Yaga Baba Hostel Baner,426194,KANPUR,India,579700,1340000,Mumbai,579000,2,1,30,12/06/2004,13/07/2006,Full Time,Uttar Pradesh State Board,Saraswati Vidya Mandir Kanpur,NA,92,10th,14/02/2007,25/03/2010,Full Time,Uttar Pradesh State Board,Radha Niketan College Kanpur,Electronics & Telecommunication,93,12th,14/03/2010,18/09/2014,Full Time,NITA,Motilal Nehru National Institute of Technology Allahabad,Electronics & Telecommunication,81,BE,20/07/2015,22/01/2018,Full Time,NITIE,NITIE Mumbai,Mining Engineering,87,ME,0,29/03/2017,19/09/2018,Full Time,Junior Technical Consultant,TCS,Manufacturing,AGRA,India,,,,,,,,,English,Good,Good,Good,Hindi,Good,Good,Good,Marathi,Good,Good,Good,Guddu,Software Engineer,London,8009800998,,,Naukri.com
88995,Major,Uday,Bhan,uday.bhan@mailinator.com507,7864823665507,7894923645,13/04/1990,M,Single,PAN167694507,No,Behind Yaga Baba Hostel Baner,426194,KANPUR,India,579700,1340000,Mumbai,579000,2,1,30,12/06/2004,13/07/2006,Full Time,Uttar Pradesh State Board,Saraswati Vidya Mandir Kanpur,NA,92,10th,14/02/2007,25/03/2010,Full Time,Uttar Pradesh State Board,Radha Niketan College Kanpur,Electronics & Telecommunication,93,12th,14/03/2010,18/09/2014,Full Time,NITA,Motilal Nehru National Institute of Technology Allahabad,Electronics & Telecommunication,81,BE,20/07/2015,22/01/2018,Full Time,NITIE,NITIE Mumbai,Mining Engineering,87,ME,0,29/03/2017,19/09/2018,Full Time,Junior Technical Consultant,TCS,Manufacturing,AGRA,India,,,,,,,,,English,Good,Good,Good,Hindi,Good,Good,Good,Marathi,Good,Good,Good,Guddu,Software Engineer,London,8009800998,,,Naukri.com
88995,Major,Uday,Bhan,uday.bhan@mailinator.com508,7864823665508,7894923645,13/04/1990,M,Single,PAN167694508,No,Behind Yaga Baba Hostel Baner,426194,KANPUR,India,579700,1340000,Mumbai,579000,2,1,30,12/06/2004,13/07/2006,Full Time,Uttar Pradesh State Board,Saraswati Vidya Mandir Kanpur,NA,92,10th,14/02/2007,25/03/2010,Full Time,Uttar Pradesh State Board,Radha Niketan College Kanpur,Electronics & Telecommunication,93,12th,14/03/2010,18/09/2014,Full Time,NITA,Motilal Nehru National Institute of Technology Allahabad,Electronics & Telecommunication,81,BE,20/07/2015,22/01/2018,Full Time,NITIE,NITIE Mumbai,Mining Engineering,87,ME,0,29/03/2017,19/09/2018,Full Time,Junior Technical Consultant,TCS,Manufacturing,AGRA,India,,,,,,,,,English,Good,Good,Good,Hindi,Good,Good,Good,Marathi,Good,Good,Good,Guddu,Software Engineer,London,8009800998,,,Naukri.com
88995,Major,Uday,Bhan,uday.bhan@mailinator.com509,7864823665509,7894923645,13/04/1990,M,Single,PAN167694509,No,Behind Yaga Baba Hostel Baner,426194,KANPUR,India,579700,1340000,Mumbai,579000,2,1,30,12/06/2004,13/07/2006,Full Time,Uttar Pradesh State Board,Saraswati Vidya Mandir Kanpur,NA,92,10th,14/02/2007,25/03/2010,Full Time,Uttar Pradesh State Board,Radha Niketan College Kanpur,Electronics & Telecommunication,93,12th,14/03/2010,18/09/2014,Full Time,NITA,Motilal Nehru National Institute of Technology Allahabad,Electronics & Telecommunication,81,BE,20/07/2015,22/01/2018,Full Time,NITIE,NITIE Mumbai,Mining Engineering,87,ME,0,29/03/2017,19/09/2018,Full Time,Junior Technical Consultant,TCS,Manufacturing,AGRA,India,,,,,,,,,English,Good,Good,Good,Hindi,Good,Good,Good,Marathi,Good,Good,Good,Guddu,Software Engineer,London,8009800998,,,Naukri.com
88995,Major,Uday,Bhan,uday.bhan@mailinator.com510,7864823665510,7894923645,13/04/1990,M,Single,PAN167694510,No,Behind Yaga Baba Hostel Baner,426194,KANPUR,India,579700,1340000,Mumbai,579000,2,1,30,12/06/2004,13/07/2006,Full Time,Uttar Pradesh State Board,Saraswati Vidya Mandir Kanpur,NA,92,10th,14/02/2007,25/03/2010,Full Time,Uttar Pradesh State Board,Radha Niketan College Kanpur,Electronics & Telecommunication,93,12th,14/03/2010,18/09/2014,Full Time,NITA,Motilal Nehru National Institute of Technology Allahabad,Electronics & Telecommunication,81,BE,20/07/2015,22/01/2018,Full Time,NITIE,NITIE Mumbai,Mining Engineering,87,ME,0,29/03/2017,19/09/2018,Full Time,Junior Technical Consultant,TCS,Manufacturing,AGRA,India,,,,,,,,,English,Good,Good,Good,Hindi,Good,Good,Good,Marathi,Good,Good,Good,Guddu,Software Engineer,London,8009800998,,,Naukri.com
88995,Major,Uday,Bhan,uday.bhan@mailinator.com511,7864823665511,7894923645,13/04/1990,M,Single,PAN167694511,No,Behind Yaga Baba Hostel Baner,426194,KANPUR,India,579700,1340000,Mumbai,579000,2,1,30,12/06/2004,13/07/2006,Full Time,Uttar Pradesh State Board,Saraswati Vidya Mandir Kanpur,NA,92,10th,14/02/2007,25/03/2010,Full Time,Uttar Pradesh State Board,Radha Niketan College Kanpur,Electronics & Telecommunication,93,12th,14/03/2010,18/09/2014,Full Time,NITA,Motilal Nehru National Institute of Technology Allahabad,Electronics & Telecommunication,81,BE,20/07/2015,22/01/2018,Full Time,NITIE,NITIE Mumbai,Mining Engineering,87,ME,0,29/03/2017,19/09/2018,Full Time,Junior Technical Consultant,TCS,Manufacturing,AGRA,India,,,,,,,,,English,Good,Good,Good,Hindi,Good,Good,Good,Marathi,Good,Good,Good,Guddu,Software Engineer,London,8009800998,,,Naukri.com
88995,Major,Uday,Bhan,uday.bhan@mailinator.com512,7864823665512,7894923645,13/04/1990,M,Single,PAN167694512,No,Behind Yaga Baba Hostel Baner,426194,KANPUR,India,579700,1340000,Mumbai,579000,2,1,30,12/06/2004,13/07/2006,Full Time,Uttar Pradesh State Board,Saraswati Vidya Mandir Kanpur,NA,92,10th,14/02/2007,25/03/2010,Full Time,Uttar Pradesh State Board,Radha Niketan College Kanpur,Electronics & Telecommunication,93,12th,14/03/2010,18/09/2014,Full Time,NITA,Motilal Nehru National Institute of Technology Allahabad,Electronics & Telecommunication,81,BE,20/07/2015,22/01/2018,Full Time,NITIE,NITIE Mumbai,Mining Engineering,87,ME,0,29/03/2017,19/09/2018,Full Time,Junior Technical Consultant,TCS,Manufacturing,AGRA,India,,,,,,,,,English,Good,Good,Good,Hindi,Good,Good,Good,Marathi,Good,Good,Good,Guddu,Software Engineer,London,8009800998,,,Naukri.com
88995,Major,Uday,Bhan,uday.bhan@mailinator.com513,7864823665513,7894923645,13/04/1990,M,Single,PAN167694513,No,Behind Yaga Baba Hostel Baner,426194,KANPUR,India,579700,1340000,Mumbai,579000,2,1,30,12/06/2004,13/07/2006,Full Time,Uttar Pradesh State Board,Saraswati Vidya Mandir Kanpur,NA,92,10th,14/02/2007,25/03/2010,Full Time,Uttar Pradesh State Board,Radha Niketan College Kanpur,Electronics & Telecommunication,93,12th,14/03/2010,18/09/2014,Full Time,NITA,Motilal Nehru National Institute of Technology Allahabad,Electronics & Telecommunication,81,BE,20/07/2015,22/01/2018,Full Time,NITIE,NITIE Mumbai,Mining Engineering,87,ME,0,29/03/2017,19/09/2018,Full Time,Junior Technical Consultant,TCS,Manufacturing,AGRA,India,,,,,,,,,English,Good,Good,Good,Hindi,Good,Good,Good,Marathi,Good,Good,Good,Guddu,Software Engineer,London,8009800998,,,Naukri.com
88995,Major,Uday,Bhan,uday.bhan@mailinator.com514,7864823665514,7894923645,13/04/1990,M,Single,PAN167694514,No,Behind Yaga Baba Hostel Baner,426194,KANPUR,India,579700,1340000,Mumbai,579000,2,1,30,12/06/2004,13/07/2006,Full Time,Uttar Pradesh State Board,Saraswati Vidya Mandir Kanpur,NA,92,10th,14/02/2007,25/03/2010,Full Time,Uttar Pradesh State Board,Radha Niketan College Kanpur,Electronics & Telecommunication,93,12th,14/03/2010,18/09/2014,Full Time,NITA,Motilal Nehru National Institute of Technology Allahabad,Electronics & Telecommunication,81,BE,20/07/2015,22/01/2018,Full Time,NITIE,NITIE Mumbai,Mining Engineering,87,ME,0,29/03/2017,19/09/2018,Full Time,Junior Technical Consultant,TCS,Manufacturing,AGRA,India,,,,,,,,,English,Good,Good,Good,Hindi,Good,Good,Good,Marathi,Good,Good,Good,Guddu,Software Engineer,London,8009800998,,,Naukri.com
88995,Major,Uday,Bhan,uday.bhan@mailinator.com515,7864823665515,7894923645,13/04/1990,M,Single,PAN167694515,No,Behind Yaga Baba Hostel Baner,426194,KANPUR,India,579700,1340000,Mumbai,579000,2,1,30,12/06/2004,13/07/2006,Full Time,Uttar Pradesh State Board,Saraswati Vidya Mandir Kanpur,NA,92,10th,14/02/2007,25/03/2010,Full Time,Uttar Pradesh State Board,Radha Niketan College Kanpur,Electronics & Telecommunication,93,12th,14/03/2010,18/09/2014,Full Time,NITA,Motilal Nehru National Institute of Technology Allahabad,Electronics & Telecommunication,81,BE,20/07/2015,22/01/2018,Full Time,NITIE,NITIE Mumbai,Mining Engineering,87,ME,0,29/03/2017,19/09/2018,Full Time,Junior Technical Consultant,TCS,Manufacturing,AGRA,India,,,,,,,,,English,Good,Good,Good,Hindi,Good,Good,Good,Marathi,Good,Good,Good,Guddu,Software Engineer,London,8009800998,,,Naukri.com
88995,Major,Uday,Bhan,uday.bhan@mailinator.com516,7864823665516,7894923645,13/04/1990,M,Single,PAN167694516,No,Behind Yaga Baba Hostel Baner,426194,KANPUR,India,579700,1340000,Mumbai,579000,2,1,30,12/06/2004,13/07/2006,Full Time,Uttar Pradesh State Board,Saraswati Vidya Mandir Kanpur,NA,92,10th,14/02/2007,25/03/2010,Full Time,Uttar Pradesh State Board,Radha Niketan College Kanpur,Electronics & Telecommunication,93,12th,14/03/2010,18/09/2014,Full Time,NITA,Motilal Nehru National Institute of Technology Allahabad,Electronics & Telecommunication,81,BE,20/07/2015,22/01/2018,Full Time,NITIE,NITIE Mumbai,Mining Engineering,87,ME,0,29/03/2017,19/09/2018,Full Time,Junior Technical Consultant,TCS,Manufacturing,AGRA,India,,,,,,,,,English,Good,Good,Good,Hindi,Good,Good,Good,Marathi,Good,Good,Good,Guddu,Software Engineer,London,8009800998,,,Naukri.com
88995,Major,Uday,Bhan,uday.bhan@mailinator.com517,7864823665517,7894923645,13/04/1990,M,Single,PAN167694517,No,Behind Yaga Baba Hostel Baner,426194,KANPUR,India,579700,1340000,Mumbai,579000,2,1,30,12/06/2004,13/07/2006,Full Time,Uttar Pradesh State Board,Saraswati Vidya Mandir Kanpur,NA,92,10th,14/02/2007,25/03/2010,Full Time,Uttar Pradesh State Board,Radha Niketan College Kanpur,Electronics & Telecommunication,93,12th,14/03/2010,18/09/2014,Full Time,NITA,Motilal Nehru National Institute of Technology Allahabad,Electronics & Telecommunication,81,BE,20/07/2015,22/01/2018,Full Time,NITIE,NITIE Mumbai,Mining Engineering,87,ME,0,29/03/2017,19/09/2018,Full Time,Junior Technical Consultant,TCS,Manufacturing,AGRA,India,,,,,,,,,English,Good,Good,Good,Hindi,Good,Good,Good,Marathi,Good,Good,Good,Guddu,Software Engineer,London,8009800998,,,Naukri.com
88995,Major,Uday,Bhan,uday.bhan@mailinator.com518,7864823665518,7894923645,13/04/1990,M,Single,PAN167694518,No,Behind Yaga Baba Hostel Baner,426194,KANPUR,India,579700,1340000,Mumbai,579000,2,1,30,12/06/2004,13/07/2006,Full Time,Uttar Pradesh State Board,Saraswati Vidya Mandir Kanpur,NA,92,10th,14/02/2007,25/03/2010,Full Time,Uttar Pradesh State Board,Radha Niketan College Kanpur,Electronics & Telecommunication,93,12th,14/03/2010,18/09/2014,Full Time,NITA,Motilal Nehru National Institute of Technology Allahabad,Electronics & Telecommunication,81,BE,20/07/2015,22/01/2018,Full Time,NITIE,NITIE Mumbai,Mining Engineering,87,ME,0,29/03/2017,19/09/2018,Full Time,Junior Technical Consultant,TCS,Manufacturing,AGRA,India,,,,,,,,,English,Good,Good,Good,Hindi,Good,Good,Good,Marathi,Good,Good,Good,Guddu,Software Engineer,London,8009800998,,,Naukri.com
88995,Major,Uday,Bhan,uday.bhan@mailinator.com519,7864823665519,7894923645,13/04/1990,M,Single,PAN167694519,No,Behind Yaga Baba Hostel Baner,426194,KANPUR,India,579700,1340000,Mumbai,579000,2,1,30,12/06/2004,13/07/2006,Full Time,Uttar Pradesh State Board,Saraswati Vidya Mandir Kanpur,NA,92,10th,14/02/2007,25/03/2010,Full Time,Uttar Pradesh State Board,Radha Niketan College Kanpur,Electronics & Telecommunication,93,12th,14/03/2010,18/09/2014,Full Time,NITA,Motilal Nehru National Institute of Technology Allahabad,Electronics & Telecommunication,81,BE,20/07/2015,22/01/2018,Full Time,NITIE,NITIE Mumbai,Mining Engineering,87,ME,0,29/03/2017,19/09/2018,Full Time,Junior Technical Consultant,TCS,Manufacturing,AGRA,India,,,,,,,,,English,Good,Good,Good,Hindi,Good,Good,Good,Marathi,Good,Good,Good,Guddu,Software Engineer,London,8009800998,,,Naukri.com
88995,Major,Uday,Bhan,uday.bhan@mailinator.com520,7864823665520,7894923645,13/04/1990,M,Single,PAN167694520,No,Behind Yaga Baba Hostel Baner,426194,KANPUR,India,579700,1340000,Mumbai,579000,2,1,30,12/06/2004,13/07/2006,Full Time,Uttar Pradesh State Board,Saraswati Vidya Mandir Kanpur,NA,92,10th,14/02/2007,25/03/2010,Full Time,Uttar Pradesh State Board,Radha Niketan College Kanpur,Electronics & Telecommunication,93,12th,14/03/2010,18/09/2014,Full Time,NITA,Motilal Nehru National Institute of Technology Allahabad,Electronics & Telecommunication,81,BE,20/07/2015,22/01/2018,Full Time,NITIE,NITIE Mumbai,Mining Engineering,87,ME,0,29/03/2017,19/09/2018,Full Time,Junior Technical Consultant,TCS,Manufacturing,AGRA,India,,,,,,,,,English,Good,Good,Good,Hindi,Good,Good,Good,Marathi,Good,Good,Good,Guddu,Software Engineer,London,8009800998,,,Naukri.com
88995,Major,Uday,Bhan,uday.bhan@mailinator.com521,7864823665521,7894923645,13/04/1990,M,Single,PAN167694521,No,Behind Yaga Baba Hostel Baner,426194,KANPUR,India,579700,1340000,Mumbai,579000,2,1,30,12/06/2004,13/07/2006,Full Time,Uttar Pradesh State Board,Saraswati Vidya Mandir Kanpur,NA,92,10th,14/02/2007,25/03/2010,Full Time,Uttar Pradesh State Board,Radha Niketan College Kanpur,Electronics & Telecommunication,93,12th,14/03/2010,18/09/2014,Full Time,NITA,Motilal Nehru National Institute of Technology Allahabad,Electronics & Telecommunication,81,BE,20/07/2015,22/01/2018,Full Time,NITIE,NITIE Mumbai,Mining Engineering,87,ME,0,29/03/2017,19/09/2018,Full Time,Junior Technical Consultant,TCS,Manufacturing,AGRA,India,,,,,,,,,English,Good,Good,Good,Hindi,Good,Good,Good,Marathi,Good,Good,Good,Guddu,Software Engineer,London,8009800998,,,Naukri.com
88995,Major,Uday,Bhan,uday.bhan@mailinator.com522,7864823665522,7894923645,13/04/1990,M,Single,PAN167694522,No,Behind Yaga Baba Hostel Baner,426194,KANPUR,India,579700,1340000,Mumbai,579000,2,1,30,12/06/2004,13/07/2006,Full Time,Uttar Pradesh State Board,Saraswati Vidya Mandir Kanpur,NA,92,10th,14/02/2007,25/03/2010,Full Time,Uttar Pradesh State Board,Radha Niketan College Kanpur,Electronics & Telecommunication,93,12th,14/03/2010,18/09/2014,Full Time,NITA,Motilal Nehru National Institute of Technology Allahabad,Electronics & Telecommunication,81,BE,20/07/2015,22/01/2018,Full Time,NITIE,NITIE Mumbai,Mining Engineering,87,ME,0,29/03/2017,19/09/2018,Full Time,Junior Technical Consultant,TCS,Manufacturing,AGRA,India,,,,,,,,,English,Good,Good,Good,Hindi,Good,Good,Good,Marathi,Good,Good,Good,Guddu,Software Engineer,London,8009800998,,,Naukri.com
88995,Major,Uday,Bhan,uday.bhan@mailinator.com523,7864823665523,7894923645,13/04/1990,M,Single,PAN167694523,No,Behind Yaga Baba Hostel Baner,426194,KANPUR,India,579700,1340000,Mumbai,579000,2,1,30,12/06/2004,13/07/2006,Full Time,Uttar Pradesh State Board,Saraswati Vidya Mandir Kanpur,NA,92,10th,14/02/2007,25/03/2010,Full Time,Uttar Pradesh State Board,Radha Niketan College Kanpur,Electronics & Telecommunication,93,12th,14/03/2010,18/09/2014,Full Time,NITA,Motilal Nehru National Institute of Technology Allahabad,Electronics & Telecommunication,81,BE,20/07/2015,22/01/2018,Full Time,NITIE,NITIE Mumbai,Mining Engineering,87,ME,0,29/03/2017,19/09/2018,Full Time,Junior Technical Consultant,TCS,Manufacturing,AGRA,India,,,,,,,,,English,Good,Good,Good,Hindi,Good,Good,Good,Marathi,Good,Good,Good,Guddu,Software Engineer,London,8009800998,,,Naukri.com
88995,Major,Uday,Bhan,uday.bhan@mailinator.com524,7864823665524,7894923645,13/04/1990,M,Single,PAN167694524,No,Behind Yaga Baba Hostel Baner,426194,KANPUR,India,579700,1340000,Mumbai,579000,2,1,30,12/06/2004,13/07/2006,Full Time,Uttar Pradesh State Board,Saraswati Vidya Mandir Kanpur,NA,92,10th,14/02/2007,25/03/2010,Full Time,Uttar Pradesh State Board,Radha Niketan College Kanpur,Electronics & Telecommunication,93,12th,14/03/2010,18/09/2014,Full Time,NITA,Motilal Nehru National Institute of Technology Allahabad,Electronics & Telecommunication,81,BE,20/07/2015,22/01/2018,Full Time,NITIE,NITIE Mumbai,Mining Engineering,87,ME,0,29/03/2017,19/09/2018,Full Time,Junior Technical Consultant,TCS,Manufacturing,AGRA,India,,,,,,,,,English,Good,Good,Good,Hindi,Good,Good,Good,Marathi,Good,Good,Good,Guddu,Software Engineer,London,8009800998,,,Naukri.com
88995,Major,Uday,Bhan,uday.bhan@mailinator.com525,7864823665525,7894923645,13/04/1990,M,Single,PAN167694525,No,Behind Yaga Baba Hostel Baner,426194,KANPUR,India,579700,1340000,Mumbai,579000,2,1,30,12/06/2004,13/07/2006,Full Time,Uttar Pradesh State Board,Saraswati Vidya Mandir Kanpur,NA,92,10th,14/02/2007,25/03/2010,Full Time,Uttar Pradesh State Board,Radha Niketan College Kanpur,Electronics & Telecommunication,93,12th,14/03/2010,18/09/2014,Full Time,NITA,Motilal Nehru National Institute of Technology Allahabad,Electronics & Telecommunication,81,BE,20/07/2015,22/01/2018,Full Time,NITIE,NITIE Mumbai,Mining Engineering,87,ME,0,29/03/2017,19/09/2018,Full Time,Junior Technical Consultant,TCS,Manufacturing,AGRA,India,,,,,,,,,English,Good,Good,Good,Hindi,Good,Good,Good,Marathi,Good,Good,Good,Guddu,Software Engineer,London,8009800998,,,Naukri.com
88995,Major,Uday,Bhan,uday.bhan@mailinator.com526,7864823665526,7894923645,13/04/1990,M,Single,PAN167694526,No,Behind Yaga Baba Hostel Baner,426194,KANPUR,India,579700,1340000,Mumbai,579000,2,1,30,12/06/2004,13/07/2006,Full Time,Uttar Pradesh State Board,Saraswati Vidya Mandir Kanpur,NA,92,10th,14/02/2007,25/03/2010,Full Time,Uttar Pradesh State Board,Radha Niketan College Kanpur,Electronics & Telecommunication,93,12th,14/03/2010,18/09/2014,Full Time,NITA,Motilal Nehru National Institute of Technology Allahabad,Electronics & Telecommunication,81,BE,20/07/2015,22/01/2018,Full Time,NITIE,NITIE Mumbai,Mining Engineering,87,ME,0,29/03/2017,19/09/2018,Full Time,Junior Technical Consultant,TCS,Manufacturing,AGRA,India,,,,,,,,,English,Good,Good,Good,Hindi,Good,Good,Good,Marathi,Good,Good,Good,Guddu,Software Engineer,London,8009800998,,,Naukri.com
88995,Major,Uday,Bhan,uday.bhan@mailinator.com527,7864823665527,7894923645,13/04/1990,M,Single,PAN167694527,No,Behind Yaga Baba Hostel Baner,426194,KANPUR,India,579700,1340000,Mumbai,579000,2,1,30,12/06/2004,13/07/2006,Full Time,Uttar Pradesh State Board,Saraswati Vidya Mandir Kanpur,NA,92,10th,14/02/2007,25/03/2010,Full Time,Uttar Pradesh State Board,Radha Niketan College Kanpur,Electronics & Telecommunication,93,12th,14/03/2010,18/09/2014,Full Time,NITA,Motilal Nehru National Institute of Technology Allahabad,Electronics & Telecommunication,81,BE,20/07/2015,22/01/2018,Full Time,NITIE,NITIE Mumbai,Mining Engineering,87,ME,0,29/03/2017,19/09/2018,Full Time,Junior Technical Consultant,TCS,Manufacturing,AGRA,India,,,,,,,,,English,Good,Good,Good,Hindi,Good,Good,Good,Marathi,Good,Good,Good,Guddu,Software Engineer,London,8009800998,,,Naukri.com
88995,Major,Uday,Bhan,uday.bhan@mailinator.com528,7864823665528,7894923645,13/04/1990,M,Single,PAN167694528,No,Behind Yaga Baba Hostel Baner,426194,KANPUR,India,579700,1340000,Mumbai,579000,2,1,30,12/06/2004,13/07/2006,Full Time,Uttar Pradesh State Board,Saraswati Vidya Mandir Kanpur,NA,92,10th,14/02/2007,25/03/2010,Full Time,Uttar Pradesh State Board,Radha Niketan College Kanpur,Electronics & Telecommunication,93,12th,14/03/2010,18/09/2014,Full Time,NITA,Motilal Nehru National Institute of Technology Allahabad,Electronics & Telecommunication,81,BE,20/07/2015,22/01/2018,Full Time,NITIE,NITIE Mumbai,Mining Engineering,87,ME,0,29/03/2017,19/09/2018,Full Time,Junior Technical Consultant,TCS,Manufacturing,AGRA,India,,,,,,,,,English,Good,Good,Good,Hindi,Good,Good,Good,Marathi,Good,Good,Good,Guddu,Software Engineer,London,8009800998,,,Naukri.com
88995,Major,Uday,Bhan,uday.bhan@mailinator.com529,7864823665529,7894923645,13/04/1990,M,Single,PAN167694529,No,Behind Yaga Baba Hostel Baner,426194,KANPUR,India,579700,1340000,Mumbai,579000,2,1,30,12/06/2004,13/07/2006,Full Time,Uttar Pradesh State Board,Saraswati Vidya Mandir Kanpur,NA,92,10th,14/02/2007,25/03/2010,Full Time,Uttar Pradesh State Board,Radha Niketan College Kanpur,Electronics & Telecommunication,93,12th,14/03/2010,18/09/2014,Full Time,NITA,Motilal Nehru National Institute of Technology Allahabad,Electronics & Telecommunication,81,BE,20/07/2015,22/01/2018,Full Time,NITIE,NITIE Mumbai,Mining Engineering,87,ME,0,29/03/2017,19/09/2018,Full Time,Junior Technical Consultant,TCS,Manufacturing,AGRA,India,,,,,,,,,English,Good,Good,Good,Hindi,Good,Good,Good,Marathi,Good,Good,Good,Guddu,Software Engineer,London,8009800998,,,Naukri.com
88995,Major,Uday,Bhan,uday.bhan@mailinator.com530,7864823665530,7894923645,13/04/1990,M,Single,PAN167694530,No,Behind Yaga Baba Hostel Baner,426194,KANPUR,India,579700,1340000,Mumbai,579000,2,1,30,12/06/2004,13/07/2006,Full Time,Uttar Pradesh State Board,Saraswati Vidya Mandir Kanpur,NA,92,10th,14/02/2007,25/03/2010,Full Time,Uttar Pradesh State Board,Radha Niketan College Kanpur,Electronics & Telecommunication,93,12th,14/03/2010,18/09/2014,Full Time,NITA,Motilal Nehru National Institute of Technology Allahabad,Electronics & Telecommunication,81,BE,20/07/2015,22/01/2018,Full Time,NITIE,NITIE Mumbai,Mining Engineering,87,ME,0,29/03/2017,19/09/2018,Full Time,Junior Technical Consultant,TCS,Manufacturing,AGRA,India,,,,,,,,,English,Good,Good,Good,Hindi,Good,Good,Good,Marathi,Good,Good,Good,Guddu,Software Engineer,London,8009800998,,,Naukri.com
88995,Major,Uday,Bhan,uday.bhan@mailinator.com531,7864823665531,7894923645,13/04/1990,M,Single,PAN167694531,No,Behind Yaga Baba Hostel Baner,426194,KANPUR,India,579700,1340000,Mumbai,579000,2,1,30,12/06/2004,13/07/2006,Full Time,Uttar Pradesh State Board,Saraswati Vidya Mandir Kanpur,NA,92,10th,14/02/2007,25/03/2010,Full Time,Uttar Pradesh State Board,Radha Niketan College Kanpur,Electronics & Telecommunication,93,12th,14/03/2010,18/09/2014,Full Time,NITA,Motilal Nehru National Institute of Technology Allahabad,Electronics & Telecommunication,81,BE,20/07/2015,22/01/2018,Full Time,NITIE,NITIE Mumbai,Mining Engineering,87,ME,0,29/03/2017,19/09/2018,Full Time,Junior Technical Consultant,TCS,Manufacturing,AGRA,India,,,,,,,,,English,Good,Good,Good,Hindi,Good,Good,Good,Marathi,Good,Good,Good,Guddu,Software Engineer,London,8009800998,,,Naukri.com
88995,Major,Uday,Bhan,uday.bhan@mailinator.com532,7864823665532,7894923645,13/04/1990,M,Single,PAN167694532,No,Behind Yaga Baba Hostel Baner,426194,KANPUR,India,579700,1340000,Mumbai,579000,2,1,30,12/06/2004,13/07/2006,Full Time,Uttar Pradesh State Board,Saraswati Vidya Mandir Kanpur,NA,92,10th,14/02/2007,25/03/2010,Full Time,Uttar Pradesh State Board,Radha Niketan College Kanpur,Electronics & Telecommunication,93,12th,14/03/2010,18/09/2014,Full Time,NITA,Motilal Nehru National Institute of Technology Allahabad,Electronics & Telecommunication,81,BE,20/07/2015,22/01/2018,Full Time,NITIE,NITIE Mumbai,Mining Engineering,87,ME,0,29/03/2017,19/09/2018,Full Time,Junior Technical Consultant,TCS,Manufacturing,AGRA,India,,,,,,,,,English,Good,Good,Good,Hindi,Good,Good,Good,Marathi,Good,Good,Good,Guddu,Software Engineer,London,8009800998,,,Naukri.com
88995,Major,Uday,Bhan,uday.bhan@mailinator.com533,7864823665533,7894923645,13/04/1990,M,Single,PAN167694533,No,Behind Yaga Baba Hostel Baner,426194,KANPUR,India,579700,1340000,Mumbai,579000,2,1,30,12/06/2004,13/07/2006,Full Time,Uttar Pradesh State Board,Saraswati Vidya Mandir Kanpur,NA,92,10th,14/02/2007,25/03/2010,Full Time,Uttar Pradesh State Board,Radha Niketan College Kanpur,Electronics & Telecommunication,93,12th,14/03/2010,18/09/2014,Full Time,NITA,Motilal Nehru National Institute of Technology Allahabad,Electronics & Telecommunication,81,BE,20/07/2015,22/01/2018,Full Time,NITIE,NITIE Mumbai,Mining Engineering,87,ME,0,29/03/2017,19/09/2018,Full Time,Junior Technical Consultant,TCS,Manufacturing,AGRA,India,,,,,,,,,English,Good,Good,Good,Hindi,Good,Good,Good,Marathi,Good,Good,Good,Guddu,Software Engineer,London,8009800998,,,Naukri.com
88995,Major,Uday,Bhan,uday.bhan@mailinator.com534,7864823665534,7894923645,13/04/1990,M,Single,PAN167694534,No,Behind Yaga Baba Hostel Baner,426194,KANPUR,India,579700,1340000,Mumbai,579000,2,1,30,12/06/2004,13/07/2006,Full Time,Uttar Pradesh State Board,Saraswati Vidya Mandir Kanpur,NA,92,10th,14/02/2007,25/03/2010,Full Time,Uttar Pradesh State Board,Radha Niketan College Kanpur,Electronics & Telecommunication,93,12th,14/03/2010,18/09/2014,Full Time,NITA,Motilal Nehru National Institute of Technology Allahabad,Electronics & Telecommunication,81,BE,20/07/2015,22/01/2018,Full Time,NITIE,NITIE Mumbai,Mining Engineering,87,ME,0,29/03/2017,19/09/2018,Full Time,Junior Technical Consultant,TCS,Manufacturing,AGRA,India,,,,,,,,,English,Good,Good,Good,Hindi,Good,Good,Good,Marathi,Good,Good,Good,Guddu,Software Engineer,London,8009800998,,,Naukri.com
88995,Major,Uday,Bhan,uday.bhan@mailinator.com535,7864823665535,7894923645,13/04/1990,M,Single,PAN167694535,No,Behind Yaga Baba Hostel Baner,426194,KANPUR,India,579700,1340000,Mumbai,579000,2,1,30,12/06/2004,13/07/2006,Full Time,Uttar Pradesh State Board,Saraswati Vidya Mandir Kanpur,NA,92,10th,14/02/2007,25/03/2010,Full Time,Uttar Pradesh State Board,Radha Niketan College Kanpur,Electronics & Telecommunication,93,12th,14/03/2010,18/09/2014,Full Time,NITA,Motilal Nehru National Institute of Technology Allahabad,Electronics & Telecommunication,81,BE,20/07/2015,22/01/2018,Full Time,NITIE,NITIE Mumbai,Mining Engineering,87,ME,0,29/03/2017,19/09/2018,Full Time,Junior Technical Consultant,TCS,Manufacturing,AGRA,India,,,,,,,,,English,Good,Good,Good,Hindi,Good,Good,Good,Marathi,Good,Good,Good,Guddu,Software Engineer,London,8009800998,,,Naukri.com
88995,Major,Uday,Bhan,uday.bhan@mailinator.com536,7864823665536,7894923645,13/04/1990,M,Single,PAN167694536,No,Behind Yaga Baba Hostel Baner,426194,KANPUR,India,579700,1340000,Mumbai,579000,2,1,30,12/06/2004,13/07/2006,Full Time,Uttar Pradesh State Board,Saraswati Vidya Mandir Kanpur,NA,92,10th,14/02/2007,25/03/2010,Full Time,Uttar Pradesh State Board,Radha Niketan College Kanpur,Electronics & Telecommunication,93,12th,14/03/2010,18/09/2014,Full Time,NITA,Motilal Nehru National Institute of Technology Allahabad,Electronics & Telecommunication,81,BE,20/07/2015,22/01/2018,Full Time,NITIE,NITIE Mumbai,Mining Engineering,87,ME,0,29/03/2017,19/09/2018,Full Time,Junior Technical Consultant,TCS,Manufacturing,AGRA,India,,,,,,,,,English,Good,Good,Good,Hindi,Good,Good,Good,Marathi,Good,Good,Good,Guddu,Software Engineer,London,8009800998,,,Naukri.com
88995,Major,Uday,Bhan,uday.bhan@mailinator.com537,7864823665537,7894923645,13/04/1990,M,Single,PAN167694537,No,Behind Yaga Baba Hostel Baner,426194,KANPUR,India,579700,1340000,Mumbai,579000,2,1,30,12/06/2004,13/07/2006,Full Time,Uttar Pradesh State Board,Saraswati Vidya Mandir Kanpur,NA,92,10th,14/02/2007,25/03/2010,Full Time,Uttar Pradesh State Board,Radha Niketan College Kanpur,Electronics & Telecommunication,93,12th,14/03/2010,18/09/2014,Full Time,NITA,Motilal Nehru National Institute of Technology Allahabad,Electronics & Telecommunication,81,BE,20/07/2015,22/01/2018,Full Time,NITIE,NITIE Mumbai,Mining Engineering,87,ME,0,29/03/2017,19/09/2018,Full Time,Junior Technical Consultant,TCS,Manufacturing,AGRA,India,,,,,,,,,English,Good,Good,Good,Hindi,Good,Good,Good,Marathi,Good,Good,Good,Guddu,Software Engineer,London,8009800998,,,Naukri.com
88995,Major,Uday,Bhan,uday.bhan@mailinator.com538,7864823665538,7894923645,13/04/1990,M,Single,PAN167694538,No,Behind Yaga Baba Hostel Baner,426194,KANPUR,India,579700,1340000,Mumbai,579000,2,1,30,12/06/2004,13/07/2006,Full Time,Uttar Pradesh State Board,Saraswati Vidya Mandir Kanpur,NA,92,10th,14/02/2007,25/03/2010,Full Time,Uttar Pradesh State Board,Radha Niketan College Kanpur,Electronics & Telecommunication,93,12th,14/03/2010,18/09/2014,Full Time,NITA,Motilal Nehru National Institute of Technology Allahabad,Electronics & Telecommunication,81,BE,20/07/2015,22/01/2018,Full Time,NITIE,NITIE Mumbai,Mining Engineering,87,ME,0,29/03/2017,19/09/2018,Full Time,Junior Technical Consultant,TCS,Manufacturing,AGRA,India,,,,,,,,,English,Good,Good,Good,Hindi,Good,Good,Good,Marathi,Good,Good,Good,Guddu,Software Engineer,London,8009800998,,,Naukri.com
88995,Major,Uday,Bhan,uday.bhan@mailinator.com539,7864823665539,7894923645,13/04/1990,M,Single,PAN167694539,No,Behind Yaga Baba Hostel Baner,426194,KANPUR,India,579700,1340000,Mumbai,579000,2,1,30,12/06/2004,13/07/2006,Full Time,Uttar Pradesh State Board,Saraswati Vidya Mandir Kanpur,NA,92,10th,14/02/2007,25/03/2010,Full Time,Uttar Pradesh State Board,Radha Niketan College Kanpur,Electronics & Telecommunication,93,12th,14/03/2010,18/09/2014,Full Time,NITA,Motilal Nehru National Institute of Technology Allahabad,Electronics & Telecommunication,81,BE,20/07/2015,22/01/2018,Full Time,NITIE,NITIE Mumbai,Mining Engineering,87,ME,0,29/03/2017,19/09/2018,Full Time,Junior Technical Consultant,TCS,Manufacturing,AGRA,India,,,,,,,,,English,Good,Good,Good,Hindi,Good,Good,Good,Marathi,Good,Good,Good,Guddu,Software Engineer,London,8009800998,,,Naukri.com
88995,Major,Uday,Bhan,uday.bhan@mailinator.com540,7864823665540,7894923645,13/04/1990,M,Single,PAN167694540,No,Behind Yaga Baba Hostel Baner,426194,KANPUR,India,579700,1340000,Mumbai,579000,2,1,30,12/06/2004,13/07/2006,Full Time,Uttar Pradesh State Board,Saraswati Vidya Mandir Kanpur,NA,92,10th,14/02/2007,25/03/2010,Full Time,Uttar Pradesh State Board,Radha Niketan College Kanpur,Electronics & Telecommunication,93,12th,14/03/2010,18/09/2014,Full Time,NITA,Motilal Nehru National Institute of Technology Allahabad,Electronics & Telecommunication,81,BE,20/07/2015,22/01/2018,Full Time,NITIE,NITIE Mumbai,Mining Engineering,87,ME,0,29/03/2017,19/09/2018,Full Time,Junior Technical Consultant,TCS,Manufacturing,AGRA,India,,,,,,,,,English,Good,Good,Good,Hindi,Good,Good,Good,Marathi,Good,Good,Good,Guddu,Software Engineer,London,8009800998,,,Naukri.com
88995,Major,Uday,Bhan,uday.bhan@mailinator.com541,7864823665541,7894923645,13/04/1990,M,Single,PAN167694541,No,Behind Yaga Baba Hostel Baner,426194,KANPUR,India,579700,1340000,Mumbai,579000,2,1,30,12/06/2004,13/07/2006,Full Time,Uttar Pradesh State Board,Saraswati Vidya Mandir Kanpur,NA,92,10th,14/02/2007,25/03/2010,Full Time,Uttar Pradesh State Board,Radha Niketan College Kanpur,Electronics & Telecommunication,93,12th,14/03/2010,18/09/2014,Full Time,NITA,Motilal Nehru National Institute of Technology Allahabad,Electronics & Telecommunication,81,BE,20/07/2015,22/01/2018,Full Time,NITIE,NITIE Mumbai,Mining Engineering,87,ME,0,29/03/2017,19/09/2018,Full Time,Junior Technical Consultant,TCS,Manufacturing,AGRA,India,,,,,,,,,English,Good,Good,Good,Hindi,Good,Good,Good,Marathi,Good,Good,Good,Guddu,Software Engineer,London,8009800998,,,Naukri.com
88995,Major,Uday,Bhan,uday.bhan@mailinator.com542,7864823665542,7894923645,13/04/1990,M,Single,PAN167694542,No,Behind Yaga Baba Hostel Baner,426194,KANPUR,India,579700,1340000,Mumbai,579000,2,1,30,12/06/2004,13/07/2006,Full Time,Uttar Pradesh State Board,Saraswati Vidya Mandir Kanpur,NA,92,10th,14/02/2007,25/03/2010,Full Time,Uttar Pradesh State Board,Radha Niketan College Kanpur,Electronics & Telecommunication,93,12th,14/03/2010,18/09/2014,Full Time,NITA,Motilal Nehru National Institute of Technology Allahabad,Electronics & Telecommunication,81,BE,20/07/2015,22/01/2018,Full Time,NITIE,NITIE Mumbai,Mining Engineering,87,ME,0,29/03/2017,19/09/2018,Full Time,Junior Technical Consultant,TCS,Manufacturing,AGRA,India,,,,,,,,,English,Good,Good,Good,Hindi,Good,Good,Good,Marathi,Good,Good,Good,Guddu,Software Engineer,London,8009800998,,,Naukri.com
88995,Major,Uday,Bhan,uday.bhan@mailinator.com543,7864823665543,7894923645,13/04/1990,M,Single,PAN167694543,No,Behind Yaga Baba Hostel Baner,426194,KANPUR,India,579700,1340000,Mumbai,579000,2,1,30,12/06/2004,13/07/2006,Full Time,Uttar Pradesh State Board,Saraswati Vidya Mandir Kanpur,NA,92,10th,14/02/2007,25/03/2010,Full Time,Uttar Pradesh State Board,Radha Niketan College Kanpur,Electronics & Telecommunication,93,12th,14/03/2010,18/09/2014,Full Time,NITA,Motilal Nehru National Institute of Technology Allahabad,Electronics & Telecommunication,81,BE,20/07/2015,22/01/2018,Full Time,NITIE,NITIE Mumbai,Mining Engineering,87,ME,0,29/03/2017,19/09/2018,Full Time,Junior Technical Consultant,TCS,Manufacturing,AGRA,India,,,,,,,,,English,Good,Good,Good,Hindi,Good,Good,Good,Marathi,Good,Good,Good,Guddu,Software Engineer,London,8009800998,,,Naukri.com
88995,Major,Uday,Bhan,uday.bhan@mailinator.com544,7864823665544,7894923645,13/04/1990,M,Single,PAN167694544,No,Behind Yaga Baba Hostel Baner,426194,KANPUR,India,579700,1340000,Mumbai,579000,2,1,30,12/06/2004,13/07/2006,Full Time,Uttar Pradesh State Board,Saraswati Vidya Mandir Kanpur,NA,92,10th,14/02/2007,25/03/2010,Full Time,Uttar Pradesh State Board,Radha Niketan College Kanpur,Electronics & Telecommunication,93,12th,14/03/2010,18/09/2014,Full Time,NITA,Motilal Nehru National Institute of Technology Allahabad,Electronics & Telecommunication,81,BE,20/07/2015,22/01/2018,Full Time,NITIE,NITIE Mumbai,Mining Engineering,87,ME,0,29/03/2017,19/09/2018,Full Time,Junior Technical Consultant,TCS,Manufacturing,AGRA,India,,,,,,,,,English,Good,Good,Good,Hindi,Good,Good,Good,Marathi,Good,Good,Good,Guddu,Software Engineer,London,8009800998,,,Naukri.com
88995,Major,Uday,Bhan,uday.bhan@mailinator.com545,7864823665545,7894923645,13/04/1990,M,Single,PAN167694545,No,Behind Yaga Baba Hostel Baner,426194,KANPUR,India,579700,1340000,Mumbai,579000,2,1,30,12/06/2004,13/07/2006,Full Time,Uttar Pradesh State Board,Saraswati Vidya Mandir Kanpur,NA,92,10th,14/02/2007,25/03/2010,Full Time,Uttar Pradesh State Board,Radha Niketan College Kanpur,Electronics & Telecommunication,93,12th,14/03/2010,18/09/2014,Full Time,NITA,Motilal Nehru National Institute of Technology Allahabad,Electronics & Telecommunication,81,BE,20/07/2015,22/01/2018,Full Time,NITIE,NITIE Mumbai,Mining Engineering,87,ME,0,29/03/2017,19/09/2018,Full Time,Junior Technical Consultant,TCS,Manufacturing,AGRA,India,,,,,,,,,English,Good,Good,Good,Hindi,Good,Good,Good,Marathi,Good,Good,Good,Guddu,Software Engineer,London,8009800998,,,Naukri.com
88995,Major,Uday,Bhan,uday.bhan@mailinator.com546,7864823665546,7894923645,13/04/1990,M,Single,PAN167694546,No,Behind Yaga Baba Hostel Baner,426194,KANPUR,India,579700,1340000,Mumbai,579000,2,1,30,12/06/2004,13/07/2006,Full Time,Uttar Pradesh State Board,Saraswati Vidya Mandir Kanpur,NA,92,10th,14/02/2007,25/03/2010,Full Time,Uttar Pradesh State Board,Radha Niketan College Kanpur,Electronics & Telecommunication,93,12th,14/03/2010,18/09/2014,Full Time,NITA,Motilal Nehru National Institute of Technology Allahabad,Electronics & Telecommunication,81,BE,20/07/2015,22/01/2018,Full Time,NITIE,NITIE Mumbai,Mining Engineering,87,ME,0,29/03/2017,19/09/2018,Full Time,Junior Technical Consultant,TCS,Manufacturing,AGRA,India,,,,,,,,,English,Good,Good,Good,Hindi,Good,Good,Good,Marathi,Good,Good,Good,Guddu,Software Engineer,London,8009800998,,,Naukri.com
88995,Major,Uday,Bhan,uday.bhan@mailinator.com547,7864823665547,7894923645,13/04/1990,M,Single,PAN167694547,No,Behind Yaga Baba Hostel Baner,426194,KANPUR,India,579700,1340000,Mumbai,579000,2,1,30,12/06/2004,13/07/2006,Full Time,Uttar Pradesh State Board,Saraswati Vidya Mandir Kanpur,NA,92,10th,14/02/2007,25/03/2010,Full Time,Uttar Pradesh State Board,Radha Niketan College Kanpur,Electronics & Telecommunication,93,12th,14/03/2010,18/09/2014,Full Time,NITA,Motilal Nehru National Institute of Technology Allahabad,Electronics & Telecommunication,81,BE,20/07/2015,22/01/2018,Full Time,NITIE,NITIE Mumbai,Mining Engineering,87,ME,0,29/03/2017,19/09/2018,Full Time,Junior Technical Consultant,TCS,Manufacturing,AGRA,India,,,,,,,,,English,Good,Good,Good,Hindi,Good,Good,Good,Marathi,Good,Good,Good,Guddu,Software Engineer,London,8009800998,,,Naukri.com
88995,Major,Uday,Bhan,uday.bhan@mailinator.com548,7864823665548,7894923645,13/04/1990,M,Single,PAN167694548,No,Behind Yaga Baba Hostel Baner,426194,KANPUR,India,579700,1340000,Mumbai,579000,2,1,30,12/06/2004,13/07/2006,Full Time,Uttar Pradesh State Board,Saraswati Vidya Mandir Kanpur,NA,92,10th,14/02/2007,25/03/2010,Full Time,Uttar Pradesh State Board,Radha Niketan College Kanpur,Electronics & Telecommunication,93,12th,14/03/2010,18/09/2014,Full Time,NITA,Motilal Nehru National Institute of Technology Allahabad,Electronics & Telecommunication,81,BE,20/07/2015,22/01/2018,Full Time,NITIE,NITIE Mumbai,Mining Engineering,87,ME,0,29/03/2017,19/09/2018,Full Time,Junior Technical Consultant,TCS,Manufacturing,AGRA,India,,,,,,,,,English,Good,Good,Good,Hindi,Good,Good,Good,Marathi,Good,Good,Good,Guddu,Software Engineer,London,8009800998,,,Naukri.com
88995,Major,Uday,Bhan,uday.bhan@mailinator.com549,7864823665549,7894923645,13/04/1990,M,Single,PAN167694549,No,Behind Yaga Baba Hostel Baner,426194,KANPUR,India,579700,1340000,Mumbai,579000,2,1,30,12/06/2004,13/07/2006,Full Time,Uttar Pradesh State Board,Saraswati Vidya Mandir Kanpur,NA,92,10th,14/02/2007,25/03/2010,Full Time,Uttar Pradesh State Board,Radha Niketan College Kanpur,Electronics & Telecommunication,93,12th,14/03/2010,18/09/2014,Full Time,NITA,Motilal Nehru National Institute of Technology Allahabad,Electronics & Telecommunication,81,BE,20/07/2015,22/01/2018,Full Time,NITIE,NITIE Mumbai,Mining Engineering,87,ME,0,29/03/2017,19/09/2018,Full Time,Junior Technical Consultant,TCS,Manufacturing,AGRA,India,,,,,,,,,English,Good,Good,Good,Hindi,Good,Good,Good,Marathi,Good,Good,Good,Guddu,Software Engineer,London,8009800998,,,Naukri.com
88995,Major,Uday,Bhan,uday.bhan@mailinator.com550,7864823665550,7894923645,13/04/1990,M,Single,PAN167694550,No,Behind Yaga Baba Hostel Baner,426194,KANPUR,India,579700,1340000,Mumbai,579000,2,1,30,12/06/2004,13/07/2006,Full Time,Uttar Pradesh State Board,Saraswati Vidya Mandir Kanpur,NA,92,10th,14/02/2007,25/03/2010,Full Time,Uttar Pradesh State Board,Radha Niketan College Kanpur,Electronics & Telecommunication,93,12th,14/03/2010,18/09/2014,Full Time,NITA,Motilal Nehru National Institute of Technology Allahabad,Electronics & Telecommunication,81,BE,20/07/2015,22/01/2018,Full Time,NITIE,NITIE Mumbai,Mining Engineering,87,ME,0,29/03/2017,19/09/2018,Full Time,Junior Technical Consultant,TCS,Manufacturing,AGRA,India,,,,,,,,,English,Good,Good,Good,Hindi,Good,Good,Good,Marathi,Good,Good,Good,Guddu,Software Engineer,London,8009800998,,,Naukri.com
88995,Major,Uday,Bhan,uday.bhan@mailinator.com551,7864823665551,7894923645,13/04/1990,M,Single,PAN167694551,No,Behind Yaga Baba Hostel Baner,426194,KANPUR,India,579700,1340000,Mumbai,579000,2,1,30,12/06/2004,13/07/2006,Full Time,Uttar Pradesh State Board,Saraswati Vidya Mandir Kanpur,NA,92,10th,14/02/2007,25/03/2010,Full Time,Uttar Pradesh State Board,Radha Niketan College Kanpur,Electronics & Telecommunication,93,12th,14/03/2010,18/09/2014,Full Time,NITA,Motilal Nehru National Institute of Technology Allahabad,Electronics & Telecommunication,81,BE,20/07/2015,22/01/2018,Full Time,NITIE,NITIE Mumbai,Mining Engineering,87,ME,0,29/03/2017,19/09/2018,Full Time,Junior Technical Consultant,TCS,Manufacturing,AGRA,India,,,,,,,,,English,Good,Good,Good,Hindi,Good,Good,Good,Marathi,Good,Good,Good,Guddu,Software Engineer,London,8009800998,,,Naukri.com
88995,Major,Uday,Bhan,uday.bhan@mailinator.com552,7864823665552,7894923645,13/04/1990,M,Single,PAN167694552,No,Behind Yaga Baba Hostel Baner,426194,KANPUR,India,579700,1340000,Mumbai,579000,2,1,30,12/06/2004,13/07/2006,Full Time,Uttar Pradesh State Board,Saraswati Vidya Mandir Kanpur,NA,92,10th,14/02/2007,25/03/2010,Full Time,Uttar Pradesh State Board,Radha Niketan College Kanpur,Electronics & Telecommunication,93,12th,14/03/2010,18/09/2014,Full Time,NITA,Motilal Nehru National Institute of Technology Allahabad,Electronics & Telecommunication,81,BE,20/07/2015,22/01/2018,Full Time,NITIE,NITIE Mumbai,Mining Engineering,87,ME,0,29/03/2017,19/09/2018,Full Time,Junior Technical Consultant,TCS,Manufacturing,AGRA,India,,,,,,,,,English,Good,Good,Good,Hindi,Good,Good,Good,Marathi,Good,Good,Good,Guddu,Software Engineer,London,8009800998,,,Naukri.com
88995,Major,Uday,Bhan,uday.bhan@mailinator.com553,7864823665553,7894923645,13/04/1990,M,Single,PAN167694553,No,Behind Yaga Baba Hostel Baner,426194,KANPUR,India,579700,1340000,Mumbai,579000,2,1,30,12/06/2004,13/07/2006,Full Time,Uttar Pradesh State Board,Saraswati Vidya Mandir Kanpur,NA,92,10th,14/02/2007,25/03/2010,Full Time,Uttar Pradesh State Board,Radha Niketan College Kanpur,Electronics & Telecommunication,93,12th,14/03/2010,18/09/2014,Full Time,NITA,Motilal Nehru National Institute of Technology Allahabad,Electronics & Telecommunication,81,BE,20/07/2015,22/01/2018,Full Time,NITIE,NITIE Mumbai,Mining Engineering,87,ME,0,29/03/2017,19/09/2018,Full Time,Junior Technical Consultant,TCS,Manufacturing,AGRA,India,,,,,,,,,English,Good,Good,Good,Hindi,Good,Good,Good,Marathi,Good,Good,Good,Guddu,Software Engineer,London,8009800998,,,Naukri.com
88995,Major,Uday,Bhan,uday.bhan@mailinator.com554,7864823665554,7894923645,13/04/1990,M,Single,PAN167694554,No,Behind Yaga Baba Hostel Baner,426194,KANPUR,India,579700,1340000,Mumbai,579000,2,1,30,12/06/2004,13/07/2006,Full Time,Uttar Pradesh State Board,Saraswati Vidya Mandir Kanpur,NA,92,10th,14/02/2007,25/03/2010,Full Time,Uttar Pradesh State Board,Radha Niketan College Kanpur,Electronics & Telecommunication,93,12th,14/03/2010,18/09/2014,Full Time,NITA,Motilal Nehru National Institute of Technology Allahabad,Electronics & Telecommunication,81,BE,20/07/2015,22/01/2018,Full Time,NITIE,NITIE Mumbai,Mining Engineering,87,ME,0,29/03/2017,19/09/2018,Full Time,Junior Technical Consultant,TCS,Manufacturing,AGRA,India,,,,,,,,,English,Good,Good,Good,Hindi,Good,Good,Good,Marathi,Good,Good,Good,Guddu,Software Engineer,London,8009800998,,,Naukri.com
88995,Major,Uday,Bhan,uday.bhan@mailinator.com555,7864823665555,7894923645,13/04/1990,M,Single,PAN167694555,No,Behind Yaga Baba Hostel Baner,426194,KANPUR,India,579700,1340000,Mumbai,579000,2,1,30,12/06/2004,13/07/2006,Full Time,Uttar Pradesh State Board,Saraswati Vidya Mandir Kanpur,NA,92,10th,14/02/2007,25/03/2010,Full Time,Uttar Pradesh State Board,Radha Niketan College Kanpur,Electronics & Telecommunication,93,12th,14/03/2010,18/09/2014,Full Time,NITA,Motilal Nehru National Institute of Technology Allahabad,Electronics & Telecommunication,81,BE,20/07/2015,22/01/2018,Full Time,NITIE,NITIE Mumbai,Mining Engineering,87,ME,0,29/03/2017,19/09/2018,Full Time,Junior Technical Consultant,TCS,Manufacturing,AGRA,India,,,,,,,,,English,Good,Good,Good,Hindi,Good,Good,Good,Marathi,Good,Good,Good,Guddu,Software Engineer,London,8009800998,,,Naukri.com
88995,Major,Uday,Bhan,uday.bhan@mailinator.com556,7864823665556,7894923645,13/04/1990,M,Single,PAN167694556,No,Behind Yaga Baba Hostel Baner,426194,KANPUR,India,579700,1340000,Mumbai,579000,2,1,30,12/06/2004,13/07/2006,Full Time,Uttar Pradesh State Board,Saraswati Vidya Mandir Kanpur,NA,92,10th,14/02/2007,25/03/2010,Full Time,Uttar Pradesh State Board,Radha Niketan College Kanpur,Electronics & Telecommunication,93,12th,14/03/2010,18/09/2014,Full Time,NITA,Motilal Nehru National Institute of Technology Allahabad,Electronics & Telecommunication,81,BE,20/07/2015,22/01/2018,Full Time,NITIE,NITIE Mumbai,Mining Engineering,87,ME,0,29/03/2017,19/09/2018,Full Time,Junior Technical Consultant,TCS,Manufacturing,AGRA,India,,,,,,,,,English,Good,Good,Good,Hindi,Good,Good,Good,Marathi,Good,Good,Good,Guddu,Software Engineer,London,8009800998,,,Naukri.com
88995,Major,Uday,Bhan,uday.bhan@mailinator.com557,7864823665557,7894923645,13/04/1990,M,Single,PAN167694557,No,Behind Yaga Baba Hostel Baner,426194,KANPUR,India,579700,1340000,Mumbai,579000,2,1,30,12/06/2004,13/07/2006,Full Time,Uttar Pradesh State Board,Saraswati Vidya Mandir Kanpur,NA,92,10th,14/02/2007,25/03/2010,Full Time,Uttar Pradesh State Board,Radha Niketan College Kanpur,Electronics & Telecommunication,93,12th,14/03/2010,18/09/2014,Full Time,NITA,Motilal Nehru National Institute of Technology Allahabad,Electronics & Telecommunication,81,BE,20/07/2015,22/01/2018,Full Time,NITIE,NITIE Mumbai,Mining Engineering,87,ME,0,29/03/2017,19/09/2018,Full Time,Junior Technical Consultant,TCS,Manufacturing,AGRA,India,,,,,,,,,English,Good,Good,Good,Hindi,Good,Good,Good,Marathi,Good,Good,Good,Guddu,Software Engineer,London,8009800998,,,Naukri.com
88995,Major,Uday,Bhan,uday.bhan@mailinator.com558,7864823665558,7894923645,13/04/1990,M,Single,PAN167694558,No,Behind Yaga Baba Hostel Baner,426194,KANPUR,India,579700,1340000,Mumbai,579000,2,1,30,12/06/2004,13/07/2006,Full Time,Uttar Pradesh State Board,Saraswati Vidya Mandir Kanpur,NA,92,10th,14/02/2007,25/03/2010,Full Time,Uttar Pradesh State Board,Radha Niketan College Kanpur,Electronics & Telecommunication,93,12th,14/03/2010,18/09/2014,Full Time,NITA,Motilal Nehru National Institute of Technology Allahabad,Electronics & Telecommunication,81,BE,20/07/2015,22/01/2018,Full Time,NITIE,NITIE Mumbai,Mining Engineering,87,ME,0,29/03/2017,19/09/2018,Full Time,Junior Technical Consultant,TCS,Manufacturing,AGRA,India,,,,,,,,,English,Good,Good,Good,Hindi,Good,Good,Good,Marathi,Good,Good,Good,Guddu,Software Engineer,London,8009800998,,,Naukri.com
88995,Major,Uday,Bhan,uday.bhan@mailinator.com559,7864823665559,7894923645,13/04/1990,M,Single,PAN167694559,No,Behind Yaga Baba Hostel Baner,426194,KANPUR,India,579700,1340000,Mumbai,579000,2,1,30,12/06/2004,13/07/2006,Full Time,Uttar Pradesh State Board,Saraswati Vidya Mandir Kanpur,NA,92,10th,14/02/2007,25/03/2010,Full Time,Uttar Pradesh State Board,Radha Niketan College Kanpur,Electronics & Telecommunication,93,12th,14/03/2010,18/09/2014,Full Time,NITA,Motilal Nehru National Institute of Technology Allahabad,Electronics & Telecommunication,81,BE,20/07/2015,22/01/2018,Full Time,NITIE,NITIE Mumbai,Mining Engineering,87,ME,0,29/03/2017,19/09/2018,Full Time,Junior Technical Consultant,TCS,Manufacturing,AGRA,India,,,,,,,,,English,Good,Good,Good,Hindi,Good,Good,Good,Marathi,Good,Good,Good,Guddu,Software Engineer,London,8009800998,,,Naukri.com
88995,Major,Uday,Bhan,uday.bhan@mailinator.com560,7864823665560,7894923645,13/04/1990,M,Single,PAN167694560,No,Behind Yaga Baba Hostel Baner,426194,KANPUR,India,579700,1340000,Mumbai,579000,2,1,30,12/06/2004,13/07/2006,Full Time,Uttar Pradesh State Board,Saraswati Vidya Mandir Kanpur,NA,92,10th,14/02/2007,25/03/2010,Full Time,Uttar Pradesh State Board,Radha Niketan College Kanpur,Electronics & Telecommunication,93,12th,14/03/2010,18/09/2014,Full Time,NITA,Motilal Nehru National Institute of Technology Allahabad,Electronics & Telecommunication,81,BE,20/07/2015,22/01/2018,Full Time,NITIE,NITIE Mumbai,Mining Engineering,87,ME,0,29/03/2017,19/09/2018,Full Time,Junior Technical Consultant,TCS,Manufacturing,AGRA,India,,,,,,,,,English,Good,Good,Good,Hindi,Good,Good,Good,Marathi,Good,Good,Good,Guddu,Software Engineer,London,8009800998,,,Naukri.com
88995,Major,Uday,Bhan,uday.bhan@mailinator.com561,7864823665561,7894923645,13/04/1990,M,Single,PAN167694561,No,Behind Yaga Baba Hostel Baner,426194,KANPUR,India,579700,1340000,Mumbai,579000,2,1,30,12/06/2004,13/07/2006,Full Time,Uttar Pradesh State Board,Saraswati Vidya Mandir Kanpur,NA,92,10th,14/02/2007,25/03/2010,Full Time,Uttar Pradesh State Board,Radha Niketan College Kanpur,Electronics & Telecommunication,93,12th,14/03/2010,18/09/2014,Full Time,NITA,Motilal Nehru National Institute of Technology Allahabad,Electronics & Telecommunication,81,BE,20/07/2015,22/01/2018,Full Time,NITIE,NITIE Mumbai,Mining Engineering,87,ME,0,29/03/2017,19/09/2018,Full Time,Junior Technical Consultant,TCS,Manufacturing,AGRA,India,,,,,,,,,English,Good,Good,Good,Hindi,Good,Good,Good,Marathi,Good,Good,Good,Guddu,Software Engineer,London,8009800998,,,Naukri.com
88995,Major,Uday,Bhan,uday.bhan@mailinator.com562,7864823665562,7894923645,13/04/1990,M,Single,PAN167694562,No,Behind Yaga Baba Hostel Baner,426194,KANPUR,India,579700,1340000,Mumbai,579000,2,1,30,12/06/2004,13/07/2006,Full Time,Uttar Pradesh State Board,Saraswati Vidya Mandir Kanpur,NA,92,10th,14/02/2007,25/03/2010,Full Time,Uttar Pradesh State Board,Radha Niketan College Kanpur,Electronics & Telecommunication,93,12th,14/03/2010,18/09/2014,Full Time,NITA,Motilal Nehru National Institute of Technology Allahabad,Electronics & Telecommunication,81,BE,20/07/2015,22/01/2018,Full Time,NITIE,NITIE Mumbai,Mining Engineering,87,ME,0,29/03/2017,19/09/2018,Full Time,Junior Technical Consultant,TCS,Manufacturing,AGRA,India,,,,,,,,,English,Good,Good,Good,Hindi,Good,Good,Good,Marathi,Good,Good,Good,Guddu,Software Engineer,London,8009800998,,,Naukri.com
88995,Major,Uday,Bhan,uday.bhan@mailinator.com563,7864823665563,7894923645,13/04/1990,M,Single,PAN167694563,No,Behind Yaga Baba Hostel Baner,426194,KANPUR,India,579700,1340000,Mumbai,579000,2,1,30,12/06/2004,13/07/2006,Full Time,Uttar Pradesh State Board,Saraswati Vidya Mandir Kanpur,NA,92,10th,14/02/2007,25/03/2010,Full Time,Uttar Pradesh State Board,Radha Niketan College Kanpur,Electronics & Telecommunication,93,12th,14/03/2010,18/09/2014,Full Time,NITA,Motilal Nehru National Institute of Technology Allahabad,Electronics & Telecommunication,81,BE,20/07/2015,22/01/2018,Full Time,NITIE,NITIE Mumbai,Mining Engineering,87,ME,0,29/03/2017,19/09/2018,Full Time,Junior Technical Consultant,TCS,Manufacturing,AGRA,India,,,,,,,,,English,Good,Good,Good,Hindi,Good,Good,Good,Marathi,Good,Good,Good,Guddu,Software Engineer,London,8009800998,,,Naukri.com
88995,Major,Uday,Bhan,uday.bhan@mailinator.com564,7864823665564,7894923645,13/04/1990,M,Single,PAN167694564,No,Behind Yaga Baba Hostel Baner,426194,KANPUR,India,579700,1340000,Mumbai,579000,2,1,30,12/06/2004,13/07/2006,Full Time,Uttar Pradesh State Board,Saraswati Vidya Mandir Kanpur,NA,92,10th,14/02/2007,25/03/2010,Full Time,Uttar Pradesh State Board,Radha Niketan College Kanpur,Electronics & Telecommunication,93,12th,14/03/2010,18/09/2014,Full Time,NITA,Motilal Nehru National Institute of Technology Allahabad,Electronics & Telecommunication,81,BE,20/07/2015,22/01/2018,Full Time,NITIE,NITIE Mumbai,Mining Engineering,87,ME,0,29/03/2017,19/09/2018,Full Time,Junior Technical Consultant,TCS,Manufacturing,AGRA,India,,,,,,,,,English,Good,Good,Good,Hindi,Good,Good,Good,Marathi,Good,Good,Good,Guddu,Software Engineer,London,8009800998,,,Naukri.com
88995,Major,Uday,Bhan,uday.bhan@mailinator.com565,7864823665565,7894923645,13/04/1990,M,Single,PAN167694565,No,Behind Yaga Baba Hostel Baner,426194,KANPUR,India,579700,1340000,Mumbai,579000,2,1,30,12/06/2004,13/07/2006,Full Time,Uttar Pradesh State Board,Saraswati Vidya Mandir Kanpur,NA,92,10th,14/02/2007,25/03/2010,Full Time,Uttar Pradesh State Board,Radha Niketan College Kanpur,Electronics & Telecommunication,93,12th,14/03/2010,18/09/2014,Full Time,NITA,Motilal Nehru National Institute of Technology Allahabad,Electronics & Telecommunication,81,BE,20/07/2015,22/01/2018,Full Time,NITIE,NITIE Mumbai,Mining Engineering,87,ME,0,29/03/2017,19/09/2018,Full Time,Junior Technical Consultant,TCS,Manufacturing,AGRA,India,,,,,,,,,English,Good,Good,Good,Hindi,Good,Good,Good,Marathi,Good,Good,Good,Guddu,Software Engineer,London,8009800998,,,Naukri.com
88995,Major,Uday,Bhan,uday.bhan@mailinator.com566,7864823665566,7894923645,13/04/1990,M,Single,PAN167694566,No,Behind Yaga Baba Hostel Baner,426194,KANPUR,India,579700,1340000,Mumbai,579000,2,1,30,12/06/2004,13/07/2006,Full Time,Uttar Pradesh State Board,Saraswati Vidya Mandir Kanpur,NA,92,10th,14/02/2007,25/03/2010,Full Time,Uttar Pradesh State Board,Radha Niketan College Kanpur,Electronics & Telecommunication,93,12th,14/03/2010,18/09/2014,Full Time,NITA,Motilal Nehru National Institute of Technology Allahabad,Electronics & Telecommunication,81,BE,20/07/2015,22/01/2018,Full Time,NITIE,NITIE Mumbai,Mining Engineering,87,ME,0,29/03/2017,19/09/2018,Full Time,Junior Technical Consultant,TCS,Manufacturing,AGRA,India,,,,,,,,,English,Good,Good,Good,Hindi,Good,Good,Good,Marathi,Good,Good,Good,Guddu,Software Engineer,London,8009800998,,,Naukri.com
88995,Major,Uday,Bhan,uday.bhan@mailinator.com567,7864823665567,7894923645,13/04/1990,M,Single,PAN167694567,No,Behind Yaga Baba Hostel Baner,426194,KANPUR,India,579700,1340000,Mumbai,579000,2,1,30,12/06/2004,13/07/2006,Full Time,Uttar Pradesh State Board,Saraswati Vidya Mandir Kanpur,NA,92,10th,14/02/2007,25/03/2010,Full Time,Uttar Pradesh State Board,Radha Niketan College Kanpur,Electronics & Telecommunication,93,12th,14/03/2010,18/09/2014,Full Time,NITA,Motilal Nehru National Institute of Technology Allahabad,Electronics & Telecommunication,81,BE,20/07/2015,22/01/2018,Full Time,NITIE,NITIE Mumbai,Mining Engineering,87,ME,0,29/03/2017,19/09/2018,Full Time,Junior Technical Consultant,TCS,Manufacturing,AGRA,India,,,,,,,,,English,Good,Good,Good,Hindi,Good,Good,Good,Marathi,Good,Good,Good,Guddu,Software Engineer,London,8009800998,,,Naukri.com
88995,Major,Uday,Bhan,uday.bhan@mailinator.com568,7864823665568,7894923645,13/04/1990,M,Single,PAN167694568,No,Behind Yaga Baba Hostel Baner,426194,KANPUR,India,579700,1340000,Mumbai,579000,2,1,30,12/06/2004,13/07/2006,Full Time,Uttar Pradesh State Board,Saraswati Vidya Mandir Kanpur,NA,92,10th,14/02/2007,25/03/2010,Full Time,Uttar Pradesh State Board,Radha Niketan College Kanpur,Electronics & Telecommunication,93,12th,14/03/2010,18/09/2014,Full Time,NITA,Motilal Nehru National Institute of Technology Allahabad,Electronics & Telecommunication,81,BE,20/07/2015,22/01/2018,Full Time,NITIE,NITIE Mumbai,Mining Engineering,87,ME,0,29/03/2017,19/09/2018,Full Time,Junior Technical Consultant,TCS,Manufacturing,AGRA,India,,,,,,,,,English,Good,Good,Good,Hindi,Good,Good,Good,Marathi,Good,Good,Good,Guddu,Software Engineer,London,8009800998,,,Naukri.com
88995,Major,Uday,Bhan,uday.bhan@mailinator.com569,7864823665569,7894923645,13/04/1990,M,Single,PAN167694569,No,Behind Yaga Baba Hostel Baner,426194,KANPUR,India,579700,1340000,Mumbai,579000,2,1,30,12/06/2004,13/07/2006,Full Time,Uttar Pradesh State Board,Saraswati Vidya Mandir Kanpur,NA,92,10th,14/02/2007,25/03/2010,Full Time,Uttar Pradesh State Board,Radha Niketan College Kanpur,Electronics & Telecommunication,93,12th,14/03/2010,18/09/2014,Full Time,NITA,Motilal Nehru National Institute of Technology Allahabad,Electronics & Telecommunication,81,BE,20/07/2015,22/01/2018,Full Time,NITIE,NITIE Mumbai,Mining Engineering,87,ME,0,29/03/2017,19/09/2018,Full Time,Junior Technical Consultant,TCS,Manufacturing,AGRA,India,,,,,,,,,English,Good,Good,Good,Hindi,Good,Good,Good,Marathi,Good,Good,Good,Guddu,Software Engineer,London,8009800998,,,Naukri.com
88995,Major,Uday,Bhan,uday.bhan@mailinator.com570,7864823665570,7894923645,13/04/1990,M,Single,PAN167694570,No,Behind Yaga Baba Hostel Baner,426194,KANPUR,India,579700,1340000,Mumbai,579000,2,1,30,12/06/2004,13/07/2006,Full Time,Uttar Pradesh State Board,Saraswati Vidya Mandir Kanpur,NA,92,10th,14/02/2007,25/03/2010,Full Time,Uttar Pradesh State Board,Radha Niketan College Kanpur,Electronics & Telecommunication,93,12th,14/03/2010,18/09/2014,Full Time,NITA,Motilal Nehru National Institute of Technology Allahabad,Electronics & Telecommunication,81,BE,20/07/2015,22/01/2018,Full Time,NITIE,NITIE Mumbai,Mining Engineering,87,ME,0,29/03/2017,19/09/2018,Full Time,Junior Technical Consultant,TCS,Manufacturing,AGRA,India,,,,,,,,,English,Good,Good,Good,Hindi,Good,Good,Good,Marathi,Good,Good,Good,Guddu,Software Engineer,London,8009800998,,,Naukri.com
88995,Major,Uday,Bhan,uday.bhan@mailinator.com571,7864823665571,7894923645,13/04/1990,M,Single,PAN167694571,No,Behind Yaga Baba Hostel Baner,426194,KANPUR,India,579700,1340000,Mumbai,579000,2,1,30,12/06/2004,13/07/2006,Full Time,Uttar Pradesh State Board,Saraswati Vidya Mandir Kanpur,NA,92,10th,14/02/2007,25/03/2010,Full Time,Uttar Pradesh State Board,Radha Niketan College Kanpur,Electronics & Telecommunication,93,12th,14/03/2010,18/09/2014,Full Time,NITA,Motilal Nehru National Institute of Technology Allahabad,Electronics & Telecommunication,81,BE,20/07/2015,22/01/2018,Full Time,NITIE,NITIE Mumbai,Mining Engineering,87,ME,0,29/03/2017,19/09/2018,Full Time,Junior Technical Consultant,TCS,Manufacturing,AGRA,India,,,,,,,,,English,Good,Good,Good,Hindi,Good,Good,Good,Marathi,Good,Good,Good,Guddu,Software Engineer,London,8009800998,,,Naukri.com
88995,Major,Uday,Bhan,uday.bhan@mailinator.com572,7864823665572,7894923645,13/04/1990,M,Single,PAN167694572,No,Behind Yaga Baba Hostel Baner,426194,KANPUR,India,579700,1340000,Mumbai,579000,2,1,30,12/06/2004,13/07/2006,Full Time,Uttar Pradesh State Board,Saraswati Vidya Mandir Kanpur,NA,92,10th,14/02/2007,25/03/2010,Full Time,Uttar Pradesh State Board,Radha Niketan College Kanpur,Electronics & Telecommunication,93,12th,14/03/2010,18/09/2014,Full Time,NITA,Motilal Nehru National Institute of Technology Allahabad,Electronics & Telecommunication,81,BE,20/07/2015,22/01/2018,Full Time,NITIE,NITIE Mumbai,Mining Engineering,87,ME,0,29/03/2017,19/09/2018,Full Time,Junior Technical Consultant,TCS,Manufacturing,AGRA,India,,,,,,,,,English,Good,Good,Good,Hindi,Good,Good,Good,Marathi,Good,Good,Good,Guddu,Software Engineer,London,8009800998,,,Naukri.com
88995,Major,Uday,Bhan,uday.bhan@mailinator.com573,7864823665573,7894923645,13/04/1990,M,Single,PAN167694573,No,Behind Yaga Baba Hostel Baner,426194,KANPUR,India,579700,1340000,Mumbai,579000,2,1,30,12/06/2004,13/07/2006,Full Time,Uttar Pradesh State Board,Saraswati Vidya Mandir Kanpur,NA,92,10th,14/02/2007,25/03/2010,Full Time,Uttar Pradesh State Board,Radha Niketan College Kanpur,Electronics & Telecommunication,93,12th,14/03/2010,18/09/2014,Full Time,NITA,Motilal Nehru National Institute of Technology Allahabad,Electronics & Telecommunication,81,BE,20/07/2015,22/01/2018,Full Time,NITIE,NITIE Mumbai,Mining Engineering,87,ME,0,29/03/2017,19/09/2018,Full Time,Junior Technical Consultant,TCS,Manufacturing,AGRA,India,,,,,,,,,English,Good,Good,Good,Hindi,Good,Good,Good,Marathi,Good,Good,Good,Guddu,Software Engineer,London,8009800998,,,Naukri.com
88995,Major,Uday,Bhan,uday.bhan@mailinator.com574,7864823665574,7894923645,13/04/1990,M,Single,PAN167694574,No,Behind Yaga Baba Hostel Baner,426194,KANPUR,India,579700,1340000,Mumbai,579000,2,1,30,12/06/2004,13/07/2006,Full Time,Uttar Pradesh State Board,Saraswati Vidya Mandir Kanpur,NA,92,10th,14/02/2007,25/03/2010,Full Time,Uttar Pradesh State Board,Radha Niketan College Kanpur,Electronics & Telecommunication,93,12th,14/03/2010,18/09/2014,Full Time,NITA,Motilal Nehru National Institute of Technology Allahabad,Electronics & Telecommunication,81,BE,20/07/2015,22/01/2018,Full Time,NITIE,NITIE Mumbai,Mining Engineering,87,ME,0,29/03/2017,19/09/2018,Full Time,Junior Technical Consultant,TCS,Manufacturing,AGRA,India,,,,,,,,,English,Good,Good,Good,Hindi,Good,Good,Good,Marathi,Good,Good,Good,Guddu,Software Engineer,London,8009800998,,,Naukri.com
88995,Major,Uday,Bhan,uday.bhan@mailinator.com575,7864823665575,7894923645,13/04/1990,M,Single,PAN167694575,No,Behind Yaga Baba Hostel Baner,426194,KANPUR,India,579700,1340000,Mumbai,579000,2,1,30,12/06/2004,13/07/2006,Full Time,Uttar Pradesh State Board,Saraswati Vidya Mandir Kanpur,NA,92,10th,14/02/2007,25/03/2010,Full Time,Uttar Pradesh State Board,Radha Niketan College Kanpur,Electronics & Telecommunication,93,12th,14/03/2010,18/09/2014,Full Time,NITA,Motilal Nehru National Institute of Technology Allahabad,Electronics & Telecommunication,81,BE,20/07/2015,22/01/2018,Full Time,NITIE,NITIE Mumbai,Mining Engineering,87,ME,0,29/03/2017,19/09/2018,Full Time,Junior Technical Consultant,TCS,Manufacturing,AGRA,India,,,,,,,,,English,Good,Good,Good,Hindi,Good,Good,Good,Marathi,Good,Good,Good,Guddu,Software Engineer,London,8009800998,,,Naukri.com
88995,Major,Uday,Bhan,uday.bhan@mailinator.com576,7864823665576,7894923645,13/04/1990,M,Single,PAN167694576,No,Behind Yaga Baba Hostel Baner,426194,KANPUR,India,579700,1340000,Mumbai,579000,2,1,30,12/06/2004,13/07/2006,Full Time,Uttar Pradesh State Board,Saraswati Vidya Mandir Kanpur,NA,92,10th,14/02/2007,25/03/2010,Full Time,Uttar Pradesh State Board,Radha Niketan College Kanpur,Electronics & Telecommunication,93,12th,14/03/2010,18/09/2014,Full Time,NITA,Motilal Nehru National Institute of Technology Allahabad,Electronics & Telecommunication,81,BE,20/07/2015,22/01/2018,Full Time,NITIE,NITIE Mumbai,Mining Engineering,87,ME,0,29/03/2017,19/09/2018,Full Time,Junior Technical Consultant,TCS,Manufacturing,AGRA,India,,,,,,,,,English,Good,Good,Good,Hindi,Good,Good,Good,Marathi,Good,Good,Good,Guddu,Software Engineer,London,8009800998,,,Naukri.com
88995,Major,Uday,Bhan,uday.bhan@mailinator.com577,7864823665577,7894923645,13/04/1990,M,Single,PAN167694577,No,Behind Yaga Baba Hostel Baner,426194,KANPUR,India,579700,1340000,Mumbai,579000,2,1,30,12/06/2004,13/07/2006,Full Time,Uttar Pradesh State Board,Saraswati Vidya Mandir Kanpur,NA,92,10th,14/02/2007,25/03/2010,Full Time,Uttar Pradesh State Board,Radha Niketan College Kanpur,Electronics & Telecommunication,93,12th,14/03/2010,18/09/2014,Full Time,NITA,Motilal Nehru National Institute of Technology Allahabad,Electronics & Telecommunication,81,BE,20/07/2015,22/01/2018,Full Time,NITIE,NITIE Mumbai,Mining Engineering,87,ME,0,29/03/2017,19/09/2018,Full Time,Junior Technical Consultant,TCS,Manufacturing,AGRA,India,,,,,,,,,English,Good,Good,Good,Hindi,Good,Good,Good,Marathi,Good,Good,Good,Guddu,Software Engineer,London,8009800998,,,Naukri.com
88995,Major,Uday,Bhan,uday.bhan@mailinator.com578,7864823665578,7894923645,13/04/1990,M,Single,PAN167694578,No,Behind Yaga Baba Hostel Baner,426194,KANPUR,India,579700,1340000,Mumbai,579000,2,1,30,12/06/2004,13/07/2006,Full Time,Uttar Pradesh State Board,Saraswati Vidya Mandir Kanpur,NA,92,10th,14/02/2007,25/03/2010,Full Time,Uttar Pradesh State Board,Radha Niketan College Kanpur,Electronics & Telecommunication,93,12th,14/03/2010,18/09/2014,Full Time,NITA,Motilal Nehru National Institute of Technology Allahabad,Electronics & Telecommunication,81,BE,20/07/2015,22/01/2018,Full Time,NITIE,NITIE Mumbai,Mining Engineering,87,ME,0,29/03/2017,19/09/2018,Full Time,Junior Technical Consultant,TCS,Manufacturing,AGRA,India,,,,,,,,,English,Good,Good,Good,Hindi,Good,Good,Good,Marathi,Good,Good,Good,Guddu,Software Engineer,London,8009800998,,,Naukri.com
88995,Major,Uday,Bhan,uday.bhan@mailinator.com579,7864823665579,7894923645,13/04/1990,M,Single,PAN167694579,No,Behind Yaga Baba Hostel Baner,426194,KANPUR,India,579700,1340000,Mumbai,579000,2,1,30,12/06/2004,13/07/2006,Full Time,Uttar Pradesh State Board,Saraswati Vidya Mandir Kanpur,NA,92,10th,14/02/2007,25/03/2010,Full Time,Uttar Pradesh State Board,Radha Niketan College Kanpur,Electronics & Telecommunication,93,12th,14/03/2010,18/09/2014,Full Time,NITA,Motilal Nehru National Institute of Technology Allahabad,Electronics & Telecommunication,81,BE,20/07/2015,22/01/2018,Full Time,NITIE,NITIE Mumbai,Mining Engineering,87,ME,0,29/03/2017,19/09/2018,Full Time,Junior Technical Consultant,TCS,Manufacturing,AGRA,India,,,,,,,,,English,Good,Good,Good,Hindi,Good,Good,Good,Marathi,Good,Good,Good,Guddu,Software Engineer,London,8009800998,,,Naukri.com
88995,Major,Uday,Bhan,uday.bhan@mailinator.com580,7864823665580,7894923645,13/04/1990,M,Single,PAN167694580,No,Behind Yaga Baba Hostel Baner,426194,KANPUR,India,579700,1340000,Mumbai,579000,2,1,30,12/06/2004,13/07/2006,Full Time,Uttar Pradesh State Board,Saraswati Vidya Mandir Kanpur,NA,92,10th,14/02/2007,25/03/2010,Full Time,Uttar Pradesh State Board,Radha Niketan College Kanpur,Electronics & Telecommunication,93,12th,14/03/2010,18/09/2014,Full Time,NITA,Motilal Nehru National Institute of Technology Allahabad,Electronics & Telecommunication,81,BE,20/07/2015,22/01/2018,Full Time,NITIE,NITIE Mumbai,Mining Engineering,87,ME,0,29/03/2017,19/09/2018,Full Time,Junior Technical Consultant,TCS,Manufacturing,AGRA,India,,,,,,,,,English,Good,Good,Good,Hindi,Good,Good,Good,Marathi,Good,Good,Good,Guddu,Software Engineer,London,8009800998,,,Naukri.com
88995,Major,Uday,Bhan,uday.bhan@mailinator.com581,7864823665581,7894923645,13/04/1990,M,Single,PAN167694581,No,Behind Yaga Baba Hostel Baner,426194,KANPUR,India,579700,1340000,Mumbai,579000,2,1,30,12/06/2004,13/07/2006,Full Time,Uttar Pradesh State Board,Saraswati Vidya Mandir Kanpur,NA,92,10th,14/02/2007,25/03/2010,Full Time,Uttar Pradesh State Board,Radha Niketan College Kanpur,Electronics & Telecommunication,93,12th,14/03/2010,18/09/2014,Full Time,NITA,Motilal Nehru National Institute of Technology Allahabad,Electronics & Telecommunication,81,BE,20/07/2015,22/01/2018,Full Time,NITIE,NITIE Mumbai,Mining Engineering,87,ME,0,29/03/2017,19/09/2018,Full Time,Junior Technical Consultant,TCS,Manufacturing,AGRA,India,,,,,,,,,English,Good,Good,Good,Hindi,Good,Good,Good,Marathi,Good,Good,Good,Guddu,Software Engineer,London,8009800998,,,Naukri.com
88995,Major,Uday,Bhan,uday.bhan@mailinator.com582,7864823665582,7894923645,13/04/1990,M,Single,PAN167694582,No,Behind Yaga Baba Hostel Baner,426194,KANPUR,India,579700,1340000,Mumbai,579000,2,1,30,12/06/2004,13/07/2006,Full Time,Uttar Pradesh State Board,Saraswati Vidya Mandir Kanpur,NA,92,10th,14/02/2007,25/03/2010,Full Time,Uttar Pradesh State Board,Radha Niketan College Kanpur,Electronics & Telecommunication,93,12th,14/03/2010,18/09/2014,Full Time,NITA,Motilal Nehru National Institute of Technology Allahabad,Electronics & Telecommunication,81,BE,20/07/2015,22/01/2018,Full Time,NITIE,NITIE Mumbai,Mining Engineering,87,ME,0,29/03/2017,19/09/2018,Full Time,Junior Technical Consultant,TCS,Manufacturing,AGRA,India,,,,,,,,,English,Good,Good,Good,Hindi,Good,Good,Good,Marathi,Good,Good,Good,Guddu,Software Engineer,London,8009800998,,,Naukri.com
88995,Major,Uday,Bhan,uday.bhan@mailinator.com583,7864823665583,7894923645,13/04/1990,M,Single,PAN167694583,No,Behind Yaga Baba Hostel Baner,426194,KANPUR,India,579700,1340000,Mumbai,579000,2,1,30,12/06/2004,13/07/2006,Full Time,Uttar Pradesh State Board,Saraswati Vidya Mandir Kanpur,NA,92,10th,14/02/2007,25/03/2010,Full Time,Uttar Pradesh State Board,Radha Niketan College Kanpur,Electronics & Telecommunication,93,12th,14/03/2010,18/09/2014,Full Time,NITA,Motilal Nehru National Institute of Technology Allahabad,Electronics & Telecommunication,81,BE,20/07/2015,22/01/2018,Full Time,NITIE,NITIE Mumbai,Mining Engineering,87,ME,0,29/03/2017,19/09/2018,Full Time,Junior Technical Consultant,TCS,Manufacturing,AGRA,India,,,,,,,,,English,Good,Good,Good,Hindi,Good,Good,Good,Marathi,Good,Good,Good,Guddu,Software Engineer,London,8009800998,,,Naukri.com
88995,Major,Uday,Bhan,uday.bhan@mailinator.com584,7864823665584,7894923645,13/04/1990,M,Single,PAN167694584,No,Behind Yaga Baba Hostel Baner,426194,KANPUR,India,579700,1340000,Mumbai,579000,2,1,30,12/06/2004,13/07/2006,Full Time,Uttar Pradesh State Board,Saraswati Vidya Mandir Kanpur,NA,92,10th,14/02/2007,25/03/2010,Full Time,Uttar Pradesh State Board,Radha Niketan College Kanpur,Electronics & Telecommunication,93,12th,14/03/2010,18/09/2014,Full Time,NITA,Motilal Nehru National Institute of Technology Allahabad,Electronics & Telecommunication,81,BE,20/07/2015,22/01/2018,Full Time,NITIE,NITIE Mumbai,Mining Engineering,87,ME,0,29/03/2017,19/09/2018,Full Time,Junior Technical Consultant,TCS,Manufacturing,AGRA,India,,,,,,,,,English,Good,Good,Good,Hindi,Good,Good,Good,Marathi,Good,Good,Good,Guddu,Software Engineer,London,8009800998,,,Naukri.com
88995,Major,Uday,Bhan,uday.bhan@mailinator.com585,7864823665585,7894923645,13/04/1990,M,Single,PAN167694585,No,Behind Yaga Baba Hostel Baner,426194,KANPUR,India,579700,1340000,Mumbai,579000,2,1,30,12/06/2004,13/07/2006,Full Time,Uttar Pradesh State Board,Saraswati Vidya Mandir Kanpur,NA,92,10th,14/02/2007,25/03/2010,Full Time,Uttar Pradesh State Board,Radha Niketan College Kanpur,Electronics & Telecommunication,93,12th,14/03/2010,18/09/2014,Full Time,NITA,Motilal Nehru National Institute of Technology Allahabad,Electronics & Telecommunication,81,BE,20/07/2015,22/01/2018,Full Time,NITIE,NITIE Mumbai,Mining Engineering,87,ME,0,29/03/2017,19/09/2018,Full Time,Junior Technical Consultant,TCS,Manufacturing,AGRA,India,,,,,,,,,English,Good,Good,Good,Hindi,Good,Good,Good,Marathi,Good,Good,Good,Guddu,Software Engineer,London,8009800998,,,Naukri.com
88995,Major,Uday,Bhan,uday.bhan@mailinator.com586,7864823665586,7894923645,13/04/1990,M,Single,PAN167694586,No,Behind Yaga Baba Hostel Baner,426194,KANPUR,India,579700,1340000,Mumbai,579000,2,1,30,12/06/2004,13/07/2006,Full Time,Uttar Pradesh State Board,Saraswati Vidya Mandir Kanpur,NA,92,10th,14/02/2007,25/03/2010,Full Time,Uttar Pradesh State Board,Radha Niketan College Kanpur,Electronics & Telecommunication,93,12th,14/03/2010,18/09/2014,Full Time,NITA,Motilal Nehru National Institute of Technology Allahabad,Electronics & Telecommunication,81,BE,20/07/2015,22/01/2018,Full Time,NITIE,NITIE Mumbai,Mining Engineering,87,ME,0,29/03/2017,19/09/2018,Full Time,Junior Technical Consultant,TCS,Manufacturing,AGRA,India,,,,,,,,,English,Good,Good,Good,Hindi,Good,Good,Good,Marathi,Good,Good,Good,Guddu,Software Engineer,London,8009800998,,,Naukri.com
88995,Major,Uday,Bhan,uday.bhan@mailinator.com587,7864823665587,7894923645,13/04/1990,M,Single,PAN167694587,No,Behind Yaga Baba Hostel Baner,426194,KANPUR,India,579700,1340000,Mumbai,579000,2,1,30,12/06/2004,13/07/2006,Full Time,Uttar Pradesh State Board,Saraswati Vidya Mandir Kanpur,NA,92,10th,14/02/2007,25/03/2010,Full Time,Uttar Pradesh State Board,Radha Niketan College Kanpur,Electronics & Telecommunication,93,12th,14/03/2010,18/09/2014,Full Time,NITA,Motilal Nehru National Institute of Technology Allahabad,Electronics & Telecommunication,81,BE,20/07/2015,22/01/2018,Full Time,NITIE,NITIE Mumbai,Mining Engineering,87,ME,0,29/03/2017,19/09/2018,Full Time,Junior Technical Consultant,TCS,Manufacturing,AGRA,India,,,,,,,,,English,Good,Good,Good,Hindi,Good,Good,Good,Marathi,Good,Good,Good,Guddu,Software Engineer,London,8009800998,,,Naukri.com
88995,Major,Uday,Bhan,uday.bhan@mailinator.com588,7864823665588,7894923645,13/04/1990,M,Single,PAN167694588,No,Behind Yaga Baba Hostel Baner,426194,KANPUR,India,579700,1340000,Mumbai,579000,2,1,30,12/06/2004,13/07/2006,Full Time,Uttar Pradesh State Board,Saraswati Vidya Mandir Kanpur,NA,92,10th,14/02/2007,25/03/2010,Full Time,Uttar Pradesh State Board,Radha Niketan College Kanpur,Electronics & Telecommunication,93,12th,14/03/2010,18/09/2014,Full Time,NITA,Motilal Nehru National Institute of Technology Allahabad,Electronics & Telecommunication,81,BE,20/07/2015,22/01/2018,Full Time,NITIE,NITIE Mumbai,Mining Engineering,87,ME,0,29/03/2017,19/09/2018,Full Time,Junior Technical Consultant,TCS,Manufacturing,AGRA,India,,,,,,,,,English,Good,Good,Good,Hindi,Good,Good,Good,Marathi,Good,Good,Good,Guddu,Software Engineer,London,8009800998,,,Naukri.com
88995,Major,Uday,Bhan,uday.bhan@mailinator.com589,7864823665589,7894923645,13/04/1990,M,Single,PAN167694589,No,Behind Yaga Baba Hostel Baner,426194,KANPUR,India,579700,1340000,Mumbai,579000,2,1,30,12/06/2004,13/07/2006,Full Time,Uttar Pradesh State Board,Saraswati Vidya Mandir Kanpur,NA,92,10th,14/02/2007,25/03/2010,Full Time,Uttar Pradesh State Board,Radha Niketan College Kanpur,Electronics & Telecommunication,93,12th,14/03/2010,18/09/2014,Full Time,NITA,Motilal Nehru National Institute of Technology Allahabad,Electronics & Telecommunication,81,BE,20/07/2015,22/01/2018,Full Time,NITIE,NITIE Mumbai,Mining Engineering,87,ME,0,29/03/2017,19/09/2018,Full Time,Junior Technical Consultant,TCS,Manufacturing,AGRA,India,,,,,,,,,English,Good,Good,Good,Hindi,Good,Good,Good,Marathi,Good,Good,Good,Guddu,Software Engineer,London,8009800998,,,Naukri.com
88995,Major,Uday,Bhan,uday.bhan@mailinator.com590,7864823665590,7894923645,13/04/1990,M,Single,PAN167694590,No,Behind Yaga Baba Hostel Baner,426194,KANPUR,India,579700,1340000,Mumbai,579000,2,1,30,12/06/2004,13/07/2006,Full Time,Uttar Pradesh State Board,Saraswati Vidya Mandir Kanpur,NA,92,10th,14/02/2007,25/03/2010,Full Time,Uttar Pradesh State Board,Radha Niketan College Kanpur,Electronics & Telecommunication,93,12th,14/03/2010,18/09/2014,Full Time,NITA,Motilal Nehru National Institute of Technology Allahabad,Electronics & Telecommunication,81,BE,20/07/2015,22/01/2018,Full Time,NITIE,NITIE Mumbai,Mining Engineering,87,ME,0,29/03/2017,19/09/2018,Full Time,Junior Technical Consultant,TCS,Manufacturing,AGRA,India,,,,,,,,,English,Good,Good,Good,Hindi,Good,Good,Good,Marathi,Good,Good,Good,Guddu,Software Engineer,London,8009800998,,,Naukri.com
88995,Major,Uday,Bhan,uday.bhan@mailinator.com591,7864823665591,7894923645,13/04/1990,M,Single,PAN167694591,No,Behind Yaga Baba Hostel Baner,426194,KANPUR,India,579700,1340000,Mumbai,579000,2,1,30,12/06/2004,13/07/2006,Full Time,Uttar Pradesh State Board,Saraswati Vidya Mandir Kanpur,NA,92,10th,14/02/2007,25/03/2010,Full Time,Uttar Pradesh State Board,Radha Niketan College Kanpur,Electronics & Telecommunication,93,12th,14/03/2010,18/09/2014,Full Time,NITA,Motilal Nehru National Institute of Technology Allahabad,Electronics & Telecommunication,81,BE,20/07/2015,22/01/2018,Full Time,NITIE,NITIE Mumbai,Mining Engineering,87,ME,0,29/03/2017,19/09/2018,Full Time,Junior Technical Consultant,TCS,Manufacturing,AGRA,India,,,,,,,,,English,Good,Good,Good,Hindi,Good,Good,Good,Marathi,Good,Good,Good,Guddu,Software Engineer,London,8009800998,,,Naukri.com
88995,Major,Uday,Bhan,uday.bhan@mailinator.com592,7864823665592,7894923645,13/04/1990,M,Single,PAN167694592,No,Behind Yaga Baba Hostel Baner,426194,KANPUR,India,579700,1340000,Mumbai,579000,2,1,30,12/06/2004,13/07/2006,Full Time,Uttar Pradesh State Board,Saraswati Vidya Mandir Kanpur,NA,92,10th,14/02/2007,25/03/2010,Full Time,Uttar Pradesh State Board,Radha Niketan College Kanpur,Electronics & Telecommunication,93,12th,14/03/2010,18/09/2014,Full Time,NITA,Motilal Nehru National Institute of Technology Allahabad,Electronics & Telecommunication,81,BE,20/07/2015,22/01/2018,Full Time,NITIE,NITIE Mumbai,Mining Engineering,87,ME,0,29/03/2017,19/09/2018,Full Time,Junior Technical Consultant,TCS,Manufacturing,AGRA,India,,,,,,,,,English,Good,Good,Good,Hindi,Good,Good,Good,Marathi,Good,Good,Good,Guddu,Software Engineer,London,8009800998,,,Naukri.com
88995,Major,Uday,Bhan,uday.bhan@mailinator.com593,7864823665593,7894923645,13/04/1990,M,Single,PAN167694593,No,Behind Yaga Baba Hostel Baner,426194,KANPUR,India,579700,1340000,Mumbai,579000,2,1,30,12/06/2004,13/07/2006,Full Time,Uttar Pradesh State Board,Saraswati Vidya Mandir Kanpur,NA,92,10th,14/02/2007,25/03/2010,Full Time,Uttar Pradesh State Board,Radha Niketan College Kanpur,Electronics & Telecommunication,93,12th,14/03/2010,18/09/2014,Full Time,NITA,Motilal Nehru National Institute of Technology Allahabad,Electronics & Telecommunication,81,BE,20/07/2015,22/01/2018,Full Time,NITIE,NITIE Mumbai,Mining Engineering,87,ME,0,29/03/2017,19/09/2018,Full Time,Junior Technical Consultant,TCS,Manufacturing,AGRA,India,,,,,,,,,English,Good,Good,Good,Hindi,Good,Good,Good,Marathi,Good,Good,Good,Guddu,Software Engineer,London,8009800998,,,Naukri.com
88995,Major,Uday,Bhan,uday.bhan@mailinator.com594,7864823665594,7894923645,13/04/1990,M,Single,PAN167694594,No,Behind Yaga Baba Hostel Baner,426194,KANPUR,India,579700,1340000,Mumbai,579000,2,1,30,12/06/2004,13/07/2006,Full Time,Uttar Pradesh State Board,Saraswati Vidya Mandir Kanpur,NA,92,10th,14/02/2007,25/03/2010,Full Time,Uttar Pradesh State Board,Radha Niketan College Kanpur,Electronics & Telecommunication,93,12th,14/03/2010,18/09/2014,Full Time,NITA,Motilal Nehru National Institute of Technology Allahabad,Electronics & Telecommunication,81,BE,20/07/2015,22/01/2018,Full Time,NITIE,NITIE Mumbai,Mining Engineering,87,ME,0,29/03/2017,19/09/2018,Full Time,Junior Technical Consultant,TCS,Manufacturing,AGRA,India,,,,,,,,,English,Good,Good,Good,Hindi,Good,Good,Good,Marathi,Good,Good,Good,Guddu,Software Engineer,London,8009800998,,,Naukri.com
88995,Major,Uday,Bhan,uday.bhan@mailinator.com595,7864823665595,7894923645,13/04/1990,M,Single,PAN167694595,No,Behind Yaga Baba Hostel Baner,426194,KANPUR,India,579700,1340000,Mumbai,579000,2,1,30,12/06/2004,13/07/2006,Full Time,Uttar Pradesh State Board,Saraswati Vidya Mandir Kanpur,NA,92,10th,14/02/2007,25/03/2010,Full Time,Uttar Pradesh State Board,Radha Niketan College Kanpur,Electronics & Telecommunication,93,12th,14/03/2010,18/09/2014,Full Time,NITA,Motilal Nehru National Institute of Technology Allahabad,Electronics & Telecommunication,81,BE,20/07/2015,22/01/2018,Full Time,NITIE,NITIE Mumbai,Mining Engineering,87,ME,0,29/03/2017,19/09/2018,Full Time,Junior Technical Consultant,TCS,Manufacturing,AGRA,India,,,,,,,,,English,Good,Good,Good,Hindi,Good,Good,Good,Marathi,Good,Good,Good,Guddu,Software Engineer,London,8009800998,,,Naukri.com
88995,Major,Uday,Bhan,uday.bhan@mailinator.com596,7864823665596,7894923645,13/04/1990,M,Single,PAN167694596,No,Behind Yaga Baba Hostel Baner,426194,KANPUR,India,579700,1340000,Mumbai,579000,2,1,30,12/06/2004,13/07/2006,Full Time,Uttar Pradesh State Board,Saraswati Vidya Mandir Kanpur,NA,92,10th,14/02/2007,25/03/2010,Full Time,Uttar Pradesh State Board,Radha Niketan College Kanpur,Electronics & Telecommunication,93,12th,14/03/2010,18/09/2014,Full Time,NITA,Motilal Nehru National Institute of Technology Allahabad,Electronics & Telecommunication,81,BE,20/07/2015,22/01/2018,Full Time,NITIE,NITIE Mumbai,Mining Engineering,87,ME,0,29/03/2017,19/09/2018,Full Time,Junior Technical Consultant,TCS,Manufacturing,AGRA,India,,,,,,,,,English,Good,Good,Good,Hindi,Good,Good,Good,Marathi,Good,Good,Good,Guddu,Software Engineer,London,8009800998,,,Naukri.com
88995,Major,Uday,Bhan,uday.bhan@mailinator.com597,7864823665597,7894923645,13/04/1990,M,Single,PAN167694597,No,Behind Yaga Baba Hostel Baner,426194,KANPUR,India,579700,1340000,Mumbai,579000,2,1,30,12/06/2004,13/07/2006,Full Time,Uttar Pradesh State Board,Saraswati Vidya Mandir Kanpur,NA,92,10th,14/02/2007,25/03/2010,Full Time,Uttar Pradesh State Board,Radha Niketan College Kanpur,Electronics & Telecommunication,93,12th,14/03/2010,18/09/2014,Full Time,NITA,Motilal Nehru National Institute of Technology Allahabad,Electronics & Telecommunication,81,BE,20/07/2015,22/01/2018,Full Time,NITIE,NITIE Mumbai,Mining Engineering,87,ME,0,29/03/2017,19/09/2018,Full Time,Junior Technical Consultant,TCS,Manufacturing,AGRA,India,,,,,,,,,English,Good,Good,Good,Hindi,Good,Good,Good,Marathi,Good,Good,Good,Guddu,Software Engineer,London,8009800998,,,Naukri.com
88995,Major,Uday,Bhan,uday.bhan@mailinator.com598,7864823665598,7894923645,13/04/1990,M,Single,PAN167694598,No,Behind Yaga Baba Hostel Baner,426194,KANPUR,India,579700,1340000,Mumbai,579000,2,1,30,12/06/2004,13/07/2006,Full Time,Uttar Pradesh State Board,Saraswati Vidya Mandir Kanpur,NA,92,10th,14/02/2007,25/03/2010,Full Time,Uttar Pradesh State Board,Radha Niketan College Kanpur,Electronics & Telecommunication,93,12th,14/03/2010,18/09/2014,Full Time,NITA,Motilal Nehru National Institute of Technology Allahabad,Electronics & Telecommunication,81,BE,20/07/2015,22/01/2018,Full Time,NITIE,NITIE Mumbai,Mining Engineering,87,ME,0,29/03/2017,19/09/2018,Full Time,Junior Technical Consultant,TCS,Manufacturing,AGRA,India,,,,,,,,,English,Good,Good,Good,Hindi,Good,Good,Good,Marathi,Good,Good,Good,Guddu,Software Engineer,London,8009800998,,,Naukri.com
88995,Major,Uday,Bhan,uday.bhan@mailinator.com599,7864823665599,7894923645,13/04/1990,M,Single,PAN167694599,No,Behind Yaga Baba Hostel Baner,426194,KANPUR,India,579700,1340000,Mumbai,579000,2,1,30,12/06/2004,13/07/2006,Full Time,Uttar Pradesh State Board,Saraswati Vidya Mandir Kanpur,NA,92,10th,14/02/2007,25/03/2010,Full Time,Uttar Pradesh State Board,Radha Niketan College Kanpur,Electronics & Telecommunication,93,12th,14/03/2010,18/09/2014,Full Time,NITA,Motilal Nehru National Institute of Technology Allahabad,Electronics & Telecommunication,81,BE,20/07/2015,22/01/2018,Full Time,NITIE,NITIE Mumbai,Mining Engineering,87,ME,0,29/03/2017,19/09/2018,Full Time,Junior Technical Consultant,TCS,Manufacturing,AGRA,India,,,,,,,,,English,Good,Good,Good,Hindi,Good,Good,Good,Marathi,Good,Good,Good,Guddu,Software Engineer,London,8009800998,,,Naukri.com
88995,Major,Uday,Bhan,uday.bhan@mailinator.com600,7864823665600,7894923645,13/04/1990,M,Single,PAN167694600,No,Behind Yaga Baba Hostel Baner,426194,KANPUR,India,579700,1340000,Mumbai,579000,2,1,30,12/06/2004,13/07/2006,Full Time,Uttar Pradesh State Board,Saraswati Vidya Mandir Kanpur,NA,92,10th,14/02/2007,25/03/2010,Full Time,Uttar Pradesh State Board,Radha Niketan College Kanpur,Electronics & Telecommunication,93,12th,14/03/2010,18/09/2014,Full Time,NITA,Motilal Nehru National Institute of Technology Allahabad,Electronics & Telecommunication,81,BE,20/07/2015,22/01/2018,Full Time,NITIE,NITIE Mumbai,Mining Engineering,87,ME,0,29/03/2017,19/09/2018,Full Time,Junior Technical Consultant,TCS,Manufacturing,AGRA,India,,,,,,,,,English,Good,Good,Good,Hindi,Good,Good,Good,Marathi,Good,Good,Good,Guddu,Software Engineer,London,8009800998,,,Naukri.com
88995,Major,Uday,Bhan,uday.bhan@mailinator.com601,7864823665601,7894923645,13/04/1990,M,Single,PAN167694601,No,Behind Yaga Baba Hostel Baner,426194,KANPUR,India,579700,1340000,Mumbai,579000,2,1,30,12/06/2004,13/07/2006,Full Time,Uttar Pradesh State Board,Saraswati Vidya Mandir Kanpur,NA,92,10th,14/02/2007,25/03/2010,Full Time,Uttar Pradesh State Board,Radha Niketan College Kanpur,Electronics & Telecommunication,93,12th,14/03/2010,18/09/2014,Full Time,NITA,Motilal Nehru National Institute of Technology Allahabad,Electronics & Telecommunication,81,BE,20/07/2015,22/01/2018,Full Time,NITIE,NITIE Mumbai,Mining Engineering,87,ME,0,29/03/2017,19/09/2018,Full Time,Junior Technical Consultant,TCS,Manufacturing,AGRA,India,,,,,,,,,English,Good,Good,Good,Hindi,Good,Good,Good,Marathi,Good,Good,Good,Guddu,Software Engineer,London,8009800998,,,Naukri.com
88995,Major,Uday,Bhan,uday.bhan@mailinator.com602,7864823665602,7894923645,13/04/1990,M,Single,PAN167694602,No,Behind Yaga Baba Hostel Baner,426194,KANPUR,India,579700,1340000,Mumbai,579000,2,1,30,12/06/2004,13/07/2006,Full Time,Uttar Pradesh State Board,Saraswati Vidya Mandir Kanpur,NA,92,10th,14/02/2007,25/03/2010,Full Time,Uttar Pradesh State Board,Radha Niketan College Kanpur,Electronics & Telecommunication,93,12th,14/03/2010,18/09/2014,Full Time,NITA,Motilal Nehru National Institute of Technology Allahabad,Electronics & Telecommunication,81,BE,20/07/2015,22/01/2018,Full Time,NITIE,NITIE Mumbai,Mining Engineering,87,ME,0,29/03/2017,19/09/2018,Full Time,Junior Technical Consultant,TCS,Manufacturing,AGRA,India,,,,,,,,,English,Good,Good,Good,Hindi,Good,Good,Good,Marathi,Good,Good,Good,Guddu,Software Engineer,London,8009800998,,,Naukri.com
88995,Major,Uday,Bhan,uday.bhan@mailinator.com603,7864823665603,7894923645,13/04/1990,M,Single,PAN167694603,No,Behind Yaga Baba Hostel Baner,426194,KANPUR,India,579700,1340000,Mumbai,579000,2,1,30,12/06/2004,13/07/2006,Full Time,Uttar Pradesh State Board,Saraswati Vidya Mandir Kanpur,NA,92,10th,14/02/2007,25/03/2010,Full Time,Uttar Pradesh State Board,Radha Niketan College Kanpur,Electronics & Telecommunication,93,12th,14/03/2010,18/09/2014,Full Time,NITA,Motilal Nehru National Institute of Technology Allahabad,Electronics & Telecommunication,81,BE,20/07/2015,22/01/2018,Full Time,NITIE,NITIE Mumbai,Mining Engineering,87,ME,0,29/03/2017,19/09/2018,Full Time,Junior Technical Consultant,TCS,Manufacturing,AGRA,India,,,,,,,,,English,Good,Good,Good,Hindi,Good,Good,Good,Marathi,Good,Good,Good,Guddu,Software Engineer,London,8009800998,,,Naukri.com
88995,Major,Uday,Bhan,uday.bhan@mailinator.com604,7864823665604,7894923645,13/04/1990,M,Single,PAN167694604,No,Behind Yaga Baba Hostel Baner,426194,KANPUR,India,579700,1340000,Mumbai,579000,2,1,30,12/06/2004,13/07/2006,Full Time,Uttar Pradesh State Board,Saraswati Vidya Mandir Kanpur,NA,92,10th,14/02/2007,25/03/2010,Full Time,Uttar Pradesh State Board,Radha Niketan College Kanpur,Electronics & Telecommunication,93,12th,14/03/2010,18/09/2014,Full Time,NITA,Motilal Nehru National Institute of Technology Allahabad,Electronics & Telecommunication,81,BE,20/07/2015,22/01/2018,Full Time,NITIE,NITIE Mumbai,Mining Engineering,87,ME,0,29/03/2017,19/09/2018,Full Time,Junior Technical Consultant,TCS,Manufacturing,AGRA,India,,,,,,,,,English,Good,Good,Good,Hindi,Good,Good,Good,Marathi,Good,Good,Good,Guddu,Software Engineer,London,8009800998,,,Naukri.com
88995,Major,Uday,Bhan,uday.bhan@mailinator.com605,7864823665605,7894923645,13/04/1990,M,Single,PAN167694605,No,Behind Yaga Baba Hostel Baner,426194,KANPUR,India,579700,1340000,Mumbai,579000,2,1,30,12/06/2004,13/07/2006,Full Time,Uttar Pradesh State Board,Saraswati Vidya Mandir Kanpur,NA,92,10th,14/02/2007,25/03/2010,Full Time,Uttar Pradesh State Board,Radha Niketan College Kanpur,Electronics & Telecommunication,93,12th,14/03/2010,18/09/2014,Full Time,NITA,Motilal Nehru National Institute of Technology Allahabad,Electronics & Telecommunication,81,BE,20/07/2015,22/01/2018,Full Time,NITIE,NITIE Mumbai,Mining Engineering,87,ME,0,29/03/2017,19/09/2018,Full Time,Junior Technical Consultant,TCS,Manufacturing,AGRA,India,,,,,,,,,English,Good,Good,Good,Hindi,Good,Good,Good,Marathi,Good,Good,Good,Guddu,Software Engineer,London,8009800998,,,Naukri.com
88995,Major,Uday,Bhan,uday.bhan@mailinator.com606,7864823665606,7894923645,13/04/1990,M,Single,PAN167694606,No,Behind Yaga Baba Hostel Baner,426194,KANPUR,India,579700,1340000,Mumbai,579000,2,1,30,12/06/2004,13/07/2006,Full Time,Uttar Pradesh State Board,Saraswati Vidya Mandir Kanpur,NA,92,10th,14/02/2007,25/03/2010,Full Time,Uttar Pradesh State Board,Radha Niketan College Kanpur,Electronics & Telecommunication,93,12th,14/03/2010,18/09/2014,Full Time,NITA,Motilal Nehru National Institute of Technology Allahabad,Electronics & Telecommunication,81,BE,20/07/2015,22/01/2018,Full Time,NITIE,NITIE Mumbai,Mining Engineering,87,ME,0,29/03/2017,19/09/2018,Full Time,Junior Technical Consultant,TCS,Manufacturing,AGRA,India,,,,,,,,,English,Good,Good,Good,Hindi,Good,Good,Good,Marathi,Good,Good,Good,Guddu,Software Engineer,London,8009800998,,,Naukri.com
88995,Major,Uday,Bhan,uday.bhan@mailinator.com607,7864823665607,7894923645,13/04/1990,M,Single,PAN167694607,No,Behind Yaga Baba Hostel Baner,426194,KANPUR,India,579700,1340000,Mumbai,579000,2,1,30,12/06/2004,13/07/2006,Full Time,Uttar Pradesh State Board,Saraswati Vidya Mandir Kanpur,NA,92,10th,14/02/2007,25/03/2010,Full Time,Uttar Pradesh State Board,Radha Niketan College Kanpur,Electronics & Telecommunication,93,12th,14/03/2010,18/09/2014,Full Time,NITA,Motilal Nehru National Institute of Technology Allahabad,Electronics & Telecommunication,81,BE,20/07/2015,22/01/2018,Full Time,NITIE,NITIE Mumbai,Mining Engineering,87,ME,0,29/03/2017,19/09/2018,Full Time,Junior Technical Consultant,TCS,Manufacturing,AGRA,India,,,,,,,,,English,Good,Good,Good,Hindi,Good,Good,Good,Marathi,Good,Good,Good,Guddu,Software Engineer,London,8009800998,,,Naukri.com
88995,Major,Uday,Bhan,uday.bhan@mailinator.com608,7864823665608,7894923645,13/04/1990,M,Single,PAN167694608,No,Behind Yaga Baba Hostel Baner,426194,KANPUR,India,579700,1340000,Mumbai,579000,2,1,30,12/06/2004,13/07/2006,Full Time,Uttar Pradesh State Board,Saraswati Vidya Mandir Kanpur,NA,92,10th,14/02/2007,25/03/2010,Full Time,Uttar Pradesh State Board,Radha Niketan College Kanpur,Electronics & Telecommunication,93,12th,14/03/2010,18/09/2014,Full Time,NITA,Motilal Nehru National Institute of Technology Allahabad,Electronics & Telecommunication,81,BE,20/07/2015,22/01/2018,Full Time,NITIE,NITIE Mumbai,Mining Engineering,87,ME,0,29/03/2017,19/09/2018,Full Time,Junior Technical Consultant,TCS,Manufacturing,AGRA,India,,,,,,,,,English,Good,Good,Good,Hindi,Good,Good,Good,Marathi,Good,Good,Good,Guddu,Software Engineer,London,8009800998,,,Naukri.com
88995,Major,Uday,Bhan,uday.bhan@mailinator.com609,7864823665609,7894923645,13/04/1990,M,Single,PAN167694609,No,Behind Yaga Baba Hostel Baner,426194,KANPUR,India,579700,1340000,Mumbai,579000,2,1,30,12/06/2004,13/07/2006,Full Time,Uttar Pradesh State Board,Saraswati Vidya Mandir Kanpur,NA,92,10th,14/02/2007,25/03/2010,Full Time,Uttar Pradesh State Board,Radha Niketan College Kanpur,Electronics & Telecommunication,93,12th,14/03/2010,18/09/2014,Full Time,NITA,Motilal Nehru National Institute of Technology Allahabad,Electronics & Telecommunication,81,BE,20/07/2015,22/01/2018,Full Time,NITIE,NITIE Mumbai,Mining Engineering,87,ME,0,29/03/2017,19/09/2018,Full Time,Junior Technical Consultant,TCS,Manufacturing,AGRA,India,,,,,,,,,English,Good,Good,Good,Hindi,Good,Good,Good,Marathi,Good,Good,Good,Guddu,Software Engineer,London,8009800998,,,Naukri.com
88995,Major,Uday,Bhan,uday.bhan@mailinator.com610,7864823665610,7894923645,13/04/1990,M,Single,PAN167694610,No,Behind Yaga Baba Hostel Baner,426194,KANPUR,India,579700,1340000,Mumbai,579000,2,1,30,12/06/2004,13/07/2006,Full Time,Uttar Pradesh State Board,Saraswati Vidya Mandir Kanpur,NA,92,10th,14/02/2007,25/03/2010,Full Time,Uttar Pradesh State Board,Radha Niketan College Kanpur,Electronics & Telecommunication,93,12th,14/03/2010,18/09/2014,Full Time,NITA,Motilal Nehru National Institute of Technology Allahabad,Electronics & Telecommunication,81,BE,20/07/2015,22/01/2018,Full Time,NITIE,NITIE Mumbai,Mining Engineering,87,ME,0,29/03/2017,19/09/2018,Full Time,Junior Technical Consultant,TCS,Manufacturing,AGRA,India,,,,,,,,,English,Good,Good,Good,Hindi,Good,Good,Good,Marathi,Good,Good,Good,Guddu,Software Engineer,London,8009800998,,,Naukri.com
88995,Major,Uday,Bhan,uday.bhan@mailinator.com611,7864823665611,7894923645,13/04/1990,M,Single,PAN167694611,No,Behind Yaga Baba Hostel Baner,426194,KANPUR,India,579700,1340000,Mumbai,579000,2,1,30,12/06/2004,13/07/2006,Full Time,Uttar Pradesh State Board,Saraswati Vidya Mandir Kanpur,NA,92,10th,14/02/2007,25/03/2010,Full Time,Uttar Pradesh State Board,Radha Niketan College Kanpur,Electronics & Telecommunication,93,12th,14/03/2010,18/09/2014,Full Time,NITA,Motilal Nehru National Institute of Technology Allahabad,Electronics & Telecommunication,81,BE,20/07/2015,22/01/2018,Full Time,NITIE,NITIE Mumbai,Mining Engineering,87,ME,0,29/03/2017,19/09/2018,Full Time,Junior Technical Consultant,TCS,Manufacturing,AGRA,India,,,,,,,,,English,Good,Good,Good,Hindi,Good,Good,Good,Marathi,Good,Good,Good,Guddu,Software Engineer,London,8009800998,,,Naukri.com
88995,Major,Uday,Bhan,uday.bhan@mailinator.com612,7864823665612,7894923645,13/04/1990,M,Single,PAN167694612,No,Behind Yaga Baba Hostel Baner,426194,KANPUR,India,579700,1340000,Mumbai,579000,2,1,30,12/06/2004,13/07/2006,Full Time,Uttar Pradesh State Board,Saraswati Vidya Mandir Kanpur,NA,92,10th,14/02/2007,25/03/2010,Full Time,Uttar Pradesh State Board,Radha Niketan College Kanpur,Electronics & Telecommunication,93,12th,14/03/2010,18/09/2014,Full Time,NITA,Motilal Nehru National Institute of Technology Allahabad,Electronics & Telecommunication,81,BE,20/07/2015,22/01/2018,Full Time,NITIE,NITIE Mumbai,Mining Engineering,87,ME,0,29/03/2017,19/09/2018,Full Time,Junior Technical Consultant,TCS,Manufacturing,AGRA,India,,,,,,,,,English,Good,Good,Good,Hindi,Good,Good,Good,Marathi,Good,Good,Good,Guddu,Software Engineer,London,8009800998,,,Naukri.com
88995,Major,Uday,Bhan,uday.bhan@mailinator.com613,7864823665613,7894923645,13/04/1990,M,Single,PAN167694613,No,Behind Yaga Baba Hostel Baner,426194,KANPUR,India,579700,1340000,Mumbai,579000,2,1,30,12/06/2004,13/07/2006,Full Time,Uttar Pradesh State Board,Saraswati Vidya Mandir Kanpur,NA,92,10th,14/02/2007,25/03/2010,Full Time,Uttar Pradesh State Board,Radha Niketan College Kanpur,Electronics & Telecommunication,93,12th,14/03/2010,18/09/2014,Full Time,NITA,Motilal Nehru National Institute of Technology Allahabad,Electronics & Telecommunication,81,BE,20/07/2015,22/01/2018,Full Time,NITIE,NITIE Mumbai,Mining Engineering,87,ME,0,29/03/2017,19/09/2018,Full Time,Junior Technical Consultant,TCS,Manufacturing,AGRA,India,,,,,,,,,English,Good,Good,Good,Hindi,Good,Good,Good,Marathi,Good,Good,Good,Guddu,Software Engineer,London,8009800998,,,Naukri.com
88995,Major,Uday,Bhan,uday.bhan@mailinator.com614,7864823665614,7894923645,13/04/1990,M,Single,PAN167694614,No,Behind Yaga Baba Hostel Baner,426194,KANPUR,India,579700,1340000,Mumbai,579000,2,1,30,12/06/2004,13/07/2006,Full Time,Uttar Pradesh State Board,Saraswati Vidya Mandir Kanpur,NA,92,10th,14/02/2007,25/03/2010,Full Time,Uttar Pradesh State Board,Radha Niketan College Kanpur,Electronics & Telecommunication,93,12th,14/03/2010,18/09/2014,Full Time,NITA,Motilal Nehru National Institute of Technology Allahabad,Electronics & Telecommunication,81,BE,20/07/2015,22/01/2018,Full Time,NITIE,NITIE Mumbai,Mining Engineering,87,ME,0,29/03/2017,19/09/2018,Full Time,Junior Technical Consultant,TCS,Manufacturing,AGRA,India,,,,,,,,,English,Good,Good,Good,Hindi,Good,Good,Good,Marathi,Good,Good,Good,Guddu,Software Engineer,London,8009800998,,,Naukri.com
88995,Major,Uday,Bhan,uday.bhan@mailinator.com615,7864823665615,7894923645,13/04/1990,M,Single,PAN167694615,No,Behind Yaga Baba Hostel Baner,426194,KANPUR,India,579700,1340000,Mumbai,579000,2,1,30,12/06/2004,13/07/2006,Full Time,Uttar Pradesh State Board,Saraswati Vidya Mandir Kanpur,NA,92,10th,14/02/2007,25/03/2010,Full Time,Uttar Pradesh State Board,Radha Niketan College Kanpur,Electronics & Telecommunication,93,12th,14/03/2010,18/09/2014,Full Time,NITA,Motilal Nehru National Institute of Technology Allahabad,Electronics & Telecommunication,81,BE,20/07/2015,22/01/2018,Full Time,NITIE,NITIE Mumbai,Mining Engineering,87,ME,0,29/03/2017,19/09/2018,Full Time,Junior Technical Consultant,TCS,Manufacturing,AGRA,India,,,,,,,,,English,Good,Good,Good,Hindi,Good,Good,Good,Marathi,Good,Good,Good,Guddu,Software Engineer,London,8009800998,,,Naukri.com
88995,Major,Uday,Bhan,uday.bhan@mailinator.com616,7864823665616,7894923645,13/04/1990,M,Single,PAN167694616,No,Behind Yaga Baba Hostel Baner,426194,KANPUR,India,579700,1340000,Mumbai,579000,2,1,30,12/06/2004,13/07/2006,Full Time,Uttar Pradesh State Board,Saraswati Vidya Mandir Kanpur,NA,92,10th,14/02/2007,25/03/2010,Full Time,Uttar Pradesh State Board,Radha Niketan College Kanpur,Electronics & Telecommunication,93,12th,14/03/2010,18/09/2014,Full Time,NITA,Motilal Nehru National Institute of Technology Allahabad,Electronics & Telecommunication,81,BE,20/07/2015,22/01/2018,Full Time,NITIE,NITIE Mumbai,Mining Engineering,87,ME,0,29/03/2017,19/09/2018,Full Time,Junior Technical Consultant,TCS,Manufacturing,AGRA,India,,,,,,,,,English,Good,Good,Good,Hindi,Good,Good,Good,Marathi,Good,Good,Good,Guddu,Software Engineer,London,8009800998,,,Naukri.com
88995,Major,Uday,Bhan,uday.bhan@mailinator.com617,7864823665617,7894923645,13/04/1990,M,Single,PAN167694617,No,Behind Yaga Baba Hostel Baner,426194,KANPUR,India,579700,1340000,Mumbai,579000,2,1,30,12/06/2004,13/07/2006,Full Time,Uttar Pradesh State Board,Saraswati Vidya Mandir Kanpur,NA,92,10th,14/02/2007,25/03/2010,Full Time,Uttar Pradesh State Board,Radha Niketan College Kanpur,Electronics & Telecommunication,93,12th,14/03/2010,18/09/2014,Full Time,NITA,Motilal Nehru National Institute of Technology Allahabad,Electronics & Telecommunication,81,BE,20/07/2015,22/01/2018,Full Time,NITIE,NITIE Mumbai,Mining Engineering,87,ME,0,29/03/2017,19/09/2018,Full Time,Junior Technical Consultant,TCS,Manufacturing,AGRA,India,,,,,,,,,English,Good,Good,Good,Hindi,Good,Good,Good,Marathi,Good,Good,Good,Guddu,Software Engineer,London,8009800998,,,Naukri.com
88995,Major,Uday,Bhan,uday.bhan@mailinator.com618,7864823665618,7894923645,13/04/1990,M,Single,PAN167694618,No,Behind Yaga Baba Hostel Baner,426194,KANPUR,India,579700,1340000,Mumbai,579000,2,1,30,12/06/2004,13/07/2006,Full Time,Uttar Pradesh State Board,Saraswati Vidya Mandir Kanpur,NA,92,10th,14/02/2007,25/03/2010,Full Time,Uttar Pradesh State Board,Radha Niketan College Kanpur,Electronics & Telecommunication,93,12th,14/03/2010,18/09/2014,Full Time,NITA,Motilal Nehru National Institute of Technology Allahabad,Electronics & Telecommunication,81,BE,20/07/2015,22/01/2018,Full Time,NITIE,NITIE Mumbai,Mining Engineering,87,ME,0,29/03/2017,19/09/2018,Full Time,Junior Technical Consultant,TCS,Manufacturing,AGRA,India,,,,,,,,,English,Good,Good,Good,Hindi,Good,Good,Good,Marathi,Good,Good,Good,Guddu,Software Engineer,London,8009800998,,,Naukri.com
88995,Major,Uday,Bhan,uday.bhan@mailinator.com619,7864823665619,7894923645,13/04/1990,M,Single,PAN167694619,No,Behind Yaga Baba Hostel Baner,426194,KANPUR,India,579700,1340000,Mumbai,579000,2,1,30,12/06/2004,13/07/2006,Full Time,Uttar Pradesh State Board,Saraswati Vidya Mandir Kanpur,NA,92,10th,14/02/2007,25/03/2010,Full Time,Uttar Pradesh State Board,Radha Niketan College Kanpur,Electronics & Telecommunication,93,12th,14/03/2010,18/09/2014,Full Time,NITA,Motilal Nehru National Institute of Technology Allahabad,Electronics & Telecommunication,81,BE,20/07/2015,22/01/2018,Full Time,NITIE,NITIE Mumbai,Mining Engineering,87,ME,0,29/03/2017,19/09/2018,Full Time,Junior Technical Consultant,TCS,Manufacturing,AGRA,India,,,,,,,,,English,Good,Good,Good,Hindi,Good,Good,Good,Marathi,Good,Good,Good,Guddu,Software Engineer,London,8009800998,,,Naukri.com
88995,Major,Uday,Bhan,uday.bhan@mailinator.com620,7864823665620,7894923645,13/04/1990,M,Single,PAN167694620,No,Behind Yaga Baba Hostel Baner,426194,KANPUR,India,579700,1340000,Mumbai,579000,2,1,30,12/06/2004,13/07/2006,Full Time,Uttar Pradesh State Board,Saraswati Vidya Mandir Kanpur,NA,92,10th,14/02/2007,25/03/2010,Full Time,Uttar Pradesh State Board,Radha Niketan College Kanpur,Electronics & Telecommunication,93,12th,14/03/2010,18/09/2014,Full Time,NITA,Motilal Nehru National Institute of Technology Allahabad,Electronics & Telecommunication,81,BE,20/07/2015,22/01/2018,Full Time,NITIE,NITIE Mumbai,Mining Engineering,87,ME,0,29/03/2017,19/09/2018,Full Time,Junior Technical Consultant,TCS,Manufacturing,AGRA,India,,,,,,,,,English,Good,Good,Good,Hindi,Good,Good,Good,Marathi,Good,Good,Good,Guddu,Software Engineer,London,8009800998,,,Naukri.com
88995,Major,Uday,Bhan,uday.bhan@mailinator.com621,7864823665621,7894923645,13/04/1990,M,Single,PAN167694621,No,Behind Yaga Baba Hostel Baner,426194,KANPUR,India,579700,1340000,Mumbai,579000,2,1,30,12/06/2004,13/07/2006,Full Time,Uttar Pradesh State Board,Saraswati Vidya Mandir Kanpur,NA,92,10th,14/02/2007,25/03/2010,Full Time,Uttar Pradesh State Board,Radha Niketan College Kanpur,Electronics & Telecommunication,93,12th,14/03/2010,18/09/2014,Full Time,NITA,Motilal Nehru National Institute of Technology Allahabad,Electronics & Telecommunication,81,BE,20/07/2015,22/01/2018,Full Time,NITIE,NITIE Mumbai,Mining Engineering,87,ME,0,29/03/2017,19/09/2018,Full Time,Junior Technical Consultant,TCS,Manufacturing,AGRA,India,,,,,,,,,English,Good,Good,Good,Hindi,Good,Good,Good,Marathi,Good,Good,Good,Guddu,Software Engineer,London,8009800998,,,Naukri.com
88995,Major,Uday,Bhan,uday.bhan@mailinator.com622,7864823665622,7894923645,13/04/1990,M,Single,PAN167694622,No,Behind Yaga Baba Hostel Baner,426194,KANPUR,India,579700,1340000,Mumbai,579000,2,1,30,12/06/2004,13/07/2006,Full Time,Uttar Pradesh State Board,Saraswati Vidya Mandir Kanpur,NA,92,10th,14/02/2007,25/03/2010,Full Time,Uttar Pradesh State Board,Radha Niketan College Kanpur,Electronics & Telecommunication,93,12th,14/03/2010,18/09/2014,Full Time,NITA,Motilal Nehru National Institute of Technology Allahabad,Electronics & Telecommunication,81,BE,20/07/2015,22/01/2018,Full Time,NITIE,NITIE Mumbai,Mining Engineering,87,ME,0,29/03/2017,19/09/2018,Full Time,Junior Technical Consultant,TCS,Manufacturing,AGRA,India,,,,,,,,,English,Good,Good,Good,Hindi,Good,Good,Good,Marathi,Good,Good,Good,Guddu,Software Engineer,London,8009800998,,,Naukri.com
88995,Major,Uday,Bhan,uday.bhan@mailinator.com623,7864823665623,7894923645,13/04/1990,M,Single,PAN167694623,No,Behind Yaga Baba Hostel Baner,426194,KANPUR,India,579700,1340000,Mumbai,579000,2,1,30,12/06/2004,13/07/2006,Full Time,Uttar Pradesh State Board,Saraswati Vidya Mandir Kanpur,NA,92,10th,14/02/2007,25/03/2010,Full Time,Uttar Pradesh State Board,Radha Niketan College Kanpur,Electronics & Telecommunication,93,12th,14/03/2010,18/09/2014,Full Time,NITA,Motilal Nehru National Institute of Technology Allahabad,Electronics & Telecommunication,81,BE,20/07/2015,22/01/2018,Full Time,NITIE,NITIE Mumbai,Mining Engineering,87,ME,0,29/03/2017,19/09/2018,Full Time,Junior Technical Consultant,TCS,Manufacturing,AGRA,India,,,,,,,,,English,Good,Good,Good,Hindi,Good,Good,Good,Marathi,Good,Good,Good,Guddu,Software Engineer,London,8009800998,,,Naukri.com
88995,Major,Uday,Bhan,uday.bhan@mailinator.com624,7864823665624,7894923645,13/04/1990,M,Single,PAN167694624,No,Behind Yaga Baba Hostel Baner,426194,KANPUR,India,579700,1340000,Mumbai,579000,2,1,30,12/06/2004,13/07/2006,Full Time,Uttar Pradesh State Board,Saraswati Vidya Mandir Kanpur,NA,92,10th,14/02/2007,25/03/2010,Full Time,Uttar Pradesh State Board,Radha Niketan College Kanpur,Electronics & Telecommunication,93,12th,14/03/2010,18/09/2014,Full Time,NITA,Motilal Nehru National Institute of Technology Allahabad,Electronics & Telecommunication,81,BE,20/07/2015,22/01/2018,Full Time,NITIE,NITIE Mumbai,Mining Engineering,87,ME,0,29/03/2017,19/09/2018,Full Time,Junior Technical Consultant,TCS,Manufacturing,AGRA,India,,,,,,,,,English,Good,Good,Good,Hindi,Good,Good,Good,Marathi,Good,Good,Good,Guddu,Software Engineer,London,8009800998,,,Naukri.com
88995,Major,Uday,Bhan,uday.bhan@mailinator.com625,7864823665625,7894923645,13/04/1990,M,Single,PAN167694625,No,Behind Yaga Baba Hostel Baner,426194,KANPUR,India,579700,1340000,Mumbai,579000,2,1,30,12/06/2004,13/07/2006,Full Time,Uttar Pradesh State Board,Saraswati Vidya Mandir Kanpur,NA,92,10th,14/02/2007,25/03/2010,Full Time,Uttar Pradesh State Board,Radha Niketan College Kanpur,Electronics & Telecommunication,93,12th,14/03/2010,18/09/2014,Full Time,NITA,Motilal Nehru National Institute of Technology Allahabad,Electronics & Telecommunication,81,BE,20/07/2015,22/01/2018,Full Time,NITIE,NITIE Mumbai,Mining Engineering,87,ME,0,29/03/2017,19/09/2018,Full Time,Junior Technical Consultant,TCS,Manufacturing,AGRA,India,,,,,,,,,English,Good,Good,Good,Hindi,Good,Good,Good,Marathi,Good,Good,Good,Guddu,Software Engineer,London,8009800998,,,Naukri.com
88995,Major,Uday,Bhan,uday.bhan@mailinator.com626,7864823665626,7894923645,13/04/1990,M,Single,PAN167694626,No,Behind Yaga Baba Hostel Baner,426194,KANPUR,India,579700,1340000,Mumbai,579000,2,1,30,12/06/2004,13/07/2006,Full Time,Uttar Pradesh State Board,Saraswati Vidya Mandir Kanpur,NA,92,10th,14/02/2007,25/03/2010,Full Time,Uttar Pradesh State Board,Radha Niketan College Kanpur,Electronics & Telecommunication,93,12th,14/03/2010,18/09/2014,Full Time,NITA,Motilal Nehru National Institute of Technology Allahabad,Electronics & Telecommunication,81,BE,20/07/2015,22/01/2018,Full Time,NITIE,NITIE Mumbai,Mining Engineering,87,ME,0,29/03/2017,19/09/2018,Full Time,Junior Technical Consultant,TCS,Manufacturing,AGRA,India,,,,,,,,,English,Good,Good,Good,Hindi,Good,Good,Good,Marathi,Good,Good,Good,Guddu,Software Engineer,London,8009800998,,,Naukri.com
88995,Major,Uday,Bhan,uday.bhan@mailinator.com627,7864823665627,7894923645,13/04/1990,M,Single,PAN167694627,No,Behind Yaga Baba Hostel Baner,426194,KANPUR,India,579700,1340000,Mumbai,579000,2,1,30,12/06/2004,13/07/2006,Full Time,Uttar Pradesh State Board,Saraswati Vidya Mandir Kanpur,NA,92,10th,14/02/2007,25/03/2010,Full Time,Uttar Pradesh State Board,Radha Niketan College Kanpur,Electronics & Telecommunication,93,12th,14/03/2010,18/09/2014,Full Time,NITA,Motilal Nehru National Institute of Technology Allahabad,Electronics & Telecommunication,81,BE,20/07/2015,22/01/2018,Full Time,NITIE,NITIE Mumbai,Mining Engineering,87,ME,0,29/03/2017,19/09/2018,Full Time,Junior Technical Consultant,TCS,Manufacturing,AGRA,India,,,,,,,,,English,Good,Good,Good,Hindi,Good,Good,Good,Marathi,Good,Good,Good,Guddu,Software Engineer,London,8009800998,,,Naukri.com
88995,Major,Uday,Bhan,uday.bhan@mailinator.com628,7864823665628,7894923645,13/04/1990,M,Single,PAN167694628,No,Behind Yaga Baba Hostel Baner,426194,KANPUR,India,579700,1340000,Mumbai,579000,2,1,30,12/06/2004,13/07/2006,Full Time,Uttar Pradesh State Board,Saraswati Vidya Mandir Kanpur,NA,92,10th,14/02/2007,25/03/2010,Full Time,Uttar Pradesh State Board,Radha Niketan College Kanpur,Electronics & Telecommunication,93,12th,14/03/2010,18/09/2014,Full Time,NITA,Motilal Nehru National Institute of Technology Allahabad,Electronics & Telecommunication,81,BE,20/07/2015,22/01/2018,Full Time,NITIE,NITIE Mumbai,Mining Engineering,87,ME,0,29/03/2017,19/09/2018,Full Time,Junior Technical Consultant,TCS,Manufacturing,AGRA,India,,,,,,,,,English,Good,Good,Good,Hindi,Good,Good,Good,Marathi,Good,Good,Good,Guddu,Software Engineer,London,8009800998,,,Naukri.com
88995,Major,Uday,Bhan,uday.bhan@mailinator.com629,7864823665629,7894923645,13/04/1990,M,Single,PAN167694629,No,Behind Yaga Baba Hostel Baner,426194,KANPUR,India,579700,1340000,Mumbai,579000,2,1,30,12/06/2004,13/07/2006,Full Time,Uttar Pradesh State Board,Saraswati Vidya Mandir Kanpur,NA,92,10th,14/02/2007,25/03/2010,Full Time,Uttar Pradesh State Board,Radha Niketan College Kanpur,Electronics & Telecommunication,93,12th,14/03/2010,18/09/2014,Full Time,NITA,Motilal Nehru National Institute of Technology Allahabad,Electronics & Telecommunication,81,BE,20/07/2015,22/01/2018,Full Time,NITIE,NITIE Mumbai,Mining Engineering,87,ME,0,29/03/2017,19/09/2018,Full Time,Junior Technical Consultant,TCS,Manufacturing,AGRA,India,,,,,,,,,English,Good,Good,Good,Hindi,Good,Good,Good,Marathi,Good,Good,Good,Guddu,Software Engineer,London,8009800998,,,Naukri.com
88995,Major,Uday,Bhan,uday.bhan@mailinator.com630,7864823665630,7894923645,13/04/1990,M,Single,PAN167694630,No,Behind Yaga Baba Hostel Baner,426194,KANPUR,India,579700,1340000,Mumbai,579000,2,1,30,12/06/2004,13/07/2006,Full Time,Uttar Pradesh State Board,Saraswati Vidya Mandir Kanpur,NA,92,10th,14/02/2007,25/03/2010,Full Time,Uttar Pradesh State Board,Radha Niketan College Kanpur,Electronics & Telecommunication,93,12th,14/03/2010,18/09/2014,Full Time,NITA,Motilal Nehru National Institute of Technology Allahabad,Electronics & Telecommunication,81,BE,20/07/2015,22/01/2018,Full Time,NITIE,NITIE Mumbai,Mining Engineering,87,ME,0,29/03/2017,19/09/2018,Full Time,Junior Technical Consultant,TCS,Manufacturing,AGRA,India,,,,,,,,,English,Good,Good,Good,Hindi,Good,Good,Good,Marathi,Good,Good,Good,Guddu,Software Engineer,London,8009800998,,,Naukri.com
88995,Major,Uday,Bhan,uday.bhan@mailinator.com631,7864823665631,7894923645,13/04/1990,M,Single,PAN167694631,No,Behind Yaga Baba Hostel Baner,426194,KANPUR,India,579700,1340000,Mumbai,579000,2,1,30,12/06/2004,13/07/2006,Full Time,Uttar Pradesh State Board,Saraswati Vidya Mandir Kanpur,NA,92,10th,14/02/2007,25/03/2010,Full Time,Uttar Pradesh State Board,Radha Niketan College Kanpur,Electronics & Telecommunication,93,12th,14/03/2010,18/09/2014,Full Time,NITA,Motilal Nehru National Institute of Technology Allahabad,Electronics & Telecommunication,81,BE,20/07/2015,22/01/2018,Full Time,NITIE,NITIE Mumbai,Mining Engineering,87,ME,0,29/03/2017,19/09/2018,Full Time,Junior Technical Consultant,TCS,Manufacturing,AGRA,India,,,,,,,,,English,Good,Good,Good,Hindi,Good,Good,Good,Marathi,Good,Good,Good,Guddu,Software Engineer,London,8009800998,,,Naukri.com
88995,Major,Uday,Bhan,uday.bhan@mailinator.com632,7864823665632,7894923645,13/04/1990,M,Single,PAN167694632,No,Behind Yaga Baba Hostel Baner,426194,KANPUR,India,579700,1340000,Mumbai,579000,2,1,30,12/06/2004,13/07/2006,Full Time,Uttar Pradesh State Board,Saraswati Vidya Mandir Kanpur,NA,92,10th,14/02/2007,25/03/2010,Full Time,Uttar Pradesh State Board,Radha Niketan College Kanpur,Electronics & Telecommunication,93,12th,14/03/2010,18/09/2014,Full Time,NITA,Motilal Nehru National Institute of Technology Allahabad,Electronics & Telecommunication,81,BE,20/07/2015,22/01/2018,Full Time,NITIE,NITIE Mumbai,Mining Engineering,87,ME,0,29/03/2017,19/09/2018,Full Time,Junior Technical Consultant,TCS,Manufacturing,AGRA,India,,,,,,,,,English,Good,Good,Good,Hindi,Good,Good,Good,Marathi,Good,Good,Good,Guddu,Software Engineer,London,8009800998,,,Naukri.com
88995,Major,Uday,Bhan,uday.bhan@mailinator.com633,7864823665633,7894923645,13/04/1990,M,Single,PAN167694633,No,Behind Yaga Baba Hostel Baner,426194,KANPUR,India,579700,1340000,Mumbai,579000,2,1,30,12/06/2004,13/07/2006,Full Time,Uttar Pradesh State Board,Saraswati Vidya Mandir Kanpur,NA,92,10th,14/02/2007,25/03/2010,Full Time,Uttar Pradesh State Board,Radha Niketan College Kanpur,Electronics & Telecommunication,93,12th,14/03/2010,18/09/2014,Full Time,NITA,Motilal Nehru National Institute of Technology Allahabad,Electronics & Telecommunication,81,BE,20/07/2015,22/01/2018,Full Time,NITIE,NITIE Mumbai,Mining Engineering,87,ME,0,29/03/2017,19/09/2018,Full Time,Junior Technical Consultant,TCS,Manufacturing,AGRA,India,,,,,,,,,English,Good,Good,Good,Hindi,Good,Good,Good,Marathi,Good,Good,Good,Guddu,Software Engineer,London,8009800998,,,Naukri.com
88995,Major,Uday,Bhan,uday.bhan@mailinator.com634,7864823665634,7894923645,13/04/1990,M,Single,PAN167694634,No,Behind Yaga Baba Hostel Baner,426194,KANPUR,India,579700,1340000,Mumbai,579000,2,1,30,12/06/2004,13/07/2006,Full Time,Uttar Pradesh State Board,Saraswati Vidya Mandir Kanpur,NA,92,10th,14/02/2007,25/03/2010,Full Time,Uttar Pradesh State Board,Radha Niketan College Kanpur,Electronics & Telecommunication,93,12th,14/03/2010,18/09/2014,Full Time,NITA,Motilal Nehru National Institute of Technology Allahabad,Electronics & Telecommunication,81,BE,20/07/2015,22/01/2018,Full Time,NITIE,NITIE Mumbai,Mining Engineering,87,ME,0,29/03/2017,19/09/2018,Full Time,Junior Technical Consultant,TCS,Manufacturing,AGRA,India,,,,,,,,,English,Good,Good,Good,Hindi,Good,Good,Good,Marathi,Good,Good,Good,Guddu,Software Engineer,London,8009800998,,,Naukri.com
88995,Major,Uday,Bhan,uday.bhan@mailinator.com635,7864823665635,7894923645,13/04/1990,M,Single,PAN167694635,No,Behind Yaga Baba Hostel Baner,426194,KANPUR,India,579700,1340000,Mumbai,579000,2,1,30,12/06/2004,13/07/2006,Full Time,Uttar Pradesh State Board,Saraswati Vidya Mandir Kanpur,NA,92,10th,14/02/2007,25/03/2010,Full Time,Uttar Pradesh State Board,Radha Niketan College Kanpur,Electronics & Telecommunication,93,12th,14/03/2010,18/09/2014,Full Time,NITA,Motilal Nehru National Institute of Technology Allahabad,Electronics & Telecommunication,81,BE,20/07/2015,22/01/2018,Full Time,NITIE,NITIE Mumbai,Mining Engineering,87,ME,0,29/03/2017,19/09/2018,Full Time,Junior Technical Consultant,TCS,Manufacturing,AGRA,India,,,,,,,,,English,Good,Good,Good,Hindi,Good,Good,Good,Marathi,Good,Good,Good,Guddu,Software Engineer,London,8009800998,,,Naukri.com
88995,Major,Uday,Bhan,uday.bhan@mailinator.com636,7864823665636,7894923645,13/04/1990,M,Single,PAN167694636,No,Behind Yaga Baba Hostel Baner,426194,KANPUR,India,579700,1340000,Mumbai,579000,2,1,30,12/06/2004,13/07/2006,Full Time,Uttar Pradesh State Board,Saraswati Vidya Mandir Kanpur,NA,92,10th,14/02/2007,25/03/2010,Full Time,Uttar Pradesh State Board,Radha Niketan College Kanpur,Electronics & Telecommunication,93,12th,14/03/2010,18/09/2014,Full Time,NITA,Motilal Nehru National Institute of Technology Allahabad,Electronics & Telecommunication,81,BE,20/07/2015,22/01/2018,Full Time,NITIE,NITIE Mumbai,Mining Engineering,87,ME,0,29/03/2017,19/09/2018,Full Time,Junior Technical Consultant,TCS,Manufacturing,AGRA,India,,,,,,,,,English,Good,Good,Good,Hindi,Good,Good,Good,Marathi,Good,Good,Good,Guddu,Software Engineer,London,8009800998,,,Naukri.com
88995,Major,Uday,Bhan,uday.bhan@mailinator.com637,7864823665637,7894923645,13/04/1990,M,Single,PAN167694637,No,Behind Yaga Baba Hostel Baner,426194,KANPUR,India,579700,1340000,Mumbai,579000,2,1,30,12/06/2004,13/07/2006,Full Time,Uttar Pradesh State Board,Saraswati Vidya Mandir Kanpur,NA,92,10th,14/02/2007,25/03/2010,Full Time,Uttar Pradesh State Board,Radha Niketan College Kanpur,Electronics & Telecommunication,93,12th,14/03/2010,18/09/2014,Full Time,NITA,Motilal Nehru National Institute of Technology Allahabad,Electronics & Telecommunication,81,BE,20/07/2015,22/01/2018,Full Time,NITIE,NITIE Mumbai,Mining Engineering,87,ME,0,29/03/2017,19/09/2018,Full Time,Junior Technical Consultant,TCS,Manufacturing,AGRA,India,,,,,,,,,English,Good,Good,Good,Hindi,Good,Good,Good,Marathi,Good,Good,Good,Guddu,Software Engineer,London,8009800998,,,Naukri.com
88995,Major,Uday,Bhan,uday.bhan@mailinator.com638,7864823665638,7894923645,13/04/1990,M,Single,PAN167694638,No,Behind Yaga Baba Hostel Baner,426194,KANPUR,India,579700,1340000,Mumbai,579000,2,1,30,12/06/2004,13/07/2006,Full Time,Uttar Pradesh State Board,Saraswati Vidya Mandir Kanpur,NA,92,10th,14/02/2007,25/03/2010,Full Time,Uttar Pradesh State Board,Radha Niketan College Kanpur,Electronics & Telecommunication,93,12th,14/03/2010,18/09/2014,Full Time,NITA,Motilal Nehru National Institute of Technology Allahabad,Electronics & Telecommunication,81,BE,20/07/2015,22/01/2018,Full Time,NITIE,NITIE Mumbai,Mining Engineering,87,ME,0,29/03/2017,19/09/2018,Full Time,Junior Technical Consultant,TCS,Manufacturing,AGRA,India,,,,,,,,,English,Good,Good,Good,Hindi,Good,Good,Good,Marathi,Good,Good,Good,Guddu,Software Engineer,London,8009800998,,,Naukri.com
88995,Major,Uday,Bhan,uday.bhan@mailinator.com639,7864823665639,7894923645,13/04/1990,M,Single,PAN167694639,No,Behind Yaga Baba Hostel Baner,426194,KANPUR,India,579700,1340000,Mumbai,579000,2,1,30,12/06/2004,13/07/2006,Full Time,Uttar Pradesh State Board,Saraswati Vidya Mandir Kanpur,NA,92,10th,14/02/2007,25/03/2010,Full Time,Uttar Pradesh State Board,Radha Niketan College Kanpur,Electronics & Telecommunication,93,12th,14/03/2010,18/09/2014,Full Time,NITA,Motilal Nehru National Institute of Technology Allahabad,Electronics & Telecommunication,81,BE,20/07/2015,22/01/2018,Full Time,NITIE,NITIE Mumbai,Mining Engineering,87,ME,0,29/03/2017,19/09/2018,Full Time,Junior Technical Consultant,TCS,Manufacturing,AGRA,India,,,,,,,,,English,Good,Good,Good,Hindi,Good,Good,Good,Marathi,Good,Good,Good,Guddu,Software Engineer,London,8009800998,,,Naukri.com
88995,Major,Uday,Bhan,uday.bhan@mailinator.com640,7864823665640,7894923645,13/04/1990,M,Single,PAN167694640,No,Behind Yaga Baba Hostel Baner,426194,KANPUR,India,579700,1340000,Mumbai,579000,2,1,30,12/06/2004,13/07/2006,Full Time,Uttar Pradesh State Board,Saraswati Vidya Mandir Kanpur,NA,92,10th,14/02/2007,25/03/2010,Full Time,Uttar Pradesh State Board,Radha Niketan College Kanpur,Electronics & Telecommunication,93,12th,14/03/2010,18/09/2014,Full Time,NITA,Motilal Nehru National Institute of Technology Allahabad,Electronics & Telecommunication,81,BE,20/07/2015,22/01/2018,Full Time,NITIE,NITIE Mumbai,Mining Engineering,87,ME,0,29/03/2017,19/09/2018,Full Time,Junior Technical Consultant,TCS,Manufacturing,AGRA,India,,,,,,,,,English,Good,Good,Good,Hindi,Good,Good,Good,Marathi,Good,Good,Good,Guddu,Software Engineer,London,8009800998,,,Naukri.com
88995,Major,Uday,Bhan,uday.bhan@mailinator.com641,7864823665641,7894923645,13/04/1990,M,Single,PAN167694641,No,Behind Yaga Baba Hostel Baner,426194,KANPUR,India,579700,1340000,Mumbai,579000,2,1,30,12/06/2004,13/07/2006,Full Time,Uttar Pradesh State Board,Saraswati Vidya Mandir Kanpur,NA,92,10th,14/02/2007,25/03/2010,Full Time,Uttar Pradesh State Board,Radha Niketan College Kanpur,Electronics & Telecommunication,93,12th,14/03/2010,18/09/2014,Full Time,NITA,Motilal Nehru National Institute of Technology Allahabad,Electronics & Telecommunication,81,BE,20/07/2015,22/01/2018,Full Time,NITIE,NITIE Mumbai,Mining Engineering,87,ME,0,29/03/2017,19/09/2018,Full Time,Junior Technical Consultant,TCS,Manufacturing,AGRA,India,,,,,,,,,English,Good,Good,Good,Hindi,Good,Good,Good,Marathi,Good,Good,Good,Guddu,Software Engineer,London,8009800998,,,Naukri.com
88995,Major,Uday,Bhan,uday.bhan@mailinator.com642,7864823665642,7894923645,13/04/1990,M,Single,PAN167694642,No,Behind Yaga Baba Hostel Baner,426194,KANPUR,India,579700,1340000,Mumbai,579000,2,1,30,12/06/2004,13/07/2006,Full Time,Uttar Pradesh State Board,Saraswati Vidya Mandir Kanpur,NA,92,10th,14/02/2007,25/03/2010,Full Time,Uttar Pradesh State Board,Radha Niketan College Kanpur,Electronics & Telecommunication,93,12th,14/03/2010,18/09/2014,Full Time,NITA,Motilal Nehru National Institute of Technology Allahabad,Electronics & Telecommunication,81,BE,20/07/2015,22/01/2018,Full Time,NITIE,NITIE Mumbai,Mining Engineering,87,ME,0,29/03/2017,19/09/2018,Full Time,Junior Technical Consultant,TCS,Manufacturing,AGRA,India,,,,,,,,,English,Good,Good,Good,Hindi,Good,Good,Good,Marathi,Good,Good,Good,Guddu,Software Engineer,London,8009800998,,,Naukri.com
88995,Major,Uday,Bhan,uday.bhan@mailinator.com643,7864823665643,7894923645,13/04/1990,M,Single,PAN167694643,No,Behind Yaga Baba Hostel Baner,426194,KANPUR,India,579700,1340000,Mumbai,579000,2,1,30,12/06/2004,13/07/2006,Full Time,Uttar Pradesh State Board,Saraswati Vidya Mandir Kanpur,NA,92,10th,14/02/2007,25/03/2010,Full Time,Uttar Pradesh State Board,Radha Niketan College Kanpur,Electronics & Telecommunication,93,12th,14/03/2010,18/09/2014,Full Time,NITA,Motilal Nehru National Institute of Technology Allahabad,Electronics & Telecommunication,81,BE,20/07/2015,22/01/2018,Full Time,NITIE,NITIE Mumbai,Mining Engineering,87,ME,0,29/03/2017,19/09/2018,Full Time,Junior Technical Consultant,TCS,Manufacturing,AGRA,India,,,,,,,,,English,Good,Good,Good,Hindi,Good,Good,Good,Marathi,Good,Good,Good,Guddu,Software Engineer,London,8009800998,,,Naukri.com
88995,Major,Uday,Bhan,uday.bhan@mailinator.com644,7864823665644,7894923645,13/04/1990,M,Single,PAN167694644,No,Behind Yaga Baba Hostel Baner,426194,KANPUR,India,579700,1340000,Mumbai,579000,2,1,30,12/06/2004,13/07/2006,Full Time,Uttar Pradesh State Board,Saraswati Vidya Mandir Kanpur,NA,92,10th,14/02/2007,25/03/2010,Full Time,Uttar Pradesh State Board,Radha Niketan College Kanpur,Electronics & Telecommunication,93,12th,14/03/2010,18/09/2014,Full Time,NITA,Motilal Nehru National Institute of Technology Allahabad,Electronics & Telecommunication,81,BE,20/07/2015,22/01/2018,Full Time,NITIE,NITIE Mumbai,Mining Engineering,87,ME,0,29/03/2017,19/09/2018,Full Time,Junior Technical Consultant,TCS,Manufacturing,AGRA,India,,,,,,,,,English,Good,Good,Good,Hindi,Good,Good,Good,Marathi,Good,Good,Good,Guddu,Software Engineer,London,8009800998,,,Naukri.com
88995,Major,Uday,Bhan,uday.bhan@mailinator.com645,7864823665645,7894923645,13/04/1990,M,Single,PAN167694645,No,Behind Yaga Baba Hostel Baner,426194,KANPUR,India,579700,1340000,Mumbai,579000,2,1,30,12/06/2004,13/07/2006,Full Time,Uttar Pradesh State Board,Saraswati Vidya Mandir Kanpur,NA,92,10th,14/02/2007,25/03/2010,Full Time,Uttar Pradesh State Board,Radha Niketan College Kanpur,Electronics & Telecommunication,93,12th,14/03/2010,18/09/2014,Full Time,NITA,Motilal Nehru National Institute of Technology Allahabad,Electronics & Telecommunication,81,BE,20/07/2015,22/01/2018,Full Time,NITIE,NITIE Mumbai,Mining Engineering,87,ME,0,29/03/2017,19/09/2018,Full Time,Junior Technical Consultant,TCS,Manufacturing,AGRA,India,,,,,,,,,English,Good,Good,Good,Hindi,Good,Good,Good,Marathi,Good,Good,Good,Guddu,Software Engineer,London,8009800998,,,Naukri.com
88995,Major,Uday,Bhan,uday.bhan@mailinator.com646,7864823665646,7894923645,13/04/1990,M,Single,PAN167694646,No,Behind Yaga Baba Hostel Baner,426194,KANPUR,India,579700,1340000,Mumbai,579000,2,1,30,12/06/2004,13/07/2006,Full Time,Uttar Pradesh State Board,Saraswati Vidya Mandir Kanpur,NA,92,10th,14/02/2007,25/03/2010,Full Time,Uttar Pradesh State Board,Radha Niketan College Kanpur,Electronics & Telecommunication,93,12th,14/03/2010,18/09/2014,Full Time,NITA,Motilal Nehru National Institute of Technology Allahabad,Electronics & Telecommunication,81,BE,20/07/2015,22/01/2018,Full Time,NITIE,NITIE Mumbai,Mining Engineering,87,ME,0,29/03/2017,19/09/2018,Full Time,Junior Technical Consultant,TCS,Manufacturing,AGRA,India,,,,,,,,,English,Good,Good,Good,Hindi,Good,Good,Good,Marathi,Good,Good,Good,Guddu,Software Engineer,London,8009800998,,,Naukri.com
88995,Major,Uday,Bhan,uday.bhan@mailinator.com647,7864823665647,7894923645,13/04/1990,M,Single,PAN167694647,No,Behind Yaga Baba Hostel Baner,426194,KANPUR,India,579700,1340000,Mumbai,579000,2,1,30,12/06/2004,13/07/2006,Full Time,Uttar Pradesh State Board,Saraswati Vidya Mandir Kanpur,NA,92,10th,14/02/2007,25/03/2010,Full Time,Uttar Pradesh State Board,Radha Niketan College Kanpur,Electronics & Telecommunication,93,12th,14/03/2010,18/09/2014,Full Time,NITA,Motilal Nehru National Institute of Technology Allahabad,Electronics & Telecommunication,81,BE,20/07/2015,22/01/2018,Full Time,NITIE,NITIE Mumbai,Mining Engineering,87,ME,0,29/03/2017,19/09/2018,Full Time,Junior Technical Consultant,TCS,Manufacturing,AGRA,India,,,,,,,,,English,Good,Good,Good,Hindi,Good,Good,Good,Marathi,Good,Good,Good,Guddu,Software Engineer,London,8009800998,,,Naukri.com
88995,Major,Uday,Bhan,uday.bhan@mailinator.com648,7864823665648,7894923645,13/04/1990,M,Single,PAN167694648,No,Behind Yaga Baba Hostel Baner,426194,KANPUR,India,579700,1340000,Mumbai,579000,2,1,30,12/06/2004,13/07/2006,Full Time,Uttar Pradesh State Board,Saraswati Vidya Mandir Kanpur,NA,92,10th,14/02/2007,25/03/2010,Full Time,Uttar Pradesh State Board,Radha Niketan College Kanpur,Electronics & Telecommunication,93,12th,14/03/2010,18/09/2014,Full Time,NITA,Motilal Nehru National Institute of Technology Allahabad,Electronics & Telecommunication,81,BE,20/07/2015,22/01/2018,Full Time,NITIE,NITIE Mumbai,Mining Engineering,87,ME,0,29/03/2017,19/09/2018,Full Time,Junior Technical Consultant,TCS,Manufacturing,AGRA,India,,,,,,,,,English,Good,Good,Good,Hindi,Good,Good,Good,Marathi,Good,Good,Good,Guddu,Software Engineer,London,8009800998,,,Naukri.com
88995,Major,Uday,Bhan,uday.bhan@mailinator.com649,7864823665649,7894923645,13/04/1990,M,Single,PAN167694649,No,Behind Yaga Baba Hostel Baner,426194,KANPUR,India,579700,1340000,Mumbai,579000,2,1,30,12/06/2004,13/07/2006,Full Time,Uttar Pradesh State Board,Saraswati Vidya Mandir Kanpur,NA,92,10th,14/02/2007,25/03/2010,Full Time,Uttar Pradesh State Board,Radha Niketan College Kanpur,Electronics & Telecommunication,93,12th,14/03/2010,18/09/2014,Full Time,NITA,Motilal Nehru National Institute of Technology Allahabad,Electronics & Telecommunication,81,BE,20/07/2015,22/01/2018,Full Time,NITIE,NITIE Mumbai,Mining Engineering,87,ME,0,29/03/2017,19/09/2018,Full Time,Junior Technical Consultant,TCS,Manufacturing,AGRA,India,,,,,,,,,English,Good,Good,Good,Hindi,Good,Good,Good,Marathi,Good,Good,Good,Guddu,Software Engineer,London,8009800998,,,Naukri.com
88995,Major,Uday,Bhan,uday.bhan@mailinator.com650,7864823665650,7894923645,13/04/1990,M,Single,PAN167694650,No,Behind Yaga Baba Hostel Baner,426194,KANPUR,India,579700,1340000,Mumbai,579000,2,1,30,12/06/2004,13/07/2006,Full Time,Uttar Pradesh State Board,Saraswati Vidya Mandir Kanpur,NA,92,10th,14/02/2007,25/03/2010,Full Time,Uttar Pradesh State Board,Radha Niketan College Kanpur,Electronics & Telecommunication,93,12th,14/03/2010,18/09/2014,Full Time,NITA,Motilal Nehru National Institute of Technology Allahabad,Electronics & Telecommunication,81,BE,20/07/2015,22/01/2018,Full Time,NITIE,NITIE Mumbai,Mining Engineering,87,ME,0,29/03/2017,19/09/2018,Full Time,Junior Technical Consultant,TCS,Manufacturing,AGRA,India,,,,,,,,,English,Good,Good,Good,Hindi,Good,Good,Good,Marathi,Good,Good,Good,Guddu,Software Engineer,London,8009800998,,,Naukri.com
88995,Major,Uday,Bhan,uday.bhan@mailinator.com651,7864823665651,7894923645,13/04/1990,M,Single,PAN167694651,No,Behind Yaga Baba Hostel Baner,426194,KANPUR,India,579700,1340000,Mumbai,579000,2,1,30,12/06/2004,13/07/2006,Full Time,Uttar Pradesh State Board,Saraswati Vidya Mandir Kanpur,NA,92,10th,14/02/2007,25/03/2010,Full Time,Uttar Pradesh State Board,Radha Niketan College Kanpur,Electronics & Telecommunication,93,12th,14/03/2010,18/09/2014,Full Time,NITA,Motilal Nehru National Institute of Technology Allahabad,Electronics & Telecommunication,81,BE,20/07/2015,22/01/2018,Full Time,NITIE,NITIE Mumbai,Mining Engineering,87,ME,0,29/03/2017,19/09/2018,Full Time,Junior Technical Consultant,TCS,Manufacturing,AGRA,India,,,,,,,,,English,Good,Good,Good,Hindi,Good,Good,Good,Marathi,Good,Good,Good,Guddu,Software Engineer,London,8009800998,,,Naukri.com
88995,Major,Uday,Bhan,uday.bhan@mailinator.com652,7864823665652,7894923645,13/04/1990,M,Single,PAN167694652,No,Behind Yaga Baba Hostel Baner,426194,KANPUR,India,579700,1340000,Mumbai,579000,2,1,30,12/06/2004,13/07/2006,Full Time,Uttar Pradesh State Board,Saraswati Vidya Mandir Kanpur,NA,92,10th,14/02/2007,25/03/2010,Full Time,Uttar Pradesh State Board,Radha Niketan College Kanpur,Electronics & Telecommunication,93,12th,14/03/2010,18/09/2014,Full Time,NITA,Motilal Nehru National Institute of Technology Allahabad,Electronics & Telecommunication,81,BE,20/07/2015,22/01/2018,Full Time,NITIE,NITIE Mumbai,Mining Engineering,87,ME,0,29/03/2017,19/09/2018,Full Time,Junior Technical Consultant,TCS,Manufacturing,AGRA,India,,,,,,,,,English,Good,Good,Good,Hindi,Good,Good,Good,Marathi,Good,Good,Good,Guddu,Software Engineer,London,8009800998,,,Naukri.com
88995,Major,Uday,Bhan,uday.bhan@mailinator.com653,7864823665653,7894923645,13/04/1990,M,Single,PAN167694653,No,Behind Yaga Baba Hostel Baner,426194,KANPUR,India,579700,1340000,Mumbai,579000,2,1,30,12/06/2004,13/07/2006,Full Time,Uttar Pradesh State Board,Saraswati Vidya Mandir Kanpur,NA,92,10th,14/02/2007,25/03/2010,Full Time,Uttar Pradesh State Board,Radha Niketan College Kanpur,Electronics & Telecommunication,93,12th,14/03/2010,18/09/2014,Full Time,NITA,Motilal Nehru National Institute of Technology Allahabad,Electronics & Telecommunication,81,BE,20/07/2015,22/01/2018,Full Time,NITIE,NITIE Mumbai,Mining Engineering,87,ME,0,29/03/2017,19/09/2018,Full Time,Junior Technical Consultant,TCS,Manufacturing,AGRA,India,,,,,,,,,English,Good,Good,Good,Hindi,Good,Good,Good,Marathi,Good,Good,Good,Guddu,Software Engineer,London,8009800998,,,Naukri.com
88995,Major,Uday,Bhan,uday.bhan@mailinator.com654,7864823665654,7894923645,13/04/1990,M,Single,PAN167694654,No,Behind Yaga Baba Hostel Baner,426194,KANPUR,India,579700,1340000,Mumbai,579000,2,1,30,12/06/2004,13/07/2006,Full Time,Uttar Pradesh State Board,Saraswati Vidya Mandir Kanpur,NA,92,10th,14/02/2007,25/03/2010,Full Time,Uttar Pradesh State Board,Radha Niketan College Kanpur,Electronics & Telecommunication,93,12th,14/03/2010,18/09/2014,Full Time,NITA,Motilal Nehru National Institute of Technology Allahabad,Electronics & Telecommunication,81,BE,20/07/2015,22/01/2018,Full Time,NITIE,NITIE Mumbai,Mining Engineering,87,ME,0,29/03/2017,19/09/2018,Full Time,Junior Technical Consultant,TCS,Manufacturing,AGRA,India,,,,,,,,,English,Good,Good,Good,Hindi,Good,Good,Good,Marathi,Good,Good,Good,Guddu,Software Engineer,London,8009800998,,,Naukri.com
88995,Major,Uday,Bhan,uday.bhan@mailinator.com655,7864823665655,7894923645,13/04/1990,M,Single,PAN167694655,No,Behind Yaga Baba Hostel Baner,426194,KANPUR,India,579700,1340000,Mumbai,579000,2,1,30,12/06/2004,13/07/2006,Full Time,Uttar Pradesh State Board,Saraswati Vidya Mandir Kanpur,NA,92,10th,14/02/2007,25/03/2010,Full Time,Uttar Pradesh State Board,Radha Niketan College Kanpur,Electronics & Telecommunication,93,12th,14/03/2010,18/09/2014,Full Time,NITA,Motilal Nehru National Institute of Technology Allahabad,Electronics & Telecommunication,81,BE,20/07/2015,22/01/2018,Full Time,NITIE,NITIE Mumbai,Mining Engineering,87,ME,0,29/03/2017,19/09/2018,Full Time,Junior Technical Consultant,TCS,Manufacturing,AGRA,India,,,,,,,,,English,Good,Good,Good,Hindi,Good,Good,Good,Marathi,Good,Good,Good,Guddu,Software Engineer,London,8009800998,,,Naukri.com
88995,Major,Uday,Bhan,uday.bhan@mailinator.com656,7864823665656,7894923645,13/04/1990,M,Single,PAN167694656,No,Behind Yaga Baba Hostel Baner,426194,KANPUR,India,579700,1340000,Mumbai,579000,2,1,30,12/06/2004,13/07/2006,Full Time,Uttar Pradesh State Board,Saraswati Vidya Mandir Kanpur,NA,92,10th,14/02/2007,25/03/2010,Full Time,Uttar Pradesh State Board,Radha Niketan College Kanpur,Electronics & Telecommunication,93,12th,14/03/2010,18/09/2014,Full Time,NITA,Motilal Nehru National Institute of Technology Allahabad,Electronics & Telecommunication,81,BE,20/07/2015,22/01/2018,Full Time,NITIE,NITIE Mumbai,Mining Engineering,87,ME,0,29/03/2017,19/09/2018,Full Time,Junior Technical Consultant,TCS,Manufacturing,AGRA,India,,,,,,,,,English,Good,Good,Good,Hindi,Good,Good,Good,Marathi,Good,Good,Good,Guddu,Software Engineer,London,8009800998,,,Naukri.com
88995,Major,Uday,Bhan,uday.bhan@mailinator.com657,7864823665657,7894923645,13/04/1990,M,Single,PAN167694657,No,Behind Yaga Baba Hostel Baner,426194,KANPUR,India,579700,1340000,Mumbai,579000,2,1,30,12/06/2004,13/07/2006,Full Time,Uttar Pradesh State Board,Saraswati Vidya Mandir Kanpur,NA,92,10th,14/02/2007,25/03/2010,Full Time,Uttar Pradesh State Board,Radha Niketan College Kanpur,Electronics & Telecommunication,93,12th,14/03/2010,18/09/2014,Full Time,NITA,Motilal Nehru National Institute of Technology Allahabad,Electronics & Telecommunication,81,BE,20/07/2015,22/01/2018,Full Time,NITIE,NITIE Mumbai,Mining Engineering,87,ME,0,29/03/2017,19/09/2018,Full Time,Junior Technical Consultant,TCS,Manufacturing,AGRA,India,,,,,,,,,English,Good,Good,Good,Hindi,Good,Good,Good,Marathi,Good,Good,Good,Guddu,Software Engineer,London,8009800998,,,Naukri.com
88995,Major,Uday,Bhan,uday.bhan@mailinator.com658,7864823665658,7894923645,13/04/1990,M,Single,PAN167694658,No,Behind Yaga Baba Hostel Baner,426194,KANPUR,India,579700,1340000,Mumbai,579000,2,1,30,12/06/2004,13/07/2006,Full Time,Uttar Pradesh State Board,Saraswati Vidya Mandir Kanpur,NA,92,10th,14/02/2007,25/03/2010,Full Time,Uttar Pradesh State Board,Radha Niketan College Kanpur,Electronics & Telecommunication,93,12th,14/03/2010,18/09/2014,Full Time,NITA,Motilal Nehru National Institute of Technology Allahabad,Electronics & Telecommunication,81,BE,20/07/2015,22/01/2018,Full Time,NITIE,NITIE Mumbai,Mining Engineering,87,ME,0,29/03/2017,19/09/2018,Full Time,Junior Technical Consultant,TCS,Manufacturing,AGRA,India,,,,,,,,,English,Good,Good,Good,Hindi,Good,Good,Good,Marathi,Good,Good,Good,Guddu,Software Engineer,London,8009800998,,,Naukri.com
88995,Major,Uday,Bhan,uday.bhan@mailinator.com659,7864823665659,7894923645,13/04/1990,M,Single,PAN167694659,No,Behind Yaga Baba Hostel Baner,426194,KANPUR,India,579700,1340000,Mumbai,579000,2,1,30,12/06/2004,13/07/2006,Full Time,Uttar Pradesh State Board,Saraswati Vidya Mandir Kanpur,NA,92,10th,14/02/2007,25/03/2010,Full Time,Uttar Pradesh State Board,Radha Niketan College Kanpur,Electronics & Telecommunication,93,12th,14/03/2010,18/09/2014,Full Time,NITA,Motilal Nehru National Institute of Technology Allahabad,Electronics & Telecommunication,81,BE,20/07/2015,22/01/2018,Full Time,NITIE,NITIE Mumbai,Mining Engineering,87,ME,0,29/03/2017,19/09/2018,Full Time,Junior Technical Consultant,TCS,Manufacturing,AGRA,India,,,,,,,,,English,Good,Good,Good,Hindi,Good,Good,Good,Marathi,Good,Good,Good,Guddu,Software Engineer,London,8009800998,,,Naukri.com
88995,Major,Uday,Bhan,uday.bhan@mailinator.com660,7864823665660,7894923645,13/04/1990,M,Single,PAN167694660,No,Behind Yaga Baba Hostel Baner,426194,KANPUR,India,579700,1340000,Mumbai,579000,2,1,30,12/06/2004,13/07/2006,Full Time,Uttar Pradesh State Board,Saraswati Vidya Mandir Kanpur,NA,92,10th,14/02/2007,25/03/2010,Full Time,Uttar Pradesh State Board,Radha Niketan College Kanpur,Electronics & Telecommunication,93,12th,14/03/2010,18/09/2014,Full Time,NITA,Motilal Nehru National Institute of Technology Allahabad,Electronics & Telecommunication,81,BE,20/07/2015,22/01/2018,Full Time,NITIE,NITIE Mumbai,Mining Engineering,87,ME,0,29/03/2017,19/09/2018,Full Time,Junior Technical Consultant,TCS,Manufacturing,AGRA,India,,,,,,,,,English,Good,Good,Good,Hindi,Good,Good,Good,Marathi,Good,Good,Good,Guddu,Software Engineer,London,8009800998,,,Naukri.com
88995,Major,Uday,Bhan,uday.bhan@mailinator.com661,7864823665661,7894923645,13/04/1990,M,Single,PAN167694661,No,Behind Yaga Baba Hostel Baner,426194,KANPUR,India,579700,1340000,Mumbai,579000,2,1,30,12/06/2004,13/07/2006,Full Time,Uttar Pradesh State Board,Saraswati Vidya Mandir Kanpur,NA,92,10th,14/02/2007,25/03/2010,Full Time,Uttar Pradesh State Board,Radha Niketan College Kanpur,Electronics & Telecommunication,93,12th,14/03/2010,18/09/2014,Full Time,NITA,Motilal Nehru National Institute of Technology Allahabad,Electronics & Telecommunication,81,BE,20/07/2015,22/01/2018,Full Time,NITIE,NITIE Mumbai,Mining Engineering,87,ME,0,29/03/2017,19/09/2018,Full Time,Junior Technical Consultant,TCS,Manufacturing,AGRA,India,,,,,,,,,English,Good,Good,Good,Hindi,Good,Good,Good,Marathi,Good,Good,Good,Guddu,Software Engineer,London,8009800998,,,Naukri.com
88995,Major,Uday,Bhan,uday.bhan@mailinator.com662,7864823665662,7894923645,13/04/1990,M,Single,PAN167694662,No,Behind Yaga Baba Hostel Baner,426194,KANPUR,India,579700,1340000,Mumbai,579000,2,1,30,12/06/2004,13/07/2006,Full Time,Uttar Pradesh State Board,Saraswati Vidya Mandir Kanpur,NA,92,10th,14/02/2007,25/03/2010,Full Time,Uttar Pradesh State Board,Radha Niketan College Kanpur,Electronics & Telecommunication,93,12th,14/03/2010,18/09/2014,Full Time,NITA,Motilal Nehru National Institute of Technology Allahabad,Electronics & Telecommunication,81,BE,20/07/2015,22/01/2018,Full Time,NITIE,NITIE Mumbai,Mining Engineering,87,ME,0,29/03/2017,19/09/2018,Full Time,Junior Technical Consultant,TCS,Manufacturing,AGRA,India,,,,,,,,,English,Good,Good,Good,Hindi,Good,Good,Good,Marathi,Good,Good,Good,Guddu,Software Engineer,London,8009800998,,,Naukri.com
88995,Major,Uday,Bhan,uday.bhan@mailinator.com663,7864823665663,7894923645,13/04/1990,M,Single,PAN167694663,No,Behind Yaga Baba Hostel Baner,426194,KANPUR,India,579700,1340000,Mumbai,579000,2,1,30,12/06/2004,13/07/2006,Full Time,Uttar Pradesh State Board,Saraswati Vidya Mandir Kanpur,NA,92,10th,14/02/2007,25/03/2010,Full Time,Uttar Pradesh State Board,Radha Niketan College Kanpur,Electronics & Telecommunication,93,12th,14/03/2010,18/09/2014,Full Time,NITA,Motilal Nehru National Institute of Technology Allahabad,Electronics & Telecommunication,81,BE,20/07/2015,22/01/2018,Full Time,NITIE,NITIE Mumbai,Mining Engineering,87,ME,0,29/03/2017,19/09/2018,Full Time,Junior Technical Consultant,TCS,Manufacturing,AGRA,India,,,,,,,,,English,Good,Good,Good,Hindi,Good,Good,Good,Marathi,Good,Good,Good,Guddu,Software Engineer,London,8009800998,,,Naukri.com
88995,Major,Uday,Bhan,uday.bhan@mailinator.com664,7864823665664,7894923645,13/04/1990,M,Single,PAN167694664,No,Behind Yaga Baba Hostel Baner,426194,KANPUR,India,579700,1340000,Mumbai,579000,2,1,30,12/06/2004,13/07/2006,Full Time,Uttar Pradesh State Board,Saraswati Vidya Mandir Kanpur,NA,92,10th,14/02/2007,25/03/2010,Full Time,Uttar Pradesh State Board,Radha Niketan College Kanpur,Electronics & Telecommunication,93,12th,14/03/2010,18/09/2014,Full Time,NITA,Motilal Nehru National Institute of Technology Allahabad,Electronics & Telecommunication,81,BE,20/07/2015,22/01/2018,Full Time,NITIE,NITIE Mumbai,Mining Engineering,87,ME,0,29/03/2017,19/09/2018,Full Time,Junior Technical Consultant,TCS,Manufacturing,AGRA,India,,,,,,,,,English,Good,Good,Good,Hindi,Good,Good,Good,Marathi,Good,Good,Good,Guddu,Software Engineer,London,8009800998,,,Naukri.com
88995,Major,Uday,Bhan,uday.bhan@mailinator.com665,7864823665665,7894923645,13/04/1990,M,Single,PAN167694665,No,Behind Yaga Baba Hostel Baner,426194,KANPUR,India,579700,1340000,Mumbai,579000,2,1,30,12/06/2004,13/07/2006,Full Time,Uttar Pradesh State Board,Saraswati Vidya Mandir Kanpur,NA,92,10th,14/02/2007,25/03/2010,Full Time,Uttar Pradesh State Board,Radha Niketan College Kanpur,Electronics & Telecommunication,93,12th,14/03/2010,18/09/2014,Full Time,NITA,Motilal Nehru National Institute of Technology Allahabad,Electronics & Telecommunication,81,BE,20/07/2015,22/01/2018,Full Time,NITIE,NITIE Mumbai,Mining Engineering,87,ME,0,29/03/2017,19/09/2018,Full Time,Junior Technical Consultant,TCS,Manufacturing,AGRA,India,,,,,,,,,English,Good,Good,Good,Hindi,Good,Good,Good,Marathi,Good,Good,Good,Guddu,Software Engineer,London,8009800998,,,Naukri.com
88995,Major,Uday,Bhan,uday.bhan@mailinator.com666,7864823665666,7894923645,13/04/1990,M,Single,PAN167694666,No,Behind Yaga Baba Hostel Baner,426194,KANPUR,India,579700,1340000,Mumbai,579000,2,1,30,12/06/2004,13/07/2006,Full Time,Uttar Pradesh State Board,Saraswati Vidya Mandir Kanpur,NA,92,10th,14/02/2007,25/03/2010,Full Time,Uttar Pradesh State Board,Radha Niketan College Kanpur,Electronics & Telecommunication,93,12th,14/03/2010,18/09/2014,Full Time,NITA,Motilal Nehru National Institute of Technology Allahabad,Electronics & Telecommunication,81,BE,20/07/2015,22/01/2018,Full Time,NITIE,NITIE Mumbai,Mining Engineering,87,ME,0,29/03/2017,19/09/2018,Full Time,Junior Technical Consultant,TCS,Manufacturing,AGRA,India,,,,,,,,,English,Good,Good,Good,Hindi,Good,Good,Good,Marathi,Good,Good,Good,Guddu,Software Engineer,London,8009800998,,,Naukri.com
88995,Major,Uday,Bhan,uday.bhan@mailinator.com667,7864823665667,7894923645,13/04/1990,M,Single,PAN167694667,No,Behind Yaga Baba Hostel Baner,426194,KANPUR,India,579700,1340000,Mumbai,579000,2,1,30,12/06/2004,13/07/2006,Full Time,Uttar Pradesh State Board,Saraswati Vidya Mandir Kanpur,NA,92,10th,14/02/2007,25/03/2010,Full Time,Uttar Pradesh State Board,Radha Niketan College Kanpur,Electronics & Telecommunication,93,12th,14/03/2010,18/09/2014,Full Time,NITA,Motilal Nehru National Institute of Technology Allahabad,Electronics & Telecommunication,81,BE,20/07/2015,22/01/2018,Full Time,NITIE,NITIE Mumbai,Mining Engineering,87,ME,0,29/03/2017,19/09/2018,Full Time,Junior Technical Consultant,TCS,Manufacturing,AGRA,India,,,,,,,,,English,Good,Good,Good,Hindi,Good,Good,Good,Marathi,Good,Good,Good,Guddu,Software Engineer,London,8009800998,,,Naukri.com
88995,Major,Uday,Bhan,uday.bhan@mailinator.com668,7864823665668,7894923645,13/04/1990,M,Single,PAN167694668,No,Behind Yaga Baba Hostel Baner,426194,KANPUR,India,579700,1340000,Mumbai,579000,2,1,30,12/06/2004,13/07/2006,Full Time,Uttar Pradesh State Board,Saraswati Vidya Mandir Kanpur,NA,92,10th,14/02/2007,25/03/2010,Full Time,Uttar Pradesh State Board,Radha Niketan College Kanpur,Electronics & Telecommunication,93,12th,14/03/2010,18/09/2014,Full Time,NITA,Motilal Nehru National Institute of Technology Allahabad,Electronics & Telecommunication,81,BE,20/07/2015,22/01/2018,Full Time,NITIE,NITIE Mumbai,Mining Engineering,87,ME,0,29/03/2017,19/09/2018,Full Time,Junior Technical Consultant,TCS,Manufacturing,AGRA,India,,,,,,,,,English,Good,Good,Good,Hindi,Good,Good,Good,Marathi,Good,Good,Good,Guddu,Software Engineer,London,8009800998,,,Naukri.com
88995,Major,Uday,Bhan,uday.bhan@mailinator.com669,7864823665669,7894923645,13/04/1990,M,Single,PAN167694669,No,Behind Yaga Baba Hostel Baner,426194,KANPUR,India,579700,1340000,Mumbai,579000,2,1,30,12/06/2004,13/07/2006,Full Time,Uttar Pradesh State Board,Saraswati Vidya Mandir Kanpur,NA,92,10th,14/02/2007,25/03/2010,Full Time,Uttar Pradesh State Board,Radha Niketan College Kanpur,Electronics & Telecommunication,93,12th,14/03/2010,18/09/2014,Full Time,NITA,Motilal Nehru National Institute of Technology Allahabad,Electronics & Telecommunication,81,BE,20/07/2015,22/01/2018,Full Time,NITIE,NITIE Mumbai,Mining Engineering,87,ME,0,29/03/2017,19/09/2018,Full Time,Junior Technical Consultant,TCS,Manufacturing,AGRA,India,,,,,,,,,English,Good,Good,Good,Hindi,Good,Good,Good,Marathi,Good,Good,Good,Guddu,Software Engineer,London,8009800998,,,Naukri.com
88995,Major,Uday,Bhan,uday.bhan@mailinator.com670,7864823665670,7894923645,13/04/1990,M,Single,PAN167694670,No,Behind Yaga Baba Hostel Baner,426194,KANPUR,India,579700,1340000,Mumbai,579000,2,1,30,12/06/2004,13/07/2006,Full Time,Uttar Pradesh State Board,Saraswati Vidya Mandir Kanpur,NA,92,10th,14/02/2007,25/03/2010,Full Time,Uttar Pradesh State Board,Radha Niketan College Kanpur,Electronics & Telecommunication,93,12th,14/03/2010,18/09/2014,Full Time,NITA,Motilal Nehru National Institute of Technology Allahabad,Electronics & Telecommunication,81,BE,20/07/2015,22/01/2018,Full Time,NITIE,NITIE Mumbai,Mining Engineering,87,ME,0,29/03/2017,19/09/2018,Full Time,Junior Technical Consultant,TCS,Manufacturing,AGRA,India,,,,,,,,,English,Good,Good,Good,Hindi,Good,Good,Good,Marathi,Good,Good,Good,Guddu,Software Engineer,London,8009800998,,,Naukri.com
88995,Major,Uday,Bhan,uday.bhan@mailinator.com671,7864823665671,7894923645,13/04/1990,M,Single,PAN167694671,No,Behind Yaga Baba Hostel Baner,426194,KANPUR,India,579700,1340000,Mumbai,579000,2,1,30,12/06/2004,13/07/2006,Full Time,Uttar Pradesh State Board,Saraswati Vidya Mandir Kanpur,NA,92,10th,14/02/2007,25/03/2010,Full Time,Uttar Pradesh State Board,Radha Niketan College Kanpur,Electronics & Telecommunication,93,12th,14/03/2010,18/09/2014,Full Time,NITA,Motilal Nehru National Institute of Technology Allahabad,Electronics & Telecommunication,81,BE,20/07/2015,22/01/2018,Full Time,NITIE,NITIE Mumbai,Mining Engineering,87,ME,0,29/03/2017,19/09/2018,Full Time,Junior Technical Consultant,TCS,Manufacturing,AGRA,India,,,,,,,,,English,Good,Good,Good,Hindi,Good,Good,Good,Marathi,Good,Good,Good,Guddu,Software Engineer,London,8009800998,,,Naukri.com
88995,Major,Uday,Bhan,uday.bhan@mailinator.com672,7864823665672,7894923645,13/04/1990,M,Single,PAN167694672,No,Behind Yaga Baba Hostel Baner,426194,KANPUR,India,579700,1340000,Mumbai,579000,2,1,30,12/06/2004,13/07/2006,Full Time,Uttar Pradesh State Board,Saraswati Vidya Mandir Kanpur,NA,92,10th,14/02/2007,25/03/2010,Full Time,Uttar Pradesh State Board,Radha Niketan College Kanpur,Electronics & Telecommunication,93,12th,14/03/2010,18/09/2014,Full Time,NITA,Motilal Nehru National Institute of Technology Allahabad,Electronics & Telecommunication,81,BE,20/07/2015,22/01/2018,Full Time,NITIE,NITIE Mumbai,Mining Engineering,87,ME,0,29/03/2017,19/09/2018,Full Time,Junior Technical Consultant,TCS,Manufacturing,AGRA,India,,,,,,,,,English,Good,Good,Good,Hindi,Good,Good,Good,Marathi,Good,Good,Good,Guddu,Software Engineer,London,8009800998,,,Naukri.com
88995,Major,Uday,Bhan,uday.bhan@mailinator.com673,7864823665673,7894923645,13/04/1990,M,Single,PAN167694673,No,Behind Yaga Baba Hostel Baner,426194,KANPUR,India,579700,1340000,Mumbai,579000,2,1,30,12/06/2004,13/07/2006,Full Time,Uttar Pradesh State Board,Saraswati Vidya Mandir Kanpur,NA,92,10th,14/02/2007,25/03/2010,Full Time,Uttar Pradesh State Board,Radha Niketan College Kanpur,Electronics & Telecommunication,93,12th,14/03/2010,18/09/2014,Full Time,NITA,Motilal Nehru National Institute of Technology Allahabad,Electronics & Telecommunication,81,BE,20/07/2015,22/01/2018,Full Time,NITIE,NITIE Mumbai,Mining Engineering,87,ME,0,29/03/2017,19/09/2018,Full Time,Junior Technical Consultant,TCS,Manufacturing,AGRA,India,,,,,,,,,English,Good,Good,Good,Hindi,Good,Good,Good,Marathi,Good,Good,Good,Guddu,Software Engineer,London,8009800998,,,Naukri.com
88995,Major,Uday,Bhan,uday.bhan@mailinator.com674,7864823665674,7894923645,13/04/1990,M,Single,PAN167694674,No,Behind Yaga Baba Hostel Baner,426194,KANPUR,India,579700,1340000,Mumbai,579000,2,1,30,12/06/2004,13/07/2006,Full Time,Uttar Pradesh State Board,Saraswati Vidya Mandir Kanpur,NA,92,10th,14/02/2007,25/03/2010,Full Time,Uttar Pradesh State Board,Radha Niketan College Kanpur,Electronics & Telecommunication,93,12th,14/03/2010,18/09/2014,Full Time,NITA,Motilal Nehru National Institute of Technology Allahabad,Electronics & Telecommunication,81,BE,20/07/2015,22/01/2018,Full Time,NITIE,NITIE Mumbai,Mining Engineering,87,ME,0,29/03/2017,19/09/2018,Full Time,Junior Technical Consultant,TCS,Manufacturing,AGRA,India,,,,,,,,,English,Good,Good,Good,Hindi,Good,Good,Good,Marathi,Good,Good,Good,Guddu,Software Engineer,London,8009800998,,,Naukri.com
88995,Major,Uday,Bhan,uday.bhan@mailinator.com675,7864823665675,7894923645,13/04/1990,M,Single,PAN167694675,No,Behind Yaga Baba Hostel Baner,426194,KANPUR,India,579700,1340000,Mumbai,579000,2,1,30,12/06/2004,13/07/2006,Full Time,Uttar Pradesh State Board,Saraswati Vidya Mandir Kanpur,NA,92,10th,14/02/2007,25/03/2010,Full Time,Uttar Pradesh State Board,Radha Niketan College Kanpur,Electronics & Telecommunication,93,12th,14/03/2010,18/09/2014,Full Time,NITA,Motilal Nehru National Institute of Technology Allahabad,Electronics & Telecommunication,81,BE,20/07/2015,22/01/2018,Full Time,NITIE,NITIE Mumbai,Mining Engineering,87,ME,0,29/03/2017,19/09/2018,Full Time,Junior Technical Consultant,TCS,Manufacturing,AGRA,India,,,,,,,,,English,Good,Good,Good,Hindi,Good,Good,Good,Marathi,Good,Good,Good,Guddu,Software Engineer,London,8009800998,,,Naukri.com
88995,Major,Uday,Bhan,uday.bhan@mailinator.com676,7864823665676,7894923645,13/04/1990,M,Single,PAN167694676,No,Behind Yaga Baba Hostel Baner,426194,KANPUR,India,579700,1340000,Mumbai,579000,2,1,30,12/06/2004,13/07/2006,Full Time,Uttar Pradesh State Board,Saraswati Vidya Mandir Kanpur,NA,92,10th,14/02/2007,25/03/2010,Full Time,Uttar Pradesh State Board,Radha Niketan College Kanpur,Electronics & Telecommunication,93,12th,14/03/2010,18/09/2014,Full Time,NITA,Motilal Nehru National Institute of Technology Allahabad,Electronics & Telecommunication,81,BE,20/07/2015,22/01/2018,Full Time,NITIE,NITIE Mumbai,Mining Engineering,87,ME,0,29/03/2017,19/09/2018,Full Time,Junior Technical Consultant,TCS,Manufacturing,AGRA,India,,,,,,,,,English,Good,Good,Good,Hindi,Good,Good,Good,Marathi,Good,Good,Good,Guddu,Software Engineer,London,8009800998,,,Naukri.com
88995,Major,Uday,Bhan,uday.bhan@mailinator.com677,7864823665677,7894923645,13/04/1990,M,Single,PAN167694677,No,Behind Yaga Baba Hostel Baner,426194,KANPUR,India,579700,1340000,Mumbai,579000,2,1,30,12/06/2004,13/07/2006,Full Time,Uttar Pradesh State Board,Saraswati Vidya Mandir Kanpur,NA,92,10th,14/02/2007,25/03/2010,Full Time,Uttar Pradesh State Board,Radha Niketan College Kanpur,Electronics & Telecommunication,93,12th,14/03/2010,18/09/2014,Full Time,NITA,Motilal Nehru National Institute of Technology Allahabad,Electronics & Telecommunication,81,BE,20/07/2015,22/01/2018,Full Time,NITIE,NITIE Mumbai,Mining Engineering,87,ME,0,29/03/2017,19/09/2018,Full Time,Junior Technical Consultant,TCS,Manufacturing,AGRA,India,,,,,,,,,English,Good,Good,Good,Hindi,Good,Good,Good,Marathi,Good,Good,Good,Guddu,Software Engineer,London,8009800998,,,Naukri.com
88995,Major,Uday,Bhan,uday.bhan@mailinator.com678,7864823665678,7894923645,13/04/1990,M,Single,PAN167694678,No,Behind Yaga Baba Hostel Baner,426194,KANPUR,India,579700,1340000,Mumbai,579000,2,1,30,12/06/2004,13/07/2006,Full Time,Uttar Pradesh State Board,Saraswati Vidya Mandir Kanpur,NA,92,10th,14/02/2007,25/03/2010,Full Time,Uttar Pradesh State Board,Radha Niketan College Kanpur,Electronics & Telecommunication,93,12th,14/03/2010,18/09/2014,Full Time,NITA,Motilal Nehru National Institute of Technology Allahabad,Electronics & Telecommunication,81,BE,20/07/2015,22/01/2018,Full Time,NITIE,NITIE Mumbai,Mining Engineering,87,ME,0,29/03/2017,19/09/2018,Full Time,Junior Technical Consultant,TCS,Manufacturing,AGRA,India,,,,,,,,,English,Good,Good,Good,Hindi,Good,Good,Good,Marathi,Good,Good,Good,Guddu,Software Engineer,London,8009800998,,,Naukri.com
88995,Major,Uday,Bhan,uday.bhan@mailinator.com679,7864823665679,7894923645,13/04/1990,M,Single,PAN167694679,No,Behind Yaga Baba Hostel Baner,426194,KANPUR,India,579700,1340000,Mumbai,579000,2,1,30,12/06/2004,13/07/2006,Full Time,Uttar Pradesh State Board,Saraswati Vidya Mandir Kanpur,NA,92,10th,14/02/2007,25/03/2010,Full Time,Uttar Pradesh State Board,Radha Niketan College Kanpur,Electronics & Telecommunication,93,12th,14/03/2010,18/09/2014,Full Time,NITA,Motilal Nehru National Institute of Technology Allahabad,Electronics & Telecommunication,81,BE,20/07/2015,22/01/2018,Full Time,NITIE,NITIE Mumbai,Mining Engineering,87,ME,0,29/03/2017,19/09/2018,Full Time,Junior Technical Consultant,TCS,Manufacturing,AGRA,India,,,,,,,,,English,Good,Good,Good,Hindi,Good,Good,Good,Marathi,Good,Good,Good,Guddu,Software Engineer,London,8009800998,,,Naukri.com
88995,Major,Uday,Bhan,uday.bhan@mailinator.com680,7864823665680,7894923645,13/04/1990,M,Single,PAN167694680,No,Behind Yaga Baba Hostel Baner,426194,KANPUR,India,579700,1340000,Mumbai,579000,2,1,30,12/06/2004,13/07/2006,Full Time,Uttar Pradesh State Board,Saraswati Vidya Mandir Kanpur,NA,92,10th,14/02/2007,25/03/2010,Full Time,Uttar Pradesh State Board,Radha Niketan College Kanpur,Electronics & Telecommunication,93,12th,14/03/2010,18/09/2014,Full Time,NITA,Motilal Nehru National Institute of Technology Allahabad,Electronics & Telecommunication,81,BE,20/07/2015,22/01/2018,Full Time,NITIE,NITIE Mumbai,Mining Engineering,87,ME,0,29/03/2017,19/09/2018,Full Time,Junior Technical Consultant,TCS,Manufacturing,AGRA,India,,,,,,,,,English,Good,Good,Good,Hindi,Good,Good,Good,Marathi,Good,Good,Good,Guddu,Software Engineer,London,8009800998,,,Naukri.com
88995,Major,Uday,Bhan,uday.bhan@mailinator.com681,7864823665681,7894923645,13/04/1990,M,Single,PAN167694681,No,Behind Yaga Baba Hostel Baner,426194,KANPUR,India,579700,1340000,Mumbai,579000,2,1,30,12/06/2004,13/07/2006,Full Time,Uttar Pradesh State Board,Saraswati Vidya Mandir Kanpur,NA,92,10th,14/02/2007,25/03/2010,Full Time,Uttar Pradesh State Board,Radha Niketan College Kanpur,Electronics & Telecommunication,93,12th,14/03/2010,18/09/2014,Full Time,NITA,Motilal Nehru National Institute of Technology Allahabad,Electronics & Telecommunication,81,BE,20/07/2015,22/01/2018,Full Time,NITIE,NITIE Mumbai,Mining Engineering,87,ME,0,29/03/2017,19/09/2018,Full Time,Junior Technical Consultant,TCS,Manufacturing,AGRA,India,,,,,,,,,English,Good,Good,Good,Hindi,Good,Good,Good,Marathi,Good,Good,Good,Guddu,Software Engineer,London,8009800998,,,Naukri.com
88995,Major,Uday,Bhan,uday.bhan@mailinator.com682,7864823665682,7894923645,13/04/1990,M,Single,PAN167694682,No,Behind Yaga Baba Hostel Baner,426194,KANPUR,India,579700,1340000,Mumbai,579000,2,1,30,12/06/2004,13/07/2006,Full Time,Uttar Pradesh State Board,Saraswati Vidya Mandir Kanpur,NA,92,10th,14/02/2007,25/03/2010,Full Time,Uttar Pradesh State Board,Radha Niketan College Kanpur,Electronics & Telecommunication,93,12th,14/03/2010,18/09/2014,Full Time,NITA,Motilal Nehru National Institute of Technology Allahabad,Electronics & Telecommunication,81,BE,20/07/2015,22/01/2018,Full Time,NITIE,NITIE Mumbai,Mining Engineering,87,ME,0,29/03/2017,19/09/2018,Full Time,Junior Technical Consultant,TCS,Manufacturing,AGRA,India,,,,,,,,,English,Good,Good,Good,Hindi,Good,Good,Good,Marathi,Good,Good,Good,Guddu,Software Engineer,London,8009800998,,,Naukri.com
88995,Major,Uday,Bhan,uday.bhan@mailinator.com683,7864823665683,7894923645,13/04/1990,M,Single,PAN167694683,No,Behind Yaga Baba Hostel Baner,426194,KANPUR,India,579700,1340000,Mumbai,579000,2,1,30,12/06/2004,13/07/2006,Full Time,Uttar Pradesh State Board,Saraswati Vidya Mandir Kanpur,NA,92,10th,14/02/2007,25/03/2010,Full Time,Uttar Pradesh State Board,Radha Niketan College Kanpur,Electronics & Telecommunication,93,12th,14/03/2010,18/09/2014,Full Time,NITA,Motilal Nehru National Institute of Technology Allahabad,Electronics & Telecommunication,81,BE,20/07/2015,22/01/2018,Full Time,NITIE,NITIE Mumbai,Mining Engineering,87,ME,0,29/03/2017,19/09/2018,Full Time,Junior Technical Consultant,TCS,Manufacturing,AGRA,India,,,,,,,,,English,Good,Good,Good,Hindi,Good,Good,Good,Marathi,Good,Good,Good,Guddu,Software Engineer,London,8009800998,,,Naukri.com
88995,Major,Uday,Bhan,uday.bhan@mailinator.com684,7864823665684,7894923645,13/04/1990,M,Single,PAN167694684,No,Behind Yaga Baba Hostel Baner,426194,KANPUR,India,579700,1340000,Mumbai,579000,2,1,30,12/06/2004,13/07/2006,Full Time,Uttar Pradesh State Board,Saraswati Vidya Mandir Kanpur,NA,92,10th,14/02/2007,25/03/2010,Full Time,Uttar Pradesh State Board,Radha Niketan College Kanpur,Electronics & Telecommunication,93,12th,14/03/2010,18/09/2014,Full Time,NITA,Motilal Nehru National Institute of Technology Allahabad,Electronics & Telecommunication,81,BE,20/07/2015,22/01/2018,Full Time,NITIE,NITIE Mumbai,Mining Engineering,87,ME,0,29/03/2017,19/09/2018,Full Time,Junior Technical Consultant,TCS,Manufacturing,AGRA,India,,,,,,,,,English,Good,Good,Good,Hindi,Good,Good,Good,Marathi,Good,Good,Good,Guddu,Software Engineer,London,8009800998,,,Naukri.com
88995,Major,Uday,Bhan,uday.bhan@mailinator.com685,7864823665685,7894923645,13/04/1990,M,Single,PAN167694685,No,Behind Yaga Baba Hostel Baner,426194,KANPUR,India,579700,1340000,Mumbai,579000,2,1,30,12/06/2004,13/07/2006,Full Time,Uttar Pradesh State Board,Saraswati Vidya Mandir Kanpur,NA,92,10th,14/02/2007,25/03/2010,Full Time,Uttar Pradesh State Board,Radha Niketan College Kanpur,Electronics & Telecommunication,93,12th,14/03/2010,18/09/2014,Full Time,NITA,Motilal Nehru National Institute of Technology Allahabad,Electronics & Telecommunication,81,BE,20/07/2015,22/01/2018,Full Time,NITIE,NITIE Mumbai,Mining Engineering,87,ME,0,29/03/2017,19/09/2018,Full Time,Junior Technical Consultant,TCS,Manufacturing,AGRA,India,,,,,,,,,English,Good,Good,Good,Hindi,Good,Good,Good,Marathi,Good,Good,Good,Guddu,Software Engineer,London,8009800998,,,Naukri.com
88995,Major,Uday,Bhan,uday.bhan@mailinator.com686,7864823665686,7894923645,13/04/1990,M,Single,PAN167694686,No,Behind Yaga Baba Hostel Baner,426194,KANPUR,India,579700,1340000,Mumbai,579000,2,1,30,12/06/2004,13/07/2006,Full Time,Uttar Pradesh State Board,Saraswati Vidya Mandir Kanpur,NA,92,10th,14/02/2007,25/03/2010,Full Time,Uttar Pradesh State Board,Radha Niketan College Kanpur,Electronics & Telecommunication,93,12th,14/03/2010,18/09/2014,Full Time,NITA,Motilal Nehru National Institute of Technology Allahabad,Electronics & Telecommunication,81,BE,20/07/2015,22/01/2018,Full Time,NITIE,NITIE Mumbai,Mining Engineering,87,ME,0,29/03/2017,19/09/2018,Full Time,Junior Technical Consultant,TCS,Manufacturing,AGRA,India,,,,,,,,,English,Good,Good,Good,Hindi,Good,Good,Good,Marathi,Good,Good,Good,Guddu,Software Engineer,London,8009800998,,,Naukri.com
88995,Major,Uday,Bhan,uday.bhan@mailinator.com687,7864823665687,7894923645,13/04/1990,M,Single,PAN167694687,No,Behind Yaga Baba Hostel Baner,426194,KANPUR,India,579700,1340000,Mumbai,579000,2,1,30,12/06/2004,13/07/2006,Full Time,Uttar Pradesh State Board,Saraswati Vidya Mandir Kanpur,NA,92,10th,14/02/2007,25/03/2010,Full Time,Uttar Pradesh State Board,Radha Niketan College Kanpur,Electronics & Telecommunication,93,12th,14/03/2010,18/09/2014,Full Time,NITA,Motilal Nehru National Institute of Technology Allahabad,Electronics & Telecommunication,81,BE,20/07/2015,22/01/2018,Full Time,NITIE,NITIE Mumbai,Mining Engineering,87,ME,0,29/03/2017,19/09/2018,Full Time,Junior Technical Consultant,TCS,Manufacturing,AGRA,India,,,,,,,,,English,Good,Good,Good,Hindi,Good,Good,Good,Marathi,Good,Good,Good,Guddu,Software Engineer,London,8009800998,,,Naukri.com
88995,Major,Uday,Bhan,uday.bhan@mailinator.com688,7864823665688,7894923645,13/04/1990,M,Single,PAN167694688,No,Behind Yaga Baba Hostel Baner,426194,KANPUR,India,579700,1340000,Mumbai,579000,2,1,30,12/06/2004,13/07/2006,Full Time,Uttar Pradesh State Board,Saraswati Vidya Mandir Kanpur,NA,92,10th,14/02/2007,25/03/2010,Full Time,Uttar Pradesh State Board,Radha Niketan College Kanpur,Electronics & Telecommunication,93,12th,14/03/2010,18/09/2014,Full Time,NITA,Motilal Nehru National Institute of Technology Allahabad,Electronics & Telecommunication,81,BE,20/07/2015,22/01/2018,Full Time,NITIE,NITIE Mumbai,Mining Engineering,87,ME,0,29/03/2017,19/09/2018,Full Time,Junior Technical Consultant,TCS,Manufacturing,AGRA,India,,,,,,,,,English,Good,Good,Good,Hindi,Good,Good,Good,Marathi,Good,Good,Good,Guddu,Software Engineer,London,8009800998,,,Naukri.com
88995,Major,Uday,Bhan,uday.bhan@mailinator.com689,7864823665689,7894923645,13/04/1990,M,Single,PAN167694689,No,Behind Yaga Baba Hostel Baner,426194,KANPUR,India,579700,1340000,Mumbai,579000,2,1,30,12/06/2004,13/07/2006,Full Time,Uttar Pradesh State Board,Saraswati Vidya Mandir Kanpur,NA,92,10th,14/02/2007,25/03/2010,Full Time,Uttar Pradesh State Board,Radha Niketan College Kanpur,Electronics & Telecommunication,93,12th,14/03/2010,18/09/2014,Full Time,NITA,Motilal Nehru National Institute of Technology Allahabad,Electronics & Telecommunication,81,BE,20/07/2015,22/01/2018,Full Time,NITIE,NITIE Mumbai,Mining Engineering,87,ME,0,29/03/2017,19/09/2018,Full Time,Junior Technical Consultant,TCS,Manufacturing,AGRA,India,,,,,,,,,English,Good,Good,Good,Hindi,Good,Good,Good,Marathi,Good,Good,Good,Guddu,Software Engineer,London,8009800998,,,Naukri.com
88995,Major,Uday,Bhan,uday.bhan@mailinator.com690,7864823665690,7894923645,13/04/1990,M,Single,PAN167694690,No,Behind Yaga Baba Hostel Baner,426194,KANPUR,India,579700,1340000,Mumbai,579000,2,1,30,12/06/2004,13/07/2006,Full Time,Uttar Pradesh State Board,Saraswati Vidya Mandir Kanpur,NA,92,10th,14/02/2007,25/03/2010,Full Time,Uttar Pradesh State Board,Radha Niketan College Kanpur,Electronics & Telecommunication,93,12th,14/03/2010,18/09/2014,Full Time,NITA,Motilal Nehru National Institute of Technology Allahabad,Electronics & Telecommunication,81,BE,20/07/2015,22/01/2018,Full Time,NITIE,NITIE Mumbai,Mining Engineering,87,ME,0,29/03/2017,19/09/2018,Full Time,Junior Technical Consultant,TCS,Manufacturing,AGRA,India,,,,,,,,,English,Good,Good,Good,Hindi,Good,Good,Good,Marathi,Good,Good,Good,Guddu,Software Engineer,London,8009800998,,,Naukri.com
88995,Major,Uday,Bhan,uday.bhan@mailinator.com691,7864823665691,7894923645,13/04/1990,M,Single,PAN167694691,No,Behind Yaga Baba Hostel Baner,426194,KANPUR,India,579700,1340000,Mumbai,579000,2,1,30,12/06/2004,13/07/2006,Full Time,Uttar Pradesh State Board,Saraswati Vidya Mandir Kanpur,NA,92,10th,14/02/2007,25/03/2010,Full Time,Uttar Pradesh State Board,Radha Niketan College Kanpur,Electronics & Telecommunication,93,12th,14/03/2010,18/09/2014,Full Time,NITA,Motilal Nehru National Institute of Technology Allahabad,Electronics & Telecommunication,81,BE,20/07/2015,22/01/2018,Full Time,NITIE,NITIE Mumbai,Mining Engineering,87,ME,0,29/03/2017,19/09/2018,Full Time,Junior Technical Consultant,TCS,Manufacturing,AGRA,India,,,,,,,,,English,Good,Good,Good,Hindi,Good,Good,Good,Marathi,Good,Good,Good,Guddu,Software Engineer,London,8009800998,,,Naukri.com
88995,Major,Uday,Bhan,uday.bhan@mailinator.com692,7864823665692,7894923645,13/04/1990,M,Single,PAN167694692,No,Behind Yaga Baba Hostel Baner,426194,KANPUR,India,579700,1340000,Mumbai,579000,2,1,30,12/06/2004,13/07/2006,Full Time,Uttar Pradesh State Board,Saraswati Vidya Mandir Kanpur,NA,92,10th,14/02/2007,25/03/2010,Full Time,Uttar Pradesh State Board,Radha Niketan College Kanpur,Electronics & Telecommunication,93,12th,14/03/2010,18/09/2014,Full Time,NITA,Motilal Nehru National Institute of Technology Allahabad,Electronics & Telecommunication,81,BE,20/07/2015,22/01/2018,Full Time,NITIE,NITIE Mumbai,Mining Engineering,87,ME,0,29/03/2017,19/09/2018,Full Time,Junior Technical Consultant,TCS,Manufacturing,AGRA,India,,,,,,,,,English,Good,Good,Good,Hindi,Good,Good,Good,Marathi,Good,Good,Good,Guddu,Software Engineer,London,8009800998,,,Naukri.com
88995,Major,Uday,Bhan,uday.bhan@mailinator.com693,7864823665693,7894923645,13/04/1990,M,Single,PAN167694693,No,Behind Yaga Baba Hostel Baner,426194,KANPUR,India,579700,1340000,Mumbai,579000,2,1,30,12/06/2004,13/07/2006,Full Time,Uttar Pradesh State Board,Saraswati Vidya Mandir Kanpur,NA,92,10th,14/02/2007,25/03/2010,Full Time,Uttar Pradesh State Board,Radha Niketan College Kanpur,Electronics & Telecommunication,93,12th,14/03/2010,18/09/2014,Full Time,NITA,Motilal Nehru National Institute of Technology Allahabad,Electronics & Telecommunication,81,BE,20/07/2015,22/01/2018,Full Time,NITIE,NITIE Mumbai,Mining Engineering,87,ME,0,29/03/2017,19/09/2018,Full Time,Junior Technical Consultant,TCS,Manufacturing,AGRA,India,,,,,,,,,English,Good,Good,Good,Hindi,Good,Good,Good,Marathi,Good,Good,Good,Guddu,Software Engineer,London,8009800998,,,Naukri.com
88995,Major,Uday,Bhan,uday.bhan@mailinator.com694,7864823665694,7894923645,13/04/1990,M,Single,PAN167694694,No,Behind Yaga Baba Hostel Baner,426194,KANPUR,India,579700,1340000,Mumbai,579000,2,1,30,12/06/2004,13/07/2006,Full Time,Uttar Pradesh State Board,Saraswati Vidya Mandir Kanpur,NA,92,10th,14/02/2007,25/03/2010,Full Time,Uttar Pradesh State Board,Radha Niketan College Kanpur,Electronics & Telecommunication,93,12th,14/03/2010,18/09/2014,Full Time,NITA,Motilal Nehru National Institute of Technology Allahabad,Electronics & Telecommunication,81,BE,20/07/2015,22/01/2018,Full Time,NITIE,NITIE Mumbai,Mining Engineering,87,ME,0,29/03/2017,19/09/2018,Full Time,Junior Technical Consultant,TCS,Manufacturing,AGRA,India,,,,,,,,,English,Good,Good,Good,Hindi,Good,Good,Good,Marathi,Good,Good,Good,Guddu,Software Engineer,London,8009800998,,,Naukri.com
88995,Major,Uday,Bhan,uday.bhan@mailinator.com695,7864823665695,7894923645,13/04/1990,M,Single,PAN167694695,No,Behind Yaga Baba Hostel Baner,426194,KANPUR,India,579700,1340000,Mumbai,579000,2,1,30,12/06/2004,13/07/2006,Full Time,Uttar Pradesh State Board,Saraswati Vidya Mandir Kanpur,NA,92,10th,14/02/2007,25/03/2010,Full Time,Uttar Pradesh State Board,Radha Niketan College Kanpur,Electronics & Telecommunication,93,12th,14/03/2010,18/09/2014,Full Time,NITA,Motilal Nehru National Institute of Technology Allahabad,Electronics & Telecommunication,81,BE,20/07/2015,22/01/2018,Full Time,NITIE,NITIE Mumbai,Mining Engineering,87,ME,0,29/03/2017,19/09/2018,Full Time,Junior Technical Consultant,TCS,Manufacturing,AGRA,India,,,,,,,,,English,Good,Good,Good,Hindi,Good,Good,Good,Marathi,Good,Good,Good,Guddu,Software Engineer,London,8009800998,,,Naukri.com
88995,Major,Uday,Bhan,uday.bhan@mailinator.com696,7864823665696,7894923645,13/04/1990,M,Single,PAN167694696,No,Behind Yaga Baba Hostel Baner,426194,KANPUR,India,579700,1340000,Mumbai,579000,2,1,30,12/06/2004,13/07/2006,Full Time,Uttar Pradesh State Board,Saraswati Vidya Mandir Kanpur,NA,92,10th,14/02/2007,25/03/2010,Full Time,Uttar Pradesh State Board,Radha Niketan College Kanpur,Electronics & Telecommunication,93,12th,14/03/2010,18/09/2014,Full Time,NITA,Motilal Nehru National Institute of Technology Allahabad,Electronics & Telecommunication,81,BE,20/07/2015,22/01/2018,Full Time,NITIE,NITIE Mumbai,Mining Engineering,87,ME,0,29/03/2017,19/09/2018,Full Time,Junior Technical Consultant,TCS,Manufacturing,AGRA,India,,,,,,,,,English,Good,Good,Good,Hindi,Good,Good,Good,Marathi,Good,Good,Good,Guddu,Software Engineer,London,8009800998,,,Naukri.com
88995,Major,Uday,Bhan,uday.bhan@mailinator.com697,7864823665697,7894923645,13/04/1990,M,Single,PAN167694697,No,Behind Yaga Baba Hostel Baner,426194,KANPUR,India,579700,1340000,Mumbai,579000,2,1,30,12/06/2004,13/07/2006,Full Time,Uttar Pradesh State Board,Saraswati Vidya Mandir Kanpur,NA,92,10th,14/02/2007,25/03/2010,Full Time,Uttar Pradesh State Board,Radha Niketan College Kanpur,Electronics & Telecommunication,93,12th,14/03/2010,18/09/2014,Full Time,NITA,Motilal Nehru National Institute of Technology Allahabad,Electronics & Telecommunication,81,BE,20/07/2015,22/01/2018,Full Time,NITIE,NITIE Mumbai,Mining Engineering,87,ME,0,29/03/2017,19/09/2018,Full Time,Junior Technical Consultant,TCS,Manufacturing,AGRA,India,,,,,,,,,English,Good,Good,Good,Hindi,Good,Good,Good,Marathi,Good,Good,Good,Guddu,Software Engineer,London,8009800998,,,Naukri.com
88995,Major,Uday,Bhan,uday.bhan@mailinator.com698,7864823665698,7894923645,13/04/1990,M,Single,PAN167694698,No,Behind Yaga Baba Hostel Baner,426194,KANPUR,India,579700,1340000,Mumbai,579000,2,1,30,12/06/2004,13/07/2006,Full Time,Uttar Pradesh State Board,Saraswati Vidya Mandir Kanpur,NA,92,10th,14/02/2007,25/03/2010,Full Time,Uttar Pradesh State Board,Radha Niketan College Kanpur,Electronics & Telecommunication,93,12th,14/03/2010,18/09/2014,Full Time,NITA,Motilal Nehru National Institute of Technology Allahabad,Electronics & Telecommunication,81,BE,20/07/2015,22/01/2018,Full Time,NITIE,NITIE Mumbai,Mining Engineering,87,ME,0,29/03/2017,19/09/2018,Full Time,Junior Technical Consultant,TCS,Manufacturing,AGRA,India,,,,,,,,,English,Good,Good,Good,Hindi,Good,Good,Good,Marathi,Good,Good,Good,Guddu,Software Engineer,London,8009800998,,,Naukri.com
88995,Major,Uday,Bhan,uday.bhan@mailinator.com699,7864823665699,7894923645,13/04/1990,M,Single,PAN167694699,No,Behind Yaga Baba Hostel Baner,426194,KANPUR,India,579700,1340000,Mumbai,579000,2,1,30,12/06/2004,13/07/2006,Full Time,Uttar Pradesh State Board,Saraswati Vidya Mandir Kanpur,NA,92,10th,14/02/2007,25/03/2010,Full Time,Uttar Pradesh State Board,Radha Niketan College Kanpur,Electronics & Telecommunication,93,12th,14/03/2010,18/09/2014,Full Time,NITA,Motilal Nehru National Institute of Technology Allahabad,Electronics & Telecommunication,81,BE,20/07/2015,22/01/2018,Full Time,NITIE,NITIE Mumbai,Mining Engineering,87,ME,0,29/03/2017,19/09/2018,Full Time,Junior Technical Consultant,TCS,Manufacturing,AGRA,India,,,,,,,,,English,Good,Good,Good,Hindi,Good,Good,Good,Marathi,Good,Good,Good,Guddu,Software Engineer,London,8009800998,,,Naukri.com
88995,Major,Uday,Bhan,uday.bhan@mailinator.com700,7864823665700,7894923645,13/04/1990,M,Single,PAN167694700,No,Behind Yaga Baba Hostel Baner,426194,KANPUR,India,579700,1340000,Mumbai,579000,2,1,30,12/06/2004,13/07/2006,Full Time,Uttar Pradesh State Board,Saraswati Vidya Mandir Kanpur,NA,92,10th,14/02/2007,25/03/2010,Full Time,Uttar Pradesh State Board,Radha Niketan College Kanpur,Electronics & Telecommunication,93,12th,14/03/2010,18/09/2014,Full Time,NITA,Motilal Nehru National Institute of Technology Allahabad,Electronics & Telecommunication,81,BE,20/07/2015,22/01/2018,Full Time,NITIE,NITIE Mumbai,Mining Engineering,87,ME,0,29/03/2017,19/09/2018,Full Time,Junior Technical Consultant,TCS,Manufacturing,AGRA,India,,,,,,,,,English,Good,Good,Good,Hindi,Good,Good,Good,Marathi,Good,Good,Good,Guddu,Software Engineer,London,8009800998,,,Naukri.com
88995,Major,Uday,Bhan,uday.bhan@mailinator.com701,7864823665701,7894923645,13/04/1990,M,Single,PAN167694701,No,Behind Yaga Baba Hostel Baner,426194,KANPUR,India,579700,1340000,Mumbai,579000,2,1,30,12/06/2004,13/07/2006,Full Time,Uttar Pradesh State Board,Saraswati Vidya Mandir Kanpur,NA,92,10th,14/02/2007,25/03/2010,Full Time,Uttar Pradesh State Board,Radha Niketan College Kanpur,Electronics & Telecommunication,93,12th,14/03/2010,18/09/2014,Full Time,NITA,Motilal Nehru National Institute of Technology Allahabad,Electronics & Telecommunication,81,BE,20/07/2015,22/01/2018,Full Time,NITIE,NITIE Mumbai,Mining Engineering,87,ME,0,29/03/2017,19/09/2018,Full Time,Junior Technical Consultant,TCS,Manufacturing,AGRA,India,,,,,,,,,English,Good,Good,Good,Hindi,Good,Good,Good,Marathi,Good,Good,Good,Guddu,Software Engineer,London,8009800998,,,Naukri.com
88995,Major,Uday,Bhan,uday.bhan@mailinator.com702,7864823665702,7894923645,13/04/1990,M,Single,PAN167694702,No,Behind Yaga Baba Hostel Baner,426194,KANPUR,India,579700,1340000,Mumbai,579000,2,1,30,12/06/2004,13/07/2006,Full Time,Uttar Pradesh State Board,Saraswati Vidya Mandir Kanpur,NA,92,10th,14/02/2007,25/03/2010,Full Time,Uttar Pradesh State Board,Radha Niketan College Kanpur,Electronics & Telecommunication,93,12th,14/03/2010,18/09/2014,Full Time,NITA,Motilal Nehru National Institute of Technology Allahabad,Electronics & Telecommunication,81,BE,20/07/2015,22/01/2018,Full Time,NITIE,NITIE Mumbai,Mining Engineering,87,ME,0,29/03/2017,19/09/2018,Full Time,Junior Technical Consultant,TCS,Manufacturing,AGRA,India,,,,,,,,,English,Good,Good,Good,Hindi,Good,Good,Good,Marathi,Good,Good,Good,Guddu,Software Engineer,London,8009800998,,,Naukri.com
88995,Major,Uday,Bhan,uday.bhan@mailinator.com703,7864823665703,7894923645,13/04/1990,M,Single,PAN167694703,No,Behind Yaga Baba Hostel Baner,426194,KANPUR,India,579700,1340000,Mumbai,579000,2,1,30,12/06/2004,13/07/2006,Full Time,Uttar Pradesh State Board,Saraswati Vidya Mandir Kanpur,NA,92,10th,14/02/2007,25/03/2010,Full Time,Uttar Pradesh State Board,Radha Niketan College Kanpur,Electronics & Telecommunication,93,12th,14/03/2010,18/09/2014,Full Time,NITA,Motilal Nehru National Institute of Technology Allahabad,Electronics & Telecommunication,81,BE,20/07/2015,22/01/2018,Full Time,NITIE,NITIE Mumbai,Mining Engineering,87,ME,0,29/03/2017,19/09/2018,Full Time,Junior Technical Consultant,TCS,Manufacturing,AGRA,India,,,,,,,,,English,Good,Good,Good,Hindi,Good,Good,Good,Marathi,Good,Good,Good,Guddu,Software Engineer,London,8009800998,,,Naukri.com
88995,Major,Uday,Bhan,uday.bhan@mailinator.com704,7864823665704,7894923645,13/04/1990,M,Single,PAN167694704,No,Behind Yaga Baba Hostel Baner,426194,KANPUR,India,579700,1340000,Mumbai,579000,2,1,30,12/06/2004,13/07/2006,Full Time,Uttar Pradesh State Board,Saraswati Vidya Mandir Kanpur,NA,92,10th,14/02/2007,25/03/2010,Full Time,Uttar Pradesh State Board,Radha Niketan College Kanpur,Electronics & Telecommunication,93,12th,14/03/2010,18/09/2014,Full Time,NITA,Motilal Nehru National Institute of Technology Allahabad,Electronics & Telecommunication,81,BE,20/07/2015,22/01/2018,Full Time,NITIE,NITIE Mumbai,Mining Engineering,87,ME,0,29/03/2017,19/09/2018,Full Time,Junior Technical Consultant,TCS,Manufacturing,AGRA,India,,,,,,,,,English,Good,Good,Good,Hindi,Good,Good,Good,Marathi,Good,Good,Good,Guddu,Software Engineer,London,8009800998,,,Naukri.com
88995,Major,Uday,Bhan,uday.bhan@mailinator.com705,7864823665705,7894923645,13/04/1990,M,Single,PAN167694705,No,Behind Yaga Baba Hostel Baner,426194,KANPUR,India,579700,1340000,Mumbai,579000,2,1,30,12/06/2004,13/07/2006,Full Time,Uttar Pradesh State Board,Saraswati Vidya Mandir Kanpur,NA,92,10th,14/02/2007,25/03/2010,Full Time,Uttar Pradesh State Board,Radha Niketan College Kanpur,Electronics & Telecommunication,93,12th,14/03/2010,18/09/2014,Full Time,NITA,Motilal Nehru National Institute of Technology Allahabad,Electronics & Telecommunication,81,BE,20/07/2015,22/01/2018,Full Time,NITIE,NITIE Mumbai,Mining Engineering,87,ME,0,29/03/2017,19/09/2018,Full Time,Junior Technical Consultant,TCS,Manufacturing,AGRA,India,,,,,,,,,English,Good,Good,Good,Hindi,Good,Good,Good,Marathi,Good,Good,Good,Guddu,Software Engineer,London,8009800998,,,Naukri.com
88995,Major,Uday,Bhan,uday.bhan@mailinator.com706,7864823665706,7894923645,13/04/1990,M,Single,PAN167694706,No,Behind Yaga Baba Hostel Baner,426194,KANPUR,India,579700,1340000,Mumbai,579000,2,1,30,12/06/2004,13/07/2006,Full Time,Uttar Pradesh State Board,Saraswati Vidya Mandir Kanpur,NA,92,10th,14/02/2007,25/03/2010,Full Time,Uttar Pradesh State Board,Radha Niketan College Kanpur,Electronics & Telecommunication,93,12th,14/03/2010,18/09/2014,Full Time,NITA,Motilal Nehru National Institute of Technology Allahabad,Electronics & Telecommunication,81,BE,20/07/2015,22/01/2018,Full Time,NITIE,NITIE Mumbai,Mining Engineering,87,ME,0,29/03/2017,19/09/2018,Full Time,Junior Technical Consultant,TCS,Manufacturing,AGRA,India,,,,,,,,,English,Good,Good,Good,Hindi,Good,Good,Good,Marathi,Good,Good,Good,Guddu,Software Engineer,London,8009800998,,,Naukri.com
88995,Major,Uday,Bhan,uday.bhan@mailinator.com707,7864823665707,7894923645,13/04/1990,M,Single,PAN167694707,No,Behind Yaga Baba Hostel Baner,426194,KANPUR,India,579700,1340000,Mumbai,579000,2,1,30,12/06/2004,13/07/2006,Full Time,Uttar Pradesh State Board,Saraswati Vidya Mandir Kanpur,NA,92,10th,14/02/2007,25/03/2010,Full Time,Uttar Pradesh State Board,Radha Niketan College Kanpur,Electronics & Telecommunication,93,12th,14/03/2010,18/09/2014,Full Time,NITA,Motilal Nehru National Institute of Technology Allahabad,Electronics & Telecommunication,81,BE,20/07/2015,22/01/2018,Full Time,NITIE,NITIE Mumbai,Mining Engineering,87,ME,0,29/03/2017,19/09/2018,Full Time,Junior Technical Consultant,TCS,Manufacturing,AGRA,India,,,,,,,,,English,Good,Good,Good,Hindi,Good,Good,Good,Marathi,Good,Good,Good,Guddu,Software Engineer,London,8009800998,,,Naukri.com
88995,Major,Uday,Bhan,uday.bhan@mailinator.com708,7864823665708,7894923645,13/04/1990,M,Single,PAN167694708,No,Behind Yaga Baba Hostel Baner,426194,KANPUR,India,579700,1340000,Mumbai,579000,2,1,30,12/06/2004,13/07/2006,Full Time,Uttar Pradesh State Board,Saraswati Vidya Mandir Kanpur,NA,92,10th,14/02/2007,25/03/2010,Full Time,Uttar Pradesh State Board,Radha Niketan College Kanpur,Electronics & Telecommunication,93,12th,14/03/2010,18/09/2014,Full Time,NITA,Motilal Nehru National Institute of Technology Allahabad,Electronics & Telecommunication,81,BE,20/07/2015,22/01/2018,Full Time,NITIE,NITIE Mumbai,Mining Engineering,87,ME,0,29/03/2017,19/09/2018,Full Time,Junior Technical Consultant,TCS,Manufacturing,AGRA,India,,,,,,,,,English,Good,Good,Good,Hindi,Good,Good,Good,Marathi,Good,Good,Good,Guddu,Software Engineer,London,8009800998,,,Naukri.com
88995,Major,Uday,Bhan,uday.bhan@mailinator.com709,7864823665709,7894923645,13/04/1990,M,Single,PAN167694709,No,Behind Yaga Baba Hostel Baner,426194,KANPUR,India,579700,1340000,Mumbai,579000,2,1,30,12/06/2004,13/07/2006,Full Time,Uttar Pradesh State Board,Saraswati Vidya Mandir Kanpur,NA,92,10th,14/02/2007,25/03/2010,Full Time,Uttar Pradesh State Board,Radha Niketan College Kanpur,Electronics & Telecommunication,93,12th,14/03/2010,18/09/2014,Full Time,NITA,Motilal Nehru National Institute of Technology Allahabad,Electronics & Telecommunication,81,BE,20/07/2015,22/01/2018,Full Time,NITIE,NITIE Mumbai,Mining Engineering,87,ME,0,29/03/2017,19/09/2018,Full Time,Junior Technical Consultant,TCS,Manufacturing,AGRA,India,,,,,,,,,English,Good,Good,Good,Hindi,Good,Good,Good,Marathi,Good,Good,Good,Guddu,Software Engineer,London,8009800998,,,Naukri.com
88995,Major,Uday,Bhan,uday.bhan@mailinator.com710,7864823665710,7894923645,13/04/1990,M,Single,PAN167694710,No,Behind Yaga Baba Hostel Baner,426194,KANPUR,India,579700,1340000,Mumbai,579000,2,1,30,12/06/2004,13/07/2006,Full Time,Uttar Pradesh State Board,Saraswati Vidya Mandir Kanpur,NA,92,10th,14/02/2007,25/03/2010,Full Time,Uttar Pradesh State Board,Radha Niketan College Kanpur,Electronics & Telecommunication,93,12th,14/03/2010,18/09/2014,Full Time,NITA,Motilal Nehru National Institute of Technology Allahabad,Electronics & Telecommunication,81,BE,20/07/2015,22/01/2018,Full Time,NITIE,NITIE Mumbai,Mining Engineering,87,ME,0,29/03/2017,19/09/2018,Full Time,Junior Technical Consultant,TCS,Manufacturing,AGRA,India,,,,,,,,,English,Good,Good,Good,Hindi,Good,Good,Good,Marathi,Good,Good,Good,Guddu,Software Engineer,London,8009800998,,,Naukri.com
88995,Major,Uday,Bhan,uday.bhan@mailinator.com711,7864823665711,7894923645,13/04/1990,M,Single,PAN167694711,No,Behind Yaga Baba Hostel Baner,426194,KANPUR,India,579700,1340000,Mumbai,579000,2,1,30,12/06/2004,13/07/2006,Full Time,Uttar Pradesh State Board,Saraswati Vidya Mandir Kanpur,NA,92,10th,14/02/2007,25/03/2010,Full Time,Uttar Pradesh State Board,Radha Niketan College Kanpur,Electronics & Telecommunication,93,12th,14/03/2010,18/09/2014,Full Time,NITA,Motilal Nehru National Institute of Technology Allahabad,Electronics & Telecommunication,81,BE,20/07/2015,22/01/2018,Full Time,NITIE,NITIE Mumbai,Mining Engineering,87,ME,0,29/03/2017,19/09/2018,Full Time,Junior Technical Consultant,TCS,Manufacturing,AGRA,India,,,,,,,,,English,Good,Good,Good,Hindi,Good,Good,Good,Marathi,Good,Good,Good,Guddu,Software Engineer,London,8009800998,,,Naukri.com
88995,Major,Uday,Bhan,uday.bhan@mailinator.com712,7864823665712,7894923645,13/04/1990,M,Single,PAN167694712,No,Behind Yaga Baba Hostel Baner,426194,KANPUR,India,579700,1340000,Mumbai,579000,2,1,30,12/06/2004,13/07/2006,Full Time,Uttar Pradesh State Board,Saraswati Vidya Mandir Kanpur,NA,92,10th,14/02/2007,25/03/2010,Full Time,Uttar Pradesh State Board,Radha Niketan College Kanpur,Electronics & Telecommunication,93,12th,14/03/2010,18/09/2014,Full Time,NITA,Motilal Nehru National Institute of Technology Allahabad,Electronics & Telecommunication,81,BE,20/07/2015,22/01/2018,Full Time,NITIE,NITIE Mumbai,Mining Engineering,87,ME,0,29/03/2017,19/09/2018,Full Time,Junior Technical Consultant,TCS,Manufacturing,AGRA,India,,,,,,,,,English,Good,Good,Good,Hindi,Good,Good,Good,Marathi,Good,Good,Good,Guddu,Software Engineer,London,8009800998,,,Naukri.com
88995,Major,Uday,Bhan,uday.bhan@mailinator.com713,7864823665713,7894923645,13/04/1990,M,Single,PAN167694713,No,Behind Yaga Baba Hostel Baner,426194,KANPUR,India,579700,1340000,Mumbai,579000,2,1,30,12/06/2004,13/07/2006,Full Time,Uttar Pradesh State Board,Saraswati Vidya Mandir Kanpur,NA,92,10th,14/02/2007,25/03/2010,Full Time,Uttar Pradesh State Board,Radha Niketan College Kanpur,Electronics & Telecommunication,93,12th,14/03/2010,18/09/2014,Full Time,NITA,Motilal Nehru National Institute of Technology Allahabad,Electronics & Telecommunication,81,BE,20/07/2015,22/01/2018,Full Time,NITIE,NITIE Mumbai,Mining Engineering,87,ME,0,29/03/2017,19/09/2018,Full Time,Junior Technical Consultant,TCS,Manufacturing,AGRA,India,,,,,,,,,English,Good,Good,Good,Hindi,Good,Good,Good,Marathi,Good,Good,Good,Guddu,Software Engineer,London,8009800998,,,Naukri.com
88995,Major,Uday,Bhan,uday.bhan@mailinator.com714,7864823665714,7894923645,13/04/1990,M,Single,PAN167694714,No,Behind Yaga Baba Hostel Baner,426194,KANPUR,India,579700,1340000,Mumbai,579000,2,1,30,12/06/2004,13/07/2006,Full Time,Uttar Pradesh State Board,Saraswati Vidya Mandir Kanpur,NA,92,10th,14/02/2007,25/03/2010,Full Time,Uttar Pradesh State Board,Radha Niketan College Kanpur,Electronics & Telecommunication,93,12th,14/03/2010,18/09/2014,Full Time,NITA,Motilal Nehru National Institute of Technology Allahabad,Electronics & Telecommunication,81,BE,20/07/2015,22/01/2018,Full Time,NITIE,NITIE Mumbai,Mining Engineering,87,ME,0,29/03/2017,19/09/2018,Full Time,Junior Technical Consultant,TCS,Manufacturing,AGRA,India,,,,,,,,,English,Good,Good,Good,Hindi,Good,Good,Good,Marathi,Good,Good,Good,Guddu,Software Engineer,London,8009800998,,,Naukri.com
88995,Major,Uday,Bhan,uday.bhan@mailinator.com715,7864823665715,7894923645,13/04/1990,M,Single,PAN167694715,No,Behind Yaga Baba Hostel Baner,426194,KANPUR,India,579700,1340000,Mumbai,579000,2,1,30,12/06/2004,13/07/2006,Full Time,Uttar Pradesh State Board,Saraswati Vidya Mandir Kanpur,NA,92,10th,14/02/2007,25/03/2010,Full Time,Uttar Pradesh State Board,Radha Niketan College Kanpur,Electronics & Telecommunication,93,12th,14/03/2010,18/09/2014,Full Time,NITA,Motilal Nehru National Institute of Technology Allahabad,Electronics & Telecommunication,81,BE,20/07/2015,22/01/2018,Full Time,NITIE,NITIE Mumbai,Mining Engineering,87,ME,0,29/03/2017,19/09/2018,Full Time,Junior Technical Consultant,TCS,Manufacturing,AGRA,India,,,,,,,,,English,Good,Good,Good,Hindi,Good,Good,Good,Marathi,Good,Good,Good,Guddu,Software Engineer,London,8009800998,,,Naukri.com
88995,Major,Uday,Bhan,uday.bhan@mailinator.com716,7864823665716,7894923645,13/04/1990,M,Single,PAN167694716,No,Behind Yaga Baba Hostel Baner,426194,KANPUR,India,579700,1340000,Mumbai,579000,2,1,30,12/06/2004,13/07/2006,Full Time,Uttar Pradesh State Board,Saraswati Vidya Mandir Kanpur,NA,92,10th,14/02/2007,25/03/2010,Full Time,Uttar Pradesh State Board,Radha Niketan College Kanpur,Electronics & Telecommunication,93,12th,14/03/2010,18/09/2014,Full Time,NITA,Motilal Nehru National Institute of Technology Allahabad,Electronics & Telecommunication,81,BE,20/07/2015,22/01/2018,Full Time,NITIE,NITIE Mumbai,Mining Engineering,87,ME,0,29/03/2017,19/09/2018,Full Time,Junior Technical Consultant,TCS,Manufacturing,AGRA,India,,,,,,,,,English,Good,Good,Good,Hindi,Good,Good,Good,Marathi,Good,Good,Good,Guddu,Software Engineer,London,8009800998,,,Naukri.com
88995,Major,Uday,Bhan,uday.bhan@mailinator.com717,7864823665717,7894923645,13/04/1990,M,Single,PAN167694717,No,Behind Yaga Baba Hostel Baner,426194,KANPUR,India,579700,1340000,Mumbai,579000,2,1,30,12/06/2004,13/07/2006,Full Time,Uttar Pradesh State Board,Saraswati Vidya Mandir Kanpur,NA,92,10th,14/02/2007,25/03/2010,Full Time,Uttar Pradesh State Board,Radha Niketan College Kanpur,Electronics & Telecommunication,93,12th,14/03/2010,18/09/2014,Full Time,NITA,Motilal Nehru National Institute of Technology Allahabad,Electronics & Telecommunication,81,BE,20/07/2015,22/01/2018,Full Time,NITIE,NITIE Mumbai,Mining Engineering,87,ME,0,29/03/2017,19/09/2018,Full Time,Junior Technical Consultant,TCS,Manufacturing,AGRA,India,,,,,,,,,English,Good,Good,Good,Hindi,Good,Good,Good,Marathi,Good,Good,Good,Guddu,Software Engineer,London,8009800998,,,Naukri.com
88995,Major,Uday,Bhan,uday.bhan@mailinator.com718,7864823665718,7894923645,13/04/1990,M,Single,PAN167694718,No,Behind Yaga Baba Hostel Baner,426194,KANPUR,India,579700,1340000,Mumbai,579000,2,1,30,12/06/2004,13/07/2006,Full Time,Uttar Pradesh State Board,Saraswati Vidya Mandir Kanpur,NA,92,10th,14/02/2007,25/03/2010,Full Time,Uttar Pradesh State Board,Radha Niketan College Kanpur,Electronics & Telecommunication,93,12th,14/03/2010,18/09/2014,Full Time,NITA,Motilal Nehru National Institute of Technology Allahabad,Electronics & Telecommunication,81,BE,20/07/2015,22/01/2018,Full Time,NITIE,NITIE Mumbai,Mining Engineering,87,ME,0,29/03/2017,19/09/2018,Full Time,Junior Technical Consultant,TCS,Manufacturing,AGRA,India,,,,,,,,,English,Good,Good,Good,Hindi,Good,Good,Good,Marathi,Good,Good,Good,Guddu,Software Engineer,London,8009800998,,,Naukri.com
88995,Major,Uday,Bhan,uday.bhan@mailinator.com719,7864823665719,7894923645,13/04/1990,M,Single,PAN167694719,No,Behind Yaga Baba Hostel Baner,426194,KANPUR,India,579700,1340000,Mumbai,579000,2,1,30,12/06/2004,13/07/2006,Full Time,Uttar Pradesh State Board,Saraswati Vidya Mandir Kanpur,NA,92,10th,14/02/2007,25/03/2010,Full Time,Uttar Pradesh State Board,Radha Niketan College Kanpur,Electronics & Telecommunication,93,12th,14/03/2010,18/09/2014,Full Time,NITA,Motilal Nehru National Institute of Technology Allahabad,Electronics & Telecommunication,81,BE,20/07/2015,22/01/2018,Full Time,NITIE,NITIE Mumbai,Mining Engineering,87,ME,0,29/03/2017,19/09/2018,Full Time,Junior Technical Consultant,TCS,Manufacturing,AGRA,India,,,,,,,,,English,Good,Good,Good,Hindi,Good,Good,Good,Marathi,Good,Good,Good,Guddu,Software Engineer,London,8009800998,,,Naukri.com
88995,Major,Uday,Bhan,uday.bhan@mailinator.com720,7864823665720,7894923645,13/04/1990,M,Single,PAN167694720,No,Behind Yaga Baba Hostel Baner,426194,KANPUR,India,579700,1340000,Mumbai,579000,2,1,30,12/06/2004,13/07/2006,Full Time,Uttar Pradesh State Board,Saraswati Vidya Mandir Kanpur,NA,92,10th,14/02/2007,25/03/2010,Full Time,Uttar Pradesh State Board,Radha Niketan College Kanpur,Electronics & Telecommunication,93,12th,14/03/2010,18/09/2014,Full Time,NITA,Motilal Nehru National Institute of Technology Allahabad,Electronics & Telecommunication,81,BE,20/07/2015,22/01/2018,Full Time,NITIE,NITIE Mumbai,Mining Engineering,87,ME,0,29/03/2017,19/09/2018,Full Time,Junior Technical Consultant,TCS,Manufacturing,AGRA,India,,,,,,,,,English,Good,Good,Good,Hindi,Good,Good,Good,Marathi,Good,Good,Good,Guddu,Software Engineer,London,8009800998,,,Naukri.com
88995,Major,Uday,Bhan,uday.bhan@mailinator.com721,7864823665721,7894923645,13/04/1990,M,Single,PAN167694721,No,Behind Yaga Baba Hostel Baner,426194,KANPUR,India,579700,1340000,Mumbai,579000,2,1,30,12/06/2004,13/07/2006,Full Time,Uttar Pradesh State Board,Saraswati Vidya Mandir Kanpur,NA,92,10th,14/02/2007,25/03/2010,Full Time,Uttar Pradesh State Board,Radha Niketan College Kanpur,Electronics & Telecommunication,93,12th,14/03/2010,18/09/2014,Full Time,NITA,Motilal Nehru National Institute of Technology Allahabad,Electronics & Telecommunication,81,BE,20/07/2015,22/01/2018,Full Time,NITIE,NITIE Mumbai,Mining Engineering,87,ME,0,29/03/2017,19/09/2018,Full Time,Junior Technical Consultant,TCS,Manufacturing,AGRA,India,,,,,,,,,English,Good,Good,Good,Hindi,Good,Good,Good,Marathi,Good,Good,Good,Guddu,Software Engineer,London,8009800998,,,Naukri.com
88995,Major,Uday,Bhan,uday.bhan@mailinator.com722,7864823665722,7894923645,13/04/1990,M,Single,PAN167694722,No,Behind Yaga Baba Hostel Baner,426194,KANPUR,India,579700,1340000,Mumbai,579000,2,1,30,12/06/2004,13/07/2006,Full Time,Uttar Pradesh State Board,Saraswati Vidya Mandir Kanpur,NA,92,10th,14/02/2007,25/03/2010,Full Time,Uttar Pradesh State Board,Radha Niketan College Kanpur,Electronics & Telecommunication,93,12th,14/03/2010,18/09/2014,Full Time,NITA,Motilal Nehru National Institute of Technology Allahabad,Electronics & Telecommunication,81,BE,20/07/2015,22/01/2018,Full Time,NITIE,NITIE Mumbai,Mining Engineering,87,ME,0,29/03/2017,19/09/2018,Full Time,Junior Technical Consultant,TCS,Manufacturing,AGRA,India,,,,,,,,,English,Good,Good,Good,Hindi,Good,Good,Good,Marathi,Good,Good,Good,Guddu,Software Engineer,London,8009800998,,,Naukri.com
88995,Major,Uday,Bhan,uday.bhan@mailinator.com723,7864823665723,7894923645,13/04/1990,M,Single,PAN167694723,No,Behind Yaga Baba Hostel Baner,426194,KANPUR,India,579700,1340000,Mumbai,579000,2,1,30,12/06/2004,13/07/2006,Full Time,Uttar Pradesh State Board,Saraswati Vidya Mandir Kanpur,NA,92,10th,14/02/2007,25/03/2010,Full Time,Uttar Pradesh State Board,Radha Niketan College Kanpur,Electronics & Telecommunication,93,12th,14/03/2010,18/09/2014,Full Time,NITA,Motilal Nehru National Institute of Technology Allahabad,Electronics & Telecommunication,81,BE,20/07/2015,22/01/2018,Full Time,NITIE,NITIE Mumbai,Mining Engineering,87,ME,0,29/03/2017,19/09/2018,Full Time,Junior Technical Consultant,TCS,Manufacturing,AGRA,India,,,,,,,,,English,Good,Good,Good,Hindi,Good,Good,Good,Marathi,Good,Good,Good,Guddu,Software Engineer,London,8009800998,,,Naukri.com
88995,Major,Uday,Bhan,uday.bhan@mailinator.com724,7864823665724,7894923645,13/04/1990,M,Single,PAN167694724,No,Behind Yaga Baba Hostel Baner,426194,KANPUR,India,579700,1340000,Mumbai,579000,2,1,30,12/06/2004,13/07/2006,Full Time,Uttar Pradesh State Board,Saraswati Vidya Mandir Kanpur,NA,92,10th,14/02/2007,25/03/2010,Full Time,Uttar Pradesh State Board,Radha Niketan College Kanpur,Electronics & Telecommunication,93,12th,14/03/2010,18/09/2014,Full Time,NITA,Motilal Nehru National Institute of Technology Allahabad,Electronics & Telecommunication,81,BE,20/07/2015,22/01/2018,Full Time,NITIE,NITIE Mumbai,Mining Engineering,87,ME,0,29/03/2017,19/09/2018,Full Time,Junior Technical Consultant,TCS,Manufacturing,AGRA,India,,,,,,,,,English,Good,Good,Good,Hindi,Good,Good,Good,Marathi,Good,Good,Good,Guddu,Software Engineer,London,8009800998,,,Naukri.com
88995,Major,Uday,Bhan,uday.bhan@mailinator.com725,7864823665725,7894923645,13/04/1990,M,Single,PAN167694725,No,Behind Yaga Baba Hostel Baner,426194,KANPUR,India,579700,1340000,Mumbai,579000,2,1,30,12/06/2004,13/07/2006,Full Time,Uttar Pradesh State Board,Saraswati Vidya Mandir Kanpur,NA,92,10th,14/02/2007,25/03/2010,Full Time,Uttar Pradesh State Board,Radha Niketan College Kanpur,Electronics & Telecommunication,93,12th,14/03/2010,18/09/2014,Full Time,NITA,Motilal Nehru National Institute of Technology Allahabad,Electronics & Telecommunication,81,BE,20/07/2015,22/01/2018,Full Time,NITIE,NITIE Mumbai,Mining Engineering,87,ME,0,29/03/2017,19/09/2018,Full Time,Junior Technical Consultant,TCS,Manufacturing,AGRA,India,,,,,,,,,English,Good,Good,Good,Hindi,Good,Good,Good,Marathi,Good,Good,Good,Guddu,Software Engineer,London,8009800998,,,Naukri.com
88995,Major,Uday,Bhan,uday.bhan@mailinator.com726,7864823665726,7894923645,13/04/1990,M,Single,PAN167694726,No,Behind Yaga Baba Hostel Baner,426194,KANPUR,India,579700,1340000,Mumbai,579000,2,1,30,12/06/2004,13/07/2006,Full Time,Uttar Pradesh State Board,Saraswati Vidya Mandir Kanpur,NA,92,10th,14/02/2007,25/03/2010,Full Time,Uttar Pradesh State Board,Radha Niketan College Kanpur,Electronics & Telecommunication,93,12th,14/03/2010,18/09/2014,Full Time,NITA,Motilal Nehru National Institute of Technology Allahabad,Electronics & Telecommunication,81,BE,20/07/2015,22/01/2018,Full Time,NITIE,NITIE Mumbai,Mining Engineering,87,ME,0,29/03/2017,19/09/2018,Full Time,Junior Technical Consultant,TCS,Manufacturing,AGRA,India,,,,,,,,,English,Good,Good,Good,Hindi,Good,Good,Good,Marathi,Good,Good,Good,Guddu,Software Engineer,London,8009800998,,,Naukri.com
88995,Major,Uday,Bhan,uday.bhan@mailinator.com727,7864823665727,7894923645,13/04/1990,M,Single,PAN167694727,No,Behind Yaga Baba Hostel Baner,426194,KANPUR,India,579700,1340000,Mumbai,579000,2,1,30,12/06/2004,13/07/2006,Full Time,Uttar Pradesh State Board,Saraswati Vidya Mandir Kanpur,NA,92,10th,14/02/2007,25/03/2010,Full Time,Uttar Pradesh State Board,Radha Niketan College Kanpur,Electronics & Telecommunication,93,12th,14/03/2010,18/09/2014,Full Time,NITA,Motilal Nehru National Institute of Technology Allahabad,Electronics & Telecommunication,81,BE,20/07/2015,22/01/2018,Full Time,NITIE,NITIE Mumbai,Mining Engineering,87,ME,0,29/03/2017,19/09/2018,Full Time,Junior Technical Consultant,TCS,Manufacturing,AGRA,India,,,,,,,,,English,Good,Good,Good,Hindi,Good,Good,Good,Marathi,Good,Good,Good,Guddu,Software Engineer,London,8009800998,,,Naukri.com
88995,Major,Uday,Bhan,uday.bhan@mailinator.com728,7864823665728,7894923645,13/04/1990,M,Single,PAN167694728,No,Behind Yaga Baba Hostel Baner,426194,KANPUR,India,579700,1340000,Mumbai,579000,2,1,30,12/06/2004,13/07/2006,Full Time,Uttar Pradesh State Board,Saraswati Vidya Mandir Kanpur,NA,92,10th,14/02/2007,25/03/2010,Full Time,Uttar Pradesh State Board,Radha Niketan College Kanpur,Electronics & Telecommunication,93,12th,14/03/2010,18/09/2014,Full Time,NITA,Motilal Nehru National Institute of Technology Allahabad,Electronics & Telecommunication,81,BE,20/07/2015,22/01/2018,Full Time,NITIE,NITIE Mumbai,Mining Engineering,87,ME,0,29/03/2017,19/09/2018,Full Time,Junior Technical Consultant,TCS,Manufacturing,AGRA,India,,,,,,,,,English,Good,Good,Good,Hindi,Good,Good,Good,Marathi,Good,Good,Good,Guddu,Software Engineer,London,8009800998,,,Naukri.com
88995,Major,Uday,Bhan,uday.bhan@mailinator.com729,7864823665729,7894923645,13/04/1990,M,Single,PAN167694729,No,Behind Yaga Baba Hostel Baner,426194,KANPUR,India,579700,1340000,Mumbai,579000,2,1,30,12/06/2004,13/07/2006,Full Time,Uttar Pradesh State Board,Saraswati Vidya Mandir Kanpur,NA,92,10th,14/02/2007,25/03/2010,Full Time,Uttar Pradesh State Board,Radha Niketan College Kanpur,Electronics & Telecommunication,93,12th,14/03/2010,18/09/2014,Full Time,NITA,Motilal Nehru National Institute of Technology Allahabad,Electronics & Telecommunication,81,BE,20/07/2015,22/01/2018,Full Time,NITIE,NITIE Mumbai,Mining Engineering,87,ME,0,29/03/2017,19/09/2018,Full Time,Junior Technical Consultant,TCS,Manufacturing,AGRA,India,,,,,,,,,English,Good,Good,Good,Hindi,Good,Good,Good,Marathi,Good,Good,Good,Guddu,Software Engineer,London,8009800998,,,Naukri.com
88995,Major,Uday,Bhan,uday.bhan@mailinator.com730,7864823665730,7894923645,13/04/1990,M,Single,PAN167694730,No,Behind Yaga Baba Hostel Baner,426194,KANPUR,India,579700,1340000,Mumbai,579000,2,1,30,12/06/2004,13/07/2006,Full Time,Uttar Pradesh State Board,Saraswati Vidya Mandir Kanpur,NA,92,10th,14/02/2007,25/03/2010,Full Time,Uttar Pradesh State Board,Radha Niketan College Kanpur,Electronics & Telecommunication,93,12th,14/03/2010,18/09/2014,Full Time,NITA,Motilal Nehru National Institute of Technology Allahabad,Electronics & Telecommunication,81,BE,20/07/2015,22/01/2018,Full Time,NITIE,NITIE Mumbai,Mining Engineering,87,ME,0,29/03/2017,19/09/2018,Full Time,Junior Technical Consultant,TCS,Manufacturing,AGRA,India,,,,,,,,,English,Good,Good,Good,Hindi,Good,Good,Good,Marathi,Good,Good,Good,Guddu,Software Engineer,London,8009800998,,,Naukri.com
88995,Major,Uday,Bhan,uday.bhan@mailinator.com731,7864823665731,7894923645,13/04/1990,M,Single,PAN167694731,No,Behind Yaga Baba Hostel Baner,426194,KANPUR,India,579700,1340000,Mumbai,579000,2,1,30,12/06/2004,13/07/2006,Full Time,Uttar Pradesh State Board,Saraswati Vidya Mandir Kanpur,NA,92,10th,14/02/2007,25/03/2010,Full Time,Uttar Pradesh State Board,Radha Niketan College Kanpur,Electronics & Telecommunication,93,12th,14/03/2010,18/09/2014,Full Time,NITA,Motilal Nehru National Institute of Technology Allahabad,Electronics & Telecommunication,81,BE,20/07/2015,22/01/2018,Full Time,NITIE,NITIE Mumbai,Mining Engineering,87,ME,0,29/03/2017,19/09/2018,Full Time,Junior Technical Consultant,TCS,Manufacturing,AGRA,India,,,,,,,,,English,Good,Good,Good,Hindi,Good,Good,Good,Marathi,Good,Good,Good,Guddu,Software Engineer,London,8009800998,,,Naukri.com
88995,Major,Uday,Bhan,uday.bhan@mailinator.com732,7864823665732,7894923645,13/04/1990,M,Single,PAN167694732,No,Behind Yaga Baba Hostel Baner,426194,KANPUR,India,579700,1340000,Mumbai,579000,2,1,30,12/06/2004,13/07/2006,Full Time,Uttar Pradesh State Board,Saraswati Vidya Mandir Kanpur,NA,92,10th,14/02/2007,25/03/2010,Full Time,Uttar Pradesh State Board,Radha Niketan College Kanpur,Electronics & Telecommunication,93,12th,14/03/2010,18/09/2014,Full Time,NITA,Motilal Nehru National Institute of Technology Allahabad,Electronics & Telecommunication,81,BE,20/07/2015,22/01/2018,Full Time,NITIE,NITIE Mumbai,Mining Engineering,87,ME,0,29/03/2017,19/09/2018,Full Time,Junior Technical Consultant,TCS,Manufacturing,AGRA,India,,,,,,,,,English,Good,Good,Good,Hindi,Good,Good,Good,Marathi,Good,Good,Good,Guddu,Software Engineer,London,8009800998,,,Naukri.com
88995,Major,Uday,Bhan,uday.bhan@mailinator.com733,7864823665733,7894923645,13/04/1990,M,Single,PAN167694733,No,Behind Yaga Baba Hostel Baner,426194,KANPUR,India,579700,1340000,Mumbai,579000,2,1,30,12/06/2004,13/07/2006,Full Time,Uttar Pradesh State Board,Saraswati Vidya Mandir Kanpur,NA,92,10th,14/02/2007,25/03/2010,Full Time,Uttar Pradesh State Board,Radha Niketan College Kanpur,Electronics & Telecommunication,93,12th,14/03/2010,18/09/2014,Full Time,NITA,Motilal Nehru National Institute of Technology Allahabad,Electronics & Telecommunication,81,BE,20/07/2015,22/01/2018,Full Time,NITIE,NITIE Mumbai,Mining Engineering,87,ME,0,29/03/2017,19/09/2018,Full Time,Junior Technical Consultant,TCS,Manufacturing,AGRA,India,,,,,,,,,English,Good,Good,Good,Hindi,Good,Good,Good,Marathi,Good,Good,Good,Guddu,Software Engineer,London,8009800998,,,Naukri.com
88995,Major,Uday,Bhan,uday.bhan@mailinator.com734,7864823665734,7894923645,13/04/1990,M,Single,PAN167694734,No,Behind Yaga Baba Hostel Baner,426194,KANPUR,India,579700,1340000,Mumbai,579000,2,1,30,12/06/2004,13/07/2006,Full Time,Uttar Pradesh State Board,Saraswati Vidya Mandir Kanpur,NA,92,10th,14/02/2007,25/03/2010,Full Time,Uttar Pradesh State Board,Radha Niketan College Kanpur,Electronics & Telecommunication,93,12th,14/03/2010,18/09/2014,Full Time,NITA,Motilal Nehru National Institute of Technology Allahabad,Electronics & Telecommunication,81,BE,20/07/2015,22/01/2018,Full Time,NITIE,NITIE Mumbai,Mining Engineering,87,ME,0,29/03/2017,19/09/2018,Full Time,Junior Technical Consultant,TCS,Manufacturing,AGRA,India,,,,,,,,,English,Good,Good,Good,Hindi,Good,Good,Good,Marathi,Good,Good,Good,Guddu,Software Engineer,London,8009800998,,,Naukri.com
88995,Major,Uday,Bhan,uday.bhan@mailinator.com735,7864823665735,7894923645,13/04/1990,M,Single,PAN167694735,No,Behind Yaga Baba Hostel Baner,426194,KANPUR,India,579700,1340000,Mumbai,579000,2,1,30,12/06/2004,13/07/2006,Full Time,Uttar Pradesh State Board,Saraswati Vidya Mandir Kanpur,NA,92,10th,14/02/2007,25/03/2010,Full Time,Uttar Pradesh State Board,Radha Niketan College Kanpur,Electronics & Telecommunication,93,12th,14/03/2010,18/09/2014,Full Time,NITA,Motilal Nehru National Institute of Technology Allahabad,Electronics & Telecommunication,81,BE,20/07/2015,22/01/2018,Full Time,NITIE,NITIE Mumbai,Mining Engineering,87,ME,0,29/03/2017,19/09/2018,Full Time,Junior Technical Consultant,TCS,Manufacturing,AGRA,India,,,,,,,,,English,Good,Good,Good,Hindi,Good,Good,Good,Marathi,Good,Good,Good,Guddu,Software Engineer,London,8009800998,,,Naukri.com
88995,Major,Uday,Bhan,uday.bhan@mailinator.com736,7864823665736,7894923645,13/04/1990,M,Single,PAN167694736,No,Behind Yaga Baba Hostel Baner,426194,KANPUR,India,579700,1340000,Mumbai,579000,2,1,30,12/06/2004,13/07/2006,Full Time,Uttar Pradesh State Board,Saraswati Vidya Mandir Kanpur,NA,92,10th,14/02/2007,25/03/2010,Full Time,Uttar Pradesh State Board,Radha Niketan College Kanpur,Electronics & Telecommunication,93,12th,14/03/2010,18/09/2014,Full Time,NITA,Motilal Nehru National Institute of Technology Allahabad,Electronics & Telecommunication,81,BE,20/07/2015,22/01/2018,Full Time,NITIE,NITIE Mumbai,Mining Engineering,87,ME,0,29/03/2017,19/09/2018,Full Time,Junior Technical Consultant,TCS,Manufacturing,AGRA,India,,,,,,,,,English,Good,Good,Good,Hindi,Good,Good,Good,Marathi,Good,Good,Good,Guddu,Software Engineer,London,8009800998,,,Naukri.com
88995,Major,Uday,Bhan,uday.bhan@mailinator.com737,7864823665737,7894923645,13/04/1990,M,Single,PAN167694737,No,Behind Yaga Baba Hostel Baner,426194,KANPUR,India,579700,1340000,Mumbai,579000,2,1,30,12/06/2004,13/07/2006,Full Time,Uttar Pradesh State Board,Saraswati Vidya Mandir Kanpur,NA,92,10th,14/02/2007,25/03/2010,Full Time,Uttar Pradesh State Board,Radha Niketan College Kanpur,Electronics & Telecommunication,93,12th,14/03/2010,18/09/2014,Full Time,NITA,Motilal Nehru National Institute of Technology Allahabad,Electronics & Telecommunication,81,BE,20/07/2015,22/01/2018,Full Time,NITIE,NITIE Mumbai,Mining Engineering,87,ME,0,29/03/2017,19/09/2018,Full Time,Junior Technical Consultant,TCS,Manufacturing,AGRA,India,,,,,,,,,English,Good,Good,Good,Hindi,Good,Good,Good,Marathi,Good,Good,Good,Guddu,Software Engineer,London,8009800998,,,Naukri.com
88995,Major,Uday,Bhan,uday.bhan@mailinator.com738,7864823665738,7894923645,13/04/1990,M,Single,PAN167694738,No,Behind Yaga Baba Hostel Baner,426194,KANPUR,India,579700,1340000,Mumbai,579000,2,1,30,12/06/2004,13/07/2006,Full Time,Uttar Pradesh State Board,Saraswati Vidya Mandir Kanpur,NA,92,10th,14/02/2007,25/03/2010,Full Time,Uttar Pradesh State Board,Radha Niketan College Kanpur,Electronics & Telecommunication,93,12th,14/03/2010,18/09/2014,Full Time,NITA,Motilal Nehru National Institute of Technology Allahabad,Electronics & Telecommunication,81,BE,20/07/2015,22/01/2018,Full Time,NITIE,NITIE Mumbai,Mining Engineering,87,ME,0,29/03/2017,19/09/2018,Full Time,Junior Technical Consultant,TCS,Manufacturing,AGRA,India,,,,,,,,,English,Good,Good,Good,Hindi,Good,Good,Good,Marathi,Good,Good,Good,Guddu,Software Engineer,London,8009800998,,,Naukri.com
88995,Major,Uday,Bhan,uday.bhan@mailinator.com739,7864823665739,7894923645,13/04/1990,M,Single,PAN167694739,No,Behind Yaga Baba Hostel Baner,426194,KANPUR,India,579700,1340000,Mumbai,579000,2,1,30,12/06/2004,13/07/2006,Full Time,Uttar Pradesh State Board,Saraswati Vidya Mandir Kanpur,NA,92,10th,14/02/2007,25/03/2010,Full Time,Uttar Pradesh State Board,Radha Niketan College Kanpur,Electronics & Telecommunication,93,12th,14/03/2010,18/09/2014,Full Time,NITA,Motilal Nehru National Institute of Technology Allahabad,Electronics & Telecommunication,81,BE,20/07/2015,22/01/2018,Full Time,NITIE,NITIE Mumbai,Mining Engineering,87,ME,0,29/03/2017,19/09/2018,Full Time,Junior Technical Consultant,TCS,Manufacturing,AGRA,India,,,,,,,,,English,Good,Good,Good,Hindi,Good,Good,Good,Marathi,Good,Good,Good,Guddu,Software Engineer,London,8009800998,,,Naukri.com
88995,Major,Uday,Bhan,uday.bhan@mailinator.com740,7864823665740,7894923645,13/04/1990,M,Single,PAN167694740,No,Behind Yaga Baba Hostel Baner,426194,KANPUR,India,579700,1340000,Mumbai,579000,2,1,30,12/06/2004,13/07/2006,Full Time,Uttar Pradesh State Board,Saraswati Vidya Mandir Kanpur,NA,92,10th,14/02/2007,25/03/2010,Full Time,Uttar Pradesh State Board,Radha Niketan College Kanpur,Electronics & Telecommunication,93,12th,14/03/2010,18/09/2014,Full Time,NITA,Motilal Nehru National Institute of Technology Allahabad,Electronics & Telecommunication,81,BE,20/07/2015,22/01/2018,Full Time,NITIE,NITIE Mumbai,Mining Engineering,87,ME,0,29/03/2017,19/09/2018,Full Time,Junior Technical Consultant,TCS,Manufacturing,AGRA,India,,,,,,,,,English,Good,Good,Good,Hindi,Good,Good,Good,Marathi,Good,Good,Good,Guddu,Software Engineer,London,8009800998,,,Naukri.com
88995,Major,Uday,Bhan,uday.bhan@mailinator.com741,7864823665741,7894923645,13/04/1990,M,Single,PAN167694741,No,Behind Yaga Baba Hostel Baner,426194,KANPUR,India,579700,1340000,Mumbai,579000,2,1,30,12/06/2004,13/07/2006,Full Time,Uttar Pradesh State Board,Saraswati Vidya Mandir Kanpur,NA,92,10th,14/02/2007,25/03/2010,Full Time,Uttar Pradesh State Board,Radha Niketan College Kanpur,Electronics & Telecommunication,93,12th,14/03/2010,18/09/2014,Full Time,NITA,Motilal Nehru National Institute of Technology Allahabad,Electronics & Telecommunication,81,BE,20/07/2015,22/01/2018,Full Time,NITIE,NITIE Mumbai,Mining Engineering,87,ME,0,29/03/2017,19/09/2018,Full Time,Junior Technical Consultant,TCS,Manufacturing,AGRA,India,,,,,,,,,English,Good,Good,Good,Hindi,Good,Good,Good,Marathi,Good,Good,Good,Guddu,Software Engineer,London,8009800998,,,Naukri.com
88995,Major,Uday,Bhan,uday.bhan@mailinator.com742,7864823665742,7894923645,13/04/1990,M,Single,PAN167694742,No,Behind Yaga Baba Hostel Baner,426194,KANPUR,India,579700,1340000,Mumbai,579000,2,1,30,12/06/2004,13/07/2006,Full Time,Uttar Pradesh State Board,Saraswati Vidya Mandir Kanpur,NA,92,10th,14/02/2007,25/03/2010,Full Time,Uttar Pradesh State Board,Radha Niketan College Kanpur,Electronics & Telecommunication,93,12th,14/03/2010,18/09/2014,Full Time,NITA,Motilal Nehru National Institute of Technology Allahabad,Electronics & Telecommunication,81,BE,20/07/2015,22/01/2018,Full Time,NITIE,NITIE Mumbai,Mining Engineering,87,ME,0,29/03/2017,19/09/2018,Full Time,Junior Technical Consultant,TCS,Manufacturing,AGRA,India,,,,,,,,,English,Good,Good,Good,Hindi,Good,Good,Good,Marathi,Good,Good,Good,Guddu,Software Engineer,London,8009800998,,,Naukri.com
88995,Major,Uday,Bhan,uday.bhan@mailinator.com743,7864823665743,7894923645,13/04/1990,M,Single,PAN167694743,No,Behind Yaga Baba Hostel Baner,426194,KANPUR,India,579700,1340000,Mumbai,579000,2,1,30,12/06/2004,13/07/2006,Full Time,Uttar Pradesh State Board,Saraswati Vidya Mandir Kanpur,NA,92,10th,14/02/2007,25/03/2010,Full Time,Uttar Pradesh State Board,Radha Niketan College Kanpur,Electronics & Telecommunication,93,12th,14/03/2010,18/09/2014,Full Time,NITA,Motilal Nehru National Institute of Technology Allahabad,Electronics & Telecommunication,81,BE,20/07/2015,22/01/2018,Full Time,NITIE,NITIE Mumbai,Mining Engineering,87,ME,0,29/03/2017,19/09/2018,Full Time,Junior Technical Consultant,TCS,Manufacturing,AGRA,India,,,,,,,,,English,Good,Good,Good,Hindi,Good,Good,Good,Marathi,Good,Good,Good,Guddu,Software Engineer,London,8009800998,,,Naukri.com
88995,Major,Uday,Bhan,uday.bhan@mailinator.com744,7864823665744,7894923645,13/04/1990,M,Single,PAN167694744,No,Behind Yaga Baba Hostel Baner,426194,KANPUR,India,579700,1340000,Mumbai,579000,2,1,30,12/06/2004,13/07/2006,Full Time,Uttar Pradesh State Board,Saraswati Vidya Mandir Kanpur,NA,92,10th,14/02/2007,25/03/2010,Full Time,Uttar Pradesh State Board,Radha Niketan College Kanpur,Electronics & Telecommunication,93,12th,14/03/2010,18/09/2014,Full Time,NITA,Motilal Nehru National Institute of Technology Allahabad,Electronics & Telecommunication,81,BE,20/07/2015,22/01/2018,Full Time,NITIE,NITIE Mumbai,Mining Engineering,87,ME,0,29/03/2017,19/09/2018,Full Time,Junior Technical Consultant,TCS,Manufacturing,AGRA,India,,,,,,,,,English,Good,Good,Good,Hindi,Good,Good,Good,Marathi,Good,Good,Good,Guddu,Software Engineer,London,8009800998,,,Naukri.com
88995,Major,Uday,Bhan,uday.bhan@mailinator.com745,7864823665745,7894923645,13/04/1990,M,Single,PAN167694745,No,Behind Yaga Baba Hostel Baner,426194,KANPUR,India,579700,1340000,Mumbai,579000,2,1,30,12/06/2004,13/07/2006,Full Time,Uttar Pradesh State Board,Saraswati Vidya Mandir Kanpur,NA,92,10th,14/02/2007,25/03/2010,Full Time,Uttar Pradesh State Board,Radha Niketan College Kanpur,Electronics & Telecommunication,93,12th,14/03/2010,18/09/2014,Full Time,NITA,Motilal Nehru National Institute of Technology Allahabad,Electronics & Telecommunication,81,BE,20/07/2015,22/01/2018,Full Time,NITIE,NITIE Mumbai,Mining Engineering,87,ME,0,29/03/2017,19/09/2018,Full Time,Junior Technical Consultant,TCS,Manufacturing,AGRA,India,,,,,,,,,English,Good,Good,Good,Hindi,Good,Good,Good,Marathi,Good,Good,Good,Guddu,Software Engineer,London,8009800998,,,Naukri.com
88995,Major,Uday,Bhan,uday.bhan@mailinator.com746,7864823665746,7894923645,13/04/1990,M,Single,PAN167694746,No,Behind Yaga Baba Hostel Baner,426194,KANPUR,India,579700,1340000,Mumbai,579000,2,1,30,12/06/2004,13/07/2006,Full Time,Uttar Pradesh State Board,Saraswati Vidya Mandir Kanpur,NA,92,10th,14/02/2007,25/03/2010,Full Time,Uttar Pradesh State Board,Radha Niketan College Kanpur,Electronics & Telecommunication,93,12th,14/03/2010,18/09/2014,Full Time,NITA,Motilal Nehru National Institute of Technology Allahabad,Electronics & Telecommunication,81,BE,20/07/2015,22/01/2018,Full Time,NITIE,NITIE Mumbai,Mining Engineering,87,ME,0,29/03/2017,19/09/2018,Full Time,Junior Technical Consultant,TCS,Manufacturing,AGRA,India,,,,,,,,,English,Good,Good,Good,Hindi,Good,Good,Good,Marathi,Good,Good,Good,Guddu,Software Engineer,London,8009800998,,,Naukri.com
88995,Major,Uday,Bhan,uday.bhan@mailinator.com747,7864823665747,7894923645,13/04/1990,M,Single,PAN167694747,No,Behind Yaga Baba Hostel Baner,426194,KANPUR,India,579700,1340000,Mumbai,579000,2,1,30,12/06/2004,13/07/2006,Full Time,Uttar Pradesh State Board,Saraswati Vidya Mandir Kanpur,NA,92,10th,14/02/2007,25/03/2010,Full Time,Uttar Pradesh State Board,Radha Niketan College Kanpur,Electronics & Telecommunication,93,12th,14/03/2010,18/09/2014,Full Time,NITA,Motilal Nehru National Institute of Technology Allahabad,Electronics & Telecommunication,81,BE,20/07/2015,22/01/2018,Full Time,NITIE,NITIE Mumbai,Mining Engineering,87,ME,0,29/03/2017,19/09/2018,Full Time,Junior Technical Consultant,TCS,Manufacturing,AGRA,India,,,,,,,,,English,Good,Good,Good,Hindi,Good,Good,Good,Marathi,Good,Good,Good,Guddu,Software Engineer,London,8009800998,,,Naukri.com
88995,Major,Uday,Bhan,uday.bhan@mailinator.com748,7864823665748,7894923645,13/04/1990,M,Single,PAN167694748,No,Behind Yaga Baba Hostel Baner,426194,KANPUR,India,579700,1340000,Mumbai,579000,2,1,30,12/06/2004,13/07/2006,Full Time,Uttar Pradesh State Board,Saraswati Vidya Mandir Kanpur,NA,92,10th,14/02/2007,25/03/2010,Full Time,Uttar Pradesh State Board,Radha Niketan College Kanpur,Electronics & Telecommunication,93,12th,14/03/2010,18/09/2014,Full Time,NITA,Motilal Nehru National Institute of Technology Allahabad,Electronics & Telecommunication,81,BE,20/07/2015,22/01/2018,Full Time,NITIE,NITIE Mumbai,Mining Engineering,87,ME,0,29/03/2017,19/09/2018,Full Time,Junior Technical Consultant,TCS,Manufacturing,AGRA,India,,,,,,,,,English,Good,Good,Good,Hindi,Good,Good,Good,Marathi,Good,Good,Good,Guddu,Software Engineer,London,8009800998,,,Naukri.com
88995,Major,Uday,Bhan,uday.bhan@mailinator.com749,7864823665749,7894923645,13/04/1990,M,Single,PAN167694749,No,Behind Yaga Baba Hostel Baner,426194,KANPUR,India,579700,1340000,Mumbai,579000,2,1,30,12/06/2004,13/07/2006,Full Time,Uttar Pradesh State Board,Saraswati Vidya Mandir Kanpur,NA,92,10th,14/02/2007,25/03/2010,Full Time,Uttar Pradesh State Board,Radha Niketan College Kanpur,Electronics & Telecommunication,93,12th,14/03/2010,18/09/2014,Full Time,NITA,Motilal Nehru National Institute of Technology Allahabad,Electronics & Telecommunication,81,BE,20/07/2015,22/01/2018,Full Time,NITIE,NITIE Mumbai,Mining Engineering,87,ME,0,29/03/2017,19/09/2018,Full Time,Junior Technical Consultant,TCS,Manufacturing,AGRA,India,,,,,,,,,English,Good,Good,Good,Hindi,Good,Good,Good,Marathi,Good,Good,Good,Guddu,Software Engineer,London,8009800998,,,Naukri.com
88995,Major,Uday,Bhan,uday.bhan@mailinator.com750,7864823665750,7894923645,13/04/1990,M,Single,PAN167694750,No,Behind Yaga Baba Hostel Baner,426194,KANPUR,India,579700,1340000,Mumbai,579000,2,1,30,12/06/2004,13/07/2006,Full Time,Uttar Pradesh State Board,Saraswati Vidya Mandir Kanpur,NA,92,10th,14/02/2007,25/03/2010,Full Time,Uttar Pradesh State Board,Radha Niketan College Kanpur,Electronics & Telecommunication,93,12th,14/03/2010,18/09/2014,Full Time,NITA,Motilal Nehru National Institute of Technology Allahabad,Electronics & Telecommunication,81,BE,20/07/2015,22/01/2018,Full Time,NITIE,NITIE Mumbai,Mining Engineering,87,ME,0,29/03/2017,19/09/2018,Full Time,Junior Technical Consultant,TCS,Manufacturing,AGRA,India,,,,,,,,,English,Good,Good,Good,Hindi,Good,Good,Good,Marathi,Good,Good,Good,Guddu,Software Engineer,London,8009800998,,,Naukri.com
88995,Major,Uday,Bhan,uday.bhan@mailinator.com751,7864823665751,7894923645,13/04/1990,M,Single,PAN167694751,No,Behind Yaga Baba Hostel Baner,426194,KANPUR,India,579700,1340000,Mumbai,579000,2,1,30,12/06/2004,13/07/2006,Full Time,Uttar Pradesh State Board,Saraswati Vidya Mandir Kanpur,NA,92,10th,14/02/2007,25/03/2010,Full Time,Uttar Pradesh State Board,Radha Niketan College Kanpur,Electronics & Telecommunication,93,12th,14/03/2010,18/09/2014,Full Time,NITA,Motilal Nehru National Institute of Technology Allahabad,Electronics & Telecommunication,81,BE,20/07/2015,22/01/2018,Full Time,NITIE,NITIE Mumbai,Mining Engineering,87,ME,0,29/03/2017,19/09/2018,Full Time,Junior Technical Consultant,TCS,Manufacturing,AGRA,India,,,,,,,,,English,Good,Good,Good,Hindi,Good,Good,Good,Marathi,Good,Good,Good,Guddu,Software Engineer,London,8009800998,,,Naukri.com
88995,Major,Uday,Bhan,uday.bhan@mailinator.com752,7864823665752,7894923645,13/04/1990,M,Single,PAN167694752,No,Behind Yaga Baba Hostel Baner,426194,KANPUR,India,579700,1340000,Mumbai,579000,2,1,30,12/06/2004,13/07/2006,Full Time,Uttar Pradesh State Board,Saraswati Vidya Mandir Kanpur,NA,92,10th,14/02/2007,25/03/2010,Full Time,Uttar Pradesh State Board,Radha Niketan College Kanpur,Electronics & Telecommunication,93,12th,14/03/2010,18/09/2014,Full Time,NITA,Motilal Nehru National Institute of Technology Allahabad,Electronics & Telecommunication,81,BE,20/07/2015,22/01/2018,Full Time,NITIE,NITIE Mumbai,Mining Engineering,87,ME,0,29/03/2017,19/09/2018,Full Time,Junior Technical Consultant,TCS,Manufacturing,AGRA,India,,,,,,,,,English,Good,Good,Good,Hindi,Good,Good,Good,Marathi,Good,Good,Good,Guddu,Software Engineer,London,8009800998,,,Naukri.com
88995,Major,Uday,Bhan,uday.bhan@mailinator.com753,7864823665753,7894923645,13/04/1990,M,Single,PAN167694753,No,Behind Yaga Baba Hostel Baner,426194,KANPUR,India,579700,1340000,Mumbai,579000,2,1,30,12/06/2004,13/07/2006,Full Time,Uttar Pradesh State Board,Saraswati Vidya Mandir Kanpur,NA,92,10th,14/02/2007,25/03/2010,Full Time,Uttar Pradesh State Board,Radha Niketan College Kanpur,Electronics & Telecommunication,93,12th,14/03/2010,18/09/2014,Full Time,NITA,Motilal Nehru National Institute of Technology Allahabad,Electronics & Telecommunication,81,BE,20/07/2015,22/01/2018,Full Time,NITIE,NITIE Mumbai,Mining Engineering,87,ME,0,29/03/2017,19/09/2018,Full Time,Junior Technical Consultant,TCS,Manufacturing,AGRA,India,,,,,,,,,English,Good,Good,Good,Hindi,Good,Good,Good,Marathi,Good,Good,Good,Guddu,Software Engineer,London,8009800998,,,Naukri.com
88995,Major,Uday,Bhan,uday.bhan@mailinator.com754,7864823665754,7894923645,13/04/1990,M,Single,PAN167694754,No,Behind Yaga Baba Hostel Baner,426194,KANPUR,India,579700,1340000,Mumbai,579000,2,1,30,12/06/2004,13/07/2006,Full Time,Uttar Pradesh State Board,Saraswati Vidya Mandir Kanpur,NA,92,10th,14/02/2007,25/03/2010,Full Time,Uttar Pradesh State Board,Radha Niketan College Kanpur,Electronics & Telecommunication,93,12th,14/03/2010,18/09/2014,Full Time,NITA,Motilal Nehru National Institute of Technology Allahabad,Electronics & Telecommunication,81,BE,20/07/2015,22/01/2018,Full Time,NITIE,NITIE Mumbai,Mining Engineering,87,ME,0,29/03/2017,19/09/2018,Full Time,Junior Technical Consultant,TCS,Manufacturing,AGRA,India,,,,,,,,,English,Good,Good,Good,Hindi,Good,Good,Good,Marathi,Good,Good,Good,Guddu,Software Engineer,London,8009800998,,,Naukri.com
88995,Major,Uday,Bhan,uday.bhan@mailinator.com755,7864823665755,7894923645,13/04/1990,M,Single,PAN167694755,No,Behind Yaga Baba Hostel Baner,426194,KANPUR,India,579700,1340000,Mumbai,579000,2,1,30,12/06/2004,13/07/2006,Full Time,Uttar Pradesh State Board,Saraswati Vidya Mandir Kanpur,NA,92,10th,14/02/2007,25/03/2010,Full Time,Uttar Pradesh State Board,Radha Niketan College Kanpur,Electronics & Telecommunication,93,12th,14/03/2010,18/09/2014,Full Time,NITA,Motilal Nehru National Institute of Technology Allahabad,Electronics & Telecommunication,81,BE,20/07/2015,22/01/2018,Full Time,NITIE,NITIE Mumbai,Mining Engineering,87,ME,0,29/03/2017,19/09/2018,Full Time,Junior Technical Consultant,TCS,Manufacturing,AGRA,India,,,,,,,,,English,Good,Good,Good,Hindi,Good,Good,Good,Marathi,Good,Good,Good,Guddu,Software Engineer,London,8009800998,,,Naukri.com
88995,Major,Uday,Bhan,uday.bhan@mailinator.com756,7864823665756,7894923645,13/04/1990,M,Single,PAN167694756,No,Behind Yaga Baba Hostel Baner,426194,KANPUR,India,579700,1340000,Mumbai,579000,2,1,30,12/06/2004,13/07/2006,Full Time,Uttar Pradesh State Board,Saraswati Vidya Mandir Kanpur,NA,92,10th,14/02/2007,25/03/2010,Full Time,Uttar Pradesh State Board,Radha Niketan College Kanpur,Electronics & Telecommunication,93,12th,14/03/2010,18/09/2014,Full Time,NITA,Motilal Nehru National Institute of Technology Allahabad,Electronics & Telecommunication,81,BE,20/07/2015,22/01/2018,Full Time,NITIE,NITIE Mumbai,Mining Engineering,87,ME,0,29/03/2017,19/09/2018,Full Time,Junior Technical Consultant,TCS,Manufacturing,AGRA,India,,,,,,,,,English,Good,Good,Good,Hindi,Good,Good,Good,Marathi,Good,Good,Good,Guddu,Software Engineer,London,8009800998,,,Naukri.com
88995,Major,Uday,Bhan,uday.bhan@mailinator.com757,7864823665757,7894923645,13/04/1990,M,Single,PAN167694757,No,Behind Yaga Baba Hostel Baner,426194,KANPUR,India,579700,1340000,Mumbai,579000,2,1,30,12/06/2004,13/07/2006,Full Time,Uttar Pradesh State Board,Saraswati Vidya Mandir Kanpur,NA,92,10th,14/02/2007,25/03/2010,Full Time,Uttar Pradesh State Board,Radha Niketan College Kanpur,Electronics & Telecommunication,93,12th,14/03/2010,18/09/2014,Full Time,NITA,Motilal Nehru National Institute of Technology Allahabad,Electronics & Telecommunication,81,BE,20/07/2015,22/01/2018,Full Time,NITIE,NITIE Mumbai,Mining Engineering,87,ME,0,29/03/2017,19/09/2018,Full Time,Junior Technical Consultant,TCS,Manufacturing,AGRA,India,,,,,,,,,English,Good,Good,Good,Hindi,Good,Good,Good,Marathi,Good,Good,Good,Guddu,Software Engineer,London,8009800998,,,Naukri.com
88995,Major,Uday,Bhan,uday.bhan@mailinator.com758,7864823665758,7894923645,13/04/1990,M,Single,PAN167694758,No,Behind Yaga Baba Hostel Baner,426194,KANPUR,India,579700,1340000,Mumbai,579000,2,1,30,12/06/2004,13/07/2006,Full Time,Uttar Pradesh State Board,Saraswati Vidya Mandir Kanpur,NA,92,10th,14/02/2007,25/03/2010,Full Time,Uttar Pradesh State Board,Radha Niketan College Kanpur,Electronics & Telecommunication,93,12th,14/03/2010,18/09/2014,Full Time,NITA,Motilal Nehru National Institute of Technology Allahabad,Electronics & Telecommunication,81,BE,20/07/2015,22/01/2018,Full Time,NITIE,NITIE Mumbai,Mining Engineering,87,ME,0,29/03/2017,19/09/2018,Full Time,Junior Technical Consultant,TCS,Manufacturing,AGRA,India,,,,,,,,,English,Good,Good,Good,Hindi,Good,Good,Good,Marathi,Good,Good,Good,Guddu,Software Engineer,London,8009800998,,,Naukri.com
88995,Major,Uday,Bhan,uday.bhan@mailinator.com759,7864823665759,7894923645,13/04/1990,M,Single,PAN167694759,No,Behind Yaga Baba Hostel Baner,426194,KANPUR,India,579700,1340000,Mumbai,579000,2,1,30,12/06/2004,13/07/2006,Full Time,Uttar Pradesh State Board,Saraswati Vidya Mandir Kanpur,NA,92,10th,14/02/2007,25/03/2010,Full Time,Uttar Pradesh State Board,Radha Niketan College Kanpur,Electronics & Telecommunication,93,12th,14/03/2010,18/09/2014,Full Time,NITA,Motilal Nehru National Institute of Technology Allahabad,Electronics & Telecommunication,81,BE,20/07/2015,22/01/2018,Full Time,NITIE,NITIE Mumbai,Mining Engineering,87,ME,0,29/03/2017,19/09/2018,Full Time,Junior Technical Consultant,TCS,Manufacturing,AGRA,India,,,,,,,,,English,Good,Good,Good,Hindi,Good,Good,Good,Marathi,Good,Good,Good,Guddu,Software Engineer,London,8009800998,,,Naukri.com
88995,Major,Uday,Bhan,uday.bhan@mailinator.com760,7864823665760,7894923645,13/04/1990,M,Single,PAN167694760,No,Behind Yaga Baba Hostel Baner,426194,KANPUR,India,579700,1340000,Mumbai,579000,2,1,30,12/06/2004,13/07/2006,Full Time,Uttar Pradesh State Board,Saraswati Vidya Mandir Kanpur,NA,92,10th,14/02/2007,25/03/2010,Full Time,Uttar Pradesh State Board,Radha Niketan College Kanpur,Electronics & Telecommunication,93,12th,14/03/2010,18/09/2014,Full Time,NITA,Motilal Nehru National Institute of Technology Allahabad,Electronics & Telecommunication,81,BE,20/07/2015,22/01/2018,Full Time,NITIE,NITIE Mumbai,Mining Engineering,87,ME,0,29/03/2017,19/09/2018,Full Time,Junior Technical Consultant,TCS,Manufacturing,AGRA,India,,,,,,,,,English,Good,Good,Good,Hindi,Good,Good,Good,Marathi,Good,Good,Good,Guddu,Software Engineer,London,8009800998,,,Naukri.com
88995,Major,Uday,Bhan,uday.bhan@mailinator.com761,7864823665761,7894923645,13/04/1990,M,Single,PAN167694761,No,Behind Yaga Baba Hostel Baner,426194,KANPUR,India,579700,1340000,Mumbai,579000,2,1,30,12/06/2004,13/07/2006,Full Time,Uttar Pradesh State Board,Saraswati Vidya Mandir Kanpur,NA,92,10th,14/02/2007,25/03/2010,Full Time,Uttar Pradesh State Board,Radha Niketan College Kanpur,Electronics & Telecommunication,93,12th,14/03/2010,18/09/2014,Full Time,NITA,Motilal Nehru National Institute of Technology Allahabad,Electronics & Telecommunication,81,BE,20/07/2015,22/01/2018,Full Time,NITIE,NITIE Mumbai,Mining Engineering,87,ME,0,29/03/2017,19/09/2018,Full Time,Junior Technical Consultant,TCS,Manufacturing,AGRA,India,,,,,,,,,English,Good,Good,Good,Hindi,Good,Good,Good,Marathi,Good,Good,Good,Guddu,Software Engineer,London,8009800998,,,Naukri.com
88995,Major,Uday,Bhan,uday.bhan@mailinator.com762,7864823665762,7894923645,13/04/1990,M,Single,PAN167694762,No,Behind Yaga Baba Hostel Baner,426194,KANPUR,India,579700,1340000,Mumbai,579000,2,1,30,12/06/2004,13/07/2006,Full Time,Uttar Pradesh State Board,Saraswati Vidya Mandir Kanpur,NA,92,10th,14/02/2007,25/03/2010,Full Time,Uttar Pradesh State Board,Radha Niketan College Kanpur,Electronics & Telecommunication,93,12th,14/03/2010,18/09/2014,Full Time,NITA,Motilal Nehru National Institute of Technology Allahabad,Electronics & Telecommunication,81,BE,20/07/2015,22/01/2018,Full Time,NITIE,NITIE Mumbai,Mining Engineering,87,ME,0,29/03/2017,19/09/2018,Full Time,Junior Technical Consultant,TCS,Manufacturing,AGRA,India,,,,,,,,,English,Good,Good,Good,Hindi,Good,Good,Good,Marathi,Good,Good,Good,Guddu,Software Engineer,London,8009800998,,,Naukri.com
88995,Major,Uday,Bhan,uday.bhan@mailinator.com763,7864823665763,7894923645,13/04/1990,M,Single,PAN167694763,No,Behind Yaga Baba Hostel Baner,426194,KANPUR,India,579700,1340000,Mumbai,579000,2,1,30,12/06/2004,13/07/2006,Full Time,Uttar Pradesh State Board,Saraswati Vidya Mandir Kanpur,NA,92,10th,14/02/2007,25/03/2010,Full Time,Uttar Pradesh State Board,Radha Niketan College Kanpur,Electronics & Telecommunication,93,12th,14/03/2010,18/09/2014,Full Time,NITA,Motilal Nehru National Institute of Technology Allahabad,Electronics & Telecommunication,81,BE,20/07/2015,22/01/2018,Full Time,NITIE,NITIE Mumbai,Mining Engineering,87,ME,0,29/03/2017,19/09/2018,Full Time,Junior Technical Consultant,TCS,Manufacturing,AGRA,India,,,,,,,,,English,Good,Good,Good,Hindi,Good,Good,Good,Marathi,Good,Good,Good,Guddu,Software Engineer,London,8009800998,,,Naukri.com
88995,Major,Uday,Bhan,uday.bhan@mailinator.com764,7864823665764,7894923645,13/04/1990,M,Single,PAN167694764,No,Behind Yaga Baba Hostel Baner,426194,KANPUR,India,579700,1340000,Mumbai,579000,2,1,30,12/06/2004,13/07/2006,Full Time,Uttar Pradesh State Board,Saraswati Vidya Mandir Kanpur,NA,92,10th,14/02/2007,25/03/2010,Full Time,Uttar Pradesh State Board,Radha Niketan College Kanpur,Electronics & Telecommunication,93,12th,14/03/2010,18/09/2014,Full Time,NITA,Motilal Nehru National Institute of Technology Allahabad,Electronics & Telecommunication,81,BE,20/07/2015,22/01/2018,Full Time,NITIE,NITIE Mumbai,Mining Engineering,87,ME,0,29/03/2017,19/09/2018,Full Time,Junior Technical Consultant,TCS,Manufacturing,AGRA,India,,,,,,,,,English,Good,Good,Good,Hindi,Good,Good,Good,Marathi,Good,Good,Good,Guddu,Software Engineer,London,8009800998,,,Naukri.com
88995,Major,Uday,Bhan,uday.bhan@mailinator.com765,7864823665765,7894923645,13/04/1990,M,Single,PAN167694765,No,Behind Yaga Baba Hostel Baner,426194,KANPUR,India,579700,1340000,Mumbai,579000,2,1,30,12/06/2004,13/07/2006,Full Time,Uttar Pradesh State Board,Saraswati Vidya Mandir Kanpur,NA,92,10th,14/02/2007,25/03/2010,Full Time,Uttar Pradesh State Board,Radha Niketan College Kanpur,Electronics & Telecommunication,93,12th,14/03/2010,18/09/2014,Full Time,NITA,Motilal Nehru National Institute of Technology Allahabad,Electronics & Telecommunication,81,BE,20/07/2015,22/01/2018,Full Time,NITIE,NITIE Mumbai,Mining Engineering,87,ME,0,29/03/2017,19/09/2018,Full Time,Junior Technical Consultant,TCS,Manufacturing,AGRA,India,,,,,,,,,English,Good,Good,Good,Hindi,Good,Good,Good,Marathi,Good,Good,Good,Guddu,Software Engineer,London,8009800998,,,Naukri.com
88995,Major,Uday,Bhan,uday.bhan@mailinator.com766,7864823665766,7894923645,13/04/1990,M,Single,PAN167694766,No,Behind Yaga Baba Hostel Baner,426194,KANPUR,India,579700,1340000,Mumbai,579000,2,1,30,12/06/2004,13/07/2006,Full Time,Uttar Pradesh State Board,Saraswati Vidya Mandir Kanpur,NA,92,10th,14/02/2007,25/03/2010,Full Time,Uttar Pradesh State Board,Radha Niketan College Kanpur,Electronics & Telecommunication,93,12th,14/03/2010,18/09/2014,Full Time,NITA,Motilal Nehru National Institute of Technology Allahabad,Electronics & Telecommunication,81,BE,20/07/2015,22/01/2018,Full Time,NITIE,NITIE Mumbai,Mining Engineering,87,ME,0,29/03/2017,19/09/2018,Full Time,Junior Technical Consultant,TCS,Manufacturing,AGRA,India,,,,,,,,,English,Good,Good,Good,Hindi,Good,Good,Good,Marathi,Good,Good,Good,Guddu,Software Engineer,London,8009800998,,,Naukri.com
88995,Major,Uday,Bhan,uday.bhan@mailinator.com767,7864823665767,7894923645,13/04/1990,M,Single,PAN167694767,No,Behind Yaga Baba Hostel Baner,426194,KANPUR,India,579700,1340000,Mumbai,579000,2,1,30,12/06/2004,13/07/2006,Full Time,Uttar Pradesh State Board,Saraswati Vidya Mandir Kanpur,NA,92,10th,14/02/2007,25/03/2010,Full Time,Uttar Pradesh State Board,Radha Niketan College Kanpur,Electronics & Telecommunication,93,12th,14/03/2010,18/09/2014,Full Time,NITA,Motilal Nehru National Institute of Technology Allahabad,Electronics & Telecommunication,81,BE,20/07/2015,22/01/2018,Full Time,NITIE,NITIE Mumbai,Mining Engineering,87,ME,0,29/03/2017,19/09/2018,Full Time,Junior Technical Consultant,TCS,Manufacturing,AGRA,India,,,,,,,,,English,Good,Good,Good,Hindi,Good,Good,Good,Marathi,Good,Good,Good,Guddu,Software Engineer,London,8009800998,,,Naukri.com
88995,Major,Uday,Bhan,uday.bhan@mailinator.com768,7864823665768,7894923645,13/04/1990,M,Single,PAN167694768,No,Behind Yaga Baba Hostel Baner,426194,KANPUR,India,579700,1340000,Mumbai,579000,2,1,30,12/06/2004,13/07/2006,Full Time,Uttar Pradesh State Board,Saraswati Vidya Mandir Kanpur,NA,92,10th,14/02/2007,25/03/2010,Full Time,Uttar Pradesh State Board,Radha Niketan College Kanpur,Electronics & Telecommunication,93,12th,14/03/2010,18/09/2014,Full Time,NITA,Motilal Nehru National Institute of Technology Allahabad,Electronics & Telecommunication,81,BE,20/07/2015,22/01/2018,Full Time,NITIE,NITIE Mumbai,Mining Engineering,87,ME,0,29/03/2017,19/09/2018,Full Time,Junior Technical Consultant,TCS,Manufacturing,AGRA,India,,,,,,,,,English,Good,Good,Good,Hindi,Good,Good,Good,Marathi,Good,Good,Good,Guddu,Software Engineer,London,8009800998,,,Naukri.com
88995,Major,Uday,Bhan,uday.bhan@mailinator.com769,7864823665769,7894923645,13/04/1990,M,Single,PAN167694769,No,Behind Yaga Baba Hostel Baner,426194,KANPUR,India,579700,1340000,Mumbai,579000,2,1,30,12/06/2004,13/07/2006,Full Time,Uttar Pradesh State Board,Saraswati Vidya Mandir Kanpur,NA,92,10th,14/02/2007,25/03/2010,Full Time,Uttar Pradesh State Board,Radha Niketan College Kanpur,Electronics & Telecommunication,93,12th,14/03/2010,18/09/2014,Full Time,NITA,Motilal Nehru National Institute of Technology Allahabad,Electronics & Telecommunication,81,BE,20/07/2015,22/01/2018,Full Time,NITIE,NITIE Mumbai,Mining Engineering,87,ME,0,29/03/2017,19/09/2018,Full Time,Junior Technical Consultant,TCS,Manufacturing,AGRA,India,,,,,,,,,English,Good,Good,Good,Hindi,Good,Good,Good,Marathi,Good,Good,Good,Guddu,Software Engineer,London,8009800998,,,Naukri.com
88995,Major,Uday,Bhan,uday.bhan@mailinator.com770,7864823665770,7894923645,13/04/1990,M,Single,PAN167694770,No,Behind Yaga Baba Hostel Baner,426194,KANPUR,India,579700,1340000,Mumbai,579000,2,1,30,12/06/2004,13/07/2006,Full Time,Uttar Pradesh State Board,Saraswati Vidya Mandir Kanpur,NA,92,10th,14/02/2007,25/03/2010,Full Time,Uttar Pradesh State Board,Radha Niketan College Kanpur,Electronics & Telecommunication,93,12th,14/03/2010,18/09/2014,Full Time,NITA,Motilal Nehru National Institute of Technology Allahabad,Electronics & Telecommunication,81,BE,20/07/2015,22/01/2018,Full Time,NITIE,NITIE Mumbai,Mining Engineering,87,ME,0,29/03/2017,19/09/2018,Full Time,Junior Technical Consultant,TCS,Manufacturing,AGRA,India,,,,,,,,,English,Good,Good,Good,Hindi,Good,Good,Good,Marathi,Good,Good,Good,Guddu,Software Engineer,London,8009800998,,,Naukri.com
88995,Major,Uday,Bhan,uday.bhan@mailinator.com771,7864823665771,7894923645,13/04/1990,M,Single,PAN167694771,No,Behind Yaga Baba Hostel Baner,426194,KANPUR,India,579700,1340000,Mumbai,579000,2,1,30,12/06/2004,13/07/2006,Full Time,Uttar Pradesh State Board,Saraswati Vidya Mandir Kanpur,NA,92,10th,14/02/2007,25/03/2010,Full Time,Uttar Pradesh State Board,Radha Niketan College Kanpur,Electronics & Telecommunication,93,12th,14/03/2010,18/09/2014,Full Time,NITA,Motilal Nehru National Institute of Technology Allahabad,Electronics & Telecommunication,81,BE,20/07/2015,22/01/2018,Full Time,NITIE,NITIE Mumbai,Mining Engineering,87,ME,0,29/03/2017,19/09/2018,Full Time,Junior Technical Consultant,TCS,Manufacturing,AGRA,India,,,,,,,,,English,Good,Good,Good,Hindi,Good,Good,Good,Marathi,Good,Good,Good,Guddu,Software Engineer,London,8009800998,,,Naukri.com
88995,Major,Uday,Bhan,uday.bhan@mailinator.com772,7864823665772,7894923645,13/04/1990,M,Single,PAN167694772,No,Behind Yaga Baba Hostel Baner,426194,KANPUR,India,579700,1340000,Mumbai,579000,2,1,30,12/06/2004,13/07/2006,Full Time,Uttar Pradesh State Board,Saraswati Vidya Mandir Kanpur,NA,92,10th,14/02/2007,25/03/2010,Full Time,Uttar Pradesh State Board,Radha Niketan College Kanpur,Electronics & Telecommunication,93,12th,14/03/2010,18/09/2014,Full Time,NITA,Motilal Nehru National Institute of Technology Allahabad,Electronics & Telecommunication,81,BE,20/07/2015,22/01/2018,Full Time,NITIE,NITIE Mumbai,Mining Engineering,87,ME,0,29/03/2017,19/09/2018,Full Time,Junior Technical Consultant,TCS,Manufacturing,AGRA,India,,,,,,,,,English,Good,Good,Good,Hindi,Good,Good,Good,Marathi,Good,Good,Good,Guddu,Software Engineer,London,8009800998,,,Naukri.com
88995,Major,Uday,Bhan,uday.bhan@mailinator.com773,7864823665773,7894923645,13/04/1990,M,Single,PAN167694773,No,Behind Yaga Baba Hostel Baner,426194,KANPUR,India,579700,1340000,Mumbai,579000,2,1,30,12/06/2004,13/07/2006,Full Time,Uttar Pradesh State Board,Saraswati Vidya Mandir Kanpur,NA,92,10th,14/02/2007,25/03/2010,Full Time,Uttar Pradesh State Board,Radha Niketan College Kanpur,Electronics & Telecommunication,93,12th,14/03/2010,18/09/2014,Full Time,NITA,Motilal Nehru National Institute of Technology Allahabad,Electronics & Telecommunication,81,BE,20/07/2015,22/01/2018,Full Time,NITIE,NITIE Mumbai,Mining Engineering,87,ME,0,29/03/2017,19/09/2018,Full Time,Junior Technical Consultant,TCS,Manufacturing,AGRA,India,,,,,,,,,English,Good,Good,Good,Hindi,Good,Good,Good,Marathi,Good,Good,Good,Guddu,Software Engineer,London,8009800998,,,Naukri.com
88995,Major,Uday,Bhan,uday.bhan@mailinator.com774,7864823665774,7894923645,13/04/1990,M,Single,PAN167694774,No,Behind Yaga Baba Hostel Baner,426194,KANPUR,India,579700,1340000,Mumbai,579000,2,1,30,12/06/2004,13/07/2006,Full Time,Uttar Pradesh State Board,Saraswati Vidya Mandir Kanpur,NA,92,10th,14/02/2007,25/03/2010,Full Time,Uttar Pradesh State Board,Radha Niketan College Kanpur,Electronics & Telecommunication,93,12th,14/03/2010,18/09/2014,Full Time,NITA,Motilal Nehru National Institute of Technology Allahabad,Electronics & Telecommunication,81,BE,20/07/2015,22/01/2018,Full Time,NITIE,NITIE Mumbai,Mining Engineering,87,ME,0,29/03/2017,19/09/2018,Full Time,Junior Technical Consultant,TCS,Manufacturing,AGRA,India,,,,,,,,,English,Good,Good,Good,Hindi,Good,Good,Good,Marathi,Good,Good,Good,Guddu,Software Engineer,London,8009800998,,,Naukri.com
88995,Major,Uday,Bhan,uday.bhan@mailinator.com775,7864823665775,7894923645,13/04/1990,M,Single,PAN167694775,No,Behind Yaga Baba Hostel Baner,426194,KANPUR,India,579700,1340000,Mumbai,579000,2,1,30,12/06/2004,13/07/2006,Full Time,Uttar Pradesh State Board,Saraswati Vidya Mandir Kanpur,NA,92,10th,14/02/2007,25/03/2010,Full Time,Uttar Pradesh State Board,Radha Niketan College Kanpur,Electronics & Telecommunication,93,12th,14/03/2010,18/09/2014,Full Time,NITA,Motilal Nehru National Institute of Technology Allahabad,Electronics & Telecommunication,81,BE,20/07/2015,22/01/2018,Full Time,NITIE,NITIE Mumbai,Mining Engineering,87,ME,0,29/03/2017,19/09/2018,Full Time,Junior Technical Consultant,TCS,Manufacturing,AGRA,India,,,,,,,,,English,Good,Good,Good,Hindi,Good,Good,Good,Marathi,Good,Good,Good,Guddu,Software Engineer,London,8009800998,,,Naukri.com
88995,Major,Uday,Bhan,uday.bhan@mailinator.com776,7864823665776,7894923645,13/04/1990,M,Single,PAN167694776,No,Behind Yaga Baba Hostel Baner,426194,KANPUR,India,579700,1340000,Mumbai,579000,2,1,30,12/06/2004,13/07/2006,Full Time,Uttar Pradesh State Board,Saraswati Vidya Mandir Kanpur,NA,92,10th,14/02/2007,25/03/2010,Full Time,Uttar Pradesh State Board,Radha Niketan College Kanpur,Electronics & Telecommunication,93,12th,14/03/2010,18/09/2014,Full Time,NITA,Motilal Nehru National Institute of Technology Allahabad,Electronics & Telecommunication,81,BE,20/07/2015,22/01/2018,Full Time,NITIE,NITIE Mumbai,Mining Engineering,87,ME,0,29/03/2017,19/09/2018,Full Time,Junior Technical Consultant,TCS,Manufacturing,AGRA,India,,,,,,,,,English,Good,Good,Good,Hindi,Good,Good,Good,Marathi,Good,Good,Good,Guddu,Software Engineer,London,8009800998,,,Naukri.com
88995,Major,Uday,Bhan,uday.bhan@mailinator.com777,7864823665777,7894923645,13/04/1990,M,Single,PAN167694777,No,Behind Yaga Baba Hostel Baner,426194,KANPUR,India,579700,1340000,Mumbai,579000,2,1,30,12/06/2004,13/07/2006,Full Time,Uttar Pradesh State Board,Saraswati Vidya Mandir Kanpur,NA,92,10th,14/02/2007,25/03/2010,Full Time,Uttar Pradesh State Board,Radha Niketan College Kanpur,Electronics & Telecommunication,93,12th,14/03/2010,18/09/2014,Full Time,NITA,Motilal Nehru National Institute of Technology Allahabad,Electronics & Telecommunication,81,BE,20/07/2015,22/01/2018,Full Time,NITIE,NITIE Mumbai,Mining Engineering,87,ME,0,29/03/2017,19/09/2018,Full Time,Junior Technical Consultant,TCS,Manufacturing,AGRA,India,,,,,,,,,English,Good,Good,Good,Hindi,Good,Good,Good,Marathi,Good,Good,Good,Guddu,Software Engineer,London,8009800998,,,Naukri.com
88995,Major,Uday,Bhan,uday.bhan@mailinator.com778,7864823665778,7894923645,13/04/1990,M,Single,PAN167694778,No,Behind Yaga Baba Hostel Baner,426194,KANPUR,India,579700,1340000,Mumbai,579000,2,1,30,12/06/2004,13/07/2006,Full Time,Uttar Pradesh State Board,Saraswati Vidya Mandir Kanpur,NA,92,10th,14/02/2007,25/03/2010,Full Time,Uttar Pradesh State Board,Radha Niketan College Kanpur,Electronics & Telecommunication,93,12th,14/03/2010,18/09/2014,Full Time,NITA,Motilal Nehru National Institute of Technology Allahabad,Electronics & Telecommunication,81,BE,20/07/2015,22/01/2018,Full Time,NITIE,NITIE Mumbai,Mining Engineering,87,ME,0,29/03/2017,19/09/2018,Full Time,Junior Technical Consultant,TCS,Manufacturing,AGRA,India,,,,,,,,,English,Good,Good,Good,Hindi,Good,Good,Good,Marathi,Good,Good,Good,Guddu,Software Engineer,London,8009800998,,,Naukri.com
88995,Major,Uday,Bhan,uday.bhan@mailinator.com779,7864823665779,7894923645,13/04/1990,M,Single,PAN167694779,No,Behind Yaga Baba Hostel Baner,426194,KANPUR,India,579700,1340000,Mumbai,579000,2,1,30,12/06/2004,13/07/2006,Full Time,Uttar Pradesh State Board,Saraswati Vidya Mandir Kanpur,NA,92,10th,14/02/2007,25/03/2010,Full Time,Uttar Pradesh State Board,Radha Niketan College Kanpur,Electronics & Telecommunication,93,12th,14/03/2010,18/09/2014,Full Time,NITA,Motilal Nehru National Institute of Technology Allahabad,Electronics & Telecommunication,81,BE,20/07/2015,22/01/2018,Full Time,NITIE,NITIE Mumbai,Mining Engineering,87,ME,0,29/03/2017,19/09/2018,Full Time,Junior Technical Consultant,TCS,Manufacturing,AGRA,India,,,,,,,,,English,Good,Good,Good,Hindi,Good,Good,Good,Marathi,Good,Good,Good,Guddu,Software Engineer,London,8009800998,,,Naukri.com
88995,Major,Uday,Bhan,uday.bhan@mailinator.com780,7864823665780,7894923645,13/04/1990,M,Single,PAN167694780,No,Behind Yaga Baba Hostel Baner,426194,KANPUR,India,579700,1340000,Mumbai,579000,2,1,30,12/06/2004,13/07/2006,Full Time,Uttar Pradesh State Board,Saraswati Vidya Mandir Kanpur,NA,92,10th,14/02/2007,25/03/2010,Full Time,Uttar Pradesh State Board,Radha Niketan College Kanpur,Electronics & Telecommunication,93,12th,14/03/2010,18/09/2014,Full Time,NITA,Motilal Nehru National Institute of Technology Allahabad,Electronics & Telecommunication,81,BE,20/07/2015,22/01/2018,Full Time,NITIE,NITIE Mumbai,Mining Engineering,87,ME,0,29/03/2017,19/09/2018,Full Time,Junior Technical Consultant,TCS,Manufacturing,AGRA,India,,,,,,,,,English,Good,Good,Good,Hindi,Good,Good,Good,Marathi,Good,Good,Good,Guddu,Software Engineer,London,8009800998,,,Naukri.com
88995,Major,Uday,Bhan,uday.bhan@mailinator.com781,7864823665781,7894923645,13/04/1990,M,Single,PAN167694781,No,Behind Yaga Baba Hostel Baner,426194,KANPUR,India,579700,1340000,Mumbai,579000,2,1,30,12/06/2004,13/07/2006,Full Time,Uttar Pradesh State Board,Saraswati Vidya Mandir Kanpur,NA,92,10th,14/02/2007,25/03/2010,Full Time,Uttar Pradesh State Board,Radha Niketan College Kanpur,Electronics & Telecommunication,93,12th,14/03/2010,18/09/2014,Full Time,NITA,Motilal Nehru National Institute of Technology Allahabad,Electronics & Telecommunication,81,BE,20/07/2015,22/01/2018,Full Time,NITIE,NITIE Mumbai,Mining Engineering,87,ME,0,29/03/2017,19/09/2018,Full Time,Junior Technical Consultant,TCS,Manufacturing,AGRA,India,,,,,,,,,English,Good,Good,Good,Hindi,Good,Good,Good,Marathi,Good,Good,Good,Guddu,Software Engineer,London,8009800998,,,Naukri.com
88995,Major,Uday,Bhan,uday.bhan@mailinator.com782,7864823665782,7894923645,13/04/1990,M,Single,PAN167694782,No,Behind Yaga Baba Hostel Baner,426194,KANPUR,India,579700,1340000,Mumbai,579000,2,1,30,12/06/2004,13/07/2006,Full Time,Uttar Pradesh State Board,Saraswati Vidya Mandir Kanpur,NA,92,10th,14/02/2007,25/03/2010,Full Time,Uttar Pradesh State Board,Radha Niketan College Kanpur,Electronics & Telecommunication,93,12th,14/03/2010,18/09/2014,Full Time,NITA,Motilal Nehru National Institute of Technology Allahabad,Electronics & Telecommunication,81,BE,20/07/2015,22/01/2018,Full Time,NITIE,NITIE Mumbai,Mining Engineering,87,ME,0,29/03/2017,19/09/2018,Full Time,Junior Technical Consultant,TCS,Manufacturing,AGRA,India,,,,,,,,,English,Good,Good,Good,Hindi,Good,Good,Good,Marathi,Good,Good,Good,Guddu,Software Engineer,London,8009800998,,,Naukri.com
88995,Major,Uday,Bhan,uday.bhan@mailinator.com783,7864823665783,7894923645,13/04/1990,M,Single,PAN167694783,No,Behind Yaga Baba Hostel Baner,426194,KANPUR,India,579700,1340000,Mumbai,579000,2,1,30,12/06/2004,13/07/2006,Full Time,Uttar Pradesh State Board,Saraswati Vidya Mandir Kanpur,NA,92,10th,14/02/2007,25/03/2010,Full Time,Uttar Pradesh State Board,Radha Niketan College Kanpur,Electronics & Telecommunication,93,12th,14/03/2010,18/09/2014,Full Time,NITA,Motilal Nehru National Institute of Technology Allahabad,Electronics & Telecommunication,81,BE,20/07/2015,22/01/2018,Full Time,NITIE,NITIE Mumbai,Mining Engineering,87,ME,0,29/03/2017,19/09/2018,Full Time,Junior Technical Consultant,TCS,Manufacturing,AGRA,India,,,,,,,,,English,Good,Good,Good,Hindi,Good,Good,Good,Marathi,Good,Good,Good,Guddu,Software Engineer,London,8009800998,,,Naukri.com
88995,Major,Uday,Bhan,uday.bhan@mailinator.com784,7864823665784,7894923645,13/04/1990,M,Single,PAN167694784,No,Behind Yaga Baba Hostel Baner,426194,KANPUR,India,579700,1340000,Mumbai,579000,2,1,30,12/06/2004,13/07/2006,Full Time,Uttar Pradesh State Board,Saraswati Vidya Mandir Kanpur,NA,92,10th,14/02/2007,25/03/2010,Full Time,Uttar Pradesh State Board,Radha Niketan College Kanpur,Electronics & Telecommunication,93,12th,14/03/2010,18/09/2014,Full Time,NITA,Motilal Nehru National Institute of Technology Allahabad,Electronics & Telecommunication,81,BE,20/07/2015,22/01/2018,Full Time,NITIE,NITIE Mumbai,Mining Engineering,87,ME,0,29/03/2017,19/09/2018,Full Time,Junior Technical Consultant,TCS,Manufacturing,AGRA,India,,,,,,,,,English,Good,Good,Good,Hindi,Good,Good,Good,Marathi,Good,Good,Good,Guddu,Software Engineer,London,8009800998,,,Naukri.com
88995,Major,Uday,Bhan,uday.bhan@mailinator.com785,7864823665785,7894923645,13/04/1990,M,Single,PAN167694785,No,Behind Yaga Baba Hostel Baner,426194,KANPUR,India,579700,1340000,Mumbai,579000,2,1,30,12/06/2004,13/07/2006,Full Time,Uttar Pradesh State Board,Saraswati Vidya Mandir Kanpur,NA,92,10th,14/02/2007,25/03/2010,Full Time,Uttar Pradesh State Board,Radha Niketan College Kanpur,Electronics & Telecommunication,93,12th,14/03/2010,18/09/2014,Full Time,NITA,Motilal Nehru National Institute of Technology Allahabad,Electronics & Telecommunication,81,BE,20/07/2015,22/01/2018,Full Time,NITIE,NITIE Mumbai,Mining Engineering,87,ME,0,29/03/2017,19/09/2018,Full Time,Junior Technical Consultant,TCS,Manufacturing,AGRA,India,,,,,,,,,English,Good,Good,Good,Hindi,Good,Good,Good,Marathi,Good,Good,Good,Guddu,Software Engineer,London,8009800998,,,Naukri.com
88995,Major,Uday,Bhan,uday.bhan@mailinator.com786,7864823665786,7894923645,13/04/1990,M,Single,PAN167694786,No,Behind Yaga Baba Hostel Baner,426194,KANPUR,India,579700,1340000,Mumbai,579000,2,1,30,12/06/2004,13/07/2006,Full Time,Uttar Pradesh State Board,Saraswati Vidya Mandir Kanpur,NA,92,10th,14/02/2007,25/03/2010,Full Time,Uttar Pradesh State Board,Radha Niketan College Kanpur,Electronics & Telecommunication,93,12th,14/03/2010,18/09/2014,Full Time,NITA,Motilal Nehru National Institute of Technology Allahabad,Electronics & Telecommunication,81,BE,20/07/2015,22/01/2018,Full Time,NITIE,NITIE Mumbai,Mining Engineering,87,ME,0,29/03/2017,19/09/2018,Full Time,Junior Technical Consultant,TCS,Manufacturing,AGRA,India,,,,,,,,,English,Good,Good,Good,Hindi,Good,Good,Good,Marathi,Good,Good,Good,Guddu,Software Engineer,London,8009800998,,,Naukri.com
88995,Major,Uday,Bhan,uday.bhan@mailinator.com787,7864823665787,7894923645,13/04/1990,M,Single,PAN167694787,No,Behind Yaga Baba Hostel Baner,426194,KANPUR,India,579700,1340000,Mumbai,579000,2,1,30,12/06/2004,13/07/2006,Full Time,Uttar Pradesh State Board,Saraswati Vidya Mandir Kanpur,NA,92,10th,14/02/2007,25/03/2010,Full Time,Uttar Pradesh State Board,Radha Niketan College Kanpur,Electronics & Telecommunication,93,12th,14/03/2010,18/09/2014,Full Time,NITA,Motilal Nehru National Institute of Technology Allahabad,Electronics & Telecommunication,81,BE,20/07/2015,22/01/2018,Full Time,NITIE,NITIE Mumbai,Mining Engineering,87,ME,0,29/03/2017,19/09/2018,Full Time,Junior Technical Consultant,TCS,Manufacturing,AGRA,India,,,,,,,,,English,Good,Good,Good,Hindi,Good,Good,Good,Marathi,Good,Good,Good,Guddu,Software Engineer,London,8009800998,,,Naukri.com
88995,Major,Uday,Bhan,uday.bhan@mailinator.com788,7864823665788,7894923645,13/04/1990,M,Single,PAN167694788,No,Behind Yaga Baba Hostel Baner,426194,KANPUR,India,579700,1340000,Mumbai,579000,2,1,30,12/06/2004,13/07/2006,Full Time,Uttar Pradesh State Board,Saraswati Vidya Mandir Kanpur,NA,92,10th,14/02/2007,25/03/2010,Full Time,Uttar Pradesh State Board,Radha Niketan College Kanpur,Electronics & Telecommunication,93,12th,14/03/2010,18/09/2014,Full Time,NITA,Motilal Nehru National Institute of Technology Allahabad,Electronics & Telecommunication,81,BE,20/07/2015,22/01/2018,Full Time,NITIE,NITIE Mumbai,Mining Engineering,87,ME,0,29/03/2017,19/09/2018,Full Time,Junior Technical Consultant,TCS,Manufacturing,AGRA,India,,,,,,,,,English,Good,Good,Good,Hindi,Good,Good,Good,Marathi,Good,Good,Good,Guddu,Software Engineer,London,8009800998,,,Naukri.com
88995,Major,Uday,Bhan,uday.bhan@mailinator.com789,7864823665789,7894923645,13/04/1990,M,Single,PAN167694789,No,Behind Yaga Baba Hostel Baner,426194,KANPUR,India,579700,1340000,Mumbai,579000,2,1,30,12/06/2004,13/07/2006,Full Time,Uttar Pradesh State Board,Saraswati Vidya Mandir Kanpur,NA,92,10th,14/02/2007,25/03/2010,Full Time,Uttar Pradesh State Board,Radha Niketan College Kanpur,Electronics & Telecommunication,93,12th,14/03/2010,18/09/2014,Full Time,NITA,Motilal Nehru National Institute of Technology Allahabad,Electronics & Telecommunication,81,BE,20/07/2015,22/01/2018,Full Time,NITIE,NITIE Mumbai,Mining Engineering,87,ME,0,29/03/2017,19/09/2018,Full Time,Junior Technical Consultant,TCS,Manufacturing,AGRA,India,,,,,,,,,English,Good,Good,Good,Hindi,Good,Good,Good,Marathi,Good,Good,Good,Guddu,Software Engineer,London,8009800998,,,Naukri.com
88995,Major,Uday,Bhan,uday.bhan@mailinator.com790,7864823665790,7894923645,13/04/1990,M,Single,PAN167694790,No,Behind Yaga Baba Hostel Baner,426194,KANPUR,India,579700,1340000,Mumbai,579000,2,1,30,12/06/2004,13/07/2006,Full Time,Uttar Pradesh State Board,Saraswati Vidya Mandir Kanpur,NA,92,10th,14/02/2007,25/03/2010,Full Time,Uttar Pradesh State Board,Radha Niketan College Kanpur,Electronics & Telecommunication,93,12th,14/03/2010,18/09/2014,Full Time,NITA,Motilal Nehru National Institute of Technology Allahabad,Electronics & Telecommunication,81,BE,20/07/2015,22/01/2018,Full Time,NITIE,NITIE Mumbai,Mining Engineering,87,ME,0,29/03/2017,19/09/2018,Full Time,Junior Technical Consultant,TCS,Manufacturing,AGRA,India,,,,,,,,,English,Good,Good,Good,Hindi,Good,Good,Good,Marathi,Good,Good,Good,Guddu,Software Engineer,London,8009800998,,,Naukri.com
88995,Major,Uday,Bhan,uday.bhan@mailinator.com791,7864823665791,7894923645,13/04/1990,M,Single,PAN167694791,No,Behind Yaga Baba Hostel Baner,426194,KANPUR,India,579700,1340000,Mumbai,579000,2,1,30,12/06/2004,13/07/2006,Full Time,Uttar Pradesh State Board,Saraswati Vidya Mandir Kanpur,NA,92,10th,14/02/2007,25/03/2010,Full Time,Uttar Pradesh State Board,Radha Niketan College Kanpur,Electronics & Telecommunication,93,12th,14/03/2010,18/09/2014,Full Time,NITA,Motilal Nehru National Institute of Technology Allahabad,Electronics & Telecommunication,81,BE,20/07/2015,22/01/2018,Full Time,NITIE,NITIE Mumbai,Mining Engineering,87,ME,0,29/03/2017,19/09/2018,Full Time,Junior Technical Consultant,TCS,Manufacturing,AGRA,India,,,,,,,,,English,Good,Good,Good,Hindi,Good,Good,Good,Marathi,Good,Good,Good,Guddu,Software Engineer,London,8009800998,,,Naukri.com
88995,Major,Uday,Bhan,uday.bhan@mailinator.com792,7864823665792,7894923645,13/04/1990,M,Single,PAN167694792,No,Behind Yaga Baba Hostel Baner,426194,KANPUR,India,579700,1340000,Mumbai,579000,2,1,30,12/06/2004,13/07/2006,Full Time,Uttar Pradesh State Board,Saraswati Vidya Mandir Kanpur,NA,92,10th,14/02/2007,25/03/2010,Full Time,Uttar Pradesh State Board,Radha Niketan College Kanpur,Electronics & Telecommunication,93,12th,14/03/2010,18/09/2014,Full Time,NITA,Motilal Nehru National Institute of Technology Allahabad,Electronics & Telecommunication,81,BE,20/07/2015,22/01/2018,Full Time,NITIE,NITIE Mumbai,Mining Engineering,87,ME,0,29/03/2017,19/09/2018,Full Time,Junior Technical Consultant,TCS,Manufacturing,AGRA,India,,,,,,,,,English,Good,Good,Good,Hindi,Good,Good,Good,Marathi,Good,Good,Good,Guddu,Software Engineer,London,8009800998,,,Naukri.com
88995,Major,Uday,Bhan,uday.bhan@mailinator.com793,7864823665793,7894923645,13/04/1990,M,Single,PAN167694793,No,Behind Yaga Baba Hostel Baner,426194,KANPUR,India,579700,1340000,Mumbai,579000,2,1,30,12/06/2004,13/07/2006,Full Time,Uttar Pradesh State Board,Saraswati Vidya Mandir Kanpur,NA,92,10th,14/02/2007,25/03/2010,Full Time,Uttar Pradesh State Board,Radha Niketan College Kanpur,Electronics & Telecommunication,93,12th,14/03/2010,18/09/2014,Full Time,NITA,Motilal Nehru National Institute of Technology Allahabad,Electronics & Telecommunication,81,BE,20/07/2015,22/01/2018,Full Time,NITIE,NITIE Mumbai,Mining Engineering,87,ME,0,29/03/2017,19/09/2018,Full Time,Junior Technical Consultant,TCS,Manufacturing,AGRA,India,,,,,,,,,English,Good,Good,Good,Hindi,Good,Good,Good,Marathi,Good,Good,Good,Guddu,Software Engineer,London,8009800998,,,Naukri.com
88995,Major,Uday,Bhan,uday.bhan@mailinator.com794,7864823665794,7894923645,13/04/1990,M,Single,PAN167694794,No,Behind Yaga Baba Hostel Baner,426194,KANPUR,India,579700,1340000,Mumbai,579000,2,1,30,12/06/2004,13/07/2006,Full Time,Uttar Pradesh State Board,Saraswati Vidya Mandir Kanpur,NA,92,10th,14/02/2007,25/03/2010,Full Time,Uttar Pradesh State Board,Radha Niketan College Kanpur,Electronics & Telecommunication,93,12th,14/03/2010,18/09/2014,Full Time,NITA,Motilal Nehru National Institute of Technology Allahabad,Electronics & Telecommunication,81,BE,20/07/2015,22/01/2018,Full Time,NITIE,NITIE Mumbai,Mining Engineering,87,ME,0,29/03/2017,19/09/2018,Full Time,Junior Technical Consultant,TCS,Manufacturing,AGRA,India,,,,,,,,,English,Good,Good,Good,Hindi,Good,Good,Good,Marathi,Good,Good,Good,Guddu,Software Engineer,London,8009800998,,,Naukri.com
88995,Major,Uday,Bhan,uday.bhan@mailinator.com795,7864823665795,7894923645,13/04/1990,M,Single,PAN167694795,No,Behind Yaga Baba Hostel Baner,426194,KANPUR,India,579700,1340000,Mumbai,579000,2,1,30,12/06/2004,13/07/2006,Full Time,Uttar Pradesh State Board,Saraswati Vidya Mandir Kanpur,NA,92,10th,14/02/2007,25/03/2010,Full Time,Uttar Pradesh State Board,Radha Niketan College Kanpur,Electronics & Telecommunication,93,12th,14/03/2010,18/09/2014,Full Time,NITA,Motilal Nehru National Institute of Technology Allahabad,Electronics & Telecommunication,81,BE,20/07/2015,22/01/2018,Full Time,NITIE,NITIE Mumbai,Mining Engineering,87,ME,0,29/03/2017,19/09/2018,Full Time,Junior Technical Consultant,TCS,Manufacturing,AGRA,India,,,,,,,,,English,Good,Good,Good,Hindi,Good,Good,Good,Marathi,Good,Good,Good,Guddu,Software Engineer,London,8009800998,,,Naukri.com
88995,Major,Uday,Bhan,uday.bhan@mailinator.com796,7864823665796,7894923645,13/04/1990,M,Single,PAN167694796,No,Behind Yaga Baba Hostel Baner,426194,KANPUR,India,579700,1340000,Mumbai,579000,2,1,30,12/06/2004,13/07/2006,Full Time,Uttar Pradesh State Board,Saraswati Vidya Mandir Kanpur,NA,92,10th,14/02/2007,25/03/2010,Full Time,Uttar Pradesh State Board,Radha Niketan College Kanpur,Electronics & Telecommunication,93,12th,14/03/2010,18/09/2014,Full Time,NITA,Motilal Nehru National Institute of Technology Allahabad,Electronics & Telecommunication,81,BE,20/07/2015,22/01/2018,Full Time,NITIE,NITIE Mumbai,Mining Engineering,87,ME,0,29/03/2017,19/09/2018,Full Time,Junior Technical Consultant,TCS,Manufacturing,AGRA,India,,,,,,,,,English,Good,Good,Good,Hindi,Good,Good,Good,Marathi,Good,Good,Good,Guddu,Software Engineer,London,8009800998,,,Naukri.com
88995,Major,Uday,Bhan,uday.bhan@mailinator.com797,7864823665797,7894923645,13/04/1990,M,Single,PAN167694797,No,Behind Yaga Baba Hostel Baner,426194,KANPUR,India,579700,1340000,Mumbai,579000,2,1,30,12/06/2004,13/07/2006,Full Time,Uttar Pradesh State Board,Saraswati Vidya Mandir Kanpur,NA,92,10th,14/02/2007,25/03/2010,Full Time,Uttar Pradesh State Board,Radha Niketan College Kanpur,Electronics & Telecommunication,93,12th,14/03/2010,18/09/2014,Full Time,NITA,Motilal Nehru National Institute of Technology Allahabad,Electronics & Telecommunication,81,BE,20/07/2015,22/01/2018,Full Time,NITIE,NITIE Mumbai,Mining Engineering,87,ME,0,29/03/2017,19/09/2018,Full Time,Junior Technical Consultant,TCS,Manufacturing,AGRA,India,,,,,,,,,English,Good,Good,Good,Hindi,Good,Good,Good,Marathi,Good,Good,Good,Guddu,Software Engineer,London,8009800998,,,Naukri.com
88995,Major,Uday,Bhan,uday.bhan@mailinator.com798,7864823665798,7894923645,13/04/1990,M,Single,PAN167694798,No,Behind Yaga Baba Hostel Baner,426194,KANPUR,India,579700,1340000,Mumbai,579000,2,1,30,12/06/2004,13/07/2006,Full Time,Uttar Pradesh State Board,Saraswati Vidya Mandir Kanpur,NA,92,10th,14/02/2007,25/03/2010,Full Time,Uttar Pradesh State Board,Radha Niketan College Kanpur,Electronics & Telecommunication,93,12th,14/03/2010,18/09/2014,Full Time,NITA,Motilal Nehru National Institute of Technology Allahabad,Electronics & Telecommunication,81,BE,20/07/2015,22/01/2018,Full Time,NITIE,NITIE Mumbai,Mining Engineering,87,ME,0,29/03/2017,19/09/2018,Full Time,Junior Technical Consultant,TCS,Manufacturing,AGRA,India,,,,,,,,,English,Good,Good,Good,Hindi,Good,Good,Good,Marathi,Good,Good,Good,Guddu,Software Engineer,London,8009800998,,,Naukri.com
88995,Major,Uday,Bhan,uday.bhan@mailinator.com799,7864823665799,7894923645,13/04/1990,M,Single,PAN167694799,No,Behind Yaga Baba Hostel Baner,426194,KANPUR,India,579700,1340000,Mumbai,579000,2,1,30,12/06/2004,13/07/2006,Full Time,Uttar Pradesh State Board,Saraswati Vidya Mandir Kanpur,NA,92,10th,14/02/2007,25/03/2010,Full Time,Uttar Pradesh State Board,Radha Niketan College Kanpur,Electronics & Telecommunication,93,12th,14/03/2010,18/09/2014,Full Time,NITA,Motilal Nehru National Institute of Technology Allahabad,Electronics & Telecommunication,81,BE,20/07/2015,22/01/2018,Full Time,NITIE,NITIE Mumbai,Mining Engineering,87,ME,0,29/03/2017,19/09/2018,Full Time,Junior Technical Consultant,TCS,Manufacturing,AGRA,India,,,,,,,,,English,Good,Good,Good,Hindi,Good,Good,Good,Marathi,Good,Good,Good,Guddu,Software Engineer,London,8009800998,,,Naukri.com
88995,Major,Uday,Bhan,uday.bhan@mailinator.com800,7864823665800,7894923645,13/04/1990,M,Single,PAN167694800,No,Behind Yaga Baba Hostel Baner,426194,KANPUR,India,579700,1340000,Mumbai,579000,2,1,30,12/06/2004,13/07/2006,Full Time,Uttar Pradesh State Board,Saraswati Vidya Mandir Kanpur,NA,92,10th,14/02/2007,25/03/2010,Full Time,Uttar Pradesh State Board,Radha Niketan College Kanpur,Electronics & Telecommunication,93,12th,14/03/2010,18/09/2014,Full Time,NITA,Motilal Nehru National Institute of Technology Allahabad,Electronics & Telecommunication,81,BE,20/07/2015,22/01/2018,Full Time,NITIE,NITIE Mumbai,Mining Engineering,87,ME,0,29/03/2017,19/09/2018,Full Time,Junior Technical Consultant,TCS,Manufacturing,AGRA,India,,,,,,,,,English,Good,Good,Good,Hindi,Good,Good,Good,Marathi,Good,Good,Good,Guddu,Software Engineer,London,8009800998,,,Naukri.com
88995,Major,Uday,Bhan,uday.bhan@mailinator.com801,7864823665801,7894923645,13/04/1990,M,Single,PAN167694801,No,Behind Yaga Baba Hostel Baner,426194,KANPUR,India,579700,1340000,Mumbai,579000,2,1,30,12/06/2004,13/07/2006,Full Time,Uttar Pradesh State Board,Saraswati Vidya Mandir Kanpur,NA,92,10th,14/02/2007,25/03/2010,Full Time,Uttar Pradesh State Board,Radha Niketan College Kanpur,Electronics & Telecommunication,93,12th,14/03/2010,18/09/2014,Full Time,NITA,Motilal Nehru National Institute of Technology Allahabad,Electronics & Telecommunication,81,BE,20/07/2015,22/01/2018,Full Time,NITIE,NITIE Mumbai,Mining Engineering,87,ME,0,29/03/2017,19/09/2018,Full Time,Junior Technical Consultant,TCS,Manufacturing,AGRA,India,,,,,,,,,English,Good,Good,Good,Hindi,Good,Good,Good,Marathi,Good,Good,Good,Guddu,Software Engineer,London,8009800998,,,Naukri.com
88995,Major,Uday,Bhan,uday.bhan@mailinator.com802,7864823665802,7894923645,13/04/1990,M,Single,PAN167694802,No,Behind Yaga Baba Hostel Baner,426194,KANPUR,India,579700,1340000,Mumbai,579000,2,1,30,12/06/2004,13/07/2006,Full Time,Uttar Pradesh State Board,Saraswati Vidya Mandir Kanpur,NA,92,10th,14/02/2007,25/03/2010,Full Time,Uttar Pradesh State Board,Radha Niketan College Kanpur,Electronics & Telecommunication,93,12th,14/03/2010,18/09/2014,Full Time,NITA,Motilal Nehru National Institute of Technology Allahabad,Electronics & Telecommunication,81,BE,20/07/2015,22/01/2018,Full Time,NITIE,NITIE Mumbai,Mining Engineering,87,ME,0,29/03/2017,19/09/2018,Full Time,Junior Technical Consultant,TCS,Manufacturing,AGRA,India,,,,,,,,,English,Good,Good,Good,Hindi,Good,Good,Good,Marathi,Good,Good,Good,Guddu,Software Engineer,London,8009800998,,,Naukri.com
88995,Major,Uday,Bhan,uday.bhan@mailinator.com803,7864823665803,7894923645,13/04/1990,M,Single,PAN167694803,No,Behind Yaga Baba Hostel Baner,426194,KANPUR,India,579700,1340000,Mumbai,579000,2,1,30,12/06/2004,13/07/2006,Full Time,Uttar Pradesh State Board,Saraswati Vidya Mandir Kanpur,NA,92,10th,14/02/2007,25/03/2010,Full Time,Uttar Pradesh State Board,Radha Niketan College Kanpur,Electronics & Telecommunication,93,12th,14/03/2010,18/09/2014,Full Time,NITA,Motilal Nehru National Institute of Technology Allahabad,Electronics & Telecommunication,81,BE,20/07/2015,22/01/2018,Full Time,NITIE,NITIE Mumbai,Mining Engineering,87,ME,0,29/03/2017,19/09/2018,Full Time,Junior Technical Consultant,TCS,Manufacturing,AGRA,India,,,,,,,,,English,Good,Good,Good,Hindi,Good,Good,Good,Marathi,Good,Good,Good,Guddu,Software Engineer,London,8009800998,,,Naukri.com
88995,Major,Uday,Bhan,uday.bhan@mailinator.com804,7864823665804,7894923645,13/04/1990,M,Single,PAN167694804,No,Behind Yaga Baba Hostel Baner,426194,KANPUR,India,579700,1340000,Mumbai,579000,2,1,30,12/06/2004,13/07/2006,Full Time,Uttar Pradesh State Board,Saraswati Vidya Mandir Kanpur,NA,92,10th,14/02/2007,25/03/2010,Full Time,Uttar Pradesh State Board,Radha Niketan College Kanpur,Electronics & Telecommunication,93,12th,14/03/2010,18/09/2014,Full Time,NITA,Motilal Nehru National Institute of Technology Allahabad,Electronics & Telecommunication,81,BE,20/07/2015,22/01/2018,Full Time,NITIE,NITIE Mumbai,Mining Engineering,87,ME,0,29/03/2017,19/09/2018,Full Time,Junior Technical Consultant,TCS,Manufacturing,AGRA,India,,,,,,,,,English,Good,Good,Good,Hindi,Good,Good,Good,Marathi,Good,Good,Good,Guddu,Software Engineer,London,8009800998,,,Naukri.com
88995,Major,Uday,Bhan,uday.bhan@mailinator.com805,7864823665805,7894923645,13/04/1990,M,Single,PAN167694805,No,Behind Yaga Baba Hostel Baner,426194,KANPUR,India,579700,1340000,Mumbai,579000,2,1,30,12/06/2004,13/07/2006,Full Time,Uttar Pradesh State Board,Saraswati Vidya Mandir Kanpur,NA,92,10th,14/02/2007,25/03/2010,Full Time,Uttar Pradesh State Board,Radha Niketan College Kanpur,Electronics & Telecommunication,93,12th,14/03/2010,18/09/2014,Full Time,NITA,Motilal Nehru National Institute of Technology Allahabad,Electronics & Telecommunication,81,BE,20/07/2015,22/01/2018,Full Time,NITIE,NITIE Mumbai,Mining Engineering,87,ME,0,29/03/2017,19/09/2018,Full Time,Junior Technical Consultant,TCS,Manufacturing,AGRA,India,,,,,,,,,English,Good,Good,Good,Hindi,Good,Good,Good,Marathi,Good,Good,Good,Guddu,Software Engineer,London,8009800998,,,Naukri.com
88995,Major,Uday,Bhan,uday.bhan@mailinator.com806,7864823665806,7894923645,13/04/1990,M,Single,PAN167694806,No,Behind Yaga Baba Hostel Baner,426194,KANPUR,India,579700,1340000,Mumbai,579000,2,1,30,12/06/2004,13/07/2006,Full Time,Uttar Pradesh State Board,Saraswati Vidya Mandir Kanpur,NA,92,10th,14/02/2007,25/03/2010,Full Time,Uttar Pradesh State Board,Radha Niketan College Kanpur,Electronics & Telecommunication,93,12th,14/03/2010,18/09/2014,Full Time,NITA,Motilal Nehru National Institute of Technology Allahabad,Electronics & Telecommunication,81,BE,20/07/2015,22/01/2018,Full Time,NITIE,NITIE Mumbai,Mining Engineering,87,ME,0,29/03/2017,19/09/2018,Full Time,Junior Technical Consultant,TCS,Manufacturing,AGRA,India,,,,,,,,,English,Good,Good,Good,Hindi,Good,Good,Good,Marathi,Good,Good,Good,Guddu,Software Engineer,London,8009800998,,,Naukri.com
88995,Major,Uday,Bhan,uday.bhan@mailinator.com807,7864823665807,7894923645,13/04/1990,M,Single,PAN167694807,No,Behind Yaga Baba Hostel Baner,426194,KANPUR,India,579700,1340000,Mumbai,579000,2,1,30,12/06/2004,13/07/2006,Full Time,Uttar Pradesh State Board,Saraswati Vidya Mandir Kanpur,NA,92,10th,14/02/2007,25/03/2010,Full Time,Uttar Pradesh State Board,Radha Niketan College Kanpur,Electronics & Telecommunication,93,12th,14/03/2010,18/09/2014,Full Time,NITA,Motilal Nehru National Institute of Technology Allahabad,Electronics & Telecommunication,81,BE,20/07/2015,22/01/2018,Full Time,NITIE,NITIE Mumbai,Mining Engineering,87,ME,0,29/03/2017,19/09/2018,Full Time,Junior Technical Consultant,TCS,Manufacturing,AGRA,India,,,,,,,,,English,Good,Good,Good,Hindi,Good,Good,Good,Marathi,Good,Good,Good,Guddu,Software Engineer,London,8009800998,,,Naukri.com
88995,Major,Uday,Bhan,uday.bhan@mailinator.com808,7864823665808,7894923645,13/04/1990,M,Single,PAN167694808,No,Behind Yaga Baba Hostel Baner,426194,KANPUR,India,579700,1340000,Mumbai,579000,2,1,30,12/06/2004,13/07/2006,Full Time,Uttar Pradesh State Board,Saraswati Vidya Mandir Kanpur,NA,92,10th,14/02/2007,25/03/2010,Full Time,Uttar Pradesh State Board,Radha Niketan College Kanpur,Electronics & Telecommunication,93,12th,14/03/2010,18/09/2014,Full Time,NITA,Motilal Nehru National Institute of Technology Allahabad,Electronics & Telecommunication,81,BE,20/07/2015,22/01/2018,Full Time,NITIE,NITIE Mumbai,Mining Engineering,87,ME,0,29/03/2017,19/09/2018,Full Time,Junior Technical Consultant,TCS,Manufacturing,AGRA,India,,,,,,,,,English,Good,Good,Good,Hindi,Good,Good,Good,Marathi,Good,Good,Good,Guddu,Software Engineer,London,8009800998,,,Naukri.com
88995,Major,Uday,Bhan,uday.bhan@mailinator.com809,7864823665809,7894923645,13/04/1990,M,Single,PAN167694809,No,Behind Yaga Baba Hostel Baner,426194,KANPUR,India,579700,1340000,Mumbai,579000,2,1,30,12/06/2004,13/07/2006,Full Time,Uttar Pradesh State Board,Saraswati Vidya Mandir Kanpur,NA,92,10th,14/02/2007,25/03/2010,Full Time,Uttar Pradesh State Board,Radha Niketan College Kanpur,Electronics & Telecommunication,93,12th,14/03/2010,18/09/2014,Full Time,NITA,Motilal Nehru National Institute of Technology Allahabad,Electronics & Telecommunication,81,BE,20/07/2015,22/01/2018,Full Time,NITIE,NITIE Mumbai,Mining Engineering,87,ME,0,29/03/2017,19/09/2018,Full Time,Junior Technical Consultant,TCS,Manufacturing,AGRA,India,,,,,,,,,English,Good,Good,Good,Hindi,Good,Good,Good,Marathi,Good,Good,Good,Guddu,Software Engineer,London,8009800998,,,Naukri.com
88995,Major,Uday,Bhan,uday.bhan@mailinator.com810,7864823665810,7894923645,13/04/1990,M,Single,PAN167694810,No,Behind Yaga Baba Hostel Baner,426194,KANPUR,India,579700,1340000,Mumbai,579000,2,1,30,12/06/2004,13/07/2006,Full Time,Uttar Pradesh State Board,Saraswati Vidya Mandir Kanpur,NA,92,10th,14/02/2007,25/03/2010,Full Time,Uttar Pradesh State Board,Radha Niketan College Kanpur,Electronics & Telecommunication,93,12th,14/03/2010,18/09/2014,Full Time,NITA,Motilal Nehru National Institute of Technology Allahabad,Electronics & Telecommunication,81,BE,20/07/2015,22/01/2018,Full Time,NITIE,NITIE Mumbai,Mining Engineering,87,ME,0,29/03/2017,19/09/2018,Full Time,Junior Technical Consultant,TCS,Manufacturing,AGRA,India,,,,,,,,,English,Good,Good,Good,Hindi,Good,Good,Good,Marathi,Good,Good,Good,Guddu,Software Engineer,London,8009800998,,,Naukri.com
88995,Major,Uday,Bhan,uday.bhan@mailinator.com811,7864823665811,7894923645,13/04/1990,M,Single,PAN167694811,No,Behind Yaga Baba Hostel Baner,426194,KANPUR,India,579700,1340000,Mumbai,579000,2,1,30,12/06/2004,13/07/2006,Full Time,Uttar Pradesh State Board,Saraswati Vidya Mandir Kanpur,NA,92,10th,14/02/2007,25/03/2010,Full Time,Uttar Pradesh State Board,Radha Niketan College Kanpur,Electronics & Telecommunication,93,12th,14/03/2010,18/09/2014,Full Time,NITA,Motilal Nehru National Institute of Technology Allahabad,Electronics & Telecommunication,81,BE,20/07/2015,22/01/2018,Full Time,NITIE,NITIE Mumbai,Mining Engineering,87,ME,0,29/03/2017,19/09/2018,Full Time,Junior Technical Consultant,TCS,Manufacturing,AGRA,India,,,,,,,,,English,Good,Good,Good,Hindi,Good,Good,Good,Marathi,Good,Good,Good,Guddu,Software Engineer,London,8009800998,,,Naukri.com
88995,Major,Uday,Bhan,uday.bhan@mailinator.com812,7864823665812,7894923645,13/04/1990,M,Single,PAN167694812,No,Behind Yaga Baba Hostel Baner,426194,KANPUR,India,579700,1340000,Mumbai,579000,2,1,30,12/06/2004,13/07/2006,Full Time,Uttar Pradesh State Board,Saraswati Vidya Mandir Kanpur,NA,92,10th,14/02/2007,25/03/2010,Full Time,Uttar Pradesh State Board,Radha Niketan College Kanpur,Electronics & Telecommunication,93,12th,14/03/2010,18/09/2014,Full Time,NITA,Motilal Nehru National Institute of Technology Allahabad,Electronics & Telecommunication,81,BE,20/07/2015,22/01/2018,Full Time,NITIE,NITIE Mumbai,Mining Engineering,87,ME,0,29/03/2017,19/09/2018,Full Time,Junior Technical Consultant,TCS,Manufacturing,AGRA,India,,,,,,,,,English,Good,Good,Good,Hindi,Good,Good,Good,Marathi,Good,Good,Good,Guddu,Software Engineer,London,8009800998,,,Naukri.com
88995,Major,Uday,Bhan,uday.bhan@mailinator.com813,7864823665813,7894923645,13/04/1990,M,Single,PAN167694813,No,Behind Yaga Baba Hostel Baner,426194,KANPUR,India,579700,1340000,Mumbai,579000,2,1,30,12/06/2004,13/07/2006,Full Time,Uttar Pradesh State Board,Saraswati Vidya Mandir Kanpur,NA,92,10th,14/02/2007,25/03/2010,Full Time,Uttar Pradesh State Board,Radha Niketan College Kanpur,Electronics & Telecommunication,93,12th,14/03/2010,18/09/2014,Full Time,NITA,Motilal Nehru National Institute of Technology Allahabad,Electronics & Telecommunication,81,BE,20/07/2015,22/01/2018,Full Time,NITIE,NITIE Mumbai,Mining Engineering,87,ME,0,29/03/2017,19/09/2018,Full Time,Junior Technical Consultant,TCS,Manufacturing,AGRA,India,,,,,,,,,English,Good,Good,Good,Hindi,Good,Good,Good,Marathi,Good,Good,Good,Guddu,Software Engineer,London,8009800998,,,Naukri.com
88995,Major,Uday,Bhan,uday.bhan@mailinator.com814,7864823665814,7894923645,13/04/1990,M,Single,PAN167694814,No,Behind Yaga Baba Hostel Baner,426194,KANPUR,India,579700,1340000,Mumbai,579000,2,1,30,12/06/2004,13/07/2006,Full Time,Uttar Pradesh State Board,Saraswati Vidya Mandir Kanpur,NA,92,10th,14/02/2007,25/03/2010,Full Time,Uttar Pradesh State Board,Radha Niketan College Kanpur,Electronics & Telecommunication,93,12th,14/03/2010,18/09/2014,Full Time,NITA,Motilal Nehru National Institute of Technology Allahabad,Electronics & Telecommunication,81,BE,20/07/2015,22/01/2018,Full Time,NITIE,NITIE Mumbai,Mining Engineering,87,ME,0,29/03/2017,19/09/2018,Full Time,Junior Technical Consultant,TCS,Manufacturing,AGRA,India,,,,,,,,,English,Good,Good,Good,Hindi,Good,Good,Good,Marathi,Good,Good,Good,Guddu,Software Engineer,London,8009800998,,,Naukri.com
88995,Major,Uday,Bhan,uday.bhan@mailinator.com815,7864823665815,7894923645,13/04/1990,M,Single,PAN167694815,No,Behind Yaga Baba Hostel Baner,426194,KANPUR,India,579700,1340000,Mumbai,579000,2,1,30,12/06/2004,13/07/2006,Full Time,Uttar Pradesh State Board,Saraswati Vidya Mandir Kanpur,NA,92,10th,14/02/2007,25/03/2010,Full Time,Uttar Pradesh State Board,Radha Niketan College Kanpur,Electronics & Telecommunication,93,12th,14/03/2010,18/09/2014,Full Time,NITA,Motilal Nehru National Institute of Technology Allahabad,Electronics & Telecommunication,81,BE,20/07/2015,22/01/2018,Full Time,NITIE,NITIE Mumbai,Mining Engineering,87,ME,0,29/03/2017,19/09/2018,Full Time,Junior Technical Consultant,TCS,Manufacturing,AGRA,India,,,,,,,,,English,Good,Good,Good,Hindi,Good,Good,Good,Marathi,Good,Good,Good,Guddu,Software Engineer,London,8009800998,,,Naukri.com
88995,Major,Uday,Bhan,uday.bhan@mailinator.com816,7864823665816,7894923645,13/04/1990,M,Single,PAN167694816,No,Behind Yaga Baba Hostel Baner,426194,KANPUR,India,579700,1340000,Mumbai,579000,2,1,30,12/06/2004,13/07/2006,Full Time,Uttar Pradesh State Board,Saraswati Vidya Mandir Kanpur,NA,92,10th,14/02/2007,25/03/2010,Full Time,Uttar Pradesh State Board,Radha Niketan College Kanpur,Electronics & Telecommunication,93,12th,14/03/2010,18/09/2014,Full Time,NITA,Motilal Nehru National Institute of Technology Allahabad,Electronics & Telecommunication,81,BE,20/07/2015,22/01/2018,Full Time,NITIE,NITIE Mumbai,Mining Engineering,87,ME,0,29/03/2017,19/09/2018,Full Time,Junior Technical Consultant,TCS,Manufacturing,AGRA,India,,,,,,,,,English,Good,Good,Good,Hindi,Good,Good,Good,Marathi,Good,Good,Good,Guddu,Software Engineer,London,8009800998,,,Naukri.com
88995,Major,Uday,Bhan,uday.bhan@mailinator.com817,7864823665817,7894923645,13/04/1990,M,Single,PAN167694817,No,Behind Yaga Baba Hostel Baner,426194,KANPUR,India,579700,1340000,Mumbai,579000,2,1,30,12/06/2004,13/07/2006,Full Time,Uttar Pradesh State Board,Saraswati Vidya Mandir Kanpur,NA,92,10th,14/02/2007,25/03/2010,Full Time,Uttar Pradesh State Board,Radha Niketan College Kanpur,Electronics & Telecommunication,93,12th,14/03/2010,18/09/2014,Full Time,NITA,Motilal Nehru National Institute of Technology Allahabad,Electronics & Telecommunication,81,BE,20/07/2015,22/01/2018,Full Time,NITIE,NITIE Mumbai,Mining Engineering,87,ME,0,29/03/2017,19/09/2018,Full Time,Junior Technical Consultant,TCS,Manufacturing,AGRA,India,,,,,,,,,English,Good,Good,Good,Hindi,Good,Good,Good,Marathi,Good,Good,Good,Guddu,Software Engineer,London,8009800998,,,Naukri.com
88995,Major,Uday,Bhan,uday.bhan@mailinator.com818,7864823665818,7894923645,13/04/1990,M,Single,PAN167694818,No,Behind Yaga Baba Hostel Baner,426194,KANPUR,India,579700,1340000,Mumbai,579000,2,1,30,12/06/2004,13/07/2006,Full Time,Uttar Pradesh State Board,Saraswati Vidya Mandir Kanpur,NA,92,10th,14/02/2007,25/03/2010,Full Time,Uttar Pradesh State Board,Radha Niketan College Kanpur,Electronics & Telecommunication,93,12th,14/03/2010,18/09/2014,Full Time,NITA,Motilal Nehru National Institute of Technology Allahabad,Electronics & Telecommunication,81,BE,20/07/2015,22/01/2018,Full Time,NITIE,NITIE Mumbai,Mining Engineering,87,ME,0,29/03/2017,19/09/2018,Full Time,Junior Technical Consultant,TCS,Manufacturing,AGRA,India,,,,,,,,,English,Good,Good,Good,Hindi,Good,Good,Good,Marathi,Good,Good,Good,Guddu,Software Engineer,London,8009800998,,,Naukri.com
88995,Major,Uday,Bhan,uday.bhan@mailinator.com819,7864823665819,7894923645,13/04/1990,M,Single,PAN167694819,No,Behind Yaga Baba Hostel Baner,426194,KANPUR,India,579700,1340000,Mumbai,579000,2,1,30,12/06/2004,13/07/2006,Full Time,Uttar Pradesh State Board,Saraswati Vidya Mandir Kanpur,NA,92,10th,14/02/2007,25/03/2010,Full Time,Uttar Pradesh State Board,Radha Niketan College Kanpur,Electronics & Telecommunication,93,12th,14/03/2010,18/09/2014,Full Time,NITA,Motilal Nehru National Institute of Technology Allahabad,Electronics & Telecommunication,81,BE,20/07/2015,22/01/2018,Full Time,NITIE,NITIE Mumbai,Mining Engineering,87,ME,0,29/03/2017,19/09/2018,Full Time,Junior Technical Consultant,TCS,Manufacturing,AGRA,India,,,,,,,,,English,Good,Good,Good,Hindi,Good,Good,Good,Marathi,Good,Good,Good,Guddu,Software Engineer,London,8009800998,,,Naukri.com
88995,Major,Uday,Bhan,uday.bhan@mailinator.com820,7864823665820,7894923645,13/04/1990,M,Single,PAN167694820,No,Behind Yaga Baba Hostel Baner,426194,KANPUR,India,579700,1340000,Mumbai,579000,2,1,30,12/06/2004,13/07/2006,Full Time,Uttar Pradesh State Board,Saraswati Vidya Mandir Kanpur,NA,92,10th,14/02/2007,25/03/2010,Full Time,Uttar Pradesh State Board,Radha Niketan College Kanpur,Electronics & Telecommunication,93,12th,14/03/2010,18/09/2014,Full Time,NITA,Motilal Nehru National Institute of Technology Allahabad,Electronics & Telecommunication,81,BE,20/07/2015,22/01/2018,Full Time,NITIE,NITIE Mumbai,Mining Engineering,87,ME,0,29/03/2017,19/09/2018,Full Time,Junior Technical Consultant,TCS,Manufacturing,AGRA,India,,,,,,,,,English,Good,Good,Good,Hindi,Good,Good,Good,Marathi,Good,Good,Good,Guddu,Software Engineer,London,8009800998,,,Naukri.com
88995,Major,Uday,Bhan,uday.bhan@mailinator.com821,7864823665821,7894923645,13/04/1990,M,Single,PAN167694821,No,Behind Yaga Baba Hostel Baner,426194,KANPUR,India,579700,1340000,Mumbai,579000,2,1,30,12/06/2004,13/07/2006,Full Time,Uttar Pradesh State Board,Saraswati Vidya Mandir Kanpur,NA,92,10th,14/02/2007,25/03/2010,Full Time,Uttar Pradesh State Board,Radha Niketan College Kanpur,Electronics & Telecommunication,93,12th,14/03/2010,18/09/2014,Full Time,NITA,Motilal Nehru National Institute of Technology Allahabad,Electronics & Telecommunication,81,BE,20/07/2015,22/01/2018,Full Time,NITIE,NITIE Mumbai,Mining Engineering,87,ME,0,29/03/2017,19/09/2018,Full Time,Junior Technical Consultant,TCS,Manufacturing,AGRA,India,,,,,,,,,English,Good,Good,Good,Hindi,Good,Good,Good,Marathi,Good,Good,Good,Guddu,Software Engineer,London,8009800998,,,Naukri.com
88995,Major,Uday,Bhan,uday.bhan@mailinator.com822,7864823665822,7894923645,13/04/1990,M,Single,PAN167694822,No,Behind Yaga Baba Hostel Baner,426194,KANPUR,India,579700,1340000,Mumbai,579000,2,1,30,12/06/2004,13/07/2006,Full Time,Uttar Pradesh State Board,Saraswati Vidya Mandir Kanpur,NA,92,10th,14/02/2007,25/03/2010,Full Time,Uttar Pradesh State Board,Radha Niketan College Kanpur,Electronics & Telecommunication,93,12th,14/03/2010,18/09/2014,Full Time,NITA,Motilal Nehru National Institute of Technology Allahabad,Electronics & Telecommunication,81,BE,20/07/2015,22/01/2018,Full Time,NITIE,NITIE Mumbai,Mining Engineering,87,ME,0,29/03/2017,19/09/2018,Full Time,Junior Technical Consultant,TCS,Manufacturing,AGRA,India,,,,,,,,,English,Good,Good,Good,Hindi,Good,Good,Good,Marathi,Good,Good,Good,Guddu,Software Engineer,London,8009800998,,,Naukri.com
88995,Major,Uday,Bhan,uday.bhan@mailinator.com823,7864823665823,7894923645,13/04/1990,M,Single,PAN167694823,No,Behind Yaga Baba Hostel Baner,426194,KANPUR,India,579700,1340000,Mumbai,579000,2,1,30,12/06/2004,13/07/2006,Full Time,Uttar Pradesh State Board,Saraswati Vidya Mandir Kanpur,NA,92,10th,14/02/2007,25/03/2010,Full Time,Uttar Pradesh State Board,Radha Niketan College Kanpur,Electronics & Telecommunication,93,12th,14/03/2010,18/09/2014,Full Time,NITA,Motilal Nehru National Institute of Technology Allahabad,Electronics & Telecommunication,81,BE,20/07/2015,22/01/2018,Full Time,NITIE,NITIE Mumbai,Mining Engineering,87,ME,0,29/03/2017,19/09/2018,Full Time,Junior Technical Consultant,TCS,Manufacturing,AGRA,India,,,,,,,,,English,Good,Good,Good,Hindi,Good,Good,Good,Marathi,Good,Good,Good,Guddu,Software Engineer,London,8009800998,,,Naukri.com
88995,Major,Uday,Bhan,uday.bhan@mailinator.com824,7864823665824,7894923645,13/04/1990,M,Single,PAN167694824,No,Behind Yaga Baba Hostel Baner,426194,KANPUR,India,579700,1340000,Mumbai,579000,2,1,30,12/06/2004,13/07/2006,Full Time,Uttar Pradesh State Board,Saraswati Vidya Mandir Kanpur,NA,92,10th,14/02/2007,25/03/2010,Full Time,Uttar Pradesh State Board,Radha Niketan College Kanpur,Electronics & Telecommunication,93,12th,14/03/2010,18/09/2014,Full Time,NITA,Motilal Nehru National Institute of Technology Allahabad,Electronics & Telecommunication,81,BE,20/07/2015,22/01/2018,Full Time,NITIE,NITIE Mumbai,Mining Engineering,87,ME,0,29/03/2017,19/09/2018,Full Time,Junior Technical Consultant,TCS,Manufacturing,AGRA,India,,,,,,,,,English,Good,Good,Good,Hindi,Good,Good,Good,Marathi,Good,Good,Good,Guddu,Software Engineer,London,8009800998,,,Naukri.com
88995,Major,Uday,Bhan,uday.bhan@mailinator.com825,7864823665825,7894923645,13/04/1990,M,Single,PAN167694825,No,Behind Yaga Baba Hostel Baner,426194,KANPUR,India,579700,1340000,Mumbai,579000,2,1,30,12/06/2004,13/07/2006,Full Time,Uttar Pradesh State Board,Saraswati Vidya Mandir Kanpur,NA,92,10th,14/02/2007,25/03/2010,Full Time,Uttar Pradesh State Board,Radha Niketan College Kanpur,Electronics & Telecommunication,93,12th,14/03/2010,18/09/2014,Full Time,NITA,Motilal Nehru National Institute of Technology Allahabad,Electronics & Telecommunication,81,BE,20/07/2015,22/01/2018,Full Time,NITIE,NITIE Mumbai,Mining Engineering,87,ME,0,29/03/2017,19/09/2018,Full Time,Junior Technical Consultant,TCS,Manufacturing,AGRA,India,,,,,,,,,English,Good,Good,Good,Hindi,Good,Good,Good,Marathi,Good,Good,Good,Guddu,Software Engineer,London,8009800998,,,Naukri.com
88995,Major,Uday,Bhan,uday.bhan@mailinator.com826,7864823665826,7894923645,13/04/1990,M,Single,PAN167694826,No,Behind Yaga Baba Hostel Baner,426194,KANPUR,India,579700,1340000,Mumbai,579000,2,1,30,12/06/2004,13/07/2006,Full Time,Uttar Pradesh State Board,Saraswati Vidya Mandir Kanpur,NA,92,10th,14/02/2007,25/03/2010,Full Time,Uttar Pradesh State Board,Radha Niketan College Kanpur,Electronics & Telecommunication,93,12th,14/03/2010,18/09/2014,Full Time,NITA,Motilal Nehru National Institute of Technology Allahabad,Electronics & Telecommunication,81,BE,20/07/2015,22/01/2018,Full Time,NITIE,NITIE Mumbai,Mining Engineering,87,ME,0,29/03/2017,19/09/2018,Full Time,Junior Technical Consultant,TCS,Manufacturing,AGRA,India,,,,,,,,,English,Good,Good,Good,Hindi,Good,Good,Good,Marathi,Good,Good,Good,Guddu,Software Engineer,London,8009800998,,,Naukri.com
88995,Major,Uday,Bhan,uday.bhan@mailinator.com827,7864823665827,7894923645,13/04/1990,M,Single,PAN167694827,No,Behind Yaga Baba Hostel Baner,426194,KANPUR,India,579700,1340000,Mumbai,579000,2,1,30,12/06/2004,13/07/2006,Full Time,Uttar Pradesh State Board,Saraswati Vidya Mandir Kanpur,NA,92,10th,14/02/2007,25/03/2010,Full Time,Uttar Pradesh State Board,Radha Niketan College Kanpur,Electronics & Telecommunication,93,12th,14/03/2010,18/09/2014,Full Time,NITA,Motilal Nehru National Institute of Technology Allahabad,Electronics & Telecommunication,81,BE,20/07/2015,22/01/2018,Full Time,NITIE,NITIE Mumbai,Mining Engineering,87,ME,0,29/03/2017,19/09/2018,Full Time,Junior Technical Consultant,TCS,Manufacturing,AGRA,India,,,,,,,,,English,Good,Good,Good,Hindi,Good,Good,Good,Marathi,Good,Good,Good,Guddu,Software Engineer,London,8009800998,,,Naukri.com
88995,Major,Uday,Bhan,uday.bhan@mailinator.com828,7864823665828,7894923645,13/04/1990,M,Single,PAN167694828,No,Behind Yaga Baba Hostel Baner,426194,KANPUR,India,579700,1340000,Mumbai,579000,2,1,30,12/06/2004,13/07/2006,Full Time,Uttar Pradesh State Board,Saraswati Vidya Mandir Kanpur,NA,92,10th,14/02/2007,25/03/2010,Full Time,Uttar Pradesh State Board,Radha Niketan College Kanpur,Electronics & Telecommunication,93,12th,14/03/2010,18/09/2014,Full Time,NITA,Motilal Nehru National Institute of Technology Allahabad,Electronics & Telecommunication,81,BE,20/07/2015,22/01/2018,Full Time,NITIE,NITIE Mumbai,Mining Engineering,87,ME,0,29/03/2017,19/09/2018,Full Time,Junior Technical Consultant,TCS,Manufacturing,AGRA,India,,,,,,,,,English,Good,Good,Good,Hindi,Good,Good,Good,Marathi,Good,Good,Good,Guddu,Software Engineer,London,8009800998,,,Naukri.com
88995,Major,Uday,Bhan,uday.bhan@mailinator.com829,7864823665829,7894923645,13/04/1990,M,Single,PAN167694829,No,Behind Yaga Baba Hostel Baner,426194,KANPUR,India,579700,1340000,Mumbai,579000,2,1,30,12/06/2004,13/07/2006,Full Time,Uttar Pradesh State Board,Saraswati Vidya Mandir Kanpur,NA,92,10th,14/02/2007,25/03/2010,Full Time,Uttar Pradesh State Board,Radha Niketan College Kanpur,Electronics & Telecommunication,93,12th,14/03/2010,18/09/2014,Full Time,NITA,Motilal Nehru National Institute of Technology Allahabad,Electronics & Telecommunication,81,BE,20/07/2015,22/01/2018,Full Time,NITIE,NITIE Mumbai,Mining Engineering,87,ME,0,29/03/2017,19/09/2018,Full Time,Junior Technical Consultant,TCS,Manufacturing,AGRA,India,,,,,,,,,English,Good,Good,Good,Hindi,Good,Good,Good,Marathi,Good,Good,Good,Guddu,Software Engineer,London,8009800998,,,Naukri.com
88995,Major,Uday,Bhan,uday.bhan@mailinator.com830,7864823665830,7894923645,13/04/1990,M,Single,PAN167694830,No,Behind Yaga Baba Hostel Baner,426194,KANPUR,India,579700,1340000,Mumbai,579000,2,1,30,12/06/2004,13/07/2006,Full Time,Uttar Pradesh State Board,Saraswati Vidya Mandir Kanpur,NA,92,10th,14/02/2007,25/03/2010,Full Time,Uttar Pradesh State Board,Radha Niketan College Kanpur,Electronics & Telecommunication,93,12th,14/03/2010,18/09/2014,Full Time,NITA,Motilal Nehru National Institute of Technology Allahabad,Electronics & Telecommunication,81,BE,20/07/2015,22/01/2018,Full Time,NITIE,NITIE Mumbai,Mining Engineering,87,ME,0,29/03/2017,19/09/2018,Full Time,Junior Technical Consultant,TCS,Manufacturing,AGRA,India,,,,,,,,,English,Good,Good,Good,Hindi,Good,Good,Good,Marathi,Good,Good,Good,Guddu,Software Engineer,London,8009800998,,,Naukri.com
88995,Major,Uday,Bhan,uday.bhan@mailinator.com831,7864823665831,7894923645,13/04/1990,M,Single,PAN167694831,No,Behind Yaga Baba Hostel Baner,426194,KANPUR,India,579700,1340000,Mumbai,579000,2,1,30,12/06/2004,13/07/2006,Full Time,Uttar Pradesh State Board,Saraswati Vidya Mandir Kanpur,NA,92,10th,14/02/2007,25/03/2010,Full Time,Uttar Pradesh State Board,Radha Niketan College Kanpur,Electronics & Telecommunication,93,12th,14/03/2010,18/09/2014,Full Time,NITA,Motilal Nehru National Institute of Technology Allahabad,Electronics & Telecommunication,81,BE,20/07/2015,22/01/2018,Full Time,NITIE,NITIE Mumbai,Mining Engineering,87,ME,0,29/03/2017,19/09/2018,Full Time,Junior Technical Consultant,TCS,Manufacturing,AGRA,India,,,,,,,,,English,Good,Good,Good,Hindi,Good,Good,Good,Marathi,Good,Good,Good,Guddu,Software Engineer,London,8009800998,,,Naukri.com
88995,Major,Uday,Bhan,uday.bhan@mailinator.com832,7864823665832,7894923645,13/04/1990,M,Single,PAN167694832,No,Behind Yaga Baba Hostel Baner,426194,KANPUR,India,579700,1340000,Mumbai,579000,2,1,30,12/06/2004,13/07/2006,Full Time,Uttar Pradesh State Board,Saraswati Vidya Mandir Kanpur,NA,92,10th,14/02/2007,25/03/2010,Full Time,Uttar Pradesh State Board,Radha Niketan College Kanpur,Electronics & Telecommunication,93,12th,14/03/2010,18/09/2014,Full Time,NITA,Motilal Nehru National Institute of Technology Allahabad,Electronics & Telecommunication,81,BE,20/07/2015,22/01/2018,Full Time,NITIE,NITIE Mumbai,Mining Engineering,87,ME,0,29/03/2017,19/09/2018,Full Time,Junior Technical Consultant,TCS,Manufacturing,AGRA,India,,,,,,,,,English,Good,Good,Good,Hindi,Good,Good,Good,Marathi,Good,Good,Good,Guddu,Software Engineer,London,8009800998,,,Naukri.com
88995,Major,Uday,Bhan,uday.bhan@mailinator.com833,7864823665833,7894923645,13/04/1990,M,Single,PAN167694833,No,Behind Yaga Baba Hostel Baner,426194,KANPUR,India,579700,1340000,Mumbai,579000,2,1,30,12/06/2004,13/07/2006,Full Time,Uttar Pradesh State Board,Saraswati Vidya Mandir Kanpur,NA,92,10th,14/02/2007,25/03/2010,Full Time,Uttar Pradesh State Board,Radha Niketan College Kanpur,Electronics & Telecommunication,93,12th,14/03/2010,18/09/2014,Full Time,NITA,Motilal Nehru National Institute of Technology Allahabad,Electronics & Telecommunication,81,BE,20/07/2015,22/01/2018,Full Time,NITIE,NITIE Mumbai,Mining Engineering,87,ME,0,29/03/2017,19/09/2018,Full Time,Junior Technical Consultant,TCS,Manufacturing,AGRA,India,,,,,,,,,English,Good,Good,Good,Hindi,Good,Good,Good,Marathi,Good,Good,Good,Guddu,Software Engineer,London,8009800998,,,Naukri.com
88995,Major,Uday,Bhan,uday.bhan@mailinator.com834,7864823665834,7894923645,13/04/1990,M,Single,PAN167694834,No,Behind Yaga Baba Hostel Baner,426194,KANPUR,India,579700,1340000,Mumbai,579000,2,1,30,12/06/2004,13/07/2006,Full Time,Uttar Pradesh State Board,Saraswati Vidya Mandir Kanpur,NA,92,10th,14/02/2007,25/03/2010,Full Time,Uttar Pradesh State Board,Radha Niketan College Kanpur,Electronics & Telecommunication,93,12th,14/03/2010,18/09/2014,Full Time,NITA,Motilal Nehru National Institute of Technology Allahabad,Electronics & Telecommunication,81,BE,20/07/2015,22/01/2018,Full Time,NITIE,NITIE Mumbai,Mining Engineering,87,ME,0,29/03/2017,19/09/2018,Full Time,Junior Technical Consultant,TCS,Manufacturing,AGRA,India,,,,,,,,,English,Good,Good,Good,Hindi,Good,Good,Good,Marathi,Good,Good,Good,Guddu,Software Engineer,London,8009800998,,,Naukri.com
88995,Major,Uday,Bhan,uday.bhan@mailinator.com835,7864823665835,7894923645,13/04/1990,M,Single,PAN167694835,No,Behind Yaga Baba Hostel Baner,426194,KANPUR,India,579700,1340000,Mumbai,579000,2,1,30,12/06/2004,13/07/2006,Full Time,Uttar Pradesh State Board,Saraswati Vidya Mandir Kanpur,NA,92,10th,14/02/2007,25/03/2010,Full Time,Uttar Pradesh State Board,Radha Niketan College Kanpur,Electronics & Telecommunication,93,12th,14/03/2010,18/09/2014,Full Time,NITA,Motilal Nehru National Institute of Technology Allahabad,Electronics & Telecommunication,81,BE,20/07/2015,22/01/2018,Full Time,NITIE,NITIE Mumbai,Mining Engineering,87,ME,0,29/03/2017,19/09/2018,Full Time,Junior Technical Consultant,TCS,Manufacturing,AGRA,India,,,,,,,,,English,Good,Good,Good,Hindi,Good,Good,Good,Marathi,Good,Good,Good,Guddu,Software Engineer,London,8009800998,,,Naukri.com
88995,Major,Uday,Bhan,uday.bhan@mailinator.com836,7864823665836,7894923645,13/04/1990,M,Single,PAN167694836,No,Behind Yaga Baba Hostel Baner,426194,KANPUR,India,579700,1340000,Mumbai,579000,2,1,30,12/06/2004,13/07/2006,Full Time,Uttar Pradesh State Board,Saraswati Vidya Mandir Kanpur,NA,92,10th,14/02/2007,25/03/2010,Full Time,Uttar Pradesh State Board,Radha Niketan College Kanpur,Electronics & Telecommunication,93,12th,14/03/2010,18/09/2014,Full Time,NITA,Motilal Nehru National Institute of Technology Allahabad,Electronics & Telecommunication,81,BE,20/07/2015,22/01/2018,Full Time,NITIE,NITIE Mumbai,Mining Engineering,87,ME,0,29/03/2017,19/09/2018,Full Time,Junior Technical Consultant,TCS,Manufacturing,AGRA,India,,,,,,,,,English,Good,Good,Good,Hindi,Good,Good,Good,Marathi,Good,Good,Good,Guddu,Software Engineer,London,8009800998,,,Naukri.com
88995,Major,Uday,Bhan,uday.bhan@mailinator.com837,7864823665837,7894923645,13/04/1990,M,Single,PAN167694837,No,Behind Yaga Baba Hostel Baner,426194,KANPUR,India,579700,1340000,Mumbai,579000,2,1,30,12/06/2004,13/07/2006,Full Time,Uttar Pradesh State Board,Saraswati Vidya Mandir Kanpur,NA,92,10th,14/02/2007,25/03/2010,Full Time,Uttar Pradesh State Board,Radha Niketan College Kanpur,Electronics & Telecommunication,93,12th,14/03/2010,18/09/2014,Full Time,NITA,Motilal Nehru National Institute of Technology Allahabad,Electronics & Telecommunication,81,BE,20/07/2015,22/01/2018,Full Time,NITIE,NITIE Mumbai,Mining Engineering,87,ME,0,29/03/2017,19/09/2018,Full Time,Junior Technical Consultant,TCS,Manufacturing,AGRA,India,,,,,,,,,English,Good,Good,Good,Hindi,Good,Good,Good,Marathi,Good,Good,Good,Guddu,Software Engineer,London,8009800998,,,Naukri.com
88995,Major,Uday,Bhan,uday.bhan@mailinator.com838,7864823665838,7894923645,13/04/1990,M,Single,PAN167694838,No,Behind Yaga Baba Hostel Baner,426194,KANPUR,India,579700,1340000,Mumbai,579000,2,1,30,12/06/2004,13/07/2006,Full Time,Uttar Pradesh State Board,Saraswati Vidya Mandir Kanpur,NA,92,10th,14/02/2007,25/03/2010,Full Time,Uttar Pradesh State Board,Radha Niketan College Kanpur,Electronics & Telecommunication,93,12th,14/03/2010,18/09/2014,Full Time,NITA,Motilal Nehru National Institute of Technology Allahabad,Electronics & Telecommunication,81,BE,20/07/2015,22/01/2018,Full Time,NITIE,NITIE Mumbai,Mining Engineering,87,ME,0,29/03/2017,19/09/2018,Full Time,Junior Technical Consultant,TCS,Manufacturing,AGRA,India,,,,,,,,,English,Good,Good,Good,Hindi,Good,Good,Good,Marathi,Good,Good,Good,Guddu,Software Engineer,London,8009800998,,,Naukri.com
88995,Major,Uday,Bhan,uday.bhan@mailinator.com839,7864823665839,7894923645,13/04/1990,M,Single,PAN167694839,No,Behind Yaga Baba Hostel Baner,426194,KANPUR,India,579700,1340000,Mumbai,579000,2,1,30,12/06/2004,13/07/2006,Full Time,Uttar Pradesh State Board,Saraswati Vidya Mandir Kanpur,NA,92,10th,14/02/2007,25/03/2010,Full Time,Uttar Pradesh State Board,Radha Niketan College Kanpur,Electronics & Telecommunication,93,12th,14/03/2010,18/09/2014,Full Time,NITA,Motilal Nehru National Institute of Technology Allahabad,Electronics & Telecommunication,81,BE,20/07/2015,22/01/2018,Full Time,NITIE,NITIE Mumbai,Mining Engineering,87,ME,0,29/03/2017,19/09/2018,Full Time,Junior Technical Consultant,TCS,Manufacturing,AGRA,India,,,,,,,,,English,Good,Good,Good,Hindi,Good,Good,Good,Marathi,Good,Good,Good,Guddu,Software Engineer,London,8009800998,,,Naukri.com
88995,Major,Uday,Bhan,uday.bhan@mailinator.com840,7864823665840,7894923645,13/04/1990,M,Single,PAN167694840,No,Behind Yaga Baba Hostel Baner,426194,KANPUR,India,579700,1340000,Mumbai,579000,2,1,30,12/06/2004,13/07/2006,Full Time,Uttar Pradesh State Board,Saraswati Vidya Mandir Kanpur,NA,92,10th,14/02/2007,25/03/2010,Full Time,Uttar Pradesh State Board,Radha Niketan College Kanpur,Electronics & Telecommunication,93,12th,14/03/2010,18/09/2014,Full Time,NITA,Motilal Nehru National Institute of Technology Allahabad,Electronics & Telecommunication,81,BE,20/07/2015,22/01/2018,Full Time,NITIE,NITIE Mumbai,Mining Engineering,87,ME,0,29/03/2017,19/09/2018,Full Time,Junior Technical Consultant,TCS,Manufacturing,AGRA,India,,,,,,,,,English,Good,Good,Good,Hindi,Good,Good,Good,Marathi,Good,Good,Good,Guddu,Software Engineer,London,8009800998,,,Naukri.com
88995,Major,Uday,Bhan,uday.bhan@mailinator.com841,7864823665841,7894923645,13/04/1990,M,Single,PAN167694841,No,Behind Yaga Baba Hostel Baner,426194,KANPUR,India,579700,1340000,Mumbai,579000,2,1,30,12/06/2004,13/07/2006,Full Time,Uttar Pradesh State Board,Saraswati Vidya Mandir Kanpur,NA,92,10th,14/02/2007,25/03/2010,Full Time,Uttar Pradesh State Board,Radha Niketan College Kanpur,Electronics & Telecommunication,93,12th,14/03/2010,18/09/2014,Full Time,NITA,Motilal Nehru National Institute of Technology Allahabad,Electronics & Telecommunication,81,BE,20/07/2015,22/01/2018,Full Time,NITIE,NITIE Mumbai,Mining Engineering,87,ME,0,29/03/2017,19/09/2018,Full Time,Junior Technical Consultant,TCS,Manufacturing,AGRA,India,,,,,,,,,English,Good,Good,Good,Hindi,Good,Good,Good,Marathi,Good,Good,Good,Guddu,Software Engineer,London,8009800998,,,Naukri.com
88995,Major,Uday,Bhan,uday.bhan@mailinator.com842,7864823665842,7894923645,13/04/1990,M,Single,PAN167694842,No,Behind Yaga Baba Hostel Baner,426194,KANPUR,India,579700,1340000,Mumbai,579000,2,1,30,12/06/2004,13/07/2006,Full Time,Uttar Pradesh State Board,Saraswati Vidya Mandir Kanpur,NA,92,10th,14/02/2007,25/03/2010,Full Time,Uttar Pradesh State Board,Radha Niketan College Kanpur,Electronics & Telecommunication,93,12th,14/03/2010,18/09/2014,Full Time,NITA,Motilal Nehru National Institute of Technology Allahabad,Electronics & Telecommunication,81,BE,20/07/2015,22/01/2018,Full Time,NITIE,NITIE Mumbai,Mining Engineering,87,ME,0,29/03/2017,19/09/2018,Full Time,Junior Technical Consultant,TCS,Manufacturing,AGRA,India,,,,,,,,,English,Good,Good,Good,Hindi,Good,Good,Good,Marathi,Good,Good,Good,Guddu,Software Engineer,London,8009800998,,,Naukri.com
88995,Major,Uday,Bhan,uday.bhan@mailinator.com843,7864823665843,7894923645,13/04/1990,M,Single,PAN167694843,No,Behind Yaga Baba Hostel Baner,426194,KANPUR,India,579700,1340000,Mumbai,579000,2,1,30,12/06/2004,13/07/2006,Full Time,Uttar Pradesh State Board,Saraswati Vidya Mandir Kanpur,NA,92,10th,14/02/2007,25/03/2010,Full Time,Uttar Pradesh State Board,Radha Niketan College Kanpur,Electronics & Telecommunication,93,12th,14/03/2010,18/09/2014,Full Time,NITA,Motilal Nehru National Institute of Technology Allahabad,Electronics & Telecommunication,81,BE,20/07/2015,22/01/2018,Full Time,NITIE,NITIE Mumbai,Mining Engineering,87,ME,0,29/03/2017,19/09/2018,Full Time,Junior Technical Consultant,TCS,Manufacturing,AGRA,India,,,,,,,,,English,Good,Good,Good,Hindi,Good,Good,Good,Marathi,Good,Good,Good,Guddu,Software Engineer,London,8009800998,,,Naukri.com
88995,Major,Uday,Bhan,uday.bhan@mailinator.com844,7864823665844,7894923645,13/04/1990,M,Single,PAN167694844,No,Behind Yaga Baba Hostel Baner,426194,KANPUR,India,579700,1340000,Mumbai,579000,2,1,30,12/06/2004,13/07/2006,Full Time,Uttar Pradesh State Board,Saraswati Vidya Mandir Kanpur,NA,92,10th,14/02/2007,25/03/2010,Full Time,Uttar Pradesh State Board,Radha Niketan College Kanpur,Electronics & Telecommunication,93,12th,14/03/2010,18/09/2014,Full Time,NITA,Motilal Nehru National Institute of Technology Allahabad,Electronics & Telecommunication,81,BE,20/07/2015,22/01/2018,Full Time,NITIE,NITIE Mumbai,Mining Engineering,87,ME,0,29/03/2017,19/09/2018,Full Time,Junior Technical Consultant,TCS,Manufacturing,AGRA,India,,,,,,,,,English,Good,Good,Good,Hindi,Good,Good,Good,Marathi,Good,Good,Good,Guddu,Software Engineer,London,8009800998,,,Naukri.com
88995,Major,Uday,Bhan,uday.bhan@mailinator.com845,7864823665845,7894923645,13/04/1990,M,Single,PAN167694845,No,Behind Yaga Baba Hostel Baner,426194,KANPUR,India,579700,1340000,Mumbai,579000,2,1,30,12/06/2004,13/07/2006,Full Time,Uttar Pradesh State Board,Saraswati Vidya Mandir Kanpur,NA,92,10th,14/02/2007,25/03/2010,Full Time,Uttar Pradesh State Board,Radha Niketan College Kanpur,Electronics & Telecommunication,93,12th,14/03/2010,18/09/2014,Full Time,NITA,Motilal Nehru National Institute of Technology Allahabad,Electronics & Telecommunication,81,BE,20/07/2015,22/01/2018,Full Time,NITIE,NITIE Mumbai,Mining Engineering,87,ME,0,29/03/2017,19/09/2018,Full Time,Junior Technical Consultant,TCS,Manufacturing,AGRA,India,,,,,,,,,English,Good,Good,Good,Hindi,Good,Good,Good,Marathi,Good,Good,Good,Guddu,Software Engineer,London,8009800998,,,Naukri.com
88995,Major,Uday,Bhan,uday.bhan@mailinator.com846,7864823665846,7894923645,13/04/1990,M,Single,PAN167694846,No,Behind Yaga Baba Hostel Baner,426194,KANPUR,India,579700,1340000,Mumbai,579000,2,1,30,12/06/2004,13/07/2006,Full Time,Uttar Pradesh State Board,Saraswati Vidya Mandir Kanpur,NA,92,10th,14/02/2007,25/03/2010,Full Time,Uttar Pradesh State Board,Radha Niketan College Kanpur,Electronics & Telecommunication,93,12th,14/03/2010,18/09/2014,Full Time,NITA,Motilal Nehru National Institute of Technology Allahabad,Electronics & Telecommunication,81,BE,20/07/2015,22/01/2018,Full Time,NITIE,NITIE Mumbai,Mining Engineering,87,ME,0,29/03/2017,19/09/2018,Full Time,Junior Technical Consultant,TCS,Manufacturing,AGRA,India,,,,,,,,,English,Good,Good,Good,Hindi,Good,Good,Good,Marathi,Good,Good,Good,Guddu,Software Engineer,London,8009800998,,,Naukri.com
88995,Major,Uday,Bhan,uday.bhan@mailinator.com847,7864823665847,7894923645,13/04/1990,M,Single,PAN167694847,No,Behind Yaga Baba Hostel Baner,426194,KANPUR,India,579700,1340000,Mumbai,579000,2,1,30,12/06/2004,13/07/2006,Full Time,Uttar Pradesh State Board,Saraswati Vidya Mandir Kanpur,NA,92,10th,14/02/2007,25/03/2010,Full Time,Uttar Pradesh State Board,Radha Niketan College Kanpur,Electronics & Telecommunication,93,12th,14/03/2010,18/09/2014,Full Time,NITA,Motilal Nehru National Institute of Technology Allahabad,Electronics & Telecommunication,81,BE,20/07/2015,22/01/2018,Full Time,NITIE,NITIE Mumbai,Mining Engineering,87,ME,0,29/03/2017,19/09/2018,Full Time,Junior Technical Consultant,TCS,Manufacturing,AGRA,India,,,,,,,,,English,Good,Good,Good,Hindi,Good,Good,Good,Marathi,Good,Good,Good,Guddu,Software Engineer,London,8009800998,,,Naukri.com
88995,Major,Uday,Bhan,uday.bhan@mailinator.com848,7864823665848,7894923645,13/04/1990,M,Single,PAN167694848,No,Behind Yaga Baba Hostel Baner,426194,KANPUR,India,579700,1340000,Mumbai,579000,2,1,30,12/06/2004,13/07/2006,Full Time,Uttar Pradesh State Board,Saraswati Vidya Mandir Kanpur,NA,92,10th,14/02/2007,25/03/2010,Full Time,Uttar Pradesh State Board,Radha Niketan College Kanpur,Electronics & Telecommunication,93,12th,14/03/2010,18/09/2014,Full Time,NITA,Motilal Nehru National Institute of Technology Allahabad,Electronics & Telecommunication,81,BE,20/07/2015,22/01/2018,Full Time,NITIE,NITIE Mumbai,Mining Engineering,87,ME,0,29/03/2017,19/09/2018,Full Time,Junior Technical Consultant,TCS,Manufacturing,AGRA,India,,,,,,,,,English,Good,Good,Good,Hindi,Good,Good,Good,Marathi,Good,Good,Good,Guddu,Software Engineer,London,8009800998,,,Naukri.com
88995,Major,Uday,Bhan,uday.bhan@mailinator.com849,7864823665849,7894923645,13/04/1990,M,Single,PAN167694849,No,Behind Yaga Baba Hostel Baner,426194,KANPUR,India,579700,1340000,Mumbai,579000,2,1,30,12/06/2004,13/07/2006,Full Time,Uttar Pradesh State Board,Saraswati Vidya Mandir Kanpur,NA,92,10th,14/02/2007,25/03/2010,Full Time,Uttar Pradesh State Board,Radha Niketan College Kanpur,Electronics & Telecommunication,93,12th,14/03/2010,18/09/2014,Full Time,NITA,Motilal Nehru National Institute of Technology Allahabad,Electronics & Telecommunication,81,BE,20/07/2015,22/01/2018,Full Time,NITIE,NITIE Mumbai,Mining Engineering,87,ME,0,29/03/2017,19/09/2018,Full Time,Junior Technical Consultant,TCS,Manufacturing,AGRA,India,,,,,,,,,English,Good,Good,Good,Hindi,Good,Good,Good,Marathi,Good,Good,Good,Guddu,Software Engineer,London,8009800998,,,Naukri.com
88995,Major,Uday,Bhan,uday.bhan@mailinator.com850,7864823665850,7894923645,13/04/1990,M,Single,PAN167694850,No,Behind Yaga Baba Hostel Baner,426194,KANPUR,India,579700,1340000,Mumbai,579000,2,1,30,12/06/2004,13/07/2006,Full Time,Uttar Pradesh State Board,Saraswati Vidya Mandir Kanpur,NA,92,10th,14/02/2007,25/03/2010,Full Time,Uttar Pradesh State Board,Radha Niketan College Kanpur,Electronics & Telecommunication,93,12th,14/03/2010,18/09/2014,Full Time,NITA,Motilal Nehru National Institute of Technology Allahabad,Electronics & Telecommunication,81,BE,20/07/2015,22/01/2018,Full Time,NITIE,NITIE Mumbai,Mining Engineering,87,ME,0,29/03/2017,19/09/2018,Full Time,Junior Technical Consultant,TCS,Manufacturing,AGRA,India,,,,,,,,,English,Good,Good,Good,Hindi,Good,Good,Good,Marathi,Good,Good,Good,Guddu,Software Engineer,London,8009800998,,,Naukri.com
88995,Major,Uday,Bhan,uday.bhan@mailinator.com851,7864823665851,7894923645,13/04/1990,M,Single,PAN167694851,No,Behind Yaga Baba Hostel Baner,426194,KANPUR,India,579700,1340000,Mumbai,579000,2,1,30,12/06/2004,13/07/2006,Full Time,Uttar Pradesh State Board,Saraswati Vidya Mandir Kanpur,NA,92,10th,14/02/2007,25/03/2010,Full Time,Uttar Pradesh State Board,Radha Niketan College Kanpur,Electronics & Telecommunication,93,12th,14/03/2010,18/09/2014,Full Time,NITA,Motilal Nehru National Institute of Technology Allahabad,Electronics & Telecommunication,81,BE,20/07/2015,22/01/2018,Full Time,NITIE,NITIE Mumbai,Mining Engineering,87,ME,0,29/03/2017,19/09/2018,Full Time,Junior Technical Consultant,TCS,Manufacturing,AGRA,India,,,,,,,,,English,Good,Good,Good,Hindi,Good,Good,Good,Marathi,Good,Good,Good,Guddu,Software Engineer,London,8009800998,,,Naukri.com
88995,Major,Uday,Bhan,uday.bhan@mailinator.com852,7864823665852,7894923645,13/04/1990,M,Single,PAN167694852,No,Behind Yaga Baba Hostel Baner,426194,KANPUR,India,579700,1340000,Mumbai,579000,2,1,30,12/06/2004,13/07/2006,Full Time,Uttar Pradesh State Board,Saraswati Vidya Mandir Kanpur,NA,92,10th,14/02/2007,25/03/2010,Full Time,Uttar Pradesh State Board,Radha Niketan College Kanpur,Electronics & Telecommunication,93,12th,14/03/2010,18/09/2014,Full Time,NITA,Motilal Nehru National Institute of Technology Allahabad,Electronics & Telecommunication,81,BE,20/07/2015,22/01/2018,Full Time,NITIE,NITIE Mumbai,Mining Engineering,87,ME,0,29/03/2017,19/09/2018,Full Time,Junior Technical Consultant,TCS,Manufacturing,AGRA,India,,,,,,,,,English,Good,Good,Good,Hindi,Good,Good,Good,Marathi,Good,Good,Good,Guddu,Software Engineer,London,8009800998,,,Naukri.com
88995,Major,Uday,Bhan,uday.bhan@mailinator.com853,7864823665853,7894923645,13/04/1990,M,Single,PAN167694853,No,Behind Yaga Baba Hostel Baner,426194,KANPUR,India,579700,1340000,Mumbai,579000,2,1,30,12/06/2004,13/07/2006,Full Time,Uttar Pradesh State Board,Saraswati Vidya Mandir Kanpur,NA,92,10th,14/02/2007,25/03/2010,Full Time,Uttar Pradesh State Board,Radha Niketan College Kanpur,Electronics & Telecommunication,93,12th,14/03/2010,18/09/2014,Full Time,NITA,Motilal Nehru National Institute of Technology Allahabad,Electronics & Telecommunication,81,BE,20/07/2015,22/01/2018,Full Time,NITIE,NITIE Mumbai,Mining Engineering,87,ME,0,29/03/2017,19/09/2018,Full Time,Junior Technical Consultant,TCS,Manufacturing,AGRA,India,,,,,,,,,English,Good,Good,Good,Hindi,Good,Good,Good,Marathi,Good,Good,Good,Guddu,Software Engineer,London,8009800998,,,Naukri.com
88995,Major,Uday,Bhan,uday.bhan@mailinator.com854,7864823665854,7894923645,13/04/1990,M,Single,PAN167694854,No,Behind Yaga Baba Hostel Baner,426194,KANPUR,India,579700,1340000,Mumbai,579000,2,1,30,12/06/2004,13/07/2006,Full Time,Uttar Pradesh State Board,Saraswati Vidya Mandir Kanpur,NA,92,10th,14/02/2007,25/03/2010,Full Time,Uttar Pradesh State Board,Radha Niketan College Kanpur,Electronics & Telecommunication,93,12th,14/03/2010,18/09/2014,Full Time,NITA,Motilal Nehru National Institute of Technology Allahabad,Electronics & Telecommunication,81,BE,20/07/2015,22/01/2018,Full Time,NITIE,NITIE Mumbai,Mining Engineering,87,ME,0,29/03/2017,19/09/2018,Full Time,Junior Technical Consultant,TCS,Manufacturing,AGRA,India,,,,,,,,,English,Good,Good,Good,Hindi,Good,Good,Good,Marathi,Good,Good,Good,Guddu,Software Engineer,London,8009800998,,,Naukri.com
88995,Major,Uday,Bhan,uday.bhan@mailinator.com855,7864823665855,7894923645,13/04/1990,M,Single,PAN167694855,No,Behind Yaga Baba Hostel Baner,426194,KANPUR,India,579700,1340000,Mumbai,579000,2,1,30,12/06/2004,13/07/2006,Full Time,Uttar Pradesh State Board,Saraswati Vidya Mandir Kanpur,NA,92,10th,14/02/2007,25/03/2010,Full Time,Uttar Pradesh State Board,Radha Niketan College Kanpur,Electronics & Telecommunication,93,12th,14/03/2010,18/09/2014,Full Time,NITA,Motilal Nehru National Institute of Technology Allahabad,Electronics & Telecommunication,81,BE,20/07/2015,22/01/2018,Full Time,NITIE,NITIE Mumbai,Mining Engineering,87,ME,0,29/03/2017,19/09/2018,Full Time,Junior Technical Consultant,TCS,Manufacturing,AGRA,India,,,,,,,,,English,Good,Good,Good,Hindi,Good,Good,Good,Marathi,Good,Good,Good,Guddu,Software Engineer,London,8009800998,,,Naukri.com
88995,Major,Uday,Bhan,uday.bhan@mailinator.com856,7864823665856,7894923645,13/04/1990,M,Single,PAN167694856,No,Behind Yaga Baba Hostel Baner,426194,KANPUR,India,579700,1340000,Mumbai,579000,2,1,30,12/06/2004,13/07/2006,Full Time,Uttar Pradesh State Board,Saraswati Vidya Mandir Kanpur,NA,92,10th,14/02/2007,25/03/2010,Full Time,Uttar Pradesh State Board,Radha Niketan College Kanpur,Electronics & Telecommunication,93,12th,14/03/2010,18/09/2014,Full Time,NITA,Motilal Nehru National Institute of Technology Allahabad,Electronics & Telecommunication,81,BE,20/07/2015,22/01/2018,Full Time,NITIE,NITIE Mumbai,Mining Engineering,87,ME,0,29/03/2017,19/09/2018,Full Time,Junior Technical Consultant,TCS,Manufacturing,AGRA,India,,,,,,,,,English,Good,Good,Good,Hindi,Good,Good,Good,Marathi,Good,Good,Good,Guddu,Software Engineer,London,8009800998,,,Naukri.com
88995,Major,Uday,Bhan,uday.bhan@mailinator.com857,7864823665857,7894923645,13/04/1990,M,Single,PAN167694857,No,Behind Yaga Baba Hostel Baner,426194,KANPUR,India,579700,1340000,Mumbai,579000,2,1,30,12/06/2004,13/07/2006,Full Time,Uttar Pradesh State Board,Saraswati Vidya Mandir Kanpur,NA,92,10th,14/02/2007,25/03/2010,Full Time,Uttar Pradesh State Board,Radha Niketan College Kanpur,Electronics & Telecommunication,93,12th,14/03/2010,18/09/2014,Full Time,NITA,Motilal Nehru National Institute of Technology Allahabad,Electronics & Telecommunication,81,BE,20/07/2015,22/01/2018,Full Time,NITIE,NITIE Mumbai,Mining Engineering,87,ME,0,29/03/2017,19/09/2018,Full Time,Junior Technical Consultant,TCS,Manufacturing,AGRA,India,,,,,,,,,English,Good,Good,Good,Hindi,Good,Good,Good,Marathi,Good,Good,Good,Guddu,Software Engineer,London,8009800998,,,Naukri.com
88995,Major,Uday,Bhan,uday.bhan@mailinator.com858,7864823665858,7894923645,13/04/1990,M,Single,PAN167694858,No,Behind Yaga Baba Hostel Baner,426194,KANPUR,India,579700,1340000,Mumbai,579000,2,1,30,12/06/2004,13/07/2006,Full Time,Uttar Pradesh State Board,Saraswati Vidya Mandir Kanpur,NA,92,10th,14/02/2007,25/03/2010,Full Time,Uttar Pradesh State Board,Radha Niketan College Kanpur,Electronics & Telecommunication,93,12th,14/03/2010,18/09/2014,Full Time,NITA,Motilal Nehru National Institute of Technology Allahabad,Electronics & Telecommunication,81,BE,20/07/2015,22/01/2018,Full Time,NITIE,NITIE Mumbai,Mining Engineering,87,ME,0,29/03/2017,19/09/2018,Full Time,Junior Technical Consultant,TCS,Manufacturing,AGRA,India,,,,,,,,,English,Good,Good,Good,Hindi,Good,Good,Good,Marathi,Good,Good,Good,Guddu,Software Engineer,London,8009800998,,,Naukri.com
88995,Major,Uday,Bhan,uday.bhan@mailinator.com859,7864823665859,7894923645,13/04/1990,M,Single,PAN167694859,No,Behind Yaga Baba Hostel Baner,426194,KANPUR,India,579700,1340000,Mumbai,579000,2,1,30,12/06/2004,13/07/2006,Full Time,Uttar Pradesh State Board,Saraswati Vidya Mandir Kanpur,NA,92,10th,14/02/2007,25/03/2010,Full Time,Uttar Pradesh State Board,Radha Niketan College Kanpur,Electronics & Telecommunication,93,12th,14/03/2010,18/09/2014,Full Time,NITA,Motilal Nehru National Institute of Technology Allahabad,Electronics & Telecommunication,81,BE,20/07/2015,22/01/2018,Full Time,NITIE,NITIE Mumbai,Mining Engineering,87,ME,0,29/03/2017,19/09/2018,Full Time,Junior Technical Consultant,TCS,Manufacturing,AGRA,India,,,,,,,,,English,Good,Good,Good,Hindi,Good,Good,Good,Marathi,Good,Good,Good,Guddu,Software Engineer,London,8009800998,,,Naukri.com
88995,Major,Uday,Bhan,uday.bhan@mailinator.com860,7864823665860,7894923645,13/04/1990,M,Single,PAN167694860,No,Behind Yaga Baba Hostel Baner,426194,KANPUR,India,579700,1340000,Mumbai,579000,2,1,30,12/06/2004,13/07/2006,Full Time,Uttar Pradesh State Board,Saraswati Vidya Mandir Kanpur,NA,92,10th,14/02/2007,25/03/2010,Full Time,Uttar Pradesh State Board,Radha Niketan College Kanpur,Electronics & Telecommunication,93,12th,14/03/2010,18/09/2014,Full Time,NITA,Motilal Nehru National Institute of Technology Allahabad,Electronics & Telecommunication,81,BE,20/07/2015,22/01/2018,Full Time,NITIE,NITIE Mumbai,Mining Engineering,87,ME,0,29/03/2017,19/09/2018,Full Time,Junior Technical Consultant,TCS,Manufacturing,AGRA,India,,,,,,,,,English,Good,Good,Good,Hindi,Good,Good,Good,Marathi,Good,Good,Good,Guddu,Software Engineer,London,8009800998,,,Naukri.com
88995,Major,Uday,Bhan,uday.bhan@mailinator.com861,7864823665861,7894923645,13/04/1990,M,Single,PAN167694861,No,Behind Yaga Baba Hostel Baner,426194,KANPUR,India,579700,1340000,Mumbai,579000,2,1,30,12/06/2004,13/07/2006,Full Time,Uttar Pradesh State Board,Saraswati Vidya Mandir Kanpur,NA,92,10th,14/02/2007,25/03/2010,Full Time,Uttar Pradesh State Board,Radha Niketan College Kanpur,Electronics & Telecommunication,93,12th,14/03/2010,18/09/2014,Full Time,NITA,Motilal Nehru National Institute of Technology Allahabad,Electronics & Telecommunication,81,BE,20/07/2015,22/01/2018,Full Time,NITIE,NITIE Mumbai,Mining Engineering,87,ME,0,29/03/2017,19/09/2018,Full Time,Junior Technical Consultant,TCS,Manufacturing,AGRA,India,,,,,,,,,English,Good,Good,Good,Hindi,Good,Good,Good,Marathi,Good,Good,Good,Guddu,Software Engineer,London,8009800998,,,Naukri.com
88995,Major,Uday,Bhan,uday.bhan@mailinator.com862,7864823665862,7894923645,13/04/1990,M,Single,PAN167694862,No,Behind Yaga Baba Hostel Baner,426194,KANPUR,India,579700,1340000,Mumbai,579000,2,1,30,12/06/2004,13/07/2006,Full Time,Uttar Pradesh State Board,Saraswati Vidya Mandir Kanpur,NA,92,10th,14/02/2007,25/03/2010,Full Time,Uttar Pradesh State Board,Radha Niketan College Kanpur,Electronics & Telecommunication,93,12th,14/03/2010,18/09/2014,Full Time,NITA,Motilal Nehru National Institute of Technology Allahabad,Electronics & Telecommunication,81,BE,20/07/2015,22/01/2018,Full Time,NITIE,NITIE Mumbai,Mining Engineering,87,ME,0,29/03/2017,19/09/2018,Full Time,Junior Technical Consultant,TCS,Manufacturing,AGRA,India,,,,,,,,,English,Good,Good,Good,Hindi,Good,Good,Good,Marathi,Good,Good,Good,Guddu,Software Engineer,London,8009800998,,,Naukri.com
88995,Major,Uday,Bhan,uday.bhan@mailinator.com863,7864823665863,7894923645,13/04/1990,M,Single,PAN167694863,No,Behind Yaga Baba Hostel Baner,426194,KANPUR,India,579700,1340000,Mumbai,579000,2,1,30,12/06/2004,13/07/2006,Full Time,Uttar Pradesh State Board,Saraswati Vidya Mandir Kanpur,NA,92,10th,14/02/2007,25/03/2010,Full Time,Uttar Pradesh State Board,Radha Niketan College Kanpur,Electronics & Telecommunication,93,12th,14/03/2010,18/09/2014,Full Time,NITA,Motilal Nehru National Institute of Technology Allahabad,Electronics & Telecommunication,81,BE,20/07/2015,22/01/2018,Full Time,NITIE,NITIE Mumbai,Mining Engineering,87,ME,0,29/03/2017,19/09/2018,Full Time,Junior Technical Consultant,TCS,Manufacturing,AGRA,India,,,,,,,,,English,Good,Good,Good,Hindi,Good,Good,Good,Marathi,Good,Good,Good,Guddu,Software Engineer,London,8009800998,,,Naukri.com
88995,Major,Uday,Bhan,uday.bhan@mailinator.com864,7864823665864,7894923645,13/04/1990,M,Single,PAN167694864,No,Behind Yaga Baba Hostel Baner,426194,KANPUR,India,579700,1340000,Mumbai,579000,2,1,30,12/06/2004,13/07/2006,Full Time,Uttar Pradesh State Board,Saraswati Vidya Mandir Kanpur,NA,92,10th,14/02/2007,25/03/2010,Full Time,Uttar Pradesh State Board,Radha Niketan College Kanpur,Electronics & Telecommunication,93,12th,14/03/2010,18/09/2014,Full Time,NITA,Motilal Nehru National Institute of Technology Allahabad,Electronics & Telecommunication,81,BE,20/07/2015,22/01/2018,Full Time,NITIE,NITIE Mumbai,Mining Engineering,87,ME,0,29/03/2017,19/09/2018,Full Time,Junior Technical Consultant,TCS,Manufacturing,AGRA,India,,,,,,,,,English,Good,Good,Good,Hindi,Good,Good,Good,Marathi,Good,Good,Good,Guddu,Software Engineer,London,8009800998,,,Naukri.com
88995,Major,Uday,Bhan,uday.bhan@mailinator.com865,7864823665865,7894923645,13/04/1990,M,Single,PAN167694865,No,Behind Yaga Baba Hostel Baner,426194,KANPUR,India,579700,1340000,Mumbai,579000,2,1,30,12/06/2004,13/07/2006,Full Time,Uttar Pradesh State Board,Saraswati Vidya Mandir Kanpur,NA,92,10th,14/02/2007,25/03/2010,Full Time,Uttar Pradesh State Board,Radha Niketan College Kanpur,Electronics & Telecommunication,93,12th,14/03/2010,18/09/2014,Full Time,NITA,Motilal Nehru National Institute of Technology Allahabad,Electronics & Telecommunication,81,BE,20/07/2015,22/01/2018,Full Time,NITIE,NITIE Mumbai,Mining Engineering,87,ME,0,29/03/2017,19/09/2018,Full Time,Junior Technical Consultant,TCS,Manufacturing,AGRA,India,,,,,,,,,English,Good,Good,Good,Hindi,Good,Good,Good,Marathi,Good,Good,Good,Guddu,Software Engineer,London,8009800998,,,Naukri.com
88995,Major,Uday,Bhan,uday.bhan@mailinator.com866,7864823665866,7894923645,13/04/1990,M,Single,PAN167694866,No,Behind Yaga Baba Hostel Baner,426194,KANPUR,India,579700,1340000,Mumbai,579000,2,1,30,12/06/2004,13/07/2006,Full Time,Uttar Pradesh State Board,Saraswati Vidya Mandir Kanpur,NA,92,10th,14/02/2007,25/03/2010,Full Time,Uttar Pradesh State Board,Radha Niketan College Kanpur,Electronics & Telecommunication,93,12th,14/03/2010,18/09/2014,Full Time,NITA,Motilal Nehru National Institute of Technology Allahabad,Electronics & Telecommunication,81,BE,20/07/2015,22/01/2018,Full Time,NITIE,NITIE Mumbai,Mining Engineering,87,ME,0,29/03/2017,19/09/2018,Full Time,Junior Technical Consultant,TCS,Manufacturing,AGRA,India,,,,,,,,,English,Good,Good,Good,Hindi,Good,Good,Good,Marathi,Good,Good,Good,Guddu,Software Engineer,London,8009800998,,,Naukri.com
88995,Major,Uday,Bhan,uday.bhan@mailinator.com867,7864823665867,7894923645,13/04/1990,M,Single,PAN167694867,No,Behind Yaga Baba Hostel Baner,426194,KANPUR,India,579700,1340000,Mumbai,579000,2,1,30,12/06/2004,13/07/2006,Full Time,Uttar Pradesh State Board,Saraswati Vidya Mandir Kanpur,NA,92,10th,14/02/2007,25/03/2010,Full Time,Uttar Pradesh State Board,Radha Niketan College Kanpur,Electronics & Telecommunication,93,12th,14/03/2010,18/09/2014,Full Time,NITA,Motilal Nehru National Institute of Technology Allahabad,Electronics & Telecommunication,81,BE,20/07/2015,22/01/2018,Full Time,NITIE,NITIE Mumbai,Mining Engineering,87,ME,0,29/03/2017,19/09/2018,Full Time,Junior Technical Consultant,TCS,Manufacturing,AGRA,India,,,,,,,,,English,Good,Good,Good,Hindi,Good,Good,Good,Marathi,Good,Good,Good,Guddu,Software Engineer,London,8009800998,,,Naukri.com
88995,Major,Uday,Bhan,uday.bhan@mailinator.com868,7864823665868,7894923645,13/04/1990,M,Single,PAN167694868,No,Behind Yaga Baba Hostel Baner,426194,KANPUR,India,579700,1340000,Mumbai,579000,2,1,30,12/06/2004,13/07/2006,Full Time,Uttar Pradesh State Board,Saraswati Vidya Mandir Kanpur,NA,92,10th,14/02/2007,25/03/2010,Full Time,Uttar Pradesh State Board,Radha Niketan College Kanpur,Electronics & Telecommunication,93,12th,14/03/2010,18/09/2014,Full Time,NITA,Motilal Nehru National Institute of Technology Allahabad,Electronics & Telecommunication,81,BE,20/07/2015,22/01/2018,Full Time,NITIE,NITIE Mumbai,Mining Engineering,87,ME,0,29/03/2017,19/09/2018,Full Time,Junior Technical Consultant,TCS,Manufacturing,AGRA,India,,,,,,,,,English,Good,Good,Good,Hindi,Good,Good,Good,Marathi,Good,Good,Good,Guddu,Software Engineer,London,8009800998,,,Naukri.com
88995,Major,Uday,Bhan,uday.bhan@mailinator.com869,7864823665869,7894923645,13/04/1990,M,Single,PAN167694869,No,Behind Yaga Baba Hostel Baner,426194,KANPUR,India,579700,1340000,Mumbai,579000,2,1,30,12/06/2004,13/07/2006,Full Time,Uttar Pradesh State Board,Saraswati Vidya Mandir Kanpur,NA,92,10th,14/02/2007,25/03/2010,Full Time,Uttar Pradesh State Board,Radha Niketan College Kanpur,Electronics & Telecommunication,93,12th,14/03/2010,18/09/2014,Full Time,NITA,Motilal Nehru National Institute of Technology Allahabad,Electronics & Telecommunication,81,BE,20/07/2015,22/01/2018,Full Time,NITIE,NITIE Mumbai,Mining Engineering,87,ME,0,29/03/2017,19/09/2018,Full Time,Junior Technical Consultant,TCS,Manufacturing,AGRA,India,,,,,,,,,English,Good,Good,Good,Hindi,Good,Good,Good,Marathi,Good,Good,Good,Guddu,Software Engineer,London,8009800998,,,Naukri.com
88995,Major,Uday,Bhan,uday.bhan@mailinator.com870,7864823665870,7894923645,13/04/1990,M,Single,PAN167694870,No,Behind Yaga Baba Hostel Baner,426194,KANPUR,India,579700,1340000,Mumbai,579000,2,1,30,12/06/2004,13/07/2006,Full Time,Uttar Pradesh State Board,Saraswati Vidya Mandir Kanpur,NA,92,10th,14/02/2007,25/03/2010,Full Time,Uttar Pradesh State Board,Radha Niketan College Kanpur,Electronics & Telecommunication,93,12th,14/03/2010,18/09/2014,Full Time,NITA,Motilal Nehru National Institute of Technology Allahabad,Electronics & Telecommunication,81,BE,20/07/2015,22/01/2018,Full Time,NITIE,NITIE Mumbai,Mining Engineering,87,ME,0,29/03/2017,19/09/2018,Full Time,Junior Technical Consultant,TCS,Manufacturing,AGRA,India,,,,,,,,,English,Good,Good,Good,Hindi,Good,Good,Good,Marathi,Good,Good,Good,Guddu,Software Engineer,London,8009800998,,,Naukri.com
88995,Major,Uday,Bhan,uday.bhan@mailinator.com871,7864823665871,7894923645,13/04/1990,M,Single,PAN167694871,No,Behind Yaga Baba Hostel Baner,426194,KANPUR,India,579700,1340000,Mumbai,579000,2,1,30,12/06/2004,13/07/2006,Full Time,Uttar Pradesh State Board,Saraswati Vidya Mandir Kanpur,NA,92,10th,14/02/2007,25/03/2010,Full Time,Uttar Pradesh State Board,Radha Niketan College Kanpur,Electronics & Telecommunication,93,12th,14/03/2010,18/09/2014,Full Time,NITA,Motilal Nehru National Institute of Technology Allahabad,Electronics & Telecommunication,81,BE,20/07/2015,22/01/2018,Full Time,NITIE,NITIE Mumbai,Mining Engineering,87,ME,0,29/03/2017,19/09/2018,Full Time,Junior Technical Consultant,TCS,Manufacturing,AGRA,India,,,,,,,,,English,Good,Good,Good,Hindi,Good,Good,Good,Marathi,Good,Good,Good,Guddu,Software Engineer,London,8009800998,,,Naukri.com
88995,Major,Uday,Bhan,uday.bhan@mailinator.com872,7864823665872,7894923645,13/04/1990,M,Single,PAN167694872,No,Behind Yaga Baba Hostel Baner,426194,KANPUR,India,579700,1340000,Mumbai,579000,2,1,30,12/06/2004,13/07/2006,Full Time,Uttar Pradesh State Board,Saraswati Vidya Mandir Kanpur,NA,92,10th,14/02/2007,25/03/2010,Full Time,Uttar Pradesh State Board,Radha Niketan College Kanpur,Electronics & Telecommunication,93,12th,14/03/2010,18/09/2014,Full Time,NITA,Motilal Nehru National Institute of Technology Allahabad,Electronics & Telecommunication,81,BE,20/07/2015,22/01/2018,Full Time,NITIE,NITIE Mumbai,Mining Engineering,87,ME,0,29/03/2017,19/09/2018,Full Time,Junior Technical Consultant,TCS,Manufacturing,AGRA,India,,,,,,,,,English,Good,Good,Good,Hindi,Good,Good,Good,Marathi,Good,Good,Good,Guddu,Software Engineer,London,8009800998,,,Naukri.com
88995,Major,Uday,Bhan,uday.bhan@mailinator.com873,7864823665873,7894923645,13/04/1990,M,Single,PAN167694873,No,Behind Yaga Baba Hostel Baner,426194,KANPUR,India,579700,1340000,Mumbai,579000,2,1,30,12/06/2004,13/07/2006,Full Time,Uttar Pradesh State Board,Saraswati Vidya Mandir Kanpur,NA,92,10th,14/02/2007,25/03/2010,Full Time,Uttar Pradesh State Board,Radha Niketan College Kanpur,Electronics & Telecommunication,93,12th,14/03/2010,18/09/2014,Full Time,NITA,Motilal Nehru National Institute of Technology Allahabad,Electronics & Telecommunication,81,BE,20/07/2015,22/01/2018,Full Time,NITIE,NITIE Mumbai,Mining Engineering,87,ME,0,29/03/2017,19/09/2018,Full Time,Junior Technical Consultant,TCS,Manufacturing,AGRA,India,,,,,,,,,English,Good,Good,Good,Hindi,Good,Good,Good,Marathi,Good,Good,Good,Guddu,Software Engineer,London,8009800998,,,Naukri.com
88995,Major,Uday,Bhan,uday.bhan@mailinator.com874,7864823665874,7894923645,13/04/1990,M,Single,PAN167694874,No,Behind Yaga Baba Hostel Baner,426194,KANPUR,India,579700,1340000,Mumbai,579000,2,1,30,12/06/2004,13/07/2006,Full Time,Uttar Pradesh State Board,Saraswati Vidya Mandir Kanpur,NA,92,10th,14/02/2007,25/03/2010,Full Time,Uttar Pradesh State Board,Radha Niketan College Kanpur,Electronics & Telecommunication,93,12th,14/03/2010,18/09/2014,Full Time,NITA,Motilal Nehru National Institute of Technology Allahabad,Electronics & Telecommunication,81,BE,20/07/2015,22/01/2018,Full Time,NITIE,NITIE Mumbai,Mining Engineering,87,ME,0,29/03/2017,19/09/2018,Full Time,Junior Technical Consultant,TCS,Manufacturing,AGRA,India,,,,,,,,,English,Good,Good,Good,Hindi,Good,Good,Good,Marathi,Good,Good,Good,Guddu,Software Engineer,London,8009800998,,,Naukri.com
88995,Major,Uday,Bhan,uday.bhan@mailinator.com875,7864823665875,7894923645,13/04/1990,M,Single,PAN167694875,No,Behind Yaga Baba Hostel Baner,426194,KANPUR,India,579700,1340000,Mumbai,579000,2,1,30,12/06/2004,13/07/2006,Full Time,Uttar Pradesh State Board,Saraswati Vidya Mandir Kanpur,NA,92,10th,14/02/2007,25/03/2010,Full Time,Uttar Pradesh State Board,Radha Niketan College Kanpur,Electronics & Telecommunication,93,12th,14/03/2010,18/09/2014,Full Time,NITA,Motilal Nehru National Institute of Technology Allahabad,Electronics & Telecommunication,81,BE,20/07/2015,22/01/2018,Full Time,NITIE,NITIE Mumbai,Mining Engineering,87,ME,0,29/03/2017,19/09/2018,Full Time,Junior Technical Consultant,TCS,Manufacturing,AGRA,India,,,,,,,,,English,Good,Good,Good,Hindi,Good,Good,Good,Marathi,Good,Good,Good,Guddu,Software Engineer,London,8009800998,,,Naukri.com
88995,Major,Uday,Bhan,uday.bhan@mailinator.com876,7864823665876,7894923645,13/04/1990,M,Single,PAN167694876,No,Behind Yaga Baba Hostel Baner,426194,KANPUR,India,579700,1340000,Mumbai,579000,2,1,30,12/06/2004,13/07/2006,Full Time,Uttar Pradesh State Board,Saraswati Vidya Mandir Kanpur,NA,92,10th,14/02/2007,25/03/2010,Full Time,Uttar Pradesh State Board,Radha Niketan College Kanpur,Electronics & Telecommunication,93,12th,14/03/2010,18/09/2014,Full Time,NITA,Motilal Nehru National Institute of Technology Allahabad,Electronics & Telecommunication,81,BE,20/07/2015,22/01/2018,Full Time,NITIE,NITIE Mumbai,Mining Engineering,87,ME,0,29/03/2017,19/09/2018,Full Time,Junior Technical Consultant,TCS,Manufacturing,AGRA,India,,,,,,,,,English,Good,Good,Good,Hindi,Good,Good,Good,Marathi,Good,Good,Good,Guddu,Software Engineer,London,8009800998,,,Naukri.com
88995,Major,Uday,Bhan,uday.bhan@mailinator.com877,7864823665877,7894923645,13/04/1990,M,Single,PAN167694877,No,Behind Yaga Baba Hostel Baner,426194,KANPUR,India,579700,1340000,Mumbai,579000,2,1,30,12/06/2004,13/07/2006,Full Time,Uttar Pradesh State Board,Saraswati Vidya Mandir Kanpur,NA,92,10th,14/02/2007,25/03/2010,Full Time,Uttar Pradesh State Board,Radha Niketan College Kanpur,Electronics & Telecommunication,93,12th,14/03/2010,18/09/2014,Full Time,NITA,Motilal Nehru National Institute of Technology Allahabad,Electronics & Telecommunication,81,BE,20/07/2015,22/01/2018,Full Time,NITIE,NITIE Mumbai,Mining Engineering,87,ME,0,29/03/2017,19/09/2018,Full Time,Junior Technical Consultant,TCS,Manufacturing,AGRA,India,,,,,,,,,English,Good,Good,Good,Hindi,Good,Good,Good,Marathi,Good,Good,Good,Guddu,Software Engineer,London,8009800998,,,Naukri.com
88995,Major,Uday,Bhan,uday.bhan@mailinator.com878,7864823665878,7894923645,13/04/1990,M,Single,PAN167694878,No,Behind Yaga Baba Hostel Baner,426194,KANPUR,India,579700,1340000,Mumbai,579000,2,1,30,12/06/2004,13/07/2006,Full Time,Uttar Pradesh State Board,Saraswati Vidya Mandir Kanpur,NA,92,10th,14/02/2007,25/03/2010,Full Time,Uttar Pradesh State Board,Radha Niketan College Kanpur,Electronics & Telecommunication,93,12th,14/03/2010,18/09/2014,Full Time,NITA,Motilal Nehru National Institute of Technology Allahabad,Electronics & Telecommunication,81,BE,20/07/2015,22/01/2018,Full Time,NITIE,NITIE Mumbai,Mining Engineering,87,ME,0,29/03/2017,19/09/2018,Full Time,Junior Technical Consultant,TCS,Manufacturing,AGRA,India,,,,,,,,,English,Good,Good,Good,Hindi,Good,Good,Good,Marathi,Good,Good,Good,Guddu,Software Engineer,London,8009800998,,,Naukri.com
88995,Major,Uday,Bhan,uday.bhan@mailinator.com879,7864823665879,7894923645,13/04/1990,M,Single,PAN167694879,No,Behind Yaga Baba Hostel Baner,426194,KANPUR,India,579700,1340000,Mumbai,579000,2,1,30,12/06/2004,13/07/2006,Full Time,Uttar Pradesh State Board,Saraswati Vidya Mandir Kanpur,NA,92,10th,14/02/2007,25/03/2010,Full Time,Uttar Pradesh State Board,Radha Niketan College Kanpur,Electronics & Telecommunication,93,12th,14/03/2010,18/09/2014,Full Time,NITA,Motilal Nehru National Institute of Technology Allahabad,Electronics & Telecommunication,81,BE,20/07/2015,22/01/2018,Full Time,NITIE,NITIE Mumbai,Mining Engineering,87,ME,0,29/03/2017,19/09/2018,Full Time,Junior Technical Consultant,TCS,Manufacturing,AGRA,India,,,,,,,,,English,Good,Good,Good,Hindi,Good,Good,Good,Marathi,Good,Good,Good,Guddu,Software Engineer,London,8009800998,,,Naukri.com
88995,Major,Uday,Bhan,uday.bhan@mailinator.com880,7864823665880,7894923645,13/04/1990,M,Single,PAN167694880,No,Behind Yaga Baba Hostel Baner,426194,KANPUR,India,579700,1340000,Mumbai,579000,2,1,30,12/06/2004,13/07/2006,Full Time,Uttar Pradesh State Board,Saraswati Vidya Mandir Kanpur,NA,92,10th,14/02/2007,25/03/2010,Full Time,Uttar Pradesh State Board,Radha Niketan College Kanpur,Electronics & Telecommunication,93,12th,14/03/2010,18/09/2014,Full Time,NITA,Motilal Nehru National Institute of Technology Allahabad,Electronics & Telecommunication,81,BE,20/07/2015,22/01/2018,Full Time,NITIE,NITIE Mumbai,Mining Engineering,87,ME,0,29/03/2017,19/09/2018,Full Time,Junior Technical Consultant,TCS,Manufacturing,AGRA,India,,,,,,,,,English,Good,Good,Good,Hindi,Good,Good,Good,Marathi,Good,Good,Good,Guddu,Software Engineer,London,8009800998,,,Naukri.com
88995,Major,Uday,Bhan,uday.bhan@mailinator.com881,7864823665881,7894923645,13/04/1990,M,Single,PAN167694881,No,Behind Yaga Baba Hostel Baner,426194,KANPUR,India,579700,1340000,Mumbai,579000,2,1,30,12/06/2004,13/07/2006,Full Time,Uttar Pradesh State Board,Saraswati Vidya Mandir Kanpur,NA,92,10th,14/02/2007,25/03/2010,Full Time,Uttar Pradesh State Board,Radha Niketan College Kanpur,Electronics & Telecommunication,93,12th,14/03/2010,18/09/2014,Full Time,NITA,Motilal Nehru National Institute of Technology Allahabad,Electronics & Telecommunication,81,BE,20/07/2015,22/01/2018,Full Time,NITIE,NITIE Mumbai,Mining Engineering,87,ME,0,29/03/2017,19/09/2018,Full Time,Junior Technical Consultant,TCS,Manufacturing,AGRA,India,,,,,,,,,English,Good,Good,Good,Hindi,Good,Good,Good,Marathi,Good,Good,Good,Guddu,Software Engineer,London,8009800998,,,Naukri.com
88995,Major,Uday,Bhan,uday.bhan@mailinator.com882,7864823665882,7894923645,13/04/1990,M,Single,PAN167694882,No,Behind Yaga Baba Hostel Baner,426194,KANPUR,India,579700,1340000,Mumbai,579000,2,1,30,12/06/2004,13/07/2006,Full Time,Uttar Pradesh State Board,Saraswati Vidya Mandir Kanpur,NA,92,10th,14/02/2007,25/03/2010,Full Time,Uttar Pradesh State Board,Radha Niketan College Kanpur,Electronics & Telecommunication,93,12th,14/03/2010,18/09/2014,Full Time,NITA,Motilal Nehru National Institute of Technology Allahabad,Electronics & Telecommunication,81,BE,20/07/2015,22/01/2018,Full Time,NITIE,NITIE Mumbai,Mining Engineering,87,ME,0,29/03/2017,19/09/2018,Full Time,Junior Technical Consultant,TCS,Manufacturing,AGRA,India,,,,,,,,,English,Good,Good,Good,Hindi,Good,Good,Good,Marathi,Good,Good,Good,Guddu,Software Engineer,London,8009800998,,,Naukri.com
88995,Major,Uday,Bhan,uday.bhan@mailinator.com883,7864823665883,7894923645,13/04/1990,M,Single,PAN167694883,No,Behind Yaga Baba Hostel Baner,426194,KANPUR,India,579700,1340000,Mumbai,579000,2,1,30,12/06/2004,13/07/2006,Full Time,Uttar Pradesh State Board,Saraswati Vidya Mandir Kanpur,NA,92,10th,14/02/2007,25/03/2010,Full Time,Uttar Pradesh State Board,Radha Niketan College Kanpur,Electronics & Telecommunication,93,12th,14/03/2010,18/09/2014,Full Time,NITA,Motilal Nehru National Institute of Technology Allahabad,Electronics & Telecommunication,81,BE,20/07/2015,22/01/2018,Full Time,NITIE,NITIE Mumbai,Mining Engineering,87,ME,0,29/03/2017,19/09/2018,Full Time,Junior Technical Consultant,TCS,Manufacturing,AGRA,India,,,,,,,,,English,Good,Good,Good,Hindi,Good,Good,Good,Marathi,Good,Good,Good,Guddu,Software Engineer,London,8009800998,,,Naukri.com
88995,Major,Uday,Bhan,uday.bhan@mailinator.com884,7864823665884,7894923645,13/04/1990,M,Single,PAN167694884,No,Behind Yaga Baba Hostel Baner,426194,KANPUR,India,579700,1340000,Mumbai,579000,2,1,30,12/06/2004,13/07/2006,Full Time,Uttar Pradesh State Board,Saraswati Vidya Mandir Kanpur,NA,92,10th,14/02/2007,25/03/2010,Full Time,Uttar Pradesh State Board,Radha Niketan College Kanpur,Electronics & Telecommunication,93,12th,14/03/2010,18/09/2014,Full Time,NITA,Motilal Nehru National Institute of Technology Allahabad,Electronics & Telecommunication,81,BE,20/07/2015,22/01/2018,Full Time,NITIE,NITIE Mumbai,Mining Engineering,87,ME,0,29/03/2017,19/09/2018,Full Time,Junior Technical Consultant,TCS,Manufacturing,AGRA,India,,,,,,,,,English,Good,Good,Good,Hindi,Good,Good,Good,Marathi,Good,Good,Good,Guddu,Software Engineer,London,8009800998,,,Naukri.com
88995,Major,Uday,Bhan,uday.bhan@mailinator.com885,7864823665885,7894923645,13/04/1990,M,Single,PAN167694885,No,Behind Yaga Baba Hostel Baner,426194,KANPUR,India,579700,1340000,Mumbai,579000,2,1,30,12/06/2004,13/07/2006,Full Time,Uttar Pradesh State Board,Saraswati Vidya Mandir Kanpur,NA,92,10th,14/02/2007,25/03/2010,Full Time,Uttar Pradesh State Board,Radha Niketan College Kanpur,Electronics & Telecommunication,93,12th,14/03/2010,18/09/2014,Full Time,NITA,Motilal Nehru National Institute of Technology Allahabad,Electronics & Telecommunication,81,BE,20/07/2015,22/01/2018,Full Time,NITIE,NITIE Mumbai,Mining Engineering,87,ME,0,29/03/2017,19/09/2018,Full Time,Junior Technical Consultant,TCS,Manufacturing,AGRA,India,,,,,,,,,English,Good,Good,Good,Hindi,Good,Good,Good,Marathi,Good,Good,Good,Guddu,Software Engineer,London,8009800998,,,Naukri.com
88995,Major,Uday,Bhan,uday.bhan@mailinator.com886,7864823665886,7894923645,13/04/1990,M,Single,PAN167694886,No,Behind Yaga Baba Hostel Baner,426194,KANPUR,India,579700,1340000,Mumbai,579000,2,1,30,12/06/2004,13/07/2006,Full Time,Uttar Pradesh State Board,Saraswati Vidya Mandir Kanpur,NA,92,10th,14/02/2007,25/03/2010,Full Time,Uttar Pradesh State Board,Radha Niketan College Kanpur,Electronics & Telecommunication,93,12th,14/03/2010,18/09/2014,Full Time,NITA,Motilal Nehru National Institute of Technology Allahabad,Electronics & Telecommunication,81,BE,20/07/2015,22/01/2018,Full Time,NITIE,NITIE Mumbai,Mining Engineering,87,ME,0,29/03/2017,19/09/2018,Full Time,Junior Technical Consultant,TCS,Manufacturing,AGRA,India,,,,,,,,,English,Good,Good,Good,Hindi,Good,Good,Good,Marathi,Good,Good,Good,Guddu,Software Engineer,London,8009800998,,,Naukri.com
88995,Major,Uday,Bhan,uday.bhan@mailinator.com887,7864823665887,7894923645,13/04/1990,M,Single,PAN167694887,No,Behind Yaga Baba Hostel Baner,426194,KANPUR,India,579700,1340000,Mumbai,579000,2,1,30,12/06/2004,13/07/2006,Full Time,Uttar Pradesh State Board,Saraswati Vidya Mandir Kanpur,NA,92,10th,14/02/2007,25/03/2010,Full Time,Uttar Pradesh State Board,Radha Niketan College Kanpur,Electronics & Telecommunication,93,12th,14/03/2010,18/09/2014,Full Time,NITA,Motilal Nehru National Institute of Technology Allahabad,Electronics & Telecommunication,81,BE,20/07/2015,22/01/2018,Full Time,NITIE,NITIE Mumbai,Mining Engineering,87,ME,0,29/03/2017,19/09/2018,Full Time,Junior Technical Consultant,TCS,Manufacturing,AGRA,India,,,,,,,,,English,Good,Good,Good,Hindi,Good,Good,Good,Marathi,Good,Good,Good,Guddu,Software Engineer,London,8009800998,,,Naukri.com
88995,Major,Uday,Bhan,uday.bhan@mailinator.com888,7864823665888,7894923645,13/04/1990,M,Single,PAN167694888,No,Behind Yaga Baba Hostel Baner,426194,KANPUR,India,579700,1340000,Mumbai,579000,2,1,30,12/06/2004,13/07/2006,Full Time,Uttar Pradesh State Board,Saraswati Vidya Mandir Kanpur,NA,92,10th,14/02/2007,25/03/2010,Full Time,Uttar Pradesh State Board,Radha Niketan College Kanpur,Electronics & Telecommunication,93,12th,14/03/2010,18/09/2014,Full Time,NITA,Motilal Nehru National Institute of Technology Allahabad,Electronics & Telecommunication,81,BE,20/07/2015,22/01/2018,Full Time,NITIE,NITIE Mumbai,Mining Engineering,87,ME,0,29/03/2017,19/09/2018,Full Time,Junior Technical Consultant,TCS,Manufacturing,AGRA,India,,,,,,,,,English,Good,Good,Good,Hindi,Good,Good,Good,Marathi,Good,Good,Good,Guddu,Software Engineer,London,8009800998,,,Naukri.com
88995,Major,Uday,Bhan,uday.bhan@mailinator.com889,7864823665889,7894923645,13/04/1990,M,Single,PAN167694889,No,Behind Yaga Baba Hostel Baner,426194,KANPUR,India,579700,1340000,Mumbai,579000,2,1,30,12/06/2004,13/07/2006,Full Time,Uttar Pradesh State Board,Saraswati Vidya Mandir Kanpur,NA,92,10th,14/02/2007,25/03/2010,Full Time,Uttar Pradesh State Board,Radha Niketan College Kanpur,Electronics & Telecommunication,93,12th,14/03/2010,18/09/2014,Full Time,NITA,Motilal Nehru National Institute of Technology Allahabad,Electronics & Telecommunication,81,BE,20/07/2015,22/01/2018,Full Time,NITIE,NITIE Mumbai,Mining Engineering,87,ME,0,29/03/2017,19/09/2018,Full Time,Junior Technical Consultant,TCS,Manufacturing,AGRA,India,,,,,,,,,English,Good,Good,Good,Hindi,Good,Good,Good,Marathi,Good,Good,Good,Guddu,Software Engineer,London,8009800998,,,Naukri.com
88995,Major,Uday,Bhan,uday.bhan@mailinator.com890,7864823665890,7894923645,13/04/1990,M,Single,PAN167694890,No,Behind Yaga Baba Hostel Baner,426194,KANPUR,India,579700,1340000,Mumbai,579000,2,1,30,12/06/2004,13/07/2006,Full Time,Uttar Pradesh State Board,Saraswati Vidya Mandir Kanpur,NA,92,10th,14/02/2007,25/03/2010,Full Time,Uttar Pradesh State Board,Radha Niketan College Kanpur,Electronics & Telecommunication,93,12th,14/03/2010,18/09/2014,Full Time,NITA,Motilal Nehru National Institute of Technology Allahabad,Electronics & Telecommunication,81,BE,20/07/2015,22/01/2018,Full Time,NITIE,NITIE Mumbai,Mining Engineering,87,ME,0,29/03/2017,19/09/2018,Full Time,Junior Technical Consultant,TCS,Manufacturing,AGRA,India,,,,,,,,,English,Good,Good,Good,Hindi,Good,Good,Good,Marathi,Good,Good,Good,Guddu,Software Engineer,London,8009800998,,,Naukri.com
88995,Major,Uday,Bhan,uday.bhan@mailinator.com891,7864823665891,7894923645,13/04/1990,M,Single,PAN167694891,No,Behind Yaga Baba Hostel Baner,426194,KANPUR,India,579700,1340000,Mumbai,579000,2,1,30,12/06/2004,13/07/2006,Full Time,Uttar Pradesh State Board,Saraswati Vidya Mandir Kanpur,NA,92,10th,14/02/2007,25/03/2010,Full Time,Uttar Pradesh State Board,Radha Niketan College Kanpur,Electronics & Telecommunication,93,12th,14/03/2010,18/09/2014,Full Time,NITA,Motilal Nehru National Institute of Technology Allahabad,Electronics & Telecommunication,81,BE,20/07/2015,22/01/2018,Full Time,NITIE,NITIE Mumbai,Mining Engineering,87,ME,0,29/03/2017,19/09/2018,Full Time,Junior Technical Consultant,TCS,Manufacturing,AGRA,India,,,,,,,,,English,Good,Good,Good,Hindi,Good,Good,Good,Marathi,Good,Good,Good,Guddu,Software Engineer,London,8009800998,,,Naukri.com
88995,Major,Uday,Bhan,uday.bhan@mailinator.com892,7864823665892,7894923645,13/04/1990,M,Single,PAN167694892,No,Behind Yaga Baba Hostel Baner,426194,KANPUR,India,579700,1340000,Mumbai,579000,2,1,30,12/06/2004,13/07/2006,Full Time,Uttar Pradesh State Board,Saraswati Vidya Mandir Kanpur,NA,92,10th,14/02/2007,25/03/2010,Full Time,Uttar Pradesh State Board,Radha Niketan College Kanpur,Electronics & Telecommunication,93,12th,14/03/2010,18/09/2014,Full Time,NITA,Motilal Nehru National Institute of Technology Allahabad,Electronics & Telecommunication,81,BE,20/07/2015,22/01/2018,Full Time,NITIE,NITIE Mumbai,Mining Engineering,87,ME,0,29/03/2017,19/09/2018,Full Time,Junior Technical Consultant,TCS,Manufacturing,AGRA,India,,,,,,,,,English,Good,Good,Good,Hindi,Good,Good,Good,Marathi,Good,Good,Good,Guddu,Software Engineer,London,8009800998,,,Naukri.com
88995,Major,Uday,Bhan,uday.bhan@mailinator.com893,7864823665893,7894923645,13/04/1990,M,Single,PAN167694893,No,Behind Yaga Baba Hostel Baner,426194,KANPUR,India,579700,1340000,Mumbai,579000,2,1,30,12/06/2004,13/07/2006,Full Time,Uttar Pradesh State Board,Saraswati Vidya Mandir Kanpur,NA,92,10th,14/02/2007,25/03/2010,Full Time,Uttar Pradesh State Board,Radha Niketan College Kanpur,Electronics & Telecommunication,93,12th,14/03/2010,18/09/2014,Full Time,NITA,Motilal Nehru National Institute of Technology Allahabad,Electronics & Telecommunication,81,BE,20/07/2015,22/01/2018,Full Time,NITIE,NITIE Mumbai,Mining Engineering,87,ME,0,29/03/2017,19/09/2018,Full Time,Junior Technical Consultant,TCS,Manufacturing,AGRA,India,,,,,,,,,English,Good,Good,Good,Hindi,Good,Good,Good,Marathi,Good,Good,Good,Guddu,Software Engineer,London,8009800998,,,Naukri.com
88995,Major,Uday,Bhan,uday.bhan@mailinator.com894,7864823665894,7894923645,13/04/1990,M,Single,PAN167694894,No,Behind Yaga Baba Hostel Baner,426194,KANPUR,India,579700,1340000,Mumbai,579000,2,1,30,12/06/2004,13/07/2006,Full Time,Uttar Pradesh State Board,Saraswati Vidya Mandir Kanpur,NA,92,10th,14/02/2007,25/03/2010,Full Time,Uttar Pradesh State Board,Radha Niketan College Kanpur,Electronics & Telecommunication,93,12th,14/03/2010,18/09/2014,Full Time,NITA,Motilal Nehru National Institute of Technology Allahabad,Electronics & Telecommunication,81,BE,20/07/2015,22/01/2018,Full Time,NITIE,NITIE Mumbai,Mining Engineering,87,ME,0,29/03/2017,19/09/2018,Full Time,Junior Technical Consultant,TCS,Manufacturing,AGRA,India,,,,,,,,,English,Good,Good,Good,Hindi,Good,Good,Good,Marathi,Good,Good,Good,Guddu,Software Engineer,London,8009800998,,,Naukri.com
88995,Major,Uday,Bhan,uday.bhan@mailinator.com895,7864823665895,7894923645,13/04/1990,M,Single,PAN167694895,No,Behind Yaga Baba Hostel Baner,426194,KANPUR,India,579700,1340000,Mumbai,579000,2,1,30,12/06/2004,13/07/2006,Full Time,Uttar Pradesh State Board,Saraswati Vidya Mandir Kanpur,NA,92,10th,14/02/2007,25/03/2010,Full Time,Uttar Pradesh State Board,Radha Niketan College Kanpur,Electronics & Telecommunication,93,12th,14/03/2010,18/09/2014,Full Time,NITA,Motilal Nehru National Institute of Technology Allahabad,Electronics & Telecommunication,81,BE,20/07/2015,22/01/2018,Full Time,NITIE,NITIE Mumbai,Mining Engineering,87,ME,0,29/03/2017,19/09/2018,Full Time,Junior Technical Consultant,TCS,Manufacturing,AGRA,India,,,,,,,,,English,Good,Good,Good,Hindi,Good,Good,Good,Marathi,Good,Good,Good,Guddu,Software Engineer,London,8009800998,,,Naukri.com
88995,Major,Uday,Bhan,uday.bhan@mailinator.com896,7864823665896,7894923645,13/04/1990,M,Single,PAN167694896,No,Behind Yaga Baba Hostel Baner,426194,KANPUR,India,579700,1340000,Mumbai,579000,2,1,30,12/06/2004,13/07/2006,Full Time,Uttar Pradesh State Board,Saraswati Vidya Mandir Kanpur,NA,92,10th,14/02/2007,25/03/2010,Full Time,Uttar Pradesh State Board,Radha Niketan College Kanpur,Electronics & Telecommunication,93,12th,14/03/2010,18/09/2014,Full Time,NITA,Motilal Nehru National Institute of Technology Allahabad,Electronics & Telecommunication,81,BE,20/07/2015,22/01/2018,Full Time,NITIE,NITIE Mumbai,Mining Engineering,87,ME,0,29/03/2017,19/09/2018,Full Time,Junior Technical Consultant,TCS,Manufacturing,AGRA,India,,,,,,,,,English,Good,Good,Good,Hindi,Good,Good,Good,Marathi,Good,Good,Good,Guddu,Software Engineer,London,8009800998,,,Naukri.com
88995,Major,Uday,Bhan,uday.bhan@mailinator.com897,7864823665897,7894923645,13/04/1990,M,Single,PAN167694897,No,Behind Yaga Baba Hostel Baner,426194,KANPUR,India,579700,1340000,Mumbai,579000,2,1,30,12/06/2004,13/07/2006,Full Time,Uttar Pradesh State Board,Saraswati Vidya Mandir Kanpur,NA,92,10th,14/02/2007,25/03/2010,Full Time,Uttar Pradesh State Board,Radha Niketan College Kanpur,Electronics & Telecommunication,93,12th,14/03/2010,18/09/2014,Full Time,NITA,Motilal Nehru National Institute of Technology Allahabad,Electronics & Telecommunication,81,BE,20/07/2015,22/01/2018,Full Time,NITIE,NITIE Mumbai,Mining Engineering,87,ME,0,29/03/2017,19/09/2018,Full Time,Junior Technical Consultant,TCS,Manufacturing,AGRA,India,,,,,,,,,English,Good,Good,Good,Hindi,Good,Good,Good,Marathi,Good,Good,Good,Guddu,Software Engineer,London,8009800998,,,Naukri.com
88995,Major,Uday,Bhan,uday.bhan@mailinator.com898,7864823665898,7894923645,13/04/1990,M,Single,PAN167694898,No,Behind Yaga Baba Hostel Baner,426194,KANPUR,India,579700,1340000,Mumbai,579000,2,1,30,12/06/2004,13/07/2006,Full Time,Uttar Pradesh State Board,Saraswati Vidya Mandir Kanpur,NA,92,10th,14/02/2007,25/03/2010,Full Time,Uttar Pradesh State Board,Radha Niketan College Kanpur,Electronics & Telecommunication,93,12th,14/03/2010,18/09/2014,Full Time,NITA,Motilal Nehru National Institute of Technology Allahabad,Electronics & Telecommunication,81,BE,20/07/2015,22/01/2018,Full Time,NITIE,NITIE Mumbai,Mining Engineering,87,ME,0,29/03/2017,19/09/2018,Full Time,Junior Technical Consultant,TCS,Manufacturing,AGRA,India,,,,,,,,,English,Good,Good,Good,Hindi,Good,Good,Good,Marathi,Good,Good,Good,Guddu,Software Engineer,London,8009800998,,,Naukri.com
88995,Major,Uday,Bhan,uday.bhan@mailinator.com899,7864823665899,7894923645,13/04/1990,M,Single,PAN167694899,No,Behind Yaga Baba Hostel Baner,426194,KANPUR,India,579700,1340000,Mumbai,579000,2,1,30,12/06/2004,13/07/2006,Full Time,Uttar Pradesh State Board,Saraswati Vidya Mandir Kanpur,NA,92,10th,14/02/2007,25/03/2010,Full Time,Uttar Pradesh State Board,Radha Niketan College Kanpur,Electronics & Telecommunication,93,12th,14/03/2010,18/09/2014,Full Time,NITA,Motilal Nehru National Institute of Technology Allahabad,Electronics & Telecommunication,81,BE,20/07/2015,22/01/2018,Full Time,NITIE,NITIE Mumbai,Mining Engineering,87,ME,0,29/03/2017,19/09/2018,Full Time,Junior Technical Consultant,TCS,Manufacturing,AGRA,India,,,,,,,,,English,Good,Good,Good,Hindi,Good,Good,Good,Marathi,Good,Good,Good,Guddu,Software Engineer,London,8009800998,,,Naukri.com
88995,Major,Uday,Bhan,uday.bhan@mailinator.com900,7864823665900,7894923645,13/04/1990,M,Single,PAN167694900,No,Behind Yaga Baba Hostel Baner,426194,KANPUR,India,579700,1340000,Mumbai,579000,2,1,30,12/06/2004,13/07/2006,Full Time,Uttar Pradesh State Board,Saraswati Vidya Mandir Kanpur,NA,92,10th,14/02/2007,25/03/2010,Full Time,Uttar Pradesh State Board,Radha Niketan College Kanpur,Electronics & Telecommunication,93,12th,14/03/2010,18/09/2014,Full Time,NITA,Motilal Nehru National Institute of Technology Allahabad,Electronics & Telecommunication,81,BE,20/07/2015,22/01/2018,Full Time,NITIE,NITIE Mumbai,Mining Engineering,87,ME,0,29/03/2017,19/09/2018,Full Time,Junior Technical Consultant,TCS,Manufacturing,AGRA,India,,,,,,,,,English,Good,Good,Good,Hindi,Good,Good,Good,Marathi,Good,Good,Good,Guddu,Software Engineer,London,8009800998,,,Naukri.com
88995,Major,Uday,Bhan,uday.bhan@mailinator.com901,7864823665901,7894923645,13/04/1990,M,Single,PAN167694901,No,Behind Yaga Baba Hostel Baner,426194,KANPUR,India,579700,1340000,Mumbai,579000,2,1,30,12/06/2004,13/07/2006,Full Time,Uttar Pradesh State Board,Saraswati Vidya Mandir Kanpur,NA,92,10th,14/02/2007,25/03/2010,Full Time,Uttar Pradesh State Board,Radha Niketan College Kanpur,Electronics & Telecommunication,93,12th,14/03/2010,18/09/2014,Full Time,NITA,Motilal Nehru National Institute of Technology Allahabad,Electronics & Telecommunication,81,BE,20/07/2015,22/01/2018,Full Time,NITIE,NITIE Mumbai,Mining Engineering,87,ME,0,29/03/2017,19/09/2018,Full Time,Junior Technical Consultant,TCS,Manufacturing,AGRA,India,,,,,,,,,English,Good,Good,Good,Hindi,Good,Good,Good,Marathi,Good,Good,Good,Guddu,Software Engineer,London,8009800998,,,Naukri.com
88995,Major,Uday,Bhan,uday.bhan@mailinator.com902,7864823665902,7894923645,13/04/1990,M,Single,PAN167694902,No,Behind Yaga Baba Hostel Baner,426194,KANPUR,India,579700,1340000,Mumbai,579000,2,1,30,12/06/2004,13/07/2006,Full Time,Uttar Pradesh State Board,Saraswati Vidya Mandir Kanpur,NA,92,10th,14/02/2007,25/03/2010,Full Time,Uttar Pradesh State Board,Radha Niketan College Kanpur,Electronics & Telecommunication,93,12th,14/03/2010,18/09/2014,Full Time,NITA,Motilal Nehru National Institute of Technology Allahabad,Electronics & Telecommunication,81,BE,20/07/2015,22/01/2018,Full Time,NITIE,NITIE Mumbai,Mining Engineering,87,ME,0,29/03/2017,19/09/2018,Full Time,Junior Technical Consultant,TCS,Manufacturing,AGRA,India,,,,,,,,,English,Good,Good,Good,Hindi,Good,Good,Good,Marathi,Good,Good,Good,Guddu,Software Engineer,London,8009800998,,,Naukri.com
88995,Major,Uday,Bhan,uday.bhan@mailinator.com903,7864823665903,7894923645,13/04/1990,M,Single,PAN167694903,No,Behind Yaga Baba Hostel Baner,426194,KANPUR,India,579700,1340000,Mumbai,579000,2,1,30,12/06/2004,13/07/2006,Full Time,Uttar Pradesh State Board,Saraswati Vidya Mandir Kanpur,NA,92,10th,14/02/2007,25/03/2010,Full Time,Uttar Pradesh State Board,Radha Niketan College Kanpur,Electronics & Telecommunication,93,12th,14/03/2010,18/09/2014,Full Time,NITA,Motilal Nehru National Institute of Technology Allahabad,Electronics & Telecommunication,81,BE,20/07/2015,22/01/2018,Full Time,NITIE,NITIE Mumbai,Mining Engineering,87,ME,0,29/03/2017,19/09/2018,Full Time,Junior Technical Consultant,TCS,Manufacturing,AGRA,India,,,,,,,,,English,Good,Good,Good,Hindi,Good,Good,Good,Marathi,Good,Good,Good,Guddu,Software Engineer,London,8009800998,,,Naukri.com
88995,Major,Uday,Bhan,uday.bhan@mailinator.com904,7864823665904,7894923645,13/04/1990,M,Single,PAN167694904,No,Behind Yaga Baba Hostel Baner,426194,KANPUR,India,579700,1340000,Mumbai,579000,2,1,30,12/06/2004,13/07/2006,Full Time,Uttar Pradesh State Board,Saraswati Vidya Mandir Kanpur,NA,92,10th,14/02/2007,25/03/2010,Full Time,Uttar Pradesh State Board,Radha Niketan College Kanpur,Electronics & Telecommunication,93,12th,14/03/2010,18/09/2014,Full Time,NITA,Motilal Nehru National Institute of Technology Allahabad,Electronics & Telecommunication,81,BE,20/07/2015,22/01/2018,Full Time,NITIE,NITIE Mumbai,Mining Engineering,87,ME,0,29/03/2017,19/09/2018,Full Time,Junior Technical Consultant,TCS,Manufacturing,AGRA,India,,,,,,,,,English,Good,Good,Good,Hindi,Good,Good,Good,Marathi,Good,Good,Good,Guddu,Software Engineer,London,8009800998,,,Naukri.com
88995,Major,Uday,Bhan,uday.bhan@mailinator.com905,7864823665905,7894923645,13/04/1990,M,Single,PAN167694905,No,Behind Yaga Baba Hostel Baner,426194,KANPUR,India,579700,1340000,Mumbai,579000,2,1,30,12/06/2004,13/07/2006,Full Time,Uttar Pradesh State Board,Saraswati Vidya Mandir Kanpur,NA,92,10th,14/02/2007,25/03/2010,Full Time,Uttar Pradesh State Board,Radha Niketan College Kanpur,Electronics & Telecommunication,93,12th,14/03/2010,18/09/2014,Full Time,NITA,Motilal Nehru National Institute of Technology Allahabad,Electronics & Telecommunication,81,BE,20/07/2015,22/01/2018,Full Time,NITIE,NITIE Mumbai,Mining Engineering,87,ME,0,29/03/2017,19/09/2018,Full Time,Junior Technical Consultant,TCS,Manufacturing,AGRA,India,,,,,,,,,English,Good,Good,Good,Hindi,Good,Good,Good,Marathi,Good,Good,Good,Guddu,Software Engineer,London,8009800998,,,Naukri.com
88995,Major,Uday,Bhan,uday.bhan@mailinator.com906,7864823665906,7894923645,13/04/1990,M,Single,PAN167694906,No,Behind Yaga Baba Hostel Baner,426194,KANPUR,India,579700,1340000,Mumbai,579000,2,1,30,12/06/2004,13/07/2006,Full Time,Uttar Pradesh State Board,Saraswati Vidya Mandir Kanpur,NA,92,10th,14/02/2007,25/03/2010,Full Time,Uttar Pradesh State Board,Radha Niketan College Kanpur,Electronics & Telecommunication,93,12th,14/03/2010,18/09/2014,Full Time,NITA,Motilal Nehru National Institute of Technology Allahabad,Electronics & Telecommunication,81,BE,20/07/2015,22/01/2018,Full Time,NITIE,NITIE Mumbai,Mining Engineering,87,ME,0,29/03/2017,19/09/2018,Full Time,Junior Technical Consultant,TCS,Manufacturing,AGRA,India,,,,,,,,,English,Good,Good,Good,Hindi,Good,Good,Good,Marathi,Good,Good,Good,Guddu,Software Engineer,London,8009800998,,,Naukri.com
88995,Major,Uday,Bhan,uday.bhan@mailinator.com907,7864823665907,7894923645,13/04/1990,M,Single,PAN167694907,No,Behind Yaga Baba Hostel Baner,426194,KANPUR,India,579700,1340000,Mumbai,579000,2,1,30,12/06/2004,13/07/2006,Full Time,Uttar Pradesh State Board,Saraswati Vidya Mandir Kanpur,NA,92,10th,14/02/2007,25/03/2010,Full Time,Uttar Pradesh State Board,Radha Niketan College Kanpur,Electronics & Telecommunication,93,12th,14/03/2010,18/09/2014,Full Time,NITA,Motilal Nehru National Institute of Technology Allahabad,Electronics & Telecommunication,81,BE,20/07/2015,22/01/2018,Full Time,NITIE,NITIE Mumbai,Mining Engineering,87,ME,0,29/03/2017,19/09/2018,Full Time,Junior Technical Consultant,TCS,Manufacturing,AGRA,India,,,,,,,,,English,Good,Good,Good,Hindi,Good,Good,Good,Marathi,Good,Good,Good,Guddu,Software Engineer,London,8009800998,,,Naukri.com
88995,Major,Uday,Bhan,uday.bhan@mailinator.com908,7864823665908,7894923645,13/04/1990,M,Single,PAN167694908,No,Behind Yaga Baba Hostel Baner,426194,KANPUR,India,579700,1340000,Mumbai,579000,2,1,30,12/06/2004,13/07/2006,Full Time,Uttar Pradesh State Board,Saraswati Vidya Mandir Kanpur,NA,92,10th,14/02/2007,25/03/2010,Full Time,Uttar Pradesh State Board,Radha Niketan College Kanpur,Electronics & Telecommunication,93,12th,14/03/2010,18/09/2014,Full Time,NITA,Motilal Nehru National Institute of Technology Allahabad,Electronics & Telecommunication,81,BE,20/07/2015,22/01/2018,Full Time,NITIE,NITIE Mumbai,Mining Engineering,87,ME,0,29/03/2017,19/09/2018,Full Time,Junior Technical Consultant,TCS,Manufacturing,AGRA,India,,,,,,,,,English,Good,Good,Good,Hindi,Good,Good,Good,Marathi,Good,Good,Good,Guddu,Software Engineer,London,8009800998,,,Naukri.com
88995,Major,Uday,Bhan,uday.bhan@mailinator.com909,7864823665909,7894923645,13/04/1990,M,Single,PAN167694909,No,Behind Yaga Baba Hostel Baner,426194,KANPUR,India,579700,1340000,Mumbai,579000,2,1,30,12/06/2004,13/07/2006,Full Time,Uttar Pradesh State Board,Saraswati Vidya Mandir Kanpur,NA,92,10th,14/02/2007,25/03/2010,Full Time,Uttar Pradesh State Board,Radha Niketan College Kanpur,Electronics & Telecommunication,93,12th,14/03/2010,18/09/2014,Full Time,NITA,Motilal Nehru National Institute of Technology Allahabad,Electronics & Telecommunication,81,BE,20/07/2015,22/01/2018,Full Time,NITIE,NITIE Mumbai,Mining Engineering,87,ME,0,29/03/2017,19/09/2018,Full Time,Junior Technical Consultant,TCS,Manufacturing,AGRA,India,,,,,,,,,English,Good,Good,Good,Hindi,Good,Good,Good,Marathi,Good,Good,Good,Guddu,Software Engineer,London,8009800998,,,Naukri.com
88995,Major,Uday,Bhan,uday.bhan@mailinator.com910,7864823665910,7894923645,13/04/1990,M,Single,PAN167694910,No,Behind Yaga Baba Hostel Baner,426194,KANPUR,India,579700,1340000,Mumbai,579000,2,1,30,12/06/2004,13/07/2006,Full Time,Uttar Pradesh State Board,Saraswati Vidya Mandir Kanpur,NA,92,10th,14/02/2007,25/03/2010,Full Time,Uttar Pradesh State Board,Radha Niketan College Kanpur,Electronics & Telecommunication,93,12th,14/03/2010,18/09/2014,Full Time,NITA,Motilal Nehru National Institute of Technology Allahabad,Electronics & Telecommunication,81,BE,20/07/2015,22/01/2018,Full Time,NITIE,NITIE Mumbai,Mining Engineering,87,ME,0,29/03/2017,19/09/2018,Full Time,Junior Technical Consultant,TCS,Manufacturing,AGRA,India,,,,,,,,,English,Good,Good,Good,Hindi,Good,Good,Good,Marathi,Good,Good,Good,Guddu,Software Engineer,London,8009800998,,,Naukri.com
88995,Major,Uday,Bhan,uday.bhan@mailinator.com911,7864823665911,7894923645,13/04/1990,M,Single,PAN167694911,No,Behind Yaga Baba Hostel Baner,426194,KANPUR,India,579700,1340000,Mumbai,579000,2,1,30,12/06/2004,13/07/2006,Full Time,Uttar Pradesh State Board,Saraswati Vidya Mandir Kanpur,NA,92,10th,14/02/2007,25/03/2010,Full Time,Uttar Pradesh State Board,Radha Niketan College Kanpur,Electronics & Telecommunication,93,12th,14/03/2010,18/09/2014,Full Time,NITA,Motilal Nehru National Institute of Technology Allahabad,Electronics & Telecommunication,81,BE,20/07/2015,22/01/2018,Full Time,NITIE,NITIE Mumbai,Mining Engineering,87,ME,0,29/03/2017,19/09/2018,Full Time,Junior Technical Consultant,TCS,Manufacturing,AGRA,India,,,,,,,,,English,Good,Good,Good,Hindi,Good,Good,Good,Marathi,Good,Good,Good,Guddu,Software Engineer,London,8009800998,,,Naukri.com
88995,Major,Uday,Bhan,uday.bhan@mailinator.com912,7864823665912,7894923645,13/04/1990,M,Single,PAN167694912,No,Behind Yaga Baba Hostel Baner,426194,KANPUR,India,579700,1340000,Mumbai,579000,2,1,30,12/06/2004,13/07/2006,Full Time,Uttar Pradesh State Board,Saraswati Vidya Mandir Kanpur,NA,92,10th,14/02/2007,25/03/2010,Full Time,Uttar Pradesh State Board,Radha Niketan College Kanpur,Electronics & Telecommunication,93,12th,14/03/2010,18/09/2014,Full Time,NITA,Motilal Nehru National Institute of Technology Allahabad,Electronics & Telecommunication,81,BE,20/07/2015,22/01/2018,Full Time,NITIE,NITIE Mumbai,Mining Engineering,87,ME,0,29/03/2017,19/09/2018,Full Time,Junior Technical Consultant,TCS,Manufacturing,AGRA,India,,,,,,,,,English,Good,Good,Good,Hindi,Good,Good,Good,Marathi,Good,Good,Good,Guddu,Software Engineer,London,8009800998,,,Naukri.com
88995,Major,Uday,Bhan,uday.bhan@mailinator.com913,7864823665913,7894923645,13/04/1990,M,Single,PAN167694913,No,Behind Yaga Baba Hostel Baner,426194,KANPUR,India,579700,1340000,Mumbai,579000,2,1,30,12/06/2004,13/07/2006,Full Time,Uttar Pradesh State Board,Saraswati Vidya Mandir Kanpur,NA,92,10th,14/02/2007,25/03/2010,Full Time,Uttar Pradesh State Board,Radha Niketan College Kanpur,Electronics & Telecommunication,93,12th,14/03/2010,18/09/2014,Full Time,NITA,Motilal Nehru National Institute of Technology Allahabad,Electronics & Telecommunication,81,BE,20/07/2015,22/01/2018,Full Time,NITIE,NITIE Mumbai,Mining Engineering,87,ME,0,29/03/2017,19/09/2018,Full Time,Junior Technical Consultant,TCS,Manufacturing,AGRA,India,,,,,,,,,English,Good,Good,Good,Hindi,Good,Good,Good,Marathi,Good,Good,Good,Guddu,Software Engineer,London,8009800998,,,Naukri.com
88995,Major,Uday,Bhan,uday.bhan@mailinator.com914,7864823665914,7894923645,13/04/1990,M,Single,PAN167694914,No,Behind Yaga Baba Hostel Baner,426194,KANPUR,India,579700,1340000,Mumbai,579000,2,1,30,12/06/2004,13/07/2006,Full Time,Uttar Pradesh State Board,Saraswati Vidya Mandir Kanpur,NA,92,10th,14/02/2007,25/03/2010,Full Time,Uttar Pradesh State Board,Radha Niketan College Kanpur,Electronics & Telecommunication,93,12th,14/03/2010,18/09/2014,Full Time,NITA,Motilal Nehru National Institute of Technology Allahabad,Electronics & Telecommunication,81,BE,20/07/2015,22/01/2018,Full Time,NITIE,NITIE Mumbai,Mining Engineering,87,ME,0,29/03/2017,19/09/2018,Full Time,Junior Technical Consultant,TCS,Manufacturing,AGRA,India,,,,,,,,,English,Good,Good,Good,Hindi,Good,Good,Good,Marathi,Good,Good,Good,Guddu,Software Engineer,London,8009800998,,,Naukri.com
88995,Major,Uday,Bhan,uday.bhan@mailinator.com915,7864823665915,7894923645,13/04/1990,M,Single,PAN167694915,No,Behind Yaga Baba Hostel Baner,426194,KANPUR,India,579700,1340000,Mumbai,579000,2,1,30,12/06/2004,13/07/2006,Full Time,Uttar Pradesh State Board,Saraswati Vidya Mandir Kanpur,NA,92,10th,14/02/2007,25/03/2010,Full Time,Uttar Pradesh State Board,Radha Niketan College Kanpur,Electronics & Telecommunication,93,12th,14/03/2010,18/09/2014,Full Time,NITA,Motilal Nehru National Institute of Technology Allahabad,Electronics & Telecommunication,81,BE,20/07/2015,22/01/2018,Full Time,NITIE,NITIE Mumbai,Mining Engineering,87,ME,0,29/03/2017,19/09/2018,Full Time,Junior Technical Consultant,TCS,Manufacturing,AGRA,India,,,,,,,,,English,Good,Good,Good,Hindi,Good,Good,Good,Marathi,Good,Good,Good,Guddu,Software Engineer,London,8009800998,,,Naukri.com
88995,Major,Uday,Bhan,uday.bhan@mailinator.com916,7864823665916,7894923645,13/04/1990,M,Single,PAN167694916,No,Behind Yaga Baba Hostel Baner,426194,KANPUR,India,579700,1340000,Mumbai,579000,2,1,30,12/06/2004,13/07/2006,Full Time,Uttar Pradesh State Board,Saraswati Vidya Mandir Kanpur,NA,92,10th,14/02/2007,25/03/2010,Full Time,Uttar Pradesh State Board,Radha Niketan College Kanpur,Electronics & Telecommunication,93,12th,14/03/2010,18/09/2014,Full Time,NITA,Motilal Nehru National Institute of Technology Allahabad,Electronics & Telecommunication,81,BE,20/07/2015,22/01/2018,Full Time,NITIE,NITIE Mumbai,Mining Engineering,87,ME,0,29/03/2017,19/09/2018,Full Time,Junior Technical Consultant,TCS,Manufacturing,AGRA,India,,,,,,,,,English,Good,Good,Good,Hindi,Good,Good,Good,Marathi,Good,Good,Good,Guddu,Software Engineer,London,8009800998,,,Naukri.com
88995,Major,Uday,Bhan,uday.bhan@mailinator.com917,7864823665917,7894923645,13/04/1990,M,Single,PAN167694917,No,Behind Yaga Baba Hostel Baner,426194,KANPUR,India,579700,1340000,Mumbai,579000,2,1,30,12/06/2004,13/07/2006,Full Time,Uttar Pradesh State Board,Saraswati Vidya Mandir Kanpur,NA,92,10th,14/02/2007,25/03/2010,Full Time,Uttar Pradesh State Board,Radha Niketan College Kanpur,Electronics & Telecommunication,93,12th,14/03/2010,18/09/2014,Full Time,NITA,Motilal Nehru National Institute of Technology Allahabad,Electronics & Telecommunication,81,BE,20/07/2015,22/01/2018,Full Time,NITIE,NITIE Mumbai,Mining Engineering,87,ME,0,29/03/2017,19/09/2018,Full Time,Junior Technical Consultant,TCS,Manufacturing,AGRA,India,,,,,,,,,English,Good,Good,Good,Hindi,Good,Good,Good,Marathi,Good,Good,Good,Guddu,Software Engineer,London,8009800998,,,Naukri.com
88995,Major,Uday,Bhan,uday.bhan@mailinator.com918,7864823665918,7894923645,13/04/1990,M,Single,PAN167694918,No,Behind Yaga Baba Hostel Baner,426194,KANPUR,India,579700,1340000,Mumbai,579000,2,1,30,12/06/2004,13/07/2006,Full Time,Uttar Pradesh State Board,Saraswati Vidya Mandir Kanpur,NA,92,10th,14/02/2007,25/03/2010,Full Time,Uttar Pradesh State Board,Radha Niketan College Kanpur,Electronics & Telecommunication,93,12th,14/03/2010,18/09/2014,Full Time,NITA,Motilal Nehru National Institute of Technology Allahabad,Electronics & Telecommunication,81,BE,20/07/2015,22/01/2018,Full Time,NITIE,NITIE Mumbai,Mining Engineering,87,ME,0,29/03/2017,19/09/2018,Full Time,Junior Technical Consultant,TCS,Manufacturing,AGRA,India,,,,,,,,,English,Good,Good,Good,Hindi,Good,Good,Good,Marathi,Good,Good,Good,Guddu,Software Engineer,London,8009800998,,,Naukri.com
88995,Major,Uday,Bhan,uday.bhan@mailinator.com919,7864823665919,7894923645,13/04/1990,M,Single,PAN167694919,No,Behind Yaga Baba Hostel Baner,426194,KANPUR,India,579700,1340000,Mumbai,579000,2,1,30,12/06/2004,13/07/2006,Full Time,Uttar Pradesh State Board,Saraswati Vidya Mandir Kanpur,NA,92,10th,14/02/2007,25/03/2010,Full Time,Uttar Pradesh State Board,Radha Niketan College Kanpur,Electronics & Telecommunication,93,12th,14/03/2010,18/09/2014,Full Time,NITA,Motilal Nehru National Institute of Technology Allahabad,Electronics & Telecommunication,81,BE,20/07/2015,22/01/2018,Full Time,NITIE,NITIE Mumbai,Mining Engineering,87,ME,0,29/03/2017,19/09/2018,Full Time,Junior Technical Consultant,TCS,Manufacturing,AGRA,India,,,,,,,,,English,Good,Good,Good,Hindi,Good,Good,Good,Marathi,Good,Good,Good,Guddu,Software Engineer,London,8009800998,,,Naukri.com
88995,Major,Uday,Bhan,uday.bhan@mailinator.com920,7864823665920,7894923645,13/04/1990,M,Single,PAN167694920,No,Behind Yaga Baba Hostel Baner,426194,KANPUR,India,579700,1340000,Mumbai,579000,2,1,30,12/06/2004,13/07/2006,Full Time,Uttar Pradesh State Board,Saraswati Vidya Mandir Kanpur,NA,92,10th,14/02/2007,25/03/2010,Full Time,Uttar Pradesh State Board,Radha Niketan College Kanpur,Electronics & Telecommunication,93,12th,14/03/2010,18/09/2014,Full Time,NITA,Motilal Nehru National Institute of Technology Allahabad,Electronics & Telecommunication,81,BE,20/07/2015,22/01/2018,Full Time,NITIE,NITIE Mumbai,Mining Engineering,87,ME,0,29/03/2017,19/09/2018,Full Time,Junior Technical Consultant,TCS,Manufacturing,AGRA,India,,,,,,,,,English,Good,Good,Good,Hindi,Good,Good,Good,Marathi,Good,Good,Good,Guddu,Software Engineer,London,8009800998,,,Naukri.com
88995,Major,Uday,Bhan,uday.bhan@mailinator.com921,7864823665921,7894923645,13/04/1990,M,Single,PAN167694921,No,Behind Yaga Baba Hostel Baner,426194,KANPUR,India,579700,1340000,Mumbai,579000,2,1,30,12/06/2004,13/07/2006,Full Time,Uttar Pradesh State Board,Saraswati Vidya Mandir Kanpur,NA,92,10th,14/02/2007,25/03/2010,Full Time,Uttar Pradesh State Board,Radha Niketan College Kanpur,Electronics & Telecommunication,93,12th,14/03/2010,18/09/2014,Full Time,NITA,Motilal Nehru National Institute of Technology Allahabad,Electronics & Telecommunication,81,BE,20/07/2015,22/01/2018,Full Time,NITIE,NITIE Mumbai,Mining Engineering,87,ME,0,29/03/2017,19/09/2018,Full Time,Junior Technical Consultant,TCS,Manufacturing,AGRA,India,,,,,,,,,English,Good,Good,Good,Hindi,Good,Good,Good,Marathi,Good,Good,Good,Guddu,Software Engineer,London,8009800998,,,Naukri.com
88995,Major,Uday,Bhan,uday.bhan@mailinator.com922,7864823665922,7894923645,13/04/1990,M,Single,PAN167694922,No,Behind Yaga Baba Hostel Baner,426194,KANPUR,India,579700,1340000,Mumbai,579000,2,1,30,12/06/2004,13/07/2006,Full Time,Uttar Pradesh State Board,Saraswati Vidya Mandir Kanpur,NA,92,10th,14/02/2007,25/03/2010,Full Time,Uttar Pradesh State Board,Radha Niketan College Kanpur,Electronics & Telecommunication,93,12th,14/03/2010,18/09/2014,Full Time,NITA,Motilal Nehru National Institute of Technology Allahabad,Electronics & Telecommunication,81,BE,20/07/2015,22/01/2018,Full Time,NITIE,NITIE Mumbai,Mining Engineering,87,ME,0,29/03/2017,19/09/2018,Full Time,Junior Technical Consultant,TCS,Manufacturing,AGRA,India,,,,,,,,,English,Good,Good,Good,Hindi,Good,Good,Good,Marathi,Good,Good,Good,Guddu,Software Engineer,London,8009800998,,,Naukri.com
88995,Major,Uday,Bhan,uday.bhan@mailinator.com923,7864823665923,7894923645,13/04/1990,M,Single,PAN167694923,No,Behind Yaga Baba Hostel Baner,426194,KANPUR,India,579700,1340000,Mumbai,579000,2,1,30,12/06/2004,13/07/2006,Full Time,Uttar Pradesh State Board,Saraswati Vidya Mandir Kanpur,NA,92,10th,14/02/2007,25/03/2010,Full Time,Uttar Pradesh State Board,Radha Niketan College Kanpur,Electronics & Telecommunication,93,12th,14/03/2010,18/09/2014,Full Time,NITA,Motilal Nehru National Institute of Technology Allahabad,Electronics & Telecommunication,81,BE,20/07/2015,22/01/2018,Full Time,NITIE,NITIE Mumbai,Mining Engineering,87,ME,0,29/03/2017,19/09/2018,Full Time,Junior Technical Consultant,TCS,Manufacturing,AGRA,India,,,,,,,,,English,Good,Good,Good,Hindi,Good,Good,Good,Marathi,Good,Good,Good,Guddu,Software Engineer,London,8009800998,,,Naukri.com
88995,Major,Uday,Bhan,uday.bhan@mailinator.com924,7864823665924,7894923645,13/04/1990,M,Single,PAN167694924,No,Behind Yaga Baba Hostel Baner,426194,KANPUR,India,579700,1340000,Mumbai,579000,2,1,30,12/06/2004,13/07/2006,Full Time,Uttar Pradesh State Board,Saraswati Vidya Mandir Kanpur,NA,92,10th,14/02/2007,25/03/2010,Full Time,Uttar Pradesh State Board,Radha Niketan College Kanpur,Electronics & Telecommunication,93,12th,14/03/2010,18/09/2014,Full Time,NITA,Motilal Nehru National Institute of Technology Allahabad,Electronics & Telecommunication,81,BE,20/07/2015,22/01/2018,Full Time,NITIE,NITIE Mumbai,Mining Engineering,87,ME,0,29/03/2017,19/09/2018,Full Time,Junior Technical Consultant,TCS,Manufacturing,AGRA,India,,,,,,,,,English,Good,Good,Good,Hindi,Good,Good,Good,Marathi,Good,Good,Good,Guddu,Software Engineer,London,8009800998,,,Naukri.com
88995,Major,Uday,Bhan,uday.bhan@mailinator.com925,7864823665925,7894923645,13/04/1990,M,Single,PAN167694925,No,Behind Yaga Baba Hostel Baner,426194,KANPUR,India,579700,1340000,Mumbai,579000,2,1,30,12/06/2004,13/07/2006,Full Time,Uttar Pradesh State Board,Saraswati Vidya Mandir Kanpur,NA,92,10th,14/02/2007,25/03/2010,Full Time,Uttar Pradesh State Board,Radha Niketan College Kanpur,Electronics & Telecommunication,93,12th,14/03/2010,18/09/2014,Full Time,NITA,Motilal Nehru National Institute of Technology Allahabad,Electronics & Telecommunication,81,BE,20/07/2015,22/01/2018,Full Time,NITIE,NITIE Mumbai,Mining Engineering,87,ME,0,29/03/2017,19/09/2018,Full Time,Junior Technical Consultant,TCS,Manufacturing,AGRA,India,,,,,,,,,English,Good,Good,Good,Hindi,Good,Good,Good,Marathi,Good,Good,Good,Guddu,Software Engineer,London,8009800998,,,Naukri.com
88995,Major,Uday,Bhan,uday.bhan@mailinator.com926,7864823665926,7894923645,13/04/1990,M,Single,PAN167694926,No,Behind Yaga Baba Hostel Baner,426194,KANPUR,India,579700,1340000,Mumbai,579000,2,1,30,12/06/2004,13/07/2006,Full Time,Uttar Pradesh State Board,Saraswati Vidya Mandir Kanpur,NA,92,10th,14/02/2007,25/03/2010,Full Time,Uttar Pradesh State Board,Radha Niketan College Kanpur,Electronics & Telecommunication,93,12th,14/03/2010,18/09/2014,Full Time,NITA,Motilal Nehru National Institute of Technology Allahabad,Electronics & Telecommunication,81,BE,20/07/2015,22/01/2018,Full Time,NITIE,NITIE Mumbai,Mining Engineering,87,ME,0,29/03/2017,19/09/2018,Full Time,Junior Technical Consultant,TCS,Manufacturing,AGRA,India,,,,,,,,,English,Good,Good,Good,Hindi,Good,Good,Good,Marathi,Good,Good,Good,Guddu,Software Engineer,London,8009800998,,,Naukri.com
88995,Major,Uday,Bhan,uday.bhan@mailinator.com927,7864823665927,7894923645,13/04/1990,M,Single,PAN167694927,No,Behind Yaga Baba Hostel Baner,426194,KANPUR,India,579700,1340000,Mumbai,579000,2,1,30,12/06/2004,13/07/2006,Full Time,Uttar Pradesh State Board,Saraswati Vidya Mandir Kanpur,NA,92,10th,14/02/2007,25/03/2010,Full Time,Uttar Pradesh State Board,Radha Niketan College Kanpur,Electronics & Telecommunication,93,12th,14/03/2010,18/09/2014,Full Time,NITA,Motilal Nehru National Institute of Technology Allahabad,Electronics & Telecommunication,81,BE,20/07/2015,22/01/2018,Full Time,NITIE,NITIE Mumbai,Mining Engineering,87,ME,0,29/03/2017,19/09/2018,Full Time,Junior Technical Consultant,TCS,Manufacturing,AGRA,India,,,,,,,,,English,Good,Good,Good,Hindi,Good,Good,Good,Marathi,Good,Good,Good,Guddu,Software Engineer,London,8009800998,,,Naukri.com
88995,Major,Uday,Bhan,uday.bhan@mailinator.com928,7864823665928,7894923645,13/04/1990,M,Single,PAN167694928,No,Behind Yaga Baba Hostel Baner,426194,KANPUR,India,579700,1340000,Mumbai,579000,2,1,30,12/06/2004,13/07/2006,Full Time,Uttar Pradesh State Board,Saraswati Vidya Mandir Kanpur,NA,92,10th,14/02/2007,25/03/2010,Full Time,Uttar Pradesh State Board,Radha Niketan College Kanpur,Electronics & Telecommunication,93,12th,14/03/2010,18/09/2014,Full Time,NITA,Motilal Nehru National Institute of Technology Allahabad,Electronics & Telecommunication,81,BE,20/07/2015,22/01/2018,Full Time,NITIE,NITIE Mumbai,Mining Engineering,87,ME,0,29/03/2017,19/09/2018,Full Time,Junior Technical Consultant,TCS,Manufacturing,AGRA,India,,,,,,,,,English,Good,Good,Good,Hindi,Good,Good,Good,Marathi,Good,Good,Good,Guddu,Software Engineer,London,8009800998,,,Naukri.com
88995,Major,Uday,Bhan,uday.bhan@mailinator.com929,7864823665929,7894923645,13/04/1990,M,Single,PAN167694929,No,Behind Yaga Baba Hostel Baner,426194,KANPUR,India,579700,1340000,Mumbai,579000,2,1,30,12/06/2004,13/07/2006,Full Time,Uttar Pradesh State Board,Saraswati Vidya Mandir Kanpur,NA,92,10th,14/02/2007,25/03/2010,Full Time,Uttar Pradesh State Board,Radha Niketan College Kanpur,Electronics & Telecommunication,93,12th,14/03/2010,18/09/2014,Full Time,NITA,Motilal Nehru National Institute of Technology Allahabad,Electronics & Telecommunication,81,BE,20/07/2015,22/01/2018,Full Time,NITIE,NITIE Mumbai,Mining Engineering,87,ME,0,29/03/2017,19/09/2018,Full Time,Junior Technical Consultant,TCS,Manufacturing,AGRA,India,,,,,,,,,English,Good,Good,Good,Hindi,Good,Good,Good,Marathi,Good,Good,Good,Guddu,Software Engineer,London,8009800998,,,Naukri.com
88995,Major,Uday,Bhan,uday.bhan@mailinator.com930,7864823665930,7894923645,13/04/1990,M,Single,PAN167694930,No,Behind Yaga Baba Hostel Baner,426194,KANPUR,India,579700,1340000,Mumbai,579000,2,1,30,12/06/2004,13/07/2006,Full Time,Uttar Pradesh State Board,Saraswati Vidya Mandir Kanpur,NA,92,10th,14/02/2007,25/03/2010,Full Time,Uttar Pradesh State Board,Radha Niketan College Kanpur,Electronics & Telecommunication,93,12th,14/03/2010,18/09/2014,Full Time,NITA,Motilal Nehru National Institute of Technology Allahabad,Electronics & Telecommunication,81,BE,20/07/2015,22/01/2018,Full Time,NITIE,NITIE Mumbai,Mining Engineering,87,ME,0,29/03/2017,19/09/2018,Full Time,Junior Technical Consultant,TCS,Manufacturing,AGRA,India,,,,,,,,,English,Good,Good,Good,Hindi,Good,Good,Good,Marathi,Good,Good,Good,Guddu,Software Engineer,London,8009800998,,,Naukri.com
88995,Major,Uday,Bhan,uday.bhan@mailinator.com931,7864823665931,7894923645,13/04/1990,M,Single,PAN167694931,No,Behind Yaga Baba Hostel Baner,426194,KANPUR,India,579700,1340000,Mumbai,579000,2,1,30,12/06/2004,13/07/2006,Full Time,Uttar Pradesh State Board,Saraswati Vidya Mandir Kanpur,NA,92,10th,14/02/2007,25/03/2010,Full Time,Uttar Pradesh State Board,Radha Niketan College Kanpur,Electronics & Telecommunication,93,12th,14/03/2010,18/09/2014,Full Time,NITA,Motilal Nehru National Institute of Technology Allahabad,Electronics & Telecommunication,81,BE,20/07/2015,22/01/2018,Full Time,NITIE,NITIE Mumbai,Mining Engineering,87,ME,0,29/03/2017,19/09/2018,Full Time,Junior Technical Consultant,TCS,Manufacturing,AGRA,India,,,,,,,,,English,Good,Good,Good,Hindi,Good,Good,Good,Marathi,Good,Good,Good,Guddu,Software Engineer,London,8009800998,,,Naukri.com
88995,Major,Uday,Bhan,uday.bhan@mailinator.com932,7864823665932,7894923645,13/04/1990,M,Single,PAN167694932,No,Behind Yaga Baba Hostel Baner,426194,KANPUR,India,579700,1340000,Mumbai,579000,2,1,30,12/06/2004,13/07/2006,Full Time,Uttar Pradesh State Board,Saraswati Vidya Mandir Kanpur,NA,92,10th,14/02/2007,25/03/2010,Full Time,Uttar Pradesh State Board,Radha Niketan College Kanpur,Electronics & Telecommunication,93,12th,14/03/2010,18/09/2014,Full Time,NITA,Motilal Nehru National Institute of Technology Allahabad,Electronics & Telecommunication,81,BE,20/07/2015,22/01/2018,Full Time,NITIE,NITIE Mumbai,Mining Engineering,87,ME,0,29/03/2017,19/09/2018,Full Time,Junior Technical Consultant,TCS,Manufacturing,AGRA,India,,,,,,,,,English,Good,Good,Good,Hindi,Good,Good,Good,Marathi,Good,Good,Good,Guddu,Software Engineer,London,8009800998,,,Naukri.com
88995,Major,Uday,Bhan,uday.bhan@mailinator.com933,7864823665933,7894923645,13/04/1990,M,Single,PAN167694933,No,Behind Yaga Baba Hostel Baner,426194,KANPUR,India,579700,1340000,Mumbai,579000,2,1,30,12/06/2004,13/07/2006,Full Time,Uttar Pradesh State Board,Saraswati Vidya Mandir Kanpur,NA,92,10th,14/02/2007,25/03/2010,Full Time,Uttar Pradesh State Board,Radha Niketan College Kanpur,Electronics & Telecommunication,93,12th,14/03/2010,18/09/2014,Full Time,NITA,Motilal Nehru National Institute of Technology Allahabad,Electronics & Telecommunication,81,BE,20/07/2015,22/01/2018,Full Time,NITIE,NITIE Mumbai,Mining Engineering,87,ME,0,29/03/2017,19/09/2018,Full Time,Junior Technical Consultant,TCS,Manufacturing,AGRA,India,,,,,,,,,English,Good,Good,Good,Hindi,Good,Good,Good,Marathi,Good,Good,Good,Guddu,Software Engineer,London,8009800998,,,Naukri.com
88995,Major,Uday,Bhan,uday.bhan@mailinator.com934,7864823665934,7894923645,13/04/1990,M,Single,PAN167694934,No,Behind Yaga Baba Hostel Baner,426194,KANPUR,India,579700,1340000,Mumbai,579000,2,1,30,12/06/2004,13/07/2006,Full Time,Uttar Pradesh State Board,Saraswati Vidya Mandir Kanpur,NA,92,10th,14/02/2007,25/03/2010,Full Time,Uttar Pradesh State Board,Radha Niketan College Kanpur,Electronics & Telecommunication,93,12th,14/03/2010,18/09/2014,Full Time,NITA,Motilal Nehru National Institute of Technology Allahabad,Electronics & Telecommunication,81,BE,20/07/2015,22/01/2018,Full Time,NITIE,NITIE Mumbai,Mining Engineering,87,ME,0,29/03/2017,19/09/2018,Full Time,Junior Technical Consultant,TCS,Manufacturing,AGRA,India,,,,,,,,,English,Good,Good,Good,Hindi,Good,Good,Good,Marathi,Good,Good,Good,Guddu,Software Engineer,London,8009800998,,,Naukri.com
88995,Major,Uday,Bhan,uday.bhan@mailinator.com935,7864823665935,7894923645,13/04/1990,M,Single,PAN167694935,No,Behind Yaga Baba Hostel Baner,426194,KANPUR,India,579700,1340000,Mumbai,579000,2,1,30,12/06/2004,13/07/2006,Full Time,Uttar Pradesh State Board,Saraswati Vidya Mandir Kanpur,NA,92,10th,14/02/2007,25/03/2010,Full Time,Uttar Pradesh State Board,Radha Niketan College Kanpur,Electronics & Telecommunication,93,12th,14/03/2010,18/09/2014,Full Time,NITA,Motilal Nehru National Institute of Technology Allahabad,Electronics & Telecommunication,81,BE,20/07/2015,22/01/2018,Full Time,NITIE,NITIE Mumbai,Mining Engineering,87,ME,0,29/03/2017,19/09/2018,Full Time,Junior Technical Consultant,TCS,Manufacturing,AGRA,India,,,,,,,,,English,Good,Good,Good,Hindi,Good,Good,Good,Marathi,Good,Good,Good,Guddu,Software Engineer,London,8009800998,,,Naukri.com
88995,Major,Uday,Bhan,uday.bhan@mailinator.com936,7864823665936,7894923645,13/04/1990,M,Single,PAN167694936,No,Behind Yaga Baba Hostel Baner,426194,KANPUR,India,579700,1340000,Mumbai,579000,2,1,30,12/06/2004,13/07/2006,Full Time,Uttar Pradesh State Board,Saraswati Vidya Mandir Kanpur,NA,92,10th,14/02/2007,25/03/2010,Full Time,Uttar Pradesh State Board,Radha Niketan College Kanpur,Electronics & Telecommunication,93,12th,14/03/2010,18/09/2014,Full Time,NITA,Motilal Nehru National Institute of Technology Allahabad,Electronics & Telecommunication,81,BE,20/07/2015,22/01/2018,Full Time,NITIE,NITIE Mumbai,Mining Engineering,87,ME,0,29/03/2017,19/09/2018,Full Time,Junior Technical Consultant,TCS,Manufacturing,AGRA,India,,,,,,,,,English,Good,Good,Good,Hindi,Good,Good,Good,Marathi,Good,Good,Good,Guddu,Software Engineer,London,8009800998,,,Naukri.com
88995,Major,Uday,Bhan,uday.bhan@mailinator.com937,7864823665937,7894923645,13/04/1990,M,Single,PAN167694937,No,Behind Yaga Baba Hostel Baner,426194,KANPUR,India,579700,1340000,Mumbai,579000,2,1,30,12/06/2004,13/07/2006,Full Time,Uttar Pradesh State Board,Saraswati Vidya Mandir Kanpur,NA,92,10th,14/02/2007,25/03/2010,Full Time,Uttar Pradesh State Board,Radha Niketan College Kanpur,Electronics & Telecommunication,93,12th,14/03/2010,18/09/2014,Full Time,NITA,Motilal Nehru National Institute of Technology Allahabad,Electronics & Telecommunication,81,BE,20/07/2015,22/01/2018,Full Time,NITIE,NITIE Mumbai,Mining Engineering,87,ME,0,29/03/2017,19/09/2018,Full Time,Junior Technical Consultant,TCS,Manufacturing,AGRA,India,,,,,,,,,English,Good,Good,Good,Hindi,Good,Good,Good,Marathi,Good,Good,Good,Guddu,Software Engineer,London,8009800998,,,Naukri.com
88995,Major,Uday,Bhan,uday.bhan@mailinator.com938,7864823665938,7894923645,13/04/1990,M,Single,PAN167694938,No,Behind Yaga Baba Hostel Baner,426194,KANPUR,India,579700,1340000,Mumbai,579000,2,1,30,12/06/2004,13/07/2006,Full Time,Uttar Pradesh State Board,Saraswati Vidya Mandir Kanpur,NA,92,10th,14/02/2007,25/03/2010,Full Time,Uttar Pradesh State Board,Radha Niketan College Kanpur,Electronics & Telecommunication,93,12th,14/03/2010,18/09/2014,Full Time,NITA,Motilal Nehru National Institute of Technology Allahabad,Electronics & Telecommunication,81,BE,20/07/2015,22/01/2018,Full Time,NITIE,NITIE Mumbai,Mining Engineering,87,ME,0,29/03/2017,19/09/2018,Full Time,Junior Technical Consultant,TCS,Manufacturing,AGRA,India,,,,,,,,,English,Good,Good,Good,Hindi,Good,Good,Good,Marathi,Good,Good,Good,Guddu,Software Engineer,London,8009800998,,,Naukri.com
88995,Major,Uday,Bhan,uday.bhan@mailinator.com939,7864823665939,7894923645,13/04/1990,M,Single,PAN167694939,No,Behind Yaga Baba Hostel Baner,426194,KANPUR,India,579700,1340000,Mumbai,579000,2,1,30,12/06/2004,13/07/2006,Full Time,Uttar Pradesh State Board,Saraswati Vidya Mandir Kanpur,NA,92,10th,14/02/2007,25/03/2010,Full Time,Uttar Pradesh State Board,Radha Niketan College Kanpur,Electronics & Telecommunication,93,12th,14/03/2010,18/09/2014,Full Time,NITA,Motilal Nehru National Institute of Technology Allahabad,Electronics & Telecommunication,81,BE,20/07/2015,22/01/2018,Full Time,NITIE,NITIE Mumbai,Mining Engineering,87,ME,0,29/03/2017,19/09/2018,Full Time,Junior Technical Consultant,TCS,Manufacturing,AGRA,India,,,,,,,,,English,Good,Good,Good,Hindi,Good,Good,Good,Marathi,Good,Good,Good,Guddu,Software Engineer,London,8009800998,,,Naukri.com
88995,Major,Uday,Bhan,uday.bhan@mailinator.com940,7864823665940,7894923645,13/04/1990,M,Single,PAN167694940,No,Behind Yaga Baba Hostel Baner,426194,KANPUR,India,579700,1340000,Mumbai,579000,2,1,30,12/06/2004,13/07/2006,Full Time,Uttar Pradesh State Board,Saraswati Vidya Mandir Kanpur,NA,92,10th,14/02/2007,25/03/2010,Full Time,Uttar Pradesh State Board,Radha Niketan College Kanpur,Electronics & Telecommunication,93,12th,14/03/2010,18/09/2014,Full Time,NITA,Motilal Nehru National Institute of Technology Allahabad,Electronics & Telecommunication,81,BE,20/07/2015,22/01/2018,Full Time,NITIE,NITIE Mumbai,Mining Engineering,87,ME,0,29/03/2017,19/09/2018,Full Time,Junior Technical Consultant,TCS,Manufacturing,AGRA,India,,,,,,,,,English,Good,Good,Good,Hindi,Good,Good,Good,Marathi,Good,Good,Good,Guddu,Software Engineer,London,8009800998,,,Naukri.com
88995,Major,Uday,Bhan,uday.bhan@mailinator.com941,7864823665941,7894923645,13/04/1990,M,Single,PAN167694941,No,Behind Yaga Baba Hostel Baner,426194,KANPUR,India,579700,1340000,Mumbai,579000,2,1,30,12/06/2004,13/07/2006,Full Time,Uttar Pradesh State Board,Saraswati Vidya Mandir Kanpur,NA,92,10th,14/02/2007,25/03/2010,Full Time,Uttar Pradesh State Board,Radha Niketan College Kanpur,Electronics & Telecommunication,93,12th,14/03/2010,18/09/2014,Full Time,NITA,Motilal Nehru National Institute of Technology Allahabad,Electronics & Telecommunication,81,BE,20/07/2015,22/01/2018,Full Time,NITIE,NITIE Mumbai,Mining Engineering,87,ME,0,29/03/2017,19/09/2018,Full Time,Junior Technical Consultant,TCS,Manufacturing,AGRA,India,,,,,,,,,English,Good,Good,Good,Hindi,Good,Good,Good,Marathi,Good,Good,Good,Guddu,Software Engineer,London,8009800998,,,Naukri.com
88995,Major,Uday,Bhan,uday.bhan@mailinator.com942,7864823665942,7894923645,13/04/1990,M,Single,PAN167694942,No,Behind Yaga Baba Hostel Baner,426194,KANPUR,India,579700,1340000,Mumbai,579000,2,1,30,12/06/2004,13/07/2006,Full Time,Uttar Pradesh State Board,Saraswati Vidya Mandir Kanpur,NA,92,10th,14/02/2007,25/03/2010,Full Time,Uttar Pradesh State Board,Radha Niketan College Kanpur,Electronics & Telecommunication,93,12th,14/03/2010,18/09/2014,Full Time,NITA,Motilal Nehru National Institute of Technology Allahabad,Electronics & Telecommunication,81,BE,20/07/2015,22/01/2018,Full Time,NITIE,NITIE Mumbai,Mining Engineering,87,ME,0,29/03/2017,19/09/2018,Full Time,Junior Technical Consultant,TCS,Manufacturing,AGRA,India,,,,,,,,,English,Good,Good,Good,Hindi,Good,Good,Good,Marathi,Good,Good,Good,Guddu,Software Engineer,London,8009800998,,,Naukri.com
88995,Major,Uday,Bhan,uday.bhan@mailinator.com943,7864823665943,7894923645,13/04/1990,M,Single,PAN167694943,No,Behind Yaga Baba Hostel Baner,426194,KANPUR,India,579700,1340000,Mumbai,579000,2,1,30,12/06/2004,13/07/2006,Full Time,Uttar Pradesh State Board,Saraswati Vidya Mandir Kanpur,NA,92,10th,14/02/2007,25/03/2010,Full Time,Uttar Pradesh State Board,Radha Niketan College Kanpur,Electronics & Telecommunication,93,12th,14/03/2010,18/09/2014,Full Time,NITA,Motilal Nehru National Institute of Technology Allahabad,Electronics & Telecommunication,81,BE,20/07/2015,22/01/2018,Full Time,NITIE,NITIE Mumbai,Mining Engineering,87,ME,0,29/03/2017,19/09/2018,Full Time,Junior Technical Consultant,TCS,Manufacturing,AGRA,India,,,,,,,,,English,Good,Good,Good,Hindi,Good,Good,Good,Marathi,Good,Good,Good,Guddu,Software Engineer,London,8009800998,,,Naukri.com
88995,Major,Uday,Bhan,uday.bhan@mailinator.com944,7864823665944,7894923645,13/04/1990,M,Single,PAN167694944,No,Behind Yaga Baba Hostel Baner,426194,KANPUR,India,579700,1340000,Mumbai,579000,2,1,30,12/06/2004,13/07/2006,Full Time,Uttar Pradesh State Board,Saraswati Vidya Mandir Kanpur,NA,92,10th,14/02/2007,25/03/2010,Full Time,Uttar Pradesh State Board,Radha Niketan College Kanpur,Electronics & Telecommunication,93,12th,14/03/2010,18/09/2014,Full Time,NITA,Motilal Nehru National Institute of Technology Allahabad,Electronics & Telecommunication,81,BE,20/07/2015,22/01/2018,Full Time,NITIE,NITIE Mumbai,Mining Engineering,87,ME,0,29/03/2017,19/09/2018,Full Time,Junior Technical Consultant,TCS,Manufacturing,AGRA,India,,,,,,,,,English,Good,Good,Good,Hindi,Good,Good,Good,Marathi,Good,Good,Good,Guddu,Software Engineer,London,8009800998,,,Naukri.com
88995,Major,Uday,Bhan,uday.bhan@mailinator.com945,7864823665945,7894923645,13/04/1990,M,Single,PAN167694945,No,Behind Yaga Baba Hostel Baner,426194,KANPUR,India,579700,1340000,Mumbai,579000,2,1,30,12/06/2004,13/07/2006,Full Time,Uttar Pradesh State Board,Saraswati Vidya Mandir Kanpur,NA,92,10th,14/02/2007,25/03/2010,Full Time,Uttar Pradesh State Board,Radha Niketan College Kanpur,Electronics & Telecommunication,93,12th,14/03/2010,18/09/2014,Full Time,NITA,Motilal Nehru National Institute of Technology Allahabad,Electronics & Telecommunication,81,BE,20/07/2015,22/01/2018,Full Time,NITIE,NITIE Mumbai,Mining Engineering,87,ME,0,29/03/2017,19/09/2018,Full Time,Junior Technical Consultant,TCS,Manufacturing,AGRA,India,,,,,,,,,English,Good,Good,Good,Hindi,Good,Good,Good,Marathi,Good,Good,Good,Guddu,Software Engineer,London,8009800998,,,Naukri.com
88995,Major,Uday,Bhan,uday.bhan@mailinator.com946,7864823665946,7894923645,13/04/1990,M,Single,PAN167694946,No,Behind Yaga Baba Hostel Baner,426194,KANPUR,India,579700,1340000,Mumbai,579000,2,1,30,12/06/2004,13/07/2006,Full Time,Uttar Pradesh State Board,Saraswati Vidya Mandir Kanpur,NA,92,10th,14/02/2007,25/03/2010,Full Time,Uttar Pradesh State Board,Radha Niketan College Kanpur,Electronics & Telecommunication,93,12th,14/03/2010,18/09/2014,Full Time,NITA,Motilal Nehru National Institute of Technology Allahabad,Electronics & Telecommunication,81,BE,20/07/2015,22/01/2018,Full Time,NITIE,NITIE Mumbai,Mining Engineering,87,ME,0,29/03/2017,19/09/2018,Full Time,Junior Technical Consultant,TCS,Manufacturing,AGRA,India,,,,,,,,,English,Good,Good,Good,Hindi,Good,Good,Good,Marathi,Good,Good,Good,Guddu,Software Engineer,London,8009800998,,,Naukri.com
88995,Major,Uday,Bhan,uday.bhan@mailinator.com947,7864823665947,7894923645,13/04/1990,M,Single,PAN167694947,No,Behind Yaga Baba Hostel Baner,426194,KANPUR,India,579700,1340000,Mumbai,579000,2,1,30,12/06/2004,13/07/2006,Full Time,Uttar Pradesh State Board,Saraswati Vidya Mandir Kanpur,NA,92,10th,14/02/2007,25/03/2010,Full Time,Uttar Pradesh State Board,Radha Niketan College Kanpur,Electronics & Telecommunication,93,12th,14/03/2010,18/09/2014,Full Time,NITA,Motilal Nehru National Institute of Technology Allahabad,Electronics & Telecommunication,81,BE,20/07/2015,22/01/2018,Full Time,NITIE,NITIE Mumbai,Mining Engineering,87,ME,0,29/03/2017,19/09/2018,Full Time,Junior Technical Consultant,TCS,Manufacturing,AGRA,India,,,,,,,,,English,Good,Good,Good,Hindi,Good,Good,Good,Marathi,Good,Good,Good,Guddu,Software Engineer,London,8009800998,,,Naukri.com
88995,Major,Uday,Bhan,uday.bhan@mailinator.com948,7864823665948,7894923645,13/04/1990,M,Single,PAN167694948,No,Behind Yaga Baba Hostel Baner,426194,KANPUR,India,579700,1340000,Mumbai,579000,2,1,30,12/06/2004,13/07/2006,Full Time,Uttar Pradesh State Board,Saraswati Vidya Mandir Kanpur,NA,92,10th,14/02/2007,25/03/2010,Full Time,Uttar Pradesh State Board,Radha Niketan College Kanpur,Electronics & Telecommunication,93,12th,14/03/2010,18/09/2014,Full Time,NITA,Motilal Nehru National Institute of Technology Allahabad,Electronics & Telecommunication,81,BE,20/07/2015,22/01/2018,Full Time,NITIE,NITIE Mumbai,Mining Engineering,87,ME,0,29/03/2017,19/09/2018,Full Time,Junior Technical Consultant,TCS,Manufacturing,AGRA,India,,,,,,,,,English,Good,Good,Good,Hindi,Good,Good,Good,Marathi,Good,Good,Good,Guddu,Software Engineer,London,8009800998,,,Naukri.com
88995,Major,Uday,Bhan,uday.bhan@mailinator.com949,7864823665949,7894923645,13/04/1990,M,Single,PAN167694949,No,Behind Yaga Baba Hostel Baner,426194,KANPUR,India,579700,1340000,Mumbai,579000,2,1,30,12/06/2004,13/07/2006,Full Time,Uttar Pradesh State Board,Saraswati Vidya Mandir Kanpur,NA,92,10th,14/02/2007,25/03/2010,Full Time,Uttar Pradesh State Board,Radha Niketan College Kanpur,Electronics & Telecommunication,93,12th,14/03/2010,18/09/2014,Full Time,NITA,Motilal Nehru National Institute of Technology Allahabad,Electronics & Telecommunication,81,BE,20/07/2015,22/01/2018,Full Time,NITIE,NITIE Mumbai,Mining Engineering,87,ME,0,29/03/2017,19/09/2018,Full Time,Junior Technical Consultant,TCS,Manufacturing,AGRA,India,,,,,,,,,English,Good,Good,Good,Hindi,Good,Good,Good,Marathi,Good,Good,Good,Guddu,Software Engineer,London,8009800998,,,Naukri.com
88995,Major,Uday,Bhan,uday.bhan@mailinator.com950,7864823665950,7894923645,13/04/1990,M,Single,PAN167694950,No,Behind Yaga Baba Hostel Baner,426194,KANPUR,India,579700,1340000,Mumbai,579000,2,1,30,12/06/2004,13/07/2006,Full Time,Uttar Pradesh State Board,Saraswati Vidya Mandir Kanpur,NA,92,10th,14/02/2007,25/03/2010,Full Time,Uttar Pradesh State Board,Radha Niketan College Kanpur,Electronics & Telecommunication,93,12th,14/03/2010,18/09/2014,Full Time,NITA,Motilal Nehru National Institute of Technology Allahabad,Electronics & Telecommunication,81,BE,20/07/2015,22/01/2018,Full Time,NITIE,NITIE Mumbai,Mining Engineering,87,ME,0,29/03/2017,19/09/2018,Full Time,Junior Technical Consultant,TCS,Manufacturing,AGRA,India,,,,,,,,,English,Good,Good,Good,Hindi,Good,Good,Good,Marathi,Good,Good,Good,Guddu,Software Engineer,London,8009800998,,,Naukri.com
88995,Major,Uday,Bhan,uday.bhan@mailinator.com951,7864823665951,7894923645,13/04/1990,M,Single,PAN167694951,No,Behind Yaga Baba Hostel Baner,426194,KANPUR,India,579700,1340000,Mumbai,579000,2,1,30,12/06/2004,13/07/2006,Full Time,Uttar Pradesh State Board,Saraswati Vidya Mandir Kanpur,NA,92,10th,14/02/2007,25/03/2010,Full Time,Uttar Pradesh State Board,Radha Niketan College Kanpur,Electronics & Telecommunication,93,12th,14/03/2010,18/09/2014,Full Time,NITA,Motilal Nehru National Institute of Technology Allahabad,Electronics & Telecommunication,81,BE,20/07/2015,22/01/2018,Full Time,NITIE,NITIE Mumbai,Mining Engineering,87,ME,0,29/03/2017,19/09/2018,Full Time,Junior Technical Consultant,TCS,Manufacturing,AGRA,India,,,,,,,,,English,Good,Good,Good,Hindi,Good,Good,Good,Marathi,Good,Good,Good,Guddu,Software Engineer,London,8009800998,,,Naukri.com
88995,Major,Uday,Bhan,uday.bhan@mailinator.com952,7864823665952,7894923645,13/04/1990,M,Single,PAN167694952,No,Behind Yaga Baba Hostel Baner,426194,KANPUR,India,579700,1340000,Mumbai,579000,2,1,30,12/06/2004,13/07/2006,Full Time,Uttar Pradesh State Board,Saraswati Vidya Mandir Kanpur,NA,92,10th,14/02/2007,25/03/2010,Full Time,Uttar Pradesh State Board,Radha Niketan College Kanpur,Electronics & Telecommunication,93,12th,14/03/2010,18/09/2014,Full Time,NITA,Motilal Nehru National Institute of Technology Allahabad,Electronics & Telecommunication,81,BE,20/07/2015,22/01/2018,Full Time,NITIE,NITIE Mumbai,Mining Engineering,87,ME,0,29/03/2017,19/09/2018,Full Time,Junior Technical Consultant,TCS,Manufacturing,AGRA,India,,,,,,,,,English,Good,Good,Good,Hindi,Good,Good,Good,Marathi,Good,Good,Good,Guddu,Software Engineer,London,8009800998,,,Naukri.com
88995,Major,Uday,Bhan,uday.bhan@mailinator.com953,7864823665953,7894923645,13/04/1990,M,Single,PAN167694953,No,Behind Yaga Baba Hostel Baner,426194,KANPUR,India,579700,1340000,Mumbai,579000,2,1,30,12/06/2004,13/07/2006,Full Time,Uttar Pradesh State Board,Saraswati Vidya Mandir Kanpur,NA,92,10th,14/02/2007,25/03/2010,Full Time,Uttar Pradesh State Board,Radha Niketan College Kanpur,Electronics & Telecommunication,93,12th,14/03/2010,18/09/2014,Full Time,NITA,Motilal Nehru National Institute of Technology Allahabad,Electronics & Telecommunication,81,BE,20/07/2015,22/01/2018,Full Time,NITIE,NITIE Mumbai,Mining Engineering,87,ME,0,29/03/2017,19/09/2018,Full Time,Junior Technical Consultant,TCS,Manufacturing,AGRA,India,,,,,,,,,English,Good,Good,Good,Hindi,Good,Good,Good,Marathi,Good,Good,Good,Guddu,Software Engineer,London,8009800998,,,Naukri.com
88995,Major,Uday,Bhan,uday.bhan@mailinator.com954,7864823665954,7894923645,13/04/1990,M,Single,PAN167694954,No,Behind Yaga Baba Hostel Baner,426194,KANPUR,India,579700,1340000,Mumbai,579000,2,1,30,12/06/2004,13/07/2006,Full Time,Uttar Pradesh State Board,Saraswati Vidya Mandir Kanpur,NA,92,10th,14/02/2007,25/03/2010,Full Time,Uttar Pradesh State Board,Radha Niketan College Kanpur,Electronics & Telecommunication,93,12th,14/03/2010,18/09/2014,Full Time,NITA,Motilal Nehru National Institute of Technology Allahabad,Electronics & Telecommunication,81,BE,20/07/2015,22/01/2018,Full Time,NITIE,NITIE Mumbai,Mining Engineering,87,ME,0,29/03/2017,19/09/2018,Full Time,Junior Technical Consultant,TCS,Manufacturing,AGRA,India,,,,,,,,,English,Good,Good,Good,Hindi,Good,Good,Good,Marathi,Good,Good,Good,Guddu,Software Engineer,London,8009800998,,,Naukri.com
88995,Major,Uday,Bhan,uday.bhan@mailinator.com955,7864823665955,7894923645,13/04/1990,M,Single,PAN167694955,No,Behind Yaga Baba Hostel Baner,426194,KANPUR,India,579700,1340000,Mumbai,579000,2,1,30,12/06/2004,13/07/2006,Full Time,Uttar Pradesh State Board,Saraswati Vidya Mandir Kanpur,NA,92,10th,14/02/2007,25/03/2010,Full Time,Uttar Pradesh State Board,Radha Niketan College Kanpur,Electronics & Telecommunication,93,12th,14/03/2010,18/09/2014,Full Time,NITA,Motilal Nehru National Institute of Technology Allahabad,Electronics & Telecommunication,81,BE,20/07/2015,22/01/2018,Full Time,NITIE,NITIE Mumbai,Mining Engineering,87,ME,0,29/03/2017,19/09/2018,Full Time,Junior Technical Consultant,TCS,Manufacturing,AGRA,India,,,,,,,,,English,Good,Good,Good,Hindi,Good,Good,Good,Marathi,Good,Good,Good,Guddu,Software Engineer,London,8009800998,,,Naukri.com
88995,Major,Uday,Bhan,uday.bhan@mailinator.com956,7864823665956,7894923645,13/04/1990,M,Single,PAN167694956,No,Behind Yaga Baba Hostel Baner,426194,KANPUR,India,579700,1340000,Mumbai,579000,2,1,30,12/06/2004,13/07/2006,Full Time,Uttar Pradesh State Board,Saraswati Vidya Mandir Kanpur,NA,92,10th,14/02/2007,25/03/2010,Full Time,Uttar Pradesh State Board,Radha Niketan College Kanpur,Electronics & Telecommunication,93,12th,14/03/2010,18/09/2014,Full Time,NITA,Motilal Nehru National Institute of Technology Allahabad,Electronics & Telecommunication,81,BE,20/07/2015,22/01/2018,Full Time,NITIE,NITIE Mumbai,Mining Engineering,87,ME,0,29/03/2017,19/09/2018,Full Time,Junior Technical Consultant,TCS,Manufacturing,AGRA,India,,,,,,,,,English,Good,Good,Good,Hindi,Good,Good,Good,Marathi,Good,Good,Good,Guddu,Software Engineer,London,8009800998,,,Naukri.com
88995,Major,Uday,Bhan,uday.bhan@mailinator.com957,7864823665957,7894923645,13/04/1990,M,Single,PAN167694957,No,Behind Yaga Baba Hostel Baner,426194,KANPUR,India,579700,1340000,Mumbai,579000,2,1,30,12/06/2004,13/07/2006,Full Time,Uttar Pradesh State Board,Saraswati Vidya Mandir Kanpur,NA,92,10th,14/02/2007,25/03/2010,Full Time,Uttar Pradesh State Board,Radha Niketan College Kanpur,Electronics & Telecommunication,93,12th,14/03/2010,18/09/2014,Full Time,NITA,Motilal Nehru National Institute of Technology Allahabad,Electronics & Telecommunication,81,BE,20/07/2015,22/01/2018,Full Time,NITIE,NITIE Mumbai,Mining Engineering,87,ME,0,29/03/2017,19/09/2018,Full Time,Junior Technical Consultant,TCS,Manufacturing,AGRA,India,,,,,,,,,English,Good,Good,Good,Hindi,Good,Good,Good,Marathi,Good,Good,Good,Guddu,Software Engineer,London,8009800998,,,Naukri.com
88995,Major,Uday,Bhan,uday.bhan@mailinator.com958,7864823665958,7894923645,13/04/1990,M,Single,PAN167694958,No,Behind Yaga Baba Hostel Baner,426194,KANPUR,India,579700,1340000,Mumbai,579000,2,1,30,12/06/2004,13/07/2006,Full Time,Uttar Pradesh State Board,Saraswati Vidya Mandir Kanpur,NA,92,10th,14/02/2007,25/03/2010,Full Time,Uttar Pradesh State Board,Radha Niketan College Kanpur,Electronics & Telecommunication,93,12th,14/03/2010,18/09/2014,Full Time,NITA,Motilal Nehru National Institute of Technology Allahabad,Electronics & Telecommunication,81,BE,20/07/2015,22/01/2018,Full Time,NITIE,NITIE Mumbai,Mining Engineering,87,ME,0,29/03/2017,19/09/2018,Full Time,Junior Technical Consultant,TCS,Manufacturing,AGRA,India,,,,,,,,,English,Good,Good,Good,Hindi,Good,Good,Good,Marathi,Good,Good,Good,Guddu,Software Engineer,London,8009800998,,,Naukri.com
88995,Major,Uday,Bhan,uday.bhan@mailinator.com959,7864823665959,7894923645,13/04/1990,M,Single,PAN167694959,No,Behind Yaga Baba Hostel Baner,426194,KANPUR,India,579700,1340000,Mumbai,579000,2,1,30,12/06/2004,13/07/2006,Full Time,Uttar Pradesh State Board,Saraswati Vidya Mandir Kanpur,NA,92,10th,14/02/2007,25/03/2010,Full Time,Uttar Pradesh State Board,Radha Niketan College Kanpur,Electronics & Telecommunication,93,12th,14/03/2010,18/09/2014,Full Time,NITA,Motilal Nehru National Institute of Technology Allahabad,Electronics & Telecommunication,81,BE,20/07/2015,22/01/2018,Full Time,NITIE,NITIE Mumbai,Mining Engineering,87,ME,0,29/03/2017,19/09/2018,Full Time,Junior Technical Consultant,TCS,Manufacturing,AGRA,India,,,,,,,,,English,Good,Good,Good,Hindi,Good,Good,Good,Marathi,Good,Good,Good,Guddu,Software Engineer,London,8009800998,,,Naukri.com
88995,Major,Uday,Bhan,uday.bhan@mailinator.com960,7864823665960,7894923645,13/04/1990,M,Single,PAN167694960,No,Behind Yaga Baba Hostel Baner,426194,KANPUR,India,579700,1340000,Mumbai,579000,2,1,30,12/06/2004,13/07/2006,Full Time,Uttar Pradesh State Board,Saraswati Vidya Mandir Kanpur,NA,92,10th,14/02/2007,25/03/2010,Full Time,Uttar Pradesh State Board,Radha Niketan College Kanpur,Electronics & Telecommunication,93,12th,14/03/2010,18/09/2014,Full Time,NITA,Motilal Nehru National Institute of Technology Allahabad,Electronics & Telecommunication,81,BE,20/07/2015,22/01/2018,Full Time,NITIE,NITIE Mumbai,Mining Engineering,87,ME,0,29/03/2017,19/09/2018,Full Time,Junior Technical Consultant,TCS,Manufacturing,AGRA,India,,,,,,,,,English,Good,Good,Good,Hindi,Good,Good,Good,Marathi,Good,Good,Good,Guddu,Software Engineer,London,8009800998,,,Naukri.com
88995,Major,Uday,Bhan,uday.bhan@mailinator.com961,7864823665961,7894923645,13/04/1990,M,Single,PAN167694961,No,Behind Yaga Baba Hostel Baner,426194,KANPUR,India,579700,1340000,Mumbai,579000,2,1,30,12/06/2004,13/07/2006,Full Time,Uttar Pradesh State Board,Saraswati Vidya Mandir Kanpur,NA,92,10th,14/02/2007,25/03/2010,Full Time,Uttar Pradesh State Board,Radha Niketan College Kanpur,Electronics & Telecommunication,93,12th,14/03/2010,18/09/2014,Full Time,NITA,Motilal Nehru National Institute of Technology Allahabad,Electronics & Telecommunication,81,BE,20/07/2015,22/01/2018,Full Time,NITIE,NITIE Mumbai,Mining Engineering,87,ME,0,29/03/2017,19/09/2018,Full Time,Junior Technical Consultant,TCS,Manufacturing,AGRA,India,,,,,,,,,English,Good,Good,Good,Hindi,Good,Good,Good,Marathi,Good,Good,Good,Guddu,Software Engineer,London,8009800998,,,Naukri.com
88995,Major,Uday,Bhan,uday.bhan@mailinator.com962,7864823665962,7894923645,13/04/1990,M,Single,PAN167694962,No,Behind Yaga Baba Hostel Baner,426194,KANPUR,India,579700,1340000,Mumbai,579000,2,1,30,12/06/2004,13/07/2006,Full Time,Uttar Pradesh State Board,Saraswati Vidya Mandir Kanpur,NA,92,10th,14/02/2007,25/03/2010,Full Time,Uttar Pradesh State Board,Radha Niketan College Kanpur,Electronics & Telecommunication,93,12th,14/03/2010,18/09/2014,Full Time,NITA,Motilal Nehru National Institute of Technology Allahabad,Electronics & Telecommunication,81,BE,20/07/2015,22/01/2018,Full Time,NITIE,NITIE Mumbai,Mining Engineering,87,ME,0,29/03/2017,19/09/2018,Full Time,Junior Technical Consultant,TCS,Manufacturing,AGRA,India,,,,,,,,,English,Good,Good,Good,Hindi,Good,Good,Good,Marathi,Good,Good,Good,Guddu,Software Engineer,London,8009800998,,,Naukri.com
88995,Major,Uday,Bhan,uday.bhan@mailinator.com963,7864823665963,7894923645,13/04/1990,M,Single,PAN167694963,No,Behind Yaga Baba Hostel Baner,426194,KANPUR,India,579700,1340000,Mumbai,579000,2,1,30,12/06/2004,13/07/2006,Full Time,Uttar Pradesh State Board,Saraswati Vidya Mandir Kanpur,NA,92,10th,14/02/2007,25/03/2010,Full Time,Uttar Pradesh State Board,Radha Niketan College Kanpur,Electronics & Telecommunication,93,12th,14/03/2010,18/09/2014,Full Time,NITA,Motilal Nehru National Institute of Technology Allahabad,Electronics & Telecommunication,81,BE,20/07/2015,22/01/2018,Full Time,NITIE,NITIE Mumbai,Mining Engineering,87,ME,0,29/03/2017,19/09/2018,Full Time,Junior Technical Consultant,TCS,Manufacturing,AGRA,India,,,,,,,,,English,Good,Good,Good,Hindi,Good,Good,Good,Marathi,Good,Good,Good,Guddu,Software Engineer,London,8009800998,,,Naukri.com
88995,Major,Uday,Bhan,uday.bhan@mailinator.com964,7864823665964,7894923645,13/04/1990,M,Single,PAN167694964,No,Behind Yaga Baba Hostel Baner,426194,KANPUR,India,579700,1340000,Mumbai,579000,2,1,30,12/06/2004,13/07/2006,Full Time,Uttar Pradesh State Board,Saraswati Vidya Mandir Kanpur,NA,92,10th,14/02/2007,25/03/2010,Full Time,Uttar Pradesh State Board,Radha Niketan College Kanpur,Electronics & Telecommunication,93,12th,14/03/2010,18/09/2014,Full Time,NITA,Motilal Nehru National Institute of Technology Allahabad,Electronics & Telecommunication,81,BE,20/07/2015,22/01/2018,Full Time,NITIE,NITIE Mumbai,Mining Engineering,87,ME,0,29/03/2017,19/09/2018,Full Time,Junior Technical Consultant,TCS,Manufacturing,AGRA,India,,,,,,,,,English,Good,Good,Good,Hindi,Good,Good,Good,Marathi,Good,Good,Good,Guddu,Software Engineer,London,8009800998,,,Naukri.com
88995,Major,Uday,Bhan,uday.bhan@mailinator.com965,7864823665965,7894923645,13/04/1990,M,Single,PAN167694965,No,Behind Yaga Baba Hostel Baner,426194,KANPUR,India,579700,1340000,Mumbai,579000,2,1,30,12/06/2004,13/07/2006,Full Time,Uttar Pradesh State Board,Saraswati Vidya Mandir Kanpur,NA,92,10th,14/02/2007,25/03/2010,Full Time,Uttar Pradesh State Board,Radha Niketan College Kanpur,Electronics & Telecommunication,93,12th,14/03/2010,18/09/2014,Full Time,NITA,Motilal Nehru National Institute of Technology Allahabad,Electronics & Telecommunication,81,BE,20/07/2015,22/01/2018,Full Time,NITIE,NITIE Mumbai,Mining Engineering,87,ME,0,29/03/2017,19/09/2018,Full Time,Junior Technical Consultant,TCS,Manufacturing,AGRA,India,,,,,,,,,English,Good,Good,Good,Hindi,Good,Good,Good,Marathi,Good,Good,Good,Guddu,Software Engineer,London,8009800998,,,Naukri.com
88995,Major,Uday,Bhan,uday.bhan@mailinator.com966,7864823665966,7894923645,13/04/1990,M,Single,PAN167694966,No,Behind Yaga Baba Hostel Baner,426194,KANPUR,India,579700,1340000,Mumbai,579000,2,1,30,12/06/2004,13/07/2006,Full Time,Uttar Pradesh State Board,Saraswati Vidya Mandir Kanpur,NA,92,10th,14/02/2007,25/03/2010,Full Time,Uttar Pradesh State Board,Radha Niketan College Kanpur,Electronics & Telecommunication,93,12th,14/03/2010,18/09/2014,Full Time,NITA,Motilal Nehru National Institute of Technology Allahabad,Electronics & Telecommunication,81,BE,20/07/2015,22/01/2018,Full Time,NITIE,NITIE Mumbai,Mining Engineering,87,ME,0,29/03/2017,19/09/2018,Full Time,Junior Technical Consultant,TCS,Manufacturing,AGRA,India,,,,,,,,,English,Good,Good,Good,Hindi,Good,Good,Good,Marathi,Good,Good,Good,Guddu,Software Engineer,London,8009800998,,,Naukri.com
88995,Major,Uday,Bhan,uday.bhan@mailinator.com967,7864823665967,7894923645,13/04/1990,M,Single,PAN167694967,No,Behind Yaga Baba Hostel Baner,426194,KANPUR,India,579700,1340000,Mumbai,579000,2,1,30,12/06/2004,13/07/2006,Full Time,Uttar Pradesh State Board,Saraswati Vidya Mandir Kanpur,NA,92,10th,14/02/2007,25/03/2010,Full Time,Uttar Pradesh State Board,Radha Niketan College Kanpur,Electronics & Telecommunication,93,12th,14/03/2010,18/09/2014,Full Time,NITA,Motilal Nehru National Institute of Technology Allahabad,Electronics & Telecommunication,81,BE,20/07/2015,22/01/2018,Full Time,NITIE,NITIE Mumbai,Mining Engineering,87,ME,0,29/03/2017,19/09/2018,Full Time,Junior Technical Consultant,TCS,Manufacturing,AGRA,India,,,,,,,,,English,Good,Good,Good,Hindi,Good,Good,Good,Marathi,Good,Good,Good,Guddu,Software Engineer,London,8009800998,,,Naukri.com
88995,Major,Uday,Bhan,uday.bhan@mailinator.com968,7864823665968,7894923645,13/04/1990,M,Single,PAN167694968,No,Behind Yaga Baba Hostel Baner,426194,KANPUR,India,579700,1340000,Mumbai,579000,2,1,30,12/06/2004,13/07/2006,Full Time,Uttar Pradesh State Board,Saraswati Vidya Mandir Kanpur,NA,92,10th,14/02/2007,25/03/2010,Full Time,Uttar Pradesh State Board,Radha Niketan College Kanpur,Electronics & Telecommunication,93,12th,14/03/2010,18/09/2014,Full Time,NITA,Motilal Nehru National Institute of Technology Allahabad,Electronics & Telecommunication,81,BE,20/07/2015,22/01/2018,Full Time,NITIE,NITIE Mumbai,Mining Engineering,87,ME,0,29/03/2017,19/09/2018,Full Time,Junior Technical Consultant,TCS,Manufacturing,AGRA,India,,,,,,,,,English,Good,Good,Good,Hindi,Good,Good,Good,Marathi,Good,Good,Good,Guddu,Software Engineer,London,8009800998,,,Naukri.com
88995,Major,Uday,Bhan,uday.bhan@mailinator.com969,7864823665969,7894923645,13/04/1990,M,Single,PAN167694969,No,Behind Yaga Baba Hostel Baner,426194,KANPUR,India,579700,1340000,Mumbai,579000,2,1,30,12/06/2004,13/07/2006,Full Time,Uttar Pradesh State Board,Saraswati Vidya Mandir Kanpur,NA,92,10th,14/02/2007,25/03/2010,Full Time,Uttar Pradesh State Board,Radha Niketan College Kanpur,Electronics & Telecommunication,93,12th,14/03/2010,18/09/2014,Full Time,NITA,Motilal Nehru National Institute of Technology Allahabad,Electronics & Telecommunication,81,BE,20/07/2015,22/01/2018,Full Time,NITIE,NITIE Mumbai,Mining Engineering,87,ME,0,29/03/2017,19/09/2018,Full Time,Junior Technical Consultant,TCS,Manufacturing,AGRA,India,,,,,,,,,English,Good,Good,Good,Hindi,Good,Good,Good,Marathi,Good,Good,Good,Guddu,Software Engineer,London,8009800998,,,Naukri.com
88995,Major,Uday,Bhan,uday.bhan@mailinator.com970,7864823665970,7894923645,13/04/1990,M,Single,PAN167694970,No,Behind Yaga Baba Hostel Baner,426194,KANPUR,India,579700,1340000,Mumbai,579000,2,1,30,12/06/2004,13/07/2006,Full Time,Uttar Pradesh State Board,Saraswati Vidya Mandir Kanpur,NA,92,10th,14/02/2007,25/03/2010,Full Time,Uttar Pradesh State Board,Radha Niketan College Kanpur,Electronics & Telecommunication,93,12th,14/03/2010,18/09/2014,Full Time,NITA,Motilal Nehru National Institute of Technology Allahabad,Electronics & Telecommunication,81,BE,20/07/2015,22/01/2018,Full Time,NITIE,NITIE Mumbai,Mining Engineering,87,ME,0,29/03/2017,19/09/2018,Full Time,Junior Technical Consultant,TCS,Manufacturing,AGRA,India,,,,,,,,,English,Good,Good,Good,Hindi,Good,Good,Good,Marathi,Good,Good,Good,Guddu,Software Engineer,London,8009800998,,,Naukri.com
88995,Major,Uday,Bhan,uday.bhan@mailinator.com971,7864823665971,7894923645,13/04/1990,M,Single,PAN167694971,No,Behind Yaga Baba Hostel Baner,426194,KANPUR,India,579700,1340000,Mumbai,579000,2,1,30,12/06/2004,13/07/2006,Full Time,Uttar Pradesh State Board,Saraswati Vidya Mandir Kanpur,NA,92,10th,14/02/2007,25/03/2010,Full Time,Uttar Pradesh State Board,Radha Niketan College Kanpur,Electronics & Telecommunication,93,12th,14/03/2010,18/09/2014,Full Time,NITA,Motilal Nehru National Institute of Technology Allahabad,Electronics & Telecommunication,81,BE,20/07/2015,22/01/2018,Full Time,NITIE,NITIE Mumbai,Mining Engineering,87,ME,0,29/03/2017,19/09/2018,Full Time,Junior Technical Consultant,TCS,Manufacturing,AGRA,India,,,,,,,,,English,Good,Good,Good,Hindi,Good,Good,Good,Marathi,Good,Good,Good,Guddu,Software Engineer,London,8009800998,,,Naukri.com
88995,Major,Uday,Bhan,uday.bhan@mailinator.com972,7864823665972,7894923645,13/04/1990,M,Single,PAN167694972,No,Behind Yaga Baba Hostel Baner,426194,KANPUR,India,579700,1340000,Mumbai,579000,2,1,30,12/06/2004,13/07/2006,Full Time,Uttar Pradesh State Board,Saraswati Vidya Mandir Kanpur,NA,92,10th,14/02/2007,25/03/2010,Full Time,Uttar Pradesh State Board,Radha Niketan College Kanpur,Electronics & Telecommunication,93,12th,14/03/2010,18/09/2014,Full Time,NITA,Motilal Nehru National Institute of Technology Allahabad,Electronics & Telecommunication,81,BE,20/07/2015,22/01/2018,Full Time,NITIE,NITIE Mumbai,Mining Engineering,87,ME,0,29/03/2017,19/09/2018,Full Time,Junior Technical Consultant,TCS,Manufacturing,AGRA,India,,,,,,,,,English,Good,Good,Good,Hindi,Good,Good,Good,Marathi,Good,Good,Good,Guddu,Software Engineer,London,8009800998,,,Naukri.com
88995,Major,Uday,Bhan,uday.bhan@mailinator.com973,7864823665973,7894923645,13/04/1990,M,Single,PAN167694973,No,Behind Yaga Baba Hostel Baner,426194,KANPUR,India,579700,1340000,Mumbai,579000,2,1,30,12/06/2004,13/07/2006,Full Time,Uttar Pradesh State Board,Saraswati Vidya Mandir Kanpur,NA,92,10th,14/02/2007,25/03/2010,Full Time,Uttar Pradesh State Board,Radha Niketan College Kanpur,Electronics & Telecommunication,93,12th,14/03/2010,18/09/2014,Full Time,NITA,Motilal Nehru National Institute of Technology Allahabad,Electronics & Telecommunication,81,BE,20/07/2015,22/01/2018,Full Time,NITIE,NITIE Mumbai,Mining Engineering,87,ME,0,29/03/2017,19/09/2018,Full Time,Junior Technical Consultant,TCS,Manufacturing,AGRA,India,,,,,,,,,English,Good,Good,Good,Hindi,Good,Good,Good,Marathi,Good,Good,Good,Guddu,Software Engineer,London,8009800998,,,Naukri.com
88995,Major,Uday,Bhan,uday.bhan@mailinator.com974,7864823665974,7894923645,13/04/1990,M,Single,PAN167694974,No,Behind Yaga Baba Hostel Baner,426194,KANPUR,India,579700,1340000,Mumbai,579000,2,1,30,12/06/2004,13/07/2006,Full Time,Uttar Pradesh State Board,Saraswati Vidya Mandir Kanpur,NA,92,10th,14/02/2007,25/03/2010,Full Time,Uttar Pradesh State Board,Radha Niketan College Kanpur,Electronics & Telecommunication,93,12th,14/03/2010,18/09/2014,Full Time,NITA,Motilal Nehru National Institute of Technology Allahabad,Electronics & Telecommunication,81,BE,20/07/2015,22/01/2018,Full Time,NITIE,NITIE Mumbai,Mining Engineering,87,ME,0,29/03/2017,19/09/2018,Full Time,Junior Technical Consultant,TCS,Manufacturing,AGRA,India,,,,,,,,,English,Good,Good,Good,Hindi,Good,Good,Good,Marathi,Good,Good,Good,Guddu,Software Engineer,London,8009800998,,,Naukri.com
88995,Major,Uday,Bhan,uday.bhan@mailinator.com975,7864823665975,7894923645,13/04/1990,M,Single,PAN167694975,No,Behind Yaga Baba Hostel Baner,426194,KANPUR,India,579700,1340000,Mumbai,579000,2,1,30,12/06/2004,13/07/2006,Full Time,Uttar Pradesh State Board,Saraswati Vidya Mandir Kanpur,NA,92,10th,14/02/2007,25/03/2010,Full Time,Uttar Pradesh State Board,Radha Niketan College Kanpur,Electronics & Telecommunication,93,12th,14/03/2010,18/09/2014,Full Time,NITA,Motilal Nehru National Institute of Technology Allahabad,Electronics & Telecommunication,81,BE,20/07/2015,22/01/2018,Full Time,NITIE,NITIE Mumbai,Mining Engineering,87,ME,0,29/03/2017,19/09/2018,Full Time,Junior Technical Consultant,TCS,Manufacturing,AGRA,India,,,,,,,,,English,Good,Good,Good,Hindi,Good,Good,Good,Marathi,Good,Good,Good,Guddu,Software Engineer,London,8009800998,,,Naukri.com
88995,Major,Uday,Bhan,uday.bhan@mailinator.com976,7864823665976,7894923645,13/04/1990,M,Single,PAN167694976,No,Behind Yaga Baba Hostel Baner,426194,KANPUR,India,579700,1340000,Mumbai,579000,2,1,30,12/06/2004,13/07/2006,Full Time,Uttar Pradesh State Board,Saraswati Vidya Mandir Kanpur,NA,92,10th,14/02/2007,25/03/2010,Full Time,Uttar Pradesh State Board,Radha Niketan College Kanpur,Electronics & Telecommunication,93,12th,14/03/2010,18/09/2014,Full Time,NITA,Motilal Nehru National Institute of Technology Allahabad,Electronics & Telecommunication,81,BE,20/07/2015,22/01/2018,Full Time,NITIE,NITIE Mumbai,Mining Engineering,87,ME,0,29/03/2017,19/09/2018,Full Time,Junior Technical Consultant,TCS,Manufacturing,AGRA,India,,,,,,,,,English,Good,Good,Good,Hindi,Good,Good,Good,Marathi,Good,Good,Good,Guddu,Software Engineer,London,8009800998,,,Naukri.com
88995,Major,Uday,Bhan,uday.bhan@mailinator.com977,7864823665977,7894923645,13/04/1990,M,Single,PAN167694977,No,Behind Yaga Baba Hostel Baner,426194,KANPUR,India,579700,1340000,Mumbai,579000,2,1,30,12/06/2004,13/07/2006,Full Time,Uttar Pradesh State Board,Saraswati Vidya Mandir Kanpur,NA,92,10th,14/02/2007,25/03/2010,Full Time,Uttar Pradesh State Board,Radha Niketan College Kanpur,Electronics & Telecommunication,93,12th,14/03/2010,18/09/2014,Full Time,NITA,Motilal Nehru National Institute of Technology Allahabad,Electronics & Telecommunication,81,BE,20/07/2015,22/01/2018,Full Time,NITIE,NITIE Mumbai,Mining Engineering,87,ME,0,29/03/2017,19/09/2018,Full Time,Junior Technical Consultant,TCS,Manufacturing,AGRA,India,,,,,,,,,English,Good,Good,Good,Hindi,Good,Good,Good,Marathi,Good,Good,Good,Guddu,Software Engineer,London,8009800998,,,Naukri.com
88995,Major,Uday,Bhan,uday.bhan@mailinator.com978,7864823665978,7894923645,13/04/1990,M,Single,PAN167694978,No,Behind Yaga Baba Hostel Baner,426194,KANPUR,India,579700,1340000,Mumbai,579000,2,1,30,12/06/2004,13/07/2006,Full Time,Uttar Pradesh State Board,Saraswati Vidya Mandir Kanpur,NA,92,10th,14/02/2007,25/03/2010,Full Time,Uttar Pradesh State Board,Radha Niketan College Kanpur,Electronics & Telecommunication,93,12th,14/03/2010,18/09/2014,Full Time,NITA,Motilal Nehru National Institute of Technology Allahabad,Electronics & Telecommunication,81,BE,20/07/2015,22/01/2018,Full Time,NITIE,NITIE Mumbai,Mining Engineering,87,ME,0,29/03/2017,19/09/2018,Full Time,Junior Technical Consultant,TCS,Manufacturing,AGRA,India,,,,,,,,,English,Good,Good,Good,Hindi,Good,Good,Good,Marathi,Good,Good,Good,Guddu,Software Engineer,London,8009800998,,,Naukri.com
88995,Major,Uday,Bhan,uday.bhan@mailinator.com979,7864823665979,7894923645,13/04/1990,M,Single,PAN167694979,No,Behind Yaga Baba Hostel Baner,426194,KANPUR,India,579700,1340000,Mumbai,579000,2,1,30,12/06/2004,13/07/2006,Full Time,Uttar Pradesh State Board,Saraswati Vidya Mandir Kanpur,NA,92,10th,14/02/2007,25/03/2010,Full Time,Uttar Pradesh State Board,Radha Niketan College Kanpur,Electronics & Telecommunication,93,12th,14/03/2010,18/09/2014,Full Time,NITA,Motilal Nehru National Institute of Technology Allahabad,Electronics & Telecommunication,81,BE,20/07/2015,22/01/2018,Full Time,NITIE,NITIE Mumbai,Mining Engineering,87,ME,0,29/03/2017,19/09/2018,Full Time,Junior Technical Consultant,TCS,Manufacturing,AGRA,India,,,,,,,,,English,Good,Good,Good,Hindi,Good,Good,Good,Marathi,Good,Good,Good,Guddu,Software Engineer,London,8009800998,,,Naukri.com
88995,Major,Uday,Bhan,uday.bhan@mailinator.com980,7864823665980,7894923645,13/04/1990,M,Single,PAN167694980,No,Behind Yaga Baba Hostel Baner,426194,KANPUR,India,579700,1340000,Mumbai,579000,2,1,30,12/06/2004,13/07/2006,Full Time,Uttar Pradesh State Board,Saraswati Vidya Mandir Kanpur,NA,92,10th,14/02/2007,25/03/2010,Full Time,Uttar Pradesh State Board,Radha Niketan College Kanpur,Electronics & Telecommunication,93,12th,14/03/2010,18/09/2014,Full Time,NITA,Motilal Nehru National Institute of Technology Allahabad,Electronics & Telecommunication,81,BE,20/07/2015,22/01/2018,Full Time,NITIE,NITIE Mumbai,Mining Engineering,87,ME,0,29/03/2017,19/09/2018,Full Time,Junior Technical Consultant,TCS,Manufacturing,AGRA,India,,,,,,,,,English,Good,Good,Good,Hindi,Good,Good,Good,Marathi,Good,Good,Good,Guddu,Software Engineer,London,8009800998,,,Naukri.com
88995,Major,Uday,Bhan,uday.bhan@mailinator.com981,7864823665981,7894923645,13/04/1990,M,Single,PAN167694981,No,Behind Yaga Baba Hostel Baner,426194,KANPUR,India,579700,1340000,Mumbai,579000,2,1,30,12/06/2004,13/07/2006,Full Time,Uttar Pradesh State Board,Saraswati Vidya Mandir Kanpur,NA,92,10th,14/02/2007,25/03/2010,Full Time,Uttar Pradesh State Board,Radha Niketan College Kanpur,Electronics & Telecommunication,93,12th,14/03/2010,18/09/2014,Full Time,NITA,Motilal Nehru National Institute of Technology Allahabad,Electronics & Telecommunication,81,BE,20/07/2015,22/01/2018,Full Time,NITIE,NITIE Mumbai,Mining Engineering,87,ME,0,29/03/2017,19/09/2018,Full Time,Junior Technical Consultant,TCS,Manufacturing,AGRA,India,,,,,,,,,English,Good,Good,Good,Hindi,Good,Good,Good,Marathi,Good,Good,Good,Guddu,Software Engineer,London,8009800998,,,Naukri.com
88995,Major,Uday,Bhan,uday.bhan@mailinator.com982,7864823665982,7894923645,13/04/1990,M,Single,PAN167694982,No,Behind Yaga Baba Hostel Baner,426194,KANPUR,India,579700,1340000,Mumbai,579000,2,1,30,12/06/2004,13/07/2006,Full Time,Uttar Pradesh State Board,Saraswati Vidya Mandir Kanpur,NA,92,10th,14/02/2007,25/03/2010,Full Time,Uttar Pradesh State Board,Radha Niketan College Kanpur,Electronics & Telecommunication,93,12th,14/03/2010,18/09/2014,Full Time,NITA,Motilal Nehru National Institute of Technology Allahabad,Electronics & Telecommunication,81,BE,20/07/2015,22/01/2018,Full Time,NITIE,NITIE Mumbai,Mining Engineering,87,ME,0,29/03/2017,19/09/2018,Full Time,Junior Technical Consultant,TCS,Manufacturing,AGRA,India,,,,,,,,,English,Good,Good,Good,Hindi,Good,Good,Good,Marathi,Good,Good,Good,Guddu,Software Engineer,London,8009800998,,,Naukri.com
88995,Major,Uday,Bhan,uday.bhan@mailinator.com983,7864823665983,7894923645,13/04/1990,M,Single,PAN167694983,No,Behind Yaga Baba Hostel Baner,426194,KANPUR,India,579700,1340000,Mumbai,579000,2,1,30,12/06/2004,13/07/2006,Full Time,Uttar Pradesh State Board,Saraswati Vidya Mandir Kanpur,NA,92,10th,14/02/2007,25/03/2010,Full Time,Uttar Pradesh State Board,Radha Niketan College Kanpur,Electronics & Telecommunication,93,12th,14/03/2010,18/09/2014,Full Time,NITA,Motilal Nehru National Institute of Technology Allahabad,Electronics & Telecommunication,81,BE,20/07/2015,22/01/2018,Full Time,NITIE,NITIE Mumbai,Mining Engineering,87,ME,0,29/03/2017,19/09/2018,Full Time,Junior Technical Consultant,TCS,Manufacturing,AGRA,India,,,,,,,,,English,Good,Good,Good,Hindi,Good,Good,Good,Marathi,Good,Good,Good,Guddu,Software Engineer,London,8009800998,,,Naukri.com
88995,Major,Uday,Bhan,uday.bhan@mailinator.com984,7864823665984,7894923645,13/04/1990,M,Single,PAN167694984,No,Behind Yaga Baba Hostel Baner,426194,KANPUR,India,579700,1340000,Mumbai,579000,2,1,30,12/06/2004,13/07/2006,Full Time,Uttar Pradesh State Board,Saraswati Vidya Mandir Kanpur,NA,92,10th,14/02/2007,25/03/2010,Full Time,Uttar Pradesh State Board,Radha Niketan College Kanpur,Electronics & Telecommunication,93,12th,14/03/2010,18/09/2014,Full Time,NITA,Motilal Nehru National Institute of Technology Allahabad,Electronics & Telecommunication,81,BE,20/07/2015,22/01/2018,Full Time,NITIE,NITIE Mumbai,Mining Engineering,87,ME,0,29/03/2017,19/09/2018,Full Time,Junior Technical Consultant,TCS,Manufacturing,AGRA,India,,,,,,,,,English,Good,Good,Good,Hindi,Good,Good,Good,Marathi,Good,Good,Good,Guddu,Software Engineer,London,8009800998,,,Naukri.com
88995,Major,Uday,Bhan,uday.bhan@mailinator.com985,7864823665985,7894923645,13/04/1990,M,Single,PAN167694985,No,Behind Yaga Baba Hostel Baner,426194,KANPUR,India,579700,1340000,Mumbai,579000,2,1,30,12/06/2004,13/07/2006,Full Time,Uttar Pradesh State Board,Saraswati Vidya Mandir Kanpur,NA,92,10th,14/02/2007,25/03/2010,Full Time,Uttar Pradesh State Board,Radha Niketan College Kanpur,Electronics & Telecommunication,93,12th,14/03/2010,18/09/2014,Full Time,NITA,Motilal Nehru National Institute of Technology Allahabad,Electronics & Telecommunication,81,BE,20/07/2015,22/01/2018,Full Time,NITIE,NITIE Mumbai,Mining Engineering,87,ME,0,29/03/2017,19/09/2018,Full Time,Junior Technical Consultant,TCS,Manufacturing,AGRA,India,,,,,,,,,English,Good,Good,Good,Hindi,Good,Good,Good,Marathi,Good,Good,Good,Guddu,Software Engineer,London,8009800998,,,Naukri.com
88995,Major,Uday,Bhan,uday.bhan@mailinator.com986,7864823665986,7894923645,13/04/1990,M,Single,PAN167694986,No,Behind Yaga Baba Hostel Baner,426194,KANPUR,India,579700,1340000,Mumbai,579000,2,1,30,12/06/2004,13/07/2006,Full Time,Uttar Pradesh State Board,Saraswati Vidya Mandir Kanpur,NA,92,10th,14/02/2007,25/03/2010,Full Time,Uttar Pradesh State Board,Radha Niketan College Kanpur,Electronics & Telecommunication,93,12th,14/03/2010,18/09/2014,Full Time,NITA,Motilal Nehru National Institute of Technology Allahabad,Electronics & Telecommunication,81,BE,20/07/2015,22/01/2018,Full Time,NITIE,NITIE Mumbai,Mining Engineering,87,ME,0,29/03/2017,19/09/2018,Full Time,Junior Technical Consultant,TCS,Manufacturing,AGRA,India,,,,,,,,,English,Good,Good,Good,Hindi,Good,Good,Good,Marathi,Good,Good,Good,Guddu,Software Engineer,London,8009800998,,,Naukri.com
88995,Major,Uday,Bhan,uday.bhan@mailinator.com987,7864823665987,7894923645,13/04/1990,M,Single,PAN167694987,No,Behind Yaga Baba Hostel Baner,426194,KANPUR,India,579700,1340000,Mumbai,579000,2,1,30,12/06/2004,13/07/2006,Full Time,Uttar Pradesh State Board,Saraswati Vidya Mandir Kanpur,NA,92,10th,14/02/2007,25/03/2010,Full Time,Uttar Pradesh State Board,Radha Niketan College Kanpur,Electronics & Telecommunication,93,12th,14/03/2010,18/09/2014,Full Time,NITA,Motilal Nehru National Institute of Technology Allahabad,Electronics & Telecommunication,81,BE,20/07/2015,22/01/2018,Full Time,NITIE,NITIE Mumbai,Mining Engineering,87,ME,0,29/03/2017,19/09/2018,Full Time,Junior Technical Consultant,TCS,Manufacturing,AGRA,India,,,,,,,,,English,Good,Good,Good,Hindi,Good,Good,Good,Marathi,Good,Good,Good,Guddu,Software Engineer,London,8009800998,,,Naukri.com
88995,Major,Uday,Bhan,uday.bhan@mailinator.com988,7864823665988,7894923645,13/04/1990,M,Single,PAN167694988,No,Behind Yaga Baba Hostel Baner,426194,KANPUR,India,579700,1340000,Mumbai,579000,2,1,30,12/06/2004,13/07/2006,Full Time,Uttar Pradesh State Board,Saraswati Vidya Mandir Kanpur,NA,92,10th,14/02/2007,25/03/2010,Full Time,Uttar Pradesh State Board,Radha Niketan College Kanpur,Electronics & Telecommunication,93,12th,14/03/2010,18/09/2014,Full Time,NITA,Motilal Nehru National Institute of Technology Allahabad,Electronics & Telecommunication,81,BE,20/07/2015,22/01/2018,Full Time,NITIE,NITIE Mumbai,Mining Engineering,87,ME,0,29/03/2017,19/09/2018,Full Time,Junior Technical Consultant,TCS,Manufacturing,AGRA,India,,,,,,,,,English,Good,Good,Good,Hindi,Good,Good,Good,Marathi,Good,Good,Good,Guddu,Software Engineer,London,8009800998,,,Naukri.com
88995,Major,Uday,Bhan,uday.bhan@mailinator.com989,7864823665989,7894923645,13/04/1990,M,Single,PAN167694989,No,Behind Yaga Baba Hostel Baner,426194,KANPUR,India,579700,1340000,Mumbai,579000,2,1,30,12/06/2004,13/07/2006,Full Time,Uttar Pradesh State Board,Saraswati Vidya Mandir Kanpur,NA,92,10th,14/02/2007,25/03/2010,Full Time,Uttar Pradesh State Board,Radha Niketan College Kanpur,Electronics & Telecommunication,93,12th,14/03/2010,18/09/2014,Full Time,NITA,Motilal Nehru National Institute of Technology Allahabad,Electronics & Telecommunication,81,BE,20/07/2015,22/01/2018,Full Time,NITIE,NITIE Mumbai,Mining Engineering,87,ME,0,29/03/2017,19/09/2018,Full Time,Junior Technical Consultant,TCS,Manufacturing,AGRA,India,,,,,,,,,English,Good,Good,Good,Hindi,Good,Good,Good,Marathi,Good,Good,Good,Guddu,Software Engineer,London,8009800998,,,Naukri.com
88995,Major,Uday,Bhan,uday.bhan@mailinator.com990,7864823665990,7894923645,13/04/1990,M,Single,PAN167694990,No,Behind Yaga Baba Hostel Baner,426194,KANPUR,India,579700,1340000,Mumbai,579000,2,1,30,12/06/2004,13/07/2006,Full Time,Uttar Pradesh State Board,Saraswati Vidya Mandir Kanpur,NA,92,10th,14/02/2007,25/03/2010,Full Time,Uttar Pradesh State Board,Radha Niketan College Kanpur,Electronics & Telecommunication,93,12th,14/03/2010,18/09/2014,Full Time,NITA,Motilal Nehru National Institute of Technology Allahabad,Electronics & Telecommunication,81,BE,20/07/2015,22/01/2018,Full Time,NITIE,NITIE Mumbai,Mining Engineering,87,ME,0,29/03/2017,19/09/2018,Full Time,Junior Technical Consultant,TCS,Manufacturing,AGRA,India,,,,,,,,,English,Good,Good,Good,Hindi,Good,Good,Good,Marathi,Good,Good,Good,Guddu,Software Engineer,London,8009800998,,,Naukri.com
88995,Major,Uday,Bhan,uday.bhan@mailinator.com991,7864823665991,7894923645,13/04/1990,M,Single,PAN167694991,No,Behind Yaga Baba Hostel Baner,426194,KANPUR,India,579700,1340000,Mumbai,579000,2,1,30,12/06/2004,13/07/2006,Full Time,Uttar Pradesh State Board,Saraswati Vidya Mandir Kanpur,NA,92,10th,14/02/2007,25/03/2010,Full Time,Uttar Pradesh State Board,Radha Niketan College Kanpur,Electronics & Telecommunication,93,12th,14/03/2010,18/09/2014,Full Time,NITA,Motilal Nehru National Institute of Technology Allahabad,Electronics & Telecommunication,81,BE,20/07/2015,22/01/2018,Full Time,NITIE,NITIE Mumbai,Mining Engineering,87,ME,0,29/03/2017,19/09/2018,Full Time,Junior Technical Consultant,TCS,Manufacturing,AGRA,India,,,,,,,,,English,Good,Good,Good,Hindi,Good,Good,Good,Marathi,Good,Good,Good,Guddu,Software Engineer,London,8009800998,,,Naukri.com
88995,Major,Uday,Bhan,uday.bhan@mailinator.com992,7864823665992,7894923645,13/04/1990,M,Single,PAN167694992,No,Behind Yaga Baba Hostel Baner,426194,KANPUR,India,579700,1340000,Mumbai,579000,2,1,30,12/06/2004,13/07/2006,Full Time,Uttar Pradesh State Board,Saraswati Vidya Mandir Kanpur,NA,92,10th,14/02/2007,25/03/2010,Full Time,Uttar Pradesh State Board,Radha Niketan College Kanpur,Electronics & Telecommunication,93,12th,14/03/2010,18/09/2014,Full Time,NITA,Motilal Nehru National Institute of Technology Allahabad,Electronics & Telecommunication,81,BE,20/07/2015,22/01/2018,Full Time,NITIE,NITIE Mumbai,Mining Engineering,87,ME,0,29/03/2017,19/09/2018,Full Time,Junior Technical Consultant,TCS,Manufacturing,AGRA,India,,,,,,,,,English,Good,Good,Good,Hindi,Good,Good,Good,Marathi,Good,Good,Good,Guddu,Software Engineer,London,8009800998,,,Naukri.com
88995,Major,Uday,Bhan,uday.bhan@mailinator.com993,7864823665993,7894923645,13/04/1990,M,Single,PAN167694993,No,Behind Yaga Baba Hostel Baner,426194,KANPUR,India,579700,1340000,Mumbai,579000,2,1,30,12/06/2004,13/07/2006,Full Time,Uttar Pradesh State Board,Saraswati Vidya Mandir Kanpur,NA,92,10th,14/02/2007,25/03/2010,Full Time,Uttar Pradesh State Board,Radha Niketan College Kanpur,Electronics & Telecommunication,93,12th,14/03/2010,18/09/2014,Full Time,NITA,Motilal Nehru National Institute of Technology Allahabad,Electronics & Telecommunication,81,BE,20/07/2015,22/01/2018,Full Time,NITIE,NITIE Mumbai,Mining Engineering,87,ME,0,29/03/2017,19/09/2018,Full Time,Junior Technical Consultant,TCS,Manufacturing,AGRA,India,,,,,,,,,English,Good,Good,Good,Hindi,Good,Good,Good,Marathi,Good,Good,Good,Guddu,Software Engineer,London,8009800998,,,Naukri.com
88995,Major,Uday,Bhan,uday.bhan@mailinator.com994,7864823665994,7894923645,13/04/1990,M,Single,PAN167694994,No,Behind Yaga Baba Hostel Baner,426194,KANPUR,India,579700,1340000,Mumbai,579000,2,1,30,12/06/2004,13/07/2006,Full Time,Uttar Pradesh State Board,Saraswati Vidya Mandir Kanpur,NA,92,10th,14/02/2007,25/03/2010,Full Time,Uttar Pradesh State Board,Radha Niketan College Kanpur,Electronics & Telecommunication,93,12th,14/03/2010,18/09/2014,Full Time,NITA,Motilal Nehru National Institute of Technology Allahabad,Electronics & Telecommunication,81,BE,20/07/2015,22/01/2018,Full Time,NITIE,NITIE Mumbai,Mining Engineering,87,ME,0,29/03/2017,19/09/2018,Full Time,Junior Technical Consultant,TCS,Manufacturing,AGRA,India,,,,,,,,,English,Good,Good,Good,Hindi,Good,Good,Good,Marathi,Good,Good,Good,Guddu,Software Engineer,London,8009800998,,,Naukri.com
88995,Major,Uday,Bhan,uday.bhan@mailinator.com995,7864823665995,7894923645,13/04/1990,M,Single,PAN167694995,No,Behind Yaga Baba Hostel Baner,426194,KANPUR,India,579700,1340000,Mumbai,579000,2,1,30,12/06/2004,13/07/2006,Full Time,Uttar Pradesh State Board,Saraswati Vidya Mandir Kanpur,NA,92,10th,14/02/2007,25/03/2010,Full Time,Uttar Pradesh State Board,Radha Niketan College Kanpur,Electronics & Telecommunication,93,12th,14/03/2010,18/09/2014,Full Time,NITA,Motilal Nehru National Institute of Technology Allahabad,Electronics & Telecommunication,81,BE,20/07/2015,22/01/2018,Full Time,NITIE,NITIE Mumbai,Mining Engineering,87,ME,0,29/03/2017,19/09/2018,Full Time,Junior Technical Consultant,TCS,Manufacturing,AGRA,India,,,,,,,,,English,Good,Good,Good,Hindi,Good,Good,Good,Marathi,Good,Good,Good,Guddu,Software Engineer,London,8009800998,,,Naukri.com
88995,Major,Uday,Bhan,uday.bhan@mailinator.com996,7864823665996,7894923645,13/04/1990,M,Single,PAN167694996,No,Behind Yaga Baba Hostel Baner,426194,KANPUR,India,579700,1340000,Mumbai,579000,2,1,30,12/06/2004,13/07/2006,Full Time,Uttar Pradesh State Board,Saraswati Vidya Mandir Kanpur,NA,92,10th,14/02/2007,25/03/2010,Full Time,Uttar Pradesh State Board,Radha Niketan College Kanpur,Electronics & Telecommunication,93,12th,14/03/2010,18/09/2014,Full Time,NITA,Motilal Nehru National Institute of Technology Allahabad,Electronics & Telecommunication,81,BE,20/07/2015,22/01/2018,Full Time,NITIE,NITIE Mumbai,Mining Engineering,87,ME,0,29/03/2017,19/09/2018,Full Time,Junior Technical Consultant,TCS,Manufacturing,AGRA,India,,,,,,,,,English,Good,Good,Good,Hindi,Good,Good,Good,Marathi,Good,Good,Good,Guddu,Software Engineer,London,8009800998,,,Naukri.com
88995,Major,Uday,Bhan,uday.bhan@mailinator.com997,7864823665997,7894923645,13/04/1990,M,Single,PAN167694997,No,Behind Yaga Baba Hostel Baner,426194,KANPUR,India,579700,1340000,Mumbai,579000,2,1,30,12/06/2004,13/07/2006,Full Time,Uttar Pradesh State Board,Saraswati Vidya Mandir Kanpur,NA,92,10th,14/02/2007,25/03/2010,Full Time,Uttar Pradesh State Board,Radha Niketan College Kanpur,Electronics & Telecommunication,93,12th,14/03/2010,18/09/2014,Full Time,NITA,Motilal Nehru National Institute of Technology Allahabad,Electronics & Telecommunication,81,BE,20/07/2015,22/01/2018,Full Time,NITIE,NITIE Mumbai,Mining Engineering,87,ME,0,29/03/2017,19/09/2018,Full Time,Junior Technical Consultant,TCS,Manufacturing,AGRA,India,,,,,,,,,English,Good,Good,Good,Hindi,Good,Good,Good,Marathi,Good,Good,Good,Guddu,Software Engineer,London,8009800998,,,Naukri.com
88995,Major,Uday,Bhan,uday.bhan@mailinator.com998,7864823665998,7894923645,13/04/1990,M,Single,PAN167694998,No,Behind Yaga Baba Hostel Baner,426194,KANPUR,India,579700,1340000,Mumbai,579000,2,1,30,12/06/2004,13/07/2006,Full Time,Uttar Pradesh State Board,Saraswati Vidya Mandir Kanpur,NA,92,10th,14/02/2007,25/03/2010,Full Time,Uttar Pradesh State Board,Radha Niketan College Kanpur,Electronics & Telecommunication,93,12th,14/03/2010,18/09/2014,Full Time,NITA,Motilal Nehru National Institute of Technology Allahabad,Electronics & Telecommunication,81,BE,20/07/2015,22/01/2018,Full Time,NITIE,NITIE Mumbai,Mining Engineering,87,ME,0,29/03/2017,19/09/2018,Full Time,Junior Technical Consultant,TCS,Manufacturing,AGRA,India,,,,,,,,,English,Good,Good,Good,Hindi,Good,Good,Good,Marathi,Good,Good,Good,Guddu,Software Engineer,London,8009800998,,,Naukri.com
88995,Major,Uday,Bhan,uday.bhan@mailinator.com999,7864823665999,7894923645,13/04/1990,M,Single,PAN167694999,No,Behind Yaga Baba Hostel Baner,426194,KANPUR,India,579700,1340000,Mumbai,579000,2,1,30,12/06/2004,13/07/2006,Full Time,Uttar Pradesh State Board,Saraswati Vidya Mandir Kanpur,NA,92,10th,14/02/2007,25/03/2010,Full Time,Uttar Pradesh State Board,Radha Niketan College Kanpur,Electronics & Telecommunication,93,12th,14/03/2010,18/09/2014,Full Time,NITA,Motilal Nehru National Institute of Technology Allahabad,Electronics & Telecommunication,81,BE,20/07/2015,22/01/2018,Full Time,NITIE,NITIE Mumbai,Mining Engineering,87,ME,0,29/03/2017,19/09/2018,Full Time,Junior Technical Consultant,TCS,Manufacturing,AGRA,India,,,,,,,,,English,Good,Good,Good,Hindi,Good,Good,Good,Marathi,Good,Good,Good,Guddu,Software Engineer,London,8009800998,,,Naukri.com
