xzmO66wo202gzFNZtat7Zg==
ZyeP4BR0/cw=
wpdPu1+Tfnc=
jsPeKS/jIow=
ZWhVABWUwu8=
lhvDvvUKsl8=
krgd2X2jCJ0=
BE1xhqKBwB8=
b02Wjqpkbdk=
SFux0h7hPAw=
mNzhwDp6i6Y=
sQDPr8U4WL9d8QPfxlWvmw==
tX1PQ0EEbYo=
CmM0p+zNRXA=
Wipc23Z66dtlaBW0bI4ReA==
PapZpLLDodSuLFtmvl9laQ==
3OJNMsHXyjo=
U4MQhGELTGs=
LfvoOhcv9tY=
pSNV6iKeTXM=
2EFplpUPJY4=
jnfGdfp8YPj2DnjNUKWulQ==
gLSwQD0llQmfZE2IuC9bbQ==
nEI8yd2/3OU=
adcyaqeCxC4=
K+3vLexdHHk=
B2IIUKtgzP0=
KSJWxfn9ncs=
6c0mWbac4gY=
ky3B5gEvOYg=
jXGK+QiFmdc=
/Mpya28QAi3YN87bzXNIuQ==
RgZoFqa3PkI=
Rq9t9EdwikQ=
BJwoqCXvun/2PM4cT+Iivg==
mZ8HAtwH6dk=
fyZZ4Jdtq48=
H+bETz3km7WMmwZxClHSGw==
nPkeFF+mFLU=
I6R6S7LwCyLo8NL4fzOrGQ==
GP70X+12guOdy/GqNCJ+Hw==
XGSSNOvAh5nxoAJOyF0ieA==
PYQJPkiJEGEPNHizECFb8w==
PYQJPkiJEGEGpgxdUMIjbg==
PYQJPkiJEGFteQ7NQ1uT1g==
rC5GLvfjqYk=
1iuAzWg1CvY=
jw5VqqeRnX8=
88RNNFCe8J8=
9hy7cga3uL4=
kXNp1BZfDco=
gfuaGhyHlyE=
mps2KuMnMOk=
kptbzhg8YX8=
KTK03Y1cWcTbDWZ79446WQ==
1LNTnxix56Q=
Zu1GUQt9Y+X4AtSTSYSxxA==
IXezyDkicIHKjiQpJiKz5g==
Ue9MrpcfLdY=
Z7fR7V+uXCE=
2/eTIzkdIbeQOG914LqO5g==
KwuSVF82rMY=
lzEPIY04a3kcQ4do0nkIAQ==
KwuSVF82rMY=
lzEPIY04a3kcQ4do0nkIAQ==
Eb9kQmgHzVM=
M91sM47eZgrfTxpzI5NvJA==
624MtCbv2LI=
xYySwQl7CIc=
bPO3qCauPCw=
PVYpnYABPOQ=
f+7q4IYIJr4=
fXOc1eQq7wuD8djYeS6aOA==
v0XQtMplo0KPB7RTnRnyDQ==
BM57LrNqjRQ=
dTI0+cP02XA=
BmVAUph6kuvF1YkmObmpaw==
dlupPjMPAcU=
KHMZVS5pzmA=
zJ/uoHFqbmI=
nGJX4vikC8fYd9mYnfptmA==
MK/uBcC5U2c=
j50QQiwz72XityQ6zWBI8Q==
k5CBn1Ise7U=
6yO/1+ay5ug=
/RWjRfLrH1o=
UDpry93ZGgs=
FFHVPj6OLWw=
bWIXH+8QwGg=
W6c3scqo4UQ=
iZgGHyjt/tvC6IXo/A/jTQ==
sdx+eiNju8iRvFyWPUko5g==
sdx+eiNju8ixlmSQUuJL+g==
thl5UKz2HPo=
tG0yGeZB5a8=
93dDEpaZSy4=
SCLMVMpGa2w=
ouaYlICw7aM=
a//9W6/u95Dp6zCBFoI3ig==
WYd4f7omnbSnOq9vwwtIBg==
eCsgA4BwNeY=
H/3Sr1owZTVQ+mPVHpEEFw==
9tjobwLlplY=
0LCKIgKWGzA=
seQ1G4TCmgCIHQ2s/7uchg==
gwAA1Lt2ogNVk9zCEGTgTA==
95WlSz7UUz0=
ubB5vyWfe1Y=
F3qU6OeC6l4=
IaGHOQk8ZcU=
r+ziAqs0yJM=
bVGZAYrgXu/CD+CwutfrQA==
GpXwTRyTH6scJis81hbV0A==
HVKhudHaFuJJkerwz7z3Qw==
GpPTBRFB+zM=
U8WykA3zyfQ=
6TEby3Wwg9E=
AHtU7PCCR9o=
AcWUgKo2mEE=
OoHbxg0vt04=
7VtVI6mlodc=
IThw0m/Q30Q2Rv8hBPiMBQ==
Ygvpg17D23VDv7jYwOJPkg==
68wrhRuJxBw=
OxWEpewlr0U=
MQo5kJswoeI=
HL3G19Gcs+c=
hmS7AVlA8ak=
gfeJGoccheA=
cGr65z3Gd5E=
4mClvvjPJiU=
Pbx+ENJHLek=
OLVWQJzhxkY=
K5SSmgv+3Og=
zgD4EBEHVqE=
RzhadSXHU/0HNrxXkJfcjQ==
gdBRBsK1sNs=
sVw/tFs3AQ0=
xwAf7FZ3d1Y=
/Rd0mfgP+mhSnZlu+uUCew==
vZRhGDoDc9GAQ/e++m/5Vw==
g1MyUHXnjSs=
HnHnNWCN2NvHSQUpe/E6OA==
ZU1hiXkwezcnK8jxbIyfbA==
Qp/r2o3n1UY=
/iZORdrFbb0RSTfXX/EJ0Q==
oTqqcOQqcSgBCsk/EoVfVg==
oi7NL+nSD03jGMGzUFV3DA==
JF2Ew5PTYAWx9p6j+SntGA==
Jw6/mWLyaAM6Qmt+XwFxDw==
pSd4Pw51QJ+MvCsh/+EVsQ==
cqNUzISnbRM=
QhkqQIlWaVym5FevM/cJSQ==
wfTV89fYc51+1xbKSUiS+w==
n0S1Gd9OV6yLOmXrhR0PCQ==
n0S1Gd9OV6zHqmKW5QFV5g==
rv40+zJBsjqyt+aWV4Ti8A==
4UH/qowz8n4p4aGs2CYP9g==
yN9XxHvDF884ZDOlwLncvQ==
V5ZgLPxfayeRujIBN19oqQ==
/N+XA7apoMiIEhPeb9kHIQ==
jho2JSzFFjm+N8saCSMQ3g==
mHENVNIUfpvx2oRzCJD/4Q==
v78wxjC6SuSnewYwubrdNQ==
l/K+75HD1fk=
fSp4Yh1G0dQ=
1dpP8KUSdCEiIHSIROnXNQ==
xt3Sj5XYX0QNfPdYeNsqaQ==
b3kb7PJWrJA=
/4thZVIG9t/W5rqKyR6Pmw==
/4thZVIG9t+IrM1t/ZR5Qw==
KdvU7jiiGcuNH/KTsky9YA==
mvOIdLkw2C9fjzKobGGwgQ==
R8qgc6lWClxjDZ5M6Jv7sw==
AZbbfXchUWvUB4EE/sYdXw==
yGaMGGjprEqCK8mu5KrLSA==
8k+hWxicFfY=
C5ySB/qjkVQ=
ZbH3R5F29ec=
vAy+m28UIxlHhr6h0aQAcw==
VtrTtJaJNcpGF/Ie384KyA==
FfC1TRroOHI=
ogV8rfACsz8=
HwzHWsElvHs=
1TAEqB4o5Zo=
Rau63YF3olc=
DcC/jtrLrAg=
cr8LQ6oLgUk=
vj9zUCXMARU=
zOSE9p5kJtvb1LebT3DEqw==
JlP41mFQAmw=
m9tNByAljJo=
hlJijKTzHaU=
cGr65z3Gd5E=
Sa5w7S3mtjA=
rRWnXMjVcB4=
6PIUi1qkPQI=
DUd/EfbgYQ0=
aCIO6qEb6fI=
EXwQw8d4qzQ=
OBNdC6oZpQo=
GLgZP01RXEQ=
EXwQw8d4qzQ=
NZooUwh0bPQ=
ieA8vw/Vsp4=
8dv7XYVPmu8=
snlfbln2Ds4=
KHNXnvK/s/Y=
sBGSU3Sp/VIX+SgWAM+ZYw==
QZB5K4SjfPkj8S82nHPgEg==
QwRpen18ZYby1eBjS4av0w==
JWaIfjx3MJ0=
zWY1u8rA4Qo=
p5eBD1jbAuc=
yZ3LOkoTpNc=
rBGIUuu0oGU=
a1tsiPwiQig=
8LB4mjUENVE=
mHwl5uWIrH8=
NQIEmLonQP0=
mrEc+9w0P5s=
OB+T+0gVeqk=
+oKFaL4W/VlfcIhGjekDwA==
KPv+lgEldJA=
z2OGgGhklqQ=
Soravs8jevyNuCNR8P1X4w==
wL1/EtLDFSU=
lyu91Up3cMU=
0wlaEmLD8j0=
RazF9SGIBus7AiFLKNWg0Q==
1i9njmnVr8c=
jd66oQP2yac=
GRnNT+Ij5eI=
nF5klDKOdI8MfqG23CdHmg==
yqhJaI43v3k=
38qpiSZgH7g=
UW+itw3APHM=
1lm8sXC4rG4=
m/QegRdO7HQ=
4Q9N+vc09eU=
nTvnCcgblO4=
IvHamuLuDq8=
CI7YsX2EoxI=
D0pEH+fQKLgYTMvwfiHhCA==
juXEExDyVCfjbIDSSROTMw==
YYNUauNNJsE=
KShTMEkgLc0=
/kLBZAG9XTs=
PAqbLFga0dk=
mYHupwN9JkU=
T/WGz0a3GM5VXAv0IK8FAQ==
cR3pXFv+GpE=
GM4PQasuF1Y=
uAkeSlW/e6M=
IRAKVAFjrRI=
ykUVsY5Q/48=
Ur987KSxIfk=
k573aKY3EOU=
Odhu5O7d5lc=
PuYxEeoKCRc=
Ah9lvgLiD0Q=
ricgNBSHQ3o=
yZKnu3DwHTA=
dXfPNsBMhPttkCOF/WuXLg==
T0eLYy2x2gA7x7aCXda10A==
8nBrV+4c2F4=
QBkrRVuKspw=
p6nngHot8M/x9Vh9HSRJIw==
S7qfEnU3ZPeNkW4SUIzZlQ==
0/YX44NIIpg=
1lYpYZV44u716AUpNIyR6A==
tN9SSVtj9zo26XSWBLg8qg==
5frdRmmdadM=
DcET2+3ZrjM=
miKejgJ9CXs=
IhfausiRaDI=
7o8QYVT95ao=
vKyPo3882jI=
PAqbLFga0dk=
7o8QYVT95ao=
Ue7B6SKwb0Y=
SLUIau+vGIk=
UIWtc7dCi8s=
iDEw//Z1rOo=
VyW9Id9On34=
E92FIDwFG6QbJsiKX1OXHw==
qeC/gbQBZ3U=
ymK0eXZj0Z2+Gdarwd+fOA==
N46vTAbOBKssxbu437GJMA==
3ORYgTXQupxMYzU20+l63Q==
ruFhuVtXjZE=
wXswPdxm+t8=
/qhuObXB9BY=
QC/n4NG0SDY=
GV2r2lY51Zw=
lMbF97yuPn8=
P3ddUA4WF0E=
3MGinIi+IHI=
VXcVdjaiSdA=
ReH2PQ2Lq2U=
iiIPR9U5MBE=
RgX7P9Rr3ac=
4jfN8CAhKuE=
HKfdfEA6nJOAvPU/XxXbAQ==
3HMsQO8bA9E=
DNscuYXx0dQ=
LKLc3mxzs5E=
6zOMRsEZK+g=
5H7Q98ZKaWM=
TH4LMYgahIY=
7JIvcDQ/dpo=
5p5Q4L9CjZ/dVBRpPjovMA==
5WMPoe1wuS4=
JyaXPxqK+iw=
ArmEWNMczjo=
f5m8LPgO1ww=
vFEhakSHv2Q=
K76TnhviGro=
QWUVNOMzbDQ=
Zon+JLyzd4k=
lvOMCnuE3/89aHvX7gnznw==
qZsSW3dpX+B7EjBPqUCGBw==
LV9UIUJbQNdEMz33F2j9wQ==
CnOh4bcqhOE=
A/eqshKg0ak=
jgi1l0HOWeM=
pA6CN2YZ9MQ=
Pqk7n+ggYOQ=
V9/xrgIEWaw=
qUP4xU1NyZQ=
XSDhCjc3uVU=
IHn/RDijOyM=
S9Po2c2uwB8=
MIQeBwVYt7c=
lje+wuqfCiE=
pvj4EKCbWm4=
iHnnZp95R0g=
TQzZeobccsw=
ef/Nfs6pnss=
nv95WO0vZ50=
v5ds7OufJ14=
5m4PrXl+llY=
0oazceHA+m4=
A8yugSEHQuQ=
eFtr6Np3kB+hUJgImfIO9A==
Uequg5iObGc=
qkf+bivvlyA=
8N5edXnzhTc=
kLE51edOHs8=
blnvmSLrdf8=
LwOFl3JvR3Q=
yq7KQTVsMuU=
t/TlUCC1sLM=
IDt5OLrqTOk=
/jusTH7uOEY=
R9cKKyZPcyw=
+BeulRMrJ1E=
Aw3NwImL6kLQZ0gHkWydtg==
W7XaHsiISls=
5x89STNEnL4=
MaJPUM99w5M=
oPxRH82NgVc=
H/TgVsn7v4Y=
8k7JUvjXNHo=
am8wtEJpR6I=
LBhOwAeu1FR44ONdgjznCQ==
XVDo3qXyOS58XNSDcvenXg==
UDsg88iC01A=
nFcLAGXhVM0=
YAj8/OGAGgNy4MgT9HY7bA==
OahYe7KZ1dI=
tIlGMaSJYOQ=
orFotOUBHIE=
8yJIcWOKssU=
0w8uvJYeboK1ZynFMOaQmQ==
/v+9Yd67UVg=
3cyXfaOU3SvxDga5gbm1vg==
Ip9Ry6QBxtqzLU7vra78mQ==
ZjazI/PSDRQ7xajif+qqhw==
3X/SNjpwPzg=
KNBr/0Nx41+O2SLrC1jLNw==
hVwZh69/DIM=
zGBScpM8bQg=
vqYCXs1tSLE=
IsC3PEWvq+Y=
09HYzuqvXpY=
p0I+k33Hy0s=
CuMdTVEZUz4=
NRN9Rwx2GZ8=
nhYnc/1b3KQ=
IzmcOi/GWHI=
GXOiWirU+Bc=
vrO30aZwPQw=
ByAmVXSqrv8=
RMq7Og87UsFve76YwQdSiA==
wufZHzp5mKM=
eUkJ1yxF9fnT1d6Rq6FiNA==
xFYW+nyf0quV65DUEjoCdQ==
MoM1d/R2sMk=
RLjiyvJ5l6o=
kektRVv43Fw=
qf06t6nWaFY=
YjDfIs12kqHUHumVyzfyqA==
jsPeKS/jIow=
Yu+rqGPOPJo=
jsPeKS/jIow=
alv/xp8X+aM=
TLhUnchGY/g=
dg5kneRMi68=
VIQtzSgNLTo=
hcgumH+2XR0=
vigWvsFsYRQ=
xp1IgcD3ljI=
Yybnixzda74=
ReNn2G4cL1c=
PAEaOeSb4l4=
QNrn1lzGrPo=
SmTDpzmvtHc=
ktKgIBQatUk=
qj42oBdyKTs=
uLXO390K6DY=
7uJEPaKyHi8=
704jylGHJ8k=
7YPF+mVUD9A=
95nMol47cGU=
Zhsd+auT/Ew=
krgd2X2jCJ0=
vDWOnw8zF6E=
krgd2X2jCJ0=
BE1xhqKBwB8=
vDWOnw8zF6E=
MR38ZWK+Cos=
5eihfxlYN5A=
dQ6jZH8o+Nw=
K+R+OJJY4A0bxXmQrgFw9w==
ry79HDwwql4=
KzNrJnQ/I/g=
5KW7dpjQhlE=
1TWP26Vb3zI=
vBV2l2LyJmg=
jrQdQ4ic7qc=
+lkIzQjR3+0=
SyqKklDxQz0mDx3SqnvRaA==
PvRCeRpLH3I=
3d4MjQ/RIvH1DVEsypdivg==
eAbOp4Spmbs=
O+FbKkMTrfU=
KqYab/qPkq8=
9sI+AT9bUC4=
HgvahPZPXWw=
hys/4xRKJnY=
PDZ3P3+TfHE=
6X1UhhYZ7aE=
GbZPk7HtQ8g=
bpY7UWBtT/k=
FFInUTOVCuw=
HOW4eqJ8Vv0=
r46sstV9i+M=
+66jMWCDchk=
hsu6inHIYfs=
DJb+KBT4Hn8=
FpBYLi45rBG64uBuhnq+Vw==
0AhRTLiYOsFqiy1TY3BzcQ==
svEa7xbXLm1kgUZmzvhF9w==
y+erFZmVB7QnkPOTBTJpqA==
COtbOXtptIo=
ZXIAXmAQv3I=
q+0Fc3vM/moxtefTpl7uIw==
jZJtCMEW99LV/QQP+We85A==
Ftf+3fDxEqWMcPBRR7/anw==
LmvlqgTEh3k=
ImuV8A7k9d8=
ptjrkBzJtbQgHOTCUBeiNg==
6WMLSqeZM+8=
OtBXS2H+xts=
WKdpG3AZHw9F0qb4r3nsCg==
ttCBTBmpAQQ=
3jv1Rb57bn8=
Szti8q0y0TOmnpr+jl90LQ==
epLao30cNhD/n7u5GP80bw==
X5jW+9F0SMs=
+6Zo5KwLgtU=
a5Gt2CQ79ao=
Wc/9qTF6VWE=
4dao9bt1LqozRRMgdituAg==
8MzGcmppwojpVGDHt0aq+Q==
fzXjMH/NjYQ=
V/vBSt0pULU=
r+nZaATVl10=
odlQ9Je7Jq4KAllpSinjhA==
4pMbwv+UyzM=
jA+8w0p8XC8=
7VO7EW8r7WL10PXwixDjvw==
i7jmo372Arpv2UmaWmEbAA==
q4awvC78TGmMYBvtLGBNeA==
VRrx5ePKMS8Qjv19YHk+aw==
tOov2xqh4Mw=
PelIn7zNY4I=
WvfGtgX8IgMVeRsJPTllPg==
6pooxv/kZGc=
sbTzJzaVzorNvuH2moi7Lw==
WrT5E7EyHf9B6YvSeVkrew==
Y6TlRzSrEKM=
5u3w0A55/Ho=
TEVso35GNrI=
oUU3Z/ZfV6Q=
5M/hkOPCU7I=
kE/rQyLAs7c=
m7kW2+B/4PY=
2FehKVT+pc0=
5WerLqLbmXY=
MQaJr6hy4bs=
6Cex1d5Hjmw=
L7Fl1XEfeq8=
a/YWpvPEl/4=
mQaqlIXLzyE=
apZxTaoOcRw=
mQaqlIXLzyE=
UzAJahyltMULHd/p+6B2iw==
oB6q9czfGdc/8dO5lU3sEQ==
jyotFKB+35I=
6CZ91Dnhw5U=
GNe4M5yYkx4=
lj/cCE8bMRwhAge42zxg7Q==
FOOmTRgbgdE=
kHc/PEEWkHk=
U4tfT68ikCE=
yDRZfVRy5rA=
IXkYE2xqDQs=
DI0JyMGZa2P40n8/jSFumw==
xIu8WoOohKMHUwUtThu3rw==
rh9mleIxFTCHYNxTLI943Q==
0nO2KgbOBgg=
psBLSgJSThQ=
I0vBqhIT/Lw=
UwtHHriI1Aw=
uYjhLDndhEU=
nNBQ3T1ijag=
wjuc2teamJE=
cHWLlPEt26w=
/coYPWtbIZU=
Wf3XJQ0kHxU=
N+opXziANyc=
WCo9vh+wdxk=
v/8BXTsOUEg=
wxlSs1GaaZc=
2q9m5LNa7A4=
13aOibINt4s=
3Zfvz0SdJ4s=
xs0EyrcS1xg=
gxOwfI7HPRs=
KVgd6Oswz6Q=
vUyF78u2Cg4=
Y8cfcO3A5No=
rmx0fPGpP6U=
kneqqNAt4UA=
krFn9Q3rkL5tnQkKsNvIWw==
F7zM4p5z9nk=
AEb7SIPiq30=
lPmnDcAp541QTTFjXh2KpQ==
vrC+GkdAqxg=
PeVpKjynQyc=
WaFVb1nwUyw=
zyUO4P04CXQ=
h2YW6fMgkkFi+PuduE+9wA==
bAJWl1E7xyQ=
cqXLldMTVCI=
BByoDS/8RIo=
ZPQ2hC86fEDlGpxIBC1VpA==
ZPQ2hC86fEAS6I+Kp//JRw==
J3eraesK+tA=
DxTyn6QE0yg=
44ZjceUw5KY=
aARUJjmnXiI=
eYujkcvFu+Y=
2qNMUJLx594=
BL6LxjODSnI=
eE41oeBvN+w=
/dXpPB0+KxU=
logxwJXscAk=
SG4CQb1lB9Y=
ZEz4kzF86rk=
EOHZnVryO3A=
VdAR4+jTFBI=
meyHa1wUqKI=
hQ6HUOvpN+E=
EQvk3/9hmPs=
PI1Jdjf/mJA=
6Ft6Qg7rVFE=
YZe+Zn6RavE=
ju2tqfu/nMo=
L9Y+iRwHqkk=
YZe+Zn6RavE=
ju2tqfu/nMo=
eYujkcvFu+Y=
bdZxudXiPVs=
89qROJwTMs4=
apZxTaoOcRw=
nfcDgsFLKto=
BRJMzW/nSAU=
I5hZfDSBFi4=
U4xRX6HtcfM=
dUCbnrPQcos=
qXGr5WUrrj8=
/0DAbPIoYes=
MszZLF+ELjQ=
zroNACsqlxQ=
tReXWAP/zms=
oF1rNQRQ6xY=
rt8YZYaglYA=
s63XXqoVGDA=
JddJli6IKiCkMgnFD4rv2Q==
ln41x6fA9d0=
N9PJfN12zoo=
m2c1blkrjlo=
5qud1SaJIUc=
MAtuI2zV3zM=
TehIspFKPOU=
9Q7//Ov3OYM=
6+kSt3uqWJvn7qsYqgaccQ==
/CEHIQxWeJM=
cf6OqwJoKGc=
kpcVnjun9zw=
H95DgW0Ptbs=
q0SNWn2XBH0=
aC8WGvaIvDE=
OzaV9LdHLLA=
BjjHdly6iJE=
ew5v48zh2L4=
iOQFdxRrEO4=
tuo7IGdRdbo=
lHpNP6T0yTY=
x03F3yXG6k8=
Qxl6mdrugsA=
WMSvfjVq8fY=
biiRQmdGfr4=
wvdC0KY1JnxluKAjT9cu/g==
0hN0Y1lWKG4=
FtyzWCjMijQ=
9Rqh1awQ0sM=
IHTGTlfRKsA=
FtyzWCjMijQ=
FtyzWCjMijQ=
IHTGTlfRKsA=
FtyzWCjMijQ=
IHTGTlfRKsA=
Wiz2YyBIO6Y=
IHTGTlfRKsA=
m/VO4KugkhZn8OBPyGxfEQ==
q/E5SfKtU5A=
Sy24tRzxIGo=
bbBIG1flfzdQ+9RAbFAwpw==
Qyy9oKO7k9g=
ZwRS1SA2jbo=
fToTe5x/kJM=
1Vm2UBC9MMEqz79LZarU+w==
8xDl7IhPg1M=
RwIhAw0oVIo=
u91alvu1cLw=
ZsLWZBG55MqmUa6BoS5p4A==
R2d6Ha5vkD0=
cfVWYrRmk4mXSSFG2dzSlw==
vFqQWHtEAw5WDaicIsUntw==
NawvWg9St34=
QGP+AO8VEqkQow09YOdApA==
oOvhP1tOfHUWwWPBHsk5Ow==
Z/JHLNwSzm1oKwENQG33kQ==
30kCwSCYDz18gT6ZbAbGvg==
HBeu4GqVyLE=
vbjGHMSt604=
/nmeQGzY4mLHdvpIB9uNTg==
MsDWJP24oY4=
pjreSTZ9DMI=
TRLTYegq3G74kSNdV9OmlA==
2KZya3sO3MY=
Sc7WpL4o0XKpSIg7bcXGsA==
E/UxnS3Ua+tZtfvzjLXCug==
y67tg+hf9ms=
t9LCClBSk6ZACJsCVE7t/A==
iLfjVp5BTQI=
t3MxN5LQS4mhO0AD3uXfzw==
ZguW50hTXXM=
l48L4n91trDuy++5P5erZw==
gMoE51yTxP3s0vSLKCI1Qw==
LZClYItzfoR+gIp67/QTRg==
nbsy7NgsSPM=
ZWckvGnheqY=
ZVp175blwzw=
njjOtX1FE86Q6KME7f0gvg==
vUeMnNCt/2U=
csdEo+SNhdwii9axY75BFA==
JeFxBIVeROg=
vrS4aeeI/eE=
6I/grc7MIeaRihzofgI6Kg==
Ov3JHvD49ymH9NQ+rlxe3w==
b6GvN336+47eyKjzBD2xMA==
1xHpcNUiO1Q=
snr6XqLm5MY=
Uk1zQSjnczg=
siMmIwGqlvg=
HZqwlQnjHqg=
uPbq9BQb9E8=
Q6FW/Y+ADD8=
WTM8UGCC0wI=
tWBbzCm4BLHjnVlcSyzaxA==
jHmkfYyFC2o=
YB6DkeLfwESlhPdKFare+A==
0i0PAVQn1N4=
+tXJuH9HCZY=
MyvCjIIEjiE=
Kn/DMcu73HQ=
7i4VH7OPHTc=
Lk6R+zNXeAg=
IoFa0kY372SINde5TfUSBg==
HfF20T/rgcA=
J+aqkvJFJ6g=
LQeQeAuttV4=
3OaO7c404pM=
cNhnYOkK6wA=
y8VBNXwxtok=
D4sVEUTK85g=
0i0PAVQn1N4=
D4sVEUTK85g=
1TYRdwDkqiU=
SiRCAYdjvh4=
gd9kDkB7JGk=
HWxXEB9qHkI=
+tXJuH9HCZY=
HWxXEB9qHkI=
XL8Bd+d6QHI=
mH6sQianPKs=
6oFMtIBOm5Y=
6zIwgOzS/Uc=
dbGKCbACYag=
Qw7DxJGLBkM=
w+KWMqBgrdY=
6wEAURBu240=
TtzQAabvCZA=
1WIwI8BpAV7p3hUD5vibmQ==
1xPPetns+9H8rs/R/mTq8w==
fZS1WAaUmstFD7Zot7Eqjw==
66r2ypu7cvk=
sILPECo+k/k=
Wiz2YyBIO6Y=
9vKaH0yu/Lxo03WX6kIOiw==
eUcpED5Yf0Q=
5D+l0bpit+s=
FfVHQpUEZ40=
Xj33KCXbQmg=
dHuARCcQSAO5alilZEqpUA==
0xAmbd/sNnI=
QKv0rLXd5JA=
6HXeOZT24js=
31j7KJ7dETo=
MX1wCr2jn6I=
7WbT8svE2rg=
Ii0Tp0fHQcY=
VOxxz7uyCL4=
HL6KLXqRdHw=
c9/EsfEnZWw=
FOBQCF2Ih+0=
PiDHi87iVVERWX8Gi3U5xQ==
wAQjA7CCkNM=
UpdlHSjWiLXhKj9fTOM25w==
0H2xduSG23Q=
p0t3+Iu6ivw=
ZNgptl5cfn8=
KnD+3wRPiGXAE7+TX2hk3g==
pa5+xItGBHM=
EqVkVy7SQq0=
3M4mRnbEWhrAb4HKg4TQGw==
MVf5b6OwrKl8KPX4v7vdsQ==
1ianc2vuna4=
tyGoC1GDr7I4oIETlEMxeg==
70bQBpC0fOo+ttk/b/651g==
iuEvjPWOUwTmDwbWwn3eZA==
EbQ1jO0VRJnBQ3g7c/w4VQ==
/tHSz41FPC1TeIEpQl8DAg==
M1CNlyK77Bc=
pfv6fLxCUOA=
K+QBdQaHxTA=
ZGfHDzDNsyAOIke3Y9zo8Q==
HKB+MglmQPI=
muxpqyqY1JY=
sYICa63NeEMpDKWcnOvNNA==
LVmrrxLFcvIRmf23KenuhQ==
WHFPICEEQ/zJyo2QF6SaNw==
YtHnQoXu1yY=
qu8hXduSqIOrJ1O7pAHS3g==
fGqXjx5SyQ8=
I2kLohfuHxY=
LI43kgZLa0Y=
uNuNu2TaanRp+MiCDsorqg==
tEfcsy1xJn3VfI7XdgKeQQ==
dMJHs/t9amU=
zOptDjVILG0=
snhjLnEXUtg=
i8Sma/rbaPybLvUWmm6yFA==
Vd8XufVTyrQ=
ndwmheJ0y2E=
SBl1Ji56Mw2SVW3/P22VIQ==
Tvcnv4XWwBk=
1sJkvITtLro=
qPzP5t2dxFA=
qti7HZ5EZWw=
SqMbq2g0sZI=
1QXQHP/gfk8=
m7hpVuGA7ew=
mE767WYSqWA=
jzNEMt5WQOk=
Yq5yyJdMNgE=
3SLu2kQxybA=
EIRI4/vrCss=
e7wDuLKRPVc=
Ao/ts0sZglg=
o+vCIFHGnLdULSsvF7cEaA==
BYK9ETgWIDAwCGa57vGg9Q==
lRNFVebxsHQ=
rjs5W0nvJdI=
7KxL8LOQClg=
Ww4DT8a/+7PQu7Hb8S2hUA==
BALLrOklejo=
Ikk65e94FMg=
MdJChfxiVGs=
WvsWRLCw0zlm8BZo6DchAA==
TyqdRsPxltDOFd3T3kq/RQ==
cq+gLuAp4iUJetwteC8KmA==
q37vn5Z7zgc=
Al8p7X9ODpfzuH1kCrR1SQ==
JoUx6zIkAl/Kv7CJKNMqmQ==
kfo02EPNxvGQ/nKTtDjE2A==
VztJPwq1GFn78rq1BaCfqg==
y52uGRtwrXYNGaF7UKPQ6g==
50jFGVhFXhQ=
KjdDDDrZr84=
KPgAeU5jSnU=
/D6HQ6xecIo=
88I7HDXK+VA=
fy5fadCaI2EvOrABfGxrIQ==
HXBHa2wg9qM=
HgJOrltXSBw=
HXBHa2wg9qM=
rIT0D0wfBsc=
LuiHzWKp2+/tK5f/NFz03A==
MOV6xJnVRbo=
GNNxnQmXvJdle0TqBmrF0A==
HgJOrltXSBw=
8HPYa5aXJ4Y=
wz8SgRae32w=
JZ05gf/VdmgnPAoiGkKdFg==
EoQMObet9hPNr2tobrAoog==
6NVh7XJDbUXu303C1RlKVw==
7CR28Qy8ZId9ThUUCnIg9g==
hjADorwOT/SaUMir3XQRcg==
5cvW5yms8NA=
/ODwsmbtiMU=
l+GjVCzgOVc=
CTc3Y6wraEg=
x0RW5QKQAP0=
q9K8wYCq2Kk=
DWD4g3vTZjM=
XX5d61gh8K8=
NUrc3wct5xrhnmXNlg+wCg==
dtb5KW4X010UIEFgXNbqEA==
eFF4dUYH3AQ=
1e4LWhkLlBs=
w4yTX5RhAf4=
1m+PiFgjyCY=
fe9i5Mb6Kfegbu9xj3kF0A==
SJ1tHE2EIKc=
//MmYebR0EI=
RasHbJhY1Hs=
Z9VTlC/3hA0=
49hl9BGg6XQ=
BBDympaVngXC3ZRW7BNaYQ==
kcVY69ELoeo=
7af7aRsp6M6bCjqQG5JPzA==
b5WFJauKL2U=
5OjrLtZnzZE=
d9zicmUa9ak3qdZmHpwJZw==
ShZHgGEg+h0=
2vjKCfn0rBs=
TH+BVjrY9ZRBglNH2rTsqA==
FgmgALMXB1E=
A78Vl8zJlcM=
XKyhdZuYi4c=
iHC8zlyDA38=
PTS4uS9UtjU=
6i0xbrvqG1A=
2ng2r9zSqPo=
jv2PYFxgRa+PFDlzQ8n9lA==
d5tZDkFYNdI=
G0xtxZdGeEU=
YekwomnlHec=
O/+FrfaVAh2+fZf6oSboag==
vBXDCfvSsr0bwa7dqOv6Mg==
5mVbFj436csHs/4SoTndPQ==
7QHhlZtBGX3LJzVsi3Aubg==
0dYHYnPzwC0=
SChBCd/k5RE=
lOnLV4LpSDo=
pfeaXZW56+c=
BW8kHi3uNbc=
qy5ieCZuiCQ=
tvPbTqBn3I0=
I+9epkuaanA=
f2967oPr8Hs=
hVk5qRefPKs=
TQeXvMD70eA=
nqvC/LkAt+48XDTkWnpUew==
/CWiuZx4FjNefAM6AACsoQ==
QzBGqiYiJ8g=
AFcm60wTxvI=
dX+ItFH3Qu0=
AwjtE+iid8c=
90Ge3D3p2/U=
iqQ3BqWlVyQ=
yJkrXVq9C5w=
jURvYL1F9Us=
YuDol4KmzwN37HLSOe99SA==
xDNzlrqk6dBtApPMOvv5Iw==
jGHvIgVzi4TWLbYOfVzecQ==
pBFfkmSRiM8=
xjMWMWQe8uo=
dfnF5usAxSM=
qEctbo6g/a4=
/rc4ZctffLY=
ryLiSNHWdJA=
VK8cN0ouTyo=
D+613soeWcU=
/u7XGDBYSco=
KIIg2dTBrx4=
PrpFtRjReOE=
cyO5kxY2Tds=
NjkLeV2vlng=
V7iNuuhCMW0=
W19nPZ+zJz8=
GwNNhITJdoiYmkRpnXLePQ==
ffmc8uMwl/g=
F/xnrW1b3fI=
0gk6EdyQLAo=
LFDCiX0UNNeq68ZlQNHC3w==
8RzpRP2feQk=
CZWBEst40+E=
Hw/ggLzsRuA=
XbzCOsHlbio37apMHYiL9Q==
kVftO/6u3EI=
r6bgOtdY5tU=
qj/vuEOBhiA=
PNdWpx1LgnodmfzYsrm5jw==
TvE3vdUkamHKnM+7+20SRA==
PNdWpx1LgnodmfzYsrm5jw==
TvE3vdUkamHKnM+7+20SRA==
sWHTLSoNbws=
euM6XUmR9nE=
Q3zLcjD1t+82slW67u8YVQ==
DpveTDaLqms=
WB3UXRtpD0s=
Mt5DUG/mo1zNZsKQalGEHg==
OlaVq9aTW1E=
GPU/XFJgnso=
E8M3zrHqI7E=
CUJlIUAWHYVp/SdzSlHqoQ==
fRHJ1xnJiqU=
QeL2Z5toLM8=
R2Ax/4E09rs=
xmZRgmlDb31Kmu2I5I0ICw==
xmZRgmlDb31QnJxbKMdEkw==
b2jwmC/i1rQYjQdF6hxXcA==
nBz6b0J688Y=
EM/mb11BD2T1W9DyvgCZ2A==
mQfRI8V4P1NndRa1FGbwTQ==
0MwtEtMyoX4bCIGT0FFq7Q==
oIK4uFf+jul5A8ZhJ1mKTA==
q6dzWI6huH05SmmrP1qq8g==
Bq/s61o7ZES1HpExwU+9/g==
QIgviUW9iNg=
06q/+wpq7f8iSTvZPcmNBA==
Cap+WiXLwhc=
i4FEwN5eGHwSF7p3rpH6lg==
wc42W9VwVtmr3bIxYpqR2g==
3SpP8rz70N7Mrdok2sDEkg==
ZsYVnD1V0Kw=
sMt6lVCwxnc=
B+nOACTMSCnzW1HhF38XDw==
Ui9Rx1IuCBj3IBaOr3Tqgg==
dzI2Y+UVvnw=
LhCxfymY2LY=
NoIl/VYNMMA=
MHwIG0FC62Y=
CDUt0hVu6oA=
kEUn+0U4SMM=
MIr4mnGpH5Y=
eaIe811mzKA=
Pfioq4jpqRQ=
wkcd0ZbhBqE=
n4V1jIlJ+/A=
/YyMffKRKKE=
oxktJe4oQdA=
40ZTqN1mTIw=
NtnEkdoezmc=
ma+D64OU/Rc=
EJwuI0LUHsm3jEs34TPEaA==
6uTIv0tzgTM=
pah29McTJxw=
w5e4M0ebVqM=
y+mrrZ5f2eQ=
Nxr001pC5AU=
MC9t9+jQhEU=
pjondnLdgdTlriz6IPh+qg==
yit9wzq9bfA/xjTMjfaMYQ==
IuinRXlZdhbZfzpqU5POUQ==
vrHlb2ERO4E=
dW5VT66pZik=
tfJ5fj9NVi0=
0+2NgHyX2EE=
Yxk1My3uBCRAU1OOMT9zIQ==
DWqhh+6hU9RRf4AezqqO4Q==
orekGxr3A9FUHaLHJTrw/w==
f42CzLnmciw=
F6oCbvShplc=
gZci996r4Ic=
AvsEZYWa/22anr5F7tTvSw==
qDk/5mtvZWRYXaajK9AMbA==
H611hBUg1mo=
TU8islgLu9g=
MQJJGPVvC+M=
PEwY2/4lvVs=
HChC+hTQYRo=
srgeoRSRbwVQgGgoAlBhLA==
2MQ4gT49cj+oAGLt3yG01Q==
M+Rwi9qQ7Pkd8M4fTSH06A==
f1wgkvhAt0E=
g7c7j9KOKPH8odMaWwFtOQ==
O+BE4GgWMPw=
95nl/hyR0e0=
9J0cSy091jU=
RDOf9wjPMxltAckzBA3dlg==
5tBm88eFmsCU1IDEY1J80w==
NggfFw5QISN6Baf5wTe+6A==
OpUVXP38c/E=
mOl3VaechQU=
nsIBDjm2K8PpGQ6sQA6sXw==
24Xz8YpYROM=
coUqcEz3Szk=
cE8xE9JWG2I=
WGNYIHhLAQMDz3dlPxB9+A==
JvGR8z2V6mk=
AwesbNtTV/4=
nabJ65jkpFc+6vDp/DNV+g==
qw3FITADwl4=
pW3X5TWuZfFaYuGle2pTBg==
viq1sgB5ZVU=
JrvR/uDwkSY=
5bBL1OIbTTlp48WoBlgdVA==
E1DYb+sS9hjPWM2Wdnqd5g==
S/tJ+goXAYtEQdzjPKGXqQ==
dOehShLppt2QEUU1xWe3Jw==
UWBNdzjpAljW13/BdI/njg==
qov2rYifHeE=
QU5f0QY/gX93kkvaYsccbg==
oezuP31/d3l/cyjFHOu2fw==
75gdBagfzNl5RW7yqprH1w==
SkPvyBqMupQ=
KXDQ7nULBkd9RuSUOoVB0w==
Wcnkzwty3K/7dtbvkrav5Q==
0fPoClHZPjI=
SMZh347Ypp0=
NWacAeZY//E=
dxb0JTDp7Jsh3a4v0w0VkA==
Tce3ok0LibsBZa14wBMo9A==
31Nhu+FBkq6f/8g6fCnHvg==
ARk3uwFxGt0=
DdNA3/wklx6ssGkjuAGX+g==
Mfz712CG2IY=
d7eMWyBkWoCHMDtEV9L5Bg==
tSZToQGx2jk=
kC6G0t9gpOM=
NVUkMCH6jQ0=
FvFByJX8F72gCYm9xrqjTg==
aTT9b3oqihZm09u5/WRW+g==
y2pO1xnCZpQ=
4QAYuFmr0ff/Xnu4ennT6w==
SAk5NFoKW00/5rox8Lg/iQ==
vGeWcLYKfZA=
zzh8kAh1G1Y=
phbMN8AYi9E=
tzq1zY37o0Y=
Nu9zpgZqQn8=
Mu9EF0fZ9L8=
o4GOTXSuSK8=
uXBaEhYZ+xE=
UZP0irq7Xjc=
KcNhAkdDZnU=
24ZFuEeUVL0=
9LadHN3REcA=
Fq/VK4QqN68=
cPuuF1kazOn9z3HM8drn6Q==
iSD84bweaxKRuJG/Y27LCQ==
9Sunwe4c4Ks5RonqNCtV5Q==
KEkNPQHzldydBZaogyM1UA==
ADOruFUK+bkTMlUjBc0Oiw==
FE8OXbYiokU=
6C68fXY/1jeGyeYXD3udDg==
RgOUftVpaTU=
nweRy0PrR/N7RoTHz2aydw==
WnKDlGFHOycayvYyKmstHw==
Q5u7+lM/vwk=
i1Pz8H6OPns=
FhTfJXgQW3E=
R9aW7L3OcnE=
aHpkdKXItN0=
B/lmxxZAAGg=
HiHhaOD4RXoU7QFIs4Xoyw==
A+zxCg13tY8=
+ChBm8U8m3o=
A+zxCg13tY8=
VRxK3VIMmgM=
QSbvbisTtow=
A7m1A4iD89c=
R9aW7L3OcnE=
A7m1A4iD89c=
DQHwf5VTJgc=
6wqOYfSYi6M=
C6Os5+GmeMo=
f4mudcJji9UsbQRkvczBgQ==
XTChgecTZ+E=
V098q2w7nxQ=
NCLh/QuPXKY=
uR4E6O3HaUw=
X4JlFEvHk2Oi1S65dMJwtA==
y3r8467NGMI=
KosWS63QGTs=
1LF7UIiZOE6hApFt1MFycQ==
/zQ0AoAVKd4=
KNKRz93CMOk=
lVZQ8bbbewc=
/duejAwWBWw=
pzWB9qE8MeM=
QYqWqYXLCp0=
eQKVLv6eawQ=
SFux0h7hPAw=
eQKVLv6eawQ=
M3Pdk+TEULw=
RAntwBHIyLF9wmH6Wj5agw==
7QhrIa3h8dw=
KyDnEbaklak=
aAnTgWV1oBg=
bAyvqEDo78U=
PQLAyIbqLWA=
xboRp9Gkxrk=
kQOeqQovQfo=
SkXIdWhgWrg=
6H2a5i1vkB8V5QX4ss+LgQ==
qDgb0XLskss=
jHthLFMNnLo=
Rqprmf4Yr4Q=
nH7x0tAadh7/0MpDTPn06w==
8vGxkP/c6uU=
esxQJr8HABA=
Z5L4tf0cIzo=
6C+63T1tIAM=
rAqGWotpMwU=
CTnlYXFUhJc=
EtowswSwNLg=
ZpGq3XsKI64=
bs+29IjhKes=
rvv8U645Hf4=
54H+x3rGsHI=
vMIl9Lf1K1k=
oiOZm4e8snk=
hBwymDcu6Io=
m5QoRxQ/4zG4fJKfRnEYUA==
IJ3+G1AsHoQ=
7j7G53yLP2g=
D/+tlwGZyZg=
eL4pUfYeM9U=
GBn4poolAeg=
bISYgfoiI9I=
duoOZAuzwvk=
sLKiSOtWW+c=
pRx7KQkuU5w=
KlRNp+OgntI=
LwIT7zHjnd4=
MPi5/HAKDMk=
6blGDelAXuM=
O6VPJcXV6lg=
qpMWvTccoWI=
0A7lOuXQQ/U=
EiTm5Ir5PCA=
C7maX74p4GU=
hpzWynWswEw=
slTtAzia59c=
1yg1d5RybbE=
X6ZvAbMDeld6/sAjGVjteQ==
UVX9T0Fass2Q+ArHP+oXJQ==
1s5KToaY+BQX+XVtIVooyg==
DhtTlB4opTs=
D4MABKPaWAk=
bcNx/dSr30Q=
GD+hD+ietxs=
5CQwkUqSV3Q=
4ewAceEOWAM=
54772udPrHM=
b1BvxpRfsxY=
WHX1EeM39pY=
kJ2JlPOJ7Cc=
w0nEeJ7+czI=
kVT30eijC+4=
jXvaEVcuFcM=
5T9QtYgS74M=
+bp/SQbsn2A=
qSwHy7vsLMw=
E0mM0a1gjq7/lEI5OZWctA==
zWMaL/Dc+bw=
cirxWFAxOgw=
P+oAWwFMQ7vpz6MxXD9uEg==
3FpQ5EgQNCs=
98N7YrHCH3s=
CMmnX3TsSQs=
8/tcnXfXsuYIIxvRsRzSSA==
DwSDTdCs8Gc=
uexVWVarGIE=
OXIn76dluU4=
YGSI0ZLAV88=
N/jozbCvH1c=
ePm5tLdYJ5A=
G/znQaWBdgE=
3XVD8r526f0=
IQ/kyUQu/gc=
BW9e7IC4TIM=
cCSIa0cRAr4=
sa03ngsJDEA=
JVngadKw47w=
JqGHdAwHtkY=
QpPzPDqd01Q=
F/Ofm9kFW1g=
BNmI+3HeWTY=
RmHeip/HziXX/SGtg+pVRg==
u5z7vYsihkUFtb2GyI1LWw==
mMUnt2JLZoXRmhyzaCF+9A==
TdNPhj0LEe0NsRWY2utcHw==
rBcmxsDu5JXqgmibUT6PUg==
7Igjweoe0j8=
wDfsvU7HnasaudhLhTVSzw==
Nsv1rYuAvUgIu7CuTbVnZQ==
Nsv1rYuAvUiH8BofZBM68Q==
llQ3CAOnGT4=
l3i/LjRNH14=
8UKRnYm+NEc=
FRueAPN0dlY=
VxO3ZEyiHdE=
tQulWHSaIyaLDPOoPVij9g==
82G8WmtQyas=
HHO68hdroxM=
VADlR92LQzreNS3IkFVWlw==
cxi0SpTbVDk=
aKhgDpmWcV0=
uLlJi1Fsl6Y=
XGSuzfHsasT/XdUCCzWBLg==
83pQMnUY230=
UPUkeuSVAnw=
gzmoVK6S0BM=
CHnGHdZ8/BE=
DIy2lXv/Dai10dR3KqFfNQ==
fE7fIsKGgko=
y7f/K2e2r98=
m5/72VBcyMk=
I+/xWs1rxPxIpyfzuwGg0A==
q0USm+hH5II=
wEPOq1KFQWg=
lbcAAd5mGAI=
aju1Hm7W6Y8=
+iPHnzwM7s4=
ldgvAsl9d74=
b2+xyKToIc8=
O9aQK4SZrw8=
8SeUWayX9Tk=
jsWRMfzLZ5s=
I+/00zGkpeidc+URVZO9kw==
25rp5ikRe0I=
BaO+AZhFWdE=
UgpASI8LV+I=
BaO+AZhFWdE=
O+RMo3Sy/os=
4mhS9Dtq2Xs=
KpwOaLjZyPc=
+0I+J/xBkB0=
Gdy8FYEvlsk1CzmX+eGoKw==
v+dD5vNuIDR7wogkyzp69g==
7MZyR3QIU8eAfP6Ev0x6PA==
ok7h44B11yo=
jFiHfD+qpQY=
2YXWIjhN70wz2R3nhrnI/g==
a2S+W659Wrw=
GIj/mO+FbRLu2idUbDWsbQ==
UzA21Z7hRvc=
E4On5oZh/NM=
RKLqCVdrPKY=
UgpASI8LV+I=
2ut6HVa8JsA=
x5gr3WMarUA=
SPpZnbipxn8=
GkJJl7J5ED8=
3DBVFdClwrE=
/v1a79lQHuEntfAOAeb8gw==
HISaZaYsmZZtXp5HGXFO/g==
69UrbPkPgvQ=
08o+1nKSgpw=
jT9aRjkYBSA=
dLdVRGmPHOk=
PYod961HtDs=
7mNpcRFop7A=
VcvHEG74e4U=
zytfaE0EJLI=
marf9O3FDoI=
1A65PZibFs8=
t2UP+Onl53I=
oxZrQ8G0l4pJSjb3HmVZIA==
9L1e8SqFbU4=
uIx1ift54b92xr5HqEWndw==
ayPXQTqZrzQ=
mr+T2EQFRzU=
YtY66QQgEYs=
+mql0hqeEjirgmCh/4qupw==
58kGZ36UCmqqjItXfhfVQQ==
W4m/43DFoRw=
OFefSN2sh48=
34VhLvollJ4=
BMcqQv7lSeU=
xnE9V1G0/8Y=
/FaxTT9BaV4=
kSFvh9tuYMY=
BQSn4UsKOQE=
VB/6vBGQ6dQ=
FlU6edO5TS8=
UHyVbvjslCQ=
/4FfxVtd8Wk=
3z/3zhy09Vc=
1HTqPBgg1iE=
4RxPZBnyogA=
4wzYu6Y8zh4=
lvZ9MAMnydk=
4sVa0Z6oTH0=
uz+hZ1Rdkk0=
1X3ygZCw6TFikaPY9kgLqQ==
obhStrzBCig=
7/bP6rT3mQM=
Jud97bVDusc=
oiju2jjxxHY=
SKWK3j/ENICezV5lE+NdhQ==
U/jB0MMLkUM=
qj7EL0eTKvc=
Exh7St0s3vE=
lcfSmlcDQSo=
WLVaJTtSjwc=
2ZkpBwO9MB4=
Ub+zSuW0mzY=
hrrtqqxtngc=
9hlLdYRf71M=
5mV66yPT0To=
qEnk5m9eIus=
F324Oj8YCoA=
Ql64WUGhXVpqpBh9AMy6DQ==
poHvVEUP3oU=
UV292eqdKdU=
BMezGjG6XcCjx3pBfVhRKw==
YNhRKyzPzGg=
QUT8MQ2TW1A=
en4LCi4LUCg=
E+hVqsMefCM=
Plj2lK8wYO0=
Jdl81nIJWLw=
39f7SwAY0po=
9rtwVtpg3ng=
eg+JFe2Ww/M=
lFEMejjUcwA=
P7bGVCJa0XCHf/xia6bYfw==
npDpYlgw0Cw=
P3xYyEywNl8=
e94u/v2EVmA=
bVxZiEhWy9k=
LgEL7sODGDGzJoAi3Ytg3g==
fNb2i8Pxj90=
oVDFcmIgaDo=
fNb2i8Pxj90=
PuMfezSfqpo=
efnAfWS4lErm2Dr8GSRMJw==
T81A5aXi/iMtEa3dJNXivg==
FFelWTKg6AY=
URJ6wA73+lE=
y1Lq3w4cwVMcs7s4fN76qA==
57ioSnjUdOY=
r1FhNmR5nzE=
vKGfc9WlWHw=
qD31HnERB9U=
mULq/+e7mXk=
sa1MpOmlODJkcOeHOjlcSg==
hPIlbjedn1dRrofhoAbmiw==
eVc1V22MTDo=
73BYLnm2rjhEgC2hUAp6Ag==
nBeAN+urloU=
e4OnCSr+gts=
23NSbEn/yag=
fAufHQXgmyY=
fcTCuy4SxhjPEzBoczPfiw==
nkrsi4NHdi4=
F7Dfrv7n4+E=
jW9DXFFZneg=
fTbXdHg4QDY=
+BmBDpA432s=
jIzTMyW6fzE=
idKlygG/ct8=
emalyjPBt8c=
jWtzdZCyTPMMgeZ7yEXvbg==
qy9gmavgNUU=
sOg+Y+I3zhM=
fEZTF1tVQQ8=
ltyYdhdaiJU=
3swNG0kkfuVeCs6nupyrpQ==
wjjqsbBD5f0=
3yGJwlkIG9E=
Ju+pFdaOz6J5WUDlQ+rb7Q==
Yak2S0PpoHE=
4oGrf9M3pjQ=
2js/MyI1p6c=
gWf6T3EegVE=
czWMZgwDBLs=
+rK4nH3D1NTSEEGOIoKQng==
ueXOhoNdGYc=
mQbLLi+uBr0=
dM2QI1uALsU=
fXGaVMPSHzZVRvNI0/y6Fw==
XrT9YIxw1cw=
zFbri1EDA9c=
n0JDr2hXjLE=
rAMumcI8ENeX5rhzwvMjvA==
eMgBJ9LKUjk=
oZT5w2V/mCk=
AjyZM9prSlM=
sBvDvMoZhpJBsQNTNXVZLQ==
sBvDvMoZhpL+qAMiRn6D7w==
MKPfaE1o/aE=
sfO+lPkor7s=
sh+DToIMu/adm06UvkFikA==
aXr2JZWRgDw=
/J6nYjpNfXU=
lJF1HVPAXCw=
rQkT0ZPYiT8=
twReQZ5WhWY=
u7/XWED3fVw=
qHLiG/pqkyD0B3hd1IhQbQ==
qHLiG/pqkyAr1okYr04TCA==
R2c9jUee92c=
mYvcCT3GYgg=
JC1yIL2WZTw=
rewnxIQCw9I=
5rBSEjCT9qw=
TfGPmBlPvdg=
Jr5bYxOHxq0=
0MecFTPfz0VCQLYsb9GSaA==
+HHXlR2VxYE=
AUhoHwTXRm8=
8v4TIpt2PaU=
56lc/lKq0TU=
1YpkRpj/kCk=
s17uKGERdpL5ck1Erj4JVw==
aC6N2/nYUfY=
J+qPZ9SuVzI=
2FTevu10zDY=
92xz3VYrLSk=
x7NvdKKmu0M=
ggtlcrm3u6s=
oToFVgGz/ks=
fwe0phlV4RQ=
se+YE8fdQHo=
ZAgBlnth5NM=
5yBMVYtH6aE=
ECZc8bA8vNw=
DV96iGS7Cg0=
fAE0Ukuo0nA=
3/xK7QuqEtk=
ms+YE6j995s=
yab8V8Xfne0=
gi6e0E4vZww=
Hvb4c6psyuQ=
T9eC685kIhY=
coTjsPABqYg=
UleL7P6MCdk=
Nv6v/9k+vCzhlCaI/OhyOQ==
xvyRd2+GzOc=
8U991tKnKZM=
UPfAXW7L+hE=
aRc5kf1ZX0Q=
ATdzHehCcKM=
CDgZJx51hr8=
X8uv4zZYh+Q=
UMhCwy/fmb8=
S/njMlZB/1w=
HmdpXF+swO6E8oweGg3F+w==
ina6gtDRhfU=
kyL5fkDZsMs=
exSVtQx3Yac=
XanTOEOuwyc=
R3/yDGfHBws=
gzfqP3nA9/Y=
9szDkIzKvOI=
dC+lESy3hmk=
8svb1M019GOIMjWHMaeJkQ==
I61CAPRBmyg8L4lHAA10jw==
xSQ8hpgPhKXnRXVe0H2frw==
xSQ8hpgPhKXgtmmog77zrg==
Xrm0DWdwbwmoZu0DhZrpSQ==
QSPLcsvIukk=
6RveykFAJkQ=
o3fPTiLN5t4=
6VKSCrf8SKo=
vkWZSaUphGc=
EntDPSxaiq4=
Q9QT8adRw2M=
EntDPSxaiq4=
x/9ObxqiGsA=
9szDkIzKvOI=
OMTuVvwCyeU=
SQJdFN7qxrk=
nzGgfCdauzQ=
afasHYmO/6E=
AB7vVR4yHT0=
gP60hu+0pGU=
PNFk1z69Cmo=
+iVRVqdw3ck=
tp19rhcmx9c=
rmZ2N2Zs5L6jxLAMCrC/aQ==
sAIJbwOt5Qc=
420wChM1QIs=
kpSn8Gw74Q8=
xUW6uggYDfw=
Qx0xQ6NRUM4=
I1uJf2hsXPow6Bfbmm6jOw==
BqIpmmsZiBw=
DpQJsl++O4E=
A/sKdvdl/zk=
uUPUUgiTMJE=
5oQUqw7QcGM=
n6Z5iEwdxTODyB8S+R4isg==
SaVrE7ORC68=
+F9r5P09zo4=
Pph01z1K2Zk=
2sn6X0BTcIU=
i8EOIgT0/fk=
6MufQ7ZEDQ6MB0VEMb1KAw==
TeY02bnQOFU=
U9Ssdl2gOQg=
3SyjyJuTdDA=
3p+hRWbAEGGFGF6pZg3y9g==
WCpbKaPw4Zm44qt/kSetHQ==
n7bqyLKTE4YxBcENokSTog==
g7LWES39cFQ=
kHHc/HJA+BA=
sl4yLyacHAOHu5m4tRSFMA==
U9G/sYs9VTk=
AZ9i0KRcTvQ=
yDYPQRV1ySE=
0tQD96s7GJg=
nHFoE0DgGuM=
+iRHSspHBt0=
0tQD96s7GJg=
UkP2kPvTo9s=
zYXm4Dh5ZnM=
/VQXWeWZ6lMiuomnHrPK3g==
h6o980avRyE=
/a44P2o/4VzlkaX5UnkuOw==
OnurMKzZIQc=
3zrxI0+IDzihDIVoLGjX4w==
tOqtZF+MgtzXvndSsZQnAg==
NxVdBVq7U3YW1Q+BGxdHxg==
NxVdBVq7U3YfOv+MRxs8xQ==
Ynt1HMgP+mroyp0HC4J0nQ==
XG/GuGT4BvU=
pzknkoSNjoJkEo9Mq9Wmkg==
g3Mm9++YsII=
gUfiwIIugFk=
Mf704Lk46PY=
+cWTSOJ9wlM=
QtAW7D1LyBuSMF6aNJL4QA==
tGieIH4QCcexpe/qxU3aDA==
YuudTEM0wmY=
WJBbO8XgkhyCeULjaMddXA==
TLsy2LJdN/0=
mpN54Ds7USt+SFTA/ysD/A==
n4se0oA3b/I4dbn2Dx9lxA==
4SvuiJel/+TtBu/cduwriA==
kieMpAUK6+uYrV8+r+vLzA==
lFNgwhb/6Sk=
7ZJtG3K6OBw=
EWJBuQTUnP4=
T9Oz7wQaDQxaV02LM337Cw==
MXdGO9fKaOqmZl2zKzjFeQ==
+H2eL5X/lzM=
GKuwUm746jUhGqpp8bBerA==
/AxAV6/elWKmTVi+2AVBdQ==
eM8ICL9kSHA=
xiymqE9w0jo=
90RpjNaOjm6e20m4rxxGoA==
90RpjNaOjm6XDiDsEXtq0w==
6XwptBM85drsdYn/nPPSdw==
msERhiRRZYY=
8vuANFrzglE=
mBOn+D0r+c3oHjyp4DJ5Hw==
W8MLGuX47IE=
we8cxL/0a3k=
W8MLGuX47IE=
e5QusefRScM=
uJ/m0Dj6B2E=
TEwsDntuL4GwvvqIjsRaXg==
iZ/cPlrqDWFLYzunntwuHQ==
v03wH6VmnSY=
ab1f4G5w1Bs=
AF61k2eQ5LA+TTtxpCayPQ==
AR1DT5xVUsoSOkdhN+oVSQ==
1jR+zp26xHY=
sZvYI9BRQVQ=
TtGEZJELLz0=
kmib8ITNIbg=
qUFmfOQx04gGpR0dFArMnw==
kpCc5SwogjF3ijIqjeWLEA==
b6vTwVS2A+0Iaomc6GFZaQ==
lR95KadZBxVYix/emC5nKA==
DyGD8Jy4DN2zm5rMuSjEyw==
VXxuCSh4xMg=
ACHJ3i7/Yvo=
wHsS9gPBAXULtXqEFe/DZg==
VDUg49ZsidI=
8fFpFyBQGm0=
LwD1txvFBwI=
sDrGXKmqLJA=
Sl1XTZL9YzQ=
mxK9hlRN9Mg=
KyKbk/kzyRM=
qBCp8bnJi3g=
cREzOHBSW3Q=
OWXEhjPtMuE=
fFLqdjGs263hEUUdD+mwgQ==
5x6x1v3hkLSzmbfnbQYLvQ==
wGhqMlS5LPdwTAcc0LhrQg==
CERo8wDPDMQ=
NtUyIiqSAnY=
31H3P4xI3Nw=
6DCPOCRgkvE=
KgDkNG8dVGI=
eCGg+3pw79Y=
Sd9chQ8PwSc=
Xn62Z/kb4PA=
jd9BOiPn7oU=
gPBn6v8ZSm8=
WNnFpwRxXOg=
tOkkQg4qaQg=
F7mBJjVaV5lW4T3va/WA8g==
UVD+YoiBDUM=
5UGip0yZF4Ge70FRH8Farg==
0l8wHEBfonk=
khwwyYwNDSw=
VZP+IBb8vXT98KwXzGw4yQ==
gNqCG3pgzfg=
LLYAeDscyro=
wbyTXrSWgnY=
gO5QXo8j1sU=
qFue1+xCmjg=
qcmD2bRJ61Y=
E3EpKjq0pdM=
I36ZVZai1D4=
8Aj3MspuEkc=
SJa88b3WS9g=
0a7E1NEExHMWnXn5A8vm9w==
qkQwwupVlmzlchOUxcNhmg==
0a7E1NEExHMWnXn5A8vm9w==
vn59ZXCfBlI=
vFBG4hlcwDw=
SJa88b3WS9g=
ZSEvL3ekClI=
e8niYU0HGdk=
93f1mSS63IgpXxbrCh9sRA==
CQduF9KW9gr9hxaNEL4ukg==
Y3pBq/jfiUI=
2iGC8KCXPmw=
n6H6vQs9aLA=
Y3pBq/jfiUI=
zhx5i9MpfLo=
oRQLXT7Dr/+ea5P0mf16iA==
T5PYiLA+KKBLsvfoGaBVLg==
s9T7V4+JfzQ=
yo3NNIsujGU=
BwgjTlv7ODk=
CSn/LzA5mz/WUbWsy0nf2Q==
MKiaphb+eo4=
air91KTAyS0=
hqiZIvo4yWc=
JCujTVVuzSM=
AlLb4SwafP5+x8ffjBCsyA==
UylqkT/ixoo=
934bN/b9rEk=
OdzIPYqx6MY=
AnlDW+bGfP8=
12dV+tK++MA=
caocHsA4c/Y=
0RKFthupAI8=
Elr+i8grj+c=
wwIzXAXCraU=
HJiAmJzdFGc=
zZRnKrZBHeo=
ur0R2d3d2eQ=
TJAsELXNisk=
9UeCGSKc/IE=
2UGZGU4BZSs=
9UeCGSKc/IE=
2UGZGU4BZSs=
EKL2g71dvHo=
d7C2PMj25pk=
7hA4UC3Qza8=
tjij2lU9L6Q=
QrxhBUzykKQ=
YxnU7Anc8iQ=
7whVGh09hw8=
pSYnuBJoMfw=
ECQmcRJ7MzA=
/U1ZGEZaN+Y=
w3wK/O6h0UY=
Z86e1k2oik0=
MKiaphb+eo4=
96OX9Mz3JRw=
Peyo1OslI2k=
SJ8sWy5AtME=
zEI+sxrOLNA=
toFxQGwWko2WCJ2D35K3xw==
Yl1yqKd6Xmw=
tR/XC4x4aG350Cy+LY/ZYw==
Sgt1hkDSp+o=
4vmI+/wN/40=
zzA4KCTdobA=
X0giGfU/Js9dq0S/Go+/ew==
lNGGKl5Dv6SCUKlv4dX8Xw==
IY/QKW4xcxA=
XFX+fdlrNFo=
cOnuiZpDYTs=
PiVIuAv9e9nIZA9bQ+fmIw==
jEvnnWqGcqo=
fIDuHSIoaFs=
6fvczsRCA0w=
blZxrvJ/ed/mFUtVDRqlGA==
OpBUQxjdWQg=
PhuxHVWswWM=
23nMSGuuLmk=
EXvjqHOOE/A=
4aunX3jmJeULYEwF49n3nw==
whKc9l8kXzo=
zN6uHu5vrfE=
BE/E0EvOa2s=
MrB/FrP3NkE=
QIxsojYGA2Q=
U4n7OAju3ag=
emGSUoW/ZwE=
GDmjSN7UIa0=
vzX4edpkwus=
t6ZiPI+AzwM=
S+xJUBxnfJk=
RZf5d5j1R90=
G4QtN3uycip4NwhSe9XaPA==
4AXsR9H2D3v67sOKCLZP0g==
o3g8F13pg/8=
JV4JbU+M+Ls=
brbQIhH31+M=
a4y3gs4jmzz0M9BUIkonHw==
EkKKBuezISEJM4nKaxXybw==
cUUvgSaBqEN1DTy954J4+A==
P90d4eKhfkpT+gEgXV6stQ==
/H4i5T0xkgU=
iTruPhaF+sLeJZ6bdh7Yjg==
PA2X1EJeCinr+fwH/r/D6A==
jvPykkhwmm0Npa/ukLAzbg==
jvPykkhwmm08+c2OTwUv3Q==
FuEIvwmuIn/Lq+QHL7WyvA==
regv8VSEqhw=
bn+olYgCs566ba51gH9jUg==
R8e59EWZxpTxnZ/mHe8OfQ==
bKFPJHLf5u2ihWCtxdsaAQ==
YIaS4em33bO/SSS3Sg1g8w==
YIaS4em33bOtY2KvakTj1Q==
YIaS4em33bNHTGIX/+Izvw==
kM05fqFf4xTCeEuUI5KfKQ==
HK6JkeVtUlQ=
wmFkQ8UOVSMWeM6jeUEHEw==
bk53Wtzym1sm3V15pGhdfg==
Lp02lYK21nDY4s40TaYe/A==
kEu1N79IrvnGyiAM/uCSIQ==
CzWQyOq1/v7KeVkji/r3WA==
bk53Wtzym1tf+06xYXoqZw==
CzWQyOq1/v7KeVkji/r3WA==
fx/ZYFA2aRCTOLkdpcGTww==
pJPWshAJswJ2jUYJMYJt1g==
0RIX8ayI9q8=
FjCU9SbDVNU=
qsbJght5u+yNggmINEWjfQ==
i2SxMzyPs4Q=
cyzqCBIr/Sw=
WAZK2gm5stI1HF6XMvzDGw==
Ipr7cw3kz7c=
bAXzAu4/x2I=
8EgB+w3uajdPzL9yvnY13Q==
4d4OwsEf10M=
79/mOiFZ35P9TAw/ghOlLA==
yd/fgVyKsmLr4D9f16ED8g==
/gBsBtl+R8I=
JHfayy+Efo4=
/pyej2rLJizmW8kZSC2KXw==
54cuDd6Th00=
zXvG+T8xv+0=
436+g/Qq6d1muUI49kLlfA==
6qZd/ir+g29ncQ8BXX2PKg==
2Tse3vKjf4lc9ku8J96yEw==
usmcmTmHKLqORvkXEhkrcw==
pJ+3OdAQxcc=
xWaAhYtpfgNomg+ayLRExw==
JYPyV+37MvQ=
8eYAqiU1oks=
CKaGcVn+1qI=
8eYAqiU1oks=
ZoOhzZks0+g=
nmpI/gBRCaIhK0Q0LDyhog==
iJpdl/GL9MxWxFNLvy/nrA==
QjBsHEkAuJBWYX0hkzEH9g==
XL3XKIBQf8FCiygX9C9cHQ==
2ibZqVUbA0c=
tqQer1sIaEo=
0q/atxCJCbo=
YNSnRX504Co=
DzlvqFLtwGeFc7VOj8xLFg==
HO3UGeDV3a5PP7gYYjdQEg==
CKaGcVn+1qI=
uMQBZDVWqi7gRmERdyhWNA==
3jIwJpWUA+s=
cHguH3VDPmgzzFUrUmf6fQ==
+sxiLK13fRg=
k/5eq7v9/80=
bE6CXYH2jmX2bi3ScFIs/w==
yXJhwSNoJSk=
NHlhKpNUvrk=
14ZJE1nf9dFyK3n2NpIpyw==
6n7Uqy5AVEo=
0MqxALodA/8j8eAz5qwYHQ==
Ov+u23u5IHw=
vcmHaIHgwmo=
4KytbZMofyzcgiPc9c8Ayg==
ETKzMO0XkEU=
4PvNmqCYgT0=
pgU6bzIHaAo=
MtIZGr4D4kg=
xwQrfQKpADyQubr5YQPhVQ==
kwJ9AjGjDxsSJclVLOpXew==
AuDhOUS6YEys6tJ2VUblqA==
CcW0ouSbPr/tBLdRIqc9mw==
EFAM6Tsie5Q/IjVFmJSk2w==
busmMx5hAA/tPxL0K9PqxQ==
2+kziM1Sq88=
0Geud1WfdT613rHJgWiA0g==
z2wDeXf2foU=
SvO68lK3CB8=
JZtmTgxvK80=
YLvxdCaIVy8=
sFe8r2tgsibuAX9tAALOWg==
IvKAlkYtWYL8/m4Z+Vt4Ew==
90lFRErvaqmCTmTjHDMtTg==
vBaJDbG15jo=
6hN+xGSZ5V4=
NlzKpPCbFys=
Md8C6C0G0IM=
OA3Tb0F2hN8=
Pjk0b5P7/Fg=
41EsmejxYNM=
dnpGVF0GgAI=
i7R5WArHJAc=
xoisGPiicns=
GDxja4K+3As=
LWz4Q68MyDQ=
2KDpi8wwhdg=
YBKXY+n55Qs=
Z3gTc1zfaEI=
+qywoWGjRE0=
IG7oknsto2w=
IBXO0xxgtAs=
we8cxL/0a3k=
L2DGUB9KH2A=
n2K+BSGkTfM=
eMfDb4P1hXs=
TiVpNODR0mI=
Is7X1qoqAMw=
HQC5+d48Uf4=
zFX6ffGoflmE1LivVAl9ug==
9G4anHxqNHY=
XjC3xBuCcWw=
YGEiXhclI9g=
9skV2qLfOYjVljxGK9m3KA==
hiZ0pC/yoTQ=
tGlNkovkQqQ=
92IsBwlOeYJ8E9dueAhU2Q==
92IsBwlOeYJehpow8WXABg==
hBBU08dVhK7CS56Jn7uRag==
FYmTWEQEdd3OIAVJjArX5A==
To60KlKBN5w=
SDuGbQavNQY=
8gS9BtchYVk=
0Q1+4k3GIoQ=
/9TvvwJSCSQs36AGKjKbBA==
DFTOziJF5R0=
rbTV0sZJRWw=
nNANIkbfHc0=
wloFgOgm7Ks=
SpQRxymHmkA=
awRauEoktpsHHTUczIq6Ng==
vWeKOt8p1t51uNCUMMr1Rw==
kDO7lPIHkJo=
0Db1UvhvXic=
3eBc6RR5UxQ=
/YocuMl1p+o=
yj063sW9pJA=
zqYSIjIpCsg=
4AmiN5qlGN4=
Pxyuqmq7ZUM=
GKOk1/mPgOI=
DU/izG/K+jw=
J5HPokJT698=
6Aem+qioNWA=
Sn4rKB5iHl0=
6K1ZCtY7yd0=
muwRysZp6fE=
5T3LzQNbJ3k8P8aXgoTo+w==
eA0Ytag5Q1E=
2k/iAuWYP7g=
SMNVlqkx5mc=
e28uxKetVgc=
Gp8notGtg40=
2yda6TVj4zg=
8fhydcaAQcw=
D7/ZfFFeUGo=
kOtqLPkgfMI=
QDjPGUgeFnY=
A5F1TVkZ+UE=
DMryHCcGL2Y=
WRQHdXjUs78=
kH61yKf8DFM=
FvesH8qlKEGQw3Qhs1WMCA==
Of2t7cMLz+Q=
PzsKZWtF+T5JibjQsrLJRg==
I/MKYdZYysg=
mIzXep/fyBQsV4oxjD711g==
6A/N1DbJ1OA=
o7TwbIaFOAg=
FRXs6PGeu00=
M8dymhU2d1k=
XtVTCnvjUVdtEmbevlcB5g==
YuGu+GMRHww=
vu42qw/75P8=
JeX0e6zU4eFNkSWV3WG5KA==
GiVjblLKWJA=
qwnQPLVfDSg=
FcPlMdnFKVA=
ltSzN2SZJrc=
3pKT5FyInQM=
c764064AYTw=
WkDZvTA6QAQ=
SrW5CKP4+so=
etvz8Awkfqc=
B6dQao9mqnk=
JCzFGuoKLc3bVevWCROaiw==
LrqV/qcOSl8=
pZKNMNeMwiQ=
RN28PW08ftQ=
Vm8a7Psafmg=
yZNqF8mE0sg=
sRSCGpueaOA=
1vhOQZpqj+g=
mbXozzChQXSl1XxuAUh8Qg==
7J2ih3hfJ6ka8QJJ8SWEqg==
74LcroQYJ+U=
05ftnaLDgGg=
rQyVM3HaCWg=
0/1iWhWR/u0=
MunFxdC1UB4=
ZkNX7FeiBDA=
i7tdUf8aN1c=
87pkrjjJZ10=
M1UFlSgY2h0=
yjV7G6xsQQg=
FmYmB2VMi0JmsdVnpgCKhg==
O4gkx7twiys=
Ak6/IYILS/g=
P+hchm3jto68GTEqlUvgLA==
DEWvioXcEZ1T50/h4d9xtw==
3CSdX1sG3Vk=
KgwBkz/sepA=
Mg0aYUAArOVKUX8jHrG27Q==
6FqksKrbFUo=
L6Cwdx68ivU=
Ny2KPED8D7Y=
U43rMgHhq0Q=
bOBUzsrbI4Q=
/bU7k4TXW+4=
XRb+rEG3HlI=
NmK9DFqg7gWpaimQuTXikw==
VwBwXR1GWnY=
/ED8W4pFlB8=
Kvj1hdV9HIg=
H2FK//kRYrO6gFNJgwBS2g==
CVVFkTgISAtTNs+vZ+edJw==
Dn0PcsDrznyfcV7KOV7ieQ==
bv+6RWVVl3L4cQsWzLfliQ==
8VTF7P3eEt8=
jwT9sd+KuUA=
wdraFiF4hv4=
Pq4DCl+dWJU=
mG0kvpfoZaw=
vMlHjFzdZCs=
HyQ4WQks5E7CVL9OGUOKXw==
nDQu51L0DEY=
2k3QxrNnivE=
S1QZ0jD87Oo=
1iE8YHtKEhM=
cbq/DLhbx6M=
ekSuUk/zTWo=
FxiE9+fDWlY=
H9cEIHRURi8=
/9Z67MEDFtQ=
DXEw2/XEjH5hcMpvk3RB3g==
j9HjoN95VLM=
Mpg/KPbaUeBGjKld4hSmjw==
Mpg/KPbaUeD7naSAgAX5LQ==
AUk+ycYawSS7+9W0CTJg7g==
aQBBHw39EGo=
hqH/dsJf7Qs=
BmhokjbdsXA=
Hrxw4MAHZ+A=
FtiGesNQ/uU=
wnJbbny6gZg=
JXtURdUEndM=
3qzK8sVVbQ4=
fXEBnrrouOU=
TgzrTwmMxD63hwPxWFpo5A==
EcYejhKl2449Ii/8fzmkxQ==
EcYejhKl245c34+yyp+27g==
EcYejhKl2449Ii/8fzmkxQ==
nRcG6wfW0DLyovZNeY0P9w==
LdlNlyi+vkc=
iHg5F6f+mGg=
5uyY2c0cYLw=
5ExSM3MJnMw=
htSuZ7hya34=
DHFG2XObUeM=
dvygncjnf2A=
EDCk6PcPvdg=
qRe5Ke4ah5U=
cBI6bmunWXI=
Q6YJzQEFirU=
ueZrtT83AZI=
bVZ/TnOreqQ=
JdpHp4Ur89g=
V3Q/69oXdd8=
KoT0qldTFyA=
sIMR7KdPRoE=
KkwAG3wUec0=
jEjxxrgRBPg=
xdwJ0CZijC+9NypJyUH05g==
ICtSt16eer0=
caOEiVIu2ZQ=
EDkJwyQHXKs=
1endRINFp3k=
EwUBHtg26uSzvORemiRbYQ==
cmsiyHA0IpaticSPu93daQ==
WoZJz1ulwc3TGo0cdg3J0A==
3ERhEYSONOE=
nt5KSh0nLUs=
8TRb8Vy8gN4=
JrfI9dMIAtY=
Qp8oLaMVVLg=
hmPAnRl/F40=
D9n4q4N2AyQ=
NGg5D36fx3RbTqY8FT9Jcw==
GxQ8MzE1liQ=
c0DPdDUm8ieGdBiXkoFbCw==
LE1JX/BBWnSaP4WyN91snQ==
KdyZxROoH+k=
ACFNt5r6BPc=
4I9gVeFW/AI=
G/92JIxeDRQ=
7mPVTEjvbNk=
YNNHl4xDVj8=
TPK1ZjIVfM0=
wjqAMcwgHqKhPJgtdqeong==
Chv3aDzBcl8=
p+xrAAWGDLM=
2Ue3pVE7+eA=
zYtWWzKQsyM=
LNPNWfLPhlE=
S5Bits5/bq0=
7yvKTjnJk/A=
Tp1kv7du5u0=
4DlVF6EGS5A=
zdAYJ1kXMx87DnT7xJ6iBg==
InoGaexA9YiyPJ2jcXvSrQ==
W/SupYKPGvwDGmJJKUz7DQ==
/ntdNKjsmbg=
eCvffhQwwJA=
Ui8Qu/quwRQ=
fMQU3JRdbxo=
1KFjxSjFkEM=
OQymR8tS3Ng=
8j8RTBlfofw=
Rb+okt61qLP8/P7dguU2vQ==
nZRwXs7S9MU=
hUsKeFla8xoUbTJ+NhjXkw==
j4EeVE3gtEbjHjhIqwLgQw==
w//uDOlYY+bRDp0nBypuZg==
Jv4lq2oQ4Q/E441f7lguRg==
Jv4lq2oQ4Q/BDoaKYkJA3g==
mIJ1/25JUzexz19WLP4nHw==
svOPdQ6TJD8=
DOoWgL7tGhk=
eaYg73oaTv0=
ICGyXiETyPk=
4BBPiQLvrhM=
B37WW3X2THmPu9AXaKqkEA==
eO4lU4CcGspB5OTJxINUsQ==
te2nsB2ingI=
q3aDvfu4GDw=
DPdcbpaSNrM=
TRCK1YnZ+fM=
f/y74Je3oNQ=
yVzsbGzXgYc=
gEW0D4QL8w4=
4xmlEfdPL2M=
LWW+BVshXuE=
7CqL9xpUA9c=
G3Xj4oilr5Y=
suWe/+ggqBE=
jKWWeBhbNmc=
L1PznMxc/7lRL/g2jtNEhg==
JiSpUZYVVdQ=
TKalZ4ZG8qs=
jLhtNjLpnGjIO4QzniwYGw==
We/FnlABrxU=
qA45ZJyihak=
dPZf5aHIEvg=
jixtf8Ss2f9jSaBsUyiZwg==
uD6tsSxaMSg=
MCPFmgj4GBY=
JtfObv696yxtM4Ej1vIV1g==
3wN5M4uiJcI=
NvapbktnLw36yzyVYMYUvA==
R+r1843Kcb2++/nrrfipEw==
KmrCNoZirJboTiGx0NjXaw==
R+9UYMjK5iQ=
asz/Xjl2ZE876PN/7k9ckg==
4tyEfzKEBLE=
P9rDtcHSZSQ=
zicxYA/x7jY=
zAY0gmms5lV/1fcKytWw3Q==
TIG9sRnYKKXLVJRSO6ktZw==
zXD7rUPGQ9Q=
RR7UpCDK55c=
kOh7VjLFJN5dMQKgkdHZ/g==
sTYawSdZHMs=
g/yUsL0HzYw=
Apumd9jKMH8=
BFqacLS3Zt4=
/2t8ijSrKc0=
mxNmLkiPEbo=
/Ls++DcU+qDXkrCsN868/Q==
b/OAlRDCCAM=
L/5GQC+SnVo=
mUbhBrHrwi4=
9tmtn0Z3Hok=
vr2YQYWaP9k=
k8EPIYhHxMs=
1ci8Uk4r0dR6HpL0JMSnvA==
c5rIlvmhHHY=
ho3f1ZQ7qqCGfoEYfkeu5A==
vHH7BXtzcPI=
diiqoYWk4fs=
Rw+xfsbnYTo=
Tt15JvNuvl0=
hvER7Fs2pwY=
yBpsa9DV9MZ55pjLo9Q9xg==
DcnPLnjg+mOHJ4qcIfeHrA==
KudORqV9zMGPEg00ghEsCQ==
pYTKIHywGuA=
en4Ukdq+96Y=
tTLsGXIdgrQ=
jdHjrcYz8F8=
2DGy3mkeZiw=
B3dJo/x76Y0=
2M/ZW7psWsI=
5PZvCuRoASM=
aiBRkt0bt9A=
2SbEs8RP5rk=
AlpgNHOpF2s=
uB+vWeqUXPP41qRfrnFp1w==
4Sq6jd7i/CU=
gDC9MQcMXqmvicBYdiqYqQ==
L+Q8q6VFjZ6QTSBNShN7rQ==
wnqF1WOltX4=
0/RI9hdDwPk=
0x6Qt31BBfY=
SrHtKcIri04=
xk5pf2CR2iw=
jrAM5Rkfoyo=
7a6jlMXagSk=
m+MyKAqsywQ=
Op9j6cnONcPoZB3Ym8F1mA==
3AFoHg+rSi4=
e2jDn222xtFCDVhOZmnIqg==
GgFWEhhBRFo=
imH+jshgdGc=
Ak3du7eRxUElQXTdflvsdg==
YpyyoIGLAk4=
lIzpU62/vfk=
dB6+ZkBXV8o=
QhDZPl9QsVU=
LAuH3soRLpY=
VOGbv7F1x7Y=
b/+2EMiUHJY=
Y9QZbLa3kmxhwVndAV2zyg==
4Hoh17mtpxo3hPTMHyjnwA==
gwTzoJ963h53HYKBp2NI1g==
X16HlrM+dXsuG/dGWZSinw==
pJC84f+rhN8=
545pP89w2IFHE9FjZNSbgQ==
+z/G1/ZeXiY=
FSrof96cra0=
BrLLsf0Yj3oaKvwn4T8P2g==
dVCU+G6a1yI=
aW0bI6oI6tI=
8lelyAty8REg/V8800jaOg==
T/KmHDD91fg=
obusTOGR9WSbdHLnxX3wMQ==
gm0fOMD6+q8=
0FOwVwq7Zwo=
13sxH0DQ5n/fsOtc+n1W1g==
3NytlRB4hDg=
ZwVB+r8heV0=
F3E3+yysqaM=
6xzBqEaeThi2LEgR+nMHoQ==
FFTXobJlzto=
oX3hJS+19Lk=
Ufi/1cguzFn219afOyO2RA==
jo4/sGuolyFOjECLV91m/w==
leorfACHsZ8=
YNBNfO898+nIqFyvIBqUyQ==
+qsa5emwu+AiHycrZBKcYQ==
UnY8+sX4NX8=
n+jlGy8stheSgjMOwEchyQ==
rMrKQAMBz4qp6FuBXYpyUQ==
rMrKQAMBz4rMvcMR43TFMg==
rEmlXlAYzc3mDYOJn7kmrA==
pySHg6qGFnNkQGfNtCIWdg==
t5h+iVO2Sm2ysgexAy+0Xw==
nOT07+0zsyPSO4ERalF3Ow==
nOT07+0zsyNNnJ6/lnoNRQ==
7FiCY4/JqQo=
ixbec8mlTSc=
WDZ1NyM7HzWgTUyiBbSmGw==
ybDbBYorRhxqh1M55sOr6A==
ZsiuifKEhRrjYTZb5zjQ4w==
sfwPHHRsrQQUiA4mhPQ9HQ==
cxMwvpbiPAAwA0aLPa8SSw==
7PzwvR5kxfkGzqnKZKWXwQ==
7PzwvR5kxfkVucJU/ATFOg==
8semu0KgoS98E9tn1M6wsQ==
ddREncGZbw4=
1t7YKsjQsag=
iVP/UewUDBM=
l8PDEhPVlXn+ruLXo+C/OA==
dZSPGzho57Q=
NMuA5fa6Vp8uzOydp1cQjQ==
pux4DOCXyAikf+kuvuZ5qg==
pux4DOCXyAjZRlq6fxKF8A==
gmN4SOQzJMwAsD6pxXu3kg==
KHLrePy2VeU=
UfZm7BMPkKkeFBRiA5oPww==
27cJtWXsRQMaX1+O8YnjLw==
ejJkXu+Sd4w=
Ji+iGIXH15s=
kINI++EwXJSxOIpwahvMkw==
Bwm60T60xf8+IhmBRTKk/w==
ZxilSRM6yxAFf0FLNJLYzQ==
MIPnIHr9kpExFPPgWm3hyw==
PGUgMkp3hDM=
3+nEm3FI6KY=
Q8JyhK7/Y9/w9356jpBcbg==
Q8JyhK7/Y99gzxwc9OgsRg==
Q8JyhK7/Y9/1mLe0g7xx3w==
8ZM+pT1J7qsETEta1wBucQ==
t0ejeAiIR7NfaGMEQ6cCTg==
t0ejeAiIR7OKBJ5kXrrEzg==
t0ejeAiIR7Nr6CmEu1XcVA==
LntmeiVYqwHxc7K0FY+/AQ==
qMegusEy8JZ7ruzM6Bv4yQ==
qMegusEy8JZFviYgVogfsw==
qMegusEy8JaGTiQmn5RSBA==
ei52RsaJuKfmBV5vKm30bg==
ei52RsaJuKfavkRKSQGKyg==
V74Cy8UbCeaBTq/XoBBRPQ==
V74Cy8UbCeajPm0QHf5MhA==
t8065ynYZ6hVtrX1OiG3cQ==
RToC8vFvFrvf3jt5ntOVuw==
i5jVVVfIAVaNJI5VcRYcAQ==
YuuzDy6b8A1+wuSCf7Xg1A==
4F3Gd8fekytrTJ0K/o3CdQ==
PBK3yccPa74=
WPFzKq3/6qo=
RvHai9IsvoY=
qSB5j8vo6Ok7unfzx62ihQ==
CpGnZAi0yhZl70AUzvfGcQ==
WMas27Lmp+k=
YyDbV7j/dknDcjHvXFQETw==
aoO8TkL/dd1lthHdgW0RjA==
5ie7AwkkVz4=
iWyQ5a5B628=
CCvhVLtQMt4=
GhP9u5QEBjQ=
qMeMreOVT3U=
fWonrpQiqCpHsFKhndtGkw==
sy6UeuY0ZCc=
C8Y280cjiy4=
cUmia1Mimco=
fBwSTSM0y2n8r8fupdU6Nw==
9E9iaWGjTIA=
aG0Bp60TEjPHu25q2QIflQ==
iVugRZ5hhpi2L6Ht25rrMA==
3wVdLIX1QPuK0+mjm9tGKQ==
OVUNB1n8pJFTaYL8IBKxFw==
LeVaWZefcwg=
J1JJ99Z57eALvL/dBtro1A==
z5jEHyTtNaIm/F7K2+UNcw==
wJ8BinAwhAM=
M0ItYvHxIYbz/nicWi7f7A==
vKIAD1sJL8Q=
cWxJOFtvJuU=
VYS3LrB8m0Y=
xuSh+0duk1tV1KbtNODP2A==
W9PDym0IgFskNCURYf6c9g==
eAN+Xio9TOMZvUvTe1JNqw==
Lu+hTYK2hrw=
hbtNEvshZkczMo29LhtIPw==
eUVHx0xqYsY=
6ht57hcAVk1WeNTuhYbwDg==
0nK25etz5wyJsD0hc2nfrQ==
L2scP7sc+xM=
89UT8N7qL0w=
xDDMDQakFa8=
FGOMzgDYk5I=
URf1nuqrtAGRwwHtjBZxgg==
bMhoWCJMD3XZ8hFBafyTDw==
J/MB9sw7v2sTg413wpJ6Ag==
7o8++XD6uc+pd+kvK0AXrQ==
7o8++XD6uc/4FuR6dJN4+Q==
7o8++XD6uc+T0Xq0O/mthw==
xIuu316IKYqcHPtXkSemjg==
0SnGPfehExBaavId+9/FbA==
sygdlQwkLAe0XoTOeJUeAA==
DYuuG2IrfF2iL4LPnr6Abg==
n2EdrCB88ntfOrv9m0ZmYA==
wDmaHDTmOMGJoWNRZbXj8Q==
FM1rDaQZ7VtCp3KGdDLcqg==
Haeg3B5gv+w=
fGCdr7HHfZ4=
EYwvfmfsW2s=
XeDLAcPkGD5YoN7rtn69Mg==
Wf/8hl3IzQGiq6UNlrQ0Eg==
qRyphTBfRgPZlFHRznn8+A==
3zIXmxc7EuU=
E2g2ZS42OhgRB8ie2jTomQ==
8gjWDG58bdA=
0VJR0B8uCmI=
XM5TKJDG49M=
D3ZH/E2+LUs=
Lwx8ASYybik31+88PAKaXg==
H9nVFxopP5g=
3CyZnulZAYM=
Lqt1j+J4fXA=
/wfUpOggKpY=
a+nEEjRH9g4=
+L4bgO3Fils=
kUxbPDeFLWg=
XwCK/R51khQ=
I+Cw3Yrf6uI=
IKdLb0rqQaY=
KbaUMh7nrL4=
ib1xfi0oyq05O5u7XluLQA==
IL0i88w5l3M=
5jmkEWXap7iKiuA2pN3G9g==
5jmkEWXap7iT/WIRMoZe4Q==
eJ8TEZdikhw=
8RsaiQpqLkA=
08Wujc31SEg=
z7tk8ZcRHs0=
yFmb7q8DU7Y=
69raHMe6HJo=
W/z6pIZYupU=
3UYL2BkBFbGO8zPKAnkCWw==
3UYL2BkBFbEpbB+sBJ2w5Q==
zTXvdqu/VIE=
IgQJUxGrVic=
SviYItSTy4I=
qN82HtA+s0o=
o/htafQ9REk=
NNmFzOltDT0=
lDWASIWcbEQ=
URrwzFWbTAs=
DnnyxI1RgLA=
O+wt+OTnNL10UB5X6iWKaA==
tpaFypDwlWQ=
SjVsVnqBWKs=
77nVGwyWNalY3T3foo3FZA==
2rqq6K5dp0s=
tVgfnayCpqU=
u/w2zuJ6VLc=
7KuSaiHxWMg=
owbMkZCXlsLi8f0eQuRmvQ==
J/U6qjRd8uI4nh6ukQmXtw==
Bko9ZH/LPlk=
+y1E9Im/eGA96G7R7nFKBQ==
DRPJ2CMF0lY=
6I1i35B0Mjs=
ISiS4wJM485ILntDoUszaA==
ah4LK3Qn9/U=
R7FRmDv0lSfKlTLG5IdNJg==
KFwhgCJBMzi/GM+pr6IRyQ==
1gs9ywnO40U=
S2glskrUJbM=
LsTnnm3PqxI=
b/kCv/xiBrI=
26Tmo1dMezs=
Ai9AGQy10qg=
+8s3BtcbtQ8=
UyWzVik0dhE=
E8df8C96AKw=
i5eOG2+mhfM=
opO1ju+MVyA=
BsXVV+SdGpA=
y64ifZGwugUv/OFXNykNkA==
zksIfeagBdYgqnymwgV/cw==
oHu7NtQaTBJbrWI6KNKeIQ==
gzoau8+NFGhxeTnaSZrQYg==
o1hFhMSHDps=
xTnWWZrKGDk=
7o//tto16AsiKh0kt16RUQ==
kED01rZaWpg=
5mR7qhafdIz/OpnWDMWuPA==
zzZUo0svJKB1FgWK3NW5vg==
kED01rZaWpg=
5mR7qhafdIz/OpnWDMWuPA==
zzZUo0svJKB1FgWK3NW5vg==
LlwwyBqj+BI=
Xm0ny/ZJ5eo=
tg9Y8NtZUcs=
vRGkGvQvCnty75qUyDZCBg==
7Wv4CjDJpW0=
RsnjQyhowZs=
KsCa416V7zSsjHzf3P6nuw==
70t3YE3fYJc=
0W3il4I9JBeKOcsIKT/8Uw==
yo8YvLxgidk=
wYWvXNZBSOwKcl3UpIe81Q==
Rz6Mym2iYWlaPyVy0waGSw==
AvJFMuoubBU=
SVnIprH7qlKDQZqmu5hoYw==
kyf3Ja02MVnesUNsBvm/nA==
wSqu6Pb6YWhDv8RvPAmtLQ==
m+UwfdYnCd0z0Y0i/6W1Lg==
BAXY5J1X/2WPhTFbSMJpwg==
cZVnau/2hmKZL1EYxrDkDA==
2/HaCvSbaTpn6WhpWIgjcg==
2/HaCvSbaTqdVqfnoqh4BQ==
MZamWE2QGzfw3dCNf3rnRQ==
OpiC/IbMiBzB+5Uoi0rZdg==
OpiC/IbMiBz1DWGSh9Y3jA==
t6AIB9ULsOcf9g33CiY4XA==
G6ymnAOCJMYnECUBcgZVwA==
rX16VLJdR31yXcrDR7xMVg==
Sf/OEq0JFnz3OG7zsbHncw==
R/hXMr/Cz00DUEVzoXqI0A==
7qDs+vDP02H8wLaaT9eANA==
zbLy5ZXMOG4=
4/UF8n2HO5w=
KfS882mhFPtUXpBINloQ4g==
G5H+t4F/rvc=
CRhOysNBo9o=
z439FOq5sfB5tw42oX/XOA==
0WCYq9OH43o=
UZzSuBwBxbg=
2aMU63S7hz9aZtWCU9xdcQ==
gi5typ1HGiI=
K6ZeyeJqZ4k=
Gh+DqBG8jrw=
mnz6Go2ijz9aJrDpsvgy0Q==
WIdNz5sTJ6A=
muhDDBIhWoA=
Qh4/IHu+UxCxJNhjjJAXPA==
Qh4/IHu+UxDdGciLN3DJmg==
DaSEhF8rlCV2kYimeXCEgQ==
DaSEhF8rlCXW/iFyDhia/g==
k0GqktHdbQV/5WVTlbcLUw==
N8EfWlGDqTI=
wQkPnSDvUIg=
arrMYvxpr7zCcaI6XmbMgA==
AtVtfWd3B/bSP8FfovT7/A==
j3XKiED9Myc=
yZ0TlKqZTrA=
iXegpED646w=
nOTGzAho1zYZlNE2tD+5iA==
2lU9L06gUDY=
9avii4RcBq8=
vnKykeacwmU=
xVmZcHC6apI=
A33dZnRDmUA=
m82B9yGx3Nk=
Eo2iup4WubY=
poA5015sigk=
tptKfAfFYFgrIqCrz1XAdA==
7RuQvmFnr3g=
65T1m0o1ZBc=
WwNCw7STO40=
5t8c4j10krI=
Dy6RMC1Dm5I=
Aj098DgKxNI=
1ebedz4jfW4=
yDuPgAwfCp0=
1j5FbaaB2g8=
bTQ/MVxQpcM=
T9BJ3rrvwsU=
S54AJ66ua2A=
Zyt0Q9m8GlfB/oUUOMFUTA==
OEp9i2TG/fk=
RyidP9+mJLMVVpeAxoOwxA==
+cgR83tPH9A=
j+78oSl/nvA=
SZdWBx2n+z0=
WMvrl+t/ei8=
t8jreNW1JjGW6cYrcfINvA==
SuEq4D0h7zviASfTOOUguw==
Fw8K4+2KNkEO42jHda4kNQ==
nMnxwaJnCWs=
2TwMIwds80A=
UbTDFMqOG38=
7Hd8E+TfGc0=
sEZO+3WAuiQ=
DkVijNbIgIS/xgvn5ypN0w==
NHZjv3+Ds0z2NMXn5ELGVA==
dCQz9K2SF5/627rZpwR7rw==
xH/mdfq6Q5o=
Gn2E0srgI9I=
HFcmiy0cXQXrfF0/V0M/VQ==
Of47xgRKfxTV4uVKOXofxg==
fhWK7CIhzUayOIVGigx3dA==
N/LnLegXbrE=
aJXIC+HQhoreUBf5cya6CA==
t7M/EMSTsqg=
iai49hJX4UU=
WlbA7x9KcAY=
iaMkWoTDSys=
ehZW5/Iu/C0=
RVPHbxjECOI=
6BGTZ/C7ihw=
62lfsEPhxHs=
G8gZsH0O6CQ=
K8RFhH+rHBA=
lXNoBKBQonA=
hNZfAcuHnlc=
tfotipnGyAo=
7o/+y36Zvqc=
QruMuoKq02Mf3Babpb25Bw==
GAc0zR8Y8vg=
cr7IeUXe3fY=
6+gLX60kIjo=
2FzY3wzhkjw=
UD8Z+smFZ9vCRdzy1LCM2w==
folWek5fhVExq/W3coS/7Q==
kJSKk1hDKcNbGEMsRfdYbg==
aQ+EWxh5IGs=
yUrG/TGyQjk=
rZmajIh9mc0=
p8cRmxBr3B4=
i9VqPtwOdhI=
UoXxXSqjS/8=
DH0cXtQeW5E=
GwPkHOzVMNA=
Z3eDOFnSYY8tiyt7wVszeQ==
o9y1sqQK7ZDhsVa++k5LQQ==
yVPdoVCpDvQ=
iCh/AWiUXBE=
SQmD3qw/Ep/v7/UFSlQkuA==
y3z6YnMkgC4=
ba+83AUmWAQ=
v7ARCZhdpGM=
m/EZ0sVjRJY=
guvWb40GlVw=
VN3SqCRWanplD6uqG5F6bw==
XuCEToMdzQI=
L5ANq81RWNKmkAPF7KqjQA==
DYyY5cKPSJQ=
2sww+tjGHd8=
3KWLKicAlwQ=
3r0cuXmPFow=
MDqYVD2+I9U=
etpoMJjhZv+evttLjHiwvw==
NQvCtnVy18U=
04iq43tLdIc=
IS3QwnEb/ec=
hofH0ANhm14=
uZ8MEb0+dCo=
5RMOhG82A+ceO3Ov36bKrQ==
/GQbowBV9BY=
kc0WOYcUOALU36t/tdQYcg==
wmGjN4R4la0Io0Mg6fFcvg==
ngafXJmgn2Q=
A8h1NPtT8Y4=
N5nPneEThwU=
SCwkPwdEhi4=
ESTjXcBUQ5g=
O23GMyDs5iI=
8VefBjSfWzA=
754vnNFs/GU=
g+vxBlJdD8g=
jsRhyHqUv8E=
KMz0fV8mtMU=
j564sXaSqj0=
+SyfbjMoOYQ=
XBzvK6LkmnQ=
cbE3hpN2U08=
OuyRPLC+YVA=
RC2LfAG3UJ6Jpc4jRuy+Cw==
MeVedp4BoCU=
85YfLnfEn4s=
odz/ktqsHtnoq5Iwb/FTPg==
WiJSRfCg+J8=
87riyaD6Ui8=
7AwPUT0Cy5IyLQQkwzIC5w==
W4CKaH8qop0=
UYhi8qg3uxo=
GuaHB11s1oQ=
WF53Rn6lHHU=
Lz5Iyk+BU0Px0E3Dzj+lpw==
r7qF3/h9rvo=
Y3HEfS+GwEs=
d6sImM3e85w=
Sm3pjqrWi6w=
KIMlKBh97+k=
SbY3EdSvAk8=
a+4J2RMyefU=
5LS7ve+P2pA=
TajQQfl9B+U=
WaYKI8ADo5Btj1+pyvCRJg==
wRWc0wCDpsu3Y/RRJZzDRA==
ZF6PfFjTxWQ=
fWjONvDsMEHFGDAUKMZ51Q==
3apLp1wLCo0Cl/VnECyqdQ==
itxvvsBXxM5IdzjubHeqCA==
F6Qb+dFNdy9QNjVlJS4fCQ==
dSOF/oFZ6t4=
I0XzVp+tez8=
OkAAQQ2HkHI=
vAYPLDrRpPY=
RK9+WA9DKSM=
RnHKg7KO3gY=
CqAgRZ6SVaw=
+1b2kNIeggI=
SpHHqzwPLTU=
liNG3WD0VI4=
LCbdaIflIxI=
grzuBZxCnr8=
8rhIql1jmhk=
xOs3LYnyEqs=
kBQIrLcU1Gw=
Ddy+hoPZGJQ=
UMsm192zGC4=
2X8Pm4lnuqZqy6nZZLsaig==
369HJYWdmfI=
3ercSYZ4CLyf12RYcPZzwA==
Kk00K8Ki7is=
xpSYEv4MPsI=
fSMNZ36qpeQ=
7WuViyYpPnI=
CqzFoIkKKdQ=
kz6Usta3xtbxddGw4GJ/LA==
tp5G1DnedGw=
2OhR2rSSrEM=
cFHNC5OSC0g=
z8+W31WKvyQ=
gjxP+ud1qq8=
YW65TRI+8Mc=
ah86mo5WLAQ=
+jYfWRvgv2s=
frtXuFvP5f5JXEYZ25gw4A==
SZLPKBnRjiA=
t9AMtOXweyY=
NIlDhqebKX8=
E182R5wxY24=
QsmjL1L8BMQ=
UWxRupBndt8=
7L26BPIxx+A=
kYkfSI1IlsU=
r3NEIALQC+g=
kYkfSI1IlsU=
/5Sd78aCuB4=
dQAzE6+10jE=
JhuQ3p1Ow4o=
AZFW9QJu3Vg=
rUnXk1L/lgs=
FumtUSVuLoM=
Nz7lh5om2f0=
sqkis5syxOI=
edxduwpQKUA=
0q2dI9uHZsU=
UQqAJrWwuVs=
w6SWbCHGbME=
JIR9Rsdm+7g=
fRvYyc1ESnI=
g6u1lg7q5gg=
WRRPXNiVLmoNM6uFwNX+Mg==
Vvx3pslZA9Km99ZlszAvBQ==
s4GAvqubNl8=
2O5keqgm69CQHm2mGq8MWw==
WEq4P4e69lP7IUyMvQMcFQ==
/dNYOQj2nTqtnkeBET0rxg==
D254o/AvgG5FFuzEKXIGVg==
/1eUqMPdMW0=
KLo7KOvAr54=
2bJGv5yVqvc=
IEkWJ2J6oF0=
kR2x6Wd94XM=
MOPsmGY9K2Y=
ndlinef+lQIFAQsrrQLWQw==
RXUTtKalGu4=
ugBRtZbAHZc=
IhppF7tK190=
mhQFHLAiUp8=
UR+llUfq58w=
eTXTCiDMUA8=
M9Ct1sSmMFE=
CZXqF4ukb/Y=
5VEX7gTakxBWiFrRlkhExg==
XVb9UdMU6io=
hS5JzogLkAI=
vz3EJpArTYE=
FQYxbkkc5YU=
vz3EJpArTYE=
+BKJ87X6VP84vjVERy957A==
vpr0rLzX9pE=
TVuS57c5lhmFXBNKU6SP0w==
IBRPqG4J0Q4q9eUo9IvSuQ==
z/cqkDkZWpZBSd4kK2ogbg==
89IcWIJJjek=
Ocx1et7jTkU=
6rYEeaYvsQo=
NVe/wxpcflE=
01utTSpy4CU=
uDBED27zwCs=
2ZI6Y8tre/c=
IbyI7QysBaA=
0vxi9jkhIv60z05JkVAzdQ==
eDFjSIGY6qk=
RLH7MdTY3A8=
cj14kvh5u+Y=
ly9uD+u/ou8=
hxPHa2i40sg=
mZCAjT8OhkA=
fmY2HWJq188=
tTe4q951tr0=
CRjJ9jWcooE=
jbirdT9ZpOo=
iLjbP/OeN0k=
JvwGYJAJ7hE=
p/029dQxbQdGo0TXuHq/LQ==
se1rPa46U44aR6AwKgKZRw==
zmbcp7vV84I=
82jGOXQFp6M=
lk0yro5cY6U=
82jGOXQFp6M=
abIodj2z1XA=
FCPYAVgfCgQ6cqwV2oyjMA==
9VT9ci73Xpw7oLFarxvvcg==
SyaSd9lqyuty6rOcn57lVw==
Te0HUNOv940=
YlSCStEz+YCHQ2zIsjZtTw==
U0gzVfhJhdw=
fQ1MncAFyfh2WZ2tVUJwmw==
EY1qEZ8m2j0=
zDh4ZahdIXiWv1IyEbqTNw==
gcFiGdXlan7Qk4Ln7vWnTA==
V4czbcmod8/NHprpXMSmsg==
g3RhnUW7LZxfNbBnFGqnLA==
wFjFgcD0p5bsZXOt/EWpLA==
sHUYiaYJyFx72n1BPbvTmQ==
/IFNbOxmoZU=
DOOY54IHkvn49ZMAyDHM/A==
8x2Q95MQWhk=
L9AemUbVGYM=
xBemBvmRm3w=
Me8bzKMRxoNqQ6yqlHjE9A==
CqH4Qg+V+i6E7AzQbe8yCw==
LEob3Zk7u0HEMhYHKZKGOA==
1FBl/8uOZUY=
Hbe6pngYMoWEp35b6gA9hA==
Hbe6pngYMoWw0oc9xyEN5A==
HU68o+y0+lQ=
HUxsMYnUXjM=
UTMevrAOJyUpxpB2TSlD/w==
dyE7/GmTLqvhkiWaN+VFXA==
ELFG9UayThM=
iyqIUuxwjdY=
4CDfchbaIJA=
icpPK5Hszuk=
Iwcy/FGOhXQ=
xUZyHco8nXdQxlSuD9pHIg==
B+QPdksrg/s=
4/+OkcpHSDw=
jBnsLTFR/so=
VfRq4lG63O86ksqGxAW4Bw==
czuPUv4mhzLqWZmO3JRZqw==
bQFwPnbMrE5KP08+ST345Q==
Hgxirn4DK+Q=
oRhqMlma+38=
JA4PAeJC+cg=
L5e0N2FM4+A=
LoMzXajBjkE=
UgQsfxt37Gc=
Ld3RfQOdT/0=
2ZqlFGSYyMQ=
357eJ1AEzn8=
4AH1WYPjAp8=
YOJ7l5Eio5M=
D6R8FQaRnE4=
K49Y+2N+9g0=
W1Z1Jr49Dz4=
/cknW3oqcjM=
4LoKdNkYk19B56LaJMXqww==
VfK6gsk8oDKNQ97g6lC4Mw==
o8uBTUGVTfE=
xuXO5qQw2J0=
oh4qVSCDkOg=
9TSoNbGSpgM=
XJmcy9wElFgyNNDR51Z10A==
iKX7ZVt0nds=
rFkxg6Kz26M=
ytACyO1kgqQ=
WWCi4IBF6y4=
e3mWpFP7Zpk=
ITd0psxe87o=
+TvYsTA7n3Q=
me1NMOxUCPA=
Lod4eMVrKwg=
MSSzoA0uQPgHrKFt6qNLoQ==
ZV2h8FFjbO0=
wD158EsAUxA=
9zJgytovNac=
UMoctKGbmLY=
bUug3VFIdmg=
BoH5Pv8BskM=
9zigiG6pMVY=
BsdZ+I0+zhfNZmo2hzAuwQ==
4YgGa7frjTs=
CgZYNWbx7lI=
cLuGfU+/cK0=
A0uVGkO7eVA=
SwumkMIbdS0=
6ep/IHlmJMU=
SHwXgpC80q0=
XfSJMdehTV0=
qe7DdM+GFIg=
U0Hw87l7j0M=
NQQLU24aoYQ=
w6NitseHXAY=
pX8nm6lH81ZmSR1J/Wazcw==
YLl9bf3eeoAVaCMhf7rypA==
5C71jy04Dnyn4jKurOwjQA==
qb8A3m5A0hg=
jzwOkamYQgj53vDMwt3faw==
Zc90pQr1+R9my7BpSBDufQ==
kz8ZyT/8DcU=
zD/467uqirQ=
sMu1JlMNyJJHXBGxOu9tYw==
YfhnVTZj6Ok=
yK4Pw5mkd9WdzKTWYtVLGg==
ZDu+GbNjpgd/dFijhCstbg==
nKFYoMi9mBCad4QAu+X8rw==
agUHZMB6nxFwRCUSopdGFA==
LuMaNU1p5jC1VN9WpTRqxA==
uKphzEIuzJbtvEm+cfoLuw==
Ts4FDmM0Fk32AKamaHxLkw==
PfdgSi36CZc=
brX55G6P6F7OtbcX8EZ/2w==
XaHEfnvH/zVLVmY4ymJeXw==
TOiT8oBt0GI=
LQJVHqdI7dk=
oOHbMYlWeBFvOmaadU6fdw==
old5ova3sNvLh2FyvUem+Q==
zAfwb91zrwjUPmv85FCu1A==
J2Fcrk691p+ef+394YSbKQ==
73O43jgAJTdjPOPY9JIYHA==
Z4E+KBzfdN3SX8VLyS8wog==
NQjfGhpyL44=
zZy3tVZga+k=
yzeNaugk4A8=
hLll/eA0Tok=
vp05BHshpvI=
IdHPTXBsUB4P0Dn35PJgmw==
DBRi3SO2vOc=
lsFKZT1t3ih2yZV/l0h2dg==
/1Pinx97GVn8QxtdZgSWXA==
ITJh4fO+5eA=
NpK8K8dX5Hw=
WEW88zftG/0=
NZWiXBUth7FuspaMSHIfCg==
56D0JTvs38w=
Qcy1HtRDAKk=
USHOrsyJGjM=
yXB0xHfehGQI1iwYOMWrZw==
KyTQatXd59o=
5lPQ+8M4LSK8Vth8atVI9A==
4K3Ib2Eoz20=
ViImpDlnxu8=
itXeMD2xwOY=
+xxNWUXvZDE=
v3uGQ5/aAvc=
yrgzuaG+iWQ=
tHKRoLBR0Bc=
Akc/ceaD6jBOB+RuWpi+kg==
zUqPrO7V0TM=
74AUu47z28g=
xmlHeA5AtlF7fms2yF5ePg==
rXqH+oLeHjM=
9kq5k9xszVk=
Q+uPZKHkDAI=
z317a09sX1Q=
diQu2++oRRg=
LuC1iaUbJgfMN8064qk6pw==
6XnJ3crEt6Q6Gn54xsRHkg==
j+Am1OlaRUWnvVtH/aqrsA==
+AgyI7p+MQHX6lGH3ge8Tw==
mpKMes79RlE=
Dqqi7ovJTMY=
pI4OcAymbQw=
UzeMTxSnLSmFN5mZfPImvA==
rST9iqgZuhurRtUJrBt+yQ==
Jerf+GDESaBYiPJmzFOWtw==
Jerf+GDESaAeJsEtbq43bw==
lZN0/s7YJtZWgqhJ6ZgtPA==
kFCxDMagiXptoKeztHnF/w==
PWGjM32LHnY=
uUh9FeMN270=
/RlruHwSePg=
eujo4cQd+Hg=
JB5QYq1AQSCiwcuc24+Yzg==
wiWed7SPZoY=
7QJjddwmUCs=
fZLmcW7LIlpAEyMqkltZNA==
XJ5Dnh+sHiE=
EEWEN3ZhK9M=
hAizwAZqGwlhadzab1iiyA==
HYo91jSANO/rtYGymFIpcA==
9+ZnUGT52FjGd4kp5Wp06g==
DrGtYmdUog00m41XP6W/vQ==
uf1GcGZzlZo6kXw0x9wE/A==
oHngTEJ0H/UkRHSz1BLRXw==
kFMoh6TvSng=
X4RCygzsUgM=
TgmQ1eaHTnG7+ssR5moF2g==
wi3SL9fzGz8=
F29NUT0IxlY=
4nodWvc6T8BVCPVmO1ltoA==
AXVzmzhxYzA=
+S4Rf2fdu1kfjiKvxFuQDA==
dHYB2xEkBpaA7mD1e2Q5bg==
fX+yIF/mr+qBZe0hsNrZOA==
gSx6YCzx5PA=
ezsyS6kAWEM=
KtkSunGjjkw=
m4MC0NgyMuw=
6dcSAjSQhyg=
N+KWHhB0W0Q=
pzfF2K8C/YYtMt/5O/KkzA==
rUAmydp0jz0=
mRIa+OrCVyJwJiMQaOIQDg==
NltsUCMuGTsltcupfKKLLw==
K9Hw+fsZfb272q4m30nCUQ==
kvTb5cXhegPwcDktHeLEYA==
g1AyCRHvyk4=
wBNsyiL702M=
QgaUCPYDXTg=
iyr71ksN6LFz53TF46h+6A==
99+y5vV2UvE=
MN5J3SkuKz8=
Xf+4EgfN8rA=
rqMvnHacQdM=
0ZzK1SjWzBo=
Qgnsqh8GW5DM/6cEb8wKWA==
g15gf91Qn8s=
w1cFTbhp/VA=
30AvLHArXPI=
OCT6lzsnxQg=
3kuDbBTfTik=
xuZOVfDXh52duWxoQvonvw==
vyJBFOIs6wc=
aZUjhLnsbGs=
x8F8rbGoFPMCzX226mIP7Q==
sm+fKAzccrpc4QK2jxXv/A==
HgLO4o34AmQa/BYEBbIxiA==
A13Nd7XtHMk=
hXOdWe/Dpgs=
1bMNDKrxfCTDkn/Cav38fw==
0qDpha3RPBk=
rDz27TRfY4o=
0NkfylAX/wM=
LFgk2CeWsok=
iLZM8e/4IEM=
gP0TbmA67QI=
o5pPAqtgiag=
H9x2XgkivzY=
30kf74HOpGI=
DNsamcYvZEI=
ElEEapcyGbY=
LVgcArJbTII=
RyulyRL50eE=
7nSGbf1E3Ec=
8HaCFtph8kk=
y9GXmsruklg=
RxmRzk0ptLw=
f03/8I5MQCE=
bON1fQdx+dI=
xZI7RINB0cM=
wax43LAwgBHzf5ptr8QhXg==
x++0AhyrYcA=
wXv7/jGlplw=
QWmDk6om7gU=
U9rd4WGhSEA=
8V/o1iXqUbY=
DPIxEuzVNCs=
VyUjqrOuAbo=
CW8Fsz6sdQAogOOfQNSS/w==
+x7tsdE5qfU=
t8L+MM8ps9Q=
A6RMYtMsCtw=
jwVe40bazK0dZxIyCpItmA==
kXdScr2Iy0o=
dNqGlR0lfPQ=
EciKlo+yiVqh6ue1V/mOAA==
+GonXeDHooM=
WHeVQBWt3eY=
tFzKXvUhAD0=
lk0yro5cY6U=
n0iFySKICi+fTOpmQ8iPeg==
8AvBFbMc70s=
Gtk4PaylbuA=
JwbszCaxZ+w=
BLi1zqhO1s4=
1nC5bztCQF8=
lE+OmzBjEmo=
C8YObk8Pi3y9kogDIhZf1g==
SMpnogfupx25jA/KXHJbFg==
r6qyUzxv6fw=
ts3CDhO5AhY=
LoCj+WZoqcM=
zAo3cjFUm1HNau/Nq4N5jw==
vrN5aSygTPY=
3FHs3iPmjwE=
O6MGf6bPG5g=
vPYXCxKOpn8=
uysEXN7Jwsc=
tMV6Mm2Kd8o=
kJW8M9EUePk=
5Y7YljURsds=
VBIWpo9Nkgk=
kYPFDLqmt0o=
GpF5ZEZI8UU=
4jW/h6lGxdA=
EQ0ddTZuoq0=
3SwB9NU947c=
5brCaohMkJg=
cUnqmMtG/v0=
x5E2BLexBNk=
fLcSbG1pYQc=
p/REmXHFpN4=
WH2dhT6uMZJee77VbpEcyw==
Mogo66r20jRD/3tcMyLxuA==
3YyKnZto8Ysl0qgR0vqIog==
3YyKnZto8Ytm/P2ft9QZJQ==
GNoJ37JT30k=
4DLLV9K8GzA=
v7jXk7KJDDg=
9U4EDfFvsMc=
6LrROJjMROs=
IJzXEEZ2fGo=
vFOPl4MaWsg=
qCTAJkYO97o=
fqCGP2FAUF4=
UcGqh4adsGk=
Sv4HUGxRU3M=
aMTHFCDyksU=
K02NqxMLhHk=
UQNB4UJFem4=
mnp1iOx7Y4A=
jWI44Tk9xcY=
xwXXxB8vcG1h8Ei8Vayr/Q==
gpr0d23vMBeCbO9WqUvF1Q==
fvBdO5gINgc=
gxBteDxyFWQ=
XcnqDuOh6Gu1ZmgXJ+3uWw==
j9WNn483WnU=
Z5ezljLt99s=
uSlZmNvOeQk=
JTKxsNSyK9s=
izETmmhDhVA=
ZZsmesXZzps=
V4BB1FOlltk=
ayReiNlx4gg=
CYFeY5b7mpo=
O7SsrcKOMvQ=
72IDbcZL5SE=
z6/Vc68yr1o=
ToDr7KuuGBU=
KF4HdczZToU=
kg/Rsbt/m1+P750zGjVsbQ==
9aHIbrMghPM=
gYojAUn38A0=
OnazQ3IXn2s=
YWi/xnV1Jqo=
8inn7RtBDjI=
LzmV95jdBEnV+wBaoSxrVg==
UlfIzzEOlSaP/wXH9Y2BxA==
poyqwM9Y+YPT3VtR7AGDVA==
7ktR6s6Ik1Q=
7sJHQrIhS4A=
a2R1P2zYNVU=
/mmzHcBT+gQ=
EG9MKU3RlWc=
E+kJF0+9s1E=
szmfwvLkAQ4=
aZYVJDT1W6g=
fzgEWhIts1o=
r4MXRgXMpIbnU8zDiyqDzw==
fFimbYFvwy8=
viGJ5X9QDp52pQzwVenHjA==
zCIM6+NzD+o=
XNBsvDgs7HY=
PzbgGJsZMnw=
ZbGPVoY6LLU=
4Frc93Z3daY=
1b9xu7RmMrI=
aZUjhLnsbGs=
1b9xu7RmMrI=
BCoo8LzoFQ0=
KyDLK+7zwRs=
n5JvsfsNh0A=
55n4Q+J8eqw=
cWzP5JqJUfM=
zzUk/DSTa9U=
JA0GpEcxqnzXdzV7/1RCdw==
GwhzBTTRbb8=
AuL5IzLSYG0=
/FU2erQw698=
b8D8+WWv0vI=
YuO9hbMVnq4=
obsYyHg2dfs=
N02784E8zMI=
3PaWvAX6B7Y=
7lQOj7SFIFc=
i2MgGZQu5H/cFdcIm6RklQ==
mk3Njm4wnHc=
BLomt5Fyz9tNt4u3gwHCyQ==
j2zLxOYnwbs=
6D708av5so6jGLhLiGeeyA==
EgOi2gHfFO0=
YuO9hbMVnq4=
EgOi2gHfFO0=
zt/EXKHOM+M=
lywZJauy2ro=
GrMi0zq9O6s=
57oV6rxpO14=
plumx7zscTI=
fvupxPXd5+k=
eKL+EWg2UDnv3MftfhewgA==
XLUtrlGmOBs=
dIgGrqwSPaI=
81jWBSCWjYs=
i7rgvruvSWg=
bLEF6bhtXsk=
CHozj5hszXs=
3XCwJGNoYbE=
/cK6AaBfp0c=
4ClTptOxv7w=
pmr8pH0nvxY=
Pd/yAYfeG5s=
hTxmiiyDDEE=
Ms03IqodZUc=
mr4mt5AcFW8=
mPAqojqtwbI=
kR3Ysv77pVg=
k1vSH9YtjAVIvYOMRwnrlQ==
e91bTj3lqDk=
E059vi9UtPA=
O1mwpeBDf8E=
63dapfYobyo=
WzSY4OaccHAmfBnSBVkRFg==
ZBY/vkl9T9E=
9FT64szow6w=
9W3y1VD1gvw=
f2FWwAS4z7c=
Z+CZ8SPDoZA=
Ibh9UdhrLnU=
a+1B8mHlUCE=
qyMQMjwcPSs=
bNtXu6X7HVc=
dJq2IauZjmk=
nzvYkkCSxvU=
DZqmfz8wsCU=
KY0wSb/mcnk=
POX6ay2EsAA=
IbmYfKWMvuU=
e3rd93uxJsw=
GQSfBC0NTpo=
1dvxBB2qVOo=
xgi63CzQYbg=
rSP0oF6+l1A=
9i0A7ht0eD0=
iw+7bGRhUFxSQ/1olzDAww==
PpoDgNnxXSt/L1Hh4CL/uQ==
4x8G+HwG1FerTjIs42UVlA==
q9lcvTzy2AKAxQbuGERjqA==
4MDVgl+Lu7U=
l/ad5Kcmim0=
Mz67WLwi+hs=
wxMMRcUjD/8=
eKkMvKz1jJU=
EDl+yjR4Of0=
O0Tg2R1+b9U=
wr8UO5X322Y=
rNAF8dWRQvE=
Y2r1+hOLGTw=
Deq79ypB35c=
8ixAMf3G4f0qnKgRF+PaAA==
2Cq8bz7D32DSI8wN5U9MOA==
0BS2A1rWDH0=
naKsOhWV6DI=
vbgqHbbVOeQ=
dl+EWRO7BE4=
TeKfT/SpgKw=
yPCz43iYEhXHQVZJbZdZ8Q==
uNOlQ1xsdahwF3aGCu2Z3A==
QsuO+avuxUc=
LBgsgA9lLPBzrgnU3A/bdw==
pp0oORCSaHY=
p6vszTpeFiMmu14ybOJCXQ==
deApol1L5Bg=
AaAsf218j0U=
u8sGt5wmREM=
xZxxcYpnj3+pgjJkVtsP8w==
s+Oay/DlDwhYo/yizVW3qw==
o1GCbNZQGYnocDjOngNvow==
95vtoHzhqQo=
4oTHDlcGz3yqDxtGJOyWkw==
FUIXtEs7IWliek+fdKS23A==
Pwhr1DUim/E=
8SGBu5zXt50=
V4e6Vr4x4HI=
5aX/NEinZJTokqr289yGqQ==
CyT7oiNjAZLnjM5UBE8I3A==
XdbH25u5whaMv2fXF+f97Q==
U57EnRv4SPcNCf5oIl951Q==
uTwpOSxmKrW03oh70lsL4g==
tfTzI00ZdiFNZMmzHyDkgg==
r+FapBK3ORCSw3XS84KlnQ==
1aUIWPp+JKrH2mNtDFeJkQ==
doGyHjgz0rA=
Op8DG3NS6Og=
doGyHjgz0rA=
DxBUWfLFnEA=
aOT2k8Uuznc=
+JtnID+XIZI=
HbycHo8b/kvW9GDb94hVTg==
2gfeueh34eA=
w+NJZkQ5UaA=
qNE7mWs6CKQ=
pS7a9ot00Wg=
1x6+nrzNxos=
PMYQfnZVkV8=
k5yUQ1Dl0p8=
/vEJMYoIfp8=
Op8DG3NS6Og=
HUaGJV1/uow=
bV/b2oYi/oI=
7tsFJVBCqGg=
IFF/rTY3JBw=
hjabKyjGpfK7vTUe4RZBpA==
a9W/yWIaFYY=
39zmBFLIzzE=
iyW89bunJX8=
5HNXdYzqVD4=
O3TqDKUVqac=
RTThwPosZc0=
TqG7Rvw/WdWELSn+0A0ksg==
A/Mi3yXK/uw=
a8lc/LW/7nU=
0N3WqIil7yQ=
Iljcj1B+0ZA=
WwCdUImx6kg=
mGP3Tvtz92Q=
YzpjpRw5Re8=
rWsWW3Ul3Sg=
S6qGGFjFy5g=
2iG89Ii4AbY=
WOD52nlzErk=
mVaP3kt+OVU=
S1xxCXeYoxo=
4F2DbANgkchq69AZVOBBww==
tDgWr7+yipq1GS2tYo/Wow==
+BiW8Azfwic=
MFG1cBnvjQqhd9C4JjprJg==
p1C5cj/zVHzcU4xmTOczhQ==
zQ0IsISJwXSvH1k+hawfIA==
nLlmbq/S6nc=
/FGFaEWSJrM=
NAeB6wb/vb0=
5hKnOM2R0+w=
hPWL6aukI58=
bWUwNKBME0C9EWeasQdL0w==
3/IrK2dyRZ4=
RgMY5n/MajU=
8hXlXASE6RA=
oqU8V+TNCaE=
ETp8T8GNyqGkxe97l8GP8Q==
Rw7fWq6YyV8=
JWx3vBqr+lQ=
S3Cfv5qzrIF/+PGA5Gjc1A==
G9zEFyEVXqAFUWzy+ps8kg==
s1VYG+wHDDA=
SJZwCC//eMU=
LJVjax1qeIY=
PCJfBdvypZw=
erI4QeEsx8Q=
9H5KnxOAzaU=
CT26mzwCoOs=
UKqCMYh2Ug8=
RTepmaP6nrY=
bXrYzSUiRg4=
malLQYInNJo=
DfcwwMSqWIQ=
O0mB3LgtCkg=
JtfGA5EJfnQ=
cRcqxzTiZ1s=
fefknPC0pTc=
muOJb3hTDwI=
kOzSDcXuHY4=
5qCM1jMvcl0=
gRmU+qPoqbA=
VvthRXIlias=
bT17nMjXkQw=
DVzHQa/ZH5A=
DJZguQqaVgE=
1gjtVKt6O1k=
Fgg3Sym05ivGhJYHYf5lcg==
MsSS4dFUwW8=
m/akmaabeCO15dbixqtmfw==
6B7FD1xTE88=
eEdq4HUuwSU=
YomzL58qev0=
/wyaMxiKF8g=
LnqdPIdBjhk=
EmIpbjWYvTs=
K/XK4rXQbEY=
B+32FbH72Uc=
pQt3EiVEsDA=
FQHNEYgg7Fw=
7FSuqkk6dZA=
/wFctXAsF4E=
wbpsuFqUdvw=
IVlIjMVTPoXHvuNFmDh4iw==
CsjOQjcLNDc=
jT/zXTZ6kNI=
CJfz3ZUSnlGYWspf9gL11A==
FTdxECX1Zz8=
puSuuxQwuWc=
f8YXX3ZM1Ac=
7SHNyTMPHdA=
Z5vNvtTiRpU=
8u8PPWu754M=
Nsws3Yyvzig=
DDJnyhjXdhI=
+6MVUr4w/O5cmnQBvlfyZw==
psYyWJ1JjZo=
gJqGvTG4o9A=
NBDagDix8T4=
V+6Oj5VXObg=
zojfOIA0fM4=
8s41RounK48=
Onb4cjKDoO7fZd95mD+cPg==
at3lPGNCFLM=
07JZyS/76+o=
IjttqBSovwY=
83BZ9WiwJl4=
Cqg6eSt5gEY=
f/pVYXKBrhM=
0+1H/zPuOiw=
x39PmW86qXc=
Pd3ONf/83a4=
iB1o3qDNI7I=
xNc8FWuTnB29tLV8pdsVmw==
Dn24gVK517Y=
7/nehp4sUO0=
Dq1ZzwK0Z40=
xLPTU4GUsoQPWav9wONZDA==
ScrEkxWH3tw=
uWRWua+vBAA=
66M1i1iWbkw=
L0syNUW2EQo=
jD2aKhJQUpA=
qKYbYQq8z7w=
89dw6LodFwQ=
aceB4gLzwrJvldhnOqIg/g==
Emzwiy1+YHDBRNUeO1zYIA==
UWZ4sD3mzdI=
T+LORXtG6Mn/4PLNE6yayw==
4BxgdUPhg18=
J7Nn3o/w+F764EUy8cmugw==
Fo+fT6f+fmg=
kbXkMJyO8iE=
DvAzOJMttSg=
TOfHiKouHuxRcA4Zxei9NA==
5KGC5CDBZlM6a33AI6N2vQ==
dJ1E7F4mO9Q=
hp0ivqCNh/4=
8sLEB5Rs/JM=
tWaJ5OnPmtI=
35Zwvheg5Ng=
CE0guC6UkHU=
vWsTy4Qz6fx+7wS90iLqTQ==
+iErGeW9184=
35Zwvheg5Ng=
+iErGeW9184=
bzX0H5RmmBE=
7aIKOVgiBDc=
kCgkW28wcos=
pcB+98rbiVU=
kOc/WUeBRBQ=
Prmrt27EIdc=
MVCB/kjUwgI=
sPj7r9Fmq/M=
hLQgdNe3f5U=
CQRzOtE41ss=
15qFKFPxqRySwSAEcfvAFw==
XZ0Wj67z58j92lo7HoVfSg==
iTn36ZP32xWvhLNk+ND1qg==
w1jyBCVI1p9ksz7OwxxlRg==
MJvXPjwhxUY=
MJvXPjwhxUY=
xnpD/gSG7zo=
n/Ojssicl3k=
VL7/AImNBLrg9qneRnBNaw==
VL7/AImNBLpA83bC4DNN+A==
VL7/AImNBLoKbZnICSP47A==
f69982Jsc2g=
eesSQ6XWlzI=
XrqOB820ibQ=
dwt8SWeqjmo=
6sBi8RKGTfY=
oTCM/dyk56o=
ungENgMgEe0=
u9TPHxlz09A=
fT6hJcpMMeg=
bsCKX31C0jI=
EefoxFUwKXU=
A30decz4Xso=
375D/L5y/0o=
wxEXxftah5A=
2EmP3S0OedI=
mk5XHLRJKVZ7zQTU9f39pQ==
LgpQu8xRMGdq4ZzuVHHiDg==
ROMq+GsybcY=
hhcfSaxcVwNlApEzFLLwLA==
dpfhjEyMvxw=
j0q+86MD+lbIosPWsJ8IKQ==
YFuT2raHeEA=
8KKEzHuGAi4=
4dkarzwoGFM=
mgh6whIRC7Q=
llvSU4RAlUgCt+m+oZHIvg==
X63sIhoi2IE=
JkFvR43esW7i/JcAUnREUw==
vV63hCIlP+8=
Ql3EjicAeMo=
8OGGzt9ydO8=
JkFvR43esW7i/JcAUnREUw==
8OGGzt9ydO8=
9zSMfn0lSCs=
UtWocKocnfw=
oNKwMej98C2R2Y/Wj3yRHw==
fRbhd+IjNug=
tnzU8ZDX8+U=
wGFczBTfR9s=
enL+PQDaXWI=
WTFw8+1ITbk=
xu5UlQduqAI=
WTFw8+1ITbk=
xu5UlQduqAI=
gHudJtHEvG4=
QNUQqF4Q4rQ=
6h5saJnSzFo=
S3IGG+/+c/w=
8Ewk9+BOUyc=
7nETKsYpbU4=
oPZaOOZyJEA=
IO7X3Ic0gSs=
wdl9FS5QhNE=
IcA32kD+q3/3EoO6IKWp4Q==
wdl9FS5QhNE=
rDazl/0kdY4=
/Phm+MVGPvQ=
fZ+P8d1gzzY=
CCW6tADi8qc=
S8zkQY6QuWg083ND4eo4Ew==
xfwr+7kFFnxpDzjuub0Egw==
1TUoYt+N+gM=
sOTbTzpxOcE=
1TUoYt+N+gM=
dV2gA3U8FsA=
cuLzVdiUwLU=
+CcgahupDzaRbOfT0QQw0Q==
sOTbTzpxOcE=
OcxnO486rFo=
Hxmfmw1u38JtDzAQKEiVQg==
b5n6Uy3ObGok+8KV2nd+Jg==
zhpCOTyHLSs=
Cc08aRG3eQg=
DHh6K0p9q6k=
0pL0JCSUcPk=
s3KeZAErocE=
+Y6AL5lNHMY=
UMndKl2Kjf4=
weVCDSGctO4=
dV2gA3U8FsA=
weVCDSGctO4=
Ci0EGIsN8JQ=
LQtgwq/yjxg=
cuLzVdiUwLU=
LQtgwq/yjxg=
NnobOen33Io=
lUkpQtNoN9DBd/qGfqZCrw==
q8CUW6cCFDw=
54iIO+8MU/8=
0L2MrWbToxY=
tMZ6aVCOAkY=
t1AXIQFvNw0=
teaPghkZh8tiabka3C3Lzw==
m/N1YyIz9ec=
AKbom3rYmfObqtbVi1JgMw==
kOKIOBlvNII=
8atdRooX2E1UThQElwA/KQ==
qiit99aTdVw=
tDh5mFVXQ6s=
h5iqvfYMkPU=
tDh5mFVXQ6s=
85vU7B6ZiuQ=
tDh5mFVXQ6s=
h5iqvfYMkPU=
85vU7B6ZiuQ=
tDh5mFVXQ6s=
85vU7B6ZiuQ=
HyATi/nodKA=
e5L0tSGHbW+ugjzOZNlrn1ptiTahPdGd
tLW5sUsCjxs=
h5iqvfYMkPU=
rxJqlgtWqRo=
Z4tg5yhEvEM=
mmAzB0ifkME=
+WsK6LARGC0=
oDFaqozVFr0YEH5jFa9mAg==
nDrfToFUErA=
I8M2dQp22yY=
IhQOii7DMGM=
FLdGc8zjyAA=
+EQWRiJtuRU=
CrgGI1g/95s=
FE5PLSzjZMxEVU+EtEPMdA==
CrgGI1g/95s=
CDCpn4t5PMc=
FE5PLSzjZMxEVU+EtEPMdA==
5RmZE2n1zTg=
S9V4N+lGPHE=
jmLeCydeygc=
Ebvo+SlX/Yk=
NwZHXZYv9EY=
Q8VkHg64gZk=
NVLivG15wEU=
mYXwbZ+U3Tw=
xH+gjQt1jFk=
g9/sysyFlZk=
KZk/lS6dzEc=
pt23azgGmuw=
TBT3laC2AtI=
g2xWD4JkNZU=
1n9cRxbx0ay5CwaqHwGjIA==
8xUxLKN4plo=
QAGJqiAR4g0=
hCNhJiRCCoA=
pFIukdajxLM=
KW2400uFXQE=
lRqjOMOvVTQ=
nU29ya8k0HNb8vd1Lmr4SQ==
De3VYOqTDgo=
AGB/C+6NwLo=
M58mxFuv3i4=
S/8Pwd2PJRo=
s/b/wl/OAsc=
8i6V3ccdvEs=
61y4JIagDJ0=
+uQcyRO+5Sv4BY1Y4Q2Qng==
dUl2SDbpWGo=
6YUFwXFg8yQ=
tIW646aYT/0p0MbiLCrI5g==
ZV41BRkMZgo=
g3Tv3cx06LE=
9nT4hHi0Sp82F8wGkePitA==
P0mjicMzaig=
48O/xdfuHbobT5jPuvXu+A==
zNNyWbxG9iM=
9wNoGlUEMcE=
99fDo0Ob6Ho=
CP+1o/4QQSU=
laXjHcQeg7E=
xfcstrjN8wg=
KD1+rA3GKyA=
roYeM8SBXpiwZRCs1R5E5g==
GuarqOLG17k5tkVX7pnNLw==
cHg0wdgaObdXUd3YeRbf+A==
Za86GYRPggX+pbnBjmwDbQ==
ds83bafAyhg=
7RifZvbeIRU=
PaT95AcrwgQ=
xuKgTwBKut4=
PaT95AcrwgQ=
xuKgTwBKut4=
PaT95AcrwgQ=
xuKgTwBKut4=
tkz5xAZesyk=
fDktlJVOeV3WHQqkgV0MqA==
cTLp3mH5hxh0PgQ7YXDzWg==
XaNcfgYF49g=
fTmcTwE4q7k=
WF9FuYUUGY8=
DoSmwSSGn7A=
cuFrHs9Q/lU=
2Ov6iew+KkQ=
L1gVdnWis04trf+TIxdsdQ==
RmOwI+5P/Kg=
fxavYkdeRJ2f8eU5ZOl/0Q==
zEgvjwbLVEs=
VpQAGEWB7y0=
0UiSykZv2CU=
V5Z5RCClPmU=
sLHvyVbJVQ1JLWYfm1SIUQ==
5V8vYCbkD5uNj+uv40pJOw==
gL7nkniB0Mc=
yIicpGuUSAVaaMkX9z/ASg==
7xuoGXZY+p8=
8/lYlDykpLA=
1SyGhrzH4pc=
MwZesYBZk8M=
sgc96pzjGic=
6vty1tgIAnA=
IzHrNsQ1m/4=
Ie+m46RNgXo=
Ws5/bFI2wYw=
Ie+m46RNgXo=
z/X9/zzXJ0r3tajr/TXbAA==
3ST6TO02VzqVMIfYY6QFmw==
UjONrMeN/VU4qcz493FncA==
3ST6TO02VzqVMIfYY6QFmw==
UASdRTYwAwY=
vZT/ZynqWHQ=
MWgFtTtlMX4=
1+M410OdJRl+7DUqPakdWg==
1+M410OdJRk6PDXwiZPygQ==
q3kNSLTflP8=
NxxckJgK1GS7MVrCvA+d+g==
wVrT0cVqRtg=
C1Rm5Jrq4q4=
dyeVIzhrngMN9c6Y2ULIQw==
TsVKwmVuHLG1QOq9Kq9sxg==
Vmb6NtPLn11ArukcmHAJFQ==
Eq6++ChZiCHwDXmESjxJcw==
+twiLF0xl6oZG2HwQKHVgw==
cJipzw0cmjByZY+3//k0Xw==
+fYv8GmHbqE=
8ia63iBtzSw=
lsKDVbbWVxI=
PdL4ufs2kPw=
oNNkmVvsAao=
FQa4La4IH+M=
kqup4guqb5w=
EOo2iduLjWA=
jWRKf6JwJyU=
lTM0yIjOljg=
SuRAI7ind0A=
yuy8yFOAVW0=
iw5865nR73Y=
PDrWIgGTbbk=
Rhnl0ex+y8o=
O3GwCu5P+r0PCoKu6WtGjg==
fUwSG/vFKdM=
Sw2ZecGUYy4=
Imqu0hUpzgo=
Cu1F97JgEsW/5Y5JEX9GSg==
hOnXn1opjL0=
nfSboRk/lD8=
yT+DKyl4x/A7sReTgY9NwQ==
V84v6wdgGXesh6/uzQmYJg==
V84v6wdgGXe13BeuYtolxQ==
iuEl2cJX/po=
pxtGQHYWQlo=
T5XFpo9C8x8=
Srkqnjq8Iwc=
l5/7yIvgnkA=
WkD0R+bHh8M=
+iDVw+NtrAU=
3ny5Iis3dAg=
A4uUaNzr5LI=
St8MBs8zvXE=
IrRZUVWZxNYha+ciwcDzMA==
okrZdfMQAjBYh9/i6gzrFw==
k2KiqDOl3PHEaDf7M1aXyQ==
bc+5eDmK1mbOsc86mFrjsw==
WfPNXFEs+QLvBPgFx/v1nQ==
XmpvBqRoUis=
m9t8twP6g4c=
9jRhTpzRXzE=
ylP1Np1Yraw=
5F1QTrxmpEU=
C+Efh6AmmvH3X56bqRUO0A==
TtJFTmMasXaU6ql2BgLY0Q==
pkL8bEnGRPTCu9V0CJoDHA==
K08Qd0Ltz5Q=
i66WJSIWr4k=
ZMjg/uTDPNs=
wZESAvWlxjs=
6srJXQPgPTk=
EzB17heYMik=
ekOmlfUem3o=
jQXICPokFkY=
HXzAt77ZmZI=
WWrft3cEj10=
D+B1rk+gGlc=
4+TbvuvHSN98l5DPkk9XnA==
iQXFNjzDxUw=
60z6VCnujUQ=
jb4/i3tpx8w=
UgjzvmdQdJTYC4fVqQEmiQ==
GCdFwn+8GKI=
jOBYcNEZuv8=
FmxXuBMLngrKP7/O46Mixg==
lq0fyRrfMG1scLQZt6aGkw==
AO2MLYpM9y9q/1bAjh6CwA==
AO2MLYpM9y+Li7C1I7YEzg==
t2aR+eo3PyspUmg9tsTPRA==
uvDGGN2wDvY=
gzUyKWf1+vZ9FBYmae14tw==
OsoKaW/EqQc=
/96drkTOsSE=
Xo9YbSZA6xIxRvsENkCgPg==
/96drkTOsSE=
WAzRWSMAjgilqpW2NMeBSQ==
80bdGrNkzMRf7oMCv+u5Ww==
tllwxcjvM48=
Q7NENMX5bns=
li+MlSRqbGKfCS5htnFWgg==
Xo9YbSZA6xIxRvsENkCgPg==
wP3QAGXx8xbkBd1Z2qMtPA==
GaW2BSSL6vY=
h0DmEDz/Xio=
w/mLIibY/SI=
v5Zk4Z1743g=
Ee+k9DCOorU=
Scygz592+Bo=
yVUbCl+vAaQ=
nhtjSundWM70kjlE3Y7L9A==
cBarOaUlqVQ=
HltWn6/+ED4=
K6ZoUa3iZZc=
xWaOzsCitxU=
zlMzGyea11s=
zSaRKF8tLos=
4h95bQmIVUk=
U6HD6hQsYdw=
TYiw4OMqcZQ=
6xiqQZB9q88=
poAi5SXFsLE=
K6jWBU7JrS8=
bViIeL0fukw=
TzsN1FOYITE=
Wc4GAOog940=
hkG8bFPP2SA=
ZVfyTpTjHLfXBYL4Ij2pJA==
p1EMT/Bv8tHD7pWplY1uQA==
XHHtXkQ1MME=
hgmf11sbVOo=
lWGMqVjEpWM00yQwqpPzIA==
m2OPa7mEkzQrI7L+bv2XJg==
ePibqiGNKrg=
CPH6wBuy5cE=
cKJ1dH8uF9I=
KStCqzCY01InIx4TyGtN6w==
ElTKB6C921mCwfb8C16lZA==
3bkRJrtb3lM=
iwkbmJoVKRo=
brN0PwyNele4sHNPW8qi/w==
nP90a+D+4AE=
6oKvSZbZa8o=
ZkvWBOxn0CKJrQqGzqsgIg==
JX8d5wxXPiZ5wMj3cVMKyg==
rgobt1o7CTNo2orZXswlgQ==
Iu6BfkSKk+M=
y9Um0D8JPTc=
nTsj8+/aSLw=
K6+V2XVyvsQ=
W6kXIfLL4TU=
F/4dXpoYnWo=
R0by1o0If1o=
DK6FuRBPvP4=
l4lto22oMmM=
uDfQ4g57qUU=
5PwWANEuZrg=
YCDGkxiy0aY=
XpzOskf95b4=
yHd77zpkEoI=
Cyie8pZI9hE=
YWvggclVDXQ=
fApEVTh32WM=
stmwMJKA6RI=
ZRJkmxrLSsc=
QolfBDA9MWk=
Odew3dj+u00=
FHA9ZczIEK0=
ZFd14ReJ9+g=
AT+ykFy+IeQ=
oEndQk80YNM=
6tUa5kAnh68=
mzOrwKgjYJw=
9VUTFcA/G68=
FOlbelKUsNM=
kHPRLyOftlA=
2qeoTbaJUHCFYr7pUGRckA==
vzzmcvnGSjQ=
9ldqqVNPJfE=
Sb0qTXw/Y5I=
eMtYHOeIssxlq1HwXkeyEA==
5smv5BO/qK0=
iV7mD16C9ZbupNp8X8TKOw==
iV7mD16C9ZaOZxokX+J2PQ==
pG7EoVFTo/GgC3AVBozoQg==
Rl6wHAmcHCHpIcpyirlDZA==
+PxFyDCXM5TihkivYE+vGw==
fWNtXDCzH5CZj7x3kXKmJg==
P32OCt96LfY=
LnZXpQ0NCwo=
hNj31AVbZZk=
LBAhQOxYWoAyKBkcCbDtXg==
kY+kviLkSaQ=
v04XlYOL6uSb5yk+1oyFfw==
dwReVrdb4vE=
J0FWVuZSBDbzf4jjzHanVQ==
bP8TJGZm1BE=
FcoiuOaJ0gM=
cFH49BmVcrA=
byEVjo5+oqcBZ/kuzg/91A==
sPc0GHTsVbA=
EIqNrUFzNzE=
dR3606D12LtiTfgRGD130g==
xyw3X/GffBoYVlGhaQigmA==
VwW7wA5c9Uf2ZCMS6QbmWg==
YNx0fXPHy97RqISgHmlNAw==
LQdalhVFevANLwibNrd41w==
7dXfJNipPYEdrtLQslk9aA==
pR1Jp4D7yf8QpkrGA7F4rA==
CfQlub2n7CM=
VLcs4Wi6ysY=
61CVvJhsXdzLxUiuC6qGjw==
2BaUA9d7AZs=
VC9pDzfcyUA=
8C7BcnCoWrA=
DuOT1oZlEhEBbjCG7vGT5w==
XA8ClVWdUR4=
CcxfAscvO9o=
KG0AI4ZkVg4=
CU4S4RDKa7k=
VXKTOHX0uoc=
ujXHfCAcVe4=
nwOgEnkrojc=
ZWTfbwFp4oA=
nwOgEnkrojc=
ZWTfbwFp4oA=
NHNjTWkKbdI=
bqPjt8L3lOCsWhjpc0Fovw==
RfNChHPE7jHDmquLHHjd2A==
sZMqTJZHvkHmx0saXFo53A==
Z1SgzG5EAxy9JiwK1Rf7vQ==
rwCcExzbeX020zewThewdQ==
Dhse53jfrVHNKlSMy/8zeQ==
WUhHqqbfLZw=
N2V31Ovxg82mm1qh96/nzA==
XHJno8Wxs7Q=
tMi4Pn2rAfdglodZZGVOoQ==
5ilUVzgptJkfAfh5vxhseg==
XvUxC7ZlPsU=
tDo5C78Rwqc=
Hrkt6bw9Xj0=
+g4IGjSedz8=
VQmZXrg88aQ=
YEVHFbe3m2k=
A3q34F0vWGs=
pzjqEemqzZM=
LtSJWovnA44=
AMUgaIgMod0=
C2ypJgtOynw=
9PLfvlJKa9A=
wvjdNuz1P2w=
juFaR2qd+Ig=
c+bp3F65FAyrCSgGYbagJA==
/EOlQ72f94c=
K/V+nqAHyjKZ/RU21j+dDQ==
WUKJdaGb5zc=
1vNNUAjL6KSOQBCoUgbZUw==
MGiN7GTOjbE=
8EqxsI0TVK8=
7AmvPaKnHc2EV2VhZG1B/A==
kZ2i3ZFYhEM=
/BT9zqdYNJw=
Ph9CpkrlQZE=
3YCQgtOmPzA=
9VaGGNLRqQQ=
wuDobpBuSrKP0LryWyoxpQ==
rIpgx6/eu/mvYLUAVXTxiw==
DMMRnEnFo1k=
7zTnHGBN1Uc=
6dCxbDMCHCs=
gaEaSKtNTxc=
ETiO6JVzGyU=
rY0NtCHYeQQ=
3fXuRsMgKBE=
TQP08BUHNaw=
c12O9FR+x+4=
zLZdTatfh4c=
j8eONJJKiJE=
MfmyzM86MpI=
2J8Odk37QsU=
Uo9dtb7bzFc=
JYy4W3zP2uo=
T5SzILwhdqc=
vRscZQARDuY=
n/MbQf8v2hs=
O5p+snkmySg36Fm1bxig+g==
JrB/rRygQtc=
LKxfDaZ7/R0=
RBeFwZeOaI8=
y9CKFvhIQtI=
iOkyW78G8hI=
EjIM2eBwdZ8YRLXnMIgZSw==
VMV5MtMj8o7U6PcKH7lvpQ==
z88uWALDwf0=
9r05lWE0xhPXqMvsohIbKQ==
V1HYTOKywYLiNlkibw5XgQ==
t9K7UF/u9NFJORB0GCTPiw==
t9K7UF/u9NHUA2e3whPr9g==
AJ0VTqpvtBIctu2nT5TsAg==
R3lYkGhFPp1VynTGRXxVjw==
VVKskofF1tg0AsZeUaA31w==
QonOCsHkKZHI7d5brFFBlw==
iLLCiLHLILR4q866l++RBQ==
MJl8j9swAyc+0rWTQT5hSA==
Hj5bP31chAc=
MHiNZ3VtfN0B7QRStAktdA==
lMMhSuaXqNREY/Z8n+Q+Ew==
ln68xoZapVE=
vebwZX7I7CU=
Uc0y3xO2NCY=
qFKI6W3E5hA=
zFmJhs2UgiY=
+xein/0HQLc=
ImNHz9zoun8=
T/gpGKarEIY=
WFJDGxUH6luXaLYIIxG09w==
DYCceZ20Jvg=
vR8pgY5ogWA=
Z5pSv7idRKc=
HB8SGxOZtAQ=
8WDTiHJe5xk=
HB8SGxOZtAQ=
8WDTiHJe5xk=
zO/fAyOJJT4=
tYi2vjllIWc=
f3afvwqhe80=
c3ZyqRQGj2o9opeigA/tGQ==
f3afvwqhe80=
c3ZyqRQGj2o9opeigA/tGQ==
urWXNv/5ZgdgHYS/5cm9vA==
knAXtYoVAAG+hWiUAMlznw==
fP+HkLEpnJs=
7a6c0yV0mM0=
xDctt4Oieu3t5xfC8tjVcQ==
V9bRff2SDOktXjEz8gTPhg==
EDuuvRZCmXY=
wYnIpH/xd2qrhCv3lDwyRg==
I4qd2MZJxUI=
QATocggSJF8My+UTXbDVWA==
kFTsw1g72lw=
n8hOJs8shZVYEftIXOvUoA==
0VQFI6BMfjM=
RbhcHrnk2BUijjOPuj8sJQ==
AUEtc5qaUJQ=
BWJWAno8RnnFnzpmrLNrhw==
E0qTUUsF/gA=
F0nAfj5cPaj0ki5WRBnMKw==
SD4fB9XUQS0=
u2FB4C56ZTU=
qGD/JfMgxd4=
e+PGv6Tx2Vw=
MmFK9Hppwb0ZE6iGjop8kg==
W6GvY/sx69mHC2IN6CZd5g==
l9mnq4jsMKU=
H/DdOwtR7v0=
stCBoNWx8v+URsAQr8Z2/Q==
mbjyVqYBr9Y=
TWowL/5GS5o=
1VBg4RNISS0=
Q3Cmn+7tHUaWSaM7l+HT/w==
yq3qrxV8vrc=
WSKQQ/V9/3M=
OMCbjWQ2dig=
hZ/T4sFc7Kl3c05yf/EFig==
0EB5gB8nnevkf4IHrxmjSg==
qo490CAkTTc=
PRFhlTMlVvhnbbEN27KNnQ==
iLSmw5UxUZuySamHwiaM5A==
BSJ/7Qb+maCHmcDX/Oay+A==
9OUzJTyLLq66/Ks+hygN7g==
nwvX13u7+PXXMHlRmvFYsw==
vP1fmnx11sI=
EJjAvIrwbYNexBhhLkV4lw==
DcdLemcz/4g=
qItBBxwa/yE=
PMkGWm+TBwo=
DCK2zeFPe3FrD4FZ/PzyzA==
cF89EINMR1A=
36as8sFRKmc=
ub4e4T7O8GyIe4mHIg62IA==
Y7rycCCm+xJpoVqIwzsYsQ==
w9YPifMN7/k=
Tddb/315rSE=
qa9WmfNdZpg=
azUgjVmkOeg=
qSLEaXGfZhk=
O3gsVLwKoF8=
Gtc9PFtsSKU=
SQfXcXziDRRl6oe3peQ4Dg==
Enu26dKSvUk=
7jdri5Ug5gw=
GfBFXbeKvO2a9v0h2B78yQ==
IYFlbZQQ8Iw=
Z17ATwYD5JVsOjiXSZRy8Q==
Rp4QGn/xtIwWtGRENgUpGQ==
wWL4ZPHwmT0mbTDR7rgyMQ==
z/+be13tRMOSwzIuTcl1kw==
WssrhDnAiYGnZPaafcBxYA==
dFFFKz5Kg9DevFmXyc6lcA==
rQe1WMyEDMCYno1Z7O7kwA==
5l4Z2PIVUFQHHowUN9NIcg==
GQ1VdUZEL20=
bJDwgtn2fmY=
G9f7I+O0+x4=
cfhcwYwI+j0=
40RmSB2cXYY=
Dd+04FRlv98=
Kz/LAnI/bT8=
M3L/gdnOrRU=
ENsevMExRzM=
1BLHGtBKaPs=
eUKlNxLvC7A=
WOw83Cb019M=
MVP+DeQ0lKKGaBnT5hzGgQ==
y26ifEAlZPYDW0JQ6qIPCA==
yZKevxhXUviJmHlzMjaNvA==
VgkSsWxaSSY=
fKw/zBo1xjYnpwxBp/p88A==
9JhgHIb2QWNKTFn6YranEA==
ua90pZVM+rw=
Z6Qh7p1oU+k=
owFEhhgnR9E=
94S67F/aefvq/lZyoLp8kg==
O4LP39au1pI=
PE2D6K4y870=
pA7YRLj+2xE=
mnxTd//e/iY=
EJ8eWAeebuziBGZzTk/aWg==
X2r0pmhQWnOeOUiy23BZlA==
r/oqxHqu7mQ=
7sYz+hxkKaKkStNgFOcCUg==
V0iyIfBq4fk=
Ii9KyGqvdT8=
shqhLFhXIik=
lFJ7a0zkGSneoeI7T9p+nA==
6KGOH6MeJII=
iSg8lFfB1/o=
tg0Pw1tf78csYpMibF1n5Q==
UTJXqFZ0xNvycivAM6SdkQ==
6Og/CA2XQh8NJf1iwm589Q==
uth7cXhyI74yLU+nvu7c6A==
TWsmaKXZ9VI=
NoYyzeWAcAU=
R1rnhdQ58Ts=
5PcgXMJEzww=
Perjvt8LKcI=
v13MA0gyzVVi3lD0s5ua/w==
HYQb4T7cuV63sLqpdBLjKQ==
I91kMQqgBMTfP61jxqVtXw==
VSRjMDJqoBfhLG8salTbbA==
7e2VBqvIucZG0DuRLZFA3A==
89ZXLE/7Xu8=
J1hTrh2U835epGK9F0K8cA==
OoshZxAsw5g=
gATJsodluiOmfePmV0N0GQ==
fiZMaO2QkOwT4btuzzPHqw==
sWgSuRK6f3mJP3vGoWlEvQ==
gFhGNIfK4XE=
NAqHY19Cscc=
P2PvdTHto2uGYCREOMomeQ==
v/ZS53VR6mPX82aNX+WdBA==
fgrp77tgbNs=
GQ8zFxHGQ0weVMLtc+tuJg==
Zc4PV6JSaTw=
lwWzj95KuGE=
HQe8Tu9jJGs=
OCy4tF977bs=
WhQenh+1ntg=
zWECuQc7yNk=
k+p0ZmSCNzu+EU2u/+jB0A==
UetjPPKYY6nU0Mah7bAICw==
VM8FARTpLVjY1kLhOhgpCg==
GOIyh4ngGRg=
PPbCiNGYQ88=
qI4OYEGNlb8=
e4tJ1J0qFgM=
NGhQV6KNMZw2ydCXT5NQrQ==
bKdMvuPU/Xw=
YRHAoEgG/YA=
jQ74CfGboaQ=
Cp3rSr/9Rn0=
ChpvLzyrDgc=
rbBsf/R0CI4=
zAYo7YLGG/E=
n2+RQIglIRU=
FipDZEo5Hqw=
0gpFJUebJWY=
UCM6BKSud3k=
4cbBuPG4bzkbi61c32bMKQ==
/U27RN7q4Fw=
JgHWI89W46Q=
MEpGajNQrrTqaV2TznpkUg==
JgHWI89W46Q=
MEpGajNQrrTqaV2TznpkUg==
NGwahnU/LuY=
BpFCKrY9PAw=
8I9zj7LQQ+I=
PSjr+I9O3fg=
XWOZJZdV6jg=
WkWl04r6asM=
Ipn1d3dz/mk=
sUylKxkEAYs=
zJYaIVMNu3k=
SSHv7XiFF9U=
IdLp9DolCio=
qLx7a/1cvSo=
IdLp9DolCio=
KtstDNg9Vw2RTUBDJi/8lA==
xD6yLgsfJao=
7p/yFq3pYZ0=
QcD654BT3ms=
PMZ43FYPnz8=
05x80fFa3y69W0r/fqeMmg==
3iTKvU66EDQ=
Lyi1+X5jitk=
/5cI0qLUALw=
XKW7fRDEARw=
uaG2JIj8bvk=
t2HtKFCm8cA=
dFBtzzqA+s8=
Aek9yuiJZiKbG541c5hL1g==
PFyWKDkSs6c=
YYzMvFQ+kk8=
CBgKVG9cqSg=
jY/gBdVQHM0=
hOVCaffBrvWTLcoNJxnB5Q==
jY/gBdVQHM0=
mSj4bKgrC4o=
dFBtzzqA+s8=
B4VdOuY+z98=
EBZgfZEveWU=
tasaXrImVJg=
qe+TdeuZ/0o=
tK/wCPt0kkY=
K7eZbWLoM6I=
v5TvY5OibQo=
Da60jYPJoOQ=
PObH2A68Y6Y=
qkPKHV+CUVY=
t5975I4U0Kw=
PObH2A68Y6Y=
7Wsg3EB+07U=
QnwBonbc0AA=
jUhpTKN3ua0=
22+h8+Pr+qpWJGkjZo6wJA==
bJtmKNylb9/kkj2Aoy5LFA==
Thi5jsRvgjZwCDon+HPd+A==
0yjtXFdF3bE=
WhbmqhIIxWs=
gLhBPyyJw60=
4IqqH+gTgyE=
S2jZFj398IY=
qHrbi6dXJ5E=
kbiH573VSfc=
iGW/P5saMb4=
4IqqH+gTgyE=
kbiH573VSfc=
iGW/P5saMb4=
h34a3JTusvs=
qnqKJTKcZUw=
L3FkI2h3R+Y=
rXn6Q6x70A8=
pWK7Vx0YSeTcc7Y/aRcjpA==
mMZBTnRD2PQ=
KurzWcM2yVM=
ylS9p56y3I4=
bi2K8d7ud9U=
rIHTdwXZAh1MVq9wWAgGJA==
to3321trjSQ=
E5o0WK4TeWpl298poolstQ==
QwDZPb47hzVJqRdvP5tk8g==
OwvyNZZHak/0eO/ypFifkQ==
5K3kFw8iJrY=
Bes0wPR+WR4=
vrO74pqvQnI=
VtQ2uh5p8Zk=
+7DYL5aTX6s=
s0cMc5q9isM=
N79tJ4HetU8=
0ZpyU6IfUEc=
FIM1/4mcKL0=
LQhScr62Nj4=
gCr1djT38uqaFjq9zmgQ8A==
u8TgrCACx8SQuOlHPf6BoA==
cguAGWDlrnw=
2Vsp0m40ctY=
fOpHtPPWHfOR6TApOtIW/A==
IIJxx/vhp0Y=
lUKv/AWaQxk=
ImD5f//EiEA9OmXYCwDftg==
tboHg9izzz0=
smqsy7NfFGVH+lRKrRefpQ==
liaPHx9UDNI=
cxrhNR/Wacw=
3jSMpTCtzukjuvv4Tjm+sQ==
x0XUlXcjyjvEWJaBmgBh1Q==
drppnEf7L4TOpzGZy+yznQ==
+ZQ/Ft3pq/BOgRrVlG6tvQ==
T2fj0LjkTjUdXy+Dl9f/Kw==
dMbdM5LcsL7P2pCV35w1Nw==
ITscEe8EbXo=
H+HLo4MnHNfURjK/2EZqzg==
H+tEK06qqVFAQghm8nq3yg==
i5pvGVicYuIJDhoVyVqpRw==
wK1mEuuyigMxt9nP0Qu7eA==
na4taheQHdM=
tUQoW8qm2ao=
Ohck8bWLEL7GrgwaC/YxZg==
mhgqspbqV0JygP/BM0u1Eg==
64oZnjz4MVvw2rQwQQHqTQ==
fMZa30Bow9U=
d0H0c2PJ7oU=
i+T/c7/Mma9LamQhGqzlPA==
ynWIHZb9ldA=
4m6UQKZBRi4=
D6aqFXqlHERR/KJkFTQY3g==
HDJireLl/c1q2c7UAUqKvQ==
OdsrKWwV580=
cXMXAsCiTtc=
cMJg/iOxizQ=
Nkzm6uzLgWoDisd3QrTfsQ==
45CcRvJFADZdocw4r7/Z1Q==
I7h41bqUawVp52lkVigA9Q==
oVpejqr0lZo=
hnws8vLMCcNMXus9W0lFuA==
9M/lpo76rWk=
ehdF1HjEcMa2k9gKEOh6Dw==
tECWBAk0n2k=
n12XDcsGbYpubwbsJXcRsw==
tA0lt5NgnOg=
/VXbstzntsU=
T//NQN56hf4=
rNOFREz8rAE=
0EAJRVhI09pI4YGgELGtzg==
mBEImu00A7E=
h7PZYAQmAmk=
ET7Jo8OK79I=
mrbwaGXppcINhyFQx51W2A==
ccl2ym+1heE=
/UDdyucfThM=
8AItkpnNXzpqxIIz9RdGAg==
fXVITgYIzrpgCb2OYdeD/Q==
flBf6JStf7Q=
Y0P8vwPums8=
dAr6L0g6y23pLNzq/jXGxw==
Ha+qxcBlLMCkCNJYg1fHTg==
PM3nQK3FdkkpVQbNWWHT+Q==
nm7khuE++E8wYzn5+cT8WQ==
VmGa4iP6/4M=
1qeqrGlRTlZ7YZwIU9XC6g==
nBz3TmyGdKk=
9yFUCvM6mF8=
4bScBh+Ccx8=
BNxvaY6bLTE=
p3Jrtt3SbL0=
K7j5TUOLqX0=
c3xYnAhZUQp68Bu+35e2/g==
1URRvHKmY2Q=
0m5kGGlOVRw=
junK5AsOGAI=
NXPzh/2uJwQ=
bzaCjfjOhZE=
4EdvVp/xgxY=
H771qGjAko7guxk1Vgxb6A==
4EdvVp/xgxY=
hGaJ/mUzb5M=
UrwxLmnzaKc=
OKDg8GduHC4=
JgKiy9hlVZQ=
oWYdekMMdZa/Nfih38ICkw==
RBu4G3Ke5zP6MgyMu/Q9aA==
aWZ/6XdycoLLbHYP8aCp/w==
yHjyN/aX5Ko=
LC7cIU5vZXA=
BN7b8iw2WAI=
tkLzC3UjpBI=
rFouFIZyBzE=
NCFwoA+IQQh/4Hk2aU7edg==
pAvOkLfcSDo=
DnxFloEhD9A=
X1lyFkbQLvo=
Am74FCSzESg=
EMOo16HnjBo=
IG43zWhdo2Y=
tz9+KZq1PDU=
heu9iSRBvnY=
7mgU6ENIu9k=
+uLoXGC+rcE=
h7B/U5CMO7E=
WgeayY8xOok=
AbQmccMpo0A=
kJYboaVrTRM=
+bFCy0B2ZY0=
M49HMXunrXo=
dkJvXMOqBkg=
xwO4QBHye+w=
hF+pbk4qWjU=
V1zlNmPhWiw=
X3PMV19qQ07lq6zFUVZ5aA==
lljGDvgHYSo=
vCfU6tsnQg8=
DH/p9JgrUX8=
GXG/lJo9wxc=
EgGCRUIomjw=
gihazFLsVFU=
mnxR26PVxxY=
gVsJefcj0/Y=
g/6cSThezE8=
JIxkltc22Ro=
4j485W5p/Xe2I+VbjqHDhA==
mMgsnsO0PoQ=
A4dQyVo+BBs=
6pOJauw8FH8=
eD7f31mDwzE=
P+PASiYlpWQ=
5OVTcure7n4=
cJB5zTMKhOs=
PjSYAC/uEu4=
nP7ALwRJ89Q=
kpVVo74fXWs=
zPVYP9Snaj0=
2fuu96c+hGA=
UANcDG4PwiY=
ZOPeb22mqHg=
0h/K4urN8ww=
tUqU+NlSIbM=
zJJVpRLJ5wih3iiXPUdQDw==
M4gGBlgy9JsGPbMtg9qQag==
5T8m61DRdDwOjnapqPGV3A==
9LZTtRcwPqQrCn0pVAIyxw==
M2bGlzfd7RdX7R2Y4vs+tg==
ei11ZuRn7WWhoq5Sjvan0Q==
v35oa2LikZc=
GgXrr5e4SLo=
EWaHbnkDagk5U3bPAReR3Q==
lJ1T38n6Bxo9OcXixgtzyQ==
9KJel7KF3ZQ=
4cbqZRxSxLF0vMcFEQSCpg==
E/JJ2ioVpNINjAMJZb/pYA==
ndyQ4RR8Frrta2mU0fGNrw==
u4cIOIC9HXfuWCY+q0/upA==
PtWqBU/RI/E=
E8r7+Ch966I5ZGev21OEww==
kzLydyachIM=
BSa5YbdmADY=
uFbKXKT6RfG+vfodEByhcA==
xtV7fouQB8k=
6YrOlcAf3Ds=
bEckPM78yvy60BxK8gpLQQ==
9G1QEK4RxsTg7+EEtDW67A==
zC/o9W3I9eSESiyF9wAUaw==
4OMcNIoYDrpBgIrEMXYcNw==
EExB54MDUdlv9Jdn+G5lVQ==
qy4jy8jUTWgUppFmiKTJ/g==
5e2YdEIFvNa/d+Hs4e45nw==
MSJj/ZI/Iu32shLL/ZMG0Q==
5TLQejYYkU5gRtYubZ15mg==
mXvfzNv0xLREy1cRW+s6Vg==
gQOvuEhG7txXa1gVEgUoQQ==
i/mIRIVAGut4KBYdIi6ddQ==
5Wm6Nl4NPsQ=
nsu2LBPO5tpvJl9O1ylvLw==
s7J/RR3kroo=
KkW2yctkCBg=
+5rE4nP6ecI=
TXlyNsCi1V4wWUt/SCNJ/A==
TXlyNsCi1V6bW3uFZu37Og==
68M5Y8T45/I=
GN31lRIS7FI=
6VZd4gRJTmRm4UzpuKJhIA==
bwN+jCVpcsA=
iDzYbDumUWM=
2NriayBgZfU=
XJoKmymZ4uk=
NlKEG1/bxNo=
NlKEG1/bxNo=
E8h9UAh8AKc=
1khsfQOY3n0=
ZNkI9n2jRks=
5tEasQDGFTg=
6IaeABK4/Vc=
jJh+Ep7Bc30=
TYRZwy8Kb0k=
PfIlBIB2AW8=
Omn5of9UO5o=
m2t7JgrEPz4=
CdOyKgRlePI=
hWXpaqFU4PE=
j0hBCUapoxI=
9EO5OJhQWgdX4rqkc53yBQ==
erXfNI4Sc1A=
sDPzeHUrYPg=
GmX2YYH6tgA=
aOYk8NIoVOA=
jWFnA3766sQ=
mcfl05cmmd0=
GQoqjjZKvDY=
5CutdkOzTdI=
RRJoBFvfJkQ=
PsOX6V1yNuI7yYvxE4u+eQ==
EgnO66hRuTU=
YCVDIcATuOY=
4wWQxTjV34dCcjk1b060tA==
YCB8+jUhgQIP0eCTd4W6Jw==
RvlcTu5pX54=
sGLQ2UOL1Bg=
QSQKhpaZkiDA3pKrLAzqkw==
nY4+wtjFsxU=
rBEt2v12pgY=
uat+Q9sT+y63p8/7zYZwdg==
ZNyhBM1PnpUX9JR9WwvqGw==
Wo859q8eU5w=
oUortjBQ2XY=
4fWMloNmHCw=
34S2np9FegE=
58Ir404t8Ps=
mKatv5uUJmY=
dpKU0FUrpRk=
rw7hqrqWtL4=
5EL2KaSfCKt13u6c+JUT1w==
er4j3SHx4VQ=
uORUjDXHHoRrjd9fQ+zHSA==
YDGNfuVOqqqpcqJhNm+dGQ==
7idPeHlTMcHUVXwP4STjOg==
PeYN/LDakvY=
KkKUohJex9IyLiC7NTdtPA==
MTmRTaZctVDLsDGvmlD2GA==
zjM5oVlyKXs=
JwTDgdauf8U=
RzmuvRZ25Qc=
Qpj62t1PSvE=
GPMTR6QibR8=
rOTttjARMYQ=
RQRO+WfPLL4=
Y/bTilIN+WVewfDnF6QCpg==
2F1Lomj1hOvP2jxQMMQ7+A==
cEOaJdfdE3A=
v3RXkgzo2WNbm4CrQbm0NQ==
xpWdCHe2pLtSjzC3RRH2aA==
Fgv6JPn0dd8=
anmBxkpq/vE=
aAYSBUZBpCnBz/bSOTLsmg==
XSfPUSh8OP8=
NYWlCV7oC68=
C6Qe+J4gw/M=
S/dou2SArps=
LqpmurqDDkY=
HXAbT0dVbKA=
Hp1pMI1XMbE=
hW1dPxr0uJc=
zU/8O9Fl5M0=
a1N6hA2CBDM=
261Qp9ncn3I=
uxhPQR2II7Q=
NJv8qMczNsQ=
RXK5hIFKzW4=
CAwLmOEN/jU=
DsyjvZaKTmo=
bfGVKMCb9Jw=
Zt+66B9xjrcH8OioWAc2MQ==
LDJKANNRfdW4GMJZbEESkw==
tfD8K+ceGx8=
tsCkonIZ6QrUZFij1Z1AEg==
CweJr7llWxE=
qLOFnsOPxK4=
sH78FxK7vLM=
85kHEbEih5A=
WdvNxSUmP/MBAxvdN7je2g==
uWKDZCnloUQ=
P13Xan/MBko=
IlodxuoOzac=
pnBSFJETEA0=
VTNqXSnbyO8=
08eKxqI5upw=
SSYLa7Qm8kU=
swat5Sp3zNs=
aQ59Bcz/2yg=
KyoXSUHW4WA=
mz3LML1koMQ=
rSW8B/GsTxs=
Ux7slZH/+DA=
3HP8qfP0tos=
mXxEDR18tiQ=
YxihNGZLynI=
y0ODx2lydDQ=
cYH4nPpKXqQ=
rVRQ+c33hZk=
QUXDBsJgmws=
fpOX15f3LRTdd1Sit/lZVg==
KMko83Q2iNduqvOylkAu7A==
HdWLMhGpVtKzcX7mCLEAjQ==
KF+Jf2Rj61tBTUw8yafcIA==
wwDX4AfQIqo=
o6w9t59edaY=
gEMNvvnfs4I=
Hf+fpbjhD1Y=
1BYVJL4KNhI=
Hf+fpbjhD1Y=
85cMnDM5MUU=
FZ38BaJquvU=
+zjSMFgJ3fE=
7BvTTmJwak4=
Kj9PLGaxUX0=
kHGAD3noOOk=
vC1veIW6M3U=
v2HVPIXJhMc=
9x4S8fypLnI=
Td1cnQ+NRY0=
aF2mkTufBZ4=
twkd1QCEO+87jHJWtZG70A==
gwXvHnEr2U+ccIw886Fx3Q==
08eKxqI5upw=
PI+dmhPlwmI=
r1gwZvNY8mI=
SZgg/v60A+I=
wLKxxfn80jS/M6v730TSNQ==
zT4x8hBwj2wN5KRowc1drw==
ohiT3gplE2M=
LjTURasBGGNEOGHiWvFMng==
WDCGkFf+4Pc=
Eh30Ra83UTY=
JO5T0bJFc4RxZ1KiKit9LA==
X7OKERooIbI=
Gr2qA/mnD/8=
j1gNIbReObQ=
Tos7LVbT8M0=
zmwxZCQGNZE=
NqK+yIRjJfw=
mOP/dc96uNdKSWwxhI1K8A==
8RNldduyvRc=
mTpKoTlg48Q=
Wu6QmROr44I=
XRfB/jpUJUc=
M/4FRBfWcCg=
HhUnWRb3z/A=
FrYhmYdnjR8=
Bn+ubxP3Rjk=
/vFzcDWv5cg=
o7uxfCkg81U=
52+Aei6nPPo=
Uy7MnNiIEt5+FWkkQLT9DA==
I9JVogfCfKE=
pq+mQFO3e+I=
2JaQDfQBQhY=
j+XBfkqKEuc=
CPu6CSl/a/s=
8KYqmHujTpE=
5bam3wg7nDE=
s6IFHteZJa8=
3y0imc26e68=
a14FD6awrgA=
y1QPh+OhTSo=
AWMU4hulyr4=
aCgVkQswpfg=
hBhwEJoAIiTCXQIMoDTfRQ==
vKf78LbsPV4=
mvvz0LpVNqg=
h5RyLN+9Geo=
Jl+gyFNVLtY=
yaF8Q2oz2N8=
ZuhC18ocF7M=
ojIwQCGF5kw=
oMHZjEq55+8=
urZQ/5zAeH8=
eSdL2i2AOAw=
ocLAXrZhA2c=
Jc8Rnk6POHM=
hynmiZ87ti8=
7yFnnjfMpQM=
qSziQ00LGptGMSRm0w1WTA==
Mh/Qiy2uD5s=
PeY/QgFo91o=
O1KecdJGfQfZ8pdXIsVSyg==
Ehf1kynXasY=
BS7YMHrh9ks=
eDpeL46aY52e1A8FylxT6g==
PhBZatl+jOdtXMo9A4YFIQ==
1cV+dzIL0PirbvQW8iKD1g==
c+xq7AzGCK9L5TS89dbvwg==
11zPdVdHefc=
srJzRrZzeDo=
xYimdl0LRyPYPmjGz9gGxw==
yJ5rYTuETlk4vLwVvqz8+Q==
SXPBsWCv/HXud8vi/WquAw==
e1hFCE6VFxo=
i/y7CtFLGw0=
+9WjASBM2s1tyj5VAOQB/w==
fJgIPmJd12RNoTUBjybyNQ==
p/auKYxT5F5Py56ibKcvXQ==
0oqvx3xl9OQ=
Gmor5N0Ol8o=
iZq/btThxTo=
moq/CW8JyIw=
kci2TLmivhw=
wmPX/KvQzI0=
TmhUfsrz8s4mHuSctsiaBA==
lRESotTkQ/A=
I9/HxWEQZ8U=
Tf0VeQujNV4=
DcEwfSM58UM=
LWI1YmuZ6ts=
mHjLf5U8YEo=
AIGW7Ez1Sl4=
oxzS6x7zUvU=
MtDNF1FKpVc=
lbsnUS8ptWE=
tQviNoGMyJc=
1iRUfy8/hvA=
DyxbLFFCPgY=
pkf+HtpHsPU=
JLyWqLhvk+JPz0AyOvscGQ==
lsiZvEcYqS8=
KsqQ6i4OTLM=
qUvrp4dJGV8=
YDo9Yv5WIeU=
XgcKdCmB/Lg=
k7Z8TwXK6oI=
/GPFp6HNL/o=
ppwGTetT1H8=
ppwGTetT1H8=
TJXo2Sh/iIk=
XY1sSXRPtxw=
0uFoF2d5lSM=
PUfX+IPWnMIlhS30H8rycQ==
LlxPL3sAOp4vpUbuc3xbvA==
2cSIFpKMT4PE9bYv9mcDMQ==
5EuPB0sCfgc=
l45w4EHlZoA=
Bokg1vQqT78=
0z2MbzJ29aAr0XF5fWiHRQ==
TOHg7zJS0IfPA+BN+7i9sw==
oD3m0uCweAg=
R8Au93PyERM=
QzAsLsuAoeASkSQd6Fbibg==
bAHydXkgBm7oDMzwnwjoBA==
zf8TRpKFGYfUlPvYczSpOQ==
PizxZHFI7M9juirESZ5IOQ==
sMWZX8lxkNnI4QwfLMeVfA==
/CMWrwj/Fws=
wO93xOeIjB4=
57/9AoMUkIzTH++TMCVSQh7U6eEl7qd/fibAbe6k6vg=
7e2bjl1Sunz6oDyVFCaR7Q==
ojGUzVAsy1ti839pLPsvEg==
j7iiBf661Tn/LXvSdoXygQ==
j7iiBf661Tn0vFCHSNwfqQ==
kwHbOB9ztXE=
a6cNGSgGI738c9wLH3j89g==
4mJLuD1hBTEBtCZ0FK+mkg==
64nFrxkMvqhm7eu53gqHQA==
hR0TefBHWgs=
RbnVvxxwvPE=
UfYZEcZw+AM=
/crK6FFPL3IGfGlvcGLdAA==
6R0NZIgYe0n4dIgw7TFy2A==
UErXv6Vbmi5S7D6IwKhMrQ==
C7ze7ni1ws2LOtylQkAdWA==
leWJdFN7JGqVUHkNzBfyuw==
TwYMINs6dIw=
1NDpR50ulWjU5cS8aGsbcw==
P5AZyC+FOHmZrZR7nz2HfA==
TDNL9OuUqJVP17wCMJRsvQ==
vh6zz5rd6a+9+/9I2Jl4Kg==
hc0u54k6qZ3RS3iJzX0KzQ==
IWeEoHC1pXXNNr8jKsXWPA==
1L0Oy5YXjTKdr5uVcsVkjw==
Gp+0jNcMvcoDlvrRbEJvLQ==
MgatG4GQloBIvukTHh5kmw==
S63z7OG4aktyrj7wXtr6Nw==
Izp5OHihaZsKc7AnHwmLUg==
EBIe/G+rReA=
Yz+SkcJmwRsY1zBJLQs6nw==
N+yIpix7Y4k=
mip9+mh+yfQ=
gzYAvcaOK40=
TqCccZvFvdY=
zjZaa/nCrFE=
qboQa9wpIUY=
sCL58rZmdck=
zIrJox3FSetROMGNVhmwsg==
HX34jEPoFBFiZNBI82RQ7Q==
w8716OkPGfUeXRAfNH1rsg==
xcJcPz0bc6HZ/SB0GWzfGg==
IM+bgu7nzUF2SzG82STO2Q==
G0LGjE/I3gk=
9cgaHuELohTINVXAp/G3+Q==
aHA3IokK0dY=
QqJcNunsZBY=
PsMkci6q6S7onQB/wRIJKw==
FrRCOOMXJTo=
1+rKh3pfa1s=
LdvzzZmxUJs=
gLfwTfbdps4=
ZAduNkEjkq4=
9F6m4ib4ANs=
vmbqO7K1BH4=
QdvOJdhLSJI=
5v9+UNV2p5GRGuxyLGwCxg==
5v9+UNV2p5E3TZXfGHtCYg==
4BQF4UC42zQ=
/zfeqx/mabc=
sRUbcVpF4G4=
A64f8dyTLaU=
Y7Of8bRG86jHMRKE7IayYw==
5pBSXPZSOak=
W+ZcpPbeQQk=
tmXA3YIhJOQ=
YAdLn022ap4=
/6eD/VQg5dQ=
kGutOvE+k6o=
d2lFxPZ0iVY=
3+uqbE5m1oM=
Zc0eDXdFYT8=
8g4GUDIF1N4=
2GfwrvyZN8E=
Kwvibx/9u9c=
CtcIlpYGrwA=
3tG3oJpzGwk=
PyRzcTWaOBo=
I21tkU+Ds/8=
V/hb14RiBgVRtT6b72wM4A==
vl6GKS1npJt955KjbtfEXQ==
1ajcj+mMHKY=
y6c4GVCKHuw=
0ogJ363X+0U=
HtF84kf8qtnzSAKrZbazLg==
UPlKUhoj22M=
ekGOVonrDdc=
6tzIjz7dfTg=
kzYPSt7eqsQ=
5rMUnJv0iy4=
yIBUrtfZapXqaZ7fhr5Zmw==
lEXMclM3y0Q=
riAtR+tn1bI=
3FHetlWW9sw=
qz/UVmnOtTg=
MHK5OnSkGco=
plB+/x/xkMs=
EFvAhRDEhiM=
yxwYNe2ghssyEzGIIQe/bg==
4WMiFkcnLw0=
ZpMNzjkw7hA=
FX0vJge4Lus=
B45J25CTdNM=
FyUGWeBZLT8=
Qc9bJ0u+utw=
e7oZ6fcAMwk=
9KbsO327Atc=
c9fLePaD/nc=
0o4r23oRGBk3MCe+9Th6Yw==
XK3y8UipoCA=
5J4ma5gIyhI=
imt8VZYNDko=
skaKLMmQviM=
DrTTi3ySEiU=
6158za1HUMM=
Li9QjLkODeQ=
BHRywr4f6H4=
kQNSxbuu4So=
lccGvY2Imew=
d6vBXwphyNY=
9dkoixcb3pA=
+AzXTmuGG0c=
2HQiAZu2+po=
onfyu2jSyMA=
jwqkzogbl3Y=
hPA62WMoIj4=
eSsSuhZUWkWSBa6CSX1cww==
qCkoJm8aP90=
dx8NOv1rxxY=
M7Kl1Dcufn8=
FDsOFfXQzOE=
BzDKma8jMEg=
3vc+raM5nYk=
CHR8rlujJhI=
4e3XdfFghys=
LlW/47H9b49zIvMTaEqtlg==
w+hxgykASi4=
x4gWhnjAkCs=
pmrRijOs1J/qqxgwragUHA==
P1/nJpWT8v+S6hodPXRzvA==
qnbYROV2400=
bXBy/qMxqDs=
TJhNP9fSGoQQECP+V5lpwQ==
NE+BJqFV05I=
GZKxrJB1qco=
72tbzCGqktY=
4MOrQR/tTAEHzvOlAak90A==
JGaoJb7c5BAGIO1ywLUUNg==
lwyiaaOf1Gg=
wD8DxjaE++c=
bucSNMD+C7A=
0sVuq+BlYlI=
tjSuNIJAh/M=
8JKjiNyh+8k=
LckwdCpCD1E=
3eTWaeKON9A=
SdilsXIb30Q=
RJfZyNAOVBg=
Fl/uKVgax2g=
Bq/qrqr3M67+5sVOwM00cQ==
NiXyKPqC5Fk=
HIoW89w8/28=
lGc7wv9klpM=
CC4k+Hc/4vg=
qo/m6jqtMgI=
Wp8fIOiUUyY=
+tTsosmdDZY=
6PAbZLEjOPA=
xvFpUo/ZX1s=
frHlxQUYhy8=
usaozzWUeGQXq8C4MDz4IQ==
usaozzWUeGS2McKrzZXRvg==
usaozzWUeGRrql9Oh2OFnA==
98wIuLWwAR6eZ/dRKUB4ZQ==
2Ol0wny/QfvV3B2im+6NYw==
+9mJVMPLdp/awxGt0LpoRQ==
ZwCy34JbSek=
qTYhWpa+cEs=
UI0zOZ9KP50=
xFJf84p1AHI=
2N85ac3mKIw=
DYx/9bayFO4Lw86YImFbow==
bydsTBWppoc=
++z3x4hg5Dg=
CfIIjEA3t5U=
k7g+tWNjCdI=
M71NNikRnDg=
uRrzVHL9rd4=
NXjvBr7YkWdVlIEa/s7yVg==
2zfQZJ9XNmg=
U+nIthGdIbU=
QCdl0DsEgxzie8Neu1lSgg==
ZMARSOKm+zc=
2JersFDDDZw=
g4rkgLznzC4=
+qAFCsPfLv0=
HuogUQK4Wwc=
dZ1KybWkHWpRxStudD1JrQ==
OBa/KuanpGY=
wKqGDA3rNVA=
JLQlRcKEaT8=
wxBiwS55vUlYIAR1aFNHyQ==
hgnBS4M9cWI=
9lI9ryJeuG0=
MuDz+hhaJ6U=
KoRFIkREwMU=
ue28240zX9I=
Fvjtt/t/lwY=
603Fa2m5A5foVhTKcojoYg==
abS2KNPSNZOFveOULeUq3g==
8Mxu6yQuJ1I=
zlu5Cuoc7VbLsAS54SA7eQ==
iSZY5EKmdWabsm/kQNKkFA==
ROAmxvCgsu/ik1p1k3AhUg==
Vj7BwQ9t0bX1hfFSV45QRg==
0PqEu0DBdCMrrvi3mrPRSg==
9zBTmE9gCJU=
DTj++enHVYc=
LzEw22UvpUN/iIl42H08nA==
AK0NpWr4X0g=
MnCQ9yeaYAlLEyFQcrDjew==
2l3rQNaWgNZtFMWHAZCkTw==
IAbSEKnO4xY=
DMPewRwHDYc=
qNwPn6j1k0V4sqgpyMqdFg==
JdnX5SA8vJwNUFYjKA/E4A==
61tQ0jkVnd0=
BJ8CEjnSHG4=
KdsD9J100WtQ5Yakgh/hHw==
8TOsDB91er8=
RuHO5zDdLDA=
pVCm2cy/uZY=
nQwHSPXNvE8=
xolyFp5YNvU=
aHD1ViAnYyA=
54dH7HTDl+8=
Xd/OKMJUdwk=
5LmtcrI4Wgo=
Ueh/Dwf1fJE=
6cy9fKzkbVE=
qbwNlTcIjeM=
sbjhAhWEhpM=
nCUsBSQVfQ7fhoOAcu7Dlg==
Brc6HNrnAIw=
Zzscq7kccjI=
yCZmVEcVYrY=
NJIAN8s+XsE=
AmXlxl8XFcMbzyaT+Jv9Xw==
NJIAN8s+XsE=
jAY843YiQo4=
sbjhAhWEhpM=
EXB9kiHxFmY=
xfQBIPwPPjY=
1gcPu4zRGbA=
RKeRUSR8682DCnLoSTJQZQ==
DGTDgz2yeiI=
qExhNoM8N64=
WGW4dSDKL0g=
3hLAKn39SKg=
UO3tw2XwO9QCTA1CXW6v4w==
0xZ10Xvpie4=
4f0/55dyUME=
fsvsyu/e5nY=
Sk7hfrOKsRyvgWOkhXHdJQ==
+YvaKWK4gxY=
GM17EePj9MZ7csPR4TlR/g==
vr/w5xHeqgI=
gMoawKqXKhk=
93mdzaHWMXs=
14OQIPuVSvg=
E6RRpZTunQo=
ZnTupK821Qg=
R0/Qc8G9OO4=
zddk9oacP7P//XSFcz5gBA==
0h+lMtK5y1M=
wrX5OYyFCIxMtUcq1E+oJg==
RGxMXU5esWs=
uLVJhjn+cUY=
Atnk8w2Addg=
2YOYH3I8WHI=
nKSThGVOKQg=
IZn/Q76Kkhg=
p816kOgWXg0=
SnymV9xJzzg=
L7KBzwPBBPU=
YzlomsuLSKg=
YzlomsuLSKg=
QaBYXh+88E8=
4Z8JQ5pPfh2MwgrUV/c7jA==
xhmW3EkWrIk=
Jb+rJ7w+VP4=
a4VPQaq1sY0=
QLWMQPqsbOA=
UVZRri6rTS0=
6DbQaf13rAY=
0bh9WRZtwgY=
sNVAOOqSKy8=
0UMjKViMVbo=
8GOtNcFf7WE=
vLnBisJjLVc=
AeeRxL3IUOQ=
tAY+c3mGR1o=
BjHYFe/VnLaYoxP0Wmd59A==
6ups12NKpR0=
5SbcTOmwTUo=
NnFlhOPNbI8SfaFWY5j43Q==
JtvdsWHpNFN72IJ0AbylQg==
z0ldJ8/QHJZNvMsXrvhjNg==
NkJRwzxhOrw=
k40ZHQu+WK4=
w3WBIIPCLpU=
fNFi/yH+6xfTz4g2/62NYg==
cwHEZkeUJtc=
gPU/FgTdIlI=
9e8xWYP0ncE=
lUjn22u29jeuXBo/DBRyJA==
+v6XR/9w5ro=
1ybagXL61Wo=
Vesd5XUSccjAJR4QnEy7CA==
BTpjUVV0MaGT8VRdZNvlxQ==
7/eak2ZID8SR3WIR7U2hdA==
3GoTq4nGhXg=
M8QlqmUWYuk=
uLv6oVUMGWw=
wXDcRueMRd0=
O13WhpuT3VMU4f7iRGjrpg==
++TT3I42y/c=
dF+qpHSof5bfTGNvatWPgA==
VvQDz2W3YMw=
NYmmZHsTAAo=
lGE5Ex/1nSI=
Ghj6ZYrewbI=
XHHtXkQ1MME=
VyytNxVV67Y=
18QjcpXlYF5TGgZSMjuzsA==
18QjcpXlYF5tLYURSXDoYA==
IizG1mGZ8ozOSdTmIry4sQ==
oLqr9aodhT5PKu7d3Cd60g==
I9+N61o/caharidb9bvc0w==
bRjqcJUybsNwbsXfkVO/Kw==
vVri65vp6l+OJ2UDRFzJVg==
0svEKuLWyYA=
b8TTmY7eotXXh8BY9yeC/Q==
UMxk0KQwJ7eRKIVltoos1g==
Lbj2OtuoQ7k=
o/dvWgvZmUk=
lhOBcBmTGOo+rTsTepZ+Pw==
cuVz3J5MVxYVqFjtAt9Mzw==
ROCZ+9I2118=
gMZ43i/Vg+LY78HNh2s/7w==
G2x/teOsw41GLh+oV22A4A==
7n53MECyYHxEH8rnimJSaQ==
7n53MECyYHxIRY/YjSsIVQ==
7L+jcFguJpjG5I41GV6VqA==
hnmBHliPf0HHnkqkLcPuXw==
RGX7HJ+SMaV3SUaIsDnb5Q==
0yKuRZU58toA6625OVRHOA==
tPFbjlKEf3Cu9fu503sTDg==
0bfNDPTmMGQ=
qfLPCDnpPBrBnu+NQb3cTA==
Kdn4zWnVkgM=
tkuV0wDg192jo3uhFKpY/A==
IJdUKXVZqCA=
gyMIkQF/u5Q=
Jp50HHDpHfA=
Z5yDEcjvoa4=
XsljsZDCMX0=
mYup9Vc4hF4=
qLl/SBfcz/A=
mwxDvsPf+gA=
yXZbtN0yXMA=
WHqGaPh7kXo=
xT3IhexjwsBmEqV1glBFNA==
XU971lt7qJk=
Uhx7tbjsQfA=
ONZyc/ThXls=
BSlOYDaPIX4=
9YBsbpb1jHc=
VG2aArzUpaUwv3LOEqUJVw==
gt9RrIqTzx9SN7sr9ItzNQ==
pz2IoEnQQRg=
FjAvVd8Ux1M=
A1lUl+QF8vWgSEPekrzFzA==
u770X6dh2ET0vXkEjtggAw==
wy+yD9w/J3RH74zX7loq7w==
tNoBYGjbric=
/0ICxEU1u7V5ntX8kwqyDA==
SYKVaeFqZ61Zv6rb+RnjyQ==
bNmdJGdl7zI=
srgNE5OA4CM=
nmdgrvLLLa4=
XGflUXmi4JI=
uViBx1pw210=
mZjtuQ6ZCGw=
rSeQMq5+WqE=
eOLcxmJfU6k=
vdfmwKMils8=
n6Tp9eGtL/I=
u3GJfwq7Izz5Bj0vY4WlYw==
X5vh60KvihU=
EERfHDnAvYw=
Jfy5sEoZGQU=
6yH66UN5uuc=
IE+OAw4FER8=
72DVr9S2e+zLPL3H35Y9JQ==
75oChWl06SaRaM8d9hz+Rg==
mP+ZW1Pavq8=
j+w1f1pwtJI=
IZpK4TD9W6t4q0p2aW38UA==
b6ZU8+j/ORY=
XlICC0W1tU4=
PmghZmyzFbU=
2OR8qhW+0LQ=
kr1Vq5sZTxY=
tm15LaDZlaY=
SYu1Ps/DanQ=
K03WCiLl1Aw=
8HEk/CUcUBXsPN00L+hgyA==
Lgi5yEjXqYU=
DTrajxjM6yM=
9KGoMNyDT1c=
kP6kiEJqTA4=
/M0MCyg1+dM=
5Mhqsj4fvOs=
/tYkr71HXKU=
VwLGXxHm1IM=
t1iDC0G7opY=
EuzgvImQC8A=
ZVVc4U7ymoo=
7nt9C81TG6bn81FmEFs4BA==
5+Sg49+D+jg=
hrvyycLSEsvuZxcXZwDWgg==
jg3pLiadEjg=
oM5ml014Fj0=
qx5jEH/sP1s=
f4DKvxKc+wNpKtuBBK5EWg==
gT+Vqi0z42A=
uuCWOKdEkoE=
/ThmkYn/Zcc=
VjcMYI8ANtU=
egfYU4eWxxWneylNHzMeFA==
+NWHI8HVJRI=
iXujmVSUJ4s=
O4Ycd73Ppus=
xucncF+DFf8=
qYCJiiSu4YE=
bq3xIJFqL3FcwPbyDFfSsw==
NxSRbnDLK48=
0RIsM2rCZ5EqfCXj/PNvdg==
angnCnl2cHw=
UZHy7ee07o4=
TatHtXNNeLvz1oaACZMcfA==
pDe209+i/Qc=
lrgQHrYme18=
eu5pI3Afw44=
wn7303hORYc=
KWyx98/wA4c=
dXSj2uftMNn+lSSzFzg39g==
HK8Sm4iG05g=
nIUj4uEdCyzVT86EVzR/CA==
9NZB8jR3sW8=
+dItUdHMCEg=
a5tw/Pt9qOM=
hdUmzEZpjzY=
YT4vzry3HKY=
SdOzdr7AzAY=
ioLt0XMCbfU=
u0O6TShNEaQ=
wyXliG+gZ+A=
u8qduFFsMQ8=
/FiCelybyYY=
wDtAVUzaPGY=
WGTKTS8DsVA=
Xwac7WBQ7q0=
xF6pg1dBO6c=
dvfoNGKf+c8=
6skctz0heoCVckqRZyAN3Q==
VyUp9UKnido=
Kre8F2Hy8OU=
jM7vYYncoP4=
wlydYrW3Q4gMQ3MZ72JkmQ==
zUuaBiOkIvCwTXsOzBJ2mA==
1FPqUvtD4V3NwCDddgi0FQ==
yJIk2v18QtF0drMeEvpLoQ==
Bepdru2efvjiqNzjyrI96Q==
ERs6PdxJEB3Kqg5oJp4uyg==
6Sp0tHNfpqB7m5FiRdtmcw==
nTOb3G4C6F8H1RXoMKR1pA==
YKpdLfy3RtOgjExDe0/Gww==
DFSinMJjLh8=
y+Mo8m4f+0s=
ortFbg7Xbow=
wws5moUulCg=
z6MjTPOd7KM=
C8H0BmZRIQg=
856ycDHLFW0=
q49E/eYeGZM=
/guz31qkcWVLAeF5G8hRjQ==
HU7hdHm8LTc=
ga0gclGdV3k=
mTF6jAtEWz8=
y25JpgeNsDtUS2QXaWP88w==
yS1foKH/z8o=
1b++Kh+RfFU=
nOkm6fkUvu0=
wiQ5dCiuG+k=
+XYkMouycdA=
kERQQbs15eiBAUtBRYK5lw==
CUiZFj2iXEk=
NTuPubSMZlw=
koEYpSFPhqs=
dYlapoO0ULo=
8v1IELMFnqI=
eGYSVOcpl5c=
B58A7no/90M=
y1Y/DkRgAbs=
WlUIOiViSMw=
h0zWAv6880Y=
YS6ZZ2bIllI=
uI3s7esblHs=
3GkEtyy4xc0=
n3WxnluxRVA=
dAIib9xM6yw=
xsihXPZe8Es=
LUBfMTsdNvk=
y91WpIjrijui0gz5+qBonw==
7K9/2m9ni5w=
hYTg+YrHzzk=
u8z/ifkbhorCN/bBqZ3nDA==
7x36tu1Kqsi+VdbVEw6vNg==
aFdRFlIlw8Y=
5Tq9eqST9PU=
dvu+NG6pBMI=
kvGnlonwnwQ=
DdfiZJ12DFzArqaUTEnjGw==
a5GE6d9CRHE=
/HPPtRyMFVk=
MMiE+majS9Q=
Vjk5EVYOZnSsaNZfLpHoUw==
0z1NpBYgxd4zvIRsivx5cQ==
/l0QmAbAfwc=
X82NTzmSkFs=
LscCaE+qhCnOCc4ulMLQKA==
ttJF7Q7+gHI=
gAv/ea8p+sw=
wTbCRYLoLNs=
hv/P/KTFhw8=
XubDxwDASyU=
lh1bx/QRD3A=
dhaLnyJ2iMc=
sTF97+/Uwjo=
W+gqbf0eONcIucprNHVz2g==
Y0MXrLrJAqg=
gQIhqH+L/kY=
yaUyqED8oZs=
1JXTSBrqfQ4=
HMTZ1NkhNcI=
UYMjRiFfF9Y=
aiCuJE+zR6I=
qYYn5N/3D3k=
3EMzsJYNdT4=
Zc9CBKj3L70=
dYeFKnVYypo=
Ma86LBRqnbg=
puYh3VDvVhw=
8dgbHV6gm0c=
C+N0wDhEvQE=
JzePFQoIjPo=
0Oo8C2zuXn0=
qJVObyk4PKQ=
RyGO6GYfEXpRWX0TUT4g8w==
QIlRIb33+PrlTj4K6fCYuA==
o6tH0lwdRfQ=
XPE6gnwEgVA=
ryNIKWFd3mI=
18yxNQTN8gYGXFUocba+EA==
+OjpIMdCFLQ=
/W+/2Z6MQ7c=
e9hyYhxm5rE=
a2vF6AIcLFo=
I6pf5lfq9Lg=
cBZfM5Ek8Qg=
dGhg9xydXG8=
UFy6UMK9vl0=
yJYk4ERmx54=
t4yEfi/cyr4=
kZ2pYRdL9oQ=
xfKj59dWUSI=
EfnouiLMKxQ=
FMJsjfMBqak=
I/Tc6ePNbtULHCk098/P8w==
zRtT3+hod1Y=
0o9/byP6sU+7AWA+e4rZiA==
g/Cef42A+iw=
TLs+xAeS33U=
HYTRqHjznZLEZFCFsiw+qg==
tit7NoJ7Ycw=
fBjnH9/oUDBkkqcETh7gzw==
D3Kt4CkYKfk3dVhtkrrXFg==
wcWlDLY7RUbWlHCmG/x13A==
isnT4Zpl8Su9E1uPi2uQNA==
+S38+4sLBXE=
L5ImdhX+pNU=
zo/prjTwQVU=
zhfQhAjlns56Wz20cOAGHg==
IX4gQXmtUOE=
SyzasebCUyEy0he4yYlWIQ==
pNMyb5RSj0rH0axBZGzdXw==
+3yn//1iBup4RwfXkrIBoQ==
aRMpxkTAnhc=
y0dYMD6S8DoNt7MzZ4aFsA==
WVpfCUQKK8o=
D+NIpYIT7Vg=
i8Jn/nNz0/g=
Lug1hOUDtjs=
FP3tmSzqJ1k=
Yt5/o+MTaaM=
vaDs7Y+jgNI=
ssnpcnjRtFI=
0K/d+UJ3axY=
fFBH4MO/K9c=
CU2cVUhtGaFr9cHcou52NA==
Pv5GD8HR8JRv/yI3G62UNw==
d6Vy3kB+ifY=
fhzSdd34SArTNNPwMk54bQ==
+YK1AqNDECk=
5bCSTsYmeak=
HtPynu3i/nU=
mqskLg5keJk=
cLm8/5JS7uk=
GATEa0AijSE=
L8ePWPMVLn4=
JSmqVZcH+OY=
4sdzRZfHv3M=
eTjfIdH0Oh0=
0kCoyiO2KLA=
kEQhnsl33OY=
5uedlC2LwUDMdVvYoZQ/bg==
gPWRSMzmbSrbMtfgVdJEvA==
xMUmdOjlsJ0=
JmCdYhCuYew=
199uiK/nINM=
yHkZeZv+mGM=
HucIBuM8GTXRSqFvMDDO1w==
dK29dPXudZs=
IcK+eBPNVGM=
pP4gIU9h2Ag=
bpAeJCOLAmI=
w+av/hhd2nU=
bO94Ws+s7Kc=
1uO7vXgvoUQ=
XavlqFYs+6c=
MDIcxXD4lnU=
onGl2Yf0TQ+4W8grHRijuA==
Ct/SwEG2Op4=
Hf+HxvizvW4=
LSOEepedPDs=
SEuOtA6Oxdc=
u7L3odmeFEo=
v0c4Jj6PzXM762fsHb4tNQ==
bpwN2QAAwHo=
AUN2mYX4E/4=
NgP553cLr3Y=
EFhbD8W3ycs=
W4r1L+YkA5M=
YZMGiGNZ1L4=
H+U1cnJLgtA=
Do3qaPDXhk4=
yrf9CAVzFZ8=
JbfCsHNvmy0=
caOEiVIu2ZQ=
JbfCsHNvmy0=
b2LQukHIYpk=
+9UyzX3SJ+7lnLdhg+W83A==
R/X3kze9FQA=
I/vRIrLmPcRGDM5wjulSNg==
5mrvIYHv6lZT7k0lmq7qQg==
ccXDF27U+4pzNiEiBqI/Aw==
tBuGNhQVBgS8F9SDh1aZ2A==
A4uVG2/8DszTOeP5pCRhKw==
g/J2EXDZw+WHTWpcjzlhpg==
eD8oO+ztS9g=
tsA/mkxWLM1jynLJATiggQ==
ISiebhlIDRhPiw2kE1sJYg==
9Zat/BmbRRA=
9xhC1n73tunc/w1nkpyfCQ==
mTI2XyqcGz4=
c/gOGTdjQMFdRxLjr5p2SQ==
YukwJh6Mj7CO22krbDz+5w==
wz0nJJ63H1OvzqHescWtgw==
RwsiaSP+UgQ=
Azfw08o7rknfVgMPxU/SDA==
5MTTjLeyKht9Cgsjt4z6eg==
O24P+3ZpVb8=
h/Rxj2KLjfM=
OSGXagWiEPt+LHzw/vTx1A==
zbSJrfpb/J8=
4YMNKoLH710=
YR5va9603uc=
l09LtXf/bE0=
nHBCeh7AyZQ=
ju5i+vm8Nac=
GZGhflX9YMSbg/HowK+7Vg==
tOm7RxfNZos=
Xx+H4hrd+Yg=
z31W9AbYqPc=
OeGmNAqyTbE=
W5XKxLyBgQA=
nMz4GeFZ3yE=
TL8Kyx239yM=
6ZTOU+DMQ+Q=
HcFfShjvpnrT7uVUl8ISZQ==
AJ6cy/QCjxg=
y4mL6xlDc7o=
cAuEY4JhMb5A+hPmUzJhHw==
rSeAgedtY08=
JMBi+8AkQHg=
3v9cVlNGKwQ=
2qj8eptNWnmrtxiAkrwNnw==
f0bFHV8Q6kE=
Qa46EIqW35uGNguTVH49kg==
y/jBCQcnbdo=
DEstD4se/9k=
wmzY4mb0d+ANaJnYsUWw5w==
NR++uYv0Wws=
lzXzbl+hpK4=
/4cN+uXUMwI=
vM6e9gcjJqc=
1l1anFojnrI=
98kcYApgtLk=
QicmBh6nvXA=
sTv7SfgdGNk=
legoj0aVk8g=
RYjNmZQwjCWVpqOOKPWYlQ==
+F40G9iqoAqCYabw+PCnYg==
igIuHdIFLUF+1trKXkCaSQ==
qf+9MH96dsk=
VMGdnBTDwz0=
IxkehCWpmPY=
98rYL2Z1uUh6WdQCDBUyvQ==
Zlqi56gMmi4=
oAqWw37JubDXeOqGYZykUA==
eOteSoBFLUl84O7gW8emhg==
B1k6EajxlgA1gAIDlc7JfQ==
+qn5tsBgPQsdADFeJuPb2g==
NfUoHWoZwIHR04Tb3dXKCg==
9PpiKLGKuIQLJ0TIwnp2zg==
3ON6XB/ZNjnkhNgpEpA7lw==
MEmO/oKdIbs=
uvXP3uvDCPC6cJTIQ62yvg==
1F4oa9GHMj8B3BhejdLT2w==
j2vRE+ddXBbDrGhP13nefQ==
UK5qrSviYy12CBJFQlGnhQ==
tIiaLMrHcCG5IsQkNzE+ZQ==
f6LMCyOkq6mYi1wgGxhuRg==
ZFUJeUqQDMopI/WG4gWa4w==
jxEyFr0aFYE=
EzsvDlJVSek=
QBqmUqpIwnHDor0VrMJqWw==
E3d0xZn5VhbGGhOpOhQ82w==
/72EUFc899A=
BJCQ0jpxLvU=
+EBiVLbvJso=
k4/YOD2H1a0=
CGtrfDvEuL0=
vO53FUcsa/lF9iWkSmOyiw==
rPFXqObaBpUYgbIukS6BsA==
sFlnvTzG0fI=
UCgjnh/i9+c=
RyfuyU9KRcQ=
Q32k/dAoBdOrbnEnXI79Uw==
b4l/CX3LCu4=
0OEXUWsH72k=
vA9Z0rN1K8Q=
AcpmQGMuVd0=
U782c0TCnQU=
hTJF6L08t74=
0Gl0245ahmc=
AEH0OC1zl+A=
XymIO2s/bVs=
SKAkXBOYmRc=
cype65R3woI=
Jj8f3tLF85w=
/cSfSXlvYWs=
DzpASfwoshY=
Lywnwtk+X9o=
R+XYVFOJ4zQ=
P/WtQfarSFA=
3/gZoUGHjHW0mWSKgkz9Pw==
tjtv6wF9uInHKe7Pl/UouA==
vdwJgc1WcY8=
EWcvSWCCNbU=
oEUYjDtpvOg=
EWcvSWCCNbU=
oEUYjDtpvOg=
TiqVCVgGdOhmfnnWnSWw5Q==
kmYon1AD3wwG6hihXMHjLQ==
pV3mHk2AZU4vOh4LUaEu1Q==
5nws3JO3UnaqUDH5FbGOiA==
ypD8HxNsOu7sHyhK0U0GfA==
v+HsXU/vS6w=
1Mq0myagGL3x4JuKuxan3Q==
OuvcnX4GXWw=
vLJ4QQohnKk=
5FOvRa6kAUc=
m1PPyTUxUT6JRiOHOlwLPg==
jzwgYYbnb0Y=
JKIIVB3yS0Y=
dAyPaZvNRt+u6oM3W5ajgw==
UiTVdUorgp0=
bKpBAXIwKlyHcUqudrA8WQ==
CInHcMWAuac=
Gr19qicTE1Q=
px27mmnsxBQ=
9NDRKugkkjkg1OXB6tgScA==
e6rKZtl7cOo=
Ks1Kzsu2i0k=
1THPC0RUzWQ=
pKhES/KZ9kR1OMyZeVTKPQ==
famUCGLv22hITUzd+oXjDw==
JFn8LIDfpAnv27nxEGGfqg==
RuyztnApCLw=
DtuvKnFwGuznSt3NVIr+Ww==
+aGUx0f6AYw=
ldbMKGLeefw=
7UncIE8WrPM=
ASGhUSu/ues=
qKasP2BtP6g=
FSdMe9ENqOVNKZt62lPcyg==
U/VnGm+/EFQ=
1ZLV/JEcKQg=
AI5d5mmVt7w=
dSizkl6ZYnI=
lWZW+KTA/Ixs1w2kpZZwTw==
sIanga+gv6LVAUfA/6c0Rw==
rSurTT8oSYjCintUyWGSEw==
v1Frnf7M5CiIgN/OJUMRVg==
Yro0G6K/1pcezBfLEcO33Q==
GWQjF0+2O/WqyZLlHaPntg==
GspmeGQMjWM=
BpewFLambZ8=
d7SAvs9/z2w=
g91lrFaK7jnEAkmBvGS2NA==
HEk11ohUWnE=
xRRM/SdI8VWc9yDmLIUHwA==
eAnq41kaCFg=
s+SCoMS7XtqBajbDws9Ajg==
7pa7OlvcRkkN+kZWPC2r/g==
TK1v5sBGuhs=
9i/ruWJD+qA=
SsX+oU0mHA84+2a8XDi41Q==
0Ar4c3g3ANLmdSSlpTwVIg==
8JI+aTa8Rho=
j4K170WMGWL6SUphdQW8tQ==
jyYU8x46Syk=
1TzRnf5nk/M=
/3LgEhyGL9k=
UIisYc1dWtPp3Qf3iaYDmA==
Hs+1Dwurfw4=
AvbJVxkuHjs=
WAvKc19sHc8=
KmHggxCamKk=
iGoq35K1tPo=
iS+cPH28ru1v070fu36gGQ==
qleqU9N7BWfmSCCjeA0D3g==
a4EGgZx9f1s=
Ap471/quVUqLXm8H4RT+8A==
wVEHMtjfTpU=
hg1j1c+stew=
oGrKA7Ih2oY=
/hXbkC2euJA=
oiRdvc/t/WoYadH5GBAKvw==
OA2WaU054GY=
GixVG7whw8Xx+fSKKUb4lA==
0gg83BU+6VHAvw3ODgbAEg==
M8za8hhcQny+R+BlkPq9gA==
3d7zrFEQnVmqSJNVAJMq/Q==
2sYiVu6pYAJO7iEeNHNJmg==
kOubpO63J5c=
5toTp3bUTW4=
Vp+8IZrHN+U=
ZGWQNKCt+to=
6cKtHtQFIaA=
DDWZFJlIPmA=
dVsSLkvQ1sQ=
1agM/tFiaOA=
0fv3WQNS/do=
2bWBN6+jIwc=
XMCVHg0filt5ghZAQ5bgmQ==
hSdEpJK85sI=
5toTp3bUTW4=
hSdEpJK85sI=
3/34b8WWtFk=
8clguB3QD4o=
0UqU+SPovBM=
tPokpP2a+Y8=
0Rz9FxTXFSgnzLeKnm0n2w==
hpev1FT7Io8=
FtVqCctJO+k=
KKRvf1cCsEg=
urK4ECWA/4o=
9sILNE9+hhs=
/qDtmAsAacM=
QgRLsOMDIDE=
j3nM/79S6dE=
MXW7qMEeY3E=
YcHuBUdj3jY=
jhB0bPN9VtvN3CUIOu6fcg==
x8HfB88jyYXHaivBZF5dtw==
JZtQB7GEkHw=
VNv7/fIVHrD6/INaB36hNg==
VNv7/fIVHrDUF4w5RDQ7yw==
f80aW689ejhAYszl0C3GTA==
3sAIWAeg7yNCOXxRW0FJxg==
QndnF9ZcXSU=
mVtwfNQxeUo=
K5X/5K72EZHuLRV3F/eeeg==
YqAm4QtnOuCoH6P4FFAXjg==
fiE5X68+WDyn95jrG7krJQ==
Phcsfjv8Uvc9HDkKaMSO6A==
oOC9VUv/D7s=
NZQC6mfXNuk=
p1rNyDXkzx4=
ds701i8WY19kvsLetkT6Fg==
ZuJjx5bjnI+rvLk10oe4TQ==
yt7gCPZ6IMYLEhsjYs9vVQ==
esddS8tzPyQ=
5RaDy7RkPBY=
n+e+4UzO9u0=
T8WyRIDcZX0=
GrHGwneLL5c=
Iy6xHvKgCQoDgplkYZgF9Q==
PERXov/5E6M=
uQGce//Ed/s=
yBeuPWmUSPx91QCzFlLviA==
tuNuf6sbcyA=
VP6Zn6G46yI=
NYqGtE3QAk0=
QHZET8RlfAaRWfBe8SNjvg==
4d+OX4uM9GaN4ZCtuqueCw==
WG+IRB+1UqE=
aNl6nir0i6Q=
/Nm5RE02T5vBKsAHhlt2ww==
xpIeGhiN6B5OCE7C/XMFMA==
e6YBXGb30qZ+zUXoHaykAA==
XRm9XAQnxbs=
eG6fMH0EJio=
1r6M2Cx1K38=
4343+qMutRA=
sy72tjOZBLQpHzKY/p9wRg==
gT22f6rDeH4=
f+HvTl/Scck=
Dr8uJVJRUhM=
u0R4hl8jNAU=
ioPug5TRbb4=
LAOXWOZ8oqY=
TZGeIOsrWss=
GipBqtwr8LM=
ZyZaf9S3nh+1CADbKGWo3g==
e/m9Iin/6Do=
WF5hs4sDI1c=
m3b0BT2//j4=
uayrn5J7UBV0O9A8JzDi0w==
2tT2K8ywQF0=
m1TAXzwC62k=
TjwI12k+fQpUDZaYd3bF3Q==
bSITsiuWVF0kS77HCQnYNQ==
Fqdac4Vvc/VBZsqKmnnSnA==
dIz1b6PgbBg=
AebiJgQMLbMFqezzLncPJg==
RTcLKk3DUqwYW2AHbJiXwQ==
Xja/ELnJy2k=
3MJh5IKQEDA=
yqpTT8KqvJRZbFsQBWusEQ==
PjJHIYmjbYQ=
zIGDAb4k53U=
Zo2z8KdAFR8=
YlbflmASsXA=
oZ0agosLcoI=
L1zHU4HHIrI=
vd5/Prdl4Jg=
NBtT3tZg37I=
VX0C+RTsbEJPBd8Lnp6TqA==
9c9VuVR6SxI=
/quIH3gsLBhGHUC8353H5g==
YxsZdTsbf5k=
M6+TTpyYwJ6O76Woz2B+/Q==
D/6URuVd7UI=
CbA2x7QZKx8=
jAVAc3C2b4TILKlpSz5c1Q==
4eTGH2g9MCJuqtHmd96Z8w==
OGnRWu7tlOE=
UfJm1wp4qhh87bxIqoa8CQ==
U+3JfMsHoukHJgEZvSlPGQ==
0OH510mBjUsyTseJDQFEYw==
xz9y6iC+suu1cVG+6lHX4w==
xz9y6iC+susj07tnggwgvQ==
BrouI3pd1De6bJ4vJkLY6g==
Qw8rPAveWl4=
ouA7oN2eds0=
oDFIIGKTdkM=
nhw53UiJ3Aw=
2OBJDtTp8TV5gXVoSY+YeA==
OajM256bvK0U44z74t6yVg==
2rujzv9cD2I=
GCkFbey8ZHIjsFbIG9CFRw==
FGi5UiL8WaONMeW93MlU9w==
Ul066zYoEnQ=
xysjVAAWuo3fULdGN8ViLA==
/Q7cfuVcWF8=
LSepvYLD/2M=
UNYMYkPpEqo=
ygQ0SBWEZ3c=
uBCZb5L6qpk=
dZmZ5poCi73NypBmBQ0MAw==
F6sX5R2PpvW+W3H9V40Q9A==
GZr2qz6PJwkvfHonWDeWAg==
IC9gb1XIsHs=
ZXPC32GU930=
kY95SlSu0Fk=
yY647Bm6NJg=
kjLn4mUgVao=
BlnJT5bPEvmfSPxbZxDIEg==
kBQpk7fp8/pOMRACndxlBw==
3gF6rMRT4JQ=
w19YkZvFB/L1yFfJ7ErxZg==
Llhrf5yGH1M=
Yg+CFe+R/P4=
MDsSgNQbqwk=
g3Gj/rXu3WA=
+xAyCleDXs8=
q4f/dlAIZcw=
OaCoEmnybo8=
dVeUc4+boCQ=
SKyTzE3rFBI=
jGgFYrVjplU=
XFmlVOXGTYc=
pblnZnvRrHg=
aj20BDiO4Ds=
7PPzOXch52lbmlOyqRS5ZA==
spbEdTHuCdo=
BwF2h8s/m9I=
9aJgmMZacmU=
XrRkcn4IVWw=
r23Zhjy5hjQ=
w9lI1ChiRzE=
adB1jnzQV6w=
hrGusxfebqQ=
ULDPLdtTIsw=
7Lg4JsYbBOc=
JWjNSK28DLU=
CiuvyXDDp9+yMd2piIg8dw==
H8IrV0+cNpA=
SC9+/+hyM5F9zMILkeJ2xQ==
vPHcR79OjAXgZlA7ajqcWw==
ahsu2Ih12ZXm6EQhwrzLAQ==
lTTFSeLWHuw=
RhvvwmISMrE=
mPB9Lz1jKyY=
zFSvvdncOR0=
7kBBxfFinB0=
ZJu1EVrmOCU=
a76hCZoeu9E=
ETZmHCuJ/DE=
UfVjPxIb2BM=
OuJEaqtoQP4=
Y3+QJxXuVag=
5ukjB/XGk00=
xb2ApiePqfc=
WWyVCP5GB8o=
XcGu1xi7cjE=
a2cXLyMFS1I=
HlMZEDSOpvs=
sJHXcHH7pIWvs6n6koBQrw==
LHQvXhOGf24=
EFBcA1qFZ4k=
FP7sMrNiZ9o=
y0rlG+/0ZYs=
HPgs+jaOJOQ=
Yg+CFe+R/P4=
QsmNbvaNQRA=
0oGOQQw45a6L0VnuTkSa9w==
I59sdH0cDWc=
Vp4CwpiSXOU=
754e+L4pi+0=
9Jttc6cLqEk=
X7QUCP479s8=
FSKJWPycrWk=
cQeLaHflbLM=
++HyQTlIgWY=
SiZlWwu+HO4=
pfS0G/5ctE0=
rooPZPhcK24=
rCXBKoLGHBY=
SvLbZ2Q6ySY=
aM3wZgeV220=
hgiZ+1bquaY=
2+cUUQXoRls=
R55d+TeU7Fw=
gBgAYs1Yacw=
APk8OMdhne8=
WUPd4jc4CNA=
zzKMU73TJWo=
U3DjmZbuCpE=
rNSHkDmCGxE=
2bMzAJJam1s=
GCSE8fHVDZo=
Ww2qB2Y1V6k=
lTEKf6RehPo=
0lr4zvTJtMU=
m0MarHO6hlA=
66A0OzRjMzI=
NFQ+g58TTXA=
imxtFcoWf3A=
aTSSrHdWRwI=
st9ll6MKGMQ=
cWHMVxGTVF0=
ZuySdwQjtAc=
1xQr8qhuJ+E=
65bZLp4XO+A=
I7RavqXhgAE=
s+55EGniboY=
IpXIJeX5UFU=
4WkYxYsaZ7A=
/efR+PE4UyU=
CdA5Xyrt45M=
6uJHnekIlw8=
G967EnFAEzY=
i9w8S4NQ3wE=
hEpEdFbG47k=
NaQ8MD3V4+A=
Qr/UAbahJGk=
zdgLYOrNMrXZi9pbh7xqhQ==
KnDWE4P5+E0=
zeLMF81hV+g=
1UkCfp8uzXM=
Bqj6M6CpOMTx0RI3jNCsZg==
epvuVDB42Do=
5BM0CVxXuk4=
bKXHWzM95RE=
JMgcCET4FX4=
bKXHWzM95RE=
axXjQ4USH3s=
kC+7U5sSyf8=
KnNIYS7s2Ns=
rS64BE4Yz/Q=
JMgcCET4FX4=
pG6dobR8shQ=
a3NTcx2ORJo=
rgGDrzl/IRQ=
Batk4S0k2vc=
Q+PIwIEJBlA=
4WedNebHt6Q=
P0jNlFs8zEw=
/qDw21NZCeA=
/lzkrHzD1dY=
97zi1jj2gvo=
Clpiv5p71Lk=
3aez3DFBYRo=
2BxfkLFJ55w=
tWezsd622X0=
/QNzjY82IpE=
7/0JvLhsljo=
GTouhSuyvJ4=
8RGOZgcGGl8=
xVTQRZHVJTI8ql+h3sm31Q==
mbJf+deRK0OYbQVe1c8NPQ==
xVTQRZHVJTI8ql+h3sm31Q==
mbJf+deRK0OYbQVe1c8NPQ==
FkdbGgy/gnE=
1tt8UtJjB04W0XFmv+uF1Q==
zsVO41SglxQ=
IIk28agokZThd689T0Ul1A==
bK/iW/HDric=
ekYC5KkrUvM=
ZZRJ2yBvGjs=
cC1nw+orIug=
1JEw14DkZ7k=
J2yZPQVX6eA=
LvI6uDI6+qA=
KaXZAYAFt84=
xlFy64xCgOwWH0MoPr9+KQ==
DjsiZWsVMaA=
KG5fuQgKLaA=
jCE3/suaiywEH9KeqaOC4w==
1tt8UtJjB04W0XFmv+uF1Q==
U18UEXZ3uJs=
EQ+V8/7Nvds=
aAcNCpCtsN4=
qRy53KrL0Zw=
NGoOK6ZFgLQ=
1gLIppz9AVhpax3rrxuzJQ==
QirSErs8h/Y=
r3Se4JspSsFIKVcr9TwGhg==
FhpwLqg5+bc=
UXpKVBNsRUA=
FhpwLqg5+bc=
g+ZZ0XY8pzo=
jmFseVdmlw8=
TN1D1IdXWt1xGPpR6jTNoQ==
07YAbFv+mNmyykoZX+eOLw==
NrSAls84aLI=
8iESBgUrbzQ=
XM3RK75Rd1Q=
sxbByNINJys=
mMwjOvLJVWg=
VbmT2/MUOp8=
J30luYCXhYM=
UsctyuVZmPU=
/w5oyDumIs4=
UIn/VI+xsaU=
WIMhfg5QhrE=
GmrZAGE9jqo=
xjjkIPq7NoU=
grLJFXxBbug=
pzrNJVgUM2Q=
XaZPn1JbfEc=
BWUqRa3kIBA=
ttsDTiZtMGV/lXFO2XxPqw==
fqgiBwIrGkE=
ak+tZg8pxiI=
mV7OHAYL7+E=
9E2UXxIOX0A=
kyByS303jmA=
lTd+hP/k8DA=
2SX1tT++Mq0=
XqxhvaEwRfWgiIJhTfyDTw==
KutZkGfrMIU=
E/TSyU7g+bI=
+ZN1WX9RRxs=
Q4M+ByUwa5U=
Aiy6B6Z7VT8=
vLMnTCAWQ+8=
egRi30amfW9JLHP1eec5IQ==
XZ1068wEfg1P0oLEdhL5Pw==
P4n1BrhkfwM=
SVr7u7Ek/UigwRHwev1EFQ==
eTOO2qrrl9o=
IhZWPaBZkzg=
pRTtpGcG2/U=
GMg/AdVwRh8=
+gspgLxyg68=
/qqnsf/WsMA=
lWN5cggTqk0=
30eB+Up5ML8=
69bV/3vMbIE=
cOk0Yn+cFzk=
2GOqXxb6LJonb2WrYbqcDw==
RgrYImq5IQQ=
21efxM2CV5M=
nb4CsMawHFU=
EKlBJPlTdbo=
/7q9dKxyOMOa8rhpRB9G7A==
Izx/yePYPH8=
VQY3v5uKJ5c=
/r1xZTDCpTU=
0FnPcUwCSk4=
1P+BWzm6r54=
XGDhWMkIqYo=
AcQWntAX964=
aJpv1gVgUM0=
Bx7gycrDOIY=
15C21RKo8oU=
MBc78FDltx6J/Z6tbBBq9g==
o9vUDfwEbIzfeQoTqJIACg==
o9vUDfwEbIzNMjqoMPkq6g==
0gnO09+BFtgBc4BjzJ5nkQ==
5fKFIKnLzIY=
Wqh9d4CbVEU=
OZ/Xt8HDtV4=
RLclYKiiwZM=
hsDSQwXA1Mk=
9fF3lj3e23U=
SOfc+8SQ6Y8=
hFMvgSkeqE4=
L1Aaou6HM/4FEzBhGrnNvQ==
I8Xe5ao9g9s=
Yya30WiZ37M=
MdZnx9yBPG0=
svH9ksDsSBk=
PTVcPAVaS/o=
1sB4apr5k3Q=
0ER7EMdkfKo=
vtJqETFpsTpEPWQX7kMZjw==
nVk+mqVcG5s=
KSOAKGqB2tiufnr+169nbw==
ewRd4VgMXvo=
k7SUkKG8BJY=
S26zIy2Jscg=
/Ur++qh1w5iuAAm4TaGapA==
FADl64UcKLI=
xwte2D+zTveahl+zHILZmQ==
JSSRzYIhaPk=
qclrn9K9gyU=
NQo0FqOElog=
HWE6dy8x5GY=
Ipvh7I1cQss=
+pysHcruPec=
ogl2w9bYnk8=
M8vlrrZeP6g=
O1frR5jgIFQ=
gEjK6LZGtU8=
9+PO+ZQo8kw=
t6a0dqvcPPA=
sYBceqwFbN0LYVxVWkhqVg==
bdpAUvSyxzM=
O2ZTj1hBPJA=
OL/bXLEfNWA=
dHHfFIJOdU3cSNAUaWabAw==
504HXOk+wdE=
fCJ8xze8J0N24cdA/8aT4A==
MSGSTA2/G0324cdMNl/Emg==
QwTfVofBpDJ69TLDcxYdzg==
CwFnl6sfpIE=
ykYr/jPinQg=
LcNAUfTVPZs=
XRhYmFIJ0B5Ef1MQT8zYGA==
UG1pQVh4BbQ=
gsDnpA417yQ=
X4M+IXvKiQJKOUgY9t43pA==
0/bXBsBrWzo=
rz7xxrMEPdlVG27wT+eWyg==
2JHcY6Fz3pdAOxRUjQWVUQ==
J+rNFJ5kw5aeCBFDHw/ASw==
1SbG4QwHTycyCCm+n+A5dw==
vST1X1lPe/U=
KuphFzlVQIlgQq2WPB7PMA==
JuFeaRRDz9s=
O5N2uWyNuvM=
3UaZhsJ7Bg8=
PMAyeSq1xzg=
DKvTkUcXhS4=
OvY+KJmheRw=
3PDiAQU8uYWeLyQpzwfBlA==
K+UWzYKrUJ1+MTrRDPgG4A==
Y6nYjIWFGvp9VFu12HQzQg==
1FHoOc7ANnU=
tZjzfV2hMuY=
ut9/EJLmL+I=
33xUGmNmCgD8L6ks/xuT2A==
awcmDcW002Y=
NyZupfVur6U=
hJu8t23yczY=
64MYkSeO72JPjQgBlEUw+A==
wRlgZTsUHWk=
gXyS45cGWVo=
on+T3Et4L01PHT18Ao9h9w==
PxcupLvMovw=
5lflXFft8qg=
6LLxuXD/Mow=
TV35HiF4KM2MlIpPw9reXQ==
iY0f/c4OclWdOY7+0ytDog==
l7N7sYNib4U=
Tm6HVoeIvj/rO/CqAUJZFA==
qhoQaje11QQ=
Qj7jA47PEoA=
SyK+E5Yn5qU=
lleknoHUCJk=
fwpae8LfYUg=
sm9qd15F6KI=
KX8Zlb17X2o=
XXvftY5xXcY=
/pydsIXpfBo=
kzeJu+Uztoo=
AcnTw0dvlbs=
aYSgyct6GxY=
omKsiqESzTc=
6+R9SnGPMYhChLE9uG7hKg==
sH0wbz78L1Y=
sBFolM0IT6Y=
Ydq6Pb5AfeiKXz7XB9OkaA==
EJDc6WPggMzmxwQwXTyjnQ==
L3k5Z1mXVw8=
quEM/leSnTE=
Biq2uxS5ZsI=
JZVJ/n2sipk=
vg7FcF+5LrT4CMl6xQze2Q==
5Hjr4AKydK/GzcaYWAq1gg==
nM0+SyE53AM=
Rg6u4k3HnQE=
f9ZbnpoEACw=
d2l/qpK/HtE=
sx3J6toyjr4=
EvotQ5TUWco=
rhURbR4bNoJhXt0AzpX9oA==
lXltWTN9ONc=
KP+YuJtmk4E=
SyDW+qkSVUs=
LnOoa89x5u0=
ffqD7E9u2vY=
yeZo6adD2JQ=
MkgZxDmBxLo=
ukVvKNgklZ4=
mjcAOStD/sc=
vGuC72fzdI8=
l6bhrdtAg61RVpGj58qzJw==
0DwWEHusd1g=
RHv/OxMfzuk=
i7dbuBqJC7A7E5yRZAEy+Q==
nd4p9k7XML0=
mcLqrZVoGgB0C5zUMROZeg==
8bcqllyXgMUu8He+HrNvCA==
7gDgjevpEkc6WgZ8TUHMLg==
/7cHW9tKGJz5BZKlsiPEiQ==
EkAsqwyFvQQ=
xtNEIqq/o7Q=
8pFSs0mUS6LefPvFwa2p8Q==
8Yekd5dI0jY=
kD4gn/Jb90a1RgzW9k3sew==
2PhVdDmdUK+E5dR+WtkX+g==
3Y6VbywLfAc=
hlsWNbk+BJk=
jv0MZUR7NWzczr/xp4iOUA==
RA5yj8fDO48=
a0MnDZeSiy4=
cAMk5zFKHVM=
t6v9XIoFtaE=
DxUfWZ0htp45sdM3v1ivfA==
EnTqAX+ObTQ=
Kh/6igl/Jys=
PKjnezttxAk=
R98Lumm2CkM=
q6zhI27lVV0=
q68DXKjQVyFkMTaw5Tl3oQ==
CMR3N5KHyko=
PcSKjv72FKs=
v23NXcJGjrk=
G8bUdm5Zf68=
JZIF7EGqP/U=
TB7MzgpvuQM=
jvUaMDRH8tE=
/f7IOBez3ew=
8kktRHPJarQ=
DGqOCzW/JQ8=
7XgVxi0CWfyM+YkBXgxFhg==
br53FYeSyHgatgGbPP2TwA==
zX7YGETXbn0=
cQ1oQibff/o=
JuTaqRXi2/Q=
yKd0Cwg3+MU=
PcVgULr/0Ko=
AqF5SVrlDIOSxHitRC6uMw==
gBGDKcwKsHo=
nAdtOfUTQkNSAyY1u7HvcQ==
1aPiLZFx31k=
AH8t5Gx2xro=
6PsSKEKolv0=
NagJ+5px7ZA=
eJMV0k9/PfCgRwh+8Qn72A==
znubPqBP5eUCGG69lsQBJw==
bS9eh2chwnS7ffknYtZ6VQ==
FMa2zk8XAnM=
H0HagYR/ZEY=
n/xpkiVA9rw=
mJiGK0uaElc=
nmMm+0O62OjTWKU7MkvdUg==
Z8uEGbEGR+kxOKoCSQTTkA==
yWc2DAM5MWHn//O7FtGUfg==
Wscsh0algvI=
r18o5xKyNUQ=
5YqIB6jgnVQ=
KgsCBLaEcB0iIsfsNqqiZA==
J+6tzBI8bY211duOOjBvfg==
TncIO0P7tNU=
J+6tzBI8bY211duOOjBvfg==
bcVgVtQn1eJ2WG471yiR9Q==
CyYBgLFOCsM=
HyY5KxfFQDd0Yttj4jrDVw==
0tuqWzXKtLU=
1jpaX0Y9pRw=
YsjKUps75M9dkrUIcTeiBg==
tJVYZScyLo8=
Hy8SiQ4vIOk=
elxn53SiMXc=
WEKn8q6MUOA=
DI2+0epRzcE=
ELwkX0SZdSc=
CE+RnRsRI+mMFI2cZt0lfQ==
bHDa8KmNHif0cwmHVuSonA==
jZF0B3FapAI=
QXlYWTuouk4aV+ONGkR+kA==
S8iGGVMRqbY=
+5WiDuMLZln9NFgYBShNzw==
tZzbsLKkPvbOjNw+QdHqJQ==
R5JVCi0WCzg7pyuyxVcZEg==
UI+iUuJbCPA=
H2mjBui20I8=
ZrMUzFDTdw0=
v/HkO34ODq8=
yvLBDz8l+Hk=
fx5zxBWgIio=
hrZxMV/vwCk=
5BhUf7gJLyKDUB0ynl4XjA==
bmYKJ4DeYc6jeLkxzdnI3Q==
RfRk54mwq3c=
mIpN90b+AIB7tdvJlETDOQ==
jYxa8rX4cuY=
0WDUnLdT5V0=
KxcR4LPGajg=
utoWrMsvxn8=
5T5gVV1ITXU=
vNhtRou8LXA=
HpVwuEa3k30=
Ix7fNzrOscQ=
q8En+GMnqSw=
vJO4tKX+lJY=
J9AQmZMRKnw7VZEw43+Utw==
pUIs44M+CwM=
IKyHj0AWfec=
jeefmk/qI+8=
PILKcJW+zzw=
aDkI33TKJqc=
27RqJg3C8DSAJce+cFndSg==
mp+ZbU/tKPk=
P++YxrtfsvM=
aRuZ958nGY7AGKO/7ffQmg==
Fg6enmGXSZXPmTOOTxDhow==
OuNsfkq5AheUgyAs7aIcVQ==
sc/h1omvN32cHW2kB2O1sg==
0UPQKbWz5fw=
nJesE88eZS0=
xgjCL1BUDB0=
wGw/c8tdVGo=
URQ+lT3ekmTL6jGAhnEg9A==
J2dPVL3ze84=
9Z9eOpYOnrQ=
E5mqg+e9dSo=
YlFgI1ol1mLNLPV5VCDn0Q==
Wx3j3NSVPLY=
bV3Z6B+5u/o=
ExWaMJJ9j2M=
3xIftBDx460=
KnxpBbKrTGo=
vjsbvMwPyNM=
ZawKFxLFU0k=
/zRnAhJy3Ps=
R47dhHkPyPE=
aEqwT/TnJaI=
4pg945QVe7Q=
dw6SxuX/5qE=
8uAlN4ur9SA=
j+A4PYoqDbA=
nNc977BOrM8=
MmDm4VrPoIE=
dw7bbU1XfFk=
Q9E1sBiCUp4=
i+2ZK8ZfvdM=
6VmliRsIvTM=
37Dr17/FNL8=
cxKECt6IlVuvQn/VfOGPUA==
cR0YGZdbPaE=
rLXmUm+aWzw=
UYYEUGM8TWU=
cbSUQcR6VRY=
3Pvzr/R+ccwHWVOLa/XC1A==
1lG49aN6arE=
nh9JJA4OEX8=
VNrSAA8MWjU=
8GHq82p46hs=
oIP5CcQ71II=
M3T2qKETJgE=
8FhhRcOlAA8=
DIdtpLV+Ido=
kQUgzQksDg0=
wcln69QyaaA=
goSj3H8uuNc=
z//80+LwYB8=
Kq5093ZtXYI=
9ehtofCE2zE=
MOFdyQpL2xk=
qVzq5IxwqSk=
F9Ey2V/VUWc=
L/RL2dyGq1Y=
Kc9IHH7YH/c=
PsquUAvZxHE=
rwyKqP5KsAc=
Kc9IHH7YH/c=
cV+fIZc4VQY=
6YIXbNLyVz8=
YutGd/QCmvo=
SnqTbY2DqXP1x4cjmzk2YA==
hvd2ImmlT1c+d/5pZV6xGA==
22pEe/u2HHY=
4pFHqIIdgWEZ6yxb9DdDbA==
cHbuYDoII2o=
GKKLa2Tda3gVZ2ZVUKLVwQ==
nWN+VdU4Y2o=
S3zCZfglELM=
nvixfc+KrAw=
C0DARYnjwrmtPNAIHf4raQ==
Mumz8xvup10=
oRurEjScPDI=
rFLAInrRZdc=
hjePw/cI+moTITV0ZYTMuQ==
wJCtCRqomgA=
NLgeJhCbMAl3J9IR96I4wg==
sJhWUg7WZrkrjlQH+z69dg==
/wGcwOfxfBdXH9Dw0ZBsQQ==
ECEsBm5FzgBWS9bx0SDNug==
NFJMznam3lI=
1YWkHKgaOG582I4EY/E7mQ==
1YWkHKgaOG54Wg+23Sb8NA==
9Kfkmo0W7i8SsbXOAnZRyQ==
2V2xqFQVevo=
sEh/YWq3CYQ8cN2pZYTUhg==
O6Puo51HOkU=
le+eLcAQbPk=
pFzaXtU7rao=
p075xiwNWiw=
RfscO4AFd5I=
6LzmDWOuJNA=
qU6beYQIyxA=
LGLRNxsdI9jvp1KHcrmKGA==
x01GQ9c3+O0=
yJuEbWNVD2o=
kwSgxiAOh3M=
BYlxXCdYRD4=
/RqccMzdo+zgSgGdOoyEKQ==
E5q8yBu3dgarQxJNmgapkQ==
eH6zU6AlFUE=
CytEXmGKe5c=
stNcfs2RX64=
M14P2l6rP90=
bNvqipj0WMY=
stNcfs2RX64=
bNvqipj0WMY=
IqrBgE5sS68=
qqEohHWXzXk=
DtmAF5xuSGA=
pdMksR14Ag4=
gMESujz+z6E=
OiKuFkFYzKg=
IURKUGVbYPk=
EUj/lCHpBuQ=
e+gx1StFiVM=
RBOJBo+cer4=
mHiQ9E9Xw1Y=
XS/G/QTblks=
omwcQArwXhQ=
XGvEMdV1W/0=
irubWPkYyHs=
A7a+RCaO1qp85x6bUeuzNQ==
xQ8LZj7+jP8=
e0O/QqCM8Cc=
QvKRUgLIv60=
Ds6PsGJ+UdA=
j4L4rFbL8As=
c+/+j1na92Y=
GwvU/HHba+Y=
qNopm4kX5Ng=
rL5N6V/9+NI=
MN0Ocyx36ts=
1tU6iWR/a/Y=
5fU6YVyj8n4=
Xo6+Bq8bPgw=
W74lI2ZL7i0=
Swzj13NL0OU=
R9J4PKkVa+M=
tMSyD8wogF0=
myTfL1vMbKk=
4Ks2aohR2mU=
luZbTkxPM4lmPyHmkFwspA==
ALCf2/3XPns=
YUkdhrwjqlw=
lqCFxpEt45qWHTadbcd/ZQ==
g5v3vQUDMYw=
mk102E81iV8=
qo7TPpKcy/M=
f2UokDE83zw=
3JbazDx6ZMQ=
VMtxHY8Rozq4Z2vTRvo0ojh3t84dZnh/
3JbazDx6ZMQ=
ymr3fUFpvrs=
/aUVekojCd/Wu9GfGlC/Lg==
TX9KMUbONkk=
4S6rlAcx738=
3JbazDx6ZMQ=
4S6rlAcx738=
89EiGeoN+94=
E/6sP1SrYPR8AqsQgNqIQA==
Q7kE6vJRVCs=
D700Npc8Uzw=
nu+a9FIPkcs=
sMM9nLqW2tKzUZ1OdVkMsw==
/QuSVGWx29I=
I0IlOsdcmYk=
yjtfNBwHkgc=
qh5so7UJjW4=
Ubd5iUbNkZw=
YkUmwx7eKEU=
Rlq0NzO5pms=
HUpAEiaD2d9IERqHis4tGQ==
zRHO67h2HWo=
eRQrwMdOCjE=
Q/VoQFDXwiYS2sO9xUjsag==
LG01anWCpLI=
bpoUVDuZ6F0=
wsNbeIhLizM=
NU0G5RCMM+ZnUNWfwNfIDA==
JaexhsNj2BE=
IN7lID8oNMiYrZGNuMdu+A==
XTIysAY8YkMx9Iuecd6c4A==
um56YgimtR0=
Jeu+yBom5zo=
ZKmH4xbIgEI=
DQoBo2dTeg0=
LtNDpUFGAOg=
ZJSmRa8nz38=
L/Nf2vx/jNDcZE1Ta9upoA==
3h39mZFMfww=
ZIMcx9hhz4M=
aMporYGODFk=
SXQnrRhDIrk=
+QdL0T9ysN7U26Uscq+YjQ==
G650eUWsQu4=
kKb92bXlNkU=
VNW3cu4Ho8U=
AIkA4PonrB4=
VNW3cu4Ho8U=
E2t9RWjAlUw=
NbsVMy857ZM=
pfeV+Df+sYM=
cxOY2+0J0tQ=
0v03eOotC4g=
SxifblGjyG8=
IyX+2BTgiRk=
d0yc07k2WsE=
VP7aKBfti/M=
r2bpe+xwI4Y=
5Lmnu+apo3k=
OQQhP1xCdxA=
GT2AhpsUBeo=
42qqjWam0ZE=
22GUjnVcdPY=
o7jSX2fixBQ=
uBZtkIXuYno=
KGDsJKcQzK0=
ftVU1bCdPBA5J310AZMhRQ==
EVx0GvC4cKe1amsmpJw7Ow==
Gq4GiER16dYEZxIKCs5Efw==
nQOHZk8AyJufZbXi6G2RGQ==
nQOHZk8AyJua+GdI/VfZmA==
friVGv3+6gs=
30gDmpliOIw=
5o1azbmGRAo=
CeJ0wHH+dwA=
yD4x03lbva4=
wiz5QNcJsS0=
XCsjxfX0opo=
nBaRxP5+9XM=
7/m2Sif5kZI=
N+ZDAdXCmz0=
3J1qC9Vsxm4GMf9p+ZZAbA==
uHAPuuRxbJI=
iVKNuNjpMVg=
AIkA4PonrB4=
9jrR4uz1q3A=
O9X5a5XrL6U=
OPZLDFQb8WI=
A9lu9fmWsuU=
NCaw8xwGCbI=
dQ4ekeE0luE=
V3XBtdkGtiXrAUI1/zDwHQ==
6HxHdZIJMxU=
qBp3CAlbx9U=
moB22nJBpL4=
C1h/R+TFbJc=
krZmfTlKqlk=
jVpxDPBPxkU=
PriFeD+Flm8=
PQz1r0TTqEE=
E5ePO6WYarE=
wXt6wonz2jM=
N6MFhylC0rY=
ifFkaEUNQp4=
3E54iCty4FFJOs4UTVIRHA==
LEUniExY2R4=
py/c5Gw4950=
rKVD2MuyGTo=
qxajl5rpjMQ=
7r7XhSePn1w=
Gi8X/afmM7s=
IOQr3vemtHQ=
G1Hp+YxjECI=
0Y5rNwL6kg4=
KriNaOqqPr8=
e3SL6c7BQVo=
1FRdcTNZw1c=
7EirrpuRX08=
A3IkBQhxJ+M=
DEKCRKE4mzQ=
ZClHmab7Res=
F5zMqKyFXvg=
HgB/3H/GiBU=
n4xt/S7XHZM=
QZeq6m3c8zU=
N7Y+Yp1X94Q=
7PCJykB7Q4I=
oF4zlzMw7h4=
pBgJGYDFHDQ=
8iUkJ8Rwvpk=
f690JebaMUg=
RNQ4D+tLHRE=
LIPyzs0hATQ=
z5dtbU96QQU=
fCMx0Kb8VAg=
4KOWlgRuKgc=
c0gVUydZWJo=
aW6Dasy7U/Y=
0mSyHN5Z7Y0=
ZgoVES7DLjc=
pE8QKnoVg+4=
CtLzUIxROh4=
psXpF1KoCuo=
rpZAxP9a0Yo=
eC6OAoOKAoWozceoOmJG3Q==
h4JcMT0eQaAxIQcsyY1Y7w==
msorsJf9Hq8=
Xa77IdWDZFo=
pvmffOr3PNE=
+W0GOGCmhmnQ0iNyL9BH+w==
i2u6AC2zYBVB/UP9wlCvhg==
dFvi5chDfyU=
pcnRCm8RKlA=
53uXTcIAmHQ=
yRfdV+HpZcNR4/HZ6m7XJQ==
l/STMJTQxh0=
IYyISMLxWPs=
1AoaFsfogx8=
KH4d9O7/S/0=
cz5qiv/7I54=
/2ab6uWYItE=
K5T01gs1rh0=
J06HE3KeJGw=
hqjOUY52HaY=
qPaJ9c1rdC8=
eDbMN/nqMrA=
hM/+VhK35ew=
y0sb5OwjN5g=
8mUSBe1kbls=
iQEi9LZ9rTY=
5o1azbmGRAo=
iQEi9LZ9rTY=
hPqq/UFzvdQ=
mzjQtlmiSfk=
HwIZ7FON2Ns=
qhfG3L5ZJyQ=
pzXsVqqqy7I=
fJKE2Gav4s0=
pLqANGhhINs=
Jt7XYEBHFoc=
VQbKsn4eT+0=
wWrxkaXHxb32HzkHWVywkQ==
QampfrXxqX4=
6DWXY2kDaDM=
pXXi8Tok0SkFFfnNg1/Cdw==
qK4sdrO66QSrXoa5pqd2ow==
kJGB05L7ZoVBgB8JXFx6+Q==
EL6LqmE5GfABoTXkdnQ31w==
FkEndOK+FNkw64Kdp7gLIg==
Wy+gOI6mv8o=
KOzkNLdkmOc=
rcTTToO70CM=
kLbt3TSWtRs=
RtGDavyM7YY=
/z9AlVtuM/w=
w7cXHIF1VuU=
IPC23B/aFWI=
HXWIG3P79fw=
ZysWX2focMY=
QCaipRS89RI=
QQHwbeqJCdw=
arklMeJBXOg=
RGlXregA6kk=
we2wvPzt44c=
b/Q+WUhh7k8=
oI5liY+P7yU=
PpimS3rGywk=
nCW0Ak2To8I=
HkpF36BHaqo=
12uLPFuCsZw=
HReciHFqBDo=
1HetZ+XFpWw=
HfB4CKJ2btI=
uqQC1Vdmr9E=
IBCU60rcF0k=
0Bxq3HMfpr4=
zmCHgqvolo8=
26iUYm2y818=
VmGvkiR8KWc=
oQf2cVbygZc=
fWN3SPB0MpjKBSI7rydl8Q==
AFOniynyofs=
wKhukpktbYA=
JhzI6GMzEv4=
UzOkEnKNPGY=
E9dSQCdqzMY=
uGc4iy/AkA0=
phYsFp2Clwk=
Vp1pP5NKZZ0=
uilxmzVa7Mk=
XJonHOwBcv4=
CggocFKjj2RxLU1i1+XgiQ==
pQo8DenfEg8=
Om1xvSF+6Vs=
w9XPjj+Q41A=
tVGBHNp0vMQ=
klw2+0zKoY8=
4pnKbsyawlg=
oFFIKmneenCVzS+9dlYb5w==
daiItF/vuNQ=
kq7xaZo7QuWA4KT4+ir/Ew==
kq7xaZo7QuUCkznqwM/xlg==
GyZccnukmUbLxLfwaZuGTw==
/8AwLgvl9a9pVzI/LONxoA==
EItwIbID0WUqX44eACfwYg==
Pg87M7UGMMe+HtgPp5l7yQ==
qbIAbOtdops=
zSb6Hi5QS5dV9TT61xvPQA==
fKRNK9dZ+LQ=
zurX+qgfPTCNu/BRyxEjMg==
mLJnFx3WQ64=
aUY7IprxRMPW+JbAzXBvRQ==
PjspM8JA1AQuzm9UlQUVdg==
SVNT8O/Dr9JqeU5PCH3wMA==
P9i7DienA2UHZeTZaV2TnA==
Wm+UuVqdfprZBd7GE5LIVA==
282w/YrtDZDlfQnwLcDiqQ==
DLGYXnV8BILrB5nMwyM6gg==
ncQA1+aVlY6F9Gnf/uX/3g==
wWYdrN0iKFomNTXz4YPgrA==
kIlZF/jZ5DA=
+P+dwpG4QKk=
Jn4YrKjqBbs=
rX44gkNLulo=
G7ytPpi5lZI=
MmPqGV3+Ikk=
o7A+snOYwBwRd29j3bCcpg==
JdGiFVeKG2I=
+EnqPE/ce8Q=
MXUgt5djKa8=
zS6uIuGR2KY=
yJjap1D/kdA=
LAaSAxjoP0k=
0R1cVVpTmgWT38qyFu/BPw==
p3OnkMEBsO8=
VvU8/NYa+00=
7+LyWhx6Cl4=
PThq/5JODSM=
Dii4CXOKvs8=
iqhhK8hi5HI=
xTg5xYDWfxU=
Rl+JBZCp4Ew=
sfCMptvk7j4=
o0nuc6uDiAc=
c4qQbjSGDow=
ArsXyp1GUg8=
NA3vrABeX9w=
KD/4S8txUac=
ZheUDh3e3IRZEkZP6derUw==
2XWq7Ls+S7kDKp9yj+CQ2w==
wQxf+T9/nBo=
GNTYw3ih71Jqgp9wwtfvdw==
9faCcKMvZyI=
J1bSYN0+INE=
OjXFXrxGk14=
0s7qKmLuD4M=
sdRehzBYsJI=
VshNHVoiNYs=
kFF1APlSaPU=
fhkyjveKOt0=
VOgXklGFE4I=
aHtdNUfWsRE=
/tKMPtPXaY4=
uS6NyctreyQ=
Jnd/JJ7F9sh+pFx1ELSwaQ==
j/AtksustfE=
NWl8WLs37Nw=
JBnq7vpG+qM=
R3dTYqiqBJY=
zeO38UNH7pA=
qRWJ6qz98Rs=
RueI6GvSVOY=
iQiM6ipxPMQ=
fJ9ryh+zhTw=
CoHGd2KMVRA=
1NVsF+2w3+I=
EYhYP6kxAfw=
Ej+CqusPz2Q=
pnoMH1AYtbNwbKeHviv1yA==
bvcNzy3UTAU=
ug4az2ajLSY=
7f4s1Z90Fkc=
K69TkDmYuqE=
cPPjy1SFgEw=
WrEVW1X0C7E=
xSqotuujQ+s=
aSkVGrxh23Y=
W7zoUqdiTKo=
r5lgo/L7tOU=
1mqnakcw0qI=
g98AuFoM+b8=
/dJN3Hbvyv8=
wztwhTsMwdWACxaQ8Vd8jQ==
j9Jhfp5TUeg=
4l510dFiSIA=
f+qQurUH0N4=
k1Hj1/c/Bc8=
Mvw9IWYrcig=
WXf3zEKA+G4=
DXzrZ7YxOnE=
2qgEak5j2E0=
NzqNetAX3Z0=
7SCUNZAbL8Q=
Pag/lVfPyXk=
6l9dqj3M4Rk=
QyAU2ZgnZRY=
71RF2SHUvqs=
Z6kYzsRZZSo=
nYAbLMk6/O4=
WNZm9Lt3I9acWwH5sUO+fA==
5pPd9noed7o=
VsFORKvXAP8=
+Dhnmtryd90=
6CwlKJz7B/Y=
Of8Ir9mXVU8=
Um19yHzJOx0=
2IofNxHb1FQ=
JC/PSJ6RB5A=
8Pk6fx4yLyc=
3EWJK7Y/bFk=
WZF3oM2vdkE=
lxOI/KFgto0=
AXds3ZtMsNk=
VYikblML/xk=
ELu8O8eK/vE=
w2LzxE/YLcQ=
dSl6BDC2JuY=
w/e8bQEDKRk=
7GIINneE3qo=
8xuANveN0wo=
ncCYPAHpCTg=
lzuytXcM+YY=
09Oapjas3WA=
9RF+Biv4fuk=
11M9DfplFrA=
pGgRkjorf6E=
Xt/r9ikOYfU=
ZkNGmyut9z8=
4E58maIqpNw=
ab+wc+Q7yDg=
oMd9wte3G0JOKGBORL8PYA==
KaA52qJEQUs=
/vo2a55iaquIP6TZ95QqcQ==
d1NXdm4TAthEg5QgUNH5RQ==
x2ZyHdf23VEtAVsDMcUjIQ==
FW6qHhUDC0g=
iw6J84jv6so=
X04NvUwP9bksf6fHADsTAg==
ywwxLgiwzOE=
LLtFtu4zJeA=
pZjNk2v2AeM=
keJ3NrEu3ko=
JHn3sB6tsWY=
mA4DkaGCqEs=
gRJwM2bDp58=
AfSn8ADEW1KbsaCF4kvn0Q==
ZF+CCbHJg6U=
ddKPDSF6ALeoNGQVaxRzSA==
YzUFC5Axnuc=
xu5zAHfAnjg=
spfS72hRWNkl4PFi3ufJYA==
s+3njl9UewjbbimQyInrXA==
FLC8EFE/kZAXP7Ou/GH2KA==
Jir9rbnplxh8+ZC0ByfZKQ==
Z2houUDffbs=
5ot7/HMhMjs=
We3DuKnIgw0=
inMYWtDNZ6tT/vTFf3BBjA==
PbJNwPHSIbA=
E1N7yKt+E/b5cKQItXZnwg==
GUQArNK8prM=
zhm9c/mS7Jg=
9PIfzCY6v2E=
DUqEzMA9zy0=
JqFMo0blCeQ=
xjptGGNhyhe2z/hcY6LRkQ==
CbUsR8F/hUI=
l2cFaowH0D4=
8xZ74QxFECY=
vzsOtaqS3p0=
HiDyXkS7y6W0Tm9lTs0I/w==
nionvsZ1n2eYrGViWk508A==
0rMeYY0SsPwQmJgjMacU0A==
hGMjmC1M5fM=
zlblpaFbVTmwtcQ+7JkFrw==
uqHc10tH7N0TDxV31Ag+yg==
nx/mW4zsYKc=
812vKlT5r/4=
urlXsAMrgC5gtIJ+jO9+Qg==
hTBzCRgqY9NpZg1PV9SAdA==
hyTjpnqd6+heiUbs/cxERg==
s729ahTTfrpfxslqheeGjg==
z3KQVcZ45wi2cxebWLH/0w==
z3KQVcZ45wh4fjf1BMa3kg==
ThOP2dr0LtXrilECuXwdJw==
ThOP2dr0LtVufohVMuZEFA==
GJj9j9MVquFT369eLkPvng==
GJj9j9MVquFm3QN1inCrsw==
GATZzT00iMRcexDqF4yRfQ==
F7dqr+8YSJKWelgN+8wNlg==
WfV/exH4og1u2Xj3Rx0D9Q==
FY14Ikl0cPQ=
CxLhvKpuHmM=
jITtyfGmU6XX7wSNpPQngA==
PawZ2Hi9ok0=
nMUBHHNpMPN14mLl60w4RA==
Q98qsVjSD7S2a9Ypd7x9nw==
Qxf1vWaqHqQ27wiajAAbdQ==
vwM4ZpFAhPNY4oWGWl6O2w==
vwM4ZpFAhPMPswnWMua/7Q==
Ip8SRVbvmR1ZS4s9py5FdA==
umUO6yTAQ4k=
18ZiVNemVho=
We3DuKnIgw0=
2WAdkpkZWmE=
rxfyGGYCQg4=
/BG1EnH48jdbAigXNOg7TQ==
FbwKLBcE9lc=
hSUNTsZS3tg=
TZccYDOPN5k=
OlUebScE21Y=
c7srOentn40=
XaBvTAu6jdc=
uf7dx0klzWQ=
VwnROfP9JR0=
WOzoVJJA8nc=
TSjSrhKvMGM=
5a06gxycsq8=
lr2IvwRNn8o=
10KI+9M+JQ8=
7oM48GyzszY=
hTxh7MppGNg=
sjOoBWi0EEg=
T12rGFIWa9w3JyF2aUpjKw==
T12rGFIWa9xoU/Rx6AlCmw==
T12rGFIWa9wtD6dQR6rR/Q==
rR6nOJ81fqw=
Gn80sPFIVFA=
mTlDpwKmUUM=
GNk+k/it8XQmcqnRiw9WEg==
zytUzbzoUs2g4Yp6lCcjWg==
Hdk3R1hjUG0=
AyuHFa5JyWw=
Hdk3R1hjUG0=
DqL3vRQ0vH+ww1EnvaFoLw==
0xVId0rFiq5CuelHt2qSqw==
u6p83LFfZv+vJPvjzEknUg==
7SCD5rRKdPtFDyE2Jxv+qw==
H3kdu6KnH9fUTFNSA/L8IQ==
8U0Ysk1FcI9XAuAoJX9xig==
l/gn3iU+Pd4=
+4SvdQ/4p5JGBhReojTXNQ==
5uKkRXxwpCSDb6BphHI3Cg==
BnuJ9y0Uf+k=
BzjWxGvWNuY=
2cT+nOFcaUc=
uwdWhfwMTwUDEPIwUBKhsQ==
glyqWH+LbRE=
ALLuWKHwj9DgTZTD6RLpiA==
XNd+1ljtLKlD9eN8oSHkfw==
OL19D8Ny9+N+HUV8XYYGGA==
5Dg9FpzH7okFCf6RzFKDAQ==
uvGC1d0aCWQ=
jPDnGGPlmCo=
RbA6NiT3FfA=
MYZZmrWBMkk5UeYKPKmJtQ==
HvWD8aOgrsQ=
jYVVRFWVBZhbEVC0xDwPlw==
t0tg9yvcrATyCXo4X1qxEA==
yFgUAfyelag=
oubnTRMZ2cE=
3OlB92WoZek=
hp/R5IXdpdM=
i0Ub7dYI5G8=
oqpEOPOUY0w=
1+ewW4vrf4o=
musuTxJl87E=
4DlYvwLeWcg=
hFL+FmqqUVk78V2ciozXvg==
1RmpBfJT/ik0ZXbXx9NwGg==
IATK/CSfb4lKhCfNCsxUKw==
IATK/CSfb4mGJRhY9AY3Uw==
PelimxFwzqc=
IR5K1QE1GWY=
vRnvHrFg2+V9SybL9H4MEA==
lzy90/hJ5ec=
GiW6LL+V8ck=
AUDvwMexkfQ=
B9NFDCEoAdI=
PCVvSEDpYKGho1XWfWBjJg==
pv1xIyHsAVnfV0n7XKam5Q==
0uHfHgzwFsY=
f0Kr43EIzvo=
sVg6UyuNS2E=
1jN1iEDpHhiEeNF/uXNh0A==
sFGCIU3J1L0VJlh7UNO0Wg==
sFGCIU3J1L0VJlh7UNO0Wg==
+y9+Rci01SM=
eLCf61/MJ6U=
TGC7qTk/83g=
PCw3lbk4ReU=
wHtT+ncaiqlFajk/QFEAJg==
Zq78cgnHEUvRPdUtdcOtnw==
PdCFO06JG38=
9qjL1rFftGk=
lHveCM6F6C0=
74ourPQVSfU=
ow0Y73+T5EeMse9MzfhrrA==
5oi4cDsr3AA=
rwkBXJabug8=
HjaS7i/X7rw=
LnJGsBXA1H+AKHbEylTc1w==
8YaZMfggPac=
vDklzvWPNaA=
L7D1PfnErcI=
3Rtqt198aMQ=
WGrBDs9Xbg8=
pPkhQxOxdA8=
v74juXN9w3c=
hpX5CnCuQcE=
H+GWZkbMDnom4J8AUmaxUw==
tuodUP58rFs=
NxZZfK5HFP42NdGkt5ITTA==
RghGVnMj1XU=
Sj0aqX/r0hI=
yWXabQZFIes=
iw8ugHlGvgw=
wqp/MCpHoaU=
iJaHS0wkZ/Q=
/GuoxyIwV0M=
aZp9jRTpBLQ=
mdQU8POESR8=
/3z02OO4UNo=
HOg0JX3GcZc=
s9oB/0AmXLXhVtS0SwBriQ==
AFY0CXO4VKacSSqCJ+IDwg==
EyuNgQdq62U=
AFY0CXO4VKacSSqCJ+IDwg==
UN0npoWmQOq1TN+D+Z5ZuA==
Mq6X3vUkCng=
2FBt/tM7BL0=
ElN0/jJ+CwB2NAhwZ0M4vw==
XyPbJohtIlG7J/OH5GUmYQ==
3kFDpLVCWqRzBCT4WIZiNg==
F6udDrsfci8=
VvC2vB/fUFQ=
8WLNH8qwPCM=
lqTKKBvn4wc=
NQJ7V+QTUGE=
7xiEePdiOok=
vexkw1JdHnE=
HF14GxFBtQo=
VM2rG5bHxjc=
vexkw1JdHnE=
Dr5CMSDzovWw2qxd6KNyXQ==
siZY3XY6Q7I=
HDQWJC4w/58=
8U1tM/V4rlg=
lrROANBIb8o=
Xmf4RmZD7SI=
y5AzeI+uZ48=
WLgxNAfyn1Y=
Tu7BmPKbWIQ=
m7uxoOPDyRM=
/TJ3Jcdorn8=
iMBVkNfuKVinr30E1AovAw==
rbyynwFF/5k=
Y6y2WHJXHfA=
gUzD1vRFZh1YXJqs5wuOQg==
2GvTuVzwAMM=
Z2aM8BnM/zo=
1nQQURiPX1moE6Y27G3LZA==
GQr+IGPnOTA=
Kx/6Z1mViovhlWLrpG/9Ig==
6yETn3+GkDBH8gEiMf1XWQ==
rf77aOkETlA=
xBgw2IRJSHo=
tgLHMPrnaWY=
PcKDpxvvguWorxVKFyEjag==
3F0PxUU640mvCCTTWJvAEA==
hjLDKJ0Xu3WMO5BR70ThZA==
v7hNSRqTwHiR62rGVuO1dQ==
9mDljuZa4aw=
b/X298ulmr8=
xXNQEP8WJ0g=
loZpd2l+JWOjhRaFbXzMnA==
drN9As8vB7o=
Mup5CZhJkos=
CR+rcnXuet8=
PqyBNhkfTcQUx46YCkvtsQ==
vmWxhQW3y4E=
2HJMleePHJg=
Yxdqcvi/OHs=
Fw7jJ9R7WOA=
ryvflpg7c9U=
erFcUk91Gt8=
7gZZkn9+NfM=
Hk9X5Ow+QcY=
Jrr1p5i1l3Y=
rJdc9AI8hnM=
+AyhdxBlsng=
pqnlTIQclWs=
2suoQJ2yFGHw7bF+qMUNDg==
rGy0fiI3Aqo=
NfxL0JhdUYA=
61t+rMynRvuozyF7aXqixA==
HN/EEAhoaDI=
R9P697eCzVk=
TLbbiOOJqh8bZPsiZxi+Ng==
sSW2mSvCZY8=
8hcBvt514lw=
qiz5BnSeZ+Y=
gfuZNcnTpk3DgnF3h0okMg==
VMxRHShpkAcZZ84icgSoQg==
HMwdH2kbWbY=
oYf94Vcy/2Q=
nMmCaKlKnq4=
n/9uOpF18+A=
N+QwsE96sxA=
q5QBNACSVss=
XHg7erS3WhE=
7QA9xpafb6k=
8zQPYq55nRs=
0w1md1ZWNJQ=
KozBNJg8/7o=
NXkagN0C4m8=
j1JhDAp9luM=
2PU8EpRZn5w=
VdoHit/7qcg=
/+e3pbEL/w8=
KxdIplhQJiI=
EtDjBRkXUro=
uhkeXaSP1JU=
ncu8Tkd6Dec=
gH9yqo5fKZU=
b5gf0nhQA7I=
uUbjZk+JTtA=
9Z0WOXr/M/0=
a3+9iEIIlGk=
mjCp0gxlmLT4DS3DuTEYVQ==
Q3UafjFF55Q=
znf2WdX3pDRKlp8qc5KsCQ==
48O/5/67l4g=
aHODI8cbO7ZFOLDTxzlZOQ==
FPKhIijJX/k=
B7B4G4aW/pA=
ALa43j1ih9KxxSLwuI7sCg==
KbVzeyUz00A=
o5zNvCLh24U=
uw3esvih55fu6HwxHLNYBQ==
akM/80QSfjmvazmSEGzz/w==
hXj/FrIpWDcsEZ8Wm/bMEQ==
JqA/+KxSR7kYGOCOiE5RxA==
kqhUtHDp9Uc=
W6AfOmiz2Oc=
Nl3rbBO0yJNrih0jQafk0A==
QDe9oirnUvhySW43xvTKxQ==
Y/5XN0bTd7E=
QStAg5uqDQg=
iGoIZ+R9C8XjRgNdNTAKFw==
KGGMB945UWA=
oUZZyBg8XFFQ98/85p0MOg==
i2tObpc6jsY=
WIo7jFqt3ys=
b83/8g4ab1/JSt8A3BrjjA==
oJNW15W71dY=
PEEZliCcLDg=
4VNEK0hpve4=
q8JgWnhzrlMxzuQlIljKYg==
s1WKTWYw8LF/mqOJFw+wMA==
C2fubtK4pek=
xZwUcf1ZNMA=
kd7ziBmaIlvUcMVfIDyTpg==
juAN8RphZsM=
BxZw8FbXV5g=
CQDQGieO54Y=
Q4bB4gDtYDoi8rag4WcUog==
RGhmbs8acBo=
4i0eACFHX4s=
YWnrZKgz8xQ=
xuAoSkanM1SRDsORF/9R3w==
uJwnBI4PyKU0cSVlGMM3tw==
brmT2OvNK+Y=
xf8zj9tpAZg=
dh8vmfunwUfofijRpzQ2Gg==
C/egCCrJNfR8N7eSBrVzDA==
9Zcuhv7w51o=
/sLZROmNdriZnVMCgf+bjA==
fb+hFMvoLodqaqsVM7iEgg==
fb+hFMvoLofFu1ANI8QwrQ==
fb+hFMvoLofqQ94LWxMdFg==
F1eHlHuX5CFBrZP9ddenVQ==
PPGPac/L3taJjxO0XKj1xA==
Ui4I942YOIqwSb6c+Ucyyg==
Shk4ZXNc2A1Jqu6Z0FxfIg==
Shk4ZXNc2A01zxHFlKVgkQ==
Shk4ZXNc2A1QQIWZqpj5hg==
Shk4ZXNc2A0a8B3PclMQdA==
5keY7ptl9w4=
CRurLXv9LJssw+lYzy8Dfw==
GfIG+YqfE6o=
QUXdZ2Z64o4=
GfIG+YqfE6o=
0JtYEPpAuxJFLIg7s1Vjfg==
ogwT9d3boxs=
/5StZDsF8tGZUzx9zoFjXg==
7SqopTR7uXHItdPV1u2rNg==
Sdvgr8TQa20bmiwlYzM2Lw==
UaqV+hx9yLs=
kB00EeocPcc=
7XC9ZdergAI=
30JiMRy+TB8=
wh9JqKPM8jc=
k8wPUJTlX2o=
UwjBdneKpTU74SGvIZtyvQ==
Q7HAVGx3UxDVsECeSVotPA==
sDtx57r7y/Y=
eHIUdCv2YXE=
ImRFKgrbSm4wD6+/uHgWSg==
yTXigQds+/s=
FLo3nS+D65/tQ025vFHdmQ==
bvuvnABhMgnd6wh7O/dNjw==
GUMAnCU2Et/jPVhkqXwYkQ==
UsTds3avEhvHaJP1cguIIA==
eRRftMX+ugJnXj57zGHCaw==
69ixp8f7q28=
5bVsEMKToFlZMkNU8yxwBw==
Mn7LcmnB0d61h8QRmb4j4g==
QXhISVRvUKovKTI1ipOoOw==
ELcyGDknyJma1oWOQ6pPJQ==
ugBF7t8aQVw=
9rv4xXOI3i5/xFGqOWNFCA==
HbPZYL0Pg1s=
mXnAf6q66fQ=
Lb2G7/TnW1U=
3gYwesh9NKU=
3J5YFGZlyclCkD1nKS5N7A==
blEriBABSRerbKZbCeZvlg==
gnszZI/QuZc9CT5etPchdA==
zO3LrwYx6as=
fOEmvonDSFHZplY/PdvydA==
idjQFMovIqw=
sxlEAVINXozldhiuOOVNuA==
AxmTYUfhypQ=
qJ3QSjGsGyE=
or4+HU+N47ozUK8glltb3A==
IIGqi2jXbdYW/L/M12fzew==
iWawYORMu/jaFDHLDbLJwg==
BcTHFaDJEZw=
UYYhRvMuJkFgsFXWrgE1Wg==
t3d7Sw4p5lE=
Uys/LohlFEs=
PYgn9n1LIRE=
WwkcwEhBOIw=
WCn4czol4kjZRYbLbBcvNg==
oXDDJYG7Mmg=
6gF1HOpOo31wJ/ypXR19iA==
earduxF+21wEalo/AMo2Mw==
vGn6cOcrcv0=
XQcn7yhjFK4=
tp5G/w37qTI=
HoEHSgWek1E=
bzf9mOCVlJg=
n8RTXfmWc+o=
5c0g+gRD7h0=
ls6i7rUMt645tgGEB8+jtw==
0ZXmFXNyMXg=
4xFc0f6AH1jozCi74NpByw==
wj8u2cvLwo6qsQFnq0IHVg==
FThnRK87g3Q=
7/Q9vNleX/A=
f4G5FQ2jbRY=
5+KCPE1UReE=
+Yd2HjyMFQvfRyUVqooGTg==
sOWTb28ae3E=
MuBav1AlAb4=
TDRrnNUUkmQ=
bSyWXIBZguw=
jAeXipTNMDxqWutjsjzzTg==
JaimUeVLZEI=
fTQCm4Ec4Z8=
BNJuJhObn/Q=
LLhmA0TMUkM=
92GP/UYk+aw=
ZcuWAIY6bsk=
otjSzdl6XHI=
RmFnWwaYCQQ=
XmjdLtwgSfY=
10m+oDcR9Wo=
YzEuO7KUON+nTk3JHrb0oA==
lJWFkwaDUF8=
rxMaw6/His0=
o0xSEQH/9ZU=
Jopo7kEgb13qytXjtYeqSQ==
jCfaHd15GAxw6aoC309zgg==
iz+aWRzWlq4Ge40vhzcdIg==
iz+aWRzWlq6M0lWrJY7KCg==
Z0KABsm50tg=
Lo7iFStmctI=
uV5+6y747x4=
T6uUA3qHhoY=
Zc1KkDH+IEs=
Cf/AW1F4ALo=
piPcHWwlVqY=
mBd5zf09Bro=
RbvEo7KJYY6/XHPHF0jzvw==
zUYbbdzavaM=
g8ch494xWjA=
XChRtr3cV50=
46CoI4dEtRg=
9MCLai3KbKo=
46CoI4dEtRg=
9YKDismDZmA=
cQ1cqG1QWP4=
3VmHgDQJWZyTSngCyCWEuQ==
al1B5UEhZ9Y=
4HukwKj6hso=
WyPQQxfhJiSFK0zIphjBbw==
5qJ97q+BoV4=
slfObLojCIZapTQWPozwlg==
uXiwi4+9P6Y=
zLSYNZmJUmE=
qZ3JzStvTejVoDlx+H6LHQ==
wvsgk8fhg4Rt7iV/ePh5kg==
PsYfSfZyUe4=
P1WipMqvbmx6j5Rek6GuEQ==
m3il2bCig6k=
NCmZzZeP8mw=
/n/M1O/PKcU=
bxHjCUVq6Q4=
ijJvnwoPFZ0=
q76mbjInR58=
gQ2s0KGHr4w=
u2vJ8IRwOO0=
C8aQSpaaHhg=
CwbOziO4CjQ=
n0ua4VFZzic=
t7B5fMD+XEo=
bkvG92dMP61Q7qgGJV25eg==
Jjc2FzabrUo=
IfCSinjdqG8=
wtPYeuHk654=
29VkRISXcEo=
aSg78Tq4jcA=
bWhXqWZ6juyuifr+MTrMzA==
Azes2A/skVo=
iiY04CwqilE=
Gdaxwe00wsNzvUSH3kAywQ==
4oPXX0YZ/xM=
wSJEdiynOfs=
FUhQXpzNocxBtTPIwBet9w==
quOdrmFk5Bc=
+esPQ0rCCxenrQ33CGjTpA==
dH6SYyk4uRE=
nGUunXyvAUM=
F98FFs1iyFg=
kbuKkhGpYCc=
ZLoo7TF0ruo=
Y5rQHnlfrgg=
gV6/i4vLRU8=
YxTwnCU2h98=
PqspOSU28+k=
GNyYO152qgk=
qCjyqXizRbk=
hD8m809AXk4=
HaHM+WO6eqQ=
YUgwKopWFYo=
z524IzAxbDQ=
Ph4vamjHXNI=
IPPSDTAECTs=
lN7tuxVbOS4=
V735pLWpsNY=
C4mBaF8PMqQ=
U6/mzx2keS0=
anKLLe0ghNA=
ikQpxlKCvh8=
KP8PVL4zyJlUBhKtuLzW6w==
rynbBqR6L2g=
Sn34rlJ7QIjQJ2aifWsG9g==
UKh+YDAoo9k=
Aa8+I2ecryM=
FU5LlqzK1hM=
6yB5/TtV2N0=
/qXegwYZBBY=
LlcTVwdPVCc=
pG9lNmXBbq0=
sjXz+YdCAvk=
9MCLai3KbKo=
ZjxHz5MbbvU=
5WsFT5e99aOrG9KI3NiR6g==
E94mnerswXogiYB4HYrssA==
9FE4UJNcJRI=
VI9G6iwmEWQ=
EvQGo8XdHP8=
iT+oIOmy37g=
asR3aZ/cO23xB9PxKnf5xw==
Wxr+C5+D7Oc=
mLv9/K6Ymoo=
ZTyO6F6laf4caPsbHjA+Xg==
oRx9FiP0LW1Uu+FQ0rTUkg==
qr/WTroLecF3ISbZQQvFVA==
6k1G/mGlqko=
a6TGyhyk0GM=
QN2QpyTAapc=
Ou8ATjqdWjc=
hvnrTekwZls=
bLN2dSKy3K0=
l+sd6tHoDXE=
GzUygEO44lY=
RY8KNHi2Jlo=
UVwkIdM+Njc=
2iD81ORajKE=
HQy4Gj/So5feenx/1J4xgA==
8XbJka3GRvE=
uDMK+ee3c/s=
tNICvqM40S9tiH0PMvXAvg==
kOO1t+VDNc4=
KQ0IBfkvM2aELJ4gE414Cw==
FG1jsmzmAKYU0ezFneFLlw==
dgwQBZEN0a6uaJxnnneX+g==
68Z8YxZlKTr5cBWBiDAyTw==
bG3LqIaDC3pwjJTi8lAIYg==
aVrKaLzbkfw=
IrE3TXpQujdCGveIs/eXCg==
tUwnBVpsHEE5lKjH/ZIebQ==
WbotJvo8KhJvgqknDGeoGw==
5PM5sLkgucL02Ub0Sp1rUA==
yZiT1XaMgtJC6T6wfJfomw==
//21FO+cTy7HChXIi4XYGA==
rX9jl9DhEP09Coq/djqqdA==
wLUIlCXvC3Q=
URp2BJUzhvEtdwhmmj5+LQ==
5Jlw+LvU7zs=
8oTD+lxe3ec=
7sNpd2OPGsQ=
WNxTvUwjPJ4=
H8w8S3d2a1A202xAelks9w==
MOFtqSEdSYY=
zrsX6Dy/kMM=
DHw37hh8IeU=
4Etkr2fJpqE=
IzU4NtA6owiYGrb1R872zA==
1vU4/s488nY=
EvekUlvZ+Kc=
NtNZkI43kys=
KZQ/3fzozPda/LnMckIrAg==
Pl7k9p/lNls=
iCRhyXgCU6M=
Q5uTWFlKoU0=
y7T5GBiRr7k=
r56OlCmG/zc=
0OX/rxeS/es=
0BbPmTnT7ds=
5TKj0cEaZSg=
0VfHVyVHr4U=
ShPYPp02nmA=
16NBAAZB44c/VgDnEiJf2g==
tWQP4bt5wJU=
5q5o3pZCxcI=
wOh88nrZFes=
2u4K+Z4+xLc=
oIEUbQO4OJ4=
/L7JiqKTLi4=
/VYbz/DyZCI=
SEztmHRvilg=
3lo6v7d1h1iEKJczHYlg0A==
/nbSNI3hMUE=
VAE1UJZ3iEI=
FIEuNUB4vxk=
aNTTOGudTrTt9HKMxyb//Q==
JTlgGokYQpA=
GfX89i+XnCO2QksKIa35Ag==
dLogiisQRys=
aG3dKQSWJXY=
FxvblqsesoA=
Um1d+q9vGsQ=
0siA7JRi+Q0=
kqs8bIgci1c=
2fvFdk4yigA=
oUZNBE8ICfQ=
2fvFdk4yigA=
zSvZmJ7PnAI=
qiE8IFexCGY=
Q8mLTDAY278=
mUIdCscIMc4=
tQ9dYOGWFU4fw3gnwa1lyw==
ww50MacRmVQ=
1GqBNST8bcc=
DdB2ZaXuNh7CH6BHbrEX2Q==
z0OruTv8FOg=
r4oAGz7942GCqvXqQ3BhIA==
w0UvZhILh6Q=
xWV/+x7Fqg8=
Pz1f5JY1Ly8=
jJWsHfSANL8=
OqGvCT4LndE=
tJE2xfHjVRs=
yN1bk39gw44=
m4SPQQb0y2s=
QCNjm227Dp8=
zbxP1Y4oN/s=
Q1fZdfzkFto=
/0DU/v+ICrI=
TVCgwRAoqSU=
6+c/d2kF6JI=
VA3itLXGdIlO9F0sSK7WBA==
jF1eU8XegedoCrm37TXMvA==
plfazxjro3Q=
g70ttw1W0xI=
aW3iggGAIsU=
CGT/B54+Ng0=
ouSv3taSSZA=
c3XXHgpT3gA=
7r4qeReBHUI=
FM/iF9RMy/Y=
p/k1VnCtrCI=
YsPcmLGfQzg=
hvxOgtnzlcAAYzuMPWaG0Q==
PK0Fhn5qhrQ5eyxeDGmcSQ==
KI8wtsc2O7lbShROTKZ2lw==
9UrHV2q51YM=
rTamRBSajBYlIYUbSOBnQw==
95ViN5SgMU8=
OIUq/i2sQgU=
Z3iC+Nl39lB5uVYWGA7m/w==
NHM8P02T2Ng=
fkVQaw1hV08=
DVx/KeEQTPY=
9H08/wiahqo=
yKmm/suiIiU=
q9rY9/09gMY=
DcbZuYzQbkIPLYSbjcEs6Q==
QbuBOAd3NKc=
4ynVM7pmuK4QHa2mG/xCuw==
eU6QIDmvTvUwHz8S4lJqtg==
Q7f6EbiSyNc=
ZMnLMFlf3sspGRTE3X/1LQ==
qOk9mdsspU0=
Z/HebNbDSs7biCPZjGuebA==
AAKI8PfO7oM=
qef4jRVJ2N8=
x2RANsEjaVs=
M0/faUqDNHTB0ESG8Ag2kw==
3yEQv1wZJ/hB20U89oil5g==
JxAdepa4PTk6J5uwnXBqBg==
aSPSfHEl8nI=
7mVheDgIerM=
E09cA8SL2sU=
GwcXUH5DJDI=
6b3qdHy38bg=
22HnkZVVG1L59p6HBhnhzg==
Q92uxgZsAkE=
XEye53xTow4=
LWwCPId0cs8P2fIysi00VA==
VO69ZfmhMPc=
Icl3CR6c3S21wNWso7TmVQ==
p3L8hmUZwFM=
++Godku55aI=
6DIa87dvp4g=
ie7+xJDXHkg=
PkWe2AEsYvs=
xP0Po7kU6Vsi2dAxpUdMkw==
pYWCQ/QMuXcJRa0uXYeA1Q==
7cUU7LQYYuI=
zueEF1YQodA=
ZViN4Kej7wn8creurEZu5Q==
4MJxyEJ/S2w=
pPAttYChAtw=
adtto3TVfvE=
lnD+gSJ4nlg=
Smj1Nx5cQMI=
YUveQ8a3HXq4ReBU7ABfSg==
eK3Ww0nn8onUbnWXnkWvLA==
hPG67FOHOHR839uKB+9Gig==
foXOUdPcrz4=
Rtj0AKkgvL4=
BYKsldD6p3I=
uXdmQcBuVdE=
yMQjmD7V8qI=
AMAPQp6i734=
fSluM2nDpAs=
MGxZfgRoGxXqI9XPXP12JQ==
xNRGRkjMHLA=
mfRGHXf8Srg=
nDKMIQwPYsg=
ta/7u/EGdNmOAU86dZk/uA==
FHVsUwt4jw4=
nm3KpVgpBMk=
qEaJoB0HXFry57CVQM+3Ag==
wBGnvxglDGsTTX8+2XBAOQ==
iivuHgyimv8=
RIOruI5WYfE=
yYt8X7F3bAw=
dCZHuvos52Q=
7syOwMEN4ps=
uB0nQUQAsiE=
iZIGQMQ0Tp0TMlEIs+kj1A==
garZ4lLnPvk=
E8IbpQiliGf+Xa/e7Du9TQ==
K5g7Q0YK/cg=
SQPZapnR6oU=
XPuU/Aevolg=
KNu7iYL9q9g=
bDKRZkbsvqk=
GVDm+gl/BVc=
4LNvwZ4KHU0=
sI1Rlk/nIMQ=
wRrJHOaJKAM=
s4Dm9H8ByiY=
Uq1QkZrgLqQ=
n18duVXreIM=
ngQraKEbcgU=
yuabnhVeaFo=
5T3pQhv3xEM=
RrZYxTCqJNI=
MS+fyt2qqrc=
4QHMqMYkxYs=
dDzUu0U7/jA=
H/ooBUomCns=
vMkgoGR2lp8=
Rg3AYQV9Zss=
un3VHst+YkA=
LZBScJtNxvQ=
DmV/MVYNEEE0EE6qpbCZDg==
BKJPyJy0TB0=
bsK/OtcPXEg=
+Gx1JsOM8cU=
6lMFdG+eNm0=
IlgFBTogyTbXBIaUuWWUvQ==
u22yzasGyeE=
q8I83DophPA=
wSMWRewTZmE=
ZYYPfufPOKE=
yXDDckNm9b0=
faaYnJaNgzA=
2/tHol+A3sQ=
LjGiMRUvPyU=
iuEGhqkMEbY=
Cx5tRCZUEf8=
r2hLz09vhr4=
OPBaPvpDY/0=
z5G+jbds9oc=
FbwMpfNCmsc=
ZQRokvZ09sk=
rkviqIgd/ME=
1le9AJvJZAs=
jWNEob1TL4c=
RD1EByNcsu0=
uAMhUi2qauo=
64H+Ww3ocrc=
OkPST4YxvXw=
/TjM+8ftSO0=
5xxx6l/J2r8=
9e+6QXPP9SA=
Y3OI8SsH+1w=
xcbAl1xSG+gWU9MUTz8ziA==
kSRcv38s70I=
DVaKleY3D6M=
hMMu4rg4yZ67XT8dWzSorQ==
Sum7coX/YCJDi/xykCmw+A==
unIwN3UX8/c=
OA+on45+yIA=
FGDvgXABclI=
VbqCEN04Bvc=
wC7UuVQPbXs=
ZT6YSozseW8=
fmspD5rKkJY=
KnpkUfphwmA=
rmEec0wO6dQ=
wNP29xCX23E=
bmOldn0bcA0=
LkjWPhh/IlI=
0MbMN7Ke2Vc=
xR7Yezzamv8=
XmVsZV3BQkI=
2gSdqgZbG+M=
f9xsjR6qG1c=
go4Q+BfPhic=
tyXTgTqWG6s=
D3LPBq2sDrY=
BU0nkTjQBq8=
TRmadxmwhP4=
eur19XJrI9E=
MbpF4Ni+F5E=
hbPAbo3CCF8=
trinRpBPMCg=
lZbPOXHyEgc=
7iycoCIB5Ck=
fZVR+2FPkfk=
K8n6F69xOFA=
nMP2dvjtijChiUqX7NBwGg==
5qqntf/p11U=
LQGLktc2MY4=
LS9d5m9fUPc=
+CaQsLa4e54=
Bgte805vKoA=
/tDxsbI+C3M=
spkfe3WLH3E=
oPYIuvboVVQ=
bKHlf+0KnfgRWDbqzNOZBg==
LbhhKimR1rQ=
5S4z01lY5zQABhjiDMsBuQ==
RjIv73+UZFaaKs0HInUrvw==
70eZIUnUvPI=
gdN9TgWyuZY=
sF9IkSLZ+NQ=
gOQfV9531iY=
O3+Be3e+5TI=
B9oy+Lf8uU0=
Nr6glcrjq58=
8scnf5hux3c=
ewbM2AKzACVwDiILGIdMpQ==
2n40aysitNU=
xNmIhAZnb2k=
Drau4J+Hy9UxnY7v+CdyAA==
43XDrkWZENY=
1nKXPp6kK1s=
PolK8NsLlU0XzclCzaWqEQ==
J0YFG8nqqOU=
Nt7pNTrDBAc=
Vi+E6HtXJYY=
yQU3HFnZXRc=
YX0thDjEsTA=
ozUYX2QOpzk=
WVJdOww0abU=
3mbKgD7NSjU=
Wr0SigYvwWw=
vVM1WF2+Vag=
Y+eF47X0YPA=
tlmAgViut7me90vosGp5iQ==
6bLggRR/vhw=
17tTBm32Gs8=
1qxR2M09O4M=
6ssrOBhazCY=
8kc/5hGF5SY=
nxWSH+U3M4395J88DrOBrQ==
NO/Lk4O1Z40=
yvknuQXpw+4=
jBZCa1k3bZM=
1VN0dimg2awwefqMnnFS9Q==
7ze4Kjx4alA=
+cecUgcyXro=
J1QcATtzqMo=
vsxHbHz4EuzogAiFY/VRuA==
dTsUOt/beMs=
F1w2CWXrPAQ=
f6TA29XADzA=
Gh9ADmSvJ7w=
Ho4DMsuke/Y=
tBUP1G7TWoDRYjYDjVkJNw==
e0DUAGLDgu8=
4xZBDRNUt2A=
q4b3FeI6y8I=
UYgHn+UVqnQ=
UkAM6F5xfgI=
8j5cwX1I/i8=
oaAMxeFzkTM=
BclA9+/fVtI=
0rTXjsdHJDo=
3hUKOfsS88Q=
uCA0tqcGMYI=
8q5DTtXGGI3f1/6KDnutVQ==
7wjKPO5DX9s=
ZgZrOfyMjbs=
bXxGOodxsq4=
TI2MFY+pog4=
/NArw4TV2fM+kYUIV9x/ow==
u1UEnWwfqU8=
UQLllAqqLPU=
0oUSQfU7vVU=
FOqhSYzKHgk=
FpWBt+aNLd4=
gUreVYbg9JY=
AtYC+M+AA+o=
QlBANWRQXOY=
ICk2MSmgp/c=
whBZKaWx+5o=
bZit2dTRvBQ=
eMbrzNJy090=
lk/OvDcQl2cbTz4C8hzTsg==
ekzhgrR9DiI=
mt4J0sZ+Qz3a5JvdCr6XAA==
XnFZIMZ6Y8GXsaJiede6Fg==
5KLV0JI3vAY=
n87/CN2NZUI=
LDy5Q3qLPE0=
dpYEWnPUTrI=
gxJmDseQ3vlI5bLB8eOZgg==
2keIzM6KZuk=
KoaggXyttn8=
Ot2GgEdVCFc=
fbrNcd+iMPQ=
IQ7uqUHrZTs=
lgFspg/VkzU=
DSYd/4ggKpg=
QUXdZ2Z64o4=
Tonxhz6j9Kg=
0YXNYB09SMU=
czZQc2U0zX8=
fbM4vUhmcXtFTGnO/zlP3g==
or4noy1TYl3mfNDoTEjYkQ==
wcw53bwCiw8=
4o52CYrum3ddJXL1e95dkQ==
Gspy0Vku40E=
0KpDATXWoVw=
x0jOrpW6qbfsUlrfL5h7DQ==
O/E4Q1lHiCSD1aOZE1Q9vA==
6knSU6qEh8d93YvdoVX25g==
DAirwuyMfTM=
10FW2FUyt3w=
IFgQLa9djYI=
st07YES4VeQ=
8rnodwq3NVo=
MrYSkvXFgUo=
9n39vsx285zZoU6CKhosTQ==
vxXb6WyMizI/H8k0UUwkmw==
MUOluvyoKwY=
XOtvN48g9Og=
xY50kW14jPk=
79YLQOJMH6c=
se0Giqicng4=
3/th6pQ+yPk=
omu9bLBRlyI=
wIIRPI5vYA8=
tX1IRkB0lBo=
XxdjPDXtbw5qBjhMdtDIdg==
WQ9dt/yIJjI=
T5+VQuYgTYCMhbupPmQURA==
CdStGOb1+28=
/mgk+G1o4i4=
5Yl6U9gQJ+I=
Kl3xUMLHRR0=
jucH9/fNVN4=
qcgAPYZU0j4=
cKhwXVjt+Qw=
s58tPPg8n7Y=
ueEXpnkZu5A=
7XQBxmUN1A4=
mJzwT8Qz2x8=
ENw2yObTr7c=
pfDbQsUtvMk=
U/z0XeX44vSKDA8ZUsNCTA==
96/BT7hbGQA=
465Zf3cDk6CHHor44zGODA==
JXrhYIH/TeY=
9zfBZyRRtpZiMt42zJVuhw==
r+vgUQpUPQg=
Qsp6IEUePP4=
gU+F5t2xtuKIg3Gs//52SQ==
TA6aIZC0//M=
aJh/vhz8tbln1bnWVCu/qw==
Ao4W7f2A8RA=
5OQm2ZggW4M=
Q4O6JnlKMsU=
LQxjNUQr9gmvoETIB2HkWA==
6eqgdcvFHLDQz0LG0Gh7Kg==
DvNmya2sH8g=
sFmS6CXPY0Q=
Td6nb3+VX9k=
JYUGHTpTUePGR4OY8kgMTw==
qJFEw2jYQFuofTsxtw/LQw==
T/EFzxvv9Eg=
WryzNGHVqiQ=
L2ZaN5A9Qnw=
LrpvaEu+H/E=
qOXxUiOzQFE+ev2703LrZQ==
s1GKpU9TqHqKMRNI0TGQTQ==
xzV3kRBvlalSfb4kVM4g8g==
hmQ9yY/adCA=
C+pURGpXFLY=
sajh/diUwnKxSYVGmNWjEQ==
gJraZLqablSKujTbO7cDmw==
fuNRR7EYXOfuDGsek7kDFQ==
DjNO9HnhYI+Cl94fIF74Sw==
VqL78OZ+sR1nEj3Sihfcag==
toM16cue4ASjBVBZiPuJrg==
ki0sPn5K69A=
3PIynxLNWKtDr1YJ9gWyQQ==
2UenS4XbkzaXLZUtEFgXMg==
Z6wVS8hHUys=
M5eTUACQbmI=
DRzpnduoyN4=
Avj1VQrz0DY=
zJLLYlcTb84=
PnCrpSIBPow=
gI6voz0/bcFLaEQOMwhEPg==
TBNTp8R75QE=
6n2vcU2xpWPUBqLT/fdbkg==
6n2vcU2xpWOls6POj7OAwQ==
yri+72sekmA=
0XeVdBbvoKU=
Wy6JfhNGcIQ=
l3dbu86SP60=
Ga56nr2Gg14=
qawlRRUz9+Q=
Ga56nr2Gg14=
hpQaY4pGsTM=
pdXIdqdvum8=
sbkKgcpoxHY=
wQhN/JCb92BVOv4JcotiFQ==
QOdjw/y4nEc=
8kDXICsk6ms=
l51bx/OLBZw=
huKb/wb74qI=
9NLiAZpk/dE=
r4IZ5obmNlTDr4kQ3laDjw==
jlX0sBrUIUJvfgqcf3cnXg==
UkDw3f9KPTQ=
OrXIqh+0S94=
5Mk/XH7seisbtncmLCY3EA==
68/BUwynKP8=
RRtHlwSrMiI=
am23D8eNbno=
3twdAfCo86I=
st07YES4VeQ=
3twdAfCo86I=
z/U7sTINXP0=
I8dnowNUi8U=
2SVyV93EXBOZeLjY5orwMA==
XBDZo61iGEw=
aEpOx+zSBWIhWes67YdZAg==
ZU2lWd7EPd8=
FwS3WZTPfZ4=
XBDZo61iGEw=
I8dnowNUi8U=
cMZspt5qA4c=
z4esqIxv7zcloUWTy6nm0A==
xgrnTIYkkTk=
r4sT2AiJ/Q4=
C9G2Ya9Bjg0=
pXUwXng+wMjWiOYVNQ+PWw==
lkwx+KtjtBo=
vtjaO6XSfOc=
xfCAi9XHAYs=
H1xNDqLXkQQ=
snZQSFUvE6C6J9m5nmD/NA==
PwccQqoVM1G5SMl5pb8JZQ==
90pVkzcEcRI=
OVINKOwgh4UgqixgO0ZCZA==
PwccQqoVM1G5SMl5pb8JZQ==
LZi5+g/W5xU7Tf8OxxGDtw==
6zpZWKming8=
CcO53qnYFLs=
qaw57/GvTyHgZy/Taxq25A==
UqFnqpHDbtw=
mjeLrNg1Nsw=
RsaBFgJ3SW5/WqZi57yANQ==
GosWVFUET603uLbSmtrdlw==
GosWVFUET637SPyq5KRkCg==
C+hX5lj3w27z+/ebjY7oIA==
+07Wms6za/k=
2vvzy1JRUfs=
heD8BuGDEbMTuyuZJdXdVQ==
L+Uu8p+xLM9DK4Cxpu0Nzg==
RxwhQfkxze6YtfqdhVuPpg==
cuFynBc/b70j2AvGPsvK7Q==
3CLi/vu6EmU=
W7KUkuqV+wA=
pWiYJnNO/ek=
cJhyO19D6Qo=
pFpwIWMgb4g=
Os9Li3Eb84ZQZ4bP3aZxVw==
DfF5QlYqRlo=
CaK2I6khAzc=
AXeXwfofSmU=
fOP6s5hOWF4=
VaT4juKSWgY=
d5HM9JN75x8=
DRi4Nz/Ia1o=
EyuNgQdq62U=
Rml9QwCOoGqD1TF7NnX3UA==
O+o98CquFEU=
IHy50tEdIu74IYiPFt7emg==
vKAmPixL0Uw=
UJSji9Zf4e1lQBw44vWfsQ==
xDBwmZCKkkE=
ZdZg3Wh8OSE=
UBvwq9tvVQg=
AYpte5S+DCY=
Il7RV5es+yGn7Ii4tQAOhw==
QBa3iEbAOaw=
S65tTyJpLOE9Uv7dbyDdhg==
rn8geVso31U=
Eh5XCXOEuMIWLXFA6N4Ubg==
7kM9Z9lug5M=
njEepKh3fs4=
ufP1d3JsZOdxWZkb2LkSFQ==
TxuNVqQYiLt70QEcNWsV2g==
ysGBzy/SiSw=
hcumqC3cIzk=
QfoksN8QxCA=
VTsqSif5dQw+rldl/B3ziA==
+cDuUF05xNvnemI4hYmJhg==
bKuwmmILxwE=
kNcSNQRnt+g=
IjTumPbarLDJmbBM/AxO9Q==
IKqQ6bepNd4=
+PtnvZnhPnQ=
ysGBzy/SiSw=
FsZnUi3ZP/c=
hcumqC3cIzk=
FsZnUi3ZP/c=
8MdYERi3LRw=
hcumqC3cIzk=
ovmDkca1+Vb77OqYAiOoKA==
9kr59vdKHjw=
79WrdwkRPM4=
5JH8xEO6Qu0=
YEU0WfEvEWU=
R1eUPVeCR0I=
bMRFjy0r71RXj1/2JNy8tg==
zNlM9mzRJxRyEvrghucuSw==
rCZi6V8OUpHZwINxBR5JQA==
AZyqkbYlkLU=
XJwaNxLyQn4=
R1eUPVeCR0I=
DYAQUqIq26A=
9ExeNfLrdbI=
7a4SOm5H00Y=
AuxjgUwij74=
uXTN4ztqmqg=
TvyBA905Zsc=
Yt3WCx1V5WE=
Eyu9o4+erNI=
cgTARmJm5bs=
lxDvfDL4XxY=
j/6+MH/Hpj8=
fISs3VIjK/Y=
iMqwxbO0XyIlx/YCNkS3DA==
e43pL/DDQOY=
fISs3VIjK/Y=
T41YnYnU068=
3NFXb8H2rq0=
G50smFOT76e1LN1MPfXJrg==
9P8+ryCh92Yw6h4/6tMLNg==
ybW6i+PImTuXnPQlwmVWjQ==
hP8l5eXK+GVD4QNhwSeQVg==
SdEgO24uiDmc5FnRk13xHg==
rH3uI3x2F2uH7wQwPPE6Ng==
SUORjJceEpGAc1BGHYcujQ==
T4Aba9eQvMNOrnN3XakpKQ==
krA2OrmNNlyOFeYR4JdEow==
JKFkl1Ng9H8P2pEORsxJ4Q==
VW6I0LvgeIE=
Cl0UcwjTrOE=
kPWBh11W4J4=
Cl0UcwjTrOE=
TdeUQwktz3p0GLbCvaspHA==
Ul2C/Rm6eZU=
kPWBh11W4J4=
4Cb5uyz4Ka9IfpieJJHPBA==
NPD0zjHqxjg=
HEPNiOTFtDE=
7QIplgzcpMo=
wXwsqOAUZ58=
UYSqAh1ur5I=
qjlMT6HKJ50=
Lpid4p0btsY=
Oeng091Nm6w=
J075wohLT40=
i90N+fxtuZ8=
euuJrM0E2vvs/2pySx/IRw==
wwJS4gJCq+w=
KKMxqcpW3pA=
rlMbJV65wjU=
VHUjqbSd6bg=
Y41kq5MfH+0=
VHUjqbSd6bg=
Y41kq5MfH+0=
FVkc2xCl12g=
w3cBreJDXNE=
av6UTRlblEU=
sX7RohwM0T4=
HQhJlvvD/HA=
Z1G0VN8otlY=
g+zkzeo/R8s=
/gL/4QsH0Qk=
DNrExnNFnwc=
oyP3+Dw1923Ovs7eWfX7bg==
a6k3G/fCjnTSqfFIEdtUQA==
QuvXpnJ4SFg=
oeRu1NXiGV0=
2JX/Gh0BtGg=
KaBgjvPgNUA=
bFeyvfcHxTQ=
hCSbYvSfhAY=
5Zp3zqNrV98=
xMCBLxKbPQ4=
5Zp3zqNrV98=
U0zy8lGv24c=
VPKctVEzdbst3DcyaCTg9Q==
kxgbUHfGez0=
wYT9qx+zCAY=
ZrfzrRHKwqk=
QCYS+p6rFffy51mnsIpluw==
M4v+qpWo9P0=
qeeenucCDGc=
YAH7XejWy5w=
qeeenucCDGc=
ud8K/q8YYac=
iPwjkkqMvvY=
Ybqnzn+LmETm6a25mML9OA==
3kOJCgJfY1U=
gA8u/znj0CS5catwbKIIzA==
sTSHFaB2sw0=
fxzJD8rEWmw=
VhNKn/d7Aos=
scnSWj1jcGQ=
Xhj1I8IfDP0Fx3LQUFiL0g==
L4iHOL3RPi8=
DSb3drXnY+g=
ihNaIuLdngFHtGfHmOte8g==
0y+rUL+FzWo=
bnGlm5MbAZs=
szmHaFKacWF7z8C21Byl5g==
j+O+tyooj0w=
R3ExhrLpPg0=
RAZ+NQu5heQ2EmBmFAd0ow==
Wq1yUqdpp7A7synu/8KRUg==
+LjMgHerXRs=
ZhftSrY3OkE=
fyss/wlOXDc=
64uRPrLbccc=
is3mqlwYuTI=
DbrbjkiKks8=
Kdx8YLS8MSY=
JlMPF60diMg=
uAIH0uuFJyY=
N2HFV77h8zU=
vKhH4sZpI4I=
Qv1MBVhvxBM=
nhYYoZ6rmC0=
1LJFwqc4nRU=
+uQZcezQJXI=
M4Kk404oEtk=
9bqktqNS0a4=
Fz9V38r9kpi0vAvmD3ugQA==
s1ZmwQ1awLA=
VuGpn/ebTA0=
Wyx4c1EI9p8=
0soKKpgKSoI=
S2z90dV2Tb0=
0kE8vYnMKSM=
rMSzXfZLZVU=
GwfkTYqOLwk=
YAyFXUfD0AA=
AhZdkpV8ZiQ=
Ir6dfuiTUuo=
CIlCkHhqN3A=
IofswNZAj2M=
vkCvloo0mxA=
C6r85sIAllg=
Lf+RQa6odvOReUvC7yIlTA==
xLPgT4xipdo=
ZHfYMkJjfxo=
c8WPEHGgxNZ9mxjqIZ2Cxw==
c0Qq7OubgdA=
N4rGjogPLVE=
q3q5JMTAkkY=
k5oXMS1y0Qc=
frH/b2oNLOI=
j0+HWI/C4JM=
ODFCgU3gX0M=
miMtVfJW06ANJ+UpAMrAjQ==
TB2FSZmeg1c=
eKFSmrWG20c=
eDMt4oQb10Y=
Lrc/0FQqerQ=
Jcb1GAL7K8c=
gIbUoxariYY=
8cxG5YOp0M4=
cAB5a+5w/53D+nqzkyp9TA==
Q/Xnx5873PJmVaKrKM6FFA==
U3XC1Ls9uuhzW0phFvBpBg==
c78aNS5RcQQmYBNSqyXWnw==
NAEgBiOPrDs=
A6m7eI/RUSA=
RvhPy04y+E0=
MrBzVhJs5sE=
0naNeIu2ZqE=
Sk4jBf8aNzQ=
5Z24fhZC0OJnyJGRMmjQSQ==
goEDmET63BI=
q8rnywYyJwE=
hs/QFPuNtkTR3f3VvYYk8A==
6IIATai+k5Y=
go6ZWbmmCHw=
aUH58Ez7QDOp9hr6zgogKg==
4/pyGstac6E=
ap4N2VrOaMY=
7VsbgmynuNh097FboHZQGw==
CFbSR6L2jF0=
rDK3VJjn0l0=
p2XRiP+vhhg=
MLDAI5NEzD0=
dp54DhpBQzc=
JE2X//2wwb8=
a4THs1S2jcw=
IpJq0SBc85c=
r4RRCMkB67g=
aUKA2RRnRiM=
r4RRCMkB67g=
tD1CGJfnEB0=
6cr/l4KjLds=
4N2gVGQVEF8=
pdhSRuFr25fhUF+O0Fdyaw==
/gp0deeAUaQ=
RxKJpcc+ALY=
8e4RadoIt2o=
39FXoSNVFT4=
rbtes8/pmAQ=
cg3GjWvmj6w=
xggyGfFY3phVz43y3CvuUw==
9XQ/mYAAioI=
o7VQbwkumtQ=
v5hwDGb2kEs=
mKYtittBmnw=
mLfrtHLNaWY=
vmMnUJIWiwvLshtgu3va3A==
XM9ZPNG/01eiX5FfbgmbhQ==
kSHWaqBYvUc=
yO59Yz42uew=
8pgT9rwtl40=
Y7HKA8IsRok=
cGt3ZVTk4ZLm5QowSfuhBw==
MWhMnf8yjtA=
9nHUVNySbbo=
4evb+j5wcIY=
B2dTUMd05+k=
w9TuKifxF4k=
ho1Nk/4AKa0=
w9TuKifxF4k=
JJPihxEV+HsmKPXOpTfrAA==
p1/+g4v2cse4dRtjkSigFg==
rN7wFAjBH9I=
JsORcLWLIt8ZYd/PkDkytg==
JsORcLWLIt/OGTnZVcLetA==
sX7A9IN/zC7kGcuJgeZR+A==
wugeu+oLkXImLytXgaOe6A==
JwpFsRWd/BQwFPoAzw6xAA==
GZQorpnEr2w=
cKgaCCxC6Pw=
XSef3wU1wz4=
2VmDETbEIa3ho06n78pLOQ==
noda0iTgk0g=
EZ9qlo+LDc8=
fEf+kdVgwSs=
r6rpvZW1yTo=
koxqYA73wA1KP0Db/XSoVA==
hcPUu9qowcE=
+vNFFoemQYs=
bmTrmyyg9Hs=
E95Vqf4Ycyk=
DuardB7Y+j+XG6UfBtP0tw==
c7uoUphqK3U=
zQuszz0UKyQ=
yuABDK3iUqkWc45m1/LMWw==
2HoyB2Yy0lYNEjC3gqYd6g==
snUck8Lt4M8=
dcIKIfC6dNk=
IgTne0F7wME=
hTB/AD+WpcWhDl2AoL5xHQ==
Qkh8sPcV9dA=
WGu66ld3+Qo=
1R2+OAlvFcOUTtjmaTZ3Pw==
3X+QKiyJ7XQ=
xYRpgLG6Flc6OKw2KkDD/A==
zmBr1gL69/I=
xbb1h66Nfb+zUGNpPTxaYQ==
Cqcc/KnxT74=
DFBdEv/pWzU=
gZLS0+7/dYeSM+wUdZO4WQ==
wgCbjWhGXhI=
UzvVB4loWJY=
gikc3AZt8vU=
xvEsDTJckGU=
M31MtjkpNqg=
gylHAl3FW04=
I1KjDX98WaU=
2YDapIri8y0=
1ppp1ENyMYE=
hfea5vG2sMI=
ja8OeZdxqUg=
g9tSZbBqiLE=
JZk9ppzEkaE=
3+lOprrLfqs=
WCs0BnoawNc=
3v0MdhchKZg=
+az6ufYxGqo=
q2kKk3LAF+c=
pNqEAtyzNZ4=
kUSTsU3scog=
lhTGPLU3mN8=
MjCcOzXabvk=
NS1P0v8kQcA=
ubeLP1mQUwY=
Z4UIbtGJhk8=
gdny//0W92c=
idAUhfUigcQ=
LIsFzMfX3ovJeBjumCj1pQ==
DXOOQuSfrRw=
8ETQcbL85fQ=
phqvaRETMJtl1KM/aG2YRQ==
DWA6ukz95mY=
FG+vGnQ8GUGbG1ZMVdL9eA==
I+cvONdf90E=
UPPzlTRaZktAkNetHTxYMQ==
8cqoxLCDkUDS7UWg9tWcrA==
5qfYdfenv+n5OqZWpuLZ8g==
H0nyfEaV+oBzSn9D2Vj/1A==
v213jF/AWSSZkj4KunQNow==
8lAedl3rmXs/QKXXp/yHEg==
GZwx92O/ncg=
iKbPIGaL0kY=
wd4r+WXCIBRvFYVaP9Tqkg==
YR31IoSf1OM=
/KKd2eSrN5zgx3S7nBL6Fg==
/KKd2eSrN5xAQCsl5jhpqw==
E3zVSaoE6Us/CVsl0AQOeA==
FOhuqOOnX7xRPMeUDYNmBA==
AxjEvQIo0UQ=
Aj87OOWi0YM=
D8jrWuKLpoo=
60xXKAvQ0ic=
7tvVfTNLuww=
22hhlODE/OU=
9j9DmYyYHgU=
PX4zE8Y4gaQ=
aT4T7FAGeAU=
1Yso/Pbojow=
l9o8eF+9UWA=
ccREnaBYx+U=
zHxDOFolmPQ=
HUR0GGu7zEg=
0Wtz70nSDu0=
afw+qfkbIUg=
DIkugwT/DOc=
o+tKgMwlm2g=
te9xh37TLsc=
eJ1rmoBpY0ABU/vcSOeMHA==
G2qp9w+CAv63cDCmC66XEQ==
OJqRDG1O1YE=
OfY4yhlDUjw=
fRKMiGmv7Ow=
/7B6q+8y0UM=
Kl4bRLGoFvM=
aES/LjBSxyE=
HGq35gSPVog=
sn0Etl6uJSc=
ICd0Yrcwl5w=
BRYtGM22I/o=
1dyxPDhN0R0=
iVvtieRslfk=
BZ0bqRQPhxk=
ZZICtuBqQdo=
OnM+Ox5LljE=
PtC996uhbxI=
Ga7jJ8MNas0=
p5ZEHCKPBBk=
Kk2u0PPfUc0=
3EccPUqGTrk=
ZVGBdw855u4=
uMr5AqqaWOw=
ZoXnJlWHT74=
M2fuFqHPDSk=
FrWP/tU0bjX7ZIMZ1S5BXQ==
kpeaQt2CsYA=
iwb7m+aqs/8=
d3wsGjKlQSw=
smJW5Kk5dHo=
j7rr9UFtExnu5FogwGV6dg==
R5OITNzD+Bg=
Fhi1QyWt7jY=
PSiyuT4e3xA=
52OjWJ5p05s=
4wYPsAsLfiU=
3QzaF6lOaGU=
yTGOFct6Mu8=
eAtlHSqtRdU=
RcFATb/vfQY=
qZ2vOVpCBbI=
N9RYaFxzxBEmxHAMQcZJcg==
IPtm1mk218E=
YvB9SkOnNDo=
vnSkfpIribk=
Z5HziKq6OA0=
/k68HR0K35g=
F0CudkIjSIc=
vw7I/oQQIqg=
pY3qxXaxcyA=
fnP57Ij5WI8=
y2LpoZUW02E=
HSXJwpk+msI=
piHcMvMQ+sU=
8+dsdNzP+B/8lBL1sNivhg==
p/K1MgZOaqY=
Kk+HabB5aww=
n2Re1Cbj4zY=
6NGnEGX+1yQ=
T5uwyIH814Y=
fEkUVFVoL+o=
RmgdYfSdcZ7el81oVGF7nQ==
ADKlECcfpdY=
mIDF/yvagKE=
k8f1raXT7ls=
6lLZJjnSxwZLjkNRM9ixeA==
VSWtMx8oSgPahH1VwFH7sA==
P8IOfLKGfio=
PvtPVqMT3Y4=
Z6yZn95+nZo=
9YzcdBgtbfE=
bZ6YrErePGM=
ZxEKH0wsPOA=
bV90stbxtdOcXpGM8wD5Wg==
lBZBNfJ+k60MN+7/iwkW0g==
x4qX5xjP69c=
s9zW3suaq6Q=
5q5Euul/53o=
qjCypgyonts=
vQ1OHRRlTN0=
6JWjDwv0QW0=
YdSS9KlCWto=
FP88wTXHjfQ=
Qfk15x+5FPE=
0PLzkDumdBM=
S+oiaVZhMug=
aiP/gN0Y5d8=
hsdo2RrsD4U=
9uzV+6W8yKA=
tvXqhs1vGqo=
TwhTYXVFKm0=
2Z0NIV8fJOE=
pSEDyXvEz5c=
PZ8V3Hpn2LA=
pSEDyXvEz5c=
dEwdLdDwrZw=
22o1vwBq4lg5o4i5+u7bmw==
T1kiUUKlI8Ayw9dp7evCiw==
iWgf//t+h7M=
RHFBI6ebA5b6j0ZJiMMPwg==
kYd/wN8H7/XJU6qIvOg+GQ==
ngQLw8Etato=
l7gdyHLSJAkZxvv1ZnLEiw==
/ZSvotLRihvd31UYLhMZuw==
tgFDNXujWTxoCGuaExd3jg==
JJtztFdsHcg=
dANKaOzYio8=
QUZ4fTx7nX8=
pa/7u5D7FAs=
muwR98lLP9A=
2qhZ5JRZbss=
v6XiDCfwKF3nYBzSAVCSLg==
UeHE7rjXFT9cTRyIjKqQfA==
MbHa1mhoBTQsh/MYnrZIrw==
GBDjp6GpZkU=
HokjDvd4EKM=
7NOuwlSwMzE=
9U+SJ5bRNuY=
35aUEpEqSZI=
VcdGt4n6lYU=
bgbemJyI3YQNZuXR8ONhUw==
yuzoeNXJvrI=
VC+uQoJylpE=
vXGubZcWvPI=
d1zTsCzEb0g=
mKXaO1+m0vI=
ya22e9+0wW4=
o2u3iP68RSk=
7zhYgZqOzOg=
GKoF0EJBIfs=
5Ul5wn/utGI=
nCXGxyQpFYF119j6HtKx5A==
c8QnFPu6vbw=
XkHmvXusQ3E=
reUcx4PCKFwnIKXvbZtnOA==
LRbULjJr9L0=
I0TjNnEUmsA=
VJebxk+WX84=
7AmergHh5JQOj01fSwBmBQ==
xAlWWw9h4n+Z1fj40hvozw==
QMWxh8D4c2X+LlokozoMfA==
c+GFG8svWanSivMEkQJDFA==
M3UI8irlfMw=
0AIUSgnboQQ=
k1U4DRvyRdh7gN6egMuzWQ==
2N8ZiG8uaDXBpbycZ/02og==
5rsKK5zlwoLXP3V1uAN9ZQ==
hNSXVm77UDkQfZKmCAvDFw==
otmVAcJsjQI=
x/9TgjytgVQ=
HhDb9pPAtAcLeDdi990CEA==
3c5CZwh5Rdg=
9ymul7zu2uc=
P5dtSdxOQ88=
Qm+kZ+xcpBVIsMYtICCunA==
WCvRiQEjlno=
BVEEiBanwI4=
rLJB4lR8AL4=
t+q/j7AV0lLAipc2Q/79Tw==
zp/uh21+5P8=
9X5wjqw49X0=
XkJdgtfSmUbfKjb6c/OjLQ==
x3mxsvfNgRM=
DarDk8t2w/s=
/KIzDyW3LJs=
mO1pKhQKrOj4ipP5EZstJQ==
Dly1DhbPIMR9Rt/tNRVkiA==
LZ40bPpFLcg=
hV6AD7/yB28=
+PvA29E0UaY=
IY2ZvV+RY0o=
JOMjrnIN7Lc=
AfamdFXdZ6w=
kuHr7v849iA=
+ahuu7vr6fE=
Ct/xq/SWAc1UoMuQGXrYKw==
7hnQoq8Tc++GR92UvuXKBw==
1/+94jtmhhrQjz0rQFVBWg==
OCfOFTJvRCM=
z++tkckPDvS6/Yna5X3FfQ==
r3amVCDWeq3mgAW8FmCACg==
5Uu2a4l2Rc+yZ5GF+fs2vA==
ZPEM+HnaOPI=
g0CQhntled0=
lvTITQUc9cjjCsqLfXeA5A==
sfOfzkk5C5g=
JkoC+wYoIJw=
xhjpKfkiWc0thHziRNy+xw==
pjOdPIs/XSk=
uulPv008iBo=
WZ8bT759TYc=
j7EPlz9lUBw=
teHb0SeECiU=
wtqnPse/B0A=
JJFgQi3B808=
ALQQGD0LqQE=
JNdxDQSQoZE=
j5bLIoTenC4=
JKlSws0Lr4E=
Ci/qrUGAhOY=
2uAP7GT+a3Q=
RPrieZBQqaNJfQnvpgWOKw==
G/XfZaSi3vk=
SEYjxvz+GVg=
eFrrjYddhtk=
g/LV/i9VHnU=
mZn7cDNjrHU=
WMeN5zBIkYs=
TFIfVIE3I3U=
oVRgp3UIDhg=
epwRNTTBeok=
OmiHSDhGNPME1EQ7Uw46Iw==
4S5zGnw44/G+GAKQM8A3Eg==
EoXT7Ngz0oO4ad86KWTqMQ==
EfkbJTf11GQ=
2l4G/Ipmxp4=
6CHwDurdoyk=
gapOuaHFiMY=
7mR5Sodc+yY=
8eAdFNaGHvfV2o26g3+2+g==
9JaYFe7lsJ/Nlg72sawy3w==
j0dlhRDhoXlNbeEmveRD5g==
lu/VPYI8lSc=
R7bVxyZJBx8=
ApmifUOby+XssuirDFRuag==
QosyzDiD+gw=
GNEYD+yqTlQ=
yRM0H+wtCfw=
umTAXLCw0uo=
BJNvN6lu0Po=
ctBcD3xYm2I=
wN+vABlERGY=
KTAUoBa21oA=
SmL1hQzcPdJoBLiRLVn7Fw==
3js1yxoxsMw=
hp5hqTNshoA=
p01IS9i2b70=
xcb8Sy8W1ug=
lTEjJPgpe40=
8O4KHVIGF4c=
DLZdbv/sHc4=
82lf4zYorH0=
U8xYDAP2V18=
MVUpzfYP9X8=
si2ilkmufRA=
MVUpzfYP9X8=
Q9WN1/B3Gss=
AMY7CiDNBDl1fa9/4y/RPQ==
Otl+NWgz1e3/zJK2BSc6ng==
+DGc2i6VtCQ=
by8pJwbjixA=
BwmJ/CxR+Bk=
LT0lCwFdGUA=
WV8kytJoWQc=
czwvefUAflc=
/pf7P1gjiTw+vGI/cSMCeQ==
9Q6BoxBzLBo=
0PMXWT1Mvm0=
3qcNhsat9tQ=
o6I6trqPObg=
BQpvLmmaVEzWm/SKZSofDQ==
4kGezrFbAvI=
qLWOVGa6GaU=
Cgqi+4ReauE=
JloET+CHlX8=
M1XivRq2iFQ=
bZIisAdEw04=
BpgiibeKXKNBlCbIad14bw==
7h8xry+Qj97Wq8vjljUa3Q==
sk3dsmUAIag=
LRhPel51Wxc=
Tu/8KISCQOc=
yNOFNItOvbo=
yNOFNItOvbo=
7LplkyHDgtE=
2GIBG9Soji4=
UrAl8D0gv4E=
8RssJnxxlyE=
4fVUf+Fn8dI=
KDQvsASsQ8Q=
38rLYLRAdC8=
MVUpzfYP9X8=
4hqkGY8ODzw=
T1/tYhEg778=
OKdPLL9BKNQ=
SNB89HS/67Q=
D8Y5A+BlIIo=
SY93Fg7Ues4=
JlbAR+untTY=
qMkWJZrJX7pFnxmEd2ea0A==
ZTGGfUVfxvw=
SSDe4fdR8Ag=
786tuThf2Ic=
jQYikqiMuxk=
yKPKLzg4nbs=
6LcA8y+8blQ=
x6y1EvP0gJ0=
1DhF9DdNf4k=
jxGThXeDZ40=
6AVX1lGaNA0=
ncvIMlwcYnM=
PZ8V3Hpn2LA=
b6WkFQnMdGDkgu6nrF86VQ==
8jYxCRWoJR4=
L29rrXVLd9A=
pSeIszd6GEo=
/iIbPaM9GLc=
rotYQzl1dTk=
rS/l0KloKe8=
O5gc4oxsAIL9eOdS8LLn3A==
vg9jQ2vHbgg=
Xc0AqcJDHhE=
jZQGvZR1i8w=
KxBNiZ0Majk=
EUPWRRJZFvs=
ATFZgExUiFM=
0k1DGwhYVuk=
fAgQM+5psQk=
c9kReu0HVzc=
5EdncxYeTxI=
O0vzg7K5HBQ=
X9iIogUWDE0=
exlBIyTQ0YA=
st9O6Aq+PbA=
xeVPFPtpen8=
XUqNr/4VOxc=
pN7qVGuYeVA=
FZq53PhlMAQ=
+n9wsjeobP4=
xOm/XzgW/y4=
vNpWgcckxqY=
X3j4DB1G34Q=
ZcP7CHhMnW0=
vRV1OJD3Auk=
OVnW9TBoRos=
9tEMkID93lY=
qKyCAM7G/l8=
2ypBkT0vzJc=
F+aNx+18RTSlAerl/5Wbxg==
gyFh86QR32o=
T+mSHpTOWi8=
AMeYOInN6oA=
IHc86r1Bunk=
9CBYzfXQMcE=
ib3FgDr6qr/Rk2+Eo15xZg==
wCwEvYHLrNodegqrR5EUfA==
vzmAWrea2YnsRmXaBZqWuQ==
+/xeTON5rKU=
QLJ+KstG54Y=
+5Sdu0L/TEQ=
UQg0mVGwjU4=
fIFFnGai1ck=
GgAEEMqx8XY=
3mbv4EIvZpA=
KfeCCKh1oZo=
HC6FupC3+PY=
b5OA6iuVJWM=
q/idRn+j2Gg=
8BT/QWTX8ec=
PA7oYD7B//8=
SnzC0NxYj7w=
bVd4Gq0Fltg=
LfdcQnfdSUg=
UDUrUj3nHuA=
cRDaw6qoRLs=
IwrkQgeE40k=
SVfNFzr3vbNlBqu1zoTsKA==
SstUVdV7dvU=
IuowfHobDYU=
iPPhNRUjidE=
lVZoA957YHI=
APXZwMBz71Y=
NnPY7dGPDeebiJu+QdpJxw==
Ic8n1VJYFvA=
sUjNKb/p8g0ePBOZExygZg==
N/2OmezEqGE=
mBQeJR+hhr0=
K4TnczthdcXkcjqeTwEwow==
YTTA/QmQaQA=
39ZkDY5RzZc=
MGD1o6X9aPM=
6FJd7dWn/J8=
ZBZ3K28jP3E=
MuIiAf5R7+s=
7lNwSBJr1Xs=
5m6/vDOCy4k=
ZMQsuOkQuX0=
P2ZmdPvcoTk=
25x8A+Gp4lA=
ag9rOUX9d1Y=
1pItZiO2/Ds=
1RN2/2ti1Hk=
qV0x+hIKKyzWyk84tRezcw==
vfzrVtYpSZ8=
htmJtclTwaI=
uy98p6jnNWc=
8FFMp+YfH4M=
UjO+d5ojajs=
XaBMmYHfYho=
ASFc1icn1NQ=
5mJyJiHAeYo=
hVttgwWI2gY=
wHmeVQHYRNQ=
UJgipRBzd9Q=
T8GOiE+0dmWQZp6qxYBhVQ==
8pRWXypN11ikwHFc+CkEiw==
3bZRg2JeNoo=
sgyxi7j75pU=
oPGk5HzESoM=
SlpR3F/ArVM=
DmVja63ctfY=
s7g6zXk1Y5c=
KgWdpSjdaxE=
ZpewSwT7TEg=
l+h3GuZprb8=
DSfaYz5YzuI=
LqRZqJuX6EI=
5BU4g783xzs=
G2mMguTsgog=
ZJ7iv6QC755gDuHrsYqenQ==
2kRJZomr6MZGjt3hDrmyxw==
L8QCcAy+us1hh1zK4za5jQ==
58PNzM6tkmA=
nyqRTIB9aGU=
XpuUSiku7h0=
nyqRTIB9aGU=
3dAHs4Ms5xI=
0MeOMKX5ouA=
9ZH6Pxm5eXo=
ypmh8mSLARE=
vk1Wxg4qIR8=
QZWJr182ZAA=
bFMMqHRpvj0=
FdqxIfaBfng=
iModyV/D5kI=
3QQ8CsH09ag=
3S4MKLFKSus=
dLnbjk07C5Y=
Rw7UztvOLkw=
AsdBlqYvhV4=
sXseq98Hk6U=
7XXAur0W6KA=
RtgGY9528Y0=
pjY4uDW5sdU=
HixWoUCnEto=
5OD2Vi2OAUQ=
pV0bjCakPsI=
ANcu7jl8aj8=
Ko48B+MVCqk=
M+Tcqlt61z8=
uJbcD7ColRQ=
ByQhLOUv4K0=
iJEZT00sGHA=
cIMiWAKheHo=
v6/3vC/VghQ=
epfKZq+We+s=
B1ncusGCTwA=
h0zwVZxrT9M=
wrsoL2tgHFk=
Ti1a3XYLI8U9Zqc2lU8rVg==
rz6YbSyGnok=
4HnfIPoBwPs=
iQ7XJMfRWek=
r7sfGUnlFmQ=
Mf+eTmgMg1U=
0FL5duruNZNv2cQ9V9m/nw==
sW2vdWEViDw=
EBYQ+bAmzYg=
v+TxDCvbp2U=
5lmTqiMvpVpR7a4hKxlPaA==
2ywUk8Y5en8=
ykXTEpoi7L4=
jtDsA2ySnRk=
XqUkq3fEMxa2xepY0ckUjw==
FdILSEB+I0U=
K7+M4oH3ZJPjN52Q80HuDQ==
gtqZhe8BLuLW8h2Kqy/bsA==
gtqZhe8BLuIE/lxvMdWNCA==
ZgwTe9waoo9ONSqYpb4OwA==
jvj1QJBIbRg=
fF/LuFfxce1tZzZC5ElPRA==
t7hqSRCTYdOihZcSYsD+6A==
zyUGMyxl6jgYN5vRGoSgRw==
KUeCDG5gTzbZ2XepBLbeQw==
pih3jz90PWpE9zegWwiO7w==
j4YFYclXIl05l7w3kQIGWg==
wT0JxMbT1VhZGldTKTHbpg==
AYdjKqZuEHFTU7oMT1cxFg==
CZqkIAHsnSfuiYpyvJqcng==
Mg8/lNWDvVOsZdcyCu6BwQ==
Mg8/lNWDvVMoWkuly0uhDA==
RTOlQ8Zr7AdcIy1XW16Xog==
wL0nZggbK2A=
GfJFqc61SwHmeOLPAFs0ZA==
j8r2dbM13ik=
c3WPEygPS84=
G7n/ps/QS0Y=
3OYvJezKjNQ=
lI954KSjn1c=
3R+usSgCAOA=
HRcNmP+G9Jc=
i65u+bS876I=
v6YOIztlpVk=
pi/f6Ofuagk=
SNnr1AYPi5I=
8sR+8jKIr8M=
iHjxOHHwfG0FKiVL3xKhmg==
GYkwXnWB4Uw=
VV3UAbSfK00=
LixgQKHP2dllMc4jngvZeQ==
czSRTKJIBXU=
o/pD/zZ1eQg=
LZyI4q4xHEo=
sOt+P6S4gMc=
ZxG8NjbhGGY=
9hsoKmQFoaA=
soaQRhC33HSXACG9oM+IiQ==
OUcpOVO/BGQ=
gBiacEdUoNw=
sNk9ZLamvfc=
5avb+erV7c4=
m1k887wok4o=
ktgz/bgbj70=
9sV6ESH/qpU5UcvWg0tsrg==
4BdvWd3CBF0=
J/0g/LL4/Qnx8Rl7ALfHfw==
WxMpsuUhMQg=
3lIamJ2maJE=
qzFJYzvSHt8=
9jlFNvKmBRk=
k1hhkdbzRiE=
C8lpAiyfRQQ=
uQS+G+SleEQ=
LzRYa+F5ENU=
YHSvjF4/Qio=
2lFhfNITpOY=
EaoEP1M7oeg=
QyxOu5QQ7aM=
iqzC3+rYfbg=
4qXseJIB8t0=
UQDFjnvu4oZ5V4RlHskigg==
Wz6KXP06kHwD3U2KWRDgCA==
/u7z/EdCfQA=
/WGYYgYewYQ=
wzV2onWDFgezwuwIh59bRg==
QnTS9sllDoQ=
0pMREF0Fzrj+YXg2aJJaxA==
rBjEPOovTQ0=
puM2nZrr7B8fBWtET5X8SA==
jqrLdGYmJfI=
KF/J8l6J2M8=
Fyd75XPy+Gs=
JZ7tds0JBvJ29TsPtdShfQ==
qW1jhQahPqY=
WpM2QtmP07Y=
8I74qsb6Uzw=
ToZ3HGjTBPc=
D//Og2eELFc=
M2JQvwyp+Ig=
CkRWS8Sn2wg=
9S0jR9vGQODEdMQF7yF+xA==
M0uiEWT8klq00F2lydHVLA==
LHn00r8hY7D6ONTBunbVNQ==
s6L+oNwtpeg=
cq/DLzylOBX7Z+o61E1nbg==
dX8Hj9Usmg7rgyNE9GZWUA==
YCzwNmP8PP4=
Es+d3OJnicY=
vWsk+tQaBUo=
Dhqpihx49vg=
F8gHMCBm96c=
V8Y6jiWHFkk=
tZMymmDM8DDo+WHPi3ZNNQ==
GVYdTM77L4o=
sHEqLnl04gc=
w3Rs92jAJbc=
Lj+8P8awnWU=
b/ng+ixyzmS6Kfpm8Nz4jA==
Mlue2hruEek=
ibqjE5+p+tI=
GVcKsK5SvHw=
smobTIzhTpZQ0U531ngTgQ==
uoBpBd1MOtI=
coRndkD+6RQLl29vRwwa8Q==
1VUWnD6/N+8=
SovIdAJo2RKInATLasumOw==
pP9x1X7jst5wUUtXy2XT8A==
qMTX/kv0ELD6VYYAGgNBOg==
jhYbXVWMzYsDkZYYsoirkw==
0knHGCP8OXCP9H8RWcDqTw==
YgS2KiZMtXV8wIwoAJssKg==
bZBrhcyVTWFdu0KIYvFMIg==
RI2eK3Lm+Tg5Ya++XyNZYQ==
mtVuzC6KWKEInHObjkCOyQ==
NEzomcfB45E=
ROp8Pxg3zHs=
Vy3Fw1g0/0A=
lc/PRbCgGbzeREh61/rSow==
BJuE9tjkXTrD+hrgCajrpQ==
PbdFnPRNpVQ=
wbhsB1ptRwcAHtTKXU4IuQ==
Uc9K/2WaGoE=
+MtjTIXolJY=
lYzsd3MFX9s=
PhYoJfDmGWXIn/9hZ6wveA==
IJXAsQQsW9pue0WSMb6csw==
DSm15Tg38Kk=
nxomn3gx7IA=
PB1BfFn3DYD2lorMJWcQ2Q==
lYzsd3MFX9s=
0LVWYmrGpTo=
9WQhe787zk0=
i8wiQymQlrVrxC38zodW0A==
kEQAicoukmvx9a3zYFDmVg==
obaDJDiRpS5qqx2lVfNNhg==
5Jv7uI2oKQWgVyEk9OH8oQ==
5Jv7uI2oKQVhfES8CqP8Cg==
fNa41uAL7848odCgijoisQ==
WSb0MlbG1a0=
Mnhlw7pMSK4=
ZHYtm0UCCyZJYmCV5t4Kkw==
pxKru3cy8EWlAwDj+InR0w==
CDyF7OYvGkI=
nxomn3gx7IA=
PODRU5T5QWc=
RdwK6/rPtlc=
iXFQSFBCmCHkOtbcZgnUKA==
pOCoApq8Ogc=
CM6wtZhAqbg=
NrDn5KiUGNE=
YoKuNCvj+2tx8hQNKC2IEA==
8OmVEc2g6o4=
AhKcHYT3yvM=
BEwxRic2twU=
gjIfi6DI874=
Tl34fjKJ5fM=
hqywj7nVB3Y=
RXpgzbFz6+A=
jRX+zYaV8CPEm3TkRmkOGQ==
gkyoa/7/wzw=
ktbfbgyDhxs=
bb1SqHzV9g0=
fbB2nD1BQoYuByIdYcMJDg==
Jk59bV9n/No=
09dsjF4nS3E=
EAfwLB/MXlg=
9XTBQuHMTxU=
/RACXE9TcfxS6m6RA7x/Qg==
sUygThtQnOo=
UphM0Buwb0u4M8uaRe/DGw==
FAlDV0d5vFI=
PEQSACBK8MU=
PkhOAAmZ+0Q=
T+TASQSWROxqDEtXCcgIEQ==
wZIg8Wzgs6c=
Bt4AtET/r0pQXP6lvBCwAA==
D9FXzrtjmXc=
Au56z43D2QU=
IFM3SAveirAFK8fVU96ipw==
KduHUhexfDw=
l97MWITU26I/AoMjD9pHGA==
2EVdEzeDmJPmBn+jmBT4Mw==
O1FWiBkxjxw=
j3yjQw5/P7Y=
jBHXc6EwiIZUarzgdcQttg==
sfqdZIWULiawN+JjPSed0w==
upZ3HwygObc=
Vn4+9L5cNhs=
UVK14ZbKToQ=
ByeLAK5C0Ms=
xsTRKW6MgRY=
HRIxfwUYiYw=
uPg6EpNDVhpeAEf8jdgqpA==
vzAxINxyP51i51+bm/OssQ==
SadLC/bXf/XNywR0pQXLVQ==
QnlF6sGAaUHgK9SAWHh6Kg==
tGuYOoeIm9w=
rS6kcN3LAQs=
zX3i7PyiuVY=
HFVIqMWhKlY=
GLV06Wg0vk7WBMx0LyFXhQ==
ikVjSUrgvq8=
6ejEv4+n+vDettH4PoUkNw==
k67RKuFEQ3g=
/D/PD5r6HO0=
zaIgDtT+ItM=
zvM/tN1cA7c=
wf35k2hudoY=
GEAxEXz+VM8=
Fl+Rk+SPLEbg8NqsGYzmzg==
qoFcYUErzmQ=
EWA2/HdQgQfRGlW6DBwFcA==
uytuXmIRjp4=
qoXp6DupnmhC+5QgUvAS+g==
iUwEUPD8B3dD1BanjFjLew==
u2S2LSNZgl4=
IfSKSWvFArQ=
Y+CSqP0l3cQUWFuU1GbmOA==
z41Q9JNak6g=
ho04/oxvwV+XdtFpapHXMQ==
XUKt/tWL5fc=
TaTFa87cVOc=
1I1/D8NOUyo=
UH7vG8SAfpto+dcPZiCyJw==
lnVe75+B5u4=
Uv5BNARS3mE=
MWI/p/aFBxU=
gmsztXo8aTc=
4qukQ2iwU6A=
VWlygPAX47A=
X0dz/yt04J8=
oLs/wDfiyYE=
LqAXtw3Erk4=
BACeQSxPOR8=
zhAndA269Nk=
LztCJF8sLQU=
TjsQhMVCoqU=
HzdNf3NpRSgbKV0KPw9hTg==
C3Tp+FlI40+KRs73L2yWcA==
jrJo+9+9oW9CsG+7ZW91gA==
6hHf38BBN+o=
XQmbAT2sLpk=
6DxKpMoELC0=
ecd2pPnbZ6Y=
6DxKpMoELC0=
BLodl2jqW88=
vyLtaBHNBHI=
vrnV8p0lLwE=
GO+f2VkSpHY=
2dVQzidioHg=
xb9joMnN4lD+Fst1l8QuPA==
ydnQ7GIPTCw=
I3/EZRxp2k4=
o6N4zERn6TE=
sk8QXdshdCQ=
8lFdwwierGA=
mX3n1oTk7iA=
xWdK24qbC2M=
B9xZlz7OXdc=
ySyT2/eoYSE=
Ofnh8h+ef8U=
mp6qVo1zDrb8vTXzMvl4fw==
/gPt0cvF+HQ=
W+CNj4NNoOjlPcFOTTo4kw==
KLR8V5fit2c=
B38IxXyuAKU=
yDRtCrzsM2w=
OSzW3eHmN1FFqIHVPcOCbA==
Y7Q7hsOoVN+ZNQYP4/LwsQ==
ynCFblLAccA=
ziTqTUNQyCs=
+1GV6sSy4wY=
OqcxQsaNTEI=
hh5Y4o9mKgs=
5Z5LgE6Yl90=
JuKas8xy78Y=
90bjzgD/tSV10CfQKLqG2A==
90bjzgD/tSVBQVYbZ4atfw==
oKIAptvOGnA=
BQ3tgt9T0o8=
JB3UKJv+SpIRTDFy/LFVVQ==
3En29l6LF34=
pfkPMk5vNPU=
luIqSw/rP08=
5XGTUrkJnvFaFBn/2BXQXQ==
u+dT7H/3hg8=
VEwH26cq0yBjDCxgDK3/wA==
7f2d5eKk51E=
MFFnDRLvTlk=
hZSsAs8ccgs=
IapjIRtXKAE=
vw/y8LxJL68i2mdp26L0nw==
418X0lsPZVw=
5zjggr1Axgw=
jMXSUhP348c=
4BS49NGHp28=
EHakqyt7sHE=
TaEmvKdk/Y0=
+Gt2SEHhK6A=
i/M0tQ9JHxE=
IcA32kD+q3/3EoO6IKWp4Q==
99tySpAQ9Xc=
+kfgYEpoGts=
t4G58T8rwYY=
OTnneuEBFAI=
4PnCHjP9xpo=
UQ8SUwCbuo4y/rIWBzvnxw==
ipu9X6p7C+A=
wfRTktKuCENSdgVAIVN3kw==
siYMYddpnVUQ1ztOyeD+ag==
sCeIv62qNrFMPgzE4Ebq/A==
MgnITtgGxvY=
mp8c+hSTiFY=
X6DTbNIBsgk=
vQZ5i1v/zys=
Ws5/bFI2wYw=
UjONrMeN/VU4qcz493FncA==
KTj6AR5RMVQ=
NGM3omyVtMk=
xm2y5QsFukcwAavgLUQmeg==
2tNEfgUlmNQ=
xL+YgNgdS74=
8fkcrMKMPxQ=
m8JZ9IgzFE4=
5voniEo6ufE=
ZGTy57UlnmM=
x38mvTZxVWY=
GnRowK1GEgE=
QHoQrG3/8iw=
QrLuWsNG62BcqSYX6+cSKQ==
7cqMADDen2g=
F14TtQNmocw=
UBpfgHVVhAw=
F+2lgbtvCSsDDsSLmf1PnA==
l46iymllR6k=
OwP1ErgI1yY=
Wz/Lt1owMTflVAN6Vf8OOw==
7S13/RruLZQoMDTTeGQLjA==
ay7dyUZ5oss=
Ts36irPTE7U=
9i5wObdaEEA=
chQGPNPdH4Q=
sGtlraQoz68=
4MoqbmvK9wA=
9JmNrp9YFCE=
+usRdKLMCOc=
W9iH2XJPOzY=
kWPXeqBJOzI=
XPU4tAAdhEE=
nwctyLQT7EU=
1sJGi1XnkRw=
Oq6ZnpG/07U=
c8X2KVdU9No=
jm1N0wNQSwpoLBIVLEBTWA==
E03S5uuXc+H9CWppQBwo9w==
emEMfOs5Gf0huAURx7uhGQ==
JvombZuea6I=
iR9pdQA0Yfo=
hRvEnOxe1wcaxvTuer1wUg==
HWUo64QrMk0=
WHyXXokM8gg=
O6GAEmE9ycc=
2IiESJObo60=
/8AL2+PrtTQ=
a/Xul/ldyFg=
pmV25kpdryU=
DLXTOX0Kphw=
BI1nUkfsqX94NLc/04FnJw==
92YFuGras78=
jUSA9lTdLWo=
dLw7sSAH9UY=
lFYkkiRCmiiCnxIMj2kdnA==
MnXBg27OJV/V5V0TrvX4rQ==
unH88znaqcERmrW4OlCpHg==
unH88znaqcGc5hwb+UmZKQ==
PjwujzP12w8=
Hu32kbC4zRvQE4xTmyJCcA==
0EsM3llYou2GLyFBKugXuQ==
Jx7b6IUMtwbH9E90BVz1mQ==
hEy/m2alhMY=
JeUhl1vcMT68RDwPnbfFKA==
3pCP6PdJDEU=
AA+e2+aWSl4=
6bztaoqYljU=
TurlslczuFY=
4nNkC7w+Mfk=
Wj28citZPjMbj+/umtfU8w==
qhUwSYhwuCokMNaLQBPRUg==
stlrzIz99ks=
9pxEkNJNadR+SXeb4S/R6A==
lD2wHnOKiyp7zkb1Ynijww==
Bwbn2IQltH9HUPay/Jk3Tg==
HnZZToKmJ8A=
6VSK8UR7Lqo=
27rA83qtPG4=
ZkhaLyBVRxPXyWVaPtbdvA==
ZkhaLyBVRxNDesq+PzWp2g==
bGWmiGaNFCniLCz+giLaeA==
cawnLaxhnYC+JwOX/76HxA==
cawnLaxhnYAjeUHeMH9x4Q==
jZILoTBP+y0=
k75n+X0vvOo=
BiZFlF9OvgscBA6DyT1Rxw==
/ellYmmD63M=
W8ZshnT3pcM=
YmIqQbSZ/U4=
T6s5rPLK9NTvMyksjsIgiA==
ovwqVDBh0pL4HXUNfj8Q/A==
OABi2Ic/n8E74wcO51bHpg==
zv060qR3mFk=
77LZq2mrZ/A=
3nqxg6IphuA=
bREgHOz7WVs=
Gx5FQ/Z2vWY=
Ts172xc+Zlg=
uXCpzUedEbQFrKZXp8WCAg==
1WldHcGwtCQ2d0YsYFkUog==
sostWLi9LOQ=
GPBezfhtn0E=
JDwKRUPHxrI=
4/CFomsv7fU=
+H+T0GRl4xc=
l4kTc+AsId8=
wXam19ioO5o=
r49DsuAclPs=
Fsx0kwsD44w=
I4ne/EDn2rJIIMD0fgQaww==
eJSJtAIjKv8=
InTEl6rCbR/M7twZG5dB+g==
rtWJnAfc9doQ1lNcoLQazQ==
VnAE0oFqgug=
K1obrmFuNWA=
klbr9E5jew3naTSerV+DIA==
8dS/hLpMfuCKev5tfDdHHg==
4/lDYNwmLnnr9XkrCWqitA==
EnmShPOCBTN58o21fre6GQ==
sk+YaucD09ffSUuc/+U8mQ==
pOZAYGibRejdD3a1dMyLWg==
tNjIaF1zad/he7e4KH8A0g==
ErCjNSXWAhG284v+MAcGmg==
0CeYqFoDLvLSOi/gJ+gwpg==
D0NGiGuQvMs7Kk6iHJemOA==
KbRtfBwuHHQ0+WTldpA81g==
p3w71TxStiSbvmA3GBQoUg==
9FBc5B8n8GeAyeg7id2noA==
wzCE2ptNaSoOesr9UTdrog==
iOtXB88oagSMDmwWzV42AA==
/yhJqMIhsSnVthtVbqmvjA==
+Ak/jF9XW1E=
4Cj2hmmzu7nFRIGKzHA3nQ==
/aVK9riBMZVMAsLNMbQqSg==
KjBhEnwIn8y5H3gx1wQjJg==
Fk2pkYoLX8dczS4vqGXyZQ==
R1Bf4LVhkeM=
TP59Cgq50pv+oUbtwhsNtA==
6Mbx4MfUaqw=
ujgrHJEuUH/oyx/hXdRgyg==
m6jnPDq4Qg7JVOLb4B1Bdg==
BtEv02Df0iU=
79YnzaDxmWs=
3AWdV28hZrk=
6MREDJp2l0Y=
K/nFKB3/3FI=
Sy5uGvW3Cj/5ERy1nZy4Rw==
eVRrXfsJZVj8ZP8N/KZJiQ==
2yhrI0vkF1K5YqlNPVrVcw==
WpzJWShOhdA=
+rZ6itdSK71Bu18OyJv7pA==
EUyoFXfpEJk=
zNT3i3vt4NSrqLaZJvJZjQ==
cOEKNXxICwQELLNbeCPbIQ==
aqY9q9dmWtI=
hPpK6zErOK8e6OJwzUS5kQ==
JemW0/ltu2S7lMrXX6CerQ==
NZUzyhJfyzPYgVpBX5dPQA==
KYdX19X/vH8=
oLOhxJADT/0=
1EScE4HE8gQ=
qQmRSTJTLNI=
HQ18zLmsjsY=
n3STk8K24ZB2mzaB6aafIQ==
8u2h7VXKxEQ=
Ms0kar3udOc=
fQBNRyWqvL0nIU5c7Zm8AA==
pMANH/c1RTE=
afkMmOrkPRk=
7qRRiNbs5G+ahKFIvjbsdA==
o1+BlJ56lcwzWH3K89T18Q==
lJWlnuQ5X/0=
427H/2r7260=
sfSoJ/a5gGc/esMebkojRQ==
ukIqDI69a2tuzrNn8QPQeQ==
ofC9z+m2VS4=
bNy1jJgCx2q3FnNVyEic6w==
bAcsaPaLM8c=
hMwxmuq7eRZuhObKzK9h8w==
3iQ0HJ2n4aVt6HKdM3D/Gg==
QHhMR2VMPcdFvJn8R0giAA==
QHhMR2VMPcdzf/3fKVlvhQ==
iHCvnLLm15O9i6c0BD72DQ==
sIiEvUdWtY6c6nAyRNlCZg==
kT41d0Jf+lk=
MeJqPCcO4nI=
z19ojxcnweoW1w8fgDBdog==
T4HYRWhvvbblx4WaQtcf9g==
q8LxNiYK2s2ZrNSmepmmGg==
MmEubHET60pt0xbakvZ9oQ==
yc4rLjufUQXPpjU/d+4j4w==
aT0b4A4+ulKUVIHz+luQjw==
5ljiNRw210c8vbjuG5MYtg==
iwgzuXVS5bk=
kg5OVYJsbDnsHuQnBlPjSw==
RZeGJ4msi1Kx2L/ykSTDtQ==
5/Bb4XHKoLQ6ycvbIA1OjQ==
UBQOY62tHW+JcZlAtLh7NQ==
7CsY/fCZg5I=
KbnRg5pi4nhHIsD/I/RftQ==
F507QcG0Vng=
F4GKimuXbtR5t2UF1NzVzw==
QLdbPrK0d8XAkH4FInBM7g==
dgGFWR/aokI=
D291M0UKhpggvB7Xrq2sWQ==
hAcH81/fwRv2e0GqWSuzww==
hAcH81/fwRse1M2UXkxp4A==
nEDvziPjwoNDXW0KFQZ/fg==
DGumcbRl7261psKSrI+dVg==
VL5O1LBr8jcnb3BLF6aJcA==
ENFvolN+pUuP0eOpXQ2cgA==
dC8QtvjW9Uzm3eRVm1Cl4g==
8rOIO5OXsXA=
wJLhp/KmycyVgUvhNfVXZw==
Hy42qCmaZpW3cygZyvDlBQ==
OrjKgjPv6+7Fpi1c1gaYmA==
EdByKDibw54=
ldg0xHJs4H0=
EdByKDibw54=
dogAT6OIYP4=
1DtDN0hDbYDXsY81whwBQg==
cElIXcdIHj4=
/Lm9Zv17t0k=
fyUH/PwZrJU=
+ue0Lz/8Osw=
pS8YEYMpWPg=
pX0dSx9+H6eNyllay3R+yg==
v/VpB2LshZI=
vRUzGLIE9hI=
Nm/vCmSNHbI=
tAxtInQZGR/uq+x6mbzMXQ==
yFmCp5eilC9Q9fLeTC08Xg==
pDuqfNh+AH+6Q0GDZy7cOw==
AfTlG3jG41U=
BYanmd34U4rBv3DuuEhUGg==
kNtfo1sCi5Q=
6GHl+qrPRLBJsbw1rOKzww==
EGYG41FO1us=
DxblVzM6UtEINeXD11QW4g==
KZ40S8l3RF8=
C46Aw+Dds0k=
zn38sXSO748=
NUDCVHgb4AQ=
V8CWJ5gn1BMVzQ65aTsgWg==
ASaFZbJ+JXw=
jfJOeXLaCi0=
LeFt3JZyvmE=
X0N8xDsb25E=
2vawAefR3qI=
ugxAq8voUJS/3Dk46Y9EzQ==
JybLkVyMOqI=
pwk+lCLJNCM=
UtozEEH9MIcOXaFJ7iY2nw==
rmBqJ/j4apY=
6wekQ1Uyicc=
QpZhzcqadSzvlAWnzEI4eA==
FhX3Z12kT7A=
hyppACA0i9U=
OpjjXbT3Oqe8+oArE9Dq3w==
NL0YOyi/sLI=
Drn+KDTSny/SFa0aWpdKpQ==
Nlpmq74BxBY=
3p9NP1dIl70=
IQuKG9mH+Tk=
oCeiJiFF0lVqMMg/hAAFjQ==
8drSghTXZeRSfDLjEQ5zCQ==
BI592mAagiA=
mAddacunyEU=
AIDoKjC0rD2eyfScuHk+OQ==
DMwC0wxseky+Cnwa4WPlPw==
eXefFthVN/eQ0u7QnFslXA==
tHmsi8XyOl0=
dHswiPnev6jjFK3xHjF2DQ==
KbPZcXAwqNERZFnyx+mqJA==
JHjA6VtuOw5QJNdGCIuX/g==
K61jd9dsFxE=
fMZZ2crXVp0=
oWoUeg+tHZA=
QoJiu0rZyuofd5TOjSQ7Kw==
AsiO83kdOPSXXB3ZD5EbQg==
ePF/nwT0mhK06SSOhWngHQ==
SBhEkag4EiT224hzOkR7Rg==
QwLMld0xpnTHM7/yQcgXKw==
zJbqHKChtICuEhDcpAjUgg==
SZm57cMf0es=
RvfteeV5hWg=
5fnKeuSCUnI=
9FDXx+ADa1zU39st9iSAoQ==
mrEUEj5y7E8=
tbWRU4bHOnzY1/Pkn8Pi/Q==
VSgbp1LgmfQ=
kSC6MKmsikUHGwyNmuUJ8g==
mKXYvFKIUHA=
tCG/OUjUVr8=
zaL6k8sqbBM=
l7pR5zcHXr8=
wUNXZgJrjMM=
PuLbVWr5J7I=
B0WU6LfOn2U=
oyA7HwqHrR0=
6kuqutOyfw4=
azWx76PWSLs=
8lE6iJoZDBQ=
TL7pfNpzDRs=
cjUPkt5xvtY=
n3vgIIsfZuU=
/nyoqnpgScc=
stlrzIz99ks=
/nyoqnpgScc=
CqbTpL5mEx9lX4LI+VfU6Q==
CKRFYQAiNLU=
OH0V23VcEKw=
rPjWeRi8MNdOcLDNJ5ymng==
/G472fEc35HAjv5ENc8/vQ==
FIMXnGMH7cU=
pndjNQs2zzo=
75br+TioldE=
rAZguPiG4l4=
InFVhHQ3pCo=
wIBMS/ukbpg=
1PJCU+QE3H4jQKBP0+qn6g==
u9UFeXbzRvo=
S/JVmH3Zr3YWvDRSNNHmCw==
ETOJKNsgJRc0JRTmkXGS2g==
jzrRNVfkbsI=
OtKopRTrJ0cKhpgMAx3akg==
5+mS9h8PELDvP6keHPQunA==
HKpjsTI6hjQ=
JlHeD23tLabvLq/sFDrJgA==
oYkDf2A6uaEhbYezWjNXzQ==
yUKYhnr4pGQSbhpKcGoK6g==
8xXEeuymmeE=
1mNjtgvWZ7yKsRp3DaBVHg==
y0HVMOVPA8VrCSw+bIHVDQ==
eMn/oH9ZJH8=
Rq2Jm+QxkU1fOlwEB9dW+A==
vgWWyWqeqwxhdwwj500BOQ==
24X3SVO8+4k=
7SNskpsur+FZAmC3zc7QQQ==
u9ROtQQpQp+yNJGt36ZTqQ==
yWTYIOk7Miukc8ZOtz/gGQ==
hrAZfDUG7d0URgBZcrVI2A==
qTqPhvq1BIc=
O6KyFnxO6Vs=
gqfSNAXhkzpzUqZiR2fV+g==
thrfOiZ/TIg=
NmaJF1M23TyI6pDN2TKkRw==
1XdVt4vXGLw=
KSSoP4PnhBY=
6WnNlvqKnwM=
tn9shxW2BB4=
sckWEBSFeGyHtlazyluvNA==
YIiRbmczEbw=
qQsRdvmns0k=
YPFxz5kfYyQ=
V6b/HqSYLBU=
NJyNiHLZYkI=
VMygI4sg3H4=
7W2ieW6XSEM=
cSS3l/0+HOZ4cClTUKdA1Q==
NUcy6cjokCyOHcvUdfFoWg==
aeHS7STN7/4=
Cl2rAhviaH0cs2HKnyDQhw==
q3g44ZWEa3+s+nEd5Ugehg==
ZpPzcEE5V3I=
u9OZYj3tYeyY9QBRTrH88g==
RH7/pj4GhfZAu/vOe8gKpw==
3q+SiC+eUouGXsuCNlGjVQ==
XGLSJetge7FytRyZfvLs4g==
RVcgEN/7WESA2FRhxImtjg==
RVcgEN/7WERFXukXjX5IhA==
/tufPSMzn8gOOQm8EASRvQ==
yqogCVJ6YbqFt0KcDQX8IQ==
CTY4/6yrnot+Z7NRcm2wwA==
QVezqH5JcOI=
Vp0OXjUWSI0=
u9kxWF2OzgM=
ycdZxrPNWW+Py4Ziy/q8ig==
oJHscxGjRlw=
UgzX7qYszwhuLhIDEYQ5Tw==
WTI/jCCuhqM=
/Zyg15Znz+ggxIIM9t/t4g==
AqPPPkYuuiA=
AfMUBkTm5fw=
d/eu/nMLx0k=
7JDjrrqBYNc=
KPFuu9ZFGiA=
Vdc/YRCpDBY=
C7JZJeAwNTo=
LBqk6axn4oU=
eUHjL96m5+I=
grFrogD2p9M=
aLICXWQ4uBM=
lBT07LJsmA4=
Yurh3dNL2SiFNj+9WzhsKA==
pTaS/IDuhg5lpQvYGjdMgQ==
cgJyYKuD2T4=
mJfn+V3BxPU=
ZpQFs+WHr0E=
A3TdNadBxr8=
m071ZYbxDUbLOxJZzQVmZA==
RxrFIhDvZTw=
3PNgQ9gzrBg=
nlQlTB1qTYA=
F0oPZuPp6eo=
ZfTGnJcd2+s=
HUA983XjrKs=
06Jrhe4TZ5o=
UhhRuFveY6o=
lxvrJh1XYLk=
6oQfjzbsdGg=
XxaRqmy3NFQ=
O4QJA36cmzueg7Tf3BTixA==
S7A28RYItTQowsJl2FBJTQ==
l26BQ5WgbCIazsq2ouDAMg==
DccrNfQhMCI=
cBN0s9EMXt54vnpzqQTDeQ==
oiEzANrtwvs=
b/w62uBd9krTWct2yOUltg==
n36CmkqQwFU=
0J70uKoupCM=
l1U67qnlK1M=
oXhhUoHXTZ4=
WvNLMan2xcfWA0Fo72QsBw==
4i7Z+9pWqXg=
InYoKp7hYKE=
HXt784p7+IcKAyQNE0/xIQ==
rqYRJkzWTf4=
tGYI6apBK24hZizOFMD5LQ==
NBkSRmSGlt+Fj1w0n4bqqQ==
kfuHnRFVJDg=
370xFeO2BuI=
cKQrSSXvQs0=
W5ngfQ/bRrs=
OBR1QmHCNrI=
OeRekw90BCo=
Pig1lJhOdSk=
0+B8fwarAYw=
nnAwUYy0fJw=
auMCcQz8pFQ=
IW/quv2B0iA=
nYUaFjk03Zk=
8zTngi1d09Y=
3Ds+WXAIN+U=
p5l5IYcEEWw=
44f/R/YaneQ=
mqB/ShJex1E=
iOV51rjsfKI=
AMUgE646cRA=
oWBi8b7VVAU=
yj9Y8UOrNzTmzKBUX3/IHw==
VZ3Z0GoACpo=
S7xYlMVsHDw=
7o2KsRfoMwL5p0kuSMErkg==
ReVQ9oHQDhM=
w+ixq3SEgBI=
SwdUbf58Ovw=
V/XF0HfSe6g=
ZcbCE/T+FD0=
MBfYyKtXw4U=
o73Fz4aqd5iSN2UdK7/Ukg==
8kwNp6KRpJw=
nMAJbv0yFF4=
DuKTaNx+ubd7Fn1ipV/J2w==
heujidea3kA=
kniQ/iGcS8KkGaBcu90eTg==
tVEI+OWiXCE=
1UzaQgdCDiE=
tVEI+OWiXCE=
uL9IvUTn8jw=
Cp4mvW0vA58=
bdHAd4eImPQ=
eKb21AGGq1U=
bOyRmOu1L7A=
7GoB0faLx7M=
TlSGa+WblDc=
6sXg1z+5SkpvrRjHeJchEA==
AJ+NQJX6U0k=
vbgye5Hzdt4=
e0tYVdotMSY=
DSI7cNQsMTs=
RgPvVjOCiVs=
PoehbNniGGcGZAU+/PevQQ==
+ddmVy6rNis=
wZBjEuGTqLGC8giYQ54qew==
OxzV/OzEuAT5PAJDgXJ8Ig==
k0gkYc7uH7s=
H1l9jtVnTp+bioUzm6wwlQ==
kjucgf0Wmfs=
ZNDpAlvdLqw=
84cqli1dUtU=
0TZhrAF5yTI=
SFNLJZfVpdg=
UNJqCFwvEk0=
X1/DkiJTom8=
itqWIYEMr0LR64800/Haxg==
HcQrmiV/D4g=
PsculsTdwv4=
MOk0/vL3MCg=
7GnsdHSd2Q0=
Hv3jv9BuOfHGLP8o7akqSw==
3ysAnLHS4DA=
5qhTJ4CjrIo=
0e4Am9uA67o=
9vIZMX7elcA=
3ysAnLHS4DA=
bZBW7JnhjXE=
ohehhEOeQAirm88AfeSFMQ==
V+aTBTrXZZU=
vax3Qq+0Bz0=
Jz+jACBN8Fw=
AlvltlLUtXqHDTWTAY6PeQ==
2vqdk33/wic=
h6s8FClgDFs=
T9krV5CeSqA=
+FSsuV8gvUM=
3k+ffQRSx3c=
JN2LgWtCpj8=
FZx5BvmgSZQ=
8XlpnBonb3k=
UMBKeXbbSRI=
rC8ym9t/oKc=
n+rm1hDl7SAGf6NArtd16Q==
qu8xYlxqo4M=
/S77/mbrM96F6yzFkfPhhQ==
ELsygnsyiGcrZR1Zha+t2Q==
JMOHARKj64VxTLozvsV9Ug==
OKosrmWjg2U=
ph+kt6BzricQ8ygM9EX9lg==
hix1o29iUGbw4WOFB5fffA==
Yp1bl87j7LA=
pS2Vzk8mdgs=
5fMq1p7PKtdQLd8LI10zvQ==
4wI1/ed2giHi9ZTbYV5tGg==
e81NIeuW5XQ=
hHVkfg8vbhU=
vJhuUsRWuturEj6X4niVSQ==
dL4pQ6g5Prk=
uOBBncrXcVw=
vVN+uIiicOAJWpa4hGgdpw==
xu9Wzt6Lm+k=
Q6igNZFrat70YztBVzKyLA==
ciBFetvfLB90pdFJbqCgYA==
v5QnA61ysEyiNvLtETPOfw==
Oi25smJXdorZ+e1TdaiKNQ==
mf95mKZKDCxpxjPHRNlzRw==
D2pcLcjkD5LWy7acmYHtVA==
pMPPI4sS8gM=
mBGi/um+CMeWKWAMhvXGKg==
NQfYzJSQioc=
8xp0whV0monCMtRzdvf77g==
XEPkUQhIe/A=
IziT1BR47mI=
RdKgrvWBR5c=
rX1qs73OXZk=
UIDIj0y3uK2VCX/Z8o23Tg==
4DKkOj05PZuinXsSiHbeTw==
EmoRQ939+F+XYJdluLEoDQ==
rLubCeaKzMGy72bq+x4+ZQ==
NynWQSQw0MZVJgQ6R8zi+w==
Ib81jGx85opm6LCtbhyYyA==
hYflz8OR9g0=
w9neKRKXupA=
GW8xsU8moDk=
9lOzAlIVWzc=
X9L1Vy4x7Qw=
FP2bKDddgAg=
zZ+G+17o9aI=
aWKBbUzVGBQ=
pcuCFOLlk0U=
VoM6C5x5nvnr24BJewVF8g==
cbHHNXE1W4o=
eamXhjhg19BM8my5jdpFnA==
r2FgYP5dcTg=
o99I74vU3FY=
0u93WaB7lqk=
85XkErzz8ss=
K3Z/41ZCiio=
pJpDe2C+1lsphngV8BxkUg==
G0VcscSwFFQ=
rNNI8vjIzgdYsqYW8tlq5A==
PCklHEzXI2U=
xL15eDejj0A=
ecVseXpeFl4=
T6UwO90Dj99/OFSmS/iKgw==
0MrChY7KJNCn+xYHxjCxHQ==
S19nBdeN+Pi4EhGkt2CMfQ==
HFlTNMWmad42D5IDgVM2VA==
qMmWuqDqyeo=
UENZFoy3ypM=
R8LYWrGoxRSf6WgdSR8x2w==
JClsq4vYoo8=
o80aXIo3FEE=
KN3YcmukNos=
TY98GdH+JsU=
ZW08KfunZ/k=
g8Hpqfhf6VY=
S7jRJFtCadA=
HpUshqgZZ2u5wBotTi9UXg==
z02eYRRBCkI=
aMh/pQWC6fk=
3O51FPgBZH8=
l52jdWA/nAs=
EBnW9dBbA0I=
8flJfFoDOgw=
fM/2pqrZVjO5w+WsOfc3wQ==
385tH3k7eZk=
KaspWrdAe/GRJ/r9PIqvMA==
IeH3w7FfHBE=
lN0kx8Zu6bs=
ZN4Upasjdx4=
NDGlLcR343I=
EOW7fjwcXKSU5Go+Xx44BA==
iMa2/V7IcyY=
OplVyzlZ7bk=
7UXzuOVHPHQ=
bRBUsZ9vxCQ=
basgK8SHEQXHIPA8lCyrOw==
JFu6WGIxFBo=
0lqzXy3VXtkvcVBzc01JWQ==
yPUz/Q/PnE0=
eQc6mgEd18Y1+t8+4M6LjQ==
U+69s0Ux4W8=
xTuGAT6thyiaIhm4yKCgPg==
eIsGoGb8GEs=
jsH0vvD/LFxBA9M+VH5u3g==
7BbpWyGw8M8=
iMa2/V7IcyY=
7BbpWyGw8M8=
fKB5CQJAJRw=
PkkDeNuZVaY=
OE58CDTe3e4=
mGmwVWtWk+E=
dYpwy/aKalc=
90TuIIRQqHQ=
SA2gXuDuyo4=
NJL4zxpzWGA=
oGDjRsV7vZo=
ZO9WfmouyDc=
Jl0jdteGkdx/jQcWAUZ1Zw==
pmJBa1D3+ZQ=
90LeH29fXmM=
xMtkNd92k6jOQoQq+NnrIw==
wGw1PbrdkYk=
TFV/RSb4l7afkmx3FdYuqA==
rSoOSKAW8u8=
zsh46JwJxf1gJzvXVmGd3g==
yypmBGks2Xs=
LP5UsWH39EZY3kVsGbMrNA==
5W7givPiY28=
quCG78HMxlw=
UgKlWCNrbrA=
VdxA21Pd49A=
sxG+qPj0jkc=
7YyRHDocfZtvf46PGaXn1A==
qKTOC2KOHf7MVj77BSQrHg==
gw+5IjrU/r0=
44tdadZD0G8=
7YyRHDocfZtvf46PGaXn1A==
44tdadZD0G8=
SyMi+CYfc5fcTyFppTlRmA==
X0Icyqbx4ao=
LpyrvJgkTvk=
PQVGkuuxt3w=
snrO/ebWmag=
qa5K+mhCRQDtRV0K1NaGNQ==
RSXXEQ4qzas=
HNUlbINFJmY=
YD/Tzpx6c0o=
xS88pQ/UXs8=
CbPAPKZikgM=
pDu6DIGsDMo=
0ByenlA/PJI=
nt4BnlkiXHE=
5eSLjzKhTqs=
l17KY0vyHMhvZAkxI9hh1g==
Zk5tKVY58HmlO9DR1S/jUQ==
i2nMvNmGrAHcDWOjB/YBKQ==
dURsOhRpEPVBQUjpx8JJiA==
Lz2qV4Xz/YI=
xk39YOnwkwc=
8uy48HGNPF8=
wANCl2WZ2BFxpGLwc+DrWA==
G8OXLfCgtP8=
PEd46aqlktM=
+GHfUt40YEAusnidGqzTqw==
+GHfUt40YEB6rqbM1yvydA==
nx3CPFg7GxAp5eW5ZobRcA==
d/NOyOP7p0Tri7864+gDOQ==
NMjWln3Yzng=
KhMaKVJFPM+lcpmY16sZJQ==
0QJJXAwsuXW8TZ+poFnCzA==
kPxsXPHbkx8oPs53o3BJNg==
IO8mqDqELFx0DYc+901DaA==
gdy/rTGlDIXScbrjrooa5Q==
glORbrPw0hC7ocXk/gipzQ==
w6ORkUYjYKQ=
dCqMEnBUkfYF3mSF5XCSRw==
AXPJj5ywIPY=
lbbnMEkRdz0=
nHjsw9P/1iY=
BQ9p2NGwgv8=
e9pD60leeYM=
rZhQOeQrJY4=
LyAe7ChdLKE=
g2VoNehSA7w=
ueX4CS1BIOx2wSpGFCZgnQ==
HGjb2ngLxco=
GWh6ZIDgDLk=
AqesAaEJDek=
U4I34dh2ZoA=
NmHSenX5sGY=
NmHSenX5sGY=
wlfMSXV4ieA=
vMvGN0YRDVU=
QWvWal1Cg48=
vMvGN0YRDVU=
d5PH/+rAy9I=
JUdxf9HlnaM=
BoaUEcD2IHs=
JUdxf9HlnaM=
uaAT1NOaJpQ=
4Brao1vuRes=
oTE9+GnhKbg=
8pkbs6qFBjE=
D76YKo9++II=
at3G5g6s/u0=
eRIvky672XM=
HxOVbkUam8o=
EJA40fInbJ8=
QlorsTvZbJfvjOLPaAlvAg==
zqArGXEcfC4=
UOxM98Es2j8=
0HXbnEKyWjk=
CCZZpNxPNcY=
8w1d73uru/k=
//FwEctlQAM=
5ySco+Zbj7M=
lZk/QUkj75U=
WmfaDst285g=
YqNWQ2lbUHo=
WDy8sLOg5Jg=
nYhs9Md1qUkV1LfLfzdUMw==
nXLVVA4/E2A=
RJ29uS6nWNk=
pVG4BoD4svw=
bbGiR9p4zNQ=
8tnv3RfHtSA=
fTIiapYNw/w=
j5DHlY8yiB4=
z4YFtJeJaN0=
TUWzoxcayJY=
PIqs5q9I8VE=
DAVFyO8q7IM=
ZBDjl+GBMJo=
TluYKhQ3XKM=
f+FHyXcdLU8=
sKJh/oZW73Q=
UadLfN407j0=
l1xeVts2Wik=
IeAr4w2y3w0=
ys0k8imGzGU=
NtTYsFkuwvI=
lB7WY7DxBZA=
M2GdoyLNCKs=
S+pODvpdwY8=
+4ALrJcH9Ko=
r2/SYLv489o=
ToTtTLTtWzE=
niekHLX64WQ=
NwGOO7OBoS4=
leU/rp+Gqng=
yc4BR6QgvpI=
BSvuFTUKUVE=
kzijSsL3t8A=
1qbYjzaevjo=
DxXzbNqrxHE=
da8KHmHiSwY=
qkMWII2ZdSY=
GX+vA2iI9lE=
8M55ruVN5uo=
MkKF4rHumqJMk6zMflTuNA==
HOKEwcweFg4=
S0fczCZrRds=
Jl1DjdUAJv4=
MPjpdSs/770=
7zaRUjziNJ8=
heERlzktKPc=
1l1lzmQ59c0=
xdkUE/hlInc=
5IG3abtA5E4=
MVyBQHWxBWM=
iASNOZRv44k=
CZH3Y+5v4z4=
XYmei5CW1NA=
pJjvzqzbtug=
8F9PPBGIWzk=
I6kbhMb7bXY=
IumwKDKZPTc=
WgKKj8W7kmA=
aL8GtRzj32g=
MMJZNXerZ2Q=
Sar5ZkladhqvcSO2kk3gZA==
wnE8ll85Tvo=
YP3hXjzVqwg=
ZfpJnCwn5Ik=
wCYFkzcATo4=
1WIGcKWGg1I=
6HcG9L7O/wo=
TKeugxwBp0c=
Cgezn58xQGU=
yCGQ6WxAi9w=
b3xJ8Pe8KXc=
kodz2ghiNAI=
760Bxvgrn8Y=
C//FoevtAPg=
niWABUHj0SiBd+jpu1b7tQ==
wb+d1bRttWBt810rUkKYwQ==
F3NJcsjBJa8=
ORU3m2przHPBmhmq3Oo0pQ==
RkK8W756vcA=
FYB65va9Wyg=
l6hif98zyOs=
kOuofyisW9A=
zGu7TkW0EEA=
IYBXkNkrTKk=
kZyzHSeAG8Y=
2TwZKNxZTmk=
HmsjB1Y9bV8=
S+AZ0RLHqHU=
fcPeGKdi5eM=
bs77tQRxxe4=
hyHXuMpkW8o=
UxbHHJ4O88Y=
WmfaDst285g=
W1DOuZHG8D8=
YqNWQ2lbUHo=
W1DOuZHG8D8=
7/XRHwNiCpE=
wms84MlB2cE=
s7lSPs/8ZKY=
wms84MlB2cE=
AnmLxXVR2BE=
kU1MDSDbTX8=
qfZgy7h8KRs=
F7Bu99YRzjg=
WDy8sLOg5Jg=
F7Bu99YRzjg=
4DKq7w/mopc=
IpjXNUTLfhY=
zE5X1piIcRc=
K9NjzgamU/Y=
fyB7Ntjz6d4=
NvzkYdNBk2Q=
7uiOcWohn2A=
V6LbuJMewm0=
GEJKflS/OfI=
/Z2nffqVKtjJgn080hhSYw==
9iW4qTfay2Q=
XO6T/m9sjhY=
RRindXcQIDc=
8zs3Ojlzzxn6onVlVzqbcQ==
E/fG5DS+lR0=
u3cchtGxl7A=
7Rl+zhbR8bYWDV6emCobfQ==
Av9+tvOOjHw=
Sc9pxOVrZcU=
1QO6ZYFhOtc=
pgVl8xqbLfQ=
Hkg9loBBwOc=
aqm8uwqnW+/+FF3SPqTN4w==
+p28S79AIhk=
z3BNGBMTixo=
uh82D5L7Zy8=
ht5leotS9h0=
w1SvfvmwA8Y0TWjyQCRpaQ==
OssY+C4mFYHmDkJNnd3VhQ==
eBNn9aXWzJIFcGl5sb1X1w==
RWRkQN7HUm0=
1ES9bRbRld4=
O9voljssJh0=
4WHvpqM02aM=
UmlgYnfYBT8=
fDrQL2kUetw=
fRzuVxG8Z14=
O9tQlpk7poI=
Mow1Pv3y/y4=
8OyU1snwl4s=
xseTATyroQ4=
oBjM+x8W8yQ=
CryYlI480B0=
3qxxma/zMd6SzmKhUXFMvA==
4teWbZnuoJZCszzO7Bpiqg==
xxYBSqqitGY=
bJncxiouHa0=
qJ95ZnLIbL4=
ZweEjLsiwY8P3VwftF8Sqw==
7sv03+PaI1Q=
WDqVxw12jbY=
jIol/AoMQvA=
LENz2TbmhmA=
OxvoSi5naSw=
w3qIU3ZtM1w=
HRTaOqba1kk=
ceFGxCjFvm8=
zgZAjies1Ug=
VlVzTpdyr2I=
443/2IWhynXlLe018RKS5g==
YTamQqoOKu6FBytQzYB7PQ==
MfQjomFmT3iq47oB6Hnrrg==
53dj4P6d7ik=
3HS/6uamnIM=
/tWDr0256F8=
LCZNCO9EB00=
nbC6TW54Exo=
8eYrI52CSS0=
oxN9P1V5EeE=
ujjvkxwKinY=
CdeBkTfQH18=
CnO1tt0IRO8=
jRQDulQe/5g=
9MYoSKXO0q4=
SnFb/gShI60=
uXQKfg1+3tc=
6TRGjKF2lSw=
3VnjxOCk5/M=
f1ttoeRefbE=
eDoZearWjEA=
heVmPa7hkss=
rIzSx1LvYkQ=
Eg551hHtpvE=
lEQgrho/TP0=
eH2mRbzllIU=
fUxcUVq3QRI=
lUoJLa1fI+8=
ZYJx9INlr2ewxu0cANVArA==
DvNMkFgjYYQ=
CfqYqo97OwQ=
LnkQ23J5RxA=
FkX73EnGbt0=
PDo0cXXXD86gDxmmcDEtzg==
jxOMxhzFQ74=
O0n4srJlxDhwHX9a6ryE7w==
jrEl09BTtFyRenr6+nrShQ==
STIg4zGdwhVAnzql4UlIWw==
daRn2+VckpwVHQkGMgsl/A==
ERhn9+RJM14=
xAe0YEU5Jl1abweAkj7RJA==
d85cq7ITS28=
5WppStWjY7Y=
oaWz/1/FPJ0=
OPgOjz4/mSU=
HIUeK91CjzU=
PiUz9Fk63JQ=
gxTtwWgW3t4=
7JWa2G2q/sU=
vk15og318/7y9TWllXJQFQ==
vk15og318/5Dr9kISr0WMg==
p7p4JKbxAwhHR1ndzKjz4g==
7DhqpYLDh8U=
JXMGlaNYY63foNmI0QQA3g==
NAR+Y5qpk8E=
xY9eB5QH5Rx7DBY+hDQXXQ==
SRFOJPLyZWY=
J68I2KWAHWSslrX61y715w==
Vxl55++LWd527XrXAhd2mA==
nv2jyY17LgM=
v+77ytWXcVc=
BQ9p2NGwgv8=
v+77ytWXcVc=
aakURfN63V4=
TPfZN14vZtJPRC1GEjkGtw==
AE0u/YaGX2I=
xR7NpHtYGOE=
6KRErR/TPcU=
NXg0d7fIchc=
i9XZerV8+nQ=
O1WRsTif92I=
U+9nixC9EAA=
OjfV6vH8GNY=
hNPjU86Xlko=
GyvgMVCuh2g=
lCVv/hEFMHc=
JcdAKWTKR90=
ZRh50xA12y4=
pj7HSZ5vVvM=
g3JZVTAZbs0=
tKKHIES9BsQ=
q51MxqcNRwE=
E/S1kBZ1Znc=
CkDHrvKxmq4=
twPn2EBx/Ik=
uOkhihNV90s=
zEoVi1YM0xU=
rGq2tmmCMps=
K6sqwi/6v48=
2SwptiUNmlw=
hShULzTd4nM=
6WieYYbHNtI=
DR1u0xEjWIU=
vhjbEuxGKjM=
RQt1Hb3BQ78=
DjzUaPa6z7o=
JLQ0SnZK9KI=
TsVHsD75HGPYwM8g84P/vg==
17MDL5E4ZLs=
ppHSGDjx0cc=
UggRqjQr2egWTjHme8abVw==
XBjycLk7dASRzbRluuspTA==
yv1St6xbgrxQi7R7y1kAsw==
PuYIPMjAbfBFMTlvZdD9nQ==
4D9m1ypx9Y4=
e1/CcLkzMIr27Gb2r2Q23w==
xUC+LAQ5C2aaGN6+onZmQA==
LAxm/e73gpk=
PdBheytdhj0=
o4w8FlzcRmQ=
+PesZ8X/03I=
M1gf7oeCgi8=
hQm03P0dM2Q=
4d2rFS0SiWA=
/JT+4OatBUc=
Nt0ii9IzjOc=
4xcTJ7FmWF4=
igpIsU21+M4=
1PhNcuwiCyo=
wQDbgMn7FFA=
rq1JzHbaGGo=
VmJ/JJLc4u6p7R0DwSoxpA==
bhP9Xa1bqKF6DjHdxIbv/A==
+X5Yc5kQzjQ=
0pFVwAnmfRCnrpEDd/ShKg==
VoTR8Hu946gx9YIUCp4N6A==
EWimPW8zjHs=
Q6dxVRdAnt8=
h4MBHD3Q7ys=
v/0IYsXmc4Y=
polJaDzeALg=
2AvSkmecJDuxmxG7mWz+GQ==
KslkHcoGF0M=
XZ64cYPJdjI=
XNxABtNTGTNgdotTKIJu6Q==
R7o9mIjLEHw=
bRBUsZ9vxCQ=
7UXzuOVHPHQ=
HZncxb+mSMg=
DyzYtXsCKhSVL/6k+Xr6IQ==
QXix3AG45F0=
Y9ULHd64/KI=
WSNmltOls9Y=
OGkbXkKZyrk=
TOuYcc/5JCtrlfO6I3qLFQ==
YEjB+tk4X//l1wHv2Fmy1w==
3h2YphSUBrA=
5wtm40xcVQjkSQ/2GIydWw==
eFtiOWdfgCQ=
kvWBwc65CWY=
sqF+hP0PvcnbTK2Jj4iCVQ==
qSviAsLvBjQ=
P6zm4tdnPxduaKHSUKQm6Q==
qSviAsLvBjQ=
P6zm4tdnPxduaKHSUKQm6Q==
/N9vm/jVdmc=
/3faVFp7CBA=
YtlwGN7rDoE=
9OKrtUGEJ6s=
WijupHfkWz/eEqAwN1KGXA==
S05bF1XRKjs=
uo3uX/PZ6bc=
8Fc7zbMtI+Y=
37qHfFvYKis=
IpJJUFbvO5ME6jU/qsWjfg==
ftHkWnH/clM=
qP22DP9luIc=
KhqufHs6kEY=
dXQ1ESg25uI=
nwXbTYKIEcU=
XiSmaJvHOD56Cmr2jZEj9Q==
Fii15W8W500=
Q6dxVRdAnt8=
B5Lrav3PoU4=
BkDO7IvB7Go=
zAaB4Fd6MC8=
k5BSVD1dagk=
BcwATLWYSJI=
UoPOGTfOuYs=
kgebrZO5UzY=
3XUwVSGt8Q0=
KZx5p3LFCe4=
2p59plZKL5M=
LBQP5A3ZVNs=
Sx61mgvfEkg=
6Wk2lr+pGLQ=
Dvo11aQ+jV4=
J7BY4mNNHEk=
DWvcv/pd83I=
Jy81AeEnl+LYjeAO99F5xQ==
sNEgnyXhzf4=
IXE2oLLlLEY=
f0wahchvm9c=
lVgOLwIBUYA=
Fnp6ZnMO3aZe3CJHm4yANQ==
uS4kMJx5FN8=
+OGtQJHUfHU=
wbWduRTcSfqpWHxyjKvVJg==
cd56cc7PyWg=
+n3KsOiv2UdBz8T5K/fjOQ==
ugJOXQR6LbA=
z3Oe8uGlJehdGgxj/WMlfA==
/oYb0X0KUeQ=
A6VBVzw+m5U=
CrCEB8CXTOw=
kzzpXWr9F88=
NGRWeKViB1HZ7KKBPjwwVA==
n0JuFWn3Hbk=
O2ZTjUFvFRQ=
n0JuFWn3Hbk=
XcYX6K0AB2Y=
FL/jqgrV87A=
9KrkxG+xIWQ=
/DydSw66rfg=
FL/jqgrV87A=
W9B2OjyliSY=
MP2o1T0FuZ4=
x6qd6bBuFy4=
kdmLfGF83Gk=
fiJVF/UBn/1EOWUPYUYGzA==
BJ9Ajh+AOWo=
J/TunJu+jts=
gn1TMxG7cu8=
FQydAv4G8bH7kM708DqH+w==
LeCrH/TYsyI=
InQiwXnbzCo=
SautP/xpe+U=
+MpNul3+KJk=
qw1hrTG9VhM=
jkZQjvHdbsk=
1Pku/yqL0e0=
igaNXX+yrwpcrvqQItODtQ==
sbwFQ7ZtaI0QctsO3wCkHQ==
O1J/5QC3qT0=
n8AJpRF/ksLRlwXrdt/NUQ==
16xOknVSZJc=
QLGpwHlXu64=
RyAFm40oy+o=
snbFncQKzlO9MnuchDFyTw==
wv67PSOAW7U=
Lll1bWtc70EX0RLvVm4otQ==
lpOXq4hE7UU=
jKRm3XA0c+xU/aufexaQBQ==
jJy3i5ympvA=
2m4pNb5GGyg=
k/JN8Pjrf3I=
AW7ImAv+RL8=
+B8692vSFTM=
04pBg5WLfz0=
R6dZ8mOgdzg=
mFV4Er3nv90=
z46LZZdD+9g=
ZS3bWVZOo34=
XOsisumjYsw=
/DQOTaFC+wM=
0OJj2/4243A=
g93rImVWc10=
/NNKedGxD2Q=
RJ0uPP2oHZk=
eynlEkGvZWA=
V9KgaiPNy4Q=
Bocwb5F+0kE=
mpZbWXRssYk=
JqDK04jSgEo=
+UNWqfnDrzf+yKPxeevaeA==
FXVBJpyJtnI=
ulEBEHLopx0=
sKS457InNIw=
3IWhlgktftU=
Jg5w/yg7xMM=
XyHnbjwNu7M=
/NoRfKqTUAk=
Dg8D6yIkIxo=
ZBtJmlCZzIg=
JhfD6dLjZNE=
w9hle/4Q0Fg=
7HoO5DjS6QA=
hbT87ZpPm6M=
wGCxEz4V8h2wnf6GUrUGFg==
hbT87ZpPm6M=
n0IRyKpeLfY=
ljd5Son3Pdg=
foQFdSwdh0Q=
mgAObuoMybM=
wGCxEz4V8h2wnf6GUrUGFg==
XJCOhhieYyM=
hQvMt3sNzY4=
fnFZicJ0RE/GsMbUGeOGRA==
D/29GYSIwB8=
CVuSG2DY3QsfuHdH/AHKOQ==
vLKu20nETCQ=
J16cyWcbXr+zV0Ir6K0ZfQ==
0uDHnlWRcPk=
REO5YQPzMqc=
Q8DtEr6tNF0=
38MJdEgs030=
h83docWgq6Q=
+YpSnzzD+1pIma1dtaeHBw==
ZqTzkuoijnk=
f6zz7Ps/gh0=
aZGK/nM5tBU=
HaBpeMfJyDI=
xpURcsmdHsI=
rI++wBg/u1Y=
Zlo6o2xvjwU=
a93+pjXezBw=
kOSsEPa6Lk4=
a93+pjXezBw=
kOSsEPa6Lk4=
MLz84eTACgQ=
gfgfQLBIU9E=
FR1jISSFNew=
EQVUHnI8pVU=
EGv6cyt7TvI=
VkLiAI22qow=
2ExMtbNAAcg=
SGmGv/MhVNs=
sLClVDF+I+s=
AQCxpuMtT70=
RWbAMO/Eu1s=
ZQPxAn2+rIk=
QFyvlRSOuWU=
sUvcIZj0vng=
mvqw4CFTCq/pNYoGy66rhw==
TPrBsTMHGOimlofmu+DVxA==
8LSmsaUzyH9rcDdnqEyn8w==
p09032UKrBg=
YeoDUlfp9ww=
PI5t75csQyQ=
2Lb3LRyJwWs=
flT6+PcijnY=
QhOWVKF3dTs=
FBK0+c48t745bh7O9UOu3Q==
DY//NAPl38A=
ekES6FwHIYY=
xWK6UEwoFd8=
tAVWA27qiAU=
ekES6FwHIYY=
tAVWA27qiAU=
llXikSb1Mrc=
TpJpIq0zEqg=
5vfhPawtpNk=
RrkNl2Z4C5M=
ut1aR4X2Sn4=
xt4HhyEbsKo=
LEnuLNzbYx8=
llXikSb1Mrc=
HKBFOdloYiw=
NEz6gr6ImH8=
JLThorUkLvw=
m25uPjmIBGQ=
xt5W5UBJ8E2bvA+17FKDxQ==
YsQL6usLDp7SculyOV0o+A==
7SSeE+2nbv0=
mq2Dbvjf/vk=
5xEsrmTwFYg=
VPm9EPRwbsE=
dhXvx1++f/NLzHnSW6zggA==
VSwvrv28pts=
SYASHaVAcIg=
VSwvrv28pts=
hz4ZEik1uqE=
ZBBeUWBJKwjCJYxKtvpHIg==
a+SvAKO1QqU=
8UFHzkCy90o=
3bRl95zmogY=
TpwNgZfKF9U=
VPm9EPRwbsE=
KDh1wL9HunY=
OfWG4jd6JUk=
8jDX33RRSKQ=
9Y+t9ZNUByY=
RISiLCab2FS0BbFQE58QZw==
ny0Y+szOJ38=
rUE/kKef/QY=
H4lWc2Fw8hU=
lggfJHJ43XQ=
Pq1MrsL6KwA=
0ltVWrFGhU0=
9vIjfRpZtic=
BcHUUPfHE68=
Vvz3EkXokRdtW4S1MuUrHQ==
b3AHV9Mmmuga7gmf+CNfJA==
pbWRVqggjig=
tA89oQjLBGs=
TsaDq4dp8+4=
mUKX49x3YKE=
OLi6i7W6elqC12NLIPZr9g==
/3yGTOqNx9s=
4hefGxB+5TsfzGLZPLW6bw==
bDKiTp6d8Sk=
k5IiGnZvQZncEBMW7AVn9g==
/Frw6UFJiSkFZpwd5Qp4yQ==
Yv/O27O6h7M=
45ht0gSYTWh2wsYNFI40vQ==
JHLOICWELq0=
ISbPSpmivX8=
WCIvHfvZXA0=
20iOrEDYGj0=
Ni3gBZep74w=
29ymbv9gI00=
ozulElJIMrg=
MvZhSTyjfk4=
Yv/O27O6h7M=
vu8TFerb+iQ=
2nbDpVcgex9LERJHy/Ph1g==
ZQeh5J0RvMM=
JHLOICWELq0=
Q+hNM1VouPQ=
ISbPSpmivX8=
Q+hNM1VouPQ=
zug7kliI6WR0SxVz3BXEfg==
Q+hNM1VouPQ=
VcJo5DKdkZw=
8q72NC5Z8Nk=
OcCLhs13EPk=
6zO9k9BP2Ts=
29ymbv9gI00=
/qj+KTSVGyGhJU6MXuKx7Q==
O/77h3NW7Uw=
xNbN67zQPCI=
4N+QRoyukG4=
D+p1HY+naRxym4VYY7EypA==
DMWbIRiPRGS8IZtLH7hP1A==
UDeNeN6u01siMdX1c8hZjw==
bSDGbej106M=
NADDl1PP4EAmGC6MOKA2dA==
CpMsXpb8cEr8iZMPAcnZGw==
g0lU7TMLwfU=
kxshn5JwXNSDrG0LvUi29g==
kH+xafEbqbSfgcJTxwFqwQ==
hvEpI1LjAF0=
+O/0gHyd8hc=
MMBkMXFVIBfJqOnOe85kMA==
7fY/HLpU96h877LFt6cbJw==
U5VfrVbmklg=
QJKs8OFDlFom3PEWkMEUhA==
2rmC66M4fYSy84KoOkfZtw==
VMrxT3Hd5ew=
tsch28/gi6M=
/l8VNZIQFa0=
g5s6K/syGk0=
xHnodYllLIg=
l+agbnP6cxs=
s2cDWhwvGvPXsm3QcoIaTQ==
FiyLy/7VFsE=
DJNSW9qtkk0=
VtefwFR6hcwa4kQxCq3mDQ==
fV4GP8s7jPk=
ypf2xd/TuCJ8yAf9lSGfsg==
I+Q4bHLVJb2m8rw5mcuLIA==
NSwdn9W3qLiPI8dErL7hSA==
4m6NEgeNBRU=
XuzymK6ImN4gc5Mcrzb5wA==
idSG84t5dca01M3/yNAWmA==
uV1ErY5c+8s=
FdHtH81e9DIDuBHRCRpXiw==
IfdXQ1J1OhR0PC23Ayw+UA==
Csin3LSZiFQ=
SGYbH0kKcx0=
TsSYIdm9Efw=
ResyQ0BshN4Q4qb6tjuFeA==
OJpOfPE5mF0=
O5IU0o3Ocz0=
tndKaLQ/VFA=
C/6cQ6/wvcY=
6qpr3c/rakk3948TAt59rA==
6qpr3c/rakk5GoKMmTtxDw==
nLu6tFZhytk8p3mE8cqNfQ==
FSvVtR1hRi0=
EG++r0e/J7M=
Th0RP9PfP/8=
xwJR9qdVI78=
jJV75bh4jOs=
liUjoxkggQI=
0FkQ4Q2Un7g=
UVxHn3BD7/k=
N5zMiXt4QWw=
ogEYlPO7hRY=
gikfNt4e3IM=
npe8lCB5XHQ=
+Lu70IObp0YQlgPH/nfbjw==
c3VTKyqskgw=
UfvTYxqg6K8=
itktX0Y96iukpBCzjI5QYg==
bOSMw46eBNg=
5bMf8jxc+Dw=
oF+lGMFK5f8+9Jrw7Q4dHg==
zbgwdpTOOyM=
tBZp2LNDBos=
iWcsBWX0i+w=
A+05chxetlwU9MP4GhMhgA==
M17ZSDLF4YJO4gMsMreGxw==
IfLp4KuCEzE=
entdgcn+ctugCPELn5N16Q==
IJ9uPt5SIZA=
5qUsvhtkqGKnDEcr++E42A==
tqTt0b0Ove8=
UnyhSFL6RXA=
b1u5QoYcYnI=
+Ua9aaopKFzKM8Zq/yrdxQ==
iX683tXB+WE=
/3rTUbfvc4k=
o3s5dGsdTBc=
U+ZV2O4OUIm5lxL2t690yg==
Hv3YjiTB1mJ6ZCVVb9Ujmg==
WodFQfLJVik=
iKUMX/ERT3E=
icUyPBr4bQ/aKlfjTlR3Zw==
7E83ChirPd7OoADyKDwbew==
CRqkdxPgM5eg2CTFRX/Deg==
hdWwRdsw4BU=
5iO72TLlWYit4Xhn9Z4lcw==
gQyTjmvNzVdwhRn4ynCs5g==
4xx9mRsyK8E=
/i8ZatstVIc=
5nHtt2D8r40=
Jov062jNrVY=
WDJ6IhiFws4AqJSN7JwavA==
t+6UQ1NOyOYuzZbrFA0Tag==
w2P5TNPZ1Z0=
ogfUxGItxcg=
cXXcRZD+lno=
2rdfGLPJDsY=
YjeUXSDLAXP/TZL/Nokffg==
LtmTfvCw1WE=
zEN0Ul/dul/BxmBGpWc4Xg==
5ORkS+g6u1wA4LNnMWoRMQ==
5sOxnAas9vo=
BcMZKWifH6yvefOB60HPpQ==
8RmQKkogaW8=
0oFjAuQ41ww=
HiC+nbj0c88=
zH+5jwYAuewClwqM7HDQnw==
A/AJcjvjYLg=
H4DHN6aBKTA=
DBph3mnacQc=
uXxTjdzZGlY7BZYb4+w6HQ==
9q1L3kY5BXM=
X/MHIU4A7GY=
9q1L3kY5BXM=
6B64q0CiQOE=
FGnrmdUx3as=
oe6U5VfxqJgscxlDczI/lw==
b8Y8HSEa9MliXxVvGJVVSg==
IaYkV9dynbDWFlEhZtFsdQ==
qZoMQDgoD41TopzVWyk9hw==
l1V5gOj8lzdez+uSdq3dKw==
bMZFihDuAr4=
NVMGJ5ZcUgy01S8Qofni0w==
Dc1Z5yj4Te8aJhJtdwE0Mg==
X/MHIU4A7GY=
lK3p35pMmU4=
vHDSBn9cjy4=
w9LeKZuORtJAXy2I9yzw1w==
Jky1hs5tNh0=
hzSg6OVJm1g=
MAYXSVZds/Q=
jhDnmvRx4zU=
Zz92YMS6a78=
Ohd/x+PZ6OY=
ZGeWwLcmuTo=
TzCo1sKccBc=
L1l4ufBJSFU+us4OAFxLkA==
p1Ia/YfmHkY=
m5ezKT6ihfo=
ZvDuxy4brKh52s64LkZBGw==
bzcCKaa4KONSWTjMymQtXA==
bzcCKaa4KOPW74e9roCeCQ==
bzcCKaa4KOPYDCLty7jolQ==
b4A9qZAEyYQ=
fdiVi1BV3R9/stS/dH8g8w==
n/0dHv3gJxY=
K69rGLTHSpM=
JiewK7zeMMI=
GYy0qZtXNgI=
NgGeji/gb2c=
CYRbpky/JC8=
+eBoFlsN9Ew=
xXiqplUyUYI=
e/3wn9O0kmE=
2FcMkMnxogY=
VMO23JuHZBE=
E9Eiitmp4OU=
EuCCx9A8r/k=
kkdcTXA9BK0=
tzbyWp0xOmA=
AOo3+B/n1MA=
18koZW4k3Y0=
3YMd01KabUw=
HrIvNm9YKrg=
Xu0Rm0GYuhU=
IcBJDr3Z4no=
ucoDBM7ZL4yT+NO+D1glXA==
G5GHVo3ocz3trROLbqzUog==
QUkVBmDbA0o=
SP0ecH/OVNs=
/1TCsJ71azI=
zIMy/NY+FqsxOO1ctMppRw==
4MrLpaUqPkqQhQza50ej9g==
a/0Y+1zOcmg=
9RHn3SSxVrM=
HCb1gSx4MxY=
74MlQbt1FgjdLbkoIuwYEg==
ri9SRyAff/Y=
MS+5boqtIEqzkz6WHp8A7Q==
uNxNoQAg/vrTwRrp2Qc6kg==
x5bTDpAm2XsATIj7WjPjVw==
v2RJFLSucV2uhQR2zC6B4Q==
DReb+tuqymk=
3enzbxKUE6Qtd0agezBAjg==
KkmzWDjFnmQ=
fA4ltPYJyos=
t8sE8fpBY/U=
loNNbMQaxNg=
Hpw0daVelCk=
Pfzf0kr4tcdby3sAOst++A==
mL50lUFiuFo=
nSn6wEf8VNR7kstPbfC0wQ==
fdi/PvyTA/fmLc0AhzRvwg==
XSdS7GrVGamfvBMiGvVI1g==
yHj9hUgtOxI=
veQApOSdkt0=
pdBURhuT8fk=
n4UpEzpqCdQ=
V0PCJNeEet4=
y5+OmQiHiUs=
bH9fU/dYJzE=
952Eh7gxMSBYtjGkXsqi9A==
u7H+66ZH45CzaODPhH+bUg==
uwpw7w3/X/8=
HlTyfrV5bxw=
HK+8adGJWj745afNA+Re6g==
LTRdmwS8mgQ=
ImArRr3J3NggTzvLBpDGSw==
jSH9QncQ8r84t2gJ3to1qw==
U1wJrQaBaYs=
gNQBdq6bxqwjMOm3wmnfTA==
jR2aPifLhvw=
CtIXMd83iCs=
LICs8xF1FmU=
1ur746W2oVo=
GV0cn2KxUjo=
UzygSX60Lbs=
rxVGU6NI7S8m/rkrIaIK+g==
sGm7TJld71Y=
3UHIr+fm00I=
SrFrYWqBnHTOEDxD1BsVRQ==
+rLgaDAFWoKHGuk4g5zjfw==
+rLgaDAFWoK1xbjc+3NuXA==
IiKma9iKafKL9eOKYEcZFw==
w5YlsL5CZ+RqvmicdQghyg==
4MtJDw8Jtyo=
zbHQAOR6Yv7J2sYW4Tme7A==
zbHQAOR6Yv7Xl0SveK024w==
+qc7I71tuvFALKgXa+GgXA==
KqiBdTdAV+4=
y/+MN3ABCEI=
EWjw1vjTkoY=
VJ68qQDK5/8=
JmLV6ZJ4euhgKF1CAWbKVQ==
rE8BVHPRk3Q=
39AfKlHxGPA=
4EQ8OyUCb8PQbgxPx/MTqA==
M9TY4mrqVC0=
kr0woP3Mk4I=
ATM/0Qb3Sdk=
Ggs4Nk7tAbI=
haDXTdKiLSOg0FdhrMEH3g==
gkQnKWhWT3k=
5xgxd5qN+mCeBZtvj4rjTg==
5uUaUPsQffM=
4bbHPQ0OBmc=
af3fUX6E+d8=
hvvckJK/S8o=
D8B7uSn+P+E=
eF3oBP20xZ0=
0km18r65H/g=
LPyNuSmo+Zc=
t5woDmXyKRc=
INXpPv0JSc4=
NjQZFd4ry9c=
2smmsjJ/66Bt/5xjb9awfw==
DtCSBvwkCaQ=
JShvRgNj98KPYkgd+llLWw==
TwRZPLaS1B2pkTF+HCJcTQ==
dxIth504DvY=
yFLADHBPksc=
DT6KYZMGSi/prt8+3jlbmg==
Vp45Yrhh+tA=
7WiC6JqOfglFwySrNOIfqw==
7mG1Msn04mM=
KnM30Is4GDRgWSJmeXT28A==
+mY0eBz1wtM=
DU/XFKGiBqE=
1EBGnAYzxFM=
4u2ZZdyHZ+U=
A3Pv+DSPops=
V2un1tLncGk=
XrFc/3zp6O8=
LnqIClMG0Kc=
9Frac6kQjd8=
5oj9kM11e88=
T98+2ZYGqGI=
5oj9kM11e88=
xoFjLLAOmPGyNU53/yM5cw==
xoFjLLAOmPFPTR4GhZ6OfQ==
7ekdo1l3s+I=
WaG4kjyQN/0=
XVCMRRntJPc=
sA7bt5jq4oA=
7i8GbwsPNhE=
KVOB2QUNXt0SI4eU83Ok/g==
wYJ+nP2vqvo=
ZrjkTEgITdI=
ez7bmF1KgEQ=
z/KBJtHIPtA=
bbif/bjsvg0=
WTBjuHZR2O8=
w3wguSyhAbc=
I/AXQEr136A=
JoMCeJ5kMtY=
74fhpM8ORew=
Eivd/3zzkTE=
gR1DebSxHHk=
18ZHHpe90oQ=
AhQ+tRLmA3c=
cDrU7Q8RehU=
x54OrHR5Fvo=
EfQtVP4rmn8GSkPvhdEQJg==
Yqi+Y2EMvkM=
C/uHZYfiLNM=
jNPpdsSzWx4=
0QH1wYJy+qk=
bEy9q7PGWmDJnYNDdoQIeA==
BOETRWVMhoo=
krjHSzuyKIo75KV1RS/vFA==
uqY7/EX1InU=
Xq0JEMO07Yo=
F1VHekJrsUk=
LclHJmbG7gWvzynfRi+hiw==
SjKZG4K3vlE=
XOU17c+/x8s=
klCftZrzcZ0=
wRyTdWH+l0v6bV/EV3sSYA==
G3MonVAfGUw=
2FXy4FdeehA=
VgGoaP1JxtmWnF70Vmwy/A==
2SOGJYk+vNw=
+iSOd9ZkAXE=
eyZXNI4MEDM=
Qm69+TCJ42JTrTyYcYRr8A==
nwGjYWoz4KCmkSY8pr24uA==
53/7vV3zzfg=
b/8Bl/V5GuY=
gkHEpAsjycOOuZWejG1L1w==
5KfrvPU5HJY=
ZbRe46O2lzs=
qrm9QdZSBFM=
FCHGGKK/IzU=
Z16pwV0gLRg=
7YXD0MTb9WFwXYe/JfLQ2g==
sMwPy2zNARk=
PyrxK0Lrj3SKvRcM+VBJDQ==
HavoYLR4NONwnarRfI42gQ==
jA/eLc9gvfU=
qAkSuzku0y8=
4+VZSD5yl4k=
yBjQV8DS/rUuszFvbTYvOw==
osnJja1Mgt7QaJvjVtw3AA==
Hoy84fclLfY=
qrI33WS9xfc=
d8pE+w5ECb4h+A/mndEXAg==
ni26s/nMeVs=
1Qg9Pk1qia7BHd3U0u/uvQ==
Ni7FmTxIMow=
lOZCmuUNhiY=
seQlOiPHDD0=
Ye3gze30fB4=
zJHsbUi4DJQ=
e/RtUGWrCbA=
9q4FB+1+zJA=
DKLX8RvheOQ=
gOENsu+KrUE=
aBPOtFlM3camDCPbeJeOtg==
YrAjq1keMSM=
XZP6Di+U1Fk=
YOHem+5qS3e4xYty6AoChw==
wzeVhsa3KN0Hgfpj6ZvNSA==
ArgL53FplUo=
8Z5khlc6ysk=
zUvqYLf1cbU=
aFyHD3QZzJQ=
7ugQhprN1zx9nJ2FfHGdRQ==
ywFCY01AiQk=
aFyHD3QZzJQ=
wfPp//ll440=
dLN76cbBiY8=
DxEe76UfKLg=
TGloH1AlS/24F/5R2EPXnw==
hk/v/9FSQKvlb4P9cteqow==
Qi5W/QwvFh6M0QdWzb7v+g==
FUJK39jVfdD+HKQrVivCrw==
SIBMiHBDVy1n2xMZhB8B5Q==
69utK2Jt8rWtxN8hf3+7Lg==
DTp5YHD5mJs=
3FZbojkNYvpHwc5doRpGNQ==
dJY/YFwHgAyH2ZjG3y/h/Q==
gyxITvo7SqBlvol4TdOrXA==
D0n3rwsPtpWD7TbSg4gLIA==
0RwpX/CPBAo=
XdczB2f2a0E=
Tp4cXIJb/YI=
C6BIFT6nEAs=
CKXzY2zxNRM=
8NQi81MsclSgrsf4KXAhnw==
vTenyQLBczg=
8jCRm2nr2gI=
qLLwpCEZpWA=
tKVbuU9DafcVr8xAEnzVCw==
s7i7oGzR1Vlt9zWcMrKyhQ==
E6xnyJ2gtFycM+GZlGIKAA==
HzO4Am5Z7H8=
uwExgHdU88A=
ZFLHTFMt2l8hRsX+X9SWRQ==
ZFLHTFMt2l/gbv3emvVmHA==
NHmUfIcuFUI=
pX9FHA/hXeU=
gQoG1XgFSig=
6TKLyXjIeEI=
Nf8mrdheZ3NjNT0ueSw61w==
6TKLyXjIeEI=
WW8aBOqLMwI=
D/G8vz5hRZw=
D/CzTS8+gJYKu+nR/yvKcg==
vdEFxkzW520=
jrMxaMEOSOk=
AoliANiKupE=
i95vdlajszX1TVBIFJ4SMQ==
qOpDiptPbV8=
SU7Wf3T8s6Y=
78ZIHOEEgss=
F+/weWyFTs0=
qfM+ZOWc/Bk=
PaZ3Xqu28QC8afqZS4G4ug==
QCnKJdlANxU=
kyu6R86cMzQ=
WDog91JxspY=
ccsqoaIvz/58t78UQpYGCg==
vdASXzovXUM=
eVh+3+7qh14Fxdx3hTu0kQ==
5Y2S+vIj9kw=
dfl4i5pqzpPx1A53yCryTQ==
dfl4i5pqzpNZuEqdaqoptg==
DNY20EoG+C8=
rvfLgyXkuRf4mat7F2XVxA==
FiCRFRFs9SI=
rvfLgyXkuRf4mat7F2XVxA==
OSXVQLVdQ9eptKX00uoU7g==
WSKgkox7zT4=
VvhU02dXyrs=
CwPEzcIp56c=
FiCRFRFs9SI=
FpEDxCAOD9k=
ap9nsFAo61Q=
YCzPdA8fIIE=
K7JgDKB2ZceFlJIsE9XpVg==
siW6Eqr3iKw=
Dz5NWCija+E=
+CTYjNAqMQRoIHReYZJrTQ==
Wc5ADzOnEzs=
ixUG1PLVyrA=
m83kzftd0Ydow0LH+1mPzw==
m83kzftd0YcNHuI3fjLEZQ==
AkFxuSvxi10=
HU3Q/jD9Uo4=
C6BIFT6nEAs=
HU3Q/jD9Uo4=
+YTvzvSrtwk=
+pZO1Lwnch0=
4/1h42IICyQ=
yIEDuy+hAzc=
hyTcF3+Rchk=
eWMVBlbj7Sc=
ca/AQ8PxO+M=
5Zw2KBaafVeZzA4oDbZSxg==
9VtF8y9DHjQ=
oV1ydCgiLRA=
xXqCxccNEljYVtK4hYb92w==
PXHOxfOwRNsn7rzsL8f+Jw==
sunFCP2cMpMrw+MegBaDHQ==
X4/TzoFxDmA=
BqSCpiZ4bfc=
wD4lLewnugs=
TARrjqurQ4E=
sAOoSDJdjGM=
nVnAbut7J1o=
haCJGJy5m1w=
BJ0HxB3h1mM=
zfuxVuD+hAuP6gBKCdP6Uw==
2XgDTMLq+63wk2Ccb58FmA==
blnAW+v4c9U=
+/y9IzEC/gQ=
1KccKlWd95g2XtHtYm0eJg==
znr7/cLdUTQ=
CbK1em8Qa7Q=
sA27MKPwzof/+JQFtObPQw==
O7g/52ePlRg=
x30z51H8muo=
eHDNZdmLsyW5oqJu/qz5fw==
QlqV4evkeZE=
xQZUKpStDPo=
TFsPU/BcmRZiUDqu0nTRdQ==
lwwhuHkPuH4W0gzlaSTyCQ==
LNoPhHd9Y0NLm5FHnJ4fnA==
cm+cDrNyTtA=
MSTvc3g0PWk=
biIx+SDT4f4=
EXNPbJLAeBYFdn2VP7qxPA==
bzKtmPjsAiaLM9fSSI+pkQ==
STIEFrH+S6at0/3LJQlOjw==
bzKtmPjsAiaLM9fSSI+pkQ==
Tu0IjaO8EmE=
1Uk/56vJQ7c=
STIEFrH+S6at0/3LJQlOjw==
bzKtmPjsAiaLM9fSSI+pkQ==
3ASzE96MXmM=
kt7A//IPeYA=
0+VDEpCI/9o=
s4o/pmnVRYPzLH2HGML17g==
uY/oNrFXnp8=
y3qeZqToroZArbdvrzeG9w==
cHSkNomnMDPcidMqHKPEdQ==
szjonfZ56Yp5JOBrDbWyUw==
4RHS9D52rn5cyTzjsQGNXQ==
MmsYKmFFNGSJ579Riipjjg==
wLFoF0FHUJWKW6Gd5VqviA==
wLFoF0FHUJVef1rIhKMoiA==
quj43imWNOs=
TiOWKxXmSsA=
wUhJJ1zG2V4=
4d89ZfDwySg=
OuSUaSAb/27WR9I6eUTDsg==
rrwCNdNlFubuJhwOotSeaQ==
EbAuxqyDTqk9qRd48VLfVQ==
x6okbrW9gFY=
9M9Pfvu2ygc=
MpwbsBUMzOM=
nhBgpDScgIw=
s9pthZYqfVJ1RfhfzrVTQw==
ZmmTD15oS2S0ehMHmJi+1w==
L0/r2MtB3iTF5Rije9HH/g==
6ibRPX2B6xOoJufaPoIGvw==
h+9ym8oc2psmtPdWALIJnw==
fMFcHKEQDkg=
H0n3SlijNDIaXBlzVaXcFw==
J5deLfJHbaPdJXI6oHtwSA==
MFsVFc+1UlbZDYMCqqMrcw==
D8erbP4fRtjvHpl2/90mmw==
4nAdoHHOyI0=
ZGsj3KCdZlc=
+vAhdQAvQlM=
jL8VliPRgLaZjzPIRD45/A==
LwL3scSQQq8=
Nucu5GHbOuE=
0H9UFIVORWY=
XgqxaiJUlR8=
ToLnhtlE9Q0=
DokcpA+oti4=
UbqkUs4i/sU=
o8nsLTSp0KQ=
hYaUYuIMlNE=
w3cZTjEgVvQ=
BdwEflgV0wg=
tX8NTgPS7NRoHc3LUjOkfA==
rDamZCv1ua8=
elpqnPo//BY=
BjCnwdDnnOgySCFZxLQJCQ==
qs+Y7yXDKuI=
w20BydFM6bs=
hb2ZbFmkALU=
oWFc6MptTTA=
CXDHDWXt7fU=
FSi0NSTGouw=
YNcnb4FmQp0=
JPFpVjhNYMeXaFk3ANhnlg==
AiEt1ZJ10vc=
99hROtmArkI=
jvRreP4hEKs=
VNFLkc7OyR8=
iXGxkt27BIw=
J5++mtq6gZQ=
u2HosuRG4pc=
n6Kp+Yk2vaE=
FRfrFIYf3sMHnQ2VbNCMvw==
FnOVioOrSV3q0Kw1VUOd3w==
kUH2L5sLpfo=
3EVWJRzWq0A=
hdt2Jmja0lQG6UUFAf8TcQ==
vO0ymF/3fRM=
cfmcMUnpzV0=
ZuOZvSdMb8oNnP7LTavVpw==
Kc53CPcu+zU=
1Np6HCJFHQI=
1OxmiOfbGWc=
Z5do+jkf0+0=
CVz5HeCUioE=
xULWGWVUx2M=
0cPFZuY+pjyAfaxNQH9J1Q==
9fHpKcO9melDt4ayoJ5I8w==
o629FxJOuEI=
Xk4BWOWjks8OOsKoX7merg==
XEUxIcEBhCA=
dYC7lxC52qY=
k6WyXmqGeQs=
cjjxYvR5PeI=
W32N25gNhiQ=
9N6LBwSJlRA=
edwEAe5RhiU=
K8odcTj/bbU=
CoMKTYNQbJg=
qKt/5kGjUYU=
uItF6OK+Tjg=
z5l6xQCNMyK+CKgZeyB5EA==
D71IFlA0S14=
XOQyAl9djtE=
EfhKf7UR10E=
SZ5ZaZmiwwY=
EwKnyyWpcjfDndJnJlvYDA==
CDSpuRia7M0=
LcCGjRHmVVM=
HG0AyzJYQM4=
PZlWNanZucOfbexYGGQ+8g==
SKevSQ8IsV8R4T6PjsTo+g==
2E7TLJKjrLc=
QObs789mt0U=
SJ67mWwnn/s=
4vVY1eYWbjU=
VmmagRR1GOI=
31U8Ifk6HJTw2MProAjJ/g==
KdPbeVQX/WE=
P69oEBMQmFk=
n/15nfSPJ4cSOlEElkKEUA==
ruBXhoWV25M=
5BwkBzI1gq0=
5EWSjdGE1hI=
vwmWBMweRG42XQflQZ25ig==
zSbYAXd4Uww=
1yGdQ/1AJcM=
KuBPfwA41ySdZajkFKjmNw==
tG6oR+62oBc=
U/12hvEK4PA=
DMKT9dYhaU+HjCAkG8Y4HA==
4vEb2Zyu4OU=
M+C69aHfUTXbQgcN61/KMg==
ACHzvwBPntT4HLWkY+4LWQ==
Uziq0Eb9cSJDvO7m9hsqmA==
0dZFVKcOrCasDey2eDPhhQ==
T2H2NFL9CGE=
KVj0z85uHl4rbSZGqdMCJQ==
NT9oL6910G4=
4kiOWRxeGfY=
JcahyX556fk=
Vct58YmPqtddFeAVd7MOHw==
PnBzMNrD5Vo=
bHplpA3abx8J7dGBwsGEpw==
4legtz+fihE=
pHLWCghk/9I=
yZ9KeFEFC6Y=
G8IVk19aOYg=
17SkpvuH+A8=
UvuM02wxLJQ=
kiAkj3Dtgc77hHE/6lswBg==
i6XbOcJro0ECw8CUUO/O2Q==
5vxaSVXdUZY=
qMPvXN4YIXezHrqMfpmmVg==
GTd7UDgyQKs=
lVEr+jmNNGc=
6fiGJaxc1A4=
VayuIJtRnqDGSR0RV/rn3Q==
QUbyH/y6oOo=
F/Gu8kFzjLs=
mzkRxLG6ocs=
GIWM4dzDgWE=
0wCYKyF8U4g=
lqrvH3DNHDc=
22+OhimQ2DSe2kCNWK7kbg==
9BD5XejyRXWrVax0swT0Jg==
9BD5XejyRXXsModtnxOdjw==
TbQKi1Co0Oc=
DQ/Nwgmhp4k=
r8ZmxIkbUKuL/274+IEXMA==
CC3A8T1ERVOse2yjVnL5jQ==
rsYvJbBDQlLOhhQ0BZSN8Q==
z7xI2X1ChSOoRy45LNrM+g==
tWNo25h5ZDY=
eqXqQG5UpLdVL41yrE232w==
VhirEkXKHgYByIJkYzwMOA==
uqjO3MQz7JQrXNEaNvBOZA==
WLkTRh+FbCrmHnMaBePQmg==
rsYvJbBDQlLOhhQ0BZSN8Q==
WLkTRh+FbCrmHnMaBePQmg==
R5xSpQ1DRJnQBd9Xcg0H4Q==
MlEvuv4F5fy6uDd4Z+Imew==
MlEvuv4F5fxhSJaxN9t4bA==
ecXASs4drx9ACEVaVm1yFw==
uNK5mHTr28k=
yjPwFwP43acec70JimzIRg==
EUDceCAgPXI=
el59Odq9iHQfZ2zdW3Ay0A==
lZDi7UGGjDo=
DPg4y8nPgnRuQLxEpjFwLg==
Md165fBWDY4=
gz07OoeiyoxGUQqjT43Q6A==
Ry8M5VhQ4P/LhtOpgQpBMQ==
xVpOBZrMNA/9PL7qiBzQvA==
1k5j7ACswF8=
eOB6jQiSFuM=
Vraez9j9HOs=
v4Q7krEQ2j+Cn0zhN17RlQ==
I636WdcrKP4=
7PBBeAyzmOM=
r6a39d4WvjhVnWqRuNELug==
7NSRII4o/yaO+zmcbeCgyg==
INF+fq4UfSU=
AtOkCgEEO4e6lP+o0Azzog==
c1wZAQCe4877VjBBvsTJsQ==
dC63NSBl3etog56oyOw6aA==
DoFGygkVDUOBL3++UD3reQ==
tEFDABi8ILaMK2+STt5XrQ==
fbVrvZpx3w0nsvrmQucV9w==
Sxc8Kj5PRvuMUBWsP5a0sQ==
AtI95u2i2Cz3YOMb4WUUXw==
sQs1MnQ2mRJLt6ojU1GEiw==
k/uc4OoKkRQ=
0Z1oJwJ3vT8i/AUjzKQ7Eg==
M+m8iTvHa7X2timWBCPXtg==
/4d1r0gcge3OmDjEdiaY9A==
9R0HgmVn8yMSVbWHy5X7Xw==
Z/UdFuQsAdlyPGA2vZJqwA==
OZ3IJLLqXX4=
nsr4kvdSrNUZPNvlv4uAsA==
pIVCTVLaCZp1JAxZzGCXbQ==
hn3QNZ1l0lyPzYZ+dSX2gA==
lE1jB9dyIOY2eGgnFg33Yw==
gjofXgc04We/EQ71MVFQqA==
S3Odo6BtwKk=
VaBU6Ec+Od5Ra6UW0sQsWA==
/cR5QB/8mI992lanpgCqdA==
lvfzSqnVSuI=
3wBuUjv4izldGOCiNnI1JA==
LWHvDOxhzBLYmud1V1Yezw==
zQarIEeUVMRPm01QS1P+EQ==
47AFVx8/Dzu6cEfEz9jTtw==
nL5/u8bVJF79ELsc6fA0/Q==
MNhd3vykdHM=
6yRbotZOz0lmjFLgsDuNXg==
Pa2j4o1ILTxgCS9hddWVaA==
gQA8y47z3Vw=
3l4ETq5yt9I=
XCWaW2iuuU+27HlQ+pzyiA==
eTps2+0El/c=
9zM5kwma+ZbM8+8t+UEYpg==
xFfRkYNi0vY=
BGpoGOr4UsKjD9rIkgZrUg==
iegOXj9T7tzqwgVpSVsODQ==
MQQqLyciCl8=
wuAa9hdupiqwiZ/etGy6Bw==
Sm6SFWFCxNk=
ueoTjRLxrc8=
Vyssf6PO3kUdhcPCrP+6Wg==
qvx8I/LFa0KNemIaTekjTw==
IEWBOG1J1Bk/zW0FWNfwqA==
0DceAIuBnCY=
oiezVSzjeHA=
UJ6Ife2jWV7kHitAYL+fVQ==
mW4a4ZxDx6k=
VfGVqoq6GWzmalwA/A99Dg==
k/1uPVzHOMy/RC9qxjpcnw==
VnungelE4Zw=
dWdnG29kV38=
+o0cOluNlP4=
janPaEAL6AI=
s7Z8QlIuW10=
rlDaPqRajKA=
SVQgHZFyKfw=
TfCI0gK3fA6xhOBQrtp4Rg==
qee/UsBAQck=
kIX9h2zdpDA=
hppgH7LyIoBclUjMIDAJXw==
i+e2F6B5IsI=
Spv9Za2b9QA=
vdrSoqHGYII=
1OjkzDvIXgY=
pa60oRPZtp0=
+TQmcfuzfj7t9qHMXBT6aA==
uqErfHVNoDA=
jJX8gvaUA7lplgiXBp2fpg==
AM9POGCeoO3BD/7/7EomMg==
Q51t9AI9aMpctc6j1mDBcQ==
sOIhgaLPUP0=
6fiRf0eq8SQ=
cb/g7VVXtEeWetcRDU2avw==
VduQILMldvI1XbYto01r6Q==
VduQILMldvK4mgByAnHWmg==
VduQILMldvJE371/U+UqFA==
FHEs9stD9CwpBdopky09fA==
POHagNjV6WLnKstm8HxVrQ==
L0XUc+JUYuUWu4Zoiz7jCQ==
OZsYKkQcM7oUzodzva+9YQ==
bfkTTPG8gkHfQMkWZ/fJQQ==
uDAcfSD4/C/Xh3p4iUszeg==
IncPTax1AKA=
rxXHIwnpiBE=
oYsST9xU1rQ=
4FENUNA7NwE=
bUWREZzlFRE=
ooHf0u9HxuE=
6bibnPNDbeE=
Avtz1aqbtbY=
kJBrVF7eIck=
XoLEe/MwNr0drIJVGj5yVQ==
rvIvAgLgdx0rIZJ9QljKfg==
YpmAZnFyFoiM/3MMTdI9yQ==
Y4p4POc2hd72bdEz2EAkpQ==
vVx5yshBhvY=
igrwiZNtH2Yy3mTvEq40jQ==
K8xvHCNmNJ6BE7Bi8vhQTQ==
90atQJKamnk=
vPxjz6Yv187Tn8z+p+1E8g==
md0iHSUncbk=
8jOEP+RrDRs=
aj1PDW5loK0=
RYeRQ48vdOc=
hr0pM4ovlLs=
eQsMFi3z34Q=
d5ue3H3fC50=
2JiBYi383oU=
avDM0xVGaDA=
AJijl75yrCU=
tYsCjeZnWQILmhk7xG+aUg==
f3ReINR2yic=
IfiKNiV2ZbY=
qvc16i6YVcw=
hF2eKzdkS3Q=
JhuNUl03F4w=
/w2vvdoL0yQ=
c8d7bFPGZ68=
+5MuqXza2y4=
z8bOvd3sYTo=
oMe4rcL7Pr4=
QeugbWtDWQI=
DOrBuf9pRNo=
T98+2ZYGqGI=
3ViWuy1g4Uo=
boLJFSoL0lTNbv/+4u/UPA==
AV3LUi4cdkB5QsbxXHB7Tg==
6EtSqb4DJxs=
/iWwlJaXigQ=
BghQ3aIDJjI=
UfwCUXTV7p8=
LNzW9j6/zZg=
30p5yuLetgI=
P/EOR5kXnM0=
95sUhEsh3uU=
ns3VPEocNHE=
95sUhEsh3uU=
MkiIH+EIP2hFBr+sm6pIyQ==
TmSkN5hAdZsfXV6DXxSrPg==
B1w8Q/I9T/KEuotcd+PIbg==
5dv2Uzci2Bo=
5f7eaGZjoTs=
3FFXBJJYoD4=
4pP1AHjJrrw=
3FFXBJJYoD4=
f7x8zPO869A=
ibSbRYOvy17d9zDog2N7MA==
iONa99Q0mcyXHaX/gDi+hg==
9m2b7DgWUnKiT4LF+JKWlA==
Q8bXbPNogsw=
MrJjpW+tcxq5WpLxtrcLYQ==
UkPROrcWFi8=
6fvaQiY86Ew=
SyPoEVW6RPo=
OAqFGFHKi4g=
7bU0LHUefhk=
E5/RfOoPs7IscUCn+ryQLQ==
CNSomogrLN2F/cRt+1uyAQ==
tYLVGbW3WPw=
fcBPhA7jfPg=
U+gty8i6nWI=
P1mMT3tBJVM=
+SKVnyLtGIU=
R78ocd+uE0PbB1TczzOo5Q==
XmkCRdn4VF8=
cUp/AluitFM=
rTtiKWGHPEs=
+NU2YgIcOKY=
P7VhqZ479FA=
Hd5bgMj8hlc=
dChbvAJXRUU=
lh9fJXb7iv4=
KFsIYnPMGPw=
9GTHwAAEf58=
PSV6zv6WD1A=
WlEXWBojr9A=
2O5QIq10Vmc=
GypWGKOWgvY=
c6yxEjXsdOXYxxmyk+mRbg==
bKtfOKhCXAo=
AYVf8GC0X14=
5AVgltWnOjG7mpGPwFs2Iw==
sOJOl4xhkBv8LBGxuEEBcg==
PBbkXV7EF3xL6X+mIIDXWw==
Jzh8DdeX0tM=
2wQYwyyMI9Q=
iwXd5SOKwwY=
310cSJTeLQk=
eXj5ZTUjdDw=
OHe6G/CdbYI=
OtLAydzC5unc9YW4XPBe+Q==
6PUtk/GvShE=
zDOnOaajjZM=
JDPM4N3IZXE=
oVvNQC2Si4Y=
otY5ysTZMWI=
H/issKo6evs=
lRZ1jYVFYWo=
ns3VPEocNHE=
y5iL7YHZY68=
QXaRVkD0gY8=
BpHRWz2r4mw=
4szVJjBYSlc=
26VZ4AXWMSI=
EtNvDQBUT/A=
XZYUxIERMujWI6G3oJ0VnA==
Q4VlvvY41yQ=
4pP1AHjJrrw=
X7LF0lLRp6Y=
GmJ3LDWGp8w=
fbu/vzTWAJU=
BEzFkHWr7t0=
lAiR/uJKSFg=
1WcbDAsYEp4=
dAqAMuMDsOo=
qzOJoLxjMYSWAR7mjTDXuQ==
cF59UfGWuUlHmQnUo9CZ4Q==
RjuOktmZo4liVHcEOQw76A==
ZQG4dKStaJ8=
kJtxGTgy74Y=
h54Rjrxak9c=
hbr0a9x7o3A=
cW7CkFJNKyapuoDfKfAvIQ==
SFs/vxMY8iI=
ZCFxW3KHT0Y=
SN/pB1GRK6g=
RKE5B+8MpwI=
MHC2/nbpk04M/1eGU3u0ug==
/LXlG3lSB2I=
ygFosESdfzQ=
RKoEVVBIy0Y=
fWg33gktz0w=
JDOCqcdOmIE=
pWxvJnwhplI=
fKOUnnVQf4E=
GSRPtF7A/TE=
L5KYrGLmezI=
r8ElxVuzulv4x/J0Nviqfw==
OSr+bJ5ZUns=
F4Xg+9cWlOU=
vOSKESM7bOA=
KJqNaeXdbkkrkPtGZhKS7Q==
SZZX4kKejwBsvhmjPmyQ5Q==
B45CBVcIzeUfoLCfq8T98Q==
891gizCmYI8=
UwASBMB4DNk=
60OnnmcHGtSiM3Cj4APq+A==
pL62bIqOjjQ=
QOVTgVtihOA=
UqLvRr3X/HQ=
sW/3gy5mzez88E5N5GLQQA==
ztE2+qRdxHk=
Qivd/khbiq/3zNC9JcZPKA==
RS79JX8qM9w=
I8KxUdTaMNM=
z1tOHOCSP4k=
YKQi1Nc0Q54=
wlXfoQKdvIludNAta+Krvg==
T7DVb1NArug=
EmNNTwnEyZk0uOp6b/o9zw==
RieGJLgvL14cbZj+an4Nuw==
bpEFJcOVhSo=
8EEIiEgOXhQ=
3ZVVnba3zb4e+Yh/iHEHuA==
ha4UF0sTiMg=
6+VwUpWTgCs=
j5tFZ2Nvnj0=
ouSA7zBqGwk=
BwH+xNZZmiU=
EYyGjBQUEBg=
njJisXFzawQ=
6Vk/EKbxyJg=
hbgTIewRuGc=
O30E7Eu80XQ=
bibWtY4ykAs=
uojSsDGfvGo=
U6885F+sKgI=
OpUoGeZZ6AY=
OF4S1mn91iMJuhjsAg4QIg==
gE0XpYbh/ESbzxiEBHw8Qg==
UGVF3WL+RRs=
JepF7BUGO5E=
eaUzQHHUsnQ=
KSy60zvHPJk=
037PXUqysR8=
fclRIsdBhqs=
037PXUqysR8=
xXqkHwppfbM=
X2KThTvd3no=
Wjp4gLY7EA0=
Mimx9oMhsXZ4cfdZOYPigw==
uVpXROZi/c5hw2x4iM3CtA==
4duiaX+TBoQSEuUibSCXxQ==
cLYc9Ul+2JM=
xg1qENBgV+Q=
ACIt9e2Yxv4=
7JibRrcmkUw=
zGMClOlZSZWERtCXhMhiGw==
Lk1hUkT5fObaKZOrutLfsQ==
WgGK6mNR4b/qPKugME6eRA==
WgGK6mNR4b/5iu4PHUNzuA==
fOfntYptqOwxxLwk794RfA==
XrhE6NsOyFCNROJ9WLDR6Q==
I4cLTlm3KapSzP2md6G9UQ==
A8lyodiqsTz2kFQC/OWM5Q==
2ic3xhkNdq4=
3Uv8DKQWtYI=
hDqN5UJVoFCkJzHeNaWRKQ==
Pcx65WDBDqc=
DeapEHB/a9Y=
eE0scA5DTjb5oWwz/P+Cxw==
i3O03DAv2Bbii2bp+bcmGw==
xgfVRFxlGg24Bazd/AvO6w==
o5OAtrBnBaY=
gTbCpKy+saY=
KOay+pJj9o0=
7BfRJklpWpM=
MEaevdam0RCGTmq6wS1D0A==
mnHhRZlU3OE=
+FeaoAilzca8W7FnPG3KGA==
YU/HJyYCTSu6jSzs2yUqRw==
xPxQi8kUtTMrNAal2yhC5g==
JtdATcJUdhGBiQQOHhkeKA==
gJIsqHqYO7s=
Jz+ShTRMq6Y=
6vbqtqo/d9A=
xdPiHlQ/ZGQ=
fjpAO6E7+KY=
E//v81uPks4=
/st2I/SKPZI=
p0gW6RHZEGb5hBhYiqXmZQ==
dwlly2rwvosPWrHW1UJnQw==
ofpPyp0YP+g=
UBoRmdNw9nY=
XzzRHPvErRNU0Wl1Jpu2/A==
nZZoRZnynZM=
gAXyvPKLZ1Y8XQ5m/jcgBA==
u7kvQaHf60nUdyAWJ33SJw==
R5uDnHtgZkz7R7uy7lowNQ==
JjoA/JjlXgEVDA93ra8/rA==
4aHT8YGB2No=
chJGN8c3uf2AMXUF3HSykA==
zbuHS0xO+VFqdil32kSyrw==
/zQKM+9uKkc=
axbis6rn/ZYWsbQbqJQ8pg==
vhzANOdi3GV8dGf6Xr1ldA==
GJ6/2VYTUCI=
oyevTfzD87h0VPdqYMwmMQ==
M9uhno2R1CoAxv4AxcJhuA==
MxX8o6FU8IOXM8N+ao3rgw==
uueeQE0mG4c=
NRg7+6k/E6tnG+fQ0A+b3g==
gYl8HX2vWPetxzu30CdnLQ==
cEgQoeWZbaFsbqjtlrgnwQ==
cRIhn+BntXvV6mHUu6wXsQ==
qjAi8+MMFB0=
j3rq3f+MBQuq+wtdBc1JBg==
X01awduzwVs=
zg5CfjZsJ7JWn/i3JaCy2w==
j51wo8lTSgQ=
qQflhOY2SOtZbUx5mMDE+w==
6arA4wdl664j+51gKvf8cg==
3A0aBHg6pHM=
qUufqcQ31K8=
sUu5ywIgRJA=
9pii3L0G9Kc=
HEWTOyxmZcPas54TiFjVYw==
QxFv4SlsI4Ey6LyzQmSB2Q==
p/CLMQwKEpg=
RbtlAADe0GI=
gmQcScX4HxI=
nmU841kxOYU=
+KDQpdQnb7fqc9EywT/kPQ==
UDX1mRoIii455r4hV02MLw==
LHAATFavUi4=
CiaoH6OJ7V0=
ynZNVrOco98=
ePQlMia9hJzhtxB22u3fVQ==
uYdGhnoiJhE=
vex5TfcWRSs=
U8N9KUi3/Dw=
OeUBj/AZK78=
TqTL6K5IVm1mVvDH60ml4g==
DbT01WngYwn5IUYI9x85Kg==
NfLRx7fRqzA=
tADbnq0qlyE=
9+JwX9yAkbI=
Zh9HwI1kA/r9aP2O2PeQjQ==
X0wVJILBZAs=
VCqVo6l2Yac=
kr+1NJdCzqo=
1T5/uLI3fTU=
7ggU29C8707BTO/Pw4aJig==
6F7mcE3gv9Y=
9L7QV7h0GTU=
1NwvT1o11/c=
VZkQ7ou3vaXafUOwnPsB6g==
LddYWOxSwsM=
zqwTEL6xmgE=
p0i46eUEthw=
HFf9vLXXJkM=
adUHGp6GFk1YfDPZyFE4aw==
adUHGp6GFk2Wfq9BJmVPhg==
mVklEoR98E3dC/Hw+eoQQw==
2tabl+CPXyjYHIHR4jfPAg==
OpKCdbs0oKwN8O3EOTZG2w==
XJXbpXFGRNk=
gPWK8G+edUyaOfGAjeQ/Eg==
Y3TcvThtybw=
Rp2DQc8rnMfGu+SzviqYbA==
OpRZDNdgVfFEip3ebOZ67Q==
OXBAFsa/Jt4=
pFbtEU7lHmtj60GciwmxqA==
1jBImDzP9jc6M3/HNbEIHw==
vS7IbmblSe1GQq3fobJ+sw==
ZKggv83YnWHE6eUWGx2dSA==
wqEu1NRrjL9kid4QW+KY0A==
00YIBRNYemI=
XdnzgmUWAfxeJN64Mx0BMA==
6dmS53aejDY=
JTCmWjF3ke0=
bzdBFTig7VJXk3amFpR6vg==
tJqZqzl2wim2Qfq6htYrSg==
k/ZnX421GMY=
+/QQByvFZi0=
BXxUSAxMic+vxfNZwY/NDw==
6spzleDASd+SgqKUNtUfKA==
6spzleDASd9JvQou1Nf+yg==
VqDThK3u2Pk=
C6aqygM1IE8=
4zAKyo21GAezMB4r+oAGxQ==
uYNXYGO21yk=
G8KwIVh4S0w=
Lb+5N+nJVEY=
pBZNX+CzZe89CospNsoRwQ==
dZEjYJdEayk=
ZdInK/LVLe9Ysnq9B38rJA==
SsnDQRf174CiCdJ+pDjCsQ==
gXLTodNJxAmdrUPVLP7IGw==
oH9WhMPSsEg=
VNfsfxx3ZLmhGN46LyzePQ==
UH94gcjSqAmzzJxdnkfYPQ==
kPgTMDn4T+vxa7o6Oh3svw==
bzRmdMBtxhKdvw/GHsQcnQ==
0qsk998RlZUcOA/lUn7eNA==
dCBg+edhelx+zBY1n/WcRA==
2pAROztxAKI=
whZqRfG9At9QWJkt9UP1ig==
U/zEngwQ3xo=
2NvY2duzVl27nrWSb14eqg==
vMN8O45rf7I=
QDEcJhz6Gws=
ti6PILuwqxY=
JZHmGY/rA+g=
NUFVVcAT1bb2RauO0daLuQ==
PVJ02dTCHFNm+V66WRnndQ==
8/vD9H0lwu0=
Yal8eR8VtCg=
4E7s6vAjuMK48VwOYFdAlA==
gSDzO3rhGUfDJJtbQlahTw==
1M7hr//jeFc=
kC0UmnrjJdFC0wsfeG/nMw==
MBlECqOW/t4=
Mj6C7htQvBE=
UVl+MDcmxHs=
cr2IA4aBeB0=
qOImEbqRY4Y=
gq89kUBKRCvSDZBAj413IA==
23ks2HrYPFiVftL6qFpVdA==
7IsjScD4MrY=
TKIMiOdH+2HDtNzZGHHTnw==
IbiAiTi8n0U=
4vv1kRxBHhJYsww32Lb6Hg==
9OftSr+Td9gXSZwK99P2aA==
52Uz5EGunzA=
rK6AChXQz+0=
b8wMJc6U0u4=
L6tVDJOusjI=
zDIKyf+ZrHiVso8IiKPRCA==
EgyewDTRAcU=
OaYBKm8npOc1HQ2W62Q3DA==
jbUDvIEgOsk=
F7KOiVXxO5xiM4k3GxjK4Q==
TV9fLXCFTa8=
3Xpa0LyPBOw=
igHuQUvH0rQ=
zlxUhHA3kogjmrzZ7cTnhw==
LmnFAPlmg8OMisyNM6yF0Q==
p3mW6kNPrEQ=
NX5uSBWpHH0=
xQnOfsHA2Y8=
UqKUfp23hI8=
ggyqlgJpank=
ljNZgMbq2oY=
TCdaDJ2pmzA=
rrc+ztVvKLDfnqQyBoPakw==
UUe3tpMelyA=
p3mW6kNPrEQ=
5jIMOh4PtSY=
Eem4LC9Wdnon9snRFFDbyQ==
vBgGx0AQdqk=
NX5uSBWpHH0=
tVwOj2MjgxA=
YkueCIrJq+gO9XZ9cgkbLA==
FC9ZqQONjEM=
olZD/sl6tgg=
IcrNdZlUnd4=
v98AhTXc1yg=
sGCeRDB89Jg7ndUah6nStA==
vEsHEjE5Ol0=
IVMTxs4ecjw=
/jlKKHOtXlk=
PHrpdjPvneQ=
AMhpGFtj4Ts=
fOXUvSsioXU=
i3RSz2tJCCc=
HjqFWIcRZWM=
Bl4FGoxqnRrKZGfkPM0nLg==
Hxb8jDLREX0cja1TtzJd3w==
ixdzdO601rY25xq/rzdWaw==
bO8Dp397YTY=
XYgY+ZaADAaq6rKfzAawgg==
iINoXhfj19s=
wevlnIpF5gQ=
mhxPliEHptHFj9QPogsV2g==
k324CrhovYjza39HFbIgcg==
Bmo5/BvNCDm3SIOH8ihcqQ==
rOCib1zxlAzsvQC1C+md5w==
uLEiF63T72QJZmGI7cAhHg==
kiWWgSHc88Y=
sBlpgJYviPniO4qKYXUg9g==
U8J0EOzyS5o=
aCDcav2bmknDRvWfk+g/yw==
KQfQloKY/D4pdDc0pWGawQ==
zaiCkUDtdR06ms60Xb3dng==
i+OY5wRfsWABjKf04wX27A==
3V0rJd3Kua6H9uF4JMisxA==
Ou5l58+Ps/YuFR6gwAhWSA==
1UxNPkD47UnDb06ob6uBeQ==
qHptRakIw3iCXJXUTw3m+A==
ciFFrY/sboY=
ctukfFsYUrA=
rV2CvNn0nbs=
+p2PVVcyb5M=
1b34J+Bi8Tqcwu0hYT6YPA==
g3MauZqP2ZU=
zOd8X7SypXE=
rFZOpl43WR8=
APNRHAVZ/9c=
9TZPg8C/3HFiZuOCWngxkQ==
1A78KsVoDv4=
+LpZR7uMirc7CbMBZQZSZA==
+pdGKLbifr8=
zX40LwhnwZE=
L595OM47LR8ZxE1SrJgH9g==
L595OM47LR9jdoz8cX4ZNw==
L595OM47LR/leZseUCnL6Q==
rPX6zFHrI09Z/LZGy3GRwA==
1NKwUpzfBeAu5Pm4qVd3rg==
jdvmqpURC14=
2tSps8ov+EU=
elgoPXEmT/k=
XTr4wnXLEIU=
9cjp8P2WR9VDnChBYmmM8Q==
6NQnWDvOWxo=
v8q5qjoyndc=
9alAOW8SUAPdeTxxtZq60Q==
PGLV3fMNNB27bNQwI65Ffw==
Ju9udrW1EVA=
3UW2CsV1SeM=
Zaosbip5iDc=
teaXduVrFJE=
fw1gHppRnJuzMXe2kvS37Q==
PtGlIoRwxoOmnczR8ZlqbA==
e6NGhp2RoPs=
b7lYe0M0rqU=
WbhN/jzJsAY=
BbZm/KIl5wZVHNyuK7wWeQ==
BbZm/KIl5wZOITuRYlaMrw==
k2ILp5fCcwYhzzfXW3P8Zw==
YtDBGqKUQGA=
LZ8M3B8fERV/m4Bm3lEmmQ==
sJbYwyK2ZCxG9bxD91v/gQ==
9SVvPHORcUM=
gqFsiKX0rtgW7I/wtF+Szw==
o78G5Kq0cQE=
XEmoIw+UteI=
w1mEwLvawYQ=
sg0/4nW7/uo=
9TdcH/Px/9XukXefYygmmw==
/kQpw4jItuY=
YUb8XbFoU8t/5Ip00Z1JSg==
SMhl3vobU1c=
J6q6KcmWiQk=
v9JUAIz2jmxTy4YEqwOETQ==
lUpzyYlViA4ej5Oyyi5XPw==
g/ygRF5Bgyw=
Qhph6drij1A=
1Vakg0TCOTA=
ZKysvIgKRT4=
wBAbSqcgBtA=
CdtfIZ712AQ=
LA44cJVhP0azIaTCNdpSdw==
GivIfXtLHA4=
U0ELYGqbzcM=
7X6kI6cFvVTfIPoRdZILNw==
Q9J4vKWV34I=
Xy87itn5AAw=
3O9zmxqSI58=
ui0F9X2kDP/kZwYnRoHR6g==
i9y5OWDPndiLBjqLR85dmg==
i9y5OWDPndixLNUHeyPvkQ==
MpYpg7PWgsk=
plz2fjHIJDHm00+w9N98FQ==
tyhTxZSh7Ec+KarnSsVjDA==
OsfXnrLQf+Q=
kd7FK81krn4=
0VZYIT4gc38=
pPL2sx+ITos=
8PPPUGD8RrfryMysqH/8Sg==
kF0AyRtlSUs=
FlTuM9kpdqU=
vFbWbdSDpsc=
dYBkz53dW2A=
v9nrpW6p5YZIqNaIMuJ9wg==
go3FEldtnZg=
NYZXlOmPDM8=
3gkwRPQwgt+Kp7O5dtuSHA==
nSxCNR7H7tE=
1Vnblhe6e2s=
xrnc28qV0ms=
+DtysTtT5v8=
a9VYUGSTtBY=
Sc7yOIQIqhw=
k5b9rk8zBms=
virAw/jk4Ck=
rme7Z+QdcNY=
8Xj23il2zlM=
9Ige54RcQwo=
wy2sfFKPBuhk8Ineg/7mcA==
U6Y+Ki2JV8s=
d+gS6mLilOozY06mCb4b2A==
1PjrK7u3EmM=
Ewca6iSFYfM=
DmhvaYaF8y4=
LBBEF47WIhc=
Z5MuCabKYgw=
W7F45vQ7mJ0=
BkFyW72KufU=
1S8IubDlARI=
0GBdYy4u+goeMlDht2fJUQ==
mhgLwXh5VcI=
eUdXwyJGLZ3yEDyk4pcdWQ==
J6C1htyD6o8=
WdmA0HNtpl/+jGUvBdaoHg==
uYj2L+FWYM0=
ecMWXfW4+54=
/3I22qflEkU=
C/lBdHFq7sI=
DCc4PnCKc/hQYsDL8Zitkg==
z39rZJA9uYM=
VKZN8rHv0liubg7RtLf/aQ==
3sEFrzDFYV0=
C2xTJ0sxITo=
nr4+giUSJdc=
p9Fxky0hlhI=
3Uv8DKQWtYI=
8SAGXgFNM/Y=
A+fnMAXCJLw=
E9Eiitmp4OU=
TDPDn48qyUJiFb5wvI2Rzg==
TDPDn48qyUK2Yub1W7jgkw==
dBwhE3TB1Qk=
/VHiiIc4lKQWZEkmZfOIOg==
NqzlBBvhbl/i1PzF5fim4Q==
Bm+yn0xIHGM=
TCyFI0mGe/w=
QZ4BZ/hlb3c=
8ZIV5Ptk4fo=
ORcyUXMK+T8DIMOvu452WA==
wpS8Se3M6bVGpKVqqbmwMQ==
H6VxTkqEsyiTBvp1SuSbmg==
H6VxTkqEsyhC8dc3SfEmDw==
pXm4YmV8PEo=
jVlnMX04ifuBdkv8cfTndw==
jqab2Su36JM=
tXxluJUyUzw=
LTZ6rZpnbrc=
YJzn+SRA59pwbi1cVfAuqQ==
GNFlOaoJ4Gw=
FMWbSGo0sJ4=
WQw44W7iS2s=
rvGiauSypjZos9tApV+0yw==
CP3Dhr5eRcDJs3QEQ831Ag==
X+McBzxE413X/0dkCUzCyw==
fSoYtn1XxaQ=
kkM4ms8ph6E=
q4YZOi0lmkoxKzWkkUKhBw==
tDHoz5OxdSMyDxHvbvrkKA==
gEdiXGFD+NDcyUbDCBiGHA==
40IGxWkrjbg=
L30Ex3pqA3s=
5JwEqHqvw60=
aA+qojkYS+/hsaP4XRs7nA==
y6anq/ZC120=
Y2kVTCP9fsc=
kruUM0dw/m8=
QGWWkXrIlYU=
WEZvRVvFwQ8=
yKazgDX3sh96CJVGO5MSTg==
gi02u3s89zg=
0uS7lA08GDk=
VCkq/K26CRo=
9SOkNhINS+8=
26na2qkLEMA=
RYtwy3Fr1N0=
Grna4hfY3vGX6ciDUd02sg==
5DPKd1sw43u9Q8zAvvUmRw==
36hF3uErRU6lNL7ISIugHQ==
/doETA315QSJJOQipxe9IQ==
k81uTDRGjpvl3NnbHBj8Nw==
kd5jeHz7x80=
oeldY1nnqbI=
vIanTJ233s4=
d4fdtuSZy7A=
3Yaq5ETZpXc=
ppoBeDDbeFs=
S7FinYPprO0=
E1ZwfUAkdOo=
5dxnFTiAPLc=
lQbUEIL1FrA=
c1S5AaKoRrs=
w9dRlRGSG0I=
MxM+Hy8GTBw=
UQPRdyFqBKM=
DflXVJSeVc8Kqrbn9oqVtQ==
oqOxDYFlZ2E=
ZjyxSQsR23+j68xePC5NMw==
ZpK2DzR3F1k=
Eq+zo1JYcTkWJKcJ5q2kfA==
jF+0reFe27E=
qlDHqOEZrjg=
yCMImY8l+fQ=
dWpJxiNT6XS1WxnSkcHE9Q==
1QouUkvIDTY=
OvFIiaUljyQ2JA4/yjU2/g==
Hp+pAC+aU1g=
VA1xrrvM4CvjVl0+lkYfdg==
TJhypXieAGd7B0dyqi3klA==
zXwAjhbmvgpHdE1j69UyPw==
zIt/NjHD4gw=
LuIp/yt4Vcw=
YwRZYp3QRy5oB8GCLX1HhQ==
hi/j/dA44Gw=
/UeN6dnEr/hrf1DBw7fZlw==
/UeN6dnEr/imhfzFx1+6yA==
i0rPUEX62quj3gHcR/wr+g==
//aOVEVCb2mHn6qWElzQwQ==
WBxUvnpYw/6xgUevj7EwPQ==
eAbSkowK+XoHvDN4JEp8hQ==
y1pGsajao9U=
6isEbVI2RqA=
jyhngOtD8rIVE550eCNmYQ==
jyhngOtD8rLNaEL4hzKTgQ==
QmfRMTs7CFs=
qpPSsCXMGCU=
L6oUYsK/kqU=
kjV2gMZejec=
/Ycc5yLvqbs=
7BJ2kxj5Q9UA/i7RHgJf1w==
ODvCHElPums=
pSqIoJamEyurhSWtv31SuQ==
bATqenhvN2s=
MZKgqmOQmaA=
oDgTqXLO414=
Axz2L4k9DoY=
lv2iyNtFewU=
uzWQdUs084k=
ij87qcTOUec=
PjdoX6cF2Ac=
i4dCqMCoKlc=
JFOWl33mX5c=
8r5Dnth7Vo8=
7jiaEA4ups0=
CfKBVdo9K/k=
POV6RJztMsWtyQmOO4dPHA==
zSxYPe9blu0UnI/k/ELjXg==
cLfb3Fd32To=
OrOaPT5MA1i/tHElaE8eaw==
RHwiA4CoVVw=
v5QAQfjda3A=
/7ZfBF2xUqUu2sgjiFaI4w==
JLBK9n4IS52Weu+9/X+7gQ==
EmuxFYG8gpQ=
weeC8r0jkvk=
Gpwy058jZao=
UarNKdlYuvEOEDLGabP0Hg==
VOZnofCrsgw=
PPiSDanIbzE=
vRZaltk4N4k=
OVZFY4U72DvMvOwoSSDODQ==
tWYNmbu+cgA=
eUwbuc6qYAA=
b6lXmL7mao8=
UzcykHm8NAG8ZjZO6jXrug==
J+xbYNVmUr8=
ktiBiHSKf04=
ktiBiHSKf04=
6jVogXQFbdypDgb25LOpIw==
d2/QjrWgPW4=
5v2Yj3JTOrc=
C143ZUpPPTY=
U81N1HxK024=
R5ge4ueAY+E=
OtD/S+s+R1Q=
oFEdJ9WMpy0=
rMJK9j9cRDU=
JnrSMNscLNQ=
gPAI2Q26bm4=
nGMppLakFoo=
FuME9YY0pz4=
LUHhOBG9dhk=
X33x7SuK6BM=
P0o52k98QKE=
Z35ltRS4vEg=
JR90d12uQNo=
1T2XHbvCm+0=
zKZfZPws8P0=
UOvHppfp2P0=
07Eb/XRHrYtoDyrG3ddW+A==
5p0DjaemhAQ=
dMfN/12UkYA=
01dhsxZbb2k=
ohz84lTcYck=
XUZ2DfdRf4M=
oh9+pB552RexcQZTHr8VXQ==
EJf4vjAft6Q=
2xSdwNoUxqs=
dRNSUEB4KJc=
+pesjo7GGlU=
mYzcMI5f/3c=
XpbnsJbLQwQ=
A/B+EsoK7fE=
uWaQe1JKISM=
yqXZHFpgnas=
3gUZ6HUJ1OE=
toUi3YZPMjY=
tsvoG5bsHRs=
odo4wpMOlPA=
1K6TB+l+et4=
8i4xbTBr7t4=
phRM8SkobdM=
T3Qry3sNtyqWsnZZ8M1Kow==
u2iEqBNQyPI=
4xcXBAD7mK8=
lgJPJ4uOJr0=
dQynukSWg9I=
FwTsLrLB4pc=
Q3iwJTww9NA=
oXfFw2r3bU0=
SJMeaabvXdL0kZoo5huFWA==
ZWYHwaToOvs=
NzXZc3ikPrU=
eWOOOX59nksyHpPjZiSitg==
aQ6JL972Nnw=
qHwoAuCbwGw=
IV+6JXqXCK0=
qHwoAuCbwGw=
IV+6JXqXCK0=
IP0jSX1UOlw=
l+rHdVO1qs4=
ewK53H+rdAw=
VaQEklfOhDA=
W16UVehF1Ms=
1sByH8qllvA=
O9t31TGcmcA=
2YE0HnQ8ce0=
gZG/fWDQxvQ=
/GVXZyl2HoU=
ZHuqA+mvBXQ=
bOpFq0IqDbs=
vMcg4nZnthk=
JHUnpuxoAmU=
P+DyoTxPNfg=
Ilxw9cB8+lU=
/LLk+3uTvao=
Q7QZL53nYfU=
Q7SNekOf7uw=
T0YRHKc7biQ=
l+rHdVO1qs4=
mOqp3DvaF30=
plO6IzQVPaM=
MWvELZbGRYg=
EK9KLRzcXrw=
iPqmUjqgMb0=
gsolN/M1JJI=
qEtou5Wr0Ao=
dpLm7x2oIKE=
8bAw90RoZjk=
RAembon+sAk=
ikMSZyEN3Qs=
KSG5u/dKx8c=
085wzf2B/xI=
TUL/FrUN9AI=
a05LqAxuNf0gKln0Uf0UHQ==
AViSgIBdNU4=
ij4JdFSUpPi33J7vVDcoLQ==
iyQ5GfOmYp0=
jGx99xNmBuE=
EyX0cTm2TSQ=
kF6h4MD/kuU=
FCzltCSPouJqvo+0Vr1thg==
taB6CGoDsEU=
noPeIM3zvvv9PehiBc6LIA==
dXArkIyEVxU=
3jYGB2n9Aeg=
IyY/bCFHO9g=
v+N8B+bTzdVtHMFJsI4upg==
gDwMtZGQ9m4=
gIGjmK9eiQB6K8AGWPgN5w==
ffpwo8KkKp8=
R0wkQp+1k5c=
wtcwVfXNs20=
Rpgya+GA2ZE=
0XMf5VjirfE=
aO85z4jg+dd8rfTggiCVkA==
v4srPnmAh+E=
dQeztuDT3vg=
M5bcTadEyODt2gakdEv4rQ==
MwZQP93Ok6g=
K2fnVwwgKc0=
LBiLYnpAcJoPSH+fQC6CUA==
DWhXXZUwWyY=
oGMDiXpWArk=
1hIQUj5HJWM=
u55R1vpFuc0=
G3fXEEDJbp2M+tws0iRxug==
hjlprEX30+8=
xuUEqF7SfE4=
dXZF87fyxIq5A13jIBnGlQ==
SHEWrmhngOs=
dXZF87fyxIq5A13jIBnGlQ==
oDcBMqDnz/JmgH5orxq7Lw==
0tNAv62g+kY=
SHEWrmhngOs=
oPHlmr4v1mY=
l6ZYzUNJytw=
62aMaZPlbVk=
xlVsOHuf90M=
e9YvUc8JNSY=
87DjlqWyQXc=
hE7pHfveofmE3M6KU86JZg==
eabrz7KtGzQ=
qN3JmQL4bbQ=
zXt5hkKME7bbcr6kP3slBA==
jtdGD6i6WZU=
Hj6b5pvu3iM=
kUtweXRDtRg=
04c0hFpzJrY=
0ASw16ZIfy0=
UtoteV5hbOo=
0ASw16ZIfy0=
T4ZILEPN5MYE91TKXTnP6Q==
C68iECH9ev0=
B6pwS+MlNHo=
gnn52r7MmECELx6gcMvKqA==
LnuXcKqJaxGDGrMkhhuOYQ==
IP/+QsVpldhBWbDZO6XNlg==
kO729TOyX4c=
mOtGRmcl3cM=
6UyyY7Pv/3X4qeK+2N5WIg==
6UyyY7Pv/3VXylL74hu3EQ==
BrzzT0Pn+lkQO5fDTC+GCA==
tdrqwnKtxGeCGOWG0hgGUQ==
4a1OoNLuSDk=
ZELmpSaMQCw=
4xIh9YvpF6g=
k4kT/w5iQdSQH+Z7uuV57Q==
k4kT/w5iQdTIOEzHLKJrqg==
fHT/JDLpbKg=
TUM0CY++tQDpgVc70azTvg==
RM2LkzoLjBJEMfV723MiMg==
qmKSPOE5ymP7OuVB5bQkiQ==
gFuHUwRiLMY=
qwpDTJL1X6WdgLj4hQb3HQ==
/wfU3ajiZI77K6YKtKQepg==
IzIC7U/pl4GIPLpoOKap0w==
JQiHirt4Ocg=
WTQt5IJqH0M=
cAP5We0Pqq4=
/i6W8ubbbnM=
9REYGQ1lNlk=
GdmO6ZAqvek=
dKhpujupqkk=
R67CZSQwIoc=
yWqoxKAk4y4=
kVMOdXPG4nc=
udrmZGJbGZE=
zyN60830YrC3PhmixWHflA==
E0qh6IglUVI=
bzJ7wqDH3X4=
tfcyoQvFA6M=
P5/JKXGjxmY=
tRCex6NA6Rk=
RdQB1aY+ENE=
QAAbY/m4DgcTHe4KpqsWCQ==
mFSwsO4SoeE=
+bQYag4c9Ko=
P5/JKXGjxmY=
iNIqWO06k/Y=
FsSEDxrvFvO/iC7zuYwVpQ==
HO8ugim7z1o=
/ZN45rAHFWM=
aOUXPCWWJT8=
IIjXKX1zcDXeBurH23mhHA==
IIjXKX1zcDVVZxYUtsz7vQ==
M18WfXvAmI55y10ZvfKDCw==
su2KGTWlFo0=
KQMQc5SOBTlWwINtK3SNjA==
MYdtS0VXZkQ=
HRMbTcEbp5Y=
UkFgYyLpVy4=
fZfejN7GIck=
oAiQ7EwJPZM=
lWiPTWlioLTY/RHJgLQpwg==
brSRDzZauLk=
j9xyEW/vLXk1wRnzZIoYBQ==
brSRDzZauLk=
9BKOx0AEwwA=
P0xVPZPtH8M=
udQAfqDyumc0oI+6YL2+NA==
vElYpQnDCp4=
nS9mub2MGQc=
C/EHmYMyPwo=
Ku3DKyMpfng=
eBInGrY11TI=
b0MyZaTpVLw=
urgrW5WK22Y=
hBxh2Ml1iNs=
2YZXInRSRFg=
2xWcUz1V2Yc=
aScJTlhgt/c=
qPhASwq1Eck=
qgzbxQQpjYw=
Wh3T0b0z8zg=
Aqr9bOcqrvk=
MQJvFm2/YWtuABnTUQGU3Q==
oIN9ifMSSI8=
lwD0wHh2qF8=
ri7g89K9TXQ=
DzJFtNmON7c=
qlT0iDxUN1U=
aWz1CPmTGWA=
lyUWi1X9y6g=
UIkRwc4IJVg=
s8+o9WtGQok=
DEbQlDW0nB0=
Rj85MFFyQbk=
5WU8RdbpCUVRcxAOzaK3lA==
kqzMOFVXxfEvT0jXWCfhQA==
kqzMOFVXxfEvT0jXWCfhQA==
/STBEv1un9Y=
ZD/xnMlgcI4=
VH8YdUQMzHQ=
4g55qTYp8zI=
6Q/IIa0wuAo=
QcNUdj7kLfxCgg1fvEFlTA==
g0jPDjTVFsE=
zIgJk+nws78=
t7MiTM/WMts=
t6jvSlzmg78=
m8+vEoaPiLU=
oor9vBctNT8=
EfHRupmqf78=
Z8UYFDVazhk=
RAlw1cnNksw=
KTfGTXbN4l0=
Nie0cvaOfd8=
VhL4Ui0RTK5O9CQzTGbpTQ==
VhL4Ui0RTK5Wa2KD189wKw==
VhL4Ui0RTK4ATykauN4mTg==
6cqI0V2Soi4=
sdKaeQkOGbc=
kN8dZKCN8gM=
nR/N5qLl0Gc=
Z72q1Q+vKDY=
eiL5beZYMmpHyUH0Q3lmwA==
BOF4aFmG4mQ=
tMIiiUlPM5U=
MBoi25lyYDI=
AUUBv4lWlgep+4seKeL6xg==
811ez5Y4+WE=
vl0zuq/I5pDRGhA+llm8CQ==
WMWKThGSAFhZdvPSEcNBJQ==
0L9eIyA9pvQ=
uffaoJ1ZPDzh7KD0lW+Cow==
gb5tVdPNuCE=
KS6DaksmhfA6aLgxS1enUg==
KS6DaksmhfDeE5ALgaw7kw==
R8qr1tim1lo=
lqSAW+IDZArSOKNwT5zDQg==
kf4fqBttkKc=
iXtuFloHNz0eI+T2Fe7qGg==
iXtuFloHNz3UmpY/kIQJ7Q==
wjKccekph3w=
M8RzZKeUV8I=
9A5d/NpF+cfTT4nqY7DQlA==
SPgb38qgr5mn8wRcQ208fQ==
L3XHQLd0v+4=
PIimnDsnF8I=
zqc0e5dZbYk=
IkivCNGEaE4=
KEndAIAt1Eo=
jZioFJ617yU=
I+v49rzEaEA=
LskGIjKYv84=
a734fNhOwMs=
B2L/iFz6QT0=
ajxX6y+swfU=
XqOGryRbqI8=
Su/pIvsBmbY=
4U2ZvERQSRg=
x4ZusTYrJQs=
XU4E1NUVU5Y=
WcILeePjiCE=
Y+0qL+JM5g4=
dAokKtGwYo8=
ZoM/NwWPl3M=
e/NqCiTSOIg=
pYbpvSqQGoK0QMoOHDv/pA==
UwqQOuXd/tkw6Wezz5xp4A==
U6NSgktiXRo=
+X/xOMvAtIun402Fkvwl9A==
sGlcKoCRaOg=
yo9wUyiLJxc=
TaO0PA/E+lY=
J7kELalD3rw=
9JEF89Y4ieE=
sQEOLhYIXGM=
UAwWHPySdOY=
itiWKGKZZYA=
mujT+vSC1Jc=
Q5iTg5H/bk4=
TSYboTI5kf1LPlGmdskagw==
aAuSQ4xKcLA=
IHXrUrpzico=
8+bWrLTCmFM=
EVYG4tpAaCo=
7KoDRMg35gk=
QLxq7xoopS4=
qg3eyj+CbDc=
dKXSG67VVyA=
Yomtp7ybv/4=
oU0Vw9y8N2M=
7LjB8LiikNg=
I+59h2g0QRY=
oEk/6/ibFb4=
PQ/OlR/uqjY=
+frumeQkljLWckl6Ns4N3w==
PTsxEobgakI=
m/1yLKYOtuk=
lCXB4Wv8el8=
j7hLdtoa2rUSVVGqtyS8fQ==
640AWDSP6Se7B4B+kxml0w==
UM3YLQxRhj8=
L1CCKtPXuyMIH2eBswQ93w==
I0WQSTqQeFj7b7OWuxFatQ==
mj3DBJLKRa1DkNk6cxUv1A==
mj3DBJLKRa0H3C1Az+9Kgw==
4YM6PC3DZYqPrOMGr73w+g==
mUJBXh/B6DhTEoVpcC46Qg==
NMxKpNNiwbM=
4Vza6V+hVCQ=
+8htlLa2hrI=
RMWTImheSUHTDlAl01F37Q==
t1YGp+jHPq4=
kWi7W8XUzqd4zB66G5Woag==
bBAbI16fTGwIfJIDR2Xpeg==
PMqyot3W7B0=
ZGTBA7IbQejusrMYFACYgw==
ZGTBA7IbQegpyiP5srTpnQ==
F8CuPp4riSStJs4I1uNKiQ==
xVL1za1v/R4im5fKmygs+Q==
b4ptHD9Dx0w=
si362muUxkUU+7Pn2hwpTg==
3duJlS1l2hTwZMNE6BxiuQ==
kUivI+BYOOI=
QAqF7ADETk8=
R9edAhLl2K4=
NBZDhKhLHCM=
yzwN/yLQB1ix72t5HUGLPw==
RKpVi0AXcdOFmF+2SBCTdw==
6GOuVzMz9aZoL+HkEOedSg==
LJIUKmo+DZA=
BmwhdAAZplc=
4xbb8+MxS4YJ7UrxLKEeOA==
Lg3HX5va5FM=
lqUJxwIXNXU=
eWFl19Pb3Ow=
TS41QNP4Sj0v57tzOMZuoQ==
NQgTEj0D0YR5+3Pk+bO6vg==
K4ipVXs7S/sgnS2xkyPxHQ==
Z2EaxiuWWI3oSLdmzEIgsQ==
k1D8l3T47D8=
/ozFsTYGTept1gxSBSrmCg==
M1OIdZQ6u1g=
AOhWPh7OoO9HbYlxp683iA==
o73NhpkFLdM=
kItNt6X0/EQ=
TsYzlX0jK5M=
NXqsfGd+eQU=
dB+G+HZ2KLTG4hLseAd7AQ==
zjb191/uBCA=
iaG+XWRgeMs=
nGMrt7Z6oQ0=
S1XJEjN9+VM=
oJwJ6Z9P2aeZFVpPdsNllA==
JpqJul15W48=
AC5fHcbEtNnI0vdDA/wJRw==
pY7V9K3D1GI=
+DUTpyLJNmRl6SbynygOXA==
YknVOYpalZclEoPZ+rnXog==
QlScZhqQPLjBkhECnCxa8Q==
5/gg1ZGyZQk=
tK8LxGkeTi8=
j+fKTJ1mHnk=
Vmphsh1OcQw=
k5usouusmQA=
WyZ+m68cNmBbJfPGjtvkhw==
O4te6dmEAfs=
W2PE6IBipEM=
L0673vXfKyg=
SC9yAjRvMDez9fMl5r7kPQ==
RmP8o44hyXl5bb6h7yzD5g==
ophfvPL7EmDuaZPSxnso2Q==
dUxNXrTo00g=
JuoF8pXH70rbA19rnRvtBw==
YxXlImj59nU=
7k6JPsB0aos=
qkmVhdbXGH8=
N78F7SBm8RE=
AZHIJL8wtTk=
+UyA0Qst8j8=
kMJRZeKqJM74g9aTEUUAxA==
2ODv5p3cE0g=
tUqgsXiGda4=
c57KBH5mpAo=
0wh57Pa0lKQ=
c2vMLynGIFE=
uTmxqGH09nQ=
s8mWGapnp+4=
7C9tn/6F2SQ=
QpLruQVpm0c=
q8Cjv3egeEw=
oRlHkzz2Uno=
46xQnhby4+8=
ISlPAZtcxck=
yxv6RS9Boyg=
7sG9ChDmpDBmxBecHbjWVQ==
tFDvrpoKd+DCI9Er6+uwwg==
Yn+jerd/CXsDwjfA2nOVzw==
nQLh74d3A58=
zIgJk+nws78=
AeDXZxTwbJw=
VBXag8OOlFQ=
vN3vYm2xhYU=
kyEdaZCwKCk=
Qt/42C0AQ3A=
BL/4KzaKRx8=
tMtvxlbtTXQ=
aTNOs+/Wvd+h74u56eGL+Q==
oj36EhM6jrslkg3Fl3jJoA==
5wvsh4UPXfvWg/erAjfjgQ==
+UTu82pkveIQErHDG5KP5Q==
+UTu82pkveKThmOCe0CRpA==
I+6xyX03/7M=
AqLxa4GIKS8=
ySkusOesK/w=
B4la/sCD+Ew=
Svlt/XvjgPI=
fnCKNCffmqE=
/56RUThbL9A=
uMAtKW4GiPg=
SMsdBhI0JWQ=
YroO1LAIgUAzy5n10Kl9SA==
OgOKROoh/bc=
ASN0erLXU4E=
PRocnVf9qww=
wzkM8FaOkjKltDv/Qd7FGQ==
PNkBEJ1jopY=
GAydmkd9YHA=
x5HzjsAqBoY=
BTO3fxH9ZVw=
OD5mo9N5K9A=
UHVilX2Vr30=
1KXhSK0Vhr8=
L0DAkllZD54=
e9H+IHZUSHL0GM8MPr8ecw==
6JC4Yi36HFc=
Yv+0TPK9LRk=
khxJeu6wFzM=
U7sXYBq/XPU=
OsNp4Q++krI=
jmxL8XGI2Eo=
a8te5Y//qIo=
GEseKS3IYeI=
muulkRgYerVHz0hDs1xYjA==
iDIQtdtn0Ek=
P06h+FxgC+0=
NbK2UVThTw0=
RRiB8K9OZPo=
x17OdA4xIbI=
OSuC9PCU4vKpeHBYguO5Gg==
V4Oh9D3UK+E=
RbtMqM0gxyE=
XdRRF7TdQtw=
8pxMpXWZK1A=
K2cxOBwFszs=
5rnCApMUAjQ=
sgKNLicYoWY=
089q2A12Jf8=
/9GMZYP0FZQ=
8iUkIKd3S+4=
Boo8+K4Sw3I=
B5pCdCSEZtQ=
AlZotN6MF08RQHl6/Tjqeg==
mkTChi503Cg=
tBdCg74KdlA=
DDuDIwynT2c=
+8sdDMOaeuk=
sYbakQfX+C8=
yslxR95MwF8=
nHAhx3guN+Q=
s6JnFWetGQU=
mlSN1ovbrcY=
4G+RzHtLQ4w=
Z2zxtHIDy70=
h+QKXnnu6tGlvd968PSV+Q==
N4B3hPZSmQ9LrYHSTlKG+g==
i3eplxVQtgY=
Lj4HPvdpDHo=
pizYcqM1aVw=
YaWHqp5VVR8=
6kuUlWR+Ksc=
6LSH1aoYTHg=
L0DUJoOWYK9JPY2wrpFUHw==
7D11uv4LYqE=
fi9x231rK6s=
dzY720yU6XA=
SX0gQohsMSo=
oEFy9RWCUn0=
B0Sg4xebL48=
Xp8fcrc68JU=
PNx0OiTTJ68=
Kl22VAmDEX8=
Kgk8Va42OYkq46C43gIAug==
HfrDYr8tHZQ=
Dxjku6LlVJrVNoaFNnnNE1MUpS8+65mH
t6NDF5/cpT8=
RHBIDsqHDAYVgCGEjU7NBA==
npNhj36j2Sw=
6OvdxhIsGDQ=
H0bjPAMpJyc=
f48VFN7T5RH0PvyvIXsKZA==
SdEjt4gyuT4=
gQvzfPeEfQ8=
q02miu1ux0LWbVvhGEdYRQ==
2TjaSwUolXk=
dF+qvBU5dQLVg4zRxt62aQ==
SCj2mqY8pXNj5UHFwkS2jA==
1AhRAxob6uE=
7IG940rzczY=
ojknohNYz5c=
0uXpfpIYlNw4LLMl55OmMA==
j77FANa9/98=
f8H5b+WP7Fw=
6/kTTOKR9+A=
ByLQkJh7AD02FaUMPtqjJQ==
4sWPD/E98XE=
SSfkqTO5bRw=
38VEd+/wYBc=
SYC9uYs0h3c=
bDFrh9T53r8VCnKz2MysVg==
m0T1TdQGTUCsyfNcI91P7Q==
EbedwzbUT4c=
Gfid8WsZf3A=
sQnBiIYwwlxqAX9G+fMeXw==
HpMCUVy6Q/34ptCBokPG5Q==
7XfAAw+qvf0=
pWTEQF0IsbGQOOhYWwdcyw==
LNv2LoZ2wlZQKyhpQwlhGQ==
+o4BAv7yodQ=
4j4xRkSui6YqWWtiPzzhzw==
cqe0DYWlRzk=
dvWk0P/U13c=
fczIZRgRZsQ=
39RtZA883mE=
kKomzyE2yv0=
bvfoG4CkhK4=
X+rnmYu40Ak=
KqqLTSMwBB0=
PSt6TI1DtaY=
KhDDFj2qdA8=
uISCetPLMEo=
GIlsKQuC0uE=
LA0fZztEXew=
etN3SlUtodM=
fBIO74dDNDe7LqVCmFM6bQ==
qJi0TzG7hCk=
evqokJhtY/o=
OK7JMIWWImI=
nos+FXzFGGA=
tXLvwcFZq0k=
IsC5N5wOxxY=
Y5w2TWl6Blo=
vp80APmUtlA=
mEMcBnFfZk+iVo4J9TcNgQ==
qSaJ5PbhgfY=
rKZ5sCRTcaY=
CE7nWQLLzsI=
NctVGvfQ0LE=
hyhqhcKpRjI=
oR40ytqOGag=
gDF5ykrPiUQ=
tMGWzw8vrc3ZYswFCUG1vg==
JobJbgK0P/o=
XWXvGhsvaoc=
TSaeIaD99ItWaj/7j6oNVQ==
TKgUpSLmtJM=
AgJlZtrcSwTJsWygGtvRlQ==
8aWWHiPxrak=
3GfURMGuRcZhs/4RGDs25w==
iFzmakpi/p4=
mAjAYCbdqSA=
E7wpYrNqsyY=
0xI3lu+0HsE=
PtLCYEEtLQQ=
xTRaC9ddDxw=
AXmVnfU9V2s=
EH99J7AHRfk=
uqCMnuvjIlRWKKqTaAmsyQ==
iUuZw55uLM8=
tQzfgUtOBL8=
XV+Z0lfczJk=
bZHA6+jRPHA=
vKa2ta1TId0=
3yoa8nY7UHw=
J0LGWqVFfcA=
PyUoAY7fThE=
+m13pLx5xXI=
zTdO9Ftxyqc=
GNaZgQR4hic=
mopX9eiVYpU=
rFV3pOVCang=
dS2Wgo/Zz9s=
TExiph83NTY=
A7w1GMjuZf8=
zE+49nGiEpc=
sp/QJNOdJgM=
VfG3P/tru/28Anjr5V0OiQ==
1VK4REJ5Y4c=
d+YQag5D8BE=
ek2HXw6xJyw=
JhFyUXMARGE=
Wl/28x+u4HJAZK56vziA9A==
43Q6kp1qCwTD3Mho+t+aYA==
zn9l1BEVL9o=
d2QbRR6h5bw=
gE9vozvTLSc=
RF1bB5ybF3SGtrrOpvmwxQ==
M6cB4dhym0SWdicJOokGfw==
JDOffP7XJTRqb5kI6ECLUg==
H1BmQRqyOyACNNbDkKEjRA==
KPBizfAjSkLdrH8nzTN/nQ==
I8hqZvhC6Pg=
sJ/I38zRn81UBbScoR0IlQ==
TCXCsadWu/o=
8nR2TC0kAZ8=
Zh721iKGZhYbNC+OBLA9QA==
ZJ5p+pmVpANNZropVHemrg==
/cyL3s2/dmA=
PL7uBuVPBqY=
YHQmHf2PyyBRuLzSyrcxBQ==
BiZTaP+A9+I=
NZOmnwI5/tA=
+IQJ3tjg6o4=
LOT9PWuFTgs=
AUQwWFXVM/A=
YhScSLssxDo=
C3FkBRlvfUY=
cNTgEwonhk4=
th7xZRX6fMA=
dEcL3oiUgNI=
N7bZzndW6Sk=
u60Aca76cNk=
UWJNJHuCj9GfjinlzYdsmg==
5EQwrZUhwdgQDJNpiIeVaA==
lLZrVEpmU2N5CDsIqz53pg==
841y3syxYS51YSJQPxsTzA==
QotMcNbh+QNo/UD9+Htpig==
40CrvJIzvysk2qUN4pKvVQ==
FChxb4Fw4gMQs6lYKY95pw==
JKGCoZ1dMAI=
u60Aca76cNk=
JKGCoZ1dMAI=
sLazFCUX4Uk=
ktGSJan7+AY=
XriAD1zmpIE=
ZIZZSmOt1Lo=
p4usFSUy4SA=
qLu74T6lHn8=
Q1TTjPf/MIAMbPONVl2wcQ==
ymOdOnE52HE=
j6qzaOxAj0Q=
TGp2wfS/odA=
Ob6wdo1wOnA=
3D4B7v3p8f4=
jN2QZgZIpTI=
oxxT82FRe40=
5xRXUGtPvYE=
BB670vK3bq4=
L6D8RZspNV4=
R6z4EiNxKeeHBL4Lp28ZPw==
gusT8z11XvUBFlhJQ/+24Q==
2apgcVfByFE=
9sqbz2l/Wyc=
WjwJ+m/NETE=
ghLMx9OMAl8=
pVgHob/eiuk=
qIPxvnAO/sw=
wtTsAJ0nTyU=
uYsFC73MJNs=
fGzdzMUlj1g=
XKu4JIx9UR4=
WI4E109G2WJGw2kiw1qV5w==
VSo4iDDEEhTHO9Q5ZDuzSQ==
AxI/T+66gQU=
THQopEMjhhs=
+2ITnO3PAtLmEr9kIZnc7w==
qQFwD27FUFY=
yXNu3TtvL0k=
Ytebyzzfaaw=
B1bLBnWrwFM=
Rb7YgRP1jX8=
bU+Yln544Dw=
QaKc0wHCYa8=
c6l7yFNUWgQ=
C6y6IgMInV0=
MvFgBjN75Xs=
ZX4J8w2ZHOk=
34spylVCidE=
zz8mUr65dmg=
e16FcS/2Al0=
6LmgTAjRJcyOZvosaJEJiA==
SFpCBRmgfGs=
eYg88GZfn1Q=
R1XCWJdvm4g=
ilHszfVVc8M=
2EC4NlfTazE=
6j5MUyXAjLUy+vej28PUOA==
+LTe85ADQLU=
9jGntE0rWtlvporLDWHTBA==
IDAVSd9d4v4=
vPw34gi82Uk=
0ad7Qm6Tf5E=
JnfWZRpB0/0=
fZTxbTU0oV/ZE5PQhdcVAw==
fZTxbTU0oV/bCwsOBddprQ==
94jey4XV8X4=
pM+KeIeoPSM=
jEw9akd6yvKCgbM6prg4JA==
jEw9akd6yvLcYnD0A97Dfw==
PfrEcD0c6sI=
bmfidhc4VS4=
wnFNtsIl78A=
6TOPGjpexq2Q3mJyZq1jAA==
+CXzavyKfOA=
/ovBwQye1cFFHzzf4fMENg==
vCC1oxSGU8NQvuI6fFT43g==
vCC1oxSGU8MCMyXTvuISsg==
wU/ggPFmNLY=
StZVUhLfFns=
0zfJiC2lqMw=
Fg5e+Y4lOKY=
bHkqsCPaL98=
Nl67pjydLFA=
h3J0o7kmNzdJouyQnZUZxA==
Uv9oy9FQGM08JdfJs363nQ==
kT812qt8QlE=
SnDMgcXYNM8=
rUEbwURl7wGW9nquRmhpXg==
HMisCLH5AXg=
4Q8FG8qCfdI=
HNbK/vFCHA0=
J3X70vsfYPA=
iKCSl2oWrS8=
J3X70vsfYPA=
iKCSl2oWrS8=
ucositt4BRepvoCmRbcxog==
Eg25Z497mTH89VQ1djh6gQ==
JqlS+JU3jPw=
Ti3FVNBYUu0=
dlJ9b/D7UsE=
7ZXUYQH3yzU=
PpLuDmx4mz4=
hbBb2i8JzLg=
Vgn0FovPmqBFwc66JmWITQ==
GLW/v6bd624=
8cFJ3dRPnKE=
LWRBqdc/jbA=
Y/2id4zjCj0=
KDxXzNZe7Do=
WkDIbCgGv10=
TwmUl+WqXubhg9iF+QbdZA==
8/ItMib+m7ft8+CbvMJKXg==
Wd/RIcnD7RWc9YL1MwQpTw==
sR3nDj0+X1zMtEx/IFeztQ==
akZKl7YZ/VfuMa8TrQ43Yg==
QH7P9/VxuW4=
fs/sXmCLmK4=
z8W3GFvocAQ=
uHz006Gl/Wk=
ozZTRBhcPls=
wMQCZD8HQG4=
xY+mbBVbXwA=
t+YuZ6emG0k=
MMnGi8Er5Ck=
z0dlDOlhld0=
sywOhY2hrZE=
J1XqS3ne3s0=
DCJ3GD3uvHA=
0wF3WzUhMWk=
X0pvfzOMwkNlsNQnHQKOZg==
7yDWOItmOQ0=
M0jfMmvFdQE=
gQheX1OAqFQC8MuivQg6Rw==
jz/NY6ZvPUFkJH7bK+v4og==
WA8veOqRQRA=
gSEfsy5eM4g=
rIL8qJWVlIU=
SkZwapyXlP8=
PNQATRzQdjQ=
3/mcLcLrPyA=
oIQ3zR5sBUlKBLZKzYH8eg==
zvhlSUA8nrYzk4o1sCnLuA==
oxLWwRgh5twiUwMUyDcsvA==
+pDJaKMM/5ZuAnh9nvcpxw==
ZDLhiZb3CJlE96k+n4S0zw==
CGANDLMTXmgdcFHdRTW5AA==
yb6TbJarLcSqd5+jjTPQIg==
guOs+q17oN75SyVIsY7Htg==
tx+2yz0tDfs=
c/sR16p7hfTYqQCiHwt9yw==
WkNuq8EJksI=
0tK1fx8637k=
e3rxQ4CpU0U=
PsqIGRbsPRI=
+6xWzrAS+5g=
zwzVkUlKO7AVvqEyhuJRZQ==
fjnwisd2zDnADEWlxVefjQ==
JY/7ePt6+ks=
i74tnUt8rLHq5v6O/JW1Fg==
yMVTH9niKTFF4jrZS0CpRA==
FL3unwXFYltlbHsz6luS1w==
v2UXP9zm9Ns=
wL/Ala9vo1A=
q+FxOhBy0ko=
oARfzmOlfG8=
rRC7Q3BTOJ8=
50J5CU0StEg+SSicPfiGqQ==
gg+L3Jm1p6BK/jl3yC02bA==
udWrnLLgTcYC6ADX1aEdog==
q6CK1ZcLNII5xB79nH+bNw==
uW7RTjAFea0=
LuTenbIxxdw=
FcrHOmQwras=
8Bn6VoseomM=
gWDbN1iFFok=
2wuMyS501Ikj9tilmgMNbQ==
OsUi4yn89CA=
yQxmBcVLtHw=
bfZnzGJuE/A=
xGj33OiAVAc1gxbxFOOJdw==
q2xkG4xc8TE=
5tcSqw2KccU=
RBTjAERKsVU=
v9zaI8D8hHvULsF7dGii+g==
ucYI71x4HQp3PAJjreGOTQ==
ucYI71x4HQoy/mXizATv/g==
H8ls8imI0fQ=
ZCgQSreASeE=
bgUaKCf95og90DC+aTjfXQ==
bgUaKCf95ojP/JQ6XU6rtQ==
xZWKpjRBe0A=
fwRXQeiCGJc=
37KovCTBx4NeWCqJFuZ9BQ==
9Zvw762Los/Y5xMKIROQVQ==
BJmCI9/WNlaXWI3nkNin6g==
23rtICPYKJG9dPZdJzhEhA==
M0/ydD3gwOH6NB09/f5ItQ==
WnPpmfGAvAFjObkHJ62Tmg==
M0/ydD3gwOH6NB09/f5ItQ==
xjyBVGkHWT/sUamuV1l16g==
xjyBVGkHWT9DOGUB5p6+Tg==
xT6vFhHi0l0AiOgXnAC7Fw==
rlzr3U7/tEo=
e5220R0waLs=
Iun+FASEXB0=
V4OspfyqCXlQzDL2kiAZow==
F8BN8PmJXRV/H377Wx/85Q==
OgtZdLvxOxg=
eK3pigrA7edkb5YOX2j6mQ==
mOb4RZB04Q7ZCeTkK0Yfiw==
prBkSxLHTCXRAD+meG6LnQ==
mjO7bv6rZSxXpOLy4SAKjQ==
mjO7bv6rZSzR0GbEfxE6xQ==
5m/S/SkI8Jc=
YpKixaqyLbw=
9vckLPBf59c=
ZOUoEnn/Pns=
GkpWqxjyjm0=
13msjNE6xzN4/89STrlp/Q==
vpVVVxHQ56x2OMoeOI5E5Q==
GE7+UxMHj3Wx+YCd6kfQkg==
tOXgvz3z+m8kPkr1ngc7rA==
Mff4cDzU3N8=
fIq9WY95skg=
uftUprOyTlJcBHBxkT6R2Q==
6RajkGxNe1U=
VStfOr1woHMNj4fMSZmL/Q==
9OWKyPWNGIY=
fi6AkA8PkhD59zQx0dUkdA==
y22Wio3kGBo=
KmDtr6369xg=
c4FSfHrcXCE=
d9jna1vHc4U=
VMIY0n07el2vQm+DRTa1Ag==
D75viMohJYI=
a1OCcmilaNQ=
02oFKndsXA2jUX5ZYpaLyw==
8Rd41569goY=
+5zsuwu084A=
jZcIDNWIoGw=
AKlG3MQBCwc=
iBPoc/zIhBkOM4SVpMwKkA==
0FXTWJUCD5o=
L504Y5BefTybur6D0ckycQ==
lAzX57qH3X4tOnTACL004Q==
L0jd0qbGDOWZWIl6nGS56A==
n9VXgqPsffJNdXrFSXR3fQ==
NVQy7fX3EWN0LEccobwIIg==
O5skaCOozVM=
ByBl/GBkRFf8n6WH7blgJg==
w+Ij8aTGy+nVLq7Y96TeYA==
kZ6QTtHRpwU=
j1AHVm/D8mg=
dUEckjZCSak=
rPqSYgdy7Pk=
EBGtLAN5wno=
VXhCIP54ES0tjLW6Zjp1Pg==
VXhCIP54ES0PC8djjDyFGg==
rcFNDAC3oQ8ztzgjOxp/IA==
aRSRBJHXH6E=
d4IkYnvlgcA=
vdAmwVU4FxxiaXhgABAMng==
32q37Au5quE=
r46RaWOnsRM=
OUP4X6xzSXo=
DlQJIa30VSU=
ARU1BI+dFwg=
4K/9FFv3RKJ5CMwTI+9P0A==
+viMArXtObI=
IUwfZPTfCjU=
LWZfSXLIjdk=
qOomY8EC1ZM=
aDypYg1XJ9vfXhlUnScrUA==
9ybk47Qzqts=
QKUXO4V5fnYcIB9u95j49Q==
9aaYdxdBadLs5IiBPAiCCw==
+Ij6Li1LxVc=
IMa2LBcKKes=
m+/07ZyD4O4=
O9QdmHJ903AXKzh23Kmy3A==
lfYAvtGN/Gc=
Gl0GidaEvbj0K3TMzKxeeA==
LTFr23cenIVVZsd2Ql6UCg==
WnjbiaEzXnuPNUCmEpIfVQ==
rEv8Xapcg6sh4aqLPPuGeQ==
KsyzblAtADA=
s+NgYJc0CIeucxCIBGgGSg==
TgQIke4Zodr0wAuiW5s8yw==
WH5lFdHGp44=
gK8krHr/6FU=
eaL2BPsNRlCmIzEsIHOfZQ==
xaHG39J8ZmU=
6YpSHQu+294=
rUuo+QJcEzs=
dEmnjJrlYLnvw4aDUEIJtA==
mlDUqQg5rApbrRWVBt7wOg==
gfCJno50NIA=
xYHTAuSuCAY=
rRC7Q3BTOJ8=
oARfzmOlfG8=
udaPheV4BKM=
qV0zXyXvVIw=
Bt5FRSL/jOYibyv2Wl6zPw==
8JpHvCTavaE=
IyLcmlagkT+zzI/aavO+TQ==
78OKGT5tEuU=
n/fpztA21AW00MHXeV4lww==
a1bxmt2Qp/s=
N94GLPtkRq0N869z1zyjRA==
QCDjfO+MWlDooi1aKQB18A==
YYu5Bb11dpQ=
2Eh1b3eyxNs=
0hNzKPA28kk=
StLeG+cZjUM=
hj83d8MxkKo=
lxs72qPBlhQ=
iy960P7eMD0=
wkLa+94M0p0=
H++87nGUJgmYlNw4+jOd9Q==
gCWwGLz1ZDU=
JiuFm+EjApE=
8V4Sv+S/bGrU6NTnLc7mNA==
Xn7b0V8qUsI=
Dys797nOQK0=
kf5NSHxKXss=
fp/M3AGAy9iVZnMpiFUa4A==
3qJJnkf7pjOW5f9z8OshIA==
LX1Cuo/c6qB8kplKptWXbg==
Ba+G6qHRAmw=
1XOh12ssbTOhwZNIsoTJeA==
Mhr/Xf+akpM=
dJofccR3T8xHY1bv0ii8Hw==
BNmJjdG5c9FP0N7gUC2pLw==
0RF87gr/UnHetsEECQQkUg==
VjZLjJR3QwY=
4n2VQPWoIQmpkWpVRulvVA==
rD/Bz2V11r4=
7fmqda6Zoyw=
N7ZxAqM3HEI=
Nx3cztvXTHY=
FNNH8E1r32o=
KrmqLoxKtRA=
t7+kXoVLKZCumxQ3BoHXNQ==
t7+kXoVLKZCYBfCinCOH9w==
s2/6aBRNo3wz437l87GY/g==
NK7LK6gV+g8=
dTUBZKwFmZy1Lo4nqkZR2A==
UnwPscZZBGqk2a6K0qPAHQ==
p5VRnAezoBc=
B6GdBv9crMo=
3iOXVLqr7E6s9Q6gsqyO4w==
hJ5etgnYPoo=
Kkty49upNgk=
/sKeGc7birI=
5A8U7IyaFfE=
TxhzzCP65sY=
UiZuTy+rGB2bqaSoYzEpfg==
+Cf+U6MapO0=
sp7au5YzCdNpfHSoGiM2MA==
7QEa8yCB3Ac=
LI6aerwsSvAz8oVB3hsGWw==
Tbx607u5Dpa8VD3X+1mGeQ==
JMH9u03lOaS1ii0pEdHXLQ==
T+QIqaXd51GQ+rVq98jIrg==
KncLuhpgCW375YmIw68bQw==
tX9cesUQLS36DJZuwKPmBg==
hs/bqwX5IAI=
ubWQA1OdWPg=
ZPb+gLE4gMc=
bQrKH5lhhF8=
pQkE4KwEq9Z5SO3e08SokQ==
jRLyW7JJMzU=
bMlO2LHmzrI=
OE8JboqOe+4=
M1TiEHGzx3U=
QyZI5ecZpu8=
MoKDBB5RqTk=
TbqQzHteXEM=
r4DalRKTy0M=
Uf7s8f4Y0Ig=
/1omSqteZCU=
GaZsYNjADO4=
CxYPOIVMiiM=
pmoWALTLIZY=
XRsMSzYUttY=
Pg5JeuHIArsJAQYxeASZfg==
fo74lOkuY2eWCWxinSCU1Q==
tPLtjl0VBTo=
3N1bOF2T3ollP9RtUaPeyg==
QPrfZDGl6FM=
aXVuG9RvCi/yvlxWBxmW0A==
auOvkrMhaFPA0zAd+yVZ6A==
x9fSDlq/iJk=
CeAtY2m5aMY=
oFdmuOtW3cJp2U6t/vnhBQ==
o/MQwCK3jnQ=
6MKCTaXwTEg=
cffjUhmqtsuxVsokd/MR+Q==
EzTrUjwgCHo=
Zh5YCDzl/pY=
BDTTFBb+T74=
qqawbF11hrZzz3Q+h5HOkQ==
A9Q2umrA8wjezI2gVlQkwA==
gvXKnHUcYGg=
FJeS2bd9yxs+PkmL/MTB+Q==
68XhzT0CNH4XmDaV5dsQ6w==
I/NoU9cxns2mG6YTzK28BA==
6uhmnT33beCh28xcjlbkvQ==
J4HAG80yftE=
ktr2hnZ/vWX6jYMl7wlNpg==
clV9EHp5agY=
Uf7s8f4Y0Ig=
qub984JL033icUIkJZxqCQ==
z7KCNLpZ09jdUmIjJM+Q/g==
oiMuAjdsO/c=
ApSBdm8yh4c=
9cW2sty0IOw=
AuJ1EM533GA=
K/nSL5fgJzo=
7VGvOymH0HD2stx6XZq/Gg==
Rfhfzj7UikU=
+q57vLrk9C0=
HsnVmXhbW3Q=
nOmNmiX8m6E=
GVamlnrKaTQ=
IY5NgsOx/JU=
Zb7okeerMOk=
Qog0GcsUIT4=
59KqsjDKt804BFGxGc0iSg==
SsOwAmeOOwk=
e9QSYbm4oh4=
T2Oy3BeINV8=
Y/IlSzBThfL6fsqkb+uwRw==
BvVji/5xJPrFhaG/RMeMvw==
HTIM7S9Bh1E=
RvfTCfSqZHU=
0ad2Ob8w1as=
lkomhw4Umm4=
zjoOwm1Z9VCx7TwUTs9ucQ==
h/rXPn+iAyU=
dRdXpEBPuUA=
gIh7tIwtAL8=
HeSCIUb98YU=
qnlGsMV7yLA=
A+y+pG4aYKw=
UZZFpUAtZwk=
YKvO/hakBUE=
nSSmT8mLcM4=
jT0uQ7ilLBs=
uUyW9eIbx6E=
NemmRNbeHjk=
RUqxO/79WrE=
bJCI+xFuuhcY/9lROKjEhQ==
2OSE5XzXPx0HZb0fX6ptmg==
GQ+YapK40k1z+BohXoafwg==
pK67vFVxv9U=
stlAenj4ov3saOw3Uvx4Tw==
UG96u4SxJhs=
NCZ6kDpBNHIwnvXW32HQHA==
uq+pvXdft5M=
c+M8aPcruDk=
aimWQSN1lp0=
Ikh5fIEbOsbjTOQBEcLx3A==
6Lt76eS5Z2wKj4jHk8YhDw==
6Lt76eS5Z2wdPXypISrqaQ==
00L57y2pA9A=
5ai48II8oSY=
sec5vESifXw=
jLoL+pzuEuA=
VqL6OeVhOSs=
n5szPOfaAus=
B+AAnQWlqcdRR0IWyr8U3Q==
9HAB3wec8PwN3gRpyclZXQ==
NEFA4OKRhY0=
Wn2WiAeF2xndd4E8QiLFHA==
vzr/sNa3F6g=
h5h3KoHQKZI=
lKKIUaW7Mk8eu5bbXsdG+Q==
bK315ycYXkM=
pE9UIyZ64KQ=
UqlusgZIuoDPxKMihMdU7Q==
u5muqAm/o6E=
8iNgsUWYoME=
u5muqAm/o6E=
Gsxdz3f3VcthzDvC+CAkDw==
xM1TiiacacQ=
tNCHlBcvrEopt+Yet9nvFg==
9P7mwbJaEr7F2cc5S65Lcg==
mG12FgNVHoI=
3d1p3JmO8lE=
YQ9rMfFIppLHydGwe1MzzA==
CuyaRJ4M60I=
3d1p3JmO8lE=
7jchbA0/Juk=
gpRMFkn1gfE=
dGlQCs16ToY=
lG81fNahnd0=
2uipZCE/rTM=
jW/WdvZEGdgosD6b8UCRFA==
oUK/Q2XfovQ=
uION41VtlRA=
APzBbimHB4Y=
P0w76gFUJ48=
5ljtbzP1Te4=
gn8JKOyeJ04=
29b79EvtDe4=
TbpnhkXx54yI6clWFh6g2w==
6We8eEWFF3WGITfpwEgWHg==
6We8eEWFF3W/J0R2felPWA==
lfArRc5qhG9udKNQbUiLkw==
YH1Q0LYUZG4yGvhv+pvmNQ==
D+/Ra6cT3KI3vecW0rfCAg==
+JxJcqj0LP04HMi5AcPQ1g==
+JxJcqj0LP1r+jgQNGwTww==
FC4tQjCGgTE=
uQLD5v8+puU=
btOU80sbUP0=
J1QGiY3QtGU=
jhILa4Lrbk8tvt37XCw3TQ==
YiavRxkcUXk=
A1VQxgMEfwI=
2ggNSA0XBdo=
IGqv8aiU9BY=
rhMP3npKsg+lW6zb65+74A==
9tQqLuQF6scSqe7j6FVdtA==
c1gQ/J7IoMh9FF/TNmu9Tw==
581PHdWoH+c=
Ob9lvYVXNhk7BnvTYzCwrg==
DN5vc2HUkPQVabnuR1+r/Q==
+w8O9xDD+8g=
7Oq/8p8KDvc=
yUAz6hNnBIcu8C1bSJdlLQ==
QmeLw+v95d0=
7Y55gbZpnzY=
HZQmLb1rh4M=
JUHTo+ri6mo=
vb9Loz5Pn1Hc4Eae+nuAmw==
Npvg5FgGbZ4=
dYNKupmRvFY=
X3FwNmohMmo=
apSe38FeyRQ=
27NSMzVNnxg=
7fwyXUoz0WU=
wDrn8NpVr54=
BviRCaKuZZA=
C/3zh5TtEMQ=
vUG6k6/9oBeITHa7yQAcLQ==
gcAFWS9mivs=
hZY2P4YIXxk=
A1SPLnd6tRc=
1hcuzuHa3BQ=
WOxXEjnPL1s=
bLyEmeBNwC4=
uhqBM30+JMg=
z/Qb3L3vi8w=
iQ0a41oBiAux8vL/weJGyw==
z/Qb3L3vi8w=
AArObbsziVffHTbXTbQKvA==
iQ0a41oBiAux8vL/weJGyw==
rn5643QCwyA=
2FFs5F3TCdE=
U93KpUQv/14=
BRWWmt6EMkuEjwK1C3dN2A==
wPBNhrlMQNfu8IUoYVGidQ==
FQeY0BU1APU=
ixcPpn3vJZA=
BKuxPcSEVPk=
K8QXm7pzGns=
PxeEJ/mjUO0=
ByMUDC2v58bcO2WV0v5Qgw==
qzcPQ+Gp5N8=
dSqCLVUp0gA=
lQ76py++qjA=
oNLKRXOnyp/sEaNzEnqvOg==
yyZnk6de38Y=
Kzkw6+TA7vIFYZjCS27NoA==
GAgf3mlpJaYVcWVP8XSFhw==
jVvgruStwnk=
2ildYsG1yWw=
btDBKKX55uM=
iK3G8UDyqL0=
AF0s6ufEXT8=
2CwSe2BF7OQ=
iV3rz2QjFZzPbEB1moqU1w==
rSGGFXNdD1Ld5Ldcb0Sq+w==
sPLJQtmTl5c=
+sgT1AXFR5k=
co0zaXfGUT+vCsT2spUhvg==
m8i60aKYFZs=
ys2oRcA7DZ9bnpHwBPjWgg==
EWTsJgUyEpA=
PQm+eQAnVcztGehr4JusiQ==
66oLwo0Zpak=
ZTOoelzedBn+uJvbCSIC/w==
mSNY6THMZRg=
RLNSn1C5gYSJHBwwcPuR9A==
Y3fK7W+MYrQ=
Esruh9eGQv/FPQnb6cyiiQ==
HeeQZqyFPEymLR88jVGOaA==
lgt15+/hv40=
ldH3LDYuS+w=
+KrXGqS1BGlRcvz/nDe75w==
/5AK7Um8xn8=
tUhUbHu5k5I=
9oQ/FiJh4Es=
MIAlXZRQFxtEAGSaVnfiUg==
d98mELK1C/WrExTwWPX2+Q==
2r9cp8S6SVo=
4cmRI2sa1MVJuEuCVEGMWg==
84CTC+nqvmE=
bIFWG+nh1eQadiQ29tk0xg==
8hJL6lA/MZfJmIFzaXweLQ==
zNT+kxQB9rHWJXdjreprOw==
Dhc8PtHLLkaFzrId0lXNzQ==
3KKxcg4vXTM=
5v9CoZdHs30=
t6xarc/wZl0=
MzWuQRqdgoU=
yVxTjQjeb3U=
r4bKBD9Bu4M=
bKgb4J+n7VXKwJaMxVryFw==
7eg3Ir43Wq8=
vPUDlv9eOqA=
IGqSLvWJvlA=
VK9h+4w1SEA=
JzNvmy28myw=
VZtSLEQ5XvQ=
PRzu9YwkaWmQTo56uaB++A==
xSBn89prdLL2KkO8zzRKQw==
YcL8YfDoxKo=
dQNZbVWtoTo=
xSxv2UCer7o=
gQ1EHITVjyE=
8S5IUb6RRVA=
0W/emB0m1Io=
bQOPMWEzQ8Q=
ViutNSPosC0=
WeqdOGTqulU=
vbGHZPsx1Xc=
oKpuqlpCUDYHfQ7hUA7K2g==
Fig5vtaXsPo=
LLutP/2vfD4b6GhqflnCRQ==
YEw3X3rhldWaglaBA1qYjQ==
Z4lr6Ga7fhQ=
M08qSq65ZSE=
Slz5EMpgSvvdcJBxry3N+g==
RnAZTn6rIaJWFKjHtUKgkw==
fGCqMKIB3Pc=
BRGtPiXGwAk=
2SYbXFN/rw4=
6NkwamEDED1d4CCscbOVyg==
1POzOB8ugyA=
R+mEG1HLiRA=
f8ua8wowYwE+L+/zF2XD4g==
pGPdMLHP0dE=
qHKiAT17Pzw=
aHW1wqoRROlJvCArO8vT6w==
ovs6Jg6N2k9b+ywygwhaCA==
LLkCFo7EKnw=
6lAxyQDjj3KB/WDkmiX1OQ==
er4C8hwSZ6KTgQ8f9C3udQ==
DAe16mD++RQ=
q/HVUXJH5xo=
fe9HEQYEIyU=
4b5tRkhU4+8=
Q2t6ycfPZs4=
oiDG8LPMlso=
Q2t6ycfPZs4=
oiDG8LPMlso=
4rSpYXCB3sE=
apc2941EhOR+J8JIcZfbNQ==
4rSpYXCB3sE=
apc2941EhOR+J8JIcZfbNQ==
TW/acJ6YeBo=
Sqkjm5bmMtY=
L+clQ1yqaoo=
+1PRF+k7YRw=
Cruew8rmUbc=
8ToJA6OWFqA=
Cruew8rmUbc=
8ToJA6OWFqA=
4JBWzSM6Dm0=
OzATR0QTY2c=
XbjaN9zUs70=
DlP6eah9UJE=
dupygi5sxtI=
qmHCzFkcPt8=
XvVYgk06sqQ=
y7G0LUygjQA=
Ggz7gY3Q0Vo=
o9PJbuKSns8=
MMZR+a7qjcc=
O+1v1NAoNxg=
3Sah6PN9FuA=
Do7WGHZ076A=
O+1v1NAoNxg=
3Sah6PN9FuA=
aB4KM4gIPYY=
kZ33LqeHMwX7y5bXOw0rtA==
e3U+o/HGB0Y=
wWWxSh15l3s=
cpVlTJY3i7o=
pkdcM6QRuyw=
53AgQJTNI6A=
RVel8GGO+BFsmaJ232AIKA==
FxeFA3Iu94Y=
rbP7gpl7JAk=
VWjj54Ro/CQ=
WCw46DLWrDI=
kZvAUZDvUJs=
fS29f77WgLY=
8/cM8wIAy30=
FECEdofLru4=
X6Bmd630EfQ=
vTAgYgkpas0=
hPx7rD4jMJU=
CNuNmVqJHtCCqL/OCwF9vQ==
WlNzcZ02fiw=
agfPPcjb878=
LqVEjItwFoo=
Ogs/vDudtd8=
ctWopgR6UvA=
EIiQfqjxmYs=
Z/BfibgrDVY=
FTUApak2zR9E61o7+yKsSA==
EgIY1euvmTA=
XhQPiXNXC1Y=
Iq3Tomrzeu0=
PTtXIfiPuoE=
1UDVYcEjvVU=
cfeEWGn/VRU=
lUHk52PrtKQ=
qGMl/kMqukM=
42IncTYBBhI=
sy942JFIC+g=
tj690JdLHyk=
UIoYWG8Wdwk=
HnctlwMJT2Q=
MDqZqRDHWOY=
nDv0nTpr5qE=
VmEp9lC5a8DkF7BomIi3QA==
Sdfdajaw+VE=
TSuoFOWS82g=
16ydK5kgdvY=
/5xDwiw6i94=
3WDwVJgaWbQ=
+5Pobl2aNjg=
OynpPD8PER8=
XpbhzWfuwRU=
PsHa9DRwr3Y=
lhIo4BSC4sgluEn9cSKQLw==
5RQTx9/185o=
2dq5CWWar3Q=
ckO5/nUd8fo=
CAUJrBtWHmU=
hU1xLGKh7B4=
Tv54SRrzNds=
SFuarj3dZDU=
b2+HVi8MHPY=
tuYFMpheteha8kdgmeGVdQ==
esuf9772gYI=
lG5z4MUHlIcLmzW6axaq4g==
ZNP6ySVlBFk=
mHQP0lfisy4=
tHR8PliPTRg=
Ailr+dAubXU4ZQJOJTB5Xg==
jS2a0E5Pg5Y=
BiblYXLAUBQ=
ZxcWyjns0fE=
oLB/B0CMhDA=
5d5iC0eZ/Zi+hPjEJMD2Pg==
47wI4bMo/Io=
zTEwCi1Yxl8=
4WMkFKk2irU=
xRteiZBx71g=
6OZOXSEynu8=
e+j5PBZjabXyAdBlPwhgYQ==
9WrcLznGzfQ=
Ih5KHfQpZAI=
JzTXF7sWKoc=
QzmF8B32lYjMsr6mn6Atfg==
JmdQf/ar4rw=
61iHrn4qXro=
UUPg2nua1lI=
Oufjrhtr8cw=
TzzgbAdZ0mc=
OZcXLixpF0M=
lvsmBFIxQMU=
4QNrHCLCeSk=
htFXe2XRrZU=
MSOJAQuBKo4=
7W6DmsuWnlU=
07EqOxbc0bk=
PR0QJ+XoRP5pHO9id+GBIQ==
sCqoCMaCnL8Q13Ja4RnNcg==
XgsVA8obTRY=
7FvMr5YYXm4=
dNTCWW1+FYQ=
Dp84tmoDM/g=
NYBrIqLGxaE=
kVsFTLsoFkY=
S+go9bmau/o=
oKRLw9qcFMc=
MO8AWO+9G6w=
Py2aMffGQeI=
XKy4gnOMuHA=
sQ47scbXlwQ=
v9ODA1s6lQU=
DYdnUq/9VkI=
iAdII9Y/+UXTudCVvoUgOA==
SR9uEJcrQ2Q=
VlOHZnj7MNHKHgwYBTBaEQ==
CYjzGdQVBXw=
RAVKxZhyxg4=
ohqShNNGwC0=
XXC7rB6AEls=
+W3jeL9Cy2E=
s3W+Kp4eWik=
aPTisYSUhwk=
IqWaRvLkSbA=
i8ernGO0xC0=
IKGUtycv3CA=
cDTBN78e5KM=
LzdFv3kX/08=
5CsWPjFa3Rs=
C31/FjAWFco=
sNptC+DPdplx8UyH9ZVrmg==
cdrCI7yme2A=
dLZBcZv6c9RwjYZx2fA9+g==
ruMtRlqRK5I=
lX2PGrBm+f8=
GHKuCuSA8ko=
X+lobyR5wZwKjuV0eh6ipg==
FnENcq17PK/Cnrchl6JaKQ==
pxhjMWPlyKN/PaMhv5cd5Q==
/9jjHNgKSiOuMbsob7OtsQ==
/ZlvqM0zQPV9qX+DX0ileg==
jB6NYhwTOu8=
abRE/pOsBkM=
TySwWJlK2Ko=
R7fF7Jjuv5zDsJEV1BuLMA==
dnKpvKWyMNc=
tk9RZI7GhpKTyPWt6aByyg==
w15UBjf5KpQ=
V5pw9me7pXhuPPP+t8NsNw==
V5pw9me7pXgdrbsMSELB/w==
knDVR+ajaoQ=
csfrZWlT9wVCzdF2qWkMfA==
TkloN4Cwh20=
C/zl3zoE5Z4=
ZYA2V5N4HQo=
as5gTNMvdFM=
ZYA2V5N4HQo=
C/zl3zoE5Z4=
as5gTNMvdFM=
kXLsw22w3oc=
x6S0hn1ijNsDrVN1C18Eag==
962VSF3aOMk=
iZ108A5eVyE=
vpkXFkx7beI=
0UGyGQ0VDP4=
DxMfcVKlY2U=
cTmMHIa+/qE=
BqwawhTRSf4=
vO0wpsmZzFM=
vDasjz3/h9amfoc7OXlN1A==
BH2NvCegMr1HydoHcBDAFA==
lf4H81ZEF4Q=
n1PtzmuFbJ4=
2SI01vLfDRE=
iJZLt/hIBJU=
B+jJjZwaqy8=
JOMTKvwiNoQ=
wqofN+u7aso=
oQrkZaWDoUc=
Dec5TsfojqY=
BxZfJSBY9Ko=
BiJRA5KLC+85Srz5A0sNHg==
G9jwEnP0Zq4=
JmBxSwr4Bp8=
SV4GFylW2Io=
O5Y8Op2WH40=
DVi2cn74k90=
2drvaE2Ki2o=
yR2o0Keg5Wc=
tnNrk2lsKTo=
p8/3HTffDNs=
cirsSraKqU8=
B/WfVAMgqac=
7qXTd6hIl8E=
uX4Ra48QaIY=
6QqVZjKMHaw=
b/ZywdvV0p/2KTZTEd7QXg==
3IpMlQRFsuFECZwQZS1vlg==
EfG+aIi9YJU=
ZIZU4EoJMVVxZIuTTpezAA==
aAzX192kFgAZPI1u532DUQ==
gR50b5E51rc=
F4LthopKFGM=
uY1lsDwwEzQ=
Aku41u+rHXU=
V/Wsi6fEmNE=
SZb/9mkLbVU=
r1aVIRzC6eA=
GzUMV6p8W7U=
YtIktiWiL2s=
pfzccfsC0BGEF3WSRxGTVQ==
1Rput7WC7d0=
cWJvnr4VJPE=
sdI10CJvLwQ=
KFXRRNz2Wtw=
ZizXXAYzUvg=
LgIdeOR7YPnj51KJxyDf6A==
Fr/8XXzYQeKFQligPZMgJA==
052GjYFuh+U=
cSFoBqUQtbY=
8P871BJEQM8=
pJtRZysikoE=
xS5NQIPS1AQ=
C/MeVzPVJiw=
KoYxSBZzdhw=
7OKhDi5OPCk=
tgz29A4hpPY=
NZG5UkoMA5s=
ZEkJARo7FgI=
4kM/9t2PR3g=
ZEeGHDsyqhIttmJVth+OEg==
6VPKRQ91OCc=
GKJA2G8dLfo=
c/zYHBZ8mUsa4DkrDilJ7g==
NbBajD64fr0=
8xnNzSN3+34=
ttXILmKmzGM=
sxuLJYHjVAo=
pWDX3+VfPoI=
vEYewm95yAs=
hzXmFAhPOii2gbP0u7tk6A==
11wy1L5guuo=
sH3yzwT8H/A=
EJdnOen8jBvxTPfsHy48wQ==
zO3mgY9D5As=
tTvCDyQh3Gs=
L9dzg49KsrI=
0E4uTfUnMSg=
mTTNmmNcZk0=
w7Lu7rj8XfE=
lODVq+HfYhCi7SCWtAf+uQ==
+gHr9YTGL6AiNk6M0uM6ng==
5e1roug5ekxu7VNLuf1nJg==
qDa2hLgFzvo=
0aVWoCea9G4=
dN0AgFCObuA=
TLIqQ1xI/TQ=
9HX0ZoDg7tM=
kdtaoTIA5gc=
mjdhZqG8UR0pJvNYJOW0vA==
Lm0U7Jm6mQ0=
sMWmNkFMv/U=
CKsvrHbLaog=
QHy0a2QSwwQ=
9ESOvYJoYdT0eX8LN0qLvw==
twphtOBsEUE=
fIAano1Xoow=
Hp75uqlukAg=
QkX7UTu8XL0=
MI8O+xZEgsNIQ14piGs26g==
uLo/r4CU2Cs=
PYqR9Ai1Ofo=
FW5ZWMEwgPQ=
ue40LZ21sQc=
sy8CdEzMO2I=
VF9Tl2FoMFw=
uZxYeaU8v8g=
YdRQHV3ifTc=
1bBM6WLz2cH3e5Eze27KGw==
YdRQHV3ifTc=
spctdTJB/B8=
wuiUutpMnFY=
Voi5WcQO1tM=
Z3LMYXIeOvs=
BKXcSNbV8To=
9mVTPrnvWww=
aC+khnFLm3A=
3anqgqG3iTc=
HjbyMiEdygA=
Qtw9/1UyEmo=
N4yvlVDjK9o=
xcJzaDT7pfU=
3anqgqG3iTc=
JJSXI+943I0=
3anqgqG3iTc=
fE+EnHUnvi4=
lL5IS27IfpQ=
rX0EVSNtKPg=
qJPdfeJMVFA=
0/5VrvMMxtc=
0W2IsqA0lms=
eAJLhM5kr/npxPn3VrlbAA==
dHhqM+r39Ec=
lcULseMV9Es=
f+WK1eiVWdV3X0LNeqwWJA==
/shZi80AEgo=
tPhtm5NsS54=
/cysxI6DjMU=
xVc59T14oZ0=
g1qg85d4R7U=
fb9E7G1rqnA=
MV9N+ULuxRo=
ani3MkV+6MU=
WCyxXmmjf8g=
ZOLtHtpG13k=
4O5yp+wcNHHkk+8zkzxM7g==
Yu41Df/S0SE=
qSuv+t7epyw=
dW3c2Sto/CM=
j0Gs/EG5SXs=
LPDYYYf7Rko=
wUdIWrb9i+g=
irj7uN57zeI=
cUWqb4hj7Qg=
W/ErqlKer3Q=
W/ErqlKer3Q=
HzCtBiAaRN4=
FNlZZWIgv/s=
gmfpi7+ZpcQ=
vdv0d4E+Avw=
eCGzlJ47kgA=
bZbil4Xps3g=
iCOgR88cBhI=
Qjg0DzcBjT0=
+JvKu55cg7w=
HgNBaTcs1wA=
1zrPcF6fVqk=
ijcoXd5jwfQ=
bqcYrQaMB+k=
iCOgR88cBhI=
eRwyFfot53X8J5pm2p5JTg==
6XMRR6smNd8=
NvFeJsKetjk=
40XcvnLCJ+g=
85S99opmnJk=
NUd4c17o/wU=
xcJzaDT7pfU=
NUd4c17o/wU=
2pMUK9KODoc=
vwt2DJrSgd4=
wncs7F/zta8=
JVrfEty6VFE=
XM4mrpU2akM=
Ajw2OUqqJAw=
WXwve9OijdM=
vTKkmt9jtzc=
rRTvoXEvpW8=
jwp4dHfrBqs=
CF4wS+WOdzs=
8o+lbFWXbp4=
QAsPuRH/0bQ=
kgyJrjAMYoI=
TFicepP6raY=
zBkuNH2zIxE=
rAEIl3FPixw=
7w386DghRlY=
yU7XcQK9LNV++/5Tv+bphA==
yDLxF5xjM4o=
F4o+zSJPyl0=
HPEFLYuJu+4=
GmqWXvVu5xg=
TWlVzw8ucvI=
zyW1KIKBlII=
WpW8xNhgvPM=
bKJDvRELLkw=
EYAGwSSaUik=
jzKcxWiD7HY=
NfY9piNcv44=
HZny9dJA734=
0UKAG9JqSRY=
CYUjT+Cxqpk=
wWRj02pWjt0=
NYWJmM5fmXo=
iSPdTSyJ9Ps=
nNNGsEskDQA=
2jz4D2XvcEk=
tpy5l9xQU6s=
CpsDsrUDdiM=
ippP6zh00LQ=
WZK8SjC4TUw=
UVaAYnu4uio=
Lq4wteTa4nU=
QDvsNdIhoD3uMcoQuT02yg==
ym7kDo1lTtg=
THaFDuYd5Xw=
aH2u5/fsh4aal4fLpW3rHQ==
YJ49CqLbk2ejef6C5sNCAA==
D86OWT3mHSA=
tMrcDld8O28=
D86OWT3mHSA=
voM2XgxYNCw=
EErPM5V6x7E=
ZkQIlAI9r9I=
blWw0/mTr+k=
LyxysVOF6kE=
4mhZ4CH98bM=
sXc8EWjWlIk=
px0w+L5mvMA=
0712qx4H/tI=
1fjMATu8oDs=
HWiwEVBjhCw=
kCRmfPDqWvY=
wELKxs+X04A=
5kDD6n14SmQ=
H+mowexDf+4=
9DKrIB5OHY4=
H/zgas0FhFg=
idco5bLXVnY=
AhWicMgHROc=
SqkgMo16VSs=
ztSvjaFGiX0=
3IJwcAR7nTw=
uZ/SteNsd8I=
+rwZPdkJpuU=
mqPzRt9CUP8=
9drumlDBAco=
NkiIx3kEOKJryJuZc03zIQ==
Xp3eaIC98Ww=
skCAjbyLylw=
DbQRdy5ZVeE=
vTp40hhmQco=
509lgptOBX8=
14zBiEm+vTgQiFh9k1DHqw==
WhlwrPgUEiY=
7iRBSnhx+b8=
QQhzP0SDFsI=
zR309UihPADM0XCrprXXEA==
zR309UihPAB4Ky/DbDRHrA==
wntEO0oYOuM=
xcW3V+xpa48=
6seVWKvvFWM=
TGMttnd7/cE=
VCWeL9k89Po=
UNQJeZ7mT2sT4GI1Qongjg==
FBUQgxcn434=
CedCPiT4z1o=
qALzWyIKJ1M=
vNJ0SAQ+Rdg=
9ujofR0fJkU=
0+iiRoGIex4=
8vJB6sxqcRk=
A8XFW9boo4Y=
hkX4E3MYLDs=
uqrflO63KsXmSxphVjneIQ==
bUm1K3KoWZM=
CRnznprDBCg=
