A'ADARSHINI
A'DAB
A'IDAH
AIDA
A'INAH
A'ISHAH
AISHA
AYISHAH
A'MARIE
AAARTI
AABHA
AABHARANA
AAD
AADAB
AADARSHA
AADARSHINI
AADH
AADHANA
AADHAYA
AADHYA
AADI
AADISHREE
AADISREE
AADIT
AADITA
AADRIKA
AADRITA
AADYA
AAFREEN
AAGAM
AAGYA
AAHALADITA
AAHANA
AAHELI
AAHLAADITA
AAHNA
AAHUK
AAHWAANA
AAINA
AAKAANKSHA
AAKAKSHA
AAKANKSHA
AAKARSHA
AAKARSHAKA
AAKARSHANA
AAKASHI
AAKEEN
AAKRITI
AALIA
AALIYA
AALIYAH
AALOKA
AAMAAL
AAMANI
AAMODINI
AAMRA
AAMRAPALI
AAMUKTA MALYA
AANADI
AANAL
AANANDAMAYI
AANANDI
AANANDITA
AANANDI
AANANDITA
AANCHAL
AANISHKA
AANU
AANWIKA
AAPT
AAPTA
AAPTI
AARADHANA
AARADHYA
AARALYN
AARATI
AARATRIKA
AARINI
AARNA
AAROHI
AARSHIYA
AARTHI
AARTHIKHA
AARTI
AARUNI
AARUNYA
AARUSHI
AARZOO
AASA
AASHA
AASHA LATHA
AASHALATA
AASHALATHA
AASHAY
AASHI
AASHIKA
AASHIMA
AASHINI
AASHINYA
AASHIRYA
AASHITA
AASHIYANA
AASHNA
AASHNI
AASHRITA
AASHRITHA
AASHVI
AASIA
AASIKA
AASMAA
AASTHA
AATHIMANTHI
AATHIRAI
AATHMIKA
AATIKAH
AATMAJA
AAVNI
AAYUSHI
ABA
ABABA
ABANI
ABARAJITHA
ABARANJI
ABARNA
ABBA
ABBIE
ABBY
ABDA
ABDHIJA
ABEER
ABENA
ABENI
ABH
ABHA
ABHARAN
ABHARIKA
ABHATI
ABHAYA
ABHAYAA
ABHAYANKARI
ABHEESHT
ABHIDHA
ABHIDHYA
ABHIGEETHA
ABHIGYA
ABHIJAATA
ABHIJATA
ABHIJAYA
ABHIJISHYA
ABHIJITA
ABHIJITHA
ABHIJNA
ABHIKHYA
ABHILASA
ABHILASHA
ABHILASHITA
ABHIMANINI
ABHINANDANA
ABHINAYA
ABHINETRI
ABHINITHI
ABHINIVESHA
ABHINOOR
ABHIPRITHI
ABHIPSA
ABHIRA
ABHIRAMI
ABHIRATHI
ABHIRI
ABHIROOP
ABHIROOPA
ABHIRUCHI
ABHIRUPA
ABHISARIKA
ABHISHIKTA
ABHISHRI
ABHISRI
ABHITHA
ABHITHI
ABHIVYAKTI
ABHRAMANI
ABIA
ABIBA
ABICHAL
ABIDA
ABIDAH
ABIE
ABIGAIL
ABIGAL
ABILASHA
ABIMOLA
ABIONA
ABIR
ABEER
ABIRA
ABIRAMI
ABISHTA
ABJA
ABJINI
ABLA
ABLAA
ABLAH
ABLA
ABMEL
ABOIL
ABOLI
ABRA
ABRIAL
ABRIANNA
ABRIELLE
ABRIENDA
ABRIL
ABRU
ABSARA
ACACIA
ACANTHA
ACCALIA
ACCHODA
ACELIN
ACHAL
ACHALA
ACHIRA
ACHIRAPRABHA
ACHIT
ACHLA
ACHYUTHA
ACIE
ACIRA
ADA
ADABELLE
ADAG
ADAH
ADAIR
ADAKAVALLI
ADALIA
ADAMA
ADAMINA
ADAMMA
ADANNA
ADANNE
ADARA
ADARSH
ADARSHA
ADARSHPREET
ADBHUTHA
ADDIS
ADDISON
ADDO
ADEELA
ADELA
ADELAIDE
ADELE
ADELIE
ADELINE
ADELLE
ADELYNE
ADENA
ADEOLA
ADERES
ADERET
ADERYN
ADH
ADHANA
ADHARSHANA
ADHIDEVATA
ADHIKA
ADHIRA
ADHISHREE
ADHRUSHTA
ADHYA
ADHYATMIKA
ADI-SHAKTI
ADIA
ADIBA
ADIE
ADIJA
ADILA
ADILAH
ADEELA
ADILA
ADIMATA
ADIMULA
ADIN
ADINA
ADIRA
ADISAKTI
ADISH
ADISHREE
ADISHVAR
ADISIMHA
ADISREE
ADISRI
ADITA
ADITHA
ADITHI
ADITI
ADITRI
ADITYA
ADIVA
ADIYA
ADNA
ADNAH
ADNEY
ADNROMEDA
ADONA
ADONIA
ADONICA
ADORA
ADORE
ADRIANA
ADRIEL
ADRIENNE
ADRIJA
ADRIKA
ADRINA
ADRISA
ADSILA
ADVAITA
ADVIKA
ADWITA
ADWITEYA
ADWITHIYA
ADWITIYA
ADY
ADYA
AEGEA
AEKTA
AELAN
AELWEN
AEOLA
AERONA
AESHA
AFAF
AFFRICA
AFI
AFIA
AFIFA
AFIFAH
AFRA
AFRAA
AFRAH
AFREEN
AFRIC
AFRICA
AFRODITE
AFROZA
AFSANAH
AFSAR
AFSHAN
AFSOON
AFTAN
AFTON
AFYA
AGAJA
AGALIA
AGALYA
AGAMJOT
AGAMPREET
AGAMYA
AGANEE
AGANIT
AGASTHI
AGASTYA
AGATHA
AGGIE
AGHAMARSHAN
AGHANASHINI
AGHIGH
AGLAIA
AGNAJITA
AGNES
AGNETA
AGNEYA
AGNIDEV
AGNIDURGA
AGNIJE
AGNIMITRA
AGNINAYAN
AGNISHIKHA
AGOCHAR
AGRASANDHYA
AGRATA
AGRATHA
AGRIMA
AGRIYA
AGYA
AHALYA
AHANTI
AHAR
AHAVA
AHD
AHILYA
AHIMSA
AHISMA
AHLADINI
AHLADIT
AHLADITA
AHLADITHA
AHLAM
AHOU
AHOO
AHRIA
AHRMSHULLA
AIDA
AIDAH
AIDA
AIDAN
AIDEEN
AIESHA
AIKEN
AIKO
AILANI
AILEEN
AILIS
AILISH
AILSA
AIMEE
AIMIAH
AINE
AINGINI
AINI
AINSLEY
AINSLIE
AIRA
AIRELL
AIRLIA
AISHA
AISHAH
AISHA
AYISHAH
AISHAH
AISHANI
AISHI
AISHITA
AISHWARYA
AISLIN
AISLING
AISLINN
AITANA
AIZZA
AJA
AJAA
AJAGANDHA
AJAIPAL
AJAIPREET
AJALA
AJANTA
AJANTHA
AJASTHA
AJAY
AJAYA
AJEETA
AJEYA
AJIA
AJINDER
AJIRA
AJITA
AJOONI
AKAAL
AKAISHA
AKAL
AKALANKA
AKALDEEP
AKALIGAI
AKALJEET
AKALJOT
AKALKA
AKALKEERAT
AKALPREET
AKALROOP
AKALYA
AKANE
AKANKSHA
AKARA
AKASHA
AKASHLEENA
AKASMA
AKHILA
AKHILJEET
AKHILPREET
AKHTAR
AKIA
AKIKO
AKILAH
AKILAMBIGAI
AKILANDAM
AKINA
AKIRA
AKIVA
AKIYATRI
AKLIMA
AKRITI
AKSAYINI
AKSHADHA
AKSHAINIE
AKSHAMALA
AKSHARA
AKSHATA
AKSHATHA
AKSHAYA
AKSHAYAA
AKSHDEEP
AKSHERA
AKSHI
AKSHIKA
AKSHITA
AKSHITI
AKSITHI
AKULA
AKUTA
AKUTI
ALABHYA
ALAGU
ALAINA
ALAK
ALAKA
ALKA
ALAKA
ALAKANANDA
ALAKNANDA
ALAKSHA
ALALAH
ALAM
ALAMBUSA
ALAMEA
ALAMEDA
ALAMELU
ALAMU
ALANA
ALANKAARAM
ALANKARA
ALANKRITA
ALANNA
ALANNIS
ALAQUA
ALARICE
ALAULA
ALAURA
ALAYNA
ALBA
ALBANY
ALBEL
ALBERTA
ALBINA
ALCINA
ALDA
ALDIS
ALDONA
ALECIA
ALEDA
ALEESHA
ALEGRIA
ALEINA
ALEKHYA
ALENA
ALERON
ALESHANEE
ALESIA
ALESSA
ALESSANDRA
ALETA
ALETEA
ALETHA
ALETHEA
ALETRICE
ALETTA
ALEX
ALEXA
ALEXANDRA
ALEXANDRIA
ALEXIA
ALEXIS
ALHENA
ALI
ALIA
ALICE
ALICIA
ALIDA
ALIHAT
ALIKA
ALIMA
ALIMAH
ALINA
ALIPTHA
ALISA
ALISHA
ALISON
ALISSA
ALIYA
ALIYYAH
ALIAH
A'LIA
ALIYYAH
ALIAH
ALIA
ALIZA
ALIZE
ALKA
ALLANNA
ALLAYNA
ALLEGRA
ALLENE
ALLIE
ALLISON
ALLY
ALLYSON
ALMA
ALMAS
ALMIRA
ALODIE
ALOHA
ALOHILANI
ALOKI
ALOPA
ALPA
ALPANA
ALPHA
ALPITA
ALSATIA
ALSO LEILAH
ALTA
ALTESSA
ALTHEA
ALTSOBA
ALTTHEA
ALUDRA
ALVA
ALVIS
ALYN
ALYSON
ALYSSA
ALZUBRA
AMA
AMAANYA
AMABLE
AMADAHY
AMADALIKRI
AMADIS
AMAL
A'MAL
AMALA
AMAL
AMAL
AMALA
AMAL
AMALA
AMLA
AMALA
AMALDEEPTI
AMALIA
AMALIE
AMALINDER
AMAN
AMANAT
AMANDA
AMANDEEP
AMANDIP
AMANDLA
AMANI
AMANJEET
AMANJOT
AMANPREET
AMANROOP
AMARA
AMARANTA
AMARANTE
AMARAVATHI
AMARDEEP
AMARI
AMARIS
AMARJEET
AMARJIT
AMARJOT
AMARLEEN
AMAROOP
AMARPRABHA
AMARPREET
AMARTA
AMARTHAKALA
AMARTHI
AMARTHYA
AMARTYA
AMARYLLIS
AMATULLAH
AMAVASHYA
AMAYA
AMAYETA
AMBA
AMBAALIKA
AMBALI
AMBALIKA
AMBAR
AMBER
AMBERLEIGH
AMBERLEY
AMBERLIE
AMBERLY
AMBHASA
AMBIKA
AMBIKAI
AMBRUNI
AMBU
AMBUDA
AMBUJA
AMBUJAKSHI
AMBUJAM
AMBUMANI
AMEENA
AMEERA
AMELIA
AMELIE
AMENA
AMERICA
AMERICUS
AMEYA
AMI
AMIDI
AMIE
AMIEL
AMINA
AMINAH
AMEENA
AMINAH
AMINEH
AMINIA
AMIRA
AMIRAH
AMEERA
AMIRAH
AMIRI
AMIRTHA
AMISHA
AMISHI
AMISHTA
AMITA
AMITHA
AMITHI
AMITI
AMITJYOTI
AMITRASUDAN
AMITUSHA
AMITY
AMIYA
AMLA
AMLANKUSUM
AMLIKA
AMMA
AMMAN
AMMANI
AMMAPONNU
AMMU
AMODA
AMODINI
AMODITA
AMOGHA
AMOLIKA
AMOOLYA
AMOR
AMORA
AMORINA
AMORY
AMRAKUTA
AMRAOO
AMRAPALI
AMREET
AMREETA
AMRIK
AMRINDAR
AMRIT
AMRITA
AMRITAMBU
AMRITAYA
AMRITHA
AMRITHAVARSHINI
AMRITKALA
AMRITLEEN
AMRITRASHMI
AMRITVAANI
AMRUSHA
AMRUTA
AMRUTHA
AMSAVENI
AMSHU
AMSHULA
AMSHUMALA
AMTULLAH
AMUDAMOZHI
AMUKTA
AMUKULITA
AMULYA
AMUTHA
AMUTHAN
AMUTHAVALLI
AMUTHESWARI
AMVI
AMY
ANA
ANAAMIKA
ANAAN
ANAAR
ANAARKALI
ANADIL
ANADJOT
ANAGHA
ANAGI
ANAHATA
ANAHID
ANAHITA
ANAIS
ANAIYA
ANAJANA
ANAKA
ANAL
ANALA
ANALAA
ANALIESE
ANALILIA
ANALISE
ANAM
ANAMIKA
ANAMITRA
ANAN
ANANA
ANANDA
ANANDALAKSHMI
ANANDAMAYI
ANANDANI
ANANDI
ANANDINI
ANANDITA
ANANDJOT
ANANDLEEN
ANANDROOP
ANANGEE
ANANGU
ANANIAS
ANANTA
ANANTAA
ANANTARJOT
ANANTHA
ANANTYA
ANANTHA
ANANTHI
ANANTHINI
ANANTI
ANANTIKA
ANANTYA
ANANYA
ANAR
ANARGHYA
ANASHREE
ANASOOYA
ANASTACIA
ANASTASIA
ANASUA
ANASUYA
ANATA
ANATHI
ANATOLA
ANAVI
ANAYA
ANBAR
ANBARASI
ANBUMOZHI
ANCELIN
ANCHAL
ANCHALA
ANCHITA
ANCHORET
ANDAAL
ANDAL
ANDALEE
ANDEANA
ANDIE
ANDOLIKA
ANDRA
ANDRALYN
ANDREA
ANDREN
ANDROMEDA
ANEESA
ANEESH
ANEESHKOUR
ANEKO
ANEMONE
ANERI
ANEVAY
ANEYA
ANGAJA
ANGANA
ANGARIKA
ANGEL
ANGELA
ANGELIA
ANGELICA
ANGELIKA
ANGELINA
ANGELIQUE
ANGENI
ANGHA
ANGIE
ANGIRA
ANGLEEN
ANGOORI
ANHA
ANHITHI
ANI
ANIA
ANICA
ANICHAMALAR
ANIDEEPA
ANIDIPA
ANIDITA
ANIHA
ANIKA
ANIL
ANILA
ANILAJA
ANIMA
ANINDITA
ANINDITHA
ANINTIKA
ANISA
ANISAH
ANISE
ANISHA
ANISHKA
ANISSA
ANITA
ANITHA
ANITIA
ANITRA
ANIYA
ANJA
ANJALAI
ANJALEE
ANJALI
ANJALIKA
ANJANA
ANJANI
ANJEELA
ANJELITA
ANJIKA
ANJINI
ANJU
ANJUGHAM
ANJULI
ANJUM
ANJUNA
ANJUSHREE
ANJUSHRI
ANJUSHREE
ANJUSHRI
ANKAL
ANKAMMA
ANKAMUTHU
ANKITA
ANKITHA
ANKOLIKA
ANKTI
ANMISHA
ANMOL
ANMOLIKA
ANN
ANNA
ANNABEL
ANNABELLA
ANNABELLE
ANNACELLIE
ANNADA
ANNAKAMU
ANNAKILI
ANNAKIYA
ANNAKODI
ANNALAKSHMI
ANNALISE
ANNAMAL
ANNAMAYIL
ANNAN
ANNAPOORNA
ANNAPURANI
ANNAPURNA
ANNE
ANNEKE
ANNELIESE
ANNELISE
ANNETTE
ANNICE
ANNICK
ANNIE
ANNIKA
ANNIS
ANNISA
ANNISSA
ANNJAYA
ANNONA
ANNORA
ANNOT
ANOKHI
ANOONA
ANOUKA
ANOUSH
ANOUSHKA
ANSHA
ANSHI
ANSHIKA
ANSHITA
ANSHU
ANSHULA
ANSHUMAALA
ANSHUMALI
ANSHUMITA
ANSRUTA
ANSTICE
ANSUYA
ANTARA
ANTARIKSHA
ANTARJOT
ANTARPREET
ANTHEA
ANTIMA
ANTINI
ANTIONETTE
ANTOINETTE
ANTONIA
ANTONIE
ANU
ANUBAM
ANUBAMA
ANUBHOOTHI
ANUBHUTI
ANUDEEPTHI
ANUGA
ANUGRAHA
ANUGYA
ANUHYA
ANUJA
ANUKAMPA
ANUKRITI
ANUKULIKA
ANULA
ANULATA
ANULEKHA
ANULOMA
ANUMATI
ANUMAYA
ANUMEGHA
ANUMEHA
ANUMITA
ANUMLOCHE
ANUNAYA
ANUNITHA
ANUPA
ANUPAMA
ANUPRABHA
ANUPRAMA
ANUPRIYA
ANUPURVA
ANURADHA
ANURAGA
ANURAGINI
ANURANITA
ANURANJANA
ANURATI
ANURITHI
ANUROOPA
ANURUPA
ANUSHA
ANUSHAH
ANOOSHAH
ANUSHAKA
ANUSHEELA
ANUSHKA
ANUSHREE
ANUSHRI
ANUSHULA
ANUSREE
ANUSRI
ANUSUYA
ANUTHAMA
ANUTTARA
ANUVA
ANUVINDA
ANUVRINDA
ANUYA
ANVI
ANVITA
ANWAAR
ANWESHA
ANWITA
ANYA
AOIFE
AOKO
AOLANI
APAAR
APALA
APARAA
APARAAJITA
APARAJITA
APARIJITA
APARIMITA
APARJITA
APARNA
APAROOPA
APEKSHA
APEKSHAA
APHRODITE
APINAYA
APNA
APNAA
APOORVA
APPALA
APRIA
APRISHUKTA
APSARA
ADUKE
APSARA
APTI
APURBA
APURVA
APOORVA
APURVA
AQILAH
AQSA
AQUA
AQUARIUS
AQUENE
AQUILAH
ARA
ARABELA
ARABELLA
ARACELI
ARACELY
ARADHANA
ARADIA
ARAMA
ARANAM
ARANYA
ARASI
ARATHI
ARATI
AAARTI
ARATI
ARAVALI
ARAVALLI
ARAVANI
ARAWN
ARCELIA
ARCHA
ARCHAN
ARCHANA
ARCHI
ARCHINI
ARCHISHA
ARCHIT
ARCHITA
ARCHNA
ARCISMATI
ARDA
ARDAH
ARDARA
ARDELIS
ARDELLE
ARDEN
ARDICE
ARDITH
ARDRA
AREEBAH
AREEJ
ARELLA
AREN
ARETHA
ARGHAVAN
ARGHYA
ARI
ARIA
ARIADNE
ARIANA
ARIANE
ARIANNA
ARICH
ARIEL
ARIELLA
ARIELLE
ARIEN
ARIES
ARIJ
ARIKTHA
ARIN
ARINA
ARION
ARIONA
ARISSA
ARISTA
ARIVARASI
ARIVAZHAGU
ARIVUCHUDAR
ARJA
ARJAN
ARJNA
ARJUNI
ARKA
ARKESH
ARKITA
ARLAIS
ARLENE
ARMAANI
ARMAGHN
ARMANI
ARMEET
ARMELLE
ARMIN
ARMINA
ARMINDER
ARMINE
ARMITA
ARNALINDER
ARNI
ARNIMA
ARNON
AROGYADA
AROMA
AROOB
ARPAN
ARPANA
ARPITA
ARSHA
ARSHEYA
ARSHI
ARSHIA
ARSHIYA
ARTANA
ARTEMIS
ARTEMUS
ARTI
ARUB
ARUHI
ARULASI
ARULMOZHI
ARULNANGAI
ARULVADIVU
ARULVANI
ARUMUGATHAI
ARUNA
ARUNAMSHU
ARUNDHATHI
ARUNDHATI
ARUNI
ARUNIKA
ARUNIMA
ARUNJIT
ARUSHI
ARUTCHELVI
ARVA
ARVID
ARVINDERJIT
ARWA
ARWEN
ARYA
ARYADASI
ARYAHI
ARYAKA
ARYAKI
ARYAMA
ARYAMALA
ARYANA
ARZOO
ASA
ASAAVARI
ASABI
ASAH
ASAL
ASALAH
ASARAT
ASAROOP
ASAS
ASASIA
ASAVARI
ASAWARI
ASCHARYA
ASEELAH
ASEEMA
ASHIMA
ASEEMA
ASFAQ
ASGARI
ASH
ASHA
ASHADEEP
ASHAKIRAN
ASHALATA
ASHANI
ASHANTI
ASHAPURNA
ASHARA
ASHAVARI
ASHBY
ASHI
ASHIKA
ASHIMA
ASHIQA
ASHIRA
ASHIS
ASHITA
ASHKA
ASHLEIGH
ASHLESHA
ASHLEY
ASHLING
ASHLYN
ASHLYNN
ASHMA
ASHMI
ASHMITA
ASHMIZA
ASHNA
ASHNAA
ASHOKA
ASHRIKAA
ASHRITA
ASHRITHA
ASHTON
ASHTYN
ASHU
ASHVIQHA
ASHWABHA
ASHWIKA
ASHWINA
ASHWINI
ASIMA
ASIN
ASIS
ASITA
ASIYA
ASKARYA
ASKINI
ASLESHA
ASMA
ASMI
ASMIKA
ASMITA
ASPASIA
ASPEN
ASRI
ASTA
ASTABHUJA
ASTER
ASTHA
ASTHIKA
ASTIKA
ASTIKAMARA
ASTIKYA
ASTIN
ASTRA
ASTRID
ASUDH
ASUYA
ASVEDHA
ASVIKA
ASVINI
ASWATHI
ASWINI
ASYA
ATALANTA
ATALAYA
ATAMJA
ATAMJEET
ATARA
ATARET
ATASI
ATAVIKA
ATEFEH
ATHALIA
ATHASHA
ATHEEVA
ATHENA
ATHIRA
ATICANDRA
ATIF
ATIFA
ATINA
ATINDER
ATINDERJEET
ATIRA
AATIRA
ATIRA
ATIRIYA
ATISHAYA
ATITHEYA
ATIYA
ATMAJA
ATMAKRIYA
ATMIKA
ATMIKHA
ATOL
ATOOSA
ATREYI
ATTAMJEET
ATTAMJIT
ATTIYA
ATTRALARASI
ATULA
AUBERTA
AUBREE
AUBREY
AUBRIANNA
AUBRIE
AUDI
AUDRA
AUDREY
AUGUSTA
AUHNA
AULANI
AULII
AUPINDER
AURE
AUREL
AURELIA
AURORA
AURORETTE
AURYON
AUSHAH
AUSHAMATI
AUSTINE
AUTUMN
AVA
AVAANI
AVAAPYA
AVALBANE
AVALON
AVANI
AVANIJA
AVANINDER
AVANISH
AVANTHI
AVANTI
AVANTIKA
AVAR
AVARA
AVARI
AVARIELLA
AVARIELLE
AVASA
AVATARA
AVATHARA
AVE
AVELINE
AVERY
AVIAN
AVIGHNA
AVIGNA
AVINASHI
AVINASHIKA
AVINOAM
AVIPSA
AVIS
AVISHI
AVIVA
AVIVIT
AVIZAH
AVLOKITA
AVNEET
AVNI
AVNITA
AVON
AVONACO
AVONGARA
AVRIL
AVSHINI
AWEN
AWENA
AWENTIA
AXELLE
AXL
AYA
AYAH
AYALA
AYAME
AYANA
AYANNA
AYASHA
AYATI
AYEESHA
AYEH
AYESHA
AYITA
AYKAI
AYLA
AYMALAK
AYODHANA
AYOKA
AYONA
AYPARI
AYSAL
AYSEL
AYSHA
AYURDA
AYUSHA
AYUSHI
AYUSHMATI
AZADAH
AZAH
AZALEA
AZANA
AZAR
AZARA
AZEEZA
AZHAAR
AZHAGAMMAI
AZHAGAPPAN
AZHAGUMATHI
AZHAGUMAYIL
AZHAGUMEENA
AZIA
AZIMA
AZEEMAH
AZIN
AZITA
AZIZA
AZEEZAH
AZIZA
AZIZAH
AZEEZA
AZIZE
AZIZI
AZRA
AZRIEL
AZUKA
AZURA
AZURE
AZZA
AZZAH
BAAGESHREE
BAALAA
BAALAK
BAASIMA
BABA
BABETTE
BABHRAVI
BABITA
BABITHA
BABY
BACH
BACHINT
BADARIVASA
BADEN
BADI'A
BADIA
BADRA
BADRIYA
BADRIYYAH
BADU
BADURI
BAEGANA
BAGAVATHI
BAGESHRI
BAGESHWARI
BAGULA
BAHAMIN
BAHAMEEN
BAHAR
BAHARAH
BAHARAK
BAHEERA
BAHIJAH
BAHIRA
BAHEERA
BAHIYA
BAHIYAA
BAHUBHUJA
BAHUDA
BAHUDAMA
BAHULA
BAHULIKA
BAHUMATHI
BAHUPUTRI
BAHUPUTRIKA
BAHURATNA
BAIDEHI
BAIJAYANTHI
BAILEY
BAINA
BAIRAGI
BAIRAVI
BAISAKHI
BAISHALI
BAKA
BAKHIRATHI
BAKHIYA
BAKHIYAM
BAKHSHEESH
BAKHTAWAR
BAKSHEESH
BAKUL
BAKULA
BALA
BALAMANI
BALAMMAL
BALAN
BALANCITA
BALASANDHYA
BALDEEP
BALIKA
BALINDER
BALINDERJIT
BALJINDER
BALJIT
BALLARI
BALOTKATA
BALQIS
BILQIS
BALQIS
BALROOP
BALTEJ
BALVINDER
BALWINDER
BAMA
BAMBI
BANAFSHAH
BANAMALA
BANAN
BANANI
BANDANA
BANDELE
BANDHANANASHINI
BANDHAVI
BANDHINI
BANDHULA
BANDHURA
BANEE
BANHI
BANHISHIKHA
BANI
BANITA
BANJI
BANMALA
BANNI
BANO
BANOU
BANSARI
BANSURI
BANU
BANULATHA
BANUMATHI
BANUPRIYA
BARA
BARAA
BARAA'A
BARANI
BARB
BARBARA
BARBIE
BARBRA
BARI'AH
BARIAH
BARIKA
BARIKHA
BARINDER
BARISHA
BARJINDER
BARKAVI
BARKHA
BARMINDER
BARR
BARRETT
BARSHA
BARUNA
BARUNI
BASABI
BASANT
BASANTA
BASANTI
BASEEMA
BASHEERA
BASHIRAH
BASHEERA
BASIL
BASIMAH
BASEEMA
BASMA
BASMAH
BASVESWARI
BATHSHEBA
BATOOL
BATUK
BATUL
BATOOL
BAVINA
BAVISHYA
BAVITHRA
BAYIT
BAYLE
BAYLEE
BE NAZIR
BENAZIR
BEA
BEATA
BEATE
BEATRICE
BEATRIX
BEATRIZ
BEBE
BECCA
BECKA
BECKY
BEEBEE
BEENA
BEETAA
BITA
BEHNAZ
BEHROKH
BEL
BELA
BELI
BELA
BELI
BELICIA
BELINDA
BELISMA
BELITA
BELLA
BELLE
BELLI
BELLINI
BELLONA
BELMA
BELVA
BENA
BENAZIR
BENECIA
BENISHA
BENITA
BENNETT
BENNIFER
BERDINE
BERENICE
BERGET
BERIT
BERN
BERNADETTE
BERNADINE
BERNE
BERNICE
BERTHA
BERTILLE
BERYL
BESS
BESSIE
BETELGEUSE
BETH
BETHA
BETHAN
BETHANY
BETHESDA
BETHINA
BETRYS
BETSY
BETTE
BETTINA
BETTY
BEULAH
BEVERLY
BEVIS
BEYLA
BEYONCE
BHAANU
BHAANUJAA
BHAASWATEE
BHABANI
BHADRA
BHADRAA
BHADRAKALI
BHADRAVATI
BHADRIKA
BHADRUSHA
BHAGADA
BHAGANANDA
BHAGAREKHA
BHAGAVATHI
BHAGAVATI
BHAGESHREE
BHAGINI
BHAGIRATHI
BHAGVATEE
BHAGVATI
BHAGWANTI
BHAGWANTJOT
BHAGWANTROOP
BHAGWATI
BHAGYA
BHAGYALAKSHMI
BHAGYASHRI
BHAGYASRI
BHAGYATRA
BHAGYAWATI
BHAGYASHREE
BHAGYAWATI
BHAIRAVEE
BHAIRAVI
BHAKTI
BHAMA
BHAMINEE
BHAMINI
BHANAVI
BHANDHAVI
BHANU
BHANUJA
BHANUMATI
BHANUNI
BHANUPRIYA
BHANUSRI
BHAO
BHARANI
BHARATHI
BHARATI
BHARAVI
BHARGAVI
BHARPOOR
BHASVATI
BHATTARIKA
BHAUMI
BHAVAANEE
BHAVADA
BHAVANA
BHAVNA
BHAVANA
BHAVANI
BHAVANIKA
BHAVATMAJA
BHAVDEEP
BHAVENDER
BHAVI
BHAVIKA
BHAVINA
BHAVINI
BHAVISHA
BHAVJEET
BHAVNA
BHAVUKTA
BHAVYA
BHAVYATA
BHAWNA
BHAYANA
BHAYANASHINI
BHEEM
BHEEMA
BHILANGANA
BHIMA
BHIMARIKA
BHINDU
BHINI
BHOGAVATI
BHOMI
BHOO
BHOOMA
BHOOMI
BHOOMIJA
BHOOMIKA
BHOOPENDRA
BHOOSHANI
BHOOSHITA
BHRAMARI
BHRITHI
BHRUNGARA
BHUMAYI
BHUMI
BHUMIKA
BHUPALI
BHUPINDAR
BHUPINDER
BHUSHANDEV
BHUVANA
BHUVI
BIAN
BIANA
BIANCA
BIBI
BIBIANA
BIBIANE
BIDELIA
BIDISHA
BIHULA
BIJAL
BIJALI
BIJLI
BIJOYA
BIJUL
BIKITA
BILLIE
BILQIS
BIMALA
BIMBI
BIMBIKA
BIMLA
BINA
BINAH
BINAISHA
BINAJIT
BINAL
BINATA
BINDHIYA
BINDIYA
BINDU
BINDUMATEE
BINDUMATHI
BINDUREKHA
BINDUSRI
BINDYA
BINITA
BINNAHA
BINNAZ
BINODINI
BINOY
BINTA
BIPASHA
BIR
BISA
BISANPREET
BISHAKHA
BISHAN
BISMEET
BITHIKA
BLAINE
BLAIR
BLAISE
BLAKE
BLANCA
BLANCHE
BLAZE
BLENDA
BLESSY
BLISS
BLITHE
BLODWYN
BLONDELLE
BLOSSOM
BLUMA
BLY
BLYTHE
BOBBY
BODHANA
BODHI
BOLOUR
BONA
BONITA
BONNIE
BOZICA
BRACHA
BRADY
BRAHAMJEET
BRAHAN
BRAHMACHARINI
BRAHMI
BRAHMISTHA
BRAIMA
BRAITH
BRANDEE
BRANDI
BRANDICE
BRANDIE
BRANDY
BRANXTON
BRASEN
BRATATI
BRAYDEN
BRAZIL
BREANNA
BRECK
BRECKIN
BREDE
BREE
BREENA
BREINDEL
BRENCIS
BREND
BRENDA
BRENDY
BRENNA
BREONNA
BRETT
BRHADBHASA
BRIALLEN
BRIANA
BRIANNA
BRIANNE
BRIAR
BRIDGET
BRIDGIT
BRIDIE
BRIE
BRIELLA
BRIELLE
BRIGETTE
BRIGID
BRIGIT
BRIGITTE
BRIJABALA
BRIJODH
BRILANE
BRILLIANT
BRINA
BRINDA
BRINLY
BRISHTI
BRIT
BRITA
BRITAIN
BRITANNIA
BRITANY
BRITI
BRITNEY
BRITTANIA
BRITTANY
BRITTNEE
BRITTNEY
BROGAN
BRON
BRONWEN
BRONWYN
BROOK
BROOKE
BROOKLYN
BRYANNE
BRYCE
BRYGA
BRYGID
BRYGIDA
BRYN
BRYNN
BRYONY
BUBBY
BUDARIKA
BUDDHI
BUDDHIKAMA
BUDDHIKARI
BUDHPREET
BUFFY
BUKALA
BULBUL
BULBULI
BUNME
BUNMI
BUNNY
BUSHRA
BUTCH
BUTHAINAH
BUTHAYNA
BUTHAYNAH
BUTHAYNA
BUTTERFLY
CACHE
CACHET
CADE
CADEE
CADEN
CADENCE
CADY
CAELAN
CAGNEY
CAI
CAIA
CAILEAN
CAIN
CAINE
CAIRO
CAIS
CAITIR
CAITLIN
CAITLYN
CAKRANEMI
CAL
CALA
CALAIS
CALAMA
CALANDRA
CALANTHA
CALEDONIA
CALEY
CALIDA
CALISTA
CALIXTE
CALLA
CALLAN
CALLIA
CALLIDORA
CALLIE
CALLIOPE
CALLISTA
CALVINE
CAM
CAMAKSI
CAMBREE
CAMBRIA
CAMDYN
CAMEO
CAMERINA
CAMERON
CAMILA
CAMILLA
CAMILLE
CAMMY
CAMRYN
CAMUNDA
CANA
CANDACE
CANDALIKA
CANDAMUNDA
CANDAVATA
CANDI
CANDICE
CANDID
CANDIDA
CANDIDE
CANDIE
CANDIKA
CANDOGRA
CANDRA
CANDRADARA
CANDRAKALA
CANDRALI
CANDRAMA
CANDRAMASI
CANDRASITA
CANDY
CANTARA
CAOLAN
CAPALA
CAPRICE
CAPRICORN
CAPUCINE
CARA
CARAF
CARCIKA
CARDEA
CARESSA
CARESSE
CAREY
CARINA
CARISSA
CARLA
CARLEN
CARLIN
CARLOTA
CARLOTTA
CARLY
CARLYN
CARLYNDA
CARMA
CARMAN
CARMELA
CARMELITA
CARMEM
CARMEN
CARMINDA
CAROL
CAROLENA
CAROLINA
CAROLINE
CAROLYN
CAROLYNE
CARON
CAROUN
CARRIE
CARRIEANN
CARRINGTON
CARSANI
CARTER
CARUDHARAR
CARUVI
CARY
CARYS
CASCATA
CASEY
CASHLIN
CASSANDRA
CASSARA
CASSIA
CASSIDY
CASSIE
CASTEL
CATALIN
CATALINA
CATE
CATHERINE
CATHY
CATLINA
CATO
CATORI
CATRIN
CATRIONA
CATUSKARNI
CATUSPATHA
CAUVERY
CAVAN
CAVERY
CAYENNE
CAYLA
CEANA
CECE
CECELIA
CECILE
CECILIA
CECILY
CELERINA
CELESTE
CELESTINE
CELESTYN
CELIA
CELINA
CELINE
CERA
CERELIA
CERES
CERI
CERISE
CHAAMUNDEE
CHAAND
CHAANDANEE
CHAARU
CHAAYA
CHADDALIKA
CHADNA
CHAELA
CHAELI
CHAHANA
CHAHAT
CHAHNA
CHAILYN
CHAIRAVALI
CHAITAALEE
CHAITALI
CHAITALY
CHAITAN
CHAITANYA
CHAITNA
CHAITRA
CHAITREE
CHAITYA
CHAKA
CHAKALUKA
CHAKKU
CHAKKUBAI
CHAKORI
CHAKRA
CHAKRIKA
CHAKSHU
CHALAMA
CHALICE
CHALONDRA
CHALSIE
CHAMAN
CHAMBRAY
CHAMELEE
CHAMELI
CHAMKAUR
CHAMOMILE
CHAMPA
CHAMPABATI
CHAMPAKALI
CHAMPAKAVATHI
CHAMPAKMALA
CHAMPAMALINI
CHAMPAVATI
CHAMPIKA
CHAMPIKAA
CHAN
CHANA
CHANANDEEP
CHANANDIP
CHANANJEET
CHANANJIT
CHANASYA
CHANCHAL
CHANCHALA
CHANCHARI
CHAND
CHANDA
CHANDAA
CHANDALINI
CHANDAN
CHANDANA
CHANDANI
CHANDANIKA
CHANDARA
CHANDEE
CHANDEEP
CHANDELLE
CHANDEN
CHANDI
CHANDIKA
CHANDINI
CHANDIRA
CHANDLER
CHANDNI
CHANDRA
CHANDRABALI
CHANDRABHAGA
CHANDRABINDU
CHANDRAJA
CHANDRAKALA
CHANDRAKI
CHANDRAKIN
CHANDRALEKSHA
CHANDRAMA
CHANDRAMATHI
CHANDRAMUKHI
CHANDRANEE
CHANDRANI
CHANDRATARA
CHANDRATEJA
CHANDRAVATHI
CHANDRIA
CHANDRIKA
CHANDRIMA
CHANDRIN
CHANE
CHANEL
CHANGLA
CHANGUNA
CHANNARY
CHANNER
CHANNERY
CHANNING
CHANNON
CHANTAL
CHANTE
CHANTEL
CHANTON
CHANTREA
CHAO
CHAPA
CHAPALA
CHAPALAA
CHARA
CHARANJEET
CHARANJOT
CHARANPREET
CHARCHIKAA
CHARIS
CHARISMA
CHARISSE
CHARITA
CHARITRA
CHARITY
CHARLA
CHARLEE
CHARLEEN
CHARLEIGH
CHARLENE
CHARLIE
CHARLIZE
CHARLOT
CHARLOTTE
CHARMAINE
CHARMI
CHARMY
CHARO
CHARU
CHARUKESI
CHARULATA
CHARULEKHA
CHARUMATEE
CHARUMATHI
CHARUMATI
CHARUNETRA
CHARUPRABHA
CHARUSHEELA
CHARUSILA
CHARUSMITA
CHARUVRATA
CHARVANGEE
CHARVEE
CHARVI
CHARVY
CHASHMUM
CHASSIDY
CHASTITY
CHATHUR
CHATHURIKA
CHATRI
CHATTA
CHATURA
CHATURI
CHAUNDRA
CHAUNTA
CHAVA
CHAVI
CHAVIVA
CHAY
CHAYA
CHAYANA
CHAYLA
CHAYLSE
CHECHE
CHEENA
CHEKRIYA
CHELLAM
CHELLAMANI
CHELLAMARI
CHELSA
CHELSEA
CHELSEY
CHELSI
CHELSIA
CHEMBI
CHEN
CHENBAGA
CHENBAGAM
CHENOA
CHER
CHERI
CHERIE
CHERLIN
CHERRY
CHERU
CHERYL
CHESHTA
CHESHTAA
CHESNA
CHESSA
CHESTAKA
CHESTHA
CHET
CHETANA
CHETAS
CHETAYITRI
CHETISHTA
CHETNA
CHETOBUH
CHETUYA
CHEVI
CHEYENNE
CHEYNE
CHEZARINA
CHHAAYAA
CHHABI
CHHAVI
CHHAVVI
CHHAYA
CHIARA
CHICK
CHICKOA
CHIKA
CHIKU
CHIMAYI
CHINAR
CHINARA
CHINDAMANI
CHINMAYEE
CHINMAYI
CHINNAMBAL
CHINNI
CHINNU
CHINTAMANI
CHINTAN
CHINTANA
CHINTANIKA
CHINTAN
CHINTANA
CHINTANIKA
CHINUE
CHIONE
CHIPO
CHIQUITA
CHIRA
CHIRAN
CHIRANJEEV
CHIRAYU
CHITHRANGI
CHITI
CHITKALA
CHITLEEN
CHITRA
CHITRABALA
CHITRAGANDHA
CHITRAKALA
CHITRAKSHI
CHITRALEKHA
CHITRALI
CHITRAMALA
CHITRAMAYA
CHITRAMBAL
CHITRANGADA
CHITRANGDA
CHITRANI
CHITRANJAN
CHITRARATHI
CHITRAREKHA
CHITRATHI
CHITRITA
CHITTA
CHLOE
CHLOE-MAY
CHLORIS
CHODANA
CHODAYITRI
CHOKSHA
CHOLA
CHOLAKIN
CHOLENA
CHOSKA
CHRIS
CHRISITTA
CHRISSY
CHRISTA
CHRISTIAN
CHRISTIANA
CHRISTINA
CHRISTINE
CHRISTMAS
CHRISTY
CHU
CHUBASHINI
CHUDAAMANI
CHUDAKA
CHULIKA
CHULIN
CHULLAKI
CHULLI
CHULU
CHUMANI
CHUMBAN
CHUNI
CHUNNI
CHUNTA
CHUNTI
CHUPUNIKA
CHUTA
CHYNA
CHYNNA
CIANNA
CIARA
CICADA
CICELY
CICILY
CIEL
CILI
CILICIA
CILJI
CINDERELLA
CINDY
CINNAMON
CIQALA
CIRA
CIRILA
CISSY
CITAPARA
CITRANGADA
CITRARATHI
CLAIRE
CLARA
CLARAL
CLARE
CLARICE
CLARIMONDE
CLARISSA
CLAUDETTE
CLAUDIA
CLEA
CLEANTHA
CLEMANCE
CLEMENTINE
CLEO
CLEOPATRA
CLETA
CLIO
CLODIA
CLORIS
CLOVE
CLOVER
COBY
COCHETA
COLBY
COLETTE
COLIGNY
COLISTA
COLLEEN
COLLICE
COLUMBIA
COMFORT
CONARY
CONG
CONNIE
CONSTANCE
CONSUELA
CONSUELO
CONTENT
CORA
CORAL
CORALIA
CORALIE
CORAZON
CORBIN
CORBY
CORDELIA
CORENTINE
COREY
CORIAN
CORIANDER
CORIN
CORINA
CORINE
CORINNA
CORINNE
CORINTHIA
CORLISS
CORNELIA
CORONA
CORY
COSETTE
COSIMA
COTY
COURTNEY
COY
COYE
CREDA
CREE
CREOLA
CRESCENT
CRETE
CRISELDA
CRISHDEEP
CRISTY
CRWYS
CRYSTAL
CSILLA
CWEN
CYANEA
CYBELE
CYBIL
CYBILL
CYBILLE
CYD
CYMA
CYNARA
CYNDI
CYNTHIA
CYRAH
CYTHERIA
CZAEE
DA XIA
DAAMINEE
DACEY
DACIA
DADHICHI
DADHIJA
DAGAN
DAGMAR
DAHAB
DAHADAHA
DAHLIA
DAI
DAIMA
DAISY
DAIVYA
DAKA
DAKINI
DAKOTA
DAKSA
DAKSAKANYA
DAKSAYANI
DAKSHA
DAKSHAKANYA
DAKSHATA
DAKSHAYANI
DAKSHINA
DAKSINA
DALAJA
DALAL
DALI
DALIA
DALILA
DALJEET
DALLAS
DALLIN
DALLON
DALMAR
DALMEET
DAMA
DAMALI
DAMALIS
DAMAN
DAMARA
DAMARAVA
DAMARIS
DAMAYANTI
DAME
DAMIA
DAMINI
DAMISI
DAMITA
DAMYANTI
DANA
DANAE
DANAM
DANEET
DANELLE
DANI
DANICA
DANIELA
DANIELLE
DANIKA
DANISH
DANITA
DANNA
DANTE
DANU
DAPHNE
DARA
DAHRA
DARA
DARAY
DARBY
DARCI
DARCIE
DARCY
DARENA
DARIA
DARIAN
DARICE
DARIKA
DARLA
DARLENE
DARLITA
DARPAN
DARPANA
DARPANIKA
DARPREET
DARSANI
DARSHANA
DARSHINI
DARSHITA
DARSHWANA
DARU
DARVA
DARYA
DARYL
DASHA
DASRASU
DATHERINE
DATHUYA
DAUPADI
DAVA
DAVAN
DAVEIGH
DAVIDA
DAVIN
DAVINA
DAVINDER
DAW
DAWN
DAYA
DAYEAH
DAYA
DAYAANIDHI
DAYALU
DAYAMAYEE
DAYAMAYI
DAYANITA
DAYITA
DAYO
DAYTON
DEA
DEANA
DEANDRA
DEANNA
DEANNE
DEBANSHI
DEBBIE
DEBBY
DEBI
DEBJANI
DEBJIT
DEBORAH
DEBOTRI
DEBRA
DECIMA
DEE
DEEBA
DEEKSHA
DEEKSHAA
DEEKSHITA
DEEN
DEENA
DINA
DEENA
DEEPA
DEEPABALI
DEEPAJOTHI
DEEPAKALA
DEEPAL
DEEPALEE
DEEPALI
DEEPAMALA
DEEPANA
DEEPANGANA
DEEPANJALI
DEEPANWITA
DEEPAPRABHA
DEEPARANI
DEEPASHIKHA
DEEPATI
DEEPAVALI
DEEPIKA
DEEPINI
DEEPITA
DEEPITHA
DEEPJYOTI
DEEPMALA
DEEPON
DEEPSHIKA
DEEPSHIKHA
DEEPTA
DEEPTI
DEEPTIKANA
DEEPTIMOYEE
DEESHA
DEETA
DEETYA
DEEVA
DEIDRA
DEIONDRE
DEIRDRA
DEIRDRE
DEIVA
DEIVAMAGAN
DEIVANAI
DEIVAYANAI
DEKA
DEL
DELAINE
DELANEY
DELEENA
DELFINA
DELIA
DELILA
DELILAH
DELISHA
DELIZ
DELLA
DELLING
DELORA
DELORES
DELPHINA
DELPHINE
DELTA
DELU
DEMETER
DEMETRA
DEMETRIA
DEMI
DEMIRA
DENA
DENALI
DENIM
DENISE
DENNA
DENVER
DEON
DEPRIETTA
DERBY
DERICA
DERICIA
DERORA
DERRY
DES
DESA
DESDEMONA
DESERAE
DESHNA
DESHNEE
DESI
DESIHA
DESIREE
DESMA
DESNA
DESPINA
DESSA
DESTINY
DEVA
DEVAANGANA
DEVAHOOTI
DEVAHUTI
DEVAK
DEVAKALI
DEVAKANYA
DEVAKEE
DEVAKI
DEVAKIRI
DEVALAA
DEVALATA
DEVALATHA
DEVALEKHA
DEVALINA
DEVAMATI
DEVAMATRA
DEVAMAYI
DEVAN
DEVANANDA
DEVANGANA
DEVANGI
DEVANI
DEVANSHI
DEVAPRIYA
DEVASENA
DEVASHREE
DEVASMITHA
DEVASREE
DEVASRI
DEVEN
DEVESHI
DEVESI
DEVI
DEVIBALA
DEVIKA
DEVIKALA
DEVIKARANI
DEVIL
DEVIN
DEVINA
DEVIPRIYA
DEVISA
DEVISHI
DEVISI
DEVIYAHINI
DEVJEET
DEVKANYA
DEVKI
DEVMANI
DEVNA
DEVON
DEVONA
DEVORAH
DEVORIT
DEVPREET
DEVTA
DEVYA
DEVYAANEE
DEVYANI
DEX
DEXTRA
DHAANI
DHAARAA
DHAARANAA
DHAARINEE
DHAATREE
DHAMADHAMA
DHAN
DHANA
DHANADA
DHANALAKSHMI
DHANAPRIYA
DHANASHREE
DHANASHRI
DHANESVARI
DHANISHTA
DHANN
DHANNA
DHANU
DHANUJA
DHANVANTI
DHANVI
DHANYA
DHANYATA
DHARA
DHARAA
DHARABAI
DHARAMANI
DHARAMJYOT
DHARAMLEEN
DHARAMPREET
DHARAMSHEEL
DHARANI
DHARAT
DHARAVATHI
DHARIKA
DHARINI
DHARITRI
DHARMA
DHARMINI
DHARMISTA
DHARNITHA
DHARTI
DHARUNA
DHARUNI
DHATRI
DHAUMYA
DHAVAL
DHAVALAA
DHAYA
DHAYAVATHI
DHEEKSHA
DHEEKSHITA
DHEEPTHA
DHENA
DHENU
DHHAN
DHIANJOT
DHITHA
DHITHI
DHLRITI
DHOON
DHOOP
DHRAVBATHI
DHRITI
DHRUMI
DHRUTI
DHRUVA
DHRUVI
DHRUVIKA
DHRUVTY
DHUHA
DHUMORNA
DHURJATI
DHUSHITHA
DHUTHI
DHUTI
DHUVITHA
DHVANI
DHWANI
DHYANA
DIAMOND
DIAN
DIANA
DIANDRA
DIANE
DIANNE
DIANTHA
DIANTHE
DIARA
DIATA
DIDAR
DIDINA
DIDRIKA
DIELLA
DIEM
DIEP
DIERDRA
DIGAMBARI
DIGVI
DIKSHA
DIL
DILAN
DILANI
DILARAM
DILBAAG
DILBAAGH
DILBER
DILKASH
DILLIAN
DILPREET
DILSHAD
DIMAIA
DIMBESVARI
DIMPLE
DIN
DHIN
DINA
DINADINAKA
DINAH
DION
DIONNE
DIOR
DIPALI
DIPAN
DIPANWITA
DIPASHRI
DIPIKA
DIPTI
DIPTY
DIRGHAYU
DISAI
DISHA
DISHAL
DISHI
DISHIKA
DISHITA
DIT
DITI
DITIKA
DIVA
DIVENA
DIVIA
DIVIJA
DIVISHA
DIVITA
DIVIYA
DIVJOT
DIVYA
DIVYANA
DIVYANGA
DIVYANGI
DIVYANSHA
DIVYANSHI
DIVYATA
DIXIE
DIYA
DIYAJAL
DIZA
DODAHI
DODIYA
DOLA
DOLI
DOLIE
DOLLY
DOLMA
DOLON
DOLORES
DOMA
DOMANI
DOMINICA
DOMINIQUE
DONA
DONABEL
DONATELLA
DONELLE
DONNA
DONNICA
DONOMA
DORA
DORCAS
DORE
DORI
DORIA
DORIAN
DORIE
DORINDA
DORIS
DORIT
DOROTHEA
DOROTHY
DORSEY
DORY
DOTTY
DOYEL
DRASHTAA
DRAUPADEE
DRAUPADI
DRAVIE
DREA
DREAMA
DREW
DRISANA
DRISHTI
DRISHYA
DRISTI
DRITHI
DRSADVATI
DRU
DRUCILLA
DRUTHI
DRUTI
DUAA
DUENA
DUFF
DUHA
DHUHA
DUHA
DUHITA
DULAL
DULARI
DULCE
DULCEA
DULCINA
DULCINEA
DUMI
DUNIXI
DUNNE
DUNYA
DURBA
DURGA
DURGAI
DURGI
DURGILA
DURRDANA
DURRI
DURRISHAHWAR
DURRIYA
DURRIYYAH
DURVA
DURBA
DURVA
DUSANA
DUSCHA
DUSHITA
DUSTY
DUYEN
DVITA
DWIPAVATI
DWISHA
DYAMAYI
DYAN
DYANI
DYANNE
DYLAN
DYLLIS
DYMPNA
DYRE
DYSIS
DYUMNA
DYUTI
EAKSHAA
EARA
EARLENE
EASHTA
EASMATARA
EASTER
EASWARI
EAVAN
EBONY
ECCHUMATI
ECHO
EDALENE
EDALINE
EDANA
EDDA
EDELINE
EDEN
EDENA
EDHA
EDHITA
EDHITHA
EDIE
EDITA
EDITH
EDLYN
EDNA
EDOLIE
EDRIA
EDSEL
EDWINA
EDYTHE
EELACHELVI
EELAKILI
EELAMPIRAI
EENAKSHI
EESHA
EESHIKA
EFFIE
EFIA
EFURU
EHA
EHIMAYA
EHTERAM
EILA
EILEEN
EILIS
EIRAVATHI
EIRAVATI
EITHNE
EKA
EKAA
EKAAGAR
EKAAGRA
EKAAKINEE
EKACANDRA
EKADEVA
EKADHANA
EKAJA
EKAKITAA
EKALA
EKAM
EKAMJOT
EKAMPREET
EKANANGA
EKANAYANA
EKANI
EKANJEET
EKANPREET
EKANSHA
EKANTA
EKANTHA
EKANTHIKA
EKANTIKA
EKAPARANA
EKAPARNA
EKAPARNIKA
EKAPATALA
EKARISHI
EKASTAKA
EKATA
EKTAA
EKATA
EKATALA
EKAVALI
EKAVIRA
EKIKARANA
EKISHA
EKIYA
EKJOT
EKKAM
EKODARA
EKROOP
EKSHA
EKTA
EKTAA
ELA
ELAINA
ELAINE
ELAM
ELAMPIRAI
ELAN
ELANA
ELANI
ELARO
ELATA
ELAVALI
ELAVARASI
ELDA
ELDORA
ELEANOR
ELECTRA
ELENA
ELENI
ELFIE
ELGA
ELHAM
ELIA
ELIE
ELIKA
ELIL
ELILAMMAL
ELILARASI
ELILI
ELILKANI
ELILMANI
ELILVILI
ELIN
ELINA
ELINOR
ELIORA
ELISA
ELISABETH
ELISAI
ELISE
ELITA
ELIZA
ELIZABETH
ELKE
ELLA
ELLAIYAMMA
ELLAMAAL
ELLAMMA
ELLE
ELLEMA
ELLEN
ELLERY
ELLETTE
ELLIE
ELLIS
ELLORA
ELMA
ELOISE
ELOM
ELON
ELPIDA
ELSA
ELSBETH
ELSIE
ELSPETH
ELU
ELVINA
ELVIRA
ELWYN
ELYSE
ELYSIA
EMAN
EMANUELE
EMBER
EMBERLYNN
EMELDA
EMELE
EMERA
EMERALD
EMIKO
EMILIA
EMILIE
EMILY
EMLYN
EMMA
EMMLY
EMMY
ENA
ENAAKSHEE
ENAJINA
ENAKSHI
ENDIZHAI
ENID
ENNIS
ENYA
ENYE
EOLANDE
EPSHITA
ERASTO
ERAVATI
EREKHSHA
ERELAH
ERESHVA
ERHEER
ERHI
ERICA
ERIKA
ERIMENTHA
ERIN
ERIS
ERJOT
ERLEEN
ERLING
ERMA
ERNA
ERRIGAL
ERRIN
ERSHEEN
ERZSEBET
ESHA
ESHANA
ESHANI
ESHANIKA
ESHANYA
ESHE
ESHIKA
ESHITA
ESITA
ESMA
ESME
ESMERALDA
ESMERELDA
ESPEN
ESPERANZA
ESSIEN
ESTEFANI
ESTELLE
ESTER
ESTHER
ESTRALITA
ESTRELLA
ETA
ETAKA
ETANA
ETASA
ETASHA
ETENIA
ETERNITY
ETHAHA
ETASHA
ETHAHA
ETHARI
ETHEL
ETHELDA
ETOILE
ETTA
EUDORA
EUGENIA
EULALIA
EULALIE
EUNICE
EUPHEMIA
EURIDICE
EURYDICE
EUSTACIA
EVA
EVA
EVADNE
EVALINE
EVANGELIA
EVANGELIN
EVANGELINE
EVANIA
EVANTHE
EVE
EVELIA
EVELIEN
EVELINA
EVELYN
EVETTE
EVIE
EVITA
EVONNE
EWA
EWEL
EYDIE
EZHIL
EZHIL OVIYAA
EZHILARASI
EZHILI
EZHILVIZHI
FA'IQA
FAALGUNEE
FAARIA
FAATIN
FAATINA
FABIANA
FABIENNE
FABIOLA
FADHEELA
FADHILA
FADHIYA
FADILAH
FADHEELA
FADILAH
FADWA
FAGHIRA
FAHAMITHA
FAHIMA
FAIRLY
FAIROZ
FAITH
FAIZA
FAIZAH
FAIZA
FAIZAH
FAIZIA
FAJYAZ
FAKHRI
FALA
FALAK
FALALA
FALGU
FALGUN
FALGUNI
PHALGUNI
FALGUNI
FALLON
FANCHON
FANCY
FANEE
FANEENDRA
FANEESHWAR
FARAH
FARHA
FARAH
FAREEDA
FAREEHA
FARFALLA
FARHA
FARHANA
FARHANAA
FARHANNAH
FARHAT
FARHEEN
FARHINA
FARIA
FARIBA
FARICA
FARIDA
FARIDAH
FAREEDA
FARIDAH
FARIDEH
FARIHAH
FAREEHA
FARIHAH
FARIN
FARKHONDAH
FARLEY
FARNAZ
FAROHAR
FARRAH
FARREN
FARSIRIS
FARZANA
FARZANAH
FARZIN
FASCIENNE
FATHIA
FATIMA
FATMA
FATIMA
FATIMAH
FATIMA
FATMA
FATIMAH
FATIMA
FATIMAH
FATIN
FATIN OR FATINAH
FATINAH
FATMA
FAUNA
FAUNIA
FAUNUS
FAUSTA
FAUSTINE
FAUVE
FAWIZA
FAWN
FAWNE
FAWZIA
FAWZIYA
FAWZIYYAH
FAWZIYA
FAZIA
FAWZIYYAH
FAY
FAYE
FAYLINN
FAYOLA
FAYRE
FAYYIM
FAZEELA
FAZILA
FEDELLA
FEDORA
FEECHI
FELCIA
FELICE
FELICIA
FELICITY
FELICY
FELLAH
FEMI
FENAL
FENELLA
FENG
FENNELLA
FERIN
FERN
FERYAL
FEWS
FIA
FIACHRA
FIDELIA
FIDELINA
FIDELLA
FIFI
FIKRIYYAH
FILA
FILIA
FILIPINA
FILIZ
FILOMENA
FILZA
FINEEN
FINNA
FINNEA
FINOLA
FIONA
FIONN
FIONNUALA
FIONNULA
FIORELLA
FIORENZA
FIRAKI
FIRDAUS
FIRDAWS
FIRDOOS
FIRDAWS
FIRDOOS
FIRDAWS
FIRDOOS
FIROJA
FIROUZAH
FEEROUZAH
FIROZA
FIRYAL
FISSEHA
FIZA
FIZZA
FIZZAH
FLAMINIA
FLAN
FLANNERY
FLETA
FLEUR
FLO
FLORA
FLORAMARIA
FLORENCE
FLORIA
FLORIANE
FLORIDA
FLORRIE
FLOWER
FOJAN
FOZHAN
FOLA
FONDA
FOOLAN
PHOOLAN
FOOLAN
FOOLMALA
FOOLWATI
PHOOLWATI
FOOLWATI
FORAM
FOREST
FOREVER
FOROUZAN
FOROUZANDAH
FORUM
FOUNTAIN
FRAN
FRANCES
FRANCESCA
FRANCINE
FRAYASHTI
FREDERICA
FREDRICA
FREDRICKA
FREENA
FREIDA
FREIRA
FREJA
FRENCH
FREYA
FRIEDA
FRITHA
FRITZI
FRUMA
FULKI
FULLAN
FULLARA
FULMALA
FUROUGH
GAANDHAARI
GAANGEY
GAARGEE
GAATHAA
GAAYATREE
GABBY
GABI
GABRIELA
GABRIELLA
GABRIELLE
GABY
GADA
GAEL
GAENOR
GAERWN
GAETANA
GAETANE
GAFNA
GAGAN
GAGANA
GAGANADIPIKA
GAGANASINDHU
GAGANDEEP
GAGANJOT
GAGANJYOT
GAHANA
GAIA
GAIL
GAILLE
GAINELL
GAJAGAMINI
GAJALAKSHMI
GAJENDRA
GAJRA
GALA
GALATEA
GALENA
GALIA
GALIAH
GALIENA
GALINA
GALLIA
GALYA
GAMADA
GAMBHIRI
GAMMA
GAMYA
GANA
GANANAYIKA
GANDA
GANDHA
GANDHALI
GANDHARA
GANDHARI
GANDHARIKA
GANDHARVI
GANDHI
GANDHINI
GANESA
GANGA
GANGOTRI
GANGA
GANGABHAI
GANGHARI
GANGI
GANGIKA
GANGOTHIRI
GANGOTRI
GANHAKALI
GANIKA
GANITA
GANITHA
GANJAN
GANYA
GARAN
GARATI
GARDENIA
GARGI
GARI
GARIB
GARIMA
GARIN
GARLAND
GARNET
GARREN
GARUDA
GARVARI
GARVITA
GASHA
GATHIKA
GATITA
GATLEEN
GATNAM
GATRAVATI
GATSHARAN
GAUHAR
GAURA
GAURAANGE
GAURANGA
GAURI
GAURIKA
GAUTAMI
GAVESHANAA
GAVITHRA
GAVIVI
GAVRILA
GAVRILLA
GAY
GAYANA
GAYANTHIKA
GAYANTIKA
GAYATHRI
GAYATRI
GAYE
GAYLE
GAYNELL
GAYORA
GAZALA
GAZELLE
GAZIT
GEELA
GEENA
GEET
GEETA
GEETHA
GEETI
GEETIKA
GEFEN
GEFJUN
GEHINEE
GEHNA
GELARAH
GELILAH
GELLA
GELSEY
GEMA
GEMINI
GEMMA
GEN
GENERA
GENESIS
GENEVA
GENEVIEVE
GENICA
GENNA
GEONA
GEORGETTE
GEORGIA
GEORGIANNA
GEORGIANNE
GEORGINA
GERALDENE
GERALDINE
GERANIUM
GERD
GERDA
GERI
GERIANNE
GERMAIN
GERMAINE
GERSEMI
GERTRUDE
GESHNA
GEZANA
GHAADA
GHAALIYA
GHADA
GHADAH
GHALIYAH
GHALYELA
GHANAJANI
GHANAKUIL
GHANAPRIYA
GHANIYAH
GHANTAKA
GHANYA
GHAR
GHARCHEEN
GHASI
GHATA
GHATALA
GHATALIKA
GHATARI
GHAYDA
GHAYDAA
GHAZAL
GHAZALA
GHITA
GHUSOON
GHUSUN
GHUSOON
GHUSUN
GIAAN
GIAANDEEP
GIAANLEEN
GIAANPREET
GIAANROOP
GIAANVEER
GIANDEEP
GIANI
GIANLEEN
GIANNA
GIANPREET
GIANROOP
GIGI
GIINNI
GILDA
GILI
GILLIAN
GIMBYA
GIN
GINA
GINATA
GINGER
GINNI
GINNY
GIOLLA
GIONA
GIOVANNA
GIRA
GIRIBALA
GIRIJA
GIRIJAMBA
GIRISA
GIRISHA
GIRISUTA
GISELA
GISELE
GISELLE
GITA
GITALI
GITANJALI
GITASHRI
GITEL
GITHIKA
GITIKA
GITTEL
GIULIA
GIVA
GIVERNY
GIZA
GIZELA
GIZI
GLADYS
GLAIN
GLENDA
GLENNA
GLENNIS
GLENYS
GLORA
GLORIA
GLORIANN
GLORY
GLYN
GLYNIS
GLYNN
GLYNNIS
GNAMBIGAI
GNANACHELVI
GNANAM
GNANAMAGAL
GNANAMALAR
GNANAMANGALA
GNANAMANI
GNANAMBAL
GNANAPRIYA
GNANASELVI
GNANAVALLI
GNANAVIZHI
GNANESWARI
GODA
GODAAVAREE
GODAVARI
GODAVRI
GOKAMA
GOLA
GOLDA
GOLDIE
GOLDY
GOMATHI
GOMATI
GOMATTIE
GOMTI
GOOL
GOPA
GOPI
GOPIKA
GOPI
GOPIKA
GORAL
GORI
GORMA
GOROCHANA
GORMA
GOROCHANA
GOURANGI
GOVARTHINI
GOVINDI
GOWRI
GOWSALYA
GOWTHAMI
GRACE
GRACELAND
GRACIE
GRANTHANA
GRATIA
GRATIANA
GRAZIA
GREASHMA
GREER
GREESHMA
GRETA
GRETCHEN
GRETEL
GRHITHA
GRIETJE
GRIFFIN
GRIHALAKSHMI
GRISELDA
GRISHA
GRISHMA
GRIZELDA
GRUEV
GRYPHON
GRYTA
GUADALUPE
GUDDU
GUDIYA
GUDRUN
GUENEVERE
GUHAPRIYA
GUHIKA
GUHYAKALI
GUILIAINE
GUILLERMINA
GUINEVERE
GUINIVERE
GUL
GUL E- RANA
GULAAB
GULAB
GULAL
GULBAHAR
GULBARG
GULDALI
GULFILIZ
GULGAZEL
GULIKA
GULNAR
GULNAZ
GULPARI
GULRANG
GULRUKH
GULRU
GUL'ADHAR
GULS
GULSHAN
GULISTAN
GUNA
GUNALAKSHMI
GUNAMAALAI
GUNAMALAR
GUNASREE
GUNASUNDARI
GUNAVADIVU
GUNAVATHI
GUNAVATI
GUNDA
GUNDEEP
GUNEET
GUNGUN
GUNITA
GUNITHA
GUNJAN
GUNJANA
GUNJIKA
GUNJITA
GUNJUN
GUNKAR
GUNKEERAT
GUNKIRIT
GUNNIDHI
GUNNIKA
GUNPREET
GUNWANTI
GUPIL
GURAMAN
GURBANI
GURCHARAN
GURCHET
GURDAYA
GURDEEP
GURDIT
GURDITTA
GURDWEEP
GURI
GURINDER
GURIT
GURJARI
GURJEET
GURJEEVAN
GURJIT
GURJOT
GURKAMAL
GURKEERAT
GURKIRAN
GURKIRAT
GURLEEN
GURMEET
GURNEET
GURNEK
GURNOOR
GURPARVEEN
GURPRAVEEN
GURPREET
GURSIMAN
GURSIMRAH
GURSUKH
GURTARAN
GURTEJ
GURUVAMMAL
GURUVAYI
GURVINDER
GUSTY
GWEN
GWENDOLYN
GWENIFER
GWENITH
GWENLLIAN
GWENNAN
GWYLAN
GWYN
GWYNETH
GYAN
GYANADA
GYANLEEN
GYANPREET
GYANROOP
GYDA
GYPSY
GZIFA
HAADIYA
HAADIYAA
HAAK
HAALA
HAAST
HABEEBA
HABIBA
HABIBAH
HABIKA
HACHI
HADA
HADARA
HADARAH
HADASSAH
HADEEL
HADIYA
HADIYYAH
HADIYA
HADIYYAH
HADLEY
HAFEEZA
HAFIZA
HAFSA
HAFSAH
HAFTHAH
HAFWEN
HAGAN
HAGEN
HAIBA
HAIFA
HAYFA
HAIFA
HAIFA HAYFA
HAILE
HAILEY
HAILLEY
HAIMA
HAIMAVATI
HAIMI
HAITUKA
HALA
HALAH
HALDIS
HALE
HALEEMA
HALEIGHA
HALEY
HALI
HALIA
HALIMA
HALEEMAH
HALIMA
HALIMAH
HALEEMA
PATIENT
MILD
HALLA
HALLAM
HALLE
HALLIE
HALONA
HAMARA
HAMEEDA
HAMIDA
HAMIDAH
HAMEEDA
HAMIR
HAMRAY
HAMSA
HAMSAVAHINI
HAMSAVALLI
HAMSAVENI
HAMSINI
HANA
HANAN
HANEEFA
HANG
HANH
HANIFAH
HANIFA
HANEEFA
HANIFAH
HANIFA
HANIMA
HANISHA
HANITA
HANIYA
HANIYYAH
HANNA
HANNAH
HANNAN
HANNE
HANNELORE
HANSA
HANSAMALA
HANSANANDINI
HANSAVENI
HANSIKA
HANSINI
HANSRA
HANSUJA
HANZILA
HAO
HAPPY
HAR
HARA
HARACHA
HARANOOP
HARAPRIYA
HARBEER
HARBIN
HARBINDER
HARDA
HARDIAL
HARDIKYA
HARDIPA
HARENDRA
HARGUN
HARHSA
HARI PRIYA
HARIBALA
HARIGANGA
HARIHARAN
HARIHINI
HARIJATHA
HARIKA
HARIKANTA
HARIMANTI
HARINAKSHI
HARINDER
HARINEE
HARINI
HARIPREET
HARIPRIYA
HARISAROOP
HARITA
HARITHI
HARITIMA
HARJAS
HARJEET
HARJEEVAN
HARJINDER
HARJIT
HARJODH
HARJOT
HARKEERAT
HARKINDER
HARKIRAT
HARLEEN
HARLEENA
HARLEY
HARMANDAR
HARMEET
HARMEHAR
HARMONY
HARMYA
HARNEET
HARNEK
HARNISYA
HARNOOR
HARPER
HARPITA
HARPREET
HARRIET
HARSHA
HARSHA VARDHINI
HARSHADA
HARSHAL
HARSHI
HARSHIKA
HARSHINI
HARSHITA
HARSHITHA
HARSIKA
HARSIMRAN
HARSUKH
HARTA
HARTEJ
HARVA
HASAN
HASANA
HASANTHI
HASANTI
HASAS
HASEENA
HASHICA
HASIKA
HASINA
HASSEENAH
HASINA
HASINI
HASITA
HASNA
HASRAT
HASUMATI
HATAKAMAYA
HATAKIYA
HATEYA
HATISHA
HAVEN
HAVILY
HAVISHA
HAVISMATI
HAVU
HAVYN
HAWA
HAYA
HAYAAM
HAYAL
HAYAM
HAYANA
HAYAT
HAYDEN
HAYES
HAYI
HAYLEY
HAZEL
HAZELLE
HAZINA
HAZINE
HEA
HEATHER
HEAVEN
HEAVYNNE
HEBA
HEDDA
HEDIA
HEDVA
HEDWIG
HEDY
HEDYA
HEENA
HEER
HEERA
HEERKANI
HEET
HEI
HEIDI
HELA
HELAINE
HELEN
HELENA
HELENE
HELGA
HELIA
HELKI
HELLER
HELLI
HELOISE
HEMA
HEMADRI
HEMAGIRI
HEMAKALASA
HEMAKAMALA
HEMAKANTI
HEMAKESHA
HEMAKSHI
HEMAL
HEMALA
HEMALATA
HEMALATHA
HEMALI
HEMAMALA
HEMAMALINI
HEMAMAYA
HEMAMBIKA
HEMANGI
HEMANGINI
HEMANI
HEMANTA
HEMANTEE
HEMANTI
HEMANYA
HEMAPRABHA
HEMAPRIYA
HEMAPUSHPA
HEMARAJA
HEMASHRI
HEMASITA
HEMATARA
HEMAVALA
HEMAVALLI
HEMAVATHI
HEMAVATI
HEMAVIJAYA
HEMISHA
HEMKANTA
HEMLATA
HENA
HENNA
HENRIETTA
HENRIETTE
HERA
HERHO
HERMIONE
HERO
HESPER
HESSA
HESTER
HESTIA
HESTIA
HET
HETAL
HETI
HETSI
HETUKA
HETVI
HEULWEN
HIBA
HIBAH
HIDA
HIDE
HIDI
HIEN
HIHIKARA
HIJA
HILA
HILAIRE
HILARY
HILDA
HILDE
HILI
HILLA
HILLARY
HILLIARD
HIMA
HIMADRI
HIMAGHNA
HIMAGOURI
HIMAJA
HIMALI
HIMANGINI
HIMANI
HIMANK
HIMANSHI
HIMASUTA
HINA
HINAL
HINDA
HINDOLA
HINTO
HIRA
HIRAKA
HIRAL
HIRANANDA
HIRANGA
HIRANKSHI
HIRANMAI
HIRANMAYI
HIRANYA
HIRANYADHA
HIRARAMA
HIRDAI
HIRKANI
HIROKA
HIROKO
HISA
HISANO
HITA
HITAISHI
HITAKSHI
HITANSI
HITARTHEE
HITASHRI
HITEE
HITESHA
HITESHREE
HITI
HITLATA
HITTU
HIYA
HIZA
HOHU
HOLIDAY
HOLIKA
HOLIKAA
HOLLACE
HOLLAND
HOLLI
HOLLIE
HOLLIS
HOLLY
HOLLYE
HOMA
HOMAKALA
HOMAKASHTI
HOMALI
HOMASHALA
HOMIKA
HOMIYA
HONEY
HONG
HONNESHA
HONORA
HONORIA
HOOJOE
HOOR
HOORI
HOORIYA
HOP
HOPE
HOSANNA
HOSHI
HOSHIKA
HOSHIKO
HOTRA
HOTRI
HOTRIYA
HOUGHAI
HOVA
HRADHA
HRADINI
HRIDYA
HRIDYESHA
HRISHITA
HRISHMITHA
HRITHIKA
HRITIKA
HRITVI
HUA
HUDA
HOODA
HUDA
HUE
HUELA
HUK
HUKMEE
HUKMI
HUMA
HUMAILA
HUNA
HUNTER
HUONG
HURAIVA
HURALOPA
HURIYYAH
HOORIYA
HURMAT
HUSN
HUSNA
HUSNIYAH
HUVISHKA
HUYEN
HYACINTH
HYE
HYMA
HYMAVATHI
HYNDAVI
HYPATIA
IANNA
IANTHE
IBHA
IBTESAM
IBTIHAAJ
IBTIHAJ
ICCHA
IDA
IDALEE
IDALIA
IDANA
IDANIA
IDE
IDEN
IDHA
IDHAYA
IDHAYAKANI
IDHIKA
IDHITRI
IDIKA
IDITRI
IDOLA
IDRA
IDRIS
IFAMA
IFFAT
IHA
IHINA
IHITA
IHITHA
IIERATHI
IJAYA
IJYAA
IKAM
IKHTIAR
IKIA
IKJOT
IKKHATA
IKNA
IKRAAM
IKRAM
IKSHA
IKSHAN
IKSHANA
IKSHITA
IKSHITHA
IKSHU
IKSHULA
IKSHWAAKU
IKSURA
ILA
ILAKHUMI
ILAKKIYA
ILAMATHI
ILAMPIRAI
ILANA
ILANAH
ILANDERE
ILANGANI
ILANGUIL
ILAR
ILARIA
ILAVALAGI
ILAVARASI
ILAVENIL
ILDIKO
ILENE
ILHAAM
ILHAM
ILIANA
ILINA
ILISAPESI
ILISHA
ILITHYA
ILLISHA
ILONA
ILORI
ILSE
ILYSSA
IMA
IMALA
IMAN
IMANI
IMELDA
IMENA
IMOGENE
IMTITHAL
IN'AM
INA
INAAM
INAKSHA
INAM
INARA
INARI
INAS
INAS
INAYA
INAYAT
INBAM
INBAMOZHI
INBANAYAKI
INBAVALLI
INBHA
INCI
INDALI
INDEPENDENCE
INDERPREET
INDI
INDIRA
INDIRANI
INDIRJEET
INDIRJOT
INDIRPREET
INDIVARA
INDIYA
INDRA
INDRADHWAJA SAMABAHUDHARINI
INDRAKANTA
INDRAKSHI
INDRANEE
INDRANEEL
INDRANI
INDRASENA
INDRATHA
INDRAYANI
INDRINA
INDU
INDUJA
INDUKALA
INDUKANTA
INDULALA
INDULEKHA
INDULEKSH
INDUMA
INDUMALA
INDUMALINI
INDUMANI
INDUMATEE
INDUMATHI
INDUMATI
INDUMAULI
INDUMUKHI
INDUPRABHA
INDUREKHA
INDUYASAS
INEZ
INFINITY
INGA
INGE
INGRID
INIKA
INIKO
INIYA
INIYAAL
INIYAMOZHI
INIYAVAL
INKITHAM
INKURALI
INMOZHIYAN
INNAH
INOCENCIA
INOKE
INSIYAH
INTISAAR
INTISAR
INU
IOKINA
IOLA
IOLANA
IOLANI
IONA
IORWEN
IPHIGENIA
IPHIGENIE
IPO
IPSA
IPSITA
IRA
IRAAVATEE
IRAJA
IRAM
IRAVATI
IRELAND
IREN
IRENE
IRIA
IRINA
IRIS
IRISA
IRISH
IRIT
IRLEEN
IRMA
ISABEAU
ISABEL
ISABELLA
ISABELLE
ISABIS
ISADORA
ISAI
ISAIARASI
ISANNE
ISAURA
ISHA
ISHANA
ISHANI
ISHANIKA
ISHANVI
ISHANYA
ISHAYA
ISHI
ISHIKA
ISHIRA
ISHITA
ISHKIRAT
ISHQ
ISHRAT
ISHTA
ISHTANI
ISHTI
ISHUDHI
ISHUYA
ISHVARI
ISHWARI
ISHWARYA
ISHYA
ISI
ISIS
ISLA
ISLEEN
ISMAELA
ISOKE
ISOLDE
ISRA
ISTAS
ISVARI
ISWARI
ISWARYA
ITA
ITALIA
ITI
ITIHASA
ITISHREE
ITKILA
IVANA
IVI
IVIE
IVORY
IVRIA
IVY
IWALANI
IYALISAI
IYLA
IYUNA
IYYAMANI
IZDIHAAR
IZDIHAR
IZEFIA
IZHAIAMUDU
IZNA
IZZAT
JAABILI
JAAGRITI
JAAHNAVEE
JABA
JABEEN
JABOAH
JACE
JACEY
JACIE
JACINDA
JACINTA
JACKIE
JACLYN
JACOBA
JACQUELINE
JACQUI
JADA
JADE
JADEN
JADYN
JADZIA
JAEL
JAELLA
JAEN
JAFIT
JAGADAMBA
JAGADAMBAL
JAGADAMBIKA
JAGANMATA
JAGANMAYEE
JAGANMOHINI
JAGATEE
JAGATHA
JAGATHI
JAGATI
JAGAVI
JAGDAMBA
JAGRATI
JAGRAVI
JAGRITI
JAGROOP
JAGRUTI
JAGVI
JAGVINDER
JAHAL
JAHAN
JAHANARA
JAHEEL
JAHIA
JAHNAVI
JAHNVI
JAHZARA
JAILEKHA
JAIMAL
JAIMALA
JAIMAN
JAIMATHI
JAIMATI
JAIME
JAIMIE
JAIMIN
JAIMINI
JAINA
JAIPREET
JAIPRIYA
JAISHNA
JAISHREE
JAISHWARI
JAISUDHA
JAITASHRI
JAIWANTI
JALA
JALA'
JALABALA
JALADHI
JALADHIJA
JALAHASINI
JALAJ
JALAJA
JALAJAKSHI
JALANHILI
JALAPA
JALASA
JALBAALA
JALBALA
JALELA
JALEN
JALENA
JALENE
JALIA
JALIL
JALILA
JALILAH
JALPA
JALSA
JAMEE
JAMEELA
JAMEERAH
JAMES
JAMESE
JAMIE
JAMILA
JAMEELAH
JAMILA
JAMILAH
JAMEELA
JAMINI
JAMINIE
JAMUNA
JAMUNARANI
JANA
JANAAN
JANAE
JANAKI
JANAKNANDINI
JANAN
JANANEE
JANANI
JANAPRIYA
JANATHA
JANAVIKA
JANAYA
JANE
JANEEVA
JANELLE
JANESSA
JANET
JANETTE
JANGJEET
JANHAVI
JANHITHA
JANIA
JANICE
JANINA
JANINE
JANISHA
JANITHA
JANKI
JANNA
JANNAH
JANNAT
JANNAT
JANSI
JANTANANDA
JANU
JANUJA
JANUS
JANVI
JANYA
JAPJOT
JAPLEEN
JARA
JARAH
JARIAH
JARITA
JARUL
JASDEEP
JASHANGEET
JASHAR
JASIA
JASKARAN
JASKEERAT
JASKIRIT
JASLEEN
JASMEH
JASMIN
JASMINDER
JASMINE
JASMIRA
JASMIT
JASMITHA
JASNEEN
JASODA
JASODHARA
JASPINDER
JASPREET
JASSI
JASU
JASUM
JASVEER
JASVINDER
JASWEER
JATINDER
JAUNIE
JAVERIA
JAWAHIR
JAUHAR
GAUHAR
JAYA
JAYABALA
JAYABALAA
JAYABANU
JAYACHITRA
JAYAKALA
JAYALAKSHMI
JAYALALITA
JAYAM
JAYAMALA
JAYAMOGINI
JAYAN
JAYANI
JAYANTEE
JAYANTHI
JAYANTI
JAYANTIKA
JAYAPRABHA
JAYAPRADA
JAYAPRADHA
JAYAPRIYA
JAYARANI
JAYASANTHI
JAYASHREE
JAYASHRI
JAYASRI
JAYASUDHA
JAYATI
JAYAVANTI
JAYITA
JAYITRI
JAYME
JAYMEE
JAYNA
JAYNE
JAYSHRI
JAZLYNN
JEAN
JEANA
JEANETTE
JEANINE
JEANNE
JEENAL
JEET
JEETESH
JEETESHI
JEEVAJOTHI
JEEVAL
JEEVANA
JEEVANKALA
JEEVANLATA
JEEVARANI
JEEVIKA
JEEVITHA
JEHANNAZ
JELA
JEMIMA
JEMINA
JEMMA
JEN
JENA
JENAYA
JENDAYI
JENEIL
JENEVA
JENIBELLE
JENIFER
JENIS
JENITA
JENN
JENNA
JENNELLE
JENNESSA
JENNICA
JENNIE
JENNIFER
JENNIS
JENNY
JENSKI
JENYA
JERA
JERENI
JERI
JERICA
JERMAINE
JEROO
JERRICA
JERSEY
JERUSHA
JESAL
JESHNA
JESIMAE
JESLIN
JESLYN
JESS
JESSA
JESSAMINE
JESSE
JESSENIA
JESSICA
JESSIE
JESSINA
JETASHRI
JETTA
JEVARIA
JEWEL
JEWELL
JEYARANI
JEZEBEL
JHALAK
JHANA
JHANAVI
JHANI
JHANKAAR
JHANVI
JHARAPATA
JHARNA
JHEEL
JHILLIKA
JHILMIL
JHINUK
JHOOMER
JIA
JIA LI
JIDNYASA
JIE
JIGANASHA
JIGISHA
JIGNA
JIGNASA
JIGYA
JIGYASA
JIHAN
JILEEN
JILL
JILLIAN
JILPA
JIN
JINAL
JINELLE
JIRA
JITAL
JITHYA
JIVANTIKA
JIVIKA
JIYA
JNANADA
JNANADATTA
JNANADEVA
JNANADIPA
JNANAKARA
JNANAKETU
JNANAMERU
JNANAMURTI
JNANAVAJRA
JNANAVAPI
JNATA
JNATEYA
JNATRI
JOAN
JOANN
JOANNA
JOANNE
JOBAN
JOBANDEEP
JOCASTA
JOCELIN
JOCELYN
JODHDEEP
JODI
JODIE
JOEL
JOELLA
JOELLE
JOGINDAR
JOHANNA
JOHARA
JOHARI
JOHNDA
JOHNNA
JOIE
JOLA
JOLANTA
JOLENE
JOLIE
JOLINE
JONAKI
JONINA
JORAH
JORDAN
JORDANA
JORDANE
JORJANNA
JORRYN
JORY
JOSEFINA
JOSEPHINE
JOSETTE
JOSH
JOSHIKA
JOSHITA
JOSHITHA
JOSIE
JOT
JOTHI
JOTHIRANI
JOTHISRI
JOTI
JOVANNA
JOVIANNE
JOVITA
JOWAKI
JOY
JOYCE
JOYCETA
JOYEETA
JOYLYN
JUANA
JUANDALYNN
JUANITA
JUDE
JUDITH
JUDY
JUDZEA
JUGAD
JUGAAD
JUHI
JUHITHA
JUI
JUILY
JUIN
JUJHAR
JUJI
JUJU
JULES
JULIA
JULIANA
JULIANNA
JULIANNE
JULIE
JULIET
JULIETE
JULIETTE
JULINKA
JULISHA
JUMAANA
JUMANAH
JUMOKE
JUNIALI
JUNIPER
JUNO
JUSTICE
JUSTINE
JUSTIS
JUSTISE
JWAHIR
JWALA
JYESHTHA
JYESTHA
JYOSHIKHA
JYOTHI
JYOTI
JYOTIBALA
JYOTIKA
JYOTIRMAYI
JYOTIRMOYEE
JYOTISHMATI
JYOTSANA
JYOTSNA
KAAJ
KAAJAL
KAAKALEE
KAALAKA
KAALANJARI
KAALIKAA
KAAMAKYA
KAAMLA
KAANDHAL
KAASNI
KAAVYA
KABERI
KABIBE
KABIRA
KACELA
KACHINA
KACIA
KACY
KADALEE
KADAMBARI
KADAMBINI
KADEEN
KADHIROLI
KADIFA
KADIN
KADRI
KADRIYA
KAELIN
KAELYN
KAETHE
KAFI
KAGAMI
KAHALI
KAHALIN
KAHINI
KAHKASHAN
KAHLILIA
KAI
KAIA
KAIDA
KAIE
KAIKEYEE
KAILANI
KAILAS
KAILEY
KAILI
KAILYN
KAIMI
KAINDA
KAIRAVI
KAIROS
KAISHORI
KAITLIN
KAITLYN
KAIYA
KAIYO
KAJAL
KAJAMUKHI
KAJEL
KAJJALI
KAJOL
KAJORI
KAJRI
KAKALI
KAKOLI
KAKSHI
KAKSI
KALA
CALA
KALA
KALABAI
KALABJARI
KALAI
KALAIARASI
KALAIMAGAL
KALAIMANI
KALAISELVI
KALAIVANI
KALAJOTHI
KALAKA
KALAKARNI
KALANDHIKA
KALANI
KALANIDHI
KALAPI
KALAPINI
KALAPRIYA
KALARANI
KALARE
KALAVATHI
KALAVATI
KALEA
KALEENA
KALEESWARI
KALEI
KALEIGH
KALEY
KALGI
KALI
KALIGA
KALIGAMBAL
KALIKA
KALILA
KALIMA
KALIN
KALINA
KALINDA
KALINDI
KALINI
KALIPADA
KALISKA
KALISTA
KALIYAMMA
KALLI
KALLIE
KALLIMA
KALLIYAN
KALLOL
KALLOLINEE
KALONA
KALONI
KALONICE
KALPANA
KALPINI
KALPITA
KALYA
KALYANI
KALYCA
KALYNDA
KAMA
KAMADHA
KAMAKANTA
KAMAKSHEE
KAMAKSHI
KAMAKYA
KAMAL
KAMALA
KAMALAKSHI
KAMALAM
KAMALAMBAL
KAMALARANI
KAMALATCHI
KAMALAVAL
KAMALAVENI
KAMALDEEP
KAMALDIP
KAMALI
KAMALIKA
KAMALINEE
KAMALINI
KAMALJOT
KAMALKALI
KAMALNAYAN
KAMALPREET
KAMANA
KAMARIA
KAMATCHI
KAMAYANI
KAMEA
KAMEELA
KAMELLA
KAMERYN
KAMESH
KAMESHVARI
KAMESWARI
KAMI
KAMIKA
KAMILA
KAAMILAH
KAMILAH
KAMILI
KAMILIA
KAMIN
KAMINI
KAMINIA
KAMITHA
KAMLA
KAMNA
KAMNEEV
KAMPANA
KAMRA
KAMU
KAMYA
KANA
KANAGA
KANAGAM
KANAGAMUNI
KANAGAVATHI
KANAI
KANAK
KANAKA
KANAK
KANAKA
KANAKABATI
KANAKALATA
KANAKAVATHI
KANAKLATA
KANAKPRIYA
KANAN
KANANBALA
KANASU
KANAV
KANCHAN
KANCHANA
KANCHI
KANDA
KANDAPUSHPA
KANDE
KANDHARA
KANGA
KANGAN
KANGANA
KANGAVALLI
KANGNA
KANI
KANIKA
KANIKSHA
KANIMOLI
KANIMOZHI
KANIRA
KANISHKA
KANITA
KANITHA
KANIZAH
KANJARI
KANJRI
KANKALINI
KANKANA
KANMANI
KANNAGI
KANNAKI
KANNAMBAL
KANNATHAL
KANNEESWARI
KANNIYAMMAL
KANNMALAR
KANNMANI
KANONI
KANSATE
KANSIYA
KANSIYANILA
KANTA
KANTAPUSHPA
KANTHA
KANTHAMANI
KANTHARANI
KANTHI
KANTI
KANTIKARA
KANTTADHARA
KANUJA
KANUPRIYA
KANUSH
KANUSHI
KANWAL
KANWALNAIN
KANYA
KANYAKA
KANYANA
KAORI
KAORU
KAPALINI
KAPARDINI
KAPILA
KAPOTAKSHI
KARA
KARABI
KARAH
KARALA
KARALIKA
KARAM
KARAMDEEP
KARAMJOT
KARAMPREET
KARANDEEP
KARANJIT
KARASI
KAREEMA
KAREEN
KAREENA
KAREN
KARENA
KARI
KARIDA
KARIGAI
KARIMA
KAREEMAH
KARIMAH
KAREEMA
KARIMAH
KARIN
KARINA
KARIS
KARISH
KARISHMA
KARISMA
KARKA
KARLA
KARLI
KARLYN
KARMA
KARMAN
KARMINA
KARMITI
KARNA
KARNAPRIYA
KARNIKAA
KARONA
KARPAGAM
KARPAGAMBAL
KARPAGAVENI
KARPUKARASI
KARSEN
KARSTEN
KARTHIAYINI
KARTHIGA
KARTHIKA
KARTIKKA
KARUKA
KARULI
KARUNA
KARUNAMAYI
KARUNAMBAL
KARUNGURALI
KARUNYA
KASA
KASAK
KASEN
KASEY
KASHAMAYA
KASHI
KASHIKA
KASHIKANYA
KASHIN
KASHISH
KASHMIR
KASHMIRA
KASHMIRI
KASHTA
KASHVI
KASHVINI
KASHWINI
KASHYAPI
KASI
KASIA
KASIE
KASIMA
KASIYAMMBAL
KASNI
KASSIA
KASSIDY
KASTURI
KASYAPA
KAT
KATA
KATALIN
KATARINA
KATE
KATELIN
KATELYN
KATELYNN
KATEN
KATHA
KATHAMBARI
KATHARINE
KATHERINE
KATHIE
KATHINYA
KATHLEEN
KATHRYN
KATHY
KATHYAYANI
KATIA
KATIE
KATIMA
KATINA
KATOKA
KATRIEL
KATRINA
KATY
KATYAYANI
KAULA
KAUMUDEE
KAUMUDI
KAUSALYA
KAUSER
KAUSHA
KAUSHALI
KAUSHALYA
KAUSHEY
KAUSHIKA
KAUSHIKEE
KAUSHIKI
KAUSTUBHA
KAUSTUBHI
KAUTIRYA
KAVANA
KAVERA
KAVERI
KAVIKA
KAVIKUIL
KAVIMALAR
KAVIN
KAVINAYA
KAVINDRA
KAVINI
KAVIPRIYA
KAVITA
KAVITHA
KAVIYA
KAVNI
KAVYA
KAWALJEET
KAWALJIT
KAWALPREET
KAWENA
KAWKAB
KAWTHAR
KAY
KAYA
KAYALVILI
KAYASHTA
KAYCEE
KAYDENCE
KAYIN
KAYLA
KAYLANA
KAYLEE
KAYLEEN
KAYOMI
KAZHMIR
KEAHI
KEAIRA
KEALA
KEANU
KEATON
KECIA
KEDARNATHA
KEDMA
KEELAN
KEELIA
KEELIN
KEELTY
KEELY
KEEMAYA
KEEN
KEENA
KEERAN
KEERAT
KEERATDEEP
KEERATH
KEERITIKA
KEERTANA
KEERTHANA
KEERTHI
KEERTI
KEEYA
KEHANI
KEI
KEIKI
KEIKO
KEILAH
KEIR
KEIRA
KEISHA
KEITA
KEITHA
KEIYONA
KEJAL
KEKAA
KEKALA
KEKAVALA
KELADRY
KELBY
KELDA
KELI
KELIA
KAYLA
KELIKA
KELIKAMALA
KELIS
KELLA
KELLEN
KELLEY
KELLI
KELLSIE
KELLY
KELLYN
KELSEA
KELSEY
KELSY
KENADIA
KENADIE
KENATI
KENDA
KENDALL
KENDI
KENDIS
KENDRA
KENGA
KENISHA
KENLEY
KENNA
KENNEDI
KENNEDY
KENNICE
KENNITA
KENNTH
KENUM
KENY
KENYA
KENYON
KENZIE
KEOLA
KEONA
KEOSHA
KERA
KERAN
KERANI
KEREN
KERENSA
KERN
KERR
KERRI
KERRY
KERRYN
KESAR
KESAREE
KESARI
KESAVA
KESAVALLI
KESHI
KESHIKA
KESHIN
KESHINEE
KESHINI
KESHNI
KESHORI
KETAKI
KESHORI
KESIA
KESINI
KETAA
KETAKEE
KETAKI
KETANA
KETIKA
KETKI
KETU
KEVA
KEVALA
KEVALIN
KEVIKA
KEVINA
KEVLYN
KEVYN
KEYA
KEYAH
KEYANNA
KEYUR
KEYURI
KEZIA
KEZIAH
KHADEEJA
KHADIJAH
KHADEEJA
KHADIJAH
KHAIR
KHAIRIYA
KHALIDA
KHALIDAH
KHALILA
KHANAK
KHANDAN
KHANH
KHANIJA
KHANIKA
KHANUM
KHARAK
KHATERAH
KHAWLAH
KHAYAL
KHAYRIYYAH
KHAIRIYA
KHEVNA
KHEYALI
KHILI
KHILTI
KHIVI
KHOORSHEED
KHRISHA
KHUJASSTAH
KHULOOD
KHULUD
KHULOOD
KHUONG
KHUSH
KHUSHALI
KHUSHBOO
KHUSHI
KHUSI
KHUYEN
KHYAATI
KHYATH
KHYATI
KIA
KIAH
KIANA
KIANDRA
KIANGA
KIARA
KIARIA
KIDEN
KIELE
KIERAN
KIERAT
KIERSTEN
KIEU
KIEVE
KIHO
KIJANA
KIKI
KILENYA
KILEY
KILIMOLI
KILLIAN
KIM
KIMAMA
KIMATRA
KIMAYA
KIMBALL
KIMBERLEY
KIMBERLY
KIMI
KIMIMELA
KIMIYA
KIMMY
KIMN
KIMORNA
KIN
KINA
KINAARI
KINEKS
KINETA
KINFE
KINIPELA
KINJAL
KINNARI
KINNERA
KINSEY
KINTUBEN
KIOKO
KIONA
KIONE
KIORA
KIPLING
KIPP
KIRA
KIRABO
KIRAL
KIRAN
KIRANMALA
KIRANMAYA
KIRANMAYI
KIRANPAL
KIRAT
KIRATI
KIRBY
KIRI
KIRIBA
KIRIMA
KIRIN
KIRIT
KIRITHIKA
KIROS
KIRPA
KIRRA
KIRSI
KIRSTEN
KIRTANA
KIRTI
KIRTMALINI
KIRUBA
KIRUBAVATHI
KISHA
KISHALA
KISHI
KISHMISH
KISHORA
KISHOREE
KISHORI
KISSA
KITA
KITOKO
KITRA
KITTI
KITTY
KITU
KIYA
KIYOSHI
KIZZY
KLARIKA
KLARISSA
KNNIKA
KOBRA
KOCHAVA
KODAINAYAKI
KODHAI
KODIALLI
KODIMALAR
KODIMANI
KOHALA
KOHANA
KOHLASA
KOJAGARA
KOKAHA
KOKILA
KOKILAKA
KOKILAM
KOKILAMBAL
KOKILAPRIYA
KOKILARANI
KOKILAVAANI
KOKO
KOLAMAYIL
KOLAMBI
KOLEYNA
KOLINA
KOLTON
KOMAL
KOMALA
KOMALAGITA
KOMALANGA
KOMALATA
KOMALI
KOMATHA
KOMMONA
KOMONIKA
KOMPAL
KOMYA
KONA
KONALAKA
KONALI
KONANE
KONAVADIN
KONIKA
KONILA
KONVA
KOOTHARASI
KOOTHAYI
KOPAL
KOPANAKA
KORAKA
KORDELL
KOREN
KORENE
KORENIA
KORI
KORY
KOSHA
KOSHIN
KOSHNA
KOSTYA
KOTAPA
KOTAVI
KOTEESWARI
KOTHAI
KOTI
KOTIHOMA
KOTILINGA
KOTIRA
KOTISHA
KOTISRI
KOTO
KOURTNEY
KOUSHIKHA
KOUTHER
KOWKAB
KOKAB
KOYAL
KOYEL
KOZUE
KRANDASI
KRANTI
KREELI
KREEMY
KREENA
KRINA
KRIPA
KRIPAL
KRIPI
KRIPITA
KRIS
KRISALYN
KRISHA
KRISHI
KRISHITA
KRISHNA
KRISHNAA
KRISHNAKALI
KRISHNALA
KRISHNAVENI
KRISTA
KRISTEN
KRISTIAN
KRISTIN
KRISTINA
KRISTINE
KRISTY
KRITA
KRITESHNI
KRITHI
KRITHYA
KRITI
KRITIKA
KRITTIKA
KRITU
KRIYA
KRUPA
KRUPALI
KRUTEE
KRUTHIKA
KRUTI
KRUTIKA
KRYSTA
KRYSTAL
KRYSTKA
KRYSTYN
KSEMA
KSENA
KSHAMA
KSHAMYA
KSHANAPRABHA
KSHANIKA
KSHEMA
KSHEMAA
KSHEMYA
KSHIPA
KSHIPRA
KSHIPRAA
KSHIPVA
KSHIRAJA
KSHIRIN
KSHIRJA
KSHITHI
KSHITI
KSHITIJA
KSHITIKA
KUGAPRIYA
KUHU
KUHUK
KUILI
KUJA
KULAKODI
KULAPAVAI
KULAVARDHINI
KULJEET
KULJIT
KULMEET
KULTARAN
KULTHOOM
KULTHUM
KULTHOOM
KULVINDER
KUMA
KUMAARIL
KUMANI
KUMARI
KUMDWATHI
KUMI
KUMIKO
KUMKUM
KUMUD
KUMUDA
KUMUDHA
KUMUDINI
KUNAMALAI
KUNDA
KUNDALINEE
KUNDAN
KUNDANIKA
KUNDHAVAI
KUNDHAVI
KUNDHI
KUNDINI
KUNIKO
KUNISHA
KUNJA
KUNJAL
KUNJALA
KUNJALATA
KUNJAMMA
KUNJANA
KUNJUTHAM
KUNSHI
KUNTAL
KUNTALA
KUNTEE
KUNTHI
KUNTI
KUPARA
KUPAYA
KURA
KURANGI
KURANPREET
KURINJI
KURON
KUSALA
KUSHALA
KUSHI
KUSHMANDA
KUSUM
KUSUMA
KUSUMANJALI
KUSUMAVATI
KUSUMITA
KUSUMLATA
KUTA
KUTAJA
KUTAKA
KUVALAI
KUVALAYA
KUVAM
KUVIRA
KUYIL
KUYILSAI
KUZHALI
KWANITA
KYA
KYLA
KYLAR
KYLE
KYLEE
KYLEIGH
KYLENE
KYLER
KYLIA
KYLIE
KYNA
KYNAN
KYNTHIA
KYOKO
KYRA
KYRENE
KYRIA
KYRIE
LAABHA
LAALAMANI
LAALASA
LAALSA
LAASYA
LABAKA
LABANGALATA
LABONI
LABUKI
LACEY
LACHAN
LACHLAN
LACY
LADA
LADAN
LADHI
LADLI
LADONNA
LAEL
LAGAN
LAGHIMA
LAGHUVI
LAHARI
LAHELA
LAIBA
LAILA
LAYLY
LAILY
LAILA
LAINEY
LAJITA
LAJJA
LAJJAWATI
LAJVANTI
LAJVATI
LAJWANTI
LAJWATI
LAKEISHA
LAKEN
LAKH
LAKHI
LAKHVINDER
LAKIA
LAKIN
LAKSHA
LAKSHAKI
LAKSHAN
LAKSHANA
LAKSHANYA
LAKSHITA
LAKSHMANI
LAKSHMI
LAKSHMIBAI
LAKSHMIBALA
LAKSHMISHREE
LAKSHYA
LAKSHYAA
LAKYLE
LALA
LALAINE
LALAN
LALANA
LALASA
LALEH
LALENTHIKA
LALI
LALIMA
LALITA
LALITHA
LALITHABAI
LALITHKALA
LALITYA
LAMA
LAMEES
LAMIKA
LAMIS
LAMEES
LAMIS
LAMIYAH
LAMYA
LAN
LANA
LANAI
LANDEN
LANDRY
LANELLE
LANG
LANI
LANKA
LANZA
LAPAYA
LAPIS
LAQUETA
LAQUINTA
LARA
LARAINE
LARAMIE
LARANDA
LARANYA
LAREINA
LARINA
LARISA
LARISSA
LARK
LARONA
LARUE
LARYA
LASA
LASAKI
LASIKA
LASSIE
LASYA
LATA
LATACHARYA
LATAFAT
LATAKA
LATAKARA
LATANGI
LATANYA
LATASHA
LATAVYA
LATEEFA
LATEEFAH LATIFAH
LATEEFA
LATHA
LATHAMBAL
LATIFA
LATIFAH
LATEEFA
LATIFAH
LATIKA
LATIKARA
LATISHA
LATONA
LATOYA
LATYAYANA
LAURA
LAUREL
LAUREN
LAURIE
LAURITA
LAVADA
LAVALI
LAVANGEE
LAVANGI
LAVANI
LAVANIKA
LAVANYA
LAVE
LAVEENA
LAVELEEN
LAVENA
LAVENDER
LAVENEET
LAVENIA
LAVERNE
LAVEY
LAVI
LAVIKA
LAVINA
LAVINDEEP
LAVINIA
LAVONN
LAVONNE
LAWANDA
LAWRENCIA
LAXMI
LAYA
LAYLA
LEILA
LAYLA
LAYLAH
LAYNE
LEA
LEAH
LEAL
LEALA
LEANDRA
LEANE
LEANN
LEANNA
LEANNE
LEATRIX
LECEA
LEDA
LEDARI
LEDELL
LEE
LEELA
LEELABAI
LEELAMAYEE
LEELARANI
LEELAVATHI
LEELAVATI
LEELU
LEEN
LEENA
LEEYA
LEHANA
LEHAR
LEI
LEIA
LEICA
LEIGH
LEIGHANNA
LEIGHNA
LEIKO
LEILA
LEILANI
LEISHA
LEKHA
LEKHYA
LEKISHA
LELA
LELAYAMANA
LELIA
LEMMIE
LENA
LENCI
LENKA
LENORA
LENORE
LEOLA
LEOMA
LEONA
LEONIE
LEONORA
LEONTYNE
LEORA
LEQUOIA
LESA
LESLEY
LESLIE
LETHIA
LETICIA
LETITIA
LEVANA
LEVIA
LEWA
LEX
LEXI
LEXINE
LEXISS
LEYLAK
LEYNA
LEYSHA
LEYSHYA
LI HUA
LI MEI
LI MING
LIA
LIAN
LIANA
LIBBA
LIBBY
LIBERTY
LIBNI
LIBRA
LICIA
LIDA
LIDIA
LIESEL
LIEU
LIGU
LIGY
LIKHA
LIKHITA
LIKHITHA
LIKHITRI
LILA
LILAC
LILAH
LILAVATI
LILAWATTI
LILI
LILIA
LILIAN
LILIANNA
LILIHA
LILIKA
LILIKE
LILITH
LILKA
LILLI
LILLIAN
LILLY
LILO
LILUYE
LILY
LIMNA
LIMPA
LIN
LINA
LEENA
LINA
LINAEVE
LINCY
LINDA
LINDI
LINDLEY
LINDSAY
LINDSEY
LINDY
LINETTE
LINEYSHA
LING
LINGA
LINGADEHA
LINGAMMAL
LINGAMURTI
LINGASARNA
LINGASTHA
LINGIN
LINH
LINISHA
LINNEA
LINORE
LIONA
LIORA
LIPI
LIPIKA
LIRA
LIRIT
LIS
LISA
LISBEI
LISBET
LISE
LISELI
LISETTE
LISHA
LISIMBA
LISLE
LITA
LITYA
LITYATI
LIV
LIVANA
LIVDEEP
LIVI
LIVIA
LIVJOT
LIVLEEN
LIVPREET
LIVROOP
LIVVY
LIXUE
LIZ
LIZA
LIZBETH
LIZINA
LLUVIA
LOAN
LOBA
LOCAKASHA
LOCANA
LOCAVA
LOCHAN
LOCHANA
LOCKE
LOE
LOGAMBAL
LOGAN
LOGANAYAGI
LOGANAYAKI
LOGAPRIYA
LOGAVANI
LOGESHWARI
LOHAVARA
LOHINI
LOHINIKA
LOHITA
LOHITAKA
LOIS
LOKAISHANA
LOKAJANANI
LOKAKANTA
LOKAKSHI
LOKAMATRI
LOKAMAYA
LOKANIYA
LOKANURAGA
LOKAPALINI
LOKI
LOKYA
LOLA
LOLAKSI
LOLIKA
LOLITA
LOLOVIVI
LOMAA
LONA
LONDON
LONIKA
LONNA
LOPA
LOPAMUDRA
LORA
LORAND
LORANT
LORE
LORELEI
LOREN
LORENA
LORENE
LORETTA
LORI
LORIE
LORIN
LORING
LORNA
LORRAINE
LORRETTA
LOSHINI
LOSHTADEVA
LOTIKA
LOTTA
LOTTE
LOTTIE
LOTUS
LOUANNA
LOUISA
LOUISE
LOUKYA
LOURDES
LOUVAIN
LOVE
LOVELEEN
LOVETTE
LOVEY
LOVIE
LOWRI
LOYAL
LU LU
LU'LU
LUANA
LUANN
LUBA
LUBAABA
LUBABAH
LUBAINA
LUBDHAKA
LUBINA
LUBNA
LUCA
LUCERNE
LUCIA
LUCIANA
LUCIE
LUCILLE
LUCINDA
LUCINE
LUCITA
LUCKY
LUCRECE
LUCRETIA
LUCY
LUELLA
LUISA
LUKA
LULA
LULAYA
LULOAH
LULU
LULUAH
LUMBIKA
LUMBINI
LUMINA
LUNA
LUNDY
LUNETTE
LUNTHA
LUNTHANADI
LUPE
LUPITA
LUSHA
LUTA
LUTTAKA
LUYU
LUZ
LYCORIS
LYDIA
LYDIE
LYLE
LYN
LYNDA
LYNDE
LYNDON
LYNDSEY
LYNELLE
LYNETH
LYNETTE
LYNLEY
LYNN
LYNNA
LYNNE
LYNNEA
LYNSEY
LYNTON
LYRE
LYRIC
LYRIS
LYSA
LYSANDRA
MA'ISAH
MAADHAVEE
MAADHUREE
MAAGADHEE
MAALAI
MAANIKA
MAANYATHA
MAB
MABEL
MABLI
MABYN
MACARIA
MACAYLE
MACHA
MACHAKANNI
MACHIKO
MACKENZIE
MACY
MADA
MADAALSAA
MADANIKA
MADANJEET
MADANJIT
MADDOX
MADDY
MADEEHA
MADELEINE
MADELIA
MADELINE
MADELYN
MADGE
MADHARI
MADHAVA
MADHAVI
MADHAVILATA
MADHEVI
MADHI
MADHO
MADHU
MADHUBAALA
MADHUBALA
MADHUCHHANDA
MADHUJA
MADHUKANTA
MADHUKSARA
MADHUL
MADHULA
MADHULATA
MADHULEKHA
MADHULIKA
MADHULLA
MADHUMALATI
MADHUMALTI
MADHUMATHI
MADHUMATI
MADHUMITA
MADHUMITHA
MADHUNISHA
MADHUPARNA
MADHUPRIYA
MADHUR
MADHURA
MADHUREEMA
MADHURI
MADHURIMA
MADHURYA
MADHUSHA
MADHUSHREE
MADHUSHRI
MADHUVANTHI
MADHVI
MADIHAH
MADEEHA
MADINA
MADIRA
MADIRAKSHI
MADISON
MADONNA
MADRA
MADRI
MADRONA
MADURA
MAE
MAEGAN
MAEKO
MAEMI
MAERON
MAERYN
MAEVE
MAGADHI
MAGANA
MAGDA
MAGDALEN
MAGDALENA
MAGDALENE
MAGGIE
MAGHI
MAGHONA
MAGNOLIA
MAH JABEEN
MAHA
COW
MAHA
MAHABALA
MAHABHADRA
MAHADEVI
MAHAGANGA
MAHAGAURI
MAHAJABEEN
MAHAK
MAHAKALI
MAHAKANTA
MAHAL
MAHALA
MAHALAH
MAHALAKSHMI
MAHALIA
MAHAMATI
MAHAMAYA
MAHANIYA
MAHARANI
MAHARI
MAHASRI
MAHASTI
MAHASWETA
MAHATI
MAHATMIKA
MAHBOOBAH
MAHDI
MAHDIS
MAHEE
MAHEEN
MAHIN
MAHEK
MAHENDI
MAHESA
MAHESHI
MAHESHINDER
MAHESHWARI
MAHESWARA
MAHESWARI
MAHEYA
MAHI
MAHIJUBA
MAHIKA
MAHIMA
MAHINA
MAHIRA
MAHIRIMAH
MAHISMATI
MAHITA
MAHITHA
MAHIYA
MAHJABEEN
MAHLAGHA
MAHLAGHA
MAHLAH
MAHLIQA
MEHLIKA
MAHNAZ
MAHOGANY
MAHOGONY
MAHOLA
MAHRUKH
MAHSA
MAHSATI
MAHSHEED
MAHTA
MAHTAB
MAHUA
MAHUBALA
MAHUYA
MAHWASH
MAI
MAIA
MAIDA
MAIK
MAILI
MAILLE
MAIMOONA
MAIMUN
MAIMUNAH
MAINA
MAINAK
MAINE
MAIRE
MAIREAD
MAIRI
MAIRWEN
MAISA
MAISAH
MAISHA
MAISIE
MAITHILEE
MAITHILI
MYTHILI
MAITHILI
MAITLAND
MAITRA
MAITREE
MAITREYA
MAITREYEE
MAITREYI
MAITRI
MAITRY
MAITRYI
MAIZAH
MAJ
MAJA
MAJEEDA
MAJIDA
MAJIDAH
MAJEEDA
MAKAARIM
MAKAILA
MAKAIO
MAKALA
MAKALI
MAKANA
MAKANDA
MAKANI
MAKARA
MAKARIM
MAKAYLA
MAKELINA
MAKENNA
MAKSHI
MAKSHITA
MAKYA
MALA
MALAIARASI
MALAIKA
MALAIMAGAL
MALAIRANI
MALAK
MALANA
MALAR
MALARKODI
MALARVILI
MALARVIZHI
MALASHREE
MALATHI
MALATI
MALAV
MALAVIKA
MALAYA
MALEAH
MALEEHA
MALEESWARI
MALHA
MALI
MALIA
MALIHA
MALIHAH
MALIK
MALIKA
MALIKKA
MALINA
MALINDA
MALINI
MALISE
MALISHKA
MALISSA
MALIYA
MALJUMANA
MALKA
MALKIA
MALLALIKA
MALLI
MALLIGA
MALLIKA
MALLOREN
MALLORIE
MALLORY
MALLOW
MALORIE
MALORY
MALTI
MALU
MALVIKA
MALVINA
MAMATA
MAMTA
MAMTHA
MANA
MANAAL
MANAAR
MANADHA
MANAKA
MANAL
MANALI
MANAMI
MANANA
MANANYA
MANAR
MANAS
MANASA
MANASI
MANASIKA
MANASVI
MANASVINI
MANASWI
MANASWINI
MANAT
MANAVI
MANAVINDER
MANAYI
MANDA
MANDAAKINI
MANDAGINI
MANDAKINI
MANDAKRANTA
MANDANA
MANDARA
MANDARAA
MANDARMALIKA
MANDAVI
MANDEEP
MANDEEPA
MANDEL
MANDELINA
MANDELL
MANDHIR
MANDHODARI
MANDIP
MANDIRA
MANDISA
MANDITHA
MANDODARI
MANDRA
MANDY
MANEESHI
MANGAI
MANGAL
MANGALA
MANGALYA
MANI
MANIBHA
MANICA
MANICKAM
MANIDEEPA
MANIK
MANIKA
MANIKKODI
MANIKUNTALA
MANIKYA
MANIMAALAA
MANIMALA
MANIMALAI
MANIMALAR
MANIMEKHALA
MANIMOZHI
MANINAGAI
MANINDER
MANINDERJEET
MANINDERJIT
MANINDERPAL
MANINI
MANIRATNA
MANISHA
MOHISHA
MANISHA
MANISHIKA
MANISI
MANISILA
MANISITA
MANISITHA
MANITA
MANITHA
MANIYA
MANJARI
MANJEET
MANJIRA
MANJISTA
MANJISTHA
MANJIT
MANJU
MANJUBALA
MANJULA
MANJULABAI
MANJULIKA
MANJUSHA
MANJUSHRI
MANJUSRI
MANJYOT
MANKALAM
MANKALYAM
MANKAMMA
MANKARAN
MANMAT
MANMATHA
MANMAYI
MANNA
MANNAT
MANNING
MANNVIZHI
MANOBALA
MANODHINI
MANOHAR
MANOHARI
MANOJA
MANOKIRI
MANOLYA
MANON
MANONMANI
MANORAMA
MANORITHA
MANOUSH
MANPREET
MANROOP
MANSA
MANSHA
MANSHI
MANSHREE
MANSI
MANTHAKINI
MANTHIKA
MANTI
MANTIKA
MANTOSH
MANTRA
MANTREH
MANUELA
MANUSHI
MANUSHRI
MANVI
MANVINDER
MANVITHA
MANYA
MANZUMA
MARA
MARAAM
MARAKATHAM
MARALA
MARALAH
MARAM
MARAVA
MARCELLA
MARCENA
MARCI
MARCIA
MARCIE
MARCY
MARDAVA
MARDEA
MARDI
MARE
MAREE
MAREESHA
MAREK
MAREN
MARENDA
MARGAPALI
MARGARET
MARGARITA
MARGARITE
MARGAUX
MARGE
MARGED
MARGI
MARGIE
MARGO
MARGOT
MARGRET
MARGUERITE
MARI
MARIA
MARIAH
MARIAM
MARYAM
MARIAM
MARIAN
MARIANA
MARIANNE
MARIATU
MARIBEL
MARIBETH
MARICHI
MARICHIKA
MARIE
MARIEL
MARIETTA
MARIETTE
MARIG
MARIGOLD
MARIJKE
MARIKA
MARIKO
MARILEE
MARILU
MARILYN
MARIN
MARINA
MARINEL
MARION
MARIS
MARISA
MARISELA
MARISHA
MARISKA
MARISOL
MARISSA
MARIYAH
MARIYAMMAN
MARJA
MARJAN
MARJANAH
MARJANI
MARJEAN
MARJORIE
MARKA
MARKANDEYA
MARKKU
MARLA
MARLAS
MARLEE
MARLENE
MARLI
MARLIE
MARLIN
MARLIS
MARLO
MARLOW
MARLY
MARMAR
MARNIE
MARNIN
MARNINA
MARO
MARRIM
MARSHA
MARTA
MARTHA
MARTINA
MARTINE
MARUDHAM
MARUFF
MARUSHIKA
MARUTI
MARVA
MARVEL
MARVELA
MARVENE
MARVI
MARY
MARYA
MARYAM
MARZIEH
MARZIYAH
MAS'OUDA
MASAKO
MASAMI
MASARA
MASHAKA
MASILMANI
MASON
MASOUDA
MASOUMAH
MASTANAH
MASTOORAH
MASUM
MASUMAH
MASUMI
MATA
MATALI
MATANA
MATANGI
MATEAH
MATEJA
MATERIA
MATHANA
MATHANGI
MATHANI
MATHARA
MATHARASI
MATHAVI
MATHIARASI
MATHILDA
MATHILDE
MATHIVANI
MATHUBALA
MATHULA
MATHULAI
MATHULEKHA
MATHUMATHI
MATHUMITHA
MATHURAA
MATHURAM
MATHUREKHA
MATHURI
MATHUSRI
MATIA
MATIAS
MATILDA
MATILDE
MATINDER
MATISHA
MATRA
MATRI
MATRIKA
MATRIPUJA
MATTOX
MATTY
MAUDE
MAULASHREE
MAULI
MAUNA
MAURA
MAUREEN
MAUSAM
MAUSAMI
MAUSHMI
MAUSUMI
MAUVE
MAVE
MAVERICK
MAVIS
MAWIYA
MAWIYAH
MAXIMA
MAXIME
MAXINE
MAYA
MAYANKA
MAYARANI
MAYDA
MAYES
MAYIL
MAYILAMAI
MAYLIN
MAYMUNAH
MAYRA
MAYRAY
MAYREE
MAYSA
MAYSA'
MAYSAA
MAYSOON
MAYSUN
MAYSOON
MAYTEN
MAYUKHA
MAYUKHI
MAYURA
MAYURAKHSI
MAYUREE
MAYURI
MAYURIKA
MAYYADA
MAYYADAH
MAZANA
MCKALE
MCKAYLA
MCKENNA
MEA
MEAD
MEADOW
MEAGAN
MEAGHAN
MEARA
MECEKA
MEDA
MEDEA
MEDHA
MEDHAAVI
MEDHAKARA
MEDHANI
MEDHAVI
MEDHYA
MEDIA
MEDIN
MEDINEE
MEDINI
MEDURA
MEEN
MEENA
MEENABAI
MEENABIGAI
MEENAKSHI
MEENAL
MEENAMBAL
MEENU
MEERA
MEERABAI
MEERAJA
MEETA
MEEZA
MEG
MEGALA
MEGAN
MEGANAYAGI
MEGARA
MEGAVALLI
MEGAVANA
MEGHA
MEGHABINDU
MEGHAL
MEGHAMALA
MEGHAN
MEGHANA
MEGHARI
MEGHASVANA
MEGHAVINI
MEGHAYONI
MEGHNA
MEHA
MEHAA
MEHAK
MEHAL
MEHANAVAT
MEHANAZ
MEHAR
MEHARUNNISA
MEHATNU
MEHBOOBA
MEHDI
MEHER
MEHIRA
MEHLAKA
MEHNGA
MEHPREET
MEHRANGIZ
MEHREEN
MEHRNAZ
MEHRUNISSA
MEHRY
MEHUL
MEHULI
MEI
MEIRA
MEIYAMMAI
MEIYARIVU
MEIYAZHAGI
MEIYING
MEKA
MEKALA
MEKELLE
MEKHA
MEKHALA
MEKHALI
MEKHALIN
MEL
MELA
MELANEY
MELANGELL
MELANIA
MELANIE
MELANTHA
MELAPAKA
MELBA
MELI
MELIA
MELINA
MELINDA
MELIORA
MELISANDE
MELISSA
MELISSAN
MELITA
MELODIE
MELODY
MELORA
MELOSA
MELTEM
MELVA
MELVIN
MELVINA
MEMPHIS
MENA
MENAGAI
MENAHA
MENAJA
MENAKA
MENEFER
MENILA
MENITA
MENITHA
MENKA
MENMOLI
MENORA
MERAL
MIRAL
MERCEDES
MERCER
MERCIA
MERCURY
MERCY
MEREDITH
MERIA
MERIEL
MERIS
MERLE
MERLYN
MERRILL
MERRITT
MERRY
MERTON
MERU
MERYL
MERYLE
MESHA
MESHIA
MESSINA
METALI
METEA
METH
METHI
METHLI
METHRA
METRI
METTA
MHINA
MIA
MIAKODA
MICHAELA
MICHEAL
MICHELE
MICHELINE
MICHELLE
MICHI
MICHIKO
MICHON
MICKEY
MICOL
MIDORI
MIEKO
MIETTE
MIGNON
MIHIKA
MIHIRA
MIKA
MIKAIA
MIKAILI
MIKEL
MIKI
MIKKEL
MIKKU
MILA
MILAN
MILANA
MILANDU
MILDRED
MILI
MILIANI
MILICA
MILIKA
MILITA
MILLA
MILLER
MILLICENT
MILLIE
MILLY
MILONEE
MILONI
MIMI
MIMIR
MIMIS
MINA
MINAKSHI
MINAL
MINALAYA
MINANATHA
MINATI
MINDA
MINDY
MINERVA
MING
MINI
MINIMOL
MINIYA
MINJONET
MINNA
MINNAL
MINNALKODI
MINNIE
MINNOLI
MINNOLIYAL
MINOO
MINOR
MINOTI
MINOWA
MINTY
MINU
MINYA
MIO
MIPASHA
MIRA
MIRABEL
MIRABELLE
MIRACLE
MIRANDA
MIRARI
MIRAYA
MIRCEA
MIREILLE
MIRELLA
MIREYA
MIRIAM
MIRIELLE
MIRIT
MIRIUM
MIRRA
MIRUNALINI
MISAE
MISHA
MISHALI
MISHAN
MISHAYE
MISHEETA
MISHITA
MISHKA
MISHTI
MISRI
MISSY
MISTICO
MISTIE
MISTY
MISU
MITA
MITALI
MITEELAI
MITHI
MITHRA
MITHRAI
MITRA
MITRAVINDA
MITSU
MITTALI
MITTU
MIVARA
MIYA
MIYANDA
MIYO
MIYOKO
MIZELL
MLISS
MOANA
MOANNA
MOCANIYA
MODA
MODAKARA
MODANATHA
MODESTA
MODESTY
MODIN
MOESHA
MOGANAMBAL
MOGHANA
MOH
MOHAA
MOHANA
MOHANIE
MOHINEE
MOHINI
MOHISHA
MOHIT
MOHITA
MOHITHA
MOHITHIRA
MOIKUZHALI
MOIRA
MOITREYEE
MOKE
MOKSHA
MOKSHANA
MOKSHAPAYA
MOKSHITA
MOKSIN
MOLINA
MOLLY
MONA
MONAHAN
MONAL
MONALISA
MONESHAA
MONET
MONICA
MONIFA
MONIQUE
MONISHA
MONITA
MONROE
MONTANA
MONTSHO
MOOKATHAL
MOON
MOON UNIT
MORA
MORAG
MORAKA
MORAL
MORELA
MORENA
MOREY
MORGAN
MORGANA
MORIAH
MORIKA
MORLEY
MORNA
MORRIGAN
MORRISA
MORRISON
MORWEN
MORWENNA
MOSTYN
MOTANA
MOTTAYITA
MOUBANI
MOUKTHIKA
MOULI
MOUMITA
MOUNICA
MOUNISHA
MOUSHMEE
MOYA
MOZHDAH
MOZHGAN
MRIDANEE
MRIDHULA
MRIDINI
MRIDU
MRIDUL
MRIDULA
MRIGAKSHI
MRIGANAYANI
MRIGANKA
MRINAL
MRINALI
MRINALIKA
MRINALINI
MRINMAYEE
MRINMAYI
MRINMOYEE
MRITHULIKA
MRITSA
MRITTIKA
MRNALINI
MRUDA
MRUDANI
MRUDU
MRUDULA
MRUGA
MRUNALI
MRUNMAYI
MUBARAK
MUBASHSHIRA
MUBASHSHIR
MUBINAH
MUDITA
MUDRA
MUDRIKA
MUFEEDA
MUFIDAH
MUFEEDA
MUGDHA
MUHJA
MUHJAH
MUIREANN
MUKH
MUKTA
MUKTI
MUKUL
MUKULA
MUKULIKA
MUKULITA
MULA
MULAN
MULASHANTI
MULIKA
MULLAI
MUMINAH
MUNA
MONA
MUNA
MUNCEL
MUNEERA
MUNEERAH
MUNIRAH
MUNEESWARI
MUNI
MUNIN
MUNIRAH
MUNEERA
MUNIYA
MUNIYAMMAL
MUNMUN
MURA
MURDHAN
MURDHANYA
MURIEL
MURPHY
MURRAY
MURRON
MURVAREED
MUSHEERA
MUSHIKA
MUSHIRAH
MUSHEERA
MUSHTAREE
MUSKAAN
MUSKAN
MUSLIMAH
MUSOKE
MUSU
MUTHAMIZH
MUTHAMMAI
MUTHAMMAL
MUTHARASI
MUTHOLI
MUTHU
MUTHUMALAI
MUTHUMANI
MUTHUMEENA
MUTHUNAGAI
MUTIA
MYA
MYEISHA
MYLES
MYNA
MYNAVATHI
MYRA
MYRILLA
MYRNA
MYRRH
MYRTLE
MYSHA
MYSTERY
MYTHILI
MYTHILLI
MYTHILY
MYTHREYI
MYTHRI
MYVIZHIYAL
NA YAB
NA'ILAH
NA'IMA
NA'IMAH
NAAGBAALAA
NAAL
NAAMAGAL
NAAVA
NAAVARASI
NAAZ
NABAH
NABANIPA
NABANITA
NABEEHA
NABEELA
NABHA
NABHANIPA
NABHANYA
NABHI
NABHITA
NABHITHA
NABHYA
NABIHAH
NABEEHA
NABILA
NABEELA
NABILA
NABILAH
NABEELA
NACHIYAR
NACHNI
NADA
NADALIA
NADDA
NADEEDA
NADHINEE
NADHIRAH
NADHIYAH
NADIA
NADIDAH
NADEEDA
NADIE
NADIMA
NADINE
NADIRA
NADIRAH
NADWA
NADWAH
NAEEMA
NAEM
NAETHR
NAEVA
NAFEESA
NAFEESAH
NAFISAH
NAFEESA
NAFRIN
NAFUNA
NAGAJOTHI
NAGALATA
NAGAMAGAL
NAGAMMAI
NAGAMUTHU
NAGANALATHA
NAGANANDINI
NAGANIKA
NAGASAKTHI
NAGASHREE
NAGASRI
NAGEENA
NAGINA
NAGEENA
NAGESWARI
NAGHMAH
NAGINA
NAGINDER
NAGINI
NAGU
NAHEED
NAHID
NAHLA
NAHLAH
NAIA
NAIAD
NAIARA
NAIDA
NAIDHRUA
NAIJA
NAILA
NAILAH
NAIMA
NAIMAH
NAIMA
NAIMAH
NAIN
NAINA
NAINI
NAINIKA
NAIRI
NAIRITA
NAIRNE
NAISER
NAISHA
NAISHADA
NAISHADHA
NAISHI
NAIYA
NAJA
NAJAAH
NAJAH
NAJAT
NAJEEBA
NAJIBAH
NAJEEBA
NAJIDA
NAAJIDAH
NAJILA
NAJIYA
NAJIYAH
NAJIYYAH
NAJLA
NAJMA
NAJMAH
NAJMA
NAJWA
NAJYA
NAKEISHA
NAKIA
NAKSHATRA
NAKTI
NAKULA
NALA
NALAKA
NALAKINI
NALANI
NALANIE
NALAYINI
NALIKA
NALINA
NALINAKSHA
NALINEE
NALINI
NALLAMMA
NALLARASI
NALO
NAM
NAMAHA
NAMAN
NAMANA
NAMAR
NAMARTA
NAMAZZI
NAMI
NAMIKO
NAMIR
NAMIRA
NAMRA
NAMITA
NAMJEEV
NAMJOT
NAMLEEN
NAMPREET
NAMRAH
NAMRATA
NAMRITA
NAMROOP
NAMUCHI
NAMYA
NAN
NANAK
NANAKI
NANAKO
NANCY
NANDA
NANDAA
NANDANA
NANDHA
NANDHINEE
NANDI
NANDIKA
NANDINEE
NANDINI
NANDITA
NANDU
NANETTE
NANGAI
NANI
NANMA
NANTHINI
NAOLIN
NAOMI
NAOMIKA
NAPUA
NARA
NARAIN
NARANJ
NARASAMMA
NARAYANI
NARAYINI
NARCISSE
NARDEV
NARESH
NARGIS
NARIKA
NARIKO
NARIN
NARINDER
NARITA
NARMADA
NARMADAI
NARMEEN
NAROIS
NARPENDYAH
NARTAN
NASCHA
NASEELAH
NASEEN
NASHA
NASHELY
NASHIDA
NASHITA
NASHWA
NASIA
NASIHA
NASIRA
NASIRAH
NASIRA
NASNAN
NASREEN
NASRIN
NASTARAN
NASYA
NATALA
NATALIA
NATALIE
NATALYA
NATANA
NATANAMANI
NATANE
NATANIA
NATARA
NATASHA
NATESA
NATHALIE
NATHASYA
NATHIFA
NATHIKA
NATHIYA
NATINE
NATIVIDAD
NATKUNA
NATSU
NATUN
NAUKA
NAVA
NAVIT
NAVA
NAVADURGA
NAVAMANI
NAVAMI
NAVANEETA
NAVANEETHA
NAVANITHA
NAVARASI
NAVASHREE
NAVDEEP
NAVDHA
NAVEENA
NAVESHNI
NAVETA
NAVID
NAVIKA
NAVINA
NAVISTHA
NAVITA
NAVIYA
NAVJEET
NAVJEEV
NAVKIRAN
NAVLEEN
NAVNEET
NAVNEETA
NAVPREET
NAVYA
NAWAL
NAWAR
NAWAZISH
NAYANA
NAYANI
NAYANTARA
NAYNIKA
NAYONIKA
NAYYER
NAYYIRAH
NAZ
NAZAAHA
NAZAFARIN
NAZAHAH
NAZAKAT
NAZARAH
NAZARHA
NAZEEHA
NAZEENA
NAZEERA
NAZEEYA
NAZGUL
NAZHIN
NAZIA
NAZIHAH
NAZILLA
NAZIMA
NAZIMAH
NAZIRAH
NAZLI
NAZMA
NAZMIYA
NAZNEEN
NAZNIN
NAZUK
NAZY
NECI
NECIA
NEDAA
NEDRA
NEEHARIKA
NEEJA
NEELA
NEELABJA
NEELAJA
NEELAKSHI
NEELAM
NEELAMBARI
NEELANJANA
NEELAVALLI
NEELAVANI
NEELAVATHI
NEELAVENI
NEELESH
NEELIMA
NEELIMAA
NEELJA
NEELKAMAL
NEELKAMALA
NEELMANI
NEELOPHER
NEELU
NEELY
NEEMA
NEENA
NEEPA
NEERA
NEERAJA
NEERJA
NEERU
NEESHA
NEESHAL
NEETA
NEETHU
NEETI
NEETU
NEHA
NEHAL
NEHALI
NEHAN
NESLIHAN
NEHARIKA
NEHAYAT
NEHULA
NEILA
NEITH
NEKI
NELIA
NELL
NELLIE
NELLIS
NELLY
NENA
NENET
NEO
NEOLA
NEONA
NEORAH
NERICE
NERINA
NERISHA
NERISSA
NERITA
NERONA
NERYS
NESA
NESAMANI
NESAYEM
NESSA
NETIS
NETRA
NETRAVATI
NEVA
NEVADA
NEVAEH
NEVEAH
NEVEDHA
NEVIAH
NEVILLE
NEVIN
NEVINA
NEWLYN
NEYAMANI
NEYLAN
NGUYET
NHI
NHU
NHUNG
NI'MAH
NI'MAT
NIA
NIABI
NIALL
NIAMH
NIBAAL
NICHELLE
NICHOLE
NICKAN
NICKI
NICKITA
NICOLA
NICOLE
NICOLETTE
NIDA
NIDHI
NIDHIPA
NIDHYANA
NIDHYATHI
NIDI
NIDRA
NIEL
NIESHA
NIEVE
NIGAH
NIHAARIKAA
NIHARIKA
NIHIRA
NIHITHA
NIJOLE
NIJU
NIKA
NIKARA
NIKE
NIKHILA
NIKHITA
NIKISHA
NIKITA
NIKITHA
NIKKI
NIKKOL
NIKOO
NIKOU
NIKUNJA
NILA
NYLA
NILA
NILAA
NILAKSHI
NILAMBARI
NILANI
NILANJANA
NILARUNA
NILASHA
NILASHRI
NILAVARASI
NILAVOLI
NILAYA
NILE
NILEEN
NILI
NILIMA
NILINI
NILOUFAR
NILOUFER
NILSHIKHA
NILUTHA
NIMA
NIMAAT
NIMAH
NIMAI
NIMAT
NIMEESHA
NIMEETA
NIMI
NIMISHA
NIMITA
NIMM
NIMMI
NIMMIA
NIMRAT
NIMRATA
NINA
NINARIKA
NINON
NIPA
NIPEKSHA
NIPUNA
NIR
NIRA
NIRAALAA
NIRAAMAYEE
NIRADHARA
NIRAIMADHI
NIRAL
NIRALI
NIRAMALAA
NIRAMAYEE
NIRANJANA
NIRANJINI
NIRAVI
NIRBHAU
NIREEKSHA
NIRGUNA
NIRJA
NIRJARA
NIRJHARA
NIRMAIL
NIRMAL
NIRMALA
NIRMALYA
NIRMAYI
NIRMITA
NIRMITHA
NIRMITI
NIROSHA
NIRUPA
NIRUPAMA
NIRUTHIYA
NIRVANA
NIRVANI
NIRYUHA
NISAA
NISARGA
NISCHAL
NISHA
NISHAA
NISHADEE
NISHANDHI
NISHANTHI
NISHAY
NISHCHITH
NISHEETA
NISHEVITHA
NISHI
NISHIKA
NISHIKANTA
NISHILA
NISHITA
NISHITHINI
NISHKA
NISHMA
NISHNA
NISHRA
NISHREE
NISHTHA
NISITA
NISTHA
NITA
NITARA
NITH
NITHA
NITHI
NITHILAM
NITHIYA
NITHYA
NITI
NITIKA
NITIMA
NITSA
NITU
NITUNA
NITYA
NITYAPRIYA
NITYASREE
NITYASRI
NITZA
NITZAH
NIZAH
NIVA
NIVEDHA
NIVEDITA
NIVEDITHA
NIVEETHA
NIVERTA
NIVRITI
NIVRITTI
NIXIE
NIYATHI
NIYATI
NIZANA
NOE
NOEL
NOELANI
NOELLE
NOHEALANI
NOLA
NOLAN
NOLAND
NOLCHA
NOLETA
NOMA
NONA
NONNIE
NOOPUR
NOOR
NOUR
NOOR
NOORIEN
NOORJAHAN
NOORJEHAN
NORA
NORAH
NOREEN
NORI
NORINA
NORMA
NORMANDY
NORRIS
NOSHI
NOUF
NOURA
NOUSHAFARIN
NOUSHIN
NOVA
NOVIA
NOWLES
NOX
NRIPA
NRIPAMALA
NRIPINDER
NUALA
NUBIA
NUDAR
NUDHAR
NUDHAR
NUHA
NUHAD
NUMA
NUPOOR
NUPUR
NUPURA
NUR
NOOR
NURA
NURAY
NUREEN
NURHAN
NURI
NURIA
NURIYAH
NURJAHAN
NURU
NUSA
NUSAYBA
NUSRAT
NUTAN
NUTI
NUWA
NUZHA
NYAKO
NYDIA
NYEKI
NYLA
NYNEISHIA
NYOKA
NYOKO
NYSA
NYX
OAKES
OAKLEY
OBEDIENCE
OBELIA
OBERON
OBERT
OCEANA
OCTAVIA
ODAKA
ODANIYA
ODATHI
ODATI
ODEDA
ODELE
ODELIA
ODELL
ODESSA
ODETTA
ODETTE
ODIKA
ODIN
ODINA
ODITHI
ODITI
OESHI
OFIRA
OFRA
OHANNA
OHELAH
OHIO
OIHANE
OINDRILA
OISTIN
OJA
OJAL
OJAS
OJASVI
OJASWINEE
OJASWINI
OJASWITAA
OJAYATI
OJEETA
OKAL
OKALANI
OKAPI
OKE
OKELANI
OKI
OKOTH
OKSANA
OKYA
OLATHE
OLDOOZ
OLENA
OLENCIA
OLESIA
OLEVIA
OLGA
OLIANA
OLICHUDAR
OLIKODI
OLIMANI
OLIN
OLINA
OLINDA
OLIRMATHI
OLISA
OLISUDAR
OLIVE
OLIVIA
OLIYARASI
OLWEN
OLYMPE
OLYMPIA
OMA
OMAIRA
OMAJA
OMALA
OMANA
OMEED
OMID
OMEGA
OMELA
OMISHA
OMKARA
OMKARESHWARI
OMKARI
OMVATI
OMYA
ONA
ONAEDO
ONAONA
ONAWA
ONDREA
ONEIDA
ONELLA
ONI
ONKARJEET
ONTIBILE
OONA
OORJA
OPA
OPAL
OPALINA
OPALINE
OPARNA
OPEL
OPHELIA
OPHIRA
OPHRAH
OPINDER
OPPILAA
OPPILAMANI
OPPILARASI
OPPILIYA
OPRAH
ORA
ORAH
ORA
ORALEE
ORAN
ORANE
ORDE
ORDELL
OREA
ORENDA
ORIA
ORIANA
ORIEL
ORIEN
ORINDA
ORIOLE
ORION
ORLEANS
ORLI
ORLY
ORMA
ORMANDA
ORPAH
ORPITA
OSANNA
OSHA
OSHIN
OSHMA
OSMA
OTAVE
OTYLIA
OUIDA
OVA
OVERTON
OVIA
OVIYA
OVIYAKODI
OVIYAM
OWENA
OWNAH
OYA
PAADINI
PAARVATEE
PAAVAI
PAAYAL
PABLA
PACHAIAMMA
PADIDAH
PADMA
PADMAA
PADMAGRIHA
PADMAJA
PADMAJAI
PADMAKALA
PADMAKALI
PADMAKSHI
PADMAL
PADMALATHA
PADMALAYA
PADMALOCHANA
PADMAMALINI
PADMAPRIYA
PADMAREKHA
PADMAROOPA
PADMASHRI
PADMAVASA
PADMAVATHI
PADMAVATI
PADMINEE
PADMINI
PADMINIKA
PADNUNI
PAGAM
PAHAL
PAHANA
PAHAR
PAIGE
PAISLEY
PAIVA
PAJAS
PAJIKA
PAKA
PAKALA
PAKASANSA
PAKHI
PAKIMA
PAKSHALIKA
PAKSHI
PAKUNA
PAL
PALAK
PALAKSI
PALANI
PALANIAMMA
PALASH
PALESA
PALEY
PALILA
PALLAB
PALLAS
PALLAVEE
PALLAVI
PALLAVINI
PALMA
PALMER
PALOMA
PALOMI
PALTI
PAM
PAMEE
PAMEELA
PAMELA
PAMELIA
PAMMI
PAMMIE
PAMMY
PAMPA
PANCHALI
PANCHAMI
PANCHI
PANDALA
PANDARIBAI
PANDAVA
PANDAVIKA
PANDI
PANDIAMMA
PANDITA
PANDORA
PANDU
PANDULOHA
PANIKA
PANINI
PANITA
PANIZ
PANJALI
PANJU
PANKAJA
PANKAJADHARINI
PANKAJAM
PANKHADI
PANKHDI
PANKHUDI
PANKHURI
PANKITA
PANKTI
PANNA
PANSHU
PANSY
PANTHEA
PANTXIKE
PANYA
PANYIN
PAOLA
PAPIHA
PAPILLON
PAPINA
PAPPA
PAPPAL
PAPPAMMA
PAPRIKA
PARAJIKA
PARAMA
PARAMESHWARI
PARAMGEET
PARAMITA
PARAMJIT
PARAMJOG
PARAMJOT
PARAMLEEN
PARAMPREET
PARAMVIR
PARANA
PARAND
PARAS
PARASMANI
PARASTOO
PARAVI
PARBARTI
PARBEEN
PAREE
PARI
PAREECHEHR
PAREEROU
PAREESA
PARISA
PAREEWASH
PARI
PARIDHI
PARIJAN
PARIJATA
PARIJATHAM
PARIKHAN
PARIMALA
PARIMALAM
PARIMITAA
PARIN
PARINA
PARINEETA
PARINITA
PARIS
PARISA
PARISHI
PARITA
PARIVITA
PARIYA
PARIYAT
PARIZAD
PARJANYA
PARK
PARKER
PARKIN
PARLAN
PARLEY
PARMIDA
PARMILA
PARMINDAR
PARMITA
PARNAA
PARNAL
PARNASHRI
PARNAVI
PARNI
PARNIK
PARNIKA
PARNIKAA
PARNITA
PAROMITA
PARRISH
PARRY
PARSON
PARTHAVI
PARTHI
PARTHIVI
PARTO
PARUL
PARVANAH
PARVANI
PARVATHAM
PARVATHI
PARVATI
PARVEEN
PARVEENI
PARVENEH
PARVIN
PARVINI
PARYA
PASCALE
PASCHA
PASHA
PASHMINA
PASHUPRIYA
PASUNGODI
PASUNKILI
PAT
PATA
PATALA
PATALI
PATALIKA
PATALIN
PATANJALI
PATAVA
PATAVYA
PATHANA
PATHINA
PATHYA
PATIA
PATIENCE
PATIKA
PATMANJARI
PATRA
PATRALEKHA
PATRALIKA
PATRI
PATRICE
PATRICIA
PATSY
PATTAMMA
PATTU
PATTY
PAULA
PAULETTE
PAULINA
PAULINE
PAULOMI
PAURAVI
PAVAKI
PAVANA
PAVANI
PAVEENA
PAVI
PAVITRA
PAX
PAXTON
PAYAL
PAYASWINI
PAYINGILI
PAYINKODI
PAYOJA
PAYTON
PAZ
PAZIA
PAZ
PEARL
PEARLIE
PEARLY
PEBBLES
PECHIKA
PECHIYAMMI
PEGAH
PEGEEN
PEGGY
PEHILA
PEHIR
PEHR
PEIGI
PELAGIA
PELAVA
PELHAM
PEMBROKE
PENDA
PENELOPE
PENHA
PENINAH
PENN
PENNARASI
PENNAZHAGU
PENNEY
PENNIE
PENNY
PEONY
PEPITA
PEPPER
PERANI
PERAZHAGI
PERAZHAGU
PERDITA
PERDY
PEREGRINE
PERI
PERNITA
PERRIN
PERSEPHONE
PERU
PERUMAGAL
PERUN
PETA
PETAL
PETRA
PETRONELLA
PETULA
PETUNIA
PETVA
PEYTON
PEYUSHA
PEYVAND
PHAEDRA
PHAILIN
PHALGUNI
PHALLON
PHENYO
PHIALA
PHILA
PHILANA
PHILANTHA
PHILENA
PHILIPPA
PHILLIPA
PHILOMENA
PHILYRA
PHIROZA
PHOEBE
PHOENIX
PHOOLAN
PHOOLWATI
PHUONG
PHUTIKA
PHYLICIA
PHYLISS
PHYLLIS
PHYRE
PIA
PIAAR
PIAL
PIER
PIERA
PIERCE
PIERRETTE
PIHU
PIKI
PILAR
PILIALOHA
PILIS
PILLAN
PINAAKEE
PINAKINI
PINAL
PINAR
PING
PINGA
PINGALA
PINGLA
PINK
PINKY
PIPER
PIPEREL
PIPPA
PIPYANA
PIRRO
PISCES
PITA
PITAKAVERA
PITANILA
PITAPUSHPA
PITH
PITHA
PITHAYUTHI
PIVAL
PIVARI
PIYAL
PIYALI
PIYUSHA
PLAKSHA
PLATT
PLAVA
PLEASANCE
POLLY
POMMI
POMONA
PONNAMAL
PONNARASI
PONNAZHAGI
PONNAZHAGU
PONNI
PONNMALAI
PONNMANI
PONNVADIVU
POO
POOBAVAN
POOJA
POOJAN
POOJIT
POOKY
POOMA
POOMAGAL
POOMBAVAI
POONAM
POONCHOLAI
POONGODI
POONKODAI
POORANI
POORBI
POORNA
POORNAKALA
POORNAKAMALA
POORNAMALA
POORNIMA
POORNIMAA
POORTI
POORVA
POORVAJA
POORVI
POOSHAA
POOTUL
POOVALLI
POOVARASI
POOVAZHAGI
POPAT
POPPY
PORSCHE
PORTER
PORTIA
POSHA
POSHANIYA
POSHAYITRI
POSHIKA
POSHYA
POSY
POTRIYA
POULOMI
POUNAH
POONAH
POUPAK
POURAN
POURCHELVI
POURI
POURKODI
POUSHALI
POYA
PRABHA
PRABHADA
PRABHATI
PRABHAVATI
PRABHGUN
PRABHJEET
PRABHJIT
PRABHJOT
PRABHKIRAT
PRABHLEEN
PRABHMEET
PRABHNOOR
PRABHROOP
PRABHRUP
PRABHSIMRAN
PRABUDDHA
PRACHEETA
PRACHI
PRACHITA
PRADATTA
PRADEEPTA
PRADNAYA
PRADNYA
PRADYUMNA
PRAFULA
PRAGALBHA
PRAGATHI
PRAGATI
PRAGNA
PRAGNYA
PRAGUN
PRAGYA
PRAGYAPARAMITA
PRAGYAWATI
PRAJAKTA
PRAJNA
PRAJUSHA
PRAKALP
PRAKALPA
PRAKATHI
PRAKHYA
PRAKRITI
PRAKRUTHI
PRAKRUTI
PRAKSHI
PRAMA
PRAMADA
PRAMILA
PRAMITI
PRAMODINI
PRANALI
PRANATI
PRANAUTHI
PRANAVI
PRANAYA
PRANEETA
PRANIDHI
PRANITA
PRANJAL
PRANJEETA
PRANVUTA
PRAPTI
PRARTHANA
PRASANA
PRASHAMSA
PRASHANSA
PRASHANTHI
PRASHANTI
PRASHEETHA
PRASHEILA
PRASHRI
PRASOON
PRASSANA
PRATEECHI
PRATEEKSHA
PRATHANA
PRATHEEBA
PRATHEEKA
PRATHEEPA
PRATHNA
PRATHYSHA
PRATIBHA
PRATICHI
PRATIGYA
PRATIKA
PRATIKSHA
PRATIMA
PRATISHTHA
PRATITHA
PRATITI
PRATYUSHA
PRAVALIKA
PRAVALIKHA
PRAVALLIKA
PRAVANYA
PRAVEENA
PRAVESHA
PRAYERNA
PRAYUTA
PRBHAVATI
PRECIOUS
PREENITHI
PREET
PAREET
PREET
PREETAL
PREETAMJOT
PREETHA
PREETHI
PREETI
PREITY
PREKSHA
PREKSHAA
PREM
PREMA
PREMALA
PREMALATHA
PREMAVATHI
PREMDEEP
PREMILA
PREMJEET
PREMJOT
PREMLEEN
PRENIKA
PRENTICE
PRERANA
PRERENA
PRERITA
PRERNA
PRESENCIA
PRESHTI
PRESLEY
PRESTA
PRESTHA
PRESTON
PREYAKSHANA
PREYASI
PRIANKA
PRIMAVERA
PRINA
PRINAKA
PRINCESS
PRINI
PRISCA
PRISCILLA
PRISHA
PRISHITA
PRITA
PRITAL
PRITHA
PRITHIKA
PRITHULOMA
PRITI
PRITIKA
PRITIKANA
PRITILATA
PRIVRATA
PRIYA
PRIYABRATA
PRIYADARSHINI
PRIYADUTTA
PRIYAL
PRIYALA
PRIYAM
PRIYAMVADA
PRIYANJALI
PRIYANKA
PRIYANVADA
PRIYASHA
PROFULLA
PROGYA
PROMILA
PROMITA
PRONOMITA
PROSPER
PRUDENCE
PRUE
PRUNELLA
PRUTHA
PSYCHE
PUJA
PUJI
PUJITA
PUJITHA
PUJYA
PULAK
PULES
PULIKA
PULINA
PULKITA
PULOMA
PUNA
PUNAM
POONAM
PUNAM
PUNARNAVA
PUNATI
PUNDARI
PUNDARIKA
PUNDARIN
PUNEET
PUNEETA
PUNIKA
PUNIMA
PUNITA
PUNITHA
PUNITHAM
PUNOM
PUNTAYATI
PUNTHALI
PUNYA
PUNYABRATA
PUNYAGEHA
PUNYAKA
PUNYALOKA
PUNYANAMAN
PUNYASLOKA
PUNYATA
PUNYATRINA
PUNYATVA
PURABI
PURADHANA
PURAJANA
PURALA
PURAMALINI
PURAMBHI
PURANDHRI
PURAPHALA
PURARI
PURAVI
PURAYANA
PURISHA
PURISHYA
PURITY
PURNA
PURNIMA
PUROBI
PURUNITHA
PURUVI
PURVA
PURVAJA
PURVANI
PURVI
PUSHA
PUSHKA
PUSHKALA
PUSHKARINI
PUSHPA
PUSHPAKALA
PUSHPALATA
PUSHPAM
PUSHPAMALA
PUSHPANJALI
PUSHPARANI
PUSHPASRI
PUSHPAVATHI
PUSHPAVATI
PUSHPAVENI
PUSHPINDER
PUSHPITA
PUSHPYA
PUSHTA
PUSHTI
PUSHTIKA
PUSHYA
PUSHYATI
PUSTI
PUTAKINI
PUTANA
PUTUL
PYAS
PYRALIS
QAMRA
QIANA
QIAO
QIMAT
QING
QUANA
QUANDA
QUANT
QUARBANI
QUARRTULAIN
QUASAR
QUBILAH
QUEENIE
QUENBY
QUENNELL
QUENTIN
QUERIDA
QUESTA
QUIANA
QUILLA
QUILLAN
QUIN
QUINCY
QUINLAN
QUINN
QUINTA
QUINTANA
QUINTESSA
QUINTINA
QUIRITA
QUITERIE
QUORRA
QURRTUL AIN
QUSAR
QUYNH
QWARA
QWIN
RA'EESAH
RA'IDAH
RA'NAA
RAAADHIKA
RAADHAA
RAADHIKA
RAADHIYA
RAAHI
RAAIDA
RAAKA
RAAKHEE
RAAKHI
RAASHI
RAATRI
RAAVI
RAAWIYA
RABAB
RABANI
RABEEA
RABHYA
RABI'AH
RABIA
RABIAH
RACH
RACHAEL
RACHANA
RACHEL
RACHELLE
RACHI
RACHITA
RACHITHA
RACHNA
RADDHA
RADDHI
RADEYAH
RADHIYA
RADHA
RADHAMANI
RADHANA
RADHANI
RADHARANI
RADHIKA
RADHIYAA
RADHWA
RADWA
RADHWA
RAE
RAEANNE
RAECHEL
RAEKH
RAELEAH
RAFA
RAFA'
RAFFERTY
RAFI'
RAFIA
RAFIKI
RAFIQA
RAFIYA
RAFIYYAH
RAGA
RAGAMALIKA
RAGAMAYA
RAGAN
RAGASUTRA
RAGAVI
RAGHAVI
RAGHD
RAGHINI
RAGI
RAGINEE
RAGINI
RAGNHILD
RAHA
RIHA
RAHAB
RAHAT
RAHEEMAH
RAHIMAH
RAHEL
RAHELA
RAHIBA
RAHIMAH
RAHINI
RAHULAKA
RAI
RAIDAH
RAIEHA
RAIHAANAH
RAIMA
RAIN
RAINA
RAINE
RAISA
RAISIE
RAISSA
RAIZEL
RAJA
RAJA'
RAJADANYA
RAJAG
RAJAHANSA
RAJAKANYA
RAJALAKSHMI
RAJAM
RAJAMMAL
RAJANAYA
RAJANEE
RAJANI
RAJANIGANDHA
RAJASHRI
RAJASI
RAJASRI
RAJASUYA
RAJATA
RAJATHI
RAJAVENI
RAJAVI
RAJDULARI
RAJEEYAH
RAJESHRI
RAJESHVARI
RAJESHWARI
RAJESWARI
RAJHANS
RAJHANSA
RAJI
RAJIFFER
RAJIKA
RAJINA
RAJITA
RAJITHA
RAJIVINI
RAJKUMARI
RAJLAKSHMI
RAJMATTIE
RAJNANDHINI
RAJNANDINI
RAJNI
RAJRITA
RAJSHRI
RAJUL
RAJVI
RAKA
RAKEEH
RAKHEE
RAKHI
RAKHSHANDA
RAKSHA
RAKSHITA
RAKSHMA
RAKTI
RALEIGH
RAMA
RAMAA
RAMADASA
RAMAH
RAMAMANI
RAMANA
RAMANEE
RAMANI
RAMANIKA
RAMAPRABHA
RAMARANI
RAMAVINA
RAMAYI
RAMBHA
RAMESHWARI
RAMILA
RAMINI
RAMISH
RAMITA
RAMITHA
RAMIZA
RAMJOT
RAMKUMARIE
RAMLA
RAMLEEN
RAMNEEK
RAMNEET
RAMOLA
RAMONA
RAMPREET
RAMRA
RAMUNIQE
RAMYA
RANAE
RAND
RANDI
RANDILYN
RANE
RANEE
RANG
RUNG
RANGAMMAL
RANGANA
RANGAVALLI
RANGITA
RANGITHA
RANGJOT
RANGPREET
RANHITA
RANHITHA
RANI
RANE
RANI
RANIA
RANIT
RANITA
RANIYA
RANIYAH
RANJAN
RANJANA
RANJIKA
RANJINI
RANJITA
RANJITHAM
RANJOT
RANJU
RANJUDEEP
RANUSKA
RANVITHA
RANYA
RAPHAELA
RAQUEL
RAQUELIZA
RASA
RASDEEP
RASGUN
RASGUR
RASHA
RASHEEDA
RASHENTHRI
RASHI
RASHIDA
RASHEEDA
RASHIDA
RASHIEKA
RASHIQA
RASHIKA
RASHIMA
RASHMI
RASHMIKA
RASHNA
RASIA
RASIGA
RASIKA
RASJOG
RASLEEN
RASNA
RASNAM
RATANA
RATANDEEP
RATANGEET
RATANJALI
RATANPREET
RATHI
RATHIKA
RATHNA
RATHNABAI
RATI
RATNA
RATNABALA
RATNABALI
RATNAJYOTI
RATNALEKHA
RATNALI
RATNAMAALA
RATNAMALA
RATNANGI
RATNAPRABHA
RATNAPRIYA
RATNAVALI
RATRI
RATRINIGHT
RATTI
RAUNAK
RAUNAQ
RAUSHAN
RAVALI
RAVAN
RAVEENA
RAVEN
RAVIPRABHA
RAVISHA
RAVLEEN
RAVNEET
RAWDAH
RAWDHA
RAWDHA
RAWIYAH
RAYA
RAYAH
RAYA
RAYNA
RAYYA
RAYYAH
RAYYA
RAZI
RAZIYA
RAZIYAH
RDDHI
REA
REAGAN
REBA
REBECCA
REBEKAH
REBEKKAH
REBHA
RECHAL
REDA
REDELL
REDFORD
REE
REED
REEGAN
REEM
REEMA
REENA
REENARANI
REESE
REET
REETA
REETH
REEYA
REGAN
REGANNE
REGGIE
REGINA
REHAN
REHANA
REHANAH
REHEILA
REHENA
REIA
REID
REILLY
REINA
REKHA
REMAN
REMI
REMY
REN
RENA
RENAE
RENANA
RENATA
RENATE
RENEE
RENEEKA
RENNY
RENU
RENUKA
RENUKHA
RESHA
RESHAM
RESHIKA
RESHMA
RESHMAAN
RESHMAN
RESHMI
RESHU
RETA
RETI
REUEL
REVA
REVATEE
REVATHI
REVATI
REWA
REY
REYA
REYNA
REZA
RHAXMA
RHEA
RHEANNA
RHEEYA
RHIAN
RHIANNON
RHODA
RHODES
RHONA
RHONDA
RHOSLYN
RHOSWEN
RHYAH
RHYS
RHYTHM
RIA
RIANNA
RIANNE
RICHA
RICHELLE
RICHITHA
RIDDHI
RIDDHIMA
RIDER
RIDHAA
RIDHIMA
RIENA
RIGG
RIHANA
RIJAK
RIJU
RIJUL
RIJUTA
RIKETA
RIKISHA
RIKITA
RILEY
REEM
RIMA
REEMA
RIMA
RIMJHIM
RIMONA
ROMINAH
RIMONA
RIMPY
RIMSHA
RIN
RINA
REENA
RINA
RINI
RINKA
RINKAL
RINKU
RIONA
RISA
RISHA
RISHBHA
RISHIKA
RISHIKHA
RISHIMA
RISHITA
RISHMA
RISHMITHA
RISHONA
RITA
RITAMBHRA
RITHIKA
RITHYA
RITI
RITIKA
RITISHA
RITKRITI
RITOMA
RITSIKA
RITU
RITUJAA
RITUMBARI
RITUPARAN
RITUPARNA
RITVIKA
RIVA
RIVER
RIVKA
RIYA
RIZMI
ROANA
ROBBIN
ROBERTA
ROBIN
ROBYN
ROCH
ROCHANA
ROCHANAA
ROCHELLE
ROCHI
ROCIO
RODASI
ROEPWATIE
ROHANA
ROHANE
ROHANNA
ROHEENA
ROHI
ROHIN
ROHINEE
ROHINI
ROHITA
ROJA
ROJAMANI
ROJARAMANI
ROJARANI
ROLANDA
ROLANDO
ROLEE
ROLI
ROLLIN
ROMA
ROMAINE
ROMAN
ROMEE
ROMILA
ROMONA
ROMY
RONA
RONALEE
RONAN
RONAT
RONDA
RONG
RONIA
RONLI
RONNA
RONNI
RONNIE
RONNY
ROOBHA
ROOBHAVANI
ROOMA
ROONA
ROOP
ROOPA
ROOPAKALA
ROOPALI
ROOPAMALA
ROOPARANI
ROOPAREKHA
ROOPAVANI
ROOPI
ROOPINDAR
ROOPINI
ROOPJOT
RORY
ROS
ROSA
ROSALBA
ROSALIA
ROSALIE
ROSALIND
ROSALINDA
ROSALINE
ROSALYN
ROSAMUND
ROSE
ROSEANNE
ROSELLA
ROSEMARIE
ROSEMARY
ROSETTA
ROSHAN
RAUSHAN
ROSHAN
ROSHANA
ROSHANAK
ROSHNA
ROSHNI
ROSIE
ROSINA
ROSINE
ROSITA
ROSSA
ROSY
ROUBLE
ROWA
ROWAN
ROWDY
ROWENA
ROXANN
ROXANNE
ROXY
ROZ
ROZA
ROZALIA
ROZENE
ROZMIN
RUANA
RUBABAH
RUBAINA
RUBEINA
RUBINA
RUBY
RUCHA
RUCHI
RUCHIKA
RUCHIRA
RUCHITA
RUCHITHA
RUDATHA
RUDRA
RUDRAANEE
RUDRAGITA
RUDRAKALI
RUDRAKSHI
RUDRANI
RUDRAPRIYA
RUDRASAKHA
RUE
RUFINA
RUGMINI
RUGU
RUHANI
RUHI
RUHIKA
RUHIN
RUHINA
RUJANA
RUJULA
RUJUTA
RUKA
RUKAN
RUKHMANI
RUKHMINI
RUKMA
RUKMAPURA
RUKMINEE
RUKMINI
RUKSANA
RUMA
RUMER
RUMOR
RUN ZHUN
RUNA
RUNALI
RUNASKARA
RUNE
RUNG
RANG
RUPA
RUPAALEE
RUPAK
RUPAL
RUPALI
RUPASHI
RUPASHREE
RUPASHRI
RUPASI
RUPESHWARI
RUPI
RUPIKA
RUPINDER
RUQAYA
RUQAYYAH
RUQAYA
RUQAYYAH
RUSHADA
RUSHALI
RUSHAM
RUSHDA
RUSHITHA
RUSHVI
RUSTI
RUSTY
RUTH
RUTHRABALA
RUTHU
RUTTI
RUTUJA
RUTVA
RUWAYDA
RUWAYDAH
RUXANA
RUKSANA
RUYA
RYA
RYAN
RYANN
RYDER
RYKA
RYLAND
RYLEE
RYLIE
RYO
RYTASHA
SAABIRA
SAACH
SAACHEE
SAACHI
SAADA
SAADHANAA
SAAJ
SAALIHA
SAALIMA
SAAMIYA
SAANCHITHA
SAANJH
SAANVI
SAARIKAA
SAASHI
SAATVIKA
SAAVI
SAAVITREE
SABA
SABAA
SABAH
SABAR
SABEEHAH
SABIHA
SABEENA
SABIHA
SABIN
SABINA
SAVINE
SAVINA
SABINA
SABINE
SABIRAH
SABITA
SABITHA
SABOOREE
SABRA
SABRANG
SABREEN
SABREENA
SABRI
SABRIA
SABRINA
SACH
SACHI
SACHIKA
SACHITA
SACHKEERAT
SACHLEEN
SACHMAN
SACHPREET
SACHU
SACI
SADA
SADABHUJA
SADAF
SADAGATI
SADAH
SADAMUNDI
SADESH
SADGATA
SADGATI
SADGUNA
SADHAN
SADHANA
SADHIKA
SADHNA
SADHRI
SADHVI
SADHYA
SADIA
SADIE
SADIKA
SADIKI
SADIQAH
SADIQUA
SADIQUE
SADIRA
SADIYA
SADYA
SA'DIYYA
SADVITA
SAEE
SAEEDA
SAEEDAH
SAEKO
SAERAN
SAESHA
SAFA
SAFAK
SAFARA
SAFFI
SAFFRON
SAFIA
SAFIYYAH
SAFIA
SAFIRA
SAPHIRA
SEPHIRA
SAFIYA
SAFIYYAH
SAGARA
SAGARI
SAGARIKA
SAGE
SAGHEERAH
SAGIRA
SAGITTARIUS
SAGUN
SAGUNA
SAHALA
SAHANA
SAHARA
SAHARIKA
SAHASRA
SAHELI
SAHEN
SAHER
SAHIBA
SAHILA
SAHIMA
SAHIRA
SAHIRAH
SAHIRA
SAHIRAH
SAHITHA
SAHITHI
SAHITYA
SAHKYO
SAHLA
SAHLAH
SAHNA
SAHOJ
SAI
SAIDA
SAIDAH
SAIDI
SAIHAH
SAIHAJ
SAIHAJLEEN
SAIJAYANI
SAIKIRANA
SAILAJA
SAILEE
SAILOR
SAIMA
SAIRAH
SAISHA
SAIYETTE
SAJALA
SAJANI
SAJILI
SAJNI
SAJANI
SAJNI
SAKEENA
SAKETHA
SAKHEE
SAKHI
SAKI
SAKINA
SAKINAH
SAKEENA
SAKSHI
SAKTHI
SAKTI
SAKU
SAKUNTALA
SAKUNTHALA
SAKURA
SALALI
SALAMA
SALEEMA
SALEEQAH
SALENA
SALINA
SALENA
SALENE
SALESHNI
SALIHAH
SALILA
SALIMA
SALIMAH
SALEEMA
SALLY
SALMA
SALOME
SALONI
SALOSHINI
SALUS
SALWA
SAM
SAMAAE
SAMAAH
SAMAH
SAMAIRA
SAMALI
SAMALIKA
SAMANTHA
SAMANVI
SAMAPTI
SAMAR
SAMARA
SAMARJIT
SAMATA
SAMAWIYAH
SAMBA
SAMBHOOTI
SAMBODHI
SAMEEHA
SAMEEKSHA
SAMEENA
SAMEERA
SAMEH
SAMHITA
SAMIA
SAMIYAH
SAMIDHA
SAMIHAH
SAMEEHA
SAMIKA
SAMIKSHA
SAMINA
SAMEENA
SAMIRA
SAMEERA
SAMIRA
SAMEERAH
SAMIRA
SAMIRAN
SAMIT
SAMITA
SAMIYA
SAMIYAH
SAMMATHI
SAMMY
SAMOE
SAMPADA
SAMPATTI
SAMPREETHI
SAMPRITI
SAMREEN
SAMRIDDHI
SAMRITHI
SAMRTA
SAMRUDDHI
SAMSKARA
SAMTA
SAMUDRA
SAMVIDHA
SAMVRUTHA
SAMYAMA
SAMYUKTA
SAMYUKTHA
SANA
SANAA
SANABHI
SANAH
SANAM
SANANDA
SANATANI
SANAYA
SANAZ
SANBANKI
SANCHA
SANCHALA
SANCHALI
SANCHARI
SANCHAY
SANCHAYA
SANCHITA
SANDEEP
SANDHANA
SANDHAYA
SANDHRA
SANDHYA
SANDIKA
SANDIPTA
SANDRA
SANDY
SANDYA
SANEMI
SANGEETA
SANGEETAA
SANGEETHA
SANGITA
SANGYA
SANGYAA
SANI
SANIA
SANIHA
SANIKA
SANITHA
SANITHI
SANIYA
SANJALA
SANJANA
SANJANTHI
SANJAYA
SANJEET
SANJEEVANI
SANJIT
SANJITA
SANJIVANI
SANJNA
SANJOG
SANJOLI
SANJUKTA
SANJUKTHA
SANJULA
SANJUSHREE
SANKARI
SANKAVAI
SANKUL
SANMITA
SANNE
SANNIDHI
SANOBAR
SANOJA
SANSITA
SANSKRITI
SANSKRUTI
SANTA
SANTATI
SANTAWANA
SANTAYANI
SANTHAMANI
SANTHI
SANTHIBAI
SANTHINI
SANTO
SANTOKH
SANTOSA
SANTOSH
SANTOSHI
SANTUSHTI
SANURA
SANVALI
SANVI
SANWARI
SANWARIYA
SANYA
SANYAKTA
SANYOGITA
SANYU
SANYUKTA
SAOIRSE
SAPANAA
SAPARNA
SAPEEDAH
SAPIDAH
SAPHALA
SAPNA
SAPPHIRE
SARA
SARAH
SARA
SARAB
SARABAI
SARABJEET
SARABJIT
SARABJOT
SARABLEEN
SARABNAM
SARADA
SARADAMBAL
SARAFINA
SARAH
SARAHNA
SARAI
SARAKSHI
SARALA
SARAM
SARAMA
SARAN
SARANGI
SARANI
SARANYA
SARASA
SARASANGI
SARASI
SARASU
SARASVATI
SARASWATEE
SARASWATHI
SARASWATI
SARATHA
SARAVATI
SARAYU
SARBANI
SARDA
SARGAM
SARGINI
SARI
SARIDHA
SARIGA
SARIKA
SARILA
SARINA
SURINA
SARISHA
SARIT
SARITA
SARIYAH
SARJANA
SARJENA
SARJITA
SARKI
SARLA
SARMINDER
SARMISTHA
SARNA
SAROJ
SAROJA
SAROJINEE
SAROJINI
SAROOP
SARU
SARUCHI
SARULATHA
SARUPA
SARUPANI
SARUPRANI
SARVAGJNA
SARVAJINA
SARVARI
SARVENAZ
SARVIKA
SARYU
SASHA
SASHI
SASHTI
SASHVEENA
SASI
SASIKALA
SASILVIA
SASIREKHA
SASKIA
SASMITA
SASSON
SASTHI
SASYA
SATHA
SATHIYA
SATHVIKA
SATHYAPRIYA
SATI
SATIN
SATINDER
SATINKA
SATKEERAT
SATKIRAN
SATLEEN
SATPREET
SATSUKH
SATU
SATVARI
SATVI
SATVIKA
SATVIKI
SATVINDER
SATYA
SATYAKI
SATYARUPA
SATYAVATEE
SATYAVATI
SAUBHADRA
SAUBHAGYA
SAUDA
SAUDAMINEE
SAUDAMINI
SAUJANYA
SAUKHYA
SAUMYA
SAUMYAA
SAUMYI
SAUNDARYA
SAURA
SAVANNA
SAVANNAH
SAVARNA
SAVEA
SAVI
SAVITA
SAVITASHRI
SAVITHA
SAVITHRI
SAVITRI
SAWDA
SAWINI
SAWSAN
SAWYER
SAXEN
SAXON
SAXTON
SAYA
SAYAH
SAYALI
SAYANTINI
SAYEEDA
SAYEESHA
SAYICHITRA
SAYONA
SAYURI
SAYYIDAH
SAZIA
SCARLETT
SCHAELY
SCHUYLER
SCORPIO
SCOUT
SEAN
SEANNA
SEARRIA
SEASON
SEBILLE
SEDA
SEELA
SEEMA
SIMA
SEEMA
SEEMANTI
SEEMANTINI
SEENA
SEERAT
SEETA
SEETAL
SEETHA
SEETHABAI
SEETTAL
SEGHEN
SEHER
SEIKO
SEJAL
SELA
SELAH
SELAM
SELAS
SELENA
SELENE
SELIA
SELIMA
SELINA
SELMA
SELVAM
SELVARANI
SELVI
SEMA
SEMAH
SEMANTI
SEMANTIKA
SEMIRA
SEMRARJIT
SEN
SENALDA
SENONA
SENORITA
SENTA
SEQUOIA
SERA
SERAFINA
SERENA
SERENE
SERENITY
SERWA
SESEN
SESHA
SETHUAMMAL
SETHURANI
SETU
SEVA
SEVANTHI
SEVATI
SEVERIN
SEVILEN
SEVITA
SEZJA
SHAADIYA
SHAAKYA
SHAALINEE
SHAANTAA
SHAANTI
SHABAB
SHABAD
SHABADPREET
SHABALINI
SHABANA
SHABARI
SHABEENAH
SHABEG
SHABIBAH
SHABNAM
SHABNUM
SHACHEE
SHACHI
SHADA
SHADAN
SHADEE
SHADI
SHADHA
SHADIYAH
SHADOW
SHAE
SHAGHAYEGH
SHAGUFTA
SHAGUN
SHAHANA
SHAHEDA
SHAHEEN
SHAHEENA
SHAHIN
SHAHEEN
SHAHLA
SHAHNAS
SHAHNAZ
SHAHRAZAD
SHAHRBANOU
SHAHRNAZ
SHAHRZADI
SHAHZADI
SHAHZEELA
SHAILA
SHAILAJA
SHAILARANI
SHAILASHREE
SHAILESHRI
SHAILEY
SHAILI
SHAILU
SHAINA
SHAIRA
SHAIRVEE
SHAISTA
SHAIVEE
SHAIVI
SHAIVYAA
SHAKAMBARI
SHAKARNAZ
SHAKAYA
SHAKEEL
SHAKEELA
SHAKEELAH
SHAKILA
SHAKINA
SHAKINI
SHAKIRA
SHAAKIRAH
SHAKIRA
SHAKTI
SHAKUFA
SHAKUNTALA
SHALA
SHAHLAA
SHALAKA
SHALAKHA
SHALALU
SHALIKA
SHALIN
SHALINI
SHALLY
SHALMALI
SHALOM
SHAMA
SHAMA'
SHAMAMAH
SHAMARA
SHAMBHAVI
SHAMEE
SHAMEELA
SHAMEELAH
SHAMEEM
SHAMEENA
SHAMINA
SHAMEENA
SHAMIANA
SHAMILA
SHAMILI
SHAMIM
SHAMINA
SHAMINI
SHAMIRA
SHAMITA
SHAMITHA
SHAMLEE
SHAMMY
SHAMOODAH
SHAMPA
SHAMSA
SHAMSHER
SHAMSHERA
SHAN
SHANA
SHAINA
SHANA
SHANAE
SHANATA
SHANAYA
SHANDA
SHANDI
SHANDRA
SHANE
SHANEETA
SHANI
SHANIA
SHANKARI
SHANKHAMALA
SHANMITHA
SHANNA
SHANNAN
SHANNEN
SHANNON
SHANON
SHANSA
SHANTA
SHANTAH
SHANTALA
SHANTELL
SHANTHA
SHANTHI
SHANTHINI
SHANTI
SHANTON
SHAQUANA
SHARAD
SHARADA
SHARADINI
SHARALI
SHARAN
SHARANJEET
SHARANYA
SHARARAH
SHARAYA
SHARAYU
SHARDA
SHARDAMBHA
SHAREEFA
SHARIFAH
SHAREEFA
SHARI
SHARIBA
SHARIFAH
SHAREEFA
SHARIKA
SHARINI
SHARIS
SHARIYKAH
SHARLA
SHARLEEN
SHARLENE
SHARMADHA
SHARMEEN
SHARMILA
SHARMISTA
SHARMISTHA
SHARNE
SHAROL
SHARON
SHARONA
SHARVANI
SHARVAREE
SHARVARI
SHARVI
SHASA
SHASHA
SHASHI
SHASHIBALA
SHASHIKALA
SHASHINI
SHASHIREKHA
SHASHWATEE
SHASTA
SHASWATI
SHATAKSHI
SHATARUPA
SHATEQUE
SHATHA
SHAUNA
SHAUNNA
SHAVEENA
SHAVETA
SHAWDI
SHAWNA
SHAYLA
SHAYLEE
SHAYNA
SHAZADI
SHAZIA
SHEA
SHEBA
SHEEBA
SHEEFTAH
SHEEHAN
SHEELA
SHEELARANI
SHEEN
SHEENA
SHEERA
SHEETAL
SHEEVA
SHIVA
SHEFALI
SHEFALIKA
SHEHLA
SHEILA
SHEJALI
SHEKHAR
SHELAGH
SHELBY
SHELLEY
SHELLY
SHEMYUKTA
SHENETHA
SHENITA
SHEOLI
SHEPHALI
SHEPRY
SHERI
SHERIDAN
SHERINE
SHERISE
SHERNAZ
SHERRI
SHERRY
SHERYL
SHEVALINI
SHEVANTI
SHEYDA
SHEZREEN
SHIANN
SHIBANI
SHICHI
SHIDAH
SHEEDAH
SHIELA
SHIESTA
SHIFA
SHIKA
SHIKHA
SHILA
SHILAVATI
SHILNA
SHILOH
SHILPA
SHILPI
SHILPITA
SHIMA
SHINA
SHINAT
SHINJINI
SHINJITHA
SHIPRA
SHIRA
SHIRAAZ
SHIRALI
SHIREEN
SHIREESHA
SHIRI
SHIRIN
SHIRIN BANOO
SHIRINA
SHIRLEY
SHIRLYN
SHISHIRKANA
SHITAL
SHIULI
SHIVAKANTA
SHIVALI
SHIVANA
SHIVANGI
SHIVANI
SHIVANIJA
SHIVANJALI
SHIVANNE
SHIVANSHI
SHIVEA
SHIVEENA
SHIVI
SHIVIKA
SHIVINA
SHIVKRITI
SHIVLI
SHIVOHNE
SHIVTA
SHLESHA
SHLOKA
SHOBA
SHOBANA
SHOBHA
SHOBHANA
SHOBHITA
SHOBHNA
SHOBITHA
SHOBNA
SHOHINI
SHOHRAH
SHOKOUFAH
SHOKOUH
SHOLAH
SHOMA
SHOMILI
SHONA
SHONEY
SHORASHI
SHOSHANA
SHOSHANAH
SHOUKA
SHOUMO
SHOURAYA
SHOUSHAN
SHRABANA
SHRADDHA
SHRADHA
SHRADHDHA
SHRAMIDHI
SHRANKHLA
SHRAVANA
SHRABANA
SHRAVANA
SHRAVANI
SHRAVANTHI
SHRAVANTI
SHRAVASTI
SHRAVYA
SHRAWANTIKA
SHRAYA
SHREEDEVEE
SHREELA
SHREELATAA
SHREEMA
SHREEMATEE
SHREEMAYI
SHREEPARNA
SHREEYA
SHREJAL
SHRENA
SHRESHTA
SHRESTA
SHRESTH
SHRESTHA
SHRESTHI
SHREYA
SHREYANSHI
SHREYASHI
SHREYASI
SHRIDEVI
SHRIDULA
SHRIDULLA
SHRIGAURI
SHRIGEETA
SHRIJANI
SHRIKA
SHRIKALA
SHRIKAMA
SHRIKANTA
SHRIKIRTI
SHRIKUMARI
SHRILA
SHRILATA
SHRILAXMI
SHRILEKHA
SHRIMATI
SHRIMAYI
SHRINA
SHRINITHA
SHRISTHI
SHRISTI
SHRISTIH
SHRIVALI
SHRIVALLI
SHRIVIDHYA
SHRIVIDYA
SHRIYA
SHRIYADITA
SHRUJANA
SHRUSTI
SHRUTA
SHRUTALY
SHRUTHI
SHRUTHIKA
SHRUTI
SHRUTIKA
SHRUTUJA
SHU
SHU FANG
SHUANG
SHUBHA
SHUBHAANGE
SHUBHADA
SHUBHANGI
SHUBHI
SHUBHRA
SHUBHRITA
SHUCHI
SHUCHISMITA
SHUCHITA
SHUDDHI
SHUKLA
SHUKTI
SHULA
SHU'LA
SHULINI
SHULKA
SHUNDORI
SHUROO'
SHUSHMA
SHUTRADEVI
SHVENI
SHVETA
SHWEETA
SHWETA
SHWETHA
SHWETIKA
SHWITI
SHYAAMAA
SHYAAMAKA
SHYAAMALI
SHYAMA
SHYAMAL
SHYAMALA
SHYAMALI
SHYAMALIKA
SHYAMALIMA
SHYAMANGI
SHYAMANI
SHYAMARI
SHYAMASRI
SHYAMINI
SHYAMLATA
SHYLA
SHYMA
SIAANA
SIAN
SIANA
SIBANI
SIBLEY
SIBYL
SIDDHAA
SIDDHAMA
SIDDHANGANA
SIDDHANI
SIDDHESHWARI
SIDDHI
SIDDHIKA
SIDDHIMA
SIDDHMA
SIDDIQAH
SIDONE
SIDONIA
SIDONIE
SIDRA
SIEMTA
SIENNA
SIERRA
SIFAT
SIGAPPI
SIGNA
SIGOURNEY
SIHAAM
SIHAM
SIKA
SIKATA
SIKTA
SILA
SILEAS
SILKY
SILVANA
SILVIA
SILVIYA
SIM
SIMA
SIMAR
SIMARDEEP
SIMARLEEN
SIMAROU
SIMBALA
SIMI
SIMIN
SIMNA
SIMONE
SIMONI
SIMRAN
SMARAM
SIMRAN
SIMRANJIT
SIMRANPREET
SIMRARJIT
SIMRAT
SIMRIN
SIMRIT
SMRITA
SIMRIT
SIMRITA
SINCHANA
SINCHITHA
SINDHOORI
SINDHU
SINDHUJA
SINDU
SINDUJA
SINE
SINEAD
SINGARI
SINHAYANA
SINIVALI
SINJINI
SINSAPA
SIO
SIOBHAN
SIONA
SIOPAREET
SIRALI
SIRAN
SIRI
SIRIOM
SIRISHA
SIRVAT
SISI
SISSY
SITA
SITARA
SITARAH
SITESH
SITHIKA
SIUSAN
SIVAGAMI
SIVANEE
SIVANI
SIVASAKTHI
SIVASANKARI
SIVASATHI
SIVIA
SIVYA
SIYA
SIYANDA
SIYONA
SKANDA
SKANDAJIT
SKULE
SKY
SKYE
SKYLA
SKYLAR
SKYLER
SLOANE
SMARAM
SMARANI
SMARNI
SMERA
SMIRTI
SMITA
SMITHA
SMITOJJALA
SMRIDHI
SMRITA
SMRITI
SMRTI
SMRUTI
SNANA
SNEH
SNEHA
SNEHAL
SNEHALATA
SNEHAMAYI
SNEHELATA
SNEHI
SNEHIN
SNIGDA
SNIGDHA
SNIKITHA
SNOW
SNOWY
SOBAIKA
SOBHA
SOBHONIKA
SOCH
SOCHAI
SOFIA
SOHALIA
SOHANA
SOHEILA
SOHINEE
SOHNI
SOKANON
SOKKAMMAL
SOKKI
SOLADA
SOLAI
SOLAIAMMA
SOLAIKUIL
SOLAMAYIL
SOLANA
SOLANGE
SOLANLLE
SOLARIS
SOLEDAD
SOLEIL
SOLSTICE
SOMA
SOMALAKSHMI
SOMANSH
SOMATRA
SOMILA
SOMNA
SOMSUTAA
SONA
SONAALEE
SONAKSHI
SONAL
SONALI
SONALTASHA
SONAM
SONDRA
SONEERA
SONEL
SONIA
SONIKA
SONILA
SONITA
SONJA
SONORA
SONYA
SOOK
SOONERA
SOORAT
SOORIYABAI
SOORIYAKALA
SOORYA
SOPHIA
SOPHIE
SORA
SORAYA
SURAYA
SORAYA
SORCHA
SORUPA
SOSAMMA
SOUAD OR SUAD
SOUDAMANI
SOUJANYA
SOUKHYA
SOULMAZ
SOUMITA
SOUMYA
SOUMYAKANTI
SOUMYATA
SOUNDARA
SOUNDARAM
SOUNDARI
SOUNDARYA
SOURABHA
SOURABHI
SOURI
SURI
SOUTHERN
SOUZAN
SOVANN
SOWBAGHYAM
SOWBARNIKA
SOWJANYA
SOWMINI
SOWMIYA
SOWMYA
SOYALA
SPANDANA
SPENCER
SPERANZA
SPHATIKA
SPOORTHI
SPOORTHY
SPOORTI
SPRIHA
SPRIHAA
SPRIHI
SRADDHA
SRAGVI
SRAVANI
SRAVANTHI
SRAVANTI
SRAVYA
SREE
SREEDEVI
SREEJA
SREEJATA
SREELEKHA
SREENIDI
SREEPARNA
SREYA
SRIBHUVANA
SRIDATRI
SRIDEVI
SRIDURGA
SRIHITHA
SRIJANI
SRIJOTHI
SRIKANYA
SRILAKSHMI
SRILATA
SRILATHA
SRILEKHA
SRIMAGAL
SRIMATHI
SRINA
SRINIDHI
SRINIKA
SRINITHI
SRIPADA
SRIPRIYA
SRIRENUKHA
SRIRUPA
SRISHA
SRISHTI
SRISTI
SRIVATHI
SRIVIDHYA
SRIYA
SROBONA
SRUJA
SRUJANA
SRUJANIKA
SRUJJANA
SRUSHTI
SRUTHI
SRUTI
SSRIAMBAL
STACEY
STACIA
STACIE
STACY
STALLIONJIT
STARBUCK
STARR
STASIA
STAVITA
STEFANIE
STEFFI
STEFFIE
STEFNA
STELLA
STEPHANIE
STEVIE
STORM
STORMY
STRIRATNA
STUTI
SUAD
SOUAD
SUBARNA
SUBASHINEE
SUBASHINI
SUBATHIRAI
SUBATHRA
SUBBAMMAL
SUBBU
SUBBULAXMI
SUBHA
SUBHAAGEE
SUBHADRA
SUBHAGA
SUBHAGAA
SUBHAGYA
SUBHANGI
SUBHASHINI
SUBHASINI
SUBHI
SUBHIKSHA
SUBHRA
SUBHUJA
SUBIKSHA
SUBODHINEE
SUBRATA
SUBRINA
SUCHANDRA
SUCHARITA
SUCHARITHA
SUCHAYA
SUCHETA
SUCHHAYA
SUCHI
SUCHIN
SUCHIRA
SUCHISMITA
SUCHITA
SUCHITRA
SUDAKSHIMA
SUDAMANI
SUDAR
SUDARANI
SUDARMANI
SUDARMUTHU
SUDARSHANA
SUDARSHINI
SUDEEKSHA
SUDEEPA
SUDEEPTA
SUDESH
SUDESHNA
SUDESNA
SUDEVEE
SUDEVI
SUDHA
SUDHAMAYI
SUDHANYA
SUDHI
SUDHIRA
SUDHISHNA
SUDHITHI
SUDHRA
SUDIKSHA
SUDIPTA
SUDIPTI
SUDITI
SUE
SUGANDA
SUGANDHA
SUGANTHI
SUGANYA
SUGAPRIYA
SUGAR
SUGASINI
SUGATHRI
SUGAURI
SUGGI
SUGITA
SUGOURI
SUGUMARI
SUGUNA
SUGUNAMBAL
SUHA
SUHAASINEE
SUHAG
SUHAGI
SUHAILA
SUHAILAH
SUHAYLAH
SUHAYLA
SUHAIR
SUHANA
SUHANI
SUHANNA
SUHANYA
SUHAS
SUHASINI
SUHAVI
SUHAYLA
SUHAYMA
SUHAYMAH
SUHAYR
SUHAIR
SUHBAT
SUHCHETA
SUHELA
SUHINA
SUHITHA
SUHRITA
SUJAATAA
SUJALA
SUJAN
SUJATA
SUJATHA
SUJAYA
SUJITA
SUJITHA
SUKANYA
SUKEERTI
SUKESHAA
SUKESHEE
SUKESHI
SUKESHINEE
SUKEY
SUKHI
SUKHINDER
SUKHINDIR
SUKHJEET
SUKHJEEV
SUKHJINDER
SUKHJIT
SUKHJODH
SUKHJOT
SUKHLEEN
SUKHMANI
SUKHMEET
SUKHMINDER
SUKHRAJPREET
SUKHROOP
SUKHVINDER
SUKHWINDER
SUKI
SUKIRTI
SUKRIT
SUKRITI
SUKRUTHA
SUKRUTI
SUKSHA
SUKSMA
SUKTHI
SUKUMARI
SUKUNA
SUKUNARANI
SUKUSHI
SULABHA
SULAKSHA
SULAKSHAMI
SULAKSHANA
SULAKSHMI
SULALITA
SULASA
SULBHA
SULEKH
SULEKHA
SULEKHAA
SULLY
SULOCH
SULOCHANA
SULOKSHANA
SULTANA
SULWYN
SUMA
SUMAIRA
SUMAIYAA
SUMALATHA
SUMALI
SUMAN
SUMANA
SUMANGALAA
SUMANGALI
SUMANGLI
SUMANNA
SUMANNISHA
SUMANOLATA
SUMANTA
SUMANTRA
SUMAT
SUMATHI
SUMATHY
SUMATI
SUMAVALI
SUMAYAH
SUMAYYAH
SUMAIYA
SUMEDHA
SUMEGHAA
SUMESHINI
SUMI
SUMITA
SUMITHA
SUMITRA
SUMNAH
SUMONA
SUMUKHEE
SUMUKHI
SUNA
SUNADAMALA
SUNAINA
SUNAMYA
SUNANDA
SUNANDINI
SUNANDITA
SUNANDITHA
SUNAYA
SUNAYANA
SUNAYANI
SUNAYNA
SUNDAR
SUNDARA
SUNDARI
SUNDARJEET
SUNDEEP
SUNDHA
SUNDRI
SUNEE
SUNEETAA
SUNEETI
SUNEHRI
SUNETHRA
SUNETRA
SUNHARI
SUNILA
SUNISKA
SUNITA
SUNITHA
SUNITI
SUNNY
SUNRITA
SUNU
SUPARNA
SUPRABHA
SUPRAJA
SUPREETHA
SUPREMA
SUPRIT
SUPRITI
SUPRIYA
SUR
SOOR
SURABHI
SURAIYA
SURAKSHA
SURAMA
SURAMANJARI
SURANGI
SURANJANA
SURASA
SURASTI
SURATI
SURAVI
SURAVINDA
SURAYYA
SURBAALA
SURBHI
SURBHII
SUREKHA
SURESHI
SURI
SURIA
SOORIA
SURINA
SURINDERJEET
SURINDERJIT
SURJOT
SUROTAMA
SURUBINI
SURUCHI
SURUPA
SURUTHI
SURYA
SURYABAALA
SURYADITA
SURYAKANTA
SURYAKANTI
SURYANI
SURYANSHI
SUSAN
SUSANE
SUSANNA
SUSANNAH
SUSEELA
SUSETTE
SUSHAMA
SUSHANTA
SUSHANTI
SUSHEELAA
SUSHILA
SUSHMA
SUSHMITA
SUSHMITHA
SUSHOBHANA
SUSIE
SUSILA
SUSITA
SUSITHRA
SUSMITA
SUSSAN
SOUSSAN
SUSUMNA
SUTA
SUTANUKA
SUTAPA
SUTARA
SUTRA
SUVALI
SUVAN
SUVARNA
SUVARNAPRABHA
SUVARNAREKHA
SUVARNMALA
SUVASINI
SUVEETHA
SUVINA
SUVITHA
SUVRA
SUVRATA
SUZANNE
SUZETTE
SUZUKI
SUZY
SVADHI
SVAHA
SVANA
SVARA
SVEA
SVETA
SVETLANA
SVITRA
SWAANTJE
SWADHA
SWADHINTA
SWAGATA
SWAHA
SWANN
SWAPANTHI
SWAPNA
SWAPNALI
SWAPNAM
SWAPNASUNDARI
SWAPNIKA
SWAPNILA
SWARA
SWARNA
SWARNALATA
SWARNAM
SWARNAMALA
SWARNAMARI
SWARNAMMAL
SWARNAMUKI
SWARNIKA
SWARNIMA
SWARUPA
SWASTI
SWASTIKA
SWASTIKAA
SWATHI
SWATI
SWEDHA
SWEETY
SWETA
SWETAMBARI
SWETHA
SWETLANA
SYBIL
SYDNEE
SYDNEY
SYLVAIN
SYLVANA
SYLVIA
SYLVIE
SYMONA
SYNA
SYNNOVE
SYONI
SYSHE
TAAHIRA
TAANUSIYA
TAAPASEE
TAARAA
TAARIKAA
TAARIQ
TABAN
TABASSUM
TABASUMM
TABITA
TABITHA
TABLITA
TABREESHA
TACEY
TACITA
TACY
TADAKAYANA
TADITA
TADYATA
TAFFY
TAHAJEEB
TAHERAH
TAHIRAH
TAHIRAH
TAHIYYAH
TAHLIA
TAHMINA
TAI
TAIFA
TAILYNN
TAIMA
TAINI
TAINN
TAIPA
TAIT
TAITE
TAJ
TAJA
TAJAH
TAJANA
TAKA
TAKAKO
TAKALA
TAKARA
TAKDEER
TAKHVINDER
TAKIYAH
TAKODA
TALA
TALAKYA
TALASI
TALAVALI
TALAYAH
TALBOT
TALE
TALEN
TALIA
TALIBAH
TALIKA
TALIKHA
TALINE
TALISA
TALISHA
TALITHA
TALLEEN
TALLI
TALLIE
TALLIS
TALLULAH
TALLYS
TALON
TALOR
TALULAH
TALYA
TAM
TAMA
TAMADHUR
TAMAH
TAMALI
TAMALIKA
TAMANNA
TAMAR
TAMARA
TAMAR
TAMARA
TAMARAH
TAMRA
TAMARAI
TAMASA
TAMASHA
TAMASI
TAMATHA
TAMBER
TAMBRE
TAMBURA
TAMEEZ
TAMEKA
TAMERA
TAMESIS
TAMIKA
TAMIKO
TAMIRA
TAMITHA
TAMMA
TAMMY
TAMRA
TAMRIKA
TAMYRA
TANA
TANAVA
TANAVI
TANAVYA
TANAYA
TANAZ
TANDA
TANDAVA
TANDI
TANDICE
TANDRA
TANDYA
TANEESHA
TANGIA
TANGINIKA
TANIA
TANIEL
TANIKA
TANIMA
TANIRIKA
TANISHA
TANISHKA
TANISI
TANITH
TANIYA
TANMANYI
TANMAYA
TANMAYEE
TANMAYI
TANNAR
TANNAZ
TANNER
TANNIS
TANNISHTHA
TANSEEM
TANSI
TANSNEEM
TANSY
TANTRA
TANTRIKA
TANU
TANUJA
TANUKA
TANUL
TANUPRIYA
TANUSHA
TANUSHI
TANUSHRI
TANVI
TANUSHRI
TANVANGI
TANVEE
TANVI
TANYA
TANZIL
TAO
TAPA
TAPANA
TAPANI
TAPANIYA
TAPARA
TAPASI
TAPASWINEE
TAPASYA
TAPATI
TAPI
TAPTI
TARA
TARAA
TARA
TARACHAND
TARAI
TARAKA
TARAKESHWARI
TARAKINI
TARAKSHA
TARAL
TARALA
TARALIKA
TARALIKAA
TARALITAA
TARAMANI
TARANA
TARANAH
TARANEH
TARANGINEE
TARANGINI
TARANI
TARANNUM
TARANPREET
TARANTHA
TARANUM
TARAPUSHPA
TARAVALI
TARAVATI
TAREGAN
TARIA
TARIANA
TARIK
TARIKA
TARIN
TARINI
TARISAI
TARITA
TARJANI
TARJNI
TARKSHYA
TARLA
TARLI
TARLIKA
TAROOB
TARPANA
TARSEM
TARSHINI
TARU
TARUB
TAROOB
TARUL
TARULATA
TARUNA
TARUNEE
TARUNI
TARUNIKA
TARUNIKAA
TARUNIMA
TARUNYA
TARVINDER
TARYN
TARZ
TASANEE
TASHA
TASHVI
TASHWINI
TASLEEM
TASLEEMAH
TASLEEM
TASMINE
TASNEEM
TASPANDRA
TASYA
TATE
TATIANA
TATINI
TATLEEN
TATUM
TAUHEED
TAURET
TAURUS
TAVE
TAVI
TAVIA
TAVISA
TAVISHA
TAVISHI
TAVISHKA
TAVITA
TAVLEEN
TAWANA
TAWIA
TAWNY
TAYA
TAYANA
TAYIN
TAYLOR
TAYTE
TAYTEN
TAYYEBAH
TAYYIBAH
TAYYIBAH
TAZANNA
TAZARA
TEA
TEAGAN
TEAL
TEEKSHNA
TEENA
TINA
TEENIE
TEERTAH
TEERTHA
TEESTA
TEGAN
TEHYA
TEHZEEB
TEIGE
TEIGRA
TEIJINDER
TEIJINDERJEET
TEIJINDERJIT
TEJ
TEJA
TEJAL
TEJALI
TEJANA
TEJANSHI
TEJAS
TEJASA
TEJASEE
TEJASHREE
TEJASKA
TEJASKARA
TEJASKAYA
TEJASVI
TEJASVIN
TEJASWI
TEJASWINEE
TEJASWINI
TEJATI
TEJAVATI
TEJI
TEJINDERJIT
TEJINDERPREET
TEJITA
TEJIYAS
TEJOMAYA
TEJSHREE
TEKJOT
TEKLA
TEKLI
TEKNAM
TEKROOP
TELERI
TELLY
TELMA
TELYN
TEMIMA
TEMIRA
TEMIRAH
TEMPEST
TEMPLE
TENA
TENDAI
TENDER
TENEIL
TENESS
TENTUKA
TERAH
TERANIKA
TEREHASA
TERENA
TERENTIA
TERESA
TERRA
TERRAN
TERRENE
TERRI
TERRICA
TERRIS
TERRY
TERRYAL
TERYL
TESHARNI
TESHI
TESS
TESSA
TESSICA
TESU
TETA
TEVA
TEVANA
TEVIN
TEVY
TEX
THADINE
THADY
THAHIYA
THAILAMMAL
THAIS
THAIYA
THAIYAL
THAIYAMMA
THALASSA
THALIA
THAMARAI
THAMILSELVI
THAMIZMANI
THAMIZMARI
THAMIZOLI
THAMIZVANI
THANA
THANA'
THANAA
THANDIWE
THANE
THANEEKSHA
THANEESHA
THANGAM
THANGAMANI
THANGAMARI
THANGAMMAL
THANGATHAI
THANKAM
THANMAYEE
THANMAYU
THAO
THARA
THARA'
THARAA
THARANGINI
THARANUM
THAVAMANI
THAYI
THEA
THEERTHA
THELMA
THEMA
THEMBA
THENAMMAI
THENMALAR
THENMOLI
THENMOZHI
THENRAL
THEODORA
THEOLA
THEOPHILIA
THEORIS
THERA
THERESA
THERESE
THERESIA
THERON
THETA
THETIS
THI
THILAGAM
THILAKA
THIMALINI
THINA
THIRIVENI
THIRUMAGAL
THIRUMANI
THISBE
THOGAI
THORA
THU
THULASI
THULASIBAI
THUMRI
THUONG
THURAYA
THURAYYA
THURRAYYA
THUSHITHA
THUY
THWISHAA
THY
THYRA
TIA
TIANA
TIARA
TIARET
TIASSALE
TIBNA
TIBURON
TIEN
TIERNEY
TIERRA
TIEVE
TIFFANY
TIGER
TIKKATE
TIKSHNA
TILAKA
TILIKA
TILLIE
TILLY
TILOTTAMA
TIMAYATI
TIMBERLY
TIMILA
TINA
TING
TIOMBE
TIP
TIPONYA
TIRAYA
TIRNA
TIRTHA
TIRTHADEVA
TIRTHAPATI
TIRTHARAJI
TIRTHASENI
TIRTHASEVA
TIRTHI
TIRTHYA
TIRZA
TIRZAH
TISATA
TISHA
TISYA
TITANIA
TITHI
TITIKSHA
TIVA
TIVONA
TIVRA
TIVRANANDA
TIVRAYA
TIVRI
TIYA
TOAN
TOBIT
TOBY
TODARA
TODIKA
TOKAVATI
TOKAYA
TOKI
TOKINI
TOKMA
TOLA
TOLANA
TOLINKA
TOLLA
TOMADHARA
TOMAI
TOMARA
TOMI
TONI
TONYA
TOOLIKAA
TOPANGA
TOPAZ
TORAH
TORAL
TORI
TORIE
TORIL
TORN
TORRIN
TORY
TOSCA
TOSHANI
TOSHITAA
TOTALA
TOTIE
TOUBA
TOOBA
TOUCA
TOVA
TOVAH
TOVI
TOVIEL
TOYA
TOYAH
TOYALAYA
TOYANJALI
TOYIKA
TRACEN
TRACEY
TRACI
TRACY
TRANG
TRANQUILLA
TRAPPER
TRARITI
TRAYI
TRELLA
TRESS
TREVA
TREVINA
TREYA
TRIAGE
TRIAMBIKA
TRIANA
TRIBHUVANESHWARI
TRICIA
TRIDHARA
TRIDIVA
TRIGUNA
TRIGUNI
TRIJAGATI
TRIKAYA
TRILBY
TRILOCHANA
TRINA
TRINAYANI
TRINETRA
TRINH
TRINI
TRINITY
TRIPARNA
TRIPTA
TRIPTI
TRIPURA
TRIPURASUNDARI
TRIPURI
TRIPUTA
TRISH
TRISHA
TRISHALA
TRISHITAA
TRISHLA
TRISHNA
TRISHONA
TRISHULINI
TRISTA
TRISTANA
TRISTESSA
TRITI
TRIVENEE
TRIVENI
TRIVIKA
TRIXIE
TRIYA
TRIYAMA
TRUDA
TRUDE
TRUDY
TRULA
TRUNG
TRUPTI
TRUSHA
TRUSHTI
TRYNA
TRYPHENA
TUESDAY
TUHFAH
TUHI
TUHINA
TULASI
TULIA
TULIKA
TULINI
TULIPHALA
TULLY
TULSI
TULWA
TULYA
TUNAVA
TUNGA
TURANYA
TURVAYANA
TURVI
TURYA
TURYAMAYA
TUSARA
TUSHARKANA
TUSHITA
TUSHNIKA
TUSHNIM
TUSHTI
TUSTI
TUTAKA
TUWA
TUYA
TUYEN
TUYET
TVADEEYA
TVARIKA
TVARITA
TVESA
TVISHA
TVISHI
TWILA
TWISHA
TWYLA
TYANNE
TYLER
TYME
TYNA
TYNAN
TYNE
TYNICE
TYRA
TYREE
TYRELL
TYRONICA
UBAYDAH
UBIKA
UCCHAL
UDAIJOT
UDAKANJALI
UDANTIKA
UDANYA
UDARA
UDAYA
UDAYAGIRI
UDAYALAXMI
UDAYANJALI
UDAYARANI
UDAYAVANI
UDBALA
UDESHNEE
UDGITA
UDHAYA
UDHAYAKALA
UDHAYAMALA
UDICHI
UDIPTI
UDIRAMALARA
UDITA
UDITI
UDYATI
UHANA
UHURU
UJAALA
UJALA
UJANA
UJAS
UJHALA
UJJAINI
UJJALA
UJJALDEEP
UJJALDIP
UJJALJEET
UJJALJIT
UJJALPREET
UJJALROOP
UJJANINI
UJJWALA
UJJALA
UJJWALA
UJVALA
UJWALA
UKSHANA
UKTA
UKTI
ULA
ULAGAMMAL
ULAN
ULANI
ULAPA
ULASA
ULEMA
ULF
ULFAH
ULKA
ULL
ULLA
ULLAASINEE
ULLALAGI
ULLUPI
ULRIKA
ULTIMA
ULTREIA
ULUPI
ULUPIKA
ULUPYA
UMA
UMAIMA
UMAIMAH
UMAKANTA
UMALAXMI
UMANG
UMARANI
UMASANKARI
UMAY
UMAYMA
UMEKO
UMI
UMIKA
UMMI
UMMID
UMRAO
UNA
UNAIZA
UNDINE
UNITY
UNJALI
UNMA
UNMEELAN
UNN
UNNATHI
UNNATI
UNNI
UNNTTI
UPAASANA
UPAAVAN
UPADHRITI
UPALA
UPAMA
UPANYA
UPASANA
UPASHANTA
UPASHANTI
UPASNA
UPAVAN
UPENDERJEET
UPENDERJIT
UPHAR
UPJEET
UPKAR
UPKEERAT
UPMA
UPNINDER
UPPENDERJEET
UPPENDERJIT
URA
URANIA
URBAIN
URBAN
URBANA
URI
URISHILLA
URISHITA
URIT
URJA
URJASWITAA
URJITA
URMI
URMIKA
URMIL
URMILA
URMIL
URMILA
URMILARANI
URMIMALA
URMYA
URNA
URSA
URSALA
URSHITA
URSULA
URVASHEE
URVASHI
URVASI
URVEE
URVI
URVIJAA
USHA
USHAAKIRAN
USHAKANTA
USHAKIRAN
USHALAKSHI
USHARANI
USHARVI
USHASHI
USHI
USHMA
USHNAA
USHTA
USOA
USRA
USRI
UTA
UTALIKA
UTANKA
UTHAMI
UTKARSH
UTKARSHA
UTKHALA
UTPALA
UTPALAKSHI
UTPALINI
UTSA
UTSAAH
UTSAVA
UTSAVI
UTSUKA
UTTAMA
UTTAMJEET
UTTAMJIT
UTTAMJODH
UTTAMJOT
UTTAMLEEN
UTTAMPREET
UTTAMREET
UTTAMROOP
UTTARA
UTTARAGITA
UTTIRA
UTTIYA
UYEN
UZURI
VAAGAI
VAAGDEVI
VAAGMINEE
VAAMAA
VAANADHI
VAANGMATEE
VAANGMAYEE
VAANI
VAANIKA
VAANYA
VAAPAAR
VAPAR
VAARIDHI
VAARIJAA
VAARUNEE
VAASANTEE
VACASYA
VACHA
VADHANA
VADHU
VADIAYA
VADIVAMBAL
VADIVU
VAGDEVI
VAGINI
VAGISHWARI
VAGULA
VAGUNA
VAHINI
VAIBHAVI
VAIDARBHEE
VAIDARBHI
VAIDEHI
VAIDYA
VAIJAYANTI
VAIJAYANTIMALA
VAIL
VAINAVI
VAIROCANA
VAISAKHI
VAISHAALEE
VAISHALI
VAISHAVI
VAISHNODEVI
VAISHAVI
VAISHNAVEE
VAISHNAVI
VAITARANEE
VAJRA
VAL
VALA
VALAAKAA
VALAMBIGAI
VALARIE
VALARMATHI
VALARPIRAI
VALENCIA
VALENTINA
VALENTINE
VALERIA
VALERIE
VALIANT
VALIKA
VALINI
VALLABAI
VALLABHEE
VALLABHI
VALLAREE
VALLARI
VALLEE
VALLERIE
VALLI
VALLIAMMAI
VALLIKA
VALLIMAYIL
VALLINI
VALMAI
VALONIA
VALORA
VALTERRA
VALTINA
VAMA
VAMAKSHI
VAMIKA
VAMITA
VAMSI
VAN
VANADURGA
VANAJA
VANAJAKSI
VANALAKSHMI
VANALIKA
VANAMALA
VANAMALLI
VANANI
VANAPRIYA
VANAPUSHPA
VANATHI
VANCA
VANDA
VANDAN
VANDANA
VANDANEE
VANDANEEYA
VANDHANA
VANDITA
VANEESA
VANEESHA
VANEET
VANEEZA
VANESSA
VANGIE
VANHI
VANHISHIKHA
VANI
VANIA
VANIDA
VANINI
VANIPRIYA
VANISHA
VANISHRI
VANISHTA
VANISRI
VANITA
VANITHA
VANITHASRI
VANJAN
VANJIKODI
VANJIMAGAN
VANLATAA
VANMAALA
VANMALA
VANMALLI
VANMATHI
VANMAYI
VANNA
VANNAKILI
VANORA
VANSHEE
VANSHI
VANSHIKA
VANSHITA
VANTI
VANYA
VAPAR
VAAPAAR
VARA
VARAA
VARAANGEE
VARADA
VARALAXMI
VARALI
VARALIKA
VARANA
VARANESE
VARANMAALA
VARANYA
VARATI
VARCHAA
VARDA
VARI
VARIAN
VARIJ
VARIJA
VARINDERJIT
VARNALI
VARNIKA
VARNIKAA
VARNU
VAROUNA
VARSHA
VARSHANA
VARSHINI
VARSHITAA
VARTIKA
VARTOUHI
VARUNA
VARUNANAI
VARUNANI
VARUNAVI
VARUNI
VARUNIKA
VARVARA
VARYA
VASAI
VASANA
VASANT
VASANTA
VASANTHA
VASANTHAM
VASANTHI
VASANTI
VASANTIKA
VASATIKA
VASAVI
VASHA
VASHISHKA
VASHNIE
VASHYA
VASI
VASEE
VASUDA
VASUDEVA
VASUDHA
VASUDHARA
VASUKI
VASULAKSHMI
VASUMATHI
VASUMATI
VASUNDHARA
VASUNDHRA
VASUNDRA
VASUTTI
VASVEE
VASVI
VATHANI
VATHSALA
VATI
VATISH
VATSALA
VATSLA
VATUSIA
VAUGHAN
VAUGHN
VAYLA
VELA
VAYU
VAYUNA
VEA
VEATA
VEDA
VEDADHARMA
VEDAMANTRA
VEDANTI
VEDAPUNYA
VEDAS
VEDAVALLI
VEDAVATHI
VEDHA
VEDHAM
VEDHASYA
VEDI
VEDIKA
VEDVALLI
VEDYA
VEEKSHA
VEENA
VEENAPANI
VEENARANI
VEERA
VEERALAXMI
VEERAMBAL
VEERASUNDARI
VEERBAALA
VEGA
VEKSHANA
VEKURI
VELA
VELANILA
VELAYANI
VELAYI
VELIKA
VELLI
VELMA
VELVET
VELVIZHI
VENAH
VENDA
VENECIA
VENEE
VENETIA
VENI
VENICE
VENIKA
VENIKARA
VENISHA
VENNELA
VENNILA
VENNMATHI
VENNMUKIL
VENTANA
VENTURA
VENU
VENUKA
VENUKIYA
VENUS
VENYA
VERA
VERADIS
VERDA
VERDAD
VERDI
VERENA
VERITY
VERLEE
VERNA
VERNI
VERNICA
VERONICA
VERONIQUE
VESHADANA
VESHANA
VESHANTA
VESHPA
VESHTITA
VESNA
VESTA
VETA
VETASINI
VETRAVATEE
VETRAVATI
VEVAY
VEVINA
VIAN
VIANCA
VIBALI
VIBHA
VIBHAVANA
VIBHAVARI
VIBHI
VIBHOOTI
VIBHUTI
VIBUSHA
VICHARLEEN
VICKI
VICKY
VICTORIA
VIDA
VEEDA
VIDA
VIDHAARTI
VIDHI
VIDHISHA
VIDHUBALA
VIDHUT
VIDHYA
VIDHYASRI
VIDIA
VIDHYA
VIDISHA
VIDITA
VIDULA
VIDUSHI
VIDYA
VIDYADHARI
VIDYUL
VIDYUT
VIENNA
VIGSAI
VIJANA
VIJAYA
VIJAYAA
VIJAYABANU
VIJAYALAKSHMI
VIJAYALAKSMI
VIJAYAMALA
VIJAYANTHI
VIJAYARANI
VIJAYASREE
VIJAYASRI
VIJETA
VIJI
VIJUL
VIKA
VIKASINEE
VIKASNI
VIKRITI
VIKSHA
VILA
VILAASINEE
VILASHINI
VILASINI
VILINA
VILLETTE
VILMARIS
VIMALA
VIMALAA
VIMALARANI
VIMLA
VIMPLE
VIMUDHA
VINA
VINADHATTA
VINAHA
VINAMRA
VINANTI
VINATA
VINATAA
VINATI
VINAYA
VINAYAA
VINDHYA
VINDHYAVASINI
VINE
VINEELA
VINEETA
VINGITA
VINI
VINISHA
VINITA
VINODA
VINODINI
VINODA
VINODHINI
VINODINI
VINUTHA
VIOLA
VIOLET
VIOLETTA
VIPANCHI
VIPASA
VIPASHA
VIPRA
VIPULA
VIPULAA
VIRACHANAA
VIRAJAA
VIRALA
VIRATA
VIRENDRI
VIRESHA
VIRGINIA
VIRGINIE
VIRGO
VIRIKA
VIRINI
VIRJA
VISALA
VISALAM
VISALATCHI
VISALINI
VISAR
VISHA
VISHAAKHAA
VISHAKA
VISHAKHA
VISHALA
VISHALAKSHI
VISHALI
VISHALYA
VISHAYA
VISHESHA
VISHMA
VISHNUMAYA
VISHNUPRIYA
VISHVA
VISHWA
VISHWAJA
VISMAYA
VISMITA
VISOLA
VISTARINI
VISWARUPA
VITA
VITACHINTA
VITAKA
VITAKAMA
VITARAGA
VITASHOKA
VITASTAA
VITHI
VITHIKA
VITI
VIVATMA
VIVECA
VIVEKA
VIVEKINEE
VIVEKKA
VIVI
VIVIAN
VIVIANA
VIVIDHA
VIVIEN
VIVIENNE
VIYOGINEE
VLORA
VODALA
VOHITA
VOLA
VOLAHA
VOLAKA
VON
VONDA
VONDILA
VONDRA
VOPALITA
VORATA
VORUKANA
VRAJABALA
VRINDA
VRINDAA
VRISCHIKA
VRISHALI
VRISHTI
VRITEE
VRITIKA
VRITIKKA
VRITTEE
VRITTI
VRUSHALI
VUI
VYAAPTI
VYANJANA
VYJAYANTI
VYOMAA
VYOMIKAA
VYOMINEE
VYOMINI
WADHA
WAFA
WAFA'
WAFEEQA
WAFIQAH
WAFEEQA
WAFIQAH
WAFIYA
WAFIYYAH
WAFIYA
WAFIYYAH
WAHEEDA
WAHIBAH
WAHIDA
WAHIDAH
WAJEEHA
WAJIHAH
WAJEEHA
WAJIHAH
WAKANDA
WAKEETA
WALDA
WALIDAH
WALKER
WALLIS
WALTA
WAMIKA
WAMIL
WANDA
WANETA
WARDA
WARDAH
WORDAH
WARDA
WARDAH
WARYAM
WASEEMAH
WATEEB
WATTAN
WAUNA
WAVERLY
WAYDE
WEDNESDAY
WEI
WELCOME
WENDA
WENDI
WENDY
WHITLEY
WHITNEY
WIDAD
WIJDAN
WILDA
WILEY
WILHELMINA
WILLA
WILLOW
WILMA
WILMET
WILONA
WINDA
WING
WINIFRED
WINKA
WINOLA
WINONA
WINTA
WISAAL
WISAL
WORDA
WREN
WYANET
WYNN
WYNNE
WYNONA
WYNONNA
WYOME
XADRIAN
XALVADORA
XANDY
XANNON
XANTARA
XANTHE
XARIA
XAVIERA
XAVIERE
XENA
XENIA
XENOPHON
XEXILIA
XHOSA
XI WANG
XIA
XIANG
XIAO
XIMENA
XIN
XINAVANE
XING
XING XING
XIOMARA
XITI
XIU
XIU JUAN
XOLA
XOLANI
XUAN
XUE
XUE FANG
XUXA
XYLIA
XYLON
XYLONA
XYZA
YAACHANA
YAADAVE
YAAGNYA
YAALINI
YAALISAI
YAAMOLI
YACHANA
YACHI
YADAVI
YADLEEN
YADVA
YAEL
YAFIAH
YAHVI
YAIR
YAJNA
YAKINI
YAKKSHEETA
YAKOOTAH
YAKSHA
YAKTA
YEKTA
YALE
YAMA
YAMEE
YAMHA
YAMIKA
YAMIN
YAMINAH
YAMINI
YAMKA
YAMNI
YAMUNA
YAMUNABAI
YAMUNAI
YAMUNARANI
YAMUNI
YAMURA
YAMYA
YAN
YANA
YANCY
YANIRA
YANK
YANKA
YANNI
YANTI
YARA
YARDLEY
YARELI
YARMILLA
YAS
YASALIMA
YASER
YASHA
YASHADA
YASHASHREE
YASHASVI
YASHASWINI
YASHAWANTHI
YASHAWINI
YASHICA
YASHILA
YASHITA
YASHMITA
YASHNA
YASHNOOR
YASHODA
YASHODHAN
YASHODHARA
YASHVI
YASHWINI
YASIRAH
YASMEEN
YASMIN
YASMINE
YASMIN
YASMEEN
YASMINE
YASODA
YASODHARA
YASS
YASTI
YATEE
YATES
YATIMA
YAUVANI
YAVNA
YAYAATI
YEARDLEIGH
YEARDLEY
YEGANAH
YEGANEE
YEIRA
YELENA
YEMA
YEN
YENGE
YEPA
YERIEL
YESHA
YESHASWINI
YESSICA
YESTIN
YETTA
YETTIE
YETTY
YEVA
YI MIN
YI ZE
YIHANA
YIN
YITTA
YOBACHI
YOCHANA
YOGA
YOGAMMAL
YOGANDRI
YOGASRI
YOGAVALLI
YOGESWARI
YOGINI
YOGITA
YOGYA
YOHANCE
YOJANA
YOJNA
YOKO
YOLAND
YOLANDA
YOLOTZYN
YON
YONGARI
YONINAH
YONITA
YONNA
YOORMILAI
YOORVASI
YORI
YORUBA
YOSANA
YOSHE
YOSHIKO
YOSHINO
YOSHITA
YOUSHA
YOUSUFA
YOUSIFA
YOVELA
YU JIE
YUBHASHANA
YUE
YUE YAN
YUGANDHARA
YUKI
YUKTA
YUKTHA
YUKTI
YULE
YUMAI
YUMAIYAAL
YUMN
YUNNA
YUNNAMALAI
YUNUEN
YURIDIA
YUSRA
YUSRAA
YUTHIKA
YUTIKA
YUVAKSHI
YUVARAANI
YUVARANI
YUVASRI
YUVATI
YUVIKA
YUVINA
YUVLEEN
YUVNA
YUVRAANI
YVETTE
YVONNE
ZAAFIRA
ZABRINA
ZACHAREE
ZACHNI
ZACI
ZADA
ZAFIRAH
ZAFRIRAH
ZAGIRI
ZAHAR
ZAHAVAH
ZAHBIA
ZAHEEDA
ZAHIDA
ZAHINA
ZAHIRA
ZAAHIRAH
ZAHIRA
ZAHIRAH
ZAHIYA
ZAHRA
ZAHRA'
ZAHRAA
ZAHRAH
ZAIB
ZAINAB
ZAIDA
ZAIDE
ZAILA
ZAINA
ZAINAB
ZAYNAB
ZAINAB
ZAIRA
ZAIRE
ZAKIA
ZAKIRA
ZAKIYAA
ZAKIYAH
ZAKIYYAH
ZALAK
ZALE
ZALEEKHAH
ZALIA
ZALIKA
ZALTANA
ZAMA
ZAMBAK
ZAMBDA
ZAMEERA
ZAMORA
ZANDRA
ZANE
ZANKHANA
ZANKHNA
ZANNA
ZANNAT
ZANTA
ZANTHE
ZARA
ZARAA'
ZAREEN
ZAREENA
ZAREENA
ZARI
ZARIA
ZARIEL
ZARIFA
ZARIFAH
ZARIN
ZARINA
ZARINE
ZARITA
ZARKA
ZARNA
ZAROLA
ZARRIN
ZARINA
ZARRIN DOKHT
ZASHA
ZAVIERA
ZAYIT
ZAYN
ZAYNAH
ZAINA
ZAYNAH
ZAZA
ZAZU
ZEA
ZEAL
ZEBA
ZEEBA
ZIBA
ZEENA
ZEENAT
ZEHBA
ZEKI
ZEL
ZELDA
ZELIA
ZENA
ZENAS
ZENDA
ZENE
ZENEVIEVA
ZENIA
ZENISHA
ZENOBIA
ZENON
ZEPHAN
ZEPHYR
ZERAH
ZERELDA
ZERLINA
ZHALAH
JALAH
ZHEN
ZHENGA
ZHI
ZIA
ZIANA
ZIARRE
ZIAZAN
ZIHNA
ZILYA
ZIMRA
ZIMORA
ZINNA
ZINNIA
ZION
ZIPPORAH
ZIRAILI
ZITA
ZITKALASA
ZITOMIRA
ZIVA
ZIVAH
ZIVA
ZIVANKA
ZIVEN
ZIYA
ZIZI
ZLATA
ZLHNA
ZOAN
ZOCHA
ZODY
ZOE
ZOEY
ZOFIA
ZOHA
ZOHERET
ZOHRA
ZOHRAH
ZOIE
ZOLA
ZONA
ZONTA
ZORA
ZORANA
ZORINA
ZOYA
ZSA
ZUBAIDA
ZUBAIDAH
ZUBEDA
ZUBIRA
ZUDORA
ZUEINAH
ZUHA
ZUHAIRAH
ZUHRA
ZURAH
ZULA
ZULAIKHA
ZULAIKHAH
ZULEIKA
ZULEKHA
ZULEMA
ZULEYKA
ZULF
ZUMARRAD
ZUNA
ZUNAIRA
ZURI
ZURIEL
ZURINA
ZUWENA
ZUZANA
ZUZELA
ZWI
ZYKARAYA
ZYTA
ZYTKA
