Aardvark
Aardvarks
Aback
Abacus
Abacuses
Abaci
Abaft
Abalone
Abalones
Abandon
Abandoned
Abandoning
Abandons
Abandonment
Abandonments
Abase
Abased
Abasing
Abases
Abasement
Abasements
Abash
Abashed
Abashing
Abashes
Abashedly
Abashment
Abashments
Abate
Abated
Abating
Abates
Abatement
Abatements
Abattoir
Abattoirs
Abbe
Abbes
Abbess
Abbesses
Abbey
Abbeys
Abbot
Abbots
Abbreviate
Abbreviated
Abbreviating
Abbreviates
Abbreviation
Abbreviations
Abdicate
Abdicated
Abdicating
Abdicates
Abdication
Abdications
Abdomen
Abdomens
Abdominal
Abdominals
Abduct
Abducted
Abducting
Abducts
Abduction
Abductions
Abductor
Abductors
Abeam
Abed
Aberrant
Aberrants
Aberration
Aberrations
Aberrational
Abet
Abetted
Abetting
Abets
Abetter
Abetters
Abettor
Abettors
Abeyance
Abeyances
Abhor
Abhorred
Abhorring
Abhors
Abhorrence
Abhorrences
Abhorrent
Abhorrently
Abidance
Abidances
Abide
Abode
Abided
Abiding
Abides
Abidingly
Ability
Abilities
Abject
Abjection
Abjections
Abjectly
Abjectness
Abjectnesses
Abjuration
Abjurations
Abjuratory
Abjure
Abjured
Abjuring
Abjures
Abjurer
Abjurers
Ablate
Ablated
Ablating
Ablates
Ablation
Ablations
Ablative
Ablatives
Ablaze
Able
Abler
Ablest
Abloom
Ablution
Ablutions
Ably
Abnegate
Abnegated
Abnegating
Abnegates
Abnegation
Abnegations
Abnormal
Abnormals
Abnormality
Abnormalities
Abnormally
Aboard
Abodes
Abolish
Abolished
Abolishing
Abolishes
Abolition
Abolitions
Abolitionism
Abolitionisms
Abolitionist
Abolitionists
Abominable
Abominably
Abominate
Abominated
Abominating
Abominates
Abomination
Abominations
Aboriginal
Aboriginals
Aborigine
Aborigines
Aborning
Abort
Aborted
Aborting
Aborts
Abortion
Abortions
Abortionist
Abortionists
Abortive
Abortively
Abound
Abounded
Abounding
Abounds
About
Above
Aboves
Aboveboard
Abracadabra
Abracadabras
Abrade
Abraded
Abrading
Abrades
Abrasion
Abrasions
Abrasive
Abrasives
Abrasively
Abrasiveness
Abrasivenesses
Abreast
Abridge
Abridged
Abridging
Abridges
Abridgement
Abridgements
Abridgment
Abridgments
Abroad
Abrogate
Abrogated
Abrogating
Abrogates
Abrogation
Abrogations
Abrogator
Abrogators
Abrupt
Abrupter
Abruptest
Abruptly
Abruptness
Abruptnesses
Abs
Abscess
Abscesses
Abscessed
Abscessing
Abscissa
Abscissas
Abscissae
Abscission
Abscissions
Abscond
Absconded
Absconding
Absconds
Absconder
Absconders
Abseil
Abseils
Abseiled
Abseiling
Absence
Absences
Absent
Absented
Absenting
Absents
Absentee
Absentees
Absenteeism
Absenteeisms
Absently
Absentminded
Absentmindedly
Absentmindedness
Absentmindednesses
Absinth
Absinths
Absinthe
Absinthes
Absolute
Absoluter
Absolutest
Absolutes
Absolutely
Absoluteness
Absolutenesses
Absolution
Absolutions
Absolutism
Absolutisms
Absolutist
Absolutists
Absolve
Absolved
Absolving
Absolves
Absorb
Absorbed
Absorbing
Absorbs
Absorbency
Absorbencies
Absorbent
Absorbents
Absorbingly
Absorption
Absorptions
Absorptive
Abstain
Abstained
Abstaining
Abstains
Abstainer
Abstainers
Abstemious
Abstemiously
Abstemiousness
Abstemiousnesses
Abstention
Abstentions
Abstinence
Abstinences
Abstinent
Abstract
Abstracter
Abstractest
Abstracts
Abstracted
Abstracting
Abstractedly
Abstractedness
Abstractednesses
Abstraction
Abstractions
Abstractly
Abstractness
Abstractnesses
Abstruse
Abstruser
Abstrusest
Abstrusely
Abstruseness
Abstrusenesses
Absurd
Absurder
Absurdest
Absurds
Absurdity
Absurdities
Absurdly
Absurdness
Absurdnesses
Abundance
Abundances
Abundant
Abundantly
Abuse
Abuses
Abused
Abusing
Abuser
Abusers
Abusive
Abusively
Abusiveness
Abusivenesses
Abut
Abutted
Abutting
Abuts
Abutment
Abutments
Abuzz
Abysmal
Abysmally
Abyss
Abysses
Abyssal
Acacia
Acacias
Academe
Academes
Academia
Academias
Academic
Academics
Academically
Academician
Academicians
Academy
Academies
Acanthus
Acanthuses
Acanthi
Accede
Acceded
Acceding
Accedes
Accelerate
Accelerated
Accelerating
Accelerates
Acceleration
Accelerations
Accelerator
Accelerators
Accent
Accents
Accented
Accenting
Accentual
Accentuate
Accentuated
Accentuating
Accentuates
Accentuation
Accentuations
Accept
Accepted
Accepting
Accepts
Acceptability
Acceptabilities
Acceptable
Acceptableness
Acceptablenesses
Acceptably
Acceptance
Acceptances
Acceptation
Acceptations
Access
Accesses
Accessed
Accessing
Accessibility
Accessibilities
Accessible
Accessibly
Accession
Accessions
Accessory
Accessories
Accident
Accidents
Accidental
Accidentals
Accidentally
Acclaim
Acclaims
Acclaimed
Acclaiming
Acclamation
Acclamations
Acclimate
Acclimated
Acclimating
Acclimates
Acclimation
Acclimations
Acclimatization
Acclimatizations
Acclimatize
Acclimatized
Acclimatizing
Acclimatizes
Acclivity
Acclivities
Accolade
Accolades
Accommodate
Accommodated
Accommodating
Accommodates
Accommodatingly
Accommodation
Accommodations
Accompaniment
Accompaniments
Accompanist
Accompanists
Accompany
Accompanied
Accompanying
Accompanies
Accomplice
Accomplices
Accomplish
Accomplished
Accomplishing
Accomplishes
Accomplishment
Accomplishments
Accord
Accords
Accorded
According
Accordance
Accordances
Accordant
Accordingly
Accordion
Accordions
Accordionist
Accordionists
Accost
Accosts
Accosted
Accosting
Account
Accounts
Accounted
Accounting
Accountability
Accountabilities
Accountable
Accountancy
Accountancies
Accountant
Accountants
Accountings
Accouter
Accoutered
Accoutering
Accouters
Accouterments
Accoutre
Accoutred
Accoutring
Accoutres
Accoutrements
Accredit
Accredited
Accrediting
Accredits
Accreditation
Accreditations
Accretion
Accretions
Accrual
Accruals
Accrue
Accrued
Accruing
Accrues
Acculturation
Acculturations
Acculturate
Acculturated
Acculturating
Acculturates
Accumulate
Accumulated
Accumulating
Accumulates
Accumulation
Accumulations
Accumulative
Accumulator
Accumulators
Accuracy
Accuracies
Accurate
Accurately
Accurateness
Accuratenesses
Accursed
Accursedness
Accursednesses
Accurst
Accusation
Accusations
Accusative
Accusatives
Accusatory
Accuse
Accused
Accusing
Accuses
Accuser
Accusers
Accusingly
Accustom
Accustomed
Accustoming
Accustoms
Ace
Aces
Aced
Acing
Acerbate
Acerbated
Acerbating
Acerbates
Acerbic
Acerbically
Acerbity
Acerbities
Acetaminophen
Acetaminophens
Acetate
Acetates
Acetic
Acetone
Acetones
Acetonic
Acetylene
Acetylenes
Ache
Aches
Ached
Aching
Achene
Achenes
Achievable
Achieve
Achieved
Achieving
Achieves
Achievement
Achievements
Achiever
Achievers
Achoo
Achoos
Achromatic
Achy
Achier
Achiest
Acid
Acider
Acidest
Acids
Acidic
Acidify
Acidified
Acidifying
Acidifies
Acidity
Acidities
Acidly
Acidosis
Acidoses
Acidulous
Acknowledge
Acknowledged
Acknowledging
Acknowledges
Acknowledgement
Acknowledgements
Acknowledgment
Acknowledgments
Acme
Acmes
Acne
Acnes
Acolyte
Acolytes
Aconite
Aconites
Acorn
Acorns
Acoustic
Acoustics
Acoustical
Acoustically
Acquaint
Acquainted
Acquainting
Acquaints
Acquaintance
Acquaintances
Acquaintanceship
Acquaintanceships
Acquiesce
Acquiesced
Acquiescing
Acquiesces
Acquiescence
Acquiescences
Acquiescent
Acquiescently
Acquirable
Acquire
Acquired
Acquiring
Acquires
Acquirement
Acquirements
Acquisition
Acquisitions
Acquisitive
Acquisitively
Acquisitiveness
Acquisitivenesses
Acquit
Acquitted
Acquitting
Acquits
Acquittal
Acquittals
Acre
Acres
Acreage
Acreages
Acrid
Acrider
Acridest
Acridity
Acridities
Acridly
Acridness
Acridnesses
Acrimonious
Acrimoniously
Acrimoniousness
Acrimoniousnesses
Acrimony
Acrimonies
Acrobat
Acrobats
Acrobatic
Acrobatically
Acrobatics
Acronym
Acronyms
Acrophobia
Acrophobias
Acropolis
Acropolises
Across
Acrostic
Acrostics
Acrylic
Acrylics
Act
Acts
Acted
Acting
Actings
Actinium
Actiniums
Action
Actions
Actionable
Activate
Activated
Activating
Activates
Activation
Activations
Activator
Activators
Active
Actives
Actively
Activeness
Activenesses
Activism
Activisms
Activist
Activists
Activity
Activities
Actor
Actors
Actress
Actresses
Actual
Actuals
Actuality
Actualities
Actualization
Actualizations
Actualize
Actualized
Actualizing
Actualizes
Actually
Actuarial
Actuary
Actuaries
Actuate
Actuated
Actuating
Actuates
Actuation
Actuations
Actuator
Actuators
Acuity
Acuities
Acumen
Acumens
Acupressure
Acupressures
Acupuncture
Acupunctures
Acupunctured
Acupuncturing
Acupuncturist
Acupuncturists
Acute
Acuter
Acutest
Acutes
Acutely
Acuteness
Acutenesses
Acyclovir
Acyclovirs
Ads
Adage
Adages
Adagio
Adagios
Adamant
Adamants
Adamantly
Adapt
Adapted
Adapting
Adapts
Adaptability
Adaptabilities
Adaptable
Adaptation
Adaptations
Adapter
Adapters
Adaptive
Adaptor
Adaptors
Add
Added
Adding
Adds
Addable
Addend
Addends
Addendum
Addenda
Adder
Adders
Addible
Addict
Addicts
Addicted
Addicting
Addiction
Addictions
Addictive
Addition
Additions
Additional
Additionally
Additive
Additives
Addle
Addled
Addling
Addles
Address
Addresses
Addressed
Addressing
Addressee
Addressees
Adduce
Adduced
Adducing
Adduces
Adenine
Adenines
Adenoid
Adenoids
Adenoidal
Adept
Adepter
Adeptest
Adepts
Adeptly
Adeptness
Adeptnesses
Adequacy
Adequacies
Adequate
Adequately
Adequateness
Adequatenesses
Adhere
Adhered
Adhering
Adheres
Adherence
Adherences
Adherent
Adherents
Adhesion
Adhesions
Adhesive
Adhesives
Adhesiveness
Adhesivenesses
Adieu
Adieus
Adieux
Adios
Adipose
Adiposes
Adjacency
Adjacencies
Adjacent
Adjacently
Adjectival
Adjectivally
Adjective
Adjectives
Adjoin
Adjoined
Adjoining
Adjoins
Adjourn
Adjourned
Adjourning
Adjourns
Adjournment
Adjournments
Adjudge
Adjudged
Adjudging
Adjudges
Adjudicate
Adjudicated
Adjudicating
Adjudicates
Adjudication
Adjudications
Adjudicative
Adjudicator
Adjudicators
Adjudicatory
Adjunct
Adjuncts
Adjuration
Adjurations
Adjure
Adjured
Adjuring
Adjures
Adjust
Adjusted
Adjusting
Adjusts
Adjustable
Adjuster
Adjusters
Adjustment
Adjustments
Adjustor
Adjustors
Adjutant
Adjutants
Adman
Admen
Administer
Administered
Administering
Administers
Administrate
Administrated
Administrating
Administrates
Administration
Administrations
Administrative
Administratively
Administrator
Administrators
Admirable
Admirably
Admiral
Admirals
Admiralty
Admiralties
Admiration
Admirations
Admire
Admired
Admiring
Admires
Admirer
Admirers
Admiringly
Admissibility
Admissibilities
Admissible
Admissibly
Admission
Admissions
Admit
Admitted
Admitting
Admits
Admittance
Admittances
Admittedly
Admix
Admixed
Admixing
Admixes
Admixture
Admixtures
Admonish
Admonished
Admonishing
Admonishes
Admonishment
Admonishments
Admonition
Admonitions
Admonitory
Ado
Ados
Adobe
Adobes
Adolescence
Adolescences
Adolescent
Adolescents
Adopt
Adopted
Adopting
Adopts
Adoptable
Adopter
Adopters
Adoption
Adoptions
Adoptive
Adorable
Adorableness
Adorablenesses
Adorably
Adoration
Adorations
Adore
Adored
Adoring
Adores
Adorer
Adorers
Adoringly
Adorn
Adorned
Adorning
Adorns
Adornment
Adornments
Adrenal
Adrenals
Adrenalin
Adrenalins
Adrenaline
Adrenalines
Adrift
Adroit
Adroiter
Adroitest
Adroitly
Adroitness
Adroitnesses
Adsorb
Adsorbed
Adsorbing
Adsorbs
Adsorbent
Adsorbents
Adsorption
Adsorptions
Adulate
Adulated
Adulating
Adulates
Adulation
Adulations
Adulator
Adulators
Adulatory
Adult
Adults
Adulterant
Adulterants
Adulterate
Adulterated
Adulterating
Adulterates
Adulteration
Adulterations
Adulterer
Adulterers
Adulteress
Adulteresses
Adulterous
Adultery
Adulteries
Adulthood
Adulthoods
Adumbrate
Adumbrated
Adumbrating
Adumbrates
Adumbration
Adumbrations
Advance
Advances
Advanced
Advancing
Advancement
Advancements
Advantage
Advantages
Advantaged
Advantaging
Advantageous
Advantageously
Advent
Advents
Adventitious
Adventitiously
Adventure
Adventures
Adventured
Adventuring
Adventurer
Adventurers
Adventuresome
Adventuress
Adventuresses
Adventurous
Adventurously
Adventurousness
Adventurousnesses
Adverb
Adverbs
Adverbial
Adverbials
Adverbially
Adversarial
Adversary
Adversaries
Adverse
Adverser
Adversest
Adversely
Adverseness
Adversenesses
Adversity
Adversities
Advert
Adverts
Adverted
Adverting
Advertise
Advertised
Advertising
Advertises
Advertisement
Advertisements
Advertiser
Advertisers
Advertisings
Advertize
Advertized
Advertizing
Advertizes
Advertizement
Advertizements
Advertorial
Advertorials
Advice
Advices
Advisability
Advisabilities
Advisable
Advisably
Advise
Advised
Advising
Advises
Advisedly
Advisement
Advisements
Adviser
Advisers
Advisor
Advisors
Advisory
Advisories
Advocacy
Advocacies
Advocate
Advocates
Advocated
Advocating
Adz
Adzes
Adzed
Adzing
Adze
Aegis
Aegises
Aeon
Aeons
Aerate
Aerated
Aerating
Aerates
Aeration
Aerations
Aerator
Aerators
Aerial
Aerials
Aerialist
Aerialists
Aerially
Aerie
Aeries
Aerobatic
Aerobatics
Aerobic
Aerobically
Aerobics
Aerodrome
Aerodromes
Aerodynamic
Aerodynamically
Aerodynamics
Aeronautic
Aeronautical
Aeronautics
Aeroplane
Aeroplanes
Aerosol
Aerosols
Aerospace
Aerospaces
Aery
Aerier
Aeriest
Aesthete
Aesthetes
Aesthetic
Aesthetics
Aesthetically
Aestheticism
Aestheticisms
Afar
Afars
Affability
Affabilities
Affable
Affabler
Affablest
Affably
Affair
Affairs
Affect
Affects
Affected
Affecting
Affectation
Affectations
Affectedly
Affectingly
Affection
Affections
Affectionate
Affectionately
Afferent
Afferents
Affiance
Affiances
Affianced
Affiancing
Affidavit
Affidavits
Affiliate
Affiliates
Affiliated
Affiliating
Affiliation
Affiliations
Affinity
Affinities
Affirm
Affirmed
Affirming
Affirms
Affirmation
Affirmations
Affirmative
Affirmatives
Affirmatively
Affix
Affixes
Affixed
Affixing
Afflatus
Afflatuses
Afflict
Afflicted
Afflicting
Afflicts
Affliction
Afflictions
Affluence
Affluences
Affluent
Affluents
Affluently
Afford
Afforded
Affording
Affords
Affordable
Afforest
Afforested
Afforesting
Afforests
Afforestation
Afforestations
Affray
Affrays
Affrayed
Affraying
Affront
Affronts
Affronted
Affronting
Afghan
Afghans
Aficionado
Aficionados
Afield
Afire
Aflame
Afloat
Aflutter
Afoot
Aforementioned
Aforesaid
Aforethought
Aforethoughts
Afoul
Afraid
Afresh
Aft
After
Afterbirth
Afterbirths
Afterburner
Afterburners
Aftercare
Aftercares
Aftereffect
Aftereffects
Afterglow
Afterglows
Afterimage
Afterimages
Afterlife
Afterlives
Aftermarket
Aftermarkets
Aftermath
Aftermaths
Afternoon
Afternoons
Aftershave
Aftershaves
Aftershock
Aftershocks
Aftertaste
Aftertastes
Afterthought
Afterthoughts
Afterward
Afterwards
Afterword
Afterwords
Again
Against
Agape
Agapae
Agapai
Agapes
Agar
Agars
Agate
Agates
Agave
Agaves
Age
Ages
Aged
Aging
Ageing
Ageings
Ageism
Ageisms
Ageist
Ageists
Ageless
Agelessly
Agelessness
Agelessnesses
Agency
Agencies
Agenda
Agendas
Agent
Agents
Agented
Agenting
Ageratum
Ageratums
Agglomerate
Agglomerates
Agglomerated
Agglomerating
Agglomeration
Agglomerations
Agglutinate
Agglutinated
Agglutinating
Agglutinates
Agglutination
Agglutinations
Aggrandize
Aggrandized
Aggrandizing
Aggrandizes
Aggrandizement
Aggrandizements
Aggravate
Aggravated
Aggravating
Aggravates
Aggravatingly
Aggravation
Aggravations
Aggregate
Aggregates
Aggregated
Aggregating
Aggregation
Aggregations
Aggression
Aggressions
Aggressive
Aggressively
Aggressiveness
Aggressivenesses
Aggressor
Aggressors
Aggrieve
Aggrieved
Aggrieving
Aggrieves
Aghast
Agile
Agiler
Agilest
Agilely
Agility
Agilities
Agings
Agitate
Agitated
Agitating
Agitates
Agitation
Agitations
Agitator
Agitators
Agitprop
Agitprops
Agleam
Aglitter
Aglow
Agnostic
Agnostics
Agnosticism
Agnosticisms
Ago
Agog
Agonize
Agonized
Agonizing
Agonizes
Agonizingly
Agony
Agonies
Agoraphobia
Agoraphobias
Agoraphobic
Agoraphobics
Agrarian
Agrarians
Agrarianism
Agrarianisms
Agree
Agreed
Agreeing
Agrees
Agreeable
Agreeableness
Agreeablenesses
Agreeably
Agreement
Agreements
Agribusiness
Agribusinesses
Agricultural
Agriculturalist
Agriculturalists
Agriculturally
Agriculture
Agricultures
Agriculturist
Agriculturists
Agronomic
Agronomics
Agronomist
Agronomists
Agronomy
Agronomies
Aground
Ague
Agues
Aha
Ahead
Ahem
Ahoy
Aid
Aids
Aided
Aiding
Aide
Aides
Aigrette
Aigrettes
Ail
Ailed
Ailing
Ails
Aileron
Ailerons
Ailment
Ailments
Aim
Aims
Aimed
Aiming
Aimless
Aimlessly
Aimlessness
Aimlessnesses
Air
Airs
Aired
Airing
Airbag
Airbags
Airbase
Airbases
Airborne
Airbrush
Airbrushes
Airbrushed
Airbrushing
Airbus
Airbuses
Airbusses
Aircraft
Airdrop
Airdrops
Airdropped
Airdropping
Airfare
Airfares
Airfield
Airfields
Airflow
Airflows
Airfoil
Airfoils
Airfreight
Airfreights
Airfreighted
Airfreighting
Airhead
Airheads
Airily
Airiness
Airinesses
Airings
Airless
Airlessness
Airlessnesses
Airlift
Airlifts
Airlifted
Airlifting
Airline
Airlines
Airliner
Airliners
Airlock
Airlocks
Airmail
Airmails
Airmailed
Airmailing
Airman
Airmen
Airplane
Airplanes
Airplay
Airplays
Airport
Airports
Airship
Airships
Airsick
Airsickness
Airsicknesses
Airspace
Airspaces
Airstrike
Airstrikes
Airstrip
Airstrips
Airtight
Airtime
Airtimes
Airwaves
Airway
Airways
Airworthiness
Airworthinesses
Airworthy
Airworthier
Airworthiest
Airy
Airier
Airiest
Aisle
Aisles
Aitch
Aitches
Ajar
Akimbo
Akin
Alabaster
Alabasters
Alack
Alacrity
Alacrities
Alarm
Alarms
Alarmed
Alarming
Alarmingly
Alarmist
Alarmists
Alas
Alb
Albs
Albacore
Albacores
Albatross
Albatrosses
Albeit
Albinism
Albinisms
Albino
Albinos
Album
Albums
Albumen
Albumens
Albumin
Albumins
Albuminous
Alchemist
Alchemists
Alchemy
Alchemies
Alcohol
Alcohols
Alcoholic
Alcoholics
Alcoholically
Alcoholism
Alcoholisms
Alcove
Alcoves
Alder
Alders
Alderman
Aldermen
Alderwoman
Alderwomen
Ale
Ales
Aleatory
Alehouse
Alehouses
Alembic
Alembics
Alert
Alerter
Alertest
Alerts
Alerted
Alerting
Alertly
Alertness
Alertnesses
Alewife
Alewives
Alfalfa
Alfalfas
Alfresco
Alga
Algae
Algas
Algal
Algebra
Algebras
Algebraic
Algebraically
Algorithm
Algorithms
Algorithmic
Alias
Aliases
Aliased
Aliasing
Alibi
Alibis
Alibied
Alibiing
Alien
Aliens
Alienable
Alienate
Alienated
Alienating
Alienates
Alienation
Alienations
Alienist
Alienists
Alight
Alighted
Alit
Alighting
Alights
Align
Aligned
Aligning
Aligns
Aligner
Aligners
Alignment
Alignments
Alike
Aliment
Aliments
Alimented
Alimenting
Alimentary
Alimony
Alimonies
Aline
Alined
Alining
Alines
Alinement
Alinements
Alive
Aliveness
Alivenesses
Aliyah
Aliyahs
Alkali
Alkalies
Alkalis
Alkaline
Alkalinity
Alkalinities
Alkalize
Alkalized
Alkalizing
Alkalizes
Alkaloid
Alkaloids
Alkyd
Alkyds
All
Alls
Allay
Allayed
Allaying
Allays
Allegation
Allegations
Allege
Alleged
Alleging
Alleges
Allegedly
Allegiance
Allegiances
Allegoric
Allegorical
Allegorically
Allegorist
Allegorists
Allegory
Allegories
Allegretto
Allegrettos
Allegro
Allegros
Allele
Alleles
Alleluia
Alleluias
Allergen
Allergens
Allergenic
Allergic
Allergically
Allergist
Allergists
Allergy
Allergies
Alleviate
Alleviated
Alleviating
Alleviates
Alleviation
Alleviations
Alley
Alleys
Alleyway
Alleyways
Alliance
Alliances
Alligator
Alligators
Alligatored
Alligatoring
Alliterate
Alliterated
Alliterating
Alliterates
Alliteration
Alliterations
Alliterative
Alliteratively
Allocate
Allocated
Allocating
Allocates
Allocation
Allocations
Allot
Allotted
Allotting
Allots
Allotment
Allotments
Allover
Allovers
Allow
Allowed
Allowing
Allows
Allowable
Allowably
Allowance
Allowances
Allowanced
Allowancing
Alloy
Alloys
Alloyed
Alloying
Allspice
Allspices
Allude
Alluded
Alluding
Alludes
Allure
Allures
Allured
Alluring
Allurement
Allurements
Alluringly
Allusion
Allusions
Allusive
Allusively
Allusiveness
Allusivenesses
Alluvial
Alluvials
Alluvium
Alluviums
Alluvia
Ally
Allies
Allied
Allying
Almanac
Almanacs
Almighty
Almond
Almonds
Almoner
Almoners
Almost
Alms
Almshouse
Almshouses
Aloe
Aloes
Aloft
Aloha
Alohas
Alone
Along
Alongshore
Alongside
Aloof
Aloofly
Aloofness
Aloofnesses
Aloud
Alp
Alps
Alpaca
Alpacas
Alpha
Alphas
Alphabet
Alphabets
Alphabetic
Alphabetical
Alphabetically
Alphabetization
Alphabetizations
Alphabetize
Alphabetized
Alphabetizing
Alphabetizes
Alphabetizer
Alphabetizers
Alphanumeric
Alphanumerical
Alphanumerically
Alpine
Already
Alright
Also
Altar
Altars
Altarpiece
Altarpieces
Alter
Altered
Altering
Alters
Alterable
Alteration
Alterations
Altercation
Altercations
Alternate
Alternates
Alternated
Alternating
Alternately
Alternation
Alternations
Alternative
Alternatives
Alternatively
Alternator
Alternators
Altho
Although
Altimeter
Altimeters
Altitude
Altitudes
Alto
Altos
Altogether
Altogethers
Altruism
Altruisms
Altruist
Altruists
Altruistic
Altruistically
Alum
Alums
Alumina
Aluminas
Aluminium
Aluminiums
Aluminum
Aluminums
Alumna
Alumnae
Alumnus
Alumni
Always
Amalgam
Amalgams
Amalgamate
Amalgamated
Amalgamating
Amalgamates
Amalgamation
Amalgamations
Amanuensis
Amanuenses
Amaranth
Amaranths
Amaretto
Amarettos
Amaryllis
Amaryllises
Amass
Amassed
Amassing
Amasses
Amateur
Amateurs
Amateurish
Amateurishly
Amateurishness
Amateurishnesses
Amateurism
Amateurisms
Amatory
Amaze
Amazes
Amazed
Amazing
Amazement
Amazements
Amazingly
Amazon
Amazons
Amazonian
Ambassador
Ambassadors
Ambassadorial
Ambassadorship
Ambassadorships
Ambassadress
Ambassadresses
Amber
Ambers
Ambergris
Ambergrises
Ambiance
Ambiances
Ambidexterity
Ambidexterities
Ambidextrous
Ambidextrously
Ambience
Ambiences
Ambient
Ambients
Ambiguity
Ambiguities
Ambiguous
Ambiguously
Ambition
Ambitions
Ambitioned
Ambitioning
Ambitious
Ambitiously
Ambitiousness
Ambitiousnesses
Ambivalence
Ambivalences
Ambivalent
Ambivalently
Amble
Ambles
Ambled
Ambling
Ambler
Amblers
Ambrosia
Ambrosias
Ambrosial
Ambulance
Ambulances
Ambulant
Ambulate
Ambulated
Ambulating
Ambulates
Ambulation
Ambulations
Ambulatory
Ambulatories
Ambuscade
Ambuscades
Ambuscaded
Ambuscading
Ambush
Ambushes
Ambushed
Ambushing
Ameba
Amebas
Amebae
Amebic
Ameboid
Ameliorate
Ameliorated
Ameliorating
Ameliorates
Amelioration
Ameliorations
Ameliorative
Amen
Amens
Amenability
Amenabilities
Amenable
Amenably
Amend
Amended
Amending
Amends
Amendable
Amendment
Amendments
Amenity
Amenities
Amerce
Amerced
Amercing
Amerces
Amercement
Amercements
Americium
Americiums
Amethyst
Amethysts
Amiability
Amiabilities
Amiable
Amiably
Amicability
Amicabilities
Amicable
Amicably
Amid
Amide
Amides
Amidships
Amidst
Amigo
Amigos
Amir
Amirs
Amiss
Amity
Amities
Ammeter
Ammeters
Ammo
Ammos
Ammonia
Ammonias
Ammunition
Ammunitions
Amnesia
Amnesias
Amnesiac
Amnesiacs
Amnesic
Amnesics
Amnesty
Amnesties
Amnestied
Amnestying
Amniocentesis
Amniocenteses
Amnion
Amnions
Amnia
Amniotic
Amoeba
Amoebas
Amoebae
Amoebic
Amok
Amoks
Among
Amongst
Amontillado
Amontillados
Amoral
Amorality
Amoralities
Amorally
Amorous
Amorously
Amorousness
Amorousnesses
Amorphous
Amorphously
Amorphousness
Amorphousnesses
Amortization
Amortizations
Amortize
Amortized
Amortizing
Amortizes
Amount
Amounts
Amounted
Amounting
Amour
Amours
Amp
Amps
Amperage
Amperages
Ampere
Amperes
Ampersand
Ampersands
Amphetamine
Amphetamines
Amphibian
Amphibians
Amphibious
Amphibiously
Amphitheater
Amphitheaters
Amphitheatre
Amphitheatres
Amphora
Amphorae
Amphoras
Ample
Ampler
Amplest
Amplification
Amplifications
Amplifier
Amplifiers
Amplify
Amplified
Amplifying
Amplifies
Amplitude
Amplitudes
Amply
Ampoule
Ampoules
Ampul
Ampuls
Ampule
Ampules
Amputate
Amputated
Amputating
Amputates
Amputation
Amputations
Amputee
Amputees
Amuck
Amucks
Amulet
Amulets
Amuse
Amused
Amusing
Amuses
Amusement
Amusements
Amusingly
Amylase
Amylases
Anabolism
Anabolisms
Anachronism
Anachronisms
Anachronistic
Anachronistically
Anaconda
Anacondas
Anaemia
Anaemias
Anaemic
Anaerobe
Anaerobes
Anaerobic
Anaerobically
Anaesthesia
Anaesthesias
Anaesthetic
Anaesthetics
Anaesthetist
Anaesthetists
Anaesthetize
Anaesthetized
Anaesthetizing
Anaesthetizes
Anagram
Anagrams
Anagrammed
Anagramming
Anal
Analgesia
Analgesias
Analgesic
Analgesics
Anally
Analog
Analogs
Analogical
Analogically
Analogize
Analogized
Analogizing
Analogizes
Analogous
Analogously
Analogousness
Analogousnesses
Analogue
Analogues
Analogy
Analogies
Analysand
Analysands
Analyse
Analysed
Analysing
Analyses
Analysis
Analyst
Analysts
Analytic
Analytical
Analytically
Analyzable
Analyze
Analyzed
Analyzing
Analyzes
Analyzer
Analyzers
Anapaest
Anapaests
Anapest
Anapests
Anapestic
Anapestics
Anarchic
Anarchically
Anarchism
Anarchisms
Anarchist
Anarchists
Anarchistic
Anarchy
Anarchies
Anathema
Anathemas
Anathematize
Anathematized
Anathematizing
Anathematizes
Anatomic
Anatomical
Anatomically
Anatomist
Anatomists
Anatomize
Anatomized
Anatomizing
Anatomizes
Anatomy
Anatomies
Ancestor
Ancestors
Ancestral
Ancestrally
Ancestress
Ancestresses
Ancestry
Ancestries
Anchor
Anchors
Anchored
Anchoring
Anchorage
Anchorages
Anchorite
Anchorites
Anchorman
Anchormen
Anchorperson
Anchorpersons
Anchorwoman
Anchorwomen
Anchovy
Anchovies
Ancient
Ancienter
Ancientest
Ancients
Anciently
Ancientness
Ancientnesses
Ancillary
Ancillaries
And
Andante
Andantes
Andiron
Andirons
Androgen
Androgens
Androgenic
Androgynous
Androgyny
Androgynies
Android
Androids
Anecdotal
Anecdote
Anecdotes
Anecdota
Anemia
Anemias
Anemic
Anemically
Anemometer
Anemometers
Anemone
Anemones
Anent
Anesthesia
Anesthesias
Anesthesiologist
Anesthesiologists
Anesthesiology
Anesthesiologies
Anesthetic
Anesthetics
Anesthetist
Anesthetists
Anesthetization
Anesthetizations
Anesthetize
Anesthetized
Anesthetizing
Anesthetizes
Aneurism
Aneurisms
Aneurysm
Aneurysms
Anew
Angel
Angels
Angeled
Angeling
Angelfish
Angelfishes
Angelic
Angelica
Angelicas
Angelical
Angelically
Anger
Angers
Angered
Angering
Angina
Anginas
Angioplasty
Angioplasties
Angiosperm
Angiosperms
Angle
Angles
Angled
Angling
Angler
Anglers
Angleworm
Angleworms
Anglicize
Anglicized
Anglicizing
Anglicizes
Anglings
Angora
Angoras
Angrily
Angry
Angrier
Angriest
Angst
Angsts
Angstrom
Angstroms
Anguish
Anguishes
Anguished
Anguishing
Angular
Angularity
Angularities
Anhydrous
Aniline
Anilines
Animadversion
Animadversions
Animadvert
Animadverted
Animadverting
Animadverts
Animal
Animals
Animalcule
Animalcules
Animate
Animated
Animating
Animates
Animatedly
Animation
Animations
Animator
Animators
Animism
Animisms
Animist
Animists
Animistic
Animosity
Animosities
Animus
Animuses
Anion
Anions
Anionic
Anise
Anises
Aniseed
Aniseeds
Anisette
Anisettes
Ankh
Ankhs
Ankle
Ankles
Anklebone
Anklebones
Anklet
Anklets
Annalist
Annalists
Annals
Anneal
Anneals
Annealed
Annealing
Annelid
Annelids
Annex
Annexes
Annexed
Annexing
Annexation
Annexations
Annexe
Annihilate
Annihilated
Annihilating
Annihilates
Annihilation
Annihilations
Annihilator
Annihilators
Anniversary
Anniversaries
Annotate
Annotated
Annotating
Annotates
Annotation
Annotations
Annotative
Annotator
Annotators
Announce
Announced
Announcing
Announces
Announcement
Announcements
Announcer
Announcers
Annoy
Annoyed
Annoying
Annoys
Annoyance
Annoyances
Annoyingly
Annual
Annuals
Annually
Annuitant
Annuitants
Annuity
Annuities
Annul
Annulled
Annulling
Annuls
Annular
Annulment
Annulments
Annunciation
Annunciations
Anode
Anodes
Anodize
Anodized
Anodizing
Anodizes
Anodyne
Anodynes
Anoint
Anointed
Anointing
Anoints
Anointment
Anointments
Anomalous
Anomalously
Anomaly
Anomalies
Anon
Anonymity
Anonymities
Anonymous
Anonymously
Anopheles
Anorak
Anoraks
Anorectic
Anorectics
Anorexia
Anorexias
Anorexic
Anorexics
Another
Answer
Answers
Answered
Answering
Answerable
Ant
Ants
Antacid
Antacids
Antagonism
Antagonisms
Antagonist
Antagonists
Antagonistic
Antagonistically
Antagonize
Antagonized
Antagonizing
Antagonizes
Antarctic
Ante
Antes
Anted
Anteed
Anteing
Anteater
Anteaters
Antebellum
Antecedence
Antecedences
Antecedent
Antecedents
Antechamber
Antechambers
Antedate
Antedates
Antedated
Antedating
Antediluvian
Antediluvians
Antelope
Antelopes
Antenatal
Antenna
Antennas
Antennae
Anterior
Anteroom
Anterooms
Anthem
Anthems
Anthemed
Antheming
Anther
Anthers
Anthill
Anthills
Anthologist
Anthologists
Anthologize
Anthologized
Anthologizing
Anthologizes
Anthology
Anthologies
Anthracite
Anthracites
Anthrax
Anthraces
Anthraxes
Anthropocentric
Anthropoid
Anthropoids
Anthropological
Anthropologically
Anthropologist
Anthropologists
Anthropology
Anthropologies
Anthropomorphic
Anthropomorphically
Anthropomorphism
Anthropomorphisms
Anthropomorphous
Anti
Antis
Antiabortion
Antiabortionist
Antiabortionists
Antiaircraft
Antiaircrafts
Antibacterial
Antibacterials
Antibiotic
Antibiotics
Antibody
Antibodies
Antic
Antics
Anticancer
Antichrist
Antichrists
Anticipate
Anticipated
Anticipating
Anticipates
Anticipation
Anticipations
Anticipatory
Anticlerical
Anticlimactic
Anticlimactically
Anticlimax
Anticlimaxes
Anticline
Anticlines
Anticlockwise
Anticoagulant
Anticoagulants
Anticommunism
Anticommunisms
Anticommunist
Anticommunists
Anticyclone
Anticyclones
Anticyclonic
Antidemocratic
Antidepressant
Antidepressants
Antidote
Antidotes
Antidoted
Antidoting
Antifascist
Antifascists
Antifreeze
Antifreezes
Antigen
Antigens
Antigenic
Antigenicity
Antigenicities
Antihero
Antiheroes
Antihistamine
Antihistamines
Antiknock
Antiknocks
Antilabor
Antilogarithm
Antilogarithms
Antimacassar
Antimacassars
Antimalarial
Antimalarials
Antimatter
Antimatters
Antimicrobial
Antimicrobials
Antimissile
Antimissiles
Antimony
Antimonies
Antinuclear
Antioxidant
Antioxidants
Antiparticle
Antiparticles
Antipasto
Antipastos
Antipasti
Antipathetic
Antipathy
Antipathies
Antipersonnel
Antiperspirant
Antiperspirants
Antiphon
Antiphons
Antiphonal
Antiphonals
Antiphonally
Antipodal
Antipodean
Antipodeans
Antipodes
Antipollution
Antipoverty
Antiquarian
Antiquarians
Antiquarianism
Antiquarianisms
Antiquary
Antiquaries
Antiquate
Antiquated
Antiquating
Antiquates
Antique
Antiques
Antiqued
Antiquing
Antiquity
Antiquities
Antisemitic
Antisemitism
Antisemitisms
Antisepsis
Antisepses
Antiseptic
Antiseptics
Antiseptically
Antiserum
Antiserums
Antisera
Antislavery
Antislaveries
Antisocial
Antisocially
Antispasmodic
Antispasmodics
Antisubmarine
Antitank
Antithesis
Antitheses
Antithetic
Antithetical
Antithetically
Antitoxin
Antitoxins
Antitrust
Antivenin
Antivenins
Antiviral
Antivivisectionist
Antivivisectionists
Antiwar
Antler
Antlers
Antlered
Antonym
Antonyms
Antonymous
Antsy
Antsier
Antsiest
Anus
Anuses
Ani
Anvil
Anvils
Anxiety
Anxieties
Anxious
Anxiously
Anxiousness
Anxiousnesses
Any
Anybody
Anyhow
Anymore
Anyone
Anyplace
Anything
Anytime
Anyway
Anywhere
Anywise
Aorta
Aortas
Aortae
Aortic
Apace
Apart
Apartheid
Apartheids
Apartment
Apartments
Apathetic
Apathetically
Apathy
Apathies
Apatite
Apatites
Ape
Apes
Aped
Aping
Apelike
Aperitif
Aperitifs
Aperture
Apertures
Apex
Apexes
Apices
Aphasia
Aphasias
Aphasic
Aphasics
Aphelion
Aphelia
Aphelions
Aphid
Aphids
Aphorism
Aphorisms
Aphoristic
Aphoristically
Aphrodisiac
Aphrodisiacs
Apiarist
Apiarists
Apiary
Apiaries
Apical
Apicals
Apically
Apiece
Apish
Apishly
Aplenty
Aplomb
Aplombs
Apocalypse
Apocalypses
Apocalyptic
Apocrypha
Apocryphal
Apocryphally
Apogee
Apogees
Apolitical
Apolitically
Apologetic
Apologetically
Apologia
Apologias
Apologiae
Apologist
Apologists
Apologize
Apologized
Apologizing
Apologizes
Apology
Apologies
Apoplectic
Apoplectics
Apoplexy
Apoplexies
Apostasy
Apostasies
Apostate
Apostates
Apostatize
Apostatized
Apostatizing
Apostatizes
Apostle
Apostles
Apostleship
Apostleships
Apostolic
Apostrophe
Apostrophes
Apothecary
Apothecaries
Apothegm
Apothegms
Apotheosis
Apotheoses
Appal
Appalled
Appalling
Appals
Appall
Appalls
Appallingly
Appaloosa
Appaloosas
Apparatus
Apparatuses
Apparel
Apparels
Appareled
Apparelled
Appareling
Apparelling
Apparent
Apparently
Apparition
Apparitions
Appeal
Appeals
Appealed
Appealing
Appealingly
Appear
Appeared
Appearing
Appears
Appearance
Appearances
Appease
Appeased
Appeasing
Appeases
Appeasement
Appeasements
Appeaser
Appeasers
Appellant
Appellants
Appellate
Appellation
Appellations
Append
Appended
Appending
Appends
Appendage
Appendages
Appendectomy
Appendectomies
Appendicitis
Appendicitises
Appendix
Appendices
Appendixes
Appertain
Appertained
Appertaining
Appertains
Appetite
Appetites
Appetizer
Appetizers
Appetizing
Appetizingly
Applaud
Applauded
Applauding
Applauds
Applauder
Applauders
Applause
Applauses
Apple
Apples
Applejack
Applejacks
Applesauce
Applesauces
Applet
Applets
Appliance
Appliances
Applicability
Applicabilities
Applicable
Applicably
Applicant
Applicants
Application
Applications
Applicator
Applicators
Applier
Appliers
Applique
Appliques
Appliqued
Appliqueing
Apply
Applied
Applying
Applies
Appoint
Appointed
Appointing
Appoints
Appointee
Appointees
Appointive
Appointment
Appointments
Apportion
Apportioned
Apportioning
Apportions
Apportionment
Apportionments
Appose
Apposed
Apposing
Apposes
Apposite
Appositely
Appositeness
Appositenesses
Apposition
Appositions
Appositive
Appositives
Appraisal
Appraisals
Appraise
Appraised
Appraising
Appraises
Appraiser
Appraisers
Appreciable
Appreciably
Appreciate
Appreciated
Appreciating
Appreciates
Appreciation
Appreciations
Appreciative
Appreciatively
Appreciator
Appreciators
Appreciatory
Apprehend
Apprehended
Apprehending
Apprehends
Apprehension
Apprehensions
Apprehensive
Apprehensively
Apprehensiveness
Apprehensivenesses
Apprentice
Apprentices
Apprenticed
Apprenticing
Apprenticeship
Apprenticeships
Apprise
Apprised
Apprising
Apprises
Apprize
Apprized
Apprizing
Apprizes
Approach
Approaches
Approached
Approaching
Approachable
Approbation
Approbations
Appropriate
Appropriated
Appropriating
Appropriates
Appropriately
Appropriateness
Appropriatenesses
Appropriation
Appropriations
Appropriator
Appropriators
Approval
Approvals
Approve
Approved
Approving
Approves
Approvingly
Approximate
Approximated
Approximating
Approximates
Approximately
Approximation
Approximations
Appurtenance
Appurtenances
Appurtenant
Appurtenants
Apricot
Apricots
Apron
Aprons
Aproned
Aproning
Apropos
Apse
Apses
Apt
Apter
Aptest
Aptitude
Aptitudes
Aptly
Aptness
Aptnesses
Aqua
Aquas
Aquae
Aquaculture
Aquacultures
Aqualung
Aqualungs
Aquamarine
Aquamarines
Aquanaut
Aquanauts
Aquaplane
Aquaplanes
Aquaplaned
Aquaplaning
Aquarium
Aquariums
Aquaria
Aquatic
Aquatics
Aquatically
Aquavit
Aquavits
Aqueduct
Aqueducts
Aqueous
Aquiculture
Aquicultures
Aquifer
Aquifers
Aquiline
Arabesque
Arabesques
Arability
Arabilities
Arable
Arables
Arachnid
Arachnids
Arbiter
Arbiters
Arbitrage
Arbitrages
Arbitraged
Arbitraging
Arbitrager
Arbitragers
Arbitrageur
Arbitrageurs
Arbitrament
Arbitraments
Arbitrarily
Arbitrariness
Arbitrarinesses
Arbitrary
Arbitraries
Arbitrate
Arbitrated
Arbitrating
Arbitrates
Arbitration
Arbitrations
Arbitrator
Arbitrators
Arbor
Arbors
Arboreal
Arboretum
Arboretums
Arboreta
Arborvitae
Arborvitaes
Arbour
Arbours
Arbutus
Arbutuses
Arc
Arcs
Arced
Arcked
Arcing
Arcking
Arcade
Arcades
Arcaded
Arcading
Arcane
Arch
Archer
Archest
Arches
Arched
Arching
Archaeological
Archaeologically
Archaeologist
Archaeologists
Archaeology
Archaeologies
Archaic
Archaically
Archaism
Archaisms
Archaist
Archaists
Archangel
Archangels
Archbishop
Archbishops
Archbishopric
Archbishoprics
Archdeacon
Archdeacons
Archdiocesan
Archdiocese
Archdioceses
Archduchess
Archduchesses
Archduke
Archdukes
Archenemy
Archenemies
Archeological
Archeologist
Archeologists
Archeology
Archeologies
Archers
Archery
Archeries
Archetypal
Archetype
Archetypes
Archetypical
Archfiend
Archfiends
Archiepiscopal
Archipelago
Archipelagos
Archipelagoes
Architect
Architects
Architected
Architecting
Architectonic
Architectonics
Architectural
Architecturally
Architecture
Architectures
Architrave
Architraves
Archival
Archive
Archives
Archived
Archiving
Archivist
Archivists
Archly
Archness
Archnesses
Archway
Archways
Arctic
Arctics
Ardent
Ardently
Ardor
Ardors
Ardour
Ardours
Arduous
Arduously
Arduousness
Arduousnesses
Are
Ares
Area
Areas
Areal
Arena
Arenas
Argent
Argents
Argon
Argons
Argosy
Argosies
Argot
Argots
Arguable
Arguably
Argue
Argued
Arguing
Argues
Arguer
Arguers
Argument
Arguments
Argumentation
Argumentations
Argumentative
Argumentatively
Argumentativeness
Argumentativenesses
Argyle
Argyles
Aria
Arias
Arid
Arider
Aridest
Aridity
Aridities
Aridly
Aright
Arise
Arose
Arisen
Arising
Arises
Aristocracy
Aristocracies
Aristocrat
Aristocrats
Aristocratic
Aristocratically
Arithmetic
Arithmetics
Arithmetical
Arithmetically
Arithmetician
Arithmeticians
Ark
Arks
Arm
Arms
Armed
Arming
Armada
Armadas
Armadillo
Armadillos
Armament
Armaments
Armature
Armatures
Armband
Armbands
Armchair
Armchairs
Armful
Armfuls
Armsful
Armhole
Armholes
Armistice
Armistices
Armlet
Armlets
Armor
Armors
Armored
Armoring
Armorer
Armorers
Armorial
Armorials
Armory
Armories
Armour
Armours
Armoured
Armouring
Armoury
Armouries
Armpit
Armpits
Armrest
Armrests
Army
Armies
Aroma
Aromas
Aromatherapist
Aromatherapists
Aromatherapy
Aromatherapies
Aromatic
Aromatics
Aromatically
Around
Arousal
Arousals
Arouse
Aroused
Arousing
Arouses
Arpeggio
Arpeggios
Arraign
Arraigned
Arraigning
Arraigns
Arraignment
Arraignments
Arrange
Arranged
Arranging
Arranges
Arrangement
Arrangements
Arranger
Arrangers
Arrant
Arras
Arrases
Array
Arrays
Arrayed
Arraying
Arrears
Arrest
Arrests
Arrested
Arresting
Arrhythmia
Arrhythmias
Arrhythmic
Arrhythmical
Arrival
Arrivals
Arrive
Arrived
Arriving
Arrives
Arrogance
Arrogances
Arrogant
Arrogantly
Arrogate
Arrogated
Arrogating
Arrogates
Arrogation
Arrogations
Arrow
Arrows
Arrowed
Arrowing
Arrowhead
Arrowheads
Arrowroot
Arrowroots
Arroyo
Arroyos
Arsenal
Arsenals
Arsenic
Arsenics
Arson
Arsons
Arsonist
Arsonists
Art
Arts
Artefact
Artefacts
Arterial
Arterials
Arteriole
Arterioles
Arteriosclerosis
Arterioscleroses
Artery
Arteries
Artful
Artfully
Artfulness
Artfulnesses
Arthritic
Arthritics
Arthritis
Arthritides
Arthropod
Arthropods
Arthroscope
Arthroscopes
Arthroscopic
Artichoke
Artichokes
Article
Articles
Articled
Articling
Articular
Articulate
Articulated
Articulating
Articulates
Articulately
Articulateness
Articulatenesses
Articulation
Articulations
Artifact
Artifacts
Artifice
Artifices
Artificer
Artificers
Artificial
Artificiality
Artificialities
Artificially
Artillery
Artilleries
Artilleryman
Artillerymen
Artiness
Artinesses
Artisan
Artisans
Artist
Artists
Artiste
Artistes
Artistic
Artistically
Artistry
Artistries
Artless
Artlessly
Artlessness
Artlessnesses
Artsy
Artsier
Artsiest
Artwork
Artworks
Arty
Artier
Artiest
Arum
Arums
Asbestos
Asbestoses
Ascend
Ascended
Ascending
Ascends
Ascendance
Ascendances
Ascendancy
Ascendancies
Ascendant
Ascendants
Ascendency
Ascendencies
Ascendent
Ascendents
Ascension
Ascensions
Ascent
Ascents
Ascertain
Ascertained
Ascertaining
Ascertains
Ascertainable
Ascertainment
Ascertainments
Ascetic
Ascetics
Ascetically
Asceticism
Asceticisms
Ascot
Ascots
Ascribable
Ascribe
Ascribed
Ascribing
Ascribes
Ascription
Ascriptions
Aseptic
Aseptics
Aseptically
Asexual
Asexuality
Asexualities
Asexually
Ash
Ashes
Ashamed
Ashamedly
Ashcan
Ashcans
Ashen
Ashlar
Ashlars
Ashlared
Ashlaring
Ashore
Ashram
Ashrams
Ashtray
Ashtrays
Ashy
Ashier
Ashiest
Aside
Asides
Asinine
Asininely
Asininity
Asininities
Ask
Asked
Asking
Asks
Askance
Askew
Aslant
Asleep
Asocial
Asp
Asps
Asparagus
Asparaguses
Aspartame
Aspartames
Aspect
Aspects
Aspen
Aspens
Asperity
Asperities
Aspersion
Aspersions
Asphalt
Asphalts
Asphalted
Asphalting
Asphodel
Asphodels
Asphyxia
Asphyxias
Asphyxiate
Asphyxiated
Asphyxiating
Asphyxiates
Asphyxiation
Asphyxiations
Aspic
Aspics
Aspidistra
Aspidistras
Aspirant
Aspirants
Aspirate
Aspirates
Aspirated
Aspirating
Aspiration
Aspirations
Aspirator
Aspirators
Aspire
Aspired
Aspiring
Aspires
Aspirin
Aspirins
Ass
Asses
Assail
Assailed
Assailing
Assails
Assailable
Assailant
Assailants
Assassin
Assassins
Assassinate
Assassinated
Assassinating
Assassinates
Assassination
Assassinations
Assault
Assaults
Assaulted
Assaulting
Assay
Assays
Assayed
Assaying
Assayer
Assayers
Assemblage
Assemblages
Assemble
Assembled
Assembling
Assembles
Assembler
Assemblers
Assembly
Assemblies
Assemblyman
Assemblymen
Assemblywoman
Assemblywomen
Assent
Assents
Assented
Assenting
Assert
Asserted
Asserting
Asserts
Assertion
Assertions
Assertive
Assertively
Assertiveness
Assertivenesses
Assess
Assessed
Assessing
Assesses
Assessment
Assessments
Assessor
Assessors
Asset
Assets
Asseverate
Asseverated
Asseverating
Asseverates
Asseveration
Asseverations
Asshole
Assholes
Assiduity
Assiduities
Assiduous
Assiduously
Assiduousness
Assiduousnesses
Assign
Assigns
Assigned
Assigning
Assignable
Assignation
Assignations
Assigner
Assigners
Assignment
Assignments
Assignor
Assignors
Assimilate
Assimilated
Assimilating
Assimilates
Assimilation
Assimilations
Assist
Assists
Assisted
Assisting
Assistance
Assistances
Assistant
Assistants
Assize
Assizes
Associate
Associates
Associated
Associating
Association
Associations
Associative
Assonance
Assonances
Assonant
Assonants
Assort
Assorted
Assorting
Assorts
Assortment
Assortments
Assuage
Assuaged
Assuaging
Assuages
Assumable
Assume
Assumed
Assuming
Assumes
Assumption
Assumptions
Assumptive
Assurance
Assurances
Assure
Assured
Assuring
Assures
Assureds
Assuredly
Astatine
Astatines
Aster
Asters
Asterisk
Asterisks
Asterisked
Asterisking
Astern
Asteroid
Asteroids
Asthma
Asthmas
Asthmatic
Asthmatics
Astigmatic
Astigmatics
Astigmatism
Astigmatisms
Astir
Astonish
Astonished
Astonishing
Astonishes
Astonishingly
Astonishment
Astonishments
Astound
Astounded
Astounding
Astounds
Astoundingly
Astraddle
Astrakhan
Astrakhans
Astral
Astray
Astride
Astringency
Astringencies
Astringent
Astringents
Astringently
Astrolabe
Astrolabes
Astrologer
Astrologers
Astrological
Astrologically
Astrologist
Astrologists
Astrology
Astrologies
Astronaut
Astronauts
Astronautic
Astronautical
Astronautics
Astronomer
Astronomers
Astronomic
Astronomical
Astronomically
Astronomy
Astronomies
Astrophysical
Astrophysicist
Astrophysicists
Astrophysics
Astute
Astuter
Astutest
Astutely
Astuteness
Astutenesses
Asunder
Asylum
Asylums
Asymmetric
Asymmetrical
Asymmetrically
Asymmetry
Asymmetries
Asymptomatic
Atavism
Atavisms
Atavist
Atavists
Atavistic
Ataxia
Ataxias
Ataxic
Ataxics
Atelier
Ateliers
Atheism
Atheisms
Atheist
Atheists
Atheistic
Atherosclerosis
Atheroscleroses
Athirst
Athlete
Athletes
Athletic
Athletically
Athletics
Athwart
Atilt
Atlas
Atlases
Atlantes
Atmosphere
Atmospheres
Atmospheric
Atmospherically
Atmospherics
Atoll
Atolls
Atom
Atoms
Atomic
Atomically
Atomize
Atomized
Atomizing
Atomizes
Atomizer
Atomizers
Atonal
Atonality
Atonalities
Atonally
Atone
Atoned
Atoning
Atones
Atonement
Atonements
Atop
Atrial
Atrium
Atria
Atriums
Atrocious
Atrociously
Atrociousness
Atrociousnesses
Atrocity
Atrocities
Atrophy
Atrophies
Atrophied
Atrophying
Atropine
Atropines
Attach
Attached
Attaching
Attaches
Attachable
Attache
Attachment
Attachments
Attack
Attacks
Attacked
Attacking
Attacker
Attackers
Attain
Attained
Attaining
Attains
Attainability
Attainabilities
Attainable
Attainder
Attainders
Attainment
Attainments
Attar
Attars
Attempt
Attempts
Attempted
Attempting
Attend
Attended
Attending
Attends
Attendance
Attendances
Attendant
Attendants
Attendee
Attendees
Attention
Attentions
Attentive
Attentively
Attentiveness
Attentivenesses
Attenuate
Attenuated
Attenuating
Attenuates
Attenuation
Attenuations
Attest
Attested
Attesting
Attests
Attestation
Attestations
Attic
Attics
Attire
Attires
Attired
Attiring
Attitude
Attitudes
Attitudinal
Attitudinize
Attitudinized
Attitudinizing
Attitudinizes
Attorney
Attorneys
Attract
Attracted
Attracting
Attracts
Attractable
Attractant
Attractants
Attraction
Attractions
Attractive
Attractively
Attractiveness
Attractivenesses
Attributable
Attribute
Attributes
Attributed
Attributing
Attribution
Attributions
Attributive
Attributives
Attributively
Attrition
Attritions
Attune
Attuned
Attuning
Attunes
Atwitter
Atypical
Atypically
Auburn
Auburns
Auction
Auctions
Auctioned
Auctioning
Auctioneer
Auctioneers
Auctioneered
Auctioneering
Audacious
Audaciously
Audaciousness
Audaciousnesses
Audacity
Audacities
Audibility
Audibilities
Audible
Audibles
Audibly
Audience
Audiences
Audio
Audios
Audiobook
Audiobooks
Audiological
Audiologist
Audiologists
Audiology
Audiologies
Audiometer
Audiometers
Audiophile
Audiophiles
Audiotape
Audiotapes
Audiovisual
Audiovisuals
Audit
Audits
Audited
Auditing
Audition
Auditions
Auditioned
Auditioning
Auditor
Auditors
Auditorium
Auditoriums
Auditoria
Auditory
Auditories
Auger
Augers
Aught
Aughts
Augment
Augments
Augmented
Augmenting
Augmentation
Augmentations
Augmentative
Augmentatives
Augmenter
Augmenters
Augur
Augurs
Augured
Auguring
Augury
Auguries
August
Auguster
Augustest
Augustly
Augustness
Augustnesses
Auk
Auks
Aunt
Aunts
Auntie
Aunties
Aunty
Aura
Auras
Aurae
Aural
Aurally
Aureola
Aureolas
Aureolae
Aureole
Aureoles
Auricle
Auricles
Auricular
Auriculars
Aurora
Auroras
Aurorae
Auscultate
Auscultated
Auscultating
Auscultates
Auscultation
Auscultations
Auspice
Auspices
Auspicious
Auspiciously
Auspiciousness
Auspiciousnesses
Austere
Austerer
Austerest
Austerely
Austerity
Austerities
Austral
Australes
Authentic
Authentically
Authenticate
Authenticated
Authenticating
Authenticates
Authentication
Authentications
Authenticity
Authenticities
Author
Authors
Authored
Authoring
Authoress
Authoresses
Authoritarian
Authoritarians
Authoritarianism
Authoritarianisms
Authoritative
Authoritatively
Authoritativeness
Authoritativenesses
Authority
Authorities
Authorization
Authorizations
Authorize
Authorized
Authorizing
Authorizes
Authorship
Authorships
Autism
Autisms
Autistic
Auto
Autos
Autobahn
Autobahns
Autobahnen
Autobiographer
Autobiographers
Autobiographic
Autobiographical
Autobiographically
Autobiography
Autobiographies
Autoclave
Autoclaves
Autoclaved
Autoclaving
Autocracy
Autocracies
Autocrat
Autocrats
Autocratic
Autocratically
Autodidact
Autodidacts
Autograph
Autographs
Autographed
Autographing
Autoimmune
Autoimmunity
Autoimmunities
Automaker
Automakers
Automate
Automated
Automating
Automates
Automatic
Automatics
Automatically
Automation
Automations
Automatism
Automatisms
Automatize
Automatized
Automatizing
Automatizes
Automaton
Automatons
Automata
Automobile
Automobiles
Automotive
Autonomic
Autonomous
Autonomously
Autonomy
Autonomies
Autopilot
Autopilots
Autopsy
Autopsies
Autopsied
Autopsying
Autoworker
Autoworkers
Autumn
Autumns
Autumnal
Auxiliary
Auxiliaries
Auxin
Auxins
Avail
Avails
Availed
Availing
Availability
Availabilities
Available
Avalanche
Avalanches
Avalanched
Avalanching
Avarice
Avarices
Avaricious
Avariciously
Avast
Avatar
Avatars
Avaunt
Avenge
Avenged
Avenging
Avenges
Avenger
Avengers
Avenue
Avenues
Aver
Averred
Averring
Avers
Average
Averages
Averaged
Averaging
Averse
Aversion
Aversions
Avert
Averted
Averting
Averts
Avian
Aviary
Aviaries
Aviation
Aviations
Aviator
Aviators
Aviatrix
Aviatrixes
Aviatrices
Avid
Avider
Avidest
Avidity
Avidities
Avidly
Avionics
Avitaminosis
Avitaminoses
Avocado
Avocados
Avocadoes
Avocation
Avocations
Avocational
Avoid
Avoided
Avoiding
Avoids
Avoidable
Avoidably
Avoidance
Avoidances
Avoirdupois
Avoirdupoises
Avouch
Avouched
Avouching
Avouches
Avow
Avowed
Avowing
Avows
Avowal
Avowals
Avowedly
Avuncular
Await
Awaited
Awaiting
Awaits
Awake
Awoke
Awaked
Awoken
Awaking
Awakes
Awaken
Awakened
Awakening
Awakens
Awakenings
Award
Awards
Awarded
Awarding
Aware
Awarer
Awarest
Awareness
Awarenesses
Awash
Away
Awe
Awes
Awed
Awing
Aweigh
Awesome
Awesomely
Awesomeness
Awesomenesses
Awestricken
Awestruck
Awful
Awfuller
Awfullest
Awfully
Awfulness
Awfulnesses
Awhile
Awkward
Awkwarder
Awkwardest
Awkwardly
Awkwardness
Awkwardnesses
Awl
Awls
Awn
Awns
Awning
Awnings
Awol
Awols
Awry
Axes
Axed
Axing
Axe
Axial
Axially
Axiom
Axioms
Axiomatic
Axiomatically
Axis
Axises
Axle
Axles
Axletree
Axletrees
Axolotl
Axolotls
Axon
Axons
Ayes
Ayah
Ayahs
Ayatollah
Ayatollahs
Aye
Azalea
Azaleas
Azimuth
Azimuths
Azure
Azures
Baa
Baas
Baaed
Baaing
Babble
Babbles
Babbled
Babbling
Babbler
Babblers
Babe
Babes
Babel
Babels
Baboon
Baboons
Babushka
Babushkas
Baby
Babier
Babiest
Babies
Babied
Babying
Babyhood
Babyhoods
Babyish
Babysit
Babysat
Babysitting
Babysits
Babysitter
Babysitters
Babysittings
Baccalaureate
Baccalaureates
Baccarat
Baccarats
Bacchanal
Bacchanals
Bacchanalia
Bacchanalias
Bacchanalian
Bacchanalians
Bachelor
Bachelors
Bachelorhood
Bachelorhoods
Bacillary
Bacillus
Bacilli
Back
Backs
Backed
Backing
Backache
Backaches
Backbencher
Backbenchers
Backbite
Backbit
Backbitten
Backbiting
Backbites
Backbiter
Backbiters
Backboard
Backboards
Backbone
Backbones
Backbreaking
Backdate
Backdated
Backdating
Backdates
Backdrop
Backdrops
Backdropped
Backdropping
Backer
Backers
Backfield
Backfields
Backfire
Backfires
Backfired
Backfiring
Backgammon
Backgammons
Backgammoned
Backgammoning
Background
Backgrounds
Backgrounded
Backgrounding
Backgrounder
Backgrounders
Backhand
Backhands
Backhanded
Backhanding
Backhandedly
Backhander
Backhanders
Backhoe
Backhoes
Backings
Backlash
Backlashes
Backlashed
Backlashing
Backless
Backlog
Backlogs
Backlogged
Backlogging
Backpack
Backpacks
Backpacked
Backpacking
Backpacker
Backpackers
Backpackings
Backpedal
Backpedaled
Backpedalled
Backpedaling
Backpedalling
Backpedals
Backrest
Backrests
Backroom
Backscratching
Backscratchings
Backseat
Backseats
Backside
Backsides
Backslapper
Backslappers
Backslapping
Backslappings
Backslash
Backslashes
Backslide
Backslid
Backslidden
Backsliding
Backslides
Backslider
Backsliders
Backspace
Backspaces
Backspaced
Backspacing
Backspin
Backspins
Backstabber
Backstabbers
Backstage
Backstages
Backstair
Backstairs
Backstop
Backstops
Backstopped
Backstopping
Backstretch
Backstretches
Backstroke
Backstrokes
Backstroked
Backstroking
Backtalk
Backtalks
Backtrack
Backtracked
Backtracking
Backtracks
Backup
Backups
Backward
Backwardly
Backwardness
Backwardnesses
Backwards
Backwash
Backwashes
Backwashed
Backwashing
Backwater
Backwaters
Backwoods
Backwoodsman
Backwoodsmen
Backyard
Backyards
Bacon
Bacons
Bacteria
Bacterias
Bacterial
Bactericidal
Bactericide
Bactericides
Bacteriologic
Bacteriological
Bacteriologist
Bacteriologists
Bacteriology
Bacteriologies
Bacterium
Bad
Badder
Baddest
Worse
Worst
Bads
Baddie
Baddies
Baddy
Badge
Badges
Badged
Badging
Badger
Badgers
Badgered
Badgering
Badinage
Badinages
Badinaged
Badinaging
Badlands
Badly
Badman
Badmen
Badminton
Badmintons
Badmouth
Badmouthed
Badmouthing
Badmouths
Badness
Badnesses
Baffle
Baffles
Baffled
Baffling
Bafflement
Bafflements
Baffler
Bafflers
Bag
Bags
Bagged
Bagging
Bagatelle
Bagatelles
Bagel
Bagels
Bagful
Bagfuls
Bagsful
Baggage
Baggages
Baggie
Baggies
Baggily
Bagginess
Bagginesses
Baggy
Baggier
Baggiest
Bagpipe
Bagpipes
Bagpiped
Bagpiping
Bagpiper
Bagpipers
Baguette
Baguettes
Bah
Baht
Bahts
Bail
Bails
Bailed
Bailing
Bailable
Xbailiff
Bailiffs
Bailiwick
Bailiwicks
Bailout
Bailouts
Bailsman
Bailsmen
Bairn
Bairns
Bait
Baits
Baited
Baiting
Baize
Baizes
Baized
Baizing
Bake
Bakes
Baked
Baking
Baker
Bakers
Bakery
Bakeries
Bakeshop
Bakeshops
Baklava
Baklavas
Baksheesh
Baksheeshes
Baksheeshed
Baksheeshing
Balaclava
Balaclavas
Balalaika
Balalaikas
Balance
Balances
Balanced
Balancing
Balboa
Balboas
Balcony
Balconies
Bald
Balder
Baldest
Balded
Balding
Balds
Balderdash
Balderdashes
Baldfaced
Baldly
Baldness
Baldnesses
Baldric
Baldrics
Bale
Bales
Baled
Baling
Baleen
Baleens
Baleful
Balefuller
Balefullest
Balefully
Balefulness
Balefulnesses
Baler
Balers
Balk
Balks
Balked
Balking
Balky
Balkier
Balkiest
Ball
Balls
Balled
Balling
Ballad
Ballads
Balladeer
Balladeers
Balladry
Balladries
Ballast
Ballasts
Ballasted
Ballasting
Ballcock
Ballcocks
Ballerina
Ballerinas
Ballet
Ballets
Balletic
Ballgame
Ballgames
Ballistic
Ballistics
Balloon
Balloons
Ballooned
Ballooning
Balloonist
Balloonists
Ballot
Ballots
Balloted
Balloting
Ballpark
Ballparks
Ballplayer
Ballplayers
Ballpoint
Ballpoints
Ballroom
Ballrooms
Ballsy
Ballsier
Ballsiest
Ballyhoo
Ballyhoos
Ballyhooed
Ballyhooing
Balm
Balms
Balminess
Balminesses
Balmy
Balmier
Balmiest
Baloney
Baloneys
Balsa
Balsas
Balsam
Balsams
Balsamic
Baluster
Balusters
Balustrade
Balustrades
Bamboo
Bamboos
Bamboozle
Bamboozled
Bamboozling
Bamboozles
Ban
Bans
Bani
Banned
Banning
Banal
Banaler
Banalest
Banality
Banalities
Banally
Banana
Bananas
Band
Bands
Banded
Banding
Bandage
Bandages
Bandaged
Bandaging
Bandana
Bandanas
Bandanna
Bandannas
Bandbox
Bandboxes
Bandeau
Bandeaux
Bandit
Bandits
Banditti
Banditry
Banditries
Bandmaster
Bandmasters
Bandoleer
Bandoleers
Bandolier
Bandoliers
Bandsman
Bandsmen
Bandstand
Bandstands
Bandwagon
Bandwagons
Bandy
Bandier
Bandiest
Bandies
Bandied
Bandying
Bane
Banes
Baneful
Banefuller
Banefullest
Bang
Bangs
Banged
Banging
Bangle
Bangles
Banish
Banished
Banishing
Banishes
Banishment
Banishments
Banister
Banisters
Banjo
Banjos
Banjoes
Banjoist
Banjoists
Bank
Banks
Banked
Banking
Bankable
Bankbook
Bankbooks
Bankcard
Bankcards
Banker
Bankers
Bankings
Banknote
Banknotes
Bankroll
Bankrolls
Bankrolled
Bankrolling
Bankrupt
Bankrupts
Bankrupted
Bankrupting
Bankruptcy
Bankruptcies
Banner
Banners
Bannister
Bannisters
Bannock
Bannocks
Banns
Banquet
Banquets
Banqueted
Banqueting
Banqueter
Banqueters
Banquette
Banquettes
Banshee
Banshees
Banshie
Banshies
Bantam
Bantams
Bantamweight
Bantamweights
Banter
Banters
Bantered
Bantering
Banteringly
Banyan
Banyans
Banzai
Banzais
Baobab
Baobabs
Baptism
Baptisms
Baptismal
Baptistery
Baptisteries
Baptistry
Baptistries
Baptize
Baptized
Baptizing
Baptizes
Baptizer
Baptizers
Bar
Bars
Barred
Barring
Barb
Barbs
Barbed
Barbing
Barbarian
Barbarians
Barbarianism
Barbarianisms
Barbaric
Barbarically
Barbarism
Barbarisms
Barbarity
Barbarities
Barbarize
Barbarized
Barbarizing
Barbarizes
Barbarous
Barbarously
Barbecue
Barbecues
Barbecued
Barbecuing
Barbel
Barbels
Barbell
Barbells
Barbeque
Barbeques
Barbequed
Barbequing
Barber
Barbers
Barbered
Barbering
Barberry
Barberries
Barbershop
Barbershops
Barbiturate
Barbiturates
Barbwire
Barbwires
Barcarole
Barcaroles
Barcarolle
Barcarolles
Bard
Bards
Barded
Barding
Bardic
Bare
Barer
Barest
Bared
Baring
Bares
Bareback
Barebacked
Barefaced
Barefacedly
Barefoot
Barefooted
Barehanded
Bareheaded
Barelegged
Barely
Bareness
Barenesses
Barf
Barfs
Barfed
Barfing
Barfly
Barflies
Bargain
Bargains
Bargained
Bargaining
Bargainer
Bargainers
Barge
Barges
Barged
Barging
Bargeman
Bargemen
Barhop
Barhopped
Barhopping
Barhops
Baritone
Baritones
Barium
Bariums
Bark
Barks
Barked
Barking
Barkeep
Barkeeps
Barkeeper
Barkeepers
Barker
Barkers
Barley
Barleys
Barmaid
Barmaids
Barman
Barmen
Barn
Barns
Barned
Barning
Barnacle
Barnacles
Barnacled
Barnstorm
Barnstormed
Barnstorming
Barnstorms
Barnstormer
Barnstormers
Barnyard
Barnyards
Barometer
Barometers
Barometric
Barometrically
Baron
Barons
Baronage
Baronages
Baroness
Baronesses
Baronet
Baronets
Baronetcy
Baronetcies
Baronial
Barony
Baronies
Baroque
Baroques
Barque
Barques
Barrack
Barracks
Barracked
Barracking
Barracuda
Barracudas
Barrage
Barrages
Barraged
Barraging
Barre
Barres
Barrel
Barrels
Barreled
Barrelled
Barreling
Barrelling
Barren
Barrener
Barrenest
Barrens
Barrenness
Barrennesses
Barrette
Barrettes
Barricade
Barricades
Barricaded
Barricading
Barrier
Barriers
Barrio
Barrios
Barrister
Barristers
Barroom
Barrooms
Barrow
Barrows
Bartender
Bartenders
Barter
Barters
Bartered
Bartering
Barterer
Barterers
Baryon
Baryons
Basal
Basally
Basalt
Basalts
Basaltic
Base
Baser
Basest
Bases
Based
Basing
Baseball
Baseballs
Baseboard
Baseboards
Baseless
Baseline
Baselines
Basely
Baseman
Basemen
Basement
Basements
Baseness
Basenesses
Bash
Bashes
Bashed
Bashing
Bashful
Bashfully
Bashfulness
Bashfulnesses
Bashings
Basic
Basics
Basically
Basil
Basils
Basilica
Basilicas
Basilisk
Basilisks
Basin
Basins
Basinful
Basinfuls
Basis
Bask
Basked
Basking
Basks
Basket
Baskets
Basketball
Basketballs
Basketry
Basketries
Basketwork
Basketworks
Bass
Basser
Bassest
Basses
Basset
Bassets
Basseted
Basseting
Bassinet
Bassinets
Bassist
Bassists
Basso
Bassos
Bassi
Bassoon
Bassoons
Bassoonist
Bassoonists
Basswood
Basswoods
Bast
Basts
Bastard
Bastards
Bastardization
Bastardizations
Bastardize
Bastardized
Bastardizing
Bastardizes
Bastardy
Bastardies
Baste
Bastes
Basted
Basting
Baster
Basters
Bastion
Bastions
Bat
Bats
Batted
Batting
Batch
Batches
Batched
Batching
Bate
Bates
Bated
Bating
Bath
Baths
Bathed
Bathing
Bathe
Bathes
Bather
Bathers
Bathetic
Bathhouse
Bathhouses
Bathings
Bathmat
Bathmats
Bathos
Bathoses
Bathrobe
Bathrobes
Bathroom
Bathrooms
Bathtub
Bathtubs
Bathyscaph
Bathyscaphs
Bathyscaphe
Bathyscaphes
Bathysphere
Bathyspheres
Batik
Batiks
Batiked
Batiking
Batiste
Batistes
Batman
Batmen
Baton
Batons
Batsman
Batsmen
Battalion
Battalions
Batten
Battens
Battened
Battening
Batter
Batters
Battered
Battering
Batterer
Batterers
Battery
Batteries
Battings
Battle
Battles
Battled
Battling
Battleax
Battleaxes
Battleaxe
Battledore
Battledores
Battledored
Battledoring
Battlefield
Battlefields
Battlefront
Battlefronts
Battleground
Battlegrounds
Battlement
Battlements
Battler
Battlers
Battleship
Battleships
Batty
Battier
Battiest
Bauble
Baubles
Baud
Bauds
Baulk
Baulks
Baulked
Baulking
Bauxite
Bauxites
Bawd
Bawds
Bawdily
Bawdiness
Bawdinesses
Bawdy
Bawdier
Bawdiest
Bawdies
Bawl
Bawls
Bawled
Bawling
Bay
Bays
Bayed
Baying
Bayberry
Bayberries
Bayonet
Bayonets
Bayoneted
Bayonetted
Bayoneting
Bayonetting
Bayou
Bayous
Bazaar
Bazaars
Bazooka
Bazookas
Was
@wast
Were
Been
Being
@art
Beach
Beaches
Beached
Beaching
Beachcomber
Beachcombers
Beachhead
Beachheads
Beachwear
Beachwears
Beacon
Beacons
Beaconed
Beaconing
Bead
Beads
Beaded
Beading
Beadings
Beadle
Beadles
Beady
Beadier
Beadiest
Beagle
Beagles
Beak
Beaks
Beaked
Beaker
Beakers
Beam
Beams
Beamed
Beaming
Bean
Beans
Beaned
Beaning
Beanbag
Beanbags
Beanie
Beanies
Beanpole
Beanpoles
Beanstalk
Beanstalks
Bear
Bears
Bore
Borne
Born
Bearing
Bearable
Bearably
Beard
Beards
Bearded
Bearding
Beardless
Bearer
Bearers
Bearings
Bearish
Bearishly
Bearishness
Bearishnesses
Bearlike
Bearskin
Bearskins
Beast
Beasts
Beastliness
Beastlinesses
Beastly
Beastlier
Beastliest
Beat
Beats
Beaten
Beating
Beatable
Beater
Beaters
Beatific
Beatifically
Beatification
Beatifications
Beatify
Beatified
Beatifying
Beatifies
Beatings
Beatitude
Beatitudes
Beatnik
Beatniks
Beau
Beaus
Beaux
Beaued
Beauing
Beaut
Beauts
Beauteous
Beauteously
Beautician
Beauticians
Beautification
Beautifications
Beautifier
Beautifiers
Beautiful
Beautifuler
Beautifulest
Beautifully
Beautify
Beautified
Beautifying
Beautifies
Beauty
Beauties
Beaver
Beavers
Beavered
Beavering
Bebop
Bebops
Becalm
Becalmed
Becalming
Becalms
Because
Beck
Becks
Becked
Becking
Beckon
Beckons
Beckoned
Beckoning
Becloud
Beclouded
Beclouding
Beclouds
Become
Became
Becoming
Becomes
Becomingly
Bed
Beds
Bedded
Bedding
Bedaub
Bedaubed
Bedaubing
Bedaubs
Bedazzle
Bedazzled
Bedazzling
Bedazzles
Bedazzlement
Bedazzlements
Bedbug
Bedbugs
Bedclothes
Beddings
Bedeck
Bedecked
Bedecking
Bedecks
Bedevil
Bedeviled
Bedevilled
Bedeviling
Bedevilling
Bedevils
Bedevilment
Bedevilments
Bedfellow
Bedfellows
Bedim
Bedimmed
Bedimming
Bedims
Bedizen
Bedizened
Bedizening
Bedizens
Bedlam
Bedlams
Bedpan
Bedpans
Bedpost
Bedposts
Bedraggle
Bedraggled
Bedraggling
Bedraggles
Bedridden
Bedrock
Bedrocks
Bedroll
Bedrolls
Bedroom
Bedrooms
Bedside
Bedsides
Bedsore
Bedsores
Bedspread
Bedspreads
Bedstead
Bedsteads
Bedtime
Bedtimes
Bee
Bees
Beebread
Beebreads
Beech
Beeches
Beechnut
Beechnuts
Beef
Beeves
Beefs
Beefed
Beefing
Beefburger
Beefburgers
Beefcake
Beefcakes
Beefiness
Beefinesses
Beefsteak
Beefsteaks
Beefy
Beefier
Beefiest
Beehive
Beehives
Beekeeper
Beekeepers
Beekeeping
Beekeepings
Beeline
Beelines
Beep
Beeps
Beeped
Beeping
Beeper
Beepers
Beer
Beers
Beery
Beerier
Beeriest
Beeswax
Beeswaxes
Beeswaxed
Beeswaxing
Beet
Beets
Beetle
Beetles
Beetled
Beetling
Befall
Befell
Befallen
Befalling
Befalls
Befit
Befitted
Befitting
Befits
Befittingly
Befog
Befogged
Befogging
Befogs
Before
Beforehand
Befoul
Befouled
Befouling
Befouls
Befriend
Befriended
Befriending
Befriends
Befuddle
Befuddled
Befuddling
Befuddles
Befuddlement
Befuddlements
Beg
Begs
Begged
Begging
Beget
Begot
@begat
Begotten
Begetting
Begets
Beggar
Beggars
Beggared
Beggaring
Beggarly
Beggary
Beggaries
Begin
Began
Begun
Beginning
Begins
Beginner
Beginners
Beginnings
Begone
Begonia
Begonias
Begrime
Begrimed
Begriming
Begrimes
Begrudge
Begrudged
Begrudging
Begrudges
Begrudgingly
Beguile
Beguiled
Beguiling
Beguiles
Beguilement
Beguilements
Beguiler
Beguilers
Beguilingly
Beguine
Beguines
Begum
Begums
Begummed
Begumming
Behalf
Behalves
Behave
Behaved
Behaving
Behaves
Behavior
Behaviors
Behavioral
Behaviorally
Behaviorism
Behaviorisms
Behaviorist
Behaviorists
Behaviour
Behaviours
Behead
Beheaded
Beheading
Beheads
Behemoth
Behemoths
Behest
Behests
Behind
Behinds
Behindhand
Behold
Beheld
Beholding
Beholds
Beholden
Beholder
Beholders
Behoove
Behooved
Behooving
Behooves
Beige
Beiges
Beings
Bejewel
Bejewelled
Bejeweled
Bejewelling
Bejeweling
Bejewels
Belabor
Belabored
Belaboring
Belabors
Belabour
Belaboured
Belabouring
Belabours
Belated
Belatedly
Belay
Belays
Belayed
Belaying
Belch
Belches
Belched
Belching
Beleaguer
Beleaguered
Beleaguering
Beleaguers
Belfry
Belfries
Belie
Belied
Belying
Belies
Belief
Beliefs
Believable
Believably
Believe
Believed
Believing
Believes
Believer
Believers
Belittle
Belittled
Belittling
Belittles
Belittlement
Belittlements
Bell
Bells
Belled
Belling
Belladonna
Belladonnas
Bellboy
Bellboys
Belle
Belles
Belletrist
Belletrists
Belletristic
Bellhop
Bellhops
Bellicose
Bellicosity
Bellicosities
Belligerence
Belligerences
Belligerency
Belligerencies
Belligerent
Belligerents
Belligerently
Bellman
Bellmen
Bellow
Bellows
Bellowed
Bellowing
Bellwether
Bellwethers
Belly
Bellies
Bellied
Bellying
Bellyache
Bellyaches
Bellyached
Bellyaching
Bellybutton
Bellybuttons
Bellyful
Bellyfuls
Belong
Belonged
Belonging
Belongs
Belongings
Beloved
Beloveds
Below
Belt
Belts
Belted
Belting
Beltway
Beltways
Beluga
Belugas
Bemire
Bemired
Bemiring
Bemires
Bemoan
Bemoaned
Bemoaning
Bemoans
Bemuse
Bemused
Bemusing
Bemuses
Bemusedly
Bemusement
Bemusements
Bench
Benches
Benched
Benching
Benchmark
Benchmarks
Benchmarked
Benchmarking
Bend
Bends
Bent
Bending
Bendable
Bender
Benders
Beneath
Benediction
Benedictions
Benedictory
Benefaction
Benefactions
Benefactor
Benefactors
Benefactress
Benefactresses
Benefice
Benefices
Beneficed
Beneficing
Beneficence
Beneficences
Beneficent
Beneficently
Beneficial
Beneficially
Beneficiary
Beneficiaries
Benefit
Benefits
Benefited
Benefitted
Benefiting
Benefitting
Benevolence
Benevolences
Benevolent
Benevolently
Benighted
Benightedly
Benign
Benigner
Benignest
Benignant
Benignity
Benignities
Benignly
Bents
Bentwood
Bentwoods
Benumb
Benumbed
Benumbing
Benumbs
Benzene
Benzenes
Benzine
Benzines
Bequeath
Bequeathed
Bequeathing
Bequeaths
Bequest
Bequests
Berate
Berated
Berating
Berates
Bereave
Bereaved
Bereft
Bereaving
Bereaves
Bereavement
Bereavements
Beret
Berets
Berg
Bergs
Beriberi
Beriberis
Berkelium
Berkeliums
Berm
Berms
Berry
Berries
Berried
Berrying
Berrylike
Berserk
Berserks
Berth
Berths
Berthed
Berthing
Beryl
Beryls
Beryllium
Berylliums
Beseech
Besought
Beseeched
Beseeching
Beseeches
Beseecher
Beseechers
Beseechingly
Beseem
Beseemed
Beseeming
Beseems
Beset
Besetting
Besets
Beside
Besides
Besiege
Besieged
Besieging
Besieges
Besieger
Besiegers
Besmear
Besmeared
Besmearing
Besmears
Besmirch
Besmirched
Besmirching
Besmirches
Besom
Besoms
Besot
Besotted
Besotting
Besots
Bespangle
Bespangled
Bespangling
Bespangles
Bespatter
Bespattered
Bespattering
Bespatters
Bespeak
Bespoke
Bespoken
Bespeaking
Bespeaks
Bespectacled
Best
Bests
Bested
Besting
Bestial
Bestiality
Bestialities
Bestially
Bestiary
Bestiaries
Bestir
Bestirred
Bestirring
Bestirs
Bestow
Bestowed
Bestowing
Bestows
Bestowal
Bestowals
Bestrew
Bestrewed
Bestrewn
Bestrewing
Bestrews
Bestride
Bestrode
Bestrid
Bestridden
Bestriding
Bestrides
Bestseller
Bestsellers
Bet
Bets
Betted
Betting
Beta
Betas
Betake
Betook
Betaken
Betaking
Betakes
Betcha
Betel
Betels
Bethink
Bethought
Bethinking
Bethinks
Betide
Betided
Betiding
Betides
Betimes
Betoken
Betokened
Betokening
Betokens
Betray
Betrayed
Betraying
Betrays
Betrayal
Betrayals
Betrayer
Betrayers
Betroth
Betrothed
Betrothing
Betroths
Betrothal
Betrothals
Betrotheds
Better
Betters
Bettered
Bettering
Betterment
Betterments
Bettor
Bettors
Between
Betweens
Betwixt
Bevel
Bevels
Beveled
Bevelled
Beveling
Bevelling
Beverage
Beverages
Bevy
Bevies
Bewail
Bewailed
Bewailing
Bewails
Beware
Bewared
Bewaring
Bewares
Bewhiskered
Bewigged
Bewilder
Bewildered
Bewildering
Bewilders
Bewilderingly
Bewilderment
Bewilderments
Bewitch
Bewitched
Bewitching
Bewitches
Bewitchingly
Bewitchment
Bewitchments
Bey
Beys
Beyond
Bezel
Bezels
Bis
Biannual
Biannually
Bias
Biases
Biased
Biassed
Biasing
Biassing
Biasses
Biathlon
Biathlons
Bib
Bibs
Bibbed
Bibbing
Bible
Bibles
Biblical
Bibliographer
Bibliographers
Bibliographic
Bibliographical
Bibliographically
Bibliography
Bibliographies
Bibliophile
Bibliophiles
Bibulous
Bicameral
Bicameralism
Bicameralisms
Bicarb
Bicarbs
Bicarbonate
Bicarbonates
Bicentenary
Bicentenaries
Bicentennial
Bicentennials
Bicep
Biceps
Bicepses
Bicker
Bickers
Bickered
Bickering
Bickerer
Bickerers
Biconcave
Biconvex
Bicuspid
Bicuspids
Bicycle
Bicycles
Bicycled
Bicycling
Bicycler
Bicyclers
Bicyclist
Bicyclists
Bid
Bids
Bade
Bidden
Bidding
Biddable
Bidder
Bidders
Biddings
Biddy
Biddies
Bide
Bode
Bided
Biding
Bides
Bidet
Bidets
Bidirectional
Bidirectionally
Biennial
Biennials
Biennially
Biennium
Bienniums
Biennia
Bier
Biers
Bifocal
Bifocals
Bifurcate
Bifurcated
Bifurcating
Bifurcates
Bifurcation
Bifurcations
Big
Bigger
Biggest
Bigged
Bigging
Bigs
Bigamist
Bigamists
Bigamous
Bigamy
Bigamies
Biggie
Biggies
Biggish
Bighead
Bigheads
Bighearted
Bigheartedness
Bigheartednesses
Bighorn
Bighorns
Bight
Bights
Bighted
Bighting
Bigmouth
Bigmouths
Bigness
Bignesses
Bigot
Bigots
Bigoted
Bigotry
Bigotries
Bigwig
Bigwigs
Bijou
Bijoux
Bike
Bikes
Biked
Biking
Biker
Bikers
Bikini
Bikinis
Bilabial
Bilabials
Bilateral
Bilaterally
Bile
Biles
Bilge
Bilges
Bilged
Bilging
Bilingual
Bilinguals
Bilingualism
Bilingualisms
Bilingually
Bilious
Biliousness
Biliousnesses
Bilk
Bilks
Bilked
Bilking
Bilker
Bilkers
Bill
Bills
Billed
Billing
Billable
Billboard
Billboards
Billboarded
Billboarding
Billet
Billets
Billeted
Billeting
Billfold
Billfolds
Billiard
Billiards
Billings
Billingsgate
Billingsgates
Billion
Billions
Billionaire
Billionaires
Billionth
Billionths
Billow
Billows
Billowed
Billowing
Billowy
Billowier
Billowiest
Billy
Billies
Bimbo
Bimbos
Bimboes
Bimetallic
Bimetallics
Bimetallism
Bimetallisms
Bimonthly
Bimonthlies
Bin
Bins
Binned
Binning
Binary
Binaries
Bind
Binds
Bound
Binding
Binder
Binders
Bindery
Binderies
Bindings
Bindweed
Bindweeds
Binge
Binges
Binged
Binging
Bingeing
Bingo
Bingos
Binnacle
Binnacles
Binocular
Binoculars
Binomial
Binomials
Bio
Bios
Biochemical
Biochemicals
Biochemically
Biochemist
Biochemists
Biochemistry
Biochemistries
Biodegradability
Biodegradabilities
Biodegradable
Biodegrade
Biodegraded
Biodegrading
Biodegrades
Biodiversity
Biodiversities
Bioethics
Biofeedback
Biofeedbacks
Biographer
Biographers
Biographic
Biographical
Biographically
Biography
Biographies
Biologic
Biologics
Biological
Biologicals
Biologically
Biologist
Biologists
Biology
Biologies
Biomass
Biomasses
Bionic
Bionically
Bionics
Biophysical
Biophysicist
Biophysicists
Biophysics
Biopic
Biopics
Biopsy
Biopsies
Biopsied
Biopsying
Biorhythm
Biorhythms
Biosphere
Biospheres
Biotechnological
Biotechnology
Biotechnologies
Biotin
Biotins
Bipartisan
Bipartisanship
Bipartisanships
Bipartite
Biped
Bipeds
Bipedal
Biplane
Biplanes
Bipolar
Bipolarity
Bipolarities
Biracial
Birch
Birches
Birched
Birching
Bird
Birds
Birded
Birding
Birdbath
Birdbaths
Birdbrain
Birdbrains
Birdbrained
Birder
Birders
Birdhouse
Birdhouses
Birdie
Birdies
Birdied
Birdieing
Birdlime
Birdlimes
Birdlimed
Birdliming
Birdseed
Birdseeds
Birdwatcher
Birdwatchers
Biretta
Birettas
Birth
Births
Birthed
Birthing
Birthday
Birthdays
Birthmark
Birthmarks
Birthplace
Birthplaces
Birthrate
Birthrates
Birthright
Birthrights
Birthstone
Birthstones
Biscuit
Biscuits
Bisect
Bisected
Bisecting
Bisects
Bisection
Bisections
Bisector
Bisectors
Bisexual
Bisexuals
Bisexuality
Bisexualities
Bisexually
Bishop
Bishops
Bishoped
Bishoping
Bishopric
Bishoprics
Bismuth
Bismuths
Bison
Bisons
Bisque
Bisques
Bistro
Bistros
Bit
Bits
Bitted
Bitting
Bitch
Bitches
Bitched
Bitching
Bitchily
Bitchiness
Bitchinesses
Bitchy
Bitchier
Bitchiest
Bite
Bites
Bitten
Biting
Biter
Biters
Bitingly
Bitter
Bitterer
Bitterest
Bitters
Bittered
Bittering
Bitterly
Bittern
Bitterns
Bitterness
Bitternesses
Bittersweet
Bittersweets
Bitty
Bittier
Bittiest
Bitumen
Bitumens
Bituminous
Bivalent
Bivalents
Bivalve
Bivalves
Bivouac
Bivouacs
Bivouacked
Bivouacking
Biweekly
Biweeklies
Biyearly
Biz
Bizzes
Bizarre
Bizarrely
Blab
Blabs
Blabbed
Blabbing
Blabber
Blabbers
Blabbered
Blabbering
Blabbermouth
Blabbermouths
Black
Blacker
Blackest
Blacks
Blacked
Blacking
Blackamoor
Blackamoors
Blackball
Blackballs
Blackballed
Blackballing
Blackberry
Blackberries
Blackbird
Blackbirds
Blackbirded
Blackbirding
Blackboard
Blackboards
Blacken
Blackened
Blackening
Blackens
Blackguard
Blackguards
Blackguarded
Blackguarding
Blackhead
Blackheads
Blackings
Blackish
Blackjack
Blackjacks
Blackjacked
Blackjacking
Blacklist
Blacklists
Blacklisted
Blacklisting
Blackly
Blackmail
Blackmails
Blackmailed
Blackmailing
Blackmailer
Blackmailers
Blackness
Blacknesses
Blackout
Blackouts
Blacksmith
Blacksmiths
Blacksnake
Blacksnakes
Blackthorn
Blackthorns
Blacktop
Blacktops
Blacktopped
Blacktopping
Bladder
Bladders
Blade
Blades
Bladed
Blah
Blahs
Blamable
Blame
Blames
Blamed
Blaming
Blameable
Blameless
Blamelessly
Blamelessness
Blamelessnesses
Blameworthiness
Blameworthinesses
Blameworthy
Blameworthier
Blameworthiest
Blanch
Blanched
Blanching
Blanches
Blancmange
Blancmanges
Bland
Blander
Blandest
Blandish
Blandished
Blandishing
Blandishes
Blandishment
Blandishments
Blandly
Blandness
Blandnesses
Blank
Blanker
Blankest
Blanks
Blanked
Blanking
Blanket
Blankets
Blanketed
Blanketing
Blankly
Blankness
Blanknesses
Blare
Blares
Blared
Blaring
Blarney
Blarneys
Blarneyed
Blarneying
Blase
Blaspheme
Blasphemed
Blaspheming
Blasphemes
Blasphemer
Blasphemers
Blasphemous
Blasphemously
Blasphemy
Blasphemies
Blast
Blasts
Blasted
Blasting
Blaster
Blasters
Blastoff
Blastoffs
Blatancy
Blatancies
Blatant
Blatantly
Blather
Blathers
Blathered
Blathering
Blaze
Blazes
Blazed
Blazing
Blazer
Blazers
Blazon
Blazons
Blazoned
Blazoning
Bleach
Bleaches
Bleached
Bleaching
Bleacher
Bleachers
Bleak
Bleaker
Bleakest
Bleaks
Bleakly
Bleakness
Bleaknesses
Blear
Blearer
Blearest
Bleared
Blearing
Blears
Blearily
Bleariness
Blearinesses
Bleary
Blearier
Bleariest
Bleat
Bleats
Bleated
Bleating
Bleed
Bleeds
Bled
Bleeding
Bleeder
Bleeders
Bleedings
Bleep
Bleeps
Bleeped
Bleeping
Bleeper
Bleepers
Blemish
Blemishes
Blemished
Blemishing
Blench
Blenched
Blenching
Blenches
Blend
Blends
Blended
Blent
Blending
Blender
Blenders
Bless
Blessed
Blest
Blessing
Blesses
Blesseder
Blessedest
Blessedly
Blessedness
Blessednesses
Blessings
Blight
Blights
Blighted
Blighting
Blimey
Blimp
Blimps
Blind
Blinder
Blindest
Blinds
Blinded
Blinding
Blinders
Blindfold
Blindfolds
Blindfolded
Blindfolding
Blindings
Blindingly
Blindly
Blindness
Blindnesses
Blindside
Blindsided
Blindsiding
Blindsides
Blini
Blinis
Blink
Blinks
Blinked
Blinking
Blinker
Blinkers
Blinkered
Blinkering
Blintz
Blintzes
Blintze
Blip
Blips
Blipped
Blipping
Bliss
Blisses
Blissful
Blissfully
Blissfulness
Blissfulnesses
Blister
Blisters
Blistered
Blistering
Blisteringly
Blistery
Blithe
Blither
Blithest
Blithely
Blitheness
Blithenesses
Blithering
Blithesome
Blitz
Blitzes
Blitzed
Blitzing
Blitzkrieg
Blitzkriegs
Blitzkrieged
Blitzkrieging
Blizzard
Blizzards
Bloat
Bloats
Bloated
Bloating
Blob
Blobs
Blobbed
Blobbing
Bloc
Blocs
Block
Blocks
Blocked
Blocking
Blockade
Blockades
Blockaded
Blockading
Blockader
Blockaders
Blockage
Blockages
Blockbuster
Blockbusters
Blockbusting
Blockbustings
Blocker
Blockers
Blockhead
Blockheads
Blockhouse
Blockhouses
Bloke
Blokes
Blond
Blonder
Blondest
Blonds
Blonde
Blondes
Blondish
Blondness
Blondnesses
Blood
Bloods
Blooded
Blooding
Bloodbath
Bloodbaths
Bloodcurdling
Bloodhound
Bloodhounds
Bloodiness
Bloodinesses
Bloodless
Bloodlessly
Bloodlessness
Bloodlessnesses
Bloodletting
Bloodlettings
Bloodline
Bloodlines
Bloodmobile
Bloodmobiles
Bloodshed
Bloodsheds
Bloodshot
Bloodstain
Bloodstains
Bloodstained
Bloodstock
Bloodstocks
Bloodstream
Bloodstreams
Bloodsucker
Bloodsuckers
Bloodsucking
Bloodthirstily
Bloodthirstiness
Bloodthirstinesses
Bloodthirsty
Bloodthirstier
Bloodthirstiest
Bloody
Bloodier
Bloodiest
Bloodied
Bloodying
Bloodies
Bloom
Blooms
Bloomed
Blooming
Bloomer
Bloomers
Bloop
Bloops
Blooped
Blooping
Blooper
Bloopers
Blossom
Blossoms
Blossomed
Blossoming
Blossomy
Blot
Blots
Blotted
Blotting
Blotch
Blotches
Blotched
Blotching
Blotchy
Blotchier
Blotchiest
Blotter
Blotters
Blotto
Blouse
Blouses
Bloused
Blousing
Blow
Blows
Blew
Blowed
Blown
Blowing
Blower
Blowers
Blowfly
Blowflies
Blowgun
Blowguns
Blowhard
Blowhards
Blowout
Blowouts
Blowpipe
Blowpipes
Blowsy
Blowsier
Blowsiest
Blowtorch
Blowtorches
Blowtorched
Blowtorching
Blowup
Blowups
Blowy
Blowier
Blowiest
Blowzy
Blowzier
Blowziest
Blubber
Blubbers
Blubbered
Blubbering
Blubbery
Bludgeon
Bludgeons
Bludgeoned
Bludgeoning
Blue
Bluer
Bluest
Blues
Blued
Bluing
Blueing
Bluebell
Bluebells
Blueberry
Blueberries
Bluebird
Bluebirds
Bluebonnet
Bluebonnets
Bluebottle
Bluebottles
Bluefish
Bluefishes
Bluegill
Bluegills
Bluegrass
Bluegrasses
Blueings
Blueish
Bluejacket
Bluejackets
Bluejay
Bluejays
Bluejeans
Blueness
Bluenesses
Bluenose
Bluenoses
Bluepoint
Bluepoints
Blueprint
Blueprints
Blueprinted
Blueprinting
Bluestocking
Bluestockings
Bluesy
Bluesier
Bluesiest
Bluet
Bluets
Bluff
Bluffer
Bluffest
Bluffs
Bluffed
Bluffing
Bluffers
Bluffly
Bluffness
Bluffnesses
Bluings
Bluish
Blunder
Blunders
Blundered
Blundering
Blunderbuss
Blunderbusses
Blunderer
Blunderers
Blunt
Blunter
Bluntest
Blunted
Blunting
Blunts
Bluntly
Bluntness
Bluntnesses
Blur
Blurs
Blurred
Blurring
Blurb
Blurbs
Blurbed
Blurbing
Blurriness
Blurrinesses
Blurry
Blurrier
Blurriest
Blurt
Blurted
Blurting
Blurts
Blush
Blushes
Blushed
Blushing
Blusher
Blushers
Bluster
Blusters
Blustered
Blustering
Blusterer
Blusterers
Blusterous
Blustery
Blusterier
Blusteriest
Boa
Boas
Boar
Boars
Board
Boards
Boarded
Boarding
Boarder
Boarders
Boardings
Boardinghouse
Boardinghouses
Boardroom
Boardrooms
Boardwalk
Boardwalks
Boast
Boasts
Boasted
Boasting
Boaster
Boasters
Boastful
Boastfully
Boastfulness
Boastfulnesses
Boat
Boats
Boated
Boating
Boater
Boaters
Boathouse
Boathouses
Boatings
Boatman
Boatmen
Boatswain
Boatswains
Bob
Bobs
Bobbed
Bobbing
Bobbin
Bobbins
Bobble
Bobbles
Bobbled
Bobbling
Bobby
Bobbies
Bobbysoxer
Bobbysoxers
Bobcat
Bobcats
Bobolink
Bobolinks
Bobsled
Bobsleds
Bobsledded
Bobsledding
Bobsledder
Bobsledders
Bobsleigh
Bobsleighs
Bobsleighed
Bobsleighing
Bobtail
Bobtails
Bobtailed
Bobtailing
Bobwhite
Bobwhites
Bocce
Bocces
Bocci
Boccis
Boccie
Boccies
Bock
Bocks
Bod
Bods
Bodacious
Boded
Boding
Bodes
Bodega
Bodegas
Bodice
Bodices
Bodied
Bodily
Bodkin
Bodkins
Body
Bodies
Bodying
Bodybuilder
Bodybuilders
Bodybuilding
Bodybuildings
Bodyguard
Bodyguards
Bodysuit
Bodysuits
Bodywork
Bodyworks
Boffo
Bog
Bogs
Bogged
Bogging
Bogey
Bogeys
Bogeyed
Bogied
Bogeying
Bogeyman
Bogeymen
Boggle
Boggled
Boggling
Boggles
Boggy
Boggier
Boggiest
Bogie
Bogies
Bogieing
Bogus
Bogy
Bogyman
Bogymen
Bohemian
Bohemians
Bohemianism
Bohemianisms
Boil
Boils
Boiled
Boiling
Boiler
Boilers
Boilermaker
Boilermakers
Boilerplate
Boilerplates
Boisterous
Boisterously
Boisterousness
Boisterousnesses
Bola
Bolas
Bold
Bolder
Boldest
Boldface
Boldfaces
Boldfaced
Boldfacing
Boldly
Boldness
Boldnesses
Bole
Boles
Bolero
Boleros
Bolivar
Bolivars
Bolivares
Boll
Bolls
Bollix
Bollixes
Bollixed
Bollixing
Bologna
Bolognas
Boloney
Boloneys
Bolshevik
Bolsheviks
Bolsheviki
Bolster
Bolsters
Bolstered
Bolstering
Bolt
Bolts
Bolted
Bolting
Bolus
Boluses
Bomb
Bombs
Bombed
Bombing
Bombard
Bombards
Bombarded
Bombarding
Bombardier
Bombardiers
Bombardment
Bombardments
Bombast
Bombasts
Bombastic
Bombastically
Bomber
Bombers
Bombproof
Bombproofed
Bombproofing
Bombproofs
Bombshell
Bombshells
Bonanza
Bonanzas
Bonbon
Bonbons
Bond
Bonds
Bonded
Bonding
Bondage
Bondages
Bondholder
Bondholders
Bondings
Bondman
Bondmen
Bondsman
Bondsmen
Bondwoman
Bondwomen
Bone
Bones
Boned
Boning
Bonehead
Boneheads
Boneheaded
Boneless
Boner
Boners
Boney
Bonier
Boneyer
Boniest
Boneyest
Bonfire
Bonfires
Bong
Bongs
Bonged
Bonging
Bongo
Bongos
Bongoes
Bonhomie
Bonhomies
Boniness
Boninesses
Bonito
Bonitos
Bonitoes
Bonkers
Bonnet
Bonnets
Bonneted
Bonneting
Bonnie
Bonnier
Bonniest
Bonnies
Bonny
Bonsai
Bonsais
Bonus
Bonuses
Bony
Boo
Boos
Booed
Booing
Boob
Boobs
Boobed
Boobing
Booboo
Booboos
Booby
Boobies
Boodle
Boodles
Boodled
Boodling
Boogeyman
Boogeymen
Boogie
Boogies
Boogied
Boogieing
Boogying
Boogieman
Boogiemen
Boohoo
Boohoos
Boohooed
Boohooing
Book
Books
Booked
Booking
Bookbinder
Bookbinders
Bookbindery
Bookbinderies
Bookbinding
Bookbindings
Bookcase
Bookcases
Bookend
Bookends
Bookended
Bookending
Bookie
Bookies
Bookings
Bookish
Bookkeeper
Bookkeepers
Bookkeeping
Bookkeepings
Booklet
Booklets
Bookmaker
Bookmakers
Bookmaking
Bookmakings
Bookmark
Bookmarks
Bookmarked
Bookmarking
Bookmobile
Bookmobiles
Bookplate
Bookplates
Bookseller
Booksellers
Bookshelf
Bookshelves
Bookshop
Bookshops
Bookstore
Bookstores
Bookworm
Bookworms
Boom
Booms
Boomed
Booming
Boombox
Boomboxes
Boomerang
Boomerangs
Boomeranged
Boomeranging
Boon
Boons
Boondocks
Boondoggle
Boondoggles
Boondoggled
Boondoggling
Boondoggler
Boondogglers
Boonies
Boor
Boors
Boorish
Boorishly
Boorishness
Boorishnesses
Boost
Boosts
Boosted
Boosting
Booster
Boosters
Boot
Boots
Booted
Booting
Bootblack
Bootblacks
Bootee
Bootees
Booth
Booths
Bootie
Booties
Bootleg
Bootlegs
Bootlegged
Bootlegging
Bootlegger
Bootleggers
Bootleggings
Bootless
Bootstrap
Bootstraps
Bootstrapped
Bootstrapping
Booty
Booze
Boozes
Boozed
Boozing
Boozer
Boozers
Boozy
Boozier
Booziest
Bop
Bops
Bopped
Bopping
Borax
Boraxes
Boraces
Bordello
Bordellos
Border
Borders
Bordered
Bordering
Borderland
Borderlands
Borderline
Borderlines
Bores
Bored
Boring
Boredom
Boredoms
Borer
Borers
Borings
Boron
Borons
Borough
Boroughs
Borrow
Borrowed
Borrowing
Borrows
Borrower
Borrowers
Borrowings
Borsch
Borsches
Borscht
Borschts
Borzoi
Borzois
Bosh
Boshes
Bosom
Bosoms
Bosomed
Bosoming
Bosomy
Bosomier
Bosomiest
Boss
Bosser
Bossest
Bosses
Bossed
Bossing
Bossily
Bossiness
Bossinesses
Bossism
Bossisms
Bossy
Bossier
Bossiest
Bossies
Bosun
Bosuns
Botanic
Botanical
Botanicals
Botanically
Botanist
Botanists
Botany
Botanies
Botch
Botches
Botched
Botching
Botcher
Botchers
Both
Bother
Bothers
Bothered
Bothering
Bothersome
Bottle
Bottles
Bottled
Bottling
Bottleneck
Bottlenecks
Bottlenecked
Bottlenecking
Bottler
Bottlers
Bottom
Bottoms
Bottomed
Bottoming
Bottomless
Botulism
Botulisms
Boudoir
Boudoirs
Bouffant
Bouffants
Bougainvillea
Bougainvilleas
Bough
Boughs
Bouillabaisse
Bouillabaisses
Bouillon
Bouillons
Boulder
Boulders
Boulevard
Boulevards
Bounce
Bounces
Bounced
Bouncing
Bouncer
Bouncers
Bouncily
Bounciness
Bouncinesses
Bouncy
Bouncier
Bounciest
Bounds
Bounded
Bounding
Boundary
Boundaries
Bounden
Bounder
Bounders
Boundless
Boundlessly
Boundlessness
Boundlessnesses
Bounteous
Bounteously
Bounteousness
Bounteousnesses
Bountiful
Bountifully
Bountifulness
Bountifulnesses
Bounty
Bounties
Bouquet
Bouquets
Bourbon
Bourbons
Bourgeois
Bourgeoisie
Bourgeoisies
Bout
Bouts
Boutique
Boutiques
Boutonniere
Boutonnieres
Bouzouki
Bouzoukis
Bouzoukia
Bovine
Bovines
Bow
Bows
Bowed
Bowing
Bowdlerization
Bowdlerizations
Bowdlerize
Bowdlerized
Bowdlerizing
Bowdlerizes
Bowel
Bowels
Boweled
Bowelled
Boweling
Bowelling
Bower
Bowers
Bowered
Bowering
Bowl
Bowls
Bowled
Bowling
Bowlder
Bowlders
Bowleg
Bowlegs
Bowlegged
Bowler
Bowlers
Bowlful
Bowlfuls
Bowline
Bowlines
Bowlings
Bowman
Bowmen
Bowsprit
Bowsprits
Bowstring
Bowstrings
Bowstringed
Bowstrung
Bowstringing
Bowwow
Bowwows
Box
Boxes
Boxed
Boxing
Boxcar
Boxcars
Boxer
Boxers
Boxings
Boxlike
Boxwood
Boxwoods
Boxy
Boxier
Boxiest
Boy
Boys
Boycott
Boycotts
Boycotted
Boycotting
Boyfriend
Boyfriends
Boyhood
Boyhoods
Boyish
Boyishly
Boyishness
Boyishnesses
Boysenberry
Boysenberries
Bozo
Bozos
Bra
Bras
Brace
Braces
Braced
Bracing
Bracelet
Bracelets
Bracer
Bracers
Bracero
Braceros
Bracings
Bracken
Brackens
Bracket
Brackets
Bracketed
Bracketing
Brackish
Brackishness
Brackishnesses
Bract
Bracts
Brad
Brads
Bradded
Bradding
Brae
Braes
Brag
Bragger
Braggest
Brags
Bragged
Bragging
Braggadocio
Braggadocios
Braggart
Braggarts
Braggers
Braid
Braids
Braided
Braiding
Braidings
Braille
Brailles
Brailled
Brailling
Brain
Brains
Brained
Braining
Brainchild
Brainchildren
Braininess
Braininesses
Brainless
Brainlessly
Brainstorm
Brainstorms
Brainstormed
Brainstorming
Brainstormings
Brainteaser
Brainteasers
Brainwash
Brainwashed
Brainwashing
Brainwashes
Brainwashings
Brainy
Brainier
Brainiest
Braise
Braised
Braising
Braises
Brake
Brakes
Braked
Braking
Brakeman
Brakemen
Bramble
Brambles
Brambled
Brambling
Brambly
Bramblier
Brambliest
Bran
Brans
Branned
Branning
Branch
Branches
Branched
Branching
Branchlike
Brand
Brands
Branded
Branding
Brander
Branders
Brandered
Brandering
Brandish
Brandishes
Brandished
Brandishing
Brandy
Brandies
Brandied
Brandying
Brash
Brasher
Brashest
Brashes
Brashly
Brashness
Brashnesses
Brass
Brasses
Brasserie
Brasseries
Brassiere
Brassieres
Brassily
Brassiness
Brassinesses
Brassy
Brassier
Brassiest
Brassies
Brat
Brats
Bratty
Brattier
Brattiest
Bratwurst
Bratwursts
Bravado
Bravadoes
Bravados
Brave
Braver
Bravest
Braves
Braved
Braving
Bravely
Braveness
Bravenesses
Bravery
Braveries
Bravo
Bravos
Bravoes
Bravi
Bravoed
Bravoing
Bravura
Bravuras
Bravure
Brawl
Brawls
Brawled
Brawling
Brawler
Brawlers
Brawn
Brawns
Brawniness
Brawninesses
Brawny
Brawnier
Brawniest
Bray
Brays
Brayed
Braying
Braze
Brazed
Brazing
Brazes
Brazen
Brazened
Brazening
Brazens
Brazenly
Brazenness
Brazennesses
Brazer
Brazers
Brazier
Braziers
Breach
Breaches
Breached
Breaching
Bread
Breads
Breaded
Breading
Breadbasket
Breadbaskets
Breadboard
Breadboards
Breadboarded
Breadboarding
Breadbox
Breadboxes
Breadcrumb
Breadcrumbs
Breadfruit
Breadfruits
Breadline
Breadlines
Breadth
Breadths
Breadwinner
Breadwinners
Break
Breaks
Broke
Broken
Breaking
Breakable
Breakables
Breakage
Breakages
Breakaway
Breakaways
Breakdown
Breakdowns
Breaker
Breakers
Breakeven
Breakevens
Breakfast
Breakfasts
Breakfasted
Breakfasting
Breakfront
Breakfronts
Breakneck
Breakout
Breakouts
Breakthrough
Breakthroughs
Breakup
Breakups
Breakwater
Breakwaters
Bream
Breams
Breamed
Breaming
Breast
Breasts
Breasted
Breasting
Breastbone
Breastbones
Breastplate
Breastplates
Breaststroke
Breaststrokes
Breastwork
Breastworks
Breath
Breaths
Breathable
Breathalyze
Breathalyzed
Breathalyzing
Breathalyzes
Breathe
Breathed
Breathing
Breathes
Breather
Breathers
Breathings
Breathless
Breathlessly
Breathlessness
Breathlessnesses
Breathtaking
Breathtakingly
Breathy
Breathier
Breathiest
Breech
Breeches
Breeched
Breeching
Breed
Breeds
Bred
Breeding
Breeder
Breeders
Breedings
Breeze
Breezes
Breezed
Breezing
Breezeway
Breezeways
Breezily
Breeziness
Breezinesses
Breezy
Breezier
Breeziest
Breve
Breves
Brevet
Brevets
Brevetted
Breveted
Brevetting
Breveting
Breviary
Breviaries
Brevity
Brevities
Brew
Brews
Brewed
Brewing
Brewer
Brewers
Brewery
Breweries
Brewpub
Brewpubs
Briar
Briars
Bribe
Bribes
Bribed
Bribing
Briber
Bribers
Bribery
Briberies
Brick
Bricks
Bricked
Bricking
Brickbat
Brickbats
Bricklayer
Bricklayers
Bricklaying
Bricklayings
Brickwork
Brickworks
Bridal
Bridals
Bride
Brides
Bridegroom
Bridegrooms
Bridesmaid
Bridesmaids
Bridge
Bridges
Bridged
Bridging
Bridgeable
Bridgehead
Bridgeheads
Bridgework
Bridgeworks
Bridle
Bridles
Bridled
Bridling
Brie
Bries
Brief
Briefer
Briefest
Briefs
Briefed
Briefing
Briefcase
Briefcases
Briefings
Briefly
Briefness
Briefnesses
Brier
Briers
Brig
Brigs
Brigade
Brigades
Brigaded
Brigading
Brigadier
Brigadiers
Brigand
Brigands
Brigandage
Brigandages
Brigantine
Brigantines
Bright
Brighter
Brightest
Brighten
Brightened
Brightening
Brightens
Brightener
Brighteners
Brightly
Brights
Brightness
Brightnesses
Brilliance
Brilliances
Brilliancy
Brilliancies
Brilliant
Brilliants
Brilliantine
Brilliantines
Brilliantly
Brim
Brims
Brimmed
Brimming
Brimful
Brimfull
Brimless
Brimstone
Brimstones
Brindle
Brindles
Brindled
Brine
Brines
Brined
Brining
Bring
Brought
Bringing
Brings
Bringer
Bringers
Brininess
Brininesses
Brink
Brinks
Brinkmanship
Brinkmanships
Brinksmanship
Brinksmanships
Briny
Brinier
Briniest
Brinies
Brioche
Brioches
Briquet
Briquets
Briquetted
Briquetting
Briquette
Briquettes
Brisk
Brisker
Briskest
Brisked
Brisking
Brisks
Brisket
Briskets
Briskly
Briskness
Brisknesses
Bristle
Bristles
Bristled
Bristling
Bristly
Bristlier
Bristliest
Britches
Brittle
Brittler
Brittlest
Brittles
Brittled
Brittling
Brittleness
Brittlenesses
Bro
Bros
Broach
Broaches
Broached
Broaching
Broad
Broader
Broadest
Broads
Broadband
Broadbands
Broadcast
Broadcasts
Broadcasted
Broadcasting
Broadcaster
Broadcasters
Broadcastings
Broadcloth
Broadcloths
Broaden
Broadened
Broadening
Broadens
Broadloom
Broadlooms
Broadly
Broadminded
Broadness
Broadnesses
Broadsheet
Broadsheets
Broadside
Broadsides
Broadsided
Broadsiding
Broadsword
Broadswords
Brocade
Brocades
Brocaded
Brocading
Broccoli
Broccolis
Brochette
Brochettes
Brochure
Brochures
Brogan
Brogans
Brogue
Brogues
Broil
Broils
Broiled
Broiling
Broiler
Broilers
Brokenhearted
Brokenheartedly
Brokenly
Brokenness
Brokennesses
Broker
Brokers
Brokered
Brokering
Brokerage
Brokerages
Bromide
Bromides
Bromidic
Bromine
Bromines
Bronc
Broncs
Bronchial
Bronchitic
Bronchitis
Bronchitises
Broncho
Bronchos
Bronchus
Bronchi
Bronco
Broncos
Broncobuster
Broncobusters
Brontosaur
Brontosaurs
Brontosaurus
Brontosauruses
Brontosauri
Bronze
Bronzes
Bronzed
Bronzing
Brooch
Brooches
Brood
Broods
Brooded
Brooding
Brooder
Brooders
Broodings
Broodingly
Broodmare
Broodmares
Broody
Broodier
Broodiest
Brook
Brooks
Brooked
Brooking
Brooklet
Brooklets
Broom
Brooms
Broomed
Brooming
Broomstick
Broomsticks
Broth
Broths
Brothel
Brothels
Brother
Brothers
Brethren
Brotherhood
Brotherhoods
Brotherliness
Brotherlinesses
Brotherly
Brougham
Broughams
Brouhaha
Brouhahas
Brow
Brows
Browbeat
Browbeaten
Browbeating
Browbeats
Brown
Browner
Brownest
Browns
Browned
Browning
Brownie
Brownies
Brownish
Brownness
Brownnesses
Brownout
Brownouts
Brownstone
Brownstones
Browse
Browses
Browsed
Browsing
Browser
Browsers
Brr
Bruin
Bruins
Bruise
Bruises
Bruised
Bruising
Bruiser
Bruisers
Bruisings
Bruit
Bruits
Bruited
Bruiting
Brunch
Brunches
Brunched
Brunching
Brunet
Brunets
Brunette
Brunettes
Brunt
Brunts
Brush
Brushes
Brushed
Brushing
Brushoff
Brushoffs
Brushwood
Brushwoods
Brushwork
Brushworks
Brusk
Brusker
Bruskest
Brusque
Brusquer
Brusquest
Brusquely
Brusqueness
Brusquenesses
Brutal
Brutality
Brutalities
Brutalization
Brutalizations
Brutalize
Brutalized
Brutalizing
Brutalizes
Brutally
Brute
Brutes
Bruted
Bruting
Brutish
Brutishly
Brutishness
Brutishnesses
Bub
Bubs
Bubble
Bubbles
Bubbled
Bubbling
Bubblegum
Bubblegums
Bubbly
Bubblier
Bubbliest
Bubblies
Bubo
Buboes
Buccaneer
Buccaneers
Buck
Bucks
Bucked
Bucking
Buckaroo
Buckaroos
Buckboard
Buckboards
Bucket
Buckets
Bucketed
Bucketing
Bucketful
Bucketfuls
Buckeye
Buckeyes
Buckle
Buckles
Buckled
Buckling
Buckler
Bucklers
Bucklered
Bucklering
Buckram
Buckrams
Buckramed
Buckraming
Bucksaw
Bucksaws
Buckshot
Buckshots
Buckskin
Buckskins
Bucktooth
Buckteeth
Bucktoothed
Buckwheat
Buckwheats
Bucolic
Bucolics
Bucolically
Bud
Buds
Budded
Budding
Buddy
Buddier
Buddiest
Buddies
Buddied
Buddying
Budge
Budges
Budged
Budging
Budgerigar
Budgerigars
Budget
Budgets
Budgeted
Budgeting
Budgetary
Budgie
Budgies
Buff
Buffs
Buffed
Buffing
Buffalo
Buffaloes
Buffalos
Buffaloed
Buffaloing
Buffer
Buffers
Buffered
Buffering
Buffet
Buffets
Buffeted
Buffeting
Buffoon
Buffoons
Buffoonery
Buffooneries
Buffoonish
Bug
Bugs
Bugged
Bugging
Bugaboo
Bugaboos
Bugbear
Bugbears
Bugger
Buggers
Buggered
Buggering
Buggy
Buggier
Buggiest
Buggies
Bugle
Bugles
Bugled
Bugling
Bugler
Buglers
Build
Builds
Built
@builded
Building
Builder
Builders
Buildings
Buildup
Buildups
Bulb
Bulbs
Bulbous
Bulge
Bulges
Bulged
Bulging
Bulgy
Bulgier
Bulgiest
Bulimarexia
Bulimarexias
Bulimia
Bulimias
Bulimic
Bulimics
Bulk
Bulks
Bulked
Bulking
Bulkhead
Bulkheads
Bulkiness
Bulkinesses
Bulky
Bulkier
Bulkiest
Bull
Bulls
Bulled
Bulling
Bulldog
Bulldogs
Bulldogged
Bulldogging
Bulldoze
Bulldozed
Bulldozing
Bulldozes
Bulldozer
Bulldozers
Bullet
Bullets
Bulleted
Bulleting
Bulletin
Bulletins
Bulletined
Bulletining
Bulletproof
Bulletproofed
Bulletproofing
Bulletproofs
Bullfight
Bullfights
Bullfighter
Bullfighters
Bullfighting
Bullfightings
Bullfinch
Bullfinches
Bullfrog
Bullfrogs
Bullhead
Bullheads
Bullheaded
Bullheadedly
Bullheadedness
Bullheadednesses
Bullhorn
Bullhorns
Bullion
Bullions
Bullish
Bullishly
Bullishness
Bullishnesses
Bullock
Bullocks
Bullpen
Bullpens
Bullring
Bullrings
Bullshit
Bullshits
Bullshitted
Bullshat
Bullshitting
Bullshitter
Bullshitters
Bully
Bullier
Bulliest
Bullies
Bullied
Bullying
Bulrush
Bulrushes
Bulwark
Bulwarks
Bulwarked
Bulwarking
Bum
Bummer
Bummest
Bums
Bummed
Bumming
Bumble
Bumbles
Bumbled
Bumbling
Bumblebee
Bumblebees
Bumbler
Bumblers
Bummers
Bump
Bumps
Bumped
Bumping
Bumper
Bumpers
Bumpered
Bumpering
Bumpiness
Bumpinesses
Bumpkin
Bumpkins
Bumptious
Bumptiously
Bumptiousness
Bumptiousnesses
Bumpy
Bumpier
Bumpiest
Bun
Buns
Bunch
Bunches
Bunched
Bunching
Bunchy
Bunchier
Bunchiest
Bunco
Buncos
Buncoed
Buncoing
Buncombe
Buncombes
Bundle
Bundles
Bundled
Bundling
Bung
Bungs
Bunged
Bunging
Bungalow
Bungalows
Bungee
Bungees
Bunghole
Bungholes
Bungle
Bungles
Bungled
Bungling
Bungler
Bunglers
Bunion
Bunions
Bunk
Bunks
Bunked
Bunking
Bunker
Bunkers
Bunkered
Bunkering
Bunkhouse
Bunkhouses
Bunko
Bunkos
Bunkoed
Bunkoing
Bunkum
Bunkums
Bunny
Bunnies
Bunt
Bunts
Bunted
Bunting
Buntings
Buoy
Buoys
Buoyed
Buoying
Buoyancy
Buoyancies
Buoyant
Buoyantly
Bur
Burs
Burred
Burring
Burble
Burbles
Burbled
Burbling
Burbs
Burden
Burdens
Burdened
Burdening
Burdensome
Burdock
Burdocks
Bureau
Bureaus
Bureaux
Bureaucracy
Bureaucracies
Bureaucrat
Bureaucrats
Bureaucratic
Bureaucratically
Bureaucratization
Bureaucratizations
Bureaucratize
Bureaucratized
Bureaucratizing
Bureaucratizes
Burg
Burgs
Burgeon
Burgeons
Burgeoned
Burgeoning
Burger
Burgers
Burgh
Burghs
Burgher
Burghers
Burglar
Burglars
Burglarize
Burglarized
Burglarizing
Burglarizes
Burglarproof
Burglarproofed
Burglarproofing
Burglarproofs
Burglary
Burglaries
Burgle
Burgled
Burgling
Burgles
Burgomaster
Burgomasters
Burgundy
Burgundies
Burial
Burials
Burl
Burls
Burled
Burling
Burlap
Burlaps
Burlesque
Burlesques
Burlesqued
Burlesquing
Burliness
Burlinesses
Burly
Burlier
Burliest
Burn
Burns
Burned
Burnt
Burning
Burnable
Burnables
Burner
Burners
Burnings
Burnish
Burnishes
Burnished
Burnishing
Burnisher
Burnishers
Burnoose
Burnooses
Burnous
Burnouses
Burnout
Burnouts
Burp
Burps
Burped
Burping
Burr
Burrs
Burrito
Burritos
Burro
Burros
Burrow
Burrows
Burrowed
Burrowing
Burrower
Burrowers
Bursa
Bursae
Bursas
Bursar
Bursars
Bursary
Bursaries
Bursitis
Bursitises
Burst
Bursts
Bursted
Bursting
Bury
Buried
Burying
Buries
Bus
Buses
Busses
Bused
Bussed
Busing
Bussing
Busboy
Busboys
Busby
Busbies
Busgirl
Busgirls
Bush
Bushes
Bushed
Bushing
Bushel
Bushels
Busheled
Bushelled
Busheling
Bushelling
Bushiness
Bushinesses
Bushings
Bushman
Bushmen
Bushmaster
Bushmasters
Bushwhack
Bushwhacked
Bushwhacking
Bushwhacks
Bushwhacker
Bushwhackers
Bushy
Bushier
Bushiest
Busily
Business
Businesses
Businesslike
Businessman
Businessmen
Businessperson
Businesspersons
Businesspeople
Businesswoman
Businesswomen
Busings
Buskin
Buskins
Buss
Bussings
Bust
Busts
Busted
Busting
Buster
Busters
Bustle
Bustles
Bustled
Bustling
Busty
Bustier
Bustiest
Busy
Busier
Busiest
Busied
Busying
Busies
Busybody
Busybodies
Busyness
Busynesses
Busywork
Busyworks
But
Butane
Butanes
Butch
Butcher
Butchest
Butches
Butchers
Butchered
Butchering
Butchery
Butcheries
Butler
Butlers
Butt
Butts
Butted
Butting
Butte
Buttes
Butter
Butters
Buttered
Buttering
Butterball
Butterballs
Buttercup
Buttercups
Butterfat
Butterfats
Butterfingered
Butterfingers
Butterfly
Butterflies
Butterflied
Butterflying
Buttermilk
Buttermilks
Butternut
Butternuts
Butterscotch
Butterscotches
Buttery
Butterier
Butteriest
Butteries
Buttock
Buttocks
Button
Buttons
Buttoned
Buttoning
Buttonhole
Buttonholes
Buttonholed
Buttonholing
Buttonwood
Buttonwoods
Buttress
Buttresses
Buttressed
Buttressing
Buxom
Buxomer
Buxomest
Buy
Buys
Bought
Boughten
Buying
Buyback
Buybacks
Buyer
Buyers
Buyout
Buyouts
Buzz
Buzzes
Buzzed
Buzzing
Buzzard
Buzzards
Buzzer
Buzzers
Buzzword
Buzzwords
Byes
Bye
Byelaw
Byelaws
Bygone
Bygones
Bylaw
Bylaws
Byline
Bylines
Bylined
Bylining
Bypass
Bypasses
Bypassed
Bypast
Bypassing
Bypath
Bypaths
Byplay
Byplays
Byproduct
Byproducts
Byroad
Byroads
Bystander
Bystanders
Byte
Bytes
Byway
Byways
Byword
Bywords
Byzantine
Cab
Cabs
Cabbed
Cabbing
Cabal
Cabals
Caballed
Caballing
Cabala
Cabalas
Caballero
Caballeros
Cabana
Cabanas
Cabaret
Cabarets
Cabbage
Cabbages
Cabbaged
Cabbaging
Cabbie
Cabbies
Cabby
Cabdriver
Cabdrivers
Cabin
Cabins
Cabined
Cabining
Cabinet
Cabinets
Cabinetmaker
Cabinetmakers
Cabinetmaking
Cabinetmakings
Cabinetry
Cabinetries
Cabinetwork
Cabinetworks
Cable
Cables
Cabled
Cabling
Cablecast
Cablecasts
Cablecasted
Cablecasting
Cablegram
Cablegrams
Cabochon
Cabochons
Caboodle
Caboodles
Caboose
Cabooses
Cabriolet
Cabriolets
Cabstand
Cabstands
Cacao
Cacaos
Cache
Caches
Cached
Caching
Cachepot
Cachepots
Cachet
Cachets
Cackle
Cackles
Cackled
Cackling
Cackler
Cacklers
Cacophonous
Cacophony
Cacophonies
Cactus
Cacti
Cactuses
Cad
Cads
Cadaver
Cadavers
Cadaverous
Caddie
Caddies
Caddied
Caddying
Caddish
Caddishly
Caddishness
Caddishnesses
Caddy
Cadence
Cadences
Cadenced
Cadencing
Cadenza
Cadenzas
Cadet
Cadets
Cadge
Cadges
Cadged
Cadging
Cadger
Cadgers
Cadmium
Cadmiums
Cadre
Cadres
Caduceus
Caducei
Caesarean
Caesareans
Caesarian
Caesarians
Caesura
Caesuras
Caesurae
Cafe
Cafes
Cafeteria
Cafeterias
Caffeine
Caffeines
Caftan
Caftans
Cage
Cages
Caged
Caging
Cagey
Cagier
Cagiest
Cagily
Caginess
Caginesses
Cagy
Cahoot
Cahoots
Caiman
Caimans
Cairn
Cairns
Caisson
Caissons
Caitiff
Caitiffs
Cajole
Cajoled
Cajoling
Cajoles
Cajolement
Cajolements
Cajoler
Cajolers
Cajolery
Cajoleries
Cake
Cakes
Caked
Caking
Cakewalk
Cakewalks
Cakewalked
Cakewalking
Calabash
Calabashes
Calaboose
Calabooses
Calamari
Calamaris
Calamine
Calamines
Calamitous
Calamitously
Calamity
Calamities
Calcareous
Calciferous
Calcification
Calcifications
Calcify
Calcified
Calcifying
Calcifies
Calcimine
Calcimines
Calcimined
Calcimining
Calcine
Calcined
Calcining
Calcines
Calcite
Calcites
Calcium
Calciums
Calculable
Calculate
Calculated
Calculating
Calculates
Calculatedly
Calculatingly
Calculation
Calculations
Calculative
Calculator
Calculators
Calculus
Calculi
Calculuses
Caldera
Calderas
Caldron
Caldrons
Calendar
Calendars
Calendared
Calendaring
Calender
Calenders
Calendered
Calendering
Calf
Calves
Calfs
Calfskin
Calfskins
Caliber
Calibers
Calibrate
Calibrated
Calibrating
Calibrates
Calibration
Calibrations
Calibrator
Calibrators
Calibre
Calibres
Calico
Calicoes
Calicos
Calif
Califs
Californium
Californiums
Caliper
Calipers
Calipered
Calipering
Caliph
Caliphs
Caliphate
Caliphates
Calisthenic
Calisthenics
Calk
Calks
Calked
Calking
Call
Calls
Called
Calling
Calla
Callas
Callback
Callbacks
Caller
Callers
Calligrapher
Calligraphers
Calligraphic
Calligraphist
Calligraphists
Calligraphy
Calligraphies
Callings
Calliope
Calliopes
Calliper
Callipers
Callipered
Callipering
Callisthenics
Callosity
Callosities
Callous
Calloused
Callousing
Callouses
Callously
Callousness
Callousnesses
Callow
Callower
Callowest
Callows
Callowness
Callownesses
Callus
Calluses
Callused
Callusing
Calm
Calmer
Calmest
Calms
Calmed
Calming
Calmly
Calmness
Calmnesses
Caloric
Calorics
Calorie
Calories
Calorific
Calumet
Calumets
Calumniate
Calumniated
Calumniating
Calumniates
Calumniation
Calumniations
Calumniator
Calumniators
Calumnious
Calumny
Calumnies
Calve
Calved
Calving
Calypso
Calypsos
Calypsoes
Calyx
Calyxes
Calyces
Cam
Cams
Cammed
Camming
Camaraderie
Camaraderies
Camber
Cambers
Cambered
Cambering
Cambial
Cambium
Cambiums
Cambia
Cambric
Cambrics
Camcorder
Camcorders
Came
Cames
Camel
Camels
Camelhair
Camelhairs
Camellia
Camellias
Cameo
Cameos
Camera
Cameras
Camerae
Cameraman
Cameramen
Camerawoman
Camerawomen
Camisole
Camisoles
Camomile
Camomiles
Camouflage
Camouflages
Camouflaged
Camouflaging
Camouflager
Camouflagers
Camp
Camper
Campest
Camps
Camped
Camping
Campaign
Campaigns
Campaigned
Campaigning
Campaigner
Campaigners
Campanile
Campaniles
Campanili
Campanologist
Campanologists
Campanology
Campanologies
Campers
Campfire
Campfires
Campground
Campgrounds
Camphor
Camphors
Campings
Campsite
Campsites
Campus
Campuses
Campy
Campier
Campiest
Camshaft
Camshafts
Can
Cans
Could
@canst
Canned
Canning
Canal
Canals
Canalled
Canaled
Canalling
Canaling
Canalization
Canalizations
Canalize
Canalized
Canalizing
Canalizes
Canape
Canapes
Canard
Canards
Canary
Canaries
Canasta
Canastas
Cancan
Cancans
Cancel
Cancels
Canceled
Cancelled
Canceling
Cancelling
Canceler
Cancelers
Cancellation
Cancellations
Canceller
Cancellers
Cancer
Cancers
Cancerous
Candelabra
Candelabras
Candelabrum
Candelabrums
Candid
Candider
Candidest
Candids
Candidacy
Candidacies
Candidate
Candidates
Candidated
Candidating
Candidature
Candidatures
Candidly
Candidness
Candidnesses
Candle
Candles
Candled
Candling
Candlelight
Candlelights
Candlepower
Candlepowers
Candler
Candlers
Candlestick
Candlesticks
Candlewick
Candlewicks
Candor
Candors
Candour
Candours
Candy
Candies
Candied
Candying
Cane
Canes
Caned
Caning
Canebrake
Canebrakes
Caner
Caners
Canine
Canines
Canister
Canisters
Canker
Cankers
Cankered
Cankering
Cankerous
Cannabis
Cannabises
Cannelloni
Cannery
Canneries
Cannibal
Cannibals
Cannibalism
Cannibalisms
Cannibalistic
Cannibalization
Cannibalizations
Cannibalize
Cannibalized
Cannibalizing
Cannibalizes
Cannily
Canniness
Canninesses
Cannon
Cannons
Cannoned
Cannoning
Cannonade
Cannonades
Cannonaded
Cannonading
Cannonball
Cannonballs
Cannot
Canny
Cannier
Canniest
Canoe
Canoes
Canoed
Canoeing
Canoeist
Canoeists
Canola
Canolas
Canon
Canons
Canonical
Canonically
Canonization
Canonizations
Canonize
Canonized
Canonizing
Canonizes
Canopy
Canopies
Canopied
Canopying
Cant
Canter
Cantest
Cants
Canted
Canting
Cantabile
Cantaloup
Cantaloups
Cantaloupe
Cantaloupes
Cantankerous
Cantankerously
Cantankerousness
Cantankerousnesses
Cantata
Cantatas
Canteen
Canteens
Canters
Cantered
Cantering
Canticle
Canticles
Cantilever
Cantilevers
Cantilevered
Cantilevering
Canto
Cantos
Canton
Cantons
Cantoned
Cantoning
Cantonal
Cantonment
Cantonments
Cantor
Cantors
Canvas
Canvases
Canvased
Canvassed
Canvasing
Canvassing
Canvasback
Canvasbacks
Canvass
Canvasses
Canvasser
Canvassers
Canyon
Canyons
Cap
Caps
Capped
Capping
Capability
Capabilities
Capable
Capabler
Capablest
Capably
Capacious
Capaciously
Capaciousness
Capaciousnesses
Capacitance
Capacitances
Capacitor
Capacitors
Capacity
Capacities
Caparison
Caparisons
Caparisoned
Caparisoning
Cape
Capes
Caped
Caping
Caper
Capers
Capered
Capering
Capeskin
Capeskins
Capillarity
Capillarities
Capillary
Capillaries
Capital
Capitals
Capitalism
Capitalisms
Capitalist
Capitalists
Capitalistic
Capitalistically
Capitalization
Capitalizations
Capitalize
Capitalized
Capitalizing
Capitalizes
Capitally
Capitation
Capitations
Capitol
Capitols
Capitulate
Capitulated
Capitulating
Capitulates
Capitulation
Capitulations
Caplet
Caplets
Capo
Capos
Capon
Capons
Cappuccino
Cappuccinos
Caprice
Caprices
Capricious
Capriciously
Capriciousness
Capriciousnesses
Capsicum
Capsicums
Capsize
Capsized
Capsizing
Capsizes
Capstan
Capstans
Capstone
Capstones
Capsular
Capsule
Capsules
Capsuled
Capsuling
Capsulize
Capsulized
Capsulizing
Capsulizes
Captain
Captains
Captained
Captaining
Captaincy
Captaincies
Caption
Captions
Captioned
Captioning
Captious
Captiously
Captiousness
Captiousnesses
Captivate
Captivated
Captivating
Captivates
Captivation
Captivations
Captivator
Captivators
Captive
Captives
Captivity
Captivities
Captor
Captors
Capture
Captures
Captured
Capturing
Car
Cars
Caracul
Caraculs
Carafe
Carafes
Caramel
Caramels
Caramelize
Caramelized
Caramelizing
Caramelizes
Carapace
Carapaces
Carat
Carats
Caravan
Caravans
Caravaned
Caravanned
Caravaning
Caravanning
Caravansary
Caravansaries
Caravanserai
Caravanserais
Caravel
Caravels
Caraway
Caraways
Carbide
Carbides
Carbine
Carbines
Carbohydrate
Carbohydrates
Carbon
Carbons
Carbonaceous
Carbonate
Carbonates
Carbonated
Carbonating
Carbonation
Carbonations
Carboniferous
Carbonize
Carbonized
Carbonizing
Carbonizes
Carborundum
Carborundums
Carboy
Carboys
Carbuncle
Carbuncles
Carbuncular
Carburetor
Carburetors
Carburetter
Carburetters
Carburettor
Carburettors
Carcass
Carcasses
Carcassed
Carcassing
Carcinogen
Carcinogens
Carcinogenic
Carcinogenics
Carcinogenicity
Carcinogenicities
Carcinoma
Carcinomas
Carcinomata
Card
Cards
Carded
Carding
Cardamom
Cardamoms
Cardboard
Cardboards
Carder
Carders
Cardiac
Cardiacs
Cardigan
Cardigans
Cardinal
Cardinals
Cardinally
Cardiogram
Cardiograms
Cardiograph
Cardiographs
Cardiologist
Cardiologists
Cardiology
Cardiologies
Cardiopulmonary
Cardiovascular
Cardsharp
Cardsharps
Cardsharper
Cardsharpers
Care
Cares
Cared
Caring
Careen
Careens
Careened
Careening
Career
Careers
Careered
Careering
Careerist
Careerists
Carefree
Careful
Carefuller
Carefullest
Carefully
Carefulness
Carefulnesses
Caregiver
Caregivers
Careless
Carelessly
Carelessness
Carelessnesses
Carer
Carers
Caress
Caresses
Caressed
Caressing
Caret
Carets
Caretaker
Caretakers
Careworn
Carfare
Carfares
Cargo
Cargoes
Cargos
Carhop
Carhops
Carhopped
Carhopping
Caribou
Caribous
Caricature
Caricatures
Caricatured
Caricaturing
Caricaturist
Caricaturists
Caries
Carillon
Carillons
Carings
Carious
Carjack
Carjacked
Carjacking
Carjacks
Carjacker
Carjackers
Carjackings
Carload
Carloads
Carmine
Carmines
Carnage
Carnages
Carnal
Carnality
Carnalities
Carnally
Carnation
Carnations
Carnelian
Carnelians
Carney
Carneys
Carnival
Carnivals
Carnivore
Carnivores
Carnivorous
Carnivorously
Carnivorousness
Carnivorousnesses
Carny
Carnier
Carniest
Carnies
Carnied
Carnying
Carob
Carobs
Carol
Carols
Caroled
Carolled
Caroling
Carolling
Caroler
Carolers
Caroller
Carollers
Carom
Caroms
Caromed
Caroming
Carotene
Carotenes
Carotid
Carotids
Carousal
Carousals
Carouse
Carouses
Caroused
Carousing
Carousel
Carousels
Carouser
Carousers
Carp
Carps
Carped
Carping
Carpal
Carpals
Carpel
Carpels
Carpenter
Carpenters
Carpentered
Carpentering
Carpentry
Carpentries
Carper
Carpers
Carpet
Carpets
Carpeted
Carpeting
Carpetbag
Carpetbags
Carpetbagged
Carpetbagging
Carpetbagger
Carpetbaggers
Carpetings
Carpool
Carpools
Carpooled
Carpooling
Carport
Carports
Carpus
Carpi
Carrel
Carrels
Carrell
Carrells
Carriage
Carriages
Carrier
Carriers
Carrion
Carrions
Carrot
Carrots
Carroty
Carrotier
Carrotiest
Carrousel
Carrousels
Carry
Carries
Carried
Carrying
Carryall
Carryalls
Carryout
Carryover
Carryovers
Carsick
Carsickness
Carsicknesses
Cart
Carts
Carted
Carting
Cartage
Cartages
Cartel
Cartels
Carter
Carters
Carthorse
Carthorses
Cartilage
Cartilages
Cartilaginous
Cartload
Cartloads
Cartographer
Cartographers
Cartographic
Cartography
Cartographies
Carton
Cartons
Cartoned
Cartoning
Cartoon
Cartoons
Cartooned
Cartooning
Cartoonist
Cartoonists
Cartridge
Cartridges
Cartwheel
Cartwheels
Cartwheeled
Cartwheeling
Carve
Carved
Carving
Carves
Carver
Carvers
Carvings
Caryatid
Caryatids
Caryatides
Casaba
Casabas
Cascade
Cascades
Cascaded
Cascading
Cascara
Cascaras
Case
Cases
Cased
Casing
Caseharden
Casehardened
Casehardening
Casehardens
Casein
Caseins
Caseload
Caseloads
Casement
Casements
Casework
Caseworks
Caseworker
Caseworkers
Cash
Cashes
Cashed
Cashing
Cashbook
Cashbooks
Cashew
Cashews
Cashier
Cashiers
Cashiered
Cashiering
Cashless
Cashmere
Cashmeres
Casings
Casino
Casinos
Cask
Casks
Casked
Casking
Casket
Caskets
Casketed
Casketing
Cassava
Cassavas
Casserole
Casseroles
Casseroled
Casseroling
Cassette
Cassettes
Cassia
Cassias
Cassino
Cassinos
Cassock
Cassocks
Cassowary
Cassowaries
Cast
Casts
Casting
Castanet
Castanets
Castaway
Castaways
Caste
Castes
Castellated
Caster
Casters
Castigate
Castigated
Castigating
Castigates
Castigation
Castigations
Castigator
Castigators
Castings
Castle
Castles
Castled
Castling
Castoff
Castoffs
Castor
Castors
Castrate
Castrates
Castrated
Castrating
Castration
Castrations
Casual
Casuals
Casually
Casualness
Casualnesses
Casualty
Casualties
Casuist
Casuists
Casuistic
Casuistry
Casuistries
Cat
Cats
Catted
Catting
Cataclysm
Cataclysms
Cataclysmal
Cataclysmic
Catacomb
Catacombs
Catafalque
Catafalques
Catalepsy
Catalepsies
Cataleptic
Cataleptics
Catalog
Catalogs
Cataloged
Cataloging
Cataloger
Catalogers
Catalogue
Catalogues
Catalogued
Cataloguing
Cataloguer
Cataloguers
Catalpa
Catalpas
Catalysis
Catalyses
Catalyst
Catalysts
Catalytic
Catalytics
Catalyze
Catalyzed
Catalyzing
Catalyzes
Catamaran
Catamarans
Catapult
Catapults
Catapulted
Catapulting
Cataract
Cataracts
Catarrh
Catarrhs
Catastrophe
Catastrophes
Catastrophic
Catastrophically
Catatonia
Catatonias
Catatonic
Catatonics
Catbird
Catbirds
Catboat
Catboats
Catcall
Catcalls
Catcalled
Catcalling
Catch
Catches
Caught
Catching
Catchall
Catchalls
Catcher
Catchers
Catchment
Catchments
Catchpenny
Catchpennies
Catchphrase
Catchphrases
Catchup
Catchups
Catchword
Catchwords
Catchy
Catchier
Catchiest
Catechism
Catechisms
Catechist
Catechists
Catechize
Catechized
Catechizing
Catechizes
Categorical
Categorically
Categorization
Categorizations
Categorize
Categorized
Categorizing
Categorizes
Category
Categories
Cater
Catered
Catering
Caters
Catercorner
Caterer
Caterers
Caterpillar
Caterpillars
Caterwaul
Caterwauls
Caterwauled
Caterwauling
Catfish
Catfishes
Catgut
Catguts
Catharsis
Catharses
Cathartic
Cathartics
Cathedral
Cathedrals
Catheter
Catheters
Catheterize
Catheterized
Catheterizing
Catheterizes
Cathode
Cathodes
Cathodic
Catholic
Catholicity
Catholicities
Cation
Cations
Catkin
Catkins
Catlike
Catnap
Catnaps
Catnapped
Catnapping
Catnip
Catnips
Catsup
Catsups
Cattail
Cattails
Cattily
Cattiness
Cattinesses
Cattle
Cattleman
Cattlemen
Catty
Cattier
Cattiest
Catties
Catwalk
Catwalks
Caucus
Caucuses
Caucused
Caucussed
Caucusing
Caucussing
Caudal
Caudally
Cauldron
Cauldrons
Cauliflower
Cauliflowers
Caulk
Caulks
Caulked
Caulking
Caulker
Caulkers
Caulkings
Causal
Causality
Causalities
Causally
Causation
Causations
Causative
Causatives
Cause
Causes
Caused
Causing
Causeless
Causer
Causers
Causerie
Causeries
Causeway
Causeways
Causewayed
Causewaying
Caustic
Caustics
Caustically
Causticity
Causticities
Cauterization
Cauterizations
Cauterize
Cauterized
Cauterizing
Cauterizes
Caution
Cautions
Cautioned
Cautioning
Cautionary
Cautious
Cautiously
Cautiousness
Cautiousnesses
Cavalcade
Cavalcades
Cavalier
Cavaliers
Cavaliered
Cavaliering
Cavalierly
Cavalry
Cavalries
Cavalryman
Cavalrymen
Cave
Caves
Caved
Caving
Caveat
Caveats
Caveman
Cavemen
Cavern
Caverns
Caverned
Caverning
Cavernous
Cavernously
Caviar
Caviars
Caviare
Caviares
Cavil
Cavils
Caviled
Cavilled
Caviling
Cavilling
Caviler
Cavilers
Caviller
Cavillers
Cavings
Cavity
Cavities
Cavort
Cavorted
Cavorting
Cavorts
Caw
Caws
Cawed
Cawing
Cay
Cays
Cayenne
Cayennes
Cayman
Caymans
Cayuse
Cayuses
Cease
Ceases
Ceased
Ceasing
Ceasefire
Ceasefires
Ceaseless
Ceaselessly
Ceaselessness
Ceaselessnesses
Cecal
Cecum
Ceca
Cedar
Cedars
Cede
Ceded
Ceding
Cedes
Ceder
Ceders
Cedilla
Cedillas
Ceiling
Ceilings
Celandine
Celandines
Celebrant
Celebrants
Celebrate
Celebrated
Celebrating
Celebrates
Celebration
Celebrations
Celebrator
Celebrators
Celebratory
Celebrity
Celebrities
Celerity
Celerities
Celery
Celeries
Celesta
Celestas
Celestial
Celestials
Celestially
Celibacy
Celibacies
Celibate
Celibates
Cell
Cells
Cellar
Cellars
Cellared
Cellaring
Celled
Cellist
Cellists
Cellmate
Cellmates
Cello
Cellos
Celli
Cellophane
Cellophanes
Cellphone
Cellphones
Cellular
Cellulite
Cellulites
Celluloid
Celluloids
Cellulose
Celluloses
Cement
Cements
Cemented
Cementing
Cementer
Cementers
Cementum
Cementa
Cementums
Cemetery
Cemeteries
Cenobite
Cenobites
Cenobitic
Cenotaph
Cenotaphs
Censer
Censers
Censor
Censors
Censored
Censoring
Censorial
Censorious
Censoriously
Censoriousness
Censoriousnesses
Censorship
Censorships
Censurable
Censure
Censures
Censured
Censuring
Censurer
Censurers
Census
Censuses
Censused
Censusing
Cent
Cents
Centaur
Centaurs
Centavo
Centavos
Centenarian
Centenarians
Centenary
Centenaries
Centennial
Centennials
Centennially
Center
Centers
Centered
Centering
Centerboard
Centerboards
Centerfold
Centerfolds
Centerpiece
Centerpieces
Centigrade
Centigram
Centigrams
Centigramme
Centigrammes
Centiliter
Centiliters
Centime
Centimes
Centimeter
Centimeters
Centimetre
Centimetres
Centipede
Centipedes
Central
Centraler
Centralest
Centrals
Centrality
Centralities
Centralization
Centralizations
Centralize
Centralized
Centralizing
Centralizes
Centralizer
Centralizers
Centrally
Centre
Centres
Centred
Centring
Centrifugal
Centrifugals
Centrifugally
Centrifuge
Centrifuges
Centrifuged
Centrifuging
Centripetal
Centripetally
Centrism
Centrisms
Centrist
Centrists
Centurion
Centurions
Century
Centuries
Cephalic
Ceramic
Ceramics
Ceramicist
Ceramicists
Ceramist
Ceramists
Cereal
Cereals
Cerebellar
Cerebellum
Cerebellums
Cerebella
Cerebral
Cerebrals
Cerebrate
Cerebrated
Cerebrating
Cerebrates
Cerebration
Cerebrations
Cerebrum
Cerebrums
Cerebra
Cerement
Cerements
Ceremonial
Ceremonials
Ceremonially
Ceremonious
Ceremoniously
Ceremoniousness
Ceremoniousnesses
Ceremony
Ceremonies
Cerise
Cerises
Cerium
Ceriums
Cermet
Cermets
Certain
Certainer
Certainest
Certainly
Certainty
Certainties
Certifiable
Certifiably
Certificate
Certificates
Certificated
Certificating
Certification
Certifications
Certify
Certified
Certifying
Certifies
Certitude
Certitudes
Cerulean
Ceruleans
Cervical
Cervix
Cervices
Cervixes
Cesarean
Cesareans
Cesium
Cesiums
Cessation
Cessations
Cession
Cessions
Cesspool
Cesspools
Cetacean
Cetaceans
Chafe
Chafes
Chafed
Chafing
Chaff
Chaffs
Chaffed
Chaffing
Chaffinch
Chaffinches
Chagrin
Chagrins
Chagrined
Chagrinned
Chagrining
Chagrinning
Chain
Chains
Chained
Chaining
Chainsaw
Chainsaws
Chainsawed
Chainsawing
Chair
Chairs
Chaired
Chairing
Chairlift
Chairlifts
Chairman
Chairmen
Chairmaned
Chairmanned
Chairmaning
Chairmanning
Chairmans
Chairmanship
Chairmanships
Chairperson
Chairpersons
Chairwoman
Chairwomen
Chaise
Chaises
Chalcedony
Chalcedonies
Chalet
Chalets
Chalice
Chalices
Chalk
Chalks
Chalked
Chalking
Chalkboard
Chalkboards
Chalkiness
Chalkinesses
Chalky
Chalkier
Chalkiest
Challenge
Challenges
Challenged
Challenging
Challenger
Challengers
Challis
Challises
Chamber
Chambers
Chambered
Chambering
Chamberlain
Chamberlains
Chambermaid
Chambermaids
Chambray
Chambrays
Chameleon
Chameleons
Chammy
Chammies
Chammied
Chammying
Chamois
Chamoix
Chamoised
Chamoising
Chamoises
Chamomile
Chamomiles
Champ
Champs
Champed
Champing
Champagne
Champagnes
Champion
Champions
Championed
Championing
Championship
Championships
Chance
Chances
Chanced
Chancing
Chancel
Chancels
Chancellery
Chancelleries
Chancellor
Chancellors
Chancellorship
Chancellorships
Chancery
Chanceries
Chanciness
Chancinesses
Chancre
Chancres
Chancy
Chancier
Chanciest
Chandelier
Chandeliers
Chandler
Chandlers
Change
Changes
Changed
Changing
Changeability
Changeabilities
Changeable
Changeableness
Changeablenesses
Changeably
Changeless
Changelessly
Changeling
Changelings
Changeover
Changeovers
Changer
Changers
Channel
Channels
Channeled
Channelled
Channeling
Channelling
Channelization
Channelizations
Channelize
Channelized
Channelizing
Channelizes
Chanson
Chansons
Chant
Chants
Chanted
Chanting
Chanter
Chanters
Chanteuse
Chanteuses
Chantey
Chanteys
Chanticleer
Chanticleers
Chanty
Chanties
Chaos
Chaoses
Chaotic
Chaotically
Chap
Chaps
Chapped
Chapt
Chapping
Chaparral
Chaparrals
Chapbook
Chapbooks
Chapeau
Chapeaus
Chapeaux
Chapel
Chapels
Chapeled
Chapelled
Chapeling
Chapelling
Chaperon
Chaperons
Chaperoned
Chaperoning
Chaperonage
Chaperonages
Chaperone
Chaperones
Chaplain
Chaplains
Chaplaincy
Chaplaincies
Chaplet
Chaplets
Chapter
Chapters
Chaptered
Chaptering
Char
Chars
Charred
Charring
Charabanc
Charabancs
Character
Characters
Charactered
Charactering
Characteristic
Characteristics
Characteristically
Characterization
Characterizations
Characterize
Characterized
Characterizing
Characterizes
Characterless
Charade
Charades
Charbroil
Charbroiled
Charbroiling
Charbroils
Charcoal
Charcoals
Charcoaled
Charcoaling
Chard
Chards
Chardonnay
Chardonnays
Charge
Charges
Charged
Charging
Chargeable
Charger
Chargers
Charily
Chariness
Charinesses
Chariot
Chariots
Charioted
Charioting
Charioteer
Charioteers
Charisma
Charismata
Charismas
Charismatic
Charismatics
Charitable
Charitableness
Charitablenesses
Charitably
Charity
Charities
Charlatan
Charlatans
Charlatanism
Charlatanisms
Charlatanry
Charlatanries
Charm
Charms
Charmed
Charming
Charmer
Charmers
Charminger
Charmingest
Charmingly
Chart
Charts
Charted
Charting
Charter
Charters
Chartered
Chartering
Charterer
Charterers
Chartreuse
Chartreuses
Charwoman
Charwomen
Chary
Charier
Chariest
Chase
Chases
Chased
Chasing
Chaser
Chasers
Chasm
Chasms
Chassis
Chaste
Chaster
Chastest
Chastely
Chasten
Chastened
Chastening
Chastens
Chasteness
Chastenesses
Chastise
Chastised
Chastising
Chastises
Chastisement
Chastisements
Chastiser
Chastisers
Chastity
Chastities
Chasuble
Chasubles
Chat
Chats
Chatted
Chatting
Chateau
Chateaux
Chateaus
Chatelaine
Chatelaines
Chattel
Chattels
Chatter
Chatters
Chattered
Chattering
Chatterbox
Chatterboxes
Chatterer
Chatterers
Chattily
Chattiness
Chattinesses
Chatty
Chattier
Chattiest
Chauffeur
Chauffeurs
Chauffeured
Chauffeuring
Chauvinism
Chauvinisms
Chauvinist
Chauvinists
Chauvinistic
Chauvinistically
Cheap
Cheaper
Cheapest
Cheaps
Cheapen
Cheapened
Cheapening
Cheapens
Cheaply
Cheapness
Cheapnesses
Cheapskate
Cheapskates
Cheat
Cheats
Cheated
Cheating
Cheater
Cheaters
Check
Checks
Checked
Checking
Checkbook
Checkbooks
Checker
Checkers
Checkered
Checkering
Checkerboard
Checkerboards
Checkerboarded
Checkerboarding
Checklist
Checklists
Checkmate
Checkmates
Checkmated
Checkmating
Checkoff
Checkoffs
Checkout
Checkouts
Checkpoint
Checkpoints
Checkroom
Checkrooms
Checkup
Checkups
Cheddar
Cheddars
Cheek
Cheeks
Cheeked
Cheeking
Cheekbone
Cheekbones
Cheekily
Cheekiness
Cheekinesses
Cheeky
Cheekier
Cheekiest
Cheep
Cheeps
Cheeped
Cheeping
Cheer
Cheers
Cheered
Cheering
Cheerer
Cheerers
Cheerful
Cheerfuller
Cheerfullest
Cheerfully
Cheerfulness
Cheerfulnesses
Cheerily
Cheeriness
Cheerinesses
Cheerio
Cheerios
Cheerleader
Cheerleaders
Cheerless
Cheerlessly
Cheerlessness
Cheerlessnesses
Cheery
Cheerier
Cheeriest
Cheese
Cheeses
Cheeseburger
Cheeseburgers
Cheesecake
Cheesecakes
Cheesecloth
Cheesecloths
Cheeseparing
Cheeseparings
Cheesiness
Cheesinesses
Cheesy
Cheesier
Cheesiest
Cheetah
Cheetahs
Chef
Chefs
Chemical
Chemicals
Chemically
Chemise
Chemises
Chemist
Chemists
Chemistry
Chemistries
Chemo
Chemos
Chemotherapeutic
Chemotherapy
Chemotherapies
Chemurgy
Chemurgies
Chenille
Chenilles
Cheque
Cheques
Cherish
Cherished
Cherishing
Cherishes
Cheroot
Cheroots
Cherry
Cherrier
Cherriest
Cherries
Chert
Cherts
Cherub
Cherubs
Cherubim
Cherubims
Cherubic
Chervil
Chervils
Chess
Chesses
Chessboard
Chessboards
Chessman
Chessmen
Chest
Chests
Chested
Chesterfield
Chesterfields
Chestful
Chestfuls
Chestnut
Chestnuts
Chesty
Chestier
Chestiest
Chevalier
Chevaliers
Cheviot
Cheviots
Chevron
Chevrons
Chew
Chews
Chewed
Chewing
Chewer
Chewers
Chewiness
Chewinesses
Chewy
Chewier
Chewiest
Chi
Chis
Chiaroscuro
Chiaroscuros
Chic
Chicer
Chicest
Chics
Chicane
Chicanes
Chicaned
Chicaning
Chicanery
Chicaneries
Chichi
Chichier
Chichiest
Chichis
Chick
Chicks
Chickadee
Chickadees
Chicken
Chickens
Chickened
Chickening
Chickenfeed
Chickenfeeds
Chickenhearted
Chickenpox
Chickenpoxes
Chickpea
Chickpeas
Chickweed
Chickweeds
Chicle
Chicles
Chicness
Chicnesses
Chicory
Chicories
Chide
Chided
Chid
Chidden
Chiding
Chides
Chidingly
Chief
Chiefer
Chiefest
Chiefs
Chiefdom
Chiefdoms
Chiefly
Chieftain
Chieftains
Chieftainship
Chieftainships
Chiffon
Chiffons
Chiffonier
Chiffoniers
Chigger
Chiggers
Chignon
Chignons
Chihuahua
Chihuahuas
Chilblain
Chilblains
Child
Children
Childbearing
Childbearings
Childbirth
Childbirths
Childcare
Childcares
Childhood
Childhoods
Childish
Childishly
Childishness
Childishnesses
Childless
Childlessness
Childlessnesses
Childlike
Childproof
Childproofed
Childproofing
Childproofs
Chile
Chiles
Chili
Chilies
Chilis
Chill
Chiller
Chillest
Chills
Chilled
Chilling
Chillers
Chilli
Chillies
Chilliness
Chillinesses
Chillingly
Chillness
Chillnesses
Chilly
Chillier
Chilliest
Chimaera
Chimaeras
Chime
Chimes
Chimed
Chiming
Chimer
Chimers
Chimera
Chimeras
Chimeric
Chimerical
Chimney
Chimneys
Chimneyed
Chimneying
Chimp
Chimps
Chimpanzee
Chimpanzees
Chin
Chins
Chinned
Chinning
China
Chinas
Chinaware
Chinawares
Chinchilla
Chinchillas
Chine
Chines
Chined
Chining
Chink
Chinks
Chinked
Chinking
Chino
Chinos
Chinstrap
Chinstraps
Chintz
Chintzes
Chintzy
Chintzier
Chintziest
Chip
Chips
Chipped
Chipping
Chipmunk
Chipmunks
Chipper
Chippers
Chippered
Chippering
Chirography
Chirographies
Chiropodist
Chiropodists
Chiropody
Chiropodies
Chiropractic
Chiropractics
Chiropractor
Chiropractors
Chirp
Chirps
Chirped
Chirping
Chirpy
Chirpier
Chirpiest
Chirrup
Chirrups
Chirruped
Chirrupped
Chirruping
Chirrupping
Chisel
Chisels
Chiseled
Chiselled
Chiseling
Chiselling
Chiseler
Chiselers
Chiseller
Chisellers
Chit
Chits
Chitchat
Chitchats
Chitchatted
Chitchatting
Chitin
Chitins
Chitinous
Chitlings
Chitlins
Chitterlings
Chivalrous
Chivalrously
Chivalrousness
Chivalrousnesses
Chivalry
Chivalries
Chive
Chives
Chlamydia
Chlamydiae
Chlamydias
Chloral
Chlorals
Chlordane
Chlordanes
Chloride
Chlorides
Chlorinate
Chlorinated
Chlorinating
Chlorinates
Chlorination
Chlorinations
Chlorine
Chlorines
Chlorofluorocarbon
Chlorofluorocarbons
Chloroform
Chloroforms
Chloroformed
Chloroforming
Chlorophyl
Chlorophyls
Chlorophyll
Chlorophylls
Chloroplast
Chloroplasts
Chocaholic
Chocaholics
Chock
Chocks
Chocked
Chocking
Chockablock
Chocoholic
Chocoholics
Chocolate
Chocolates
Chocolatey
Chocolaty
Choice
Choicer
Choicest
Choices
Choir
Choirs
Choired
Choiring
Choirboy
Choirboys
Choirmaster
Choirmasters
Choke
Chokes
Choked
Choking
Chokecherry
Chokecherries
Choker
Chokers
Choler
Cholers
Cholera
Choleras
Choleric
Cholesterol
Cholesterols
Chomp
Chomps
Chomped
Chomping
Choose
Chose
Chosen
Choosing
Chooses
Chooser
Choosers
Choosey
Choosier
Choosiest
Choosiness
Choosinesses
Choosy
Chop
Chops
Chopped
Chopping
Chophouse
Chophouses
Chopper
Choppers
Choppered
Choppering
Choppily
Choppiness
Choppinesses
Choppy
Choppier
Choppiest
Chopstick
Chopsticks
Choral
Chorals
Chorale
Chorales
Chorally
Chord
Chords
Chorded
Chording
Chordal
Chordate
Chordates
Chore
Chores
Chorea
Choreas
Choreograph
Choreographed
Choreographing
Choreographs
Choreographer
Choreographers
Choreographic
Choreographically
Choreography
Choreographies
Chorister
Choristers
Choroid
Choroids
Chortle
Chortles
Chortled
Chortling
Chortler
Chortlers
Chorus
Choruses
Chorused
Chorussed
Chorusing
Chorussing
Choses
Chow
Chows
Chowed
Chowing
Chowder
Chowders
Chrism
Chrisms
Christen
Christened
Christening
Christens
Christenings
Chromatic
Chromatically
Chromatin
Chromatins
Chrome
Chromes
Chromed
Chroming
Chromium
Chromiums
Chromosomal
Chromosome
Chromosomes
Chronic
Chronically
Chronicle
Chronicles
Chronicled
Chronicling
Chronicler
Chroniclers
Chronograph
Chronographs
Chronological
Chronologically
Chronologist
Chronologists
Chronology
Chronologies
Chronometer
Chronometers
Chrysalis
Chrysalises
Chrysalides
Chrysanthemum
Chrysanthemums
Chub
Chubs
Chubbiness
Chubbinesses
Chubby
Chubbier
Chubbiest
Chuck
Chucks
Chucked
Chucking
Chuckhole
Chuckholes
Chuckle
Chuckles
Chuckled
Chuckling
Chug
Chugs
Chugged
Chugging
Chukka
Chukkas
Chum
Chums
Chummed
Chumming
Chummily
Chumminess
Chumminesses
Chummy
Chummier
Chummiest
Chump
Chumps
Chumped
Chumping
Chunk
Chunks
Chunked
Chunking
Chunkiness
Chunkinesses
Chunky
Chunkier
Chunkiest
Church
Churches
Churched
Churching
Churchgoer
Churchgoers
Churchgoing
Churchgoings
Churchman
Churchmen
Churchwarden
Churchwardens
Churchyard
Churchyards
Churl
Churls
Churlish
Churlishly
Churlishness
Churlishnesses
Churn
Churns
Churned
Churning
Churner
Churners
Chute
Chutes
Chuted
Chuting
Chutney
Chutneys
Chutzpa
Chutzpas
Chutzpah
Chutzpahs
Chyme
Chymes
Ciao
Cicada
Cicadas
Cicadae
Cicatrice
Cicatrices
Cicatrix
Cicatrixes
Cicerone
Ciceroni
Cicerones
Cider
Ciders
Cigar
Cigars
Cigaret
Cigarets
Cigarette
Cigarettes
Cigarillo
Cigarillos
Cilantro
Cilantros
Cilium
Cilia
Cinch
Cinches
Cinched
Cinching
Cinchona
Cinchonas
Cincture
Cinctures
Cinctured
Cincturing
Cinder
Cinders
Cindered
Cindering
Cinema
Cinemas
Cinematic
Cinematographer
Cinematographers
Cinematographic
Cinematography
Cinematographies
Cinnabar
Cinnabars
Cinnamon
Cinnamons
Cipher
Ciphers
Ciphered
Ciphering
Circa
Circadian
Circle
Circles
Circled
Circling
Circlet
Circlets
Circuit
Circuits
Circuited
Circuiting
Circuital
Circuitous
Circuitously
Circuitousness
Circuitousnesses
Circuitry
Circuitries
Circuity
Circuities
Circular
Circulars
Circularity
Circularities
Circularize
Circularized
Circularizing
Circularizes
Circularly
Circulate
Circulated
Circulating
Circulates
Circulation
Circulations
Circulatory
Circumcise
Circumcised
Circumcising
Circumcises
Circumcision
Circumcisions
Circumference
Circumferences
Circumferential
Circumflex
Circumflexes
Circumflexed
Circumflexing
Circumlocution
Circumlocutions
Circumnavigate
Circumnavigated
Circumnavigating
Circumnavigates
Circumnavigation
Circumnavigations
Circumpolar
Circumscribe
Circumscribed
Circumscribing
Circumscribes
Circumscription
Circumscriptions
Circumspect
Circumspection
Circumspections
Circumspectly
Circumstance
Circumstances
Circumstanced
Circumstancing
Circumstantial
Circumstantially
Circumvent
Circumvented
Circumventing
Circumvents
Circumvention
Circumventions
Circus
Circuses
Cirque
Cirques
Cirrhosis
Cirrhoses
Cirrhotic
Cirrhotics
Cirrus
Cirri
Cistern
Cisterns
Citadel
Citadels
Citation
Citations
Cite
Cites
Cited
Citing
Citified
Citizen
Citizens
Citizenry
Citizenries
Citizenship
Citizenships
Citric
Citron
Citrons
Citronella
Citronellas
Citrous
Citrus
Citruses
City
Cities
Civet
Civets
Civic
Civics
Civies
Civil
Civilian
Civilians
Civilisation
Civilisations
Civilise
Civilised
Civilising
Civilises
Civility
Civilities
Civilization
Civilizations
Civilize
Civilized
Civilizing
Civilizes
Civilly
Civvies
Clack
Clacks
Clacked
Clacking
Clad
Cladding
Clads
Claddings
Claim
Claims
Claimed
Claiming
Claimable
Claimant
Claimants
Claimer
Claimers
Clairvoyance
Clairvoyances
Clairvoyant
Clairvoyants
Clam
Clams
Clammed
Clamming
Clambake
Clambakes
Clamber
Clambers
Clambered
Clambering
Clamberer
Clamberers
Clammily
Clamminess
Clamminesses
Clammy
Clammier
Clammiest
Clamor
Clamors
Clamored
Clamoring
Clamorous
Clamour
Clamours
Clamoured
Clamouring
Clamp
Clamps
Clamped
Clamping
Clampdown
Clampdowns
Clan
Clans
Clandestine
Clandestinely
Clang
Clangs
Clanged
Clanging
Clangor
Clangors
Clangored
Clangoring
Clangorous
Clangorously
Clangour
Clangours
Clangoured
Clangouring
Clank
Clanks
Clanked
Clanking
Clannish
Clannishness
Clannishnesses
Clansman
Clansmen
Clap
Claps
Clapped
Clapping
Clapboard
Clapboards
Clapboarded
Clapboarding
Clapper
Clappers
Clappings
Claptrap
Claptraps
Claque
Claques
Claret
Clarets
Clarification
Clarifications
Clarify
Clarified
Clarifying
Clarifies
Clarinet
Clarinets
Clarinetist
Clarinetists
Clarinettist
Clarinettists
Clarion
Clarions
Clarity
Clarities
Clash
Clashes
Clashed
Clashing
Clasp
Clasps
Clasped
Clasping
Class
Classes
Classed
Classing
Classic
Classics
Classical
Classicals
Classically
Classicism
Classicisms
Classicist
Classicists
Classifiable
Classification
Classifications
Classified
Classifieds
Classifier
Classifiers
Classify
Classifying
Classifies
Classiness
Classinesses
Classless
Classmate
Classmates
Classroom
Classrooms
Classwork
Classworks
Classy
Classier
Classiest
Clatter
Clatters
Clattered
Clattering
Clausal
Clause
Clauses
Claustrophobia
Claustrophobias
Claustrophobic
Clavichord
Clavichords
Clavicle
Clavicles
Clavier
Claviers
Claw
Claws
Clawed
Clawing
Clay
Clays
Clayed
Claying
Clayey
Clayier
Clayiest
Clean
Cleaner
Cleanest
Cleaned
Cleaning
Cleans
Cleanable
Cleaners
Cleanings
Cleanliness
Cleanlinesses
Cleanly
Cleanlier
Cleanliest
Cleanness
Cleannesses
Cleanse
Cleansed
Cleansing
Cleanses
Cleanser
Cleansers
Cleanup
Cleanups
Clear
Clearer
Clearest
Clears
Cleared
Clearing
Clearance
Clearances
Clearheaded
Clearings
Clearinghouse
Clearinghouses
Clearly
Clearness
Clearnesses
Cleat
Cleats
Cleated
Cleating
Cleavage
Cleavages
Cleave
Cleaved
Cleaving
Cleaves
Clove
Cleft
Cloven
Cleaver
Cleavers
Clef
Clefs
Clefts
Clematis
Clematises
Clemency
Clemencies
Clement
Clemently
Clench
Clenches
Clenched
Clenching
Clerestory
Clerestories
Clergy
Clergies
Clergyman
Clergymen
Clergywoman
Clergywomen
Cleric
Clerics
Clerical
Clericals
Clericalism
Clericalisms
Clerically
Clerk
Clerks
Clerked
Clerking
Clerkship
Clerkships
Clever
Cleverer
Cleverest
Cleverly
Cleverness
Clevernesses
Clevis
Clevises
Clew
Clews
Clewed
Clewing
Cliche
Cliches
Cliched
Click
Clicks
Clicked
Clicking
Clicker
Clickers
Client
Clients
Clientele
Clienteles
Cliff
Cliffs
Cliffhanger
Cliffhangers
Climacteric
Climacterics
Climactic
Climate
Climates
Climatic
Climatically
Climatologist
Climatologists
Climatology
Climatologies
Climax
Climaxes
Climaxed
Climaxing
Climb
Climbs
Climbed
Climbing
Climbable
Climber
Climbers
Climbings
Clime
Climes
Clinch
Clinches
Clinched
Clinching
Clincher
Clinchers
Cling
Clings
Clung
Clinging
Clinger
Clingers
Clingy
Clingier
Clingiest
Clinic
Clinics
Clinical
Clinically
Clinician
Clinicians
Clink
Clinks
Clinked
Clinking
Clinker
Clinkers
Clinkered
Clinkering
Cliometric
Cliometrician
Cliometricians
Cliometrics
Clip
Clips
Clipped
Clipt
Clipping
Clipboard
Clipboards
Clipper
Clippers
Clippings
Clique
Cliques
Cliqued
Cliquing
Cliquey
Cliquier
Cliquiest
Cliquish
Cliquishly
Cliquishness
Cliquishnesses
Clitoral
Clitoris
Clitorises
Clitorides
Cloaca
Cloacae
Cloacas
Cloak
Cloaks
Cloaked
Cloaking
Cloakroom
Cloakrooms
Clobber
Clobbers
Clobbered
Clobbering
Cloche
Cloches
Clock
Clocks
Clocked
Clocking
Clockwise
Clockwork
Clockworks
Clod
Clods
Cloddish
Clodhopper
Clodhoppers
Clog
Clogs
Clogged
Clogging
Cloisonne
Cloisonnes
Cloister
Cloisters
Cloistered
Cloistering
Cloistral
Clomp
Clomped
Clomping
Clomps
Clonal
Clone
Clones
Cloned
Cloning
Clonk
Clonks
Clonked
Clonking
Clop
Clops
Clopped
Clopping
Close
Closer
Closest
Closes
Closed
Closing
Closefisted
Closely
Closemouthed
Closeness
Closenesses
Closeout
Closeouts
Closet
Closets
Closeted
Closeting
Closeup
Closeups
Closings
Closure
Closures
Closured
Closuring
Clot
Clots
Clotted
Clotting
Cloth
Cloths
Clothe
Clothed
Clothing
Clothes
Clotheshorse
Clotheshorses
Clothesline
Clotheslines
Clothespin
Clothespins
Clothier
Clothiers
Clothings
Cloture
Clotures
Clotured
Cloturing
Cloud
Clouds
Clouded
Clouding
Cloudburst
Cloudbursts
Cloudiness
Cloudinesses
Cloudless
Cloudy
Cloudier
Cloudiest
Clout
Clouts
Clouted
Clouting
Cloves
Clover
Clovers
Cloverleaf
Cloverleafs
Cloverleaves
Clown
Clowns
Clowned
Clowning
Clownish
Clownishly
Clownishness
Clownishnesses
Cloy
Cloyed
Cloying
Cloys
Club
Clubs
Clubbed
Clubbing
Clubfoot
Clubfeet
Clubfoots
Clubfooted
Clubhouse
Clubhouses
Cluck
Clucks
Clucked
Clucking
Clue
Clues
Clued
Cluing
Clueing
Clueless
Clump
Clumps
Clumped
Clumping
Clumpy
Clumpier
Clumpiest
Clumsily
Clumsiness
Clumsinesses
Clumsy
Clumsier
Clumsiest
Clunk
Clunks
Clunked
Clunking
Clunker
Clunkers
Clunky
Clunkier
Clunkiest
Cluster
Clusters
Clustered
Clustering
Clutch
Clutches
Clutched
Clutching
Clutter
Clutters
Cluttered
Cluttering
Cnidarian
Cnidarians
Coach
Coaches
Coached
Coaching
Coachman
Coachmen
Coadjutor
Coadjutors
Coagulant
Coagulants
Coagulate
Coagulated
Coagulating
Coagulates
Coagulation
Coagulations
Coagulator
Coagulators
Coal
Coals
Coaled
Coaling
Coalesce
Coalesced
Coalescing
Coalesces
Coalescence
Coalescences
Coalescent
Coalface
Coalfaces
Coalition
Coalitions
Coalitionist
Coalitionists
Coarse
Coarser
Coarsest
Coarsely
Coarsen
Coarsened
Coarsening
Coarsens
Coarseness
Coarsenesses
Coast
Coasts
Coasted
Coasting
Coastal
Coaster
Coasters
Coastline
Coastlines
Coat
Coats
Coated
Coating
Coatings
Coattail
Coattails
Coauthor
Coauthors
Coauthored
Coauthoring
Coax
Coaxed
Coaxing
Coaxes
Coaxer
Coaxers
Coaxial
Coaxingly
Cob
Cobs
Cobalt
Cobalts
Cobble
Cobbles
Cobbled
Cobbling
Cobbler
Cobblers
Cobblestone
Cobblestones
Cobra
Cobras
Cobweb
Cobwebs
Cobwebbed
Cobwebbing
Cobwebby
Cobwebbier
Cobwebbiest
Coca
Cocas
Cocain
Cocains
Cocaine
Cocaines
Coccus
Cocci
Coccyx
Coccyges
Coccyxes
Cochineal
Cochineals
Cochlea
Cochleae
Cochleas
Cochlear
Cock
Cocks
Cocked
Cocking
Cockade
Cockades
Cockamamie
Cockatoo
Cockatoos
Cockatrice
Cockatrices
Cockcrow
Cockcrows
Cockerel
Cockerels
Cockeyed
Cockfight
Cockfights
Cockfighting
Cockfightings
Cockily
Cockiness
Cockinesses
Cockle
Cockles
Cockled
Cockling
Cockleshell
Cockleshells
Cockney
Cockneys
Cockpit
Cockpits
Cockroach
Cockroaches
Cockscomb
Cockscombs
Cocksucker
Cocksuckers
Cocksure
Cocktail
Cocktails
Cocktailed
Cocktailing
Cocky
Cockier
Cockiest
Cockies
Coco
Cocos
Cocoa
Cocoas
Cocoanut
Cocoanuts
Coconut
Coconuts
Cocoon
Cocoons
Cocooned
Cocooning
Cod
Cods
Coda
Codas
Coddle
Coddled
Coddling
Coddles
Code
Codes
Coded
Coding
Codeine
Codeines
Codependency
Codependencies
Codependent
Codependents
Coder
Coders
Codex
Codices
Codfish
Codfishes
Codger
Codgers
Codicil
Codicils
Codification
Codifications
Codifier
Codifiers
Codify
Codified
Codifying
Codifies
Codpiece
Codpieces
Coed
Coeds
Coeducation
Coeducations
Coeducational
Coefficient
Coefficients
Coelenterate
Coelenterates
Coequal
Coequals
Coequally
Coerce
Coerced
Coercing
Coerces
Coercer
Coercers
Coercion
Coercions
Coercive
Coeval
Coevals
Coevally
Coexist
Coexisted
Coexisting
Coexists
Coexistence
Coexistences
Coexistent
Coextensive
Coffee
Coffees
Coffeecake
Coffeecakes
Coffeehouse
Coffeehouses
Coffeehoused
Coffeehousing
Coffeemaker
Coffeemakers
Coffeepot
Coffeepots
Coffer
Coffers
Coffered
Coffering
Cofferdam
Cofferdams
Coffin
Coffins
Coffined
Coffining
Cog
Cogs
Cogged
Cogging
Cogency
Cogencies
Cogent
Cogently
Cogitate
Cogitated
Cogitating
Cogitates
Cogitation
Cogitations
Cogitative
Cogitator
Cogitators
Cognac
Cognacs
Cognate
Cognates
Cognition
Cognitions
Cognitional
Cognitive
Cognitively
Cognizable
Cognizance
Cognizances
Cognizant
Cognomen
Cognomens
Cognomina
Cognoscente
Cognoscenti
Cogwheel
Cogwheels
Cohabit
Cohabited
Cohabiting
Cohabits
Cohabitant
Cohabitants
Cohabitation
Cohabitations
Coheir
Coheirs
Cohere
Cohered
Cohering
Coheres
Coherence
Coherences
Coherency
Coherencies
Coherent
Coherently
Cohesion
Cohesions
Cohesive
Cohesively
Cohesiveness
Cohesivenesses
Coho
Cohos
Cohort
Cohorts
Coif
Coifs
Coiffed
Coifed
Coiffing
Coifing
Coiffure
Coiffures
Coiffured
Coiffuring
Coil
Coils
Coiled
Coiling
Coin
Coins
Coined
Coining
Coinage
Coinages
Coincide
Coincided
Coinciding
Coincides
Coincidence
Coincidences
Coincident
Coincidental
Coincidentally
Coiner
Coiners
Coinsurance
Coinsurances
Coital
Coitus
Coituses
Coke
Cokes
Coked
Coking
Cola
Colas
Colander
Colanders
Cold
Colder
Coldest
Colds
Coldblooded
Coldly
Coldness
Coldnesses
Coleslaw
Coleslaws
Coleus
Coleuses
Colic
Colics
Colicky
Coliseum
Coliseums
Colitis
Colitises
Collaborate
Collaborated
Collaborating
Collaborates
Collaboration
Collaborations
Collaborative
Collaborator
Collaborators
Collage
Collages
Collaged
Collaging
Collapse
Collapses
Collapsed
Collapsing
Collapsible
Collar
Collars
Collared
Collaring
Collarbone
Collarbones
Collard
Collards
Collarless
Collate
Collated
Collating
Collates
Collateral
Collaterals
Collateralize
Collateralized
Collateralizing
Collateralizes
Collaterally
Collation
Collations
Collator
Collators
Colleague
Colleagues
Collect
Collects
Collected
Collecting
Collectable
Collectables
Collectedly
Collectible
Collectibles
Collection
Collections
Collective
Collectives
Collectively
Collectivism
Collectivisms
Collectivist
Collectivists
Collectivization
Collectivizations
Collectivize
Collectivized
Collectivizing
Collectivizes
Collector
Collectors
Colleen
Colleens
College
Colleges
Collegiality
Collegialities
Collegian
Collegians
Collegiate
Collegiates
Collide
Collided
Colliding
Collides
Collie
Collies
Collier
Colliers
Colliery
Collieries
Collision
Collisions
Collocate
Collocates
Collocated
Collocating
Collocation
Collocations
Colloid
Colloids
Colloidal
Colloquial
Colloquialism
Colloquialisms
Colloquially
Colloquium
Colloquiums
Colloquia
Colloquy
Colloquies
Collude
Colluded
Colluding
Colludes
Collusion
Collusions
Collusive
Cologne
Colognes
Colon
Colones
Colons
Colonel
Colonels
Colonelcy
Colonelcies
Colonial
Colonials
Colonialism
Colonialisms
Colonialist
Colonialists
Colonially
Colonist
Colonists
Colonization
Colonizations
Colonize
Colonized
Colonizing
Colonizes
Colonizer
Colonizers
Colonnade
Colonnades
Colonnaded
Colony
Colonies
Colophon
Colophons
Color
Colors
Colored
Coloring
Colorant
Colorants
Coloration
Colorations
Coloratura
Coloraturas
Colorblind
Colorblindness
Colorblindnesses
Coloreds
Colorfast
Colorfastness
Colorfastnesses
Colorful
Colorfully
Colorfulness
Colorfulnesses
Colorings
Colorization
Colorizations
Colorize
Colorized
Colorizing
Colorizes
Colorless
Colorlessly
Colorlessness
Colorlessnesses
Colossal
Colossally
Colossus
Colossi
Colossuses
Colostomy
Colostomies
Colostrum
Colostrums
Colour
Colours
Coloured
Colouring
Colt
Colts
Coltish
Columbine
Columbines
Column
Columns
Columnar
Columned
Columnist
Columnists
Coma
Comas
Comae
Comaker
Comakers
Comatose
Comb
Combs
Combed
Combing
Combat
Combats
Combated
Combatted
Combating
Combatting
Combatant
Combatants
Combative
Combativeness
Combativenesses
Comber
Combers
Combination
Combinations
Combine
Combines
Combined
Combining
Combiner
Combiners
Combings
Combo
Combos
Combustibility
Combustibilities
Combustible
Combustibles
Combustion
Combustions
Combustive
Come
Comes
Coming
Comeback
Comebacks
Comedian
Comedians
Comedic
Comedienne
Comediennes
Comedown
Comedowns
Comedy
Comedies
Comeliness
Comelinesses
Comely
Comelier
Comeliest
Comer
Comers
Comestible
Comestibles
Comet
Comets
Comeuppance
Comeuppances
Comfit
Comfits
Comfort
Comforts
Comforted
Comforting
Comfortable
Comfortableness
Comfortablenesses
Comfortably
Comforter
Comforters
Comfortingly
Comfy
Comfier
Comfiest
Comic
Comics
Comical
Comicality
Comicalities
Comically
Comings
Comity
Comities
Comma
Commas
Command
Commands
Commanded
Commanding
Commandant
Commandants
Commandeer
Commandeered
Commandeering
Commandeers
Commander
Commanders
Commandment
Commandments
Commando
Commandos
Commandoes
Commemorate
Commemorated
Commemorating
Commemorates
Commemoration
Commemorations
Commemorative
Commemoratives
Commemorator
Commemorators
Commence
Commenced
Commencing
Commences
Commencement
Commencements
Commend
Commended
Commending
Commends
Commendable
Commendably
Commendation
Commendations
Commendatory
Commensurable
Commensurate
Commensurately
Comment
Comments
Commented
Commenting
Commentary
Commentaries
Commentate
Commentated
Commentating
Commentates
Commentator
Commentators
Commerce
Commerces
Commercial
Commercials
Commercialism
Commercialisms
Commercialization
Commercializations
Commercialize
Commercialized
Commercializing
Commercializes
Commercially
Commie
Commies
Commingle
Commingled
Commingling
Commingles
Commiserate
Commiserated
Commiserating
Commiserates
Commiseration
Commiserations
Commiserative
Commissar
Commissars
Commissariat
Commissariats
Commissary
Commissaries
Commission
Commissions
Commissioned
Commissioning
Commissioner
Commissioners
Commit
Committed
Committing
Commits
Commitment
Commitments
Committal
Committals
Committee
Committees
Committeeman
Committeemen
Committeewoman
Committeewomen
Commode
Commodes
Commodious
Commodiously
Commodity
Commodities
Commodore
Commodores
Common
Commoner
Commonest
Commons
Commonalty
Commonalties
Commoners
Commonly
Commonness
Commonnesses
Commonplace
Commonplaces
Commonsense
Commonweal
Commonweals
Commonwealth
Commonwealths
Commotion
Commotions
Communal
Communally
Commune
Communes
Communed
Communing
Communicability
Communicabilities
Communicable
Communicably
Communicant
Communicants
Communicate
Communicated
Communicating
Communicates
Communication
Communications
Communicative
Communicator
Communicators
Communion
Communions
Communique
Communiques
Communism
Communisms
Communist
Communists
Communistic
Community
Communities
Commutable
Commutation
Commutations
Commutative
Commutator
Commutators
Commute
Commutes
Commuted
Commuting
Commuter
Commuters
Comp
Comps
Comped
Comping
Compact
Compacter
Compactest
Compacts
Compacted
Compacting
Compactly
Compactness
Compactnesses
Compactor
Compactors
Companion
Companions
Companioned
Companioning
Companionable
Companionably
Companionship
Companionships
Companionway
Companionways
Company
Companies
Companied
Companying
Comparability
Comparabilities
Comparable
Comparably
Comparative
Comparatives
Comparatively
Compare
Compares
Compared
Comparing
Comparison
Comparisons
Compartment
Compartments
Compartmented
Compartmenting
Compartmental
Compartmentalization
Compartmentalizations
Compartmentalize
Compartmentalized
Compartmentalizing
Compartmentalizes
Compass
Compasses
Compassed
Compassing
Compassion
Compassions
Compassioned
Compassioning
Compassionate
Compassionated
Compassionating
Compassionates
Compassionately
Compatibility
Compatibilities
Compatible
Compatibles
Compatibly
Compatriot
Compatriots
Compeer
Compeers
Compeered
Compeering
Compel
Compelled
Compelling
Compels
Compellingly
Compendious
Compendium
Compendiums
Compendia
Compensate
Compensated
Compensating
Compensates
Compensation
Compensations
Compensatory
Compete
Competed
Competing
Competes
Competence
Competences
Competency
Competencies
Competent
Competently
Competition
Competitions
Competitive
Competitively
Competitiveness
Competitivenesses
Competitor
Competitors
Compilation
Compilations
Compile
Compiled
Compiling
Compiles
Compiler
Compilers
Complacence
Complacences
Complacency
Complacencies
Complacent
Complacently
Complain
Complained
Complaining
Complains
Complainant
Complainants
Complainer
Complainers
Complaint
Complaints
Complaisance
Complaisances
Complaisant
Complaisantly
Complected
Complement
Complements
Complemented
Complementing
Complementary
Complementaries
Complete
Completer
Completest
Completed
Completing
Completes
Completely
Completeness
Completenesses
Completion
Completions
Complex
Complexer
Complexest
Complexes
Complexed
Complexing
Complexion
Complexions
Complexional
Complexioned
Complexity
Complexities
Complexly
Compliance
Compliances
Compliant
Compliantly
Complicate
Complicated
Complicating
Complicates
Complicatedly
Complication
Complications
Complicit
Complicity
Complicities
Compliment
Compliments
Complimented
Complimenting
Complimentary
Comply
Complied
Complying
Complies
Component
Components
Comport
Comported
Comporting
Comports
Comportment
Comportments
Compose
Composed
Composing
Composes
Composedly
Composer
Composers
Composite
Composites
Composited
Compositing
Compositely
Composition
Compositions
Compositor
Compositors
Compost
Composts
Composted
Composting
Composure
Composures
Compote
Compotes
Compound
Compounds
Compounded
Compounding
Compoundable
Comprehend
Comprehended
Comprehending
Comprehends
Comprehensibility
Comprehensibilities
Comprehensible
Comprehensibly
Comprehension
Comprehensions
Comprehensive
Comprehensives
Comprehensively
Comprehensiveness
Comprehensivenesses
Compress
Compresses
Compressed
Compressing
Compressible
Compression
Compressions
Compressor
Compressors
Comprise
Comprised
Comprising
Comprises
Compromise
Compromises
Compromised
Compromising
Comptroller
Comptrollers
Compulsion
Compulsions
Compulsive
Compulsives
Compulsively
Compulsiveness
Compulsivenesses
Compulsorily
Compulsory
Compulsories
Compunction
Compunctions
Computation
Computations
Computational
Compute
Computes
Computed
Computing
Computer
Computers
Computerization
Computerizations
Computerize
Computerized
Computerizing
Computerizes
Computings
Comrade
Comrades
Comradely
Comradeship
Comradeships
Con
Cons
Conned
Conning
Concatenate
Concatenated
Concatenating
Concatenates
Concatenation
Concatenations
Concave
Concaved
Concaving
Concaves
Concavely
Concaveness
Concavenesses
Concavity
Concavities
Conceal
Concealed
Concealing
Conceals
Concealable
Concealer
Concealers
Concealment
Concealments
Concede
Conceded
Conceding
Concedes
Conceit
Conceits
Conceited
Conceiting
Conceitedly
Conceitedness
Conceitednesses
Conceivable
Conceivably
Conceive
Conceived
Conceiving
Conceives
Concentrate
Concentrates
Concentrated
Concentrating
Concentration
Concentrations
Concentric
Concentrically
Concept
Concepts
Conception
Conceptions
Conceptional
Conceptual
Conceptualization
Conceptualizations
Conceptualize
Conceptualized
Conceptualizing
Conceptualizes
Conceptually
Concern
Concerns
Concerned
Concerning
Concert
Concerts
Concerted
Concerting
Concertedly
Concertina
Concertinas
Concertinaed
Concertinaing
Concertize
Concertized
Concertizing
Concertizes
Concertmaster
Concertmasters
Concerto
Concertos
Concerti
Concession
Concessions
Concessionaire
Concessionaires
Concessional
Concessionary
Concessionaries
Conch
Conchs
Conches
Concierge
Concierges
Conciliate
Conciliated
Conciliating
Conciliates
Conciliation
Conciliations
Conciliator
Conciliators
Conciliatory
Concise
Conciser
Concisest
Concisely
Conciseness
Concisenesses
Concision
Concisions
Conclave
Conclaves
Conclude
Concluded
Concluding
Concludes
Conclusion
Conclusions
Conclusive
Conclusively
Conclusiveness
Conclusivenesses
Concoct
Concocted
Concocting
Concocts
Concoction
Concoctions
Concomitant
Concomitants
Concomitantly
Concord
Concords
Concordance
Concordances
Concordant
Concordat
Concordats
Concourse
Concourses
Concrete
Concretes
Concreted
Concreting
Concretely
Concreteness
Concretenesses
Concretion
Concretions
Concubinage
Concubinages
Concubine
Concubines
Concupiscence
Concupiscences
Concupiscent
Concur
Concurred
Concurring
Concurs
Concurrence
Concurrences
Concurrent
Concurrents
Concurrently
Concuss
Concussed
Concussing
Concusses
Concussion
Concussions
Concussive
Condemn
Condemned
Condemning
Condemns
Condemnation
Condemnations
Condemnatory
Condemner
Condemners
Condensate
Condensates
Condensation
Condensations
Condense
Condensed
Condensing
Condenses
Condenser
Condensers
Condescend
Condescended
Condescending
Condescends
Condescendingly
Condescension
Condescensions
Condign
Condiment
Condiments
Condition
Conditions
Conditioned
Conditioning
Conditional
Conditionals
Conditionally
Conditioner
Conditioners
Conditionings
Condo
Condos
Condoes
Condole
Condoled
Condoling
Condoles
Condolence
Condolences
Condom
Condoms
Condominium
Condominiums
Condominia
Condone
Condoned
Condoning
Condones
Condor
Condors
Conduce
Conduced
Conducing
Conduces
Conducive
Conduct
Conducts
Conducted
Conducting
Conductance
Conductances
Conductibility
Conductibilities
Conductible
Conduction
Conductions
Conductive
Conductivity
Conductivities
Conductor
Conductors
Conductress
Conductresses
Conduit
Conduits
Cone
Cones
Coned
Coning
Coney
Coneys
Confab
Confabs
Confabbed
Confabbing
Confabulate
Confabulated
Confabulating
Confabulates
Confabulation
Confabulations
Confection
Confections
Confectioned
Confectioning
Confectioner
Confectioners
Confectionery
Confectioneries
Confederacy
Confederacies
Confederate
Confederates
Confederated
Confederating
Confederation
Confederations
Confer
Conferred
Conferring
Confers
Conferable
Conferee
Conferees
Conference
Conferences
Conferenced
Conferencing
Conferment
Conferments
Conferral
Conferrals
Conferrer
Conferrers
Confess
Confessed
Confessing
Confesses
Confessedly
Confession
Confessions
Confessional
Confessionals
Confessor
Confessors
Confetti
Confidant
Confidants
Confidante
Confidantes
Confide
Confided
Confiding
Confides
Confidence
Confidences
Confident
Confidents
Confidential
Confidentiality
Confidentialities
Confidentially
Confidently
Confider
Confiders
Configuration
Configurations
Configure
Configured
Configuring
Configures
Confine
Confines
Confined
Confining
Confinement
Confinements
Confirm
Confirmed
Confirming
Confirms
Confirmation
Confirmations
Confiscate
Confiscated
Confiscating
Confiscates
Confiscation
Confiscations
Confiscator
Confiscators
Confiscatory
Conflagration
Conflagrations
Conflate
Conflated
Conflating
Conflates
Conflation
Conflations
Conflict
Conflicts
Conflicted
Conflicting
Confluence
Confluences
Confluent
Confluents
Conform
Conformed
Conforming
Conforms
Conformable
Conformance
Conformances
Conformation
Conformations
Conformer
Conformers
Conformism
Conformisms
Conformist
Conformists
Conformity
Conformities
Confound
Confounded
Confounding
Confounds
Confraternity
Confraternities
Confrere
Confreres
Confront
Confronted
Confronting
Confronts
Confrontation
Confrontations
Confrontational
Confuse
Confused
Confusing
Confuses
Confusedly
Confusingly
Confusion
Confusions
Confutation
Confutations
Confute
Confuted
Confuting
Confutes
Conga
Congas
Congaed
Congaing
Congeal
Congealed
Congealing
Congeals
Congealment
Congealments
Congenial
Congeniality
Congenialities
Congenially
Congenital
Congenitally
Conger
Congers
Congeries
Congest
Congested
Congesting
Congests
Congestion
Congestions
Congestive
Conglomerate
Conglomerates
Conglomerated
Conglomerating
Conglomeration
Conglomerations
Congrats
Congratulate
Congratulated
Congratulating
Congratulates
Congratulation
Congratulations
Congratulatory
Congregant
Congregants
Congregate
Congregated
Congregating
Congregates
Congregation
Congregations
Congregational
Congregationalism
Congregationalisms
Congregationalist
Congregationalists
Congress
Congresses
Congressed
Congressing
Congressional
Congressman
Congressmen
Congressperson
Congresspersons
Congresswoman
Congresswomen
Congruence
Congruences
Congruent
Congruently
Congruity
Congruities
Congruous
Conic
Conics
Conical
Conically
Conifer
Conifers
Coniferous
Conjectural
Conjecture
Conjectures
Conjectured
Conjecturing
Conjoin
Conjoined
Conjoining
Conjoins
Conjoiner
Conjoiners
Conjoint
Conjointly
Conjugal
Conjugally
Conjugate
Conjugates
Conjugated
Conjugating
Conjugation
Conjugations
Conjunct
Conjuncts
Conjunction
Conjunctions
Conjunctiva
Conjunctivas
Conjunctivae
Conjunctive
Conjunctives
Conjunctivitis
Conjunctivitises
Conjuncture
Conjunctures
Conjuration
Conjurations
Conjure
Conjured
Conjuring
Conjures
Conjurer
Conjurers
Conjuror
Conjurors
Conk
Conks
Conked
Conking
Conman
Conmen
Connect
Connected
Connecting
Connects
Connectable
Connecter
Connecters
Connectible
Connection
Connections
Connective
Connectives
Connectivity
Connectivities
Connector
Connectors
Connexion
Connexions
Conniption
Conniptions
Connivance
Connivances
Connive
Connived
Conniving
Connives
Conniver
Connivers
Connoisseur
Connoisseurs
Connotation
Connotations
Connotative
Connote
Connoted
Connoting
Connotes
Connubial
Conquer
Conquered
Conquering
Conquers
Conquerable
Conqueror
Conquerors
Conquest
Conquests
Conquistador
Conquistadors
Conquistadores
Consanguineous
Consanguinity
Consanguinities
Conscience
Consciences
Conscienceless
Conscientious
Conscientiously
Conscientiousness
Conscientiousnesses
Conscious
Consciously
Consciousness
Consciousnesses
Conscript
Conscripts
Conscripted
Conscripting
Conscription
Conscriptions
Consecrate
Consecrated
Consecrating
Consecrates
Consecration
Consecrations
Consecutive
Consecutively
Consensual
Consensus
Consensuses
Consent
Consents
Consented
Consenting
Consequence
Consequences
Consequent
Consequents
Consequential
Consequentially
Consequently
Conservancy
Conservancies
Conservation
Conservations
Conservationism
Conservationisms
Conservationist
Conservationists
Conservatism
Conservatisms
Conservative
Conservatives
Conservatively
Conservator
Conservators
Conservatory
Conservatories
Conserve
Conserves
Conserved
Conserving
Consider
Considered
Considering
Considers
Considerable
Considerables
Considerably
Considerate
Considerately
Considerateness
Consideratenesses
Consideration
Considerations
Consign
Consigned
Consigning
Consigns
Consignee
Consignees
Consignment
Consignments
Consignor
Consignors
Consist
Consisted
Consisting
Consists
Consistence
Consistences
Consistency
Consistencies
Consistent
Consistently
Consistory
Consistories
Consolable
Consolation
Consolations
Consolatory
Console
Consoles
Consoled
Consoling
Consolidate
Consolidated
Consolidating
Consolidates
Consolidation
Consolidations
Consolidator
Consolidators
Consolingly
Consomme
Consommes
Consonance
Consonances
Consonant
Consonants
Consonantly
Consort
Consorts
Consorted
Consorting
Consortium
Consortia
Consortiums
Conspectus
Conspectuses
Conspicuous
Conspicuously
Conspicuousness
Conspicuousnesses
Conspiracy
Conspiracies
Conspirator
Conspirators
Conspiratorial
Conspiratorially
Conspire
Conspired
Conspiring
Conspires
Constable
Constables
Constabulary
Constabularies
Constancy
Constancies
Constant
Constants
Constantly
Constellation
Constellations
Consternation
Consternations
Constipate
Constipated
Constipating
Constipates
Constipation
Constipations
Constituency
Constituencies
Constituent
Constituents
Constitute
Constituted
Constituting
Constitutes
Constitution
Constitutions
Constitutional
Constitutionals
Constitutionality
Constitutionalities
Constitutionally
Constitutive
Constrain
Constrained
Constraining
Constrains
Constraint
Constraints
Constrict
Constricted
Constricting
Constricts
Constriction
Constrictions
Constrictive
Constrictor
Constrictors
Construable
Construct
Constructs
Constructed
Constructing
Construction
Constructions
Constructional
Constructionist
Constructionists
Constructive
Constructively
Constructiveness
Constructivenesses
Constructor
Constructors
Construe
Construes
Construed
Construing
Consubstantiation
Consubstantiations
Consul
Consuls
Consular
Consulate
Consulates
Consulship
Consulships
Consult
Consulted
Consulting
Consults
Consultancy
Consultancies
Consultant
Consultants
Consultation
Consultations
Consultative
Consumable
Consumables
Consume
Consumed
Consuming
Consumes
Consumer
Consumers
Consumerism
Consumerisms
Consumerist
Consumerists
Consummate
Consummated
Consummating
Consummates
Consummately
Consummation
Consummations
Consumption
Consumptions
Consumptive
Consumptives
Contact
Contacts
Contacted
Contacting
Contagion
Contagions
Contagious
Contagiously
Contagiousness
Contagiousnesses
Contain
Contained
Containing
Contains
Containable
Container
Containers
Containerization
Containerizations
Containerize
Containerized
Containerizing
Containerizes
Containment
Containments
Contaminant
Contaminants
Contaminate
Contaminated
Contaminating
Contaminates
Contamination
Contaminations
Contaminator
Contaminators
Contemn
Contemned
Contemning
Contemns
Contemplate
Contemplated
Contemplating
Contemplates
Contemplation
Contemplations
Contemplative
Contemplatives
Contemporaneity
Contemporaneities
Contemporaneous
Contemporaneously
Contemporary
Contemporaries
Contempt
Contempts
Contemptible
Contemptibly
Contemptuous
Contemptuously
Contemptuousness
Contemptuousnesses
Contend
Contended
Contending
Contends
Contender
Contenders
Content
Contents
Contented
Contenting
Contentedly
Contentedness
Contentednesses
Contention
Contentions
Contentious
Contentiously
Contentiousness
Contentiousnesses
Contently
Contentment
Contentments
Conterminous
Conterminously
Contest
Contests
Contested
Contesting
Contestable
Contestant
Contestants
Context
Contexts
Contextual
Contextualize
Contextualized
Contextualizing
Contextualizes
Contextually
Contiguity
Contiguities
Contiguous
Contiguously
Continence
Continences
Continent
Continents
Continental
Continentals
Contingency
Contingencies
Contingent
Contingents
Contingently
Continual
Continually
Continuance
Continuances
Continuation
Continuations
Continue
Continued
Continuing
Continues
Continuity
Continuities
Continuous
Continuously
Continuum
Continua
Continuums
Contort
Contorted
Contorting
Contorts
Contortion
Contortions
Contortionist
Contortionists
Contour
Contours
Contoured
Contouring
Contraband
Contrabands
Contraception
Contraceptions
Contraceptive
Contraceptives
Contract
Contracts
Contracted
Contracting
Contractible
Contractile
Contraction
Contractions
Contractor
Contractors
Contractual
Contractually
Contradict
Contradicted
Contradicting
Contradicts
Contradiction
Contradictions
Contradictory
Contradictories
Contradistinction
Contradistinctions
Contrail
Contrails
Contraindicate
Contraindicated
Contraindicating
Contraindicates
Contraindication
Contraindications
Contralto
Contraltos
Contraption
Contraptions
Contrapuntal
Contrapuntally
Contrariety
Contrarieties
Contrarily
Contrariness
Contrarinesses
Contrariwise
Contrary
Contraries
Contrast
Contrasts
Contrasted
Contrasting
Contravene
Contravened
Contravening
Contravenes
Contravention
Contraventions
Contretemps
Contribute
Contributed
Contributing
Contributes
Contribution
Contributions
Contributor
Contributors
Contributory
Contributories
Contrite
Contritely
Contriteness
Contritenesses
Contrition
Contritions
Contrivance
Contrivances
Contrive
Contrived
Contriving
Contrives
Contriver
Contrivers
Control
Controls
Controlled
Controlling
Controllable
Controller
Controllers
Controversial
Controversially
Controversy
Controversies
Controvert
Controverted
Controverting
Controverts
Controvertible
Contumacious
Contumaciously
Contumacy
Contumacies
Contumelious
Contumely
Contumelies
Contuse
Contused
Contusing
Contuses
Contusion
Contusions
Conundrum
Conundrums
Conurbation
Conurbations
Convalesce
Convalesced
Convalescing
Convalesces
Convalescence
Convalescences
Convalescent
Convalescents
Convection
Convections
Convectional
Convective
Convene
Convened
Convening
Convenes
Convener
Conveners
Convenience
Conveniences
Convenient
Conveniently
Convent
Convents
Conventicle
Conventicles
Convention
Conventions
Conventional
Conventionality
Conventionalities
Conventionalize
Conventionalized
Conventionalizing
Conventionalizes
Conventionally
Converge
Converged
Converging
Converges
Convergence
Convergences
Convergent
Conversant
Conversation
Conversations
Conversational
Conversationalist
Conversationalists
Conversationally
Converse
Converses
Conversed
Conversing
Conversely
Conversion
Conversions
Convert
Converts
Converted
Converting
Converter
Converters
Convertibility
Convertibilities
Convertible
Convertibles
Convertor
Convertors
Convex
Convexity
Convexities
Convexly
Convey
Conveyed
Conveying
Conveys
Conveyable
Conveyance
Conveyances
Conveyer
Conveyers
Conveyor
Conveyors
Convict
Convicts
Convicted
Convicting
Conviction
Convictions
Convince
Convinced
Convincing
Convinces
Convincingly
Convivial
Conviviality
Convivialities
Convivially
Convocation
Convocations
Convoke
Convoked
Convoking
Convokes
Convoluted
Convolution
Convolutions
Convoy
Convoys
Convoyed
Convoying
Convulse
Convulsed
Convulsing
Convulses
Convulsion
Convulsions
Convulsive
Convulsively
Cony
Conies
Coo
Coos
Cooed
Cooing
Cook
Cooks
Cooked
Cooking
Cookbook
Cookbooks
Cooker
Cookers
Cookery
Cookeries
Cookie
Cookies
Cookings
Cookout
Cookouts
Cookware
Cookwares
Cooky
Cool
Cooler
Coolest
Cools
Cooled
Cooling
Coolant
Coolants
Coolers
Coolie
Coolies
Coolly
Coolness
Coolnesses
Coon
Coons
Coonskin
Coonskins
Coop
Coops
Cooped
Cooping
Cooper
Coopers
Coopered
Coopering
Cooperage
Cooperages
Cooperate
Cooperated
Cooperating
Cooperates
Cooperation
Cooperations
Cooperative
Cooperatives
Cooperatively
Cooperativeness
Cooperativenesses
Cooperator
Cooperators
Coordinate
Coordinates
Coordinated
Coordinating
Coordinately
Coordination
Coordinations
Coordinator
Coordinators
Coot
Coots
Cootie
Cooties
Cop
Cops
Copped
Copping
Copacetic
Copay
Copays
Cope
Copes
Coped
Coping
Copier
Copiers
Copilot
Copilots
Copings
Copious
Copiously
Copiousness
Copiousnesses
Copper
Coppers
Coppered
Coppering
Copperhead
Copperheads
Copperplate
Copperplates
Coppery
Coppice
Coppices
Copra
Copras
Copse
Copses
Copter
Copters
Copula
Copulas
Copulae
Copulate
Copulated
Copulating
Copulates
Copulation
Copulations
Copulative
Copulatives
Copy
Copies
Copied
Copying
Copybook
Copybooks
Copycat
Copycats
Copycatted
Copycatting
Copyist
Copyists
Copyright
Copyrights
Copyrighted
Copyrighting
Copywriter
Copywriters
Coquetry
Coquetries
Coquette
Coquettes
Coquetted
Coquetting
Coquettish
Coquettishly
Coracle
Coracles
Coral
Corals
Corbel
Corbels
Corbeled
Corbelled
Corbeling
Corbelling
Cord
Cords
Corded
Cording
Cordage
Cordages
Cordial
Cordials
Cordiality
Cordialities
Cordially
Cordillera
Cordilleras
Cordite
Cordites
Cordless
Cordon
Cordons
Cordoned
Cordoning
Cordovan
Cordovans
Corduroy
Corduroys
Corduroyed
Corduroying
Core
Cores
Cored
Coring
Corer
Corers
Corespondent
Corespondents
Corgi
Corgis
Coriander
Corianders
Cork
Corks
Corked
Corking
Corker
Corkers
Corkscrew
Corkscrews
Corkscrewed
Corkscrewing
Corm
Corms
Cormorant
Cormorants
Corn
Corns
Corned
Corning
Cornball
Cornballs
Cornbread
Cornbreads
Corncob
Corncobs
Cornea
Corneas
Corneal
Corner
Corners
Cornered
Cornering
Cornerstone
Cornerstones
Cornet
Cornets
Cornflakes
Cornflower
Cornflowers
Cornice
Cornices
Corniced
Cornicing
Cornily
Corniness
Corninesses
Cornmeal
Cornmeals
Cornrow
Cornrows
Cornrowed
Cornrowing
Cornstalk
Cornstalks
Cornstarch
Cornstarches
Cornucopia
Cornucopias
Corny
Cornier
Corniest
Corolla
Corollas
Corollary
Corollaries
Corona
Coronas
Coronae
Coronal
Coronals
Coronary
Coronaries
Coronation
Coronations
Coroner
Coroners
Coronet
Coronets
Corporal
Corporals
Corporate
Corporately
Corporation
Corporations
Corporeal
Corporeality
Corporealities
Corporeally
Corps
Corpse
Corpses
Corpsman
Corpsmen
Corpulence
Corpulences
Corpulent
Corpus
Corpora
Corpuses
Corpuscle
Corpuscles
Corpuscular
Corral
Corrals
Corralled
Corralling
Correct
Correcter
Correctest
Corrected
Correcting
Corrects
Correctable
Correction
Corrections
Correctional
Corrective
Correctives
Correctly
Correctness
Correctnesses
Correlate
Correlates
Correlated
Correlating
Correlation
Correlations
Correlative
Correlatives
Correspond
Corresponded
Corresponding
Corresponds
Correspondence
Correspondences
Correspondent
Correspondents
Correspondingly
Corridor
Corridors
Corroborate
Corroborated
Corroborating
Corroborates
Corroboration
Corroborations
Corroborative
Corroborator
Corroborators
Corroboratory
Corrode
Corroded
Corroding
Corrodes
Corrosion
Corrosions
Corrosive
Corrosives
Corrosively
Corrugate
Corrugated
Corrugating
Corrugates
Corrugation
Corrugations
Corrupt
Corrupter
Corruptest
Corrupted
Corrupting
Corrupts
Corruptibility
Corruptibilities
Corruptible
Corruption
Corruptions
Corruptly
Corruptness
Corruptnesses
Corsage
Corsages
Corsair
Corsairs
Corset
Corsets
Corseted
Corseting
Cortege
Corteges
Cortex
Cortices
Cortexes
Cortical
Cortisone
Cortisones
Corundum
Corundums
Coruscate
Coruscated
Coruscating
Coruscates
Coruscation
Coruscations
Corvette
Corvettes
Cos
Coses
Cosign
Cosigned
Cosigning
Cosigns
Cosignatory
Cosignatories
Cosigner
Cosigners
Cosily
Cosine
Cosines
Cosiness
Cosinesses
Cosmetic
Cosmetics
Cosmetically
Cosmetician
Cosmeticians
Cosmetologist
Cosmetologists
Cosmetology
Cosmetologies
Cosmic
Cosmically
Cosmogonist
Cosmogonists
Cosmogony
Cosmogonies
Cosmological
Cosmologist
Cosmologists
Cosmology
Cosmologies
Cosmonaut
Cosmonauts
Cosmopolitan
Cosmopolitans
Cosmopolitanism
Cosmopolitanisms
Cosmos
Cosmoses
Cosponsor
Cosponsors
Cosponsored
Cosponsoring
Cosset
Cossets
Cosseted
Cosseting
Cost
Costs
Costed
Costing
Costar
Costars
Costarred
Costarring
Costliness
Costlinesses
Costly
Costlier
Costliest
Costume
Costumes
Costumed
Costuming
Costumer
Costumers
Cosy
Cosier
Cosiest
Cosies
Cosied
Cosying
Cot
Cots
Cotangent
Cotangents
Cote
Cotes
Coted
Coting
Coterie
Coteries
Coterminous
Cotillion
Cotillions
Cottage
Cottages
Cottager
Cottagers
Cottar
Cottars
Cotter
Cotters
Cottered
Cottering
Cotton
Cottons
Cottoned
Cottoning
Cottonmouth
Cottonmouths
Cottonseed
Cottonseeds
Cottontail
Cottontails
Cottonwood
Cottonwoods
Cottony
Cotyledon
Cotyledons
Couch
Couches
Couched
Couching
Cougar
Cougars
Cough
Coughs
Coughed
Coughing
Coulee
Coulees
Coulomb
Coulombs
Council
Councils
Councillor
Councillors
Councilman
Councilmen
Councilor
Councilors
Councilperson
Councilpersons
Councilwoman
Councilwomen
Counsel
Counsels
Counseled
Counselled
Counseling
Counselling
Counsellor
Counsellors
Counselor
Counselors
Count
Counts
Counted
Counting
Countable
Countdown
Countdowns
Countenance
Countenances
Countenanced
Countenancing
Counter
Counters
Countered
Countering
Counteract
Counteracted
Counteracting
Counteracts
Counteraction
Counteractions
Counteractive
Counterattack
Counterattacks
Counterattacked
Counterattacking
Counterbalance
Counterbalances
Counterbalanced
Counterbalancing
Counterclaim
Counterclaims
Counterclaimed
Counterclaiming
Counterclockwise
Counterculture
Countercultures
Counterespionage
Counterespionages
Counterfeit
Counterfeits
Counterfeited
Counterfeiting
Counterfeiter
Counterfeiters
Counterfoil
Counterfoils
Counterinsurgency
Counterinsurgencies
Counterintelligence
Counterintelligences
Counterman
Countermen
Countermand
Countermands
Countermanded
Countermanding
Countermeasure
Countermeasures
Counteroffensive
Counteroffensives
Counteroffer
Counteroffers
Counteroffered
Counteroffering
Counterpane
Counterpanes
Counterpart
Counterparts
Counterpoint
Counterpoints
Counterpointed
Counterpointing
Counterpoise
Counterpoises
Counterpoised
Counterpoising
Counterproductive
Counterrevolution
Counterrevolutions
Counterrevolutionary
Counterrevolutionaries
Countersign
Countersigns
Countersigned
Countersigning
Countersignature
Countersignatures
Countersink
Countersinks
Countersunk
Countersank
Countersinking
Counterspy
Counterspies
Countertenor
Countertenors
Countervail
Countervailed
Countervailing
Countervails
Counterweight
Counterweights
Counterweighted
Counterweighting
Countess
Countesses
Countless
Countrified
Country
Countries
Countryman
Countrymen
Countryside
Countrysides
Countrywoman
Countrywomen
County
Counties
Coup
Coups
Couped
Couping
Coupe
Coupes
Couple
Couples
Coupled
Coupling
Couplet
Couplets
Couplings
Coupon
Coupons
Courage
Courages
Courageous
Courageously
Courageousness
Courageousnesses
Courier
Couriers
Couriered
Couriering
Course
Courses
Coursed
Coursing
Courser
Coursers
Court
Courts
Courted
Courting
Courteous
Courteously
Courteousness
Courteousnesses
Courtesan
Courtesans
Courtesy
Courtesies
Courtesied
Courtesying
Courthouse
Courthouses
Courtier
Courtiers
Courtliness
Courtlinesses
Courtly
Courtlier
Courtliest
Courtroom
Courtrooms
Courtship
Courtships
Courtyard
Courtyards
Couscous
Couscouses
Cousin
Cousins
Couture
Coutures
Couturier
Couturiers
Cove
Coves
Coved
Coving
Coven
Covens
Covenant
Covenants
Covenanted
Covenanting
Cover
Covers
Covered
Covering
Coverage
Coverages
Coverall
Coveralls
Coverings
Coverlet
Coverlets
Covert
Coverts
Covertly
Covertness
Covertnesses
Coverup
Coverups
Covet
Coveted
Coveting
Covets
Covetous
Covetously
Covetousness
Covetousnesses
Covey
Coveys
Cow
Cows
@kine
Cowed
Cowing
Coward
Cowards
Cowardice
Cowardices
Cowardliness
Cowardlinesses
Cowardly
Cowbell
Cowbells
Cowbird
Cowbirds
Cowboy
Cowboys
Cowcatcher
Cowcatchers
Cower
Cowered
Cowering
Cowers
Cowgirl
Cowgirls
Cowhand
Cowhands
Cowherd
Cowherds
Cowhide
Cowhides
Cowhided
Cowhiding
Cowl
Cowls
Cowled
Cowling
Cowlick
Cowlicks
Cowlings
Cowman
Cowmen
Coworker
Coworkers
Cowpoke
Cowpokes
Cowpox
Cowpoxes
Cowpuncher
Cowpunchers
Cowrie
Cowries
Cowslip
Cowslips
Coxcomb
Coxcombs
Coxswain
Coxswains
Coy
Coyer
Coyest
Coyed
Coying
Coys
Coyly
Coyness
Coynesses
Coyote
Coyotes
Coypu
Coypus
Cozen
Cozened
Cozening
Cozens
Cozenage
Cozenages
Cozily
Coziness
Cozinesses
Cozy
Cozier
Coziest
Cozies
Cozied
Cozying
Crab
Crabs
Crabbed
Crabbing
Crabber
Crabbers
Crabbily
Crabbiness
Crabbinesses
Crabby
Crabbier
Crabbiest
Crabgrass
Crabgrasses
Crablike
Crack
Cracks
Cracked
Cracking
Crackdown
Crackdowns
Cracker
Crackers
Crackerjack
Crackerjacks
Crackhead
Crackheads
Crackle
Crackles
Crackled
Crackling
Cracklings
Crackly
Cracklier
Crackliest
Crackpot
Crackpots
Crackup
Crackups
Cradle
Cradles
Cradled
Cradling
Craft
Crafts
Crafted
Crafting
Craftily
Craftiness
Craftinesses
Craftsman
Craftsmen
Craftsmanship
Craftsmanships
Craftswoman
Craftswomen
Crafty
Craftier
Craftiest
Crag
Crags
Cragginess
Cragginesses
Craggy
Craggier
Craggiest
Cram
Crams
Crammed
Cramming
Cramp
Cramps
Cramped
Cramping
Crampings
Crampon
Crampons
Cranberry
Cranberries
Crane
Cranes
Craned
Craning
Cranial
Cranium
Craniums
Crania
Crank
Cranker
Crankest
Cranks
Cranked
Cranking
Crankcase
Crankcases
Crankily
Crankiness
Crankinesses
Crankshaft
Crankshafts
Cranky
Crankier
Crankiest
Crannied
Cranny
Crannies
Crap
Craps
Crapped
Crapping
Crape
Crapes
Craped
Craping
Crappie
Crappies
Crappy
Crappier
Crappiest
Crapshooter
Crapshooters
Crash
Crashes
Crashed
Crashing
Crass
Crasser
Crassest
Crassly
Crassness
Crassnesses
Crate
Crates
Crated
Crating
Crater
Craters
Cratered
Cratering
Cravat
Cravats
Crave
Craved
Craving
Craves
Craven
Cravens
Cravened
Cravening
Cravenly
Cravenness
Cravennesses
Cravings
Craw
Craws
Crawdad
Crawdads
Crawfish
Crawfishes
Crawfished
Crawfishing
Crawl
Crawls
Crawled
Crawling
Crawler
Crawlers
Crawlspace
Crawlspaces
Crawly
Crawlier
Crawliest
Crawlies
Crayfish
Crayfishes
Crayon
Crayons
Crayoned
Crayoning
Craze
Crazes
Crazed
Crazing
Crazily
Craziness
Crazinesses
Crazy
Crazier
Craziest
Crazies
Creak
Creaks
Creaked
Creaking
Creakily
Creakiness
Creakinesses
Creaky
Creakier
Creakiest
Cream
Creams
Creamed
Creaming
Creamer
Creamers
Creamery
Creameries
Creamily
Creaminess
Creaminesses
Creamy
Creamier
Creamiest
Crease
Creases
Creased
Creasing
Create
Created
Creating
Creates
Creation
Creations
Creationism
Creationisms
Creationist
Creationists
Creative
Creatives
Creatively
Creativeness
Creativenesses
Creativity
Creativities
Creator
Creators
Creature
Creatures
Creche
Creches
Credence
Credences
Credential
Credentials
Credentialed
Credentialing
Credenza
Credenzas
Credibility
Credibilities
Credible
Credibly
Credit
Credits
Credited
Crediting
Creditable
Creditably
Creditor
Creditors
Credo
Credos
Credulity
Credulities
Credulous
Credulously
Credulousness
Credulousnesses
Creed
Creeds
Creek
Creeks
Creel
Creels
Creep
Creeps
Crept
Creeped
Creeping
Creeper
Creepers
Creepily
Creepiness
Creepinesses
Creepy
Creepier
Creepiest
Cremains
Cremate
Cremated
Cremating
Cremates
Cremation
Cremations
Crematorium
Crematoriums
Crematoria
Crematory
Crematories
Creme
Cremes
Crenelate
Crenelated
Crenelating
Crenelates
Crenelation
Crenelations
Crenellate
Crenellated
Crenellating
Crenellates
Crenellation
Crenellations
Creole
Creoles
Creosote
Creosotes
Creosoted
Creosoting
Crepe
Crepes
Creped
Creping
Crescendo
Crescendos
Crescendi
Crescendoed
Crescendoing
Crescent
Crescents
Cress
Cresses
Crest
Crests
Crested
Cresting
Crestfallen
Crestless
Cretaceous
Cretin
Cretins
Cretinism
Cretinisms
Cretinous
Cretonne
Cretonnes
Crevasse
Crevasses
Crevassed
Crevassing
Crevice
Crevices
Crew
Crews
Crewed
Crewing
Crewel
Crewels
Crewelwork
Crewelworks
Crewman
Crewmen
Crib
Cribs
Cribbed
Cribbing
Cribbage
Cribbages
Cribber
Cribbers
Crick
Cricks
Cricked
Cricking
Cricket
Crickets
Cricketed
Cricketing
Cricketer
Cricketers
Crier
Criers
Crime
Crimes
Criminal
Criminals
Criminality
Criminalities
Criminally
Criminologist
Criminologists
Criminology
Criminologies
Crimp
Crimps
Crimped
Crimping
Crimson
Crimsons
Crimsoned
Crimsoning
Cringe
Cringes
Cringed
Cringing
Crinkle
Crinkles
Crinkled
Crinkling
Crinkly
Crinklier
Crinkliest
Crinoline
Crinolines
Cripple
Cripples
Crippled
Crippling
Crippler
Cripplers
Crisis
Crises
Crisp
Crisper
Crispest
Crisps
Crisped
Crisping
Crispiness
Crispinesses
Crisply
Crispness
Crispnesses
Crispy
Crispier
Crispiest
Crisscross
Crisscrosses
Crisscrossed
Crisscrossing
Criterion
Criteria
Criterions
Critic
Critics
Critical
Critically
Criticism
Criticisms
Criticize
Criticized
Criticizing
Criticizes
Criticizer
Criticizers
Critique
Critiques
Critiqued
Critiquing
Critter
Critters
Croak
Croaks
Croaked
Croaking
Croaky
Croakier
Croakiest
Crochet
Crochets
Crocheted
Crocheting
Crocheter
Crocheters
Crochetings
Crock
Crocks
Crocked
Crocking
Crockery
Crockeries
Crocodile
Crocodiles
Crocus
Crocuses
Croci
Croissant
Croissants
Crone
Crones
Crony
Cronies
Cronyism
Cronyisms
Crook
Crooker
Crookest
Crooks
Crooked
Crooking
Crookeder
Crookedest
Crookedly
Crookedness
Crookednesses
Crookneck
Crooknecks
Croon
Croons
Crooned
Crooning
Crooner
Crooners
Crop
Crops
Cropped
Cropping
Cropland
Croplands
Cropper
Croppers
Croquet
Croquets
Croqueted
Croqueting
Croquette
Croquettes
Crosier
Crosiers
Cross
Crosser
Crossest
Crosses
Crossed
Crossing
Crossbar
Crossbars
Crossbeam
Crossbeams
Crossbones
Crossbow
Crossbows
Crossbowman
Crossbowmen
Crossbred
Crossbreds
Crossbreed
Crossbreeds
Crossbreeding
Crosscheck
Crosschecks
Crosschecked
Crosschecking
Crosscurrent
Crosscurrents
Crosscut
Crosscuts
Crosscutting
Crossfire
Crossfires
Crosshatch
Crosshatches
Crosshatched
Crosshatching
Crossings
Crossly
Crossness
Crossnesses
Crossover
Crossovers
Crosspatch
Crosspatches
Crosspiece
Crosspieces
Crossroad
Crossroads
Crosstown
Crosstowns
Crosswalk
Crosswalks
Crossways
Crosswind
Crosswinds
Crosswise
Crossword
Crosswords
Crotch
Crotches
Crotchet
Crotchets
Crotchety
Crouch
Crouches
Crouched
Crouching
Croup
Croups
Croupier
Croupiers
Croupy
Croupiest
Crouton
Croutons
Crow
Crows
Crowed
Crowing
Crowbar
Crowbars
Crowbarred
Crowbarring
Crowd
Crowds
Crowded
Crowding
Crowfoot
Crowfoots
Crowfeet
Crown
Crowns
Crowned
Crowning
Crownings
Crozier
Croziers
Crucial
Crucially
Crucible
Crucibles
Crucifix
Crucifixes
Crucifixion
Crucifixions
Cruciform
Cruciforms
Crucify
Crucified
Crucifying
Crucifies
Crud
Cruds
Crudded
Crudding
Cruddy
Cruddier
Cruddiest
Crude
Cruder
Crudest
Crudes
Crudely
Crudeness
Crudenesses
Crudites
Crudity
Crudities
Cruel
Crueler
Crueller
Cruelest
Cruellest
Cruelly
Cruelness
Cruelnesses
Cruelty
Cruelties
Cruet
Cruets
Cruise
Cruises
Cruised
Cruising
Cruiser
Cruisers
Cruller
Crullers
Crumb
Crumbs
Crumbed
Crumbing
Crumble
Crumbles
Crumbled
Crumbling
Crumbliness
Crumblinesses
Crumbly
Crumblier
Crumbliest
Crumby
Crumbier
Crumbiest
Crumminess
Crumminesses
Crummy
Crummier
Crummiest
Crummies
Crumpet
Crumpets
Crumple
Crumples
Crumpled
Crumpling
Crunch
Crunches
Crunched
Crunching
Crunchiness
Crunchinesses
Crunchy
Crunchier
Crunchiest
Crupper
Cruppers
Crusade
Crusades
Crusaded
Crusading
Crusader
Crusaders
Cruse
Cruses
Crush
Crushes
Crushed
Crushing
Crusher
Crushers
Crust
Crusts
Crusted
Crusting
Crustacean
Crustaceans
Crustal
Crustily
Crustiness
Crustinesses
Crusty
Crustier
Crustiest
Crutch
Crutches
Crutched
Crutching
Crux
Cruxes
Cruces
Cry
Cries
Cried
Crying
Crybaby
Crybabies
Cryogenic
Cryogenics
Cryosurgery
Cryosurgeries
Crypt
Crypts
Cryptic
Cryptically
Cryptogram
Cryptograms
Cryptographer
Cryptographers
Cryptography
Cryptographies
Crystal
Crystals
Crystaled
Crystalled
Crystaling
Crystalling
Crystalline
Crystallization
Crystallizations
Crystallize
Crystallized
Crystallizing
Crystallizes
Cub
Cubs
Cubbed
Cubbing
Cubbyhole
Cubbyholes
Cube
Cubes
Cubed
Cubing
Cuber
Cubers
Cubic
Cubics
Cubical
Cubicle
Cubicles
Cubism
Cubisms
Cubist
Cubists
Cubit
Cubits
Cuckold
Cuckolds
Cuckolded
Cuckolding
Cuckoldry
Cuckoldries
Cuckoo
Cuckoos
Cuckooed
Cuckooing
Cucumber
Cucumbers
Cud
Cuds
Cuddle
Cuddles
Cuddled
Cuddling
Cuddly
Cuddlier
Cuddliest
Cudgel
Cudgels
Cudgeled
Cudgelled
Cudgeling
Cudgelling
Cue
Cues
Cued
Cuing
Cueing
Cuff
Cuffs
Cuffed
Cuffing
Cufflink
Cufflinks
Cuisine
Cuisines
Culinary
Cull
Culls
Culled
Culling
Cullender
Cullenders
Culminate
Culminated
Culminating
Culminates
Culmination
Culminations
Culotte
Culottes
Culpability
Culpabilities
Culpable
Culpably
Culprit
Culprits
Cult
Cults
Cultism
Cultisms
Cultist
Cultists
Cultivable
Cultivatable
Cultivate
Cultivated
Cultivating
Cultivates
Cultivation
Cultivations
Cultivator
Cultivators
Cultural
Culturally
Culture
Cultures
Cultured
Culturing
Culvert
Culverts
Cum
Cums
Cummed
Cumming
Cumber
Cumbers
Cumbered
Cumbering
Cumbersome
Cumbersomeness
Cumbersomenesses
Cumbrous
Cumin
Cumins
Cummerbund
Cummerbunds
Cumquat
Cumquats
Cumulative
Cumulatively
Cumulonimbus
Cumulonimbi
Cumulonimbuses
Cumulus
Cumuli
Cuneiform
Cuneiforms
Cunnilingus
Cunnilinguses
Cunning
Cunninger
Cunningest
Cunnings
Cunningly
Cunt
Cunts
Cup
Cups
Cupped
Cupping
Cupboard
Cupboards
Cupcake
Cupcakes
Cupful
Cupfuls
Cupsful
Cupid
Cupids
Cupidity
Cupidities
Cupola
Cupolas
Cupolaed
Cupric
Cur
Curs
Curability
Curabilities
Curable
Curacy
Curacies
Curare
Curares
Curate
Curates
Curated
Curating
Curative
Curatives
Curator
Curators
Curatorial
Curb
Curbs
Curbed
Curbing
Curbings
Curbstone
Curbstones
Curd
Curds
Curded
Curding
Curdle
Curdled
Curdling
Curdles
Cure
Cures
Cured
Curing
Curer
Curers
Curettage
Curettages
Curfew
Curfews
Curia
Curiae
Curie
Curies
Curio
Curios
Curiosity
Curiosities
Curious
Curiouser
Curiousest
Curiously
Curiousness
Curiousnesses
Curium
Curiums
Curl
Curls
Curled
Curling
Curler
Curlers
Curlew
Curlews
Curlicue
Curlicues
Curlicued
Curlicuing
Curliness
Curlinesses
Curlings
Curly
Curlier
Curliest
Curlycue
Curlycues
Curmudgeon
Curmudgeons
Curmudgeonly
Currant
Currants
Currency
Currencies
Current
Currents
Currently
Curricular
Curriculum
Curricula
Curriculums
Curry
Curries
Curried
Currying
Currycomb
Currycombs
Currycombed
Currycombing
Curse
Curses
Cursed
Curst
Cursing
Curseder
Cursedest
Cursedly
Cursive
Cursives
Cursively
Cursor
Cursors
Cursorily
Cursoriness
Cursorinesses
Cursory
Curt
Curter
Curtest
Curtail
Curtailed
Curtailing
Curtails
Curtailment
Curtailments
Curtain
Curtains
Curtained
Curtaining
Curtly
Curtness
Curtnesses
Curtsey
Curtseys
Curtseyed
Curtseying
Curtsy
Curtsies
Curtsied
Curtsying
Curvaceous
Curvaceousness
Curvaceousnesses
Curvacious
Curvature
Curvatures
Curve
Curves
Curved
Curving
Curvy
Curvier
Curviest
Cushion
Cushions
Cushioned
Cushioning
Cushy
Cushier
Cushiest
Cusp
Cusps
Cuspid
Cuspids
Cuspidor
Cuspidors
Cuss
Cusses
Cussed
Cussing
Custard
Custards
Custodial
Custodials
Custodian
Custodians
Custodianship
Custodianships
Custody
Custodies
Custom
Customs
Customarily
Customary
Customaries
Customer
Customers
Customhouse
Customhouses
Customization
Customizations
Customize
Customized
Customizing
Customizes
Cut
Cuts
Cutting
Cutaneous
Cutaway
Cutaways
Cutback
Cutbacks
Cute
Cuter
Cutest
Cutely
Cuteness
Cutenesses
Cutesie
Cutesier
Cutesiest
Cutesy
Cuticle
Cuticles
Cutie
Cuties
Cutlas
Cutlases
Cutlass
Cutlasses
Cutler
Cutlers
Cutlery
Cutleries
Cutlet
Cutlets
Cutoff
Cutoffs
Cutout
Cutouts
Cutter
Cutters
Cutthroat
Cutthroats
Cuttings
Cuttingly
Cuttlefish
Cuttlefishes
Cutup
Cutups
Cutworm
Cutworms
Cyan
Cyans
Cyanide
Cyanides
Cyanided
Cyaniding
Cybernetic
Cybernetics
Cyberpunk
Cyberpunks
Cyberspace
Cyberspaces
Cyborg
Cyborgs
Cyclamen
Cyclamens
Cycle
Cycles
Cycled
Cycling
Cyclic
Cyclical
Cyclicals
Cyclically
Cyclist
Cyclists
Cyclometer
Cyclometers
Cyclone
Cyclones
Cyclonic
Cyclopaedia
Cyclopaedias
Cyclopedia
Cyclopedias
Cyclops
Cyclopes
Cyclotron
Cyclotrons
Cyder
Cyders
Cygnet
Cygnets
Cylinder
Cylinders
Cylindered
Cylindering
Cylindrical
Cymbal
Cymbals
Cymbalist
Cymbalists
Cynic
Cynics
Cynical
Cynically
Cynicism
Cynicisms
Cynosure
Cynosures
Cypher
Cyphers
Cyphered
Cyphering
Cypress
Cypresses
Cyst
Cysts
Cystic
Cytologist
Cytologists
Cytology
Cytologies
Cytoplasm
Cytoplasms
Cytoplasmic
Cytosine
Cytosines
Czar
Czars
Czarina
Czarinas
Czarist
Czarists
Dab
Dabs
Dabbed
Dabbing
Dabber
Dabbers
Dabble
Dabbled
Dabbling
Dabbles
Dabbler
Dabblers
Dace
Daces
Dacha
Dachas
Dachshund
Dachshunds
Dactyl
Dactyls
Dactylic
Dactylics
Dad
Dads
Dadaism
Dadaisms
Dadaist
Dadaists
Daddy
Daddies
Dado
Dadoes
Dados
Dadoed
Dadoing
Daemon
Daemons
Daemonic
Daffiness
Daffinesses
Daffodil
Daffodils
Daffy
Daffier
Daffiest
Daft
Dafter
Daftest
Daftly
Daftness
Daftnesses
Dagger
Daggers
Daggered
Daggering
Daguerreotype
Daguerreotypes
Daguerreotyped
Daguerreotyping
Dahlia
Dahlias
Dailiness
Dailinesses
Daily
Dailies
Daintily
Daintiness
Daintinesses
Dainty
Daintier
Daintiest
Dainties
Daiquiri
Daiquiris
Dairy
Dairies
Dairying
Dairyings
Dairymaid
Dairymaids
Dairyman
Dairymen
Dairywoman
Dairywomen
Dais
Daises
Daisy
Daisies
Dale
Dales
Dalliance
Dalliances
Dallier
Dalliers
Dally
Dallied
Dallying
Dallies
Dalmatian
Dalmatians
Dam
Dams
Dammed
Damming
Damage
Damages
Damaged
Damaging
Damageable
Damask
Damasks
Damasked
Damasking
Dame
Dames
Dammit
Damn
Damns
Damned
Damning
Damnable
Damnably
Damnation
Damnations
Damndest
Damndests
Damneder
Damnedest
Damnedests
Damp
Damper
Dampest
Damps
Damped
Damping
Dampen
Dampened
Dampening
Dampens
Dampener
Dampeners
Dampers
Damply
Dampness
Dampnesses
Damsel
Damsels
Damselfly
Damselflies
Damson
Damsons
Dance
Dances
Danced
Dancing
Dancer
Dancers
Dancings
Dandelion
Dandelions
Dander
Danders
Dandify
Dandified
Dandifying
Dandifies
Dandle
Dandled
Dandling
Dandles
Dandruff
Dandruffs
Dandy
Dandier
Dandiest
Dandies
Dang
Danged
Danging
Dangs
Danger
Dangers
Dangerous
Dangerously
Dangle
Dangles
Dangled
Dangling
Dangler
Danglers
Danish
Danishes
Dank
Danker
Dankest
Dankly
Dankness
Danknesses
Danseuse
Danseuses
Dapper
Dapperer
Dapperest
Dapple
Dapples
Dappled
Dappling
Dare
Dares
Dared
@durst
Daring
Daredevil
Daredevils
Daredevilry
Daredevilries
Darer
Darers
Daresay
Darings
Daringly
Dark
Darker
Darkest
Darks
Darked
Darking
Darken
Darkened
Darkening
Darkens
Darkener
Darkeners
Darkly
Darklier
Darkliest
Darkness
Darknesses
Darkroom
Darkrooms
Darling
Darlings
Darn
Darns
Darned
Darning
Darneder
Darnedest
Darner
Darners
Dart
Darts
Darted
Darting
Dartboard
Dartboards
Darter
Darters
Dash
Dashes
Dashed
Dashing
Dashboard
Dashboards
Dasher
Dashers
Dashiki
Dashikis
Dashingly
Dastard
Dastards
Dastardliness
Dastardlinesses
Dastardly
Databank
Databanks
Database
Databases
Date
Dates
Dated
Dating
Dateless
Dateline
Datelines
Datelined
Datelining
Dater
Daters
Dative
Datives
Datum
Data
Datums
Daub
Daubs
Daubed
Daubing
Dauber
Daubers
Daughter
Daughters
Daughterly
Daunt
Daunted
Daunting
Daunts
Dauntingly
Dauntless
Dauntlessly
Dauntlessness
Dauntlessnesses
Dauphin
Dauphins
Davenport
Davenports
Davit
Davits
Dawdle
Dawdled
Dawdling
Dawdles
Dawdler
Dawdlers
Dawn
Dawns
Dawned
Dawning
Day
Days
Daybed
Daybeds
Daybreak
Daybreaks
Daycare
Daycares
Daydream
Daydreams
Daydreamed
Daydreamt
Daydreaming
Daydreamer
Daydreamers
Daylight
Daylights
Daylighted
Daylit
Daylighting
Daytime
Daytimes
Daze
Dazes
Dazed
Dazing
Dazedly
Dazzle
Dazzles
Dazzled
Dazzling
Dazzler
Dazzlers
Dazzlingly
Deacon
Deacons
Deaconed
Deaconing
Deaconess
Deaconesses
Deactivate
Deactivated
Deactivating
Deactivates
Deactivation
Deactivations
Dead
Deader
Deadest
Deadbeat
Deadbeats
Deadbolt
Deadbolts
Deaden
Deadened
Deadening
Deadens
Deadline
Deadlines
Deadliness
Deadlinesses
Deadlock
Deadlocks
Deadlocked
Deadlocking
Deadly
Deadlier
Deadliest
Deadpan
Deadpans
Deadpanned
Deadpanning
Deadweight
Deadweights
Deadwood
Deadwoods
Deaf
Deafer
Deafest
Deafen
Deafened
Deafening
Deafens
Deafenings
Deafeningly
Deafness
Deafnesses
Deal
Deals
Dealt
Dealing
Dealer
Dealers
Dealership
Dealerships
Dealings
Dean
Deans
Deanery
Deaneries
Deanship
Deanships
Dear
Dearer
Dearest
Dears
Dearie
Dearies
Dearly
Dearness
Dearnesses
Dearth
Dearths
Deary
Death
Deaths
Deathbed
Deathbeds
Deathblow
Deathblows
Deathless
Deathlessly
Deathlike
Deathly
Deathlier
Deathliest
Deathtrap
Deathtraps
Deathwatch
Deathwatches
Deb
Debs
Debacle
Debacles
Debar
Debarred
Debarring
Debars
Debark
Debarked
Debarking
Debarks
Debarkation
Debarkations
Debarment
Debarments
Debase
Debased
Debasing
Debases
Debasement
Debasements
Debatable
Debate
Debates
Debated
Debating
Debater
Debaters
Debatings
Debauch
Debauches
Debauched
Debauching
Debauchee
Debauchees
Debauchery
Debaucheries
Debenture
Debentures
Debilitate
Debilitated
Debilitating
Debilitates
Debilitation
Debilitations
Debility
Debilities
Debit
Debits
Debited
Debiting
Debonair
Debonaire
Debonairly
Debonairness
Debonairnesses
Debouch
Debouches
Debouched
Debouching
Debrief
Debriefed
Debriefing
Debriefs
Debriefings
Debris
Debt
Debts
Debtor
Debtors
Debug
Debugged
Debugging
Debugs
Debunk
Debunked
Debunking
Debunks
Debut
Debuts
Debuted
Debuting
Debutante
Debutantes
Decade
Decades
Decadence
Decadences
Decadency
Decadencies
Decadent
Decadents
Decadently
Decaf
Decafs
Decaffeinate
Decaffeinated
Decaffeinating
Decaffeinates
Decagon
Decagons
Decal
Decals
Decaled
Decalled
Decaling
Decalling
Decamp
Decamped
Decamping
Decamps
Decampment
Decampments
Decant
Decanted
Decanting
Decants
Decanter
Decanters
Decapitate
Decapitated
Decapitating
Decapitates
Decapitation
Decapitations
Decapitator
Decapitators
Decathlon
Decathlons
Decay
Decays
Decayed
Decaying
Decease
Deceases
Deceased
Deceasing
Decedent
Decedents
Deceit
Deceits
Deceitful
Deceitfully
Deceitfulness
Deceitfulnesses
Deceive
Deceived
Deceiving
Deceives
Deceiver
Deceivers
Deceivingly
Decelerate
Decelerated
Decelerating
Decelerates
Deceleration
Decelerations
Decelerator
Decelerators
Decency
Decencies
Decennial
Decennials
Decent
Decenter
Decentest
Decently
Decentralization
Decentralizations
Decentralize
Decentralized
Decentralizing
Decentralizes
Deception
Deceptions
Deceptive
Deceptively
Deceptiveness
Deceptivenesses
Decibel
Decibels
Decidable
Decide
Decided
Deciding
Decides
Decidedly
Deciduous
Deciliter
Deciliters
Decimal
Decimals
Decimate
Decimated
Decimating
Decimates
Decimation
Decimations
Decimeter
Decimeters
Decipher
Deciphered
Deciphering
Deciphers
Decipherable
Decision
Decisions
Decisioned
Decisioning
Decisive
Decisively
Decisiveness
Decisivenesses
Deck
Decks
Decked
Decking
Deckhand
Deckhands
Declaim
Declaimed
Declaiming
Declaims
Declaimer
Declaimers
Declamation
Declamations
Declamatory
Declarable
Declaration
Declarations
Declarative
Declaratory
Declare
Declared
Declaring
Declares
Declarer
Declarers
Declassification
Declassifications
Declassify
Declassified
Declassifying
Declassifies
Declension
Declensions
Declination
Declinations
Decline
Declines
Declined
Declining
Decliner
Decliners
Declivity
Declivities
Decode
Decoded
Decoding
Decodes
Decoder
Decoders
Decolletage
Decolletages
Decollete
Decolonization
Decolonizations
Decolonize
Decolonized
Decolonizing
Decolonizes
Decommission
Decommissioned
Decommissioning
Decommissions
Decompose
Decomposed
Decomposing
Decomposes
Decomposition
Decompositions
Decompress
Decompressed
Decompressing
Decompresses
Decompression
Decompressions
Decongestant
Decongestants
Deconstruction
Deconstructions
Decontaminate
Decontaminated
Decontaminating
Decontaminates
Decontamination
Decontaminations
Decontrol
Decontrolled
Decontrolling
Decontrols
Decor
Decors
Decorate
Decorated
Decorating
Decorates
Decoratings
Decoration
Decorations
Decorative
Decoratively
Decorator
Decorators
Decorous
Decorously
Decorousness
Decorousnesses
Decorum
Decorums
Decoupage
Decoupages
Decoupaged
Decoupaging
Decoy
Decoys
Decoyed
Decoying
Decrease
Decreases
Decreased
Decreasing
Decreasingly
Decree
Decrees
Decreed
Decreeing
Decrepit
Decrepitude
Decrepitudes
Decrescendo
Decrescendos
Decrescendi
Decriminalization
Decriminalizations
Decriminalize
Decriminalized
Decriminalizing
Decriminalizes
Decry
Decried
Decrying
Decries
Dedicate
Dedicated
Dedicating
Dedicates
Dedication
Dedications
Dedicator
Dedicators
Dedicatory
Deduce
Deduced
Deducing
Deduces
Deducible
Deduct
Deducted
Deducting
Deducts
Deductible
Deductibles
Deduction
Deductions
Deductive
Deductively
Deed
Deeds
Deeded
Deeding
Deejay
Deejays
Deem
Deemed
Deeming
Deems
Deep
Deeper
Deepest
Deeps
Deepen
Deepened
Deepening
Deepens
Deeply
Deepness
Deepnesses
Deer
Deers
Deerskin
Deerskins
Deescalate
Deescalated
Deescalating
Deescalates
Deescalation
Deescalations
Def
Deffer
Deffest
Deface
Defaced
Defacing
Defaces
Defacement
Defacements
Defacer
Defacers
Defalcate
Defalcated
Defalcating
Defalcates
Defalcation
Defalcations
Defamation
Defamations
Defamatory
Defame
Defamed
Defaming
Defames
Defamer
Defamers
Default
Defaults
Defaulted
Defaulting
Defaulter
Defaulters
Defeat
Defeats
Defeated
Defeating
Defeater
Defeaters
Defeatism
Defeatisms
Defeatist
Defeatists
Defecate
Defecated
Defecating
Defecates
Defecation
Defecations
Defect
Defects
Defected
Defecting
Defection
Defections
Defective
Defectives
Defectively
Defectiveness
Defectivenesses
Defector
Defectors
Defence
Defences
Defenced
Defencing
Defend
Defended
Defending
Defends
Defendant
Defendants
Defender
Defenders
Defense
Defenses
Defensed
Defensing
Defenseless
Defenselessly
Defenselessness
Defenselessnesses
Defensible
Defensibly
Defensive
Defensives
Defensively
Defensiveness
Defensivenesses
Defer
Deferred
Deferring
Defers
Deference
Deferences
Deferential
Deferentially
Deferment
Deferments
Deferral
Deferrals
Defiance
Defiances
Defiant
Defiantly
Deficiency
Deficiencies
Deficient
Deficients
Deficit
Deficits
Defile
Defiles
Defiled
Defiling
Defilement
Defilements
Defiler
Defilers
Definable
Define
Defined
Defining
Defines
Definer
Definers
Definite
Definitely
Definiteness
Definitenesses
Definition
Definitions
Definitive
Definitives
Definitively
Deflate
Deflated
Deflating
Deflates
Deflation
Deflations
Deflationary
Deflect
Deflected
Deflecting
Deflects
Deflection
Deflections
Deflective
Deflector
Deflectors
Deflower
Deflowered
Deflowering
Deflowers
Defog
Defogged
Defogging
Defogs
Defogger
Defoggers
Defoliant
Defoliants
Defoliate
Defoliated
Defoliating
Defoliates
Defoliation
Defoliations
Defoliator
Defoliators
Deforest
Deforested
Deforesting
Deforests
Deforestation
Deforestations
Deform
Deformed
Deforming
Deforms
Deformation
Deformations
Deformity
Deformities
Defraud
Defrauded
Defrauding
Defrauds
Defrauder
Defrauders
Defray
Defrayed
Defraying
Defrays
Defrayal
Defrayals
Defrock
Defrocked
Defrocking
Defrocks
Defrost
Defrosted
Defrosting
Defrosts
Defroster
Defrosters
Deft
Defter
Deftest
Deftly
Deftness
Deftnesses
Defunct
Defuse
Defused
Defusing
Defuses
Defy
Defied
Defying
Defies
Degas
Degassed
Degassing
Degases
Degeneracy
Degeneracies
Degenerate
Degenerates
Degenerated
Degenerating
Degeneration
Degenerations
Degenerative
Degradable
Degradation
Degradations
Degrade
Degraded
Degrading
Degrades
Degree
Degrees
Dehumanization
Dehumanizations
Dehumanize
Dehumanized
Dehumanizing
Dehumanizes
Dehumidifier
Dehumidifiers
Dehumidify
Dehumidified
Dehumidifying
Dehumidifies
Dehydrate
Dehydrated
Dehydrating
Dehydrates
Dehydration
Dehydrations
Dehydrator
Dehydrators
Dehydrogenate
Dehydrogenated
Dehydrogenating
Dehydrogenates
Deice
Deiced
Deicing
Deices
Deicer
Deicers
Deification
Deifications
Deify
Deified
Deifying
Deifies
Deign
Deigned
Deigning
Deigns
Deism
Deisms
Deist
Deists
Deistic
Deity
Deities
Deject
Dejected
Dejecting
Dejects
Dejectedly
Dejection
Dejections
Delay
Delays
Delayed
Delaying
Delayer
Delayers
Delectable
Delectables
Delectably
Delectation
Delectations
Delegate
Delegates
Delegated
Delegating
Delegation
Delegations
Delete
Deleted
Deleting
Deletes
Deleterious
Deletion
Deletions
Delft
Delfts
Delftware
Delftwares
Deli
Delis
Deliberate
Deliberated
Deliberating
Deliberates
Deliberately
Deliberateness
Deliberatenesses
Deliberation
Deliberations
Deliberative
Delicacy
Delicacies
Delicate
Delicates
Delicately
Delicateness
Delicatenesses
Delicatessen
Delicatessens
Delicious
Deliciously
Deliciousness
Deliciousnesses
Delight
Delights
Delighted
Delighting
Delightedly
Delightful
Delightfully
Delimit
Delimited
Delimiting
Delimits
Delimitation
Delimitations
Delineate
Delineated
Delineating
Delineates
Delineation
Delineations
Delinquency
Delinquencies
Delinquent
Delinquents
Delinquently
Deliquesce
Deliquesced
Deliquescing
Deliquesces
Deliquescent
Delirious
Deliriously
Deliriousness
Deliriousnesses
Delirium
Deliriums
Deliria
Deliver
Delivered
Delivering
Delivers
Deliverance
Deliverances
Deliverer
Deliverers
Delivery
Deliveries
Deliveryman
Deliverymen
Dell
Dells
Delouse
Deloused
Delousing
Delouses
Delphinium
Delphiniums
Delphinia
Delta
Deltas
Delude
Deluded
Deluding
Deludes
Deluge
Deluges
Deluged
Deluging
Delusion
Delusions
Delusional
Delusive
Delusively
Deluxe
Delve
Delved
Delving
Delves
Delver
Delvers
Demagnetization
Demagnetizations
Demagnetize
Demagnetized
Demagnetizing
Demagnetizes
Demagog
Demagogs
Demagoged
Demagoging
Demagogic
Demagogue
Demagogues
Demagogued
Demagoguing
Demagoguery
Demagogueries
Demagogy
Demagogies
Demand
Demands
Demanded
Demanding
Demarcate
Demarcated
Demarcating
Demarcates
Demarcation
Demarcations
Demean
Demeaned
Demeaning
Demeans
Demeanor
Demeanors
Demeanour
Demeanours
Demented
Dementedly
Dementia
Dementias
Demerit
Demerits
Demesne
Demesnes
Demigod
Demigods
Demigoddess
Demigoddesses
Demijohn
Demijohns
Demilitarization
Demilitarizations
Demilitarize
Demilitarized
Demilitarizing
Demilitarizes
Demimondaine
Demimondaines
Demimonde
Demimondes
Demise
Demises
Demised
Demising
Demitasse
Demitasses
Demo
Demos
Demobilization
Demobilizations
Demobilize
Demobilized
Demobilizing
Demobilizes
Democracy
Democracies
Democrat
Democrats
Democratic
Democratically
Democratization
Democratizations
Democratize
Democratized
Democratizing
Democratizes
Demode
Demodulate
Demodulated
Demodulating
Demodulates
Demodulation
Demodulations
Demographer
Demographers
Demographic
Demographics
Demographically
Demography
Demographies
Demolish
Demolished
Demolishing
Demolishes
Demolition
Demolitions
Demon
Demons
Demonetization
Demonetizations
Demonetize
Demonetized
Demonetizing
Demonetizes
Demoniac
Demoniacs
Demoniacal
Demoniacally
Demonic
Demonology
Demonologies
Demonstrable
Demonstrably
Demonstrate
Demonstrated
Demonstrating
Demonstrates
Demonstration
Demonstrations
Demonstrative
Demonstratives
Demonstratively
Demonstrativeness
Demonstrativenesses
Demonstrator
Demonstrators
Demoralization
Demoralizations
Demoralize
Demoralized
Demoralizing
Demoralizes
Demote
Demoted
Demoting
Demotes
Demotic
Demotics
Demotion
Demotions
Demulcent
Demulcents
Demur
Demurs
Demurred
Demurring
Demure
Demurer
Demurest
Demurely
Demureness
Demurenesses
Demurral
Demurrals
Demurrer
Demurrers
Demystification
Demystifications
Demystify
Demystified
Demystifying
Demystifies
Den
Dens
Denned
Denning
Denationalize
Denationalized
Denationalizing
Denationalizes
Denature
Denatured
Denaturing
Denatures
Dendrite
Dendrites
Dengue
Dengues
Deniable
Denial
Denials
Denier
Deniers
Denigrate
Denigrated
Denigrating
Denigrates
Denigration
Denigrations
Denim
Denims
Denizen
Denizens
Denizened
Denizening
Denominate
Denominated
Denominating
Denominates
Denomination
Denominations
Denominational
Denominator
Denominators
Denotation
Denotations
Denotative
Denote
Denoted
Denoting
Denotes
Denouement
Denouements
Denounce
Denounced
Denouncing
Denounces
Denouncement
Denouncements
Dense
Denser
Densest
Densely
Denseness
Densenesses
Density
Densities
Dent
Dents
Dented
Denting
Dental
Dentals
Dentally
Dentifrice
Dentifrices
Dentin
Dentins
Dentine
Dentines
Dentist
Dentists
Dentistry
Dentistries
Dentition
Dentitions
Denture
Dentures
Denuclearize
Denuclearized
Denuclearizing
Denuclearizes
Denudation
Denudations
Denude
Denuded
Denuding
Denudes
Denunciation
Denunciations
Deny
Denied
Denying
Denies
Deodorant
Deodorants
Deodorization
Deodorizations
Deodorize
Deodorized
Deodorizing
Deodorizes
Deodorizer
Deodorizers
Depart
Departed
Departing
Departs
Department
Departments
Departmental
Departmentalization
Departmentalizations
Departmentalize
Departmentalized
Departmentalizing
Departmentalizes
Departmentally
Departure
Departures
Depend
Depended
Depending
Depends
Dependability
Dependabilities
Dependable
Dependably
Dependance
Dependances
Dependant
Dependants
Dependence
Dependences
Dependency
Dependencies
Dependent
Dependents
Dependently
Depersonalize
Depersonalized
Depersonalizing
Depersonalizes
Depict
Depicted
Depicting
Depicts
Depiction
Depictions
Depilatory
Depilatories
Deplane
Deplaned
Deplaning
Deplanes
Deplete
Depleted
Depleting
Depletes
Depletion
Depletions
Deplorable
Deplorably
Deplore
Deplored
Deploring
Deplores
Deploy
Deployed
Deploying
Deploys
Deployment
Deployments
Depolarization
Depolarizations
Depolarize
Depolarized
Depolarizing
Depolarizes
Depoliticize
Depoliticized
Depoliticizing
Depoliticizes
Deponent
Deponents
Depopulate
Depopulated
Depopulating
Depopulates
Depopulation
Depopulations
Deport
Deported
Deporting
Deports
Deportation
Deportations
Deportee
Deportees
Deportment
Deportments
Depose
Deposed
Deposing
Deposes
Deposit
Deposits
Deposited
Depositing
Deposition
Depositions
Depositor
Depositors
Depository
Depositories
Depot
Depots
Deprave
Depraved
Depraving
Depraves
Depravity
Depravities
Deprecate
Deprecated
Deprecating
Deprecates
Deprecation
Deprecations
Deprecatory
Depreciate
Depreciated
Depreciating
Depreciates
Depreciation
Depreciations
Depredation
Depredations
Depress
Depressed
Depressing
Depresses
Depressant
Depressants
Depressingly
Depression
Depressions
Depressive
Depressives
Depressor
Depressors
Depressurize
Depressurized
Depressurizing
Depressurizes
Deprivation
Deprivations
Deprive
Deprived
Depriving
Deprives
Deprogram
Deprogrammed
Deprogramed
Deprogramming
Deprograming
Deprograms
Depth
Depths
Deputation
Deputations
Depute
Deputed
Deputing
Deputes
Deputize
Deputized
Deputizing
Deputizes
Deputy
Deputies
Derail
Derails
Derailed
Derailing
Derailleur
Derailleurs
Derailment
Derailments
Derange
Deranged
Deranging
Deranges
Derangement
Derangements
Derby
Derbies
Deregulate
Deregulated
Deregulating
Deregulates
Deregulation
Deregulations
Derelict
Derelicts
Dereliction
Derelictions
Deride
Derided
Deriding
Derides
Derision
Derisions
Derisive
Derisively
Derisiveness
Derisivenesses
Derisory
Derivation
Derivations
Derivative
Derivatives
Derive
Derived
Deriving
Derives
Dermal
Dermatitis
Dermatitises
Dermatitides
Dermatological
Dermatologist
Dermatologists
Dermatology
Dermatologies
Dermis
Dermises
Derogate
Derogated
Derogating
Derogates
Derogation
Derogations
Derogatorily
Derogatory
Derrick
Derricks
Derricked
Derricking
Derriere
Derrieres
Derringer
Derringers
Dervish
Dervishes
Desalinate
Desalinated
Desalinating
Desalinates
Desalination
Desalinations
Desalinization
Desalinizations
Desalinize
Desalinized
Desalinizing
Desalinizes
Desalt
Desalted
Desalting
Desalts
Descant
Descants
Descanted
Descanting
Descend
Descended
Descending
Descends
Descendant
Descendants
Descendent
Descendents
Descent
Descents
Describable
Describe
Described
Describing
Describes
Describer
Describers
Description
Descriptions
Descriptive
Descriptively
Descriptiveness
Descriptivenesses
Descry
Descried
Descrying
Descries
Desecrate
Desecrated
Desecrating
Desecrates
Desecration
Desecrations
Desegregate
Desegregated
Desegregating
Desegregates
Desegregation
Desegregations
Desensitization
Desensitizations
Desensitize
Desensitized
Desensitizing
Desensitizes
Desert
Deserts
Deserted
Deserting
Deserter
Deserters
Desertion
Desertions
Deserve
Deserved
Deserving
Deserves
Deservedly
Deshabille
Deshabilles
Desiccant
Desiccants
Desiccate
Desiccated
Desiccating
Desiccates
Desiccation
Desiccations
Desiccator
Desiccators
Desideratum
Desiderata
Design
Designs
Designed
Designing
Designate
Designated
Designating
Designates
Designation
Designations
Designer
Designers
Designings
Desirability
Desirabilities
Desirable
Desirables
Desirableness
Desirablenesses
Desirably
Desire
Desires
Desired
Desiring
Desirous
Desist
Desisted
Desisting
Desists
Desk
Desks
Desktop
Desktops
Desolate
Desolated
Desolating
Desolates
Desolately
Desolateness
Desolatenesses
Desolation
Desolations
Despair
Despairs
Despaired
Despairing
Despairingly
Despatch
Despatches
Despatched
Despatching
Desperado
Desperadoes
Desperados
Desperate
Desperately
Desperateness
Desperatenesses
Desperation
Desperations
Despicable
Despicably
Despise
Despised
Despising
Despises
Despite
Despites
Despited
Despiting
Despoil
Despoiled
Despoiling
Despoils
Despoiler
Despoilers
Despoilment
Despoilments
Despoliation
Despoliations
Despondence
Despondences
Despondency
Despondencies
Despondent
Despondently
Despot
Despots
Despotic
Despotically
Despotism
Despotisms
Dessert
Desserts
Destabilization
Destabilizations
Destabilize
Destabilized
Destabilizing
Destabilizes
Destination
Destinations
Destine
Destined
Destining
Destines
Destiny
Destinies
Destitute
Destituted
Destituting
Destitutes
Destitution
Destitutions
Destroy
Destroyed
Destroying
Destroys
Destroyer
Destroyers
Destruct
Destructs
Destructed
Destructing
Destructibility
Destructibilities
Destructible
Destruction
Destructions
Destructive
Destructively
Destructiveness
Destructivenesses
Desuetude
Desuetudes
Desultorily
Desultory
Detach
Detached
Detaching
Detaches
Detachable
Detachment
Detachments
Detail
Details
Detailed
Detailing
Detain
Detained
Detaining
Detains
Detainee
Detainees
Detainment
Detainments
Detect
Detected
Detecting
Detects
Detectable
Detectible
Detection
Detections
Detective
Detectives
Detector
Detectors
Detente
Detentes
Detention
Detentions
Deter
Deterred
Deterring
Deters
Detergent
Detergents
Deteriorate
Deteriorated
Deteriorating
Deteriorates
Deterioration
Deteriorations
Determent
Determents
Determinable
Determinant
Determinants
Determinate
Determinated
Determinating
Determinates
Determination
Determinations
Determine
Determined
Determining
Determines
Determinedly
Determiner
Determiners
Determinism
Determinisms
Deterrence
Deterrences
Deterrent
Deterrents
Detest
Detested
Detesting
Detests
Detestable
Detestably
Detestation
Detestations
Dethrone
Dethroned
Dethroning
Dethrones
Dethronement
Dethronements
Detonate
Detonated
Detonating
Detonates
Detonation
Detonations
Detonator
Detonators
Detour
Detours
Detoured
Detouring
Detox
Detoxes
Detoxed
Detoxing
Detoxification
Detoxifications
Detoxify
Detoxified
Detoxifying
Detoxifies
Detract
Detracted
Detracting
Detracts
Detraction
Detractions
Detractor
Detractors
Detriment
Detriments
Detrimental
Detrimentals
Detrimentally
Detritus
Deuce
Deuces
Deuterium
Deuteriums
Devaluation
Devaluations
Devalue
Devalued
Devaluing
Devalues
Devastate
Devastated
Devastating
Devastates
Devastatingly
Devastation
Devastations
Devastator
Devastators
Develop
Developed
Developing
Develops
Developer
Developers
Development
Developments
Developmental
Developmentally
Deviance
Deviances
Deviancy
Deviancies
Deviant
Deviants
Deviate
Deviates
Deviated
Deviating
Deviation
Deviations
Device
Devices
Devil
Devils
Deviled
Devilled
Deviling
Devilling
Devilish
Devilishly
Devilishness
Devilishnesses
Devilment
Devilments
Devilry
Devilries
Deviltry
Deviltries
Devious
Deviously
Deviousness
Deviousnesses
Devise
Devises
Devised
Devising
Devitalize
Devitalized
Devitalizing
Devitalizes
Devoid
Devolution
Devolutions
Devolve
Devolved
Devolving
Devolves
Devote
Devoted
Devoting
Devotes
Devotedly
Devotee
Devotees
Devotion
Devotions
Devotional
Devotionals
Devour
Devoured
Devouring
Devours
Devout
Devouter
Devoutest
Devoutly
Devoutness
Devoutnesses
Dew
Dews
Dewed
Dewing
Dewberry
Dewberries
Dewclaw
Dewclaws
Dewdrop
Dewdrops
Dewiness
Dewinesses
Dewlap
Dewlaps
Dewy
Dewier
Dewiest
Dexterity
Dexterities
Dexterous
Dexterously
Dexterousness
Dexterousnesses
Dextrose
Dextroses
Dextrous
Dhoti
Dhotis
Dhow
Dhows
Diabetes
Diabetic
Diabetics
Diabolic
Diabolical
Diabolically
Diacritic
Diacritics
Diacritical
Diadem
Diadems
Diademed
Diademing
Diaeresis
Diaereses
Diagnose
Diagnosed
Diagnosing
Diagnoses
Diagnosis
Diagnostic
Diagnostics
Diagnostically
Diagnostician
Diagnosticians
Diagonal
Diagonals
Diagonally
Diagram
Diagrams
Diagrammed
Diagramed
Diagramming
Diagraming
Diagrammatic
Diagrammatically
Dial
Dials
Dialed
Dialled
Dialing
Dialling
Dialect
Dialects
Dialectal
Dialectic
Dialectics
Dialectical
Dialog
Dialogs
Dialoged
Dialoging
Dialogue
Dialogues
Dialogued
Dialoguing
Dialysis
Dialyses
Diameter
Diameters
Diametric
Diametrical
Diametrically
Diamond
Diamonds
Diamonded
Diamonding
Diamondback
Diamondbacks
Diapason
Diapasons
Diaper
Diapers
Diapered
Diapering
Diaphanous
Diaphragm
Diaphragms
Diaphragmed
Diaphragming
Diaphragmatic
Diarist
Diarists
Diarrhea
Diarrheas
Diarrhoea
Diarrhoeas
Diary
Diaries
Diastase
Diastases
Diastole
Diastoles
Diastolic
Diathermy
Diathermies
Diatom
Diatoms
Diatomic
Diatonic
Diatribe
Diatribes
Dibble
Dibbles
Dibbled
Dibbling
Dibs
Dice
Diced
Dicing
Dices
Dicey
Dicier
Diciest
Dichotomous
Dichotomy
Dichotomies
Dick
Dicks
Dicked
Dicking
Dicker
Dickers
Dickered
Dickering
Dickey
Dickier
Dickiest
Dickeys
Dicky
Dickies
Dicotyledon
Dicotyledons
Dicotyledonous
Dictate
Dictates
Dictated
Dictating
Dictation
Dictations
Dictator
Dictators
Dictatorial
Dictatorially
Dictatorship
Dictatorships
Diction
Dictions
Dictionary
Dictionaries
Dictum
Dicta
Dictums
Didactic
Didactically
Diddle
Diddled
Diddling
Diddles
Diddler
Diddlers
Dido
Didoes
Didos
Die
Dies
Died
Dying
Dieing
Diehard
Diehards
Dielectric
Dielectrics
Dieresis
Diereses
Diesel
Diesels
Dieseled
Dieseling
Diet
Diets
Dieted
Dieting
Dietary
Dietaries
Dieter
Dieters
Dietetic
Dietetics
Dietician
Dieticians
Dietitian
Dietitians
Differ
Differed
Differing
Differs
Difference
Differences
Differenced
Differencing
Different
Differential
Differentials
Differentiate
Differentiated
Differentiating
Differentiates
Differentiation
Differentiations
Differently
Difficult
Difficultly
Difficulty
Difficulties
Diffidence
Diffidences
Diffident
Diffidently
Diffraction
Diffractions
Diffuse
Diffused
Diffusing
Diffuses
Diffusely
Diffuseness
Diffusenesses
Diffusion
Diffusions
Diffusive
Dig
Digs
Dug
@digged
Digging
Digerati
Digest
Digests
Digested
Digesting
Digestibility
Digestibilities
Digestible
Digestion
Digestions
Digestive
Digestives
Digger
Diggers
Diggings
Digit
Digits
Digital
Digitals
Digitalis
Digitalises
Digitally
Digitize
Digitized
Digitizing
Digitizes
Dignify
Dignified
Dignifying
Dignifies
Dignitary
Dignitaries
Dignity
Dignities
Digraph
Digraphs
Digress
Digressed
Digressing
Digresses
Digression
Digressions
Digressive
Dike
Dikes
Diked
Diking
Dilapidated
Dilapidation
Dilapidations
Dilatation
Dilatations
Dilate
Dilated
Dilating
Dilates
Dilation
Dilations
Dilator
Dilators
Dilatory
Dilemma
Dilemmas
Dilettante
Dilettantes
Dilettanti
Dilettantish
Dilettantism
Dilettantisms
Diligence
Diligences
Diligent
Diligently
Dill
Dills
Dilly
Dillies
Dillydally
Dillydallied
Dillydallying
Dillydallies
Dilute
Diluted
Diluting
Dilutes
Dilution
Dilutions
Dim
Dimmer
Dimmest
Dimmed
Dimming
Dims
Dime
Dimes
Dimension
Dimensions
Dimensioned
Dimensioning
Dimensional
Diminish
Diminished
Diminishing
Diminishes
Diminuendo
Diminuendos
Diminuendoes
Diminution
Diminutions
Diminutive
Diminutives
Dimity
Dimities
Dimly
Dimmers
Dimness
Dimnesses
Dimple
Dimples
Dimpled
Dimpling
Dimply
Dimplier
Dimpliest
Dimwit
Dimwits
Dimwitted
Din
Dins
Dinned
Dinning
Dinar
Dinars
Dine
Dined
Dining
Dines
Diner
Diners
Dinette
Dinettes
Ding
Dings
Dinged
Dinging
Dingbat
Dingbats
Dingdong
Dingdongs
Dinghy
Dinghies
Dingily
Dinginess
Dinginesses
Dingle
Dingles
Dingo
Dingoes
Dingus
Dinguses
Dingy
Dingier
Dingiest
Dinky
Dinkier
Dinkiest
Dinkies
Dinner
Dinners
Dinnered
Dinnering
Dinnertime
Dinnertimes
Dinnerware
Dinnerwares
Dinosaur
Dinosaurs
Dint
Dints
Dinted
Dinting
Diocesan
Diocesans
Diocese
Dioceses
Diode
Diodes
Diorama
Dioramas
Dioxide
Dioxides
Dioxin
Dioxins
Dip
Dips
Dipped
Dipping
Diphtheria
Diphtherias
Diphthong
Diphthongs
Diphthonged
Diphthonging
Diploid
Diploids
Diploma
Diplomas
Diplomata
Diplomaed
Diplomaing
Diplomacy
Diplomacies
Diplomat
Diplomats
Diplomatic
Diplomatically
Diplomatist
Diplomatists
Dipole
Dipoles
Dipper
Dippers
Dippy
Dippier
Dippiest
Dipsomania
Dipsomanias
Dipsomaniac
Dipsomaniacs
Dipstick
Dipsticks
Dipterous
Diptych
Diptychs
Dire
Direr
Direst
Direct
Directer
Directest
Directed
Directing
Directs
Direction
Directions
Directional
Directive
Directives
Directly
Directness
Directnesses
Director
Directors
Directorate
Directorates
Directorial
Directorship
Directorships
Directory
Directories
Direful
Direly
Dirge
Dirges
Dirigible
Dirigibles
Dirk
Dirks
Dirked
Dirking
Dirndl
Dirndls
Dirt
Dirts
Dirtily
Dirtiness
Dirtinesses
Dirty
Dirtier
Dirtiest
Dirtied
Dirtying
Dirties
Dis
Disses
Dissed
Dissing
Disability
Disabilities
Disable
Disabled
Disabling
Disables
Disablement
Disablements
Disabuse
Disabused
Disabusing
Disabuses
Disadvantage
Disadvantages
Disadvantaged
Disadvantaging
Disadvantageous
Disadvantageously
Disaffect
Disaffected
Disaffecting
Disaffects
Disaffection
Disaffections
Disaffiliate
Disaffiliated
Disaffiliating
Disaffiliates
Disaffiliation
Disaffiliations
Disagree
Disagreed
Disagreeing
Disagrees
Disagreeable
Disagreeables
Disagreeableness
Disagreeablenesses
Disagreeably
Disagreement
Disagreements
Disallow
Disallowed
Disallowing
Disallows
Disappear
Disappeared
Disappearing
Disappears
Disappearance
Disappearances
Disappoint
Disappointed
Disappointing
Disappoints
Disappointingly
Disappointment
Disappointments
Disapprobation
Disapprobations
Disapproval
Disapprovals
Disapprove
Disapproved
Disapproving
Disapproves
Disapprovingly
Disarm
Disarmed
Disarming
Disarms
Disarmament
Disarmaments
Disarmingly
Disarrange
Disarranged
Disarranging
Disarranges
Disarrangement
Disarrangements
Disarray
Disarrays
Disarrayed
Disarraying
Disassemble
Disassembled
Disassembling
Disassembles
Disassociate
Disassociated
Disassociating
Disassociates
Disassociation
Disassociations
Disaster
Disasters
Disastrous
Disastrously
Disavow
Disavowed
Disavowing
Disavows
Disavowal
Disavowals
Disband
Disbanded
Disbanding
Disbands
Disbandment
Disbandments
Disbar
Disbarred
Disbarring
Disbars
Disbarment
Disbarments
Disbelief
Disbeliefs
Disbelieve
Disbelieved
Disbelieving
Disbelieves
Disbeliever
Disbelievers
Disbelievingly
Disbursal
Disbursals
Disburse
Disbursed
Disbursing
Disburses
Disbursement
Disbursements
Disc
Discs
Disced
Discing
Discard
Discards
Discarded
Discarding
Discern
Discerned
Discerning
Discerns
Discernible
Discernibly
Discerningly
Discernment
Discernments
Discharge
Discharges
Discharged
Discharging
Disciple
Disciples
Discipled
Discipling
Discipleship
Discipleships
Disciplinarian
Disciplinarians
Disciplinary
Discipline
Disciplines
Disciplined
Disciplining
Disclaim
Disclaimed
Disclaiming
Disclaims
Disclaimer
Disclaimers
Disclose
Disclosed
Disclosing
Discloses
Disclosure
Disclosures
Disco
Discos
Discoed
Discoing
Discography
Discographies
Discolor
Discolored
Discoloring
Discolors
Discoloration
Discolorations
Discolour
Discoloured
Discolouring
Discolours
Discombobulate
Discombobulated
Discombobulating
Discombobulates
Discombobulation
Discombobulations
Discomfit
Discomfits
Discomfited
Discomfiting
Discomfiture
Discomfitures
Discomfort
Discomforts
Discomforted
Discomforting
Discommode
Discommoded
Discommoding
Discommodes
Discompose
Discomposed
Discomposing
Discomposes
Discomposure
Discomposures
Disconcert
Disconcerted
Disconcerting
Disconcerts
Disconcertingly
Disconnect
Disconnected
Disconnecting
Disconnects
Disconnectedly
Disconnectedness
Disconnectednesses
Disconnection
Disconnections
Disconsolate
Disconsolately
Discontent
Discontents
Discontented
Discontenting
Discontentedly
Discontentment
Discontentments
Discontinuance
Discontinuances
Discontinuation
Discontinuations
Discontinue
Discontinued
Discontinuing
Discontinues
Discontinuity
Discontinuities
Discontinuous
Discontinuously
Discord
Discords
Discorded
Discording
Discordance
Discordances
Discordant
Discordantly
Discotheque
Discotheques
Discount
Discounts
Discounted
Discounting
Discountenance
Discountenances
Discountenanced
Discountenancing
Discounter
Discounters
Discourage
Discouraged
Discouraging
Discourages
Discouragement
Discouragements
Discouragingly
Discourse
Discourses
Discoursed
Discoursing
Discourteous
Discourteously
Discourtesy
Discourtesies
Discover
Discovered
Discovering
Discovers
Discoverer
Discoverers
Discovery
Discoveries
Discredit
Discredits
Discredited
Discrediting
Discreditable
Discreditably
Discreet
Discreeter
Discreetest
Discreetly
Discreetness
Discreetnesses
Discrepancy
Discrepancies
Discrepant
Discrete
Discreter
Discretest
Discretely
Discreteness
Discretenesses
Discretion
Discretions
Discretionary
Discriminate
Discriminated
Discriminating
Discriminates
Discrimination
Discriminations
Discriminator
Discriminators
Discriminatory
Discursive
Discursively
Discursiveness
Discursivenesses
Discus
Discuses
Disci
Discuss
Discussed
Discussing
Discusses
Discussant
Discussants
Discussion
Discussions
Disdain
Disdains
Disdained
Disdaining
Disdainful
Disdainfully
Disease
Diseases
Diseased
Diseasing
Disembark
Disembarked
Disembarking
Disembarks
Disembarkation
Disembarkations
Disembodiment
Disembodiments
Disembody
Disembodied
Disembodying
Disembodies
Disembowel
Disemboweled
Disembowelled
Disemboweling
Disembowelling
Disembowels
Disembowelment
Disembowelments
Disenchant
Disenchanted
Disenchanting
Disenchants
Disenchantment
Disenchantments
Disencumber
Disencumbered
Disencumbering
Disencumbers
Disenfranchise
Disenfranchised
Disenfranchising
Disenfranchises
Disenfranchisement
Disenfranchisements
Disengage
Disengaged
Disengaging
Disengages
Disengagement
Disengagements
Disentangle
Disentangled
Disentangling
Disentangles
Disentanglement
Disentanglements
Disequilibrium
Disequilibriums
Disequilibria
Disestablish
Disestablished
Disestablishing
Disestablishes
Disestablishment
Disestablishments
Disesteem
Disesteems
Disesteemed
Disesteeming
Disfavor
Disfavors
Disfavored
Disfavoring
Disfavour
Disfavours
Disfigure
Disfigured
Disfiguring
Disfigures
Disfigurement
Disfigurements
Disfranchise
Disfranchised
Disfranchising
Disfranchises
Disfranchisement
Disfranchisements
Disgorge
Disgorged
Disgorging
Disgorges
Disgorgement
Disgorgements
Disgrace
Disgraces
Disgraced
Disgracing
Disgraceful
Disgracefully
Disgracefulness
Disgracefulnesses
Disgruntle
Disgruntled
Disgruntling
Disgruntles
Disgruntlement
Disgruntlements
Disguise
Disguises
Disguised
Disguising
Disgust
Disgusts
Disgusted
Disgusting
Disgustedly
Disgustingly
Dish
Dishes
Dished
Dishing
Dishabille
Dishabilles
Disharmonious
Disharmony
Disharmonies
Dishcloth
Dishcloths
Dishearten
Disheartened
Disheartening
Disheartens
Dishearteningly
Dishevel
Disheveled
Dishevelled
Disheveling
Dishevelling
Dishevels
Dishevelment
Dishevelments
Dishonest
Dishonestly
Dishonesty
Dishonesties
Dishonor
Dishonors
Dishonored
Dishonoring
Dishonorable
Dishonorably
Dishpan
Dishpans
Dishrag
Dishrags
Dishtowel
Dishtowels
Dishware
Dishwares
Dishwasher
Dishwashers
Dishwater
Dishwaters
Disillusion
Disillusions
Disillusioned
Disillusioning
Disillusionment
Disillusionments
Disinclination
Disinclinations
Disincline
Disinclined
Disinclining
Disinclines
Disinfect
Disinfected
Disinfecting
Disinfects
Disinfectant
Disinfectants
Disinfection
Disinfections
Disinflation
Disinflations
Disinformation
Disinformations
Disingenuous
Disingenuously
Disinherit
Disinherited
Disinheriting
Disinherits
Disinheritance
Disinheritances
Disintegrate
Disintegrated
Disintegrating
Disintegrates
Disintegration
Disintegrations
Disinter
Disinterred
Disinterring
Disinters
Disinterest
Disinterests
Disinterested
Disinteresting
Disinterestedly
Disinterestedness
Disinterestednesses
Disinterment
Disinterments
Disinvestment
Disinvestments
Disjoint
Disjointed
Disjointing
Disjoints
Disjointedly
Disjointedness
Disjointednesses
Disjunctive
Disjunctives
Disk
Disks
Disked
Disking
Diskette
Diskettes
Dislike
Dislikes
Disliked
Disliking
Dislocate
Dislocated
Dislocating
Dislocates
Dislocation
Dislocations
Dislodge
Dislodged
Dislodging
Dislodges
Disloyal
Disloyally
Disloyalty
Disloyalties
Dismal
Dismaler
Dismaller
Dismalest
Dismallest
Dismals
Dismally
Dismantle
Dismantled
Dismantling
Dismantles
Dismantlement
Dismantlements
Dismay
Dismays
Dismayed
Dismaying
Dismember
Dismembered
Dismembering
Dismembers
Dismemberment
Dismemberments
Dismiss
Dismissed
Dismissing
Dismisses
Dismissal
Dismissals
Dismissive
Dismissively
Dismount
Dismounts
Dismounted
Dismounting
Disobedience
Disobediences
Disobedient
Disobediently
Disobey
Disobeyed
Disobeying
Disobeys
Disoblige
Disobliged
Disobliging
Disobliges
Disorder
Disorders
Disordered
Disordering
Disorderliness
Disorderlinesses
Disorderly
Disorganization
Disorganizations
Disorganize
Disorganized
Disorganizing
Disorganizes
Disorient
Disoriented
Disorienting
Disorients
Disorientate
Disorientated
Disorientating
Disorientates
Disorientation
Disorientations
Disown
Disowned
Disowning
Disowns
Disparage
Disparaged
Disparaging
Disparages
Disparagement
Disparagements
Disparagingly
Disparate
Disparately
Disparity
Disparities
Dispassion
Dispassions
Dispassionate
Dispassionately
Dispatch
Dispatches
Dispatched
Dispatching
Dispatcher
Dispatchers
Dispel
Dispelled
Dispelling
Dispels
Dispensable
Dispensary
Dispensaries
Dispensation
Dispensations
Dispense
Dispensed
Dispensing
Dispenses
Dispenser
Dispensers
Dispersal
Dispersals
Disperse
Dispersed
Dispersing
Disperses
Dispersion
Dispersions
Dispirit
Dispirited
Dispiriting
Dispirits
Displace
Displaced
Displacing
Displaces
Displacement
Displacements
Display
Displays
Displayed
Displaying
Displease
Displeased
Displeasing
Displeases
Displeasure
Displeasures
Displeasured
Displeasuring
Disport
Disports
Disported
Disporting
Disposable
Disposables
Disposal
Disposals
Dispose
Disposes
Disposed
Disposing
Disposer
Disposers
Disposition
Dispositions
Dispossess
Dispossessed
Dispossessing
Dispossesses
Dispossession
Dispossessions
Dispraise
Dispraises
Dispraised
Dispraising
Disproof
Disproofs
Disproportion
Disproportions
Disproportioned
Disproportioning
Disproportional
Disproportionate
Disproportionately
Disprovable
Disprove
Disproved
Disproven
Disproving
Disproves
Disputable
Disputably
Disputant
Disputants
Disputation
Disputations
Disputatious
Disputatiously
Dispute
Disputes
Disputed
Disputing
Disputer
Disputers
Disqualification
Disqualifications
Disqualify
Disqualified
Disqualifying
Disqualifies
Disquiet
Disquiets
Disquieted
Disquieting
Disquietude
Disquietudes
Disquisition
Disquisitions
Disregard
Disregards
Disregarded
Disregarding
Disregardful
Disrepair
Disrepairs
Disreputable
Disreputably
Disrepute
Disreputes
Disrespect
Disrespects
Disrespected
Disrespecting
Disrespectful
Disrespectfully
Disrobe
Disrobed
Disrobing
Disrobes
Disrupt
Disrupted
Disrupting
Disrupts
Disruption
Disruptions
Disruptive
Disruptively
Diss
Dissatisfaction
Dissatisfactions
Dissatisfy
Dissatisfied
Dissatisfying
Dissatisfies
Dissect
Dissected
Dissecting
Dissects
Dissection
Dissections
Dissector
Dissectors
Dissemblance
Dissemblances
Dissemble
Dissembled
Dissembling
Dissembles
Dissembler
Dissemblers
Disseminate
Disseminated
Disseminating
Disseminates
Dissemination
Disseminations
Dissension
Dissensions
Dissent
Dissents
Dissented
Dissenting
Dissenter
Dissenters
Dissertation
Dissertations
Disservice
Disservices
Dissever
Dissevered
Dissevering
Dissevers
Dissidence
Dissidences
Dissident
Dissidents
Dissimilar
Dissimilarity
Dissimilarities
Dissimilitude
Dissimilitudes
Dissimulate
Dissimulated
Dissimulating
Dissimulates
Dissimulation
Dissimulations
Dissimulator
Dissimulators
Dissipate
Dissipated
Dissipating
Dissipates
Dissipation
Dissipations
Dissociate
Dissociated
Dissociating
Dissociates
Dissociation
Dissociations
Dissoluble
Dissolute
Dissolutely
Dissoluteness
Dissolutenesses
Dissolution
Dissolutions
Dissolve
Dissolves
Dissolved
Dissolving
Dissonance
Dissonances
Dissonant
Dissuade
Dissuaded
Dissuading
Dissuades
Dissuasion
Dissuasions
Dissuasive
Distaff
Distaffs
Distal
Distally
Distance
Distances
Distanced
Distancing
Distant
Distantly
Distaste
Distastes
Distasted
Distasting
Distasteful
Distastefully
Distastefulness
Distastefulnesses
Distemper
Distempers
Distempered
Distempering
Distend
Distended
Distending
Distends
Distension
Distensions
Distention
Distentions
Distil
Distilled
Distilling
Distils
Distill
Distills
Distillate
Distillates
Distillation
Distillations
Distiller
Distillers
Distillery
Distilleries
Distinct
Distincter
Distinctest
Distinction
Distinctions
Distinctive
Distinctively
Distinctiveness
Distinctivenesses
Distinctly
Distinctness
Distinctnesses
Distinguish
Distinguished
Distinguishing
Distinguishes
Distinguishable
Distort
Distorted
Distorting
Distorts
Distortion
Distortions
Distract
Distracted
Distracting
Distracts
Distractedly
Distraction
Distractions
Distrait
Distraught
Distress
Distresses
Distressed
Distressing
Distressful
Distressingly
Distribute
Distributed
Distributing
Distributes
Distribution
Distributions
Distributive
Distributives
Distributively
Distributor
Distributors
District
Districts
Districted
Districting
Distrust
Distrusts
Distrusted
Distrusting
Distrustful
Distrustfully
Disturb
Disturbed
Disturbing
Disturbs
Disturbance
Disturbances
Disturber
Disturbers
Disunion
Disunions
Disunite
Disunited
Disuniting
Disunites
Disunity
Disunities
Disuse
Disuses
Disused
Disusing
Ditch
Ditches
Ditched
Ditching
Dither
Dithers
Dithered
Dithering
Ditherer
Ditherers
Ditsy
Ditsier
Ditsiest
Ditto
Dittos
Dittoes
Dittoed
Dittoing
Ditty
Ditties
Dittied
Dittying
Ditz
Ditzes
Ditzy
Ditzier
Ditziest
Diuretic
Diuretics
Diurnal
Diurnals
Diurnally
Diva
Divas
Divalent
Divan
Divans
Dive
Dives
Dived
Dove
Diving
Diver
Divers
Diverge
Diverged
Diverging
Diverges
Divergence
Divergences
Divergent
Diverse
Diversely
Diverseness
Diversenesses
Diversification
Diversifications
Diversify
Diversified
Diversifying
Diversifies
Diversion
Diversions
Diversionary
Diversity
Diversities
Divert
Diverted
Diverting
Diverts
Diverticulitis
Diverticulitises
Divest
Divested
Divesting
Divests
Divestiture
Divestitures
Divestment
Divestments
Dividable
Divide
Divides
Divided
Dividing
Dividend
Dividends
Divider
Dividers
Divination
Divinations
Divine
Diviner
Divinest
Divines
Divined
Divining
Divinely
Diviners
Divings
Divinity
Divinities
Divisibility
Divisibilities
Divisible
Division
Divisions
Divisional
Divisive
Divisively
Divisiveness
Divisivenesses
Divisor
Divisors
Divorce
Divorces
Divorced
Divorcing
Divorcee
Divorcees
Divorcement
Divorcements
Divot
Divots
Divulge
Divulged
Divulging
Divulges
Divvy
Divvies
Divvied
Divvying
Dixieland
Dixielands
Dizzily
Dizziness
Dizzinesses
Dizzy
Dizzier
Dizziest
Dizzied
Dizzying
Dizzies
Djellaba
Djellabas
Djellabah
Djellabahs
Djinn
Djinns
Dos
Do's
Did
@didst
Done
Doing
Does
@dost
@doth
Doable
Dobbin
Dobbins
Doberman
Dobermans
Doc
Docs
Docent
Docents
Docile
Dociler
Docilest
Docilely
Docility
Docilities
Dock
Docks
Docked
Docking
Docket
Dockets
Docketed
Docketing
Dockworker
Dockworkers
Dockyard
Dockyards
Doctor
Doctors
Doctored
Doctoring
Doctoral
Doctorate
Doctorates
Doctrinaire
Doctrinaires
Doctrinal
Doctrine
Doctrines
Docudrama
Docudramas
Document
Documents
Documented
Documenting
Documentary
Documentaries
Documentation
Documentations
Dodder
Dodders
Doddered
Doddering
Dodge
Dodges
Dodged
Dodging
Dodger
Dodgers
Dodo
Dodos
Dodoes
Doe
Doer
Doers
Doeskin
Doeskins
Doff
Doffed
Doffing
Doffs
Dog
Dogs
Dogged
Dogging
Dogcart
Dogcarts
Dogcatcher
Dogcatchers
Doge
Doges
Dogear
Dogears
Dogeared
Dogearing
Dogfight
Dogfights
Dogfish
Dogfishes
Doggeder
Doggedest
Doggedly
Doggedness
Doggednesses
Doggerel
Doggerels
Doggie
Doggies
Doggone
Doggoner
Doggonest
Doggoned
Doggoning
Doggones
Doggoneder
Doggonedest
Doggy
Doggier
Doggiest
Doghouse
Doghouses
Dogie
Dogies
Dogleg
Doglegs
Doglegged
Doglegging
Dogma
Dogmas
Dogmata
Dogmatic
Dogmatically
Dogmatism
Dogmatisms
Dogmatist
Dogmatists
Dogtrot
Dogtrots
Dogtrotted
Dogtrotting
Dogwood
Dogwoods
Dogy
Doh
Dohs
Doily
Doilies
Doings
Doldrums
Dole
Doles
Doled
Doling
Doleful
Dolefuller
Dolefullest
Dolefully
Dolefulness
Dolefulnesses
Doll
Dolls
Dolled
Dolling
Dollar
Dollars
Dollhouse
Dollhouses
Dollop
Dollops
Dolloped
Dolloping
Dolly
Dollies
Dollied
Dollying
Dolmen
Dolmens
Dolomite
Dolomites
Dolor
Dolors
Dolorous
Dolorously
Dolphin
Dolphins
Dolt
Dolts
Doltish
Doltishly
Doltishness
Doltishnesses
Domain
Domains
Dome
Domes
Domed
Doming
Domestic
Domestics
Domestically
Domesticate
Domesticated
Domesticating
Domesticates
Domestication
Domestications
Domesticity
Domesticities
Domicile
Domiciles
Domiciled
Domiciling
Domiciliary
Dominance
Dominances
Dominant
Dominants
Dominantly
Dominate
Dominated
Dominating
Dominates
Domination
Dominations
Dominatrix
Dominatrices
Dominatrixes
Domineer
Domineered
Domineering
Domineers
Domineeringly
Dominion
Dominions
Domino
Dominoes
Dominos
Don
Dons
Donned
Donning
Dona
Donas
Donate
Donated
Donating
Donates
Donation
Donations
Dong
Dongs
Dongle
Dongles
Donkey
Donkeys
Donnybrook
Donnybrooks
Donor
Donors
Donut
Donuts
Doodad
Doodads
Doodle
Doodles
Doodled
Doodling
Doodlebug
Doodlebugs
Doodler
Doodlers
Doohickey
Doohickeys
Doom
Dooms
Doomed
Dooming
Doomsayer
Doomsayers
Doomsday
Doomsdays
Door
Doors
Doorbell
Doorbells
Doorkeeper
Doorkeepers
Doorknob
Doorknobs
Doorman
Doormen
Doormat
Doormats
Doorplate
Doorplates
Doorstep
Doorsteps
Doorstepped
Doorstepping
Doorstop
Doorstops
Doorway
Doorways
Dooryard
Dooryards
Dopa
Dopas
Dope
Dopes
Doped
Doping
Doper
Dopers
Dopey
Dopier
Dopiest
Dopiness
Dopinesses
Dopings
Dopy
Dork
Dorks
Dorky
Dorkier
Dorkiest
Dorm
Dorms
Dormancy
Dormancies
Dormant
Dormer
Dormers
Dormitory
Dormitories
Dormouse
Dormice
Dorsal
Dorsally
Dory
Dories
Dosage
Dosages
Dose
Doses
Dosed
Dosing
Dosimeter
Dosimeters
Dossier
Dossiers
Dot
Dots
Dotted
Dotting
Dotage
Dotages
Dotard
Dotards
Dote
Doted
Doting
Dotes
Doter
Doters
Dotingly
Dotty
Dottier
Dottiest
Double
Doubles
Doubled
Doubling
Doubleheader
Doubleheaders
Doublespeak
Doublespeaks
Doublet
Doublets
Doubloon
Doubloons
Doubly
Doubt
Doubts
Doubted
Doubting
Doubter
Doubters
Doubtful
Doubtfuller
Doubtfullest
Doubtfully
Doubtfulness
Doubtfulnesses
Doubtingly
Doubtless
Doubtlessly
Douche
Douches
Douched
Douching
Dough
Doughs
Doughnut
Doughnuts
Doughty
Doughtier
Doughtiest
Doughy
Doughier
Doughiest
Dour
Dourer
Dourest
Dourly
Dourness
Dournesses
Douse
Douses
Doused
Dousing
Doves
Dovecote
Dovecotes
Dovetail
Dovetails
Dovetailed
Dovetailing
Dovish
Dowager
Dowagers
Dowdily
Dowdiness
Dowdinesses
Dowdy
Dowdier
Dowdiest
Dowel
Dowels
Doweled
Dowelled
Doweling
Dowelling
Dower
Dowers
Dowered
Dowering
Down
Downs
Downed
Downing
Downbeat
Downbeats
Downcast
Downcasts
Downdraft
Downdrafts
Downer
Downers
Downfall
Downfalls
Downfallen
Downgrade
Downgrades
Downgraded
Downgrading
Downhearted
Downheartedly
Downheartedness
Downheartednesses
Downhill
Downhills
Download
Downloads
Downloaded
Downloading
Downplay
Downplayed
Downplaying
Downplays
Downpour
Downpours
Downrange
Downright
Downriver
Downscale
Downscaled
Downscaling
Downscales
Downshift
Downshifted
Downshifting
Downshifts
Downside
Downsides
Downsize
Downsized
Downsizing
Downsizes
Downsizings
Downspout
Downspouts
Downstage
Downstages
Downstairs
Downstate
Downstates
Downstream
Downswing
Downswings
Downtime
Downtimes
Downtown
Downtowns
Downtrend
Downtrends
Downtrodden
Downturn
Downturns
Downward
Downwards
Downwind
Downy
Downier
Downiest
Dowry
Dowries
Dowse
Dowses
Dowsed
Dowsing
Dowser
Dowsers
Doxology
Doxologies
Doyen
Doyens
Doyenne
Doyennes
Doze
Dozes
Dozed
Dozing
Dozen
Dozens
Dozened
Dozening
Dozenth
Drab
Drabber
Drabbest
Drabs
Drabbed
Drabbing
Drably
Drabness
Drabnesses
Drachma
Drachmas
Drachmae
Drachmai
Draconian
Draft
Drafts
Drafted
Drafting
Draftee
Draftees
Drafter
Drafters
Draftily
Draftiness
Draftinesses
Draftings
Draftsman
Draftsmen
Draftsmanship
Draftsmanships
Draftswoman
Draftswomen
Drafty
Draftier
Draftiest
Drag
Drags
Dragged
Dragging
Draggy
Draggier
Draggiest
Dragnet
Dragnets
Dragon
Dragons
Dragonfly
Dragonflies
Dragoon
Dragoons
Dragooned
Dragooning
Drain
Drains
Drained
Draining
Drainage
Drainages
Drainboard
Drainboards
Drainer
Drainers
Drainpipe
Drainpipes
Drake
Drakes
Dram
Drams
Drammed
Dramming
Drama
Dramas
Dramatic
Dramatically
Dramatics
Dramatist
Dramatists
Dramatization
Dramatizations
Dramatize
Dramatized
Dramatizing
Dramatizes
Drape
Drapes
Draped
Draping
Draper
Drapers
Drapery
Draperies
Drastic
Drastically
Drat
Dratted
Dratting
Drats
Draught
Draughts
Draughted
Draughting
Draughtsman
Draughtsmen
Draughty
Draughtier
Draughtiest
Draw
Draws
Drew
Drawn
Drawing
Drawback
Drawbacks
Drawbridge
Drawbridges
Drawer
Drawers
Drawings
Drawl
Drawls
Drawled
Drawling
Drawstring
Drawstrings
Dray
Drays
Drayed
Draying
Dread
Dreads
Dreaded
Dreading
Dreadful
Dreadfuls
Dreadfully
Dreadfulness
Dreadfulnesses
Dreadlocks
Dreadnaught
Dreadnaughts
Dreadnought
Dreadnoughts
Dream
Dreams
Dreamed
Dreamt
Dreaming
Dreamboat
Dreamboats
Dreamer
Dreamers
Dreamily
Dreaminess
Dreaminesses
Dreamland
Dreamlands
Dreamless
Dreamlike
Dreamworld
Dreamworlds
Dreamy
Dreamier
Dreamiest
Drear
Drearer
Drearest
Drearily
Dreariness
Drearinesses
Dreary
Drearier
Dreariest
Dredge
Dredges
Dredged
Dredging
Dredger
Dredgers
Dregs
Drench
Drenches
Drenched
Drenching
Dress
Dresses
Dressed
Drest
Dressing
Dressage
Dressages
Dresser
Dressers
Dressiness
Dressinesses
Dressings
Dressmaker
Dressmakers
Dressmaking
Dressmakings
Dressy
Dressier
Dressiest
Dribble
Dribbles
Dribbled
Dribbling
Dribbler
Dribblers
Driblet
Driblets
Drier
Driers
Drift
Drifts
Drifted
Drifting
Drifter
Drifters
Driftwood
Driftwoods
Drill
Drills
Drilled
Drilling
Driller
Drillers
Drillmaster
Drillmasters
Drily
Drink
Drinks
Drank
Drunk
Drinking
Drinkable
Drinkables
Drinker
Drinkers
Drip
Drips
Dripped
Dript
Dripping
Drippings
Drippy
Drippier
Drippiest
Drive
Drives
Drove
Driven
Driving
Drivel
Drivels
Driveled
Drivelled
Driveling
Drivelling
Driveler
Drivelers
Driver
Drivers
Driveway
Driveways
Drizzle
Drizzles
Drizzled
Drizzling
Drizzly
Drizzlier
Drizzliest
Drogue
Drogues
Droll
Droller
Drollest
Drolled
Drolling
Drolls
Drollery
Drolleries
Drollness
Drollnesses
Drolly
Dromedary
Dromedaries
Drone
Drones
Droned
Droning
Drool
Drools
Drooled
Drooling
Droop
Droops
Drooped
Drooping
Droopiness
Droopinesses
Droopy
Droopier
Droopiest
Drop
Drops
Dropped
Dropping
Dropkick
Dropkicks
Droplet
Droplets
Dropout
Dropouts
Dropper
Droppers
Droppings
Dropsical
Dropsy
Dropsies
Dross
Drosses
Drought
Droughts
Drouth
Drouths
Droves
Droved
Droving
Drover
Drovers
Drown
Drowned
Drowning
Drowns
Drownings
Drowse
Drowses
Drowsed
Drowsing
Drowsily
Drowsiness
Drowsinesses
Drowsy
Drowsier
Drowsiest
Drub
Drubs
Drubbed
Drubbing
Drubber
Drubbers
Drubbings
Drudge
Drudges
Drudged
Drudging
Drudgery
Drudgeries
Drug
Drugs
Drugged
Drugging
Druggie
Druggier
Druggiest
Druggies
Druggist
Druggists
Druggy
Drugstore
Drugstores
Druid
Druids
Druidism
Druidisms
Drum
Drums
Drummed
Drumming
Drumbeat
Drumbeats
Drumlin
Drumlins
Drummer
Drummers
Drumstick
Drumsticks
Drunker
Drunkest
Drunks
Drunkard
Drunkards
Drunken
Drunkenly
Drunkenness
Drunkennesses
Drupe
Drupes
Druthers
Dry
Dryer
Driest
Dryest
Drys
Dries
Dried
Drying
Dryad
Dryads
Dryades
Dryers
Dryly
Dryness
Drynesses
Drywall
Drywalls
Dual
Duals
Dualism
Dualisms
Duality
Dualities
Dub
Dubs
Dubbed
Dubbing
Dubber
Dubbers
Dubbin
Dubbins
Dubiety
Dubieties
Dubious
Dubiously
Dubiousness
Dubiousnesses
Ducal
Ducat
Ducats
Duchess
Duchesses
Duchy
Duchies
Duck
Ducks
Ducked
Ducking
Duckbill
Duckbills
Duckling
Ducklings
Duckpins
Duckweed
Duckweeds
Ducky
Duckier
Duckiest
Duckies
Duct
Ducts
Ducted
Ducting
Ductile
Ductility
Ductilities
Ductless
Dud
Duds
Dude
Dudes
Duded
Duding
Dudgeon
Dudgeons
Due
Dues
Duel
Duels
Dueled
Duelled
Dueling
Duelling
Dueler
Duelers
Duelist
Duelists
Duellist
Duellists
Duenna
Duennas
Duet
Duets
Duetted
Duetting
Duff
Duffs
Duffed
Duffing
Duffer
Duffers
Dugs
Dugout
Dugouts
Duh
Duke
Dukes
Dukedom
Dukedoms
Dulcet
Dulcets
Dulcimer
Dulcimers
Dull
Duller
Dullest
Dulled
Dulling
Dulls
Dullard
Dullards
Dullness
Dullnesses
Dully
Dulness
Dulnesses
Duly
Dumb
Dumber
Dumbest
Dumbbell
Dumbbells
Dumbfound
Dumbfounded
Dumbfounding
Dumbfounds
Dumbly
Dumbness
Dumbnesses
Dumbstruck
Dumbwaiter
Dumbwaiters
Dumdum
Dumdums
Dumfound
Dumfounded
Dumfounding
Dumfounds
Dummy
Dummier
Dummiest
Dummies
Dummied
Dummying
Dump
Dumps
Dumped
Dumping
Dumpiness
Dumpinesses
Dumpling
Dumplings
Dumpster
Dumpsters
Dumpy
Dumpier
Dumpiest
Dun
Dunner
Dunnest
Duns
Dunned
Dunning
Dunce
Dunces
Dunderhead
Dunderheads
Dune
Dunes
Dung
Dungs
Dunged
Dunging
Dungaree
Dungarees
Dungeon
Dungeons
Dunghill
Dunghills
Dunk
Dunks
Dunked
Dunking
Dunno
Duo
Duos
Duodecimal
Duodecimals
Duodenal
Duodenum
Duodena
Duodenums
Dupe
Dupes
Duped
Duping
Duper
Dupers
Duple
Duplex
Duplexes
Duplexed
Duplexing
Duplicate
Duplicates
Duplicated
Duplicating
Duplication
Duplications
Duplicator
Duplicators
Duplicitous
Duplicity
Duplicities
Durability
Durabilities
Durable
Durables
Durably
Durance
Durances
Duration
Durations
Duress
Duresses
During
Durum
Durums
Dusk
Dusker
Duskest
Dusks
Dusked
Dusking
Duskiness
Duskinesses
Dusky
Duskier
Duskiest
Dust
Dusts
Dusted
Dusting
Duster
Dusters
Dustiness
Dustinesses
Dustless
Dustpan
Dustpans
Dusty
Dustier
Dustiest
Dutch
Duteous
Duteously
Dutiable
Dutiful
Dutifully
Dutifulness
Dutifulnesses
Duty
Duties
Duvet
Duvets
Dwarf
Dwarfer
Dwarfest
Dwarfs
Dwarves
Dwarfed
Dwarfing
Dwarfish
Dwarfism
Dwarfisms
Dweeb
Dweebs
Dwell
Dwells
Dwelt
Dwelled
Dwelling
Dweller
Dwellers
Dwellings
Dwindle
Dwindled
Dwindling
Dwindles
Dybbuk
Dybbukim
Dybbuks
Dye
Dyes
Dyed
Dyeing
Dyer
Dyers
Dyestuff
Dyestuffs
Dyings
Dyke
Dykes
Dyked
Dyking
Dynamic
Dynamics
Dynamical
Dynamically
Dynamism
Dynamisms
Dynamite
Dynamites
Dynamited
Dynamiting
Dynamiter
Dynamiters
Dynamo
Dynamos
Dynastic
Dynasty
Dynasties
Dysentery
Dysenteries
Dysfunction
Dysfunctions
Dysfunctional
Dyslectic
Dyslectics
Dyslexia
Dyslexias
Dyslexic
Dyslexics
Dyspepsia
Dyspepsias
Dyspeptic
Dyspeptics
Dysprosium
Dysprosiums
Each
Eager
Eagerer
Eagerest
Eagers
Eagerly
Eagerness
Eagernesses
Eagle
Eagles
Eagled
Eagling
Eaglet
Eaglets
Ear
Ears
Eared
Earing
Earache
Earaches
Eardrum
Eardrums
Earful
Earfuls
Earl
Earls
Earldom
Earldoms
Earliness
Earlinesses
Earlobe
Earlobes
Early
Earlier
Earliest
Earlies
Earmark
Earmarks
Earmarked
Earmarking
Earmuff
Earmuffs
Earn
Earned
Earning
Earns
Earner
Earners
Earnest
Earnests
Earnestly
Earnestness
Earnestnesses
Earnings
Earphone
Earphones
Earplug
Earplugs
Earring
Earrings
Earshot
Earshots
Earsplitting
Earth
Earths
Earthed
Earthing
Earthbound
Earthen
Earthenware
Earthenwares
Earthiness
Earthinesses
Earthling
Earthlings
Earthly
Earthlier
Earthliest
Earthquake
Earthquakes
Earthshaking
Earthward
Earthwards
Earthwork
Earthworks
Earthworm
Earthworms
Earthy
Earthier
Earthiest
Earwax
Earwaxes
Earwig
Earwigs
Earwigged
Earwigging
Ease
Eases
Eased
Easing
Easel
Easels
Easement
Easements
Easily
Easiness
Easinesses
East
Easts
Eastbound
Easterly
Easterlies
Eastern
Easterner
Easterners
Easternmost
Eastward
Eastwards
Easy
Easier
Easiest
Easygoing
Eat
Ate
Eaten
Eating
Eats
Eatable
Eatables
Eater
Eaters
Eatery
Eateries
Eave
Eaves
Eavesdrop
Eavesdropped
Eavesdropping
Eavesdrops
Eavesdropper
Eavesdroppers
Ebb
Ebbs
Ebbed
Ebbing
Ebony
Ebonies
Ebullience
Ebulliences
Ebullient
Ebulliently
Ebullition
Ebullitions
Eccentric
Eccentrics
Eccentrically
Eccentricity
Eccentricities
Ecclesiastic
Ecclesiastics
Ecclesiastical
Ecclesiastically
Echelon
Echelons
Echeloned
Echeloning
Echinoderm
Echinoderms
Echo
Echoes
Echos
Echoed
Echoing
Echoic
Echolocation
Echolocations
Eclair
Eclairs
Eclat
Eclats
Eclectic
Eclectics
Eclectically
Eclecticism
Eclecticisms
Eclipse
Eclipses
Eclipsed
Eclipsing
Ecliptic
Ecliptics
Eclogue
Eclogues
Ecocide
Ecocides
Ecologic
Ecological
Ecologically
Ecologist
Ecologists
Ecology
Ecologies
Economic
Economical
Economically
Economics
Economist
Economists
Economize
Economized
Economizing
Economizes
Economizer
Economizers
Economy
Economies
Ecosystem
Ecosystems
Ecru
Ecrus
Ecstasy
Ecstasies
Ecstatic
Ecstatics
Ecstatically
Ecumenical
Ecumenically
Ecumenicism
Ecumenicisms
Ecumenism
Ecumenisms
Eczema
Eczemas
Eds
Eddy
Eddies
Eddied
Eddying
Edelweiss
Edelweisses
Edema
Edemas
Edemata
Edge
Edges
Edged
Edging
Edger
Edgers
Edgeways
Edgewise
Edgily
Edginess
Edginesses
Edgings
Edgy
Edgier
Edgiest
Edibility
Edibilities
Edible
Edibles
Edibleness
Ediblenesses
Edict
Edicts
Edification
Edifications
Edifice
Edifices
Edifier
Edifiers
Edify
Edified
Edifying
Edifies
Edit
Edits
Edited
Editing
Edition
Editions
Editor
Editors
Editorial
Editorials
Editorialize
Editorialized
Editorializing
Editorializes
Editorially
Editorship
Editorships
Educability
Educabilities
Educable
Educate
Educated
Educating
Educates
Education
Educations
Educational
Educationally
Educator
Educators
Educe
Educed
Educing
Educes
Edutainment
Edutainments
Eek
Eel
Eels
Eerie
Eerier
Eeriest
Eerily
Eeriness
Eerinesses
Eery
Efface
Effaced
Effacing
Effaces
Effacement
Effacements
Effect
Effects
Effected
Effecting
Effective
Effectives
Effectively
Effectiveness
Effectivenesses
Effectual
Effectually
Effectuate
Effectuated
Effectuating
Effectuates
Effeminacy
Effeminacies
Effeminate
Effeminated
Effeminating
Effeminates
Effeminately
Effendi
Effendis
Efferent
Efferents
Effervesce
Effervesced
Effervescing
Effervesces
Effervescence
Effervescences
Effervescent
Effervescently
Effete
Effetely
Effeteness
Effetenesses
Efficacious
Efficaciously
Efficacy
Efficacies
Efficiency
Efficiencies
Efficient
Efficiently
Effigy
Effigies
Efflorescence
Efflorescences
Efflorescent
Effluence
Effluences
Effluent
Effluents
Effluvium
Effluvia
Effluviums
Effort
Efforts
Effortless
Effortlessly
Effortlessness
Effortlessnesses
Effrontery
Effronteries
Effulgence
Effulgences
Effulgent
Effuse
Effused
Effusing
Effuses
Effusion
Effusions
Effusive
Effusively
Effusiveness
Effusivenesses
Egad
Egalitarian
Egalitarians
Egalitarianism
Egalitarianisms
Egg
Eggs
Egged
Egging
Eggbeater
Eggbeaters
Eggcup
Eggcups
Egghead
Eggheads
Eggnog
Eggnogs
Eggplant
Eggplants
Eggshell
Eggshells
Egis
Egises
Eglantine
Eglantines
Ego
Egos
Egocentric
Egocentrics
Egocentrically
Egocentricity
Egocentricities
Egoism
Egoisms
Egoist
Egoists
Egoistic
Egoistical
Egoistically
Egomania
Egomanias
Egomaniac
Egomaniacs
Egotism
Egotisms
Egotist
Egotists
Egotistic
Egotistical
Egotistically
Egregious
Egregiously
Egregiousness
Egregiousnesses
Egress
Egresses
Egressed
Egressing
Egret
Egrets
Eider
Eiders
Eiderdown
Eiderdowns
Eight
Eights
Eighteen
Eighteens
Eighteenth
Eighteenths
Eighth
Eighths
Eightieth
Eightieths
Eighty
Eighties
Einsteinium
Einsteiniums
Either
Ejaculate
Ejaculates
Ejaculated
Ejaculating
Ejaculation
Ejaculations
Ejaculatory
Eject
Ejected
Ejecting
Ejects
Ejection
Ejections
Ejector
Ejectors
Eke
Eked
Eking
Ekes
Elaborate
Elaborated
Elaborating
Elaborates
Elaborately
Elaborateness
Elaboratenesses
Elaboration
Elaborations
Elan
Elans
Eland
Elands
Elapse
Elapsed
Elapsing
Elapses
Elastic
Elastics
Elastically
Elasticity
Elasticities
Elasticize
Elasticized
Elasticizing
Elasticizes
Elate
Elated
Elating
Elates
Elatedly
Elation
Elations
Elbow
Elbows
Elbowed
Elbowing
Elbowroom
Elbowrooms
Elder
Elders
Elderberry
Elderberries
Elderly
Elderlies
Elect
Elected
Electing
Elects
Electable
Election
Elections
Electioneer
Electioneered
Electioneering
Electioneers
Elective
Electives
Elector
Electors
Electoral
Electorate
Electorates
Electric
Electrics
Electrical
Electrically
Electrician
Electricians
Electricity
Electricities
Electrification
Electrifications
Electrifier
Electrifiers
Electrify
Electrified
Electrifying
Electrifies
Electrocardiogram
Electrocardiograms
Electrocardiograph
Electrocardiographs
Electrocardiography
Electrocardiographies
Electrocute
Electrocuted
Electrocuting
Electrocutes
Electrocution
Electrocutions
Electrode
Electrodes
Electroencephalogram
Electroencephalograms
Electroencephalograph
Electroencephalographs
Electroencephalographic
Electroencephalography
Electroencephalographies
Electrologist
Electrologists
Electrolysis
Electrolyses
Electrolyte
Electrolytes
Electrolytic
Electromagnet
Electromagnets
Electromagnetic
Electromagnetically
Electromagnetism
Electromagnetisms
Electromotive
Electron
Electrons
Electronic
Electronically
Electronics
Electroplate
Electroplates
Electroplated
Electroplating
Electroscope
Electroscopes
Electroscopic
Electroshock
Electroshocks
Electroshocked
Electroshocking
Electrostatics
Electrotype
Electrotypes
Electrotyped
Electrotyping
Eleemosynary
Elegance
Elegances
Elegant
Elegantly
Elegiac
Elegiacs
Elegiacal
Elegy
Elegies
Element
Elements
Elemental
Elementals
Elementally
Elementary
Elephant
Elephants
Elephantiasis
Elephantiases
Elephantine
Elevate
Elevated
Elevating
Elevates
Elevateds
Elevation
Elevations
Elevator
Elevators
Eleven
Elevens
Eleventh
Elevenths
Elf
Elves
Elfs
Elfin
Elfins
Elfish
Elicit
Elicited
Eliciting
Elicits
Elicitation
Elicitations
Elide
Elided
Eliding
Elides
Eligibility
Eligibilities
Eligible
Eligibles
Eliminate
Eliminated
Eliminating
Eliminates
Elimination
Eliminations
Elision
Elisions
Elite
Elites
Elitism
Elitisms
Elitist
Elitists
Elixir
Elixirs
Elk
Elks
Ell
Ells
Ellipse
Ellipses
Ellipsis
Ellipsoid
Ellipsoids
Ellipsoidal
Elliptic
Elliptical
Ellipticals
Elliptically
Elm
Elms
Elocution
Elocutions
Elocutionary
Elocutionist
Elocutionists
Elodea
Elodeas
Elongate
Elongated
Elongating
Elongates
Elongation
Elongations
Elope
Eloped
Eloping
Elopes
Elopement
Elopements
Eloquence
Eloquences
Eloquent
Eloquently
Else
Elsewhere
Elucidate
Elucidated
Elucidating
Elucidates
Elucidation
Elucidations
Elude
Eluded
Eluding
Eludes
Elusive
Elusively
Elusiveness
Elusivenesses
Elver
Elvers
Ems
Emaciate
Emaciated
Emaciating
Emaciates
Emaciation
Emaciations
Email
Emails
Emailed
Emailing
Emanate
Emanated
Emanating
Emanates
Emanation
Emanations
Emancipate
Emancipated
Emancipating
Emancipates
Emancipation
Emancipations
Emancipator
Emancipators
Emasculate
Emasculated
Emasculating
Emasculates
Emasculation
Emasculations
Embalm
Embalmed
Embalming
Embalms
Embalmer
Embalmers
Embank
Embanked
Embanking
Embanks
Embankment
Embankments
Embargo
Embargoes
Embargoed
Embargoing
Embark
Embarked
Embarking
Embarks
Embarkation
Embarkations
Embarrass
Embarrassed
Embarrassing
Embarrasses
Embarrassingly
Embarrassment
Embarrassments
Embassy
Embassies
Embattled
Embed
Embedded
Embedding
Embeds
Embellish
Embellished
Embellishing
Embellishes
Embellishment
Embellishments
Ember
Embers
Embezzle
Embezzled
Embezzling
Embezzles
Embezzlement
Embezzlements
Embezzler
Embezzlers
Embitter
Embittered
Embittering
Embitters
Embitterment
Embitterments
Emblazon
Emblazoned
Emblazoning
Emblazons
Emblazonment
Emblazonments
Emblem
Emblems
Emblemed
Embleming
Emblematic
Embodiment
Embodiments
Embody
Embodied
Embodying
Embodies
Embolden
Emboldened
Emboldening
Emboldens
Embolism
Embolisms
Emboss
Embossed
Embossing
Embosses
Embosser
Embossers
Embouchure
Embouchures
Embower
Embowered
Embowering
Embowers
Embrace
Embraces
Embraced
Embracing
Embraceable
Embrasure
Embrasures
Embrocation
Embrocations
Embroider
Embroidered
Embroidering
Embroiders
Embroiderer
Embroiderers
Embroidery
Embroideries
Embroil
Embroiled
Embroiling
Embroils
Embroilment
Embroilments
Embryo
Embryos
Embryologist
Embryologists
Embryology
Embryologies
Embryonic
Emcee
Emcees
Emceed
Emceeing
Emend
Emended
Emending
Emends
Emendation
Emendations
Emerald
Emeralds
Emerge
Emerged
Emerging
Emerges
Emergence
Emergences
Emergency
Emergencies
Emergent
Emergents
Emerita
Emeritae
Emeritus
Emeriti
Emery
Emeries
Emetic
Emetics
Emigrant
Emigrants
Emigrate
Emigrated
Emigrating
Emigrates
Emigration
Emigrations
Emigre
Emigres
Eminence
Eminences
Eminent
Eminently
Emir
Emirs
Emirate
Emirates
Emissary
Emissaries
Emission
Emissions
Emit
Emitted
Emitting
Emits
Emitter
Emitters
Emollient
Emollients
Emolument
Emoluments
Emote
Emoted
Emoting
Emotes
Emoticon
Emoticons
Emotion
Emotions
Emotional
Emotionalism
Emotionalisms
Emotionalize
Emotionalized
Emotionalizing
Emotionalizes
Emotionally
Emotive
Empanel
Empaneled
Empanelled
Empaneling
Empanelling
Empanels
Empathetic
Empathize
Empathized
Empathizing
Empathizes
Empathy
Empathies
Emperor
Emperors
Emphasis
Emphases
Emphasize
Emphasized
Emphasizing
Emphasizes
Emphatic
Emphatics
Emphatically
Emphysema
Emphysemas
Empire
Empires
Empiric
Empirics
Empirical
Empirically
Empiricism
Empiricisms
Empiricist
Empiricists
Emplacement
Emplacements
Employ
Employs
Employed
Employing
Employable
Employe
Employes
Employee
Employees
Employer
Employers
Employment
Employments
Emporium
Emporiums
Emporia
Empower
Empowered
Empowering
Empowers
Empowerment
Empowerments
Empress
Empresses
Emptily
Emptiness
Emptinesses
Empty
Emptier
Emptiest
Empties
Emptied
Emptying
Empyrean
Empyreans
Emu
Emus
Emulate
Emulated
Emulating
Emulates
Emulation
Emulations
Emulative
Emulator
Emulators
Emulsification
Emulsifications
Emulsifier
Emulsifiers
Emulsify
Emulsified
Emulsifying
Emulsifies
Emulsion
Emulsions
Ens
Enable
Enabled
Enabling
Enables
Enabler
Enablers
Enact
Enacted
Enacting
Enacts
Enactment
Enactments
Enamel
Enamels
Enameled
Enamelled
Enameling
Enamelling
Enameler
Enamelers
Enamelware
Enamelwares
Enamor
Enamored
Enamoring
Enamors
Enamour
Enamoured
Enamouring
Enamours
Encamp
Encamped
Encamping
Encamps
Encampment
Encampments
Encapsulate
Encapsulated
Encapsulating
Encapsulates
Encapsulation
Encapsulations
Encase
Encased
Encasing
Encases
Encasement
Encasements
Encephalitic
Encephalitis
Encephalitides
Enchain
Enchained
Enchaining
Enchains
Enchant
Enchanted
Enchanting
Enchants
Enchanter
Enchanters
Enchantingly
Enchantment
Enchantments
Enchantress
Enchantresses
Enchilada
Enchiladas
Encipher
Enciphered
Enciphering
Enciphers
Encircle
Encircled
Encircling
Encircles
Encirclement
Encirclements
Enclave
Enclaves
Enclaved
Enclaving
Enclose
Enclosed
Enclosing
Encloses
Enclosure
Enclosures
Encode
Encoded
Encoding
Encodes
Encoder
Encoders
Encomium
Encomiums
Encomia
Encompass
Encompassed
Encompassing
Encompasses
Encore
Encores
Encored
Encoring
Encounter
Encounters
Encountered
Encountering
Encourage
Encouraged
Encouraging
Encourages
Encouragement
Encouragements
Encouragingly
Encroach
Encroached
Encroaching
Encroaches
Encroachment
Encroachments
Encrust
Encrusted
Encrusting
Encrusts
Encrustation
Encrustations
Encumber
Encumbered
Encumbering
Encumbers
Encumbrance
Encumbrances
Encyclical
Encyclicals
Encyclopaedia
Encyclopaedias
Encyclopaedic
Encyclopedia
Encyclopedias
Encyclopedic
Encyst
Encysted
Encysting
Encysts
Encystment
Encystments
End
Ends
Ended
Ending
Endanger
Endangered
Endangering
Endangers
Endangerment
Endangerments
Endear
Endeared
Endearing
Endears
Endearingly
Endearment
Endearments
Endeavor
Endeavors
Endeavored
Endeavoring
Endeavour
Endeavours
Endeavoured
Endeavouring
Endemic
Endemics
Endemically
Endings
Endive
Endives
Endless
Endlessly
Endlessness
Endlessnesses
Endmost
Endocrine
Endocrines
Endocrinologist
Endocrinologists
Endocrinology
Endocrinologies
Endogenous
Endogenously
Endorphin
Endorphins
Endorse
Endorsed
Endorsing
Endorses
Endorsement
Endorsements
Endorser
Endorsers
Endoscope
Endoscopes
Endoscopic
Endoscopy
Endoscopies
Endothermic
Endow
Endowed
Endowing
Endows
Endowment
Endowments
Endpoint
Endpoints
Endue
Endued
Enduing
Endues
Endurable
Endurance
Endurances
Endure
Endured
Enduring
Endures
Endways
Endwise
Enema
Enemas
Enemata
Enemy
Enemies
Energetic
Energetically
Energize
Energized
Energizing
Energizes
Energizer
Energizers
Energy
Energies
Enervate
Enervated
Enervating
Enervates
Enervation
Enervations
Enfeeble
Enfeebled
Enfeebling
Enfeebles
Enfeeblement
Enfeeblements
Enfilade
Enfilades
Enfiladed
Enfilading
Enfold
Enfolded
Enfolding
Enfolds
Enforce
Enforced
Enforcing
Enforces
Enforceable
Enforcement
Enforcements
Enforcer
Enforcers
Enfranchise
Enfranchised
Enfranchising
Enfranchises
Enfranchisement
Enfranchisements
Engage
Engaged
Engaging
Engages
Engagement
Engagements
Engagingly
Engender
Engendered
Engendering
Engenders
Engine
Engines
Engineer
Engineers
Engineered
Engineering
Engineerings
Engorge
Engorged
Engorging
Engorges
Engorgement
Engorgements
Engram
Engrams
Engrave
Engraved
Engraving
Engraves
Engraver
Engravers
Engravings
Engross
Engrossed
Engrossing
Engrosses
Engrossment
Engrossments
Engulf
Engulfed
Engulfing
Engulfs
Engulfment
Engulfments
Enhance
Enhanced
Enhancing
Enhances
Enhancement
Enhancements
Enigma
Enigmas
Enigmata
Enigmatic
Enigmatically
Enjambement
Enjambements
Enjambment
Enjambments
Enjoin
Enjoined
Enjoining
Enjoins
Enjoy
Enjoyed
Enjoying
Enjoys
Enjoyable
Enjoyably
Enjoyment
Enjoyments
Enlarge
Enlarged
Enlarging
Enlarges
Enlargeable
Enlargement
Enlargements
Enlarger
Enlargers
Enlighten
Enlightened
Enlightening
Enlightens
Enlightenment
Enlightenments
Enlist
Enlisted
Enlisting
Enlists
Enlistee
Enlistees
Enlistment
Enlistments
Enliven
Enlivened
Enlivening
Enlivens
Enlivenment
Enlivenments
Enmesh
Enmeshed
Enmeshing
Enmeshes
Enmeshment
Enmeshments
Enmity
Enmities
Ennoble
Ennobled
Ennobling
Ennobles
Ennoblement
Ennoblements
Ennui
Ennuis
Enormity
Enormities
Enormous
Enormously
Enormousness
Enormousnesses
Enough
Enoughs
Enplane
Enplaned
Enplaning
Enplanes
Enquire
Enquired
Enquiring
Enquires
Enquiry
Enquiries
Enrage
Enraged
Enraging
Enrages
Enrapture
Enraptured
Enrapturing
Enraptures
Enrich
Enriched
Enriching
Enriches
Enrichment
Enrichments
Enrol
Enrolled
Enrolling
Enrols
Enroll
Enrolls
Enrollment
Enrollments
Enrolment
Enrolments
Ensconce
Ensconced
Ensconcing
Ensconces
Ensemble
Ensembles
Enshrine
Enshrined
Enshrining
Enshrines
Enshrinement
Enshrinements
Enshroud
Enshrouded
Enshrouding
Enshrouds
Ensign
Ensigns
Ensilage
Ensilages
Ensilaged
Ensilaging
Enslave
Enslaved
Enslaving
Enslaves
Enslavement
Enslavements
Ensnare
Ensnared
Ensnaring
Ensnares
Ensnarement
Ensnarements
Ensue
Ensued
Ensuing
Ensues
Ensure
Ensured
Ensuring
Ensures
Ensurer
Ensurers
Entail
Entails
Entailed
Entailing
Entailment
Entailments
Entangle
Entangled
Entangling
Entangles
Entanglement
Entanglements
Entente
Ententes
Enter
Entered
Entering
Enters
Enteritis
Enteritises
Enteritides
Enterprise
Enterprises
Enterprising
Enterprisingly
Entertain
Entertained
Entertaining
Entertains
Entertainer
Entertainers
Entertainings
Entertainingly
Entertainment
Entertainments
Enthral
Enthralled
Enthralling
Enthrals
Enthrall
Enthralls
Enthrallment
Enthrallments
Enthrone
Enthroned
Enthroning
Enthrones
Enthronement
Enthronements
Enthuse
Enthused
Enthusing
Enthuses
Enthusiasm
Enthusiasms
Enthusiast
Enthusiasts
Enthusiastic
Enthusiastically
Entice
Enticed
Enticing
Entices
Enticement
Enticements
Enticingly
Entire
Entires
Entirely
Entirety
Entireties
Entitle
Entitled
Entitling
Entitles
Entitlement
Entitlements
Entity
Entities
Entomb
Entombed
Entombing
Entombs
Entombment
Entombments
Entomological
Entomologist
Entomologists
Entomology
Entomologies
Entourage
Entourages
Entrails
Entrance
Entrances
Entranced
Entrancing
Entrancement
Entrancements
Entrancingly
Entrant
Entrants
Entrap
Entrapped
Entrapping
Entraps
Entrapment
Entrapments
Entreat
Entreated
Entreating
Entreats
Entreatingly
Entreaty
Entreaties
Entree
Entrees
Entrench
Entrenched
Entrenching
Entrenches
Entrenchment
Entrenchments
Entrepreneur
Entrepreneurs
Entrepreneurial
Entropy
Entropies
Entrust
Entrusted
Entrusting
Entrusts
Entry
Entries
Entryway
Entryways
Entwine
Entwined
Entwining
Entwines
Enumerable
Enumerate
Enumerated
Enumerating
Enumerates
Enumeration
Enumerations
Enumerator
Enumerators
Enunciate
Enunciated
Enunciating
Enunciates
Enunciation
Enunciations
Enure
Enured
Enuring
Enures
Enuresis
Enureses
Enuresises
Envelop
Enveloped
Enveloping
Envelops
Envelope
Envelopes
Enveloper
Envelopers
Envelopment
Envelopments
Envenom
Envenomed
Envenoming
Envenoms
Enviable
Enviably
Envious
Enviously
Enviousness
Enviousnesses
Environment
Environments
Environmental
Environmentalism
Environmentalisms
Environmentalist
Environmentalists
Environmentally
Environs
Envisage
Envisaged
Envisaging
Envisages
Envision
Envisioned
Envisioning
Envisions
Envoy
Envoys
Envy
Envies
Envied
Envying
Envyingly
Enzymatic
Enzyme
Enzymes
Eolian
Eon
Eons
Epaulet
Epaulets
Epaulette
Epaulettes
Epee
Epees
Ephedrine
Ephedrines
Ephemera
Ephemeras
Ephemerae
Ephemeral
Ephemerals
Ephemerally
Epic
Epics
Epicenter
Epicenters
Epicentre
Epicentres
Epicure
Epicures
Epicurean
Epicureans
Epidemic
Epidemics
Epidemically
Epidemiologist
Epidemiologists
Epidemiology
Epidemiologies
Epidermal
Epidermic
Epidermis
Epidermises
Epiglottis
Epiglottises
Epiglottides
Epigram
Epigrams
Epigrammatic
Epigraph
Epigraphs
Epigraphy
Epigraphies
Epilepsy
Epilepsies
Epileptic
Epileptics
Epilog
Epilogs
Epilogue
Epilogues
Epinephrin
Epinephrins
Epinephrine
Epinephrines
Epiphany
Epiphanies
Episcopacy
Episcopacies
Episcopal
Episcopate
Episcopates
Episode
Episodes
Episodic
Episodically
Epistle
Epistles
Epistolary
Epitaph
Epitaphs
Epitaphed
Epitaphing
Epithelial
Epithelium
Epitheliums
Epithelia
Epithet
Epithets
Epitome
Epitomes
Epitomize
Epitomized
Epitomizing
Epitomizes
Epoch
Epochs
Epochal
Epoxy
Epoxies
Epoxied
Epoxyed
Epoxying
Epsilon
Epsilons
Equability
Equabilities
Equable
Equably
Equal
Equals
Equaled
Equalled
Equaling
Equalling
Equality
Equalities
Equalization
Equalizations
Equalize
Equalized
Equalizing
Equalizes
Equalizer
Equalizers
Equally
Equanimity
Equanimities
Equatable
Equate
Equated
Equating
Equates
Equation
Equations
Equator
Equators
Equatorial
Equatorials
Equerry
Equerries
Equestrian
Equestrians
Equestrianism
Equestrianisms
Equestrienne
Equestriennes
Equidistant
Equidistantly
Equilateral
Equilaterals
Equilibrium
Equilibriums
Equilibria
Equine
Equines
Equinoctial
Equinoctials
Equinox
Equinoxes
Equip
Equipped
Equipping
Equips
Equipage
Equipages
Equipment
Equipments
Equipoise
Equipoises
Equipoised
Equipoising
Equitable
Equitably
Equitation
Equitations
Equity
Equities
Equivalence
Equivalences
Equivalency
Equivalencies
Equivalent
Equivalents
Equivalently
Equivocal
Equivocally
Equivocalness
Equivocalnesses
Equivocate
Equivocated
Equivocating
Equivocates
Equivocation
Equivocations
Equivocator
Equivocators
Era
Eras
Eradicable
Eradicate
Eradicated
Eradicating
Eradicates
Eradication
Eradications
Eradicator
Eradicators
Erasable
Erase
Erased
Erasing
Erases
Eraser
Erasers
Erasure
Erasures
Erbium
Erbiums
Ere
Erect
Erected
Erecting
Erects
Erectile
Erection
Erections
Erectly
Erectness
Erectnesses
Erector
Erectors
Erelong
Eremite
Eremites
Erg
Ergs
Ergo
Ergonomic
Ergonomically
Ergonomics
Ergosterol
Ergosterols
Ergot
Ergots
Ermine
Ermines
Erode
Eroded
Eroding
Erodes
Erodible
Erogenous
Erosion
Erosions
Erosive
Erotic
Erotics
Erotica
Erotically
Eroticism
Eroticisms
Err
Erred
Erring
Errs
Errand
Errands
Errant
Errata
Erratas
Erratic
Erratically
Erratum
Erroneous
Erroneously
Error
Errors
Ersatz
Ersatzes
Erst
Erstwhile
Eruct
Eructed
Eructing
Eructs
Eructation
Eructations
Erudite
Eruditely
Erudition
Eruditions
Erupt
Erupted
Erupting
Erupts
Eruption
Eruptions
Eruptive
Eruptives
Erysipelas
Erysipelases
Erythrocyte
Erythrocytes
Escalate
Escalated
Escalating
Escalates
Escalation
Escalations
Escalator
Escalators
Escallop
Escallops
Escalloped
Escalloping
Escalop
Escaloped
Escaloping
Escalops
Escapade
Escapades
Escape
Escapes
Escaped
Escaping
Escapee
Escapees
Escapement
Escapements
Escapism
Escapisms
Escapist
Escapists
Escargot
Escargots
Escarole
Escaroles
Escarpment
Escarpments
Eschew
Eschewed
Eschewing
Eschews
Escort
Escorts
Escorted
Escorting
Escritoire
Escritoires
Escrow
Escrows
Escrowed
Escrowing
Escudo
Escudos
Escutcheon
Escutcheons
Esophageal
Esophagus
Esophagi
Esophaguses
Esoteric
Esoterically
Espadrille
Espadrilles
Espalier
Espaliers
Espaliered
Espaliering
Especial
Especially
Espionage
Espionages
Esplanade
Esplanades
Espousal
Espousals
Espouse
Espoused
Espousing
Espouses
Espresso
Espressos
Esprit
Esprits
Espy
Espied
Espying
Espies
Esquire
Esquires
Esquired
Esquiring
Essay
Essays
Essayed
Essaying
Essayer
Essayers
Essayist
Essayists
Essence
Essences
Essential
Essentials
Essentially
Establish
Established
Establishing
Establishes
Establishment
Establishments
Estate
Estates
Estated
Estating
Esteem
Esteems
Esteemed
Esteeming
Ester
Esters
Esthete
Esthetes
Esthetic
Esthetics
Esthetically
Estimable
Estimate
Estimates
Estimated
Estimating
Estimation
Estimations
Estimator
Estimators
Estrange
Estranged
Estranging
Estranges
Estrangement
Estrangements
Estrogen
Estrogens
Estrous
Estrus
Estruses
Estuary
Estuaries
Eta
Etas
Etch
Etched
Etching
Etches
Etcher
Etchers
Etchings
Eternal
Eternals
Eternally
Eternalness
Eternalnesses
Eternity
Eternities
Ethane
Ethanes
Ethanol
Ethanols
Ether
Ethers
Ethereal
Ethereally
Ethic
Ethics
Ethical
Ethically
Ethnic
Ethnics
Ethnically
Ethnicity
Ethnicities
Ethnocentric
Ethnocentrism
Ethnocentrisms
Ethnological
Ethnologist
Ethnologists
Ethnology
Ethnologies
Ethological
Ethologist
Ethologists
Ethology
Ethologies
Ethos
Ethoses
Ethyl
Ethyls
Ethylene
Ethylenes
Etiologic
Etiological
Etiology
Etiologies
Etiquette
Etiquettes
Etude
Etudes
Etymological
Etymologically
Etymologist
Etymologists
Etymology
Etymologies
Eucalyptus
Eucalyptuses
Eucalypti
Euchre
Euchres
Euchred
Euchring
Euclidean
Eugenic
Eugenically
Eugenicist
Eugenicists
Eugenics
Eulogist
Eulogists
Eulogistic
Eulogize
Eulogized
Eulogizing
Eulogizes
Eulogizer
Eulogizers
Eulogy
Eulogies
Eunuch
Eunuchs
Euphemism
Euphemisms
Euphemistic
Euphemistically
Euphonious
Euphoniously
Euphony
Euphonies
Euphoria
Euphorias
Euphoric
Euphorically
Eureka
Euro
Euros
Europium
Europiums
Euthanasia
Euthanasias
Euthanize
Euthanized
Euthanizing
Euthanizes
Euthenics
Evacuate
Evacuated
Evacuating
Evacuates
Evacuation
Evacuations
Evacuee
Evacuees
Evade
Evaded
Evading
Evades
Evader
Evaders
Evaluate
Evaluated
Evaluating
Evaluates
Evaluation
Evaluations
Evanescence
Evanescences
Evanescent
Evangelic
Evangelical
Evangelicals
Evangelicalism
Evangelicalisms
Evangelically
Evangelism
Evangelisms
Evangelist
Evangelists
Evangelistic
Evangelize
Evangelized
Evangelizing
Evangelizes
Evaporate
Evaporated
Evaporating
Evaporates
Evaporation
Evaporations
Evaporator
Evaporators
Evasion
Evasions
Evasive
Evasively
Evasiveness
Evasivenesses
Eve
Eves
Even
Evener
Evenest
Evens
Evened
Evening
Evenhanded
Evenhandedly
Evenings
Evenly
Evenness
Evennesses
Evensong
Evensongs
Event
Events
Eventful
Eventfully
Eventfulness
Eventfulnesses
Eventide
Eventides
Eventual
Eventuality
Eventualities
Eventually
Eventuate
Eventuated
Eventuating
Eventuates
Ever
Everglade
Everglades
Evergreen
Evergreens
Everlasting
Everlastings
Everlastingly
Evermore
Every
Everybody
Everyday
Everyone
Everyplace
Everything
Everywhere
Evict
Evicted
Evicting
Evicts
Eviction
Evictions
Evidence
Evidences
Evidenced
Evidencing
Evident
Evidently
Evil
Eviler
Eviller
Evilest
Evillest
Evils
Evildoer
Evildoers
Evildoing
Evildoings
Evilly
Evilness
Evilnesses
Evince
Evinced
Evincing
Evinces
Eviscerate
Eviscerated
Eviscerating
Eviscerates
Evisceration
Eviscerations
Evocation
Evocations
Evocative
Evocatively
Evoke
Evoked
Evoking
Evokes
Evolution
Evolutions
Evolutionary
Evolutionist
Evolutionists
Evolve
Evolved
Evolving
Evolves
Ewe
Ewes
Ewer
Ewers
Exes
Exacerbate
Exacerbated
Exacerbating
Exacerbates
Exacerbation
Exacerbations
Exact
Exacter
Exactest
Exacted
Exacting
Exacts
Exactingly
Exaction
Exactions
Exactitude
Exactitudes
Exactly
Exactness
Exactnesses
Exaggerate
Exaggerated
Exaggerating
Exaggerates
Exaggeratedly
Exaggeration
Exaggerations
Exaggerator
Exaggerators
Exalt
Exalted
Exalting
Exalts
Exaltation
Exaltations
Exam
Exams
Examination
Examinations
Examine
Examined
Examining
Examines
Examiner
Examiners
Example
Examples
Exampled
Exampling
Exasperate
Exasperated
Exasperating
Exasperates
Exasperation
Exasperations
Excavate
Excavated
Excavating
Excavates
Excavation
Excavations
Excavator
Excavators
Exceed
Exceeded
Exceeding
Exceeds
Exceedingly
Excel
Excelled
Excelling
Excels
Excellence
Excellences
Excellency
Excellencies
Excellent
Excellently
Excelsior
Excelsiors
Except
Excepted
Excepting
Excepts
Exception
Exceptions
Exceptionable
Exceptional
Exceptionally
Excerpt
Excerpts
Excerpted
Excerpting
Excess
Excesses
Excessed
Excessing
Excessive
Excessively
Exchange
Exchanges
Exchanged
Exchanging
Exchangeable
Exchequer
Exchequers
Excise
Excises
Excised
Excising
Excision
Excisions
Excitability
Excitabilities
Excitable
Excitably
Excitation
Excitations
Excite
Excited
Exciting
Excites
Excitedly
Excitement
Excitements
Exciter
Exciters
Excitingly
Exclaim
Exclaimed
Exclaiming
Exclaims
Exclamation
Exclamations
Exclamatory
Exclude
Excluded
Excluding
Excludes
Exclusion
Exclusions
Exclusive
Exclusives
Exclusively
Exclusiveness
Exclusivenesses
Exclusivity
Exclusivities
Excommunicate
Excommunicates
Excommunicated
Excommunicating
Excommunication
Excommunications
Excoriate
Excoriated
Excoriating
Excoriates
Excoriation
Excoriations
Excrement
Excrements
Excremental
Excrescence
Excrescences
Excrescent
Excreta
Excrete
Excreted
Excreting
Excretes
Excretion
Excretions
Excretory
Excruciating
Excruciatingly
Exculpate
Exculpated
Exculpating
Exculpates
Exculpation
Exculpations
Exculpatory
Excursion
Excursions
Excursioned
Excursioning
Excursionist
Excursionists
Excursive
Excursively
Excursiveness
Excursivenesses
Excusable
Excusably
Excuse
Excuses
Excused
Excusing
Exec
Execs
Execrable
Execrably
Execrate
Execrated
Execrating
Execrates
Execration
Execrations
Execute
Executed
Executing
Executes
Execution
Executions
Executioner
Executioners
Executive
Executives
Executor
Executors
Executrix
Executrices
Executrixes
Exegesis
Exegeses
Exegetic
Exegetical
Exemplar
Exemplars
Exemplary
Exemplification
Exemplifications
Exemplify
Exemplified
Exemplifying
Exemplifies
Exempt
Exempts
Exempted
Exempting
Exemption
Exemptions
Exercise
Exercises
Exercised
Exercising
Exerciser
Exercisers
Exert
Exerted
Exerting
Exerts
Exertion
Exertions
Exhalation
Exhalations
Exhale
Exhaled
Exhaling
Exhales
Exhaust
Exhausts
Exhausted
Exhausting
Exhaustible
Exhaustion
Exhaustions
Exhaustive
Exhaustively
Exhaustiveness
Exhaustivenesses
Exhibit
Exhibits
Exhibited
Exhibiting
Exhibition
Exhibitions
Exhibitionism
Exhibitionisms
Exhibitionist
Exhibitionists
Exhibitor
Exhibitors
Exhilarate
Exhilarated
Exhilarating
Exhilarates
Exhilaration
Exhilarations
Exhort
Exhorted
Exhorting
Exhorts
Exhortation
Exhortations
Exhumation
Exhumations
Exhume
Exhumed
Exhuming
Exhumes
Exigence
Exigences
Exigency
Exigencies
Exigent
Exiguity
Exiguities
Exiguous
Exile
Exiles
Exiled
Exiling
Exist
Existed
Existing
Exists
Existence
Existences
Existent
Existents
Existential
Existentialism
Existentialisms
Existentialist
Existentialists
Existentially
Exit
Exits
Exited
Exiting
Exobiology
Exobiologies
Exodus
Exoduses
Exogenous
Exonerate
Exonerated
Exonerating
Exonerates
Exoneration
Exonerations
Exorbitance
Exorbitances
Exorbitant
Exorbitantly
Exorcise
Exorcised
Exorcising
Exorcises
Exorcism
Exorcisms
Exorcist
Exorcists
Exorcize
Exorcized
Exorcizing
Exorcizes
Exoskeleton
Exoskeletons
Exosphere
Exospheres
Exothermic
Exotic
Exotics
Exotically
Exoticism
Exoticisms
Expand
Expanded
Expanding
Expands
Expandable
Expanse
Expanses
Expansible
Expansion
Expansions
Expansionary
Expansionism
Expansionisms
Expansionist
Expansionists
Expansive
Expansively
Expansiveness
Expansivenesses
Expatiate
Expatiated
Expatiating
Expatiates
Expatiation
Expatiations
Expatriate
Expatriates
Expatriated
Expatriating
Expatriation
Expatriations
Expect
Expected
Expecting
Expects
Expectancy
Expectancies
Expectant
Expectants
Expectantly
Expectation
Expectations
Expectorant
Expectorants
Expectorate
Expectorated
Expectorating
Expectorates
Expectoration
Expectorations
Expedience
Expediences
Expediency
Expediencies
Expedient
Expedients
Expediently
Expedite
Expedited
Expediting
Expedites
Expediter
Expediters
Expedition
Expeditions
Expeditionary
Expeditious
Expeditiously
Expeditiousness
Expeditiousnesses
Expeditor
Expeditors
Expel
Expelled
Expelling
Expels
Expend
Expended
Expending
Expends
Expendable
Expendables
Expenditure
Expenditures
Expense
Expenses
Expensed
Expensing
Expensive
Expensively
Expensiveness
Expensivenesses
Experience
Experiences
Experienced
Experiencing
Experiment
Experiments
Experimented
Experimenting
Experimental
Experimentally
Experimentation
Experimentations
Experimenter
Experimenters
Expert
Experts
Experted
Experting
Expertise
Expertises
Expertised
Expertising
Expertly
Expertness
Expertnesses
Expiate
Expiated
Expiating
Expiates
Expiation
Expiations
Expiatory
Expiration
Expirations
Expire
Expired
Expiring
Expires
Expiry
Expiries
Explain
Explained
Explaining
Explains
Explainable
Explanation
Explanations
Explanatory
Expletive
Expletives
Explicable
Explicate
Explicated
Explicating
Explicates
Explication
Explications
Explicit
Explicitly
Explicitness
Explicitnesses
Explode
Exploded
Exploding
Explodes
Exploit
Exploits
Exploited
Exploiting
Exploitable
Exploitation
Exploitations
Exploitative
Exploiter
Exploiters
Exploration
Explorations
Exploratory
Explore
Explored
Exploring
Explores
Explorer
Explorers
Explosion
Explosions
Explosive
Explosives
Explosively
Explosiveness
Explosivenesses
Expo
Expos
Exponent
Exponents
Exponential
Exponentials
Exponentially
Export
Exports
Exported
Exporting
Exportable
Exportation
Exportations
Exporter
Exporters
Expose
Exposes
Exposed
Exposing
Exposition
Expositions
Expositor
Expositors
Expository
Expostulate
Expostulated
Expostulating
Expostulates
Expostulation
Expostulations
Exposure
Exposures
Expound
Expounded
Expounding
Expounds
Expounder
Expounders
Express
Expresses
Expressed
Expressing
Expressible
Expression
Expressions
Expressionism
Expressionisms
Expressionist
Expressionists
Expressionistic
Expressionless
Expressive
Expressively
Expressiveness
Expressivenesses
Expressly
Expressway
Expressways
Expropriate
Expropriated
Expropriating
Expropriates
Expropriation
Expropriations
Expropriator
Expropriators
Expulsion
Expulsions
Expunge
Expunged
Expunging
Expunges
Expurgate
Expurgated
Expurgating
Expurgates
Expurgation
Expurgations
Exquisite
Exquisites
Exquisitely
Exquisiteness
Exquisitenesses
Extant
Extemporaneous
Extemporaneously
Extemporaneousness
Extemporaneousnesses
Extempore
Extemporization
Extemporizations
Extemporize
Extemporized
Extemporizing
Extemporizes
Extend
Extended
Extending
Extends
Extendable
Extender
Extenders
Extendible
Extensible
Extension
Extensions
Extensive
Extensively
Extensiveness
Extensivenesses
Extent
Extents
Extenuate
Extenuated
Extenuating
Extenuates
Extenuation
Extenuations
Exterior
Exteriors
Exterminate
Exterminated
Exterminating
Exterminates
Extermination
Exterminations
Exterminator
Exterminators
External
Externals
Externalization
Externalizations
Externalize
Externalized
Externalizing
Externalizes
Externally
Extinct
Extincted
Extincting
Extincts
Extinction
Extinctions
Extinguish
Extinguished
Extinguishing
Extinguishes
Extinguishable
Extinguisher
Extinguishers
Extirpate
Extirpated
Extirpating
Extirpates
Extirpation
Extirpations
Extol
Extolled
Extolling
Extols
Extoll
Extolls
Extort
Extorted
Extorting
Extorts
Extortion
Extortions
Extortionate
Extortionately
Extortioner
Extortioners
Extortionist
Extortionists
Extra
Extras
Extract
Extracts
Extracted
Extracting
Extraction
Extractions
Extractor
Extractors
Extracurricular
Extraditable
Extradite
Extradited
Extraditing
Extradites
Extradition
Extraditions
Extralegal
Extramarital
Extramural
Extraneous
Extraneously
Extraordinarily
Extraordinary
Extrapolate
Extrapolated
Extrapolating
Extrapolates
Extrapolation
Extrapolations
Extrasensory
Extraterrestrial
Extraterrestrials
Extraterritorial
Extraterritoriality
Extraterritorialities
Extravagance
Extravagances
Extravagant
Extravagantly
Extravaganza
Extravaganzas
Extravehicular
Extravert
Extraverts
Extraverted
Extraverting
Extreme
Extremer
Extremest
Extremes
Extremely
Extremeness
Extremenesses
Extremism
Extremisms
Extremist
Extremists
Extremity
Extremities
Extricable
Extricate
Extricated
Extricating
Extricates
Extrication
Extrications
Extrinsic
Extrinsically
Extroversion
Extroversions
Extrovert
Extroverts
Extroverted
Extroverting
Extrude
Extruded
Extruding
Extrudes
Extrusion
Extrusions
Extrusive
Exuberance
Exuberances
Exuberant
Exuberantly
Exudation
Exudations
Exude
Exuded
Exuding
Exudes
Exult
Exulted
Exulting
Exults
Exultant
Exultantly
Exultation
Exultations
Exurb
Exurbs
Exurban
Exurbanite
Exurbanites
Exurbia
Exurbias
Eye
Eyes
@eyen
@eyne
Eyed
Eyeing
Eying
Eyeball
Eyeballs
Eyeballed
Eyeballing
Eyebrow
Eyebrows
Eyedropper
Eyedroppers
Eyeful
Eyefuls
Eyeglass
Eyeglasses
Eyelash
Eyelashes
Eyeless
Eyelet
Eyelets
Eyeleted
Eyeletted
Eyeleting
Eyeletting
Eyelid
Eyelids
Eyeliner
Eyeliners
Eyeopener
Eyeopeners
Eyeopening
Eyepiece
Eyepieces
Eyesight
Eyesights
Eyesore
Eyesores
Eyestrain
Eyestrains
Eyetooth
Eyeteeth
Eyewash
Eyewashes
Eyewitness
Eyewitnesses
Eyrie
Eyries
Eyry
Fas
Fable
Fables
Fabled
Fabling
Fabric
Fabrics
Fabricate
Fabricated
Fabricating
Fabricates
Fabrication
Fabrications
Fabricator
Fabricators
Fabulous
Fabulously
Facade
Facades
Face
Faces
Faced
Facing
Facecloth
Facecloths
Faceless
Facelift
Facelifts
Facelifted
Facelifting
Facet
Facets
Faceted
Facetted
Faceting
Facetting
Facetious
Facetiously
Facetiousness
Facetiousnesses
Facial
Facials
Facially
Facile
Facilely
Facilitate
Facilitated
Facilitating
Facilitates
Facilitation
Facilitations
Facilitator
Facilitators
Facility
Facilities
Facings
Facsimile
Facsimiles
Facsimiled
Facsimileing
Fact
Facts
Faction
Factions
Factional
Factionalism
Factionalisms
Factious
Factitious
Factoid
Factoids
Factor
Factors
Factored
Factoring
Factorial
Factorials
Factory
Factories
Factotum
Factotums
Factual
Factually
Faculty
Faculties
Fad
Fads
Faddish
Faddist
Faddists
Fade
Fades
Faded
Fading
Faecal
Faeces
Faerie
Faeries
Faery
Fag
Fags
Fagged
Fagging
Faggot
Faggots
Faggoting
Faggotings
Fagot
Fagots
Fagoting
Fagotings
Faience
Faiences
Fail
Fails
Failed
Failing
Failings
Faille
Failles
Failure
Failures
Fain
Fainer
Fainest
Faint
Fainter
Faintest
Faints
Fainted
Fainting
Fainthearted
Faintly
Faintness
Faintnesses
Fair
Fairer
Fairest
Fairs
Faired
Fairing
Fairground
Fairgrounds
Fairings
Fairly
Fairness
Fairnesses
Fairway
Fairways
Fairy
Fairies
Fairyland
Fairylands
Faith
Faiths
Faithful
Faithfuls
Faithfully
Faithfulness
Faithfulnesses
Faithless
Faithlessly
Faithlessness
Faithlessnesses
Fajita
Fajitas
Fake
Fakes
Faked
Faking
Faker
Fakers
Fakir
Fakirs
Falcon
Falcons
Falconer
Falconers
Falconry
Falconries
Fall
Falls
Fell
Fallen
Falling
Fallacious
Fallaciously
Fallacy
Fallacies
Fallibility
Fallibilities
Fallible
Fallibleness
Falliblenesses
Fallibly
Falloff
Falloffs
Fallout
Fallouts
Fallow
Fallower
Fallowest
Fallows
Fallowed
Fallowing
False
Falser
Falsest
Falsehood
Falsehoods
Falsely
Falseness
Falsenesses
Falsetto
Falsettos
Falsie
Falsies
Falsification
Falsifications
Falsifier
Falsifiers
Falsify
Falsified
Falsifying
Falsifies
Falsity
Falsities
Falter
Falters
Faltered
Faltering
Falteringly
Fame
Fames
Famed
Faming
Familial
Familiar
Familiars
Familiarity
Familiarities
Familiarization
Familiarizations
Familiarize
Familiarized
Familiarizing
Familiarizes
Familiarly
Family
Families
Famine
Famines
Famish
Famished
Famishing
Famishes
Famous
Famously
Fan
Fans
Fanned
Fanning
Fanatic
Fanatics
Fanatical
Fanatically
Fanaticism
Fanaticisms
Fancier
Fanciers
Fanciful
Fancifully
Fancifulness
Fancifulnesses
Fancily
Fanciness
Fancinesses
Fancy
Fanciest
Fancies
Fancied
Fancying
Fancywork
Fancyworks
Fandango
Fandangos
Fandangoes
Fanfare
Fanfares
Fang
Fangs
Fanged
Fanging
Fanlight
Fanlights
Fanny
Fannies
Fantail
Fantails
Fantasia
Fantasias
Fantasize
Fantasized
Fantasizing
Fantasizes
Fantastic
Fantastics
Fantastical
Fantastically
Fantasy
Fantasies
Fantasied
Fantasying
Fanzine
Fanzines
Far
Farther
Further
Farthest
Furthest
Farad
Farads
Faraway
Farce
Farces
Farced
Farcing
Farcical
Farcically
Fare
Fares
Fared
Faring
Farewell
Farewells
Farfetched
Farina
Farinas
Farinaceous
Farm
Farms
Farmed
Farming
Farmer
Farmers
Farmhand
Farmhands
Farmhouse
Farmhouses
Farmings
Farmland
Farmlands
Farmstead
Farmsteads
Farmyard
Farmyards
Faro
Faros
Farrago
Farragoes
Farragos
Farrier
Farriers
Farrow
Farrows
Farrowed
Farrowing
Farseeing
Farsighted
Farsightedness
Farsightednesses
Fart
Farts
Farted
Farting
Farthermost
Farthing
Farthings
Fascia
Fascias
Fasciae
Fascicle
Fascicles
Fascinate
Fascinated
Fascinating
Fascinates
Fascinatingly
Fascination
Fascinations
Fascism
Fascisms
Fascist
Fascists
Fascistic
Fashion
Fashions
Fashioned
Fashioning
Fashionable
Fashionables
Fashionably
Fashioner
Fashioners
Fast
Faster
Fastest
Fasts
Fasted
Fasting
Fastback
Fastbacks
Fastball
Fastballs
Fasten
Fastened
Fastening
Fastens
Fastener
Fasteners
Fastenings
Fastidious
Fastidiously
Fastidiousness
Fastidiousnesses
Fastness
Fastnesses
Fat
Fatter
Fattest
Fats
Fatted
Fatting
Fatal
Fatalism
Fatalisms
Fatalist
Fatalists
Fatalistic
Fatalistically
Fatality
Fatalities
Fatally
Fatback
Fatbacks
Fate
Fates
Fated
Fating
Fateful
Fatefully
Fatefulness
Fatefulnesses
Fathead
Fatheads
Fatheaded
Father
Fathers
Fathered
Fathering
Fatherhood
Fatherhoods
Fatherland
Fatherlands
Fatherless
Fatherly
Fathom
Fathoms
Fathomed
Fathoming
Fathomable
Fathomless
Fatigue
Fatigues
Fatigued
Fatiguing
Fatness
Fatnesses
Fatten
Fattened
Fattening
Fattens
Fattiness
Fattinesses
Fatty
Fattier
Fattiest
Fatties
Fatuity
Fatuities
Fatuous
Fatuously
Fatuousness
Fatuousnesses
Fatwa
Fatwas
Faucet
Faucets
Fault
Faults
Faulted
Faulting
Faultfinder
Faultfinders
Faultfinding
Faultfindings
Faultily
Faultiness
Faultinesses
Faultless
Faultlessly
Faultlessness
Faultlessnesses
Faulty
Faultier
Faultiest
Faun
Fauns
Fauna
Faunas
Faunae
Fauvism
Fauvisms
Fauvist
Fauvists
Favor
Favors
Favored
Favoring
Favorable
Favorably
Favorite
Favorites
Favoritism
Favoritisms
Favour
Favours
Favoured
Favouring
Fawn
Fawner
Fawnest
Fawns
Fawned
Fawning
Fawners
Fax
Faxes
Faxed
Faxing
Fay
Fayer
Fayest
Fays
Faze
Fazed
Fazing
Fazes
Fealty
Fealties
Fear
Fears
Feared
Fearing
Fearful
Fearfuller
Fearfullest
Fearfully
Fearfulness
Fearfulnesses
Fearless
Fearlessly
Fearlessness
Fearlessnesses
Fearsome
Feasibility
Feasibilities
Feasible
Feasibly
Feast
Feasts
Feasted
Feasting
Feat
Feater
Featest
Feats
Feather
Feathers
Feathered
Feathering
Featherbedding
Featherbeddings
Featherless
Featherweight
Featherweights
Feathery
Featherier
Featheriest
Feature
Features
Featured
Featuring
Featureless
Febrile
Fecal
Feces
Feckless
Fecklessly
Fecund
Fecundate
Fecundated
Fecundating
Fecundates
Fecundation
Fecundations
Fecundity
Fecundities
Fed
Feds
Federal
Federals
Federalism
Federalisms
Federalist
Federalists
Federalization
Federalizations
Federalize
Federalized
Federalizing
Federalizes
Federally
Federate
Federated
Federating
Federates
Federation
Federations
Fedora
Fedoras
Fee
Fees
Feed
Feeing
Feeble
Feebler
Feeblest
Feebleness
Feeblenesses
Feebly
Feeds
Feeding
Feedback
Feedbacks
Feedbag
Feedbags
Feeder
Feeders
Feedings
Feedlot
Feedlots
Feel
Feels
Felt
Feeling
Feeler
Feelers
Feelings
Feelingly
Feign
Feigned
Feigning
Feigns
Feint
Feints
Feinted
Feinting
Feisty
Feistier
Feistiest
Feldspar
Feldspars
Felicitate
Felicitated
Felicitating
Felicitates
Felicitation
Felicitations
Felicitous
Felicitously
Felicity
Felicities
Feline
Felines
Feller
Fellest
Fells
Felled
Felling
Fellatio
Fellatios
Fellow
Fellows
Fellowed
Fellowing
Fellowman
Fellowmen
Fellowship
Fellowships
Fellowshipped
Fellowshiped
Fellowshipping
Fellowshiping
Felon
Felons
Felonious
Felony
Felonies
Felts
Felted
Felting
Female
Females
Femaleness
Femalenesses
Feminine
Feminines
Femininely
Femininity
Femininities
Feminism
Feminisms
Feminist
Feminists
Femoral
Femur
Femurs
Femora
Fen
Fens
Fence
Fences
Fenced
Fencing
Fencer
Fencers
Fencings
Fend
Fended
Fending
Fends
Fender
Fenders
Fenestration
Fenestrations
Fennel
Fennels
Feral
Ferment
Ferments
Fermented
Fermenting
Fermentation
Fermentations
Fermium
Fermiums
Fern
Ferns
Ferny
Fernier
Ferniest
Ferocious
Ferociously
Ferociousness
Ferociousnesses
Ferocity
Ferocities
Ferret
Ferrets
Ferreted
Ferreting
Ferric
Ferromagnetic
Ferrous
Ferrule
Ferrules
Ferruled
Ferruling
Ferry
Ferries
Ferried
Ferrying
Ferryboat
Ferryboats
Ferryman
Ferrymen
Fertile
Fertiler
Fertilest
Fertility
Fertilities
Fertilization
Fertilizations
Fertilize
Fertilized
Fertilizing
Fertilizes
Fertilizer
Fertilizers
Ferule
Ferules
Feruled
Feruling
Fervency
Fervencies
Fervent
Ferventer
Ferventest
Fervently
Fervid
Fervider
Fervidest
Fervidly
Fervor
Fervors
Fervour
Fervours
Fess
Fesses
Fessed
Fessing
Fest
Fests
Festal
Fester
Festers
Festered
Festering
Festival
Festivals
Festive
Festively
Festiveness
Festivenesses
Festivity
Festivities
Festoon
Festoons
Festooned
Festooning
Feta
Fetas
Fetal
Fetch
Fetches
Fetched
Fetching
Fetcher
Fetchers
Fetchingly
Fete
Fetes
Feted
Feting
Fetich
Fetiches
Fetid
Fetider
Fetidest
Fetidness
Fetidnesses
Fetish
Fetishes
Fetishism
Fetishisms
Fetishist
Fetishists
Fetishistic
Fetlock
Fetlocks
Fetter
Fetters
Fettered
Fettering
Fettle
Fettles
Fettled
Fettling
Fettuccine
Fettuccines
Fetus
Fetuses
Feud
Feuds
Feuded
Feuding
Feudal
Feudalism
Feudalisms
Feudalistic
Fever
Fevers
Fevered
Fevering
Feverish
Feverishly
Feverishness
Feverishnesses
Few
Fewer
Fewest
Fewness
Fewnesses
Fey
Fez
Fezzes
Fezes
Fiance
Fiances
Fiancee
Fiancees
Fiasco
Fiascoes
Fiascos
Fiat
Fiats
Fib
Fibs
Fibbed
Fibbing
Fibber
Fibbers
Fiber
Fibers
Fiberboard
Fiberboards
Fiberfill
Fiberfills
Fiberglass
Fiberglasses
Fiberglassed
Fiberglassing
Fibre
Fibres
Fibril
Fibrils
Fibrillate
Fibrillated
Fibrillating
Fibrillates
Fibrillation
Fibrillations
Fibrin
Fibrins
Fibroid
Fibroids
Fibrosis
Fibroses
Fibrous
Fibula
Fibulae
Fibulas
Fibular
Fiche
Fiches
Fichu
Fichus
Fickle
Fickler
Ficklest
Fickleness
Ficklenesses
Fiction
Fictions
Fictional
Fictionalization
Fictionalizations
Fictionalize
Fictionalized
Fictionalizing
Fictionalizes
Fictionally
Fictitious
Fictitiously
Fictive
Ficus
Ficuses
Fiddle
Fiddles
Fiddled
Fiddling
Fiddler
Fiddlers
Fiddlesticks
Fidelity
Fidelities
Fidget
Fidgets
Fidgeted
Fidgeting
Fidgety
Fiduciary
Fiduciaries
Fie
Fief
Fiefs
Fiefdom
Fiefdoms
Field
Fields
Fielded
Fielding
Fielder
Fielders
Fieldwork
Fieldworks
Fieldworker
Fieldworkers
Fiend
Fiends
Fiendish
Fiendishly
Fierce
Fiercer
Fiercest
Fiercely
Fierceness
Fiercenesses
Fieriness
Fierinesses
Fiery
Fierier
Fieriest
Fiesta
Fiestas
Fife
Fifes
Fifed
Fifing
Fifer
Fifers
Fifteen
Fifteens
Fifteenth
Fifteenths
Fifth
Fifths
Fifthly
Fiftieth
Fiftieths
Fifty
Fifties
Fig
Figs
Fight
Fights
Fought
Fighting
Fighter
Fighters
Fightings
Figment
Figments
Figuration
Figurations
Figurative
Figuratively
Figure
Figures
Figured
Figuring
Figurehead
Figureheads
Figurine
Figurines
Filament
Filaments
Filamentous
Filbert
Filberts
Filch
Filched
Filching
Filches
File
Files
Filed
Filing
Filer
Filers
Filet
Filets
Fileted
Fileting
Filial
Filibuster
Filibusters
Filibustered
Filibustering
Filibusterer
Filibusterers
Filigree
Filigrees
Filigreed
Filigreeing
Filings
Fill
Fills
Filled
Filling
Filler
Fillers
Fillet
Fillets
Filleted
Filleting
Fillings
Fillip
Fillips
Filliped
Filliping
Filly
Fillies
Film
Films
Filmed
Filming
Filminess
Filminesses
Filmmaker
Filmmakers
Filmstrip
Filmstrips
Filmy
Filmier
Filmiest
Filter
Filters
Filtered
Filtering
Filterable
Filterer
Filterers
Filth
Filths
Filthily
Filthiness
Filthinesses
Filthy
Filthier
Filthiest
Filthied
Filthying
Filthies
Filtrable
Filtrate
Filtrates
Filtrated
Filtrating
Filtration
Filtrations
Fin
Fins
Finned
Finning
Finagle
Finagled
Finagling
Finagles
Finagler
Finaglers
Final
Finals
Finale
Finales
Finalist
Finalists
Finality
Finalities
Finalization
Finalizations
Finalize
Finalized
Finalizing
Finalizes
Finally
Finance
Finances
Financed
Financing
Financial
Financially
Financier
Financiers
Financiered
Financiering
Financings
Finch
Finches
Find
Finds
Found
Finding
Finder
Finders
Findings
Fine
Finer
Finest
Fines
Fined
Fining
Finely
Fineness
Finenesses
Finery
Fineries
Finespun
Finesse
Finesses
Finessed
Finessing
Finger
Fingers
Fingered
Fingering
Fingerboard
Fingerboards
Fingerings
Fingerling
Fingerlings
Fingernail
Fingernails
Fingerprint
Fingerprints
Fingerprinted
Fingerprinting
Fingertip
Fingertips
Finial
Finials
Finical
Finickiness
Finickinesses
Finicky
Finickier
Finickiest
Finis
Finises
Finish
Finishes
Finished
Finishing
Finisher
Finishers
Finite
Finites
Finitely
Fink
Finks
Finked
Finking
Finny
Finnier
Finniest
Fiord
Fiords
Fir
Firs
Fire
Fires
Fired
Firing
Firearm
Firearms
Fireball
Fireballs
Firebomb
Firebombs
Firebombed
Firebombing
Firebox
Fireboxes
Firebrand
Firebrands
Firebreak
Firebreaks
Firebrick
Firebricks
Firebug
Firebugs
Firecracker
Firecrackers
Firedamp
Firedamps
Firefight
Firefights
Firefighter
Firefighters
Firefighting
Firefightings
Firefly
Fireflies
Firehouse
Firehouses
Firelight
Firelights
Fireman
Firemen
Fireplace
Fireplaces
Fireplug
Fireplugs
Firepower
Firepowers
Fireproof
Fireproofed
Fireproofing
Fireproofs
Firer
Firers
Fireside
Firesides
Firestorm
Firestorms
Firetrap
Firetraps
Firetruck
Firetrucks
Firewall
Firewalls
Firewater
Firewaters
Firewood
Firewoods
Firework
Fireworks
Firm
Firmer
Firmest
Firms
Firmed
Firming
Firmament
Firmaments
Firmly
Firmness
Firmnesses
Firmware
Firmwares
First
Firsts
Firstborn
Firstborns
Firsthand
Firstly
Firth
Firths
Fiscal
Fiscals
Fiscally
Fish
Fishes
Fished
Fishing
Fishbowl
Fishbowls
Fishcake
Fishcakes
Fisher
Fishers
Fisherman
Fishermen
Fishery
Fisheries
Fishhook
Fishhooks
Fishily
Fishiness
Fishinesses
Fishings
Fishmonger
Fishmongers
Fishnet
Fishnets
Fishpond
Fishponds
Fishtail
Fishtails
Fishtailed
Fishtailing
Fishwife
Fishwives
Fishy
Fishier
Fishiest
Fissile
Fission
Fissions
Fissioned
Fissioning
Fissionable
Fissionables
Fissure
Fissures
Fissured
Fissuring
Fist
Fists
Fisted
Fisting
Fistfight
Fistfights
Fistful
Fistfuls
Fisticuffs
Fistula
Fistulas
Fistulae
Fistulous
Fit
Fitter
Fittest
Fits
Fitted
Fitting
Fitful
Fitfully
Fitfulness
Fitfulnesses
Fitly
Fitlier
Fitliest
Fitness
Fitnesses
Fitters
Fittings
Fittingly
Five
Fives
Fix
Fixes
Fixed
Fixing
Fixable
Fixate
Fixated
Fixating
Fixates
Fixation
Fixations
Fixative
Fixatives
Fixedly
Fixer
Fixers
Fixings
Fixity
Fixities
Fixture
Fixtures
Fizz
Fizzes
Fizzed
Fizzing
Fizzle
Fizzles
Fizzled
Fizzling
Fizzy
Fizzier
Fizziest
Fjord
Fjords
Flab
Flabs
Flabbergast
Flabbergasted
Flabbergasting
Flabbergasts
Flabbily
Flabbiness
Flabbinesses
Flabby
Flabbier
Flabbiest
Flaccid
Flaccider
Flaccidest
Flaccidity
Flaccidities
Flaccidly
Flack
Flacks
Flacked
Flacking
Flag
Flags
Flagged
Flagging
Flagellate
Flagellates
Flagellated
Flagellating
Flagellation
Flagellations
Flagellum
Flagella
Flagellums
Flaggings
Flagman
Flagmen
Flagon
Flagons
Flagpole
Flagpoles
Flagrance
Flagrances
Flagrancy
Flagrancies
Flagrant
Flagrantly
Flagship
Flagships
Flagstaff
Flagstaffs
Flagstaves
Flagstone
Flagstones
Flail
Flails
Flailed
Flailing
Flair
Flairs
Flak
Flake
Flakes
Flaked
Flaking
Flakiness
Flakinesses
Flaky
Flakier
Flakiest
Flambe
Flambes
Flambeed
Flambeing
Flamboyance
Flamboyances
Flamboyancy
Flamboyancies
Flamboyant
Flamboyants
Flamboyantly
Flame
Flames
Flamed
Flaming
Flamenco
Flamencos
Flameproof
Flameproofed
Flameproofing
Flameproofs
Flamethrower
Flamethrowers
Flamingo
Flamingos
Flamingoes
Flammability
Flammabilities
Flammable
Flammables
Flan
Flans
Flanes
Flange
Flanges
Flanged
Flanging
Flank
Flanks
Flanked
Flanking
Flanker
Flankers
Flannel
Flannels
Flanneled
Flannelled
Flanneling
Flannelling
Flannelet
Flannelets
Flannelette
Flannelettes
Flap
Flaps
Flapped
Flapping
Flapjack
Flapjacks
Flapper
Flappers
Flare
Flares
Flared
Flaring
Flareup
Flareups
Flash
Flasher
Flashest
Flashes
Flashed
Flashing
Flashback
Flashbacks
Flashbulb
Flashbulbs
Flashcard
Flashcards
Flashcube
Flashcubes
Flashers
Flashgun
Flashguns
Flashily
Flashiness
Flashinesses
Flashings
Flashlight
Flashlights
Flashpoint
Flashpoints
Flashy
Flashier
Flashiest
Flask
Flasks
Flat
Flatter
Flattest
Flats
Flatted
Flatting
Flatbed
Flatbeds
Flatboat
Flatboats
Flatcar
Flatcars
Flatfish
Flatfishes
Flatfoot
Flatfeet
Flatfoots
Flatfooted
Flatiron
Flatirons
Flatland
Flatlands
Flatly
Flatness
Flatnesses
Flatten
Flattened
Flattening
Flattens
Flattered
Flattering
Flatters
Flatterer
Flatterers
Flatteringly
Flattery
Flatteries
Flattish
Flattop
Flattops
Flatulence
Flatulences
Flatulent
Flatus
Flatuses
Flatware
Flatwares
Flatworm
Flatworms
Flaunt
Flaunts
Flaunted
Flaunting
Flauntingly
Flautist
Flautists
Flavor
Flavors
Flavored
Flavoring
Flavorful
Flavorings
Flavorless
Flavorsome
Flavour
Flavours
Flavoured
Flavouring
Flaw
Flaws
Flawed
Flawing
Flawless
Flawlessly
Flawlessness
Flawlessnesses
Flax
Flaxes
Flaxen
Flay
Flayed
Flaying
Flays
Flea
Fleas
Fleabag
Fleabags
Fleck
Flecks
Flecked
Flecking
Fledgeling
Fledgelings
Fledgling
Fledglings
Flee
Fled
Fleeing
Flees
Fleece
Fleeces
Fleeced
Fleecing
Fleecer
Fleecers
Fleeciness
Fleecinesses
Fleecy
Fleecier
Fleeciest
Fleet
Fleeter
Fleetest
Fleets
Fleeted
Fleeting
Fleetingly
Fleetingness
Fleetingnesses
Fleetly
Fleetness
Fleetnesses
Flesh
Fleshes
Fleshed
Fleshing
Fleshly
Fleshlier
Fleshliest
Fleshpot
Fleshpots
Fleshy
Fleshier
Fleshiest
Flew
Flews
Flex
Flexes
Flexed
Flexing
Flexibility
Flexibilities
Flexible
Flexibly
Flexitime
Flexitimes
Flextime
Flextimes
Flibbertigibbet
Flibbertigibbets
Flick
Flicks
Flicked
Flicking
Flicker
Flickers
Flickered
Flickering
Flier
Fliers
Flight
Flights
Flighted
Flighting
Flightiness
Flightinesses
Flightless
Flighty
Flightier
Flightiest
Flimflam
Flimflams
Flimflammed
Flimflamming
Flimsily
Flimsiness
Flimsinesses
Flimsy
Flimsier
Flimsiest
Flimsies
Flinch
Flinches
Flinched
Flinching
Fling
Flings
Flung
Flinging
Flint
Flints
Flinted
Flinting
Flintlock
Flintlocks
Flinty
Flintier
Flintiest
Flip
Flipper
Flippest
Flips
Flipped
Flipping
Flippancy
Flippancies
Flippant
Flippantly
Flippers
Flirt
Flirts
Flirted
Flirting
Flirtation
Flirtations
Flirtatious
Flirtatiously
Flirtatiousness
Flirtatiousnesses
Flit
Flits
Flitted
Flitting
Float
Floats
Floated
Floating
Floater
Floaters
Flock
Flocks
Flocked
Flocking
Flockings
Floe
Floes
Flog
Flogged
Flogging
Flogs
Flogger
Floggers
Floggings
Flood
Floods
Flooded
Flooding
Floodgate
Floodgates
Floodlight
Floodlights
Floodlighted
Floodlit
Floodlighting
Floodplain
Floodplains
Floodwater
Floodwaters
Floor
Floors
Floored
Flooring
Floorboard
Floorboards
Floorings
Floorwalker
Floorwalkers
Floozie
Floozies
Floozy
Flop
Flops
Flopped
Flopping
Flophouse
Flophouses
Floppily
Floppiness
Floppinesses
Floppy
Floppier
Floppiest
Floppies
Flora
Floras
Florae
Floral
Florals
Florescence
Florescences
Florescent
Floret
Florets
Florid
Florider
Floridest
Floridly
Floridness
Floridnesses
Florin
Florins
Florist
Florists
Floss
Flosses
Flossed
Flossing
Flossy
Flossier
Flossiest
Flotation
Flotations
Flotilla
Flotillas
Flotsam
Flotsams
Flounce
Flounces
Flounced
Flouncing
Flouncy
Flouncier
Flounciest
Flounder
Flounders
Floundered
Floundering
Flour
Flours
Floured
Flouring
Flourish
Flourishes
Flourished
Flourishing
Floury
Flourier
Flouriest
Flout
Flouts
Flouted
Flouting
Flouter
Flouters
Flow
Flows
Flowed
Flowing
Flowchart
Flowcharts
Flower
Flowers
Flowered
Flowering
Flowerbed
Flowerbeds
Floweriness
Flowerinesses
Flowerless
Flowerpot
Flowerpots
Flowery
Flowerier
Floweriest
Flu
Flus
Flub
Flubs
Flubbed
Flubbing
Fluctuate
Fluctuated
Fluctuating
Fluctuates
Fluctuation
Fluctuations
Flue
Flues
Fluency
Fluencies
Fluent
Fluently
Fluff
Fluffs
Fluffed
Fluffing
Fluffiness
Fluffinesses
Fluffy
Fluffier
Fluffiest
Fluid
Fluids
Fluidity
Fluidities
Fluidly
Fluke
Flukes
Flukey
Flukier
Flukiest
Fluky
Flume
Flumes
Flumed
Fluming
Flummox
Flummoxed
Flummoxing
Flummoxes
Flunk
Flunks
Flunked
Flunking
Flunkey
Flunkeys
Flunky
Flunkies
Fluoresce
Fluoresced
Fluorescing
Fluoresces
Fluorescence
Fluorescences
Fluorescent
Fluorescents
Fluoridate
Fluoridated
Fluoridating
Fluoridates
Fluoridation
Fluoridations
Fluoride
Fluorides
Fluorine
Fluorines
Fluorite
Fluorites
Fluorocarbon
Fluorocarbons
Fluoroscope
Fluoroscopes
Fluoroscoped
Fluoroscoping
Fluoroscopic
Flurry
Flurries
Flurried
Flurrying
Flush
Flusher
Flushest
Flushes
Flushed
Flushing
Fluster
Flusters
Flustered
Flustering
Flute
Flutes
Fluted
Fluting
Flutings
Flutist
Flutists
Flutter
Flutters
Fluttered
Fluttering
Fluttery
Flux
Fluxes
Fluxed
Fluxing
Fly
Fliest
Flies
Flied
Flying
Flown
Flyable
Flyblown
Flyby
Flybys
Flycatcher
Flycatchers
Flyer
Flyers
Flyings
Flyleaf
Flyleaves
Flypaper
Flypapers
Flyspeck
Flyspecks
Flyspecked
Flyspecking
Flyswatter
Flyswatters
Flyway
Flyways
Flyweight
Flyweights
Flywheel
Flywheels
Foal
Foals
Foaled
Foaling
Foam
Foams
Foamed
Foaming
Foaminess
Foaminesses
Foamy
Foamier
Foamiest
Fob
Fobs
Fobbed
Fobbing
Focal
Focally
Focus
Focuses
Foci
Focused
Focussed
Focusing
Focussing
Focusses
Fodder
Fodders
Foddered
Foddering
Foe
Foes
Foetal
Foetus
Foetuses
Foeti
Fog
Fogs
Fogged
Fogging
Fogbound
Fogey
Fogeys
Foggily
Fogginess
Fogginesses
Foggy
Foggier
Foggiest
Foghorn
Foghorns
Fogy
Fogies
Fogyish
Foible
Foibles
Foil
Foils
Foiled
Foiling
Foist
Foisted
Foisting
Foists
Fold
Folds
Folded
Folding
Foldaway
Foldaways
Folder
Folders
Foldout
Foldouts
Foliage
Foliages
Folio
Folios
Folioed
Folioing
Folk
Folks
Folklore
Folklores
Folkloric
Folklorist
Folklorists
Folksiness
Folksinesses
Folksinger
Folksingers
Folksinging
Folksingings
Folksy
Folksier
Folksiest
Folktale
Folktales
Folkway
Folkways
Follicle
Follicles
Follow
Follows
Followed
Following
Follower
Followers
Followings
Folly
Follies
Foment
Fomented
Fomenting
Foments
Fomentation
Fomentations
Fond
Fonder
Fondest
Fonds
Fondant
Fondants
Fondle
Fondled
Fondling
Fondles
Fondly
Fondness
Fondnesses
Fondu
Fondus
Fondue
Fondues
Font
Fonts
Fontanel
Fontanels
Fontanelle
Fontanelles
Food
Foods
Foodie
Foodies
Foodstuff
Foodstuffs
Fool
Fools
Fooled
Fooling
Foolery
Fooleries
Foolhardily
Foolhardiness
Foolhardinesses
Foolhardy
Foolhardier
Foolhardiest
Foolish
Foolisher
Foolishest
Foolishly
Foolishness
Foolishnesses
Foolproof
Foolscap
Foolscaps
Foot
Feet
Footed
Footing
Foots
Footage
Footages
Football
Footballs
Footballed
Footballing
Footballer
Footballers
Footbridge
Footbridges
Footfall
Footfalls
Foothill
Foothills
Foothold
Footholds
Footings
Footless
Footlights
Footling
Footlings
Footlocker
Footlockers
Footloose
Footman
Footmen
Footnote
Footnotes
Footnoted
Footnoting
Footpath
Footpaths
Footprint
Footprints
Footrace
Footraces
Footrest
Footrests
Footsie
Footsies
Footsore
Footstep
Footsteps
Footstool
Footstools
Footwear
Footwears
Footwork
Footworks
Fop
Fops
Foppery
Fopperies
Foppish
Foppishness
Foppishnesses
For
Forage
Forages
Foraged
Foraging
Forager
Foragers
Foray
Forays
Forayed
Foraying
Forbear
Forbears
Forbore
Forborne
Forbearing
Forbearance
Forbearances
Forbid
Forbade
Forbad
Forbidden
Forbidding
Forbids
Forbiddingly
Force
Forces
Forced
Forcing
Forceful
Forcefully
Forcefulness
Forcefulnesses
Forceps
Forcipes
Forcepses
Forcible
Forcibly
Ford
Fords
Forded
Fording
Fordable
Fore
Fores
Forearm
Forearms
Forearmed
Forearming
Forebear
Forebears
Forebode
Foreboded
Foreboding
Forebodes
Forebodings
Forecast
Forecasts
Forecasted
Forecasting
Forecaster
Forecasters
Forecastle
Forecastles
Foreclose
Foreclosed
Foreclosing
Forecloses
Foreclosure
Foreclosures
Forecourt
Forecourts
Foredoom
Foredoomed
Foredooming
Foredooms
Forefather
Forefathers
Forefinger
Forefingers
Forefoot
Forefeet
Forefront
Forefronts
Foregather
Foregathered
Foregathering
Foregathers
Forego
Forewent
Foregone
Foregoing
Foregoes
Foreground
Foregrounds
Foregrounded
Foregrounding
Forehand
Forehands
Forehead
Foreheads
Foreign
Foreigner
Foreigners
Foreignness
Foreignnesses
Foreknow
Foreknew
Foreknown
Foreknowing
Foreknows
Foreknowledge
Foreknowledges
Foreleg
Forelegs
Forelimb
Forelimbs
Forelock
Forelocks
Forelocked
Forelocking
Foreman
Foremen
Foremast
Foremasts
Foremost
Forename
Forenames
Forenamed
Forenoon
Forenoons
Forensic
Forensics
Forensically
Foreordain
Foreordained
Foreordaining
Foreordains
Forepart
Foreparts
Foreperson
Forepersons
Forepeople
Foreplay
Foreplays
Forequarter
Forequarters
Forerunner
Forerunners
Foresail
Foresails
Foresee
Foresaw
Foreseen
Foreseeing
Foresees
Foreseeable
Foreseer
Foreseers
Foreshadow
Foreshadowed
Foreshadowing
Foreshadows
Foreshorten
Foreshortened
Foreshortening
Foreshortens
Foresight
Foresights
Foresighted
Foresightedness
Foresightednesses
Foreskin
Foreskins
Forest
Forests
Forested
Foresting
Forestall
Forestalled
Forestalling
Forestalls
Forestation
Forestations
Forester
Foresters
Forestland
Forestlands
Forestry
Forestries
Foreswear
Foreswore
Foresworn
Foreswearing
Foreswears
Foretaste
Foretastes
Foretasted
Foretasting
Foretell
Foretold
Foretelling
Foretells
Forethought
Forethoughts
Forever
Forevers
Forevermore
Forewarn
Forewarned
Forewarning
Forewarns
Forewoman
Forewomen
Foreword
Forewords
Forfeit
Forfeits
Forfeited
Forfeiting
Forfeiture
Forfeitures
Forgather
Forgathered
Forgathering
Forgathers
Forge
Forges
Forged
Forging
Forger
Forgers
Forgery
Forgeries
Forget
Forgot
Forgotten
Forgetting
Forgets
Forgetful
Forgetfully
Forgetfulness
Forgetfulnesses
Forgettable
Forgings
Forgivable
Forgive
Forgave
Forgiven
Forgiving
Forgives
Forgiveness
Forgivenesses
Forgiver
Forgivers
Forgo
Forwent
Forgone
Forgoing
Forgoes
Forgoer
Forgoers
Fork
Forks
Forked
Forking
Forkful
Forkfuls
Forksful
Forklift
Forklifts
Forklifted
Forklifting
Forlorn
Forlorner
Forlornest
Forlornly
Form
Forms
Formed
Forming
Formal
Formals
Formaldehyde
Formaldehydes
Formalism
Formalisms
Formalist
Formalists
Formality
Formalities
Formalization
Formalizations
Formalize
Formalized
Formalizing
Formalizes
Formally
Format
Formats
Formatted
Formated
Formatting
Formating
Formation
Formations
Formative
Formatives
Formattings
Former
Formers
Formerly
Formfitting
Formic
Formidable
Formidably
Formless
Formlessly
Formlessness
Formlessnesses
Formula
Formulas
Formulae
Formulaic
Formulate
Formulated
Formulating
Formulates
Formulation
Formulations
Formulator
Formulators
Fornicate
Fornicated
Fornicating
Fornicates
Fornication
Fornications
Fornicator
Fornicators
Forsake
Forsook
Forsaken
Forsaking
Forsakes
Forsooth
Forswear
Forswore
Forsworn
Forswearing
Forswears
Forsythia
Forsythias
Fort
Forts
Forte
Fortes
Forth
Forthcoming
Forthcomings
Forthright
Forthrights
Forthrightly
Forthrightness
Forthrightnesses
Forthwith
Fortieth
Fortieths
Fortification
Fortifications
Fortifier
Fortifiers
Fortify
Fortified
Fortifying
Fortifies
Fortissimo
Fortissimos
Fortissimi
Fortitude
Fortitudes
Fortnight
Fortnights
Fortnightly
Fortnightlies
Fortress
Fortresses
Fortuitous
Fortuitously
Fortuitousness
Fortuitousnesses
Fortuity
Fortuities
Fortunate
Fortunately
Fortune
Fortunes
Fortuned
Fortuning
Fortuneteller
Fortunetellers
Fortunetelling
Fortunetellings
Forty
Forties
Forum
Forums
Fora
Forward
Forwarder
Forwardest
Forwards
Forwarded
Forwarding
Forwarders
Forwardly
Forwardness
Forwardnesses
Fossil
Fossils
Fossilization
Fossilizations
Fossilize
Fossilized
Fossilizing
Fossilizes
Foster
Fostered
Fostering
Fosters
Foul
Fouler
Foulest
Fouls
Fouled
Fouling
Foulard
Foulards
Foully
Foulmouthed
Foulness
Foulnesses
Founds
Founded
Founding
Foundation
Foundations
Founder
Founders
Foundered
Foundering
Foundling
Foundlings
Foundry
Foundries
Fount
Founts
Fountain
Fountains
Fountainhead
Fountainheads
Four
Fours
Fourfold
Fourposter
Fourposters
Fourscore
Fourscores
Foursome
Foursomes
Foursquare
Foursquares
Fourteen
Fourteens
Fourteenth
Fourteenths
Fourth
Fourths
Fourthly
Fowl
Fowls
Fowled
Fowling
Fox
Foxes
Foxed
Foxing
Foxfire
Foxfires
Foxglove
Foxgloves
Foxhole
Foxholes
Foxhound
Foxhounds
Foxily
Foxiness
Foxinesses
Foxtrot
Foxtrots
Foxtrotted
Foxtrotting
Foxy
Foxier
Foxiest
Foyer
Foyers
Fracas
Fracases
Fractal
Fractals
Fraction
Fractions
Fractioned
Fractioning
Fractional
Fractionally
Fractious
Fractiously
Fractiousness
Fractiousnesses
Fracture
Fractures
Fractured
Fracturing
Fragile
Fragiler
Fragilest
Fragility
Fragilities
Fragment
Fragments
Fragmented
Fragmenting
Fragmentary
Fragmentation
Fragmentations
Fragrance
Fragrances
Fragrant
Fragrantly
Frail
Frailer
Frailest
Frails
Frailly
Frailness
Frailnesses
Frailty
Frailties
Frame
Frames
Framed
Framing
Framer
Framers
Framework
Frameworks
Franc
Francs
Franchise
Franchises
Franchised
Franchising
Franchisee
Franchisees
Franchiser
Franchisers
Franchisor
Franchisors
Francium
Franciums
Frangibility
Frangibilities
Frangible
Frank
Franker
Frankest
Franks
Franked
Franking
Frankfurter
Frankfurters
Frankincense
Frankincenses
Frankly
Frankness
Franknesses
Frantic
Frantically
Frappe
Frappes
Frappeed
Frappeing
Frat
Frats
Fraternal
Fraternally
Fraternity
Fraternities
Fraternization
Fraternizations
Fraternize
Fraternized
Fraternizing
Fraternizes
Fraternizer
Fraternizers
Fratricidal
Fratricide
Fratricides
Fraud
Frauds
Fraudulence
Fraudulences
Fraudulent
Fraudulently
Fraught
Fraughter
Fraughtest
Fraughts
Fray
Frays
Frayed
Fraying
Frazzle
Frazzles
Frazzled
Frazzling
Freak
Freaks
Freaked
Freaking
Freakish
Freakishly
Freakishness
Freakishnesses
Freakout
Freakouts
Freaky
Freakier
Freakiest
Freckle
Freckles
Freckled
Freckling
Freckly
Frecklier
Freckliest
Free
Freer
Freest
Freed
Freeing
Frees
Freebase
Freebases
Freebased
Freebasing
Freebee
Freebees
Freebie
Freebies
Freebooter
Freebooters
Freeborn
Freedman
Freedmen
Freedom
Freedoms
Freehand
Freehold
Freeholds
Freeholder
Freeholders
Freelance
Freelances
Freelanced
Freelancing
Freelancer
Freelancers
Freeload
Freeloaded
Freeloading
Freeloads
Freeloader
Freeloaders
Freely
Freeman
Freemen
Freestanding
Freestone
Freestones
Freestyle
Freestyles
Freethinker
Freethinkers
Freethinking
Freethinkings
Freeware
Freewares
Freeway
Freeways
Freewheel
Freewheels
Freewheeled
Freewheeling
Freewill
Freezable
Freeze
Freezes
Froze
Frozen
Freezing
Freezer
Freezers
Freezings
Freight
Freights
Freighted
Freighting
Freighter
Freighters
Frenetic
Frenetics
Frenetically
Frenzied
Frenziedly
Frenzy
Frenzies
Frenzying
Frequency
Frequencies
Frequent
Frequenter
Frequentest
Frequented
Frequenting
Frequents
Frequenters
Frequently
Fresco
Frescoes
Frescos
Frescoed
Frescoing
Fresh
Fresher
Freshest
Freshes
Freshed
Freshing
Freshen
Freshened
Freshening
Freshens
Freshener
Fresheners
Freshet
Freshets
Freshly
Freshman
Freshmen
Freshness
Freshnesses
Freshwater
Freshwaters
Fret
Frets
Fretted
Fretting
Fretful
Fretfully
Fretfulness
Fretfulnesses
Fretsaw
Fretsaws
Fretwork
Fretworks
Friable
Friar
Friars
Friary
Friaries
Fricassee
Fricassees
Fricasseed
Fricasseeing
Fricative
Fricatives
Friction
Frictions
Frictional
Fridge
Fridges
Friedcake
Friedcakes
Friend
Friends
Friended
Friending
Friendless
Friendliness
Friendlinesses
Friendly
Friendlier
Friendliest
Friendlies
Friendship
Friendships
Frier
Friers
Frieze
Friezes
Frig
Frigged
Frigging
Frigs
Frigate
Frigates
Fright
Frights
Frighted
Frighting
Frighten
Frightened
Frightening
Frightens
Frighteningly
Frightful
Frightfully
Frightfulness
Frightfulnesses
Frigid
Frigider
Frigidest
Frigidity
Frigidities
Frigidly
Frigidness
Frigidnesses
Frill
Frills
Frilled
Frilling
Frilly
Frillier
Frilliest
Fringe
Fringes
Fringed
Fringing
Frippery
Fripperies
Frisk
Frisks
Frisked
Frisking
Friskily
Friskiness
Friskinesses
Frisky
Friskier
Friskiest
Fritter
Fritters
Frittered
Frittering
Fritz
Fritzes
Frivolity
Frivolities
Frivolous
Frivolously
Frivolousness
Frivolousnesses
Friz
Frizzes
Frizzed
Frizzing
Frizz
Frizzle
Frizzles
Frizzled
Frizzling
Frizzly
Frizzlier
Frizzliest
Frizzy
Frizzier
Frizziest
Fro
Fros
Frock
Frocks
Frocked
Frocking
Frog
Frogs
Frogged
Frogging
Frogman
Frogmen
Frolic
Frolics
Frolicked
Frolicking
Frolicker
Frolickers
Frolicsome
From
Frond
Fronds
Front
Fronts
Fronted
Fronting
Frontage
Frontages
Frontal
Frontals
Frontally
Frontier
Frontiers
Frontiersman
Frontiersmen
Frontispiece
Frontispieces
Frontrunner
Frontrunners
Frontward
Frontwards
Frosh
Frost
Frosts
Frosted
Frosting
Frostbite
Frostbites
Frostbit
Frostbitten
Frostbiting
Frosteds
Frostily
Frostiness
Frostinesses
Frostings
Frosty
Frostier
Frostiest
Froth
Froths
Frothed
Frothing
Frothiness
Frothinesses
Frothy
Frothier
Frothiest
Froufrou
Froufrous
Froward
Frowardness
Frowardnesses
Frown
Frowns
Frowned
Frowning
Frowsy
Frowsier
Frowsiest
Frowzily
Frowziness
Frowzinesses
Frowzy
Frowzier
Frowziest
Fructify
Fructified
Fructifying
Fructifies
Fructose
Fructoses
Frugal
Frugality
Frugalities
Frugally
Fruit
Fruits
Fruited
Fruiting
Fruitcake
Fruitcakes
Fruitful
Fruitfuller
Fruitfullest
Fruitfully
Fruitfulness
Fruitfulnesses
Fruitiness
Fruitinesses
Fruition
Fruitions
Fruitless
Fruitlessly
Fruitlessness
Fruitlessnesses
Fruity
Fruitier
Fruitiest
Frump
Frumps
Frumpish
Frumpy
Frumpier
Frumpiest
Frustrate
Frustrated
Frustrating
Frustrates
Frustratingly
Frustration
Frustrations
Frustum
Frustums
Frusta
Fry
Fries
Fried
Frying
Fryer
Fryers
Fuchsia
Fuchsias
Fuck
Fucks
Fucked
Fucking
Fucker
Fuckers
Fuckings
Fuddle
Fuddles
Fuddled
Fuddling
Fudge
Fudges
Fudged
Fudging
Fuehrer
Fuehrers
Fuel
Fuels
Fueled
Fuelled
Fueling
Fuelling
Fugal
Fugitive
Fugitives
Fugue
Fugues
Fugued
Fuguing
Fuhrer
Fuhrers
Fulcrum
Fulcrums
Fulcra
Fulcrumed
Fulcruming
Fulfil
Fulfilled
Fulfilling
Fulfils
Fulfill
Fulfills
Fulfillment
Fulfillments
Fulfilment
Fulfilments
Full
Fuller
Fullest
Fulls
Fulled
Fulling
Fullback
Fullbacks
Fullers
Fullered
Fullering
Fullness
Fullnesses
Fully
Fulminate
Fulminates
Fulminated
Fulminating
Fulmination
Fulminations
Fulness
Fulnesses
Fulsome
Fulsomer
Fulsomest
Fulsomely
Fulsomeness
Fulsomenesses
Fumble
Fumbles
Fumbled
Fumbling
Fumbler
Fumblers
Fumblingly
Fume
Fumes
Fumed
Fuming
Fumigant
Fumigants
Fumigate
Fumigated
Fumigating
Fumigates
Fumigation
Fumigations
Fumigator
Fumigators
Fumy
Fumier
Fumiest
Fun
Funner
Funnest
Funs
Funned
Funning
Function
Functions
Functioned
Functioning
Functional
Functionals
Functionally
Functionary
Functionaries
Fund
Funds
Funded
Funding
Fundamental
Fundamentals
Fundamentalism
Fundamentalisms
Fundamentalist
Fundamentalists
Fundamentally
Fundings
Fundraiser
Fundraisers
Funeral
Funerals
Funerary
Funereal
Funereally
Fungal
Fungible
Fungibles
Fungicidal
Fungicide
Fungicides
Fungoid
Fungoids
Fungous
Fungus
Fungi
Funguses
Funicular
Funiculars
Funk
Funks
Funked
Funking
Funkiness
Funkinesses
Funky
Funkier
Funkiest
Funnel
Funnels
Funneled
Funnelled
Funneling
Funnelling
Funnily
Funniness
Funninesses
Funny
Funnier
Funniest
Funnies
Funnyman
Funnymen
Fur
Furs
Furred
Furring
Furbelow
Furbelows
Furbelowed
Furbelowing
Furbish
Furbished
Furbishing
Furbishes
Furious
Furiously
Furl
Furls
Furled
Furling
Furlong
Furlongs
Furlough
Furloughs
Furloughed
Furloughing
Furnace
Furnaces
Furnaced
Furnacing
Furnish
Furnished
Furnishing
Furnishes
Furnishings
Furniture
Furnitures
Furor
Furors
Furore
Furores
Furrier
Furriers
Furriness
Furrinesses
Furrings
Furrow
Furrows
Furrowed
Furrowing
Furry
Furriest
Furthered
Furthering
Furthers
Furtherance
Furtherances
Furthermore
Furthermost
Furtive
Furtively
Furtiveness
Furtivenesses
Fury
Furies
Furze
Furzes
Fuse
Fuses
Fused
Fusing
Fusee
Fusees
Fuselage
Fuselages
Fusibility
Fusibilities
Fusible
Fusileer
Fusileers
Fusilier
Fusiliers
Fusillade
Fusillades
Fusilladed
Fusillading
Fusion
Fusions
Fuss
Fusses
Fussed
Fussing
Fussbudget
Fussbudgets
Fussily
Fussiness
Fussinesses
Fusspot
Fusspots
Fussy
Fussier
Fussiest
Fustian
Fustians
Fustiness
Fustinesses
Fusty
Fustier
Fustiest
Futile
Futiler
Futilest
Futilely
Futility
Futilities
Futon
Futons
Future
Futures
Futurism
Futurisms
Futurist
Futurists
Futuristic
Futurity
Futurities
Futurologist
Futurologists
Futurology
Futurologies
Futz
Futzed
Futzing
Futzes
Fuze
Fuzes
Fuzed
Fuzing
Fuzz
Fuzzes
Fuzzed
Fuzzing
Fuzzily
Fuzziness
Fuzzinesses
Fuzzy
Fuzzier
Fuzziest
Gab
Gabs
Gabbed
Gabbing
Gabardine
Gabardines
Gabbiness
Gabbinesses
Gabble
Gabbles
Gabbled
Gabbling
Gabby
Gabbier
Gabbiest
Gaberdine
Gaberdines
Gabfest
Gabfests
Gable
Gables
Gabled
Gad
Gads
Gadded
Gadding
Gadabout
Gadabouts
Gadder
Gadders
Gadfly
Gadflies
Gadget
Gadgets
Gadgetry
Gadgetries
Gadolinium
Gadoliniums
Gaff
Gaffs
Gaffed
Gaffing
Gaffe
Gaffes
Gaffer
Gaffers
Gag
Gags
Gagged
Gagging
Gaga
Gage
Gages
Gaged
Gaging
Gaggle
Gaggles
Gaggled
Gaggling
Gaiety
Gaieties
Gaily
Gain
Gains
Gained
Gaining
Gainer
Gainers
Gainful
Gainfully
Gainsay
Gainsaid
Gainsaying
Gainsays
Gainsayer
Gainsayers
Gait
Gaits
Gaited
Gaiting
Gaiter
Gaiters
Gal
Gals
Gala
Galas
Galactic
Galaxy
Galaxies
Gale
Gales
Galena
Galenas
Gall
Galls
Galled
Galling
Gallant
Gallanter
Gallantest
Gallants
Gallanted
Gallanting
Gallantly
Gallantry
Gallantries
Gallbladder
Gallbladders
Galleon
Galleons
Galleria
Gallerias
Gallery
Galleries
Galley
Galleys
Gallimaufry
Gallimaufries
Gallium
Galliums
Gallivant
Gallivanted
Gallivanting
Gallivants
Gallon
Gallons
Gallop
Gallops
Galloped
Galloping
Gallows
Gallowses
Gallstone
Gallstones
Galoot
Galoots
Galore
Galosh
Galoshes
Galoshe
Galumph
Galumphed
Galumphing
Galumphs
Galvanic
Galvanise
Galvanised
Galvanising
Galvanises
Galvanism
Galvanisms
Galvanization
Galvanizations
Galvanize
Galvanized
Galvanizing
Galvanizes
Galvanometer
Galvanometers
Gambit
Gambits
Gamble
Gambles
Gambled
Gambling
Gambler
Gamblers
Gamblings
Gambol
Gambols
Gamboled
Gambolled
Gamboling
Gambolling
Game
Gamer
Gamest
Games
Gamed
Gaming
Gamecock
Gamecocks
Gamekeeper
Gamekeepers
Gamely
Gameness
Gamenesses
Gamesmanship
Gamesmanships
Gamester
Gamesters
Gamete
Gametes
Gametic
Gamey
Gamier
Gamiest
Gamin
Gamins
Gamine
Gamines
Gaminess
Gaminesses
Gamings
Gamma
Gammas
Gammon
Gammons
Gammoned
Gammoning
Gamut
Gamuts
Gamy
Gander
Ganders
Gandered
Gandering
Gang
Gangs
Ganged
Ganging
Gangbusters
Gangland
Ganglands
Gangling
Ganglion
Ganglia
Ganglions
Ganglionic
Gangly
Ganglier
Gangliest
Gangplank
Gangplanks
Gangrene
Gangrenes
Gangrened
Gangrening
Gangrenous
Gangster
Gangsters
Gangway
Gangways
Gannet
Gannets
Gantlet
Gantlets
Gantleted
Gantleting
Gantry
Gantries
Gaol
Gaols
Gaoled
Gaoling
Gaoler
Gaolers
Gap
Gaps
Gapped
Gapping
Gape
Gapes
Gaped
Gaping
Gar
Gars
Garred
Garring
Garage
Garages
Garaged
Garaging
Garb
Garbs
Garbed
Garbing
Garbage
Garbages
Garbanzo
Garbanzos
Garble
Garbles
Garbled
Garbling
Garcon
Garcons
Garden
Gardens
Gardened
Gardening
Gardener
Gardeners
Gardenia
Gardenias
Gardenings
Garfish
Garfishes
Gargantuan
Gargle
Gargles
Gargled
Gargling
Gargoyle
Gargoyles
Garish
Garishly
Garishness
Garishnesses
Garland
Garlands
Garlanded
Garlanding
Garlic
Garlics
Garlicky
Garment
Garments
Garmented
Garmenting
Garner
Garners
Garnered
Garnering
Garnet
Garnets
Garnish
Garnishes
Garnished
Garnishing
Garnishee
Garnishees
Garnisheed
Garnisheeing
Garnishment
Garnishments
Garote
Garotes
Garoted
Garoting
Garotte
Garottes
Garotted
Garotting
Garret
Garrets
Garrison
Garrisons
Garrisoned
Garrisoning
Garrote
Garrotes
Garroted
Garroting
Garroter
Garroters
Garrotte
Garrottes
Garrotted
Garrotting
Garrulity
Garrulities
Garrulous
Garrulously
Garrulousness
Garrulousnesses
Garter
Garters
Gartered
Gartering
Gas
Gases
Gasses
Gassed
Gassing
Gasbag
Gasbags
Gaseous
Gash
Gasher
Gashest
Gashes
Gashed
Gashing
Gasket
Gaskets
Gaslight
Gaslights
Gasohol
Gasohols
Gasolene
Gasolenes
Gasoline
Gasolines
Gasp
Gasps
Gasped
Gasping
Gassy
Gassier
Gassiest
Gastric
Gastritis
Gastritides
Gastritises
Gastroenteritis
Gastroenteritides
Gastrointestinal
Gastronomic
Gastronomical
Gastronomically
Gastronomy
Gastronomies
Gastropod
Gastropods
Gasworks
Gate
Gates
Gated
Gating
Gatecrash
Gatecrashed
Gatecrashing
Gatecrashes
Gatecrasher
Gatecrashers
Gatehouse
Gatehouses
Gatekeeper
Gatekeepers
Gatepost
Gateposts
Gateway
Gateways
Gather
Gathers
Gathered
Gathering
Gatherer
Gatherers
Gatherings
Gator
Gators
Gauche
Gaucher
Gauchest
Gauchely
Gaucheness
Gauchenesses
Gaucherie
Gaucheries
Gaucho
Gauchos
Gaudily
Gaudiness
Gaudinesses
Gaudy
Gaudier
Gaudiest
Gaudies
Gauge
Gauges
Gauged
Gauging
Gaunt
Gaunter
Gauntest
Gauntlet
Gauntlets
Gauntleted
Gauntleting
Gauntness
Gauntnesses
Gauze
Gauzes
Gauziness
Gauzinesses
Gauzy
Gauzier
Gauziest
Gavel
Gavels
Gaveled
Gavelled
Gaveling
Gavelling
Gavotte
Gavottes
Gavotted
Gavotting
Gawk
Gawks
Gawked
Gawking
Gawkily
Gawkiness
Gawkinesses
Gawky
Gawkier
Gawkiest
Gay
Gayer
Gayest
Gays
Gayety
Gayeties
Gayly
Gayness
Gaynesses
Gaze
Gazes
Gazed
Gazing
Gazebo
Gazebos
Gazeboes
Gazelle
Gazelles
Gazer
Gazers
Gazette
Gazettes
Gazetted
Gazetting
Gazetteer
Gazetteers
Gazpacho
Gazpachos
Gear
Gears
Geared
Gearing
Gearbox
Gearboxes
Gearings
Gearshift
Gearshifts
Gearwheel
Gearwheels
Gecko
Geckos
Geckoes
Gee
Gees
Geed
Geeing
Geegaw
Geegaws
Geek
Geeks
Geeky
Geekier
Geekiest
Geez
Geezer
Geezers
Geisha
Geishas
Gel
Gels
Gelled
Gelling
Gelatin
Gelatins
Gelatine
Gelatines
Gelatinous
Gelcap
Gelcaps
Geld
Gelds
Gelded
Gelt
Gelding
Geldings
Gelid
Gelider
Gelidest
Gelignite
Gelignites
Gem
Gems
Gemmed
Gemming
Gemmology
Gemmologies
Gemological
Gemologist
Gemologists
Gemology
Gemologies
Gemstone
Gemstones
Gendarme
Gendarmes
Gender
Genders
Gendered
Gendering
Gene
Genes
Genealogical
Genealogically
Genealogist
Genealogists
Genealogy
Genealogies
General
Generals
Generalissimo
Generalissimos
Generalist
Generalists
Generality
Generalities
Generalization
Generalizations
Generalize
Generalized
Generalizing
Generalizes
Generally
Generalship
Generalships
Generate
Generated
Generating
Generates
Generation
Generations
Generational
Generative
Generator
Generators
Generic
Generics
Generically
Generosity
Generosities
Generous
Generously
Generousness
Generousnesses
Genesis
Geneses
Genetic
Genetically
Geneticist
Geneticists
Genetics
Genial
Geniality
Genialities
Genially
Genie
Genies
Genii
Genital
Genitalia
Genitally
Genitals
Genitive
Genitives
Genitourinary
Genius
Geniuses
Genocidal
Genocide
Genocides
Genome
Genomes
Genre
Genres
Gent
Gents
Genteel
Genteeler
Genteelest
Genteelly
Genteelness
Genteelnesses
Gentian
Gentians
Gentile
Gentiles
Gentility
Gentilities
Gentle
Gentler
Gentlest
Gentles
Gentled
Gentling
Gentlefolk
Gentlefolks
Gentleman
Gentlemen
Gentlemanly
Gentleness
Gentlenesses
Gentlewoman
Gentlewomen
Gently
Gentrification
Gentrifications
Gentrify
Gentrified
Gentrifying
Gentrifies
Gentry
Gentries
Genuflect
Genuflected
Genuflecting
Genuflects
Genuflection
Genuflections
Genuine
Genuinely
Genuineness
Genuinenesses
Genus
Genera
Genuses
Geocentric
Geocentrically
Geochemistry
Geochemistries
Geode
Geodes
Geodesic
Geodesics
Geodesy
Geodesies
Geodetic
Geographer
Geographers
Geographic
Geographical
Geographically
Geography
Geographies
Geologic
Geological
Geologically
Geologist
Geologists
Geology
Geologies
Geomagnetic
Geomagnetism
Geomagnetisms
Geometric
Geometrics
Geometrical
Geometrically
Geometry
Geometries
Geophysical
Geophysicist
Geophysicists
Geophysics
Geopolitical
Geopolitics
Geostationary
Geosynchronous
Geosyncline
Geosynclines
Geothermal
Geothermic
Geranium
Geraniums
Gerbil
Gerbils
Geriatric
Geriatrics
Germ
Germs
Germane
Germanium
Germaniums
Germicidal
Germicide
Germicides
Germinal
Germinate
Germinated
Germinating
Germinates
Germination
Germinations
Gerontological
Gerontologist
Gerontologists
Gerontology
Gerontologies
Gerrymander
Gerrymanders
Gerrymandered
Gerrymandering
Gerund
Gerunds
Gestapo
Gestapos
Gestate
Gestated
Gestating
Gestates
Gestation
Gestations
Gestational
Gesticulate
Gesticulated
Gesticulating
Gesticulates
Gesticulation
Gesticulations
Gestural
Gesture
Gestures
Gestured
Gesturing
Gesundheit
Get
Gets
Got
Gotten
Getting
Getaway
Getaways
Getup
Getups
Gewgaw
Gewgaws
Geyser
Geysers
Geysered
Geysering
Ghastliness
Ghastlinesses
Ghastly
Ghastlier
Ghastliest
Ghat
Ghats
Gherkin
Gherkins
Ghetto
Ghettos
Ghettoes
Ghettoed
Ghettoing
Ghettoize
Ghettoized
Ghettoizing
Ghettoizes
Ghost
Ghosts
Ghosted
Ghosting
Ghostliness
Ghostlinesses
Ghostly
Ghostlier
Ghostliest
Ghostwrite
Ghostwrote
Ghostwritten
Ghostwriting
Ghostwrites
Ghostwriter
Ghostwriters
Ghoul
Ghouls
Ghoulish
Ghoulishly
Ghoulishness
Ghoulishnesses
Giant
Giants
Giantess
Giantesses
Gibber
Gibbers
Gibbered
Gibbering
Gibberish
Gibberishes
Gibbet
Gibbets
Gibbeted
Gibbeting
Gibbon
Gibbons
Gibbous
Gibe
Gibes
Gibed
Gibing
Giblet
Giblets
Giddily
Giddiness
Giddinesses
Giddy
Giddier
Giddiest
Giddied
Giddying
Giddies
Gift
Gifts
Gifted
Gifting
Gig
Gigs
Gigged
Gigging
Gigabyte
Gigabytes
Gigahertz
Gigahertzes
Gigantic
Gigantically
Giggle
Giggles
Giggled
Giggling
Giggler
Gigglers
Giggly
Gigglier
Giggliest
Gigolo
Gigolos
Gild
Gilds
Gilded
Gilt
Gilding
Gilder
Gilders
Gildings
Gill
Gills
Gilled
Gilling
Gilts
Gimbals
Gimcrack
Gimcracks
Gimcrackery
Gimcrackeries
Gimlet
Gimlets
Gimleted
Gimleting
Gimme
Gimmes
Gimmick
Gimmicks
Gimmicked
Gimmicking
Gimmickry
Gimmickries
Gimmicky
Gimmickier
Gimmickiest
Gimp
Gimps
Gimped
Gimping
Gimpy
Gimpier
Gimpiest
Gin
Gins
Ginned
Ginning
Ginger
Gingers
Gingered
Gingering
Gingerbread
Gingerbreads
Gingerly
Gingersnap
Gingersnaps
Gingery
Gingham
Ginghams
Gingivitis
Gingivitises
Gingko
Gingkoes
Gingkos
Ginkgo
Ginkgoes
Ginkgos
Ginseng
Ginsengs
Gipsy
Gipsies
Gipsied
Gipsying
Giraffe
Giraffes
Gird
Girds
Girded
Girt
Girding
Girder
Girders
Girdle
Girdles
Girdled
Girdling
Girl
Girls
Girlfriend
Girlfriends
Girlhood
Girlhoods
Girlish
Girlishly
Girlishness
Girlishnesses
Girly
Girlies
Girts
Girted
Girting
Girth
Girths
Girthed
Girthing
Gismo
Gismos
Gist
Gists
Give
Gives
Gave
Given
Giving
Giveaway
Giveaways
Giveback
Givebacks
Givens
Giver
Givers
Gizmo
Gizmos
Gizzard
Gizzards
Glace
Glaceed
Glaceing
Glaces
Glacial
Glacially
Glaciate
Glaciated
Glaciating
Glaciates
Glaciation
Glaciations
Glacier
Glaciers
Glad
Gladder
Gladdest
Glads
Gladded
Gladding
Gladden
Gladdened
Gladdening
Gladdens
Glade
Glades
Gladiator
Gladiators
Gladiatorial
Gladiola
Gladiolas
Gladiolus
Gladioli
Gladioluses
Gladly
Gladlier
Gladliest
Gladness
Gladnesses
Gladsome
Gladsomer
Gladsomest
Glamor
Glamors
Glamorization
Glamorizations
Glamorize
Glamorized
Glamorizing
Glamorizes
Glamorous
Glamorously
Glamour
Glamours
Glamourize
Glamourized
Glamourizing
Glamourizes
Glamourous
Glance
Glances
Glanced
Glancing
Gland
Glands
Glandular
Glans
Glandes
Glare
Glares
Glared
Glaring
Glaringly
Glasnost
Glasnosts
Glass
Glasses
Glassed
Glassing
Glassblower
Glassblowers
Glassblowing
Glassblowings
Glassful
Glassfuls
Glassily
Glassiness
Glassinesses
Glassware
Glasswares
Glassy
Glassier
Glassiest
Glassies
Glaucoma
Glaucomas
Glaze
Glazes
Glazed
Glazing
Glazier
Glaziers
Glazings
Gleam
Gleams
Gleamed
Gleaming
Glean
Gleaned
Gleaning
Gleans
Gleaner
Gleaners
Gleanings
Glee
Glees
Gleed
Gleeing
Gleeful
Gleefully
Gleefulness
Gleefulnesses
Glen
Glens
Glib
Glibber
Glibbest
Glibly
Glibness
Glibnesses
Glide
Glides
Glided
Gliding
Glider
Gliders
Glidings
Glimmer
Glimmers
Glimmered
Glimmering
Glimmerings
Glimpse
Glimpses
Glimpsed
Glimpsing
Glint
Glints
Glinted
Glinting
Glissando
Glissandi
Glissandos
Glisten
Glistens
Glistened
Glistening
Glister
Glisters
Glistered
Glistering
Glitch
Glitches
Glitter
Glitters
Glittered
Glittering
Glittery
Glitz
Glitzes
Glitzed
Glitzing
Glitzy
Glitzier
Glitziest
Gloaming
Gloamings
Gloat
Gloats
Gloated
Gloating
Gloatingly
Glob
Globs
Global
Globalism
Globalisms
Globalist
Globalists
Globalization
Globalizations
Globalize
Globalized
Globalizing
Globalizes
Globally
Globe
Globes
Globed
Globing
Globetrotter
Globetrotters
Globular
Globule
Globules
Globulin
Globulins
Glockenspiel
Glockenspiels
Gloom
Glooms
Gloomed
Glooming
Gloomily
Gloominess
Gloominesses
Gloomy
Gloomier
Gloomiest
Glop
Glops
Gloppy
Gloppier
Gloppiest
Glorification
Glorifications
Glorify
Glorified
Glorifying
Glorifies
Glorious
Gloriously
Glory
Glories
Gloried
Glorying
Gloss
Glosses
Glossed
Glossing
Glossary
Glossaries
Glossily
Glossiness
Glossinesses
Glossolalia
Glossolalias
Glossy
Glossier
Glossiest
Glossies
Glottal
Glottis
Glottises
Glottides
Glove
Gloves
Gloved
Gloving
Glow
Glows
Glowed
Glowing
Glower
Glowers
Glowered
Glowering
Glowingly
Glowworm
Glowworms
Glucose
Glucoses
Glue
Glues
Glued
Gluing
Glueing
Gluey
Gluier
Gluiest
Glum
Glummer
Glummest
Glumly
Glumness
Glumnesses
Glut
Gluts
Glutted
Glutting
Gluten
Glutens
Glutenous
Glutinous
Glutinously
Glutton
Gluttons
Gluttonous
Gluttonously
Gluttony
Gluttonies
Glycerin
Glycerins
Glycerine
Glycerines
Glycerol
Glycerols
Glycogen
Glycogens
Gnarl
Gnarls
Gnarled
Gnarling
Gnash
Gnashes
Gnashed
Gnashing
Gnat
Gnats
Gnaw
Gnawed
Gnawn
Gnawing
Gnaws
Gnawings
Gneiss
Gneisses
Gnome
Gnomes
Gnomic
Gnomish
Gnu
Gnus
Goes
Gos
Went
Gone
Going
Goad
Goads
Goaded
Goading
Goal
Goals
Goalie
Goalies
Goalkeeper
Goalkeepers
Goalkeeping
Goalkeepings
Goalpost
Goalposts
Goaltender
Goaltenders
Goat
Goats
Goatee
Goatees
Goatherd
Goatherds
Goatskin
Goatskins
Gob
Gobs
Gobbed
Gobbing
Gobbet
Gobbets
Gobble
Gobbles
Gobbled
Gobbling
Gobbledegook
Gobbledegooks
Gobbledygook
Gobbledygooks
Gobbler
Gobblers
Goblet
Goblets
Goblin
Goblins
God
Gods
Godded
Godding
Godchild
Godchildren
Goddammit
Goddamn
Goddamned
Goddamning
Goddamns
Goddaughter
Goddaughters
Goddess
Goddesses
Godfather
Godfathers
Godfathered
Godfathering
Godforsaken
Godhead
Godheads
Godhood
Godhoods
Godless
Godlessness
Godlessnesses
Godlike
Godliness
Godlinesses
Godly
Godlier
Godliest
Godmother
Godmothers
Godparent
Godparents
Godsend
Godsends
Godson
Godsons
Goer
Goers
Gofer
Gofers
Goggle
Goggles
Goggled
Goggling
Goings
Goiter
Goiters
Goitre
Goitres
Gold
Golder
Goldest
Golds
Goldbrick
Goldbricks
Goldbricked
Goldbricking
Goldbricker
Goldbrickers
Golden
Goldener
Goldenest
Goldenrod
Goldenrods
Goldfinch
Goldfinches
Goldfish
Goldfishes
Goldmine
Goldmines
Goldsmith
Goldsmiths
Golf
Golfs
Golfed
Golfing
Golfer
Golfers
Golly
Gollies
Gonad
Gonads
Gonadal
Gondola
Gondolas
Gondolier
Gondoliers
Goner
Goners
Gong
Gongs
Gonged
Gonging
Gonna
Gonorrhea
Gonorrheas
Gonorrheal
Gonorrhoea
Gonorrhoeas
Goo
Goos
Goober
Goobers
Good
Goods
Goodby
Goodbys
Goodbye
Goodbyes
Goodhearted
Goodie
Goodies
Goodish
Goodly
Goodlier
Goodliest
Goodness
Goodnesses
Goodwill
Goodwills
Goody
Gooey
Gooier
Gooiest
Goof
Goofs
Goofed
Goofing
Goofball
Goofballs
Goofiness
Goofinesses
Goofy
Goofier
Goofiest
Gook
Gooks
Goon
Goons
Goop
Goops
Goose
Geese
Gooses
Goosed
Goosing
Gooseberry
Gooseberries
Goosebumps
Gooseflesh
Goosefleshes
Gopher
Gophers
Gophered
Gophering
Gore
Gores
Gored
Goring
Gorge
Gorges
Gorged
Gorging
Gorgeous
Gorgeously
Gorgeousness
Gorgeousnesses
Gorgon
Gorgons
Gorilla
Gorillas
Gorily
Goriness
Gorinesses
Gormandize
Gormandizes
Gormandized
Gormandizing
Gormandizer
Gormandizers
Gorp
Gorps
Gorse
Gorses
Gory
Gorier
Goriest
Gosh
Goshawk
Goshawks
Gosling
Goslings
Gospel
Gospels
Gospeled
Gospelled
Gospeling
Gospelling
Gossamer
Gossamers
Gossip
Gossips
Gossiped
Gossipped
Gossiping
Gossipping
Gossiper
Gossipers
Gossipy
Gotcha
Gotta
Gouge
Gouges
Gouged
Gouging
Gouger
Gougers
Goulash
Goulashes
Gourd
Gourds
Gourde
Gourdes
Gourmand
Gourmands
Gourmet
Gourmets
Gout
Gouts
Gouty
Goutier
Goutiest
Govern
Governed
Governing
Governs
Governable
Governance
Governances
Governess
Governesses
Governessed
Governessing
Government
Governments
Governmental
Governor
Governors
Governorship
Governorships
Gown
Gowns
Gowned
Gowning
Grab
Grabs
Grabbed
Grabbing
Grabber
Grabbers
Grabby
Grabbier
Grabbiest
Grace
Graces
Graced
Gracing
Graceful
Gracefuller
Gracefullest
Gracefully
Gracefulness
Gracefulnesses
Graceless
Gracelessly
Gracelessness
Gracelessnesses
Gracious
Graciously
Graciousness
Graciousnesses
Grackle
Grackles
Grad
Grads
Gradate
Gradated
Gradating
Gradates
Gradation
Gradations
Grade
Grades
Graded
Grading
Grader
Graders
Gradient
Gradients
Gradual
Graduals
Gradualism
Gradualisms
Gradually
Gradualness
Gradualnesses
Graduate
Graduates
Graduated
Graduating
Graduation
Graduations
Graffito
Graffiti
Graft
Grafts
Grafted
Grafting
Grafter
Grafters
Graham
Grain
Grains
Grained
Graining
Graininess
Graininesses
Grainy
Grainier
Grainiest
Gram
Grams
Grammar
Grammars
Grammarian
Grammarians
Grammatical
Grammatically
Gramme
Grammes
Gramophone
Gramophones
Grampus
Grampuses
Granary
Granaries
Grand
Grander
Grandest
Grands
Grandam
Grandams
Grandaunt
Grandaunts
Grandchild
Grandchildren
Granddad
Granddads
Granddaddy
Granddaddies
Granddaughter
Granddaughters
Grandee
Grandees
Grandeur
Grandeurs
Grandfather
Grandfathers
Grandfathered
Grandfathering
Grandfatherly
Grandiloquence
Grandiloquences
Grandiloquent
Grandiose
Grandiosely
Grandiosity
Grandiosities
Grandly
Grandma
Grandmas
Grandmother
Grandmothers
Grandmotherly
Grandnephew
Grandnephews
Grandness
Grandnesses
Grandniece
Grandnieces
Grandpa
Grandpas
Grandparent
Grandparents
Grandson
Grandsons
Grandstand
Grandstands
Grandstanded
Grandstanding
Granduncle
Granduncles
Grange
Granges
Granite
Granites
Granitic
Grannie
Grannies
Granny
Granola
Granolas
Grant
Grants
Granted
Granting
Grantee
Grantees
Granter
Granters
Grantor
Grantors
Grantsmanship
Grantsmanships
Granular
Granularity
Granularities
Granulate
Granulated
Granulating
Granulates
Granulation
Granulations
Granule
Granules
Grape
Grapes
Grapefruit
Grapefruits
Grapeshot
Grapeshots
Grapevine
Grapevines
Graph
Graphs
Graphed
Graphing
Graphic
Graphics
Graphical
Graphically
Graphite
Graphites
Graphologist
Graphologists
Graphology
Graphologies
Grapnel
Grapnels
Grapple
Grapples
Grappled
Grappling
Grasp
Grasps
Grasped
Grasping
Graspable
Grass
Grasses
Grassed
Grassing
Grasshopper
Grasshoppers
Grassland
Grasslands
Grassy
Grassier
Grassiest
Grate
Grates
Grated
Grating
Grateful
Gratefuller
Gratefullest
Gratefully
Gratefulness
Gratefulnesses
Grater
Graters
Gratification
Gratifications
Gratify
Gratified
Gratifying
Gratifies
Gratings
Gratingly
Gratis
Gratitude
Gratitudes
Gratuitous
Gratuitously
Gratuitousness
Gratuitousnesses
Gratuity
Gratuities
Gravamen
Gravamens
Gravamina
Grave
Graver
Gravest
Graves
Graved
Graven
Graving
Gravedigger
Gravediggers
Gravel
Gravels
Graveled
Gravelled
Graveling
Gravelling
Gravelly
Gravely
Graveness
Gravenesses
Graveside
Gravesides
Gravestone
Gravestones
Graveyard
Graveyards
Gravid
Gravimeter
Gravimeters
Gravitate
Gravitated
Gravitating
Gravitates
Gravitation
Gravitations
Gravitational
Gravity
Gravities
Gravy
Gravies
Gray
Grayer
Grayest
Grays
Grayed
Graying
Graybeard
Graybeards
Grayish
Grayness
Graynesses
Graze
Grazes
Grazed
Grazing
Grazer
Grazers
Grease
Greases
Greased
Greasing
Greasepaint
Greasepaints
Greasily
Greasiness
Greasinesses
Greasy
Greasier
Greasiest
Great
Greater
Greatest
Greats
Greatcoat
Greatcoats
Greathearted
Greatly
Greatness
Greatnesses
Grebe
Grebes
Greed
Greeds
Greedily
Greediness
Greedinesses
Greedy
Greedier
Greediest
Green
Greener
Greenest
Greens
Greened
Greening
Greenback
Greenbacks
Greenbelt
Greenbelts
Greenery
Greeneries
Greengage
Greengages
Greengrocer
Greengrocers
Greenhorn
Greenhorns
Greenhouse
Greenhouses
Greenish
Greenly
Greenmail
Greenmails
Greenness
Greennesses
Greenroom
Greenrooms
Greensward
Greenswards
Greenwood
Greenwoods
Greet
Greeted
Greeting
Greets
Greeter
Greeters
Greetings
Gregarious
Gregariously
Gregariousness
Gregariousnesses
Gremlin
Gremlins
Grenade
Grenades
Grenadier
Grenadiers
Grenadine
Grenadines
Grey
Greyer
Greyest
Greys
Greyed
Greying
Greyhound
Greyhounds
Grid
Grids
Griddle
Griddles
Griddled
Griddling
Griddlecake
Griddlecakes
Gridiron
Gridirons
Gridironed
Gridironing
Gridlock
Gridlocks
Gridlocked
Grief
Griefs
Grievance
Grievances
Grieve
Grieved
Grieving
Grieves
Griever
Grievers
Grievous
Grievously
Grievousness
Grievousnesses
Griffin
Griffins
Griffon
Griffons
Grill
Grills
Grilled
Grilling
Grille
Grilles
Grim
Grimmer
Grimmest
Grimace
Grimaces
Grimaced
Grimacing
Grime
Grimes
Grimed
Griming
Griminess
Griminesses
Grimly
Grimness
Grimnesses
Grimy
Grimier
Grimiest
Grin
Grins
Grinned
Grinning
Grind
Grinds
Ground
Grinding
Grinder
Grinders
Grindstone
Grindstones
Gringo
Gringos
Grip
Grips
Gripped
Gript
Gripping
Gripe
Gripes
Griped
Griping
Griper
Gripers
Grippe
Grippes
Gripper
Grippers
Grisliness
Grislinesses
Grisly
Grislier
Grisliest
Grist
Grists
Gristle
Gristles
Gristly
Gristlier
Gristliest
Gristmill
Gristmills
Grit
Grits
Gritted
Gritting
Gritter
Gritters
Grittiness
Grittinesses
Gritty
Grittier
Grittiest
Grizzled
Grizzly
Grizzlier
Grizzliest
Grizzlies
Groan
Groans
Groaned
Groaning
Groat
Groats
Grocer
Grocers
Grocery
Groceries
Grog
Grogs
Groggily
Grogginess
Grogginesses
Groggy
Groggier
Groggiest
Groin
Groins
Groined
Groining
Grommet
Grommets
Grommeted
Grommeting
Groom
Grooms
Groomed
Grooming
Groomer
Groomers
Groomings
Groomsman
Groomsmen
Groove
Grooves
Grooved
Grooving
Groovy
Groovier
Grooviest
Grope
Gropes
Groped
Groping
Groper
Gropers
Grosbeak
Grosbeaks
Grosgrain
Grosgrains
Gross
Grosser
Grossest
Grosses
Grossed
Grossing
Grossly
Grossness
Grossnesses
Grotesque
Grotesquer
Grotesquest
Grotesques
Grotesquely
Grotesqueness
Grotesquenesses
Grotto
Grottoes
Grottos
Grouch
Grouches
Grouched
Grouching
Grouchily
Grouchiness
Grouchinesses
Grouchy
Grouchier
Grouchiest
Grounds
Grounded
Grounding
Groundbreaking
Groundbreakings
Grounder
Grounders
Groundhog
Groundhogs
Groundings
Groundless
Groundlessly
Groundnut
Groundnuts
Groundswell
Groundswells
Groundwater
Groundwaters
Groundwork
Groundworks
Group
Groups
Grouped
Grouping
Grouper
Groupers
Groupie
Groupies
Groupings
Groupware
Groupwares
Grouse
Grouser
Grousest
Grouses
Groused
Grousing
Grousers
Grout
Grouts
Grouted
Grouting
Grove
Groves
Grovel
Groveled
Grovelled
Groveling
Grovelling
Grovels
Groveler
Grovelers
Groveller
Grovellers
Grow
Grew
Grown
Growing
Grows
Grower
Growers
Growl
Growls
Growled
Growling
Growler
Growlers
Grownup
Grownups
Growth
Growths
Grub
Grubs
Grubbed
Grubbing
Grubber
Grubbers
Grubbily
Grubbiness
Grubbinesses
Grubby
Grubbier
Grubbiest
Grubbies
Grubstake
Grubstakes
Grubstaked
Grubstaking
Grudge
Grudges
Grudged
Grudging
Grudgingly
Gruel
Gruels
Grueling
Gruelings
Gruelling
Gruellings
Gruesome
Gruesomer
Gruesomest
Gruesomely
Gruesomeness
Gruesomenesses
Gruff
Gruffer
Gruffest
Gruffly
Gruffness
Gruffnesses
Grumble
Grumbles
Grumbled
Grumbling
Grumbler
Grumblers
Grump
Grumps
Grumped
Grumping
Grumpily
Grumpiness
Grumpinesses
Grumpy
Grumpier
Grumpiest
Grunge
Grunges
Grungy
Grungier
Grungiest
Grunion
Grunions
Grunt
Grunts
Grunted
Grunting
Gryphon
Gryphons
Guacamole
Guacamoles
Guanine
Guanines
Guano
Guanos
Guarani
Guaranis
Guaranies
Guarantee
Guarantees
Guaranteed
Guaranteeing
Guarantor
Guarantors
Guaranty
Guaranties
Guarantied
Guarantying
Guard
Guards
Guarded
Guarding
Guardedly
Guarder
Guarders
Guardhouse
Guardhouses
Guardian
Guardians
Guardianship
Guardianships
Guardrail
Guardrails
Guardroom
Guardrooms
Guardsman
Guardsmen
Guava
Guavas
Gubernatorial
Guerilla
Guerillas
Guerrilla
Guerrillas
Guess
Guesses
Guessed
Guessing
Guesser
Guessers
Guesstimate
Guesstimates
Guesstimated
Guesstimating
Guesswork
Guessworks
Guest
Guests
Guested
Guesting
Guff
Guffs
Guffaw
Guffaws
Guffawed
Guffawing
Guidance
Guidances
Guide
Guides
Guided
Guiding
Guidebook
Guidebooks
Guideline
Guidelines
Guidepost
Guideposts
Guider
Guiders
Guild
Guilds
Guilder
Guilders
Guildhall
Guildhalls
Guile
Guiles
Guileful
Guileless
Guilelessly
Guilelessness
Guilelessnesses
Guillotine
Guillotines
Guillotined
Guillotining
Guilt
Guilts
Guilted
Guilting
Guiltily
Guiltiness
Guiltinesses
Guiltless
Guilty
Guiltier
Guiltiest
Guinea
Guineas
Guise
Guises
Guised
Guising
Guitar
Guitars
Guitarist
Guitarists
Gulag
Gulags
Gulch
Gulches
Gulden
Guldens
Gulf
Gulfs
Gulfed
Gulfing
Gull
Gulls
Gulled
Gulling
Gullet
Gullets
Gulleting
Gulley
Gulleys
Gullibility
Gullibilities
Gullible
Gully
Gullies
Gullied
Gullying
Gulp
Gulps
Gulped
Gulping
Gulper
Gulpers
Gum
Gums
Gummed
Gumming
Gumbo
Gumbos
Gumboil
Gumboils
Gumdrop
Gumdrops
Gummy
Gummier
Gummiest
Gumption
Gumptions
Gumshoe
Gumshoes
Gumshoed
Gumshoeing
Gun
Guns
Gunned
Gunning
Gunboat
Gunboats
Gunfight
Gunfights
Gunfighter
Gunfighters
Gunfire
Gunfires
Gunk
Gunks
Gunky
Gunkier
Gunkiest
Gunman
Gunmen
Gunmetal
Gunmetals
Gunnel
Gunnels
Gunner
Gunners
Gunnery
Gunneries
Gunny
Gunnies
Gunnysack
Gunnysacks
Gunpoint
Gunpoints
Gunpowder
Gunpowders
Gunrunner
Gunrunners
Gunrunning
Gunrunnings
Gunship
Gunships
Gunshot
Gunshots
Gunslinger
Gunslingers
Gunsmith
Gunsmiths
Gunwale
Gunwales
Guppy
Guppies
Gurgle
Gurgles
Gurgled
Gurgling
Gurglings
Gurney
Gurneys
Guru
Gurus
Gush
Gushes
Gushed
Gushing
Gusher
Gushers
Gushy
Gushier
Gushiest
Gusset
Gussets
Gusseted
Gusseting
Gussy
Gussied
Gussying
Gussies
Gust
Gusts
Gusted
Gusting
Gustatory
Gustily
Gusto
Gustoes
Gusty
Gustier
Gustiest
Gut
Guts
Gutted
Gutting
Gutless
Gutlessness
Gutlessnesses
Gutsed
Gutsing
Gutses
Gutsy
Gutsier
Gutsiest
Gutter
Gutters
Guttered
Guttering
Guttersnipe
Guttersnipes
Guttural
Gutturals
Gutty
Guttier
Guttiest
Guy
Guys
Guyed
Guying
Guzzle
Guzzled
Guzzling
Guzzles
Guzzler
Guzzlers
Gym
Gyms
Gymkhana
Gymkhanas
Gymnasium
Gymnasiums
Gymnasia
Gymnast
Gymnasts
Gymnastic
Gymnastically
Gymnastics
Gymnosperm
Gymnosperms
Gynaecology
Gynaecologies
Gynecologic
Gynecological
Gynecologist
Gynecologists
Gynecology
Gynecologies
Gyp
Gyps
Gypped
Gypping
Gypper
Gyppers
Gypster
Gypsters
Gypsum
Gypsums
Gypsy
Gypsies
Gypsied
Gypsying
Gyrate
Gyrated
Gyrating
Gyrates
Gyration
Gyrations
Gyrator
Gyrators
Gyrfalcon
Gyrfalcons
Gyro
Gyros
Gyroscope
Gyroscopes
Gyroscopic
Gyve
Gyves
Gyved
Gyving
Haberdasher
Haberdashers
Haberdashery
Haberdasheries
Habiliment
Habiliments
Habit
Habits
Habited
Habiting
Habitability
Habitabilities
Habitable
Habitat
Habitats
Habitation
Habitations
Habitual
Habitually
Habitualness
Habitualnesses
Habituate
Habituated
Habituating
Habituates
Habituation
Habituations
Habitue
Habitues
Hacienda
Haciendas
Hack
Hacks
Hacked
Hacking
Hacker
Hackers
Hackings
Hackle
Hackles
Hackled
Hackling
Hackney
Hackneys
Hackneyed
Hackneying
Hacksaw
Hacksaws
Hackwork
Hackworks
Haddock
Haddocks
Hadj
Hadjes
Hadji
Hadjis
Haemoglobin
Haemoglobins
Haemophilia
Haemophilias
Haemorrhage
Haemorrhages
Haemorrhaged
Haemorrhaging
Haemorrhoids
Hafnium
Hafniums
Haft
Hafts
Hafted
Hafting
Hag
Hags
Haggard
Haggards
Haggardly
Haggardness
Haggardnesses
Haggis
Haggises
Haggish
Haggle
Haggles
Haggled
Haggling
Haggler
Hagglers
Hagiographer
Hagiographers
Hagiography
Hagiographies
Hah
Hahnium
Hahniums
Haiku
Haikus
Hail
Hails
Hailed
Hailing
Hailstone
Hailstones
Hailstorm
Hailstorms
Hair
Hairs
Hairball
Hairballs
Hairbreadth
Hairbreadths
Hairbrush
Hairbrushes
Haircloth
Haircloths
Haircut
Haircuts
Hairdo
Hairdos
Hairdresser
Hairdressers
Hairdressing
Hairdressings
Hairdryer
Hairdryers
Haired
Hairiness
Hairinesses
Hairless
Hairlike
Hairline
Hairlines
Hairnet
Hairnets
Hairpiece
Hairpieces
Hairpin
Hairpins
Hairsbreadth
Hairsbreadths
Hairsplitter
Hairsplitters
Hairsplitting
Hairsplittings
Hairspring
Hairsprings
Hairstyle
Hairstyles
Hairstylist
Hairstylists
Hairy
Hairier
Hairiest
Hajj
Hajjes
Hajji
Hajjis
Hake
Hakes
Halal
Halals
Halberd
Halberds
Halcyon
Halcyons
Hale
Haler
Halest
Haled
Haling
Hales
Half
Halves
Halfback
Halfbacks
Halfhearted
Halfheartedly
Halfheartedness
Halfheartednesses
Halfpenny
Halfpennies
Halfpence
Halftime
Halftimes
Halftone
Halftones
Halfway
Halfwit
Halfwits
Halibut
Halibuts
Halite
Halites
Halitosis
Halitoses
Hall
Halls
Halleluiah
Halleluiahs
Hallelujah
Hallelujahs
Halliard
Halliards
Hallmark
Hallmarks
Hallmarked
Hallmarking
Hallo
Hallos
Halloed
Halloing
Halloo
Halloos
Hallooed
Hallooing
Hallow
Hallowed
Hallowing
Hallows
Hallucinate
Hallucinated
Hallucinating
Hallucinates
Hallucination
Hallucinations
Hallucinatory
Hallucinogen
Hallucinogens
Hallucinogenic
Hallucinogenics
Hallway
Hallways
Halo
Halos
Haloes
Haloed
Haloing
Halogen
Halogens
Halt
Halts
Halted
Halting
Halter
Halters
Haltered
Haltering
Haltingly
Halve
Halved
Halving
Halyard
Halyards
Ham
Hams
Hammed
Hamming
Hamburg
Hamburgs
Hamburger
Hamburgers
Hamlet
Hamlets
Hammer
Hammers
Hammered
Hammering
Hammerer
Hammerers
Hammerhead
Hammerheads
Hammerlock
Hammerlocks
Hammertoe
Hammertoes
Hammock
Hammocks
Hammy
Hammier
Hammiest
Hamper
Hampers
Hampered
Hampering
Hamster
Hamsters
Hamstring
Hamstrings
Hamstrung
Hamstringing
Hand
Hands
Handed
Handing
Handbag
Handbags
Handball
Handballs
Handbarrow
Handbarrows
Handbill
Handbills
Handbook
Handbooks
Handcar
Handcars
Handcart
Handcarts
Handclasp
Handclasps
Handcraft
Handcrafts
Handcrafted
Handcrafting
Handcuff
Handcuffs
Handcuffed
Handcuffing
Handful
Handfuls
Handsful
Handgun
Handguns
Handhold
Handholds
Handicap
Handicaps
Handicapped
Handicapping
Handicapper
Handicappers
Handicraft
Handicrafts
Handily
Handiness
Handinesses
Handiwork
Handiworks
Handkerchief
Handkerchiefs
Handkerchieves
Handle
Handles
Handled
Handling
Handlebar
Handlebars
Handler
Handlers
Handmade
Handmaid
Handmaids
Handmaiden
Handmaidens
Handout
Handouts
Handpick
Handpicked
Handpicking
Handpicks
Handrail
Handrails
Handsaw
Handsaws
Handset
Handsets
Handsetting
Handshake
Handshakes
Handsome
Handsomer
Handsomest
Handsomely
Handsomeness
Handsomenesses
Handspring
Handsprings
Handstand
Handstands
Handwork
Handworks
Handwoven
Handwriting
Handwritings
Handwritten
Handy
Handier
Handiest
Handyman
Handymen
Hang
Hangs
Hanged
Hung
Hanging
Hangar
Hangars
Hangared
Hangaring
Hangdog
Hangdogs
Hanger
Hangers
Hangings
Hangman
Hangmen
Hangnail
Hangnails
Hangout
Hangouts
Hangover
Hangovers
Hangup
Hangups
Hank
Hanks
Hanked
Hanking
Hanker
Hankered
Hankering
Hankers
Hankerings
Hankie
Hankies
Hanky
Hansom
Hansoms
Hap
Haps
Happed
Happing
Haphazard
Haphazards
Haphazardly
Haphazardness
Haphazardnesses
Hapless
Haplessly
Haplessness
Haplessnesses
Haploid
Haploids
Haply
Happen
Happened
Happening
Happens
Happenings
Happenstance
Happenstances
Happily
Happiness
Happinesses
Happy
Happier
Happiest
Harangue
Harangues
Harangued
Haranguing
Harass
Harassed
Harassing
Harasses
Harasser
Harassers
Harassment
Harassments
Harbinger
Harbingers
Harbingered
Harbingering
Harbor
Harbors
Harbored
Harboring
Harbour
Harbours
Harboured
Harbouring
Hard
Harder
Hardest
Hards
Hardback
Hardbacks
Hardball
Hardballs
Hardboard
Hardboards
Hardbound
Hardcore
Hardcores
Hardcover
Hardcovers
Harden
Hardened
Hardening
Hardens
Hardener
Hardeners
Hardhat
Hardhats
Hardheaded
Hardheadedly
Hardheadedness
Hardheadednesses
Hardhearted
Hardheartedly
Hardheartedness
Hardheartednesses
Hardihood
Hardihoods
Hardily
Hardiness
Hardinesses
Hardline
Hardliner
Hardliners
Hardly
Hardness
Hardnesses
Hardscrabble
Hardship
Hardships
Hardstand
Hardstands
Hardtack
Hardtacks
Hardtop
Hardtops
Hardware
Hardwares
Hardwood
Hardwoods
Hardworking
Hardy
Hardier
Hardiest
Hardies
Hare
Hares
Hared
Haring
Harebell
Harebells
Harebrained
Harelip
Harelips
Harelipped
Harem
Harems
Hark
Harked
Harking
Harks
Harken
Harkened
Harkening
Harkens
Harlequin
Harlequins
Harlot
Harlots
Harlotry
Harlotries
Harm
Harms
Harmed
Harming
Harmful
Harmfully
Harmfulness
Harmfulnesses
Harmless
Harmlessly
Harmlessness
Harmlessnesses
Harmonic
Harmonics
Harmonica
Harmonicas
Harmonically
Harmonious
Harmoniously
Harmoniousness
Harmoniousnesses
Harmonium
Harmoniums
Harmonization
Harmonizations
Harmonize
Harmonized
Harmonizing
Harmonizes
Harmonizer
Harmonizers
Harmony
Harmonies
Harness
Harnesses
Harnessed
Harnessing
Harp
Harps
Harped
Harping
Harpist
Harpists
Harpoon
Harpoons
Harpooned
Harpooning
Harpooner
Harpooners
Harpsichord
Harpsichords
Harpsichordist
Harpsichordists
Harpy
Harpies
Harridan
Harridans
Harrier
Harriers
Harrow
Harrows
Harrowed
Harrowing
Harry
Harried
Harrying
Harries
Harsh
Harsher
Harshest
Harshly
Harshness
Harshnesses
Hart
Harts
Harvest
Harvests
Harvested
Harvesting
Harvester
Harvesters
Hash
Hashes
Hashed
Hashing
Hasheesh
Hasheeshes
Hashish
Hashishes
Hasp
Hasps
Hasped
Hasping
Hassle
Hassles
Hassled
Hassling
Hassock
Hassocks
Haste
Hastes
Hasted
Hasting
Hasten
Hastened
Hastening
Hastens
Hastily
Hastiness
Hastinesses
Hasty
Hastier
Hastiest
Hat
Hats
Hatted
Hatting
Hatbox
Hatboxes
Hatch
Hatches
Hatched
Hatching
Hatchback
Hatchbacks
Hatcheck
Hatchecks
Hatchery
Hatcheries
Hatchet
Hatchets
Hatcheted
Hatcheting
Hatchings
Hatchway
Hatchways
Hate
Hates
Hated
Hating
Hateful
Hatefully
Hatefulness
Hatefulnesses
Hatemonger
Hatemongers
Hater
Haters
Hatred
Hatreds
Hatter
Hatters
Hauberk
Hauberks
Haughtily
Haughtiness
Haughtinesses
Haughty
Haughtier
Haughtiest
Haul
Hauls
Hauled
Hauling
Haulage
Haulages
Hauler
Haulers
Haunch
Haunches
Haunt
Haunts
Haunted
Haunting
Haunter
Haunters
Hauntings
Hauntingly
Hauteur
Hauteurs
Have
Haves
Had
@hadst
Having
Has
@hast
@hath
Haven
Havens
Havened
Havening
Haversack
Haversacks
Havoc
Havocs
Havocked
Havocking
Haw
Haws
Hawed
Hawing
Hawk
Hawks
Hawked
Hawking
Hawker
Hawkers
Hawkish
Hawkishness
Hawkishnesses
Hawser
Hawsers
Hawthorn
Hawthorns
Hay
Hays
Hayed
Haying
Haycock
Haycocks
Hayloft
Haylofts
Haymow
Haymows
Hayrick
Hayricks
Hayride
Hayrides
Hayseed
Hayseeds
Haystack
Haystacks
Haywire
Haywires
Hazard
Hazards
Hazarded
Hazarding
Hazardous
Hazardously
Haze
Hazes
Hazed
Hazing
Hazel
Hazels
Hazelnut
Hazelnuts
Hazer
Hazers
Hazily
Haziness
Hazinesses
Hazings
Hazy
Hazier
Haziest
Hes
Head
Heads
Headed
Heading
Headache
Headaches
Headband
Headbands
Headboard
Headboards
Headdress
Headdresses
Header
Headers
Headfirst
Headgear
Headgears
Headhunt
Headhunted
Headhunting
Headhunts
Headhunter
Headhunters
Headhuntings
Headily
Headiness
Headinesses
Headings
Headlamp
Headlamps
Headland
Headlands
Headless
Headlight
Headlights
Headline
Headlines
Headlined
Headlining
Headliner
Headliners
Headlock
Headlocks
Headlong
Headman
Headmen
Headmaster
Headmasters
Headmistress
Headmistresses
Headphone
Headphones
Headpiece
Headpieces
Headpin
Headpins
Headquarter
Headquartered
Headquartering
Headquarters
Headrest
Headrests
Headroom
Headrooms
Headset
Headsets
Headship
Headships
Headshrinker
Headshrinkers
Headsman
Headsmen
Headstall
Headstalls
Headstand
Headstands
Headstone
Headstones
Headstrong
Headwaiter
Headwaiters
Headwaters
Headway
Headways
Headwind
Headwinds
Headword
Headwords
Heady
Headier
Headiest
Heal
Healed
Healing
Heals
Healer
Healers
Health
Healths
Healthcare
Healthcares
Healthful
Healthfully
Healthfulness
Healthfulnesses
Healthily
Healthiness
Healthinesses
Healthy
Healthier
Healthiest
Heap
Heaps
Heaped
Heaping
Hear
Heard
Hearing
Hears
Hearer
Hearers
Hearings
Hearken
Hearkened
Hearkening
Hearkens
Hearsay
Hearsays
Hearse
Hearses
Heart
Hearts
Heartache
Heartaches
Heartbeat
Heartbeats
Heartbreak
Heartbreaks
Heartbreaking
Heartbroken
Heartburn
Heartburns
Hearten
Heartened
Heartening
Heartens
Heartfelt
Hearth
Hearths
Hearthstone
Hearthstones
Heartily
Heartiness
Heartinesses
Heartland
Heartlands
Heartless
Heartlessly
Heartlessness
Heartlessnesses
Heartrending
Heartrendingly
Heartsick
Heartsickness
Heartsicknesses
Heartstrings
Heartthrob
Heartthrobs
Heartwarming
Heartwood
Heartwoods
Hearty
Heartier
Heartiest
Hearties
Heat
Heats
Heated
Heating
Heatedly
Heater
Heaters
Heath
Heaths
Heathen
Heathens
Heathendom
Heathendoms
Heathenish
Heathenism
Heathenisms
Heather
Heathers
Heatings
Heatproof
Heatproofed
Heatproofing
Heatproofs
Heatstroke
Heatstrokes
Heave
Heaves
Heaved
Hove
Heaving
Heaven
Heavens
Heavenly
Heavenlier
Heavenliest
Heavenward
Heavenwards
Heaver
Heavers
Heavily
Heaviness
Heavinesses
Heavy
Heavier
Heaviest
Heavies
Heavyhearted
Heavyset
Heavyweight
Heavyweights
Heck
Hecks
Heckle
Heckles
Heckled
Heckling
Heckler
Hecklers
Hecklings
Hectare
Hectares
Hectic
Hectically
Hectogram
Hectograms
Hectometer
Hectometers
Hector
Hectors
Hectored
Hectoring
Hedge
Hedges
Hedged
Hedging
Hedgehog
Hedgehogs
Hedgehop
Hedgehopped
Hedgehopping
Hedgehops
Hedger
Hedgers
Hedgerow
Hedgerows
Hedonism
Hedonisms
Hedonist
Hedonists
Hedonistic
Heed
Heeds
Heeded
Heeding
Heedful
Heedfully
Heedless
Heedlessly
Heedlessness
Heedlessnesses
Heehaw
Heehaws
Heehawed
Heehawing
Heel
Heels
Heeled
Heeling
Heelless
Heft
Hefts
Hefted
Hefting
Heftily
Heftiness
Heftinesses
Hefty
Heftier
Heftiest
Hegemony
Hegemonies
Hegira
Hegiras
Heifer
Heifers
Height
Heights
Heighten
Heightened
Heightening
Heightens
Heinous
Heinously
Heinousness
Heinousnesses
Heir
Heirs
Heired
Heiring
Heiress
Heiresses
Heirloom
Heirlooms
Heist
Heists
Heisted
Heisting
Helical
Helicopter
Helicopters
Helicoptered
Helicoptering
Heliocentric
Heliotrope
Heliotropes
Heliport
Heliports
Helium
Heliums
Helix
Helices
Helixes
Hell
Hells
Hellbent
Hellcat
Hellcats
Hellebore
Hellebores
Hellhole
Hellholes
Hellion
Hellions
Hellish
Hellishly
Hellishness
Hellishnesses
Hello
Hellos
Helloed
Helloing
Helluva
Helm
Helms
Helmed
Helming
Helmet
Helmets
Helmeted
Helmsman
Helmsmen
Helot
Helots
Help
Helps
Helped
Helping
Helper
Helpers
Helpful
Helpfully
Helpfulness
Helpfulnesses
Helpings
Helpless
Helplessly
Helplessness
Helplessnesses
Helpmate
Helpmates
Helpmeet
Helpmeets
Helve
Helves
Helved
Helving
Hem
Hems
Hemmed
Hemming
Hematite
Hematites
Hematologic
Hematological
Hematologist
Hematologists
Hematology
Hematologies
Heme
Hemes
Hemisphere
Hemispheres
Hemispheric
Hemispherical
Hemline
Hemlines
Hemlock
Hemlocks
Hemmer
Hemmers
Hemoglobin
Hemoglobins
Hemophilia
Hemophilias
Hemophiliac
Hemophiliacs
Hemorrhage
Hemorrhages
Hemorrhaged
Hemorrhaging
Hemorrhagic
Hemorrhoid
Hemorrhoids
Hemostat
Hemostats
Hemp
Hemps
Hempen
Hemstitch
Hemstitches
Hemstitched
Hemstitching
Hen
Hens
Hence
Henceforth
Henceforward
Henchman
Henchmen
Henna
Hennas
Hennaed
Hennaing
Henpeck
Henpecked
Henpecking
Henpecks
Hep
Hepper
Heppest
Heparin
Heparins
Hepatic
Hepatitis
Hepatitides
Heptagon
Heptagons
Heptagonal
Heptathlon
Heptathlons
Her
Hers
Herald
Heralds
Heralded
Heralding
Heraldic
Heraldry
Heraldries
Herb
Herbs
Herbaceous
Herbage
Herbages
Herbal
Herbals
Herbalist
Herbalists
Herbicidal
Herbicide
Herbicides
Herbivore
Herbivores
Herbivorous
Herculean
Herd
Herds
Herded
Herding
Herder
Herders
Herdsman
Herdsmen
Here
Heres
Hereabout
Hereabouts
Hereafter
Hereafters
Hereby
Hereditary
Heredity
Heredities
Herein
Hereof
Hereon
Heresy
Heresies
Heretic
Heretics
Heretical
Hereto
Heretofore
Hereunto
Hereupon
Herewith
Heritable
Heritage
Heritages
Hermaphrodite
Hermaphrodites
Hermaphroditic
Hermetic
Hermetical
Hermetically
Hermit
Hermits
Hermitage
Hermitages
Hernia
Hernias
Herniae
Hernial
Herniate
Herniated
Herniating
Herniates
Herniation
Herniations
Hero
Heroes
Heros
Heroic
Heroics
Heroically
Heroin
Heroins
Heroine
Heroines
Heroism
Heroisms
Heron
Herons
Herpes
Herpeses
Herpetologist
Herpetologists
Herpetology
Herpetologies
Herring
Herrings
Herringbone
Herringbones
Herself
Hertz
Hertzes
Hesitance
Hesitances
Hesitancy
Hesitancies
Hesitant
Hesitantly
Hesitate
Hesitated
Hesitating
Hesitates
Hesitatingly
Hesitation
Hesitations
Hetero
Heteros
Heterodox
Heterodoxy
Heterodoxies
Heterogeneity
Heterogeneities
Heterogeneous
Heterogeneously
Heterosexual
Heterosexuals
Heterosexuality
Heterosexualities
Heuristic
Heuristics
Heuristically
Hew
Hewed
Hewn
Hewing
Hews
Hewer
Hewers
Hex
Hexes
Hexed
Hexing
Hexadecimal
Hexagon
Hexagons
Hexagonal
Hexagram
Hexagrams
Hexameter
Hexameters
Hey
Heyday
Heydays
Hiatus
Hiatuses
Hibachi
Hibachis
Hibernate
Hibernated
Hibernating
Hibernates
Hibernation
Hibernations
Hibernator
Hibernators
Hibiscus
Hibiscuses
Hiccough
Hiccoughs
Hiccoughed
Hiccoughing
Hiccup
Hiccups
Hiccuped
Hiccupped
Hiccuping
Hiccupping
Hick
Hicks
Hickey
Hickeys
Hickies
Hickory
Hickories
Hide
Hides
Hid
Hidden
Hiding
Hided
Hideaway
Hideaways
Hidebound
Hideous
Hideously
Hideousness
Hideousnesses
Hideout
Hideouts
Hider
Hiders
Hidings
Hie
Hied
Hieing
Hying
Hies
Hierarchic
Hierarchical
Hierarchically
Hierarchy
Hierarchies
Hieroglyph
Hieroglyphs
Hieroglyphic
Hieroglyphics
High
Higher
Highest
Highs
Highball
Highballs
Highballed
Highballing
Highborn
Highboy
Highboys
Highbrow
Highbrows
Highchair
Highchairs
Highfalutin
Highfaluting
Highhanded
Highhandedly
Highhandedness
Highhandednesses
Highjack
Highjacks
Highjacked
Highjacking
Highland
Highlands
Highlander
Highlanders
Highlight
Highlights
Highlighted
Highlighting
Highlighter
Highlighters
Highly
Highness
Highnesses
Highrise
Highrises
Highroad
Highroads
Hightail
Hightailed
Hightailing
Hightails
Highway
Highways
Highwayman
Highwaymen
Hijack
Hijacks
Hijacked
Hijacking
Hijacker
Hijackers
Hijackings
Hike
Hikes
Hiked
Hiking
Hiker
Hikers
Hikings
Hilarious
Hilariously
Hilariousness
Hilariousnesses
Hilarity
Hilarities
Hill
Hills
Hilled
Hilling
Hillbilly
Hillbillies
Hilliness
Hillinesses
Hillock
Hillocks
Hillside
Hillsides
Hilltop
Hilltops
Hilltopped
Hilltopping
Hilly
Hillier
Hilliest
Hilt
Hilts
Hilted
Hilting
Him
Hims
Himself
Hind
Hinds
Hinder
Hindered
Hindering
Hinders
Hindmost
Hindquarter
Hindquarters
Hindrance
Hindrances
Hindsight
Hindsights
Hinge
Hinges
Hinged
Hinging
Hint
Hints
Hinted
Hinting
Hinter
Hinters
Hinterland
Hinterlands
Hip
Hipper
Hippest
Hips
Hipped
Hipping
Hipbone
Hipbones
Hipness
Hipnesses
Hippie
Hippies
Hippo
Hippos
Hippodrome
Hippodromes
Hippopotamus
Hippopotamuses
Hippopotami
Hippy
Hippier
Hippiest
Hipster
Hipsters
Hire
Hires
Hired
Hiring
Hireling
Hirelings
Hirsute
Hirsuteness
Hirsutenesses
His
Hiss
Hisses
Hissed
Hissing
Hist
Histamine
Histamines
Histogram
Histograms
Histologist
Histologists
Histology
Histologies
Historian
Historians
Historic
Historical
Historically
Historicity
Historicities
Historiographer
Historiographers
Historiography
Historiographies
History
Histories
Histrionic
Histrionics
Histrionically
Hit
Hits
Hitting
Hitch
Hitches
Hitched
Hitching
Hitcher
Hitchers
Hitchhike
Hitchhikes
Hitchhiked
Hitchhiking
Hitchhiker
Hitchhikers
Hither
Hitherto
Hitter
Hitters
Hive
Hives
Hived
Hiving
Hmm
Ho's
Hos
Hoagie
Hoagies
Hoagy
Hoard
Hoards
Hoarded
Hoarding
Hoarder
Hoarders
Hoardings
Hoarfrost
Hoarfrosts
Hoariness
Hoarinesses
Hoarse
Hoarser
Hoarsest
Hoarsely
Hoarseness
Hoarsenesses
Hoary
Hoarier
Hoariest
Hoax
Hoaxes
Hoaxed
Hoaxing
Hoaxer
Hoaxers
Hob
Hobs
Hobbed
Hobbing
Hobble
Hobbles
Hobbled
Hobbling
Hobbler
Hobblers
Hobby
Hobbies
Hobbyhorse
Hobbyhorses
Hobbyist
Hobbyists
Hobgoblin
Hobgoblins
Hobnail
Hobnails
Hobnailed
Hobnailing
Hobnob
Hobnobbed
Hobnobbing
Hobnobs
Hobo
Hobos
Hoboes
Hock
Hocks
Hocked
Hocking
Hockey
Hockeys
Hockshop
Hockshops
Hod
Hods
Hodgepodge
Hodgepodges
Hoe
Hoes
Hoed
Hoeing
Hoecake
Hoecakes
Hoedown
Hoedowns
Hoer
Hoers
Hog
Hogs
Hogged
Hogging
Hogan
Hogans
Hogback
Hogbacks
Hoggish
Hoggishly
Hogshead
Hogsheads
Hogtie
Hogtied
Hogtying
Hogtieing
Hogties
Hogwash
Hogwashes
Hoist
Hoists
Hoisted
Hoisting
Hoke
Hoked
Hoking
Hokes
Hokey
Hokier
Hokiest
Hokum
Hokums
Hold
Holds
Held
Holding
Holder
Holders
Holdings
Holdout
Holdouts
Holdover
Holdovers
Holdup
Holdups
Hole
Holes
Holed
Holing
Holey
Holiday
Holidays
Holidayed
Holidaying
Holiness
Holinesses
Holistic
Holistically
Holler
Hollers
Hollered
Hollering
Hollow
Hollower
Hollowest
Hollows
Hollowed
Hollowing
Hollowly
Hollowness
Hollownesses
Holly
Hollies
Hollyhock
Hollyhocks
Holmium
Holmiums
Holocaust
Holocausts
Hologram
Holograms
Holograph
Holographs
Holographed
Holographing
Holographic
Holography
Holographies
Holster
Holsters
Holstered
Holstering
Holy
Holier
Holiest
Holies
Homage
Homages
Hombre
Hombres
Homburg
Homburgs
Home
Homes
Homed
Homing
Homebody
Homebodies
Homeboy
Homeboys
Homecoming
Homecomings
Homegrown
Homeland
Homelands
Homeless
Homelessness
Homelessnesses
Homelike
Homeliness
Homelinesses
Homely
Homelier
Homeliest
Homemade
Homemaker
Homemakers
Homemaking
Homemakings
Homeopath
Homeopaths
Homeopathic
Homeopathy
Homeopathies
Homeostasis
Homeostases
Homeostatic
Homeowner
Homeowners
Homepage
Homepages
Homer
Homers
Homered
Homering
Homeroom
Homerooms
Homeschooling
Homeschoolings
Homesick
Homesickness
Homesicknesses
Homespun
Homespuns
Homestead
Homesteads
Homesteaded
Homesteading
Homesteader
Homesteaders
Homestretch
Homestretches
Hometown
Hometowns
Homeward
Homewards
Homework
Homeworks
Homey
Homier
Homiest
Homeys
Homeyness
Homeynesses
Homicidal
Homicide
Homicides
Homiletic
Homily
Homilies
Hominess
Hominesses
Hominid
Hominids
Hominy
Hominies
Homo
Homos
Homogeneity
Homogeneities
Homogeneous
Homogeneously
Homogenization
Homogenizations
Homogenize
Homogenized
Homogenizing
Homogenizes
Homograph
Homographs
Homologous
Homonym
Homonyms
Homophobia
Homophobias
Homophobic
Homophone
Homophones
Homosexual
Homosexuals
Homosexuality
Homosexualities
Homy
Hon
Hons
Honcho
Honchos
Honchoed
Honchoing
Hone
Hones
Honed
Honing
Honer
Honers
Honest
Honester
Honestest
Honestly
Honesty
Honesties
Honey
Honeys
Honeyed
Honied
Honeying
Honeybee
Honeybees
Honeycomb
Honeycombs
Honeycombed
Honeycombing
Honeydew
Honeydews
Honeylocust
Honeylocusts
Honeymoon
Honeymoons
Honeymooned
Honeymooning
Honeymooner
Honeymooners
Honeysuckle
Honeysuckles
Honk
Honks
Honked
Honking
Honker
Honkers
Honkie
Honkies
Honky
Honor
Honors
Honored
Honoring
Honorable
Honorableness
Honorablenesses
Honorably
Honorarily
Honorarium
Honorariums
Honoraria
Honorary
Honoree
Honorees
Honorer
Honorers
Honorific
Honorifics
Honour
Honours
Honoured
Honouring
Honourable
Hooch
Hooches
Hood
Hoods
Hooded
Hooding
Hoodlum
Hoodlums
Hoodoo
Hoodoos
Hoodooed
Hoodooing
Hoodwink
Hoodwinked
Hoodwinking
Hoodwinks
Hooey
Hooeys
Hoof
Hoofs
Hooves
Hoofed
Hoofing
Hook
Hooks
Hooked
Hooking
Hooka
Hookas
Hookah
Hookahs
Hooker
Hookers
Hookey
Hookeys
Hookup
Hookups
Hookworm
Hookworms
Hooky
Hookier
Hookiest
Hookies
Hooligan
Hooligans
Hooliganism
Hooliganisms
Hoop
Hoops
Hooped
Hooping
Hoopla
Hooplas
Hooray
Hoorays
Hoorayed
Hooraying
Hoosegow
Hoosegows
Hoot
Hoots
Hooted
Hooting
Hootch
Hootches
Hootenanny
Hootenannies
Hooter
Hooters
Hop
Hops
Hopped
Hopping
Hope
Hopes
Hoped
Hoping
Hopeful
Hopefuls
Hopefully
Hopefulness
Hopefulnesses
Hopeless
Hopelessly
Hopelessness
Hopelessnesses
Hopper
Hoppers
Hopscotch
Hopscotches
Hopscotched
Hopscotching
Hora
Horas
Horde
Hordes
Horded
Hording
Horehound
Horehounds
Horizon
Horizons
Horizontal
Horizontals
Horizontally
Hormonal
Hormone
Hormones
Horn
Horns
Horned
Horning
Hornblende
Hornblendes
Hornet
Hornets
Hornless
Hornlike
Hornpipe
Hornpipes
Horny
Hornier
Horniest
Horologic
Horological
Horologist
Horologists
Horology
Horologies
Horoscope
Horoscopes
Horrendous
Horrendously
Horrible
Horribleness
Horriblenesses
Horribly
Horrid
Horrider
Horridest
Horridly
Horrific
Horrifically
Horrify
Horrified
Horrifying
Horrifies
Horror
Horrors
Horse
Horses
Horsed
Horsing
Horseback
Horsebacks
Horseflesh
Horsefly
Horseflies
Horsehair
Horsehairs
Horsehide
Horsehides
Horselaugh
Horselaughs
Horselaughed
Horselaughing
Horseless
Horseman
Horsemen
Horsemanship
Horsemanships
Horseplay
Horseplays
Horsepower
Horseradish
Horseradishes
Horseshoe
Horseshoes
Horseshoed
Horseshoeing
Horsetail
Horsetails
Horsewhip
Horsewhips
Horsewhipped
Horsewhipping
Horsewoman
Horsewomen
Horsey
Horsier
Horsiest
Horsy
Hortatory
Horticultural
Horticulture
Horticultures
Horticulturist
Horticulturists
Hosanna
Hosannas
Hosannaed
Hosannaing
Hose
Hoses
Hosed
Hosing
Hosier
Hosiers
Hosiery
Hosieries
Hospice
Hospices
Hospitable
Hospitably
Hospital
Hospitals
Hospitality
Hospitalities
Hospitalization
Hospitalizations
Hospitalize
Hospitalized
Hospitalizing
Hospitalizes
Host
Hosts
Hosted
Hosting
Hostage
Hostages
Hostaged
Hostaging
Hostel
Hostels
Hosteled
Hostelled
Hosteling
Hostelling
Hosteler
Hostelers
Hostelry
Hostelries
Hostess
Hostesses
Hostessed
Hostessing
Hostile
Hostiles
Hostilely
Hostilities
Hostility
Hostler
Hostlers
Hot
Hotter
Hottest
Hotted
Hotting
Hots
Hotbed
Hotbeds
Hotblooded
Hotbox
Hotboxes
Hotcake
Hotcakes
Hotdog
Hotdogs
Hotdogged
Hotdogging
Hotel
Hotels
Hotelier
Hoteliers
Hotfoot
Hotfoots
Hotfooted
Hotfooting
Hothead
Hotheads
Hotheaded
Hotheadedly
Hotheadedness
Hotheadednesses
Hothouse
Hothouses
Hotline
Hotlines
Hotly
Hotness
Hotnesses
Hotplate
Hotplates
Hotshot
Hotshots
Hotspot
Hotspots
Hound
Hounds
Hounded
Hounding
Hour
Hours
Hourglass
Hourglasses
Houri
Houris
Hourly
House
Houses
Housed
Housing
Houseboat
Houseboats
Housebound
Houseboy
Houseboys
Housebreak
Housebroke
Housebroken
Housebreaking
Housebreaks
Housebreaker
Housebreakers
Housebreakings
Houseclean
Housecleaned
Housecleaning
Housecleans
Housecleanings
Housecoat
Housecoats
Housefly
Houseflies
Houseful
Housefuls
Household
Households
Householder
Householders
Househusband
Househusbands
Housekeeper
Housekeepers
Housekeeping
Housekeepings
Houselights
Housemaid
Housemaids
Houseman
Housemen
Housemother
Housemothers
Houseparent
Houseparents
Houseplant
Houseplants
Housetop
Housetops
Housewares
Housewarming
Housewarmings
Housewife
Housewives
Housewifely
Housework
Houseworks
Housings
Hovel
Hovels
Hoveled
Hovelled
Hoveling
Hovelling
Hover
Hovers
Hovered
Hovering
Hovercraft
Hovercrafts
How
Hows
Howbeit
Howdah
Howdahs
Howdy
Howdies
However
Howitzer
Howitzers
Howl
Howls
Howled
Howling
Howler
Howlers
Howsoever
Hoyden
Hoydens
Hoydenish
Huarache
Huaraches
Hub
Hubs
Hubbed
Hubbing
Hubbub
Hubbubs
Hubby
Hubbies
Hubcap
Hubcaps
Hubris
Hubrises
Huckleberry
Huckleberries
Huckster
Hucksters
Huckstered
Huckstering
Hucksterism
Hucksterisms
Huddle
Huddles
Huddled
Huddling
Hue
Hues
Hued
Huff
Huffs
Huffed
Huffing
Huffily
Huffiness
Huffinesses
Huffy
Huffier
Huffiest
Hug
Hugs
Hugged
Hugging
Huge
Huger
Hugest
Hugely
Hugeness
Hugenesses
Huh
Hula
Hulas
Hulk
Hulks
Hulked
Hulking
Hull
Hulls
Hulled
Hulling
Hullabaloo
Hullabaloos
Huller
Hullers
Hullo
Hullos
Hulloed
Hulloing
Hum
Hums
Hummed
Humming
Human
Humans
Humane
Humaner
Humanest
Humanely
Humaneness
Humanenesses
Humanism
Humanisms
Humanist
Humanists
Humanistic
Humanitarian
Humanitarians
Humanitarianism
Humanitarianisms
Humanities
Humanity
Humanization
Humanizations
Humanize
Humanized
Humanizing
Humanizes
Humanizer
Humanizers
Humankind
Humanly
Humanness
Humannesses
Humanoid
Humanoids
Humble
Humbler
Humblest
Humbled
Humbling
Humbles
Humbleness
Humblenesses
Humblers
Humbly
Humbug
Humbugs
Humbugged
Humbugging
Humdinger
Humdingers
Humdrum
Humdrums
Humeral
Humerus
Humeri
Humid
Humider
Humidest
Humidification
Humidifications
Humidifier
Humidifiers
Humidify
Humidified
Humidifying
Humidifies
Humidity
Humidities
Humidly
Humidor
Humidors
Humiliate
Humiliated
Humiliating
Humiliates
Humiliatingly
Humiliation
Humiliations
Humility
Humilities
Hummer
Hummers
Hummingbird
Hummingbirds
Hummock
Hummocks
Hummocky
Hummus
Hummuses
Humongous
Humor
Humors
Humored
Humoring
Humorist
Humorists
Humorless
Humorlessly
Humorlessness
Humorlessnesses
Humorous
Humorously
Humorousness
Humorousnesses
Humour
Humours
Humoured
Humouring
Hump
Humps
Humped
Humping
Humpback
Humpbacks
Humpbacked
Humph
Humphed
Humphing
Humphs
Humungous
Humus
Humuses
Hunch
Hunches
Hunched
Hunching
Hunchback
Hunchbacks
Hunchbacked
Hundred
Hundreds
Hundredfold
Hundredth
Hundredths
Hundredweight
Hundredweights
Hunger
Hungers
Hungered
Hungering
Hungover
Hungrily
Hungriness
Hungrinesses
Hungry
Hungrier
Hungriest
Hunk
Hunks
Hunker
Hunkered
Hunkering
Hunkers
Hunky
Hunkier
Hunkiest
Hunkies
Hunt
Hunts
Hunted
Hunting
Hunter
Hunters
Huntings
Huntress
Huntresses
Huntsman
Huntsmen
Hurdle
Hurdles
Hurdled
Hurdling
Hurdler
Hurdlers
Hurdlings
Hurl
Hurls
Hurled
Hurling
Hurler
Hurlers
Hurlings
Hurrah
Hurrahs
Hurrahed
Hurrahing
Hurray
Hurrays
Hurrayed
Hurraying
Hurricane
Hurricanes
Hurriedly
Hurry
Hurries
Hurried
Hurrying
Hurt
Hurts
Hurting
Hurtful
Hurtfully
Hurtfulness
Hurtfulnesses
Hurtle
Hurtled
Hurtling
Hurtles
Husband
Husbands
Husbanded
Husbanding
Husbandman
Husbandmen
Husbandry
Husbandries
Hush
Hushes
Hushed
Hushing
Husk
Husks
Husked
Husking
Husker
Huskers
Huskily
Huskiness
Huskinesses
Husky
Huskier
Huskiest
Huskies
Hussar
Hussars
Hussy
Hussies
Hustings
Hustle
Hustles
Hustled
Hustling
Hustler
Hustlers
Hut
Huts
Hutted
Hutting
Hutch
Hutches
Hutzpa
Hutzpas
Hutzpah
Hutzpahs
Huzza
Huzzas
Huzzaed
Huzzaing
Huzzah
Huzzahs
Huzzahed
Huzzahing
Hyacinth
Hyacinths
Hyaena
Hyaenas
Hybrid
Hybrids
Hybridism
Hybridisms
Hybridization
Hybridizations
Hybridize
Hybridized
Hybridizing
Hybridizes
Hydra
Hydras
Hydrae
Hydrangea
Hydrangeas
Hydrant
Hydrants
Hydrate
Hydrates
Hydrated
Hydrating
Hydration
Hydrations
Hydraulic
Hydraulically
Hydraulics
Hydro
Hydros
Hydrocarbon
Hydrocarbons
Hydrocephalus
Hydrocephali
Hydrocephaluses
Hydrocephaly
Hydrocephalies
Hydrodynamic
Hydrodynamics
Hydroelectric
Hydroelectrically
Hydroelectricity
Hydroelectricities
Hydrofoil
Hydrofoils
Hydrogen
Hydrogens
Hydrogenate
Hydrogenated
Hydrogenating
Hydrogenates
Hydrogenation
Hydrogenations
Hydrogenous
Hydrologist
Hydrologists
Hydrology
Hydrologies
Hydrolysis
Hydrolyses
Hydrolyze
Hydrolyzed
Hydrolyzing
Hydrolyzes
Hydrometer
Hydrometers
Hydrometry
Hydrometries
Hydrophobia
Hydrophobias
Hydrophobic
Hydrophone
Hydrophones
Hydroplane
Hydroplanes
Hydroplaned
Hydroplaning
Hydroponic
Hydroponically
Hydroponics
Hydrosphere
Hydrospheres
Hydrotherapy
Hydrotherapies
Hydrous
Hydroxide
Hydroxides
Hyena
Hyenas
Hygiene
Hygienes
Hygienic
Hygienically
Hygienist
Hygienists
Hygrometer
Hygrometers
Hymen
Hymens
Hymeneal
Hymeneals
Hymn
Hymns
Hymned
Hymning
Hymnal
Hymnals
Hymnbook
Hymnbooks
Hype
Hypes
Hyped
Hyping
Hyper
Hypers
Hyperactive
Hyperactivity
Hyperactivities
Hyperbola
Hyperbolas
Hyperbolae
Hyperbole
Hyperboles
Hyperbolic
Hypercritical
Hypercritically
Hyperglycemia
Hyperglycemias
Hyperlink
Hyperlinks
Hypermedia
Hypermedias
Hypersensitive
Hypersensitiveness
Hypersensitivenesses
Hypersensitivity
Hypersensitivities
Hypertension
Hypertensions
Hypertensive
Hypertensives
Hypertext
Hypertexts
Hyperthyroid
Hyperthyroids
Hyperthyroidism
Hyperthyroidisms
Hypertrophy
Hypertrophies
Hypertrophied
Hypertrophying
Hyperventilate
Hyperventilated
Hyperventilating
Hyperventilates
Hyperventilation
Hyperventilations
Hyphen
Hyphens
Hyphened
Hyphening
Hyphenate
Hyphenates
Hyphenated
Hyphenating
Hyphenation
Hyphenations
Hypnosis
Hypnoses
Hypnotherapy
Hypnotherapies
Hypnotic
Hypnotics
Hypnotically
Hypnotism
Hypnotisms
Hypnotist
Hypnotists
Hypnotize
Hypnotized
Hypnotizing
Hypnotizes
Hypo
Hypos
Hypoed
Hypoing
Hypoallergenic
Hypochondria
Hypochondrias
Hypochondriac
Hypochondriacs
Hypocrisy
Hypocrisies
Hypocrite
Hypocrites
Hypocritical
Hypocritically
Hypodermic
Hypodermics
Hypoglycemia
Hypoglycemias
Hypoglycemic
Hypoglycemics
Hypotenuse
Hypotenuses
Hypothalamus
Hypothalami
Hypothermia
Hypothermias
Hypothesis
Hypotheses
Hypothesize
Hypothesized
Hypothesizing
Hypothesizes
Hypothetical
Hypothetically
Hypothyroid
Hypothyroids
Hypothyroidism
Hypothyroidisms
Hyssop
Hyssops
Hysterectomy
Hysterectomies
Hysteria
Hysterias
Hysteric
Hysterics
Hysterical
Hysterically
Iamb
Iambs
Iambic
Iambics
Iambus
Iambuses
Iambi
Ibex
Ibexes
Ibices
Ibidem
Ibis
Ibises
Ibuprofen
Ibuprofens
Ice
Ices
Iced
Icing
Iceberg
Icebergs
Iceboat
Iceboats
Icebound
Icebox
Iceboxes
Icebreaker
Icebreakers
Icecap
Icecaps
Iceman
Icemen
Ichthyologist
Ichthyologists
Ichthyology
Ichthyologies
Icicle
Icicles
Icily
Iciness
Icinesses
Icings
Icky
Ickier
Ickiest
Icon
Icons
Iconic
Iconoclasm
Iconoclasms
Iconoclast
Iconoclasts
Iconoclastic
Iconography
Iconographies
Ictus
Ictuses
Icy
Icier
Iciest
Ids
Idea
Ideas
Ideal
Ideals
Idealism
Idealisms
Idealist
Idealists
Idealistic
Idealistically
Idealization
Idealizations
Idealize
Idealized
Idealizing
Idealizes
Ideally
Idem
Identical
Identically
Identifiable
Identification
Identifications
Identify
Identified
Identifying
Identifies
Identity
Identities
Ideogram
Ideograms
Ideograph
Ideographs
Ideological
Ideologically
Ideologist
Ideologists
Ideologue
Ideologues
Ideology
Ideologies
Ides
Idiocy
Idiocies
Idiom
Idioms
Idiomatic
Idiomatically
Idiopathic
Idiosyncrasy
Idiosyncrasies
Idiosyncratic
Idiosyncratically
Idiot
Idiots
Idiotic
Idiotically
Idle
Idler
Idlest
Idles
Idled
Idling
Idleness
Idlenesses
Idlers
Idly
Idol
Idols
Idolater
Idolaters
Idolatress
Idolatresses
Idolatrous
Idolatry
Idolatries
Idolization
Idolizations
Idolize
Idolized
Idolizing
Idolizes
Idyl
Idyls
Idyll
Idylls
Idyllic
Idyllically
Ifs
Iffiness
Iffinesses
Iffy
Iffier
Iffiest
Igloo
Igloos
Igneous
Ignitable
Ignite
Ignited
Igniting
Ignites
Ignitible
Ignition
Ignitions
Ignoble
Ignobler
Ignoblest
Ignobly
Ignominious
Ignominiously
Ignominy
Ignominies
Ignoramus
Ignoramuses
Ignorance
Ignorances
Ignorant
Ignorantly
Ignore
Ignored
Ignoring
Ignores
Iguana
Iguanas
Ikon
Ikons
Ileitis
Ileitides
Ileum
Ilea
Ilium
Ilia
Ilk
Ilks
Ill
Iller
Illest
Ills
Illegal
Illegals
Illegality
Illegalities
Illegally
Illegibility
Illegibilities
Illegible
Illegibly
Illegitimacy
Illegitimacies
Illegitimate
Illegitimates
Illegitimated
Illegitimating
Illegitimately
Illiberal
Illiberality
Illiberalities
Illiberally
Illicit
Illicitly
Illicitness
Illicitnesses
Illimitable
Illiteracy
Illiteracies
Illiterate
Illiterates
Illiterately
Illness
Illnesses
Illogical
Illogicality
Illogicalities
Illogically
Illuminable
Illuminate
Illuminates
Illuminated
Illuminating
Illuminatingly
Illumination
Illuminations
Illumine
Illumined
Illumining
Illumines
Illusion
Illusions
Illusionist
Illusionists
Illusive
Illusory
Illustrate
Illustrated
Illustrating
Illustrates
Illustration
Illustrations
Illustrative
Illustratively
Illustrator
Illustrators
Illustrious
Illustriously
Illustriousness
Illustriousnesses
Image
Images
Imaged
Imaging
Imagery
Imageries
Imaginable
Imaginably
Imaginary
Imaginaries
Imagination
Imaginations
Imaginative
Imaginatively
Imagine
Imagined
Imagining
Imagines
Imago
Imagoes
Imam
Imams
Imbalance
Imbalances
Imbecile
Imbeciles
Imbecilic
Imbecility
Imbecilities
Imbed
Imbedded
Imbedding
Imbeds
Imbibe
Imbibed
Imbibing
Imbibes
Imbiber
Imbibers
Imbrication
Imbrications
Imbroglio
Imbroglios
Imbue
Imbued
Imbuing
Imbues
Imitable
Imitate
Imitated
Imitating
Imitates
Imitation
Imitations
Imitative
Imitatively
Imitativeness
Imitativenesses
Imitator
Imitators
Immaculate
Immaculately
Immaculateness
Immaculatenesses
Immanence
Immanences
Immanency
Immanencies
Immanent
Immanently
Immaterial
Immateriality
Immaterialities
Immaterially
Immaterialness
Immaterialnesses
Immature
Immaturely
Immaturity
Immaturities
Immeasurable
Immeasurably
Immediacies
Immediacy
Immediate
Immediately
Immediateness
Immediatenesses
Immemorial
Immemorially
Immense
Immenser
Immensest
Immensely
Immensity
Immensities
Immerse
Immersed
Immersing
Immerses
Immersible
Immersion
Immersions
Immigrant
Immigrants
Immigrate
Immigrated
Immigrating
Immigrates
Immigration
Immigrations
Imminence
Imminences
Imminent
Imminently
Immobile
Immobility
Immobilities
Immobilization
Immobilizations
Immobilize
Immobilized
Immobilizing
Immobilizes
Immoderate
Immoderately
Immodest
Immodestly
Immodesty
Immodesties
Immolate
Immolated
Immolating
Immolates
Immolation
Immolations
Immoral
Immorality
Immoralities
Immorally
Immortal
Immortals
Immortality
Immortalities
Immortalize
Immortalized
Immortalizing
Immortalizes
Immortally
Immovability
Immovabilities
Immovable
Immovables
Immovably
Immune
Immunes
Immunity
Immunities
Immunization
Immunizations
Immunize
Immunized
Immunizing
Immunizes
Immunodeficiency
Immunodeficiencies
Immunodeficient
Immunologic
Immunological
Immunologist
Immunologists
Immunology
Immunologies
Immure
Immured
Immuring
Immures
Immutability
Immutabilities
Immutable
Immutably
Imp
Imps
Imped
Imping
Impact
Impacts
Impacted
Impacting
Impair
Impaired
Impairing
Impairs
Impairment
Impairments
Impala
Impalas
Impale
Impaled
Impaling
Impales
Impalement
Impalements
Impalpable
Impalpably
Impanel
Impaneled
Impanelled
Impaneling
Impanelling
Impanels
Impart
Imparted
Imparting
Imparts
Impartial
Impartiality
Impartialities
Impartially
Impassable
Impassably
Impasse
Impasses
Impassibility
Impassibilities
Impassible
Impassibly
Impassioned
Impassive
Impassively
Impassiveness
Impassivenesses
Impassivity
Impassivities
Impasto
Impastos
Impatience
Impatiences
Impatiens
Impatienses
Impatient
Impatiently
Impeach
Impeached
Impeaching
Impeaches
Impeachable
Impeacher
Impeachers
Impeachment
Impeachments
Impeccability
Impeccabilities
Impeccable
Impeccably
Impecunious
Impecuniously
Impecuniousness
Impecuniousnesses
Impedance
Impedances
Impede
Impeded
Impeding
Impedes
Impediment
Impediments
Impedimenta
Impel
Impelled
Impelling
Impels
Impeller
Impellers
Impend
Impended
Impending
Impends
Impenetrability
Impenetrabilities
Impenetrable
Impenetrably
Impenitence
Impenitences
Impenitent
Impenitently
Imperative
Imperatives
Imperatively
Imperceptibility
Imperceptibilities
Imperceptible
Imperceptibly
Imperceptive
Imperfect
Imperfects
Imperfection
Imperfections
Imperfectly
Imperfectness
Imperfectnesses
Imperial
Imperials
Imperialism
Imperialisms
Imperialist
Imperialists
Imperialistic
Imperialistically
Imperially
Imperil
Imperiled
Imperilled
Imperiling
Imperilling
Imperils
Imperilment
Imperilments
Imperious
Imperiously
Imperiousness
Imperiousnesses
Imperishable
Imperishably
Impermanence
Impermanences
Impermanent
Impermanently
Impermeability
Impermeabilities
Impermeable
Impermeably
Impermissible
Impersonal
Impersonally
Impersonate
Impersonated
Impersonating
Impersonates
Impersonation
Impersonations
Impersonator
Impersonators
Impertinence
Impertinences
Impertinent
Impertinently
Imperturbability
Imperturbabilities
Imperturbable
Imperturbably
Impervious
Imperviously
Impetigo
Impetigos
Impetuosity
Impetuosities
Impetuous
Impetuously
Impetuousness
Impetuousnesses
Impetus
Impetuses
Impiety
Impieties
Impinge
Impinged
Impinging
Impinges
Impingement
Impingements
Impious
Impiously
Impiousness
Impiousnesses
Impish
Impishly
Impishness
Impishnesses
Implacability
Implacabilities
Implacable
Implacably
Implant
Implants
Implanted
Implanting
Implantable
Implantation
Implantations
Implausibility
Implausibilities
Implausible
Implausibly
Implement
Implements
Implemented
Implementing
Implementation
Implementations
Implicate
Implicated
Implicating
Implicates
Implication
Implications
Implicit
Implicitly
Implicitness
Implicitnesses
Implode
Imploded
Imploding
Implodes
Implore
Implored
Imploring
Implores
Imploringly
Implosion
Implosions
Implosive
Implosives
Imply
Implied
Implying
Implies
Impolite
Impoliter
Impolitest
Impolitely
Impoliteness
Impolitenesses
Impolitic
Imponderable
Imponderables
Import
Imports
Imported
Importing
Importable
Importance
Importances
Important
Importantly
Importation
Importations
Importer
Importers
Importunate
Importunately
Importune
Importuned
Importuning
Importunes
Importunity
Importunities
Impose
Imposed
Imposing
Imposes
Imposer
Imposers
Imposingly
Imposition
Impositions
Impossibility
Impossibilities
Impossible
Impossibly
Impost
Imposts
Imposted
Imposting
Imposter
Imposters
Impostor
Impostors
Imposture
Impostures
Impotence
Impotences
Impotency
Impotencies
Impotent
Impotents
Impotently
Impound
Impounded
Impounding
Impounds
Impoverish
Impoverished
Impoverishing
Impoverishes
Impoverishment
Impoverishments
Impracticable
Impracticably
Impractical
Impracticality
Impracticalities
Impractically
Imprecate
Imprecated
Imprecating
Imprecates
Imprecation
Imprecations
Imprecise
Imprecisely
Impreciseness
Imprecisenesses
Imprecision
Imprecisions
Impregnability
Impregnabilities
Impregnable
Impregnably
Impregnate
Impregnated
Impregnating
Impregnates
Impregnation
Impregnations
Impresario
Impresarios
Impress
Impresses
Impressed
Impressing
Impressibility
Impressibilities
Impressible
Impression
Impressions
Impressionability
Impressionabilities
Impressionable
Impressionism
Impressionisms
Impressionist
Impressionists
Impressionistic
Impressive
Impressively
Impressiveness
Impressivenesses
Imprimatur
Imprimaturs
Imprint
Imprints
Imprinted
Imprinting
Imprinter
Imprinters
Imprison
Imprisoned
Imprisoning
Imprisons
Imprisonment
Imprisonments
Improbability
Improbabilities
Improbable
Improbably
Impromptu
Impromptus
Improper
Improperly
Impropriety
Improprieties
Improvable
Improve
Improved
Improving
Improves
Improvement
Improvements
Improvidence
Improvidences
Improvident
Improvidently
Improvisation
Improvisations
Improvisational
Improvise
Improvised
Improvising
Improvises
Improviser
Improvisers
Improvisor
Improvisors
Imprudence
Imprudences
Imprudent
Imprudently
Impudence
Impudences
Impudent
Impudently
Impugn
Impugned
Impugning
Impugns
Impugner
Impugners
Impulse
Impulses
Impulsed
Impulsing
Impulsion
Impulsions
Impulsive
Impulsively
Impulsiveness
Impulsivenesses
Impunity
Impunities
Impure
Impurer
Impurest
Impurely
Impurity
Impurities
Imputable
Imputation
Imputations
Impute
Imputed
Imputing
Imputes
Ins
Inability
Inabilities
Inaccessibility
Inaccessibilities
Inaccessible
Inaccessibly
Inaccuracy
Inaccuracies
Inaccurate
Inaccurately
Inaction
Inactions
Inactivate
Inactivated
Inactivating
Inactivates
Inactivation
Inactivations
Inactive
Inactively
Inactivity
Inactivities
Inadequacy
Inadequacies
Inadequate
Inadequately
Inadmissibility
Inadmissibilities
Inadmissible
Inadvertence
Inadvertences
Inadvertent
Inadvertently
Inadvisability
Inadvisabilities
Inadvisable
Inalienability
Inalienabilities
Inalienable
Inalienably
Inamorata
Inamoratas
Inane
Inaner
Inanest
Inanes
Inanely
Inanimate
Inanimately
Inanimateness
Inanimatenesses
Inanity
Inanities
Inapplicable
Inappreciable
Inappreciably
Inapproachable
Inappropriate
Inappropriately
Inappropriateness
Inappropriatenesses
Inapt
Inaptly
Inaptness
Inaptnesses
Inarguable
Inarticulate
Inarticulately
Inarticulateness
Inarticulatenesses
Inartistic
Inattention
Inattentions
Inattentive
Inattentively
Inattentiveness
Inattentivenesses
Inaudibility
Inaudibilities
Inaudible
Inaudibly
Inaugural
Inaugurals
Inaugurate
Inaugurated
Inaugurating
Inaugurates
Inauguration
Inaugurations
Inauspicious
Inauspiciously
Inauthentic
Inboard
Inboards
Inborn
Inbound
Inbounded
Inbounding
Inbounds
Inbred
Inbreed
Inbreeding
Inbreeds
Inbreedings
Incalculable
Incalculably
Incandescence
Incandescences
Incandescent
Incandescently
Incantation
Incantations
Incapability
Incapabilities
Incapable
Incapables
Incapably
Incapacitate
Incapacitated
Incapacitating
Incapacitates
Incapacity
Incapacities
Incarcerate
Incarcerated
Incarcerating
Incarcerates
Incarceration
Incarcerations
Incarnadine
Incarnadined
Incarnadining
Incarnadines
Incarnate
Incarnated
Incarnating
Incarnates
Incarnation
Incarnations
Incautious
Incendiary
Incendiaries
Incense
Incenses
Incensed
Incensing
Incentive
Incentives
Inception
Inceptions
Incertitude
Incertitudes
Incessant
Incessantly
Incest
Incests
Incestuous
Incestuously
Incestuousness
Incestuousnesses
Inch
Inches
Inched
Inching
Inchoate
Inchworm
Inchworms
Incidence
Incidences
Incident
Incidents
Incidental
Incidentals
Incidentally
Incinerate
Incinerated
Incinerating
Incinerates
Incineration
Incinerations
Incinerator
Incinerators
Incipience
Incipiences
Incipient
Incipiently
Incise
Incised
Incising
Incises
Incision
Incisions
Incisive
Incisively
Incisiveness
Incisivenesses
Incisor
Incisors
Incite
Incited
Inciting
Incites
Incitement
Incitements
Inciter
Inciters
Incivility
Incivilities
Inclemency
Inclemencies
Inclement
Inclination
Inclinations
Incline
Inclines
Inclined
Inclining
Inclose
Inclosed
Inclosing
Incloses
Inclosure
Inclosures
Include
Included
Including
Includes
Inclusion
Inclusions
Inclusive
Inclusively
Inclusiveness
Inclusivenesses
Incognito
Incognitos
Incoherence
Incoherences
Incoherent
Incoherently
Incombustible
Incombustibles
Income
Incomes
Incoming
Incomings
Incommensurate
Incommensurately
Incommode
Incommoded
Incommoding
Incommodes
Incommodious
Incommunicable
Incommunicado
Incomparable
Incomparably
Incompatibility
Incompatibilities
Incompatible
Incompatibles
Incompatibly
Incompetence
Incompetences
Incompetency
Incompetencies
Incompetent
Incompetents
Incompetently
Incomplete
Incompletely
Incompleteness
Incompletenesses
Incomprehensibility
Incomprehensibilities
Incomprehensible
Incomprehensibly
Incomprehension
Incomprehensions
Inconceivability
Inconceivabilities
Inconceivable
Inconceivably
Inconclusive
Inconclusively
Inconclusiveness
Inconclusivenesses
Incongruity
Incongruities
Incongruous
Incongruously
Incongruousness
Incongruousnesses
Inconsequential
Inconsequentially
Inconsiderable
Inconsiderate
Inconsiderately
Inconsiderateness
Inconsideratenesses
Inconsideration
Inconsiderations
Inconsistency
Inconsistencies
Inconsistent
Inconsistently
Inconsolable
Inconsolably
Inconspicuous
Inconspicuously
Inconspicuousness
Inconspicuousnesses
Inconstancy
Inconstancies
Inconstant
Inconstantly
Incontestability
Incontestabilities
Incontestable
Incontestably
Incontinence
Incontinences
Incontinent
Incontrovertible
Incontrovertibly
Inconvenience
Inconveniences
Inconvenienced
Inconveniencing
Inconvenient
Inconveniently
Incorporate
Incorporated
Incorporating
Incorporates
Incorporation
Incorporations
Incorporeal
Incorrect
Incorrectly
Incorrectness
Incorrectnesses
Incorrigibility
Incorrigibilities
Incorrigible
Incorrigibles
Incorrigibly
Incorruptibility
Incorruptibilities
Incorruptible
Incorruptibly
Increase
Increases
Increased
Increasing
Increasingly
Incredibility
Incredibilities
Incredible
Incredibly
Incredulity
Incredulities
Incredulous
Incredulously
Increment
Increments
Incremental
Incriminate
Incriminated
Incriminating
Incriminates
Incrimination
Incriminations
Incriminatory
Incrust
Incrusted
Incrusting
Incrusts
Incrustation
Incrustations
Incubate
Incubated
Incubating
Incubates
Incubation
Incubations
Incubator
Incubators
Incubus
Incubuses
Incubi
Inculcate
Inculcated
Inculcating
Inculcates
Inculcation
Inculcations
Inculpable
Inculpate
Inculpated
Inculpating
Inculpates
Incumbency
Incumbencies
Incumbent
Incumbents
Incumber
Incumbered
Incumbering
Incumbers
Incunabulum
Incunabula
Incur
Incurred
Incurring
Incurs
Incurable
Incurables
Incurably
Incurious
Incursion
Incursions
Indebted
Indebtedness
Indebtednesses
Indecency
Indecencies
Indecent
Indecenter
Indecentest
Indecently
Indecipherable
Indecision
Indecisions
Indecisive
Indecisively
Indecisiveness
Indecisivenesses
Indecorous
Indecorously
Indeed
Indefatigable
Indefatigably
Indefeasible
Indefeasibly
Indefensible
Indefensibly
Indefinable
Indefinables
Indefinably
Indefinite
Indefinitely
Indefiniteness
Indefinitenesses
Indelible
Indelibly
Indelicacy
Indelicacies
Indelicate
Indelicately
Indemnification
Indemnifications
Indemnify
Indemnified
Indemnifying
Indemnifies
Indemnity
Indemnities
Indemonstrable
Indent
Indents
Indented
Indenting
Indentation
Indentations
Indention
Indentions
Indenture
Indentures
Indentured
Indenturing
Independence
Independences
Independent
Independents
Independently
Indescribable
Indescribably
Indestructibility
Indestructibilities
Indestructible
Indestructibly
Indeterminable
Indeterminably
Indeterminacy
Indeterminacies
Indeterminate
Indeterminately
Index
Indexes
Indices
Indexed
Indexing
Indexation
Indexations
Indexer
Indexers
Indicate
Indicated
Indicating
Indicates
Indication
Indications
Indicative
Indicatives
Indicatively
Indicator
Indicators
Indict
Indicted
Indicting
Indicts
Indictable
Indictment
Indictments
Indifference
Indifferences
Indifferent
Indifferently
Indigence
Indigences
Indigenous
Indigent
Indigents
Indigently
Indigestible
Indigestion
Indigestions
Indignant
Indignantly
Indignation
Indignations
Indignity
Indignities
Indigo
Indigos
Indigoes
Indirect
Indirected
Indirecting
Indirects
Indirection
Indirections
Indirectly
Indirectness
Indirectnesses
Indiscernible
Indiscreet
Indiscreetly
Indiscretion
Indiscretions
Indiscriminate
Indiscriminately
Indispensability
Indispensabilities
Indispensable
Indispensables
Indispensably
Indisposed
Indisposition
Indispositions
Indisputable
Indisputably
Indissoluble
Indissolubly
Indistinct
Indistinctly
Indistinctness
Indistinctnesses
Indistinguishable
Indistinguishably
Indite
Indited
Inditing
Indites
Indium
Indiums
Individual
Individuals
Individualism
Individualisms
Individualist
Individualists
Individualistic
Individualistically
Individuality
Individualities
Individualization
Individualizations
Individualize
Individualized
Individualizing
Individualizes
Individually
Individuate
Individuated
Individuating
Individuates
Individuation
Individuations
Indivisibility
Indivisibilities
Indivisible
Indivisibles
Indivisibly
Indoctrinate
Indoctrinated
Indoctrinating
Indoctrinates
Indoctrination
Indoctrinations
Indolence
Indolences
Indolent
Indolently
Indomitable
Indomitably
Indoor
Indoors
Indorse
Indorsed
Indorsing
Indorses
Indubitable
Indubitably
Induce
Induced
Inducing
Induces
Inducement
Inducements
Inducer
Inducers
Induct
Inducted
Inducting
Inducts
Inductance
Inductances
Inductee
Inductees
Induction
Inductions
Inductive
Indue
Indued
Induing
Indues
Indulge
Indulged
Indulging
Indulges
Indulgence
Indulgences
Indulgenced
Indulgencing
Indulgent
Indulgently
Industrial
Industrials
Industrialism
Industrialisms
Industrialist
Industrialists
Industrialization
Industrializations
Industrialize
Industrialized
Industrializing
Industrializes
Industrially
Industrious
Industriously
Industriousness
Industriousnesses
Industry
Industries
Indwell
Indwelt
Indwelled
Indwelling
Indwells
Inebriate
Inebriates
Inebriated
Inebriating
Inebriation
Inebriations
Inedible
Ineducable
Ineffability
Ineffabilities
Ineffable
Ineffably
Ineffective
Ineffectively
Ineffectiveness
Ineffectivenesses
Ineffectual
Ineffectually
Inefficacy
Inefficacies
Inefficiency
Inefficiencies
Inefficient
Inefficiently
Inelastic
Inelegance
Inelegances
Inelegant
Inelegantly
Ineligibility
Ineligibilities
Ineligible
Ineligibles
Ineligibly
Ineluctable
Ineluctably
Inept
Inepter
Ineptest
Ineptitude
Ineptitudes
Ineptly
Ineptness
Ineptnesses
Inequality
Inequalities
Inequitable
Inequitably
Inequity
Inequities
Ineradicable
Inerrant
Inert
Inerter
Inertest
Inertia
Inertias
Inertiae
Inertial
Inertly
Inertness
Inertnesses
Inescapable
Inescapably
Inessential
Inessentials
Inestimable
Inestimably
Inevitability
Inevitabilities
Inevitable
Inevitables
Inevitably
Inexact
Inexactly
Inexactness
Inexactnesses
Inexcusable
Inexcusably
Inexhaustible
Inexhaustibly
Inexorable
Inexorably
Inexpedience
Inexpediences
Inexpediency
Inexpediencies
Inexpedient
Inexpensive
Inexpensively
Inexpensiveness
Inexpensivenesses
Inexperience
Inexperiences
Inexperienced
Inexpert
Inexpertly
Inexpiable
Inexplicable
Inexplicably
Inexpressible
Inexpressibles
Inexpressibly
Inexpressive
Inextinguishable
Inextricable
Inextricably
Infallibility
Infallibilities
Infallible
Infallibles
Infallibly
Infamous
Infamously
Infamy
Infamies
Infancy
Infancies
Infant
Infants
Infanticide
Infanticides
Infantile
Infantry
Infantries
Infantryman
Infantrymen
Infarct
Infarcts
Infarction
Infarctions
Infatuate
Infatuates
Infatuated
Infatuating
Infatuation
Infatuations
Infect
Infected
Infecting
Infects
Infection
Infections
Infectious
Infectiously
Infectiousness
Infectiousnesses
Infelicitous
Infelicity
Infelicities
Infer
Inferred
Inferring
Infers
Inference
Inferences
Inferential
Inferior
Inferiors
Inferiority
Inferiorities
Infernal
Infernally
Inferno
Infernos
Infertile
Infertility
Infertilities
Infest
Infested
Infesting
Infests
Infestation
Infestations
Infidel
Infidels
Infidelity
Infidelities
Infield
Infields
Infielder
Infielders
Infighter
Infighters
Infighting
Infightings
Infiltrate
Infiltrates
Infiltrated
Infiltrating
Infiltration
Infiltrations
Infiltrator
Infiltrators
Infinite
Infinites
Infinitely
Infinitesimal
Infinitesimals
Infinitesimally
Infinitival
Infinitive
Infinitives
Infinitude
Infinitudes
Infinity
Infinities
Infirm
Infirmer
Infirmest
Infirmed
Infirming
Infirms
Infirmary
Infirmaries
Infirmity
Infirmities
Inflame
Inflamed
Inflaming
Inflames
Inflammability
Inflammabilities
Inflammable
Inflammables
Inflammation
Inflammations
Inflammatory
Inflatable
Inflatables
Inflate
Inflated
Inflating
Inflates
Inflation
Inflations
Inflationary
Inflect
Inflected
Inflecting
Inflects
Inflection
Inflections
Inflectional
Inflexibility
Inflexibilities
Inflexible
Inflexibly
Inflexion
Inflexions
Inflict
Inflicted
Inflicting
Inflicts
Infliction
Inflictions
Inflictive
Inflight
Inflorescence
Inflorescences
Inflorescent
Inflow
Inflows
Influence
Influences
Influenced
Influencing
Influential
Influentials
Influentially
Influenza
Influenzas
Influx
Influxes
Info
Infos
Infold
Infolded
Infolding
Infolds
Infomercial
Infomercials
Inform
Informed
Informing
Informs
Informal
Informality
Informalities
Informally
Informant
Informants
Information
Informations
Informational
Informative
Informatively
Informativeness
Informativenesses
Informer
Informers
Infotainment
Infotainments
Infra
Infraction
Infractions
Infrared
Infrareds
Infrasonic
Infrastructure
Infrastructures
Infrequence
Infrequences
Infrequency
Infrequencies
Infrequent
Infrequently
Infringe
Infringed
Infringing
Infringes
Infringement
Infringements
Infuriate
Infuriated
Infuriating
Infuriates
Infuriatingly
Infuse
Infused
Infusing
Infuses
Infuser
Infusers
Infusion
Infusions
Ingenious
Ingeniously
Ingeniousness
Ingeniousnesses
Ingenue
Ingenues
Ingenuity
Ingenuities
Ingenuous
Ingenuously
Ingenuousness
Ingenuousnesses
Ingest
Ingested
Ingesting
Ingests
Ingestion
Ingestions
Inglenook
Inglenooks
Inglorious
Ingloriously
Ingot
Ingots
Ingoted
Ingoting
Ingrain
Ingrains
Ingrained
Ingraining
Ingrate
Ingrates
Ingratiate
Ingratiated
Ingratiating
Ingratiates
Ingratiatingly
Ingratiation
Ingratiations
Ingratitude
Ingratitudes
Ingredient
Ingredients
Ingress
Ingresses
Ingrowing
Ingrown
Inguinal
Inhabit
Inhabited
Inhabiting
Inhabits
Inhabitable
Inhabitant
Inhabitants
Inhalant
Inhalants
Inhalation
Inhalations
Inhalator
Inhalators
Inhale
Inhaled
Inhaling
Inhales
Inhaler
Inhalers
Inharmonious
Inhere
Inhered
Inhering
Inheres
Inherent
Inherently
Inherit
Inherited
Inheriting
Inherits
Inheritable
Inheritance
Inheritances
Inheritor
Inheritors
Inhibit
Inhibited
Inhibiting
Inhibits
Inhibition
Inhibitions
Inhibitor
Inhibitors
Inhibitory
Inhospitable
Inhospitably
Inhuman
Inhumane
Inhumanely
Inhumanity
Inhumanities
Inhumanly
Inimical
Inimically
Inimitable
Inimitably
Iniquitous
Iniquitously
Iniquity
Iniquities
Initial
Initials
Initialed
Initialled
Initialing
Initialling
Initialize
Initialized
Initializing
Initializes
Initially
Initiate
Initiates
Initiated
Initiating
Initiation
Initiations
Initiative
Initiatives
Initiator
Initiators
Initiatory
Inject
Injected
Injecting
Injects
Injection
Injections
Injector
Injectors
Injudicious
Injudiciously
Injudiciousness
Injudiciousnesses
Injunction
Injunctions
Injure
Injured
Injuring
Injures
Injurer
Injurers
Injurious
Injury
Injuries
Injustice
Injustices
Ink
Inks
Inked
Inking
Inkblot
Inkblots
Inkiness
Inkinesses
Inkling
Inklings
Inkstand
Inkstands
Inkwell
Inkwells
Inky
Inkier
Inkiest
Inland
Inlands
Inlay
Inlays
Inlaid
Inlaying
Inlet
Inlets
Inletting
Inmate
Inmates
Inmost
Inn
Inns
Innards
Innate
Innately
Innateness
Innatenesses
Inner
Innermost
Innermosts
Innersole
Innersoles
Innerspring
Innervate
Innervated
Innervating
Innervates
Innervation
Innervations
Inning
Innings
Innkeeper
Innkeepers
Innocence
Innocences
Innocent
Innocenter
Innocentest
Innocents
Innocently
Innocuous
Innocuously
Innocuousness
Innocuousnesses
Innovate
Innovated
Innovating
Innovates
Innovation
Innovations
Innovative
Innovator
Innovators
Innuendo
Innuendos
Innuendoes
Innumerable
Innumerably
Innumeracy
Innumeracies
Innumerate
Innumerates
Inoculate
Inoculated
Inoculating
Inoculates
Inoculation
Inoculations
Inoffensive
Inoffensively
Inoffensiveness
Inoffensivenesses
Inoperable
Inoperative
Inopportune
Inopportunely
Inordinate
Inordinately
Inorganic
Inorganically
Inpatient
Inpatients
Input
Inputs
Inputted
Inputting
Inquest
Inquests
Inquietude
Inquietudes
Inquire
Inquired
Inquiring
Inquires
Inquirer
Inquirers
Inquiringly
Inquiry
Inquiries
Inquisition
Inquisitions
Inquisitional
Inquisitive
Inquisitively
Inquisitiveness
Inquisitivenesses
Inquisitor
Inquisitors
Inquisitorial
Inroad
Inroads
Inrush
Inrushes
Insalubrious
Insane
Insaner
Insanest
Insanely
Insanitary
Insanity
Insanities
Insatiability
Insatiabilities
Insatiable
Insatiably
Inscribe
Inscribed
Inscribing
Inscribes
Inscriber
Inscribers
Inscription
Inscriptions
Inscrutability
Inscrutabilities
Inscrutable
Inscrutableness
Inscrutablenesses
Inscrutably
Inseam
Inseams
Insect
Insects
Insecticidal
Insecticide
Insecticides
Insectivore
Insectivores
Insectivorous
Insecure
Insecurely
Insecurity
Insecurities
Inseminate
Inseminated
Inseminating
Inseminates
Insemination
Inseminations
Insensate
Insensibility
Insensibilities
Insensible
Insensibly
Insensitive
Insensitively
Insensitivity
Insensitivities
Insentience
Insentiences
Insentient
Inseparability
Inseparabilities
Inseparable
Inseparables
Inseparably
Insert
Inserts
Inserted
Inserting
Insertion
Insertions
Inset
Insets
Insetted
Insetting
Inshore
Inside
Insides
Insider
Insiders
Insidious
Insidiously
Insidiousness
Insidiousnesses
Insight
Insights
Insightful
Insigne
Insignia
Insignias
Insignificance
Insignificances
Insignificant
Insignificantly
Insincere
Insincerely
Insincerity
Insincerities
Insinuate
Insinuated
Insinuating
Insinuates
Insinuation
Insinuations
Insinuative
Insinuator
Insinuators
Insipid
Insipidity
Insipidities
Insipidly
Insist
Insisted
Insisting
Insists
Insistence
Insistences
Insistent
Insistently
Insistingly
Insobriety
Insobrieties
Insofar
Insole
Insoles
Insolence
Insolences
Insolent
Insolents
Insolently
Insolubility
Insolubilities
Insoluble
Insolubly
Insolvable
Insolvency
Insolvencies
Insolvent
Insolvents
Insomnia
Insomnias
Insomniac
Insomniacs
Insomuch
Insouciance
Insouciances
Insouciant
Inspect
Inspected
Inspecting
Inspects
Inspection
Inspections
Inspector
Inspectors
Inspectorate
Inspectorates
Inspiration
Inspirations
Inspirational
Inspire
Inspired
Inspiring
Inspires
Inspirit
Inspirited
Inspiriting
Inspirits
Instability
Instabilities
Instal
Installed
Installing
Instals
Install
Installs
Installation
Installations
Installer
Installers
Installment
Installments
Instalment
Instalments
Instance
Instances
Instanced
Instancing
Instant
Instants
Instantaneous
Instantaneously
Instanter
Instantiate
Instantiated
Instantiating
Instantiates
Instantly
Instate
Instated
Instating
Instates
Instead
Instep
Insteps
Instigate
Instigated
Instigating
Instigates
Instigation
Instigations
Instigator
Instigators
Instil
Instilled
Instilling
Instils
Instill
Instills
Instillation
Instillations
Instinct
Instincts
Instinctive
Instinctively
Instinctual
Institute
Institutes
Instituted
Instituting
Instituter
Instituters
Institution
Institutions
Institutional
Institutionalization
Institutionalizations
Institutionalize
Institutionalized
Institutionalizing
Institutionalizes
Institutionally
Institutor
Institutors
Instruct
Instructed
Instructing
Instructs
Instruction
Instructions
Instructional
Instructive
Instructively
Instructor
Instructors
Instrument
Instruments
Instrumented
Instrumenting
Instrumental
Instrumentals
Instrumentalist
Instrumentalists
Instrumentality
Instrumentalities
Instrumentally
Instrumentation
Instrumentations
Insubordinate
Insubordinates
Insubordination
Insubordinations
Insubstantial
Insubstantially
Insufferable
Insufferably
Insufficiency
Insufficiencies
Insufficient
Insufficiently
Insular
Insulars
Insularity
Insularities
Insulate
Insulated
Insulating
Insulates
Insulation
Insulations
Insulator
Insulators
Insulin
Insulins
Insult
Insults
Insulted
Insulting
Insultingly
Insuperable
Insuperably
Insupportable
Insurable
Insurance
Insurances
Insure
Insured
Insuring
Insures
Insureds
Insurer
Insurers
Insurgence
Insurgences
Insurgency
Insurgencies
Insurgent
Insurgents
Insurmountable
Insurmountably
Insurrection
Insurrections
Insurrectionist
Insurrectionists
Insusceptible
Intact
Intaglio
Intaglios
Intagli
Intaglioed
Intaglioing
Intake
Intakes
Intangibility
Intangibilities
Intangible
Intangibles
Intangibly
Integer
Integers
Integral
Integrals
Integrally
Integrate
Integrated
Integrating
Integrates
Integration
Integrations
Integrative
Integrity
Integrities
Integument
Integuments
Intellect
Intellects
Intellectual
Intellectuals
Intellectualism
Intellectualisms
Intellectualize
Intellectualized
Intellectualizing
Intellectualizes
Intellectually
Intelligence
Intelligences
Intelligent
Intelligently
Intelligentsia
Intelligentsias
Intelligibility
Intelligibilities
Intelligible
Intelligibly
Intemperance
Intemperances
Intemperate
Intemperately
Intend
Intended
Intending
Intends
Intendeds
Intense
Intenser
Intensest
Intensely
Intensification
Intensifications
Intensifier
Intensifiers
Intensify
Intensified
Intensifying
Intensifies
Intensity
Intensities
Intensive
Intensives
Intensively
Intensiveness
Intensivenesses
Intent
Intents
Intention
Intentions
Intentional
Intentionally
Intently
Intentness
Intentnesses
Inter
Interred
Interring
Inters
Interact
Interacted
Interacting
Interacts
Interaction
Interactions
Interactive
Interactively
Interbreed
Interbred
Interbreeding
Interbreeds
Intercede
Interceded
Interceding
Intercedes
Intercept
Intercepts
Intercepted
Intercepting
Interception
Interceptions
Interceptor
Interceptors
Intercession
Intercessions
Intercessor
Intercessors
Intercessory
Interchange
Interchanges
Interchanged
Interchanging
Interchangeable
Interchangeably
Intercollegiate
Intercom
Intercoms
Intercommunicate
Intercommunicated
Intercommunicating
Intercommunicates
Intercommunication
Intercommunications
Interconnect
Interconnected
Interconnecting
Interconnects
Interconnection
Interconnections
Intercontinental
Intercourse
Intercourses
Intercultural
Interdenominational
Interdepartmental
Interdependence
Interdependences
Interdependent
Interdependently
Interdict
Interdicts
Interdicted
Interdicting
Interdiction
Interdictions
Interdisciplinary
Interest
Interests
Interested
Interesting
Interestingly
Interface
Interfaces
Interfaced
Interfacing
Interfaith
Interfere
Interfered
Interfering
Interferes
Interference
Interferences
Interferon
Interferons
Interfile
Interfiled
Interfiling
Interfiles
Intergalactic
Intergovernmental
Interim
Interims
Interior
Interiors
Interject
Interjected
Interjecting
Interjects
Interjection
Interjections
Interlace
Interlaced
Interlacing
Interlaces
Interlard
Interlarded
Interlarding
Interlards
Interleave
Interleaved
Interleaving
Interleaves
Interleukin
Interleukins
Interline
Interlined
Interlining
Interlines
Interlinear
Interlinears
Interlinings
Interlink
Interlinks
Interlinked
Interlinking
Interlock
Interlocks
Interlocked
Interlocking
Interlocutor
Interlocutors
Interlocutory
Interlope
Interloped
Interloping
Interlopes
Interloper
Interlopers
Interlude
Interludes
Intermarriage
Intermarriages
Intermarry
Intermarried
Intermarrying
Intermarries
Intermediary
Intermediaries
Intermediate
Intermediates
Intermediated
Intermediating
Intermediately
Interment
Interments
Intermezzo
Intermezzos
Intermezzi
Interminable
Interminably
Intermingle
Intermingled
Intermingling
Intermingles
Intermission
Intermissions
Intermittent
Intermittently
Intermix
Intermixed
Intermixing
Intermixes
Intern
Interns
Interned
Interning
Internal
Internals
Internalization
Internalizations
Internalize
Internalized
Internalizing
Internalizes
Internally
International
Internationals
Internationalise
Internationalised
Internationalising
Internationalises
Internationalism
Internationalisms
Internationalist
Internationalists
Internationalize
Internationalized
Internationalizing
Internationalizes
Internationally
Interne
Internes
Internecine
Internee
Internees
Internist
Internists
Internment
Internments
Internship
Internships
Interoffice
Interpersonal
Interplanetary
Interplay
Interplays
Interplayed
Interplaying
Interpolate
Interpolated
Interpolating
Interpolates
Interpolation
Interpolations
Interpose
Interposed
Interposing
Interposes
Interposition
Interpositions
Interpret
Interpreted
Interpreting
Interprets
Interpretation
Interpretations
Interpretative
Interpreter
Interpreters
Interpretive
Interracial
Interregnum
Interregnums
Interregna
Interrelate
Interrelated
Interrelating
Interrelates
Interrelation
Interrelations
Interrelationship
Interrelationships
Interrogate
Interrogated
Interrogating
Interrogates
Interrogation
Interrogations
Interrogative
Interrogatives
Interrogatively
Interrogator
Interrogators
Interrogatory
Interrogatories
Interrupt
Interrupts
Interrupted
Interrupting
Interrupter
Interrupters
Interruption
Interruptions
Interscholastic
Intersect
Intersected
Intersecting
Intersects
Intersection
Intersections
Intersession
Intersessions
Intersperse
Interspersed
Interspersing
Intersperses
Interspersion
Interspersions
Interstate
Interstates
Interstellar
Interstice
Interstices
Interstitial
Interstitials
Intertwine
Intertwined
Intertwining
Intertwines
Interurban
Interurbans
Interval
Intervals
Intervene
Intervened
Intervening
Intervenes
Intervention
Interventions
Interventionism
Interventionisms
Interventionist
Interventionists
Interview
Interviews
Interviewed
Interviewing
Interviewee
Interviewees
Interviewer
Interviewers
Intervocalic
Interweave
Interweaves
Interwove
Interweaved
Interwoven
Interweaving
Intestacy
Intestacies
Intestate
Intestates
Intestinal
Intestine
Intestines
Intimacy
Intimacies
Intimate
Intimates
Intimated
Intimating
Intimately
Intimation
Intimations
Intimidate
Intimidated
Intimidating
Intimidates
Intimidatingly
Intimidation
Intimidations
Into
Intolerable
Intolerably
Intolerance
Intolerances
Intolerant
Intolerants
Intolerantly
Intonation
Intonations
Intone
Intoned
Intoning
Intones
Intoner
Intoners
Intoxicant
Intoxicants
Intoxicate
Intoxicated
Intoxicating
Intoxicates
Intoxication
Intoxications
Intractability
Intractabilities
Intractable
Intractably
Intramural
Intramuscular
Intransigence
Intransigences
Intransigent
Intransigents
Intransigently
Intransitive
Intransitives
Intransitively
Intrastate
Intrauterine
Intravenous
Intravenouses
Intravenously
Intrench
Intrenched
Intrenching
Intrenches
Intrepid
Intrepidity
Intrepidities
Intrepidly
Intricacy
Intricacies
Intricate
Intricately
Intrigue
Intrigues
Intrigued
Intriguing
Intriguer
Intriguers
Intriguingly
Intrinsic
Intrinsically
Intro
Intros
Introduce
Introduced
Introducing
Introduces
Introduction
Introductions
Introductory
Introit
Introits
Introspect
Introspected
Introspecting
Introspects
Introspection
Introspections
Introspective
Introspectively
Introversion
Introversions
Introvert
Introverts
Introverted
Introverting
Intrude
Intruded
Intruding
Intrudes
Intruder
Intruders
Intrusion
Intrusions
Intrusive
Intrusively
Intrusiveness
Intrusivenesses
Intrust
Intrusted
Intrusting
Intrusts
Intuit
Intuited
Intuiting
Intuits
Intuition
Intuitions
Intuitive
Intuitively
Intuitiveness
Intuitivenesses
Inundate
Inundated
Inundating
Inundates
Inundation
Inundations
Inure
Inured
Inuring
Inures
Invade
Invaded
Invading
Invades
Invader
Invaders
Invalid
Invalids
Invalided
Invaliding
Invalidate
Invalidated
Invalidating
Invalidates
Invalidation
Invalidations
Invalidism
Invalidisms
Invalidity
Invalidities
Invalidly
Invaluable
Invaluably
Invariability
Invariabilities
Invariable
Invariables
Invariably
Invasion
Invasions
Invasive
Invective
Invectives
Inveigh
Inveighed
Inveighing
Inveighs
Inveigle
Inveigled
Inveigling
Inveigles
Inveigler
Inveiglers
Invent
Invented
Inventing
Invents
Invention
Inventions
Inventive
Inventively
Inventiveness
Inventivenesses
Inventor
Inventors
Inventory
Inventories
Inventoried
Inventorying
Inverse
Inverses
Inversed
Inversing
Inversely
Inversion
Inversions
Invert
Inverts
Inverted
Inverting
Invertebrate
Invertebrates
Invest
Invested
Investing
Invests
Investigate
Investigated
Investigating
Investigates
Investigation
Investigations
Investigative
Investigator
Investigators
Investigatory
Investiture
Investitures
Investment
Investments
Investor
Investors
Inveteracy
Inveteracies
Inveterate
Invidious
Invidiously
Invidiousness
Invidiousnesses
Invigorate
Invigorated
Invigorating
Invigorates
Invigoratingly
Invigoration
Invigorations
Invincibility
Invincibilities
Invincible
Invincibly
Inviolability
Inviolabilities
Inviolable
Inviolably
Inviolate
Invisibility
Invisibilities
Invisible
Invisibles
Invisibly
Invitation
Invitations
Invitational
Invitationals
Invite
Invites
Invited
Inviting
Invitee
Invitees
Invitingly
Invocation
Invocations
Invoice
Invoices
Invoiced
Invoicing
Invoke
Invoked
Invoking
Invokes
Involuntarily
Involuntariness
Involuntarinesses
Involuntary
Involution
Involutions
Involve
Involved
Involving
Involves
Involvement
Involvements
Invulnerability
Invulnerabilities
Invulnerable
Invulnerably
Inward
Inwards
Inwardly
Iodide
Iodides
Iodine
Iodines
Iodize
Iodized
Iodizing
Iodizes
Ion
Ions
Ionic
Ionization
Ionizations
Ionize
Ionized
Ionizing
Ionizes
Ionizer
Ionizers
Ionosphere
Ionospheres
Ionospheric
Iota
Iotas
Ipecac
Ipecacs
Irascibility
Irascibilities
Irascible
Irascibly
Irate
Irater
Iratest
Irately
Irateness
Iratenesses
Ire
Ires
Ireful
Irenic
Iridescence
Iridescences
Iridescent
Iridescently
Iridium
Iridiums
Iris
Irises
Irides
Irised
Irising
Irk
Irked
Irking
Irks
Irksome
Irksomely
Irksomeness
Irksomenesses
Iron
Irons
Ironed
Ironing
Ironclad
Ironclads
Ironic
Ironical
Ironically
Ironings
Ironstone
Ironstones
Ironware
Ironwares
Ironwood
Ironwoods
Ironwork
Ironworks
Irony
Ironies
Irradiate
Irradiated
Irradiating
Irradiates
Irradiation
Irradiations
Irrational
Irrationals
Irrationality
Irrationalities
Irrationally
Irreclaimable
Irreconcilability
Irreconcilabilities
Irreconcilable
Irreconcilables
Irreconcilably
Irrecoverable
Irrecoverably
Irredeemable
Irredeemably
Irreducible
Irreducibly
Irrefutable
Irrefutably
Irregardless
Irregular
Irregulars
Irregularity
Irregularities
Irregularly
Irrelevance
Irrelevances
Irrelevancy
Irrelevancies
Irrelevant
Irrelevantly
Irreligious
Irremediable
Irremediably
Irremovable
Irreparable
Irreparably
Irreplaceable
Irrepressible
Irrepressibly
Irreproachable
Irreproachably
Irresistible
Irresistibly
Irresolute
Irresolutely
Irresoluteness
Irresolutenesses
Irresolution
Irresolutions
Irrespective
Irresponsibility
Irresponsibilities
Irresponsible
Irresponsibles
Irresponsibly
Irretrievable
Irretrievably
Irreverence
Irreverences
Irreverent
Irreverently
Irreversible
Irreversibly
Irrevocable
Irrevocably
Irrigable
Irrigate
Irrigated
Irrigating
Irrigates
Irrigation
Irrigations
Irritability
Irritabilities
Irritable
Irritably
Irritant
Irritants
Irritate
Irritated
Irritating
Irritates
Irritatingly
Irritation
Irritations
Irrupt
Irrupted
Irrupting
Irrupts
Irruption
Irruptions
Irruptive
Isinglass
Isinglasses
Island
Islands
Islanded
Islanding
Islander
Islanders
Isle
Isles
Isled
Isling
Islet
Islets
Ism
Isms
Isobar
Isobars
Isobaric
Isolate
Isolates
Isolated
Isolating
Isolation
Isolations
Isolationism
Isolationisms
Isolationist
Isolationists
Isomer
Isomers
Isomeric
Isomerism
Isomerisms
Isometric
Isometrics
Isometrically
Isosceles
Isotherm
Isotherms
Isotope
Isotopes
Isotopic
Issuance
Issuances
Issue
Issues
Issued
Issuing
Issuer
Issuers
Isthmian
Isthmians
Isthmus
Isthmuses
Isthmi
Its
Italic
Italics
Italicization
Italicizations
Italicize
Italicized
Italicizing
Italicizes
Itch
Itches
Itched
Itching
Itchiness
Itchinesses
Itchy
Itchier
Itchiest
Item
Items
Itemed
Iteming
Itemization
Itemizations
Itemize
Itemized
Itemizing
Itemizes
Iterate
Iterated
Iterating
Iterates
Iteration
Iterations
Iterative
Itinerant
Itinerants
Itinerary
Itineraries
Itself
Ivied
Ivory
Ivories
Ivy
Ivies
Jab
Jabs
Jabbed
Jabbing
Jabber
Jabbers
Jabbered
Jabbering
Jabberer
Jabberers
Jabot
Jabots
Jacaranda
Jacarandas
Jack
Jacks
Jacked
Jacking
Jackal
Jackals
Jackass
Jackasses
Jackboot
Jackboots
Jackdaw
Jackdaws
Jacket
Jackets
Jacketed
Jacketing
Jackhammer
Jackhammers
Jackknife
Jackknives
Jackknifed
Jackknifing
Jackknifes
Jackpot
Jackpots
Jackrabbit
Jackrabbits
Jackrabbited
Jackrabbiting
Jackstraw
Jackstraws
Jacquard
Jacquards
Jade
Jades
Jaded
Jading
Jadedly
Jadedness
Jadednesses
Jadeite
Jadeites
Jag
Jags
Jagged
Jagging
Jaggeder
Jaggedest
Jaggedly
Jaggedness
Jaggednesses
Jaguar
Jaguars
Jail
Jails
Jailed
Jailing
Jailbird
Jailbirds
Jailbreak
Jailbreaks
Jailer
Jailers
Jailor
Jailors
Jalapeno
Jalapenos
Jalopy
Jalopies
Jalousie
Jalousies
Jam
Jams
Jammed
Jamming
Jamb
Jambs
Jambalaya
Jambalayas
Jamboree
Jamborees
Jangle
Jangles
Jangled
Jangling
Jangler
Janglers
Janitor
Janitors
Janitorial
Japan
Japans
Japanned
Japanning
Jape
Japes
Japed
Japing
Jar
Jars
Jarred
Jarring
Jardiniere
Jardinieres
Jarful
Jarfuls
Jarsful
Jargon
Jargons
Jargoned
Jargoning
Jarringly
Jasmine
Jasmines
Jasper
Jaspers
Jato
Jatos
Jaundice
Jaundices
Jaundiced
Jaundicing
Jaunt
Jaunts
Jaunted
Jaunting
Jauntily
Jauntiness
Jauntinesses
Jaunty
Jauntier
Jauntiest
Java
Javas
Javelin
Javelins
Javelined
Javelining
Jaw
Jaws
Jawed
Jawing
Jawbone
Jawbones
Jawboned
Jawboning
Jawbreaker
Jawbreakers
Jay
Jays
Jaybird
Jaybirds
Jaywalk
Jaywalked
Jaywalking
Jaywalks
Jaywalker
Jaywalkers
Jaywalkings
Jazz
Jazzes
Jazzed
Jazzing
Jazzy
Jazzier
Jazziest
Jealous
Jealously
Jealousy
Jealousies
Jean
Jeans
Jeep
Jeeps
Jeeped
Jeeping
Jeer
Jeers
Jeered
Jeering
Jeerings
Jeeringly
Jeez
Jehad
Jehads
Jejune
Jejunum
Jejuna
Jejunums
Jell
Jelled
Jelling
Jells
Jello
Jellos
Jelly
Jellies
Jellied
Jellying
Jellybean
Jellybeans
Jellyfish
Jellyfishes
Jellylike
Jellyroll
Jellyrolls
Jennet
Jennets
Jenny
Jennies
Jeopardize
Jeopardized
Jeopardizing
Jeopardizes
Jeopardy
Jeopardies
Jeremiad
Jeremiads
Jerk
Jerks
Jerked
Jerking
Jerkily
Jerkin
Jerkins
Jerkiness
Jerkinesses
Jerkwater
Jerkwaters
Jerky
Jerkier
Jerkiest
Jerkies
Jerrybuilt
Jersey
Jerseys
Jessamine
Jessamines
Jest
Jests
Jested
Jesting
Jester
Jesters
Jestingly
Jet
Jets
Jetted
Jetting
Jetliner
Jetliners
Jetport
Jetports
Jetsam
Jetsams
Jettison
Jettisons
Jettisoned
Jettisoning
Jetty
Jettier
Jettiest
Jetties
Jettied
Jettying
Jewel
Jewels
Jeweled
Jewelled
Jeweling
Jewelling
Jeweler
Jewelers
Jeweller
Jewellers
Jewellery
Jewelleries
Jewelry
Jewelries
Jib
Jibs
Jibbed
Jibbing
Jibe
Jibes
Jibed
Jibing
Jiff
Jiffs
Jiffy
Jiffies
Jig
Jigs
Jigged
Jigging
Jigger
Jiggers
Jiggered
Jiggering
Jiggle
Jiggles
Jiggled
Jiggling
Jiggly
Jigglier
Jiggliest
Jigsaw
Jigsaws
Jigsawed
Jigsawn
Jigsawing
Jihad
Jihads
Jilt
Jilts
Jilted
Jilting
Jimmy
Jimmies
Jimmied
Jimmying
Jimsonweed
Jimsonweeds
Jingle
Jingles
Jingled
Jingling
Jingly
Jinglier
Jingliest
Jingoism
Jingoisms
Jingoist
Jingoists
Jingoistic
Jinn
Jinns
Jinni
Jinnis
Jinricksha
Jinrickshas
Jinrikisha
Jinrikishas
Jinriksha
Jinrikshas
Jinx
Jinxes
Jinxed
Jinxing
Jitney
Jitneys
Jitneyed
Jitneying
Jitterbug
Jitterbugs
Jitterbugged
Jitterbugging
Jitterbugger
Jitterbuggers
Jitters
Jittery
Jitterier
Jitteriest
Jiujitsu
Jiujitsus
Jive
Jives
Jived
Jiving
Job
Jobs
Jobbed
Jobbing
Jobber
Jobbers
Jobholder
Jobholders
Jobless
Joblessness
Joblessnesses
Jock
Jocks
Jockey
Jockeys
Jockeyed
Jockeying
Jockstrap
Jockstraps
Jocose
Jocosely
Jocoseness
Jocosenesses
Jocosity
Jocosities
Jocular
Jocularity
Jocularities
Jocularly
Jocund
Jocundity
Jocundities
Jocundly
Jodhpurs
Jog
Jogs
Jogged
Jogging
Jogger
Joggers
Joggings
Joggle
Joggles
Joggled
Joggling
John
Johns
Johnny
Johnnies
Johnnycake
Johnnycakes
Join
Joins
Joined
Joining
Joiner
Joiners
Joinery
Joineries
Joint
Joints
Jointed
Jointing
Jointly
Joist
Joists
Joisted
Joisting
Joke
Jokes
Joked
Joking
Joker
Jokers
Jokey
Jokier
Jokiest
Jokingly
Joky
Jollification
Jollifications
Jollily
Jolliness
Jollinesses
Jollity
Jollities
Jolly
Jollier
Jolliest
Jollies
Jollied
Jollying
Jolt
Jolts
Jolted
Jolting
Jolter
Jolters
Jonquil
Jonquils
Josh
Joshes
Joshed
Joshing
Josher
Joshers
Jostle
Jostles
Jostled
Jostling
Jot
Jots
Jotted
Jotting
Jotter
Jotters
Jottings
Joule
Joules
Jounce
Jounces
Jounced
Jouncing
Jouncy
Jouncier
Jounciest
Journal
Journals
Journaled
Journalled
Journaling
Journalling
Journalese
Journaleses
Journalism
Journalisms
Journalist
Journalists
Journalistic
Journey
Journeys
Journeyed
Journeying
Journeyer
Journeyers
Journeyman
Journeymen
Joust
Jousts
Jousted
Jousting
Jouster
Jousters
Joustings
Jovial
Joviality
Jovialities
Jovially
Jowl
Jowls
Jowly
Jowlier
Jowliest
Joy
Joys
Joyed
Joying
Joyful
Joyfuller
Joyfullest
Joyfully
Joyfulness
Joyfulnesses
Joyless
Joylessly
Joylessness
Joylessnesses
Joyous
Joyously
Joyousness
Joyousnesses
Joyride
Joyrides
Joyrode
Joyridden
Joyriding
Joyrider
Joyriders
Joyridings
Joystick
Joysticks
Jubilant
Jubilantly
Jubilation
Jubilations
Jubilee
Jubilees
Judge
Judges
Judged
Judging
Judgement
Judgements
Judgeship
Judgeships
Judgment
Judgments
Judgmental
Judgmentally
Judicatory
Judicatories
Judicature
Judicatures
Judicial
Judicially
Judiciary
Judiciaries
Judicious
Judiciously
Judiciousness
Judiciousnesses
Judo
Judos
Jug
Jugs
Jugged
Jugging
Jugful
Jugfuls
Jugsful
Juggernaut
Juggernauts
Juggle
Juggles
Juggled
Juggling
Juggler
Jugglers
Jugglery
Juggleries
Jugular
Jugulars
Juice
Juices
Juiced
Juicing
Juicer
Juicers
Juicily
Juiciness
Juicinesses
Juicy
Juicier
Juiciest
Jujitsu
Jujitsus
Jujube
Jujubes
Jujutsu
Jujutsus
Jukebox
Jukeboxes
Julep
Juleps
Julienne
Juliennes
Julienned
Julienning
Jumble
Jumbles
Jumbled
Jumbling
Jumbo
Jumbos
Jump
Jumps
Jumped
Jumping
Jumper
Jumpers
Jumpily
Jumpiness
Jumpinesses
Jumpsuit
Jumpsuits
Jumpy
Jumpier
Jumpiest
Junco
Juncos
Juncoes
Junction
Junctions
Juncture
Junctures
Jungle
Jungles
Junior
Juniors
Juniper
Junipers
Junk
Junks
Junked
Junking
Junker
Junkers
Junket
Junkets
Junketed
Junketing
Junketeer
Junketeers
Junketeered
Junketeering
Junketer
Junketers
Junkie
Junkies
Junky
Junkier
Junkiest
Junkyard
Junkyards
Junta
Juntas
Juridic
Juridical
Juridically
Jurisdiction
Jurisdictions
Jurisdictional
Jurisprudence
Jurisprudences
Jurist
Jurists
Juristic
Juror
Jurors
Jury
Juries
Juried
Jurying
Juryman
Jurymen
Jurywoman
Jurywomen
Just
Juster
Justest
Justed
Justing
Justs
Justice
Justices
Justifiable
Justifiably
Justification
Justifications
Justify
Justified
Justifying
Justifies
Justly
Justness
Justnesses
Jut
Juts
Jutted
Jutting
Jute
Jutes
Juvenile
Juveniles
Juxtapose
Juxtaposed
Juxtaposing
Juxtaposes
Juxtaposition
Juxtapositions
Kabob
Kabobs
Kabuki
Kabukis
Kaddish
Kaddishes
Kaffeeklatch
Kaffeeklatches
Kaffeeklatsch
Kaffeeklatsches
Kaftan
Kaftans
Kaiser
Kaisers
Kale
Kales
Kaleidoscope
Kaleidoscopes
Kaleidoscopic
Kaleidoscopically
Kamikaze
Kamikazes
Kangaroo
Kangaroos
Kaolin
Kaolins
Kapok
Kapoks
Kappa
Kappas
Kaput
Karakul
Karakuls
Karaoke
Karaokes
Karat
Karats
Karate
Karates
Karma
Karmas
Karmic
Kart
Karts
Katydid
Katydids
Kayak
Kayaks
Kayaked
Kayaking
Kayakings
Kayo
Kayos
Kayoed
Kayoing
Kazoo
Kazoos
Kebab
Kebabs
Kebob
Kebobs
Keel
Keels
Keeled
Keeling
Keelhaul
Keelhauled
Keelhauling
Keelhauls
Keen
Keener
Keenest
Keens
Keened
Keening
Keenly
Keenness
Keennesses
Keep
Keeps
Kept
Keeping
Keeper
Keepers
Keepings
Keepsake
Keepsakes
Keg
Kegs
Kelp
Kelps
Kelped
Kelping
Kelvin
Kelvins
Ken
Kens
Kenned
Kent
Kenning
Kennel
Kennels
Kenneled
Kennelled
Kenneling
Kennelling
Keno
Kenos
Kepi
Kepis
Keratin
Keratins
Kerb
Kerbs
Kerbed
Kerbing
Kerchief
Kerchiefs
Kerchieves
Kernel
Kernels
Kerneled
Kernelled
Kerneling
Kernelling
Kerosene
Kerosenes
Kerosine
Kerosines
Kestrel
Kestrels
Ketch
Ketches
Ketchup
Ketchups
Kettle
Kettles
Kettledrum
Kettledrums
Key
Keys
Keyed
Keying
Keyboard
Keyboards
Keyboarded
Keyboarding
Keyboarder
Keyboarders
Keyboardist
Keyboardists
Keyhole
Keyholes
Keynote
Keynotes
Keynoted
Keynoting
Keynoter
Keynoters
Keypad
Keypads
Keypunch
Keypunches
Keypunched
Keypunching
Keypuncher
Keypunchers
Keystone
Keystones
Keystroke
Keystrokes
Keyword
Keywords
Khaki
Khakis
Khan
Khans
Kibble
Kibbles
Kibbled
Kibbling
Kibbutz
Kibbutzim
Kibitz
Kibitzed
Kibitzing
Kibitzes
Kibitzer
Kibitzers
Kibosh
Kiboshes
Kiboshed
Kiboshing
Kick
Kicks
Kicked
Kicking
Kickback
Kickbacks
Kickball
Kickballs
Kicker
Kickers
Kickoff
Kickoffs
Kickstand
Kickstands
Kicky
Kickier
Kickiest
Kid
Kids
Kidded
Kidding
Kidder
Kidders
Kiddie
Kiddies
Kiddish
Kiddo
Kiddos
Kiddoes
Kiddy
Kidnap
Kidnapped
Kidnaped
Kidnapping
Kidnaping
Kidnaps
Kidnaper
Kidnapers
Kidnapper
Kidnappers
Kidnappings
Kidney
Kidneys
Kidskin
Kidskins
Kielbasa
Kielbasas
Kielbasi
Kielbasy
Kill
Kills
Killed
Killing
Killdeer
Killdeers
Killer
Killers
Killings
Killjoy
Killjoys
Kiln
Kilns
Kilned
Kilning
Kilo
Kilos
Kilobyte
Kilobytes
Kilocycle
Kilocycles
Kilogram
Kilograms
Kilohertz
Kilohertzes
Kiloliter
Kiloliters
Kilometer
Kilometers
Kilometre
Kilometres
Kiloton
Kilotons
Kilowatt
Kilowatts
Kilt
Kilts
Kilted
Kilting
Kilter
Kilters
Kimono
Kimonos
Kin
Kins
Kind
Kinder
Kindest
Kinds
Kinda
Kindergarten
Kindergartens
Kindergartener
Kindergarteners
Kindergartner
Kindergartners
Kindhearted
Kindheartedly
Kindheartedness
Kindheartednesses
Kindle
Kindled
Kindling
Kindles
Kindliness
Kindlinesses
Kindlings
Kindly
Kindlier
Kindliest
Kindness
Kindnesses
Kindred
Kindreds
Kinematic
Kinematics
Kinetic
Kinetically
Kinetics
Kinfolk
Kinfolks
King
Kings
Kinged
Kinging
Kingdom
Kingdoms
Kingfisher
Kingfishers
Kingly
Kinglier
Kingliest
Kingpin
Kingpins
Kingship
Kingships
Kink
Kinks
Kinked
Kinking
Kinkily
Kinkiness
Kinkinesses
Kinky
Kinkier
Kinkiest
Kinsfolk
Kinsfolks
Kinship
Kinships
Kinsman
Kinsmen
Kinswoman
Kinswomen
Kiosk
Kiosks
Kip
Kips
Kipped
Kipping
Kipper
Kippers
Kippered
Kippering
Kirk
Kirks
Kirsch
Kirsches
Kismet
Kismets
Kiss
Kisses
Kissed
Kissing
Kissable
Kisser
Kissers
Kissoff
Kissoffs
Kit
Kits
Kitted
Kitting
Kitbag
Kitbags
Kitchen
Kitchens
Kitchenette
Kitchenettes
Kitchenware
Kitchenwares
Kite
Kites
Kited
Kiting
Kith
Kiths
Kitsch
Kitsches
Kitschy
Kitschier
Kitschiest
Kitten
Kittens
Kittened
Kittening
Kittenish
Kitty
Kitties
Kiwi
Kiwis
Kiwifruit
Kiwifruits
Kleptomania
Kleptomanias
Kleptomaniac
Kleptomaniacs
Klutz
Klutzes
Klutziness
Klutzinesses
Klutzy
Klutzier
Klutziest
Knack
Knacks
Knackwurst
Knackwursts
Knapsack
Knapsacks
Knave
Knaves
Knavery
Knaveries
Knavish
Knavishly
Knead
Kneaded
Kneading
Kneads
Kneader
Kneaders
Knee
Knees
Kneed
Kneeing
Kneecap
Kneecaps
Kneecapped
Kneecapping
Kneel
Kneels
Knelt
Kneeled
Kneeling
Knell
Knells
Knelled
Knelling
Knickerbockers
Knickers
Knickknack
Knickknacks
Knife
Knives
Knifed
Knifing
Knifes
Knight
Knights
Knighted
Knighting
Knighthood
Knighthoods
Knightliness
Knightlinesses
Knightly
Knightlier
Knightliest
Knish
Knishes
Knit
Knits
Knitted
Knitting
Knitter
Knitters
Knittings
Knitwear
Knitwears
Knob
Knobs
Knobby
Knobbier
Knobbiest
Knock
Knocks
Knocked
Knocking
Knockdown
Knockdowns
Knocker
Knockers
Knockoff
Knockoffs
Knockout
Knockouts
Knockwurst
Knockwursts
Knoll
Knolls
Knolled
Knolling
Knot
Knots
Knotted
Knotting
Knothole
Knotholes
Knotty
Knottier
Knottiest
Know
Knows
Knew
Known
Knowing
Knowable
Knowinger
Knowingest
Knowingly
Knowledge
Knowledges
Knowledgeable
Knowledgeably
Knowns
Knuckle
Knuckles
Knuckled
Knuckling
Knucklehead
Knuckleheads
Knurl
Knurls
Knurled
Knurling
Koala
Koalas
Kohlrabi
Kohlrabies
Kola
Kolas
Kook
Kooks
Kookaburra
Kookaburras
Kookie
Kookier
Kookiest
Kookiness
Kookinesses
Kooky
Kopeck
Kopecks
Kopek
Kopeks
Kosher
Koshers
Koshered
Koshering
Kowtow
Kowtows
Kowtowed
Kowtowing
Kraal
Kraals
Kraaled
Kraaling
Kraut
Krauts
Krill
Krills
Krona
Kronor
Kronur
Krone
Kroner
Krypton
Kryptons
Kuchen
Kuchens
Kudos
Kudzu
Kudzus
Kumquat
Kumquats
Kvetch
Kvetches
Kvetched
Kvetching
Las
Lab
Labs
Label
Labels
Labeled
Labelled
Labeling
Labelling
Labial
Labials
Labile
Labium
Labia
Labor
Labors
Labored
Laboring
Laboratory
Laboratories
Laborer
Laborers
Laborious
Laboriously
Laboriousness
Laboriousnesses
Laborsaving
Labour
Labours
Laboured
Labouring
Laburnum
Laburnums
Labyrinth
Labyrinths
Labyrinthine
Lac
Lacs
Lace
Laces
Laced
Lacing
Lacerate
Lacerated
Lacerating
Lacerates
Laceration
Lacerations
Lacewing
Lacewings
Lacework
Laceworks
Lachrymal
Lachrymals
Lachrymose
Lack
Lacks
Lacked
Lacking
Lackadaisical
Lackadaisically
Lackey
Lackeys
Lackeyed
Lackeying
Lackluster
Lacklusters
Lacklustre
Lacklustres
Laconic
Laconically
Lacquer
Lacquers
Lacquered
Lacquering
Lacrimal
Lacrimals
Lacrosse
Lacrosses
Lactate
Lactates
Lactated
Lactating
Lactation
Lactations
Lacteal
Lacteals
Lactic
Lactose
Lactoses
Lacuna
Lacunae
Lacunas
Lacy
Lacier
Laciest
Lad
Lads
Ladder
Ladders
Laddered
Laddering
Laddie
Laddies
Lade
Laded
Laden
Lading
Lades
Ladened
Ladening
Ladens
Ladings
Ladle
Ladles
Ladled
Ladling
Lady
Ladies
Ladybird
Ladybirds
Ladybug
Ladybugs
Ladyfinger
Ladyfingers
Ladylike
Ladylove
Ladyloves
Ladyship
Ladyships
Laetrile
Laetriles
Lag
Lags
Lagged
Lagging
Lager
Lagers
Lagered
Lagering
Laggard
Laggards
Laggardly
Laggings
Lagnappe
Lagnappes
Lagniappe
Lagniappes
Lagoon
Lagoons
Lair
Lairs
Laired
Lairing
Laird
Lairds
Laity
Laities
Lake
Lakes
Lakefront
Lallygag
Lallygagged
Lallygagging
Lallygags
Lam
Lams
Lammed
Lamming
Lama
Lamas
Lamasery
Lamaseries
Lamb
Lambs
Lambed
Lambing
Lambada
Lambadas
Lambast
Lambasted
Lambasting
Lambasts
Lambaste
Lambastes
Lambda
Lambdas
Lambency
Lambencies
Lambent
Lambently
Lambkin
Lambkins
Lambskin
Lambskins
Lame
Lamer
Lamest
Lames
Lamed
Laming
Lamebrain
Lamebrains
Lamely
Lameness
Lamenesses
Lament
Laments
Lamented
Lamenting
Lamentable
Lamentably
Lamentation
Lamentations
Lamina
Laminae
Laminas
Laminar
Laminate
Laminates
Laminated
Laminating
Lamination
Laminations
Lamp
Lamps
Lamped
Lamping
Lampblack
Lampblacks
Lamplight
Lamplights
Lamplighter
Lamplighters
Lampoon
Lampoons
Lampooned
Lampooning
Lamppost
Lampposts
Lamprey
Lampreys
Lampshade
Lampshades
Lanai
Lanais
Lance
Lances
Lanced
Lancing
Lancer
Lancers
Lancet
Lancets
Land
Lands
Landed
Landing
Landau
Landaus
Landfall
Landfalls
Landfill
Landfills
Landfilled
Landfilling
Landholder
Landholders
Landholding
Landholdings
Landings
Landlady
Landladies
Landless
Landlocked
Landlord
Landlords
Landlubber
Landlubbers
Landmark
Landmarks
Landmarked
Landmarking
Landmass
Landmasses
Landowner
Landowners
Landowning
Landownings
Landscape
Landscapes
Landscaped
Landscaping
Landscaper
Landscapers
Landslide
Landslides
Landslid
Landslidden
Landsliding
Landsman
Landsmen
Landward
Landwards
Lane
Lanes
Language
Languages
Languid
Languidly
Languidness
Languidnesses
Languish
Languished
Languishing
Languishes
Languor
Languors
Languorous
Languorously
Lank
Lanker
Lankest
Lankiness
Lankinesses
Lankly
Lankness
Lanknesses
Lanky
Lankier
Lankiest
Lanolin
Lanolins
Lantern
Lanterns
Lanterned
Lanterning
Lanthanum
Lanthanums
Lanyard
Lanyards
Lap
Laps
Lapped
Lapping
Lapboard
Lapboards
Lapdog
Lapdogs
Lapel
Lapels
Lapidary
Lapidaries
Lapin
Lapins
Lappet
Lappets
Lapse
Lapses
Lapsed
Lapsing
Laptop
Laptops
Lapwing
Lapwings
Larboard
Larboards
Larcenist
Larcenists
Larcenous
Larceny
Larcenies
Larch
Larches
Lard
Lards
Larded
Larding
Larder
Larders
Lardy
Lardier
Lardiest
Large
Larger
Largest
Larges
Largehearted
Largely
Largeness
Largenesses
Largess
Largesses
Largesse
Largish
Largo
Largos
Lariat
Lariats
Lark
Larks
Larked
Larking
Larkspur
Larkspurs
Larva
Larvae
Larvas
Larval
Laryngeal
Laryngeals
Laryngitis
Laryngitides
Larynx
Larynges
Larynxes
Lasagna
Lasagnas
Lasagne
Lasagnes
Lascivious
Lasciviously
Lasciviousness
Lasciviousnesses
Laser
Lasers
Lash
Lashes
Lashed
Lashing
Lashings
Lass
Lasses
Lassie
Lassies
Lassitude
Lassitudes
Lasso
Lassos
Lassoes
Lassoed
Lassoing
Last
Lasts
Lasted
Lasting
Lastings
Lastingly
Lastly
Latch
Latches
Latched
Latching
Latchkey
Latchkeys
Late
Later
Latest
Latecomer
Latecomers
Lately
Latency
Latencies
Lateness
Latenesses
Latent
Lateral
Laterals
Lateraled
Lateralled
Lateraling
Lateralling
Laterally
Latests
Latex
Latices
Latexes
Lath
Laths
Lathed
Lathing
Lathe
Lathes
Lather
Lathers
Lathered
Lathering
Lathery
Latish
Latitude
Latitudes
Latitudinal
Latitudinarian
Latitudinarians
Latrine
Latrines
Latte
Lattes
Latter
Latters
Latterly
Lattice
Lattices
Latticed
Latticing
Latticework
Latticeworks
Laud
Lauds
Lauded
Lauding
Laudable
Laudably
Laudanum
Laudanums
Laudatory
Laugh
Laughs
Laughed
Laughing
Laughable
Laughably
Laughings
Laughingly
Laughingstock
Laughingstocks
Laughter
Laughters
Launch
Launches
Launched
Launching
Launcher
Launchers
Launchpad
Launchpads
Launder
Launders
Laundered
Laundering
Launderer
Launderers
Launderette
Launderettes
Laundress
Laundresses
Laundrette
Laundrettes
Laundromat
Laundromats
Laundry
Laundries
Laundryman
Laundrymen
Laundrywoman
Laundrywomen
Laureate
Laureates
Laureateship
Laureateships
Laurel
Laurels
Laureled
Laurelled
Laureling
Laurelling
Lava
Lavas
Lavage
Lavages
Lavalier
Lavaliers
Lavaliere
Lavalieres
Lavatory
Lavatories
Lave
Laved
Laving
Laves
Lavender
Lavenders
Lavish
Lavisher
Lavishest
Lavished
Lavishing
Lavishes
Lavishly
Lavishness
Lavishnesses
Law
Lawer
Lawest
Laws
Lawed
Lawing
Lawbreaker
Lawbreakers
Lawbreaking
Lawbreakings
Lawful
Lawfully
Lawfulness
Lawfulnesses
Lawgiver
Lawgivers
Lawless
Lawlessly
Lawlessness
Lawlessnesses
Lawmaker
Lawmakers
Lawmaking
Lawmakings
Lawman
Lawmen
Lawn
Lawns
Lawnmower
Lawnmowers
Lawrencium
Lawrenciums
Lawsuit
Lawsuits
Lawyer
Lawyers
Lawyered
Lawyering
Lax
Laxer
Laxest
Laxative
Laxatives
Laxity
Laxities
Laxly
Laxness
Laxnesses
Lay
Lays
Laid
Laying
Layaway
Layaways
Layer
Layers
Layered
Layering
Layerings
Layette
Layettes
Layman
Laymen
Layoff
Layoffs
Layout
Layouts
Layover
Layovers
Layperson
Laypersons
Laypeople
Layup
Layups
Laywoman
Laywomen
Laze
Lazes
Lazed
Lazing
Lazily
Laziness
Lazinesses
Lazy
Lazier
Laziest
Lazied
Lazying
Lazies
Lazybones
Lea
Leas
Leach
Leaches
Leached
Leaching
Lead
Leads
Led
Leaded
Leading
Leaden
Leadened
Leadening
Leadens
Leader
Leaders
Leaderless
Leadership
Leaderships
Leadings
Leaf
Leaves
Leafed
Leafing
Leafs
Leafage
Leafages
Leafless
Leaflet
Leaflets
Leafleted
Leafletted
Leafleting
Leafletting
Leafstalk
Leafstalks
Leafy
Leafier
Leafiest
League
Leagues
Leagued
Leaguing
Leak
Leaks
Leaked
Leaking
Leakage
Leakages
Leakiness
Leakinesses
Leaky
Leakier
Leakiest
Lean
Leaner
Leanest
Leans
Leaned
Leant
Leaning
Leanings
Leanness
Leannesses
Leap
Leaps
Leaped
Leapt
Lept
Leaping
Leaper
Leapers
Leapfrog
Leapfrogs
Leapfrogged
Leapfrogging
Learn
Learned
Learnt
Learning
Learns
Learnedly
Learner
Learners
Learnings
Lease
Leases
Leased
Leasing
Leaseback
Leasebacks
Leasehold
Leaseholds
Leaseholder
Leaseholders
Leaser
Leasers
Leash
Leashes
Leashed
Leashing
Least
Leasts
Leastways
Leastwise
Leather
Leathers
Leathered
Leathering
Leatherette
Leatherettes
Leatherneck
Leathernecks
Leathery
Leave
Left
Leaved
Leaving
Leaven
Leavens
Leavened
Leavening
Leavenings
Leaver
Leavers
Leavings
Lech
Leches
Leched
Leching
Lecher
Lechers
Lechered
Lechering
Lecherous
Lecherously
Lecherousness
Lecherousnesses
Lechery
Lecheries
Lecithin
Lecithins
Lectern
Lecterns
Lecture
Lectures
Lectured
Lecturing
Lecturer
Lecturers
Lectureship
Lectureships
Ledge
Ledges
Ledged
Ledging
Ledger
Ledgers
Lee
Lees
Leech
Leeches
Leeched
Leeching
Leek
Leeks
Leer
Leers
Leered
Leering
Leeriness
Leerinesses
Leery
Leerier
Leeriest
Leeward
Leewards
Leeway
Leeways
Lefter
Leftest
Lefts
Leftie
Lefties
Leftism
Leftisms
Leftist
Leftists
Leftmost
Leftover
Leftovers
Leftward
Leftwards
Lefty
Leg
Legs
Legged
Legging
Legacy
Legacies
Legal
Legals
Legalese
Legaleses
Legalism
Legalisms
Legalistic
Legality
Legalities
Legalization
Legalizations
Legalize
Legalized
Legalizing
Legalizes
Legally
Legate
Legates
Legatee
Legatees
Legation
Legations
Legato
Legatos
Legend
Legends
Legendarily
Legendary
Legendaries
Legerdemain
Legerdemains
Leggin
Leggins
Legginess
Legginesses
Leggings
Leggy
Leggier
Leggiest
Leghorn
Leghorns
Legibility
Legibilities
Legible
Legibly
Legion
Legions
Legionary
Legionaries
Legionnaire
Legionnaires
Legislate
Legislated
Legislating
Legislates
Legislation
Legislations
Legislative
Legislatives
Legislatively
Legislator
Legislators
Legislature
Legislatures
Legit
Legits
Legitimacy
Legitimacies
Legitimate
Legitimated
Legitimating
Legitimates
Legitimately
Legitimatize
Legitimatized
Legitimatizing
Legitimatizes
Legitimization
Legitimizations
Legitimize
Legitimized
Legitimizing
Legitimizes
Legless
Legman
Legmen
Legroom
Legrooms
Legume
Legumes
Leguminous
Legwork
Legworks
Lei
Leis
Leisure
Leisures
Leisured
Leisureliness
Leisurelinesses
Leisurely
Leisurewear
Leisurewears
Leitmotif
Leitmotifs
Leitmotiv
Leitmotivs
Lemming
Lemmings
Lemon
Lemons
Lemonade
Lemonades
Lemony
Lemur
Lemurs
Lend
Lent
Lending
Lends
Lender
Lenders
Length
Lengths
Lengthen
Lengthened
Lengthening
Lengthens
Lengthily
Lengthiness
Lengthinesses
Lengthways
Lengthwise
Lengthy
Lengthier
Lengthiest
Lenience
Leniences
Leniency
Leniencies
Lenient
Leniently
Lenitive
Lenitives
Lens
Lenses
Lensed
Lensing
Lenten
Lentil
Lentils
Lento
Leonine
Leopard
Leopards
Leopardess
Leopardesses
Leotard
Leotards
Leper
Lepers
Leprechaun
Leprechauns
Leprosy
Leprosies
Leprous
Lepton
Leptons
Lepta
Lesbian
Lesbians
Lesbianism
Lesbianisms
Lesion
Lesions
Lesioned
Lesioning
Less
Lesser
Lessee
Lessees
Lessen
Lessened
Lessening
Lessens
Lesson
Lessons
Lessoned
Lessoning
Lessor
Lessors
Lest
Let
Lets
Letting
Letdown
Letdowns
Lethal
Lethally
Lethargic
Lethargically
Lethargy
Lethargies
Letter
Letters
Lettered
Lettering
Letterer
Letterers
Letterhead
Letterheads
Letterings
Letterpress
Letterpresses
Lettuce
Lettuces
Letup
Letups
Leukaemia
Leukaemias
Leukemia
Leukemias
Leukemic
Leukemics
Leukocyte
Leukocytes
Levee
Levees
Leveed
Leveeing
Level
Leveller
Levellest
Levels
Leveled
Levelled
Leveling
Levelling
Leveler
Levelers
Levelheaded
Levelheadedness
Levelheadednesses
Levellers
Levelly
Levelness
Levelnesses
Lever
Levers
Levered
Levering
Leverage
Leverages
Leveraged
Leveraging
Leviathan
Leviathans
Levier
Leviers
Levitate
Levitated
Levitating
Levitates
Levitation
Levitations
Levity
Levities
Levy
Levies
Levied
Levying
Lewd
Lewder
Lewdest
Lewdly
Lewdness
Lewdnesses
Lexical
Lexicographer
Lexicographers
Lexicographic
Lexicographical
Lexicography
Lexicographies
Lexicon
Lexicons
Lexica
Liability
Liabilities
Liable
Liaise
Liaised
Liaising
Liaises
Liaison
Liaisons
Liar
Liars
Lib
Libs
Libation
Libations
Libber
Libbers
Libel
Libels
Libeled
Libelled
Libeling
Libelling
Libeler
Libelers
Libeller
Libellers
Libellous
Libelous
Liberal
Liberals
Liberalism
Liberalisms
Liberality
Liberalities
Liberalization
Liberalizations
Liberalize
Liberalized
Liberalizing
Liberalizes
Liberally
Liberalness
Liberalnesses
Liberate
Liberated
Liberating
Liberates
Liberation
Liberations
Liberator
Liberators
Libertarian
Libertarians
Libertine
Libertines
Liberty
Liberties
Libidinal
Libidinous
Libido
Libidos
Librarian
Librarians
Library
Libraries
Librettist
Librettists
Libretto
Librettos
Libretti
Licence
Licences
Licenced
Licencing
License
Licenses
Licensed
Licensing
Licensee
Licensees
Licentiate
Licentiates
Licentious
Licentiously
Licentiousness
Licentiousnesses
Lichee
Lichees
Lichen
Lichens
Lichened
Lichening
Licit
Licitly
Lick
Licks
Licked
Licking
Lickings
Licorice
Licorices
Lid
Lids
Lidded
Lidding
Lidless
Lido
Lidos
Lie
Lies
Lied
Lying
Lain
Lieder
Lief
Liefer
Liefest
Liege
Lieges
Lien
Liens
Lieu
Lieus
Lieutenancy
Lieutenancies
Lieutenant
Lieutenants
Life
Lives
Lifeblood
Lifebloods
Lifeboat
Lifeboats
Lifebuoy
Lifebuoys
Lifeguard
Lifeguards
Lifeguarded
Lifeguarding
Lifeless
Lifelessly
Lifelessness
Lifelessnesses
Lifelike
Lifeline
Lifelines
Lifelong
Lifer
Lifers
Lifesaver
Lifesavers
Lifesaving
Lifesavings
Lifestyle
Lifestyles
Lifetime
Lifetimes
Lifework
Lifeworks
Lift
Lifts
Lifted
Lifting
Lifter
Lifters
Liftoff
Liftoffs
Ligament
Ligaments
Ligate
Ligated
Ligating
Ligates
Ligation
Ligations
Ligature
Ligatures
Ligatured
Ligaturing
Light
Lighter
Lightest
Lights
Lighted
Lit
Lighting
Lighten
Lightened
Lightening
Lightens
Lightener
Lighteners
Lighters
Lightered
Lightering
Lightface
Lightfaces
Lightfaced
Lightheaded
Lighthearted
Lightheartedly
Lightheartedness
Lightheartednesses
Lighthouse
Lighthouses
Lightings
Lightly
Lightness
Lightnesses
Lightning
Lightnings
Lightninged
Lightproof
Lightship
Lightships
Lightweight
Lightweights
Ligneous
Lignite
Lignites
Likability
Likabilities
Likable
Likableness
Likablenesses
Like
Liker
Likest
Likes
Liked
Liking
Likeable
Likelihood
Likelihoods
Likeliness
Likelinesses
Likely
Likelier
Likeliest
Liken
Likened
Likening
Likens
Likeness
Likenesses
Likewise
Likings
Lilac
Lilacs
Lilliputian
Lilliputians
Lilt
Lilts
Lilted
Lilting
Lily
Lilies
Limb
Limbs
Limbed
Limbing
Limber
Limberer
Limberest
Limbers
Limbered
Limbering
Limberness
Limbernesses
Limbless
Limbo
Limbos
Lime
Limes
Limed
Liming
Limeade
Limeades
Limelight
Limelights
Limerick
Limericks
Limestone
Limestones
Limit
Limits
Limited
Limiting
Limitation
Limitations
Limiteds
Limiter
Limiters
Limitless
Limitlessness
Limitlessnesses
Limn
Limned
Limning
Limns
Limo
Limos
Limousine
Limousines
Limp
Limper
Limpest
Limps
Limped
Limping
Limpet
Limpets
Limpid
Limpidity
Limpidities
Limpidly
Limpidness
Limpidnesses
Limply
Limpness
Limpnesses
Limy
Limier
Limiest
Linage
Linages
Linchpin
Linchpins
Linden
Lindens
Line
Lines
Lined
Lining
Lineage
Lineages
Lineal
Lineally
Lineament
Lineaments
Linear
Linearity
Linearities
Linearly
Linebacker
Linebackers
Lineman
Linemen
Linen
Linens
Liner
Liners
Linesman
Linesmen
Lineup
Lineups
Ling
Lings
Linger
Lingered
Lingering
Lingers
Lingerer
Lingerers
Lingerie
Lingeries
Lingeringly
Lingo
Lingoes
Lingos
Lingual
Linguals
Linguine
Linguines
Linguini
Linguinis
Linguist
Linguists
Linguistic
Linguistically
Linguistics
Liniment
Liniments
Linings
Link
Links
Linked
Linking
Linkage
Linkages
Linkup
Linkups
Linnet
Linnets
Linoleum
Linoleums
Linseed
Linseeds
Lint
Lints
Lintel
Lintels
Linty
Lintier
Lintiest
Lion
Lions
Lioness
Lionesses
Lionhearted
Lionization
Lionizations
Lionize
Lionized
Lionizing
Lionizes
Lip
Lips
Lipped
Lipping
Lipid
Lipids
Liposuction
Liposuctions
Lippy
Lippier
Lippiest
Lipread
Lipreading
Lipreads
Lipreader
Lipreaders
Lipreadings
Lipstick
Lipsticks
Liquefaction
Liquefactions
Liquefy
Liquefied
Liquefying
Liquefies
Liqueur
Liqueurs
Liquid
Liquids
Liquidate
Liquidated
Liquidating
Liquidates
Liquidation
Liquidations
Liquidator
Liquidators
Liquidity
Liquidities
Liquidize
Liquidized
Liquidizing
Liquidizes
Liquidizer
Liquidizers
Liquify
Liquified
Liquifying
Liquifies
Liquor
Liquors
Liquored
Liquoring
Liquorice
Liquorices
Lira
Lire
Liras
Lisle
Lisles
Lisp
Lisps
Lisped
Lisping
Lisper
Lispers
Lissom
Lissome
List
Lists
Listed
Listing
Listen
Listens
Listened
Listening
Listener
Listeners
Listings
Listless
Listlessly
Listlessness
Listlessnesses
Lits
Litany
Litanies
Litchi
Litchis
Lite
Liter
Liters
Literacy
Literacies
Literal
Literals
Literally
Literalness
Literalnesses
Literariness
Literarinesses
Literary
Literate
Literates
Literately
Literati
Literature
Literatures
Lithe
Lither
Lithest
Lithely
Litheness
Lithenesses
Lithesome
Lithium
Lithiums
Lithograph
Lithographs
Lithographed
Lithographing
Lithographer
Lithographers
Lithographic
Lithographically
Lithography
Lithographies
Lithosphere
Lithospheres
Litigant
Litigants
Litigate
Litigated
Litigating
Litigates
Litigation
Litigations
Litigator
Litigators
Litigious
Litigiousness
Litigiousnesses
Litmus
Litmuses
Litotes
Litre
Litres
Litter
Litters
Littered
Littering
Litterateur
Litterateurs
Litterbug
Litterbugs
Litterer
Litterers
Little
Littler
Littlest
Littles
Littleness
Littlenesses
Littoral
Littorals
Liturgical
Liturgically
Liturgist
Liturgists
Liturgy
Liturgies
Livability
Livabilities
Livable
Live
Liver
Livest
Lived
Living
Liveable
Livelihood
Livelihoods
Liveliness
Livelinesses
Livelong
Lively
Livelier
Liveliest
Liven
Livened
Livening
Livens
Livers
Livered
Livering
Liveried
Liverish
Liverwort
Liverworts
Liverwurst
Liverwursts
Livery
Liveries
Liveryman
Liverymen
Livestock
Livestocks
Livid
Livider
Lividest
Lividly
Livings
Lizard
Lizards
Llama
Llamas
Llano
Llanos
Load
Loads
Loaded
Loading
Loader
Loaders
Loadings
Loadstar
Loadstars
Loadstone
Loadstones
Loaf
Loaves
Loafs
Loafed
Loafing
Loafer
Loafers
Loam
Loams
Loamed
Loaming
Loamy
Loamier
Loamiest
Loan
Loans
Loaned
Loaning
Loaner
Loaners
Loansharking
Loansharkings
Loanword
Loanwords
Loath
Loather
Loathest
Loathe
Loathed
Loathing
Loathes
Loathers
Loathings
Loathsome
Loathsomely
Loathsomeness
Loathsomenesses
Lob
Lobs
Lobbed
Lobbing
Lobar
Lobber
Lobbers
Lobby
Lobbies
Lobbied
Lobbying
Lobbyist
Lobbyists
Lobe
Lobes
Lobed
Lobotomize
Lobotomized
Lobotomizing
Lobotomizes
Lobotomy
Lobotomies
Lobster
Lobsters
Local
Locals
Localed
Localled
Localing
Localling
Locale
Locales
Locality
Localities
Localization
Localizations
Localize
Localized
Localizing
Localizes
Locally
Locate
Located
Locating
Locates
Location
Locations
Locator
Locators
Loch
Lochs
Lock
Locks
Locked
Locking
Locker
Lockers
Locket
Lockets
Lockjaw
Lockjaws
Lockout
Lockouts
Locksmith
Locksmiths
Lockstep
Locksteps
Lockup
Lockups
Loco
Locos
Locoed
Locoing
Locomotion
Locomotions
Locomotive
Locomotives
Locoweed
Locoweeds
Locus
Loci
Loca
Locust
Locusts
Locution
Locutions
Lode
Lodes
Lodestar
Lodestars
Lodestone
Lodestones
Lodge
Lodges
Lodged
Lodging
Lodger
Lodgers
Lodgings
Loft
Lofts
Lofted
Lofting
Loftily
Loftiness
Loftinesses
Lofty
Loftier
Loftiest
Log
Logs
Logged
Logging
Loganberry
Loganberries
Logarithm
Logarithms
Logarithmic
Logbook
Logbooks
Loge
Loges
Logger
Loggers
Loggerhead
Loggerheads
Loggia
Loggias
Loggings
Logic
Logics
Logical
Logicality
Logicalities
Logically
Logician
Logicians
Logistic
Logistics
Logistical
Logistically
Logjam
Logjams
Logo
Logos
Logotype
Logotypes
Logrolling
Logrollings
Logy
Logier
Logiest
Loin
Loins
Loincloth
Loincloths
Loiter
Loitered
Loitering
Loiters
Loiterer
Loiterers
Loiterings
Loll
Lolls
Lolled
Lolling
Lollipop
Lollipops
Lollygag
Lollygagged
Lollygagging
Lollygags
Lollypop
Lollypops
Lone
Loneliness
Lonelinesses
Lonely
Lonelier
Loneliest
Loner
Loners
Lonesome
Lonesomely
Lonesomeness
Lonesomenesses
Long
Longer
Longest
Longs
Longed
Longing
Longboat
Longboats
Longbow
Longbows
Longevity
Longevities
Longhair
Longhairs
Longhand
Longhands
Longhorn
Longhorns
Longings
Longingly
Longish
Longitude
Longitudes
Longitudinal
Longitudinally
Longshoreman
Longshoremen
Longsighted
Longstanding
Longtime
Longueur
Longueurs
Longways
Loofah
Loofahs
Look
Looks
Looked
Looking
Lookalike
Lookalikes
Looker
Lookers
Lookout
Lookouts
Loom
Looms
Loomed
Looming
Loon
Loons
Looney
Loonier
Looniest
Looneys
Loonies
Loony
Loop
Loops
Looped
Looping
Loophole
Loopholes
Loopholed
Loopholing
Loopy
Loopier
Loopiest
Loose
Looser
Loosest
Loosed
Loosing
Looses
Loosely
Loosen
Loosened
Loosening
Loosens
Looseness
Loosenesses
Loot
Loots
Looted
Looting
Looter
Looters
Lootings
Lop
Lops
Lopped
Lopping
Lope
Lopes
Loped
Loping
Lopsided
Lopsidedly
Lopsidedness
Lopsidednesses
Loquacious
Loquaciousness
Loquaciousnesses
Loquacity
Loquacities
Lord
Lords
Lorded
Lording
Lordliness
Lordlinesses
Lordly
Lordlier
Lordliest
Lordship
Lordships
Lore
Lores
Lorgnette
Lorgnettes
Loris
Lorises
Lorn
Lorry
Lorries
Lose
Lost
Losing
Loses
Loser
Losers
Losings
Loss
Losses
Lot
Lots
Lotted
Lotting
Loth
Lother
Lothest
Lotion
Lotions
Lottery
Lotteries
Lotto
Lottos
Lotus
Lotuses
Loud
Louder
Loudest
Loudhailer
Loudhailers
Loudly
Loudlier
Loudliest
Loudmouth
Loudmouths
Loudmouthed
Loudness
Loudnesses
Loudspeaker
Loudspeakers
Lounge
Lounges
Lounged
Lounging
Lounger
Loungers
Lour
Loured
Louring
Lours
Louse
Lice
Louses
Lousily
Lousiness
Lousinesses
Lousy
Lousier
Lousiest
Lout
Louts
Louted
Louting
Loutish
Loutishly
Louver
Louvers
Louvered
Louvering
Louvre
Louvres
Louvred
Lovable
Lovableness
Lovablenesses
Lovably
Love
Loves
Loved
Loving
Loveable
Lovebird
Lovebirds
Lovechild
Lovechildren
Loveless
Loveliness
Lovelinesses
Lovelorn
Lovely
Lovelier
Loveliest
Lovelies
Lovemaking
Lovemakings
Lover
Lovers
Loveseat
Loveseats
Lovesick
Lovingly
Low
Lower
Lowest
Lows
Lowed
Lowing
Lowborn
Lowboy
Lowboys
Lowbrow
Lowbrows
Lowdown
Lowdowns
Lowers
Lowered
Lowering
Lowercase
Lowercases
Lowercased
Lowercasing
Lowermost
Lowland
Lowlands
Lowlander
Lowlanders
Lowlife
Lowlifes
Lowlives
Lowliness
Lowlinesses
Lowly
Lowlier
Lowliest
Lowness
Lownesses
Lox
Loxes
Loyal
Loyaler
Loyaller
Loyalest
Loyallest
Loyalism
Loyalisms
Loyalist
Loyalists
Loyally
Loyalty
Loyalties
Lozenge
Lozenges
Luau
Luaus
Lubber
Lubbers
Lubberly
Lube
Lubes
Lubed
Lubing
Lubricant
Lubricants
Lubricate
Lubricated
Lubricating
Lubricates
Lubrication
Lubrications
Lubricator
Lubricators
Lubricious
Lubricity
Lubricities
Lucid
Lucider
Lucidest
Lucidity
Lucidities
Lucidly
Lucidness
Lucidnesses
Luck
Lucks
Lucked
Lucking
Luckily
Luckiness
Luckinesses
Luckless
Lucky
Luckier
Luckiest
Luckies
Lucrative
Lucratively
Lucrativeness
Lucrativenesses
Lucre
Lucres
Lucubrate
Lucubrated
Lucubrating
Lucubrates
Lucubration
Lucubrations
Ludicrous
Ludicrously
Ludicrousness
Ludicrousnesses
Luff
Luffs
Luffed
Luffing
Lug
Lugs
Lugged
Lugging
Luggage
Luggages
Lugger
Luggers
Lugsail
Lugsails
Lugubrious
Lugubriously
Lugubriousness
Lugubriousnesses
Lukewarm
Lukewarmly
Lukewarmness
Lukewarmnesses
Lull
Lulls
Lulled
Lulling
Lullaby
Lullabies
Lullabied
Lullabying
Lumbago
Lumbagos
Lumbar
Lumbars
Lumber
Lumbers
Lumbered
Lumbering
Lumberer
Lumberers
Lumberings
Lumberjack
Lumberjacks
Lumberman
Lumbermen
Lumberyard
Lumberyards
Luminary
Luminaries
Luminescence
Luminescences
Luminescent
Luminosity
Luminosities
Luminous
Luminously
Lummox
Lummoxes
Lump
Lumps
Lumped
Lumping
Lumpiness
Lumpinesses
Lumpish
Lumpy
Lumpier
Lumpiest
Lunacy
Lunacies
Lunar
Lunars
Lunatic
Lunatics
Lunch
Lunches
Lunched
Lunching
Luncheon
Luncheons
Luncheonette
Luncheonettes
Lunchroom
Lunchrooms
Lunchtime
Lunchtimes
Lung
Lungs
Lunge
Lunges
Lunged
Lunging
Lungfish
Lungfishes
Lunkhead
Lunkheads
Lupin
Lupins
Lupine
Lupines
Lupus
Lupuses
Lurch
Lurches
Lurched
Lurching
Lure
Lures
Lured
Luring
Lurid
Lurider
Luridest
Luridly
Luridness
Luridnesses
Lurk
Lurks
Lurked
Lurking
Luscious
Lusciously
Lusciousness
Lusciousnesses
Lush
Lusher
Lushest
Lushes
Lushed
Lushing
Lushly
Lushness
Lushnesses
Lust
Lusts
Lusted
Lusting
Luster
Lusters
Lustered
Lustering
Lusterless
Lustful
Lustfully
Lustily
Lustiness
Lustinesses
Lustre
Lustres
Lustred
Lustring
Lustrous
Lustrously
Lusty
Lustier
Lustiest
Lutanist
Lutanists
Lute
Lutes
Luted
Luting
Lutenist
Lutenists
Lutetium
Lutetiums
Luxuriance
Luxuriances
Luxuriant
Luxuriantly
Luxuriate
Luxuriated
Luxuriating
Luxuriates
Luxuriation
Luxuriations
Luxurious
Luxuriously
Luxuriousness
Luxuriousnesses
Luxury
Luxuries
Lyceum
Lyceums
Lychee
Lychees
Lye
Lyes
Lyings
Lymph
Lymphs
Lymphatic
Lymphatics
Lymphocyte
Lymphocytes
Lymphoid
Lymphoma
Lymphomas
Lymphomata
Lynch
Lynched
Lynching
Lynches
Lyncher
Lynchers
Lynchings
Lynchpin
Lynchpins
Lynx
Lynxes
Lyre
Lyres
Lyrebird
Lyrebirds
Lyric
Lyrics
Lyrical
Lyrically
Lyricism
Lyricisms
Lyricist
Lyricists
Mas
Mac
Macs
Macabre
Macadam
Macadams
Macadamia
Macadamias
Macadamize
Macadamized
Macadamizing
Macadamizes
Macaque
Macaques
Macaroni
Macaronis
Macaronies
Macaroon
Macaroons
Macaw
Macaws
Mace
Maces
Maced
Macing
Macerate
Macerated
Macerating
Macerates
Maceration
Macerations
Mach
Machs
Machete
Machetes
Machinate
Machinated
Machinating
Machinates
Machination
Machinations
Machine
Machines
Machined
Machining
Machinery
Machineries
Machinist
Machinists
Machismo
Machismos
Macho
Machos
Macintosh
Macintoshes
Mackerel
Mackerels
Mackinaw
Mackinaws
Mackintosh
Mackintoshes
Macrame
Macrames
Macramed
Macrameed
Macrameing
Macro
Macros
Macrobiotic
Macrobiotics
Macrocosm
Macrocosms
Macroeconomics
Macron
Macrons
Macroscopic
Mad
Madder
Maddest
Mads
Madded
Madding
Madam
Mesdames
Madams
Madame
Madcap
Madcaps
Madden
Maddened
Maddening
Maddens
Maddeningly
Madders
Mademoiselle
Mademoiselles
Mesdemoiselles
Madhouse
Madhouses
Madly
Madman
Madmen
Madness
Madnesses
Madras
Madrases
Madrigal
Madrigals
Madwoman
Madwomen
Maelstrom
Maelstroms
Maestro
Maestros
Maestri
Mafia
Mafias
Mafioso
Mafiosi
Mafiosos
Mag
Mags
Magged
Magging
Magazine
Magazines
Magenta
Magentas
Maggot
Maggots
Maggoty
Maggotier
Maggotiest
Magi
Magic
Magics
Magical
Magically
Magician
Magicians
Magisterial
Magisterially
Magistracy
Magistracies
Magistrate
Magistrates
Magma
Magmas
Magmata
Magnanimity
Magnanimities
Magnanimous
Magnanimously
Magnate
Magnates
Magnesia
Magnesias
Magnesium
Magnesiums
Magnet
Magnets
Magnetic
Magnetically
Magnetise
Magnetised
Magnetising
Magnetises
Magnetism
Magnetisms
Magnetite
Magnetites
Magnetizable
Magnetization
Magnetizations
Magnetize
Magnetized
Magnetizing
Magnetizes
Magneto
Magnetos
Magnetometer
Magnetometers
Magnification
Magnifications
Magnificence
Magnificences
Magnificent
Magnificently
Magnifier
Magnifiers
Magnify
Magnified
Magnifying
Magnifies
Magniloquence
Magniloquences
Magniloquent
Magnitude
Magnitudes
Magnolia
Magnolias
Magnum
Magnums
Magpie
Magpies
Maharaja
Maharajas
Maharajah
Maharajahs
Maharanee
Maharanees
Maharani
Maharanis
Maharishi
Maharishis
Mahatma
Mahatmas
Mahjong
Mahjongs
Mahogany
Mahoganies
Mahout
Mahouts
Maid
Maids
Maiden
Maidens
Maidenhair
Maidenhairs
Maidenhead
Maidenheads
Maidenhood
Maidenhoods
Maidenly
Maidservant
Maidservants
Mail
Mails
Mailed
Mailing
Mailbag
Mailbags
Mailbox
Mailboxes
Mailer
Mailers
Mailings
Maillot
Maillots
Mailman
Mailmen
Maim
Maims
Maimed
Maiming
Main
Mainer
Mainest
Mains
Mained
Maining
Mainframe
Mainframes
Mainland
Mainlands
Mainline
Mainlines
Mainlined
Mainlining
Mainly
Mainmast
Mainmasts
Mainsail
Mainsails
Mainspring
Mainsprings
Mainstay
Mainstays
Mainstream
Mainstreams
Mainstreamed
Mainstreaming
Maintain
Maintained
Maintaining
Maintains
Maintainable
Maintenance
Maintenances
Maintop
Maintops
Maiolica
Maiolicas
Maisonette
Maisonettes
Maize
Maizes
Majestic
Majestically
Majesty
Majesties
Majolica
Majolicas
Major
Majors
Majored
Majoring
Majordomo
Majordomos
Majorette
Majorettes
Majority
Majorities
Make
Makes
Made
Making
Makeover
Makeovers
Maker
Makers
Makeshift
Makeshifts
Makeup
Makeups
Makings
Malachite
Malachites
Maladjusted
Maladjustment
Maladjustments
Maladroit
Maladroitly
Maladroitness
Maladroitnesses
Malady
Maladies
Malaise
Malaises
Malamute
Malamutes
Malapropism
Malapropisms
Malaria
Malarias
Malarial
Malarkey
Malarkeys
Malathion
Malathions
Malcontent
Malcontents
Male
Males
Malediction
Maledictions
Malefaction
Malefactions
Malefactor
Malefactors
Malefic
Maleficence
Maleficences
Maleficent
Maleness
Malenesses
Malevolence
Malevolences
Malevolent
Malevolently
Malfeasance
Malfeasances
Malformation
Malformations
Malformed
Malfunction
Malfunctions
Malfunctioned
Malfunctioning
Malice
Malices
Malicious
Maliciously
Maliciousness
Maliciousnesses
Malign
Maligned
Maligning
Maligns
Malignancy
Malignancies
Malignant
Malignantly
Malignity
Malignities
Malinger
Malingered
Malingering
Malingers
Malingerer
Malingerers
Mall
Malls
Mallard
Mallards
Malleability
Malleabilities
Malleable
Mallet
Mallets
Mallow
Mallows
Malnourished
Malnutrition
Malnutritions
Malocclusion
Malocclusions
Malodorous
Malpractice
Malpractices
Malt
Malts
Malted
Malting
Malteds
Maltose
Maltoses
Maltreat
Maltreated
Maltreating
Maltreats
Maltreatment
Maltreatments
Malty
Maltier
Maltiest
Mama
Mamas
Mamba
Mambas
Mambo
Mambos
Mamboed
Mamboing
Mamma
Mammas
Mammae
Mammal
Mammals
Mammalian
Mammalians
Mammary
Mammogram
Mammograms
Mammography
Mammographies
Mammon
Mammons
Mammoth
Mammoths
Mammy
Mammies
Man
Men
Manned
Manning
Mans
Manacle
Manacles
Manacled
Manacling
Manage
Managed
Managing
Manages
Manageability
Manageabilities
Manageable
Management
Managements
Manager
Managers
Managerial
Manana
Mananas
Manatee
Manatees
Mandala
Mandalas
Mandamus
Mandamuses
Mandamused
Mandamusing
Mandarin
Mandarins
Mandate
Mandates
Mandated
Mandating
Mandatory
Mandatories
Mandible
Mandibles
Mandibular
Mandolin
Mandolins
Mandrake
Mandrakes
Mandrel
Mandrels
Mandril
Mandrils
Mandrill
Mandrills
Mane
Manes
Maned
Manege
Maneges
Maneuver
Maneuvers
Maneuvered
Maneuvering
Maneuverability
Maneuverabilities
Maneuverable
Manful
Manfully
Manganese
Manganeses
Mange
Manges
Manger
Mangers
Manginess
Manginesses
Mangle
Mangles
Mangled
Mangling
Mango
Mangoes
Mangos
Mangrove
Mangroves
Mangy
Mangier
Mangiest
Manhandle
Manhandled
Manhandling
Manhandles
Manhole
Manholes
Manhood
Manhoods
Manhunt
Manhunts
Mania
Manias
Maniac
Maniacs
Maniacal
Maniacally
Manic
Manics
Manically
Manicure
Manicures
Manicured
Manicuring
Manicurist
Manicurists
Manifest
Manifests
Manifested
Manifesting
Manifestation
Manifestations
Manifestly
Manifesto
Manifestos
Manifestoes
Manifold
Manifolds
Manifolded
Manifolding
Manikin
Manikins
Manila
Manilas
Manilla
Manillas
Manioc
Maniocs
Manipulable
Manipulate
Manipulated
Manipulating
Manipulates
Manipulation
Manipulations
Manipulative
Manipulatively
Manipulator
Manipulators
Mankind
Manlike
Manliness
Manlinesses
Manly
Manlier
Manliest
Manna
Mannas
Mannequin
Mannequins
Manner
Manners
Mannered
Mannerism
Mannerisms
Mannerly
Mannikin
Mannikins
Mannish
Mannishly
Mannishness
Mannishnesses
Manoeuvre
Manoeuvres
Manoeuvred
Manoeuvring
Manometer
Manometers
Manor
Manors
Manorial
Manpower
Manpowers
Manque
Mansard
Mansards
Manse
Manses
Manservant
Menservants
Mansion
Mansions
Manslaughter
Manslaughters
Manta
Mantas
Mantel
Mantels
Mantelpiece
Mantelpieces
Mantilla
Mantillas
Mantis
Mantises
Mantes
Mantissa
Mantissas
Mantle
Mantles
Mantled
Mantling
Mantra
Mantras
Manual
Manuals
Manually
Manufacture
Manufactures
Manufactured
Manufacturing
Manufacturer
Manufacturers
Manufacturings
Manumission
Manumissions
Manumit
Manumitted
Manumitting
Manumits
Manure
Manures
Manured
Manuring
Manuscript
Manuscripts
Many
More
Most
Map
Maps
Mapped
Mapping
Maple
Maples
Mapmaker
Mapmakers
Mapper
Mappers
Mar
Marred
Marring
Mars
Marabou
Marabous
Marabout
Marabouts
Maraca
Maracas
Maraschino
Maraschinos
Marathon
Marathons
Marathoner
Marathoners
Maraud
Marauds
Marauded
Marauding
Marauder
Marauders
Marble
Marbles
Marbled
Marbling
Marbleize
Marbleized
Marbleizing
Marbleizes
Marblings
March
Marches
Marched
Marching
Marcher
Marchers
Marchioness
Marchionesses
Mare
Mares
Maria
Margarine
Margarines
Margarita
Margaritas
Margin
Margins
Margined
Margining
Marginal
Marginalia
Marginalization
Marginalizations
Marginalize
Marginalized
Marginalizing
Marginalizes
Marginally
Mariachi
Mariachis
Marigold
Marigolds
Marihuana
Marihuanas
Marijuana
Marijuanas
Marimba
Marimbas
Marina
Marinas
Marinade
Marinades
Marinaded
Marinading
Marinara
Marinaras
Marinate
Marinated
Marinating
Marinates
Marination
Marinations
Marine
Marines
Mariner
Mariners
Marionette
Marionettes
Marital
Maritally
Maritime
Marjoram
Marjorams
Mark
Marks
Marked
Marking
Markdown
Markdowns
Markedly
Marker
Markers
Market
Markets
Marketed
Marketing
Marketability
Marketabilities
Marketable
Marketeer
Marketeers
Marketer
Marketers
Marketings
Marketplace
Marketplaces
Markings
Markka
Markkaa
Markkas
Marksman
Marksmen
Marksmanship
Marksmanships
Markup
Markups
Marl
Marls
Marled
Marling
Marlin
Marlins
Marlinespike
Marlinespikes
Marlinspike
Marlinspikes
Marmalade
Marmalades
Marmoreal
Marmoset
Marmosets
Marmot
Marmots
Maroon
Maroons
Marooned
Marooning
Marque
Marques
Marquee
Marquees
Marquess
Marquesses
Marquetry
Marquetries
Marquis
Marquises
Marquise
Marquisette
Marquisettes
Marriage
Marriages
Marriageability
Marriageabilities
Marriageable
Married
Marrieds
Marrow
Marrows
Marry
Marrying
Marries
Marsh
Marshes
Marshal
Marshals
Marshaled
Marshalled
Marshaling
Marshalling
Marshland
Marshlands
Marshmallow
Marshmallows
Marshy
Marshier
Marshiest
Marsupial
Marsupials
Mart
Marts
Marten
Martens
Martial
Martially
Martin
Martins
Martinet
Martinets
Martingale
Martingales
Martini
Martinis
Martyr
Martyrs
Martyred
Martyring
Martyrdom
Martyrdoms
Marvel
Marvels
Marveled
Marvelled
Marveling
Marvelling
Marvellous
Marvellously
Marvelous
Marvelously
Marzipan
Marzipans
Mascara
Mascaras
Mascaraed
Mascaraing
Mascot
Mascots
Masculine
Masculines
Masculinity
Masculinities
Maser
Masers
Mash
Mashes
Mashed
Mashing
Masher
Mashers
Mask
Masks
Masked
Masking
Masker
Maskers
Masochism
Masochisms
Masochist
Masochists
Masochistic
Masochistically
Mason
Masons
Masoned
Masoning
Masonry
Masonries
Masque
Masques
Masquerade
Masquerades
Masqueraded
Masquerading
Masquerader
Masqueraders
Mass
Masses
Massed
Massing
Massacre
Massacres
Massacred
Massacring
Massage
Massages
Massaged
Massaging
Masseur
Masseurs
Masseuse
Masseuses
Massif
Massifs
Massive
Massively
Massiveness
Massivenesses
Mast
Masts
Masted
Masting
Mastectomy
Mastectomies
Master
Masters
Mastered
Mastering
Masterful
Masterfully
Masterly
Mastermind
Masterminds
Masterminded
Masterminding
Masterpiece
Masterpieces
Masterstroke
Masterstrokes
Masterwork
Masterworks
Mastery
Masteries
Masthead
Mastheads
Mastheaded
Mastheading
Mastic
Mastics
Masticate
Masticated
Masticating
Masticates
Mastication
Mastications
Mastiff
Mastiffs
Mastodon
Mastodons
Mastoid
Mastoids
Masturbate
Masturbated
Masturbating
Masturbates
Masturbation
Masturbations
Masturbatory
Mat
Mats
Matted
Matting
Matador
Matadors
Match
Matches
Matched
Matching
Matchbook
Matchbooks
Matchbox
Matchboxes
Matchless
Matchlock
Matchlocks
Matchmaker
Matchmakers
Matchmaking
Matchmakings
Matchstick
Matchsticks
Matchwood
Matchwoods
Mate
Mates
Mated
Mating
Material
Materials
Materialise
Materialised
Materialising
Materialises
Materialism
Materialisms
Materialist
Materialists
Materialistic
Materialistically
Materialization
Materializations
Materialize
Materialized
Materializing
Materializes
Materially
Materiel
Materiels
Maternal
Maternally
Maternity
Maternities
Math
Maths
Mathematical
Mathematically
Mathematician
Mathematicians
Mathematics
Matinee
Matinees
Matings
Matins
Matriarch
Matriarchs
Matriarchal
Matriarchy
Matriarchies
Matricidal
Matricide
Matricides
Matriculate
Matriculates
Matriculated
Matriculating
Matriculation
Matriculations
Matrimonial
Matrimony
Matrimonies
Matrix
Matrices
Matrixes
Matron
Matrons
Matronly
Matt
Matts
Matte
Mattes
Matter
Matters
Mattered
Mattering
Mattings
Mattins
Mattock
Mattocks
Mattress
Mattresses
Maturate
Maturated
Maturating
Maturates
Maturation
Maturations
Mature
Maturer
Maturest
Matured
Maturing
Matures
Maturely
Maturity
Maturities
Matzo
Matzoth
Matzos
Matzot
Matzoh
Matzohs
Maudlin
Maul
Mauls
Mauled
Mauling
Mauler
Maulers
Maunder
Maundered
Maundering
Maunders
Mausoleum
Mausoleums
Mausolea
Mauve
Mauver
Mauvest
Mauves
Maven
Mavens
Maverick
Mavericks
Mavin
Mavins
Maw
Maws
Mawkish
Mawkishly
Mawkishness
Mawkishnesses
Max
Maxes
Maxed
Maxing
Maxi
Maxis
Maxilla
Maxillae
Maxillas
Maxillary
Maxillaries
Maxim
Maxims
Maximal
Maximally
Maximization
Maximizations
Maximize
Maximized
Maximizing
Maximizes
Maximum
Maximums
Maxima
May
Mays
Might
@mayst
Maybe
Maybes
Mayday
Maydays
Mayflower
Mayflowers
Mayfly
Mayflies
Mayhem
Mayhems
Mayo
Mayos
Mayonnaise
Mayonnaises
Mayor
Mayors
Mayoral
Mayoralty
Mayoralties
Mayoress
Mayoresses
Maypole
Maypoles
Maze
Mazes
Mazed
Mazing
Mazourka
Mazourkas
Mazurka
Mazurkas
Mead
Meads
Meadow
Meadows
Meadowlark
Meadowlarks
Meager
Meagerer
Meagerest
Meagerly
Meagerness
Meagernesses
Meagre
Meagrer
Meagrest
Meagres
Meal
Meals
Mealiness
Mealinesses
Mealtime
Mealtimes
Mealy
Mealier
Mealiest
Mealybug
Mealybugs
Mealymouthed
Mean
Meaner
Meanest
Means
Meant
Meaning
Meander
Meanders
Meandered
Meandering
Meanderings
Meanie
Meanies
Meanings
Meaningful
Meaningfully
Meaningfulness
Meaningfulnesses
Meaningless
Meaninglessly
Meaninglessness
Meaninglessnesses
Meanly
Meanness
Meannesses
Meantime
Meantimes
Meanwhile
Meanwhiles
Meany
Measles
Measly
Measlier
Measliest
Measurable
Measurably
Measure
Measures
Measured
Measuring
Measureless
Measurement
Measurements
Meat
Meats
Meatball
Meatballs
Meatiness
Meatinesses
Meatless
Meatloaf
Meatloaves
Meatpacking
Meatpackings
Meaty
Meatier
Meatiest
Mecca
Meccas
Mechanic
Mechanics
Mechanical
Mechanicals
Mechanically
Mechanism
Mechanisms
Mechanistic
Mechanistically
Mechanization
Mechanizations
Mechanize
Mechanized
Mechanizing
Mechanizes
Medal
Medals
Medaled
Medalled
Medaling
Medalling
Medalist
Medalists
Medallion
Medallions
Medallist
Medallists
Meddle
Meddled
Meddling
Meddles
Meddler
Meddlers
Meddlesome
Media
Medias
Mediaeval
Mediaevals
Medial
Medials
Medially
Median
Medians
Mediate
Mediated
Mediating
Mediates
Mediation
Mediations
Mediator
Mediators
Medic
Medics
Medicaid
Medicaids
Medical
Medicals
Medically
Medicament
Medicaments
Medicare
Medicares
Medicate
Medicated
Medicating
Medicates
Medication
Medications
Medicinal
Medicinally
Medicine
Medicines
Medicined
Medicining
Medico
Medicos
Medieval
Medievals
Medievalist
Medievalists
Mediocre
Mediocrity
Mediocrities
Meditate
Meditated
Meditating
Meditates
Meditation
Meditations
Meditative
Meditatively
Medium
Mediums
Medley
Medleys
Medulla
Medullas
Medullae
Meed
Meeds
Meek
Meeker
Meekest
Meekly
Meekness
Meeknesses
Meerschaum
Meerschaums
Meet
Meeter
Meetest
Meets
Met
Meeting
Meetings
Meetinghouse
Meetinghouses
Mega
Megabit
Megabits
Megabucks
Megabyte
Megabytes
Megacycle
Megacycles
Megadeath
Megadeaths
Megahertz
Megahertzes
Megalith
Megaliths
Megalithic
Megalomania
Megalomanias
Megalomaniac
Megalomaniacs
Megalopolis
Megalopolises
Megaphone
Megaphones
Megaphoned
Megaphoning
Megaton
Megatons
Megawatt
Megawatts
Meiosis
Meioses
Meiotic
Melamine
Melamines
Melancholia
Melancholias
Melancholic
Melancholy
Melancholies
Melange
Melanges
Melanin
Melanins
Melanoma
Melanomas
Melanomata
Meld
Melds
Melded
Melding
Melee
Melees
Meliorate
Meliorated
Meliorating
Meliorates
Melioration
Meliorations
Meliorative
Mellifluous
Mellifluously
Mellifluousness
Mellifluousnesses
Mellow
Mellower
Mellowest
Mellowed
Mellowing
Mellows
Mellowly
Mellowness
Mellownesses
Melodic
Melodically
Melodious
Melodiously
Melodiousness
Melodiousnesses
Melodrama
Melodramas
Melodramatic
Melodramatically
Melodramatics
Melody
Melodies
Melon
Melons
Melt
Melts
Melted
Molten
Melting
Meltdown
Meltdowns
Member
Members
Membership
Memberships
Membrane
Membranes
Membranous
Memento
Mementos
Mementoes
Memo
Memos
Memoir
Memoirs
Memorabilia
Memorability
Memorabilities
Memorable
Memorably
Memorandum
Memorandums
Memoranda
Memorial
Memorials
Memorialize
Memorialized
Memorializing
Memorializes
Memorization
Memorizations
Memorize
Memorized
Memorizing
Memorizes
Memory
Memories
Menace
Menaces
Menaced
Menacing
Menacingly
Menage
Menages
Menagerie
Menageries
Mend
Mends
Mended
Mending
Mendacious
Mendaciously
Mendacity
Mendacities
Mendelevium
Mendeleviums
Mender
Menders
Mendicancy
Mendicancies
Mendicant
Mendicants
Mendings
Menfolk
Menfolks
Menhaden
Menhadens
Menial
Menials
Menially
Meningeal
Meningitis
Meningitides
Meninx
Meninges
Meniscus
Menisci
Meniscuses
Menopausal
Menopause
Menopauses
Menorah
Menorahs
Mensch
Mensches
Menses
Menstrual
Menstruate
Menstruated
Menstruating
Menstruates
Menstruation
Menstruations
Mensurable
Mensuration
Mensurations
Menswear
Menswears
Mental
Mentalist
Mentalists
Mentality
Mentalities
Mentally
Menthol
Menthols
Mentholated
Mention
Mentions
Mentioned
Mentioning
Mentor
Mentors
Mentored
Mentoring
Menu
Menus
Meow
Meows
Meowed
Meowing
Mercantile
Mercantilism
Mercantilisms
Mercenary
Mercenaries
Mercer
Mercers
Mercerize
Mercerized
Mercerizing
Mercerizes
Merchandise
Merchandises
Merchandised
Merchandising
Merchandiser
Merchandisers
Merchandisings
Merchandize
Merchandized
Merchandizing
Merchandizes
Merchant
Merchants
Merchantable
Merchantman
Merchantmen
Merciful
Mercifully
Merciless
Mercilessly
Mercilessness
Mercilessnesses
Mercurial
Mercurials
Mercurially
Mercuric
Mercury
Mercuries
Mercy
Mercies
Mere
Merer
Merest
Meres
Merely
Meretricious
Meretriciously
Meretriciousness
Meretriciousnesses
Merganser
Mergansers
Merge
Merged
Merging
Merges
Merger
Mergers
Meridian
Meridians
Meringue
Meringues
Meringued
Meringuing
Merino
Merinos
Merit
Merits
Merited
Meriting
Meritocracy
Meritocracies
Meritorious
Meritoriously
Meritoriousness
Meritoriousnesses
Mermaid
Mermaids
Merman
Mermen
Merrily
Merriment
Merriments
Merriness
Merrinesses
Merry
Merrier
Merriest
Merrymaker
Merrymakers
Merrymaking
Merrymakings
Mesa
Mesas
Mescal
Mescals
Mescaline
Mescalines
Mesh
Meshes
Meshed
Meshing
Mesmerism
Mesmerisms
Mesmerize
Mesmerized
Mesmerizing
Mesmerizes
Mesmerizer
Mesmerizers
Mesomorph
Mesomorphs
Meson
Mesons
Mesosphere
Mesospheres
Mesquit
Mesquits
Mesquite
Mesquites
Mess
Messes
Messed
Messing
Message
Messages
Messaged
Messaging
Messenger
Messengers
Messengered
Messengering
Messiah
Messiahs
Messianic
Messily
Messiness
Messinesses
Messmate
Messmates
Messy
Messier
Messiest
Mestizo
Mestizos
Mestizoes
Metabolic
Metabolically
Metabolism
Metabolisms
Metabolite
Metabolites
Metabolize
Metabolized
Metabolizing
Metabolizes
Metacarpal
Metacarpals
Metacarpus
Metacarpi
Metal
Metals
Metaled
Metalled
Metaling
Metalling
Metalanguage
Metalanguages
Metallic
Metallics
Metallurgic
Metallurgical
Metallurgist
Metallurgists
Metallurgy
Metallurgies
Metalwork
Metalworks
Metalworker
Metalworkers
Metalworking
Metalworkings
Metamorphic
Metamorphism
Metamorphisms
Metamorphose
Metamorphosed
Metamorphosing
Metamorphoses
Metamorphosis
Metaphor
Metaphors
Metaphoric
Metaphorical
Metaphorically
Metaphysical
Metaphysically
Metaphysics
Metastasis
Metastases
Metastasize
Metastasized
Metastasizing
Metastasizes
Metastatic
Metatarsal
Metatarsals
Metatarsus
Metatarsi
Metathesis
Metatheses
Mete
Metes
Meted
Meting
Metempsychosis
Metempsychoses
Meteor
Meteors
Meteoric
Meteorically
Meteorite
Meteorites
Meteoroid
Meteoroids
Meteorologic
Meteorological
Meteorologist
Meteorologists
Meteorology
Meteorologies
Meter
Meters
Metered
Metering
Methadon
Methadons
Methadone
Methadones
Methamphetamine
Methamphetamines
Methane
Methanes
Methanol
Methanols
Methinks
Methought
Method
Methods
Methodical
Methodically
Methodicalness
Methodicalnesses
Methodological
Methodologically
Methodology
Methodologies
Methyl
Methyls
Meticulous
Meticulously
Meticulousness
Meticulousnesses
Metier
Metiers
Metre
Metres
Metred
Metring
Metric
Metrics
Metrical
Metrically
Metricate
Metricated
Metricating
Metricates
Metrication
Metrications
Metricize
Metricized
Metricizing
Metricizes
Metro
Metros
Metronome
Metronomes
Metropolis
Metropolises
Metropolitan
Metropolitans
Mettle
Mettles
Mettlesome
Mew
Mews
Mewed
Mewing
Mewl
Mewled
Mewling
Mewls
Mezzanine
Mezzanines
Mezzo
Mezzos
Mis
Miasma
Miasmas
Miasmata
Mica
Micas
Mickey
Mickeys
Micro
Micros
Microbe
Microbes
Microbial
Microbiological
Microbiologist
Microbiologists
Microbiology
Microbiologies
Microbrewery
Microbreweries
Microchip
Microchips
Microcircuit
Microcircuits
Microcomputer
Microcomputers
Microcosm
Microcosms
Microcosmic
Microdot
Microdots
Microeconomics
Microelectronic
Microelectronics
Microfiber
Microfibers
Microfiche
Microfiches
Microfilm
Microfilms
Microfilmed
Microfilming
Microgroove
Microgrooves
Microlight
Microlights
Micromanage
Micromanaged
Micromanaging
Micromanages
Micromanagement
Micromanagements
Micrometeorite
Micrometeorites
Micrometer
Micrometers
Micron
Microns
Micra
Microorganism
Microorganisms
Microphone
Microphones
Microprocessor
Microprocessors
Microscope
Microscopes
Microscopic
Microscopical
Microscopically
Microscopy
Microscopies
Microsecond
Microseconds
Microsurgery
Microsurgeries
Microwavable
Microwave
Microwaves
Microwaved
Microwaving
Microwaveable
Mid
Mids
Midair
Midairs
Midday
Middays
Midden
Middens
Middle
Middles
Middled
Middling
Middlebrow
Middlebrows
Middleman
Middlemen
Middlemost
Middleweight
Middleweights
Middlings
Middy
Middies
Midge
Midges
Midget
Midgets
Midi
Midis
Midland
Midlands
Midlife
Midlives
Midmost
Midnight
Midnights
Midpoint
Midpoints
Midrib
Midribs
Midriff
Midriffs
Midsection
Midsections
Midshipman
Midshipmen
Midships
Midsize
Midst
Midsts
Midstream
Midstreams
Midsummer
Midsummers
Midterm
Midterms
Midtown
Midtowns
Midway
Midways
Midweek
Midweeks
Midwife
Midwives
Midwifed
Midwived
Midwifing
Midwiving
Midwifes
Midwifery
Midwiferies
Midwinter
Midwinters
Midyear
Midyears
Mien
Miens
Miff
Miffs
Miffed
Miffing
Mights
Mightily
Mightiness
Mightinesses
Mighty
Mightier
Mightiest
Mignonette
Mignonettes
Migraine
Migraines
Migrant
Migrants
Migrate
Migrated
Migrating
Migrates
Migration
Migrations
Migratory
Mikado
Mikados
Mike
Mikes
Miked
Miking
Mil
Mils
Milady
Miladies
Milch
Mild
Milder
Mildest
Milds
Mildew
Mildews
Mildewed
Mildewing
Mildly
Mildness
Mildnesses
Mile
Miles
Mileage
Mileages
Milepost
Mileposts
Miler
Milers
Milestone
Milestones
Milieu
Milieus
Milieux
Militancy
Militancies
Militant
Militants
Militantly
Militarily
Militarism
Militarisms
Militarist
Militarists
Militaristic
Militarization
Militarizations
Militarize
Militarized
Militarizing
Militarizes
Military
Militaries
Militate
Militated
Militating
Militates
Militia
Militias
Militiaman
Militiamen
Milk
Milks
Milked
Milking
Milker
Milkers
Milkiness
Milkinesses
Milkmaid
Milkmaids
Milkman
Milkmen
Milkshake
Milkshakes
Milksop
Milksops
Milkweed
Milkweeds
Milky
Milkier
Milkiest
Mill
Mills
Milled
Milling
Millage
Millages
Millennial
Millennium
Millenniums
Millennia
Millepede
Millepedes
Miller
Millers
Millet
Millets
Milliard
Milliards
Millibar
Millibars
Milligram
Milligrams
Milliliter
Milliliters
Millilitre
Millilitres
Millimeter
Millimeters
Millimetre
Millimetres
Milliner
Milliners
Millinery
Millineries
Millings
Million
Millions
Millionaire
Millionaires
Millionnaire
Millionnaires
Millionth
Millionths
Millipede
Millipedes
Millisecond
Milliseconds
Millpond
Millponds
Millrace
Millraces
Millstone
Millstones
Millstream
Millstreams
Millwright
Millwrights
Milquetoast
Milquetoasts
Milt
Milts
Milted
Milting
Mime
Mimes
Mimed
Miming
Mimeograph
Mimeographs
Mimeographed
Mimeographing
Mimetic
Mimic
Mimics
Mimicked
Mimicking
Mimicker
Mimickers
Mimicry
Mimicries
Mimosa
Mimosas
Minaret
Minarets
Minatory
Mince
Minces
Minced
Mincing
Mincemeat
Mincemeats
Mincer
Mincers
Mind
Minds
Minded
Minding
Mindful
Mindfully
Mindfulness
Mindfulnesses
Mindless
Mindlessly
Mindlessness
Mindlessnesses
Mindset
Mindsets
Mine
Mines
Mined
Mining
Minefield
Minefields
Miner
Miners
Mineral
Minerals
Mineralogical
Mineralogist
Mineralogists
Mineralogy
Mineralogies
Minestrone
Minestrones
Minesweeper
Minesweepers
Mingle
Mingled
Mingling
Mingles
Mini
Minier
Miniest
Minis
Miniature
Miniatures
Miniaturist
Miniaturists
Miniaturization
Miniaturizations
Miniaturize
Miniaturized
Miniaturizing
Miniaturizes
Minibike
Minibikes
Minibus
Minibuses
Minibusses
Minicam
Minicams
Minicomputer
Minicomputers
Minim
Minims
Minimal
Minimalism
Minimalisms
Minimalist
Minimalists
Minimally
Minimize
Minimized
Minimizing
Minimizes
Minimum
Minimums
Minima
Minings
Minion
Minions
Miniscule
Miniscules
Miniseries
Miniskirt
Miniskirts
Minister
Ministers
Ministered
Ministering
Ministerial
Ministrant
Ministrants
Ministration
Ministrations
Ministry
Ministries
Minivan
Minivans
Mink
Minks
Minnesinger
Minnesingers
Minnow
Minnows
Minor
Minors
Minored
Minoring
Minority
Minorities
Minoxidil
Minoxidils
Minster
Minsters
Minstrel
Minstrels
Minstrelsy
Minstrelsies
Mint
Mints
Minted
Minting
Mintage
Mintages
Minter
Minters
Minty
Mintier
Mintiest
Minuend
Minuends
Minuet
Minuets
Minus
Minuses
Minuscule
Minuscules
Minute
Minuter
Minutest
Minutes
Minuted
Minuting
Minutely
Minuteman
Minutemen
Minuteness
Minutenesses
Minutia
Minutiae
Minx
Minxes
Miracle
Miracles
Miraculous
Miraculously
Mirage
Mirages
Mire
Mires
Mired
Miring
Mirror
Mirrors
Mirrored
Mirroring
Mirth
Mirths
Mirthful
Mirthfully
Mirthfulness
Mirthfulnesses
Mirthless
Mirthlessly
Miry
Mirier
Miriest
Misaddress
Misaddressed
Misaddressing
Misaddresses
Misadventure
Misadventures
Misaligned
Misalignment
Misalignments
Misalliance
Misalliances
Misanthrope
Misanthropes
Misanthropic
Misanthropically
Misanthropist
Misanthropists
Misanthropy
Misanthropies
Misapplication
Misapplications
Misapply
Misapplied
Misapplying
Misapplies
Misapprehend
Misapprehended
Misapprehending
Misapprehends
Misapprehension
Misapprehensions
Misappropriate
Misappropriated
Misappropriating
Misappropriates
Misappropriation
Misappropriations
Misbegotten
Misbehave
Misbehaved
Misbehaving
Misbehaves
Misbehavior
Misbehaviors
Miscalculate
Miscalculated
Miscalculating
Miscalculates
Miscalculation
Miscalculations
Miscall
Miscalled
Miscalling
Miscalls
Miscarriage
Miscarriages
Miscarry
Miscarried
Miscarrying
Miscarries
Miscast
Miscasting
Miscasts
Miscegenation
Miscegenations
Miscellaneous
Miscellaneously
Miscellany
Miscellanies
Mischance
Mischances
Mischief
Mischiefs
Mischievous
Mischievously
Mischievousness
Mischievousnesses
Miscibility
Miscibilities
Miscible
Misconceive
Misconceived
Misconceiving
Misconceives
Misconception
Misconceptions
Misconduct
Misconducts
Misconducted
Misconducting
Misconstruction
Misconstructions
Misconstrue
Misconstrued
Misconstruing
Misconstrues
Miscount
Miscounts
Miscounted
Miscounting
Miscreant
Miscreants
Miscue
Miscues
Miscued
Miscuing
Misdeal
Misdeals
Misdealt
Misdealing
Misdeed
Misdeeds
Misdemeanor
Misdemeanors
Misdemeanour
Misdemeanours
Misdiagnose
Misdiagnosed
Misdiagnosing
Misdiagnoses
Misdiagnosis
Misdirect
Misdirected
Misdirecting
Misdirects
Misdirection
Misdirections
Misdo
Misdid
Misdone
Misdoing
Misdoes
Misdoings
Miser
Misers
Miserable
Miserableness
Miserablenesses
Miserably
Miserliness
Miserlinesses
Miserly
Misery
Miseries
Misfeasance
Misfeasances
Misfile
Misfiled
Misfiling
Misfiles
Misfire
Misfires
Misfired
Misfiring
Misfit
Misfits
Misfitted
Misfitting
Misfortune
Misfortunes
Misgiving
Misgivings
Misgovern
Misgoverned
Misgoverning
Misgoverns
Misgovernment
Misgovernments
Misguidance
Misguidances
Misguide
Misguided
Misguiding
Misguides
Misguidedly
Mishandle
Mishandled
Mishandling
Mishandles
Mishap
Mishaps
Mishear
Misheard
Mishearing
Mishears
Mishmash
Mishmashes
Misidentify
Misidentified
Misidentifying
Misidentifies
Misinform
Misinformed
Misinforming
Misinforms
Misinformation
Misinformations
Misinterpret
Misinterpreted
Misinterpreting
Misinterprets
Misinterpretation
Misinterpretations
Misjudge
Misjudged
Misjudging
Misjudges
Misjudgment
Misjudgments
Mislabel
Mislabeled
Mislabelled
Mislabeling
Mislabelling
Mislabels
Mislay
Mislaid
Mislaying
Mislays
Mislead
Misled
Misleading
Misleads
Misleadingly
Mismanage
Mismanaged
Mismanaging
Mismanages
Mismanagement
Mismanagements
Mismatch
Mismatches
Mismatched
Mismatching
Misname
Misnamed
Misnaming
Misnames
Misnomer
Misnomers
Misogamist
Misogamists
Misogamy
Misogamies
Misogynist
Misogynists
Misogynistic
Misogynous
Misogyny
Misogynies
Misplace
Misplaced
Misplacing
Misplaces
Misplacement
Misplacements
Misplay
Misplays
Misplayed
Misplaying
Misprint
Misprints
Misprinted
Misprinting
Misprision
Misprisions
Mispronounce
Mispronounced
Mispronouncing
Mispronounces
Mispronunciation
Mispronunciations
Misquotation
Misquotations
Misquote
Misquotes
Misquoted
Misquoting
Misread
Misreading
Misreads
Misreadings
Misreport
Misreports
Misreported
Misreporting
Misrepresent
Misrepresented
Misrepresenting
Misrepresents
Misrepresentation
Misrepresentations
Misrule
Misrules
Misruled
Misruling
Miss
Misses
Missed
Missing
Missal
Missals
Misshape
Misshaped
Misshapen
Misshaping
Misshapes
Missile
Missiles
Missilery
Missileries
Missilry
Missilries
Missang
Missung
Missinging
Missings
Mission
Missions
Missionary
Missionaries
Missioner
Missioners
Missis
Missises
Missive
Missives
Misspeak
Misspoke
Misspoken
Misspeaking
Misspeaks
Misspell
Misspelled
Misspelt
Misspelling
Misspells
Misspellings
Misspend
Misspent
Misspending
Misspends
Misstate
Misstated
Misstating
Misstates
Misstatement
Misstatements
Misstep
Missteps
Missus
Missuses
Mist
Mists
Misted
Misting
Mistakable
Mistake
Mistakes
Mistook
Mistaken
Mistaking
Mistakenly
Mister
Misters
Mistered
Mistering
Mistily
Mistime
Mistimed
Mistiming
Mistimes
Mistiness
Mistinesses
Mistletoe
Mistletoes
Mistral
Mistrals
Mistreat
Mistreated
Mistreating
Mistreats
Mistreatment
Mistreatments
Mistress
Mistresses
Mistrial
Mistrials
Mistrust
Mistrusts
Mistrusted
Mistrusting
Mistrustful
Mistrustfully
Misty
Mistier
Mistiest
Misunderstand
Misunderstood
Misunderstanding
Misunderstands
Misunderstandings
Misuse
Misuses
Misused
Misusing
Mite
Mites
Miter
Miters
Mitered
Mitering
Mitigate
Mitigated
Mitigating
Mitigates
Mitigation
Mitigations
Mitosis
Mitoses
Mitotic
Mitre
Mitres
Mitred
Mitring
Mitt
Mitts
Mitten
Mittens
Mix
Mixes
Mixed
Mixt
Mixing
Mixable
Mixer
Mixers
Mixture
Mixtures
Mizzen
Mizzens
Mizzenmast
Mizzenmasts
Mnemonic
Mnemonics
Mnemonically
Moan
Moans
Moaned
Moaning
Moaner
Moaners
Moat
Moats
Mob
Mobs
Mobbed
Mobbing
Mobile
Mobiles
Mobility
Mobilities
Mobilization
Mobilizations
Mobilize
Mobilized
Mobilizing
Mobilizes
Mobilizer
Mobilizers
Mobster
Mobsters
Moccasin
Moccasins
Mocha
Mochas
Mock
Mocks
Mocked
Mocking
Mocker
Mockers
Mockery
Mockeries
Mockingbird
Mockingbirds
Mockingly
Mockup
Mockups
Mod
Mods
Modal
Modals
Mode
Modes
Model
Models
Modeled
Modelled
Modeling
Modelling
Modeler
Modelers
Modelings
Modem
Modems
Modemed
Modeming
Moderate
Moderates
Moderated
Moderating
Moderately
Moderateness
Moderatenesses
Moderation
Moderations
Moderator
Moderators
Modern
Moderner
Modernest
Moderns
Modernism
Modernisms
Modernist
Modernists
Modernistic
Modernity
Modernities
Modernization
Modernizations
Modernize
Modernized
Modernizing
Modernizes
Modernizer
Modernizers
Modernly
Modernness
Modernnesses
Modest
Modester
Modestest
Modestly
Modesty
Modesties
Modicum
Modicums
Modification
Modifications
Modifier
Modifiers
Modify
Modified
Modifying
Modifies
Modish
Modishly
Modishness
Modishnesses
Modular
Modulars
Modulate
Modulated
Modulating
Modulates
Modulation
Modulations
Modulator
Modulators
Module
Modules
Mogul
Moguls
Mohair
Mohairs
Moiety
Moieties
Moil
Moils
Moiled
Moiling
Moire
Moires
Moist
Moister
Moistest
Moisten
Moistened
Moistening
Moistens
Moistener
Moisteners
Moistly
Moistness
Moistnesses
Moisture
Moistures
Moisturize
Moisturized
Moisturizing
Moisturizes
Moisturizer
Moisturizers
Molar
Molars
Molasses
Molasseses
Mold
Molds
Molded
Molding
Moldboard
Moldboards
Molder
Molders
Moldered
Moldering
Moldiness
Moldinesses
Moldings
Moldy
Moldier
Moldiest
Mole
Moles
Molecular
Molecularity
Molecularities
Molecule
Molecules
Molehill
Molehills
Moleskin
Moleskins
Molest
Molested
Molesting
Molests
Molestation
Molestations
Molester
Molesters
Moll
Molls
Mollification
Mollifications
Mollify
Mollified
Mollifying
Mollifies
Mollusc
Molluscs
Molluscan
Molluscans
Mollusk
Mollusks
Molluskan
Molluskans
Molly
Mollies
Mollycoddle
Mollycoddles
Mollycoddled
Mollycoddling
Molt
Molts
Molted
Molting
Molter
Molters
Molybdenum
Molybdenums
Mom
Moms
Moment
Moments
Momentarily
Momentariness
Momentarinesses
Momentary
Momentous
Momentously
Momentousness
Momentousnesses
Momentum
Momenta
Momentums
Momma
Mommas
Mommie
Mommies
Mommy
Monarch
Monarchs
Monarchic
Monarchical
Monarchism
Monarchisms
Monarchist
Monarchists
Monarchistic
Monarchy
Monarchies
Monastery
Monasteries
Monastic
Monastics
Monastical
Monastically
Monasticism
Monasticisms
Monaural
Monetarily
Monetarism
Monetarisms
Monetarist
Monetarists
Monetary
Monetize
Monetized
Monetizing
Monitizes
Money
Moneys
Monies
Moneybag
Moneybags
Moneyed
Moneygrubber
Moneygrubbers
Moneygrubbing
Moneygrubbings
Moneylender
Moneylenders
Moneymaker
Moneymakers
Moneymaking
Moneymakings
Monger
Mongers
Mongered
Mongering
Mongolism
Mongolisms
Mongoloid
Mongoloids
Mongoose
Mongooses
Mongeese
Mongrel
Mongrels
Monicker
Monickers
Monied
Moniker
Monikers
Monism
Monisms
Monist
Monists
Monition
Monitions
Monitor
Monitors
Monitored
Monitoring
Monitory
Monitories
Monk
Monks
Monkey
Monkeys
Monkeyed
Monkeying
Monkeyshine
Monkeyshines
Monkish
Monkshood
Monkshoods
Mono
Monos
Monochromatic
Monochrome
Monochromes
Monocle
Monocles
Monocled
Monoclonal
Monoclonals
Monocotyledon
Monocotyledons
Monocotyledonous
Monocular
Monoculars
Monodic
Monodist
Monodists
Monody
Monodies
Monogamist
Monogamists
Monogamous
Monogamously
Monogamy
Monogamies
Monogram
Monograms
Monogrammed
Monogramming
Monograph
Monographs
Monographed
Monographing
Monolingual
Monolinguals
Monolith
Monoliths
Monolithic
Monolog
Monologs
Monologist
Monologists
Monologue
Monologues
Monologuist
Monologuists
Monomania
Monomanias
Monomaniac
Monomaniacs
Monomaniacal
Monomer
Monomers
Mononucleosis
Mononucleoses
Monophonic
Monoplane
Monoplanes
Monopolist
Monopolists
Monopolistic
Monopolization
Monopolizations
Monopolize
Monopolized
Monopolizing
Monopolizes
Monopolizer
Monopolizers
Monopoly
Monopolies
Monorail
Monorails
Monosyllabic
Monosyllable
Monosyllables
Monotheism
Monotheisms
Monotheist
Monotheists
Monotheistic
Monotone
Monotones
Monotonous
Monotonously
Monotonousness
Monotonousnesses
Monotony
Monotonies
Monounsaturated
Monoxide
Monoxides
Monseigneur
Messeigneurs
Monsieur
Messieurs
Monsignor
Monsignors
Monsignori
Monsoon
Monsoons
Monsoonal
Monster
Monsters
Monstrance
Monstrances
Monstrosity
Monstrosities
Monstrous
Monstrously
Montage
Montages
Montaged
Montaging
Month
Months
Monthly
Monthlies
Monument
Monuments
Monumented
Monumenting
Monumental
Monumentally
Moo
Moos
Mooed
Mooing
Mooch
Mooches
Mooched
Mooching
Moocher
Moochers
Mood
Moods
Moodily
Moodiness
Moodinesses
Moody
Moodier
Moodiest
Moon
Moons
Mooned
Mooning
Moonbeam
Moonbeams
Moonless
Moonlight
Moonlights
Moonlighted
Moonlighting
Moonlighter
Moonlighters
Moonlightings
Moonlit
Moonscape
Moonscapes
Moonshine
Moonshines
Moonshiner
Moonshiners
Moonshot
Moonshots
Moonstone
Moonstones
Moonstruck
Moonwalk
Moonwalks
Moonwalked
Moonwalking
Moor
Moors
Moored
Mooring
Moorings
Moorland
Moorlands
Moose
Moot
Mooter
Mootest
Moots
Mooted
Mooting
Mop
Mops
Mopped
Mopping
Mope
Mopes
Moped
Moping
Mopeds
Moper
Mopers
Mopey
Mopier
Mopiest
Mopish
Moppet
Moppets
Mopy
Moraine
Moraines
Moral
Morals
Morale
Morales
Moralist
Moralists
Moralistic
Moralistically
Morality
Moralities
Moralization
Moralizations
Moralize
Moralized
Moralizing
Moralizes
Moralizer
Moralizers
Morally
Morass
Morasses
Moratorium
Moratoriums
Moratoria
Moray
Morays
Morbid
Morbider
Morbidest
Morbidity
Morbidities
Morbidly
Morbidness
Morbidnesses
Mordancy
Mordancies
Mordant
Mordants
Mordanted
Mordanting
Mordantly
Mores
Morel
Morels
Moreover
Morgue
Morgues
Moribund
Morn
Morns
Morning
Mornings
Morocco
Moroccos
Moron
Morons
Moronic
Moronically
Morose
Moroser
Morosest
Morosely
Moroseness
Morosenesses
Morph
Morphs
Morphed
Morphing
Morpheme
Morphemes
Morphemic
Morphia
Morphias
Morphine
Morphines
Morphings
Morphological
Morphology
Morphologies
Morrow
Morrows
Morsel
Morsels
Morseled
Morselled
Morseling
Morselling
Mortal
Mortals
Mortality
Mortalities
Mortally
Mortar
Mortars
Mortared
Mortaring
Mortarboard
Mortarboards
Mortgage
Mortgages
Mortgaged
Mortgaging
Mortgagee
Mortgagees
Mortgager
Mortgagers
Mortgagor
Mortgagors
Mortice
Mortices
Morticed
Morticing
Mortician
Morticians
Mortification
Mortifications
Mortify
Mortified
Mortifying
Mortifies
Mortise
Mortises
Mortised
Mortising
Mortuary
Mortuaries
Mosaic
Mosaics
Mosaicked
Mosaicking
Mosey
Moseyed
Moseying
Moseys
Mosh
Moshed
Moshing
Moshes
Mosque
Mosques
Mosquito
Mosquitoes
Mosquitos
Moss
Mosses
Mossed
Mossing
Mossback
Mossbacks
Mossy
Mossier
Mossiest
Mosts
Mostly
Mot
Mots
Mote
Motes
Motel
Motels
Motet
Motets
Moth
Moths
Mothball
Mothballs
Mothballed
Mothballing
Mother
Mothers
Mothered
Mothering
Motherboard
Motherboards
Motherfucker
Motherfuckers
Motherfucking
Motherhood
Motherhoods
Motherland
Motherlands
Motherless
Motherliness
Motherlinesses
Motherly
Motif
Motifs
Motile
Motility
Motilities
Motion
Motions
Motioned
Motioning
Motionless
Motionlessly
Motionlessness
Motionlessnesses
Motivate
Motivated
Motivating
Motivates
Motivation
Motivations
Motivational
Motivator
Motivators
Motive
Motives
Motived
Motiving
Motiveless
Motley
Motlier
Motliest
Motleys
Motocross
Motocrosses
Motor
Motors
Motored
Motoring
Motorbike
Motorbikes
Motorbiked
Motorbiking
Motorboat
Motorboats
Motorboated
Motorboating
Motorcade
Motorcades
Motorcaded
Motorcading
Motorcar
Motorcars
Motorcycle
Motorcycles
Motorcycled
Motorcycling
Motorcyclist
Motorcyclists
Motorist
Motorists
Motorization
Motorizations
Motorize
Motorized
Motorizing
Motorizes
Motorman
Motormen
Motormouth
Motormouths
Mottle
Mottles
Mottled
Mottling
Motto
Mottoes
Mottos
Moue
Moues
Mould
Moulds
Moulded
Moulding
Moulder
Moulders
Mouldered
Mouldering
Mouldings
Mouldy
Mouldier
Mouldiest
Moult
Moults
Moulted
Moulting
Mound
Mounds
Mounded
Mounding
Mount
Mounts
Mounted
Mounting
Mountable
Mountain
Mountains
Mountaineer
Mountaineers
Mountaineered
Mountaineering
Mountaineerings
Mountainous
Mountainside
Mountainsides
Mountaintop
Mountaintops
Mountebank
Mountebanks
Mountebanked
Mountebanking
Mounter
Mounters
Mountings
Mourn
Mourned
Mourning
Mourns
Mourner
Mourners
Mournful
Mournfuller
Mournfullest
Mournfully
Mournfulness
Mournfulnesses
Mournings
Mouse
Mice
Mouses
Moused
Mousing
Mouser
Mousers
Mousetrap
Mousetraps
Mousetrapped
Mousetrapping
Mousey
Mousier
Mousiest
Mousiness
Mousinesses
Mousse
Mousses
Moussed
Moussing
Moustache
Moustaches
Mousy
Mouth
Mouths
Mouthed
Mouthing
Mouthful
Mouthfuls
Mouthiness
Mouthinesses
Mouthpiece
Mouthpieces
Mouthwash
Mouthwashes
Mouthwatering
Mouthy
Mouthier
Mouthiest
Mouton
Moutons
Movable
Movables
Move
Moves
Moved
Moving
Moveable
Moveables
Movement
Movements
Mover
Movers
Movie
Movies
Moviegoer
Moviegoers
Movingly
Mow
Mows
Mowed
Mown
Mowing
Mower
Mowers
Moxie
Moxies
Mozzarella
Mozzarellas
Mus
Much
Muches
Mucilage
Mucilages
Mucilaginous
Muck
Mucks
Mucked
Mucking
Muckrake
Muckraked
Muckraking
Muckrakes
Muckraker
Muckrakers
Mucky
Muckier
Muckiest
Mucous
Mucus
Mucuses
Mud
Muds
Mudded
Mudding
Muddily
Muddiness
Muddinesses
Muddle
Muddles
Muddled
Muddling
Muddleheaded
Muddy
Muddier
Muddiest
Muddied
Muddying
Muddies
Mudflat
Mudflats
Mudguard
Mudguards
Mudroom
Mudrooms
Mudslide
Mudslides
Mudslinger
Mudslingers
Mudslinging
Mudslingings
Muenster
Muensters
Muezzin
Muezzins
Muff
Muffs
Muffed
Muffing
Muffin
Muffins
Muffle
Muffles
Muffled
Muffling
Muffler
Mufflers
Mufti
Muftis
Mug
Mugs
Mugged
Mugging
Mugful
Mugfuls
Mugger
Muggers
Muggered
Muggering
Mugginess
Mugginesses
Muggings
Muggy
Muggier
Muggiest
Mugshot
Mugshots
Mugwump
Mugwumps
Mujahedin
Mukluk
Mukluks
Mulatto
Mulattoes
Mulattos
Mulberry
Mulberries
Mulch
Mulches
Mulched
Mulching
Mulct
Mulcts
Mulcted
Mulcting
Mule
Mules
Muleskinner
Muleskinners
Muleteer
Muleteers
Mulish
Mulishly
Mulishness
Mulishnesses
Mull
Mulls
Mulled
Mulling
Mullah
Mullahs
Mullein
Mulleins
Mullet
Mullets
Mulligan
Mulligans
Mulligatawny
Mulligatawnies
Mullion
Mullions
Mullioned
Mullioning
Multicolored
Multicultural
Multiculturalism
Multiculturalisms
Multidimensional
Multidisciplinary
Multifaceted
Multifamily
Multifarious
Multifariously
Multifariousness
Multifariousnesses
Multiform
Multilateral
Multilaterally
Multilevel
Multilingual
Multilingualism
Multilingualisms
Multimedia
Multimillionaire
Multimillionaires
Multinational
Multinationals
Multiple
Multiples
Multiplex
Multiplexes
Multiplexed
Multiplexing
Multiplexer
Multiplexers
Multiplexor
Multiplexors
Multiplicand
Multiplicands
Multiplication
Multiplications
Multiplicity
Multiplicities
Multiplier
Multipliers
Multiply
Multiplied
Multiplying
Multiplies
Multiprocessor
Multiprocessors
Multipurpose
Multiracial
Multistage
Multistory
Multitasking
Multitaskings
Multitude
Multitudes
Multitudinous
Multivitamin
Multivitamins
Mum
Mums
Mummed
Mumming
Mumble
Mumbles
Mumbled
Mumbling
Mumbler
Mumblers
Mumbletypeg
Mumbletypegs
Mummer
Mummers
Mummery
Mummeries
Mummification
Mummifications
Mummify
Mummified
Mummifying
Mummifies
Mummy
Mummies
Mummied
Mummying
Mumps
Munch
Munched
Munching
Munches
Munchies
Munchkin
Munchkins
Mundane
Mundaner
Mundanest
Mundanely
Municipal
Municipals
Municipality
Municipalities
Municipally
Munificence
Munificences
Munificent
Munificently
Munition
Munitions
Munitioned
Munitioning
Mural
Murals
Muralist
Muralists
Murder
Murders
Murdered
Murdering
Murderer
Murderers
Murderess
Murderesses
Murderous
Murderously
Murk
Murker
Murkest
Murks
Murkily
Murkiness
Murkinesses
Murky
Murkier
Murkiest
Murmur
Murmurs
Murmured
Murmuring
Murmurer
Murmurers
Murmurings
Murmurous
Murrain
Murrains
Muscat
Muscats
Muscatel
Muscatels
Muscle
Muscles
Muscled
Muscling
Musclebound
Muscular
Muscularity
Muscularities
Muscularly
Musculature
Musculatures
Muse
Muses
Mused
Musing
Musette
Musettes
Museum
Museums
Mush
Mushes
Mushed
Mushing
Mushiness
Mushinesses
Mushroom
Mushrooms
Mushroomed
Mushrooming
Mushy
Mushier
Mushiest
Music
Musics
Musical
Musicals
Musicale
Musicales
Musicality
Musicalities
Musically
Musician
Musicians
Musicianly
Musicianship
Musicianships
Musicological
Musicologist
Musicologists
Musicology
Musicologies
Musings
Musingly
Musk
Musks
Muskeg
Muskegs
Muskellunge
Muskellunges
Musket
Muskets
Musketeer
Musketeers
Musketry
Musketries
Muskie
Muskies
Muskiness
Muskinesses
Muskmelon
Muskmelons
Muskox
Muskoxen
Muskrat
Muskrats
Musky
Muskier
Muskiest
Muslin
Muslins
Muss
Musses
Mussed
Mussing
Mussel
Mussels
Mussy
Mussier
Mussiest
Must
Musts
Musted
Musting
Mustache
Mustaches
Mustached
Mustachio
Mustachios
Mustang
Mustangs
Mustard
Mustards
Muster
Musters
Mustered
Mustering
Mustily
Mustiness
Mustinesses
Musty
Mustier
Mustiest
Musties
Mutability
Mutabilities
Mutable
Mutably
Mutagen
Mutagens
Mutant
Mutants
Mutate
Mutated
Mutating
Mutates
Mutation
Mutations
Mutational
Mutative
Mute
Muter
Mutest
Mutes
Muted
Muting
Mutely
Muteness
Mutenesses
Mutilate
Mutilated
Mutilating
Mutilates
Mutilation
Mutilations
Mutilator
Mutilators
Mutineer
Mutineers
Mutinous
Mutinously
Mutiny
Mutinies
Mutinied
Mutinying
Mutt
Mutts
Mutter
Mutters
Muttered
Muttering
Mutterer
Mutterers
Mutterings
Mutton
Muttons
Muttonchops
Mutual
Mutuals
Mutuality
Mutualities
Mutually
Muumuu
Muumuus
Muzzle
Muzzles
Muzzled
Muzzling
Mycologist
Mycologists
Mycology
Mycologies
Myelitis
Myelitides
Myna
Mynas
Mynah
Mynahs
Myopia
Myopias
Myopic
Myopically
Myriad
Myriads
Myrmidon
Myrmidons
Myrrh
Myrrhs
Myrtle
Myrtles
Myself
Mysterious
Mysteriously
Mysteriousness
Mysteriousnesses
Mystery
Mysteries
Mystic
Mystics
Mystical
Mystically
Mysticism
Mysticisms
Mystification
Mystifications
Mystify
Mystified
Mystifying
Mystifies
Mystique
Mystiques
Myth
Myths
Mythic
Mythical
Mythological
Mythologist
Mythologists
Mythologize
Mythologized
Mythologizing
Mythologizes
Mythology
Mythologies
Nab
Nabbed
Nabbing
Nabs
Nabob
Nabobs
Nacelle
Nacelles
Nacho
Nachos
Nacre
Nacres
Nacreous
Nadir
Nadirs
Nae
Nag
Nags
Nagged
Nagging
Nagger
Naggers
Naiad
Naiads
Naiades
Naif
Naifs
Nail
Nails
Nailed
Nailing
Nailbrush
Nailbrushes
Naive
Naiver
Naivest
Naively
Naivete
Naivetes
Naivety
Naiveties
Naked
Nakeder
Nakedest
Nakedly
Nakedness
Nakednesses
Name
Names
Named
Naming
Nameable
Namedrop
Namedropped
Namedropping
Namedrops
Namedroppings
Nameless
Namelessly
Namely
Nameplate
Nameplates
Namesake
Namesakes
Nanny
Nannies
Nanosecond
Nanoseconds
Nap
Naps
Napped
Napping
Napalm
Napalms
Napalmed
Napalming
Nape
Napes
Naphtha
Naphthas
Naphthalene
Naphthalenes
Napkin
Napkins
Napless
Napoleon
Napoleons
Napper
Nappers
Nappy
Nappier
Nappiest
Nappies
Narc
Narcs
Narced
Narcing
Narcissism
Narcissisms
Narcissist
Narcissists
Narcissistic
Narcissus
Narcissuses
Narcissi
Narcolepsy
Narcolepsies
Narcosis
Narcoses
Narcotic
Narcotics
Narcotization
Narcotizations
Narcotize
Narcotized
Narcotizing
Narcotizes
Nark
Narks
Narked
Narking
Narrate
Narrated
Narrating
Narrates
Narration
Narrations
Narrative
Narratives
Narrator
Narrators
Narrow
Narrower
Narrowest
Narrows
Narrowed
Narrowing
Narrowly
Narrowness
Narrownesses
Narwhal
Narwhals
Nary
Nasal
Nasals
Nasality
Nasalities
Nasalization
Nasalizations
Nasalize
Nasalized
Nasalizing
Nasalizes
Nasally
Nascence
Nascences
Nascent
Nastily
Nastiness
Nastinesses
Nasturtium
Nasturtiums
Nasty
Nastier
Nastiest
Nasties
Natal
Natch
Nation
Nations
National
Nationals
Nationalism
Nationalisms
Nationalist
Nationalists
Nationalistic
Nationalistically
Nationality
Nationalities
Nationalization
Nationalizations
Nationalize
Nationalized
Nationalizing
Nationalizes
Nationally
Nationhood
Nationhoods
Nationwide
Native
Natives
Nativity
Nativities
Natter
Natters
Nattered
Nattering
Nattily
Nattiness
Nattinesses
Natty
Nattier
Nattiest
Natural
Naturals
Naturalism
Naturalisms
Naturalist
Naturalists
Naturalistic
Naturalization
Naturalizations
Naturalize
Naturalized
Naturalizing
Naturalizes
Naturally
Naturalness
Naturalnesses
Nature
Natures
Naught
Naughts
Naughtily
Naughtiness
Naughtinesses
Naughty
Naughtier
Naughtiest
Nausea
Nauseas
Nauseate
Nauseated
Nauseating
Nauseates
Nauseatingly
Nauseous
Nauseously
Nauseousness
Nauseousnesses
Nautical
Nautically
Nautilus
Nautiluses
Nautili
Naval
Nave
Naves
Navel
Navels
Navigability
Navigabilities
Navigable
Navigate
Navigated
Navigating
Navigates
Navigation
Navigations
Navigational
Navigator
Navigators
Navy
Navies
Nay
Nays
Naysayer
Naysayers
Neanderthal
Neanderthals
Neap
Neaps
Near
Nearer
Nearest
Neared
Nearing
Nears
Nearby
Nearly
Nearlier
Nearliest
Nearness
Nearnesses
Nearsighted
Nearsightedly
Nearsightedness
Nearsightednesses
Neat
Neater
Neatest
Neaten
Neatened
Neatening
Neatens
Neath
Neatly
Neatness
Neatnesses
Nebula
Nebulae
Nebulas
Nebular
Nebulous
Nebulously
Nebulousness
Nebulousnesses
Necessarily
Necessary
Necessaries
Necessitate
Necessitated
Necessitating
Necessitates
Necessitous
Necessity
Necessities
Neck
Necks
Necked
Necking
Neckerchief
Neckerchiefs
Neckerchieves
Neckings
Necklace
Necklaces
Necklaced
Necklacing
Neckline
Necklines
Necktie
Neckties
Necrology
Necrologies
Necromancer
Necromancers
Necromancy
Necromancies
Necropolis
Necropolises
Necropoles
Necropoleis
Necropoli
Necrosis
Necroses
Necrotic
Nectar
Nectars
Nectarine
Nectarines
Nee
Need
Needs
Needed
Needing
Needful
Needfully
Neediness
Needinesses
Needle
Needles
Needled
Needling
Needlepoint
Needlepoints
Needless
Needlessly
Needlessness
Needlessnesses
Needlewoman
Needlewomen
Needlework
Needleworks
Needy
Needier
Neediest
Nefarious
Nefariously
Nefariousness
Nefariousnesses
Negate
Negated
Negating
Negates
Negation
Negations
Negative
Negatives
Negatived
Negativing
Negatively
Negativeness
Negativenesses
Negativism
Negativisms
Negativity
Negativities
Neglect
Neglects
Neglected
Neglecting
Neglectful
Neglectfully
Neglectfulness
Neglectfulnesses
Neglige
Negliges
Negligee
Negligees
Negligence
Negligences
Negligent
Negligently
Negligible
Negligibly
Negotiability
Negotiabilities
Negotiable
Negotiables
Negotiate
Negotiated
Negotiating
Negotiates
Negotiation
Negotiations
Negotiator
Negotiators
Negritude
Negritudes
Neigh
Neighs
Neighed
Neighing
Neighbor
Neighbors
Neighbored
Neighboring
Neighborhood
Neighborhoods
Neighborliness
Neighborlinesses
Neighborly
Neighbour
Neighbours
Neighboured
Neighbouring
Neither
Nelson
Nelsons
Nematode
Nematodes
Nemesis
Nemeses
Neoclassic
Neoclassical
Neoclassicism
Neoclassicisms
Neocolonialism
Neocolonialisms
Neocolonialist
Neocolonialists
Neoconservative
Neoconservatives
Neodymium
Neodymiums
Neolithic
Neologism
Neologisms
Neon
Neons
Neonatal
Neonate
Neonates
Neophyte
Neophytes
Neoplasm
Neoplasms
Neoplastic
Neoprene
Neoprenes
Nepenthe
Nepenthes
Nephew
Nephews
Nephrite
Nephrites
Nephritic
Nephritis
Nephritides
Nephritises
Nepotism
Nepotisms
Nepotist
Nepotists
Neptunium
Neptuniums
Nerd
Nerds
Nerdy
Nerdier
Nerdiest
Nerve
Nerves
Nerved
Nerving
Nerveless
Nervelessly
Nervelessness
Nervelessnesses
Nerviness
Nervinesses
Nervous
Nervously
Nervousness
Nervousnesses
Nervy
Nervier
Nerviest
Nest
Nests
Nested
Nesting
Nestle
Nestled
Nestling
Nestles
Nestlings
Net
Nets
Netted
Netting
Nether
Nethermost
Netherworld
Netherworlds
Nett
Netts
Nettings
Nettle
Nettles
Nettled
Nettling
Nettlesome
Network
Networks
Networked
Networking
Networkings
Neural
Neuralgia
Neuralgias
Neuralgic
Neurally
Neurasthenia
Neurasthenias
Neurasthenic
Neurasthenics
Neuritic
Neuritics
Neuritis
Neuritides
Neuritises
Neurological
Neurologically
Neurologist
Neurologists
Neurology
Neurologies
Neuron
Neurons
Neuronal
Neurosis
Neuroses
Neurosurgeon
Neurosurgeons
Neurosurgery
Neurosurgeries
Neurotic
Neurotics
Neurotically
Neurotransmitter
Neurotransmitters
Neuter
Neuters
Neutered
Neutering
Neutral
Neutrals
Neutralism
Neutralisms
Neutralist
Neutralists
Neutrality
Neutralities
Neutralization
Neutralizations
Neutralize
Neutralized
Neutralizing
Neutralizes
Neutralizer
Neutralizers
Neutrally
Neutrino
Neutrinos
Neutron
Neutrons
Never
Nevermore
Nevertheless
Nevus
Nevi
New
Newer
Newest
News
Newbie
Newbies
Newborn
Newborns
Newcomer
Newcomers
Newel
Newels
Newfangled
Newly
Newlywed
Newlyweds
Newness
Newnesses
Newsboy
Newsboys
Newscast
Newscasts
Newscaster
Newscasters
Newsdealer
Newsdealers
Newsgirl
Newsgirls
Newsgroup
Newsgroups
Newsletter
Newsletters
Newsman
Newsmen
Newspaper
Newspapers
Newspaperman
Newspapermen
Newspaperwoman
Newspaperwomen
Newsprint
Newsprints
Newsreel
Newsreels
Newsroom
Newsrooms
Newsstand
Newsstands
Newsweekly
Newsweeklies
Newswoman
Newswomen
Newsworthiness
Newsworthinesses
Newsworthy
Newsworthier
Newsworthiest
Newsy
Newsier
Newsiest
Newsies
Newt
Newts
Newton
Newtons
Next
Nexts
Nexus
Nexuses
Niacin
Niacins
Nib
Nibs
Nibble
Nibbles
Nibbled
Nibbling
Nibbler
Nibblers
Nice
Nicer
Nicest
Nicely
Niceness
Nicenesses
Nicety
Niceties
Niche
Niches
Niched
Niching
Nick
Nicks
Nicked
Nicking
Nickel
Nickels
Nickeled
Nickelled
Nickeling
Nickelling
Nickelodeon
Nickelodeons
Nicker
Nickers
Nickered
Nickering
Nicknack
Nicknacks
Nickname
Nicknames
Nicknamed
Nicknaming
Nicotine
Nicotines
Niece
Nieces
Nifty
Niftier
Niftiest
Nifties
Niggard
Niggards
Niggardliness
Niggardlinesses
Niggardly
Nigger
Niggers
Niggered
Niggering
Niggle
Niggles
Niggled
Niggling
Niggler
Nigglers
Nigh
Nigher
Nighest
Nighed
Nighing
Nighs
Night
Nights
Nightcap
Nightcaps
Nightclothes
Nightclub
Nightclubs
Nightclubbed
Nightclubbing
Nightdress
Nightdresses
Nightfall
Nightfalls
Nightgown
Nightgowns
Nighthawk
Nighthawks
Nightie
Nighties
Nightingale
Nightingales
Nightlife
Nightlifes
Nightlong
Nightly
Nightmare
Nightmares
Nightmarish
Nightshade
Nightshades
Nightshirt
Nightshirts
Nightspot
Nightspots
Nightstand
Nightstands
Nightstick
Nightsticks
Nighttime
Nighttimes
Nightwear
Nightwears
Nighty
Nihilism
Nihilisms
Nihilist
Nihilists
Nihilistic
Nil
Nils
Nimble
Nimbler
Nimblest
Nimbleness
Nimblenesses
Nimbly
Nimbus
Nimbi
Nimbuses
Nimrod
Nimrods
Nincompoop
Nincompoops
Nine
Nines
Ninepin
Ninepins
Nineteen
Nineteens
Nineteenth
Nineteenths
Ninetieth
Ninetieths
Ninety
Nineties
Ninja
Ninjas
Ninny
Ninnies
Ninth
Ninths
Niobium
Niobiums
Nip
Nips
Nipped
Nipping
Nipper
Nippers
Nippiness
Nippinesses
Nipple
Nipples
Nippy
Nippier
Nippiest
Nirvana
Nirvanas
Nisei
Niseis
Nit
Nits
Nite
Nites
Niter
Niters
Nitpick
Nitpicked
Nitpicking
Nitpicks
Nitpicker
Nitpickers
Nitpickings
Nitrate
Nitrates
Nitrated
Nitrating
Nitration
Nitrations
Nitre
Nitres
Nitrification
Nitrifications
Nitrite
Nitrites
Nitrocellulose
Nitrocelluloses
Nitrogen
Nitrogens
Nitrogenous
Nitroglycerin
Nitroglycerins
Nitroglycerine
Nitroglycerines
Nitwit
Nitwits
Nix
Nixes
Nixed
Nixing
Noes
Nos
Nobelium
Nobeliums
Nobility
Nobilities
Noble
Nobler
Noblest
Nobles
Nobleman
Noblemen
Nobleness
Noblenesses
Noblewoman
Noblewomen
Nobly
Nobody
Nobodies
Nocturnal
Nocturnals
Nocturnally
Nocturne
Nocturnes
Nod
Nods
Nodded
Nodding
Nodal
Noddle
Noddles
Node
Nodes
Nodular
Nodule
Nodules
Noel
Noels
Noggin
Noggins
Nohow
Noise
Noises
Noised
Noising
Noiseless
Noiselessly
Noiselessness
Noiselessnesses
Noisemaker
Noisemakers
Noisily
Noisiness
Noisinesses
Noisome
Noisy
Noisier
Noisiest
Nomad
Nomads
Nomadic
Nomenclature
Nomenclatures
Nominal
Nominals
Nominally
Nominate
Nominated
Nominating
Nominates
Nomination
Nominations
Nominative
Nominatives
Nominator
Nominators
Nominee
Nominees
Nonabrasive
Nonabsorbent
Nonabsorbents
Nonacademic
Nonacademics
Nonacceptance
Nonacceptances
Nonacid
Nonactive
Nonactives
Nonaddictive
Nonadhesive
Nonadjacent
Nonadjustable
Nonadministrative
Nonage
Nonages
Nonagenarian
Nonagenarians
Nonaggression
Nonaggressions
Nonalcoholic
Nonaligned
Nonalignment
Nonalignments
Nonallergic
Nonappearance
Nonappearances
Nonassignable
Nonathletic
Nonattendance
Nonattendances
Nonautomotive
Nonavailability
Nonavailabilities
Nonbasic
Nonbeliever
Nonbelievers
Nonbelligerent
Nonbelligerents
Nonbinding
Nonbreakable
Nonburnable
Noncaloric
Noncancerous
Nonce
Nonces
Nonchalance
Nonchalances
Nonchalant
Nonchalantly
Nonchargeable
Nonclerical
Nonclericals
Nonclinical
Noncollectable
Noncom
Noncoms
Noncombat
Noncombatant
Noncombatants
Noncombustible
Noncombustibles
Noncommercial
Noncommercials
Noncommittal
Noncommittally
Noncommunicable
Noncompeting
Noncompetitive
Noncompliance
Noncompliances
Noncomplying
Noncomprehending
Nonconducting
Nonconductor
Nonconductors
Nonconforming
Nonconformist
Nonconformists
Nonconformity
Nonconformities
Nonconsecutive
Nonconstructive
Noncontagious
Noncontinuous
Noncontributing
Noncontributory
Noncontributories
Noncontroversial
Nonconvertible
Noncooperation
Noncooperations
Noncorroding
Noncorrosive
Noncredit
Noncriminal
Noncriminals
Noncritical
Noncrystalline
Noncumulative
Noncustodial
Nondairy
Nondeductible
Nondelivery
Nondeliveries
Nondemocratic
Nondenominational
Nondepartmental
Nondepreciating
Nondescript
Nondescripts
Nondestructive
Nondetachable
Nondisciplinary
Nondisclosure
Nondisclosures
Nondiscrimination
Nondiscriminations
Nondiscriminatory
Nondramatic
Nondrinker
Nondrinkers
Nondrying
None
Noneducational
Noneffective
Noneffectives
Nonelastic
Nonelectric
Nonelectrics
Nonelectrical
Nonenforceable
Nonentity
Nonentities
Nonequivalent
Nonequivalents
Nonessential
Nonessentials
Nonesuch
Nonesuches
Nonetheless
Nonevent
Nonevents
Nonexchangeable
Nonexclusive
Nonexempt
Nonexempts
Nonexistence
Nonexistences
Nonexistent
Nonexplosive
Nonexplosives
Nonfactual
Nonfading
Nonfat
Nonfatal
Nonfattening
Nonferrous
Nonfiction
Nonfictions
Nonfictional
Nonflammable
Nonflowering
Nonfluctuating
Nonflying
Nonfood
Nonfoods
Nonfreezing
Nonfunctional
Nongovernmental
Nongranular
Nonhazardous
Nonhereditary
Nonhuman
Nonidentical
Noninclusive
Nonindependent
Nonindustrial
Noninfectious
Noninflammatory
Noninflationary
Noninflected
Nonintellectual
Nonintellectuals
Noninterchangeable
Noninterference
Noninterferences
Nonintervention
Noninterventions
Nonintoxicating
Noninvasive
Nonirritating
Nonjudgmental
Nonjudicial
Nonlegal
Nonlethal
Nonlinear
Nonliterary
Nonliving
Nonlivings
Nonmagnetic
Nonmalignant
Nonmember
Nonmembers
Nonmetal
Nonmetals
Nonmetallic
Nonmigratory
Nonmilitant
Nonmilitants
Nonmilitary
Nonnarcotic
Nonnarcotics
Nonnative
Nonnatives
Nonnegotiable
Nonnuclear
Nonnumerical
Nonobjective
Nonobligatory
Nonobservance
Nonobservances
Nonobservant
Nonoccupational
Nonoccurence
Nonoccurences
Nonofficial
Nonoperational
Nonoperative
Nonparallel
Nonparallels
Nonpareil
Nonpareils
Nonparticipant
Nonparticipants
Nonparticipating
Nonpartisan
Nonpartisans
Nonpaying
Nonpayment
Nonpayments
Nonperformance
Nonperformances
Nonperforming
Nonperishable
Nonperishables
Nonperson
Nonpersons
Nonphysical
Nonphysically
Nonplus
Nonpluses
Nonplussed
Nonplused
Nonplussing
Nonplusing
Nonpoisonous
Nonpolitical
Nonpolluting
Nonporous
Nonpracticing
Nonprejudicial
Nonprescription
Nonproductive
Nonprofessional
Nonprofessionals
Nonprofit
Nonprofits
Nonprofitable
Nonproliferation
Nonproliferations
Nonpublic
Nonpunishable
Nonracial
Nonradioactive
Nonrandom
Nonreactive
Nonreciprocal
Nonreciprocals
Nonreciprocating
Nonrecognition
Nonrecognitions
Nonrecoverable
Nonrecurring
Nonredeemable
Nonrefillable
Nonrefundable
Nonreligious
Nonrenewable
Nonrepresentational
Nonresident
Nonresidents
Nonresidential
Nonresidual
Nonresiduals
Nonresistance
Nonresistances
Nonresistant
Nonresistants
Nonrestrictive
Nonreturnable
Nonreturnables
Nonrhythmic
Nonrigid
Nonsalaried
Nonscheduled
Nonscientific
Nonscoring
Nonseasonal
Nonsectarian
Nonsecular
Nonsegregated
Nonsense
Nonsenses
Nonsensical
Nonsensically
Nonsensitive
Nonsexist
Nonsexual
Nonskid
Nonslip
Nonsmoker
Nonsmokers
Nonsmoking
Nonsocial
Nonspeaking
Nonspecialist
Nonspecialists
Nonspecializing
Nonspecific
Nonspiritual
Nonspirituals
Nonstaining
Nonstandard
Nonstarter
Nonstarters
Nonstick
Nonstop
Nonstops
Nonstrategic
Nonstriking
Nonstructural
Nonsuccessive
Nonsupport
Nonsupports
Nonsupporting
Nonsurgical
Nonsustaining
Nonsympathizer
Nonsympathizers
Nontarnishable
Nontaxable
Nontaxables
Nontechnical
Nontenured
Nontheatrical
Nonthinking
Nonthinkings
Nonthreatening
Nontoxic
Nontraditional
Nontransferable
Nontransparent
Nontropical
Nonuniform
Nonunion
Nonunions
Nonuser
Nonusers
Nonvenomous
Nonverbal
Nonviable
Nonviolence
Nonviolences
Nonviolent
Nonviolently
Nonvirulent
Nonvocal
Nonvocals
Nonvocational
Nonvolatile
Nonvoter
Nonvoters
Nonvoting
Nonwhite
Nonwhites
Nonworking
Nonyielding
Noodle
Noodles
Noodled
Noodling
Nook
Nooks
Noon
Noons
Noonday
Noondays
Noontide
Noontides
Noontime
Noontimes
Noose
Nooses
Noosed
Noosing
Nope
Nor
Norm
Norms
Normal
Normals
Normalcy
Normalcies
Normality
Normalities
Normalization
Normalizations
Normalize
Normalized
Normalizing
Normalizes
Normally
Normative
North
Norths
Northbound
Northeast
Northeasts
Northeaster
Northeasters
Northeasterly
Northeastern
Northeastward
Northeastwards
Norther
Northers
Northerly
Northerlies
Northern
Northerns
Northerner
Northerners
Northernmost
Northward
Northwards
Northwest
Northwests
Northwester
Northwesters
Northwesterly
Northwestern
Northwestward
Northwestwards
Nose
Noses
Nosed
Nosing
Nosebleed
Nosebleeds
Nosecone
Nosecones
Nosedive
Nosedives
Nosedived
Nosedove
Nosediving
Nosegay
Nosegays
Nosey
Nosier
Nosiest
Nosh
Noshes
Noshed
Noshing
Nosher
Noshers
Nosily
Nosiness
Nosinesses
Nostalgia
Nostalgias
Nostalgic
Nostalgically
Nostril
Nostrils
Nostrum
Nostrums
Nosy
Not
Notability
Notabilities
Notable
Notables
Notably
Notarial
Notarization
Notarizations
Notarize
Notarized
Notarizing
Notarizes
Notary
Notaries
Notate
Notated
Notating
Notates
Notation
Notations
Notch
Notches
Notched
Notching
Note
Notes
Noted
Noting
Notebook
Notebooks
Notepaper
Notepapers
Noteworthiness
Noteworthinesses
Noteworthy
Noteworthier
Noteworthiest
Nothing
Nothings
Nothingness
Nothingnesses
Notice
Notices
Noticed
Noticing
Noticeable
Noticeably
Notification
Notifications
Notifier
Notifiers
Notify
Notified
Notifying
Notifies
Notion
Notions
Notional
Notoriety
Notorieties
Notorious
Notoriously
Notwithstanding
Nougat
Nougats
Nought
Noughts
Noun
Nouns
Nourish
Nourished
Nourishing
Nourishes
Nourishment
Nourishments
Nova
Novas
Novae
Novel
Novels
Novelette
Novelettes
Novelist
Novelists
Novelization
Novelizations
Novelize
Novelized
Novelizing
Novelizes
Novella
Novellas
Novelle
Novelty
Novelties
Novena
Novenas
Novenae
Novice
Novices
Novitiate
Novitiates
Now
Nows
Nowadays
Noway
Noways
Nowhere
Nowheres
Nowise
Noxious
Nozzle
Nozzles
Nth
Nus
Nuance
Nuances
Nuanced
Nub
Nubs
Nubbin
Nubbins
Nubby
Nubbier
Nubbiest
Nubile
Nuclear
Nucleate
Nucleated
Nucleating
Nucleates
Nucleation
Nucleations
Nucleolus
Nucleoli
Nucleon
Nucleons
Nucleus
Nuclei
Nucleuses
Nude
Nuder
Nudest
Nudes
Nudge
Nudges
Nudged
Nudging
Nudism
Nudisms
Nudist
Nudists
Nudity
Nudities
Nugatory
Nugget
Nuggets
Nuisance
Nuisances
Nuke
Nukes
Nuked
Nuking
Null
Nulled
Nulling
Nulls
Nullification
Nullifications
Nullify
Nullified
Nullifying
Nullifies
Nullity
Nullities
Numb
Number
Numbest
Numbed
Numbing
Numbs
Numbers
Numbered
Numbering
Numberless
Numbly
Numbness
Numbnesses
Numbskull
Numbskulls
Numerable
Numeracy
Numeracies
Numeral
Numerals
Numerate
Numerated
Numerating
Numerates
Numeration
Numerations
Numerator
Numerators
Numeric
Numerics
Numerical
Numerically
Numerologist
Numerologists
Numerology
Numerologies
Numerous
Numerously
Numinous
Numismatic
Numismatics
Numismatist
Numismatists
Numskull
Numskulls
Nun
Nuns
Nuncio
Nuncios
Nunnery
Nunneries
Nuptial
Nuptials
Nurse
Nurses
Nursed
Nursing
Nurseling
Nurselings
Nursemaid
Nursemaids
Nursemaided
Nursemaiding
Nurser
Nursers
Nursery
Nurseries
Nurseryman
Nurserymen
Nursings
Nursling
Nurslings
Nurture
Nurtures
Nurtured
Nurturing
Nurturer
Nurturers
Nut
Nuts
Nutted
Nutting
Nutcracker
Nutcrackers
Nuthatch
Nuthatches
Nutmeat
Nutmeats
Nutmeg
Nutmegs
Nutpick
Nutpicks
Nutria
Nutrias
Nutrient
Nutrients
Nutriment
Nutriments
Nutrition
Nutritions
Nutritional
Nutritionally
Nutritionist
Nutritionists
Nutritious
Nutritiously
Nutritiousness
Nutritiousnesses
Nutritive
Nutritives
Nutshell
Nutshells
Nuttiness
Nuttinesses
Nutty
Nuttier
Nuttiest
Nuzzle
Nuzzles
Nuzzled
Nuzzling
Nuzzler
Nuzzlers
Nylon
Nylons
Nymph
Nymphs
Nymphet
Nymphets
Nymphomania
Nymphomanias
Nymphomaniac
Nymphomaniacs
Oaf
Oafs
Oafish
Oafishly
Oafishness
Oafishnesses
Oak
Oaks
Oaken
Oakum
Oakums
Oar
Oars
Oared
Oaring
Oarlock
Oarlocks
Oarsman
Oarsmen
Oarswoman
Oarswomen
Oasis
Oases
Oat
Oats
Oatcake
Oatcakes
Oaten
Oath
Oaths
Oatmeal
Oatmeals
Obbligato
Obbligatos
Obbligati
Obduracy
Obduracies
Obdurate
Obdurately
Obdurateness
Obduratenesses
Obedience
Obediences
Obedient
Obediently
Obeisance
Obeisances
Obeisant
Obelisk
Obelisks
Obese
Obeser
Obesest
Obesity
Obesities
Obey
Obeyed
Obeying
Obeys
Obfuscate
Obfuscated
Obfuscating
Obfuscates
Obfuscation
Obfuscations
Obi
Obis
Obit
Obits
Obituary
Obituaries
Object
Objects
Objected
Objecting
Objectify
Objectified
Objectifying
Objectifies
Objection
Objections
Objectionable
Objectionably
Objective
Objectives
Objectively
Objectiveness
Objectivenesses
Objectivity
Objectivities
Objector
Objectors
Objurgate
Objurgated
Objurgating
Objurgates
Objurgation
Objurgations
Oblate
Oblates
Oblation
Oblations
Obligate
Obligated
Obligating
Obligates
Obligation
Obligations
Obligatorily
Obligatory
Oblige
Obliged
Obliging
Obliges
Obligingly
Oblique
Obliquer
Obliquest
Obliques
Obliqued
Obliquing
Obliquely
Obliqueness
Obliquenesses
Obliquity
Obliquities
Obliterate
Obliterated
Obliterating
Obliterates
Obliteration
Obliterations
Oblivion
Oblivions
Oblivious
Obliviously
Obliviousness
Obliviousnesses
Oblong
Oblongs
Obloquy
Obloquies
Obnoxious
Obnoxiously
Obnoxiousness
Obnoxiousnesses
Oboe
Oboes
Oboist
Oboists
Obscene
Obscener
Obscenest
Obscenely
Obscenity
Obscenities
Obscurantism
Obscurantisms
Obscurantist
Obscurantists
Obscure
Obscurer
Obscurest
Obscures
Obscured
Obscuring
Obscurely
Obscurity
Obscurities
Obsequious
Obsequiously
Obsequiousness
Obsequiousnesses
Obsequy
Obsequies
Observable
Observables
Observably
Observance
Observances
Observant
Observants
Observantly
Observation
Observations
Observational
Observatory
Observatories
Observe
Observed
Observing
Observes
Observer
Observers
Obsess
Obsessed
Obsessing
Obsesses
Obsession
Obsessions
Obsessional
Obsessive
Obsessives
Obsessively
Obsessiveness
Obsessivenesses
Obsidian
Obsidians
Obsolesce
Obsolesced
Obsolescing
Obsolesces
Obsolescence
Obsolescences
Obsolescent
Obsolete
Obsoleted
Obsoleting
Obsoletes
Obstacle
Obstacles
Obstetric
Obstetrical
Obstetrician
Obstetricians
Obstetrics
Obstinacy
Obstinacies
Obstinate
Obstinately
Obstreperous
Obstreperously
Obstreperousness
Obstreperousnesses
Obstruct
Obstructed
Obstructing
Obstructs
Obstruction
Obstructions
Obstructionism
Obstructionisms
Obstructionist
Obstructionists
Obstructive
Obstructively
Obstructiveness
Obstructivenesses
Obtain
Obtained
Obtaining
Obtains
Obtainable
Obtainment
Obtainments
Obtrude
Obtruded
Obtruding
Obtrudes
Obtrusion
Obtrusions
Obtrusive
Obtrusively
Obtrusiveness
Obtrusivenesses
Obtuse
Obtuser
Obtusest
Obtusely
Obtuseness
Obtusenesses
Obverse
Obverses
Obviate
Obviated
Obviating
Obviates
Obviation
Obviations
Obvious
Obviously
Obviousness
Obviousnesses
Ocarina
Ocarinas
Occasion
Occasions
Occasioned
Occasioning
Occasional
Occasionally
Occidental
Occidentals
Occlude
Occluded
Occluding
Occludes
Occlusion
Occlusions
Occlusive
Occlusives
Occult
Occults
Occulted
Occulting
Occultism
Occultisms
Occultist
Occultists
Occupancy
Occupancies
Occupant
Occupants
Occupation
Occupations
Occupational
Occupationally
Occupier
Occupiers
Occupy
Occupied
Occupying
Occupies
Occur
Occurred
Occurring
Occurs
Occurrence
Occurrences
Ocean
Oceans
Oceanfront
Oceanfronts
Oceangoing
Oceanic
Oceanographer
Oceanographers
Oceanographic
Oceanography
Oceanographies
Oceanology
Oceanologies
Ocelot
Ocelots
Ocher
Ochers
Ochered
Ochering
Ochre
Ochres
Ochred
Ochring
Octagon
Octagons
Octagonal
Octane
Octanes
Octave
Octaves
Octavo
Octavos
Octet
Octets
Octette
Octettes
Octogenarian
Octogenarians
Octopus
Octopuses
Octopi
Ocular
Oculars
Oculist
Oculists
Odalisque
Odalisques
Odd
Odder
Oddest
Odds
Oddball
Oddballs
Oddity
Oddities
Oddly
Oddment
Oddments
Oddness
Oddnesses
Ode
Odes
Odious
Odiously
Odiousness
Odiousnesses
Odium
Odiums
Odometer
Odometers
Odor
Odors
Odored
Odoriferous
Odorless
Odorous
Odour
Odours
Odyssey
Odysseys
Oedipal
Oenology
Oenologies
Oenophile
Oenophiles
Oesophagus
Oesophagi
Oesophaguses
Oeuvre
Oeuvres
Off
Offs
Offed
Offing
Offal
Offals
Offbeat
Offbeats
Offence
Offences
Offend
Offended
Offending
Offends
Offender
Offenders
Offense
Offenses
Offensive
Offensives
Offensively
Offensiveness
Offensivenesses
Offer
Offers
Offered
Offering
Offerings
Offertory
Offertories
Offhand
Offhanded
Offhandedly
Offhandedness
Offhandednesses
Office
Offices
Officeholder
Officeholders
Officer
Officers
Officered
Officering
Official
Officials
Officialdom
Officialdoms
Officialism
Officialisms
Officially
Officiant
Officiants
Officiate
Officiated
Officiating
Officiates
Officiator
Officiators
Officious
Officiously
Officiousness
Officiousnesses
Offings
Offish
Offline
Offload
Offloaded
Offloading
Offloads
Offprint
Offprints
Offprinted
Offprinting
Offset
Offsets
Offsetting
Offshoot
Offshoots
Offshore
Offside
Offspring
Offsprings
Offstage
Offtrack
Oft
Ofter
Oftest
Often
Oftener
Oftenest
Oftentimes
Ofttimes
Ogle
Ogles
Ogled
Ogling
Ogler
Oglers
Ogre
Ogres
Ogreish
Ogress
Ogresses
Ohs
Ohm
Ohms
Ohmmeter
Ohmmeters
Oho
Oil
Oils
Oiled
Oiling
Oilcloth
Oilcloths
Oiliness
Oilinesses
Oilskin
Oilskins
Oily
Oilier
Oiliest
Oink
Oinks
Oinked
Oinking
Ointment
Ointments
Okapi
Okapis
Okay
Okays
Okayed
Okaying
Okra
Okras
Old
Older
Oldest
Eldest
Olds
Olden
Oldie
Oldies
Oldish
Oldness
Oldnesses
Oldster
Oldsters
Ole
Oles
Oleaginous
Oleander
Oleanders
Oleo
Oleos
Oleomargarin
Oleomargarins
Oleomargarine
Oleomargarines
Olfactory
Olfactories
Oligarch
Oligarchs
Oligarchic
Oligarchical
Oligarchy
Oligarchies
Oligopoly
Oligopolies
Olive
Olives
Oms
Ombudsman
Ombudsmen
Omega
Omegas
Omelet
Omelets
Omelette
Omelettes
Omen
Omens
Omened
Omening
Omicron
Omicrons
Ominous
Ominously
Ominousness
Ominousnesses
Omission
Omissions
Omit
Omitted
Omitting
Omits
Omnibus
Omnibuses
Omnibusses
Omnipotence
Omnipotences
Omnipotent
Omnipotents
Omnipresence
Omnipresences
Omnipresent
Omniscience
Omnisciences
Omniscient
Omniscients
Omnivore
Omnivores
Omnivorous
Omnivorously
Omnivorousness
Omnivorousnesses
Ons
Once
Onces
Oncogene
Oncogenes
Oncologist
Oncologists
Oncology
Oncologies
Oncoming
Oncomings
One
Ones
Oneness
Onenesses
Onerous
Onerously
Onerousness
Onerousnesses
Oneself
Onetime
Ongoing
Onion
Onions
Onionskin
Onionskins
Online
Onlooker
Onlookers
Onlooking
Only
Onliest
Onomatopoeia
Onomatopoeias
Onomatopoeic
Onomatopoetic
Onrush
Onrushes
Onrushing
Onscreen
Onset
Onsets
Onshore
Onside
Onslaught
Onslaughts
Onstage
Onto
Ontogeny
Ontogenies
Ontological
Ontology
Ontologies
Onus
Onuses
Onward
Onwards
Onyx
Onyxes
Oodles
Ooh
Oohed
Oohing
Oohs
Oops
Ooze
Oozes
Oozed
Oozing
Oozy
Oozier
Ooziest
Ops
Opacity
Opacities
Opal
Opals
Opalescence
Opalescences
Opalescent
Opaque
Opaquer
Opaquest
Opaques
Opaqued
Opaquing
Opaquely
Opaqueness
Opaquenesses
Ope
Oped
Oping
Opes
Open
Opener
Openest
Opens
Opened
Opening
Openers
Openhanded
Openhandedness
Openhandednesses
Openhearted
Openings
Openly
Openness
Opennesses
Openwork
Openworks
Opera
Operas
Operable
Operate
Operated
Operating
Operates
Operatic
Operatically
Operation
Operations
Operational
Operationally
Operative
Operatives
Operator
Operators
Operetta
Operettas
Ophthalmic
Ophthalmologist
Ophthalmologists
Ophthalmology
Ophthalmologies
Opiate
Opiates
Opiated
Opiating
Opine
Opined
Opining
Opines
Opinion
Opinions
Opinionated
Opium
Opiums
Opossum
Opossums
Opponent
Opponents
Opportune
Opportunely
Opportunism
Opportunisms
Opportunist
Opportunists
Opportunistic
Opportunistically
Opportunity
Opportunities
Oppose
Opposed
Opposing
Opposes
Opposite
Opposites
Oppositely
Opposition
Oppositions
Oppress
Oppressed
Oppressing
Oppresses
Oppression
Oppressions
Oppressive
Oppressively
Oppressiveness
Oppressivenesses
Oppressor
Oppressors
Opprobrious
Opprobriously
Opprobrium
Opprobriums
Opt
Opted
Opting
Opts
Optic
Optics
Optical
Optically
Optician
Opticians
Optimal
Optimally
Optimism
Optimisms
Optimist
Optimists
Optimistic
Optimistically
Optimization
Optimizations
Optimize
Optimized
Optimizing
Optimizes
Optimum
Optima
Optimums
Option
Options
Optioned
Optioning
Optional
Optionally
Optometrist
Optometrists
Optometry
Optometries
Opulence
Opulences
Opulent
Opulently
Opus
Opuses
Ors
Oracle
Oracles
Oracular
Oral
Orals
Orally
Orange
Oranger
Orangest
Oranges
Orangeade
Orangeades
Orangery
Orangeries
Orangutan
Orangutans
Orangutang
Orangutangs
Orate
Orated
Orating
Orates
Oration
Orations
Orator
Orators
Oratorical
Oratorically
Oratorio
Oratorios
Oratory
Oratories
Orb
Orbs
Orbed
Orbing
Orbicular
Orbit
Orbits
Orbited
Orbiting
Orbital
Orbitals
Orbiter
Orbiters
Orchard
Orchards
Orchestra
Orchestras
Orchestral
Orchestrate
Orchestrated
Orchestrating
Orchestrates
Orchestration
Orchestrations
Orchid
Orchids
Ordain
Ordained
Ordaining
Ordains
Ordainment
Ordainments
Ordeal
Ordeals
Order
Orders
Ordered
Ordering
Orderliness
Orderlinesses
Orderly
Orderlies
Ordinal
Ordinals
Ordinance
Ordinances
Ordinarily
Ordinariness
Ordinarinesses
Ordinary
Ordinarier
Ordinariest
Ordinaries
Ordinate
Ordinates
Ordination
Ordinations
Ordnance
Ordnances
Ordure
Ordures
Ore
Ores
Oregano
Oreganos
Organ
Organs
Organdie
Organdies
Organdy
Organelle
Organelles
Organic
Organics
Organically
Organism
Organisms
Organismic
Organist
Organists
Organization
Organizations
Organizational
Organizationally
Organize
Organized
Organizing
Organizes
Organizer
Organizers
Organza
Organzas
Orgasm
Orgasms
Orgasmed
Orgasming
Orgasmic
Orgiastic
Orgy
Orgies
Oriel
Oriels
Orient
Orients
Oriented
Orienting
Oriental
Orientals
Orientate
Orientated
Orientating
Orientates
Orientation
Orientations
Orifice
Orifices
Origami
Origamis
Origin
Origins
Original
Originals
Originality
Originalities
Originally
Originate
Originated
Originating
Originates
Origination
Originations
Originator
Originators
Oriole
Orioles
Orison
Orisons
Ormolu
Ormolus
Ornament
Ornaments
Ornamented
Ornamenting
Ornamental
Ornamentals
Ornamentation
Ornamentations
Ornate
Ornater
Ornatest
Ornately
Ornateness
Ornatenesses
Orneriness
Ornerinesses
Ornery
Ornerier
Orneriest
Ornithological
Ornithologist
Ornithologists
Ornithology
Ornithologies
Orotund
Orotundity
Orotundities
Orphan
Orphans
Orphaned
Orphaning
Orphanage
Orphanages
Orris
Orrises
Orthodontia
Orthodontias
Orthodontic
Orthodontics
Orthodontist
Orthodontists
Orthodox
Orthodoxy
Orthodoxies
Orthographic
Orthographically
Orthography
Orthographies
Orthopaedic
Orthopaedics
Orthopaedist
Orthopaedists
Orthopedic
Orthopedics
Orthopedist
Orthopedists
Orzo
Orzos
Oscillate
Oscillated
Oscillating
Oscillates
Oscillation
Oscillations
Oscillator
Oscillators
Oscillatory
Oscilloscope
Oscilloscopes
Osculate
Osculated
Osculating
Osculates
Osculation
Osculations
Osier
Osiers
Osmium
Osmiums
Osmosis
Osmoses
Osmotic
Osprey
Ospreys
Ossification
Ossifications
Ossify
Ossified
Ossifying
Ossifies
Ostensible
Ostensibly
Ostentation
Ostentations
Ostentatious
Ostentatiously
Osteoarthritis
Osteoarthritides
Osteopath
Osteopaths
Osteopathic
Osteopathy
Osteopathies
Osteoporosis
Osteoporoses
Ostracism
Ostracisms
Ostracize
Ostracized
Ostracizing
Ostracizes
Ostrich
Ostriches
Other
Others
Otherwise
Otherworldly
Otiose
Otter
Otters
Ottoman
Ottomans
Oubliette
Oubliettes
Ouch
Ouches
Ouched
Ouching
Ought
Oughts
Ounce
Ounces
Our
Ours
Ourselves
Oust
Ousted
Ousting
Ousts
Ouster
Ousters
Out
Outs
Outed
Outing
Outage
Outages
Outargue
Outargued
Outarguing
Outargues
Outback
Outbacks
Outbalance
Outbalanced
Outbalancing
Outbalances
Outbid
Outbidden
Outbidding
Outbids
Outboard
Outboards
Outboast
Outboasted
Outboasting
Outboasts
Outbox
Outboxes
Outboxed
Outboxing
Outbound
Outbreak
Outbreaks
Outbuilding
Outbuildings
Outburst
Outbursts
Outcast
Outcasts
Outclass
Outclassed
Outclassing
Outclasses
Outcome
Outcomes
Outcrop
Outcrops
Outcropped
Outcropping
Outcroppings
Outcry
Outcries
Outcried
Outcrying
Outdated
Outdistance
Outdistanced
Outdistancing
Outdistances
Outdo
Outdid
Outdone
Outdoing
Outdoes
Outdoor
Outdoors
Outdoorsy
Outdraw
Outdrew
Outdrawn
Outdrawing
Outdraws
Outer
Outermost
Outerwear
Outerwears
Outface
Outfaced
Outfacing
Outfaces
Outfield
Outfields
Outfielder
Outfielders
Outfight
Outfought
Outfighting
Outfights
Outfit
Outfits
Outfitted
Outfitting
Outfitter
Outfitters
Outflank
Outflanked
Outflanking
Outflanks
Outflow
Outflows
Outfox
Outfoxed
Outfoxing
Outfoxes
Outgo
Outgoes
Outgoing
Outgrow
Outgrew
Outgrown
Outgrowing
Outgrows
Outgrowth
Outgrowths
Outguess
Outguessed
Outguessing
Outguesses
Outgun
Outgunned
Outgunning
Outguns
Outhit
Outhitting
Outhits
Outhouse
Outhouses
Outings
Outlandish
Outlandishly
Outlandishness
Outlandishnesses
Outlast
Outlasted
Outlasting
Outlasts
Outlaw
Outlaws
Outlawed
Outlawing
Outlay
Outlays
Outlaid
Outlaying
Outlet
Outlets
Outline
Outlines
Outlined
Outlining
Outlive
Outlived
Outliving
Outlives
Outlook
Outlooks
Outlying
Outmaneuver
Outmaneuvered
Outmaneuvering
Outmaneuvers
Outmanoeuvre
Outmanoeuvred
Outmanoeuvring
Outmanoeuvres
Outmatch
Outmatched
Outmatching
Outmatches
Outmoded
Outnumber
Outnumbered
Outnumbering
Outnumbers
Outpatient
Outpatients
Outperform
Outperformed
Outperforming
Outperforms
Outplace
Outplaced
Outplacing
Outplaces
Outplacement
Outplacements
Outplay
Outplayed
Outplaying
Outplays
Outpoint
Outpointed
Outpointing
Outpoints
Outpost
Outposts
Outpouring
Outpourings
Outproduce
Outproduced
Outproducing
Outproduces
Output
Outputs
Outputted
Outputting
Outrace
Outraced
Outracing
Outraces
Outrage
Outrages
Outraged
Outraging
Outrageous
Outrageously
Outrank
Outranked
Outranking
Outranks
Outre
Outreach
Outreaches
Outreached
Outreaching
Outrider
Outriders
Outrigger
Outriggers
Outright
Outrun
Outran
Outrunning
Outruns
Outscore
Outscored
Outscoring
Outscores
Outsell
Outsold
Outselling
Outsells
Outset
Outsets
Outshine
Outshone
Outshined
Outshining
Outshines
Outshout
Outshouted
Outshouting
Outshouts
Outside
Outsides
Outsider
Outsiders
Outsize
Outsizes
Outsized
Outskirt
Outskirts
Outsmart
Outsmarted
Outsmarting
Outsmarts
Outsource
Outsourced
Outsourcing
Outsources
Outsourcings
Outspend
Outspent
Outspending
Outspends
Outspoken
Outspokenly
Outspokenness
Outspokennesses
Outspread
Outspreads
Outspreading
Outstanding
Outstandingly
Outstation
Outstations
Outstay
Outstayed
Outstaying
Outstays
Outstretch
Outstretched
Outstretching
Outstretches
Outstrip
Outstripped
Outstript
Outstripping
Outstrips
Outtake
Outtakes
Outvote
Outvoted
Outvoting
Outvotes
Outward
Outwards
Outwardly
Outwear
Outwore
Outworn
Outwearing
Outwears
Outweigh
Outweighed
Outweighing
Outweighs
Outwit
Outwitted
Outwitting
Outwits
Outwork
Outworks
Outworked
Outworking
Ouzo
Ouzos
Oval
Ovals
Ovarian
Ovary
Ovaries
Ovate
Ovation
Ovations
Oven
Ovens
Ovenbird
Ovenbirds
Over
Overs
Overred
Overing
Overabundance
Overabundances
Overabundant
Overachieve
Overachieved
Overachieving
Overachieves
Overachiever
Overachievers
Overact
Overacted
Overacting
Overacts
Overactive
Overage
Overages
Overaggressive
Overall
Overalls
Overambitious
Overanxious
Overarm
Overarmed
Overarming
Overarms
Overattentive
Overawe
Overawed
Overawing
Overawes
Overbalance
Overbalances
Overbalanced
Overbalancing
Overbear
Overbore
Overborne
Overbearing
Overbears
Overbearingly
Overbid
Overbids
Overbidding
Overbite
Overbites
Overblown
Overboard
Overbold
Overbook
Overbooked
Overbooking
Overbooks
Overbuild
Overbuilt
Overbuilding
Overbuilds
Overburden
Overburdens
Overburdened
Overburdening
Overbuy
Overbought
Overbuying
Overbuys
Overcapacity
Overcapacities
Overcapitalize
Overcapitalized
Overcapitalizing
Overcapitalizes
Overcareful
Overcast
Overcasts
Overcasting
Overcautious
Overcharge
Overcharges
Overcharged
Overcharging
Overcloud
Overclouded
Overclouding
Overclouds
Overcoat
Overcoats
Overcoated
Overcoating
Overcome
Overcame
Overcoming
Overcomes
Overcompensate
Overcompensated
Overcompensating
Overcompensates
Overcompensation
Overcompensations
Overconfidence
Overconfidences
Overconfident
Overconscientious
Overcook
Overcooked
Overcooking
Overcooks
Overcritical
Overcrowd
Overcrowded
Overcrowding
Overcrowds
Overcrowdings
Overdecorate
Overdecorated
Overdecorating
Overdecorates
Overdependent
Overdevelop
Overdeveloped
Overdeveloping
Overdevelops
Overdo
Overdid
Overdone
Overdoing
Overdoes
Overdose
Overdoses
Overdosed
Overdosing
Overdraft
Overdrafts
Overdraw
Overdrew
Overdrawn
Overdrawing
Overdraws
Overdress
Overdresses
Overdressed
Overdressing
Overdrive
Overdrives
Overdrove
Overdriven
Overdriving
Overdub
Overdubs
Overdubbed
Overdubbing
Overdue
Overeager
Overeat
Overate
Overeaten
Overeating
Overeats
Overemotional
Overemphasis
Overemphases
Overemphasize
Overemphasized
Overemphasizing
Overemphasizes
Overenthusiastic
Overestimate
Overestimates
Overestimated
Overestimating
Overestimation
Overestimations
Overexcite
Overexcited
Overexciting
Overexcites
Overexercise
Overexercised
Overexercising
Overexercises
Overexert
Overexerted
Overexerting
Overexerts
Overexertion
Overexertions
Overexpose
Overexposed
Overexposing
Overexposes
Overexposure
Overexposures
Overextend
Overextended
Overextending
Overextends
Overfeed
Overfed
Overfeeding
Overfeeds
Overfill
Overfilled
Overfilling
Overfills
Overflight
Overflights
Overflow
Overflows
Overflowed
Overflowing
Overfly
Overflew
Overflown
Overflying
Overflies
Overfond
Overfull
Overgeneralize
Overgeneralized
Overgeneralizing
Overgeneralizes
Overgenerous
Overgraze
Overgrazed
Overgrazing
Overgrazes
Overgrow
Overgrew
Overgrown
Overgrowing
Overgrows
Overgrowth
Overgrowths
Overhand
Overhands
Overhanded
Overhanding
Overhang
Overhangs
Overhung
Overhanging
Overhasty
Overhaul
Overhauls
Overhauled
Overhauling
Overhead
Overheads
Overhear
Overheard
Overhearing
Overhears
Overheat
Overheats
Overheated
Overheating
Overindulge
Overindulged
Overindulging
Overindulges
Overindulgence
Overindulgences
Overindulgent
Overjoy
Overjoyed
Overjoying
Overjoys
Overkill
Overkills
Overland
Overlap
Overlaps
Overlapped
Overlapping
Overlarge
Overlay
Overlays
Overlaid
Overlaying
Overleaf
Overlie
Overlain
Overlying
Overlies
Overload
Overloads
Overloaded
Overladen
Overloading
Overlong
Overlook
Overlooks
Overlooked
Overlooking
Overlord
Overlords
Overlorded
Overlording
Overly
Overmaster
Overmastered
Overmastering
Overmasters
Overmodest
Overmuch
Overnice
Overnight
Overnights
Overnighted
Overnighting
Overoptimism
Overoptimisms
Overoptimistic
Overparticular
Overpass
Overpasses
Overpassed
Overpast
Overpassing
Overpay
Overpaid
Overpaying
Overpays
Overplay
Overplayed
Overplaying
Overplays
Overpopulate
Overpopulated
Overpopulating
Overpopulates
Overpopulation
Overpopulations
Overpower
Overpowered
Overpowering
Overpowers
Overpoweringly
Overpraise
Overpraises
Overpraised
Overpraising
Overprecise
Overprice
Overpriced
Overpricing
Overprices
Overprint
Overprints
Overprinted
Overprinting
Overproduce
Overproduced
Overproducing
Overproduces
Overproduction
Overproductions
Overprotect
Overprotected
Overprotecting
Overprotects
Overprotective
Overqualified
Overrate
Overrated
Overrating
Overrates
Overreach
Overreached
Overreaching
Overreaches
Overreact
Overreacted
Overreacting
Overreacts
Overreaction
Overreactions
Overrefined
Override
Overrides
Overrode
Overridden
Overriding
Overripe
Overrule
Overruled
Overruling
Overrules
Overrun
Overruns
Overran
Overrunning
Oversea
Overseas
Oversee
Oversaw
Overseen
Overseeing
Oversees
Overseer
Overseers
Oversell
Oversold
Overselling
Oversells
Oversensitive
Oversensitiveness
Oversensitivenesses
Oversexed
Overshadow
Overshadowed
Overshadowing
Overshadows
Overshoe
Overshoes
Overshoot
Overshoots
Overshot
Overshooting
Overshots
Oversight
Oversights
Oversimple
Oversimplification
Oversimplifications
Oversimplify
Oversimplified
Oversimplifying
Oversimplifies
Oversize
Oversizes
Oversized
Oversleep
Overslept
Oversleeping
Oversleeps
Overspecialization
Overspecializations
Overspecialize
Overspecialized
Overspecializing
Overspecializes
Overspend
Overspent
Overspending
Overspends
Overspill
Overspills
Overspilled
Overspilt
Overspilling
Overspread
Overspreading
Overspreads
Overstate
Overstated
Overstating
Overstates
Overstatement
Overstatements
Overstay
Overstayed
Overstaying
Overstays
Overstep
Overstepped
Overstepping
Oversteps
Overstimulate
Overstimulated
Overstimulating
Overstimulates
Overstock
Overstocks
Overstocked
Overstocking
Overstrict
Overstrung
Overstuffed
Oversubscribe
Oversubscribed
Oversubscribing
Oversubscribes
Oversubtle
Oversupply
Oversupplies
Oversupplied
Oversupplying
Oversuspicious
Overt
Overtake
Overtook
Overtaken
Overtaking
Overtakes
Overtax
Overtaxed
Overtaxing
Overtaxes
Overthrow
Overthrows
Overthrew
Overthrown
Overthrowing
Overtime
Overtimes
Overtimed
Overtiming
Overtire
Overtired
Overtiring
Overtires
Overtly
Overtone
Overtones
Overture
Overtures
Overtured
Overturing
Overturn
Overturns
Overturned
Overturning
Overuse
Overuses
Overused
Overusing
Overvalue
Overvalued
Overvaluing
Overvalues
Overview
Overviews
Overweening
Overweight
Overweights
Overweighted
Overweighting
Overwhelm
Overwhelmed
Overwhelming
Overwhelms
Overwhelmingly
Overwinter
Overwintered
Overwintering
Overwinters
Overwork
Overworks
Overworked
Overworking
Overwrought
Overzealous
Oviduct
Oviducts
Oviparous
Ovoid
Ovoids
Ovular
Ovulate
Ovulated
Ovulating
Ovulates
Ovulation
Ovulations
Ovule
Ovules
Ovum
Ova
Owe
Owed
Owing
Owes
Owl
Owls
Owled
Owling
Owlet
Owlets
Owlish
Owlishly
Own
Owned
Owning
Owns
Owner
Owners
Ownership
Ownerships
Oxen
Oxes
Oxblood
Oxbloods
Oxbow
Oxbows
Oxcart
Oxcarts
Oxford
Oxfords
Oxidant
Oxidants
Oxidation
Oxidations
Oxide
Oxides
Oxidization
Oxidizations
Oxidize
Oxidized
Oxidizing
Oxidizes
Oxidizer
Oxidizers
Oxyacetylene
Oxyacetylenes
Oxygen
Oxygens
Oxygenate
Oxygenated
Oxygenating
Oxygenates
Oxygenation
Oxygenations
Oxymoron
Oxymora
Oxymorons
Oyster
Oysters
Oystered
Oystering
Ozone
Ozones
Pas
Pablum
Pablums
Pabulum
Pabulums
Pace
Paces
Paced
Pacing
Pacemaker
Pacemakers
Pacer
Pacers
Pacesetter
Pacesetters
Pachyderm
Pachyderms
Pachysandra
Pachysandras
Pacific
Pacifically
Pacification
Pacifications
Pacifier
Pacifiers
Pacifism
Pacifisms
Pacifist
Pacifists
Pacifistic
Pacify
Pacified
Pacifying
Pacifies
Pack
Packs
Packed
Packing
Package
Packages
Packaged
Packaging
Packager
Packagers
Packagings
Packer
Packers
Packet
Packets
Packeted
Packeting
Packings
Packinghouse
Packinghouses
Packsaddle
Packsaddles
Pact
Pacts
Pad
Pads
Padded
Padding
Paddings
Paddle
Paddles
Paddled
Paddling
Paddler
Paddlers
Paddock
Paddocks
Paddocked
Paddocking
Paddy
Paddies
Padlock
Padlocks
Padlocked
Padlocking
Padre
Padres
Paean
Paeans
Paediatric
Paediatrician
Paediatricians
Paediatrics
Paella
Paellas
Pagan
Pagans
Paganism
Paganisms
Page
Pages
Paged
Paging
Pageant
Pageants
Pageantry
Pageantries
Pageboy
Pageboys
Pager
Pagers
Paginate
Paginated
Paginating
Paginates
Pagination
Paginations
Pagoda
Pagodas
Pail
Pails
Pailful
Pailfuls
Pailsful
Pain
Pains
Pained
Paining
Painful
Painfuller
Painfullest
Painfully
Painfulness
Painfulnesses
Painkiller
Painkillers
Painkilling
Painless
Painlessly
Painlessness
Painlessnesses
Painstaking
Painstakings
Painstakingly
Paint
Paints
Painted
Painting
Paintbox
Paintboxes
Paintbrush
Paintbrushes
Painter
Painters
Paintings
Pair
Pairs
Paired
Pairing
Paisley
Paisleys
Pajama
Pajamas
Pal
Pals
Palled
Palling
Palace
Palaces
Paladin
Paladins
Palanquin
Palanquins
Palatable
Palatal
Palatals
Palatalization
Palatalizations
Palatalize
Palatalized
Palatalizing
Palatalizes
Palate
Palates
Palatial
Palatially
Palatinate
Palatinates
Palatine
Palatines
Palaver
Palavers
Palavered
Palavering
Pale
Paler
Palest
Pales
Paled
Paling
Paleface
Palefaces
Palely
Paleness
Palenesses
Paleographer
Paleographers
Paleography
Paleographies
Paleolithic
Paleontologist
Paleontologists
Paleontology
Paleontologies
Palette
Palettes
Palfrey
Palfreys
Palimony
Palimonies
Palimpsest
Palimpsests
Palindrome
Palindromes
Palings
Palisade
Palisades
Palisaded
Palisading
Palish
Pall
Palls
Palladium
Palladiums
Pallbearer
Pallbearers
Pallet
Pallets
Palleted
Palleting
Palliate
Palliated
Palliating
Palliates
Palliation
Palliations
Palliative
Palliatives
Pallid
Pallider
Pallidest
Pallidly
Pallidness
Pallidnesses
Pallor
Pallors
Palm
Palms
Palmed
Palming
Palmate
Palmetto
Palmettos
Palmettoes
Palmist
Palmists
Palmistry
Palmistries
Palmtop
Palmtops
Palmy
Palmier
Palmiest
Palomino
Palominos
Palpable
Palpably
Palpate
Palpated
Palpating
Palpates
Palpation
Palpations
Palpitate
Palpitated
Palpitating
Palpitates
Palpitation
Palpitations
Palsy
Palsier
Palsiest
Palsies
Palsied
Palsying
Paltriness
Paltrinesses
Paltry
Paltrier
Paltriest
Pampas
Pamper
Pampered
Pampering
Pampers
Pamphlet
Pamphlets
Pamphleted
Pamphleting
Pamphleteer
Pamphleteers
Pamphleteered
Pamphleteering
Pan
Pans
Panned
Panning
Panacea
Panaceas
Panache
Panaches
Panama
Panamas
Pancake
Pancakes
Pancaked
Pancaking
Panchromatic
Pancreas
Pancreases
Pancreatic
Panda
Pandas
Pandemic
Pandemics
Pandemonium
Pandemoniums
Pander
Panders
Pandered
Pandering
Panderer
Panderers
Pane
Panes
Panegyric
Panegyrics
Panel
Panels
Paneled
Panelled
Paneling
Panelling
Panelings
Panelist
Panelists
Panellings
Pang
Pangs
Panhandle
Panhandles
Panhandled
Panhandling
Panhandler
Panhandlers
Panic
Panics
Panicked
Panicking
Panicky
Panickier
Panickiest
Panier
Paniers
Pannier
Panniers
Panoply
Panoplies
Panorama
Panoramas
Panoramic
Panpipes
Pansy
Pansies
Pant
Pants
Panted
Panting
Pantaloons
Pantheism
Pantheisms
Pantheist
Pantheists
Pantheistic
Pantheon
Pantheons
Panther
Panthers
Pantie
Panties
Pantomime
Pantomimes
Pantomimed
Pantomiming
Pantomimic
Pantomimist
Pantomimists
Pantry
Pantries
Pantsuit
Pantsuits
Panty
Pantyhose
Pantyliner
Pantyliners
Pantywaist
Pantywaists
Pap
Paps
Papa
Papas
Papacy
Papacies
Papal
Paparazzi
Papaw
Papaws
Papaya
Papayas
Paper
Papers
Papered
Papering
Paperback
Paperbacks
Paperboard
Paperboards
Paperboy
Paperboys
Paperer
Paperers
Papergirl
Papergirls
Paperhanger
Paperhangers
Paperhanging
Paperhangings
Paperweight
Paperweights
Paperwork
Paperworks
Papery
Paperier
Paperiest
Papilla
Papillae
Papillary
Papist
Papists
Papoose
Papooses
Pappy
Pappier
Pappiest
Pappies
Paprika
Paprikas
Papyrus
Papyri
Papyruses
Par
Pars
Parred
Parring
Para
Paras
Parable
Parables
Parabola
Parabolas
Parabolic
Parachute
Parachutes
Parachuted
Parachuting
Parachutist
Parachutists
Parade
Parades
Paraded
Parading
Parader
Paraders
Paradigm
Paradigms
Paradigmatic
Paradisaical
Paradise
Paradises
Paradox
Paradoxes
Paradoxical
Paradoxically
Paraffin
Paraffins
Paraffined
Paraffining
Paragon
Paragons
Paragoned
Paragoning
Paragraph
Paragraphs
Paragraphed
Paragraphing
Parakeet
Parakeets
Paralegal
Paralegals
Parallax
Parallaxes
Parallel
Parallels
Paralleled
Parallelled
Paralleling
Parallelling
Parallelism
Parallelisms
Parallelogram
Parallelograms
Paralyse
Paralysed
Paralysing
Paralyses
Paralysis
Paralytic
Paralytics
Paralyze
Paralyzed
Paralyzing
Paralyzes
Paralyzingly
Paramecium
Paramecia
Parameciums
Paramedic
Paramedics
Paramedical
Paramedicals
Parameter
Parameters
Parametric
Paramilitary
Paramilitaries
Paramount
Paramounts
Paramour
Paramours
Paranoia
Paranoias
Paranoiac
Paranoiacs
Paranoid
Paranoids
Paranormal
Parapet
Parapets
Paraphernalia
Paraphernalias
Paraphrase
Paraphrases
Paraphrased
Paraphrasing
Paraplegia
Paraplegias
Paraplegic
Paraplegics
Paraprofessional
Paraprofessionals
Parapsychologist
Parapsychologists
Parapsychology
Parapsychologies
Paraquat
Paraquats
Parasite
Parasites
Parasitic
Parasitically
Parasitism
Parasitisms
Parasol
Parasols
Parasympathetic
Parathion
Parathions
Parathyroid
Parathyroids
Paratrooper
Paratroopers
Paratroops
Paratyphoid
Paratyphoids
Parboil
Parboiled
Parboiling
Parboils
Parcel
Parcels
Parceled
Parcelled
Parceling
Parcelling
Parch
Parched
Parching
Parches
Parchment
Parchments
Pardon
Pardons
Pardoned
Pardoning
Pardonable
Pardonably
Pardoner
Pardoners
Pare
Pared
Paring
Pares
Paregoric
Paregorics
Parent
Parents
Parented
Parenting
Parentage
Parentages
Parental
Parenthesis
Parentheses
Parenthesize
Parenthesized
Parenthesizing
Parenthesizes
Parenthetic
Parenthetical
Parenthetically
Parenthood
Parenthoods
Parentings
Parer
Parers
Paresis
Pareses
Parfait
Parfaits
Pariah
Pariahs
Parietal
Parietals
Parimutuel
Parimutuels
Parings
Parish
Parishes
Parishioner
Parishioners
Parity
Parities
Park
Parks
Parked
Parking
Parka
Parkas
Parkings
Parkway
Parkways
Parlance
Parlances
Parlay
Parlays
Parlayed
Parlaying
Parley
Parleys
Parleyed
Parleying
Parliament
Parliaments
Parliamentarian
Parliamentarians
Parliamentary
Parlor
Parlors
Parlour
Parlours
Parlous
Parmigiana
Parmigiano
Parochial
Parochialism
Parochialisms
Parochially
Parodist
Parodists
Parody
Parodies
Parodied
Parodying
Parole
Paroles
Paroled
Paroling
Parolee
Parolees
Paroxysm
Paroxysms
Paroxysmal
Parquet
Parquets
Parqueted
Parqueting
Parquetry
Parquetries
Parrakeet
Parrakeets
Parricidal
Parricide
Parricides
Parrot
Parrots
Parroted
Parroting
Parry
Parries
Parried
Parrying
Parse
Parsed
Parsing
Parses
Parsec
Parsecs
Parsimonious
Parsimoniously
Parsimony
Parsimonies
Parsley
Parsleys
Parsnip
Parsnips
Parson
Parsons
Parsonage
Parsonages
Part
Parts
Parted
Parting
Partake
Partook
Partaken
Partaking
Partakes
Partaker
Partakers
Parterre
Parterres
Parthenogenesis
Parthenogeneses
Partial
Partials
Partiality
Partialities
Partially
Participant
Participants
Participate
Participated
Participating
Participates
Participation
Participations
Participator
Participators
Participatory
Participial
Participle
Participles
Particle
Particles
Particleboard
Particleboards
Particular
Particulars
Particularity
Particularities
Particularization
Particularizations
Particularize
Particularized
Particularizing
Particularizes
Particularly
Particulate
Particulates
Partings
Partisan
Partisans
Partisanship
Partisanships
Partition
Partitions
Partitioned
Partitioning
Partitive
Partitives
Partizan
Partizans
Partly
Partner
Partners
Partnered
Partnering
Partnership
Partnerships
Partridge
Partridges
Parturition
Parturitions
Partway
Party
Parties
Partied
Partying
Parvenu
Parvenus
Pascal
Pascals
Paschal
Paschals
Pasha
Pashas
Pass
Passes
Passed
Passing
Passable
Passably
Passage
Passages
Passaged
Passaging
Passageway
Passageways
Passbook
Passbooks
Passe
Passel
Passels
Passenger
Passengers
Passer
Passers
Passerby
Passersby
Passim
Passings
Passingly
Passion
Passions
Passionate
Passionately
Passionflower
Passionflowers
Passionless
Passive
Passives
Passively
Passiveness
Passivenesses
Passivity
Passivities
Passkey
Passkeys
Passport
Passports
Password
Passwords
Past
Pasts
Pasta
Pastas
Paste
Pastes
Pasted
Pasting
Pasteboard
Pasteboards
Pastel
Pastels
Pastern
Pasterns
Pasteurization
Pasteurizations
Pasteurize
Pasteurized
Pasteurizing
Pasteurizes
Pasteurizer
Pasteurizers
Pastiche
Pastiches
Pastille
Pastilles
Pastime
Pastimes
Pastiness
Pastinesses
Pastor
Pastors
Pastored
Pastoring
Pastoral
Pastorals
Pastorate
Pastorates
Pastrami
Pastramis
Pastry
Pastries
Pasturage
Pasturages
Pasture
Pastures
Pastured
Pasturing
Pastureland
Pasturelands
Pasty
Pastier
Pastiest
Pasties
Pat
Pats
Patted
Patting
Patch
Patches
Patched
Patching
Patchily
Patchiness
Patchinesses
Patchwork
Patchworks
Patchy
Patchier
Patchiest
Pate
Pates
Patella
Patellas
Patellae
Patent
Patents
Patented
Patenting
Patently
Paterfamilias
Patresfamilias
Paterfamiliases
Paternal
Paternalism
Paternalisms
Paternalistic
Paternally
Paternity
Paternities
Paternoster
Paternosters
Path
Paths
Pathetic
Pathetically
Pathfinder
Pathfinders
Pathless
Pathogen
Pathogens
Pathogenic
Pathological
Pathologically
Pathologist
Pathologists
Pathology
Pathologies
Pathos
Pathoses
Pathway
Pathways
Patience
Patiences
Patient
Patienter
Patientest
Patients
Patiently
Patina
Patinas
Patinae
Patio
Patios
Patois
Patriarch
Patriarchs
Patriarchal
Patriarchate
Patriarchates
Patriarchy
Patriarchies
Patrician
Patricians
Patricide
Patricides
Patrimonial
Patrimony
Patrimonies
Patriot
Patriots
Patriotic
Patriotically
Patriotism
Patriotisms
Patrol
Patrols
Patrolled
Patrolling
Patrolman
Patrolmen
Patrolwoman
Patrolwomen
Patron
Patrons
Patronage
Patronages
Patroness
Patronesses
Patronize
Patronized
Patronizing
Patronizes
Patronizer
Patronizers
Patronizingly
Patronymic
Patronymics
Patronymically
Patroon
Patroons
Patsy
Patsies
Patter
Patters
Pattered
Pattering
Pattern
Patterns
Patterned
Patterning
Patty
Patties
Paucity
Paucities
Paunch
Paunches
Paunchy
Paunchier
Paunchiest
Pauper
Paupers
Paupered
Paupering
Pauperism
Pauperisms
Pauperize
Pauperized
Pauperizing
Pauperizes
Pause
Pauses
Paused
Pausing
Pave
Paved
Paving
Paves
Pavement
Pavements
Pavilion
Pavilions
Pavilioned
Pavilioning
Pavings
Paw
Paws
Pawed
Pawing
Pawl
Pawls
Pawn
Pawns
Pawned
Pawning
Pawnbroker
Pawnbrokers
Pawnbroking
Pawnbrokings
Pawnshop
Pawnshops
Pawpaw
Pawpaws
Pay
Pays
Paid
Payed
Paying
Payable
Payables
Payback
Paybacks
Paycheck
Paychecks
Payday
Paydays
Payee
Payees
Payer
Payers
Payload
Payloads
Paymaster
Paymasters
Payment
Payments
Payoff
Payoffs
Payola
Payolas
Payout
Payouts
Payroll
Payrolls
Payslip
Payslips
Pea
Peas
Pease
Peace
Peaces
Peaced
Peacing
Peaceable
Peaceably
Peaceful
Peacefuller
Peacefullest
Peacefully
Peacefulness
Peacefulnesses
Peacekeeper
Peacekeepers
Peacekeeping
Peacekeepings
Peacemaker
Peacemakers
Peacemaking
Peacemakings
Peacetime
Peacetimes
Peach
Peaches
Peached
Peaching
Peachy
Peachier
Peachiest
Peacock
Peacocks
Peacocked
Peacocking
Peafowl
Peafowls
Peahen
Peahens
Peak
Peaks
Peaked
Peaking
Peal
Peals
Pealed
Pealing
Peanut
Peanuts
Pear
Pears
Pearl
Pearls
Pearled
Pearling
Pearly
Pearlier
Pearliest
Pearlies
Peasant
Peasants
Peasantry
Peasantries
Peashooter
Peashooters
Peat
Peats
Peaty
Peatier
Peatiest
Pebble
Pebbles
Pebbled
Pebbling
Pebbly
Pebblier
Pebbliest
Pecan
Pecans
Peccadillo
Peccadilloes
Peccadillos
Peccary
Peccaries
Peck
Pecks
Pecked
Pecking
Pectic
Pectin
Pectins
Pectoral
Pectorals
Peculate
Peculated
Peculating
Peculates
Peculation
Peculations
Peculator
Peculators
Peculiar
Peculiars
Peculiarity
Peculiarities
Peculiarly
Pecuniary
Pedagog
Pedagogs
Pedagogic
Pedagogical
Pedagogue
Pedagogues
Pedagogy
Pedagogies
Pedal
Pedals
Pedaled
Pedalled
Pedaling
Pedalling
Pedant
Pedants
Pedantic
Pedantically
Pedantry
Pedantries
Peddle
Peddled
Peddling
Peddles
Peddler
Peddlers
Pederast
Pederasts
Pederasty
Pederasties
Pedestal
Pedestals
Pedestaled
Pedestalled
Pedestaling
Pedestalling
Pedestrian
Pedestrians
Pedestrianize
Pedestrianized
Pedestrianizing
Pedestrianizes
Pediatric
Pediatrician
Pediatricians
Pediatrics
Pedicab
Pedicabs
Pedicure
Pedicures
Pedicured
Pedicuring
Pedicurist
Pedicurists
Pedigree
Pedigrees
Pedigreed
Pediment
Pediments
Pedlar
Pedlars
Pedometer
Pedometers
Peduncle
Peduncles
Pee
Pees
Peed
Peeing
Peek
Peeks
Peeked
Peeking
Peekaboo
Peekaboos
Peel
Peels
Peeled
Peeling
Peeler
Peelers
Peelings
Peen
Peens
Peened
Peening
Peep
Peeps
Peeped
Peeping
Peeper
Peepers
Peephole
Peepholes
Peepshow
Peepshows
Peer
Peers
Peered
Peering
Peerage
Peerages
Peeress
Peeresses
Peerless
Peeve
Peeves
Peeved
Peeving
Peevish
Peevishly
Peevishness
Peevishnesses
Peewee
Peewees
Peg
Pegs
Pegged
Pegging
Pegboard
Pegboards
Peignoir
Peignoirs
Pejoration
Pejorations
Pejorative
Pejoratives
Pejoratively
Peke
Pekes
Pekinese
Pekingese
Pekoe
Pekoes
Pelagic
Pelf
Pelfs
Pelican
Pelicans
Pellagra
Pellagras
Pellet
Pellets
Pelleted
Pelleting
Pellmell
Pellmells
Pellucid
Pelt
Pelts
Pelted
Pelting
Pelvic
Pelvis
Pelvises
Pelves
Pemmican
Pemmicans
Pen
Pens
Penned
Pent
Penning
Penal
Penalization
Penalizations
Penalize
Penalized
Penalizing
Penalizes
Penalty
Penalties
Penance
Penances
Penchant
Penchants
Pencil
Pencils
Penciled
Pencilled
Penciling
Pencilling
Pend
Pended
Pending
Pends
Pendant
Pendants
Pendent
Pendents
Pendulous
Pendulum
Pendulums
Penetrability
Penetrabilities
Penetrable
Penetrate
Penetrated
Penetrating
Penetrates
Penetratingly
Penetration
Penetrations
Penetrative
Penguin
Penguins
Penicillin
Penicillins
Penile
Peninsula
Peninsulas
Peninsular
Penis
Penises
Penes
Penitence
Penitences
Penitent
Penitents
Penitential
Penitentials
Penitentiary
Penitentiaries
Penitently
Penknife
Penknives
Penlight
Penlights
Penlite
Penlites
Penman
Penmen
Penmanship
Penmanships
Pennant
Pennants
Penniless
Pennon
Pennons
Penny
Pennies
Pence
Pennyweight
Pennyweights
Penologist
Penologists
Penology
Penologies
Pension
Pensions
Pensioned
Pensioning
Pensionable
Pensioner
Pensioners
Pensive
Pensively
Pensiveness
Pensivenesses
Pentacle
Pentacles
Pentagon
Pentagons
Pentagonal
Pentagram
Pentagrams
Pentameter
Pentameters
Pentathlete
Pentathletes
Pentathlon
Pentathlons
Penthouse
Penthouses
Penuche
Penuches
Penultimate
Penultimates
Penumbra
Penumbrae
Penumbras
Penurious
Penuriously
Penuriousness
Penuriousnesses
Penury
Penuries
Peon
Peons
Peonage
Peonages
Peony
Peonies
People
Peoples
Peopled
Peopling
Pep
Peps
Pepped
Pepping
Pepper
Peppers
Peppered
Peppering
Peppercorn
Peppercorns
Peppermint
Peppermints
Pepperoni
Pepperonis
Peppery
Pepperier
Pepperiest
Peppiness
Peppinesses
Peppy
Peppier
Peppiest
Pepsin
Pepsins
Peptic
Peptics
Per
Peradventure
Peradventures
Perambulate
Perambulated
Perambulating
Perambulates
Perambulation
Perambulations
Perambulator
Perambulators
Percale
Percales
Perceivable
Perceive
Perceived
Perceiving
Perceives
Percent
Percents
Percentage
Percentages
Percentile
Percentiles
Perceptible
Perceptibly
Perception
Perceptions
Perceptional
Perceptive
Perceptively
Perceptiveness
Perceptivenesses
Perceptual
Perceptually
Perch
Perches
Perched
Perching
Perchance
Percipience
Percipiences
Percipient
Percipients
Percolate
Percolates
Percolated
Percolating
Percolation
Percolations
Percolator
Percolators
Percussion
Percussions
Percussionist
Percussionists
Perdition
Perditions
Perdurable
Peregrinate
Peregrinated
Peregrinating
Peregrinates
Peregrination
Peregrinations
Peregrine
Peregrines
Peremptorily
Peremptory
Perennial
Perennials
Perennially
Perestroika
Perestroikas
Perfect
Perfecter
Perfectest
Perfects
Perfected
Perfecting
Perfecta
Perfectas
Perfectibility
Perfectibilities
Perfectible
Perfection
Perfections
Perfectionism
Perfectionisms
Perfectionist
Perfectionists
Perfectly
Perfectness
Perfectnesses
Perfidious
Perfidiously
Perfidy
Perfidies
Perforate
Perforated
Perforating
Perforates
Perforation
Perforations
Perforce
Perform
Performed
Performing
Performs
Performance
Performances
Performer
Performers
Perfume
Perfumes
Perfumed
Perfuming
Perfumer
Perfumers
Perfumery
Perfumeries
Perfunctorily
Perfunctory
Pergola
Pergolas
Perhaps
Pericardium
Pericardia
Pericardiums
Perigee
Perigees
Perihelion
Perihelia
Perihelions
Peril
Perils
Periled
Perilled
Periling
Perilling
Perilous
Perilously
Perimeter
Perimeters
Perineum
Perinea
Period
Periods
Periodic
Periodical
Periodicals
Periodically
Periodicity
Periodicities
Periodontal
Periodontics
Periodontist
Periodontists
Peripatetic
Peripatetics
Peripheral
Peripherals
Peripherally
Periphery
Peripheries
Periphrasis
Periphrases
Periphrastic
Periscope
Periscopes
Perish
Perished
Perishing
Perishes
Perishable
Perishables
Peristalsis
Peristalses
Peristaltic
Peristyle
Peristyles
Peritoneal
Peritoneum
Peritoneums
Peritonea
Peritonitis
Peritonitises
Periwig
Periwigs
Periwinkle
Periwinkles
Perjure
Perjured
Perjuring
Perjures
Perjurer
Perjurers
Perjury
Perjuries
Perk
Perks
Perked
Perking
Perkily
Perkiness
Perkinesses
Perky
Perkier
Perkiest
Perm
Perms
Permed
Perming
Permafrost
Permafrosts
Permanence
Permanences
Permanency
Permanencies
Permanent
Permanents
Permanently
Permeability
Permeabilities
Permeable
Permeate
Permeated
Permeating
Permeates
Permeation
Permeations
Permissible
Permissibly
Permission
Permissions
Permissive
Permissively
Permissiveness
Permissivenesses
Permit
Permits
Permitted
Permitting
Permutation
Permutations
Permute
Permuted
Permuting
Permutes
Pernicious
Perniciously
Perniciousness
Perniciousnesses
Pernickety
Peroration
Perorations
Peroxide
Peroxides
Peroxided
Peroxiding
Perpendicular
Perpendiculars
Perpendicularity
Perpendicularities
Perpendicularly
Perpetrate
Perpetrated
Perpetrating
Perpetrates
Perpetration
Perpetrations
Perpetrator
Perpetrators
Perpetual
Perpetuals
Perpetually
Perpetuate
Perpetuated
Perpetuating
Perpetuates
Perpetuation
Perpetuations
Perpetuity
Perpetuities
Perplex
Perplexed
Perplexing
Perplexes
Perplexedly
Perplexity
Perplexities
Perquisite
Perquisites
Persecute
Persecuted
Persecuting
Persecutes
Persecution
Persecutions
Persecutor
Persecutors
Perseverance
Perseverances
Persevere
Persevered
Persevering
Perseveres
Persiflage
Persiflages
Persimmon
Persimmons
Persist
Persisted
Persisting
Persists
Persistence
Persistences
Persistent
Persistently
Persnickety
Person
Persons
Persona
Personae
Personas
Personable
Personage
Personages
Personal
Personals
Personality
Personalities
Personalize
Personalized
Personalizing
Personalizes
Personally
Personalty
Personalties
Personification
Personifications
Personify
Personified
Personifying
Personifies
Personnel
Personnels
Perspective
Perspectives
Perspicacious
Perspicaciously
Perspicacity
Perspicacities
Perspicuity
Perspicuities
Perspicuous
Perspiration
Perspirations
Perspire
Perspired
Perspiring
Perspires
Persuadable
Persuade
Persuaded
Persuading
Persuades
Persuader
Persuaders
Persuasion
Persuasions
Persuasive
Persuasives
Persuasively
Persuasiveness
Persuasivenesses
Pert
Perter
Pertest
Pertain
Pertained
Pertaining
Pertains
Pertinacious
Pertinaciously
Pertinacity
Pertinacities
Pertinence
Pertinences
Pertinent
Pertinently
Pertly
Pertness
Pertnesses
Perturb
Perturbed
Perturbing
Perturbs
Perturbation
Perturbations
Pertussis
Pertussises
Peruke
Perukes
Perusal
Perusals
Peruse
Perused
Perusing
Peruses
Pervade
Pervaded
Pervading
Pervades
Pervasive
Pervasively
Pervasiveness
Pervasivenesses
Perverse
Perverser
Perversest
Perversely
Perverseness
Perversenesses
Perversion
Perversions
Perversity
Perversities
Pervert
Perverts
Perverted
Perverting
Peseta
Pesetas
Peskily
Peskiness
Peskinesses
Pesky
Peskier
Peskiest
Peso
Pesos
Pessimism
Pessimisms
Pessimist
Pessimists
Pessimistic
Pessimistically
Pest
Pests
Pester
Pestered
Pestering
Pesters
Pesticide
Pesticides
Pestiferous
Pestilence
Pestilences
Pestilent
Pestilential
Pestle
Pestles
Pestled
Pestling
Pesto
Pestos
Pet
Pets
Petted
Petting
Petal
Petals
Petaled
Petard
Petards
Petcock
Petcocks
Peter
Peters
Petered
Petering
Petiole
Petioles
Petite
Petites
Petition
Petitions
Petitioned
Petitioning
Petitioner
Petitioners
Petrel
Petrels
Petrifaction
Petrifactions
Petrify
Petrified
Petrifying
Petrifies
Petrochemical
Petrochemicals
Petrodollar
Petrodollars
Petrol
Petrols
Petrolled
Petrolling
Petrolatum
Petrolatums
Petroleum
Petroleums
Petrologist
Petrologists
Petrology
Petrologies
Petticoat
Petticoats
Pettifog
Pettifogged
Pettifogging
Pettifogs
Pettifogger
Pettifoggers
Pettifoggery
Pettifoggeries
Pettily
Pettiness
Pettinesses
Pettings
Pettish
Pettishly
Petty
Pettier
Pettiest
Petulance
Petulances
Petulant
Petulantly
Petunia
Petunias
Pew
Pews
Pewee
Pewees
Pewit
Pewits
Pewter
Pewters
Peyote
Peyotes
Pfennig
Pfennigs
Pfennige
Phaeton
Phaetons
Phagocyte
Phagocytes
Phalanger
Phalangers
Phalanx
Phalanxes
Phalanges
Phallic
Phallus
Phalli
Phalluses
Phantasm
Phantasms
Phantasmagoria
Phantasmagorias
Phantasmal
Phantasy
Phantasies
Phantasied
Phantasying
Phantom
Phantoms
Pharaoh
Pharaohs
Pharisaic
Pharisee
Pharisees
Pharmaceutic
Pharmaceutics
Pharmaceutical
Pharmaceuticals
Pharmacist
Pharmacists
Pharmacological
Pharmacologist
Pharmacologists
Pharmacology
Pharmacologies
Pharmacopeia
Pharmacopeias
Pharmacopoeia
Pharmacopoeias
Pharmacy
Pharmacies
Pharyngeal
Pharyngeals
Pharyngitis
Pharyngitides
Pharynx
Pharynges
Pharynxes
Phase
Phases
Phased
Phasing
Phaseout
Phaseouts
Phat
Phatter
Phattest
Pheasant
Pheasants
Phenacetin
Phenacetins
Phenobarbital
Phenobarbitals
Phenol
Phenols
Phenom
Phenoms
Phenomenal
Phenomenally
Phenomenon
Phenomena
Phenomenons
Pheromone
Pheromones
Phew
Phi
Phis
Phial
Phials
Philander
Philandered
Philandering
Philanders
Philanderer
Philanderers
Philanderings
Philanthropic
Philanthropically
Philanthropist
Philanthropists
Philanthropy
Philanthropies
Philatelic
Philatelist
Philatelists
Philately
Philatelies
Philharmonic
Philharmonics
Philippic
Philippics
Philistine
Philistines
Philistinism
Philistinisms
Philodendron
Philodendrons
Philodendra
Philological
Philologist
Philologists
Philology
Philologies
Philosopher
Philosophers
Philosophic
Philosophical
Philosophically
Philosophize
Philosophized
Philosophizing
Philosophizes
Philosophizer
Philosophizers
Philosophy
Philosophies
Philter
Philters
Philtered
Philtering
Philtre
Philtres
Philtred
Philtring
Phlebitis
Phlebitides
Phlegm
Phlegms
Phlegmatic
Phlegmatically
Phloem
Phloems
Phlox
Phloxes
Phobia
Phobias
Phobic
Phobics
Phoebe
Phoebes
Phoenix
Phoenixes
Phone
Phones
Phoned
Phoning
Phoneme
Phonemes
Phonemic
Phonemically
Phonetic
Phonetics
Phonetically
Phonetician
Phoneticians
Phoney
Phonier
Phoniest
Phoneys
Phoneyed
Phoneying
Phonic
Phonically
Phonics
Phoniness
Phoninesses
Phonograph
Phonographs
Phonographic
Phonological
Phonologically
Phonologist
Phonologists
Phonology
Phonologies
Phony
Phonies
Phonied
Phonying
Phooey
Phosphate
Phosphates
Phosphor
Phosphors
Phosphorescence
Phosphorescences
Phosphorescent
Phosphorescently
Phosphoric
Phosphorous
Phosphorus
Phosphoruses
Phosphori
Photo
Photos
Photoed
Photoing
Photocell
Photocells
Photocopier
Photocopiers
Photocopy
Photocopies
Photocopied
Photocopying
Photoelectric
Photoelectrically
Photoengrave
Photoengraved
Photoengraving
Photoengraves
Photoengraver
Photoengravers
Photoengravings
Photofinishing
Photofinishings
Photogenic
Photogenically
Photograph
Photographs
Photographed
Photographing
Photographer
Photographers
Photographic
Photographically
Photography
Photographies
Photojournalism
Photojournalisms
Photojournalist
Photojournalists
Photometer
Photometers
Photon
Photons
Photosensitive
Photostat
Protostats
Photostatted
Photostated
Photostatting
Photostating
Photostats
Photostatic
Photosynthesis
Photosyntheses
Photosynthesize
Photosynthesized
Photosynthesizing
Photosynthesizes
Photosynthetic
Phrasal
Phrase
Phrases
Phrased
Phrasing
Phraseology
Phraseologies
Phrasings
Phrenetic
Phrenetics
Phrenologist
Phrenologists
Phrenology
Phrenologies
Phylactery
Phylacteries
Phylogeny
Phylogenies
Phylum
Phyla
Physic
Physics
Physicked
Physicking
Physical
Physicals
Physically
Physician
Physicians
Physicist
Physicists
Physiognomy
Physiognomies
Physiography
Physiographies
Physiologic
Physiological
Physiologically
Physiologist
Physiologists
Physiology
Physiologies
Physiotherapist
Physiotherapists
Physiotherapy
Physiotherapies
Physique
Physiques
Pis
Pies
Pied
Pieing
Piing
Pianissimo
Pianissimos
Pianissimi
Pianist
Pianists
Piano
Pianos
Pianoforte
Pianofortes
Piaster
Piasters
Piastre
Piastres
Piazza
Piazzas
Piazze
Pibroch
Pibrochs
Pic
Pics
Pica
Picas
Picador
Picadors
Picaresque
Picayune
Picayunes
Piccalilli
Piccalillis
Piccolo
Piccolos
Pick
Picks
Picked
Picking
Pickaback
Pickabacks
Pickabacked
Pickabacking
Pickax
Pickaxes
Pickaxed
Pickaxing
Pickaxe
Picker
Pickers
Pickerel
Pickerels
Picket
Pickets
Picketed
Picketing
Pickings
Pickle
Pickles
Pickled
Pickling
Pickpocket
Pickpockets
Pickup
Pickups
Picky
Pickier
Pickiest
Picnic
Picnics
Picnicked
Picnicking
Picnicker
Picnickers
Picot
Picots
Pictograph
Pictographs
Pictorial
Pictorials
Pictorially
Picture
Pictures
Pictured
Picturing
Picturesque
Picturesquely
Picturesqueness
Picturesquenesses
Piddle
Piddles
Piddled
Piddling
Piddly
Pidgin
Pidgins
Pie
Piebald
Piebalds
Piece
Pieces
Pieced
Piecing
Piecemeal
Piecework
Pieceworks
Pieceworker
Pieceworkers
Pier
Piers
Pierce
Pierced
Piercing
Pierces
Piercings
Piercingly
Piety
Pieties
Piffle
Piffles
Piffled
Piffling
Pig
Pigs
Pigged
Pigging
Pigeon
Pigeons
Pigeonhole
Pigeonholes
Pigeonholed
Pigeonholing
Piggish
Piggishly
Piggishness
Piggishnesses
Piggy
Piggier
Piggiest
Piggies
Piggyback
Piggybacks
Piggybacked
Piggybacking
Pigheaded
Pigheadedly
Pigheadedness
Pigheadednesses
Piglet
Piglets
Pigment
Pigments
Pigmented
Pigmenting
Pigmentation
Pigmentations
Pigmy
Pigmies
Pigpen
Pigpens
Pigskin
Pigskins
Pigsty
Pigsties
Pigtail
Pigtails
Pike
Pikes
Piked
Piking
Piker
Pikers
Pikestaff
Pikestaffs
Pikestaves
Pilaf
Pilafs
Pilaff
Pilaffs
Pilaster
Pilasters
Pilau
Pilaus
Pilchard
Pilchards
Pile
Piles
Piled
Piling
Pileup
Pileups
Pilfer
Pilfered
Pilfering
Pilfers
Pilferage
Pilferages
Pilferer
Pilferers
Pilgrim
Pilgrims
Pilgrimage
Pilgrimages
Pilgrimaged
Pilgrimaging
Pilings
Pill
Pills
Pilled
Pilling
Pillage
Pillages
Pillaged
Pillaging
Pillager
Pillagers
Pillar
Pillars
Pillared
Pillaring
Pillbox
Pillboxes
Pillion
Pillions
Pillory
Pillories
Pilloried
Pillorying
Pillow
Pillows
Pillowed
Pillowing
Pillowcase
Pillowcases
Pillowslip
Pillowslips
Pilot
Pilots
Piloted
Piloting
Pilothouse
Pilothouses
Pimento
Pimentos
Pimiento
Pimientos
Pimp
Pimps
Pimped
Pimping
Pimpernel
Pimpernels
Pimple
Pimples
Pimpled
Pimply
Pimplier
Pimpliest
Pin
Pins
Pinned
Pinning
Pinafore
Pinafores
Pinata
Pinatas
Pinball
Pinballs
Pincer
Pincers
Pincered
Pincering
Pinch
Pinches
Pinched
Pinching
Pincushion
Pincushions
Pine
Pines
Pined
Pining
Pineapple
Pineapples
Piney
Pinier
Piniest
Pinfeather
Pinfeathers
Ping
Pings
Pinged
Pinging
Pinhead
Pinheads
Pinhole
Pinholes
Pinion
Pinions
Pinioned
Pinioning
Pink
Pinker
Pinkest
Pinks
Pinked
Pinking
Pinkeye
Pinkeyes
Pinkie
Pinkies
Pinkish
Pinkness
Pinknesses
Pinko
Pinkos
Pinkoes
Pinky
Pinnacle
Pinnacles
Pinnacled
Pinnacling
Pinnate
Pinochle
Pinochles
Pinocle
Pinocles
Pinon
Pinons
Pinones
Pinpoint
Pinpoints
Pinpointed
Pinpointing
Pinprick
Pinpricks
Pinsetter
Pinsetters
Pinstripe
Pinstripes
Pinstriped
Pint
Pints
Pinto
Pintos
Pintoes
Pinup
Pinups
Pinwheel
Pinwheels
Pinwheeled
Pinwheeling
Piny
Pinyin
Pinyon
Pinyons
Pioneer
Pioneers
Pioneered
Pioneering
Pious
Piously
Piousness
Piousnesses
Pip
Pips
Pipped
Pipping
Pipe
Pipes
Piped
Piping
Pipeline
Pipelines
Pipelined
Pipelining
Piper
Pipers
Pipette
Pipettes
Pipetted
Pipetting
Pipings
Pipit
Pipits
Pippin
Pippins
Pipsqueak
Pipsqueaks
Piquancy
Piquancies
Piquant
Piquantly
Pique
Piques
Piqued
Piquing
Piracy
Piracies
Piranha
Piranhas
Pirate
Pirates
Pirated
Pirating
Piratical
Piratically
Pirogi
Piroshki
Pirouette
Pirouettes
Pirouetted
Pirouetting
Piscatorial
Pismire
Pismires
Piss
Pisses
Pissed
Pissing
Pistachio
Pistachios
Pistil
Pistils
Pistillate
Pistol
Pistols
Pistoled
Pistolled
Pistoling
Pistolling
Piston
Pistons
Pit
Pits
Pitted
Pitting
Pita
Pitas
Pitapat
Pitapats
Pitapatted
Pitapatting
Pitch
Pitches
Pitched
Pitching
Pitchblende
Pitchblendes
Pitcher
Pitchers
Pitchfork
Pitchforks
Pitchforked
Pitchforking
Pitchman
Pitchmen
Piteous
Piteously
Piteousness
Piteousnesses
Pitfall
Pitfalls
Pith
Piths
Pithed
Pithing
Pithily
Pithiness
Pithinesses
Pithy
Pithier
Pithiest
Pitiable
Pitiably
Pitiful
Pitifuller
Pitifullest
Pitifully
Pitiless
Pitilessly
Pitilessness
Pitilessnesses
Piton
Pitons
Pittance
Pittances
Pituitary
Pituitaries
Pity
Pities
Pitied
Pitying
Pivot
Pivots
Pivoted
Pivoting
Pivotal
Pix
Pixel
Pixels
Pixie
Pixies
Pixy
Pizazz
Pizazzes
Pizza
Pizzas
Pizzazz
Pizzazzes
Pizzeria
Pizzerias
Pizzicato
Pizzicati
Pizzicatos
Placard
Placards
Placarded
Placarding
Placate
Placated
Placating
Placates
Placation
Placations
Placatory
Place
Places
Placed
Placing
Placebo
Placebos
Placeboes
Placeholder
Placeholders
Placekick
Placekicks
Placekicked
Placekicking
Placekicker
Placekickers
Placement
Placements
Placenta
Placentas
Placentae
Placental
Placer
Placers
Placid
Placider
Placidest
Placidity
Placidities
Placidly
Placket
Plackets
Plagiarism
Plagiarisms
Plagiarist
Plagiarists
Plagiarize
Plagiarized
Plagiarizing
Plagiarizes
Plagiarizer
Plagiarizers
Plagiary
Plagiaries
Plague
Plagues
Plagued
Plaguing
Plaid
Plaids
Plain
Plainer
Plainest
Plains
Plained
Plaining
Plainclothes
Plainclothesman
Plainclothesmen
Plainly
Plainness
Plainnesses
Plainsman
Plainsmen
Plainsong
Plainsongs
Plainspoken
Plaint
Plaints
Plaintiff
Plaintiffs
Plaintive
Plaintively
Plait
Plaits
Plaited
Plaiting
Plan
Plans
Planned
Planning
Plane
Planes
Planed
Planing
Planeload
Planer
Planers
Planet
Planets
Planetarium
Planetariums
Planetaria
Planetary
Planetaries
Plangency
Plangencies
Plangent
Plank
Planks
Planked
Planking
Plankings
Plankton
Planktons
Planner
Planners
Plant
Plants
Planted
Planting
Plantain
Plantains
Plantar
Plantation
Plantations
Planter
Planters
Plantings
Plantlike
Plaque
Plaques
Plash
Plashes
Plashed
Plashing
Plasma
Plasmas
Plaster
Plasters
Plastered
Plastering
Plasterboard
Plasterboards
Plasterer
Plasterers
Plastic
Plastics
Plasticity
Plasticities
Plasticize
Plasticized
Plasticizing
Plasticizes
Plat
Plats
Platted
Platting
Plate
Plates
Plated
Plating
Plateau
Plateaus
Plateaux
Plateaued
Plateauing
Plateful
Platefuls
Platesful
Platelet
Platelets
Platen
Platens
Platform
Platforms
Platformed
Platforming
Platings
Platinum
Platinums
Platitude
Platitudes
Platitudinous
Platonic
Platoon
Platoons
Platooned
Platooning
Platter
Platters
Platy
Platier
Platiest
Platys
Platies
Platypus
Platypuses
Platypi
Plaudit
Plaudits
Plausibility
Plausibilities
Plausible
Plausibly
Play
Plays
Played
Playing
Playable
Playact
Playacted
Playacting
Playacts
Playactings
Playback
Playbacks
Playbill
Playbills
Playbook
Playbooks
Playboy
Playboys
Player
Players
Playfellow
Playfellows
Playful
Playfully
Playfulness
Playfulnesses
Playgirl
Playgirls
Playgoer
Playgoers
Playground
Playgrounds
Playhouse
Playhouses
Playmate
Playmates
Playoff
Playoffs
Playpen
Playpens
Playroom
Playrooms
Plaything
Playthings
Playtime
Playtimes
Playwright
Playwrights
Plaza
Plazas
Plea
Pleas
Plead
Pleaded
Pled
Pleading
Pleads
Pleader
Pleaders
Pleadings
Pleasant
Pleasanter
Pleasantest
Pleasantly
Pleasantness
Pleasantnesses
Pleasantry
Pleasantries
Please
Pleased
Pleasing
Pleases
Pleasingly
Pleasurable
Pleasurably
Pleasure
Pleasures
Pleasured
Pleasuring
Pleasureful
Pleat
Pleats
Pleated
Pleating
Plebe
Plebes
Plebeian
Plebeians
Plebiscite
Plebiscites
Plectrum
Plectra
Plectrums
Pledge
Pledges
Pledged
Pledging
Plenary
Plenaries
Plenipotentiary
Plenipotentiaries
Plenitude
Plenitudes
Plenteous
Plentiful
Plentifully
Plenty
Plenties
Pleonasm
Pleonasms
Plethora
Plethoras
Pleura
Pleurae
Pleuras
Pleurisy
Pleurisies
Plexiglass
Plexiglasses
Plexus
Plexuses
Pliability
Pliabilities
Pliable
Pliancy
Pliancies
Pliant
Pliers
Plight
Plights
Plighted
Plighting
Plinth
Plinths
Plod
Plods
Plodded
Plodding
Plodder
Plodders
Plop
Plops
Plopped
Plopping
Plot
Plots
Plotted
Plotting
Plotter
Plotters
Plough
Ploughs
Ploughed
Ploughing
Plover
Plovers
Plow
Plows
Plowed
Plowing
Plowman
Plowmen
Plowshare
Plowshares
Ploy
Ploys
Ployed
Ploying
Pluck
Plucks
Plucked
Plucking
Pluckily
Pluckiness
Pluckinesses
Plucky
Pluckier
Pluckiest
Plug
Plugs
Plugged
Plugging
Plum
Plums
Plumage
Plumages
Plumb
Plumbs
Plumbed
Plumbing
Plumber
Plumbers
Plumbings
Plume
Plumes
Plumed
Pluming
Plummet
Plummets
Plummeted
Plummeting
Plump
Plumper
Plumpest
Plumps
Plumped
Plumping
Plumply
Plumpness
Plumpnesses
Plumy
Plumier
Plumiest
Plunder
Plunders
Plundered
Plundering
Plunderer
Plunderers
Plunge
Plunges
Plunged
Plunging
Plunger
Plungers
Plunk
Plunks
Plunked
Plunking
Pluperfect
Pluperfects
Plural
Plurals
Pluralism
Pluralisms
Pluralist
Pluralists
Pluralistic
Plurality
Pluralities
Pluralization
Pluralizations
Pluralize
Pluralized
Pluralizing
Pluralizes
Plus
Pluses
Plusses
Plush
Plusher
Plushest
Plushes
Plushly
Plushness
Plushnesses
Plushy
Plushier
Plushiest
Plutocracy
Plutocracies
Plutocrat
Plutocrats
Plutocratic
Plutonium
Plutoniums
Pluvial
Pluvials
Ply
Plies
Plied
Plying
Plywood
Plywoods
Pneumatic
Pneumatics
Pneumatically
Pneumonia
Pneumonias
Poach
Poached
Poaching
Poaches
Poacher
Poachers
Poachings
Pock
Pocks
Pocked
Pocket
Pockets
Pocketed
Pocketing
Pocketbook
Pocketbooks
Pocketful
Pocketfuls
Pocketsful
Pocketknife
Pocketknives
Pockmark
Pockmarks
Pockmarked
Pockmarking
Pod
Pods
Podded
Podding
Podiatrist
Podiatrists
Podiatry
Podiatries
Podium
Podiums
Podia
Poem
Poems
Poesy
Poesies
Poet
Poets
Poetaster
Poetasters
Poetess
Poetesses
Poetic
Poetics
Poetical
Poetically
Poetry
Poetries
Pogrom
Pogroms
Poi
Pois
Poignancy
Poignancies
Poignant
Poignantly
Poinciana
Poincianas
Poinsettia
Poinsettias
Point
Points
Pointed
Pointing
Pointedly
Pointer
Pointers
Pointillism
Pointillisms
Pointillist
Pointillists
Pointless
Pointlessly
Pointlessness
Pointlessnesses
Pointy
Pointier
Pointiest
Poise
Poises
Poised
Poising
Poison
Poisons
Poisoned
Poisoning
Poisoner
Poisoners
Poisonings
Poisonous
Poisonously
Poke
Pokes
Poked
Poking
Poker
Pokers
Pokey
Pokier
Pokiest
Pokeys
Poky
Pokies
Pol
Pols
Polar
Polarity
Polarities
Polarization
Polarizations
Polarize
Polarized
Polarizing
Polarizes
Pole
Poles
Poled
Poling
Polecat
Polecats
Polemic
Polemics
Polemical
Polemically
Polemicist
Polemicists
Polestar
Polestars
Police
Policed
Policing
Polices
Policeman
Policemen
Policewoman
Policewomen
Policy
Policies
Policyholder
Policyholders
Polio
Polios
Poliomyelitis
Poliomyelitides
Polish
Polishes
Polished
Polishing
Polisher
Polishers
Politburo
Politburos
Polite
Politer
Politest
Politely
Politeness
Politenesses
Politesse
Politesses
Politic
Political
Politically
Politician
Politicians
Politicization
Politicizations
Politicize
Politicized
Politicizing
Politicizes
Politicking
Politickings
Politico
Politicos
Politicoes
Politics
Polity
Polities
Polka
Polkas
Polkaed
Polkaing
Poll
Polls
Polled
Polling
Pollack
Pollacks
Pollen
Pollens
Pollened
Pollening
Pollinate
Pollinated
Pollinating
Pollinates
Pollination
Pollinations
Pollinator
Pollinators
Pollings
Polliwog
Polliwogs
Pollock
Pollocks
Pollster
Pollsters
Pollutant
Pollutants
Pollute
Polluted
Polluting
Pollutes
Polluter
Polluters
Pollution
Pollutions
Pollywog
Pollywogs
Polo
Polos
Polonaise
Polonaises
Polonium
Poloniums
Poltergeist
Poltergeists
Poltroon
Poltroons
Polyandrous
Polyandry
Polyandries
Polyclinic
Polyclinics
Polyester
Polyesters
Polyethylene
Polyethylenes
Polygamist
Polygamists
Polygamous
Polygamy
Polygamies
Polyglot
Polyglots
Polygon
Polygons
Polygonal
Polygraph
Polygraphs
Polygraphed
Polygraphing
Polyhedral
Polyhedron
Polyhedrons
Polyhedra
Polymath
Polymaths
Polymer
Polymers
Polymeric
Polymerization
Polymerizations
Polymerize
Polymerized
Polymerizing
Polymerizes
Polynomial
Polynomials
Polyp
Polyps
Polyphonic
Polyphony
Polyphonies
Polypropylene
Polypropylenes
Polystyrene
Polystyrenes
Polysyllabic
Polysyllable
Polysyllables
Polytechnic
Polytechnics
Polytheism
Polytheisms
Polytheist
Polytheists
Polytheistic
Polyunsaturated
Polyurethane
Polyurethanes
Polyvinyl
Pomade
Pomades
Pomaded
Pomading
Pomander
Pomanders
Pomegranate
Pomegranates
Pommel
Pommels
Pommeled
Pommelled
Pommeling
Pommelling
Pomp
Pomps
Pompadour
Pompadours
Pompano
Pompanos
Pompom
Pompoms
Pompon
Pompons
Pomposity
Pomposities
Pompous
Pompously
Pompousness
Pompousnesses
Poncho
Ponchos
Pond
Ponds
Ponded
Ponding
Ponder
Pondered
Pondering
Ponders
Ponderer
Ponderers
Ponderous
Ponderously
Ponderousness
Ponderousnesses
Pone
Pones
Pongee
Pongees
Poniard
Poniards
Poniarded
Poniarding
Pontiff
Pontiffs
Pontifical
Pontificals
Pontifically
Pontificate
Pontificates
Pontificated
Pontificating
Pontoon
Pontoons
Pony
Ponies
Ponied
Ponying
Ponytail
Ponytails
Pooch
Pooches
Poodle
Poodles
Poof
Poofs
Pooh
Poohs
Poohed
Poohing
Pool
Pools
Pooled
Pooling
Poolroom
Poolrooms
Poop
Poops
Pooped
Pooping
Poor
Poorer
Poorest
Poorboy
Poorboys
Poorhouse
Poorhouses
Poorly
Poorlier
Poorliest
Poorness
Poornesses
Pop
Pops
Popped
Popping
Popcorn
Popcorns
Pope
Popes
Popgun
Popguns
Popinjay
Popinjays
Poplar
Poplars
Poplin
Poplins
Popover
Popovers
Poppa
Poppas
Popper
Poppers
Poppy
Poppies
Poppycock
Poppycocks
Populace
Populaces
Popular
Popularity
Popularities
Popularization
Popularizations
Popularize
Popularized
Popularizing
Popularizes
Popularly
Populate
Populated
Populating
Populates
Population
Populations
Populism
Populisms
Populist
Populists
Populous
Populousness
Populousnesses
Porcelain
Porcelains
Porch
Porches
Porcine
Porcupine
Porcupines
Pore
Pores
Pored
Poring
Porgy
Porgies
Pork
Porks
Porker
Porkers
Porky
Porkier
Porkiest
Porkies
Porn
Porns
Porno
Pornos
Pornographer
Pornographers
Pornographic
Pornographically
Pornography
Pornographies
Porosity
Porosities
Porous
Porousness
Porousnesses
Porphyritic
Porphyry
Porphyries
Porpoise
Porpoises
Porpoised
Porpoising
Porridge
Porridges
Porringer
Porringers
Port
Ports
Ported
Porting
Portability
Portabilities
Portable
Portables
Portage
Portages
Portaged
Portaging
Portal
Portals
Portcullis
Portcullises
Portend
Portended
Portending
Portends
Portent
Portents
Portentous
Portentously
Porter
Porters
Porterhouse
Porterhouses
Portfolio
Portfolios
Porthole
Portholes
Portico
Porticoes
Porticos
Portiere
Portieres
Portion
Portions
Portioned
Portioning
Portliness
Portlinesses
Portly
Portlier
Portliest
Portmanteau
Portmanteaus
Portmanteaux
Portrait
Portraits
Portraitist
Portraitists
Portraiture
Portraitures
Portray
Portrayed
Portraying
Portrays
Portrayal
Portrayals
Portulaca
Portulacas
Pose
Poses
Posed
Posing
Poser
Posers
Poseur
Poseurs
Posh
Posher
Poshest
Posit
Posits
Posited
Positing
Position
Positions
Positioned
Positioning
Positive
Positiver
Positivest
Positives
Positively
Positiveness
Positivenesses
Positron
Positrons
Posse
Posses
Possess
Possessed
Possessing
Possesses
Possession
Possessions
Possessive
Possessives
Possessively
Possessiveness
Possessivenesses
Possessor
Possessors
Possibility
Possibilities
Possible
Possibler
Possiblest
Possibles
Possibly
Possum
Possums
Post
Posts
Posted
Posting
Postage
Postages
Postal
Postals
Postcard
Postcards
Postcarded
Postcarding
Postconsonantal
Postdate
Postdated
Postdating
Postdates
Postdoctoral
Poster
Posters
Posterior
Posteriors
Posterity
Posterities
Postgraduate
Postgraduates
Posthaste
Posthastes
Posthumous
Posthumously
Posthypnotic
Postilion
Postilions
Postillion
Postillions
Postindustrial
Postings
Postlude
Postludes
Postman
Postmen
Postmark
Postmarks
Postmarked
Postmarking
Postmaster
Postmasters
Postmenopausal
Postmeridian
Postmistress
Postmistresses
Postmodern
Postmodernism
Postmodernisms
Postmodernist
Postmodernists
Postmortem
Postmortems
Postnasal
Postnatal
Postoperative
Postpaid
Postpartum
Postpone
Postponed
Postponing
Postpones
Postponement
Postponements
Postprandial
Postscript
Postscripts
Postseason
Postseasons
Postulate
Postulates
Postulated
Postulating
Postulation
Postulations
Posture
Postures
Postured
Posturing
Posturings
Postwar
Posy
Posies
Pot
Pots
Potted
Potting
Potability
Potabilities
Potable
Potables
Potash
Potashes
Potassium
Potassiums
Potato
Potatoes
Potbellied
Potbelly
Potbellies
Potboiler
Potboilers
Potency
Potencies
Potent
Potents
Potentate
Potentates
Potential
Potentials
Potentiality
Potentialities
Potentially
Potently
Potful
Potfuls
Pothead
Potheads
Pother
Pothers
Pothered
Pothering
Potherb
Potherbs
Potholder
Potholders
Pothole
Potholes
Potholed
Potholing
Pothook
Pothooks
Potion
Potions
Potluck
Potlucks
Potpie
Potpies
Potpourri
Potpourris
Potsherd
Potsherds
Potshot
Potshots
Pottage
Pottages
Potter
Potters
Pottered
Pottering
Pottery
Potteries
Potty
Pottier
Pottiest
Potties
Pouch
Pouches
Pouched
Pouching
Poulterer
Poulterers
Poultice
Poultices
Poulticed
Poulticing
Poultry
Poultries
Pounce
Pounces
Pounced
Pouncing
Pound
Pounds
Pounded
Pounding
Poundage
Poundages
Poundings
Pour
Pours
Poured
Pouring
Pout
Pouts
Pouted
Pouting
Pouter
Pouters
Poverty
Poverties
Powder
Powders
Powdered
Powdering
Powdery
Powderier
Powderiest
Power
Powers
Powered
Powering
Powerboat
Powerboats
Powerful
Powerfully
Powerhouse
Powerhouses
Powerless
Powerlessly
Powerlessness
Powerlessnesses
Powwow
Powwows
Powwowed
Powwowing
Pox
Poxes
Practicability
Practicabilities
Practicable
Practicably
Practical
Practicality
Practicalities
Practically
Practicals
Practice
Practices
Practiced
Practicing
Practicum
Practicums
Practise
Practises
Practised
Practising
Practitioner
Practitioners
Praetor
Praetors
Praetorian
Praetorians
Pragmatic
Pragmatics
Pragmatical
Pragmatically
Pragmatism
Pragmatisms
Pragmatist
Pragmatists
Prairie
Prairies
Praise
Praises
Praised
Praising
Praiseworthiness
Praiseworthinesses
Praiseworthy
Praiseworthier
Praiseworthiest
Praline
Pralines
Pram
Prams
Prance
Prances
Pranced
Prancing
Prancer
Prancers
Prancingly
Prank
Pranks
Pranked
Pranking
Prankster
Pranksters
Praseodymium
Praseodymiums
Prate
Prates
Prated
Prating
Prater
Praters
Pratfall
Pratfalls
Prattle
Prattles
Prattled
Prattling
Prattler
Prattlers
Prawn
Prawns
Prawned
Prawning
Pray
Prayed
Praying
Prays
Prayer
Prayers
Prayerful
Prayerfully
Preach
Preached
Preaching
Preaches
Preacher
Preachers
Preachment
Preachments
Preachy
Preachier
Preachiest
Preadolescence
Preadolescences
Preamble
Preambles
Prearrange
Prearranged
Prearranging
Prearranges
Prearrangement
Prearrangements
Preassigned
Precancel
Precancels
Precanceled
Precancelled
Precanceling
Precancelling
Precancerous
Precarious
Precariously
Precariousness
Precariousnesses
Precaution
Precautions
Precautioned
Precautioning
Precautionary
Precede
Preceded
Preceding
Precedes
Precedence
Precedences
Precedent
Precedents
Precept
Precepts
Preceptor
Preceptors
Precinct
Precincts
Preciosity
Preciosities
Precious
Preciouses
Preciously
Preciousness
Preciousnesses
Precipice
Precipices
Precipitant
Precipitants
Precipitate
Precipitates
Precipitated
Precipitating
Precipitately
Precipitation
Precipitations
Precipitous
Precipitously
Precis
Precised
Precising
Precises
Precise
Preciser
Precisest
Precisely
Preciseness
Precisenesses
Precision
Precisions
Preclude
Precluded
Precluding
Precludes
Preclusion
Preclusions
Precocious
Precociously
Precociousness
Precociousnesses
Precocity
Precocities
Precognition
Precognitions
Precognitive
Precolonial
Preconceive
Preconceived
Preconceiving
Preconceives
Preconception
Preconceptions
Precondition
Preconditions
Preconditioned
Preconditioning
Precook
Precooked
Precooking
Precooks
Precursor
Precursors
Precursory
Predawn
Predate
Predated
Predating
Predates
Predator
Predators
Predatory
Predecease
Predeceases
Predeceased
Predeceasing
Predecessor
Predecessors
Predesignate
Predesignated
Predesignating
Predesignates
Predestination
Predestinations
Predestine
Predestined
Predestining
Predestines
Predetermination
Predeterminations
Predetermine
Predetermined
Predetermining
Predetermines
Predeterminer
Predeterminers
Predicable
Predicables
Predicament
Predicaments
Predicate
Predicates
Predicated
Predicating
Predication
Predications
Predicative
Predict
Predicted
Predicting
Predicts
Predictability
Predictabilities
Predictable
Predictably
Prediction
Predictions
Predictive
Predictor
Predictors
Predigest
Predigested
Predigesting
Predigests
Predilection
Predilections
Predispose
Predisposed
Predisposing
Predisposes
Predisposition
Predispositions
Predominance
Predominances
Predominant
Predominantly
Predominate
Predominated
Predominating
Predominates
Preemie
Preemies
Preeminence
Preeminences
Preeminent
Preeminently
Preempt
Preempts
Preempted
Preempting
Preemption
Preemptions
Preemptive
Preen
Preens
Preened
Preening
Preexist
Preexisted
Preexisting
Preexists
Preexistence
Preexistences
Prefab
Prefabs
Prefabbed
Prefabbing
Prefabricate
Prefabricated
Prefabricating
Prefabricates
Prefabrication
Prefabrications
Preface
Prefaces
Prefaced
Prefacing
Prefatory
Prefect
Prefects
Prefecture
Prefectures
Prefer
Preferred
Preferring
Prefers
Preferable
Preferably
Preference
Preferences
Preferential
Preferentially
Preferment
Preferments
Prefigure
Prefigured
Prefiguring
Prefigures
Prefix
Prefixes
Prefixed
Prefixing
Preform
Preforms
Preformed
Preforming
Pregame
Pregames
Pregnancy
Pregnancies
Pregnant
Preheat
Preheated
Preheating
Preheats
Prehensile
Prehistoric
Prehistorical
Prehistorically
Prehistory
Prehistories
Prejudge
Prejudged
Prejudging
Prejudges
Prejudgment
Prejudgments
Prejudice
Prejudices
Prejudiced
Prejudicing
Prejudicial
Prekindergarten
Prekindergartens
Prelacy
Prelacies
Prelate
Prelates
Prelim
Prelims
Preliminary
Preliminaries
Preliterate
Prelude
Preludes
Preluded
Preluding
Premarital
Premature
Prematures
Prematurely
Premed
Premeds
Premedical
Premeditate
Premeditated
Premeditating
Premeditates
Premeditation
Premeditations
Premenstrual
Premier
Premiers
Premiered
Premiering
Premiere
Premieres
Premiership
Premierships
Premise
Premises
Premised
Premising
Premiss
Premisses
Premium
Premiums
Premix
Premixes
Premixed
Premixt
Premixing
Premolar
Premolars
Premonition
Premonitions
Premonitory
Prenatal
Prenatally
Prenuptial
Preoccupation
Preoccupations
Preoccupy
Preoccupied
Preoccupying
Preoccupies
Preoperative
Preordain
Preordained
Preordaining
Preordains
Prep
Preps
Prepped
Prepping
Prepackage
Prepackaged
Prepackaging
Prepackages
Preparation
Preparations
Preparatory
Prepare
Prepared
Preparing
Prepares
Preparedness
Preparednesses
Prepay
Prepaid
Prepaying
Prepays
Prepayment
Prepayments
Preponderance
Preponderances
Preponderant
Preponderantly
Preponderate
Preponderated
Preponderating
Preponderates
Preposition
Prepositions
Prepositional
Prepositionally
Prepossess
Prepossessed
Prepossessing
Prepossesses
Prepossession
Prepossessions
Preposterous
Preposterously
Preppie
Preppier
Preppiest
Preppies
Preppy
Prepubescence
Prepubescences
Prepubescent
Prepubescents
Prepuce
Prepuces
Prequel
Prequels
Prerecord
Prerecorded
Prerecording
Prerecords
Preregister
Preregistered
Preregistering
Preregisters
Preregistration
Preregistrations
Prerequisite
Prerequisites
Prerogative
Prerogatives
Presage
Presages
Presaged
Presaging
Presbyopia
Presbyopias
Presbyter
Presbyters
Presbytery
Presbyteries
Preschool
Preschools
Preschooler
Preschoolers
Prescience
Presciences
Prescient
Presciently
Prescribe
Prescribed
Prescribing
Prescribes
Prescript
Prescripts
Prescription
Prescriptions
Prescriptive
Prescriptively
Preseason
Preseasons
Presence
Presences
Present
Presents
Presented
Presenting
Presentable
Presentably
Presentation
Presentations
Presenter
Presenters
Presentiment
Presentiments
Presently
Presentment
Presentments
Preservable
Preservation
Preservations
Preservationist
Preservationists
Preservative
Preservatives
Preserve
Preserves
Preserved
Preserving
Preserver
Preservers
Preset
Presetting
Presets
Preshrink
Preshrank
Preshrunk
Preshrunken
Preshrinking
Preshrinks
Preside
Presided
Presiding
Presides
Presidency
Presidencies
President
Presidents
Presidential
Presidium
Presidia
Presidiums
Presort
Presorted
Presorting
Presorts
Press
Presses
Pressed
Pressing
Presser
Pressers
Pressings
Pressingly
Pressman
Pressmen
Pressure
Pressures
Pressured
Pressuring
Pressurization
Pressurizations
Pressurize
Pressurized
Pressurizing
Pressurizes
Pressurizer
Pressurizers
Prestidigitation
Prestidigitations
Prestige
Prestiges
Prestigious
Presto
Prestos
Presumable
Presumably
Presume
Presumed
Presuming
Presumes
Presumption
Presumptions
Presumptive
Presumptuous
Presumptuously
Presumptuousness
Presumptuousnesses
Presuppose
Presupposed
Presupposing
Presupposes
Presupposition
Presuppositions
Pretax
Preteen
Preteens
Pretence
Pretences
Pretend
Pretended
Pretending
Pretends
Pretender
Pretenders
Pretense
Pretenses
Pretension
Pretensions
Pretensioned
Pretensioning
Pretentious
Pretentiously
Pretentiousness
Pretentiousnesses
Preterit
Preterits
Preterite
Preterites
Preterm
Preternatural
Preternaturally
Pretest
Pretested
Pretesting
Pretests
Pretext
Pretexts
Pretrial
Prettify
Prettified
Prettifying
Prettifies
Prettily
Prettiness
Prettinesses
Pretty
Prettier
Prettiest
Pretties
Prettied
Prettying
Pretzel
Pretzels
Prevail
Prevailed
Prevailing
Prevails
Prevalence
Prevalences
Prevalent
Prevaricate
Prevaricated
Prevaricating
Prevaricates
Prevarication
Prevarications
Prevaricator
Prevaricators
Prevent
Prevented
Preventing
Prevents
Preventable
Preventative
Preventatives
Preventible
Prevention
Preventions
Preventive
Preventives
Preview
Previews
Previewed
Previewing
Previous
Previously
Prevision
Previsions
Prevue
Prevues
Prevued
Prevuing
Prewar
Prey
Preys
Preyed
Preying
Priapic
Price
Prices
Priced
Pricing
Priceless
Pricey
Pricier
Priciest
Prick
Pricks
Pricked
Pricking
Pricker
Prickers
Prickle
Prickles
Prickled
Prickling
Prickliness
Pricklinesses
Prickly
Pricklier
Prickliest
Pricy
Pride
Prides
Prided
Priding
Prideful
Pridefully
Prier
Priers
Priest
Priests
Priested
Priesting
Priestess
Priestesses
Priesthood
Priesthoods
Priestliness
Priestlinesses
Priestly
Priestlier
Priestliest
Prig
Prigs
Prigged
Prigging
Priggish
Priggishness
Priggishnesses
Prim
Primmer
Primmest
Primmed
Primming
Prims
Primacy
Primacies
Primaeval
Primal
Primarily
Primary
Primaries
Primate
Primates
Prime
Primes
Primed
Priming
Primer
Primers
Primeval
Primings
Primitive
Primitives
Primitively
Primitiveness
Primitivenesses
Primly
Primness
Primnesses
Primogenitor
Primogenitors
Primogeniture
Primogenitures
Primordial
Primordially
Primp
Primped
Primping
Primps
Primrose
Primroses
Prince
Princes
Princedom
Princedoms
Princeliness
Princelinesses
Princely
Princelier
Princeliest
Princess
Princesses
Principal
Principals
Principality
Principalities
Principally
Principle
Principles
Principled
Print
Prints
Printed
Printing
Printable
Printer
Printers
Printings
Printout
Printouts
Prior
Priors
Prioress
Prioresses
Prioritize
Prioritized
Prioritizing
Prioritizes
Priority
Priorities
Priory
Priories
Prise
Prises
Prised
Prising
Prism
Prisms
Prismatic
Prison
Prisons
Prisoner
Prisoners
Prissily
Prissiness
Prissinesses
Prissy
Prissier
Prissiest
Pristine
Prithee
Privacy
Privacies
Private
Privater
Privatest
Privates
Privateer
Privateers
Privateered
Privateering
Privately
Privation
Privations
Privatization
Privatizations
Privatize
Privatized
Privatizing
Privatizes
Privet
Privets
Privilege
Privileges
Privileged
Privileging
Privily
Privy
Privier
Priviest
Privies
Prize
Prizes
Prized
Prizing
Prizefight
Prizefights
Prizefighter
Prizefighters
Prizefighting
Prizefightings
Prizewinner
Prizewinners
Prizewinning
Pro
Pros
Proactive
Probability
Probabilities
Probable
Probables
Probably
Probate
Probates
Probated
Probating
Probation
Probations
Probational
Probationary
Probationer
Probationers
Probe
Probes
Probed
Probing
Probity
Probities
Problem
Problems
Problematic
Problematical
Problematically
Proboscis
Proboscises
Proboscides
Procaine
Procaines
Procedural
Procedurals
Procedure
Procedures
Proceed
Proceeded
Proceeding
Proceeds
Proceedings
Process
Processes
Processed
Processing
Procession
Processions
Processioned
Processioning
Processional
Processionals
Processor
Processors
Proclaim
Proclaimed
Proclaiming
Proclaims
Proclamation
Proclamations
Proclivity
Proclivities
Proconsul
Proconsuls
Proconsular
Procrastinate
Procrastinated
Procrastinating
Procrastinates
Procrastination
Procrastinations
Procrastinator
Procrastinators
Procreate
Procreated
Procreating
Procreates
Procreation
Procreations
Procreative
Proctor
Proctors
Proctored
Proctoring
Procurable
Procurator
Procurators
Procure
Procured
Procuring
Procures
Procurement
Procurements
Procurer
Procurers
Prod
Prods
Prodded
Prodding
Prodigal
Prodigals
Prodigality
Prodigalities
Prodigious
Prodigiously
Prodigy
Prodigies
Produce
Produces
Produced
Producing
Producer
Producers
Producible
Product
Products
Production
Productions
Productive
Productively
Productiveness
Productivenesses
Productivity
Productivities
Prof
Profs
Profanation
Profanations
Profane
Profaned
Profaning
Profanes
Profanely
Profaneness
Profanenesses
Profanity
Profanities
Profess
Professed
Professing
Professes
Professedly
Profession
Professions
Professional
Professionals
Professionalism
Professionalisms
Professionalize
Professionalized
Professionalizing
Professionalizes
Professionally
Professor
Professors
Professorial
Professorially
Professorship
Professorships
Proffer
Proffers
Proffered
Proffering
Proficiency
Proficiencies
Proficient
Proficients
Proficiently
Profile
Profiles
Profiled
Profiling
Profit
Profits
Profited
Profiting
Profitability
Profitabilities
Profitable
Profitably
Profiteer
Profiteers
Profiteered
Profiteering
Profiteerings
Profiterole
Profiteroles
Profitless
Profligacy
Profligacies
Profligate
Profligates
Profligately
Profound
Profounder
Profoundest
Profounds
Profoundly
Profoundness
Profoundnesses
Profundity
Profundities
Profuse
Profuser
Profusest
Profusely
Profuseness
Profusenesses
Profusion
Profusions
Progenitor
Progenitors
Progeny
Progenies
Progesterone
Progesterones
Prognathous
Prognosis
Prognoses
Prognostic
Prognostics
Prognosticate
Prognosticated
Prognosticating
Prognosticates
Prognostication
Prognostications
Prognosticator
Prognosticators
Program
Programs
Programmed
Programed
Programming
Programing
Programer
Programers
Programmable
Programmables
Programmatic
Programme
Programmes
Programmer
Programmers
Programmings
Progress
Progresses
Progressed
Progressing
Progression
Progressions
Progressive
Progressives
Progressively
Progressiveness
Progressivenesses
Prohibit
Prohibited
Prohibiting
Prohibits
Prohibition
Prohibitions
Prohibitionist
Prohibitionists
Prohibitive
Prohibitively
Prohibitory
Project
Projects
Projected
Projecting
Projectile
Projectiles
Projection
Projections
Projectionist
Projectionists
Projector
Projectors
Prolapse
Prolapses
Prolapsed
Prolapsing
Proletarian
Proletarians
Proletariat
Proletariats
Proliferate
Proliferated
Proliferating
Proliferates
Proliferation
Proliferations
Prolific
Prolifically
Prolix
Prolixity
Prolixities
Prolixly
Prolog
Prologs
Prologed
Prologing
Prologue
Prologues
Prologued
Prologuing
Prolong
Prolonged
Prolonging
Prolongs
Prolongation
Prolongations
Prom
Proms
Promenade
Promenades
Promenaded
Promenading
Promethium
Promethiums
Prominence
Prominences
Prominent
Prominently
Promiscuity
Promiscuities
Promiscuous
Promiscuously
Promise
Promises
Promised
Promising
Promisingly
Promissory
Promo
Promos
Promoed
Promoing
Promontory
Promontories
Promote
Promoted
Promoting
Promotes
Promoter
Promoters
Promotion
Promotions
Promotional
Prompt
Prompter
Promptest
Prompts
Prompted
Prompting
Prompters
Promptings
Promptitude
Promptitudes
Promptly
Promptness
Promptnesses
Promulgate
Promulgated
Promulgating
Promulgates
Promulgation
Promulgations
Promulgator
Promulgators
Prone
Proner
Pronest
Prones
Proneness
Pronenesses
Prong
Prongs
Pronged
Pronging
Pronghorn
Pronghorns
Pronominal
Pronominals
Pronoun
Pronouns
Pronounce
Pronounced
Pronouncing
Pronounces
Pronounceable
Pronouncement
Pronouncements
Pronto
Pronuclear
Pronunciation
Pronunciations
Proof
Proofs
Proofed
Proofing
Proofread
Proofreading
Proofreads
Proofreader
Proofreaders
Prop
Props
Propped
Propping
Propaganda
Propagandas
Propagandist
Propagandists
Propagandize
Propagandized
Propagandizing
Propagandizes
Propagate
Propagated
Propagating
Propagates
Propagation
Propagations
Propagator
Propagators
Propane
Propanes
Propel
Propelled
Propelling
Propels
Propellant
Propellants
Propellent
Propellents
Propeller
Propellers
Propensity
Propensities
Proper
Properer
Properest
Propers
Properly
Propertied
Property
Properties
Prophecy
Prophecies
Prophesier
Prophesiers
Prophesy
Prophesies
Prophesied
Prophesying
Prophet
Prophets
Prophetess
Prophetesses
Prophetic
Prophetical
Prophetically
Prophylactic
Prophylactics
Prophylaxis
Prophylaxes
Propinquity
Propinquities
Propitiate
Propitiated
Propitiating
Propitiates
Propitiation
Propitiations
Propitiatory
Propitiatories
Propitious
Propitiously
Proponent
Proponents
Proportion
Proportions
Proportioned
Proportioning
Proportional
Proportionally
Proportionate
Proportionated
Proportionating
Proportionates
Proportionately
Proposal
Proposals
Propose
Proposed
Proposing
Proposes
Proposer
Proposers
Proposition
Propositions
Propositioned
Propositioning
Propositional
Propound
Propounded
Propounding
Propounds
Proprietary
Proprietaries
Proprieties
Proprietor
Proprietors
Proprietorial
Proprietorship
Proprietorships
Proprietress
Proprietresses
Propriety
Propulsion
Propulsions
Propulsive
Prorate
Prorated
Prorating
Prorates
Prorogation
Prorogations
Prorogue
Prorogued
Proroguing
Prorogues
Prosaic
Prosaically
Proscenium
Prosceniums
Proscenia
Prosciutto
Prosciutti
Prosciuttos
Proscribe
Proscribed
Proscribing
Proscribes
Proscription
Proscriptions
Prose
Proses
Prosed
Prosing
Prosecute
Prosecuted
Prosecuting
Prosecutes
Prosecution
Prosecutions
Prosecutor
Prosecutors
Proselyte
Proselytes
Proselyted
Proselyting
Proselytism
Proselytisms
Proselytize
Proselytized
Proselytizing
Proselytizes
Proselytizer
Proselytizers
Prosody
Prosodies
Prospect
Prospects
Prospected
Prospecting
Prospective
Prospectively
Prospector
Prospectors
Prospectus
Prospectuses
Prosper
Prospered
Prospering
Prospers
Prosperity
Prosperities
Prosperous
Prosperously
Prostate
Prostates
Prosthesis
Prostheses
Prosthetic
Prostitute
Prostitutes
Prostituted
Prostituting
Prostitution
Prostitutions
Prostrate
Prostrated
Prostrating
Prostrates
Prostration
Prostrations
Prosy
Prosier
Prosiest
Protactinium
Protactiniums
Protagonist
Protagonists
Protean
Protect
Protected
Protecting
Protects
Protection
Protections
Protectionism
Protectionisms
Protectionist
Protectionists
Protective
Protectively
Protectiveness
Protectivenesses
Protector
Protectors
Protectorate
Protectorates
Protege
Proteges
Protein
Proteins
Protest
Protests
Protested
Protesting
Protestation
Protestations
Protester
Protesters
Protestor
Protestors
Protocol
Protocols
Protocoled
Protocolled
Protocoling
Protocolling
Proton
Protons
Protoplasm
Protoplasms
Protoplasmic
Prototype
Prototypes
Prototyped
Prototyping
Prototypical
Protozoan
Protozoans
Protozoa
Protozoic
Protozoon
Protract
Protracted
Protracting
Protracts
Protraction
Protractions
Protractor
Protractors
Protrude
Protruded
Protruding
Protrudes
Protrusile
Protrusion
Protrusions
Protuberance
Protuberances
Protuberant
Proud
Prouder
Proudest
Proudly
Provability
Provabilities
Provable
Prove
Proved
Proven
Proving
Proves
Provenance
Provenances
Provender
Provenders
Provenience
Proveniences
Proverb
Proverbs
Proverbed
Proverbing
Proverbial
Proverbially
Provide
Provided
Providing
Provides
Providence
Providences
Provident
Providential
Providentially
Providently
Provider
Providers
Province
Provinces
Provincial
Provincials
Provincialism
Provincialisms
Provincially
Provision
Provisions
Provisioned
Provisioning
Provisional
Provisionals
Provisionally
Proviso
Provisos
Provisoes
Provocation
Provocations
Provocative
Provocatives
Provocatively
Provocativeness
Provocativenesses
Provoke
Provoked
Provoking
Provokes
Provoker
Provokers
Provokingly
Provolone
Provolones
Provost
Provosts
Prow
Prower
Prowest
Prows
Prowess
Prowesses
Prowl
Prowls
Prowled
Prowling
Prowler
Prowlers
Proximate
Proximity
Proximities
Proxy
Proxies
Prude
Prudes
Prudence
Prudences
Prudent
Prudential
Prudentially
Prudently
Prudery
Pruderies
Prudish
Prudishly
Prudishness
Prudishnesses
Prune
Prunes
Pruned
Pruning
Pruner
Pruners
Prurience
Pruriences
Prurient
Pry
Pries
Pried
Prying
Pryer
Pryers
Psalm
Psalms
Psalmed
Psalming
Psalmist
Psalmists
Psaltery
Psalteries
Pseudo
Pseudonym
Pseudonyms
Pseudonymous
Pseudoscience
Pseudosciences
Pshaw
Pshaws
Pshawed
Pshawing
Psi
Psis
Psittacosis
Psittacoses
Psoriasis
Psoriases
Psst
Psych
Psychs
Psyched
Psyching
Psyche
Psyches
Psychedelic
Psychedelics
Psychedelically
Psychiatric
Psychiatrist
Psychiatrists
Psychiatry
Psychiatries
Psychic
Psychics
Psychical
Psychically
Psycho
Psychos
Psychoactive
Psychoanalysis
Psychoanalyses
Psychoanalyst
Psychoanalysts
Psychoanalytic
Psychoanalytical
Psychoanalyze
Psychoanalyzed
Psychoanalyzing
Psychoanalyzes
Psychobabble
Psychobabbles
Psychodrama
Psychodramas
Psychogenic
Psychological
Psychologically
Psychologist
Psychologists
Psychology
Psychologies
Psychoneurosis
Psychoneuroses
Psychopath
Psychopaths
Psychopathic
Psychopathy
Psychopathies
Psychosis
Psychoses
Psychosomatic
Psychotherapist
Psychotherapists
Psychotherapy
Psychotherapies
Psychotic
Psychotics
Psychotically
Psychotropic
Psychotropics
Ptarmigan
Ptarmigans
Pterodactyl
Pterodactyls
Ptomaine
Ptomaines
Pub
Pubs
Pubertal
Puberty
Puberties
Pubes
Pubescence
Pubescences
Pubescent
Pubic
Pubis
Public
Publics
Publican
Publicans
Publication
Publications
Publicist
Publicists
Publicity
Publicities
Publicize
Publicized
Publicizing
Publicizes
Publicly
Publish
Published
Publishing
Publishes
Publisher
Publishers
Publishings
Puce
Puces
Puck
Pucks
Pucker
Puckers
Puckered
Puckering
Puckish
Puckishly
Puckishness
Puckishnesses
Pudding
Puddings
Puddle
Puddles
Puddled
Puddling
Puddlings
Pudendum
Pudenda
Pudginess
Pudginesses
Pudgy
Pudgier
Pudgiest
Pueblo
Pueblos
Puerile
Puerility
Puerilities
Puerperal
Puff
Puffs
Puffed
Puffing
Puffball
Puffballs
Puffer
Puffers
Puffin
Puffins
Puffiness
Puffinesses
Puffy
Puffier
Puffiest
Pug
Pugs
Pugged
Pugging
Pugilism
Pugilisms
Pugilist
Pugilists
Pugilistic
Pugnacious
Pugnaciously
Pugnaciousness
Pugnaciousnesses
Pugnacity
Pugnacities
Puke
Pukes
Puked
Puking
Pukka
Pulchritude
Pulchritudes
Pulchritudinous
Pule
Puled
Puling
Pules
Pull
Pulls
Pulled
Pulling
Pullback
Pullbacks
Puller
Pullers
Pullet
Pullets
Pulley
Pulleys
Pullout
Pullouts
Pullover
Pullovers
Pullup
Pullups
Pulmonary
Pulp
Pulps
Pulped
Pulping
Pulpiness
Pulpinesses
Pulpit
Pulpits
Pulpwood
Pulpwoods
Pulpy
Pulpier
Pulpiest
Pulsar
Pulsars
Pulsate
Pulsated
Pulsating
Pulsates
Pulsation
Pulsations
Pulse
Pulses
Pulsed
Pulsing
Pulverization
Pulverizations
Pulverize
Pulverized
Pulverizing
Pulverizes
Puma
Pumas
Pumice
Pumices
Pumiced
Pumicing
Pummel
Pummeled
Pummelled
Pummeling
Pummelling
Pummels
Pump
Pumps
Pumped
Pumping
Pumper
Pumpers
Pumpernickel
Pumpernickels
Pumpkin
Pumpkins
Pun
Puns
Punned
Punning
Punch
Punches
Punched
Punching
Puncheon
Puncheons
Puncher
Punchers
Punchy
Punchier
Punchiest
Punctilio
Punctilios
Punctilious
Punctiliously
Punctiliousness
Punctiliousnesses
Punctual
Punctuality
Punctualities
Punctually
Punctuate
Punctuated
Punctuating
Punctuates
Punctuation
Punctuations
Puncture
Punctures
Punctured
Puncturing
Pundit
Pundits
Punditry
Punditries
Pungency
Pungencies
Pungent
Pungently
Puniness
Puninesses
Punish
Punished
Punishing
Punishes
Punishable
Punishment
Punishments
Punitive
Punitively
Punk
Punker
Punkest
Punks
Punkin
Punkins
Punster
Punsters
Punt
Punts
Punted
Punting
Punter
Punters
Puny
Punier
Puniest
Pup
Pups
Pupped
Pupping
Pupa
Pupae
Pupas
Pupal
Pupil
Pupils
Puppet
Puppets
Puppeteer
Puppeteers
Puppetry
Puppetries
Puppy
Puppies
Purblind
Purchasable
Purchase
Purchases
Purchased
Purchasing
Purchaser
Purchasers
Purdah
Purdahs
Pure
Purer
Purest
Purebred
Purebreds
Puree
Purees
Pureed
Pureeing
Purely
Pureness
Purenesses
Purgative
Purgatives
Purgatorial
Purgatory
Purgatories
Purge
Purges
Purged
Purging
Purger
Purgers
Purification
Purifications
Purifier
Purifiers
Purify
Purified
Purifying
Purifies
Purine
Purines
Purism
Purisms
Purist
Purists
Puristic
Puritan
Puritans
Puritanical
Puritanically
Puritanism
Puritanisms
Purity
Purities
Purl
Purls
Purled
Purling
Purlieu
Purlieus
Purloin
Purloined
Purloining
Purloins
Purple
Purpler
Purplest
Purples
Purpled
Purpling
Purplish
Purport
Purports
Purported
Purporting
Purportedly
Purpose
Purposes
Purposed
Purposing
Purposeful
Purposefully
Purposefulness
Purposefulnesses
Purposeless
Purposelessly
Purposely
Purr
Purrs
Purred
Purring
Purse
Purses
Pursed
Pursing
Purser
Pursers
Pursuance
Pursuances
Pursuant
Pursue
Pursued
Pursuing
Pursues
Pursuer
Pursuers
Pursuit
Pursuits
Purulence
Purulences
Purulent
Purvey
Purveyed
Purveying
Purveys
Purveyance
Purveyances
Purveyor
Purveyors
Purview
Purviews
Pus
Puses
Push
Pushes
Pushed
Pushing
Pushcart
Pushcarts
Pusher
Pushers
Pushily
Pushiness
Pushinesses
Pushover
Pushovers
Pushup
Pushups
Pushy
Pushier
Pushiest
Pusillanimity
Pusillanimities
Pusillanimous
Pusillanimously
Puss
Pusses
Pussy
Pussier
Pussiest
Pussies
Pussycat
Pussycats
Pussyfoot
Pussyfoots
Pussyfooted
Pussyfooting
Pustular
Pustule
Pustules
Put
Puts
Putting
Putative
Putdown
Putdowns
Putout
Putouts
Putrefaction
Putrefactions
Putrefactive
Putrefy
Putrefied
Putrefying
Putrefies
Putrescence
Putrescences
Putrescent
Putrid
Putrider
Putridest
Putsch
Putsches
Putt
Putts
Putted
Puttee
Puttees
Putter
Putters
Puttered
Puttering
Putterer
Putterers
Putty
Putties
Puttied
Puttying
Puzzle
Puzzles
Puzzled
Puzzling
Puzzlement
Puzzlements
Puzzler
Puzzlers
Pygmy
Pygmies
Pyjamas
Pylon
Pylons
Pyloric
Pylorus
Pylori
Pyloruses
Pyorrhea
Pyorrheas
Pyorrhoea
Pyorrhoeas
Pyramid
Pyramids
Pyramided
Pyramiding
Pyramidal
Pyre
Pyres
Pyrimidine
Pyrimidines
Pyrite
Pyrites
Pyromania
Pyromanias
Pyromaniac
Pyromaniacs
Pyrotechnic
Pyrotechnical
Pyrotechnics
Python
Pythons
Pyx
Pyxes
Qua
Quack
Quacks
Quacked
Quacking
Quackery
Quackeries
Quad
Quads
Quadded
Quadding
Quadrangle
Quadrangles
Quadrangular
Quadrant
Quadrants
Quadraphonic
Quadratic
Quadratics
Quadrennial
Quadrennials
Quadrennium
Quadrenniums
Quadrennia
Quadriceps
Quadricepses
Quadrilateral
Quadrilaterals
Quadrille
Quadrilles
Quadrillion
Quadrillions
Quadriplegia
Quadriplegias
Quadriplegic
Quadriplegics
Quadrivium
Quadrivia
Quadruped
Quadrupeds
Quadrupedal
Quadruple
Quadruples
Quadrupled
Quadrupling
Quadruplet
Quadruplets
Quadruplicate
Quadruplicates
Quadruplicated
Quadruplicating
Quadruplication
Quadruplications
Quaff
Quaffs
Quaffed
Quaffing
Quagmire
Quagmires
Quahaug
Quahaugs
Quahog
Quahogs
Quail
Quails
Quailed
Quailing
Quaint
Quainter
Quaintest
Quaintly
Quaintness
Quaintnesses
Quake
Quakes
Quaked
Quaking
Quaky
Quakier
Quakiest
Qualification
Qualifications
Qualifier
Qualifiers
Qualify
Qualified
Qualifying
Qualifies
Qualitative
Qualitatively
Quality
Qualities
Qualm
Qualms
Qualmish
Quandary
Quandaries
Quantifiable
Quantification
Quantifications
Quantifier
Quantifiers
Quantify
Quantified
Quantifying
Quantifies
Quantitative
Quantitatively
Quantity
Quantities
Quantum
Quanta
Quarantine
Quarantines
Quarantined
Quarantining
Quark
Quarks
Quarrel
Quarrels
Quarreled
Quarrelled
Quarreling
Quarrelling
Quarreler
Quarrelers
Quarrelsome
Quarrelsomeness
Quarrelsomenesses
Quarry
Quarries
Quarried
Quarrying
Quart
Quarts
Quarter
Quarters
Quartered
Quartering
Quarterback
Quarterbacks
Quarterbacked
Quarterbacking
Quarterdeck
Quarterdecks
Quarterfinal
Quarterfinals
Quarterly
Quarterlies
Quartermaster
Quartermasters
Quarterstaff
Quarterstaves
Quarterstaffs
Quartet
Quartets
Quartette
Quartettes
Quarto
Quartos
Quartz
Quartzes
Quasar
Quasars
Quash
Quashed
Quashing
Quashes
Quasi
Quatrain
Quatrains
Quaver
Quavers
Quavered
Quavering
Quavery
Quay
Quays
Queasily
Queasiness
Queasinesses
Queasy
Queasier
Queasiest
Queen
Queens
Queened
Queening
Queenly
Queenlier
Queenliest
Queer
Queerer
Queerest
Queers
Queered
Queering
Queerly
Queerness
Queernesses
Quell
Quelled
Quelling
Quells
Quench
Quenched
Quenching
Quenches
Quenchable
Quencher
Quenchers
Quenchless
Querulous
Querulously
Querulousness
Querulousnesses
Query
Queries
Queried
Querying
Quest
Quests
Quested
Questing
Question
Questions
Questioned
Questioning
Questionable
Questionably
Questioner
Questioners
Questionings
Questioningly
Questionnaire
Questionnaires
Queue
Queues
Queued
Queuing
Queueing
Quibble
Quibbles
Quibbled
Quibbling
Quibbler
Quibblers
Quiche
Quiches
Quick
Quicker
Quickest
Quicks
Quicken
Quickened
Quickening
Quickens
Quickie
Quickies
Quicklime
Quicklimes
Quickly
Quickness
Quicknesses
Quicksand
Quicksands
Quicksilver
Quicksilvers
Quicksilvered
Quicksilvering
Quickstep
Quicksteps
Quid
Quids
Quiescence
Quiescences
Quiescent
Quiescently
Quiet
Quieter
Quietest
Quiets
Quieted
Quieting
Quietly
Quietness
Quietnesses
Quietude
Quietudes
Quietus
Quietuses
Quill
Quills
Quilled
Quilling
Quilt
Quilts
Quilted
Quilting
Quilter
Quilters
Quiltings
Quince
Quinces
Quinine
Quinines
Quinsy
Quinsies
Quint
Quints
Quintessence
Quintessences
Quintessential
Quintessentially
Quintet
Quintets
Quintette
Quintettes
Quintuple
Quintuples
Quintupled
Quintupling
Quintuplet
Quintuplets
Quip
Quips
Quipped
Quipping
Quipster
Quipsters
Quire
Quires
Quired
Quiring
Quirk
Quirks
Quirked
Quirking
Quirkiness
Quirkinesses
Quirky
Quirkier
Quirkiest
Quirt
Quirts
Quirted
Quirting
Quisling
Quislings
Quit
Quitted
Quitting
Quits
Quitclaim
Quitclaims
Quitclaimed
Quitclaiming
Quite
Quittance
Quittances
Quitter
Quitters
Quiver
Quivers
Quivered
Quivering
Quivery
Quixotic
Quixotically
Quiz
Quizzes
Quizzed
Quizzing
Quizzer
Quizzers
Quizzical
Quizzically
Quoin
Quoins
Quoined
Quoining
Quoit
Quoits
Quoited
Quoiting
Quondam
Quorum
Quorums
Quota
Quotas
Quotability
Quotabilities
Quotable
Quotation
Quotations
Quote
Quotes
Quoted
Quoting
Quoth
Quotidian
Quotidians
Quotient
Quotients
Qwerty
Qwertys
Rabbet
Rabbets
Rabbeted
Rabbeting
Rabbi
Rabbis
Rabbinate
Rabbinates
Rabbinic
Rabbinical
Rabbit
Rabbits
Rabble
Rabbles
Rabbled
Rabbling
Rabid
Rabider
Rabidest
Rabidly
Rabidness
Rabidnesses
Rabies
Raccoon
Raccoons
Race
Races
Raced
Racing
Racecourse
Racecourses
Racehorse
Racehorses
Raceme
Racemes
Racer
Racers
Racetrack
Racetracks
Raceway
Raceways
Racial
Racialism
Racialisms
Racialist
Racialists
Racially
Racily
Raciness
Racinesses
Racings
Racism
Racisms
Racist
Racists
Rack
Racks
Racked
Racking
Racket
Rackets
Racketed
Racketing
Racketeer
Racketeers
Racketeered
Racketeering
Racketeerings
Raconteur
Raconteurs
Racoon
Racoons
Racquet
Racquets
Racquetball
Racquetballs
Racy
Racier
Raciest
Rad
Radder
Raddest
Rads
Radar
Radars
Radarscope
Radarscopes
Radial
Radials
Radially
Radiance
Radiances
Radiant
Radiants
Radiantly
Radiate
Radiated
Radiating
Radiates
Radiation
Radiations
Radiator
Radiators
Radical
Radicals
Radicalism
Radicalisms
Radicalization
Radicalizations
Radicalize
Radicalized
Radicalizing
Radicalizes
Radically
Radicchio
Radicchios
Radio
Radios
Radioed
Radioing
Radioactive
Radioactively
Radioactivity
Radioactivities
Radiocarbon
Radiocarbons
Radiogram
Radiograms
Radiographer
Radiographers
Radiography
Radiographies
Radioisotope
Radioisotopes
Radiologist
Radiologists
Radiology
Radiologies
Radioman
Radiomen
Radiometer
Radiometers
Radiometric
Radiometry
Radiometries
Radiophone
Radiophones
Radioscopy
Radioscopies
Radiosonde
Radiosondes
Radiotelegraph
Radiotelegraphs
Radiotelegraphed
Radiotelegraphing
Radiotelegraphy
Radiotelegraphies
Radiotelephone
Radiotelephones
Radiotelephoned
Radiotelephoning
Radiotherapist
Radiotherapists
Radiotherapy
Radiotherapies
Radish
Radishes
Radium
Radiums
Radius
Radii
Radiuses
Radon
Radons
Raffia
Raffias
Raffish
Raffishly
Raffishness
Raffishnesses
Raffle
Raffles
Raffled
Raffling
Raft
Rafts
Rafted
Rafting
Rafter
Rafters
Raftered
Raftering
Raftings
Rag
Rags
Ragged
Ragging
Raga
Ragas
Ragamuffin
Ragamuffins
Ragbag
Ragbags
Rage
Rages
Raged
Raging
Raggeder
Raggedest
Raggedly
Raggedness
Raggednesses
Raggedy
Raggedier
Raggediest
Ragingly
Raglan
Raglans
Ragout
Ragouts
Ragouted
Ragouting
Ragtag
Ragtime
Ragtimes
Ragweed
Ragweeds
Rah
Raid
Raids
Raided
Raiding
Raider
Raiders
Rail
Rails
Railed
Railing
Railings
Raillery
Railleries
Railroad
Railroads
Railroaded
Railroading
Railroader
Railroaders
Railroadings
Railway
Railways
Raiment
Raiments
Raimented
Raimenting
Rain
Rains
Rained
Raining
Rainbow
Rainbows
Raincoat
Raincoats
Raindrop
Raindrops
Rainfall
Rainfalls
Rainmaker
Rainmakers
Rainmaking
Rainmakings
Rainproof
Rainproofed
Rainproofing
Rainproofs
Rainstorm
Rainstorms
Rainwater
Rainwaters
Rainy
Rainier
Rainiest
Raise
Raises
Raised
Raising
Raiser
Raisers
Raisin
Raisins
Raja
Rajas
Rajah
Rajahs
Rake
Rakes
Raked
Raking
Rakish
Rakishly
Rakishness
Rakishnesses
Rally
Rallies
Rallied
Rallying
Ram
Rams
Rammed
Ramming
Ramble
Rambles
Rambled
Rambling
Rambler
Ramblers
Rambunctious
Rambunctiously
Rambunctiousness
Rambunctiousnesses
Ramekin
Ramekins
Ramequin
Ramequins
Ramie
Ramies
Ramification
Ramifications
Ramify
Ramified
Ramifying
Ramifies
Ramjet
Ramjets
Ramp
Ramps
Ramped
Ramping
Rampage
Rampages
Rampaged
Rampaging
Rampancy
Rampancies
Rampant
Rampantly
Rampart
Ramparts
Ramparted
Ramparting
Ramrod
Ramrods
Ramrodded
Ramrodding
Ramshackle
Ranch
Ranches
Ranched
Ranching
Rancher
Ranchers
Ranchings
Rancid
Rancider
Rancidest
Rancidity
Rancidities
Rancidness
Rancidnesses
Rancor
Rancors
Rancorous
Rancorously
Rancour
Rancours
Rand
Rands
Randiness
Randinesses
Random
Randoms
Randomization
Randomizations
Randomize
Randomized
Randomizing
Randomizes
Randomly
Randomness
Randomnesses
Randy
Randier
Randiest
Randies
Ranee
Ranees
Range
Ranges
Ranged
Ranging
Ranger
Rangers
Ranginess
Ranginesses
Rangy
Rangier
Rangiest
Rani
Ranis
Rank
Ranker
Rankest
Ranks
Ranked
Ranking
Rankings
Rankle
Rankled
Rankling
Rankles
Rankly
Rankness
Ranknesses
Ransack
Ransacked
Ransacking
Ransacks
Ransom
Ransoms
Ransomed
Ransoming
Ransomer
Ransomers
Rant
Rants
Ranted
Ranting
Ranter
Ranters
Rap
Raps
Rapped
Rapping
Rapacious
Rapaciously
Rapaciousness
Rapaciousnesses
Rapacity
Rapacities
Rape
Rapes
Raped
Raping
Raper
Rapers
Rapeseed
Rapeseeds
Rapid
Rapider
Rapidest
Rapids
Rapidity
Rapidities
Rapidly
Rapidness
Rapidnesses
Rapier
Rapiers
Rapine
Rapines
Rapist
Rapists
Rappel
Rappels
Rappelled
Rappelling
Rapper
Rappers
Rapport
Rapports
Rapprochement
Rapprochements
Rapscallion
Rapscallions
Rapt
Raptly
Raptness
Raptnesses
Rapture
Raptures
Raptured
Rapturing
Rapturous
Rapturously
Rare
Rarer
Rarest
Rared
Raring
Rares
Rarebit
Rarebits
Rarefaction
Rarefactions
Rarefy
Rarefied
Rarefying
Rarefies
Rarely
Rareness
Rarenesses
Rarity
Rarities
Rascal
Rascals
Rascally
Rash
Rasher
Rashest
Rashes
Rashers
Rashly
Rashness
Rashnesses
Rasp
Rasps
Rasped
Rasping
Raspberry
Raspberries
Raspy
Raspier
Raspiest
Rat
Rats
Ratted
Ratting
Ratatouille
Ratatouilles
Ratchet
Ratchets
Ratcheted
Ratcheting
Rate
Rates
Rated
Rating
Rater
Raters
Rather
Rathskeller
Rathskellers
Ratification
Ratifications
Ratifier
Ratifiers
Ratify
Ratified
Ratifying
Ratifies
Ratings
Ratio
Ratios
Ratiocinate
Ratiocinated
Ratiocinating
Ratiocinates
Ratiocination
Ratiocinations
Ration
Rations
Rationed
Rationing
Rational
Rationals
Rationale
Rationales
Rationalism
Rationalisms
Rationalist
Rationalists
Rationalistic
Rationality
Rationalities
Rationalization
Rationalizations
Rationalize
Rationalized
Rationalizing
Rationalizes
Rationally
Ratlike
Ratlin
Ratlins
Ratline
Ratlines
Rattan
Rattans
Ratter
Ratters
Rattle
Rattles
Rattled
Rattling
Rattlebrain
Rattlebrains
Rattlebrained
Rattler
Rattlers
Rattlesnake
Rattlesnakes
Rattletrap
Rattletraps
Rattly
Rattlier
Rattliest
Rattrap
Rattraps
Ratty
Rattier
Rattiest
Raucous
Raucously
Raucousness
Raucousnesses
Raunchily
Raunchiness
Raunchinesses
Raunchy
Raunchier
Raunchiest
Ravage
Ravages
Ravaged
Ravaging
Ravager
Ravagers
Rave
Raves
Raved
Raving
Ravel
Ravels
Raveled
Ravelled
Raveling
Ravelling
Raven
Ravens
Ravened
Ravening
Ravenings
Ravenous
Ravenously
Ravine
Ravines
Ravings
Ravioli
Raviolis
Ravish
Ravished
Ravishing
Ravishes
Ravisher
Ravishers
Ravishingly
Ravishment
Ravishments
Raw
Rawer
Rawest
Raws
Rawboned
Rawhide
Rawhides
Rawhided
Rawhiding
Rawness
Rawnesses
Ray
Rays
Rayed
Raying
Rayon
Rayons
Raze
Razed
Razing
Razes
Razor
Razors
Razored
Razoring
Razorback
Razorbacks
Razz
Razzes
Razzed
Razzing
Razzmatazz
Razzmatazzes
Res
Reabsorb
Reabsorbed
Reabsorbing
Reabsorbs
Reach
Reaches
Reached
Reaching
Reachable
Reacquaint
Reacquainted
Reacquainting
Reacquaints
Reacquire
Reacquired
Reacquiring
Reacquires
React
Reacted
Reacting
Reacts
Reactant
Reactants
Reaction
Reactions
Reactionary
Reactionaries
Reactivate
Reactivated
Reactivating
Reactivates
Reactivation
Reactivations
Reactive
Reactor
Reactors
Read
Reads
Reading
Readability
Readabilities
Readable
Readdress
Readdressed
Readdressing
Readdresses
Reader
Readers
Readership
Readerships
Readily
Readiness
Readinesses
Readings
Readjust
Readjusted
Readjusting
Readjusts
Readjustment
Readjustments
Readmission
Readmissions
Readmit
Readmitted
Readmitting
Readmits
Readopt
Readopted
Readopting
Readopts
Readout
Readouts
Ready
Readier
Readiest
Readies
Readied
Readying
Reaffirm
Reaffirmed
Reaffirming
Reaffirms
Reaffirmation
Reaffirmations
Reagent
Reagents
Real
Realer
Realest
Reals
Reis
Reales
Reais
Realign
Realigned
Realigning
Realigns
Realignment
Realignments
Realism
Realisms
Realist
Realists
Realistic
Realistically
Reality
Realities
Realizable
Realization
Realizations
Realize
Realized
Realizing
Realizes
Reallocate
Reallocated
Reallocating
Reallocates
Reallocation
Reallocations
Really
Realm
Realms
Realness
Realnesses
Realpolitik
Realpolitiks
Realtor
Realtors
Realty
Realties
Ream
Reams
Reamed
Reaming
Reamer
Reamers
Reanalysis
Reanalyses
Reanalyze
Reanalyzed
Reanalyzing
Reanalyzes
Reanimate
Reanimated
Reanimating
Reanimates
Reanimation
Reanimations
Reap
Reaped
Reaping
Reaps
Reaper
Reapers
Reappear
Reappeared
Reappearing
Reappears
Reappearance
Reappearances
Reapplication
Reapplications
Reapply
Reapplied
Reapplying
Reapplies
Reappoint
Reappointed
Reappointing
Reappoints
Reappointment
Reappointments
Reapportion
Reapportioned
Reapportioning
Reapportions
Reapportionment
Reapportionments
Reappraisal
Reappraisals
Reappraise
Reappraised
Reappraising
Reappraises
Rear
Rears
Reared
Rearing
Rearguard
Rearguards
Rearm
Rearmed
Rearming
Rearms
Rearmament
Rearmaments
Rearmost
Rearrange
Rearranged
Rearranging
Rearranges
Rearrangement
Rearrangements
Rearrest
Rearrests
Rearrested
Rearresting
Rearward
Rearwards
Reascend
Reascended
Reascending
Reascends
Reason
Reasons
Reasoned
Reasoning
Reasonable
Reasonableness
Reasonablenesses
Reasonably
Reasoner
Reasoners
Reasonings
Reassemble
Reassembled
Reassembling
Reassembles
Reassembly
Reassemblies
Reassert
Reasserted
Reasserting
Reasserts
Reassertion
Reassertions
Reassess
Reassessed
Reassessing
Reassesses
Reassessment
Reassessments
Reassign
Reassigned
Reassigning
Reassigns
Reassignment
Reassignments
Reassurance
Reassurances
Reassure
Reassured
Reassuring
Reassures
Reassuringly
Reattach
Reattached
Reattaching
Reattaches
Reattachment
Reattachments
Reattain
Reattained
Reattaining
Reattains
Reattempt
Reattempted
Reattempting
Reattempts
Reauthorize
Reauthorized
Reauthorizing
Reauthorizes
Reawaken
Reawakened
Reawakening
Reawakens
Rebate
Rebates
Rebated
Rebating
Rebel
Rebels
Rebelled
Rebelling
Rebellion
Rebellions
Rebellious
Rebelliously
Rebelliousness
Rebelliousnesses
Rebid
Rebids
Rebidding
Rebind
Rebound
Rebinding
Rebinds
Rebirth
Rebirths
Reboil
Reboiled
Reboiling
Reboils
Reboot
Rebooted
Rebooting
Reboots
Reborn
Rebounds
Rebounded
Rebounding
Rebroadcast
Rebroadcasts
Rebroadcasted
Rebroadcasting
Rebuff
Rebuffs
Rebuffed
Rebuffing
Rebuild
Rebuilt
@rebuilded
Rebuilding
Rebuilds
Rebuke
Rebukes
Rebuked
Rebuking
Rebukingly
Reburial
Reburials
Rebury
Reburied
Reburying
Reburies
Rebus
Rebuses
Rebut
Rebutted
Rebutting
Rebuts
Rebuttal
Rebuttals
Rec
Recs
Recalcitrance
Recalcitrances
Recalcitrant
Recalcitrants
Recalculate
Recalculated
Recalculating
Recalculates
Recalculation
Recalculations
Recall
Recalls
Recalled
Recalling
Recant
Recanted
Recanting
Recants
Recantation
Recantations
Recap
Recaps
Recapped
Recapping
Recapitalize
Recapitalized
Recapitalizing
Recapitalizes
Recapitulate
Recapitulated
Recapitulating
Recapitulates
Recapitulation
Recapitulations
Recapture
Recaptures
Recaptured
Recapturing
Recast
Recasts
Recasting
Recastings
Recede
Receded
Receding
Recedes
Receipt
Receipts
Receipted
Receipting
Receivable
Receivables
Receive
Received
Receiving
Receives
Receiver
Receivers
Receivership
Receiverships
Recent
Recenter
Recentest
Recently
Recentness
Recentnesses
Receptacle
Receptacles
Reception
Receptions
Receptionist
Receptionists
Receptive
Receptively
Receptiveness
Receptivenesses
Receptivity
Receptivities
Receptor
Receptors
Recess
Recesses
Recessed
Recessing
Recession
Recessions
Recessional
Recessionals
Recessionary
Recessive
Recessives
Recharge
Recharges
Recharged
Recharging
Rechargeable
Recharter
Rechartered
Rechartering
Recharters
Recheck
Rechecks
Rechecked
Rechecking
Recherche
Rechristen
Rechristened
Rechristening
Rechristens
Recidivism
Recidivisms
Recidivist
Recidivists
Recipe
Recipes
Recipient
Recipients
Reciprocal
Reciprocals
Reciprocally
Reciprocate
Reciprocated
Reciprocating
Reciprocates
Reciprocation
Reciprocations
Reciprocity
Reciprocities
Recirculate
Recirculated
Recirculating
Recirculates
Recital
Recitals
Recitalist
Recitalists
Recitation
Recitations
Recitative
Recitatives
Recite
Recited
Reciting
Recites
Reciter
Reciters
Reckless
Recklessly
Recklessness
Recklessnesses
Reckon
Reckoned
Reckoning
Reckons
Reckonings
Reclaim
Reclaims
Reclaimed
Reclaiming
Reclaimable
Reclamation
Reclamations
Reclassification
Reclassifications
Reclassify
Reclassified
Reclassifying
Reclassifies
Recline
Reclined
Reclining
Reclines
Recliner
Recliners
Recluse
Recluses
Reclusive
Recognition
Recognitions
Recognizable
Recognizably
Recognizance
Recognizances
Recognize
Recognized
Recognizing
Recognizes
Recoil
Recoils
Recoiled
Recoiling
Recollect
Recollected
Recollecting
Recollects
Recollection
Recollections
Recolonization
Recolonizations
Recolonize
Recolonized
Recolonizing
Recolonizes
Recolor
Recolored
Recoloring
Recolors
Recombine
Recombined
Recombining
Recombines
Recommence
Recommenced
Recommencing
Recommences
Recommencement
Recommencements
Recommend
Recommended
Recommending
Recommends
Recommendable
Recommendation
Recommendations
Recommission
Recommissions
Recommissioned
Recommissioning
Recommit
Recommitted
Recommitting
Recommits
Recompense
Recompenses
Recompensed
Recompensing
Recompose
Recomposed
Recomposing
Recomposes
Recompute
Recomputed
Recomputing
Recomputes
Reconcilable
Reconcile
Reconciled
Reconciling
Reconciles
Reconciliation
Reconciliations
Recondite
Recondition
Reconditioned
Reconditioning
Reconditions
Reconfirm
Reconfirmed
Reconfirming
Reconfirms
Reconfirmation
Reconfirmations
Reconnaissance
Reconnaissances
Reconnect
Reconnected
Reconnecting
Reconnects
Reconnoiter
Reconnoitered
Reconnoitering
Reconnoiters
Reconnoitre
Reconnoitred
Reconnoitring
Reconnoitres
Reconquer
Reconquered
Reconquering
Reconquers
Reconquest
Reconquests
Reconsecrate
Reconsecrated
Reconsecrating
Reconsecrates
Reconsecration
Reconsecrations
Reconsider
Reconsidered
Reconsidering
Reconsiders
Reconsideration
Reconsiderations
Reconsign
Reconsigned
Reconsigning
Reconsigns
Reconstitute
Reconstituted
Reconstituting
Reconstitutes
Reconstitution
Reconstitutions
Reconstruct
Reconstructed
Reconstructing
Reconstructs
Reconstruction
Reconstructions
Recontact
Recontacts
Recontacted
Recontacting
Recontaminate
Recontaminated
Recontaminating
Recontaminates
Reconvene
Reconvened
Reconvening
Reconvenes
Reconvert
Reconverted
Reconverting
Reconverts
Recook
Recooked
Recooking
Recooks
Recopy
Recopied
Recopying
Recopies
Record
Records
Recorded
Recording
Recorder
Recorders
Recordings
Recount
Recounts
Recounted
Recounting
Recoup
Recoups
Recouped
Recouping
Recourse
Recourses
Recover
Recovered
Recovering
Recovers
Recoverable
Recovery
Recoveries
Recreant
Recreants
Recreate
Recreated
Recreating
Recreates
Recreation
Recreations
Recreational
Recriminate
Recriminated
Recriminating
Recriminates
Recrimination
Recriminations
Recriminatory
Recross
Recrossed
Recrossing
Recrosses
Recrudesce
Recrudesced
Recrudescing
Recrudesces
Recrudescence
Recrudescences
Recrudescent
Recruit
Recruits
Recruited
Recruiting
Recruiter
Recruiters
Recruitment
Recruitments
Recrystallize
Recrystallized
Recrystallizing
Recrystallizes
Rectal
Rectally
Rectangle
Rectangles
Rectangular
Rectifiable
Rectification
Rectifications
Rectifier
Rectifiers
Rectify
Rectified
Rectifying
Rectifies
Rectilinear
Rectitude
Rectitudes
Recto
Rectos
Rector
Rectors
Rectory
Rectories
Rectum
Rectums
Recta
Recumbent
Recuperate
Recuperated
Recuperating
Recuperates
Recuperation
Recuperations
Recuperative
Recur
Recurred
Recurring
Recurs
Recurrence
Recurrences
Recurrent
Recurrently
Recyclable
Recyclables
Recycle
Recycles
Recycled
Recycling
Recyclings
Red
Redder
Reddest
Reds
Redding
Redact
Redacted
Redacting
Redacts
Redaction
Redactions
Redactor
Redactors
Redbird
Redbirds
Redbreast
Redbreasts
Redcap
Redcaps
Redcoat
Redcoats
Redden
Reddened
Reddening
Reddens
Reddish
Redecorate
Redecorated
Redecorating
Redecorates
Redecoration
Redecorations
Rededicate
Rededicated
Rededicating
Rededicates
Redeem
Redeemed
Redeeming
Redeems
Redeemable
Redeemer
Redeemers
Redefine
Redefined
Redefining
Redefines
Redefinition
Redefinitions
Redeliver
Redelivered
Redelivering
Redelivers
Redemption
Redemptions
Redemptive
Redeploy
Redeployed
Redeploying
Redeploys
Redeployment
Redeployments
Redeposit
Redeposits
Redeposited
Redepositing
Redesign
Redesigned
Redesigning
Redesigns
Redetermine
Redetermined
Redetermining
Redetermines
Redevelop
Redeveloped
Redeveloping
Redevelops
Redevelopment
Redevelopments
Redhead
Redheads
Redheaded
Redial
Redials
Redialed
Redialled
Redialing
Redialling
Redirect
Redirected
Redirecting
Redirects
Rediscover
Rediscovered
Rediscovering
Rediscovers
Rediscovery
Rediscoveries
Redissolve
Redissolved
Redissolving
Redissolves
Redistribute
Redistributed
Redistributing
Redistributes
Redistribution
Redistributions
Redistrict
Redistricted
Redistricting
Redistricts
Redivide
Redivided
Redividing
Redivides
Redlining
Redlinings
Redneck
Rednecks
Redness
Rednesses
Redo
Redid
Redone
Redoing
Redoes
Redolence
Redolences
Redolent
Redouble
Redoubles
Redoubled
Redoubling
Redoubt
Redoubts
Redoubtable
Redoubtably
Redound
Redounded
Redounding
Redounds
Redraft
Redrafts
Redrafted
Redrafting
Redraw
Redrew
Redrawn
Redrawing
Redraws
Redress
Redresses
Redressed
Redressing
Redskin
Redskins
Reduce
Reduced
Reducing
Reduces
Reducer
Reducers
Reducible
Reduction
Reductions
Reductive
Reductives
Redundancy
Redundancies
Redundant
Redundantly
Reduplicate
Reduplicated
Reduplicating
Reduplicates
Reduplication
Reduplications
Redwood
Redwoods
Redye
Redyed
Redying
Redyes
Reecho
Reechoed
Reechoing
Reechoes
Reed
Reeds
Reeded
Reeding
Reediness
Reedinesses
Reedit
Reedited
Reediting
Reedits
Reeducate
Reeducated
Reeducating
Reeducates
Reeducation
Reeducations
Reedy
Reedier
Reediest
Reef
Reefs
Reefed
Reefing
Reefer
Reefers
Reek
Reeks
Reeked
Reeking
Reel
Reels
Reeled
Reeling
Reelect
Reelected
Reelecting
Reelects
Reelection
Reelections
Reembark
Reembarked
Reembarking
Reembarks
Reembody
Reembodied
Reembodying
Reembodies
Reemerge
Reemerged
Reemerging
Reemerges
Reemergence
Reemergences
Reemphasize
Reemphasized
Reemphasizing
Reemphasizes
Reemploy
Reemployed
Reemploying
Reemploys
Reemployment
Reemployments
Reenact
Reenacted
Reenacting
Reenacts
Reenactment
Reenactments
Reenforce
Reenforced
Reenforcing
Reenforces
Reengage
Reengaged
Reengaging
Reengages
Reenlist
Reenlisted
Reenlisting
Reenlists
Reenlistment
Reenlistments
Reenter
Reentered
Reentering
Reenters
Reentry
Reentries
Reequip
Reequipped
Reequipping
Reequips
Reestablish
Reestablished
Reestablishing
Reestablishes
Reestablishment
Reestablishments
Reevaluate
Reevaluated
Reevaluating
Reevaluates
Reevaluation
Reevaluations
Reeve
Reeves
Rove
Reeved
Reeving
Reexamination
Reexaminations
Reexamine
Reexamined
Reexamining
Reexamines
Reexplain
Reexplained
Reexplaining
Reexplains
Reexport
Reexported
Reexporting
Reexports
Ref
Refs
Reffed
Reffing
Reface
Refaced
Refacing
Refaces
Refashion
Refashioned
Refashioning
Refashions
Refasten
Refastened
Refastening
Refastens
Refection
Refections
Refectory
Refectories
Refer
Referred
Referring
Refers
Referable
Referee
Referees
Refereed
Refereeing
Reference
References
Referenced
Referencing
Referendum
Referendums
Referenda
Referent
Referents
Referral
Referrals
Referrer
Referrers
Refile
Refiled
Refiling
Refiles
Refill
Refills
Refilled
Refilling
Refillable
Refinance
Refinanced
Refinancing
Refinances
Refine
Refined
Refining
Refines
Refinement
Refinements
Refiner
Refiners
Refinery
Refineries
Refinish
Refinished
Refinishing
Refinishes
Refit
Refits
Refitted
Refitting
Reflect
Reflected
Reflecting
Reflects
Reflection
Reflections
Reflective
Reflectively
Reflector
Reflectors
Reflex
Reflexes
Reflexed
Reflexing
Reflexion
Reflexions
Reflexive
Reflexives
Reflexively
Refocus
Refocused
Refocussed
Refocusing
Refocussing
Refocuses
Refold
Refolded
Refolding
Refolds
Reforest
Reforested
Reforesting
Reforests
Reforestation
Reforestations
Reforge
Reforged
Reforging
Reforges
Reform
Reforms
Reformed
Reforming
Reformation
Reformations
Reformative
Reformatory
Reformatories
Reformer
Reformers
Reformulate
Reformulated
Reformulating
Reformulates
Reformulation
Reformulations
Refortify
Refortified
Refortifying
Refortifies
Refract
Refracted
Refracting
Refracts
Refraction
Refractions
Refractive
Refractory
Refractories
Refrain
Refrains
Refrained
Refraining
Refreeze
Refroze
Refrozen
Refreezing
Refreezes
Refresh
Refreshed
Refreshing
Refreshes
Refresher
Refreshers
Refreshingly
Refreshment
Refreshments
Refrigerant
Refrigerants
Refrigerate
Refrigerated
Refrigerating
Refrigerates
Refrigeration
Refrigerations
Refrigerator
Refrigerators
Refuel
Refueled
Refuelled
Refueling
Refuelling
Refuels
Refuge
Refuges
Refuged
Refuging
Refugee
Refugees
Refulgence
Refulgences
Refulgent
Refund
Refunds
Refunded
Refunding
Refundable
Refurbish
Refurbished
Refurbishing
Refurbishes
Refurbishment
Refurbishments
Refurnish
Refurnished
Refurnishing
Refurnishes
Refusal
Refusals
Refuse
Refuses
Refused
Refusing
Refutable
Refutation
Refutations
Refute
Refuted
Refuting
Refutes
Refuter
Refuters
Regain
Regained
Regaining
Regains
Regal
Regals
Regale
Regales
Regaled
Regaling
Regalement
Regalements
Regalia
Regally
Regard
Regards
Regarded
Regarding
Regardless
Regather
Regathered
Regathering
Regathers
Regatta
Regattas
Regency
Regencies
Regeneracy
Regeneracies
Regenerate
Regenerated
Regenerating
Regenerates
Regeneration
Regenerations
Regenerative
Regent
Regents
Reggae
Reggaes
Regicide
Regicides
Regime
Regimes
Regimen
Regimens
Regiment
Regiments
Regimented
Regimenting
Regimental
Regimentation
Regimentations
Region
Regions
Regional
Regionals
Regionalism
Regionalisms
Regionally
Register
Registers
Registered
Registering
Registrant
Registrants
Registrar
Registrars
Registration
Registrations
Registry
Registries
Regnant
Regrade
Regraded
Regrading
Regrades
Regress
Regresses
Regressed
Regressing
Regression
Regressions
Regressive
Regret
Regrets
Regretted
Regretting
Regretful
Regretfully
Regrettable
Regrettably
Regrind
Reground
Regrinding
Regrinds
Regroup
Regrouped
Regrouping
Regroups
Regrow
Regrew
Regrown
Regrowing
Regrows
Regrowth
Regrowths
Regular
Regulars
Regularise
Regularised
Regularising
Regularises
Regularity
Regularities
Regularization
Regularizations
Regularize
Regularized
Regularizing
Regularizes
Regularly
Regulate
Regulated
Regulating
Regulates
Regulation
Regulations
Regulative
Regulator
Regulators
Regulatory
Regurgitate
Regurgitated
Regurgitating
Regurgitates
Regurgitation
Regurgitations
Rehab
Rehabs
Rehabbed
Rehabbing
Rehabilitate
Rehabilitated
Rehabilitating
Rehabilitates
Rehabilitation
Rehabilitations
Rehabilitative
Rehang
Rehanged
Rehung
Rehanging
Rehangs
Rehash
Rehashes
Rehashed
Rehashing
Rehear
Reheard
Rehearing
Rehears
Rehearings
Rehearsal
Rehearsals
Rehearse
Rehearsed
Rehearsing
Rehearses
Reheat
Reheated
Reheating
Reheats
Rehire
Rehired
Rehiring
Rehires
Rehouse
Rehoused
Rehousing
Rehouses
Reign
Reigns
Reigned
Reigning
Reignite
Reignited
Reigniting
Reignites
Reimbursable
Reimburse
Reimbursed
Reimbursing
Reimburses
Reimbursement
Reimbursements
Reimpose
Reimposed
Reimposing
Reimposes
Rein
Reins
Reined
Reining
Reincarnate
Reincarnated
Reincarnating
Reincarnates
Reincarnation
Reincarnations
Reincorporate
Reincorporated
Reincorporating
Reincorporates
Reincorporation
Reincorporations
Reindeer
Reindeers
Reinfect
Reinfected
Reinfecting
Reinfects
Reinfection
Reinfections
Reinforce
Reinforced
Reinforcing
Reinforces
Reinforcement
Reinforcements
Reinoculate
Reinoculated
Reinoculating
Reinoculates
Reinsert
Reinserted
Reinserting
Reinserts
Reinsertion
Reinsertions
Reinspect
Reinspected
Reinspecting
Reinspects
Reinstate
Reinstated
Reinstating
Reinstates
Reinstatement
Reinstatements
Reintegrate
Reintegrated
Reintegrating
Reintegrates
Reintegration
Reintegrations
Reinterpret
Reinterpreted
Reinterpreting
Reinterprets
Reinterpretation
Reinterpretations
Reintroduce
Reintroduced
Reintroducing
Reintroduces
Reintroduction
Reintroductions
Reinvent
Reinvented
Reinventing
Reinvents
Reinvention
Reinventions
Reinvest
Reinvested
Reinvesting
Reinvests
Reinvestment
Reinvestments
Reinvigorate
Reinvigorated
Reinvigorating
Reinvigorates
Reissue
Reissues
Reissued
Reissuing
Reiterate
Reiterated
Reiterating
Reiterates
Reiteration
Reiterations
Reiterative
Reject
Rejects
Rejected
Rejecting
Rejection
Rejections
Rejoice
Rejoiced
Rejoicing
Rejoices
Rejoicings
Rejoin
Rejoined
Rejoining
Rejoins
Rejoinder
Rejoinders
Rejudge
Rejudged
Rejudging
Rejudges
Rejuvenate
Rejuvenated
Rejuvenating
Rejuvenates
Rejuvenation
Rejuvenations
Rekindle
Rekindled
Rekindling
Rekindles
Relabel
Relabeled
Relabelled
Relabeling
Relabelling
Relabels
Relapse
Relapses
Relapsed
Relapsing
Relate
Related
Relating
Relates
Relatedness
Relatednesses
Relater
Relaters
Relation
Relations
Relational
Relationship
Relationships
Relative
Relatives
Relatively
Relativism
Relativisms
Relativity
Relativities
Relaunch
Relaunches
Relaunched
Relaunching
Relax
Relaxed
Relaxing
Relaxes
Relaxant
Relaxants
Relaxation
Relaxations
Relaxer
Relaxers
Relay
Relays
Relayed
Relaid
Relaying
Relearn
Relearned
Relearning
Relearns
Release
Releases
Released
Releasing
Relegate
Relegated
Relegating
Relegates
Relegation
Relegations
Relent
Relented
Relenting
Relents
Relentless
Relentlessly
Relentlessness
Relentlessnesses
Relevance
Relevances
Relevancy
Relevancies
Relevant
Relevantly
Reliability
Reliabilities
Reliable
Reliably
Reliance
Reliances
Reliant
Relic
Relics
Relief
Reliefs
Relieve
Relieved
Relieving
Relieves
Reliever
Relievers
Relight
Relighted
Relit
Relighting
Relights
Religion
Religions
Religious
Religiously
Religiousness
Religiousnesses
Reline
Relined
Relining
Relines
Relinquish
Relinquished
Relinquishing
Relinquishes
Relinquishment
Relinquishments
Reliquary
Reliquaries
Relish
Relishes
Relished
Relishing
Relivable
Relive
Relived
Reliving
Relives
Reload
Reloads
Reloaded
Reloading
Relocate
Relocated
Relocating
Relocates
Relocation
Relocations
Reluctance
Reluctances
Reluctant
Reluctantly
Rely
Relied
Relying
Relies
Rem
Rems
Remain
Remained
Remaining
Remains
Remainder
Remainders
Remaindered
Remaindering
Remake
Remakes
Remade
Remaking
Remand
Remands
Remanded
Remanding
Remap
Remapped
Remapping
Remaps
Remark
Remarks
Remarked
Remarking
Remarkable
Remarkableness
Remarkablenesses
Remarkably
Remarriage
Remarriages
Remarry
Remarried
Remarrying
Remarries
Rematch
Rematches
Rematched
Rematching
Remeasure
Remeasured
Remeasuring
Remeasures
Remediable
Remedial
Remedially
Remediation
Remediations
Remedy
Remedies
Remedied
Remedying
Remelt
Remelted
Remelting
Remelts
Remember
Remembered
Remembering
Remembers
Remembrance
Remembrances
Remigrate
Remigrated
Remigrating
Remigrates
Remind
Reminded
Reminding
Reminds
Reminder
Reminders
Reminisce
Reminisced
Reminiscing
Reminisces
Reminiscence
Reminiscences
Reminiscent
Reminiscently
Remiss
Remission
Remissions
Remissly
Remissness
Remissnesses
Remit
Remits
Remitted
Remitting
Remittance
Remittances
Remix
Remixes
Remixed
Remixing
Remnant
Remnants
Remodel
Remodeled
Remodelled
Remodeling
Remodelling
Remodels
Remold
Remolded
Remolding
Remolds
Remonstrance
Remonstrances
Remonstrant
Remonstrants
Remonstrate
Remonstrated
Remonstrating
Remonstrates
Remorse
Remorses
Remorseful
Remorsefully
Remorseless
Remorselessly
Remorselessness
Remorselessnesses
Remote
Remoter
Remotest
Remotes
Remotely
Remoteness
Remotenesses
Remount
Remounts
Remounted
Remounting
Removable
Removal
Removals
Remove
Removes
Removed
Removing
Remover
Removers
Remunerate
Remunerated
Remunerating
Remunerates
Remuneration
Remunerations
Remunerative
Renaissance
Renaissances
Renal
Rename
Renamed
Renaming
Renames
Renascence
Renascences
Renascent
Rend
Rent
Rending
Rends
Render
Renders
Rendered
Rendering
Renderings
Rendezvous
Rendezvoused
Rendezvousing
Rendezvouses
Rendition
Renditions
Renegade
Renegades
Renege
Reneges
Reneged
Reneging
Reneger
Renegers
Renegotiable
Renegotiate
Renegotiated
Renegotiating
Renegotiates
Renegotiation
Renegotiations
Renew
Renewed
Renewing
Renews
Renewable
Renewables
Renewal
Renewals
Rennet
Rennets
Rennin
Rennins
Renominate
Renominated
Renominating
Renominates
Renomination
Renominations
Renounce
Renounces
Renounced
Renouncing
Renouncement
Renouncements
Renovate
Renovated
Renovating
Renovates
Renovation
Renovations
Renovator
Renovators
Renown
Renowns
Renowned
Rents
Rented
Renting
Rental
Rentals
Renter
Renters
Renumber
Renumbered
Renumbering
Renumbers
Renunciation
Renunciations
Reoccupation
Reoccupations
Reoccupy
Reoccupied
Reoccupying
Reoccupies
Reoccur
Reoccurred
Reoccurring
Reoccurs
Reopen
Reopened
Reopening
Reopens
Reorder
Reorders
Reordered
Reordering
Reorganization
Reorganizations
Reorganize
Reorganized
Reorganizing
Reorganizes
Reorient
Reoriented
Reorienting
Reorients
Reorientation
Reorientations
Rep
Reps
Repack
Repacked
Repacking
Repacks
Repackage
Repackaged
Repackaging
Repackages
Repaint
Repaints
Repainted
Repainting
Repair
Repairs
Repaired
Repairing
Repairable
Repairer
Repairers
Repairman
Repairmen
Reparable
Reparation
Reparations
Repartee
Repartees
Repast
Repasts
Repatriate
Repatriates
Repatriated
Repatriating
Repatriation
Repatriations
Repave
Repaved
Repaving
Repaves
Repay
Repaid
Repaying
Repays
Repayable
Repayment
Repayments
Repeal
Repeals
Repealed
Repealing
Repeat
Repeats
Repeated
Repeating
Repeatable
Repeatedly
Repeater
Repeaters
Repeatings
Repel
Repelled
Repelling
Repels
Repellant
Repellants
Repellent
Repellents
Repent
Repented
Repenting
Repents
Repentance
Repentances
Repentant
Repentantly
Repercussion
Repercussions
Repertoire
Repertoires
Repertory
Repertories
Repetition
Repetitions
Repetitious
Repetitiously
Repetitiousness
Repetitiousnesses
Repetitive
Repetitively
Repetitiveness
Repetitivenesses
Rephotograph
Rephotographs
Rephotographed
Rephotographing
Rephrase
Rephrased
Rephrasing
Rephrases
Repine
Repined
Repining
Repines
Replace
Replaced
Replacing
Replaces
Replaceable
Replacement
Replacements
Replant
Replanted
Replanting
Replants
Replay
Replays
Replayed
Replaying
Replenish
Replenished
Replenishing
Replenishes
Replenishment
Replenishments
Replete
Repleteness
Repletenesses
Repletion
Repletions
Replica
Replicas
Replicate
Replicated
Replicating
Replicates
Replication
Replications
Reply
Replies
Replied
Replying
Repopulate
Repopulated
Repopulating
Repopulates
Report
Reports
Reported
Reporting
Reportage
Reportages
Reportedly
Reporter
Reporters
Reportorial
Repose
Reposes
Reposed
Reposing
Reposeful
Repository
Repositories
Repossess
Repossessed
Repossessing
Repossesses
Repossession
Repossessions
Reprehend
Reprehended
Reprehending
Reprehends
Reprehensibility
Reprehensibilities
Reprehensible
Reprehensibly
Reprehension
Reprehensions
Represent
Represented
Representing
Represents
Representation
Representations
Representational
Representative
Representatives
Repress
Repressed
Repressing
Represses
Repression
Repressions
Repressive
Repressively
Reprice
Repriced
Repricing
Reprices
Reprieve
Reprieves
Reprieved
Reprieving
Reprimand
Reprimands
Reprimanded
Reprimanding
Reprint
Reprints
Reprinted
Reprinting
Reprisal
Reprisals
Reprise
Reprises
Reprised
Reprising
Reproach
Reproaches
Reproached
Reproaching
Reproachable
Reproachful
Reproachfully
Reprobate
Reprobates
Reprobated
Reprobating
Reprocess
Reprocessed
Reprocessing
Reprocesses
Reproduce
Reproduced
Reproducing
Reproduces
Reproducer
Reproducers
Reproducible
Reproduction
Reproductions
Reproductive
Reproductives
Reprogram
Reprogrammed
Reprogramed
Reprogramming
Reprograming
Reprograms
Reproof
Reproofs
Reprove
Reproved
Reproving
Reproves
Reprovingly
Reptile
Reptiles
Reptilian
Reptilians
Republic
Republics
Republican
Republicans
Republicanism
Republicanisms
Republication
Republications
Republish
Republished
Republishing
Republishes
Repudiate
Repudiated
Repudiating
Repudiates
Repudiation
Repudiations
Repudiator
Repudiators
Repugnance
Repugnances
Repugnant
Repulse
Repulses
Repulsed
Repulsing
Repulsion
Repulsions
Repulsive
Repulsively
Repulsiveness
Repulsivenesses
Repurchase
Repurchases
Repurchased
Repurchasing
Reputability
Reputabilities
Reputable
Reputably
Reputation
Reputations
Repute
Reputes
Reputed
Reputing
Reputedly
Request
Requests
Requested
Requesting
Requiem
Requiems
Require
Required
Requiring
Requires
Requirement
Requirements
Requisite
Requisites
Requisition
Requisitions
Requisitioned
Requisitioning
Requital
Requitals
Requite
Requited
Requiting
Requites
Requiter
Requiters
Reread
Rereading
Rereads
Rerecord
Rerecorded
Rerecording
Rerecords
Reroute
Rerouted
Rerouting
Reroutes
Rerun
Reruns
Reran
Rerunning
Resalable
Resale
Resales
Reschedule
Rescheduled
Rescheduling
Reschedules
Rescind
Rescinded
Rescinding
Rescinds
Rescission
Rescissions
Rescue
Rescues
Rescued
Rescuing
Rescuer
Rescuers
Reseal
Resealed
Resealing
Reseals
Resealable
Research
Researches
Researched
Researching
Researcher
Researchers
Resection
Resections
Reseed
Reseeded
Reseeding
Reseeds
Resell
Resold
Reselling
Resells
Resemblance
Resemblances
Resemble
Resembled
Resembling
Resembles
Resent
Resented
Resenting
Resents
Resentful
Resentfully
Resentfulness
Resentfulnesses
Resentment
Resentments
Reserpine
Reserpines
Reservation
Reservations
Reserve
Reserves
Reserved
Reserving
Reservedly
Reservedness
Reservednesses
Reservist
Reservists
Reservoir
Reservoirs
Reset
Resets
Resetting
Resettle
Resettled
Resettling
Resettles
Resettlement
Resettlements
Resew
Resewed
Resewing
Resews
Reshape
Reshaped
Reshaping
Reshapes
Resharpen
Resharpened
Resharpening
Resharpens
Reship
Reshipped
Reshipping
Reships
Reshipment
Reshipments
Reshuffle
Reshuffles
Reshuffled
Reshuffling
Reside
Resided
Residing
Resides
Residence
Residences
Residency
Residencies
Resident
Residents
Residential
Residual
Residuals
Residue
Residues
Residuum
Residua
Resign
Resigned
Resigning
Resigns
Resignation
Resignations
Resignedly
Resilience
Resiliences
Resiliency
Resiliencies
Resilient
Resiliently
Resin
Resins
Resined
Resining
Resinous
Resist
Resists
Resisted
Resisting
Resistance
Resistances
Resistant
Resistants
Resister
Resisters
Resistible
Resistless
Resistor
Resistors
Resole
Resoled
Resoling
Resoles
Resolute
Resoluter
Resolutest
Resolutely
Resoluteness
Resolutenesses
Resolution
Resolutions
Resolvable
Resolve
Resolves
Resolved
Resolving
Resonance
Resonances
Resonant
Resonants
Resonantly
Resonate
Resonated
Resonating
Resonates
Resonator
Resonators
Resorption
Resorptions
Resort
Resorts
Resorted
Resorting
Resound
Resounded
Resounding
Resounds
Resoundingly
Resource
Resources
Resourced
Resourcing
Resourceful
Resourcefully
Resourcefulness
Resourcefulnesses
Resow
Resowed
Resown
Resowing
Resows
Respect
Respects
Respected
Respecting
Respectability
Respectabilities
Respectable
Respectably
Respecter
Respecters
Respectful
Respectfully
Respectfulness
Respectfulnesses
Respective
Respectively
Respell
Respelled
Respelt
Respelling
Respells
Respiration
Respirations
Respirator
Respirators
Respiratory
Respire
Respired
Respiring
Respires
Respite
Respites
Respited
Respiting
Resplendence
Resplendences
Resplendent
Resplendently
Respond
Responds
Responded
Responding
Respondent
Respondents
Response
Responses
Responsibility
Responsibilities
Responsible
Responsibly
Responsive
Responsively
Responsiveness
Responsivenesses
Respray
Resprayed
Respraying
Resprays
Rest
Rests
Rested
Resting
Restaff
Restaffed
Restaffing
Restaffs
Restart
Restarts
Restarted
Restarting
Restate
Restated
Restating
Restates
Restatement
Restatements
Restaurant
Restaurants
Restauranteur
Restauranteurs
Restaurateur
Restaurateurs
Restful
Restfuller
Restfullest
Restfully
Restfulness
Restfulnesses
Restitch
Restitched
Restitching
Restitches
Restitution
Restitutions
Restive
Restively
Restiveness
Restivenesses
Restless
Restlessly
Restlessness
Restlessnesses
Restock
Restocked
Restocking
Restocks
Restoration
Restorations
Restorative
Restoratives
Restore
Restored
Restoring
Restores
Restorer
Restorers
Restrain
Restrained
Restraining
Restrains
Restrainer
Restrainers
Restraint
Restraints
Restrengthen
Restrengthened
Restrengthening
Restrengthens
Restrict
Restricted
Restricting
Restricts
Restriction
Restrictions
Restrictive
Restrictively
Restrictiveness
Restrictivenesses
Restring
Restrung
Restringing
Restrings
Restroom
Restrooms
Restructure
Restructured
Restructuring
Restructures
Restructurings
Restudy
Restudies
Restudied
Restudying
Restyle
Restyled
Restyling
Restyles
Resubmit
Resubmitted
Resubmitting
Resubmits
Resubscribe
Resubscribed
Resubscribing
Resubscribes
Result
Results
Resulted
Resulting
Resultant
Resultants
Resume
Resumes
Resumed
Resuming
Resumption
Resumptions
Resupply
Resupplied
Resupplying
Resupplies
Resurface
Resurfaced
Resurfacing
Resurfaces
Resurgence
Resurgences
Resurgent
Resurrect
Resurrected
Resurrecting
Resurrects
Resurrection
Resurrections
Resurvey
Resurveys
Resurveyed
Resurveying
Resuscitate
Resuscitated
Resuscitating
Resuscitates
Resuscitation
Resuscitations
Resuscitator
Resuscitators
Retail
Retails
Retailed
Retailing
Retailer
Retailers
Retain
Retained
Retaining
Retains
Retainer
Retainers
Retake
Retakes
Retook
Retaken
Retaking
Retaliate
Retaliated
Retaliating
Retaliates
Retaliation
Retaliations
Retaliative
Retaliatory
Retard
Retards
Retarded
Retarding
Retardant
Retardants
Retardation
Retardations
Retarder
Retarders
Retch
Retches
Retched
Retching
Reteach
Retaught
Reteaching
Reteaches
Retell
Retold
Retelling
Retells
Retention
Retentions
Retentive
Retentively
Retentiveness
Retentivenesses
Retest
Retests
Retested
Retesting
Rethink
Rethinks
Rethought
Rethinking
Reticence
Reticences
Reticent
Reticently
Reticulation
Reticulations
Retie
Retied
Retying
Reties
Retina
Retinas
Retinae
Retinal
Retinals
Retinue
Retinues
Retire
Retired
Retiring
Retires
Retiree
Retirees
Retirement
Retirements
Retool
Retooled
Retooling
Retools
Retort
Retorts
Retorted
Retorting
Retouch
Retouches
Retouched
Retouching
Retrace
Retraced
Retracing
Retraces
Retract
Retracted
Retracting
Retracts
Retractable
Retractile
Retraction
Retractions
Retrain
Retrained
Retraining
Retrains
Retread
Retreads
Retreaded
Retreading
Retrod
Retrodden
Retreat
Retreats
Retreated
Retreating
Retrench
Retrenched
Retrenching
Retrenches
Retrenchment
Retrenchments
Retrial
Retrials
Retribution
Retributions
Retributive
Retrievable
Retrieval
Retrievals
Retrieve
Retrieves
Retrieved
Retrieving
Retriever
Retrievers
Retro
Retros
Retroactive
Retroactively
Retrofire
Retrofired
Retrofiring
Retrofires
Retrofit
Retrofits
Retrofitted
Retrofitting
Retrograde
Retrograded
Retrograding
Retrogrades
Retrogress
Retrogressed
Retrogressing
Retrogresses
Retrogression
Retrogressions
Retrogressive
Retrorocket
Retrorockets
Retrospect
Retrospects
Retrospected
Retrospecting
Retrospection
Retrospections
Retrospective
Retrospectives
Retrospectively
Retrovirus
Retroviruses
Retry
Retried
Retrying
Retries
Retsina
Retsinas
Return
Returns
Returned
Returning
Returnable
Returnables
Returnee
Returnees
Returner
Returners
Retype
Retyped
Retyping
Retypes
Reunification
Reunifications
Reunify
Reunified
Reunifying
Reunifies
Reunion
Reunions
Reunite
Reunited
Reuniting
Reunites
Reupholster
Reupholstered
Reupholstering
Reupholsters
Reusable
Reuse
Reuses
Reused
Reusing
Rev
Revs
Revved
Revving
Revaluation
Revaluations
Revalue
Revalued
Revaluing
Revalues
Revamp
Revamps
Revamped
Revamping
Revampings
Reveal
Reveals
Revealed
Revealing
Revealingly
Reveille
Reveilles
Revel
Revels
Reveled
Revelled
Reveling
Revelling
Revelation
Revelations
Reveler
Revelers
Reveller
Revellers
Revelry
Revelries
Revenge
Revenges
Revenged
Revenging
Revengeful
Revengefully
Revenue
Revenues
Revenuer
Revenuers
Reverberate
Reverberated
Reverberating
Reverberates
Reverberation
Reverberations
Revere
Reveres
Revered
Revering
Reverence
Reverences
Reverenced
Reverencing
Reverend
Reverends
Reverent
Reverential
Reverentially
Reverently
Reverie
Reveries
Revers
Reversal
Reversals
Reverse
Reverses
Reversed
Reversing
Reversely
Reversible
Reversibles
Reversibly
Reversion
Reversions
Revert
Reverts
Reverted
Reverting
Revertible
Revery
Revetment
Revetments
Review
Reviews
Reviewed
Reviewing
Reviewer
Reviewers
Revile
Reviled
Reviling
Reviles
Revilement
Revilements
Reviler
Revilers
Revise
Revises
Revised
Revising
Reviser
Revisers
Revision
Revisions
Revisionism
Revisionisms
Revisionist
Revisionists
Revisit
Revisited
Revisiting
Revisits
Revitalization
Revitalizations
Revitalize
Revitalized
Revitalizing
Revitalizes
Revival
Revivals
Revivalism
Revivalisms
Revivalist
Revivalists
Revive
Revived
Reviving
Revives
Revivification
Revivifications
Revivify
Revivified
Revivifying
Revivifies
Revocable
Revocation
Revocations
Revokable
Revoke
Revokes
Revoked
Revoking
Revolt
Revolts
Revolted
Revolting
Revoltingly
Revolution
Revolutions
Revolutionary
Revolutionaries
Revolutionise
Revolutionised
Revolutionising
Revolutionises
Revolutionist
Revolutionists
Revolutionize
Revolutionized
Revolutionizing
Revolutionizes
Revolvable
Revolve
Revolved
Revolving
Revolves
Revolver
Revolvers
Revue
Revues
Revulsion
Revulsions
Reward
Rewards
Rewarded
Rewarding
Rewarm
Rewarmed
Rewarming
Rewarms
Rewash
Rewashed
Rewashing
Rewashes
Reweave
Rewove
Reweaved
Rewoven
Reweaving
Reweaves
Rewed
Rewedded
Rewedding
Reweds
Reweigh
Reweighed
Reweighing
Reweighs
Rewind
Rewinds
Rewound
Rewinded
Rewinding
Rewire
Rewired
Rewiring
Rewires
Reword
Reworded
Rewording
Rewords
Rework
Reworked
Reworking
Reworks
Rewrite
Rewrites
Rewrote
Rewritten
Rewriting
Rezone
Rezoned
Rezoning
Rezones
Rhapsodic
Rhapsodical
Rhapsodize
Rhapsodized
Rhapsodizing
Rhapsodizes
Rhapsody
Rhapsodies
Rhea
Rheas
Rhenium
Rheniums
Rheostat
Rheostats
Rhesus
Rhesuses
Rhetoric
Rhetorics
Rhetorical
Rhetorically
Rhetorician
Rhetoricians
Rheum
Rheums
Rheumatic
Rheumatics
Rheumatically
Rheumatism
Rheumatisms
Rheumatoid
Rheumy
Rheumier
Rheumiest
Rhinestone
Rhinestones
Rhinitis
Rhinitides
Rhino
Rhinos
Rhinoceros
Rhinoceroses
Rhinoceri
Rhizome
Rhizomes
Rho
Rhos
Rhodium
Rhodiums
Rhododendron
Rhododendrons
Rhomboid
Rhomboids
Rhomboidal
Rhombus
Rhombuses
Rhombi
Rhubarb
Rhubarbs
Rhyme
Rhymes
Rhymed
Rhyming
Rhymer
Rhymers
Rhymester
Rhymesters
Rhythm
Rhythms
Rhythmic
Rhythmics
Rhythmical
Rhythmically
Rial
Rials
Rib
Ribs
Ribbed
Ribbing
Ribald
Ribalds
Ribaldry
Ribaldries
Ribber
Ribbers
Ribbon
Ribbons
Ribboned
Ribboning
Riboflavin
Riboflavins
Rice
Rices
Riced
Ricing
Ricer
Ricers
Rich
Richer
Richest
Riches
Richly
Richness
Richnesses
Rick
Ricks
Ricked
Ricking
Rickets
Rickety
Ricketier
Ricketiest
Rickrack
Rickracks
Ricksha
Rickshas
Rickshaw
Rickshaws
Ricochet
Ricochets
Ricocheted
Ricochetted
Ricocheting
Ricochetting
Ricotta
Ricottas
Rid
Ridded
Ridding
Rids
Riddance
Riddances
Riddle
Riddles
Riddled
Riddling
Ride
Rides
Rode
Ridden
Riding
Rider
Riders
Riderless
Ridership
Riderships
Ridge
Ridges
Ridged
Ridging
Ridgepole
Ridgepoles
Ridgy
Ridgier
Ridgiest
Ridicule
Ridicules
Ridiculed
Ridiculing
Ridiculous
Ridiculously
Ridiculousness
Ridiculousnesses
Ridings
Rife
Rifer
Rifest
Riff
Riffs
Riffed
Riffing
Riffle
Riffles
Riffled
Riffling
Riffraff
Rifle
Rifles
Rifled
Rifling
Rifleman
Riflemen
Rifler
Riflers
Riflings
Rift
Rifts
Rifted
Rifting
Rig
Rigs
Rigged
Rigging
Rigamarole
Rigamaroles
Rigatoni
Rigger
Riggers
Riggings
Right
Righter
Rightest
Rights
Righted
Righting
Righteous
Righteously
Righteousness
Righteousnesses
Rightful
Rightfully
Rightfulness
Rightfulnesses
Rightism
Rightisms
Rightist
Rightists
Rightly
Rightmost
Rightness
Rightnesses
Rightsize
Rightsized
Rightsizing
Rightsizes
Rightward
Rightwards
Rigid
Rigider
Rigidest
Rigidity
Rigidities
Rigidly
Rigidness
Rigidnesses
Rigmarole
Rigmaroles
Rigor
Rigors
Rigorous
Rigorously
Rigorousness
Rigorousnesses
Rigour
Rigours
Rile
Riled
Riling
Riles
Rill
Rills
Rim
Rims
Rimmed
Rimming
Rime
Rimes
Rimed
Riming
Rimless
Rind
Rinds
Ring
Rings
Ringed
Ringing
Rang
Rung
Ringer
Ringers
Ringgit
Ringgits
Ringleader
Ringleaders
Ringlet
Ringlets
Ringlike
Ringmaster
Ringmasters
Ringside
Ringsides
Ringworm
Ringworms
Rink
Rinks
Rinse
Rinses
Rinsed
Rinsing
Riot
Riots
Rioted
Rioting
Rioter
Rioters
Riotings
Riotous
Riotously
Rip
Rips
Ripped
Ripping
Riparian
Riparians
Ripcord
Ripcords
Ripe
Riper
Ripest
Ripely
Ripen
Ripened
Ripening
Ripens
Ripeness
Ripenesses
Ripoff
Ripoffs
Ripost
Riposts
Riposted
Riposting
Riposte
Ripostes
Ripper
Rippers
Ripple
Ripples
Rippled
Rippling
Ripply
Ripplier
Rippliest
Ripsaw
Ripsaws
Ripsawed
Ripsawn
Ripsawing
Riptide
Riptides
Rise
Rises
Rose
Risen
Rising
Riser
Risers
Risibility
Risibilities
Risible
Risings
Risk
Risks
Risked
Risking
Riskily
Riskiness
Riskinesses
Risky
Riskier
Riskiest
Risotto
Risottos
Risque
Rite
Rites
Ritual
Rituals
Ritualism
Ritualisms
Ritualistic
Ritualistically
Ritually
Ritzy
Ritzier
Ritziest
Rival
Rivals
Rivaled
Rivalled
Rivaling
Rivalling
Rivalry
Rivalries
Rive
Rived
Riven
Riving
Rives
River
Rivers
Riverbank
Riverbanks
Riverbed
Riverbeds
Riverboat
Riverboats
Riverside
Riversides
Rivet
Rivets
Riveted
Rivetted
Riveting
Rivetting
Riveter
Riveters
Rivulet
Rivulets
Riyal
Riyals
Roach
Roaches
Roached
Roaching
Road
Roads
Roadbed
Roadbeds
Roadblock
Roadblocks
Roadblocked
Roadblocking
Roadhouse
Roadhouses
Roadie
Roadies
Roadkill
Roadkills
Roadrunner
Roadrunners
Roadshow
Roadshows
Roadside
Roadsides
Roadster
Roadsters
Roadway
Roadways
Roadwork
Roadworks
Roadworthy
Roadworthier
Roadworthiest
Roam
Roams
Roamed
Roaming
Roamer
Roamers
Roamings
Roan
Roans
Roar
Roars
Roared
Roaring
Roarer
Roarers
Roarings
Roast
Roasts
Roasted
Roasting
Roaster
Roasters
Roastings
Rob
Robbed
Robbing
Robs
Robber
Robbers
Robbery
Robberies
Robe
Robes
Robed
Robing
Robin
Robins
Robot
Robots
Robotic
Robotics
Robotize
Robotized
Robotizing
Robotizes
Robust
Robuster
Robustest
Robustly
Robustness
Robustnesses
Rock
Rocks
Rocked
Rocking
Rockabilly
Rockabillies
Rockbound
Rocker
Rockers
Rocket
Rockets
Rocketed
Rocketing
Rocketry
Rocketries
Rockfall
Rockfalls
Rockiness
Rockinesses
Rocky
Rockier
Rockiest
Rococo
Rococos
Rod
Rods
Rodded
Rodding
Rodes
Rodent
Rodents
Rodeo
Rodeos
Rodeoed
Rodeoing
Roe
Roes
Roebuck
Roebucks
Roentgen
Roentgens
Roger
Rogered
Rogering
Rogers
Rogue
Rogues
Rogued
Roguing
Rogueing
Roguery
Rogueries
Roguish
Roguishly
Roguishness
Roguishnesses
Roil
Roiled
Roiling
Roils
Roister
Roistered
Roistering
Roisters
Roisterer
Roisterers
Role
Roles
Roll
Rolls
Rolled
Rolling
Rollback
Rollbacks
Roller
Rollers
Rollerskating
Rollerskatings
Rollick
Rollicked
Rollicking
Rollicks
Rollickings
Rollover
Rollovers
Romaine
Romaines
Roman
Romans
Romance
Romances
Romanced
Romancing
Romancer
Romancers
Romantic
Romantics
Romantically
Romanticism
Romanticisms
Romanticist
Romanticists
Romanticize
Romanticized
Romanticizing
Romanticizes
Romeo
Romeos
Romp
Romps
Romped
Romping
Romper
Rompers
Rondo
Rondos
Rood
Roods
Roof
Roofs
Roofed
Roofing
Roofer
Roofers
Roofings
Roofless
Rooftop
Rooftops
Rook
Rooks
Rooked
Rooking
Rookery
Rookeries
Rookie
Rookies
Room
Rooms
Roomed
Rooming
Roomer
Roomers
Roomette
Roomettes
Roomful
Roomfuls
Roominess
Roominesses
Roommate
Roommates
Roomy
Roomier
Roomiest
Roomies
Roost
Roosts
Roosted
Roosting
Rooster
Roosters
Root
Roots
Rooted
Rooting
Rooter
Rooters
Rootless
Rootlet
Rootlets
Rope
Ropes
Roped
Roping
Roper
Ropers
Ropy
Ropier
Ropiest
Rosary
Rosaries
Roses
Rosed
Rosing
Roseate
Rosebud
Rosebuds
Rosebush
Rosebushes
Rosemary
Rosemaries
Rosette
Rosettes
Rosewater
Rosewaters
Rosewood
Rosewoods
Rosily
Rosin
Rosins
Rosined
Rosining
Rosiness
Rosinesses
Roster
Rosters
Rostrum
Rostrums
Rostra
Rosy
Rosier
Rosiest
Rot
Rots
Rotted
Rotting
Rotary
Rotaries
Rotate
Rotated
Rotating
Rotates
Rotation
Rotations
Rotatory
Rote
Rotes
Rotgut
Rotguts
Rotisserie
Rotisseries
Rotogravure
Rotogravures
Rotor
Rotors
Rototiller
Rototillers
Rotten
Rottener
Rottenest
Rottenly
Rottenness
Rottennesses
Rotund
Rotunder
Rotundest
Rotunda
Rotundas
Rotundity
Rotundities
Rotundness
Rotundnesses
Rouble
Roubles
Roue
Roues
Rouge
Rouges
Rouged
Rouging
Rough
Rougher
Roughest
Roughs
Roughed
Roughing
Roughage
Roughages
Roughen
Roughened
Roughening
Roughens
Roughhouse
Roughhouses
Roughhoused
Roughhousing
Roughly
Roughneck
Roughnecks
Roughnecked
Roughnecking
Roughness
Roughnesses
Roughshod
Roulette
Roulettes
Rouletted
Rouletting
Round
Rounder
Roundest
Rounds
Rounded
Rounding
Roundabout
Roundabouts
Roundelay
Roundelays
Roundhouse
Roundhouses
Roundish
Roundly
Roundness
Roundnesses
Roundtable
Roundtables
Roundup
Roundups
Roundworm
Roundworms
Rouse
Roused
Rousing
Rouses
Roust
Rousted
Rousting
Rousts
Roustabout
Roustabouts
Rout
Routs
Routed
Routing
Route
Routes
Router
Routers
Routine
Routines
Routinely
Routinize
Routinized
Routinizing
Routinizes
Roves
Roved
Roving
Rover
Rovers
Rovings
Row
Rows
Rowed
Rowing
Rowboat
Rowboats
Rowdily
Rowdiness
Rowdinesses
Rowdy
Rowdier
Rowdiest
Rowdies
Rowdyism
Rowdyisms
Rowel
Rowels
Roweled
Rowelled
Roweling
Rowelling
Rower
Rowers
Rowings
Royal
Royaller
Royallest
Royals
Royalist
Royalists
Royally
Royalties
Royalty
Rub
Rubs
Rubbed
Rubbing
Rubato
Rubatos
Rubati
Rubber
Rubbers
Rubbered
Rubbering
Rubberize
Rubberized
Rubberizing
Rubberizes
Rubberneck
Rubbernecks
Rubbernecked
Rubbernecking
Rubbernecker
Rubberneckers
Rubbery
Rubberier
Rubberiest
Rubbish
Rubbishes
Rubbishy
Rubble
Rubbles
Rubdown
Rubdowns
Rube
Rubes
Rubella
Rubellas
Rubicund
Rubidium
Rubidiums
Ruble
Rubles
Rubric
Rubrics
Ruby
Rubier
Rubiest
Rubies
Rucksack
Rucksacks
Ruckus
Ruckuses
Rudder
Rudders
Rudderless
Ruddiness
Ruddinesses
Ruddy
Ruddier
Ruddiest
Rude
Ruder
Rudest
Rudely
Rudeness
Rudenesses
Rudiment
Rudiments
Rudimentary
Rue
Rues
Rued
Ruing
Rueful
Ruefully
Ruefulness
Ruefulnesses
Ruff
Ruffs
Ruffed
Ruffing
Ruffian
Ruffians
Ruffianly
Ruffle
Ruffles
Ruffled
Ruffling
Ruffly
Rufflier
Ruffliest
Rug
Rugs
Rugby
Rugbies
Rugged
Ruggeder
Ruggedest
Ruggedly
Ruggedness
Ruggednesses
Ruin
Ruins
Ruined
Ruining
Ruination
Ruinations
Ruinous
Ruinously
Rule
Rules
Ruled
Ruling
Ruler
Rulers
Rulings
Rum
Rummer
Rummest
Rums
Rumba
Rumbas
Rumbaed
Rumbaing
Rumble
Rumbles
Rumbled
Rumbling
Rumblings
Ruminant
Ruminants
Ruminate
Ruminated
Ruminating
Ruminates
Rumination
Ruminations
Ruminative
Rummage
Rummages
Rummaged
Rummaging
Rummy
Rummier
Rummiest
Rummies
Rumor
Rumors
Rumored
Rumoring
Rumormonger
Rumormongers
Rumour
Rumours
Rumoured
Rumouring
Rump
Rumps
Rumple
Rumples
Rumpled
Rumpling
Rumply
Rumplier
Rumpliest
Rumpus
Rumpuses
Run
Runs
Ran
Running
Runabout
Runabouts
Runaround
Runarounds
Runaway
Runaways
Rundown
Rundowns
Rune
Runes
Rungs
Runic
Runlet
Runlets
Runnel
Runnels
Runner
Runners
Runnings
Runny
Runnier
Runniest
Runoff
Runoffs
Runt
Runts
Runty
Runtier
Runtiest
Runway
Runways
Rupee
Rupees
Rupiah
Rupiahs
Rupture
Ruptures
Ruptured
Rupturing
Rural
Rurals
Ruse
Ruses
Rush
Rushes
Rushed
Rushing
Rusher
Rushers
Rushy
Rushier
Rushiest
Rusk
Rusks
Russet
Russets
Rust
Rusts
Rusted
Rusting
Rustic
Rustics
Rustically
Rusticate
Rusticated
Rusticating
Rusticates
Rustication
Rustications
Rusticity
Rusticities
Rustiness
Rustinesses
Rustle
Rustles
Rustled
Rustling
Rustler
Rustlers
Rustproof
Rustproofed
Rustproofing
Rustproofs
Rusty
Rustier
Rustiest
Rut
Ruts
Rutted
Rutting
Rutabaga
Rutabagas
Ruthenium
Rutheniums
Rutherfordium
Rutherfordiums
Ruthless
Ruthlessly
Ruthlessness
Ruthlessnesses
Rutty
Ruttier
Ruttiest
Rye
Ryes
Sabbatical
Sabbaticals
Saber
Sabers
Sabered
Sabering
Sable
Sables
Sabot
Sabots
Sabotage
Sabotages
Sabotaged
Sabotaging
Saboteur
Saboteurs
Sabra
Sabras
Sabre
Sabres
Sabred
Sabring
Sac
Sacs
Saccharin
Saccharins
Saccharine
Sacerdotal
Sachem
Sachems
Sachet
Sachets
Sack
Sacks
Sacked
Sacking
Sackcloth
Sackcloths
Sackful
Sackfuls
Sacksful
Sackings
Sacrament
Sacraments
Sacramental
Sacramentals
Sacred
Sacredly
Sacredness
Sacrednesses
Sacrifice
Sacrifices
Sacrificed
Sacrificing
Sacrificial
Sacrificially
Sacrilege
Sacrileges
Sacrilegious
Sacrilegiously
Sacristan
Sacristans
Sacristy
Sacristies
Sacroiliac
Sacroiliacs
Sacrosanct
Sacrosanctness
Sacrosanctnesses
Sacrum
Sacra
Sacrums
Sad
Sadder
Saddest
Sadden
Saddened
Saddening
Saddens
Saddle
Saddles
Saddled
Saddling
Saddlebag
Saddlebags
Sadism
Sadisms
Sadist
Sadists
Sadistic
Sadistically
Sadly
Sadness
Sadnesses
Sadomasochism
Sadomasochisms
Sadomasochist
Sadomasochists
Sadomasochistic
Safari
Safaris
Safaried
Safariing
Safe
Safer
Safest
Safes
Safeguard
Safeguards
Safeguarded
Safeguarding
Safekeeping
Safekeepings
Safely
Safeness
Safenesses
Safety
Safeties
Safflower
Safflowers
Saffron
Saffrons
Sag
Sags
Sagged
Sagging
Saga
Sagas
Sagacious
Sagaciously
Sagacity
Sagacities
Sage
Sager
Sagest
Sages
Sagebrush
Sagebrushes
Sagely
Saggy
Saggier
Saggiest
Sago
Sagos
Saguaro
Saguaros
Sahib
Sahibs
Said
Saids
Sail
Sails
Sailed
Sailing
Sailboard
Sailboards
Sailboarder
Sailboarders
Sailboarding
Sailboardings
Sailboat
Sailboats
Sailcloth
Sailcloths
Sailfish
Sailfishes
Sailings
Sailor
Sailors
Sailplane
Sailplanes
Sailplaned
Sailplaning
Saint
Saints
Sainted
Sainting
Sainthood
Sainthoods
Saintlike
Saintliness
Saintlinesses
Saintly
Saintlier
Saintliest
Sake
Sakes
Saki
Sakis
Salaam
Salaams
Salaamed
Salaaming
Salable
Salacious
Salaciously
Salaciousness
Salaciousnesses
Salacity
Salacities
Salad
Salads
Salamander
Salamanders
Salami
Salamis
Salaried
Salary
Salaries
Sale
Sales
Saleable
Salesclerk
Salesclerks
Salesgirl
Salesgirls
Saleslady
Salesladies
Salesman
Salesmen
Salesmanship
Salesmanships
Salespeople
Salesperson
Salespersons
Saleswoman
Saleswomen
Salience
Saliences
Salient
Salients
Saliently
Saline
Salines
Salinity
Salinities
Saliva
Salivas
Salivary
Salivate
Salivated
Salivating
Salivates
Salivation
Salivations
Sallow
Sallower
Sallowest
Sallows
Sallowed
Sallowing
Sallowness
Sallownesses
Sally
Sallies
Sallied
Sallying
Salmon
Salmons
Salmonella
Salmonellae
Salmonellas
Salon
Salons
Saloon
Saloons
Salsa
Salsas
Salsaed
Salsaing
Salt
Salter
Saltest
Salts
Salted
Salting
Saltbox
Saltboxes
Saltcellar
Saltcellars
Saltine
Saltines
Saltiness
Saltinesses
Saltpeter
Saltpeters
Saltpetre
Saltpetres
Saltshaker
Saltshakers
Saltwater
Saltwaters
Salty
Saltier
Saltiest
Salubrious
Salutary
Salutation
Salutations
Salutatorian
Salutatorians
Salutatory
Salutatories
Salute
Salutes
Saluted
Saluting
Salvage
Salvages
Salvaged
Salvaging
Salvageable
Salvation
Salvations
Salve
Salves
Salved
Salving
Salver
Salvers
Salvo
Salvos
Salvoes
Salvoed
Salvoing
Samarium
Samariums
Samba
Sambas
Sambaed
Sambaing
Same
Sameness
Samenesses
Samovar
Samovars
Sampan
Sampans
Sample
Samples
Sampled
Sampling
Sampler
Samplers
Samurai
Samurais
Sanatorium
Sanatoriums
Sanatoria
Sanctification
Sanctifications
Sanctify
Sanctified
Sanctifying
Sanctifies
Sanctimonious
Sanctimoniously
Sanctimoniousness
Sanctimoniousnesses
Sanctimony
Sanctimonies
Sanction
Sanctions
Sanctioned
Sanctioning
Sanctity
Sanctities
Sanctuary
Sanctuaries
Sanctum
Sanctums
Sancta
Sand
Sands
Sanded
Sanding
Sandal
Sandals
Sandaled
Sandalled
Sandaling
Sandalling
Sandalwood
Sandalwoods
Sandbag
Sandbags
Sandbagged
Sandbagging
Sandbank
Sandbanks
Sandbar
Sandbars
Sandblast
Sandblasts
Sandblasted
Sandblasting
Sandblaster
Sandblasters
Sandbox
Sandboxes
Sandcastle
Sandcastles
Sander
Sanders
Sandhog
Sandhogs
Sandiness
Sandinesses
Sandlot
Sandlots
Sandlotter
Sandlotters
Sandman
Sandmen
Sandpaper
Sandpapers
Sandpapered
Sandpapering
Sandpiper
Sandpipers
Sandstone
Sandstones
Sandstorm
Sandstorms
Sandwich
Sandwiches
Sandwiched
Sandwiching
Sandy
Sandier
Sandiest
Sane
Saner
Sanest
Sanely
Saneness
Sanenesses
Sangfroid
Sangfroids
Sangria
Sangrias
Sanguinary
Sanguine
Sanguines
Sanguinely
Sanitarian
Sanitarians
Sanitarium
Sanitariums
Sanitaria
Sanitary
Sanitation
Sanitations
Sanitize
Sanitized
Sanitizing
Sanitizes
Sanity
Sanities
Sans
Sap
Saps
Sapped
Sapping
Sapience
Sapiences
Sapient
Sapless
Sapling
Saplings
Sapphire
Sapphires
Sappiness
Sappinesses
Sappy
Sappier
Sappiest
Saprophyte
Saprophytes
Saprophytic
Sapsucker
Sapsuckers
Sapwood
Sapwoods
Saran
Sarans
Sarape
Sarapes
Sarcasm
Sarcasms
Sarcastic
Sarcastically
Sarcoma
Sarcomas
Sarcomata
Sarcophagus
Sarcophagi
Sarcophaguses
Sardine
Sardines
Sardonic
Sardonically
Saree
Sarees
Sarge
Sarges
Sari
Saris
Sarong
Sarongs
Sarsaparilla
Sarsaparillas
Sartorial
Sartorially
Sash
Sashes
Sashed
Sashing
Sashay
Sashays
Sashayed
Sashaying
Sass
Sasses
Sassed
Sassing
Sassafras
Sassafrases
Sassy
Sassier
Sassiest
Sassies
Satanic
Satanical
Satanically
Satanism
Satanisms
Satanist
Satanists
Satchel
Satchels
Sate
Sated
Sating
Sates
Sateen
Sateens
Satellite
Satellites
Satiable
Satiate
Satiated
Satiating
Satiates
Satiation
Satiations
Satiety
Satieties
Satin
Satins
Satinwood
Satinwoods
Satiny
Satire
Satires
Satiric
Satirical
Satirically
Satirist
Satirists
Satirize
Satirized
Satirizing
Satirizes
Satisfaction
Satisfactions
Satisfactorily
Satisfactory
Satisfy
Satisfied
Satisfying
Satisfies
Satisfyingly
Satori
Satoris
Satrap
Satraps
Saturate
Saturated
Saturating
Saturates
Saturation
Saturations
Saturnine
Satyr
Satyrs
Satyriasis
Satyriases
Satyric
Sauce
Sauces
Sauced
Saucing
Saucepan
Saucepans
Saucer
Saucers
Saucily
Sauciness
Saucinesses
Saucy
Saucier
Sauciest
Sauerkraut
Sauerkrauts
Sauna
Saunas
Saunaed
Saunaing
Saunter
Saunters
Sauntered
Sauntering
Saurian
Saurians
Sauropod
Sauropods
Sausage
Sausages
Saute
Sautes
Sauteed
Sauted
Sauteing
Sauterne
Sauternes
Savable
Savage
Savager
Savagest
Savages
Savaged
Savaging
Savagely
Savageness
Savagenesses
Savagery
Savageries
Savanna
Savannas
Savannah
Savannahs
Savant
Savants
Save
Saves
Saved
Saving
Saveable
Saver
Savers
Savings
Savior
Saviors
Saviour
Saviours
Savor
Savors
Savored
Savoring
Savoriness
Savorinesses
Savory
Savorier
Savoriest
Savories
Savour
Savours
Savoured
Savouring
Savoury
Savourier
Savouriest
Savouries
Savoy
Savoys
Savvy
Savvier
Savviest
Savvies
Savvied
Savvying
Saw
Saws
Sawed
Sawn
Sawing
Sawbones
Sawboneses
Sawbuck
Sawbucks
Sawdust
Sawdusts
Sawfly
Sawflies
Sawhorse
Sawhorses
Sawmill
Sawmills
Sawyer
Sawyers
Sax
Saxes
Saxifrage
Saxifrages
Saxophone
Saxophones
Saxophonist
Saxophonists
Say
Says
Saying
@saith
Sayings
Scab
Scabs
Scabbed
Scabbing
Scabbard
Scabbards
Scabbarded
Scabbarding
Scabbiness
Scabbinesses
Scabby
Scabbier
Scabbiest
Scabies
Scabrous
Scad
Scads
Scaffold
Scaffolds
Scaffolded
Scaffolding
Scaffoldings
Scalawag
Scalawags
Scald
Scalds
Scalded
Scalding
Scale
Scales
Scaled
Scaling
Scaleless
Scalene
Scaliness
Scalinesses
Scallion
Scallions
Scallop
Scallops
Scalloped
Scalloping
Scalp
Scalps
Scalped
Scalping
Scalpel
Scalpels
Scalper
Scalpers
Scaly
Scalier
Scaliest
Scam
Scams
Scammed
Scamming
Scamp
Scamps
Scamped
Scamping
Scamper
Scampers
Scampered
Scampering
Scampi
Scampies
Scan
Scans
Scanned
Scanning
Scandal
Scandals
Scandaled
Scandalled
Scandaling
Scandalling
Scandalize
Scandalized
Scandalizing
Scandalizes
Scandalmonger
Scandalmongers
Scandalous
Scandalously
Scandium
Scandiums
Scanner
Scanners
Scansion
Scansions
Scant
Scanter
Scantest
Scanted
Scanting
Scants
Scantily
Scantiness
Scantinesses
Scantly
Scantness
Scantnesses
Scanty
Scantier
Scantiest
Scapegoat
Scapegoats
Scapegoated
Scapegoating
Scapegrace
Scapegraces
Scapula
Scapulae
Scapulas
Scapular
Scapulars
Scar
Scars
Scarred
Scarring
Scarab
Scarabs
Scarce
Scarcer
Scarcest
Scarcely
Scarceness
Scarcenesses
Scarcity
Scarcities
Scare
Scares
Scared
Scaring
Scarecrow
Scarecrows
Scareder
Scaredest
Scaremonger
Scaremongers
Scarf
Scarves
Scarfs
Scarfed
Scarfing
Scarification
Scarifications
Scarify
Scarified
Scarifying
Scarifies
Scarily
Scariness
Scarinesses
Scarlatina
Scarlatinas
Scarlet
Scarlets
Scarp
Scarps
Scarped
Scarping
Scary
Scarier
Scariest
Scat
Scats
Scatted
Scatting
Scathing
Scathingly
Scatological
Scatology
Scatologies
Scatter
Scatters
Scattered
Scattering
Scatterbrain
Scatterbrains
Scatterbrained
Scatterings
Scavenge
Scavenged
Scavenging
Scavenges
Scavenger
Scavengers
Scenario
Scenarios
Scenarist
Scenarists
Scene
Scenes
Scenery
Sceneries
Scenic
Scenics
Scenically
Scent
Scents
Scented
Scenting
Scentless
Scepter
Scepters
Sceptered
Sceptering
Sceptic
Sceptics
Sceptical
Scepticism
Scepticisms
Sceptre
Sceptres
Sceptred
Sceptring
Schedule
Schedules
Scheduled
Scheduling
Schematic
Schematics
Schematically
Scheme
Schemes
Schemed
Scheming
Schemer
Schemers
Scherzo
Scherzos
Scherzi
Schilling
Schillings
Schism
Schisms
Schismatic
Schismatics
Schist
Schists
Schizo
Schizos
Schizoid
Schizoids
Schizophrenia
Schizophrenias
Schizophrenic
Schizophrenics
Schlemiel
Schlemiels
Schlep
Schleps
Schlepped
Schlepping
Schlepp
Schlepps
Schlock
Schlocks
Schlocky
Schlockier
Schlockiest
Schmaltz
Schmaltzes
Schmaltzy
Schmaltzier
Schmaltziest
Schmalz
Schmalzes
Schmo
Schmoes
Schmos
Schmoe
Schmooze
Schmoozes
Schmoozed
Schmoozing
Schmuck
Schmucks
Schnapps
Schnaps
Schnauzer
Schnauzers
Schnitzel
Schnitzels
Schnook
Schnooks
Schnoz
Schnozes
Schnozzle
Schnozzles
Scholar
Scholars
Scholarly
Scholarship
Scholarships
Scholastic
Scholastics
Scholastically
School
Schools
Schooled
Schooling
Schoolbag
Schoolbags
Schoolbook
Schoolbooks
Schoolboy
Schoolboys
Schoolchild
Schoolchildren
Schoolfellow
Schoolfellows
Schoolgirl
Schoolgirls
Schoolhouse
Schoolhouses
Schoolings
Schoolmarm
Schoolmarms
Schoolmarmish
Schoolmaster
Schoolmasters
Schoolmastered
Schoolmastering
Schoolmate
Schoolmates
Schoolmistress
Schoolmistresses
Schoolroom
Schoolrooms
Schoolteacher
Schoolteachers
Schoolwork
Schoolworks
Schoolyard
Schoolyards
Schooner
Schooners
Schrod
Schrods
Schuss
Schusses
Schussed
Schussing
Schussboomer
Schussboomers
Schwa
Schwas
Sciatic
Sciatics
Sciatica
Sciaticas
Science
Sciences
Scientific
Scientifically
Scientist
Scientists
Scimitar
Scimitars
Scintilla
Scintillas
Scintillae
Scintillate
Scintillated
Scintillating
Scintillates
Scintillation
Scintillations
Scion
Scions
Scissor
Scissored
Scissoring
Scissors
Sclerosis
Scleroses
Sclerotic
Scoff
Scoffs
Scoffed
Scoffing
Scoffer
Scoffers
Scofflaw
Scofflaws
Scold
Scolds
Scolded
Scolding
Scoldings
Scoliosis
Scolioses
Scollop
Scollops
Scolloped
Scolloping
Sconce
Sconces
Sconced
Sconcing
Scone
Scones
Scoop
Scoops
Scooped
Scooping
Scoopful
Scoopfuls
Scoot
Scoots
Scooted
Scooting
Scooter
Scooters
Scope
Scopes
Scoped
Scoping
Scorbutic
Scorch
Scorches
Scorched
Scorching
Scorcher
Scorchers
Score
Scores
Scored
Scoring
Scoreboard
Scoreboards
Scorecard
Scorecards
Scorekeeper
Scorekeepers
Scoreless
Scorer
Scorers
Scorn
Scorns
Scorned
Scorning
Scorner
Scorners
Scornful
Scornfully
Scorpion
Scorpions
Scotch
Scotches
Scotched
Scotching
Scoundrel
Scoundrels
Scour
Scours
Scoured
Scouring
Scourer
Scourers
Scourge
Scourges
Scourged
Scourging
Scout
Scouts
Scouted
Scouting
Scoutings
Scoutmaster
Scoutmasters
Scow
Scows
Scowed
Scowing
Scowl
Scowls
Scowled
Scowling
Scrabble
Scrabbles
Scrabbled
Scrabbling
Scrabbler
Scrabblers
Scrag
Scrags
Scragged
Scragging
Scraggly
Scragglier
Scraggliest
Scraggy
Scraggier
Scraggiest
Scram
Scrammed
Scramming
Scrams
Scramble
Scrambles
Scrambled
Scrambling
Scrambler
Scramblers
Scrap
Scraps
Scrapped
Scrapping
Scrapbook
Scrapbooks
Scrape
Scrapes
Scraped
Scraping
Scraper
Scrapers
Scrapheap
Scrapheaps
Scrapper
Scrappers
Scrappy
Scrappier
Scrappiest
Scrapyard
Scrapyards
Scratch
Scratches
Scratched
Scratching
Scratchily
Scratchiness
Scratchinesses
Scratchy
Scratchier
Scratchiest
Scrawl
Scrawls
Scrawled
Scrawling
Scrawly
Scrawlier
Scrawliest
Scrawniness
Scrawninesses
Scrawny
Scrawnier
Scrawniest
Scream
Screams
Screamed
Screaming
Screamer
Screamers
Scree
Screes
Screech
Screeches
Screeched
Screeching
Screechy
Screechier
Screechiest
Screen
Screens
Screened
Screening
Screenings
Screenplay
Screenplays
Screenwriter
Screenwriters
Screenwriting
Screenwritings
Screw
Screws
Screwed
Screwing
Screwball
Screwballs
Screwdriver
Screwdrivers
Screwiness
Screwinesses
Screwworm
Screwworms
Screwy
Screwier
Screwiest
Scribal
Scribble
Scribbles
Scribbled
Scribbling
Scribbler
Scribblers
Scribe
Scribes
Scribed
Scribing
Scrim
Scrims
Scrimmage
Scrimmages
Scrimmaged
Scrimmaging
Scrimp
Scrimped
Scrimping
Scrimps
Scrimshaw
Scrimshaws
Scrimshawed
Scrimshawing
Scrip
Scrips
Script
Scripts
Scripted
Scripting
Scriptural
Scripture
Scriptures
Scriptwriter
Scriptwriters
Scrivener
Scriveners
Scrod
Scrods
Scrofula
Scrofulas
Scrofulous
Scroll
Scrolls
Scrolled
Scrolling
Scrooge
Scrooges
Scrooged
Scrooging
Scrotal
Scrotum
Scrota
Scrotums
Scrounge
Scrounged
Scrounging
Scrounges
Scrounger
Scroungers
Scroungy
Scroungier
Scroungiest
Scrub
Scrubs
Scrubbed
Scrubbing
Scrubber
Scrubbers
Scrubby
Scrubbier
Scrubbiest
Scruff
Scruffs
Scruffily
Scruffiness
Scruffinesses
Scruffy
Scruffier
Scruffiest
Scrumptious
Scrumptiously
Scrunch
Scrunches
Scrunched
Scrunching
Scrunchie
Scrunchies
Scrunchy
Scruple
Scruples
Scrupled
Scrupling
Scrupulosity
Scrupulosities
Scrupulous
Scrupulously
Scrupulousness
Scrupulousnesses
Scrutinize
Scrutinized
Scrutinizing
Scrutinizes
Scrutiny
Scrutinies
Scuba
Scubas
Scubaed
Scubaing
Scud
Scuds
Scudded
Scudding
Scuff
Scuffs
Scuffed
Scuffing
Scuffle
Scuffles
Scuffled
Scuffling
Scull
Sculls
Sculled
Sculling
Sculler
Scullers
Scullery
Sculleries
Scullion
Scullions
Sculpt
Sculpted
Sculpting
Sculpts
Sculptor
Sculptors
Sculptress
Sculptresses
Sculptural
Sculpture
Sculptures
Sculptured
Sculpturing
Scum
Scums
Scummed
Scumming
Scumbag
Scumbags
Scummy
Scummier
Scummiest
Scupper
Scuppers
Scuppered
Scuppering
Scurf
Scurfs
Scurfy
Scurfier
Scurfiest
Scurrility
Scurrilities
Scurrilous
Scurrilously
Scurrilousness
Scurrilousnesses
Scurry
Scurries
Scurried
Scurrying
Scurvily
Scurvy
Scurvier
Scurviest
Scurvies
Scutcheon
Scutcheons
Scuttle
Scuttles
Scuttled
Scuttling
Scuttlebutt
Scuttlebutts
Scuzzy
Scuzzier
Scuzziest
Scythe
Scythes
Scythed
Scything
Sea
Seas
Seabed
Seabeds
Seabird
Seabirds
Seaboard
Seaboards
Seaborne
Seacoast
Seacoasts
Seafarer
Seafarers
Seafaring
Seafarings
Seafloor
Seafloors
Seafood
Seafoods
Seafront
Seafronts
Seagoing
Seagull
Seagulls
Seahorse
Seahorses
Seal
Seals
Sealed
Sealing
Sealant
Sealants
Sealer
Sealers
Sealskin
Sealskins
Seam
Seams
Seamed
Seaming
Seaman
Seamen
Seamanship
Seamanships
Seamless
Seamlessly
Seamstress
Seamstresses
Seamy
Seamier
Seamiest
Seance
Seances
Seaplane
Seaplanes
Seaport
Seaports
Sear
Searer
Searest
Sears
Seared
Searing
Search
Searches
Searched
Searching
Searcher
Searchers
Searchingly
Searchlight
Searchlights
Seascape
Seascapes
Seashell
Seashells
Seashore
Seashores
Seasick
Seasicker
Seasickest
Seasickness
Seasicknesses
Seaside
Seasides
Season
Seasons
Seasoned
Seasoning
Seasonable
Seasonably
Seasonal
Seasonally
Seasonings
Seat
Seats
Seated
Seating
Seatings
Seatmate
Seatmates
Seawall
Seawalls
Seaward
Seawards
Seawater
Seawaters
Seaway
Seaways
Seaweed
Seaweeds
Seaworthiness
Seaworthinesses
Seaworthy
Seaworthier
Seaworthiest
Sebaceous
Seborrhea
Seborrheas
Seborrhoea
Seborrhoeas
Sec
Secs
Secant
Secants
Secede
Seceded
Seceding
Secedes
Secession
Secessions
Secessionist
Secessionists
Seclude
Secluded
Secluding
Secludes
Seclusion
Seclusions
Seclusive
Second
Seconds
Seconded
Seconding
Secondarily
Secondary
Secondaries
Seconder
Seconders
Secondhand
Secondly
Secrecy
Secrecies
Secret
Secreter
Secretest
Secrets
Secretarial
Secretariat
Secretariats
Secretary
Secretaries
Secretaryship
Secretaryships
Secrete
Secreted
Secreting
Secretes
Secretion
Secretions
Secretive
Secretively
Secretiveness
Secretivenesses
Secretly
Secretory
Sect
Sects
Sectarian
Sectarians
Sectarianism
Sectarianisms
Sectary
Sectaries
Section
Sections
Sectioned
Sectioning
Sectional
Sectionals
Sectionalism
Sectionalisms
Sector
Sectors
Sectored
Sectoring
Secular
Seculars
Secularism
Secularisms
Secularist
Secularists
Secularization
Secularizations
Secularize
Secularized
Secularizing
Secularizes
Secure
Securer
Securest
Secured
Securing
Secures
Securely
Security
Securities
Sedan
Sedans
Sedate
Sedater
Sedatest
Sedated
Sedating
Sedates
Sedately
Sedateness
Sedatenesses
Sedation
Sedations
Sedative
Sedatives
Sedentary
Sedge
Sedges
Sedgy
Sedgier
Sedgiest
Sediment
Sediments
Sedimented
Sedimenting
Sedimentary
Sedimentation
Sedimentations
Sedition
Seditions
Seditious
Seduce
Seduced
Seducing
Seduces
Seducer
Seducers
Seduction
Seductions
Seductive
Seductively
Seductiveness
Seductivenesses
Seductress
Seductresses
Sedulous
Sedulously
See
Sees
Seen
Seeing
Seed
Seeds
Seeded
Seeding
Seedbed
Seedbeds
Seedcase
Seedcases
Seeder
Seeders
Seediness
Seedinesses
Seedless
Seedling
Seedlings
Seedpod
Seedpods
Seedy
Seedier
Seediest
Seek
Sought
Seeking
Seeks
Seeker
Seekers
Seem
Seemed
Seeming
Seems
Seemings
Seemingly
Seemliness
Seemlinesses
Seemly
Seemlier
Seemliest
Seep
Seeps
Seeped
Seeping
Seepage
Seepages
Seer
Seers
Seersucker
Seersuckers
Seesaw
Seesaws
Seesawed
Seesawing
Seethe
Seethes
Seethed
@sod
@sodden
Seething
Segment
Segments
Segmented
Segmenting
Segmentation
Segmentations
Segregate
Segregated
Segregating
Segregates
Segregation
Segregations
Segregationist
Segregationists
Segue
Segues
Segued
Segueing
Seigneur
Seigneurs
Seignior
Seigniors
Seigniorial
Seine
Seines
Seined
Seining
Seiner
Seiners
Seismic
Seismically
Seismograph
Seismographs
Seismographer
Seismographers
Seismographic
Seismography
Seismographies
Seismologic
Seismological
Seismologist
Seismologists
Seismology
Seismologies
Seize
Seized
Seizing
Seizes
Seizure
Seizures
Seldom
Select
Selected
Selecting
Selects
Selection
Selections
Selective
Selectively
Selectivity
Selectivities
Selectman
Selectmen
Selectness
Selectnesses
Selector
Selectors
Selenium
Seleniums
Selenographer
Selenographers
Selenography
Selenographies
Self
Selves
Selfed
Selfing
Selfs
Selfish
Selfishly
Selfishness
Selfishnesses
Selfless
Selflessly
Selflessness
Selflessnesses
Selfsame
Sell
Sells
Sold
Selling
Seller
Sellers
Sellout
Sellouts
Seltzer
Seltzers
Selvage
Selvages
Selvedge
Selvedges
Semantic
Semantically
Semanticist
Semanticists
Semantics
Semaphore
Semaphores
Semaphored
Semaphoring
Semblance
Semblances
Semen
Semens
Semester
Semesters
Semi
Semis
Semiannual
Semiannually
Semiarid
Semiautomatic
Semiautomatics
Semicircle
Semicircles
Semicircular
Semicolon
Semicolons
Semiconducting
Semiconductor
Semiconductors
Semiconscious
Semidarkness
Semidarknesses
Semidetached
Semifinal
Semifinals
Semifinalist
Semifinalists
Semigloss
Semimonthly
Semimonthlies
Seminal
Seminar
Seminars
Seminarian
Seminarians
Seminary
Seminaries
Semiofficial
Semiotic
Semiotics
Semipermeable
Semiprecious
Semiprivate
Ssemipro
Semipros
Semiprofessional
Semiprofessionals
Semiretired
Semiskilled
Semisolid
Semisolids
Semisweet
Semitone
Semitones
Semitrailer
Semitrailers
Semitransparent
Semitropical
Semivowel
Semivowels
Semiweekly
Semiweeklies
Semiyearly
Semolina
Semolinas
Sempstress
Sempstresses
Senate
Senates
Senator
Senators
Senatorial
Send
Sends
Sent
Sending
Sender
Senders
Sendoff
Sendoffs
Senescence
Senescences
Senescent
Senile
Seniles
Senility
Senilities
Senior
Seniors
Seniority
Seniorities
Senna
Sennas
Senor
Senors
Senora
Senoras
Senorita
Senoritas
Sensation
Sensations
Sensational
Sensationalism
Sensationalisms
Sensationalist
Sensationalists
Sensationalize
Sensationalized
Sensationalizing
Sensationalizes
Sensationally
Sense
Senses
Sensed
Sensing
Senseless
Senselessly
Senselessness
Senselessnesses
Sensibility
Sensibilities
Sensible
Sensibler
Sensiblest
Sensibleness
Sensiblenesses
Sensibly
Sensitive
Sensitives
Sensitively
Sensitiveness
Sensitivenesses
Sensitivity
Sensitivities
Sensitization
Sensitizations
Sensitize
Sensitized
Sensitizing
Sensitizes
Sensor
Sensors
Sensory
Sensual
Sensualist
Sensualists
Sensuality
Sensualities
Sensually
Sensuous
Sensuously
Sensuousness
Sensuousnesses
Sentence
Sentences
Sentenced
Sentencing
Sententious
Sententiously
Sentience
Sentiences
Sentient
Sentients
Sentiment
Sentiments
Sentimental
Sentimentalism
Sentimentalisms
Sentimentalist
Sentimentalists
Sentimentality
Sentimentalities
Sentimentalization
Sentimentalizations
Sentimentalize
Sentimentalized
Sentimentalizing
Sentimentalizes
Sentimentally
Sentinel
Sentinels
Sentineled
Sentinelled
Sentineling
Sentinelling
Sentry
Sentries
Sepal
Sepals
Separability
Separabilities
Separable
Separably
Separate
Separates
Separated
Separating
Separately
Separateness
Separatenesses
Separation
Separations
Separatism
Separatisms
Separatist
Separatists
Separative
Separator
Separators
Sepia
Sepias
Sepsis
Sepses
Septet
Septets
Septette
Septettes
Septic
Septicemia
Septicemias
Septicemic
Septuagenarian
Septuagenarians
Septum
Septa
Septums
Sepulcher
Sepulchers
Sepulchered
Sepulchering
Sepulchral
Sepulchre
Sepulchres
Sepulchred
Sepulchring
Sequel
Sequels
Sequence
Sequences
Sequenced
Sequencing
Sequencings
Sequential
Sequentially
Sequester
Sequestered
Sequestering
Sequesters
Sequestrate
Sequestrated
Sequestrating
Sequestrates
Sequestration
Sequestrations
Sequin
Sequins
Sequined
Sequinned
Sequoia
Sequoias
Seraglio
Seraglios
Serape
Serapes
Seraph
Seraphs
Seraphim
Seraphic
Sere
Serer
Serest
Seres
Serenade
Serenades
Serenaded
Serenading
Serendipitous
Serendipity
Serendipities
Serene
Serener
Serenest
Serenely
Sereneness
Serenenesses
Serenity
Serenities
Serf
Serfs
Serfdom
Serfdoms
Serge
Serges
Serged
Serging
Sergeant
Sergeants
Serial
Serials
Serialization
Serializations
Serialize
Serialized
Serializing
Serializes
Serially
Series
Serif
Serifs
Serigraph
Serigraphs
Serious
Seriously
Seriousness
Seriousnesses
Sermon
Sermons
Sermonize
Sermonized
Sermonizing
Sermonizes
Serology
Serologies
Serous
Serpent
Serpents
Serpentine
Serpentines
Serpentined
Serpentining
Serrate
Serrated
Serrating
Serrates
Serration
Serrations
Serried
Serum
Serums
Sera
Servant
Servants
Serve
Serves
Served
Serving
Server
Servers
Service
Services
Serviced
Servicing
Serviceability
Serviceabilities
Serviceable
Serviceman
Servicemen
Servicewoman
Servicewomen
Serviette
Serviettes
Servile
Servility
Servilities
Servings
Servitor
Servitors
Servitude
Servitudes
Servo
Servos
Servoed
Servoing
Servomechanism
Servomechanisms
Servomotor
Servomotors
Sesame
Sesames
Sesquicentennial
Sesquicentennials
Session
Sessions
Set
Sets
Setting
Setback
Setbacks
Setscrew
Setscrews
Settee
Settees
Setter
Setters
Settings
Settle
Settles
Settled
Settling
Settlement
Settlements
Settler
Settlers
Setup
Setups
Seven
Sevens
Seventeen
Seventeens
Seventeenth
Seventeenths
Seventh
Sevenths
Seventieth
Seventieths
Seventy
Seventies
Sever
Severed
Severing
Severs
Several
Severally
Severance
Severances
Severe
Severer
Severest
Severely
Severeness
Severenesses
Severity
Severities
Sew
Sewed
Sewn
Sewing
Sews
Sewage
Sewages
Sewer
Sewers
Sewered
Sewering
Sewerage
Sewerages
Sewings
Sex
Sexes
Sexed
Sexing
Sexagenarian
Sexagenarians
Sexily
Sexiness
Sexinesses
Sexism
Sexisms
Sexist
Sexists
Sexless
Sexologist
Sexologists
Sexology
Sexologies
Sexpot
Sexpots
Sextant
Sextants
Sextet
Sextets
Sextette
Sextettes
Sexton
Sextons
Sextuplet
Sextuplets
Sexual
Sexuality
Sexualities
Sexually
Sexy
Sexier
Sexiest
Shabbily
Shabbiness
Shabbinesses
Shabby
Shabbier
Shabbiest
Shack
Shacks
Shacked
Shacking
Shackle
Shackles
Shackled
Shackling
Shad
Shads
Shade
Shades
Shaded
Shading
Shadily
Shadiness
Shadinesses
Shadings
Shadow
Shadows
Shadowed
Shadowing
Shadowbox
Shadowboxed
Shadowboxing
Shadowboxes
Shadowy
Shadowier
Shadowiest
Shady
Shadier
Shadiest
Shaft
Shafts
Shafted
Shafting
Shag
Shags
Shagged
Shagging
Shagginess
Shagginesses
Shaggy
Shaggier
Shaggiest
Shah
Shahs
Shake
Shakes
Shook
Shaken
Shaking
Shakedown
Shakedowns
Shakeout
Shakeouts
Shaker
Shakers
Shakeup
Shakeups
Shakily
Shakiness
Shakinesses
Shaky
Shakier
Shakiest
Shale
Shales
Shall
Should
@shalt
Shallot
Shallots
Shallow
Shallower
Shallowest
Shallows
Shallowed
Shallowing
Shallowly
Shallowness
Shallownesses
Shalom
Sham
Shams
Shammed
Shamming
Shaman
Shamans
Shamanic
Shamble
Shambles
Shambled
Shambling
Shame
Shames
Shamed
Shaming
Shamefaced
Shamefacedly
Shameful
Shamefully
Shamefulness
Shamefulnesses
Shameless
Shamelessly
Shamelessness
Shamelessnesses
Shammy
Shammies
Shammied
Shammying
Shampoo
Shampoos
Shampooed
Shampooing
Shampooer
Shampooers
Shamrock
Shamrocks
Shanghai
Shanghaied
Shanghaiing
Shanghais
Shank
Shanks
Shanked
Shanking
Shantung
Shantungs
Shanty
Shanties
Shantied
Shantying
Shantytown
Shantytowns
Shape
Shapes
Shaped
Shaping
Shapeless
Shapelessly
Shapelessness
Shapelessnesses
Shapeliness
Shapelinesses
Shapely
Shapelier
Shapeliest
Shard
Shards
Share
Shares
Shared
Sharing
Sharecrop
Sharecropped
Sharecropping
Sharecrops
Sharecropper
Sharecroppers
Shareholder
Shareholders
Sharer
Sharers
Shareware
Sharewares
Sharia
Sharias
Shark
Sharks
Sharkskin
Sharkskins
Sharp
Sharper
Sharpest
Sharps
Sharped
Sharping
Sharpen
Sharpened
Sharpening
Sharpens
Sharpener
Sharpeners
Sharpers
Sharpie
Sharpies
Sharply
Sharpness
Sharpnesses
Sharpshooter
Sharpshooters
Sharpshooting
Sharpshootings
Sharpy
Shatter
Shatters
Shattered
Shattering
Shatterproof
Shave
Shaves
Shaved
Shaven
Shaving
Shaver
Shavers
Shavings
Shawl
Shawls
Shay
Shays
She
Shes
Sheaf
Sheaves
Sheafs
Sheafed
Sheafing
Shear
Shears
Sheared
Shorn
Shearing
Shearer
Shearers
Sheath
Sheaths
Sheathed
Sheathing
Sheathe
Sheathes
Sheathings
Sheave
Sheaved
Sheaving
Shebang
Shebangs
Shed
Sheds
Shedding
Sheen
Sheens
Sheened
Sheening
Sheeny
Sheenier
Sheeniest
Sheenies
Sheep
Sheepdog
Sheepdogs
Sheepfold
Sheepfolds
Sheepherder
Sheepherders
Sheepish
Sheepishly
Sheepishness
Sheepishnesses
Sheepskin
Sheepskins
Sheer
Sheerer
Sheerest
Sheers
Sheered
Sheering
Sheerness
Sheernesses
Sheet
Sheets
Sheeted
Sheeting
Sheetings
Sheetlike
Sheik
Sheiks
Sheikdom
Sheikdoms
Sheikh
Sheikhs
Sheikhdom
Sheikhdoms
Shekel
Shekels
Shelf
Shelves
Shelfed
Shelfing
Shelfs
Shell
Shells
Shelled
Shelling
Shellac
Shellacs
Shellacked
Shellacking
Shellack
Shellacks
Shellackings
Shellfire
Shellfires
Shellfish
Shellfishes
Shelter
Shelters
Sheltered
Sheltering
Shelve
Shelved
Shelving
Shelvings
Shenanigan
Shenanigans
Shepherd
Shepherds
Shepherded
Shepherding
Shepherdess
Shepherdesses
Sherbert
Sherberts
Sherbet
Sherbets
Sherd
Sherds
Sheriff
Sheriffs
Sherry
Sherries
Shew
Shewed
Shewn
Shewing
Shews
Shh
Shiatsu
Shiatsus
Shibboleth
Shibboleths
Shield
Shields
Shielded
Shielding
Shier
Shiers
Shift
Shifts
Shifted
Shifting
Shiftily
Shiftiness
Shiftinesses
Shiftless
Shiftlessly
Shiftlessness
Shiftlessnesses
Shifty
Shiftier
Shiftiest
Shill
Shills
Shilled
Shilling
Shillalah
Shillalahs
Shillelagh
Shillelaghs
Shillings
Shim
Shims
Shimmed
Shimming
Shimmer
Shimmers
Shimmered
Shimmering
Shimmery
Shimmy
Shimmies
Shimmied
Shimmying
Shin
Shins
Shinned
Shinning
Shinbone
Shinbones
Shindig
Shindigs
Shine
Shines
Shone
Shined
Shining
Shiner
Shiners
Shingle
Shingles
Shingled
Shingling
Shinguard
Shinguards
Shininess
Shininesses
Shinny
Shinnies
Shinnied
Shinnying
Shinsplints
Shiny
Shinier
Shiniest
Ship
Ships
Shipped
Shipping
Shipboard
Shipboards
Shipbuilder
Shipbuilders
Shipbuilding
Shipbuildings
Shipload
Shiploads
Shipmate
Shipmates
Shipment
Shipments
Shipowner
Shipowners
Shipper
Shippers
Shippings
Shipshape
Shipwreck
Shipwrecks
Shipwrecked
Shipwrecking
Shipwright
Shipwrights
Shipyard
Shipyards
Shire
Shires
Shirk
Shirks
Shirked
Shirking
Shirker
Shirkers
Shirr
Shirrs
Shirred
Shirring
Shirrings
Shirt
Shirts
Shirtfront
Shirtfronts
Shirting
Shirtings
Shirtless
Shirtsleeve
Shirtsleeves
Shirttail
Shirttails
Shirtwaist
Shirtwaists
Shit
Shits
Shat
Shitting
Shitty
Shittier
Shittiest
Shiv
Shivs
Shiver
Shivers
Shivered
Shivering
Shivery
Shlemiel
Shlemiels
Shlep
Shleps
Shlepped
Shlepping
Shlepp
Shlepps
Shlock
Shlocks
Shmaltz
Shmaltzes
Shoal
Shoaler
Shoalest
Shoals
Shoaled
Shoaling
Shoat
Shoats
Shock
Shocks
Shocked
Shocking
Shocker
Shockers
Shockingly
Shockproof
Shoddily
Shoddiness
Shoddinesses
Shoddy
Shoddier
Shoddiest
Shoddies
Shoe
Shoes
Shoon
Shod
Shoed
Shodden
Shoeing
Shoehorn
Shoehorns
Shoehorned
Shoehorning
Shoelace
Shoelaces
Shoemaker
Shoemakers
Shoeshine
Shoeshines
Shoestring
Shoestrings
Shoetree
Shoetrees
Shogun
Shoguns
Shogunate
Shogunates
Shoo
Shooed
Shooing
Shoos
Shooks
Shoot
Shoots
Shot
Shooting
Shooter
Shooters
Shootings
Shootout
Shootouts
Shop
Shops
Shopped
Shopping
Shopkeeper
Shopkeepers
Shoplift
Shoplifted
Shoplifting
Shoplifts
Shoplifter
Shoplifters
Shopliftings
Shoppe
Shoppes
Shopper
Shoppers
Shoppings
Shoptalk
Shoptalks
Shopworn
Shore
Shores
Shored
Shoring
Shorebird
Shorebirds
Shoreline
Shorelines
Shorings
Short
Shorter
Shortest
Shorts
Shorted
Shorting
Shortage
Shortages
Shortbread
Shortbreads
Shortcake
Shortcakes
Shortchange
Shortchanged
Shortchanging
Shortchanges
Shortcoming
Shortcomings
Shortcut
Shortcuts
Shorten
Shortened
Shortening
Shortens
Shortenings
Shortfall
Shortfalls
Shorthand
Shorthands
Shorthanded
Shorthorn
Shorthorns
Shortie
Shorties
Shortly
Shortness
Shortnesses
Shortsighted
Shortsightedly
Shortsightedness
Shortsightednesses
Shortstop
Shortstops
Shortwave
Shortwaves
Shortwaved
Shortwaving
Shorty
Shots
Shotted
Shotting
Shotgun
Shotguns
Shotgunned
Shotgunning
Shoulder
Shoulders
Shouldered
Shouldering
Shout
Shouts
Shouted
Shouting
Shouter
Shouters
Shove
Shoves
Shoved
Shoving
Shovel
Shovels
Shoveled
Shovelled
Shoveling
Shovelling
Shovelful
Shovelfuls
Shovelsful
Show
Shows
Showed
Shown
Showing
Showbiz
Showbizzes
Showboat
Showboats
Showboated
Showboating
Showcase
Showcases
Showcased
Showcasing
Showdown
Showdowns
Shower
Showers
Showered
Showering
Showery
Showerier
Showeriest
Showgirl
Showgirls
Showily
Showiness
Showinesses
Showings
Showman
Showmen
Showmanship
Showmanships
Showoff
Showoffs
Showpiece
Showpieces
Showplace
Showplaces
Showroom
Showrooms
Showstopper
Showstoppers
Showy
Showier
Showiest
Shrapnel
Shrapnels
Shred
Shreds
Shredded
Shredding
Shredder
Shredders
Shrew
Shrews
Shrewd
Shrewder
Shrewdest
Shrewdly
Shrewdness
Shrewdnesses
Shrewish
Shriek
Shrieks
Shrieked
Shrieking
Shrift
Shrifts
Shrike
Shrikes
Shrill
Shriller
Shrillest
Shrilled
Shrilling
Shrills
Shrillness
Shrillnesses
Shrilly
Shrillier
Shrilliest
Shrimp
Shrimps
Shrimped
Shrimping
Shrine
Shrines
Shrined
Shrining
Shrink
Shrinks
Shrank
Shrunk
Shrunken
Shrinking
Shrinkable
Shrinkage
Shrinkages
Shrive
Shrived
Shrove
Shriven
Shriving
Shrives
Shrivel
Shriveled
Shrivelled
Shriveling
Shrivelling
Shrivels
Shroud
Shrouds
Shrouded
Shrouding
Shrub
Shrubs
Shrubbery
Shrubberies
Shrubby
Shrubbier
Shrubbiest
Shrug
Shrugs
Shrugged
Shrugging
Shtick
Shticks
Shuck
Shucks
Shucked
Shucking
Shudder
Shudders
Shuddered
Shuddering
Shuffle
Shuffles
Shuffled
Shuffling
Shuffleboard
Shuffleboards
Shuffler
Shufflers
Shun
Shunned
Shunning
Shuns
Shunt
Shunts
Shunted
Shunting
Shush
Shushed
Shushing
Shushes
Shut
Shuts
Shutting
Shutdown
Shutdowns
Shuteye
Shuteyes
Shutoff
Shutoffs
Shutout
Shutouts
Shutter
Shutters
Shuttered
Shuttering
Shutterbug
Shutterbugs
Shuttle
Shuttles
Shuttled
Shuttling
Shuttlecock
Shuttlecocks
Shuttlecocked
Shuttlecocking
Shy
Shyer
Shyest
Shiest
Shies
Shied
Shying
Shyly
Shyness
Shynesses
Shyster
Shysters
Sibilant
Sibilants
Sibling
Siblings
Sibyl
Sibyls
Sibylline
Sic
Sicked
Sicced
Sicking
Siccing
Sics
Sick
Sicker
Sickest
Sicks
Sickbed
Sickbeds
Sicken
Sickened
Sickening
Sickens
Sickeningly
Sickie
Sickies
Sickish
Sickle
Sickles
Sickly
Sicklier
Sickliest
Sicklied
Sicklying
Sicklies
Sickness
Sicknesses
Sicko
Sickos
Sickout
Sickouts
Sickroom
Sickrooms
Side
Sides
Sided
Siding
Sidearm
Sidearms
Sidebar
Sidebars
Sideboard
Sideboards
Sideburns
Sidecar
Sidecars
Sidekick
Sidekicks
Sidelight
Sidelights
Sideline
Sidelines
Sidelined
Sidelining
Sidelong
Sideman
Sidemen
Sidepiece
Sidepieces
Sidereal
Sidesaddle
Sidesaddles
Sideshow
Sideshows
Sidesplitting
Sidestep
Sidesteps
Sidestepped
Sidestepping
Sidestroke
Sidestrokes
Sidestroked
Sidestroking
Sideswipe
Sideswipes
Sideswiped
Sideswiping
Sidetrack
Sidetracks
Sidetracked
Sidetracking
Sidewalk
Sidewalks
Sidewall
Sidewalls
Sideways
Sidewinder
Sidewinders
Sidewise
Sidings
Sidle
Sidles
Sidled
Sidling
Siege
Sieges
Sieged
Sieging
Sienna
Siennas
Sierra
Sierras
Siesta
Siestas
Sieve
Sieves
Sieved
Sieving
Sift
Sifted
Sifting
Sifts
Sifter
Sifters
Sigh
Sighs
Sighed
Sighing
Sight
Sights
Sighted
Sighting
Sightings
Sightless
Sightly
Sightlier
Sightliest
Sightread
Sightreading
Sightreads
Sightseeing
Sightseeings
Sightseer
Sightseers
Sigma
Sigmas
Sign
Signs
Signed
Signing
Signage
Signages
Signal
Signals
Signaled
Signalled
Signaling
Signalling
Signaler
Signalers
Signalization
Signalizations
Signalize
Signalized
Signalizing
Signalizes
Signally
Signalman
Signalmen
Signatory
Signatories
Signature
Signatures
Signboard
Signboards
Signer
Signers
Signet
Signets
Signeted
Signeting
Significance
Significances
Significant
Significants
Significantly
Signification
Significations
Signify
Signified
Signifying
Signifies
Signings
Signor
Signors
Signori
Signora
Signoras
Signore
Signorina
Signorinas
Signorine
Signpost
Signposts
Signposted
Signposting
Silage
Silages
Silence
Silences
Silenced
Silencing
Silencer
Silencers
Silent
Silenter
Silentest
Silents
Silently
Silhouette
Silhouettes
Silhouetted
Silhouetting
Silica
Silicas
Silicate
Silicates
Siliceous
Silicious
Silicon
Silicons
Silicone
Silicones
Silicosis
Silicoses
Silk
Silks
Silked
Silking
Silken
Silkily
Silkiness
Silkinesses
Silkscreen
Silkscreens
Silkscreened
Silkscreening
Silkworm
Silkworms
Silky
Silkier
Silkiest
Sill
Sills
Silliness
Sillinesses
Silly
Sillier
Silliest
Sillies
Silo
Silos
Siloed
Siloing
Silt
Silts
Silted
Silting
Silty
Siltier
Siltiest
Silvan
Silvans
Silver
Silvers
Silvered
Silvering
Silverfish
Silverfishes
Silversmith
Silversmiths
Silverware
Silverwares
Silvery
Silverier
Silveriest
Simian
Simians
Similar
Similarity
Similarities
Similarly
Simile
Similes
Similitude
Similitudes
Simmer
Simmers
Simmered
Simmering
Simonize
Simonized
Simonizing
Simonizes
Simony
Simonies
Simpatico
Simper
Simpers
Simpered
Simpering
Simple
Simpler
Simplest
Simples
Simpleminded
Simpleness
Simplenesses
Simpleton
Simpletons
Simplicity
Simplicities
Simplification
Simplifications
Simplify
Simplified
Simplifying
Simplifies
Simplistic
Simplistically
Simply
Simulate
Simulated
Simulating
Simulates
Simulation
Simulations
Simulator
Simulators
Simulcast
Simulcasts
Simulcasted
Simulcasting
Simultaneity
Simultaneities
Simultaneous
Simultaneously
Sin
Sins
Sinned
Sinning
Since
Sincere
Sincerer
Sincerest
Sincerely
Sincerity
Sincerities
Sine
Sines
Sinecure
Sinecures
Sinew
Sinews
Sinewed
Sinewing
Sinewy
Sinewier
Sinewiest
Sinful
Sinfully
Sinfulness
Sinfulnesses
Sing
Sings
Sang
Sung
Singing
Singable
Singe
Singes
Singed
Singeing
Singer
Singers
Singings
Single
Singles
Singled
Singling
Singleness
Singlenesses
Singleton
Singletons
Singletree
Singletrees
Singly
Singsong
Singsongs
Singular
Singulars
Singularity
Singularities
Singularly
Sinister
Sink
Sinks
Sank
Sunk
Sunken
Sinking
Sinkable
Sinker
Sinkers
Sinkhole
Sinkholes
Sinless
Sinner
Sinners
Sinuosity
Sinuosities
Sinuous
Sinus
Sinuses
Sinusitis
Sinusitises
Sip
Sips
Sipped
Sipping
Siphon
Siphons
Siphoned
Siphoning
Sipper
Sippers
Sir
Sirs
Sire
Sires
Sired
Siring
Siree
Sirees
Siren
Sirens
Sirloin
Sirloins
Sirocco
Siroccos
Sirree
Sirrees
Sirup
Sirups
Siruped
Siruping
Sis
Sises
Sisal
Sisals
Sissified
Sissy
Sissier
Sissiest
Sissies
Sister
Sisters
Sisterhood
Sisterhoods
Sisterliness
Sisterlinesses
Sisterly
Sit
Sat
Sitting
Sits
Sitar
Sitars
Sitarist
Sitarists
Sitcom
Sitcoms
Site
Sites
Sited
Siting
Sitter
Sitters
Sittings
Situate
Situated
Situating
Situates
Situation
Situations
Situp
Situps
Six
Sixes
Sixfold
Sixpence
Sixpences
Sixshooter
Sixshooters
Sixteen
Sixteens
Sixteenth
Sixteenths
Sixth
Sixths
Sixtieth
Sixtieths
Sixty
Sixties
Sizable
Size
Sizes
Sized
Sizing
Sizeable
Sizings
Sizzle
Sizzles
Sizzled
Sizzling
Ska
Skas
Skate
Skates
Skated
Skating
Skateboard
Skateboards
Skateboarded
Skateboarding
Skateboarder
Skateboarders
Skateboardings
Skater
Skaters
Skatings
Skedaddle
Skedaddles
Skedaddled
Skedaddling
Skeet
Skeets
Skein
Skeins
Skeletal
Skeleton
Skeletons
Skeptic
Skeptics
Skeptical
Skeptically
Skepticism
Skepticisms
Sketch
Sketches
Sketched
Sketching
Sketcher
Sketchers
Sketchily
Sketchiness
Sketchinesses
Sketchy
Sketchier
Sketchiest
Skew
Skews
Skewed
Skewing
Skewer
Skewers
Skewered
Skewering
Ski
Skis
Skied
Skiing
Skid
Skids
Skidded
Skidding
Skier
Skiers
Skiff
Skiffs
Skiings
Skilful
Skill
Skills
Skilled
Skilling
Skillet
Skillets
Skillful
Skillfully
Skillfulness
Skillfulnesses
Skim
Skims
Skimmed
Skimming
Skimmer
Skimmers
Skimp
Skimped
Skimping
Skimps
Skimpily
Skimpiness
Skimpinesses
Skimpy
Skimpier
Skimpiest
Skin
Skins
Skinned
Skinning
Skincare
Skincares
Skinflick
Skinflicks
Skinflint
Skinflints
Skinhead
Skinheads
Skinless
Skinniness
Skinninesses
Skinny
Skinnier
Skinniest
Skinnies
Skintight
Skip
Skips
Skipped
Skipping
Skipper
Skippers
Skippered
Skippering
Skirmish
Skirmishes
Skirmished
Skirmishing
Skirt
Skirts
Skirted
Skirting
Skit
Skits
Skitter
Skittered
Skittering
Skitters
Skittish
Skittishly
Skittishness
Skittishnesses
Skivvy
Skivvies
Skivvied
Skivvying
Skoal
Skoals
Skoaled
Skoaling
Skulduggery
Skulduggeries
Skulk
Skulks
Skulked
Skulking
Skulker
Skulkers
Skull
Skulls
Skullcap
Skullcaps
Skullduggery
Skullduggeries
Skunk
Skunks
Skunked
Skunking
Sky
Skies
Skyed
Skying
Skycap
Skycaps
Skydive
Skydived
Skydove
Skydiving
Skydives
Skydiver
Skydivers
Skydivings
Skyjack
Skyjacked
Skyjacking
Skyjacks
Skyjacker
Skyjackers
Skyjackings
Skylark
Skylarks
Skylarked
Skylarking
Skylight
Skylights
Skyline
Skylines
Skylined
Skylining
Skyrocket
Skyrockets
Skyrocketed
Skyrocketing
Skyscraper
Skyscrapers
Skyward
Skywards
Skywriter
Skywriters
Skywriting
Skywritings
Slab
Slabs
Slabbed
Slabbing
Slack
Slacker
Slackest
Slacks
Slacked
Slacking
Slacken
Slackened
Slackening
Slackens
Slackers
Slackly
Slackness
Slacknesses
Slag
Slags
Slagged
Slagging
Slake
Slaked
Slaking
Slakes
Slalom
Slaloms
Slalomed
Slaloming
Slam
Slams
Slammed
Slamming
Slammer
Slammers
Slander
Slanders
Slandered
Slandering
Slanderer
Slanderers
Slanderous
Slang
Slangs
Slanged
Slanging
Slangy
Slangier
Slangiest
Slant
Slants
Slanted
Slanting
Slantingly
Slantwise
Slap
Slaps
Slapped
Slapping
Slapdash
Slaphappy
Slaphappier
Slaphappiest
Slapstick
Slapsticks
Slash
Slashes
Slashed
Slashing
Slasher
Slashers
Slat
Slats
Slatted
Slatting
Slate
Slates
Slated
Slating
Slather
Slathered
Slathering
Slathers
Slattern
Slatterns
Slatternly
Slaughter
Slaughters
Slaughtered
Slaughtering
Slaughterer
Slaughterers
Slaughterhouse
Slaughterhouses
Slave
Slaves
Slaved
Slaving
Slaveholder
Slaveholders
Slaver
Slavers
Slavered
Slavering
Slavery
Slaveries
Slavish
Slavishly
Slavishness
Slavishnesses
Slaw
Slaws
Slay
Slew
Slain
Slaying
Slays
Slayer
Slayers
Slayings
Sleaze
Sleazes
Sleazily
Sleaziness
Sleazinesses
Sleazy
Sleazier
Sleaziest
Sled
Sleds
Sledded
Sledding
Sledder
Sledders
Sledge
Sledges
Sledged
Sledging
Sledgehammer
Sledgehammers
Sledgehammered
Sledgehammering
Sleek
Sleeker
Sleekest
Sleeked
Sleeking
Sleeks
Sleekly
Sleekness
Sleeknesses
Sleep
Sleeps
Slept
Sleeping
Sleeper
Sleepers
Sleepily
Sleepiness
Sleepinesses
Sleepless
Sleeplessly
Sleeplessness
Sleeplessnesses
Sleepover
Sleepovers
Sleepwalk
Sleepwalked
Sleepwalking
Sleepwalks
Sleepwalker
Sleepwalkers
Sleepwalkings
Sleepwear
Sleepwears
Sleepy
Sleepier
Sleepiest
Sleepyhead
Sleepyheads
Sleet
Sleets
Sleeted
Sleeting
Sleety
Sleetier
Sleetiest
Sleeve
Sleeves
Sleeved
Sleeving
Sleeveless
Sleigh
Sleighs
Sleighed
Sleighing
Sleight
Sleights
Slender
Slenderer
Slenderest
Slenderize
Slenderized
Slenderizing
Slenderizes
Slenderness
Slendernesses
Sleuth
Sleuths
Sleuthed
Sleuthing
Slews
Slewed
Slewing
Slice
Slices
Sliced
Slicing
Slicer
Slicers
Slick
Slicker
Slickest
Slicks
Slicked
Slicking
Slickers
Slickly
Slickness
Slicknesses
Slide
Slides
Slid
Sliding
Slider
Sliders
Slight
Slighter
Slightest
Slights
Slighted
Slighting
Slightly
Slightness
Slightnesses
Slily
Slim
Slimmer
Slimmest
Slimmed
Slimming
Slims
Slime
Slimes
Slimed
Sliming
Sliminess
Sliminesses
Slimmings
Slimness
Slimnesses
Slimy
Slimier
Slimiest
Sling
Slings
Slung
Slinging
Slingshot
Slingshots
Slink
Slinks
Slunk
Slinked
Slinking
Slinky
Slinkier
Slinkiest
Slip
Slips
Slipped
Slipping
Slipcase
Slipcases
Slipcover
Slipcovers
Slipcovered
Slipcovering
Slipknot
Slipknots
Slippage
Slippages
Slipper
Slippers
Slippered
Slippering
Slipperiness
Slipperinesses
Slippery
Slipperier
Slipperiest
Slipshod
Slipstream
Slipstreams
Slipstreamed
Slipstreaming
Slipway
Slipways
Slit
Slits
Slitted
Slitting
Slither
Slithers
Slithered
Slithering
Slithery
Slitherier
Slitheriest
Sliver
Slivers
Slivered
Slivering
Slob
Slobs
Slobber
Slobbers
Slobbered
Slobbering
Slobbery
Slobberier
Slobberiest
Sloe
Sloes
Slog
Slogs
Slogged
Slogging
Slogan
Slogans
Sloop
Sloops
Slop
Slops
Slopped
Slopping
Slope
Slopes
Sloped
Sloping
Sloppily
Sloppiness
Sloppinesses
Sloppy
Sloppier
Sloppiest
Slosh
Sloshes
Sloshed
Sloshing
Slot
Slots
Slotted
Slotting
Sloth
Sloths
Slothful
Slothfully
Slothfulness
Slothfulnesses
Slouch
Slouches
Slouched
Slouching
Sloucher
Slouchers
Slouchy
Slouchier
Slouchiest
Slough
Sloughs
Sloughed
Sloughing
Sloven
Slovens
Slovenliness
Slovenlinesses
Slovenly
Slovenlier
Slovenliest
Slow
Slower
Slowest
Slowed
Slowing
Slows
Slowdown
Slowdowns
Slowly
Slowness
Slownesses
Slowpoke
Slowpokes
Sludge
Sludges
Sludgy
Sludgier
Sludgiest
Slue
Slues
Slued
Sluing
Slug
Slugs
Slugged
Slugging
Sluggard
Sluggards
Slugger
Sluggers
Sluggish
Sluggishly
Sluggishness
Sluggishnesses
Sluice
Sluices
Sluiced
Sluicing
Slum
Slums
Slummed
Slumming
Slumber
Slumbers
Slumbered
Slumbering
Slumberous
Slumbrous
Slumlord
Slumlords
Slummy
Slummier
Slummiest
Slump
Slumps
Slumped
Slumping
Slur
Slurs
Slurred
Slurring
Slurp
Slurps
Slurped
Slurping
Slurry
Slurries
Slurried
Slurrying
Slush
Slushes
Slushed
Slushing
Slushiness
Slushinesses
Slushy
Slushier
Slushiest
Slut
Sluts
Sluttish
Slutty
Sluttier
Sluttiest
Sly
Slier
Slyer
Sliest
Slyest
Slyly
Slyness
Slynesses
Smack
Smacks
Smacked
Smacking
Smacker
Smackers
Small
Smaller
Smallest
Smalls
Smallish
Smallness
Smallnesses
Smallpox
Smallpoxes
Smarmy
Smarmier
Smarmiest
Smart
Smarter
Smartest
Smarts
Smarted
Smarting
Smarten
Smartened
Smartening
Smartens
Smartly
Smartness
Smartnesses
Smarty
Smarties
Smartypants
Smash
Smashes
Smashed
Smashing
Smasher
Smashers
Smashup
Smashups
Smattering
Smatterings
Smear
Smears
Smeared
Smearing
Smeary
Smearier
Smeariest
Smell
Smells
Smelled
Smelt
Smelling
Smelliness
Smellinesses
Smelly
Smellier
Smelliest
Smelts
Smelted
Smelting
Smelter
Smelters
Smidgen
Smidgens
Smidgeon
Smidgeons
Smidgin
Smidgins
Smilax
Smilaxes
Smile
Smiles
Smiled
Smiling
Smiley
Smileys
Smilingly
Smirch
Smirches
Smirched
Smirching
Smirk
Smirks
Smirked
Smirking
Smite
Smote
Smitten
Smit
Smiting
Smites
Smith
Smiths
Smithed
Smithing
Smithereens
Smithy
Smithies
Smock
Smocks
Smocked
Smocking
Smockings
Smog
Smogs
Smoggy
Smoggier
Smoggiest
Smoke
Smokes
Smoked
Smoking
Smokehouse
Smokehouses
Smokeless
Smoker
Smokers
Smokescreen
Smokescreens
Smokestack
Smokestacks
Smokiness
Smokinesses
Smokings
Smoky
Smokier
Smokiest
Smolder
Smolders
Smoldered
Smoldering
Smooch
Smooches
Smooched
Smooching
Smooth
Smoother
Smoothest
Smooths
Smoothed
Smoothing
Smoothes
Smoothie
Smoothies
Smoothly
Smoothness
Smoothnesses
Smorgasbord
Smorgasbords
Smother
Smothers
Smothered
Smothering
Smoulder
Smoulders
Smouldered
Smouldering
Smudge
Smudges
Smudged
Smudging
Smudgy
Smudgier
Smudgiest
Smug
Smugger
Smuggest
Smuggle
Smuggled
Smuggling
Smuggles
Smuggler
Smugglers
Smugglings
Smugly
Smugness
Smugnesses
Smut
Smuts
Smutted
Smutting
Smuttiness
Smuttinesses
Smutty
Smuttier
Smuttiest
Snack
Snacks
Snacked
Snacking
Snaffle
Snaffles
Snaffled
Snaffling
Snafu
Snafus
Snafued
Snafuing
Snag
Snags
Snagged
Snagging
Snail
Snails
Snake
Snakes
Snaked
Snaking
Snakebite
Snakebites
Snakelike
Snaky
Snakier
Snakiest
Snap
Snaps
Snapped
Snapping
Snapdragon
Snapdragons
Snapper
Snappers
Snappily
Snappiness
Snappinesses
Snappish
Snappishly
Snappishness
Snappishnesses
Snappy
Snappier
Snappiest
Snapshot
Snapshots
Snapshotted
Snapshotting
Snare
Snares
Snared
Snaring
Snarl
Snarls
Snarled
Snarling
Snarlingly
Snarly
Snarlier
Snarliest
Snatch
Snatches
Snatched
Snatching
Snatcher
Snatchers
Snazzily
Snazzy
Snazzier
Snazziest
Sneak
Sneaks
Sneaked
Snuck
Sneaking
Sneaker
Sneakers
Sneakily
Sneakiness
Sneakinesses
Sneakingly
Sneaky
Sneakier
Sneakiest
Sneer
Sneers
Sneered
Sneering
Sneeringly
Sneeze
Sneezes
Sneezed
Sneezing
Snicker
Snickers
Snickered
Snickering
Snide
Snider
Snidest
Snidely
Sniff
Sniffs
Sniffed
Sniffing
Sniffer
Sniffers
Sniffle
Sniffles
Sniffled
Sniffling
Snifter
Snifters
Snigger
Sniggers
Sniggered
Sniggering
Snip
Snips
Snipped
Snipping
Snipe
Snipes
Sniped
Sniping
Sniper
Snipers
Snippet
Snippets
Snippy
Snippier
Snippiest
Snit
Snits
Snitch
Snitches
Snitched
Snitching
Snivel
Snivels
Sniveled
Snivelled
Sniveling
Snivelling
Sniveler
Snivelers
Snob
Snobs
Snobbery
Snobberies
Snobbish
Snobbishly
Snobbishness
Snobbishnesses
Snobby
Snobbier
Snobbiest
Snood
Snoods
Snooded
Snooding
Snooker
Snookers
Snookered
Snookering
Snoop
Snoops
Snooped
Snooping
Snooper
Snoopers
Snoopy
Snoopier
Snoopiest
Snoot
Snoots
Snooted
Snooting
Snootily
Snootiness
Snootinesses
Snooty
Snootier
Snootiest
Snooze
Snoozes
Snoozed
Snoozing
Snore
Snores
Snored
Snoring
Snorer
Snorers
Snorkel
Snorkels
Snorkeled
Snorkelled
Snorkeling
Snorkelling
Snorkeler
Snorkelers
Snorkelings
Snort
Snorts
Snorted
Snorting
Snorter
Snorters
Snot
Snots
Snottily
Snottiness
Snottinesses
Snotty
Snottier
Snottiest
Snout
Snouts
Snow
Snows
Snowed
Snowing
Snowball
Snowballs
Snowballed
Snowballing
Snowbank
Snowbanks
Snowbird
Snowbirds
Snowboard
Snowboards
Snowboarded
Snowboarding
Snowboarder
Snowboarders
Snowboardings
Snowbound
Snowdrift
Snowdrifts
Snowdrop
Snowdrops
Snowfall
Snowfalls
Snowfield
Snowfields
Snowflake
Snowflakes
Snowiness
Snowinesses
Snowman
Snowmen
Snowmobile
Snowmobiles
Snowmobiled
Snowmobiling
Snowplow
Snowplows
Snowplowed
Snowplowing
Snowshoe
Snowshoes
Snowshoed
Snowshoeing
Snowstorm
Snowstorms
Snowsuit
Snowsuits
Snowy
Snowier
Snowiest
Snub
Snubs
Snubbed
Snubbing
Snuff
Snuffs
Snuffed
Snuffing
Snuffbox
Snuffboxes
Snuffer
Snuffers
Snuffle
Snuffles
Snuffled
Snuffling
Snuffly
Snufflier
Snuffliest
Snug
Snugger
Snuggest
Snugs
Snugged
Snugging
Snuggle
Snuggles
Snuggled
Snuggling
Snugly
Snugness
Snugnesses
Sos
Soak
Soaks
Soaked
Soaking
Soakings
Soap
Soaps
Soaped
Soaping
Soapbox
Soapboxes
Soapiness
Soapinesses
Soapstone
Soapstones
Soapsuds
Soapy
Soapier
Soapiest
Soar
Soars
Soared
Soaring
Soarings
Sob
Sobs
Sobbed
Sobbing
Sobbingly
Sober
Soberer
Soberest
Sobered
Sobering
Sobers
Soberly
Soberness
Sobernesses
Sobriety
Sobrieties
Sobriquet
Sobriquets
Soccer
Soccers
Sociability
Sociabilities
Sociable
Sociables
Sociably
Social
Socials
Socialism
Socialisms
Socialist
Socialists
Socialistic
Socialite
Socialites
Socialization
Socializations
Socialize
Socialized
Socializing
Socializes
Socially
Societal
Society
Societies
Socioeconomic
Sociological
Sociologically
Sociologist
Sociologists
Sociology
Sociologies
Sociopath
Sociopaths
Sock
Socks
Sox
Socked
Socking
Socket
Sockets
Socketed
Socketing
Sockeye
Sockeyes
Sod
Sods
Sodded
Sodding
Soda
Sodas
Sodden
Soddened
Soddening
Soddens
Soddenly
Sodium
Sodiums
Sodomite
Sodomites
Sodomize
Sodomized
Sodomizing
Sodomizes
Sodomy
Sodomies
Soever
Sofa
Sofas
Sofabed
Sofabeds
Soft
Softer
Softest
Softs
Softball
Softballs
Softbound
Softbounds
Soften
Softened
Softening
Softens
Softener
Softeners
Softhearted
Softie
Softies
Softly
Softness
Softnesses
Software
Softwares
Softwood
Softwoods
Softy
Soggily
Sogginess
Sogginesses
Soggy
Soggier
Soggiest
Soigne
Soignee
Soil
Soils
Soiled
Soiling
Soiree
Soirees
Sojourn
Sojourns
Sojourned
Sojourning
Sojourner
Sojourners
Sol
Sols
Solace
Solaces
Solaced
Solacing
Solar
Solars
Solarium
Solaria
Solariums
Solder
Solders
Soldered
Soldering
Solderer
Solderers
Soldier
Soldiers
Soldiered
Soldiering
Soldierly
Soldiery
Soldieries
Sole
Soles
Soled
Soling
Solecism
Solecisms
Solely
Solemn
Solemner
Solemnest
Solemness
Solemnesses
Solemnify
Solemnified
Solemnifying
Solemnifies
Solemnity
Solemnities
Solemnization
Solemnizations
Solemnize
Solemnized
Solemnizing
Solemnizes
Solemnly
Solemnness
Solemnnesses
Solenoid
Solenoids
Solicit
Solicited
Soliciting
Solicits
Solicitation
Solicitations
Solicitor
Solicitors
Solicitous
Solicitously
Solicitousness
Solicitousnesses
Solicitude
Solicitudes
Solid
Solider
Solidest
Solids
Solidarity
Solidarities
Solidification
Solidifications
Solidify
Solidified
Solidifying
Solidifies
Solidity
Solidities
Solidly
Solidness
Solidnesses
Solidus
Solidi
Soliloquize
Soliloquized
Soliloquizing
Soliloquizes
Soliloquy
Soliloquies
Solipsism
Solipsisms
Solitaire
Solitaires
Solitariness
Solitarinesses
Solitary
Solitaries
Solitude
Solitudes
Solo
Solos
Soli
Soloed
Soloing
Soloist
Soloists
Solstice
Solstices
Solubility
Solubilities
Soluble
Solubles
Solute
Solutes
Solution
Solutions
Solvable
Solve
Solved
Solving
Solves
Solvency
Solvencies
Solvent
Solvents
Solver
Solvers
Somatic
Somber
Somberer
Somberest
Somberly
Somberness
Sombernesses
Sombre
Sombrer
Sombrest
Sombrero
Sombreros
Some
Somebody
Somebodies
Someday
Somehow
Someone
Someplace
Somersault
Somersaults
Somersaulted
Somersaulting
Somerset
Somersets
Somersetted
Somerseted
Somersetting
Somerseting
Something
Sometime
Sometimes
Someway
Someways
Somewhat
Somewhere
Somnambulism
Somnambulisms
Somnambulist
Somnambulists
Somnolence
Somnolences
Somnolent
Son
Sons
Sonar
Sonars
Sonata
Sonatas
Sonatina
Sonatinas
Song
Songs
Songbird
Songbirds
Songbook
Songbooks
Songfest
Songfests
Songster
Songsters
Songstress
Songstresses
Songwriter
Songwriters
Sonic
Sonnet
Sonnets
Sonneted
Sonnetted
Sonneting
Sonnetting
Sonny
Sonnies
Sonogram
Sonograms
Sonority
Sonorities
Sonorous
Sonorously
Sonorousness
Sonorousnesses
Soon
Sooner
Soonest
Soot
Soots
Sooted
Sooting
Sooth
Soother
Soothest
Sooths
Soothe
Soothed
Soothing
Soothes
Soothers
Soothingly
Soothsayer
Soothsayers
Soothsaying
Soothsayings
Sooty
Sootier
Sootiest
Sop
Sops
Sopped
Sopping
Sophism
Sophisms
Sophist
Sophists
Sophistic
Sophistical
Sophisticate
Sophisticates
Sophisticated
Sophisticating
Sophistication
Sophistications
Sophistry
Sophistries
Sophomore
Sophomores
Sophomoric
Soporific
Soporifics
Soporifically
Soppy
Soppier
Soppiest
Soprano
Sopranos
Sorbet
Sorbets
Sorcerer
Sorcerers
Sorceress
Sorceresses
Sorcery
Sorceries
Sordid
Sordider
Sordidest
Sordidly
Sordidness
Sordidnesses
Sore
Sorer
Sorest
Sores
Sorehead
Soreheads
Sorely
Soreness
Sorenesses
Sorghum
Sorghums
Sorority
Sororities
Sorrel
Sorrels
Sorrily
Sorriness
Sorrinesses
Sorrow
Sorrows
Sorrowed
Sorrowing
Sorrowful
Sorrowfully
Sorrowfulness
Sorrowfulnesses
Sorry
Sorrier
Sorriest
Sorries
Sort
Sorts
Sorted
Sorting
Sorta
Sorter
Sorters
Sortie
Sorties
Sortied
Sortieing
Sot
Sots
Sottish
Sou
Sous
Soubriquet
Soubriquets
Souffle
Souffles
Sough
Soughs
Soughed
Soughing
Soul
Souls
Soulful
Soulfully
Soulfulness
Soulfulnesses
Soulless
Soullessly
Sound
Sounder
Soundest
Sounds
Sounded
Sounding
Soundboard
Soundboards
Sounders
Soundings
Soundless
Soundlessly
Soundly
Soundness
Soundnesses
Soundproof
Soundproofed
Soundproofing
Soundproofs
Soundproofings
Soundtrack
Soundtracks
Soup
Soups
Souped
Souping
Soupcon
Soupcons
Soupy
Soupier
Soupiest
Sour
Sourer
Sourest
Sours
Soured
Souring
Source
Sources
Sourced
Sourcing
Sourdough
Sourdoughs
Sourish
Sourly
Sourness
Sournesses
Sourpuss
Sourpusses
Sousaphone
Sousaphones
Souse
Souses
Soused
Sousing
South
Souths
Southed
Southing
Southbound
Southeast
Southeasts
Southeaster
Southeasters
Southeasterly
Southeastern
Southeastward
Southeastwards
Southerly
Southerlies
Southern
Southerns
Southerner
Southerners
Southernmost
Southpaw
Southpaws
Southward
Southwards
Southwest
Southwests
Southwester
Southwesters
Southwesterly
Southwestern
Southwestward
Southwestwards
Souvenir
Souvenirs
Sovereign
Sovereigns
Sovereignty
Sovereignties
Soviet
Soviets
Sow
Sows
Sowed
Sown
Sowing
Sower
Sowers
Soy
Soys
Soya
Soyas
Soybean
Soybeans
Spa
Spas
Space
Spaces
Spaced
Spacing
Spacecraft
Spacecrafts
Spaceflight
Spaceflights
Spaceman
Spacemen
Spaceport
Spaceports
Spacer
Spacers
Spaceship
Spaceships
Spacesuit
Spacesuits
Spacewalk
Spacewalks
Spacewalked
Spacewalking
Spacewoman
Spacewomen
Spacey
Spacier
Spaciest
Spaciness
Spacinesses
Spacings
Spacious
Spaciously
Spaciousness
Spaciousnesses
Spacy
Spade
Spades
Spaded
Spading
Spadeful
Spadefuls
Spadework
Spadeworks
Spadix
Spadices
Spadixes
Spaghetti
Spaghettis
Span
Spans
Spanned
Spanning
Spandex
Spandexes
Spangle
Spangles
Spangled
Spangling
Spaniel
Spaniels
Spank
Spanks
Spanked
Spanking
Spankings
Spanner
Spanners
Spar
Spars
Sparred
Sparring
Spare
Sparer
Sparest
Spares
Spared
Sparing
Sparely
Spareness
Sparenesses
Spareribs
Sparingly
Spark
Sparks
Sparked
Sparking
Sparkle
Sparkles
Sparkled
Sparkling
Sparkler
Sparklers
Sparky
Sparkier
Sparkiest
Sparrow
Sparrows
Sparse
Sparser
Sparsest
Sparsely
Sparseness
Sparsenesses
Sparsity
Sparsities
Spartan
Spasm
Spasms
Spasmodic
Spasmodically
Spastic
Spastics
Spat
Spats
Spatted
Spatting
Spate
Spates
Spathe
Spathes
Spatial
Spatially
Spatter
Spatters
Spattered
Spattering
Spatula
Spatulas
Spavin
Spavins
Spavined
Spawn
Spawns
Spawned
Spawning
Spay
Spayed
Spaying
Spays
Speak
Spoke
@spake
Spoken
@spoke
Speaking
Speaks
Speakeasy
Speakeasies
Speaker
Speakers
Spear
Spears
Speared
Spearing
Spearfish
Spearfishes
Spearfished
Spearfishing
Spearhead
Spearheads
Spearheaded
Spearheading
Spearmint
Spearmints
Spec
Specs
Spec'd
Specked
Specced
Spec'ing
Specking
Speccing
Special
Specialer
Specialist
Specials
Specialists
Speciality
Specialities
Specialization
Specializations
Specialize
Specialized
Specializing
Specializes
Specially
Specialty
Specialties
Specie
Species
Specific
Specifics
Specifically
Specification
Specifications
Specificity
Specificities
Specify
Specified
Specifying
Specifies
Specimen
Specimens
Specious
Speciously
Speciousness
Speciousnesses
Speck
Specks
Speckle
Speckles
Speckled
Speckling
Spectacle
Spectacles
Spectacular
Spectaculars
Spectacularly
Spectator
Spectators
Specter
Specters
Spectral
Spectre
Spectres
Spectrometer
Spectrometers
Spectroscope
Spectroscopes
Spectroscopic
Spectroscopy
Spectroscopies
Spectrum
Spectra
Spectrums
Speculate
Speculated
Speculating
Speculates
Speculation
Speculations
Speculative
Speculatively
Speculator
Speculators
Speech
Speeches
Speechless
Speechlessly
Speechlessness
Speechlessnesses
Speed
Speeds
Sped
Speeded
Speeding
Speedboat
Speedboats
Speeder
Speeders
Speedily
Speediness
Speedinesses
Speedings
Speedometer
Speedometers
Speedster
Speedsters
Speedup
Speedups
Speedway
Speedways
Speedwell
Speedwells
Speedy
Speedier
Speediest
Speleologist
Speleologists
Speleology
Speleologies
Spell
Spells
Spelled
Spelt
Spelling
Spellbind
Spellbound
Spellbinding
Spellbinds
Spellbinder
Spellbinders
Spelldown
Spelldowns
Speller
Spellers
Spellings
Spelts
Spelunker
Spelunkers
Spelunking
Spelunkings
Spend
Spent
Spending
Spends
Spendable
Spender
Spenders
Spendings
Spendthrift
Spendthrifts
Sperm
Sperms
Spermatozoon
Spermatozoa
Spermicidal
Spermicide
Spermicides
Spew
Spews
Spewed
Spewing
Spewer
Spewers
Sphagnum
Sphagnums
Sphere
Spheres
Sphered
Sphering
Spherical
Spherically
Spheroid
Spheroids
Spheroidal
Sphincter
Sphincters
Sphinx
Sphinxes
Sphinges
Spice
Spices
Spiced
Spicing
Spicily
Spiciness
Spicinesses
Spicule
Spicules
Spicy
Spicier
Spiciest
Spider
Spiders
Spiderweb
Spiderwebs
Spiderwebbed
Spiderwebbing
Spidery
Spiderier
Spideriest
Spiel
Spiels
Spieled
Spieling
Spiffy
Spiffier
Spiffiest
Spigot
Spigots
Spike
Spikes
Spiked
Spiking
Spikiness
Spikinesses
Spiky
Spikier
Spikiest
Spill
Spills
Spilled
Spilt
Spilling
Spillage
Spillages
Spillover
Spillovers
Spillway
Spillways
Spin
Spins
Spun
@span
Spinning
Spinach
Spinaches
Spinal
Spinals
Spinally
Spindle
Spindles
Spindled
Spindling
Spindly
Spindlier
Spindliest
Spine
Spines
Spineless
Spinelessly
Spinet
Spinets
Spinnaker
Spinnakers
Spinner
Spinners
Spinneret
Spinnerets
Spinnings
Spinoff
Spinoffs
Spinster
Spinsters
Spinsterhood
Spinsterhoods
Spinsterish
Spiny
Spinier
Spiniest
Spiracle
Spiracles
Spiraea
Spiraeas
Spiral
Spirals
Spiraled
Spiralled
Spiraling
Spiralling
Spirally
Spire
Spires
Spired
Spiring
Spirea
Spireas
Spirit
Spirits
Spirited
Spiriting
Spiritless
Spiritual
Spirituals
Spiritualism
Spiritualisms
Spiritualist
Spiritualists
Spiritualistic
Spirituality
Spiritualities
Spiritually
Spirituous
Spirochete
Spirochetes
Spiry
Spirier
Spiriest
Spit
Spits
Spitted
Spitting
Spitball
Spitballs
Spite
Spites
Spited
Spiting
Spiteful
Spitefuller
Spitefullest
Spitefully
Spitefulness
Spitefulnesses
Spitfire
Spitfires
Spittle
Spittles
Spittoon
Spittoons
Splash
Splashes
Splashed
Splashing
Splashdown
Splashdowns
Splashily
Splashiness
Splashinesses
Splashy
Splashier
Splashiest
Splat
Splats
Splatted
Splatting
Splatter
Splatters
Splattered
Splattering
Splay
Splays
Splayed
Splaying
Splayfoot
Splayfeet
Splayfooted
Spleen
Spleens
Splendid
Splendider
Splendidest
Splendidly
Splendor
Splendors
Splendorous
Splendour
Splendours
Splenetic
Splenetics
Splice
Splices
Spliced
Splicing
Splicer
Splicers
Splint
Splints
Splinted
Splinting
Splinter
Splinters
Splintered
Splintering
Splintery
Split
Splits
Splitting
Splittings
Splotch
Splotches
Splotched
Splotching
Splotchy
Splotchier
Splotchiest
Splurge
Splurges
Splurged
Splurging
Splutter
Splutters
Spluttered
Spluttering
Spoil
Spoils
Spoiled
Spoilt
Spoiling
Spoilage
Spoilages
Spoiler
Spoilers
Spoilsport
Spoilsports
Spokes
Spoked
Spoking
Spokesman
Spokesmen
Spokesperson
Spokespersons
Spokespeople
Spokeswoman
Spokeswomen
Spoliation
Spoliations
Sponge
Sponges
Sponged
Sponging
Spongecake
Spongecakes
Sponger
Spongers
Sponginess
Sponginesses
Spongy
Spongier
Spongiest
Sponsor
Sponsors
Sponsored
Sponsoring
Sponsorship
Sponsorships
Spontaneity
Spontaneities
Spontaneous
Spontaneously
Spoof
Spoofs
Spoofed
Spoofing
Spook
Spooks
Spooked
Spooking
Spookiness
Spookinesses
Spooky
Spookier
Spookiest
Spool
Spools
Spooled
Spooling
Spoon
Spoons
Spooned
Spooning
Spoonbill
Spoonbills
Spoonerism
Spoonerisms
Spoonful
Spoonfuls
Spoonsful
Spoor
Spoors
Spoored
Spooring
Sporadic
Sporadically
Spore
Spores
Spored
Sporing
Sport
Sports
Sported
Sporting
Sportiness
Sportinesses
Sportingly
Sportive
Sportively
Sportscast
Sportscasts
Sportscaster
Sportscasters
Sportsman
Sportsmen
Sportsmanlike
Sportsmanship
Sportsmanships
Sportswear
Sportswears
Sportswoman
Sportswomen
Sportswriter
Sportswriters
Sporty
Sportier
Sportiest
Spot
Spots
Spotted
Spotting
Spotless
Spotlessly
Spotlessness
Spotlessnesses
Spotlight
Spotlights
Spotlighted
Spotlit
Spotlighting
Spotter
Spotters
Spottily
Spottiness
Spottinesses
Spotty
Spottier
Spottiest
Spousal
Spousals
Spouse
Spouses
Spoused
Spousing
Spout
Spouts
Spouted
Spouting
Sprain
Sprains
Sprained
Spraining
Sprat
Sprats
Sprawl
Sprawls
Sprawled
Sprawling
Spray
Sprays
Sprayed
Spraying
Sprayer
Sprayers
Spread
Spreads
Spreading
Spreadable
Spreader
Spreaders
Spreadsheet
Spreadsheets
Spree
Sprees
Sprig
Sprigs
Sprigged
Sprigging
Sprightliness
Sprightlinesses
Sprightly
Sprightlier
Sprightliest
Spring
Springs
Sprang
Sprung
Springing
Springboard
Springboards
Springbok
Springboks
Springily
Springiness
Springinesses
Springlike
Springtime
Springtimes
Springy
Springier
Springiest
Sprinkle
Sprinkles
Sprinkled
Sprinkling
Sprinkler
Sprinklers
Sprinklings
Sprint
Sprints
Sprinted
Sprinting
Sprinter
Sprinters
Sprite
Sprites
Spritz
Spritzes
Spritzed
Spritzing
Spritzer
Spritzers
Sprocket
Sprockets
Sprout
Sprouts
Sprouted
Sprouting
Spruce
Sprucer
Sprucest
Spruces
Spruced
Sprucing
Sprucely
Spruceness
Sprucenesses
Spry
Sprier
Spryer
Spriest
Spryest
Spryly
Spryness
Sprynesses
Spud
Spuds
Spudded
Spudding
Spume
Spumes
Spumed
Spuming
Spumone
Spumones
Spumoni
Spumonis
Spumy
Spumier
Spumiest
Spunk
Spunks
Spunky
Spunkier
Spunkiest
Spur
Spurs
Spurred
Spurring
Spurge
Spurges
Spurious
Spuriously
Spuriousness
Spuriousnesses
Spurn
Spurns
Spurned
Spurning
Spurt
Spurts
Spurted
Spurting
Sputnik
Sputniks
Sputter
Sputters
Sputtered
Sputtering
Sputum
Sputa
Spy
Spies
Spied
Spying
Spyglass
Spyglasses
Squab
Squabber
Squabbest
Squabs
Squabble
Squabbles
Squabbled
Squabbling
Squabbler
Squabblers
Squad
Squads
Squadron
Squadrons
Squadroned
Squadroning
Squalid
Squalider
Squalidest
Squalidly
Squalidness
Squalidnesses
Squall
Squalls
Squalled
Squalling
Squally
Squallier
Squalliest
Squalor
Squalors
Squamous
Squander
Squanders
Squandered
Squandering
Square
Squarer
Squarest
Squares
Squared
Squaring
Squarely
Squareness
Squarenesses
Squarish
Squash
Squashes
Squashed
Squashing
Squashy
Squashier
Squashiest
Squat
Squatter
Squattest
Squats
Squatted
Squatting
Squatness
Squatnesses
Squatters
Squaw
Squaws
Squawk
Squawks
Squawked
Squawking
Squawker
Squawkers
Squeak
Squeaks
Squeaked
Squeaking
Squeaker
Squeakers
Squeakily
Squeakiness
Squeakinesses
Squeaky
Squeakier
Squeakiest
Squeal
Squeals
Squealed
Squealing
Squealer
Squealers
Squeamish
Squeamishly
Squeamishness
Squeamishnesses
Squeegee
Squeegees
Squeegeed
Squeegeeing
Squeezable
Squeeze
Squeezes
Squeezed
Squeezing
Squeezer
Squeezers
Squelch
Squelches
Squelched
Squelching
Squelchy
Squelchier
Squelchiest
Squib
Squibs
Squibbed
Squibbing
Squid
Squids
Squiggle
Squiggles
Squiggled
Squiggling
Squiggly
Squigglier
Squiggliest
Squint
Squinter
Squintest
Squints
Squinted
Squinting
Squire
Squires
Squired
Squiring
Squirm
Squirms
Squirmed
Squirming
Squirmy
Squirmier
Squirmiest
Squirrel
Squirrels
Squirreled
Squirrelled
Squirreling
Squirrelling
Squirt
Squirts
Squirted
Squirting
Squish
Squishes
Squished
Squishing
Squishy
Squishier
Squishiest
Ssh
Stab
Stabs
Stabbed
Stabbing
Stabber
Stabbers
Stabbings
Stability
Stabilities
Stabilization
Stabilizations
Stabilize
Stabilized
Stabilizing
Stabilizes
Stabilizer
Stabilizers
Stable
Stabler
Stablest
Stables
Stabled
Stabling
Stableman
Stablemen
Stably
Staccato
Staccatos
Staccati
Stack
Stacks
Stacked
Stacking
Stadia
Stadias
Stadium
Stadiums
Staff
Staffs
Staves
Staffed
Staffing
Staffer
Staffers
Staffings
Stag
Stags
Stagged
Stagging
Stage
Stages
Staged
Staging
Stagecoach
Stagecoaches
Stagecraft
Stagecrafts
Stagehand
Stagehands
Stagestruck
Stagflation
Stagflations
Stagger
Staggers
Staggered
Staggering
Staggeringly
Stagings
Stagnancy
Stagnancies
Stagnant
Stagnantly
Stagnate
Stagnated
Stagnating
Stagnates
Stagnation
Stagnations
Stagy
Stagier
Stagiest
Staid
Staider
Staidest
Staidly
Staidness
Staidnesses
Stain
Stains
Stained
Staining
Stainless
Stainlesses
Stair
Stairs
Staircase
Staircases
Stairway
Stairways
Stairwell
Stairwells
Stake
Stakes
Staked
Staking
Stakeholder
Stakeholders
Stakeout
Stakeouts
Stalactite
Stalactites
Stalagmite
Stalagmites
Stale
Staler
Stalest
Staled
Staling
Stales
Stalemate
Stalemates
Stalemated
Stalemating
Staleness
Stalenesses
Stalk
Stalks
Stalked
Stalking
Stalker
Stalkers
Stalkings
Stall
Stalls
Stalled
Stalling
Stallion
Stallions
Stalwart
Stalwarts
Stamen
Stamens
Stamina
Staminas
Stammer
Stammers
Stammered
Stammering
Stammerer
Stammerers
Stammeringly
Stamp
Stamps
Stamped
Stamping
Stampede
Stampedes
Stampeded
Stampeding
Stamper
Stampers
Stance
Stances
Stanch
Stancher
Stanchest
Stanches
Stanched
Stanching
Stanchion
Stanchions
Stanchioned
Stanchioning
Stand
Stands
Stood
Standing
Standalone
Standard
Standards
Standardization
Standardizations
Standardize
Standardized
Standardizing
Standardizes
Standby
Standbys
Standee
Standees
Stander
Standers
Standings
Standoff
Standoffs
Standoffish
Standout
Standouts
Standpipe
Standpipes
Standpoint
Standpoints
Standstill
Standstills
Standup
Standups
Stanza
Stanzas
Staph
Staphs
Staphylococcal
Staphylococcus
Staphylococci
Staple
Staples
Stapled
Stapling
Stapler
Staplers
Star
Stars
Starred
Starring
Starboard
Starboards
Starboarded
Starboarding
Starch
Starches
Starched
Starching
Starchily
Starchiness
Starchinesses
Starchy
Starchier
Starchiest
Stardom
Stardoms
Stardust
Stardusts
Stare
Stares
Stared
Staring
Starer
Starers
Starfish
Starfishes
Stargaze
Stargazed
Stargazing
Stargazes
Stargazer
Stargazers
Stark
Starker
Starkest
Starkly
Starkness
Starknesses
Starless
Starlet
Starlets
Starlight
Starlights
Starling
Starlings
Starlit
Starry
Starrier
Starriest
Start
Starts
Started
Starting
Starter
Starters
Startle
Startles
Startled
Startling
Starvation
Starvations
Starve
Starved
Starving
Starves
Starveling
Starvelings
Stash
Stashes
Stashed
Stashing
Stat
Stats
State
States
Stated
Stating
Statecraft
Statecrafts
Statehood
Statehoods
Statehouse
Statehouses
Stateless
Statelessness
Statelessnesses
Stateliness
Statelinesses
Stately
Statelier
Stateliest
Statement
Statements
Statemented
Statementing
Stateroom
Staterooms
Stateside
Statesman
Statesmen
Statesmanlike
Statesmanship
Statesmanships
Stateswoman
Stateswomen
Static
Statics
Statically
Station
Stations
Stationed
Stationing
Stationary
Stationaries
Stationer
Stationers
Stationery
Stationeries
Statistic
Statistics
Statistical
Statistically
Statistician
Statisticians
Statuary
Statuaries
Statue
Statues
Statued
Statuing
Statuesque
Statuette
Statuettes
Stature
Statures
Status
Statuses
Statute
Statutes
Statutorily
Statutory
Staunch
Stauncher
Staunchest
Staunches
Staunched
Staunching
Staunchly
Staunchness
Staunchnesses
Stave
Staved
Stove
Staving
Stay
Stays
Stayed
@staid
Staying
Stead
Steads
Steaded
Steading
Steadfast
Steadfastly
Steadfastness
Steadfastnesses
Steadily
Steadiness
Steadinesses
Steady
Steadier
Steadiest
Steadies
Steadied
Steadying
Steak
Steaks
Steakhouse
Steakhouses
Steal
Steals
Stole
Stolen
Stealing
Stealth
Stealths
Stealthily
Stealthiness
Stealthinesses
Stealthy
Stealthier
Stealthiest
Steam
Steams
Steamed
Steaming
Steamboat
Steamboats
Steamer
Steamers
Steamered
Steamering
Steamfitter
Steamfitters
Steamfitting
Steamfittings
Steaminess
Steaminesses
Steamroll
Steamrolled
Steamrolling
Steamrolls
Steamroller
Steamrollers
Steamrollered
Steamrollering
Steamship
Steamships
Steamy
Steamier
Steamiest
Steed
Steeds
Steel
Steels
Steeled
Steeling
Steeliness
Steelinesses
Steelworker
Steelworkers
Steelworks
Steely
Steelier
Steeliest
Steelyard
Steelyards
Steep
Steeper
Steepest
Steeps
Steeped
Steeping
Steepen
Steepened
Steepening
Steepens
Steeple
Steeples
Steeplechase
Steeplechases
Steeplechased
Steeplechasing
Steeplejack
Steeplejacks
Steeply
Steepness
Steepnesses
Steer
Steers
Steered
Steering
Steerable
Steerage
Steerages
Steerings
Steersman
Steersmen
Stegosaurus
Stegosauruses
Stegosauri
Stein
Steins
Stellar
Stem
Stems
Stemmed
Stemming
Stemless
Stemware
Stemwares
Stench
Stenches
Stencil
Stencils
Stenciled
Stencilled
Stenciling
Stencilling
Steno
Stenos
Stenographer
Stenographers
Stenographic
Stenography
Stenographies
Stentorian
Step
Steps
Stepped
Stepping
Stepbrother
Stepbrothers
Stepchild
Stepchildren
Stepdaughter
Stepdaughters
Stepfather
Stepfathers
Stepladder
Stepladders
Stepmother
Stepmothers
Stepparent
Stepparents
Steppe
Steppes
Stepper
Steppers
Steppingstone
Steppingstones
Stepsister
Stepsisters
Stepson
Stepsons
Stereo
Stereos
Stereoed
Stereoing
Stereophonic
Stereoscope
Stereoscopes
Stereoscopic
Stereotype
Stereotypes
Stereotyped
Stereotyping
Stereotypical
Sterile
Sterility
Sterilities
Sterilization
Sterilizations
Sterilize
Sterilized
Sterilizing
Sterilizes
Sterilizer
Sterilizers
Sterling
Sterlings
Stern
Sterner
Sternest
Sterns
Sternly
Sternness
Sternnesses
Sternum
Sternums
Sterna
Steroid
Steroids
Steroidal
Stertorous
Stet
Stetted
Stetting
Stets
Stethoscope
Stethoscopes
Stetson
Stetsons
Stevedore
Stevedores
Stevedored
Stevedoring
Stew
Stews
Stewed
Stewing
Steward
Stewards
Stewarded
Stewarding
Stewardess
Stewardesses
Stewardship
Stewardships
Stick
Sticks
Stuck
Sticking
Sticker
Stickers
Stickered
Stickering
Stickily
Stickiness
Stickinesses
Stickleback
Sticklebacks
Stickler
Sticklers
Stickpin
Stickpins
Stickup
Stickups
Sticky
Stickier
Stickiest
Stickies
Stiff
Stiffer
Stiffest
Stiffs
Stiffed
Stiffing
Stiffen
Stiffened
Stiffening
Stiffens
Stiffener
Stiffeners
Stiffenings
Stiffly
Stiffness
Stiffnesses
Stifle
Stifles
Stifled
Stifling
Stiflingly
Stigma
Stigmas
Stigmata
Stigmatic
Stigmatics
Stigmatization
Stigmatizations
Stigmatize
Stigmatized
Stigmatizing
Stigmatizes
Stile
Stiles
Stiletto
Stilettos
Stilettoes
Stilettoed
Stilettoing
Still
Stiller
Stillest
Stills
Stilled
Stilling
Stillbirth
Stillbirths
Stillborn
Stillness
Stillnesses
Stilt
Stilts
Stilted
Stilting
Stimulant
Stimulants
Stimulate
Stimulated
Stimulating
Stimulates
Stimulation
Stimulations
Stimulative
Stimulatives
Stimulus
Stimuli
Sting
Stings
Stung
Stinging
Stinger
Stingers
Stingily
Stinginess
Stinginesses
Stingray
Stingrays
Stingy
Stingier
Stingiest
Stink
Stinks
Stank
Stunk
Stinking
Stinkbug
Stinkbugs
Stinker
Stinkers
Stinky
Stinkier
Stinkiest
Stint
Stints
Stinted
Stinting
Stipend
Stipends
Stipple
Stipples
Stippled
Stippling
Stipplings
Stipulate
Stipulated
Stipulating
Stipulates
Stipulation
Stipulations
Stir
Stirs
Stirred
Stirring
Stirrer
Stirrers
Stirringly
Stirrup
Stirrups
Stitch
Stitches
Stitched
Stitching
Stitchery
Stitcheries
Stitchings
Stoat
Stoats
Stock
Stocks
Stocked
Stocking
Stockade
Stockades
Stockaded
Stockading
Stockbreeder
Stockbreeders
Stockbroker
Stockbrokers
Stockbroking
Stockbrokings
Stockholder
Stockholders
Stockily
Stockiness
Stockinesses
Stockinet
Stockinets
Stockinette
Stockinettes
Stockings
Stockpile
Stockpiles
Stockpiled
Stockpiling
Stockpot
Stockpots
Stockroom
Stockrooms
Stocktaking
Stocktakings
Stocky
Stockier
Stockiest
Stockyard
Stockyards
Stodgily
Stodginess
Stodginesses
Stodgy
Stodgier
Stodgiest
Stogie
Stogies
Stogy
Stoic
Stoics
Stoical
Stoically
Stoicism
Stoicisms
Stoke
Stoked
Stoking
Stokes
Stoker
Stokers
Stoles
Stolid
Stolider
Stolidest
Stolidity
Stolidities
Stolidly
Stolidness
Stolidnesses
Stolon
Stolons
Stomach
Stomachs
Stomached
Stomaching
Stomachache
Stomachaches
Stomacher
Stomachers
Stomp
Stomps
Stomped
Stomping
Stone
Stones
Stoned
Stoning
Stonemason
Stonemasons
Stonewall
Stonewalled
Stonewalling
Stonewalls
Stoneware
Stonewares
Stonewashed
Stonework
Stoneworks
Stoney
Stonier
Stoniest
Stonily
Stoniness
Stoninesses
Stony
Stooge
Stooges
Stooged
Stooging
Stool
Stools
Stooled
Stooling
Stoop
Stoops
Stooped
Stooping
Stop
Stops
Stopped
Stopping
Stopcock
Stopcocks
Stopgap
Stopgaps
Stoplight
Stoplights
Stopover
Stopovers
Stoppage
Stoppages
Stopper
Stoppers
Stoppered
Stoppering
Stopple
Stopples
Stoppled
Stoppling
Stopwatch
Stopwatches
Storage
Storages
Store
Stores
Stored
Storing
Storefront
Storefronts
Storehouse
Storehouses
Storekeeper
Storekeepers
Storeroom
Storerooms
Storey
Storeys
Storied
Stork
Storks
Storm
Storms
Stormed
Storming
Stormily
Storminess
Storminesses
Stormy
Stormier
Stormiest
Story
Stories
Storying
Storyboard
Storyboards
Storybook
Storybooks
Storyteller
Storytellers
Storytelling
Storytellings
Stoup
Stoups
Stout
Stouter
Stoutest
Stouts
Stouthearted
Stoutly
Stoutness
Stoutnesses
Stoves
Stoved
Stoving
Stovepipe
Stovepipes
Stow
Stowed
Stowing
Stows
Stowage
Stowages
Stowaway
Stowaways
Straddle
Straddles
Straddled
Straddling
Straddler
Straddlers
Strafe
Strafes
Strafed
Strafing
Straggle
Straggled
Straggling
Straggles
Straggler
Stragglers
Straggly
Stragglier
Straggliest
Straight
Straighter
Straightest
Straights
Straightaway
Straightaways
Straightedge
Straightedges
Straighten
Straightened
Straightening
Straightens
Straightener
Straighteners
Straightforward
Straightforwardly
Straightforwardness
Straightforwardnesses
Straightforwards
Straightjacket
Straightjackets
Straightjacketed
Straightjacketing
Straightly
Straightness
Straightnesses
Straightway
Strain
Strains
Strained
Straining
Strainer
Strainers
Strait
Straiter
Straitest
Straits
Straiten
Straitened
Straitening
Straitens
Straitjacket
Straitjackets
Straitjacketed
Straitjacketing
Straitlaced
Strand
Strands
Stranded
Stranding
Strange
Stranger
Strangest
Strangely
Strangeness
Strangenesses
Strangers
Strangle
Strangled
Strangling
Strangles
Stranglehold
Strangleholds
Strangler
Stranglers
Strangulate
Strangulated
Strangulating
Strangulates
Strangulation
Strangulations
Strap
Straps
Strapped
Strapping
Strapless
Straplesses
Strappings
Strata
Stratas
Stratagem
Stratagems
Strategic
Strategical
Strategically
Strategics
Strategist
Strategists
Strategy
Strategies
Stratification
Stratifications
Stratify
Stratified
Stratifying
Stratifies
Stratosphere
Stratospheres
Stratospheric
Stratum
Stratums
Stratus
Strati
Straw
Straws
Strawberry
Strawberries
Stray
Strays
Strayed
Straying
Streak
Streaks
Streaked
Streaking
Streaker
Streakers
Streaky
Streakier
Streakiest
Stream
Streams
Streamed
Streaming
Streamer
Streamers
Streamline
Streamlines
Streamlined
Streamlining
Street
Streets
Streetcar
Streetcars
Streetlight
Streetlights
Streetwalker
Streetwalkers
Streetwise
Strength
Strengths
Strengthen
Strengthened
Strengthening
Strengthens
Strengthener
Strengtheners
Strenuous
Strenuously
Strenuousness
Strenuousnesses
Strep
Streps
Streptococcal
Streptococcus
Streptococci
Streptomycin
Streptomycins
Stress
Stresses
Stressed
Stressing
Stressful
Stretch
Stretches
Stretched
Stretching
Stretchable
Stretcher
Stretchers
Stretchered
Stretchering
Stretchy
Stretchier
Stretchiest
Strew
Strewed
Strewn
Strewing
Strews
Stria
Striae
Striated
Striation
Striations
Stricken
Strict
Stricter
Strictest
Strictly
Strictness
Strictnesses
Stricture
Strictures
Stride
Strides
Strode
Stridden
Striding
Stridency
Stridencies
Strident
Stridently
Strife
Strifes
Strike
Strikes
Struck
Striking
Strikebreaker
Strikebreakers
Strikeout
Strikeouts
Striker
Strikers
Strikingly
String
Strings
Strung
Stringing
Stringed
Stringency
Stringencies
Stringent
Stringently
Stringer
Stringers
Stringiness
Stringinesses
Stringy
Stringier
Stringiest
Strip
Strips
Stripped
Stript
Stripping
Stripe
Stripes
Striped
Striping
Stripling
Striplings
Stripper
Strippers
Striptease
Stripteases
Stripteased
Stripteasing
Stripteaser
Stripteasers
Stripy
Stripier
Stripiest
Strive
Strove
Strived
Striven
Striving
Strives
Strobe
Strobes
Stroboscope
Stroboscopes
Stroboscopic
Stroke
Strokes
Stroked
Stroking
Stroll
Strolls
Strolled
Strolling
Stroller
Strollers
Strong
Stronger
Strongest
Strongbox
Strongboxes
Stronghold
Strongholds
Strongly
Strongman
Strongmen
Strontium
Strontiums
Strop
Strops
Stropped
Stropping
Strophe
Strophes
Strophic
Structural
Structurally
Structure
Structures
Structured
Structuring
Strudel
Strudels
Struggle
Struggles
Struggled
Struggling
Strum
Strums
Strummed
Strumming
Strumpet
Strumpets
Strut
Struts
Strutted
Strutting
Strychnine
Strychnines
Stub
Stubs
Stubbed
Stubbing
Stubble
Stubbles
Stubbly
Stubblier
Stubbliest
Stubborn
Stubborner
Stubbornest
Stubbornly
Stubbornness
Stubbornnesses
Stubby
Stubbier
Stubbiest
Stucco
Stuccoes
Stuccos
Stuccoed
Stuccoing
Stud
Studs
Studded
Studding
Studbook
Studbooks
Studdings
Student
Students
Studiedly
Studio
Studios
Studious
Studiously
Studiousness
Studiousnesses
Study
Studies
Studied
Studying
Stuff
Stuffs
Stuffed
Stuffing
Stuffily
Stuffiness
Stuffinesses
Stuffings
Stuffy
Stuffier
Stuffiest
Stultification
Stultifications
Stultify
Stultified
Stultifying
Stultifies
Stumble
Stumbles
Stumbled
Stumbling
Stumbler
Stumblers
Stump
Stumps
Stumped
Stumping
Stumpy
Stumpier
Stumpiest
Stun
Stuns
Stunned
Stunning
Stunningly
Stunt
Stunts
Stunted
Stunting
Stupefaction
Stupefactions
Stupefy
Stupefied
Stupefying
Stupefies
Stupendous
Stupendously
Stupid
Stupider
Stupidest
Stupids
Stupidity
Stupidities
Stupidly
Stupor
Stupors
Sturdily
Sturdiness
Sturdinesses
Sturdy
Sturdier
Sturdiest
Sturdies
Sturgeon
Sturgeons
Stutter
Stutters
Stuttered
Stuttering
Stutterer
Stutterers
Sty
Sties
Stied
Stying
Stye
Styes
Style
Styles
Styled
Styling
Stylish
Stylishly
Stylishness
Stylishnesses
Stylist
Stylists
Stylistic
Stylistically
Stylize
Stylized
Stylizing
Stylizes
Stylus
Styluses
Styli
Stymie
Stymies
Stymied
Stymieing
Stymy
Stymying
Styptic
Styptics
Suasion
Suasions
Suave
Suaver
Suavest
Suavely
Suaveness
Suavenesses
Suavity
Suavities
Sub
Subs
Subbed
Subbing
Subaltern
Subalterns
Subarctic
Subarea
Subareas
Subatomic
Subbasement
Subbasements
Subbranch
Subbranches
Subcategory
Subcategories
Subcommittee
Subcommittees
Subcompact
Subcompacts
Subconscious
Subconsciouses
Subconsciously
Subconsciousness
Subconsciousnesses
Subcontinent
Subcontinents
Subcontinental
Subcontract
Subcontracts
Subcontracted
Subcontracting
Subcontractor
Subcontractors
Subculture
Subcultures
Subcultured
Subculturing
Subcutaneous
Subcutaneously
Subdivide
Subdivided
Subdividing
Subdivides
Subdivision
Subdivisions
Subdue
Subdued
Subduing
Subdues
Subfamily
Subfamilies
Subfreezing
Subgroup
Subgroups
Subhead
Subheads
Subheading
Subheadings
Subhuman
Subhumans
Subject
Subjects
Subjected
Subjecting
Subjection
Subjections
Subjective
Subjectively
Subjectivity
Subjectivities
Subjoin
Subjoined
Subjoining
Subjoins
Subjugate
Subjugated
Subjugating
Subjugates
Subjugation
Subjugations
Subjunctive
Subjunctives
Sublease
Subleases
Subleased
Subleasing
Sublet
Sublets
Subletting
Sublimate
Sublimates
Sublimated
Sublimating
Sublimation
Sublimations
Sublime
Sublimer
Sublimest
Sublimed
Subliming
Sublimes
Sublimely
Subliminal
Sublimity
Sublimities
Submarginal
Submarine
Submarines
Submarined
Submarining
Submariner
Submariners
Submerge
Submerged
Submerging
Submerges
Submergence
Submergences
Submerse
Submersed
Submersing
Submerses
Submersible
Submersibles
Submersion
Submersions
Submicroscopic
Submission
Submissions
Submissive
Submissively
Submissiveness
Submissivenesses
Submit
Submitted
Submitting
Submits
Subnormal
Subnormals
Suborbital
Suborder
Suborders
Subordinate
Subordinates
Subordinated
Subordinating
Subordination
Subordinations
Suborn
Suborned
Suborning
Suborns
Subornation
Subornations
Subpena
Subpenas
Subpenaed
Subpenaing
Subplot
Subplots
Subpoena
Subpoenas
Subpoenaed
Subpoenaing
Subprofessional
Subprofessionals
Subroutine
Subroutines
Subscribe
Subscribed
Subscribing
Subscribes
Subscriber
Subscribers
Subscript
Subscripts
Subscription
Subscriptions
Subsection
Subsections
Subsequent
Subsequently
Subservience
Subserviences
Subservient
Subserviently
Subset
Subsets
Subside
Subsided
Subsiding
Subsides
Subsidence
Subsidences
Subsidiary
Subsidiaries
Subsidization
Subsidizations
Subsidize
Subsidized
Subsidizing
Subsidizes
Subsidizer
Subsidizers
Subsidy
Subsidies
Subsist
Subsisted
Subsisting
Subsists
Subsistence
Subsistences
Subsoil
Subsoils
Subsonic
Subspecies
Substance
Substances
Substandard
Substantial
Substantials
Substantially
Substantiate
Substantiated
Substantiating
Substantiates
Substantiation
Substantiations
Substantive
Substantives
Substantively
Substation
Substations
Substitute
Substitutes
Substituted
Substituting
Substitution
Substitutions
Substrate
Substrates
Substratum
Substrata
Substratums
Substructure
Substructures
Subsume
Subsumed
Subsuming
Subsumes
Subsurface
Subsurfaces
Subsystem
Subsystems
Subteen
Subteens
Subtenancy
Subtenancies
Subtenant
Subtenants
Subterfuge
Subterfuges
Subterranean
Subterraneans
Subtext
Subtexts
Subtitle
Subtitles
Subtitled
Subtitling
Subtle
Subtler
Subtlest
Subtlety
Subtleties
Subtly
Subtopic
Subtopics
Subtotal
Subtotals
Subtotaled
Subtotalled
Subtotaling
Subtotalling
Subtract
Subtracted
Subtracting
Subtracts
Subtraction
Subtractions
Subtrahend
Subtrahends
Subtropic
Subtropical
Subtropics
Suburb
Suburbs
Suburban
Suburbans
Suburbanite
Suburbanites
Suburbia
Suburbias
Subvention
Subventions
Subversion
Subversions
Subversive
Subversives
Subversively
Subversiveness
Subversivenesses
Subvert
Subverted
Subverting
Subverts
Subway
Subways
Subwayed
Subwaying
Subzero
Succeed
Succeeded
Succeeding
Succeeds
Success
Successes
Successful
Successfully
Succession
Successions
Successive
Successively
Successor
Successors
Succinct
Succincter
Succinctest
Succinctly
Succinctness
Succinctnesses
Succor
Succors
Succored
Succoring
Succotash
Succotashes
Succour
Succours
Succoured
Succouring
Succulence
Succulences
Succulency
Succulencies
Succulent
Succulents
Succumb
Succumbed
Succumbing
Succumbs
Such
Suchlike
Suck
Sucks
Sucked
Sucking
Sucker
Suckers
Suckered
Suckering
Suckle
Suckled
Suckling
Suckles
Sucklings
Sucrose
Sucroses
Suction
Suctions
Suctioned
Suctioning
Sudden
Suddens
Suddenly
Suddenness
Suddennesses
Suds
Sudsed
Sudsing
Sudses
Sudsy
Sudsier
Sudsiest
Sue
Sued
Suing
Sues
Suede
Suedes
Sueded
Sueding
Suet
Suets
Suety
Suetier
Suetiest
Suffer
Suffered
Suffering
Suffers
Sufferance
Sufferances
Sufferer
Sufferers
Sufferings
Suffice
Sufficed
Sufficing
Suffices
Sufficiency
Sufficiencies
Sufficient
Sufficiently
Suffix
Suffixes
Suffixed
Suffixing
Suffixation
Suffixations
Suffocate
Suffocated
Suffocating
Suffocates
Suffocation
Suffocations
Suffragan
Suffragans
Suffrage
Suffrages
Suffragette
Suffragettes
Suffragist
Suffragists
Suffuse
Suffused
Suffusing
Suffuses
Suffusion
Suffusions
Sugar
Sugars
Sugared
Sugaring
Sugarcane
Sugarcanes
Sugarcoat
Sugarcoated
Sugarcoating
Sugarcoats
Sugarless
Sugarplum
Sugarplums
Sugary
Sugarier
Sugariest
Suggest
Suggested
Suggesting
Suggests
Suggestibility
Suggestibilities
Suggestible
Suggestion
Suggestions
Suggestive
Suggestively
Suggestiveness
Suggestivenesses
Suicidal
Suicide
Suicides
Suicided
Suiciding
Suit
Suits
Suited
Suiting
Suitability
Suitabilities
Suitable
Suitableness
Suitablenesses
Suitably
Suitcase
Suitcases
Suite
Suites
Suitings
Suitor
Suitors
Sukiyaki
Sukiyakis
Sulfa
Sulfas
Sulfate
Sulfates
Sulfated
Sulfating
Sulfide
Sulfides
Sulfur
Sulfurs
Sulfured
Sulfuring
Sulfuric
Sulfurous
Sulk
Sulks
Sulked
Sulking
Sulkily
Sulkiness
Sulkinesses
Sulky
Sulkier
Sulkiest
Sulkies
Sullen
Sullener
Sullenest
Sullenly
Sullenness
Sullennesses
Sully
Sullies
Sullied
Sullying
Sulphur
Sulphurs
Sulphured
Sulphuring
Sulphurous
Sultan
Sultans
Sultana
Sultanas
Sultanate
Sultanates
Sultrily
Sultriness
Sultrinesses
Sultry
Sultrier
Sultriest
Sum
Sums
Summed
Summing
Sumac
Sumacs
Sumach
Sumachs
Summarily
Summarize
Summarized
Summarizing
Summarizes
Summary
Summaries
Summation
Summations
Summer
Summers
Summered
Summering
Summerhouse
Summerhouses
Summertime
Summertimes
Summery
Summerier
Summeriest
Summit
Summits
Summited
Summiting
Summitry
Summitries
Summon
Summoned
Summoning
Summons
Summoner
Summoners
Summonses
Summonsed
Summonsing
Sumo
Sumos
Sump
Sumps
Sumptuous
Sumptuously
Sumptuousness
Sumptuousnesses
Sun
Suns
Sunned
Sunning
Sunbath
Sunbaths
Sunbathe
Sunbathed
Sunbathing
Sunbathes
Sunbather
Sunbathers
Sunbathings
Sunbeam
Sunbeams
Sunblock
Sunblocks
Sunbonnet
Sunbonnets
Sunburn
Sunburns
Sunburned
Sunburnt
Sunburning
Sunburst
Sunbursts
Sundae
Sundaes
Sunder
Sundered
Sundering
Sunders
Sundial
Sundials
Sundown
Sundowns
Sundowned
Sundowning
Sundries
Sundry
Sunfish
Sunfishes
Sunflower
Sunflowers
Sunglasses
Sunlamp
Sunlamps
Sunless
Sunlight
Sunlights
Sunlit
Sunniness
Sunninesses
Sunny
Sunnier
Sunniest
Sunrise
Sunrises
Sunroof
Sunroofs
Sunscreen
Sunscreens
Sunset
Sunsets
Sunshade
Sunshades
Sunshine
Sunshines
Sunshiny
Sunspot
Sunspots
Sunstroke
Sunstrokes
Suntan
Suntans
Suntanned
Suntanning
Sunup
Sunups
Sup
Sups
Supped
Supping
Super
Supers
Superabundance
Superabundances
Superabundant
Superannuate
Superannuated
Superannuating
Superannuates
Superannuation
Superannuations
Superb
Superber
Superbest
Superbly
Supercargo
Supercargoes
Supercargos
Supercharge
Supercharged
Supercharging
Supercharges
Supercharger
Superchargers
Supercilious
Superciliously
Superciliousness
Superciliousnesses
Supercity
Supercities
Supercomputer
Supercomputers
Superconducting
Superconductive
Superconductivity
Superconductivities
Superconductor
Superconductors
Superego
Superegos
Supererogation
Supererogations
Supererogatory
Superficial
Superficiality
Superficialities
Superficially
Superfine
Superfluity
Superfluities
Superfluous
Superfluously
Superfluousness
Superfluousnesses
Superhero
Superheroes
Superhighway
Superhighways
Superhuman
Superhumans
Superimpose
Superimposed
Superimposing
Superimposes
Superimposition
Superimpositions
Superintend
Superintended
Superintending
Superintends
Superintendence
Superintendences
Superintendency
Superintendencies
Superintendent
Superintendents
Superior
Superiors
Superiority
Superiorities
Superlative
Superlatives
Superlatively
Superman
Supermen
Supermarket
Supermarkets
Supermom
Supermoms
Supernal
Supernatural
Supernaturally
Supernova
Supernovas
Supernovae
Supernumerary
Supernumeraries
Superpose
Superposed
Superposing
Superposes
Superposition
Superpositions
Superpower
Superpowers
Supersaturate
Supersaturated
Supersaturating
Supersaturates
Supersaturation
Supersaturations
Superscribe
Superscribed
Superscribing
Superscribes
Superscript
Superscripts
Superscription
Superscriptions
Supersede
Superseded
Superseding
Supersedes
Supersonic
Superstar
Superstars
Superstition
Superstitions
Superstitious
Superstitiously
Superstore
Superstores
Superstructure
Superstructures
Supertanker
Supertankers
Supervene
Supervened
Supervening
Supervenes
Supervention
Superventions
Supervise
Supervised
Supervising
Supervises
Supervision
Supervisions
Supervisor
Supervisors
Supervisory
Superwoman
Superwomen
Supine
Supines
Supper
Suppers
Suppered
Suppering
Supplant
Supplanted
Supplanting
Supplants
Supple
Suppler
Supplest
Suppled
Suppling
Supples
Supplement
Supplements
Supplemented
Supplementing
Supplemental
Supplementals
Supplementary
Supplementaries
Supplementation
Supplementations
Suppleness
Supplenesses
Suppliant
Suppliants
Supplicant
Supplicants
Supplicate
Supplicated
Supplicating
Supplicates
Supplication
Supplications
Supplier
Suppliers
Supply
Supplies
Supplied
Supplying
Support
Supports
Supported
Supporting
Supportable
Supporter
Supporters
Supportive
Suppose
Supposed
Supposing
Supposes
Supposedly
Supposition
Suppositions
Suppository
Suppositories
Suppress
Suppressed
Suppressing
Suppresses
Suppressant
Suppressants
Suppressible
Suppression
Suppressions
Suppressor
Suppressors
Suppurate
Suppurated
Suppurating
Suppurates
Suppuration
Suppurations
Supra
Supranational
Supremacist
Supremacists
Supremacy
Supremacies
Supreme
Supremer
Supremest
Supremes
Supremely
Surcease
Surceases
Surceased
Surceasing
Surcharge
Surcharges
Surcharged
Surcharging
Surcingle
Surcingles
Sure
Surer
Surest
Surefire
Surefooted
Surely
Sureness
Surenesses
Surety
Sureties
Surf
Surfs
Surfed
Surfing
Surface
Surfaces
Surfaced
Surfacing
Surfboard
Surfboards
Surfboarded
Surfboarding
Surfeit
Surfeits
Surfeited
Surfeiting
Surfer
Surfers
Surfings
Surge
Surges
Surged
Surging
Surgeon
Surgeons
Surgery
Surgeries
Surgical
Surgically
Surliness
Surlinesses
Surly
Surlier
Surliest
Surmise
Surmises
Surmised
Surmising
Surmount
Surmounted
Surmounting
Surmounts
Surmountable
Surname
Surnames
Surnamed
Surnaming
Surpass
Surpassed
Surpassing
Surpasses
Surplice
Surplices
Surplus
Surpluses
Surplussed
Surplused
Surplussing
Surplusing
Surprise
Surprises
Surprised
Surprising
Surprisingly
Surreal
Surrealism
Surrealisms
Surrealist
Surrealists
Surrealistic
Surrealistically
Surrender
Surrenders
Surrendered
Surrendering
Surreptitious
Surreptitiously
Surreptitiousness
Surreptitiousnesses
Surrey
Surreys
Surrogacy
Surrogacies
Surrogate
Surrogates
Surrogated
Surrogating
Surround
Surrounds
Surrounded
Surrounding
Surroundings
Surtax
Surtaxes
Surtaxed
Surtaxing
Surveillance
Surveillances
Survey
Surveys
Surveyed
Surveying
Surveyings
Surveyor
Surveyors
Survival
Survivals
Survivalist
Survivalists
Survive
Survived
Surviving
Survives
Survivor
Survivors
Susceptibility
Susceptibilities
Susceptible
Sushi
Sushis
Suspect
Suspects
Suspected
Suspecting
Suspend
Suspended
Suspending
Suspends
Suspender
Suspenders
Suspense
Suspenses
Suspenseful
Suspension
Suspensions
Suspicion
Suspicions
Suspicioned
Suspicioning
Suspicious
Suspiciously
Sustain
Sustained
Sustaining
Sustains
Sustainable
Sustenance
Sustenances
Sutler
Sutlers
Suture
Sutures
Sutured
Suturing
Suzerain
Suzerains
Suzerainty
Suzerainties
Svelte
Svelter
Sveltest
Swab
Swabs
Swabbed
Swabbing
Swaddle
Swaddles
Swaddled
Swaddling
Swag
Swags
Swagged
Swagging
Swagger
Swaggers
Swaggered
Swaggering
Swain
Swains
Swallow
Swallows
Swallowed
Swallowing
Swallowtail
Swallowtails
Swami
Swamis
Swamp
Swamps
Swamped
Swamping
Swampland
Swamplands
Swampy
Swampier
Swampiest
Swan
Swans
Swanned
Swanning
Swank
Swanker
Swankest
Swanks
Swanked
Swanking
Swankily
Swankiness
Swankinesses
Swanky
Swankier
Swankiest
Swansdown
Swansdowns
Swap
Swaps
Swapped
Swapping
Sward
Swards
Swarded
Swarding
Swarm
Swarms
Swarmed
Swarming
Swarthy
Swarthier
Swarthiest
Swash
Swashes
Swashed
Swashing
Swashbuckler
Swashbucklers
Swashbuckling
Swashbucklings
Swastika
Swastikas
Swat
Swats
Swatted
Swatting
Swatch
Swatches
Swath
Swaths
Swathe
Swathes
Swathed
Swathing
Swatter
Swatters
Sway
Sways
Swayed
Swaying
Swayback
Swaybacks
Swaybacked
Swear
Swore
Sworn
Swearing
Swears
Swearer
Swearers
Swearword
Swearwords
Sweat
Sweats
Sweated
Sweating
Sweatband
Sweatbands
Sweater
Sweaters
Sweatpants
Sweatshirt
Sweatshirts
Sweatshop
Sweatshops
Sweaty
Sweatier
Sweatiest
Swede
Swedes
Sweep
Sweeps
Swept
Sweeping
Sweeper
Sweepers
Sweepings
Sweepingly
Sweepstake
Sweepstakes
Sweet
Sweeter
Sweetest
Sweets
Sweetbread
Sweetbreads
Sweetbriar
Sweetbriars
Sweetbrier
Sweetbriers
Sweeten
Sweetened
Sweetening
Sweetens
Sweetener
Sweeteners
Sweetenings
Sweetheart
Sweethearts
Sweetie
Sweeties
Sweetish
Sweetly
Sweetmeat
Sweetmeats
Sweetness
Sweetnesses
Swell
Sweller
Swellest
Swells
Swelled
Swollen
Swelling
Swellhead
Swellheads
Swellheaded
Swellings
Swelter
Swelters
Sweltered
Sweltering
Sweptback
Swerve
Swerves
Swerved
Swerving
Swift
Swifter
Swiftest
Swifts
Swiftly
Swiftlier
Swiftliest
Swiftness
Swiftnesses
Swig
Swigs
Swigged
Swigging
Swill
Swills
Swilled
Swilling
Swim
Swims
Swam
Swum
Swimming
Swimmer
Swimmers
Swimmings
Swimmingly
Swimsuit
Swimsuits
Swindle
Swindles
Swindled
Swindling
Swindler
Swindlers
Swine
Swines
Swineherd
Swineherds
Swing
Swings
Swung
Swinging
Swinger
Swingers
Swingings
Swinish
Swipe
Swipes
Swiped
Swiping
Swirl
Swirls
Swirled
Swirling
Swirly
Swirlier
Swirliest
Swish
Swisher
Swishest
Swishes
Swished
Swishing
Switch
Switches
Switched
Switching
Switchback
Switchbacks
Switchbacked
Switchbacking
Switchblade
Switchblades
Switchboard
Switchboards
Switcher
Switchers
Swivel
Swivels
Swiveled
Swivelled
Swiveling
Swivelling
Swob
Swobs
Swobbed
Swobbing
Swoon
Swoons
Swooned
Swooning
Swoop
Swoops
Swooped
Swooping
Swoosh
Swooshes
Swooshed
Swooshing
Swop
Swops
Swopped
Swopping
Sword
Swords
Swordfish
Swordfishes
Swordplay
Swordplays
Swordsman
Swordsmen
Swordsmanship
Swordsmanships
Sybarite
Sybarites
Sybaritic
Sycamore
Sycamores
Sycophancy
Sycophancies
Sycophant
Sycophants
Sycophantic
Syllabic
Syllabics
Syllabicate
Syllabicated
Syllabicating
Syllabicates
Syllabication
Syllabications
Syllabification
Syllabifications
Syllabify
Syllabified
Syllabifying
Syllabifies
Syllable
Syllables
Syllabled
Syllabling
Syllabus
Syllabuses
Syllabi
Syllogism
Syllogisms
Syllogistic
Syllogistics
Sylph
Sylphs
Sylphic
Sylphlike
Sylvan
Sylvans
Symbiosis
Symbioses
Symbiotic
Symbol
Symbols
Symboled
Symbolled
Symboling
Symbolling
Symbolic
Symbolical
Symbolically
Symbolism
Symbolisms
Symbolization
Symbolizations
Symbolize
Symbolized
Symbolizing
Symbolizes
Symmetric
Symmetrical
Symmetrically
Symmetry
Symmetries
Sympathetic
Sympathetically
Sympathies
Sympathize
Sympathized
Sympathizing
Sympathizes
Sympathizer
Sympathizers
Sympathy
Symphonic
Symphony
Symphonies
Symposium
Symposiums
Symposia
Symptom
Symptoms
Symptomatic
Symptomatically
Synagog
Synagogs
Synagogal
Synagogue
Synagogues
Synapse
Synapses
Synapsed
Synapsing
Synaptic
Sync
Syncs
Synced
Syncing
Synch
Synchs
Synched
Synching
Synchronization
Synchronizations
Synchronize
Synchronized
Synchronizing
Synchronizes
Synchronous
Syncopate
Syncopated
Syncopating
Syncopates
Syncopation
Syncopations
Syncope
Syncopes
Syndicate
Syndicates
Syndicated
Syndicating
Syndication
Syndications
Syndrome
Syndromes
Synergism
Synergisms
Synergistic
Synergy
Synergies
Synfuel
Synfuels
Synod
Synods
Synonym
Synonyms
Synonymous
Synonymy
Synonymies
Synopsis
Synopses
Synoptic
Syntactic
Syntactical
Syntactically
Syntax
Syntaxes
Synthesis
Syntheses
Synthesize
Synthesized
Synthesizing
Synthesizes
Synthesizer
Synthesizers
Synthetic
Synthetics
Synthetically
Syphilis
Syphilises
Syphilitic
Syphilitics
Syphon
Syphons
Syphoned
Syphoning
Syringe
Syringes
Syringed
Syringing
Syrup
Syrups
Syruped
Syruping
Syrupy
System
Systems
Systematic
Systematical
Systematically
Systematization
Systematizations
Systematize
Systematized
Systematizing
Systematizes
Systemic
Systemics
Systemically
Systole
Systoles
Systolic
Tab
Tabs
Tabbed
Tabbing
Tabbouleh
Tabboulehs
Tabby
Tabbies
Tabbied
Tabbying
Tabernacle
Tabernacles
Tabernacled
Tabernacling
Tabla
Tablas
Table
Tables
Tabled
Tabling
Tableau
Tableaux
Tableaus
Tablecloth
Tablecloths
Tableland
Tablelands
Tablespoon
Tablespoons
Tablespoonful
Tablespoonfuls
Tablespoonsful
Tablet
Tablets
Tableted
Tabletted
Tableting
Tabletting
Tabletop
Tabletops
Tableware
Tablewares
Tabloid
Tabloids
Taboo
Taboos
Tabooed
Tabooing
Tabor
Tabors
Tabored
Taboring
Tabu
Tabus
Tabued
Tabuing
Tabular
Tabulate
Tabulated
Tabulating
Tabulates
Tabulation
Tabulations
Tabulator
Tabulators
Tachometer
Tachometers
Tachycardia
Tachycardias
Tacit
Tacitly
Tacitness
Tacitnesses
Taciturn
Taciturnity
Taciturnities
Taciturnly
Tack
Tacks
Tacked
Tacking
Tacker
Tackers
Tackiness
Tackinesses
Tackle
Tackles
Tackled
Tackling
Tackler
Tacklers
Tacky
Tackier
Tackiest
Taco
Tacos
Tact
Tacts
Tactful
Tactfully
Tactfulness
Tactfulnesses
Tactic
Tactics
Tactical
Tactically
Tactician
Tacticians
Tactile
Tactility
Tactilities
Tactless
Tactlessly
Tactlessness
Tactlessnesses
Tad
Tads
Tadpole
Tadpoles
Taffeta
Taffetas
Taffrail
Taffrails
Taffy
Taffies
Tag
Tags
Tagged
Tagging
Tagger
Taggers
Taiga
Taigas
Tail
Tails
Tailed
Tailing
Tailback
Tailbacks
Tailcoat
Tailcoats
Tailgate
Tailgates
Tailgated
Tailgating
Tailgater
Tailgaters
Tailless
Taillight
Taillights
Tailor
Tailors
Tailored
Tailoring
Tailorings
Tailpipe
Tailpipes
Tailspin
Tailspins
Tailwind
Tailwinds
Taint
Taints
Tainted
Tainting
Take
Takes
Took
Taken
Taking
Takeoff
Takeoffs
Takeout
Takeouts
Takeover
Takeovers
Taker
Takers
Takings
Talc
Talcs
Talcked
Talced
Talcking
Talcing
Talcum
Talcums
Tale
Tales
Talebearer
Talebearers
Talent
Talents
Talented
Talisman
Talismans
Talk
Talks
Talked
Talking
Talkative
Talkatively
Talkativeness
Talkativenesses
Talker
Talkers
Talkie
Talkies
Talky
Talkier
Talkiest
Tall
Taller
Tallest
Tallboy
Tallboys
Tallier
Talliers
Tallish
Tallness
Tallnesses
Tallow
Tallows
Tallowed
Tallowing
Tallowy
Tally
Tallies
Tallied
Tallying
Tallyho
Tallyhos
Tallyhoed
Tallyho'd
Tallyhoing
Talon
Talons
Talus
Taluses
Tali
Tam
Tams
Tamable
Tamale
Tamales
Tamarack
Tamaracks
Tamarind
Tamarinds
Tambourine
Tambourines
Tame
Tamer
Tamest
Tamed
Taming
Tames
Tameable
Tamely
Tameness
Tamenesses
Tamers
Tamp
Tamped
Tamping
Tamps
Tamper
Tampers
Tampered
Tampering
Tamperer
Tamperers
Tampon
Tampons
Tamponed
Tamponing
Tan
Tanner
Tannest
Tans
Tanned
Tanning
Tanager
Tanagers
Tanbark
Tanbarks
Tandem
Tandems
Tandoori
Tandooris
Tang
Tangs
Tanged
Tanging
Tangelo
Tangelos
Tangent
Tangents
Tangential
Tangentially
Tangerine
Tangerines
Tangibility
Tangibilities
Tangible
Tangibles
Tangibleness
Tangiblenesses
Tangibly
Tangle
Tangles
Tangled
Tangling
Tango
Tangos
Tangoed
Tangoing
Tangy
Tangier
Tangiest
Tank
Tanks
Tanked
Tanking
Tankard
Tankards
Tanker
Tankers
Tankful
Tankfuls
Tanners
Tannery
Tanneries
Tannin
Tannins
Tannings
Tansy
Tansies
Tantalise
Tantalised
Tantalising
Tantalises
Tantalization
Tantalizations
Tantalize
Tantalized
Tantalizing
Tantalizes
Tantalizer
Tantalizers
Tantalizingly
Tantalum
Tantalums
Tantamount
Tantra
Tantras
Tantrum
Tantrums
Tap
Taps
Tapped
Tapping
Tape
Tapes
Taped
Taping
Tapeline
Tapelines
Taper
Tapers
Tapered
Tapering
Tapestry
Tapestries
Tapestried
Tapestrying
Tapeworm
Tapeworms
Tapioca
Tapiocas
Tapir
Tapirs
Tapper
Tappers
Tappet
Tappets
Taproom
Taprooms
Taproot
Taproots
Tar
Tars
Tarred
Tarring
Tarantella
Tarantellas
Tarantula
Tarantulas
Tarantulae
Tardily
Tardiness
Tardinesses
Tardy
Tardier
Tardiest
Tare
Tares
Tared
Taring
Target
Targets
Targeted
Targeting
Tariff
Tariffs
Tariffed
Tariffing
Tarmac
Tarmacs
Tarmacked
Tarmacking
Tarn
Tarns
Tarnish
Tarnishes
Tarnished
Tarnishing
Taro
Taros
Tarot
Tarots
Tarp
Tarps
Tarpaulin
Tarpaulins
Tarpon
Tarpons
Tarragon
Tarragons
Tarry
Tarrier
Tarriest
Tarried
Tarrying
Tarries
Tarsal
Tarsals
Tarsus
Tarsi
Tart
Tarter
Tartest
Tarts
Tartan
Tartans
Tartar
Tartars
Tartaric
Tartly
Tartness
Tartnesses
Task
Tasks
Tasked
Tasking
Taskmaster
Taskmasters
Taskmistress
Taskmistresses
Tassel
Tassels
Tasseled
Tasselled
Tasseling
Tasselling
Taste
Tastes
Tasted
Tasting
Tasteful
Tastefully
Tastefulness
Tastefulnesses
Tasteless
Tastelessly
Tastelessness
Tastelessnesses
Taster
Tasters
Tastily
Tastiness
Tastinesses
Tastings
Tasty
Tastier
Tastiest
Tat
Tatted
Tatting
Tats
Tatami
Tatamis
Tater
Taters
Tatter
Tatters
Tattered
Tattering
Tatterdemalion
Tatterdemalions
Tattings
Tattle
Tattles
Tattled
Tattling
Tattler
Tattlers
Tattletale
Tattletales
Tattoo
Tattoos
Tattooed
Tattooing
Tattooer
Tattooers
Tattooist
Tattooists
Tau
Taus
Taunt
Taunts
Taunted
Taunting
Taunter
Taunters
Tauntingly
Taupe
Taupes
Taut
Tauter
Tautest
Tauten
Tautened
Tautening
Tautens
Tautly
Tautness
Tautnesses
Tautological
Tautologically
Tautologous
Tautology
Tautologies
Tavern
Taverns
Tawdrily
Tawdriness
Tawdrinesses
Tawdry
Tawdrier
Tawdriest
Tawdries
Tawny
Tawnier
Tawniest
Tawnies
Tax
Taxes
Taxed
Taxing
Taxable
Taxables
Taxation
Taxations
Taxer
Taxers
Taxi
Taxis
Taxies
Taxied
Taxiing
Taxying
Taxicab
Taxicabs
Taxidermist
Taxidermists
Taxidermy
Taxidermies
Taximeter
Taximeters
Taxonomic
Taxonomical
Taxonomist
Taxonomists
Taxonomy
Taxonomies
Taxpayer
Taxpayers
Taxpaying
Tea
Teas
Teacake
Teacakes
Teach
Teaches
Taught
Teaching
Teachable
Teacher
Teachers
Teachings
Teacup
Teacups
Teacupful
Teacupfuls
Teacupsful
Teak
Teaks
Teakettle
Teakettles
Teal
Teals
Team
Teams
Teamed
Teaming
Teammate
Teammates
Teamster
Teamsters
Teamwork
Teamworks
Teapot
Teapots
Tear
Tears
Teared
Tearing
Tore
Torn
Teardrop
Teardrops
Tearful
Tearfully
Teargas
Teargases
Teargasses
Teargassed
Teargassing
Tearjerker
Tearjerkers
Tearoom
Tearooms
Teary
Tearier
Teariest
Tease
Teases
Teased
Teasing
Teasel
Teasels
Teaseled
Teaselled
Teaseling
Teaselling
Teaser
Teasers
Teaspoon
Teaspoons
Teaspoonful
Teaspoonfuls
Teaspoonsful
Teat
Teats
Tech
Techs
Technetium
Technetiums
Technical
Technicality
Technicalities
Technically
Technician
Technicians
Technique
Techniques
Technocracy
Technocracies
Technocrat
Technocrats
Technocratic
Technological
Technologically
Technologist
Technologists
Technology
Technologies
Tectonic
Tectonics
Tedious
Tediously
Tediousness
Tediousnesses
Tedium
Tediums
Tee
Tees
Teed
Teeing
Teem
Teemed
Teeming
Teems
Teen
Teens
Teenage
Teenaged
Teenager
Teenagers
Teensy
Teensier
Teensiest
Teeny
Teenier
Teeniest
Teenybopper
Teenyboppers
Teepee
Teepees
Teeter
Teeters
Teetered
Teetering
Teethe
Teethed
Teething
Teethes
Teethings
Teetotal
Teetotaled
Teetotalled
Teetotaling
Teetotalling
Teetotals
Teetotaler
Teetotalers
Teetotalism
Teetotalisms
Teetotaller
Teetotallers
Tektite
Tektites
Telecast
Telecasts
Telecasted
Telecasting
Telecaster
Telecasters
Telecommunication
Telecommunications
Telecommute
Telecommuted
Telecommuting
Telecommutes
Telecommuter
Telecommuters
Telecommutings
Teleconference
Teleconferences
Teleconferenced
Teleconferencing
Teleconferencings
Telegenic
Telegram
Telegrams
Telegrammed
Telegramming
Telegraph
Telegraphs
Telegraphed
Telegraphing
Telegrapher
Telegraphers
Telegraphic
Telegraphically
Telegraphist
Telegraphists
Telegraphy
Telegraphies
Telekinesis
Telekineses
Telekinetic
Telemarketer
Telemarketers
Telemarketing
Telemarketings
Telemeter
Telemeters
Telemetered
Telemetering
Telemetry
Telemetries
Telepathic
Telepathically
Telepathy
Telepathies
Telephone
Telephones
Telephoned
Telephoning
Telephoner
Telephoners
Telephonic
Telephony
Telephonies
Telephoto
Telephotos
Telephotography
Telephotographies
Teleplay
Teleplays
Teleprinter
Teleprinters
Teleprocessing
Teleprocessings
Teleprompter
Teleprompters
Telescope
Telescopes
Telescoped
Telescoping
Telescopic
Telescopically
Teletext
Teletexts
Telethon
Telethons
Teletypewriter
Teletypewriters
Televangelism
Televangelisms
Televangelist
Televangelists
Televise
Televised
Televising
Televises
Television
Televisions
Telex
Telexes
Telexed
Telexing
Tell
Tells
Told
Telling
Teller
Tellers
Tellingly
Telltale
Telltales
Tellurium
Telluriums
Telly
Tellies
Temblor
Temblors
Temerity
Temerities
Temp
Temps
Temped
Temping
Temper
Tempers
Tempered
Tempering
Tempera
Temperas
Temperament
Temperaments
Temperamental
Temperamentally
Temperance
Temperances
Temperate
Temperately
Temperateness
Temperatenesses
Temperature
Temperatures
Tempest
Tempests
Tempested
Tempesting
Tempestuous
Tempestuously
Tempestuousness
Tempestuousnesses
Template
Templates
Temple
Temples
Tempo
Tempos
Tempi
Temporal
Temporals
Temporally
Temporarily
Temporariness
Temporarinesses
Temporary
Temporaries
Temporize
Temporized
Temporizing
Temporizes
Temporizer
Temporizers
Tempt
Tempted
Tempting
Tempts
Temptation
Temptations
Tempter
Tempters
Temptingly
Temptress
Temptresses
Tempura
Tempuras
Ten
Tens
Tenability
Tenabilities
Tenable
Tenably
Tenacious
Tenaciously
Tenaciousness
Tenaciousnesses
Tenacity
Tenacities
Tenancy
Tenancies
Tenant
Tenants
Tenanted
Tenanting
Tenantry
Tenantries
Tend
Tended
Tending
Tends
Tendency
Tendencies
Tendentious
Tendentiously
Tendentiousness
Tendentiousnesses
Tender
Tenderer
Tenderest
Tenders
Tendered
Tendering
Tenderfoot
Tenderfoots
Tenderfeet
Tenderhearted
Tenderheartedly
Tenderheartedness
Tenderheartednesses
Tenderize
Tenderized
Tenderizing
Tenderizes
Tenderizer
Tenderizers
Tenderloin
Tenderloins
Tenderly
Tenderness
Tendernesses
Tendinitis
Tendinitises
Tendon
Tendons
Tendonitis
Tendonitises
Tendril
Tendrils
Tenement
Tenements
Tenet
Tenets
Tenfold
Tennis
Tennises
Tenon
Tenons
Tenoned
Tenoning
Tenor
Tenors
Tenpin
Tenpins
Tense
Tenser
Tensest
Tenses
Tensed
Tensing
Tensely
Tenseness
Tensenesses
Tensile
Tension
Tensions
Tensioned
Tensioning
Tensity
Tensities
Tent
Tents
Tented
Tenting
Tentacle
Tentacles
Tentacled
Tentative
Tentatively
Tentativeness
Tentativenesses
Tenterhook
Tenterhooks
Tenth
Tenths
Tenthly
Tenuity
Tenuities
Tenuous
Tenuously
Tenuousness
Tenuousnesses
Tenure
Tenures
Tenured
Tenuring
Tepee
Tepees
Tepid
Tepider
Tepidest
Tepidity
Tepidities
Tepidly
Tepidness
Tepidnesses
Tequila
Tequilas
Terabyte
Terabytes
Terbium
Terbiums
Tercentenary
Tercentenaries
Tercentennial
Tercentennials
Term
Terms
Termed
Terming
Termagant
Termagants
Terminable
Terminal
Terminals
Terminally
Terminate
Terminated
Terminating
Terminates
Termination
Terminations
Terminological
Terminologically
Terminology
Terminologies
Terminus
Termini
Terminuses
Termite
Termites
Termly
Tern
Terns
Ternary
Ternaries
Terrace
Terraces
Terraced
Terracing
Terracotta
Terracottas
Terrain
Terrains
Terrapin
Terrapins
Terrarium
Terrariums
Terraria
Terrazzo
Terrazzos
Terrestrial
Terrestrials
Terrestrially
Terrible
Terribleness
Terriblenesses
Terribly
Terrier
Terriers
Terrific
Terrifically
Terrify
Terrified
Terrifying
Terrifies
Terrifyingly
Territorial
Territorials
Territory
Territories
Terror
Terrors
Terrorism
Terrorisms
Terrorist
Terrorists
Terrorize
Terrorized
Terrorizing
Terrorizes
Terry
Terries
Terrycloth
Terrycloths
Terse
Terser
Tersest
Tersely
Terseness
Tersenesses
Tertiary
Tertiaries
Tessellate
Tessellated
Tessellating
Tessellates
Tessellation
Tessellations
Test
Tests
Tested
Testing
Testament
Testaments
Testamentary
Testate
Testator
Testators
Testatrix
Testatrices
Testatrixes
Tester
Testers
Testicle
Testicles
Testifier
Testifiers
Testify
Testified
Testifying
Testifies
Testily
Testimonial
Testimonials
Testimony
Testimonies
Testiness
Testinesses
Testis
Testes
Testosterone
Testosterones
Testy
Testier
Testiest
Tetanus
Tetanuses
Tetchy
Tetchier
Tetchiest
Tether
Tethers
Tethered
Tethering
Tetra
Tetras
Tetracycline
Tetracyclines
Tetrahedral
Tetrahedron
Tetrahedrons
Tetrahedra
Tetrameter
Tetrameters
Text
Texts
Textbook
Textbooks
Textile
Textiles
Textual
Textually
Textural
Texture
Textures
Textured
Texturing
Thalamus
Thalami
Thalidomide
Thalidomides
Thallium
Thalliums
Than
Thane
Thanes
Thank
Thanked
Thanking
Thanks
Thankful
Thankfuller
Thankfullest
Thankfully
Thankfulness
Thankfulnesses
Thankless
Thanklessly
Thanklessness
Thanklessnesses
Thanksgiving
Thanksgivings
That
Thatch
Thatches
Thatched
Thatching
Thatcher
Thatchers
Thatchings
Thaw
Thaws
Thawed
Thawing
The
Theater
Theaters
Theatergoer
Theatergoers
Theatre
Theatres
Theatrical
Theatricals
Theatricality
Theatricalities
Theatrically
Theatrics
Thee
Theft
Thefts
Their
Theirs
Theism
Theisms
Theist
Theists
Theistic
Them
Thematic
Thematically
Theme
Themes
Themed
Theming
Themselves
Then
Thens
Thence
Thenceforth
Thenceforward
Theocracy
Theocracies
Theocratic
Theologian
Theologians
Theological
Theologically
Theology
Theologies
Theorem
Theorems
Theoretic
Theoretical
Theoretically
Theoretician
Theoreticians
Theorist
Theorists
Theorize
Theorized
Theorizing
Theorizes
Theory
Theories
Theosophic
Theosophical
Theosophist
Theosophists
Theosophy
Theosophies
Therapeutic
Therapeutics
Therapeutically
Therapist
Therapists
Therapy
Therapies
There
Theres
Thereabout
Thereabouts
Thereafter
Thereat
Thereby
Therefor
Therefore
Therein
Thereof
Thereon
Thereto
Theretofore
Thereunto
Thereupon
Therewith
Therm
Therms
Thermal
Thermals
Thermally
Thermodynamic
Thermodynamics
Thermometer
Thermometers
Thermometric
Thermonuclear
Thermoplastic
Thermoplastics
Thermos
Thermoses
Thermostat
Thermostats
Thermostatted
Thermostated
Thermostatting
Thermostating
Thermostatic
Thermostatically
Thesaurus
Thesauruses
Thesauri
These
Thesis
Theses
Thespian
Thespians
Theta
Thetas
Thew
Thews
They
Thiamin
Thiamins
Thiamine
Thiamines
Thick
Thicker
Thickest
Thicks
Thicken
Thickened
Thickening
Thickens
Thickener
Thickeners
Thickenings
Thicket
Thickets
Thickheaded
Thickly
Thickness
Thicknesses
Thickset
Thicksets
Thief
Thieves
Thieve
Thieved
Thieving
Thievery
Thieveries
Thievings
Thievish
Thigh
Thighs
Thighbone
Thighbones
Thimble
Thimbles
Thimbleful
Thimblefuls
Thin
Thinner
Thinnest
Thinned
Thinning
Thins
Thine
Thing
Things
Thingamabob
Thingamabobs
Thingamajig
Thingamajigs
Think
Thinks
Thought
Thinking
Thinkable
Thinker
Thinkers
Thinkings
Thinly
Thinners
Thinness
Thinnesses
Third
Thirds
Thirdly
Thirst
Thirsts
Thirsted
Thirsting
Thirstily
Thirstiness
Thirstinesses
Thirsty
Thirstier
Thirstiest
Thirteen
Thirteens
Thirteenth
Thirteenths
Thirtieth
Thirtieths
Thirty
Thirties
This
Thistle
Thistles
Thistledown
Thistledowns
Thither
Tho
Thole
Tholes
Tholed
Tholing
Thong
Thongs
Thoracic
Thorax
Thoraxes
Thoraces
Thorium
Thoriums
Thorn
Thorns
Thorned
Thorning
Thorniness
Thorninesses
Thorny
Thornier
Thorniest
Thorough
Thorougher
Thoroughest
Thoroughbred
Thoroughbreds
Thoroughfare
Thoroughfares
Thoroughgoing
Thoroughly
Thoroughness
Thoroughnesses
Those
Thou
Thous
Thoued
Thouing
Though
Thoughts
Thoughtful
Thoughtfully
Thoughtfulness
Thoughtfulnesses
Thoughtless
Thoughtlessly
Thoughtlessness
Thoughtlessnesses
Thousand
Thousands
Thousandfold
Thousandth
Thousandths
Thraldom
Thraldoms
Thrall
Thralls
Thralled
Thralling
Thralldom
Thralldoms
Thrash
Thrashes
Thrashed
Thrashing
Thrasher
Thrashers
Thrashings
Thread
Threads
Threaded
Threading
Threadbare
Threader
Threaders
Threadlike
Thready
Threadier
Threadiest
Threat
Threats
Threated
Threating
Threaten
Threatened
Threatening
Threatens
Threateningly
Three
Threes
Threefold
Threepence
Threepences
Threescore
Threescores
Threesome
Threesomes
Threnody
Threnodies
Thresh
Threshes
Threshed
Threshing
Thresher
Threshers
Threshold
Thresholds
Thrice
Thrift
Thrifts
Thriftily
Thriftiness
Thriftinesses
Thriftless
Thrifty
Thriftier
Thriftiest
Thrill
Thrills
Thrilled
Thrilling
Thriller
Thrillers
Thrillingly
Thrive
Thrived
Throve
Thriven
Thriving
Thrives
Throat
Throats
Throated
Throating
Throatily
Throatiness
Throatinesses
Throaty
Throatier
Throatiest
Throb
Throbs
Throbbed
Throbbing
Throe
Throes
Thrombosis
Thromboses
Thrombotic
Thrombus
Thrombi
Throne
Thrones
Throned
Throning
Throng
Throngs
Thronged
Thronging
Throttle
Throttles
Throttled
Throttling
Throttler
Throttlers
Through
Throughout
Throughput
Throughputs
Throughway
Throughways
Throw
Throws
Threw
Thrown
Throwing
Throwaway
Throwaways
Throwback
Throwbacks
Thrower
Throwers
Thru
Thrum
Thrums
Thrummed
Thrumming
Thrush
Thrushes
Thrust
Thrusts
Thrusting
Thruway
Thruways
Thud
Thuds
Thudded
Thudding
Thug
Thugs
Thuggery
Thuggeries
Thuggish
Thulium
Thuliums
Thumb
Thumbs
Thumbed
Thumbing
Thumbnail
Thumbnails
Thumbprint
Thumbprints
Thumbscrew
Thumbscrews
Thumbtack
Thumbtacks
Thumbtacked
Thumbtacking
Thump
Thumps
Thumped
Thumping
Thumpings
Thunder
Thunders
Thundered
Thundering
Thunderbolt
Thunderbolts
Thunderclap
Thunderclaps
Thundercloud
Thunderclouds
Thunderer
Thunderers
Thunderhead
Thunderheads
Thunderings
Thunderous
Thunderously
Thundershower
Thundershowers
Thunderstorm
Thunderstorms
Thunderstricken
Thunderstruck
Thus
Thwack
Thwacks
Thwacked
Thwacking
Thwacker
Thwackers
Thwart
Thwarts
Thwarted
Thwarting
Thy
Thyme
Thymes
Thymine
Thymines
Thymus
Thymuses
Thymi
Thyroid
Thyroids
Thyroidal
Thyself
Tis
Tiara
Tiaras
Tibia
Tibiae
Tibias
Tibial
Tic
Tics
Tick
Ticks
Ticked
Ticking
Ticker
Tickers
Ticket
Tickets
Ticketed
Ticketing
Tickings
Tickle
Tickles
Tickled
Tickling
Tickler
Ticklers
Ticklish
Ticklishly
Ticklishness
Ticklishnesses
Ticktacktoe
Ticktacktoes
Ticktock
Ticktocks
Ticktocked
Ticktocking
Tidal
Tidally
Tidbit
Tidbits
Tiddlywinks
Tide
Tides
Tided
Tiding
Tideland
Tidelands
Tidewater
Tidewaters
Tideway
Tideways
Tidily
Tidiness
Tidinesses
Tidings
Tidy
Tidier
Tidiest
Tidies
Tidied
Tidying
Tie
Ties
Tied
Tying
Tieing
Tieback
Tiebacks
Tiebreaker
Tiebreakers
Tier
Tiers
Tiered
Tiering
Tiff
Tiffs
Tiffed
Tiffing
Tiger
Tigers
Tigerish
Tight
Tighter
Tightest
Tighten
Tightened
Tightening
Tightens
Tightener
Tighteners
Tightfisted
Tightly
Tightness
Tightnesses
Tightrope
Tightropes
Tightroped
Tightroping
Tights
Tightwad
Tightwads
Tigress
Tigresses
Tike
Tikes
Tilde
Tildes
Tile
Tiles
Tiled
Tiling
Tiler
Tilers
Tilings
Till
Tills
Tilled
Tilling
Tillable
Tillage
Tillages
Tiller
Tillers
Tillered
Tillering
Tilt
Tilts
Tilted
Tilting
Timber
Timbers
Timbered
Timbering
Timberland
Timberlands
Timberline
Timberlines
Timbre
Timbres
Timbrel
Timbrels
Time
Times
Timed
Timing
Timekeeper
Timekeepers
Timekeeping
Timekeepings
Timeless
Timelessly
Timelessness
Timelessnesses
Timeliness
Timelinesses
Timely
Timelier
Timeliest
Timeout
Timeouts
Timepiece
Timepieces
Timer
Timers
Timeserver
Timeservers
Timeserving
Timeservings
Timetable
Timetables
Timetabled
Timetabling
Timeworn
Timid
Timider
Timidest
Timidity
Timidities
Timidly
Timidness
Timidnesses
Timings
Timorous
Timorously
Timorousness
Timorousnesses
Timothy
Timothies
Timpani
Timpanist
Timpanists
Tin
Tins
Tinned
Tinning
Tincture
Tinctures
Tinctured
Tincturing
Tinder
Tinders
Tinderbox
Tinderboxes
Tine
Tines
Tinfoil
Tinfoils
Ting
Tings
Tinged
Tinging
Tinge
Tinges
Tingeing
Tingle
Tingles
Tingled
Tingling
Tinglings
Tingly
Tinglier
Tingliest
Tininess
Tininesses
Tinker
Tinkers
Tinkered
Tinkering
Tinkerer
Tinkerers
Tinkle
Tinkles
Tinkled
Tinkling
Tinniness
Tinninesses
Tinnitus
Tinnituses
Tinny
Tinnier
Tinniest
Tinplate
Tinplates
Tinsel
Tinsels
Tinseled
Tinselled
Tinseling
Tinselling
Tinsmith
Tinsmiths
Tint
Tints
Tinted
Tinting
Tintinnabulation
Tintinnabulations
Tintype
Tintypes
Tinware
Tinwares
Tiny
Tinier
Tiniest
Tip
Tips
Tipped
Tipping
Tipi
Tipis
Tipper
Tippers
Tippet
Tippets
Tipple
Tipples
Tippled
Tippling
Tippler
Tipplers
Tipsily
Tipsiness
Tipsinesses
Tipster
Tipsters
Tipsy
Tipsier
Tipsiest
Tiptoe
Tiptoes
Tiptoed
Tiptoeing
Tiptop
Tiptops
Tirade
Tirades
Tire
Tires
Tired
Tiring
Tireder
Tiredest
Tiredly
Tiredness
Tirednesses
Tireless
Tirelessly
Tirelessness
Tirelessnesses
Tiresome
Tiresomely
Tiresomeness
Tiresomenesses
Tiro
Tiros
Tissue
Tissues
Tissued
Tissuing
Tit
Tits
Titan
Titans
Titanic
Titanium
Titaniums
Titbit
Titbits
Tithe
Tithes
Tithed
Tithing
Tither
Tithers
Titian
Titians
Titillate
Titillated
Titillating
Titillates
Titillatingly
Titillation
Titillations
Titivate
Titivated
Titivating
Titivates
Titivation
Titivations
Title
Titles
Titled
Titling
Titleholder
Titleholders
Titlist
Titlists
Titmouse
Titmice
Titter
Titters
Tittered
Tittering
Tittivate
Tittivated
Tittivating
Tittivates
Tittle
Tittles
Titular
Titulars
Tizzy
Tizzies
Toad
Toads
Toadstool
Toadstools
Toady
Toadies
Toadied
Toadying
Toadyism
Toadyisms
Toast
Toasts
Toasted
Toasting
Toaster
Toasters
Toastmaster
Toastmasters
Toastmistress
Toastmistresses
Toasty
Toastier
Toastiest
Tobacco
Tobaccos
Tobaccoes
Tobacconist
Tobacconists
Toboggan
Toboggans
Tobogganed
Tobogganing
Tobogganer
Tobogganers
Tobogganings
Tocsin
Tocsins
Today
Todays
Toddle
Toddles
Toddled
Toddling
Toddler
Toddlers
Toddy
Toddies
Toe
Toes
Toed
Toeing
Toecap
Toecaps
Toehold
Toeholds
Toenail
Toenails
Toenailed
Toenailing
Toffee
Toffees
Toffy
Toffies
Tofu
Tofus
Tog
Togs
Togged
Togging
Toga
Togas
Togae
Togaed
Together
Togetherness
Togethernesses
Toggle
Toggles
Toggled
Toggling
Toil
Toils
Toiled
Toiling
Toiler
Toilers
Toilet
Toilets
Toileted
Toileting
Toiletry
Toiletries
Toilette
Toilettes
Toilsome
Toke
Tokes
Toked
Toking
Token
Tokens
Tokened
Tokening
Tokenism
Tokenisms
Tole
Toles
Toled
Toling
Tolerable
Tolerably
Tolerance
Tolerances
Tolerant
Tolerantly
Tolerate
Tolerated
Tolerating
Tolerates
Toleration
Tolerations
Toll
Tolls
Tolled
Tolling
Tollbooth
Tollbooths
Tollgate
Tollgates
Tollway
Tollways
Toluene
Toluenes
Tom
Toms
Tommed
Tomming
Tomahawk
Tomahawks
Tomahawked
Tomahawking
Tomato
Tomatoes
Tomb
Tombs
Tombed
Tombing
Tomboy
Tomboys
Tomboyish
Tombstone
Tombstones
Tomcat
Tomcats
Tomcatted
Tomcatting
Tome
Tomes
Tomfoolery
Tomfooleries
Tomographic
Tomography
Tomographies
Tomorrow
Tomorrows
Tomtit
Tomtits
Ton
Tons
Tonal
Tonality
Tonalities
Tonally
Tone
Tones
Toned
Toning
Tonearm
Tonearms
Toneless
Tonelessly
Toner
Toners
Tong
Tongs
Tonged
Tonging
Tongue
Tongues
Tongued
Tonguing
Tongueless
Tonic
Tonics
Tonight
Tonights
Tonnage
Tonnages
Tonne
Tonnes
Tonsil
Tonsils
Tonsillectomy
Tonsillectomies
Tonsillitis
Tonsillitises
Tonsorial
Tonsure
Tonsures
Tonsured
Tonsuring
Tony
Tonier
Toniest
Too
Tool
Tools
Tooled
Tooling
Toolbox
Toolboxes
Toolmaker
Toolmakers
Toot
Toots
Tooted
Tooting
Tooter
Tooters
Tooth
Teeth
Toothed
Toothing
Tooths
Toothache
Toothaches
Toothbrush
Toothbrushes
Toothily
Toothless
Toothpaste
Toothpastes
Toothpick
Toothpicks
Toothsome
Toothy
Toothier
Toothiest
Tootle
Tootles
Tootled
Tootling
Top
Tops
Topped
Topping
Topaz
Topazes
Topcoat
Topcoats
Topdressing
Topdressings
Topflight
Topiary
Topiaries
Topic
Topics
Topical
Topicality
Topicalities
Topically
Topknot
Topknots
Topless
Topmast
Topmasts
Topmost
Topnotch
Topographer
Topographers
Topographic
Topographical
Topographically
Topography
Topographies
Topper
Toppers
Toppings
Topple
Toppled
Toppling
Topples
Topsail
Topsails
Topside
Topsides
Topsoil
Topsoils
Topsoiled
Topsoiling
Topspin
Topspins
Toque
Toques
Tor
Tors
Torah
Torahs
Torch
Torches
Torched
Torching
Torchbearer
Torchbearers
Torchlight
Torchlights
Tores
Toreador
Toreadors
Torment
Torments
Tormented
Tormenting
Tormenter
Tormenters
Tormentingly
Tormentor
Tormentors
Tornado
Tornadoes
Tornados
Torpedo
Torpedoes
Torpedoed
Torpedoing
Torpid
Torpids
Torpidity
Torpidities
Torpidly
Torpor
Torpors
Torque
Torques
Torqued
Torquing
Torrent
Torrents
Torrential
Torrid
Torrider
Torridest
Torridity
Torridities
Torridly
Torridness
Torridnesses
Torsion
Torsions
Torsional
Torso
Torsos
Torsi
Torsoes
Tort
Torts
Torte
Tortes
Tortellini
Tortellinis
Tortilla
Tortillas
Tortoise
Tortoises
Tortoiseshell
Tortoiseshells
Tortoni
Tortonis
Tortuous
Tortuously
Tortuousness
Tortuousnesses
Torture
Tortures
Tortured
Torturing
Torturer
Torturers
Torturous
Toss
Tosses
Tossed
Tost
Tossing
Tossup
Tossups
Tot
Tots
Totted
Totting
Total
Totals
Totaled
Totalled
Totaling
Totalling
Totalisator
Totalisators
Totalitarian
Totalitarians
Totalitarianism
Totalitarianisms
Totality
Totalities
Totalizator
Totalizators
Totally
Tote
Totes
Toted
Toting
Totem
Totems
Totemic
Totter
Totters
Tottered
Tottering
Totterer
Totterers
Toucan
Toucans
Touch
Touches
Touched
Touching
Touchable
Touchdown
Touchdowns
Touche
Touchily
Touchiness
Touchinesses
Touchingly
Touchscreen
Touchscreens
Touchstone
Touchstones
Touchy
Touchier
Touchiest
Tough
Tougher
Toughest
Toughs
Toughen
Toughened
Toughening
Toughens
Toughener
Tougheners
Toughie
Toughies
Toughly
Toughness
Toughnesses
Toupee
Toupees
Tour
Tours
Toured
Touring
Tourism
Tourisms
Tourist
Tourists
Tourmaline
Tourmalines
Tournament
Tournaments
Tourney
Tourneys
Tourneyed
Tourneying
Tourniquet
Tourniquets
Tousle
Tousles
Tousled
Tousling
Tout
Touts
Touted
Touting
Tow
Tows
Towed
Towing
Toward
Towards
Towboat
Towboats
Towel
Towels
Toweled
Towelled
Toweling
Towelling
Towelette
Towelettes
Towelings
Towellings
Tower
Towers
Towered
Towering
Towhead
Towheads
Towheaded
Towhee
Towhees
Towline
Towlines
Town
Towns
Townhouse
Townhouses
Townie
Townies
Townsfolk
Township
Townships
Townsman
Townsmen
Townspeople
Townswoman
Townswomen
Towpath
Towpaths
Towrope
Towropes
Toxemia
Toxemias
Toxic
Toxics
Toxicity
Toxicities
Toxicological
Toxicologist
Toxicologists
Toxicology
Toxicologies
Toxin
Toxins
Toy
Toys
Toyed
Toying
Trace
Traces
Traced
Tracing
Traceable
Tracer
Tracers
Tracery
Traceries
Trachea
Tracheae
Tracheas
Tracheal
Tracheotomy
Tracheotomies
Tracings
Track
Tracks
Tracked
Tracking
Trackball
Trackballs
Tracker
Trackers
Trackless
Tract
Tracts
Tractability
Tractabilities
Tractable
Tractably
Traction
Tractions
Tractor
Tractors
Trade
Trades
Traded
Trading
Trademark
Trademarks
Trademarked
Trademarking
Tradeoff
Tradeoffs
Trader
Traders
Tradesman
Tradesmen
Tradespeople
Tradeswoman
Tradeswomen
Tradings
Tradition
Traditions
Traditional
Traditionalism
Traditionalisms
Traditionalist
Traditionalists
Traditionally
Traduce
Traduced
Traducing
Traduces
Traducer
Traducers
Traffic
Traffics
Trafficked
Trafficking
Trafficker
Traffickers
Traffickings
Tragedian
Tragedians
Tragedienne
Tragediennes
Tragedy
Tragedies
Tragic
Tragically
Tragicomedy
Tragicomedies
Tragicomic
Trail
Trails
Trailed
Trailing
Trailblazer
Trailblazers
Trailblazing
Trailblazings
Trailer
Trailers
Train
Trains
Trained
Training
Trainable
Trainee
Trainees
Trainer
Trainers
Trainings
Trainload
Trainloads
Trainman
Trainmen
Traipse
Traipses
Traipsed
Traipsing
Trait
Traits
Traitor
Traitors
Traitorous
Traitorously
Trajectory
Trajectories
Tram
Trams
Trammed
Tramming
Trammel
Trammels
Trammeled
Trammelled
Trammeling
Trammelling
Tramp
Tramps
Tramped
Tramping
Tramper
Trampers
Trample
Tramples
Trampled
Trampling
Trampler
Tramplers
Trampoline
Trampolines
Trampolined
Trampolining
Trance
Trances
Tranced
Trancing
Tranquil
Tranquiler
Tranquiller
Tranquilest
Tranquillest
Tranquility
Tranquilities
Tranquilize
Tranquilized
Tranquilizing
Tranquilizes
Tranquilizer
Tranquilizers
Tranquillity
Tranquillities
Tranquillize
Tranquillized
Tranquillizing
Tranquillizes
Tranquillizer
Tranquillizers
Tranquilly
Transact
Transacted
Transacting
Transacts
Transaction
Transactions
Transactor
Transactors
Transatlantic
Transceiver
Transceivers
Transcend
Transcended
Transcending
Transcends
Transcendence
Transcendences
Transcendent
Transcendents
Transcendental
Transcendentals
Transcendentalism
Transcendentalisms
Transcendentalist
Transcendentalists
Transcendentally
Transcontinental
Transcribe
Transcribed
Transcribing
Transcribes
Transcriber
Transcribers
Transcript
Transcripts
Transcription
Transcriptions
Transducer
Transducers
Transect
Transected
Transecting
Transects
Transept
Transepts
Transfer
Transfers
Transferred
Transferring
Transferable
Transferal
Transferals
Transference
Transferences
Transfiguration
Transfigurations
Transfigure
Transfigured
Transfiguring
Transfigures
Transfix
Transfixed
Transfixt
Transfixing
Transfixes
Transform
Transforms
Transformed
Transforming
Transformable
Transformation
Transformations
Transformer
Transformers
Transfuse
Transfused
Transfusing
Transfuses
Transfusion
Transfusions
Transgender
Transgenders
Transgendered
Transgress
Transgressed
Transgressing
Transgresses
Transgression
Transgressions
Transgressor
Transgressors
Transience
Transiences
Transiency
Transiencies
Transient
Transients
Transiently
Transistor
Transistors
Transistorize
Transistorized
Transistorizing
Transistorizes
Transit
Transits
Transited
Transiting
Transition
Transitions
Transitioned
Transitioning
Transitional
Transitionally
Transitive
Transitives
Transitively
Transitiveness
Transitivenesses
Transitivity
Transitivities
Transitory
Translatable
Translate
Translated
Translating
Translates
Translation
Translations
Translator
Translators
Transliterate
Transliterated
Transliterating
Transliterates
Transliteration
Transliterations
Translucence
Translucences
Translucency
Translucencies
Translucent
Translucently
Transmigrate
Transmigrated
Transmigrating
Transmigrates
Transmigration
Transmigrations
Transmissible
Transmission
Transmissions
Transmit
Transmitted
Transmitting
Transmits
Transmittable
Transmittal
Transmittals
Transmittance
Transmittances
Transmitter
Transmitters
Transmogrification
Transmogrifications
Transmogrify
Transmogrified
Transmogrifying
Transmogrifies
Transmutable
Transmutation
Transmutations
Transmute
Transmuted
Transmuting
Transmutes
Transnational
Transnationals
Transoceanic
Transom
Transoms
Transpacific
Transparency
Transparencies
Transparent
Transparently
Transpiration
Transpirations
Transpire
Transpired
Transpiring
Transpires
Transplant
Transplants
Transplanted
Transplanting
Transplantation
Transplantations
Transpolar
Transponder
Transponders
Transport
Transports
Transported
Transporting
Transportable
Transportation
Transportations
Transporter
Transporters
Transpose
Transposed
Transposing
Transposes
Transposition
Transpositions
Transsexual
Transsexuals
Transsexualism
Transsexualisms
Transship
Transshipped
Transshipping
Transships
Transshipment
Transshipments
Transubstantiation
Transubstantiations
Transverse
Transverses
Transversely
Transvestism
Transvestisms
Transvestite
Transvestites
Trap
Traps
Trapped
Trapping
Trapdoor
Trapdoors
Trapeze
Trapezes
Trapezium
Trapeziums
Trapezia
Trapezoid
Trapezoids
Trapezoidal
Trapper
Trappers
Trappings
Trapshooting
Trapshootings
Trash
Trashes
Trashed
Trashing
Trashiness
Trashinesses
Trashy
Trashier
Trashiest
Trauma
Traumas
Traumata
Traumatic
Traumatically
Traumatize
Traumatized
Traumatizing
Traumatizes
Travail
Travails
Travailed
Travailing
Travel
Travels
Traveled
Travelled
Traveling
Travelling
Traveler
Travelers
Travelings
Traveller
Travellers
Travelog
Travelogs
Travelogue
Travelogues
Traversal
Traversals
Traverse
Traverses
Traversed
Traversing
Travesty
Travesties
Travestied
Travestying
Trawl
Trawls
Trawled
Trawling
Trawler
Trawlers
Tray
Trays
Treacherous
Treacherously
Treacherousness
Treacherousnesses
Treachery
Treacheries
Treacle
Treacles
Treacly
Treaclier
Treacliest
Tread
Treads
Trod
Trodden
Treading
Treadle
Treadles
Treadled
Treadling
Treadmill
Treadmills
Treason
Treasons
Treasonable
Treasonous
Treasure
Treasures
Treasured
Treasuring
Treasurer
Treasurers
Treasury
Treasuries
Treat
Treats
Treated
Treating
Treatable
Treatise
Treatises
Treatment
Treatments
Treaty
Treaties
Treble
Trebles
Trebled
Trebling
Tree
Trees
Treed
Treeing
Treeless
Treelike
Treetop
Treetops
Trefoil
Trefoils
Trek
Treks
Trekked
Trekking
Trekker
Trekkers
Trellis
Trellises
Trellised
Trellising
Trematode
Trematodes
Tremble
Trembles
Trembled
Trembling
Tremendous
Tremendously
Tremolo
Tremolos
Tremor
Tremors
Tremulous
Tremulously
Tremulousness
Tremulousnesses
Trench
Trenches
Trenched
Trenching
Trenchancy
Trenchancies
Trenchant
Trenchantly
Trencher
Trenchers
Trencherman
Trenchermen
Trend
Trends
Trended
Trending
Trendily
Trendiness
Trendinesses
Trendy
Trendier
Trendiest
Trendies
Trepidation
Trepidations
Trespass
Trespasses
Trespassed
Trespassing
Trespasser
Trespassers
Tress
Tresses
Tressed
Tressing
Trestle
Trestles
Trey
Treys
Triad
Triads
Triage
Triages
Triaged
Triaging
Trial
Trials
Trialled
Trialling
Triangle
Triangles
Triangular
Triangularly
Triangulate
Triangulated
Triangulating
Triangulates
Triangulation
Triangulations
Triathlon
Triathlons
Tribal
Tribalism
Tribalisms
Tribe
Tribes
Tribesman
Tribesmen
Tribeswoman
Tribeswomen
Tribulation
Tribulations
Tribunal
Tribunals
Tribune
Tribunes
Tributary
Tributaries
Tribute
Tributes
Trice
Trices
Triced
Tricing
Tricentennial
Tricentennials
Triceps
Tricepses
Triceratops
Triceratopses
Trichina
Trichinae
Trichinas
Trichinosis
Trichinoses
Trick
Tricks
Tricked
Tricking
Trickery
Trickeries
Trickily
Trickiness
Trickinesses
Trickle
Trickles
Trickled
Trickling
Trickster
Tricksters
Tricky
Trickier
Trickiest
Tricolor
Tricolors
Tricolour
Tricolours
Tricycle
Tricycles
Trident
Tridents
Triennial
Triennials
Triennially
Trier
Triers
Trifle
Trifles
Trifled
Trifling
Trifler
Triflers
Triflings
Trifocals
Trig
Trigger
Triggest
Trigs
Trigged
Trigging
Triggers
Triggered
Triggering
Triglyceride
Triglycerides
Trigonometric
Trigonometrical
Trigonometry
Trigonometries
Trike
Trikes
Trilateral
Trilby
Trilbies
Trill
Trills
Trilled
Trilling
Trillion
Trillions
Trillionth
Trillionths
Trillium
Trilliums
Trilobite
Trilobites
Trilogy
Trilogies
Trim
Trimmer
Trimmest
Trims
Trimmed
Trimming
Trimaran
Trimarans
Trimester
Trimesters
Trimly
Trimmers
Trimmings
Trimness
Trimnesses
Trimonthly
Trinitrotoluene
Trinitrotoluenes
Trinity
Trinities
Trinket
Trinkets
Trinketed
Trinketing
Trio
Trios
Trip
Trips
Tripped
Tripping
Tripartite
Tripe
Tripes
Triple
Triples
Tripled
Tripling
Triplet
Triplets
Triplex
Triplexes
Triplicate
Triplicates
Triplicated
Triplicating
Triply
Tripod
Tripods
Tripodal
Tripper
Trippers
Triptych
Triptychs
Trireme
Triremes
Trisect
Trisected
Trisecting
Trisects
Trisection
Trisections
Trite
Triter
Tritest
Tritely
Triteness
Tritenesses
Tritium
Tritiums
Triumph
Triumphs
Triumphed
Triumphing
Triumphal
Triumphant
Triumphantly
Triumvir
Triumvirs
Triumvirate
Triumvirates
Trivalent
Trivet
Trivets
Trivia
Trivial
Triviality
Trivialities
Trivialization
Trivializations
Trivialize
Trivialized
Trivializing
Trivializes
Trivially
Trivium
Trochaic
Trochaics
Trochee
Trochees
Troglodyte
Troglodytes
Troika
Troikas
Troll
Trolls
Trolled
Trolling
Trolley
Trolleys
Trolleyed
Trolleying
Trolleybus
Trolleybuses
Trolleybusses
Trollop
Trollops
Trolly
Trollies
Trollied
Trollying
Trombone
Trombones
Trombonist
Trombonists
Tromp
Tromped
Tromping
Tromps
Troop
Troops
Trooped
Trooping
Trooper
Troopers
Troopship
Troopships
Trope
Tropes
Trophy
Trophies
Tropic
Tropics
Tropical
Tropically
Tropism
Tropisms
Troposphere
Tropospheres
Trot
Trots
Trotted
Trotting
Troth
Troths
Trotter
Trotters
Troubadour
Troubadours
Trouble
Troubles
Troubled
Troubling
Troublemaker
Troublemakers
Troubleshoot
Troubleshot
Troubleshooted
Troubleshooting
Troubleshoots
Troubleshooter
Troubleshooters
Troubleshootings
Troublesome
Troublesomely
Trough
Troughs
Trounce
Trounced
Trouncing
Trounces
Trouncer
Trouncers
Troupe
Troupes
Trouped
Trouping
Trouper
Troupers
Trouser
Trousers
Trousseau
Trousseaux
Trousseaus
Trout
Trouts
Trove
Troves
Trow
Trowed
Trowing
Trows
Trowel
Trowels
Troweled
Trowelled
Troweling
Trowelling
Troy
Truancy
Truancies
Truant
Truants
Truanted
Truanting
Truce
Truces
Truced
Trucing
Truck
Trucks
Trucked
Trucking
Trucker
Truckers
Truckings
Truckle
Truckles
Truckled
Truckling
Truckload
Truckloads
Truculence
Truculences
Truculent
Truculently
Trudge
Trudges
Trudged
Trudging
True
Truer
Truest
Trues
Trued
Truing
Trueing
Truelove
Trueloves
Truffle
Truffles
Truism
Truisms
Truly
Trump
Trumps
Trumped
Trumping
Trumpery
Trumperies
Trumpet
Trumpets
Trumpeted
Trumpeting
Trumpeter
Trumpeters
Truncate
Truncated
Truncating
Truncates
Truncation
Truncations
Truncheon
Truncheons
Truncheoned
Truncheoning
Trundle
Trundles
Trundled
Trundling
Trundler
Trundlers
Trunk
Trunks
Truss
Trusses
Trussed
Trussing
Trust
Trusts
Trusted
Trusting
Trustee
Trustees
Trusteed
Trusteeing
Trusteeship
Trusteeships
Trustful
Trustfully
Trustfulness
Trustfulnesses
Trustingly
Trustworthiness
Trustworthinesses
Trustworthy
Trustworthier
Trustworthiest
Trusty
Trustier
Trustiest
Trusties
Truth
Truths
Truthful
Truthfully
Truthfulness
Truthfulnesses
Try
Tries
Tried
Trying
Tryingly
Tryout
Tryouts
Tryst
Trysts
Trysted
Trysting
Tsar
Tsars
Tsarina
Tsarinas
Tsetse
Tsetses
Tsunami
Tsunamis
Tub
Tubs
Tubbed
Tubbing
Tuba
Tubas
Tubae
Tubal
Tubby
Tubbier
Tubbiest
Tube
Tubes
Tubed
Tubing
Tubeless
Tuber
Tubers
Tubercle
Tubercles
Tubercular
Tuberculars
Tuberculin
Tuberculins
Tuberculosis
Tuberculoses
Tuberculous
Tuberose
Tuberoses
Tuberous
Tubful
Tubfuls
Tubings
Tubular
Tubule
Tubules
Tuck
Tucks
Tucked
Tucking
Tucker
Tuckers
Tuckered
Tuckering
Tuft
Tufts
Tufted
Tufting
Tufter
Tufters
Tug
Tugs
Tugged
Tugging
Tugboat
Tugboats
Tuition
Tuitions
Tularemia
Tularemias
Tulip
Tulips
Tulle
Tulles
Tumble
Tumbles
Tumbled
Tumbling
Tumbledown
Tumbler
Tumblers
Tumbleweed
Tumbleweeds
Tumblings
Tumbrel
Tumbrels
Tumbril
Tumbrils
Tumescence
Tumescences
Tumescent
Tumid
Tumidity
Tumidities
Tummy
Tummies
Tumor
Tumors
Tumorous
Tumour
Tumours
Tumult
Tumults
Tumultuous
Tumultuously
Tun
Tuns
Tunned
Tunning
Tuna
Tunas
Tundra
Tundras
Tune
Tunes
Tuned
Tuning
Tuneful
Tunefully
Tunefulness
Tunefulnesses
Tuneless
Tunelessly
Tuner
Tuners
Tuneup
Tuneups
Tungsten
Tungstens
Tunic
Tunics
Tunnel
Tunnels
Tunneled
Tunnelled
Tunneling
Tunnelling
Tunneler
Tunnelers
Tunneller
Tunnellers
Tunny
Tunnies
Tuque
Tuques
Turban
Turbans
Turbid
Turbidity
Turbidities
Turbine
Turbines
Turbo
Turbos
Turbocharge
Turbocharged
Turbocharging
Turbocharges
Turbocharger
Turbochargers
Turbofan
Turbofans
Turbojet
Turbojets
Turboprop
Turboprops
Turbot
Turbots
Turbulence
Turbulences
Turbulent
Turbulently
Turd
Turds
Tureen
Tureens
Turf
Turfs
Turves
Turfed
Turfing
Turfy
Turfier
Turfiest
Turgid
Turgidity
Turgidities
Turgidly
Turkey
Turkeys
Turmeric
Turmerics
Turmoil
Turmoils
Turn
Turns
Turned
Turning
Turnabout
Turnabouts
Turnaround
Turnarounds
Turnbuckle
Turnbuckles
Turncoat
Turncoats
Turner
Turners
Turnings
Turnip
Turnips
Turnkey
Turnkeys
Turnoff
Turnoffs
Turnout
Turnouts
Turnover
Turnovers
Turnpike
Turnpikes
Turnstile
Turnstiles
Turntable
Turntables
Turpentine
Turpentines
Turpentined
Turpentining
Turpitude
Turpitudes
Turquoise
Turquoises
Turret
Turrets
Turreted
Turtle
Turtles
Turtled
Turtling
Turtledove
Turtledoves
Turtleneck
Turtlenecks
Turtlenecked
Tush
Tushes
Tusk
Tusks
Tusked
Tusking
Tussle
Tussles
Tussled
Tussling
Tussock
Tussocks
Tussocky
Tut
Tuts
Tutted
Tutting
Tutelage
Tutelages
Tutelary
Tutelaries
Tutor
Tutors
Tutored
Tutoring
Tutorial
Tutorials
Tutorship
Tutorships
Tutti
Tuttis
Tutu
Tutus
Tux
Tuxes
Tuxedo
Tuxedos
Tuxedoes
Twaddle
Twaddles
Twaddled
Twaddling
Twaddler
Twaddlers
Twain
Twains
Twang
Twangs
Twanged
Twanging
Twangy
Twangier
Twangiest
Twas
Tweak
Tweaks
Tweaked
Tweaking
Tweed
Tweeds
Tweedy
Tweedier
Tweediest
Tween
Tweet
Tweets
Tweeted
Tweeting
Tweeter
Tweeters
Tweezers
Twelfth
Twelfths
Twelve
Twelves
Twelvemonth
Twelvemonths
Twentieth
Twentieths
Twenty
Twenties
Twerp
Twerps
Twice
Twiddle
Twiddles
Twiddled
Twiddling
Twiddly
Twiddlier
Twiddliest
Twig
Twigs
Twigged
Twigging
Twiggy
Twiggier
Twiggiest
Twilight
Twilights
Twilit
Twill
Twills
Twilled
Twilling
Twin
Twins
Twinned
Twinning
Twine
Twines
Twined
Twining
Twiner
Twiners
Twinge
Twinges
Twinged
Twinging
Twingeing
Twinight
Twinkle
Twinkles
Twinkled
Twinkling
Twinklings
Twinkly
Twirl
Twirls
Twirled
Twirling
Twirler
Twirlers
Twirly
Twirlier
Twirliest
Twist
Twists
Twisted
Twisting
Twister
Twisters
Twisty
Twistier
Twistiest
Twit
Twits
Twitted
Twitting
Twitch
Twitches
Twitched
Twitching
Twitchy
Twitchier
Twitchiest
Twitter
Twitters
Twittered
Twittering
Twittery
Twixt
Two
Twos
Twofer
Twofers
Twofold
Twopence
Twopences
Twopenny
Twosome
Twosomes
Tycoon
Tycoons
Tyke
Tykes
Tympani
Tympanist
Tympanists
Tympanum
Tympanums
Tympana
Type
Types
Typed
Typing
Typecast
Typecasting
Typecasts
Typeface
Typefaces
Typescript
Typescripts
Typeset
Typesetting
Typesets
Typesetter
Typesetters
Typesettings
Typewrite
Typewrote
Typewritten
Typewriting
Typewrites
Typewriter
Typewriters
Typewritings
Typhoid
Typhoids
Typhoon
Typhoons
Typhus
Typhuses
Typical
Typicality
Typicalities
Typically
Typification
Typifications
Typify
Typified
Typifying
Typifies
Typings
Typist
Typists
Typo
Typos
Typographer
Typographers
Typographic
Typographical
Typographically
Typography
Typographies
Typology
Typologies
Tyrannic
Tyrannical
Tyrannically
Tyrannize
Tyrannized
Tyrannizing
Tyrannizes
Tyrannosaur
Tyrannosaurs
Tyrannosaurus
Tyrannosauruses
Tyrannous
Tyranny
Tyrannies
Tyrant
Tyrants
Tyre
Tyres
Tyred
Tyring
Tyro
Tyros
Tzar
Tzars
Tzarina
Tzarinas
Ubiquitous
Ubiquitously
Ubiquity
Ubiquities
Udder
Udders
Ufologist
Ufologists
Ufology
Ufologies
Ugh
Ughs
Ugliness
Uglinesses
Ugly
Uglier
Ugliest
Ukase
Ukases
Ukelele
Ukeleles
Ukulele
Ukuleles
Ulcer
Ulcers
Ulcerate
Ulcerated
Ulcerating
Ulcerates
Ulceration
Ulcerations
Ulcerous
Ulna
Ulnae
Ulnas
Ulnar
Ulster
Ulsters
Ulterior
Ultimate
Ultimates
Ultimately
Ultimatum
Ultimatums
Ultimata
Ultimo
Ultra
Ultras
Ultraconservative
Ultraconservatives
Ultrahigh
Ultralight
Ultralights
Ultramarine
Ultramarines
Ultramodern
Ultrasonic
Ultrasonically
Ultrasound
Ultrasounds
Ultraviolet
Ultraviolets
Ululate
Ululated
Ululating
Ululates
Ululation
Ululations
Umbel
Umbels
Umber
Umbers
Umbered
Umbering
Umbilical
Umbilicals
Umbilicus
Umbilici
Umbilicuses
Umbra
Umbras
Umbrae
Umbrage
Umbrages
Umbrella
Umbrellas
Umiak
Umiaks
Umlaut
Umlauts
Umlauted
Umlauting
Ump
Umps
Umped
Umping
Umpire
Umpires
Umpired
Umpiring
Umpteen
Umpteenth
Unabashed
Unabashedly
Unabated
Unable
Unabridged
Unabridgeds
Unaccented
Unacceptable
Unacceptably
Unaccommodating
Unaccompanied
Unaccomplished
Unaccountable
Unaccountably
Unaccounted
Unaccredited
Unaccustomed
Unacknowledged
Unacquainted
Unadorned
Unadulterated
Unadventurous
Unadvertised
Unadvised
Unadvisedly
Unaesthetic
Unaffected
Unaffectedly
Unaffiliated
Unafraid
Unaided
Unalienable
Unaligned
Unalike
Unalloyed
Unalterable
Unalterably
Unaltered
Unambiguous
Unambiguously
Unambitious
Unanimity
Unanimities
Unanimous
Unanimously
Unannounced
Unanswerable
Unanswered
Unanticipated
Unapologetic
Unapparent
Unappealing
Unappealingly
Unappetizing
Unappreciated
Unappreciative
Unapproachable
Unappropriated
Unapproved
Unarguable
Unarguably
Unarmed
Unarmored
Unashamed
Unashamedly
Unasked
Unassailable
Unassertive
Unassisted
Unassuming
Unassumingly
Unattached
Unattainable
Unattended
Unattested
Unattractive
Unattractively
Unauthentic
Unauthorized
Unavailability
Unavailabilities
Unavailable
Unavailing
Unavailingly
Unavoidable
Unavoidably
Unaware
Unawareness
Unawarenesses
Unawares
Unbaked
Unbalanced
Unbaptized
Unbar
Unbarred
Unbarring
Unbars
Unbearable
Unbearably
Unbeatable
Unbeaten
Unbecoming
Unbecomingly
Unbeknown
Unbeknownst
Unbelief
Unbeliefs
Unbelievable
Unbelievably
Unbeliever
Unbelievers
Unbelieving
Unbend
Unbent
Unbending
Unbends
Unbiased
Unbiassed
Unbid
Unbidden
Unbind
Unbound
Unbinding
Unbinds
Unbleached
Unblemished
Unblinking
Unblock
Unblocked
Unblocking
Unblocks
Unblushing
Unblushingly
Unbolt
Unbolted
Unbolting
Unbolts
Unborn
Unbosom
Unbosomed
Unbosoming
Unbosoms
Unbounded
Unbowed
Unbreakable
Unbridgeable
Unbridled
Unbroken
Unbuckle
Unbuckled
Unbuckling
Unbuckles
Unburden
Unburdened
Unburdening
Unburdens
Unbutton
Unbuttoned
Unbuttoning
Unbuttons
Uncannily
Uncanny
Uncannier
Uncanniest
Uncap
Uncapped
Uncapping
Uncaps
Uncaring
Uncaught
Unceasing
Unceasingly
Uncensored
Unceremonious
Unceremoniously
Uncertain
Uncertainly
Uncertainty
Uncertainties
Unchain
Unchained
Unchaining
Unchains
Unchallenged
Unchangeable
Unchanged
Unchanging
Unchaperoned
Uncharacteristic
Uncharacteristically
Uncharged
Uncharitable
Uncharitably
Uncharted
Unchaste
Unchaster
Unchastest
Unchecked
Unchristian
Uncial
Uncials
Uncircumcised
Uncivil
Uncivilized
Uncivilly
Unclad
Unclaimed
Unclasp
Unclasped
Unclasping
Unclasps
Unclassified
Uncle
Uncles
Unclean
Uncleaner
Uncleanest
Uncleaned
Uncleanliness
Uncleanlinesses
Uncleanly
Uncleanlier
Uncleanliest
Uncleanness
Uncleannesses
Unclear
Unclearer
Unclearest
Uncleared
Uncloak
Uncloaked
Uncloaking
Uncloaks
Unclog
Unclogged
Unclogging
Unclogs
Unclothe
Unclothed
Unclothing
Unclothes
Unclouded
Uncluttered
Uncoil
Uncoiled
Uncoiling
Uncoils
Uncollected
Uncolored
Uncombed
Uncombined
Uncomfortable
Uncomfortably
Uncommitted
Uncommon
Uncommoner
Uncommonest
Uncommonly
Uncommonness
Uncommonnesses
Uncommunicative
Uncompensated
Uncomplaining
Uncomplainingly
Uncompleted
Uncomplicated
Uncomplimentary
Uncompounded
Uncomprehending
Uncomprehendingly
Uncompromising
Uncompromisingly
Unconcealed
Unconcern
Unconcerns
Unconcerned
Unconcernedly
Unconditional
Unconditionally
Unconditioned
Unconfined
Unconfirmed
Unconformable
Uncongenial
Unconnected
Unconquerable
Unconquered
Unconscionable
Unconscionably
Unconscious
Unconsciouses
Unconsciously
Unconsciousness
Unconsciousnesses
Unconsecrated
Unconsidered
Unconsolidated
Unconstitutional
Unconstitutionality
Unconstitutionalities
Unconstitutionally
Unconstrained
Unconsumed
Unconsummated
Uncontaminated
Uncontested
Uncontrollable
Uncontrollably
Uncontrolled
Unconventional
Unconventionality
Unconventionalities
Unconventionally
Unconverted
Unconvinced
Unconvincing
Unconvincingly
Uncooked
Uncool
Uncooperative
Uncoordinated
Uncork
Uncorked
Uncorking
Uncorks
Uncorrected
Uncorroborated
Uncountable
Uncounted
Uncouple
Uncoupled
Uncoupling
Uncouples
Uncouth
Uncouther
Uncouthest
Uncouthly
Uncover
Uncovered
Uncovering
Uncovers
Uncritical
Uncritically
Uncross
Uncrossed
Uncrossing
Uncrosses
Uncrowded
Uncrowned
Unction
Unctions
Unctuous
Unctuously
Unctuousness
Unctuousnesses
Uncultivated
Uncultured
Uncured
Uncurl
Uncurled
Uncurling
Uncurls
Uncustomary
Uncut
Undamaged
Undated
Undaunted
Undauntedly
Undeceive
Undeceived
Undeceiving
Undeceives
Undecided
Undecideds
Undecipherable
Undeclared
Undefeated
Undefended
Undefinable
Undefined
Undemanding
Undemocratic
Undemonstrative
Undemonstratively
Undeniable
Undeniably
Undependable
Under
Underachieve
Underachieved
Underachieving
Underachieves
Underachiever
Underachievers
Underact
Underacted
Underacting
Underacts
Underage
Underages
Underarm
Underarms
Underbelly
Underbellies
Underbid
Underbids
Underbidding
Underbrush
Underbrushes
Undercarriage
Undercarriages
Undercharge
Undercharges
Undercharged
Undercharging
Underclass
Underclasses
Underclassman
Underclassmen
Underclothes
Underclothing
Underclothings
Undercoat
Undercoats
Undercoated
Undercoating
Undercoatings
Undercover
Undercurrent
Undercurrents
Undercut
Undercuts
Undercutting
Underdeveloped
Underdevelopment
Underdevelopments
Underdog
Underdogs
Underdone
Underemployed
Underemployment
Underemployments
Underestimate
Underestimates
Underestimated
Underestimating
Underestimation
Underestimations
Underexpose
Underexposed
Underexposing
Underexposes
Underexposure
Underexposures
Underfeed
Underfed
Underfeeding
Underfeeds
Underfoot
Underfur
Underfurs
Undergarment
Undergarments
Undergo
Underwent
Undergone
Undergoing
Undergoes
Undergraduate
Undergraduates
Underground
Undergrounds
Undergrowth
Undergrowths
Underhand
Underhanded
Underhandedly
Underhandedness
Underhandednesses
Underlay
Underlays
Underlaid
Underlaying
Underlie
Underlain
Underlying
Underlies
Underline
Underlines
Underlined
Underlining
Underling
Underlings
Underlip
Underlips
Undermanned
Undermentioned
Undermine
Undermined
Undermining
Undermines
Undermost
Underneath
Underneaths
Undernourished
Undernourishment
Undernourishments
Underpaid
Underpants
Underpart
Underparts
Underpass
Underpasses
Underpay
Underpaying
Underpays
Underpayment
Underpayments
Underpin
Underpinned
Underpinning
Underpins
Underpinnings
Underplay
Underplayed
Underplaying
Underplays
Underpopulated
Underprivileged
Underproduction
Underproductions
Underrate
Underrated
Underrating
Underrates
Underrepresented
Underscore
Underscores
Underscored
Underscoring
Undersea
Underseas
Undersecretary
Undersecretaries
Undersell
Undersold
Underselling
Undersells
Undersexed
Undershirt
Undershirts
Undershoot
Undershot
Undershooting
Undershoots
Undershorts
Underside
Undersides
Undersign
Undersigned
Undersigning
Undersigns
Undersize
Undersized
Underskirt
Underskirts
Understaffed
Understand
Understood
Understanding
Understands
Understandable
Understandably
Understandings
Understandingly
Understate
Understated
Understating
Understates
Understatement
Understatements
Understudy
Understudies
Understudied
Understudying
Undertake
Undertook
Undertaken
Undertaking
Undertakes
Undertaker
Undertakers
Undertakings
Underthings
Undertone
Undertones
Undertow
Undertows
Undervaluation
Undervaluations
Undervalue
Undervalued
Undervaluing
Undervalues
Underwater
Underwaters
Underway
Underwear
Underwears
Underweight
Underweights
Underwhelm
Underwhelmed
Underwhelming
Underwhelms
Underworld
Underworlds
Underwrite
Underwrote
Underwritten
Underwriting
Underwrites
Underwriter
Underwriters
Undeserved
Undeservedly
Undeserving
Undesirability
Undesirabilities
Undesirable
Undesirables
Undesirably
Undesired
Undetectable
Undetected
Undetermined
Undeterred
Undeveloped
Undeviating
Undies
Undifferentiated
Undigested
Undignified
Undiluted
Undiminished
Undimmed
Undiplomatic
Undischarged
Undisciplined
Undisclosed
Undiscovered
Undiscriminating
Undisguised
Undismayed
Undisputed
Undissolved
Undistinguished
Undistributed
Undisturbed
Undivided
Undo
Undid
Undone
Undoing
Undoes
Undocumented
Undoings
Undomesticated
Undoubted
Undoubtedly
Undramatic
Undreamed
Undreamt
Undress
Undresses
Undressed
Undressing
Undrinkable
Undue
Undulant
Undulate
Undulated
Undulating
Undulates
Undulation
Undulations
Unduly
Undying
Unearned
Unearth
Unearthed
Unearthing
Unearths
Unearthliness
Unearthlinesses
Unearthly
Unearthlier
Unearthliest
Unease
Uneases
Uneasily
Uneasiness
Uneasinesses
Uneasy
Uneasier
Uneasiest
Uneatable
Uneaten
Uneconomic
Uneconomical
Uneconomically
Unedifying
Unedited
Uneducated
Unembarrassed
Unemotional
Unemphatic
Unemployable
Unemployables
Unemployed
Unemployment
Unemployments
Unenclosed
Unencumbered
Unending
Unendurable
Unenforced
Unenlightened
Unenterprising
Unenthusiastic
Unenviable
Unequal
Unequaled
Unequalled
Unequally
Unequipped
Unequivocal
Unequivocally
Unerring
Unerringly
Unessential
Unessentials
Unethical
Unethically
Uneven
Unevener
Unevenest
Unevenly
Unevenness
Unevennesses
Uneventful
Uneventfully
Unexampled
Unexceptionable
Unexceptionably
Unexceptional
Unexceptionally
Unexcited
Unexciting
Unexcused
Unexpected
Unexpectedly
Unexpectedness
Unexpectednesses
Unexpired
Unexplained
Unexploited
Unexplored
Unexposed
Unexpressed
Unexpurgated
Unfading
Unfailing
Unfailingly
Unfair
Unfairer
Unfairest
Unfairly
Unfairness
Unfairnesses
Unfaithful
Unfaithfully
Unfaithfulness
Unfaithfulnesses
Unfaltering
Unfamiliar
Unfamiliarity
Unfamiliarities
Unfashionable
Unfashionably
Unfasten
Unfastened
Unfastening
Unfastens
Unfathomable
Unfathomably
Unfavorable
Unfavorably
Unfeasible
Unfed
Unfeeling
Unfeelingly
Unfeigned
Unfeminine
Unfertilized
Unfetter
Unfettered
Unfettering
Unfetters
Unfilled
Unfiltered
Unfinished
Unfit
Unfitter
Unfittest
Unfitted
Unfitting
Unfits
Unfitness
Unfitnesses
Unfix
Unfixed
Unfixing
Unfixes
Unflagging
Unflaggingly
Unflappability
Unflappabilities
Unflappable
Unflappably
Unflattering
Unflavored
Unfledged
Unflinching
Unflinchingly
Unfocused
Unfold
Unfolded
Unfolding
Unfolds
Unforced
Unforeseeable
Unforeseen
Unforgettable
Unforgettably
Unforgivable
Unforgivably
Unforgiving
Unforgotten
Unformed
Unformulated
Unfortified
Unfortunate
Unfortunates
Unfortunately
Unfounded
Unframed
Unfreeze
Unfroze
Unfrozen
Unfreezing
Unfreezes
Unfrequented
Unfriendliness
Unfriendlinesses
Unfriendly
Unfriendlier
Unfriendliest
Unfrock
Unfrocked
Unfrocking
Unfrocks
Unfruitful
Unfulfilled
Unfunded
Unfunny
Unfurl
Unfurled
Unfurling
Unfurls
Unfurnished
Ungainliness
Ungainlinesses
Ungainly
Ungainlier
Ungainliest
Ungenerous
Ungentle
Ungentlemanly
Unglued
Ungodliness
Ungodlinesses
Ungodly
Ungodlier
Ungodliest
Ungovernable
Ungoverned
Ungraceful
Ungracefully
Ungracious
Ungraciously
Ungraded
Ungrammatical
Ungrammatically
Ungrateful
Ungratefully
Ungratefulness
Ungratefulnesses
Ungrudging
Unguarded
Unguent
Unguents
Unguided
Ungulate
Ungulates
Unhallowed
Unhampered
Unhand
Unhanded
Unhanding
Unhands
Unhandy
Unhandier
Unhandiest
Unhappily
Unhappiness
Unhappinesses
Unhappy
Unhappier
Unhappiest
Unhardened
Unharmed
Unharness
Unharnessed
Unharnessing
Unharnesses
Unharvested
Unhatched
Unhealed
Unhealthful
Unhealthily
Unhealthiness
Unhealthinesses
Unhealthy
Unhealthier
Unhealthiest
Unheard
Unheated
Unheeded
Unhelpful
Unhelpfully
Unheralded
Unhesitating
Unhesitatingly
Unhindered
Unhinge
Unhinged
Unhinging
Unhinges
Unhistorical
Unhitch
Unhitched
Unhitching
Unhitches
Unholiness
Unholinesses
Unholy
Unholier
Unholiest
Unhook
Unhooked
Unhooking
Unhooks
Unhorse
Unhorsed
Unhorsing
Unhorses
Unhurried
Unhurriedly
Unhurt
Unicameral
Unicellular
Unicorn
Unicorns
Unicycle
Unicycles
Unicycled
Unicycling
Unidentifiable
Unidentified
Unidiomatic
Unification
Unifications
Uniform
Uniformer
Uniformest
Uniforms
Uniformed
Uniforming
Uniformity
Uniformities
Uniformly
Unify
Unified
Unifying
Unifies
Unilateral
Unilaterally
Unimaginable
Unimaginative
Unimaginatively
Unimpaired
Unimpeachable
Unimpeded
Unimportant
Unimposing
Unimpressed
Unimpressive
Unimproved
Unincorporated
Uninfected
Uninfluenced
Uninformative
Uninformed
Uninhabitable
Uninhabited
Uninhibited
Uninhibitedly
Uninitiated
Uninjured
Uninspired
Uninspiring
Uninstructed
Uninsured
Unintelligent
Unintelligible
Unintelligibly
Unintended
Unintentional
Unintentionally
Uninterested
Uninteresting
Uninterrupted
Uninvited
Uninviting
Union
Unions
Unionism
Unionisms
Unionist
Unionists
Unionization
Unionizations
Unionize
Unionized
Unionizing
Unionizes
Unique
Uniquer
Uniquest
Uniques
Uniquely
Uniqueness
Uniquenesses
Unisex
Unisexes
Unison
Unisons
Unit
Units
Unitary
Unite
Unites
United
Uniting
Unitedly
Unitize
Unitized
Unitizing
Unitizes
Unity
Unities
Univalent
Univalve
Univalves
Universal
Universals
Universality
Universalities
Universalize
Universalized
Universalizing
Universalizes
Universally
Universe
Universes
University
Universities
Unjust
Unjuster
Unjustest
Unjustifiable
Unjustifiably
Unjustified
Unjustly
Unkempt
Unkind
Unkinder
Unkindest
Unkindly
Unkindlier
Unkindliest
Unkindness
Unkindnesses
Unknowable
Unknowables
Unknowing
Unknowingly
Unknown
Unknowns
Unlabeled
Unlace
Unlaced
Unlacing
Unlaces
Unladen
Unladylike
Unlatch
Unlatched
Unlatching
Unlatches
Unlawful
Unlawfully
Unlawfulness
Unlawfulnesses
Unleaded
Unleadeds
Unlearn
Unlearned
Unlearnt
Unlearning
Unlearns
Unleash
Unleashed
Unleashing
Unleashes
Unleavened
Unless
Unlettered
Unlicensed
Unlighted
Unlikable
Unlike
Unlikelihood
Unlikelihoods
Unlikeliness
Unlikelinesses
Unlikely
Unlikelier
Unlikeliest
Unlikeness
Unlikenesses
Unlimber
Unlimbered
Unlimbering
Unlimbers
Unlimited
Unlined
Unlisted
Unlit
Unlivable
Unload
Unloaded
Unloading
Unloads
Unlock
Unlocked
Unlocking
Unlocks
Unloose
Unloosed
Unloosing
Unlooses
Unloosen
Unloosened
Unloosening
Unloosens
Unlovable
Unloved
Unlovely
Unlovelier
Unloveliest
Unloving
Unluckily
Unluckiness
Unluckinesses
Unlucky
Unluckier
Unluckiest
Unmade
Unmake
Unmaking
Unmakes
Unman
Unmanned
Unmanning
Unmans
Unmanageable
Unmanly
Unmanlier
Unmanliest
Unmannerly
Unmarked
Unmarketable
Unmarred
Unmarried
Unmarrieds
Unmask
Unmasked
Unmasking
Unmasks
Unmatched
Unmeaning
Unmeant
Unmeasured
Unmediated
Unmentionable
Unmentionables
Unmentioned
Unmerciful
Unmercifully
Unmerited
Unmindful
Unmistakable
Unmistakably
Unmitigated
Unmixed
Unmodified
Unmolested
Unmoral
Unmorality
Unmoralities
Unmotivated
Unmounted
Unmovable
Unmoved
Unmusical
Unnameable
Unnamed
Unnatural
Unnaturally
Unnaturalness
Unnaturalnesses
Unnecessarily
Unnecessary
Unneeded
Unnerve
Unnerved
Unnerving
Unnerves
Unnoticeable
Unnoticed
Unnumbered
Unobjectionable
Unobservant
Unobserved
Unobstructed
Unobtainable
Unobtrusive
Unobtrusively
Unobtrusiveness
Unobtrusivenesses
Unoccupied
Unoffensive
Unofficial
Unofficially
Unopened
Unopposed
Unorganized
Unoriginal
Unorthodox
Unpack
Unpacked
Unpacking
Unpacks
Unpaid
Unpainted
Unpaired
Unpalatable
Unparalleled
Unparallelled
Unpardonable
Unpardonably
Unpasteurized
Unpatriotic
Unpaved
Unpeeled
Unperceived
Unperceptive
Unperformed
Unperson
Unpersons
Unpersuaded
Unpersuasive
Unperturbed
Unpin
Unpinned
Unpinning
Unpins
Unplanned
Unpleasant
Unpleasantly
Unpleasantness
Unpleasantnesses
Unpleasing
Unplug
Unplugged
Unplugging
Unplugs
Unplumbed
Unpolished
Unpolitical
Unpolluted
Unpopular
Unpopularity
Unpopularities
Unpractical
Unpracticed
Unprecedented
Unprecedentedly
Unpredictability
Unpredictabilities
Unpredictable
Unpredictables
Unpredictably
Unprejudiced
Unpremeditated
Unprepared
Unpreparedness
Unpreparednesses
Unprepossessing
Unpressed
Unpretentious
Unpretentiously
Unpreventable
Unprincipled
Unprintable
Unprocessed
Unproductive
Unproductively
Unprofessional
Unprofessionals
Unprofessionally
Unprofitable
Unprofitably
Unpromising
Unprompted
Unpronounceable
Unpropitious
Unprotected
Unproved
Unproven
Unprovided
Unprovoked
Unpublished
Unpunished
Unqualified
Unquenchable
Unquestionable
Unquestionably
Unquestioned
Unquestioning
Unquestioningly
Unquiet
Unquieter
Unquietest
Unquiets
Unquote
Unquoted
Unquoting
Unquotes
Unrated
Unravel
Unraveled
Unravelled
Unraveling
Unravelling
Unravels
Unread
Unreadable
Unready
Unreadier
Unreadiest
Unreal
Unrealistic
Unrealistically
Unreality
Unrealities
Unrealized
Unreasonable
Unreasonableness
Unreasonablenesses
Unreasonably
Unreasoning
Unrecognizable
Unrecognized
Unreconstructed
Unrecorded
Unrecoverable
Unreel
Unreeled
Unreeling
Unreels
Unrefined
Unreformed
Unregenerate
Unregistered
Unregulated
Unrehearsed
Unrelated
Unrelenting
Unrelentingly
Unreliability
Unreliabilities
Unreliable
Unreliably
Unrelieved
Unremarkable
Unremembered
Unremitting
Unremittingly
Unrepentant
Unreported
Unrepresentative
Unrepresented
Unrequited
Unreserved
Unreservedly
Unresistant
Unresolved
Unresponsive
Unresponsively
Unresponsiveness
Unresponsivenesses
Unrest
Unrests
Unrestrained
Unrestricted
Unrewarded
Unrewarding
Unrighteous
Unrighteousness
Unrighteousnesses
Unripe
Unriper
Unripest
Unripened
Unrivaled
Unrivalled
Unroll
Unrolled
Unrolling
Unrolls
Unromantic
Unruffled
Unruliness
Unrulinesses
Unruly
Unrulier
Unruliest
Unsaddle
Unsaddled
Unsaddling
Unsaddles
Unsafe
Unsafer
Unsafest
Unsafely
Unsaid
Unsalable
Unsalted
Unsanctioned
Unsanitary
Unsatisfactorily
Unsatisfactory
Unsatisfied
Unsatisfying
Unsaturated
Unsaved
Unsavory
Unsavoury
Unsay
Unsaying
Unsays
Unscathed
Unscented
Unscheduled
Unschooled
Unscientific
Unscientifically
Unscramble
Unscrambled
Unscrambling
Unscrambles
Unscratched
Unscrew
Unscrewed
Unscrewing
Unscrews
Unscripted
Unscrupulous
Unscrupulously
Unscrupulousness
Unscrupulousnesses
Unseal
Unsealed
Unsealing
Unseals
Unsearchable
Unseasonable
Unseasonably
Unseasoned
Unseat
Unseated
Unseating
Unseats
Unseeing
Unseeingly
Unseemliness
Unseemlinesses
Unseemly
Unseemlier
Unseemliest
Unseen
Unseens
Unsegmented
Unsegregated
Unselfish
Unselfishly
Unselfishness
Unselfishnesses
Unsentimental
Unsettle
Unsettled
Unsettling
Unsettles
Unshackle
Unshackled
Unshackling
Unshackles
Unshakable
Unshakably
Unshakeable
Unshaken
Unshaped
Unshapely
Unshapelier
Unshapeliest
Unshaven
Unsheathe
Unsheathed
Unsheathing
Unsheathes
Unshod
Unshorn
Unsifted
Unsightliness
Unsightlinesses
Unsightly
Unsightlier
Unsightliest
Unsigned
Unsinkable
Unskilled
Unskillful
Unskillfully
Unsmiling
Unsnap
Unsnapped
Unsnapping
Unsnaps
Unsnarl
Unsnarled
Unsnarling
Unsnarls
Unsociable
Unsocial
Unsoiled
Unsold
Unsolicited
Unsolvable
Unsolved
Unsophisticated
Unsorted
Unsought
Unsound
Unsounder
Unsoundest
Unsoundly
Unsoundness
Unsoundnesses
Unsparing
Unsparingly
Unspeakable
Unspeakably
Unspecific
Unspecified
Unspectacular
Unspent
Unspoiled
Unspoken
Unsportsmanlike
Unstable
Unstabler
Unstablest
Unstably
Unstained
Unstated
Unsteadily
Unsteadiness
Unsteadinesses
Unsteady
Unsteadier
Unsteadiest
Unsteadied
Unsteadying
Unsteadies
Unstinting
Unstintingly
Unstop
Unstopped
Unstopping
Unstops
Unstoppable
Unstrap
Unstrapped
Unstrapping
Unstraps
Unstressed
Unstructured
Unstrung
Unstuck
Unstudied
Unsubstantial
Unsubstantiated
Unsuccessful
Unsuccessfully
Unsuitability
Unsuitabilities
Unsuitable
Unsuitably
Unsuited
Unsullied
Unsung
Unsupervised
Unsupported
Unsure
Unsurer
Unsurest
Unsurpassed
Unsurprising
Unsurprisingly
Unsuspected
Unsuspecting
Unsuspectingly
Unsustainable
Unswayed
Unsweetened
Unswerving
Unsymmetrical
Unsympathetic
Unsympathetically
Unsystematic
Untactful
Untainted
Untalented
Untamed
Untangle
Untangled
Untangling
Untangles
Untanned
Untapped
Untarnished
Untasted
Untaught
Unteachable
Untenable
Untenanted
Untended
Untested
Unthinkable
Unthinkables
Unthinkably
Unthinking
Unthinkingly
Untidily
Untidiness
Untidinesses
Untidy
Untidier
Untidiest
Untidied
Untidying
Untidies
Untie
Untied
Untying
Unties
Until
Untimeliness
Untimelinesses
Untimely
Untimelier
Untimeliest
Untiring
Untiringly
Untitled
Unto
Untold
Untouchable
Untouchables
Untouched
Untoward
Untraceable
Untrained
Untrammeled
Untrammelled
Untranslatable
Untranslated
Untraveled
Untreated
Untried
Untrimmed
Untrod
Untroubled
Untrue
Untruer
Untruest
Untruly
Untrustworthy
Untruth
Untruths
Untruthful
Untruthfully
Untruthfulness
Untruthfulnesses
Untutored
Untwist
Untwisted
Untwisting
Untwists
Untypical
Unusable
Unused
Unusual
Unusually
Unutterable
Unutterably
Unvaried
Unvarnished
Unvarying
Unveil
Unveiled
Unveiling
Unveils
Unverifiable
Unverified
Unversed
Unvoiced
Unwanted
Unwarily
Unwariness
Unwarinesses
Unwarrantable
Unwarranted
Unwary
Unwarier
Unwariest
Unwashed
Unwavering
Unwearable
Unwearied
Unwed
Unwelcome
Unwell
Unwholesome
Unwholesomeness
Unwholesomenesses
Unwieldiness
Unwieldinesses
Unwieldy
Unwieldier
Unwieldiest
Unwilling
Unwillingly
Unwillingness
Unwillingnesses
Unwind
Unwound
Unwinding
Unwinds
Unwise
Unwiser
Unwisest
Unwisely
Unwitting
Unwittingly
Unwonted
Unworkable
Unworkables
Unworldliness
Unworldlinesses
Unworldly
Unworldlier
Unworldliest
Unworn
Unworried
Unworthily
Unworthiness
Unworthinesses
Unworthy
Unworthier
Unworthiest
Unworthies
Unwoven
Unwrap
Unwrapped
Unwrapping
Unwraps
Unwrinkled
Unwritten
Unyielding
Unyoke
Unyoked
Unyoking
Unyokes
Unzip
Unzipped
Unzipping
Unzips
Ups
Upped
Upping
Upbeat
Upbeats
Upbraid
Upbraided
Upbraiding
Upbraids
Upbringing
Upbringings
Upchuck
Upchucked
Upchucking
Upchucks
Upcoming
Upcountry
Upcountries
Update
Updates
Updated
Updating
Updraft
Updrafts
Upend
Upended
Upending
Upends
Upfront
Upgrade
Upgrades
Upgraded
Upgrading
Upheaval
Upheavals
Uphill
Uphills
Uphold
Upheld
Upholding
Upholds
Upholder
Upholders
Upholster
Upholstered
Upholstering
Upholsters
Upholsterer
Upholsterers
Upholstery
Upholsteries
Upkeep
Upkeeps
Upland
Uplands
Uplift
Uplifts
Uplifted
Uplifting
Upload
Uploaded
Uploading
Uploads
Upmarket
Upon
Upper
Uppers
Uppercase
Uppercases
Uppercased
Uppercasing
Upperclassman
Upperclassmen
Uppercut
Uppercuts
Uppercutting
Uppermost
Uppish
Uppity
Upraise
Upraised
Upraising
Upraises
Uprear
Upreared
Uprearing
Uprears
Upright
Uprights
Uprighted
Uprighting
Uprightly
Uprightness
Uprightnesses
Uprising
Uprisings
Upriver
Uproar
Uproars
Uproarious
Uproariously
Uproot
Uprooted
Uprooting
Uproots
Upscale
Upscaled
Upscaling
Upscales
Upset
Upsets
Upsetting
Upshot
Upshots
Upside
Upsides
Upsilon
Upsilons
Upstage
Upstages
Upstaged
Upstaging
Upstairs
Upstanding
Upstart
Upstarts
Upstarted
Upstarting
Upstate
Upstates
Upstream
Upstroke
Upstrokes
Upsurge
Upsurges
Upsurged
Upsurging
Upswing
Upswings
Upswung
Upswinging
Uptake
Uptakes
Upthrust
Upthrusts
Upthrusting
Uptick
Upticks
Uptight
Uptighter
Uptightest
Uptown
Uptowns
Upturn
Upturns
Upturned
Upturning
Upward
Upwardly
Upwards
Upwind
Uracil
Uracils
Uranium
Uraniums
Urban
Urbane
Urbaner
Urbanest
Urbanely
Urbanity
Urbanities
Urbanization
Urbanizations
Urbanize
Urbanized
Urbanizing
Urbanizes
Urbanologist
Urbanologists
Urbanology
Urbanologies
Urchin
Urchins
Urea
Ureas
Uremia
Uremias
Uremic
Ureter
Ureters
Urethane
Urethanes
Urethra
Urethrae
Urethras
Urethral
Urge
Urges
Urged
Urging
Urgency
Urgencies
Urgent
Urgently
Uric
Urinal
Urinals
Urinalysis
Urinalyses
Urinary
Urinaries
Urinate
Urinated
Urinating
Urinates
Urination
Urinations
Urine
Urines
Urn
Urns
Urogenital
Urological
Urologist
Urologists
Urology
Urologies
Ursine
Urticaria
Urticarias
Usability
Usabilities
Usable
Usage
Usages
Use
Uses
Used
Using
Useability
Useabilities
Useable
Useful
Usefully
Usefulness
Usefulnesses
Useless
Uselessly
Uselessness
Uselessnesses
User
Users
Usher
Ushers
Ushered
Ushering
Usherette
Usherettes
Usual
Usuals
Usually
Usurer
Usurers
Usurious
Usurp
Usurped
Usurping
Usurps
Usurpation
Usurpations
Usurper
Usurpers
Usury
Usuries
Utensil
Utensils
Uterine
Uterus
Uteri
Uteruses
Utilitarian
Utilitarians
Utilitarianism
Utilitarianisms
Utility
Utilities
Utilization
Utilizations
Utilize
Utilized
Utilizing
Utilizes
Utmost
Utmosts
Utopia
Utopias
Utopian
Utopians
Utter
Utterer
Utterest
Uttered
Uttering
Utters
Utterance
Utterances
Utterly
Uttermost
Uttermosts
Uvula
Uvulas
Uvulae
Uvular
Uvulars
Uxorious
Vacancy
Vacancies
Vacant
Vacantly
Vacate
Vacated
Vacating
Vacates
Vacation
Vacations
Vacationed
Vacationing
Vacationer
Vacationers
Vacationist
Vacationists
Vaccinate
Vaccinated
Vaccinating
Vaccinates
Vaccination
Vaccinations
Vaccine
Vaccines
Vacillate
Vacillated
Vacillating
Vacillates
Vacillation
Vacillations
Vacuity
Vacuities
Vacuole
Vacuoles
Vacuous
Vacuously
Vacuousness
Vacuousnesses
Vacuum
Vacuums
Vacua
Vacuumed
Vacuuming
Vagabond
Vagabonds
Vagabondage
Vagabondages
Vagarious
Vagary
Vagaries
Vagina
Vaginae
Vaginas
Vaginal
Vaginally
Vagrancy
Vagrancies
Vagrant
Vagrants
Vague
Vaguer
Vaguest
Vaguely
Vagueness
Vaguenesses
Vain
Vainer
Vainest
Vainglorious
Vaingloriously
Vainglory
Vainglories
Vainly
Valance
Valances
Vale
Vales
Valediction
Valedictions
Valedictorian
Valedictorians
Valedictory
Valedictories
Valence
Valences
Valency
Valencies
Valentine
Valentines
Valet
Valets
Valeted
Valeting
Valetudinarian
Valetudinarians
Valetudinarianism
Valetudinarianisms
Valiance
Valiances
Valiant
Valiants
Valiantly
Valid
Valider
Validest
Validate
Validated
Validating
Validates
Validation
Validations
Validity
Validities
Validly
Validness
Validnesses
Valise
Valises
Valley
Valleys
Valor
Valors
Valorous
Valorously
Valour
Valours
Valuable
Valuables
Valuate
Valuated
Valuating
Valuates
Valuation
Valuations
Value
Values
Valued
Valuing
Valueless
Valuer
Valuers
Valve
Valves
Valved
Valving
Valveless
Valvular
Vamoose
Vamoosed
Vamoosing
Vamooses
Vamp
Vamps
Vamped
Vamping
Vampire
Vampires
Van
Vans
Vanned
Vanning
Vanadium
Vanadiums
Vandal
Vandals
Vandalise
Vandalised
Vandalising
Vandalises
Vandalism
Vandalisms
Vandalize
Vandalized
Vandalizing
Vandalizes
Vane
Vanes
Vanguard
Vanguards
Vanilla
Vanillas
Vanish
Vanishes
Vanished
Vanishing
Vanity
Vanities
Vanquish
Vanquished
Vanquishing
Vanquishes
Vanquisher
Vanquishers
Vantage
Vantages
Vapid
Vapider
Vapidest
Vapidity
Vapidities
Vapidly
Vapidness
Vapidnesses
Vapor
Vapors
Vapored
Vaporing
Vaporise
Vaporised
Vaporising
Vaporises
Vaporization
Vaporizations
Vaporize
Vaporized
Vaporizing
Vaporizes
Vaporizer
Vaporizers
Vaporous
Vapory
Vapour
Vapours
Vapoured
Vapouring
Vaquero
Vaqueros
Variability
Variabilities
Variable
Variables
Variably
Variance
Variances
Variant
Variants
Variation
Variations
Varicolored
Varicose
Variegate
Variegated
Variegating
Variegates
Variegation
Variegations
Varietal
Varietals
Variety
Varieties
Various
Variously
Varlet
Varlets
Varmint
Varmints
Varnish
Varnishes
Varnished
Varnishing
Varsity
Varsities
Vary
Varied
Varying
Varies
Vascular
Vase
Vases
Vasectomy
Vasectomies
Vasomotor
Vassal
Vassals
Vassalage
Vassalages
Vast
Vaster
Vastest
Vasts
Vastly
Vastness
Vastnesses
Vat
Vats
Vatted
Vatting
Vaudeville
Vaudevilles
Vaudevillian
Vaudevillians
Vault
Vaults
Vaulted
Vaulting
Vaulter
Vaulters
Vaultings
Vaunt
Vaunts
Vaunted
Vaunting
Veal
Veals
Vector
Vectors
Vectored
Vectoring
Veejay
Veejays
Veep
Veeps
Veer
Veers
Veered
Veering
Veg
Vegged
Vegging
Vegges
Veges
Vegs
Vegan
Vegans
Vegetable
Vegetables
Vegetarian
Vegetarians
Vegetarianism
Vegetarianisms
Vegetate
Vegetated
Vegetating
Vegetates
Vegetation
Vegetations
Vegetative
Veggie
Veggies
Vehemence
Vehemences
Vehemency
Vehemencies
Vehement
Vehemently
Vehicle
Vehicles
Vehicular
Veil
Veils
Veiled
Veiling
Vein
Veins
Veined
Veining
Velar
Velars
Veld
Velds
Veldt
Veldts
Vellum
Vellums
Velocipede
Velocipedes
Velocity
Velocities
Velour
Velours
Velum
Vela
Velvet
Velvets
Velveteen
Velveteens
Velvety
Velvetier
Velvetiest
Venal
Venality
Venalities
Venally
Venation
Venations
Vend
Vended
Vending
Vends
Vender
Venders
Vendetta
Vendettas
Vendible
Vendor
Vendors
Veneer
Veneers
Veneered
Veneering
Venerability
Venerabilities
Venerable
Venerate
Venerated
Venerating
Venerates
Veneration
Venerations
Venereal
Vengeance
Vengeances
Vengeful
Vengefully
Venial
Venireman
Veniremen
Venison
Venisons
Venom
Venoms
Venomed
Venoming
Venomous
Venomously
Venous
Vent
Vents
Vented
Venting
Ventilate
Ventilated
Ventilating
Ventilates
Ventilation
Ventilations
Ventilator
Ventilators
Ventral
Ventricle
Ventricles
Ventricular
Ventriloquism
Ventriloquisms
Ventriloquist
Ventriloquists
Ventriloquy
Ventriloquies
Venture
Ventures
Ventured
Venturing
Venturesome
Venturesomely
Venturesomeness
Venturesomenesses
Venturous
Venturously
Venturousness
Venturousnesses
Venue
Venues
Veracious
Veraciously
Veracity
Veracities
Veranda
Verandas
Verandah
Verandahs
Verb
Verbs
Verbal
Verbals
Verbalization
Verbalizations
Verbalize
Verbalized
Verbalizing
Verbalizes
Verbally
Verbatim
Verbena
Verbenas
Verbiage
Verbiages
Verbose
Verboser
Verbosest
Verbosely
Verbosity
Verbosities
Verboten
Verdant
Verdantly
Verdict
Verdicts
Verdigris
Verdigrises
Verdure
Verdures
Verge
Verges
Verged
Verging
Verger
Vergers
Verifiable
Verification
Verifications
Verify
Verified
Verifying
Verifies
Verily
Verisimilitude
Verisimilitudes
Veritable
Veritably
Verity
Verities
Vermicelli
Vermicellis
Vermiculite
Vermiculites
Vermiform
Vermilion
Vermilions
Vermilioned
Vermilioning
Vermillion
Vermillions
Vermin
Verminous
Vermouth
Vermouths
Vernacular
Vernaculars
Vernal
Vernier
Verniers
Veronica
Veronicas
Verruca
Verrucae
Verrucas
Versatile
Versatility
Versatilities
Verse
Verses
Versed
Versing
Versification
Versifications
Versifier
Versifiers
Versify
Versified
Versifying
Versifies
Version
Versions
Verso
Versos
Versus
Vertebra
Vertebrae
Vertebras
Vertebral
Vertebrate
Vertebrates
Vertex
Vertexes
Vertices
Vertical
Verticals
Vertically
Vertiginous
Vertigo
Vertigoes
Vertigines
Vertigos
Verve
Verves
Very
Verier
Veriest
Vesicle
Vesicles
Vesicular
Vesiculate
Vesiculated
Vesiculating
Vesiculates
Vesper
Vespers
Vessel
Vessels
Vest
Vests
Vested
Vesting
Vestal
Vestals
Vestibule
Vestibules
Vestibuled
Vestibuling
Vestige
Vestiges
Vestigial
Vestigially
Vestings
Vestment
Vestments
Vestry
Vestries
Vestryman
Vestrymen
Vet
Vets
Vetted
Vetting
Vetch
Vetches
Veteran
Veterans
Veterinarian
Veterinarians
Veterinary
Veterinaries
Veto
Vetoes
Vetoed
Vetoing
Vex
Vexed
Vexing
Vexes
Vexation
Vexations
Vexatious
Vexatiously
Via
Vias
Viae
Viability
Viabilities
Viable
Viably
Viaduct
Viaducts
Vial
Vials
Vialed
Vialled
Vialing
Vialling
Viand
Viands
Vibe
Vibes
Vibraharp
Vibraharps
Vibrancy
Vibrancies
Vibrant
Vibrants
Vibrantly
Vibraphone
Vibraphones
Vibraphonist
Vibraphonists
Vibrate
Vibrated
Vibrating
Vibrates
Vibration
Vibrations
Vibrato
Vibratos
Vibrator
Vibrators
Vibratory
Viburnum
Viburnums
Vicar
Vicars
Vicarage
Vicarages
Vicarious
Vicariously
Vicariousness
Vicariousnesses
Vice
Vices
Viced
Vicing
Vicegerent
Vicegerents
Vicennial
Viceregal
Viceroy
Viceroys
Vichyssoise
Vichyssoises
Vicinity
Vicinities
Vicious
Viciously
Viciousness
Viciousnesses
Vicissitude
Vicissitudes
Victim
Victims
Victimization
Victimizations
Victimize
Victimized
Victimizing
Victimizes
Victor
Victors
Victorious
Victoriously
Victory
Victories
Victual
Victuals
Victualed
Victualled
Victualing
Victualling
Vicuna
Vicunas
Videlicet
Video
Videos
Videoed
Videoing
Videocassette
Videocassettes
Videodisc
Videodiscs
Videodisk
Videodisks
Videophone
Videophones
Videotape
Videotapes
Videotaped
Videotaping
Vie
Vied
Vying
Vies
View
Views
Viewed
Viewing
Viewer
Viewers
Viewership
Viewerships
Viewfinder
Viewfinders
Viewings
Viewpoint
Viewpoints
Vigesimal
Vigil
Vigils
Vigilance
Vigilances
Vigilant
Vigilante
Vigilantes
Vigilantism
Vigilantisms
Vigilantist
Vigilantists
Vigilantly
Vignette
Vignettes
Vignetted
Vignetting
Vignettist
Vignettists
Vigor
Vigors
Vigorous
Vigorously
Vigour
Vigours
Viking
Vikings
Vile
Viler
Vilest
Vilely
Vileness
Vilenesses
Vilification
Vilifications
Vilify
Vilified
Vilifying
Vilifies
Villa
Villas
Villae
Village
Villages
Villager
Villagers
Villain
Villains
Villainous
Villainy
Villainies
Villein
Villeins
Villeinage
Villeinages
Villus
Villi
Vim
Vims
Vinaigrette
Vinaigrettes
Vincible
Vindicate
Vindicated
Vindicating
Vindicates
Vindication
Vindications
Vindicator
Vindicators
Vindictive
Vindictively
Vindictiveness
Vindictivenesses
Vine
Vines
Vinegar
Vinegars
Vinegared
Vinegaring
Vinegary
Vineyard
Vineyards
Vino
Vinos
Vinous
Vintage
Vintages
Vintaged
Vintaging
Vintner
Vintners
Vinyl
Vinyls
Viol
Viols
Viola
Violas
Violable
Violate
Violated
Violating
Violates
Violation
Violations
Violator
Violators
Violence
Violences
Violent
Violently
Violet
Violets
Violin
Violins
Violinist
Violinists
Violist
Violists
Violoncellist
Violoncellists
Violoncello
Violoncellos
Viper
Vipers
Viperous
Virago
Viragoes
Viragos
Viral
Vireo
Vireos
Virgin
Virgins
Virginal
Virginals
Virginity
Virginities
Virgule
Virgules
Virile
Virility
Virilities
Virologist
Virologists
Virology
Virologies
Virtual
Virtually
Virtue
Virtues
Virtuosity
Virtuosities
Virtuoso
Virtuosos
Virtuosi
Virtuous
Virtuously
Virtuousness
Virtuousnesses
Virulence
Virulences
Virulent
Virulently
Virus
Viruses
Visa
Visas
Visaed
Visaing
Visage
Visages
Visceral
Viscerally
Viscid
Viscose
Viscoses
Viscosity
Viscosities
Viscount
Viscounts
Viscountcy
Viscountcies
Viscountess
Viscountesses
Viscous
Viscus
Viscera
Vise
Vises
Vised
Vising
Visibility
Visibilities
Visible
Visibly
Vision
Visions
Visioned
Visioning
Visionary
Visionaries
Visit
Visits
Visited
Visiting
Visitant
Visitants
Visitation
Visitations
Visitor
Visitors
Visor
Visors
Visored
Visoring
Vista
Vistas
Visual
Visuals
Visualization
Visualizations
Visualize
Visualized
Visualizing
Visualizes
Visualizer
Visualizers
Visually
Vita
Vitae
Vitas
Vital
Vitality
Vitalities
Vitalization
Vitalizations
Vitalize
Vitalized
Vitalizing
Vitalizes
Vitally
Vitals
Vitamin
Vitamins
Vitiate
Vitiated
Vitiating
Vitiates
Vitiation
Vitiations
Viticulture
Viticultures
Viticulturist
Viticulturists
Vitreous
Vitrifaction
Vitrifactions
Vitrification
Vitrifications
Vitrify
Vitrified
Vitrifying
Vitrifies
Vitrine
Vitrines
Vitriol
Vitriols
Vitrioled
Vitriolled
Vitrioling
Vitriolling
Vitriolic
Vittles
Vituperate
Vituperated
Vituperating
Vituperates
Vituperation
Vituperations
Vituperative
Viva
Vivas
Vivace
Vivacious
Vivaciously
Vivaciousness
Vivaciousnesses
Vivacity
Vivacities
Vivarium
Vivariums
Vivaria
Vivid
Vivider
Vividest
Vividly
Vividness
Vividnesses
Vivify
Vivified
Vivifying
Vivifies
Viviparous
Vivisect
Vivisected
Vivisecting
Vivisects
Vivisection
Vivisections
Vivisectional
Vivisectionist
Vivisectionists
Vixen
Vixens
Vixenish
Vixenishly
Vizier
Viziers
Vizir
Vizirs
Vizor
Vizors
Vizored
Vizoring
Vocable
Vocables
Vocabulary
Vocabularies
Vocal
Vocals
Vocalic
Vocalist
Vocalists
Vocalization
Vocalizations
Vocalize
Vocalized
Vocalizing
Vocalizes
Vocally
Vocation
Vocations
Vocational
Vocative
Vocatives
Vociferate
Vociferated
Vociferating
Vociferates
Vociferation
Vociferations
Vociferous
Vociferously
Vociferousness
Vociferousnesses
Vodka
Vodkas
Vogue
Vogues
Voguish
Voice
Voices
Voiced
Voicing
Voiceless
Voicelessly
Voicelessness
Voicelessnesses
Void
Voids
Voided
Voiding
Voidable
Voila
Voile
Voiles
Volatile
Volatiles
Volatility
Volatilities
Volatilize
Volatilized
Volatilizing
Volatilizes
Volcanic
Volcano
Volcanoes
Volcanos
Vole
Voles
Volition
Volitions
Volitional
Volley
Volleys
Volleyed
Volleying
Volleyball
Volleyballs
Volt
Volts
Voltage
Voltages
Voltaic
Voltmeter
Voltmeters
Volubility
Volubilities
Voluble
Volubly
Volume
Volumes
Voluminous
Voluminously
Voluminousness
Voluminousnesses
Voluntarily
Voluntarism
Voluntarisms
Voluntary
Voluntaries
Volunteer
Volunteers
Volunteered
Volunteering
Volunteerism
Volunteerisms
Voluptuary
Voluptuaries
Voluptuous
Voluptuously
Voluptuousness
Voluptuousnesses
Volute
Volutes
Vomit
Vomits
Vomited
Vomiting
Voodoo
Voodoos
Voodooed
Voodooing
Voodooism
Voodooisms
Voracious
Voraciously
Voraciousness
Voraciousnesses
Voracity
Voracities
Vortex
Vortexes
Vortices
Votary
Votaries
Vote
Votes
Voted
Voting
Voter
Voters
Votive
Vouch
Vouches
Vouched
Vouching
Voucher
Vouchers
Vouchered
Vouchering
Vouchsafe
Vouchsafed
Vouchsafing
Vouchsafes
Vow
Vows
Vowed
Vowing
Vowel
Vowels
Vowelled
Vowelling
Voyage
Voyages
Voyaged
Voyaging
Voyager
Voyagers
Voyageur
Voyageurs
Voyeur
Voyeurs
Voyeurism
Voyeurisms
Voyeuristic
Vulcanization
Vulcanizations
Vulcanize
Vulcanized
Vulcanizing
Vulcanizes
Vulgar
Vulgarer
Vulgarest
Vulgars
Vulgarian
Vulgarians
Vulgarism
Vulgarisms
Vulgarity
Vulgarities
Vulgarization
Vulgarizations
Vulgarize
Vulgarized
Vulgarizing
Vulgarizes
Vulgarizer
Vulgarizers
Vulgarly
Vulnerability
Vulnerabilities
Vulnerable
Vulnerably
Vulpine
Vulture
Vultures
Vulturous
Vulva
Vulvae
Vulvas
Wackiness
Wackinesses
Wacko
Wackos
Wacky
Wackier
Wackiest
Wad
Wads
Wadded
Wadding
Waddings
Waddle
Waddles
Waddled
Waddling
Wade
Wades
Waded
Wading
Wader
Waders
Wadi
Wadis
Wafer
Wafers
Wafered
Wafering
Waffle
Waffles
Waffled
Waffling
Waffler
Wafflers
Waft
Wafts
Wafted
Wafting
Wag
Wags
Wagged
Wagging
Wage
Wages
Waged
Waging
Wager
Wagers
Wagered
Wagering
Wagerer
Wagerers
Waggery
Waggeries
Waggish
Waggishly
Waggishness
Waggishnesses
Waggle
Waggles
Waggled
Waggling
Waggon
Waggons
Waggoned
Waggoning
Wagon
Wagons
Wagoned
Wagoning
Wagoner
Wagoners
Wagtail
Wagtails
Waif
Waifs
Wail
Wails
Wailed
Wailing
Wailer
Wailers
Wailings
Wain
Wains
Wainscot
Wainscots
Wainscoted
Wainscotted
Wainscoting
Wainscotting
Wainscotings
Wainscottings
Wainwright
Wainwrights
Waist
Waists
Waistband
Waistbands
Waistcoat
Waistcoats
Waistline
Waistlines
Wait
Waits
Waited
Waiting
Waiter
Waiters
Waitered
Waitering
Waitings
Waitperson
Waitpersons
Waitpeople
Waitress
Waitresses
Waitressed
Waitressing
Waitstaff
Waitstaffs
Waive
Waived
Waiving
Waives
Waiver
Waivers
Wake
Wakes
Woke
Waked
Woken
Waking
Wakeful
Wakefully
Wakefulness
Wakefulnesses
Waken
Wakened
Wakening
Wakens
Wale
Wales
Waled
Waling
Walk
Walks
Walked
Walking
Walkaway
Walkaways
Walker
Walkers
Walkings
Walkout
Walkouts
Walkover
Walkovers
Walkway
Walkways
Wall
Walls
Walled
Walling
Wallaby
Wallabies
Wallboard
Wallboards
Wallet
Wallets
Walleye
Walleyes
Walleyed
Wallflower
Wallflowers
Wallop
Wallops
Walloped
Walloping
Wallopings
Wallow
Wallows
Wallowed
Wallowing
Wallpaper
Wallpapers
Wallpapered
Wallpapering
Walnut
Walnuts
Walrus
Walruses
Waltz
Waltzes
Waltzed
Waltzing
Waltzer
Waltzers
Wampum
Wampums
Wan
Wanner
Wannest
Wanned
Wanning
Wans
Wand
Wands
Wander
Wanders
Wandered
Wandering
Wanderer
Wanderers
Wanderings
Wanderlust
Wanderlusts
Wane
Wanes
Waned
Waning
Wangle
Wangles
Wangled
Wangling
Wangler
Wanglers
Wanly
Wanna
Wannabe
Wannabes
Wanness
Wannesses
Want
Wants
Wanted
Wanting
Wanton
Wantoner
Wantonest
Wantons
Wantoned
Wantoning
Wantonly
Wantonness
Wantonnesses
Wapiti
Wapitis
War
Wars
Warred
Warring
Warble
Warbles
Warbled
Warbling
Warbler
Warblers
Warbonnet
Warbonnets
Ward
Wards
Warded
Warding
Warden
Wardens
Warder
Warders
Wardrobe
Wardrobes
Wardrobed
Wardrobing
Wardroom
Wardrooms
Ware
Wares
Wared
Waring
Warehouse
Warehouses
Warehoused
Warehousing
Warfare
Warfares
Warhead
Warheads
Warhorse
Warhorses
Warily
Wariness
Warinesses
Warlike
Warlock
Warlocks
Warlord
Warlords
Warm
Warmer
Warmest
Warms
Warmed
Warming
Warmblooded
Warmers
Warmhearted
Warmheartedness
Warmheartednesses
Warmish
Warmly
Warmness
Warmnesses
Warmonger
Warmongers
Warmongering
Warmongerings
Warmth
Warmths
Warmup
Warmups
Warn
Warned
Warning
Warns
Warnings
Warp
Warps
Warped
Warping
Warpath
Warpaths
Warplane
Warplanes
Warrant
Warrants
Warranted
Warranting
Warranty
Warranties
Warrantied
Warrantying
Warren
Warrens
Warrior
Warriors
Warship
Warships
Wart
Warts
Warthog
Warthogs
Wartime
Wartimes
Warty
Wartier
Wartiest
Wary
Warier
Wariest
Wash
Washes
Washed
Washing
Washable
Washables
Washbasin
Washbasins
Washboard
Washboards
Washbowl
Washbowls
Washcloth
Washcloths
Washer
Washers
Washerwoman
Washerwomen
Washings
Washout
Washouts
Washrag
Washrags
Washroom
Washrooms
Washstand
Washstands
Washtub
Washtubs
Washy
Washier
Washiest
Wasp
Wasps
Waspish
Waspishly
Waspishness
Waspishnesses
Wassail
Wassails
Wassailed
Wassailing
Wastage
Wastages
Waste
Wastes
Wasted
Wasting
Wastebasket
Wastebaskets
Wasteful
Wastefully
Wastefulness
Wastefulnesses
Wasteland
Wastelands
Wastepaper
Wastepapers
Waster
Wasters
Wastrel
Wastrels
Watch
Watches
Watched
Watching
Watchband
Watchbands
Watchdog
Watchdogs
Watchdogged
Watchdogging
Watcher
Watchers
Watchful
Watchfully
Watchfulness
Watchfulnesses
Watchmaker
Watchmakers
Watchmaking
Watchmakings
Watchman
Watchmen
Watchtower
Watchtowers
Watchword
Watchwords
Water
Waters
Watered
Watering
Waterbed
Waterbeds
Waterbird
Waterbirds
Waterborne
Watercolor
Watercolors
Watercourse
Watercourses
Watercraft
Watercress
Watercresses
Waterfall
Waterfalls
Waterfowl
Waterfowls
Waterfront
Waterfronts
Waterhole
Waterholes
Wateriness
Waterinesses
Waterlily
Waterlilies
Waterline
Waterlines
Waterlogged
Watermark
Watermarks
Watermarked
Watermarking
Watermelon
Watermelons
Watermill
Watermills
Waterpower
Waterpowers
Waterproof
Waterproofs
Waterproofed
Waterproofing
Waterproofings
Watershed
Watersheds
Waterside
Watersides
Waterspout
Waterspouts
Watertight
Waterway
Waterways
Waterwheel
Waterwheels
Waterworks
Watery
Waterier
Wateriest
Watt
Watts
Wattage
Wattages
Wattle
Wattles
Wattled
Wattling
Wave
Waves
Waved
Waving
Wavelength
Wavelengths
Wavelet
Wavelets
Wavelike
Waver
Wavers
Wavered
Wavering
Waverer
Waverers
Waveringly
Waviness
Wavinesses
Wavy
Wavier
Waviest
Wavies
Wax
Waxes
Waxed
Waxen
Waxing
Waxiness
Waxinesses
Waxwing
Waxwings
Waxwork
Waxworks
Waxy
Waxier
Waxiest
Way
Ways
Waybill
Waybills
Wayfarer
Wayfarers
Wayfaring
Wayfarings
Waylay
Waylaid
Waylaying
Waylays
Waylayer
Waylayers
Wayside
Waysides
Wayward
Waywardly
Waywardness
Waywardnesses
Weak
Weaker
Weakest
Weaken
Weakened
Weakening
Weakens
Weakener
Weakeners
Weakfish
Weakfishes
Weakling
Weaklings
Weakly
Weaklier
Weakliest
Weakness
Weaknesses
Weal
Weals
Wealth
Wealths
Wealthiness
Wealthinesses
Wealthy
Wealthier
Wealthiest
Wean
Weaned
Weaning
Weans
Weapon
Weapons
Weaponed
Weaponing
Weaponless
Weaponry
Weaponries
Wear
Wears
Wore
Worn
Wearing
Wearable
Wearables
Wearer
Wearers
Wearily
Weariness
Wearinesses
Wearisome
Wearisomely
Weary
Wearier
Weariest
Wearied
Wearying
Wearies
Weasel
Weasels
Weaseled
Weaselled
Weaseling
Weaselling
Weaselly
Weather
Weathers
Weathered
Weathering
Weathercock
Weathercocks
Weatherings
Weatherization
Weatherizations
Weatherize
Weatherized
Weatherizing
Weatherizes
Weatherman
Weathermen
Weatherperson
Weatherpersons
Weatherproof
Weatherproofed
Weatherproofing
Weatherproofs
Weatherstrip
Weatherstripped
Weatherstripping
Weatherstrips
Weatherstrippings
Weave
Weaves
Wove
Woven
Weaving
Weaved
Weaver
Weavers
Weavings
Web
Webs
Webbed
Webbing
Webbings
Webfoot
Webfeet
Website
Websites
Wed
Wedded
Wedding
Weds
Weddings
Wedge
Wedges
Wedged
Wedging
Wedgie
Wedgies
Wedlock
Wedlocks
Wee
Weer
Weest
Wees
Weed
Weeing
Weeds
Weeded
Weeding
Weeder
Weeders
Weedless
Weedy
Weedier
Weediest
Week
Weeks
Weekday
Weekdays
Weekend
Weekends
Weekended
Weekending
Weekly
Weeklies
Weeknight
Weeknights
Ween
Weened
Weening
Weens
Weenie
Weenies
Weensy
Weensier
Weensiest
Weeny
Weenier
Weeniest
Weep
Weeps
Wept
Weeping
Weeper
Weepers
Weepy
Weepier
Weepiest
Weepies
Weevil
Weevils
Weft
Wefts
Weigh
Weighs
Weighed
Weighing
Weight
Weights
Weighted
Weighting
Weightily
Weightiness
Weightinesses
Weightless
Weightlessly
Weightlessness
Weightlessnesses
Weightlifter
Weightlifters
Weightlifting
Weightliftings
Weighty
Weightier
Weightiest
Weir
Weirs
Weird
Weirder
Weirdest
Weirds
Weirdie
Weirdies
Weirdly
Weirdness
Weirdnesses
Weirdo
Weirdos
Welch
Welched
Welching
Welches
Welcome
Welcomes
Welcomed
Welcoming
Weld
Welds
Welded
Welding
Weldable
Welder
Welders
Welfare
Welfares
Welkin
Welkins
Well
Wells
Welled
Welling
Wellhead
Wellheads
Wellington
Wellingtons
Wellness
Wellnesses
Wellspring
Wellsprings
Welsh
Welshed
Welshing
Welshes
Welsher
Welshers
Welt
Welts
Welted
Welting
Welter
Welters
Weltered
Weltering
Welterweight
Welterweights
Wen
Wens
Wench
Wenches
Wenched
Wenching
Wend
Wended
@went
Wending
Wends
Werewolf
Werewolves
Werwolf
Werwolves
West
Wests
Westbound
Westerly
Westerlies
Western
Westerns
Westerner
Westerners
Westernization
Westernizations
Westernize
Westernized
Westernizing
Westernizes
Westernmost
Westward
Westwards
Wet
Wetter
Wettest
Wets
Wetted
Wetting
Wetback
Wetbacks
Wetland
Wetlands
Wetly
Wetness
Wetnesses
Wetters
Whack
Whacks
Whacked
Whacking
Whacker
Whackers
Whacky
Whackier
Whackiest
Whale
Whales
Whaled
Whaling
Whaleboat
Whaleboats
Whalebone
Whalebones
Whaler
Whalers
Whalings
Wham
Whams
Whammed
Whamming
Whammy
Whammies
Wharf
Wharves
Wharfs
Wharfed
Wharfing
What
Whats
Whatchamacallit
Whatchamacallits
Whatever
Whatnot
Whatnots
Whatsoever
Wheal
Wheals
Wheat
Wheats
Wheaten
Whee
Wheedle
Wheedled
Wheedling
Wheedles
Wheedler
Wheedlers
Wheel
Wheels
Wheeled
Wheeling
Wheelbarrow
Wheelbarrows
Wheelbarrowed
Wheelbarrowing
Wheelbase
Wheelbases
Wheelchair
Wheelchairs
Wheelhouse
Wheelhouses
Wheelie
Wheelies
Wheelwright
Wheelwrights
Wheeze
Wheezes
Wheezed
Wheezing
Wheezily
Wheeziness
Wheezinesses
Wheezy
Wheezier
Wheeziest
Whelk
Whelks
Whelm
Whelmed
Whelming
Whelms
Whelp
Whelps
Whelped
Whelping
When
Whens
Whence
Whenever
Whensoever
Where
Wheres
Whereabouts
Whereas
Whereases
Whereat
Whereby
Wherefore
Wherefores
Wherein
Whereof
Whereon
Wheresoever
Whereto
Whereupon
Wherever
Wherewith
Wherewiths
Wherewithal
Wherewithals
Wherry
Wherries
Wherried
Wherrying
Whet
Whets
Whetted
Whetting
Whether
Whetstone
Whetstones
Whew
Whews
Whey
Wheys
Which
Whichever
Whiff
Whiffs
Whiffed
Whiffing
Whiffletree
Whiffletrees
While
Whiles
Whiled
Whiling
Whilom
Whilst
Whim
Whims
Whimper
Whimpers
Whimpered
Whimpering
Whimsey
Whimseys
Whimsical
Whimsicality
Whimsicalities
Whimsically
Whimsy
Whimsies
Whine
Whines
Whined
Whining
Whiner
Whiners
Whinny
Whinnies
Whinnied
Whinnying
Whiny
Whinier
Whiniest
Whip
Whips
Whipped
Whipping
Whipcord
Whipcords
Whiplash
Whiplashes
Whiplashed
Whiplashing
Whipper
Whippers
Whippersnapper
Whippersnappers
Whippet
Whippets
Whippings
Whippletree
Whippletrees
Whippoorwill
Whippoorwills
Whipsaw
Whipsaws
Whipsawed
Whipsawn
Whipsawing
Whir
Whirs
Whirred
Whirring
Whirl
Whirls
Whirled
Whirling
Whirligig
Whirligigs
Whirlpool
Whirlpools
Whirlwind
Whirlwinds
Whirlybird
Whirlybirds
Whirr
Whirrs
Whisk
Whisks
Whisked
Whisking
Whisker
Whiskers
Whiskered
Whiskery
Whiskey
Whiskeys
Whisky
Whiskies
Whisper
Whispers
Whispered
Whispering
Whisperer
Whisperers
Whist
Whists
Whisted
Whisting
Whistle
Whistles
Whistled
Whistling
Whistler
Whistlers
Whit
Whits
White
Whiter
Whitest
Whites
Whited
Whiting
Whitecap
Whitecaps
Whitefish
Whitefishes
Whitehead
Whiteheads
Whiten
Whitened
Whitening
Whitens
Whitener
Whiteners
Whiteness
Whitenesses
Whitenings
Whiteout
Whiteouts
Whitetail
Whitetails
Whitewall
Whitewalls
Whitewash
Whitewashes
Whitewashed
Whitewashing
Whitewater
Whitewaters
Whitey
Whiteys
Whither
Whitings
Whitish
Whittle
Whittles
Whittled
Whittling
Whittler
Whittlers
Whiz
Whizzes
Whizzed
Whizzing
Whizkid
Whizkids
Whizz
Whizzbang
Whizzbangs
Who
Whoa
Whodunit
Whodunits
Whodunnit
Whodunnits
Whoever
Whole
Wholes
Wholehearted
Wholeheartedly
Wholeheartedness
Wholeheartednesses
Wholeness
Wholenesses
Wholesale
Wholesales
Wholesaled
Wholesaling
Wholesaler
Wholesalers
Wholesome
Wholesomer
Wholesomest
Wholesomely
Wholesomeness
Wholesomenesses
Wholly
Whom
Whomever
Whomsoever
Whoop
Whoops
Whooped
Whooping
Whoopee
Whooper
Whoopers
Whoosh
Whooshes
Whooshed
Whooshing
Whopper
Whoppers
Whopping
Whore
Whores
Whored
Whoring
Whorehouse
Whorehouses
Whoreish
Whorish
Whorl
Whorls
Whorled
Whose
Whoso
Whosoever
Why
Whys
Wick
Wicks
Wicked
Wicking
Wickeder
Wickedest
Wickedly
Wickedness
Wickednesses
Wicker
Wickers
Wickerwork
Wickerworks
Wicket
Wickets
Wide
Wider
Widest
Wides
Widely
Widemouthed
Widen
Widened
Widening
Widens
Widener
Wideners
Wideness
Widenesses
Widespread
Widgeon
Widgeons
Widow
Widows
Widowed
Widowing
Widower
Widowers
Widowhood
Widowhoods
Width
Widths
Wield
Wielded
Wielding
Wields
Wielder
Wielders
Wiener
Wieners
Wienie
Wienies
Wife
Wives
Wifed
Wifing
Wifes
Wifeless
Wifely
Wifelier
Wifeliest
Wig
Wigs
Wigged
Wigging
Wigeon
Wigeons
Wiggle
Wiggles
Wiggled
Wiggling
Wiggler
Wigglers
Wiggly
Wigglier
Wiggliest
Wight
Wights
Wiglet
Wiglets
Wigwag
Wigwags
Wigwagged
Wigwagging
Wigwam
Wigwams
Wild
Wilder
Wildest
Wilds
Wildcat
Wildcats
Wildcatted
Wildcatting
Wildcatter
Wildcatters
Wildebeest
Wildebeests
Wilderness
Wildernesses
Wildfire
Wildfires
Wildflower
Wildflowers
Wildfowl
Wildfowls
Wildlife
Wildlifes
Wildly
Wildness
Wildnesses
Wile
Wiles
Wiled
Wiling
Wilful
Wilfully
Wilfulness
Wilfulnesses
Wiliness
Wilinesses
Will
Wills
Would
@wouldst
@wilt
Willed
Willing
Willful
Willfully
Willfulness
Willfulnesses
Willies
Willinger
Willingest
Willingly
Willingness
Willingnesses
Williwaw
Williwaws
Willow
Willows
Willowed
Willowing
Willowy
Willowier
Willowiest
Willpower
Willpowers
Wilt
Wilts
Wilted
Wilting
Wily
Wilier
Wiliest
Wimp
Wimps
Wimpish
Wimple
Wimples
Wimpled
Wimpling
Wimpy
Wimpier
Wimpiest
Win
Wins
Won
Winning
Wince
Winces
Winced
Wincing
Winch
Winches
Winched
Winching
Wind
Winds
Winded
Wound
Winding
Windbag
Windbags
Windblown
Windbreak
Windbreaks
Windbreaker
Windbreakers
Windburn
Windburns
Windburned
Windchill
Windchills
Winder
Winders
Windfall
Windfalls
Windflower
Windflowers
Windily
Windiness
Windinesses
Windings
Windjammer
Windjammers
Windlass
Windlasses
Windlassed
Windlassing
Windless
Windmill
Windmills
Windmilled
Windmilling
Window
Windows
Windowed
Windowing
Windowless
Windowpane
Windowpanes
Windowsill
Windowsills
Windpipe
Windpipes
Windproof
Windrow
Windrows
Windrowed
Windrowing
Windshield
Windshields
Windsock
Windsocks
Windstorm
Windstorms
Windsurf
Windsurfed
Windsurfing
Windsurfs
Windsurfer
Windsurfers
Windsurfings
Windswept
Windup
Windups
Windward
Windwards
Windy
Windier
Windiest
Wine
Wines
Wined
Wining
Wineglass
Wineglasses
Winegrower
Winegrowers
Winemaker
Winemakers
Winery
Wineries
Wing
Wings
Winged
Winging
Wingding
Wingdings
Wingless
Winglike
Wingspan
Wingspans
Wingspread
Wingspreads
Wingtip
Wingtips
Wink
Winks
Winked
Winking
Winker
Winkers
Winkle
Winkles
Winkled
Winkling
Winnable
Winner
Winners
Winnings
Winningly
Winnow
Winnows
Winnowed
Winnowing
Winnower
Winnowers
Wino
Winos
Winsome
Winsomer
Winsomest
Winsomely
Winsomeness
Winsomenesses
Winter
Winters
Wintered
Wintering
Wintergreen
Wintergreens
Winterize
Winterized
Winterizing
Winterizes
Wintertime
Wintertimes
Wintery
Winterier
Winteriest
Wintry
Wintrier
Wintriest
Winy
Winier
Winiest
Wipe
Wipes
Wiped
Wiping
Wiper
Wipers
Wire
Wires
Wired
Wiring
Wirehair
Wirehairs
Wireless
Wirelesses
Wirelessed
Wirelessing
Wiretap
Wiretaps
Wiretapped
Wiretapping
Wiretapper
Wiretappers
Wiretappings
Wiriness
Wirinesses
Wirings
Wiry
Wirier
Wiriest
Wisdom
Wisdoms
Wise
Wiser
Wisest
Wises
Wised
Wising
Wiseacre
Wiseacres
Wisecrack
Wisecracks
Wisecracked
Wisecracking
Wisely
Wiselier
Wiseliest
Wish
Wishes
Wished
Wishing
Wishbone
Wishbones
Wisher
Wishers
Wishful
Wishfully
Wisp
Wisps
Wisped
Wisping
Wispy
Wispier
Wispiest
Wistaria
Wistarias
Wisteria
Wisterias
Wistful
Wistfully
Wistfulness
Wistfulnesses
Wit
Wits
Wist
Witting
Wot
Wost
Wite
Witch
Witches
Witched
Witching
Witchcraft
Witchcrafts
Witchery
Witcheries
With
Withal
Withdraw
Withdrew
Withdrawn
Withdrawing
Withdraws
Withdrawal
Withdrawals
Withe
Withes
Withed
Withing
Wither
Withered
Withering
Withers
Witheringly
Withhold
Withheld
Withholding
Withholds
Withholdings
Within
Withins
Without
Withouts
Withstand
Withstood
Withstanding
Withstands
Witless
Witlessly
Witlessness
Witlessnesses
Witness
Witnesses
Witnessed
Witnessing
Witted
Witticism
Witticisms
Wittily
Wittiness
Wittinesses
Wittings
Wittingly
Witty
Wittier
Wittiest
Wive
Wived
Wiving
Wiz
Wizzes
Wizes
Wizard
Wizards
Wizardry
Wizardries
Wizened
Woad
Woads
Wobble
Wobbles
Wobbled
Wobbling
Wobbliness
Wobblinesses
Wobbly
Wobblier
Wobbliest
Woe
Woes
Woebegone
Woeful
Woefuller
Woefullest
Woefully
Woefulness
Woefulnesses
Wok
Woks
Wold
Wolds
Wolf
Wolves
Wolfed
Wolfing
Wolfs
Wolfhound
Wolfhounds
Wolfish
Wolfram
Wolframs
Wolverine
Wolverines
Woman
Women
Womaned
Womaning
Womans
Womanhood
Womanhoods
Womanish
Womanize
Womanized
Womanizing
Womanizes
Womanizer
Womanizers
Womankind
Womanlike
Womanliness
Womanlinesses
Womanly
Womanlier
Womanliest
Womb
Wombs
Wombat
Wombats
Womenfolk
Womenfolks
Wonned
Wonning
Wons
Wonder
Wonders
Wondered
Wondering
Wonderful
Wonderfully
Wonderfulness
Wonderfulnesses
Wonderingly
Wonderland
Wonderlands
Wonderment
Wonderments
Wondrous
Wondrously
Wonk
Wonks
Wonky
Wonkier
Wonkiest
Wont
Wonts
Wonted
Wonting
Wonton
Wontons
Woo
Wooed
Wooing
Woos
Wood
Woods
Wooded
Wooding
Woodbine
Woodbines
Woodblock
Woodblocks
Woodcarver
Woodcarvers
Woodcarving
Woodcarvings
Woodchuck
Woodchucks
Woodcock
Woodcocks
Woodcraft
Woodcrafts
Woodcut
Woodcuts
Woodcutter
Woodcutters
Woodcutting
Woodcuttings
Wooden
Woodener
Woodenest
Woodenly
Woodenness
Woodennesses
Woodiness
Woodinesses
Woodland
Woodlands
Woodlot
Woodlots
Woodman
Woodmen
Woodpecker
Woodpeckers
Woodpile
Woodpiles
Woodshed
Woodsheds
Woodshedded
Woodshedding
Woodsiness
Woodsinesses
Woodsman
Woodsmen
Woodsy
Woodsier
Woodsiest
Woodwind
Woodwinds
Woodwork
Woodworks
Woodworker
Woodworkers
Woodworking
Woodworkings
Woody
Woodier
Woodiest
Woodies
Wooer
Wooers
Woof
Woofs
Woofed
Woofing
Woofer
Woofers
Wool
Wools
Woolen
Woolens
Woolgathering
Woolgatherings
Woolie
Woolies
Woollen
Woollens
Woolliness
Woollinesses
Woolly
Woollier
Woolliest
Woollies
Wooly
Woolier
Wooliest
Woozily
Wooziness
Woozinesses
Woozy
Woozier
Wooziest
Word
Words
Worded
Wording
Wordage
Wordages
Wordbook
Wordbooks
Wordily
Wordiness
Wordinesses
Wordings
Wordless
Wordlessly
Wordplay
Wordplays
Wordy
Wordier
Wordiest
Work
Works
Worked
Wrought
Working
Workable
Workaday
Workaholic
Workaholics
Workbench
Workbenches
Workbook
Workbooks
Workday
Workdays
Worker
Workers
Workfare
Workfares
Workforce
Workforces
Workhorse
Workhorses
Workhouse
Workhouses
Workings
Workingman
Workingmen
Workingwoman
Workingwomen
Workload
Workloads
Workman
Workmen
Workmanlike
Workmanship
Workmanships
Workout
Workouts
Workplace
Workplaces
Workroom
Workrooms
Worksheet
Worksheets
Workshop
Workshops
Workstation
Workstations
Worktable
Worktables
Workup
Workups
Workweek
Workweeks
World
Worlds
Worldliness
Worldlinesses
Worldly
Worldlier
Worldliest
Worldview
Worldviews
Worldwide
Worm
Worms
Wormed
Worming
Wormhole
Wormholes
Wormwood
Wormwoods
Wormy
Wormier
Wormiest
Worrier
Worriers
Worriment
Worriments
Worrisome
Worry
Worries
Worried
Worrying
Worrywart
Worrywarts
Worses
Worsen
Worsened
Worsening
Worsens
Worship
Worships
Worshiped
Worshipped
Worshiping
Worshipping
Worshiper
Worshipers
Worshipful
Worshipper
Worshippers
Worsts
Worsted
Worsting
Worsteds
Wort
Worts
Worth
Worths
Worthed
Worthing
Worthily
Worthiness
Worthinesses
Worthless
Worthlessly
Worthlessness
Worthlessnesses
Worthwhile
Worthy
Worthier
Worthiest
Worthies
Wounds
Wounded
Wounding
Wow
Wows
Wowed
Wowing
Wrack
Wracks
Wracked
Wracking
Wraith
Wraiths
Wrangle
Wrangles
Wrangled
Wrangling
Wrangler
Wranglers
Wrap
Wraps
Wrapped
Wrapt
Wrapping
Wraparound
Wraparounds
Wrapper
Wrappers
Wrappings
Wrasse
Wrasses
Wrath
Wraths
Wrathful
Wrathfully
Wreak
Wreaked
Wreaking
Wreaks
Wreath
Wreaths
Wreathed
Wreathing
Wreathe
Wreathes
Wreck
Wrecks
Wrecked
Wrecking
Wreckage
Wreckages
Wrecker
Wreckers
Wren
Wrens
Wrench
Wrenches
Wrenched
Wrenching
Wrest
Wrests
Wrested
Wresting
Wrestle
Wrestles
Wrestled
Wrestling
Wrestler
Wrestlers
Wrestlings
Wretch
Wretches
Wretched
Wretcheder
Wretchedest
Wretchedly
Wretchedness
Wretchednesses
Wriggle
Wriggles
Wriggled
Wriggling
Wriggler
Wrigglers
Wriggly
Wrigglier
Wriggliest
Wright
Wrights
Wring
Wrings
Wrung
Wringing
Wringer
Wringers
Wrinkle
Wrinkles
Wrinkled
Wrinkling
Wrinkly
Wrinklier
Wrinkliest
Wrinklies
Wrist
Wrists
Wristband
Wristbands
Wristwatch
Wristwatches
Writ
Writs
Write
Wrote
Written
Writing
Writes
Writer
Writers
Writhe
Writhes
Writhed
Writhing
Writings
Wrong
Wronger
Wrongest
Wrongs
Wronged
Wronging
Wrongdoer
Wrongdoers
Wrongdoing
Wrongdoings
Wrongful
Wrongfully
Wrongfulness
Wrongfulnesses
Wrongheaded
Wrongheadedly
Wrongheadedness
Wrongheadednesses
Wrongly
Wrongness
Wrongnesses
Wroth
Wry
Wryer
Wrier
Wryest
Wriest
Wryly
Wryness
Wrynesses
Wurst
Wursts
Wuss
Wusses
Wussy
Wussier
Wussiest
Wussies
Xenon
Xenons
Xenophobe
Xenophobes
Xenophobia
Xenophobias
Xenophobic
Xerographic
Xerography
Xerographies
Xerox
Xeroxes
Xeroxed
Xeroxing
Xis
Xylem
Xylems
Xylophone
Xylophones
Xylophonist
Xylophonists
Yacht
Yachts
Yachted
Yachting
Yachtings
Yachtsman
Yachtsmen
Yachtswoman
Yachtswomen
Yack
Yacks
Yacked
Yacking
Yahoo
Yahoos
Yak
Yaks
Yakked
Yakking
Yam
Yams
Yammer
Yammers
Yammered
Yammering
Yammerer
Yammerers
Yang
Yangs
Yank
Yanks
Yanked
Yanking
Yap
Yaps
Yapped
Yapping
Yard
Yards
Yarded
Yarding
Yardage
Yardages
Yardarm
Yardarms
Yardman
Yardmen
Yardmaster
Yardmasters
Yardstick
Yardsticks
Yarmelke
Yarmelkes
Yarmulke
Yarmulkes
Yarn
Yarns
Yarned
Yarning
Yarrow
Yarrows
Yaw
Yaws
Yawed
Yawing
Yawl
Yawls
Yawled
Yawling
Yawn
Yawns
Yawned
Yawning
Yawner
Yawners
Yea
Yeas
Yeah
Yeahs
Year
Years
Yearbook
Yearbooks
Yearling
Yearlings
Yearlong
Yearly
Yearlies
Yearn
Yearned
Yearning
Yearns
Yearnings
Yeast
Yeasts
Yeasted
Yeasting
Yeasty
Yeastier
Yeastiest
Yegg
Yeggs
Yell
Yells
Yelled
Yelling
Yellow
Yellower
Yellowest
Yellows
Yellowed
Yellowing
Yellowish
Yellowness
Yellownesses
Yellowy
Yellowier
Yellowiest
Yelp
Yelps
Yelped
Yelping
Yen
Yens
Yenned
Yenning
Yeoman
Yeomen
Yeomanry
Yeomanries
Yep
Yeps
Yes
Yeses
Yesses
Yessed
Yesed
Yessing
Yesing
Yeshiva
Yeshivas
Yeshivoth
Yeshivah
Yeshivahs
Yesterday
Yesterdays
Yesteryear
Yesteryears
Yet
Yeti
Yetis
Yew
Yews
Yield
Yields
Yielded
Yielding
Yikes
Yin
Yins
Yip
Yips
Yipped
Yipping
Yipe
Yippee
Yodel
Yodels
Yodeled
Yodelled
Yodeling
Yodelling
Yodeler
Yodelers
Yodeller
Yodellers
Yoga
Yogas
Yoghourt
Yoghourts
Yoghurt
Yoghurts
Yogi
Yogis
Yogin
Yogins
Yogurt
Yogurts
Yoke
Yokes
Yoked
Yoking
Yokel
Yokels
Yolk
Yolks
Yolked
Yon
Yonder
Yore
Yores
You
Yous
Young
Younger
Youngest
Youngish
Youngster
Youngsters
Your
Yours
Yourself
Yourselves
Youth
Youths
Youthful
Youthfully
Youthfulness
Youthfulnesses
Yow
Yowl
Yowls
Yowled
Yowling
Ytterbium
Ytterbiums
Yttrium
Yttriums
Yuan
Yucca
Yuccas
Yuck
Yucks
Yucked
Yucking
Yucky
Yuckier
Yuckiest
Yuk
Yuks
Yukked
Yukking
Yule
Yules
Yuletide
Yuletides
Yum
Yummy
Yummier
Yummiest
Yummies
Yup
Yups
Yuppie
Yuppies
Yuppy
Yurt
Yurts
Zaniness
Zaninesses
Zany
Zanier
Zaniest
Zanies
Zap
Zaps
Zapped
Zapping
Zapper
Zappers
Zeal
Zeals
Zealot
Zealots
Zealotry
Zealotries
Zealous
Zealously
Zealousness
Zealousnesses
Zebra
Zebras
Zebu
Zebus
Zed
Zeds
Zeitgeist
Zeitgeists
Zenith
Zeniths
Zephyr
Zephyrs
Zeppelin
Zeppelins
Zero
Zeros
Zeroes
Zeroed
Zeroing
Zest
Zests
Zested
Zesting
Zestful
Zestfully
Zestfulness
Zestfulnesses
Zesty
Zestier
Zestiest
Zeta
Zetas
Zigzag
Zigzags
Zigzagged
Zigzagging
Zilch
Zilches
Zillion
Zillions
Zinc
Zincs
Zincked
Zinced
Zincking
Zincing
Zincks
Zinfandel
Zinfandels
Zing
Zings
Zinged
Zinging
Zinger
Zingers
Zingy
Zingier
Zingiest
Zinnia
Zinnias
Zip
Zips
Zipped
Zipping
Zipper
Zippers
Zippered
Zippering
Zippy
Zippier
Zippiest
Zircon
Zircons
Zirconium
Zirconiums
Zit
Zits
Zither
Zithers
Zloty
Zlotys
Zodiac
Zodiacs
Zodiacal
Zombi
Zombis
Zombie
Zombies
Zonal
Zonally
Zone
Zones
Zoned
Zoning
Zonings
Zonked
Zoo
Zoos
Zookeeper
Zookeepers
Zoological
Zoologically
Zoologist
Zoologists
Zoology
Zoologies
Zoom
Zooms
Zoomed
Zooming
Zoophyte
Zoophytes
Zoophytic
Zounds
Zucchini
Zucchinis
Zwieback
Zwiebacks
Zydeco
Zydecos
Zygote
Zygotes
Zygotic
Zymurgy
Zymurgies
A-1
Aaa
Aaron
Aba
Abbr
Abbrev
Abc
Abcs
Abc's
Abel
Abelard
Aberdeen
Abidjan
Abilene
Able-bodied
Able-bodied seaman
Able seaman
Abm
A-bomb
Abominable snowman
About-face
Above-mentioned
Abraham
Absentee ballot
Absentee landlord
Absent-minded
Absent-mindedly
Absent-mindedness
Absolute pitch
Absolute value
Absolute zero
Abstract expressionism
Abstract expressionist
Abstract noun
Abu dhabi
Abuja
Abyssinia
A/c
A cappella
Acapulco
Access time
Accident-prone
According to
Account executive
Accra
Acct
Ac/dc
Acetic acid
Acetylsalicylic acid
Achilles
Achilles heel
Achilles' heel
Achilles tendon
Acid rain
Acid test
Aclu
Aconcagua
Acorn squash
Acquaintance rape
Across-the-board
Acrylic resin
Acth
Actinide series
Activated carbon
Acts of the apostles
Acute accent
Acute angle
Adam
Adams
Adam's apple
Adc
Addams
Addis ababa
Add-on
Adelaide
Aden
Adhesive tape
Ad hoc
Ad infinitum
Adirondack mountains
Adirondacks
Adj
Ad lib
Ad-lib
Adm
Ad nauseam
Adonis
Adp
Adrenal gland
Adriatic
Adriatic sea
Adv
Ad valorem
Adventist
Advt
Aegean
Aegean sea
Aeneas
Aeschylus
Aesop
Afb
Afc
Afdc
Affirmative action
Afghan hound
Afghanistan
Afl-cio
Afn
Afr
Africa
African
African american
African-american
African violet
Afrikaans
Afrikaner
Afro
Afro-american
Afrocentric
Afrocentrism
Agamemnon
Agana
Agar-agar
Age bracket
Age group
Agent orange
Agent provocateur
Age of consent
Age-old
Agra
Aguascalientes
Ahead of
Ahmadabad
Aid-de-camp
Aide-de-camp
Aides-de-camp
Aids-de-camp
Aiken
Ain't
Air bag
Air base
Air brake
Air-condition
Air conditioned
Air-conditioned
Air conditioner
Air-conditioner
Air conditioning
Air-conditioning
Air-cooled
Aircraft carrier
Airedale
Air force
Air gun
Air kiss
Air lane
Air letter
Air lock
Air mail
Airman basic
Airman first class
Air mass
Air pocket
Air pressure
Air raid
Air rifle
Air space
Air speed
Air strike
Air time
Air-to-air
Air traffic controller
Aka
Akihito
Akron
Ala
A la
Alabama
Alabaman
Alabamian
A la carte
Aladdin
A la king
Alamo
A la mode
Alarm clock
Alaska
Alaskan
Albania
Albanian
Albany
Albee
Alberta
Albertan
Albuquerque
Alcatraz
Alcott
Alden
Al dente
Aleppo
Aleut
Aleutian
Aleutian islands
Aleutians
Alexander
Alexander the great
Alexandria
Alexandrian
Alfalfa sprout
Alfred
Al fresco
Algeria
Algerian
Algiers
Algonquian
Algonquin
Ali
Ali baba
Alimentary canal
A-line
Allah
All-american
All-around
All clear
All-clear
Alleghenies
Allegheny
Allegheny mountains
Allen
Allentown
Allen wrench
Alley cat
Alley-oop
All-fired
Allhallows
Alligator pear
All-important
All-inclusive
All-night
All-nighter
All-out
All-purpose
All right
All-round
All saints' day
All-star
All-time
Alma-ata
Alma mater
Almaty
Aloe vera
Alpha particle
Alpha rhythm
Alpha wave
Alsatian
Also-ran
Alt
Alta
Altar boy
Alter ego
Alternating current
Alternative medicine
Alzheimer's disease
Ama
Amarillo
Amer
Amerasian
America
American
Americana
American cheese
American dream
American indian
Americanism
Americanization
Americanize
American plan
American revolution
American samoa
American sign language
Americas
Amerind
Amerindian
Amino acid
Amish
Amman
Ammonia water
Amour propre
Amplitude modulation
Amsterdam
Amt
Amtrak
Amundsen
Amusement arcade
Amusement park
Anabolic steroid
Anaheim
Analog computer
Anaxagoras
Andean
Andersen
Anderson
Andes
And/or
Andorra
Andorran
Andrew
Andropov
Aneroid barometer
Angel dust
Angel falls
Angel food cake
Angelou
Angina pectoris
Angle iron
Anglican
Anglicanism
Anglicism
Anglicization
Anglo
Anglo-american
Anglo-french
Anglophil
Anglophile
Anglophobe
Anglo-saxon
Angola
Angolan
Animal rights
Animated cartoon
Ankara
Annapolis
Ann arbor
Anne
Anno domini
Annual ring
Anorexia nervosa
Anouilh
Ans
Answering machine
Answering service
Antananarivo
Antarctica
Antarctic circle
Antarctic ocean
Ant bear
Ante meridiem
Anthony
Anti-american
Antiballistic missile
Anti-catholic
Antietam
Antigua and barbuda
Anti-imperialism
Anti-imperialist
Anti-intellectual
Antillean
Antilles
Anti-semite
Anti-semitic
Anti-semitically
Anti-semitism
Ant lion
Antony
Antwerp
Any one
A-ok
A-okay
A one
A/p
Apache
Apartment building
Apartment complex
Apartment house
Apb
Apennines
Aphrodite
Apia
Apo
Apollo
A posteriori
Appalachia
Appalachian mountains
Appalachians
Apple butter
Apple-pie order
Appleseed
Appointment book
Appomattox
Approx
Apr
April
April fool
April fool's day
April fools' day
A priori
Aptitude test
Aquarius
Aqua vitae
Aqueous humor
Aquinas
A/r
Arab
Arabia
Arabian
Arabian horse
Arabian nights
Arabian peninsula
Arabian sea
Arabic
Arabic numeral
Arabic numerals
Arabist
Aral sea
Aramaic
Arapaho
Arapahoe
Ararat
Archimedes
Arc lamp
Arctic circle
Arctic ocean
Ardabil
Ardebil
Area code
Area rug
Arena theater
Aren't
Argentina
Argentine
Argentinean
Argentinian
Argonaut
Aries
Aristophanes
Aristotle
Arithmetic mean
Arithmetic progression
Ariz
Arizona
Arizonan
Arizonian
Arkansan
Arkansas
Ark of the covenant
Arlington
Armageddon
Armed forces
Armed services
Armenia
Armenian
Armistice day
Arms control
Arms race
Armstrong
Arno
Arnold
Around-the-clock
Arr
Art deco
Artemis
Artesian well
Art gallery
Arthur
Arthurian
Artificial insemination
Artificial intelligence
Artificial respiration
Art nouveau
Aruba
Aryan
Asap
Ascension day
Ascii
Ascorbic acid
Ashe
Ashgabat
Ashkhabad
Ash wednesday
Asia
Asia minor
Asian
Asian-american
Asiatic
Aside from
As if
Asimov
Asking price
Asl
Asmara
As of
Aspca
Assault and battery
Assault rifle
Assembly language
Assembly line
Assisted suicide
Assn
Assoc
Associate degree
Associate of arts
Association football
Asst
Assyria
Assyrian
Astaire
As though
As to
Astor
Astronomical unit
Astroturf
Asuncion
Aswan
As well as
Athabascan
Athabaska
Athabaskan
Athena
Athene
Athenian
Athens
Athlete's foot
Athletic supporter
Atlanta
Atlantic
Atlantic ocean
Atlantis
Atlas mountains
Atm
At no
Atom bomb
Atomic bomb
Atomic clock
Atomic energy
Atomic number
Atomic weight
Atp
Attache case
Attention deficit disorder
Attila
Attn
Attorney general
Attorney-general
Attorneys general
Attucks
Atty
Atv
At wt
Auckland
Au courant
Auden
Audio book
Audio frequency
Audio-visual
Audubon
Aug
Au gratin
Augusta
Augustan
Augustine
Augustinian
Augustus
Au jus
Auld lang syne
Au pair
Au revoir
Aurora australis
Aurora borealis
Aussie
Austen
Austin
Australasia
Australasian
Australia
Australian
Austria
Austrian
Authorized version
Automated teller machine
Automatic pilot
Autonomic nervous system
Aux
Auxiliary verb
Avant-garde
Avdp
Ave
Ave maria
Avg
Avicenna
Avoirdupois weight
Avon
Awe-inspiring
Awe-stricken
Awe-struck
Azerbaijan
Azerbaijani
Azores
Azov
Azt
Aztec
Aztecan
Baal
Baby boom
Baby boomer
Baby buggy
Baby carriage
Baby-faced
Baby grand
Babylon
Babylonia
Babylonian
Baby-sat
Baby's breath
Baby-sit
Baby sitter
Baby-sitter
Baby talk
Bacchic
Bacchus
Bach
Bachelor of arts
Bachelor party
Bachelor's button
Bachelor's degree
Back burner
Back door
Back formation
Back of
Back order
Back-pedal
Back seat
Back-seat driver
Back talk
Back-to-back
Back-up
Back yard
Bad blood
Bad debt
Bad egg
Baden-powell
Bad faith
Bad hat
Bad lot
Bad-mouth
Bad-tempered
Baedeker
Baffin bay
Baghdad
Bag lady
Bahamanian
Bahamas
Bahamian
Bahrain
Baikal
Bailiff
Bait-and-switch
Baja california
Baked beans
Baker's dozen
Bakersfield
Bake sale
Baking powder
Baking soda
Baku
Balance beam
Balance of payments
Balance of power
Balance of trade
Balance sheet
Balanchine
Bald eagle
Bald-faced
Baldwin
Bali
Balinese
Balkan
Balkan peninsula
Balkans
Balkan states
Ball-and-socket joint
Ball bearing
Ballet dancer
Ball game
Ballistic missile
Ball joint
Ballot box
Ball park
Ball-peen hammer
Ballpoint pen
Ballroom dancing
Balsam fir
Baltic
Baltic sea
Baltimore
Baltimore oriole
Balzac
Bamako
Bamboo curtain
Banana republic
Band-aid
Bandar seri begawan
B and b
Band saw
Bandung
B and w
Bandy-legged
Bangalore
Bangkok
Bangladesh
Bangladeshi
Bangui
Bang-up
Banjul
Bank account
Bank card
Bank draft
Bank holiday
Bank note
Bank teller
Banner headline
Bantu
Baptist
Barabbas
Barbadian
Barbados
Barbed wire
Barcelona
Bar chart
Bar code
Bare bones
Bare-bones
Barents sea
Bargaining chip
Bar graph
Bar mitzvah
Barnard
Barnaul
Barn dance
Barn owl
Barnum
Barometric pressure
Barranquilla
Barrel organ
Barrie
Barrier reef
Barrymore
Bart
Barth
Barthes
Bartok
Barton
Baruch
Baryshnikov
Basal metabolism
Base hit
Base line
Base on balls
Base pay
Base runner
Basie
Basket case
Basket weave
Bas mitzvah
Basque
Basra
Bas-relief
Bass clef
Bass drum
Basseterre
Basset hound
Bass viol
Basutoland
Batch processing
Bathing cap
Bathing suit
Bath salts
Bat mitzvah
Baton rouge
Battering ram
Battle-ax
Battle-axe
Battle cruiser
Battle cry
Battle fatigue
Battle royal
Baudelaire
Baud rate
Bavaria
Bavarian
Bayamon
Bay leaf
Bay rum
Bay window
B & b
Bbc
Bb gun
Bbl
Bbq
Bbs
Bce
B cell
Bdrm
Beach ball
Beach buggy
Bean counter
Bean curd
Beardsley
Bear hug
Bear market
Beast of burden
Beast of prey
Beat-up
Beaufort scale
Beaujolais
Beaumont
Beauty parlor
Beauty queen
Beauty salon
Beauty shop
Beauty sleep
Beauty spot
Beauvoir
Beaux arts
Because of
Becket
Beckett
Bed and board
Bed and breakfast
Bed-and-breakfast
Bed of roses
Bedouin
Bed-wetter
Beelzebub
Beer belly
Beethoven
Beetle-browed
Begat
Behavioral science
Beijing
Beirut
Belarus
Bel canto
Belfast
Belg
Belgian
Belgium
Belgrade
Belize
Bell-bottom
Bell-bottomed
Bell bottoms
Bell-bottoms
Belles lettres
Belles-lettres
Bell jar
Bell pepper
Belly button
Belly dance
Belly dancer
Belly dancing
Belly flop
Belly laugh
Belmopan
Belo horizonte
Belorussia
Belorussian
Belshazzar
Belt-tightening
Benares
Bench mark
Bench press
Bench-press
Bench warrant
Benedict
Benedictine
Benelux
Benet
Bengal
Ben-gurion
Benin
Beninese
Benjamin
Benton
Benz
Berber
Bergen
Bergman
Bering
Bering sea
Bering strait
Berkeley
Berlin
Berliner
Berlioz
Bermuda
Bermudan
Bermudas
Bermuda shorts
Bermuda triangle
Bermudian
Bern
Bernadette
Berne
Bernese
Bernhardt
Bernini
Bernstein
Best man
Best-seller
Best-selling
Beta blocker
Beta particle
Beta ray
Betel nut
Bete noire
Bethlehem
Bethune
Better off
Bevel gear
Beverly hills
Bhopal
Bhutan
Bhutanese
Bia
Bibb lettuce
Bicarbonate of soda
Bierce
Big apple
Big bang theory
Big-bang theory
Big board
Big brother
Big business
Big cheese
Big deal
Big dipper
Big game
Big government
Big-hearted
Big league
Big-league
Big name
Big-name
Big shot
Big ticket
Big-ticket
Big time
Big-time
Big top
Big wheel
Bilge water
Billet-doux
Billets-doux
Bill of exchange
Bill of fare
Bill of lading
Bill of rights
Bill of sale
Billy club
Billy goat
Binary star
Biog
Biol
Biological clock
Biological warfare
Bird-brained
Bird dog
Bird of paradise
Bird of prey
Bird's-eye
Bird's-eye view
Bird watcher
Birmingham
Birth certificate
Birth control
Birth defect
Birth rate
Biscay
Bishkek
Bismarck
Bissau
Bite-size
Bite-sized
Bit part
Bituminous coal
Bizet
Black and blue
Black-and-blue
Black and white
Black-and-white
Black art
Blackbeard
Black belt
Black box
Blackburn
Black death
Black economy
Black english
Black eye
Black-eyed pea
Black-eyed susan
Blackfeet
Blackfoot
Black forest
Black hawk
Black hills
Black hole
Black humor
Black ice
Black light
Black lung disease
Black magic
Black mark
Black market
Black marketeer
Black marketer
Black mass
Black muslim
Black out
Blackpool
Black power
Black sea
Black sheep
Black tie
Black-tie
Blackwell
Black widow
Blake
Blank cartridge
Blank check
Blank verse
Blast furnace
Blast off
Blast-off
Bldg
Bleary-eyed
Bleeding heart
Blind alley
Blind date
Blindman's buff
Blind spot
Block and tackle
Block letters
Block party
Bloemfontein
Blood-and-guts
Blood bank
Blood bath
Blood count
Blood donor
Blood group
Blood money
Blood poisoning
Blood pressure
Blood relation
Blood relative
Blood test
Blood transfusion
Blood type
Blood vessel
Bloody mary
Blotting paper
Blow-by-blow
Blow-dry
Blow dryer
Blow-dryer
Blow-hard
Blow-hole
Blow-up
Blt
Blue baby
Blue blood
Blue-blood
Blue-blooded
Blue cheese
Blue chip
Blue-chip
Blue-collar
Blue jay
Blue jeans
Blue law
Blue movie
Blue-pencil
Blue ribbon
Blue ridge
Blue ridge mountains
Blue streak
Blue whale
Blush-on
Blush wine
Blvd
B movie
Boa constrictor
Boadicea
Board game
Boarding house
Boarding school
Boat people
Bobby pin
Bobby socks
Bobby sox
Boccaccio
Body bag
Body builder
Body building
Body-building
Body count
Body english
Body language
Body odor
Body piercing
Body politic
Body shop
Body stocking
Boer
Bogart
Bogota
Bohemia
Bohr
Boiling point
Boise
Bok choy
Bold-faced
Boleyn
Bolivia
Bolivian
Boll weevil
Bolshevism
Bolshevist
Bolton
Bombay
Bomber jacket
Bona fide
Bonaparte
Bond paper
Bone china
Bone dry
Bone-dry
Bone meal
Bone of contention
Bongo drums
Bon mot
Bonn
Bons mots
Bon vivant
Bon voyage
Bony fish
Boo-boo
Boob tube
Booby hatch
Booby prize
Booby trap
Booby-trap
Booby-trapped
Boogie-woogie
Book club
Book matches
Book value
Boom box
Boom town
Boone
Booster shot
Boot camp
Bordeaux
Borges
Boric acid
Born-again
Borneo
Bosch
Bosnia
Bosnia and herzegovina
Bosnia-herzegovina
Bosnian
Bosporus
Bossa nova
Boston
Bostonian
Boswell
Bot
Botanical garden
Botany bay
Botch up
Botswana
Botticelli
Bottle-fed
Bottom line
Boudicca
Bourbon whiskey
Bourke-white
Bournemouth
'bout
Bowel movement
Bowie
Bowie knife
Bow-legged
Bowler hat
Bowling alley
Bowling green
Bow tie
Boxer shorts
Boxing glove
Box number
Box office
Box spring
Boyle
Boy scout
Boy scouts
Bpoe
Bps
Brace and bit
Bradbury
Bradford
Bradley
Brady
Brahe
Brahma
Brahman
Brahmanee
Brahmani
Brahmanism
Brahmaputra
Brahmin
Brahms
Brain-dead
Brain death
Brain drain
Brain trust
Brain wave
Brain waves
Brandeis
Branding iron
Brand name
Brand-name
Brand-new
Brando
Brasilia
Brass band
Brass knuckles
Brass tacks
Bratislava
Brazil
Brazilian
Brazil nut
Brazzaville
Breach of the peace
Bread and butter
Bread-and-butter
Break-even
Break in
Break-in
Breaking point
Break out
Break up
Breast-fed
Breast-feed
Breast pocket
Breast stroke
Breathalyzer
Breathing room
Breathing space
Brecht
Breech birth
Breeder reactor
Breeding ground
Bremen
Breughel
Brezhnev
Bric-a-brac
Bridge loan
Bridgeport
Bridgetown
Bridle path
Brigadier general
Brighten up
Bright-eyed
Brighton
Bring about
Bring up
Brisbane
Bristlecone pine
Bristol
Brit
Britain
Britannic
Briticism
British
British columbia
British commonwealth of nations
Britisher
British isles
British thermal unit
Briton
Brittany
Britten
Broad jump
Broad-minded
Broad-mindedly
Broad-mindedness
Broad-spectrum
Broadway
Broken-down
Broken-hearted
Bronchial tube
Bronte
Bronx
Bronx cheer
Bronze age
Bronze medal
Brooklyn
Brother-in-law
Brothers-in-law
Brown-bag
Brown bagger
Brown-bagger
Brown betty
Brownie point
Brown-nose
Brown-noser
Brown rice
Brown study
Brown sugar
Brownsville
Bruegel
Brueghel
Brunei
Bruneian
Brush-off
Brussels
Brussels sprout
Brussels sprouts
Brutus
Bryan
Bryant
Bsa
Bsc
Btu
Bubble bath
Bubble gum
Buber
Bubonic plague
Buchanan
Bucharest
Bucket seat
Bucket shop
Buck teeth
Buck-toothed
Budapest
Buddha
Buddhism
Buddhist
Buddy system
Buenos aires
Buffalo bill
Bug-eyed
Building block
Build-up
Built-in
Built-up
Bujumbura
Bulfinch
Bulgaria
Bulgarian
Bulletin board
Bulletin board system
Bullet train
Bull-headed
Bull market
Bull pen
Bull run
Bull session
Bull's-eye
Bull terrier
Bumble bee
Bumper sticker
Bumper-to-bumper
Bunche
Bungee cord
Bungee jumping
Bunk bed
Bunker hill
Bunny rabbit
Bunsen burner
Bunyan
Buoy up
Burbank
Burglar alarm
Burgundian
Burkina faso
Burlington
Burma
Burmese
Burnside
Burroughs
Burundi
Burundian
Bus boy
Bush baby
Bush league
Bush-league
Business card
Business college
Bus lane
Bus station
Bus stop
Butter bean
Button-down
Button up
Buyer's market
Buyers' market
Buzz saw
Bxs
By-and-by
Bye-bye
Bye-election
By-election
Byelorussia
By-line
Byob
By-pass
By-path
By-product
Byrd
Byron
Byzantine empire
Byzantium
Cabernet sauvignon
Cabin boy
Cabin class
Cabin cruiser
Cabin fever
Cable car
Cable television
Cable tv
Cabot
Cabrini
Cacao bean
Cad/cam
Cadette
Cadillac
Caesar
Cai
Cain
Cairo
Cajan
Cajun
Cal
Calcium carbonate
Calcutta
Calder
Calendar month
Calendar year
Calgary
Calhoun
Cali
California
Californian
Caligula
Calla lily
Call down
Call girl
Call-in
Calling card
Call letters
Call number
Call sign
Call-up
Calvary
Calvert
Calvin
Calvinism
Calvinist
Calvinistic
Cambodia
Cambodian
Cambrian
Cambridge
Camden
Camelot
Camel's hair
Camembert
Cameroon
Cameroonian
Camp david
Camp fire girl
Camp follower
Camp meeting
Camus
Canaan
Canaanite
Canad
Canada
Canada day
Canada goose
Canadian
Canadian bacon
Canadian goose
Canadianism
Canaletto
Canal zone
Canary islands
Canaveral
Canberra
Can-do
Candy bar
Candy cane
Candy striper
Cane sugar
Canker sore
Canola oil
Canon law
Can opener
Canst
Can't
Canterbury
Cantonese
Canute
Cape canaveral
Cape cod
Cape horn
Cape of good hope
Capet
Cape town
Cape verde
Cape verdean
Capillary action
Capillary attraction
Capital asset
Capital gain
Capital goods
Capital-intensive
Capital letter
Capital punishment
Capitol hill
Capone
Capote
Capra
Capricorn
Capt
Caracas
Caravaggio
Carbolic acid
Carbon 14
Carbon black
Carbon copy
Carbon-date
Carbon dating
Carbon dioxide
Carbonic acid
Carbon monoxide
Carbon paper
Carbon tetrachloride
Car coat
Card-carrying
Card catalog
Cardiac arrest
Cardiff
Cardinal flower
Cardinal number
Cardinal point
Cardiopulmonary resuscitation
Card shark
Card table
Care package
Carib
Caribbean
Caribbean sea
Carnegie
Carolina
Carotid artery
Carpal tunnel syndrome
Carpathian mountains
Carpe diem
Carpet-bomb
Car pool
Car-pool
Car-pooler
Carrier pigeon
Carroll
Carry away
Carrying charge
Carry on
Carry-on
Carry out
Carry-out
Carry-over
Car seat
Carson
Carson city
Carte blanche
Carthage
Carthaginian
Cartier
Caruso
Car wash
Casablanca
Casanova
Cascade range
Case history
Case study
Cash bar
Cash card
Cash cow
Cash crop
Cash flow
Cashier's check
Cash machine
Cash on delivery
Cash register
Cash-strapped
Caspian sea
Cassandra
Cassatt
Cassette deck
Castile
Casting vote
Cast iron
Cast-iron
Castle in the air
Cast-off
Castor oil
Castries
Castro
Casus belli
Catalan
Catalytic converter
Catbird seat
Cat burglar
Catch-22
Catch-as-catch-can
Catch phrase
Cater-corner
Cater-cornered
Caterpillar tractor
Cather
Catherine
Catherine the great
Cathode ray
Cathode-ray tube
Catholicism
Cat-o'-nine-tails
Cat scan
Cat scanner
Cat's cradle
Catskill mountains
Catskills
Cat's-paw
Catt
Catty-corner
Catty-cornered
Catv
Caucasian
Caucasoid
Caucasus
Cauliflower ear
'cause
Cause celebre
Caveat emptor
Cave-in
Cave man
Cayenne pepper
Cayuga
Cbc
Cbs
Cctv
Ccu
Cdc
Cd player
Cd-rom
Cdt
Cease-fire
Cedar rapids
Celebes
Celestial sphere
Cellini
Cell phone
Cellular phone
Cellular telephone
Cellulose acetate
Cell wall
Celsius
Celt
Celtic
Cement mixer
Cenozoic
Center field
Center of gravity
Central african republic
Central america
Central american
Central city
Central europe
Central heating
Central intelligence agency
Central nervous system
Central processing unit
Central standard time
Central time
Central valley
Centrifugal force
Centripetal force
Century plant
Ceo
Cerebral cortex
Cerebral palsy
Ceres
Cert
Certificate of deposit
Certified check
Certified mail
Certified public accountant
Cervantes
Cesarean section
Cesarian
Ceylon
Ceylonese
Cezanne
Cfc
Cfo
Chablis
Cha-cha
Chad
Chadian
Chafing dish
Chagall
Chain gang
Chain letter
Chain mail
Chain of command
Chain reaction
Chain saw
Chain-saw
Chain-smoke
Chain smoker
Chain-smoker
Chain stitch
Chain store
Chair lift
Chaise longue
Chaise lounge
Chaldea
Chamber music
Chamber of commerce
Chamber pot
Champlain
Chandigarh
Chang
Changchun
Change of life
Change ringing
Chang jiang
Changsha
Channel islands
Chanukah
Chaplin
Char-broil
Charge account
Charge card
Charge d'affaires
Charlemagne
Charles
Charles martel
Charleston
Charley horse
Charlotte
Charlotte amalie
Charlottetown
Charnel house
Charon
Charter flight
Charter member
Charybdis
Chattanooga
Chaucer
Cheap shot
Check-in
Checking account
Check list
Checkout counter
Check-up
Cheever
Chef d'oeuvre
Chekhov
Chekhovian
Chelyabinsk
Chem
Chemical engineering
Chemical warfare
Chemical weapon
Chengdu
Cheops
Cherokee
Cherry tomato
Chesapeake
Chesapeake bay
Chesterton
Chest of drawers
Cheval glass
Chewing gum
Cheyenne
Chg
Chge
Chiang kai-shek
Chianti
Chiba
Chicago
Chicagoan
Chicana
Chicano
Chi-chi
Chickasaw
Chicken feed
Chicken-hearted
Chicken-livered
Chicken pox
Chicken wire
Chick pea
Chick-pea
Chief executive
Chief executive officer
Chief financial officer
Chief justice
Chief master sergeant
Chief of staff
Chief of state
Chief petty officer
Chief warrant officer
Child's play
Child support
Chilean
Chile con carne
Chili con carne
Chili dog
Chili pepper
Chili powder
Chili sauce
Chill factor
Chime in
Chimney sweep
Chimney swift
China sea
Chinatown
Chinch bug
Chinese
Chinese cabbage
Chinese checkers
Chinese lantern
Chinook
Chin-up
Chipped beef
Chippewa
Chipping sparrow
Chip shot
Chirico
Chisholm trail
Chisinau
Chit-chat
Chittagong
Chloral hydrate
Chm
Chock-a-block
Chock-full
Chocolate chip
Choctaw
Choke chain
Choke collar
Chomsky
Chongqing
Choo-choo
Chopin
Chop suey
Chow chow
Chow mein
Christ
Christchurch
Christendom
Christian
Christianity
Christianize
Christian name
Christian science
Christian scientist
Christie
Christlike
Christmas
Christmas card
Christmas carol
Christmas club
Christmas day
Christmas eve
Christmastide
Christmastime
Christmas tree
Christopher
Chuck-full
Chuck wagon
Chug-a-lug
Chukka boot
Chula vista
Chump change
Chungking
Churchill
Church of england
Cia
Cicero
Cid
Cincinnati
Cinder block
Cinderella
Cinema verite
Cir
Circe
Circuit board
Circuit breaker
Circuit court
Circular saw
Circulatory system
Circumstantial evidence
Cit
Citizens band
Citric acid
City council
City hall
City manager
City slicker
City-state
Civil defense
Civil disobedience
Civil engineer
Civil engineering
Civil law
Civil liberties
Civil liberty
Civil rights
Civil servant
Civil service
Civil war
Clark
Class action
Class-action
Class action suit
Class-conscious
Class consciousness
Classical music
Classified ad
Classified advertisement
Classified advertising
Clean-cut
Clean room
Clean-shaven
Clearance sale
Clear-cut
Clear-headed
Clear-headedness
Clearing house
Clear-sighted
Cleft palate
Clemenceau
Clemens
Cleopatra
Cleveland
Cliff-hanger
Clinton
Clip joint
Clip-on
Clipped form
Cloak-and-dagger
Clock radio
Clock speed
Close call
Closed-captioned
Closed circuit
Closed-circuit
Closed circuit television
Closed-circuit television
Closed shop
Close-fisted
Close-fitting
Close-knit
Close-mouthed
Close-set
Close shave
Close-up
Clothes moth
Cloud nine
Cloven hoof
Club sandwich
Club soda
Cmdr
Cnn
C-note
Cns
C/o
Coal gas
Coal mine
Coal oil
Coal scuttle
Coal tar
Coaster brake
Coast guard
Coat hanger
Coat of arms
Coat of mail
Coaxial cable
Cobb
Cobol
Coca-cola
Cochise
Cock-a-doodle-doo
Cock-and-bull story
Cocked hat
Cocker spaniel
Cocktail lounge
Cocktail party
Cocoa butter
Coconut palm
Cocteau
Co-dependency
Co-dependent
Code word
Cod-liver oil
Cody
Co-ed
Coffee break
Coffee cake
Coffee house
Coffee klatch
Coffee machine
Coffee shop
Coffee table
Cohan
Coimbatore
Col
Cold-blooded
Cold-bloodedly
Cold-bloodedness
Cold call
Cold cream
Cold cuts
Cold duck
Cold feet
Cold front
Cold-hearted
Cold-heartedly
Cold-heartedness
Cold shoulder
Cold-shoulder
Cold snap
Cold sore
Cold sweat
Cold turkey
Cold war
Cole
Coleridge
Cole slaw
Colette
Coll
Collection agency
Collective bargaining
Collective noun
Colloq
Colo
Colombia
Colombian
Colombo
Coloradan
Colorado
Coloradoan
Colorado springs
Color bar
Color-blind
Color blindness
Color-coordinated
Coloring book
Color line
Coltrane
Columbia
Columbia river
Columbus
Columbus day
Com
Comanche
Combat fatigue
Combination lock
Combining form
Comdr
Come-hither
Come-on
Come to
Comfort station
Comic book
Comic strip
Comm
Commander in chief
Command module
Command post
Command sergeant major
Commercial bank
Commercial paper
Commissioned officer
Common carrier
Common cold
Common denominator
Common divisor
Common factor
Common fraction
Common knowledge
Common law
Common-law
Common-law marriage
Common market
Common multiple
Common noun
Common sense
Common-sense
Common stock
Commonwealth of independent states
Commonwealth of nations
Community college
Community property
Community service
Comoran
Comoros
Compact disc
Compact disk
Complementary angles
Complex fraction
Complex number
Complex sentence
Composite number
Compos mentis
Compound eye
Compound fracture
Compound interest
Compound sentence
Comp time
Computer graphics
Computerized axial tomography
Computer language
Computer literacy
Computer-literate
Computer science
Computer virus
Comte
Conakry
Con artist
Concentration camp
Concepcion
Concession stand
Concord grape
Condensed milk
Conestoga wagon
Conference call
Confidence game
Confidence man
Confidence trick
Conflict of interest
Confucian
Confucianism
Confucius
Cong
Conger eel
Congo
Congolese
Conj
Con man
Conn
Connecticut
Connective tissue
Conning tower
Conniption fit
Connors
Conrad
Conscientious objector
Consolation prize
Constantine
Constantinople
Construction paper
Consumer goods
Consumer price index
Cont
Contact lens
Contd
Continental breakfast
Continental divide
Continental drift
Continental shelf
Continuing education
Contour line
Control freak
Controlled substance
Controlling interest
Control tower
Convection oven
Convenience store
Conversation piece
Conveyor belt
Cookie-cutter
Cool-headed
Coolidge
Co-op
Co-operate
Co-operation
Co-operative
Co-opt
Co-ordinate
Coordinating conjunction
Co-ordination
Copenhagen
Copernican
Copernicus
Copland
Copley
Cop out
Cop-out
Copy editor
Coral reef
Coral sea
Coral snake
Cordoba
Corinth
Corinthian
Corinthians
Corn bread
Corncob pipe
Corned beef
Corneille
Corn flakes
Cornish
Corn meal
Corn pone
Corn syrup
Cornwall
Cornwallis
Coronado
Coronary thrombosis
Corp
Corporal punishment
Corporate raider
Corpus christi
Corpus delicti
Corr
Correctional facility
Correspondence course
Corsica
Corsican
Cortes
Cortez
Cosmic ray
Cosmic rays
Cossack
Co-star
Costa rica
Costa rican
Cost-benefit analysis
Cost effective
Cost-effective
Cost-effectiveness
Cost of living
Costume jewelry
Cote d'ivoire
Cottage cheese
Cottage industry
Cotter pin
Cotton ball
Cotton candy
Cotton gin
Cotton-picking
Couch potato
Cough drop
Cough syrup
Couldn't
Count noun
Country and western
Country-and-western
Country club
Country dancing
Country music
County fair
County seat
Coup de grace
Coup d'etat
Couperin
Court-martial
Court order
Courts-martial
Cousteau
Coventry
Cover charge
Cover crop
Covered wagon
Cover letter
Cover story
Cover-up
Cowboy hat
Co-worker
Cow pony
Cpa
Cpd
Cpi
Cpl
Cpo
Cpr
Cps
Cpu
Crab apple
Crab grass
Crab louse
Crack house
Crack up
Crack-up
Crane fly
Cranmer
Crash course
Crash diet
Crash helmet
Crash-land
Crash landing
Crash-landing
Crash pad
Crawl space
Crazy horse
Crazy quilt
Cream cheese
Cream of tartar
Cream puff
Creation science
Creature comforts
Credibility gap
Credit card
Credit limit
Credit line
Credit rating
Credit union
Cree
Creme de la creme
Creme de menthe
Crepe paper
Crepe rubber
Cretan
Crete
Crew cut
Crew neck
Crib death
Crib sheet
Crimea
Crimean
Croat
Croatia
Croatian
Crockett
Crocodile tears
Croesus
Cro-magnon
Cromwell
Cronus
Crop-dusting
Crop rotation
Cross-check
Cross-country
Cross-cultural
Cross-dress
Cross-dresser
Cross-dressing
Cross-examination
Cross-examine
Cross-examiner
Cross-eye
Cross-eyed
Cross-fertilization
Cross-fertilize
Cross fire
Cross-grained
Cross-hatching
Cross-legged
Cross-pollinate
Cross-pollination
Cross-purpose
Cross-purposes
Cross-question
Cross-refer
Cross reference
Cross-reference
Cross section
Cross-section
Cross-sectional
Cross-stitch
Cross street
Cross-town
Cross-train
Crossword puzzle
Crouch down
Crown jewels
Crown prince
Crown princess
Crow's-feet
Crow's-foot
Crow's nest
Crow's-nest
Crt
Crude oil
Cruise control
Cruise missile
Cruise ship
Crystal ball
Crystal clear
C-section
Cst
Ctn
Ctr
Ct scan
Ct scanner
Cuba
Cuban
Cubby hole
Cube root
Cubic measure
Cub scout
Cub scouts
Cuckoo clock
Cue ball
Cuff link
Cuisinart
Cul-de-sac
Culs-de-sac
Culture shock
Cumberland gap
Cum laude
Cummings
Cure-all
Curitiba
Curling iron
Curriculum vitae
Curry powder
Curtain call
Custer
Custom-built
Custom-made
Cut and dried
Cut-and-dried
Cut-and-dry
Cut glass
Cut out
Cut-price
Cut-rate
Cutting edge
Cuzco
Cwt
Cypriot
Cyprus
Cyrano de bergerac
Cyrillic
Cyrus
Cystic fibrosis
Czech
Czechoslovak
Czechoslovakia
Czechoslovakian
Czech republic
3-d
Dacca
Dacron
Daddy longlegs
Daddy-longlegs
Dahomey
Daily double
Dairy cattle
Dairy farm
Daisy wheel
Dakar
Dakota
Dalai lama
Dali
Dallas
Dalmatia
Dalton
Damage control
Damascus
Damp-dry
Dan
Dana
D and c
Dane
Daniel
Danish pastry
Dante
Danton
Danube
Dar
Dardanelles
Dar es salaam
Darius
Dark ages
Dark horse
Darning needle
Darrow
Darwin
Darwinian
Darwinism
Darwinist
Dat
Data bank
Data base
Data bus
Data processing
Data processor
Date rape
Daughter-in-law
Daughters-in-law
Daumier
Davao
David
Da vinci
Davis
Dayan
Day camp
Day care
Day-care
Day care center
Day-glo
Day job
Day laborer
Daylight savings time
Daylight saving time
Daylight-saving time
Day nursery
Day of atonement
Day school
Day-to-day
Dayton
Day-tripper
D/b/a
Dbl
Dbms
D-day
Dds
Ddt
Dea
Deadbeat dad
Dead duck
Dead end
Dead-end
Dead heat
Dead letter
Deadly nightshade
Dead reckoning
Dead sea
Dead weight
Deaf-mute
Dean's list
Dear john
Death penalty
Death rate
Death rattle
Death row
Death trap
Death valley
Death wish
Debit card
Debussy
Dec
Decalog
Decalogue
Decatur
December
Decimal fraction
Decimal place
Decimal point
Decimal system
Decision-making
Deck chair
Declaration of independence
Decoration day
De-emphasis
De-emphasize
Deep freeze
Deep-freeze
Deep-fried
Deep-froze
Deep-frozen
Deep fry
Deep-fry
Deep-rooted
Deep-sea
Deep-seated
Deep six
Deep-six
Deep space
De-escalate
De-escalation
De facto
Defense mechanism
Deficiency disease
Deficit spending
Definite article
Defoe
Deg
De gaulle
De-ice
De-icer
Deja vu
De jure
De kooning
Del
Delacroix
Delaware
Delawarean
Delaware bay
Delaware river
Delhi
Delilah
Delirium tremens
Delphi
Dem
Demand-pull inflation
Demeter
De mille
Democratic party
Democritus
Demonstrative pronoun
Demosthenes
Dempsey
Denali
Deng xiaoping
Denmark
Dental floss
Dental hygienist
Denver
Deoxyribonucleic acid
Department of justice
Department store
Dependent clause
Dept
Depth charge
De rigeur
Derring-do
Descartes
Designated driver
Designated hitter
Desktop computer
Desktop publishing
Des moines
De soto
Detention home
Detroit
Deuteronomy
Deutsche mark
Deutschmark
Devil-may-care
Devil's advocate
Devil's food cake
Devil's-food cake
Devonian
Dewey
Dew point
Dhaka
Diacritical mark
Dial tone
Diam
Diamond lane
Diana
Dias
Diaspora
Dickens
Dickensian
Dickinson
Dict
Dictaphone
Diderot
Didn't
Didst
Die casting
Die-hard
Diesel engine
Diesel oil
Differential calculus
Differential gear
Digestive system
Digital audiotape
Digital clock
Digital computer
Digital recording
Digital watch
Dijon mustard
Dill pickle
Dilly-dally
Dimaggio
Dime store
Diminishing returns
Dim sum
Dinette set
Ding-a-ling
Ding-dong
Dining car
Dining room
Dining table
Dinner jacket
Diogenes
Dionysian
Dionysus
Diplomatic corps
Diplomatic immunity
Dir
Direct action
Direct current
Direct deposit
Direct mail
Direct object
Direct speech
Direct tax
Dirt bike
Dirt cheap
Dirt-cheap
Dirty old man
Dirty tricks
Disaster area
Disc brake
Disc jockey
Discount house
Discount rate
Discount store
Dish antenna
Dish rack
Dish towel
Disk drive
Disk jockey
Disk operating system
Disney
Displaced person
Disposable income
Disraeli
Dist
District attorney
District court
District of columbia
Ditto mark
Ditto marks
Div
Divine right
Diving board
Diving suit
Divining rod
Division sign
Dix
Dixie
Dixieland jazz
Djibouti
Dmd
Dmz
Dna
Dnepr
Dnieper
Doa
Dob
Doberman pinscher
Doctor of philosophy
Doctor's degree
Dod
Dodge ball
Dodge city
Dodgson
Doesn't
Dog days
Dog-ear
Dog-eared
Dog-eat-dog
Doggie bag
Doggy bag
Doggy paddle
Dog-like
Do-gooder
Dog paddle
Dog tag
Dog-tired
Doha
Do-it-yourself
Do-it-yourselfer
Dolby
Dollar diplomacy
Dollar sign
Domestic partner
Domestic violence
Dominic
Dominica
Dominican
Dominican republic
Domino effect
Domino theory
Donetsk
Don juan
Donne
Do-nothing
Don quixote
Don't
Door prize
Door-to-door
Doppler effect
Doric
Dormer window
Dortmund
Dos passos
Dost
Dostoevsky
Dostoyevsky
Doth
Dot-matrix
Dot-matrix printer
Dotted line
Douay bible
Double agent
Double-barreled
Double bass
Double-blind
Double boiler
Double-breasted
Double-check
Double chin
Double cross
Double-cross
Double-crosser
Double date
Double-date
Double-dealer
Double-dealing
Double-decker
Double-digit
Double-dip
Double duty
Double-edged
Double entendre
Double entry
Double feature
Double-header
Double helix
Double indemnity
Double jeopardy
Double-jointed
Double-knit
Double negative
Double-park
Double play
Double-quick
Double-reed
Double-space
Double-spaced
Double standard
Double take
Double talk
Double-talk
Double vision
Double whammy
Doubting thomas
Douglas
Douglas fir
Douglass
Dover
Dow jones average
Down-and-out
Down east
Down-home
Down payment
Down's syndrome
Down syndrome
Down-to-earth
Down under
Doyle
Doz
Dpt
Draft beer
Draft dodger
Drag queen
Drag race
Drag racing
Drag strip
Dramamine
Drawing board
Drawing card
Drawing room
Drawn-out
Draw on
Draw out
Draw up
Dream world
Dreiser
Dresden
Dress circle
Dress code
Dressing-down
Dressing gown
Dressing room
Dressing table
Dress rehearsal
Dress sense
Dribs and drabs
Drill press
Drinking fountain
Drip-dry
Drive-by
Drive-in
Driver's license
Drive shaft
Drive-through
Drop-in
Drop kick
Drop-kick
Drop-kicker
Drop-off
Drop-out
Drug dealer
Drum major
Drum majorette
Dry cell
Dry clean
Dry-clean
Dry cleaner
Dry-cleaner
Dry cleaners
Dry cleaning
Dry-cleaning
Dryden
Dry dock
Dry-eyed
Dry farming
Dry goods
Dry ice
Dry measure
Dry rot
Dry run
Dst
Dtp
Dubai
Dublin
Du bois
Duchamp
Duckbilled platypus
Duckbill platypus
Ductless gland
Duct tape
Dude ranch
Due process
Due process of law
Due to
Duffel bag
Duffle bag
Dui
Duisburg
Du jour
Duluth
Dumas
Dum-dum
Dump truck
Dunbar
Duncan
Dunce cap
Dundee
Dune buggy
Dunk shot
Duplex house
Duplicating machine
Durable goods
Dura mater
Durant
Durban
Durer
Durham
Durkheim
Durst
Dushanbe
Dusseldorf
Dust bowl
Dust cover
Dust jacket
Dust storm
Dutch door
Dutch elm disease
Dutchman
Dutch oven
Dutch treat
Dutch uncle
Dutchwoman
Duty-free
Dvd
Dvorak
Dwi
Dyed-in-the-wool
Dylan
Each other
Eager beaver
Eagle eye
Eagle-eyed
Eakins
Earhart
Ear lobe
Early bird
Earned income
Ear-splitting
Earth science
Earth-shattering
Earth station
East china sea
Easter
Easter bunny
Easter egg
Eastern church
Eastern europe
Eastern hemisphere
Eastern orthodox church
Eastern standard time
Eastern time
East germany
East indian
East indies
Eastman
Easy chair
Easy listening
Eating disorder
Eau de cologne
Ebro
Eccl
Ecclesiastes
Ecg
Ecol
Econ
Economy class
Ecuador
Ecuadoran
Ecuadorean
Ecuadorian
Edam
Eden
Edinburgh
Edison
Edmonton
Edp
Edt
Educ
Edward
Edwards
Eec
Eeg
E'en
Eeo
Eeoc
E'er
Efl
Eft
Egg cell
Egg roll
Egg white
Ego trip
Egypt
Egyptian
Eight ball
Eighth note
Einstein
Eire
Eisenhower
Eisenstein
Ejection seat
Ekg
Elastic band
Elba
Elbow grease
Elbow room
Elbrus
Elder statesman
Eldorado
El dorado
Electoral college
Electra
Electrical storm
Electric chair
Electric eel
Electric eye
Electric guitar
Electroconvulsive therapy
Electromagnetic wave
Electromotive force
Electronic bulletin board
Electronic funds transfer
Electronic mail
Electronic music
Electron microscope
Electron tube
Electroshock therapy
Elem
Elementary particle
Elementary school
Elev
Elevated railway
Eleventh hour
Elgar
El greco
Elijah
Eliot
Elizabeth
Elizabethan
Elizabeth i
Elizabeth ii
Ellington
El monte
El nino
El paso
El salvador
Elysian
Elysium
'em
E-mail
Emergency room
Emerson
Emery board
Emf
Eminent domain
Emmy
Employment agency
Empty-handed
Empty-headed
Empty nest syndrome
Emt
En bloc
Enc
Encl
Ency
Endangered species
Endocrine gland
End product
End table
End user
End zone
Ene
Eng
Engagement ring
Engels
England
English
English channel
English horn
Englishman
English muffin
Englishwoman
Enlisted man
En masse
En route
Entr'acte
Entry-level
Eoe
Eom
Epa
Ephesians
Epicurus
Episcopalian
E pluribus unum
Epoxy resin
Epsom salt
Epsom salts
Epstein-barr virus
Equal mark
Equal opportunity
Equal rights amendment
Equal sign
Equals sign
Equatorial guinea
Equiv
Erasmus
Ericson
Ericsson
Erie
Erie canal
Eriksson
Erin
Eritrea
Eritrean
Ernst
Eros
Erse
Esau
Escape clause
Escape velocity
Escondido
Ese
Eskimo
Eskimo dog
Esl
Esp
Esperanto
Espn
Esprit de corps
Esq
Essen
Essene
Est
Esther
Estonia
Estonian
Estrous cycle
Et al
Etc
Et cetera
Etd
Ethiopia
Ethiopian
Ethnic cleansing
Ethyl alcohol
Etna
Etruria
Etruscan
Et seq
Eucharist
Eucharistic
Euclid
Eugene
Euphrates
Eur
Eurasia
Eurasian
Euripides
Eurodollar
Europe
European
European community
European plan
European union
Eustachian tube
Evans
Evansville
Evaporated milk
Even-handed
Evening dress
Evening gown
Evening star
Evening wear
Even money
Even-tempered
Everest
Every one
Evil eye
Evil-minded
Exchange rate
Exchange student
Excise tax
Exclamation mark
Exclamation point
Exclusive of
Exercise bike
Exhaust pipe
Exit poll
Ex officio
Exp
Expansion board
Expansion card
Ex parte
Expense account
Expert system
Expiration date
Exploded view
Ex post facto
Ext
Extended family
Extension cord
Extrasensory perception
Extremely low frequency
Eye-catcher
Eye-catching
Eye-opener
Eye shadow
Ezekiel
Ezra
Faa
Faberge
Fabian
Face card
Face-lift
Face-off
Face powder
Face-saving
Face-to-face
Face value
Facial tissue
Fact-finding
Facts of life
Fag end
Fahrenheit
Fail-safe
Faint-hearted
Fairbanks
Fair game
Fair-haired
Fair-minded
Fair play
Fair shake
Fair-weather
Fairy godmother
Fairy story
Fairy tale
Faisalabad
Fait accompli
Faith healing
Falkland islands
Fall back
Fall guy
Falling-out
Fallings-out
Falling star
Fallopian tube
Fall out
Fallow deer
False alarm
False bottom
False teeth
Family leave
Family name
Family planning
Family room
Family tree
Fan belt
Fan club
Fancy dress
Fancy-free
Fan mail
Fanny pack
Faraday
Far east
Far eastern
Far-fetched
Far-flung
Fargo
Far gone
Farmers' market
Far-off
Far-out
Farragut
Far-reaching
Far-sighted
Fashion show
Fast food
Fast-food
Fast forward
Fast-forward
Fast-talk
Fast track
Fast-track
Fat cat
Fat farm
Fat-free
Father-in-law
Father's day
Fathers-in-law
Fatty acid
Faulkner
Faust
Faustian
Faux pas
Fbi
Fcc
Fda
Fdic
Feather bed
Feature film
Feb
February
Federal bureau of investigation
Federalist party
Federal reserve system
Fed up
Feeble-minded
Feeble-mindedness
Fellini
Fellow traveler
Felt tip pin
Fem
Femme fatale
Fender-bender
Feng shui
Ferdinand
Fermi
Ferris wheel
Feta cheese
Fetal position
Fever blister
Fever pitch
Fha
Fiber-optic
Fiber optics
Fica
Fiddler crab
Field day
Field event
Field glass
Field glasses
Field goal
Field hockey
Field house
Field marshal
Field test
Field-test
Field trip
Fifo
Fifth amendment
Fifth column
Fifth columnist
Fifth wheel
Fifty-fifty
Figure eight
Figure of speech
Figure out
Figure skater
Figure skating
Fiji
Fijian
File cabinet
Filet mignon
Filing cabinet
Filipino
Fill in
Fill-in
Filling station
Fillmore
Filofax
Filter tip
Finance charge
Finance company
Financial aid
Financial institution
Financial markets
Financial year
Fin de siecle
Fin-de-siecle
Find out
Fine art
Fine arts
Fine print
Fine-toothed comb
Fine-tune
Finger bowl
Finger paint
Finger-paint
Finger painting
Finishing school
Finish line
Finland
Finn
Finnan haddie
Finnish
Fire alarm
Fire ant
Fire chief
Fire department
Fire drill
Fire-eater
Fire engine
Fire escape
Fire extinguisher
Fire fighter
Fire hydrant
Fire irons
Fire sale
Fire screen
Fire station
Fire tower
Fire truck
Firing line
Firing squad
First aid
First-aid
First base
First-born
First class
First-class
First cousin
First edition
First family
First floor
First gear
First-generation
First-hand
First lady
First lieutenant
First mate
First name
First night
First offender
First person
First-rate
First sergeant
First strike
First-string
First-stringer
First world
First world war
Fiscal year
Fish and chips
Fish fry
Fishing line
Fishing pole
Fishing rod
Fishing tackle
Fish meal
Fish stick
Fish story
Fitzgerald
Five-and-dime
Five-and-ten
Five-and-ten-cent store
Fla
Flagrante delicto
Flanders
Flare-up
Flash bulb
Flash card
Flash flood
Flash point
Flat-chested
Flat-footed
Flathead
Flat-out
Flaubert
Flea-bitten
Flea collar
Flea market
Fleet admiral
Fleming
Flemish
Flesh and blood
Fleur-de-lis
Fleur-de-lys
Fleurs-de-lis
Fleurs-de-lys
Flight attendant
Flight bag
Flight deck
Flight path
Flight recorder
Flint glass
Flip chart
Flip-flop
Flip side
Flood tide
Floor exercise
Floor lamp
Floor-length
Floor plan
Floor show
Floppy disk
Florence
Florentine
Florida
Florida keys
Floridan
Floridian
Flow chart
Flow diagram
Flower girl
Flowering plant
Fl oz
Flt
Fluid dram
Fluid ounce
Fluorescent lamp
Fluorescent light
Fly ball
Fly-by
Fly-by-night
Fly-fishing
Flying boat
Flying buttress
Flying colors
Flying fish
Flying saucer
Flying squirrel
Flying start
F-number
Foam rubber
Focal length
Focal point
Fo'c'sle
Fo'c's'le
Focus group
Fol
Folic acid
Folk dance
Folk dancing
Folk music
Folk singer
Folk song
Folk tale
Foll
Follow-through
Follow-up
Food and drug administration
Food bank
Food chain
Food coupon
Food court
Food poisoning
Food processor
Food stamp
Fool's gold
Fool's paradise
Foot-and-mouth disease
Foot-candle
Foot-dragging
Foot locker
Foot-pound
Foot soldier
Force-fed
Force-feed
Force majeure
Fore and aft
Fore-and-aft
Foregone conclusion
Foreign exchange
Foreign minister
Forest ranger
Forget-me-not
Forklift truck
Formica
Form letter
Formosa
Forster
Fortaleza
Fort knox
Fort lauderdale
Fortune cookie
Fortune hunter
Fortune teller
Fortune-teller
Fortune-telling
Fort wayne
Fort worth
Forty-five
Forty-niner
Forty winks
Forwarding address
Forward-looking
Forward-thinking
Fossil fuel
Foucault
Foul line
Foul play
Foul-up
Founding father
Fountain pen
Four-flush
Four-flusher
Four-footed
Four-in-hand
Four-leaf clover
Four-legged
Four-letter word
Four-o'clock
Four-poster
Fourth class
Fourth-class
Fourth dimension
Fourth estate
Fourth of july
Four-wheel
Four-wheel drive
Fox terrier
Fox trot
Fox-trot
Fpo
Fps
Frame-up
France
Franciscan
Francis of assisi
Franck
Franco
Frankenstein
Frankfort
Frankfurt
Frankish
Franklin
Frau
Frauen
Fraulein
Freak-out
Frederick
Frederick the great
Fredericton
Free agent
Free-base
Freedom fighter
Free enterprise
Free fall
Free-floating
Free-for-all
Free-form
Free hand
Free-lance
Free-lancer
Free-living
Free love
Free market
Freemason
Freemasonry
Free port
Free speech
Free throw
Freetown
Free trade
Free university
Free verse
Free will
Freeze-dried
Freeze-dry
Freezing point
Freight car
Freight train
Fremont
French
French bread
French canadian
French cuff
French door
French doors
French dressing
French fries
French fry
French-fry
French guiana
French horn
French kiss
French leave
Frenchman
French toast
Frenchwoman
Freon
Freq
Frequency modulation
Frequent flier
Frequent-flier
Fresno
Freud
Freudian
Freudian slip
Fri
Friday
Friedan
Friedman
Frigid zone
Fringe benefit
Frisbee
Frisian
Frock coat
Front burner
Front door
Front man
Front money
Front office
Front-runner
Frost heave
Frost line
Frozen custard
Fruit cake
Fruit fly
Fruit salad
Frunze
Frying pan
Fslic
Ftc
Fucked up
Fuddy-duddy
Fuel cell
Fuel injection
Fuel oil
Fuentes
Fuji
Fujiyama
Fukuoka
Fulbright
Full-blooded
Full-blown
Full-bodied
Full dress
Fullerton
Full-fledged
Full-grown
Full house
Full-length
Full moon
Full-scale
Full-size
Full stop
Full time
Full-time
Full-timer
Fulton
Fu manchu mustache
Funafuti
Functional illiterate
Function key
Function word
Fund raiser
Fund-raiser
Fund-raising
Fundy
Funeral director
Funeral home
Funeral parlor
Fun house
Funicular railway
Funny bone
Funny farm
Funny money
Furn
Fuse box
Fushun
Fut
Future perfect
Fuzzy logic
Fwd
Fwy
Fyi
Gabon
Gabonese
Gaborone
Gabriel
Gaddafi
Gaea
Gael
Gaelic
Gagarin
Gag order
Gag rule
Gainsborough
Galahad
Galapagos islands
Galatians
Galbraith
Galen
Galilean
Galilee
Galileo
Gall bladder
Galley proof
Gallic
Gallicism
Gama
Gambia
Gambian
Gambrel roof
Game plan
Game point
Game show
Game warden
Gamma globulin
Gamma ray
Gamma rays
Gandhi
Ganges
Gao
Garage sale
Garbage can
Garbage collector
Garbage disposal
Garbage man
Garbage truck
Garcia lorca
Garcia marquez
Garden grove
Garden-variety
Garfield
Garibaldi
Garment bag
Garter snake
Garvey
Gary
Gas chamber
Gas-guzzler
Gas main
Gas mask
Gas meter
Gas station
Gastric juice
Gate-crasher
'gator
Gatt
Gauguin
Gaul
Gaulish
Gautama buddha
Gaza strip
Gdp
Gear shift
Ged
Gee whiz
Gefilte fish
Gehrig
Geiger counter
Gemini
Gen
General anesthetic
General assembly
General delivery
General election
General knowledge
General of the air force
General of the army
General partner
General practitioner
General store
Generation gap
Generation x
Generative grammar
Gene therapy
Genetically engineered
Genetic code
Genetic engineering
Genetic fingerprinting
Geneva
Genghis khan
Genoa
Gentleman's agreement
Geog
Geom
Geometric progression
George
George iii
Georgetown
Georgia
Georgian
Ger
German
Germanic
German measles
German shepherd
Germany
Germ cell
Geronimo
Gershwin
Get along
Get by
Get-together
Getty
Gettysburg
Get-up
Get-up-and-go
Ghana
Ghanaian
Ghanian
Ghent
Ghetto blaster
Ghost story
Ghost town
Ghost writer
Ghost-writer
Ghq
Giacometti
Giant panda
Gibraltar
Gide
Gideon
Gift certificate
Gift wrap
Gift-wrap
Gigo
Gila monster
Gilbert
Gilead
Gilt-edge
Gilt-edged
Ginger ale
Ginger beer
Gin rummy
Ginsberg
Giotto
Girl friday
Girl friend
Girl scout
Girl scouts
Give and take
Give-and-take
Give in
Given name
Give up
Giza
Glad hand
Glad-hand
Glad-hander
Gladstone
Gladstone bag
Glasgow
Glass ceiling
Glassed-in
Glass wool
Glassy-eyed
Glaswegian
Glee club
Glendale
Glenn
Glen plaid
Global warming
Globe artichoke
Globe-trotter
Globe-trotting
Glottal stop
Gloucester
Glove box
Glove compartment
G-man
Gmat
Gmt
Gnp
Goa
Go-ahead
Goal post
Gobble up
Go-between
Gobi
Go-cart
Godard
God-awful
Goddard
God-fearing
Godiva
Godspeed
Godwin austen
Goethe
Go-fer
Go-getter
Go-getting
Goggle-eyed
Go-go
Gogol
Going-over
Goings-on
Gold digger
Golden age
Golden ager
Golden fleece
Golden gate
Golden handshake
Golden oldie
Golden parachute
Golden retriever
Golden rule
Golden wedding
Gold-filled
Goldfish bowl
Golding
Gold leaf
Gold medal
Gold mine
Gold-plated
Gold rush
Gold standard
Goldwyn
Golf club
Golf course
Golf links
Goliath
Gompers
Good afternoon
Good book
Good-by
Good-bye
Good evening
Good faith
Good-for-nothing
Good friday
Good-hearted
Good-heartedly
Good-heartedness
Good hope
Good humor
Good-humored
Good-humoredly
Good-looking
Good morning
Good-natured
Good-naturedly
Good-naturedness
Good night
Good samaritan
Good-sized
Good-tempered
Good turn
Good will
Goodyear
Goody-goody
Goody-two-shoes
Goof-off
Goose bumps
Goose flesh
Goose pimples
Goose-step
Gop
Gorbachev
Gordimer
Gorky
Gospel music
Gospel truth
Goth
Gothic
Gouda
Gouda cheese
Gounod
Gov
Govt
Goya
Gpa
Gpo
Grab bag
Grace period
Grade crossing
Grade point average
Grade school
Grad school
Graduate school
Graham cracker
Grail
Grain alcohol
Grammar school
Grammy
Granada
Grand banks
Grand canyon
Grand dame
Grande dame
Grandfather clock
Grandfather's clock
Grand jury
Grand mal
Grand master
Grand opera
Grand piano
Grand prix
Grand rapids
Grand slam
Granny knot
Grape hyacinth
Graphic arts
Graphic design
Graph paper
Grappling hook
Grappling iron
Grass roots
Grass-roots
Grass widow
Grave accent
Grave robber
Graveyard shift
Gravy boat
Gravy train
Gray market
Gray matter
Gr br
Gr brit
Grease gun
Grease monkey
Grease paint
Greasy spoon
Great ape
Great aunt
Great-aunt
Great barrier reef
Great basin
Great bear
Great britain
Great circle
Great dane
Great divide
Greater antilles
Great-grandchild
Great-grandchildren
Great-granddaughter
Great-grandfather
Great-grandmother
Great-grandparent
Great-grandson
Great lakes
Great plains
Great salt lake
Great smoky mountains
Great uncle
Great-uncle
Great war
Grecian
Greece
Greek
Greek orthodox church
Greeley
Green bay
Green bean
Green belt
Green beret
Green card
Greene
Green-eyed
Greenhouse effect
Greenhouse gas
Greenland
Greenlandic
Green manure
Green onion
Green pepper
Greensboro
Green thumb
Greenwich
Greenwich mean time
Greenwich time
Greenwich village
Greeting card
Gregorian calendar
Gregorian chant
Gregory
Grenada
Grenadian
Griddle cake
Grief-stricken
Grieg
Griffith
Grimm
Gris-gris
Grizzly bear
Grocery store
Gropius
Gross domestic product
Gross national product
Ground ball
Ground beef
Ground control
Ground cover
Ground crew
Ground floor
Ground glass
Groundhog day
Ground rule
Ground rules
Ground speed
Ground squirrel
Ground swell
Ground zero
Group therapy
Growing pains
Grown-up
Growth fund
Grozny
Gruyere
Gsa
G-string
Guadalajara
Guadalcanal
Guadeloupe
Guam
Guamanian
Guangzhou
Guardian angel
Guatemala
Guatemala city
Guatemalan
Guayaquil
Guernsey
Guevara
Gui
Guiana
Guidance counselor
Guided missile
Guide dog
Guide word
Guilt-ridden
Guinea-bissau
Guinea fowl
Guinea hen
Guinean
Guinea pig
Guinevere
Guiyang
Gulf of mexico
Gulf states
Gulf stream
Gullah
Gum arabic
Gum tree
Gun carriage
Gung ho
Gung-ho
Gunnery sergeant
Gun-shy
Gutenberg
Guthrie
Gutta-percha
Guyana
Guyanese
Gypsy moth
4-h
Habakkuk
Habeas corpus
Habit-forming
Hack saw
Hades
Hadn't
Hadst
Haggai
Hague
Ha ha
Ha-ha
Haida
Haile selassie
Hail mary
Hair-raising
Hair's breadth
Hair's-breadth
Hair-splitting
Hair spray
Hair-trigger
Haiti
Haitian
Half-and-half
Half-asleep
Half-assed
Half-baked
Half-breed
Half brother
Half-caste
Half-cocked
Half dollar
Half-dollar
Half-hearted
Half-hour
Half-hourly
Half life
Half-life
Half-lives
Half-mast
Half note
Half-price
Half sister
Half-sister
Half sole
Half-staff
Half step
Half time
Half-time
Half-track
Half-truth
Halfway house
Half-wit
Half-witted
Half-yearly
Halifax
Halley
Hall of fame
Halloween
Hallowe'en
Halogen lamp
Halsey
Ham-fisted
Ham-handed
Hamilton
Hammarskjold
Hammer and sickle
Hammerstein
Hammurabi
Hampton
Hancock
Handel
Hand grenade
Hand in glove
Handlebar mustache
Hand luggage
Hand-me-down
Hand organ
Hands down
Hands off
Hands-off
Hands-on
Hands up
Hand to hand
Hand-to-hand
Hand-to-mouth
Hanger-on
Hangers-on
Hang glider
Hang gliding
Hang-up
Hangzhou
Hanky-panky
Hannibal
Hanoi
Hanover
Hansom cab
Hanuka
Hanukah
Hanukkah
Happy-go-lucky
Happy hour
Hara-kiri
Harare
Harbin
Hard-and-fast
Hard-bitten
Hard-boiled
Hard cash
Hard cider
Hard copy
Hard core
Hard-core
Hard currency
Hard disk
Hard drive
Hard drugs
Hard hat
Hard-headed
Hard-hearted
Hard-heartedness
Hard-hitting
Harding
Hard labor
Hard-line
Hard-liner
Hard liquor
Hard-nosed
Hard of hearing
Hard palate
Hard-pressed
Hard rock
Hard sell
Hard-shell
Hard up
Hard-wired
Hard-working
Hare krishna
Harlem
Harris
Harrisburg
Harrison
Harte
Hartford
Harum-scarum
Harvest moon
Harvey
Has-been
Hash browns
Hasn't
Hast
Hatchet job
Hatchet man
Hath
Hat trick
Haute couture
Haute cuisine
Havana
Have got to
Havel
Have-not
Have-nots
Haven't
Have to
Hawaii
Hawaiian
Hawaii time
Hawk-eyed
Hawthorne
Haydn
Hayes
Hay fever
Hayward
H-bomb
Hdqrs
Hdtv
Head cold
Head count
Head-on
Head start
Head-to-head
Head wind
Health care
Health club
Health food
Health maintenaance organization
Hearing aid
Hearing-impaired
Hearst
Heart attack
Heart disease
Heart failure
Heart-rending
Heart-to-heart
Heat exhaustion
Heat lightning
Heat rash
Heat wave
Heave-ho
Heavenly body
Heaven-sent
Heavy-duty
Heavy going
Heavy-handed
Heavy-handedly
Heavy-handedness
Heavy-hearted
Heavy industry
Heavy metal
Heavy water
Heb
Hebraic
Hebraism
Hebrew
Hebrews
Hebrides
He'd
Heebie-jeebies
Hegel
Heidegger
Heidelberg
Heifetz
Heimlich maneuver
Heinz
Heir apparent
Heir presumptive
Hejira
Helena
Helen of troy
He'll
Hell-bent
Hellene
Hellenic
Hellenism
Hellenist
Hellenistic
Heller
Hellman
Helping verb
Helsinki
Helter-skelter
Helvetian
He-man
Hemingway
Hendrix
Hen party
Henry
Henry viii
Hepburn
Hephaestus
Hera
Heracles
Heraclitus
Herakles
Hercules
Hereford
Here's
Hermes
Hermit crab
Herod
Herodotus
Heroic couplet
Hero sandwich
Herpes simplex
Herpes zoster
Herr
Herzl
He's
Hesiod
Hesse
Het up
Heyerdahl
Hgt
Hgwy
Hhs
Hialeah
Hiawatha
Hibernian
Hickok
Hidden agenda
Hidden tax
Hide-and-go-seek
Hide-and-seek
Hide-out
Hiding place
Hi-fi
Higashiosaka
Higgledy-piggledy
High beam
High blood pressure
High chair
High-class
High-definition television
High-end
Higher education
Higher-up
High fidelity
High five
High-five
High-flown
High frequency
High gear
High german
High-grade
High-handed
High-handedly
High-handedness
High-hat
High-heeled
High heels
High jinks
High jump
High jumper
High-level
High life
High light
High-minded
High-mindedly
High-mindedness
High noon
High-occupancy vehicle
High-pitched
High-powered
High pressure
High-pressure
High-priced
High priest
High priestess
High-profile
High rise
High-rise
High road
High roller
High school
High sea
High seas
High sign
High-sounding
High-speed
High-spirited
High-strung
High tech
High-tech
High technology
High-tension
High-test
High tide
High time
High-toned
High top
High treason
High water
High-water mark
Highway patrol
High wire
Hillary
Hilton
Himalayan
Himalayas
Hindemith
Hindi
Hindu
Hinduism
Hindu kush
Hindustan
Hindustani
Hip flask
Hip-hop
Hip joint
Hippocrates
Hippocratic oath
Hired hand
Hirohito
Hiroshima
Hispanic
Hispaniola
Hit-and-miss
Hit-and-run
Hitchcock
Hi-tech
Hitler
Hit list
Hit man
Hit-or-miss
Hit-skip
Hittite
Hiv
H'm
Hmo
Hms
Hoard up
Hobbes
Ho chi minh
Ho chi minh city
Hocus-pocus
Hodgkin's disease
Hog-tie
Hog-wild
Ho-hum
Hoi polloi
Hoity-toity
Hokkaido
Holbein
Holding company
Holding pattern
Hold out
Hole-in-the-wall
Holier-than-thou
Holland
Hollandaise sauce
Hollander
Hollywood
Holmes
Holocene
Holst
Holstein
Holy communion
Holy father
Holy ghost
Holy grail
Holy land
Holy roman empire
Holy scripture
Holy scriptures
Holy spirit
Holy water
Holy week
Holy writ
Home base
Home computer
Home economics
Home front
Home office
Home page
Home plate
Homeric
Home room
Home rule
Home run
Home town
Homing pigeon
Homo sapiens
Honduran
Honduras
Honeydew melon
Hong kong
Honiara
Honky-tonk
Honolulu
Honorable mention
Honor roll
Honshu
Hook and eye
Hoop skirt
Hoosier
Hoover
Hoover dam
Hopi
Hopkins
Hopped-up
Horace
Horned toad
Horn of plenty
Horn-rimmed
Horowitz
Horror-stricken
Horror-struck
Hors de combat
Hors d'oeuvre
Hors d'oeuvres
Horse chestnut
Horse fly
Horse latitudes
Horse opera
Horse race
Horse racing
Horse sense
Horseshoe crab
Hosea
Hosp
Host computer
Hostile takeover
Hot air
Hot-blooded
Hot button
Hot-button
Hot cake
Hot dog
Hot-dog
Hot flash
Hot flush
Hot line
Hot plate
Hot potato
Hot rod
Hot rodder
Hot seat
Hot shot
Hot spot
Hot spring
Hot-tempered
Hottentot
Hot toddy
Hot tub
Hot water
Hot-water bottle
Hot-wire
Houdini
Hour hand
House arrest
House call
Household word
House husband
House of cards
House of commons
House of lords
House of representatives
House-sit
House-sitter
Housing development
Housing project
Houston
Hov
Hov lane
Howe
Howrah
How's
How-to
Hoyle
Hrh
Hrs
Hst
Html
Hts
Huang
Hud
Huddersfield
Hudson
Hudson bay
Hudson river
Hue and cry
Hughes
Hugo
Huguenot
Hula-hula
Hula skirt
Human being
Human nature
Human race
Human resources
Human rights
Hume
Humpback whale
Hun
Hungarian
Hungary
Hunger strike
Hunger striker
Hung jury
Hung over
Hung up
Hung-up
Hunky-dory
Huntington beach
Huntsville
Hurdy-gurdy
Hurly-burly
Huron
Hurricane lamp
Hush-hush
Hush puppy
Hussein
Huston
Hutchinson
Huxley
Hwy
Hyderabad
Hydrochloric acid
Hydrogen bomb
Hydrogen peroxide
Hyped up
Hypodermic needle
Hypodermic syringe
Ibadan
Iberia
Iberian
Iberian peninsula
Ibid
Ibsen
Icbm
Icc
Ice age
Ice bag
Iceberg lettuce
Ice cap
Ice chest
Ice-cold
Ice cream
Ice cream cone
Ice-cream cone
Ice-cream soda
Ice cube
Ice floe
Ice hockey
Iceland
Icelander
Icelandic
Ice milk
Ice pack
Ice pick
Ice skate
Ice-skate
Ice skater
Ice-skater
Ice skating
Ice water
Icu
I'd
Ida
Idaho
Idahoan
Id card
Identity crisis
Ignatius of loyola
Iliad
I'll
Ill-advised
Ill-advisedly
Ill-bred
Ill-disposed
Ill-equipped
Ill-fated
Ill-favored
Ill-gotten
Ill-humor
Ill-humored
Illinois
Illinoisan
Ill-mannered
Ill-natured
Ill-naturedly
Ill-naturedness
Ill-starred
Ill-suited
Ill-tempered
Ill-timed
Ill-treat
Ill-treatment
Illus
Ill-usage
Ill-use
Ill will
I'm
Imf
Immaculate conception
Immersion heater
Immune system
Imper
Imperf
Imperial gallon
Imperial valley
Improper fraction
In absentia
Inasmuch as
In-between
Inc
Inca
Incandescent lamp
Inchon
Incl
Inclined plane
Income tax
Ind
Indefinite article
Indefinite pronoun
Independence day
Independent clause
In-depth
Index card
Index finger
Index number
Index of refraction
India
India ink
Indian
Indiana
Indianan
Indianapolis
Indian corn
Indian file
Indianian
Indian ocean
Indian pipe
Indian reservation
Indian summer
India paper
Indirect object
Indirect speech
Indirect tax
Individual retirement account
Indochina
Indochinese
Indo-european
Indonesia
Indonesian
Indore
Indus
Industrial arts
Industrial park
Industrial revolution
Industrial-strength
In extremis
Inf
Infantile paralysis
Inferiority complex
In flagrante delicto
In-flight
Information science
Information superhighway
Information technology
Infra dig
Inge
Inglewood
Ingres
In-house
Inkjet printer
In-law
In-laws
In-line skate
In-line skating
In memoriam
Inner city
Inner-city
Inner-directed
Inner ear
Inner mongolia
Inner tube
Innsbruck
In-patient
In re
Inri
Ins and outs
In-service
Insider trading
In situ
Insofar as
In so far as
Insomuch that
Inst
Installment plan
Instant replay
Instead of
Instr
Instrument panel
Insulin shock
Insurance policy
Int
Integral calculus
Integrated circuit
Intellectual property
Intelligence quotient
Intensive care
Inter alia
Interest group
Interior decoration
Interior decorator
Interior design
Interior designer
Interj
Intermediate school
Internal combustion engine
Internal-combustion engine
Internal medicine
Internal revenue
Internal revenue service
International date line
International phonetic alphabet
Internet
Interpol
In toto
Intrans
Intrauterine device
Inuit
Investment bank
Invisible ink
In vitro
In-your-face
I/o
Ionesco
Ionian
Ionian sea
Iou
Iowa
Iowan
Ipa
Ipso facto
Ipswich
Ira
Iran
Iranian
Iraq
Iraqi
Ireland
Irish
Irish coffee
Irishman
Irish sea
Irish setter
Irishwoman
Irkutsk
Iron age
Iron curtain
Ironing board
Iron lung
Iroquoian
Iroquois
Irrational number
Irrawaddy
Irrespective of
Irs
Irvine
Irving
Isaac
Isabella
Isaiah
Isbn
Isfahan
Ishtar
Isis
Isl
Islam
Islamabad
Islamic
Isle royale
Isn't
Isosceles triangle
Ispahan
Israel
Israeli
Israelite
Istanbul
Ital
Italian
Italianate
Italy
It'd
It'll
It's
Itsy-bitsy
Itty-bitty
Iud
Ivan
Ivan iv
I've
Ives
Ivorian
Ivory coast
Ivory tower
Ivy league
Iwo jima
Izhevsk
Izmir
Jack frost
Jack-in-the-box
Jack-in-the-pulpit
Jack-of-all-trades
Jack-o'-lantern
Jack rabbit
Jacks-of-all-trades
Jackson
Jacksonville
Jacob
Jacuzzi
Jade green
Jade plant
Jai alai
Jaipur
Jakarta
Jamaica
Jamaican
James
Jamestown
Jam-pack
Jam-packed
Jam session
Jan
Jane doe
January
Japanese
Japanese beetle
Jason
Javanese
Jaws of life
Jcs
Jct
Jefferson
Jefferson city
Jeffersonian
Jehovah
Jehovah's witness
Jell-o
Jelly bean
Jelly roll
Jenner
Jeremiah
Jericho
Jerry-built
Jersey city
Jerusalem
Jerusalem artichoke
Jesuit
Jesus
Jesus christ
Jet airplane
Jet black
Jet-black
Jet engine
Jet lag
Jet-lagged
Jet plane
Jet-propelled
Jet propulsion
Jet set
Jet setter
Jet-setter
Jet ski
Jet stream
Jew
Jewess
Jewish
Jewishness
Jewry
Jew's harp
Jezebel
Jidda
Jigsaw puzzle
Jilin
Jim crow
Jim-crow
Jim crowism
Jim-dandy
Jinan
Joan of arc
Job action
Job lot
Job-share
Job-sharing
Joe blow
Joel
Jog trot
Johannesburg
John bull
John doe
John hancock
Johnny-come-lately
Johnny-on-the-spot
John paul ii
Johnson
John the baptist
Joie de vivre
Joint chiefs of staff
Joint-stock company
Joint venture
Joliet
Jolly roger
Jonah
Jones
Jonson
Joplin
Jordan
Jordanian
Joseph
Joshua
Jove
Joyce
Joy ride
Joy riding
Jpn
Juan carlos
Juarez
Judah
Judaic
Judaical
Judaism
Judas
Judas iscariot
Jude
Judea
Judgment day
Judith
Jugular vein
Juice box
Juke box
Jul
Juliet
July
Jumper cable
Jumper cables
Jumping bean
Jumping jack
Jumping-off place
Jump rope
Jump seat
Jump shot
Jump-start
Jun
June
Juneau
Jung
Jungian
Junior college
Junior high
Junior high school
Junior varsity
Junk bond
Junk food
Junk mail
Juno
Jupiter
Jurassic
Jury box
Jury duty
Jury-rig
Jury-rigged
Justice of the peace
Juvenile delinquency
Juvenile delinquent
401(k)
Kabul
Kafka
Kalahari
Kamchatka
Kampala
Kampuchea
Kan
Kandinsky
Kangaroo court
Kano
Kanpur
Kans
Kansan
Kansas
Kansas city
Kant
Kaohsiung
Kaposi's sarcoma
Karachi
Karaganda
Kashmir
Kathmandu
Katmandu
Kauai
Kawasaki
Kazakh
Kazakhstan
Kazan
Keats
Keel over
Keep up
Keller
Kellogg
Kelly
Kelt
Kelvin scale
Kemerovo
Kempis
Kennedy
Kentuckian
Kentucky
Kenya
Kenyan
Keogh plan
Kepler
Kerouac
Kevlar
Keyed up
Keynes
Keynote address
Keynote speech
Key ring
Key signature
Key west
Kgb
Khabarovsk
Kharkov
Khartoum
Khrushchev
Khufu
Khz
Kia
Kick off
Kick-off
Kick-start
Kick starter
Kidd
Kidney bean
Kidney stone
Kierkegaard
Kiev
Kigali
Kilauea
Kilimanjaro
Killer bee
Killer whale
Kill-joy
Kilowatt-hour
Kind-hearted
Kind-heartedly
Kind-heartedness
Kind of
Kine
Kinetic energy
King james version
King-size
King-sized
Kingston
Kingston upon hull
Kingstown
Kinshasa
Kiowa
Kipling
Kirghizia
Kiribati
Kishinev
Kiss-and-tell
Kissing cousin
Kissinger
Kiss of death
Kitakyushu
Kitchener
Kitchen garden
Kitchen police
Kitty-corner
Kitty-cornered
Kitty litter
Kiwi fruit
Kkk
Klee
Kleenex
Klieg light
Klondike
Knee breeches
Knee-deep
Knee-high
Knee-jerk
Knick-knack
Knight-errant
Knights-errant
Knitting needle
Knock-knee
Knock-kneed
Knock-on
Know-how
Know-it-all
Knox
Knoxville
Koala bear
Kobe
Kohl
Kola nut
Koran
Koranic
Korea
Korean
Kosciusko
Kph
Krakatau
Krakatoa
Krakow
Krasnodar
Krasnoyarsk
Kremlin
Kremlinologist
Kremlinology
Krishna
Kris kringle
Kriss kringle
Krugerrand
Kuala lumpur
Kublai khan
Kubrick
Ku klux klan
Kung fu
Kunming
Kurd
Kurdish
Kurdistan
Kurosawa
Kuwait
Kuwaiti
Kwangchow
Kwangju
Kwanza
Kwanzaa
Kwh
Kyoto
Kyrgyzstan
Kyushu
Labor camp
Labor day
Labor-intensive
Labor-saving
Labor union
Labrador
Labradorean
Labradorian
Labrador retriever
Lactic acid
La-di-da
Ladies-in-waiting
Ladies' man
Ladies' room
Lady-in-waiting
Lady slipper
Lady-slipper
Lady's slipper
Lady's-slipper
Lafayette
La fontaine
Lager beer
Lagos
Lahore
Laid-back
Laisser faire
Laisser-faire
Laissez faire
Laissez-faire
Lake district
Lakewood
Lamaism
Lamaze
Lamaze method
Lame duck
Lame-duck
Lan
Lance corporal
Lancelot
Land grant
Landing craft
Landing field
Landing gear
Landing pad
Landing strip
Land mine
Land office
Land-office business
Land reform
Landscape gardener
Language laboratory
Lansing
Lantern-jawed
Lanthanide series
Lanzhou
Laos
Laotian
Lao-tse
Lao-tzu
La paz
Lap belt
Lap dog
Lapis lazuli
Lapland
Laplander
Lapp
Lap robe
Laredo
Lares and penates
Large intestine
Large-scale
La salle
Laser disc
Laser disk
Laser printer
Lassen peak
Last-ditch
Last hurrah
Last judgment
Last name
Last rites
Last straw
Last supper
Last word
Las vegas
Lat
Latchkey child
Latin
Latina
Latin america
Latin american
Latin-american
Latino
Latter-day
Latter-day saint
Latvia
Latvian
Laughing gas
Laugh track
Launching pad
Launch pad
Laundry list
Laval
Lavender water
Lavoisier
Law-abiding
Lawn bowling
Lawn mower
Lawn tennis
Lawrence
Layaway plan
Lay-off
Lay reader
Lazarus
Lazy susan
Lbs
Lcd
Lcm
Ldc
Lead-in
Leading question
Lead-off
Lead poisoning
Lead time
Leaf mold
Lean-to
Leap year
Learning curve
Learning disability
Learning-disabled
Least common denominator
Least common multiple
Leave of absence
Leave-taking
Lebanese
Lebanon
Le corbusier
Ledger line
Leeds
Leeuwenhoek
Leeward islands
Left field
Left-hand
Left-handed
Left-handedness
Left-hander
Left wing
Left-wing
Left-winger
Legal age
Legal aid
Legal holiday
Legal tender
Legionnaires' disease
Le havre
Leibniz
Leicester
Leipzig
Lemon curd
Lena
Lending library
L'enfant
Lenin
Leningrad
Leo
Leon
Leonardo da vinci
Lerner
Lese majeste
Lese majesty
Lesotho
Lesser antilles
Let on
Let's
Letter carrier
Letter of credit
Letter-perfect
Letter-quality
Letters patent
Levant
Level-headed
Level playing field
Leveraged buyout
Levi
Levis
Levi's
Leviticus
Lewis
Lexington
Lhasa
Liberal arts
Liberia
Liberian
Libra
Library science
Libreville
Libya
Libyan
Licensed practical nurse
Licensed vocational nurse
License plate
Lichtenstein
Lickety-split
Liechtenstein
Liechtensteiner
Lie detector
Lieut
Lieutenant colonel
Lieutenant commander
Lieutenant general
Lieutenant governor
Lieutenant junior grade
Life belt
Life buoy
Life cycle
Life expectancy
Life history
Life insurance
Life jacket
Life net
Life preserver
Life raft
Life sciences
Life sentence
Life-size
Life-sized
Life style
Life support system
Life-threatening
Life vest
Lifo
Lift-off
Light bulb
Light-fingered
Light-footed
Light-headed
Light-headedness
Light-hearted
Light-heartedly
Light heavyweight
Light meter
Light-minded
Lightning bug
Lightning rod
Light opera
Light pen
Light show
Lights-out
Light year
Light-year
Like-minded
Like-mindedness
Lilongwe
Lily-livered
Lily of the valley
Lily pad
Lily-white
Lima
Lima bean
Limburger
Limburger cheese
Limited edition
Limoges
Limpopo
Lincoln
Lindbergh
Lindsay
Line drive
Linen closet
Line of credit
Line of scrimmage
Line printer
Liner notes
Line-up
Linguae francae
Lingua franca
Linking verb
Linnaeus
Linseed oil
Lion's share
Lip gloss
Lip-read
Lip reading
Lip service
Lip-sync
Lip synch
Lip-synch
Liq
Liquid measure
Liquor store
Lisbon
Lister
List price
Liszt
Lithuania
Lithuanian
Litmus paper
Litmus test
Littd
Little bear
Little dipper
Little finger
Little league
Little rock
Little slam
Little toe
Lived-in
Live-in
Liverpool
Liverpudlian
Liver sausage
Liver spot
Livery stable
Live wire
Living room
Livingstone
Living wage
Living will
Livonia
Livy
Ljubljana
Llano estacado
Llb
Lld
Lng
Loading dock
Loan shark
Local area network
Local color
Loc cit
Loch ness
Locke
Locker room
Lodz
Loewe
Loft bed
Logan
Log cabin
Loire
Lome
London
London broil
Londoner
Lonely hearts
Lone wolf
Long beach
Long distance
Long-distance
Long division
Long-drawn-out
Long face
Long-faced
Longfellow
Long island
Long island sound
Long johns
Long jump
Long-lasting
Long-lived
Long-lost
Long-playing
Long-range
Long-running
Long shot
Long-standing
Long-suffering
Long-term
Long ton
Longueuil
Long-winded
Long-windedness
Look-alike
Looker-on
Lookers-on
Looking glass
Look-see
Loony bin
Loose ends
Loose-leaf
Lop-eared
Lord's day
Lord's prayer
Lord's supper
Los angeles
Loss leader
Lost-and-found
Lothario
Lotus-eater
Lotus position
Louis
Louisiana
Louisianan
Louisiana purchase
Louisianian
Louisville
Louis xiv
Louis xvi
Lounge chair
Love affair
Love life
Love seat
Love triangle
Loving cup
Low beam
Low blow
Low-cal
Low countries
Low-down
Lowell
Low-end
Lower case
Lower class
Lower-class
Lowest common denominator
Lowest common multiple
Low-fat
Low frequency
Low gear
Low german
Low-grade
Low-key
Low-keyed
Low-level
Low-life
Low-lying
Low-minded
Low-pitched
Low-pressure
Low profile
Low-rise
Low-spirited
Low-tech
Low tide
Low water
Lpg
Lpn
Lsat
Lsd
Ltd
Luanda
Lubbock
Lucifer
Lucite
Lucknow
Luddite
Lug nut
Luke
Lumber jacket
Lump sum
Lunar eclipse
Lunar module
Lunar month
Lunatic asylum
Lunatic fringe
Lunch counter
Luncheon meat
Lusaka
Luther
Lutheran
Lutheranism
Luxembourg
Luxembourger
Luxembourgian
Luxemburg
Luzon
Lvn
Lyallpur
Lycra
Lydia
Lydian
Lying-in
Lyings-in
Lyme disease
Lymph gland
Lymph node
Lynn
Lynx-eyed
Lyon
Lyons
Lysergic acid diethylamide
Ma'am
Macadamia nut
Macao
Macarthur
Macbeth
Maccabees
Macedonia
Macedonian
Machiavelli
Machiavellian
Machine code
Machine gun
Machine-gun
Machine language
Machine readable
Machine-readable
Machine shop
Machine tool
Mach number
Mackenzie
Mackinaw coat
Macon
Madagascan
Madagascar
Mad cow disease
Madeira
Made-to-measure
Made-to-order
Made-up
Madison
Madonna
Madrid
Magellan
Magic lantern
Magic marker
Magna carta
Magna charta
Magna cum laude
Magnetic field
Magnetic needle
Magnetic north
Magnetic pole
Magnetic resonance imaging
Magnetic tape
Magnet school
Magnifying glass
Magnum opus
Magritte
Magus
Magyar
Mahican
Mah-jongg
Mahler
Mahomet
Maidenhair fern
Maiden name
Maid of honor
Mail carrier
Mailing list
Mail order
Mail-order
Maimonides
Main clause
Main drag
Maine
Main line
Main street
Maitre d'
Maitre d'hotel
Maj
Major-domo
Major general
Majority leader
Major league
Major-league
Major leagues
Major scale
Majuro
Make-believe
Make-do
Make out
Make up
Make-up
Make-work
Malabo
Malachi
Malagasy republic
Malamud
Malawi
Malawian
Malay
Malaya
Malayalam
Malayan
Malay archipelago
Malay peninsula
Malaysia
Malaysian
Malcolm x
Maldives
Maldivian
Male chauvinist
Mali
Malian
Mallarme
Malraux
Malta
Malted milk
Maltese
Maltese cross
Malthus
Malthusian
Malt liquor
Mama's boy
Mamet
Managed care
Managua
Manama
Man-at-arms
Manchester
Manchu
Manchuria
Manchurian
Mancunian
Mandalay
Mandela
Man-eater
Man-eating
Manet
Man friday
Manhattan
Man-hour
Manic depressive
Manic-depressive
Manila hemp
Manila paper
Man in the street
Manitoba
Man-made
Mann
Man of letters
Man-of-war
Mansard roof
Man-size
Man-sized
Manta ray
Man-to-man
Manual labor
Manual training
Manx
Man-year
Many-sided
Maoism
Maoist
Maori
Mao tse-tung
Mao zedong
Maple sugar
Maple syrup
Maputo
Maracaibo
Maraschino cherry
Marat
Marching band
Marching orders
Marciano
Marconi
Marcus aurelius
Marcuse
Mardi gras
Mare's-nest
Marian
Mariana trench
Marie antoinette
Marine corps
Maritime provinces
Mariupol
Market economy
Market garden
Market price
Market research
Market share
Market value
Markham
Mark-up
Marlowe
Marmara
Marquette
Marseillaise
Marseille
Marseilles
Marshall
Marshall islands
Marsh gas
Marsh marigold
Martial art
Martial arts
Martial law
Martian
Martinique
Martin luther king day
Marx
Marxian
Marxism
Marxist
Mary
Maryland
Marylander
Mary magdalene
Masc
Masefield
Maseru
Mashhad
Masking tape
Mason-dixon line
Masonic
Massachusetts
Massage parlor
Massasoit
Mass-market
Mass media
Mass murderer
Mass noun
Mass number
Mass-produce
Mass-produced
Mass production
Mass transit
Master chief petty officer
Master key
Master of arts
Master of ceremonies
Master of science
Master plan
Master's
Master's degree
Master sergeant
Match point
Maternity leave
Maternity ward
Mather
Matinee idol
Matisse
Matron of honor
Matterhorn
Matter-of-fact
Matter-of-factly
Matter-of-factness
Matthew
Maugham
Maui
Mauna kea
Mauna loa
Maundy thursday
Maupassant
Mauriac
Mauritania
Mauritanian
Mauritian
Mauritius
Maya
Mayan
May day
Mayn't
Mayst
Mba
Mbabane
Mccarthy
Mcclellan
Mccormick
Mccoy
Mckinley
Mdse
Mdt
Mea culpa
Meade
Meal ticket
Mealy-mouthed
Meas
Measure up
Measuring cup
Mechanical drawing
Med
Medal of honor
Medan
Medellin
Median strip
Medical examiner
Medici
Medicine ball
Medicine man
Mediterranean
Mediterranean sea
Medium-size
Medium-sized
Medulla oblongata
Meeting house
Meir
Mekong
Melanesia
Melanesian
Melba toast
Melbourne
Mellon
Mellow out
Melting point
Melting pot
Melville
Memorial day
Memphis
Mencius
Mencken
Mendel
Mendelssohn
Mengzi
Mennonite
Men-of-war
Menotti
Men's room
Men's wear
Mental age
Mental institution
Mental retardation
Mephistopheles
Mercator
Merchant marine
Mercy killing
Merlin
Merry-go-round
Mesolithic
Mesopotamia
Mesopotamian
Mesozoic
Messed up
Messenger rna
Mess hall
Mess kit
Messrs
Metal detector
Meter-kilogram-second
Meter maid
Methodism
Methodist
Methuselah
Methyl alcohol
Metric system
Metric ton
Mex
Mexican
Mexico
Mexico city
Mezzo-soprano
Mfa
Mfg
Mfr
Mfrs
Mgr
Mhz
Mia
Miami
Miami beach
Micah
Mich
Michael
Michaelmas
Michelangelo
Michigan
Michigander
Michiganite
Mickey finn
Mickey mouse
Micmac
Micronesia
Micronesian
Microwave oven
'mid
Midas
Middle age
Middle-aged
Middle ages
Middle america
Middle american
Middle-brow
Middle c
Middle class
Middle-class
Middle ear
Middle east
Middle eastern
Middle english
Middle finger
Middle management
Middle name
Middle-of-the-road
Middle-of-the-roader
Middle school
Middle-sized
Middle west
Middle western
Mideast
Mideastern
Midlife crisis
Midnight sun
Midwest
Midwestern
Midwesterner
Mies van der rohe
Mightn't
Milan
Milanese
Military police
Milk glass
Milk of magnesia
Milk run
Milk shake
Milk tooth
Milky way
Milky way galaxy
Millay
Mill wheel
Milne
Milton
Milwaukee
Min
Mince pie
Mind-bending
Mind-blowing
Mind-body
Mind-boggling
Mind games
Mind-read
Mind reader
Mind-set
Mind's eye
Mineral oil
Mineral water
Minerva
Miniature golf
Minimum wage
Minn
Minneapolis
Minnesota
Minnesotan
Minoan
Minority leader
Minor league
Minor-league
Minor leagues
Minor scale
Minotaur
Minsk
Minstrel show
Mint julep
Minuit
Minus sign
Minute hand
Minute steak
Miocene
Miro
Mirror image
Mirv
Misc
Mise-en-scene
Mississauga
Mississippi
Mississippian
Missouri
Missourian
Mitchell
Miter joint
Mixed economy
Mixed marriage
Mixed media
Mixed number
Mixed up
Mixed-up
Mix-up
Mks
Mlle
Mme
Mmes
Mobile home
Mock-up
Modal auxiliary
Modal verb
Modern english
Modesto
Modigliani
Modi operandi
Modus operandi
Modus vivendi
Mogadishu
Mohammed
Mohammedan
Mohammedanism
Mohave
Mohave desert
Mohawk
Mohegan
Mohican
Mojave
Mojave desert
Moldavia
Moldavian
Moldova
Moldovan
Moliere
Molokai
Molotov cocktail
Moluccas
Mom-and-pop
Mommy track
Mon
Monacan
Monaco
Monday
Mondrian
Monegasque
Monet
Money belt
Money-grubber
Money-grubbing
Money market
Money-market fund
Money order
Mongol
Mongolia
Mongolian
Mongolic
Monkey bars
Monkey business
Monkey wrench
Monongahela
Monosodium glutamate
Monroe
Monrovia
Mont
Montaigne
Montana
Montanan
Mont blanc
Monte carlo
Montenegro
Monterrey
Montesquieu
Montessori
Montevideo
Montezuma
Montezuma's revenge
Montgomery
Monticello
Montpelier
Montreal
Moon shot
Moore
Moorish
Moot court
Moravia
Moray eel
Moreno valley
Morgan
Mormon
Mormonism
Morning glory
Morning sickness
Morning star
Moroccan
Moroni
Morrison
Morse
Morse code
Mos
Moscow
Moses
Moslem
Mosquito net
Moth-eaten
Mother country
Mother goose
Mother-in-law
Mother nature
Mother-of-pearl
Mother's day
Mothers-in-law
Mother superior
Mother tongue
Motion picture
Motion sickness
Motor home
Motor inn
Motor pool
Motor scooter
Motor vehicle
Mott
Mountain ash
Mountain bike
Mountain goat
Mountain laurel
Mountain lion
Mountain range
Mountain sickness
Mountain standard time
Mountain time
Mount everest
Mountie
Mount vernon
Mourning dove
Mouth organ
Mouth-to-mouth
Mouth-to-mouth resuscitation
Mouth-watering
Movie star
Moving picture
Moving van
Mozambican
Mozambique
Mozart
Mpg
Mph
Mri
Mrs
Ms-dos
Mses
Msg
Msgr
Mst
Msw
Mtg
Mtge
Mtv
Mucous membrane
Muddle-headed
Mud flat
Mug shot
Muhammad
Muhammadan
Muhammadanism
Muir
Mule deer
Mule skinner
Mulligan stew
Multan
Multiple choice
Multiple-choice
Multiple sclerosis
Multiplication sign
Mumble-the-peg
Mumbo jumbo
Mumbo-jumbo
Mun
Munich
Municipal bond
Munster
Murcia
Muriatic acid
Murmansk
Murray
Muscle-bound
Muscular dystrophy
Musette bag
Mushroom cloud
Musical comedy
Music box
Music hall
Music stand
Music video
Musk ox
Muslim
Mussolini
Mussorgsky
Mustard gas
Mustn't
Mutual fund
Muzak
Mvp
Myanmar
Mylar
Mysore
Mystery play
'n'
N/a
Naacp
Nabokov
Nader
Nafta
Nagasaki
Nagoya
Nagpur
Nahuatl
Nahum
Nail-biter
Nail brush
Nail file
Nail polish
Nail scissors
Nairobi
Naked eye
Namby-pamby
Name brand
Name-brand
Name-calling
Name day
Name-drop
Name-dropper
Name-dropping
Name tag
Namibia
Namibian
Nanchang
Nanjing
Nanking
Nanny goat
Naples
Napoleon bonaparte
Napoleonic
Narraganset
Narragansett
Narrow-minded
Narrow-mindedly
Narrow-mindedness
Nasa
Nasdaq
Nash
Nashville
Nassau
Nasser
National anthem
National debt
National guard
National monument
National park
National security
Native american
Native-born
Natl
Nato
Natural childbirth
Natural gas
Natural history
Natural number
Natural resource
Natural resources
Natural science
Natural selection
Nature reserve
Naugahyde
Nauru
Nautical mile
Navaho
Navajo
Navel orange
Navy bean
Navy blue
Nazarene
Nazareth
Nazi
Naziism
Nazism
Nba
Nbc
Nbs
Nc-17
Ncaa
Nco
N dak
Ndak
N'djamena
Neanderthal man
Neapolitan
Neapolitan ice cream
Neap tide
Near beer
Near east
Near eastern
Near miss
'neath
Neb
Nebr
Nebraska
Nebraskan
Nebuchadnezzar
Needn't
Ne'er
Ne'er-do-well
Neg
Negative income tax
Negress
Negro
Negroid
Neh
Nehemiah
Nehru
Neo-nazi
Neon lamp
Neon light
Neon sign
Nepal
Nepalese
Nepali
Ne plus ultra
Neptune
Nero
Nerve cell
Nerve center
Nerve gas
Nerve impulse
Nerve-racking
Nerve-wracking
Nervous breakdown
Nervous system
Nest egg
Netherlander
Netherlands
Netherlands antilles
Nether world
Net profit
Neut
Neutral spirits
Neutron bomb
Neutron star
Nev
Nevada
Nevadan
Nevadian
Never-never land
Nevis
New age
Newark
New blood
New brunswick
Newcastle
Newcastle upon tyne
New deal
New dealer
New delhi
Newel post
New england
New englander
New-fashioned
Newfoundland
Newfoundlander
New guinea
New hampshire
New hampshireman
New hampshirite
New haven
New hebrides
New jersey
New jerseyan
New jerseyite
New mexican
New mexico
New moon
New orleans
Newport news
News agency
News bulletin
News conference
New south wales
News release
New testament
New wave
New world
New year
New year's
New year's day
New year's eve
New york
New york city
New yorker
New york stock exchange
New zealand
New zealander
Next door
Next-door
Next of kin
Nez perce
Nfc
Nfl
Nhl
Niagara falls
Niagra falls
Niamey
Nicaragua
Nicaraguan
Nice-looking
Nicholas
Nickel-and-dime
Nicosia
Nicotinic acid
Nietzsche
Niger
Nigeria
Nigerian
Nigerien
Night blindness
Night crawler
Night life
Night light
Night owl
Night school
Night shift
Night soil
Night stand
Night stick
Night table
Nih
Nijinsky
Nikolayev
Nile
Nimby
Nimitz
Nine-to-five
Nineveh
Nip and tuck
Nippon
Nipponese
Nit-picker
Nit-picking
Nitric acid
Nitrogen cycle
Nitrous acid
Nitrous oxide
Nitty-gritty
Nixon
Nizhni novgorod
Nlrb
N mex
Nmex
No-account
Noah
Nobel
Nobelist
Nobel prize
Noble gas
Noblesse oblige
No-brainer
No-fault
No-frills
No-go
No-good
No-hitter
Noise pollution
No-load
Nolo contendere
No man's land
No-man's-land
Nom de guerre
Nom de plume
Nome
Non-catholic
Nonce word
Noncommissioned officer
Non-communist
Non compos mentis
Non-congressional
Non-dairy
Non-english
Non-event
No-no
No-nonsense
Non-renewable
Non sequitur
Non-verbal
No one
No place
Nordic
Nor'easter
Norfolk
Norman
Norman conquest
Normandy
Norplant
Norse
Norseman
North africa
North america
North american
Northampton
North carolina
North carolinian
North dakota
North dakotan
Northern hemisphere
Northern ireland
Northern lights
Northern mariana islands
Northern rhodesia
North korea
North korean
North pole
North sea
North star
North vietnam
Northwest passage
Northwest territories
Norw
Norway
Norwegian
Norwich
Nose cone
Nose dive
Nose-dive
Nose drops
Nose job
No-show
Nostradamus
Notary public
Not-for-profit
No-trump
Nottingham
Nouakchott
Nouveau riche
Nouveaux riches
Nouvelle cuisine
Nov
Nova scotia
Nova scotian
November
Novocain
Novocaine
Novokuznetsk
Novosibirsk
Now account
No way
No-win
Now that
Npr
Nra
Nrc
Nsc
Nsf
Nt wt
Nuclear disarmament
Nuclear energy
Nuclear family
Nuclear fission
Nuclear fusion
Nuclear physics
Nuclear power
Nuclear reaction
Nuclear reactor
Nuclear weapon
Nuclear winter
Nucleic acid
Nukualofa
Null and void
Number cruncher
Number-crunching
Number one
Nureyev
Nurse practitioner
Nursery rhyme
Nursery school
Nursing home
Nuts and bolts
Nwt
Nyc
Nyse
Oahu
Oakland
Oakley
Oas
Obadiah
Ob-gyn
Obiter dictum
Obj
Object lesson
Objet d'art
Objets d'art
Oblique angle
Obs
Obsessive-compulsive
Obstacle course
Obtuse angle
O'casey
Occident
Occupational therapist
Occupational therapy
Ocean-going
Oceania
Oceanside
O'clock
O'connor
Ocr
Oct
Octane number
Octavian
October
Odd lot
Odds and ends
Odds-on
Oder
Odessa
Odets
Odin
Odysseus
Oed
Oedipus
Oedipus complex
O'er
Off and on
Off-color
Off-colored
Offenbach
Off-hour
Officer of the day
Off-key
Off-limits
Off-line
Off-load
Off-peak
Off-putting
Off-ramp
Off-road
Off-season
Offset printing
Off-site
Off-the-cuff
Off-the-rack
Off-the-record
Off-the-shelf
Off-the-wall
Off-white
Off year
Oglethorpe
Ohio
Ohioan
Oil color
Oil paint
Oil painting
Oil pan
Oil shale
Oil slick
Oil well
Ojibwa
Ojibway
Okayama
O'keeffe
Okefenokee
Okey-doke
Okey-dokey
Okinawa
Okinawan
Okla
Oklahoma
Oklahoma city
Oklahoman
Old age
Old country
Old english
Old-fashioned
Old fogey
Old fogy
Old french
Old glory
Old guard
Old hand
Old hat
Old high german
Old lady
Old-line
Old maid
Old-maidish
Old man
Old master
Old nick
Old norse
Old saxon
Old school
Old testament
Old-time
Old timer
Old-timer
Old wives' tale
Old world
Old-world
Oligocene
Olive branch
Olive drab
Olive oil
Olivier
Olympia
Olympiad
Olympian
Olympic
Olympic games
Olympics
Olympus
Omaha
Oman
Omani
Omar khayyam
Omb
Omsk
Once-over
One another
One-dimensional
One-horse
Oneida
O'neill
One-liner
One-night stand
One-of-a-kind
One-on-one
One-shot
One-sided
One-sidedness
One-time
One-to-one
One-track
One-track mind
One-up
One-upmanship
One-way
On-line
Onondaga
On-ramp
On-site
Ont
Ontarian
Ontario
On-the-job
Op art
Op cit
Opec
Op-ed
Open air
Open-air
Open-and-shut
Open-and-shut case
Open-ended
Open-eyed
Open-face
Open-faced
Open-handed
Open-hearted
Open-hearth
Open-heart surgery
Open house
Open letter
Open market
Open marriage
Open-minded
Open-mindedly
Open-mindedness
Open-plan
Open season
Open secret
Open shop
Opera glasses
Opera house
Operating room
Operating system
Opinion poll
Opp
Oppenheimer
Opposite number
Optical disc
Optical disk
Optical fiber
Optical illusion
Optical scanner
Opt out
Orchestra pit
Ordinal number
Ordovician
Oreg
Oregon
Oregonian
Oregon trail
Org
Organ grinder
Organized crime
Orig
Orinoco
Orion
Orkney islands
Orlando
Orlon
Orpheus
Orthodox church
Orwell
Orwellian
Osage
Osaka
Oscar
Osceola
Osha
Oshawa
Osiris
Oslo
Oswald
Otb
Otc
Otis
Ottawa
Ottoman empire
Ouagadougou
Oughtn't
Ought to
Ouija
Out-and-out
Outboard motor
Outer space
Out of
Out-of-body
Out of bounds
Out-of-bounds
Out-of-date
Out-of-door
Out-of-doors
Out-of-pocket
Out-of-state
Out-of-the-way
Outside of
Oval office
Overhead projector
Overland park
Over-the-counter
Over-the-top
Ovid
Owen
Owens
Owing to
Oxford cloth
Oxnard
Oxygen mask
Oxygen tent
Oyster bed
Ozark mountains
Ozarks
Ozone-friendly
Ozone hole
Ozone layer
Pac
Pacific ocean
Pacific rim
Pacific standard time
Pacific time
Package deal
Package store
Packet boat
Pack ice
Packing case
Packing house
Pack rat
Padang
Paddle boat
Paddle wheel
Paddy wagon
Paganini
Page printer
Pago pago
Paine
Painted desert
Paint thinner
Paiute
Pakistan
Pakistani
Palace guard
Palau
Palembang
Paleocene
Paleozoic
Palermo
Palestine
Palestinian
Palmer
Palm reader
Palm sunday
Palm tree
Panama canal
Panama city
Panama hat
Panamanian
Pan-american
Pancake landing
P and l
Pandora
Pandora's box
Panel truck
Panic-stricken
Panic-struck
Pan out
Pants suit
Panty hose
Paper boy
Paper clip
Paper girl
Paper money
Paper tiger
Paper trail
Papier-mache
Pap smear
Pap test
Papua new guinea
Paraguay
Paraguayan
Parallel bars
Paramaribo
Parana
Parathyroid gland
Parcel post
Parental leave
Par excellence
Pari-mutuel
Paring knife
Paris
Parisian
Park and ride
Parker
Parking garage
Parking lot
Parking meter
Parkinson's disease
Parkinson's law
Parkman
Parmesan
Parmesan cheese
Parnassus
Parochial school
Parrish
Parsee
Parsi
Parthenon
Parti-colored
Part of speech
Part song
Part-song
Part-time
Part-timer
Party line
Pasadena
Passenger pigeon
Passer-by
Passers-by
Pass-fail
Passion play
Passive resistance
Passive smoking
Passive voice
Pass out
Passover
Pass up
Pasternak
Pasteur
Past master
Past participle
Past perfect
Past tense
Patagonia
Patch pocket
Patch test
Patent leather
Patent medicine
Paternity suit
Paterson
Pathetic fallacy
Patna
Pat pend
Patrick
Patrol car
Patrol wagon
Patron saint
Patton
Paul
Paul bunyan
Pauling
Pavarotti
Pavlov
Pavlova
Pavlovian
Pawnee
Pay dirt
Pay-per-view
Pay phone
Payroll tax
Pay telephone
Pay television
Pay toilet
Pay-tv
Pay up
Pbs
Pbx
Pcb
Pcp
Pct
Pdt
Peace corps
Peace offering
Peace officer
Peace pipe
Pea coat
Pea green
Pea jacket
Peale
Peanut brittle
Peanut butter
Pearl harbor
Peary
Peat moss
Pecking order
Peck order
Pecos bill
Peeping tom
Peer group
Peer pressure
Pegasus
Peg leg
Pei
Peking
Pell-mell
Penal code
Pencil sharpener
Penn
Penna
Pen name
Pennsylvania
Pennsylvania dutch
Pennsylvanian
Penny ante
Penny arcade
Penny pincher
Penny-pincher
Penny-pinching
Penny-wise
Pen pal
Pension fund
Pension plan
Pentateuch
Pentecost
Pentecostal
Pentecostalism
Pent-up
People's republic of china
Peoria
Pepper mill
Pepper shaker
Pep rally
Pep talk
Pepys
Pequot
Per annum
Per capita
Per cent
Percussion instrument
Per diem
Peregrine falcon
Perfect pitch
Performance art
Performing arts
Pericles
Periodic table
Perkins
Permanent press
Permanent wave
Permian
Peron
Perry
Per se
Persephone
Pershing
Persia
Persian
Persian cat
Persian gulf
Persian lamb
Personal computer
Personal effects
Personal pronoun
Personal trainer
Personal watercraft
Persona non grata
Perth
Peru
Peruvian
Peter i
Petit four
Petit jury
Pet peeve
Petrarch
Petri dish
Petroleum jelly
Pet scan
Petty cash
Petty officer
Petty officer first class
Petty officer second class
Petty officer third class
Pfc
Pg-13
Pharisaical
Phd
Philadelphia
Philadelphia lawyer
Philemon
Philip
Philippians
Philippine
Philippines
Phillips
Phnom penh
Phoenicia
Phoenician
Phone book
Phone booth
Phone sex
Phone tag
Phosphoric acid
Photoelectric cell
Photo finish
Photo-offset
Photo op
Photo opportunity
Phrasal verb
Phys
Phys ed
Physical anthropology
Physical education
Physical examination
Physical science
Physical sciences
Physical therapist
Physical therapy
Physician's assistant
Piaget
Picasso
Picket fence
Picket line
Pickett
Pick-me-up
Pick up
Pickup truck
Picture book
Picture tube
Picture window
Piece de resistance
Piece goods
Pie chart
Pied-a-terre
Piedmont
Pieds-a-terre
Pie-eyed
Pierre
Pigeon-toed
Piggyback ride
Piggy bank
Piggy-bank
Pig iron
Pikes peak
Pilate
Pile driver
Pile-up
Pilgrim fathers
Pilot light
Pina colada
Pinball machine
Pince-nez
Pinch hit
Pinch-hit
Pinch hitter
Pinch-hitter
Pin curl
Pindar
Pineal body
Pineal gland
Pine away
Pine cone
Pine tar
Ping-pong
Pinkerton
Pinking shears
Pink slip
Pin money
Pins and needles
Pin stripe
Pin-striped
Pinter
Pinto bean
Pint-size
Pint-sized
Pin-up
Pipe cleaner
Pipe dream
Pipe fitter
Pipe of peace
Pipe organ
Pip-squeak
Pirandello
Pisa
Pisces
Pissed off
Pistol-whip
Piston ring
Piston rod
Pita bread
Pit-a-pat
Pit bull
Pit bull terrier
Pitch-black
Pitch-dark
Pitched battle
Pitcher plant
Pitch pipe
Pit stop
Pitt
Pitter-patter
Pittsburgh
Pituitary gland
Pit viper
Pizarro
Pizza parlor
Pizza pie
Pj's
Pkg
Pkt
Pkwy
P/l
P & l
Place kick
Place mat
Place setting
Plain-clothes
Plainclothes man
Plain-spoken
Planck
Plane tree
Plano
Plant louse
Plaster of paris
Plastic surgeon
Plastic surgery
Plate glass
Plate tectonics
Plath
Plato
Platoon sergeant
Play-act
Play-by-play
Play date
Player piano
Playing card
Playing cards
Playing field
Play-off
Play on words
Plea bargain
Plea-bargain
Plea bargaining
Pledge of allegiance
Pleistocene
Plexiglas
Pliocene
Plo
Plumber's friend
Plumber's helper
Plumb line
Plum pudding
Plus sign
Plutarch
Pluto
Plymouth
Plymouth rock
Pms
Po box
Pocahontas
Pocket book
Pocket knife
Pocket money
Pocket-sized
Pocket veto
Podgorica
Poe
Poetic justice
Poetic license
Poet laureate
Pogo stick
Point barrow
Pointblank
Point-blank
Point man
Point of no return
Point of order
Point of view
Poison ivy
Poison oak
Poison pill
Poison sumac
Poker face
Poker-faced
Poland
Polar bear
Polar cap
Polaris
Polaroid
Pole star
Pole vault
Pole-vault
Pole vaulter
Pole-vaulter
Police department
Police dog
Police force
Police officer
Police state
Police station
Political action committee
Political correctness
Politically correct
Political prisoner
Political science
Political scientist
Polk
Polka dot
Polka-dot
Polka-dotted
Pollen count
Polling place
Polling station
Poll tax
Polo shirt
Pol pot
Polynesia
Polynesian
Polyvinyl chloride
Pomona
Pompeian
Pompeii
Pompey
Pom-pom
Ponce
Ponce de leon
Ponderosa pine
Pond scum
Pontchartrain
Pontiac
Pony express
Pooh-pooh
Pool hall
Pool table
Poona
Poop deck
Pooped out
Pooper scooper
Poor boy
Poor-mouth
Pop art
Pop artist
Pop culture
Pop-eyed
Pop fly
Popocatepetl
Pop psychology
Poppy seed
Pop quiz
Popsicle
Population explosion
Pop-up
Pork barrel
Port-au-prince
Porterhouse steak
Portland
Port louis
Portmanteau word
Port moresby
Porto alegre
Port of call
Port of entry
Port of spain
Port-of-spain
Porto novo
Portsmouth
Portugal
Portuguese
Portuguese man-of-war
Poseidon
Poss
Possessive adjective
Possessive pronoun
Postage meter
Postage stamp
Postal card
Postal service
Post card
Post chaise
Poster child
Post exchange
Post-it
Postmaster general
Post meridiem
Post-mortem
Postnasal drip
Post office
Post office box
Post road
Post time
Potassium nitrate
Potato chip
Pot luck
Potluck dinner
Potluck supper
Potomac
Pot pie
Pot roast
Pot shot
Potter's field
Potter's wheel
Pound cake
Pound sterling
Poverty level
Poverty line
Poverty-stricken
Pow
Powder blue
Powder horn
Powder keg
Powder puff
Powder room
Power base
Power broker
Power line
Power of attorney
Power pack
Power plant
Power politics
Power station
Power steering
Power structure
Power tool
Powhatan
Ppm
Ppr
Pps
Practical joke
Practical joker
Practical nurse
Prague
Praia
Prairie chicken
Prairie dog
Prairie provinces
Prairie schooner
Prayer beads
Prayer book
Praying mantis
Prc
Precambrian
Precious stone
Pre-columbian
Predicate adjective
Pre-eminent
Pre-eminently
Pre-empt
Pre-exist
Pref
Preferred stock
Premenstrual syndrome
Pre-owned
Preparatory school
Prepositional phrase
Prep school
Pres
Presbyterian
Presbyterianism
Prescription drug
Presence of mind
Present-day
Present participle
Present perfect
Present tense
President's day
Presidents' day
Presley
Press agent
Press box
Press conference
Press corps
Press release
Press secretary
Pressure cooker
Pressure group
Pressure suit
Pretoria
Price control
Price index
Price support
Price tag
Price war
Prickly heat
Prickly pear
Priestley
Prima ballerina
Prima donna
Prima facie
Primary accent
Primary care
Primary color
Primary election
Primary school
Primary stress
Prime interest rate
Prime lending rate
Prime meridian
Prime minister
Prime number
Prime rate
Prime time
Primrose path
Prince consort
Prince edward island
Prince of wales
Principal parts
Principe
Printed circuit
Printing press
Prior to
Prison camp
Prisoner of war
Private detective
Private enterprise
Private eye
Private first class
Private investigator
Private parts
Private school
Private sector
Privy council
Prix fixe
Pro-am
Prob
Probation officer
Pro bono
Pro-choice
Pro-choicer
Profit margin
Profit sharing
Pro forma
Program director
Programmed instruction
Programmed learning
Prokofiev
Pro-life
Pro-lifer
Prometheus
Promised land
Promissory note
Pron
Proper fraction
Proper name
Proper noun
Property tax
Pro rata
Pros and cons
Proscenium arch
Proserpina
Prostate gland
Pro tem
Pro tempore
Proterozoic
Protestant
Protestantism
Proust
Prov
Provencal
Provence
Provided that
Providing that
Proving ground
Provost marshal
Prowl car
Prozac
Prussia
Prussian
Prussic acid
Psalter
Pst
Psyched up
Pta
Pto
Ptolemaic
Ptolemy
Ptomaine poisoning
Public access
Public address system
Public-address system
Public assistance
Public defender
Public domain
Public health
Public house
Public housing
Public opinion
Public relations
Public school
Public sector
Public servant
Public service
Public spirited
Public-spirited
Public television
Public utility
Public works
Puccini
Pucker up
Puerto rican
Puerto rico
Puff pastry
Puget sound
Pug nose
Pug-nosed
Pulaski
Pulitzer
Pulitzer prize
Pullman
Pullman car
Pullman case
Pull-up
Pumice stone
Punch bowl
Punch card
Punch-drunk
Punched card
Punching bag
Punch line
Punctuation mark
Punjab
Punk rock
Punk rocker
Puppy love
Pup tent
Purchasing power
Purim
Purple heart
Pusan
Push button
Push-button
Pushkin
Push-up
Pussy willow
Put-down
Put in
Put off
Put-on
Put out
Put up
Put upon
Pvc
Pvt
Pyongyang
Pyrenees
Pyrex
Pyrrhic victory
Pythagoras
Pythagorean theorem
Qatar
Qatari
Qed
Qingdao
Q-tip
Qty
Quadratic equation
Quaker
Quakerism
Quality assurance
Quality control
Quality time
Quantum jump
Quantum leap
Quantum mechanics
Quantum theory
Quarter horse
Quarter note
Quaternary
Que
Quebec
Quebecker
Queen anne's lace
Queen mother
Queen-size
Queen-sized
Question mark
Quezon city
Quick bread
Quick-freeze
Quick-froze
Quick-frozen
Quick-tempered
Quick-witted
Quick-wittedly
Quid pro quo
Quiet down
Quito
Qui vive
Quiz program
Quiz show
Quonset hut
Quot
Quotation mark
Quotation marks
Qur'an
Rabat
Rabbit ears
Rabbit punch
Rabble-rouser
Rabble-rousing
Rabelais
Race relations
Rachmaninoff
Racine
Racing form
Radar screen
Radar trap
Radial tire
Radiant energy
Radiation sickness
Radical sign
Radio astronomy
Radio frequency
Radio telescope
Radio wave
Raf
Raffle off
Rag doll
Raglan sleeve
Rag trade
Rah-rah
Rain check
Rain forest
Rain gauge
Raison d'etre
Rake-off
Raleigh
Ramadan
Ramses
Ranch house
Rancho cucamonga
R and d
Random-access
Random-access memory
R and r
Rangoon
Rank and file
Rankin
Raphael
Rapid-fire
Rapid transit
Rap sheet
Rara avis
Rarae aves
Rare earth
Rasputin
Ratchet wheel
Rate of exchange
Rat fink
Rational number
Rat race
Raven-haired
Rawalpindi
Raw-boned
Raw material
Razor blade
Razor-sharp
Razor wire
Razzle-dazzle
R & b
Rbi
Rcch
Rcmp
Rcpt
R & d
Rda
Read-only memory
Read-out
Ready-made
Ready-to-wear
Reagan
Real estate
Real estate agent
Real-life
Real number
Real time
Real-time
Rear admiral
Rear-end
Rearview mirror
Rebecca
Rebekah
Recd
Rec'd
Recife
Reclining chair
Recombinant dna
Record-breaking
Record player
Re-cover
Recovery room
Recreational vehicle
Recreation room
Red alert
Red blood cell
Red-blooded
Red carpet
Red-carpet
Red cent
Red cloud
Red corpuscle
Red crescent
Red cross
Red deer
Red-eye
Red giant
Red-handed
Red herring
Red-hot
Red-letter
Red-letter day
Red-light district
Red-lining
Red meat
Red pepper
Red river
Red sea
Red snapper
Red tape
Red tide
Red-winged blackbird
Re-echo
Re-educate
Reel off
Re-entry
Reference book
Reference library
Reference room
Re-form
Reform school
Refresher course
Refried beans
Reg
Regardless of
Regina
Registered mail
Registered nurse
Rehnquist
Reich
Reinforced concrete
Reit
Rel
Relating to
Relational database
Relative clause
Relative humidity
Relative pronoun
Relay race
Relief map
Remarque
Rembrandt
Remote control
Remote-controlled
Rem sleep
Remus
Renaissance man
Reno
Renoir
Rent control
Repetitive strain injury
Report card
Reported speech
Republican party
Requiem mass
Research and development
Resident physician
Re-sign
Rest home
Restraining order
Rest room
Retaining wall
Retro-rocket
Return ticket
Reuben sandwich
Revenue bond
Reverse discrimination
Revised standard version
Revolutionary war
Revolving credit
Revolving door
Reykjavik
Rfd
Rhesus monkey
Rhetorical question
Rheumatic fever
Rheumatoid arthritis
Rh factor
Rhine
Rhode island
Rhode islander
Rhodes
Rhodesia
Rhodesian
Rhone
Rhythm and blues
Rhythm method
Rib cage
Ribonucleic acid
Rice paddy
Richard
Richard i
Richelieu
Richmond
Richter scale
Rickover
Riesling
Rif
Riff-raff
Rifle range
Riga
Right angle
Right-angled
Right field
Right hand
Right-hand
Right-handed
Right-handedly
Right-handedness
Right-hander
Right-minded
Right of way
Right-of-way
Right on
Rights-of-way
Right-thinking
Right-to-die
Right-to-life
Right-to-lifer
Right triangle
Right wing
Right-wing
Right-winger
Rigor mortis
Riley
Rimsky-korsakov
Ring finger
Rinky-dink
Rio
Rio de janeiro
Rio grande
Rip cord
Rip-off
Ripple effect
Rip-roaring
Rite of passage
Riv
Rivera
River basin
Riviera
Riyadh
Rna
Road hog
Road kill
Road runner
Road show
Road test
Road trip
Roanoke
Robeson
Robespierre
Robin hood
Robin redbreast
Robinson
Robinson crusoe
Rochester
Rock and roll
Rock-and-roll
Rock bottom
Rock-bottom
Rock candy
Rockefeller
Rocket scientist
Rockford
Rock garden
Rockies
Rocking chair
Rocking horse
Rock 'n' roll
Rock-ribbed
Rock salt
Rock-steady
Rockwell
Rock wool
Rocky mountain goat
Rocky mountains
Rocky mountain sheep
Rodgers
Rodin
Roe deer
Role model
Role-play
Role-playing
Roll bar
Roll call
Rolled gold
Roller bearing
Rollerblade
Roller coaster
Roller skate
Roller-skate
Roller skater
Rolling mill
Rolling pin
Rolling stock
Roll-top
Roll-top desk
Roly-poly
Rom
Roman a clef
Roman candle
Roman catholic
Roman catholic church
Roman catholicism
Romance language
Roman empire
Romanesque
Romania
Romanian
Roman numeral
Roman numerals
Romano
Romanov
Romany
Rome
Romulus
Rontgen
Room and board
Rooming house
Room service
Room temperature
Roosevelt
Root beer
Root canal
Roquefort
Rorschach test
Rosario
Roseau
Rose-colored
Rose hip
Rose water
Rose window
Rosh hashana
Rosh hashanah
Ross
Rossini
Rostand
Rostov
Rotc
Rotterdam
Rough-and-ready
Rough-and-tumble
Rough-hew
Rough-hewn
Round robin
Round-shouldered
Round steak
Round table
Round-table
Round-the-clock
Round trip
Round-trip
Round up
Round-up
Rousseau
Row house
Royal blue
Royal flush
Rpm
Rps
R & r
Rsfsr
Rsi
Rsv
Rsvp
Rte
Ru 486
Rubber band
Rubber cement
Rubber check
Rubber plant
Rubber stamp
Rubber-stamp
Rubens
Rubicon
Ruby-throated hummingbird
Ruhr
Rule of thumb
Rumania
Rumanian
Rummage sale
Rumpus room
Run-down
Run-in
Runners-up
Runner-up
Running back
Running light
Running lights
Running mate
Run-off
Run-of-the-mill
Run-on
Run-on sentence
Run-through
Run-up
Rush hour
Rushmore
Russ
Russell
Russia
Russian
Russian roulette
Ruth
Rutherford
Rwanda
Rwandan
Rwy
Saar
Sabbath
Saber-rattling
Saber saw
Sabin
Sabin vaccine
Sacajawea
Sacramento
Sacred cow
Sadat
Saddle horse
Saddle shoe
Saddle shoes
Saddle soap
Sadducee
Safe-conduct
Safe-deposit
Safe-deposit box
Safe haven
Safe house
Safe sex
Safety belt
Safety catch
Safety curtain
Safety-deposit box
Safety glass
Safety match
Safety net
Safety pin
Safety razor
Safety valve
Sagittarius
Sahara
Saharan
Sahel
Saigon
Sailing boat
Sailing ship
Sailing vessel
Saint bernard
Saint george's
Saint patrick's day
Saint petersburg
Saint-saens
Saint valentine's day
Saith
Sakai
Sakharov
Salad bar
Salad days
Salad dressing
Salem
Sales clerk
Sales rep
Sales representative
Sales slip
Sales talk
Sales tax
Salicylic acid
Salinas
Salinger
Salisbury steak
Salk
Salk vaccine
Salonika
Salt lake city
Salt lick
Salt of the earth
Salt pork
Salt shaker
Salt water
Salt-water
Salvador
Salvadoran
Salvadorean
Salvadorian
Salvation army
Sam
Samara
Samaritan
Same-sex
Samoa
Samoan
Samson
Samuel
San'a
Sanaa
San antonio
San bernadino
Sand bar
Sandburg
Sand dollar
Sand dune
Sand fly
San diego
Sand trap
Sandwich board
San franciscan
San francisco
San francisco bay
Sanger
Sanitary napkin
San jose
San juan
San marino
San salvador
Sanskrit
Sans serif
Santa
Santa ana
Santa barbara
Santa claus
Santa fe
Santa fe trail
Santa klaus
Santa rosa
Santiago
Santo domingo
Sao paulo
Sao tome
Sao tome and principe
Sappho
Sapporo
Saracen
Sarah
Sarajevo
Saran wrap
Saratov
Sardinia
Sargent
Sartre
Sase
Sash window
Sask
Saskatchewan
Saskatoon
Sasquatch
Satan
Satellite dish
Satellite television
Satellite tv
Saturated fat
Saturation point
Saturday
Saturday night special
Saturday-night special
Saturn
Saudi
Saudi arabia
Saudi arabian
Saul
Sausage meat
Saussure
Saving grace
Savings account
Savings and loan
Savings and loan association
Savings bank
Savings bond
Savoir faire
Savoir-faire
Sawed-off
Saw-toothed
Saxon
Say-so
Sba
Scale insect
Scandinavia
Scandinavian
Scarborough
Scaredy-cat
Scarlet fever
Scatter rug
Scavenger hunt
Sch
Schenectady
Schick test
Schiller
Schliemann
School board
School year
Schopenhauer
Schrodinger
Schubert
Schumann
Schweitzer
Sci
Science fiction
Sci-fi
Scissors kick
Scorched earth policy
Scorpio
Scot
Scotchman
Scotch tape
Scotch terrier
Scotch whisky
Scotchwoman
Scot-free
Scotland
Scotland yard
Scots
Scots gaelic
Scotsman
Scotswoman
Scott
Scottie
Scottish
Scottish terrier
Scottsdale
Scour out
Scrambled eggs
Scrap heap
Scratch paper
Screen saver
Screen test
Screwed up
Scrub brush
Scsi
Scuba diver
Scuba diving
Scylla
S dak
Sdak
Sdi
Sea anemone
Sea breeze
Sea cow
Sea dog
Sea green
Sea gull
Sea horse
Sea legs
Sea level
Sealing wax
Sea lion
Seaman apprentice
Seaman recruit
Sea power
Search party
Search warrant
Sea salt
Season ticket
Seat belt
Seato
Seat-of-the-pants
Seattle
Sea urchin
Secondary accent
Secondary color
Secondary school
Secondary stress
Second base
Second childhood
Second class
Second-class
Second cousin
Second-guess
Second hand
Second-hand
Secondhand smoke
Second lieutenant
Second nature
Second person
Second-rate
Second sight
Second-story man
Second string
Second-string
Second-stringer
Second thought
Second thoughts
Second wind
Secret agent
Secretary-general
Secret ballot
Secret police
Secret service
Security blanket
Security deposit
Secy
Sec'y
Sedan chair
Seder
Seed money
Seed vessel
Seeing eye dog
See-through
Selective service
Self-abasement
Self-absorbed
Self-absorption
Self-abuse
Self-addressed
Self-advancement
Self-aggrandizement
Self-aggrandizing
Self-analysis
Self-appointed
Self-assertion
Self-assertive
Self-assurance
Self-assured
Self-aware
Self-awareness
Self-centered
Self-centeredness
Self-centred
Self-cleaning
Self-command
Self-complacent
Self-conceit
Self-confessed
Self-confidence
Self-confident
Self-confidently
Self-congratulation
Self-congratulatory
Self-conscious
Self-consciously
Self-consciousness
Self-contained
Self-contradiction
Self-contradictory
Self-control
Self-controlled
Self-criticism
Self-deceit
Self-deception
Self-defeating
Self-defence
Self-defense
Self-delusion
Self-denial
Self-denying
Self-deprecating
Self-deprecation
Self-destruct
Self-destruction
Self-destructive
Self-determination
Self-determined
Self-discipline
Self-disciplined
Self-doubt
Self-educated
Self-effacement
Self-effacing
Self-employed
Self-employment
Self-esteem
Self-evident
Self-evidently
Self-examination
Self-explanatory
Self-expression
Self-fertilization
Self-fulfilling
Self-fulfilling prophecy
Self-fulfillment
Self-governing
Self-government
Self-help
Self-image
Self-importance
Self-important
Self-imposed
Self-improvement
Self-incrimination
Self-induced
Self-indulgence
Self-indulgent
Self-inflicted
Self-interest
Self-knowledge
Self-love
Self-made
Self-perpetuating
Self-pity
Self-pitying
Self-pollination
Self-portrait
Self-possessed
Self-possession
Self-preservation
Self-proclaimed
Self-propelled
Self-propelling
Self-protection
Self-realization
Self-regulating
Self-regulation
Self-regulatory
Self-reliance
Self-reliant
Self-reproach
Self-respect
Self-respecting
Self-restraint
Self-righteous
Self-righteously
Self-righteousness
Self-rule
Self-sacrifice
Self-sacrificing
Self-satisfaction
Self-satisfied
Self-sealing
Self-seeker
Self-seeking
Self serve
Self-serve
Self-service
Self-serving
Self-starter
Self-starting
Self-styled
Self-sufficiency
Self-sufficient
Self-support
Self-supporting
Self-sustaining
Self-taught
Self-will
Self-willed
Self-winding
Self-worth
Sell-by date
Seller's market
Selling point
Sell-out
Seltzer water
Semarang
Seminole
Semipro
Semite
Semitic
Semtex
Sen
Sendai
Send-off
Send-up
Seneca
Senegal
Senegalese
Senior chief petty officer
Senior citizen
Senior high school
Senior master sergeant
Sense organ
Sentry box
Seoul
Sept
September
Septic tank
Septuagint
Seq
Sequoya
Serb
Serbia
Serbian
Serbo-croatian
Sergeant at arms
Sergeant-at-arms
Sergeant first class
Sergeant major
Sergeants-at-arms
Serial killer
Serial number
Service area
Service charge
Service industry
Service man
Service mark
Service road
Service station
Seton
Set piece
Settlement house
Set-to
Set up
Seurat
Seuss
Seven seas
Seventeen-year locust
Seventh heaven
Seventy-eight
Severance pay
Seville
Seward
Sewing machine
Sex appeal
Sex chromosome
Sex education
Sex symbol
Sexual harassment
Sexual intercourse
Sexually transmitted disease
Sexual relations
Seychelles
Sgml
Sgt
Shakespeare
Shakespearean
Shake-up
Shale oil
Shalt
Shangri-la
Shan't
Sharp-eyed
Sharp-tongued
Sharp-witted
Shasta
Shaving brush
Shaving cream
Shaw
Shawnee
S/he
Sheath knife
She'd
She-devil
Sheep dog
Sheet lightning
Sheet metal
Sheet music
Sheffield
Shelf life
She'll
Shelley
Shell game
Shell shock
Shell-shocked
Shenandoah
Shenandoah valley
Shenyang
Shepard
Sheridan
Sherman
Sherpa
Sherwood forest
She's
Shetland pony
Shiite
Shijiazhuang
Shikoku
Shilly-shally
Shin splints
Shinto
Shintoism
Shintoist
Shipping clerk
Ship's chandler
Shish kebab
Shiva
Shock absorber
Shocking pink
Shock jock
Shock tactics
Shock therapy
Shock treatment
Shock troops
Shock wave
Shock waves
Shoestring potatoes
Shoe tree
Shoo-in
Shook-up
Shooting gallery
Shooting star
Shooting stick
Shoot-out
Shopping bag
Shopping center
Shopping mall
Shop steward
Shore patrol
Short-change
Short circuit
Short-circuit
Short cut
Short-handed
Short list
Short-lived
Short order
Short-order
Short-order cook
Short-range
Short ribs
Short shrift
Short-sighted
Short-sightedly
Short-sightedness
Short story
Short subject
Short-tempered
Short-term
Short-termism
Short-termist
Short ton
Short wave
Short-winded
Shoshone
Shoshoni
Shotgun marriage
Shotgun wedding
Shot put
Shot putter
Shot-putter
Shot-putting
Shoulder bag
Shoulder blade
Shoulder strap
Shouldn't
Show and tell
Show business
Show off
Show-off
Show of hands
Show-stopper
Show up
Show window
Shpt
Shreveport
Shrinking violet
Shrink-wrap
Shrink-wrapped
Shrivel up
Shrove tuesday
Shut-eye
Shut-in
Siam
Siamese
Siamese cat
Siamese twin
Siamese twins
Sian
Siberia
Siberian
Sicilian
Sicily
Sick bay
Sick leave
Sickle cell anemia
Sickle-cell anemia
Sickness benefit
Sick pay
Siddhartha
Side arm
Side arms
Side dish
Side effect
Side issue
Side order
Side-saddle
Sids
Sierra leone
Sierra leonean
Sierra madre
Sierra nevada
Sight-read
Sight-reader
Sight-seeing
Signal tower
Signature tune
Signet ring
Significant other
Sign language
Sign of the cross
Sikh
Sikhism
Sikorsky
Silent film
Silent majority
Silent partner
Silesia
Silicon chip
Silicon valley
Silk screen
Silk-screen
Silurian
Silver anniversary
Silver foil
Silver lining
Silver medal
Silver nitrate
Silver paper
Silver plate
Silver-plated
Silver screen
Silver-tongued
Simi valley
Simon
Simon peter
Simon-pure
Simple interest
Simple-minded
Simple-mindedness
Simple sentence
Sinai
Sinclair
Sine die
Sine qua non
Sing-along
Singapore
Singaporean
Singer-songwriter
Single-breasted
Single entry
Single file
Single-handed
Single-handedly
Single-minded
Single-mindedly
Single-mindedness
Single parent
Singles bar
Sinhalese
Sinking fund
Sin tax
Sioux
Sioux falls
Siphon bottle
Sirloin steak
Sister-in-law
Sisters-in-law
Sisyphus
Sit-down
Sit-in
Sitting bull
Sitting duck
Sitting room
Situation comedy
Sit-up
Sitz bath
Siva
Six-gun
Six-pack
Six-shooter
Sixteenth note
Sixth sense
Skating rink
Skeet shooting
Skeleton key
Ski boot
Skid row
Ski jump
Ski jumper
Ski jumping
Ski lift
Skimmed milk
Skim milk
Skin-deep
Skin-dive
Skin diver
Skin-diver
Skin diving
Skin-diving
Skin flick
Skin graft
Skinner
Skinny-dip
Skinny-dipping
Skin-tight
Ski pants
Skipping rope
Skirt around
Ski run
Ski tow
Skivvy shirt
Skopje
Skull and crossbones
Skunk cabbage
Sky blue
Sky-blue
Sky diver
Sky diving
Sky-high
Sky marshal
S&l
S & l
Slacken off
Slag heap
Slam-bang
Slam-dance
Slam dunk
Slam-dunk
Slap-happy
Slash-and-burn
Slav
Slave driver
Slave-driver
Slave labor
Slave trade
Slavic
Sledge hammer
Sleeping bag
Sleeping car
Sleeping partner
Sleeping pill
Sleeping sickness
Sleight of hand
Slide fastener
Slide projector
Slide rule
Sliding door
Sliding scale
Slip knot
Slip-on
Slipped disc
Slipped disk
Slip-up
Sloe-eyed
Sloe gin
Sloppy joe
Slot machine
Slovak
Slovakia
Slovakian
Slovak republic
Slovene
Slovenia
Slovenian
Slow burn
Slow motion
Slow-motion
Slow-witted
Slr
Slumber party
Slush fund
S-mail
Small arm
Small arms
Small calorie
Small change
Small claims court
Small fry
Small hours
Small intestine
Small-minded
Small-mindedness
Small potatoes
Small print
Small-scale
Small talk
Small-time
Small-timer
Smart alec
Smart aleck
Smart-aleck
Smart-alecky
Smart bomb
Smart card
Smash-up
Smelling salts
Smetana
Smoke alarm
Smoke detector
Smoke screen
Smoking gun
Smooth muscle
Smyrna
Snack bar
Snail mail
Snake charmer
Snake pit
Snake river
Snap bean
Snapping turtle
Snare drum
Snarl-up
Sneak preview
Snot-nosed
Snotty-nosed
Snowbelt
Snow belt
Snow-blind
Snow blindness
Snow fence
Snow job
Snow pea
Snow tire
Snow-white
Snub-nose
Snub-nosed
Snuff out
So-and-so
Soap opera
Soap powder
Sob story
Soc
So-called
Soccer mom
Social climber
Social disease
Socialized medicine
Social science
Social scientist
Social security
Social services
Social studies
Social work
Social worker
Society of friends
Society of jesus
Sockeye salmon
Socrates
Socratic
Soda cracker
Soda fountain
Soda jerk
Soda pop
Soda water
Sodium bicarbonate
Sodium carbonate
Sodium chloride
Sodium hydroxide
Sodium nitrate
Sofa bed
Sofia
Soft-boiled
Soft coal
Soft-core
Soft currency
Soft drink
Soft-hearted
Soft landing
Soft palate
Soft pedal
Soft-pedal
Soft rock
Soft sell
Soft soap
Soft-soap
Soft-spoken
Soft touch
Solar battery
Solar cell
Solar eclipse
Solar energy
Solar flare
Solar panel
Solar plexus
Solar system
Solar wind
Solar year
Soldering iron
Soldier of fortune
Sold-out
Solid-state
Solitary confinement
Solomon
Solomon islands
Solon
So long
Solzhenitsyn
Somali
Somalia
Somalian
Somatic cell
Sondheim
Song and dance
Song of solomon
Song of songs
Sonic barrier
Sonic boom
Son-in-law
Son of a bitch
Son of a gun
Son of god
Sonora
Sons-in-law
Sophocles
Sopping wet
Sore throat
So so
So-so
Sotto voce
Sought-after
Soul brother
Soul-destroying
Soul food
Soul mate
Soul music
Soul-searching
Soul sister
Sound barrier
Sound bite
Sound card
Sound effects
Sounding board
Sound track
Sound wave
Souped-up
Soup kitchen
Soup spoon
Sour cream
Soured cream
Sour grapes
Sousa
South africa
South african
South america
South american
Southampton
South bend
South carolina
South carolinian
South china sea
South dakota
South dakotan
Southern hemisphere
Southern lights
Southern rhodesia
South korea
South pacific
South pole
South sea islands
South vietnam
Sou'wester
Soviet union
Sow bug
Soweto
Soy sauce
Space age
Space-age
Space cadet
Space capsule
Spaced out
Spaced-out
Space heater
Space shuttle
Space station
Space suit
Space-time
Spain
Spake
Spanglish
Spaniard
Spanish
Spanish america
Spanish american
Spanish-american
Spanish fly
Spanish main
Spanish moss
Spanish rice
Spare part
Spark plug
Sparring partner
Sparta
Spartacus
Spca
Special delivery
Special education
Special effects
Specif
Specific gravity
Speech therapy
Speed bump
Speed limit
Speed trap
Spell-check
Spell checker
Spelling bee
Spelling book
Spelling checker
Sperm cell
Sperm whale
Spf
Sp gr
Spic-and-span
Spice up
Spick-and-span
Spider plant
Spina bifida
Spinal column
Spinal cord
Spin control
Spin doctor
Spine-chilling
Spinning jenny
Spinning wheel
Spin-off
Spinoza
Spiny lobster
Spirit lamp
Spirit level
Spitting image
Splash down
Splay out
Splinter group
Split infinitive
Split-level
Split pea
Split personality
Split screen
Split second
Spock
Spoils system
Spokane
Sponge bath
Sponge cake
Spontaneous combustion
Spoon-fed
Spoon-feed
Sporting chance
Sports car
Sports coat
Sports jacket
Sport-utility vehicle
Spot check
Spot-check
Spotted owl
Spray can
Spray gun
Spread-eagle
Spring break
Spring chicken
Spring-cleaning
Springer spaniel
Spring fever
Springfield
Spring onion
Spring tide
Sprocket wheel
Sqq
Squad car
Squanto
Square dance
Square-dance
Square knot
Square-rigged
Square root
Squash rackets
Squash racquets
Squeeze bottle
Squirt gun
Sri lanka
Sri lankan
Sro
Ssa
Sse
Sss
Sst
Ssw
Sta
Staff sergeant
Stage direction
Stage door
Stage fright
Stage manager
Stage-struck
Stage whisper
Stag night
Stag party
Stained glass
Stainless steel
Staked plain
Stalin
Stalingrad
Stamford
Stamping ground
Stand-alone
Standard-bearer
Standard deviation
Standard of living
Standard time
Stand-in
Standish
Stand-offish
Stand up
Stand-up
Stanislavsky
Stanley
Stanton
Star of david
Starry-eyed
Stars and stripes
Star-spangled banner
Star-studded
Starting block
Starting gate
Starting point
Start-up
Star wars
Staten island
State of the art
State-of-the-art
State's evidence
Static electricity
Stationary bicycle
Station break
Station master
Station wagon
Statue of liberty
Status quo
Status symbol
Statute book
Statute of limitations
Statutory rape
Stave off
Staying power
St bernard
Std
Ste
Steady state theory
Steam engine
Steam heat
Steam iron
Steam shovel
Steel band
Steel gray
Steel guitar
Steel wool
Steering wheel
Steinbeck
Stendhal
Step aerobics
Step-by-step
Step-down
Stepped-up
Stepping stone
Stepping-stone
Step up
Step-up
Sterling heights
Sterling silver
Stevens
Stevenson
Sticker price
Sticker shock
Stick insect
Stick-in-the-mud
Stick shift
Stiff-arm
Stiffen up
Stiff-necked
Still life
Stilton
Stir-crazy
Stir-fry
St john's
St kitts and nevis
St lawrence
St lawrence river
St lawrence seaway
St louis
St lucia
Stock car
Stock certificate
Stock company
Stock exchange
Stockholm
Stocking cap
Stock-in-trade
Stock market
Stock option
Stock-still
Stockton
Stol
Stone age
Stone-blind
Stone-cold
Stone-deaf
Stonehenge
Stone's throw
Stony-faced
Stool pigeon
Stop order
Storage battery
Storm door
Storm troops
Storm window
Stout-hearted
Stowe
St patrick's day
St paul
St petersburg
Stradivari
Straight-arm
Straight arrow
Straight face
Straight-faced
Straight flush
Straight-laced
Straight man
Strait-laced
Stranger rape
Strasbourg
Strauss
Stravinsky
Strawberry blonde
Straw boss
Straw-colored
Straw man
Straw poll
Straw vote
Street-smart
Street smarts
Strep throat
Stressed out
Stressed-out
Stress fracture
Stress mark
Strike out
Strike pay
Strike zone
Strindberg
String bean
Stringed instrument
Strip cropping
Strip mall
Strip mine
Strip-mine
Strip mining
Strip-mining
Strip search
Strip-search
Strobe light
Strong-arm
Strong-minded
Strong room
Strong-willed
Strung out
Strung-out
Stuart
Stuck-up
Student body
Studio apartment
Studio couch
Study hall
Stuffed shirt
Stuffed-up
Stumbling block
Stunt man
Stunt woman
Stuttgart
Stuyvesant
St vincent and the grenadines
Stygian
Styptic pencil
Styrofoam
Styx
Subj
Subject matter
Submachine gun
Submarine sandwich
Subordinate clause
Sub rosa
Substance abuse
Sub-zero
Such and such
Such-and-such
Sucre
Suction cup
Sudan
Sudanese
Sudden death
Sudden infant death syndrome
Suez
Suez canal
Sufi
Sufism
Sugar beet
Sugar cane
Sugar-coat
Sugar daddy
Sugar diabetes
Sugar maple
Sui generis
Sukkot
Sukkoth
Sulawesi
Sulfa drug
Sulfur dioxide
Sulfuric acid
Sullivan
Sulphuric acid
Sumatra
Sumatran
Sumerian
Summa cum laude
Summer sausage
Summer school
Summer solstice
Summer squash
Summer vacation
Summit conference
Summit meeting
Sumo wrestling
Sum total
Sum up
Sunbelt
Sun belt
Sunday
Sunday school
Sun-drenched
Sun-dried
Sunni
Sunnite
Sunnyvale
Sun yat-sen
Super bowl
Superior court
Supp
Supper club
Suppl
Supply and demand
Supply-side
Support group
Supreme being
Supreme court
Supt
Surabaja
Surabaya
Sure-fire
Sure-footed
Surface mail
Surgeon general
Surge protector
Surinam
Suriname
Surinamese
Surrogate mother
Surrogate motherhood
Suspended animation
Suspension bridge
Suv
Suva
Sverdlovsk
Swaddling clothes
Swahili
Swak
Swallow-tailed
Swallow-tailed coat
Swan dive
Swan's-down
Swansea
Swan song
Swazi
Swaziland
Sweat gland
Sweat pants
Sweat shirt
Sweat shop
Sweat sock
Sweat suit
Swed
Sweden
Swedish
Sweet corn
Sweetheart contract
Sweet pea
Sweet pepper
Sweet potato
Sweet talk
Sweet-talk
Sweet tooth
Sweet william
Swimming hole
Swimming pool
Swimming suit
Swimming trunks
Swing shift
Swiss
Swiss chard
Swiss cheese
Swiss steak
Switchblade knife
Switch-hit
Switch-hitter
Switz
Switzerland
Swivel around
Swivel chair
Swizzle stick
Sword dance
Sydney
Symphony orchestra
Syn
Synthetic fuel
Syracuse
Syria
Syrian
Systems analysis
Systems analyst
Tabasco
Tab key
Table d'hote
Table-hop
Table-hopper
Table tennis
Table wine
Tabriz
Tacoma
Tadzhikistan
Taegu
Taejon
Taft
Tagalog
Tag sale
Tahiti
Tahitian
Tahoe
Tai chi
Taichung
Tail end
Tailor-made
Tail pipe
Tail wind
Tainan
Taipei
Taiwan
Taiwanese
Taiyuan
Tajikistan
Take-home pay
Take-no-prisoners
Take off
Take on
Take over
Take up
Talcum powder
Talent scout
Talking book
Talking-to
Talk show
Tallahassee
Tallinn
Talmud
Talmudic
Talmudist
Tamil
Tam-o'-shanter
Tampa
Taney
Tanganyika
Tangiers
Tangshan
Tank top
Tannic acid
Tanzania
Tanzanian
Taoism
Taoist
Tap dance
Tap-dance
Tap dancer
Tap-dancer
Tap dancing
Tape deck
Tape drive
Tape measure
Tape player
Tape record
Tape-record
Tape recorder
Tape recording
Tap water
Tarawa
Tarkington
Tartare sauce
Tartar sauce
Tashkent
Task force
Tasmania
Tasmanian
Taste bud
Tatar
Taurus
Tax cut
Tax-deductible
Tax-deferred
Tax evasion
Tax exempt
Tax-exempt
Tax-free
Taxi stand
Tax return
Tax shelter
Tax-sheltered
Taylor
Tba
T-ball
T-bar
Tbilisi
T-bill
T-bone
T-bone steak
Tbs
Tbsp
T cell
Tchaikovsky
Tdd
Tea bag
Tea caddy
Teacher's pet
Tea chest
Teach-in
Tea cosy
Tea cozy
Teal blue
Team player
Team spirit
Tear gas
Tear-gas
Tea service
Technical knockout
Technical sergeant
Technicolor
Tecumseh
Teddy bear
Teen-age
Teensy-weensy
Teeny-weeny
Tee shirt
Teeter-totter
Tefl
Teflon
Tegucigalpa
Teheran
Tehran
Tel
Tel aviv
Tel aviv-jaffa
Telephone booth
Telephone directory
Telephone tag
Telephoto lens
Teletype
Television set
Telling-off
Tempe
Temperate zone
Tenant farmer
Ten commandments
Tender-hearted
Tender-heartedness
Tender offer
Tenement house
Ten-gallon hat
Tenn
Tennessean
Tennessee
Tennis court
Tennis elbow
Tennis shoe
Tennyson
Ten-speed
Term insurance
Term paper
Terr
Terra cotta
Terra firma
Territorial waters
Terry cloth
Tesl
Tesla
Tesol
Test ban
Test case
Test drive
Test-drive
Test-fly
Test market
Test pilot
Test tube
Test-tube baby
Tete-a-tete
Teuton
Teutonic
Tex
Texan
Texas
Tex-mex
Tgif
Thackeray
Thai
Thailand
Thames
Thanksgiving day
Thank you
Thank-you
Thc
Theater-in-the-round
Thebes
Theme park
Theme song
There's
Thermal pollution
Thermos bottle
Theseus
Thessalonians
They'd
They'll
They're
They've
Thick-skinned
Thimphu
Think factory
Think tank
Thin-skinned
Third base
Third class
Third-class
Third degree
Third-degree burn
Third dimension
Third party
Third person
Third-rate
Third world
Tho'
Thomas
Thor
Thoreau
Thorpe
Thought-out
Thousand oaks
Thrace
Three-cornered
Three-d
Three-decker
Three-dimensional
Three-peat
Three-ply
Three-quarter
Three-quarters
Three r's
Threshing machine
Thrift institution
Thrift shop
Throw-away
Throw rug
Throw up
Thu
Thucydides
Thunder bay
Thur
Thurber
Thurs
Thursday
Thymus gland
Thyroid gland
Tianjin
Tiber
Tiberius
Tibet
Tibetan
Ticker tape
Ticker-tape parade
Ticket agency
Ticket agent
Ticket office
Tick-tack-toe
Tic-tac-toe
Tidal wave
Tide pool
Tie clasp
Tie clip
Tie-dye
Tie-dyed
Tie-dyeing
Tie-in
Tientsin
Tierra del fuego
Tie tack
Tie-up
Tiffany
Tiger lily
Tight-fisted
Tight-lipped
Tigris
Tijuana
'til
Time and a half
Time bomb
Time card
Time clock
Time-consuming
Time exposure
Time frame
Time-honored
Time-honoured
Time lag
Time-lapse
Time limit
Time off
Time out
Time-out
Time-saving
Time-share
Time-sharing
Time sheet
Time signal
Time signature
Times sign
Time switch
Time warp
Time zone
Tin can
Tin foil
Tin pan alley
Tin plate
Tintoretto
Tip-off
Tip-top
Tirana
Tirane
Tirol
Tirolean
'tis
Tissue paper
Tit for tat
Tit-for-tat
Titicaca
Title deed
Title page
Title role
Tittle-tattle
Titus
T-junction
Tko
Tlc
T lymphocyte
Tnpk
Tnt
To and fro
To-and-fro
Tobago
Tobit
Tocqueville
To-do
Toefl
Toe-to-toe
Toggle switch
Togo
Togolese
Toilet paper
Toilet tissue
Toilet training
Toilet water
Tokyo
Tokyoite
Toledo
Tolkien
Toll booth
Toll call
Toll-free
Toll road
Tolstoy
Tom, dick and harry
Tommy gun
Tom-tom
Tone-deaf
Tonga
Tongan
Tongue-in-cheek
Tongue-lash
Tongue-lashing
Tongue-tied
Tongue twister
Tonic water
Tooth and nail
Tooth powder
Top 40
Top brass
Top-down
Top drawer
Top-drawer
Top-dress
Topeka
Top-flight
Top hat
Top-heavy
Topic sentence
Top-level
Top-notch
Top-ranking
Top secret
Top-secret
Topsy-turvy
Torch song
Toronto
Torpedo boat
Torquemada
Torrance
Torrid zone
Tortoise shell
Tortoise-shell
Tory
Toss-up
Tote bag
Totem pole
Touch and go
Touch-and-go
Touch football
Touch screen
Touch-type
Touch up
Touch-up
Touchy-feely
Toulouse-lautrec
Tour de force
Tourist class
Towel off
Town clerk
Town crier
Town hall
Town house
Town meeting
Tow truck
Toxic shock syndrome
Toxic waste
Tqm
Trace element
Tracing paper
Track and field
Track-and-field
Track event
Tracking station
Track lighting
Track meet
Track record
Tract house
Tractor-trailer
Trade deficit
Trade discount
Trade-in
Trade journal
Trade name
Trade-off
Trade route
Trade school
Trade secret
Trade union
Trade wind
Trading post
Trading stamp
Traffic circle
Traffic island
Traffic jam
Traffic light
Traffic lights
Traffic signal
Trailer park
Tramp steamer
Trans
Transcendental meditation
Transistor radio
Transit visa
Transl
Transvaal
Transylvania
Trap door
Trappist
Trash can
Trash compactor
Travel agency
Travel agent
Traveler's check
Traveling bag
Traveling salesman
Trawl line
Treas
Treasure hunt
Treasure trove
Treasure-trove
Treasury bill
Treasury bond
Treasury note
Treble clef
Tree farm
Tree fern
Tree line
Tree surgeon
Tree surgery
Trench coat
Trench foot
Trench mouth
Trenton
Trestle table
Trial and error
Trial balloon
Trial run
Triassic
Trickle-down
Trick or treat
Trieste
Trigger-happy
Trigger off
Trinidad
Trinidad and tobago
Trinidadian
Triple jump
Tripoli
Trojan
Trojan horse
Trojan war
Trolley bus
Trolley car
Trollope
Troop carrier
Trophy wife
Trotsky
Trouble-shooter
Troy weight
Truck farm
Truck farmer
Truckle bed
Truck stop
True-blue
True bug
True-false test
True-life
Truman
Trump card
Trumped-up
Trundle bed
Trunk line
Trust company
Trust fund
Trust territory
Truth serum
Try on
Tsetse fly
T-shirt
Tsingtao
Tsp
T square
T-square
Tube sock
Tube top
Tubman
Tucker out
Tucson
Tudor
Tue
Tues
Tuesday
Tug of war
Tug-of-war
Tugs-of-war
Tulsa
Tumble-down
Tuna fish
Tune-up
Tuning fork
Tunis
Tunisia
Tunisian
Tunnel vision
Tupperware
Turbojet engine
Turgenev
Turin
Turk
Turkey buzzard
Turkey vulture
Turkic
Turkish
Turkish bath
Turkish towel
Turkmenistan
Turn down
Turning point
Turn off
Turn-off
Turn on
Turn-on
Turn out
Turn signal
Tuscarora
Tutankhamen
Tutti-frutti
Tut-tut
Tuvalu
Tuvaluan
Tva
Tv dinner
'twas
'tween
Twelfth day
Twelfth night
Twelve step
Twenty-first
Twenty-one
Twenty-twenty
Twenty-twenty vision
'twill
Twin bed
Twin-size
'twixt
Two-bit
Two bits
Two-by-four
Two-dimensional
Two-edged
Two-faced
Two-facedly
Two-fisted
Two-handed
Two-piece
Two-ply
Two-seater
Two-sided
Two-step
Two-time
Two-timer
Two-tone
Two-way
Two-way street
Twp
Twx
Tyler
Tympanic membrane
Typhoid fever
Typhus fever
Tyrol
Tyrolean
Tzetze fly
Uar
Uaw
U-boat
Ufa
Ufo
Uganda
Ugandan
Uhf
Uh huh
Uh-huh
Uh oh
Uh-uh
Ukraine
Ukrainian
Ulaanbaatar
Ulan bator
Ult
Ultrahigh frequency
Ulysses
Umbilical cord
Unaccounted-for
Un-american
Uncalled-for
Uncared-for
Uncle sam
Uncle tom
Underground railroad
Under-the-counter
Under-the-table
Under way
Undreamed-of
Undreamt-of
Unearned income
Unemployment compensation
Unesco
Unheard-of
Unhoped-for
Unicef
Union jack
Union of soviet socialist republics
Unitarian
Unitarianism
Unit cost
United arab emirates
United kingdom
United nations
United states
United states of america
Unit price
Unit pricing
Unit trust
Univ
Universal joint
Universal product code
Unix
Unlooked-for
Unthought-of
Up-and-coming
Upc
Updike
Up-front
Upi
Upper case
Upper class
Upper-class
Upper crust
Upper hand
Upper house
Upper volta
Upright piano
Ups and downs
Upside down
Upside-down
Up-to-date
Up-to-the-minute
Upwardly mobile
Upward mobility
Ural
Ural mountains
Urals
Uranus
Urban renewal
Urban sprawl
Urdu
Urinary bladder
Ursa major
Ursa minor
Uruguay
Uruguayan
Urumqi
Usa
Usaf
Uscg
Usda
Used to
User-friendly
Usia
Usmc
Usn
Uso
Usp
Usps
Uss
Ussr
Ustinov
Usu
Utah
Utahan
Utahn
Ute
Utility room
U-turn
Uzbekistan
Uzi
Vacuum bottle
Vacuum cleaner
Vacuum-packed
Vacuum tube
Vaduz
Val
Valencia
Valentine's day
Valery
Valhalla
Valium
Valkyrie
Vallejo
Valletta
Valley forge
Valparaiso
Value-added tax
Value judgment
Vampire bat
Van allen belt
Van buren
Vancouver
Vanderbilt
Van dyck
Vandyke
Vandyke beard
Van gogh
Vanilla bean
Vanity case
Vanity plate
Vantage point
Vanuatu
Vapor trail
Var
Varanasi
Varicose veins
Variety show
Variety store
Vaseline
Vatican
Vatican city
Vaughan
Vaulting horse
Vault over
V-chip
Vcr
Vdt
Vdu
Veda
Vega
Veg out
Velazquez
Velcro
Vending machine
Venereal disease
Venetian
Venetian blind
Venezuela
Venezuelan
Venice
Venn diagram
Venture capital
Venus
Venus flytrap
Venusian
Veracruz
Verbal noun
Verdi
Vergil
Vermeer
Vermiform appendix
Vermont
Vermonter
Verne
Verona
Versailles
Very high frequency
Very low frequency
Vespucci
Vestal virgin
Vested interest
Vested interests
Vest-pocket
Vesuvius
Veterans day
Vfw
Vga
Vhf
Vhs
Vice admiral
Vice-admiral
Vice presidency
Vice-presidency
Vice president
Vice-president
Vice squad
Vice versa
Vicious circle
Vicious cycle
Vicksburg
Victoria
Victoria falls
Victorian
Victorianism
Video camera
Videocassette recorder
Video display terminal
Video game
Video jockey
Video recorder
Videotape recorder
Vienna
Viennese
Vientiane
Vietcong
Vietnam
Vietnamese
Vigilance committee
Vila
Vilnius
Vip
Virgil
Virginia
Virginia beach
Virginia creeper
Virginian
Virginia reel
Virgin islands
Virgin mary
Virgo
Virtual reality
Visakhapatnam
Vis-a-vis
Vishnu
Visigoth
Visiting hours
Visiting nurse
Vistula
Visual aid
Visual aids
Visual arts
Vital signs
Vital statistics
Vitamin a
Vitamin b
Vitamin b1
Vitamin b12
Vitamin b complex
Vitamin c
Vitamin d
Vitamin e
Vitamin k
Vitreous body
Vitreous humor
Vivaldi
Viva voce
Viz
Vladivostok
Vlf
Vmd
V-neck
V-necked
Voa
Vocab
Vocal cords
Vocational school
Voice box
Voice mail
Voice-over
Vol
Volga
Volgograd
Volta
Voltaire
Volte-face
Voronezh
Voting booth
Voting machine
Vox populi
V-shaped
V sign
V/stol
Vtol
Vulcan
Vulg
Vulgar fraction
Vulgar latin
Vulgate
Wac
Waco
Wading bird
Wafer-thin
Waffle iron
Wage earner
Wagner
Wagnerian
Wagon train
Waist-deep
Waist-high
Waiting game
Waiting list
Waiting room
Waldorf salad
Walesa
Walkie-talkie
Walk-in
Walking papers
Walking stick
Walkman
Walk of life
Walk-on
Walk-up
Walleyed pike
Walloon
Wall street
Wall-to-wall
Wanna-be
Want ad
War between the states
War bonnet
War bride
War crime
War criminal
War cry
War dance
Ward heeler
War game
Warhol
War-horse
Warm-blooded
Warm-bloodedness
Warmed over
Warmed-over
Warm front
Warm-hearted
Warm-heartedly
Warm-heartedness
Warming pan
Warm up
Warm-up
War paint
Warp speed
Warrant officer
Warsaw
Wart hog
War-torn
War zone
Wash-and-wear
Washed-out
Washed-up
Washing machine
Washing soda
Washington
Washingtonian
Washington's birthday
Wasn't
Wassermann test
Wast
Waste paper
Wastepaper basket
Water bed
Water biscuit
Water boy
Water buffalo
Waterbury
Water chestnut
Water closet
Water cooler
Watered-down
Water fountain
Water gap
Water glass
Water heater
Water hole
Water hyacinth
Watering can
Watering hole
Watering place
Water level
Water lily
Water line
Waterloo
Water main
Water meter
Water moccasin
Water pipe
Water pistol
Water polo
Water power
Water rat
Water-repellent
Water resistant
Water-resistant
Water ski
Water-ski
Water skier
Water-skier
Water skiing
Water-skiing
Water strider
Water supply
Water table
Water tower
Water vapor
Water vole
Water wheel
Water wings
Wats
Watson
Wax bean
Waxed paper
Wax museum
Wax myrtle
Wax paper
Wayne
Way of life
Way-out
Ways and means
Way station
4wd
Weak-kneed
Weak-minded
Wear and tear
Wear out
Weasel word
Weather-beaten
Weather-bound
Weather bureau
Weather forecast
Weather forecaster
Weather map
Weather ship
Weather station
Weather strip
Weather stripping
Weather vane
Weber
Web-footed
Webster
Web-toed
We'd
Wedding ring
Wednesday
Week-end
Weeping willow
Weight down
Weight lifter
Weight-lifter
Weight lifting
Welfare state
We'll
Well-adjusted
Well-advised
Well-appointed
Well-balanced
Well-behaved
Well-being
Well-born
Well-bred
Well-connected
Well-defined
Well-disposed
Well-done
Well-earned
Well-fed
Well-fixed
Well-founded
Well-groomed
Well-grounded
Well-heeled
Well-informed
Well-intentioned
Well-knit
Well-known
Well-made
Well-mannered
Well-meaning
Well-meant
Well-nigh
Well-off
Well-ordered
Well-preserved
Well-read
Well-rounded
Well-spoken
Well-thought-of
Well-timed
Well-to-do
Well-tried
Well-turned
Well-wisher
Well-worn
Welsh corgi
Welshman
Welsh rabbit
Welsh rarebit
Welshwoman
We're
Weren't
Wesley
West bank
Western europe
Western hemisphere
Western samoa
West germany
West indian
West indies
Westinghouse
West point
West virginia
West virginian
Wet blanket
Wet nurse
Wet-nurse
Wet suit
We've
Whacked out
Wharton
What-if
What's
Wheat germ
Wheeler-dealer
Wheeling and dealing
Where's
Whig
Whip hand
Whipping boy
Whipping cream
Whip up
Whirlpool bath
Whisk broom
Whistle-blower
Whistle-blowing
Whistle stop
Whistle-stop
White ant
White blood cell
White-bread
White-collar
White corpuscle
White dwarf
White elephant
White feather
White flag
White gold
White goods
Whitehall
White heat
Whitehorse
White-hot
White house
White knight
White-knuckle
White lead
White lie
White magic
White matter
White meat
White noise
White paper
White sale
White slave
White slavery
White-tailed deer
White trash
White water
Whitman
Whitney
Whitsunday
Whit sunday
Whittier
Whiz kid
Who'd
Whole-hearted
Whole-heartedly
Whole milk
Whole note
Whole number
Whole wheat
Whole-wheat
Who'll
Whooping cough
Whooping crane
Who're
Who's
Who've
Why'd
Wichita
Wide-awake
Wide-eyed
Wide-open
Wild boar
Wild card
Wilde
Wild-eyed
Wild flower
Wild goose chase
Wild-goose chase
Wild oat
Wild oats
Wild rice
Wild west
Willard
William
William i
Williams
William the conqueror
Will-o'-the-wisp
Will power
Willy-nilly
Wilmington
Wilson
Winchester
Windchill factor
Wind-chill factor
Windhoek
Winding sheet
Wind instrument
Window box
Window-dress
Window dresser
Window dressing
Window-shop
Window shopper
Window-shopper
Window shopping
Window-shopping
Window sill
Wind shear
Windshield wiper
Windsor
Wind-swept
Wind tunnel
Wind up
Wind-up
Windward islands
Wine cellar
Wine-colored
Wing chair
Wing collar
Wing nut
Wing tip
Winnipeg
Winston-salem
Winter solstice
Win-win
Win-win situation
Wipe out
Wire cutters
Wire-haired
Wire service
Wis
Wisc
Wisconsin
Wisconsinite
Wisdom tooth
Wise guy
Wishful thinking
Wishy-washy
Witch doctor
Witch hazel
Witch hunt
Witch-hunt
Withholding tax
With-it
Witness stand
Wittgenstein
Wkly
Wnw
W/o
Wolf down
Wolfe
Wolf whistle
Wolf-whistle
Wolverhampton
Woman suffrage
Women's lib
Women's liberation
Women's rights
Women's room
Wonder drug
Won't
Won ton
Wood alcohol
Wood louse
Wood pulp
Wood thrush
Woolf
Woolly bear
Worcester
Word of honor
Word of mouth
Word processing
Word processor
Wordsworth
Worked up
Workers' compensation
Work ethic
Work farm
Work force
Working capital
Working class
Working-class
Working papers
Workmen's compensation
Work of art
Work out
Work permit
Work release
Work-shy
Work station
Work-up
World beat
World-beater
World-class
World-famous
Worldly-wise
World power
World series
World-shaking
World war i
World war ii
World-weariness
World-weary
World wide web
Worm-eaten
Worm gear
Worn out
Worn-out
Worse off
Would-be
Wouldn't
Wouldst
Would've
Wound up
Wpm
Wrapping paper
Wrap up
Wrap-up
Write-in
Write-off
Writer's cramp
Write-up
Writing paper
Wroclaw
Wrong-headed
Wrought iron
Wrought-iron
Wrought-up
Wsw
Wuhan
W va
Wva
Wwi
Wwii
Www
Wyeth
Wyo
Wyoming
Wyomingite
Wysiwyg
Xavier
X-axes
X-axis
X chromosome
Xerxes
Xian
Xmas
X-rated
X ray
X-ray
Xxl
Yahveh
Yahweh
Y'all
Yamoussoukro
Yangon
Yangtze
Yankee
Yaounde
Yard goods
Yard sale
Yaren
Yaroslavl
Y-axes
Y-axis
Y chromosome
Year-round
Yeats
Yekaterinburg
Yellow fever
Yellow jacket
Yellowknife
Yellow pages
Yellow river
Yellow sea
Yeltsin
Yemen
Yemeni
Yemenite
Yerevan
Yes man
Yes-man
Yiddish
Yin and yang
Ymca
Ymha
Yokohama
Yom kippur
Yonkers
Yoo-hoo
York
Yorkshire
Yorkshire pudding
Yorkshire terrier
Yorktown
Yosemite national park
You all
You'd
You'll
Young blood
Youngstown
You're
Yours truly
Youth hostel
You've
Yo-yo
Yrs
Yucatan
Yugoslav
Yugoslavia
Yugoslavian
Yukon
Yukon territory
Yule log
Yuma
Ywca
Ywha
Zagreb
Zaire
Zairian
Zambezi
Zambia
Zambian
Zanzibar
Zapata
Zarathustra
Zechariah
Zen
Zephaniah
Zero hour
Zero population growth
Zero-sum
Zeus
Zhdanov
Zhengzhou
Zhou enlai
Zimbabwe
Zimbabwean
Zinc oxide
Zion
Zionism
Zionist
Zip code
Zola
Zoological garden
Zoom lens
Zoot suit
Zoroaster
Zoroastrian
Zoroastrianism
Z's
Zuider zee
Zulu
Zululand
Zuni
Zurich
Zzz
