tA67gDGqv5Q=
azYQmCrNUMntwYG76YRNRQ==
fv7d6B+YG7U=
mpg0tBgj2HQ=
O5ZGValAzNc=
To/jBgm6Oh4=
cf56rlzDhrE=
XSTsH7akwXk=
KlmU8bT343c=
cmwyaO7BsoE=
z9ygVkA6uF4=
/5F7eJZYVEI=
5CVaW2LK+0Ya+1R2Ez4chA==
oFW9EXD2qltgTR9JtrfzsQ==
t0LZbqD9W2M=
PhpLmuoN1ms=
SiicWK6zT+M=
iZBuq07BRJ6j97KrIoatjw==
gslrMqrynIwOlqhHhgwUvQ==
1smki0fZZw1GnNmfVIh/Gw==
9hP2A/KrCvE=
LSbTRSfdUBM=
Gm9Pud3A0AUj7iRGZREkQA==
2Hu2J6rX4f9ezUMQTiSrcg==
5xh49Y1hO18=
muyRKEo2E5U=
KqPNFoijgs4=
rWfrbn4PIK4=
gXmV6GFPXw0=
yQ35mDJXLZA=
mFOHMzIAZkY=
QPEydZQh/klNfnKU2/eUtA==
DvK8TZhbaX4aGNboOpce1w==
reSJoO+pGuI=
XUA7hTTBKcU=
Ux6KrXeSVCc=
E8DRP+X+BrACGgSZxZ6JDA==
PGCC7R0sC6g=
8YAKUuNgdpM0GviH3Ec1hw==
DBrgLRbkYZw=
2R566TGVqPs=
AnR8OkdtsNUx7l5qCO69yg==
nDHeOWJJtuyCVZOuAXrZhQ==
MjMo1s7I5uk=
CmGpp4lrggw=
HbFFqtNQeFD25rEXAF8img==
74UUKThY/Ls=
KQdrf4srf9o=
r81y83Y7XFI=
7jisxpg1sOQ=
A6Itsn7uC4s=
gUvgaaEL/nw=
o/Dc3m7XO70=
/+cGXqiRW1E=
oU5Ee3tOiao=
MKQVAz1Kkkg=
+C9LzVncdDw=
1HsYbrDySOIZuIjBF+ZnLg==
u2V6en/zwXRfX3+jUTdTzA==
u2V6en/zwXRpel25t0WIxA==
9dVZDlkdWSc=
zJaxlVGhHfw=
tVQs3A296cjQPu0N+Kz1ig==
gGQnlJ/Cc8Y=
zQbL+4uEMZxZ0buzg9zSMA==
awydPc7Fk690VVrY8j6BCw==
OJmYZMg/BrI=
WO8kVgwdHoI=
GmllEyTFbA4=
uIthlyqwLps=
eXKv8U41QvA=
9btxqnqbupE=
EBT3kGAXtvI=
xbLqW3jx8Zk=
/L/HgIx4L1o=
EjaMyVcb0g4=
4WoWY47ly08=
5dGhgL2+8pI=
4obK9FToH78=
/93dAj3ILOc=
u0YIagxKxqE=
nxye5pE+eCI=
6L4yR3fYNkg=
1DhGUxgqPBgfB1id5ApGAA==
6i/Yp44j2Zw=
zlUywR5CH0qSQ1xBE02dWQ==
+abpwwAWIBA=
yJhqfJ2Qs2E=
lsNhYOq8LiE=
BLEOd2k8il4=
D4itJgerZBA=
Ej3YnHdHcqT7B3zLNB7C9g==
stjyRCg69sY=
z1x5VF7Emd2tlLmA9NwCHw==
ZrZ9lMroSp8=
YZ7u13mv+1Q=
toUmA73xFBw=
D9NEL9aGYYgvMWVePdTApA==
KPRwFBUWfHE=
QCs1fgRJVCg=
iLqw/sEhAQM=
KcGmjBrqrg0=
bogwgI147DQ=
f5+0grOc+3c=
wSMG9KqeH9A=
AS9laDXrCdA=
VN6whwvfkSA=
2mLJepTws9s=
AcR+EKMny879jrEk8jp/hg==
AcR+EKMny869l9bhJMbP2g==
kGv1i1R9oQ0=
VItK1qGZf68=
LtcQiHMMz8M=
9xfGn6dNp8s=
nGnhh+PfLwxSGU0W42CWMg==
G55as8+466E=
BMDp71/IVR1I+H4h2C22Rw==
pTP83oyc0OU=
B1hmdTp7D6I=
EZv9v2gWlFc=
Fp3pN16fDto=
pKYInVjUkb8=
B8qrDMXsvmk=
OaTZjC9stNs=
rBIFrwCGHs0=
45ZOmZhcQ5Y=
4rFurtkpdFA=
bHBzyN/u8ySHIQ3qNXIiRw==
zN3C5vwaqoY=
LlB5MEAo6Fk=
DDp00sQIiLY=
fJEQnRIUOoRXEvbqNNGPsQ==
861pjyfUO10=
xUyojVjF7so=
qiHlk0uEd5U1K8o293AZWA==
GSxjnkERxsiqwRaL4Rsuaw==
ZShQp7g1jgQ=
dt0T6kYrhDyvQAJ0Eh33sg==
ywhxL1CpRnTQbpt66jWhSw==
4w7YrRsY/PaFzMcpGUtUHA==
mXxr7Pro70xheBzHgvVxXA==
s3C0OOqBuX7FepDg+sd8rQ==
dfSrgej+okPEYSUIOWIdyA==
dfSrgej+okOtjImcxWPjRg==
dfSrgej+okPVeXVsYj/wLg==
dfSrgej+okNepSbWO6wkBA==
6rhS6tqVhy/RG+p5T/Pvdw==
jhTpgJD4GuhDIZuWLT+B8A==
jhTpgJD4Gui8csLNo/VuYA==
jhTpgJD4GuhI1o/wOC1BPQ==
jhTpgJD4GujdWhfHV2AS9g==
V7SlYuiSgc+VgFQASw2W9w==
V7SlYuiSgc/84cy2oFUq3A==
V7SlYuiSgc80RWpSrVCb5A==
V7SlYuiSgc8CGOombxEf4Q==
V7SlYuiSgc+TV/Ik7y7fgw==
V7SlYuiSgc9MpmqiwLA7NA==
V7SlYuiSgc91KOEsv08y8A==
V7SlYuiSgc9QLWPVDz96DQ==
V7SlYuiSgc/lV497LgRnXw==
V7SlYuiSgc8VrOC7CsBWEA==
H/HXUYr/40/s6k35NIFpKQ==
H/HXUYr/408zCKpuYBl6+Q==
H/HXUYr/408zIcI+11sgiw==
H/HXUYr/40/eCYXvIb9DmQ==
RODvIfyeDnH+tdjwUQ4huA==
RODvIfyeDnFJ8KXRX6nplA==
RODvIfyeDnFDqlvLpcpORA==
RODvIfyeDnEjkS8sLNnTvA==
RODvIfyeDnFqRzygb9qItg==
WLqE5uDVKNri3q4hOBHjvA==
WLqE5uDVKNpjTrpUAnqWzA==
WLqE5uDVKNo1/S16rU1uTg==
WLqE5uDVKNrkKkCjnYaI8g==
WLqE5uDVKNpT87G2upzcCw==
WLqE5uDVKNoYzkcCfAIctQ==
WLqE5uDVKNpdFemMz87g2Q==
WLqE5uDVKNoOvbxkYlY1Yg==
WLqE5uDVKNqaQ4QfDdJIZg==
WLqE5uDVKNpPaIpS65hRsA==
WLqE5uDVKNqTWYuLeCeglw==
WLqE5uDVKNoiA9V7hL8JZw==
WLqE5uDVKNrVB64l1ogWSA==
WLqE5uDVKNoXJrdf2I+iYA==
WLqE5uDVKNqyloMkXCF/qg==
WLqE5uDVKNoAUASbV6pKhA==
WLqE5uDVKNqNWhe3Ul6bpA==
WLqE5uDVKNpUIqh7aPdwRg==
WLqE5uDVKNpSSP6r+fmsaQ==
WLqE5uDVKNrK3uYkXtz1BQ==
KXNJxi8INpWq3bV3XdVeLg==
KXNJxi8INpVC652f9EGj/Q==
KXNJxi8INpWFTIbfXPqV4w==
KXNJxi8INpUL30o6c6jVMA==
KXNJxi8INpXvMryeed+vFQ==
KXNJxi8INpX1r5h7AmSDvQ==
KXNJxi8INpUlHcQ8Usyk3g==
KXNJxi8INpWJHBICgEQnWw==
g6rFPao6rHkjey6l8Bm0RA==
g6rFPao6rHlqbyxgE/YxHw==
g6rFPao6rHl6lgBGlOr5xQ==
DDV7z6jPQtEwaRypKaLl0w==
DDV7z6jPQtHq/AfRv9I4Ng==
DDV7z6jPQtHEEDkdHLxfvA==
DDV7z6jPQtFYOSSmYvujEw==
DDV7z6jPQtEhHUGqyOZLHg==
DDV7z6jPQtFioVNdoTrISQ==
SSTNrOukkUDeN7CICv9Xcg==
SSTNrOukkUAH3FIWuKZsxA==
SSTNrOukkUBkgQDDpqacHg==
tOXj/nqXuORsDh3zNl5DQw==
tOXj/nqXuOROPrtR/Wuk6A==
tOXj/nqXuOSg+3mD97cAWA==
tOXj/nqXuORJR0tkTEzLUg==
tOXj/nqXuORmbKLP93RLKg==
tOXj/nqXuOT8c3kjT8FTvg==
tOXj/nqXuOSvCwX9y982+g==
tOXj/nqXuORjLarAv/Q5xw==
u7R64r/4kg4hg03Flt+jmw==
PSn/mYNR32LYAdfWylCLVw==
PSn/mYNR32IfH5zVPAz+wQ==
PSn/mYNR32Lf0UI0wOOlJw==
PSn/mYNR32LCJqIWMfOZKg==
PSn/mYNR32IEWi7S7so2hw==
PSn/mYNR32LD2yvkAVCh5g==
PSn/mYNR32LtYmFXc5fNWA==
PSn/mYNR32JjQtWHCTRcfA==
PSn/mYNR32Klm/M4xaqTew==
PSn/mYNR32IQx1IayXwIjQ==
PSn/mYNR32Lb2O0SZOl++A==
PSn/mYNR32IWFqK5OJmnww==
PSn/mYNR32IFZp8PySMtDA==
PSn/mYNR32LHW+cUj4mUfg==
PSn/mYNR32InEOkGOqDH8A==
PSn/mYNR32KgJV1EVlGowg==
PSn/mYNR32IXdmuBycLDOg==
PSn/mYNR32LJw42Zpk2JHw==
PSn/mYNR32LSyVDOsHzyiA==
PSn/mYNR32JVEkU+kUx6wQ==
PSn/mYNR32IVGaXXdorDtg==
PSn/mYNR32L6v5Nt4TNQvw==
PSn/mYNR32KxEpDZfRUiKw==
PSn/mYNR32K6DitpY/nvkA==
PSn/mYNR32J/bvNnztkteJgl3NjKxj+7
PSn/mYNR32IiZ6dFMhTYkhaxCHNfR70+
PSn/mYNR32JbiFUCvI1u5w==
PSn/mYNR32Ko+82bHH7xDg==
Z9hCJEfHRrzQRqcpGWrgew==
Z9hCJEfHRrzx/Uox2Px6Sw==
Z9hCJEfHRrx5pd3dD7Z6dQ==
Z9hCJEfHRrzWO3W9bitbzw==
cT0FAbScdYM5CLY91iE6cg==
gwfpiUoLDsS5Wb+4z/oF0w==
anOK4HyWlXR8/KNzg4dL7g==
anOK4HyWlXS6MVTPAZ8/0Q==
anOK4HyWlXTZ1qGxyGmNTA==
anOK4HyWlXSfNor4xauHng==
anOK4HyWlXTofPSyawIahg==
anOK4HyWlXQ+yXfaJj8eMw==
anOK4HyWlXSPvn/k9N5R5Q==
anOK4HyWlXSaUa4G9VE1BQ==
anOK4HyWlXRsNcU0Zp9jpQ==
CBqH1c5s5hfAv6ZL9KRvxw==
CBqH1c5s5hc6pUPwEFx2xQ==
CBqH1c5s5heHbpgJSrBuXA==
BeSwcH0F6fzLjGOPqhL3aw==
BeSwcH0F6fybFv9GiaeCWw==
BeSwcH0F6fyyr1yGsnqTcQ==
BeSwcH0F6fym/K+fDrz7CQ==
BeSwcH0F6fx/94hM9vUlUw==
BeSwcH0F6fzh3wLTbX8f3w==
BeSwcH0F6fwcisLC27hQaw==
BeSwcH0F6fzWSOlK3PByvA==
BeSwcH0F6fwkoGTz/DZfwQ==
BeSwcH0F6fwESfJfORSkdA==
BeSwcH0F6fzGp+QMAC4j0Q==
BeSwcH0F6fzcvVutog/ooQ==
BeSwcH0F6fzdLeyXrIXg9w==
BeSwcH0F6fzyMxXF9MWMRg==
BeSwcH0F6fyiLzKrclU1lg==
RxUpTbfbIYz4zGNj4/8Y9g==
RxUpTbfbIYwXPUCMK6/3tA==
RxUpTbfbIYwR3HqubS2Vqg==
RxUpTbfbIYzh30bOSn7nIQ==
RxUpTbfbIYw6GqTrOGP8eg==
RxUpTbfbIYxat4V/P2GJFA==
RxUpTbfbIYwVYWHafYhseQ==
RxUpTbfbIYz2R3g7mdKCaQ==
UiUPqG9o7ZQMSb075/U3RA==
UiUPqG9o7ZR3Fm2ZUdyFCA==
UiUPqG9o7ZTbxswQkbep8w==
UiUPqG9o7ZQb0OUa3iSUAQ==
JC5aQozI1/dUwdJKnKF7vg==
JC5aQozI1/e93RjqfGGEIQ==
JC5aQozI1/fSJ/wvVRZ3Iw==
PfNOFOUP6BD4Rghsi5RnwA==
PfNOFOUP6BAVRgcj6EBz2g==
PfNOFOUP6BAMzf7kIkQpUA==
PfNOFOUP6BBjjeoMfWc1qw==
PfNOFOUP6BC3NRC0B6VAjg==
PfNOFOUP6BBozK9oc1UtBg==
PfNOFOUP6BBUZwTKCKe06g==
PfNOFOUP6BBFA9t88n484w==
PfNOFOUP6BCfhyDjH1LI8Q==
PfNOFOUP6BCwYiST5tbWow==
PfNOFOUP6BAT4AppTgfvQQ==
PfNOFOUP6BDdV02N+bJePw==
PfNOFOUP6BAWW+V4elH+xA==
PfNOFOUP6BAbmHGZMlZ2Fg==
PfNOFOUP6BBHQEmCjYuvsQ==
VK5+MgBE5idywdfykFpLqw==
Tl7EMXIXg57pFUQHQn9TBA==
VBstptJf64Mnta453QcV+g==
uvm/VQas6w7VM8sF40t1hQ==
kdpD7JBOGAidH5h/yKYU7A==
kdpD7JBOGAiP6J1JYqk3nw==
kdpD7JBOGAhXckVhTU0vBA==
TS1uL3Z1uQHm31zyIktLHQ==
TS1uL3Z1uQEwl5KNflPXiA==
6hjRxn6pq9geWb5FE2omPw==
8RNnVZa95cZbwAI1+17CUw==
nSpbsrvs+yi9/vbwpq8YaQ==
zDq7GSLg72HxAoIBgD2F2A==
ig9ohEWAQLTo8yUy9zJeQw==
9u2XVhijsOOk6CQ5mjfvXg==
9u2XVhijsOPb6B/zaKOXww==
9u2XVhijsOPE/cXK2AboMQ==
9u2XVhijsONZSJJz8vGNFA==
8snr7kGUIPb1pfbsocEngQ==
8snr7kGUIPZi+Y5TcmjcjQ==
8snr7kGUIPZszsOuz8amyQ==
2Ko0hStax+ieZKkeBwyIUw==
2Ko0hStax+g2VZXQGowdAg==
ny8gz76NXY5HMLu+hW/6lA==
raHydUVmuf6sAbksz3D2Uw==
685/43/ok3A=
GVbPIZYwyco=
TEkOopANsmQ=
JhFslH6xJXI=
rQB1gYeSt+w=
V2UJ+RLWODM=
WvbyTQqYlRhPe6DoqFrE2g==
bnQgbFr940Q=
SJDUa5p7RlI=
7iiN8uwZUEY=
piC3ILEv5iY=
u4+eq6C6mfI=
z0yWAaTAkAw=
tSUCMxvtio0=
i7NPceq+LgPfrCbPsdT0Uw==
iVojJFiM1LskLQH5pevYJQ==
cpFy7aVSauw=
BZjjqtpe7D0=
NFOuLgK/YvU=
5YSw8SdImgs=
tdcZ59ZJL94=
2txFitM0pXmTZQVewe0Ojg==
4gX0Owy3eAU=
soUJZW+IM44=
qWOZdWxVp6Y=
9zInWSPzcpM=
H7OmzXBV35c=
5PfZ7OXqi0RKXVQQ+T1urA==
xP51xakEUYVpBa2uBBkfeg==
GL1bF/3okJV8u5vGeSubjw==
o+x9nHgPsBzCDmxKu3NQaA==
IWOrU5q7R1g=
Cadljvq+CFY=
hFDgUOA/hNlOEjSS8wseRA==
NiIK3Ojt0BA=
rmCHJkVL4LE=
hSl89qYQoYn7dVRbvFmQeg==
QuKr6cxmAiCj+cCb84ZkuQ==
l1PDuaeId/Y=
AQ09QJ3x5To=
E0oDAGCzdXWqn7MndPJOcA==
jJwY/YHIAVs=
KTJp4qZLbH5AqDPd0B7xAA==
OqqwJxd58rhFMscaxK3rJw==
B6Mq4X71cuo=
uA9WPMONzyvmOadajRwzmw==
QswtXlEQ9iA=
vTSG817jekqq2c1p+bbj5w==
D6nJ6HXZOpw=
Yx2M6Jd4WD9JP+cYTkraiw==
IJzs1IT/IDfxqP9+z3jFZg==
JsbtCDtVOQZ/smPSh9Ns1g==
c+OT6Hq3gkpIuagDg+GxyA==
WTGzRexPiSj+qwyt91RpVQ==
V9KvNgxtgvPtSd7IDVr1Og==
2SAgyu92XS0=
Z9p70bR+NZ6lC87+HR728g==
kjUwGDNOf9o=
aPfQ+EJTZ/MVyIu88Ti6bg==
dh6Pp77HcmsO926dtsRikg==
/aZmQD6eaAA=
sr45lCyyTOxc7WCwfaYEdQ==
RN6Bxf9m52M=
wG37Ntphd+g=
Q3SdozUPgFRrfuosXfZO3w==
Kv8PY5Klycw=
Ja767bjI+D5nq8ZeXztOHA==
HKzVAHuD8g0=
2IsaMw8D5Oo=
QFGFldsQ299t3h5Z3bp8Ew==
KzuB8SWDudJoyOr/Db1wKw==
KzuB8SWDudL0cNmmhTVQBg==
XSx2mjD4Pi1jM4qweoSuBA==
rLo9rH04/VU=
i3Pt/ozg8r5/iDp6cE/uWw==
xmpiMbJz2nU=
QDTDvvtCnTzfXbOizcm1SA==
v4ziv81SIQHUJQXVtqidrw==
MsCoIz+zaonwl+yDWO2n1g==
EbYSYJYmwLYbQQS5DG6z8A==
EbYSYJYmwLYO7Lp6Wsj7kA==
3V/mWLbgdZhNfF0iJrj0jg==
wTKzT0s8K84=
cy4FBG0RBNURDgQZ3xZLCg==
CUe7QaKNrnpfCTQnlrYDXQ==
kL4J7Dd5DMnIA4DYOjLe2g==
kL4J7Dd5DMkv1crISJX/fA==
kL4J7Dd5DMlyxawexf2yFg==
kL4J7Dd5DMlarhtlPm2DSw==
zJ567KtCx9ExA1SXhwgnqQ==
j+y6+0VpFyI=
GIroCh9jYy8KANwAAUCRgQ==
GIroCh9jYy8OZLx+SJn8ZQ==
SgG10fC5+Ak=
T/lm7I413bekR6vy+XcXrQ==
weKiFMDteTdO81ykHVTE0A==
weKiFMDteTegEaCD986T8g==
rtP6fk0c0Qo=
iU75XBZIO2DUrOJJsiy8tg==
kwkneYGpKWRh8lDFhBseog==
oPsXIuc+C30=
w/8ZnZCyUSsx73j1w+Aatg==
La5kN4IapHPzzrATg4y4nw==
adFbPwhyl5VG94v1+uE5Ww==
1ZFn7uNmpuo=
U1vpR9BvLAE=
ClvZfwmYERpmdBQtGTPZAQ==
jWZeBrYzEpE=
FDgP0MdESIR3Hpe/Zo6ozg==
YGoT8vVag7IGOWmTQbCD2w==
mNuBCLRB90Y=
gRnnAN2+2xrxAe3x13aZuQ==
cpwxb5/LxbLM+L4fi1lkJQ==
cpwxb5/LxbL9N5L+a6bCuQ==
+edzirG+Ug48HHHIkwgdoA==
WD4RhK+4ehZDQ5AWwloGCA==
5y2Fm77x7mE=
vsceA6gUmd7YU7tWRt68AA==
3u+x08XG9R6vnTxTeNDS2Q==
LX9zTZ9UVPA=
CQhumWkhGKCv5wSZ4y+Uaw==
U9SnMXSYgmI=
NxYpzgATf8BeVm4tWoP8PQ==
j9n4qm5SFPI=
TrhMnTGrWNuQXxXBNou1wg==
yt+g0WfubpPYD7dQouAa9w==
IMNZKg/DnGE=
qrC+9xaT9AlOp1xWTIJiwQ==
HNey4gpszYbfSJFITq/R3w==
HNey4gpszYZsveggKb02Zg==
HNey4gpszYZNINXMJsf2pg==
2KxdxNwSyeElZGf5NFCklQ==
zWaTuNnLTKnxr0THxX4txg==
mMU8A5BgJe3pLH1JYHQt9w==
AKX8TxQeQ0Q=
hWFQjID6UnY=
OfO+Mzr5aXjVrZhFMLkL/A==
VQIASeV1QfU9AGVPtP1enw==
i1bTBYgewEs=
G95eFET1h4hnaAejKKl/DQ==
c+pikvdf7SRAp3v1pt1sjg==
hqPmt44rpBgHIxh2ha28sA==
hqPmt44rpBivQKTNNNru5w==
hqPmt44rpBhIu7vNtS7V7A==
qRJZWBvi95wBErRVJwvVwQ==
qRJZWBvi95zg2BBptjxBzQ==
5TnBPPNJP0w7uEP0UDzSew==
UHob5/pg1F9E5REXmKR8xA==
QmZhpMx2HEH+n3Z9V2KtvQ==
E1k7ucypGms=
CWCYih3CuZU=
/f0VR6CEiW50ZC0DNmFbZA==
8UFWB/9FC4s=
zcgeiutcoL9d/iv72aSnjw==
9xyCprE5Q2C2+3zE61hpCQ==
aF8DYDMNMs7ezU6MfmvLCg==
6qp2tsliAeWQkRnJpV9I8A==
51FrjUzs65Y=
xUYfcr5w5n9Kl83rcOZD9A==
nt1d9PmLc9A=
T6UDKo6nX2pK9hRbrHAUDw==
T6UDKo6nX2qYpcB4QOQzIw==
bJPUOfWzj6rvDfzSekfVJA==
Bgdt3GqFDU4=
AkrxyGmiHwo=
ZZJu+vD+9xg=
7HJk/MvVSyOT/rBA92rwtw==
RAgoT5JXxjlPAr65RCEpUw==
vBwa/j3elDU=
c0Gy8/klSaNJnibvZtwogg==
qPiPfqOkgEU=
apPEhXhTPww=
kt9xJYpI6fE=
ogE6MAv/t6k=
HiRZp2g73RA=
lPfB8XE51rgdkeevNu8H7g==
vQj46+dlqBI=
iUzUr5WrifY=
gEwavJODIJk=
mdUvLbCA5/4=
XlAPQNWk+bw=
yHCaCYrbYKQ=
WuHlawaOydo=
f+2neCEUg54=
XWIY5FgXmGE=
thEJ0ivMXqg=
cmuKdqeQgJQ=
yFF+stuLP4Q=
7V8ON2Qyj18=
C+BCdVkUu3c=
AQ5KUh9MKzRacSP5Ilr17Q==
8k36lLtVahI=
iGw/xAsAvLRS8BR/5Ew0cg==
eMtJ0Y4Rwd0=
IdTT7j/EG+0DkJx1NkaoEw==
vYwjVBc6Jpg=
rsm/V4n5rO8=
bVWo14k+jWU=
SvMIgncQ9vQy8DN3ZB3PKg==
GmylAuMPx99KRmtXzoPkDQ==
HAocHvA9KXxPVNnAmAGMTw==
zhksFmEvTr7sGRzITnzTYA==
xCN5Jk9j84M=
borDq8sNxow=
fdULPt4hYkSE1lhcIdh6Ww==
tShKbTOi50Vhb9a/wJ43gA==
BguYYRJ72qMLqDMaLCriSA==
R4eAr9wnM9m1btAPubptSw==
CvgQ1QOrhY8=
v6sD5CpqnYKQEMuKh1syeA==
OHYqV1oP587eCuU0PM6Oyg==
DP8VQMDabIw=
17xM/A08SrI=
oqjgrRQzCfw=
kFfUk01ku4fDFq7TtdFj6g==
DRc0JF9pvu5U16qcryhSug==
XhqYZJkklvU=
/3skQNubs+w=
6zMO161GN7TAZ1Y2ITmCjg==
b5iLf3PmiAM=
s/4EFyd9Y+87JM9coJsQWg==
H7Io3jFhIoc=
0C6CZBZOss0=
O8lRzin+EeU4aUvl+g4yvQ==
iTsafiMdqR8=
vOtHG/9oAXU=
zOf5womPzT5xjOxSd9eV9w==
B47tthP0in0=
o5AgOePHfLY=
/GXTKKkjtJc=
0CIqQQCnqf8=
e6KWNb8e7FJS8LwpfgjrxA==
kHjIgCpnIpQHoNrVZNZL9A==
vMY/6qTRoXE=
6ZXl8H/qcDXIGOnNJvkVrg==
RrQqD/7phcpnmifK7Wedmg==
ckj1K1e0LrpjDXwzg2ZW7g==
bYlvMugn8Os=
vTcMK5LZggc=
EZ/9qQ+AVAY=
JKzZHL8Xk6GFk44/OD950A==
wMo0JreKN3KxdGr97K6Wag==
aeo+rfFiEis=
KWjaBVhndSA=
IrjS93gCUJc=
d4ZNXYJgNaPkReTvpHNPMA==
CqVT5l1THag=
1PvPaYNZGbA=
5hf6kJInXSLe+qAXkGX+cQ==
wsCIyX000uA=
qWHSdqKwLsg=
+PYiIZ0gWiI=
OcBDBWyEcMk=
z0BUz/MN8KE=
6IVMQMPgUFI=
OUboccZzrpg=
WF0XrSOhA8LuWbxx2+wweQ==
3UE9BWC62Ys=
JdWXMbh1Ei8=
5F/bMO0/VqQ=
lQY/m5Q6Hms=
LvuQZpjr8EI=
IABOGUFSDqQ=
To6d4ReG9Xo=
tmG7JRCBeuI=
gko0VNoFrSU=
t/0qCFS/ohs=
hKgSXVtkAZU=
bW2HeWW/JOc4nA4tiE30Mg==
L/qyTPY3Ho8=
eg4NS85VIOM=
A0wHs/P8qbE=
0iHOUsG5Zmk=
L2LxuLFnOyg=
zhx//4Jmqnc=
Q07AMJH/KN0=
8uU4TArdGVkd7mOgbucAlA==
HT3shIsDsCU=
mJYJTgiT6x4=
UArLTFgmEvo=
1Kln2qMrJSM=
NtR8fyFWCs8=
MgyS9qWoz3R2ufJ7Fj+jlw==
4A+W4ebuyOQ=
LBb8OP9OjeI=
by/z5rVKdVOfSjck0nahrA==
jH6NhENsHPE=
nJVUSLcSNZ4=
xSqxkp2CTNK/xYqrV1zMwA==
T7bO0KVhCsw=
yJdkrBXCQYA=
ZMQyf48qOUSI/+CnYeeW5w==
hk+Sbhvwk6Sxc2K0tvRqCg==
hk+Sbhvwk6QNKnjFa2N87A==
Pb14yAb+ku1lrkl8jt535A==
9yS6MLCeJ0d1bR4ZriHUpQ==
9yS6MLCeJ0dLIAQtSQRaaw==
sMmxtsccoHA=
tR8XCZ7LzZoSSasBBMaWdw==
FSaNZlIKn1k=
gINqq4xP9rI=
KkNh08OCvy8=
MaK38Y1lebY=
pMb8hXqq80daoS99e/T+rw==
Rk8vmCXCOUMiEpj2EfqlQg==
vTxtpPimQl9ROb2SRmsacQ==
MH8ebQl+si0qDT8xQU7U0Q==
PLqy63GkuPo=
ljWbaZz9zBE=
RAI9YSeZivTWb3lT+zDMjQ==
lT7YgfdOS/U=
2bp7Jmj5IvY=
tpsdK9/sAMU=
Rg5SAXv1G60=
5ZYWESMOmL4=
s2Xear5kWPE=
DEz3jQuaQbZIrU1KIqnndA==
ZC45O9Ac1Cw=
wVm2lyZJ2WJJ6wCYQGKC9A==
A9HflUNuop8=
FE0VjrJyemQ=
BhN1R/tMtmVrIjRxDo/gKA==
Au0Av8IF9Po=
SITDDuy2DBk=
FGDyvgD20gI=
xOaPEhleeFCh+wvPU0VbGA==
r9GGJbMxC08=
dLh+BeReOFc=
vdqCSr72QuA=
Z+qbEgrg7Zg=
EJbGdvB2KGH3ku8Iz8pBew==
kfZBYQwHeDA=
5eRi5cK1zfw=
8d76RbA7Djo=
Bu8ZuGvqJ9pK5mleUwN92w==
iaVLmSM2GKc=
vnA1kUfgDLnRctxLa0cAxg==
OZiY0N9xbv0=
J2r+IiwtfXAMoZVDrDFBahI8TsLXDVg1
64ODZ5GQJybMOL1CF8aPKA==
ufHWlsUgz4I=
8GJfwvVf1x4=
oi0W++ibyP6uWt9L9Mx99w==
BDYq4GSyj2ahDhdIa9Jieg==
Yab+/6eULSw=
gwYXZkxzOJE=
mi1UHqYb7pE=
RcxeAOGmUS3OVgw+PCZIDQ==
tJ4GPsfsAF4=
0xhgckxKK9HrMKxGJpt+hw==
8ZiOR9R7P4M=
YFR2EeLGmOD9Xe2u06EN2w==
jQmsekwwgpAwdA/RkD26Vw==
3+WlQKfv21AiDv+WTtd7GQ==
3+WlQKfv21DpbTwkXXFsug==
YwcJabK4PgmkVFv6MpHZeA==
AtwUiOBHs6HnGify2fcZiw==
r8v5yO/2jBg=
zDp9ZPuRdOs=
obOdUVaGkX/f0xLESYUImA==
KDSm0LUgPmo=
EtrpNhO6+SM=
9Xg/F+cgyu8=
uaWgUOBC4lg=
F2Vp4wUFuMM=
R1W2/NvN7N8=
iiXf6wKasPc=
JDcn0QzW8wA=
noJBy4atHQJjlxgsMkdCIg==
pxNHSIyjH1einOxZTUFbpQ==
B7OqXOTrdyvDh2kISwTtUw==
CFWyYzYV/XH7mnb86RJuoA==
0D0c0LfwwbN45Fi0r+hq9Q==
+SQyDqhJ3Fo=
pxAOwlJNWOM=
s7wMmZPprTqJUvWZydpsMg==
M8UaVkgUSIs=
uQp2iUqtKOE=
NmbLttrirRw=
QkAGHPSoVsU=
Cr45TZdpKeQ=
KTUSjiubOFw=
7zrs2Fq2mM0=
j0QntZl99WA=
Scn2KCPiZ3g=
p/RvqrATiA0=
8VGzykhcVV4=
dT7vRhzJw2M=
vB938RwhJPk=
yzaNF8z/YMo=
+6QrJ7fZw5c=
kDvfwkRndIA=
4GCFQy1eDcw=
/AQpPYeiRXw=
8bM1kt3ZMY0=
tvJPAbGP+9w=
+WbpeHhlyTo=
extMaYhVnvY=
rMEJLCCzSb/ZqADlS/cmbA==
gKANXPjunptHnBF/onjdNw==
BioxD7p5r3fdBg+2O4fH5A==
6xKChmKN2iY=
rLCatayVAqk=
iVjQQJnTqys=
A5gQ68rxo8Q=
eryB1ybR4gY=
sJskddr7j5Y=
MkOicuawcgc=
dYj2s2c0kvE=
AmH6+WkmM48=
32NWv+/5mLA=
pbKlatk5cG0=
FY0M6i9Swus=
tgwgIE+hYj0=
9k5ljYOZ/+E=
x5RqiQLSec4=
uM2GxZr94UdfF5t+2ALxAw==
Q4kUBYYXQyI=
oiHqgFw3mac=
S/dGRDceGiE=
1CRxm3Ohh00=
NNryhGe8rcw=
Lb/IYq0uNaA=
UIZGeSpX/os=
4MN1KQ4aDwM=
Dg+cVL0rRI0=
qLNNdz3HnvI=
k6OT1nLe4ZI=
xZuaz3xhmWc=
hFFAyBqvCNQ=
5qgk8ANFL2Q=
86bc2KSrYnY=
Fb698P5/Zy4=
OKDumZnmFb0=
FXlvob6LBUU=
xxz3FZMUaqA=
UIx0ZujaAIY=
bQepka99crc=
1efnqPr96sA=
XTg7rGWg8Ow=
qkQYN6dfhWg=
h3uo4ovVnOE=
oiUVWbs83gY=
NV/2SEfxnMs=
NV/2SEfxnMs=
oiUVWbs83gY=
OqnSeuLjwNc=
0HRPzSO2iXQ=
IPrvZUGfR8g=
RrhpVCOhCnY=
OZwXnh+2B9s=
6Xjke6KFtxR7pOpOXxGODA==
93OAyjHEse4=
DlWN6kaymVKW0BJlmepjjw==
4kwP/lrtIs4=
+0rQ6KUdx94=
NB8fU2BpR17L5MlZIGgD9Q==
rqp5/FXk0hg=
XouC7D9ftmA=
Ao0p6RiFCUM=
aLhuJKlJbBc=
Luaja3NKvec=
EYw4v4BJh+mEK5mcC0678A==
OSF/hpWuvCg=
OSF/hpWuvCg=
X5AvDkEPt1Y=
X5AvDkEPt1Y=
tRcm6SWAJH3am4iobSVT6Q==
npJWBbJqQ3L9NfiMsDEqhA==
KP7t9G5et4o=
n5uws16jPAw=
+Kg86knVm3Q8NiuZu/EvGA==
v8HLtKm/pck=
C/Jqho0OVpI=
gjJDubaF7vKSzlw6jkkWTQ==
lVz5vO077hk=
h5PIc7HokMGcp47DkfYKqg==
ZfVehxqpaQY=
HeB+9WQoPc8=
pOtAZtYhSa8=
9SJ6mOrQzwM=
6TRJ6/T1gijGkibTEpszXg==
dnaWWsUT47E=
02j/dHBvpSI=
O47xk/NMSq8=
MQ8XCqYcrsLlwg2Y26CRfA==
RGGI5eH7Y9M=
Ak6R+mw9cW8=
Pw+Pylg8t8o=
t06owBUFbGG9VxSOxy6i6w==
Xo/SWCtkl54=
HLx5+Z44y/wNMcLthLZQyA==
uhiTeX+YtoRYmmWGjX2wzA==
JANDN0OAe/TQUXJPvqKRuA==
ah15vAUf0xc=
hDpKlkKtodhwELiFNvnW9w==
ZbeLRcZYPcykplXVFtcNjw==
60EaJ8dLmI8mpg56XW3bQQ==
ZLftU7aXWJY=
1wRCo8rJb0w=
NF5A5Hni4hDybl1w5jF4JA==
BsPibZ/bZyLENjfyG8kSpQ==
9WwahrTPy7v3vrI9QI8GVQ==
jdJmLcQIwmY=
vRUBgANotpL/Y9AMUAkO7A==
GmHI0KNwtu0BBHaFIOqz4g==
IGZ2v3qGx6U6IS/E8+5nuw==
MfA/MPoPjr2AR+FXQXu56w==
n9agHp/j8snu+e6qBCpl8g==
fuimkOPDKlc=
lZJ1J3yC/V46ObtlKy5j6g==
fMdBgOeAFXQ=
M8Mq7YH8mgLY3quYXCwE7g==
5rRJYHWWDIWpnubljrlAhA==
PjaEU+4aFwuoPrmRvse6RQ==
qVPcTSHS2jTysFVCF7FDzA==
YEVnPHpAeqeVKJUf2TdcjQ==
pfaNOwXvmIU=
OZ4hkqNc/PM=
n1f6Oun+vY/Lg67KSNoXDw==
XukR0gMSbvg=
x1VMwLxFuRy8zNLrqpcmqw==
z2O+2fg2kgY=
uw0/kv1X2omLPheHVKgl1Q==
cujr9C6wbs1yd+ss7y4AeA==
dGPj6PNpg5vIRhLjaOAF2w==
y1ZSYUA6U6KS4/BJOGStzw==
rBlD+i1/UpfO3qVvrUZFHQ==
rLagrTVkylUxqPNgVDqjJw==
BmSr4bqY3dg8aWFX7j4F9w==
a+T8d+oKFKrhw2/FpQClzA==
RxGlHE0IN4Q=
Amd3rTPjJSA=
+tHBN1zDDvc=
dlnAGjQBlYQ=
4F7Bh5lXEimEmX86ACdkEQ==
QF3DoCIZaoo=
A73MJsshVqA=
l2VYikZzf9Rk04BzAu3YFA==
WZNEen3Ica0wYvqkGE11cg==
q8ey5/2UZTI=
5HEmdWITYqM=
Qdz93dzNqPY=
TQ1+2lIImE4=
yVaYkHxXMjQ=
qE7IyLOJa0c=
1Ei8h1AH/SM=
rCYswGr1Sb4=
lvVWFUq+eGU=
N7vL7lQSXPI9cKKcbYowGA==
h4qWchaHyLE=
/Z27nOxm+5y5xaQuo1qaNA==
7NV0+ZB9RZAS9azKGZCXVg==
jg+Lb4hXB3z0fAQBFw6t6w==
vO6mrW4Qe670MGcbWaiVAg==
eMGutPtKfBomj/vdPZAmJQ==
oZb32u+6dJ4=
Hp3Mzf/sWtE=
Snj/FrmAYTY=
ArT4KCfMoOw=
je5fvvjIEebiwr2CMBInCg==
hV13NBtpOgRCZhiMEPuE4A==
V0hdL5YAaXI8sOH90h946A==
B7Ge1MKsDHCUZy0nc0hzng==
B7Ge1MKsDHDXmGOzDMRDUw==
bM1JebUuXJg=
1zsDqVhN41A=
x31wKEIbHjWpq8NdIA27PQ==
M59tbIj7Pv8=
Sb26aP/1jkU=
29dRokw0t1Q=
H9ED/UohVCw=
qvLznuFJSbsyp8lTTindrQ==
p1dGTU+7dSw=
YtE0LP8zT4E=
24RgBnLWpPk=
qtBvkQCv1qs=
rsevWE7uJ5E=
j0puLTlnGDO0SjVvQoyp0A==
wnvCF00ALbw=
rkbGNb73pOICG8jW1d66Ew==
Q0hWuIuBnFY=
5EyN5ihKu8s=
Z5mNhhE59PAWDZwTff7MGw==
Vvb75GFL6/o=
qtiA9o+jCVQ=
KCmUffYGVdWISex3CNtT/Q==
UwnCHGIoJnI=
5DfxQMvcw/U=
wcbriqGY6Z0=
+rWI9z2Wd6k=
480sjtiEP7E=
MhBB/gJVSn8=
FXoHuQFo398=
soUYB5KoqNo=
iCFVS1+7SnU=
duFGl8rkDUM=
jYaJIdv3mCY=
pEvnsxogRCE=
z2O7XRzrKXkyX8k9TdRCPg==
qZEOGu7TW08=
G2N7l7qQgOM=
Js8qiH4w+fg=
A00Qq0lcZj9SHzyhapb4SA==
weJN1o+aEBM=
CGfL3PnkORY=
A8o0F1+m5Vc=
Wsp4OxFoMHM=
OKYsCuOvySA=
IDlC7u22F7E=
ZHFtqfjqjjc=
Wmatt+MTTtI=
5HoI/bMpkBM=
lZy0Wa8ZuT8=
WHq3dJBo3fnXCb8T9S+/zw==
NQwIjyfqj7CIPavis3FgdQ==
aXomq8LPwy8yXkm/l3bXOA==
a6e9PMj3n38=
LIObsgtC9Mw=
+vemZCv9U4w=
lYCYBRB/x1M=
V9iH1+3D9vQ=
Fq5KaQdV7JM=
FrnOa7TMXEU=
G6MxkNd2NL4=
QEY9O5Ml0UXAtj3YkxqDUg==
lqBYAv3yZq4=
uVz2AII6UFU=
h0wBcTXOc3I=
XghBsy8qyXQ=
RF3sPqmDmIo=
knJd2du3H3U=
CL2GIZze86yE+hdQPsC7rw==
XfSHjK0gu1Y=
WReL8HYSeGQ=
oYK35Fsjmsk=
NWprHj7pgac=
HRjZwZ60F3ltIt7X+8PYSw==
IFqiNOqpwkY=
lfCZphePtcs=
iy5A4VD3PTuDpJwx6M09wA==
WKc3IrlcX5g=
TY/1Tmd8Pc8nEWseBDNjDg==
Mp2OFuhXUa0=
oONcy4H7UoHWkyRv9n24IQ==
218A+YFqKJo=
h9RXzZifhyE=
WXMi+QvCESHkIlODrFra3Q==
OMEumql8vFk=
B60/+kSXXEg=
vSK7Vn1kkKc=
jQ9PCZx/7us=
PneQ75xTlZ4=
lbS/Sanf2IYHx2MNO9wckw==
GtYA3o8o8i4=
E7enImL0HfE=
GfUOR+4xC3fdRcfT5xCcUw==
ieKT/cM1hZQ=
DcbugbHtjK0=
yb6fto9RtKM=
/d9ExQbWgNw=
Nk8JIUYSUNE=
j640stMaoDg=
cg0rhUFwtBk=
mfoIh4kBWYw=
48XLuV9TNIKsAwKToBa8DA==
g6y+P5/pdc8=
PFLgLry4smY=
8VvaPNgcUoQ=
qnWIV6c3YYM=
zNTpDV2aeZI=
X0Zzoilg74I=
9KQYAqXPdHo=
bjyea6ywCXw=
PL4rGEosD2NFyigqog/yjQ==
PL4rGEosD2OyQ53v1qtLKA==
RfACuIMAPE8=
SDtyQ0XHRjOyH/LHaPS7pA==
5Y/gxMceMuiSX0q1JlEGOA==
tUzrJkRw3eXCMR60yV+1dA==
CVJ7K4qyOyE=
LgkG647gyqshtrO361GJ+g==
4xjDKCoqdTU=
JPVjukLYuCc=
07ZSLzwhk6k=
6VypssWJEII=
EE1YQhI4I6E=
T67fQrzSLgY=
P5GKhHkUaX8=
iPhr/3s8UsI=
sf9uxuMUAcs=
ymv+qDhJAv8=
esQh+cqh4X0=
aTFHPkXnu8E=
TIAJ2AMZeY8=
XWvsi0SpQy4=
nOebgjjbm70=
HyJ31ih3wYM=
l8pfAQQi630=
MH9c6A5tjw8=
+zz3LZoEE78=
qk7HbijwHoA=
QnQgZxwtDF+J3jDIOLBcCQ==
0vInaMkw6M0=
1w29ry5c7XAET1DSYjnsqg==
poF5M1wZvw4=
eUz4u2BF6ap0rp8Acryn3A==
N8Y6e9UNKirKVx6b9pypcQ==
/39doICtZJDADPQy1LDs6Q==
OU+9hwl8YHA=
EvswVhbpPDoFt5hQtVDTFg==
HU/Sk2tENZP/13PEvZkAwg==
K33A7epJi+GSbLjKQtX73Q==
NytcS1rrFBmRzpUY1r1dGQ==
0UNAwwKjaUXqz/zkX+d1fw==
GIGS/WeawFg=
wFBjjraW9GM=
yKnyKD7NtkxNurFJoEFSfQ==
8NjXmMF3jVc=
0du7tHOoxCSe4v+j2PZM3A==
5XqyeD2yBA8=
G+UlI4iKvIw=
ArvetsqR2Zo=
Hg6cXawbPJIoiZgftZzHPQ==
nf1pzqSQjmg=
nEZ4BG0N7oSUmJMiahtscQ==
PnLWoZSSggdLRJkAGm4QNQ==
AKvKiFqhEA0=
gJHOAXmUj7s=
BT1fWBufSL1KCSOq/rvT5A==
ad16SBFmH/GL8uv910Eu/A==
kMGQAFHYYBw=
b0YIXX2+eRLTUW/wIE26hg==
O1kbyu2tL9nP1fqHJyAJ3w==
zQkRYkkGenk=
wYkf8QA5rDU=
zuYIIIRfVCQ=
OCyzXu90m2k=
r7gSbLoMQIZiQ71lmGBy2Q==
w6YA8ThzOsQ=
WA3Gk9BauWI=
6K2BEuOEBHs=
bz30PvUBRtQ=
xU7qdWKHnCM=
yBQZmUgvn2g=
5vg0c/vjMOs=
5f8zicZMVrM=
zG4WvvRw64Y=
i4kL1dqnRXM=
b9rMtpMqT2I=
mT7cz8og+78=
fyXx2AfkIIiHzuzs9bCBcw==
xyl/Fw5ExgBQaBb7dcquKQ==
kDHrAGJzTYMDk/KWpwIF4w==
WX+hqeNMoes=
uKGdjAEU/MM=
b9gc6g3hsaI=
2xadmRh4JkE=
GqqpuB6GIs4=
XCGBJ/8Qbu8=
kSL76UGq6Y4=
14GYVrgT2pQ=
pIMngUolSuY=
5+JadpQh/xg=
uzcKobuxoKo=
XIIxlVYjJK8=
/3NoWX3A7Jov2LfUPYY0/A==
0OQC7Nh9GSA=
01yyfmv+6uEtmSsh9UlzTw==
+aiP7+polVo=
pj8ST0s9p0rkFCBpapMXWQ==
VZHKTvuZxQY=
TxIWhsbKsrY=
GyRkbcaL2Jc=
RoNOYgXFAeU=
uKhkpufbNAE=
Fdu7B7toLpk=
MYaxYTlTNBI=
ZdLvVjtTPnY=
HXVFZVAYITU=
v7zhtJrY/kJmK5o9VBildg==
uocQk90aqaU=
MBGYrAm4rtU=
hx9TfcBynVM=
Z9kB/Qcwawo=
jiIkMQtjnIc=
VaYG7uXj5pY=
vfv60rxYdfs=
kILbC4LpM5k=
03k1W9XEx/0=
Cyk4qCRZoUk=
k3NJt3MocTwiHyd7iGJWoA==
VfTtJKKUDq9JgH4jqWT2iQ==
2U5l//f/BlgVzZPv5/hl9Q==
TLuD7o17rSY=
tZax4sKRIWk=
gHIDPZDiQDg=
FwyMUbXj3wI=
GYddmwoFmZM=
G+oq8A4TX3A=
DZN5NUzzmus=
yEjwY1ugmrg=
lm+PUkUtSaPIxJqDQd0cVQ==
I2c7BHmZkq0=
e9NRQ4mtG4k=
n4YBpdTPcH8=
hjnGx/gTe4A=
xNvzvFOQdqc=
uhnq1hWxOgI=
JNRHCitmb2U=
5+re12oZw8c=
QTdQ6IUUR6I=
HaaNA7kieJc=
Id5siWg41Zw=
49MZoWNMyi+pG+N5eNih7w==
d4PLe42lG1M=
uS/vxkgTgRY=
tkHd5i3JntQ=
/R2E5FFctgtmw5BM/rE41g==
MTN44ZyHWgF97nIVUASgYg==
sGkaqyS7I5TGRL85bITo7w==
YqFxRf7l6eQ=
GrTkukCn5K4=
8pWw7KqVuoM=
IClVAA1Tufg=
iFZaxra8URU=
CLzjgqG6IXE=
6MyTEF+A8NQ=
LrW4gtdNXuE=
L33ShKwsY5w=
aCsAA5rblM4=
xCiEfecf3C0=
eKnx06ezruM=
peXMSaJW5Zk=
OJ4HW6R7rH8=
Q63y95BpkMnCLUtJP7RJIA==
pXhW0poCgNU=
8iCbjf0bAKZlssxfPZ2dPA==
ex6IHqvTVd4NNOlOtev8zg==
P/6IFv6S900=
oqN9UyGdvdZ3LiU6VaJgfw==
j0VekR/F+T8=
yMNSIC6RPGc=
LcHSFe+DEGc=
mh59CoADI8A=
rCVuZLHXngiSSWuakqkgtQ==
Pe7fLhB+STHg2KIgMSwGJg==
hEe8osbKWXI=
31z/mzB+x7ycWOSupLETGA==
31z/mzB+x7wbXIjedBv20w==
X3qckKjh47A=
S4WzGesTKkZBrsKEiE4+uw==
/c1WVbqFyAU=
lr2DERJvNec=
Xj8hmPWQDHQ=
xH57f4wxN7w=
gm5Ux74N8ko=
MhOD5S6cpEY=
G/ZSHSHJG0A=
G/ZSHSHJG0A=
7jisxpg1sOQ=
liuq5DbMXcs=
wCNj26G7nW0=
AoPJr0IumVw=
UaOJv5nMLX0=
i3HTOe0EZ/g=
9UI2NOY+F50Ig3RAcwXm2w==
NCyrhR+5org=
qpPVb7eiiB0=
fANmGC5WVlo=
fjqEqfPWA3w=
Fx3ovFORfEpt1hhsjZOPPA==
R3YbnpKF50I=
nvbnRtFr2pE=
fKHxneUaebs=
l2Ut4y5CX4k=
0/uUudGRqek=
VGOrNIhsfM4=
3cXnwBjSpJo=
L9LVQa+wml0=
xqcOxZXc2Ig=
7NHBnXqKXeE=
Zx5jo0H0CJY=
U+06kiNbBnE=
ylBAZH07bp0=
6eiS7ZeG3RY=
hhBC6xS7ZVxAB1s/16PGsA==
76Qn36bb+aY=
3Vd7WH+y+DY=
g0Jds8XeDgA=
xG3cf+hBD1gEOcu25LkM7Q==
XrvUrbB+iuBGAFkBcLeS5A==
XrvUrbB+iuBGAFkBcLeS5A==
Ne8cTYIKKImZYu1RsujSdQ==
Mr+OxKbKC1OeEkix9CDZQA==
dYdAEdZ0WuA=
WveyLcSIoO8=
0gcvSLdslvA=
gk45nvhe5lE=
rn4KqMcj1ic=
rrUUjiEwLyQApV8BQVFSZg==
Noad9wjCdA4=
VsmpUyDWUXA=
NABFgAXXCfs=
563ogZ2bjto=
1j/VuqzfLlA=
6WL2hUMB0zU=
Aieq29NB5FM=
QZxsVPkCGAA=
PL2lIvC/JR0=
7U0rsoeCPVo=
S57Ovj4U5jTUTI4PkF/1WA==
91+IgXU3/nE=
haSmXLVAQ4g=
yAadKbcYo58=
Opod11aeXIo=
vaHtwHQSWPk=
s+d3qsmlq70=
2TlM5G1mZsY=
ClDKQ3I+jlQ=
RU9ljaD2yPs=
PoImRp3y558=
80LrrwuwYkc=
LPh237SN7p4=
DdNnSlTSiqM=
zyjDFGonGW4=
eF7TBV9FZUw=
JcD3rxwAIDY=
oPYw3Xmn+9g=
z80KSwZN4jfQC/JhsbPd7w==
4kTCvFbtTyCTwyDip/XhvQ==
ZdU2Q8QlOcAd85AxtrzchQ==
UETMVmmGtWg=
U2MwcX6VK2M=
xrk04btV/78=
NOsWVcvq6HX8Plim1nuvIQ==
y7HnVOitbUQT66v8hHBT3g==
mR/q3M5Dca8=
uAMAnv3dNVs=
D83aiPH6Pa8=
5DMWspqtoLk=
QjBpPglHx18=
iF0d76Qk6zs=
fkrK1wLXbzg=
ewE2kQcbefI=
ogV636ez2iw=
CSnCYiXE8Ro=
4MKyt6YQ6FM=
elQUKOuzMSU=
tmHz0szWx9o=
htWUlc1JbbA=
A/naGsEaXa8=
fjEjaqLlouA=
1yeUaoX3QDfmqGJ8w3JQmg==
Ud3pGB0Tz9M=
37ji6HUtlio=
MWhLE4WOwtyWcfZfnNuQPw==
5ZIR3m6DJ7Y=
/0Nigl70UfGdC6rf8Chn9w==
FBMNvyaNt/E=
ERu8hVOpsx/OE6DRw0fRyg==
XnOmDgSZVDDgq8pSxc86qQ==
eGc5/WGUcsk=
gzhv9I+yXCx8Wh+HpHUpBQ==
YJAYKHl57wc=
rFVbCy8a7D8=
d8UeQrGmBvU=
3h+MegEMkHo=
38hCX1kfLHs=
dIKdML2idGo=
xQnL+XdMEUw=
iXnYGDxuzTw=
c6VO6k27GU4=
sz4lbeHqp6DUQ2tLHhEz0A==
sHPB/hmfGSg=
1bQdVLGZfg0=
BrdqgIcfwWE10XTBTtp4tA==
KlVB6crs4NI=
VSPmoafhdHuy7NB2ZLgEnA==
xsML6dGkJ4rUle5CjsjLPA==
iWTMjWuMC9k=
gxA4VB1Kmq8=
l5TzZo8JS6U=
Wgb2i8zTlywglw9d/4hAXw==
JDJwTOeea9QHHMOBRcnSFA==
l9EtEhDakaI=
NOwqogB7B68=
KD1Fl6LZnFc=
Ik2lvoOHBn+CWduOqmXfxQ==
e9SYzBYMMfk=
tQyr12ZLnRQsgEDBMvStQA==
FyYr5TQcbqI=
LrZEqREYGFI=
ynyd4/ciM+k=
e6bXUXxcfPLhd/Pld5UdoQ==
7LR5Dtz0WE4=
cDkaRWryL/wLh70RRtHSfw==
9VDZ/hffiK59b+shfWXmBw==
QrU187+QrmQ=
C1lm6q3+LP8=
2LJadTSiLzZc+5/n0yRNLg==
3XoOKlmWIJqmFknKe83tNA==
f1W5ibxkv8M=
bCEVPUKEj30=
2cVAsMxoKfcDvcUVzuVXbw==
OinJjFxY+Q0=
Ni9JkvtOgyk=
7+xgvP/s6dO6VNm+SN5PAQ==
cfgYqmQJgaE=
8wsgE51seDE=
jqwUTFF2Ruo=
TWWPI3ZAyIY=
jIgm1asFXoTNNIFWbrHRgw==
Z9MPGFqEYpYU8OcsTJoyZQ==
BIpeE/mFGlWmaeE/jK9esg==
TrPNkDZ97O4=
ZgExsl2X994=
RXXk1b5DWVawrnSo3bSDLQ==
iXVTQ9NbP5CntrWCKl9lDg==
sxmiw0aXQSYM6pS9y+Y0cw==
KwhVhnj/sUmD4lrJcO1I+g==
WU/yvpTBJTxQ6odUnvySqg==
N9bllR26k9q3E/BRjQyxlw==
R2u0ormj8YY=
sYuVWkjzcb+HQ/+FqMBz7A==
cWze3hRyb1iJC9ymreJEFA==
Of9Apii74E0=
p40G2IlHU4g=
bw9X4hRFgrY=
Uzt9qDL6QiZmZG5kagkjzA==
g8mo/ePr9mM=
nSQrSMXlJ0s=
uKOaSLAQ+PY=
lueOvKhJddg=
Lthn7TETqV8=
OZdjWWZjwGQ=
oYcVdLKR0GM=
m8aY6smqqhs=
fn2PhUWo9MX9P/sBvGnXfQ==
KqFoCmcxwkU=
1XgxsevTZWA=
qjaN1M6OF8U=
t+KxTEqlrj4=
BXKBZLJQJG4=
EjyQnw0WmDWEZyaXelLcsA==
JdhpYCn+QbHkVtsDjgVrDA==
au4/dlm8FWziil02IFGMOg==
au4/dlm8FWwDLJSrl6w7hA==
AJ7To8jWBAM0jQGJtPRBdg==
LTN1QqIViD4=
SFYG7oOlisI=
R92x3viGyy8wR8rDq4dSkQ==
zxGOSI7jFcQ=
J+/KzFd8KVs=
ZgoUYdNEvHs=
0ZjCiC6SiK19C8I5HPoZKw==
l7LNhQHMjnTnjDiwIzJJag==
ASfzceYRrHs=
0mb0MQSZTG0=
eqKiUiWfgXY=
jZwr/lrRHpoMjMjErJCSSQ==
sl4lyS4ssOk=
YNlc+aCOsK3KiZ6UgUcGjw==
ehPo6sabCqRW6F+TXEfOlg==
imU0vLpju70=
W40Q1vCrWtxkcarHHDNXqw==
HCGQOrHq6to=
gM3NCwKXwfY=
CwSkaTsgwpA=
HRwPIr3otqo=
aef8hG1mTxM=
7JcClTkluEQ=
wmeRnt0sC1Q=
gi+IZcIJ0L2BqzRHM1ndkw==
U7PG6v5rJew=
KMLnrQ63UFGCakSIHjhngA==
+b+tn3snK96VlBqSA8RPkw==
tc5IgciE0NCzq6d73dBU+g==
Pn0U/RPKrXbXc7f+YzQ3jw==
AwfjL4Bxn9Q=
EhaZ89qUEs0=
5jg6quxOk+0=
3kkmcWg7WPk=
90KWzroXe44=
Ct1iNfUeE3U=
CgssWX64V9GJVv6i04C1Pg==
ifxKMxb6Jsw=
resdMiHtBe4=
70P4WkrAm/M=
kyHbZ5zoNNqJ1NvcFKZooQ==
TWNV2Gtk9zA=
e9NQFP368sI=
OCA2ZC7XZ1A=
wPlhfg1UJnw=
/Fg/IR4lW3c=
/Fg/IR4lW3c=
5jg6quxOk+0=
yEPB4GlCzzU=
PzhF4jy9diM=
aZafJGfHFzc=
jOtSh8zUguo=
1j56V4+xCO0=
yK7cNeonsAA=
v2NOQVTYyoA=
+n5AL2bzcRAkPWNbLLaR0g==
xor3VHNqy4s=
YmVQje77jjOncFLUnFCfAw==
YmVQje77jjOncFLUnFCfAw==
G0y9SAWJJks=
PKl2JJOuxL8=
pZQtIEVO3rg9ZvkCqTwDDg==
65lF+2ZckY7nsOPFEAv2ZA==
gQ1rIGOGfaIJaJmEeNmP/A==
G0y9SAWJJks=
SOtsE1EX+G0=
8nHYzL1Mfj8=
UOLPKPl1PA4rsUuhlT+QfA==
7C7iG5Wg6vEbaZmKsJYujg==
02LDbEfmvdQ=
c+GT5AmIQj8=
GqTUrJ2HmpmmMXdyg1L1pA==
Vx0rvaqfXZCapIpABlrGzg==
thanfXuFZWut8yJ378FM2g==
bNHGpmNK3/Y=
CEMrXFAVyRs=
WO+wzaLMK4qVLfxvIt2mAQ==
EnnSnHJ+3hk=
dm8Iq33+InA=
5omTA7k54Ok=
L2rk5NhsNW0=
+cGAcuydXVQ=
v/+CXvsfg4faDuxE7sn6kA==
5L8a7qjx5wE=
JZl0gYLBGnU=
9Uq9USK+4mo=
rwkMhqQL/Hc=
QiDYu5aArfE=
mLrJeOJAIlg=
UjPsvKXLp/E=
vYmXH+iqd4g=
UtrrjRh3Qvg=
pJBiS/tklTc=
M9yfRZbE8XA=
PB10P3En8bA=
+0chPodeF58=
qoKz2Eb9qpc=
IrfqIBfNeKc=
IrfqIBfNeKc=
+0chPodeF58=
V3bVpvqrKG4=
MS20hLcKCiI=
VP0INg9/GJs=
TVqmISwjagY=
XZixPpdhMnt4z5dxxM/YZw==
OtTPy1EjGdA=
EBT25n/B/qo=
gzHFlNZo0L0=
n6MQ7VfMa6QznJbbWorvRw==
Ivbv77L++g2UYPvv5JtCiA==
GxxiYl/NjZs=
6XnjRrtKtnE=
FhRHEzJE6/w=
9kCOpNGNhRVrRb6TkzEppw==
iFQJiPSrbHYCqiFh0GYRmg==
ZlK8iHNuzEU=
IhjOn5+++/Q=
IhjOn5+++/Q=
FhRHEzJE6/w=
ftIslghXdk8=
oIVMCGk7TpNWtQNOoHHNhw==
BzWuKPkJFPs=
vIgZwQ7CbsesoJ75Y7KNUQ==
Zk+FWyfhsGDjZ6AqepfzTw==
ICYw08uE/QPfaDHwBI3OTQ==
6P9bqFpDw/8ec9LDU/GCZA==
j8VsLC9PTsdLdLMs/Ej/mA==
D8h3lU+FnJAo+ar5agMNSg==
gtW7SZDveDKlresJiWp+Xw==
J/ESI5b+WDE=
YPxS3C7qWdo+wJMzAo63yQ==
ojgp87uSjWI=
XVdLE5o+XJe9YNeVdm+gYg==
6MTvu36hwPo=
UqTw12Gjp/k=
laOglhQWK2w=
oaG4u6FTyKOIpuLggRFCHQ==
RhAwFPjZ4r4=
tfBHXoPKf/8=
hy2zNFbAt0Y=
KhAZ9oxV0ms=
yZzDG0Ikcbc=
FbszSa3Xxhc=
8WeFUCp6AW0=
XStZspHS/GjDPM/QpO6olw==
CTHqnt60ScI=
F3jXTCaGp/4=
LlU1KjB9OGU=
9k6eQXTi0Ow=
TqVD6NVsM4A=
pPsWsb637KE=
FLUbukTsIHg=
rOVKIKbnOJc=
cXZwro+6gAI=
p7XfJX1hBX2mQ4P7xEbdRQ==
YHaELm7wh0k=
e8ch+gfwN4s=
LGS3pPEisBw=
sa9yzIOp+l0=
ys8TcoRNCKo=
kcwxPuHHwsA=
SGliW/X6biA=
Sq8hJ8dF9fo=
SdpuSjQfmdk=
rkvCxpQ4Tvg=
5vCUq+V5lWw=
yxh6G3OLQFk=
r3OkVe9oy8PHsmZm77AaFw==
sDKqRIbkjJk=
vJTNqZHxybc=
uvYqRbkl6Ow=
aXTvz5Alemo=
USQUzFHysZLShCHj7qWkSQ==
/czWvZsvMts=
9MQ1srz3soc=
tY8yRGNN+Cg=
hB7V9qFyMXU=
TIDiLmRxabA=
TIDiLmRxabA=
hB7V9qFyMXU=
qfbbhUZb0e4=
uaJhbyBDw+Q=
jSLv4AC7O1Y+0pqP7N/4rA==
0S5VVeEvJQU=
tHitcbd/De0=
fxIhbagrzV2gIFdNOAJvoQ==
rA1Qz8TKiLK3PjIb3qDiJw==
xIQ19VzN/u8K7KMrdQWvIQ==
q1TAIaW4h2w=
RqY6Jfmf8ivpUPcv+gH4eA==
4xz/frUPXnI=
ReuHE7wtTkQ=
ReuHE7wtTkQ=
4xz/frUPXnI=
ujKOs6Yv+7blDlX6gLfwsg==
LwDjpPoTqnE=
tk1A3CJxktI=
yxLFtkAk0R1wnonMki836g==
gBlEKIyo1IU=
7guHzLsoOIw=
7guHzLsoOIw=
gBlEKIyo1IU=
szohuQPgJtXe6fhh8ZBa3w==
Rb+UGw931zucRzmBmsMs8A==
Lwj2kIF96bzoOmN918P37w==
dPKnJTOjWQY=
77q5tmHkgF7mGp8FUjTsiQ==
enVnfFt5CII=
CHR5/WL7QeQ=
qfeRJSLVSu3dm8PmAQqgGg==
+naZXLEfrXM=
P6zydUH5xoI=
fwwAUP88Yhw=
s4E8sppSYQeLlvQMaF9Pvw==
v0pCHFfrvbA=
mSLBlXbYpkA=
x+NJ1WDVfPYV86UbHww3Pw==
xBuQ98+ZtiA=
geYscPNiTDEffZz8MhfNDQ==
c1E1oJEKkZE=
n3cdx5BKnbw=
/b4RmkNIdAs=
0uqLiNToO/I=
STztVi3iie8=
eKAvx4ZOWgo=
CbJNvOwWNDg=
TvRu9tOC5pI=
nAXZS3A7IFk=
KoFiJBk77mtu6PAzVXeBVg==
L6naEbw7Znw=
zcxCCGA90Ko=
EtqlPkvnU3U=
t4UTsXRYQxU=
vOlFQTSCYhs=
c1Ue6l0PTlg=
g8WdgOYF6at13NQTcwQCWg==
ChhB4pHPdBA=
IXJpCiFovtvZ/FIqtzTVQw==
GJNgdchsAxtMt9LAveIabQ==
ef+RibTDWXDVx8qBypcGUg==
xbTjnv8PkgY=
/O8T7IaLKWA=
OpYsDRyeVUc=
KemIor1LyUE=
6grqQBtZ8z0=
QzqYRYhyu8g=
lUOMeTM3WSY=
1bpOr0FMMK8=
5Gf+7azNfO4=
tloDDbjVS4S1nvLCEodTrg==
dPlXi2ny258=
euXfD43g1Ca/7SaZuYCEVg==
xzLpw0Uy/sE=
tYXPXVR8Aq0=
fMJK/4UB0PI=
F5kYD20MNBw=
Vwv57kEu2aQ=
/ZITjwX6ulg=
MSwxA3vyJgo=
iBSDDJWpLVA=
SGozCpkdGJU=
qWro9ofcM+0=
0/dKHtkG9hY=
Iya7J/8EfpI=
DTL6wT50exI=
F3ePEC/qlg8=
uirf4xcRjgE=
phMK29+5KaA=
ORTERjZnJsp7s12aLTxI0w==
WP4YkhCcovg=
MxO8a+tJI4A=
o4j6aejAH0U=
HK1xCcPlt8Q=
Dgf3JCVYE0g=
Fj1xzKseC4o=
WcJD9b3wZ6w=
77527Pyu/wI=
vw1P585APMg=
cts1pFaZmWAhlJR8hsPs9w==
YYYSTgj5nNNYVofVthi18g==
QHkr4zpHYuA=
fM7ASlgu040FoyZynb9nfA==
b+ozI1MgO49GxUNZfcSPlw==
qpSo7/fgd6A=
AprdcVAy82z4QouVC27EEA==
qq/yQb5xT6s=
3A2Qhl/lReYMzenOLU2Nfg==
N32Dh0Ush3U=
TIqcF960snwgSR8eHA0+dw==
6SuaoI3e9n4=
o7eYgA2MJ3ziOB0l0Buflw==
LF9v3CuuZSI=
tbUYYdzhpgY=
kYmoMMRojT9Tvny17dwQ+g==
EM0rrufkkcM=
QUBPePDgrNyGvFtDM36/bg==
dN5yV+wpb2s=
HRraMhnVy6k=
N8y0/ZAihVY=
6yl+MAr8GvhloW9DnkXjLQ==
0Z5C/oSNHdI=
28GQZD1lr+JWteLPZkXKEQ==
lB8BP27sRsI=
PXcSL5fyfGQ=
PrbwFim37Ds=
x04GwRdJDxFSykhwwrSntg==
ZDjj00Y+m6g=
oml3c1AL2dk=
E0m9gh8muhg=
GN5qcRHhudA=
hZP3KVAy0IY=
65ezYH9Hpsc=
FnDICQoce14=
Ut9i/JrxQPA=
qapuP+WHwL0=
dkH+0O5OBrg=
F+o0fCqnuVk=
X3zSu8I2egQ=
8tVWnc88Tiw=
oNinR7gHa+U=
QaQjn/avGZQ=
ZYbRGDuoFwc=
5NQggHH+3IfTqgkY1KsRMg==
R0HEzGZGPBA3LINc5rwlSw==
Px9uWjPFDVI=
35TgALThcG4=
fhG0uW5W9Sg=
VeG0rL2fEVM=
pU6Zhw1FVRo=
hbCXRWjSJBk=
hbCXRWjSJBk=
VeG0rL2fEVM=
PVOOWKMZSB0=
N4KZ1bYaskQ=
dkb2tnYn9Xg=
OEDsWBdEiiA=
Cj1RaDaaC6M=
KqikWbucpKY=
UHblKpA+Mg8=
v5xdNRs8PgM=
JJDZEd5oM8B/65RKwU2bNg==
HK4VMu27NWL6dxsstuh7YA==
+kYMFZMUm6qnodDx5zt4LQ==
+kYMFZMUm6qtgEu1uS969g==
IY5CciqBvWQ=
hjyAD/WMo71/CqYIFkjP9w==
UTdbxivxegBbjSuADF/kYw==
UTdbxivxegDirjNNTKmF0Q==
SK5Lz3RBtiE=
RXKv5b3Rr1uJOw4mVZ433g==
MYMVzDNa6P4BtLJvQ4TT4A==
sODahhlNFiB4oSCBPA12dQ==
rVoC9TPdN2p2QoRErA/GVg==
QlfB6qjl9VU=
NrATS+hgA0U=
rovajpz0wTU=
D2jqzOgl52i0g24kdaGgxQ==
lfNhCJJNnHE=
8qTeVHZ+NCo=
jEfBNFeQIvwMVvy9OZGp3w==
hfrz6kV4arY=
jHNOkoP3XL8=
aFDwesJ9+aSTV9cfNJ5vvw==
meDCeLNGkIrUOsgKjRgA+Q==
meDCeLNGkIqiamrzbYEF2g==
r7E7diPLKv0=
kYVGFU9hpjw=
K64hAq+rIGo=
IIxNa8ir/slrfi83cugFXA==
kbWjTq+CUXM=
k3mYp+kVVoo=
rDQxHPSQxvw=
31b0gz0RcK8=
FP+9aqrAmqo=
70zaC8CP9TbE+i7BWfT1Iw==
70zaC8CP9TYqi1z/pcGvcw==
NaZ8+RwU5lQ=
uHiE07D+YUg=
zmS+Zc84Ytg=
19pCEF5e298=
bmI6f5aJlek=
mcN8Vpa1UIU=
bRJgwsrJqzG1f9zTf4OYVA==
kSIr0XI6jvg=
by5sHeNlPm0=
xamBFJfqVO4=
BYw+0gUGMX8=
hDshULi2wk0=
W1ZO3WoK/oE=
Qz3DyrYva7U=
5ZW4C3weYCY=
ha0nYEQUS40=
h6tdXwRKZxsHjXQHrAmW5Q==
lgYrzCvArnM=
JO7jWioV220=
4bUswxSUt38=
8g41PKTAni4=
cY4NiR42oZQ=
/icACxH729A=
bMO/rh0rpAc=
LQ7N4jZeASixM5koZ2yB2g==
06KdYZnYnTA=
bITM3RjKQr2iZHEs/Sk/FA==
ZdSvlTAdx1bYGxuFD3KBwg==
8T8DCSnnPSO57joRnn4+Pg==
YkhiH4TOzGXo8Bpf1l8xyQ==
vXwtaunZsIS2tbWdmoRf9A==
jx1/UbTKrtI=
PNB1F0roltZ1bAIFThRtAA==
CHIPjQPLj2J/KdmjnuYPxA==
UpRa4lagOxG9eFzwcF2TBw==
KfNQLSEfsU0=
9p5+TBBzEfI=
aLJ/Ko72nq8dHkp4FzFzvA==
6YZxxX7hnUK6bo5R6tW83A==
VM0hVoSQEIypBC6lrG+Hsg==
OFVWkp/ugXw=
o9cVBvyVQ2E=
UMs/cxcMyS8=
bBaKXOy7BW4=
XbhWBGWIECEA8DxDuZuZhA==
+I33Y3XJpG9c0VFZaljxTw==
5wTHVN6gKeb/2HNKC985vw==
VeNqorro38E=
5vc+e/OHE5A=
5dys47n9FPE=
eBP2e/4bJQk=
TiC0v15LRIQ=
3cr437IZ00E=
TeRBRCD1AwA=
L5KXli/xhtE=
jCrRvTmaFb0=
i/6zhyeUDkE=
QofwbI8TASw=
FAAZdERIWHM=
QFXHn8kK9BM=
hVbAcE8Jmns=
5orXg4yka2A=
odpvCTBMkOU=
tj+Dy7WR5Ns=
NkMkucAw2A0bUSoYJEdG9w==
T/pXVSOhrJ7y4mxxJDz+uw==
EWj7en/dZIlSzeMbtkXLDw==
97Rp7qpuiSI=
k3PMepgpCw4=
9h5VGc4tiJUIkwUOOn7RvA==
CPQs12kK6Gg=
2Sfr6SYW5Ha7hErNodnbVA==
DPe/atdjcuG4/rZbe0Cxdg==
fYTrNolw/pSbiVrBUNGmuw==
MS+VQiYfi3I=
sCLrvkhNhCI3fka450lkEw==
/pRCYt7mQdk=
qpiJ9Kce2xk=
GQ2LFoNWnT65NvV2hrZ0rA==
J809KELMgWbie2HGQwM1tw==
mTF9XlrvXGaU/lalSl/PYw==
xic1mowrINo=
YXghoAtD0kA=
ZfExWrmhkcM=
8mwv7AVU+ac=
1/lVp4HVUWg=
Ad6xWxu+0J4drzHhrx8Pdw==
TwAZdJgs7ZJVp5iskdY/8Q==
TGdXULpHtZgiY7MKBneYLA==
qMPxbGOTMPs=
jRqO0o6e6bw=
vd3liSvnjTEi+ZiutkGZvg==
TVAulNaukzs=
h4g7pKobi78=
VtID+LB5d6U=
xGuYjJVzWzw=
e4DqOh4bFOU=
BXiIHMwKhvc=
JlNsit9bRSWvdPI5MJpUzA==
y2Amr6zJFecUjCeZjHqsUQ==
xKssaR22mfI=
DXKhg0Tsvx4=
zZxZ3xw2kT8=
aawr7m6AYWE=
zVjbUYipC9c=
cQY11EAcHUo=
K1UZe8TBmT0=
9eRgJwXvdHYmhiTBzNecZg==
bnTxvN8F615HVHM7UthjJw==
cAKxe2GqXWy1JBAuxUR8AQ==
FqpjDHtR2u8=
R5ULNF3VRmbo4ADhzoq9gw==
r/U2VIu7gaY=
OmRQPc0sPtg=
qjvkwd1lYsRrGQ/ILrurxQ==
rvYj+JK3FUo=
Rfr3DoGT9y+jnQhN754TPw==
2sNnNzWhYPIUWu6ikz5inQ==
Pt1BYL0IVTsRT0zqK+JCwA==
k2fsMiXQdHw/+dxdib8AyQ==
27cc7IbQ9iE=
NxrdF4v4y2zwRxHp+RDz8Q==
rat370fozmJJFacYBN8BkQ==
m89/ZxhbX5Q=
nRppT3KqTRM=
u55Fr7HdYMU=
a7wvvakcvso=
Oo7h2U4Fj88=
p8QGyFUaqg4=
W+px6k/4jHajscuI7or1Kg==
TdIarmwGDm3Tkt8aoCgn8Q==
myWpj7UjNFs=
Ov9ftkE+Gfo=
IXDRR1TNioQ=
b6ET1mBGf5U=
REXqGZ4PZyA=
54RZnxbihrKH+aW+Mi2vLw==
65hLZjlYp4iMeWAE1OYF1A==
BNUAy504YiidXKid6zaMCg==
9zHKVT9QSEs=
8+TOWSyLFfM=
i5uaL2n32cQ=
4r/dMtC9zKQzhb7ncSiq6w==
4eBBs87lmWc=
J1jC9x7GZzc=
Duzl5c9CJVE=
LIExe5qx284=
bjciLqE0ZTjOpIKDm2yumw==
jN5q4vuZkwM/+gSHtxtG+A==
kygf3qGKwpo=
eVpYGOsFq8g=
eVpYGOsFq8g=
bBaKXOy7BW4=
Xlgm0VFiLyE=
BwdToLAFDGE=
VHTY+YSfCIs=
K3rcE1RJcrI=
DpC/8IDuVCDGn0AwHJxHmg==
0NFVy7mYv1e6HT2Tmkuikw==
TIEAo4D8e/w=
Gn7ByCPI/2Q=
eTuID6H3jQELSbAuuJY9KA==
a+7UIxwz6zw=
a+7UIxwz6zw=
Gn7ByCPI/2Q=
D9arx9Scs34=
8VPjylbAY/RYzB3dv/Brog==
pvsKWF1iLAQ=
GZh2ATzYeCI=
ILMxsdXt/fWJd1y+L880mw==
Ia1j4V8FHp/ccw6Ir1X6Fw==
8tbRbWyO3FsWVOVtnm0PUw==
4JgbSvX52bM=
5qFg9xB+Ed2vdo3i1tofbQ==
TyZoO3FDQcY=
tI9ZpvSNQ9c=
Wm00Sk5XAo7Cp+V9NIb0mw==
nL9QzD7bCQ4=
cxiSsOxFl1I=
h7BPBZwYo5M=
URqZhDkdZ+ZtNi3KMG2fDQ==
2F1uAlPd101AMvg2jqtYwA==
Hb2Jc48UPmCGMukAhZqQOg==
XCBRwrrBdXqpsnzMQghuPw==
JUp9PJQ4yJIvo4uHclxHiQ==
gaDoeRVgSv0=
cjUTGAp32po=
XZbww1zux1E=
kWhIboGQXYrp69kQ8ag/ng==
sRUHWLJK9Go=
ke+x3S4RHOQ=
Uh9BErxGBEc=
vOlQvFLbQP0=
0jnkHKoveUFh9uIwl3cylQ==
r3nEDkEzKBr1qzknaybbxg==
h/FeG0h/kvc=
TTNBH6CuaxMU42auyIy8vw==
VrFa7YsmMxMy3ADcQyM3LA==
UjnIVQGS49wLmrVqzPpP1w==
P/b5jcvg4f8=
FXIVX8slNag=
4V0NgQJGlC8=
weSIresC4io=
wK5L+NhZs9A=
snGlvW46SFI=
ZomaGfYMfBk=
xpNWIIL/zzA=
0cRRnOQ5ya0=
pWEnYN5dyASmWUaio8qNIg==
lfL0KYJXqvY=
vWymCh16/7fcC4539bu+og==
CODPRF4xETyOjo3a4T2oKA==
rIn8VvXVtu8=
FM4OfqNHSkvEaSLtZAGc/w==
8al/A8F6/u+j8MaawEKuBg==
QkU5gir1NX6RS9NiMxFX7Q==
FyFyLIsf2I0=
FYYy5KKGEzw=
VpbzhPFwYAk=
6CuRpHrg3Po=
r706QE4HhR+imYFveUSrJw==
r706QE4HhR9EoFRK4Ft24g==
dMlQ0eNnZqo=
Qnlv0rnhCvzrYXtpY2cniA==
N6TjQu47ZUo=
wNAY5Bugp5G21/SQwvIs2w==
UI+oyarjfOwobaevcAKOPg==
BFmaVVcPmYvKOGwR2SjJ3g==
vJpPn0qE/LI=
T7kueHBorh0=
lfyAo9xDFvWVMbtF5YaAgg==
X5r4uu3jk5H0Z5MTF42HBw==
rfqRVqyZWVs=
d9Q4ADUvSFEsCgD0ef8X9w==
ESiD0i/8xIA=
JpCw0jp0SrEbpJc+NcA2lg==
77fz0s09Z8I=
EtIJG/TK1hk=
aHodI9NbxOE=
94T/3+OqFbg=
2YXtKJpCtL3+xJ1G0mKXeQ==
U8fKV5B2bZs=
LZ/pYUhj100=
VM2hW+bR1ayU7cSAs1X90g==
MhiG6pN1cSaqz/hsuYU4qQ==
iuA5hFTK/j4=
6RlAISbiL1U=
bloRPVYMjigQbLglrKKIbw==
J0PRwxg815I=
9cvWgXBFtYt9V9DDK2pJSA==
hXKq0nJKG0r+z+CxdeKRCw==
3TX0h4kZuRE=
jWx+QdWQw6s=
VZH5C/hITdVqO6CRZMHKLA==
wAGlD6GvhWtB5YOssYq4HQ==
oI3FJMsXw8c=
cY8fP+Pxk5g=
hG//jL+O35xou4XEQqjBcA==
UfipgjMHNjKyWT7ejCI2jQ==
coPxS3N/8+qGRNWqN70YGw==
bsRquyNu/N0=
YMuji4iIZ/7LN0VYsprshA==
aub0xuxdSUg=
Z/Aon1IL4JZUJ2wqM4ScMQ==
HzYvWPUnvrQ=
n7PRCCIAEXQ=
I6uk7jXUtNY=
eKwuaduKcsM=
jBlSrmYoTss=
OK0r9UlA280=
dQTsmahnDPo=
a5HpOlj44VY=
cpl6A77VgXA=
ntLFhiV/6R4=
ntLFhiV/6R4=
iuA5hFTK/j4=
Jqx8BEdkw00=
5myMzmsC7wY=
p3Ggo2vFipI=
SVh4Lx+/Ua8=
ZPzrAE+5FSY=
r+yJ7Grj4cg=
VHxkCDg4Y7c=
VYIpseng3O4=
B7xzaNSpfcsO62G+Oq6izQ==
I41N1Aq8PLUaF3Zux2bUDg==
qZY1uxbSxQISpa9o/h8gMQ==
OERurhR6uEw=
TY3LB5PHOCQ=
03uxwlH23askqx2QAxHgwg==
BrsLlp9/NB4=
t1EgY5GEyFg=
SE+w/qqFhJU=
p3NMA78MzgU=
vzFP8A05ZIk=
HL4/e/5Cv0+jfwvQ/YekPg==
tppTRMKCJqA=
/8pxcu63KD0=
2WDxX/sqt2M=
5/wT3X61qEs=
szT6DIdlTgy4s1VYfLjxiQ==
VcQQVO1RKnQ=
XMQ5fit6Z04=
5N1B12kNqxc=
czleITDZOGM=
YovVioG2jndpSwx6y0btSw==
g1L/RgsFyK4=
giAJOrp50Ac=
iqMuxN8J/c4=
CSupBZ2SsUE=
uLlPKDhsed9i3mZy7GTQVQ==
yTkhuUgMw0A=
9WeTjksJveI=
lFrSQtM0mPA=
bvtGSOJTD1M=
6zjxlS0YkkKStU+iQ6Snlg==
RXqFaI3lY1A=
nJU5LyC6Kz4=
pdOOYwWyFqbI6NicGGx7eg==
pdOOYwWyFqZOohdXwdrJKA==
/WjJe1VP3nk=
jk6e77gmxDTY0H5yRnskzg==
uHlDt3R5nII=
nE7dcVqcv2hEXbU+ACQEEg==
TUk2mxaE0NE=
YKcc/oYl9rs=
qLMR7XBwNA0=
1qo2JVUyCOA=
7NH2NUnrREE=
Xua57wTUYE4=
9mF/k0UM3rk=
E4hvVNbLrcU=
aP5zhiZPBGk=
VHK0r5PZiMY=
vLoEkhhjhRhFj3ODLVpUAQ==
Jl3uyYFjJCU=
QHPiogO3y10=
tVzP5eKPxTA=
me2sfcJmTthiUxKi6u9Qkg==
bTdVbkF1zy8=
KNGkLcjW4zg=
hSx4+Rn1vEKPJ0pZgwVxRg==
vDA8hNk8DCg3mKKf0Z8J9w==
LGUv6C3invtbS7i5jv/nXg==
ONkP8a/bR9o=
Otp2CRAFYww=
MSZTQ+4yJ/U=
XXGcM2UkIJE=
hTHS+5ruHqw=
MMZn7yI7GL8=
+WyKT2YrX1U=
0llAF2g/aGQaSVCrvtFfKQ==
zSBX/qL7MsY=
252ebeg1i78=
28cnoEPRw9k=
0VT9l329syM=
CRz2m/dqBu0=
wV1WQhEmNn0=
yj6V7G9XZv0=
s9AMuYlROmc=
zQVl8nzJUAs=
z3miGr3fgis=
blmNIcjcmIs=
INnmiLUE920=
OKAGmMy1sOg=
gGDOCfKhsvU=
qbbj2dcVjXOpkzfJmnluvg==
1O976L0H6ng=
zeSxoLqGRa4=
eQ3x5a/Ac8Q=
QYNYj7tAKbw=
IlV5Gux51MQ=
fzOH7X/KBAA=
dkRM5jheUJY=
Q5xwyO5aSgQ=
V0Q9+b6s+7w=
LPAHz3KAFIndgmuU3PVsKA==
BZFGGikcCbY=
7dOCnIgD+sQ=
RkP+cRhw1jY=
0oZ/n8WK9pY=
L5K39nhTC038vnHbK9MbRw==
PGXqCK0vN3RFuVG2qDryQQ==
F49x0saAeAdN2/waUD/C2g==
oprV+J+LCz0=
P5XVJxFgZks=
ULThZLpFywM=
Ezy7ux/TCl0tJDe25I2qTg==
iKWM3JjOC6bwpqsvQgT+HA==
ksBMOe0m0kQ=
vuOHlTwWQ2LRguqD5CGLdg==
yL+edFH0MYo=
VmsLj28epoU=
dhoTIY1sccHEwyba10R1uA==
aT5SyZd+pmSxPYCMXFWu1g==
fEgyJ1JLnvyT88LDCEqOLQ==
/ZrIR2g4OFdNNGXl6QRSpQ==
goYE1E+sazYQFtHwAU4YrA==
7CQhjLLgWtU=
2XS+mNhcPKk=
whOa8YKfwyM=
ZC8tC7aywzM=
Dt1X5wad73M=
RDwXfmOW/Nw=
/W/cMlNIZek=
alCrHS5q4s8=
JOv9m9F42c8=
HgtYXfLqwNw=
gQFMq+fXKzA=
WCBL3ZNj77M=
iA6L787NwsE=
dakAHISIsHc=
24QJmyia9uBcE7sflgcUXg==
scCVMQGH8fc=
Oo0iaBttHB0=
4Y/Z3bNHS2Y=
ozeBuYPKLGg=
WqXejzhrHK8=
pb8mBDqWNK4=
+O0NW3ltVzw=
KVp8wm4Ukx4=
A7s9uxgq9TE=
tcpHmoJlQPk=
HCFl0VU+CME=
+1YT90sjZeg=
oLhueV/2rIk=
DjS0u1nU+Bg=
vtemNGQveGg=
4yRSqOfnbRM=
qi8uheRvAKo=
OMV2xakah40=
1C+QtGq2lIA=
peEYCtaZRw0=
iUxgK0BQ1T0=
OOA969396Jo=
MjxqKZICnjs=
lFxASnqOwAs=
leYQMmcZNW0=
O/L7nHCz0Tg=
wPpirdW219Y=
7E4YXmmHDu8=
4a71QoePbV8=
iu2wifdyx0E=
q0Pic8HTwwY=
ed2TEW8wmNk=
AKHaiVooQx4=
51Ci0+aLZeY=
I7SuYuUvy+4=
KOqXRQXNFCfsehG8jFadKA==
AhCSKq19/kY=
mBDvvTdTwsc=
AIIVbjcWJXs=
ijFVI0/Ldek=
rJx7ogT9Hec=
YdMorgI+0EQ=
tYqTRkPtC7Q=
iKwCgOgeD20=
gcqdScFhEfA=
xVhgFgb7hDo=
w50IK1gI3mE=
MqiaIouIeqI=
Cwfvzx9gupE=
wQrIVRgnmAU=
5kV3zZUX/cI=
ofMprWCIFYY=
ggNUVWwdVWg9ZqFHmvcHFw==
2s9zMbL0Nac=
BTpGH1iGu6A=
+JxNqm55prc=
eZTJqqRZwWY=
pPwP1TbFS3o=
x8gddX4KybqURCfoNC3aug==
oFyP39Olv1vn0wPjqDKZZQ==
4+R3Bdr89o4=
1AgvZBQA+h0=
FEtp3Cri83lbicQZYI8mtw==
eDdUbxa3wDA=
BDE2Y0/YPIhmsJhHe6Gv/A==
TMCExrWMjk4=
bT4CByziSfc=
8HV9ecKj5lQ=
hNDw0xPZK78=
LPVLq2+iqmM=
eTSbL+/bRos=
0O2+CE0porE=
Tg5SGj0BjKU=
gDH55eQ+Sd8=
RkKZh94zlOY=
dfiAsTrCrZOAfL/XtpJo4w==
hj5gRL0m3JGN5kThQRXXdQ==
K/cmTP3fUhatdEOBBSrZPw==
twCcYzyGtVN3noYeLQoTCg==
ybYefTliM+Mm+A+7bYZ3vA==
p7ctebzv86I=
p7ctebzv86I=
AhCSKq19/kY=
ctudI6nFZoU=
95au5Ps7PQM=
5+fFljLRFdOWHsHU4cy2Xg==
5jqjlC9xW4k=
z74qMFZY5rPUZtnIN3yPCw==
DVgvTBjt2VnLzvlUHPJidw==
9ORWjE7xLZA=
/AZPLRdwIomMmXypzU3TXQ==
miXWv+djo2cXKyUYx8tv+Q==
jq0Jq33GW9E=
DQI8rLzx8yk=
HzW7+wIRIZCcptP7ElfJNw==
JfmGfOGUlrA=
I4xe3cek3OM=
DhkhlSPSj04=
Go1tKdEDJvQ=
wj8b1/e4FlU=
LcGFNZDb/WiGxMwNPYU98w==
INUzYVrNLEI=
XqQ/NOtYIwE=
/767xNz8y2TOjOjpM9gmIQ==
GT4aofy65B3BVBZlhmLI3w==
SBgTfpZiiKk=
DmfP/y0KW+U=
P+dsz9NIcnc=
P+dsz9NIcnc=
I41N1Aq8PLUaF3Zux2bUDg==
nz4/22uYigpoZBOwlCDuCg==
nz4/22uYigoGyY2wPkSDIw==
nz4/22uYigq37LeYqrrXyg==
qFng0B1mLzuNZWoj06cjFQ==
6qc+1AoJYdw=
l59lDtilTQw=
F1YjSAqqwE4=
OxyOIH/e/zI=
o16f+yBe17/sNS/pmETgTA==
InXtEgj8UoA=
wZZoZw5uGK4=
c12opvSrBCk=
dN4fARNUyyU=
o0UI322Ho6A=
b5XFc61ChY0=
AB7RMlm1DccNdT9n+as1Yw==
53Nmaa0m3M6dfIvjPywHmQ==
5So7fliSIpMgXmcduva88w==
PhjeOR3Ox0M=
IPTl50Fzb20=
rcJ0dC7CAYk=
vDluuudT0/xT1rzxF33fkw==
+wFkPsgM75s=
N2Hgv7homdQ=
AhkAw4MUdco=
IU3PmcCqWaQ=
y6ywK2Av4/A=
HIuUTLGEeOk5woD0UHfR/g==
sj7Y0BvwS3w=
WWpdXPcfTNKRs/0GRGEbYA==
jAL983BXyJA=
stVbid66uYWQ4xQeJjxF7g==
3ucssMaHmtY=
onw8PtUyTbU=
qKB9p7clAEg=
qjYdrPef5rg=
tMMGqFNix2I=
v1X9Pg8zWxo4rU25qGCn+g==
FvGwiXu28Bg=
FvGwiXu28Bg=
HxijP+dw3mE=
GAzRdG4jBugwQuN7XZNykQ==
MkyORX29P74=
HxijP+dw3mE=
UrX4poYNbu4=
MGjvnTtD3GY=
vPigvIJzVrM=
PPMAVnOFaTQ=
PPMAVnOFaTQ=
OYT04f+WtiM=
ZPBzypnnYV0=
zQLoJqe49TU=
aCuKkcbgRAc=
BCpWLNUkHQc=
t4b1g1v4mF0=
MJQhmIx8OfE=
2VpPSzjLXzM=
CpEy/NIFxwg=
Ci75h/mAgfLC1wNqx23dnA==
gUiNeDKgoz0=
y+6jgs2fokk=
1NMW4NjKb5A=
P2KqXjNMVc6i4wZ2yq4Bgg==
/N8WF61IAak=
521nYtuzd1s=
7Zq12abR8Tk=
VbA4+a95HfU=
D3cBUT1eO2o=
s2HC9TtLNBb0QKrrgn/4zA==
OYT04f+WtiM=
1v/6KOpUXRY=
WzS7kPKIJ7o=
dQDdwALqNSzy9b9S7SDyeA==
YASgfS6lkFs=
f6YjGFvE0Dg=
TrplOzi/5oc=
HCLsILqEsYc=
8S2xzuYvkHE=
ZaoqFClfojk=
OGqN3E6W5sE=
trYjD8M0acM=
tBCHuMC7yIo=
gNDrVjfHTIk=
q2IN/vK13HA=
QTIqmZfpXug=
G/kjC7ChAO8=
IBei/+opXWg=
5RVWe1z5cL8=
LVMDYCYh/3U=
LhGRld2Kyfc=
rPB4EjsUvUU=
LPTf6BxsKsZ2sIKtn7kmoA==
iZibyqEYn0E=
Gknwt0RckO8=
mPJALda/Ykg=
rZ76/gyZPHw=
bj9FbZw4h7Y=
0kwSk6a27uo=
pzGuyuScr0Q=
8ut8weslVKQt3WJsZkwskw==
6Q3bI2267vcbpwqmaiLDVw==
Q+wphiMThvg=
19kBhzR138Dpaq0/hnrI9A==
aFFIIHWCwHJZje/n0iTRKQ==
M9oWV7ZKhKY=
M9oWV7ZKhKY=
TDCF2sjgIik=
CuagLwPJGrc=
VtXGplD0fmY=
vpXEbR1zBLA=
hzJD9RXcB/NOxfk9gUOF3g==
To5rKVadFgo=
mgpFN3/acnU=
U3NStmDbZkY=
RtJwvoL0Kzg=
1o2FNuRkONs=
B7oz45+cHPI=
aFSGAPtYJcc=
aFSGAPtYJcc=
TrplOzi/5oc=
Lb9RfWpSgWo=
dgiIF9YeLzp6hw/aPJ0t2w==
jDPJE9PMsgJmGS2ZtnCiZQ==
nQwlSU8POoLtdG9YL4uKlg==
F2TR+v1lqo8=
qNAcZIDNOck=
io6jyCz3P94=
NbDhD6L0OO0=
rv5IQp5ijZg=
O3Lke6YBIkI=
lHqt9Kkag00=
+e4qVggrl5M=
4tp2FZqvVwY=
3WAqNTPf5H4=
+y/F1Z1hKC4=
bSQMWj1gKBA=
Y9dosvxdCgg=
O8CiKtef5ik=
aBQwWkWi/v0=
EWUUcT6B4CM=
qO+86RufeKo=
HBnSbSa9vsg=
RUA2A3ofjFE=
asOQFhqRftE=
S1J0kz9+syA=
U1NKDlNQfX0=
aHIdMIo4khY=
1IEWyDolmXE=
OhFzCYZ5sAE=
zdxfqILW0aQ=
ACz4cSd+IuA=
S8D6EZdKDno=
SkIe0Dafn4JoD/RVjIzSKg==
ZI3Rbp5DJMU=
xk8Xg/1dXWk=
Pz37EnrBxyo=
1jdmTclxXrs=
NP4ZyKapzdo=
O+0X4rN1YFqxzCW5kNpPmw==
AMfFNe6qh6BKhCVlwbYV3g==
0FXRN+1UHcU=
hYyxjD9fzSk=
Kb3jkQgvqh4=
vPaAi5kDHWk=
CHVJQppD0qA=
38zgOA8ANSY=
pLEcD46Afu0=
gjQPAGi0jRI=
gm3Y1r5ihuk=
qKHTXMHzNK4=
KMYVhbDKOnI=
f88m/vGCD9o=
UsyOAWKKTXw=
dWvrJJF5nCc=
aInAQS+R2HY=
pjZkim1WUN4=
qPvPEhxv6R4=
cD5q2Qh89OAEmRZJBAOlqg==
9dpds34q7lhTqojWgsSe0w==
6mlSdsiMX/M=
0i0LPG8p8xiqLrBTxzFIDg==
ukk0OB/R6k0=
PeumgdqIf4NeusqG3RycAQ==
UPIb5Gc/5+k=
V34XMTua1EO4YyqQpeEi9A==
J/Xay4dkOx/uu3oMyvE2aA==
MpwL2DZES1j0mkm76fMzyA==
BkqKeDQam+p0hZ/OLHAiEw==
4VIR9Eura2NDKu2hna6oVA==
sOBU5NnX77mpAehsL3Z6bw==
u1SB69G9eTY=
TDCF2sjgIik=
IsjbsUNdj58aZad+fyXjng==
JdYvOqTGnuk=
znLi9iniT4E=
FlTBv679MlU=
94Y4OeDXSBs=
eaVM6/ZfZ+M=
nP6yhTNHjVA=
WMTra8bB+UE=
t9qgRuIa6Lc=
uPwSnsMbIIE=
rlgwT5Wm61M=
Aglnss9nR+Y=
zWZp3hK+s5g=
f/s5trExxWI=
0tEwPCihRJs=
pRZDzqRM8JE=
AI7vZ+a1xzw=
GCFNy0yvA980yF0njjnA4g==
qpx3bKsF0aA=
E46wW4gvyoEAj9Yb9jR8UA==
a+vn1hrSJEI=
Pn1ya+LPRYg=
gHRFaPwBc4c=
VjIGEJG31/A=
GIORB6lvRkk=
kjKheVgipGE=
agUuI92XBIU=
hns9W4g5bgs=
TWWqoUIDtJP1iPYyUOZkPw==
kK+iiYSwerE=
kNiCsA/CqXQ=
U5kWA7iBt8eH9QColULQvg==
ZbSXVUHAdMM=
ceOKxVsAaG4=
cbh1ssoFTzw=
LV9YgKguxB4=
jzBcpSd08x8=
CQWHKH/0ys0=
ixB1OBG3BQddi4DWZg3EBw==
ixB1OBG3BQdpTsk6HRs7Uw==
6p1NTrQI3kk63Btdd5z59g==
Aap7BxnEmni5mJKQoqWZkQ==
PkzeBwWe9J9uNTtnNQgNSQ==
SZKGoffbDug=
Wk4beqek2mE9fMXv0j0K4g==
toyqNHycZo4=
agWACm1dyq9SUjjeLaorvg==
XAqO3unFIWRnLXLqGUro6A==
popkn+ovWwn/Ge/oPc5cNw==
z7rSXmFEQGw=
sAG3OQs2Tic=
6r1weYq6IC4=
nSqafluJczg=
2GOy6eT91rI=
/nmCdvrvhLU=
PyV78VwRrUTafBgkavG+Hg==
IK+RsLy9WiWGM781QMEXbw==
WfgHsWF7OzaiG+rK6DQ5cQ==
ahZ0ymrNezo=
hGhWXNGhW3o=
PdA4wluX/ns=
l31IIfSBsJg=
hcAlnrsABiY=
YL7ekb/oJa8=
z85BlgfzSXQHJCCyy22CbA==
qdDkGiyKE0QAWe3UhYPBkw==
ad0CZjKzbNw=
NMMP7Tw6bbM=
H3ierwu+rYatDt0PQz1M1w==
PfBxTxyAK0s=
jvZc4MnwLjE=
z3sEcckfjzsiWNQeqYwZUw==
Z+Zd5+12KX0=
1N6xB6Nlbww=
KSShlxp+TIP80FGyqOHyiw==
n7j8PIjKmgKFEyNjwAM2DA==
ZhWBukG+cJA=
DWOw/1slyMc=
/Y67mIcD/LA=
teVzaHiaUtA=
qw8M6++2pX8=
Nlk11oYrdJk=
QvbbMRiI9KVRa4bnZmnJzQ==
rSFmJHIIniE=
Ao069pN5+wc=
PmK/DtZCd2I=
FonwoZHbeV4=
nUTkVstWlbHX5v1B8NjPRA==
ICuBddf/lqI=
TsB9WJgpb+Y=
+MeOhCueRoQ3m6ubA4wUXg==
r2+jIvEDv6bfNFZPZSPuQQ==
iDAgDygMEs0=
lqp0O3enLWiGQiuFgOqm/g==
lqp0O3enLWhg08x8zaXF0A==
DAksjwUeKPo=
I+Qojfx7WVzHYFTI87sNXA==
xsiubRswLLUV65lBKt08ZA==
y66OX/Cid3w=
hFi7avBzx9A=
JlIVpBKRMqg=
xCLvBhmzAlg=
vomCaX28dgE=
5n799t1K9VI=
KCOIPRvQDdM=
g41BbxP+QK2HEPZIpXa0yQ==
Y7Y3+ws3SiQ=
84/CbYtDV7o=
WAQt3IdRb/E=
rZkzarvqF3w=
TI1toBK41Z4=
JuPKXcnlOWMUHO2ngucYOQ==
0MNBFPZomwY=
TyUCtn3jsJ8g3lckQlqVng==
sbfU4A3beHk=
Q8FhoD49v24=
g+cKozUJcOc=
DR3I+2AivIE=
DR3I+2AivIE=
GUq1om3RB2k=
VPEwy8R7gNk=
GUq1om3RB2k=
+W4oTzYi5J27ULSMS6VrxA==
hQaLp4ap62g=
nlhAv3iO/vrxWVehygToLw==
EIUa49CI5KJV9Qnu/uiK6g==
ORoFMmRsZ0o=
FtUhbHbV9vg=
sM8U6pN92iIukouLj1KVIg==
dczIj+7PENi/sjQuEksxuA==
G6CHOBAB2tg=
T+zcmlS5d0w=
FrXokQG5E9g=
0GpxrMob8gN+BMTlX1/M8A==
8DYxVzAD1RY=
U+P4UMnbOn0=
BmYNWBS3wPU=
yOyI8pfDZBs=
v09trzE2n/v6g1jbiajXGQ==
vE5fnSdimJXsZ+5eHa0qPQ==
HMePcr4ZKJU=
5li5/cFp00o=
V7n+jcrU2GM=
ZZ6qE/sHAlw=
2qA4G0od4qw=
gah4aBxDMnvRuUNlZg6W1w==
wYpguOuPIdQct8ReKWex6Q==
JSAlr56CjNs=
Nb/mz3ojkLs=
qNhcx6F1H1I=
rlh6soNJ4Jg=
1nI/3ThnhQVjjkFodR5LDA==
W5a5Yi3EdL4=
SnpbsKrex80=
iHCOX9dUnRo=
xMZk8SFz5Hc=
6pNHq9yjzO1pGM2hKDcfww==
s7V7zs+36sI=
hcFywlP4VAY=
6MNOLcytvA8=
kvL6xplKmoyuHTEFSR0d1g==
YZKEuoHrOXU=
h6gq2ynMYO8=
YsLLnJSeLck=
ZyQPzOt4lz4=
ODCckrQWKow=
yC6xIVnpbTI=
xTmMhSpIFADffFglm2gKXg==
ITWltSSdqMVrVQd/zT0zJg==
OAKU648nKIZLlrhjDQ66RA==
NiLpGB0UlNc=
YuesjoSZl/g=
QnwClKl4+dR/3+HFhTonvA==
+d+sPoQzlHI=
Ggpm3vf5St4=
aRPkXMNNQow=
UJHYHcJm34ZgOeMXNlYRjg==
ynZdEmEBY30XNdZXN41Mhg==
HSV19yLEGQs=
Pa/R3mzUg78=
El4b7JleBFQ=
VHxnZuLKvIE=
0E9jAfsjOv4=
Xi0YjJ+B7no=
tyU3EZw4tj0=
EQf/8NCrlgw=
LTSsCV7bsgk=
tCdTwDAw6LU=
vLdffDhDwfaFchC2u/THvA==
TqzfZ0sYJvU=
6qCuuUnfToA=
njwsxBQ9RDI=
Mz9Dk0kqDd4=
gptOfLUZcxk=
uWiFSPYUJ7o=
aI7j01AGvO0=
6LRG/AFBT9s=
/AOuo6bNPrJT/fbCHZIi+A==
RzyK8f7IVrw+AOcSU35ocw==
TELDDvJqKbO7ye6npCZMfA==
hrRMthNnmRk=
tWaPVHOATNs=
JxLPpFlZagE=
fHuvu15uTeqsJBJ8podjpg==
6ia3KHbGcvo=
dOUpLPibmyI=
tVaSVcvWgXc=
gKZ4A2scxcRumSpNQ35vJA==
87X5zvwfajc=
cB+hvz7FmlI+SuC2h88ypQ==
QKm5UVddrhw=
VQsHsvIScv3EzTBAlJY28Q==
G2X4BZPKE5g=
KYox1L7v4jg=
FTuDZH/xgHc=
d3lgk4o+xis=
tHwIU/RSw4SJFYyGAhnBDw==
0BDDp8Amc3o=
lDwSZ0YR66Q=
XmglgNyNPitiLDziR097Ww==
d+lzNN+MuzU=
Lw4x22X5z04=
vMQ5UsZTRx4=
qmA2fkH6Obw=
t4nTJNjZLMY=
2rJRVX37zd0=
CCMLCfexciM=
nhRqKfNqX4jysTA+6RYG0w==
lYBB1BFunKs=
d1Fmaq/IcQY=
yQcXzklmtbo=
G+sLXTFb3Fs=
sfEzCPBKQuw=
TP++ki0InkM=
Ta3CQapv+oY=
uuW/WnisJnE=
SoaNYipAQDk=
L8OvO+Cz8/Q=
1zorZA1r8Ps=
I3Tyb5Hu6Qc=
q39lnJ5NpX4=
PNHXwAu4ibQ=
8sCE0QGn/5s=
wgQJIae2xnY=
9DKXlatH+o0=
fSLsaqeS89I=
4pMTPP8FhhQ=
S45BWcPNUDWFSHODIBJVRQ==
XJ/G8RPx3gE=
E+JGEsv3vICU3w8i2WJylg==
Ad78B5BEEc0=
qdftYITEyoY=
xdbtDiACtnVwzpiRtGbr+Q==
ggoPyGIw1iQ=
VPN9M/4XhOs=
RvDXsR15syM=
sDgE47HqT0Y=
L1uSqdqB2ac=
7KxDZ55P+0hn44GBqChBxQ==
aLN0Kt/0oUo=
06/a4b7PFTo=
u6OPeRr+E+4=
VJl6TJMg6t0=
qmVXE5Al2Zc=
XP7ZjF2lfXE=
q5HhgWhJS7A=
JR9fs/mLIMQ=
ex4U5yTTcDg=
U1gtQC+CEK4=
iJZcluW4nmxupjN0o/lrwA==
zg2uoJ0AIudalcfV15Z41w==
GF5X7s9D2Vw=
NLvPr/HKsRA=
v4S3GVxu3ig=
Z7dLaqZDTHYSz4J5qqLx0w==
cEjjwoGYL4FsRLcZwihGoQ==
Ed/b31a3LiU=
7ub5NqTEQhU=
mPwae6ZtvrPY4eLcpePSlA==
ij5rwNaTxEM+oGyHn2oJVg==
LpTBTW2RNKxzUYE07x1kgg==
JRXvpsli8HY1q0yOo2VuDw==
5AEmYP3+11A=
bVgcE/w+8h8=
U6HJML0FUtOqqPnw4eBeZA==
JS9GFFVuXyRZYORpljdtMQ==
xFOCUW7yYnI=
TqD37El6Mg4=
/aXcUNVMgWE=
8IKMWm6qNEk=
lxwugVqdBEk=
J6JO6B7eb/I=
pGbpkRKO4JU=
D3VfXH4BtKU=
vGS/2/3nkVg=
F9pr1rSp8wM=
GUDMQ2USNIg=
xny9E6OpoI0ghz9JRB6EKw==
5vmCkcbXLI1YgX0NOSa+6g==
5IKxMAYVDhg=
MlJB2ahoHf8TZQZuhTlkaQ==
3YkMOho5P3I=
xpjIgogmAFM=
EZHgqSs4tac=
u6u2iKhGJ80=
WcWCUt6lWVI=
vI63e+rFkR8=
oVCuTnM8HwY=
a+27H0LgL1E=
IRM0QtmrEpo=
exLRv53OIKA=
mlXk9OXmUbo=
JaJZ0ytfcoM=
3e/ZRIpFc5BSVlf5b5feoA==
iE3eZc2bP24=
vkMBZpcbBAM=
jCglmaS1DgMso7AWrBFL1A==
C4QQWqcwn+g=
C4QQWqcwn+g=
k3X9L8GLq4I=
OaAd+RXjgHc=
OKFjwlEC7eI=
R/c8t0iu7Ig=
DII/ieK9fFk=
7cGn7bYkGXk=
G22oX2u/ZkE=
BeWvrVrHwPI=
4fQlF7nH6FI=
5blAW/uo4C0=
ZJTALKmF5aE=
mvW/1OB/8tI=
E/cj7t2IDU/F3+5pkzz/QQ==
0qvobfyrAp8=
tKPNiqVbFPo=
tv0/UzdcokA=
I6IOTc5PqL8=
XpVxRyuai3M=
iT+l8dmawvo=
EV+Rmy/BDL8=
1eyy8Vj6E9w=
6dtGj1sloBo=
ucEkafp8Vpw5lRf5X9Rmqw==
cbMVjq0p//Q=
g54FbDxxUCQLtQo+qT0rBQ==
soiEXLnNRcY=
5/LbM905wcE=
x9KPYiGl5Bk=
YgcCQubDPzEjSgVi8SeeHA==
ETH+wU0J7CQ=
KZ/ScOHXt/yCh/eCqxUKWg==
nO41kcsAUkrk4VUqGw2PKA==
l+OKE3n8TfM=
vv+lQa9DA4k=
NG/ZWbp/2J8=
zlCDTb+F/JI=
qq68MOgK92c=
+y1+wkVglRk=
Y5g2eXF+8bI=
YlH/qI7OuzA82hDlUmP5cA==
7Xden4mIN6k=
+QwIa3wQ3FE=
qBb1gOX9sNMMUoUY40zbwQ==
6aVmJU5AJsI16VHsGkqc0A==
8eEbJgEFsHs=
e+sr9a/443M=
NTrVZyXSx7Y=
332G1oFWaZc=
wpzxTW3pub/lPu1X0PALxg==
rlfrr2R/TAs=
8vPL9RRyiMQ=
cSyjXktBzRs=
aYUDEqJuWhI=
ITSpCvL2uko=
SLtXf0yy7ow=
ilTc+HASN7M=
ppTNZAjEdSI=
eBw3MM7/mTs=
iR5aw+TLXtNXB4Cl+bORXw==
4yVhyCrIHJ0=
GlbTcJ4Ehd4=
uVQupdFQyHU=
B3AZBebS08U=
Wb/JyZ6NWVJSO1WarISdWQ==
C4y5aGIHJ+T94OysW7AfTw==
A41tAZZRRbQ=
TTU3JQattzg=
bIsVdN09WpMpH0waHh8x5w==
K0QZPgUpHy4=
z+o7vT1P8pg=
IOjwb0xJ9iNE0GqRpjIv4g==
m9KzkYHU1ck=
Mmbtfoc4JGg=
3WnxMl8WsL0=
75FfVtF500MUvyIo8kr7jA==
g7hVVOfgtBjFmkBQGylVgw==
WXrw8V/ry1g=
LG7+tRjhOeU=
qFulDXkSLBR1ru3dUG9gdw==
D5Q7DHIbZRgSTEMEN2V/pQ==
5DMaCHeCB8toBRKwAvReUA==
NHlUVe8+V4biwH6+YcOTBA==
YEt7+ABy2bI=
GgVwmT3Mzvnc4GOQBJ+LBw==
ci+QBaYsH1uxWPcqwiHNdw==
jIbIohL1LxI=
PCWGK6eru0Q=
jGdOihbxLpAOAFaTa0HhIQ==
iHUktBALvxQ=
4KaoeVz4DA+sZMG7OLi/1w==
5IuvTxaR0go=
GZguf621nxk=
aFRSU9yGm7j8HGpYo52xsg==
LCUrFyMcPQnqbwlDDHWZYw==
U4HHuWRmTto=
YDsTojMaaxI=
9x7A5AYyvWj/Cfy/HVa+zQ==
q1y+KA27FtEPJm7fyHJNGw==
LxvRZoQ5m6jgMQBt5MIGWQ==
XVbdyNNMvYJt7GKhLGadVQ==
JPvRhReFkU8=
KnY1YG8ylhs=
JBFqYUqQIJY=
P68Qn2fZAZc=
Hf2sKR+w+sI=
M0Mdsd0kDjIrXPnXBktjHQ==
p2KEQmOJDFw=
Gcubxnw3u8w=
pOiyG4iCZlI=
Qga+dpUBoIM=
pAGl004qBhbVzwWFvqPiGA==
/rh8q8Tv3Ts=
Ii6JVrOU45k=
PjJCh0oq4Yc=
3j1IaUFCvaY=
lgcQIMBBkVg=
+B7ZK8DkbjQ=
HaG+X892R7Bi9ylUIH13FQ==
R1rmXP2XG6E=
XlFbg69JID4=
OU3jXHGiwr8=
VvQ50/9dDJY=
XDFDHSQe67E=
yr/zBHTkFvdMvosnytT88g==
ccMLa4hhzNCFvrVgRt/oIg==
zL0rvtoNKUeCfD9CooL5zg==
QanF3FmzBcA=
x9Xqubif12M=
tEUjPob/4Ba1JgfEYBLWGg==
ocXVBl/9yvdFvHqJWHdbMA==
vvbsnuQiYRY=
rzE/P77LHtQ=
WnShdHJGpMM=
gXjYO7mggFjO4IrI6WEgLQ==
35r8Gi9zKeg=
Ow2h6o1V/WM=
qIuzVksulRo=
VNO6GXPhstc=
rzDyUWbjMDtaHdx676Ip/g==
7XSnnQwapYE=
3/y8Nba6VNY=
QeupbyovUOU=
XM6kbFpndrc=
v21BkbjALYLf4IZuzWGGSw==
haqqzMa98TceXDLo6kTT4A==
ZPJCybnu8LA=
S8gPaZHQapVQSuIXcLnF7w==
GLu2Os8KYvJDRHXg+pnK2Q==
bktO6H0FGtg=
Rp4TJ+xbG/lhk0PGAZNSNA==
L62CFcaXAz2L20YNA3O57w==
r/tAyjAA9qCweDm4Tr6WVw==
zp+cMAANgOw=
6iKmpm8/b159mxcoITuJKw==
f35xnK/l2th7IFT5DoTu4w==
YwjBeIG3504=
tIfq8kwfO2MuY+eFVex94A==
vp9x7dmxwX4=
4m7Co6kTv8YhJPAz+BC7KA==
MRFQ01FEvcA=
kwmfj29FTRw=
sn0bR0+blVGYXBrTBU/XyQ==
5nAjN1kRc/U+1+mWd0yA/g==
DiegHf4Lw86mA4Fm5wGBYw==
JKknaDhI8oAbRTJd0Uec8A==
Vwr+X6qMyo0=
SK8Xp7v6mALZi6OszEQ1Mg==
8HofySwbepyLdqrfZEs4mg==
8HofySwbepzlTVu2IDQwUA==
NQ1fAxNBw8ZWqaNt2VZD7Q==
uc1Aw5rp2BjWJ0KcAiP9bg==
iW/qStBY6ynF76ZMSNW6Nw==
3cfRGZXT9uzBwpFuqo4l/g==
uvPp4jMrEUfqT1mpFiHm4w==
nHQ7qozqQpE=
LY6jPbi9ZVmK/9wmrOzNgw==
/JTGArryYZB6QDZB1gLJHw==
jFIKyqlzQOQ=
pvu1l7S1UZO6W05SvHObNw==
rfLK54/CXojR2MIfSndk2Q==
iZWQyg3dl9I=
uDDum27+W5A=
DJRATxc6BcclHDE5yd3NzQ==
WwV4mN8kqCs=
+TmHZJBIpgkkGbYwmkORnQ==
MrBW+lh8Otf3xztTq15lZg==
8BkAEGIu7QSPo53mU84fkQ==
bkiigFVHJ04=
NH8FPr8vPtI=
5q8AE1/QezayvZqsUujUEA==
W8u/e0o5hj5ec0diRkIypA==
wF0mwIX9GdcJ8zvbN1TrWg==
9mkG0/FjcTvSP8Fa15WVcQ==
qre1YpInD54e/wTvyqbxLQ==
SGugXYtROmfuijY5zZVYaQ==
lCviS+vH5as=
mZciNZZ1RgM0XXkwc52j7Q==
y7J9OZJXW+9FMs+PwiRqPw==
uJOXqVfuzWe923m0gW1cTg==
y1NUilu0L2nws0EMzFq4Yw==
qTYz6d0DxVuPwekaTT7QxQ==
CEHmTr04osbjQpnzeab5sA==
O/l1n8Qccvs=
ug4Bbz/07Lk8NZupV3xfZQ==
bYTSTHgv/ex2NTldLreLFg==
Fl52dQVq3ms=
vY3Eb0GzWVM=
EZtK9wxtfFM=
NhUKhckA8n+oph1ftOUmWA==
I+WEzVZTLm0=
mZwuw3z3aHY=
aAyzUtySQd8=
AgEKk+BuKbA=
KKX+BwmBX1WSCpeCAGWvFA==
TVwR6nVzu5r/EIYSUletYA==
j88pjTQuuHQ=
pCFoPBd4oaA=
0uSVcC8Cb82pAjCCL0/vZw==
KJd7dwB+Nw4=
lb0zEjB/R4g=
buvx4Zf/Yrs=
k8MijWOkvgLZisyOUNz8dQ==
pff138chBoTAFhFgWmB19g==
U25llA/3wgs=
ncVGO9QFAsM=
/uOwMcLPHDk=
pXjCLZVF2PX7dkeqdrfj5w==
DCw5OThX+xg=
XOR+Fu9P6PE=
D582MLfjcIU=
QOB6bKQC8vo=
F/A07mAkYO4GhenJuCGreQ==
L7XgwB7ZPTfqqDWJO2tDpw==
y5ZeBYWsZY4=
ARKn/9yE/RLIp/mk3X0xmQ==
Q7BEBBn6CQ5LhrU8QsyOSg==
tfyEGgTNZOkJ9ovg2c71AA==
3S9b/ZpLEx0=
iVPWNOxlQ1Y=
y643/bHnnCVHfND6BysduA==
IKYjcrBEJ6c=
U6uGsO7vUx0=
2EhmaVFqoKk=
IoXrdxngLR4=
jliQOsZYFDw=
yc+Au1XBdjo=
60DV1eOfqMw=
soxQzMnDov8+tcBksTXPKQ==
k80kltBJTDs=
1F8C7Yxu2cQ=
yEs0KW41CNc=
3cUOnlnwaZLY5VICJRQ8RA==
hT4kKMxqUEs=
qEbeHa2UmeKKbdNAEtHmdg==
l1JSoQm/gXk=
CL50dRSuisk=
o9mAgH2rOrM=
ofH5mzI4vVc=
q47+NEQkkbM=
jiuB9MGoHsVGV1fJorCjIw==
+2RDwTzXfXbFHMnHn1udQQ==
+2RDwTzXfXbFHMnHn1udQQ==
jiuB9MGoHsVGV1fJorCjIw==
RmtxQz/1MdM=
I06qWHedPr8=
hFqeYDbDMEo=
bhxodnWxtQE=
zckZwtpd14s=
7K7sE2Rk7k0=
BK0pF71stQ4=
iRfvqFBCMZetMaMLjIys1g==
i2TwP42XKE4=
Fw7ASfvPX+x9jbQbUlsFHg==
O0G1zk+8B7eOC4IKeVEF9w==
zZ0TBSHRne0=
+GG2sprq1ZwBjaJbRXsL2A==
GHf33pl/YxJlNbTJSM6siA==
9H+4boPHm8gBCFYnLQoEgQ==
PZzCHHL7MGhW7UFzTEshyA==
1YLWUMg8V7w=
h+sYoYVYOBc=
kPWTuKoDvsM=
Lhec9Gk0s+Y=
dL90RCwo9IY=
83Yv8O1///M49k6VlZ7I5w==
E4PnIR0aFrc=
GzHd7LAJXLU=
ma6M2YCuiVs=
c4KIgTcj3hB62KIGurJlaA==
GVGlKo3T83c=
P0aXUPOg0It4248aYu02Yg==
aCnwnOShWa8=
+FU8Jb00hZc=
LHBMwWtCUD54Al6xUWpUCw==
89lrwjw3mbk=
twDnZtmX67U=
azIDhES96vDZBwRAVBjqMg==
J3LJp0/9SAE=
CCV32wMWPow=
NIJHmF9Sckw=
OdU7rVX112A=
XTzaLayBjks=
S0L2zzoTsw6x3OBNjxPUxw==
JeoIlW59vRM=
17A5tpR2p0mWDFtdWYK2QQ==
VVdczk0pTaE=
qVgav6tCVk4=
osjRyyysFro=
K2GJB37RN1g=
TG9eJQX4WEs=
+Zti3yXCGkw=
6JnrqLjOEjw=
VtFNpxphhEpQKiSuYY4s3g==
/z65bJZvmQg=
3Rs0zyfnhzc=
UOhIIT26mCk=
M3wK0ICIKnk=
x8nSoCjhP9k=
qWrIksYicr1h66DxGfGijQ==
dpScRS6647Y=
Lbme6k+iAyI=
iKX0UxHr29g=
MbYLs9Kc77o=
Qx5xcKgMuvIHgOw6A5fxwQ==
z2Sa/baYpiE=
5hbjASVvbFY=
PYcxM3CV0Og=
4A77H0VdXy9AEvpA52ZFBQ==
x2zzhezKSME=
eL8x1ZZ7Xuo=
N3hW8ykXZ+g=
rQqWsgCUTzk=
9L1+foq7ZQA=
+awPsEk7qwo=
P4Exfho0JUw=
zIMh5NWIe5o=
8pJWYLG+vk6YNF3qmrUpcg==
WQiPAiRtFzg=
70lpcNBJv8UGe9+nS18hLA==
V7XVCvlwHYc=
YzrMImqkU4E=
rMCToaCgdXk=
DnUSJwIhGpc=
2W5nsX5sg4yRrdgVDkKQ3g==
7OlDezWnlrw=
drgsPApOlzY=
VafMNTls0mE=
Se/msqP3pHU=
N1+jvVWOkJs=
q1k6zUdmPNo=
1foHeESYImI=
p5L1MupfRTo=
Yb165iHdXINnXsIhvpIvoQ==
nNFD6SFujxs=
pjGVSYWVwXAXrbLRP8XQog==
Khwbyfwq/H0=
ZTVNsd9r3Ure4e0oj8Qmzg==
LAPcOeEilz0bx1f6MQFG1Q==
wjujsF61m/4=
HH7woHxS/VLQljv2FGjFzA==
kQtmGVmUSqY=
m2uVqLDWCcM=
NMJ9liQzfZc=
12ZrFXxFgwWiIuxTTazmVQ==
EWAT40jgywY=
y/i8HidJN00=
dnLFqrFL3/hFrwZlenfijQ==
uIRJomTA42s=
DZixZ/wUbns=
HI0aIIHELNc=
eAm6GQj1DHw=
fNhSZq5ef+U=
2dmWvK5sZvs=
qPu96PzYVIQ=
odiyz/D/wdw=
o081bfmloSNLVJnZfOmNvQ==
gW4aQ7qmiOQ=
m5y71FCubBg=
4WhwWgM/j30=
+zsRc+S+Qm0=
PnS6bDvMajxc/jt7n9bADA==
xuBqABZh9L0=
KODer69AQZ8fOM6EceKEGQ==
dR5MLwjTRcjC+9G0Gm3AkQ==
vGUaejkL8ajzT2GEl3flvw==
KpU14+LrVfQ=
FAOOpfr4qaA=
EIR6ZmHlc0U=
+GNzLhi0vsc=
HmVvfIq1pVA=
bJvCstarQZA=
tsGv045iexc=
C1n9mn5SLJQ=
lC1+0v+6Pcs=
6Cyhr3zebB4=
rZSsxxKGP/o=
RpS6N/EEgpw=
zRSmhWiEJQQ=
d3FDIn8cNCM=
dD2LZPuuszk=
x8Bejj6UH8o=
ViljixCIPaY=
5jb+CUf5QkKc9NntNcKpIQ==
UBCHsXSgJ5k=
xNaUR0lliVs=
Ivd5cFObKIs=
+N5+HjTxEu6FBkTiV326HQ==
8z/b99O79cM=
Di/mOIRa/xE=
iFZ13MouTac=
jjuUzq1b4go=
TaPCJ9rHFQo=
crztt0Aebt6UiNNS3QHFEw==
SLlRYcTonFU=
pakQnk6iKZo=
GGtuV01A3GNMWxyqsQIBBg==
Qsuik6NcIoY=
Iy1LX1WV3V4FCsfGBFj6yg==
pYDdNOePXs06IHAlZ2+dUQ==
vt6IkbFGlgg=
S2nozNx6YPw=
kGr4ziLTX68=
W3yO+aprOHENvCJE3w8rSg==
hZxJPSHwMjA=
iOqQmq1NKkg=
4zFmPnfqKfYDElVAdJPTKQ==
q0hgXzyEn9I=
UV/PDw9KbRU=
txYdoKpL+YU=
E/HsHfqYqpY=
Qj4KEABGjW4=
48Owg6aZ1bk=
vN+XhJ1dYlY=
jcoO1jyhffI=
dScW4bGxxGo=
puyqc4234w0=
ctpLeXimG2M=
wO/3vowKu+I=
GQj406qKuXY=
pKmqCzVPQ1w=
szrRCn+Is3A=
6h8KazKtjO8=
Qp7g3f8lbgo=
ZsQoLQH711U=
eoi7i2P8NOQ=
6wjI5Otj6d6QF9m9x/El8w==
vo6CB8PPrSY=
XCaob3QnCd4YroE0v0nJjw==
u9HTJFKqVQg=
Af5Zb/ZPYuU=
tQHiYqhMOHs=
cVN0zKuSk/o=
wt2Clk1up14=
u+YC1lbbfbg=
d1gFVeccM9Y=
fxz+PwRe+QY=
MMC0OpEJogU=
yxOQ3IUpC+A=
pkMQ5hupx9bpkhy9/hCD7w==
Txoe/1mKC63xZiY/wnD9Bg==
7f5wsIOF7bA=
prUPBbBICUo=
TFo5WJwb8gI=
yyAudNpJZJWRc+I/uXS9TA==
d8r8jDFMV1MeBXdhmjAgaw==
r050mel9EUE=
4TeuYoB3Fzo=
5j8HENGkMh8=
urKhTIujLfU=
loass1GwRiY=
qkoF0z8wmSo=
MejThHhhaBA=
7RA3Oydi+VKTtTsufQymhw==
1UH5vfMIif0=
CCE0DLV/U2o=
zwi9JhsA2+Y=
er5i32MLsr9wkS8sqB7cJg==
Ub755W1ycK0=
TF7VVjrDRRQ=
dNP1XQhzfUA=
EE0VDOMSBwI=
kH3Uv3vgv2o=
u6J36cW8b1Y=
xZg5wkd9AVM=
P7d2xD4iyDs=
3oi2NPCHRo4=
Qy9CzIGU1EY=
lcdr02D0978=
jcygPkNbKgE=
L8YPTfCWSRE=
HDxv/L6xDh4=
cvNN/x7ce7k=
e7xjkyLiexo=
9W5Yz6xjWnI=
1RqE/tlHlhI=
I177y/mx5uW9OFkadm2ElQ==
m5EQrlZN550=
Oo9tqGJlXsc=
duwj7xvZRds=
6949CvUvwJc=
AwqvFl+bMdkuWzDn1qKwJQ==
CPzdejh38Wc=
HaPCJr6UntE=
lD/0FW9TDm4=
Z0yxoZLOcnpTTjsCs3WrCQ==
woqxrVgC+nU=
BOmyw9yvDeg=
1PJKA9o81Zs=
tfegmiq2n40=
LZ4WpL8rmoI=
+k2ONJ0WYsYkw8oTZDE8Ag==
CSZED/A1Jkk=
I8WgcNckGVc=
YT6vcWx5fR0=
qwYmpBdFck4=
NdK3kwkaAgs=
Aq4QP0Yb95A=
1SKVWLw3m74=
eaTLLDOynzE=
NYFR+dXVAnM=
I1I5AkFvKTc=
DF32F2m4oJI=
55jJWKehsOo=
7mnZ5ZnaxxE=
w6vrf/qyezM=
AeRMpGK+Tjc=
aUcXC/0iYcU=
C0uCeX40r9E=
zNW041ql0E4=
F03rwhKHxBM=
hYtYO7Ey08gXmDA56gwBGw==
Pv94hfUj5bc=
t6DlsEpJ7KxDDMPesexfFw==
cGUZkbVYig2Kw4fPNB2ayg==
cL4cVL21fLs34j65pLfULw==
7hyjDPF6Hsw=
pQ11ObH04+Y=
gD5VoT8DXJc=
7od2EDxrIi8=
eUmWwu6XjnI=
HsTEJKStuKxtswF+DQ9q/w==
VSTehMfMj9T73aEnH47CNQ==
VSTehMfMj9SH82r8/du96g==
h9g3ZEcnjw4uLxjMrXMfNQ==
l0PNRDJqfYHBny6WMeWQtw==
l0PNRDJqfYHLVn/8BunRjg==
1R0mUx6Wa6nfNPESSsjJfg==
fzUD/qeIXPwDQPTCzbCgmw==
NlwFQ2i+9Ics141artYpHg==
TaduTQY0E9ABNwyHKoTq1g==
9Z5enIZhgDFG+s05kLp2eA==
HtNA8IVAWJJ1uUhKExD7mA==
n7bH2te5U4cO/OGuFTxyrw==
4hn6NvFbRLO3aGMR/OzYqg==
HAsNoR/awKw=
WcQ9oKJ4cVk=
0LXC5X1RL7SAIX5Efzw86w==
/xWkOWN7UfX4YAJx3P5iGw==
FFd+VEpHGM0=
dGAbvCOwkCk=
vAJde57OYvU=
Iua8KsQYmOk=
6tznKgyiZ9J6goqfWlSHXQ==
WHPKNMHCSio=
2Uq3HAZer979OsoYEceCeA==
UJMynYXUD6hIoic/B48s6A==
UJMynYXUD6hNqJqeFkP9hQ==
UJMynYXUD6iLCgobpwfX/w==
JYLQBV4AYxo=
5iDMSKm5ijTcaRl/CsVAcg==
5iDMSKm5ijSvSZ7i5V1yUw==
3feozeGpis8=
zN05lk2a44Ux6WDTl2ZJmA==
dCYDHvRXxHA=
51NLfWcuNna5VWBhdI4umA==
7JrL2RBG0p8=
sXThTDjMrKTS68DYLLO4HQ==
UDc/yufzilw=
LQz9VQexnIYxX24dd+kNzg==
wzcCWp0wkn05O44dnULf0w==
JQZnkCrm4ctd+t4ZVx7uyg==
uONe4E9YUWAWlWra/7YR6Q==
W75ZLPjqPy4=
4yira0Tj73PAUSZ3rDRVkA==
G0uMZa35sc2S/Ho7M0uRoA==
ct1E1q2VrdokAp7ofPkopA==
UrOU6NHKjLj3BUOmFX6ntg==
Lmr585E8G2A=
yCqfOztmHAE=
POjkIsL01D6qfQC5rt6Cfg==
rXFoobh2mpTkAyOJLF1zRg==
TTZsAt7sBXs=
GReBJscxxOo=
3h+gdsYsDOk=
dzGOfqqLxsE=
cEJwB0dE4fqdXosjeOMYdg==
HFG8xP2AT+HokffCiflKDA==
VY6RpEkkAtTSBwtdsBHMag==
Cwgxt66VdATqxcL8wSzWjQ==
bGzN+u/go/E=
FVWKXyB4yMuZtMkqAbLRmw==
iBsNMbHQXdQ=
FsWrIdea0us=
gplhfKRAAS8=
WQSJyUuwMNI=
vhg1atEUZE8=
KH9P7GKrCn53Eenju5gh3g==
f8GPxukTankSJLfX1aeGtQ==
6YjMbhc3yEirDRsiaYHdDw==
dOQBuSdLPWk=
+JwBB4Xpsek=
hxEB8+VT6YE=
cjgqQ51/VcLOGJucCn43gA==
jC/+bJHnf7/h21P5HSqEYg==
XWQBl4jNTOg=
J5zo2C8IVIaJlqXBi+kdCg==
rAzaCB17HwY=
q9sevnBXlnrmZDR+5iPLPQ==
q9sevnBXlnr/MJo03TlEHg==
D+EYbZ1sOVU1nWpRpm6ILQ==
Ey+MxxQaeLQ=
K5i05PinV2TLCSomZL+sEA==
fU1HF8z3cuZywI47SdqezQ==
E6AsCbzrmjOuJtSgPIwWIg==
9l2KsfrnLIZ/+dc3Q3IMrw==
meZc8N7xVPc=
Tmp1gbeDiw0+HSyCkK5Igg==
uMbthyHqD+YJ+C/UMZ3Ljg==
bGxO7rKqwmlWgHD6moD2jg==
OKeVnmiMyBY=
UIqli9p6xIWd0XSIaw+Jog==
xAlPa5A/hvk=
Q7XFG4Uhq/o=
GjhaEzLtLkI=
3d4YNjk3aLxUCn+rv7flag==
bxeUTfI9fA6dpJJ4vo4GYQ==
FX1bEHSgGCA=
hCCrZ9ET/bE=
m8iGfMvtbCIqBAnpuyQkJA==
3HFlV8c9Xl7v0N4XFids7Q==
6Zns7jL5/bo=
CwOa5ZsPMc0=
ehRCk7ULzH1yHYA5VsIiMQ==
ehRCk7ULzH3nsjZtWyTTyw==
Z4oKgHoQNv3lLBy9gQ6AAA==
a+mn0542ClRt9OM3BVaunQ==
mI6TobgAYE4=
HMuMqFxxC3s=
wI0QKaK8KLzYT7pHJkPhbQ==
PVjT0IZBIGI=
6etZiyPJNPk=
Z7kxY/SSdEwNR4t7bcFGiw==
0fuXis6jEFQ=
KP1HmZal6mR7CQqK0dXDPw==
3+SwgS2VZ3w=
g2jYVaDdjR8=
Zfg489WI4eU=
ZNAnqg5UPXoGlgzcoFjSJA==
OzAR4LXZUEKcIthQmMLZfQ==
ovbzQTzaMF5GZgpa+mxj0Q==
4JDLVHnG2d0=
vwnNfgi7by8=
95f7O7/fwo5KvXCgtNgoJA==
95f7O7/fwo4Lh1kyuBOnwQ==
IZydPpJRovND7dADRA5kAQ==
a9UgPcS7O/0=
n3lmfjfwLLw=
AGXu1yHWWJw=
pJVxfEplrJQ=
2F/pWD4um+A=
FpNl0r1oaslKgac2vyc3JA==
o8pHA3X+kkQ=
aDedN/ecu4E=
+duIR5yGp8s=
zuEh6Y2+q4rMXykU1GqWBA==
tmqLpJ1Yy8s=
6Bb5VxWjA4A=
zSUN3WXXtfTS17mTabn7Ng==
zSUN3WXXtfRB3FRB+eUVJg==
D/gaaQ1Ve6Xk/EmYxGOcuQ==
S2SeoyqsbyEF8GqwEyvk6w==
pOG8uZSnxzfZFMlMxSFOrA==
V29MFPUqBpE=
CHoI7+YhEQw=
Wdwb2pRT4rugQoNxU4tdRw==
Na++q8t8hIE=
OlxPh9dqzZU=
87eQXBrXh1cSbJhpwtFPPw==
RLSj7H9Nk2YunuKaYwQVjQ==
w8u2Oi0d8Rg=
3ufMWBV7dQE=
pBcK2x6zNDg6o7Tyzbdhlg==
XcQfHwMtqvk=
7EX5id/BPLE=
IcYDhoxM7Bw=
Y8kYAZTunTk=
8FEYQModvHI=
VL9mla6g2pQ7SULC3ikigw==
I1PoawtJ3UT5CRhNekBAqg==
rPwZ0thfM7s=
Qv5seXeunNY=
6wB3/zXAE+/Oivtat+C0dw==
bpfVtNjGO7I=
S7pCBnKMwMbmGkX2vt1ZfA==
YbFv8a5Qp9WeKrXjCmrGEg==
LI4ujj5hPJ+1DtQOT29eyA==
d+nbmElxEdMXJnE8/+5zjw==
MsUAX3VWJWs=
AqgUpjVksMw=
HqTlfsXsfDra4okJ5cVoeg==
fNSCHTxtMyQ=
pBvuzJrJ9Ek=
aN9nPtZyHQg=
7ytj2mbYZLk=
NKZUj9DbJdg=
S3YTwzksb4vKlNuxWhyy+A==
Pk5krTJ6+52/DuwLECrwzQ==
aLe7BGwi0DE=
7HQvJVp3AWFm4C4AQ5jq+Q==
A1sGf79aylHI0B+LgNUUWg==
CJpRKf0BsLPcpXvm5hd0cw==
eJ6Cf2T8Cqo=
bUYyS6aUSu4=
wo234StmOJ0=
j9aEkOw/31I=
ZvU2P7ui1SU=
OWMXYPAvVH0=
TMkvjVrbn+OP0s7Lg9uCbw==
aB5TzMivmVcQ+BVljQUzLg==
VnTOiKEckN7rDfeIvc4g7A==
rP9BTLo+51k=
BWGjtWL6oG8=
WgBfc5I+8gQ=
+26OLwP0vuqt7p/a5EC6sg==
qfkcUv0YJXc=
G6kJA63dhS0=
vUbXS+d5yQM=
E4uROPCTseM=
xAV4tSyhhcLROlw3xLaQpg==
igN53NqzUcE=
PdPnIg7oNiU=
BubKUgs4Edo=
ij5wn4VlGQnxID1XNlx3DQ==
SyVGVoqfqceRLfQ84gtFdQ==
qjGA2pIGN8A=
UoKfjSKy+MoG+psLZF+Q3A==
MlLSpjuZT8Bb5VMkQMy3nQ==
qXTQRTHky83LX7t4TvqCMw==
s2c/FZ/GNLSbKCv4z5XbUg==
8XZzsXFwWexBIMDZFwvC2g==
hCzXU0ycvGDJAwUh7iEqWw==
8iA9gtT2VdA=
8m3COOZPd+c=
OGznLR/96fg=
qSfxbVuyC8I=
H4c1p9MV4TI=
4eEASiqy8+s=
F4112co/xPY=
UVzHCl3ThjZ4Y1gNatOTAg==
8pbBfvAUDk0=
O386L5etlwkwQHb8Lj2xwQ==
cncgSSkbkiw=
CtmUmtkFe8o=
x9ttZyMF9Yo=
oMcXMkeCmLdwoJhXwa/pxA==
jplvAawZVMA/yNJGpkFU3g==
BcvTRR0Aqso=
MF6r6Wa85jxmP6LJFrPsBA==
oBrW7tcWTNM=
jQHc906bZZA=
nnT8V0X6sls=
aKUlL1QICNU=
pWJGLOrhdVM=
Pt12my/kUWg=
CIaeUqpJKWuf9WQUru5SFQ==
Lzn8kRTAgKA=
ZRje1br3asRyWraetqr/DA==
P7ZmVNpgl3p1RgWDSQYsjA==
D4rUrJWExPU=
cHkQuJwLPjnDMUwG6z1B5g==
hcS0FEh0p5M=
OVakatm8pmo=
SOTTSsqwCnQ=
ZSVbgKUsyVIHYBHSLjWHtg==
tOyk6UNV4nsEaD8JLQHWNA==
kKRNsOAyqtI=
w88p0aCjPACBpqcWRvhnbA==
sXQiAO2sQIw=
KnthA6QzIqo=
Hb5Bic7MgEg=
h1mPQMYaSNU=
UJuo17OoEFo=
8LJBAQ8hYrzTIOEPBaceWQ==
6Mbb/5eFmyA=
SI+YtP+u+MA=
r7ZzVg0IjME=
t5QIyXrOX+w=
CWSFp36Has4=
SoPDDxZa0MnbHsZ6eQmINw==
qi3OfFn5TGM=
ZKflLXfMMZ8=
xO/DvnQ0wNQ=
r/K6tJEpIcA=
Jr0WaUCGyoUTUD1spNhtmQ==
V5xLC6gufTo=
mosbiK4fbJWYhf0bZoiaUQ==
I0K8ZwXY9IM=
FvmlXSfz909jETy5grWb6Q==
jIp68skcc10=
Fxn1dbxVuKiYeckFFCnuFA==
na3ieAJq7GqHOboTqOI/KQ==
sK36iCGiDEg=
FoF6vRtWyoQ=
PKPav9ZQriw=
gSuUkxDh0OK80DQxjE1c4Q==
dwIM5c+FrHg=
CjJkiBsg8Vw30jAkBCNzwA==
HFXZp2p+2y0=
dOnMW3Rj/qI=
du7BYXkPCDA=
5Z3Uzs4v83s=
dbapPbM5SSc=
6K/PnFyFnq8=
bOl0+MkbpSOFdozbREK4/w==
rD2o+CWRC1OFJReEUfiP0g==
M/j0ClrLEH0yK1KwqqrS/g==
R6dURUjB7MU=
UYX566JJitcJI947ELj5mQ==
l5XzkwDBCvw=
mYSsGGkPoBwZxlWXEXM+gQ==
PlkMKwcMN+1BjGHn7I2XUA==
/LHxgWVCjDs=
Ziydazv007s=
y4V/wf/vG1E=
fxo599R90bc=
/WKh0yiiBQU=
+KzqStZp39c=
sWiQ9dKiMGZZAOFpzRAmwQ==
BurgzZkpTZc=
WvfQLrIuO5A=
olHBYo3ggpO28o/iu4E5HA==
XsQgFyK2WHI=
53pbTAPJOZP4nxoQ0Mbm+g==
1aq6k6Bp/zQwrUvyWjpolg==
1aq6k6Bp/zQNeyQk82G97Q==
MLsvwzdYP5o2XLDU/FiDiA==
IUTh5Hu1flwVKxbYDVlSmA==
1FaWZXDIkxwawZUeZljNjA==
MgcImKXsCb0=
KwUsFaU09SM=
8wGzW3tW+F5Y9sSuub2URw==
hpNNSdWoseA=
kUZ3sP0bZhVgZmI/UcnqUQ==
Xzhdk9fDl0Y=
c1ii4YoYFUYp6nKhOzzwFA==
GbqJFrQjOUo=
YPwXAl/2E/Q=
+Jgu68JkQZg=
1qYS/XsqBqk=
1koaS45h+uw=
5szDGNkNeuEpvN/9Jy04nA==
aRyWLfQzQmR9Leu9qlt4DA==
JblwbuLt2tCWWQVS/Yu/zQ==
UdI1ytv6mszER+o1TLj8tA==
Ft1Io/lx344=
dChkGOjB0WI=
fC3vag/8fXg=
8iYkanqf3pGUms8LIRHI/A==
8J2G49v5gJEXJWhFWNyFqA==
paHN+Mk+lLI=
vJ12Qn7TUgk=
ck79DR8BHlc=
zZruZchxiEM=
OE9xlKYCkwiqOi64gzaZTg==
OE9xlKYCkwh3EMKsj/UNHg==
7oTV55MGDZU0uJZmH+XrUw==
hhrvKbDHPvC0viq1EjN2EA==
W9464+VIjbM=
ucI5QuubbRE=
bFMkO0VDPb083z3jp5F1lw==
81Wp8KdOMKg=
ErYYTDh//+c=
6xoqlTsHaVM=
1QAaHaGq1ii7rBFlcNp09Q==
UVOWrqB2eeY=
wNWz5PzTuxnky+zmM2my+g==
XKBPd4hs/tM=
BIIeHcMoSYSN+jKs9nMedg==
QXRgtUrcSCrRM+LaJo//4A==
UM1FYbG+/e4=
FiUU6SPdPjk=
KJIHFSLYX34=
J6dZk+T8Jpo=
NMc18QRJH9k=
k3X9L8GLq4I=
NWo+sfWi8gE=
Qy63xY0CCfE=
LJBDXFwVw1k=
S3ukVGXUppk=
YspfEtOsJWkZuAX+4YKSWA==
V3pxIuwo0QQ=
M74WqR2g1OJNTArWhvJqIQ==
qAHpqGAla4o=
aDNJSmHUP8I=
0xHVXND9Tk8=
91qV+OEMn04=
Pu4y+0Lo+l0b5hwYDoQ/qw==
SV2iSB9V/9A=
UgLVZY3vQjE=
j1n/aPCpR+s=
aEGy9nFMFcQ=
1H65bjVnMkk=
y0PW3mz4fqw=
vT+8Iy2DHHS7uCSjkUQvYA==
uf5Nrh95hew=
ZOMVjINhcgY=
TWmO9QmJBwE=
kb8WKufvBRs=
MJCQ77hwoLA=
viYiOS5Jt+0=
wK5uMO5jbpM=
waEwEcFdHpI=
jrQuVFuLmco=
HY8x+dkLDiHsfPweVztwPg==
SuD3e5ySPPiWXowJvVMH2w==
+EuGb37iGzo=
e/sqXjmohWE=
Y73jG8gj0Cvx1WOlRi3Fpg==
Dzn67NmzDuU=
LJGy+OiTDcc=
ih8o6h0fYjo=
R3uYEX0rm64=
9j3VDoIJr+8=
h4ik5oRZgxc=
GmUioiKjXWM=
o1QN5qCpyuNmk0ndU+bS6g==
72k9ZsJ8+vHrQ8qHEEjFqA==
t9zdvSkOQ2Y=
inlMDVYCloE=
+k/unKY8Sos=
6DqAmwpwLGs=
zI2Y30Pf05k=
jYJEkiH8rfE=
V5aStMk/yQg=
w5l1K3MBc+8=
/pzAZVP8RMs=
RowDW2itZTw=
XYuocXWnRq4=
vylCdNfF9EE=
0iYSt/lglXw=
L8Jcp/wgMzM=
hPURASppuaE=
Mzl33B4J6hg=
Ji2fokGMw9M=
aevZJxDbQD4=
zLN0A/zomlA=
lNBG9jbJsgUo1FaWjP1vHw==
lKcCeb1kxcqPmlt6w1q6zg==
Sm8HK1SXBpcXlq/82XqmpQ==
v4bEU8eymVg=
1gBJ4MZS8iLx8zwatShiig==
DEDfSnlL27n/WHUDGpoElw==
O1K2YhCcCIU=
zcoZlIIlTMI=
+Wri5iRaFO0=
7f1TmI3EKl4=
FTFLFoL9XeA=
iQOWwXdd5femg4ccs6ef3g==
adjhyffdhos=
JZH6ChD8JFQ=
HIfe0ljIJsU=
WmFnu3Ydbro=
Ed2lo6fKFhg=
1aMfhu06FSs=
Ih9PTeoYIeE=
ScfyZT05rDcEFq/Y3/vOTQ==
ScfyZT05rDc0kvaBwxo9MA==
3iiflh/OCq0HQBQctmMGzg==
6PthF5Xu7oc=
jhhpl41clCo=
z79HdDBVjV4=
140wkb9KsgugY0eGgjMXTg==
MXcqH+Tm3RdQJz8VlgHS4g==
7xyRysSLxZIGeOPvqU+Z0Q==
HV7yKvnH0RMq0v7OfAU6ow==
HDTdk/Fle80=
jXoE5G3WwlDpjf/B1BaxeA==
nNdFU7BcJG8=
bSbhZvSWDvQ=
LechpSHAO9k=
ukD3qUACQn0=
aHOVwZ/3KlU=
NAAvwUP+hVo=
XE0g7aixs1I=
snXu5J116NY=
3aCre2hAlNY=
Fnl9ooeMheL7mVTjgLnpmQ==
99DAVTZ0AwZ2xw/UJg5MaA==
qps54oOc870=
m6FuIX97BXA=
2Oq93u84Ywo=
xDp22YXQGOM=
aNsxE8L67fY=
rD/Qbksgb7A=
MGk2rsIPk7I=
ABDSOxQduHw=
yxJsuVlCHT0=
RhIRsBUDEDFCEGf/SGJYUQ==
2egrFFOcat0=
IL38WyYSZVA=
ecIMkbNzRcM6zFMIO4M9TA==
Rf7+ACg6CBM=
LAzlzTIc3qE=
ry9vn1qXDv0=
1PcrD9t0UNU=
T3DdUdj+joE=
1ArVROFgG1Q=
OH1qazxFuJU=
0YKirIgXAvU=
WZjMadET525HerE5HKLvaA==
nksW04vkrLQ=
yx/2KaIzcbCoUoB5HVPoKQ==
PqYgTgcRync=
04SigcuD5bU=
DtGpOFjU3CY=
XO7cmLp8qvs=
FDJqJbBbpYI=
4QCrP0h8SKs=
SavDvjtvgtE=
7Wvik2YV2aE=
utQ0jilJipg=
u14/4Nm84OE=
7t23bjkyYCs=
ah6rRkH+YdQ=
Ub6MwyJ7gJw=
OnWvfClSP9+BKzj3uNhQlw==
SR3knOmzEHWTC3/fYYpIug==
Tm7TXfn8okQ=
7CvkguaaCzCCxNbD8cNU4A==
F0b/o8HDw4A=
Kw2M5yE0fRU=
eGeqKboJidP/W4eCiqWyAA==
F0Bgr9FO7qQ=
QoU3AaZQ8ITSfvzGBFLvSA==
t6kw29DCs2o=
xN/feiOtz90=
whANY1XLKh0FJFP240RQ/w==
RgaAeluyIC4=
SPrkbEslqhA=
Fu90Twhr7irBHHghJyRExg==
doQOKi8KGLQ=
/OUPqHkvqWE=
enu0q/ux/qM=
HcR464xZcbM=
ooxJ+Vrx3zM=
zqAiAyiDUBg=
zmrlP/MFmoA=
Nv2Cu4B3gKo=
YV2fLKNGTx/zHQgsMnxGgg==
QqkwEIX236M=
vVWIy9USwIg=
8LXMDBjSjG0=
lA4ZNh/Xh10IVer51iDXDA==
ZJtsBHGkGabehW9CjxXRcw==
uMqcPsNiOKhwyfTr/MhG3w==
kDkCxcAc0bE=
PiNVlR9eHOs=
TevdPWwaMm2/GJ0ZvY1jzA==
oHIAJ2FdZjoy0bpUe/AfNg==
oHIAJ2FdZjqlUDn0AYGK0gULdnltInVA
cCd4YJ+4NohGRI15wwhUIQ==
K8asSGnpsH4BpzPBfLoLXA==
qqV08n+908P1hGG7Zj140Q==
Qcas5+Gchq1WIbDhOT/rtQ==
FbqE+6NNAbI=
2QO9eBIHk7a6GiWwy9QFEw==
D9UlKHwKFXxDc+B7yVo9QQ==
XhJHTCWwpnI9c6M2EPP7vQ==
3CYLNSQojCoZUn1YVfslcQ==
3CYLNSQojCrhQT74K1jLoA==
bA6/RAdZlEImZqkLFK6CAQ==
/ntExl6LCx2eyKLLFQElRQ==
1rQPVgnNG1lISefy0hmaSw==
UbKfjQPSzGE=
AUdImcgycRhiwRfrseByqg==
rAqnJDjGcWITNI2wWJf7eQ==
LQXfe+N+YExo5cf/eTgV/g==
Z3SEzQOPtuTjzbtUeh7Ivg==
/wIByju9FfWzG5OdtsUKpg==
28BdZcXknt4=
kgaXashskiuig5wkIevgWw==
0WmWC1fhRUeN6mglJGR9ig==
bT44DPMkrCGQD3SkENe+mw==
8TXKFNNUUqk=
xLvlbDPs/13M/gs2E4WpFw==
jyDWotuYcTzCWTuCuRPG1npKCUiXqXXL
JCJwoyHCN8M=
ZrFY3dU13V0=
RDXlcCk+D0w=
jji9jeSnaJI=
XZu6oAPxnNk=
eD/lSxxrRS4=
zOeNx1pj9MzBrN3GT3HyMA==
yYy1mONSTkM=
Vfd+ut5jSBIfEhSmaaolaw==
/u7xjNkFGBA=
+4+WqUDakRU=
dBbVLjLI7DE=
ijmRqIEK8ew=
+fMti4vW/QvAj3Z6+OFjgg==
ssGn07JtLzs=
nXOFBDSowbZfZuslKx5OuA==
iAM+//Z4GDIAyLUBv3uivg==
lK6j94usROSlH2zaM30E+A==
WRkNTwmADfLM9S5FltI39Q==
GGiBItRQcIQkibOT3YLzFQ==
SjXMa9kAjmImpT3yEzew+A==
qz1/W4spC6DgLIV3YWKQCw==
8B5sg5Rf/LFydA7YRH7Ukw==
eof4wfK+NoMhhXY74kvdGQ==
5XBme6OlSDinzDuNwqxUag==
xUvY5Sst0W0=
R57yBMU2Yos=
wXBT4ivGnp0=
hxMjeWpzTCZIBAKdDb+8yw==
FUqsDaGRL99tqrrzCRxkTg==
PeQlNwPkYOY=
2fzbfFt3miQ=
uwOsqLefh4I=
0C41AfG4hqQ=
dDzx8GPqaOA=
dPK4YyGCFsk=
6O1wmWO4jaiOQUx9btaIlg==
rh8ah+t7wt4=
TFdCy8XwmCg=
NsJKHdxVvoM=
fwSR53+dllCE1agPlgMZEg==
s5SJt4GlXBw=
fg8VQsQ+vIKdx7JyOzMv9w==
88rIHGH2Fhk=
LmDgakkLJXM=
O0HAxHjhzsQ=
f65JqRrMOII=
YVWAW+SdOlUOg4ZISBaF3g==
9epNjqMWI9g=
/5u6F9hesDc=
usQGZyboyXoMSiqe8yLOyQ==
MM27K9xfHV4=
Nly/pc4SlJs=
LRy9YvKy6eU=
P7u0v0X5BA8=
rB1S6Xq9ObM=
HoIGcJM4zMs=
aR5wQqzpJrk=
D/pfl1P0s78=
bX3ApabmcR8=
WWEzt/cKxoI=
05rhnj2QbuY=
/LvN0xkrAtY=
jinVvL9irIDeAxYYZUc/KA==
r9YfmsaBt2Q=
NgK/0OInsKw=
21RDKEG1rH0=
GYLx/V2LQgiA75XuK0u3wA==
GYLx/V2LQgj7vym9NaIgLw==
d4XLTP8cC4kJggL7mRVvdQ==
e1uk15SSpQs=
04bBtP01d50=
T6dUPWHS7ak=
htIhBVLo7ig=
qv5FOHTXH/8=
IpbdVRqbszE=
AX+8tjo8RAI=
bB/8DR19qvU=
rpJfH1w+P7Y=
MnE3KFhcYVaXdEMtiXvvIA==
cTFfPg+u1Kg=
GG96wPsOzmQ=
Wt8gOAeNsIQ=
jgBJFPDNEWM=
qidC0u6yJjs=
uZD05XQPNj8=
uDAYCA1s7QO+mGy3h14/VQ==
Qk/3QGlOzcs=
I0vLWh8g8AU=
8MU27KXfPWM=
9hz8FZ4LhDo=
Ov8UheXecrCO8jQ0LWOpYg==
0hhscdVGrY0=
tdrM+Dbi9xI=
0Y/nMXQXC+4=
YlgKZ5FujCk=
8jsqumMVP1s=
JiDNV85OrEw=
XLoiHE7Drk/HF+EtU7/Lug==
8l5knkF5RXY=
wzpAEOYjGdQ=
c2raC1TsySc=
Auo7c0xwGZ4=
/w+L17XJekE=
6kCzb40rj2M=
HMVU007s+Xg=
E6RaH854U6I=
2px/5GGYqlA=
qmiUw38YiN4=
blilu9Qy9ZZwxXdRwYH+9Q==
HtUS2A43L74=
lIxXf3mrJUk=
xjHrYkUVkug=
VrbBzT+VlrM=
kZm7z0hBI60=
82WS+YBKsuY=
kjge10/n/5gixJCtEgh80Q==
ygSkakIs8lc=
WrpSi+4+KVts30wItLSLNw==
gpcfsfbRrY4=
Sn9L+gSQSJk=
GyFR9gndCx3ey1PMDIZ3fQ==
KJMd0Rm0PKE=
gDkxdVoLNCE=
Kt47zi7TNwZTbio+eK+CzA==
t+czbAkh7KlIoDdzqts7Yg==
5RPqs/0bFxRDWE2i4bRj0g==
oOXExXAYk7zTp3FUbdnlag==
46b6nfnqXZU=
Hp1CTrHXLmA8Uj+zmFc+IQ==
jOqVjhH2WiwypNmG5ZE/Dg==
vyD3QpDPeLqEzWgzpb+UgA==
iSDqnTaAeH8EO0B3Ll5ppQ==
YVM/0R0LSqE/hVQa0ooyiw==
PIR9mDrTe+S0KbuYZS74YQ==
PIR9mDrTe+QcOwh9DlvpyQ==
M3+bRmm3iok=
vk02pjHFX8Y=
YTZ2+XVEHlo=
KWd+O+N++oM=
NHjWhxDMZSE=
DswDWaOtIkU=
oJIljuMBKyM=
Esw5vgYTYXc=
qahD2fddiQ7dvjog+ZNxhA==
ijIcIv+xbMU=
3ShpTw+AhICmn8/Q2JrtIw==
2+9E1LB73XU=
QmH7FBQAbQsGRZ0xBnDI1g==
otxyVMWA7ss=
d6j7Tz1eiSk=
EbWXc5MSe8c=
seD+RXvlnnE=
PSqgiQVilO8=
3qsQk5PdGao=
oHuoF/rg3+A=
WGRNYFAY8rs=
77SyRgnKCHM=
MHMlxhJgmFk=
TDJa42RjfqbRZVWSlbHGSQ==
QYov376gvow=
XHIAdYJJ3wMqccZuHVd6Ow==
ADL9ZOIOF6A=
GHbfzY06dIQ=
Owx6O91Y1UZbllCPVcW5bw==
F/M42c77hWM=
DNwlaCozu/Q=
NsJXCm55Vck=
xHXHFjwkFMQ=
Uei/an2JzWE=
fktIOxffDYQ=
h9oth9PEiB8=
ZysbyWrVM3g=
+9HxW7DEeq8=
uBQQJQ5KZa4=
fF8OH1pd1mc=
Ohbb68CQenQ=
oIVfuyUSPAd5x7uMrmgHbQ==
bc8HbnhMbqdIczQ6y7c33A==
9GZmCdfc19M=
UQ55OgoD1hQao/UL8lo1Lg==
VAWGEsm55ZNgLqRq/iQq0A==
0sECZagn7ORhAkFqbfKh2Q==
gqdGNlP+6MLhSuH0mn5PBg==
Wth7DnoN9ZgaIoXhl8oIgA==
WPwY2P4A1+Z7UGiahSLrrA==
ioAYOZES9UbNa0DQDEJEEA==
j9UGNgeP4mxRFodKGi+t1g==
ggDgsQxXEE3DiOr143tMcA==
ahNJFetYdgKd45YlIE9zuQ==
Hqfdp/bU048rg4kAwmjP1w==
BUOGWbJSo6M=
zMDDKEXgSEY=
63lSSL/dZiw=
EEk6oB4gCSZa/gZp8bq2YQ==
TcxQY+Vgd+g=
bwBpdSIgANc=
eT7WzrUOW1E=
5DJy3w02pZc=
DmWe7M69W1o=
hUUAn9lkvlc=
673bnnSaRnA=
9odn7xm8Wjg=
pFLtwpPIzU0=
2CAcjo+0hEs=
xudPsdSrvOM=
omoGQtSaqTE=
CJsnemUQFAg=
tllGbUf842A=
82Jptb0lVlM=
ILN9YgjcJFlGtbSag1pb2A==
F7VEeSZ27NM=
DNzG1YUr17Q=
8D6Cy/XH5Us=
icbRoxDGXF0=
c6goc2/VlYI=
H+YekMDpmI4=
FLAO+X6Siw0=
ePnrwGbjCo0=
t+Q9WotQfy4=
eRV0AbP2E9U=
l22txg5cEbxEGW+3IBaF1A==
6eLQ3q9844lCFxNaR02hKw==
TV8EMvz7+ADQTIr13CTSRQ==
TzjJ49igJciNo0IdoLMcYg==
dslApF3YKN8PfmEMUTLn4w==
dQYmRegBj3QXzLq3jqya6A==
xZFdOlLYzM9FCp82QZ/wxQ==
Lo7q0Z2KPZd0tPfXtGjo9A==
kFuJgzX6irdsTZGhuySGSg==
F3Al80SIBHITy48+VhHXQw==
WJgLFJOiIxHyf5nGnE+JXA==
5lQRB/hzeDa9GXAKG/nK0g==
9jEGSQc36uPWHquCJYsc5A==
T+/m/YwBDJnRBO/fUn2ziA==
6bohoTcgaiI=
tuQPlhY8ZHo=
I5FKDcTfu9o=
ndCczT5d3js=
EzR1BrBJTM8=
UMt2A8zP59U=
FzlXrIEbixk=
9hjj7nsUHFI=
QZ0ByZo+OH+p1w8/H0sgXw==
kvrZdS+q4jc=
gfIzE1GeMfw=
2uy2Vp5pOdQ=
9PQs8p530rum1Z7d9Bfv6g==
fJteAcmwf1RjppTX6M6+ug==
z+brzgXr8KlQvJzupDDQpg==
b9+GQ+CUhA1uBYkjlxpweQ==
akIRCEunqaLooSy85VB0Dg==
kUO0lY/a/IPl9rewxERLng==
0R0u9eCVKNzkGUK/8BMMKw==
a98T7vNV9gQjh/Ip8iHAoQ==
sxdlQ8wy2HXT8nyQYezZVg==
bcEwAm7oTJ3LHwJudkMtIw==
g8caDtevIx8=
M2OyqWzuGbM=
RVGiXT71NsY=
C+Tanfzku0M=
9mHARV81ONI=
s4vV7hPZnOiWYtSMKMOkFA==
24tPpsHH9P4=
fxnHTUWsJ3riYrh+woC/Uw==
kUDdWsHO/8s=
JaVi3J4fJKk=
xG46e4TVYZ0=
btqDcYRHBUI=
HzJpw0MRIpk=
ZV4ub1i8zh0=
I4aOzXIq+KDOvWyAPrMFSw==
DmGv+HyUJSwzkPGJaxkurw==
6uPJSL7B2eDqf3Ckqh8WRw==
/wb6HkZYMG0oq44bD2yNDw==
nJOOjlBz+7PoEIv19kYrNw==
s3TqhS388XA=
has9zhPBhUHw+juxqe6UBw==
xD+IMi2Jzhk=
RS+71g99bmE=
A9GZqu4N2uw=
imkDdtoo/ttKcbCme86eLA==
cutaIBu9lPAJxx7D3j1Ofg==
UaGTaRfos5I=
3M4KbYoY4mE=
ADRfeUnXLmU=
Fdw8MqmrJdQ=
QBgEsAIeuhw=
injgnHbbjGI=
nnSITpy3aK0=
1duHk2MDmfPnZ3zQEtgB9w==
/cqzl3JpdMDV/KWdm+4A9g==
PRboyuy+/6qMTQUcA2K27g==
1gDVauIS2c8=
Yxz2a8FjMiwIh9qfhF98yw==
c4ztCE1LtpA=
H3qbOj1HKWY=
bolig5B04XDm8JO/W4NcfA==
8wQL4DaCA+c9v4z7IDjKng==
bradbimp730=
csHy/UlUp9s=
szcSHOep23Qsk76pp/pI0A==
WAJT3ktoDJU=
m84yqrDYL72dZcMLGSIhYA==
OZWUzMOXcuceyRptsQYwxw==
TdLbZzaU1UC4KE2Q84qUPw==
6I6miCAj2Sqo097njp0sxg==
wdSxDnuw28PTKr53iRtJMQ==
K1IeQNZU+V3aavC7B7OUfw==
Chm7QZyX7DM=
0bp+enQ6n11G32Wf0VGhnA==
qj7mpQEivrc=
3QYrcgjx5q4=
FyHmPE8rNF0=
9+YB2j+uszHNXjiLdskUAw==
dXVSAsjqbT8N7f9Olc9KJA==
wE+RDiYi0q4yntBZG/FMLA==
jgwsw6ZNTlTfpQed1FdLLw==
vlH7KwFYbCotYfyC8jucLQ==
RhhVcLW8VjQ=
HEKRu0zyeAE=
I1HadbrjAAs=
XDkHU0eRj4Da66OJfwepKw==
9wUiSZPIruE=
P13g2v/3uYRTaYEtoLf4rw==
oAMd4h9i3DM=
bnYzsSHANckn+RDqnEIh7A==
xLflu0GnVFAKAJiHSwGEyQ==
ISU44D1vLvTnOPwYGI0ijA==
FxSgBbNP6AJpMdpCINClkw==
yY1LwfefTtM=
guq7/ReAkVo=
THk6gZHMxo8=
kRnTP+Sz8aI=
r+6+4psX/wwrRo2gYjghlw==
jSfC5ZbLDGrhLiX2tXIEwQ==
5MioIfvDnMU=
x+raNSm+IimiUYL37ERyfQ==
Kwk4yBvf3N5xDrU61Sa2PA==
K/xHOa0DN5I=
OApUXqFGaS5PKu+GhUvJPQ==
OxcgKp/twSnpRuTdgAoRrA==
ELAm/pouIm8=
4ubtpSMwNHI=
ViNT+1DriDw=
Kn/XFsitgsw=
BKmxLfYDfvlxIanh5YosHw==
B7DjcIKK6Gc=
mPJzPNYQ6b8=
Q1dYke7SF2nlv1GNSIWX3A==
xMNr15TUfto=
1VjICkIu3B6SI95MujNN7w==
ucayWppyWCF6GcESKEMZSA==
pWu87Zn1xj0=
ZRVhCKgUUYxGiVGUtTnyZg==
LdCIfZdr9fV4qgp1HGQLIQ==
COjqQc268UPbWSqUzPc9lw==
QiVMPnk1RsU=
p3F97Dx42iA=
Fi8G6miq8Dq+W4PDdMZ7Yw==
CMakz7ZXC7N//ausmVVkYg==
OFIFtYAM8UD8P5HONuOpkg==
VeREr25z5ecV9gROsC0MzQ==
B07GrFpYLAU=
I9yjyOJothvCx2cGOKMj4g==
FGJWmzh8bCkWjtfjseGObw==
MNSVhY4PBUjsYavomPMW2w==
FcS5ywNUJ/NhEX/QyF6eIg==
FcS5ywNUJ/PLeB6ZtasKaQ==
FcS5ywNUJ/N2BUz3VU51Hw==
FcS5ywNUJ/PSZL3mGpV8rg==
FcS5ywNUJ/NnmHwecFOv7Q==
FcS5ywNUJ/PUQ9UZ3GlrUQ==
FcS5ywNUJ/NOj4rSEwXE/Q==
FcS5ywNUJ/PHnKu+SYUaCQ==
1gVqEyU/lLv1q1VE5Lg4Hw==
1gVqEyU/lLuN415E67J/9w==
BZKnmkUiJR6NG3lKezHgBA==
BZKnmkUiJR7awOse7mYFBQ==
6vNWUUcxDALaIQ5QnR5uGA==
C/I85UA3f0yGA532zG8znw==
C/I85UA3f0yeVQ+PCBxsSw==
TK/7oDiIAMNmo7dYx2k+nA==
TK/7oDiIAMPNetSY7Lq7EA==
J0l/ShUxu8kkqHNLYPIMYg==
J0l/ShUxu8nARBjOvTQlJQ==
J0l/ShUxu8lM46z4Nj80hw==
J0l/ShUxu8kwyJDUozOiPg==
kVbMkV0U49gbvHaqivY4+Q==
MF7c2pAjaEIGOveXjasGxw==
MF7c2pAjaEL8YANMtlwrvw==
ZS8CBlkzv2XhyWvbVaqrkQ==
6EI4kz740ys=
26RIpNc3EU0=
xJPZukYGE+c=
+prGl0XdV7c=
TLvOwoU4ECyFoCszd4lyvg==
DUIH0NLKTgg=
3oJ7gzfmz9Y=
Cb9/6XyBdBI=
KWAa89qkFtA=
9BCb7V8o4gAWDcO4ZhX+XA==
TFXOUqESuac=
3pFKuHCDl2/LX11EJCfaJQ==
41kXfVK5BYg=
i2y8i7GOwUM=
Gr+9+/z2r5M=
oLgRBHcHJjE=
buy7IGS9BY4=
H2bwa171gow=
Z4hh0v2Tfpg=
g6WTImdlQCBM37WCdXE1ZA==
zZ5A4xHiTciL27Q66cYmHQ==
B9uE8fo9xzTVrn8fXlGjAw==
Nj/IsN41JZzG3j46LRczjQ==
pdJ/kEgklHhhdScx1HefJA==
eSLcgt0iSM+DFfKImoJ5xQ==
JES3yxNwqJua1wSrFBaW9w==
KN2esLUTxNE=
2rEGljB8UXs=
6WVyFQ4QBCM=
zYeSrWoCQc8=
j/WhpcWCW1rRHB22fWYanw==
Nwq1xMJzuNkQw41xrIYATA==
DAaoXjSQPME=
IfRjoYX1b94=
rQEhVsO7CEVxnXlSyCvRlw==
Lq+YVeL1xNU0Utxfyi9+yQ==
51XIJcqj6G2NNW/KFnqkDw==
BilgmiDKYEBGatilCHftBA==
GXOd5nF7LaPRNBq0K6LjPQ==
w1GfCq6qk2fXBx0YwzG/CA==
wypoImcb4dC3/unExsiBYA==
YwIqI5l6MN8=
enbt9L5pBo0=
1dmfBSNOd3k=
Hur08Kz2zX8=
q6lBCpUoUbY=
j1EQhouk8y8=
+CiPC8byKOw=
DQCUfAYBBa3KkdiO3k5drQ==
0/fTJ6KWQty+6EGrZmD+tw==
lS2D4ZuhHL4=
kEXJd2VyR2vo5DElsnSgzw==
wiDHc8teK6Tx9GE0kE10jQ==
O0Xwi49sIlQ=
U4kt9BNKY7o=
eDOYDFP5Tu0gQfCNVLcUDg==
Qz4VtBYrimyJi2rMQL7zNg==
7yr1gbxnS597a0M43iusDQ==
sbNcdSz0/YY=
jmxwY7dLv+4WUtrws87Vhg==
jmxwY7dLv+6Cqzu3X1TVHA==
/TO2SgOIVbOKRtv4Q3OhyA==
zhxlCc2jLtO7jUsM+KspTA==
zhxlCc2jLtNSBp/mZcvyig==
YzKKSl0adco=
DqlT+waPCfvier3Jj81mfQ==
/egvUURI5zUCspDtcNnIvg==
zNO6YQyu5Xs=
TOpXL5kwO4k=
cavhDohIJlQ=
gIBl8wPa7kM=
BQOZbcSSCNYzduLPkmfPtw==
0zUprBaJ8Ou1QvgJLuTdPw==
mj33SlZeJDoCNKazGdb/6Q==
plM+MmPE/e0kZ08QbAlZvw==
HDl2/j9kx1U=
FU7EXaBzcxs=
XzZPA4ylcyhUTFiKph+frA==
54hzDcH2Fwc=
5YZzvtbbXDA=
RK5tB1vX6NbUOeQimNihqQ==
YzqiT/9RnFQ=
K5luuBD07WU=
dVRnu+ZtHLY=
fLR2yKIn8F8=
EJ2vuwxLFe0=
OJXibC5KBbzhl5geIzNTog==
N7znYtQChABs9gWSobJvuw==
m8pQiRoGuoj1jMy+JsvnIQ==
Ybu7CGSQxpCrFnGiCI8Eag==
+b9jf/nk21sMi32Lf73ppA==
eJ/bMucNFMY=
ObEsay6+vDKF1L2e/kazRQ==
JNyYVS7r1oGRmr8iV2QxFA==
kONYIVND9/zb3l+S7MpzlA==
Z+LSQDiULQ0=
0jjcSAjWvBJGkYFVEg7W5w==
Bko/gMeIRUbHQkuAH497lQ==
atxdh5IeBzyiHn1e0ycUaQ==
K1GFnKwellJZRJIcvlar9Q==
JHJulPd+8tFEfrPFpvHdCw==
LNYEA7N74ZRryAuJXJW+cg==
ii1F6mmOpDY=
ASK8VG3bcDY=
GiVYDNPPvnM=
b0+mhL589jc=
+WihkeBZsrg=
fc3/3Ylu7k0=
CRd3LpAcr1wDc4PYrUrXFV/aygE4Y+VU
MmMFZ6GI+oQ=
yNWIqFqtywnRUtJ9j9zorw==
Te66pktCxdrm2GcYDU0Axw==
pvkfzSNIsBs=
ocX4Ii5xhqaWP0Qi87jRpw==
/L2hGt1gvqk=
o223Wk2uQrk=
IZNfvmI+Qg0=
BUDl9njGOMw=
jueWJjO4unQ=
T5zW307Tdzo=
BUFWok9U6TA=
iC3YOvHG+7A=
hUTQ6fHGIDs=
2i+KmNEVIvD9WCqjaaA3OA==
6G/UOn5pNefvcuRCWP44xg==
RB8qBo9dqlw=
zT5V5zHpYkQ=
cDqCRJACIgd+JIO8Cak8uA==
D3kHUSU0EwE=
A3/XQeSzVCY=
3D5LfF44SfcINgN6UyBvgg==
BAipR0tS34Y=
Ti0jUZJZfYzYIqTbXpVvYg==
Dq1A/JqI6n8=
o+GO2GTrwJI=
kyMFNAOSRlGMCtteOU6u2w==
oM89uUjzsf/hwZC2RvbKaw==
bmmvhjBfVvod5y1IARaWOw==
sDiiErulSIw=
N0okHa0mDnz+rlGVwqQNgw==
bwmZx41dnDOEMCc9L3Iaow==
SEZMUHu+MgMhXJ8tFrsfiw==
9heXhfofH8NGxMk+JfaByg==
noXwqbtFOEk=
C+rERv03yirEDCZVsZhB2w==
MakfryIv52Y=
6552fsFzpc0=
bPM7B87faw/IUIQAPeNQng==
+roDr00NELA=
rgrO1IQc+/05yPEI9yS9bg==
RheAQhPV6HhQFM6RbszM0Q==
MOucHkYfoGUSQ6NbAqWudg==
B8aWH36YpC33AjN0kaaPcQ==
NsrJO4B6dBr9eR91eS6Opw==
j1qSnrvvtgpgjqevA2tL5A==
CUCU2/y40h4=
dKsyfy/7MXoMDnsgJOUWtA==
bjjFR1jJaQ6lIcrDudjrnA==
Rlsjh2Q0N5c=
Ow1gUfCReZI=
lz6OdqXGjs8=
QeuqjNH5tUoqFWJzqBf8Hw==
wUSzzyfWhTQ7CHGaviZR4A==
wUSzzyfWhTRXK/cPhIrbEw==
6ZLZbonWwowRcYeKOohHQw==
gja10Yf1uq3axTLe+UmOVQ==
WburLTpp/veRLw5bQE0UVg==
KJ4Ps/EJeWOiWmpPn4d/Hg==
HoIynrEkHuNLZXVpKQeNUw==
vMWY0RJOIFs=
fEv14Nrj8uwrAlgT+5++pg==
rU93I4mio6/GMzcyi+Sy+w==
XaET4dN0riY0LPHlIVR3Kg==
h+hpMi3qfI8wqfrU3GOXTw==
Kpmxf3p5hrw=
jqz+Wl5+olo=
BmaAqRwHvH4=
0xaPAId6bM8=
5rjowt15Txo=
GA8RwPyROgyAXs4BeO1FGg==
ZMelBgjKerE=
Qzs0YuQ2ohg=
SGgGwIiz9Qw=
7sHObTtuEI0=
TzJckIS6Nb8=
rHviF+oOQtQ=
CxbGUSaOr2qVT9Bz1AFXEw==
4Q5POc09Pq+Dw2p7dwBjCw==
inq0cPk766q9/XRgqtSThw==
GR+u/jKQHP0yvHhbr/g6+w==
s4TdcxV+mca62JQMg21Z0w==
wzk1eO28qFwEl8Hfw8Q7eg==
AN0+zzt9dWs=
xqusJhi11UQ=
Heomi//AQkE=
LM66My6bsgowST8oK+NDvw==
LM66My6bsgqB5bNPUxUsPA==
4YK8VaRcdsJwiJN7amSzWA==
w7ufQtD5rxE=
hJXK0tuqpP+TlsA+x419Ng==
qltWqjETK6n3oi0XclvgIg==
W1NNgPlUTHI=
PTLg/C5jCSzEmnpfwMwTbQ==
aiLlKT6T+f862mKKTfpVjQ==
HGDPWPGp4k4JfeuMkfZTFQ==
q4/yRjk1vHg=
mAStGWdevdc=
9Fmh8parm14=
wdV5uwACbcsVq+Mgcpu6Pg==
MgeKpUOorbU=
mw6ljP8wCTKD7C3ES9m4aMs1mGDgMWwL
QtcKqXUVaSY=
QxOrHTRoe8c=
J5pf5zitzmasJBzqJDwbTQ==
QQhUSdgI2w0=
13Y+BDvtgR8=
l8r1lq1kTzM=
6px5611m+gw5yIRgWiQqrw==
pzwvVIMoAXp6YLeZ27pMpw==
/VRMcO17yCc=
qm/JGox7hynmPF1LRdmVMQ==
EniC1GGAC1Y=
3cGiRiOYpNw=
liUUg2zxIY8sk2eQ5EXl2w==
T8eFKvsXnnyrHOAF748m1g==
wD/I9S5qvFZ4mEM39+xH0Q==
Jlro3rCyvaUo1DqySn0sIQ==
zLVv4zlikXc=
xL5Ty2Rsg+UpmVG4CNsWSw==
HSUoEb2XCyrXd0tP1jxT6g==
O3IvLtVlk6Y=
QndwgwXDRXFkUaWHfoqtpQ==
yqUk77KkQF0=
Sc8JS7yZTT4=
/nOoCIE/yJA=
SBTMVkghRPBfWzMChsw0sQ==
OmPw2ZRnhg8=
37HQCgM/Naw=
vpsrcv3px0Y=
65aSYPbtwwrBvTnw8qKbqw==
NV9KZqXBzk7Rr2+dgBPHwQ==
sxVhIWGwxN0=
l+BOyqg2hj+/FUyFTRZlVg==
RqzGFB/HU4smSi2+aj1+zw==
nJqEws4IeiutgMrq2QB1Uw==
w8WbnDfkcKEZnxvWqC5NDg==
euZfUmYDrZE=
O8uE6IzEyRevOE7Os0aWkQ==
O8uE6IzEyRcPA+efSEjo5g==
oGo8T+lgZLKSXLANdxwPbw==
Du6XvrFiZ2p8xOP3prDPnQ==
SgrrwCF9MQjyL5W6DjeboA==
2MsHtKqQY3A=
+eMOu12Hhf/TSgeTIez6Tw==
S1MIq5EsBa/9sKd4HXlohg==
oZAXoxnisY9EJBUaURzHIw==
OtLbxB5+lGg=
2ve3/ZAI/+Y=
SYFnepzP+D45Gg7QJ1yIvw==
gO6HxLFYkN1UwgJjZ8TIRg==
gO6HxLFYkN0/YPNkj3S1eg==
k3nN9w1qq6o=
4T7OKDAErcVM8KucdrdCPw==
xDo4zfbpQAw=
JNCQjqNWtaud8yLJeYvRiQ==
VEHF9kizoNM=
z9GLfkrH6wifn8jv6n9GrA==
fxf4d549rCQ=
FeyWT6QCA/M=
26j2rqee1dA=
4nL7glFP/My/bTFm7iLdiA==
P38yWmfriHF9a6fVwSbfdg==
P38yWmfriHHQ12AJfiLMmQ==
GmUNRlBciDyBeNt4BNiVZA==
8DUuIkm2LZ4=
gDeRXL6V3Gw=
cevlWKjBzoM=
qnDtaqnMgyY=
FP3IvypVs8E=
c3DkOl+sQ/JHuc69llNL5A==
aoJWRgW8B3Id/eoJqWb62Q==
hLmEqKIdVhA=
KEhB2DipflsugPDjtd5dMQ==
suzQHEo7X6I=
05REQRRFREU=
x2OEOl33dy0=
3h97KSYFBGk=
UfgaqFB6fiW3ftPciNUtGQ==
UfgaqFB6fiUzSMs319QAlg==
rVyZ14h0sJxCf2zh4Gt/2A==
KdOMtrLUhov4F4JA8pn1Ig==
KdOMtrLUhotmg0Br1Ax60g==
PDHRfpfA5RQ=
j4vAA9rCCwrnQQQ3aAQFBQ==
ksahU8GAmzbNnvJSwDFEJA==
0ZbLSsz+vMg=
EgLhUqtosnlhxVGCjvC6xw==
tIqSRIJvTzY=
Kl7Dbs5cHF8uefIvfEev6A==
YVIZHEVzptgHWt+la6fGwA==
Rw++/LFNjP/jsJNfcRojHA==
Rw++/LFNjP/u0t07Fi7qbQ==
pzXGUvak/aQnj5qb9mFyPg==
wF1OOMOVvzCYJesO1fEUDQ==
wW1PcLknLqePq6ZlPKH7xQ==
AawB8u8xj6f6pDQt5p4fGA==
W4nfiZy885TC0sP+Lf/rpg==
tzcZ0mGfLYo=
CWlKEq4DbNM=
6OeRYhQ55JhDsIhB1dFn5g==
9oOMGKc6r5aZJ0EmGzIRLA==
tnZhjw9zMv0=
btFKUIMnO1Q=
FGjIqhWqc9E=
3rPCYdoUoXW5C3lznnBG9Q==
olSK0P1QBSU=
33PEpebMEoI=
Qd+6DnFtdTU=
XmO6SQ+dgWQ=
NqgGZBMQW6A=
4648MIrReqUNrFCn6OcImA==
qYpvVsin37g=
jhDDEnzSrFA=
nyDg8uOZoXk=
NmTVTR+9ekM=
0epi8hpjt0U=
OwksHsUWvWM=
s2T62IhUdaI=
s4491QzCll8=
srsda0K7TCw=
mSqZPH+BWOI=
t/gIFb6WStg=
g2dyXNlVhvXW00fmpBng7Q==
N1AjyeTJnw0H2DKqczrVPA==
hfJ38Ix/xAc=
+jFq4rc22AFN4FHbzIMJNg==
DSoEkFDp6usdeLjaS9LskA==
Xm73C1N7uHW6TR25AjOWFg==
TBll2FHTzSc=
jqr1ELblHr+Jc2lu8ukwrQ==
nRvc51xN1tpyzjpzjoj8BA==
hgK0X+jfalM=
94vE/By7ajg=
fMNXU+vMm84=
VXtpSRPKizA=
bZUNfDCf/8Q=
PqP9LlMcNl0=
63gzT8TfSdk=
mF30xKYBWGWs2TTZstCTcA==
WV0DPwvHEjg=
GfcXFn+8NHc=
tH5m7GkdRi9FJ9PDZwvhqg==
HPE6DXLoDpvpBvhtcthTXQ==
OgVMf0LWXGK62jOJlkNRow==
yrUMAjoN0gk=
lbAgxs8TiHY=
O5li+rqlpoo=
d9BUXfmuK8bA2mKBhoGtjQ==
Ye04IgfgxTs=
S5tyzPH2YYU=
XIDr3V1ILtw=
zdo+zZHaMI8mndGLaGJQqQ==
qe3sEus765M=
TCPVf1AN2yrSqhiJsq56KA==
vCkaxw3dNiI=
aw2yPRCFR8g=
fFrXz/JCKOjOWvvsWXtQsg==
WLlk5FOiIg5AJyWOvntA1w==
WLlk5FOiIg6szdthnTqXGw==
3jJXfbvDl3lX4uFfTLHf1A==
pc7vGZG5w6Zqh0CwqlywrA==
VLbtmQzQJwY=
qfRxznr4nlo=
OJCU3kfe3C2iXBqNt1AZZw==
+9dpOeboTFITkorj308Ifw==
BXDCbn34yYsP0J3DyMUYQQ==
nq9k027jOnC/wyZoV7248A==
dh5ymEVQAxP8rs9bh+lvrQ==
vVLiOo/rVfUbaA0bKQcBbw==
EcUml3BVedidJESEnF1wgg==
GjiwRR8Y7c7Q9HKwEteoyA==
Qgu5BrNtGaFz5ikURMMF2w==
zBoFk/+NPPE=
p4PbYPiFS0g=
Ku89AGnadY4=
1WXp7sijj60=
Fxwix66F7uk=
SMN8RdHdTzzg7MhvTodwjQ==
/6eU+xpwqYdPgZtY6I/V7g==
AVE87uS7aGg=
4d5tDhBQPEs=
ggft1hVDJ3U=
4gE7dkd6J5c=
IOtbIlVvuUg=
Rezocn635Go=
3aZfAwS4Q8qFIeg0li9ESQ==
9U2Wk34d6NA=
bQSnFk0YszY=
wC5S+yPAI+E=
lbiFdFP7N5U=
+LGO9nwAu64=
k/+GzYXtlOA=
026r8rbZfxw=
zceNKBGuX0OxpYdQfpNAGQ==
WfGLYqtX4bY=
9F4sDKOlPC8=
bbBQTatpth0=
Z339PGdIx9y+wsfhoMqROw==
rZ6T9TuLNl0=
G5o2IRwD7QU=
jDGu6APaMC8=
zEnXX6boni8=
XmM2dIxRbBg=
OGcjrzrGfRavBDj+D2jp2g==
wzfm12nHOqc=
Mi0nI/075Ab8b+qAYb+qRA==
pk3eVcJNZoE=
EGmu81Y/sLs=
MFU66atbY6Q=
V+aoB60+9ic=
HrjiTo/sNyw=
bKi+xS6FrGU=
PqzDBLBrFvI=
WoIx6JWg+78=
eqHM9FaqFgc=
rAtNacLoxeo=
thHIe5nGPZk=
Y2DeIgK1bys=
qLbLKEZmsdM=
lI4fDzZSSsA=
5uzfbHgXYIg=
QybvAe7A04U=
XXuWYeMhZRU=
vg8Q/iKu6bk=
VqPBAN375so=
joXewTdOeI4=
0ZdjUYn6AIE=
e2ZJC8hJRd8=
c/SEzB8A4k8=
s7uA9IUBa2s=
uSlrZKgcjrE=
Ih//NSpboIY=
zAAf/VjgeuU=
SyTZ2A9tfws=
JBrGHuNlI00=
mWwYvGVA4rc=
BwI/u27atUybmMr/iDChqg==
mFOvuiUcQv+gbZNFwmtzyg==
ZwykeUVrqWM=
j8HaXj/XbcE=
AOmc2o9lNyI=
HdL0+fmEEfA=
2NnyngMCqxU=
IV4jujp41pw=
SFyF2YkjLpw=
9A4ztJrWpBA=
E3KOy6sWlgMigBLQ20q4tw==
Ad8cwV6NwLQ=
LWL/ZbBfhz8=
bdQ9VozkgKE=
yjvB0Go9IBg=
86BmDhgENOI=
bX8zb5PgmAc=
60DcZ43J4x4=
VwbIVDZT5ZE/mUSRPHQPZA==
2p3+/AiR3Zo=
vL7JXyCJHzA=
bdVbtOUdJHc=
+kDsZ1uoBCk=
qa2S9wmunVTotF5KNJuHuw==
007araGSGYFMpHpWup+NYg==
+rCux6pVA3ZoVHxmvGTmVA==
r67IsxBYbgY=
0k+QG47X3bw=
yZ3ckdu1crY=
mAwTEWdT4f4=
kWrT0GcV4n4=
LiMBfTrkDtA=
wT9r+bIwc/M=
9DGuTadZII8=
KY+vrYLp3NM=
hIjETcoaY+Y=
Cu/M+dBu5dIHhv51HR/z8w==
INZeoBdxqxU=
Xx82HQHaPYU=
Chy/eFn9faM=
l0Z1ur53YcE=
PumAS097PFo=
8A1MNej+SQY=
X4sM9fucH2E=
/SrKfIIqhDI=
Xg0lPhIrv1c=
Arjx17/aWUahQ40zplmzAQ==
BNdaeOSFWEw=
iKS3HDmdTsQ=
5GDiLkGtbgo=
0XE3Dw3Bd3HULN1BG9tR1g==
rUGB7ZLl2AY=
zUfK2CIpTt4lodBf3peAUw==
Dh/eC+FPKXI=
wCKqy9Tg6Ik=
TiZK8hrCm8Y=
KJFKYm/EbXk=
pBWLmpmDXHA=
nYL+lx9HxHc=
CSGqZGe1g8ob4OYlgiYSqQ==
9oeS4WzGZVI=
N/Bc//0jmW66tPt3NR8iBA==
w3l80h1nr5reOI4EV/gJpg==
sjwo6ebv58Q=
APEp2ZFk9xw=
NJxlTOXt/ss=
M7XpoCTD1eo=
Tz5oFXFXI9I=
SLKIYCP5aj4=
GsA1xZJnmXg=
KYcOIFbT8xk=
H4/sWrpmEG0=
GWL8dzkKW0U=
19ebt+7drPA=
KRNrH6TA/H0=
UVdOyRCAhoo=
1fQiiKaYORw=
fbVcvmLwFjjAjMwf+q5MYQ==
iC5YX4LsdDE=
ZLo4xZMuo1E=
Rt3XpJ8oopMuv7x0nDXmLA==
t7w3h5+ShVE=
qS1bJXyXvT8=
fHVFohaidhw62UphR3h6EQ==
nKAUtg+WOKH76XRpDBH7rA==
hRwoPALCo20=
Ld8AbYBrUfU=
GBgF34RQd/c=
EFf/6J41v34=
Q1/2QFDfBBxH0DcIOQEdxg==
0u9eeWBpdaXejRHJExrj3w==
K/d10h4D3O0=
sO/q3OezCNMPirLUnQLGqA==
sO/q3OezCNNOXIctEaE9BA==
pX0AGGZUgFA=
Zrxetp7BiF0=
xoLbUK3z+WU=
VJRU5PpVO74=
a5ybDxRYd0LGTTilniYwng==
a5ybDxRYd0IBulRmOW+rdQ==
Nig9eOg+Fmo=
C2W4f2KMrYY=
OO+Sw0sVwWEt7uxgAsOItg==
OO+Sw0sVwWE2tZgeF+vgDQ==
sw0cwvUJzhsdCDbuGMlhww==
KphzpaehitI=
YR1hD5YS+HM=
NnDX1xjbJ0E=
q+tPRBnj2qs=
prH/dljg0aA=
DvHwfm8XKXc=
noYfrfVbr/E=
LcsP4D6DeUfieYdvMlNTgQ==
Ipk7wi3WbRo=
23KTXZuCciJqqlK8G76wLQ==
beeyJYdYkJIAL4PEBgxNxA==
VjTG3BB4eQE=
B5csJ0fG3HI=
4MHJynRfDzs=
Db+Ew+WinNo=
rCpyxQHuaDg=
qtd7jC/YUXI=
CSCzwBvIJZA=
sfXggtR3VbA=
ig3tT3ipEy3lj7gNBgAhrw==
UCrFGw6fOJI=
uBYEsbLXYBc=
WAAyN6dnRFQ=
amixbYUJXX4=
JoEbr6A0Pls=
zHRPO43l1kw=
ymiDh9Ld58M=
EjJi2C8ufcs=
CcZlZg7FRUY=
UHVO5Ee7GaU=
Fal3BFEiTNE=
CoIStT4hAq9lsFmu5M0EeQ==
n6eeJZpxv+2vZ43GvLjWFw==
DSoM08V8OSE=
lIiwPfgdcEM=
MVQO1M9XC2D2nIctrIUy5A==
dvITmtE2CD48D3EicZX6lQ==
UWTdiTvgL6k=
dIZkxjtGLwT/3SPRQALIVQ==
10qa7rAtlIZr4pFCVnfonw==
tsvKH444WQ0=
70x12VT+Y0n8X5aMGMZMIQ==
GWHhKcBtUig=
rRyCtfq5LPo=
WBEAx8/cyqY=
5YKka+cOv0w=
iS++IhHni2E=
9MRhSLI1huA=
JW2j1aRzglY=
KNHEXT4nnss=
adVn0KkMedk=
0EK+/EKyjas=
N7Cj0WZI8VSa7qCZ2VaE3Q==
N7Cj0WZI8VQwUxGjs1SJzQ==
sPCQiFP1bCA=
ccfRdy6TK58MXRlIsuz7OA==
L5LfOwu/YXo=
Js7ic2dWYIc=
qegAKJSs2AN5cqsjeLILlg==
7HabDTzEuSs=
thP3fCm1h38=
RwhmwwJFcm4=
QMuaZ24awHo=
Esmd3jeqW0s=
kuqz31n1+IuJkHttU4TNeQ==
q4+Z79vYqzE=
uwCaBG0PnEu/PTevPy4HAA==
U4L95okmjFU=
nr30axtmiCQ=
Q9m6T7cO4tE=
j1kVQsPUY01sASB4wGf2xg==
mIbUXFR3tc9qnHZe3G2KPA==
NoGgKW8+phSlhNw0ayFGCw==
Lf5lrxzD/nQ+A0tfcHSvBw==
ADaYAA5dRSA=
LYkHcjBmZG9mlq71lsm7gw==
oi5w1EJrxHc=
qU8E3z0npCY=
PuycM992ZIY=
sKK4FZu3oGrU+o0DrsH1JQ==
ADFewgkF0U8=
ClnEOLdmL4RP6U+xWBBy5w==
2ZsVt2ir6K0=
HAg0a5v55G4=
U5E07zzzXveC4xHfclOL4A==
TCG9U4+kIBQ=
bEsrrJkXUGk=
uvdkT2M+QEdVuwjPuaFdYw==
T70XTXzQyik=
EPSrqLnhB9I=
86n+T9zMq5g=
LKoAorOUoUbHyt1vPlEOMw==
in4Zmhjqq9U=
dor0/X2QKXo=
eEIgMJ5orXs=
XT4CtjvJd40=
hftGoTBtq/8=
A0e90hc+otA=
dX5WgD+tMkOfoBjqKD49Tw==
C9hnG8FVi1A=
GMiuEOt/buY=
XkFq8zr1R5g=
04kVz4ZuHVU=
TwvowYKHVIo=
ybdC3HUbIqk=
qj4QUwygngg=
t/ar39w5oqY=
+rwuHRo6zvA=
tl/4+DPjm8Q=
xabqpnYbuZ0=
wbzIq4BYWlA=
U7WmfqyOhXk=
jKi+W+/DD90=
JClebTrrY1o=
gavo4dRvVIQ=
xQjLlRATyYY=
cHvYZpU6lL4=
8EIfONV5pZM=
kadZ1eTijIE=
fVgR1HqMqxQ=
Cue5/904f9w=
lyfriJSvOms=
gxz3QElocRk=
b7TlkLAvIWOZRo9Zy0JfRw==
KcEpg5Of4WA=
ctZMf+ojDp86y/qWTpHrWw==
XLWJB63WFa4TCL891lfFcA==
d6O3PMjTOfA=
0eXgvxk0MZo=
rXnCodilxg8=
vczDsyCmwOY=
vwmbpK12Chs=
fMn6UKRrhA4=
dgWdvR4I3T0=
1K1nKXeNaac=
xpMJMxjE4xk=
/kU90VOf2Zo=
cOuRzZ88Og8=
2VXQqoZ6MsM=
I0rSsr4TU05BXrYa7uBzFQ==
wLcFLzNwdnk=
PxpoN3DeA+k=
iS2Yh6OMLxY=
zC3FUrqY64Q=
Saa6uLukb4iyBGngMUnkZg==
TMUzA1YG6wZ9qdJ4FdcU+w==
T9BAVJ+TPuI=
zL98mo2PISJigYfay4u65A==
6FCMuRrOBXY=
HXhyY3pYijM=
o55bkJqo/Hk=
YbsYXQkqLL0=
IAu4narGVJ0=
kasOXBAgg9Y=
dJ/n9IoWEfo=
uIlmQxTMqJ1m7H70+qeHww==
2x9lB+hkNN0=
A62NJqmDCMU=
dzKhy5Bi27U=
224X94rFruk=
DTxqN+7PV+k=
SYmoaYMzdQ4=
SQOuI8dUwrViP+yCin8MSQ==
ydlxZWa/yfM=
yNJ14QF0b6vaWxt8qHwlLw==
3K/viUzejArNUt0MZnli9Q==
PJ0eSdX0pfY=
XIl0WQGaiMH/GHc06zq4yA==
JgpRLrt6Y5NnSqnlF0ox4g==
rB/PzrJep48=
QtD/tK6KBKfFVIExRmhCAw==
pK9JrJtzEwQ=
P9Cd2CP4NM4=
6D4Usnga+RzV6FDh6NsRyQ==
whsUoxXiO8w=
NRZGyLqtBaf42Grp0NuGYw==
9Q0E61yf1xbpXZFztEl/ww==
+g/rTFaNgvL3HNqgWmONtg==
xKtRtA8SEv8hboH4vDyvuQ==
FmJqUoWHrdNzvLeVbU0kIw==
meGMbKemAVk=
+g17hHO4OMQ5OAstyAUN7w==
mvL8/xFesXRQWXNgB/54yA==
P/PqyYvpO6MJhp1yaS16WQ==
aEEqf+RVlVfT2y74U3GzZw==
aEEqf+RVlVfr4fASZUdhcA==
UDSmjdigoUP2EIBGK4LFbQ==
6V1uwmOmFVFPByGcuJO8mg==
bgvmqqtuTznqSNhkT7Bwug==
uSYDPGeq6MYD+AVkNl6afw==
BVA/WxXiq4jl7yOlqdujYg==
KATnojl7mmA=
cHrBnf+Jr/k=
mcWTLlY4J2U=
VTRNPO8Mo9k=
v99vxiuhof8=
AD7p6HiGg7IRaeDaL7JJVQ==
K2VwPcAC/Fg=
MBWt71t6LRw=
agWeKQY5LL8=
syrK9+sjwr4=
CnQYWlUzEjc=
vNU5cxBv6g8=
RCci+4MFQCs=
fa5SiYwAA3Q=
riCNlo7p6d4=
8fR9ZUvmz/s=
MkjAIU6CMt+p1p/Dq1zq1w==
0X8IJ03PD+xbTOxcTnCm4A==
DjoOhInmcdv6b/9XVab+EA==
7BReH2INwPk=
Rb0OTxgK+qI=
VgqKkIzFmkciYPqCwBKN7A==
ak/5CDP5dP0=
DZTga4Z1zA8=
GVA5SIIrs/c=
j6+PKM6Zl/0=
fz1/K49Rm/rPxxLHvND3tQ==
r03xogaS4R3U1iZPIh3tFA==
0SeFAdnBD8Q=
1j9yGlIi2TZ6F6z0aMKvIw==
sirEmU7qWdA=
LJx9Bk2MLdD6alNJkvpFZQ==
1+93mxJ6Jsb0KhkOvnodPg==
Mm8aY6k+ODI=
UqIsjhu2R2Q=
qfymdBC/EzbVbF/rsUJdDA==
uJ+mzpI59ow=
CBErS/qFyM8=
wg4X0bcNu4U=
/oxwoIQvjHA=
PkQtj+SK5Eg=
k8y8ch16NEw=
u6xVkpPXGUM=
VrxGntLkOSt5rl+iJMqhJg==
eZRMjM1YgIDc2Ya7B5qj9A==
SG0wUkSoym1aa4kYl1Bztw==
fFybSut55wE=
XaeTcGEnaKc=
cJMSRO3Nsrs=
XvKIyROr3c6WeyK4BoIauQ==
+PkDgpaC2ow=
q2+VQw1PVFs=
GsUJbNDv3R0=
naBv40ER5HE=
CkzTKx6UiuM=
w/0KA+yaq0naSnsrQcevxQ==
0Z5qRd9bnO0=
f8jbVnlCJslhcsC1PRoFOw==
f8jbVnlCJsmTgwG04HzxSw==
+TFDURToUwvZ1kWQWP9FyA==
FIJ9AWTJr+BmIkSjajEZ/g==
1qGb9uvvxuAcDTBDVni+fQ==
OcZhZ2yLLtw=
G1LDxkq1yqAEI+nmU9spAA==
syaTQmmfbf5yc6+89hXQjg==
syaTQmmfbf6ig26ma0y6yg==
ollBdNDmyMe7g8apz0Sf/Q==
SzQVTpuJeS61FieqEhzj/Q==
SzQVTpuJeS6RRawpOAdGAg==
xRA+TnzMGrGt3Gb5lBi7BA==
3M7rUu1Ftao=
caGAohET7bA=
EncZVoXurszV1E7kToYrBw==
525JG5UUpek=
WNrMMD8rBSo=
VCvPW08ZzWw=
9kEBB7rBmR0ObWGf1iDDOg==
cLVtefrHbItKBZZnY+ddEA==
qcBLt0fktERc9L9PH1q3pA==
mn7GiWn6zlGy4HbSkhp5/w==
mn7GiWn6zlHw03xFJ+HuKQ==
3HPPyp5jYQI=
oAzBSwbdRWo=
KvS1DT/DNW6UxsYxeKp71g==
PZmQUf/SmCc=
cqnlA27Rm1Y=
P5Z0jVtA7q0=
G+kskP8Heac=
hDfeKP5FwRo=
Y4GPJdLGz8E=
2Op3+8dqP4g=
X9BmMlh+vXU=
4GZ0AyJqlsz3etH2DwW5CQ==
6t6kSvZaP/A=
Nf2atzPlcl0=
2vs3gsOkzYqvaYPl19oWJg==
S5j2gJzCixc=
19y1NNWjqARjwFD5kgqLiA==
wzm53teqY44=
AmS0v4aXE8EQ8FNYM5p9gA==
ojbiPCXCFNg=
Dou6w5NUwd8=
eAR5BD7fV940thIY4t/wrQ==
FL7gDn+ty3A=
4Ln8hmcltG1r+6pxCf8ISA==
azKaOfQ4847o6iSmHmwLgQ==
OjzWBBh603QRS/fWHK1lAg==
ZFBwaDY6jvo=
9yRfRFRl2iw=
fnOn1SR6t1SLDJdHcWL4wA==
4kl3SMH1tBo5b8AX+8KngA==
5RkXRHpItYo=
oYK8mG6guqnL78audRjsXw==
yCfWqO5F4OfpRAl5yA4jjg==
unZCX8wHI70=
nWVu11Yt81P4WdsSfejoUg==
ngQ+B/vomy8=
PK5UnW4IegM=
fj9XoFF8nIY=
daPIquNByPXz3ylG6Wu+gw==
uFuK7yJhrzrwbDE+4sCkYw==
uFuK7yJhrzpKpwpiLm2xOQ==
fw5+BFFIT7gfGgt8Pae0Zg==
fw5+BFFIT7hJZS4794rYsg==
Z6E0W0ZYNBY0/4mHlFimXA==
I4TQLJIfcB6aX3lJyp8z6A==
RLcamq8Qulg=
fBVaBHVZJJA=
mADlGgy+uSZxE2oqR01h3A==
WVV8Tksmaw+TfixDLH+epA==
3Wya+p9LD/s=
tw+7RExzdpj5XGruNbf1NQ==
EOxQxeXgA3nmzaK2h3wSOA==
HzMRjdue4qQ=
SXPL04rt+hs=
+UzYQ0w7ENH0k84klbJnGg==
Cj6xGkYScQE=
LbISROUmopg=
51BttrATfGM=
d2boFta+GusOlaR+xvQjLg==
G5ptxHtMOb0=
OAfO+Z+gAx8P/yf2A9zoNg==
++HYvmGnITY=
jN8HNkgDdrRrPBNfPz0c8Q==
tCJ3+OU7Mfk=
+Kk/pWP06sA=
UU3AYf+KdUs=
hK3+ezJ5/kE=
AqiQ5hGeojY=
IEDorCI9oKkYX5715G6d5g==
/IXlkM8OS2RpPFrWKSU36Q==
p++ANncUDzc=
74alDQRZXxn+fq4np1PXhg==
z/jsmW9Zk68=
XbxzdH9gTCk=
/05wkWlMD/0=
gigKG8NThsY=
ep8HvdzCeRI=
P6Xy/bEt2ms=
xUNHfr2FqhpNPX/MS4dmUQ==
ZauNL0En2Pg=
9DTnrKuyOuU=
UzCJqcnDfYI=
8LmK4hYt6Ac=
LP5vVkmZjfI=
BJ5DnWrt1Kw=
sPDp5v2QZOM=
UbYJBRXt3q0=
zoQ2pMjyy+Q=
xXzrkRiqFn0=
sJ1cdz/voUI=
pVTdYsdNDpA=
86e0r6/Bt1w=
zVO+Udgl/Xc=
m9ifsK9y4+M=
asqdDRnItW/pI5fb6sjsxQ==
ZlAu8dcfqak=
LD7DMKpR7eA=
CgAEkGN1m8Q=
hoMUdYPIUC+6Qu2edu5lUg==
prgJimLPvqXQn9GE0+Xc/g==
yz/WEf8BabEiBDa+Ntviqg==
jpzuCmFbrcTDy95eqmTTEQ==
63n+ZTRr4+UeV5re4O2P6w==
/dw9OukQggM=
Dt0yS0miV4E=
/X69jdlCO+4=
CCAlo84jYSUHWBfiiGrgoA==
KQK6hqY1h1U=
0K5Kep+a/mA=
i+CoCcJHBVE++6AW9lbBoA==
NP11XEh9Ml7wvie/R6bhGg==
sblv4QKZa46UCf8oVWzFBw==
qWVbJ4wXZE7cD8eyP8oirw==
CW1U6LNflmo=
9BW5/qU+OWP4ZS+o74LHRw==
RI9RbSqUvC7zoAcK1W2gRQ==
RI9RbSqUvC4v0ldK6DS06A==
4xu8Cimcq+nZetFYNuKNpg==
r5ZWXdcUmkmMaaV/VOqrcA==
r5ZWXdcUmkkD7Aqjfhy0mw==
OhmOi16r45FDo7CVyM48Lw==
HdZaHsn7k1CIpTZy5proaA==
B3/PkRcC/aY=
yvXcSQ/eYkaNo1cMV77VkA==
mJDg6PXctg6Lmc1Yrb0ooQ==
1V0+dUXmS4Gdv2xaoMJqMA==
rDnSdbxT2XQ=
naYjRHMx/G4=
d/nGtkY1YVKB0n5r2+Viag==
d6niwZc82Ck=
bEaLS6UBrBfPyKvuk2WFNg==
6fnTkPvWmE0=
rBRQxqczgPW7f2I335u3Lw==
7e3g77ai5AU=
iv+ZP+Ik2KM=
He8eghoshnk8IWFerrKb2A==
WY13LlB87Do=
dpLO5cwpxoHreBKO7+avnA==
JAyxC8T3iU+eat7FZzTD0g==
61fcCBMIU5PWzaiD5bBp5A==
MJcyQiydECBuL9F5GrKwpA==
aVmUoYqlrsraXMu0FSiW6w==
OODJs5wrqgRYiL8pcUd4yA==
hFVItQMH1I+D5YRtLvzkwg==
UKcLat4jU2z6UN9NRpu0Tg==
hSFLZmTCTjo=
PNClW/ARgk4=
5xlfTruCFSgZ6JuUHn4QnA==
zTPaldA4cJpOMdR3JnrxTQ==
GVCbIJfcf9vztf2UzOSfzg==
GVCbIJfcf9tFrI6cxK6XGw==
EW85Drxmpnd/joW3c8jGnA==
EW85DrxmpneWxD5fPGbA1w==
TJKWtNCAgoiOZ1woUIYUFw==
X0m61m86ZFfRgu1+2Q+f7w==
NQcgg0PQ7EA=
itwx+OX5T9Q=
Zug09K+EuUQ=
VfE5NOyNI74=
ern9itzn/TM=
tFTaD7WGQEtXMkMmGhlMNQ==
8ZZBuWEnC1K4VRAKmbDztw==
wrnkkOZWDqE=
y4eGbv1pp0tr3lYzczrLlg==
6QOsX0mInQYGRxnhsHJ03A==
3bd6f3IGNZ1aMJtT8OtsaA==
NDxht/e0sPk=
kus6Em17Me/2/ICwnxKm1Q==
kus6Em17Me85bNeh33YSag==
IdO0VaiAHdg=
kV+vaJiLq8VP4b9WU+nvLg==
ST07s4WBZHtm9HMIgqQVjA==
E3SbfS/wlK6SzBZ2U/4Jiw==
4ymPg5s2MIAkefILfZjhrw==
MOw3942BU4HKjq+drKENvg==
1PgPvM7ypz8=
Il19zEyluuXHJAuRW8sAJQ==
GwN1+5zjet08xDPdjeeiQQ==
SIUNsHstpnrv7z1ZXwc9jA==
AmPm2hjH1O0=
1SB5pvvVSH9LIb9wiylzhw==
MHVSlLGgaaw=
x8bU8Ct2vg4=
NU1GrOb/X7klpGxgZJVABQ==
JbBzssVD2XJPkVPGjfYMPw==
ZC9pMPhMBELwC8o+QseCiA==
wFthyIgYFwgeQ7u3sjTG2w==
yrOIfN3ZIt+Gxg/lGRNaKw==
a5gg6YsKVb5HZYrRf/MbDA==
QtD3pMIgNBMp3j1WLlTJYQ==
mfuge6ZUUIGNUl/5zAp5LQ==
5O63qijNmMA32ein/lgvvQ==
AD0OvfGUdQxaGVn/YZ5kHw==
AdqVED0bPZmxMhapgOPRzA==
ZpPC4kT9SYgirFnZRLVuMA==
C0j8Y0EVa1s=
p/gpOmm7+0JzwolD9B+jtg==
kR2eMcI2z9lgqjZN/FqPnQ==
DlP/4KgYoQp0VuOEwFcUGA==
INGFrgpnTMFkGA15uktD5A==
gcgLeCDSAJ0fH7MVzqDz6Q==
a4neyVRwMShfgt/grrMwgg==
SYYC7DgGSOwSe2nqFrD3EQ==
OkVsAF0oMF0rSp9LTVYq/Q==
dt8egJ+857s=
wHvBQtE+Ol4=
ePyG3ANnK2By5mKLOgBM/w==
tCXR1HDgmYDRVoYWh9FeYg==
FJaffu0/Q2RZFNw94lRosw==
M024incid+CyMqRnQbZP2g==
8v+HYyn7wCBXDqS8AaMx6g==
dCr+kNdkqHlozOeLHhsMXw==
bmt11t2DkJQs3pi0gcH+dg==
ZsisISv6XgS3S87g/TXKzA==
kwqzH2oZJS8=
LTl/Nj8Jvk4=
FaoWYJN2xZZASQWC53MLxA==
JgClSIy80fU=
bRQcS8B4Vn+5q846SyWYqA==
krngMS+srRpHYd3FlQo2+Q==
EdkA5pxPkPQ=
BMsme8HIuFbSGLH1okPuUA==
xwE9qGRrKB5/DhsjWhEnBA==
RyFvFcOKnISUQfcRtFX3tQ==
RyFvFcOKnIQV0oJpAGdyUw==
5y4g6xXmubo=
YdgRwavSmvU=
xSM18uvPND7ZdoPut5ycdw==
p3uH8gFklsPr3ebmcYPh7w==
CHZV48/6PAiJSWGzu17e3w==
lc+SuEL0c+g=
3leoH/Vf4szfO6Je22Ov2A==
QdZT85ptkhw=
Aj2NnC15tDfGRinz2hqO2Q==
31ZCcj0/Tt0=
f2GkbHI90m4=
M4g2ld/YA0w=
D/i1KcV2cRk=
oAXVgX2nQM0gUhvgdbYToA==
ZUAlnvREh1I=
ui3bV6NcH4+0MYtFpVypDg==
ui3bV6NcH49H4b/pKLpgVw==
jfr4pk4LvNyE19eNFIjOhw==
RLhoqNM6NdI=
FzKmZaNidbCfkXMrmHYXzg==
zjlP7fmdXK8=
q6Vaih1vQbs=
iySeSSu+WDRAZVQuKmwrSQ==
Qr8jq1hcLO0+CfUsYk1jsQ==
CaqovvJjJ9/MmRDMyuBtDg==
O7paN7DdJFMMQzDP1c+52A==
3cSPCfOHEZ4=
HOIneZVwYb4EFy/JFE+Xrg==
1XO4n9hUNwWtRqqzATl0+Q==
VNsEgJEKmTc=
oDs+TOZ7G4n49e57c+NYnQ==
b/nl4hTrBUU=
/5R34m8L0XU=
aD3qnkkf92zi2wrZbESVcA==
usHOOpuWOrC2MZBqxtUcGg==
nQwrR8rs8fs=
J9ucVZ2us/UWYLM8xIo46g==
rZuXQW998Bg=
4vuvIb4FyTm36Gj1pH5MrA==
kJzNGSTMdY0=
PTA8FlUXHFVNEzj7FE2MjA==
c+lgvTx3aPs=
3QLArTWFP4E=
MLxIZ74eMQo=
TzXbvXx1WZU=
ecVmBYIwBpY=
xrbMZmX2FP0=
HX+V9BRMUr8=
8PommpJ5UY4=
bi/PIfEkyt/hEQg5L3DJLw==
WPmIwI96lzA=
+a8qPaJm50KG8s891eicWw==
szYdj3NAG48=
FfXz8UnTeQY=
KQK5Jy562FY=
zefVtjf73hk=
/NF3MD8exgA=
Z6pMdzqGsJE=
9lrn9+zRUKo=
Mnvi9/Wonzw=
SurC3KbON8Q=
5cwziuybA/I=
AveBQrW2p0s=
H8js0vlblmiNYaeknDvf4w==
c3Z1rMBfQsJzB0bg3VwjUA==
I1Vn3ybzlec=
d6OMzFqu6nfHTULDcQJWhQ==
6zsXbO+eSFx3iqL9LFNj0g==
BsXKYS9Hmx66buM+HECZKw==
Kjywz+eZCgA=
S0xzFaMCvPE=
FVmot5NHfQg=
Kg21/Ng1LqDdQd+okV8h2g==
Kg21/Ng1LqDVhnlwnqaCQg==
mWMYiS30h14=
nivG46mdzWc0c5yFOhdVNA==
nivG46mdzWf1KP1DwiIIkQ==
phBHGOR6yp76PQjnxjCL1A==
vrzvRpIGwy+30vrrdEt1cg==
1DJ9xDssm1Hw0TBllVTS4w==
1DJ9xDssm1GKI/te5COfiQ==
SOjT2TZ374laCVoPi4ArVw==
Z7mYezmv9IikLCTKBy1pYg==
waOEA9aJfqQ=
bi41H+6GwNs=
rH3mZM9Etp8=
6OW66pURfIs=
wC2G6G6s5yg=
NSnDYzUi3/ggxZG9nsz8FA==
syXobmJMtFU1VhdIFWQX5w==
8covvV8nFfo=
g8XxwaVCLXo=
u2QLOflvU0/+00BwFjU2pA==
RMG+snzSkCs=
hRMzrLxL8cY=
5qxHAa5xbkk=
IdB4M8jJRLM=
F568w6Lq8EzcZvo8Bi8fGg==
W0BMFFNDBfU=
hwQwXdgXol+u7eE1z+BnHg==
qG2Iil1G0LE=
cDmttUxjn4E=
CP7sHC5j+oM=
3OPe+Auti4Of+VArGF8lTg==
qIJUHSQ6H5Q=
VHHnZhCtCnmgOTAz1FYD2w==
+zBkWiojOl3cb3nLW4/GuQ==
1LEcDwWOAro=
ZqTqzmdyJu8=
vlJ31dRB6Vk=
n0LkdE/U3CQ=
+JY2GDPcnfo=
Bhl3tM30WYPy+ctVbOS2Kg==
jU1oqcU7EdW1tUjHJrb4Kw==
jU1oqcU7EdVNVRRn3J99FQ==
LkObEYoNTgHw8t2UK0FqlQ==
BFyYxwQGCVISdLvCtCfQEw==
QQbywHyvfPXEfgznn6LL+Q==
CpGyqPCNrqnBAuowpg0Wwg==
KgFkMC63R0jgsheOrEhKGA==
YQQ9sHE277E=
mLAEvpwCP753Aqmg8QkWdw==
hCAW0jGZLGIZOr6+u8HKug==
mAJj/vDuU2s=
nZP4dRxlJkCViwyYkHIqSw==
oInMyFlZOW0MFRZvDVsu5g==
ntDJLy1wr0Auo6so8fot4Q==
Ih2eXByCbhXBIl1fUAkCzw==
fG0dG1JxeFU=
bTBAqMdlnxM7plKnZVM57Q==
vSLbR1FWF5Y=
8TIC3Fdc+tP7A2xkx7FqOw==
2Ba9tlgINq0Am2LJUP8aEg==
2Ba9tlgINq1TVrbTHk4EYg==
/xc5+iCu16dkPJOZibs5TA==
M7qc1zgovMZmwIkAk0Yy2w==
UjhlrdcgCEkr7xrg/khUmw==
sDhZsXvcNwU=
uXNltK/FCYXTqYuLw32BNQ==
ma0qi/vTNU4uDtumIiTfgg==
ma0qi/vTNU4qL6oAKpRjfA==
AqReGUQe+oVp5TeIJaESUQ==
AqReGUQe+oU66e0I1H2ejg==
OcLCiQ3jrwpvOCSE/G8oTg==
CntvI2HngbpjlGMChr0oTA==
e95wKG1MLQPYnWkOGoWmEw==
ehyeIrh1CIPDQMoSbaewnA==
tkr0Fw9IuBcUd0s7VVmLpQ==
tkr0Fw9IuBdpXBqYV+vRMw==
tkr0Fw9IuBe851B8yAh9Zw==
Z/1J/dRM8Er8PZmS6+hBtg==
RlUaFLB8/K2bG0bej8kmig==
RlUaFLB8/K0NyH4G47ja6g==
wPGZIQ70s2k=
iargTVVfEcE=
jlt19y11hI7xmfD9QBkT4Q==
itD56c+47Ksyiip/kDlsyw==
p1e64rSJLI8h15r/8opK7Q==
9sWj2BItYZ3ut/GxcGXEuw==
UyZ/P/n9NKcMaTlTv1iP+Q==
Q51sEXSnjuRs7BkQA1qNUA==
0bZM8518B+s=
u98plqgTths=
OiQcXAsGS3k=
8r4MLo0kdKipNqvQj+A5sw==
ikMFJslNlfD6OrwVrTd1JA==
WQ5mHyCgC0g=
7/RKKNojCrE=
0vPp0ft40yM=
Hw1gIapUUbo=
0Qn+dtm2QkQ=
fiaHxtF9bwelofL9Qv2k7Q==
TZlImJ9KNr8=
mxxUPXV1hHQ=
fkrZeJqseFQ=
ao5IVPCQrMw=
JgpFv3kDySk=
N/Mmzqeq4TA4OmO2X9bazQ==
TKP3YxiGhmc=
Zj2qSRgsFZQ=
hbvc8i4wAH0=
Phzr7FcN2ec=
B9MoRCVSGKE=
7TamfxKPJBE=
buaIkh3u4F4=
E1Pu7+35n+Y=
8BEtpCi2vi4=
s+sRJy6zP9RwIX492gUKPQ==
aRgEV3lFquM=
gCOTR4A2Rmg=
JNwLRM83WIA=
vqwz/SYgXNXpwf7j9wuJBw==
31OkaGNj9iI0MjrxsAbjgw==
dAadkLZd71NQlPlDYKM+WA==
IF0+tZCh+sw=
jSLS8jPRv/Q=
bhHh6zRO4v8T0by4oprbQw==
LjactmekcyE=
synDcrl1G1WtaZRVblZuLQ==
kl4VhzytfUE=
8FpK3uvQA6Q=
1acXutWUFiM=
UZZ4NWfPwlyBod72qzGuAA==
AFgivXvFO74=
QgmncDHpbxs=
W7dY59DAnRc=
8fvSkXCI5fI=
vgdX3xFYoV0=
Bbg3KBSGKCq8MN4VwL1ykQ==
qQJ5xnppTfu+lhrWKIdyMw==
dUmbV+tb83I=
Vg/11GfZq8g=
ksirBknQWwA=
DgejdXTVkoA=
kbkPjUWW62I=
DK/p1hLBWjc=
IPokMehrQ0g=
7i0ZxfmKwe97CWLfqLC8HA==
pK1pDDKMSSM=
NGNDh0FeteH8UewzBeHBQw==
D2PgxllZ/OU=
vD8Kw8hajsM=
mAtZfAX9CMo=
PzK5d8WWEIo=
KfZ5yd+fLqI=
oZcWmsp0qOyAfw57T0AHaw==
A+8I2vVaECM=
kI/dXk35MFQ=
iWDHvtjO86U=
BsBcGCxY9iY=
iKYGiKXJ55mfx4kSlcdpIQ==
0a53TerCBTis4u8ATXjwcQ==
WJxFvNS8mU77YcK5AJCrYg==
62RKsdaADcrJeCT8SITAQQ==
uT5C9nUxVgI=
8k1QteQQpTeo38O2dOkOQw==
6b1xtSg4TRM=
1qvpBHLgOAM=
q+Wdd94giuU/VAHjJZCqGQ==
9msZiE2PkNs=
3gIyRqi7HOjuz6qhkwv40w==
s+WxS0d65NGKZZOSKFrKaw==
OL98zFkpK2WOtXdnblMoiQ==
5bhH4bzPO4HkDdkN0I53oQ==
paOP2MzE3iallEOPvNJQGA==
xjnXIvTCNLk=
GXl9EHAntqM=
R+I3ygsCq0s=
3UXZRVqo9bk=
F6JNKgvp+811uoIXVi/N1g==
m0kLV8Cr5fs=
4r6EeHEl1g4=
XqaWhjaA2CXW+QuYw2aaUA==
49Hww4Rm+Wk=
Wx/1nEq7EVlURr7IZvjc9A==
MNJV/5fIS2M=
GDBmrEkWKBs=
Iq6lfIQ8Ko/kpkpQGS+xCQ==
Iq6lfIQ8Ko+gRXCBiDqpXQ==
MPR1LIijuIcX/EY57HTjVw==
aiPqJo80TxwG0DujS0D8gg==
ARObI0SMEh8=
NLHkkccZ+OY=
j84mBkf84sCDGOIEe4NlHw==
a91FsOBzG8M=
9Ac1u1UfRVs=
3k5sNcrakoQ82dkMslLUaA==
shGX3t0UY2FWVe3WISB+gQ==
fNZAHnTdWwc=
hKbx0AbBTBo=
QmABUZ2uU90=
GsEpfKdQWaY=
CYzpUrxblBQ=
n383GANptrFd6N33lL17Lg==
TOD2/U2pRN0=
BHBJeWgAEIs=
h2e9Ma5cn4E=
fuATGzd2Ry0=
HcpdXi/wiOo=
RnP0iV4Fkzg=
pa75FzhI404=
W5TY5AJYeu5NECR3wVl10w==
QfcLrJPS4lA0mYCuiCz3DQ==
0OsYdXzbmBU=
GeYQnCSCrpc=
WYsnBZQQAOQ=
vXQOzXXWHLk=
7bizHb8JRbA=
Xg82JqQ+b2s=
6ozMlq9q3Cw=
Ve5zIsisvFv2rVkkyuUuQA==
7YjUcYI9i9Q=
mH+00UiARnA=
jJT5WL/Z+9k=
4xagNqkkDP4=
PXR3BNOyawk=
vP3T9dxWrIVa0iDWnnlIqg==
2M3huACxRlA=
svgixvGkJUo0AHABqNNIHQ==
9vlazsMP4Og=
3ZnSTyH9XbI=
2yQ5SNJJv0b6OVyNnRUFOA==
2yQ5SNJJv0bZTAbkkU/sMw==
2yQ5SNJJv0ZX6dFTz3vMWw==
9Xaau0WPer006hv3Iqmg6g==
p4PIiQUeP5A=
ZqTlriPVC+w=
w4LJwUmuNww0/g343U5PCg==
+g7MQpGShos=
FMFxlhcZGLZvJprGLJp48A==
GA6u5WJV028=
rH3L95E6BbQPiKIROh1j7A==
qoVrI/Q8mYE86OXbp6MQCA==
7QHBzSuBssU7he/YeqE6Hw==
7QHBzSuBssVTImlB2tij0A==
FUdQwNy4eKQ=
wmsYsC+FPeM=
g5jehR5fiA4Z1YT5nsEbxw==
kDHrrkUtYuA=
NMokTNnuxL4oVl7ecv52cg==
jdLhNGLwItU=
XR94Tf3FLck=
EVSQadYUKDg=
M7dOADsU+DM=
bh6aEWu/ezWlA9rclaLZKQ==
Ql+GJNhKiho=
96E+sB+i9kDX9uvkd8wq4w==
CxN3hHx0V+vEfX+J35eXYg==
mQZnYbqVLfk=
Nt2LZWZBPy0Jga2N9P8Xgw==
rSdh5fLnC2E=
7PmEs0UK0AE=
A1RgGobvLj8=
U51fDoa1lZg=
poxk29CZDfs=
SqnQsJO5Kic=
jeC5VEdq+Xw=
EXRIJzKMVhE=
QrwESRknshM=
6IKjERj870M=
hMxOB4HQxE4=
R2WD4A4byjg=
GZprLMP/dAw=
8b2iuWWB6wo=
kWuLBA0LZ60+c+0eKFHf9w==
8sDdgvrUeqXfyt7E41ldoQ==
bNICjV+wub4=
to2hqxwp7xI=
1co0jX3bmSQ=
lUsbM001fEE=
L/ri0bKhF5c=
w0DoiHMLUbg=
JQwJvnjWVRo=
IpdMKWaDOyQsPVC7dUfPog==
/P0p+GaOJFM=
CQRzYAfX36Q=
sbPLXu7RPHKR6vWiFq80ug==
qxxbLLH/Opg=
QJP5rlFn8ikFpsSUAO8h9Q==
EndRJGuBJ4DPHaBryS/I/w==
/OvpNrallAcShfSPCGiaYQ==
OaW5R53RT/zLu8ZQGXjoUQ==
OaW5R53RT/wHXw2AtHc9Ng==
0BJVUCyt1KA=
jPho9q+Rs/uDVjMqUxnYDQ==
6mFksANzV7s=
/rXqcOXrIbcxdAZC0u7XvA==
CMfPw901w2bvNA6rqOlBGw==
CMfPw901w2bcKwvqBBFRCw==
RCkb7N4fF76o4uEShSv/VA==
hnhTvQe8Vig=
e9pfhUcZzTk=
J82tPaDRlso=
eDqaDeNiInW09gVnoaMfSw==
UOxUoFd9qPAtJ8rbX9SYKg==
s+iSnFFoxYo=
6+XlS/3o/lw=
v2lSHKLgBug=
2TSH/XdgzCDgE34TM/RAAQ==
hBnqGg8DL/g=
Nc9f5KRAR+k=
9WvZ/Q+vKFg=
ZNNnp/x5l7Mx4BgOTouKKA==
8OJo9nThIk+PyI1lsNYcRw==
SjHVPPB6AXnlb81KsKQKXQ==
MzvAF0ZZvpA=
xST6MyuI2/0=
3zc9UXAlVDXMzCIv8N0nfA==
sjhjgAQZghKnrYoxoNb+rA==
P2gewq8UgbyHCRlBHIH+9w==
4CZbml2IREwciKtZGzl7Lg==
VLE1vX/W6dU=
blMX0YnviDs=
byzuf5YURtY=
khl7JBMSHg4=
TmAKBSb6bTJGB23MJjtTFg==
pqzXXrsvm0g=
tTjdsNyLCgA=
C9ktgyiBKAA=
YZPvjsNk1f/ivuyOMBCy0g==
6FGQpleOXo9L6fE+63vXKg==
VSdXYLBmdF3cCq6ZIWFOqA==
qOBNI4d+YYOHcrLsEQloxw==
wUuyvwWxQxE=
qlpmtEq4E6sWEWSsRkl86w==
gWtB/TuSYHYgmcMZ7ZTa2A==
bNnYFj94od0=
pmr9xyLSiru20joeEqeaWw==
eVtlhhqHkQY=
TiYySSvaajo=
OO/z95JPQA8=
Q+spWlZ9DqI=
xp2HaFfl/6tOAfl2zn2P3w==
aV33d7mQ+qo=
Xup62hr7s6I=
su1TXrgSCWI=
MFeQypdIFeOjCLddAJl96w==
5CGOVGi5r+u0rIyX+IyJAg==
9/tAD3J8cBk=
Jnd8+OTO0Jc=
612YweB4z1ZfsmAJeFyLJw==
O+dP49ugxqgv+O1BmR62jw==
9LHsbA+fCPw=
uNetcRAg85tichFnNrO6OA==
uNetcRAg85tb2Qqrpe8Vgw==
u1wKzLfwT07rtq33AyknGw==
u3jxK6cVPBR0ugeAHGa+7A==
94aTLI+ifloAoMsBnVKtsA==
kapms8o1OFhLvDjed8GiJw==
UC6UJcwhF7jH2KsbALEBBg==
Rx2IzOjzr6Kak2c4+oi42A==
T5PSdPzdIt0=
yfv9iCjwGX8=
ciRCNcxGwh0=
FRdSDmYAJxw=
4siD0a44PLg=
05BMSvfG5XLweVNmm6hy9Q==
LVyKkzRWbcQ=
rzYnfQ1YucM=
jRN8DCpc5F1k+Qc9ETvK3w==
Wh6E9rqnow1EAuVagLbMbA==
WSRgRTyzB/0y/SI52PwO4Q==
4eI4igIsjCQ=
eKKopfqCCMM=
Yfks6vVAb4E=
ZGdoqomp+nk=
Aq/zMA8BiOA=
wzWy1e5yVVw=
b48FmBOkpT/+nWj0NuYdng==
u9oqp7anSdKTZFj2xztEUQ==
u9oqp7anSdJUA1drrt/OwQ==
LFRidrPMFJ3Yp3VgBgYFjA==
+rX+dcaEkjMbpjxMFoAN5A==
qR/gc36KJynyfCBIRDBWLg==
Lr0+cBRHtrFm7JmFJkaufg==
4H6W4RsYlMkRlzoyOblfDg==
ltYlruPIgu5IFyQdpJLaTg==
M4cfMtZIvMhMZnvjUIFn1Q==
aiR2eD3l+DU=
py3+hmal6tywrPLSx0W6JQ==
zy9XuW+T2Vk=
mNDgZ46lXGjSQeUNpd2KEQ==
6NyjYZPhZ3g=
Uxhh1O3ygRw=
7npBIeX42FA=
AQv7hfQpZGg=
rGE+fwXH57Q=
uXfYnvkNzrppEotKj/WvGQ==
Mp1Guq2ecwCG36lfe6o/jA==
CuyB1RCAD/Y/sY9T2Emh4Q==
uGvtjX8xo04=
84iBcaoIHhQ=
genz5FQKCLI=
tZQXd7/y9oQ=
XeQB4wteCco=
unX/+GmFutM=
eUhrjvvt03+98pmGRp3iHg==
1gpCPRGxGSs=
J+pgj1cJRzc=
SnCSJnZCR6fscamLtclOLQ==
4MI9fZYQOdc=
wekZkzWISfw=
XjysHod/2k0=
x/j+0CYlFV0=
uaMGexRRIgg=
f/t0lO+KUlU=
9hIG+3Hy3Vs=
6dRahLhx0J0=
ke3W3MGydDI=
bLVNptaPkHs=
AgNTuW0KZ3RNADbPRizyxw==
GY1b/HCdtWQ=
nOpjzeZeQIRuBkvBq0YucQ==
1EdJTzWzYwk=
Ht/iGEj4Y+0=
6L6U4vNBKas=
ygUIYIBzGPw=
6CrFaLTpy2A=
cS6mwNYx1dM=
YzUPUzlB4Gw=
hO1ffeOBPKg=
6HeP5kcduzs=
msK1HUudX/Y=
wZFs269sCMw=
8j9FNdQEefU=
PROs42DIDCQ=
rwxq00UB45hB8tt0GKFJfg==
u9so4Rspqn0=
0anZrj1lH0I=
6lhFegGnDRg=
GUk4dT3yxzo=
ksKItYSnxhASWoJxrFqe7A==
hHbdwO3ZVCQ=
9tx3B0eWww0=
zV99hKyNAe8=
o/dNZzoIaSY=
E7/HO0uNTtI=
JiUFDvd7pj7HmVW/FXCGlQ==
umJlUDBZrGITR+5qfnmsIg==
w1RTomHHovM=
QFoVbJJHji0=
LeEvIXWIBXc=
l0vkuYM4vkA=
4b3ZMIp67w0=
OAXuKGet+pk=
wyRNddAytzRRuktX+J2f9g==
h0p/TKFTqaE=
on/qHeBMeFM=
YovwZJ4RE3E=
yAjE5Diq1a0=
wkAiELzOPSk=
D/Kje/hG2UE=
5+KMjHgY5RY=
GynDj0uZEww=
UZOL/jOget0Dhm/KqDCdSA==
yfXIVGcl0bI=
5aHe7aYctQ1tm4yQfBMhzg==
UUmN3KXfOJGRLYXSapoNtw==
V064I6qqYkW8FyWPlu/Nhg==
vPzCn9UTGjoirVNsS6ySaA==
FLzy9kg2VGb/9QeOQvQMsg==
0bd3da7/Gt9Aq6/Z7DcZZA==
Pd91IQk6M15ssUFUizdLTA==
XjoOlpt8FCI=
5+31CwBYh90=
gxF63b3+RoMr0ui0HjjVig==
/Vn1X8BC8uieqXGoRElmpg==
mmdhIeMbXMo=
JQlxpvW9bWc=
nl4ehJC5Df0=
SCIPKM1kY3JFIBycYzUR/Q==
OilAARL4JDI=
R8KJa2JCZ/s=
O50qvcsBRVw=
EiOgakLBhsVHpf3hvgGoTQ==
mTGd0KLAGR3I3uhiwvUC4A==
Sot3w0/0DLA=
Smwfm2Tmdf8=
PBgsOjH/9aY=
vpdA8fonuNI=
pqTor6CqnMI=
pxZ+qrtwl4pwrQJEQT+M9g==
+gy6d+QzNgU=
3QiTyZ12DLE=
ECdRmzaETq3XfSpnApBXzA==
boLca5dQ1UU=
GsV1MSi5+js=
nQjrFIRn9pc=
izrL36ecUBU=
DNRtgo6LzKc=
v65IxBrpGPY=
5/1mpeSQFHA=
DcEqQS8opt4=
t09IMg4yUMs=
aTqQmW0Uyi0=
NaXXos/oEq0=
Y1OlBAs3a7A=
uaiLfHxPRM4=
tpwzah7oxKI=
mAdXwP8sv9k=
HAbltfHK3QA=
y6LBRqL++uQ=
5RjoHw/2Atw=
NL7C0mbwBlQ=
3e/H4cJNRak=
xt4o0ltB8tg=
mE3MYZ4C0k0=
ZVoBU1e0sPU=
REoXXVLd2zs=
Aybev/ak3g0=
tc+lykwEEgw=
SbzB5EPB4QbZyQCPi0iT6w==
ZDUK+GQqDpI=
VFg71JITHcU=
zTJYx5dpfno=
WJOq4NLalKk=
AFVK9l92lco=
9WqJf6GjL4JDymrH0Dn4kA==
UNtirM/1Xmk=
XHMUw0+JhYo6mS9k3MUnlw==
j59/1SGlepE=
ac0InqweBjY=
svja9WgRMSo=
gpGVZTGs7X0=
aKJXiXUV8hxdSQlu2C+NyA==
i6vW3ttf24zvCiSdCROYhA==
BN+vRWPKx+o=
yDlggVbmXpxdn26x7//Lvw==
YqonSd81af+iP9H5xHBxbQ==
dg7GUjgzZdiEDy4H8UqU7Q==
stU7Gz8Ih4SXBVRplVYT0A==
YrDgKBZg6kj03bEUmx6NrQ==
3d/2YL4A6Jo=
Bw9Xa+AIhP7Z9GayjZb0HA==
S7zQ3dUPDKE=
ylSwivWfaD2xu4/HzAw8ow==
6J3jovAzYLylJDAWAo75ug==
9yZ0MpgJcTI=
Ec4OULl1jrs=
E/QVBbiSbaI=
vN+HjthCa0w=
E1Hp4wlaj9fui8uCfviKRw==
Xg1iKsV2VNsnotwXE4lVQA==
wQhjval6roD3zOXjueBZXA==
g+vi8NZoSx4qMTWXp9+h8Q==
zqdxDxlQZGQ=
oH5NdNmJ8mjkFZE+Crrdfw==
oH5NdNmJ8mjphLxigxbKgQ==
Xap9qmB7Xdjb45TbWsfe5g==
D1acw01cOPMyVJv/tr8LKw==
NU6f3MvrcwA=
sZEkvcjg1Ke26glpInwFzw==
oJrWoyKgwFY=
2IFQs55kgPjU85HjqhfMDg==
hDvNbK01Dju3sk74/od1gQ==
s6Trj5JFHz8WfuYj5dkkRw==
Y6sQlhwWIuw=
SZ/uHQ97e5g=
xfBCTmpOx6E=
MYL2FKoApzM=
sf7iRB+4ayE=
jX6j5AotHmTqJJkBv1/2Kg==
uBTvFCulBzI=
TJnWDAN6W/qSO9qPueabew==
6OLJIR41/3otcPr2q15t6Q==
G56JNEotXvY=
c+Nb6weaWIY=
JAmTlTyK6DA=
u+jGrM+Yz+E=
jCkykl2vbjn8eiPKvjmFag==
Rl42EvSNpFFQfua4PYXPHQ==
eqpR9EuhDAIAZgu12WY8jQ==
VPHVtwHnRHM=
/CAYjMG03IQ5xNprhqtT0g==
tmTJLuz/CxLTsFBzILZ+7g==
U6dbSKaVcZ4=
poBSjtsxUTkf7oNJjrTo2A==
7aeNE3hBgz8=
SsJdMpTYS6s=
6UYzCG1kjxI=
bV0CdVtUbcimI0pwHNVF+g==
KP3kxKLbNpiieEVMR4zGKQ==
+Ksb3eo8l3M=
H8ufFi6isQ8b7TKCKj1FSw==
Cy0Mclp9sFQdA9Nd+8j9YA==
Cy0Mclp9sFQ0TX39UX2TrA==
ktF4DPDR/Ss=
+2e1cTvfGuwwo3OyYIyWlg==
PRtSpUwfzR8=
1YZ3zQg6ODw=
Vwqzeg2Bva+Jg960nymNJA==
VA574K5wUOE=
EatVlgxArkg=
YNsuQq8rk7L4Z/OtGd6C3Q==
PPTffudLYBw=
tRpKMD58O4U=
YZ9qBLiKAow=
a4CcTv2oTrSwLyBZzclQ1w==
TT/8va0OJwgg/FfBVtf/QQ==
2WUQqkf+VoxyYG42taxVjw==
W4CWFqPz1z0=
VqHUnC9m4pc=
/nYKxUtDIK8KEmlrlCA4ZA==
+nZZRqcizDk=
Lk8V6gC13DM=
tKfKaOnSuMCLCoPAgQw+fg==
7dWtJBy8apAlVeuyKQaTSw==
ienI2eEdxM509nnb4bJMnw==
LEbnToP73Dq3ZLagr2eZjQ==
d0CVRLxiP/k=
BXHzYBkNvrCi25sJr9LZwg==
WpO3ceQOxEY=
MDDtkSbrYtkvYPZYwW6l5Q==
Q/tY6CbHCPKCY9VzjLIlcQ==
z2MtkEw9MOAk1p6IVTLQcQ==
BumXTnMLi4lVZ+tKpbegQg==
ODNf0txnM4WDZETk6X1KCQ==
XNY/Srd5KqLeTQVVUpto0A==
QYO6olKrgLg=
p2tpjALVZck=
KkwIjM5Q6A0=
jQ/OOn2Obws=
X1VFuKA2unc=
Q2JBBMBvUyPkXe8NlAH3Vw==
vtqRvx/gEFA=
CAh7ZA8Fe67P6Gq5781jRg==
A++E8E6VWUg=
ZBeOs4iZK2YpN0fFQ3KRbQ==
Xi485fqxc7k=
m5QzJ3Td6fzXrvsEqkDurg==
0AxZdPeUrLyxRGUdfo0BKw==
j5uwvxmOX0N76mgkC60fpA==
cfRAD8iwjrs=
ijlzhwQJSkSVEAUDwD/oOQ==
ij/D2lGXvGA=
0/YL/09lflk=
5qZNpPWSBrs=
pPi4Vt1tPu0=
SZYgfKhVlzQ=
h5xlKrit+JU=
gls9LpzX+CI=
daDBg0nS+efScWkzQ2pSNg==
Ewr8qc5Ijkk=
NrEgWbXWvMA=
AsE/fIXAQbU=
i6ij7K3k0RM=
eXkr94BbdUY=
NkmaEpu4vWU=
Gfvs7zmQIyI=
ZJyf22wFKXst2z/p0O4aYQ==
pi+Hok3oHL4=
pHHw/5zZnnw=
0QaR5mYKF0RAzhJxVLz5Yw==
Wq233CQnbc8=
baIGntOJQ5JNnohD3xR5dg==
4l35BtTPC2xmKriw1Ie3pg==
aO2nw7qe8U8=
KWPZI0RCHas=
9vbF0Pi6/Lk=
4sajeUdde20=
nBz5jtWTHOc=
6YNUEq9uQZA=
ZEXzk/nbtEE=
JGzR9wmx2LI=
16hJGvT7faU=
W4cKJoKxw/Q=
MphxdbDld1k=
LkyYpSkiXvo=
KUPtg4hZFJU=
qLE4W3xUYf2LpQjjrCFccA==
nOnO8zyKUtOvkJ/nbOAffg==
qG0HyxF4Duw=
MatKzrDEzpg=
PKyEMaQ2ZRQ=
mbc4c2gzGjA=
055rMjr690s=
85UNJ1Ry4N8=
agXmNk7TZIU=
m9Sp13W7+Ms=
mykeq8tqjWw=
W1BnW7esGcI=
zwsR37MuUvg=
smjr2qfHG1E=
7DHtrR8yo0w=
4kbb3pgjLOU=
4xi3H6WkmgU=
YDlHBB2FFhQ=
q4An0TIPBNQ=
xdqV1ikiyn4=
pcJW1h2fvLI=
5P8GYlqZz7U=
LM71y7SL55s=
sTEdAMxko1w=
nkHgtThpwwA=
9QENEqdy8wk=
uZRw1pAefIY=
5hqOYgdZz10=
DnDzjzlYN6g=
BTL4YpiNzBY=
lGwiGHv30Xk=
YIGO3F9Vmvs=
eEca1/hBg0g=
mqEQMJXlIK0=
q6wpggqvIj0=
UaD7jBDG16VFmcbTqRs5gw==
Rd31MARONx0=
eUackL11Bcw=
4K5BNnEVjo8=
rQvUYHcTam0=
PgAGfkPXi5BRswGdCA0Y0w==
SQtYYs3I2Ns=
KygrcttgsM4=
Hsws5ueixRY=
peQYXkXYZDTH7oOOopsK1Q==
VHZD6aofops=
fXegwHYaQqA=
9ie25pKXyMQ=
0L6LCXMsGo4=
M1pN27HXyvI=
HoMFJT1VUhE=
DjAUJruv6cg=
KGYLPod856I=
LQJCI5BYdZ8=
Wond39fJvYI=
NyJ1NT1S6oA=
hJ/f7MYBjYQ=
4JJMlNZStLw=
2LyShoSEx0M=
lBaEa/30nQQ=
9OP9Scm03El1ZQaMhKAdQg==
9OP9Scm03En3Kihw6MQlQg==
cdbUstcrGSCJH6v90zmPTw==
eaLDfhmQdv4=
0ST/xg7ctw4=
7VpjtsurmLw=
EH0GxauHNeZdjd573XbKKg==
PvfLRnUoZfN3dgmMwhGZeQ==
RHIt87EKwvsrPT8vQ8/QUg==
L6Kr5J8VsAEdmG79PSDuGQ==
x+XmigegopOdGlHQrS2K/w==
RrKewr1/CxpH3/aUxUAyDg==
WOO4+3J+wCI=
SaPbq/5GMx6uvW6Bp46Nug==
Wr1TWEQLHEBdx9VrLoePHQ==
dbscpunW3cU=
WuLm69Oh0+A=
hyGxx39/O2E=
/4LzrksD+TLOlHPr+JsylQ==
TRdoFfgvnr4=
Er6hMQOozx0=
Z53DVpFyPN4=
8c0LzzkGnKQ=
xTGzs8M141g=
C62Y62rEZrI=
MV3/bcL6+0E=
xRifOBu+TCY=
c/k4U/PPKfw=
wb41rhY8pIQlj98wQ4JxYg==
PYJlRDu7Fs0=
vvlBZm3hT4U=
l8uGSqtcR2M=
Vx/qSXk5NOAtDuA+7hpf9g==
tfyAk5b8p30=
iSBtYpbsoOY0qaHzxMwAgA==
WZBLyFSnH4E=
XsPBscPED6A/mJtiVz2hiQ==
VKZRP4d68f8=
LkFYEmE2Fic=
nyxQRYDVpow=
RFc6TOQ7fK8A9XP88psyRg==
1NG6KBR2Iz8=
xggzfrLxaCodVoBSpSUlsw==
oPbnPnjWL6g=
o+a9pD5D48k=
I86JDWwwMGY=
yVTUSaBd6Hw=
eq9oOQpUkoKOD37B4V84dg==
4pnGImLL+KhE/wE8Pn4l4w==
vRM2XpMcrVGRlPfWYo0p6A==
KbVNYwe4wOU=
wMbF8w1G0mo=
RHQ7GJU9ifc=
rQYfnJBEcbDUxW9NYIDGnA==
f+q0RQYoPUtRMq5VpMsACA==
I1VLpjeizYY=
WZhp9FSDYeU=
N7zGH8av3n4=
2Pqhgt0IQ8I=
E7PiLpXIEd8=
W0BSBEXPjv8=
iW2DBPwVa4tQpvBJlmBWig==
tpR6iOALRF4=
YSkKhccvoy3oKWXgHiVJtA==
y+vAmcjH4Xk=
HQRkgQcE6Tk=
vEl5/qzFTrM=
aJDnUf7GkGIGCvjUqXterg==
tJQ7jKtSd+Cj4HAckbVG7A==
fSjbxR+iCPo=
sjJQVbz5T6U=
PzXa025XAVg=
edrxxu8D3Fw=
jFHt5r+/3kk=
ewCxvjMh3vmiL13Cous9Zg==
u/jeqLqYvk0=
r9QgHUDXa7c=
W8+6c59h4qI=
8OJJPZqB/Zk=
KEG48yk/nOrIesb3V2o8OQ==
ZC19148Yvsw0iZRbvGnwxg==
xUhfZZX4nSY=
/LCfU+uNu8M=
z1at7yi8Y+k=
ZCZGIr/bHb8=
0uoCKvSwtg0=
HmX6TQH8quu6veYAVBVrFA==
ZPh3OviUekgnvGCxvwWVaw==
KlgLFGEO5EQ=
Gh2kXjspNuA=
eDGuONXPS14=
yskU2QjDXm8=
AeLaWTWjxqs=
1dn2AkEin7k=
SozF9AhbKRs=
t/+GLmamB1c=
2hDaUou32vI=
nka8tudO/dc=
TbyoxNVezOA=
+9GcTv/dqJ4=
FYMIwgP5JG4=
dbOr7ubrJCE=
cpV9YEsAyV0=
rXGX6plbQc7kTf+U6VbfJg==
J/TZGDq0vDE=
YzTfSwPwX8+GaalQjPOYTw==
z8/DpxW8NSErZ6sslsP0xw==
DOXCV8iHLhM=
jrG+LaCntLg=
2uSrwoVi6NveGettAUifZg==
P1bzRmkcIV4=
FmrlooX3JHM=
Q7pGxoLP5z0=
BTxFsPXH3D8=
mZmxQfwLdSU=
30NsJy6WLxk=
lHWmRqWz3iRpWc6chEkq6Q==
lHWmRqWz3iTXOYsGKpim1Q==
7sq74G1NEzw=
X3XBLuktYfc=
xgpv/OwzIx8=
VGLXOyKCYWI=
CMECT9PhUDM=
le1BuCUjHaU=
4KNrgwnwqWg=
ILMVXYSl+4R0n/Wvq0UF1g==
ILMVXYSl+4T5XCAVCrUq3Q==
xnu2n/ksXWeANW9BpX2UVg==
roUKMfFG2NQ=
njOC5p1fw4k=
umW9jIBqgcE=
l2B8+cyXGDc=
tOcF+6PLp1U=
pwr95DEAZIwPkVAcIaH0HA==
eOg3TCHoel8=
/8V8ucwPqgw=
95Ti7y7lxas=
nGFlbawKJ8w=
Vhy60ZnqxDc=
G+Re4ir691zY7UpgfM7Rxw==
23J4malSyyA=
2qxKDDhvYGw=
iu4mrMpDsgQ=
nGcD4yesCg4=
x+YvjvEN4Fs=
FS7+ys9LMTU=
bYESkxRs5k/Yshfg9hqsrw==
s0cmWLzIrtY=
49uS1SOSPPw=
LfwFWTVyXDY=
JykSKY/k9T8=
+ybbqFDQNWM=
ZQVEmfBgUqs=
LGkt9sBo+xA=
H6J1526Z+34=
5R2uCQOHTeM=
zFkGnS8Pvdk=
/Zyh0j4kWKc=
NCIklNDOOLw=
OnIwfTR1zEI=
oPyvw+EIJgA=
NUN6JjW3o40=
5TwoQSxJ2W4=
mTPFd0pGWco=
oIewn34/c676VRMIyz0hzA==
PT2yc6M+wOw=
SJbKWPPE4SU=
z8wJN7TVoWE=
YQ8HMp5fA5Q=
mSvtN+OAiy8=
1hwnII8SdDE=
k9dQDxOUgUGLq/3H/4iGwg==
8DN1kOL01dw=
ae+D3lgO4Xr+aNGNZ/Nsug==
eYiW1LzG+ik=
Y03yVUKIG9E=
CI/PBop+zMA=
Gb+Aa3cvylY=
WVF3AjHT+0U=
s6nIfRQ/P1g=
7u/hpnSzlVcxhh/0/uZv8w==
mnXiwVZ+43A=
DDf23/hBuENJiaRDfYGoFw==
w2TPiKuzYSk=
5Cr//CNuU08=
kjxcrljjXcg=
wuE215ag9C0=
ZJV6DPOqXhg=
G7sZv/BKKN4=
xna0KMO5oqC62oE9CCZkEg==
xna0KMO5oqAmKnnjsRBqsw==
cwWpwkmXOyk=
1lrm9VXiAFQ=
fin2f8JWlus=
6MNSfpE+/00=
h9wTvlSjfQY=
PVGB2fYgcOw=
gLlYqI8OW5s=
f82MoaF409U=
xwIHEItL4qg=
d55QtdvWfIM=
YzDWOcQaJqc=
InPXzl1QAOc=
UuGz/+VMi9E=
5GLoBJFuq9s=
lgQlSIorebc=
yP6suGQoS40=
as3Goa2MskM=
6+PUFESkuoU=
aoGGoNQqS54=
BPx+MdhTXso=
gzjZAkS2YCM=
PYMyIxZcWV4=
DZGQqseOm3Q=
Y8AmQjEx40Q=
gGmFI/oxz1s=
DfDAuV5L3+I=
xlO1sqVqiEM=
0kAHaijB+L4=
vLI0nL/ex+4=
1YjUePCy3vc=
61wGvNFPb1g=
yC2egd7FreU=
dWVpiOc1k2c=
BIUeiuNlvR0=
uXDzoai0GC7WfXSOICrzDg==
2jspmlIj8H0=
xg0DSY4oRsSZl3E9JDnQKQ==
vr2IFKwJO2DGAhCNgRpfZA==
woiXr4+/KxQ=
DqLoliRixpc=
dXmaG2oWwOc=
p54ceC5t4OI=
a8PEt7hqEsc=
3p3RCqBP1qo=
cBuxcuLi5UA=
rr9CEqn7wvg=
4h/f1A2bwmiPGBT2a1CEyQ==
b2TGW3cfFBQ=
5M51vU/YVVI=
LlJFumYEk4IqecJa8MAr5A==
B/X01m45VgY=
SrDBqaDLTu8=
fPBoO8q+xb4=
pNE35g0sr/CluQAYS6if5g==
YkDc7s6nex8=
q/q5RjLU9h4LiinEEAzGeg==
tCyosHP7OX8=
Y2oS4D6HwZKzH9GWmy2S2A==
vefsB9WXzvo=
XSsnlfus0SQ8XpjrhGlREQ==
avCXSE3/Dwc=
+Cgw0Jtlb70=
P2ZCwbF4itQ=
pQ2hIFTzYjA=
ruf3aIMuBno=
RGZR3IIAQ2TFbvdvsx8B2Q==
kdD1IbJNFw8=
kSG+rJqWG/Q=
9aiSTh6Mgzo=
QeWIblIypb8=
K+Lw2tZTfnehBBGe/HWhPw==
3jW830o/xPw=
CAcHDckP794=
wMh3UWKpHMI=
MWRpMVoFYL0=
QpTkrCPPYAQ=
usdUuJHOEkI=
G+MAsdKbufU=
eDE93OqAbvw=
iYsvH+Yh9HI=
+40DJTXvGAk=
5tw5YSXU2ELS3wrU5x8OlA==
nvICxCDytSs=
LVXE1GQUu/M=
uI5c661bADsC+GUK/DMNqg==
QryV7hPik6c=
7vR6fsumIMQ=
IwQ5F0ig1gw=
Sr9rY1xsHG0=
5EZK928B5jA=
C9f3/V8wHzE=
WFxzv+5FbUY=
NScptUbN29s=
MxLPtmxbTJE=
SLOWiO20t8u7ePION737lg==
k9MF9D8R+hA=
Ed0Pr70C6no=
4hdrzvpbe8E=
BRJnofZP/4g=
Gk3KTbjtEzw=
b3Lz0ZvAq+A=
NaUZREyRXReqJA00EgEyTA==
29E1I0RfV42xbYL/YkTzOw==
3+yNU0E+JzE=
GlcgiMSuljY=
kAwfMm8YyIE=
j+YIaZkNZmM=
8SdtjV+ulGQ=
gI/xhmbSAv0=
z0k0sFMi+pw=
g2CLZTYx44w=
n8s+6D2DNIw=
4QMrospgxhcF+yPMmjwk5g==
LMUHKCh8jPA=
jfBNCb9ALJ8=
hCg/9wQxnDk=
lAcIHobm9Zo=
fnLZX1Am/Tg=
r81qFjNLKfI=
1wwuHf3xLa8=
U9woZZFXQ6A=
wCP/rk38S2w=
lFX0RTmmLZ8=
cWCjQ4pMm7Y=
B7SC+4aDt+c=
CeidhgGAU4I=
Mpt7nhhxG0Y=
kKnTk5q36tw=
pzX2a+ZNEdU=
e/naJoBMCvs=
cOKHO+WZOgs=
bAgJ1gYgeX4=
Tk2vecjUN4w=
fWgFfzq+IQ4=
fYIvXv24+ko=
lXn6S3cTlVFkLzteiczhBA==
Gbd5LQn83C8=
bOewn22zuB4bRS7RHGGCnw==
wNGpOgv6YXA=
qD81VHz08ZM=
cyw0ikWMbmE=
jWxhF0gbBdI=
d9zYiQLQiT8=
oXvKtNeqbpw=
oXvKtNeqbpw=
14ni11YcCy5/GJyxZqLkLw==
0E/OITn7aQ4=
WYLEriHKwfE=
+M9gum4ZUVk=
cQPN9prXBpr3SDTgt9AWSQ==
cQPN9prXBppXvmj5eGufjQ==
dsN8rV+D9FOV9ou3G8N/Kg==
gIU1jpPNHSdZ6Li+Knjlzg==
x1Xt63Xut9Y=
S/RbyKy+jDLNfBbLuF3fLQ==
Pkm0OqgS64g=
FLLD/J+rP7A=
K+eG9stzCgo=
54WCugWhyKU=
c3+YjI56pHk=
/Yq42ViwyCQ=
HtDK++lECME=
7X2xMsLUFF2ZT+vOMIm3nA==
0EixOKP/me8=
fVHGgsbvIoc=
X/HfojgmvJM=
sJ4WOjmBtiM=
CfKEWRWY+fE=
Qx9NoEeMS0s=
cdKD8nRRolY=
L/uQX2yZ8Ow=
JAkcu1k+XDE=
5mMdZu7jHBM=
d0aZ7T5e1uY=
DiRZDL+zIrs=
DW6Qlqa2vCM=
j2BDz8ZAB10=
G8OSBS/W9Co=
11v9W1qlHQE=
VboSweRmtT4=
o9RhC2kG/82zFjn9aHU7+w==
ENFwcavvCD8=
9CyNd4TbI2M=
a52aA1YyzLY=
79nksVzhVEc=
nTBWde6lLdE=
RdkXf5/Szao=
cQkSuT71DiM=
Pgr+liAD1DQ=
+pnUKJJiHKY=
/J543sIJ9wo=
VJJrxYviSJw=
h2kkWGgpfxw=
ZzVxTOb1FMs=
YyDOIMWzY+I=
74mSWuhuQGg=
3iiyKFJS/+8=
4l7f45Zhpp8=
rZVo6JRJUj+pK3rS/nYjUA==
wTDHaadL8BI=
prDVjU+p51I=
uczT8/I/kVQ=
fx70nAhgwgg=
UsySGfR93vE=
yJsx9ph7iZA=
qfAfS9/Xaa8=
qfAfS9/Xaa8=
Pgr+liAD1DQ=
R+3nc5EHI6U=
AxWrg6WY9PQ=
B/xSg355h7Y=
Za8O6mhxaOg=
2XEXJDQbhhA=
COPOg0OIjRI=
yhwWJw0tpsM=
I1tHrdYri3g=
VhnCEsIUIgs=
lwrcRny6CHQ=
a8Dv8RmUPyg=
3GkQwQlicrM=
BnnI7V2dh6Y=
BxUJhspWelA=
e+PUN4g2UbE=
h2o36bSHRyU=
coKUFDLNQhIJSuS0MCh0+A==
3Lx7Lhe2pWVFAYkMp7MAkw==
U7BI8X6vUAI=
oC1IAQeqoOI=
t0bPF4kHz2k=
2fSf4ctdVHI=
tFwrQI/f8tc=
QIYUfL5HZO4=
dKBZyh5Wl+4=
PmZXGPdefVc=
uII0R6kG/jI=
Ro2MlGWRLcs=
DNtiPch4F1A=
zfkvuNQ9Apg=
0yhbHJ+TuXI=
5HtVs0HeRLA=
2TWmzFUnjH4=
/rjAjeaiccI=
Rrbhjd3dBcE=
W+jAY9evHio=
Wz0RFs2wSNw=
YuW7xBDA/js=
8Y2bM95DXuU=
2eV9GjZBgrc=
DRUmKFs6Tpg=
QOfcgTZreROc+2U95MSh/g==
G7SWixU2Zz1B+GDeNzI0/Q==
60jerb02neI=
Q9qpn4qLMYs=
e6EJCI8hfLc=
dYiuIHXskjY=
z1wv3/tSiX4=
6pxJpL/oF/8=
E0O1ut5prVk=
79rW8mfN/3g=
L/Q8zdvl9+TkN/RwG2N6KQ==
jiBA89RaER4=
5N3nuZuFwxY=
JCi1bzsrg6Znn9S6KvL4iQ==
/rzd8tXXsaRzvfwL0Pw06Q==
Remu1WmMNW6V8vIptpKG9A==
GtL50YHzbEs=
2IOvUGpNUM0=
if+ehH67h+8=
H4wvEyTLedo=
clJ4YnT/uAI=
ccbrhqOLZM0=
x67IyxrfgVk=
pcJGEIGhpqE=
N2gXcRh0xBM=
OsLrS+DA7BM=
9xvmMqkdF9o=
xobYClwytMY=
SyczKKeLLHQ=
KI1QTNcqxu8=
0UtHfPCEIYs=
1moXH/EpZ4U=
rnFiMaTy0yA=
dqgd9mevabHxsro+9lKO7A==
OjSDxKQvVvs=
PRmLWJ+bqaQ=
EylcJ6hbPSM=
9JY6iA6e/Dc=
Sq9eH+VrpS4=
ejamejMUl08=
urAY/wR84Sk=
g+oECmeYplA=
sec9TxRNYfA=
WIzPoX2WdeA=
C+R8akZWYoc=
2gRrsAZZovg=
+A3EwYkEIB4=
H6EEg2CCOd4=
1nnWmJVCUns=
pQ33GFaO5uIPRO1gr5sHnA==
oQLoOWmfiwM=
QZfIAR814uE=
AtZYL14MVlc=
wvi6MhYmFgg=
fBtCxTc2BEgSG2Cr+dxXEQ==
SJAkqwzbRYg=
Zz6xEr5LoCE=
Cr5M0Kr9iP71U76mlG2oTg==
tVj12g94f9c=
KYC4M8a30EA=
yvX3a4anxYM=
y4UF2SIKLwM=
aAtftwJiEgk=
7G6VRRdwpB7+CSz3CNoQ3A==
u0edmy0eqY0=
5InbRKVkwmo=
x82yxfV3rrE=
Vbv6n6vkYqrfL+f1UBiyiA==
02kc4cIFbN0=
c68rusrPlc6FOaRLQBzGWw==
Y+7E76w4rHw=
n+hWK2o/Bew=
FJI098lauC8=
3o6xXLBZvGA=
zlVOEWTL2ag=
lmWZYtQv+gc=
Pd3yM5Zzi9g=
/T2q5mRqF3c=
r5yKgqRHr7Gm9PHJs2j1zQ==
Exh4qaiR7tQ=
h1gV/sCoExgG1Ab4Sgtp5g==
RCxnfboe/Zh+iDz0qy23VA==
mVLag0Ft8iQ=
/ya21f8dsTWMWaO00vYLQQ==
fkyV204Owak=
11tYTJcAqZU=
fg2Blwhixek=
hUJwhGRiOAM=
wkXR7bHQYJA=
iptv1LUDRBXestcfoN5YnQ==
hIAEpntJFKo=
5l2vJqsbQhY=
J97yjx/iKZw=
RBlFQNFoIiN5qstDI1eGpA==
d0P3CYJ7U4uqoWVKGfc8LQ==
z4oUy10JaSA=
U1w9qcAYxBM=
dSVedrlkzOU=
7CYhKxc37es=
/wsWMkleqk8sYQnIVvwVBA==
vjnW1t7agTc=
G5es9nP/s1s=
TsozAUk3WXQ=
QIZJ0RjMmAg=
F/YM8ooMfZQ=
qGC7Idsqu+Y=
9hk2jsgRr5w=
K/x1i2Son/bLFZrk2vlb2w==
Nf8USaWpkH4=
W9INFvOjbIY=
1EZITds9cDE=
umog7AUdabo=
O6NlFWkdbHg=
wRAzQj3Dd74=
RUPTgGUtbjA=
ZuovqzpWBSs=
nYk+rv+jqAI=
DFtdl39PAlw=
GRZhXRVVv1g=
nND1HppTEJrLavkCytI4WQ==
qaFsD/rWb3Q=
tOTU+Y3qsYg=
F+zo8Ooi3S4=
uiugjGBTW5s=
dRaaEWKuqDI=
3JmHB98hLGM=
mjWAx9jv0eo=
3Dtd9HxHFxY=
LIQSORsoQhc=
lYwUOhwRNr0=
VSKAkWZR8Lg=
A4OmGY/cPRg=
sdjrVyCntO9tbKaEZi+ZCA==
CKbsv0tmipI=
58KmU5ju+Ar/sA3EGnejJQ==
/cYNQkPBQSeJbFDyEUS0QQ==
oAbGUjkHf38tlJlIfyYtcA==
MfoLL9Y6f8I=
bSfTWc7ykWw=
788i4H4I6Bs=
4KQ3PCG+ow0=
4SQx2OuORG5CtqLDBRmeYQ==
cUIcHEzzGqA=
pWZQUMPY40E=
q6ZHiUJ0bBY=
A5+1Lo9+bN8=
muPS75r+0bU=
Wwl1IQ5tGTk=
e3E0PbQqDH4=
crsRoZ3brJI=
hnGzEA8T9PU=
+GbGz/pjaDU=
T9Z9Y+t9YKs=
Hk+cN9lr3WI=
2DePQPpLQZ/w3VYkIz195w==
O95Pgi/Y7HA6xEvmIjZqpA==
hZLEIYgb8CuGSiVCpykC8A==
MifewPtUiPonn7/2zu+2DQ==
+Oww0LUx0nI=
wjdVykBUhVY=
y100ZlGZbFQ=
vp1a8JEsbaM=
ZL71hIx7wQs=
wL28RIkoPCxXGTa4JNaRIA==
TYr4EKKf7C0=
rlTRWrztmtQ=
+l49vIJkNJt5pcvP93U/BQ==
eplpiefQlrHxJg3JGIJ6lg==
hIHLBHJrDpk=
S1ALUUZ2PNBIYz72sbmG+g==
3CjpH5YWhb9u5J7+mf4+Mg==
9qpTJqb6kXmU10X29vuDRA==
+LKCJGF5ju9tJ3cjbTfNhQ==
IPjEupKt9GgVIAVkWl3Vbw==
IPjEupKt9GhlHjXNsPkr7w==
8FwUWR4+hAo=
9K9LwxJDTskOvl0PO4N5Ug==
9K9LwxJDTsmrvK4YKiCyJw==
11qJ6Bf+95aqdlPn6ADzjQ==
GOF0h/4EkrU2ncmOrkFBng==
kg+vVgzz7wdLwnEdmwfu8w==
eR13UhKlqS5ig9mkoKplxg==
LaBOaNfI5qI=
Kw5uNBBT6L0=
mKLk7b/u9h7W37EDhCkXSw==
eYBU1yWlMBnBmldvtGav0Q==
fWYNqPP96tU=
8owVUiaaXvIKhjKRtjRLCw==
u6zL5G6/3mE=
SFwuYG4V4raG8QuXcFMcSw==
SFwuYG4V4raknMJmMSlYWQ==
DzafNYkfg175vxRQcu0B6w==
doCk3ltj8/8=
bZ7oUevyy1cHLQGYNCPLIA==
ZJUT+idOyIQ=
A0fTRfDan2g=
RXtIF8Dj24M=
LmJpnRshzIcwDDTMMkbbAQ==
Vbg0WcZK/Ng=
U7coD3wXRaM=
6A+0lm2Waag=
JRxejwpd3zY=
TKQc6fwPtsaa7l0yGWZ5OA==
76NZTv1nvHY=
09LWhv/DBUg=
ilOCjxY5kGA=
Fhj7qqaX0XA=
MC19aUQd8U4=
NZJ7Dro+AAE=
VWAong6XGZc=
vd0444FwuMg=
jeU01HZWBLU=
5IOaQrH2qN3s8eKOJ/w6uw==
1/DkbH2/4WzLAvuu3FTA2Q==
WoqfopUUe6U=
rbyC3o1aP9M=
4Pp7HohJe+c=
rpaM8/4h63h52+jY2C+Bsw==
H49Qauu7W1w=
IA+74EV3QFM=
Od+YlWI5Eqo=
RbtVXedXeh7LX4Kqmg5Crg==
RbtVXedXeh6XXTs35zG9aQ==
nB2s24BvA6s=
itvLOwFmtJU=
02dZSGgKKjE=
6QCkeGw/5e4=
uBHRQ1Hc3js=
6vsXjQIVaxvU9zFNwG9g7Q==
84bas3zMk2WQJ9Lxt/VWDg==
84bas3zMk2Wfy3dTcu/4NA==
Ybcaf/wQwQE34Eorvn3+pQ==
3TOUtChlNV2fc3RnAjIFAQ==
bxkhmjenF/E=
9ITzrt1aDl23wDvO3UdFMA==
a2m1s/59ykU=
lh1T8WH7+fr0yYyxx5dJsQ==
NKBwDkxsNPk=
n1e+tgPXSwI=
QRI7XCGD5nWsds5FmS0TTA==
tKZdhOmepGs=
oiY4T5F6Qnk=
bMwl8qUu64bZqlwRC2aB+Q==
Z5F7uaPEEbM=
JROQk2IGwTA7UXaca0YN7Q==
CAw4gEpUW/k=
TxbnU0fZ6s0=
gGVRcaOHN4EkmhDjip37EA==
gGVRcaOHN4Ek0yLMSo90Bw==
OPRDKd9sSTtxwUjl3avJPw==
Em8yLD3G3k6kB0IcnSIXtw==
Em8yLD3G3k7aRuYnsvOQ1w==
nPEko0Y5DCQtuPGc7QTwIg==
rPJANxZ7TbQ=
QCLJ/CK3n7E=
DYNBBbw2ui4=
TtlJglSTgCY=
koIj3SxLdeA=
i3VIaVKA6qy5/Ja3NJ+W+Q==
ySsOMyzwyrE=
NK4TycgZhxgan9LG/geoyg==
ae6qCathtog=
o/naRstMF3Q=
6eXnOysCqcI=
0K5/OK7jW6GFTCOaEn1KRA==
Gicm2cGMR7bQxWOLyZp3nQ==
7zctp8X4EUk=
yT2EcMTdmHml7wojBBl35Q==
39FMPkv3p6usaGLusUWElQ==
/Dq/msvLCIKLNsLXMGBRXw==
fI7gBd/0HL0=
VSdVVFX/SeU=
xE8RcWvJwZ3dLroyotXl8w==
7st8UJ0W1O9l9Zqd91FA6Q==
l+KYJc0i35k=
mRaJ3rGgTr4=
8ZTUBJIx4ihlZ6zY4XDqhQ==
utcVjHYTEbU=
pvhU6oC4X/k=
bxMIBaDc72s=
o0FH9Zvjdwg=
l4qbYUSmUrc=
gvZx79+HQH7TiNVMz1oBqg==
KRav8ICkKEfNqOrwkfc/Lw==
JUtPNkGdyyE=
2tVJDfvmWr4=
eGcOYtDHHOg=
QkWPMjX6Ci4=
u9Pqz8c2Lus=
S88jki9QReQ=
Ni72zsvTDSnCFbalRtckcw==
gkocjMgKNJAJfv1EsSZ00A==
adncJIKANOI=
IfiIasxMp4gIw5Nt/FbdLg==
zriyrnbcbSfnq9OmxJOQMQ==
4+VMpnr7PNw=
Y+j7ZFAt9LI=
iTzhmF4k+bo=
AgvjBLq3Kns=
gKCeASehaXM=
gdJClxqahuW41wLsXqnNxQ==
ickB6eNUvwc=
0Q0byDDWPZ+hJYAbS6jNaw==
A8zqjjn5JTM=
Nf+L1ASdJ1g=
exQQaQ7UXxk=
5k3w3KzhRgMjDNDY4To3dA==
iU0Pe/z6d1k=
qMklwxzkHc0=
CXVul768hMI=
hz/xQeLxkY8=
w6D5lPk6qgI=
dk4S3adXSZv3cKDJKXztxw==
yaMso+Xs+S8cG+n14RYkvA==
/uhjhkdbkdw=
AE8Q4yT/22DqAb9ZjD8HZw==
BkkBrezKuvU=
WTU7wqdDbzUYjI3ZKo9qLA==
AEDPr6YLFMh4uzy0eMcvMA==
RKCuikjzB38=
s+adlLysGKY=
tf10Wql+ULU=
CbD1YtV6nAM=
pUafX7xblhPMzQqQ9qVDkA==
YVoUQafjPGA=
Cz6EROiYCi0=
7MHv/NrPV9I=
IPLI1nHbphQ=
UjL78QssGPw=
44ilP8a5hGQ=
K9HyMbXsg/A=
Kq9GGPTorgSa3TrMCujQrw==
XemqJhZxf+Y=
rlMy7OcUiOA=
9bTww975cls=
NG7NR9EngKotlkrsL87Cyg==
krSvfn0x5mA=
zQsYgwixS1U=
eEyIkt2j2Vo=
US7nhuTjURs=
D9RqOe88lsI=
qWlVYQqLNow=
Yk1IV3+xNlA=
lKv7ph5PAZs6Ev1pCColiQ==
yn7aBVLGXgs=
l2dFgDWtYBA=
VySYXo3GPfs=
bQ3dewMKdMK9FwmRk5NVZQ==
fi7ImveMc9E=
vZaj7W2Ecn4=
8HtfyiBCOJT/Wnu6clWc4w==
SlCy+KIRuCU=
VCfuCIjCGIY=
g4v0W+u26pzPRykyX0XCsQ==
JxY4ll0Xb8NI9irEZbyCyw==
JaR48buhLRM=
jFJOrCORf/mg2QICRzfKVA==
+lu76f3+bnlUBcIgzLOjuQ==
BoNCGSxwMY4=
nogMgjRneTY=
RMQal/ZBaDBVhcAAVVfblw==
tyuwMz17X4Y=
LcZCHyyVTZ4=
aQj+wwM1GSQ=
SOUUwmyn08E=
iO1EPdQKFUM=
EMhmjrcGw8mH4mg9pAXnrg==
WuZ6Fk6TNCfMx2zjtvj/vA==
74Hzzv45ndg=
MabdVkm00TM=
Yb7Q39nLKvY=
0U0KC5UzPgI=
kwM4XyIs3Mo=
pTRLHG9diaI=
97gVFVeDeeA=
L+L7RQUInec=
QXs4i7WOMkQ=
X/bFkcj23mw=
prLC+Tfq2mU=
Ve0QaH/mJfM=
7bKNha+wtrpXVjcJZlegWA==
ABHgwFtEPniPNaZOFCmA2Q==
31bJ7bazSSorSQ3MT/g8pQ==
lBfGniZ9czs=
0jz1g2UyuoE=
GId+CMGhILE=
KcQvO18uLLBBA77M3Ya9uA==
RcZHZDei53hvm/EiZOdS6A==
2FxOeW1iwFM=
FD1b/n0z/BA=
Wo6e/yttgw0=
H7T1T237MbjhZdwnpchCDg==
cLRAdbj2lTU=
TWLhCQR2RN8=
u1+NembJxvg=
/0jCSW7LK9M=
7r8U+zhM+ao=
Bb+H4bqFw3j4Sc8frrkSmg==
vO++aC7uYJQ=
/TAKUgpRerM=
zuWbPj0TteI=
ZWsq6Oqe+Jg=
XfJgRc3sW4s=
jc6YspDVDt4=
GVKKbNMgDaA=
lZFFLv0aVzY=
m4AXzs+3+N8=
it//Y8OobhQ=
V8UiS3q98Kc=
cd1cJsUjTQw=
fiQtY76MBdE=
+pjI4TcmDK0=
2GhV8ACvUSk=
tz9n5F+wETs=
ZSgdrA7UXTslrLjixxRJ0Q==
ivUkTvUjrj4=
wcgGVeBnr7E=
B6eMFUzW8Vw=
kLakg5AZxoTzqwhj0Kq/kA==
jjUaZ49pVwM=
hntNTD+DUDk=
cTcnkN4qdm0=
aeU/5Osf/3o=
dF/b/ec4zVk=
Ccj0C2Izdng=
Vo1DcR64dEs=
WKFbK5jet48=
P5UI66OXAeg=
9gMQyPXwH1XS+wm/Vqqa3A==
axaQTRaqLDGrHLY5R2vzqA==
rZdxx1thmYE=
GnnFBpvhTbo=
/unV9EksrGQ=
zyLNeVCL/DU=
OPlkrzSqOTI=
SAyo9uF6D+k=
1bQSQP2G4a4=
SQ/+Yz8jo+g=
LpSsNX9a7uQ=
9K/+Je1Xtpc=
4wgXT31QDyYyQoZhX2VEkQ==
jo2qczgyguVaNcM3nmHPpg==
uY70foBqNqlHVIVu5P0a1g==
SqD94AqzWhyU3XmQFP7ALg==
SU3yfSUaBRvIj/tZOBQQvQ==
D7vVlsjMcs+e76S1GOMfaw==
d3Y9pyi+MQg=
H7QGFdCHPmc=
10b6c0kiP1Q=
cuOlcQj99aF6NS8SG7oB5w==
Dx6gRZ2b9O6gks/FpqvbPw==
wb31kETWkYYoc1p67i12PQ==
NAMkUsIZXGaAMwzy3yhl6g==
QI/bH/no1ck=
mQxl2Ji2Liw=
mjvyQKqgTOSKzZzC9aHhqQ==
j4aBbUEbmB8=
Bqy1xuLoRxGTDzfgVNjK4A==
ffNNBlpc9BI=
sTsaA7vEgXs=
gSjM4xS11GY=
Xu+1W07TXX8=
DbMygn4IPF0=
J0mIaCyWJVQ=
+5wX7xG5a6k=
bjEHYY4OhlI=
43LFu9edwlM=
sIersz7lQ8U=
B8ijT6LPwpU=
6tIgtym7oaM=
+Oth4ZBuP5c=
gGd6HxNTIEo=
H4jndgO0Lfs=
SBAvgXBsB8gor4lHHMQgAw==
4QaNZvmT54w=
V/iCnNuSo7c=
IwAMdLla9mY=
TIC81gCRP5I=
qcmkmvYZKNY=
RGj+FuDteXSt7XI8i9Wb3Q==
BViHARERh7w=
cfGp1kH5B5A=
T0V/cek6wWB7ip7iySMd2g==
6rxx3B6gio0=
r7aJs7DXaGexw7jqWk4SXw==
3FdNgNzQCHI=
KelzBR8qe20=
pvvhb5U+hFU=
ZqdCfzp5GiMXxSjFkQ5X8Q==
9siylwzZdjs=
VgeR1k0wym4=
imeizW1CARk=
kr5BgC+bqvk=
VKAbFdLMJuFosdtaeeWxGA==
TN7frcv55PA=
VMqjvVy+kGM=
L7Hx8nJLZwc=
eusmevc6f5k=
PD9wai4MsBKCWnc+ei3lOA==
pyPu1TLpCZhC+T13c/28zA==
qFwqPF4Acps=
UDmyRuSkkVk=
lWXoRYfHXOtuxEwXO/wzjw==
HZqeNKZyO2s=
znJLcoulkLA70VO73G9d9w==
46caB7LTEPA=
Os9X7Y34VQZ7QFPX3JybKg==
jt2c2/y12ns=
tVA8N9IsDPppbsmMNXhBXg==
TDLw7sSwEAs=
SW347vbFBVI=
TUIXQhCYFOU=
lAGy+oo/iBQ=
2xVGDFiIvyg=
x/t3ccCoW6c=
xolrkj7zi6k=
+YX4L2BBJgk=
iVM04tWB7TY=
e1HyKRNoLPEIYJ/6U4NYTg==
YY6o+kBOMS4=
9+BIBUvm3b4=
QMFtiQUAVMA=
C0Y6+/t5FIc=
RgmlXlUAw7Y=
Hndx8FJTO0jmo7NzDak2gw==
CgD/EWkzkJi2sLzZi/REsA==
8MFqER8RTQ8=
BHRnVYrWkjUPAM4fFxiRow==
cTwuc0GBQrw=
ieA5jpsws5/npOaJuAwwjQ==
cn4L/6uhiFpSJnwg2XDg5g==
YJz0gM/LR4ByPl68YhI0MQ==
YwPJJugZmPU=
hpsCwzC/bLs=
idg2m5yk4SY=
O8hz0c7IJkMpw3mQ9zX1fw==
eoFjzOeDRcQ=
PdnGDdDWtfUR7bdblPsP6Q==
w+nMGD2xhEmwBKeCEQqxwA==
sMuRqmjxP1zH+7RpPG9/VQ==
pc8boKhn8iQr5Kb5EhhRPQ==
ltk6ctoB4Rw=
RaNgRflr9dvl0ZzlmgqR+A==
M8/34MkTMG4SHV8+B4Nruw==
/r++CM+a5MM=
jCWILddfeUo8a6RrZbb0GQ==
SS9fDudpReM=
yzPMTHYsqkI=
K/IEEs08Omc=
pHIDqJLf4qsfT0KK36VZ2Q==
Imrr8SWWgo7KYJCcQh1o0g==
cJBMiaIPOhU=
J6+NnA6Z+APpfAm0SdYFqQ==
sh8IANJvxvc=
hS2LcdiX85M=
qcL+6Za8uyY5PkjDlEdp1w==
5s0QpZ5xJ8g=
iYTt8QmCztI=
H3+GieaXzik6+IbcwSVgBQ==
OoAIq3oIoj0=
qGbVlc1MDYA=
1c1OhYPrlcGDP+sWUq5Zsg==
93+qmb9ty3A=
+uAyShzDhkQ=
UF8eyku8Uzk=
CEti9NVIYmA=
Wxk6vYKJ3IZqmr0g2nf4+A==
v6eRp2X+n4A=
32m6MuFyGPk=
rCScmqS5mVYOcwlfZLS+HQ==
rPYslYROGIM=
TUhnGHAUvUM=
vvo4BXPRus0=
/Vzz+SmgFdI=
cEXyUbiMRtHsKfYuyF6nQg==
bqlsa+wFaXM=
cbry0BX3SUE=
SNOxNCtH+whgakhTIBxRew==
IpoN4b7s/2Y=
FwSQijUpVO9u/3xj2Tgfxw==
jrMjcIvDVOKX5JajkAR4Kg==
g7AWldOqmYvMxlkNJZRdbg==
clMcjtF+ZPs=
Z1BFPa4S2HedVp6a0fwJXA==
Av+HGsieLtM=
QonDPhScRCk=
W73by2ObrOs=
Gi29/mdDiJ4=
PRLYjaBwzwA=
Nch8DmJjUwo=
XYl2DVM+m9A=
cvLBaHsf6EM=
5kfymGCFcn8=
sIatsmA2oZg=
Zv4LUTsBXJg=
SDVhQ2S7tLX+3+sloJXE5A==
b7HWQaTDLTk=
WQZ0bvGH3Y8=
MIYDi/aKJEk=
bHa4qIe8Yrg=
uy1Qt9radA0=
qbRqUkGJhic=
tvBKeCVkVpE=
50VnYjbAgrM=
o5jXh6htIiQ=
RL78Z8q1Lq0G66yXuyf2Ng==
v96pQqTSdNU=
a8KVVAygPZQ=
9bpKWV7iX+Q=
LelH2cVJ3oitCzCwUipT+w==
zSyTAUeq0rA=
bqDJXGFQKzI=
sOtibQuoE2o=
kmcXiTWXzo8=
JO1+dBLfbzc=
z19SqCodlqo=
G2p72gciceo=
+/CkLFUy0ZA=
Ipd+25vE3fE=
yin2Xz17oYE=
S9jAdp80IHs=
7XawQINA6GM=
V+JEbzKj3Z8=
OfxFo6K7yNo=
LQCPMi47yTs=
hus6XWWKvrI=
6H1y7tMRgZg=
eYfnPuefRlQ=
5thqs7/KOsYwF8T6B+6erQ==
NxUCg1Z10+A=
zoC9vWDhpck=
+JPtk6cPobw=
mzYqmqaY7zA=
2trK5tt4d7oBjwAzE5sYgw==
aBoKyf50zdU=
H/7DCNm9Qb8=
Avw5awDV6TA=
ykjItP+lbes=
t07xADH4Rh2RtGRzehScIQ==
jA7AsbFTTrg=
9ukEvc2/UZIaIJ7EuuZ8hQ==
7bbvZdFCgH4=
K+Q5CNqKNng=
zDU1O8iH1QA=
U+xG6VsyYvY=
oKK61rlqSh8=
hGfK8SE8Q+o=
2xcIpBiovJk=
lj3gutVZqC0=
b0K21SsNX3gjAU+eq/950A==
e9fHupej6Og=
ztqDB9KtW2SfI8XRv09mzw==
GvedkSSYJ0Y=
oLR33p8TASU=
DutKCsAU1eY=
yWek/ohv6cg=
5IxYftAJS6c=
UdMTrZ8yBbqHkF88TW4mpw==
sB+1J0BSZ1A=
L6VkbwBaa5E=
GIjUp2HyLSzpo1vYX6sjsw==
mmNaehIb8pc=
wmKafNVh394=
tA/pzmyqeGVEVWgKsFpJ1g==
dFcdk+s6Jco=
n5GcFeNeHHE=
DIyzOE8d+CM=
lq1ZxUXMVI4=
NnV0lGlU6xU=
EwTBG4H3Pz4=
FgAts26sLU0=
UBeUwtDCsv4=
xt2IIK+YFE0=
da8hAqG5FuU=
trMLUs9vUgA=
YiKm76xsLug=
govMcKdmKWOj4mE2Or7yfA==
tDAgmINE+QDmkT8BfEVphA==
zWU0m2z2rIo=
fwiYhspfARI=
Y7QitW2PojA=
3AWY+DN9SgW6kd58Ba1ypw==
ZmXFI2bL0JR0SpZQC9j7sA==
Bu+Hy9IDAbX3QIjNLMrkww==
vCLFgfgnvU4BnrBO3/qxGQ==
nqZOFcINcy8=
y+dwfa8FO6OTkQjqWfWp7A==
+NcQiCaMNbw=
rTGN9yDQYNM=
o0xKHzNqnlE=
4CsV/fldd+VbY5eNWPhzPw==
TpYBePFeG+ALCIabQyJM1w==
dXM0sZAJXxU=
N7rW8X+5SoVu14KnhfRopg==
vCGDJUhgG0g=
1tbQlSufKgw=
ZU6t7+Rb4NE=
x+0e9RgQXlw=
qi4FOnJGsBk=
czeNSwshajA=
zWu5mGgOn80=
1Ul1AtDF4b/HtUJOxh86eQ==
izMO0OJAjVk=
WF+CLl0x1sM=
eB4vGwOUpEc=
XmdIffA2eLo=
qVIuTAmcOSE=
bYzOu1BXLEI=
pcu9WNMIjD69hSF0t+WXtQ==
1bndAmVV+MXyYh+PUd1B1Q==
dJvQRUObbA0=
UUWNovyEs+0=
GJuzgiZyIY3v68LNSjwE7A==
I9UabxZWIeQ=
Ux5FggZINHk=
KmQz5pPoHAQ=
xHO5GJO6WOc=
NXOqwLfSSsBZFkX1MBQNag==
sKB7s2+X6yc=
NXBqlnVMx4c=
zqP//ncgE9s=
MdT2RdYiZ7U=
DwLmcwBigrGDYtuLlaPvrA==
H6RCmTMey+4=
3ANz9lbNg90=
3XscwzeK82o=
yvAGRHvwZ4M=
3loyPQMs4kWejIHwwOSPRg==
IJXuNkn7GOx1LmMSaWdJ8w==
Onix5pV1dZs=
rUkscUCFnwY=
3U1seT26Q2KSgzOC7xkt6Q==
Y8pDT2CK99c=
i8f/PnKNwgI=
AGTcPgsr1Qpo5QEfnb+1zw==
YWsADHQJwUQ=
vC/nnpEYs90=
s7sQr5Hikr0=
wVxLj3yN0Nfy0LaTQBtnww==
ATDNmH7v58U=
m4ljFD3yIPufrGIHDG9Fhw==
OO+1khm6IH156nlT3x8MMQ==
qY7Ic4k6mqlSmNjnkQAKSg==
b+Ggxw9B8/0=
uyRjToiiWQc=
ctbEMY2b2ITMVfTgsby7mQ==
2Frdvlp8MLUt5Bkyci7Uaw==
gxcJQk/CvMZ+oeKv0k0w5A==
FOAUDKE84Wg=
PF5wiQ8n5rw=
4/V/PM+aqKc=
BF6tdTXmy70=
Vuikzzrdh0E=
eupMtW1h3Wg=
780Jy0TDNCI=
lBdVaB/hLfw=
JRSEzF5DuAM=
e2M4puSSwZo=
sAboJhlKBWQ=
jKOQhcVZ2Ic=
Bn8QPZCOWUQ=
O/kWKM10yaA=
6W+xVxm69Bg=
QZpqWl8K+Us=
845kS7M4TET9tkB4Ch5fGw==
pIpOCSbuRC0=
aCErk8b0JS8=
ewvryvvuiPA=
Bf8kLI4ofSw=
jlJVZnFgUcM4gaWvJ9sQwQ==
RyOd4s7AurqeNkWCJyvBew==
2dLX8i1plHY=
q4SzqgVaVQI=
zEpOtLR8tJ9RXfVAMO7zBA==
Fo5neOno7E8=
jHumGZT4D80=
u7HKDYJYk9vk5G4z+Zrz0A==
ORjvxbW9X2d5cUUtocEnZg==
tpK0TszxgHXaCrVCKdusDg==
F5O8st3a8db3x7F3hIt0YA==
DTOroueWkZIDAWz9uDYvmQ==
XrqecZPzzFfQ5rTI1tiYfg==
cD3XJkli6K0=
rMXlLUYpk/A=
GIIIkHFWgbQ=
sWLSzA6HQXg=
6fcq+xip7ms=
pSm/2fu78Ek=
FtB4J6fVl04=
K2TvQRbNMr4=
OWIF36/IIQ0=
w+DoUJKSk0k=
p1Wuv4CyvFU=
pTl05p9c0v0=
LoyBvGjaJfE=
fQTXbFY+D0s=
iQWHB+RXSJE=
Ig8hR33GssU=
ZazruZhhC2Wu07s61x22SQ==
7Dzbr/nQdpc=
lrakpHz9Uy2fzWv57MdUhg==
xpG43UetXDk=
KdIjYRZgfDk=
vHkSjsqi8Eo=
Ny68GRkCrwQ=
be8MvJBQOvE=
9AJT6AUJ/kxyZM+RRyrdwA==
hqYiuc+X4vU=
/9dJuctojQ0=
CeA/J/Z3tyA=
NB5LVEjuLEE=
HrkuPxB3yXs=
hEbhrOeuOb4=
pkfGvV3Znq0=
CX0FrOVR4Wk=
MrRjpcGuWDI=
dGPN3ABFO8MHxOxgOt4QTw==
1/4EG9xbrJk=
a4CY1hc7bf2unp6hqrvJYQ==
dJ5NfLeZdPFZLl7NiNlrrA==
66vffxh5NQiyP5KhIQhg9A==
yeB/hyUk7nY=
q2rl4a9lmpc=
Wkic8xxVFd0xcSihYelEmg==
hEhTaWcSung=
DK4kH3hND5s=
zizLq34uQitR4aEO59GjXA==
XUmQYuKwsAk=
lt3oJGJEGy8=
BSgPbKabwsw=
L2ZGXW5Ib2s=
6oxJJH3+xAY=
buC91zCKf4t5NyoxSb4vbQ==
rBjjcWGL+Vw=
g2Jb9/AiNIA2hE3ujGyYgQ==
aD0/t2RbQZM=
/VO+7C3bgCs=
p3bdwlNTwqE=
0RJvnpBtqVI9IR00dtBkKQ==
GArySzBvlVeBNYjmCFTTtQ==
U1eLNstIx7Q=
zT/XbuBlXLI=
10CMqEJJbmI=
B8MAs44KBoE=
aK8rPkoCBW8PTG9yy3io8A==
CgpdbJlGt5MKGmSqS8TbMQ==
ro3A2pLA3y8mcO18pbUE1Q==
BYqvJ3GrpYc=
JCYsxODS2os=
AXYgQ8e7Z8c=
nzQ4DNwLdLEsi9d8/MIJZQ==
fc2EN2NGvyA=
TSr4EcXJY/ZaUOsCHBaUHA==
Idq0T+Sf/aM=
84mOXxlXNrs=
iXJ8lIQrRAc=
R3d2vnm8sko=
UAC3wda+OHo=
CkKIx2+Aaz0oOkVKnat8+w==
XEW8oWDKHY8=
iqH2rU5VJP8=
pbedSoPNy20=
8HI6UQFiE5k=
t5k5PgZDYHw=
cYEH9SwR9LiybSSDy07LfA==
q5yg+/teYrq32NRpQ8hD/Q==
92tsPYOCpFg=
C0vy+kYm1Uk=
styqGPVCyVaxxqzFFCAcGw==
yHYJQKM769ty7laRj0nRZw==
uak+Pv0GByj8wVqOzArMWQ==
R3dcX9NY/1c=
jjcYGVmyHo4=
T7AAUgxP0iTq9iVXTm5UGw==
ABklJpegDCo=
h+N0WRPXxUs=
WNdw313p8zuo0mEDGjlnmA==
EE9D6qC8NhYRMFukT/aGfA==
FKCvCH+smqg=
adHwKDOeo4r3/G4QMgb1IQ==
e1XXEhNA/qr+fGV1fznvfg==
rgxqBRDSmK5MaGfeoCf0/A==
x3wgx/jJPB1s5AUKBmPVPw==
QBY6TsvZFkj4NLqAX07JOA==
iXTW126nSFHPn4EBzXPsLg==
FrOR8CnL4x40FnVWZEdP8Q==
6OyyZBTPfy+n2b6mP2l0bA==
14jh5ebMSWE=
l+elJs71eUubc6yegg0bkQ==
vAXUXr/QfPGkLI85YV+tBQ==
+sd6Fhml9sM=
j7TV61+dAO4Wf7vL3StMzg==
a/Bk+9mX5ApHgcQFFSEOuw==
L4Clk50atwDeeUoRTkTP3g==
G5TUUEobNyvwKiKC3o+mxg==
c/X1EGzY368=
+B+Bw1Z9T7PMxABz7Mqj0g==
cF024kFiSpnRuGpfXxbGiw==
ailrJ6HeXnB/jW3PX8XjOA==
kRH73L6SESiBcIu6mRQCaw==
E/tk16/BLhTgFJy170hmbQ==
XFm5CA49wF8G3qt0dYeW+A==
DLPtTsY5swAE1N3drbXNIw==
0nXmM4hPYVA=
i7NvzpF++W/d/1wqyIBgNQ==
trIvDFx5vZU=
m93m7a08GvM=
GZY+p/kbck8=
toFVossig2A=
JMIUcNyvOQ4=
XsDkPLOVghg=
wE5A8j+rKMA=
pSjwket6tKY=
YiXoWuk3Fa0=
jO3JN/54mD8=
VOk4UI9h50M=
FJreZJEoXFg=
fL0fChD4D8Y=
0zMnFKzKEw0=
ZTP0yyZ8d6E=
nIPy8po1bSA=
2CbzDeY7N8o=
I+8WND8quzc=
0F7yit6GVp8xc9PcoAW8fw==
KkgywpsWgaG2ioz8yS2pbg==
YyKXYTqx3ac=
0ANS+ab5Fog=
8NtjSdkRjOc=
g+e0YFmfAOTQ+QwyPJlaoQ==
tCu444CqnDuPsHmqdJG87g==
FTOpF96LJ10=
fh7vtjNAduo=
ieIKMLIOBZ0=
+HcR82sUvXY=
cXxTD/irFqI=
4VBTF6DIyRM=
t/NuHaTQ4Ao=
pM9ISTJo8AI=
jr+a1eGZQH8=
N7K04QJXHCE=
Jw4jYJuVyPQ=
5vkdZTPUHFA=
dL/6QzKlwNs=
svWKbsBgT+s=
9xzK0Tpf4+c=
ntZt7LDhDgY=
3cTviSON0ICKMmVyHvd3qA==
ma0CtwkZ+1M=
BTJ9zWxIuqE=
f3+SyRdlaRE=
gCdwBpXd+lo=
i08fCmf1jl4=
G4gZed7FC0I=
F+umAVoV6EY=
ci0CFAvmoCw=
iz904JXkYSk=
F3rA5K0fGP4=
3eXSOUQroEc=
i73G+nmc1VA=
PU/K3PFKF9Y=
uFHdJmuHSYU1CD55WMVC2g==
KVefZDGkXlc=
83QvgJ22xjs=
B7o55hq1e8E=
vQifnEbk8vU=
G9EgTqoTMNA=
IJLgz0ZN7kY=
lji7+jNOE9o=
EL6nCQw/iTk=
u1SOc4Rp+b4=
8ohi7M+7MHw=
XNBRHOLnchU=
hjNPgRcyT7o=
FVLjvtBsvK4=
ScM9F1/zsIw=
9WRjYMcC8Z546T5eIQFjyg==
FPONLEjneW4=
chdJq2GaWXM=
DQz/BLc1fkc=
qaXpGut0wdI=
PSwW9SqBBdc=
8JGJ5mMrpog=
LeishCAqORI=
6EdJq5rv5DU=
LnyZ1ngeAts=
AmoYT2qszzg=
g2oeYbpMN3V9DcQGG3ywOQ==
fEkqNqAiSkk=
CLNvRkUr2Nw=
G2UWGgZ5Ttk=
xeP9hjlQsDg=
ZAuNSRErN2j6TuIsNAy//A==
HCQ94FOjWa0=
P7lM8rPGIh0=
6w+O70d7SiY=
cXTM/BFTL0U=
vUE6UVmH5+E=
6A1/qWn2mzouWtqf6gEMOA==
Pin0FaJ4thI=
4WYwyaGxzXA=
PuxqAP9Lm1E=
UbY58nGVPAI=
cpgXdsjzqYw=
52xqGpVONxE=
DjfcYFRsTEY=
FcFjK0iXUTPzudX46Xf/TA==
+Xls6WFDWJo=
yKoxSAnHe9I=
2nv3UQ7ZG+U=
j3+pcg0s8Mc=
xBT86qIrwOo=
DlMWJTGhIVQ=
bt4FZr8MiD0=
BwmHx1HyZCw=
EVw+tWhtfDhhaUkdRohWZw==
W+5LgVGId4zxbmAP3S90+A==
mPjPPCjZcEw=
eFfw5PXCvpQ=
jBlSSVCaZmo=
g4D8o7S0KsQ=
4ze5Rj8wHKk=
HmqLPkggcAo=
qOhEG2YN+dc=
hbG926L5SK0=
JM4kfv2okawhu5MrxN0TFA==
BDMqYrOyeOY=
HvLkGQl+8LQ=
YeXGxULcdUE=
ihm9rs8XqD4=
+kN9kyj+KO0=
5+JvPdbcG24=
KePF46unXu8=
eLMgMaxjwqI=
jQp1y97WK90=
gVs4BI80Z2kF9JcQR7w/Ng==
2EROOWYGjPo=
3lt+adG3A+E=
/DywiArW9ok=
ZJaKhxss9Nc=
4LwPcUAaiPs=
kn0Pq1VOoKk=
XJ9STTgMMsA=
qT7Mpl2d8CyyukIxL+8fIg==
mdj+lH0mTUQ=
S2MfaWvyAXE=
HXf3rzXuap13MA+JjxUhAw==
5owaGLNPnZk=
QHhlw4IybII=
+VP9jFacFFM=
CQPBIihUYdtZ/xRCOCtn5w==
e1bqDDJIRjw=
F0FStYbbWf0=
gx4htnCU4K0=
CRSjGWnaIDk=
74RgyAKBq3Y=
Moq4E12UEttR6Vis8Al+GA==
RjVWAyTZszWLMhHFR2j0hw==
uJbhAuRWlfY=
avrfQsBATlpfHy4+0iPT0w==
zs2kR7v4iXI=
ep7g1nsVqc9E0J72RGMTAg==
u725qbtpG7I=
XKhTIPx6JQo=
VHhxi3+JxWeuW1vst7cPFA==
ZfWOYDGK0/zsecYdFyPI0g==
uCQp66ssgeQ=
lfhOBk5QxA0cyMm8ON2rDw==
ctFc7UmEqtA=
Zp7+JTJnZ/Y=
+KuB/3wEcHQ=
1n4rQaXATa4=
pQmHoTHSUGE=
GqnE9uI1d08=
qrwYmZF/EmFAk8+KD6xFeA==
GjX0MVPFqIPwUNLL7esGeQ==
gdc0RgrkGGKaxOMFqVB5zw==
mbQSOF0AXFo=
0rE/LDNuS88=
RC1IkTOE39X9SGWsH4DyhQ==
0c0qN761Q/M=
smPV50wLPp5vLiRIz5j8PA==
HnjILnxzH9s1G9wgQdEWzw==
hZp+cRz4rc3eVE11yBbHHA==
9ZLRbH2xxmA=
Fz59rT6VPykT+WznD6OTYA==
cyujIdRo84A=
qxcnyTwK5v4EesdqdXbucg==
fwv84VQN6+o=
RE3wpl8X5B45Wk+3N38SwA==
R+vy88Vd+qM=
Rlex5B8ghChpUulMDlSs8g==
56n8D51BlnQ=
vCO2DLTWc9w=
Azx7bDRlgNRqztlaN7SnQw==
YQdX7M2CUpk=
eH/RGEANNwc=
zjK7pnm4QypRVO56zrMsgA==
FylL6sgcb7s=
CBoksTPj3B4=
Od/fC9+leZc=
pj+WZRkEQBgmas1BDqfiBQ==
MhqA4X5YEBAxgrfbzx8GGw==
cjXFWC4nWpQ=
xW1uXUX0zhU=
xHgVwSDRMcM4pCLwbj5oaQ==
friCtQkxt8o=
A7bmK7DXlOg=
dyLrcWux2Xc=
dcdUsUaHpw5CBSl9uNx42w==
kx5XQQg5vPctKlMSganFxA==
gU/2J0/igy4=
GfN0n4HbDmaUIseQLvAAxw==
EU6f2qM07u8=
CJ6z3xPH6E4=
IWpFUVp3tNk=
ZnIDGk4VpAI=
mcq1stN9n18=
qbmCsUd4KeI=
y/6EMbMWrZ75Ev5mMYEuMw==
SxgYq7kfllw=
1b4ZSE3AC26AYv2mDo7Txw==
Twe1ndMe/HEJRGMD1IDEKg==
VzOuFeB/rwCMX548W74h0Q==
wffriDmugpJn/Zt7ZOrahg==
fYJJr7mjiHM=
q0WqFyHSkxy8a5s0GqtLiw==
NfDHTrpkHfw=
0XDMbYUyEECpzV25C4Romg==
4JRUc551l2Asd7bUlgYZWw==
hihKcAuY/Zs=
3xI6mn0Mb4k=
v8VLrjWQ7rmNdHoQoz58mg==
TDOmjQFXORRkebiGs0qK9A==
L53DGKlZ6ms=
wqBG321Lag1c0kkJ9Vp3fw==
wqBG321Lag3JdCwoNWbC5A==
bxj9iVF3AF/fW52rj/rK1A==
yDSifANf7p8=
nZqyD2yLTMU=
Ur8TCEVd2aE=
GzcFBt08kOm3o30DGaKnbw==
GzcFBt08kOmxf8sy7W22hQ==
kUAiSxSbrzOCsK91sg9maA==
CZEWt/T9KI92KRQfHpw0/g==
6DJWOdUU0rw=
87KyhmMx8ftjy+4bjMMFjg==
tfYHc+1S5ZK4M8x3r8v7tA==
9AYTquNg0yc=
gQOfA2wN2QE=
zg4xR6lEIHesk283s0lw1g==
EVgYd0JaeXA3oRrgbJezWw==
EcgaDCvbrQ6rrK2U3Jqedg==
exOWHLxWVlAK4x39bB6wDg==
JoyKS04kxTfapLbvEtpE/g==
ejBwBz+f+obrdzKQX8QwEw==
6u74m3SCCQw=
4hIlwSdEqRg=
K1HS1uJYXNYehgMEduLtzg==
pCj+IzClnovym7CBp1H/mg==
vLXlzPLJYbPjoBYZN235/g==
j5l27+cxwIE=
i9qforNYxttHIkzhjOagAQ==
mUgAuueiXNQ=
t8jIWFji5vP2+x9Fdj9QvA==
osl1YYjZvZ0=
fCZSDGP9ooo=
GNY3kSZNTzURgtLuXb2rEw==
BCKZKAy64fs=
NEsHycW31XFSKe70YuJZ3A==
NEsHycW31XEwLF16xWwWGA==
B9umh9x9eD+e0LCcr7CoHw==
H9r3bJtjPL87havlEE+I9w==
0shntZtEZGI=
8wFyegGyAY4=
r45kOk9YB0wxVBKaCR3FhQ==
Jm9hK5wvNdHnZPv4uV1gNw==
3aQsv+NroKA=
jIBbQtrYQWc=
SkkL1TY0YqyErmixnbev0w==
FsNlmcwTcKKxtIkUTP4vCw==
8OCPHoIwUAWbiU1BoAJFTQ==
GzBceTYqo3A=
0oBz2sI0Klk=
i3OqhE3UFrI=
wRwo88B1C/o=
e7eh1Xbj+UU=
7hJqlcj1ZqY=
25XohMo5syw=
Y70yuJg1BFYxl8Vh4U1/gw==
rhZD/z6ZWIW73cyEV4QD+Q==
OcVsWRNFVnw=
/BRBasxLQGv3G//Qxvj2uQ==
PqQhLqMSTL1eMUdHdj9dlg==
Lg66jOHfyOnhLOs8J/WUjQ==
p2fCihGbo3g=
4VkUYkM4xDo=
oIC8h5LNtRY=
j39iDE1pn+0=
4G4ThrnAwIQ=
KMt3t3qPjkQ=
kp0loSs2sz0=
ZqdoB2S0LKHTJyeY4xDDKw==
L3YRLmeqq/w=
6YN6XEi7vkA=
o4g9jh1r72k=
W0gufN/UBKM=
JlnUJESOg1o=
8gp9VWs5rtU=
obN3coLzjko=
v8U/N7dUXiE=
Qeq9Yg8Q8g0=
qpJRAXm4ZCo=
FMweYdGW3pc=
o/qlqa8WQBI=
qwmBnd356Bo=
6qVqb1C/7sh84gEzGnb+rw==
GRiIJ75LT4ysYKqosfGlNw==
gsw+0Tpz940=
lwLZZpVcxZC94zH1XMRvaw==
61FjA6QgKxQ=
yIPP4X58TWs=
adJWTJeL+Ek=
qMA87+a9pjdSZWt2mv9Ciw==
M4t7vK3G9yg=
qA1U6BADj88=
ADH8O5OOS3P8u0jqx7aPog==
gBY3K5lYwRk=
h9j95+XKXnU5fsWcaY9zdQ==
syWVMD1guj8=
UyPaE9dkiIY=
MTmqPpocyDjBrLj64Mi1dg==
IcbWCuDK8GU=
nHy03L+3HXk=
slrGJKKjgwLrBHXmh7JlVw==
9hdU3woXz4j49Rr4jshrpQ==
UjKAjzc8t5I=
QpTIMp17wNf4rzIjuepoAw==
5XA1UynnJ85oH+BKXU6kmA==
bK0PfaCznMU=
HLmSEm5QCb2eBLz2wZw6NQ==
64uVxDXLn7/d6G3r7NIr2A==
XeJPK1gw/Us=
X2ZCcvnpB5MwyqUa8vgD9A==
sh9YfUzYBhI=
cyAIG4MJ4ti1cHMWenHMWg==
cukt39/DI1WCfhau/VqPGQ==
RWZuBLBqzFI=
ZB2LI0usUc0=
/yInqa0vjRY=
ar6UEWsW2BQ=
8c49rhsno2U=
gm0K5xDV+uI=
K/QleFL97F288zGfNjxB9w==
sH8HTvaUiYw=
nB+TKOPW6/4=
nrsltK0w39s=
CRerU3rgPxo=
GL0+G3W3Nfo=
n2g4tFULhD0=
08wl80sy03s=
NcS5U2mcEJdGBG8P2jB/gg==
FO/SyZRn1JtTc92IH1xjzQ==
P2Ig6lY63z92U2MsAgNYwg==
GCi/Pr4LYri0RMwD9wFqfQ==
vL0g2k2qct8=
LH0qKTKZrHo=
EgF8wqwQ/CI=
8xSCO4XZ2Bo=
DL6zx42taz8=
dLS51iwXA1Y=
02JpyIFBezY=
v2J0MtubBf8=
BRNRWZdO/II=
g2sG5mHQc9Q=
Mozyhc/nVM4=
qT/i7aQGh6U=
Up5O13UPcpM=
MXvINawEF9c=
mqZVVg5GpNs=
YwK8pho6ELI=
+H60KMP42iQ=
Qbq6sJzuG2Yk+jJkvhD6sw==
VbCAeqxF2tE=
K9NykneXpeE=
zjBKgSWFVGk=
ht06kGxDS6U=
RbhEIN+BWEQ=
/aL4CBL9ibs=
acvn9WoTrF1U2u6izDplrQ==
/DVClf1/0ZAt5jW5r9A94Q==
kgXK0fiCij4=
XA9U9qfIQzmIh/0WwVVw9w==
3z43eH3kzNc=
ZRbkpE8bBk8=
oGIJiXJDPR4=
xFupojLk/EQ=
kU+oQns9F1HjKalbb3pHIg==
UTD68ACJVW0=
Oq+6pYbA1mg=
OsNU4FH+PGMWUsmvZY6Z0A==
xcapxRTlst8=
4mifoKKr8sA=
r96qezlHr4MtvirQG9H29Q==
R/7P4uOjSQX1FT0TrAqJog==
0lYfBtG/Q4wSyntmBSWzow==
duT8DUpYsuc=
BlyKgvBQ3TA=
EE28GeFkU+agH5MrJH7czw==
JuFw6b8caYj4NZCZZvas6Q==
gCVO9DVAIJE=
m0WTiMoU1Pw=
ZT4GF2aBnZkmVRp/PYGsMQ==
Jsez3C5Q/4o=
G54CgEvcmtIotdbfhSWEKA==
ydo/k5h6zi0=
Rqg/LHhcrUg=
hCuQf+Z5YL0=
03/6W7aDWhE=
OV5J/LfSb4s=
3S6Bxk3Qp0E=
96k+LWwwvB0=
KKwvSGMVVGw=
3nulRHBGQ4ezeXrn/ovlFA==
X8GmUHesg14=
m6SPwsxizxY=
w45IZI88Cxs=
YxU7NOkFUuQ=
fARPUU6hSZU=
GhVVWfQqXYg=
7oulCALqarU=
V+IKMeTT92M=
FuwRp6ATqe4=
Btx8veqNI64=
25lffe3h2Pg=
R3MqZUu1Zck=
sSRzRF0svgs=
N3aFscxw2wI=
ANB5/obsohNU1oVIbjtRRQ==
Z0ukvhZ2dwc=
vGu3l1oM/Og=
f5qHcqhEHjc=
Dnsk1GuxTKg=
3nGmZRd+AUn0S4RLjAamew==
RJ7wslxLLsdmeHjXNOHhhQ==
UeYQ+6uEt94L5C11gKR4Cw==
AqYjJmrNVmA=
LkD2xOMdSXw=
Z51e6fQXR8o=
jvWTQ4D/O1o=
d8DWbij1iF4=
M5sF4UD3KIc=
NBljIAtxIaI=
ybUXcO3WMzM=
xQ6C95i+CEznSXSxcHNuXw==
DP+rQDaTpezX1tW5FdoeeQ==
3nExpsD5GZ7F0sdRlZz7Rw==
YHGTHK1L/wY=
q7KXCi4Ud0b4ff1WQv18zg==
waXje+KciwIOCwCRQe/4Tg==
m3+S1q2mQGE=
kIv4o0bVbfU=
vBV2eroHZb0u8f4KKIxmRQ==
YM6QIW6kdu2wC+P0Y7fUFw==
Q6XVmlCYOcg=
h0OTrcKCmEg=
sK+aYtK8WImZ3SYY7IOXVQ==
FMPJrfuEJA6gzypl+Qlu3w==
DAvo5MnpqPVyoowpcfjnSA==
sQDxrkh1b4Vik+Pwg5Q0GQ==
I5ZyIy3gnJk=
wiMySMz3DVs1aAc1sqFwgg==
B0Glzh3OA6I=
dlornFTlgCk=
t2BKKF8+IUHIYYmF1KGWGA==
a5Km5EPu9pY=
u8fSaXTIEes=
WS4+i3ZxZrg=
DKFvjfkQ52s=
c6aLLufa6nk=
m43RHc/DP90=
iA3+ZwwTk16yWNOXEgeCVQ==
MwGGWOeOwUZm9/gHp77j9g==
HGskFzP9HL/HwT+P9GLLXw==
+gLvHxi+gulG2B4ZVOD8LQ==
NwQHh1HEb0o=
tctba+zZ1P0=
hU6jb8iyqv8=
Z/ePQxI2Legli1OrGXmqBQ==
J+M/OehdMMk=
ESjYYdNvch8=
4VH9inOPUH9AEHZlEuHDEg==
6aKg60zv4UI=
1EEuqlI/+5k=
Q4VeEN7tgFQ=
8LU6Jm37wJiVxyQuyocJOQ==
fK5KE1fXYAQ=
tJOnfuAbuK8=
kRPLU0llC9Y=
Bx5pB8xOFCI=
GlNq6RVfCO0FE118lX9egA==
RuFCI0tRbms=
aw2dWU0fiSw=
OVcPlADxipM=
DgrI0dP11NM=
H6JJui6vEFU=
tjH2Qsmf2oU=
7VfatxEAZAI=
JLufhHPv/sY=
dACm5Qz+7z8=
CUmfZsqC+DI=
3hogUUgMe60=
xNEuj3CV2rkpsIAxUvDGfQ==
qKRpQImy/gc=
fhbBd6beJga0uK3tlQ5L/A==
Ni3ZicGZOXI=
3GJKOe4RaMAyZZmhq4WV3A==
NjEtJoinpbQ=
h1aKCmGPEoalXGp1ZDZ4Kg==
yCKLmEBreVE=
XaomF73KaN4=
RMzsZ/5fcg4=
ZcjiidDzvwU=
784JSQMVlHY=
zErd7IqJ9a/Oh0Eoj/JC+w==
/sMtg54bXYM=
LPIkzht7QnU=
QdHwKjby7T4=
/mMgzySwIMwPw8kkkKYOZw==
i9e8PDUBBJU=
mM+iNnvPJfA=
jjBYv9qyyjs=
CHZIYSjwwEdzE/iYcZSTUQ==
y/IXLS03g4o=
zKfO7h+65rY=
wMAo1P4rj1M=
NQJ+K7x59Ko=
Q5l9WZ37m1RzSH86v9dsFQ==
yC6sfuIGBMk=
PQeaBjj37Ks=
IBUWB6zpeJY=
jvlIi3qy3co=
+VP2cN1xfg8=
v1JJYUW1M8xG4UjXfksCiA==
CKknxq2aFxs=
ABeMMVj6da9/2QGGfOwSRw==
21VfmMVV++hk14qbSsoIAw==
B4uEQPNfi0Nui/jCwsKvgA==
xoR5d4n0m8yRMkHkSabsAw==
WzmbFsF3EQA=
LaVV46OFdYwfB6o1i+EwgA==
SH6o6wuoEbQ=
zJ77Q0/wajmURZYaMerfxQ==
4n0R7hws3dQ=
1cqtIzsrcWo=
y932WU+a+YnUr7JrpyIVjA==
BdlmnQ/yTJ8=
bVD2xlkeWCc=
RgM87eg/cRU=
NStFPoKmzJgMLnOBvpTawg==
C0/XFFzB7Nc=
8TEM6UPEFHzqIaAxxThYSw==
goA8ThDU5IY=
f8MUsOhgzE0Ky8FNRfrBHw==
ELuXSSfGgmU=
xPfV+fDpDKQ=
NBpfLFMkDsYN92yy+M3Efw==
nv9lhtNzoSrLKdSoMpzBtw==
ujEdm0nF83stlZDfNzzIUg==
hvuHpOKkh6A=
hjx85kMkcOHIMNyZeh13nw==
bybGCxUj9G8=
wfOzMJi921idzRptwg29EQ==
IOqKY5DBZYg=
4/na92IAkkA=
lRQRnys3BvE=
vkOj4IWDdzA=
IL2GTgqBCjg=
fVWomI7274sI1k0r2w3wnA==
Wh/WhxSlsVc=
Do8N52BONNc=
111l9JnFFiY=
/5nJ9spTsd8=
hqzFo9V4x4w=
peXTaPYz8wU=
AXDHVN6vEzQ=
rAfDaO0qNHA=
0W1iJLBJt5A=
j2rbZnL415I=
Ri9AIzHy9N+zC68aVlLhzw==
MxAgWWFfcsQ=
I/qgax9lHR/G0L/oh4vwJA==
5VUciwPTE2A=
5RMLBQfUba1ztP1/HVkjLg==
zOr/osi/1t8=
/gmvEC0yiHoC21j/6mdrCg==
2CK6hKHPby8=
nfSaSaedeJQ=
8hK15zLaYLI=
x2rD1l1DBRI=
N9t8lYuFrJU=
UQOs0SxuHOA=
lLQaDBURr40=
pAMyBjeQycM=
3/DFmXDh1Uk=
d7M0d6kzE9I=
U5SChirQQtE=
fBGawtK2hPU=
cwdAH2je7FM=
jFicEIAxkF0=
bcLke3EibDI=
8Z3xtzBLIfM=
/1845AsOPZ4=
3pQJnOeh59o=
UJKQSqGzUbI=
VwxHKhj+dDZZxUTMPENuvw==
mGdTUlFlCMiq43PYNPVntA==
4J0ICWMfk0Y=
BAjvpx8HoJU=
PYudCTOZFyA=
X+31nOTsp5o=
WNago5ps/SsJH3RrJo456Q==
lzQTHZ4mdW/MjxL8dazi3A==
kqliPYznznhi1xr/vlfjog==
DmJGHG/kXBzyHDtUnfm25w==
dnmCLWMuxWU=
WCS1FU0shT4=
fTlBM0aHAggztBkHCWoQzA==
E2icRdiqpfDTTLdVKQAmOA==
47WuGLcwiTI=
Xt4A80/USMc=
HKYmOg7s+As=
GFrUWN0UIeE=
zlAL9LMtnro=
a2Q1sk0P7ac=
YF+NT2YDevs=
4zotIPW1l5s=
Ss4M8t2lOwc=
XHQ29Rg/5sA=
fiIhEjI5KlMkHHYSqbXJ5w==
yDbsxLlZYqo=
pMmzMHcM07Q=
gGhXsIsPAqgXp3SeVV3CkQ==
4XbGBFDn82A=
dZ7l3mwqmh4=
AE34tECyEmk=
P4QlGsop9N0=
Uy53PH0y/1o=
UZ9prOiF88A=
vp/IdIk6eag=
W/beQvHRPVwwR0e5ZdIg+g==
2SGd7Y/FEzB1NjPxbxn4IA==
4rhEafUOhrQ=
x+xmJwRHhsE=
NsoDmKzKOt49AAPZQ6nxiA==
GfgyLwZWqEI=
iR+QiPDpC7+5P+QzTjDfXw==
xbmhK0NdPr0=
RRzzk3OvpVE=
jdbrj0/u3cM=
oaORC2trBLE=
tkHMniycADY=
pUw/jhT9mcw=
1TSZSjfvIhI=
ZGuzbxLe+tE=
90rWa8lLz0Y=
C8tWZky0+X4=
rTMndKPBwyg=
FvrlVTS5QDM=
6pblrij//5U=
RKmGKHcpYng=
sLV+Ne4DwHG6xSBPtLnNLA==
jZ2RBk3JFiDlnALX9ptRDA==
mdpw2L8NynuHsInT2JmsBA==
KgEPdO+EMR0=
MznOJRW3AOk=
UEywi36e9k8=
98RzC/+AI60=
0O9g/zkLWVI=
VVyYu8V/DN6eQ/k/k0LbAA==
AX18qCY3RwfKVP/f87R8VQ==
xBGZ8VWk+wXV9zy/11YxCw==
UnM17BdKVCg=
2i7wswtfNF4=
XV3MGv69BD0=
GvRDYYa4q8s=
9AffFQXnaoA23KkBRkttGw==
me153bsCUVhlMvEgrbDowA==
Rvjx30+Jk3o=
6mO402mEbtY7804e7S4Clg==
0Zrj5cYNApU=
g0kaoViQs+gUOoGN4/nLOQ==
AZhEpvtaQfA=
z+0bQkXOgsU=
5RJxEufD578YP1JTwPdQPQ==
7tt01NyGhxUrZSwJASkl+w==
gNOmS3bdR4I=
dgElUBGzw8Y=
/jX08hzYpak=
uh+UxErOg02O1n/d6pCjbg==
iCb4f+OEewM=
aoXeat2/wT5Y881MINU36g==
Q4g+QrjSIXw=
eeJNg5vEydmA2sHORjMDYA==
2bqdBVVpYTc=
8L8Ep/q3Wec=
gs4slkNcS+k=
LMiSuBZXdk4=
9oAKsD0XAV+MpAaIUuK7qg==
wfhaHt/6FEc=
szeP3oOviJo=
0SgOhMpIak8=
YcUWmHxxtR0=
8BLf2IEv9EU=
PbCG0B0Os/8=
JMnWf+/Xxi4ZarR1+jwKxg==
5TmU1jN6DUI=
GbqPaA6g3yeXqZuSFf1Cow==
mNRlNpOzSx8=
aGBFrhKNxBI=
WokjD9YTrTk=
mGc4SyyzDQ8=
Vgs6LxdiXrA=
N20erEeagDM=
pdCjvcYOaMtzVAmQ5STgsg==
nNI8UaMR/ts=
zfhoV2Hgu8I=
aPEq3UFzXIU=
/gHd799FVzY=
BF45i8Kov6hH6jW8869yCg==
4m/H5O470Pk=
yYPv/BFoKHU=
QdjwlPf4LOU=
t7k5SWQ56wU=
wg9xiJ/m0VY=
0IpjrI+7Wavo+bn/BGke5g==
HM75VLRzEGZTbNY+pRIlVg==
0u8L75t0M9Y=
L/9WqUzjrHU=
8ggDZVuITAuHyP1949hzrQ==
Y24gyMrD7ew=
eXOuCZqN2wo=
VgX7wc1cvdRTZphlAc22Ug==
0ac1SjUiEts=
JlFlgR7UpYI=
aGbJrKu5At0=
LrOScMginPk=
fE+s/0C6X9k=
sNLKoP/YPGM=
Kqxsdevu/fQ=
c9x7c6RrqIo=
lekuG+h1OiMCg2inMGvtpQ==
a671di8qX2s=
tGTlyhKQ1MM=
zHOqVeKAe0U=
WaOHY9My7Su0AHhDj91vTg==
EVQg/p8m3xw=
YDz8cBR7kM6hMnYjgJkt1g==
P5sqa2Xj3Mo=
5QaEgMi17b8=
Ig/aImO3VDU=
eYpAptvJZuc=
HK52ILpI6JM=
SFwsKiDx/64=
HfKuVyRCuFa1HPf/7ceFOw==
s2uvvhv5ozIRBXXFgO5jDQ==
nnCjp76pBF4=
pEUesEVxKRATE/lbodzM2Q==
7xKEPWb9pFQ=
v4v6dioyxANRRaTQBzGYzA==
O7L4i7Ed2wc=
6I9OaHrXNio=
f7KbFmn60rw=
pgnlUaDqyVY=
SgkojhwkHDc=
d+FQWBzlNNI=
ejrk6Wp5yRn30bjJsE2EMw==
By6iWWrXEnA=
Dic1zF1u95I=
/w8MfAMEbmc=
zXB4DOFe0fY=
Yt5dMIWs1tI=
Cg4uYinHSyc=
gr/80rAxWl0=
Sy4tIjkHFQk=
5sdTkLPVqis=
5fU8iZ8KSQxXuTuzBYwEXQ==
HVX7N6aZjh0=
eg780Ede4mU=
OJu0FFTDdEY=
xcU41aHsCkyhcgoJpKbHkw==
l7y5UJ0p+UE=
YHO8nTJpFwU=
rmVIZ/6qJB0=
Y8+Tln+Q/cM=
XD100rYIIqU=
nvE98Bj7eZQ=
I1Pvqvs2p2+G6sU4VyI1gQ==
oitUupwpWRw=
67KtNoLn7vo=
2A4nmVZHhVk=
s8I4DJtG9XnDFDoDaGmdcQ==
WONhXZWXEtg=
VPW0bxVqmpo=
BI/Ohb2vCcg=
HWjp/j92ma0=
uI7fhXgpry8=
zM/3WFuleHo=
y5X3o0Agr6g=
5HWQKT67b7I=
RwZk4AuN40o=
m6lwA55E2tw=
5N9df4gY9ZA=
gUNRoRaPXlU=
vk7xZT4YJmg=
g94I7dLmlNI/jWj2HFjtzw==
vMoJMT3PoQM=
lEcYULVPplFTlsHBxp9HTw==
hDd7xTRpWLM=
lZNiQ7sYXzk=
0LykQ/sxD0Hyzll3azxSAg==
n+/9NkKfVCm905V61CBBbQ==
uxve+GVgNRk50GgeJZiHPA==
2z8W8wqXsvxNSse2DZD+Uw==
op5E0dkC2gmRi8eqoYtYOg==
h5VMU/zQKvQnF9blLANWdw==
Ak7j6rIxg8S9HQMaDFWxNA==
4GHKIwYlo6LncvKuMW7A5g==
EWrX1jgRhA8=
cfp7mwD97I8=
9wQgyR0jYNVRZ+Y/ANZIVA==
4SVeYWaU9/M=
8X2p4FAPJWw=
+AlKCMm+vIcJrrezJc9jSQ==
3YCwBYNpqqjG8R6qF1LR2g==
kgnu3XNnUcmeb7YGvGsMZw==
xjdi20j+cUIiS5bjLvcRlA==
wHzUMYLoFrokvnTuyPiuhg==
js1ah0BsdIPaTTtXpwmdsA==
w7E6UrvV7N3ecQfTbhu0Sw==
Ukw767r6fs8=
6Qc0eZk7nWo=
izyVARSHvCM=
rztZd9EQVjU=
EmpIuHHV3wI=
hYJ+/jV2WqI=
mmb+Uu6XYEs=
qNbk2PUwMsk=
Vcn+RlO/ZwU=
JeDrOUYbsK1aVkZULLdqCw==
gAso3rv5QGg=
erEuZMtUpHQ=
bK0dkwa4Y1Q=
eouW1cNPTdc=
F0gw7+tRYU0=
HQ2NcsV1Lvc=
iNzWTkljmfs=
uPbMTSgV3/k=
goJdGknJdoc=
sxl+0je7QcU=
3eSMI0qo6n7e4MAfbZU9jA==
l+3j3suCZfU=
re7OJsvnsgU3odrxromhqg==
rQVQ4pfrvVs=
/owzBg6ESPk=
x4AoIbeoF4c=
+IkwgnIADrOz/3Ioi5EJGQ==
EshOtmgk4io=
ftzBRyNYUJV92vRuFuRM0g==
YSULW7QeYdo=
KL0iJTAF0AM=
YzkmVDp7Vd8=
PwunccRRSlywsNbY4jZ2Kw==
a6SdFikeYbM=
oaHOYuaK35s=
a/V3ml4+cvY=
0yhzl95Q4xRQcL+tWRPD5A==
JapWrvw0Z98=
01v5d8wN4TJgAtshFMsSUQ==
JNw8h7wTl4M=
5aybw0rp8nY=
626DyGHvqlo=
jQqQdtE4T4Kqn1JqlGabYQ==
qlm9qOxnVOo=
+IX0PYylxP8=
asgpRjm/Xlw=
3N6dGyPqlRzOmz1Fjr+ggw==
IMG9i0fgMVWgbjH/wPVwlw==
I11Duwz2t4A=
hBPJD9jCbMNPHCpjYDGfJg==
E4zpiPuwMm9rRvn7fqbr0A==
jk0VTkoNuONm34lQCj1pgA==
o8wAc2Mt7Gf7LPbYShok8w==
O6XnU3tS0yvpPCOpEHbR5Q==
A32GvrLPXHd3nqgTKg4TKQ==
GtYxBZ9LMxPJnWIHXX0ocw==
qP6ZsBZY3ZZUE7Qiue8vsA==
gtt5xSIo9Gk=
bdg2iW4sanM=
jeVNt1TFQRHzbusMNrLHJA==
7YxE6QBcuIhNXWpy6t8DIw==
9L4RLXeP8ydRKYmhaM1a6Q==
6DPNfoqthfY=
kuutcPQJ4RakuxLZ9odTng==
a9XUDVmBy0M=
jAfyPL+wu70=
wL+kuX6uNmR3WpxoAWR3Lw==
nodHwlJgoUNp7KEVxojBuA==
BqMtDZQzHvU=
gYKI3yL4YcXf8thVQZqqQw==
glIGcqcEAIShKPfvHfXuKw==
c899erA+whw=
7Jmvufw0Xz3OkYg9dNmvvA==
Ur2rkIntTgYIpepH+6smBQ==
i6lY2KiVZ623eIpvXFA9JQ==
xwvrHLROTo4JXcYs+bHtfw==
4H1KzrkNZm55GFrsfh33Yg==
RxwlvqEY7sadC/YCQZrI7Q==
pQDCnntB8eV9xpXuFlod1A==
qmPBVXOaauda2zAvUDgZZw==
qmPBVXOaaufT3ESJ5OAPfw==
VGo+zpj3oDVNE2v3RHnCVQ==
EfHbjJjAljCpeCLWYYMnQw==
aXgnCId6fvHYWlPZvbBmvA==
nZK0oy18bVVe0Sqk6hpcEA==
3OWkzSvbRfO0S0Wh30jciA==
gmChCyOBtBU=
++49f6/oLiN3wyLewHX3tg==
ZxnCJOYWPKc=
Ycz2O0tVyVk4poPJgazomA==
JrMRiEIL8xUMU5hvw4mRdw==
iCfbFPrmrfPs7HnKRgExeA==
BQV3ICTtoEXz2/bCHeCehw==
AUgC7is77xA=
mviLlLZGGU0dT9IcLVB+Vw==
Wq5gokiVzdI1O13BAIoZSg==
Wq5gokiVzdLV0/00msGkfA==
Y9N6aWSajPk=
N8Q1qzWlnHk=
+jBclxTeXSE=
vD50oqjpSOuyqF3kznCMDw==
9Ol+ddO8Q1E=
94H/iaiLphzxpfVdGMnZ/A==
YcFIHTpOPyEJ9IQxACeoVA==
yqrS2kjaLWc=
XmGSK6cRQiw=
wAst3sMuwUg=
XcD65nX/riE=
8rzyDfdbWKM=
lOOQF7pgZX8=
sMkIuIIXtJc=
CFXckX1S/BI=
/ow2e60P3a4oISw49BkbHg==
wuepAoR4R8A=
vzM3zDNRa/4=
BMQ/76K/aL0=
gx/Ubajltas=
SzFt0xMOsVYfBX8wQv4VXg==
3qTviHd1kANYwtChsbI2Wg==
GYPlRVsm8ySZniLyqbziyg==
DG9DRIoIqik=
b3kZrK/u5zY8o2OQ12PwZA==
2E+IWvRG+pA=
RN7ckjux9PE=
oaN3cTlK62g=
iIm3NnDqYV/tBeUNXIjoKw==
tXzVtULl9IA=
sZi2hMbhYPc=
6+b+YXEK5Rk=
VSQeyF/2z6I=
oplFse1okIg=
Qu0IEtBSDw8=
QUyD/skG2jA=
YoTzHEMh5uzx3GRFxlIJsA==
op/sCW/YoSc=
Rzp4eL1WvmI=
cflMSHM1wGA=
mZeQllOWjOA=
/Z/fi3XsO18=
SCekBOWQBTg=
BHE1XdxcAGU=
jiL926P3MqXP6OoyiQU66w==
np2Pl2+gp/W+03Yje09snA==
ETea/k1DdSM=
3OInPKcGFIs=
uo2hNI37REc=
P6Qtiu+yPTw=
pJZjLljO9Go=
lZSjCu/i1MI=
7s5QZqfb/tw=
JG27CCNGwWo=
qrRnA3Dz2Vg=
oRkCzlNCRXc=
5+vdElUrCdU=
F/Z6XvtyfgJ6bFc7uPWVNw==
Cm7f0SrePSacJiqxXKohsg==
FCjNTfEdc1s=
nUH7ELOhfoU=
g5YLX3U6t2g=
0Y5ewgp0tlA=
yLBZpiJQrm0=
swGwNypZKGQ=
RHzvkZUlLYU=
vvAwNzL3cQM=
RVGC+sgEw6RlXDH6WKWpKQ==
e29s3/NKTD4PvRKaq4+SWA==
0400J2AbnB4=
K7W8+xggafA=
3OBDzEpM26s=
Li2BxYn21EI=
2tirQ/usbgs=
hMuPgMX/6DE=
CvbWKZbNRxs=
+mXoV6UX73s=
XJDk0NfxALk=
N2rEnN8xvmk=
r3lXuGOLWKk=
ngOxQxUe0j8=
6dnOkiJJSBk=
Sl1zeHdVdvg=
IYm3JX1eWyc=
IQvaIJE9Q10=
QEm5jB32MoI=
MKAuMl9VyrQ=
Xk6BDS3rEaQ=
hdeQf0tcYwo=
bl3hC18MAMY=
Kejsrghg+2M=
yRowipXw6a0=
TzKzThLotGE=
wCxNFeFDvkw=
Q+dcyHGzIjI=
t7fnLUh23wU=
oEXSWunoeLM=
o6dpV/uSs4M=
j0b/bAhTmOKl5iV4KsepFg==
5jNoJbusTt0=
WIMy+QqH4Pk=
hK2LMsmzFQM=
YWbb1O3Tgh0=
lseIwEoIEJM=
GE7cG8zG1QU=
a/wmoeg4IxU=
R9NCQyuLfQ4=
gjOc2xnF0Mw=
RscZiyMupCU=
Au+qUhKnSIE=
4hSlPg2puMI=
0+hZa+BnVwkQQ8HqRt5+sA==
DgEauciIXpHwQTx1mr72VA==
0XG61N6Atgo=
ylH5U9uOiCg=
NgsHu4ps7BY=
pBilzI2CZAk=
tedkcwNPMKc=
xrUGcpkOLWc=
GpF3ScoSvys=
iDZqC+Bl8zE=
eqclvqBouLs=
y4x27E5fbpw=
8EunV/wSvdE=
+s4W4r+x6Ik=
XDBQqKt2vhw=
TGDWAOck+gQ=
oacl/eznAAA=
e4klKH8GQ2s=
1xeL1zNN8iQ=
pL6/7rr69iY=
uiiGprYlG0k=
1+L+YN7pj+8=
k/XBJ7g31Fo=
iRL7eub/hKg=
M9SMOLJx8x4=
QAgCjnwwmAo=
jAucKy8ef/k=
+JwEjPcFEto=
26fHGahepeQ=
Ws/F6pwHwO0=
+HQf+Rifmi4=
DKYKJmiEq0s=
5+3zy04WZZ8=
x25bcjHWaL4=
G8EoaK1zjqo=
4c2KvLC5KHiP2ekHBKhWag==
yzdC1kWfDxA=
XrSq9dOjI8Qpril5NrmhwA==
mwN6+WFwBAE=
adZ2ozjL9LU=
vW1nOus8c3uOh5xllUdNcg==
nQl1SzpQkLtnv0x+bW15TQ==
axzhZNsnKvw=
9+8OwGsXYP8=
dYkVVdfe0hA=
j8o+MUbB5DU=
sKNH/y1d3jU=
RX6/qpmgvow=
9rCa4FRXXYA=
Z6OTsCR5xqc=
nZJHxrlGgWE=
sdKk3vf/H5VwDLP9tsrWzw==
lw6QR2sFSaE=
tTKj6uvaTsA=
rbKciQGPzHQ=
6kkScWbU+X0=
Q6ORjmGSENc=
HO0sOaJsgf4v/9lA7mLSLw==
C4nLdhRinS8=
OJkTymYDCkpiXU8FIAoq3g==
TXV2CWAhKCc=
VUr66DRiXtU=
vjFZlkW+j7P0Ltb6hWEoUA==
EvvlQI1u0Zo=
68nFD5nGlFY=
mTGIWxVj6Pk=
74fQRERvwS8=
obavPMt32Mo=
SxsApZkGFBA=
YIogOZHVZRE=
82pPKTlOeqM=
5zqifkyUZ+wSI5jCEBTzZQ==
WmLoF0FdsYk=
G9eLjYy0dZ6v0pzXUlNqsg==
C2YEk36DN1weyWtNxFh81g==
wNtE/c2E54blD3qyFp+W5Q==
UVSvVqNm5nk=
3wG/CScWaPdowHi9ZV/NBg==
bCfbiZv4lGwHmVDYIGe/8g==
Myh+vmPSSDGGYMg/w2ZfHQ==
ufsuZDreSB4=
V/Ynz+mPXHLNiVlouAOqeQ==
V/Ynz+mPXHIWOiCWkUgWUw==
DEChCsrNCoKF79mZt5pOBw==
qFV9KJW2HhH71a8BB7v6wg==
Mbgg69Tw8osm9LnyqWwD1g==
YX8GOvhycgB3GUVF1s1cqQ==
toWARiRkFQU=
nriJ1IM4qoKKwkZGxJQxuA==
1ZkDqxWpmtGgb7eiDJ8W1Q==
84+ngsv5qA0=
ty2YrfTvGf3DUftjYcS3zQ==
YDUD62pQ60E=
T9siE0Ju6hFX4lI+RudJ9g==
oOZ6/55NA6M=
kpYXqqNmNl8=
QuUzSB+k60A=
MfxsS0WCN1A=
BWQVtTPPjReeaIWTWiq08Q==
9sCQVp+1viob9GXqSlYkqw==
gnFZ5aIljAgTv+Bt1AJiIQ==
4acSt1/x5wc=
R2u2fh2w0x0=
L/zL2JKhd0c=
kXVySx3NLGI=
Z/3/7Vw3KebSE1q1BfYMgQ==
/OqFz86UpgE=
n/lEsmj/hO4=
JmbDl27c2oI=
nTywEZ3jNFs=
I3JMCR1atHk=
jA3V8D44gII=
ldXJAb4yu5g=
8UTJ1M6NWsd2/wVETom+nw==
BARdDRe7R98=
NrM19dN5naY=
r5org3X98eQ=
fV5wGtCV0tQ=
CD8KVw9/84M=
+SYDE3EITtg=
n1z+yqY+aSoLrTCLndaJ/Q==
Q28EEMUvqBk=
VI97YAxTANo=
lxlz4c7HFrI=
eamWmwRBenG56hiye70LCA==
u9D3+pc5fx8=
WNYK1T3QAXY=
oiREr6HwjXU=
IQf5ey5PDRA=
dVk1v5+R55o=
Cr6eMbVvEP8=
i8E066P/yXM=
ilFapN7X3TE=
/6M5oLwRs0I=
bOtfgE1I+PwoDqf1kgZN0g==
OmrER30fg6NR8bUr6iFx1Q==
fm1nKnqHLSBRYR6O1BqQRA==
LStV16dB80tUBiGzy8I+oA==
pNPf/Y1EAuA=
n9kl4lMm4rk=
YmwAL+zlStY=
3lqpbKGSP6MAlMu3CYlrTA==
xHZoyiyGrtdISZjbQBf2Gw==
u/hg8Lkzjx+dn19YeBG7DA==
+979CnBlyJU=
lCTeOg4pIPI=
TlPwKzz5Ts8=
S5ZvgzGrUJQ2SsRAh4emvg==
Q6sIn8X3R4Q=
MAl1eOoMi4E=
9z7zWDnonc5XZ1GTGSrDng==
gzI9A3lkEQ/6EWDuEsCs/A==
wTdGyK4iK8fcEFIDqnPF2w==
AiNavljJFGw=
IICTLGPm9Ag=
DLQPKX1Ed3JYJklW4v12Aw==
/NNg2mY4QcUCT/3m2k4MVA==
fWrUILso9+Y=
Ud3qCIY0PVQ=
KQF8bSFk5pKIGReOM6FXPw==
l7n6w5boL88=
a3GgQUk1lyA=
XAqpIzgXe0k=
bbol3ac/qOU=
T++SG1blUnY=
BekPGr9MqdqfX4B1hvrNGw==
ZPHJS39qyjY=
eFh8Az6sPoE=
ha/xNQvA3aWNWgyK4vsFBQ==
LH2mHO9G1lM=
EEmh1RhD1fvyjzJdjuy9dA==
X5m3+9DHWVA=
MUenFdGkzek=
2WVPyRHyUcY=
7yi3iJ8YqKc=
IW/oAqbkQ50=
aK4RuO7pKG8=
FA/beLDF51umKhwYnEJS3A==
m40dBVfvtvFOmRdTbzcpMQ==
p1c5JbuID9TF3c87TwRVnw==
9pSRLE252DY=
1VXwV1vXtBoBtznbJPGOHg==
68/CrZ04qfo=
25Gyb2C3tSJxoSTH6wcDwg==
O810myndijg=
4vxm7ZrRw1nIYSHS63MXoA==
A+aa1iDYMZIolWStRbLGgQ==
s7k1uueNHjc=
+aSlbn5ONog=
8XadZ6gG0VQ=
tP9iAXr/sJ1Fv9h/g1owTw==
nKBlYKcjdUI=
4MAYjPaWndU=
8dBc7YiThq4=
g+V8BmS+8FY=
SeWbYxBJZIBA1tszHkcqMQ==
WbShLQ9k0T7iG3X5kj9qIw==
oiChNQGd9jg=
dQRO8mhKkbg=
Fuik996nIyw=
lNjCuDlgHXg=
fMCWl/mbRKw=
nMkcGNRKiFA=
7h+kqyKCFms=
QniXITEkuQeCEFBjRJVqhQ==
qbYkTc+XblI=
MfdYj4mFdaZ4riBy5p2lAA==
lfFip4Vhfkg=
ADIPt1KYdJWVZkmnrDSxjg==
Um5LTGETkAM=
07v0wcDiSHc=
XdP7dS8eJNA=
sbM2XqxeuyzQpX05ej+uqA==
nrtaFuN9lph/p2N1z35VWw==
bBdOYcmpouc=
uYVCiLkbVpk=
5Bghbxli7ko=
jkenKHWgxFk=
pMgNE3/J004=
DXoMZTlPOoeepRLf9whDrg==
6oz4cNh/B3A=
IR3IFvXX4EI=
XJrmganEVoM=
/GAbUZhGymHOLfDCuVnlgA==
SVrP60NIclYm6+vK70z2dw==
gbrYgn2eODw=
PoTCk11n7+E=
3ypEqyFxZtA=
MefW/Ojvnj4geWmxedUW7g==
BFC1b4yP0sk=
bMHYX9XU/OM=
l0ZqThUCORE=
XMSDKhkK6b4=
PFYjBFG9ZA+bTjJTEesL/Q==
t9QZXe8ItwDpoAUcYVgr/w==
jOCvKV3dKM4=
Uk/qHxfffxBmV9ob0f4HTA==
maBTZoVnmV8=
v3Fc1RSKyO44Kz/awjgHYw==
Nvjm58Miajk=
R7f+IE3ogf4=
sZ4oS2Nq4Ew=
jk0zAB6+SyI=
UJl+jokzZNgM369XQcgBVQ==
zbbfb/8aIj/mZBGS/dgZiw==
AU8AosvdZUc=
q/yb3/E62rg=
/83msLUx0pA=
Y2madBMeyEQ=
UgqC5PxQ9u4=
kn8nuQn6wQk=
wyegFnjcm3A=
5MqdMz8FbCSLysUgcolbFw==
68WmeIINaGlBFbePyMTatA==
h9Bz78+Dkic=
Nycb0T4JygJbO6HhxcnHqA==
bBI6GafY3/Q=
Z5vZTqNjOeNbvbbJCIk2ZQ==
53+oNOFi1gU=
r+1/ytRLJyCRw9oECnc8jA==
pdOEWUS7qC8=
FouimlA5N4I=
QOUNEnFGp/NRJuepHIZUqg==
BYUqQn/NPwU=
Kl9c57N1rhC+/FvZg2d9HA==
Kl9c57N1rhC+/FvZg2d9HA==
uQyUJaSWoBRuUdhkLjj0Uw==
RqwDL9yRXoku1fnV2GFA3A==
uQyUJaSWoBRuUdhkLjj0Uw==
JYOkFO3Rb3w=
DLJZUgBsTJQ=
Q0N5AADGifY=
915Yba1F+fY=
vGD18mv5BxvNzzS5NEytKQ==
YGwtbVhB0So=
2TS4zQJF+/Q=
EG98sH01Sas=
nRK9nQRmhJo=
g3xnx8B3NH0=
UpFkSn15T7oKLKOXbJlzDg==
Hr3bak3q+z0=
uvnxZXlKK1RVZd4zcUnJtQ==
Du5FfsCcsfg=
xs2NvxkWhcg=
cSi/qDvKBSE=
V6SRJW0qjeg=
OVe34gNyTHk=
C/jL+2DNjt4=
NWjVFoY0G+k=
uDT2Tosqm0k=
5emOlwgkMPs=
o8hIYmbHupo=
409Ki/3RXpg=
E+Dr5udTaJU=
P/f0y83WZThMPIFtPPn4+A==
50jea9o3V9E=
b58MpUOsFeQ=
BsJsaR2MFZs=
eHNXTnwoYezpAnEBTpwv4Q==
sgK8oPPdPIM=
N25obbqcGCQ=
+ag9x0NG83o=
Lrc/yT2qsLk=
Xva2vS1qgE8=
25J0KwoFmNw=
QvRbsAVrGW8=
T0wtvQPOOQM=
EBrz3zFI+t+Ld9kxHwqTmg==
MQpCbIMeuGs=
2o0neb7+ZUk=
8DRl3uNcaS0=
m3UALv/W/eo=
1vIjZLHC8ZY=
20Gwn1/RaFA=
gmRFuGDl9Ik=
i3W0gCVWh4WhWbVSoB7GwA==
bk1qlFjf7bE=
wY4xfOm0WS9Evx7sk9d+Cw==
U9J2CFrLuNQ=
FGI87SaXbu+hb8IAFU0CjQ==
0Chg0tw2bDTf753l0oAPew==
tZ+PlwWNMLMXRCsaVliiyg==
0BNbP9QyAVU=
cfTXZiuy8ks=
Qe60CyT6KlM=
QUCkU3gJVwE=
Q6oteSgl6yc=
6bXaC0ofe2U=
jab336VM4TQ=
gHTlFoJ6+0A=
+BRCDY2wOIA=
HPG/ZWkE+1fVpi1+SBDpMg==
iScszzJeMro=
y4IeUjU5NQo=
QNreC6o+BHI=
xR9xF4Fu+/E=
wjNB2fP4AhI=
lgIF+d4nTZnHvatn8Tg+Tg==
SWvyvcOqt98=
ugZqAz4X+FC2WriDMxkz0g==
CnaoShNrdQfpD4+5hUEZqg==
sUxXh+jmUMU=
so0zy2TvsbQ=
hbtb2+xblMkhUMEn7OCWBw==
n94lEvI9kXg=
JGNAjJo3ryk=
VpNyNg4Qw0cHai0gVQfbRw==
+bmswrmZaHc=
6bTfMnb47C0=
dSUV5//iyDw=
cQqykS0+19I=
L/DojG9+YbJgUbM2+z37cQ==
siCNpLOXBao=
Ind8Ot98sfpKvVXG3V6ABw==
SRQQFjSKZ9I=
NNI4cbIFVAs=
ZBHQdGUR0CNZQ5IqM3DQ+Q==
o9xlf27/Qcw=
vDGlL5Or1zg=
3TCUq0Mv9cI+LwoejqQnNw==
b5GqUUvjxSM=
ygqxIwejc1I=
Y8NIElXH4Tw=
gArjurnheVVOYMSMCORajw==
Ff5ecmkjKmM=
qI8BfrHfVTQatLup3sZ6CA==
dXbzEFhN4E0=
2wvahPskhE8=
cx/H1Ug7HbvIlxLXcq409Q==
JesWixUIhml4eZtzwRcdWw==
uOLoT3k68Z4=
vuXFbq8yFfc=
kZbuRMD2crU=
TdG+mBcdnqmNAhfOc0pI+w==
ll+eS6u3RUkV2XnNc4N+yg==
gIDZhZ+MDDQ=
Bh/PIq+HR4k=
aXTZwpadPck=
czLObPgEUPg=
oPKU6aIuBAs=
WNVBwVz++r5vmVmCTYiVsw==
aOoGf2JX7jB3ZLYRaVzh1A==
1VQj1x4LtLM=
jK4vfLASnO8=
5mto0qXM06g=
fTj/efxhrE4=
KCfLlO5RKa8=
qqqYuMcCe6o=
WDA9u2D8If4=
A11odGws/wI=
SI1tFYr7GHuGlntIbufILg==
1IA1wLG6Bj4=
zR7qHygVK1k=
OjBVCwBx33efhIF5xsw1Og==
NR1YAk7N7XeHZyqEEyOHiw==
hLgBhNKCpLY=
AmBcXZGxey7gnJLX7B+Vyg==
gH8DQl4guvo=
hnimaoxVpCI=
LvBlyr5DXaI=
TZfJSGzro3w=
7vmO+qG7eSY=
SsIg7qqqZVE=
38xdD4x7ZIzNZg5zq2GuMw==
Idovh0qyP9I=
1rOLZj9xLgiq9W9vRvTHRA==
R83o2W568FA=
iRwhIxWIzwS5aYp3xfh+Tg==
jad3RZoCzsUGrN8C0ttBSA==
dBfh+lYl53s=
za2MN2m3AyI2US9+al5pPA==
DsZity3ihjo=
CFOENc/ekyM=
V+ck5zrjbH4=
tItiE4Hon3k=
DEK42RN1PAk=
yura4OgG7de8Mcn0Ubhj/w==
uN7zzlB2YMQ=
Lv2z5cCf1IPxehRdcWAYGQ==
sXFAmuxzY6E=
zMazMcw54vEU7xMBAWSjug==
q0sCHWbc+e0=
fJFSqFOl3I4=
WPgOkMRm8hbpEcyxXYOVAw==
fFaEnqMVhmPpmWaE45XpQg==
JmH53egMACiZxOQeK6tgTQ==
N8oDS1BnvhCI+VWHq8tfGQ==
APHcIf1TLPI=
kMn+CGfq6F0=
Bj0hnWVXI4s=
an4YopkWDiQ=
lM1miLSsVno=
dW48PTZCzVi8WSQ5t8a/tw==
sHVT2QjZlGU=
1Z3JaB761HA=
uLNYMOOE/HY=
2/4UqrIeftY=
NsYHGTGy8Bc=
ZbYOVIMEipo=
HEtRItfiO9c=
+DdWrDK5PXY=
NbInnaW4Xno=
0tjJlWQ4wt8=
cbmelsBOb1U=
l+23eMLBYWo=
Gt3cvtZZTx0=
GgUtFQ7JXaCwBbisFoi2sw==
ahdaeQ33v6c=
1Rl/OtPGdx4=
1vg7UEXAyAU=
Y7WdE4WTOE2Xe/raJuusVw==
gCI3Xqcis2o=
SuBnEPS2guA=
pyq8G+zUzgYl9fGAEtTKAA==
l4FVwW13Kgw=
IVmrtfHHj6U=
enbU+YHHfcE=
56ao2qrOIesX7AaDAVhsFg==
SbP2gy51SuA=
0+rr13a5qC5IdS449pz5BA==
TrFsHDuhjGM=
A6z2KDDycNc=
WBzqDjKfDLI=
NyO4UWJRshPhnfGOu4Q+Ww==
hK9KA1B7aas=
LEr/tV8hOGKiVX8dPkMP1w==
Kf167UJsTFw=
KL3hybAuO1W6741Nfobp7A==
UAfodU75HCM=
wVogSEauuNs=
hSSWJgoWvOhH2O6BjAxUKA==
UPp44OWEYBiNgE1dfEPA1Q==
Bn2OTE7C30E=
Pk/pTQ67UTU=
25pFgUkfLQI=
/DJnILfjLC8=
N4sApAn6MZ4=
nOPZjMCMhs4=
qrTKqItmgBY=
Hrw6uKfp8xE=
F91mfnkNNnqHPlWK5tG9rQ==
bQ7c7njhS1c=
uZ7cHoI0vZo=
DpjmL4kSCvQ=
w8dJqHbSVCY=
q3lSA5O7qX8=
FNi9OxWpqDg=
nEnI/H2dN+I=
kn34Fm1d+aU=
ecPBDK45aXc=
P7eFA2OA6xg=
ousXYnUQU7k=
H8JAUmLvF6k=
aihmhPgeSTc=
wj0jGkfAPNc=
MqGvgTcAFPg=
nY4FCdnEw3g=
M20sOMc/WvI=
yO6KiJ7eieo=
m9tauIMb0ZY=
tijSjzKJeLs=
cA0rDcAIZ4w=
m4G41b3Gf/4=
4i+7mbMm5O0=
r9WYNMUdBOQ=
CYeoh40lFXUY0CdALJaEmw==
RTa6Hs0SF/k=
a4Tv0ljhGr0=
AAVXbCVQwUCxoUcV3yF71w==
6kNjXbwegWU=
bbQcPES9Q6A=
J096hXagxZg=
TiYV7M2uAdA=
XEAu2o4/RxE=
eq9NkH8W0PI=
AkpOGh5l1NE=
iHP7Ik6ygXA=
zUIBmgt/87w=
iWzhaKv8Vnw=
vOQObybbqxs=
x0TJ/Zoqp+0=
jZ+8VClfOMn6EGPU217pLQ==
14yCy0njJF0=
ofDlVjV1A2o=
tmz/w3FDj04=
TmGy8ephuEA=
s/K54sQY4fE=
LsH17xgFoc0=
MLT1MsguTF0=
OHg4kA8VLWk=
yECeMHmKNKY=
EkZmzltTZvU=
B1U0W+IssW9Pemp1fs0nSQ==
NVSXZb6q7bi+X6FZQL8D9w==
2RFSietCDjA=
HEnR3Iie0uA=
EHVYh1wovfo=
TfB6CTghGjc=
eYCsqjSAMWU=
3aeO3M1upo5D9tF/zUyHBA==
kZD5W6VwkQQ=
ZAd9czTsDaE=
QO1XNAMrFeXUDSOaN0a/EQ==
5w//9VQqSjs=
QL9Fi162Mu8=
2dWKTigzGXw=
d9mRvxYOoT8=
m2BoEdvVlGQ=
C847lWBSX74=
kC+qyuoEaWQ=
wCS4g0hMTTk=
2RTglsLnvOqkHo+6qo8T1w==
LWHGjoSY915BDn6sEjRrCA==
cdRRoZP00ZU=
DXeFIZOUoyg8Ov3ZYoCdng==
K87ARpSR6w8=
iOzieiiwKqE=
PwhInXxCWJo=
jQiLcoslnCE=
2aJpSEMIGbycSdwvM/YJSA==
XZnyuRT5yWE=
mP0yGDhQNwo=
o9WWaTPHxdM=
j8lm/tzp1w8=
qubSouB5ICo=
0iBxBUFdhBvHy3l5+o9QEQ==
PlZJoqWQ5ms=
iOJWHZ0MkyQ=
7xR2IJ2+8bmjXv81XAl6IA==
nU5RaWPo0eI=
qe6rMDV6VKA=
qK/en9sbj3I=
tORO7TD6k4E=
R5kcUh5d0ts=
Kg3V4iqg4to=
qE6222WnY2lhDE6CdDxMpg==
C34Q4pnvRVs=
gIlXu7xdZHU=
usTYRUqoh1c=
ngx8gZHWT/YemJWsuJ+tDw==
tZNTxBsmyOR+2Y7MJ63Tbg==
EVp9UEGVQAU=
HJTD9akNolk=
Nvsx07IIeqs=
khwwPoN9Oc2SFUWgl+fGgA==
Ing8z4gM49o=
TpWpsvYufiE=
85gRo/Z86zQ=
MLmELT3+aks=
O1n6n4h+Rxg=
8aUv113HaZ8=
TfRwv2K6nBg=
mu2ReABcwvo=
aJPYHZe9xV0=
QNTEr5bzGGI0tXWx1ZZ2aQ==
HxfpIz94cmBlD4SjD3zhAA==
THh1CFkR04w=
6PIWLMIE6kvmY4qOXypLIg==
C9uoWDhv7q0budTH/6yAUw==
pZxHu5YobIZAKGYkRorI+A==
pZxHu5YobIZAKGYkRorI+A==
C9uoWDhv7q0budTH/6yAUw==
Y4ZDjr0/XFw=
x2PoDLKShWs=
1gUv+ygxD+o=
h19DnJCz80gqZ5SSkthUYw==
dMXr6oMm738=
R3L7eRA1Pmc=
WvLYo3Cn9J2dRRogiIXwgg==
zhww1bhujguiSAUpzpqiBQ==
sPydmhyAeYE=
LAaMXsGBfyY=
piTQ0PXOSFw=
M7TDpGbmllw=
tkxglzJtqHk=
6ORYAOcWqBo=
XvxtaNoxGF0=
g653vDLMUBY=
IXrtPsdhypo=
9lyrTB97BknpT8xufPSXAw==
uXesgFqj34fILjPbfVkn4Q==
uIYvWltc4e0=
DJSkw/5JsdU=
PnGv5Ql/oaY=
pvfl3NPQ60M=
AxDkM6SU7yg=
+NnUIdBVjcw=
mi2j0HDDjlo=
mvTwCyoSv/Y=
ekKklfSbiGo=
1ER3X8Xw2vI=
rz553XUbZaE=
4MHADeL9ogQ=
U0PCBZ/+lVU=
Ytu1jphJIcQ=
5XZnqZc2pYU=
agbhO/6y/9k=
sgmy4VMzvpw=
mWvQGOEAGk8=
zb7+gmO3P8I=
c7rKL7sy5fY=
YYYLcgNw6EA=
gqy+EmOAg1Y=
GFK8GZPCAS4=
5UjsLQVNPSoXupQwQHrbmQ==
IdleuDwsm/Q=
aeyBJnh/nLsmJvlTFgx4Kg==
a2KmOW7pEn8=
gzG7He73V88=
tOqgjbs4LCQ=
hjFQt3NZxe4=
JbpgtUsr+Xs=
tXdUoHu3sYs=
og9Vt5m3MUk=
4ip4ZnoF0A0=
i/WSztWksQk=
50GzkivIaR4=
/TpPzzMV8hI=
SNgpxxUJZv0=
UNeaYzQrV50=
GVGHsaXzZ+xpFu4PbwgHFQ==
xIe0lx9MpJQ=
vGlKs4Zzwy4=
ZBiFKo5CP70=
agAmI+BAbxE=
7JL1GKh9gaM=
peu47o8l9Mw=
rDeDGlFqEb0=
I3Q7i1dTZVI=
oH7+JAT0cck=
ZlYYZq5C5jQ=
6F7bCTeIuwU=
RFEqIIt8HDg=
OdzYA9WmlBo=
CechLkavDGk=
p/2NPXIVvzg=
lULdQOqz3Hs=
nWPLB+EBvGw=
vIlo3QdKpMY=
5Mo1QsN5MRE=
hfV76roGal0=
L/0ADICO8zw=
n/jRCf8VtQU=
fSQcVcj8pIQ=
4seprzaRVH4=
YPPjBhvDbyg=
1GjM6bOJTBQ=
tH87XUhmpvA=
P9qZZ7TS+Mg=
zfbqet+A1TI=
lM5tcKYl1elKzmu+nDcTqA==
Bcq1o5KhlFA=
Qhay7Kffr1hi3lA67n5Tbw==
WToj05qBUmqDiM4HJDNyGQ==
OhA5neu863J1TY64JKslUQ==
NuyylicFmhqbTrOrljMpYg==
vGRFHDO2pr4Uy1n8h/VcHg==
RPNJGkNtdItpc6Ao0AZpZw==
XXcIHbEyqiM=
meUeidmxdKY=
BKwBesd3sUk=
wDjLnjEm+yKbqV9qK/8lyQ==
/09OcZ3OoHMeSMlyHn4Lnw==
HXX2yIA16as=
Oog51dlHK0Q=
6d+ekXW0xHM=
HuVRB5wpM22Qzm/43wGrag==
dyCMBkS7KZI=
xgE2v8z4Zxo=
bHb3Pa/cacM=
cFeKH7FAP08=
KrvRc0vLjbw=
3Vg2ZGQ1hm5tS+NdJ8VQJw==
ZK+eF30vHthl4eWuY+FNPA==
FOjdfYXiVDY=
SooPpjFljrE=
NhbHsp0g3rocEhYxRy1BXg==
aHb+sZcIbjM=
KxF+YgTK0wY=
hvHowNTKv/b8i98hG6KiLA==
pPQMOqRGPl+x37CnWylQ6g==
jPFpKRdMDpE=
5qd0HMZMgZykqJ15v65acQ==
PcSawNtVuyE=
26A/MCh6B84=
K7244Rn28MI=
N7C6JHF/lxw=
/Bdygrkr/4U=
A7ITC/oQiNc=
+HjU640hLQQ=
HYaXUoVDQlI=
bsKGEPy63zo=
ADAJv+ZcTik=
7pTPqAoBVEA=
3HajYEknlCEfirYj0Hxafg==
lGLcz0roY2o=
p77JqG4ZVzM=
sbsKWVD7z0s=
zkMTNopS2QY=
l8nF05nC7a4=
ZoMQ8b3ld9U=
29Ew6ykbMKjWWS8qj9OYuA==
xCasB+fQ1I91AB5SPAEHBg==
LOKke8ZxGCt36+pnlz872w==
R1grAkM7h3Y=
jZ823q9t9Y0=
ivDa13XfTiU=
kw2IzsEWqV0=
toX5ZEcDKZI=
Zja6EXb4rq8=
tS3AAbL/4RI=
raDPzz6nLOipiZYIm3kf1Q==
XKwPQKEDHZU=
n2PmKnBIIvg=
o5OsarH+kmI=
wRx0tr9XNuE=
+3/9BKXgyGk=
+tW3ANmEYso=
qOFrOME33Yo=
qe+MVEkD1yg=
519NlQyHhsk=
XN/cakhDXCI=
1eaDQ5Z/qng=
CZccNpp30Tw=
jPu3tYJ0KSo=
9ccEGURhJuQ=
FZam4G0AkBU=
0ThXyHnLw5w=
MsR3ca8yY00=
4DXtgMfr9v4=
mgoIK3BBBOQ=
o5DxwL3zMbI=
HDt7ll+G9bQ=
3hMhFo/GyJY=
LxRPEykmRGI=
7libTn4BaGg=
PTsIvO8N0D6A8UCzrszbew==
+9OjeAjw+Fk=
67qHmvEKpkQ=
c9LxkwI0QHbGY4BT3qFAWg==
6rju/CRln8M=
SHr/5qXe3Gw=
BQYIVdsE+8Y=
GKMq7elrOZI=
6cUcS1az5Hk=
9setxctyya4fOAdYlPzacg==
rIajJ4lKcdc=
L45PrcfapAS1G3cuuF9aXA==
Zs7LDrS9ADp2S8qcMXg4Kw==
rFMcJ0CK1Ec=
OYzCqeQ6/Wk=
DAZP6UIO3Rk=
jsyMdiCgELM=
DQs4o9NOPjY=
Avt5o90fqe4=
Kd82kVMAGt4=
8b432GHXdac=
rXNcsNwOSss=
FUKhjxBvK+kCUtRzyepg+Q==
6c2GSSh56T0=
6AmG9hwHhag=
O28tgn5feXQ=
T1hVl8Nvhys=
+dwRtjHOOYY=
Aq4pOMBvyrQ=
k6N6Q0ob/PgpwdHBwm6zmw==
ysTBVQC/LPQ=
wRjcnI2zvuwzt/JwS7BJAQ==
6HhOLdTYorQ=
DBNvn2ynwco=
srB4fqhKkH4=
9zReDJZr1xVh9/m/TP18bA==
UB4oMJk582xQQn2oqSy6pw==
RH/olTUUdLA=
DnmXaRZO3FM=
Wavr0ILB68sS9hmWBh4Qvg==
XXmZ9/n3Eio=
ZJyckCAs8MmOsrXxEHOIxw==
TgqLgVt8y3A=
s/YzwbaHelgtAX2E2cBsUg==
Itn8oEhTFlCw5h1uAFOZ8A==
MT5c8kttFSs=
JhoU+qO5OVE=
g9td8dpTXO0=
EIZfMkjGWjU=
yMEzal96Rqh2Pjra595FIg==
HuNKf/NS8Xw=
Ru6cvTLX+2c=
A65hCAVf9/Q=
e1dlg7VU0Y+IE5nq1Onklg==
hOc2gY58secLovKsk/MmFg==
wUmY8zT4oTOgZ3uPPI6lNQ==
W4Bw0V8aK6Y=
+AmFEL0GaWk=
hu07En+8MQM=
oAkclvvlQ4g=
oh52dr9xCrc=
GZ6zok5KVBJpP8p/uCtEdQ==
rgzf9JIoUJg=
IxIJyw8Z39Q=
ar+sD9ibsiw=
CC+WtuVQIbk=
2FZMlO6sapc=
nkCfsXzZwOs=
7bd09nDzqcg=
7i2PeOtGNwM=
QaMR1E9zTZc=
zxQ3HSZueQJbLF6veX56gA==
BD4gvJbxUcmuAd/LFW1uOw==
Qdc3Vhokbfk=
On3iK1gtPyx5her6S5HoPA==
c/rdr3JDHGLoJDbiuLU8cw==
4oV7Rgfj5wI=
GPYIfOUY3a8=
E4hGF14XqxYAdNf8Z3ViTA==
uRw0kt6TUFQ=
NG9FrwX9OLQ=
hJfbMd/fFwY=
Ol+78IL3uYD34218A3eBeg==
MWDGsfxF1j8skpZ/nWys2g==
dgN2NZwu/TM=
+4OUEeVz2BI=
P7Jg++GYFyY=
NHRVx3MtCVbXlNnPuKbppQ==
23eFfMTMNj7Fc2rp7zB9Mw==
d7LxflUxN2A=
E4So2kWN6Tc=
KtYTPGyJ+7o=
PBnf2zoH8/nOfWfFXoD3+Q==
X4+MqhXLvCs=
A+7vII+ZqS8=
2DJlqnLQVTM=
J1zEbyiwONk=
dKeh+iZAk2u3xSpGP6pG+g==
rIMf2KNw0MhQxhWnuo2MYA==
yR2mRA4vwDU5hOMYXH6/59ht0zVSmGOD
0mdi6LuQ0OA=
pj3BK9cbn+s=
IoSaEZrwqoY=
+jgXHipzfkk=
O26tjkWIIcY=
VZGq0xCZFBw=
NNE61whshys=
8n71vkGzRoc=
lMRHF3XZoMs=
mf419Tn7ss69LmdstJFsqg==
fXhGhVX8XLs=
/cb11exDlM0=
U9L68l23xpU=
n/zDvGY74aY=
kzOzfBL6gkHYTEf8F1W2qQ==
UGp7MSQUv8U=
WtqpQdiod5gmAWho/vljcw==
Qo32DC2aVzU=
uUdokQxEWsCTwQUMQszv0Q==
CcevddFMUDU=
8c9s/ZKuWW8=
VqPoDPbhe7aTBu7it1WSDg==
TJGCkP5is9Q=
UqVkQYi4cuK/cmc1QxRUuw==
018M27JNdmo0QHvDMOF1Ow==
pROEd8Jflh0=
qyNSxAc87O4=
nJ24reoCERQ=
Z9eE+/PHx/N/gfcHqfIqXg==
GFAnmF1cJOw=
wMbHchk3terBimJD3jm1BA==
o62xcUq+XJ0l6HdYIy7COA==
l5x0keIMSRc=
MZps/EWEDfI=
2MRjUpEvFjE=
dvI6vnssqKiKioVVL58rhg==
SKBB4Gxu8QKEup/oRQUwmw==
SKBB4Gxu8QLa6lavyGbEVw==
bwdGIF2P6fbnLMLWmgbojw==
6YvGB9dVlHcADbC2/w0KPw==
6jrKFsmCyuJ6Z4gERDnXdg==
UOPaS+JvoiU=
wxd4YxkC5gGFecRcmU366A==
iDTR8xfL86vwqqcpOz8+gA==
X1npMp5esLfWCFEBTvGkaw==
3zzTsVoIPVqsdqx9pis83g==
O/jkr/LkL/e+TWZHlzWRMQ==
DxLuB43HM3i5OxQBt8/bBA==
gE9OTDdOIzKhhG/hA1V9yA==
K2dqO7eelas=
Ccw7dor6yfw=
3WUfKpIWl4o=
xeIe5p1wAy+/PunxjuMrnQ==
mIR6SVvvQ58=
dQ9lOyceqaQMEBRCRzzcsQ==
7f3K20nLDgk=
K4n1oQ9hixY=
F/X6dKlQz19KpHd5uL86Bw==
Xco44QqV8ErbWmMuG3zkBw==
gNbR9JMstkA=
WeOmiv5jTXs=
zQhJYp1mwfU=
Qvv/vb+L5is=
y8cffqzp4Fk=
QgOR74WNiJk=
oV/8bf74D5A=
zO1FLE7qVJogwa/FmDSMYg==
3d2T86fSg4w=
QW1cfosOG9Q=
0w5ozUh7DK4=
0Jn8KPOzOBY=
0laCtHeXlNE=
XMWOi1xXUGn7zrnaFqJhww==
7zltKDgk0lU=
UoC6kaXCt7I=
75XQdOwobLk=
YDTSmI/Kv4E=
prQymtsN198=
oe8Yah+k3kc=
2x+tUtrQ7AM=
zgZK8amF45o=
51D0RVi+cRc=
mtniaWcYV/U=
zmF+w5WsGn0=
3RBY+J3tZPw=
aXr4+LQ95Nc=
OFopElOhwXA=
Vd2U5zxhzdE=
9PNVlhuCfOo=
9hudKnCJv70=
Aa9JfJh4TC4=
EPupoEheo04=
5Df1stNFtp0=
Vuu75GYAci0=
VE/8Nfuilak=
ZGunhjrWoyw=
otJFljXTOS1kDNwiAtl3Vw==
FlHwjWyAe64=
mEtG3PNb4N8=
8JflMvZXp4A=
HrTq+6a6tiY=
yGUzNCgc9bJiJPy5kTotKA==
AkVrxM3tFhE=
0aovVj5ZWo8=
0d3ml8omlBk=
kbyii7oDa4k=
A4N2JHEAauQ=
gXuawNS4Y0Q=
g6r/OTdtWOc=
L7vs5imH9Rs=
3efsTVglka0=
JuzTRkZIRh1lhWw6E3y4Hw==
wuL3MDrgPCN5R0xmJklclQ==
qPQtDra+YdI=
TAA6P0umHZE=
pbPxfFz0EwPJg5FW4li/MQ==
UTW8rYRJzt0=
M03r59sDXUeS4SnW3+IL6Q==
iFGKZDWg53vk/5Jp9kParQ==
PHbFlThmsk2oiPVyXJLA8Q==
/4neAZkEsLwsOusNQ95p1Q==
UXat3cSDM9U=
/UqJxmkiYTY=
hERdczPOGuQcNA2Uf7m8XA==
s0nnT/hbdn0=
DeA0rzR05Vo=
DbfoF0WvdwY=
vqtAOTkQbh0=
O1sfLLfVPomks1kiSHUWiw==
EYPJnfAWBLo=
5+uksVVRZN7/qLOBOSI0/g==
UXvg2xrm+kw=
oDzu4kIuK3Q=
bnaGRh4Ctx6ndmtpxFLTcg==
bnaGRh4Ctx62xCHGSd5XNQ==
k6gefG5wID8=
53wHrQPu8P26niWXV0yy0Q==
YlzixL8jLIZGxMUSyLPing==
UNi0DNxgT5k=
cekm18famKc=
4EdbGukA2daopSewRSoq9Q==
rXuqMD1b++bmNlI6tzeaAA==
F1MdC3xUBSNco2NqE1wGpA==
HS5inYv3VMo=
GEdqZxbjEU8=
oSfqZEmJthY=
N3AYxtU/GInWRhcxgDka2g==
ijQQ591PN8U=
aay+pwBgeU4=
MfL722//PYU=
ljUWSp0XFJI=
mZojetpwOSg=
7FaVdGx3tSA=
RGNSWUkYUwa7pFlFA/znJw==
wx7xRHO21CC66HwLzrkM5g==
xmhr+dpPnVU=
fdoJXpFPPNFNFu3EHiN2Pw==
+i5mTOz0o3A=
YUU8tnzPMAY=
dRE6UiVdXkOICx22H+9vCw==
q5wF10rjPc0=
1hyXh+pjv5+/B73ZIDhG+g==
LGr9kkfqyxM=
m1QSRKcDot+bPMREop1AJg==
IFML9pIxBpM=
N7anjUV16gI=
ooq9zexwI6k=
6CROcsKEKRM=
yabu8Ia1//A=
AAuukIir3Gk=
zKoAx97JUl3Vcg5N7JEE+A==
jQEMJBj1b3I=
d7ZM2joHMQ8=
jqD9pjmPMaudWq2yVQhpjA==
8tojFBrDS2Q=
Zv2rWcCCLEk=
tsquFjzhhbs=
exEp6wnHZio=
IVoqc6ljbM4=
K+pSVACbjKw=
nZ0d26uXg+bWVsMAPxaPqQ==
lIZqZuOmGQWbeDJ36lQGmA==
lFxY7aifTxrV9An8kAdvxA==
0gIUUQzbGC0=
ZkcvzUdtrWc=
i74NLymGofU=
S7tT6rSggzk=
xXqIsmx5IQE=
zrQFAdokIuZoUhqsjxyGRg==
Zz9PTv6DhI0=
heAxFHewPZ45FrVerYVv7Q==
suPhmcGe3eHSG++8V+3p3g==
8KuDVF5SdQCShNyXsUtBCA==
btXLSvp9+Fw=
C5BdpG71IuE=
QOx74882o5s=
nRGtkryRjB8=
KPerhabo7wU=
WRMUIOt4uHahQZiqnbHVXQ==
CFYXZN4lP0I=
uzKdHzaMyJk=
RtCUNcIOB5g=
ax0zos5dw3s=
e0v0XDr375A=
HlVcdHW2UEjnNALXB4zWBg==
Ttu0/SkS+8+TSEDCsSeuNw==
109wdnJuH2t+sLY0xkuNbQ==
dNdFTiERBkY=
b8Rsn3DC7zY=
zxveVylmTtA=
yecTc1nCpsg=
I0FL3xaDOys=
IuQuWPg2kDY=
krZ5iu5s/8o=
Ssl9oqHF9ng=
1471NXvnGNI=
VF3FphfvYCo=
t8VrkkrQ7DA=
EnXhVP1OAycYrNz0CnF1kQ==
CPkZjpz35YM=
w2MuBgHx9JRSvsPiZJ9K8A==
2XYu2B5YFwswxEHkjoWlsQ==
VvjdWOfLsTE=
xEAbmr31OKTTnlqlP6Apcw==
N5jvUgtkMlgytkgyrRRvCg==
bjBX+ZPwc0BuGY3g9QMlFQ==
T8VI4jW5Up1vgYywzC0Xwg==
yUyc/Sy80nw=
/Hjr0ELogwY=
rmGrh/2G3uM=
0An6txtUWA07f2/dGNHcHA==
ZNLJFnsbM0DNCos1mbT2Lw==
xk41DP2xcdM=
MQzKSzn7l5w=
Rfu7BR2KSxU=
r2SISM8xpUY=
VBUUTRA1PArd2CbR/SXc0Q==
mhE5JgBOCD4=
RRQAmSZNk0M=
3QDA2znZmGc88KkGUT1+BA==
8CrxyMLer4Q=
vgprb4sHq84=
N1sMbv9ZFYM=
YMOTTWlIgzo=
1CGyfj7NRfI=
gEHWk7iWamPFb5hKvKfnfg==
y3aA8DL/dXg=
BQvH0FP2kY4=
hUTdw2AIXfU=
xUsBXlvv4os=
wg9u9pEdKggUgzlFu0bVXQ==
UfcccfkUnKA2/DUNcaTT/g==
knCiVBkPln0=
/MxlAUTFy24=
eviep3bmQzU=
sGKYMuvtDoA=
LPjGqQ8wMYx1N4Gb88LXXg==
6ZLzmV+5Hl4=
hmqB/7O8gwAFZ51iAIxKVw==
d7iOM64dqiN+gt17SCS1qg==
DyD3OnJKD56ffU/Nc2d9MQ==
YkrlphysE9KCxkg1+lmAvw==
3S8hN7i3+GDxy8HZAUbhDw==
pCpNPcNStZY=
82XDimm9axw=
dCWsRS2NkNd6DYu936509A==
FHAbcqoLkeo=
Rz+poLmpHsmMJK3/jb4mdA==
iHnO6LO3Yss=
5BDskmXq1Uc=
h1O0BEESfY0=
++v+y8CV8ky8x/PzobH0oQ==
OGvoPZDJAr4=
Vu0W0v/if/M=
wMnA0mMWxsc=
KYH8uivq+Z0=
IAw5NcYHmX4=
d03kQ16za3U=
mjerTFSvKtg=
sMB0/Uq5CpA=
Ai2KV5Z+WXny7S6knXmcTg==
QkOrx1zHuQQ=
2X8wDERP6ho=
lVEYewCdkIRrWLY8R1pERw==
CJ7p7AWrNzg=
Ahhsgb3YZMQ=
l5JA6nll6/kunBnCkdn22g==
l5JA6nll6/mvKrhs+qBDLA==
nQu+sDKd5H7efZg3+mIp6w==
AejeiD773xE=
DUbADhqMI34=
1jFv+Zo0R8c=
VYqoMTafneOG/bDybGTljQ==
0RCJbYoIS5g=
NuS+Ttlolh4=
+I5YTKVo4lN6Y2rv0ZYv6w==
Yypjt44xEnk=
Z8We1QA18MVJTup+ar5EEA==
Z8We1QA18MXkG2/C29wxYQ==
bM62GSWVkqk=
qW3DpQ9Hp7QFSqKfMl1pVQ==
apSMmIm72eTIdKmfITCTcQ==
qKOanG8IPJk=
inxvNmuqza1qhDkjL8X/qA==
UVmnxnqvRYMCsAIcxT9Hfg==
N8eNL+GjH9ZgYLa6eFsydw==
h3tiQlBVYl4=
t7VLR2GyFvc=
pXlfm7Fgwkg=
L62A03L/CgY=
yXVYPq2l11w=
gV9dxhhGavU=
lcp0rQ3baqg=
J6GxR0e36i8=
vWeexZN8VTg=
h5z2tNQjwk8=
MbWzOSGs6Gzj1FXo3RmsXw==
6EdJbjcsQJw=
NFpEsCxHZa2rQaTjEV+xDg==
9DUPobnBAEo=
kIi6/SgNG88=
W7hXUjz7gBw=
OR5ElvUmN9g1N3RoSwNKuA==
RNMsay605aY=
v2Lrx1KWgzpM9rzJK+iOjg==
4D4ZyrzYxCiuteYMIYAiPA==
tppHj3s1/NU=
8LZosBduRNRW/36wdMA4TQ==
Gpiypt1efiRqZ9y8TT60ug==
6U8g6qTbUps=
n5ocUjLSyGE=
xgdNxxdAVyFT7LGBAXz2DA==
mXixMevW5BM=
GnO34ft6EVs=
s3gjdnD5UfU=
yNld8UoWSqM3wafvzNnlTw==
Ve1ApzHJ5nI=
B/GS1YxwWC8=
8IoycWD+mjE=
ZA5pYLjmYvhrHA16rhcT9Q==
LjB9tOfK5MM=
JNARvFUYYyw=
5OpLk4Lkamg=
efKC46dXKTI=
LYMh9Z9IjwY=
FQTFjRCJt80szHQIb69xdg==
/T+4nIH9YQ8=
rtW0Rk2VDoI=
bz1K4l4sQoQ=
pt/IAsI6tx4=
5k1QiBV/q8c=
ZxMntZ80auQ=
AGZpHZrH96g=
Pre9YkiJnss=
w0AyOi/hD+k=
T7gVh0tq4Vo=
Fs48oLCr4ZcYhueGoqWrWw==
5ag/u2Exh7g=
TVfkfBH1FWU=
DIXX45O7SYQ=
pfpWAJT/R1c=
W4uLLzqJ9Og=
tyqDF/Zea1Y=
aF6cqbvniaE=
LNSf9gjttqU=
fBmLA/MWJXZLBN72MBoI3w==
TXDb1xoGfZY=
i80dyjkBLFg=
oPpFqmBcBEjcReteSXs6JA==
ldYlZipe5yk=
2LMxJXXlAA8=
BgROC5+dMrwKBZupSss7MQ==
egl0yIifY+A=
t23Rn7sPTklxjEtmK/22ag==
44SFcJJIdzemdXgoVjyPAQ==
BaqjohNjZ2g=
1EIzjlHUny4y+AXLB9OfZg==
qBYbN1F364E=
5uZs5UuoIpc=
p7XOjcgK/3k=
Dc63MrKXGr4=
8gv8qw7q0Gw=
FSY+MLAy4/w=
pp/+nngWCQmF3FlAH0cTyQ==
RAUgzGNZsFxu3WSldF8Ypw==
zdrAiJl66Js=
IJOQsRBzlqlTBkCXCwQv3Q==
Pt/iTVLmkgw=
uD0CAy8pQu4=
2xq2NCfj43Y/sjIP8kmCeA==
ygE7nqdbHB0=
+NOX6VUbGpk=
DR9NtYZGdkY=
aRooCtvzU6s=
Q0nstG0r/7Y=
YWszi4wO+u0=
KvUhamzpaN4=
C8IudYoReE34r2/MM6MAMA==
AzyRmd+3YfE=
QRr08Ob9Q/o=
e9iYM5CmmMk=
adftdKO9Wjk=
0PZawL/35Ec=
Rc4lF/G6pEM=
cfCFWpFDCW3en9+xsgky/A==
e00a3JYffLg=
iGSPOmNsz+G5G5hCuGreTw==
FNyw/xmGJAI=
IJ/Gk+sSXxE=
Uc2MnoBu3no=
tuAzBAamlNk=
RKRRDlLZ33o=
0Ol1KfJJHcI=
I0JfqoTwi90=
2QSoMRctnB6CDa9uug81aQ==
1YtIuwLmTN8=
DZt5gnjcF9M=
M/GU+8xOpEI=
eVFjoFm0J5A=
Y17irolY5jyFPzjYU29Usg==
jwCz7vUb8W3YE9stTTQA/w==
HfLrFM3oC/XBsc6ylBtSNQ==
Jo3sP9iSKKU=
2Ufo65am7HY=
bkz/6JZ1YTU=
/9HxVt9OKWRH1rnFwWi2ow==
h2Eq0YN0gYo=
hCsL0XP5lQWjRBQyUNqGEQ==
QIsIu2QFqAU=
bDPVApAgQN0=
9L5ie09fW5Y=
Xib9C//zZq4=
zKza7M1YZLA=
BmF8z7L675Y=
SWd675i5G5g=
jC7qLBuvZcU=
t7gf0yuLVRQ=
o5rTYo5fir8=
ko7cEToV+zI=
HnjlpEZz2Xc=
764sI0MKj7A=
g/pX8s1OTMM=
8IBN9NbNQhg=
jmo5r/NOGmx/jgiACzWDBg==
gYoQuTOZw7U=
5NIqNfRbeWQ=
McK1GkP/2CI=
d5RH1fieS4w=
mIbcsqRT8mM=
1ev7Mr6QbHg=
Hz9+5PLii6M=
beEHJ8zl5u4=
z6OxUeg4wpY=
nYb3XoAep6o=
utu1ILMLk6Y=
yrZsoFhm/oc=
P592qOu8+eE=
ccyIAZckXSYRIT6bgG1ilg==
8x5ahypmPic=
dBk8btqF3II=
3IJgSLzEAoQ=
P/bdLlrYUP4=
N65boZBADS2p5qqOREnxBw==
ih4cYYzAy48=
S851Ntdfi/E=
zlBKSHYaqeV8W68OyQcVXw==
ub9pKvVP3+8=
ehGQBlyEqVPBJ3l25/ZTtQ==
96cDVUFmqgI=
bwrLzHDt0+8=
wljGxTSUO1g=
hLSw1kEJ+1E=
BK0z0O5O8s4=
H4M/rn4rkEE=
YM4Warz4ZiA=
MoTGWNxM5dI=
dJjiF1BhKgU=
y8h8V9GMwE4=
jUopa8tai8A=
s3nL0hIhirA=
Jzkqzp0R5dk=
tWtnY75df7E=
8cCNZnMkxcs=
hWm/wI0B9NA=
hnvXriOmMxk=
lUYKOBfFO0Y=
pQGFoLZsKHU=
//1iqoKVTNE=
w89CAIkdTlk=
sRAguMeZmpU=
3L1A56QEyeU=
/sU5yqzrlUk=
GMjhKPP1mwM=
90vhhdboXlI=
5kudQXWyr4c=
MkVMzH02jP4=
j7YHMH/PzNE=
XNRG+ggTw8I=
gJ8JQ8NpObU=
M6O/ciaqoCU=
5YyYf654X+U=
SWpWcgOR/54=
SSEQvUc9oz8=
YZ0ACew0iLo=
m8Mg5UZT5Jo=
2843N2XO1PU=
RhKiRdI0tXM=
2Tdm9hcT/94=
P97JIXcvUHc=
QRea26t+jhg=
ua326cN+5X8=
OpN+RHk40u0=
Ck5wqS67//M=
lbSjnvVXigo=
L4x2DofrhCA=
Q941AoeYlwE=
e0zSMj33qAg=
zFaOXrE8BQCkON7LFasXpg==
G55/3iihJ28=
Jj1Qv+kdKcA=
57zxHYuor/M=
whmkJ1pIrRw=
pBW2rrX+PEc=
L7jxnu0pk/k=
HUM+uE7ZBwA=
HD3CqfP9nmw=
l2/9sN8krAs=
hYncZLKJgG0=
9uvbz2QR5hs=
WofxO7+EeGg=
7BTvFQVS328=
5FYLc2xOung=
dGzLFKFajFk=
u3kV1DpiIuc=
KxJgDShd4sk=
M2rQpkeW+Mk=
f2OAPiUiTmI=
EPTVokgpuNY=
4WTd0QFFn+k=
AOyQW0/zAyDrGDQCmr+X8g==
Y5rG/TIf5SOTRZ4svzpWXA==
Vbu2o0XM27M=
0xLpyySwHIs=
pTQs35R3ORc=
FdaOj7OIgb0=
1jqeL7mTQFw=
pnPKNdpURpQ=
C0EbOn42yWI=
aSZEsvOaG/U=
/HpRC79XSls=
PSvGLf8b+pY=
SoJ5DpzSaOVmdWcIL5KpRw==
xu7v8rrgkLU=
XfV/efR1w/o=
tsgOFzdo2Ck=
JYja61VRxuo=
pIsV4uBZdJU=
kOf59ZQfgAE=
AnleB3HLBwZGrHoV/HvtAw==
4/0U00hCj6k=
5IoCxuu/56NkTV8NdnShTA==
2T/9vXCWLOU=
wn68lDC1Iz8=
xj5uBD9YQggp79PtokFVAg==
wgRS6LH5d4Yf8NDbrLXJxw==
uITrtcwGYLU=
++Uex7NJ9xA6ExwKaTSv0A==
BDj+igooi2A=
ep2H/Q1tSXs=
686bBTPzRbc=
R5cXx1C2AMRZPIdJGchGBw==
5s8p5UFcnz0=
0pWJtF9l/HQrIOo3KV2YWg==
t1vDjxsut7Re9OlTPMqVvg==
x5VfHiiOaEU=
5LzbvuieKwE=
Uya0iWeCxV8=
AuLqq5uIEt4=
vrclHu2NIVI=
ySxvv3ZAEYTbBHbfUyUOig==
jGQgPGuPXKc=
u2jno516J9Q=
CX6rw+UYpC4=
VTwpN0pX9MB3TkkC9nwq9Q==
1RE4IYmzLZU=
Zw6q76PG1wo=
UOuRXdGlV55z8CNP5xGUAQ==
HLPJO/VBzQc=
0QdtduYRXcY=
1MrcPvEzmTIsG/wrv648Iw==
KrYEqVocV0d4ONsDwCcnow==
S9RoMyB0MrCd0nbIpH81ew==
61xmMi+U76w=
Vi5l8Vpyc/FYQwdSGS0+Ag==
ZmsbWu/t9D1fIwaczcTXBw==
r3wnGaEbFTlxIkGXvsoqjg==
9yDg8H6QCZk=
a3G/cl/7ohyhKpZgifeh7w==
KZusgY82uRY=
Sm8ywjcdmDI=
94yyJjsSFJk=
gp2m6nHy/kk=
eGYbTMgvEz8=
wDE12ct6iFeKS0/nP57ehQ==
0Ju1Z9hm1/OHHbCaWQlrzw==
o2rPo9tgBoo=
0V5WjNCXkOI=
u+jXc4ixGDxohj9RQDmZyQ==
UWiWOMRlp4o=
LwW/dMrE/0A=
/KEzxqPKhZ0=
yWDK+RhZjUdTVH3gILeHtA==
w8pq3hny3xQ=
27TSWYBhQcU=
VRRQHYPRt3xz35iL/BLtZQ==
81QxBzP4Vz8=
HIWvymAx/eM=
PH/1IlaLxqw=
SzgkV7tpDOFUpQKqEh6tOQ==
24DQDR459iE=
eDPi1T4Zo/Y=
Cn9VNYvzuEDuSrX5H2mZ+w==
WitWklcRNAE=
mVQ79LQc29E=
s4BhKapyiX4=
QfgVa3CTm1U=
2WcIBPVJaX0=
o/bxGIlgJqY3ornDBtlJRA==
AxBTY/twpxdGOz+fJWdpsw==
gpFOuPwvhn0=
0h74NOBaRaFFPb+F9htaIw==
8WX18+LhGmwYV/Rm6ec+fQ==
kuhCq/XiAEw=
iva1LC5XUqA=
Uty3VZgrXwG94n7Z6gso1w==
1mZHgRmfpJ4L/LvPPc9KEw==
IBnmJRl9mvMJd6l7pl4SOA==
4a58+Axpa1o=
db/VRfE/k5E=
JjDU9vha3mWqZQ02xehHsw==
+5P9spUGBQo=
5BgHOJkKam8=
UErUsSJqB3cjC1g66PUeCw==
M+kRRzKGE2o=
qYf1A3XaW7s=
5n2qJK4XFZGQVBmWDNKs1g==
YQDZFA2UBw+UUHmFIr8qVg==
Wnt1kL50YhpwBB2UsSVTMw==
WvhMEcr+JWcVYhFRmLcOxw==
Su8Sypt279g=
lNgYFeNEogw=
vss4y6pZX+s=
BaFfFAILYdU=
eLPA8NJdg/0=
2RlNcYAvZ3DF3d8FMuMo4Q==
oO1/o/A0Ox/czmMLY9d8Cw==
slMSYYTh0aiafBft0KraGA==
i7RzijHbPff0sZfAzoswKA==
DlVZjHfZLGVPJq/ErYaq3Q==
ZnoQpARwB6U=
P37xyaro6yw=
eufhy7xGrinZDSnCCsGJKg==
iylYdPrCtOjuI56wZph+wQ==
rUSwte4oIw0RSEABE4TPqQ==
YC7ZF25IhkyOn+eYP9nKYQ==
8X4EPdNi9vkCwNd+OKp4aQ==
6ApPzD7VK2raS5j1nJFJoA==
1UvTOWYFxOo8vQxPRiNNfA==
ra2G4iotj25CW1L1g3mTdw==
VUaHzWLKKns21z3Rq9Wn1w==
zPuIjXyl29vCqgAreRVQ8Q==
rPLv56a2olh0v8zZkvWnqg==
NB6aDlVzoq8=
saTtm7eqflc=
fwZphR2qD2Q=
O1UJ0x8PAubojo4jD4/apg==
pGr9m9gpxvP6+ESW0TqAsw==
F7Po2UY0hnk=
7j6Nuq1rl/E=
l8WW55fZjPE=
Dur5UA7hF5o=
M5VvpCtJDj/10WHroyg/fg==
Kw6Gzhz0lRhATkLKtyC+fg==
+j/NTsjzOyo=
B8CfO6dqnNrUr/xqtf3W3w==
anPkW/TznlQ=
2ewktQjHwYU=
FTwvdvwdzuc=
v9jk6lciRJVeQYy+u7J9GQ==
4nhKQNmrmx5gRSV4HUdAzg==
XsEIinrk/jram3T7RXLG+Q==
yLNpnpCCQFU=
EdOuTVOBl9E=
3AHx89XG6Eg=
Z3ey1j6aTJU=
8YUyj6XCSn4=
Qu0qsbF1184=
KXXIbzqIcHk=
n+/IyIZ175Q=
yffaK9yEcec=
HJodHzdThbI=
40DSQVO2Oic=
qvwoWL8BMQs=
nxEmv78Lrkc=
cMrHcixGFn8=
6wC8wh7Pnd0=
Mpq5Ai70UT4=
X+OcmJbTBj8V4VORCJzBlQ==
++axcJE6d+4=
zVmMVVyW1CgDf55akzy0Ww==
xs6oCwSXzlU=
Njjq6nv/+Hw=
LTSU+2xfZy0=
fqiTjnQKvs4=
yJJImkrD/+Q=
8RjJtR7lbME=
oKvxMOmoH8E=
PEC8D4qd4b8=
RBdLJGydiyk=
GVBZHeK6ejU=
LOUfztePck8=
zQjomwUMUfg=
EamtEHxezxY=
3F70YL0/i00=
86HHOh6XCUQ=
WDb9Mat36fSQRILYGHzm/g==
d7xFZAy2GUEl6cu+0Ji2vg==
yJ9aPAdeD0Q=
54YAWrh0kWs+5inC4tLNzA==
DlNs9c9GUdo=
eikspniIp+8=
dasiDPqGRt8=
OfOAZpFnrp4=
gUlueUlaDM0=
XUG0crR9TbMSQIcX7Gn2SA==
0LEgSZ1kN6E=
ODrGBR5sJuA=
m+auMoW6kuY=
Bi0fa28IR1A=
ULKSMQN51HY=
cb8RuNdL1NU=
zSdez84xsdA=
4Vw3lfX3Np1zAQZVwMHbww==
hzZPrRZhN2E=
o3kJhUFzUBs=
UoKcNBWxY7g=
d44ONE7MFwo=
j1WqeA/O8uc=
R+dlsuncFtU=
rVRoOY0BVlk=
eECXQBUsBT4=
eh6OwD/aTUQbQII3tHvCUg==
r0ueShP3VV0=
QOHY82K1XbaEg31tPrizAw==
HZjgUZZ5PES8n+mZRFL3nQ==
oJ3sqtyXbhw=
2h8VQVu0TPc=
zfB30YVoJmE=
pwpRYadb5CZMW8lh2X6kRQ==
Cz/7XbWsP4g=
/fPeifYpDG0=
fKDzbQuJWcw=
R0hgOYCvXU8=
/nNCsNkIM7z4DfwKj/xrEw==
CVh4Q1svk+4=
LryLDC4rqcY=
jbuxoYvgR54=
AI9UniKlTpN3Zt4jkQbk4g==
N5QizeGQtE8=
bAiyDErLcZ8=
nqkoALu9Liw=
f4IiPlblOqxS7lgGNxIHvw==
2KRu6uwQVHw=
6H7cCdXBExg=
m38MxHt2OJ0=
XQwMsoZscE0=
P9yT7FSfgGY=
j5MWcIwh67E=
KxYUwBNB7yY=
EDWjW8dEMmY=
vsQEeO9sRLQ=
MCpcwwHi5IA=
jLAW4BfViKY=
DTfRlAAvf3c=
q+xgI09zrTv3rRX9Ik6anQ==
Bdugqzm1t99owNUQXOzDKw==
oKxuSARM5JE=
8QfWkNcZrmzP0HhSRRZbgA==
RZDikk3z0q0=
g5bdhsfpl/U=
X4moicmuXNo=
cNF0ZVdmVec3D4AyRY2Iqw==
bQKDgK1UfEk=
zurA4aAtCT5Px+V2CIR58Q==
DedtNJw+Sio=
lHH3hMH5K+k=
w3mzudzjsnyFWQ8qvA1Olg==
btYxoQwJYxE=
9pnwS6hyunM=
W/yZa9ShvmGGnVn0tz+xdQ==
jV1JDxvObhk=
9WNo9dJriB0=
7jXwTb7n3FQ=
1M0fTqw0vRo=
TeOch3MpknAdwAMWnIvs9g==
TtDJbhsOC/Q=
WuLfFtPL2xU=
bhYOTrcOaQs=
fr0+Bkqc4IHRwns8tZYcvQ==
aNJMhpTO7S645rmFzSceww==
gpAJJ0j94zs=
1OEnNdPqBIc=
AVqUN2WKOwc=
rY0vM3tV0oficdj/EGeiVQ==
/fbGjGWol7M=
OleMixva40U=
OgbL2Q7FrSY=
LN/0HJVLKRg=
wV/QVwxpsuI=
lKW4pTR1uRM=
yGH8s6wwrElyJyEfxjhMNg==
nMXH666l8Gk=
jjY9qb/PUVE=
1KzQxLwUTUY=
9R0+jvj6wpM=
GGHe5s+A2mF8OFeDkWwYTA==
1y4A628vyXw=
lbIQbdxl3cvZ4qPIyi1f1Q==
fJ+L16/pG0A=
VE1RCaHs8q2zLw1Pj6vYbw==
DszrHbGk/Yc=
Vt6UVGWmXK0=
Ji78I843m2gkXnsxhZ0uhw==
xLdpK0kakMesuLEV/Up3Jw==
lQnt6z970t5npN1N/ft2rQ==
oqlGkHCVHbc=
j3PR71okPtyBcsfp03uExw==
p6YLjLvBnvo=
6l0LJLbNKHKKkOuWStNP7w==
q+rSKN0z10g=
2IWrKUmWk+s=
9dg0wd6KhMWUQA/NlnfgmQ==
/O2sDg/TXvk=
fvGN3lD2SPw=
z0AWpYZ5Iss=
cuunmQdYzaTVwjvESPMimg==
vdpdDTigRMk=
frpHjK3J+u8=
XNpwAbdxUX/Tl+Ainj06WQ==
VSCIfaW38PY=
F/d0KEDuKmXL5xxSd5ceLQ==
ekkz5ePEHrM=
hfOw720Kcj0=
GKY+p0el3zY=
fchcgMoLykw=
BEGlTjdmWF8=
56I1Gdsy9q8=
lsR88HL24Yw=
5UoEUfIBqM8=
esoHNPDxYuY=
D0k9Cf1YACk=
BKOVNuEOVwE=
bDBtcghuizc=
lAitFIZMHjM=
c2g6niFQtlg=
/l72IFKgwpY=
jSZbiE7laPA9NoCXnAo8AA==
W18rN1lA+Pk=
pOtaw7XEBcA=
DK24E/70Yqtt5dcstVGrLA==
Ssnf9+8DifY=
uO/CYLXkMPk=
oz4DSzTe2Ak=
XUzFWxPFxfY=
9i4FrgJcWuM=
/0za+l03ODU=
m/daM7nIaIc=
HskjhlIjsbAVGbkHG3wtyw==
9qvR4naFG/w=
CGTjH9Oz+rw=
4MzipMxuxy9fifwngntgpw==
0/K4xXlb5NhVy+nrv7BMCQ==
GbKSC4QZYMw=
hQgk0FUk2DqfR/08+3mIJA==
nO4m02MloYs=
JNCwH/Onnsk=
dh36AbPsBD8=
oA13ZtgyfmY=
3OQg1W/8c782uh/g56+qIA==
W649eDq/DYI=
1FBDxb9Wmto=
m6XxFM9c+14=
YjmIktApZW0=
6sQYuHvKPbs=
VpTortxQTOM=
x0CVYZQf1Qs=
uwePOvmjRYg=
Lo60GeFz3XA=
5SccWO3NCEg=
rGo6fGvtOso=
kLbVYd+9FAI=
3sg9rRU4pTc=
kJY2kN2GpxXBV6hVW45jww==
jWjy6kc7jgRQzX1lwEojIw==
W3CCbAWVe/o=
qEyYstN3q+M=
XZlonJpmQQU=
hnch5a+Wtsg=
9a1Ae97OmNc=
wu6Qc4WbUwPlp1fpB6Va1Q==
8jiwhOYid7iAqsDqxZK/JA==
2nV5Ta91qh8mYFCtZJjm7w==
2nV5Ta91qh8jFULr2LtV1g==
siOIF01v+R7qQaQxfDiSyA==
HS0jfxwU4IiyUx14MjSAzw==
HS0jfxwU4IjwYK5o9sZQJw==
HS0jfxwU4Igi98CLFSMYrA==
5O069+V0vemwzeAw9gBTCA==
w85m1KBz8MXkYJnDJuJkog==
GDS6jVPaNwPgr4OI8BTBiQ==
LN98abL4h5lcnsxjtqh66g==
eXadh2LqO2s=
BitzkMnlB3o=
jKcYFYkEUXU=
nt8W5K60E0Q=
huz+nPWhtOvE0lUXS6yCAQ==
LLL1+1D0DZQ=
hhnwwEHScWc=
KIoveCMmNvo=
Ht2FD8fYnCw=
SzTFMi2oyfMkla7gnhDXng==
Revt8HD1H0I=
9aKpIFxD5mA=
e+OHmie+FFLDgtogWx9QlA==
HjjwuomOdRs=
kn0jxbyOhDs=
ksIwE0WGXGY=
e8Iq4iWS1Bo=
tOBp25FVJOU=
bsoKYsKbpGk=
3vwPFv8Tqail6NfeDZgkYg==
hgYDA3lAMkc=
XceQXRnXqdcaa+Uy+MBF5A==
i5XmfnVDrlg=
U/G5ZyfGenA=
nDTtwUU+/aU=
9Fc5TV+z6m4=
78z12i9rlfQ=
RvYEadUI4+4=
za0zEZpAtmufRxMPMIoyeg==
F+0QLK6oEPE=
z0jYelYszMWARq2q9OhJhg==
YrSZ0Bm5sKZu5cfeTqN+EA==
u/SQrMrIyo4=
LrMDuhg7yNs=
huDrZbW/QKk=
yCUl+w74kBg=
Ehij6DGOnRac8jdwxziyNw==
0zHLpntikU2vZS8i1qKTfw==
aZAsspHv+5Q=
PXvFVIT3+8o=
i/Wsn43Q9dA=
t/hiJDjLTLg=
ThBapUB2INc=
x/Y96S5WnvLcMExcWDCkzA==
K3KckfApzKnfLb9Vk/kKLg==
XCsCL0GFFEk=
zPaOVaKfiy4=
9SQkDoy0PAU=
Hqh5Bej2Pcs=
GpHMG7Da3UI=
NiHDY/v3bpE=
ndg+uaJQSI4=
NNIu15z7+jo=
UR9wi5kqydo=
vkjR1agmU1I=
gZ4OWJgrp5w=
F6GR/vcJaOlULykBS3kFDw==
p4cZVM36nnIVLRf/iddHTQ==
8E8j160YD7M=
9CDNGtqkOwdd9l/qGG7sWA==
o91xHvKOCdqsHryCKLRL8w==
mCDrtcVBz1nExGyO1eBgew==
yOiOXKH3cFT4QAs0xnAk2g==
+56tFAo7B3WAw0+gi7sm1A==
FpOsfcMVtS4=
OvuLZ0bbG6Q=
Y8EeAzagvnSXLSzHetSdTw==
u1PKrnXWqtI=
LACbYZexXME=
GZO4OAsTxBs=
sCvbZH6Pws4=
rkcBX2pM3Es=
VtPEJJCR4Zk=
hljaT6i2hREL6bet00kEEQ==
OZ9+C10TKcg=
3WBGG9k0VLc=
0NEgwydTQUk=
T0Kg7LrphbtgpPggMx9hZw==
pkQ42DAnWMQ=
h2GeDOrAtlo=
1Qx70lLdJuY=
m+fdDpL4g/Ak2TrFg+Z63Q==
eOjeyIc9GGg=
h4PdC1b/caI=
daQ7KFmgTgU=
VscuKCZ763c=
4H0wDVNGffA=
LouxYuB9eBg=
/ZQHaaHRFIQ=
9sdi+gk8qFI=
n/4PSlE1j+Y=
CUzSevyY0jU=
Y97nwaij48A=
7V14nWHR9UgJD3P6dFM14w==
94oIrdEqWys=
I+JUkzhQmuTl7Y5NcYLZTQ==
4EjNlvRNdBs=
4X0bMwca/YE=
0Uy2eDBdVhOrMTVvNXns4A==
zUOQjFUzMKQ=
XPKqdAnataQ=
ryWRo1UeKjU=
OAKErfZgsQI=
TzB56AL2h7gEefkOxF4cXw==
ZCXI7SB7vOU=
mRWG3FVm8kY=
yor6VkD1O9I=
s7HYPK2cTlM=
vR0v7xQA6rY=
aIfHc+H9W0xp11KUKNoq2w==
mwSh19KpbnM=
/nGA4MlhhuQ=
2BxFUmAYtb4=
TzToJwTV65Q=
pNDfCn8bD4s=
wxFzvwVGJJLqf2vPujgaBg==
4C96dtdcywiuJYIgdCchmQ==
4OGA/1x/xYw=
hLVrfPj2lQ8=
mmuv6ifp10U=
1FRMbmVZLCc=
jVWsf5hr6NA=
TtBfj6fZ+70=
VqkAh9vRcs4OuZhxM6cgFw==
j26cN7xqwac=
H2A3sk/sfqg=
PirohdDOG0w=
2IyUnqVXWi0=
AnfeKnXJTSgy0m1ELLHygw==
7w/pxDRltz4=
euo9uMIrFu4=
719ySxMsLIU=
FgerHU3lBoQ=
+KnYncB/MqU=
WmdMbB4SkCU=
4Um4s1jQv/U=
F3129cxv7hdp3xxLyoi9yA==
kyDjHFU3CTI=
gc2dBu7ffB0=
T73n8qMM1T0=
xbUjdxhpfdY=
sWCaKU7wrwU=
lKMhLD/Gex0=
FeZ5wbhN3DI=
H61tz2p6b10=
NoSDLrtHb4Gv15gbhIl3ww==
C6na4qPpIqA2yEFMcZs7DA==
7fFD90yhSQA=
oDK+AqqFeFk=
RMrSkD8SOUTwkATNoBJjUg==
D6YdAEtFcWc=
X9NINJadFQg=
OKJn9iLokgY=
hQcZwhEmY0Q=
MC4Az9jXPjc=
chkSCFPMYZiKFB/Xi2wunw==
3D8W7Krn0r8=
X0As+y2Gd+A=
gfSwp6i4Z70=
oswOAJyKxSk=
LDVY/3TRucP/68IDA/DcXQ==
ETAXg6XvGxk=
YRPIcdLTGWgUAeG6kDtPew==
WJHdkisJHk8=
xCRIff4wOJs=
BtlFe81dLaw=
P0+TrWsnCN0=
8vxp0BSypck=
V/c7VfIVTaQ=
HuynaigMckCb0WsZXccciw==
AGBACDskmlc=
zMJbbOdQmOs=
OpMVMutRXKRQU548fALWwQ==
+k0TGKnN60U=
kCPtICey5vkqYoLX2NLlVA==
GRcYi8uEfi8=
X4rNXG0lYX0=
oW/c2JmkA7U=
G563MP6ppFA=
kZClHGtR31U=
BeT3TQzLK3k=
shs7KLgKa+ZjbTksN9zheg==
kqq4lGgMhocrwrfHP9gaKw==
8Tsb/jx/PupWrgi8HM1yXA==
q/tvLXab91s=
0OgjJVE0j7zIcLg7dZJ3iA==
Id7XYibbm/s=
HaLLpHN2IL3BtDBf7Bu3aw==
UqX37L57qtN5pahPB6Fo+A==
6LQaAZTf4g8=
66zV3WexexU=
/hTiJ5JRbr0=
vnpIVCe7yG4=
ixKvB1JUGlNCkm6VAz36ZQ==
/WKYkBZcCAE=
sGYal9vT6YA=
b5k2qkTeF28=
yH49xuLWTso=
dH4KZrHFbXc=
DQfXCdELIGw=
GjBeeBRiMqk=
xeXMqXofL1s=
/SkZhLSqd7U=
Q6i4QRgdfPU=
aJnSgDeKqWM=
Hj+gfwgeTKdIViGXUlzO4A==
QdIEFZc8SEo=
W68R5lcVdZk=
Ki5Y2NruSYs=
aK+L1jK4GBY=
JR/OvAfL9kA=
fTea/as9AzM=
qO5VZlOMziM=
dImdXPddFWoZ6GfQSrX8vA==
arXC4SSaGHWo0EEmGSW02A==
eLRlBTysBHw=
wsHZrcfnGhZUXLvSZdQE7Q==
sbZOE4Ucfkg=
22eNGovM0Cg=
4UYnKJ9oOSk=
qfEtOoUTnXo=
qFNUpzl9o6A=
Y850N+EZqj4=
10scnLRNxwQ=
AyGWgdVXQUE=
f6BaRu6wAKA=
Mow6mhMHYpI=
/BhQpOt+W+M=
h/iA6ZRR828=
se6/eACTm0G4tZLcM/a4NQ==
noXomjZ3PAA=
fNuY0aKN90M=
hn4ONO0ameQ=
EgGU6oixtXM=
5rtetIfe36c=
eHs7oAa3TH8=
lvgl1ZxqdsI=
kkXhcGOv/3t4yCNShYM6Zg==
jNLNMJuMHSId2RLSp6tNPA==
9BpbfszL7U0=
JbJdbEDqS4/JdVDdCfVBQg==
b4o4WOfcjh8dtaOc+GucQw==
o+6hDBkx06Q=
94uGUOZw6ts=
2mwpY+MfSOwib+Uk3Egy0A==
fr1VJefFkcM1GP+pcvtLOQ==
n7VQi4gScqv8eFNfB6tc2Q==
4bEQpiTG2Yk=
f3HKDqV02hLdfwjTZF6+yA==
awE5lfxdM4EDQ6guVSnwvw==
+AoALd1SEhl5750IQoGcgw==
oRwwjg9GmDKA1GYlrNRvhA==
NTlzYzMrPJ0=
kkd8HPHtBU0=
Cfbwb2NcXek=
59Yaw6l/l/s=
WHAtCZl5gcQ=
CW4bF8omyA0=
zWKSqOg3D4o=
jmtm6e7hDeQ=
ZMRFlvYIDc8=
6+cRuJStgNo=
YrFiY3B+crQ=
jqgMhtKD2U8=
uSPeD/Z+lvE=
Lt5woRge/973V5AEzs+xqg==
HX93Wpyd2V6wg1nLMDl4yg==
js0pLWtFm6D2cylACzYGyg==
A+t1QYa+Bp2o/PJNvZUDTw==
+RClNQgTEj962ki3i8c/gQ==
xipuBy8kamM=
qkYVOHJjRs8=
OLATR1fBhCS7wiBG/xkRog==
h8XPtgX1bY8=
nvhwmYQYpl0=
PgUrrM0znI4=
GuhGy042e30=
T6qkkW9DmVQ=
g2ETIpNC+T8=
EDlcVrraHWA=
Od6tApTCxpY=
7A2o22NXcnA=
5ql5NZvotGmLF516D53LBw==
FWsGSt9+lP4=
seBXBp03sxE=
Mql2hajEq/4=
1xIYs9LG1He56efVmIbWxg==
fVT/tH/PvOjANxF2oaDeMA==
FB4hBMhC/n8=
V+NXUkgzJSA=
8wf4YsjwmWPNp2D+RCAyiw==
yAVXgfIH5b5oceVciWNXpA==
yGAyBPJWJX5xFMkA+ao/4A==
2gQ/FGOPhWE=
assqoPKT44c=
WGU++afUdXc=
9/GlJdCH2I0=
evBfifaH6v8=
K9etjlzn0Jc=
7gOQwmg9csTIKKu1vFLvhg==
1Er8uoFouQNaXZW415vuig==
BSios7sCwgsESlQewnnbcg==
JLb/GBcCI7V/FpnOh5wp9w==
nub9+4fwAZ8=
TBELwIXpksk=
fzyGPmWSw5w=
a/pNaLCFOGA=
PL63vpRXqmk=
6BCtjy8Z6vgIjiEGiSPuqw==
7J0pDBZWXO4=
cyrL2G+8kFk=
bSC7I++/c0Q=
BxLRetYzERo=
pD2LetZdvlo=
SGW1q9LFP0U=
S4Il9HDwHuRwtaP01hS25w==
ZmRDCF1IX1D0GRuc/Lbbnw==
wd8LfDax51Z7bqKSZx6DEg==
Glpj3cc/0IAcsCal2USFmw==
MgfNmUKHOw8Okxy5XtqH0w==
z7r8CiUG4Y0=
8W9oAM4g6kg=
XBfzSR2v/uE=
RSprYY+jkb1NICD9zoZfPQ==
60lIo2N0zpY=
qNzy3/T89ZA=
NzkVhWh8Vk4=
uhIeMhsT3lk=
nt8Bmphy2o8=
L60DtD+UoRQ=
/zCd2AU5SSg=
JlYbRlUFL6g=
C2jH2r+9Phg=
kzXbHFq+4Dw=
xRFf7EGz/Hs=
ax0qyBD51/s=
EwNldsgclGk=
VY04FfqdjS8=
ZK7X/NzARwM=
yqhFvADCSyY=
fDE0aIGA+pQ=
RMywT5pM5+k=
NH7wN/ynJ/Q=
Oaz6ViLolxANmlk5jMXKuA==
RrC84UKZe8E=
ouPWywLkH7E=
1PTNf5pgmIo=
1PTNf5pgmIo=
E8DquQ1YqGo=
w3wMUrj6Y8U=
Srvpj9kfPJc=
Yw91yztdQMIXMlCK/HfQPQ==
RzfDKfHbp3c=
PTgyBL6lnoQ=
ImKEcfgA9du2Yr0PYSawww==
K3/79magUkc=
iR4iKSAcy68=
rBLctzA+tgg=
cG9uCFiKjiM=
QWZbX3Lz/O4=
2BNf3edploI=
5tCKJKZcqEpUNHAOlHRftg==
t9MqD2zMAW1nQJ3CDZuH5g==
rjb9ESrxDVw=
ITLMkSP+J2Y=
3n+BAXvLDKU=
KytH+bokYKo=
y2jYeO19Avg=
/dIWjZyMmMg=
55CRfIdW6uc=
WA8k6kJwwfo=
1dXHIPZMuU4=
nWoMHd0YFac=
bBX82o1EwSM=
44FjDBNu8yM=
6Vucybn9iOk=
DOsLnB+s0FI=
Dl28hVObi8s=
rnqA3PwTRLE=
VVFGFx2fWnt/XevaqkV1uQ==
VWr6M3ZOBiY=
m9MhvzEZdg8=
Jw7WSnjTRLY=
PR3VrIvTa3E=
uYTqHL8YACw=
QIbsVFWEL+M=
Gszplng8N2M=
GI6eCuLalx7hAPBuhruKOA==
+/oPciWiry4=
VUNcO+Mg2ysijnKh5Or1vQ==
3wW68FL5j2s=
1cpSn5q4yF+aethI6PJy8w==
4njWK7/z8yEj9JMLj54kIQ==
MuEM4/NLG9n0w+HWJ/aiRw==
QxTAmAxghqwxq2j2FSzlMQ==
QxTAmAxghqwtotl1dEkZWw==
YMBYpuXTwKg=
b1z5wcZaR6HnPUryaL9WPA==
G5lM5UL43mU=
g2QUxWrioYo=
G9f03sp/hQw=
XrDSjRFVt+aO63yTtWd4nA==
AhkxDjvzoFA=
kgBF/6uXoK+nClXUHjlkgA==
rBpzl+Ym6kM=
ZFv8QJczR6I=
glezQNdpUIY=
2AUnjpFtzJab9kvEsmhhtA==
ShJvrRF7LLg=
RQ8KjuoOOuE=
Q5328pbm2lE=
qDXK/RFZhoM=
6ARlxAuBOdc=
6V2C5v4+vPU=
LOxojygeZuA=
wfKntVOCSnU=
DuG7F9gkrlU=
ZAIfl9d/R8I=
wHP25pcGNvYw0MecYfj7KA==
fN/+Z5cIQtU=
EKO+EQ02yKc=
JzVWn9l0Zkw=
HURDx2+qUPU=
tIVq9ISR8mQ=
N8Lmkfdf2X4=
jsbyThBzrZk=
lZ9BCklr08Y=
WTuGU8BKFqnbJsNVYW5cTA==
1i6BlwC7zt0=
wqfq83/a1Pc=
XUz8IEvJ+Ls=
/HnKDW39ks0=
bVmkB1rvqNk=
DFctwMmpalM=
hhKBAvaTC+4=
x7mi/AjMVtk=
5F1e3sx8OH4=
1yLQMIlrLXeC490+DK7Taw==
XaGZvwcM7Og=
YnT9knKB4hA=
3ZKb7X1OEWs=
JMkg7dqX8e8=
CCcxYUxWuicKO4KjgkXE8w==
xMEGYFf5inw=
3doXmNcmoFc=
IShBRI6PM7eGqea1dzv92g==
sNsgwOnO2Ek=
ZmgOfVl+0ek=
SBE41KUmQzY=
zY/YyfUH7FU=
k6Qai6yJL+Fq78D0jabH1g==
FdhcAcS2e88=
QXRZ32bO85zrqBQSmOTTcg==
7JxB6Rjqpbc=
Zf6B5/8ucpvqKucePEfoog==
Zf6B5/8ucpss8jc+IX4u+Q==
4AW4LgfP2QjOoDvUf6yU3A==
wtARS3V7j3YOX9O1vD3eRQ==
p1hMy/Sigwk=
zb3m/Dm86js=
YOvxnOb7qd4=
PvR4AoZQ29A=
0YhA1UIGX4I=
49O4InwuR4k=
ubAex4sRt7U=
uBglcac4nC0=
jey0vqfqBmM=
vWhKrgZmzhw=
YlIscdkRPofL6cNRIkNpKg==
ts9DlQCwq5k=
c4YfqEPlEgY=
l1OL6hUXQQMqtqLOAPM33w==
8qODuCTz/Bo=
2uShBvwj+aHPrdUsLJieKw==
HOhewKi3MIE=
9yBgRPoLNCg=
m8nysspzRP6geYAvJkZ3MA==
VPHYy3MMd+Q=
MGKNIn4GgIs=
8oWdsAQoURU=
945SuWqnuTI=
J9uceMRexxI=
hzA3asJA3RI=
6fmNckRHM2I=
Z9BKtBtmepI=
xAOrqZEeGz8=
RnvGRfGia6PLWamaU6WyFA==
ksAOQPtaCaW1FfH0AO3lbw==
F7WZ3y5qos4=
zn7ANbTOHRd4uAtzuwAODg==
xchtfsNEKLk=
ctxfphLPzRQ=
HLbHX9jNRqJi1AvVVwuZLg==
SyYsaeKSqD/+Tpr1fxfnuA==
SyYsaeKSqD+b4dVdJFR4wg==
QNceJMIFcrU=
6+JXR7Mq0mE=
UF14r98Uc3iLV5Tsvsmx3w==
pIH6EJ3nqKk=
8iq5Pl+SKds=
4QDWANSnW5U=
uBjOQU1KOXmUImrkXLJNpA==
6gqjDZgwQFOrYucB5X9+JA==
dkn6weoMbnG9vNUXtWJRmg==
L/uTHV/WMWr7SVAIsgnerw==
wOZq0+OufNTEsRVA7P5v1g==
AjV8FGOcRSkJEitsekxQwQ==
f5fgG8qzBjnO6F+zw68LyQ==
raT8otGd4PQ=
jG8PrJqfUpo=
Z0NjDnSD9/4rZDXc+oi1RA==
fUakPmro4Ss=
Uqi0+SEtPDRXR37s63HtHQ==
wOMyUWmMSyk=
MkBXcd4eSa5K0KOh+eSoBA==
iR31gUVXbomzYOLuHSxNxA==
dsclQbJ1saPT0hoMt5CUQw==
mRDP4nOVjvpGomiBobET2w==
HJN/ecJtYHg=
oSb/x3fskao=
ihCw82077SE=
HH9bReq6KKp01L8iJmKn7A==
raGHmHrqRn0=
+ioEMiTTRcg=
PrbFQcW6SJY=
DmKBCsL9b24=
aLVrXdQ94xA=
8XNuSM/EMkY=
vDLw0lwsvPU=
83Da8MPQNjU=
rlZqPCXj5z8=
D0ZtifZY60w=
u5ZO5O6OgOA=
HvPPg1Y/YwI=
Q9CKc61K+a4=
b8dqH3w6RohPPWZfn+M9fg==
7HWcT1T0IPA=
ZweJ1bVIc3s=
Gxq4vP/sJEA=
AixDFLPv0jU=
z9vOh4FRnsAzZwrv50BIig==
V4q6UXeE4T4=
4ZvyPKlhW0U=
vN6b6o/rCxg=
Bp4+Psqi2tio1s3Sq4oBXQ==
ehF6V6axZSzfmWpPX+XYiA==
BUR5aD6Z/AZV6pkx2YO+UQ==
roU7n/mWees=
KGhNmZE0ixU=
AVQn0AxFXzk=
upN++alAgVo=
rcHKICZTssY=
opkHyt0ZN5g=
cuUjlpN4Ns4=
KbFZe2JkBEw=
iptjp13RrjA=
a2hmjp97At8=
b8hDzrMHqZk=
GGhUkPVooUU=
yjKsLhwTwi8=
fDSqiJFdMFY=
bfRhT4CRUtM=
GAdyfkmoW+U=
mmm5kOVEsmI=
cK3C/lQT/TI=
MTZH2LxRzoo=
IfI1gWri8WM=
6gnaLJ15/jc=
Lnjv+w000Sg=
cRvmqaqLB+I=
AGqRgIoXFVE=
P2H2VXLwomg=
t0FkGH7km2o=
W11xINatJMs=
yKp4apIly2E=
Fma4DigMvXQ=
l7+EfYTskVvYfL/pAbHQ9g==
LAynLFE8VFA=
tlsC6KcuSbo=
P1ZKtFZroqU=
nU3k9HikvBw=
E8DquQ1YqGo=
ux9YLF0aaBY=
Re9oDPbGOr8=
UosBpNt/Uck=
8ZBfHJXbKwU=
FhDvmGcMqpV9RgmCQ9UlXA==
VlzcwU4bRVI5viJ8DJzjBQ==
B3aRoi9gPnU=
mghdnO2T8IQ=
GiKq7J6BCPA=
K/kZ5GnSeTbvLwMmSu0Bag==
Dg37uUDZsvo=
qsnDIk6ry+I=
UutqpD3z3fw=
/MYkiw91MXE=
Txf9tAEMGWw=
PALSDM5Bhfc=
OgKkeKrRydw=
hd+AD2fXgyAiUSqItKE/mg==
on5Jbyq/rpU=
7e3UJ3wskkA=
epdljr8K4WE=
qudJL9D6uzY=
JwVXk9PyUnARp6G5rZplDw==
NwdzenTWuj0=
oKul1DBxfno=
WoG/UrG4DkU=
fPr+ir+C3nWNscspn3EcVg==
Zv1bteCK4Rc=
zl4OFxK+b/xF8q2DMuJQ5w==
cEhZJBk5oTqKex+j+a6EBw==
Y+Thstg9uas=
Qw2v9zjxVN44DySbGopQrw==
vmVoc/rQRXg=
UX6c3wtxL3g=
Mqgkz2JTL+A=
DQMgFc7HhVU=
89P1dj4TduU=
/afxreSJrc4=
C6ULusAr4AE=
5H8MU073kJ4=
Gvb51MHtZPM=
eriN65LtA8b8w7curKSpKA==
n6dAaqky9CyMMulqKkn0HQ==
SEs484/yCl99T0yxcNQBiQ==
i4mFMCQmPeTSgVLE2YNxYQ==
OJv2OqAbSBrzTc4jqXZMOw==
2d+91GuXEPkAQCZNLV4QHw==
wy10ZNXnJm1lZAQvtCzjzw==
nCb5f8mKCQUBn8Dsiq809A==
tLnDsPgabYJI8UuyEjQ4rg==
b8jHUXJpuvY=
gOCxUeAm+2FAZByBFNOgxA==
wh0FHe2x++A=
PGlGhaO1KKk=
q4TfZMcY/7A=
u9mItI/4zFk=
Ut4pgPqUvCk=
OyPWd6SYlh4=
nO74ru7Evmc=
p7SHGLHSSW5B8hJH5c5g2Q==
EfBAjwNA+/o6uZL4ZVpLlQ==
SKXCXlB9q18=
JJHfaOjfUAY=
MDbSFPY4ePTCPQANcJ2hfQ==
lkpEoRTn0W0=
+dNKXUnZZ6o=
K4QegeN1SCHdMLMxi5av7g==
CVyg9ymrcmg4MMzeOkDPSA==
nmjZqCMJAQk=
hmgttFwuKcMC8g4ou5Y2lw==
hmgttFwuKcMK6bsX1Kd9JA==
VmJiDFpKTDgbO0z9tEvMUA==
VmJiDFpKTDjYgs4JwUE8tA==
mD2G1G5NsbEoTLiKRTftHQ==
3l1zGs9iq/E=
FNWVDkvZI3E=
sSFjYQIoVYC1sBpXihgrpg==
9kJt+JU4OZI=
S4lX5Iz6tKc=
ojOhS3tjlQCioacoVtBByA==
UetPUKUbI70=
hYOtqf+/2/WNK6W4+6Wm6A==
yOc/OJ/pd7vbVwY5g5I90g==
yOc/OJ/pd7vHnTjMuE6yRw==
SrXK0loN4ZLTT6oOZjywbA==
DG75O/51EZ0=
MPCAk86aCZQ=
VVxewJDlSPE=
70kndV1a0Y4=
GDO0CQGPof+skHYrygShug==
xT7C4Mehaf8=
hm+sJkPBKFg=
AAWHHyX8fa0=
I+PDErWdatA=
BISumc0g4Y8=
h1vOIAMtanY=
wxQwCFahTYw=
cnkTYEyWFRg=
eV8J6S6NdAo=
tocG1ATQTLM=
uuoRIxmqXBtk6xYMU2mLgA==
a5ga2wUeliI=
2eBD/J8XBbg=
3h3TTO7fPtX8BaollbHo8Q==
T3Qa9IioMcM=
gIO32Tr5QmtRoyjOUPceyw==
gIO32Tr5Qmuwi0PIHR2opA==
JSX0FvPCvaQ=
GvHdAuCKvH+DsP1SPvb5nw==
prbNr8Pmy7g6ki1WFJndZQ==
FQvIk7AzBR3hULIPClzemw==
jXREYFnAaLuePP2m9jE/VA==
FIv/2jCh8S+JXN5hj5cUfg==
PMR/n220lIE=
i1DuDrAMVj4=
AgTjqptY5EX3bb0CIwYqTg==
hZd80L+svgcd+xgEXmcAyQ==
gxW4PVOWWd2jdKXg9O/6SA==
RrhJQ4juYT0=
/ThmaW6o+OM=
Qb+1g+06jmE=
fCjjCpIcOm7yYwHgleN6Ig==
tLlGBts3kKbbXr2UBzKyxw==
ShiWv85aUtVYgp7Pi1UiLg==
ZZigNzb9K/cMx9fmY/ximA==
o4tIAk7EUCEAoFoHR/3ljQ==
MIeWdMFhWrg=
GoXcAYzHEDnaoQC8OtC4KA==
gGUGVh4RPzHRV44pdgHMsw==
Cnz4RB3Qpk9xyasIW3D8NQ==
sc1ueZHPWPNRznNTFfnlUQ==
uGT1rxeaEwMV/kS418hp8w==
yEfrhN6nx8f/e1AS8qsFOg==
DDoFTjOOGnmMb7lW3Tc1hA==
/Zs7qiLrS6w=
9JntMylkaiM=
zHq3/Mir014kHl6I/nT9JQ==
e2v+cOIWzs+jXEjT0Ap6jw==
rpf3K5JmPZcVEpSX5l0tFQ==
tTNjPkfLytHvu/jk9u8liA==
/ILLcCjqJ7eVIZM6kCBIOw==
lDSu/rUlA66DNuU1IwmgCg==
jBjTbPqKhZxyImiACYVuAQ==
9tLuVvkQRigH8TXSMUBnsQ==
01/IK2InMui3/QZET452fQ==
75d6Jy8vUvE=
gBw/uAKA7NY=
pe8qkITg8hLidFJcnTWMpw==
D5x9YbULkN4I/1rUcR1I+w==
SEtZPogEjOg=
6AXnnyr2nvIcNJoXTTB6vA==
gDWcTUtfwRs=
6otOsNwQ+X8=
B+8YMV6vwM4=
dWtwK0VKvOwQRGjx3wm8bg==
dWtwK0VKvOx9Dyu8URt/6w==
byC9n/t+xPk=
2bocGitE8PXwJkTge1USHw==
qAPtuqY+Rhw=
vMknKnGeV0g=
xOz9o2fYclA=
goIToyNNbubVO5veGPF/Rw==
C/IS2cXJJKOmWOVJvpRrXA==
eCd3ffODaC1lMXX3sXpMsg==
pn9VxrELqug=
yvGE0v/FLb8=
iCP8ht2E/tY=
b1Sllmb0aYY=
8++JvwEVWow=
Hc4nRE7Faog=
/C8KJIT3UVEAyOLxOqIssA==
/C8KJIT3UVF9P9FloP0Tyw==
uA9oxjJgZjU=
vH9JY0XdofQ=
xlxx6zPFOF8=
XNugDhHCjgs=
lZ40apCccz8=
PMFYHMUptgc=
AT4zj3NzxoOiHw8wDwcJ4w==
5554p+bhEZJElYS4DlxsxA==
7XGP0+u/1O0=
Qm9bShRGtMw=
Ti1VdmK3z8aa0mwdFczCpQ==
v/bN4QHsCIM=
qt3Z7k6FxNRQbxe+c/1OKQ==
SbzalHGb7qZTFTxkmCyRDA==
5qJCRJczuwSDSWefLUXIQg==
YUu38H/xapc=
J7EmCG581LKTxbeFj3snlw==
nu9yHrn2LIA=
c5hDmD7kwv8=
E3bQlKQB9LE=
zDEHTJLpbvE=
lAiQHgIsSxY=
0oVOS6u8BwM=
VUDMTs6OZBc=
gaWT2OHEARo=
xHo7FNEO2eI=
MTXTe/0RWvg=
1neoGeFLfXDc3JPlHLIBuA==
bQH4wCftWcY=
hlNF4FShFXM=
N2nuuPKzQis=
9vVqqd8KlBs=
OEdSzT7XeI4=
vTg5Kon0Iqc=
Qmevx4M8PjY=
GrPMYvjzuQs=
2VA5sP8tNxQ=
KD6/LNMK9eidJChkdVnxeg==
p9dzwNGFUNw=
6oF5yReBQ6E=
b67JLxIYoBE=
75VrW/Wmf5s1QIzg+vhngQ==
8ZIk7Ji9P0o=
K75bX6veYAg=
vCcx91GBM4Q=
xETBIEZmVhE=
uN1GCavQSlU=
xSoP+yuXI1LtKUxUJ3HG+g==
OA+Nu4Uy5hI=
B4YshY6iRfY=
Ts+jKz3zIRg=
aiIwhbllxhTzuFEHJ8WJKw==
pL8qKH959c0=
9kzRXPWlkDM=
4hpKOlqIcg4=
78y84hPp7ZI=
cLzDgxfSGzQ=
EDVK+E9ogQ8=
xr9kY8xrj7GV/srcuQzABw==
ELWnIYH8Sb8=
49S01oRXFwM=
Cda+VWIYbxmXLfXUmAFEcA==
NxV+IT1TOx9PQppru0ukvg==
b1Uo46y+C8xxxq5v1z2Lig==
j0/JJ1mH23Y=
7PQuJE1dFgU=
ZWS38p69dYk=
awQgvtDfv78=
5BS6qLRlLV1EXf6TXCCfGQ==
IvEIPo/eLCJOM/jkew1ruw==
B8zH+fRIjB4=
PXCoGl0MQRw=
U1Hj/iKPR0U=
tKJGPNdGzBw=
5SwrHn/7bKE=
hhr+vnY5+xc=
oGwb4wS1Aho=
saIoZ4qwj4A=
B3zUb5be+N8=
rMHKW14BRF8=
M8Yq5LF9nmo=
nyh3tBuW4Ow=
Dua90cavrSk=
cXUSCSFbjFxf9DvWeT0zUg==
v19kff6olbg=
My93LJUyBWM=
NPxSmYcUmCU=
r3u1CbC0jAA=
UUOt57CemnA=
i3iJ5S1lzE4=
fdblpDgTV+A=
0nbKpJoMbQb1n73R2c8cAQ==
r9ZBl4kOZSU=
Sb+1mSizSyg=
JraglpSOlz0=
6DdO7RVhenU=
Dq2MbD3Rn24j+YNNhMk5pQ==
7/c1wnOcR2c=
1J4cS4vrzjc=
kd4T4XfxWLY=
D4e3p1p4cBc=
Ty3R9sOLLqZGEtwVg4uAAg==
ZWAMYVgNNog=
olZfsWXW94c=
kiMB/jl3ywA=
ib2tGIPB1mY=
AEFMHqMrFhM=
CxbeZicgzq4=
OdHbweiEVFw=
+TsSi5WiIfw=
8N1IRod00rY=
ZuVGu1XBaeMP3fSnj7AsTw==
xQ2NomfcxBY=
Ksbt4s3ZshA=
BmdbJYGZqsfMthr7ntABsg==
ofLpdZWa2yQ=
ZPX8lgO58yY=
uJtUKvC4gjw=
tit5y9UgZFxUL+p89FVdEg==
9BDHclsLKEU=
NKkOGgwZf+E=
MWr0xsCIiYaINgz2lRM3eg==
CIj4qElPII4=
T7twyurBNKY=
skjs37PrNXA=
HqGA/yJWmcs=
d4xL4SBhcsyIJHq+0dkgeQ==
vNLTO1+8A80=
nyQwQt04oQ4=
zqJhfxyAoGrm8vQwDPv8gg==
6woE+iipuaE=
QYteLkPPEqF5feXs9c24hw==
yHcySQvX9Cc=
JJo/IxzSUd0=
1J21cObRDtY=
3J8hiqH2GM8=
18aNAh2T/qwjerlw6IvORQ==
PmNcZ+43yTw=
Vb1utOWQiXw=
F4gtNTXkPBc=
WtwJo3lOhrs=
V8AhB9YbHA5uv69OLXhsVg==
RPdci1/2Fp0h1POPhSAU2Q==
qcBuAkxpiXs=
tPoFEPW+cJo=
3Q3AlLy6Xi4=
1rb0KmFwMmdy1H80Oxul2w==
PhcffTTK+Zn4WrZkW9C1aw==
uOFnQQiVqQM=
G+AblxqYxpk=
YVTzxUH8lfY=
7zXdW112GeA=
uhdfcwULg9H8Q1tPigdBFQ==
CGuCM54mMc8=
0EXFIKf2kQc=
+WRUV0Y9xaYylBExFK6uJw==
aaiHsOEwLZg=
OSGqsPUHoMg=
omLxKvY4FL4=
vCwgMisCq9T6utQ/oySJ+g==
2bf5AdcWD5s=
sN+WNe+numM=
iS+bnFZfpC0=
HHhrrLvjhXQ=
MIqnwh79IJ4=
4AY3FO/tPdc=
ovQREKE7EcI=
DJPZgtNIiC2srsMiDzjOAg==
X/4babi/T+o=
IbHFIvOT7p8=
wbvhuVav6jg=
Z3J7MzAcAp7YvCt/47qDOg==
CjYnUkd7LjGPmwx/x13WGw==
f4XdsUPnUx/uUZYvaTJ8WQ==
xLZgXf0IwnE=
h21iAYp/A2s=
nhYHGn7QTFzsTJHAoOxhFA==
qLQa8UiURQePLfkTVr0naA==
RJmm27iye7Q=
D3xQ1rD2IWY=
eti1j0nleoE=
cZ14PcHcPD0=
Iwm5UZMt8KI=
pCIatEEXdEk=
oGMgAhN2v9w=
pVezAYH1zkk=
mRen1nDOGSU=
gPeorBeVF4PbS9j/n8LVqQ==
LhNFN/gK0XU=
Lm0VQ4ou3sQ=
9ITH/SVSA4VmG3yeM/4h0A==
m3z/V9FCPcs=
bBsbEQqT7dw=
XDCTGAk1oVHrPAeaf9DCEQ==
7l4xITCbLPU=
zejQbIHul/xFTtsGg9tZMg==
zejQbIHul/wqAIJehadOdw==
xm7ivYVc58A=
F8+CNZ7iN7j+SUdrXtkpuQ==
YISDTxVxvIA=
0PWnztto69A=
HHkPmRIeRvw=
Ts322Ht0zQ4=
I/svo+KtbKNsjJejheuckg==
cNUhZd7OBfoaRQXS2EgkVg==
mph/z3T0oZU9ynvvowlZaA==
bqLNr1cPte3h6qK0n+JWwQ==
bqLNr1cPte1Aw2/a9iABSQ==
lcxzWKSebyc=
dqSYM8lvp8s=
sBCwJxI3eFj4ECiNtZnzEQ==
IlI1YwH7fTA=
oRjl1eSJts7KEBJLul+Upw==
/X4GnsiZPbw=
1DiebA5hi684QE8NjxCbXQ==
z8YdCidDPD/HXCFGZXZaEw==
QPZSPJkRH4s=
dOyKn3IYjCI=
6RFN8gZqzkk=
nB92IeJqrkM=
7+c20pMqPWLWUPo9IWZNlg==
9S3A9PHcWHU=
3Z8y6eaSaFA=
9cSPwde+uOw=
hRZyaYpiQxbomCxmrYdFnA==
+uBn3qgbg2Wz1vvjZqcoKg==
DHt/VIvdAPU=
DT8Q5NanP+7fH5JHrchZjg==
YVKln0XMyWQ=
6KJAS0eSIPk=
/LK+rIMRm1z5vAtisJplLg==
0elht8S1x6wLW6c+dUGTBQ==
TRhu3Jt8nBA=
4H/fYdOSzzQ=
zHfRwruQBFRIsUWd1JgKnA==
cqMLxQKSa2g=
T6u3bGoc7Hw=
qJx5lHGvPkhoBfpEHeHd6g==
8eyliLfeB2k=
8iKq6eOPSgRU4wsRaXdF8A==
IRplrymqVU8=
d/q0tziuG1mHggDeTXvfOQ==
BZuvfWBq4PM=
81RNHM3nGqN5YrlC/5sVMQ==
tyBsHz2Mg8g=
0d3f7Bd2iWY=
SKjnCoBxbhc=
PdbOYzo7fnc=
Y8/BCoI3D7s=
dYU8EnTq//8=
95z2JYFEabg=
43uaYj9yh1c=
FAUtchhaUI4=
faIIQFoSP6a0zq2uPXDT8w==
rHAzrrmpCSM=
Yr7VWQwJpTvLZ69eRjw8EA==
HLXkSaAOt6w=
ytoXvV4pf9w=
sW7FYjdv65I=
17W2ME3vEIM=
+crnHsPYbqo=
qIRopmjLIvo=
J8pebV4npKTe9Cl+gsVAZw==
je3743offy9raN7kcJG+SA==
xsIMk8sKImE=
BVZQvE+wi/M=
XG4S2d7g1ZI=
LJtr3J/pXAAbHD8uQlSRxg==
P30bWxDU8B2k4j8mLznO/g==
P30bWxDU8B1aHxaItPrllQ==
u+qYAlq+638=
sI6pl9IkQA36b9vjbTzbZA==
KO3MLhm3RBc=
PWf9wnZUq4pON6nKgrsy1Q==
JoZNa1m3FtMa9uaFKEooHg==
tIg65BborWQxt4cdDZakFA==
7Dta572P1zI=
JftEAJAmVqQ=
Q0vTlU1Xr9U=
mm3Ll3G8UYA=
h8zpY6TJAkc=
Cy6RSYoiywm7Ve3twuOJog==
8euxIfrpcUs=
PnuvEsEl1b4=
2khZzGt+pkY=
ZiYphF1BJ1M=
emq3eRoPxrI=
4xio0FBKxh8=
mQZ8dO+Aq8Y=
3Q4N2sVFbOM=
Mu/H4zI9zcI=
k5wnk10Gq/A=
nUCC+3J49hc=
kDsmf0wDDMU=
JR+hAVkSiRk=
znz+MYNLvqo=
H5p9sFkFzmU=
OHUgNV6OiCqBCqqr0L0bzQ==
R+KRKRSgFc8=
rVOehD0ytvLddrUauSKqkw==
vsPOr3flvDo=
ZcBTUp9csq5qmFteS7Ro+g==
MPkg3bvpzSw=
qfyMJUEO9x4=
rMRgkTnehvk=
Tbg7h03g4+o=
BQz0+ngDlfUsTs6E3Bu/UQ==
fg4x2VVYV+8=
Y9/f9aWIf4E=
c/olXbz8DlY=
O0qvsXZsq7s=
HPrMULhWKc8=
j1yAQ3kZRuU=
PMp4qFI+3Zs=
kqRee5UPRXE=
1uQi3yDLvIRM5S0rKyiDmw==
+FWmcMGI43U=
TXbEGcoX5KQEWTJl/YmHSA==
0WjmugJUB7I=
HRGkoFupp0c=
juWlbiPf1jI=
r/2vgG6Icck=
N+VbfW0YteU=
OQg5kJg99EAn4eVBb9yY4A==
QKbRJSbwf1dh18r2bzvrrg==
k+iZr1x+nfs=
wSNKntE4fCt8zFD25crenw==
k/6itN5VgU0=
0WgvHLlplNA=
gN5Stlw8qHk=
76C0r3kPilA=
AgHm1Zi4Irg=
GsiB4ML0pqk=
v9yjtpIikPQcKhSpkEgkMg==
J26YR+dqoWI=
s/Wla2z+m2E=
OGPg4wWMmqSbZkZvSKEQ6g==
UCCX+0i8zRw=
G+133HlpdLA=
JohM3hxn65Q=
hwKKUATtwqE=
SSb2rgSUtnVYYI1yueRz9g==
jN/Ycqx/VmI=
41Gnl8UDfN4=
nieCAEg0b/s=
Z2OmDKtNhL0=
EK+JEMGgv4ypXDd7hp30nQ==
W8ssHjkyPWUFfj0ZpKcXvQ==
OD3A1u23IYc=
IRgz4YyZ1YA=
r0BavpvxUHk=
aDwFmvFzxOs=
lm29cQGMz6piW5RUjkIoJA==
CAbO+zJnrZM=
wgdV3IfPaQwIL4JnQdPPng==
0UoA8CaChF4=
tmD8eRWkKP4=
yTdDhhq+5MMgz15D80WWuw==
tfYWUl+qlUw=
OA5h4ZgWPxhkbWAkxu8JGg==
+wKPNLKJGlo=
Z10y+/HNUP4=
LRG9ob5S6V4=
nUVumUasmZbLcqXLTRUzUw==
nzbm/HIxGx8=
c5O5ztoqNSY=
THu7Vn3pH7g=
hgFEmwBKYFY=
b8mvMgKK1IU=
M3QVY5b4B30=
rXrkhULfm34=
L/3VD3GlhUg=
ruzbyW/YwKE=
rnekfvegcCQ=
kg7+RqKkqIE=
CwEQ2Th5zoU=
lh/RWeVzuOk=
MivWgtKbB8I=
+uOfZHXVd0Y=
qO+63tmdFuY=
vSc/GNualwY=
tw2/sjrsWa4=
ygzeBwJFBLk=
9FEzqrW5L4U=
vI+jJ6rN/07TrcsWo5uyqA==
cw0mc6VutPdMLcUkmCwghA==
ErHRxgyXV/M=
FQFT40ui5R0=
vdnZaXf5YDqulwtS6ldpRg==
Cmo80zTKFUg=
gnA2A4X/Ezo=
fRmGw4Leb90=
vkblixPIN0o=
DzxYqEmdKSI=
ohiFoQ+BHhs=
Ov3Kg2RBWvM=
IJLuqOmmi7wq4NuWLqZ4Lw==
bnJHO71oqO3D92vA52nS9A==
41LKQKhG5HQ=
K5GfoieacUMXT6eGCL03mg==
NP5oTSh+MVM=
pk//fUg+k2w=
XAnu3dvYVbQNcqdfirLDHg==
rGwX1LAOops=
k4zU8mCjJ9M=
R/KAAb0ryS4=
CyDBMQWo+Y0=
sBFx/Ij4EYc=
q2RhmCYTri8=
lM4CkKFdWjevhWt/TqJRgg==
vE2QCgXoZL8=
35SjXLoydw0=
HDArEG1X+MzY+/DCHmm64g==
PU4RLGvlb7U=
C26RMmnmRyw=
4W8SvrfuJQc=
A/gLYwtSjYw=
7f1QAchStUA=
mjFLVRIeg2uUR0ePgAUZbg==
Rp67+kzr02o=
/3NgjPQWJLU=
V+VyyDtfwyQ=
Cthcx1ek6gk=
znDDqwZbyec=
feNc8MT5TxE=
LxBsTNlLTIO34yNa9jeB9A==
pNUc7bjcVb4=
9+EHFrEN5pTdy23lA9H5UQ==
za8OrvEfZy0=
e23/cRUK8TQ=
lOdOy3utBfQ=
j4DNlABBq1k=
1/2oH8Np4zE=
bKhD7GgdbH0=
Sn1FUTOrDt0j4HGYzI3iLA==
Vj89bzFVlm0=
DOhXSyrinq0tU2m8pSzb/A==
/Ug00hg1J+k=
9xSll3cUrdg=
UdY30fxom+s=
C6EjHkOI/PU=
rJfVa6sf02YYOIj8C05U2A==
Zlz7JYvUBxU=
qHhrWglVyxw=
UPl013iRU76ROM2ozIL9/A==
9gX11utQP6A=
nH8zTatp4DA=
c8jnB/hPBaPaGpyikxrEMw==
HWmiST0w2+oVGyAbGgny8A==
1cuC/2yi4Lg=
GZAbOdDKRQE=
Isgp+tk5EFk5/r0KF+oDiA==
kwZoIiIObK4=
BvzSU48OvZgMjTIJPhF2FQ==
HPa4HaTTPMEbjaLptEmexw==
9QtJ5cQGfIM=
0Cr9YK6s7yM=
IU5TelDbZ6ixATkLAC6h9Q==
XVVshQHmMLc=
FKhvjV8Tc6o=
EjWoGYWlR2U=
MWKpQ3Dr56A=
r1b0Tef+liY=
b9glQhm9XTU=
ITeiZ/UGjDc=
aFnm//1cn6E4ygUKZUPxRw==
mFTQjK7WDzc=
3GKEGoRRo2g=
4dvZtswfius=
AEHPKHzE0XD9S7ov+PAPMw==
9H0dfrdeRH0=
L579JRvgZ7E=
MiRKq55Ab1s=
mnLv3DKts66dT/jGmJC7CA==
bfGbqkSyLV9A1pS/RBdrvw==
nWHqsec6yup3bUGLcxjYig==
9OLh+3QQVwU=
SJ3GTZN7WJc=
tUlDjSzv5As=
XSWqi9DbX98=
kFErE6OXnXA=
lIWSFHFA+HY=
kbEaV/oaQG+PZenzo8sNBw==
NsiDigimj1I=
iLOhxSmD6Sg=
PPqQlLTCRvY=
osyGGZ9/yRBqjlRrJEa02Q==
vLNzqGmWBYE=
JZaZAZwdnHX7w0YuKMsrKg==
mY3NLjqKRMI=
J6rNU8+gKVE=
Vu61DH3zRT0=
4x5Vlkd+WBY=
PbBMteHM/rs=
lVGxT2ItCCLzWbdImUaOUw==
/S1DecH+QuWcGKxybFwGwQ==
csHnF2Bo3kHp/oUkj+y4KA==
XUFnzjZqxebZwNxu0ktlUg==
XUFnzjZqxebZdR7tySZB6w==
9qCD1nfMw6I=
6Ohqn/yTvaw=
QUWTVf3LVd8=
Ak0X/uS6rHg=
uMpyFqwHRec=
USctC5ufDgw=
S2w3Ja1nVXByzOyrqooh8w==
UqRyytQPNt0=
co5JZPyHmyA=
VbFaRNPm/BQ=
qSh6GB85Il0PJjLTHslsrw==
IoX9sjhdDFQ=
lAiIuTPPSabq/GKoplWsow==
5FiUpUMWlAJIgCUBKhPj+g==
IDYRZn3uFsI=
DyGmEWp1eRM=
ESQwOQJ8wNM=
cUE1e0iy+YA=
w/Gfk0manferL7lq8iSVGw==
NSNKFFe0ueU=
mJ+/YzSx8A8=
vf2nMc4QuN0=
ztssIrt+K7A=
WQsF7Nt8XFk=
qesjzWBYQyM=
L75AiukadhUGsmOVCWKWmQ==
mS3/cayuYto=
dLQIvDJg/AU=
ItErfdxF9ww=
TX6qLDuEuDRP4L6n4S1wWA==
/TsQP5v0Ql8=
A8oKKfNOqps=
S00OcdLc19k=
lm1DnY55P1M=
ZWRz3SOxfyE=
v1JI2bUq/K2HFHp/T3fkKw==
wSPLXqWm9OE=
+hQ0uK5kwIXsB/OrHeOOfw==
uEP8/EP2nsluE8ATDWwRBw==
O/E2rCjGCLYGzpicLKdF9Q==
p+qe+vlXD38=
tZxW29YSDkE=
onnIr8Fttwc=
hPYfn+SEuuJJ2zBMjfQofA==
WbUKhIUfQkQ=
4UQBrVqgfoM=
xjloCl3b3BPCJdjT6/PS4Q==
1M/Q/MqVtRb4L4t/KUNvwA==
FGZP9Zb+ReE=
e+yR5AcMd/c=
g1O4xheu+TA=
/iieEJRAo/I=
nVi0j40VmeU=
zv13tbSXX18=
e1TedGVp422/tuwUF1yU1w==
JgJ2onrq+VU=
in0Dsy4neTE=
p6qtZoXSwiU=
1bs0IzyyUAU=
0Ub+9SZrkrAIS2MGWaK2Yg==
Z3/h/xSxPXg=
/hGZ0v2sNJE=
T576h7NJmpw=
FM85CMmFvCM=
xAU6FXYgTkE=
3lLYssKr2hI=
Ryu2ciyN+30=
pU9vnvpA68Y=
DhfMaRw+4v7d56k27/scKw==
lEmvKjpqk0k=
83gdsviCQ38=
sXEb1YjRQtE=
nMJQ/6h6D2o=
I2tq7sgb7nk=
0jfFO6y4Lw4=
5CxUGklJ2m0=
jrZCEpgHgkY=
IuF2lcc8muU=
yCXPpr09JC8=
VpUIS8vGaYk=
ERTEy7gR06Y=
4wivZQ4HNpM=
tSnM9YUntNA=
qzwcxJs5Rbw=
HwM2a2bViAk=
69+5oN6UICM=
7Bx4OC44+bs=
1fsZN/Sqc64=
sVbd5voZF+s=
2q/EuJQSWSw=
0xbXqQ49UhA=
QqGDMsXl9FGWAEikowiWzQ==
lzi3M8LH+bQ=
21+qo88S/OE=
GiG5Q2GAY4g=
fS5m4amDgas=
Ej1Ja1z4iwE=
/6qRcAU93Hk=
0aHR0puE/jc=
Iy1tNUVWUAg=
Btj+tDcDRhI=
y6jgoINvmwI=
ijVSpuAC9Ns=
QKsdjhw2WeI=
Va2M1SE7t/g=
tkNzF2c6hjs=
iePay67/JjU=
ODTTb4pQlxA=
xlP6feBFD/0=
aqzMD/xSDOo=
i8gexHLwUkY=
5i6QN4BrWmI=
R2O9ToTa7TMf9mLAA83/6w==
5tJZjTmXqrA=
UY6hC/o/28K7yJbc5uJ7Iw==
OhME7Z+DHf1YAIIlDjtZNA==
qqLGflmGu8hIP9Fl3d2oFw==
TVQmZ1RKDP8=
QBr6E7l5Sf0=
69Df+ZkWlDg=
C1sVz/9mXkk=
diRlz69TGbQhHgSLPbAglA==
Gg/OxwSiYYE=
DM/wBB3gPXNZ26QceQJufQ==
VG5vj/iuE8M=
sbmz8aTdqt0=
NBYBwgKPPJ9+uwKHkGSJcQ==
wd7Vr4XMlgA=
1EHUE3eSg5I=
WZixn0hl4O8=
CCT4ZZRY5dc=
E7DetucXAXM=
EPYhSm5MWqk=
zDGbpbHijhE=
B1LJaucJkP8=
/LYYXiT42dw=
I6DOwdYZ3Dc=
lJTswtdA3Rg=
7f9B6TGriyI=
m0cBxAK1Urc=
E3WVtJrs1zk=
7rgDao2VgC4=
onj/hQLC90Q=
IJ/DNZDAK9JpIjcg23pbZw==
l264+zaKGg0=
S4x/HqoO1Zg=
qzUKlJ1CqkQ=
keM4CBdD2Q4=
NH2IDPZ3IUaSyHVxBSInZQ==
l4YeMBa0lH8=
uXCnoIrqGdLIwiNz9O4PyA==
UuDQV1uzTux1vlqVm7zEZw==
L5nb7YbZDSU=
A2oeHpw+Mfc=
CXYlEPdnkvA=
EQ5sSXDQ9hI=
KxzQ7vfJex8=
mFs4dBJuC4C/LYZ9iBRTkA==
Njj+IOaTqvE=
ieQROvVV6Mo=
zAYr0MAFLBwh1HqCbT1XZA==
L18hUmutiys=
dT9Pf8hGvIA=
jY4+qm106ZU=
3u07QZCYDYM=
rpdtkWNI3WA=
Erg8owS2/V0=
gQmiaQpKGYM=
u/GWvMvsesmJAjLxUECHEQ==
wZUOKvFfy8k=
QwbuvlIGzTU=
cymEjSDFdhs5yGPOCr/HZw==
FBddRgD69zo=
BhmkgNS2LaE=
txHnGxz6rc/9rYK/sOzi+A==
eMgKeZFgevE=
TXtScbQOTUT4UO+4KuQIGw==
8nOyKIaMjJg=
vgYSWfLfTOmyR9j8TPrReQ==
69nkLFlABi0=
ZavXXO3ahfU=
bzrS60cKl+4=
+e4nrHareoo=
du9mz8p5D5o=
Cm8hiLFLtIA=
NlOiCk6a7VrAuWD/hLBwig==
lKeh32NbVz/XBLGDSX3v3Q==
9tk2QXYs3bQ=
GwAWMoRuqY0=
lZQDlSZLhy4=
cgDTVetlnnw=
K58lUxliUT8=
yFQ5ApUnI+2Jx6K++XMJqQ==
msyz3qID08vXdkFQSEgvOA==
T8sAQDPWSkY=
nNUzl401fxE=
NtqaKNfHBoM=
vzDvCpn1pN076GMs8mW0xw==
7C+mCpqhI3GVjy58MmiwwQ==
/IhIYvF2ovQRbmAg1Mtgyw==
PX0MZ3v7luSQshmJUErYjQ==
g4W0j5wAIiFMRJmIwR9D6Q==
Jt70QhQRK4T/d7pMeYLqKQ==
NBPLoCAw5NmTn32xbogf3Q==
H3JqQOtffXQzguyZujYulA==
F9iXAzmtsnk=
Xdon0LYVWvs=
jLRvjRQVmsuSBF0iQnLMNA==
DqgdhT2wwcy/DMKBTqiXfQ==
Ol/Um2ZJvt4=
uJoRWvPu+sU=
mhG6PBUFsaw=
2funMBPF2hcn0GLIN6N8dQ==
2funMBPF2hd7XiO0YQ52bg==
2funMBPF2hfu6Dtz/xPC5A==
9I1QZQ2lt+Bm+vs91urKLQ==
L1qFH3MCGRfCtynjoNhyxg==
1OvWcHULPzw=
Mbs4vdKp5k0=
EdP+nILTnj8=
ty+XBXPvqb+9QIxuviCEyQ==
DgS4LEwDAUM=
4E42K/XMOnA=
/K6LZMzXV4A8SCJqoMaGGg==
piN2FFvZmEc=
rewZuDGTWXY=
Jmg2mbpBAy8=
xJxxPOAe5jb4C2vgdKrqeQ==
ESycKrL4EeT0VVrLGJWecw==
Pvsig08z7vo=
64NTYwBA/a8=
6yBhQUQNfR4o8LIJnTJdvg==
KiLezV946E8=
SfsmDgzjMXo=
MNgwkHXJrjvJLR+Zsn4REQ==
8fGLIerGpxzuxgOw0lUHcw==
5YGD48Aj4PsmTydIk+XAgA==
460KnNb54WI=
2MJiO2VHG00=
yekNBC9wnu8=
5LPrf5gHQ4s=
huOSwj9++Io=
ucDoDcacc1Y=
TfSeyuXIPy4=
yLuEU7JArLU=
VKPAs0ie6xaWJRpYpjO3+A==
jsXT0cozcI0=
TXwbzyG4iJ4=
CLlsn9YDMB7O0kHWSF1d1Q==
kDae7eNJGj4=
IKRswoJhclUj15hYi3fR1A==
x9sbx6S3K1hi0X90IH8yZA==
WUcdZBrf9Gg=
y9R2HTfPabv9eNKgorjshA==
8GfG5p7BK3L3pYSAwDbKmw==
Fvb5vNYvtXA=
OJaLlCG2PEf/mhtmCyaMcg==
M0T1sCixQS8=
M50Vbkah6cI=
OIt22BeK/IE=
cPUHqbfQVzI=
n9J6oUUet5U=
mGcBKRjIrnw=
w8xPXk2NDt4=
DAnFfuu9Zeo=
FcFtn+TgFRU=
9BQhZ0M7mP8=
6NaLqIC60g0=
8fy2wCxdV2lcp1atnxGeEQ==
FPnHVvp1Mno=
ThgWw0IBz14=
E05zI1jmrMLKgxXYJW+sOg==
BOsBRDmQvrI=
InakfPsn+Tk=
X0BUbjFuGLY=
A4P5LorqJG8=
9St9dIBqtG2lnPVK/cP+Bw==
zAfMyzZ1OSI=
L2k0X/y/MvM=
dFI1YNM/IzE=
VV+sC6q0Tgo=
Qm+Ihjn5ku0=
o7arekQ2Rk8=
VfYCIQACiuI=
ePsaC/ZnGyo=
kQaSrFm6taE=
/Gg4cg6AFgl1nXjbd6x5SQ==
liJkEAxEbhicz/QBD/Nuvg==
oqRms2tTOEo=
T6Yq+PFtscc=
oiEIeGn4YZJxYw4EsHtD8A==
x+Qy11fcRdE=
FFU3SR7xOno=
mBuwpHOIuWI=
abqDnrhS8FEtI2+G/GLqGg==
w/dpohsLuT8=
5jzzKN2vDjM=
VwdXaX5sKX8=
b0FocMTDYfk=
5qbsFtBds6k=
+06IY3/mPOs=
q4zZ/pJjK9RpxL0b95j6ig==
q4zZ/pJjK9QuioAij5Yj/g==
q4zZ/pJjK9RtFPYa3p7Bdw==
0gfp3mF+Kyf+fFNpVokU7A==
00dqfOfLfSzzOHeMKw47Fw==
+b1DrqcEiWS+zAoetqXkVw==
yMSpY+UDchw=
fPHUOrPVNxiBBsNzDN/wXA==
sjbHY8tJ78E=
42vbQ82qe00=
3AWRUSUL5yg=
ilcbWQEbB9l4P0Iprh2uWA==
F2SdywpTwfI=
TL26+Srdm9kd9ZjhgDVjtg==
Vqg6gc8xQqg=
8HChTQLfDjZzoUgsTpH0Dg==
NA1YwxUR8YKBi289kU+Syg==
NA1YwxUR8YJTtw9R3zCyVA==
OFUmnBAnF9QC/uxMhWxjfA==
q8nmqSuM8oU=
jKrFtI2MPOM=
a3ZPAE/KbpI=
i+GZ/shCzuA=
hlBMVNty3sxPDmlF9qXo+g==
oMlipwR2pELuJKcQOaeIBA==
A9EMu2GpQ2lBHzaxVHeaEA==
CoY8f95b18wS6hRTm4vzKg==
QLR4kWL9ckdhzTeAeC/diA==
ATO3Z4rxwzc=
hvwS2Z4gwkE=
FawV/OXe07uJH+ubbJkNfA==
+94DffA314VI0fYTHIuzdA==
dZ+QdYXj/Sot9J7JhKRP+A==
wj6Z3x0w4XQ=
jXQb1+xnbHc=
zKKctcwBoQs=
iWByjhRF7f/gSp47jPLlBw==
avhRj/Br3rjZIHdYB74S+Q==
n+iAuSHMnNY=
PCK+kV0MDpo=
vVsjT5Zj85Y=
AY3sWZfmx0fC2LEshmW9eg==
KNd6levQwrYihEQMD2d+fA==
Hrd+XSzV2Rw=
fY/i+RAemFmSfISHOuUb6g==
dvWoAEC2MXlo0PFLvWEEmw==
haAZg/+m9cI=
Yq5OpkRc/Ec=
jtpInClGJ30=
wwfMbmiXbMop+6G5oC8yug==
rbrVvj5iVlM=
lY7+QYzcvGM=
fp7kdYPD6OM=
yOdPmjPVoOY=
/KHFOlS5egU=
bQcNPi+9YE0=
AZ9T9pxF1ChleeBjZquS1w==
4npHbe24ZG4=
uh9jK0w408E=
r+/Ec/1LM/U=
8rg7uRVl0jrXEioczV8XdQ==
qms60pniSdg=
Mku/Ufbi5MZLWCYNSVtjXQ==
i3gI4hOJtoA=
9eshWpqY6OKMUQkcQY46xw==
hke7GDMz/9FNUQ7Cf5zNVA==
uOQ/Sgelo6PZHEduBSeiKg==
ncKlzUKvxfW5V/BIRorFcA==
zZYtx3lyjA7+WnYYrYQSYg==
vtHLtalWjTo=
Q+w/MiNTB5U=
pPDy6fi/W+k=
lQb12YdGT0Y=
5Ho56qoHDWo=
VUucYRvqf6I=
iSaV2o/n0yhKxrNHcur1HA==
nh/nfeSnV/0=
ysgTPxrfI5A=
VvAba10ZG/HhJNdTbOW5/w==
sW3n2XoPZhs=
WAzgKQds+co=
dBzAGVnmUNA=
n1pOSBKgWxU=
h6KxCVeGqvk=
Q0kelOVgvq+cnHkwmIZ3Sw==
sftyr41uza+/zQ0CpuYmeg==
NVwBVPZHT+M=
Zx07datPCA+bj5D+JAq0zg==
0r9637FF9s8EUGWqUuAouQ==
6Pv3FfrTdpMKO0Cx3QvBGA==
NWfxzCkOeUA=
kCqBnNTwzPCzg1WVa2OBWg==
ViRsBJY+BqX8hWzn+gPx9w==
6qVjpcg70TkEa6hty+IRww==
VukJEzwI03w=
fQbmNxKebrc=
qlVyUXZGZIHru46qTQLqyg==
qlVyUXZGZIH5O9WFAUnVOA==
gArSJDjPNhk=
gu+5swdOUm6XCCs3/6uT1A==
FUIISDOe1zQ=
iJTympP4RXY=
52dtArdihME=
rAGhTXHLodo=
DQxG/2pQKsg=
Afzu1N7U4VGRw+gjmMCxMA==
R1qSyzcS2zk=
x6McEeoId3s=
BRIH3yeZpyfQ5YnN5qxkJQ==
PXk0NBK22do=
Uc9zP9lutWA=
F20dOC4QZbg=
Hmq9GiJUTC8=
Rr3yvQpBaB0=
PkE+PBo4RPw=
+6FOn1oUmC0WAoR/38YupQ==
BS5Ub2POGJ0=
aLhrxw0pWb8=
IQXHqo5YRyc=
aWMqGLve8DU=
mGWD2LkD3czrD4w83HCoOw==
S1PSX+SNkzwZR10BwSbSeg==
/bxAUAjCkqI=
gMeAE7yXra4=
IjeKKNtNKh0=
8/F0KX4ttSc=
wg5ULBnmDHYcl/JFUyBiQw==
RxEcufxk95k=
l3SV2WFesKg=
mYfwO3ownzJuDZ4On/5cVg==
cL1ILCgMN0A=
HB+D6sbp5tA=
ygGqj5Zd/uVaDEK0FH4NTA==
pBzpL+5orSU=
D6M4u8m7JV8GyrMJgcyBWA==
duBuWnW5bbE=
6wnrgbV9XEI=
GsbyWlcWTtQ=
jO35a2DEZcY=
cia6mqk9QK72Iabx0gtyWw==
+NVPCSYBgrFNX7yYd+cjHQ==
64Dflo5j7Qc=
0y4OzxKJY/E=
I5bJfUSZcWgD5+/gT6Ne6w==
i3p28yeb9N8=
oIVPdb6BmDXY5s5wSE1QEw==
gF09xu6uMOTPqbEzqBxISQ==
Tnq2tL0VTio=
Dj/jgwkWufFVonZDr0WL+A==
Vy2KX8fYA08L4B+wyYtWHg==
Gp/dAGmPAfUrp1bFNnryxg==
Fpu61nvmBhI=
iE8OWgrGVT8=
h7difaXZpEY=
lxfDlFApQK0=
J1QGd0y+TDG5YYoAfgmOVg==
lyr1usKLeTkN/ZQ0G92JZg==
kEfhhAv0OmU=
X4iSKfov3Uf+KDstqkCmfA==
W2MXTo4lfZU=
Pbtfd/ddbAk=
ycwblYIVqHKYDDOGxdkGMA==
2g9YoxLozbo=
dIXFVp0+vNs=
0IR4iNuH/sI=
bPHkZ0VdABY=
2moWv6GV2yZYOJenoGmrPg==
NnnJkcxEAP8=
SH35TBh1IGsRQcGK1CgZug==
/IvI+t4JrwQ=
XTWpxUb3dOjlUvwtz2n+Yw==
j9LtUZvh1uU=
mO8ZHv3vTe0=
l/shskXX5LE=
08tDiqFpYoA=
2uAzVPLMps8=
SeegYPU1MdM=
kd2lDnXiEKWqvswOHQpMjQ==
Q9oTIrVVTP6FMpT5Xi3tNw==
NyeXAzELlLdQWUIy3dn/tQ==
im4cYO12/hc=
/84x2DDfF20=
RtzMqFZSrwo=
kjTWBTw/2i0=
OJM4Gb5cOKKmRQ1CjiykUw==
3aIMcQ3jWi4=
EB9HP+hY9cs=
BWdDKT7nBZc=
DxAG48YB+8g=
4g3RaSuD9Gw=
lgUq+5DLzZM=
Ny9DZth0fkk=
BXBwYkEj9Yg=
fUWX99Jr6l0=
p73+Ls1dsRQ=
B8ZPC96Ck+y12cZJelEmTg==
VL5rco+Yg1vvWbGFb//P6Q==
VEgpCGZ3kcY=
JgQMg/lXDdlg/wwCcomhWQ==
RFD3kicdZb4=
9CgoyhLNC9k=
UrNA2eW+1TAyBYEHGV/e+Q==
Ar2V7g7bjyQ0anrZQHVtSA==
yo7UyKOUGAItK4QTtITRYA==
MA+Ul+XJj1RqK7elGGgJ4A==
74KvZpvQXUk=
8poQqiXRyyo=
mnrdJ0r7CLo=
yMXeycagihw=
kEaTLD7lY2fgqWjM6kZCUQ==
KG0qlVIT+9iM9JIm8V2HWQ==
0dSQ2sg3eCz+SC/m4Nvdfw==
Djk7AgiDJ1gukCeyC8RrKg==
j2Zhy+6FVznu3B6l+qyQXg==
c/gn+idqI6c=
nUDa1eYlm74nZHhoZ1D/qQ==
w0Wljqe5t3I=
71eg64HgqL4=
Rdkyel8GGPg=
hL+P2IkTcXdi8pjIUaFnYg==
9iAf2vFlUdc9IMOvrJQu4A==
Ry6HHZqJmNC+7leQhiXSGQ==
QvTOoe5CTMc=
Ya4madtovR8=
8JkACOo1Sr8=
H4QE0nxECGs=
1wMM80zitjI=
IYAi5boKHPs=
LxMVJTglOsU=
4FxDeIKJa3Y=
lNtNOLBQRTfu6JRJbfJkWA==
QevEMjZOBv2kgAWYXaZ54Q==
IGyOj9pVJYwMvORnf+pGUw==
LdYNeRmMjL5KPnkHGtLh+Q==
XojYkPjIz8g=
dPJdDhaiQVc=
pXpFghnYgI1sUVjVEvXl5g==
YMnT0CNRQk4=
iABGGjIMyJU=
L/brnkxh350=
cvkRtMBwaUo=
WYNMNM8736M=
GXU+XTh4Qew=
elOyb7M5/3g=
dZkTdsfhJIQqNMvlsTs+sw==
j14URsHzcW0=
1QGBohKRzyU=
8cH5j6B5eOM=
0/c3Cdqed6g=
OBcJ6NuKkZ0=
Zr4XhgEFk8IgJokwkY2bqg==
ebenCtusR80=
n3s6YFZEUpY=
ZGAGPp1OV0E=
BxEcDMnSeLA=
co2dXZNLxPM=
QStlRERA2Lc=
C5/0Prhersc=
2dx1hwJPSLo=
AurpKFpQTdUGu6HMj5okXg==
eC+vme6UZDU=
BGTWkMKDQyJFVAZJl+7BKA==
d+y3qObJzl8=
8hhNHokZpMQ=
hWyTBHq6+f8/bSO5U91sAw==
BUdsN00lHOE=
bJI5StY64ILwNPVUWTFlpQ==
G9TaCBeQDVU=
Q5w9wLKKputbX7RjYzFEHw==
iKbF5bOWJD4=
a92iV0R7qA0=
uRAAL3rBaTE=
YcQGUHw7zK8=
oHnlK8FetvM=
INpJijw9/WJLeyssO5EWog==
4bp1y/jUA7c=
9oULYOBABcLFoIgoI3qIRA==
9oULYOBABcIdT/ZmO7P+Hg==
wp8kRLyuOfg=
75hbGJHFXQk=
Q/0y1D/sqxk=
txM3xoKixzYW0koSwg/4dw==
2opyZZCLR/8=
eAjza2cuAW4=
tctVvRGl/0U=
4YfRL61ZYas=
2t9DhI/rutI=
YqqMw6SU57s=
abW5lTEZp0eNl43vch2N+w==
P1tJ+ql1e00=
I2xxu8rCKEk=
MrM+pE/zszRXA6KM89EMFQ==
7y2QfGeLxIY=
OuU51ffStFQ=
PbMDuHmRMbg=
ZFeofLHrZ6c=
YvuEUcpu2Kc=
vHw1HdEkzFg=
gcZ62sijsDs=
b4kZc/kkUmbVxX6FnWnirQ==
G8oFKC658Vk=
yFG2QShqyUk=
edSTpHDdk8o=
m8twTS2uvTQ=
/Ul4cazXz5o=
xmuo1Yj5ZgU=
FrRaweDFXS4=
nNX/bAYgf7jWxdLl0L4y8A==
VT9Cjf8M5ww=
kzh47NgQrf6ct6o199KEng==
K2duz5+omzM=
WwlLuFcM/tY=
s1MqELM2Oo0uXL2qskacrA==
s1MqELM2Oo2GHewEU2Zecg==
Ou5KzfQParzaRBsSwqvfmQ==
wCv9Ct4fDlcAi8BvE4baiw==
KTkR6TYPXhkeWEl9714MQQ==
pSYC/sGlzhI=
p6xAbJnYppQ70N+WjlhC7g==
qpxdi1AyYFQ=
P5Wif1Pq7z6JRvs7eNH+7g==
P5Wif1Pq7z5fCFo5+ieKWA==
uX/2ueFAEsWEyYI7o0rHbg==
jiAmgKoix0wMOHggHLrecw==
lfmtI2gbGOc=
3nM5ROSDqg5rizirUGRgpQ==
wzwodezF2ebCQhpbVmopZw==
l3DinZk/7AiEoG3aVsgCpA==
iSKwNwNp+cmWGegmHf/opg==
TXVEz3ASjJEkfjS9iTWYuw==
x7KZK4jHy/Y=
LMhT+hOOIbI=
+HogEpn+wdE=
gkcP/M29B01pad/qxcjpMA==
gkcP/M29B01CJ4JOKbr8pA==
oPW/CUYiybI=
nbR4vl25QP0=
60YYn5x2YzZmMfpSqYoJAg==
iam51n/UVrjuYHtOhGxlww==
aRlw5x8PQS8z9/sP6upHCQ==
NhSe8W7MzkNbjuNsw+/rLA==
NhSe8W7MzkOiHX+R5CMbgg==
gh/8QiraR14=
mezswTyGQlo=
QORNVMxiGsk=
h2JNus3eH73KEUL0Eeei9g==
JqAxQNX9RWBt7DsM0rdykw==
gZouTlOzXr0=
ttpSlT54SqQ=
+xFJ91fPwuM=
/Y53DPCeraA=
h2GbypE6RlKtoqKNKhVepQ==
gC8CvWpSE/0=
+TFpSADr+7w=
vPj5GpIiLCc=
wAHwNRgrem0=
JhhLSKlBaYs=
jhYtaEDBjbo=
Fnp5C5vp44g=
wwW3IVGMSunVNWLW+2SuSw==
OPmhmkS64WA=
gWFYfn7TXIs=
6/sBR2yMW50=
B04WJLfmhKo=
RYMSxpZOGUI=
ocwMESdvDng=
lNdNYlQnl4U=
ncvZhtqdJWQ=
r/gNske0cS4=
BFNpMCAvNRMjQRGGZQH6cg==
Mz27vArmnBw=
JseB6nc9/vw=
qSvpDLrHv1Y=
84Bg/ah3eEA=
G1jNnkwvCTeV05IbInKLWw==
G1jNnkwvCTfZ9iRLnMi/Ag==
VUk1QhOZ/XI=
zn+Ykt9+OEc=
rkI0W0QA+NA=
XNE6sEdHkuo=
sh6iQD2XLkU=
vnPTDCDhG/0=
M02dyJXfQCQ=
z8iuZ8lMfIY=
jAfID9+6KMI=
ZqPpfCO3f5g=
LPoFNXFcEE+7xbtW9SJIrg==
OQ4d/smfWnlUseBj3HQxYg==
qlGvlavVahY=
vb8b4y2E5zM=
OVYXBWFRYBjzYP/etq9FsA==
6BsdKhecEzQ=
ePcmCtWmLeM=
m5/dPc+ino4=
TJKodSgEaBk=
yLsXW+JLqFQ=
9VVxgr3iasZ/6DZdoIy7Uw==
kJletcJ5H76/50FkqtZEYA==
uIfQq9pyR0o=
fCx9AX0zTys=
CfAi/u/Aobg=
AKrBKiHIb9g=
BrnckN1iodA=
GRLSN87NTsSlChMwfAxNkw==
Uwl/YUkizV0=
ho6lkg/LAok=
+QP6Kb0DqiM=
hvPyWBbhdTU=
Y91vgilEmXNwpVk3ya5LTw==
Y91vgilEmXPJBaZekL4FUg==
YVn6TDO+mF0=
stNHy61VvEs/qP6ikj1CBQ==
r/j12R6Oraw=
s1oyVjzczbzQS63tftWuWA==
9zxl7dIOTwd3tTI1uM06Jw==
9zxl7dIOTwfEfXLbtFaNjQ==
ZXZvyNZlC8+XQdXBJtUTVQ==
uN923DNqJ8E=
AAZsm6QVgqU=
L2KwzMOjEWunzwe8g9loeg==
HgBo6URu9DAKKy9cqnW2QA==
KoZi+E/OIZA=
HJsrWZDDhIA=
V3FgwBcPJagtDQESXpcypA==
aZF26/enO+Je7gdRWFQUlg==
bXyr8MjnMGlWVGmXfBHVdg==
eCn1iWCo2BI=
vqB2abQlcoE=
T1gKUnfgsYk=
q42MN7vlbBM=
Yl/mcQhLo4Y=
x2MGpTDRy1wNms/jE4b9sA==
yH+LQZ+WfAA=
GK0j5cI55Ls=
Pf84ZDaiDuw=
H2WqG7PqOkP8+t86wRt0AQ==
Iu5nbFmGKdK+W/EoNZ9/NQ==
Do/dp/fSk8c=
6QNJuuNhO3U=
n1w90xCQzFE=
NAPCidtu/Gg=
sl5N717qCzE=
wxhoYKVpSEA=
wUQVuIrvAQo=
v9inQBjtito=
kfIaH+tkwoQQKARderdUmw==
VWyI5V2txAOT4rVnqWRvZQ==
2PUlAF+fumw=
XuHSiNW76EA=
OjWRi0fjfDg=
1efE+KThUVM=
ejQJDmrkDNo=
rILCoR9qzF0=
XpMWhHQCFk8=
ELAr7Bh5NQs=
bDff6b91rGlO78BgUO+HIQ==
QqZRlJwii44=
RMFXSAR24RIv9h5sVKXRow==
eqz5w1fKTDN5tpJ/B7pMjA==
8Z1HvNz3hwPGPsFL4HfO7A==
OJ/X0DNiaPc=
ZFJ8i77H+z2qw2aghWXcUg==
4yz3CSJWu9c=
ycAeBj3ljVY=
gFmqdXZ/ITWOpWLhyirlUQ==
j7xotwqK96FO9oRxKiEfRw==
efakpOIJCwU=
Wm7mVenxNaQ=
a33e3LmdxOg=
6UStYxqsW5YK6aGTyWpNiw==
O0hIrvJsmx0yg2N/5fAVVA==
L7eu9yC83QSRZG7IL5OR4A==
TkWiyDcF3e6uq1xYPlouEA==
qWvqCqBoMUjc7abQfhaLWg==
WVU10k6bOzQ=
wI8tiS62MUjQdqQDy4mrYg==
Cs92MeFozT9VHn1VNCnAPQ==
Q0RmoVQsQPy+THlFLfJ6tw==
r7Rz1rLFg+o=
spF8sGRH9wo=
4HRxuGbyhMA=
Mv4aXuuUUvo=
K4Wx78wiQWk=
vHQs4xS/IDY=
J4DhX/Xj1ic=
Aut+krnAEE8=
38Ka4OWp9Ww=
5zujo+YzW3g=
RugpGNgRicrtxselgiC/6g==
pk4GLCh+fxQ=
VkzfCTSJqzr6hzuKmu5TWA==
//zxcDFMgs4=
lSNGKi6a9WU=
dbkBP3Dj/ck=
lteWG0Lu088=
K/09lZXW2xZDxjogFL77jw==
zmv4F3dE5zs=
ApPlYuuXzbM=
iXw79APJwQQ=
QZ2Fb+8DghA=
7HnVgmZs27PVPTeW14oMOQ==
f6qI+EkXYnywMHl//RBatw==
b/NR5DDXhsenbvAhRUxO2w==
iAYx4V/5JmnAGq7j7J/TOw==
XdLGcURliMQ=
9i9FGlS7UBEXOfMR6njH1A==
9i9FGlS7UBGAAPvFbubZ8A==
zoyw8iIbH5Y=
WonU4T3TUX4=
qpuOeXoLYyo=
F54sDLtIZlk=
owaXWAIwXm0=
UYXKg4RGw8N0BVNk7ly5ww==
UYXKg4RGw8N9ZACBAeVDKw==
CflDQ/gnBxk=
qu/D6tT6WkU=
xVz9irKVT8M=
6aqUOwaQbWM=
OYyWQOo34fBTKkVkGkw8ng==
kjYE7NTFW4w=
eeSaP8dU49NWJ4SUtwS4Kw==
7VJZK9Ts8Y4bu0FJh1s5NQ==
8l8LOSBn7Kg=
PCoNd+UD8F4=
hQZ8Kxb+4ew=
7siv6s0/xVpPRtM1vzvflA==
QbpKSqBoU3l2YTtmF6MI6w==
QbpKSqBoU3mTIMa9QVK7IQ==
lsLjqtNRPxI=
uV6jT6+X28olam/02QX7sw==
zZ9lDpBuZy8=
XTr7Wu0x9jD0DtSMnb1arQ==
g6kewHspF8Y=
CLBKDhbEruY=
5rI2mR/7OGWF7Xi/0J9+/A==
MZvJlSnxYg0=
9psSBO4Gncc=
no8VU50z1G0=
3ZpAQNYoF08=
Ccm0kIaYe/ZYQevM+siS6w==
2nOf+E/LYhQ=
oRSKsK+yKwA=
NFDq2hehfvA=
sRk39l/PbN4=
CSfcBuetj4U=
l6D/+09O3D0=
MG1CfhIEUQM=
LbTkYOzZFQc=
yst+O0KUsyQ=
bGdzCY9UYaU=
gkQWPCdVtSA=
EbsbVKRoeTY=
wTUBek8Y004=
/USkTs3apOSk5nkYohaThA==
H4PaSXsd8DQ=
N8f6iq5hxRc=
LgvqxgVkcVw=
MgY8yQyPCdT+EYkEzEnIWA==
yT0bLjA5TNg=
xICIf743Muw=
hpFfw6IchE1Hh0IdI/Nv1g==
gYMQu3orobw=
22J8lLQKZvE=
nnuwhRiKcCM=
FFgz0M/scbI=
V4fPgeF/SjI=
F0PvOPVTGrTLEb1HxTghTw==
F0PvOPVTGrTnG3c0rxDQfQ==
99CT0ZUIoi8=
0sk2WZEmwk0=
PUl76UBBLFY=
6ADO+tvDDMs=
O9y3W2kDjLI=
5uY0rn84Luc=
5jZC4Bc5W9pL7atvrjx13A==
tG6knPYzs2Y=
8K7ZAKRyctE=
l8XKXq+xhyGKDbX/O3xZcg==
hzBn4sgBg/3FOKzYjb5ZrQ==
kknstv2Og1c=
2O6eP5eW00w=
zPOBtOzThpw=
3y45JoozEuM=
pb0VigYG62Y=
3acunquddi8=
qgXUOlBlf7Q=
qadpTzMZ8eHHFV8xLeBfQg==
pGcPtAVR59o=
bxYML1HZ7HE=
etAgGLiYX2s=
vLD5hN/m+LQ=
SVAAwBAKi/14t11obGMjqg==
3u53wyzixQg=
ol6BNAntFMo=
+rRK48WkK5I=
nEpnjcKh0z8=
tWRFr20a/XEjMNLoBP5aCw==
Dv1PgIMfYUU=
uxbwnlxuky4qOYzD/+FrwQ==
cpuUugBOPkQ=
J3xb9HXfZgM=
Ik9L/D/x7nDG4ymBPqs1XQ==
l4q6bw++pZ4=
IqAPihkQ+Heyo42NCmsE3Q==
P8EDJ8uI5otNx9wKg/14Kw==
P8EDJ8uI5osKDZe/5nVwuGB25DwcCMUm
tLQ3Kx96LFuv/mD45YrDFA==
M4iijhD+D6Ndm85A/1zbjQ==
eL0pnNySCZj1kaxnYZ9a6Q==
mVL7Lir5oXU=
ub7Dbr82FXI=
bU4Y9CgvTyso2wzLYgGEgA==
piC32b9Cwxg1H77AX4BoLA==
n9jdGCplhIY=
n9seGCvXmF4=
51aXiIj9D5w=
jlG0cmJ0POs=
CTcVyW6ABCw=
5NFDlGofzn584YV1s7omXw==
IPBmRDo7mQAOcXFKcyjyOA==
VVHXMxYCPSxCsWqR2A/1zA==
6QUDApLd0Dg=
8fJyvFi5rZk=
aAWSEK7J7uk=
mQJuq6i8KwAjSQggTkb5ag==
Xy7SPsYcUAQ=
zK7HECegwRY=
y22aL+H4mqw=
mcSJEou0+Xw=
ASsdj+H4v9k=
OEM79SGeFgW4bEXwwIoqvg==
EKvNVI3B6WM=
h/KgqhEgHbY=
SThXtA+ixtI=
FMbVn9Dlfwg=
e9RKiaZbXU5UcLBcomv/7g==
PDtYKVPn2ck=
++4O9nfRz3o=
CDdUHMqFnfA=
qOzEWVW6dVw=
XT0c74TDXdk=
bvv8Rx0uwkY=
MwbCnJIXKsY=
xkZdLQJxkYM=
ouzBwvnOWPQ=
AVaURkr337U=
wNPfaKDAFoo=
DX7MNfzIu58=
e2tWLNXk8aU=
urpkFNujOjU=
37o9kxmUfw8=
o9L4bujEnig=
mfM/YFfsj1U=
+v/UkobLA1d2X3KOIU10Lw==
r5kj9+vimmU=
0dSNgge6Uk0=
wg0tauLXHv8=
rZkinsS0FQDUDC/e1wfljw==
E2C8YysniNg=
YmU4Dv6lpQI=
IqbxK8fgiPw=
6kDgaDBRQSY=
xxd0MWQGU90=
8kn17e2CMQI=
LYIporuFg8M=
Bi67eYmAXjo=
OamjEL6ulJ4=
vjkIoqjG5AU=
srF80F4lxb8=
PlaffXhBQ8s=
4+v2mqy5LwQ=
mBYnWPom1X0=
/5SLAwaLQPM=
0wTvr3ZWoyQ=
zzKzzYgXnTM=
fXDF7ce4Zmq+5sEsQrl7QQ==
vQjUH4GvumE=
XC7SlolOUIkSEkNI2xQRkQ==
iiIGscrKdspVFdAaC7LuGA==
FTGtt7nk/9zINtEjpQiCPA==
pBcjlogXAag=
mpLkJpfdPU0=
G6xJVITq6ac=
V7U+mfcmEL8feDAE9rqVbw==
5tqXKZKMpSo=
hSKZ7wfY95NP1GRI7mQNKw==
TQ5nU9Q4EGtHUp1DnYAqtw==
hWRsDN88DEDqXo5CuPRVpA==
gc92t5/6T/Q=
zjJFezoQmaEVALkQYApOlg==
qeEqIUjvC3ByQj04jGesOQ==
DFlJhQ07h40=
j8npkhb03zXmAPqXn1n1Qg==
p/ZRXlb6U5UDXN8BIoN7ZA==
83Mbpwu0ceRojrTXSL6Aag==
2EpBsaVcvYvWZ9WoFDnFxg==
2EpBsaVcvYujVdmsy/r4Iw==
2EpBsaVcvYuQ7HdHThbV/w==
Hw9iM/hNQ0UY0SIEqQgRVw==
dyNlcevlP7SNQgpZYYON/Q==
db8aXB6mDsI3gUEEILathA==
2EQLifOertLU9o/3P4vKxQ==
t/wsEXrn40o=
JzQnL4Wu9OE=
o3Jl0pEtmk4=
9iqekjHNvZ0=
EgOuJgHKeFU=
dlO2ZIRqXIA=
WXv3xGEUhVg=
PxRZlaVeoNQ=
ztd5RUEuBr+Qs5/mlZFenA==
aL32uRntPlA=
lJfgWWCiyGU=
t9ZDEnLDOheIiMKn4eBPgg==
9tvIar8GcN8=
jBP0CGuHE8I=
H/q676Jc1P0=
HbuiLsEDsvI=
Vlke4raYXG0=
fzWMVQ5kDiM=
+yK+XMKYXmk=
kRjaXFnlYz0=
Z+AYgbzE4D0=
CduRzErAjLY=
RZmrRZtOaO4=
I7ojrmXZmJZYP7K3qKLagQ==
/+fRQocIV6A=
P1tWhU+gXjg=
X3pWHM1mFeg=
9qOiVA1OmwMMbFoINgErag==
YV6iUMHSqso=
+0w+K0FHgLk=
aYhEN37jID4=
NEpaZfbeKC0=
Il6Zdw18W70KqWQx+L0gZg==
oiiz+2RnvmQ=
htKpNz6Lbbo=
jrERvvb6YAk=
pfpmdmROW2dz1U6qOoDucw==
/OdYPdL0WKkkXbVnWrOMWw==
AxTXzBoBzJA=
izXqUIs7Ric=
eeSIh2dQN7M=
z+A/vWWnn/g=
ANiW8GugMb0=
dELml+A7Fj0=
+pAFGYWPM4Q=
S7+GqicqBS4=
U1o7QMmFreiQuxfaMV0t7A==
RWkaCxUooWg=
oZQftNYYQnc=
NuwCUDD+j9k=
tqeRDIuARvw=
EQ9e2DpZaOb19ymmjCegDg==
RR49wh/lHQ6dKGvQWZHOew==
+XJiA3Tc6yU=
wLz5NHn7vkHZV1TqL43+7w==
jHM7RO8ZMnAblfpflExlOA==
DgWX85uCMLs=
KIZ6BsUeb9E=
jrVTCWa4giqCTQ+lWqps+A==
R/WLhsW878o=
TLbMCVRQQe4=
LrDCMr9JF1Q=
U2zD5bow5kI=
qDaGXFHuwis=
jeEXWwMKzyHj72oDFBdE/g==
hCiHjiYwZttq0mOH1u18vA==
nLlxk4rSR5I=
EOfZ7G4AiQnAuSsLR4Dmag==
PpjTalB6KRE=
3HAF4TuApMKAIvU25k3GlA==
oepsgp4I6HA=
7oKVOhT5IOYMTxC+KXZzTw==
WNcacxYMz02XhxQcpQ9Qng==
RO3ajw0hcQ4=
CuzqM2Kg0GE0b5IlvZkv1g==
uneXPvc7HnM=
Q6LSv4CSdbU=
pyOZJm2HTgo=
i6wWz+iiDDw=
YjhbMCvaWtk=
0fltVkW6y30=
UDzdYUORmk8=
29oFLZpixKU=
oO3QsbM+roQ=
5l4HbLX6BQQ=
JMf0PlVlBaU=
dMwT3vzuOXw=
8YUQA8UbGAg=
s/5fEeACokY=
ecgTBntRsIE=
IeGsu54FHNY=
mAeYRnkF5TU=
Nnl+eeNZD0A=
2SJwZjC6RqA=
LuboET0946Q=
tnVYQ+pscVo=
62yRI2zP1f0=
eyThOL32ZORgMKCVWIpA9g==
UPgDgKQaIsc=
e44uhcN1pCw=
xX6wF9xObfk=
lFpV/zlJmL6NKRgafthX0A==
ghRx/Qhwp7s=
H4p5GdQ2+cE=
jXqibXh/zyg=
tiPhSkRNcKs=
j4izMYhXiD4=
HwbIsNWqyjufrfXnvT1uXw==
jhHMhLs8Sdc=
PKXG5g/wB7Y=
TZ6pqWF0SAM=
umyGpP3uInQ=
bJ/LWB9ZhCPkwIJdhXlsIg==
leah9tkgzZ8i+5EwfeuP/Q==
pFguKNVbHvG09oT3lRuhVg==
6JcaGZLLq1Qz8s9d0efMLQ==
GUVPfNTwa9k=
JdZolqg0cZxdqAH2mXK2CQ==
mmco44l8f5I=
29Xbq7AWs60=
IpKdHjglo7p4g2yuaFe5xQ==
KNjVUM4/E+A=
bBLrCISPiTs=
5ZEiLKYdE+k=
X7+elE/FNEo=
bUKAqBTXoMA=
fYuHEWiXA78=
wD1dp1H2bas=
ybvvFA+VGH4C+5vaIk267A==
wd8g/YMbsZM=
QUWqHJucgww=
2Geu9oUbYvU=
Ota1gnmRiPE=
xxgD/cHVe1I=
PYTGh1SY+eY=
MU0h9Xb1jqw=
enL7dxS22y8SXekDD+k6YA==
0zQHvAdatS4=
/JeXaGxMPNE=
3FF2KBBrdSA=
CIE/nv5NTA8=
OHS56hmOm4w=
H0wMvo96gKU=
yo9mrmo95KI=
FBGT5/xBIdo=
7jY7qO2Zc4k=
PpU3iE0+I/0=
5hu5IS2J0pkqz/68ByL0KQ==
+Roz/YeSoXBzF3c1dpujNA==
+Roz/YeSoXChS2hxL9iWEK3JL1FgjTEA
oakQ5imdAKU=
GfTxD7KV62U=
D/CmdEiRpFQ=
o0o77rAR7M8=
bziGBA532zUvfKAg5Vun3g==
LZevZXcwM2I=
jeN/Or89WeM=
C8TxG38j73M=
4nr4IPH3How=
jG3mYtHfmVA=
LudB4bjEbtM=
auTPYxSTVXs=
YSGTSdCOjj4=
zMzxuuTkrUo=
OIFVeRJlXsiTBz5Hi6shaQ==
/lMMAKOCx/o=
gqtS7DbxgrQ=
cO0Oc65bAEP/uZeq32pB7g==
aKS/DiIdOYs=
aRBotns11nWMO+2DFT/FgA==
aRBotns11nX8ZYxlYTQ3Og==
f6yRUtyuReSeOCF+3IKoCA==
F4nrf9GUc06udi2Z9QnRqQ==
605BBT8TmHw=
aMBDNzVp+Jg=
ffLVQLaj5Xw=
4biSuYie5PA=
WYaFMEz72OwLH/n3WsUZBg==
r11yDA0uEdotYGNc29TolA==
n8KwrbNonxg=
sWduguX/qPw=
FXWokuFitBw=
KZPB+/Km7+0=
K0lI0Kd1SxEB0LVQjmEZTA==
vtnBX7Xv4OG4mt+IGtw+lw==
gVKcqDbt/PM=
VIpb4IQVl6U=
EisjA3maXNIhu9PHraXsnw==
zbyqPOm7Wh8=
6czfvPaFccU=
VyGHA0PH2zkuCQr5Kn0Auw==
jw8ek28pSm0=
v/ImtervfPA=
0efjUHSeddM8y9v9DwuuZA==
4RHaDjqTwNdTvBhNoVpk9w==
XdMx0fer3a0=
lb0Gk2ZQvOt+79zCh/8KMw==
fBIHCh98QBU=
l3zfIu7oK3o=
TsXX4fnIcXA=
6NagYB2XxyE=
MhZ1+5Wt3Yk=
r57dqsjMfUs=
+SY0gcNqIoA=
cYXhHqhSSYk=
h+LDjfMPZec=
98K6Tt06oAk=
IYCKjxzcfVU=
TiMW16dcOmo=
ZRWuBdOzLTkUlnysmKth/Q==
/qnehBRWpNM=
sV1qcvmHP+0=
HotsDWwhKBQ=
6b2gsx7/mdo=
/CV1BASB9Yc=
ZT6ytwKQ1rQ=
yqZ71APMAYy6eh8993HVIA==
Cbrg5jNvtOA=
mPdt/SzrxQCRQJDIN6fGeg==
mPdt/SzrxQDotI1y29CyOw==
HUWEoHvC/fgGgoNhpVIDAA==
f5Y6k2Gx2R4=
Mo7HFg7GlueXRZIw8XeFvA==
onmQgyDu8HY=
3FKqnBf3REj4LU1DaT3zKw==
LEvoMUO4pNFDY6CMqwVHRQ==
b5S3L4S65vrGap3S3A9osw==
Ao+7JL2EFgo=
ykAQPQJ5DYUWaBlzU2Wnvg==
ploZp1fl/2E=
Jli/Tv2ikS0tHflEChkyAA==
rEQB8s/dKU3YHmYQw4HkGg==
9V9210xKh1k=
7rsMLv35NNc=
w+3Qb5mQeK/a6MO59tc9YA==
gFKzIj8djWv5tAnPA2QXiQ==
z6p5yydKKMM=
5vycLJo1BVY=
ZvvLVMOdfHJuTnfJmNrFrw==
SNGOxxeINbc=
AEcv+7dosFkWuiA8xV1plQ==
Yp4Pz0P4IhM=
CrcHYeGZ1gY=
9OaBotp8+us=
lSfz6uxq2+mSi2igEX2P1A==
5i5jUGFU0UHtSd7U/siXQA==
2UHcljW++Ao=
JfeffNYSdoWUjjzsfVJRkg==
o8hVpcrm5RQ=
ByHn+gOKlHE=
Qu6U3AyQ8w3iOqmeKROQGQ==
FfBa4kPmXj8=
vPnpNZF0/iY=
GFHqhnhaBWc=
FQE3FIkIb9g=
ZZny514h+BY=
1JwdrtBnmZB4ldME2y03GA==
0mkAwtGm1Zo=
wLEw0CFnBDs=
ysa4KQOYv1k=
mWpoUeTcKik=
CY5am4j3bOM=
/xNO11oI9cs=
2Ng+pA9xy64=
4BiknizyhHY=
GLx91rgJP0k=
nh37Jfk8kiPZHOfx+f112A==
uheA+kPcUIM=
qDlgO6QDeR//wmI6/UkF2g==
qDlgO6QDeR/WjEv8hDFibQ==
z+eZbNWG/azOoMr2K8tQGA==
fdFb8Q04cRsjiEwRS+r+pw==
HKGfFtS1Wa0=
GEArTgQkiPA=
pJPdrkTqiYdTfQwUKTAMmg==
5SfKTCRzNRY=
6NQvw9pXpMA=
BkdRXtbi3V8=
kZF4IZY2zQ8=
prSpYpp50rPX/HAUQq+80g==
P4HWp0j00B4=
f5vuPGDqDKc=
KfjKFCWJ6U8p1FNrHLB90A==
C8qALIm9w6Y=
RbZwYhTjDZE=
leZBSTkRw+w=
Un4ZVfOkupI=
Q1vsXcFcKx8=
8jvMBvFb0Go=
Sx9Nr6KwiqU=
455FeiOsjFVngJraKxGsag==
xuBjDj9ptZr2iFwos6Kwnw==
ikly+5b5l2R+7kVFXyhL+Q==
b7+X99P1uYg=
ZU9NvoixhcHa1D1w7bgG/Q==
vZl9KyO55+Q=
d7KC30VQ/8U=
MalBB3Ml2Q+JWdVRhpI/lQ==
iHdV/0bJOKIrRKdklu/ahg==
Y4DsnWncbmU=
wxjmIEp0R7U=
ontGkmPn4DE5/3XHJXI4vA==
wFSz9KEmWF4=
Shdsl8NOkQZvDmIH5LYYzg==
iAVl1Sju0Co=
Gtfb0+62Qq4=
T8XSurB/foJelPfbkvJp9g==
zHJ/LS+fjd0=
BEhnWmM+9Ls=
WMGLinu3bvJyQ+D15jOfzQ==
LNp6XOeHtk0=
rKjnkEP1Pls=
q5DlnvsrmuU=
D/MRtod7/iQoui/q1nHwmA==
l+bnFjWxgQw=
ekMCtYxfk40=
re3HidEu3w14aH2I89GQUQ==
UGh3rWt9dME=
8893PxJcGsg=
pzS/MS9iIno=
9vQfflaEHKk=
ztqcE7fu0Qc=
hzy7/ZK5P20=
VWeo3ThuX/g=
oTep3YuNN5dKOE8VWvXZMA==
eNFG1955M8k=
WUT56ARP4Ss=
9UqAAv9Syko=
Bd8jl1T0BwI=
pCDmyjDasZQ=
2d8p/1V+3zE=
S2a+tI8W6B8=
Efweknd3F6M=
k+5gOyRtfgg=
XcAUi9ax6Q4=
oYz7mdIn/Ps=
JeZczmN/m7fnfopdgFK2hQ==
4NEJuHk8BcWMLpYGoKgcHg==
zRC1hBcULpU=
3M3AEFFUV4k=
Q7MRQ+uMz5Q=
m8e/QIXlpZA=
/NrZdDx56Js=
CX1ndPRPKjw=
b7bYelETX6w=
qvEE2M/M5oA=
XemI+zDGJk4=
GUJioXrK/XA=
1e4ZG8fqBUq+vzwqnxpMnA==
CIg2/C8vGdZYSWY7IJuy4Q==
0pn1giJ0FHc=
AafsypAG1Y0=
7o740AIMlP8=
L8EnXtDhS0Y=
2hCFwCyh4I8=
8q50QcsJFjE=
XDEL6xqMUjY=
HDOtm+87UvI=
OpT4XyPJIWs=
sEn+YbxGjMg=
bfYHM8e6CXM=
1EFdTyKEkCw=
k2Ikscgj/ao=
62/SBl53pWzqpOxxCVj8dw==
6K8gmRks/NY=
YAjZpJg9V5A=
W/2IVs41yuk=
HPK5LwdfD90=
YxnE5luDVlE=
MQSDs3MxDMk=
Xv7yVw6beEA=
pqBv9gJI0/8=
a4AzHCkkHmg=
Y8YFP0qPbY8=
Y1iP7IKCWMw=
44w4hqm1SPk=
HtBgJYd0XfE=
vvabNFUXZc8=
2StDixKfraY=
4EI2UBeUuJ4=
kaGcXnbldpI=
qlw8x4a2oJQ=
xPB0F+4kBXA=
6O5mUe7PUxI=
5UDhmE5VWas=
/W66aVG+HmI=
RSgnsKJSAzVfgJ9RGGL+Ow==
rt2z7IA2cgs=
HTTTIXxfCak=
LWynEEQv8hZih/wHrqvlHA==
D3cpl4Ghlms=
7hxJttACl2CE+203QJVZow==
GiWtL700Z2E=
PMZ5pIwSYw8=
+gHpuWznM6I=
0/ZPPRwdI4k=
U450B80SnTNRcCfEnOdqdQ==
pd7ThtznMhU=
UFB5dd7NjPs=
yoPqbaSr2nQ=
eYgap6SYEhg=
dseBHNJl43g=
NXjJavnT+GI=
bz6vbULAi8O28lYSi52erQ==
KZZXSBlgQqQ=
ydNSZPaslmDzLf8f98Lj9A==
JtwvB0Zjulg=
clIYX3UNIOw=
Ml8voIknw4skspEo9LSaMQ==
upoYGUgj6f0=
5uihhCXQFkY=
5uihhCXQFkY=
xolP58kmlkw=
8KUKF/s0eLNOEv1WThrn1Q==
8kvQ0/YWcUTuxHINy8sv/Q==
KvIVxei6fW4=
d32jMYpxDGo=
8dNREgti6Qk=
qGoTT9Hi6Es=
zstKpB4ElWI=
FOaEKDbuPHE=
QPhgPTYTQZU=
kU5qC2ip+OI=
q+bjv3dluQg=
SbXvnJnXadA=
hryzNbkyo7A=
7zdyUuQ/uKQ=
IYiSSvstnlY=
clNPmJW3DfqsJPPOFtRCRA==
PbrFnDryG9c=
6tpNrguDo782ubKPceuwDg==
Hz+SVfgR3Pk=
9QWmawm0Sig=
/Quf6W7D6mw=
5b42UO1s6/8=
clg+ojCid44=
XKohj+TxUOM=
SFddE2f3wQk=
ffVmJfOKiIM=
d3R0f7myer4=
oi2OK4nwpls=
04DbtHzR0Wc=
p+urrqkLCGk=
FMgQWt+dO0U=
IfXrf7AgXaI=
m04ik8rp9a0=
2g0EZtAxxzE=
tSj7YsEyM8Y=
ze+UbOZOeWE=
SJwgP1yFAL4=
xIn27C/BANw=
sfV6wlYkgS0=
/YFVv/qnNaQ=
JHTSwqWcHwg=
mYoFQZvB/ONrUj1n4V+QEg==
uODCN+VJl9w=
pmiPShO0lWA=
svwb9iwZa3A=
qi6yiMbQxWA=
/OBN0nS9id4=
/OBN0nS9id4=
8oZWmkmn2+Y=
g4w7q36p9Bo=
g5GL7hkP3mA=
3DrbR6r6sPE=
BRi9kwLGFy8=
cf7stpuJCp8=
jmNMhg7h8tw=
CwxqIFd6Ahs=
GuuNlTQ9oyM=
CDiHbiWUdNY=
619Mmpu0MHkE8Tfl59bjeg==
G2Nvx3jNFI4=
O1gTrZ85JhixbEgRzKxiTA==
ekmKbCZXMGdO0T2dmAgabw==
il/nbVFN6Fw=
6j3ntvmc/uA=
UvyM9d9EKLg=
lHI9qaKgfq0=
UYZOkyFIUXc=
8F4jnemN574=
cFaxlxL1gk4=
eTuHK2ni4Lc=
8sYQdZNia6o=
JAYlrqkFg44=
mfm11xk/XSa9mNbW6FgeJg==
coB+4EVktqaGJ03pP5rXkQ==
1Ak/4u94TDY=
bXaQAGaMD+A=
64f0zXTc+pNGe4OFU4SeMA==
hH5Gkfdbisk=
EHkj1b1AL/Q=
6WMHbct12Ekwtotw2Bkp7Q==
ap0phqn3RcGfMUNWXUGlZQ==
ShpX8Oh6lFo=
rUJNIzDxq9c=
EOW5V/CoyRM=
Do0kzkQuIlE=
+XFLdGqtFeo=
jY1vGsOnb6Q=
ze9LPmbJ+lRhwOsheDt8aA==
OSe6m7pluXtT0z3s1ZwzOQ==
vJVUPC2nmZE=
H90wKqYbLxc=
jpCPK8frGoc=
kYUDOHFoS1w=
jtaZLl6UsF6SzlyamNnHtw==
RWHFA6cHAI8=
vOeF+6pSLM8=
LsdBoKuQvtI=
jF6go+LQljc=
0G8zImwp3mY=
H03xJiDHXjg=
64SJcRQNshU=
UDg9a4uIHhU=
hh3jb+fYsof0WRR86L7I6w==
B/9ANbzbrGE=
vu1F4N8TilqpyTI1LkiZCQ==
2CFydJ/7J+M6NTUlxHivpQ==
SbMB8HOSGfzG4VAPWsC5GA==
gy2HSA/XbbE=
aFSRtpfzoQ0=
SMaPChC/0xEQOcDbeINGpQ==
SMaPChC/0xG9Hmp6+Qf4tA==
vIka9J6Ad2acL5vq6JbYTg==
Vg6tSpdusfrsmTNi47u5xQ==
ZTILjs5si5I2Lxizsb60Cw==
dkvzMWWq19jmZk4YmCgLsw==
/OrfSWDeLnY=
NnAzX45Caws=
4HXKpY8ACElFD6a2jqDJIA==
BOQeh3TjVgRUROKN3oaL7Q==
v16xAiXd0nw=
7XfJq2fpLQgTHx6JNd06FA==
2Vy+Cy/Eu+M=
s1aRi8dL1Ws=
UowxyFXORWk=
WGnvXN+UNgc=
+0F8i4feaK4=
7TjrPqE496A=
4dg6Y+hoPQk=
sD4O7y2eC74=
7hlfpuuGDUw=
UGpbRreg0lJBgZpbkVxhew==
H9OFreeDbN8=
dZgrSR3VJqM=
N68/TkrIqvo=
PALKRXRabjE=
Sc/rNo0kvK8=
Dx1dj0UsHCHb+g0zhU3hXQ==
vTs29XwlQA8=
hRv2ATgjCHs=
nN7FDdaPsoY=
JGvWFPED5+w=
yDvrFFP1hNE7nww0lvTkjA==
yCVwU2Tc11Y=
g8hntRpbNrk=
XkBmA8+tPrI=
Wl/BXmumN9Q=
0S7FWFkZygT1dpcMEldx4g==
iabWcx/TGXyvFChe1XB73w==
3rnchAhnRm32d8Q9YD2ZJA==
NUqLX+UD871Iyj5N+q9djg==
eY0ynMLkw9FXrOBsjQVN+A==
bR//V+OlJV0=
CqkNvbJTGFfui4M9ZzMSBw==
F8Rt+OD37edJ/lFMy1R17A==
nRbqOuNdBRI=
bGJmfeUq058=
Lj1kpf1uNZ4=
IPcKXXs6+44=
Ka24dgZ9Y/A=
/VJd6iiuX+s=
Kx4cKOruyqqcAmqoEJKSUQ==
5IzP+wLoEII=
INaq3BNmwMihxwNO6+YLgQ==
YFBZcmXGnEU=
lwH0VjuHvf+eJZm4vMzIgA==
/5asPOR8KGbSfFHQGDAzrQ==
4puy3+PfoyU=
cem7VHXXkLk=
+vh2QKlYqcfIKfeymqnv4w==
9zEQq6279rk=
G9tY/jsMab6wxrN+bQDGmQ==
oxKTQoaa0V8PAroJTtFIKS6bcz843943UqAStXaO8zU=
CV4hzhYd6VMvp4XAmPVNwg==
V96fuy0c0gI=
Rlu/0d4L/DnpeldcJeTXdw==
4oVTHoZQmxk=
EZucoWCkG8E=
22+TXVVPR/GPMX25MmJkEg==
PR9RGLeveHx6X9JfCd1Gjg==
e7yiX9c/wB5KAJj7hqnjfw==
RJ5PL9DWg6c=
BD75ySr/tAL6D3SBH2EzEA==
TBfOZ5TvtaDIZElRLyCo/w==
7DpFJ5WwD3s=
7K/qDzGRlDs=
UAW3wQn9oKo=
bC90NMOB4R4qruB80aQeXg==
KZDOcv/kO0M=
CLjhye/YEsz1o68b1AZqZQ==
gFehfZmrOtQ=
KgU52st8xxs=
p3bqo51quXc=
izte3rD1p9U=
tq5Q9VJJKJ0=
Zf2j11oNbfq7PS5BqVO0Dw==
riJ9sWlYctV+AbhI2mKobg==
uRDokyrs2Ww=
dgU7aeW2PvU=
napL2j/rVcyPh7qfF+pEtQ==
fmuSyDI586k=
2EiuIOTyEHVVp/vhiH29Sw==
Z9Tfj7yrXW0=
tivCRM/kc24=
IP9AV8CTYepWnF+DFgUg6w==
bqXi2zB26KY=
CLDWfFvrijv3RUBpzsc7bQ==
RJ8VOmCmedo=
ORa4WjbvuWo=
FhOiH3qWQqOSGES4XLh75A==
a/mqIfNCuIg=
RoUKTpdcIvHdJzIugl9AIA==
ELmgXXgNLGsZly7g0Se1+A==
3O+HOBIEESc=
AreUhEXhkECm+GOLXbesDQ==
O+4cj4YNZTLQmwqc0vbCpQ==
bpIsykfR5rG9Y0ZYMPOGbA==
V2h6o0AeFd8=
jyo1PwsOeXg=
XikEFJSfEkI=
QTrAE8MPcnMCBqujHsKP6g==
lzXignKFIsY=
9v/IMwiV1Cw=
6GiKDtubf3k=
QxHiUOM6l24=
+povUpzRyss=
EwJJLfIFpUU=
xY1JrRiLw/A=
ACUC/I2XzSk=
+T80n6S+VCc=
4lcmqZ71FeE=
1+mg2/QwHqo=
F4yJatWKc64=
can0Iek8Bds=
6zjRWZ4bhgY=
NYiXtvhEfJnJUNMP9p7Q5Q==
MqQIYUincja7scgkONSqNQ==
vyzsrhsPV+d25Z2NQwH+jg==
pdrTpVFYbEo=
csXiZZ9Me38=
B7BD1YwRfCkZglwYn3aJkw==
TkEi95VvK5c=
7UPWYrErdJgOqt5Qadod4w==
DHPibRARMHI=
FndpXbDKSbg=
tqtkgDkXNtghsABMATqqhg==
PPCmojb9g1idnD+uZyF9NA==
pDLsBW6wtTSbkPd9lVnn3g==
dQoVZb5GqmrDoPdEdlwnng==
YmlZf1LkxHb/o5DRmnG5PA==
iKn92P3h4//CyWG47JDrBg==
iKn92P3h4/+JKNL6RKEm4Q==
SjlBYMExQazXOVGO+BRHhQ==
SjlBYMExQazHpjJ4Ah8e4Q==
xp+/MyRHpmsfbq1cUpQuWw==
A49hRnqPV7W365dn3ChWwQ==
4CAhhnZmuLRlUfOFN01g8Q==
9FOhENYdlTKwkxTi4nxcCA==
FFNL0KoIEWYaMgWlcr0W0g==
Mm/v8TASVJQnoc/vF1D4Wg==
fCy0A5C9LDMQWFRYUJwI4A==
KMfv+JMw/7M=
EeAGZqBg4j4=
eWOqaSBa+L7atryv7miLyQ==
fEoLl8rdg0k=
M82WW1y1ZcHdZgLo7Sc2Zw==
PhbcvtVURJvI4yY0XVgPuw==
PhbcvtVURJvByF6CmuhdTg==
nGQDF3adYIU=
gVtwPh00pgRSavyoYl/NvA==
SvkOblE7l4j+aAoGVYK+/g==
mKb6nzi1T0fP2vNblCRoGQ==
GFjO6eDCPqe9pAXRFBzDGA==
ntiwYe7RHiI=
uS1dHKVkg5Q=
GFCL4BdU8PBRe0W1ZF6aEg==
rRZXmzi3Yck/MFe52yAxGw==
EhRKAT154Xg=
ddUN7AO16C8ZySQq1z4meA==
nkfxAx3nDSk=
nwqtq5SYu+I=
cMpvuY3NJu0=
lwcJgtqUpU9lC903khNCWQ==
lbhBHKu4QOA=
jA2a4agT6sA=
kJ6vxHqnz1GfFqgbuyDXVA==
iNpEdbdVlo4=
SxrDKi1dA+A=
7x5N1D9Q5m0=
s84qJ11K4W8=
FlkSf2X4ajA=
kzQyVwxP1Tc1Mpnjc8oVXw==
L1XTRIXQlMpVEahPDHqQmg==
kemNNGIcv+A=
PuZG1SRTCfw=
upFEOqXrpM27Y0fz15VaOg==
PhNF9DSl6BQ=
gVFsJFbTkqw=
JsDDQ0ziQtYSCJvhVwsDcA==
dY9GFTEj+QI=
HVyxV5HrorJrQ3/vO7DbWw==
XKDTBKibygE=
6b4ykkCjtSG4EnUULa/CHg==
dw/9DtoyCTo=
iVO+X5dKC5k=
VtjnudjLvcA=
Q8zJVBMWqsM=
GLfro0fb0kvi8ViHJ5N9mw==
kaV48tA9gFk=
jpfEF/QsH2A=
OQ0JZCGa+RVaA6KwvJzeng==
XTF+cJxl6QtKNc0Eu/BXBQ==
XwNCinENDb0=
UwhWLDCc74E+BKEUj2Najw==
GRZ+cKr+2n8=
9WB5f3BA0HATeD28wPqk/Q==
efbJjNqWXjw=
v8XvWKbwCG0=
eK7qb3vpIt5T+b1yXLT9fw==
v2eUNNOSIIE=
FQduTyvCiIs=
zXm/EAcnK1s=
uHU1Yr3IpZY=
Jen9S4ch+Ew=
iWhGkU7yoYs=
dDnsQMSH3gQ=
Y+1jmWLOtmo=
HFZOR5qxUgc=
XMKITe0GKWE=
9NeJC/j5VQk=
p31kq8dphzQ=
/EQ1hOL5d6Y=
c8DLpqQevp8=
gzDbKXArnvo=
GPnufkW+rC9LFFNngA1CgQ==
dvInvzCxv80cHXf2JLlS5A==
YlvLYG1gd3M=
DJZ0P8p0C40=
Z4VY8xDN1pE=
rosskZ7552c=
mv/8qi37fwdQg3pZhMQcBw==
peRj8wuVVi+lBxL1nSXAbg==
/rZ4mrhUIFo=
acYPX9g0q76LGOsrnsjCrQ==
UynEjMo8f+8=
QCKyY0EwR6E=
xo3TiQGtO6M=
uNNr7xG7hOA=
XT4TLl0FqJM=
78zZWBmY8U0=
dsnxqC6lcbg=
kJ2SMYDO4TU=
QZilGKEzwpo=
jolVRgVCcMeu6hXSA5665Q==
EMtRPgB/vyQ=
6XKBSpMEFFJWP0Y6CCFq0Q==
8AHfryylQLbfgMATZ/t5/g==
h95sWAJcbQI=
mhruuFxKFcrsGkgkRkZL9g==
sTY5ACgTvxOiMrXO4F7cyg==
VzmYyQsztUibRQT9hmL6+Q==
NQ/jsde1muw=
WL2en9XPR1E=
7n8t21aH6yY=
cPSfNw+X1DQ=
OAjap65SgV8=
vlYKrvQ5awI=
aJv5LIUaXbE=
iXPcKnFDTZioF3bFzL53kg==
Ry6pUk33mkA=
eeMbmRXsQn9rRsmKb9Tj4A==
mEG0NrRrkCAjoI07UXzc1g==
/YlHK8mktok=
G+f0wihkMZw=
F66Qa6yoGjo=
OvcwAZn2RJo=
X3r4gM3jlb4=
P9e7APf0VWs=
jLOVElVDZJE=
AaAyrB8V7Rg=
JAGt5f3kUug=
4VLzxwI5wbQ=
Rw6XJl/uZso=
ZgKd1Agxa4k=
bakimpk8uco=
Bw8x0noI+hk=
sWK8GkG+Qzg=
ELy+RqU1O7M6pLWENyz0FQ==
IbgNaC384EM=
8dd5P7sjmv8=
R8qSI6LCKG4=
yvGai/9tv2M=
/63ehaXeY/w=
4r23reNS5RFB6zmjLsE9CQ==
GXBNkJq36vo=
zm4x3Fo9Vt0=
6U5A4jYmew4=
/NG4jxgRdUZNx52plUeC9Q==
5jjgk1aTBvoIEvl7ABvvZA==
19sl6TEdTAM=
ItJbUYeYqZw=
Neg60E6uzJM=
Jmx6wpUuZ7w=
+1HPmQfA0W8=
X5x2MJeCRKk=
x4hM1dASVZ8=
mqj5yHOsBFM=
gfnmDNzV6tk=
7/sV1Z5kSJ0=
5iaXkPAdqBk=
dIWH3uA7NfM=
49AysIvV1Q8=
DyUdKMIh3kQ=
KIoxl8n7uu4=
jHYvR7HGEU4=
Sn5LqLvhMdk=
1H5MOkc7fYk=
hchGfB4b2W8=
47Y9EB2BHoDYd3ptsDpdng==
BWGt697LBm4RPQzVVqDIkg==
AjGfMCOM4Gc=
cY1c1ylSKEA=
jig1nyB/68b4o3558YIHDg==
EXqWuGpz2Oc=
ykwOKJLcGec=
LT6YSEsomN8=
PV8J5l4RgM0=
YMNKkWxloZU=
27Vdp6ibGdw=
YpXHGrMj/DArqI4aE+bPeg==
H3alBbOpMU0=
n0sq989eA74=
A739YctmjLM=
HqZSikJ0T20=
AH8o14YdwVVgYWQaGL93Sg==
wL7Vcwv2d+w=
95cXGRqG3lg=
eq8VYGyKqUQ=
b05hzwhQ6io=
z4PP/l3LS9Y=
kVjZjBPhrYc=
BpLepSIwJNk=
GF7WK4QvI98=
iyNRZJZcP8s=
mAOKK1zUhVY=
dco9fHmqlyZDUusvhwqHYA==
6M0fPKPmThY=
GCyWjE4zsr0=
gk9rwQdMKcM=
CEHT4rYrqzI=
kub53JV0VMg=
XaEI8q8egzI=
T5w99RLvRYw=
lutIUBEiNVs=
0bC05Ly+k5w=
1ahLQiLO0yV1DS3MqthIrQ==
1L2vh0lPPH4=
/AZLn87R3pBxtSggLS97iA==
uZp6kZ3cNFs=
z4D69JFR/g0=
zYE+Mc3jNlM=
uc4gwov0C2k=
axuofGcHyXeCQrN31DlXOw==
LIqpMNRFFZg=
HCJcnCto/8KaLsW8Z9JxPQ==
4OWXRT0Gb4c=
G4mEwQwIarw=
DJKxpxKN6jc=
cXyq33EPQmc=
21x8VpR68Zo=
hQ+DM+d0gag=
bKdXPSQCTVQ=
5kfiA7uK4L0BkANiyHOxwg==
kw/8+21VFj8=
kpbZxBGt2MQ=
HawYvBaqyFg=
3qkaKhBm4c8=
d8xhj4hFINQ=
lw50dTQUsxQ=
pTdRKJIar5A=
F67UrcD/xbnM/7iVjILl1w==
KIXDOBbb0A4=
7G/BEKSPo3Q=
7bymsz/fosHLH8Rcm1XjgQ==
8Ojy8Kfyk/4=
waA4nBpdce8=
14ni11YcCy5/GJyxZqLkLw==
nMB1L+uj7Hk=
liDhPQka300Ck92KJoSA0A==
3Zqph0gRWoo=
CPS4DAJg335529DliTMA6Q==
k4iWFjfEoiaXhLxQJDkRBg==
GyxexVmXoLa1Pn2htEqN+w==
sjnBZZwk1mqesEG21Ox/TQ==
NZDFwHJ5Vfb42le438ZrCQ==
aoAQTlOIpPY=
AUfDz9LPLx/nhx2U8rIgLQ==
Dxefcdh+tVw=
8y1yZ6zdl9Y=
qDnfhnRUzDQ=
+X2t0eS91bc=
9PNGOpo5SnUbuZ0ZZS6iqg==
laBrVz1U7Bc=
Zpw63zI27Ag=
3GmOhBj4sDE=
IJU3NPqXlGA=
mBs742zFUqE=
DrutO5TIzphGjwgdXRLZZw==
t2Az63GcDwk=
I4qAY68KWkw=
MoApqCh+Fhk=
QNcghJE86P9qpI9BkCLxHA==
O9FXk9fUNmA=
hB9kHHnjz2w=
qG+i/d42cro=
DsK6tlpzbbA=
BqOXcJ+5XOsHSoW2SNtaRQ==
BqOXcJ+5XOvoSIvMmhp4wg==
D2PSnS0zwy0=
PNcxw7EaBCYJsHPlUEJ6yA==
MSGXj3xmD4E=
taBitIZmTyo=
N2khjZY/h58=
118nfPRdS15cF4XTrQyslA==
1Bun+5TCO4E=
I8HUQCv5L8Y=
9y0Ulo1Ypfo=
SdWgWTrfMpU=
Py2+Bhicvpc=
HIQvm2AwsMQ=
SgcEVtNoch0=
R5pd7N543/NpOqSQdxYJeg==
8CLDkXN6OnrpLK0SLNDZEg==
Bbrwfd/hUYA=
zG441U5N6DY=
Xe+jQBFS4RM=
PPuDKHafpsE=
xYqxTm7wx7I=
6gbcFEeG2G4=
yoWhaWtlPWI=
xtkwMfUJwDU=
BMzGRGB9NUUsqOBNeycIZg==
nc3ifjrKoq+q3F1XA+UQPA==
ga11eHlxdlA=
IFUFr9lkkRc=
QdhGSrKLUHI=
Xqw/r1cihGg=
JB9dQQFwv98=
VOovIAjbLc0=
yVUjqsJBYXUEAJwYlyxVyg==
1IEdYDkc7+M=
PFXBqDXQmOE=
ABm8SuwWczc=
5VAojkurwEoBaMfoTTMVBg==
sV73UKRitY5FOV46Zlas1w==
xL56QbUGOUk=
HMNB8yKHaTQ=
BFFhah8lJz/ZJu5wAI27/w==
IGSjCpDSWjw8Hsy3g7CJLg==
n2aEepOwujgpod1MlpYLZA==
9pahUqRW8GcTWxgnq9mueg==
weiahtzQ9ko=
r4XOBCOr+/Y=
r1xkQqzXJsw=
pgiDe01eX3w=
x9RCMy1sy1s=
3Kc7CQfKlsA=
jwwwO06KbEI=
+dAyWPfLMIY=
cpyGA2qk+e8=
S/JviAJmQ8U=
+p2IF5bOyKA=
dlJAVuwAYyo=
I4phZL5jppc=
3tzN9MWDq1Q=
uaDd0Yk8S0c=
d8+0Q021igY=
5PxKGvE/tMz3s2FwJ5pOBg==
XIPe4jetTXA=
Wrd6xIhl9Zg=
CuP4gcPV+OQ=
3lD3qtzeJ/o=
R2wM+Po9mqc=
9WhygVIdsM1uf+UdP+tQpg==
IijC8C8+7Z0=
u0MLz5icWSA=
xxdaJpEldrw=
nDioPDmHKgc=
bLZXSJdguqs=
CUTtf7tDmhY=
T0dqVtlODsU=
XY/D+H3hBxA=
BH7Z2+fK35A=
j1hInDqiN7s=
SmZibR1YfnyCO5aRcMrHvA==
vTdNF0rbvSYEAN6EKHC6sQ==
bQwUU6psAlUzzzD0r2c/bw==
42pk1RKdlcM=
kgzLw/Daiqs=
TSuCKIxSa6SKuwLw1uzqPA==
6iNVsIOu40s=
GFzj6NhLIHU=
59vY1HZhAew=
eXbPpg7ay5noZ9txtyTcTg==
PN6/VJLJcORud4HUm479Mg==
tO/+KaLcqQU=
cbNZ+w5dpKw=
w5YOzxcPCJ0=
a0bhJsAVWvc=
dmMSosg2o9U=
hH20Zv7WfgA=
xHvo1QuILbY=
EJdkSIe7rms=
Uo29v4cTwRs=
/D+MQiBt0AmXygXbN77BeQ==
KIZmckeIF9Iq9Am4pOxXwA==
20lt0bIHAMOChBGNKbfwzw==
WXJZep+MMXY=
51qFEyjE27k74kLOGOSd2Q==
QcvKyWzLKIU=
B0oFfesBCVs=
9e7RAbepJzLR2Q9pi4qf0g==
xOb+0YQZpqA=
YBtK+eogRO49E6dp+0lu+Q==
xy9o3Cyf088=
E0MCktN7THw=
MXDRsSyldZ0=
CYU3tnLNg0E=
/kJTXe4rV4/53T0oGNobdg==
faX7o9nmGAo=
+rE4PHGRRWjfsWYkBQ4u4g==
AlqY/IR1CWsKuTFBoGq64w==
FDpMdb5/wgQ=
mXc3tA7RozVwMCV4+jdd7Q==
wQY7FsjkcLk=
2U5xHghPsHs0Onsrp/DyQA==
ubMHkCwyLBQ=
ru9h6pF/RqihF2ZqQLYbJQ==
8YC6k5qNd3uiHZwzgQiUOw==
eOsOucNTyjzmUQLD0HpmCw==
4lTGbNl0a35DGB8stTvWXw==
hkMvdBWyjwAlf4JIGctRwQ==
RP1Pv5sMTZL3p4+d8R3dfw==
RP1Pv5sMTZIKgS27zJPjhw==
dvm7HUZJtPwOQjpiSth6RQ==
OvyQS5Zg1YY=
oFssn9eCpC8=
hAyTLa+7Bt4=
w6CbbCVmwxk=
IZuTtbM3TiNfnLcHsOKEPg==
IZuTtbM3TiMpq0E2BzWnLw==
SZgjgNP8BFc=
NLj7Af1Ingz0O35dYfr2Dg==
nnQFQnNsxEhOHwF7txn0CQ==
V8R9v0KPptg=
IojXUPRK5rUe8CNJhbOtfQ==
WylGYWChmBYsW6FSKUMlYg==
C5wPw5ddM2FjaJd+k5dM6A==
E5zfAJvymq0=
THp5tx8z8WhJaQLxvM1ANg==
THp5tx8z8Wh2N8rolEBxmg==
sEdjpr1TXn4=
5Tg8F9tAxUo=
5SBL4pF9ScOdeuffvBKHLQ==
1H1AxLwG3YZ0667Ra6UtRw==
Jb2ppDfFg0Q=
CWz61B3cEQ4=
nAvP1hS5seY=
WEFxxnxfMTDg/UkuUc5i2Q==
Ai2fvWUkoCY=
OeKbojMVtGuHnyDf1KhAMQ==
AWDkTw6lJ+S15P5L8grLJg==
es+ObjhBScg=
RMqr1A3sAbs=
0fUY9gunFnEVqr2kOUdswQ==
2MnEdwuINxQ=
LShla36nnBNJzRNkAeheeg==
SmHL124Jo68=
S9eUy73J4Vo=
etLjR/8DfFkcPN7y0nyzRA==
etLjR/8DfFn6VqBJKSEx0g==
OzFiIFksOO4=
6wbuSItZ21I=
z+lXpD/AZzI=
Ml+RAMnSEkc=
xkGfrzBeohfO3jb5507t8A==
zkZrKChbAAA=
xfji2QktiA4=
f3HfSUSp52Z/Digghcno+A==
N3ln+wxrKzxD+rnCJIMl5g==
SyqxFy2sJcU=
aPyodq3+acc=
oHTwk/WNFOQ=
OY3qR7Zhzsw=
hfu9a/RwKZ015QvxlP0Hlw==
/JYtdYmkg2w=
Uh+2y+LBx7A=
ykCC7RM4J+s=
3pFjLCNVGFuzUUPggSb2CA==
9vhfcHQQcjU=
Baf6YZyKT34=
3zR4cFwch9U=
d+fogOV8htQ=
P1ulcnD/5xE=
xsqk7ozFfpU=
DllSy5dj3/cofLfYL+eTjA==
3kHr9T3SEYo=
xReYiQi/bwqqsryQqLcueQ==
hcUYF8V9GzknAsdjmBM3Lg==
7U8LYnkDLJU=
7U8LYnkDLJU=
GRZ+cKr+2n8=
uOt/fy0ZVdA=
2WQY7i0a5uY=
ATN10TPoXZc=
QTFtKyNLZXs=
0sfQsfuxHW7J0VJ1rDqTHg==
jvCyr6C1ZjI=
Ifot6YSJyCh1oAwuqZUNmw==
BLrgrjF2dwKLDimgD1IhoQ==
cTMf6n/GUZ4=
S7TuVAKOrwuh3YdVgeijSg==
e0b6vTqfanM=
waV0bytbGE4=
bwb4Qg7zyfg=
OUWKWLN+g2s=
LV1nWxdRfc8pT4JHIEl6Ow==
9MUg9TYtPJw=
W1uexAO56HYbVJcNnsF01Q==
6OdKGDRwrh/KD8uPBI8b9A==
2129rLA7jDI=
/m/UBP5SZ9A=
/cmeA92+aMs=
hJ0IhLhB+fc=
FkSvM8f6f38=
ZAn0IibnZBs=
2xI6MUSkvzsasH5925uEsw==
7ib+mm/N0OM=
zsFgKqgj718=
oUrvT7vRJXA=
px0Gv8u3ako=
I1DW6gzMk34=
9Ta90GVypNk=
baepKwU0x/o=
0WRc2UNNn0s=
c4uUJU4Aht0=
jUVg2ehbcOM=
NSCqMrbI8nc=
SqLC4aAqxq8=
EQJa1TYGhA0=
fHRhhYZJnYrGE5jH3KR4qGSGJJWr5pVR
4BKS0cbNI2k=
xyCq4c71LN8=
9PeVGa9cFjo=
pIHt91I8BGk5nSNfAoJfOw==
t6OGeC31+m0=
EKLldXJVeRs=
wKB/d5Y4VTcuTBXtmuu51Q==
mgc/bwCNgUc=
W+YBZIrxZuw=
1a/h2f/tf8I=
yucrWHjKCvs=
JhRzGCF8pkOw35A952sWjA==
FtwEHZ0NzVJ7FcM2PN/3Ng==
EWgvSA5NIuk=
/qjW21vlNHdLMiJIWKZlyQ==
I1JLvaK+gpM=
ctrTuE32vnc=
k5HEw21Gcao=
iWVkWBPofhzs1Rh/Xpzg3g==
J+B0xF5Yi2xq072eSjcsOQ==
7bytiwNU1G8=
CO/G3/aMhDUnQxC3gcQ0TD+/uiF5c77n
aiZ2FayfTM4=
s2nzASJIXTg=
pqKrG+wVcw0wgGz1nJMO4A==
r7ZlluVjGk8mzs9EvTb53w==
1vnT1OkNERsSSy2CbMo3Zg==
r5XXAWppFJI=
UMOdWeXLjCw=
gv8yj6092oM=
oZyZSdD/lJAsoSXgcuh8FQ==
5ZQk6xNy9yo=
EqnPAFGVcNMxNbL/9udipA==
EqnPAFGVcNOz2TMhdPxvsg==
zN3+b+qplUsXj7ekiEV8VQ==
QfzXGsxv/H1docuJxjVU5w==
GJiR5+oj/cE=
NCMgYp43avfDVOcT7wRsSA==
6T1S5M8f/jo=
KG366GoNdW0=
eY0FWzko02p8jHbEEPR0Rg==
z1Ua6vsU69c=
bvE1UMTDklY=
ZSKaTJF9EUE=
Z4uJrRovuas=
tRq3kb1n+O8=
tTiMAZOeoyg=
FPsvG2rVG+4=
UzKcLGmQ7og=
NTFCfqNHoaM=
rYtyd9ssopQ=
xDzXYHLLElwxq6UuHn/vKw==
93yN8NohS8ybCxiC/7qU6A==
orpX0e9jOE8fTHVttgUazA==
uwNbdgrC/HA=
JzqJMl4kF85CjpNiBj0Xig==
CTLSUhTk9o5wXrPrzgAHog==
YNr2NPSX5IyaUdkz6rt29w==
RhQvj/8kAxRqfKyM3mtdgA==
2zXecpcFkWERJ6RNMCsukQ==
gK5yMYig/4uC2CEbRclf1Q==
FyFAZAY54QAAJvJWJJ5Nsg==
V6I3ZL4DKx4=
iTf25IBkabtGmcO+G7k5sw==
iTf25IBkabsLwxIwr2EgXw==
LTtocX5PrYw=
ygDI5s2ZGC6CHpg614WgTg==
v65F4G9u4bw=
J1B6ykqjYnA=
BqAADSz0aPk=
W3ZeqY1Ay3w=
iWOwA2VeJPpGcqlMBIe2Yg==
T3Qo+x4ybBw=
I7A88PMFPSo=
kuzQRVPhuxs=
kpGlJpVe/qgkN8cUn+mDzw==
inM/CE3UY3c=
k/sr5RNRPwc=
x2j5rf51BCM=
ezrZl+pUkW0=
HlntwqjM2oA=
hYS3DU1LDkg=
LuSUzTbfH38=
/ikwMzOdvGo=
mWog2JhJLVJWPjP+WnL2DQ==
f6jlKADG6Is=
QUQYrPAhw2Y=
OdJNiA/Renc=
H6+nzVOxLFY=
Q/8BLuxqHi4=
Ou06jJcSbBE=
XjOQlJWE+w8=
JSPQwLDFECk=
RhYeEH8DWto=
Ih4bsClOi8U=
1cHN/RXM0fc=
V2CKk6NBSys=
P1EAphoAPBk=
kUel4HoGm84OD/prrsAVIQ==
mx0Do5ZS1s1HKISSOI2rtw==
RvTTmeBFlCs=
019c7y+qfhRGNJb0sqNLGw==
7HDKuUrNrMM=
Vt2j/g/zR10=
aADIm34SB7c=
yv53Yyo7uoj804TWXOjQajd2zcsdsLlp
fJ/rXATUphHRqw7m4k2cFA==
JSfahNf2YhAPVsy4TWslLg==
uDHEcKWOMGrLqZU4T1AsnA==
qwyQI7D1nGqo67HwtCqFTQ==
XTJVLO0BwUvvdpJF9hTdpg==
CZSvq8oUDh7VK2/odMJ2wA==
j9Stshl9OVI=
v7NtHzvNRMA=
C95Ge1RXktju8a1gQfrwOA==
uVOvH8l3OWoeDBa9Jd1mgg==
B3UTAxNJoaI=
zLxEA89duvs=
ST7MPrhgUCo=
RN1xBrWGK64=
s6HoqWZMR88=
Pafqj/SpGKA=
fo4iJfCNJ58wV8GWVyBXnw==
z2QytqT2zvU=
aNCig5XMYNg=
CNwGy0jT73s=
nFe9iCiByys=
jFtGj0O0QIs=
inrcE7ljC9s=
sAkuRl94UUQ=
knXqDN0npww=
Oej+LbsMoSc=
4Ax9wlsSouI=
wGd6TvJr3S4=
pWkmoc4PL6UmbbPZ+hnn3g==
Cfv+7s93oe0=
TLBfHHT5/1EyVRYMaRuLaw==
rE9uWrB9f84=
Wv3nbhMktQ1kSJHl310hQQ==
it272YEVzVh0TnCapFDZOQ==
8dC8IoNOjDs=
oPnhY3+mYhg=
cqGVEMtRdemPafEHfXb70w==
JczLGgbjoLGcB5Csp+Z4wg==
webiqFzPjyY=
zngYM3dq50aMbJAwMtrXaQ==
N/shHBvwuI54SIy6FV16ZQ==
cvyuRtRwP04=
tk2gopB6yZo=
UWiWWc7UDno=
Yut+7855yGFfToFr74waaQ==
zq7ce9RT9IDSHj1otRmt1g==
Hkt7Nc7ja7ga0M9Q1HrgPA==
PJVoSjfU6JM=
wPJexYOBlF0=
GSTJdgV2z4c=
zaoE8vzphaLWEikIhcUxYA==
LrDzR9F7AUU=
4fmX3fwJcC8=
5EjS9OKbX6dsqFS5S5SGJQ==
MNF+NDfwoFvbLEXXeGUMsg==
l7OcNfi2b0Q=
cCg3QOe3yas=
flaHWbfxC5k=
yiMhqocv4K2Gkq1a7RqBAg==
7MJ7gx35FCQ=
/Kjlw4fcK6qP9fC8ssebJw==
iCxD/CB7siQ=
p1WYxu7yfRk=
DJESjfYOjE8=
dHyasBOs8FRCjmk9dq+6FQ==
tSf1UegQjiDnanCQmX9UYg==
qFRSiDRgrgI=
Wjg5E+NtYiw=
yO5x4CEeHOs=
mObKVX4pgcU=
34QJDFbHS1w=
cC7jOEv8bbE=
YW1slUj6z/nRu6xlAHe8ig==
ngCc8i/kX4A=
zXeiyAMwIz8=
zUEA7ODC98E=
8YVOskyN/w2xCsc7LRVBuQ==
i3hqV2LHBkeeR6z7TfngRA==
pIP1CQ2Svrs=
DGcA6Rml8Vs=
/KoDHJfeGOU=
AQyCWB4BRL2pWvsNaS9U8g==
PylTf23IkAE=
t1G4fQ8mrLwV0n2nLzKMNA==
O41aXOvJbybyKgQQIB7EjA==
DSAdliKUpN0=
u6tJyH17gxQ=
5ASDUEmEINU=
TBSa73jW/Bg=
I5WsM8/2E/8=
wsJBTdUF3cdh/6g6YtghZQ==
9GdvRnVqYWc=
J6sjLce8EGA=
9fUCvg4oPMA=
jr13dwbkplA=
zv+7GhU4dXs=
Yn0zfU9Z//w=
jF0yDO2HD0I=
HKh/JA1LGPRJN+jqEaFDOA==
MOw1BduVosBZOY0DJk+jgQ==
xKU+YGgZaVCIXICne1dA2w==
3K1ckxi3xqg=
LWzPEKxGxvo=
sXvIOxRJhXM=
2mJbanj7pA0=
TJyanYAcg+s=
kdWZimn/HGg=
0YL8oVNNxco=
+KFpUTLD6qM=
/DuemLFxL+8=
Mj+rYqUrsKaL12zkHP9HSw==
ZUGqKr+o3nw=
ozaCqeMc5O54EydrSPP++A==
M6Cakb5Jg5xwQGjxGdQctg==
EwpWTJf0RhQ=
r5f6Dp/OQgloGeTGQhXtwA==
rFNDc0tGyok=
y6aUXO6eSaM=
jc9LGKGPYQ8=
lh6xANcrjvCtSDloLscuxQ==
+QWDKK74HfU=
9SCnKM2gpd4=
N2B8qpIVzjezwTRdMi0FSg==
wzX2yrhb3oo=
hnbc7G6Yh/3jOQHTfnvYvg==
0gwS7O8M+x4=
JVJSchbIkH0=
rshh/ZCGljQ=
yhRkInd/eXixHjKdvIMRew==
3RW7hJyRZXc=
elu5ynzSieM=
GLT/4whMeoc=
ouKO7j6doy8=
QJLbOdmqcKo=
xpx3rOySLgn1jwmTpwbrnw==
H2OiWEhfWPKCfDYZpjyqdg==
4iOLrCIGsnbYT9JpP0Z1zQ==
oZ14HwbmyKM=
zZyIp/pj8TlUXBjTAJWvwA==
h8SeCJC7uxM=
Lzeh9rgo62M=
wcv2cuHpXbw=
uPBSLrBrzftQ8fJgXzvkJQ==
Avg68sh1sS4MV9uzIGtOtQ==
O5bWdOwY53A=
eEp4eo56Dl/QYJ32ywRJXg==
lDhgoXO2l5Q=
cY3tiO7ttL4=
61BfIJJBdWG1ccJfRVvIaw==
YdSjl4G1BRQ=
ZByf319TQII=
fpvHL/83zdE=
tkSxccYXQSg=
g++hJ12zyBo=
wp1tB+g3iTa6eBQS4tA9qA==
auJxh5fd7Ks=
XCZXPwNYykzO0EZquZs8Yw==
BLhNDi7Jqyw=
igVN1fJrZUE=
0DA3pOBxEak=
U/EffMW2Nrg=
t5mKfQiy2pA=
oDJKK2X0kmkfNH8PmDqDMA==
YY9/pW91b6alqQRXURrDng==
6EzMoVAJxu4=
VQX5USwvDqA=
IzMWzx+FdZM=
datbdP3Rkfo=
UeKIsC9w8BZMZ1HwAneGUQ==
G23au5q7jc4=
U6eU3BEEjQ0=
M0HWZ955yuk=
9Zg1xPErsfmvADVA3OfDDw==
WH6fcz7EYmg=
c97nhYguQgc=
mJL/65TRzeg=
1Dfdq3jR2qBYWKji0d2hIA==
dUFwJDEjruAubOy/FXKsug==
Cqb9sKGQeFrhy+9Cq8k/wA==
cCJ3P+ERhds=
QBRupUPD5HY=
+OJSwQLaayU=
m7ioPGRtP9M=
PGs8TTAX0kg=
4HfpHN8Oy3s=
XD5x5mjtebY=
7V5QiARgQok=
KlbH2FvxlXc=
EYgLGD0BEgc=
KSLQwFYP+M4=
h2DGVeXyWmo=
l3NM91H/ETM=
PpvWsaeoLXM=
0hJfNGntoYA=
mbQ7uICDvJc=
KsHVdDVsNI4=
sl5xQcg0Mic=
Kicjb9XOlZ8=
KTgZOv6gKug=
XUMqX7nMSwo=
tbg4U48k8CZ3QMiwOVNB+w==
rXORVIRhEDQ=
BQ6e4xscyb4=
/orWDlIS5zY=
x9/kN954r1Y=
AAN0T01Ki3Q=
zI3VnM2PlTclSvMarGLdHw==
vi6LeP5ewgs=
Ijk/rXy9wf8=
rwoGjz+AtZU=
eFYXhR8OXVM=
xU5BnnAE1Kg=
ss66IB0hk34=
KKP4/lG/YcM=
sbDKiP0Q6X8=
O03CHTIxPg0=
PtuMeXwubLQ=
q2SyxU3tdeMeWRxFC2uujw==
FN2V5+EKVK8=
nbGWQqRdnEc=
E9iw573CABE=
qxg+7GOhWqo=
Z4HKZAGCoys=
CF7/wC44p0Y=
OU6vxH3zqYk=
pKTHqX8FY2M=
m3UelKJ6M1w=
Dh4YFIHOhaw=
uxexjCbGVVc=
N/ZP3o0d9tI=
QiIc2fb2GNLuOtA1SKcAXQ==
NGQYVJWG+50=
N2HwUjfy/nU=
DWXixLm+ahc=
ISKmuIHrHws=
PzdnOKYP1c0=
xubKrr4wB0k=
VF9OwwPQrDk=
13GAdvKLJ29tfRI0V515LQ==
wiMxqSFH3UI=
+l2Ln/FTUOg=
epuZD00FxVI=
NUuCHetXrKg=
O4COJOGlTUI=
Rjh1WdOH0C0=
OLFEckKWigE=
Fz7HJcgaVd8=
R8XoJT2H+jY=
d69+G5pzqaFccf8NFI+Sww==
wUsIE+BrblY=
2glYpZqPrOc=
8FeuWFRFNtA=
nGQBote1J7g=
NO3sp0PODQg=
ABqaR0o3Nyg=
UCBzgnuWqL8=
bxc30P96vq4=
oea/TNq3/ZA=
AgIBelU/Tng=
qYdGxgUxAxHAy2uC2Nltjg==
pHnLT6BNXEwBl+EyGIpIHA==
MlnCNExyZoqdll3+U2tN4Q==
2svV88X9sjU=
5OpfZbCAMM0=
G5+8o4vvPkM=
TQS5kgZbmes=
0VDSqZST/fJeHgBgs8PwNQ==
44odOD0qk7M=
x727td7vWUk=
iLfMDoaa4rI=
PZmzA8vr4eU=
MwUQeJ65fmI=
y3JW+/dNAL0=
6/TSLvVSXA44K5o4o71t1A==
twRbjikG2KWKZherzVloPw==
kRTu9cpAX1eHr9y2hAcWtQ==
LI3nxLz+qwVUjadem6rjkw==
LymWX7rXSbM=
6c8HKWlcfVw=
tnRB10kqeGS9ERx5MFDY/Q==
6RHs8nyaTes=
YRxQbIAP1xg=
0inBC2mtBNw=
90bq9+322DlGkWkiHv6wyQ==
t7MXrs5RGsU=
29g/JkVUhHo=
N927SofOtGvez69Y/hj7xA==
IZtD+6K5Cxg=
Ju6v0/I7gFA=
VUtzfWd1e1A=
hKWZtwnvJ68=
gaC4FdSKDAM=
BICqecvolg8=
m7HeoYvf1Kk=
K+e4V3Pbuh8=
vubXuJO4t+s=
YE4ESrwXaPA=
TECJzjgNxeI=
0m/EMN5vJeA=
Fucn3CmnzNVkPa08N20++w==
RAyQ6gKh3Z8=
7fJNLQHwjjQ=
3tSFKP24gfI=
EIfQ2ssvpA4=
e7inAxX2BVs=
M+dUrdEoo0M=
1VvxTuyAdyA=
uVhj8SYxW0Y=
z15Ba4+YXAw=
ZqC1ZH/s8EOklNRCjxoZ0w==
oH7WXqE84njbYpW/iEn27A==
2B8Twq+dQxY=
vU0uYFEE9j4=
irG2RyZhzig=
AaC0h5XPV3KqNFY122O06A==
buOUuWXF5t92lA/yArQjuA==
hzGfytMU828=
3Vo6PwwSCt5Q+CpuyuuFJg==
DGQHnjAi/0LwmlBUw6Kzcw==
FZptaVRRfk8HI5S7O/Jdhw==
KLrZpoTjacS9q4e/6FTIww==
6HMAx0WvisadNLsafJHQOw==
LLEB5qbzYJquKuUBxF15BA==
m3Z3lRBGCLefTz94IAg5iw==
MfltZXGRZGsBVcZARTdLQQ==
1jC9ZqVLx5Ub76e3KOglXg==
p72KISCFknzD27XpQsUPFA==
tUgn9O0MFSM=
de+XEZvQ7dI=
u4gQy12QC2Q=
vPMZ+LUkFDs=
K0EZdCXLSns=
/yzzads85hw=
ETJuspDK7Sc=
0wjFsiyN6Ek=
n2ry5ux6vTw=
j+WETBVB6zg=
xUNTE4lpIV0=
gO97BJtdtRU=
nkrgbTqEEAo=
xvfCZVbgM2q7HmxbKmwcuA==
EBzq594DsM4=
gnCgMZje/kM=
80unuIpxAAU=
Kxy3j1mWWX0=
teNfV8gRiqI=
ZFTBA3uI12c=
Dzy+0vKQbNg=
t1gRFZCkp+/T2V0a0hx2rg==
6jGGBkXPPDI=
uaMVwPsKDes=
4yYR1fyPut3ufCHrXoB17w==
zZEgUw8MXEQ=
AfGsa2qhmIk=
aXCMM2j2mcc=
U4Ttbvr3xsE=
BY2bad9ef/gtXKVtXYCStQ==
qImE6y1LRHLLbvqAlP41mA==
4emQL5eLCCM=
Dk8LHcZpIog=
lpRw9HlZSw4=
yxA3UVNTUU0=
5Eteb43o/VM=
2+fex/1OS8c=
j4+JTPb8tak=
kx4vhnnpmdU=
ZhOCwscR+fMtyJc+isDJtg==
ous5elpybb8=
rW9dnn4eXsA9L4vbd+rm+w==
wouEq7ap2/A=
PbQDMSk5UWBPfSYd2GuL8g==
yVebhsMnNVc8hf7PiOXPpQ==
XrBG5tojRUc=
Mv5WyZuTHMw=
LxNWaUW8fis=
7jb1I6mF0P4=
06t4F+E0b0I=
ltK4BXny3cA=
SlhjOdKh/J4=
mJF8xXinVS6HyBfLF8w91w==
hxCZKEHhq48=
iBXuAI8FhPbMdfuberyPnQ==
ZTmMyZXGdWUC86WxZqNusg==
yOO4MbolguU=
OKsGg2vCFBacC7UNbiYiZQ==
OKsGg2vCFBb2KKwTMNgX8w==
of4JkUT9/AQ=
+ns+Ub3MV4E=
6yqMH3lU/MA=
yfWyLubO3mpo6SC26rndfg==
qaaxaCqZZno5pGk7+j+7rg==
qaaxaCqZZno5pGk7+j+7rg==
HMRI2GuUDgPDf/8drgVpVw==
SP2ZrZ+EqKc=
Chb12XhpTYk=
h1NLiPbA8B3zqIwvz937lQ==
N0t9SKqbLck=
SXEYn2U/3Ao=
L3RIBb021Ps=
nd7DRj+DIcBaQeMW7L2wKQ==
75aq/6SdELE=
wrpFbTC1TCQ=
5h/Gbmo/90E=
tZxshdsYN+w=
1ztFjWy9oFk=
N2cMC5PaRbg=
TWT7c6trwbU=
bkYTI8Z3EdyQ9G5t1b2uFA==
IBpNOyVqsXw=
yOMANsg+Mqw=
tTCzSxNsYBA=
KSoAJl5YBhI=
8l6FLya0iO8=
G5ywZEa1C/c=
5Nro4MzcQYtVzbd2mrf86Q==
BEeHL4RyiL/Nr47GnDSH9Q==
oPjIACjQsnL7iCXDH4FI+A==
oPjIACjQsnILnecP/hFqjg==
oPjIACjQsnJAJ0XB5pQ2uQ==
dIlbHzJPJow=
fENUD4UNTt0=
tAb2EHWEG2E=
X3miEhCfgcoBfemao0pmlQ==
aM+0i0XfVTI=
qciSPcjIJDM=
O0hx/V9MLCJvhySETECi6w==
8cK8xb9F3ao=
Yzt+muBJlG8=
4pQN7EG9CVc=
MMp790Eaef4=
9FXsIv8uuq0H2HRoq3zQ1Q==
uIdgx60lrufHzLuVDIYbIg==
Vld/UFUc4vM=
8PttG7LxQSI=
lA5P+u37ab4=
7GmX79FF+SY=
XMTQqZf6xDw=
ld+ATK+i+ucyLyzFr+sBcQ==
MqMc60T6/eU6KXN7Tpqr8A==
6Yry2e644vvsPlB7HhXLog==
sTZYAWfTKBf1EEUTl1baDw==
P96KaECk4rU=
2t/OPC4ugzg=
F13smXN4un4=
3oyrgEv762Q=
UWcP8kIxXSI=
HMRI2GuUDgPDf/8drgVpVw==
O735SU2KgRVK/EXeAHvOcA==
CMx3HipLmXc=
blv7+gLciTU=
BmObwp97Cj8=
fw/9q/WAY/0=
OkwcY7jJJAs=
qDPRJFwsqAzaeqO70gpvYw==
5mSCMHAgRdo=
uxAORYh74fI=
LDqkgUhN5jk=
Zx+hFLd1uMM=
/M+F0bjRJ03qrSt39+bD8Q==
peqFj3aCTbA=
BR82qGrhhj0=
blW67Hy1dAs=
fgLp4fcR6Gg=
kzyHMQC70ug=
Czrk6VoryIw=
6NaA1Vw1PwnSVsCeqPvdAw==
tQAQn3DwG3c=
uwhTfYwCg0VpULa6Ax+ouQ==
XIoY6xKJ0iQa/X6xjw5eOg==
tVQq2JIO+2M=
MIVcRq7zqK4=
uBImDNTN2mc=
pDzcHQwPrmg=
73TRBeUR2Tc=
UjGf45ksLBo=
6eF18FooYIw=
wqB/OazABpc=
2uNcCwd9xbuSIuh6HrFp7cxBbDCRpfO6
K5Lq4oyZmt1QNd29YBHY8w==
RmdPRrGi6pXWIMRwbWh60w==
FLcP8OaGSqw=
+LOPxxeF1Yc=
CPBytk2xNSxbjBWAfxu/4w==
U0z8zL2bnfDm52RjBHfglA==
U0z8zL2bnfAidNRRMf4Pzw==
bSLzEdOsym4QmnG9NIemGg==
VjQYIVduO7U/3kXIpiL9xg==
C/WGIZzf4sA/rUM5/jJUig==
fFvKXDgMlDI=
kfmNP97XNqw=
YqwcXXouPtc=
GQtewSCawZDKQvd9+jFo/A==
8Z/0nL1tuggoWz/EE2VRrw==
LZBiHJ9ia208XJxJ3gC3lw==
tA6qlxY7wgc=
vOrFBmWeKPM=
k/kd+strCDfHuGNeN8U0og==
4doex/nJfI0=
7pwNXKb93IJTuCFZgRWGHA==
JMM0kbtSuOlv2lvp8/5SKQ==
4RmWRSQMlLN+hOlQlAGC5A==
EFzvkN7BVek=
IPxWAsTaM21PVKc0huh6Rg==
Z1+N47D1wfSg/ZPZfOTH0g==
ivH8hvsIrmVZ6bG1bg+3nA==
aPCEpKTSjo4vaoDQHrzztA==
aPCEpKTSjo6nC9ARmR+XUA==
Smj7r0mcfeLyd+ld2GMfGQ==
WqwuQUHGRPg=
8rFiN1gy6jiGdeAVSXK4CQ==
X9f9rvzFmhI=
au3bwWabNYE=
Eg4WsHUgHT9Y3YOplDZioA==
NhirX/bz6kk=
Zmon3FUrP2w=
9M/SUOO3NNs=
q8AYGUtp+cg=
qU0Md/ZzbI0=
blx0iiukcDk=
EFdqsULJujYvcRSpe+RsMQ==
QTFhjHscBkU=
cgWU4SQyuzZZZ8VlUOjmVg==
0PKNePq0fpKadwdy57MrcQ==
9uH09YFZVl8=
BhIc5yr0bT4=
um/kv8Cq75jazOsa50yluw==
nKpITPwvc7I=
GVkuRYJqu9M=
/2k8Ba2Ye8I=
UKJCiwqgMgzkE2jOzh1ZkQ==
dH7QdXlPqAXxpOwea4SmjQ==
rV2IeIhbWxM=
Z16Ss7knx1M=
rzaAjeKMpeU=
Gz3lc5IZA5Q=
qPA470WW3rw=
b5sj2s1bTb0=
bkNQg5YMW1A=
oGIHhxPUmc4=
tEjsDt6T0dQ=
twOlY9FumZ4=
GHMNiyaZkOsFISN1hF2ing==
5ubuqyHDoHz2FXv8AJkKNw==
H78u/T4oW5gxfIorqUlEqw==
2bPusEY5wZc=
ZM4xEm5jO8m+y/W913Ue1A==
SEjVqNHJOZQ=
4oHvgXM4epk=
deozjXokEEg=
wgN0mp3tKrw=
w0sxERfxVyg=
t/i9nvk0NQI=
B+z3JpN7FlM=
dsgCbpOfGIt+srxj9pHmxw==
O0cB7SGELZsK7rQmvNQ0mQ==
TBjHZztvw94ckPfenE/G4A==
a+zhbs9TQi8=
58pYcziXbIp8/a18PDEacg==
6uFECpGl8F8=
K1FcA1smSEE=
kE21MEhfzM751vQfnM6/HA==
F+jSqVF+t80=
t38wkmHXozuuDyRt4ypz5A==
31yoa85ChAkeSXpErfN2TA==
8uLYE7VP9Cg=
OwoOwbPojn8=
CzNAO7Cmtfo=
fiuqISezwsI=
JWAhuLpQOd9jncF5kW3Pbg==
M+dpJdBEa7rhcaUqvWeRRg==
M+dpJdBEa7oWI3+uvl6s4A==
ma7AkG1MuHI=
bF1H+7EwKCc=
3eP1Zcy+b2Y=
jJG4uXaVaWg=
LTu0bY+2ukw=
+6TaD+oh6Iw=
FKuBHI077Pk=
YxUM/81Ial0=
UiMrlvQh9ek=
G6Y1mhVlAe8=
2HFqZP6DfXU=
ay74VZdepnBt0q5OiHuRnA==
A0/AaV68NZIpVrrdLS2YWw==
jmgkFsW9Y2A=
SQW9ieNcKvg=
5u+oxYxtpEo=
GA78J/qgvo/iGdRbnleE6w==
+RwjJvQb8FM=
byOH3fbfzgA=
3PkMwVIZR2s=
DEZ2l+mtOXs=
0xTy5ka+ix8=
oEiJkG6m6N4=
5f3LkCPj3Agajmr6QHNFnA==
w180uDu14t4=
AxSO8E0m8yg=
hlwIZZuIRBQOhIvg2FpCPw==
Q/h2JSbTtlkMUbNHXU4ITg==
Nq3AOSCyHqpTD1jL4b0Syg==
qKnDNfkOWnGnjEBYKx/cKA==
G1ZuP/YWGyA=
iwO4PUGXNpc=
3gNbphy19w0=
3nLaymOHuPw=
02/j2j7UerA=
2Ky5CRmBBukIxzYlFSjT9Q==
8uv8EMdPg/M=
sEi9ec/QNd0=
MCXQjkLa0E+scrB5HdsVyg==
O2q9UE7CMxbIhR6UlOOcIg==
yEZaRCiIVpA=
qnS/S2jCc+U=
D2uEw8kYGJo=
wcew2Btw13yhYfbypgiq3g==
OGZ08s5CIbc=
gI9+VzN02ro=
EhTsln+ytZU=
DYcrWzKVKoE=
6o1eba3HWro=
abIG6zm2AQQ=
WSbzaVWWObQ=
68x9uePT5KQ=
FOAimjKy/BtWKHYJHB80zw==
SOTLh7Gi1lc=
rq3w0PSPJEk=
sBBG6buK54Q=
DbfDr7rHMZsabqp7gDB1kosLoYTIdr9Q
0US5b6f4Kjj/GhEuP3lTcg==
9zzneOaShVI=
bs6W3ZC2kQ4=
I1DUHX6Hv00=
7A4rR0TBZPg=
pAOJezRSegY=
ly4jwZdZzRg=
JvtQIHFOWmo=
F72/7xRJ/w/DdAKMSLww9A==
WRPFzAco2og=
ug1Yh2CGsTA=
N8iScctSE14=
DLZ9DJdOt60=
kJG4tYARxbM=
N/sw/AESDjA=
B7YOI2hAyv8=
cUUttkOPXDzihHx+oPe34A==
73CzcME3XgQ=
pktvjLcjuAQ=
af2m6iDAnY8=
8xflT+kiSwQ=
+EH0r7OknDA=
bnVbii0oCRE=
LAiWuxFvCcw=
jYl8IJuMCCrhpFYw5Sr69w==
tQaiz+bh9/g=
slV6E4yRsEI=
MeXg8QGYOcQ=
QpafXiWxlfA=
4AriGeZ86R0=
mwTd9yRM7vQ=
s4RKxnEMlYo=
JWBoVuE3PCs=
neC6gQXNqBA=
m9f/TQ4ia5XrbQB75FAJvA==
OG+r/uVpF6+fNLHzY3eW4g==
ZoKVbJQN5yC0n+Pa0J8N5g==
1HnML624GuKsGcoYu3mTVg==
rvdpoZ1MKE4=
9580AW6Nx3M=
9PRHmetQJOY=
jjI5rzRbAsk=
sTaFA+yp89w=
XCkI/zoIhZqq9akS69DXew==
p/FX5RyfS5Q=
yT9bqF8qjXc=
7NQnPex2338=
Icqj7/Dk5dtwCZ4UPRTZiQ==
QstrrBZMANs=
nseGTs2BWKE=
iXrOc0HNMEY=
PuYtS/hkhBk3BqmPgXsHyQ==
Dz5wDkcF9EayO07W0MEYow==
Sh/gmof+9wM=
PtNYEW0CGX8=
q4r+KCaEQ8M=
fxZ6wyviMfnUtqMr5Ay94g==
lXGRsw0X951Kie+UPC/ogg==
g49J3YfBf2I=
oFamPzMi9ZSg4IS7IDAycQ==
t53g4h9vjYw=
aVDdcDL5i90=
2ZV2son5pG6TSoMyQ8bXiA==
lZLednEAdWnP1GLKlKpLpw==
dt2e+8U8jUK/brr7QD0X3g==
7wSItYoyPemzw9+yVY2f8w==
nsEMUW9XWvbQ7+V3sfRW0A==
zwNp2fMRK4d6QymN0C9oZQ==
NAmrfFIiUaDb3OkZHgnhkg==
ZOrmIZCyAIk=
pmwT6Sa3M2LLYJCO6jBmww==
brqmDrh36OXhInxHT2QfPw==
V8MGKuI0bR7Q/7g4nNua4Q==
IugG0QhYxSI=
HxlyXFizx68=
3JKWedOoreg=
R69cYSIwM6s=
NAoJeObH+bQ=
iA7Dl/5Q4OQ=
Px2eIQxHUFA=
7lgFd60Y+Cw=
8kD3m6UQvCgbkSgeCzsh5w==
8efytJtvEuk=
Ckp1wkoLEso=
yoUNCp4OWwWqa8Cjv/QQUA==
H6oJk7tD4mI=
o4rE0pxXnns=
2ztJuPIHIUg=
27ANM8HESGE=
FezFNehvm5g=
2M3XdmOYLIU=
rEhBIkAsTQWzr8OSK+KoOA==
X30rVkggfRQ=
mO1qhoCNwyeOcYPoaSlN9A==
IxKofo54XQk=
ZTtUsDV5mlX/gvS0VaDO8g==
xY85rIWeDG4=
cv5QZGaxNBBZKyJ27qzQzA==
VmJ4gtB6XJSq5hUKKo6NzA==
venpLaNW3yk=
hMrGwYKZr5aIuBEBcpfAtQ==
JLZmIL4KDKRatHmhGNUdsQ==
KlXuIflPl7Q6vz0UwU831Q==
KlXuIflPl7SOpqPt0GA1nQ==
KlXuIflPl7Sazhvgksdiaw==
qv8mXxAgA+171TyehPtsIw==
QsljCQ+CnnIJEt7f1bPbww==
AQAxHrAkQgU=
4KPcM+4xXhA=
cfBpShDqvtU=
fpCdf1wgYF4=
mn2Jye2rcitPjB0Ue2PvMA==
VPTSpk7aKf0=
54cQsYhdwx8=
VnDwSGiCjNs=
TQWjye1/RR8=
ovhPIGtNSUU=
QWsVfEDyt94=
khIlsYb/uno=
pljpySmkP68=
62HrY9BmP0I=
a9CMoQCBB1k=
u67kzC1gcYSXg3crmV+2aw==
auopkAHzffA=
k0BCPu4OIUk=
XfDrHVtXn5Q=
cAjmm6bkLzI=
aEoxdJ+iXv0=
zrg/pNqeasY=
NY/IpiNXmWPpSNtHkrzddg==
wHaJLu/CQds=
1rZgq8ka3X8=
/ug31UwWiLw=
Vu7YO2Oq3rg=
mq1BJ7WbG3E=
soyO3GetwYE=
lXTInEA5l/8=
kM22FDwPUcg=
4i2mpAsfCkE=
692U/s2KtkU=
DgJq3S4V878=
k3sfwDyicf0=
8GXYOT8WF7w=
JuhQ/4pC8T/Z59tRhHc7+A==
dRS+XgkdIC4=
VEdQmrMRXqo=
Xgye9Ts92t1HRw2orO0t+Q==
91lPzarr2QzvFsksKEgiCA==
in1+AxTGYw8=
y7RwXYn8/TY=
SAeAT5sMkI4=
EGADy/vGguU=
xC4Dqu/R9b0=
wF/WCzAQNrU=
IGHvbG/Et6o=
AnDMvpOgtt8=
Y5TtJYl8GYE=
P6YxSr4rz6M=
rZtBv//vOVs=
swEe5fQYWog=
wfb/0RzfQt4=
c+ntBFmgzc2ATL90gOf3fA==
nyu1wbOEdlA=
T7pI2RAr5jY=
1FB+o4PEp3w=
Qvi+QZpNY44=
j3YLyO0UW5k=
DS8ojtxpYVI=
zZ21t3d9XZQri6dRFbQ7Hw==
IIXLBaN786W2mPgnn5q4kw==
YvQce6XSwuk=
ADZil/jaLjo=
th0ImEhzDmI=
9KT2mDqR/1Y=
MhjCzJKK5tE=
RwQfwjyx94ufEbPpC/H1lw==
FmR27SQnmvE=
Ppcs29D7NIk=
2fiKnOdauQRZBYjwMLNv+w==
dMGXZMKd4Ig=
ndwRD+QkONA=
WGphpKkLRPE=
g8HnjMIVp04=
enGov50J3vo=
oE8uctJGcdk=
FR0FJZCSLIEmFNaitL+Fbw==
B19itVPary8=
PQaK8Ox1Lew=
3XOec25yd2w=
fOm2pxmgdYo=
1FLV/xwOykc=
MSwM+WMPCFI7Akg6DriCoQ==
qQ3srMkMsn4=
kHDGS67rM6k=
XcbE3kYkXqU=
T2IGywYB+ME=
ar0tahxRm2c=
unvbML2jfek=
xO5tucU7+Eg=
RhuPHaPEZx8=
7R3aXKCy8Ks=
+KRD1fipPqE=
I/NHJEhUL20=
D0+LnwzBklM=
Vm/6XTZDFG0=
seGYvFE9WuQ=
FhviyNRQdXs=
0TKolVI3jgY=
18n0T69Fj4E=
C5WTne86mak=
mRNA61PDG4Nz2iJAyAwF6Q==
pi6XUdZtaJY=
3h3KfRXDKYf647VSigFwIg==
PtJmnbytYgA=
9BJAlKvaE80=
mhOEUWrolHM=
9b83o2Zqlyc=
FANQJANNJKY=
gf7d+kszASE=
8Pu1SBY2Cck=
63cnpUyA5YE=
JUAKABXQTYw=
0wPtNlKofsU=
4GzIbbbSNv0=
hjKLecJXckg=
KAor1LACas0=
pVj3DrYET84=
/AQgvRGpCfXE8dI5wgtlpg==
YUh5hMxZif8=
cRjmP8pzNSk=
R3+AOY9zQGc=
LvijD0e83Fw=
CIdjwBdbPTY=
mybiwEMs1kc=
8F6AtiFanNc8cMaEsn5SEQ==
zTrwtLlgTXyL+dhbhUHY9A==
ujzF+HkQjREAcnOKduIGog==
+Gu/8Ww3fll86y+5HSuGRQ==
kHh8943mYmqyMIMc3KNiPw==
hO7vh2fT2/I=
RXKDPBfrqt8=
j2eyp0kwLvM=
aBm4P/4GfL8=
jCI03UVFl+zKAqXWhL9gQg==
XGtzJTs6f/Y=
IwNg3NOPqIs=
oi9l3dNA8E8=
RulL1mTMroE=
z7Y6aRgw24FbN8CiEsJvaw==
2G/eODDKq1YUT4QYmLmAJg==
WMK6MvKoxMQ=
3LUT4LNdLVnVDYeIMV/IyA==
c4U/rdvS4B8=
EJUEtaudrMk2R6U3eTC6yg==
ndAT4Lhqo/Y=
xqb0B6wjF+w=
/g1+05f8iOs=
CZiDSE6rAqo=
OA2lX63PcIyodA6V3qsCow==
8YT9SVoGkps=
EkAWveT5dtM=
b1gshj+1lFw=
omniIORFvGg=
/M/l0BLDq6o=
UPayHKJXJaIypLLfCStmvA==
UAxApHLiHAvZZ1mDDVVvzw==
KcrTB2Pw6HE=
7MbBzyE+UAw=
a8N/18XKGHs=
f+WBtl0vCRk=
6IlWXVfTbYo=
aBSS/FwbN48=
Wamb4BnCwGmIpuHGxJVWLA==
Kms7DRd9i4s=
bv33AhmLkrY=
+XoLFw8hJP0=
gds8sn4PgRA=
0VgI5w65Sso=
ZLneLUfOkG0=
UEXVSMtETY4=
cpIdW9KqtnQ=
K5WiMFG+DUQ=
LJTmVXfDsr8=
C8svOOGrZR0=
X4W/eNUwNqg=
A9yc+Px0ZRs=
l6lrrKCwTnQ=
MqMygaHmNew=
kZgo023hWJc=
NqApsDfU7uk=
X1167nTb+ws=
cQBxZ/aCUvQ=
2xeczjJJCxk=
a+PAEsg99vNBuzoiHog5jg==
qmyz5vVnvMs=
zQP97SBtUVvSPGMvE9ZAEA==
n74WTBkrL6c=
gZ3kBMttay8=
62WryJhPA2A=
bw6FqYhjqJc=
u0LToTICr1+Haz03E3JGQQ==
wXot4AtbXnM=
aTQZ+w+0hoFHjh4b41pz1g==
6iqgUa8hZ9k=
N79c1qOctyI=
Yj3oM5g08iA=
mnotg/IvkgormsYKc2FTfw==
iIgjeyaSs9w=
zm+7pczEGD0=
50nrNA/c26PrfD/TjjF6iQ==
loLtoHNlxnGWzwYC1aCZXg==
9BQQvDZS5lqhkYyr37yeEw==
vfVETcfBupE=
/JF4sCeIgU0=
6F836pZ85IBnmoL7Kat1jg==
smlXnGAqQh0=
VLGs7MrOcNM=
TxQ8ox8gxfw=
0N8rZg+tpnY=
mzaEMs9hc/g=
nC0zKUu0/KY=
+M+8buvcLXA=
a3VS7r/G1Zk=
BzDmRamtDUIKhxaRSoxBrA==
MM8viqLctQc=
lzMt8VpPijY=
APauzLqPTns=
GSc4ZPXK/9o=
SDoCkSRUadE=
LhjZ9vpuv9Q=
MjJnxONcHvI=
W+UVmfmceMs=
LwiktwLqbBk=
NMeVLO8ZQPY=
arON2gAR7tg=
vqn6ms7b9LU=
Sk9BEDPu27s=
jiqXW0iPNf0=
jVt3ViGuanU=
/J6Em/opXeg=
8PkuyC8UTG8=
yes+yICMoWs=
THaLv4PLtBQ=
/3YobWn7SHk=
WNpFOcXdhLw=
Y4YCRoWmSZs=
ivnkRrXCOq0=
t044H4briqzWRsXYi0Xmew==
mh2mL9QayhQ=
NWx8n0K2IcYQa4fjOIcwGA==
h4l4fEbHFNk=
2p5hfMFPCKc=
THlpdR33SuI=
4c47fJnCD1c=
Br7d9j4pMWk=
oLbcwo15sAY=
fnBSTSXpnlc=
qgX9Psq4y/A=
NlzLmm5xh6U=
OLauR070kiQ=
ekBzKFe3hy0=
7ycR7p4cB24=
TSuIqZlpmOo=
xD/oXLfey2g=
jWqU1piwoYQ=
IWlKby0DIco=
VQNVVSRnQD0=
Rbf6cACfwOI=
nMHlFIq2gw4=
Ai+zT3XtELg=
F57Lq5prdMo=
e1JMXvlxDdI=
4Ic9aOfmPZs=
MBJ0sEI0KNc=
3+XjnjqgmTE=
A+T42pM244k=
6DIkRJpvCUFIqRW3oV2eBg==
IbihyxCpQf0=
8/TjWFCAVhU=
caWnJdDEbwd2uReWJ+/QaA==
caWnJdDEbwcBbONLwXMVCA==
NGxNhXpA0ZM=
ALeCttyRabH2/IBvJWNrjw==
ALeCttyRabGW7g/o1FqJhA==
QYz5ydW+rxD4Ii9nVmRA6A==
TuI0UmQiOL3TxC8yyHLPFw==
SB3a2+rPW+7AQeUIqw/ABQ==
eImxo9OapMQ=
eJx5km0Hw/M=
7vv5rDrzvFs=
8ulJGlMHRrE=
D3ZKOgXuQjo=
M2V2do96E41hDLfy/3n07g==
nzq5TrwhXD8=
521SDkUHthY=
5q9V4e7uNNE=
wcqQWQ19k64=
EvMBTVuAVEk=
lcpVcNWzE9U=
+yeewvj9j4o=
tiAu9/EMyUk=
s9njbDlTCJ8=
v2ycAGoQYng=
CS8sHa6KxXE=
OJD0+y6evqU=
RIS5o2iGeRBc+GqQtm022Q==
UjiQLoF5eJo=
6BHgHT/gomY=
Zd5JH+3+vYs=
nZ3ncVgKlXg=
kiCPUtSBA2E=
PAMKsdkB9qw=
+S0ROFPi7UA=
U2/5+n5dQbjH2HIqnr36jA==
2O5p7ne0AHebaNme/AGs0Q==
KoREyJvuJsc=
fuL1uZe0HXg=
T6DnzDO3IqJrOmiHbkMvAQ==
MdCazDHbAk0=
rQ+rHQMY/VHh37yw55e1eg==
+N7zTxi/3RY=
sJ3S3Wqdk7w=
lQy087jC1ks=
JZ/dmVIiCg8=
makI2Uzl+0E=
2osUhZtyRUU=
alBitecS8V0=
Z1ftZqI/zZM=
APjQT2vyqDY=
x5HDj2Lz3MWJApuCsctbVw==
ikYKCdogKzk=
9qg7h/riyM0=
OKLMqitft2Y=
hjwRpDa4cus=
kipYCQ2fpH0=
mZ9VUjEp1hI=
cbr/0YRFv0s=
ySbQMqgEk3g=
a0ZFZVPMdQg=
CeToLlViZrY=
83Nau9w1CJs=
98a2QUK7xXtLD8cpMDoe7w==
w0sd7xbsj+Q=
8sOP4lejUro=
0UUKUdUD3ro=
jvRIQRA0i5g=
cxLwdjaGDLE=
FjeZikzbfFc=
rL3S6yuk2bo=
tpIB94vrxjk=
b24MC+EeUm8=
KOZyQQOsTsY=
6cwgAmqSEX8=
n3pMUxRqZeY=
weLWoK0llII=
tM50tZOWrR4=
SRYcAyOL868=
i/j/5KYAEy4=
iMHAz6TZSac=
LeKA05QpXnc=
TAo6gRaEMig=
16maum46dls=
yUjscz0m/b0=
ea1y4hzrUYo=
h6vaC7CKsi8=
YBojQOpNe9g=
RQlivotbCUA=
G8hz5Yq2iMA=
2CTe7XG4Zlo=
lGai3tCg/W/bj+BhEg8DJQ==
sS1A6bxTY5M=
qG+xr+L23xE=
5LLUJJDNByvOOdlIwVkOqw==
22TewCC+hds=
4IlpimpvfZL0UEIyYZdSVg==
3KMSuKu+giyrA/sy7qSbFQ==
RMUXW86tLx0=
SFZVOfrfKqaYVK8GTSWfuw==
cDBWSTg/6AE=
MbYAEasp1tJ5cx9hRpChxA==
8twYfCjYjoKfnKInLVvrPQ==
pxm1bGKn+Uc=
x7/ARCFH4H4=
olOmwnyMGiwtbvo+yE+1SA==
OeDJZuazJVM=
+2aZXKwnKB0=
8O3u871oy/s=
pLZwc8cMoJo=
FSu51A72rHYKPlLLL84wkg==
xbH1NWRL+X3WWUaj4s6Bew==
cEhv1DQgUHI=
dLkvgNOS5fc=
vWn4lS2Yt7g=
xjj0ISdsT8A=
P5tKoZxazT0=
R6mCAWeNpauWzrDSnwHV3Q==
X3/DjOETA7I=
C81ZzIGmIMs=
HdeNHJHADM2YD++w/odnCQ==
K8mgE8CQk00=
8Upmt3I2qno=
7zdftuw8YbQ=
MYq3j2KTPic=
HdeNHJHADM0hEgniaSa+ag==
Zg9Tl82peW0=
RbZP4N0TJic=
5oXDk3xJZoQ=
MhhVJhW4NJQ=
kHp5v9Os9GY2WOpfMHYzzQ==
vD55Kcjp0fKaP1+ufZeIRw==
21O2Pct965Q=
7+hggd7s3phOMDwNJZPa8g==
celetbmYjNBa0+g445BVNQ==
saOla3a/HTw=
Bky9PxRpgZ6hMwSbXCEWgg==
ONkHr2X/5WM=
aYCYJKtHN1opaq4BzGnm2g==
MgYYf4k8cP8KdhzjJCvFgQ==
2vzx68/nzk8=
CK/7wFvwCeM=
sf+4G1Vk5K4=
bomNt+P4TVk=
uQvgdwaH71Q=
WLzQppYSk+ycwBtZ2scbuw==
QXyrzcWgHJI=
+pKOmDSmu/69eYaeOn8Osg==
i073Pg9tSH4=
rTwBYBIowHo=
ns6Nsa+j5AeRki8rxGTXdA==
0pIpPkIBPbo=
yCpYKOn6Tt4=
RTb4bINr2wxZTMHkSQ5gug==
NYpRc3uiEPzMOAQCzCnEUA==
P1jtwMe8rgk=
64ybMTtoVgQ=
rhugIv/NvQc13eFSC+FPYw==
56E5kT7jznM7m0nhVf6aEw==
fRoVcgaJfUo=
7opZUtCgSKoZ8I1ta4AoAg==
k6B+xc2VjVDnCO2R0ICanQ==
Q5y4UPUOpto=
0ydLivoBjH8=
jtd1cbVJ3hIXbqF9neodhg==
jtd1cbVJ3hLrlGrR0Yspdw==
AJXb3TCtIyU=
aUBG0KOnbBQ=
aVcZXEO4Rqk=
3bju4Vv5CO6tiuYWqcQe7g==
3bju4Vv5CO4fQuFsf67ObQ==
CJGQODhMxq0fVXYR2eujwg==
CJGQODhMxq14uujgqZACAA==
3jG6QiTT0EtFh6ZLuwrCwg==
NjaZ3FMh124=
LccNlhCvqFI=
b2quJiJbkHE=
29VSk1axRZy8YzPxH3lqHg==
cLSuem4IH2o=
rLkY0z1OKvU=
0pcElreh7rk=
nkn1om0ckvk=
UrKjoeWETKs=
zNSdNWrchFk=
/Ic/pqccvX0=
q1z1TqZ6fkE=
JpkiHs3I7rI=
UfJ9lKSedAk=
1noUVmXQbJ4=
MqcQHLK+t1Oogsmm2PM/pg==
LsYzk/8De/OKW8tUftGzyA==
bfL8vQKZGBQ=
gH0qBO0/sVGqyHwArvn7zA==
r4G82W4VDds=
7UJXBDSr8E0=
QPyT1jyMG/4GVXv7qER76w==
3wvt1Ezm150=
V9sp+1hU8gU=
4KIvrqWbQsU=
lXZ7rI5GqnQ=
DlOncVnKRs4=
vZkC4Ig5f5s=
OmrWgAUnQsQ=
hIuyw7C08qk=
Is/KDn6zTV8=
zxnr0OdRrZ8=
OmD2799+OJg=
SajSRxfRUBhtDlQFS99Lng==
d01pKo+jSs8=
Ukubz4BAwTc=
E/ZbbWOwZSgXGoXn9EvU6g==
YZOfjLd1aTk=
VqhHQPPAfKA=
lK2efBwV/jY=
9iOJwi647co=
t9DrlGUNv+2Ycvc8BWe0Rg==
xR8csaDNWbw=
m6UZhVvmK80=
PYhEFjFWOYE=
yWR/KT0O74aZXV1U4TzMQQ==
lHsZjNYpUF8=
khzNigKKj4U=
ri5T3se+EDY=
YZ6tAadS0jg=
B+AS1lRcqRs=
o2T7uyrNT+E=
B6Hyo8AknQM=
/v6lAqq0fDA=
j8IQugl0U7NzG8FTJHoSWg==
qT1wMgUE7OI=
eg/DzzZ838A=
QXUPE17sYX0=
B4ugkmq+6x8=
E8FcsPI6bgc=
v69XEr5qIW0=
dqP3eBe+uNw=
akdoBHOq+sk=
dmxnml/RSoA=
Ulor6boJPJU=
R+wDHWWrx6w=
ytr5/OWinrM=
V9U4fwsgMlA=
TWHzUaHcwg5Z86dPglujQw==
OU7dsX0ScsY=
Jpou0G9NxeKEj+ByaEO43A==
9Pnl3R3XPzDYXOF1MEUnVQ==
Ybim2q7a2GVXVs26CXN89Q==
MVyh2r1hVC4=
51Zlutn0E4w=
FWGTySun/AM=
0QMlSIe1dcqJzmBUxzmbFQ==
wk2Y2iOYHyY=
I7p75Vh8hxk=
azVqkn6cZHc=
3NapTWDxnv8=
5cG6+maYQqU=
quurMl+9aR4=
k42x8RPv+4Q=
xQubXApWREQ=
LQ6kcBPjZwY=
+BAmd+FU83droBqhuUoOBg==
Px5ZpkJd2J8=
Yc4IyM4808A=
pKAWoIj8Tbs=
bQkp1J/D0qQ=
sEu74quw0O0WqAbxt/jrMg==
qZi033Wmw1c=
C1o0YmBuPYI=
iUKwAA1wmzU=
iXCzKSGE55s=
WFj3jW5pq8k=
iYmoEVf29l4=
B0EkydODkM4=
7hmJ61eiG4g=
WBNHdc9pUKM=
gtvWFc71OS8=
rDZ2G1OkuhE=
NX+9Z1l3/+Q=
SQvjTLuV//0=
/VJlGJ3eKDQ=
g+gOgI2r0LtWKBMb2+1euw==
/kQlgixSC3I=
FcYr/TTepuK7e73ZNstTbg==
Tc7sB/TkRHU=
kxIYkmrtyww=
xGfnseGYMeUQIsCtc4KvSg==
/9SSTJ0esqE=
r1BemFJFcbY26SGjdwLI/w==
lRLGcbizrmc=
qBDFVOi/FTw=
QVtf06uyD6qsY5+czWVzGA==
xZJal1CCB0thn/Msiuxe9Q==
ciNodz83Qtk=
PW85se6Pi24=
aN9nLt5EYw8=
kn1W8KpJyVo=
p9Qd1jVcLBM=
1eXvl5+2bu8=
KO5/QP3nCaTfLFZYdwshLQ==
kfLlKwGt8Pc=
VN8U66X5auzNSncgQ7bhIw==
VuuALw45vnY=
pKHyTFj/Hwg=
cjCdegzRIQ8=
6bBVVy/aQEw=
WsIKf7MGlz8=
bYzXJNCMxxHl0tBDTVjSgg==
I8fdeEGNaN91lAShvMsZ9A==
VQT9sfnP2KPY9uVu4F50yQ==
tWSev1AoWtY=
hS59Oy5HDjk=
p/FsfIbFn1g=
0TnDhTpcZNA=
sa0IbdrzY1A=
U6eQhUUYDQQ=
mGg48filWTo=
jTc5dypNIFc=
W89xCdvDa1U=
Qik2XFzWLWk=
VlGsknEc8xYjUP3P7JQVyg==
do9kauXwnGo=
Elyn81TH6TM=
A1mN7jkb/Bw=
dZvTZHnYIu4=
E+Ja02cUeJU=
6IwZkCtTq4U=
Vyq8RqzTyjI=
eqFsiA5YfqupuRN/l54JWg==
iFMJ8RF2mY0=
+P8zRl+LTXg=
YszcPAE/jHKbY2WkRQ8kyw==
0HOzGZWGda27JfCD89rQLA==
w8CSaizQ7DE=
4LlC0igALsE=
Zh6RjVju74U=
hQFUuqBrPhiHorl58A3liA==
y0uQFTd57fU=
58AfHGfKSOg=
6IBcg6yk1r4GsxJTo/CVhA==
Le74b12hZPCfdVa/tR/c1A==
UgP4qhAzIVU=
19M7KyRo8II=
PBvYvJjiUXU=
zBmgGAytA48=
fg5uMGzK51a4sRE9afiN5g==
DmQLlD+e75U=
TAuhfa5OXKIYk+/e4/YgrA==
ccPXGnqxfU8=
wtX5OKFcGTM=
X8wNcDDn4dA=
l3BITldxuq8=
IB4OW3y45Ysv3kBdTG7SFQ==
3FLdyAFSI4Q=
vE9vXOmgZvpF/cXUsbmyWw==
jWu8Q55SearrI5bbH2e3bA==
+qqPyqQeww8=
OEMLzmlCh1g=
X7FAXpSI6hE=
9ANNTCL9C9nRtP2hELUzfQ==
cOQs3KE+w64=
BnZnU1T/2G9PwXu16qIKFQ==
Gk6tH7Xv4LuyIhXfWQgySw==
Zunm9T08NJQ0i5MwT0B1Tw==
SLxBBfnop9s=
SuVFy76GLIc=
1WfZuAizH3M=
gJ30PHRBSOM=
miovNYmWN56Usvwr/svtXw==
LbsZylAsf9o=
hLChPaLYPfzmZ/fvwdJwlA==
KDgPm/8fkl8=
N3LEU/+VBWM=
lqf/6YwKdHQ=
X2I9qxlwPOJJ0GXELUuxpw==
Y0Ifu6gS0fs=
0vo8CbQwxYk=
pCPzVfUtgb8=
/X+MStSXGw/VzOETzigCKw==
ZMVsJ90F/fGyiZwIYNbJXA==
YgvtD30t9SA=
m72XW2xDk6s=
5X6meI8VXRY=
7wuNqggAEuA=
6mAoK6GBhFMQOGIomRxERA==
ubnjwi0oI70=
HsN7j2ZtKiouA2uov/dHAA==
QwH413F5aJE=
K714erKkewg=
SxnvoWOgs6Y=
DK+l+W6wMBo=
NbFzEiTGs+0=
nSdyRHmU20M=
Si4Qjge643I=
H5jFLOfiHGE=
FwAag/gjCTiY2ktI/BiA9A==
ljIcaHiXs1M=
yn/swUN+uhU=
ecx7hgAojQ0=
7pNNVYQOdcqAQbICERfRcw==
Tj4crJfYBiMdOpYrb2v50w==
Mz3HoQP/11cB+xq9Cq3p0A==
8uSFScjuHsTkRM2u9ZFSFg==
ijSn3iQRia8jPBVKlG3KXg==
WsDkHHTZ4xA=
oGfvZ2CXBQI=
KGy6nD+lEkU=
Kc5Dt1rnOMcYc9lF9OTLKA==
GvZ20RNBmq2UEHFDkvY1pg==
7T5c3Wg84S6cu4qSOIDjmg==
7T5c3Wg84S6YGCXDCAJc6g==
DZUCeiQp6uUoxbxjwERaOA==
RIn+reaGy8IL4ueUXolOAA==
+Ys5UBPC/9QrGhL8O/aFag==
YRZMSw95BMA=
B9KCxCtYUMbkw70xJUFdGw==
I/qxlpaQspEpoKdz3tWQDw==
VBiBSt5uDAsU+neITpV96w==
4vJVc/L3wig=
4eNe51j3T4w=
nv88G784lZA=
95uRull97+n8eDOQfTeoFw==
46M0dw5JmHQ=
Rc9LCD/QeuvjJZuHlq0IYA==
C0P2k7X3Oc4=
nxxebv1jeso=
gRRnMOTS8KuVu18Zf/zovg==
jiugR8vvoXfMCwlrm8MWAA==
2UE5IDsmMvBGp0dUmP58rQ==
u6zLsweKYzoY4oMiCGXavQ==
aFm2G9AYxY8=
4p4rr1HQk5Q=
yMIsLpzXWTU=
+WvDn1xS2D4nZaDpQfSq8A==
dFvxEoOzrog2sT6KXkyzJA==
lXt+Y6iFDgo=
wCmnoLyh1m0=
foAn1PeGe8s=
Ua7EXGSAozm75MninCdU6w==
wHi2kBKlcdM=
CTrxicXo5MgM2CSeCA1Xdw==
qz+1X7AV+3c=
MkHO7IA5LhY=
J0lIhS+9KSzOlgfQx/mWwQ==
RuopoBJLTzI=
VDXjnUwSxkw=
ySYByUzZh5Y=
T955bxwF4kI=
OS7MOhE46H8=
U7oAfkTocD5AIMmYTO7E7g==
gwS/yT/OYAE=
qkSstWu8SYg=
ITznwcOyT0M=
t8XRUuOgz2g=
Ux5WlIpW6Gg=
iQRxLPoDgVM=
oVppiOhOFms=
3f/777uOWMVFu2zm4gbIdQ==
4LhdI7DgNlU=
c+cnqR9Dh4g=
kYNOkv/tLAE=
tHU/8pWZCNl46Bxa6ehwHA==
CjFrD3hos+s=
Mx6Lo2Bj2vSX8A5CzXTwjw==
pLzze5zSbpQ=
YBFZCvYe9x8=
BK58/GtxfhE=
EVMBKGiO7+E=
wJQVZfiTw1E=
G0EMHUTR5Cc=
UpXq0zFS/zY=
RexCgDi7GwmeRgcY6tGUoA==
2TUp09JGmvbsz5OXRIAvFQ==
I7T8XnwDmsY=
NBXylqLo4Kc=
/98qAE61Tqs=
kayzLJaRrhs=
b4hz2iu8jLY=
MKNONAW4x2k=
YwBXLegaImNrLDUZj8CQDg==
7QT2lTmERzI=
/VQP+DForRw=
Jcnb/LnMbX4=
pOOtfLBmmuK5abMFUwIbjA==
aXpacuYwR+4=
BQBwqoQ4Tzk=
Tsp9R2+fMuo=
AbtC/K62ljQ=
KD37tMmsr9WL0kKKcJtv8A==
3ITZsk4TOGM=
zib+cLhTTTU7pX9CGc2GEg==
jM6lvnfbXrVVZ8kWVWt4OA==
4FBlFHm2z/RUneKf+CriHA==
lsM8pWdPRZQ=
Csb6ITuOwNj96zm4YnOMjQ==
eHbIt0UHTicQEc17NGe/Dg==
sszDkpIFByQ=
aVNVxn2iiFM=
nT3YAfwRc6voNOX4FPuR7g==
hs/Wix66DV8=
iByRQuuRxHo=
cigoy2p05Qk=
okyDmWOW8jE=
Cbc3zcLHTJQ=
YJkIHOpG7gs=
ODAFcHsZX7s=
SkHOj7Pinso=
RAsk99RxX47mrOwwKl5SMQ==
DiNX/JfzwGo=
O+5BLYp+A9A=
V07LB6geAFDBzyV4U32crg==
KYlc/jH7GvD0H39xcGqxCg==
0fsozXGddW8=
g8pZnasTxbF4HgHHV+ZDJQ==
UBBZwurZT6w=
nZM217+7X70=
7UHm+07eI6P3hbWNf15j1A==
2vj9uHe0qkQ=
+YesCxT2Ewk=
csanT01erzY=
rGCUPDnNJ0g=
HeOtBULNpJYKAMxtTjOPig==
jXOxCffhAFM=
fm08HBAfd/0=
jgkzQmTGfTQ=
KUaZ8VxJRs0=
plcfrXc3upc=
arD7HOjt2ug=
gkN5nIoWmaU=
4EQAKm47924=
pfHDEx/1+Y8=
vQ2AaDe+v2Q=
wkjeMgun4hs=
+qGmWHT7oJs=
/fLxdChdzmLC+h+1TtSgxA==
pJGH9PUiF/o=
QLz8GaavAlk=
L/izVCFwI68=
YgREkXm3uoRbKOwhyemK2g==
KmJQi+aAuNg=
ij3AXyCS9WU=
Jg24cOmfJn0=
2mvg3RFqmhH8lRQblwmFZw==
8vVo9Q9u5YqSaraB0LgF3A==
SPKQ8/T04io=
a7QDDz8Lr1dMEhuscZF6Iw==
mayFw9P6a+6XZ5u3VuIkQg==
uXIfP3pUvA3/CoF3K79RsA==
Fqz3vc+zAnc=
fub2Pno/G2s=
dkipuBbj6lU=
xZrm0X68t60=
8YgeqDY8ges=
eqO3/QPDACJJ9NL7Xcvq7Q==
i7PakchEVJw=
puBEAtOUVbA=
GgTffNZIn67SNpOyfKJw1Q==
GgTffNZIn67HAOSt4u4UTw==
8g9ho5kyrVQ=
b2kuwOTM5fg=
EwhzEZkWlw8=
qkqxV3QvAjw=
aXaOou0sN9M=
M3A6J1SlKFw=
ZiHTnF0fNGOht5XyjgAKSQ==
fcfL3NWQ6rw=
R+PfekRE3tQ=
cEGJfZ9aMgYn9ZNViPaT5Q==
sarOoMd2F/Y=
87wuaXUJozs=
7fVA/32zick=
X67jmWW9MQ+RD7fr/YRegw==
kl/nMV6NBsw=
Hp+aWYkVh0M=
u+KqS6g2Uws=
rV0iOA6WVZk=
ZojEL4e2/b8=
RAnffK1RiG6wW2k9QnHKCQ==
OyrCnGs4gEk=
U2rGkBmOxXk=
rZjLTRb3y68=
rHoMx4MyZZ4=
sMBwBYpjxZA=
DO1fy9WkbpHF+bYOx6h5Ew==
gV35G7/ubOw=
kIsQkPiZMhc=
EMw73/pUAHE=
Q4DntcmH0tk=
XiKZPoJoSls=
BPLm0/JHyCg=
fFYJccYYs0TUrJRFivMDuA==
f9fWcaQmJ48=
BYxxQymcG19E4NgaMwE9bQ==
z8o8Ka3KVbkIGXhjpCtsGg==
MZPbQUIKtxM=
CFZhzJJ+sPs=
tVzrRBCcoJM=
BYojQ3S9kPQ=
/7AN+//ixAQ=
FSETWl7vKxM=
d8eAkmyKaNCCspnJWBd7cg==
Bh7bnWUHSRs=
dHh7iYkYyp0=
HPSOSWPAoQg=
sFQ1BASIGpM=
j/AB2LFSeoY=
o1ht41q8ll8=
Let9rszaQQwHN40lXu+d5Q==
2UN0esXXGWM=
0Q4FErTS3TQ=
yhKgXT9zp7n9ZTHHNpt+zQ==
Ma3k55mzf1Q3QuHg5RqdCQ==
YYGcfMaM/AOlZnweajnXsQ==
QLpYKyLhLAMqxDg839lT8A==
rdVnbBF12W2UpJT+LXOdtg==
EtKITQB+9pI=
mAFnIsrMw+Q=
AgogAJZZXCI=
haOSfcA3IPaISf7owUShcQ==
OKDp4GHz1+OQpSc8Drg9bQ==
ZuzMSG5xgXQ=
Vr0lLFeBQyg=
kmWdbGdspI8=
yC/sc2X+kMnQUz+KBWxRSQ==
daQ3DwTgLretGl8t/GmHxA==
Ec3RG9d4vMc=
Lt2UUNvBJls=
z06mCd1n9/wR+GGGzJW8jg==
MKUUAqmr4j84IFqrlVW3xA==
mhXFLsCKPNo=
KOE+3MdEUSg=
BGtrLjOa1Uk=
fTSUXfgsj6A=
UN7jtecXa/M+yr5WhcY8ag==
3WAZaF31wgE=
R838pChffK4WSd/DIzu1aA==
pNOaYRr88I5NImIVLkWY2A==
74IrpiKA06s=
UGxZqj9iP1otESJu33a9eQ==
uphjKhgVWJyteLZ7RAV2ZA==
XzS9y+O5N10=
6kiW4hKBgzF+dSSmJbI5Sg==
K0zWTDC8LlbrdDpZCHvGVQ==
1sZ1c8tnCYW4sJAiZ+6vHQ==
k9ssKyF0+IXmmuRlJS8GaQ==
BfRX2KwI8MMl8NIZLfdF9g==
DdQkiCjEXtw=
ZfD095QtNJM=
iJuODzFsA+I=
UHtE/3up5Yo=
7qgtWY9wa0TnDcl0LZZy6A==
wy1IOdR7uaU=
lodPHBv/bfY=
A17Oi16icmo=
oyS10bcUk3w=
o5oKjyggtUo=
/3QuY25tMnM=
VhQADuVQTvY=
14xwIuEeWeU=
03JJ7hxmAGxjG+KyFyfrUQ==
SawpoTXRabnBEjLXYHfxWg==
KG5Wa+nEBbQ=
wamB4zJBb34=
SfLqcVefabzu9QqyonA/Hg==
xReeHVuqa3k=
YqTmcHcUk/0=
Ha+kZiodOH8=
Ygdg/ivRWmI=
lszGWxg/giI=
PooCnR/LKPxKacavXR+rPg==
SdY4wT1tEZxwBVuMyjJ0RA==
juzmAetdcT3ZCrlcEzrVjg==
g4j1sGzOt+M=
dwOnTTOE7Hk=
0gXF2PGQtn4=
cQIhk36SCSA=
+1+fkO3TyOU=
t5Ntj3PsD1Kaacz96gtIJA==
Fpvp2LAkcUI=
3hAWAFHgnHyFDwRSfac4Mw==
Gr7VDKIujO0=
11/2LRvO+VXp+CPcehbyTA==
nayhhakXWwQlNSBxtL/hdA==
sHpXvTovfmkdebzwoj3BjA==
aF5KIrtTAekpXIX995lgbg==
iMZaJ6Fprkz+YJoDHg4NzA==
jUny0zdX7mc=
XwFtcybMn/I=
umU9+cy7MTk=
8fBy1T82cYM=
exnFVa12Do8=
zBDeewIgDDhM9aGCV672ug==
03OL3WGqaBWOS6WFCoSkVg==
iJ71LSUa51EGJ+AJ3x/zDw==
hGavfS3wmszOZl+TTHpxCQ==
R6OSg53ntZ8gsY6YmQPfzw==
YnpSQIl26JxDHiruSaX4ow==
6K9FNu8Il6xUlfbCSYZ+AQ==
VirxjwP2XFmCRQ16B8j4vQ==
/+oskbJaR40=
owAtfPearFAIkY45SkFqzw==
at6DY6v/D0o=
v8dlRTNvNJs=
atdHQPZ16qM=
cIiZRcjgKEM=
xpYMfSuiUJg=
E4WqKAiKnmA=
nvW7ab2DiVw=
oo0lAtzxENTFbpFE4gd5gQ==
SrK6VuhEx3A=
h/Qz6JGyRUgNPxAy63pOCg==
/VTYGYrgOZk=
+TlOpj0SkuDetekKYVaQmg==
aHzaeWbV3ZY=
su9Q4ewV+rYXAFXmdDimZw==
ymupNtGQXgc=
G1vbobcqslc=
hjheKnuMrYKiJwGMO/A3sQ==
dagGfYTGVoWswJMCF67+iw==
vDOl8KL0KnT5jRcZHuJvfg==
LxtZzcFj/cw=
cvgCy224BFA=
NgV+v3awp44=
uEtUe2IJxszyVNnYCiXOXg==
uEtUe2IJxsxeuVWbQI7REA==
bgzX+423GrU=
xdE1D2S6fZzTTU5P9paCtQ==
SO8L4EIRhoc=
MXlziM8NMSs=
Gxn0T690Tho=
mNq+l541vA3NxWCBt0X/Dw==
5tXJPB/FkdY=
7lFie9yLCdM=
m089dnv+8yU=
omOUkz9dYBOsG6oKtOgvmA==
MlVUZfQtTr0=
ZHng4NUN214=
4wozIqGK16k=
ApIRqnRaAYU=
3jy5ruciqfY=
KOm8ZbbuB1Q=
ROoa0UvP0d0=
+RyIdWAowlM=
gw5Z7Gfc8T8=
rY47nPDb3Og=
ZCjJszrPcH2Lgd4CXW5SAg==
FjeT3boqsqk=
DFjyYwa4IY6a7BcaUMWo6A==
FXpBwj30ELA=
0AovRX6WieE=
+xiDAqmsLsg=
3PK83pH7UDk=
tywFWr/2AkM=
ocIvtTFcT14=
jNIXm8XzphM=
Ka25I+i+LQA=
GK2eEHhnHKw=
4bR2R1alzDQ=
8Ftg5937790=
hvg68bLl7LE=
68L/0FvYO2g=
HLdw659as8xXV+/LufvQbw==
aGO3LmetysU=
hvBS+ih0DVs=
GUnLaeLW1Is=
dVHaAIpDv7c=
w721vlYbEDTzQGcD3O4MTw==
7PvdSMw5vQI=
2PPVBkJXQ6AjY/hqKU5QLQ==
I3KD6GTS0bXgthBwHGF8pQ==
5sepngJonVM=
INsQ1k/FdDlYf4xIrTpnxg==
WCoBR4T/kCodopZxmPWYHA==
0Ksf/XnyPzVQmGXq/tTI3A==
n5LqqTrmA+Gf44vIgX7QDg==
zK2v5uC73g0=
nxI7dBa3s96MJi4gm3xEJw==
EwOpZTQYQD9fBnnVxf9FvQ==
CnfIJsOxh6o=
ci2lUJQfeLKCEnssfVSIDw==
yKNy8MzMBWEnB919KZXORA==
1q2FEZidRl/K7WknD6BpXA==
bK1YmKp53KwHYgKj8G/rqg==
Zug7Z4N2WBMMhAZ34NEemg==
hcu569IWNJjPVGLEXy8yyQ==
zwLYxdwoDQ0=
wiU+tveLMKQ=
AkEIeqnL11XBEaRaumnlVg==
51hBlr6AYz0SHBZY09OzuA==
isdYD0DceCg=
rpaZztnuIHU=
oZrbDZ3vcAY=
0TFUnCQS4PU=
sl/BmO7YvQE=
ZvleupdHrMk=
gwUXbtvigjk=
mQlRamDj6B1QJjuA4WeUzg==
m5hizVC3laM=
PikBkWmRJ18=
T5qhfp2huXKON6sDkeQo+w==
grSVLMTAVBQ=
zQD0ymBwxaw=
GblZVvKFUg8=
lcOk4pteeDM=
gguRA/qSJQQlrPPV1FAfjQ==
wfb+bANzmUiv14MKb9srKw==
NGCeor7N0l77cNEAzdPldA==
+xWL2p5u3ZM=
dfecKdc13OY=
HymBnZpc1wk=
K/hJ3BavtIQ=
YxbnJdO64MY=
CtdBUsAfP3I=
gWSza+Y51ts=
3oi9fTaOGQc=
WetoqzCbVZQ=
EZub9nBjrtM=
FnSEWvtTL+0=
TtofALxp0WLEjJ0AME0dzw==
1AqF7vYPO1zt+s9NN8Rt2w==
DLnBKQpbl9I=
ExxzkEC4OMI=
R0PjVaAxNxR14KVAVUVIWQ==
M+FEaVlfxA4=
S48+p+KFRZw=
8UG4Vwka748=
wou8xId4/e0=
x3/bCRcIVSenhRfvVA5YhQ==
5WS+ApuO4Vg=
phFfXSdZoFE=
k8wB+QR30O0=
EX+MTZp08iU=
crDaWRGJlbM=
BZ1AleiGZlw=
55KK2J9DUug=
t9RfmZuCZ1Pl/WzQYxu5AA==
fCkgKSF5EKA=
893VFNmdGs8SQKNC5HxO/w==
xMOdzFwxMc2Gn9/iOZnZ+g==
oA5fMnqHP+M=
o8zp15OM/I4=
HExtxRQRgGdDBZPY/vlp7Q==
IP5EKLBjiBE=
34QbHE/o53Q8M1DslFqDgQ==
4VuDYREM4aA=
bi4IZbqXglw=
++jZkEQKFKexQnDIu0UqKA==
n0wiQMetmvFT2qniDyxu5Q==
n0wiQMetmvHH9xgJFEdmMg==
+3YZtsluKkW8ZKGSlN1EzA==
j75Q4y37dS4=
gpmvhzainz/gXueFKkEzbA==
KNPA4b2SUng=
e9VAAD9eCH0=
n7+8nhRGrak/B3L4AJnaSA==
B9L2ejHCGkrgeYCgqzwUTQ==
gNqlFqSeYxQ=
i2jmI5ootKg=
WRZFZEwXg4Y=
kbnbPm2zSuVbs+vkS8OojA==
GLaBzejrY4SW6rbKWd0I5A==
jxTzphszy7M=
dtk8bQK0gac=
pCBHXT17ZlXjCj4XBg485Q==
oTa5KU9XLld8GvNKJJMSbw==
004ndLfQE/qiSfb7pDDPGQ==
9BwM0IEqXjk2/3SLzVLK9w==
MZSdTimPNkmxkmwGIYUkDw==
cmK0RTV/aSETlFBj4cwbJQ==
9xZM/bpAAhPROWZygeXh4A==
lhT5KwNnmxM=
kGU4wi60VmE=
vImvFnXxYp8=
K81wIhr05R4=
2rjqrqW+weojdV6m2GiPNg==
Nbh3YYDotBI=
8n9su13z3IQyhYblT+7wLA==
2xm4dDDiDR0=
3rNO/bZ3pSY=
GFn5ldOvYqE=
8wI9NbzkQNkABr3gxchTOQ==
rjGF6xUQQdY=
rRgl42i4v/U=
69D7Xh8LQig=
cTkYc7GIFhZcH2C9upKQRQ==
3Uyc7fTYnlk=
7Ieby9bWQZPJUQzLMRxi4w==
gw2TW1vl4H248+5yH33uZQ==
dC9s0hbF8GE=
3r0oNh65ohun760JlF1uSg==
akePRpk8pAD2Qx5YpkJEWQ==
akePRpk8pABYV9SGqX5dRg==
CW84S2NrKvg=
WM9QpDiK4Ug=
PHQ+/LTe6xmf04Y3tVqAUA==
eK4YErXpxJbjwDHw3tAHYA==
h0siNd9RRiIwIsaBvsCiog==
v1dAqvFh9g/zdqHYIA1OKQ==
hInScrgyxMYKak4BIv9+eQ==
n/u1RO9vic2TRhKOZcw1OA==
I4kbF1xRRObntbKB9pDxQQ==
FIzRmFSEpeUPPDctXqJQtw==
IYXIiu4L4fLp0q9feDYxTw==
WnmdrFjNjWoVl6Djyjq8Ag==
hsE7+EUu4MkKEh+cfbSdWg==
+wxKxPT69WHn8XQrGmw4Yg==
jMXMHk/sbDpzzykDFnaxjg==
SiHrA6/bVpnrlJ8nhrKjxQ==
LIVHsfypFDvo9M2kUL2RCg==
Nz1/Omw3MntsFraTEl8ZxQ==
Nz1/Omw3MnvDqVoIqA5nFA==
/DHkFoWRWqw=
QaJTkZSJbII=
ocsPvHqxgi91FAYmeJrbTQ==
skHJbd4B54a0QgztOFdrDQ==
trosDu0qgeE=
Ywk0nj3ncJE=
8rDx74Bz2CY4KmHM81eK6Q==
42d4qWC0DzI=
roYSUg+fH2iIaZ+WjsWa0w==
vAu9L7twhy0=
Y2B759bGTGjnqPwFEuL1Pg==
+AMsepaQtzU=
V2lY6GGQ21s=
XTavMNK/JoI=
SZzRET+FUEg=
Z9fWDTIQ55s=
s/ZGLEwJoW8=
OobAKJbq2d0=
TgBMg4VwkiA=
IDjokoKd8Fw=
UQGwU/Lu54M=
R7SDZmfNhYfNaH9w6l+alg==
8JvKKGYcKY0=
cTxPzl9GwO0=
caWXvGoLaSI=
LXrpCWufTgw=
LcxoF5QfIs8=
532G/q0CGXo=
H4eMfq4Jtm22ZQAKGfRTOA==
2pS64fOAFaA=
4aThlRo6Jjg=
jL9RMYIl3/3Ogsizq0De5A==
BOGWtKesRUY=
xuEGCb7UgSo=
4lru6QdXoXm8DO9boZIJqQ==
OXcQmyV6FWKUUB643ug2Vg==
kTGl0AO1Op0=
B+MSXzIwgK0=
0PsYOgZ8XkM=
pjZ0v80t6Cg=
H3lp71Ic7AM=
Kw5/olbrVPw=
J8nl2l0zEtg=
PqWnJufBuZ4=
Xzb78ln/9iinz1ZNBP3JjQ==
USpNJZn0nm0=
7DvxDvDZXu8=
UkHp6w+PJtY=
e9xuNlL9KeGssjFePjXHWg==
R8D8V/7K0SA=
+j4L1RpBGok=
2uSafzskQLg=
74wVDZWpN6s=
DDmAWCIPczcUIi7wJe8bnA==
vbeR2Mz+Zgg=
TQSFINogLQU=
8/QQBV2/v6w=
s8NHORoOhKI=
brDCa4PTkWo=
bwD1iEJoGv4=
IfWHhPTr8N/e6LRIr7opiA==
lrv6MOlDLjmVc1IuCbYu0w==
3qCNtttC3F4=
JWWlaY63Lw7Jawd/yKcXrw==
eqngnfVT3C4i/0fZa13toA==
bfThuoB150qUzdSs7Gm2nA==
dRZyND7g//o=
HwxSR8UIvuXY/XjzuAX+OQ==
MNX3NlW3Twg=
PkuoHCxPS3A=
umgBQTA/j+4=
Ap6ym5DEg1E=
7Lh4TH6Jue0=
yaHZdBXave0=
T7XOe2Sk62U=
SPbEJRxDxDc=
u6ASH1VAfN0=
Ct1vw0DcQ8qW7k2K+vvkcQ==
7oQloWgki82tDC4VsCQ4CQ==
bvtnHcCFH1I=
IUFLX9y1hr2tugYc/hGISQ==
YFIIC6xCQT4=
5UVAr98jr4/5V88fD4lr7w==
0x9dMttKidQ=
bq7DhTh5jo4dRQ95CHivMw==
moB9dF9nVW8=
gQAnFp5Roiw=
MRDeIV1yS6o=
3PUclSvifTA=
g2Mtkb+BMl0=
JAbEw5PlU1k=
iDEZLFVyniGiMwj04OpN6g==
NYd0okDYzpI=
E8ak+mjgJuM=
S2wzkIQKHLg=
Duk0PHIjOM0=
AfkYjvU4qZI=
rI1XSdARMXp3mv6V0nDTgg==
3fW5sRwOZ/Y=
/TcXqT+weMo=
E+0lsYSVM34=
hrZKRBf8lFE=
mGpfg+p9krarFYqMV4EJpw==
Z5l+hX3X9rU=
wxkCejdjfNT16wOjTULiAA==
8rOrsUQARSY=
UUCK0JulmCJ2EsE5//ndLA==
7yb/Uh/xvZcKB7rich7GQg==
AwzTfPOfIp2K18kRPruhKQ==
EZrm7BF3WDQ=
INSsZ6Bp1u8=
wvluVz/R8RMfAZg5dd1a5Q==
KbQriqu76lZGbqFvjZDOZQ==
81+b4C79jHQ=
H5j3PqEilac=
W3HrSJquY+bVleHp6UIXnA==
cikRfotOYvQ=
vRR+9xhPY5O7fTYQYtLxjA==
EJonhiWHb9pk2DVSMhCh8Q==
OTCvZJU+saM=
px2M22gqNNM=
VBLfv0asDXTYu/c9rgt4LQ==
E3ou/d4MK+6Q32u3wlXfCg==
XXRYq6KyG4oEklLP0dcpvA==
E28pFN1puUzp1p49u+2gLw==
S4Bp466tBtp9tqejbALALA==
Mi5eanhGg40wY8t98o0b2A==
9vPBc29HuY0=
weQ4G24YMSc=
G8WZK2z9K+4=
oQCXdQOZgP8+bozvx/bh6g==
UVz8fQ+6X1hN1Ebs9vnmgQ==
wyX5TYPrsLE=
2mCs2MCfyrGL5pF0rHDLsw==
ZbanPlYS9X0=
SLA22eTbz4w=
mTVr40X/Ai4=
eJaSm/NH1fM=
W9GsnKegGdg=
HjhJ7PijVLw=
OW+LZVBby1A=
Ep0paJHnsp8=
hLdWxM6/UNo=
bq057eZP/do=
Yu3jU1VFgCk=
0bRNhfmBevI=
YIwO6vSdOxE=
9zw71Fr9VC/0eUlMmc5arg==
7490pospbd6lSMAFuhVJ9w==
gToAmpXkTSfAS9DzqwVEYw==
r5vUR1jixBj4JVb6GAZr6g==
N+CBYLwCuk0=
JCWIUKJEA1kGN0mwm4vo3A==
vzcFMVoBxMY=
MyAw6c4a7rw=
+4GY4t0N36Y=
TwfMN8YxRp0=
XnGv2Bl+lrY=
UaiiKFw32XgpwJu/KcNNHQ==
tiom3f0nuAFnl5eH15iINA==
YUSPUsyEluOiAEEtWJnyaw==
21gr7YvnD08=
4IqAb3k7CF4=
i4IVe7g7Bos=
gTAUNFIItew=
ZgBzM/u3oUDZNkqGdGiUMg==
TnfDf2XiyTw=
JSXbQJOrmh0=
MGQ202mJMIQ=
x6KiX1UeE9w=
4owuTN+8xTxCW46uo85Qug==
dSNbldDXjdA=
tdWFQmffSJ8=
JQDC/6SKDxQ=
zGiDzY5Xj8M=
WZyBNuJZrjM=
YF5d9N21Eqc=
6PsfAYwhmwRUt/5n0iM40w==
eNzpQhmIDOKIq8Q0xfKnog==
dlQFdBJM/vQ=
vdodBpx7QYNrPaaj45sWUg==
r6g2wJEm5oQ=
+LYl2Rwk9fo=
i+NmvBg6VkA=
fhvQG3VS/WU=
A7njn3yymDw=
yjI2ZSaYjeI=
1EsVsjDMEfI=
JnTGSH9hdbI=
g5KQnWtQ5Ss=
6AAnWpL7pig=
/XucxEqXsQk=
s1Lu3//wY+s=
VtfDtUcFk7OUUO5KXV5i4w==
MvQ0nJOO/Q4=
VzSK7OXbYYs=
clDKZ55Qb4c=
qKadTsWbuZk=
lbssU6SbS2w=
mnHveHjpRAC15d0AQym4hg==
HpLr/wXtiD4=
aFO2Z1ALWZM=
74zLb62VUbs=
nHHaGLyW4jo=
2wVe7vBIk/ThKx/eGEjbtw==
7xkEqBzUpX5NphFzbeYiEg==
xMG9ex5e9xs=
jlQtD1ILPwg=
WKv3BrMOIa4=
bjAO2KsO/EM=
I5WjNMtzMv4=
dBWkP0wv3aI=
h3ttS1p8KDY=
ff13BzkETGuWKIYIf9WHvg==
TDrwfPByBmi/PNJAiGse6Q==
bY53YRY8XWbigC2ZVwDCtQ==
oAp6sEMwxElvD8O0XCXGug==
10hEm+8kXYA=
5Qukgtr8r4s=
1YwSRD599uw=
iWUW7ZoyDYg=
CnMIX0w6YqE=
7PDtvj/PY04=
m6a+y90cj1kRN5pymv/4TQ==
2od8Xtz6Snc=
RU4c9JFYqAg=
XRCTLNUpSB4=
g3aNwfNJV0afHoT16YWLGQ==
6KoEN1dqKVgqcfpOMxaH3g==
wSo1AKJeaow=
Jmss3BLxA0o=
Gof1tyfNWLrA31cX3nv1lw==
2hpzhP/BX7o=
UDBxqFyIegY=
N/Idy8iyEk8=
QBkZzdr1koY=
0W5o2guhiQE=
rQLwecxWwZo=
F0/dFyQaG9I=
foFg0S8a2sA=
de5WGMpd+1g=
YDKJPzTLRbM=
1MhWpUqQ8Zk=
lRQw+1H3lKw=
Z0bRP38WISc=
qv9DoDBHPS0=
gSr9Bkm/1CZh+lfsoZ/NSA==
EP3ArYFwhow=
MQ7o/uXMWr4=
a2QhnxGb4+s=
frw/4Btu5v0=
Suh9gelSX1Y=
YLIn79fDlsA=
GdAG4gE+Yp0=
C+ApI4R1O5/Ho32q8TndUw==
BOvL0V20sOU=
OQy1xKThRy4=
lvG+bAkrLxHtLkwL3gWgmQ==
Sxn9RvEnqxY=
qR4iVtY+9Vo=
hSjsmTFy4p8=
Jkr2iSGm/1E=
VWNrCvObQWEzdAe/fIabgg==
gzfwY68nEAQ=
W64yNYp9jLg=
89day4o3YmY=
Ym2qWeubp4o=
LIJiIPqG50Q=
N56E21SELMBjMOFmbTXE2g==
Q0NBuBcom/o=
YsSA8cPxobk=
VretgWl2Mu8=
9+Zzoi5MWYN8Nt6gFMaGQg==
45xbCSMotOk=
rayFJQVmS1k=
t9OQ4wSJnLM=
F1xn8kaj+Zc=
0fHTwAxYkOY=
DJb49TwABYM=
lHE2lNXEvGk=
9wffGpjlIR8=
Ha4S75bon/A=
o0nkWJVa+iU=
1SvJP3B+SCAf12GZ0agxkg==
mjT+whOci5I=
iE21MxWD9Ik=
Y1IwtZ/xOGQ=
0XHc/uXAtv4=
nq7T+pv3Xh5ilV3Lp2ec8A==
eiwDEYfl1UjWXvQ6PZyljA==
lRuhrG8fBI8=
lRuhrG8fBI8=
nq7T+pv3Xh5ilV3Lp2ec8A==
jqsIIfgaX8M=
yBUFCtE7OWE=
fwlm84uT/xw=
hQMebRzlqPI=
iGQ7WF6mPgY=
RC/Rjk0KrgU=
66ui8RTlzqWs+JO8qyB9FA==
U+iQXnAtQZM=
LAJvFSMO3SU=
0wlBbsTFo7IIzGBBHoZaOw==
4xhr/nsRVIEyrmpwP/ZSPA==
l+3keW9A0jk=
N9PnY2R86QPqUwpqAgA0MQ==
EufbEWfMwC20GenUIpWPWA==
Vdi5ck6YVvVyPzlKmA1orw==
f9t4kyCGp3g=
M5H/z85AT48=
QJ0IWdTBqHg=
cDCcNH0r9mueMGHQwuz4UA==
P8Rq2V1UXnY=
/8w6NUmi9xOuqlMUT2lQ1g==
QixFFjv2gKU=
THPuIwUA+mM=
I3exTcAKTT0=
9QsraaSQCvil8v680KMIaw==
9QsraaSQCvgvzBNJQ1LlMA==
NSlpM0qyL6k3rdZdpVknrw==
NSlpM0qyL6k3rdZdpVknrw==
9QsraaSQCvil8v680KMIaw==
8VqXDUnPvW0=
I2izsrkSrgo=
GRoCw0r75tg=
NGIYQ2W7r3M=
wzoalm0FU40=
LjBJ2szZvXXR60f1C/UomQ==
fF1nv5beQCpjO7ojQoyrxQ==
LC7BL2O9aI0eAnJ0Z6bEuA==
51P+DZTvW+g=
uCU0/3o7bTFfGbuN+/YV8A==
yltMe9jsLmbkmcf91DxKQA==
mWoVXy5M91lvP/3V2W/HhQ==
DewS4g3X+Wh7NLdVgHotlA==
DewS4g3X+Wjkk60Yp0e+sg==
3WHDedGMIIk=
CZEuYbBiCys=
ZBlC7ClZNTHi3RzSJDcpug==
PtPyNARGW/g=
RQfzEm1/iTB0Vp/LGJvJpw==
Ufpe4Bintv3WStq470bUMg==
8Qrt9Y+CTw4=
J5nQV7Bb03Q=
J5nQV7Bb03Q=
LxtZzcFj/cw=
HLjqSIH4anx43SfS+2fzqg==
32Mfo6IFN3JQTAXtF/Bu8g==
1bT61Oc78ux9b1Ts2I1+Ng==
Z03G6Cc3Kdc=
Np5UJP5C9K4=
jV7LPewjvv8=
r5QXAs4UhvQ=
dZ/SNv2dT74=
vP/DBMBzgKo=
gBobvzPBqKs=
qk1P4hcjjKU=
DJSDRl2wN1g=
rv896SVj0pIkq5j3D3W3gw==
Vg1GkGqKvsk=
eUzKxc7+ynk=
N4BLydIR1/xR6Dbm7ptSlg==
bnKnEf4jlNvPPk8dZfH3CQ==
2OpwsUHFqTk=
rRaZ45ZNhTw=
R5AuYMLAz98=
MXJBBTAcvDk=
/bgWHKkDJyM=
7FmoK8JjwJE=
giyLFSjw5UGtYbXCFjNLig==
hwI1ibg6FLA=
xRNoG0cPu3Y=
oWzx4LH3n3+6yWEjmYZpeg==
CpqGzESIwo7QV+5pczz+Jw==
/fN7gOTp5giB0D2lMyCJ8A==
/fN7gOTp5gjVjEqutrJk4A==
MuSW0dRsYW4=
xwtAlyV0JT4=
JznrOgOM+wkeoc97OUYjow==
p2ihMXNPwoePHYFM5o9RZg==
0nxqCh2g3u/6duT9A89/ew==
JkZL/Yn8b4EnT7CSlu1LYw==
G0EtQI+oeOy9y58rHU1ESQ==
eMSnZ9SfO192QqZDDHDgIQ==
jVBN6TwWvc4=
zpqaEYKinHyTLnZnHtTNJw==
zpqaEYKinHwQI4OE8H4uJg==
FYiJYyogjmOPGQkHpFulHQ==
5xef3OTtzD8x2l8Q8Rs/Nw==
5xef3OTtzD81lGdjk4D7Uw==
j/JSyasNNb3mn+UcPYgwvg==
XgVqwyQHLZoX7BxqQ4f59Q==
OALkyRavPOw=
Aje4k7K1ffM=
5ncqMTE3yJs=
kGkGDpJIXdl15n/vFWH2mQ==
ot5YjL7ue6hcQ7Upzhh27Q==
WSVnVvbT/S1FBm44yXcaIQ==
jGZEwPNlA7XD8jiDBC+6Ug==
8yPRo03wYNQ=
uTdNenrLkcuiyd9p9w81jg==
Bu+wr7A0gfk=
CqCsQ9YmnVQnQ/ZkoOe3Lg==
CqCsQ9YmnVSdjrvuhunI7Q==
CqCsQ9YmnVSdjrvuhunI7Q==
CqCsQ9YmnVQnQ/ZkoOe3Lg==
LnHKz9nTlTxZdlx5/thFfw==
ry06guBEc5dzR3wSHYgKlg==
2etTL7PtWaNcWlAUg0zBDw==
OPryzCfd1k9xlHw3dxTOvw==
Sr/tdWuS8Y4=
CluuPqS+8hk=
ZK+asWLyqZw=
63IjuUdQu6I=
vMNmvMQVTWI=
nEMDJiwTFLk=
Ndqn1NE9Hsc=
hwb3s1Jrtfg=
BvG1pBGN+7s=
aBhnAsa9ofc=
kHaPm9k96S0=
fvkMUJJlZBY=
y+WTYpVXb1c=
jw3zRXO42CU=
9/v4K4qe248=
6X4LZ5KeBaM=
eyWjHzG24sg=
wNtk+isytf0=
LvWM98ttJaQ=
0T0em2sZ8Y0=
PJo4l/JVZMk=
qJ+xlCNWZw8=
BZjSEAP5DLg=
GabAy5NvbQQ=
ZD6WBPYWuag=
EDSZsSmqLyA=
q8oT/zaLn+I=
739nqElmU9g=
lFeY24OEDvQ=
9H14ShPU81Q=
O7E3HyCctktKhvHeDz1+7Q==
zD0hdN71Be3YXXAMQQAVaA==
yIuHZ0LJZNDa74VC8t2hCg==
n/tnIhFwViU=
36r7T8NuehjbSBB9/GcU9g==
v8hKyPIlA9k=
xgmajoxYk0A=
E8niV37pjWs=
WozMNGCcc/c=
bYqhnqCcbpQ=
duZlhOk0s9k=
S1vBaXUGypTnIVTi+X6oRw==
TEn/pt01upI=
aw8ANJAOCejxfy8/ltzc1w==
fvKBvk4FQNo=
tx8W5THppj/cL8nVg1d/TQ==
hEFevkCVxhA=
QuPkeeOPqjI=
UQ6eaQnbeFG5ne/d30Obgg==
LWGNMFgALI1hfwnUfux+Hg==
jdKBaS6ilj4=
vDggGaL57kk=
Uyclv+BWKO4Vfd7xvuHdtQ==
u+TACUkUdMk=
zDIuWbz31HA=
7+I24YuWWgT6csyGpPv82A==
AZO9tvrvZhI=
2APLis3tdp4=
UEAs/K4BPNE=
Q2y/PS51+lQ=
QOPpx1bio/g=
CU7m5Oua/0E=
cO6eW9qJ1MNTmTf8LXNc4w==
JIvH5ohDmtw=
okDZQ0WAEHM=
ho97ifs2378=
D5QZUlrTg78=
3nvFv6zsvHY=
ncfljZDZUQI=
tiTFiODhYWw=
ezcas84kL+2JwAX325Wlqw==
yMIGXDzUEew=
gh9BfYZzVac=
+L4pxIr2LUA=
5kyb89oeurk=
2jEHUkT8KahUMNrOutH+xQ==
+d6ak7xxkZI=
1EsCPtBNk/Q=
+M0GqDEpXI4=
Fcj7NG59K3+XNYgjOnSRUg==
BSShUZDrBA4=
L/FP8tNgNv0=
/1FXphtYpDI=
36fhexu9bJw=
mwreqUXwHP0=
q+j4DlGWYQI=
OtcrrPVO9Ks=
A8iC587govs=
cqbdb94hlQc=
Np+CbX/EAPw=
iloXKpLblP4=
/4CqRIZk9hE=
P4xKATj0URO76vrjKMdxiQ==
qG3DaM1/Nyg=
C2p+aZTflOc=
V9PO8PbH8zs=
SWGyqHUptpU=
n6AFOxiigJwzpc4P0pdhlA==
KYJMcji29vg=
96pux0mD4UY=
QpHezCszREc=
vu1YPHBGAzYUJyctQ0ma6Q==
8fY4VxXwfH8=
3AV1Uz6TjE4=
WvEevOY9Gw1ITfjfTHp5SA==
WaWP8N8HG5I=
scoUGPVp9irJa9o74dRroQ==
Z+We5k8qY7X8BYS4cRaDiw==
KExQsweumZw=
7hcMuqPtZfK++Ah9nlJA2w==
RMzP07QlsPk=
QTt6O7QS9qjGi30YAger1A==
dsSS8Gw0xeI=
6sWvL1w07wA=
jPNpyCzsEIdgi22gvNqjgw==
l8axNlEbFNg=
0HSiPZYY0m4=
hC4uef8fM9Y97NxAw39IvA==
Gzwg/j4eXmuuwuhQpP2NgQ==
qLUb2Oqo5mM=
yPMl0wwbBtU=
1CbNPLq0XB0=
wPyGi8Ydi6nSJwpsajObEw==
i7Ue/SdS9hpjLds7iF1rvA==
9k1psHFjv/XjheOQg8+Pxw==
Cs/STQ6iHpI=
6xd2bmljkWgG9VlQGXyr/A==
3uMjgtoZL+Q=
w/RzJPb23Aw=
w2HRVgTAjFu9bNmrPEH5Ew==
TVJNhwe+HmM=
A4yHFhbeRTg=
qxRkSE6rZbA=
MwV1XNU/AVNe2Y7oCIOsdQ==
yRbpCiOCzL/D4rLz89X+6Q==
TWwdZ4qHcC8=
x+ep4y71dykHS+fAhJZ9ww==
4lobscyrSQea5RRw9Q3E1Q==
4lobscyrSQd3vVSllME1Cw==
rqHb74iCFqE=
V2PJ0F15AbhafD8lVB9oQg==
JNFvoWf737m5g/11QI0SXw==
5BcpEcugW9M=
LVu3W5koy+AHE4EzkmQzmw==
YimygV7Vn+o=
Nry6IWBjr8GIuL8BvsENDA==
jYOD/tHhr7I=
G+mnlW/PJTc=
1XSaMqMGzvRIUNp5c2G4tQ==
QN22uw/3uUE=
W5A3ChM/o+4=
YYe7O+NSj9I=
A0avHDyEzw2XoQE1/tgIHQ==
9hkSa+nmQfw=
G2HbF6yz+N8=
So5A1tQpJ0M=
pZx5WHCgcSA=
/apNLRaPqSs=
Gx+VxRKzzvE=
dT4BNTPLJ7Y=
bNPfmie36ws=
5PWEUkMs21U=
nL6453DqP9o=
BY+JAWkO1Ec=
VVCHklB/3YE=
engktgFjd/s=
eZdwm+WXYiw=
Jr5f1vftJNrGQsh/R9YqIA==
YNY3FTOBHROVzG0O/m+zmw==
9dKMOhdUOVc=
BSHFSxU8fXI=
p2YKTsE7U+w=
V0GeWU/5JHwl611Z7E//aA==
SuAn2FGAcME=
Y6FgBoH3WSA=
KQnJrHPf1LE=
MIOgZ4NoYG8=
b9iKDSBGth1DYYdeFYTWHw==
MaARKxavQQs=
98fMxArVU5s=
3Cjd1AhQ6RzgRsGlk+NvEQ==
tS15DpP9JJ9xY1QxtVxxJQ==
JcovhXuojM0=
NFGBVEvMrh1sdVbKykEdOQ==
TVZlrpPNykcRrRvEoaShvw==
RGEbkgPZE8sMGW7BvyUVkQ==
DT8Wxsp3e+Cgexa7Qtll0Q==
wnue6n32QRwzlCXAI0lWlw==
7cnwkEndQ/SPfFhDAn+uJQ==
CT++38h0jN4fgejgEAJv1Q==
EbxbF7ld5Uo=
RMYgafWFnzk=
AlVBZkU4Q2w=
dPhUatRs6f3844BGnNj8qg==
hyXNH2my427s8sEqEjRlwA==
wgvpUa2iUAA=
H2Uc+x8ZB8cmjne7QEsbCQ==
h6WZzBUMWT0=
FWIkyyk3Q04=
3SLTgfIgAySUlSbGrS/2Gg==
UCq3eRvq8/Y=
tbZW40nHMCGYK/H6WQRswQ==
xtBpVrNIm2I=
Jo9n66Q679o=
IAwJIqPys0eswUfyuS6AjA==
3kIkLx9wrwcdmNINeQOj9g==
LmWlRMlpWSI=
mEu/Oxa46cQ/u4hsEctE1g==
mEu/Oxa46cTY9mugz5NnPw==
MoK5DBjnZ2aqdJnSUqo1Gg==
MoK5DBjnZ2Z1gmEbWz+Sjg==
IEf0GMBhKvE=
C9hE6h9b7m3ews63x/wPvQ==
ArJFoCicT6d8JmFrKLu5XQ==
XbmyOyddI2Cf4L+Vy68txQ==
11rFiFODll9H8r4MbqiNxA==
/T3DMmLc8mFb4LjsDOxrFw==
UCNV8JnWx2A=
Mnke2ZNwboM=
74ZWyZQ6ETn6ve3SxIsLXA==
SRqigsIhYq1g0u2d8c4Uig==
IONDRaYAt2c9cQs6NYtxoQ==
hsfzZladW4eSb8BbM3Ro2Q==
PFIRLYsouPt82CygHdd1Bg==
8TehysttcFI=
KW7fB3haz4aT9QwpKsqpQA==
qEbBuu6wF34UeE2sFZWo9A==
sMuornZ6bmo=
cHb+VeMAk3JDQuNjoOqSgQ==
wfrv0Hv8dyE=
jqk7N211hSOaTwiDHOiCfQ==
+192yUb2JIU=
F28ux69X1yuB7sXfZAG9Tw==
F28ux69X1yv6fMKIcsIIGQ==
JVdjucp/MrJ1dL/kQ6gV0w==
IKtPXgql9XA=
QZqcdvO3a4A=
TnkGTvZxKcY=
aLMn0XSdHTFGgWVC7mkFGQ==
bXguwIlZ4a0SjiPAW8wN+Q==
mnQM+L3Id9o=
J81SCoEA/JnXwTn+T7Xydg==
lFEIuM/GErqQ9lB6c2Mksw==
vqPnFGm/Jko=
vjnGMvI74Hj+rqugKO1LSQ==
jeUcdRiDfTk=
VLUR0iljaXg=
GHIXs+nvzOs=
O01HCPnumKY=
3k10U2Z9Fcc=
tLaJWQmaJSYIzvFwjZoPMg==
uGlTjvfhPdw=
qV1vYNvSDn8=
3PznmCcPUQVyXkF/O4pmwg==
+qwJmarHns4=
n8/ycHlieOk=
JhZcRx2aodBBsapsV8xbKQ==
rRn+spl5mviUxz0xDASY7A==
c9h3h8EbHU80znGIsTvsXw==
c9h3h8EbHU/i4EAWO58tZg==
JP1A6Q8U1oY=
LNf5H6hbRgggiRYBDyqysA==
7XsfTbr4uYjY5BB/KOuFqA==
7XsfTbr4uYgcv4bw49tuCQ==
NvjbOV/hQt8=
uzZehIr+rCfyLUKXlrQnSA==
N7xbiez0j8mO5DtAgsPvfQ==
Z9lUGpPEcok=
R9fb3Vw9b8/GR2gab3wa+A==
VXNobjI6P0s=
WmTqtUvpf5Y=
ysqhlqUn/3w=
5qoadDMpZlI=
ctx+MnfMN2I=
jxTq7MjsBvE=
Uvn4TOzj1F0=
0N8P3Hd2xP0=
FGqEJE04WtY=
CW1hiApZNhg=
iaOfxPTVIIql1bBjaFTTYA==
UboMjFzGVTU=
OIY8CYsD6gjs0ad33TBH8A==
kyba0LO393I=
f3MoI+y/tZ8=
oHYegOw6cN8=
xGBUzC2VFPI=
cvgngsYKK/s=
6HDZf+0jtuI=
5jlVeHmK2PyXGi9gjUtpjQ==
8iVX/3cJnNU=
YIYTbx9juGo=
UL/Sx/BDxktdqYgWyQSxMw==
QV26dYjBqE0=
4k2wyXjiyBk=
4fQUL0SetM5S2J2kAqmYgg==
mOZB3cdngdLEeppb/OP6lw==
ch/bSOlhWMVsjfS4bOIRVQ==
KsFgGkWhuqz4KQ6IiSupUQ==
/nEziZk8qKKyO+wrb9c2QA==
fKQY3ccOHLw=
akIINVeCjp28JyzZDqWACQ==
3aikEB+V8G0=
NLdlbfnLlAYKmAFQNrTTJg==
3QzHN649o9M=
/YrPvjEIwIg=
iF6F8SYvNMY=
Edqz097zB8gg3/Kza9j9oQ==
VP+2dUFKSAyY6DHiBCLh0Q==
+7VTs8xPx9Lv6uQ+FnPzkA==
+7VTs8xPx9LvHCeOAk24zg==
vMeJmJuUOJQ=
I0vXFdYdMCzEsR7rxUDDzA==
H/AcewcrhAg=
DbmF77nk23c=
IfwfNe9Bq5A=
RRDzMTigMbU=
95TFrfaNkGVEto53COTeww==
rm6QSRFg9x1Hl3SgUI6YWw==
rm6QSRFg9x0+ZJWqYXiVpQ==
DqZI2PbyUnM=
fXGT3hq2rHI=
lLX/6/d/CJmBS+N0TG5wOw==
U2CBGbAtzhv2FIG9iTQLXQ==
U2CBGbAtzhtohQDIrex2Ig==
U2CBGbAtzhtJCIjRS7ibOw==
AQW9Kw5tTVo=
XwRRnwvUuntEF+JNofs/4g==
XwRRnwvUunuTIYEfh5xHcQ==
XwRRnwvUunvQY+YWSqAIow==
XwRRnwvUunvHbkdRMW0aQw==
kON+RFg2pd2bX18fPGpu9w==
kON+RFg2pd25l9iXyP8Zfw==
YRyfESGMW1g=
FdPoOEXoSzDvKa9fhqsWew==
yawlmCSTpxk=
u21L9NkbjUc=
6NQR4wk7SPA=
GFxqJ/t+sYzEqDO3aYSt4g==
IObqbqOKJT0=
OoNKshzNKw8=
cQ2OhRroetNnmGfjojiQ1w==
Ycb8qp8QA8cMnQN/FIY4iQ==
KTdEUzie3xQ=
BbIsm+5L8AM=
Gofv6phvFfQ=
XnK1ZkLsTpcL1mXnpGiBaQ==
MOu1HypQ4YSH3eshcK0Jhg==
qZeRQOKiDEo=
atSg3f6tnEY=
IEoVaLLuc8mxHAg2j0G73Q==
ybhln+wDYUM=
px6jtKPW6q8=
scH7Tm2F9Uo=
2d6bOL8S1RM=
zrFqq4r+Pb4=
l2aNygzvnic=
2pXnwzmeLW4=
O2bstugYo7c=
VJKS1+iibBI=
CWnI1OYRv7k=
rBHARC3PhLc=
YnIf4/YwHQk=
Rns6SAu60fA=
3jhwomhrH+M=
9LuKn0znmyI=
4WkzmBs8zVU=
b9OUX0O5LGo=
2yfbpb3tdDo=
+vUDpNt+rru7UwfoBI0GjQ==
UfYUO7+rJbY=
u3Gb3thtFx1/hWQ9J6oTDw==
0IMWIz1sj5s=
S3hZjAcJFQjeEQNkHR0Wuw==
pplzTCYIP7ICvZ2a6+RZaA==
96uJCFsWZo90ttop53axCg==
C+H7ILv4+Xo=
v6dhHuXfvHEyhLXDYwq/zA==
nCAoRKPvdoA=
YK696HktVeM=
cy+BV5617Eo=
pmNfmV2fb0M=
ykUix9poQ3w=
5FcX19NXrAP/ESY3D4MAFQ==
YPuY4RDHYro=
r1M0YQ0AsJY=
fDcFeQAhKvQ=
/PwXpDHxZHM=
sPzTOw0ioP8=
a7RlXEnb0Dc=
/RRPKft24+Y=
FnJ8qEnmnAw=
vZenU828NUs=
m49C82+wk0N+OHGuVSf1pw==
3//ynQnV8dw=
2lfPRp6t648=
WqbJ5bV/0gU=
asJUO4MdCEJDLk14YxyhCQ==
K3vD+qgRpO/rbcepn28pzg==
yzhtEmEuIQXFua9bMMyEcw==
4xhHPOi/4o4KsBcP31ULmw==
+hMsrV/u84GKSwZ0APTr7Q==
Y4lZPTCxIYQ=
cPp1JaBKg6E=
zXofszLBDv0=
g8HKbim8Li0vc1BGgMWExg==
7QP4sFea/x0=
7ThSdra1p2k=
yfpgQFDktFI=
cM2TVmV47g43WB6GtBlw8A==
TiZtuOsAmtR8MFe+WRr88w==
9qxRMSype6gDxhq/wX71OA==
ca74kYxgazSrE4vuL8S8bw==
wpXg5j/2I5cI3gHc1xpABg==
ZhCbIy+HvUbm2FX6m1iqmQ==
/zEl7AIA10Y=
1axNsLv2zTY=
zb8FikajUu9po/UNfZUcQg==
kOcCWx6Ml1JFx2K/RMeWVA==
od1YioilVBQOFZaqGirhdQ==
yCe4UbrrtzTWsdK9Dae1jA==
DavK8J57/dw=
nOVUPTho5ffE1wl+I38NSw==
4Y+U2Of7qBzkb7qdw/xFPA==
ZuYOlERiDCA=
wMZ//UTp9gyPreVh2crVsQ==
KO2gpubVx8s=
BGIKzixcVlZsZN5dLYH8wQ==
vmQPs2/TxvdSB3CLglnuUw==
KJvDnP6NxkI=
Oqr5+J4Tfmk=
WQ1rcdjisbuUOv/GFx9smQ==
CuHNf3kB1JQ=
FUcEhJkMTlc=
WVV72XnwW08=
fzqWMuP+RqI=
hd/S3f211w0=
fkrzCYZm1+8p5NNS1PFnuA==
I/pqZPbkvaw=
f5aKIXHJwlY=
oXgyBxaUjVE=
OoTon2uTPbc=
M5UDHfjpgWxihyqblQr9Vw==
hXWMjExkX/I=
e4Tquj6Mn1w=
T9CJixBmLWk=
EvmHhWGnJLA=
Oo/P5+dpPXM=
dfe3dHRu7z4=
NdW66nSYmn+dn8LGZmJkPw==
0NbGInD/9bI=
H92WQc/4n9o=
FFev1SGBPEJzPewM3KUoNg==
3gOrqArDe1s=
j2jWmlQQ8QnSoBpKkimwsQ==
x+xo64A6LFGLnTewYV1KKw==
g185z2j2t/g=
7duhepJL9T8=
MENMboZb6Fw=
f0aub5IManU=
BwbrKQWnpFGcjwNHftc2Sw==
2XNLkNlltM8=
VuuB73jvOdmfQemxXG5D9Q==
tykrAwgkNtI=
m8ON8z8wMEk=
FEfL26x0AX0=
SeMr8lPSkMU=
a8YG1KVa1bI=
DGZafPKy5zE=
a9ZJQNcbAQc=
pih60gi7ZVc=
gU9ZPhMw3GA=
5YhnhnwnWlA=
LUOdpgE9rNk=
+BLodf1Wg+Y=
qgfWptoJ0YQ=
YAASYbhNir8=
z0ZfOMdQapAe5I1z/JUN9w==
cSlX1V1ceaU=
PAOeR/I2dyg=
dADkeoSL6ODjSdOKRVkAxA==
jK/8+d31G7M=
MuFNOXuv7es=
yMMWOOqnE3I=
tcDjHzHmcaM=
tWR5/fLy+zmAUzWhO4pwcQ==
WCSmztVzZmQ=
FrVPmUEZnwpHEgCqOnXSRA==
rvKwWm9VOX0=
B62a4savuuU=
IBDav2NB53o=
E2k9qPKzEt90Yo4KISL/yg==
kl22hz1GiMQ=
msVMaunS9XBV/drZZ/9Zaw==
9I9r1QRregLtRbVhglXbRA==
On5Ly/6yQ36S89ruFHNIMg==
XplT0CoFY3c=
xqNm/LD/dcF3xDwBtm7Ggg==
XKtL+wKlArE=
lOXBqKz2WQo=
YKzksP25z0U=
MWI6xMMd8emwa0hFqmKglA==
NQPrXMsYxVk=
OzNcFmn1t9zdaCtPni7vFA==
sfCwv3hcOQq5GeND43zrrA==
8lbe2cDfSYY=
mqwgZ29MrUJIPkX94yIn8g==
bwIk97qTBQw=
hKVJnQ+ifKnx7zwgkSz46Q==
Gt/XIwu9SR4=
s+vXhuPCF74=
y620LgoSkTE=
zluJCHfFMGa+7I+19lxNbQ==
j1pn0yBZ9do=
uVSx5JufVwo=
tozKHDF7MKQ=
WUleQkek+MU=
Ejg3+R4U+fU=
PEQz90V3zoI=
6ERUwYbM5NI=
sVJ30jZIIPA=
saLY5+UNR2U=
zi6HWHN9tao=
ODTkSNqv4ZQ=
6tlpmS9uhs0=
Vi5tasoi+6k=
QhlEUIDCLGE=
TIgFYuYJGwI=
f9mtOtW2EspBwKt60NbXZQ==
+4eiMFJ94cw=
4+2xtdyS0no=
PlL1G3WyVZ4=
cWq1+GYWTtpg5zrbBeuA5Q==
x0BXBMU7WPY=
ZcI7BCH1ARU=
WCXlOt4uQmI=
0i2EgSp+6Nc=
4NtG4WqabnIHgSlzBdEMXA==
xU2MxQuWAL0=
qFbwcqpthJA=
Bq9Z7odVBRI=
y5m6xb7PJes=
WPhp8W0kVZ3u8zwpUVhD/A==
Ux66Gerz3Mw=
IHKgor7bKZI=
b3OPgJiCB3E3hssD8Izorg==
8c/qVCxbMyEwd3r9sgb4LA==
JGSDOGbGQWA=
wnHxTqJwZDE=
3GqMMO7a2Kk=
CJLiPmJY2v52B77ZWRFsMA==
9fr2mEaVlE2uZk1diCZ6cg==
F1DZX4HSYEj5MoUZ0En8mg==
ChNRw3cBfd0=
ZQQXsnuwaTY=
+6Six3Qdl/Q=
tW+TrxCadLM=
99EWrT62yq9d2cGswcITJw==
Wefd3YTsdwk=
MP9sSfV+t08=
PV0duB9pJDE=
pLrRIscUy3Q=
r4KYQq/uoj8=
PfTyfPa0qDs=
ngAESZFo9ts=
6/VfGdaSkSA=
xH1hHOsXwpg=
UQ2ezpB6eDuVPY68cB87xg==
9QPZRaGNSyc=
LlqjF64KUAX0OJWf10MHqg==
wJyVTlazwn4=
d3MndwhyGW8=
Py9OoqA3kME=
zADqZ0vAKtRmYG6CtdGkoQ==
4Di1tw9ynCo7TjWt3cjEUg==
L13W1psuxo3ljbT59OFaVQ==
yJIDvN3CCPzp7kXKr8rv4Q==
4Xpx8pmVmgw=
DnBeDS105l7/0cJ2Rahryw==
GTjUjxeae5X4uJEnhFfl8A==
fDdo8aoQNpk=
iSVnWoSDnN1Y49hjf6Dagw==
qboBFHOzQYsfiu7cCNR6qQ==
2Rs0y9iXvFiHGd8/aTtCwg==
+oy0pL5QK7RkQrIIC27lqA==
by2giNgTl8vxQwGbW2LB0A==
EP/PHUDpVJ4Mm011LloDvQ==
mbIwZlKLjRY=
8naw5VUtzKwPguFzu6c0lw==
do94+XD5bQY=
JUF/WtVgg1JkiWqtZy01TQ==
YAY06ymq8ew=
DUu4vL3Nn9Q=
VcjitQ1ebYw=
HtKaFv+fwy4=
gNVDORer1iA=
MnAZc15ngf0=
whUKPhX8L8I=
MKYpqMt98Kam2NRJ1EywEw==
QKz4EQAAS+eIFs0slx7z4A==
wosc7ekS9sk=
kv166QBcHTUb+2fsRTGC6w==
DXx9PDSlOig=
8kvc20PhBy8=
Y1RqbmZ+Ld8=
hyIO7UH82vM=
q154LBSyh9Fiw6lnlS2+8A==
F9C92JAk+UY=
SqfpeaUvVvRymtC+tVNI8Q==
nAqMTBL+O+1i9/sonXzzjQ==
vlc4yO7XL/M=
B6a2JbHshM8=
8/HrP4RhBRQ=
yrjVMSGAI/Q=
ySTHzVV03ZK2nNnszlaVPQ==
YJ7oHZoB3lHND/5zxTHIjA==
iAnTDWPGn9A=
72n/Sd2puwtMhah4rIxBkA==
drCIoSt29Gs=
vZXyi7R6eVA=
eNrRiew5E+s=
awPKK5cu141UMemKAFNFIw==
awPKK5cu143YeM/6VCAAIQ==
J4oeCBF0WUNk/WEppUoAow==
TMveXIvB0rEB+SOEZc+SOw==
TMveXIvB0rF+/HjihzMT0w==
fAKJR0jSi9J1RVAefMIGV4TjqFv144fv
NzurI3gypT8=
yhda1s6qndbgLQR1yvhaCQ==
TchUHdg8KzzZovBcZwITAg==
V95ksI/rcoI=
UDTBI/CrzEo=
Hleh6RFiYWI=
I6fzeEQ3BpX6C9InTkH8nw==
I6fzeEQ3BpVHpVEsPyL69g==
I6fzeEQ3BpUukbi4MdhtrQ==
flCJDaXXCoU=
W6+vEc0RwLo=
I3SmDi7/unU=
J1r3xjlMTE8=
HfUgKdztU0w=
9xhB7wE9QOg=
AtNEIoaOc00=
uj46tKv1LG4=
wSHCpXNnzf0=
7iYFmqHu1kI=
SZjWXYE0Z4VG/2+3XFlEvA==
Jj4KZcyrXa0=
Eqx52BPVJ+U=
14f2YldZjww=
zwRuzd1AS3k=
bpSq5Q7qdqU=
hIu6G2lDSHI=
wWlxCnkuusY=
KR7i4AAAwrs=
SDr49FnAVq0=
PGirgEsp2IiYFZt9kWzHCw==
ZeldqRxi2JA=
6hegIiYKl70=
nUnI+01m4MWtBiC4BmuMZQ==
THGTnxkbFI0=
V7S3arTdrjY=
XtVEtIhR1d0=
aDAyhwePY9U=
WSVadOLZULo=
wzXwcSS8xaE=
ZEbNWOzFK7s=
ovnU4mpKgD4=
UQW9YBR1hHvNReor9IOExQ==
qO08amrHv8A=
voyz5fXs+8w=
K20sIv6cai4=
0Lu71upvV8A=
kf7EOENU4LBpiCEfSyD64g==
TJUI+BnJw8c=
ZJu2ferFrmo=
CicQXEFBy/M=
W0/eZXYB+ek=
9DQkFd9PbOo5S4dZg/rzmg==
3tiKF9vt7rw=
Kq7kDCAFECUxMeLg3hyS8Q==
jG4w/Nu3ObjD7DeiYi2cxA==
sTZTPs73OxP0V/VuWXWuaA==
CTz9iuoAw0U=
PWegjOx7whSP47ac0Aw2BQ==
1zYNnc/OPkf4tTSlVXFgZA==
YI1nNiTm6+Q=
PESPcsYChaE=
AqdMMd7xQOE=
MH/MBd366rb4TuBuEn0URQ==
GWajYLbT63U=
ot38xxs2hcrv+6sloSkEVA==
km71/J9griA=
r5DsG2LlRCQ=
cBlV7qLuuuY=
Zg1YFKzB+e8=
6fd9S7cBXf5gQO0ohZS23g==
VYlUXbKVTi8=
pYDUAUiB1ECKN8+u1/g1rQ==
GgP/uQ4nqLo=
MgkFzG4nH1A=
ZgdWV/j48Jwsk3UVaeSHig==
TExc7y3pT+c=
vlD+RUWZqG4=
nVRtE6WPikzj+Eh0ed0mQA==
OhLoYKlphXxVyAfVAlYlhA==
0EEUTfDebSA=
MYexII+oeiA=
ep48GQh6HuU=
Ro3ieeF4PQw=
1JEPE/zoKjQ=
2gqP30BEr76N6x5ROGISmg==
2gqP30BEr74mAJROibuBww==
DRH6Jl9KvJo=
VnNOR6o4zaVsgbUrI5YASA==
tb8KbrmuUFg=
udpj0ZgXA84=
mffW1BIsPoHPZa8gBtEmqw==
GwSA80UZA/PTf4LU5rPgNw==
rlasXUPATxM=
3CaNIBDUEWU=
sZQDxX4bHww=
uQFJJ10LVek=
/MpsOzBUpm3MoK9Rebw0mw==
ZlWSlmgtH/4=
Cza9NJG5xJM=
N81gFlrw0nQ=
TVisO6y8dUVn2BRui5K5HQ==
xi1Q5jhwBIolSer9d5rYcw==
T0d3kiqnyYcoQZ/VovnR9A==
fe0pUrjOyvwclSoD2md4uw==
6JFJvNEE8nPUFgMhZigc1g==
HSL036A7S+nXDW45D5l8hQ==
9xLjnV2SEjs=
omXwpZTi39Y=
nrfjXqMEpGA=
2CNH2jEqDtiXKaa0zWvf2Q==
cDSYFnLWAp4=
gH6Bl6sq+/A=
2kKBN4Fo4S8=
8N+AvDh1vOI=
OQ/NKMKP21c=
2aKO1DtloZRUA7H3lhC/bA==
NArEqFgVuXDNN2TwZ0L15w==
czF3W0GE/WVpzLrxom4LVA==
IV628tPg4j4=
COxKDz7bpRU=
CgOnqpw/zKWfVdgIxBv/SQ==
CgOnqpw/zKUVyJspAAFnug==
glKNLalMFjsuhOiATRrqVQ==
whEvS6aM5JnZBtftrxxFBQ==
uqwkKvjvkmYeWtNJ09qrog==
AtSBM8ehW9ZYBf4sAJy1PA==
9P/M4eIP83A=
0XyBRB+vyvk=
90Z7ZUy3nZ5OtflyTVOyYQ==
9u3gHZ4FTtHPiNfTRqzwQQ==
6AxaKkrFeB8=
JgbzZKCtys8=
/KGibxW7riAJZHHV11aTmQ==
codINxLvYek=
tT5m+/n6qDo=
B9of2bFOso4=
xvL40oFUflQ=
3z1KCiNdM1s=
FBBJdI02DoE=
v7LMB2cm8sk=
eaDjJ+87mDU=
MbfINJ7FAMI=
vbZjHoAyTlk=
7zDJ+nLZsSc=
U9W3urb53+w=
xJ0YhyWCF20=
vYp3elJa324=
mrTG6Yad3M4=
RJXTapwnHaY=
hrOIl6HQSKM=
bdusaYrAu5Y=
ubVuDjDpvfo=
a2b39yDZymU=
Zym7iT3su5E=
jtM1QXSvVBI=
BwwZkqz1LXE=
nZ5IXaMJ0QM=
KSK91mfcuXw=
SvE8iVZt/pI=
FWn54QwyH44=
JT9HQgiwQbw=
cwAhXlUr13c=
lsCz5sfykqI=
dLDpG+HLlx4=
BBPsrrNvYg4=
fQuhpMQ7cUw=
tsl6Dn8CzNs=
F37QL0evup8=
mlSJmjEy8jk=
xwyjusxQZ+U=
uIvNtzXT7qI=
P4l1AJqN70I=
0DTXwSVzRmE=
F+hmuFyzm8M=
q77JQ3c4CeE=
Al35VT4mrnY=
RynWAKYQ1Eo=
RynWAKYQ1Eo=
/X6W+VPpArU=
/X6W+VPpArU=
gsI8ZWvQ4nw=
l1m+TKZEaB0=
vIRSU+IE69fg3Dmk4xRViA==
iIFqK81ThXU=
bpeLOJ+gd1I=
lyJkg3EjQak=
gAhqyMgd+oE=
44pvge1L5Ic=
0PLVRMd83lPKkyIsQof+ww==
peSVBnkf/oO5DHmfyUKJAw==
T/odPT8fQR4=
mPzlqP912azkSiXHBRNFXQ==
l1rR4LaPrzGZZ4KFSHCZKw==
WN4zCINXWF4=
uSILI0MzPfv/bhCWQUyzGg==
EUbY9t5g3njlSyNK94D/Yg==
nZ4+snrBnrAUF/hWscal3w==
nZ4+snrBnrA2bTLp/7rhGw==
+BQs6CK818oa8SFpGQzcDw==
MS9pkPKTBC/Xr1EUPVzq9Q==
7hkZ5Bfse2M=
FUx/jt7x/t0=
1Voml3ybiRo=
vOiH1SC9lIuGdDuSR8M18Q==
Rt6LBdIJW6rCBQMe88REHg==
M+QkO8Pjeog=
3dhiPIBBIUD+NlM5iYGc5A==
G/KRa5VCQNMgwKvSl5V0gQ==
CvnkFsYSgDA=
/HGYwRTYyWtQMwkhp7g7bQ==
LDYi5DDBX0M=
Dyyxi1Rzb2NqvA3YaK0huA==
m9Du/e8pUsQ=
DVzayL8juns=
FYy55OoYXSgA40QLXPTYxg==
Ban1SMrXRoI=
yzDccCxOLiQ=
3n/iHFonED5s9afVo+ACyA==
hV0F3stTe8qZlwbE/7AXrA==
V+hmHR8mq0PxNCzrvbGa3A==
76QjaZOChVFzbSYuFubQpQ==
HsE/g4XNs9iK7k9oSoHfOQ==
vSgug4jwmdm2koShNfycZg==
lJQKyD9uC2DF6iFPuwIQFQ==
4PGyvlITb2s=
QaBSUxzpcjA=
/D8nTFiOgxc=
dWEjMCWCmFv0ctQ15QAXwA==
KhP6Ywc1Lf0=
fGOz2WCc4YnpuYh7IdbhCg==
fGOz2WCc4YlSWSGoVYOnkw==
OGR3sfaE67M=
zt4/ACoscHY=
d5ao9AvPokg=
6dqqaGnmSCvHBO8NVW15NA==
cgZ0JjeJ2tqnssf1Vf6HMA==
MkextTwAhG0=
Ez2csdndivIAJGleNvZ6QQ==
cmLXPTMP4mA=
XrB/i8yrsro=
M9Uw/w4wWOg=
x+gZ4xJCpCM/pvnyl1VbOA==
AalXTbqBI+k=
Ol7CaKnBVh1/KJLJDXEMHQ==
DIah2CgkVfxIKp5VugKDmg==
jwmCpHKO7U0=
w6iSBE38+G4=
Vc3BCxFXK91K7tMUzY+v3A==
aTQxwJOcRfc=
xLrrldCvaC0=
HNgpBFwrSEE=
CBrXTV2tf8XJT/EzCEYltQ==
0Xx9uxE3O8ITgoGC9tYB9g==
8Y20SJzIt84=
Atn6IO3WeI4=
EwemcHnTVg8=
co6o9i2/W+pExLPKl3h9mw==
ju8MTf1KM8U=
4GW0ZPFZ4Vg=
JnGXCpCtIIM=
BNtNo0x+ZKo=
CYhJITdW3CFCizHeoL8NHA==
iQ5D/PKzHvI=
91OCQadf0Oc=
q/5FojDCR3M=
0oyVD6FOXG0=
v/laLbi4Jfo=
ZBu4qmU3NGs=
zkSAayWWXdo=
zkSAayWWXdo=
ptbE87ZD6Vw=
XKVrcsE6d9k=
eAoPmAdjVN4=
qu2UKMK6Vug=
EfXbhqdFQ6k=
hgXSfb9UAZA=
ptbE87ZD6Vw=
NwKHLZCTfmk=
GPhqc0oXDqk=
sWecwXD38Cc=
p4eb8ySYFNo=
h4DUzJ653mk=
vISAWdao5UI=
tsYARIAxZO0=
6UyhHIDU/pc=
NPTzW3xJ0xc=
Krq5Ju0SYEU=
iGp9UjFIM6Q=
Vv5riitl654XxqB4IksfUw==
uulP6/OwMt8=
I4k7Sx7228U=
glBFcb8Tj1o=
tWs52SgjJm0=
MXb8KrlTMrI=
pVvaDZrk1iE=
4tDS3HGE8d8=
+z+f8s1KYvlQNEcQCjASGQ==
xW8FK3eqMkwOVHMIS20K5A==
Y9nV9iBgMq3mE0MfhKKGMQ==
thQIrHqf0zj+caLMvX7Jvw==
llEKFSe+arw=
uUJeqUpAEvs=
1oyw+1D5CXA=
gAx6BfhyjJY=
cz3QVbmo1aoIIoVZuImpTg==
Te6MEV5oSHI=
jZBcNK6xNqk=
vOUVRgA5kEc=
mWk+Pvt4rBM=
0yahSe698Xc=
PsBd0qvhu5Y=
j9Rx+z2x1dKC7ROVyG2Muw==
uAr0o2HsE0U=
XPkuFmhlD6Gpocurx6PZig==
TEpy6OE7zmg=
WcnblJz9QY4=
3Hho/vOz1tQ=
pWJEIeY0G+I=
fezSmbAYi9M=
DTHNCHSaAA8=
iMvvReTLU9o=
Q70MUxhts7Y=
ACqst1Kk1BUwdQ7SZfZcyA==
kuf8bldgk2k=
L7JjZfmqYJQ=
ED/iCikvvC0=
NjrNoIk//vc=
jYMlgEhxBIk=
a+PecEuzaFc=
E6U7PZ8Lgl4=
S4oC4Y5cT2Y=
3Wzz2EluhQnx2AItn+8a/Q==
m8C0qECmNDIuMeJSrtzoXQ==
pBLZWKWMxXPKYGjod/TVkg==
eyeFR/2lWKDuvOJWtc8KpQ==
eyeFR/2lWKAbDz+H6i4VAg==
Bd/zWH1xglboiFfozyx1AA==
0rRERAvU270=
4i4+zwPmYQJbNxLKYnGkUg==
fYaVeXnNLkQ=
3MC5MwdjRX4=
a3fNp9Xpbnz7WCu7QaYAjw==
hBefe9x0JcY=
8g/rRnt1V0k=
hh3o8wX95Pg=
au6A5bKiDRM=
p4ket0S4Y1XnMReCt0KJ+A==
hPJNIMMqz6Q=
mxwPUAUYOAs=
cXv5vjJOAzI=
rZo/0mFELjM=
R/UopuxWiGc=
nhjnNAA0fBsqLd4lko3Y1w==
Ekw2DhGE7kk=
zMJpsjH0Zkc=
9wJW7VuRE+dEPe6nixlFLA==
FfexFxr/5/v0da9LvRUoqA==
lDKSjNYfuYs=
jhZw/Dyjz58=
eiHYs1mvt1M=
On0lXOdOygo=
SWCN9ZPpy7Y=
49/QL5v8ASc=
9xqTlBiJ+rlqW0Jhb7P/fg==
BskhdMqHpcYjRtEfIeacZw==
CfUEDUq86sy/8Eeg017nAw==
A2gOiig2qIQ=
YF0LoslVG5tT/U34ivOUKQ==
fuG8CO1SGZ8=
WdWXNjhKJt7iiLZs2C7Rhg==
9i6FuFGUkp1tTKY/LacCdw==
9i6FuFGUkp3+yb8bQtDxYA==
rOLUTmxGR70=
sp7k1v8OGQE=
g8eZiUpjTOo=
W/vwrywIE+1Y3EvJhkC65g==
2dAUkeHk0W0=
xGsTQgeQObE=
IMGkRrcNF/s=
avIBDzFynfc=
bnHu7x0IBKg=
aM9Ug7YPf60=
9IsvwI0WM6g=
hkg77RP851E=
laTr0j8ggKQ=
QcedRZKA45M=
8TyZsGMOmUqChBU1uT7c2g==
xERuatRwj/TshjvPdxvnKQ==
xxwDXFq+xVJweYLglz1lUQ==
fj9BaslkZjA50rPR41e7qQ==
fj9BaslkZjBErd4Ej927Ag==
HtzFN0TAoElV6tCaDpXP1g==
HtzFN0TAoElfktyFeEbkOQ==
bRpUSZrOE6g0Rq7V9Zfmyw==
EJAGfZfBhclCihhnWNhO/w==
PhaXXIAhkU0=
GBeW2osW8OY=
nVyvqv4zJek=
PE3BwPOsZH8=
uXE4L9XWLoQ=
67NZGH+Ml8s=
NX9HeNy7gXQ=
jfmyr5I1bdI=
Y5oKPk+4MeL98ugGXk/1tQ==
4LUhOsbz47o=
XC4LO1k1Icolp1YADeLeLQ==
us34g+3RQBQ=
42MAikxl+9P4k9mXXk+F5w==
SxV+JPhJwGw=
tlvzagIsnGc=
0KsFz9U7zEg=
rgk7H7TJ9Uk=
lMNqcYqMPCjxca6SvHioEQ==
WJHPlpk9Lx4=
xEYEbzhPgiQ=
n9sNKSkcFOwDcvbBr9CFPA==
H3Dxd+6SKcc=
K6GJ+hpDQII=
S+fWRnvV1GU=
P5N7QHBXUf0=
YGWWZALkCHPWcCi6lfBUOw==
Q6TJBsQV+ls=
vz9rIp7MIg4=
ywLiHETQFIs=
PhKmPZ/6Tfg=
oNLrVolB8gc=
OeWoB+Vf/lw=
YpM2iPySLt8=
esGf3reC6sc=
hs/r/aNzmbs=
iJrAc0ogVzM=
fq5i8OmjloI=
tGRCoKmF0ls=
A38fUnTZYtE=
fkqc/srywcQ=
3Mt11jX2OIs=
J6JhnqAWgIw=
/5ArMYaydas=
tLnsbu9yfmA=
LpaReQZb44s=
5h1RSJeHX3I=
TldGfYhygzY=
TsRbSGK2DDk=
d8q/F4+YShY/XLGsPNlyZw==
IwP+EB0mM4o=
AkyJ3COj/Zs=
jbSlBTQNlYU=
Sx6iTP3J2Zo=
L9vjtvUyGLA=
yAq6WVwk8p8=
jX8n9vZV3KM=
lhwLjSTDfgM=
9r7ot6IO4Ig=
jhHZCNmCWG4=
e28WWIKDvmCw/Mx2fbdR6Q==
JRLXsZ+gtaY=
4XDwIpABKck=
PzYGU+Hclrw=
07wbYcPKVW4=
wzvegeAyehE=
oU4FjuJniI0=
3ahwm8NcrxCkisZsEGIZnw==
IgM3wA4Avg1/0gGaZgS0+A==
IgM3wA4Avg0iyNmQJAITYw==
HrdNCO6gCLQ=
DMbO0yBvyew=
/rN3pdD+CVs=
SxOnaReLdfM=
IsX47wWWuIs=
qIeY8uOQBPk=
zahuqnEDbzM=
msMc03HHFY0=
LO45DUw4kWo=
XkMqf3N7zuxIIlXZrjPmmw==
9Ris3hdod/I=
esgLw6KM6zI=
FPmlyn6XAhc=
I02sRNWlIec=
TjFzBnqGyLVV8Yof1Gl0PA==
Urpz2zIXsUY=
ejKZ/EJhv+w6VAZNPkC5UQ==
SObzHrqAMejvUxQh2KvCrA==
oTpeP//SgwI=
yZaY+6TBteg=
GPGZKhfNbyU=
N7PT3jqOOaQ=
O//SsdZyIKs=
+784xAKHYia6wdfTVtc3Fg==
QO6Aq9nF6Egg8bfBD2xlIQ==
oP0Ssqy8D/s2RPBIxOkbrA==
ggJNyFJhIUY=
ysvzQRrgvoU=
EbJsfJ1kmkw=
vn1pPQKvejgrRjXjLswmYg==
n3/iS/Qz2ghPl5GQS2xbhg==
htpuFXl0yR8=
+6Bw6et+jIU=
cnsP7P941YdACzpCAkMXSQ==
QVGkrScF6wY=
TAQgv8wSP+9cvLZgY64n9Q==
0uW2hjSgWeY=
wQKpZusNWMWkIMqvjWom4g==
lfEfQ22t0nQ=
/qn/vlzFAro=
tZGSaWfDi/KMzdEbjDhfag==
k7vcTWuk1TE02JGaLNf8mQ==
k7vcTWuk1TEOvYzLflAMvA==
dmYbO4j9MGI=
lOaHHO1mVvnJfRdE64x1Yw==
6CCivrBXXZl2JZCORq0xjA==
nIPxCkv2VMI=
xQnpBcabDWA=
GimOCN0eOQg=
pRbCy20JA+c=
bQVY/Y+HoCI=
S6xENG2NpXI=
lM+wpIjF8gw=
ULoG/b0KtRE=
d7ZXS2uR5iQ=
PbZ1t/Ohn3k=
sHzBbu8V7mw=
AUZ2MwPnwk8=
VgMea0d1W18=
MduWYi1mLUE=
4FWNBKT1tIA=
sqr+SOONRVImXKEyt1n0xg==
rWgFG89jxd8=
hb6iJvXeQHY=
oLG8l9fhtz0=
B8xRmXDg0FU=
djMLQ2po4Oc=
DoNu0j9/P6Y=
l1e77w9yH1w=
LPJgs0AUGvw=
q11FpxEtQyE=
3Ogx1jlhsQs=
jhg3VgihRK8hie8J+/+GLA==
ICj56wD6CTA=
yETaKoFtSKQ=
2pypm0wQG4M=
2HqHA/LkgZw=
Lc4QI8RknGQ=
H5qqoMq+3Xk=
/cxvgdf5xN8=
e7fXMImyvh4U0cv+YwABJg==
puNq39tktRo=
SMsnCfMmc9w=
bZGYiBKzxf8=
hpwlFCUV6z5x7wCQaSCzPA==
Amh42ARQoBY=
HWQvEXZRvWQ=
zq1J8GSinC4=
4OuqfnYloJs=
WtTqoJ7AQLzJRaXQcKCfxA==
wcWQQKyt8fQ=
0g8TTBBPJPhHXKeXD7nEeg==
6mYJlMNSiAxUjAqWCk+/bQ==
kN3db0jxcYk=
KdhtDeasbd4=
14WoVamDLjthHzcxlSVDCQ==
vJF33TIMjKQ=
51uKFsJ7u8o=
gWsmnWxlrP2sjGukQdT2HQ==
XmhY/JhYMy0VfK0m5Lhpaw==
bKL/5A4cK5w=
uglCSdlWdfk=
+d3UUHV55ek=
PpZ4jnFnsfw=
oieGd772dWm9lOoo1CAoRQ==
fdGpgYTy7as=
KeWxziezkJg=
xIqCvUtdwRc=
bd4lsdcvO4f/0HBdPIaDVQ==
0I/q/zecKAc=
gya6Wz0LAD0=
cEJ6Y1QBvoCZP1diwa3eHA==
Lcu1N6i8+88=
C7gl0H0zqxA=
4+Q+tJEglSo=
Ib3YPQgqh2MhFFajh308Jg==
/hkSe4ODso4=
asFCdMsEomA=
05XPoYUTmRE=
iu/xjUHwZN4=
OHeeOvQ/mXQ=
DNsMW+nDHdw=
7CI+DJfFdEjEBRbiateVbQ==
8LoOcEYMRKk=
BHq0CVpHDP0=
1r8XWbyWvpY=
cfh2D5SF60c=
uS+iabVEpD0=
e5iE/KOyXP/HoxQp0LBqKw==
aU2Vehq9l0E=
7oyWi6K0C0w=
Bp5hKPM4v7k=
1R8MBQGD4+4=
p2a8mk27Jz0=
2DXcRvoZsBQ=
KrMDq4S0IBg=
KEpf6Dc2FSxR4GuzN5pL5A==
WVwWqFbug3Y=
PEm4+JKom9E=
D/qS9lAUQzc=
bC6zI867Saw=
Q/FtCV6OMME=
G84awPaI2ok=
cEuOcWx+sKc=
qHvtImNEZU0=
fSJm3d3fZ7Q=
ugfeLeJ2KNM=
VWQ3c+e3If5fC5lXBVTmKw==
gEU9KeRYLjg=
dgrWPv79K8k=
jwM7HjU4Xh0=
ADZW8xtL9Wwj81m+kKUPyw==
OcgNiL22Du2KViNpQmKYgQ==
3e1xJufvX8LO8Lk2fUgYew==
dI4+IJaWRqM=
84z69tgp5NY=
9gdA3ej94rw=
wAkWvriedxM=
yXBNjSCy3H0=
okeHeVAkJys=
2E9Gi/F+p/s=
IJK3AVt73Tg=
zFh3YqzdoSQ=
gLAMT1Xmgew=
7gfHtTgSNIE=
esv0+c00Cjw=
7HuWame7bbo=
hrbkSDZAoEk=
wySw2EQ20CE=
DxtmCm4bGy0=
wZwqoPm6Zac=
D25zOwBR+n8=
+3zlt6/Xdjw=
AmptWq30qY4=
TnGJJypzXWI=
p+Er9+QmYsI=
oGS4pcmbWj4=
X5YkGEU7WzU=
30ni7uFK4bY=
MghZO8MTANM=
AxRllPl6rNw=
OBW0GvY1j9I=
LVRWwL53g1vPAW9mshN1ng==
Ai1MMz8CXS0=
KMfWFqyeLqg=
gJiUczYUrQs=
tlh7Qr54jGw=
Bd6R2Puv2OI=
EKPo7oJmFEM=
aZ0rSN56ZbM=
lO5EAaIKrlA=
VILSLIv6E4E=
lUp96eIw4Rg=
FI7YjUlAHyI=
BmnKduONf1E=
KBcrMMS2qPQ=
pzYYaQvNbpE=
HGr6nJT+ShP87t2O1twRzg==
LDW7KP3Er5o=
cEwl04vKItk=
4ibpPbtB7TCx+MF2OSz6YA==
4M7IDo7g1QmwJGKpfxBcgg==
u0poySnGTsc=
VxdbpFv8u3s=
en9sM80iy7Q=
YYdj49dxA2kyCpKvBiW5Pg==
4JA4QqIDJks=
8wAMDmAodtOZfzaMsRzPaA==
mSyQe12jKQw=
Nx8twf0Yb98=
8TZyUoV3+8s=
6lNZqNUXdxbRiW4ee1tNdQ==
4qpXGgukLJc=
tZYQE3YjcQ4=
mYKRBkLwiGs=
ocS6EKkOu1tUXEOdQy5lBQ==
HXMk6Ksw8S0X5+RTk9JFfQ==
QFmNDwx/8W0=
htiwVNV0J8ozcTHJNxYYjQ==
htiwVNV0J8oMO2Mnj3e5RA==
yBDZVn4Wi8UtN69fM+j0NQ==
CSYzw3wrc/M=
xlkO+DTQrImt56PhXNamNQ==
sFgTClu5MBM=
wL3vUe5FJXI=
uch3uB93sAU=
XvnJE6P2I3sMwH3IjjDXTA==
2fXt8er4HsE=
q1APCjWstDk=
VfN7H6e03rA=
fMeai1p4ahgFX4iDJbpPKg==
81IdFtHfPXL5Dplqrwh8BA==
fQlqjbP1h/fjLJx7VzNlyQ==
YNXjYiUdspGyg8Np5lw77g==
kro4SG/qphkanQMPa/peSg==
GX6pkoy6daUVmstCxes4hw==
M/JunZ1wZ4I=
S1ZxfOwMZ+0=
fu2sZyInT6c=
pWdIWo6+wkILYPp9z/zvDg==
fa0GWjMvIr4=
7Zi/FQd2msQ=
YpBjCdxOj1k=
CiF4CknIxF4=
1lpWcQr+4BU=
GzNXqE3XJD8=
wtOJ62ZuHCc=
f2FenHGiyQc=
G2WdCry5xe8=
3hHXT/8Vogg=
GUbUDbAGrtJYCx0p0BC0yQ==
fiZM6ynU/p4CEn2X1J408A==
cZ8rBoVC6dE=
AlsdlreQ28E=
sTSzBcwQ9wc=
n8T9WkoaoDE=
TXkFK3l8I3A=
wZBGcfssyMA=
MQkNT2eAXBE=
lF2zOjug890=
Ji9QYUISI50=
NjEIpdn1tlGkfW5qr0WX7A==
LcTZ2tHopLM=
yDLzxFrRAO4=
v2kWCO2K8q8=
EkypzSi2iYGnHKoHCnqIUA==
cBLp3ZA4cKo=
n91NuTHFpOo=
mV+P+Y9sEmQ=
wOHy8udhE/Q=
9o+PgUzJOng=
/PynjbqeSew=
ZERtFGoApOk=
tkCvVyyIAMbvDOkpuJTwnQ==
tkCvVyyIAMapJKI4M9U+qg==
/m3yWR+9ORCgKci8vOAM/g==
Q4R+P4SP5GA=
PySRvBmsYUym59UApjBxvQ==
bHISfx8z/TA=
wN5ZzomQF/0=
nhgR78q2GsM=
SM/KU8kSJZ8=
0wcG7xgQ9qM=
sVxZq32p6xM=
xdtPFAcG41pSm68RKptWxQ==
o9M6EuJUUwE=
pcqQeN8jcgs=
8iUDbTWhiu4=
Ry6AdOib/lx1qIeRlS/wcw==
8DNTPu0m1pM=
QT9NFTJruKo=
QEJKdjekgSs=
2WpsdQhYE8k=
I49+wDya+bw=
R2CPIuuwfWc=
SR+qXofUg4c=
LCIYIEd8j9E=
U//fXov+A3YBl37fL8ZDNg==
arwZl5EXzgI=
stzPbmmYkBA=
vxERV/xRApk=
RvBXynqqrw4=
rC4fScmJRgw=
qK5ysfckVyI=
xVyY8aic0rA=
JPl85kFO7Yg=
sevP+xUkdbw=
EMcHvZNQ8/M=
Ax3mnmTSHXc=
wp0c60u6sOC57LptzYbVIA==
KVOO9yU4bvE=
V5HAPDXJXRxqeLh2AVttJw==
W0AuZOXv4GE=
xJdkfC6xmqo=
MVcEvuy8+S0=
yrNnZyXpsgE=
WTLgedjnaAc=
z7wKC+dnU6U=
6DLxeUGZsAs=
d0lqvbAoqhY=
h3KwiQKbPkk=
j9TPOGSKOyLM9KRgJcjZ/Q==
TpchyMMUUFQ=
hwITQwqaBF9fy3YbWqc5wA==
yeqEui8oQKE=
XyzYAe7Yt4o=
j3XIpdRd0kQ=
scvWRz2YH2t9cIRJATa/Rw==
ch6nZuHe9IY2w5g0WME4gw==
8eg/t0APmmx97FGVVrE0Fw==
4WV2V3ruNb4uFd9VEeGrXA==
sv8bqzKOx+g=
18EK7bTQ6GE=
tPAmkthdII7qiLDdFmE6TA==
sgQJpR0ar10=
rqaCwxQWom5PqEudHOYx1g==
ngBwhS4vEPY=
pLFkWDwNF681dBxNutwQYg==
YpoR0Sg4RrE=
06PVj1hqQnCLmLJh2ocXEw==
mDE+sIlvRudvjHTJdcTNmg==
Q5ECpBKCEWo=
fZEq/o/WbO8=
92hAsV0DJok=
jaHYetgXA5CRq+vO4HAJGQ==
3Yh9k3xwv+U=
B5aFkfpbLhg=
ULb+cx2KHOgXj0JzJlzwAA==
+Y4RNbCbOPU=
t4D8AZlweDg=
biDeAwJ/Mj8=
vzTygIrM9Zk=
FByVP5ffjgCWxxEIzSbymQ==
ysLQ3i9vtWA=
+vqR7AzzwYo=
wZbCD0L/yYG8fU1hRvzFZQ==
zfCdJcigFWg=
e9lXiXdCUQE=
mvuLPNNhZGK60KJXk0TY0g==
pS23A7qNLPA=
0Sn3Nl9PSBk=
0jFe4GLOND0=
96EslfMX7tE=
qrH7yDL4u6k=
GGq8NMPklgwI7IiaKr82zQ==
rbW6OmYcdSo=
gYrwNIpkkmw=
XilwC/R5YlU=
OIdTZTKUXh1xQZOT4EvyoA==
Pl6Qck0YU/M=
v2DNvcrJFOI=
hGJLnW0WLsI=
WyuyrA2fQbI=
uwPhbH1syLg=
ZtL4tCZfwrr9sUhlkWWbJw==
Rbt4IpqUBXc=
OF3ePxarIMQ=
68fOpcVDDXFX6xrY41GmyA==
Z/QsoYOUwgo=
RuPM8LXqRbY=
64hOZeLaySY=
ogX2oc8HTTcUueHzgLPARQ==
dDoRHGE94ss=
GwwkU8M+wr8E40NktsXpqA==
YARqUwM14bhOuTGZLhbkrA==
mdHplj73Q60=
PIBsV3hsqnk=
QJ7mX6i9i9/GU6kteGj7YQ==
3YweukUEa2M=
vy0apDRvfpk=
BiOX7/i2GtMzKZorUirXDw==
N0r05UiMaJN8KG/yV8t5qw==
sGa/wvsUqpa1Nib9nsbn9g==
D1LUwWgzqXk=
Wys0wCpXPveYCKZBJjamkA==
PuimgAMcMac=
rASFTaJNlgE=
6OSDyoJjlWo=
Ij9uQ0vsxOAReRswPnE0Sw==
PLc8rtY2vrZCzg821CjX+A==
GdGm/tbw/nPsKxPtzvoVvA==
UAAuVF9pkm/muD5CV3uDQw==
LH/A04ziEsodeRqKDIQgVQ==
692s6pMqBChABYHx3h/bcQ==
80OjV/5rf0k=
wkdo0sB0+QM=
4uiagGN6Ppf8Lr8CxArNLQ==
F6WfNIHVmOyEe3AZDXvplg==
F6WfNIHVmOymHhypaQfp8A==
xHHzSKwmitOxX0DyjrQaNQ==
7jtlYnxRnl7ty5+drg+cBA==
OD8r6YMDgNUJEjKeMHmgpA==
sou+PHTLL5OStrqukzewWA==
R1HEndhzmepJhHunt9xg2w==
8QZtjxFJ9ypG6Jz7+UUczw==
DsDDW4jTM6qoXlYc0nEcug==
nw9ob2KS0p/Bw6evokNaJw==
nGCZPLoOzaA=
NhcE2HOcQq90gS7LjpyAPA==
WmwJYs17E9U=
h4NYmjgqCs4AJpirHzEVIQ==
+n76sqrCbHU=
Enx8RYypmcm4VZsuekegZw==
51jft8K0fFwawoANK2dtPg==
aPtxn8nWUQ4=
Iz3JM5Y3NAw=
wgGMTCh8OwA=
3ZZyuc8x6aM=
EI1acnWpQy3Eylt1pEWCgw==
FJJQjEbcfb7RbMB0JzQQxA==
qpSlw2O4fNT79h8m9ahjwg==
ZUEOqvGCnzYXYdhUefIGNQ==
NribqBPZEXk=
R15ahIuMrew=
JInivh9eyh1TwT8/QgxQrQ==
Gfu1IIungAJh6TivJYdp2Q==
tSj6UQqbR46L9VxCn7/lLw==
6ZVuCon/YMc=
pmywA2xvUeyuxlEGoj2lZg==
342H5sM1UGU=
iS+ZXY2lhT4=
jh/tO9e/ZDTMDvki9jwmMw==
MPA04unVTuPnGygFdCfzoA==
cvjD7qWiqX4=
TI/ZZi1cZYo=
3LzKsPUTsw0=
9iVokWNw90RPimebeJIvwQ==
CRD9t7PKaHA=
edj5pRlNfmw=
NPvju10+PfQJlo3hN/d44g==
FsyqyazJoK2y43x1T9uXgw==
yZrzeeopTuc=
K9TkiAHv5JQJsts4ItBeqQ==
KLZdqmhCLoOO1tK/KdSi8Q==
egxr1NCoUqll7r72anr4FA==
egxr1NCoUqlUlMwxewpXjg==
NNIzT3NavT8=
vpeEtsTh0y5lmlyjL9EKmg==
Nryte70cwqc=
xRb+HMZ+WNG9HW1Ju8NzyQ==
DzQCYHyhe4Y=
c8we/4ZgUUo=
F1etXO4jfdjORlVsPMA12g==
F1etXO4jfdjyCjtzNYJSXA==
isYNWZCH307+mbbsIbo2fQ==
HT9cQG4vs3aLcrxufOokVw==
HT9cQG4vs3aFo4vQOP7mlg==
gNvmbJ/MYbY8htpOQisLtQ==
9ULW0gVlCVFNTr9QmJ7C1Q==
63ucBxE1DA3mJX1gVDtGVA==
OSOmFyX9yVTTFkgU5F+EjA==
zyQvPOcku00qnLExtC1buw==
9jPeLj434vd+Lx6PWtZX/w==
prdfgWoQfghPQXmd2qlNHA==
L+EPoFKCOao=
zzoH6sBBepc=
/3yZPAX3cGfBGBVNWH2eaw==
aQeoREf7srHb1U2ODu7qbg==
pFHFTmGO6DJwiEJ7HEKwYQ==
/DrEyQV8yRM=
2dMcSW4Ikeo=
pgzyEd8P9Vo=
6bRFh2+sFneqf7USmvs1lg==
2YGxFvzyoxE=
pfHmSTsccyIhsWTOwhQnmA==
z7ofJUSkY4E=
9tPGU59TnL7R8igIgnQyUA==
I8Mtv32xgJaa9RO71Nz9SA==
tta86khxfbUuL5YYaz/yVQ==
UnTHlcrXzjI4RLtlRH9dew==
mO+vslco0Ws=
6LRCMw6sYGGTzfeqraZRZA==
4tfchz192yyiiRpoQ7ZgBA==
UQzN8XK9S2o=
xLISCYkW/WMOsehYNK52Zw==
MTPSBgsp+1U=
3+QWgeOzsV8GDYrBhBbt2g==
orlGU+nX4jqY2795HtN4Og==
rW22xBuXYL5XTfC8CVegkQ==
V3+6IuzPAdXZG1UkP5F9SQ==
Bw/9F+fWxLXyIMpuo2R60A==
twPRGoHnqUk=
UWrmme/ETp8=
ofKf060HWDmXZYUxURkyTQ==
zssKOucnUqL8eGeo47PIxQ==
Ka4nRs+LJxs=
FlA5ILPPWNk=
Ib+6cO7S1WUtWuYqh7d+Zw==
4YEgBT6Cti4=
LerTiYPS98Y=
/b9EGabXx08=
3yjOU1O8q8E=
rm+e8u5Jtqo=
GvKusSAdrTE=
diVJjGsqneg=
JvPctwDe6Ps=
Vt8bAEx3cQA=
dMzW8V2LLwk=
ZvY9u1Q+794=
E0Wx/YtBMXY=
mMFA86u4pHg=
/6FWvv+XRfA=
+In/mgAojtE=
oUqs50f9PbY=
0AfKSNWtXxU=
PHGoLvYLrx4=
XjJgJ6OVtG/EFUYhtVbSPw==
OcVAIfj35Co=
B2l/aRAqIHw=
14L5uNJUP8U=
MzPjyxeLJixvDzoh5narLA==
EYSQXYNFMPY=
YF3+fLfvP2U=
LwxI7Kf4B03IXcg703ZPiQ==
3c6T90fOfOY=
To/lnuUXJgk=
6sXuZbEhWE8=
xdk+WZOyC48=
0rBDw/ULlOE=
1o3P4yeGqJw=
zKSyxQ/G1uCSe2EBtArOJQ==
B4o2j5JNyVg=
q7aRJFQlTtM=
MRLwld5teZx59a7Nbm4Oog==
MRLwld5teZxpnF+6d7WPdg==
EMr3lUtKNMfzSjIWWs6z4Q==
hihTch5KgT4=
jdDlgwwHdeU=
kd1odKGay++E0YYnfcwiqg==
6cAnQnA18/+ZBvHcwrETyg==
S8k3imIVu+n6Eq2yvIyI0w==
EyRQIFzSZ5g=
JkaX43eBAEgwcqoO55OcvQ==
PWD70fJc1v0=
wUZiQ3pYMRM=
J8pIjkfUK1o=
qih4XVrSR8Y=
g0TTHizWhlU=
y7+odasS8PE=
aEa5zkN1GFw=
LpU4CBNsZso=
4s6HQOg6Wgg=
1wuSQkYzDqSkuxuQDOTpCQ==
uamyG1NnQwo=
AsF8hNW8/jY=
PjtuEDPi1hw=
ko0EM++ecwg=
Uwe6dDeiJZc=
yCj3uIGv1jU=
CU69EsY2W6U=
FgPisrlDyPY=
Jw/EvV5tKqA=
vwDKpzfD+WM=
PZDJoyVmHIU=
VnmZV6satPg=
HQwHKY9999c=
/3OQhk+MZ/Q=
Xr06f1Jt5Lc=
t+flXwYtEdE=
+WgZNzBEApo=
n+J54+d7TIvIYeXsT/Rx7w==
AVyWuKo90aQ=
1iRQWECt5YI=
xWLMFmKMliA=
5tPAZjdkCs0=
h+KWQs1+t65O31Nmopm1GQ==
Axl2IOPzsRTyjh3ULc/hBg==
lkNwZMczqcs=
HO61OZA85bQ=
2lMREPTnNFs=
xm8CG2yVYjk=
eJihJQQ1pbY=
A2D+xp5QI4w=
gHB/1lTVG4w=
dfuMpirLpuReNf2Dj6mwjw==
MEewzpcuJeXgNV4Z1g/Xxw==
ieaU4ffrIf0=
5u/bLkqxoe0=
FoGHZi04plY=
Ve1s/6Qj6/Y=
uSZk1unYgy8=
U0WvGinPR7o=
qKIemwkMivg8Zlsl8qDk0g==
ERYxQdxMrl0=
QfkLGJMMvLk=
cHWtVdOdmdc=
gww0449OJEXGfNCz8xvAPQ==
znBJp9pCxFA=
YytPLAxXgNsI1mwJ3ghJNQ==
dkghNO+PRe0=
ylXAMpo8Zjc=
cbkOmeOXkK8=
MNCr6UHY1/6k/2jo7Wk9Aw==
Wp3N+6/fC0g=
v92iJ4XhSyw=
finXE12P/AybJosfznCU6w==
i87tFk36xdU=
SsoEdG7gjRs=
ALCOn6LFIyo=
kWP7Ms4QumU=
pOwO8yYIJwA=
+ZwcItxThS7c6bMlOFPm8A==
Vkh3yhbE1B8=
7mIFAzYCWK8=
ZIE6mClrH0k=
Gxji7KucJNvpfL9XQfyaHQ==
wBS8Q4JD7XmJp6c613FrQg==
hqC386AWDZtCZzYdNeuLxg==
I0RKndfZ7zE=
NjoGlFXjmm8n1gLzIs874g==
Rj08+RgbeZnxlThLxz0wtA==
d0a4Pqha2kA=
7KqHFgzqBI8=
xA1srBCtSF4=
e7CDfTCgsIA=
Sr1BKSESxq0=
kjrmdng/TgQ=
b3GjAkCXeMI=
c6g3DK+ObJp7/pYDZszd5g==
O8tXjCMevHY=
wszbvPnbEspZXUtRQxR/vg==
JYJbR6Yr5F2Gw2un02rAMA==
c2dFKEOJMQMVdrRZdReCcg==
AToyh5aLhdE=
1J8P1NeAuJM=
e9S7cZG/6mxm6boW5UPdBA==
m3RB0KBR9mE=
+QNG7kND/wc=
PFHXrYv3vWOoP+KleNzKJw==
wDe33DBM97AtBvGD17m+jA==
fzY7gTSvpS4=
rjkEQxTPOQk=
2IIHvflyQHsEv5oPfUahPw==
D/ZhZbJzd4g13FOaQkeZFQ==
VxZQ4Jh0p0o=
7uyOqRb8qJA=
1pQSB+lAae4A7/xc+RRdaQ==
a6452Vkpoz7wanzfNOFibQ==
ZrXoX/MvenU=
akfM3hp3VNvZl9N0pPcSPA==
l953/TvZas4=
AJYM8LvTASA=
7732dTfCUrvvdFndOJASfg==
L6jC6d09Z+H6qB9akGVQSw==
HddQgoeYc6Q=
NGqUEXoGOTkY+m2uxhbiWA==
9c8ke1R9od0=
YAZRJbcpDHg=
8ofC8+5nzQkmjIv8b+fmxw==
rEwwTS5mM8Q=
neNm15Y+Cp0=
OpU1EJMkRtk=
9zwoA5VTwOM=
5wwPFVCP8sE=
xqcSM/mX/Ug=
tWPYPQrBW0U=
r2gTe1Kyxb8=
pN3urBdUpxykcMG2sLVsQA==
mDQWxndBw40=
QeU+pmM+HuQ=
GS9lAOetWm8=
Ym3Nu6FHm/Q=
Tjx1BPCRJOo=
I7o4dF8XI68=
5vUDjESlFkw=
hMaB7TYVF+o=
ZuXTjxlJ78MFZg49N4jpHw==
zF1DfdwJ6rw=
qEd5Gs16AvY=
f4Zv3a5/PzA=
6uuWAESdMaY=
8GL98dDtlr8=
LjiW2d00KrCkJ924l1JOag==
YcyegIKIhmQ=
rqpm5SxhP9o=
SsOOG4PMwWg=
TfUnXMyywbNc0FQHTttbLg==
MYlDAqBJV9U=
Fme86XLyd3w=
PbAPcMtrB5I=
YGnbo0uUM3A=
5R/eoTiFN6c=
qJD75s6Lj/s=
O1oSf1h5rog=
m4sNR9XcJwr4XMcfq75cYQ==
6pDpiVO+Wb4=
nq4AiY+gyL0=
no7ew1nqseM=
6Oq4TInhUlnIIzJy0+gnLA==
vEA62EMFbFlS8R7612f7Bg==
VUv5/VX9IJA=
sLiVA6CgmmJ0F2a1ch3mYg==
MSjKm++OWyo=
ltSqJONOwLM=
Gxt0p36UDOE=
Ts4eMqSx9Io=
pTqHxVyNDHw=
olUaJseNAFc=
WLioaW2Anco=
Jo9acYgL75c=
wb0sHRvHw5U=
n3Ne5rpy3Tw=
5TGn+ufIT9U=
HjiBZOAq/w8=
VuwxHlmqRu8=
wELnIkWAUi0=
i2C7+pL7ZfY=
LKQBHZL41Zc=
Ad4+BSWv9mY=
/q3TsbFCin0ptPG2AdkKRA==
UxTY9dsKoqKpPSptCk5x/A==
2rR0paTnz+0=
nzbRZDiCyhfGWUiuqtHWIg==
6I2+a/quJz8=
JD4MxQfCiOA=
0Oo4kyqzq/Q=
6OsYN9Mkcm/ojkGIhp9F5g==
ksCfJ/IF2xw=
C1rUGayJlfQ=
xbG4Gg7BqMo=
MDBYLQpu/4o=
y5ogq9T91tM=
scbBGuYmf3iF+nNIDe4U4A==
nvWIADGTZFo=
b4BPbKPBoYA=
taAaZMXHWgfi2SdkRNpINw==
e5s1EMEOaBo=
7y2UCCHi70o=
i6ewkN6vDi0=
b4vqkGhteO0=
g1O6p2mX2+8=
bGwAjSarKnc=
g+OcNVubvf0=
cLgx0fzWez0=
ajWWIWcJ3pA=
eoELVeh4KNA=
U9J+TzrjvTU=
T2nSd4yuxyY=
iA+3E98HLLA=
9COKmkKYcdA=
VrE87vxOO2s=
5Eql9HpCqfs=
3DrkbadVxvE=
vgq2Ar/9byo=
UxNxJhktTn4wBgYnCYZW+Q==
kGIZUsT9mgw=
Kl+Q0VY9v9U=
qLZt+tSaZV8=
FlzDaylO9/8=
4xkk63L71tR3d36yhAjhpg==
UDjHM3TjJ74=
0zV1U1EwDldR8n2a4p3Grw==
NfujcUSAgI4=
w3ZgZT+M2F0=
CcxSpGq12Bk=
nuy+bY/TdE0=
VKuywInzEWo=
OSr38HYkqwNzxCsk0ucqig==
6GyaCApkqB/FyYqelGFEgg==
ONdPsJbF+go=
kzTpHXGXxTY=
P4jmwuloaZ0=
a23CqsvTNa8=
tLFmlGHflJ0=
iGwaiSgxk/M=
ROXkAh1LLjeIPzdk7ZOtdg==
V1KU0FapVPk=
lgUBQdOzC9kwZkdqRivYqw==
H/AO4Uh2OoLG+tsByhtqyw==
W4CRNdRftb4=
J48f7Ifc+1k=
geo4S+YotdU=
2bSM9I2Sgt0=
fQ6VdVl4zWo=
k35aHm8hoV0=
OipekdOsaG8=
g7EZLAw269s=
Q8H4hrSYblE=
sXB/ygdFFeg=
rnptuOHHrDY=
1A71SutE77s=
50lbzjzX3AK3OXztgplmcA==
nVtiDmmFYN8=
g0jGwfp6wcA=
vgFjyPOU1Xw=
pi6pVfYD2pw=
EnZ+WnrqQbpnr7T95IBGhg==
Zqb4GER4PjM=
AmgLvkHG2Og=
MiGyKM+9Owo=
aPlFiUnqdpuGnce9PSsL7A==
OAUODEJQIkNnrAkyU53JhA==
99LAMYMw2uB3iBqbIvurvA==
qpRdr3kniNY=
2FZLjxaR6cg=
UC5RntDq+PE=
o/lVj6+6q3I=
k1wZYSkRySg=
fid72jwT6q4=
NA1/dMpRu1Q=
qYN6+0pRhiQ=
pM+s/lFUKPA=
E4mlzomwJBQ=
A88qaRu+yKE=
va+8WQDgVBE=
dRQHfDWh4Ic=
IlWogi+wPis=
Lbw+zuMJRF4=
R4RurU/JlNc=
/b8pJa5WrZ0=
oePiOgYZGeE=
B+cqa3WBRlw=
SNkJwDcGNO8=
bRe/nExfoBQ=
0MwH4z/kz6s=
YlFFv2J9VvY=
inFi8fsvyHc=
tCWNhyv3gZI=
u1lXR+aOu+M=
FgJDaVBoeHU=
ToFeuC+Wnx0=
dxNyI2W4GBo=
cdQy4cZsaxPORnrKhSrjMw==
U/ZEK7QsS6c=
c0BM564RL14=
UuRV2S7kdyk=
Sncp8fVVwhM=
qTqxKctWwUE=
49NPPvnz7/I=
tKRxT/e7ciA=
YYcK/caVROk=
SPyIOP5+/14=
aPDQ1yejQPE=
oyOmQFW/TQA=
m+n9WB5+MRM=
GxbluY9Sepw=
meqk29o3c/M=
dF7bjQ+SYR4=
DVmHaTOctLs=
mwqllSFetnA=
jtnQQQNMitc=
VjMVadAbjhbJNEomwgSGWA==
/PgoGmI4S4X+a24lTmwd9A==
8H2mWMy7PyM=
8n+2cMD3qWE=
XsHW87tMC5A=
58yssX7Ll3I=
LoKVfacQ4wY=
LAr282EeF7E=
E0addOVJHKk=
E0addOVJHKk=
jtnQQQNMitc=
CHj0VhAmY/8=
OmVvKXNJfTU=
kNl4f5vbFwI=
DInECmP8cmE=
zlDWgtqj+Hc=
qPO1K8ZDqZM=
KR57lyRkX1bnQ2ULvtL1+A==
7dtPheOHBwnfTJiZr9s+QQ==
YDKlnL1COXI=
uZ2aLiGo1o8=
nkWHQf+85vU=
C4tY8E/xv5o=
x9qRXPVMrKc=
+tGilvjHQQg=
mxON/rITot0=
iQa9P/ZL9SI=
G5OwSHtAJgT4hnuYAZV3Rw==
T0tlZYk2JUM=
kw7LECFO49o=
Hi/Gw6e5ybA=
UfUtZpN/6cU=
AtfDYXJ+3Qw=
IaIPgbLcdoQ=
HwCiR8Zel2c=
tnDraMQTgmg=
yCupEyy9fQk=
NH4VIyfp5tk=
kbre0cWWo0A=
CSAE0IdiBLc=
OO9OGR5WW4o=
V5Ofq4mNsyDrn+X0JeC51A==
oOsJiIbpIHw=
nawOYzFNvHQ=
3mMAYD0ZNgE=
eHM0Ma61IVc=
JJpdaR0L8ne2QKWK2WodPw==
KcPRHoEm3ho=
Jlgzv41hwp0=
Jlgzv41hwp0=
eHM0Ma61IVc=
HXRLRDkldJI=
bUD+LMpB/bg=
OXYe+vbY1Gc=
9WN8Ig5yWLa4hDY00B/sBw==
daHE+fkOPl8=
oSBK5tumVNM=
n52wrGy8CbA=
tAjCiU3XkZE=
wNjfVluUsBooIwaVR0rzLw==
vTeczKeW/yI=
F9zanoyFvo6wbVsA5X+BWQ==
jzeFUB/kydI=
86f1LrwU/x4=
+ORsWesp7+8=
KlorWlP8dps=
88IG8V8M1zQ=
zZsz97K998s=
kXjzV8feFlk=
B5nKUAYd5so=
2QeDLj6xrvBO/RrPgsOYrQ==
/gQbXNqEdoU=
xolP58kmlkw=
eIQw+8PpIaY=
ATaqXIBz0mw=
E2Cn7M6UQp11JLtXpxBoCQ==
aImDf7xZZFw=
HEGO3brs0S4=
L/OU2AS43mQ=
Nfja58hxqqI=
WjJd5jF4CRA=
mhjHyTVUD/0=
i+E53e8PGN0=
RToXW6FPFk5BGERUcJMTtw==
tBmqz6KM+1isthuV1C9Z8g==
Sg18xNtJdX/1z4LX+I2rnQ==
xDX26BSmYpI=
9tvqBAOvq5E=
QInLSEQmvOs=
13JFySdtIkagyj2PbujCxA==
13JFySdtIkZ1cVa7dqGXZA==
hJy1U8w6vGc=
SnflCB25avikWZ+UJsyilA==
SnflCB25avgCrkp7gxdcOQ==
rgPewGTH1ClocSdc6PhnTg==
PcEN81v82QQ=
4jq4Bm54YJ8=
NXYL5PU5F32WglKGMJs7jQ==
xG1yeKZy1dU=
eq/1NPrUfnQ=
G078PU5YUaQ=
Ifh2GldTWrk=
r4zk5l2TOk4=
1EqhKLELPP8=
eP7kp3jANfQ=
UWmc5jL9t9g=
gO1Ly0CsoCI=
JK8+MC81XdU=
QfoeesHqJuc=
ltY48yU+kT8=
DdOVv63ROba9pgQCFWlqRw==
SI9u0KiNkcw=
bU4Za2tyyBs=
im/bwketSBL0e+7IxtPezw==
tNxCCuiPVwU=
TqRncYlv/kE=
s+LdK7qX/CX/WmgIgZo7BA==
I3iial9wa4o=
TQ78G91uXyE=
0E+0KOi6tLU=
dJytW8RFvWI=
UhO6FeVk8O8=
dyYdb009Rpw=
7XvoYwGC9k4=
qu+C0BOzzqY=
zOHxK0/pyO0=
z/w48QmHv2YkT/S4/bZXog==
boMKzUIRO/5YjymH9f45Zw==
5jZXTQkma9ZQi+E0R4kG4w==
aFioRzmgXLo=
kgJ5Ybjms04=
XkyDgS9x6rB1yfr6+LPK4g==
XJ80IybUngg=
KfAUuw0T6zI=
8kyaPZG5F4k=
SGtclJvIMRs=
bG3jfqQNMus=
nvgP1HRbWrQ=
jhB6ofLXJMs=
LydLppkvKRw=
Ry8/P9s8rnM=
GFTKXm0Q02Q=
PIEqL0ZzXFk=
dYcqA/yLQKs=
9c5j0Cj+7N4=
zlrtUjIGUR8=
jWk6jannCBY=
ecuFHf50udY=
FHjbsNeXtUHtQbWCOk6WHQ==
FHjbsNeXtUE4sbX3SL2SzA==
vbvVZXnlfis=
KJYsycuM6Qc=
eIN3XOIcsNC2hQ4SfkSkrA==
s35PZu0vlAClJLolI0NowQ==
0LcFAyTb6KUI3yJomV+rSg==
8oZWmkmn2+Y=
dbt33KCKIzs=
BVbnmjeloik=
5lhTccnoYQw=
24u6bPIMDN8=
K6wp01k8Y3M=
XEkPPA8WEgY=
7S45MWsiAgM=
CteUM1jiURo=
+nFgUcofaSI3oB4Hc05jgg==
fOSPpGR+IyU=
q96oQ7+tzx3Fm8IdegUTVg==
S5mS1cogCOk=
zqxpkqlqeWs=
R5FQwfP832Y=
khMIA5HTk8nF4vTkNeV93A==
UdVXccZ30Neve0uno+S6PA==
zs1bqy+y5W8=
xXm9k4F+WJs=
8wNTFhWqEchIu6COxGPZ5Q==
TFa/GBW7sHE=
BS8EFjLq29U=
xzVaalFSLi8=
giuyvpRpjIY=
FvX6+KNfHAxiAXFVh8ya1A==
OYf1kLXr9Ho=
vP3HMIwVVOw=
J04mIXF8hfk=
u8Jyz81nIfM=
fm8ExR6lJ9w=
YSfZgzB+Ddg=
zfxcnLlzzNc=
hDoXzuqY3asQSCdfbUtnBw==
btfSedJnk4hWS6pQ0hVRhA==
B/rjZQxWSSPEeOEzyqK7Cg==
5Dop8yrukC3YL00fspLQ/A==
1MDycIEamgZ7RsQf0jxNLA==
R7HidCcHDi8=
G9E21j7oD5c=
hsSYsRbOuzY=
mpt/byIuBz8=
LjXBmHFYS/s=
Yq8zBDRyj2Q=
9BntV8Be6XFyA3/pHwLb9g==
aTJgGZUH5P8=
hJQtMcqkGew=
scR12xfFvIUXes17nGHETg==
XcA7P6kiWYE=
rv3o2sBt80w=
9Ea8xCUNUgU=
BifS7RLOy+w=
P3/SgeVnzYk=
VUbPKRWKu+D4JHXZ2xPcug==
PWqmgDsMbHN6G4ZXzZh/FA==
hl2CIawf75F/UAlgzTN2fA==
kNkCJkZrJCh+6qNkkwCT5w==
T8qH3YXCHi6buM8ZMmoYGA==
Ou7ph9AgqAs=
Jj3TpERJu+Q=
VU7UOi2z52s=
OHmbD46phLiN2uy8szkwAg==
6SdFrAqUxB4=
f4p9zeTEvrQ=
NWT6Td80xSM=
1U1M8jXD7DI5wRU/ShDyvQ==
eX/UrhHbCjk=
aSjA5MxSch4=
G5HcMbYMu4s=
iKUFHJPw7GA=
m+RMFJQU/RTUim6VHuadCg==
8ZDnuUITRbg=
myqIxJNBpiJZhX3aT+itgQ==
kmJX6RMBzQA=
ve+M8CY39SE=
WKB6rp9DuUo=
3yse5kfLW94=
yCK5Afwv1gQ=
L2EmDdtTW8g=
MR+dAUn51y0=
uy3gczPOUME=
aHYkyh/9oNI=
PcXikd8hP+E=
xgM/xW8CXxIk5db2f5mrnA==
R73RzgxPo5U=
vVqibUtDb9o=
U034y5C1UQk=
+sxgF9+SVvY=
IB7uZkOuGeo=
urW4RQ2qeZdNKrmBfCk17g==
xMKyuHTRT38=
JY0EDQaHB1g=
VUKvYMZepra9gUv25fUUAg==
Enkis22Y0Gs=
TOLdebox+ebVOMz98Vmj9w==
Bp2ud91OQk0=
PcXVCWZKJTT9ET/vpmzVYA==
VQi6hwfCVCDYzxM3TJSUjg==
vb+H3h3NIQY=
5NK8Vq/QOC0=
Ytw0d1n65imSL8+Cq/96IA==
jS3b2hUWwS/xGXo6MZWojw==
kMVtWwHbNOw=
+PRE9H0kSNp22ZggCfek7Q==
CsTBfFb1y34=
U2+9BHcA5Jw=
S0MgRQuTenc=
DwICuL/KFK4=
ia6uOoNL1YiHJ33QTqabrw==
wlYLeiVYLq0=
PHt9pzh6bNwBe2wtXU5wZA==
QJTFKeOn8MizJBQyCHNlMQ==
VXiVL5C8GmYOjEjWIu8Mjg==
98DLLqihUIM=
B6JxopJXtGY=
PSRJh08gQwg=
gcMt3BNJ5DBJO93teT9Kow==
QvEYqxB6/lU=
fNuKId2E+iw=
toofxvKzfsNuxdGgF9cUWQ==
oOlxF6imbJIUIJSSBlxWKQ==
AACMsR8YbfN/YlQ/1ToU4w==
HLcP1BQyp8U+KR3GcYgRGw==
CrXV6YjBdAueXZ/TpJSwZw==
fFg5ajYpt8FKPgOVUr7sNQ==
7EuaqnJ8FiY=
lRToPxppp3w=
7WgoeRtzmtmdctqLdh49iQ==
IQILpF1s0JRy1++XyVRSkQ==
3J2ApCMMUUafCjlAy6gTCQ==
5uXOtMWcSfbZ2eS4sTX3Gw==
vHLzMWq0lQ1svf1vunFVSA==
I7+2pwWSUJ5Gchtc2i745w==
F6P3bwOb59Y=
rbWrZHdglG/fW649w5FXXw==
YEF+jTmwWBA=
hcGK4kO/VFA=
ut15tCz2TfQ=
pazQ+eC6YRw=
Zr97Bur7UeQ=
oQSd8WWBmzAYZfbbL9sazA==
hDOhoA5DJnBJRczCcsm2BA==
UhmPUBD2iYwHZ/TA30JiaQ==
9YQnccxzRko=
eUePBH3bKUk=
E5qrMJTMi6M=
7iuUSwy6D8qCrLyomL6QWg==
Sboo4lhqGsFIkrNBRKOE0Q==
Sboo4lhqGsHiO4oZyPHNlQ==
Sboo4lhqGsFWnEnGyNbuDA==
fdR2zTfY5ZHTAu3pnadYvw==
4yWO2lgLfw8=
Y9UllqxkGhY=
cVR8c37Awfw=
56CDIInqFjiTIjsCegLhbA==
YNpmEgx9Uco=
NWfwaCtp6fw=
0NizDjGoLOAJ2tQrxHZtJw==
bT+b1qTem5I=
6PKvMBG2bqLdmvAnldBSVw==
/1aRXvRF9koTYlngYgmEpw==
/1aRXvRF9koKiJvQWb9jtg==
4s7jd/hRKAo=
Z07+ldZUDok=
SiupkbrRUn3QDiP8YXXZJQ==
KHlBHQeoaT8=
+gAOALoB/GZbaIb1p7RGwQ==
LC07VGFHRDI=
3GnLNaWQrisklq+ZpLSY8A==
04NQ7ytV5vg=
XMcPbm50q7I=
KxLMTrtEjug=
KxLMTrtEjug=
XMcPbm50q7I=
HWpW4hqwdi0=
DJxSxhNLxHw=
r+vMCtT3dyg=
7QO6/58QEuo=
EGwCEvqwDMw=
BRTlGaYV+oO49aRsl58WHg==
uP8N63gVKBw=
+7AOh/Kw+Cw=
oqg6bNyBkdM=
xcl2mBgszR8=
Hl7+N5lzmTI=
a97hBO4Hv6w=
TIuqnwoS0+8=
SVQ3XVZl3+A=
GuSauxPyJEk=
pYA7cTRYMcID8FYGqtq3ow==
xvFNzzSjsLPQoNX+ODWDlg==
xvFNzzSjsLMUvBiEITuFNg==
PlhPxOD+KgrLCd2vLcq+bw==
eJalMDh1uLVkNvvf7eAMBg==
XtRRbeWB4eQ=
Dy7My7qKsak=
+3hM1QaV85L24hWgUhtVsw==
EggFkI4Hl0Q=
qbHIFsj3pEQ=
4sMGNUmgm5bsRjv+VqEoZQ==
NVM/ekPMT60=
TjPc+BfcZAk=
bOiDG0XshqE=
6QPa+YdRqvY=
8DloO7X6C6YOabE4nyB48Q==
IDhihi6BFDY=
8jYS0yZ97sY=
nhdRtKGQqz0=
Vhp7KeBNDr3Y8MBftRW8dw==
Tbu8O8Bw/NQR0mWMiGI9lQ==
RuntemNl4hxKQdoniZXmdw==
wMvL77WhDLI=
EL+n+NXlh2o=
+kLJTAtGLHI=
4mXKR7WNT1U=
H1sz8Amyuptom1RKzefxmQ==
qTkb/GBMaA0=
/falTGP2mEM=
NEJ5cCXLb8Y=
7b+K8Ury/i8=
BWbc9illJlwKUYEAb7YVUA==
RaTMaH9owSeNxL5b66k7JA==
+Kmn+WZxIxQ=
UVfhxBOMnBY=
ZpaLzd1nq2M=
JZlJcWa+hN8=
RjShLAx4hqCLUG7hUlTCJQ==
RjShLAx4hqDlB7aswazraw==
VmEYfMrq5s3Zp1fQUkWb1Q==
/c9Tq++jR9Q=
2ieEqb7R9Bd4SRO8Xnhowg==
+HhTQ61lyo4=
Y0R/0IhoBYo=
hiyx+Dywi94=
qQMkvcz5qqg=
T/93Z//Qrm1yjwCQRPEsxQ==
ha3qzWS2jEkXZKTIZUCc+g==
c4sW/o89IKc=
zFUjIj5D+NBosGdJTG6djg==
dy6j1YEhnxew1ZiqWLGFmw==
EQgggRm00mc=
FSKcCwff+AlJVa0neUxEiw==
50UcRz/7p8g=
U84yRncEMwtlmxC3bvyfbw==
tW9FGh5FxbTg0Jj8pJGM0w==
tW9FGh5FxbTyk2shKWyLrQ==
gmYLPEBHl+g=
O3OuOWfcMgc=
UdJks2iaq7A=
vXA9cJthXWU=
FN2DHTCB/A4=
jqWW4urDDuc=
Ec85qO64Q0W3TyOjhL2T8Q==
Ec85qO64Q0WR0VqgophPmA==
Ec85qO64Q0V8C8cQlXHg0g==
8M8wyYKlYqPk8RXtGN3vLA==
b32g4QmCohk=
d81vckChj0I=
5NXRr8tw8TY=
pshVpEWeBuc=
DUQR1Re9qrw=
sHhjhHcGpBUVz6/3KAZXVg==
SWD9adDR4DY=
1vCtxZ7QjHw=
Jvf4jFT142g=
S9diRU4p6JA=
ly0LvJpnz70=
Bo8H993a/UY=
+MUK8Waps+/F/qX4o+MyeA==
C1zzP55VAU0=
Ig3jUSagXH8=
roi0H5L6G7o=
ChOYJZJEjiCiIGiBBhuEeQ==
FGeFHnnKNNY=
itiqNPkWEOM=
UTPkHF9f4J8=
RkRx3K9CLRY=
ve3eeR29xm5LaW+NM2UZ0w==
3w36l4BiI/A=
HNCUyw40CSY=
qU8s3+iZ/h0=
LbS44O9EIbo=
gAHb8JMyylc=
XdHNq+j7XRA=
ksyK0BASs8o5nTHQn8Idow==
ksyK0BASs8rHwYiLQ0KeDA==
06qIu/Ihl3riJvLbO33tOQ==
ClbLO2vSKrfTLGnS5Sl6fA==
NlSwJO219nY=
lBDG6ZXGlmg=
3t5B5yWeZMs=
cpFOpUqE9DU=
BP5ynSFFOL0=
uuiLxdpXOPQ=
7h9ZW/3shkM=
HGy0YGOIf+w=
MU/5tAZpn/wFUXMm4E4few==
ZXg5QofDeJv3za1LnagJgQ==
H+vX6G0KKJ22pS/Ql7+rCQ==
MlrNAdtvqx4=
TUtpvTLBew4=
o4bDnN5dCjg=
OVZzk3LHPhg=
SuZkNIcRzTE=
B8rQ4uwEAzo=
sDu2CDyFblg=
kGd+huXfjCFQFuzBrS2xDQ==
HvHbdNIJHiqEdzKDjp3Jfg==
zzB9ddyb6j11m6Sb4rqQ7g==
+TuelknIhzNOEbvvkN89RQ==
l8VNFLbaOfn+iuurz33OPQ==
fG9f4rIcIKE=
io4U7Pe9c4tK2KBQ0WmZNg==
rTEFYj8ja+k=
xLyVMBc/8Q4=
ZDimuW6/K/M=
LXf79dVaRzY=
J2dj959hCWQNMUISRvcQVw==
J2dj959hCWRIBoa0nAtYTw==
J7RYAwe5nqo=
tCPreWO6cyA=
gnM2dHgmyT0=
5LYIVo2073Y=
YHlLB/slNMWPcLgCOh7tFQ==
hydgUpzCGMU1aQaRw5HPBg==
/AQ1AC14NJE=
bmnQ3ruQQXdjYnoZi6GsGg==
0vKF90L3oGQ=
wZ0TNRpHNZ7ZoYukksvoKA==
lF4OcBqWstk=
Jnn62YVoQ2k=
qxsf0wlbxNz8SvqkddSOtg==
5Mj8vQwMxlY=
LufqR5bvjFY=
TBn/eR0/cpg=
jO2lGUh/wEM=
0UTz5sm5laM=
iyrd3D9TXqgV4+q+apz0xQ==
jc2UTJZ6gLE=
XKDxkwtgRhA=
252nBuIo+kI=
LOZjPnuKz2o=
Fg/DGh8RYNc=
HGPlraS6Rcg=
CGWmOVAqwR3cB1EP9UGNXA==
VaWGxvu7Rss=
5wBhB6UOBZk237T7kB0ziQ==
iFzBRRhAuwA=
8VgujQPqS6E=
4YfGzHe4TAg=
xh7PetLz93c=
XYmPvObQYf4TR35Wc0RL0Q==
HV5WT1aR2lY=
GxpJmQwEFp8=
81XopiEEyssooOvmZZ818A==
euLmfxfw4mc=
P+8ttfFqTrU=
WLIaU2SjjY0=
xVRvI/ButFB78lkaG4A4DA==
PeWDoa54cSs1oQUCcM4d0Q==
EBMEGowzE4eRRn4+7M1eAg==
Kgqw2jozPSk=
5cdfqlMLI6M=
9C/0/pabTPc=
u2c0EsO6CDo=
NtA9KNX5BKA=
xKoM/9j2prkcmd5sQFDJmg==
iTfpnFe6BQc=
r9djUnPRMoQ=
WLT79WwB2OxcHkYgEFHC5w==
qAHdaz9yXwOY0XOUurSBvw==
l//SPdCg6dk=
lmWZc2J1Su4=
6JK8xSqKnaPXNznFqO4OqA==
fdR/wbYDqp0=
XM2IZkp3gj0=
+oCsxxkrJurmq0mMoJyePg==
SQnF0d9x6dZ5Cl0LI3NxEQ==
Z5BjwBbuEIHoqdThfkGZ4w==
48Hgb0JsT+c=
Ak78nF9ra/tE46BdLbN9Nw==
K6CBIfo4ocI=
vR7vmMhH7XU=
Kpnv5q2faUU=
f9kDa85hTAI=
Qpe0MBggQ9g=
uyxh8bkwaMBfUqSqhBc30w==
LvNFhkwOr3o=
QD+Tt2ozawUww4VTrR5ZDw==
06A/A6ivQPY=
g+J8EzMKr+I0KrUa//xibw==
pYxZIY6sz6YJbQJsLHrafA==
ZcrdaqcQoCevNWOn2de9Ow==
iu+wKYmaxy96/2m9mxCRMg==
n94YsPnHYYW20ZWdZ8+RBg==
ZSGp3OebKEE=
kNzEExHC8W0=
nqo1cNoL6CY=
3RSz6ZM2fhREpV9PlKEIGA==
J27kTFLT3Og=
pFT1RBXN3tw=
gSl9cX31fQM=
YaD+JqkW75x6la+P/mzERA==
VwFc1rXircP5d0Lyd7A4kw==
5QDrha3GE6iz1Uc116rnwA==
0TNkL30EW3ZRZBI/lD+cMg==
HY1tqx9GlbV4HWTSI1QefQ==
DPrhr0zRZl0niFamhPEZJw==
dBU6nd9uTqQ=
suFhgrpSibM=
QhmzojCz/vDqRYJZtsqDIA==
UhhnZftjso4y6+y0b1Mfgg==
s00ZWw9marc=
Uo6VHMPGPjI=
Ob22Q39V3IE=
dCBnufCf86Y=
Htc7AG025ExtL8aoTccXxg==
hEFcRKDj2LY=
Nc2j9oheWO1sRYgjPh9Djg==
M5W5DXt7dhk=
Ta0amgVWRUw=
FPb8CeHQX62r4xASGL6EhA==
zFoSJ1n/2dGS1ZPEcSUxDA==
10BRuhXusX7JpDgPLCxEFQ==
1LVhKomkfq4=
Dmp3J1usKMA=
mgWAm+3WgztSDckrdBmBXQ==
tVMEHPmSytHDtmHv5T2CAA==
tVMEHPmSytFnj4uNXl0TpA==
sFy6q/+ylNz/o/omC8SU9Q==
pnRP90YHJt2TZif7WnyRJA==
6KfgBoCRB54=
shQMlgnP1ySzUJYWCHwqlg==
shQMlgnP1yS+R1IZSm4ZaA==
gKKbv4l7OvbgVM7EaKobQQ==
g7YMFj1WESMjDFtTNWWscw==
bhDGxi8OjrQNjV9dhD5fRg==
O9wJUpG7S38=
aaN6zk9MEvY=
yVTUzzKSjz0=
jWvTLaaO6y9rzI5MDOoC0g==
D+CFDwb6RVs=
2TNkFdD1mMMGoXQedl/AHw==
PhJXeZhpWOg=
BlsiqWEuzI8=
ov/IT0L7JRBhugEEjMzEtQ==
Pee+x/npoY0=
n/4+8J6XZskYwwbnXM9XIw==
ZHtuuEL1OiU=
FcyUnJ9L4XH5covu17OouQ==
SWj6YH/rZTw=
lS9b1cnePDh9ZEqswgB7gg==
+uBIIM64IZ4=
1EqwirqIvaRBpoNRnCGWtg==
WX7Hi56zBjUHDQ3fCKPjBA==
PwZSh9jM9xw=
oXuqK8Vql7r3LAgIdGdDow==
BYOXHlvQ49s=
cVQgFaR4+5evdk5ay/bz9Q==
0GwNfiiBppg=
YI6hMlSvrWs=
2Ed0HN8aA3Md7r9N6bwOtw==
OmZ+qXex4IokI5f4Pz55FQ==
W56REAm8ZTs=
gA03aokROm8=
OnwSkST55pE=
umEWkPJAJl4=
p8niCPSGa6yXIe1GFYUxfQ==
0fMIuEtE+WhW7RHDcP84kQ==
cNB19YGlCOo=
mjm5YiH+jOI=
eQqihkaVkIk=
UefLbOR9vNg=
GJawbeY4EAs=
ViZMW0ODcyg=
7ob1CDKrZFO1Xq8OQk3nDw==
GAO7QAAF/wA=
DvZJ2LbZNdw=
YDn3RPzAS18=
Ii8rG0k979A=
/qkp6vmWtM8oCGhT3JNWUA==
GEYTKlMjpU4=
90WMjYz0qpo=
z+0GPaEsxUw=
0gY/w2S9Rf8=
wnIe5O6nKnM=
3rhqnOuEmBo=
XFuyUxs3c+U=
R4BsCSx92i8sTHTwkw7s1g==
X9duqGGDrEHMD2SYIiLmKw==
7ZQr1YvdM0s=
mpafoEjHr0Y=
1XhM5OTRUZWYlo45OZ4Zdw==
oBMlLyxwLtPJ2pMSywOO0Q==
pVAJP0M3HSo=
4581z//OcYI=
/1gjlIUsHvI=
lf65nRs9n44=
Mv1V27+VRAI=
JAVchhcLK98=
D3TtHxEgq6c=
ea+ZU79ruPw=
Oy15rVxNx1A=
W3WOiZ+o5Wk=
F/X3WiNo3H8=
gDSjXJHDu1IFTBeCiFsmRA==
4tMhjtTddig=
W2A140rwuUI=
JfLNXIex5rU=
Y1bgmzXS2QwKsMWIpbAGvw==
1dHTivYSRJOlYMLOnbXEHA==
1dHTivYSRJN/OARSd1ZWfw==
hNGNZw/qu1lTORmL8G02uw==
GkVaC6IsCmzSGxxLFkTneg==
km7eWJ3ybu7HwVnPcopI/Q==
eW2zmU+awFgTzvekNpEmVQ==
JqfpVtaMrdSKV0Ky3kU7ww==
Qkgf32vzHoiAUEMj1MPlBg==
J45KfxJzZx8=
mKbZXSbdsuQ=
k/IbHgFjCj4=
XDV0j3+BM04=
EuIjMsM2uMguVeD7jXD00g==
Wd713I1fySF8dt/EC07LYA==
qIp1XXzDyUGv4wd2gFSRbQ==
qIp1XXzDyUGv4wd2gFSRbQ==
UqWasNUPJrY=
UqWasNUPJrY=
64qO4j8bmXE=
PlGKe/kiqJc=
t5kK1cEcjtE=
kfODnl1N7K4=
TJCt1sC3pQg=
Ptyx6Ir60Fg=
UnZQlyCSQcU=
Ju/RGYqe7xg=
OzfZzAeiz+4=
GRviOMJW6b0=
g8GjH46jhdI=
rymCSWQ65LynSvYgZkKlhQ==
b6ebIAol+Hw=
ZqdUZYKYAQw=
y6VmUMrZcTI=
kYy/AP7JqfclUxUdgcLnjA==
qavYlqQpH6SM2LoktphsSw==
WGKFgmSfspg5M6+nk7khAg==
X3+RY/iku0HEkLA3O6h+tQ==
DHWFgCpuQtlabwxT5bIi2w==
vs9EFan4KMlTctMxXwenQw==
cEmtTjUhIasuaopBhg9I7Q==
7jlwv2TPWpdBifxWnzAwzA==
7jlwv2TPWpdBifxWnzAwzA==
0Xn/Fm4kla41tL6Nve7Bag==
7jlwv2TPWpfe0U91SjN+sw==
FKkmGzba95U=
uxWwCqJlddctyRkIks8r9g==
yJ/310Owtes=
bQsB5JWgM4Y=
9qzQm4t4SW8=
I98FOh0+RPc=
Lc+jLzg8Dzc=
iN6foV6qK5k=
H7J9v/WAjKmSoo0F/vEZlg==
ckhU7tSPCWw=
eyqjTGO8Fxo=
Z+9wMzsNvw4=
tHqyrntlcfw=
1sJRZIojtV0=
BdNlBvZ1Uy4=
LSaQ7cd7b10FV+jbXcMiCw==
RO3pfkJnYDY=
yTf5oJFS/T3iJiSE2LT0PQ==
Joj7JzKhU2tMlakSiYXPBA==
oYNi+6NHac8=
+k+kQu2loGE=
iRJuB7Eejk6EanzSLbTN8A==
p2tKDqmL2y90mC4YgWA9mQ==
ZJD+3SEvRlc2qNlWtO7Sgg==
JWV0zgvW9THJ6o6FvKZH6Q==
RmyLM1vfyO4NDliQS96Nxg==
Yp+K6a0q6PexyNP2CDbYFw==
0j1wPyPBPyn/fg7+Y2BXXg==
zjTH4Fc98Zv/BFFRQNy8zA==
KeL/P7YFZ4VtFhKLmidZZw==
VPbheJU/5T8=
WHkOxfMjX2/mnpTpzaAwvw==
036oGLGQBlw=
jxzcac57eEI=
QJjZlSBHPSo=
/7x/r6xn/EY=
wn3OrGSfnxs=
nylutZzpHq8fiRhx/CyLxQ==
djwjJIigxrw=
9uXH7Ax0hHSgpuq4B31Q3A==
3/AEmUFxlto=
YZooxXbnJNs=
sPiTXk9M/vk=
QUGZ5jG+sE8=
qxB5vRK+JL+amYciL81CHw==
35/azQLKM9U=
PFVGte05dgqxGE1qdZF1pw==
+qFYmc3eR0E=
TO4MNUmBvTM=
ECeH1yIqon8=
4YJpFLMgatI=
i6xyDsmQzaU=
7Otr4bNOvE4=
BnqOxvhjunc=
TCGt+rcGzZw=
c0yRCOuafVQ=
n0Zh0fC+U82qY/Thw8KZRA==
BiUCYc84dL8=
2elC5XKmC6rslWTTG8Gpwg==
rul+4wsTDxI=
tC14cKEZpig=
FASr4AqbCQw=
k9/zyflmxYg=
NVlD5/NBLrdP+avCQYSDIw==
4+T00KrSqxo=
Ylm/xWYcgM48gV8wMIXoOg==
av0RsvmQR/0=
l7yDfsGyXKs=
wGcdgG0v5YYM6CrNw3LV1w==
RyyHklLAUBE=
BULYqHEm3jQ=
2OuaJp4sOao=
wOD/2btAwdU=
WP2sHjBrC50=
PHIbWZyQ5n7FW0aZyePtmA==
YvB3j+Io8uA=
TAKkoQihUX4=
NU5dSKD8Dv0=
ptanvFJel+o=
UWlXGaB3aTY=
unbtBxuhRlQ=
IDVRwVEIeY4=
0RioPlN8Uts=
wn+2KG7NLCU=
s7zYLbWv0QGRklB+GxX2KA==
5sZRGtHc508=
WPgtTqT5LfU=
yp90NQC0PRM=
JB4qw+riCuI=
/G1SodcyWlQ=
e+5loPz15OY=
aK3g//Ixyp4=
jskFfki24a0=
V/UWfccdWVc=
n0rQZouZvGQ=
9FQ04EiJN+Dg+gtQwgpVWg==
QgBhkAJbjYw=
ILmlm2t8snM=
+uBsRlOWorY=
Lg4X0RJddKU=
9sSJG4NqCbf8u4cHMKKjUQ==
HEonunWrpLU=
xaJMYfwfOMCj6h/wrNM0NA==
pOwpQk4pMbw=
/pAR8A2VjUA=
2J6Az91UTAw=
SqMSnebD8kk=
ip6jm6Nd1ek=
uHP7+jD6/6naF3ELXBm7Cw==
FRgGRokh9zA=
7xad70FnNfg=
nf8XdrOxOi5uL6nVidBRKg==
eAGIBzIDEtQ=
kla7w494CQkHYxXEg5/ytQ==
c66pGsHa73C4spgvlQG23g==
Vza1tdo/oJekjRx7aoHgzA==
h2RxgTVw+lQ=
YSQfsQEyd30=
CGYpRK8aB4Q=
y/Uc3n9h3VvzCAmpQ0EZ3g==
ypZs9UUZlv4=
PAbicqwYfdZZ4UwL4LSLfg==
Cf495DLZY3I=
Ey0voGakqYwp+oDA+AQ7bQ==
R5105nyxCnM=
jzcZFtgZqLUVWRCm+4+oQw==
aLgSuhUC2Gx5t+z5+aBBYg==
CT0kY6QP5CU=
h/wZWUnFn/4=
H2YaKwltLXo=
AhhW8eRxd5AU/KaF4BxLDQ==
uPu+i1R2DmI=
atH/cE6AgrwTOt9O7aUJog==
aFR9cjUt/9k=
0W1zGiCrF2E=
J5qKjJCPAng=
GOhwPWWB63Jvm5rTkT/g1w==
K2pxlCHL8yc=
V3F3vtNo1cQ=
pgMc3KMWCZBNm7d8/2Ms7g==
zIpsU3lruRM=
jbhgROrxJKKXuzliqSJN0Q==
b5/di6cjdStCjZnIfipC+Q==
szLUq0jwupY=
bP1DjTVZml4=
hVkWoPZGGus=
2BWrQDtE7aY=
3EEUAeydnNY=
N7sPxuLJD5U=
oSdYXvnbiA0=
YMq1gQd6Pug=
cOpBbF9sbsC0YQpO2fmDaQ==
y9b0RHR/Tp2cemyaoyQnyg==
II0wE0PKIgA=
tjjDhAujO3M=
7NF9K2Tm1rgCDaq35NJbiQ==
vKSQnH8Z8vg=
cNX+xT72T/4bRO0itv/tXg==
6L+CsNZEXJ8=
ZKhirYvcx/8=
6LEfDbeyU5M=
E6WQbwa/o53E8zB/TSTS2w==
7RBVJuqEgs8xIGCDfTrLIA==
F+vkaSinFZk=
HOHB8Xjunj39bsN4ti0seQ==
1vnuV40QZ7E=
E8hfGrC6aZnz4W6WCQTyjw==
cMOx6eGtBoLphhAbdPsDsA==
0efX8Cqc/Xg=
GsE+lpmbnNJ9KF7U4PAkfw==
YsDmUSaqBbY=
u0wG217ydDbvOxTWngOQGg==
IDaxTtskGQLozYZBqDgzig==
oIpxps4PMbA=
pMGqZDL+1tA=
nCmlEsXMzh6sKq1eO2MOVQ==
4Eet1glrOFVYBNPYocRD5g==
guAREoqRQJ4=
+V9ohB4ZgIh/Kk4dygaOHQ==
bKtXiDuoaxuBvwa/czCKCA==
SC4HHHfHQ7cy/iREWzBtmQ==
H9DA1iBKxbcuWoPF9oyzkA==
fTEJBacnlKlNtoUUIXpJQA==
MOnTzs6WvPQ=
o0g6nTabDx3YX5YWKyecdQ==
UoLKjRiKRvCMt6G1unr8Sg==
UoLKjRiKRvDD8nn9AL2+bQ==
D6DI44quxbPCSesECsPatQ==
TYAOOd7wR2o=
8jfDb17UpbCDqlbb7u2Pcg==
wXz4bIU8aBNG6olrROJsWA==
we1mGo7KdNg=
qOTphdL2GEb2q+0blvnRpg==
pOjzS4bJNJ4xWYsPTnol/g==
/pKE6oYjkWGT//s7BlSIhQ==
pgZHf6SV8ckP7tV2Zr0cHw==
FasOv/rDwjg=
ft1D40wMRyZ+/L2FFFquwg==
2MGYu5k8h7QbyS5l552GUA==
Y+HDhQ8uiEloQ9cUyYZyKw==
kvUdLK+aOc3yeB0luiz4bQ==
X+wUut0APfE=
PPE1k9Hrju6UVp2l4JfNKg==
SDvL52Z2zwUZDYUwxl3SKQ==
6W7i279AvoY=
Oykt4Gh00h0=
C1+6SMb48gyNbSLNhIKoaw==
+KW6dqKhxMY=
mAdtKRs1bkM=
z35wMcN6bQB+q2/zH52n/Q==
mG0llYGhPxk=
Mroh4iexP41TaU0+O8Kojg==
RUjlQZEgvoV1laHamKazYQ==
SsS7KYzKGa0=
XxdzlJ6UAJc=
o7IMuFbExfXg12Y6Q6d10Q==
HN0cnns4Bp4JCOHXMouezQ==
fvskA9F/dgs=
mhjSPznj6VQON0R9r7zsHw==
4tHm82+u2sM=
ubqG7dZYqNT1zrXInmQgiA==
Bbmju4WuQMs=
B6lfFcobZTw=
5RYa2ARk/+I=
5RYa2ARk/+I=
PPVjR+xS11c=
QZZYXzMwmuY=
WnPKMUWLMIE=
zuZa4cHBLXk=
y9cSraDRFCs=
wBa8ZWLZhTk=
Lz/QFGyVRMNoYt+MaErTxw==
KLc1eM9XuWU=
PPVjR+xS11c=
ej9YdvLK+hhknKdUzsK36w==
dcoLoAVf5no=
zY4chWpGAMU=
XB10l2ZrErg=
L3hHsvxcFxXmuBud+exsbQ==
BZ9x4AnNTRw=
kzOIlv+sPNw=
pSiRR//HluE=
s8jCmN3HPyPA89waosvPwQ==
QQciMaZSK2g=
0tUW9cidX+g=
6bGbraXy3Rw=
GoLanjZuIyQ=
2RFoT34geGw=
MK+D5r6XdnU=
euM653aav/zyqiY6v5jk+Q==
cmC0105Bys4=
Oeafbhanekc=
EYWn77OuGMM=
oqrH0LQMyKU=
EOWNffiR8xA=
+u1Kpt1ABwY=
UtEggjvjKDw=
FeXkibiYMGM=
biVe+H11Ovk=
9Tqq7kWNPZo=
WQ5UMQhwt02gHxkPKyp+KA==
Bm/mC5odksk=
Li9h6M9WJAA=
ogY7BjAMjo8=
TcqqdvD7TD9m15ihntXGYQ==
po4lWi1paa4jkcRNDPQI6Q==
ZXlfqT6e7Cm8inXfI+i4qg==
ObQrYfUO+ti2G/0VYOI9CA==
rk/Xti4ZbRCsMzfea4kXzA==
ij4GV+EXfw09mPyvcxijxg==
a278HrhiPZ8=
wBFyX6zits35HWstshOvQw==
sOFlhIXah9tteJVSXuK7SQ==
cGGTkmpbNJAWkpzkC5hTJQ==
oT49x6pb7wE=
/DpGSw8QyQw=
QzERw6sq4BU=
36sC4cGmA6s=
eiLKPmnflI8AsNYAk8SDKg==
0akheLwr21k=
vgh+/gmOqTw=
eVninthwtmo=
R3O1SXW/yMo=
+hovSF0QAqRawJM+zQhU8Q==
nuoexv2M0dcFxrxY/4FsPA==
BjsN+mr8HLM=
Rw7CqqA1MbW14zihDe8jUQ==
uidKh36H+u8=
0g0YeDuartmtRMCUu2DaDw==
4RiVhl/7J6A=
zs2mBxNTSdA=
xEgjGTRFdNI=
PQ+7+xHeCJU=
4L75fA7rMiA=
FsrpD2BwkGSE1yQ4I1rCVg==
oKxqSmFI4fI=
TJN6oDQ5R3smNW1SPi+0VQ==
OU2QG5jke6Y=
UyNLiVqF5D0=
DPGyPjICjcU=
68rUNU069/o=
AZJPx5Qe4OQ=
KLlYY5JrLe0=
MCKA7VGwEDg=
Kn8ATo5F3/lBU7l0nj3J0g==
Z/TcVseJyd8pJEwtnrV9vw==
RcQkDjIcJaQ=
7uRdCRomceY=
Y1ZhBbFSGaA=
ruefScDrqM0=
eIS4em4sZX0=
jUpLrAmfdCw=
Zzjs76WKFRk=
zVmFEMdgYL8=
0S1KDwdLrtM=
/Bjt6y8N8qQ=
+5Y9XEm1Its=
euhIduoqRQ8=
f5JISIn9umU=
sAcCbqzZCYk=
0lVi9h2C8AQ=
SflAPJN02iE=
+YRmFfyq45E=
aLFUR1JoiME=
8yI2wgWhn8I=
7UhGPumlUdA=
FHUGipI6q+9GRBP5v3/xgQ==
K71K7bHLg2s=
+lBlNLtkYiM=
9L7OZYcOI9M=
mEH6sY+EM9sCwuMgNadAZw==
X61OgZaoqMY=
RjfI/iBgOuc=
B56SngDey1M=
KiME5IeJgPs=
KOnHuCgJEKQ=
S3VZMmZhRsQ=
T3kTM6ZTkUy+3g/1iNxFyA==
3+Q+9/DXXW3El4+rF7fxQw==
TogDjplaT4k=
BciEcY2NpmY=
9amfNfgAxmA=
laeo68pDpnglVolOYigIUg==
9SPNNx/i5uU=
i/yjY1TONew=
ZgEjJywWV4s=
eDiS2u7AYjQ=
I0fYrz6qRa6uaUybdqRQ8Q==
qcS8AcrJtIU=
v3Wl3qotj5Y=
jp2kQD+ezkE=
X0hvhl5xPIU=
+kp6U0vLHno=
V+LXCTpbBE0=
8pCYccc9DSY=
NLEzyeYUhwtZ6Rn9qUN3LA==
h3v1zw233cYyxl3HHmjrJA==
XZHPphn9GKznlk0qDZEnWg==
ZVJmSWMZOs8=
p61jF1Yep14=
FOY47+uggHFVQegSbnzT4Q==
Hjby/0oRhAA=
aRDtz03Koeg=
YL9a0nzQzuI=
4INZ5G1Xw9k=
zFPdlJaA/ys=
ktXu1Ucah5g=
F67jqQUkrOtW1OXlQwWaTA==
0xjsTX3j/SQMQACQXGPYXA==
yGM8NHRj4B8wNT2wjSYDhQ==
MUDvrqE1AZY=
fZx0zedd6HI=
DmtS7f1UNIc=
swu7ISi0AHE=
p+QGVlh4qznqnKGp0Lhfxg==
wNzTLwCcpr0=
omppALSHEMA=
Hzi7+1gXNuE=
g66BtO1IU7w=
gC2CmIpzc7M=
IbIFHJU5WfU=
5ikq6DAMZ0g=
k2c2JAizSe8=
nadwS9RLl+w=
5ZJk02jk9Mo=
dxYE+OxhfwQ=
OaJjPVWzLNo=
DYUuYufUjzFsWqt0ZTlCeA==
if5RSMEmQ79KBzJ0/LsmMQ==
7dZhfgti3Y4=
v7eBnidAzzM=
KUSAOuIOHXs=
TsZFT6vIA40=
8yfDzStDOSg=
rrSasoX8UDE=
yKPpPvDRJ/c=
TBw/Ic7xXOk=
ojAIQN8euGU=
Vw+WINnPsic=
vNoSLlAmGsk=
GSX3TBuh4tA=
4wpseYXTiUx758mXz5RCAw==
V8rSPf8ouiY=
Z/vgWGeUdRs=
Kj8xw+efYIw=
xklftCpTyeYatdYAE6NyeA==
Izjljf98ZU4=
pNFnMMBfkHc=
P21zn0aQZEY7xiBUfVlvdA==
3xUSLnmenJ0=
sc1Vwld/FUo=
bjI+LcPOj4pI1b8AHIaO7w==
uLjIqDuXRuM=
0Y7+BpKKSVBB+Wpg1t3pmQ==
+hoSjqV39w32ffpGEkqBNg==
R/6mw5pCEpfARQOCYDzsog==
VHxmbTENAu8=
D9eSfhUXLm0=
t1uup9gXchI=
S07zr8bDLGg=
sIvJ6MQ4CH7ojqoXUwEs3Q==
rpLrlOsHStQ=
TgvinE+XjyQ=
e0aU4gxWv3A=
4KTzMryCQ1s=
TaccyR40BxeyBpL+w0GsTA==
Omu0FonHGqc=
are9Wss7Sgg=
j+xzdZ8C5ug=
fv5tl9qkl8PQ4pV4qUVv6Q==
siZFDaJkLbFNklJlcxXpog==
I7zZqOeds6w=
/cnvoavr9EE=
CIUsA9mDi/0=
IM7yP4Ml+i+yWeK1IOvdEQ==
MMgaJDAfsLg=
u55FYJV95o8=
XLBhVazVds0=
UJSwPP8ZCOw=
hs/zLNaLx84=
sRgWiva1+ds=
f/QQLo8QwvQk+1BXYJ57uA==
22bPPfmWNAw=
rs/QI50oj7Q=
pWyc9u1uChw=
bg8DzWobXeg6B15vH9X5UQ==
el0+zbIaYbE=
M5zmO1cI62U=
sMAoCnAIgE8=
yjaIxw1TQac=
nQZNenfqUZc=
By7Giyq0mc8=
WqP2DUokGcE=
WuBID27vwq4=
xSAX9UJ0vfc=
//3FN4Pt18g=
pDG4jCBwekc=
XYkr2lvZ5to=
X8BgH4xmS2g=
y6oCGlS3F5g=
YQCb8Vnv610=
53UIljlk7qY=
iPBXRsGHIZo=
Bc+aCvp9M86at3GFeCb1AA==
K80PvINwa6k=
85Fg88yfrmQ=
TD6jrQiN3rc=
bRP2mXZOfsIStWxEu68VpA==
8bRF5aWpcXbNQDXJ7LAzoQ==
8BB1QOqf6Rauw6qoMa+hYw==
Q1uib1NlDLU=
niuSOYbcIvs=
2N+KHH+BgIuiyAXQ41oB9Q==
f9QzsjHe48Q=
k2LpQS/rDnA=
5SGJHvOVUbw=
a1wzwWw38K4=
0UL/6QMq1qs=
yjcv4vzpUH8KvhLZANKN5g==
jzLszmJNtjn/UQJi89fzqg==
IhSMFHiQ475NvtDW9ad5RQ==
8cZZoqrvwOQ=
HGG89MrbBDo=
KzEVQJVZYx4=
NwFK2kfLcnI=
pK+U8I2sdJj/yACG+GVHng==
NWInVqK+QjRlUaQiXe9O3A==
CEQyJH9vdig=
ixZppbYoKeImVNnIEgI+rQ==
WAM7UvOwzL/kksHbLRSP1g==
cDRe6fG9ftKsGj4UWxrqvA==
dhKVaEhkcLo=
H5EfRM5O3fs=
W5pvejUshCU=
Sp0RHWsTuno=
4AlbGVrfhNc=
8fZuLFpauc62FjLL1tAxsQ==
sOK9DXfpB6E=
AIL8DqCKTF8=
T2ymV3o6ybM=
K9p1cX19P3rAiE6r03w5kg==
+aJLOEBAj669usqKQAHOXg==
ZZQuc/5FRQpzOCI1h6lSpA==
ZZQuc/5FRQoHtv/Ig5bnyw==
8GSIOS5WlrmFRid+RnhoKw==
EQr3B4F/BRI=
5P25sjfkLSwWRSFLE/aShQ==
W7SUGPpLW8pP1TdE4Oc8jw==
UM8SnX6fDtk=
uzNiA/r7dNBSH9aB8eh3Mg==
3igweKEG7PU=
9EyWcODf4b1pmRvAv6nzQQ==
fA0mWv6jfBg=
Fdx5z+RyquA=
Kx9G+97mlwI=
2nOZXBQL2t5qG0i950WKOQ==
5UHb+nMuAKE=
ok5pxmO+5vU=
cuXLz8B48fg=
BUGlM9u6GRHVTgBlSETwcA==
OB6kd3qf/+Q=
bRmbeBrB5AYnstFFRGcHqQ==
IQ/3jabeqUI=
zATnyRk7L6k=
zXn5JrxxLz4=
ZRGzNSu7MAZE4ctwU9WKXA==
KSIdPH+ePhA=
jOC9Ns6gs8Y=
h+zEqkp3KbU=
k4BzsFkoYZ4=
yWaKHKvRM1Y=
Ggnxl6tsKk8=
fOcTaW0WUBo=
mzk/zYs3PRY=
mV6ORbXv/1o=
A2LAlJDepqg=
yrRMhEy7GYs=
ElDxy5u0YDY=
0g5xrr2dJ6+iJp/ihhcnlw==
XUhSrkqw9pQNVuObDGBgbg==
fLbQa0nS7jY=
BzvZgsNaL+M=
K69n+enycL5D8lt30q1XMg==
BVC3ci11xi/gsjk5S/x6Og==
ZhTLyRnCMRaVUC0XSniDcQ==
7/Pduf8zA0I=
g0rOa1Liqj8=
qBP6ZHbFmThoGH34GXlnjg==
A2nLQgZLovB2ec3rRYdQPg==
E2VvQa+NurZCh+xPj+8LQQ==
C16t05SfKpA=
RE3IBv20zrA=
6k6x7cPSDhA=
KrQlemJvrS9iDeGETiXToA==
c9iyC144GuA=
mfTlG8T10wo=
6C0j0kIe1zmgumUlPi0x4Q==
s7qqXeFqBVo=
aP2b+GLFEYo=
hIRWU+AFYuff/66Lg524yQ==
4u0n5cX9Y2c=
1D6WWkQSKb0=
Oc3sLDZShfw=
nXfFeqnxoho=
ExWP/gRkroI=
h+Z9Lu9zhDc=
vl1NRvS741U=
T/mYht6giMI=
qGumthSWtT4=
QgCAP0ysz2o=
StJEMRxemOA=
panVJndxu8s=
Jc0ZgLruwMQ=
AyRA/eG2RkI=
rxMUg6nP1eU=
Onrd7VMwd38=
Sx2OFaq/aJQ=
mUsymOtALXg=
P+9XJaTTQUU=
1xCDxQ7bdeU=
+lZr9BDNgMU=
etuLf7qiVZM=
NgUV0mClOHc=
J/Cd4GRHjcE=
lbf1IBWg28c=
R8xr2pDYCHQ=
VWY2yp9oO/s=
qrqbTcFlYew=
Mv35ckDvgMY=
c+x6Ea/9Dao=
RY3V5vOxjhNMfE1vRZVgYg==
ZVenaED3/pk=
70TaFcHlrna/nBVIaY5pbA==
yLlVKDl+b0g=
Q0ZACuAMPaI=
3AGvOf9A7CKb9dQ5jOQ5QQ==
kgcEpDUQUj0=
wIu36ttVE74lMJnIK2cf7Q==
H0G7URn+4cBxMVb5KJEHIA==
7KD68CXbeFBLvjUYBZYQ7g==
7KD68CXbeFCjfl/O5Yyp8g==
7KD68CXbeFCE5kfbxjEc7w==
tZMC3BdgQPZu6gYZ5+Eo1Q==
1AxKRSd4b4EH/d3HbyFYkg==
iq09Gi4502M=
n66HqolLleU=
ydnV6WYWUDKBMtmSdc9XSA==
Pa1yJUYkeeM=
BTXG3lKkHbfcmvO9uGwGUA==
BTXG3lKkHbfWHDgYENmiBQ==
EBat6uPt1Fg=
MYxCX72Mx6o=
gzdEfTePe2o=
31bzOyk4JJg=
oX1cchqLkTs=
Kobo6566d3o=
jc97qJg7Azc=
dsuvhaNYSBo=
+tZIgM0Lg6E=
wrkkoLuvsJ8=
cgHxhJbv6Y0=
I4MqpkS7bIIXkTTranqlmQ==
3Tey4whnWOpVB1DY/4HlKQ==
BUWLG41oTiM=
wU6qP5jxBXY=
YdAjibNOqpghGJByjB80Fg==
Yiiqxddl9ws=
fHaSN2FyevX2eZ4OVzQwsQ==
RdlBmQotsFk=
RaZNHRvplcU=
ZDBD2p4LsJ8WV55mZRAW0g==
j7t7bx5I8l0=
2SghwhIdcUw=
IZ84oXBgamE=
anIsgQ60+3g=
0+7ZUVsXWhmJVqwfQbsosw==
ryEdhTPdOKc=
QOExaPF2P3s=
jGdJW7HXlNw=
zhk4evk5NEI=
ELANjFIYOi8=
iRKtSFTlSBo=
uKLP7OLeaBs=
ajo0aBx0TXM=
vMXDquPDQ6A=
QxNGHMjXfy4=
DIAWdze3+Og=
ELUdJ4qLCV58qZ8ftVOFpg==
A0TMXDPnhbU=
G9F1t7BPIO0yS6aK6s9IRA==
FOFUsoIH4rB+QLmIz6cT5w==
/urk9IEpyzs=
tCo57aeGvLPM1KVc2KUGPg==
cShSoI908IvOFinzyDf2Aw==
R4gcy7rGRv/ZFSY2HHoxxA==
O/N1GiJ00rA=
o8/x7HjvF5o=
1SM2RhE2uP4=
8xIyD6+gQh4=
psTquHgESv4=
v2HlPODlYCM=
fUzQbq3egWRVR5O470IIpw==
fUzQbq3egWRXBqbjpM77jw==
K83m7NG+R1A=
dGsubgG/+g8=
OZPB+oXo+eylfa98yt2xMw==
g/GNg41OyeE=
Nr92S5ANC6A=
nzCww5Nz6KcCB8D408RSvA==
d1y1SOf2nCZ7Gm9KcoMrSg==
Q0QbiEe+L0rZ5HvXFfnjaA==
4+zAZxZbZR191Y2Nu2BEhw==
BoxvkCyIdiM=
a+eAUZUDNhM=
dXOTdmYhvsA=
3GeOwKuI2sLPU7s6mYNXYQ==
Wd2pzCaDTpc=
LhleUA2bc94=
5uoDHoBUDJk=
B8I7JCig3x8=
XNKbrHDRofk=
dZKEFoI//i4=
FxKlb4k0Huk=
UaCLIZZPRqc=
n+sqC/8swCw=
rAEb+q3ZcWM=
tgDtjq2yBIQ=
NRF5zSBxP40=
icx6dJhiIbk=
rSjUUXNF3Lw=
JD/6NuJZkkQ=
lGo6+BQi7zM=
jXBSKNW9JX0=
CZAbqVBCA0k=
UvZzWhaay3A=
RzcZUiuebw0=
/IkrCgQ5x6A=
IHU+7fEGH3c=
Ju6dhT6FjQQ=
imY6jfNtoAg=
euaP4idJhV4=
Wnn1PrnDbdXdOibxJpjCwA==
a44wDzC7tBjOyDjSNRJ08g==
SNOj+BDRKCnjF6nd2wY0XQ==
1E8PDDEPt5w=
8L5Hyt4vCG8=
i7izCM/7qAo=
9V4vqTjU9rfd6io1cTsYgw==
VZdmQsCQ6H0=
/1mraPs4fiw=
w9KoCSM7Jm4=
7TAGBJrxMbQ=
vZS0LhDtk3w=
ZHX6FllaHk1nVkXR2uiC8Q==
HhHUaJJP2WY=
0kzlxGvhRnb2RP0x9tIObw==
EUql5/Bm+xE=
HKIYrtkpi9ISYAjdZUrqNQ==
rE4WLn7t4kc=
Dvd+9nPb5QJl9fMSBairmQ==
0Te97NjZJ6o8meWUFef5VQ==
HSuSJVkclg4=
LAIgpP0SHto=
3NCekkNWrS0=
KqDB0Qjy3nM=
bl2D52LnF8s=
yZxPdj1t0nWxsE9O+vRUXg==
wQhDa1XOzWE=
ZZKR6sR3Gw8=
P4kYWzbPu4Q=
ouM8/gBSd9E=
dMRjp7jrAj4=
BXSkp/Egx5DqtL9y5YWoOA==
7nZNt6xpKuk=
dOw+WILU/cI=
RUH4CcDg7G0=
1fuZZ6niHZg=
m2kk9MFgYEY=
Tx9N8c04IPQ=
Yd2Cs8GUqTM=
Oqc/PVc8bY0=
uzh63njuPqg=
1lz+85vLI+4=
QCwa1gnJA6M=
N9JQGjaOymln8CZTSMW5sw==
h31E7k4/MDg=
1vSFNS/JGMISTaupCZ8okg==
vv/cEVNhkHg=
4pkz51cWJQg=
EksfyxZtBbc=
yj+2ee5LQlU=
/3QPFk10Gog=
z16BoJVIzvY=
NbF+fBDrWtQ=
DtFbUNvJG/8=
+FkCVPjinHU=
aTY82IrFokQ=
09a3fQ1E0LM=
ihprtvLAODQ=
KBwSTt9HFso=
qkNoh8z5jRs=
jzqiLRbQleU=
f2MbRttdLq4=
k2+KuttC/Kc=
nRmZsNX/MC0=
qlEnjkdrlyE=
ZaPMplKmQtk=
u0SUnqmwmVw=
7wgmXPJRKMo=
dbOHFzH9JDd/1I/rdYkJVA==
GhUzf3fxmjJ4jmATBKr5Rg==
BeQptenNoSY=
3lTwgVEF3Ws=
1qKmXtnpmjs=
BFnE1GjjzyA=
5eXS+59lGiM=
KqOSOj844os=
hbcSs56ZnCDPP4V62guTRw==
9OoZBvbPgXQ=
RqEoe326AMU=
Uk6JFXBWD/8=
6HD74GiMh6k=
UDjcik2PYnIFUfjzGTMfRQ==
/MRgadJLfnigSeZesOEC/Q==
taookqePDp8=
bZNvDZEeg8E=
RFQ+0IPv6xhMzx/Ljqp29Q==
EwVJrsXa8Hg=
rEocN08zkSw=
l7LhHQCz8qs=
db/Sbr8K9UeCeUmL3pXGTA==
f07wvsJd5+0=
RKKQ+k2Vq3I=
0H0jIed8nqHXrbPnbDpzjg==
QR9Rxh0aN/8=
U99OPFPoG18=
lDOqe4zm/No=
yZIVNW5N6a0=
DPnnJW55iag=
u1gN4/hHTDk=
NTujCLq2TOlroD9rg9KmGw==
oRzC/Vdngu4=
TWfk3n9xgG8=
s1+AsOCuma4=
AXYjsc9iq2A=
5E6ia2Yixoc=
MRlGoUMsG9Y=
r0KkW6e+Sak=
ZA1FWdgJQeE=
QzTfBm44/M4=
pGhnxG4Jl/A=
wxgxivOCuJ/WOQDi7+diRg==
J0TUog2OyOI=
VvtjtYr5D/g=
/bYe4coT2FjAGxXY1i0TRg==
ExQc9PkI/BI=
4fKizULxdAc=
7Lt9MTZYPwI=
NeFATUnMAa4=
nhvGXc5QGts=
0HSo1of+wv4=
ji4YhPt8pzQ=
xcp2bU0hdMg=
7SKeeP0Hz94=
GYO/z5K4q2I=
dyPrDRlUJE8=
HLpW/RDnU5k=
oS8NXT6HyIs=
wG/BrZjB/KI=
Z5lwL0tbCys=
EyXaDZCgb1w=
iubhosFOBiU=
bRQVZlswABk=
DqriC2xvkHo=
D0HnGt5r7gE=
A9wdlWnC1N0=
VH3byqrriZk=
edDNQR+N37s=
iHiPmkzspN0=
/+ZG4vLHCEM=
mZuIh00jaEY=
DtWpISOf6n8=
b3p1X969sx0=
kP+IFR5PFKk=
tiB51ZLHchg=
8hw21iztJNQ=
yMMUrsvkWQ4=
YVz5Bt4rTTU=
smjrz4kZGl4=
gxvSQcIvBuU=
Af/NhKRAa0k=
aakZSmUK2Q4=
q3UwXg2eOLk=
00VCT3U/9io=
XH+uTdU69Dc=
fAilmK8wMcU=
ThbtnBkX+wQ=
f5nrIrHezyE=
xVnQTkjd6AI=
6njXPpEwvrA=
x2FDWr7TSK0=
aOAVRH2EY9U=
WC9YN0aG0YAeR2VzrNF+jw==
2W8iODT5RXM=
JBHDm7k3k8g=
Yqp7OOd9V4w=
saIguD9ZBSA=
wBZ+Cwetalw=
9BJGubFzeCg=
zX5L0jdWdH0=
C1NOxDXwyw8=
drjAnxUZMys=
LOZMSHcF87Hpo8bSyZ4oBA==
NC7ngleUWbA=
NsxdnCJ7y5U=
DHuzXdPjmrE=
RSksv8vImYc=
