Qdd3yuJ0C8U=
NR25/XfamebyYViUk0jsQg==
ymuVOt1m7Js=
srfINuvbcWs=
m07MM54KHWo=
QmhcIyNjSug=
aAwkz2MDcKc=
rUl71UemNYE=
PAjB2CUVSlI=
VtMD3zRQ8NA=
xE79Ok0baEA=
FWmu0PlFqrM=
QZdcfMsws48Let02S+7QxQ==
1/SEd6D9Z0TOf8YtFvy49Q==
JuNt7eQy2vA=
yQAx6AwmrNs=
SAiqV/se2xI=
+z2ZkACPLskwq2K1X1arng==
UkHVtqREiK8bPTiO6QOF5A==
WKC7/KvMh9hAHdeXg209pQ==
lwL+KN2AbXk=
+lywLZiOMrE=
u/498hI3W5wtNRRUj0euAg==
1ouUVXsGuPDREuYGMJ/aYQ==
g6XTiX1c1hs=
GAzKC6Mq0h0=
3P8Yn3O+9OQ=
+b+UCN/eFF4=
sizQEV/R1Gk=
kjCGZQR/d1I=
WB66EVDcYU8=
hqJjbAkX7Hh5wLSmLEQnRQ==
T+gT27iMmLVSl3Kwh0lL5Q==
4BaekuWIsdM=
iDXLVplHdyM=
gbErfwfsteo=
dCD+hayBMa/cwg7MPRpe6g==
y9ZcP+7KFMg=
8wwA5ohbx6ypIB31dP4V4w==
w3MFh5B0bHY=
/A+X+k+6aZY=
1IL8YZ2GmqrR83dUjUVnEQ==
4KS7WMNy8rHntZbaWvxG2A==
u48hjLb3oR8=
WAbNV9gNHBg=
2vHqyYRWHUrIMd+nvkvdNQ==
PngmJ8X+dbM=
h8ujnFumb4A=
uNdeZe4Rf9g=
KJHLLKC5dr4=
iB8S5UJnVDM=
gV7PPgefz6E=
kwXuAI6u4xw=
8sxSKYR/S5Y=
U/qr3vloD4c=
pkAdAoyePWc=
d9WurLqciio=
TQFG4KX0PbRHKbq5RqBFcw==
5WIlLA1WETkGwwAFb7JFyA==
5WIlLA1WETkCPDMQEpPk3w==
C76S/GQ4heI=
cxI+nJd52I8=
xluNRGBBPoi+t6fgNKKLnA==
CnuplKlnrEE=
S/qxNOP270fUEtUyAAE/0A==
OiG9sJ/I+Z0wAKga35J7Rw==
0Tke8+kXwGA=
A1LMnkF3xwM=
FX9CstL+aOg=
gC6N/VhvCms=
4RiJR8JsXl4=
DF6qltA53vw=
t9psiPHKxBk=
jIl1Kc3f63M=
rVm7T/USSgk=
EbpCUjetq4U=
fmqKXHFg2po=
lT46tyRTojw=
4Aa3rCVZdzs=
WvAGfdmrc/s=
UxIQrrbGMDc=
jTWt50qsCMY=
ON8hrBef1Sw=
0sfNWQoUWRF2uvUOde7gUw==
N8orE2BRTC8=
wX5W50Kc9PVWA/xyc2upFw==
Hc4G5VsBcVs=
UZ7x3FfbreE=
cgr25/oSOJQ=
kS8zjSPgqu4=
UZV/sOamzrE=
MXXwDVcaSQxbmgx6X8L/4Q==
iFoGA2Z1wDM=
RNFe9cREkq3c/I7n/VIhKQ==
QpBf6UznRYc=
dPxjFxE7UJw=
BPx3x0Jd0Qw=
WmNnvmSscaBI5SGaTx9Y+g==
6vHzv8A5hBc=
x+LKkGFLGeM=
2pHzOezvMrM=
Cr4bhPkO1b0=
7H5VvUsQm2k=
+OZNkpHz6CQ=
jk0mz9qH+fI=
nKE7RpasCRY=
CAtPCZgoU2o=
C4MB35PnkxE=
sOjYOOSeqhy6Ab7dCHLRlQ==
sOjYOOSeqhyKiAAVsZMBhQ==
NYHFLnQMfMU=
GWT9N9O96wQ=
Q5JRPKJ9TbQ=
xbHKQiltNhg=
snyTRdxOc0leo8Q6CQeQ5w==
+Jr2x5S69tw=
j/0PhnAucu6vajzqttT0ew==
bAN26hGJd8o=
AaR3h0R/UKM=
Obltm13ptqw=
eLehPnlaDg8=
0/Zn/jYwxL4=
/dVjWv5RtRc=
gP2XWREamo8=
/Wg/JFWdB+c=
BidOXT16bvk=
vXqyXHL5vMU=
pdcLtp76f1bFuixaLdZ/Iw==
716Jy4cpg78=
X4MU/rJhnzQ=
SYZu1CP5DZ0=
i7QbzneDCeolYKKypOvP/Q==
bx/S47hK0vE=
d5nqxaGqsE8=
LG6Yp2MpJGGnJBu4/4c3Mw==
mUzpjmes/WDy2AKziqP/qQ==
WZwm712fV18=
5nUIWLu0yPuBHanL0qM+mA==
V1fOfVf1GqCUpeJYWG4dng==
3SXb3fkg388AzRzsPIAX1Q==
zx/e/C2a+Ej711qxq7ExNQ==
S1DJOyuHU6oMBYDU9coe7A==
gaipBw1JG80CvQkXn7unYQ==
gaipBw1JG80sMs1Iz9W2DQ==
gaipBw1JG83gjuB7TuvfFg==
gaipBw1JG81FXIM9guFDYA==
iRb0j9zMHlsKFm1GKaI/1g==
g14GrTDAqJs5V8FP7QRWpQ==
g14GrTDAqJv8L4Z7hbR0MA==
g14GrTDAqJuf7RU8ntia7g==
g14GrTDAqJsNU+YmEPA4YA==
SLc7xa5sdXc2SyHCCIzOHQ==
SLc7xa5sdXfN1wE7VZoWOg==
SLc7xa5sdXdxJ/drj+oeMQ==
SLc7xa5sdXdO0KS2i6Al5A==
SLc7xa5sdXcqlZ803peBOw==
SLc7xa5sdXctlzRgB8oicg==
SLc7xa5sdXciR8ICQgymbQ==
SLc7xa5sdXe+rHqh0IseqQ==
SLc7xa5sdXeaeHW1USJF4A==
SLc7xa5sdXcn+SRcPWuuvQ==
uteMXIUp00cq1NNXWfUBmQ==
uteMXIUp00fxS/a99FCMiQ==
uteMXIUp00dhAOKfahqnTg==
uteMXIUp00dP/Y6OZqSR5Q==
HlkMgZ7TigkMKujFnabJxg==
HlkMgZ7TigkKMB52xbt04Q==
HlkMgZ7TiglCy/rrCFNuoA==
HlkMgZ7TiglHeAbkVGqiYw==
HlkMgZ7Tigk7lu+EabBneg==
G3tqFghHU7ggt2CRT0tvLQ==
G3tqFghHU7huZaip4+YcjA==
G3tqFghHU7g1bYmkY9o8Zw==
G3tqFghHU7jr+0XyWc2N0w==
G3tqFghHU7gWNsuTtTmzYw==
G3tqFghHU7gds6Fp58QdBA==
G3tqFghHU7gmLdKhY7qXgg==
G3tqFghHU7j6osyscOEaaA==
G3tqFghHU7j8EMwrz2ChUA==
G3tqFghHU7jm+O955Fmq1w==
G3tqFghHU7iiYJRiXTkbbQ==
G3tqFghHU7h1O18MtDaWkg==
G3tqFghHU7ju6UBI6Y7pGw==
G3tqFghHU7iCT6qZWqaIRw==
G3tqFghHU7iXRQjPaEVlRw==
G3tqFghHU7iUsJ4kJS+bPA==
G3tqFghHU7iumO16AmDdIw==
G3tqFghHU7hF1TWo/zYiVg==
G3tqFghHU7iVoDKEeEWpHg==
G3tqFghHU7h3P4Zayubf9w==
k8KL+WBSV0k0lEzs8oPZ2Q==
k8KL+WBSV0l7/3OMs3bBUQ==
k8KL+WBSV0nReB6BppzUiQ==
k8KL+WBSV0lGhbEbZZxuaA==
k8KL+WBSV0khvC7JrHoUbw==
k8KL+WBSV0lS4q8rnXa4nQ==
k8KL+WBSV0lhNgauQTpOEA==
k8KL+WBSV0lWe+nq+elqHw==
tpsJpxX5iE4vSDGGET5V8g==
tpsJpxX5iE4BkrC6cfXalg==
tpsJpxX5iE7SBNxYHpfN0A==
o5pNeQ6n4Xcknuc+2Ysq3g==
o5pNeQ6n4XdT1URQdTqspw==
o5pNeQ6n4XeADQNPk+dZxA==
o5pNeQ6n4XcjTZbznO6Zbw==
o5pNeQ6n4Xd9iWH4xzE4aA==
o5pNeQ6n4XdcJKgA6KPkWQ==
kYRpsIbXeA0dWXfk2lyrYA==
kYRpsIbXeA0YGxWfA1LIkw==
kYRpsIbXeA2Oh9H9NnXleQ==
HPUCMPow3+AAlUSPwY7ezg==
HPUCMPow3+DghS7tRfnLww==
HPUCMPow3+A1Vuo/OmFzQA==
HPUCMPow3+ChJBMK2+4QxQ==
HPUCMPow3+B1ZHMyVrT+hQ==
HPUCMPow3+C0K4lrp+6BaQ==
HPUCMPow3+DqcyaadXEdeg==
HPUCMPow3+DR1BaJ4xtMkA==
hdpB3+DI9ONtpuCcIRVprA==
6DJzm1hdnRnbRaMpL3l2pg==
6DJzm1hdnRnmxRXlM/bE/w==
6DJzm1hdnRlPIr++4O4sMg==
6DJzm1hdnRn5h/suEanJ0A==
6DJzm1hdnRkMSNe1u6FE7A==
6DJzm1hdnRktOghzoiBkGg==
6DJzm1hdnRlfopGU5zjxmQ==
6DJzm1hdnRkkUWj21gC1Ww==
6DJzm1hdnRlkN5rxfEfa0w==
6DJzm1hdnRk7vY+vAvPHUw==
6DJzm1hdnRk3oeSFqLIz6g==
6DJzm1hdnRmwnpIyZCBBjw==
6DJzm1hdnRkaAQ9u32AodA==
6DJzm1hdnRlR0IRwPbIe7w==
6DJzm1hdnRn1YMmHgpGqfA==
6DJzm1hdnRmgQAN1VIFGHA==
6DJzm1hdnRnUjZg7MwUmTg==
6DJzm1hdnRl2Zu/BpzRrLQ==
6DJzm1hdnRk+CQZnPfQiYw==
6DJzm1hdnRlk72DsLDz2Kg==
6DJzm1hdnRlUvq4ai3Lqfg==
6DJzm1hdnRl26LnI6pEP7w==
6DJzm1hdnRlAznmi9xNsHQ==
6DJzm1hdnRlceApOma4TZQ==
6DJzm1hdnRnVORV9GnWJOsc0gLsr6g+6
6DJzm1hdnRlJ/2mQNys4Fao+m5QBIt0y
6DJzm1hdnRkxxSI/PCQrWw==
6DJzm1hdnRkfwG4ERa2URQ==
IZdznkN/2l4KJAW8Lcrf2A==
IZdznkN/2l6EX+b3UYEDkw==
IZdznkN/2l4n+J4pQfMcqA==
IZdznkN/2l7bYmEH8yX9qQ==
lgLMxwrL4/hJO3ewwN43bg==
UTSldzVm+Luf5cUae6gPAQ==
5hR4JGwjj/3iwF3zdX73lw==
5hR4JGwjj/2bARG0SMEr+g==
5hR4JGwjj/0IQ1BwNec4LA==
5hR4JGwjj/1FzH7xkKFFDQ==
5hR4JGwjj/1UJCtNc84wNQ==
5hR4JGwjj/2Poa4N4fZu6Q==
5hR4JGwjj/15wIU4eYGBpg==
5hR4JGwjj/2lEkJdOnookg==
5hR4JGwjj/0z73rK+mR/pg==
hRsBYMBkm1imBD9hFAEkfg==
hRsBYMBkm1idS41wyjj+Yg==
hRsBYMBkm1gwYh3HvPDAGw==
wRNCqtzDrQOVKB9AcPMBeQ==
wRNCqtzDrQPGlENhsPBTAw==
wRNCqtzDrQOWgvzojlLWtQ==
wRNCqtzDrQO3TZWaI3KLzw==
wRNCqtzDrQPJuB3ZsCcE0w==
wRNCqtzDrQPBiHtlnqHheg==
wRNCqtzDrQPbwe5x9MX2TA==
wRNCqtzDrQMQpU8tTs4Sbw==
wRNCqtzDrQMGckxLS3tdyw==
wRNCqtzDrQP0zT29KLZnjA==
wRNCqtzDrQO7uILdw6MV0A==
wRNCqtzDrQPiUis+Uh2hzA==
wRNCqtzDrQMvla5lU4hj5Q==
wRNCqtzDrQMkHYw/UKSOJg==
wRNCqtzDrQPOQRxI49oNFg==
n1TrD+CcAvUQHS4XeNalbA==
n1TrD+CcAvV/wllJ15D8bg==
n1TrD+CcAvXi36xvrn8nIg==
n1TrD+CcAvUtIbHTYAm7gA==
n1TrD+CcAvUniVyk0XF9aw==
n1TrD+CcAvX2LMb+aYG28g==
n1TrD+CcAvWtiGGRUTPD2g==
n1TrD+CcAvVmINB9W9ufNg==
GxghKS4T7O9kXU70fomE5Q==
GxghKS4T7O9VuQZCiHmOmA==
GxghKS4T7O8xTecBx5sxBw==
GxghKS4T7O+mZX7igrgjiw==
TC1fQiEPyyqyCmmoAXpyIQ==
TC1fQiEPyyou+RRTPAOp8g==
TC1fQiEPyypXjxQHE5oemA==
Ppbf291lp2UlyozXu7PWaw==
Ppbf291lp2WZ6BjF0VePYg==
Ppbf291lp2XOMUrKflJJlw==
Ppbf291lp2U0Na7BwlFepA==
Ppbf291lp2XWubwfe6Dxvw==
Ppbf291lp2WZzanV6xDpAA==
Ppbf291lp2V21bvoObyoSA==
Ppbf291lp2VuforkkX5RUQ==
Ppbf291lp2UqIjSGvqwn6Q==
Ppbf291lp2UhEMTVpcIGaA==
Ppbf291lp2Xim6SFqjGhqQ==
Ppbf291lp2UR+hgl6Hx7Tg==
Ppbf291lp2XEfnmP55W/mw==
Ppbf291lp2WvcmIaCKcsYg==
Ppbf291lp2U5aOMR7yb6lQ==
/b2uU6m6lFWnlX6a4XkOyg==
+caXllNOCQqUbqX7LtLe3g==
grVrAxnWN/kcdsnrPQbp5Q==
pdIpVufp0IUASRkOpcbO8Q==
p+q/EBKwiT3thuR87D98Zw==
p+q/EBKwiT1EBzNHwfZNmg==
p+q/EBKwiT3/6uDZqzky9w==
mkO/eeVPB3XWgzojm7iItA==
mkO/eeVPB3VQogoVflTavw==
oJX2o22m1ahKJtXQ2HbeBQ==
FCP7ulwB5q9itCBmarwOcw==
F/vK14yEBYyuNqt80PwyxA==
EC+x5WR9tQUf8gUrICqZFQ==
yOl6vdh4sASljOEisHbWog==
atoHZh9Wt28z8ORfastduQ==
atoHZh9Wt2+j1n5PWtZIuw==
atoHZh9Wt29gOqvsd7+Z8Q==
atoHZh9Wt29T1xAq/2hr5w==
//Cv9ksfVrtMoVVIB1M3mQ==
//Cv9ksfVrtuP/A0JpvGVA==
//Cv9ksfVru9vDaX82IZ8g==
Z52wHWksLP+lgO1IB1djww==
Z52wHWksLP+dBfIXJUR4yA==
AcbUqnG6S9yIgxJcW9wsmg==
73c5eO8u+n2jN4OIqRMZ9w==
RMuIyJP3ZjA=
NRsQZy9Hwp4=
HCAYp7PlucQ=
i4C65xyZzh4=
eYvWcK9aV04=
eSyGvtr6pN8=
tNMi7+P2IhVAy4xrKrJiHQ==
P6YBN/iu4to=
5T/+HRRCpzg=
GyK9YVlXMsE=
L58S+pxA9Ew=
6MuZk73Mmc4=
MDlgk1BlBQo=
dLpBJC1VZ68=
NvfzlrG050ux7+SegSgJBA==
1asRjNFeOYYSgv/BXTYf/Q==
uPs/GdsJ0A4=
i9/CGMJpeP8=
8XkaPyFqlnA=
qM9FJMQGmQI=
MLVHpgLW7a4=
QQhAYX8WhTSNGTM8mvPRdg==
f/+EA9MH+2w=
OBJvtu1vIZY=
B4wmpGnxZDo=
J1mTkGhrO3U=
fm40CEabWlQ=
cNA+usfqX7BBWxnT1BdbcA==
bczykE+9YTRYgMDSj7SJ6g==
rYEz7uumxYoqLbAkod0hxg==
pwrTKzG74PyfYX9OMmSX5w==
OBFTrep64wc=
eyPn1IWCM6k=
/mD8Qyhj0UmLOQk8MzVsgA==
uYFQqJqc0/s=
sUx3pJR6txc=
Rde666Cc9n97sz3HaEZP0g==
Pu5ftQe0maAtc6vGlAaZ8Q==
nb99sJAmOCc=
TslFk0lMkaw=
79oKb6bGXtnpyzU2EzcC3Q==
YDZiSTyTi5g=
K64HrAq4NJwAtl8GNDxQsg==
BeX0FW7OUQkC0BFiJBfQxQ==
dGts08r6Szc=
oRcfRwUpVVxHpYkY7aO53A==
wv7EMdBNz6Y=
TFQgQDIs4htv20rPYIeFkA==
0zfdwHffuKE=
JW8YSSkECYHaly/f3IYGIA==
luOH60zjBboN07UesuUJ8g==
wgRTRGBOM/SEztlHf7p1QA==
D7rtvWXvnhLd7uoOJfHWpw==
K3KsdIIvtUtvpLLz59PGJg==
lFLR8+RF+MmWz2RhtPLbRg==
PpX1/LuI+KE=
dViM3uH/0x8XgNLEFsy10g==
SKfAwT9hSo4=
2gVl4pFvlzpQS5o67QWIhA==
L4flDE8sSZtpGLIz4J8Z/Q==
yAuNh93fRis=
aYCYQnMHJZzmMJYpDsemfg==
8U6voeN7e8g=
dEDZ/s8YyEw=
/lJ3A61g0gsMBIYNR3KiGA==
tvNOB73Nn9M=
YF1JmF+o0ExWEkIukIz3nA==
lsWzIZF5lh0=
yX6zqA7sI7s=
wUhM5xrX/kvueSbhsL8nIQ==
fQrvCAPa2RrZCdh6joss0w==
fQrvCAPa2Rr1FwoaRxJTSw==
uZDIAlkeXb841Xvi6sMC2A==
vjPRO/zDir4=
YxAkCM5tRWTWnDnoTU6tHQ==
/pxyWSbSWNk=
bI9vyzmU4HB0IjkmLN+dqg==
uzCdLeofzKmyz1wwNWzetw==
ZhXZ7A5zu7YR1Chz9q/PwA==
xI6w4w3UND1E8+dr9/QhFw==
xI6w4w3UND1xEk+sp9mR0Q==
DsR2BRL1wZmJnzRBJl1dew==
RcFae0US5mo=
ZAWMd4DYhPzVutbMRNVHCw==
2NJUPuDYYjWn6dvTA1SBiQ==
QN3ibWTW56YkHOf0FS5p7A==
QN3ibWTW56bJYk+mA3XrAA==
QN3ibWTW56Z9FkqK68RQqA==
QN3ibWTW56ZUb4IviwEdXA==
9pVgjj9ZMZHcardYYnBTsw==
BePMbByhhvQ=
rBmpr7noszLDfMWG3Wh+Rw==
rBmpr7noszJs8fUVLfhoSQ==
PxcI15TLTPY=
UyPF3S1MA1NwVv2fiD7neA==
IThcD4h1k9yw4Lfmx5ebkQ==
IThcD4h1k9y1ySyO6FGlmg==
jsJ0sEgk57s=
dCuXY4rlnSg2kp/xlGCZMw==
tDlclYNnFfwKyoLxNkWZPQ==
0YhcQ4y593Q=
lDB9Ljqvc4eEd+8CiCapuw==
6OkgsaneIwq4tj127IoteQ==
QufGmAVkg3r/Ai8s0UEuAQ==
jRqlGB1Qb0U=
wgRP6ZZHGK0=
6SwubWPp1T/Xspt4vAk+6w==
7Z2+1QJY8pg=
I0bP2/bO2D4aE8s5Taxv/g==
ZFGIalKWew6jnS1AH1a3pg==
pawFClOW2q8=
NlAqmFh2ZCj1974qZ0h8JA==
WrqdcYS5j3QstLlt2RfIeg==
WrqdcYS5j3QTpKVaWMsPDw==
j4PEt0XSAQS5CA0Ue163FA==
BlRJG2aEemfz6UFfafXLoQ==
K5BXFCemV1c=
wtrDeu0xTydCxhbwDgeiew==
pTf4CKeXBGDNO3wsEjtz5A==
7ksDsIxJRoc=
1uT1MK71yjbqD5W7EIknFA==
j4BqV+ufKWs=
23NNahVfm++D+xfYAftTfg==
N+XX+5OHZWM=
Le9VfVblBakZD4l5Wlw1mw==
L8COGMNL6kFOnbJ213hdNw==
mnNN0re1A/k=
CmT1N40zRFJxgQxE6K6Jzg==
N+z90SNDtmOKZMd8U1rmIQ==
N+z90SNDtmNLn+H7sNwB8w==
N+z90SNDtmOwkpWu9l6//A==
jGYCUXbHJgW0BdHdHDkVmA==
I+7nfy0/vcuz0/b2Nr/k4A==
q24tcF1Xo4IjhEoOtVqwgA==
06jdbzRY2Tw=
dGW2QbD2ZW8=
IEBf6y2QKXexfdNXiBbaVg==
Ysa4ZSOkI+rvZHoTW08f9w==
WKXovGZnKOM=
lbDaBEWMSPRh6yBHX4dwdw==
5thtoYCjfz1U3FQKt7Jo1A==
fJDv0XAtGwn1aWf0vP9YSg==
fJDv0XAtGwmEAuDWTPGodA==
fJDv0XAtGwnf6Vbx6prJ1w==
LNiV/MeKIvTBhF/IAcogtw==
LNiV/MeKIvR71HUGYwxFhw==
m7POefFp5cEOeMkHgyKhNA==
B7VU4VxUi86H4v/pnA6q2g==
iAh9bB7bWZ6r0Pu2BpmWNg==
VQvRu9YnIQc=
FUbkvrD928o=
Uir6I5tUBdqY/BCYPXpcFQ==
Q7lHgOO+7EY=
qjcAiNo/UvTWorsoJS2/+w==
ZLq9GUisfB8q9YKEzUJxbw==
hiXp2n+82KalJxfqNp4vQw==
fruSkODBnQDvsH3MrUE4qA==
T4SJ57kor+o=
nyFz6tgkmEumX2KvvFukPA==
FwsXD1K6VyQ=
f6EOeKv78qsUKmjVY+thdw==
f6EOeKv78qvc8GbidebkGA==
f4HQhTM8WnY7bDuzgGGdpA==
fTteTnhV3q8=
Zq617BK+YqI=
r4rKPALSRd8=
D97c3YSz+Nu0lwfTe2+LEQ==
K/sQFORZ0K7ncuoAqXr2uQ==
1jQmeBUIwpY=
xGz0ss32PWsFeiLXmdO/Tg==
74DUfY8Ag9k=
l10gO+19ZyM=
8Ap2i+L8ZMI=
MhT14BO33mE=
e3GeVNHXU1k=
U1iFu//Yy/HmUbs+VspYXg==
i7Twqp2ODYk=
xgjNyOHqqaA=
f5KBVY/Pr1A=
AJSDShkJm0s=
5tA4wQ4+MuI=
iVgavPlBOiE=
/VWAgHJ60ts=
jwcbom2Xs+I=
OZfn2KwdMkY=
r+uYESpYs3c=
FmUcwRoj4xg=
Gpp5uJC16pM=
31G36Y0JTZQ=
oF6330rv//s=
HeEGQNxwpj3uD15BDp2Akw==
lkw0MY6eips=
p07NGPw+CKMecAXVeA8p5g==
rJ4/iZiViRk=
NIR5EomIg2LPrALLSmlXMA==
1+Xq2EPJQGc=
EEvooN6jD8E=
IYD77GQQzKY=
i2D3BWJYscUAaIWBftjoXg==
zobEgl+N6CuxTN8D4jPC+A==
G1PeAPRjeaNqjVY8r1GGcQ==
De68pMdJ/lezeI+QEfPyxA==
+GEK3FWbOTw=
+z7ExeiB/K4=
noV0QMkRCy5/i+ENZ/N0wQ==
xUU5FDxcYsMzZRZFnwBEhA==
/Q6EKl+EFiqXyWY+4MKUvg==
021eZWCjIW/yz8SzFPufCg==
shuGMWvzqRs=
B1a4D2qaSFNmatiaeKhENQ==
ZOYusX5ItiJdsJoPR8JxMw==
yLEClVNlkj4=
BVoKHNDzNhc=
xqPSG36/7Uc=
DCrbgadepURTr8sj4toyIg==
JEc7kdgOZuGhwpuE8So/Jg==
9olKN40sPzU=
9laZq3NJEeE=
f/B9zYDhPvs8+2MbR9EKmg==
LC5f2vPXIwk=
h9eWrpJw3lujohXwpCjYMQ==
bmKYWRwDm2o=
tXBh1auILRk=
sz8CrcvRN8VTraVtBwcZjg==
vrDrgFdTs3I=
53++TIPEJwc=
vdJilNa92dy4yrheIfKdPw==
197MpYiSvbs=
DJMkn0xQwyY=
jgbuzp6j+CU=
8Bn64fUTsC4=
SoNSb7mUhryHuXXKw4uqQA==
LIIi9/bM4oQX+dUeMp96WQ==
iamWhkEcTao=
Of6u/XFzPE1Pr1eXtrLwCQ==
M7a4u2wkM/pHOhZShRXuyw==
4sxaouobbGnSeB6hNmc3nA==
aJw7I+LtSl4=
VBKjTJoc2nE=
R1Lby25e470=
6tE7hCzA7p/Wy1j6QhxXaw==
qJeoRp5yI00klZ7elKGspw==
WPXuMf7wVb4=
CI7JRDyYRxM=
4lSMAcBbc70=
z0eVsPvQJDVrWtaxhI1zwA==
kQpo3qW663w=
L7aCZ+o4J1A=
WfXEpCzvBsqNfJ5q3srd0w==
O3HqvMZYr7w=
CTuc3yp3vJ4=
JZfw/vqSD2Q=
s/q/9upnoRw=
qsk5yyRTzEo=
MCr6XPm7EQk=
nKTdR1nEwdk=
z1FKH1dMpzSPMS6BIttBDA==
lG3uXY/3NS8=
8mAXVttS1Gg=
qMyHEMzCuVc=
6Cn7KPGDEDA=
kZZSRaUoKEQ=
rZLy/Ihbpwk=
C5Vy/NifRrE=
kojtbOKW25k=
uVmsxGYPbcs=
Iqh7QkqPtNk=
XtqNvG02aD8=
frLkRBuxpOlDGzf4SmAzrw==
f/u9FaL8EU8=
MIY/KALtmbI=
+Q1EBuyo8pU=
aIxpuT2z2fs=
Q6J+SDA+bj8=
A/Nc51YZAeQ=
/3cCg+ilpI4=
IsSSr+LP1QyWunCojpt83w==
6SfGcErQRS8=
gDlWpQ12hwM=
ylpkJP/8hvU=
n/wSUD714Bg=
CQsk8twSLQY=
ZDn4h0kBiKkE+SXj8RoZ5w==
Hs9AKXTugFQ=
hCCrJbX83Bg=
Mq8yBuNvpGjGkjLJkKJYIw==
kdI7rW5HcPU=
Y/kNLjY5L7s=
WMxzwoF7y42htivonaBOEA==
7yj5clsBfMQ=
siObC0/XPeE=
KkSIpHE9lKfSfQG78zCeRA==
g7LHF3Ne15ap8+BmS/8QAw==
g7LHF3Ne15ZwVyX0i+otMA==
NFM9VPmpOUJ9KiaftR4QSw==
gpCsbUNjzDi06TdcHvmJjw==
gpCsbUNjzDg209laZbzSEA==
mjWtAEFO/gg=
DbPbgL/N0pQ6T0I4yt2cQg==
u6+1d9yUhww=
kUK2vsdBXX4=
yBdzYem9XRU=
52UhxWWD3Y4=
9Qk0fj2iaqAp+ZfRXikRmQ==
+moGeYH9wPfB0ze2DAvuzw==
w1/uTTj7IRL89Xx8fBAF3g==
RxxHE0CN+nsSEnOqr92Tqw==
Fzl7MHxFZus=
3R4lRii/IQs=
agr8S4ZkhxPRe5TftFRAOg==
P07FlG++1f0=
6OjSmZ0jBac=
d9IiI/Qcjg8=
8e/yF3jQRYM=
klL/y4XT8j8=
rdM+RX5awHM=
Pcrk0oyF7UQrWunJodGxMQ==
yUPjyHiz3hg=
GIC6YMlGBTmOIaFz6GjWEQ==
V7lUVTcmnmk=
FDEj7LPjfrE=
Vc7ewcYWyEYLexzfYjhcRQ==
1xiYYk2t000=
ilHB1Xriq7I=
sHVV4xcU2Lc=
JErdFQWJuAp/aBcfXrpbNA==
Go5FraIIfkw=
roCcCK7SagE=
qKtvde3ODWY=
hzD4EpEOJ4Q=
PJyVK0+EDXXvIkuAe/d1eQ==
A9nDks+zm8Q=
A5tzIPTZOag=
5qKVSLNIMwA=
li5yufdO7SSx36kR1aWXIA==
BIpXMTwJWDg=
s6seMte1PlEEHN7LNZ3cQA==
QLOlJ/rcpik=
zJSsFgZKMpI9se5a42kRcl9HP9Ps8rFx
JYvfqKIR+k9ZFqwDakCAoA==
5c9RctFUz1k=
6aHrbPtW0E8=
WzSBZhIGpTmMhRCD3CxgbA==
xULTvmbAY4nhcn4gqUfwTA==
sUHT5uiYKZE=
Z8bFElZ4crE=
qnHN5qf3dWs=
YWx0HjBXPyiQGPKwML+FXg==
j+Vv2dM8hyw=
q0jaWoHkfkhMcctXq7mQFA==
FNosxLztM0k=
5UCJqN2mhkMw7GC5C77kjw==
0bfGa5oUj3/TOjCPtA1Y+A==
xAenEuaX4KtWkiqMX0JMAQ==
xAenEuaX4Ksjs0/zzIexdg==
Q3M5RunZgaRR8iibP0QQOg==
4jMp6rUTukz4AKBG+w5W+w==
qiVhv19pi5Y=
UFRZFzbD5o0=
LP/5TTxYbW7doGSAdTR+3g==
4pVhbx4lfZ4=
POZAO0f/8yQ=
rMZYC4sFySY=
6tlwC/tpzk0=
a891DPrCEl0=
tVwfW0lo6yc=
aJ27IbXDii8=
8Cz64Fu2sA4=
TTy8ASyHtD540s9OpNHmNg==
nU3uYobgLPaFOOkmbg5ZMw==
nRc2Rbr0sIrjObo7Ylq43Q==
sd0aS4rzLr5ClasmdmXQ8w==
pB5v+QSbOaVOY6/wsUzFIA==
TAJF70e4VXE=
uEH6T6tmvPA=
o1avefFP8ZqLGUZLNtNqPQ==
BloYWMVD0Fs=
V8QirY3EmAw=
7Z3i2FSp5gA=
U6r2Qt6A3kU=
OzGsf/ZS0jc=
wEjOer2cigM=
5hl2ZLIQPzE=
NZb6/Bc9b5Y=
exQWNo6oTiw=
t9hflX6Nxrg=
OSpZIeu/WZA=
XwV0dybocRg=
iQTbEHr3Qbc=
7fwqxdu1LEY=
QlS2lHmS8Lg=
g4Nl8N3xPQo=
P5jmGt/h6mQ=
M/iYKPtX1VQ=
unZS4fBPNXg=
W8K09hCXPWw=
GMBvg4tn5+g=
zrJo7PRE7WE=
oZX0pGOq9cPytwR7h7MGdw==
7xWczakKEjNyoDKsmw5GQg==
C16OrY9/iCL6pTPKr+C5eg==
yitmKcDy8rA=
+RvCQKWmjek=
vIf6oS9S3Fo=
rmuNvf+aS/Q=
9w7Ec/8N1PM=
2zgvOiLexSg=
Jey40Q002TI=
s4rtmY3mIlI=
xMW8G8XFdDU=
r+PK8vzviAU=
YHk0CuMV+wY=
lUQO5swC9oU=
j6jS+ZFmKP0=
7CNl9GsmjT8=
/zCg43zL7kM=
mYBGTrEIYiV94liFZuDkEQ==
NHGkFDire0E=
TfH+hLVEZMk=
yKTNmBqaXLE=
1z+m/5ykMGU=
ufAacHMcEDU=
qV+8UJqENtc=
MibBovJV+qI=
u5jC00TP+fQ=
c65qKzpAZhc=
lgUseYTysKk=
JOo5sqljlgM=
ad0CbTtdOqA=
k0omxrUyv14=
w0q2l0gUJl4=
TgGej2QhQkE=
cJ9YzVVLJo0=
edW2a5Oy+u0=
AnX7A7g2VQs=
mjTxwAWZClk=
J9u+pL6MD7g=
GL3wyvgG+SU=
5HfV+Pqcik0=
KBCVvJrdcWY=
tVUtLV1HuAc=
ZD7mKM+L2gw=
GPP1nu9r8uo=
H6joK+i3Fhk=
H6joK+i3Fhk=
GPP1nu9r8uo=
9Df/e+h30vc=
GNi0G5H6/gw=
9bOUPzmo6oM=
mlvD2U8rmII=
ldm9zmBRQ0E=
NeoJsqjNKKvUh/qbdeT1IQ==
WGwJRBHWQmM=
H/WFJ+aPcfI8kTvYfBuXLQ==
8JRWOyWmcYE=
LlAgqftnWM0=
AmOfA5i8L7xNV/Xh1b/hww==
t5v58NcCgxo=
Z3MMHDv4Pk8=
VbLg2QKzBHI=
H54Um1lL6CE=
J+zZstkOyl8=
9+QNop3duF7x4FdQ2XbhCQ==
p+4vZn9yKnw=
p+4vZn9yKnw=
ZZLnjjsmDUo=
ZZLnjjsmDUo=
UNG/PecC179vTlKuxvhPMA==
KVrbVXTbauWp/sY3lL3mPg==
resmpQYENmM=
wgaBRoJMOlo=
HLFb//tbMKS8OZciU1VGyw==
fUrtlYetB/Y=
K9FGc7ZH7Ds=
TE1hSCcRn3qaz7rGxXViFw==
dcjYuopuknU=
hnPPh3b5DhzXu5NsVpyW3w==
T5DHV271QdE=
meCIBMr4cws=
6rJCugHe9Qc=
JLsrqsYxmjY=
Tb31UV+GHN1cmtRne4f9gw==
0DJcfss4vXs=
EyNn5U0Ha4A=
rAl+BzCRvFA=
/pAcNS1+JYr/blkbXLioDA==
oobv8Tc/aR0=
DIc19c9j5Dc=
DgZXKgVkY4A=
cfGzF7qaVWX8e3IiEy8wzw==
RQwTesE3LDU=
iQJBaAFk9qRFmhxV8rozRA==
xmg/7ZY5X8ngG74ZNEn8rw==
x3uxCbUAi2NjZMU0daE61w==
QHazVmygO9k=
BVAbDfOatkqKu5u7YJ528A==
h+NyB8B1Rl77yZWRpfjzDQ==
DEPtqIo4M4d2X030bVLNUA==
WmuwP0nQEPA=
EPVAnEjYpVE=
EjXLvL3DYrVs9JXEdjw6QQ==
DR4csmWbfFQdcLaMaEm//Q==
KPTWuxM7chE8u/gBc4ZTew==
Z5r4NeKe2DM=
BOOiCXZDcC9cPxUWq+8Eag==
cOy+vtz3ZoejJlIIClO2cA==
EA4KJL4XJq1GL9trfRtkAQ==
/9w/u+Y8YUdn7KBhmTcyFw==
0MznQN5JNjneA5mc5NfxKQ==
KouuVJBtE3Y=
yIVy0lCGPNWG/b8mzTwWmw==
MFoNWH6/qQQ=
tku3JdZDQ4Wegn6qAUbwnA==
yXSGaT3cCJpcTI+8Xh59ow==
tdr/X1MK+ob01gfT/g8qxg==
R6c6ujxxa5VeT0JKL2ZPzg==
rD0HISIEO4593Bj5MJAO0Q==
bb0j50iMiik=
aJZQsMY4/P4=
bo3+F8Q7BG0nSWIbJO1WQA==
0jZZq1lBJ6M=
TmlcwWRSAzumiLfKOS6SlQ==
5+WtuR1bacQ=
8qMJj6GbAdp98ijk12SE4Q==
CJ6IrAPTOW4ah337mZ0bbg==
CZRjRFF9GpKUxf5E4rRoLg==
hiaJxUtiiamNpcgcHlLVFA==
wlCvBNTzzUxA0TjZsOsXOw==
AkG/h6Wj6YdfsxLAgWidlQ==
FoNmX+v+9So1kVvxNCg7xQ==
/kqxtkM4BIV84Kf0YG7JKQ==
NGcvHA4z66k=
Iyrx2IjOG1I=
M4VtbjHrkas=
3MKfrbU2yDE=
Sad+susk+VQoQBPOXGwcMQ==
j/Ya1CAGjMU=
cORt/EkJYXM=
ilSSTUtc/CTkiPYCZUqeCQ==
WHHHiDOju2AIBOtdn6kvxA==
c5BUB4dto64=
g/BQrbJmc98=
ie835MWDQE4=
JIKeaVPweMQ=
nXBYXFao1Xs=
CYcnB5x3qcw=
AjW+CvgQ6Ho=
wjn4UmGYADw=
uozxePogyTI=
BtADTQf3YXAd52RHdC3xUw==
chZroaT7BHA=
6GJa33ct3kS6gaG9KJekUw==
HPMC9D5oQkqk+mLfAiF0VQ==
8ZdSMClId4wJ3/YjHUXLaA==
tpAEeAfetKTF7PzMtREXwA==
c8B+wd6mU+q1EdhYVlqA7Q==
9MQGpSt4Ub4=
QnRKYwrMQbo=
NvUqaOQ+NXk=
WKJlqT33NUA=
9mq4oh92ApSm1FVN49jtNw==
kjhttwW4hzrboac3PSWmEQ==
ceFuPEEP8mDfhPLy9vw2UQ==
BRnRw3TbwoOYykaYDqMbzQ==
BRnRw3TbwoNigZiPwLLNjA==
EL2jQa5NgO8=
eeP4Nt1pUMA=
2pUNnMWUWxNHaV9OacJ76A==
L3JaXBwri7s=
kbQRyCuitY0=
pVNXNt3s4dA=
5/AsDc+olr4=
/185Kl4ltg2F/8cDeOIlHg==
ssutdoexLNU=
0ZTFSoPihX0=
gj2cDA6QUzI=
RICSYgWUUhk=
H9fNFr85Csg=
RdPfp3eKWkl0Vcq2WObgCw==
coCcVmKznuo=
d9FVTW/8vnsGNIWfwDLUuQ==
F2klD9nv8UI=
/sn8l7OMzuA=
MmOcfJsRbn/PqkjtxAKY0w==
NQlJEH7mPHw=
93fOaFOezKM=
OPNUN0438pVRGW2uhj//Lg==
WSMrsylOkJ0=
4rXv750QZYk=
NETXWA1RN7k=
9dJDBKqAycY=
k2lB0G2DJEc=
MrfiR25m8hs=
4QCq338HRR0=
/xW+dc1CXAc=
lHgZhJkyjxE=
6F2KKwCBOnA=
WU9G18Yv3Fc=
YE5gHwNcs9o=
xHl6AJQmz1n9WBx+HZpVUg==
YAyTf/5Ust8=
muJ3NgSq2i0=
+5ljL71CuRI=
ezBlEkjeHWafwTYVImkWKw==
VamfTSyssd8=
DfKbmtj2/oQ=
18BrYinqRGA=
PtyPfFg4MaA=
ztY27Mk7k9w=
b+o+Ex41aTs=
9Kt2XrjGgsI=
ESWTZ4y6JNo=
14uyYmmJPjs=
khP4qBAlLH0=
E0d/rv4P7sCTQL+E3VuiLw==
4bxJkscLcU2chOXfqiKR5w==
+FXJWkYgRt1GbsMx/pZC2g==
w6lhTcCKDvc=
tgOpRbYikl8=
6T22tO1JgUY=
7RlYadrzS+g=
sIrbiICowxI=
XYNIDB1gD5Y=
ryc2XnmR1d0=
E1giTPTPS/E=
fPWtzubeJ5T3cPUBA106Eg==
t8DCSM6sCSQ=
UfQyJI793xw=
GFVdXSY1OZ0=
X0kzwmqIwE0=
S9+mRj4fOeU=
hrjn9W48FMk=
TYfdXE3f2kRa0kuDl9nr2w==
WmEH61F1O3g=
Q68yj1fDVbU=
UvIARsYp5DA=
XZ/4dBP99UM=
XUIFAvO7Koha8dfXg9NEfA==
2bdURmGXomo=
4PtnKv3E6ko=
N3eyDCZG2wgeWJlN1u1WyA==
sbheAeKbf4w=
tTH5FZkK0W7t+2sp0owrUQ==
cxhm/zedmok=
jHxCDqSLtE7pORWHuHzobA==
i9CDlM6yI5M=
Bf/xybxMOTc=
7YZD2QInrUtmH6SITAeZHQ==
qhZYsoBQPX0=
xeP55eg5gf4=
io/d6RYEVZg=
Nivpa9ZQpyk=
MJripYNeCJ4=
MZjMhuysWl1c6mTYraXWXg==
R0sLiIJyywY=
eaUxr4iocUM=
vTFTXc8S5/u44W1kbQlmMg==
247Dlld7Dqw=
WPL9NhqpdXo=
xFaa1IXhGGI=
sk+gc6Cn72Y=
do1NMWVvCyc=
zUKwpDfvmIw=
TBp0Up+jp4c=
MFhlX4znbmM=
3P2XpLbkGYF6F3wBR+XA9A==
vZWOEAN7QcY=
LN6InICAooY=
GGbSu2jw28Q=
uup6npoh41k=
5vdpj/QqFbk=
39UfnuYEYSI=
WbKBckAlMmk=
8SLfFeCvIcY=
mWmYAgAcJ1+5O00T+rvreg==
mWmYAgAcJ1/5XG0KPIYY2g==
NDLJlmxRFAA=
uzIAmPInPNy8BK2fslQRqg==
qgEOWMPBciUqvApP3Sa0Ig==
FeMhyQKE/t/dv7qLbcXStw==
PU2DF3DPZvA=
kDnABPdwt+CqixXnBmcNkA==
VWULXD5CW8A=
f+UVntW1xYY=
dHhdZe84/6E=
K+dOOruL34g=
gpiYFuxF4BE=
PueLeIbAx3I=
xjyomNbcTaM=
vTK37uOYVpo=
b6ZAulDbwrI=
AmyuhDOATMw=
lWA72TxaqvU=
trsd8R09RI8=
HGmeIx2Eg6I=
ktxhMw1EzBg=
AzL9+mWU5ZA=
mla/q25QkRY=
zUb3t5bncL0=
YFDKSs8CA7c=
yq7TBJEwyMs=
WGR8MNp6P44=
J7NZqDXRfvnMcImA1baW0Q==
LRt+f84egx0=
SX9jkQQAyPiU0cww353HFw==
81Twa9qg9ew=
H7cwkDi2iD3pRPeIss6k1Q==
qCO7QniGKUsqPoaAKavSrw==
k7e5FiUJv1M3xL9qDGF+SQ==
g71CwKhC8j8=
6qqTysSriWjobWhfs6DNdg==
SUnsghL+KDcN7Zw+9NCRHw==
XssM/Y8atNTJ3BnkvVWoBg==
Hcdsv3+mEkUu+SSg7DnpnQ==
HacZiw1zG/YAV57gDTZUmw==
IbCKHeAneyg=
16e7m6879gc=
u1dyK19SYHc2SmIedFzllA==
VVoPy8M9jvo=
vbGWB0SDsqN5Dm/U836Azw==
fxj/ThIrcIw=
Ywwb8/XP6EE=
+nLmONw/628=
LOhB3GtSA3ylxI8uw+Vi7g==
J2G6bPnsosA=
/9Sm4H+BIHbjBUeg5vzFgg==
hrxnn+F18lqYzCWbg473cg==
DwPQVzmMVp0=
gTOCCG3PMEg=
a6o3xkGmAhXt6d6dmWqAFA==
pcNEVGBVm/3OfTkk87t5Og==
1D0V1YroEHg=
RHcK9crIHhOwRtnu+5I53Q==
E/mjEmFcLIAR/OIAWLSyNg==
2Yg0Wcv7YL4=
OHfEJItLbr4=
raMoRFw7aGs=
rldaE1OLS2I=
5JrJcur0UeSX3QflQCRa+A==
fh0uL2OH6iI=
Fs8dYdg8N8M=
tdJD1ztTgU4=
Na/7eXXaHd8=
LXFMQKFhHHA=
T3IQuvg7HNM=
ZWpsHbIUaGg=
LuGLmuvvP4E=
iVpr4R3AYPQ=
FVRfX8x+nrY=
H7kSTP/yNPI=
kUBVGIZooBg=
yrMJb/JZvdKmtpb24ugXhQ==
HliW7YYj9UQEbN5od5q6Mw==
50Fw5E6OnF5SECw5xFf6UQ==
B8UxcjpCHjw=
qdmybDVFYhg=
fpeDeOCxgdQ=
7yMMMC8SEPM=
gZRAaNMupW8=
jMCirJvD/aI=
nIm0FN730sE=
Sy+jQ3WnVjs=
JZ58OnYBtIM=
Nakm/e2Avv0=
G6EN+4gi2BQ=
3/khmUnRNJs=
UpFA+LghYnlRPxvtL9oGIw==
hphUf1nCVK0=
wFy7teSb46McCmMKM5oG8A==
Jaczc5UvogE=
uBSLQLxa/lNWyrIiszmQxg==
sv2IZ/LCgVw=
OAG/D6MD1TE=
dC+oPtiKpAc=
WJJhQ8gSng8=
22h6U/E8YFg=
X5KpLRs1AV0=
ZOa7CIHcteE=
3JEXQRkLhrU=
F1WQ3V/+DKg=
C8ElEImS1XF68ABcFkqoKA==
8KKM7J/GDsU=
dHxw/k55ODs=
0Z4+wWstiWU=
pTF8GR514iY=
5ObEBKORTaA=
xRUQtyLOx+M=
PLEm+KSW2ig=
b+8ix+5W3Mc=
E6tyPGJOVOw=
/cnn2oW8jTM=
yS9O9jV4BzPF+oVZqhWwxA==
EJU9ebX1Jfaa8EcYH3rsSw==
ghq5rLffHRsxzlh5Ijn0wg==
7XGhkNNU5Lo=
fboofqWpy6U=
8EgzVqNa0ug=
fMBmBjb/XQY=
E6IbSpusPk0=
hIfmhlNPRpY=
YgMVei0/4jA=
RH5FWJuvZUg=
mY4A9UsMywx652ofvWrfew==
PJx8T7uSSbA=
/E6XWQeSOpY=
JEFJeVQeEhY=
BcdLog6tr9A=
GvnsTLq4WuU=
yNRkfm3O8UE=
kE5sbVFgUDM=
NVPmuv9BuLw=
vS5dkhvVudo=
550iT92Bxio=
AxH/l/mtb3A=
20733Wji8aEXU6PmzDmPag==
VCy4wZMsqUA=
XxPpeUcmDp0=
Vx3B1fzxAOM=
F9QfkYCIXjpKlVXzXmTXbA==
9BO7D6B7x1JSyU2z76crsw==
0i08dbBJmC8vDaoBGNm7wQ==
cWKpDLPSN78=
cCzytDHlNZg=
StWXTlwQUXU=
U6hZyeojgNM=
RIce9rtlPsY=
m6+zxPhgGGA=
/FRYQ9Ge5vE=
Z82acIZhOFA=
HPX+FhMhQGs=
/Qx8dpappJg=
Mh77yHUaWFs=
e7vPQeEc/DA=
bEEMyAknYwM=
OraGqLksU9Q=
rCNG5a2PQWFVY7ouEF/NiA==
ZB7n7JTy194=
pxsp0Lw5DekYrkOtBlqJ5g==
+a90UYP1P8AZJY20ZphbWw==
naStMqdKNY8=
uyzisUdPQN/ztgHwHWQUNg==
Lj1QLEOs094=
RhFkXkkha/k=
4YGnqxF1/LQ=
PD+iBmyAfOk=
FZDFGpH25IDAcVaZaWAXDQ==
yvzS9K5U8aNx3Xz6mua/Ew==
+P8JgSLWYzw=
+yE2Uf1Z4RsvaH7SCBpAEA==
+yE2Uf1Z4RtNnzHMatPTHg==
bt/X/k20Kl4=
0tlDMHwE2UQxzznYhWmPyw==
SKgq7pD7W4g=
DYK4+tKM7ig=
XkIRWZnQ3xU=
zS8UkwHcgg0=
E1R0VC7Ckc8=
sq2STYi0tKo=
u4eukzXR770=
u4eukzXR770=
KJHLLKC5dr4=
1LP1qs5UNi4=
WrTr5l/xdNc=
Lj3iSzOchAY=
LbCrwnFXUCA=
B8IJqF2LN28=
glDt8o1f47N2OM8aKrwwlg==
WvKnpeZVMME=
ECIHZyg7g2s=
SyBSrehnABI=
A+9xgs2eMUc=
l2qheskVZKRdKjo2i27WcQ==
MxCVfGoU4hs=
qVyUpcw3xGg=
USjqNcDbySo=
SeRrG730R0w=
O/z122rB9P4=
x2PPmufnMjM=
AVqN/RYy+H4=
OjHKDA0NeeA=
lY/f1Co6BNY=
QHUXz/2+Weg=
SGWyB4dqllY=
fRNJkQdF4YQ=
nydj9OnPtw0=
1vyXq4EdRvA=
lZWYwrkc5g9YlxUbXboBNw==
RibJ5CKAQM0=
1pVBscnaM2g=
MFfGtV76Eww=
nKsVmINkUG93jYDNcVMssg==
VhbldfJHGarC1jFSrpKzuw==
VhbldfJHGarC1jFSrpKzuw==
f2DTra+Eg6IZMbv5lSXJWw==
R3YwqQUp5G9YHgN6//SxRg==
KOMCDtmt8Hw=
JCPOGcVtDFo=
mINLPxoD8GE=
a76z2Dw7zt0=
OGbc4sHkS60=
EtroFfnwS5pUrtyNtitw+g==
K9f5jHk08pg=
Z0xUsvQ74n0=
JjDepHgwZ2U=
FqPxIP/HP8o=
+4T8fJlt6tY=
/t4Vr9n8BrE=
cGTOixhF5y0=
mTsMTZqRcbE=
gSHoDcwP5Cs=
SVNBsSErg4U=
pe6j+bZoerM2iBX4zYBuBw==
/UH4oDnoxQM=
rYQGIRQI1jo=
kRTAp543sKU=
dScPRY2divM=
LjRVMX3slwM=
qEmf4QkAw1c=
UQJm2e/ogSY=
Auowy3w3D8A=
FcXhfPc79/Y=
R0v6oINqgb0=
8CpOJuRDe5E=
AavVw6v5b2k=
O6QIpeL2G9o=
Rx0OkBBeI5M=
9APxDdaIS0s=
HA1kzsKULFs=
LogPnnzHYc4=
GTf9TMyFUteEzhcTR+t0OQ==
nw+Rh0SGrKlNsOtk/SBYKQ==
5UbrL03LvyOBqUvUv9Vx2Q==
s1Tz/QLshXM=
UApIqrYkZ9U=
+f4381vkF10=
jYiQCTIHNqhZNip51ehTEA==
d6JMd3TkaFDLNwOZ/Mu2gQ==
2xGdiEKRVsc=
Ee2twATJvJQ=
tXiNd/seux0=
o88vT7NPxPE=
tR0tNvKQ40w=
rwL3575CXz4=
9Sg5Z1BQZvc=
KAonW4rDEco=
Q4GUQhihvPY=
VHhffKeMAYw=
LBz61irIX78=
DiLx2I1YLPI=
lSdFhOg7eBI=
2RhaQb7dz90=
8rfJUaCEsFo=
H/xaOojl4s4=
bBMHDrzdFf6tBd8FSu65ZQ==
9kWs1yrwYKI=
PDlxEGPz0co=
miSkDtzABYnwTWde2Yp5lQ==
WvxGkSWFM7w=
R7Jeyi3c3tpuIDZyCnwbeQ==
hcPvHKM3peI=
Kyo571ntb9F9tpAF7JuI/g==
N+HdxR/nrhUK/bErSKQdgg==
ntj3MFncBJA=
L9GMkopE3vyEnieUwoeM8Q==
GdFOaFdHXHk=
pse+ZcF6HF4=
wkjkVYcFUFk=
ajckzVUJDc8=
g15cm5H604o=
OxgOa+fO3EY=
IBmKZ1febGI=
9CCDw0olDPo=
hF5vxtyGNOo=
HZILJokCR2ztdxNKdcGn0Q==
WG54JRo7ABo=
F4ASnrlBUU8=
07ZFoacQtBrITxD4cg7iyA==
FXb/gXSwpmU=
iY5ZkbW3mFJ+P1+X1A6oDw==
cz86xeA5x8WRw9Kq5xnBTA==
zHZowprASJ4=
65fiG+V3qQU=
oZhTVcXc3DU=
AyEoaLQ7YoWDxU8l40bRKg==
ZjlLghT2tdsHS9lFjtnvXg==
OnS6OXBR/L4=
7M2HJs76Ldo=
jHJkBQldZOc=
iDRC8Hw0Lx6Q91jEz60uoQ==
OrzxIjYqdMs=
V9JnP44YGnD57td5iNc2Dw==
uTCJ4AQ/M1c=
MT8MrluPpig=
jOvraRJ3B4s=
hyCF/lEHFs75G6d7Wpj8EQ==
dfhJ2YnjHrk=
zbK8bw6UK5CuJcYCgurPHA==
2YYFlqTUVgoPdXkXZLjdgw==
ojBSQCAcDAU=
l8Q5h6RX01o=
kEQ3uFVtJQTCrrODiYuAkw==
uDnlFANzFEWJGeBpYbxFRQ==
laRgSHr54xo=
AvJSZhJhzLY=
T5v/suBwN39pKPPUILuWzA==
XeB28sCFM/U=
ysih4mGkm2I=
f9/zKqhzs8IwjTAPFx4YFw==
xO+GfsyvZ3s=
kG03Wtk36Og=
SoQM2jffeqg=
84Uv6+x5UdM=
ym2VaDgSbveroBxuKundKg==
eTRWZ0TLieHEeDLgpneUrQ==
lFGbOE3NWbKss5u6cAX4rQ==
Pg1t7XmtNFw=
6mstT6pIViY=
xq54Y4LAn9IGJ0LtlV+r0w==
amDoLtbsTXpSoJ1DxHJnMA==
DNJEw977Tfx6U3lcVBLJhA==
R+brh5He4IzM67cHu5sFuA==
CfGXsrpIIbkVl8wKK0NToQ==
xQNJCrb+w7UUnqax/19FLA==
HFmOh9r0QJc=
lx2Wli5dt/U1wSgBlj0f3Q==
gH2P1UUVRIwk7X35H5e1eg==
gE02RtCmzcA=
RI8QlpNBeIU=
IiF+joz39m8=
Cd84/VDz2eg/EAq2t2iSYw==
sMZMHweIXIw=
SFwNqkYAX58=
7httqxRk3lk=
CCMe4FPfQy4=
tmee+21prC0=
VOQB4DMZ6Os=
LF7aRTPqIGU=
lDEBGARZqPM=
cDVULTUlXzRjG0TaOcWqjw==
TsJYOuqV51w=
HRmz1U2+Xyc=
cPWZh5OA88o=
wIMJ76cz7L0=
pDdvskSg2/s=
xpAvce4ICKjC83bpFCNGVw==
SJi/lyKceDgVNoOaTqTtng==
g4EqhcvmihXaZdHSZNBY/Q==
g4EqhcvmihX3gP3gmsFmwA==
aLel4Pk4iFOgSqLxa9Y4YQ==
KqMK8Fz4G38=
QvjHRK44L/Q=
1m/8BqWXwKXA50yZl/cxyA==
qyFn+tM4z2k=
Z1ytWoQzyv0=
UzBqjGF7LdA=
YYaF0I3AEgHK8F/3fXlzUw==
oJhr/2Gw9EizO+yWuLIu9w==
6HNy2nq88m4=
wXVfaLTksJ0=
Mb6fjgrNSYs=
23Uw8lMQLKczScVDPHv4dA==
8U9BncpBi2I=
3wkwYGYsO7vh1H8hQ+ASiA==
gtXn+3m2fWplr4Iq/knw6w==
SlyDU8J+HZU=
U/tpvOo/OpWMzrAGzTgRYw==
2xnZczQaCkQ=
UGv15zstb0g=
/AwWURvhPYQ=
kqGmzShoLo0=
/Ry35ZjILKo=
A9ttq4yBDas=
XuVlpoQN2nk=
eaOH+tNNgISD5HGMJgt/8w==
hk/Tld3qpoc=
rxOoLp/2XhCbb5Z9kFauLA==
NffcfoC5cwqW7M5mUdGICA==
mBJ1lOJxwaiB5L6iYAOd8Q==
Cp8QxHQowzMzje1Zfl9UZg==
FlAXGdmg7aY=
x1czV+wUevs=
SIiPtBRJgP4=
jySkdsSkunk=
6lFtjR2l17g=
18s30F8lThE=
UQ+IRQX1lgQ3/uKDY4X7aQ==
S1Xb95ECzCw=
qv3ekvtLF9U=
QXTJx58rd08=
jzxbF7C5rjVFNFtOjyMKNg==
7LbBbYa7kSQ=
stJSfnwi6Is=
QrR88ahHAMI=
Vy60IEnAYEs=
EtpnnOK58u8=
EtpnnOK58u8=
SIiPtBRJgP4=
OlxfT6v54kQ=
HV2iLceBzto=
csUlbSAhT8s=
N5d8LOlfag4=
y7j/fBcL71g=
W/XmMiROWVM=
p9ag6Zhd31c=
CmPchXsWVkhk/wx+TWiTkQ==
1wpEY46UMPI=
ALFuJ8+aHzSktbUoXVdD3g==
ALFuJ8+aHzSktbUoXVdD3g==
4c/OWfszFP8=
JI2Nh+j9KFg=
/sHRThGadYQC3G1WuZBeZw==
qtTa6zQ5tB7fQ0Fn2ckXVg==
Twv0QwSCIPPah3b9itW/tw==
4c/OWfszFP8=
QJkKLg5mKcQ=
LMmZ1qsoFnA=
v/926Yl+k5EqO3mTDdztlg==
CtEIXug3dWp3d4HIrcuE8g==
l7AGSjv/lJ8=
SqXQZ2A0cKU=
/GkkZ1mGeqhHVEoW85bERQ==
/cfyI8AgwpFZMus4UdiTew==
URMxla2VbOxQ6vCW93AqAw==
JXx8HpJGpuU=
5P9j+6E82JY=
XoDG2tz8x+1wY4tRhamQUg==
4rFTZV0RkRY=
d38q3f9U8Nk=
JVN+HbRcHJA=
4anvDJSfkh8=
AyW2zpT8hI4=
H117E3rOYt3MOWzKioe1OA==
GOAo66tohU0=
wFmFN0qpPzU=
jCeADyVPuHY=
pQvay8CeU5Y=
ddyvLXrocBQ=
bD1/rHpJKTo=
80uZBWbPBmw=
ljnb4rSJw5Q=
6FfhyiEZKb0=
QgEOrqml9lQ=
fBnjpWwQ9GQ=
t3zSVNcW9xY=
ldPO+wkr+vs=
9Su5y2xz0ro=
VP06gJQtP14=
VP06gJQtP14=
ldPO+wkr+vs=
GjFFLWS5y0k=
8xysRF6orWs=
eT1Gntjp0j0=
jMEcHwP+UmQ=
mPnOw8yJJ26xqFk+3Rd8ng==
UT7mx3MNu+w=
RGQ9Jv5LEms=
JlQuwXNoLsI=
4toWsW7BbY5+931aZoQQaA==
KXB2IlXAuyWPFb4sg8f/rQ==
UvVk5VpXcCs=
Jsl2416nGhA=
hA34cvsIJ7w=
qcRB5Gt0E2h3ziM/QOEl8g==
RWJkK0eLyJE3RDxgaNd2HQ==
8SWChUVKje8=
0cqHVza9Spo=
0cqHVza9Spo=
hA34cvsIJ7w=
IUQcrxvGFPA=
/XYlDayhGpZ6CYWEZFfrWQ==
hmnuLy1T00A=
RYCz+CHifOKLjsroZbgoUQ==
XAJzpkGYxffe6lgxOIENYw==
8ve/cbSGVlgFSVrZeSSCEQ==
XBIxv8TzJBHipB7KJAvtdg==
5LCbKYN8OnfknqAYjCCrMw==
+SkvLn7p1XjA7wA/8rPGCQ==
mf7P9jXhmKbHHw0pw8lHhg==
+C4Bc+fMR0I=
K2WsHOMf7rfzs/Gxto4bjA==
er5RI5xEkY0=
RJEjsuTyhEtxFVJqqIY7MA==
VUPMyNN7xZI=
ru6bt93aW2A=
0JQ9T7en+iA=
uqH33FU2Vf6/skfSnMIvmQ==
l/sOJprJgqs=
HyiBTQsC2Ys=
PO805LrlnS8=
8y2Lmb+2nSA=
1y1t+ofZz/Q=
yQ1h/fXQtEU=
YlYph5ToC5k=
utm/bpxLygoIvQz9Kuljdg==
XMWmx4oGyz4=
IYjuZvHm5wk=
hrRMDVYf/Xs=
oBnWeHxSxew=
tMzJJSreE/Y=
EO36+hW22rc=
ARL+KUv/ycE=
Ld/vsSc0hs4=
QDxLn6FWKpw=
oPbF3PFJkVf2nY02BXdYNw==
594SdpyjB+M=
d68x6+xcvIw=
06Vf2vnUXsA=
qkBXefhrVdA=
zXpC2BI9Y3s=
nHNp5jDpmvQ=
3p1DE3l08n4=
inpvi079SHg=
vjb14eCmzqw=
cbBeDF2xeM0=
/ZMibO7vJUs=
YveTEmTWaf0=
q8skiensFGQ81dHMhqvmSQ==
LYKzZ0SPy+s=
uMvY9KtrpX0=
yauyqugHT6Y=
sImM7781pAg=
Gmzrqm7qz180XcSAuTnCDQ==
S1jGCOmq5sA=
iodx5fiOxdE=
UCPxfjG6tgo=
C0xS2OSc7hI=
tCP72ZvcVJ4=
tCP72ZvcVJ4=
C0xS2OSc7hI=
Ba3sH4CThME=
lzDuZb68Ga4=
Ic3RdDkssUJJ58rPzYhayA==
oqtps5+B3i4=
sEx3+YJpcbA=
knkaZN81LiOIDpldu/97NA==
t9M55eA6b2bTUjP67M8Rig==
oe9g/jMFxFCaqgQV0gQirA==
O2GnCrS7d/Q=
YdpzQ0T99z+8bQw0P/iJlA==
SYwg7q+qK20=
UdnbO06k7c8=
UdnbO06k7c8=
SYwg7q+qK20=
CIi9ufn+CFJmp+KTwkpqlw==
NqTEwxibjB0=
SfblI07VSLo=
atxV+g9+SY3xbdVUFQR+NA==
vwbUnAeoJTY=
Py+TU8XNtQA=
Py+TU8XNtQA=
vwbUnAeoJTY=
t50d16NNvJGPA3lcN6t1fA==
93wlutv6JanvsV89WahCiA==
th9PR/lurxtrV2lZs1DVMg==
tCOblm+qVeA=
3fs6oSxRkmiBaqrw7ZOqeA==
pnzCsbx2vSU=
Y75E+vRTQaw=
pEDSG6ba9608SSrJpJNsfg==
VPw8zbXe8+c=
y/6sNS7Wv1E=
sIJ/3jRA+cY=
+GHDJfaXegtw4WqSc63NmA==
vsX0oSmA02A=
Gk6XL2vF86c=
Lf+btGVE8IFyoq2syLmVxg==
zuoavcC/FFE=
PYN4D3q5uRIXxKuIk8cPpA==
+UTcxlcqNug=
K6CuCgtkycs=
hYPmS6D+u48=
tDhbm+F1z6Y=
U6cjuLbFoI8=
ULI4FChIGUs=
e/4FXjpcnyg=
Kgw5oQvbmv8=
3PTIZrjg14A=
6MjF28RU/PQnqc+0LBOzFQ==
tU0TNZV0x5Y=
S0Q3iZE0scY=
lHS+lCYQOGQ=
ZBKTAS6xB4E=
t+pqa+E7sbQ=
v3WDJFuSVRI=
4cjQZ2GyV0ZdpJgVb6nfIQ==
6kbnXbMPXpc=
ih44UcgkFttjChHzenXU2A==
0oiLbsoe8OQVW0bmcFmS8g==
YcwsJ0z1Vke2O/z0mKg71Q==
2piApJb4Uro=
8p7AHmGOeQs=
XfctI0icZDE=
+UQA7ETRS9Y=
Rqo7EfcI798=
gSVv60jJCl4=
I1qBqfCx5Ok=
l5082tsCTUM=
yUTlct0lDS4=
2qDmxEfEuQsMa0IcHTDbFQ==
0qZEq/5pPis=
ZuN95FAWdtBTcLfHFBtfMw==
hVOiTEviUFA=
mOvrFKCZrkQ=
O4YwyRvQ8Yc=
k8XBZDcxqks=
eHqnxyOwvcw=
ZmHTeuXkc74=
m9Ok/aEER2g=
/tZAXBZapM4=
5SBM2b2pU/A=
dkrwpNJDKxE=
zqISvQXvJmk=
B/SH6YWtoZo=
1wXWwh2HxVU=
Mcz1LvRHc1M=
uSFwhe7dZVI=
FfIAMazhmYQ=
30bNe5IoZrZTDxV1MXCrhg==
ALCTJdlATIs=
3aGL3MOwUrI=
9XmuWkygQvI=
rxTDMvbX1Gc=
F1G7bu9136o=
Q4466absofo=
XQLNgCjdHxg=
335s4sBKuDQ=
KnzVFn21ccg=
fvz5m6Fia2uxjdZ3IFFrSg==
JVXoLqvydr4cYqAKWgUyRQ==
Df+6NcqQRAA=
4MOffUhvk6tGmwhPfQNCTA==
vIZgBkK9xFxoi5scUfjPHQ==
+Yo8fT50riI=
GbamAPF4lGCsBX8XXGrpqA==
896L0jCvqf8=
6x/IJO7JNVVJOGssWs6kAA==
M/Y7adhNFuY=
aZd963cYZd7Lux+ipIwajg==
K4kajX2FMZ8=
pVNhlpTVKE5ZTvKXW6rQFQ==
QWX/W/AvE70=
pAwBhnM3o50=
hDggyQPkSgG0sVe9x5rcJw==
u2a5diD/0gA=
SozoMk47m1MqhvNMyRTJBw==
zAVm8S+zHW0=
MDEkYFRVec4=
GqDHibawM+o=
Z84n3rVa2vUGCOJT9mowBA==
rJjnTO3EbLE=
2S8b6MCpxxsKOOovJjDYCQ==
/wmnvn4A4zE=
ljSvukxZEpM=
62sHvgAo46Q=
yEx3FCDzbEneh9TeZNJEsA==
rAGwk0hsSIo=
PRvVCxqFEMc=
x+36WATSpb4=
gl29BraL5aw=
Zrc0ZR1MmG4=
qbuaTvdmLeU=
bnD0GqASDuM=
CZhvFU7oQMs=
2unc1w3yyvg=
JB6jvU0Xni8=
CQnFr9sTPu4=
d7crtlVyFe8=
VPncyVis/X8=
V/kAcZIubHg=
Ed3KAPGzHLM=
mENJKQlIHOA=
TWi95x+YNjNluXcZlBRYKg==
mR+3Qy5c77a86q2OOuCEUg==
BJpFRUd7Q4s=
V0cevxv22QQ=
1tsZUMY1nr0=
XWzNG+tlDwo=
CKa91glZNCM=
47D3svFwT+I=
47D3svFwT+I=
XWzNG+tlDwo=
LsNzLrq+HtE=
vBkeNuGiLXw=
RIudGUJbHm4=
TjDUu3dNIV4=
3UJIS8cB8n4=
nABogi4B2oM=
4LL5tp94qx8=
arF+wq8mxd8=
SeNxgdAqIMd66qQo14knww==
KNTQTGnw1UQh5iRBVUvEEA==
7yXZi6n8C294uonNyR7N3w==
7yXZi6n8C2/9Eui/Vcx65A==
KBjhExXEhw8=
awJ1fiG3aTuPQXOEcve+vw==
gmxijmxtNMdZP9xoH7XrzA==
gmxijmxtNMe2uNHHvYop3A==
15w4k1YXWZg=
wFhwMtwBeGiT4SIrz0tY2Q==
XfaophA+FUY/rZwIKneccQ==
v3VEYNAysfdmDC2eFQkswg==
wzVkoL+PdzCkbscrbel0mQ==
SNp5blmtRpo=
KuKFipcCLQ4=
mzgAsWzUHYk=
/YjFFlPU9hSardNNm5X4Cw==
d5W8jHolx9M=
dwmOOjxdIuc=
/Vd1/mJ5Z/o6hYLMuL1Uug==
CaAII2CRAj8=
qpvggq4zM9s=
uAKkFtBFEIUc5/O9GvxByg==
RQNx0cVrI0f7mKpcyCFnhA==
RQNx0cVrI0eqrE4WvoMe4A==
XFveVDkp9N8=
htQlW5bknt0=
5QseNZwdQ/E=
rxpZB4HSqr52zYWZ1bknSw==
35iP1mVdA8s=
jIlGw11Mfhw=
I6vfBL75OK8=
VK5b9sY5zm4=
hXwdWDvUfEQ=
h1rxrQD0spMO8FbxV5QJTQ==
h1rxrQD0spNTUdy8WtoIjA==
ohfKrMTq2hY=
r4IspN+dPig=
E3uuiYjN5Ag=
hBtoP0Af+mE=
s8b1CQftcKU=
3zZreE76isg=
p1M+3SopO/uof2cy99ZMMQ==
E2DzxboTS9U=
vK3t11qGCeo=
UEJGq7Kg4VM=
Q7ujcbiiJH0=
OGDwZhx2XjQ=
XyxXNVk0QDE=
bRoUnTO+wrs=
/u8Kghxpvcc=
yNlj3Zo2Bh4=
EI+Euam9W1U8+9fhM9B3jA==
M2o80tB6fmw=
OVqC5KsjmnQ=
xBQOtIYkTR4=
GAhZx7irz4k=
TEYc8OUqFgQ=
JbSms5gFIVE=
kv4wtlqP1+Y=
r4+r+SJpU16WQJzC4k4Q4Q==
4+1m7bKnCw8=
/Qy8zvenThrSfNNblnT+ew==
tu7+/Q52jKetMka8cWLQ0g==
sOKoGWldZNrctdXfn6RpIQ==
s3vkwKNjJTIqQXheY+iUOA==
Y8sn5aOh66u5Cn9/pG7LtQ==
Uib9V+YuVo4=
h5DmFZo2Czkm2rpX6F70zA==
5qUM88ELkizsq/HTxAssVw==
zbNTS/0uk8LW1WLednskgg==
6JDyD9oG7Dc=
blsjeE5RySQ=
ur3oOj43VqhTQ+zyPcNkyQ==
w08kWkWKB3oypKiDCU/2/Q==
Q8N0mgg9tCWCVGDAjg2YUA==
Ri9vljEQJVM=
HSdLnH+h/Kw=
h6w82wcyxyg=
v5PP+UVUHwU=
/S3pxlDDmbVDUCOnTDrG2Q==
c/IS8nsEN3ePiLhbE/r1GQ==
rUsTwIXqIJeXGeSQbS13jA==
gyKbuwelFDc=
uKXCjm+iAbw=
8wrzQgC74l4=
rENnnnioOh4=
jZ/bsElHTYs=
PnDpUsrNJH0=
ucvVboeTyls=
Y59oCY8CgBA=
831e1ZGfEWY=
7IV3KUNgX2g=
osi4W8s8E+E=
AihXqbQ49+E=
0M82F1tTODU=
tM5muTB8OAA=
5/t6jEPk+Fs=
eApVTdWFnXQ=
ea+gfK+qguE=
Z+9Xyy68oZ1soNBKcOHVyg==
d3AMiSPFb8fvyHzGDyHvXw==
WzRV8pksdIyeMzrwKR9xQw==
jWPktJw94Qs=
jLXkUOQWLlU=
mWt7CQBUyuZo+CZpEukmnA==
Gn+JwSCnOb8=
Yv18YUlbrEGurvyLEM2tWQ==
knSw7egJqlOVsxyQfiSN6A==
pusb8umyn3eDv+4XcdjB1w==
/OD5PeG/Pqk=
4mixFxTkJhcr9ujCbalWjQ==
SsD+z0ZqAQk=
gSZ8jOnjmbQ=
Wp2RkpayJLA9IPZkBviCIA==
Q6dDoVodrBsxto4KYDB1JA==
87cf09rmpRiWA0yUWwnJJg==
NbeOYr04H+U=
fxxif22dKn4=
oSwfCZp854k=
7lX2MsDNcZs=
AnyQrDGzQH4=
bSDb9m1t14uRlnqmJESXdg==
/Y98HB9kZeHBvPQt4WncCw==
u+AwtEb1OaKoWwy4eKEDeg==
o6V6pjJ6jFQ=
8siEG8WqK/A=
EOMzzNIosjHzcurlpMASNQ==
obrKs/qzZUc=
Qo816CbkGFA=
IqtJU5NsHKY=
oNWQ/fPpAT0=
KNCGBEQaOBE=
PkJ64p454A4=
l8pqrC7zgS+Qy2B5t6MypQ==
S01dEX5AWy1VwKACiKDIww==
0N0Ef7Olwyc=
BQoM5u6x+L4=
gSWjrfxG7tQ=
5xv1i7LWVqQ=
Qx1RxNtz4gg=
4v5TK8/4kXU=
vyXvF2FjVcA=
rOt2qJgGjd57/zq1VlQUXg==
g3L1FyDVLogjojSH/h7+0w==
1AlG2QVBIAWRWo8jnGcW+g==
LQDdCIrC5w0=
wkGAaeTZuGz6dWrcYPZPng==
reyo9AuJzrg=
95VkbfJ+gFM=
ZoFUvHhFpw8nbk7dq4Y0KQ==
cTfrtK239KM=
g/SJynZ4lwscOuBovUdEJw==
85wg3n8LCoSHjOzBqC3qIQ==
U2aYuJgDsvj8HuIN8OsPbA==
TPs9TZ38IS/e1qysLFjHEQ==
xm1c4wzsFOY=
wfPnwqT3arsAeIcyScmXQQ==
Pr1h+D9i43VUPR4OiWvmrA==
W01QUyU1wts=
dPzpMUzy7lY=
A7UOt3VHGeg=
3KMggAbmSFs=
e8sT53rINb0=
QCXji9WOvDs=
NFQX6k3V7A3Uix8Fy3DOOQ==
l41sIBuoDJVVrly8BbaBjg==
i572iFT8unI=
Zni2tv+nZAY=
LtXeFX3Znpw=
SAn9HOexR6k=
4EUdvHyirLA=
Rsh5EMNNfZMsX5FM4sHGJQ==
doozOe/pcrLK4A5lH7hGcw==
POcNo+c2cEJEsu5Zczd6WQ==
TSAqjjHQcqk=
+B/zJ7LY53k=
GNjOz5HKPRE=
xodqUv6wpu+D0ZmwnKAF/g==
QVQsQCrKrkk=
HmaxtRyEJI8=
NtAugbgNPNc=
F4yE7hLmIAo=
bcb+uIqdeVOFZpsxWRsVww==
pgxU+Eh2tGgCxs10VoRUAQ==
yA9TR0KUfUQ=
iCmgCDi3xGI=
iCmgCDi3xGI=
v5PP+UVUHwU=
AG9f0uhUW5s=
giF5gMiAFSo=
bjtfmorS5JA=
Q1ww+UVxkds=
ReEZ/0i2Xo3llKIJXW76zQ==
8xZvxEqiEHHkVe3t15qHlg==
Wfv64t372L0=
/zot9+osnjI=
ahIpRNd2te8XJAdMqp0AQw==
FUeUCpysxK4=
FUeUCpysxK4=
/zot9+osnjI=
q8ET/a+lYzk=
kfyJwi2VTP9P1amOfNZ38w==
4efEcDw34TI=
9RwkyRn58nE=
xps9tL9slq3VHGrmbUQxOA==
LAHOn0OcousR6XqS3vUwiQ==
TGfksEZl7WYoHuYyuFTEqw==
sjjnNVZR1YE=
nj5P8pAM/21LsSh0pZICPw==
xgYagFkdKEU=
dfHQpjMlI0g=
25KzISYAjB9GOR7dp7y+cg==
AALGscXX+DU=
KgZNE4jGCKI=
aVcNotXTnk4=
l91Jg1xi6kS4RT42jBdMwQ==
RtDAQFGhPcUaInTh5KFuNw==
IltqQQGkSJJHYQsUiXQCnA==
mSW0vABhd9xhfIcskH/jvw==
t6T8sS2hkfUVZmKu2bQFww==
Qwvn2c20EJE=
PXlF7t19mfs=
EMn+eu+CiN0=
ewAQ1eNBVVXzHPdvcbR8aw==
mcK3XHLXVP4=
i5nbiAQA1PY=
3Q2WnrrHQSc=
2P+MMAB+lK0=
5UiNMVABDgBz9yfSKJQliA==
jhp3Qnvypf34moRX4dBNsQ==
RAOhvoTmrZw=
FHc0j1L7QOSeP0e51OtU7A==
sFtVJYSBqQKiEBTx79Ae6Q==
h0w2q8om5ThQzWSwQ3H+ug==
vGbHLU526X0=
3bs3A2FJdck=
Mjq49rOagj4=
il8zbOC6wGE=
1qGB1XHCDZw=
5H+NBn4n+M0=
BZtfbeWcojc=
lKJM+iN/Dds=
lPel/zmVFRw=
mEAV2PPR6HFD4+Ozmg4eiQ==
gmt4nB+5PgM=
RhhnSN1JxQEdkEsnLy0e5A==
0C3CBotmUnsEf4H4FKrjSw==
/Axuh+qUQrE=
2JjS5U9ZOgUtAJAWpoLYWA==
PANRcJLsoBI7sgqrBy/elA==
wwWtqDTBnlBRjosb2YML1g==
O99GfJp5KdI=
0qQYayJd+gU=
vCE2njnHtYk=
tHmsumaDgUc=
npcY1Q+gm9phFesso0WBUA==
npcY1Q+gm9pj6o0d8gzfOg==
6411j/iBeoo=
q+SPyNKOL6o2GS0cXG+uLA==
ceigLoQj7SQ=
JMgLAoA5GTfTCQNA0qMG6g==
bLn8vqDiDKldr/Tm5TYb7g==
FdU6aFBvWfJIJF1BHX2OIQ==
23dsWhKRKfQ=
dAvRcrzCPDM=
Umx95f0qd+OS17mkE7XJQA==
oRRBymypRytzYAzW3V/enQ==
EWK6yBaYi0M=
yhciJ4vAI8CRTijmpm5iyA==
9kF66gbgqeo=
YnhBoZNfuA8AgVxl05otMQ==
DhSipA9i5rg=
LrjxUartaow=
AlwC4RRESxg=
CsPeGEaT/cU=
yWJokHWXw/BL/89wSoFQYA==
v5lLq6eq4yM=
5v1Ii92ceB0=
VcFtmFKFm6jZRkSyENq1ww==
lA3px3627XnRBhx104yiGA==
ttSg2quRCaw=
8aQxItwXPe0=
5Qd/+EHwnUQO4PFwqZcJJw==
N7eq3O9MeeY=
3A+MchYZKgr4/Ghc1Pi+yA==
SqAWeAZlijH+uz8jbEmZiw==
SVhUjKqd9Pg=
ZBudh8+dRTg=
WQF433qqYDPHfXcSj2AXyA==
j/jrQI96vLKjKW9qNvHBCQ==
d6vJo+iEBBk=
f42P1Brx9GU=
Qr7Zlb5+3lYIY6oyshRLaQ==
vLdzIN4htNxgFm89jQ8T8w==
cJhiMzFLaLSFaliElVUAuA==
IBofmZ4X9C4=
wLgqORFMX2GBym3EuBxGHQ==
JZVl1qRfGJg=
sVIFt5knp+uUqYwqCACXtg==
i/Dqloxt+NE=
1j7b55QMYCE=
tkccJEAnpRY=
YAE0dC3ti8Y=
d0BpbX4yi3c=
AXlCTNOZqzg=
Ugl+bkueh68=
zEvmRDUeEm4=
qse/iX33cvw=
zZUPRR58iCc=
zZUPRR58iCc=
ttSg2quRCaw=
/sPy2dJlCVo=
OJMwt4mzEnI=
xXwjV3al2nw=
LWwekji3iAY=
Kz3uHF0nhMI=
/dXCE5PqAFs=
RWH/CHx6Ubg=
fGXodtfGmgw=
ar96sD0kD/RCFQkQcaO22Q==
Fp59/d/kHTYavYrBWolJfQ==
tqsgjtoP2efFzvHN42QgsA==
UVGAN8CSWMA=
7mUvkyBLltk=
brZPEn5Do9O+Zt9RDMV2Dw==
/BmuAWHZi6U=
OZjJ6DjktR0=
CT07vjcUxpU=
mEc4wsGL0u4=
NGzTjhK9eXs=
0FxtT73TRWYAlkIHl/PBMw==
6VWhe9rtHmU=
2vO09c/oXJ8=
tuSKPzn7+Zk=
lVFyGpj/4DA=
EwiW4iJYeqRrT+VofuXG5Q==
4dlUYeZMsuQ=
wulG3uUN6gs=
KJLyQM+b9ZY=
qMsh4Uyd7Ow=
ESRjTWf0xLhFqtro9i12Mg==
Z0MW3Tf322o=
Mj4ax5lxOsY=
Wp+iafjJKRo=
wkICFg3suIU=
BfKqX4V+w4JqpErNPGyKXA==
ETM0BP2JK+I=
5lNcW8269/s=
gwBw8H2SelE=
5bw1t8XWY+s=
BETWbZ6sQ6mtstQlkJtuhg==
9vJjB0d1IYk=
SJqpbOLeaDc=
/AbkFe5G5sojyDC4IIlceg==
/AbkFe5G5spH7osayv0oBg==
/FeXz4dgLzY=
cm9983ORSCUYu5jYruv0FA==
CStAzy76DpU=
AKeMsOQY/191hoSwAoMYqg==
1T2sA53l0Ts=
2q6uc4vn3OE=
2mKDsJUrSDg=
VFlIDQteBqM=
JeO1MyFgkbc=
NxUxRlOdvbg=
bxU8EDDXsUM=
JwZ7qIhyZIs=
D4gByWcPj8A=
NNnfIEf7/2w=
O76FkSCDw0WyqvnQthURZA==
Lz1FcnXpvB8=
iCG/PIyfU+E=
r11+ixUjJbI=
4GWuUnSNUKzdD5MR7mdzQw==
pBYxPC1lxuQ=
91C5gP/zj/4=
C/SzyxuVanfQyO6iJmnUeg==
yzS3sR77iN3XngV95YSJ6A==
3nGPY+W8VD/SIfVMAe6K7Q==
b576PaiUVqI=
pCCIYCehfvc=
/u7TqHAElpo=
X2oKQqbtBIE=
G0KxJqnUaHY=
//8DgXPQmxM=
cfXwUC/1rTQ=
mbWBZ1+OC/R+jZe9XOKKTg==
hINHLOOdirw=
kypxW1O16HA=
WfuFIa/L7Lo=
ku4dn9QmBWI=
aM91IPZZHCM=
mQeI+EGAH7E=
1U5w809+5YY=
nBlgeez6vPQ=
p66SouRXLa0=
TaNWPIv4fPc=
cnyj6CtPnTA=
zOWU1Xl1+Ts=
AG+n+sqIqQM=
wM5A8jY59jY=
rc3b2V2GG4NXVDWeTCsGwA==
q+EjFibNWyY=
StanODbIlFE=
X6TJoXks9FE=
V7L6Q2iQFiQ=
nX4rCqbjsoc=
G9qe04F3m3U=
b5XwsMmia70=
Z7vf+yMrySU=
B3qYarFxSU4=
7tTrDrhlEv9Bk4mFNI5ONQ==
X7CDMpa0Bas=
Y362fMWToIY=
xnZ68KnBH6Y=
BOrY9D53Vfs=
6dNq4Lr5mc8xl9VD8Ut+BA==
yuzJFNYvTwHBdwFQaEs+HQ==
IODHE035XaH7Ae39sPacZA==
i5eEV7KADUw=
dCG/bC49RxI=
DIicJAeHB4A=
vEuZYZQez04ExjUH5fjDeA==
NlAzMAZ5lciS3qMuWiB6dw==
s3msZEEro64=
AotNewqXFCX+hvV8QsPygQ==
2SqJEaKy+Hg=
PB9dynnjf3U=
tCeSGpN88JyqABGe0OZZ/w==
hFKYynJkmhEmRSS7BzxiiQ==
81Y0v2EclLMvmeo12iKWzg==
/BWBjzKRrmMGkD+Zy6QS7g==
KILjsjVHkBdOgoS8zYE5yQ==
uAqgMB+sd+k=
drPAbS+u5Y0=
BlatdejYk18=
ozDNTjrkG8U=
mYaxPjYisHE=
VlVekYz4hcU=
Qn+fqGgGi0c=
3TuAfkqWM2M=
5kMpNTfZ1zw=
JGjKy5F4OuY=
jb79I9sis/8=
uQ9oqSjGsqo=
CLULMzCW6M4=
ILIsv5m0qe8=
TJ/KUUsI9yAIKRZH4btJUA==
SxsUyYkCHOs=
AWOn8LiSW6g=
+DdEbLdCYLA=
RmMRwYDS240=
16yIB7Q0tKw=
ipGkps7n3Es=
vBA5LWS1fBM=
im/QLp+JMsg=
GS/xycS0EqU=
Y+xJGR96ua4=
8M28+tF5OsM=
AkNU2N2XnX0=
+Zz22kY6kgM=
XkmnqxwyZxI=
GIIey1a76mE=
rcCh4oHjPgk=
bsKmqgExSwA=
WhcHkea4Jb8=
6c6KxBehFMQ=
s0YYqEOtvjI=
gr+rIMu+Z6k=
NxYfCKaLnNg=
HAsgkKGX8Q4=
NFaK+umsBqc=
RLlwOHPA1mQ=
kTvwgdq0ktM=
K3Bb2ImZ+tY=
or2JOT9Q4hg=
C10yPcRHSPg=
1EFIE3TtbyQ=
vD+QiOxkNQI=
oUEw59arNEI=
pr9Lz+7lTJ4=
C4CYvmTtUzE=
f58BDmnjF+Q=
Gwl96kDFYEl/x74gkyULCQ==
lFP5w3rX2Bo=
Z4Dc0gE2Fuw=
MiQn8WwzWzM=
NyA0ZO8wLrc=
rqAzVnxbEbY=
VrW+SnwXcrE=
nR7eYPbwCh8=
wuJ+JyM2nK0=
MT79bJPXFoI=
FWDXH6MFLv8=
UVPcvL5ugXg=
WLCFXJ0GvDc=
lHf5J3AXHus=
qKp6l5GYZhU=
LQzpUbY0v7w=
I3r5Wt+JXDc=
MPvP5aUOvrNGd7d3W2rQXw==
/+h8BC/BgYI=
8egw28r83j0=
ai2MzNRsOyA=
eS1khR6g6Hw=
q33Q2Bv/HK0=
XdfRdm8wxHCfVAJPhALNGg==
O7ByybDRz5D1Ok6QfVgRnQ==
YuN/t+21YoU=
mBrbaMdjsCg=
MQQ70B0rGb4jBaple6Z5yg==
OV1l8qo3q/w=
fXwQq71k7RohWIxqcyg/2A==
+hzL6zSjKTw=
5CM0hEdw2Bs=
Bgeo1zxXxxc=
4fJtQIBKzBc=
QloGjfuyNUk=
a3JwfiknshM=
XomHwfTDjRw=
KBlEDIX/x48=
A+FlHGcjado=
LVgup7WK7+Y=
pMPpRyaF/E8NPbIMRpAl8Q==
It6B8cF99k8sx/Z1ldfD+Q==
6quDhOItk0FmJpIt8/qn7Q==
FkyIHRC2cfyw3q/7xijB8A==
RwR/C7Px4qqbi//5cXV3qA==
nSMmZqpJl0M=
nSMmZqpJl0M=
lFP5w3rX2Bo=
x6ViDF9RqBY=
wEKI2+lRzKo=
U8eY3FvmvnL0gL+kDNcwcQ==
tWiuDEYDadA=
D/kT52cc0KDROvRb4k0vLw==
gAdjxejtnrzRaR5dsv+IEw==
hJSbAR+rqA8=
SylESasd+rfPBprC+b+4rQ==
EW540GYsY2YJYza0UfI5zQ==
+o60+Clp0QY=
6lJmB3DqVXE=
CSErh063FnaIOW5NuWV0EQ==
RrLH4cwxg5Q=
sCDBox3aF+A=
lwgMPWwshU0=
guCyIQn6DR0=
Aolr6MhBMLc=
NZXHxNLK7BiFUlHoBrH/ug==
NFX3O9XPRto=
RNL/GFoTqOQ=
bmMZG1vHsmdnDnA3dwRLXw==
Fsq69oKIwHP3om0/MDxbiQ==
AOXlYY+ztGw=
EVJoutKFzFI=
NIkLNbcUW+U=
NIkLNbcUW+U=
Fp59/d/kHTYavYrBWolJfQ==
xN8HbjyH7u9LPbZbt04R8Q==
xN8HbjyH7u/lGOIaz2nxGA==
xN8HbjyH7u96NEj8Nt1a9A==
0XgdxKG3FQRtO0XEnJrhww==
9y7yuqTK1SI=
wewF3W3JwFk=
qKHxoTplS9Q=
4D2kR9y/BV0=
QeE7E+t9dRDILnMKH4FboA==
zMUZQvsQQJU=
FAYmptBNj5I=
oTXzA8F7oPs=
4j0RHuBI2a8=
MKyMcOgjhrs=
0B0QMTjIp/8=
vGiPAmhjkJCK4I1Ko23F4Q==
Xl8DTgV6816HiuXaXAlnlQ==
+/QW2JNIv1SVtbODMsTL+w==
gHW8W+7fNQA=
GmVyMFCn0iQ=
p1qdesiNq10=
88LUzKKxoYKpj5hqdOaK5w==
2bnvqwiJoI8=
f1e55hwDxRc=
MaIvXbVGUto=
EPdhXyUSc0g=
FmENiSlQrKo=
kwQ7/sfeFZha6fRCC5v6eQ==
/AGYkp5LdUs=
y1RfCDGbHxiPl8ubqEZdIA==
P7J1aqbyN2Y=
mUuIShCKnjY7m78UNLcsCA==
p2dUsOJ25NA=
RfToMvBqfTc=
MguJ1AO3FTE=
++RtWmenQ2Q=
WDPmNsw+Ks4=
5RLormZZH2MdgT4ccsXi3A==
tKl8hu3ZKvE=
tKl8hu3ZKvE=
UWbKzulsRcQ=
KXR9p1995JYKiMMtLNLMtQ==
NcLyGwHf2uc=
UWbKzulsRcQ=
I9Sl+w0JdWY=
dG5/SKFbwTA=
o9t1PRii/bE=
G1j5bKSZBC8=
G1j5bKSZBC8=
CZEGMRW21lM=
dY5AMdwInFo=
j49qWLxdGV8=
1RoYLOlPZbo=
77q0cfRJBV8=
7OmPibiwcOM=
dTz76jid9uc=
Om6gtlNBG6o=
lrz5hnQebzk=
/u0Cq1ycPlksSEaWWPzlSQ==
jUp4aCrqhVE=
pSMs8vYCS78=
iUJ9WCv00q4=
vSeivrSfPpjkVtdzOq0ZrQ==
5tEd/E9PiWo=
/hWJAiahxZY=
zFNgFwTkyzA=
H7zWrgr754s=
DoSz0xyVQos=
OgcZq4qKoEixMPwpPMHQRA==
CZEGMRW21lM=
5LrAJCEf2Uc=
FzDUSTYfpx0=
9HBpjjYSgluMMhTJwLpJJw==
Bz7vfyZRG+E=
cNZwzGMPj9c=
Gkk7zebRAXg=
TIohVo2iruA=
vod8ePALsd8=
ARVfsahldX0=
AoXL/N7orhk=
R+IzNh+W74A=
m3wZWrFhbas=
cG5+cj9/QfI=
QyFn7jRZpwA=
A740APLmoNU=
odiJiempxnA=
4wsp1EB3FQE=
1G9J9ReVJtE=
Pipu8CM1Ong=
a8Fhe2/Kjn0=
s5Aq3CummtM=
n7jQHJOJpuO7n6uJJB5dSg==
DRvcDXjRgG0=
5segZItPMpo=
K4Lt60+7zcw=
3r6q6HVTh7U=
zfpFRL3ksLg=
yQTlFPGr3LI=
DBo+xjGwuyI=
pjnBAMJgmbyF7mTyPwgIeg==
vc/+SAi7I3fGM3eB3GVdhQ==
rJjSgVJsfok=
ZCbngiMMGf3ch/qQFbRwdw==
1ZWPVaTnzFMIYDKx9Z+yhg==
NO6Y91J6Njw=
NO6Y91J6Njw=
qFuepz5SFA8=
SXw42DvqqLY=
bQex2CUm4rI=
mcoe1Vbf9b4=
HdasXjCVW6P5g0uWoKD55Q==
p7zgU1Z/FcY=
Kjq13jf8sHg=
pF6p9LkA3xw=
xWmA9ymd63o=
6qOqJuaI4O8=
ztCF4veIsSk=
wKOE3VmxG4k=
wKOE3VmxG4k=
Gkk7zebRAXg=
OjGk1HOGaxM=
CVyy5MdDNrnGLsmq9OXdEg==
AgQUMzpWmD0gngFL5BV1FQ==
f0WJuATl3j4DIzv8I/zc6w==
o4YKjDCZ5bo=
gnwcvxf+LZs=
6RnT7SzpMU4=
VX/ln4m4l8U=
4wnxcZC1OHk=
SPH9ndPApUs=
ef1qQukFBME=
WKcSlUnpokY=
v7HqpGdC32U=
NuTyf19pUV0=
nD8AfElR8lw=
x09yCh26sTQ=
BPHAA0dlGMo=
4KSb1Jd3Sr8=
znN1xPknkuo=
SoTbp0w3Uck=
7j72Lk8+2n0=
uG1cry9ND64=
icZ/PJl6vCM=
3vjJW2BFhEo=
jZf4b32aeAc=
TAMYTVwZPLU=
lC9S05uViQI=
6k9ORxHY6OY=
EcOc61mYWIg=
ztjB1RMN8/c=
krtgdTcfT0E=
hbdSuNWu4UQ=
dq3vWJDY+F1+3URwTEXVmQ==
Wd3XY3QhoAo=
Y7Pm/kpsIds=
pvx60lkyaBM=
ZmLECvyVOJE=
uEmqF++vvy0=
MAagzw/AK2+RPIpPX7RElg==
yOeBvWXxY+XiOAcY4mFT2g==
xfL/PDDYKH0=
rE5S0XwL1C0=
GPNb+Fb8k0c=
XXfVxASjgMs=
Hy6TwArYkn8=
+lhznc8SgUQ=
ILaU3sD1j/c=
qi1Qzx+W4Ls=
zVixCw9+pA0=
M7qh9n5lIgA=
AZvYBlcdMPo=
bEpFavUXGis=
RVwJOT13aqQ=
7QMjaxiOTcc=
klUHV4Zymsw=
Oh97/NlT3Nc=
GOw1ekLy2VA=
eYz/JonnFE3lZuwBj+uQQg==
N8+Yhb1NI/uJiP177kZg6Q==
W+Oj38JmxCc=
bMfXqCHoJ8RF4pj8EZQ8lg==
VxrOf5LnvCo=
EL089FPGVJkQ6L1OMOd78w==
K7PCDNAL8MM=
vZyN4vAIm2sG3j4584PxmA==
mZKp2ZrEygMBLhE2D4ywWA==
T2M7eVUVg7MOs8/UV7SsWw==
/Xva1phsVB+sAL9IHJ7BIA==
SElNPPS5yVnW1HUhLEtefw==
glEkEUOGc5Ws4hjgdASXtw==
UkB/Xz1xkIk=
qFuepz5SFA8=
GNDn1sPr0dfE8q7TAnmLaQ==
ugJcuOqM8EI=
hRpd1p970hw=
p1RP3TVIgwc=
gaqvkBRtKN4=
S26dJ/j3Zco=
QkYDNUzCx/c=
168mn/spDqc=
ExlXFYQiVF8=
TxLMAdykyQ4=
Jtw4Z6XD+fs=
TinfJ/DKWpU=
BbtupbZYILU=
iKU5nr2Wo0Q=
ngKE1rmCZ8A=
/+419LSKsnc=
gdyLA7UbQNU=
fEQZosH08oe0b0g2iSUoiA==
J5qAu/nmdUo=
/ssQa1vruSyVRnzvF/BlMw==
nL1FTSPxC1s=
7isqwmn8yZE=
k3IIC4u8Zss=
E8bIqfUlmmM=
uSjzyUZqZFo=
7EwcsSMqoT4=
5fRD7xyv5Iw=
oB3FGgSH5JY=
Ex+GRuFNOTiJbMU3qoLrtQ==
BhnUHLOdz0w=
VoIM99jWiyc=
JvMMfPm7VzqVsbhXXse3fw==
las2zTB3aow=
YbbulnjCdwA=
eKXJ9Oj9Cao=
oywb0FHDov0=
MdjM718+fac=
G7J2mbinsr0=
YZTSn9uOvsDZx2nrquaLKg==
YZTSn9uOvsDl6sYTD7uSZQ==
su8XTg0lNDNqkG6nVyHzpw==
zu1cTPBO+Sz/Y/CjH2NI7w==
0qgnM3wLKqNobMtwOefJSw==
fXWHv1EJ5CI=
dJcTm4EiylfVolE3ur8W1g==
6yMJc5AbGJU=
k8AY9hrvjrTzL2ieuIIwLg==
Eg+MUiqqYcaiXAvChSUEPg==
i9pKrT9ZFXDRgZ1GgRdiGQ==
nKtll8WHkso=
sUbVB6NusPM=
76+X/4zAaXE=
yxdZCG9qSrQ=
LrWTEl/3qHc=
zZblxM1Q1lE=
b07ieAQTFxdRzJbUsSblkg==
L1d8gG9PMlWfUUU9JgCJjw==
nqoHE4hGqyO09NDEvkZCNA==
HFmiAEsg0FQ=
BnyvmCTvuMc=
rB+DNyt8iOI=
8d6XaL8ixRw=
D34A5bJrmIk=
zF26oa6aotg=
R3ECm2XBrr5Wcin2sdkLSQ==
NHwBEeyu4KE+gW/K3uUSxg==
PSF1Tytn17M=
iP6OTsO74vo=
eyO6lMwQEZBLcWtAa6LQxQ==
RYvmkCVCne4=
x/UbLYE0fpQ=
h9n6GfHR5kVoOzdCGtaKoQ==
WxYYLNjLSqM=
IE5JvIFlN08=
rbiCgCrXJBUD5OONW8ED8g==
hr6xIZ47u8un2EibXfV4sA==
qyDuyNG23Ac=
wAGo+8mG5tg=
sole/4MBFBU=
GYOeJjWkxRw=
l523iT3qyok=
3sskooZtm84=
CbxwlNRKYs5CPEa1X0btrw==
knhsUYWLlh4=
4ap+kPeoJgg=
W0uy5Q4+dtQ=
f7mpAF/PpGs=
eLigs1YTESvTRW/ln/sMKQ==
hIy7916sHIk=
9r8n6ZHNFno=
JgvOa19jcBXitxpaty2jXA==
DbVKykD6eEM9Cb2uU7+iJw==
YtwXn9VnieM=
oy2GJut5QdgVXwY+o50q7A==
oy2GJut5Qdj1gFVaKGsI1w==
oAtvAuZGqoM=
jO9JoVzx8HyU6lc4QpbseQ==
k11K4VIXDRZ2vIfPu3y5TA==
xpRvNiuCiME=
A3a6ksDsvCw=
rQz506VD1WM=
VjHIIo3o3tU=
yG2KhXzslGY=
/JcT5LLzp4Q=
Rk32uuNKI8k=
GqUjiOvGUsGmzeegeMzb+Q==
WsFIspslUO8=
zPPSA74mqc8=
N2syjp3a15E=
kvNGmt+I4Io=
9CjEuXgqmTs=
qFNL66Hr9rVKuIr57Pu2Fw==
M5RIIbqlZew=
9gNnH8ZDQSnZAuyaGhy1tQ==
9VzW2YIzCsI=
8JDcITODYTI=
wppC+umAKao=
5SYcHY0Z6Ps=
5SYcHY0Z6Ps=
FlKehlNImQw=
7n4zkGcW5e0=
FlKehlNImQw=
DE038TglM7uH2MplSLG4wA==
TW21hk0Z5Dk=
67RfJ2A+ZsZfeET7KpVmRw==
gPDh68Std5Oc+FRTSqmgPQ==
XTbOrdvep2U=
f3dRpAxrYmk=
Ysvj0Er2q7Bcs41mfiiShg==
QcqHqs4gbZCYG3aTF2HfJQ==
2ROIfZUfs+U=
5MNoqJzVKbk=
N/LsHFTK/ZA=
J/eOwc34lub97n942rZWIA==
/wsgmawI8pk=
R9EXOuGmA24=
FtAdLUly5xQ=
DQhvsZiyWyY=
7iM1VPnQZVID7kL8BH6awg==
di2WypkueFtOA+UcZO0C/A==
neFuruBUziE=
D51CJp02iuQ=
FSggIN//YkE=
Vn/kd6pEuow=
GG0ilfoQr+k=
E5ea3nv36CDlB2aJ6wotnw==
Iasgb1zUe1rff5intkn5HA==
tNnu+EskYrw=
a5ftD871/fw=
OJMaHw5pyxs=
bkQpa7T7Oec=
jMZrbmTukJ8xtcivtQJSwQ==
kCvTeKqrklM=
ZdYC29Sk+OQ=
S4dExGozvUE=
AI0eatvdC4I=
UZmFDrtTN1I5JSd5+no1rw==
kadCgK+yrW4=
TTInWB0KZ5o=
JLb211lSlBc=
H76XQLgrnJa9N/aeHSmCYQ==
S9kCgNQY6mk=
cUbaup4V+hY=
O8mlRYuUhoo=
VEH6nSQonHY=
fr+/5Qnzxyc=
UVpwNoHOPXc=
QtmFgUJPxHDmTrMaA4BHjg==
uFaneAVystpLv+xFsnNF4g==
uygmUN4flj/njQPRyvKIvg==
pXk6d+aA/Qw=
oSYTm/QX5xA=
7KOgshNMGDPrUnrhZTV64g==
HkvSPTJ6mCw=
SIaLJXlgbg0=
iNLstCFu7HM=
30cLzZwMIVqaxyez50ru0Q==
45cwXLo/yQJqWk80sE1fdg==
Q0i+jYvkVKI=
3X2iCXJ4ER8=
BrFM5yqD+ZQ=
TKlHvRzOGYI=
4dufn6qxLc4=
jAZ0dnOObZI=
MvU/0Z3b75c=
FehSk+JHmLE=
P0EOyKg+ypc=
U4grqzy0LRo=
g+roYFC+u+gZadZpV1KIwA==
rfj/lCexTAk=
/qKucDZR5AI=
y1mUhUqscv4=
EPWEr6+gFOw=
g7szR8Zeptg=
/EsFILbe5YE=
A9I1K3P2KSE=
3dBiQ1VaVkk=
/y4Y2EExMfnk2gqrpHMZYA==
DV6K3rSY38iuhXg9GhCz6Q==
btKXzCE4OMc8qBYx1bi6lQ==
dOYaNUx2Ek4=
UFCgw46d3Bw=
UGwfENPTeOM=
XlROiysH5tosx/GruTdiFw==
ZbNJ5U7A04k=
E1vccYQYFdQ=
y/q/Gz/3T+A=
WyQ/cCVpL/7MFnwfx/kLbA==
26R82O78pAc=
RR5nPEbR76/eCk+H3ncQHA==
+GG4pcxapfU=
1UP5GaH8Ru+H+XiIHTgTZg==
VqGGt704bCs=
WYviv234oFU=
voEPZh0GjTw=
hce9s7TmNII=
MrB+qLOKmhMq22YYSvxq2A==
zg/jEZ4CzJk=
m/SJjHfRoL8=
/IB4D8dlXLLQAGAryvovUQ==
XmdsSHkaN/Y=
rYqW+U6/g5s=
mSpA5DqBGOQ=
fV53ATfXegw=
QaLv5wseKVA=
cmrP6j06PX8=
Tkrgqz2LBkU=
fn4EcaOPZYRNC/sHDOf1Vw==
0F4IWEKW6WE=
4QTK+hfca30=
xQR5d3cwGto=
Bfrmhj5zSW8=
K0xUHJysPIM=
ygRo7lxV65k=
csesD+n0he8=
qboqP+HIa9M=
8gp1pm+W648=
+lq68VusSUE=
jA5QMy6e+64=
YUQbUBi7VX0=
+jrfF8T80gU=
cnWlL3auq3s=
W04iaD2qvIk=
sTVUDojyuOA=
xl9tOjEnNzM=
4MY21m2NXHA=
RMHx5WskiZI=
sEPMcmNZaUDs1dn23vuURw==
LGLT6b+PE1E=
xp2v5T2HJ1ksqWHx/akUwg==
OhL3OY8KVbk=
sQrgosMu90A=
B5rTMV3CvrzArhsNqFoTCA==
WM2iCWZnof0=
8r3rSQnlsDg=
S7bXg783/DU=
0kFJkOhJmgc=
kLyOrWRoGUU=
svONYntB9Lw0tByDUSWUng==
aBSTEdlJ1GI=
6W98mzTAqOQ=
hdVvttOECQc=
++yJ+KxJwFY=
SpDa6pTiOqw=
Gpf8T+dR8qI=
5jQSjbIwpbA=
Ubr95eV0GlQ=
VToLqMlnljE=
AsZSlDeTZYM=
AXW9azZR0wM8Nq2384/h1g==
J/JdK443HmuF9e6ygVTEjQ==
/JKMcExTtAE=
8Qfu+qOrrmw=
bcx91olzYJI=
1j1sFgfBQA4HN8W5nkoNqQ==
KmqlqIIUzFOAWG76gK18xg==
Jyjq1nRSbFs=
Iaklxc66n5M=
TXJhnVFUcsKjBXb+krILmg==
1WiCZ07hYNdlpSdIglj/vw==
+dWVQkeMD7Q5sjSX/tJf3g==
jvXN/F2XD3EsxnLcg2QEXQ==
7KIwXOJVJBc=
evDu0aPBvfY=
tQF5ZyWQfeKPXvAv5OkDcw==
jN7zxMHwFJjUthP9bendhg==
H/ys5tuD/BI=
EdNz01y9CK8=
dw7ErRU1b/g=
ujJebEDY+a0=
Htx+t8vv1P4=
8fKqXdYQyj8=
5+MzZ5elIho=
orTjxSsol/A=
WE57hZNNW1Q=
bg7Df9kAw4U=
fgtnn4iKsMY=
Bo8w4SnrJY/FZZTwM+4kkQ==
vy0eLRGD0GuPmQ6f8/AA3A==
dRdor064oVQ=
ba8IjgaYb3oKU8DhbzKXmQ==
VlpwFEEn9hs=
SA7w878l9ec=
CYtSpDcbeDk=
4FQhUHGG1U0=
1bFnIlt0Zqo=
hKg3PsCiLJg=
D3LtEGDPPxQ=
IOveSSwWCA4=
bqs8vCO01Uc=
CKtA4qJpqHo=
rJevAZenuto=
qHv73O8TLf4=
Sbd7R9UAhP+/GWC4LiH03w==
837a8S4ooi8=
f4N3ov/ezkM=
BvBP7sCUUDxEUmjOrvoaTQ==
6ytrUAz4VFI=
6ytrUAz4VFI=
dewpSQX49cI=
fu0mXqjzPxc=
cVpETOFNHss=
TtxvLBQG7eg=
C89GiuiIzmc=
wmgfRgkrSIM=
6Sr3iwjI7dc=
lYjjq6NbkrU=
t2pjhswYkZQ=
8p4sKQIQ3kc=
HM2yeYhj+U8=
U7n0xJnaiD0=
837AZ5bcwcUZZYL48muKMw==
8OBKTlOmVKA=
iivvSnr1pEg=
q4uW491YaGE=
JCaKNg8Qzhc=
Dz4cuELTIh8=
eJY1uvtkLXg=
2TJwbbDh59g=
wV3Xmd2dycg=
s6dlCjPbc3c=
39qyQT8c/W6LabVtb+mOrg==
M1vvmNb99tQ=
a9MumcwBgM4Izmv9HR/M9Q==
CwKJ8E/nn+M=
HnuHpo83F0E=
XPWJr0e2KRo=
hKDTY3lHfqUv4qJXFeKN3Q==
8QkvstsNzCY=
7wSJd58g4TfWu3d5C+g0pA==
fYkQF9YNzpM/fYBWb7mTpw==
Icq/138Ymq0=
oMH01zkq6GU=
UKWakbCAUuc=
ZNzVpC0ifWg=
iFTe3LJljtE=
a1PwiahCazY=
W0THrISGSIM=
Smm5Vb+VGVS6BqTUEypQ5g==
b3m0ARfOsJQ=
iJVxHYYLUkQ=
vw1HVPsAx/zw8XkNvnNUrw==
RJpFxy22dVADtqHvxYJqxA==
bpeLkaxde+0=
2a9PckFyHTU=
7JfF9LR+CaA=
yJ0i8baVUF8=
Q1q+kwGcQ6rLceQxPAQ6zg==
0vmgJKrZKJ0=
WhVn3p4mRZA=
ipUNl/VDLJc=
08GbLLlyOOI=
8VEFLizjg2s=
fL7SBowyMfk=
Go/hgrsPI3g=
DMjLkwg0b54=
uu414rJianA=
kQMG1HHTToJgFtBhJ1NwdA==
ViHNccZFlqo=
HjmHXU5vQhI=
Zun9AgRaP8E=
EUbWMC0xJao=
Ta+krRIBrsta+5tJ4SSD8w==
hxq9f3Y9pZ7G92Qu0wBpQg==
RoT3Oup+U68=
ATQf+nkFyv4=
wlAF2M2w+JNFK42NMtqErA==
zvRG1phGY7w=
aF2HkZkVJTQ=
0ZEEkJDCwDDKnTHXRO1NYA==
qFV7cIGe/bo=
lZDVGBofHlk=
UfjhhFg9S8E=
zMpfsDQdLpAUTEbRqzPChw==
kELXd320AFHO2+wFPm+y0w==
jj+CSHcFhdc=
eaCODfeXirs=
26yU2w5M4Q0X6raXFsZQ6A==
pAmNSoVbyYKx45yCMfXALg==
Mue952fla+aQBGj6Emjiwg==
eFIFJR5KR/gH9jRPwOD/sQ==
qTv7wuLFr6k=
b3hxx9lpWmf0NI1CfX5QEg==
wRUMNitp5q+7FJ3DNepYFA==
8iVDFJWPBVc=
EJlZtxYZ25s=
5SN7TwRncfOmF29n0y/Q4w==
KwlON2XKlfQ=
8XkNJ/CSktO8yeGiT8smJw==
c1n23Uj7z7o=
O3puiJQg9fE=
XAcm7SNq8k+Gv796awiZxw==
yC+rBkfPNeXK0ruAs8Wj1Q==
u1MzVRffqGQ=
m11wl08udZU=
cfx0+woJgAeNLAfYF5A5xg==
GB3HlBtNMkzGHgLEttzk4A==
xkUmM34A85DRlkVAVpF3rw==
e6oOIQCY/0kxxR7daeOMwQ==
wkkDIzPp+IQ=
3cuXRav4skg=
g9YVMI/Q53s=
o4CIFbTls48=
2puYBBIoYoI=
wIiQhJZ5afmgK9S26GX4Jw==
0gglSQTAKHc=
8ZA4ZOIW47s=
NoJGBW7iMYg=
ORO4Ls9uPZ8=
6zjLoxHVlYv/zdNdOUjjXQ==
Qr2Ltao3DsM=
D1wGzFtKSnA=
FH5e6hKeyKo=
p0ZW5FbJHT4=
cftV1UpHyiE=
mNcONppR5Qg=
4DgCn9rngBo7c0rzTbwU+g==
H7iYbKtGprg=
JTnPJHttMuw=
9Drk3GoiDwA=
nkEQZek99io=
huA0cLG45MU=
yCEjsDaEwDjIBKomJ2GH1A==
wFo39ZFcgU8HInE0AicXdQ==
QvRji512TuPH1iW35eQMzA==
RTUORmQNsbM=
YsWNFL33mRI=
rHFaW73nR0DYfjvS9bsaFg==
B98BGDlKgkRxLVoG51xm+w==
dQMH54nSL3Q=
YvJaYXB6fbY=
JjrT7SPlbB8=
cqXzNSyDTEoIpGcx2xAM+A==
CHSDe5CgQfE=
cu920m/ym6o=
tbDkBHdb8ak=
zQ2xrNhYVWA=
FekFI5xIpaHNUabcAns7Fw==
eXLf9deGEtc=
bvN3NWtU3n4=
YRECXh96+o8=
GCDZBw4nlXY=
82/RrC+hKUHAZUG9hnzKfg==
UmoQ72hyk+mmGs2/48XqkQ==
X44qNgpehTs=
2LuhinrDuIg8N87NoUay/g==
OUepCDYJc3JzKJmfYG167Q==
lZVjX//DfK4=
QWKz+dpi8WZJm7ynraQ9ag==
mhksz1hlstvpdPe+CqWN1A==
GXUOD+bIzpWnXJ2tGBWoLA==
1TOOuJsY67M=
sAsJp/LZ0q63BgOrHrwClw==
D7cGZsP41SFYDkOUd21ojA==
sp+S6FP2v9U=
MZq7RCa3qskl6ex6KjmKWw==
4OJXmWX9pi8=
HplXIedNCW/vWHMzHvJOVw==
FJElt4GpQE4=
eFGc8WiFGTs=
zvVHJFj/ibH9v0wjkaUgAA==
i9G31eCw4K7Gi+azmK0PSA==
sPGF62BFmK8h4/eADqOswA==
PdlYH8i3Dy71cz8f6+AVBQ==
yE8o1oY7Bfg=
dSaEVQAG1lfuS/Pny4f1NQ==
/unNL7jl0D7q/cZb7bLSgw==
/unNL7jl0D7vxvfyF8CEew==
QlrW7pTaznZ1VBaEoDOuIA==
YGKjlnrN2YRyeHfrt1bRDA==
a1xbgqb7ylPyjRcmsxCW5w==
bM9pgHs4sg5FhRGAajXcig==
Z4M9dek8KcmNz2lb3j1qxw==
nz95jHUqPy8=
tDznwzny7uoF8cAr7/W6vQ==
8b7G3dFvFIfzLPRzMONi3w==
StDPxhudit0=
2i7qpskd4OE8MqAKWmgaSw==
aiKep2UwZtW4JRxUwty+pQ==
YcZk0Cz4Yp0=
Cp4Nzt8p0DQ=
DOBvSltmr6dy9yrgSbhj1Q==
glpMjkqvkbo=
CXRG/rlFrduCco5koZLOrQ==
guplcBXqUwDZUkIHIVFNcg==
E0VeEnk5IJpQBvgzL0mBPA==
IOp7Kr5M1HA=
aSuzNJRqLLg=
qzBz6vb45m7oEOhembtq1w==
GCz82tgJg99ChO+COQ36mg==
CFk/Yu6zV4TcECi7BhCymA==
/nsUMzudoS2X5eEHWeJuBA==
oqc2xq9B2iEFnD+Yy9jw0g==
hYOtH/EW/aESKbNfS1U7vg==
O14NPP2BJi0=
36bL+05omUYuZT5omkehBA==
UoQ/FJrYLz+b9DxkxCJ1ZA==
A/GqHXGFct34kXPKE93OEg==
kg/zWPyi0aF3dX4QCNQ8Mw==
YVaffglRJz8++b9sX6yT6Q==
ZFa5vhiPOUUOyZ9hylHTgg==
dwUL8vEBgvU=
IHYAr/a6zqLrLOtUiPMIHA==
Ga2G4OvbMDmSrg1NBFl1bw==
2rhgIvYJNFo=
dJaSlk5tQNU=
5Lptncgwlsc=
1nIS56jTAyuuFK5T6E2mKw==
Wq5u7phztpo=
dF1pMJEWxv8=
ZodjGRx5oD0=
tRvcaPSzU8s=
UQNlUr3sWFHCFsWK3GwDLg==
6MkN+G91kkeh9ABz3VyRMg==
UkS5QReOjFI=
QbryDqFz5f8=
HqPsCNTtxbwXHe0CXUI8sA==
ap1fEKy+NMU=
lWjRddVRq5I=
zYRal1pgy0I=
OvTUlugb/krkcAOD9MFq+A==
Y816sq1XcorlVqaffixxRQ==
pGOr4495/6U=
+3THOadYegI=
4oIpzC4lBDE=
8nYS/7JZeIayHHXOj/+iFA==
EG83iJdO0HY=
CXJEAQpZVGg=
TQ+YucxbRuE=
z2fnhohFeAE=
5d2NTJrrxQpHa98I0/bYJg==
69Gsu032MYhNFwG2+M/l3Q==
oue1wPMi0gw=
Ek6gv1MniHo5R8qPKH5meQ==
qSMdkmcx4WgZqpglUQPT5w==
UZbx3QjyD4ezdLjK7zzzDw==
rGMEy1Vo6eQ=
xTE1MJbGTcM=
+lzkzAk6uPw7KfJmHuSrFw==
mtXZL38JEX0=
Rk5Xz3h0iH0=
pw3VOrZYmek=
Ue+nII3dG+M=
PPibiTSrHiM=
NEeJkov9sNg=
c2tP8eUQ8f8=
x09PHwUtk2Y0q4oPFMAWGQ==
ACzOyzb6XtI=
t5M5NT32SSE=
S4CxnJtPMTk=
2I+q4bWb8UaHttweD6KzCQ==
ULL+GHxK75c=
fYcsEuCWouJTraiuHiNvPw==
4Acig/JNWp0=
UdhFOS5vq6M=
HUsh3Pclxcs=
Ca1+qgiXB+k=
Jwzdyw+H+T8=
nny8BAQWfr8EoT36T9MMxw==
mJ+O7zosvUm4cXS+gAi84Q==
mJ+O7zosvUm4cXS+gAi84Q==
nny8BAQWfr8EoT36T9MMxw==
LVFeu4I8bG8=
ELKbgG+p9qA=
TpNPkRnwers=
xYvJCVEnJ/k=
PR+dceSlM9M=
I3RU6ayFH5c=
8lixiUobopk=
zlfdBnsIstOX1pd0onyGtQ==
VxSZzaKGGFI=
V8n8Gb3Rh+SWOWj8pL8knw==
PuOBW86s+TtAe9Zu9BLA9A==
7D86OmK6SBU=
WsGPdo/TTx/P0NwTTvSgWw==
tt8FoZgjOZCzx0WNffPxnQ==
Q6nuvujHfH9sTWTrt0v36A==
oHHUgbs8viP3Nnogvnounw==
/1tBoZphAOg=
HY97JoY7U4Y=
VS1xM7m1iAU=
IJIKTn1brXE=
GS3xgl+xuEc=
dl7uONqpVfDG4pAMwy01lA==
XqpyMFdEgvY=
A2snVTchD5o=
LFk/u20Mh2s=
ObJJDS/rapbtKuGQ7zfIaw==
P7Q6SYTjMcs=
MmbxGkKYuwTaM4r4HP6D0g==
TzRHT02ZnFk=
B+xX7A5Dumo=
wVl4yrdHoz8/h/7p+3rCbA==
kdzmLPx96yg=
ZBMWvMfqq7U=
JOUdhm0Zb7zQ/1F5L8t5MA==
kb/gW35OPc0=
0q0oUkCDZuM=
ztcoE0L0+mU=
hMEHliFD2L8=
k+O9TmyDfNw=
mJJ8FtlXAC3jatKWeXFaSA==
QqdlIJsEb5Q=
qHbt8wEgQf4hsKFmWTsIMg==
f3qIa/hO2FI=
cKnliJLpWhA=
B9S7EzasuXw=
IOLI8ATs3Uw=
F8vhT9Imm3I=
lYkfbhZ4riA=
nCUha+zoH00=
hkYMXPeOGvMIv0WchrFaSg==
VnXXuJN/UJw=
gr0FpCsRJmY=
1HP4r+OPDnM=
uW91GdgCIDg=
NtIM9IyiRoA=
ZmS5ppJfnhT/7cFpwd0O5Q==
eRRNjkA26Y0=
78GRZg3KmsY=
dwYrmkUjnog=
IrJDZrmCgvU=
sgqpDyIm16XK9gKrdEJSXA==
SJHcjHO5G60=
j6bcbEqXf0Q=
wX86NXlQSnE=
Y6qOBtNM6QGq3VLOurfjEg==
DT3JH+kclnQ=
2C+Gf01MuE0=
c0Ear+Rnb9c=
VwQ8h0DV8E0=
s5FI2IICvTs=
kix8M76KBQg=
Qm2hKpEhkhs=
VcX95aDXnRU=
osYAof9OB6mIZ+EyrV4Qhg==
aMJSn2Nr32g=
34o9KcgrWjg4OOGbi9f/7A==
SBGMrks1ykU=
PGOAZPvBIXg=
PRxo7QrXuAU=
i//KNG9bHE0=
QyiIeW/l+EAgcYRiWod45g==
9ZhaahZcypg=
UncK2NpPSqc=
gpSQt3fkdgA=
H0UvpJA455g=
pvwnLIf+B9U=
MA2vaYku8no=
H/fn5IhSe8I=
awm63NFsrXQ=
WCPHD65hVdMGb3Ge1XTIgQ==
eXVoii8s1T0=
kTGnPYPXBUOOzECtd718og==
PT2d+oPmxrs=
gyiIG242wtHekAPKV1wtGg==
4izN6lKkebfxqU6oQxnuGA==
7ElzWJkoO5U=
VQ0QjI6j1pOR4tnC2maLig==
t9ZtJvyBBAU=
fSbII3KtcsU=
1uX5/Nferwo=
N5BFCTurMOh4xMd6tcmcEQ==
fhKf0Atz8gA=
ervSXTeaNr8=
3/p1hzPP4m+NP47boVhfDw==
oz8jB+Go838=
35cPGHq7ka8=
WnwQ4SDTWWU=
lrid1GOl32o=
4oMPopUZ5SY=
65UP0XhAvas=
C68EzMHHOCE=
ajfkw3k+zt8=
ZW7G2d5KlmxfJhyMHYl3IA==
yxPGFT3DYvA=
60Na9Y673ho=
sguBx1zXTJs=
rDZFIliHL/c=
YsE6F5El/pWKf+KAwK/wdw==
bslHDTe6RjA=
89ahcgsxNykiZKEvgH23Ig==
qeV6n8JnplAYKQYidA1uog==
Ds2F66Lk9XqnqBFo/z56hw==
Diey4xLWxEg=
64blO0A4b2U=
2EKGDAtCGnY=
K/oppCH+d1s=
g4b0zc9cTyY=
yXj0BnDA7Q8=
ck74Ef4cOS0=
JzBJxhMHO1U=
qsj/iNEUXdM=
/6SOs+z8Mxg=
84U87O21zcg=
VHOD99dJNmo=
uz81aQ+XM7U=
gI6a/3Jmaro=
6Qn43PV1d5I=
gofT7DcwTyg=
3aa5o4SrFYM=
06RGjDTLUysiJWSbDS1PRg==
mWVFBwzjIwY=
m2PK9tbjkK4=
gfLcUGRR1x0=
9bHsZYS0f/0k3jf6tZwGYA==
H/PQvc9jN4E=
1r3OtWGeNbY=
/rmQ9A0D/ys=
D5gKSAjomic=
jkWmO8fjQaQ=
pXX0MLH6ci0vWNZOBJqJYA==
chSyBj8mFQw=
Yscn4h3zKYc=
UJ5qnKHW62oCdKpZsvW/Og==
YMkKUhc6t/M=
b8GKA1H4BjK9nJFQLdbExw==
+mJd285srS7eKIIe7jAgtg==
x/GNXMcLZTg=
yuXucfS+GXA=
e6aVHpkrgKY=
zc/R1ImeYW7qqjIgxiR+AQ==
zb5fMAZNNtg=
mINYZpYgCTY=
vSt8u5bGwMdKTFxEnI8rNA==
eiRG/mjoeB8=
llLeWJOpSZE=
cR/9Px/a0LI=
xre9HkgnYlo=
3qiEe5XuSFg=
xyGyGPqrQS4=
pomwEvhq7s0=
agvcBAeA7F0=
8ZJZZh6e674=
odTM1Bd0hFo=
HKdZLyJSkM0=
bdy+vJua91c=
K00XKG3qdmE=
jwMwNhv0toI=
p9xCRLIbOEg=
LZ6LXclYLrU=
2n0iRQexxRQ=
pD9bUP8ls5E=
1DkwLe+GVXI=
8CShReV91eac58rJrG4QNA==
t880dl2muKM=
fDJI6rib7/KzVyo/ldGJUg==
UwjFRUj/wqg=
x3rIVQqOoKk=
rda6kZ4bu2o=
ra2w0lyTfKY=
QrwIrHVaZHI=
lA7Y5Xn+Y4Q=
e/1RvNl8rzo=
sRJCLd6vm80=
HfjBy/RtPxM=
rI+jUY1xKkI=
VL1/UuYJ/XKfNm5QqnyewQ==
BXpVCOC+7WvVaW6bkKL+nw==
+hRnWTO2ewA=
qYUud19ZkHY=
32vFxSP/L4A=
acGn1gEtuwQHSNMuibI3Cw==
wQal0kXBfhltXxxdcEAn+g==
6amby11+2FU=
kfolJ7LUDBw=
TcsFp5sM3p0=
qeoAlo8bd+g=
gHFVyri0Zd8=
TAt11SGPbuI=
O4Bxwia7JIA=
zz7SsHzoMX8kgUgcHyXVdw==
CoO7Lx4nPfE=
8Dn6NFVXcAU=
7EnqzasPZSA=
0vw0qFI8w+7rs748e/6IZg==
7A//CIhrJ20=
HWd2EDlZVU0=
0sMaM4to43k=
PEGIt+311S4=
P0I4RzUoC0k=
p8IBcZ0iGKU=
MNVpdAldd3w=
h7DgwIh1CcY=
fVfYbXNnkNk=
5lzH4IhAnf4=
sOLj5Y7nPhc=
zvXm46GRbo0=
uYdMD6jpnxw=
OutpEBU3v5U=
9dDcgD9djDo=
o8NAO0+ifYs=
yDoT12g3GN0=
zqx3niQTQvE=
UyTErpCMXtbtuojoKjcGCw==
WPwq+pEf8Uc=
hqAqc865Ng0=
Qm42Lllgovw=
Jc7rG17/w6Q=
sooiAwg0NZSnV0FR4od+9A==
I1NENaLo+Zg=
kGO5p7777D4=
ffe5mBBO54M=
0Yg+oLGb/yykgKtSOcGprQ==
rrF388XYgzE=
Wme+dAxR064=
2qN4Z+DL040=
ozpymNyba8U=
/oIMt+GFwm0=
OPNzLT81aimsw8JETWe0Qw==
drFSSHtetoo=
SVtDLumSWX8=
NY8UcCq/RXY=
JFe/fGmn3oc=
y0/XRov5bA4=
snP0XwDYykU=
x+4wJDDGIgo=
GrIgMkPD/+c=
ld7K14IJXQU=
e3I/ZbRF/78=
DTvtHraN27o=
TKiuKdNTEQU=
JSwYC1iCw1E=
hwd2XW8w3XA=
8Px3XJksyyI=
7e2vDn6TKU0=
vfWtBwP4uwk=
t2VotgrZJog=
t/ujoiZYqL8=
igc6cBBgS/gpP5SMNdKywg==
xfs0+i8A9b8=
3pYFqOBc09HvuL67pVoJAg==
m1rOvzyVpG23ZEvCHG54mg==
bY2g6HPB9RcEHRFq7ygyDg==
BSLO2eMZqPg=
UwuxWIlzYrs=
gdCe/K7AtmY=
CSdpB8bE4Is=
4CRZ7YiHQCA=
R5xNxntsmVPl8mIPIJBtmg==
RJuERhPTK9QE5LkAgOg6BA==
RJuERhPTK9R2N/ytHG0FMg==
CUEPTizX9Te7wLIMsAQSSw==
P022il2prOhhEMLXirD3LQ==
P022il2prOjDRsJwBwrtiw==
cvmvVSLA9XVMvpkQiAee0g==
+nMF68aHHVoFjYilXAoupw==
LKTLHZrQ4gOev96JZk9y0w==
hT/fPxMue8JR/XkrUAQDJw==
Iv23nQUaJ/sVQ13n+3ECGA==
e050TKHQei8Ko1xa5X9UfA==
mD+XzoHogjS2vQVKElfEow==
t5wyJJarwj0DYDy6ssnlVA==
Udfd3lWwhNQ=
D5MsaERmO9E=
cVrXMgfVZunvNs+m/T7V4w==
LHNcemmAH62w4MNfrv4aWA==
aRX7BRTjcU4=
0UbM107iOCI=
A4Ms+q4pv20=
EHzLRzPR9Yo=
0UuHM0CILsO3r0BHmFu9/g==
/9ItOvFz9zA=
FtvCwlq0dFRDiIKbG+jD/A==
ywYtrgOMuVssHkCZYmVnYA==
ywYtrgOMuVuDIPCv+v55Xg==
ywYtrgOMuVuIDHLZEbgLNA==
omX1LN7sWnA=
/X52/rtRUq6ewq5ZY3W5dA==
/X52/rtRUq7iYohwNXd3Og==
BkA3B0ctciI=
wafMasfSwFYvbAifup0M3g==
ugYwa4ZT8pY=
sPjH3zj3mN7el5w/IIE5kg==
lUiM65oi8gQ=
F7I5xDuIhTFbqUoPUgVr6A==
ZRYOTLtHT3s=
5tmGsvfEtDU/8jfZachX2w==
h0UPTZCNYDOaY4pDN63pmw==
up+66rd0dSf054TUvML7zA==
TpUZoYPzErsLjhfHp/R/3A==
OZf1p+4yKtA=
44qc0l3kyshskJHG0IMP4Q==
9HyYmcB6h+XHee5Lyxow3g==
eZ2jyoRI3Wap5su4J20plA==
hAhXxJT400VhMSWYS5AffQ==
7QRtql16Cds=
1IrJtyoY2BI=
djiFwmp5jejQKWQzesHSCA==
/aY/sP5iLBzcgMmEEYaEGg==
GUbAd45VLwY=
//K97k4ZKNg=
RNDF3nQSDIE=
11gI3P7bdHQ=
BTw522OhFpKpvygE5zJSrA==
P+fFqIRHnOwo7Kn6mkg+Vg==
TAnJdhHZe8KWV0Qb8fRdaQ==
FH7hraAnnU5O0VhQT7t9nA==
SC0AWeHew4g=
ZMbQSCUPUJXnpqyxp89N5g==
NTg0XNBOUzY=
NfE9B2YIW4s=
+aSRTosip0w=
7CgC9jpQb6Q=
T25l07Ix4n4=
OTHi9cDHh6ec7sjQPbnBHA==
o04nKTP5IYM+2rYF7eaHIA==
+jO0hyedmXn9NrlQxUh1SA==
K55+l3Y19GY=
eprBFZ8D1DY=
Gb+a0QQvwBA=
TubOFftUK8LOb8HTMB7Gcg==
srzn7BNXkV8ANZs1qtxJEw==
kwcv1xQuDfY=
RGkkEf92ZR0wvnmC689L4Q==
oRIPps9BArU=
/wmLbBMnX11vFM0jJpdSvg==
/wmLbBMnX10Kq43zrjin7g==
LVEbGy2W4OMK49EkO7fQhw==
y89PJJpZtCY=
C7Uj8NiU/SlW3xd3oVVF9w==
LfuBCf3KqgQcfpoP+0GYOw==
G27UDFNgLOpqLX0OFg6tng==
26m5gbCcIGGndApxS1aYvA==
84wo1tRqWp8=
wkQjiwzMvuif7tQ+H2N9mQ==
T6QIhAt4S+QQnCaJZOaP2g==
486mmGG9s6mDl6b3CeFlrA==
SKRDdgA1xI0=
+/3EB9YcED94XnT48vn1fw==
uqMeN+A7Qto=
tyi+LTc5Tqo=
8cNb29aH5fI=
twEBb2rm6f8fkYu/uh7qpA==
aWRH4fkzNyIU+CApRzGqrA==
gNDl7J+aIkU=
HBvu6lKW2AY=
xBO/el9dI1S1c/LuRc+X/Q==
Wwy7Iw2FJu0s6kAiZU9blw==
N59AItm8eaI=
RKjmfs6rx/I=
A2kOvvAMxBxjkG4mQf/rjg==
A2kOvvAMxByVYALfd6AWXA==
lwxojLYzmNa/8d1sCQeX+Q==
+tNjsJUr9ij4stgt7KwGwA==
78Chn9XBJgI=
K3XHSodtsrM=
mqLHI8sJ4sRCE7obp2aigg==
CqATUxoVrRs=
MdIv9Ql7L80=
NtlEsEpOeNLXQAMCu7eFhw==
3P/qJZKGRGk=
3SNyuGdHxoRb/AtoaT6HxQ==
T1JOK0VRTqs=
NkaKcY8g2XU=
MCWBgPywVJc=
YacWVdsMT2L7XygYr5RBiA==
cVtNG/sW35kZ4VBcSQ64Ow==
456eJTJQhmcvkbNlqFqZ6g==
tILeHgi3grA=
tALIxhYdeiI=
Y7MPzQYLp5FlnDSBrPvpBQ==
Y7MPzQYLp5F7OBq9zMXiTA==
K4UCuPWTywndKLt+kpGjcA==
UfLKTr9X9IA=
3aopB4vwtRk=
D4mLjvL/zoQ=
EQJRXFL69XQ=
EKGTovVJgDk=
9AhNHcQScTe7KSydaabyww==
r+9eyeD3pAc=
GsboGx8GxFw=
nFZrVeYI054=
9TtQvqG/baL0eWf8GvFrpQ==
zRbtfDYXYzE=
xzAFUxz7yIM=
sQRV+jsTNZpK5z6yghWPCw==
sQRV+jsTNZov6x4gYbT7ww==
PxGSvAw7QODzj3G+mGg4Lw==
xyUHk3glaUr6AfvXpd+NLA==
mDOZYmO13rTAk5LGFABKDQ==
SOcRl2/H658=
NheQ9BpKSbs=
BUQ9f7eUr/sTy9zx5ZwTvw==
v/iKLWiJdjs=
HeSj2/w5SII=
FS6YCbKe9UAnmvB1SjWWYg==
n/t/sr+UYiG3iyMU9q/8EQ==
Qd3it553Ato=
7DoyLNHn7zY=
3cMq6pGp9HN1MwdsLDYNeg==
uRPqA7V50A8=
rbBd9ubH2Zw=
M/tf4qK64VU=
ZzZtNpc5gA4=
jnFyzJV8Dng=
v+p1q2VmFCoODGdgXd8nBA==
xcuWgRe6p7BAoYDcifFc4A==
Ht7clf8H8lM=
hfi/k/WCau8=
UbhsKhegbA8umj2+gN+VCg==
8caQqrLcRME=
jO2Ix44N+e6Y9rtonVJLkg==
6imN4vwuBuahTzBbPBZbQw==
HCHccfxyEUX3TWpfVWW2YA==
GjgRZ9cVoKAoQQg80XC7MA==
jFOoOVoKxcE=
cOjFAQQ+W8M=
6yMGSlxocTYOJJ0ML9VE4w==
sd9gX1I05K0=
w5iIFvKUzYs=
uuBK6JbhNxk=
phYENMG+ixc=
Qaly+fskWEg=
LVNzqVfq97RRqVRhLALdHA==
FHSCBd/9YbimC6PzJNNp+A==
Ioq4sZgTFho=
xCYYDHQayA8uWRmu4MtA/A==
ssOUA9yz0FfFeZyfOyhtfg==
uEI+RXS0wkJwJFvIr+UtJQ==
85/ieTKrwfM=
R1qnbUzYpRs=
0D1EUQerfT0=
qxpBNBvAc1Y=
wzS9rP/N9C4=
7MDEmEC+QWI=
NR6eZPxpS1Bw940hFrgr6g==
/SlKD+ktM8mcXZLL/RSZ0w==
K6XbCq3jZUB3AyfNEmgD2A==
UnVAhC7n6UI=
FfJm9BIsfF0=
1H8sMgVb/XU=
r5/80T/cEyEDNQK80XW8PQ==
v/rll52uFQI=
3UWx8nsIR38=
ac26kSEhXJQ=
jgkTM1/akL8=
TVtVXN+uBQEPE7modtUhBQ==
zhCPNgR4+wQ=
KWA65uTbuxw=
bVUMppwaP5w=
q0Ib7Lly1KSogzxquYBoiw==
clWVaVDCjS91rN3C/zv8cA==
53Hk7UvT27w=
gNbEyogMm2iFJU9b5Jw9Dg==
64aP2lwrGDnZ7yqWZA7diQ==
cgal5wLKQv2+FTjJKYtDVQ==
qQ4YDcK3R8yfR36lB5E6zA==
EV30p64KPWvCVhxS58N6bQ==
8C2f8hFHbHpFsslIBDUL4Q==
RIAL+TLx6LE=
ARsLCvOUYtI=
OdtFGVcfT4o=
hPKMmCULQYA=
+CN+m/iqBBs=
lLJpR27MNcM=
qkCekFSB3EY=
NSFBCyVu8jhCSd8cWE1O0w==
fg3t06i0mXg=
EIohwHONDWaxO83azgIvyw==
kjzFndTVYHE=
piDXTlp10nU=
55bd2ZR5eIc=
HPVKVVbepOvwMb77qgEkFA==
vx0ZA9YpdyPnXydl/aFKcw==
TnKb3QOHN70=
LjsORaOZUWL5q3FIrsqcUg==
3YnZweySrWY=
zXBrz/KADS4=
nl7HtGOw25A=
SyvH0NEwthc=
FUaMrGvEvVk=
+8hd5OQjjpA=
afzkmtlVKemCLyKBn/JE1w==
mDVufzqDn7A=
trPYoDNDKDIy//12x70DVg==
WP35owODm3fYbiND9/WNOg==
hzCNb2V8he8=
T/pRKIZ7JfOyYd4UI8IzkA==
8fOxEB2oSBI=
MmUHfU5WFqA=
6WtvuE9crXw=
u//9P6sqpbMbC91FqRIXcQ==
93MpA9oKJUOIInsI66sPdQ==
kXQIJM90C44=
Ea/3jjaDMkPq0NoVHwM6ew==
fSTXJXTIm/E=
bG9c/AoW38w=
s0V6uD5ZcWE=
Q0mRNKuu2PA=
5cCU+yXv2fk=
Iqp4xTU0i2xWGb/R5UxT5g==
HSY5bKulues=
4uBDHXflY6Y=
dT23gzIWjG4=
Q6TLeqRAEBw=
sGD69TQrqSs=
o82I+JF9xnJr1isP6zuzuw==
cTUlpJQN47Q=
X7zNay8nTLU=
wMxRVOl0Gvk=
ZM7Y5mFbjO4=
vDOBV9vr1eiRSU4C17ZHHw==
KOoAA3yRDjw=
/eWHCyQJJpmV0PNjUgSWGA==
0jX8bi91NSg=
V077zooU2f51SQm+ixRnGQ==
YJD3aODXdXc=
hcwaHR4ckHhxs35nN2xl8Q==
fep2OAZ6jYT/e9QP8CAhiw==
Pfx6kxnTzaA=
V5b9Bi3yV3k=
26ob0l9w5zE=
p5yd954LAYYkO3/SjASlTQ==
IylSKppOuI4=
tRi2MiogrzqJ/bXqSRWQxg==
SoQgJiZDpKQ=
cnY7IisCpKY=
7Nn7bwFXbhU=
sopCvQq/a78=
JO2fr65kszI=
ZPHrlTmAI8Q=
6+gZtaYSdQnBC0KrF/u6+g==
ylfaCCFsgchMukalCe8uPQ==
Mq75BNnxd1fgfZawCPVoEA==
LVrmtNPCqpY=
Py1mAD9W8WUIssWAHgS2MQ==
vrWWpS/RBZI=
LQKRzH/fBkH4Ygvln8SCHg==
f+/mjGMNvv5LNDGXy/Xubg==
1Q2jDEU+8t4=
aA81WwCc99I=
oQYnNZZ/twA=
mVJlMQUy0Ik=
qYVd9yamRa4=
KL3zWBz5VCM=
KeeES96+ZkJd6Jmg8DLK8w==
j9+2ttTfCfQ=
oLP+ZbW5S1U=
cSsQK0sxXqEz4zOyXpBAzg==
y0i0bAuS4Qs=
Gm5uHS7GUJo3ldxHWOsinQ==
BG9sWk61aFtbDoCjcmtIGQ==
BG9sWk61aFvpuscj9N6YLg==
CPyahP9yc22yuRVmRXupoQ==
6+pIG02skctrvnkeO6jALg==
Kopg6TXz8FLWVe8iLOf+Tg==
6AJ6yYNcwOg=
Q8Mvl80f2VM=
Gv0APmgksp0hQhT5hN0ZuA==
aquJaQ3ZOH8=
dpUAhIgSPfFCo3+AZldlgw==
FfeRZ5nRg84=
7b7Fv9kL9LdXSjvArKZp+w==
5OquNDyZPLc=
frLuqzs1ork=
nO/xskk3vZw=
IvCObzctAWg=
u9wT/oB4hRA=
SAZkc7/3/m469sAMx4f/kg==
sB8kUMitxL5aCE/UUcufqg==
khRBgA/+AoI6zfTAyZcIEw==
Wlg0YHvlC1iyX+OXLGO+nA==
u/4z7B1L6iE=
R0BgL2ISIAs=
R9OISfLrMXQ=
QlAoRohegYP2Zm4ijx0qrA==
kxRxocejFIRukj4H2y5BKw==
+94YRy7BuX0=
f2xZJOACHPg=
SiiGS36TUek=
p4L/YRk7x3Y=
PoKjidGyL7JOqOx09cucxg==
PoKjidGyL7Lj/cuzutXqYA==
RRLyjOGbXdOW9xHEFmUDpg==
cpPyZAsBI//4tA5YsOTJ0A==
L5322vcSuo8=
OLeM3PSIMw4=
PQxK97RWqjdAtTp9MVrBsA==
BQJGiZisTqw=
g+IlX5+OGrA=
kQfaLAN6L8A=
ZsVY4soA67hrynbOZwwbbg==
u20CrL/WjiI=
nOybF0mCOMJOQ0P2K+hVdg==
FJD7I0iFm2s=
de1bHlNyv0Bj6/3JfTINxg==
sU7vmGJ0lQX3gnAwiPBP3A==
YflT5OkWsoQ=
CmDtC1ibZ1o=
QHzd8qHmoKQ=
fHBb+UR9zEI=
3RWu9P/H3I0=
dewpSQX49cI=
TB7Nef9VEpo=
UHyAESfzHcM=
QmXVFeNaSR8=
rYoA4c7bUY4=
xSyuGg6fDU8GoI9IsJvN/A==
4go75QbLtOI=
mASAndOsOkHgfFdy7FLzZw==
nnnAOxv0cGk=
8GIqYHnxMjw=
bwX6dTzB7vQ=
r2lL+57gIpM=
+AzNFOZhq1bCLLrdnF+4fg==
xAQ7CgoeVOw=
GHELh2/QzBo=
42xGfZnX1SE=
KNwU5qsa15g=
Ew+g2MLtYs4=
ZooajEaCpI8=
5UCabG1QJWzzoU0v2ZSg3A==
GJWKljLvEgE=
xPa2GeBMNeY=
fH8qSTpfEe4=
qPvMo1dfj2I=
888mVDL0BTU=
9f3AneMXQuE=
u/8Rb/T4/f4=
5dfJ5+16CGg=
CziqNwr3rDo=
PjSSZ/4ydk3uUnqWP6f/HA==
lkt1ozBYlBc9s9e36zQv8w==
f73YI4jXaYc=
/kBhOWniha0=
aphnmsSwoB+meyj3p/4mjg==
93sIwFbg53o=
+ED4GDGW4sY=
a3lixFIh9dM=
9NORtFSSO1Y=
sL1IrPNHWOA=
8bwQ2eIogGg=
0dYZ3OBsxvw=
sMwSKPY7l6koMRCpYd5iIg==
uTBsiCoLV+2I7eDZLvX5Eg==
iqY4ZGtRdJA=
PO2pNT+KB4Q=
BhXViCsR7wI=
vXgwjlXu64w=
FpXC16Ac3H0=
3GPoVAf/WGY=
+pivhraW+1o=
mxDKLGjpqN4=
MB9ALJs3AcU=
ACAwE2bt3bQ=
bNljbyXAmFE=
KFe/4tpJDhY=
u/E7BMXScfs=
L31cwRC9AD0=
/j1FEa7RGuo=
LulO5UFMroM=
5Wweh6GbrpY=
jAXMO4L8Yz4=
JFftQVogNHc=
jKwq4sKsvrKTULKKNd9Q8w==
ffh5EskjGHbSokP2ASNlhg==
c4riDKe+W5dh9X2wD/YJXg==
Jjhm2YxQaQg=
ipxr71EbNEcMqEIDF8kg7Q==
C9n0WCueMzUbvBrh8+8ZbQ==
VKUd2cFp5gs=
VH/clZY+Gfg=
CKtP6yIrMdo=
ewH2oEKWUq8=
XoF7MV59vXA=
xGXue8CbsnBB/euqmbwpmQ==
MgYjiECLy0s=
J4b7mjI5m6A=
fXUrsTL2qCg=
MsGpyUF/01M=
psnBQ95DsiM=
mm+wRPJNt/w=
CsYldWTrpgc=
rGxOfA1rZ4hxtWXcvYmtmQ==
rGxOfA1rZ4iFRhg1c79RDg==
eyk3IzR7f85Il4cAsspgNA==
JwUIFVD9as8=
3uIZBuT024w=
VBqfB46CYeY=
H5ZWYzIyrpKGKAvsOnD/pQ==
Ym26/HhkLBn3QFfBCXWAyw==
V25ZM7G4LmcOUS8hYAcbfQ==
qAnoGeK9Ea4gMbJXBCoaXQ==
k/9gF5DhHL4=
NlTUZh9GmObQb3udMDGgxQ==
yokVmel+EyU=
kTNRqVQJirg=
6L2LDcJwF3k=
kS0EiphhSTE=
dVXb2n80xuw=
U0w7YHkj/xI=
TzE+rw5P2WA=
t50d998ZaQY=
uEBkRPUmZNI=
qTC3M99v2doOgrv3nNFfzA==
VzSZvl7z75NTJnCkk1u8Zw==
wyabP5lsx/o=
OKIrOSOvdYk=
3UkGHD0Xyqk=
MBbL70IjcXs=
VGMiknb5m7s=
RXh5+MZqdao=
gxlqUhxCZsU=
xmm+MtV0qXk=
J0o9XjshuHk=
OOWN3lIrsuQk7p4BFkAblA==
OgOwgIQmTmc=
mkLPPdH+e/4=
qA8+Ilu3wyTfUqgKnvn7Iw==
MPivtK+e8+I=
UiqUOc4Ekck=
KGZ8taYBZHA=
EpDt19qti0w=
M8TWdMJe6lY=
JDkAAY/SIK0=
LeAK9XqI41A=
m3A7YjFRINg=
p01AlQ2W8fBotJbe2mNJtQ==
MrhSzeDxaRE=
DALpt5xX44U2vzWftNRH8w==
2Y+qkfTEVAE=
zmifDVosk+U=
PFdIu2ewjDI=
hTi1qUDtJgk=
8W1f03dw06Y=
Y3fwV5GVh1Q=
MwhF8tQ6Goc=
qQq2KoLJkn4=
gDvnoAd77Zo=
h9gaiYjeDYs=
PQ2C3W85Qas=
BwpjAzk9z6U=
cevnvQQ14CI=
FBzIVlz1v/pMAlXNmZyr8g==
9MJGxLTUiX5D/tjmKCoqzg==
Wj8sA2nWBDY=
2W0UtXxH+3DjbH8A0WrW7w==
T0efagXk3gk=
K+HbXmOwSAI=
DnF9u72zMZgNKEic48f8mg==
tPRFFby/Psc=
9TZUSQjFXXPGAlm/6DBDSQ==
LuTzw0KfU2c=
HqbM3eT5KeM=
1jR2VSMaZWu/IO6eT1R5fQ==
iLHUW64YAxo=
PutMwdBoLdY=
MIyEdljORkgtdrc2iTiZEA==
M+nQE/y/2/w=
JVOEDw83qFU=
7v65zqRygN0=
8d0PuEtP81Y=
73038leAs18=
Ug/HZnmxWWY=
0unJUuhmBtY=
E8ZKmGXaPB0=
4doc610+sP2OiRMBelcKrg==
q+gV+rtcHwI=
RqKkrZ1PmQA=
LuvktVCmIBc=
eGhi+79csefQVRlstcie+g==
Ak+Lmce62YgteFC3meuxzw==
8H0O5HMM7/VWYcmYEZxXhw==
VrNLTep447E=
88iytCQZZhA=
QMSxFKBEkCJwew4enujcwQ==
7Mz2Os3Yzqy0lGmFEAS5hQ==
7Mz2Os3YzqzX/Gc0o4N06uBwyjqZDplU
GbzaXg0KnqBD5xiScNZGBQ==
mkBSCjptm2IBKYJUQ8/iPQ==
TdbAlCVttOMNAxIWNMLt0A==
Qb4dS2lUArx4/u7T5fWSHA==
rnkvbTysaj0=
nQwZSnmxth6BD4AOXT2UVQ==
qRpYPb6YsmW64NTfbYAGKg==
hUWV6Y934mZf2V23rgwGEw==
U01byv79JspFPB0l9yKOcw==
U01byv79JspiwV3tx+Qy8Q==
IRrI+L/QfS3VcZ2yGLVbcA==
7mKZOU6/S1H9JmgDqdercA==
cud9WQOTydJ85mykiWWg4Q==
HOrTK//9sIw=
cLLneD5UuXSQhlR+J2Jm2g==
y6CrVXN0CcfZOK30IYawwA==
JWouvn6Qi9nKDUxiKwY1Xg==
SLF5EQSL7WmdPZBgw4g6UQ==
2T70iExMSlRrqqpr8QJqUw==
C6aolkgu0DQ=
kxRPf5stM82MdoHj5qGxcQ==
dsbxaYatXXrkWIdh2rY2Wg==
dj+dWXNu2YfOdy1YRe8j6Q==
U9MNJYDowx0=
1VVjECpUESQOuS4S0yocKw==
0li6QliKJTnJ74u/rZh7ysIJyqp5QTro
eYuibvLvSAo=
K1rHM174vOE=
5hn8TO1rQQ8=
PpdMj0Kfa+A=
RA4cfyVJZCI=
mDhjjzFHEv0=
cszL2tGy3ELm0SD7riOnJg==
iLUcfhSEOUQ=
ui1yUn4MeLHHnHO0yq4NdA==
ByVyfoSFe/I=
/LkBwB3tyNQ=
DYFbUdmJ1+4=
iOK/EXf/ngk=
bu5H/eexlizJJJiDRyiSyA==
v4Oz2N1jEpE=
JCj7Abf3bxlqtk0XEanM/Q==
cxAXgQnxsjumgdcIE1cMXw==
FFkLru+teJNsmBWFo59WdA==
D5F2fm0wMKGFUfHqfNN19g==
KY0/IMLIoreoDfkTVJQaGw==
ppgQEzlbLGdC/z9AQF7O6g==
tcbfRS+pkP5n39/Xllp4VA==
dy9u8f4g7semRBG/QeNDxg==
gt6JaBL+WjyvBIYcVllkJA==
zZQzyyIK2JZzh20LQlK/7w==
sDiP8oYPbHQ=
zI9/q5i2B5M=
znfPZdR5w3c=
2rU0ShjSeChn3GSR+0clLg==
+alqjvg/MkkyYw56VuZdCg==
ucgom1G0+7M=
lZUwO4cnrWo=
FIHQ/nGtjsM=
lb46zh9nGjE=
f5e+DAvW2mI=
EF3CST5oxBs=
mIJazEDMhTF25YnBpsXTUw==
MIjh11yzt2A=
iLqI7i3Crpg=
FSFRGIPTSmw=
UrmtolUMopJ9D+50ht3VlQ==
X08VT+7UPJs=
w/jXqU8vobc3zILion8fDA==
Svf/UK5mYvw=
+sbVUKE86Nw=
4t485neIPE4=
2CRH5QTS34c=
tjI2MtO+x06jq/p6mU8PSQ==
p9BKkp48VgY=
oqs0v45DPME=
Z5M+I7K8PD0VZxrWfTxh2Q==
HD79+UmejVE=
2OSqjTbCQvk=
Fyrp4FLgjjE=
LgPAxl8n+mc=
V0hIZ161/fE=
MFdla2pLRrY=
Fdrm2UxgPNc=
Rb7kIm1DfDk=
Q/x5dibyut0=
mJAreFruAEA=
PDHCMIbv0Os=
UbMoWGqbT+4=
jJCGizHT4wB+aayUl5RW6Q==
syKodaxAsCc=
9RsEKzKNaNw=
+LHlksfL4vA=
mkVLkAfD2kAQQ5NxBDZBUA==
mkVLkAfD2kCWpuC6dN4oWw==
op2PvlUwLVSP2SSeXZ3zHA==
ZtERava9UU4=
wBdbdHrTOdk=
A5WXmB24F3M=
+sZYY/3WFfE=
5E0KrWkdO3Y=
I8xsOt+evNA=
IXWQzV8srD4=
46iepWNe/As=
QDeBRj7qbjA=
xTwAyf5z4K59EqD9a/Wqsg==
IcdW3UbfLgU=
BWtw4f0uidU=
B0NYhMR9FUw=
ijCguQJ3lM0=
GoRts7puXU4=
u+MjrWUDCrM=
gooOnNNdue8cPGfaffP6bw==
0v5lg6fQdUY=
bxlPaiWcMdQ=
7m8QDCo0mDc=
g8VxtH7XNbw=
k30BYk2IVs1vF933x2t+8g==
XnIisDD1sLU=
qoXhEvFZIA0=
cXHltzgkRxo=
iHL10qallyE=
kqUCsKvq3Tk=
ypZBXr48pX8=
LPdAOTdtAW4qnjBafnHr1w==
UCMvy2PkNiA=
SCyWx51PhTc=
WTrjX8B9mXc=
nRS0v62r8qA=
TGWElx8n0d8=
4PolQ/8yblE=
n0ey2n+4MbQ=
okfuho1dT4w=
0gWKf2rCvoY=
Ujsaat7Gp6w=
gjtgOwY+5VuMbPA79KHEKw==
Utd8Q9sbU24=
kSVWB3HSR5k=
qvMrLXrh51M=
qh3MFgDUu1g=
uXFsUPO+0sY=
p/fQvaG9yG0=
I+7RoWiTiX5hQBxCbRJ0YA==
TJaR9XJq+AE=
/AuEyoDwS59lDXmfUUgTJA==
mXtav29A7u0=
5HdV82b39Mk=
BqBKiYN5EaGX1Fv2eIhZbg==
FOES6H6JDhA=
tvQplK8B1nw=
fOXxMXCfI9FUZXaw7vlpoQ==
p4QfohNJCU8+Arq+SSIvrg==
DunTdrH8R4EhHZ32czPvJA==
bxnF5kyXzGwv3uVYQPkU2w==
Epvwl3StlCw=
X9HL1kMrgG0Xm2nG2Lkslg==
D3Cmtf57QZ8LOWKPAbP4Ug==
boopwhrcHWGHKwcne5LGZg==
r64iDwndJxhvTFkpyvfepQ==
aUxFRdLge2CLeY6Rqo1obg==
CN/86YrNBZSWvdon3eq6Fw==
CN/86YrNBZTOmZW+PvReBQ==
6Mx7iePNN2w=
17wcxNpLlp4=
B3PKSyRnU3Y=
Gtns6lSVSZE=
GXKMqKWeCdQ=
f0Zyi9VE8oc=
eVUc9KMhn+4=
8flSm2mhxcE=
d/vKKrPe1rEhWLl3z/pB9Q==
I+hTb4jeb1g=
iKObHbpKFi2GYUl1X6OYaw==
c3AOP2x1ytk=
ckOvonEX4r0kWnqNNOkGUg==
ifAKSM6/ulw=
hdUaJSVmJS0=
QjbfxK0GFC8=
qbggCoYrC8U=
TsL8L98Tmrc=
ZyvVG7xl0TU=
Gl3X5t7dr9U=
ouMXcMi6hVg=
ENUc5l1hWPc=
oOpoDld9A5s=
UhVt/0fXNCDXZxnTiic8Dw==
CAsa+wyNmwQ=
7Jci7O8FyeRT+Lfzu/lFzQ==
BEWEUsxNMQQ=
NgQYwWqeADg=
RwETpKLfedtd92KbCk6Z3w==
GmM4cc8lltA=
sZkXKUYww1Q=
YLr/+qiiE3k=
Dx40u3KY3nU=
xSKG8ud08T4=
vmoLKo4FZxc=
OL9JuH9+IRg=
3b27TntQhRU=
TAMrM7+60vU=
6XhnCmEPH9M=
L0K5KG6Ze5s=
T2z0293sVF8=
q1jXaOF3pbVsQN9d3g1vTw==
jbYOWrwuOSnQ5cNseeaVNQ==
iu+YbxIeRnQ=
H1dplMNh4wU+Ic//YuXAVw==
qBUbn0asT0Sp0NGXSTEUdg==
IOPZTe3g3Rt9InHdu8I2Iw==
JMpY4t+0fOcFcomFhka9CA==
Wni3VhbRIV6IbYplXoe+mQ==
PciSGX1ZYPNilaqLon1UMw==
9Nj1waZsJXruFDHUxntX7w==
cCxH3SD+IwI4stI+g7D2yA==
GgkV/tSwyYwqeoNzI9Ms9A==
TARuQdg8raypLmaj/Y6jaw==
b9ca00NKAVCmo99tL+JUAw==
MN6t9vDwR60=
Bjt4NR4Ogd0=
FaIqr+qjfF4=
SZGk+zahwp1pMYnTHAkkhg==
WHKdTk/OCTc=
g+l/L7Sg4jY=
GA2aK0U57dI=
lZJg3E+vkME=
szxHDqpAclQ=
RQtXTitxVCs=
oE2vYBMjefE=
lt56Oz3f9k0=
OO8rQJ4y06s=
5fm/xIRvgzc=
v8DRKVvUAoE=
Jp2gkbHe30I=
oXw6BX1Sd74=
5AF+DZxNHD8=
Q9TrLqRiLxg=
94Zve0Y+m6ALrTRP+Vd5QA==
QYv0btSbW3o=
I/WXhtMGat0=
L5WRJYg/VTY=
sp9Q3U0xXz4=
gv6BurWGCdg=
RZFh0j5KpLc=
C8OM9u/oJew=
jrul3yXWgzs=
PCWQUZRCf+0=
rzrxzohbAyM=
sgOeyrOEOobhnGeGSFoevg==
mdRi7xohkmIG/iZUYlB9ew==
rRBvmrZ0P8UBW/23LSTwkg==
0iFWzM/NWkdpFNa9iFELuw==
kawmbpFy9n1MFbSVhFO8dQ==
LbvLURdjyaJiy4br6g5MRQ==
r1HXzRIvfRBZmXVnxzjf0w==
AwK/xVRuoCOUyQ0OW+FZ1g==
pUm5wvYc33dfP99Z4LWDwQ==
4wfXru/SvvmypBi/iOW8dA==
UX0oCNnoasmSG9Mn4k8A/g==
5WFv/mBaaC0puLmPPsa+RA==
sb45DTg6gGHHdMJuAcmoiw==
xfKXb2JBt2OPO2jsRwV4/Q==
pX2rJvAKmbo=
zRkg/TN0fvA=
wGX/YBzOv50=
UdngT1dhK7g=
sGEV5z93eT0=
2QAKWEpIz8w=
IdtktXdL47A=
vwvSz7AfGxg=
dv+SjpL56HCPgZC7SWlMCQ==
WAhVbeQK448=
SlzBUnn/T/U=
V0Rl+yer0+s=
ov0+ZuDjevjf61HkgxGz/w==
oCEiN0u1uiKR/N1oRhYfDw==
g1DF+5/9l/FTNd2ZkAa2TA==
j5FZ8XBXdGipaEizxY72cw==
+q4C2rVoVP9xPA08Ybxilw==
SN9ar3LuKKBkHwNc6DN+kg==
cMdaHwNaU04P5drVjWi9pw==
rCwXmo7yefYOJneoRU+Owg==
XwZO8GkYvRInnbNaBnxyoA==
bETyDivb022t3Wts3mqcwg==
DqVZzeNkh6k=
HN7wXKAgwNA=
W9wrYZJIqbc=
t+sU9bQ7vxE=
NjAmIkA8L5o=
E09b0AMg5VPsaGtTDIutxg==
QNQ7NV1lY7E=
ICU1oUkOLRymS+wCRToZ9A==
Ks7JySdtwrg=
9/Dfz9ROmzs=
AJCHBwV/wgg=
0nnYMDGurTE=
X+mFnKkIN+w=
0lYkLJogsKc=
FDnxpJ5hI4ElokqXzDMAxw==
in1C1EQUTx/OngR/OynZTw==
80JiwLbcckMLKtk6NcCbuA==
/Qr7XTlKa+VpfKLBPriDfg==
DY+cfynnKyk0vcwP2DB9lQ==
TFjqRDVpgEc=
Rv+QTnxdfCLTBR2Vsk+j/g==
xvijDNfO0yk=
LAl2fZv4w2U=
FlggX/10d6o=
d9xr6kauYLFla+6QmO5tyw==
EFT40fLroRndg77M6QMvRw==
jbTKEKrwOqQ=
rUqHpWlf6Ak=
eaZXfqqhaXA=
pYnbC7nb4QE=
FX4m6YhyvWY=
EcRZEQLzn2k=
f49kK6u70jQ=
/mDq5o31Dm+WAwJ/CgWJug==
VFGhOybf7b0cIpX5i6sgVQ==
HervWcQyxLqlujq5OtiAAg==
SNPVw5YOyCw=
jgQY4rB+4JTHgJHUkE7hsg==
jLZl9Y30o/s=
ALfDTOWkzfg=
BU9gTCGpu9MHAPpJIO1prw==
IIRICbWl8P1tWenUcEntFw==
+Iw7zW/R5xo=
fmHbV60LqRo=
xqMEXmiCQjXV7T7FKeNXPA==
4s7Y42VaF9Q=
G7lyhuSdPyrplXpAgB83Nw==
OossM3/XEJVoz/vn6M2XvA==
NikafepBsZe9BU8lzZZlxw==
6/edAPMuDEzWljpUAD5Llw==
JaBYKjU4EHWzYmbKazrQQw==
HzizQOrzDWJrPdsCipm+9g==
X1ALo72LqdI=
BmPQ99qvoH24NfbdXMaqYQ==
ioV9jcvrf+s=
AcPgVWM543Q=
+R+A/zU5hWQ=
YzAEi9swV0r2hw7KOl5zPw==
f37CQFTYux18RKkYN37cMg==
H+Lsdsz0KEilp9iy0M/oqA==
Ea2/SL+35isAOPcXmvo+2Q==
kt/uKMMqeR59ihRIRoN+fQ==
lhjAc17VNbY=
pSJv8xttLHo=
zcw7G1i0Gqw=
EHlaOP3WrCNQVXUGHduVuw==
ZErO+qJuEcM=
AzAa3JbEL54o5pEc5OLr9Q==
ts2lJSM+u0o=
Cy8LKoWsAICzgCCgb3cWaw==
FxEkNq3K9L6kJ+PZ9xzdpw==
F8VGbX0OMOUsC1ZtkB/27g==
+axBPLAX/7nRQbQhvaR1Kw==
f6K+qHxPtW8=
sdFrLvWlOPQ=
PulV3CNa9bM=
thaajZDhh+U=
24SbwBDpGZ1hX/fJmJGtNQ==
UsQIan9MgB7ikAbzbFtKWg==
oVIvv66HLgc=
xw9xDp0ZL39kPxERvsZXjA==
arsiBfO7jHyE0yJdUwoVag==
r8oxoL2A7wU=
swPl0ihQCkZ3VivyFaNrVA==
hgx0n0XtzmXPvmdo7TwW3w==
kPkqiv+ctjI=
an8txwkfD4A=
PO5B8F1vIoE=
kiVn/F5J4Ao=
EA7WBAJFbg2hfOryDD9+6g==
WD5ASMyDny8=
6FbapotC970=
bfXdUZdYQmTPvcsJiWuFsg==
PzNtNO1TUAQ=
sdO7mOCuJb1AEmFbGyhM5A==
3g5mlxXWvuTwdN15yJBtgg==
fzVG7TzC9cM=
oMnFDWdgD5I2kEqg3H5eyg==
lwM6/42Ms7J9GBYS5elJpQ==
qkJGGRCkNwFn9Ec5IeF8Vg==
deXpden1AeY=
UDHqHof2zx4=
5OT0x/ACKpe7VvJHYKlZwA==
pzdHF/UnTKW1hv2M6+QTSg==
jSl22hd0bax1VFFN8F27bg==
mYAFt7qOP9fQM4OIA4+acw==
H46I5iM4t2Q=
D/f0fINuvssw8NsQ0eue7w==
FifEahpx5jJAPh1Zps59GA==
jOs7IXKiBbsyYyxap01chg==
3VVASRlrXzZFglpEPeIrVw==
3VVASRlrXzYNfB2FQfKABQ==
3VVASRlrXzZhCat2Uerm1A==
3VVASRlrXza5BdG1MgFaeA==
3VVASRlrXzYUHgnS0eBecA==
3VVASRlrXzZXtk485CTliw==
3VVASRlrXzaki8YeM4ZaUg==
3VVASRlrXzZq6aeEasiAKQ==
9sQkMgOKJZRtf4iwqNuGIg==
9sQkMgOKJZQ/FgwUc4WIAQ==
yA7avESDUMz0e+dpMrvRYQ==
yA7avESDUMx0EGF3jqaN6A==
ShXVW2qOVZVOHWvBT3b6pQ==
Zh3sF5iQqkgxg8WVum+AFA==
Zh3sF5iQqkj4jau96X6LCA==
UmaWwMwv1Bemju0u3jnWZQ==
UmaWwMwv1BeNTm8QN/cGOQ==
DvawJP6PuS3zyNPJwTcNnQ==
DvawJP6PuS3wXtj+Ln8qRg==
DvawJP6PuS2ywtoE4iKJfA==
DvawJP6PuS38KaY1m0NRog==
TYT/zOI1BcMKiXjBB44A3w==
MgpynWVqpuhCuM3Ad8wUuQ==
MgpynWVqpuhMon6tYT+60g==
XpqAf5N6RrZpUCBi+tjOEQ==
1KG6VRqIJgU=
B68QywmxYXY=
F+i9C4ufCA0=
wVz64i6RIdw=
nduRbiVAxcE19hupNp8UIw==
CnwMNlFQ88c=
8+kJLh3txdA=
j5LkKUmsHes=
Ewblaz5jWxA=
k+nU0hb9O5wBv3DuANv5TA==
vHy9mH301h8=
HKTn9pzhuMGTMCxKXT/VRA==
8rzCKuhtuEk=
SugVWX/NMrs=
akqmkBHPKMU=
GEksT02XglA=
0sdNybBkNFY=
vrGoE8sHEtg=
eWXCM+6Oxjg=
Y3kLFuDjQKFodaaU0cIEJQ==
m9c+9Hd6LGraIob6+3iwlg==
uuGDO0YBtFTKEWDgRbg3zQ==
KksJ20THEDYiaUW5pKFxAQ==
6pZbeBJBxRQAZPaaHNBEMw==
hPTwpi4BKzvXWk2wteVwSQ==
y6V/YaQQKy2VatBzoeovIA==
au9JAwTvZp0=
u2QWhlA6VXc=
M33xe0vG1aU=
F5qgGMA7LZw=
vpkI1Vn8xHj28SQH4YxPCw==
6CPjJMsf97TwfinxBxmv4w==
fp9/c4cWapQ=
iBK3WcXKVu8=
GVtkbPUeFTHyI4kqykHNOg==
2nwB4OHwk6tvBzybB1GH/g==
Jfhd8BZGMGMKEeqMMPglEQ==
thQgTWVzpu5ei2A0q5J7Nw==
xuNmnGtZuZv+Ei8bM7sF0Q==
7A6/18CedRRWJ5YZNrMojg==
wwpYs3uJg34oK5A/9WCtuQ==
+XRIOrCixJI=
7L1rUUSqSqA=
4t4DgdGGNwY=
/u6rdSRotAk=
O1Z97dh81Rw=
42I7Zexa7Uo=
RJrjOebb5yU=
tulKw179gskW8KvfKfZeSw==
RsBxMxel/K16kn/dWCcuOQ==
G/C/MPueSm8=
wRLfgfl0LJvsE+h6BaQgQA==
HSQOYTWRSSQomMo/cmW11Q==
e0JUTh1xNps=
p1i2RF07vUA=
nAUrb5Q7xF+s8YHQcRKFQw==
YDN6E8fdt3fpxoanGnXqDQ==
wnylm0Bc6vV6F7FcRKoJ+g==
NFSljyNKsEE=
PBHtdd52xKbeI2O3Bv2O3A==
PBHtdd52xKazHhvKed+jyg==
pPWydegdlu4ZhmOnez8kPA==
fLV03YYO9d0jrAI2rgqu+Q==
fLV03YYO9d0TUbPpFXbA8Q==
LqPeIFpOCGU=
/NWvjgr6MLGNeLZVoDhBPw==
UYabaSBBrdcXpu+lynrorw==
GFCTLpKLK9Y=
Q1DXpHshQ4A=
cU+hdStuAQo=
ZahcPpL7e0s=
UZ0FJWqgdOa+4or/5+LlVQ==
9X5XO2cL+MGjAPVCvviTrA==
sgiNKIOZ2XVh8ZaJIxTNHA==
jErhA9s1QJG5OKQFarW7xQ==
AXDeAtqRfe0=
Qd+knUjPRjU=
1B0J1emOp5Zt/zi5pcLsIA==
sS5DnSGHZyA=
ROt3S1sK7vQ=
oqZNtwOBW3tPSci4v6bQKg==
RSWv/mhkk7k=
XoyC6JOxNEk=
bu2iwnXo0rE=
ckCQPPqO2lQ=
Z8LOfbcnysQ=
wTUdHQqTSJ0oW4j+OwKnaw==
0nXoT6HI/N8Xj29KnxNmjQ==
6oG18qonqGTOWmLjfHQRAQ==
GJjPrn2Mmio44NBHr+kZ8A==
Z69m7xQH0426BHCFvmOOpA==
pw1BqETvpMY=
XTGTNKRMtVWb4s0b7d1c1g==
7tBVCPZTt+XNTOX/aUGoMQ==
tTmd9RblLZfag2ZhwoDR3g==
d3krC9aPA4o=
eixj2vP9rqLXoOCN69u+Pg==
QmBQoZg4pQFX9xdXv7Cn6w==
0xPGn8QqYHSyHUdN/75OPQ==
TyjsZCH980xDY7rjZjeDUw==
5tOfJcdjMgEqzSCSL7thZQ==
3c7QBiD3H5+noigH6+S9VA==
g2g3IKHH6mc=
XT9c3U+oQ/I=
++/T2YlTARM=
soo7P7liZeQ=
WWD3JRPXPgA=
djLzTg8C3f4=
qYQHMkfKipNMK4s9RSeIiDCYNdR5VHW2
pgTw40fDz8o=
tv4TXRJiBx2fnaMFkcw+rQ==
dj4loLYPod1G+GykwEroag==
t2RSdhR2Quk=
7CDmkN6lIctFPY+7gQjsFw==
2pY1bmns9w4=
mn+GdvI7hD8=
0uggCoNhCvU=
OR87g43lnrw=
1CvgoDLZ5u4=
+k4qnBIIyAM=
vu4a6c6bZWE=
5G+TLitQ/zo=
q1oNjY7dZvE=
eOQ0a1oqgXTzTWQY1H0B1w==
J9yi5/msYVmVgD4mkXK7yw==
pkz7FnhRso8=
RSKl2vYGQes=
oAaJWok78kMW8TSIWkY8Fg==
jUICANuzk9Q=
M0QBF6zHAPw=
+jWKDufSobjb5KYj3j58wg==
8PuHZv/RFzY=
DERxHXBCXfJ7b/qo5rUDMw==
GE/j8E3Pits=
60QBDlNqq6o=
bpiNLo1k8lJLTtEARHZSLw==
RxjrOJ3zTM1kve5wq9/vuQ==
w0CveuNXGuufNDZLPKWTfA==
EoLb4gDBpzs=
ie3JHVZI8CRvri93xmTL1g==
V7T6lLwhQX6PfW6/bGAdiQ==
fv34NyCZxVvnbk9/PxLTlQ==
pVatM7r6jSXo2tUezRKEmQ==
W+ND7z6ZIGc=
CdGfe/oyMr14yvd9cuPNug==
gokj/yRQZ5s=
7fBcaCExdC0=
7w0zQ77miFPOBD1dD9L16g==
5Cg8et+1N7Q=
LuMiqsz9vTVf6NUoCfxfwg==
EUWHY8/HhAHCc4Obw+cp+Q==
t3hotTXzanWwbIAsiRCM5w==
KosFcAJGMrRkprXybX5zMg==
2aqjxx5mhSuXUcWCoFDj5w==
LenURp2UDu0qpmRpUnr10w==
1+k7tkjSyjM=
F0Yq+DuaX3v3PdrEy1Z+cw==
MqfcYDRgmtqe/EpywEyvqA==
Q9mZFNRdOIk=
larqNiig+GQ=
ZYfb/QX79s8=
7PzR65ag6VJf6l7SLQ837Q==
Q/+yK5Oa6jmaLu3I79byLg==
Q/+yK5Oa6jnfnfPbcSWbnw==
33AE18DCKe7E9rouvHS3mg==
HUQRxDcHdPDHaeeVJU0r2A==
C/rUKTxLIN1XIPnwDXjfhA==
8ZrUu74Z5qUFBYIsurWETg==
ikB34cqpb0XvOZATmQPMqQ==
tLqa1rpY/xI=
WfB3RPDHP3wup10bRGm39w==
PhbFlfRiJTLIkYMbYN1bfw==
2kDzsTjWfLDvQB0E2edkAQ==
yzYSQmlfS0dyhkGAPbr8WA==
1/kBu3WGfLA=
ksbRIrCIvac=
i/XdUMz2eJA=
SlZQuuc+TpQ=
YckoiPB+9VU=
bypQS2DPa7ScDCL6hhtW7w==
902gnZX9jao=
3SMwo5227AA=
1vRcp9N6AoQ=
zNJRJpr9j30=
+oKBAa+oo10=
cixOSI1rO1U=
lncX7FQEf7A7SyRwpAXtDg==
d0IEUxdSVp3TOD7Wswcy8g==
0Y48w1wh/6vbF6dw3kzGqw==
oL0m88TFtciO9KyfNE+RiQ==
m1CLJPzgy94EFkNsSWiBIw==
0SFHp5IbHpy6UztnSlq9eA==
/63Q0Xmqbq8=
w4FwFsMIvCg=
dAi5lojQ9rY=
PrzTkb39nTXmGWfGRStx9g==
PrzTkb39nTX6EaOhU6269A==
2D0klGFvQQJiwhQJx/FB1g==
6R92cL/l9Ig=
Fg0+GL+qge78PtRY0z3VVA==
O28CdEOtMk/vJW0cKiJqbQ==
abV35tr58OU=
VtaDWvR/+YcL/06jh+sObA==
Z0m2d8HW+HGRu5vAFRyPcg==
IB1NiS7D0zwvNNIXCwfrEA==
Ls/wMUXQ4x4=
ApIoWSUt69Q=
aAxzjQavSnc=
4AixyF4Qhdq7+inyvoaOOA==
IjxX6xH+kwk=
WCJkqDEOsDJE/DczNa6s1F8n8rG+5Flf
LD9Jf0Zgneg=
9jQk9KZ0KIk=
5uGCfQ9luk5jVtDQIjpEhA==
xLHfXtNymRY=
NNkjpm27GGo=
QFzUmES4KXc=
X/yeKwih1++py1ZtHL2vSg==
zRSFLfGnmKxsFpmC6bLGYg==
hZcE1/an7bk=
Z1mXnj/iM5ZQoby80ahGmQ==
x+GpeZcHCAk=
Ttvl7hk2J6E=
FPfBEtJsT13JjVYrTbpITA==
THr8aLcbd3x7skZ6OFznsg==
Ufo/c/nfymegLRpMnKI7Qw==
QTR8FA4ffbGtTy/HkvSAtg==
GmKBhJsYzxk=
NGvu5lTImvfb+Mrku1772A==
5KUMCS9vU6IBk4ISNapNdA==
PtIb9t+KjcU=
9YY52f/71z3i/8XRMDLv8w==
S8suWiRn9fc=
svy4KvVZ5+Q=
6u0cWIlT0Y4=
dWL7Hh99P54rSwGE+tMxjw==
FaecurVWFvQ=
wVUlG9FU/Z0=
UocGXgdV8Ao=
/ZkoILF2KpK2vMCiZBO/gw==
PEHYV145etHrkVLFeTp7AA==
IIK/bSyot+s=
jTehKGH7oxNimcLDlf02Dg==
+H3Zy8zPysWwuU5x+91bKA==
r/i09N1pwEVjEbc3qpBP7g==
v+WxWWWzQNEJhP6+p6qCNg==
Rep0bk7sPl4=
7iMUHgV40whRU+VAx6iv5w==
7iMUHgV40whuY+/8AilZkQ==
uSBdiPvawo8uRAvWHz5iAg==
3CjHftKgnMXV6UruSGXmWg==
JHr5v7fsjr1bRqx631QdTw==
HazEQxcrMYQ=
1TE0az0KabDnCM3Q/LUacg==
x4INiJgNPNH5rKOm9hX0Og==
h1BLWcpBKBcBl036JK5Igw==
MBlCjjDudds=
sl+D7gZe0Fw=
z3fmPRXXu4XSEvdK4UG/mg==
vGp9KSvI5oQKhYt6xp64Wg==
vGp9KSvI5oQJq16zdNl7tA==
GFvZfA8f3Bk=
U7518H9MIQQctkMUlNIObg==
2da3Mvzx88o=
azJJnehR12cn2332C118dA==
4D2bpxTGxgE=
+NeOhVIyIKzqs4GP0EnqiQ==
HTp5KGWQJM4=
OEcg8qacO1Y=
rQ7+VPQO4MA=
B4ubD/bbRU1yJ98xxPFQkA==
Rmc5XW8Blzn8ccCnn2QOWQ==
Rmc5XW8Blznxo2T3XitJew==
P3Z/YPsxvC7s03nyTx3Y3A==
uYZ+/HQiHVk=
6Dpvdq8wBss=
OYCYqV5vlsk=
6H7d0qP/HE8=
zTSrOpzujm8=
zkr+LwlrKU+WemLtahxcBQ==
NmpzaTizc1105lRj9zxkPw==
PBCzYLOBQg4=
XzqGYx7UA+36rn46Nz7V2A==
xQ7pDpzCms4=
I7jdquUpMw4=
QEMC2HYnQ9o=
zcdBYCrEEZM=
UmRakqtdVFIuFRhXXqBC/A==
UmRakqtdVFL2iffeGqgbGw==
WOXKT19SR8CuF9hkc4wbUg==
wsmXfqfmnCpMWuY+7I7P7A==
wsmXfqfmnCp5SSEZQ+cKKQ==
DrT6c0ReGp0=
joFxWfuJnHAw79DVK+7PJQ==
PPuvdFzLXOwWMh6Q7dho4A==
ao7CYRyogBw=
gYVIeyskelpFoA/iRxWtrA==
SKVyORejvQ0=
uQ1fAAwNQP5jQp9eK2xoAw==
NvppQyS3f2peUKVLzyVY0g==
Qgfv74zdOOMMwfxZnf99BQ==
Qgfv74zdOOOpm8goja9BRw==
ZCpaCYy5XCEVGJHqlIATyA==
FKlELhBvb2PYsyqEmJYOLQ==
WLSX+vuqlFSE2c6b0ZXZdA==
LwcPvspLjsWCJmr5xGv2TA==
5tbWicEnwVpCoaiT2sN0bw==
tekEa+aac8I=
P4GnCW3N9jY=
u0qHzG84uIlgdL/SQZ4bkQ==
PE33dy2e9xcpovFplyT5+g==
FabyMzjDdRs=
t7CeSbQLMxY=
FWZKH74ZAzI=
FoIoeCG7kqknCAg0NowP2g==
8zSTqt+Vu1E=
FEb0hTD0wcU=
cKhNBHAjgEE=
E6nQymDf7b8=
GRc1j8rvhNg=
PT/fclWeQZIqGiWQySve+g==
jHKCWOVlfio=
eLxPRfgddyE=
AEZyDq1cgqU=
PlsExdZE1n0=
J/0DzPJVsxU=
ij1XXR/59Mk=
jqqUXQLlKNY=
1WfywcpSkn4=
I7mKNFX6a4k=
xsMlTuUBCK8=
1Dx8y5dFWfQ=
mTzAmmtPBNmrtU1PDtt38A==
R1bVbY/is4d6QL+7sOhNsw==
oedLVLa+8tg=
j/ES+SkofA+THeQ6KAUw9w==
oTNuW8br2y0aHI8r9MRzOA==
LYih0VxpSMjdYo+cPP+yxQ==
IWUG/7pdUB4=
8fQe0NGAZ57YId+oG/zcUQ==
sUWMCK1gi2o1XSZ4e2QaCA==
oycFKOjMMyg=
i5Lu6Kk0xWg=
JYyqBp1Git4=
Jf2/ToLwy8M=
o4/gVKAgj0o=
ApOh8EAnp5Q=
t+dCDDJhFsA=
t4Dxo76ZXGqjNQtzWOEI5Q==
KEjPNcpY83k=
2TFQHAmaLog=
gRRwbYfZWjpPWKNKEJThNg==
iNKK44R7Ug0hNoU+SHPJ3Q==
2UIRc1Q2Yc3Sr3nQQHn2PQ==
+OfrrdlJjy4=
GGbl6Wy+u6Y=
AOMn2UnlzRM=
HzieJ64C7fOJYRRqHMSh1g==
Nx82fUFAVnA=
7tmM4b5mqMc=
usHgK7JYZYE=
bcrHF58TCx0MhHHQbRbwkA==
zyG0GWPCtO4=
1E9BgFfC6oELnCktyYYdMg==
pJ2iBmTrYy4=
dGROstX4hvs=
NOqF9FbgnBe4IPb678QyLA==
liNt2IjL61MCH5EY3lXUzg==
liNt2IjL61N8RP/OxBld2Q==
nADbKJMinA76TeMmfcZW1Q==
GnTRCWCD7auS9icx57Vvxg==
mxFr8tjKeLw=
TvdJKMvL4Jc=
CvMuuKVFVH7vgY2l84TBgQ==
hUyfRKFLoee9sV0SHhzEcg==
YiaNSvN6peTxe+AkzXWb3A==
cyIArYRofu12/4i4t/CfKA==
JT75J0nIq4s9ms5OMgdszQ==
suw4qyGaSn3D5QU9yeqbKA==
zRdVf2kleSfkGIzCuGM3QA==
mWKwnn27iuXt9DRm32XR0w==
5Ws1v5wbLd88A1mdkmoWJg==
DdcdgmtGbH0=
5QE0YJ/Wwz0=
sCObm6vFhiU=
VLas1s3NGqY=
fvYEinn8p1U=
57vhseKbJw0yuEzJWx97hA==
/UErmbHniwDu//OPRQ1PhA==
hgZQ341KMRA=
cV+ZXVYGzf4=
BUi6ajmNJ+k=
KSadUGJTbHk=
aPhgLCI3vSc=
3GXP4NC+52M=
ntnb66U72RDJXBvjURfuDw==
Ts883N/GAFY=
mAEfn3LqT7E=
eTcZ8h3Xmxs=
v5g6dnb73N4=
AoNpsf93I4w=
voEfO/I4ESY=
nxmZfeBavYI=
zdIT/MZonrcoUJu2vCvFWA==
KyLqBWeMhog=
MshzWhTrQQk=
uBYjTC1D/Ag=
L3v8dmN8alQblTYFVjF/vA==
IwwDYbkwFHE=
DQMAPAmflHA=
dWv9Co7UR6g=
CNIKWF0uzWM=
0f2llHqSo2E=
8olaI9FCveoWQDLhKnaYTg==
ttBT2ah3TKY=
EEgzQBx87qBYsbvr05CmZA==
JyfakJiXDEI=
Zayu8PVbTWk=
NhPPEJSNXZg=
zlSWLq/QAxE=
3XrWE9H/cxk=
aMrSomp7QAM=
ygf0HiRGFzw=
LCEGo+KkVXU=
uUQ+PiCsi0c=
YyXBbIJov4I=
WJl9eMILkTw=
hE4MFOfDC/k=
magrcKb/mvw=
n+N/aQJK7wg=
VonL5IXJTlE=
Yu8/4nDxa7E=
I3L1YPzuncc=
swni1vArbfc=
bK9sicF9qG0=
j85I0n4WAe8=
WfxgjVuDMLI=
XeN7G5HiQBg=
7RVSzCkurjQ=
/rMHXLQUrxE=
i6homdOsSGc=
Xt1mCw/xUHk=
ji+9UmI7fQo=
P5iRVUKFc6w=
5G2hcprr1a0=
P+zhroHQHCI=
V+o9MjuezEn8B2QaC9lTfw==
ZWc3g71ZD3JeBP5ZjrnG6A==
uYYN/seeiJA=
RyrM+iwNV4g=
cQLkeZG98GE=
rZ9hiiBk4hE=
CCmnbPrD6Z8=
Isc4ELkDZ+4=
sdbkkJ2b5ig=
IHGom+9ESMI=
OOl8h8gEq8ReLhlIo8WevA==
h6NtG5U8fso=
Dki95sG4ceo=
tms1c7kujkA=
FGoHfUweOYo=
05uHWyPo0ZQ=
jTyMWZOr2M4=
uUL/Np2jXEs=
bRGzWAgtSwW0MqliXGDLzg==
YLIBuFaBDGo=
xsMsAsCKyw8=
JWhGr9OqL40=
gjzQb6xFMJY=
8J1YwVe2w7/6ZyFN/uqhzQ==
5oOc/R8zS1XIQT/JWKY7tA==
hXT3w+w4Cu9NAVDEnPwgcA==
o459hVqpx48=
lU2+aEFBUNU=
4ZVJpHuoRf0=
HNdMR9WKfzU=
m/H5ThBlQ2Q=
FhP11saF7LQ=
qjTe/nvSDP8=
/+V+6kOYqVU=
RXnO6I7hOSk=
g3bpsSakj3M=
D7GfsPZkr7K7BQ7NRCI/DA==
e04lU/utVHE=
24Hb5h529Hc=
cLmMtzIt6SE=
f9LamnWM0m0=
Tqh84lpXasc=
mGObuOjH7BM=
VxhnTugVbyo=
OVY0WvISoNA=
0upIP4SOQzI=
4cKWj6pqMnFHclkgs5/rfg==
oBpCZoSV1wM=
x93CUTXSBFk=
dsQSLySrq4c=
92l7L/LUdx/nQrsDfEgc+g==
kA6Nppbyggc=
rsDnCnEHafXKWaGFm8gXlw==
mjcFwCUrvlU=
s9flwyUM2IU=
VBilOF2q9go=
uws1k1H8Qs0=
L5wDdEVO7ek=
I7s7RxQuPMA=
Q/twJlcseoJALPC9Z+Kzmg==
W3JF4qUNeLk=
UmfLtvp7B7rqhB8tRuLxNA==
pTAfB+QRjKwZTYHLq3X07g==
Jleemmmq9C0=
sw+Mt5S4rWw=
gbNAPC6kqWQ=
meBCN/0rAhE=
Ut2tcz2ie8I=
hUHmJBu9rdI=
IUYviy+T+Pk=
rUxfwCYB6yk=
+5tjrZUxqOc=
K9wfaVFuQcA=
YQqOTaDSFQM=
VvSyEx6e8Q8=
rWux9rJ1P6c=
8QNkdlw/D14=
hcubJtK/ILlARXNfn1dIgA==
YOZLb8uc6Cw=
TOiui5TuyeI=
vNsPix7DwGVLoAg089hQqQ==
aGBBbuEOBIg=
58YH7b3Ny+I=
KdD4bQJy8hFPkhgaCTMdrw==
KpJEoYOGLL+31akn4Iz4kA==
1hX+4ZebQ4g=
/0dNO5PSObg=
TbNC5N7eNtU=
4xRKNX5DYHk=
atyVU2Q+0GAfXHOFMDsnfg==
3O9CMyh39EWyk5H3ECJlvA==
Xp9lvUAKF1E=
qrwElLKc0oZa8SvktzqUTQ==
qrwElLKc0obec3Xu/7a62A==
QqVfwmHz5H4=
lFFm9wAfZJY=
QsM5IpJ8FSA=
0SRlTHnhfkg=
/rHfUiI2ilMtZSPHI6eCqQ==
/rHfUiI2ilNPj5t8HPp1IA==
D5Y5SUx18Dw=
evP6PSyTrrQ=
NJR2nTLwZlZa+9+ipHuMfg==
NJR2nTLwZlZlqI5x30FX9g==
ByNuvzzRnTlyPW9Ucn9KnQ==
asIjTWYdM4c=
RSb/E/aPpfQ=
DqOo8bNyNwU=
FdnmTh5v7+c=
ipQ+dSe+Zos=
JEzhTYDqDKo=
W+N3xHjaoDE=
6xHFrnxVLpgfzTHEkY76hw==
sw7Aw9unupE=
+ooZ1QDJwqIXFYWekeSSsQ==
JSkgw/2v/yd15fzOV3y32A==
aAvp+GUs8wM=
uCbtqsJ8dvA=
Ixe8EqxBLOA=
wSVPZ7EyeS0=
lIs2+CJnnok=
W3C7TG4xohE=
M4KXwkkLutA=
FtPYC8kkJCg=
hRwonTMBBAQN+8M9Vou0cw==
bvQCxG73BRE=
Q85YigKWS0A=
aiag1GeQcUM=
OXhO/c4XwPM=
RB93KcQ04iM=
BifFEpTbl1M=
zv61VzrxC8Y=
NUOF+eO0MCc=
p53iiWsNCCY=
3qY/MVyAZZc=
j1TLgRdqBDU=
I2qsupKTn61LPLEDyS2v4g==
aVYFX+wY7T+90oCbBDW42w==
d+rAcE1ecXE=
HnRA/f31n2Q=
CThGRHJN5MjpTxHyqQwotg==
ITkzPG++rQBuyY0ZbwmUGg==
6cqIttJ8MJQ=
17P9KvGAPz8NlfyT69jerA==
XTYleUI3sgyLuT86lCvo6w==
gsPW+m+PHqY=
jRG3D8TLIlIVmmzoSxuCQA==
z5NFzlko5RI=
E9x7SaN5+uQ=
fdbH/RU7dSs=
uatBFQm8FbY=
1YIyh3KftkU=
WVNfLBecZPU=
4lcnVAJ8wDQ=
aQk57nTZP1Q=
7QyahkL7xX4=
D6tZP8OsqRE=
fuL5Kqxcqxs25vEoloZPFw==
fuL5KqxcqxshlGJaPl9LUQ==
QnLcyyAiU6c=
o+is17Jbi4Wd/1QmjOeM4g==
zh5GdlpYSZQ=
DQi5/GwGwgw=
tFXmuZDWNmpS38CxJ9aniw==
44qrN05rQJI=
3u4Gl30G8iI=
U7bs+fi3sUE=
pBhT4RTgjX4=
T0Avt2P87kk=
Htw+nmTshphQI3NNNMGhag==
9h+GuJwGkgw=
+UlOVFB9PmegHBrHTwjJjA==
LhI8qw2mqdw=
UGO9hmGo8HM=
TlJ1/N5QzGk=
xyp/yz1/EvkxclBWoNo2Ew==
c1S+DgdlOUpK/BtP2rwTEA==
u0WmLH5hFui2uj3W7opa0w==
QrwTGY1k0VNVwmPmA/0OYA==
DMF7BlSnAXM=
QIr/HMEOy4MZxkdlLb04LQ==
9TvyHsSu1nE=
R2E8o4hc2SI=
XWkrXoWWM6w=
VvmvdJsAcqt+WCu2Gk3q/A==
5IbWrltl/u4=
Q5ygs3S9PdzqWZD3qx9m2A==
Y+24hJbNAos=
c3EFtco+gcw=
8QiY8K3hIdEyp4D6ZdQEoA==
xPyEj1n9tzI=
GLDqTjypsUg=
PX683U3Q8ayPSj1gyjwQCA==
OnHHlN2rUQI=
KI+25ZwreHU=
0H1RhqI+4I0=
SMjqqLI2alvjqQpqkiCq9w==
weRjiTbXYnw=
JJLnKoSR/b0=
Jf4LoDFpdLE=
dA5GOrse9Vs=
FXk+poSDnqU=
5JQ8xWvUBhU=
lIgKJ0XgPD7fvDled7A2qg==
1cUKzl0wRrw=
f6S4EY9YxCg=
yPMfTiC2+64=
Cw+bMlNHZMk=
deFB+yCgIkI=
zK3R5rgKJKU=
BlBmN5muCss=
o5ks9aGVAqo=
24CLUX+EsV8=
DeO+3bmMJQ8=
gjLw0ULwUlY=
ZDofjALFsmo=
mxEh256dF6U=
WUMmB89IoxM=
WSBiV7WUD+I=
5dl77bxgaVo=
GG+CqkYubUs=
JLtF6k17uJQ=
T5cI7kr63yg=
XoxrG5xY1Wo=
g6evu0iEEts=
REzpK16TkTk=
YS8poJ9zeYU=
O/DYx39xjM8=
G/Xybk2in6Q0T7Nn71NNyA==
sEUDwKQETgU=
S5A+qfYdqIH7EKq8sumFug==
9QTpdOWUV/XiRS14AaDI8A==
1GSvqsrGuds=
TSIKRDxI+3U=
9wQQOCDK25k=
t0vWre4Np9g=
4A1EAXGnKcU=
JqJVl0ppjBA=
G0xj+lvEBOo=
7O8kdefOhVI=
zer6op1y1Mo=
1krend2Srz0=
vRm9K5dHoTY=
z7+PbXRF1ck=
nKOHeMrEZE7WvwOmGPCn0g==
bg7rFJ4HXIQ=
Mop/FmdEXSE=
bf7RKBpm1FM=
zi7tRmlazXk=
9Kt1ywAntbwa31WeBWOhgw==
Rkm9G3iLt8KDLRqe8Sn2Ow==
6dKtGVqyZ7w=
eeZ5bXlwMj7WOge4GKctPQ==
H3811/6Ex1I=
zNGMo0nIjys=
SScUrv7g4BI=
HB5WP3seAh0=
lF08rxERZ20=
Iw/pVVP5YfY=
fZ8Re+/d92A=
/14h4RRgOD+yRmMi+6pS1Q==
ZfT4QgBuOTg=
yuSU6FQ49Gg=
b0cjclEWJyQ=
+Au7fgBQBXU=
un3nQsiIaIM=
SnHgEb3vQbA=
oqF7Ds2gn/jU6KSViZtIdQ==
ELrtwWusJVQ=
uuTLl0H6+Gd+ROR+GaB0lQ==
1Y4dBBgtu4BhUMDNh0mq3w==
U0qpyjD3AJ0=
hlFyqD1QowvU1vuUxCSlnw==
xDGi/HDBEFZK61PT9nZpnA==
iMPcyGSK/D0=
K7K4/Qyxuk8x834OGEJ0XQ==
cUMad5NZtSo=
aR/ziJAW1kU=
rjisHfAhzT/aafoPSn8wcQ==
iHWNETjO7TE=
no6GCI8GxcimD3LNhInaqg==
sLbf65CLxqm8bAkWq2kYtg==
N7Lv7DoaoyBbCOUYINOnSg==
tjdVM0wRCM6X4j+uQp562Q==
uoEDjhnLethtVnxvT/zkag==
rTWldiLvRmU=
rbBi4Di5TD80qjCjAFfDfA==
MgNYIze35czvK0zz9tUNLw==
6oDptzTjFbWq0KPHrueTwA==
FNkv1DN6mGuVewy9U4csXA==
FNkv1DN6mGtlSSJ39ieYQw==
8m85959lw14JfEbz3YeMTA==
g7BPPAfyvv2C5l3mOq139g==
UdKgQU6Tub6hzuhVWmZHqA==
8QQaEGSEuo3FOkBvYal5pA==
kunEsTachb+UiBwS1VP0CA==
ZJDkEX//DFk=
SmR3yf2w4DY=
b8EWxOQgHws=
9f4CbaD6NfE=
J9DvWpx6QRI=
aA+dEb/Vhiv6NIhny1CDKw==
8/5r58bPYR0=
Wot/cmkqDsQ=
uYDtURgm68k=
i1ulFCuwU7Y=
KhOkuUfqzHM=
Vew7eyTnA9I=
Sg4Q+7p95kQ=
A5WmBK22Guc=
2CnHRAeMk5A=
b8RGRNAjAyg=
ga62DDZo0eCQ9GE/iumyoQ==
Vv0s4u0cGBc5iWFRzzTHyQ==
npWz3oP2Q1+KXywib3K5jA==
Q4U3T9z43O8=
q7dS8Uwn//A=
kQJaaRv2l5dAfoK2DWtWLQ==
IXCD9aLnpAo=
pAAWjWnQeGo=
YICaV6RW8bg=
4D+eplPhHfs=
pWJG3Ep2kc1+U+leCAOvcg==
4myc7wYXFlJywwtLDEKyqA==
4wU0dfPUrjQ=
bKL8DfzKSDCVFZltqkaPRA==
XrtbbZI1f4s=
L2RbhG8YQauXlZS1FEzOGw==
48DxtN7HX/TBNQBXSEZsbA==
bB9r3Z+Hs6k=
QNP4ykLIkGs=
/avfrWl58ODVMJEU/DoKEg==
dFYxINStYi8=
DNu3QBih6Uk=
OwrxLItW6Pg=
e+xSSCkGLQk=
ijXOE3Ym7hk=
T0aBkaFjdwE=
cNVc+EE6hf4=
pE5HIeNvTuI8u9vJV/uGFA==
RKiPLE8JzwSwweZDxSf69A==
dbMlGpGx1GwB72Xwd5/m8w==
mjDC89v2YQQ=
dJ2YA0B4tfw=
c9uy0Duo2V8=
FJBarT7q6pn48ERJBtl7dQ==
wID7rSf21Jw=
nTLVX9qkoQM=
jH+Vh/wWN6o=
2axHHdztJBI=
QrkiovOTxgs=
tl5oQpXWIYN4AcylDXpzsQ==
XY+MATJbLwc=
Z7yeuLOjN016SuWuzwReeQ==
Z7yeuLOjN03ze3eK75Kktg==
mHRZVMdskmYAMrG5bT376g==
21PUxHSXE2MEgXWjFnx0uA==
s6eVpPZh1XNclh96IQE0Zw==
TpDUXhluwPM=
9FpusVq2XhJU19QqvhIWAA==
hyEoDsHbO97TGrL5Hd+tDA==
hyEoDsHbO96Z4mhz1o0L5A==
HWX+Vy+9jY7/U5sI4q/DbA==
iOAqipBWZPPm8nEHkvrFFw==
iOAqipBWZPMDiNOiLR3VJQ==
jM3N67oO1AI9n3/QcxD1ZA==
/m4ETnCqypc=
Gr/6FRwBjk4=
eCVbcOJF3UnExFNz1yuaBg==
AxmDVh6MW/8=
t+dYPV0HoFw=
KxrV15n//pI=
vR6VekJTcyV8gTNij1icpQ==
+47xYhv7CnFMhKS9QAHJnw==
+EvTRWZu/RMHZOiXYWzsUA==
xZIJyt7QWiLOX51T/Q+fgQ==
xZIJyt7QWiK/d1YzVRW5sA==
fPXkdc13TM4=
14YL+7E7V3s=
PGXHCnWWm5CqQchYJd+Scw==
HcQ31wLdiGk=
cHdkA7Ch/A0=
JT4q48LT06U=
nKhrxDzZPFE=
s3eCWH5csZw=
gwBdGJW4qCc=
+2AcxhTStc0=
sRz1GnAniro=
X/8yV9nNZuGlBLaRxuI5og==
fJSWs8ie81U=
i5ZAYfzH/dQ=
FQkGOBtFbqME05zKHWXxhQ==
Hg1oIsV9lt4=
DdBbd/t8SBDj8IlDn4V5aw==
MKegOsNxcr0=
vbRiRclmn9UuJ568h4RZuw==
yvdRzm9p5iI=
Hc3OiCt5Z5U=
3HTAh6HQRw6pNw8Ec8so/g==
r9jhQxC4xlw=
iUYwT2eUSEsAlE/ENnN6dA==
J6UjrR9srXgn6vsN0B+tMQ==
SsbcHw1rGO1BaeqUFyt9+Q==
K4kVJBwGvOw=
iokKbJ9E6jQ=
8lMySOJYfthZZqY2uJJjGQ==
PJTq+sWeGgQCFSRDWHU5Xw==
dJsaH6cbv9E=
UMnK/pmtqE77k99PaeQ6yQ==
yz0ae+5hKlBfykxPtSIhIQ==
Dv3HPMNTFVE=
gH7aOw0TT/K+Ez0/7/iJCw==
4EN0GSnwbhU=
DAFw6DSnHyc=
0rE9Wdqc/3Q=
bt7Wzz2ujTktxm5WVAYoFQ==
8ffDimh4DQYdXcZO5VTJ4g==
8ffDimh4DQZmHNqWdoLcJA==
gl7LZzpAZwovwk3a1080Ag==
gl7LZzpAZwqbo3ZArvnNvA==
l2p0hYOiNkDXyUzEJtwV5Q==
wEMD0/HqfCjrHJfEQePR7A==
h7xLogR9HYE=
KylVnhdZfyE=
UXL4p+6kWF6wxEBnp8UDQg==
MO+hdKUS2QhRih7rhc4V5w==
X/cL2vL378M=
muTUIBAhj4+03sz7LPgh9Q==
p/QWLgAEJOTpN8DhBUMZkw==
txIIMdB5860=
XNYEHA3j4BQ=
kEuxbVIrOeaJ+daruPTKyw==
3wVZDXnDT7Y=
k9qZMj83WEk=
V5RJ9vMN3xg=
f9Oo3cFxTsW8RSNUJg2UQg==
OLI307INxYU=
Rlqyed5/OzBiul2YeIKYJA==
jYwsUlhaf4g=
8s4C17PxWtK49BDMdOmHqw==
LmemAnUNgo0=
6kRW9ZCE9Ic=
i1WBLo2kR5k=
A3UGXhFCoX8=
Dt/yR9ryUWI=
FSVuuLWn0iEQ23k3wBN/qA==
r1vvZJcsw2KfcVR+s5fTXA==
YcnDdp6fB2E=
ShnDPoR/UM0r4w6xWWGyAg==
T1DIltR/5Us=
va0Mg2RP5HA=
+88lHQbwQlI=
bToCx0bhhak=
YZDTeIXu3RY=
fADE63Ai8p8=
BS3XI0SHRf/o8FRdYXQWlA==
uRAHhxzFRyU=
PuBCdJjd8Wk=
4muTNdoFfeU=
NBFPhvauv3k=
cVOtQZGbmsE=
bLSoItFahH8=
ZNLeRtaPoGk=
cXmJC13mc3w=
QT88o04VbB8=
u/JEdLAT9V0=
nLivnBvvvlU=
ES9OtGgCITA=
ONk8TBBTcec=
KcrXfahlf6E=
NIh/Sae4Oqs=
FK7daoUVyY68OpdFpEKG9Q==
Kmwzc48uh7Y=
mhBPXV7vOMU=
XOBiBRVUGS0=
dF6wZUKncp/9QJKx5j/cyQ==
/r0oVp+f6WbjUUnhUOIRgA==
rTJNzZWr8GE+lheduV5wwg==
AHezA/ugs+BRiIcCKYgMoQ==
0FLnjVDnsB8A9Bg8Tr/c2A==
7QF6Pd4ysSo=
T5XjQrnskuU=
5ZP/Etd7N/0=
aZktqedqfSwhdHQhweyoIQ==
niRp9BWRwy4=
rOAUc4lOQDk=
6GlFsWHA6DEMgqHWfsabGQ==
gE0WE/ad881pcs2RlvIKgA==
BQq85iDXCAFv7Y+WXUurJA==
w1DIws8Kmxj+F6UVOMAw2g==
CLtQF7eJSNw=
feaxrrBtr27wB09G/ES9Sw==
IMPayPCQ1hx1zjhb7AKm/A==
IMPayPCQ1hyrVd4QXmyw2Q==
UbFCL5/Ojs+IW/o26/pnIQ==
xYb6U16bYfXDYbl9Er3lSQ==
xYb6U16bYfUkdFZnZDFAWg==
4jzXEJIUPIAS7Z+kUPcpDw==
HsVPtPLcwwlAoMXDTVyMiw==
i1H247J8W5w=
3TMJY+pLkqYTmomceNFAVA==
t52GR3+mzAMvvJBbCm/Itw==
rGnpKBiUxE/kOCS/jsNSDw==
/NWQd/oKGFs=
ESSY60nMXyg=
OjBCXtpSy6leBRqDMl+X4g==
PMxhvnrxigg=
Y4itQiLgTw73iwR15MM3Qw==
1qW9FkgnGj8=
IsRPANS2h/tv3qlz10ZsKw==
bgcoiqhZ/zY=
yHU67incObI=
WzUk48s/YCOWTH3nw/4DsA==
shuykUA7lv0=
JLdPQA/i4mn19Rsl2+NYMw==
oVEPwKvADq4eXAENSVrqcg==
XCOJN/ktg6sWSWEdtZH0VQ==
ExJqJGkeEKfz9AoskiWtHw==
f5gEdaWWYbuMUTIH4I6eZQ==
ueBUiEjp0TosVxQ6QQbbow==
8qoPvE1PFvuSIC8/dI2Vew==
Sxc6Tlw0SV/VwW+k5I0Hmw==
ATQexO8YJbY=
14yMiN1TqWg=
T9OIQgU/LNzfYwmAMQjiCw==
wk6wC6uIQsS45IzsrHillA==
7V1KewfmYAv6K/cSCsjtfA==
7V1KewfmYAtN1ZBB/tlVWg==
YiJXsZnKm35hp0hks6hbow==
YiJXsZnKm34lxEjZs7bJYA==
Cf/AUE4MFYQtEnZAYG7fOg==
15DqrqT9FbMb1dg2gEuFrQ==
VhT8WTzuaBE=
b+2kYkZia68=
IcUmd+eAyTA=
FN16jE75U3Y=
R1wjBw12nIQ=
2V48LDOVuq1qfNzMEiVWlw==
qAmUdF6TiMud4proOrzobQ==
vZLXtd92djA=
M3NwyREDs6g8WfEtl/fd/g==
MQ7xpVeOyToiePFRcYEj4Q==
q0M6wpErkkMovL2hw2i+6A==
4exinwsoIZ0=
jXY27xLAME3gaddzVv4RNg==
jXY27xLAME2UY5bWeBdJLg==
oiEgi2k5Zq0=
mUy3N25A5gYXKLgYrtW6VQ==
6eAKchzZaeTXulmm+NBKdA==
0uy3KeTrWg3CxfcdAIUVBg==
f2DLKqg8NhXqd8+GFJqzUQ==
YnBmV7AC2YkjMK3gSJxC0w==
iziQ3HetAqY=
WAniC9xWZ9RWWMejtiZuoA==
NtGASeYkuxm3QmX4R/BcAA==
wU/2XwxDi/ekWa/bB6XqZA==
s4QJFq5hX7E=
0qh6dfaxTJahgSRda1DHJw==
8A2Z23MbYrY=
q5jHPzCvnKk=
kit9NmRIlK3iu4LDS7DKsA==
smMWcLldf48B7NkohK67qQ==
WBd9ukeyOwA1BpWaI8Qtxg==
nd88KCQrro289UKAcyMviQ==
fnOkWVx+4oJj/RcK5gKYGg==
kakmt21+TeujbqUJThFcnA==
q9LtsTocF1g0Ix2su9qjnQ==
JiXRT/SsjU4bT2A66IcttQ==
Lao5WSbBtWTToCjZ6otLsg==
HmOHy0yf7Kuf5HOl/dP5Gw==
DwpalE9YGhfyC1pc0ZGRpg==
GuAphQYnaVV5GozKmrgUxw==
DVVweSXCELM=
uEGdUlGa6pdxhvr0hAtwmA==
xTxSHpIwgsfQukgcQL0duw==
lGyOI8F7SdTdAQe13Pg/Rw==
ZjAhoLmGj8dnCERQcNOt8g==
FJbx3Wv5A5XfjVYuNLBIWQ==
m1/1jrEpFSrHO6j/lXNN0w==
WbcjaRBdVSVuTXwX1i0enw==
lI2eGv09jqaKFm6sGMZk+A==
2WAv7MYoBAM=
GmcgU87wDbk=
wMVxOlqHRjMtWBL8qxyXwA==
PGksoPR8U9nKPiogtPBjMQ==
Lmr+/CgASkhnQOqyQf77JQ==
TNblPpOpDol+wNsJK+Q8Zg==
TRSOuHQvvSShV3ZGn94SYg==
pBPWtnr3krdS/dA3zY9gmg==
DdLtKFkwKFpQ3PznSFM/Ig==
U1IP2oVgS6sx75EMHgeLGQ==
XyDUAvb4KYw=
U0WSg9v0oEM=
+IxN63Meg6yftMacXvZpZg==
m54RZtmQpYo=
ZhoiVvzzVPVxA6SbOJT7UQ==
8zBnM4BEbJe7fXezyD9wzw==
m9VKIUqEJvw=
vmpw/X9bPKumCX1UKdwdxw==
Rc6hbTRiNrj+MbtZ28a7GQ==
Dzw4bt7Skzmoy0ZblGv1tw==
Dzw4bt7SkzlxApQKt2jERw==
WhKsqTaDdmw=
Td/1peUkJNw=
fof6270L0DkPbrgfOA9wLQ==
Iru1L50IijY50HrVoAETsg==
2u/mSsykjr4u20wRKIi+pQ==
Dxww2yu6qAc=
K+rfR2z9tIEYds/xS7UJzg==
viWDnMXjyus=
Yj7+lTe018GzLRu/ty20rg==
mSZvovTtxLg=
dCSMOJrAfVY=
XLjxHbyC0yc=
kQe5N4mSyN0=
gqPRVDHiiOGzx27qohHceQ==
9g5SVVxgB8k=
a3T1Ua1YT7RlXvoiFetH3A==
a3T1Ua1YT7St3lZYPqOKNg==
miPSeCqvJKIdznGKGkn/Hg==
F5qDTIKG7OM=
Z0BV7ehifMHf4qvVFUHElw==
BFyeGdQw2KY=
PBQ9H/a0sbQ=
xDvYb1h5J7bWbWvLejgZkA==
r3z1V8PX03WlP/lGVW3JIg==
w/oCc1Qe860nt79FdJI1tw==
EuJuId8BVr/5yC44YEeAfA==
LItZbNbObts=
tHUlFeW/d3u2KXCbd0yl8Q==
F71tA4QHOE8XpkYuYubitw==
RDlK6eTRQK8=
0W2A34uEJsAqw1Vh2fnCpQ==
gIq8GRT7LV4=
E6qfo14FpsI=
waJMxRDbcZ/WoDqPaTVzyQ==
0ENDm0xdQRqfWFONAGPUWw==
Mzgm2Fsj8rQ=
wX1fKvFyPJE4ed9S87ew3A==
8Y2LRnNogZQ=
R3f7Kh9M29rvRZh1T9popA==
FHoAKmpix8I=
X7/fYUpLWhUDd3mpbrSnLw==
4KPiHHk6n9g=
KYOnTepqqzY=
SVBiW/AIOvU=
QZ6I7OOxW2I=
fgx4kG7K+PM=
+FX7L69YWW4=
sdppvZZN+YA=
btrLTp/pDW8=
P9xjd+g1HLkQuGwgGXG/CA==
7unzEmdJe2I=
N3mndyMVIXDt21iyo8Pnyg==
EKLhyx3XnsQ=
QXk53kZJc70=
+PfbCnArb6I=
ZMlBW63PPkc=
JYKoolW5Aq0=
86iANANeV/4=
hQ+iv1L+ddY=
TPZMSHjojIA=
V2WXt3c0B2c=
gRHMd2+an1c=
+INhbRz3miU=
h5LkRBFcvP/GWVO4ob1btg==
7xgOdeG9y+x/P4gEw09ptQ==
Ry30cxy35Wo=
NLK1jmIXCc4z90kRgiT6KA==
4c4+APALXcaHRSSika1SEg==
kV4b+xQS50glBi8amYUnBQ==
ilTibhkMoPo=
Y6JTXuL7WNE=
XtJsfdLox8c=
vLZiCkuKQRHmp04PltfhzA==
vLZiCkuKQRFWo3YmNujrag==
xHHJbFwhDQk=
FaGbU8Ku7u2BNnidowNNiQ==
FaGbU8Ku7u0yv0jqMt5PFQ==
spdApTYAuevvpCaI0pYWog==
3i8zwQ4JQPXSuuoScIv6IQ==
OM3kfpghS2dU/HIOUC1wlg==
OM3kfpghS2dN08mvS4Fkvw==
W7axvAXNo/clwzj3qnGu0w==
D6+W1FLAmLbCPcMvK1KDFg==
wQHAxtXdvEc=
bNqYX8ZxwV8=
ew5PGN7U4QI=
Lv3wkIipPNg=
0AS9zo2GGcA=
05DxxGZg+imtC9HW5m90eg==
ZWNMC/HSbZPXf4wYGUZiAA==
kqqwVhHZJgQ=
vy1ES6CSbUA=
6LGtY0rstM5iqEu8X1TqEQ==
qBSoE9lc3nM=
GKE/pQNmOXw=
Jr75gYsJwsI=
fqE3N1J680A=
eRRBqXjia5lK86lG6+B2Eg==
od7PgHRpxvs=
iH8jVo4U5kOQOq11sAgIew==
0Wn2arZp8mg=
2tC/E78YgSw=
sKUmkRnQzxk=
1SyuhM2m1rQUAT1LUxH0rA==
ARJaXb8/WO0=
ePv5yetL2mSCLSbBkyRwLg==
TVgTdLiAZY/TVjr7L7A5Vg==
yGTChx+hi80=
gSKUg1GDGqw=
KHHJ1OUdpNY=
yD3u+3OidIs=
QK8pJH9BFzY=
RAw9cSDl/1R++5KfB06o8g==
oAfiTO7nwewxtwgM4CMegg==
oAfiTO7nwezP4vrbvwkK/g==
pFOcMNeLCTO+PA5Za+yChw==
UWO/azz7lDHLfphPsWKdGQ==
qdQAreE7Ol8X7mcWCpgUBw==
4fXF49cQAmTMHQ/0gp9s/Q==
Nr+ihct5w+ZFPVkuwx7Zqg==
pkbi5AMDzUo=
b+//Tk54RzR5iGWPlG6Qig==
OY9u4DwKUUmJBT3Lgxazug==
/qe/F8jhSPM=
YUglISIfSXPXdgp+lUVmAg==
fipQvQj4vPu90EP/b1kHUg==
KF5PqN1hb9T8FLZ0+EzczA==
uHRHZzoAIV830rxhRGytzw==
+Bcrw7Mqd+Q=
xQZr5fxJABjalaxPd1yMXw==
MI2UAQJK0H0=
6v+kbq2jR1fJfrH84gLeFw==
Q//d8LsmKLKSo9GpYcU+6g==
Q//d8LsmKLJu+BDxDEDLAQ==
zCZ0p5932d1KZlBxMA4Z3Q==
LI71ompPRpeNw24pJ8bzrQ==
STjTSUrrPpesig0JEyzoyA==
6EDaq8e8bLQ=
shqJZQzFE4D9FEmBkMmw8A==
sURuMG5nP5uNiIy8HruxzQ==
sURuMG5nP5vJU82nckj2SA==
gMhrsknzqTIWwGYg8LxHWQ==
gMhrsknzqTJHT6FQkcJ4jw==
lanb3ouG3rqoIgSV9f8R1w==
tV3u5Elz3h05hbXdBurJXw==
wetmr1Rdo0n0Mowi9TyAIA==
ilPcnZIP0B2OrAZAHL/C0Q==
l3DcgKaUsXjjDB+HaIhX2Q==
l3DcgKaUsXiEWSpeqzorCw==
l3DcgKaUsXg3aS0QgvzaiQ==
oKkxvvCTDDc7s/SWqBQdsQ==
fd4bE4leO/3EY3TJCopWnQ==
fd4bE4leO/1cokgF6w1tZg==
I0deZH3TLjg=
YisjMkGXpY8=
twHUqO7MndKQ+nJTY8i6Ig==
WSeJr7D1a1Tzt6jktw0ttw==
AB8zGdFDbF1DRCWi6T5G6g==
b3o9YxTtwbpI40UOHtmYUw==
jaBIcWiRKqJP83jLVtLfog==
InijRUhu5SgTUzY20hKCfg==
gl3qH74Taz4=
/puwUwe9/us=
McSaWpkOYrw=
lEwi5KN8GyiSFQ6XsrGs+Q==
RZ7Q/y5TXNaY36nvWrzGRA==
mChaTCuZo1U=
1avN5RekXWk=
gD/o6UctqXo=
/NLYZJ+zvYU=
PIcZu5yyAWk=
vleNr2ECgR+cGusIbF9v8g==
s309JIG7ABU=
AQjby3IWJqo=
Ndf+uUwGY/0=
dZdzrMiU45M=
kilYzBUNxJY=
g0YiLYMvE/7pAox1lZFnKQ==
rseyDa+H0Jk=
xSDIMRGTNbQ=
6r3cttM3Fxg=
JzB8HpD3nKM=
4uJr/dzjR1Q=
ovQmgJgioBQ=
tHZyQbN66eg=
su6eZ7V2MCk=
b1opMsZeea8=
ziN+YbeNYGgh4WNJbtujnw==
rJ3u1Hq9k/U=
nh9DqsCmHVY=
TMzgFFKSuSA=
u56MFaLMf0LmzUyi4QdWsg==
y9WTolEr2TEfUsLsruJGyQ==
tiW8KcqhatTj1/qJM4snag==
wmR+xOqBajc=
0rCX1dqksC0=
tpBBJoymWPinKaWlwsq4Hw==
Uixwn5zf4Fg=
p85XI0E/NwTPbWYJ8sjHAg==
LPETKDi3gTA=
eDO3oTywgn0=
3QjkY7R1CIg=
bwoYdjUYvhz495vo1a2gOA==
sCPvo6kpDvM=
5pu1UOgRdWc=
hrdYLX4z84Q=
DXCSVsgzAag=
R9gd/IZCg7g=
GxKwCvAzOQzMARBWhLC5RA==
cwsOmXQrYXLnNxnkXhgjpQ==
ExGv0VWKhbQ=
E/zxPPqV9cw=
1HwbfuRhA+U=
EHmIvvMY/+I=
AWhq+f8G16Y=
1PGf4BodCJk=
ABLtmTsOmMs=
wxyNCzeBUkOptXrHwu6Z/Q==
O1zLBRNWHw4=
ySXQ9OaoBrBAroI00cDLfw==
jWAphxL7Uvc=
BcOMjRr9fMY=
iWbxHTHw1P8=
tH2r8vkSvIw=
hJrlUM53Zhw=
YAjpU4XjyEwIlhLAUKhwMA==
kgzmoZTFjeI=
1DchlhZ/quQ=
QP74Z8D2TKg=
NBVIQ20BCys=
+4gbyEkQFLiSh++B3WiTlw==
wmdPfrvMOT4MnM58lwaJqQ==
8x/lUayLspEXuz6ZCzlEKA==
a9I0S2e2wlSmOe/4DS4wbQ==
K0hELuL7We8=
kIZAH4TEq+CaDp3vqhvP6A==
dwKQLsfAPlg=
DeDBpL8a4bs=
mrzVuJc8cRt67mYihIYgxQ==
q9PLvCdk9tg=
ITf5UKy8RGONkbLjPqQWTw==
3N17nfMESyQ8jvkTaLiAFw==
dvmb2a0qRyNU8G2IMxOLIA==
1PCyZAH41gZSulkxzbxGJA==
yY5RQsxElTfEPBcH7Kh7hg==
rNES5Ys6O2w=
3ZB0Ny1c7tI=
hY4gizv2TFU=
AQnBYoaUMQk=
QRZCtkU8eLe0Px6aMjO3Xg==
Z53ppsimTXg=
y4hZdjPP++w=
E91ScYFuzV0IBuXdqh7X6w==
6EzlG2UN8k0=
nFnZSH8X0G2zFTBA9Rqwmg==
EbAQU01Gp50=
Qyu4xQsqJ1k=
iDJs5EyvXrINGyOdzN1JqA==
iDJs5EyvXrIPj8xpLnCbZQ==
pEdVC+HrGrlpwZo1kOL12w==
Zhkjdj9xvP0OG4p1fh95ZQ==
k2QG6dWIrzA=
KlBTWAY7D2k=
rN4nrekru1Oc2/doHD5Qtw==
dr1tzG+RrJM=
lO2trkQ78a0=
4JRR+htyFmYSg5sXf09dPA==
KBkyTnY5CAGtXj6cJR881A==
q7KE1EP4lN0=
kNol+SpxVMo=
UJEMvUf9WYE=
wMWOotxG8Cw=
5SucQEE5XW4=
24aN+7xAcLUippMyDDPofA==
JMuCLN8Jf7Y=
M81rBELAgpA=
KaBKS4qGIvk=
rqyYbLNtXY0=
i3LukwFSWuk=
D9fHigjj6SM=
ap+/QR/VwCc=
lA6CeB9h17liE7c3nOttVg==
lBtFE3V+cLGv1uf8ZY6Jhw==
W/HvN3prn/I=
ijXFkXWB4Aw=
MsiG1nPQl+s=
EMpKBWw68lQ=
XPw35hCfocA=
T7lVjczLO6g=
B0NPjBTaYww=
MFARzEnhlV918mU7xj8wMg==
Y1xKSf516zI=
tVSO7xmicNQ=
NZs0R7kjNgg=
I0En8zPzU0w=
RM4ersMJdoY=
O7ovGmc1SYNqdQ2gWWZFiQ==
NeF4Xa4rzgw=
M0Q3LDT+IGMMfHunvP222A==
+bP9K4bn1Nw=
eAKOOmfnbOQ=
rLIdhAwWIwsQGu0OixPX9Q==
rLIdhAwWIwu/mOrer8IcGA==
rLIdhAwWIwt8b8d9Fx3cAQ==
8BWqNugDKj/EzTOid4gOwQ==
fcyulrWwEs4=
7WgoU4UV490=
GjPcLQJBTjZhLPgc9QY2Qg==
cwqzn+jD59E=
RF+kO/fAAeYejIi7jLSzTA==
B6B3YtlHnLg=
3DCVpQIYZPc8QjpSCh90+A==
Q5eYKl+41x/3b/BIKqNUOw==
8FxTtsxWfIUB8V2qEOisEw==
8FxTtsxWfIXrF6OxRCUMyQ==
E2pzCKTIHgE=
gB2Aq7UlCm4=
y+rgZM1ZN7Lzpo5aGhFR5Q==
qxBDTrptjsU=
A9zLmwVRfDPVfdfKrd+wjw==
Slbli27YnaU=
1HkOGGKgA5Y=
5l7n1WzZr7w=
/3bQZIh8UlE=
mrS1DfYJZMZhSEfG5RKNyg==
QAeQlo9rIDw=
y5hWut8G0DiL57Tdopz9DQ==
sl0ksegCa93qI+eg/wQWyQ==
KZt9DDYG13s=
QkVaPHATS/oVh8ueieMMJw==
Jlne8sPIHv8=
RiKPujOyAcc=
6nz41DNTnjc=
hcFu0OOQ6yQ=
9CcgVmtcVEk=
WmDlvhewkjQ=
8+MWbJwzLDU=
pnrx5ODF0oE=
PmdAfaBxD1A=
vqoQdAA+hFw=
esElCuPTnSk=
Q+js8auwtSA=
BTFDX2MbO34=
xteoUu4WXso=
bLXP4e0WOLMBZF1HF2oDzw==
dtz1//jycQaoG2/wMTGvPA==
yy5BLg9fZyE=
ntmEuJfhbng=
5Wn3gLwRFOA=
OnpiXNrcayo=
TAqz1Bxiu+0=
8VQ7BmG9o1A=
t3yiD0ebybY=
aazEWj4tAqKEKmYJRhR3hw==
3mWDOm2FgOo=
3e0R3OXKQHQ=
rM5gdUwa5ko87jlhIIs1cw==
jbFOR0YtHE8=
/BHsFoHWbFcW6mQlruDmDw==
q3NUpZCZV8XgTUuc42Z64Q==
QG3fmoHGav4mgWepqdB67Q==
deh+r38DcNaUjk5vdztCQg==
deh+r38DcNYhPKqrhHOtJw==
LNRi7F3SAos=
1rNjd1nuUr5kcn+OzTW5Dw==
szBiFCEssQk=
T1KPDIKjx20sSwxC+n7aXA==
vNgCQsZv36n7EPQKsqd9DQ==
vNgCQsZv36m4fA0mtIFXrA==
igDY6A4+PIGTt9+uu+XVlA==
TDoQn/xXOTs=
fpfelRoM0ic=
6zkLrTCqhDI=
P3SJDG5edk47sia7lyohsw==
xxUsvJZ9QWPbq9ZA9L57Ng==
o62IHs/5DQc=
jFLPSxRpS5M=
ELUDurUW5DU=
ukuYBO12EiiSt06cFulePA==
qXuEOzU0Jo4=
F+hQpClFilc=
m9SBr6c6qgk=
JI7uELdFCcM1ODSNWigH/w==
vV1oMeLjHVPqU14D5VUn4Q==
2jd6fVU3cdn/f0kLnb9dMA==
BIGkxczo16g=
bMkd+OVFVpI=
DUH3c1NB9Q36dsI2u9D73A==
I/B4+xb1PqWilAyMcxahKw==
+SkdkwN7NjdCaSebO8D0SQ==
4BgYttzdthvca66MhmPJyA==
z+FP169wyhI=
DSI8i0S4Ur0=
mtN0YlxEsJo=
4zN1Zovs6sA=
qX5UHhm/rjwdNxU6zCKzGw==
ptNIysp04AU=
75f5aC3b3jw=
1psBAHEieos=
Dt6zcmSkZ38jKWmDWUHjQw==
twIigGEjdUMAxJp1IARdsg==
xlg2NWf/ksbG7mGiwy5vug==
7IJ1hcGavAPzdRB4EN4eig==
Ge2dmmY7PlM=
JgbQSGfaH48uLyWWOwN9cQ==
Jgbw1Io5aBhOFt7et+ryrg==
81dSnVA4aQ4=
QqGkVGieBfMMpQi9rRt7lQ==
044oAZjHdxQ=
4hAho3z0AnU=
0Mo5G6iJpuE=
2Gc7oyCCxic=
8PtEoB8OAt2ikovpvo5UNQ==
DUM8F6Xk6H0=
0q6PCgpqN1U=
HDwwubxYy8g=
4czsDxPW72ITiawAE6m5DA==
S5BmYYfpuNL7wuT8PbLcyA==
GxndPefZ2gg=
uvwgMAjx0MI=
hEsEY3llJUKLIcJw6AYXGA==
1tYpWn4amcBBXT16G5FEgg==
COgnC0L2H+I=
a2MvJcryJvAyi3TsoMXQ0g==
a2MvJcryJvAdqu5b3jIRJQ==
tHvCMgbjXQ2U22Hgn1/ckw==
rkwuQxGrOQPWbhEPRA1Oug==
saO2+wUu2S5c/q0TwxLkKw==
mVOXpQbUqdup6TPCHyBzIQ==
IAl+qKPIkvM6pfuqDyGIxw==
5/tTHbObC+tcx6Pn0khuRQ==
Y/myJNAhG2A=
6CXlsl7PI9M=
n9C64xfzbO4=
zQw0vJFXPuQ=
KjsmlWT0vo0=
7zy21ufwzlNkORz2SGqXNQ==
cLVl1SLYi+c=
w3/L3fb1yuc=
7jLCXl91ajs+7iGnpyaiAQ==
L1rLFwsZ6jZidPPR4Bwg6w==
uyXcqhUMpnJR4icXEUSaPw==
1Jpdl9y7GfM=
hBjFCtuqG4c=
J9EFU7FyVxs=
Jh4f8SrzQTU=
p81gz0EJbSo=
PACtOjWl2dk=
Xj4A/y9WodwfB6hzG9I2Ow==
yYlrMRXpzTQFF0Gc/vgScw==
yYlrMRXpzTR7hcKZDVt+xg==
IA+QLuu1EP94ynFYl20X8A==
4Jfw38QJ2zVCs98HM6Zvgw==
jJIJfFWSirwCjGAhrBwIvg==
M1KeYy/2UvWnJB8pZuq2rg==
7Hsj1CDuvGPdEAhfOZ2gNw==
MZVYMDU6p9C1vkEnRCK42g==
mTxBraP+0Mb4HejoYJdT1A==
UaZ5YBH8vSY=
amz5mgco/BsCzsgzSeXLKg==
XJse4NsC7ek=
EXHxTxY4Mbq3dtARkE9Lug==
GOkSkbhnWUg=
F6/obBAZmAc=
1F27hzWAwtA=
HjRRLJI2FD4=
oTAQ51jqpjU=
qL1ZWvanFE3dyNIsbwWm9w==
cVfT1h4URJ3h2Vp73/YgdA==
u/9Xce4wlfxfortwIVobbA==
oS5sqMI//Ko=
250Y3MeFZP8=
6VIxvVw/7J0=
5VVrfNF25+M=
eLlqHHq5IYs=
H88dag08TFo=
fIpc2Bv7dgRigTC+b5XewQ==
1xexS0+oOdY=
m+DfbEtpdwk=
afZAYQTXmwtGOSHS/gtAdA==
Y5AeRpKiRxk=
aLY4fLLSnag=
2bIQ+cqNPIY=
gf3Q4JFVAnc=
z13bz4ofjG0=
T4LO19sS+Ug=
Qt0loof31yA=
yaTqkskLpOE=
/0XdIHt+pUs=
Ex51FFwb/F0=
ofS/fjx4CqmvQJWmCEgSpQ==
h0q5kxfurnw=
lFCaEEFf9LExGNQfpnYbjw==
M/BrPA1SKQM=
aN/NnnF0ing=
KTnHUOrZkFA=
EJM+o/lt23o=
hnFr4zhaTK0=
fPVKhEcKYGY=
t+nJVm9uWHY=
pMtEENpWKcA=
L++WdKfFru4=
lhyMfj5dl0E=
4obKBfaVBOE=
J1bP8Qu0Qm8=
68WlcAHjND4=
sAfBDX42tBsKqUo/tnq6dw==
W2NbiDehgYU=
LmFcRUsyDSA=
o+kvHBNtVEo=
a5J/IQZA15A=
BQxAgsyMAImvvVOH0SXCkw==
gpH9KMx9+bw=
OUrwAhgHpf4=
D9Yj2UYO2do=
aaqHT9OLgYo=
u74430oSfhQ=
BwI9e1d4cbdt5BkORK7lRw==
AaIBAufejcjXhzO3Glto8g==
wTejVyOd3rY=
uam9p/hosiE=
UPeXQEzmop4=
2zJhS4byDMw=
XKVdZscg/Jw=
WKbgafuljE4=
bzMOdUjgPh4DJajklRVYnA==
AbxLCk3W5XE=
tskWaNasYVM=
CKnLQ868BpA=
hd/WMBFer7Q=
2dpnLM4Isgc=
2cRI6xSN0Es=
hBmOMKCkQdc=
SqGVRucb5WU=
JnBD67g1JPjeR/wy16jH2A==
5o2dBKrOJqU=
cpFkRfwtGWDaYhI6M6U9ng==
Hd8ygnGWiuzHapX/VProRQ==
JxqK7+8s+x4/K6xaG5ofPg==
S3ybdWtVSuwPifoj/26rXQ==
FwIj4rgplwPpYPUVAKUDRQ==
qkKgLL/QlD7EdD102LdZSQ==
TFLK1yI4JrpbmBgu1w0+Qg==
SnoxBgp2qX8=
H6iON19HNhU=
zMK+3jVJjuxQqKoxMNwOdg==
ejNuqAxj5e9b4Q4sa4yEqg==
cy/KbDGkrvg=
S9LD2keBzD8=
I15pXeJSHBw=
tqtcfr+aCsIftaQdNEHxhQ==
OIiQKnzOOLU=
okTn2oPOUYI=
YqHGYzfx/1k=
STUkauTTTds1uLsW1yRotA==
ENTa5jeN4ARRjChn5pKAYg==
q6wO48MQrA4=
/lHIPQGRo80=
hkzyLkG8fLY=
X1ttsC+N1d0=
rLDTYJNe4b8=
KiDJayPG5qWQSrtKtF6l4A==
4ng5SxzOXgg=
qe3t5y/Jet8=
8VAUGdLfv28g8d5MY/ySHg==
eIRcw6iizWk=
qmLCPwj6yoA=
G7vmhs3BiC0=
ZJ8yuUuyU+Q=
zhBoeUqy0bM=
bRRsRaoZu7A=
01+R+ilmOZ8=
8DJUEsUAt/o=
55tPCx/cEHM=
eH469nfiFUk=
79QDHYJZn2I=
GQHhrbijoE0=
nNSHPVqHG9o=
mfXGV7siFu0=
/gTFzmMThzw=
ogXDOz5Te3c=
KmloNoZY+24=
YBu3BBUWnPc=
TZxCTNFUgQQ=
KOwLd/g9mj0=
3aCbQON2CUo=
4LMj9HnXvH8=
5X7iQDmF8Lo=
xR51HaPl7mM=
CnHwl3XGRNQ=
DQ2cOyhViK0=
t4u1HAJszDN9fv/t6hFe1Q==
CLAwVueZLRk=
K2oezL9xh3Q=
5cxjTMqIs30=
Y2+uqzf4oYw=
UecqQ0DzCkg=
pTOR00asc5giP8xuqTIFnA==
IVe6FfrJJnU=
Ck2qHMOOlP7Kw1CMzjx+pw==
0YXYESnQjSc=
CkecZMVL5Zk=
zmEUrzz0/Sg=
7jkT5p+nPak=
NwnySvJLXdJ3G5fmzrenGw==
seAc1JYmuuQNSJqz+FRe4A==
EsbKR8rTAFU=
bpKQ5EXHKIcq4yGnqGVqWA==
jKwVPTHilFvZ8wwGfnmxaQ==
0jsYePdDPoqyRaXO7Nogeg==
8VJUQD6m8lxE7lJZoGaA1A==
+nZt8WylUHKbPP00hXoVzQ==
LmrCYnRVikQ=
ogWzSYsMn3M49sLBZa/5Hw==
qxtL82feWU0=
FutweLonjT/Zi4Ji1dYa5g==
wREZJGe64GsyhkOJ8wv+FA==
hxNiGdH9z34=
mJl0UW0JSxs=
cXOz7G/1JjI=
YhUwNy2V2+I=
z5Y7tnZDXgMlFigzsEum9g==
Wa625MFBQMXK7FfsAQkNuw==
f7mFDOZ9nXwRoEBx234ogA==
WAQgvzDWcaD3CqtrGELvZw==
9R3Cff3bFAg=
MSdUZnpk1QL6M/eVGd4SWA==
MSdUZnpk1QIKGg4Mrxb86Q==
jAAsb/GPN4xmzU+zpDH0rg==
L5V1f76kgaqBxweGyhzWkg==
y9rooZFnbS8=
+y7iBXac1Eta89j2hytcJQ==
4V/t2sTbSSI=
RiHiBNsBHyu2/MWW+jTMsQ==
/wDJLD7U0MxtNxI4wLh+Mw==
LUXLMmnDjoIzfBGBuJXptA==
2X0ZGBZPi94=
sTJU8BGLyYQ=
9iNfzJ7vCGE=
v1FD4I7kkGs=
WmGlEgj9Xac=
HzrEIKKGRmBz/m3XQDl5ng==
RXTWuj8dAPQ=
Z0IAuJBBq7f8hmxk0s/oNg==
D5Gr0L8YqErWE1O3NZCxDw==
qkkmk1mJIuM=
lVuzx7KDvb8=
hpvBc5yKmrs=
Jeopc3AQBSE=
EXHk/LZUhYUZTmyXn1o/Pg==
ngkQQMV17UdmQzTnkOnJ9Q==
/uhUyQjHTlqAXcGwnkZcaw==
mrLtiHN1buQ=
bSLGWQNIV3tEY99L33BHUQ==
qi89lmrJKmbWdO2BT+8Bow==
Dpo548pOEgM=
0rSxaRVovZvsnhkJ663Ajw==
I+UGzp+9AxU=
tZjTTy15uJw=
PVwaQ6e4q4M=
lMNWsMQbofhV7AOnCXXy+g==
7z9Bzc2JTOY47AT7DKRNQQ==
+nh46xVso38=
XU2FmU3QKijU6bKiFXwYXw==
o2AzG4FrlBDk1suOylyG0g==
o2AzG4FrlBABKYyI/KXngA==
mnIy2Y1HXdc=
H4Ozdg7+LEhm3S3lgKwSBQ==
Q2miDAxCIv4=
e76pVybbAto=
mReAK8df+ny/a1PkRgm2lg==
SIGx6hGn5+4=
HmppdBLt8xA=
hjG0Kn/3r7KfGU35R8CU6A==
VyO6ksKx7uU=
PaOucR6QIhI=
xYmhWI1NCjE=
6FwVLwupvf0Mvmxsv4FR0w==
7BMwX83synSXq7dIsZYrUA==
JR+JY7eCgF+eKZFCH4U6hw==
YDEP9Nig/jA=
U1KiyGJBqCk=
u2S6X5XJnXOB8PVty4GvLQ==
KTKNMLZvueM=
oXNc0xEBPww=
40qqtgxzmTx56wJMS775TQ==
7capLNTro7TWY3xsYA63MQ==
xjY8ynJaukrEvhqW1TIlcQ==
jVboDtWYWQP0B6tecoJZUw==
IvTNfDwkBNo=
QjUgkugMRd6xFh7uAlbgVA==
51SJ68iW27I=
Qim5DIujg9CUrsbWOsv9bA==
lJ7fKymg5H06G8JxXlu8JA==
OA7rDHDTlwIl3CSX2uBtLw==
CAZmJpdam63TAK8N43FaqA==
6u0Hklnsuz6CnHEYw7RIBw==
aQYvnehIfrnUTKP4rboblA==
5zsJLL6ne30=
kZlctdUxCvs=
y7p0VV8SnaQ=
3s3WYdkWPl4=
jRI6tGn9LYc=
ReJ/1/YjLnkUyeqC9tNSKw==
YdF45RT6sZs=
mdSiWeXyVyytdVoB6dniCg==
Y2el9LrPwYU=
XMvvyuEA6Y2VnE5KmQTVyg==
dkiBwiXr+3o=
WfMoKW5vJYwg3x3cP7+j6A==
k1GUS5emOA3Fr4k0Ho21cQ==
2ZLdUgWUQ3qkeYIPSxNvcA==
LiVcIRkhaVI=
ThLXXiDFXg82HLcffMVYTQ==
rRXmHnDv26U=
HBVtel/L2tc=
wcPdiJ5+2sg=
97mdFFQdG7A=
3jguSd2gRJI=
S01hurzZeYw=
Q74ljNJLSZs=
HnwOKrltb8oYUhbnVzIFrA==
gKUMOAZgylg=
H4Q5nFr4rH0=
hnPew+EZEZc=
MabpiXpXLTg=
U/L6UTLjSyI=
Rxl7KF1x+mg=
iJMA4TQUlFM=
GleaKqG06hTFodZFPtQSPw==
a/gpYYtzFb4=
oxiXvtUMQE8=
VBP52xj3cpYSsEQ8uBNybw==
uSQDMWdeg9I=
KKXrHVi5XNKbjwiRpTZikQ==
SWWyg0oyivqscgRwlnThOA==
0kvCa09dBbY=
ZWyL0EpKxNE=
MS3E0N1rAiU=
NN+Elr+PGac=
iwyF4SKQ2z0=
Gv7DSWDozSg=
6ozFGb+kuDI=
PR/5RriUcCU=
z0IMIM9a6d0=
Pl1jYZGA3tg=
/pIiRwd0piY=
NZ+xBi7HMK8=
UdtlcNcd2y4=
R9ppu6xh4qbWiLafoPaD8w==
o+JFuiCepAYmdGu2HpFxpA==
UjQL+1J8hCo=
/Kqg4foXDxw=
sWjQIcyqU1E=
uUXiqAgeeQs=
Me5OiC8b5JE=
XoSfYf5+73A=
eFFGBb1H33c=
xdWUjD4NnHg=
EPmGYiHpthM=
rA13Rkigj0M=
VNZ/lja2ysk=
iTyNmC4FHtc=
dGj33YH33JA=
Rc2kjO62n0o=
nfd+Z80XipE=
7scj8DTrGjc=
yOPuf7EUgWw=
Nq3nw7gftnA=
HPazVVUmDBw=
cfZ0g32ynT4=
8QOCUMMH22o=
nb66QOmn6Vg=
LaETIhwbCNk=
YdkkCj5s4jo=
xs8WQp5OeZU=
+DXuN1prWSY=
NMdjsbhuRgg=
r6vqDVgrMjU=
Dl51KMOXeJM=
JWR8ncs0lxY=
lYb6kHoCfW0=
/EKNTWMAkQs=
Oq7RANwp9w8=
0ZDgwyLZSHyPjCCiHhEeZQ==
w/gC3reSKc0=
Rn/y3w33NxI=
yrV+zzC0Hr8=
xyIfCXtDLWM=
zG4CraFQCG5x1D0wKIylPw==
T9n2w30v33o=
fdhwzKA0jDI=
cGikJTZNZa4=
h1rrIKLb7QE3e6sGiRSmMg==
MfUZEmQqsU4=
hB9nuU9oeAk=
HFkOtNcRjo4=
cxYZD8cZk58=
iQ6zoGq1R5c=
6bM+klInFNY=
tQmDbup31oQ=
omBeLJG4wtA=
aoRhGKnyGfU=
hTWNYQOLQHc=
NzOJ7g5kdcc=
5c2wYcjcMrQ=
GKe2DqbV2DA=
iyKs9umsW58=
2qTqP/jyOm8=
W254Kp9RSe5DV54S/lNhHA==
W254Kp9RSe40YOjbGJhSaA==
TcpEtI3K7MGoa0IzUqTeoQ==
LRXeKB87NOM=
kZnZCWkjkXY=
ttG/ZSFV9Lw=
XrzlEgYiZl6pHLRcotMbQw==
8y9Vku51Gl2uXpxCC50OPg==
ju6dCDGSlxm7vmhiTgxpNw==
9v+ufMZS44jqRvdKbKMsCw==
j8VbuHES82jPOcTGGX82dA==
t0cG7QNSlururr4ncVBMcg==
N41kdAFJlOw=
FHo5jWvues814u3c7wuUQg==
KNtC57isJRERCBrp/A0XDQ==
9LS5LQbMqL0=
wl3mQZyGOyo=
sX3Pug1dRkw=
1wDLc2GZ/Efg1gqWYk4O2Q==
8IxOtUdQz28=
TP+F/v2WNg8=
cS18M+TjA8M=
aWN7h/i9YHo=
NuQQYMaiZqQ=
YhrmNw3ySxQ=
Bu5o4jGZ5Jw=
HuycCVZoBeQ=
OmG/t4y7Th0=
S1WgbBpUXJPJuB9lNT+cfA==
/4vAYkjC7BU=
bOtmTrG5XVY=
uBybBZezD54=
qFRrlfRAW0kWxtHjYkJvoQ==
dClnkHV190Y=
PA7aPVMPW4RxMkg/et6YCQ==
hNmTP/lzpQQ=
SjoiX5/LzoYMHQjieL/spQ==
mVyRE2xr1xg=
tokp+kOL0wc=
Wf4eMy3DuXY=
4esXFA2rxrcvUwbTCC+1bA==
uh8aJigZAvE=
P6S14+Tu0TfdlJ8x/1VoSA==
nn453pizr68=
sIqDKp4KXWk=
M5t2V+5KE58=
clbzRXEbBdI=
UDjC1ELpFw5sMTklzlYRmA==
M13l+h3u1TVAWBOdHqeVkw==
t8qRuD/hECKrb6GZ3gVorA==
X/UR0HzedOo=
e5WcStmSVm4=
8TDT4xd7/70=
Jrgmm4HMzu4GbGTDJraeYQ==
BWH35cdkh1AOqYpQyBjN7w==
NeBD5gF9Nm4=
AI9CZL6wsr4=
iyTm943Lh4w=
ObIm8EpqXp4=
+HLOB4bfSxU=
tcwSo08I0jA=
JSXrkufXmIa1C8a/etKOrQ==
yi1TkX1NoXU=
67BQSyLoDnCEYiyKPUGDkQ==
d8yyar77i80=
ui/VE5+U5YE=
YzI5uhWlvkM=
bW/UvK6UVCFsnbm7EWoYZg==
mGQkU9ot/OjxLPIqV+FeQw==
4MZJ38KpCP8=
KbhDBLlwP4U=
kEyri1FQS0E=
/X2cV/YUjUA=
WmEUtCQa88U=
fvz3waL9VlDSCa9WQ/Gqmw==
gq4oKWadkM4=
ZBl8HiHujSg=
ISNcFPQ1Qvo=
BctgoQEet9Q=
h6+exmxNCNEE5JZVtc4oxA==
Zq2cQJK9nua+doEcG+0Z5A==
imRKbZ+DGbY=
DA9UKNM5rlM=
Y42b2DaZ1rs=
9QpCrwLkQsk=
EO9qPCuC0oM=
xdMBUImiS6y2XBV9Kxl0LQ==
jREaYYjqeVBvvTPhkDWw/A==
X3xIOKTFS4A=
+Jl2umVQvbw=
jmCecIPzOIQ=
w/BZTYiiQ20=
dn0bqsAUYBs=
hMjHlsv0YMc=
+OCvWpDkHYQ=
effnGSzblX0=
/gm6VqNOgR8=
2K+iNmIVqw8=
CN0UVThWPss=
uRDpuGPtSpQ=
30XTLUq5FEI=
pcKdpcHetqA=
A43OoMjyWWo=
xt8q9WkdNAycYzQdUdGh9A==
vJMnTYhZ3u8=
jlADrIzaC+Duwme9OmUjGw==
zzRdxcpDlF6/0BMkG2ZCmg==
lcn097Ut4D0=
qaKBugWVNyQ=
+0iY9YkQ+wi5sNV3IpS4Hw==
C6hG1FZnCZM=
H+w90w6C1b0=
GLrRQ492G0s=
z4XSx6qs/kM=
ST79Ls+miv0=
1NsR+yumP/w=
QZ+xurhssSLQqHG1+jZ43A==
QZ+xurhssSIpyA9eAchw2Q==
b4GIvjv8ZFw=
dy/3jJTtpMU=
FyvC0GKzxs0=
BtTEl+0NBgU=
a4LWxnzuPws=
mCh+rNePZHg=
uTKAhxjSJNs=
9a1xlcva87N4P2BOX+YVMQ==
9a1xlcva87OG2+wWtXbUng==
Odo/8WUQtwMa8iH1N+Tuhg==
GJdk6Spnyj4=
nM98VGLvcWU=
m9ZYHqWFNLc=
1p0FOUNBUs8=
5uOZ5B0CpcI=
A+0wLUYVnS0A9nxVImluOA==
D9XD8jjCnJU=
4h61GpNsUh8=
7URJmeKxTHA=
16OwznB5kHI=
mxeiTeaGW2Y=
Cm4muy8nrDcDsE4jHqXjDQ==
L1hsi4MpBI0=
K5WbSgBBT9c=
hVKH5Io0O+8=
mdsCnKkeq88=
4X7f8Orgzus=
97fV/6mKO9g=
pUpguHMbCiFgbTaylAxAgg==
djM+MtDK1Jw=
YW0rewoLNdY=
LeF4WacRVEw=
ANd/Lqdpsvg=
xrjKO5JbYsg=
TSHv7NnYD/s=
hHxSVZluc/c=
dExvfaW591Q=
y+6pB7PBZTM=
PloiGa/L5Bo=
yPF6WPD4kuc=
1gZZSnG/HVU=
bSIsDHOy/Y4=
5rCrltZPg2Q=
F1VkSDr+OOc=
lgw7YKp3GX8=
OF+W1pg5P4c=
F4NVVweNL3PLZp+AcOUL7Q==
fzwAsTh7AKM=
DIS4IJOKCiY=
h/e8L/4PHXk=
7w5JYd5pI/o=
68Yi/p1DtTk=
NK3zjhU1nhU=
nmrfkYZIi3zJ/pYNn4G6FQ==
OnSw6zYHhYo=
ZoslBR/dXTXwx9RlqrYdoQ==
f12Rl3mBKeE=
K3LVjsMKEfA=
GqqW74/EurQ=
YTDSapET0kw=
wmjFowLaXns=
Ydae8Nl4Sd0=
oT18/PJziEFyaPOzHqlD9A==
RDmrhZ+1xv4=
Irt09KjTjvBvaxxZiTdNeQ==
hqkUZ62F3xI=
HmkTeQpCO8s=
1XMFNcwD7bk=
N2AhaijfoXk=
B0BnYDFI3gM=
zWq8sSrl4rk=
+SIpaEyugrbWXYwgStQENw==
+SIpaEyugraI9/l/P+fSog==
pWILZWifCos=
hN3veZKnGgA=
rtzoLDh1AAA=
hIZTcY9MQIM=
NHcclR8+2E4=
SeDq8uym15U=
Q+h5m2xFPaU=
smtNj1JLBgM=
RSJvL+eZ9NA=
qgs2QiKGGEI=
mi8oBzqnZ1A=
l+AQu7LwKqQ=
IAe+E+Mt5UI=
yGmc8fUj9zo=
0K20K5CZZfs=
h9RcLhTg7FA=
BOrBR/u7c4o=
pmuRiVs307w=
xjdILgxNopI=
a3y0XmN0lgw=
8iOeMVAtx+M=
gTGr1Y3y6B4=
/YVlv46sADo=
h0LoIzq9tZc=
TLJ38LtNrSI=
RZLrN8ELiFI=
vK/HNxVnQbA=
T395QcivJj0=
kAqKdwJ1qn0=
VUcadrfPbC4=
h+1hyuylhrI=
OWe5UwvsGCI=
mYQokdBYA5c=
m1vGspFMAUY=
5Gie9i+3H0szLr+hl5ykTQ==
SB4Y3f26Oa8=
Hzvm0+uu/h5au2GFkoR30w==
dyAQ5lwsRYucpizUYWQ2nw==
aKV7/gAEox8=
RLnFQ6BBvK8=
ktKePoQ2LDs=
UQ1TArqa4Dg=
kH84NBrDCHw=
qCVtl4r+A94=
XY89kqL6OvQ=
vkLSuUaqC24=
euTOVn0mGA2oDmjfI8suoA==
wf0OhjaG13Y=
wYbSYb1VcQ8=
wxTanZLHPSpQaFtWEUSBcw==
1ZILh9WikcQ=
g5YZI8McDWo=
FHMNywRYDwk=
XKyluvPoBPr0YXYu5a0ETg==
sMQ5QFogCaw=
2whhJa7nOnIAEm12PMNLUw==
dogBR///d30=
ExzawskGva3VxbWeQkCIqQ==
y/CoybZ/UEE=
wux1wjkb140ENul0N13NmA==
YYx35ID9YtY=
bhtFL6eWriI=
E9chhCiEADI=
wOXjTtwbbrw=
70kqFkcpXwU=
XCXyUmLLLv/NprDN+1FdjQ==
QCbpjWi8+g4=
w5p2FNcY22A=
TJS5fShDCuw=
csBaCI19vAM=
26FPka9fE0iqfCQPqSw3rw==
lXCL/agaTOU=
ETCkRa9kEOE=
6iZ22xIbdRA=
eOp3iixXLk0=
wEEFP8NhZ8U=
XOSnAz41DTE=
TM0oD8NUzj8=
tQ71dXVShb4=
gUss18o/oc4=
5p7XzHBj5R0=
XpwVrO3r1KMEYZBUsHJuGw==
3k2IfCq0yds=
YGfQvrTKfw8=
wZ60pMmUjaiBzKf7Mvjhew==
6Xmq5hiGnYY=
mbJDvB7bd+c=
gnhir76Tlhk=
2uUhwKxRSuI=
7DZZih794f4=
w10E3ToQ6JM=
jHIkU8VuMKI=
5P89wHGrcOw=
0u0vqNuFc1Q=
V2LC/8VB6lAmaGeaMzQJIw==
N43lQXJ2yBU=
9gNyHiOIsfg=
axoQVifHmDU=
HmoXLmsm81s=
q3/oub/Qirw=
MaSW1UalkjA=
jicnyimhcCqk+byHQBibuA==
Cf9O3j0d+A8hGNhWpcUSSA==
h9QgC0zH0GE=
d4ZJp+V0uBg=
kGazYvek1kQ=
+pmuPNEGsBo=
q5arjYyV7Wg=
xvPzTU560RM=
JR1Qc1t2+V0=
I2Bvqtgf6WE=
vwyvprzV7nU=
hqzrj213jFyyeVClIHql1A==
c7yKQPZYzYs=
WOPB0md+Boc=
/2YIR3NvIsE=
7oM0yx/IRgM=
eiJy2g8eOJw=
dWjKXczmros=
lVsQkBO3L1k=
ZjtbSOKuBsw=
e4RRDugvy1M=
nvQXdLbzsQM=
fVCmxOy8Nuk=
jBYSbO189b8=
3VfeT4ys99o=
8qJlNC+PlYo=
z72Mk2DQAUM=
xIWhcKI1Ecw=
L9QwwGGYKOQ=
g1BrmJj1Au0=
dIDDm/Eqxqc=
fjrxy8LUhec=
LcBpn8WnmIU=
oV9lemtdbvM=
jJuXCTY7VHnC94LkoOKhOg==
uG5eVkJMnzQ=
NhxYE0+5c/5eYtVrl4qArQ==
KgYXSw3sM70=
VQSsggv6rf0=
wwX1r2UgTRY=
BzgoQielq58=
iB/J7NgMqnc=
B1/88xuZs2A=
B1/88xuZs2A=
/EMWzvx8poZIjv8Df8g35g==
9KJn5poY0b0=
a8FhS8AKpQs=
WUhoiGWVEWY=
r8+YIle1RO2mt1wJ+9q3Lg==
r8+YIle1RO3iNcfuqn2c/A==
vuWvvDolJo38PndA95i9JA==
sQoYF6eNFXWoxRH24MTqXA==
2ULsDhTQFuA=
ib4wDwXExblngDvl5/XQ3g==
CpN+PNK1B8k=
MvfUuPq8H+I=
xkMd+h9vB9A=
4pD1D5j2QZo=
H21u48jGiXI=
OhP4kiMHJuA=
LYfWL+0NHNI=
Fzek3kqCQhDGr54IUc+rQw==
6ibqhMjF144=
rTF3AeUlPH4=
paenF6LIkII=
n5JZCCJgaeQ=
5TMnSruhqEo=
SfJZ1XLHYyk=
bne8sVS/i0o=
lqaQs4oCAI0=
bMrigweNBuU=
ihDgTNov+gY=
GAEg6imyL0s=
reY3z91v3DA=
txiLNIU5lzc=
JgRwUkQMJa4=
LbFZ5aZLU6U=
SK51vautlfM=
YFmCWN0USE0=
1r3q0KnEa1NPDU2PN9vBxg==
+GV7kznArLU=
1VOpnicbcuc=
shbXiVMXSwk=
t/VMPMLdkuY=
Bcg4qUzVYUY=
EXXp8VMedLY=
tGI/whIPID0=
8c4vFq9kj0s=
WvYkcAXqSh4=
peMl7eNcZQc=
AmBf1F7ZR+U=
raC4Ot9BL5U=
A1h6XjOUbYc=
isGy0j/WTpo=
eDuOaw8KjQY=
ZgPtM9qRRII=
w9uRP1V4+is=
LBzDZEj2KJOTADhAs/LNkQ==
445EcoMwUbc=
aWMMEbl7IFY=
s2+tSs5qC60=
71XltCTsWFE=
LrqwTETxUro=
GAIU6SiCWVk=
bqW+FRdsZM4=
bqW+FRdsZM4=
8c4vFq9kj0s=
zK2UUKR/P80=
oCqT2AL4I/0=
SAauXUAnFRI=
IlPqgb2GzFc=
cVZPffe1LsA=
EszOXtWuD3Y=
Gp6hWBO5xjc=
gMVGyk4m8Mc=
IMuyP15EUx0=
2y20PnrUe1I=
3LyUUXTXPvA=
Cr6uaS5AukI=
7nNwFO/EL9E=
G6pKXqiQwBM=
6UhdshHGdEI=
nsJyW4zPKCE=
9UakVLLElOahOOEmW8sq+Q==
SDJ06Gm2yCe7KvAu7AAIcA==
HpFA43HLXkI=
44zIpHAGKDU=
ThbqGSZ4S/s=
VgMZZw63lgo=
ghlTHdKauZE=
KeHNtdfwEEs=
tDxx1YIyqI8=
FGG7pgrE/CI=
H+GMRRYREEc=
FTjTfgFvCnE=
/bpkXDliXnE=
G0cCXueiBSA=
8Y0GHCkw85M=
lcDkbVA2xGo=
pxEtE+lPulw=
H+I4HZmktGY=
fG6wwt4teZo=
iVNhoRMmwEI=
g3sBOLXP1WQ=
W4NCVx8xoBY=
8Op8TCLmsCk=
JOk5LHcBstc=
HosRzCrSXp8=
tviYrue9dQUvClh+OW1y/w==
skV64fQTlcxOJ7OrJXx8sQ==
x0Dx7+YvLEg=
23ft9rKg9co=
Y4hrxB4TSeI=
wdYixthRNYE=
Bm6cY+1VnhY=
pQMUqlHzJHg=
Y8dgPVZ60og=
mRHOOGeGBXE=
PCuQWn5aQRCuG+wWUYkKsQ==
CMs/v5V9P5E=
a2bumO8vjSo=
eecYu7FaGQHJkXSOAzhVUQ==
vzxM3BYjkjBxuyVKqr0Q5g==
BmuwD5CMH8GW/QZY6WeoSA==
7zmtT2sEQwg=
WdvXC1UdSd4=
LDiGmHtnm80=
fKl6JL+SU8E=
eg1EoNBQPj4=
qIrnZWLtIZQ=
vFyor80u+UI=
2cyauMzJCmw=
UvmG7cHMunY=
x69JkIpma3w=
3ztrM8PdgVo=
rp10r4yJjSs=
M3VnKDp8ptg=
5pFSzMzVHak=
Logs8BipyVs=
OkobsvERJJE=
+HnMsVsPPRU=
zMlRyIJtXEKZkiIlfjEzlw==
NuMYIOAAhpc=
oqwtiqCI3Ts=
GIxSuN7t+EE=
+aenHuFcfpg=
dPLtN+WqwPU=
cokqGa0lNG4=
in/Dq8NISS8=
DNCynrkgoKg=
u9DzAbVnzMs=
b3Js1XpZQFE=
T0bFi8COsh0=
qvkDcV8UgLo=
BoltrUukHZ8=
TexY+tpbxUI=
r0yPpJnT2Kw=
dESjG0FQta3oM/z+A3AK/g==
oKHS2UkvTb4=
y+lSULMQpLM=
uv9aQmKQ6bw=
WH8T4PEpXvw=
PdKy+WIcBs6X2nY6ia51yw==
E/5f5A3RaRw=
qxAaPNM8Gp4=
UWS/awfw7TBMMOju4UD2ig==
GKXTDqWFk9c=
p3s9mKBNlbs=
BVsoSNGhUuY=
vrcxmaO5m2c=
frTD3j78Ar4=
UX4lOufCtFPY2vL/UUwFUw==
THYfyxbWYSc=
0FPmPpaN0OM=
kZM3HxowKQI=
r7fr4eIPwiNRYIghn044Fw==
B9O6BKkisMg=
3dbM8cUJ7ZaPmWCb5Q8SkQ==
pt71n+OlZYU=
geDIVP57AhA=
ugCAo/puJ+s=
gm2apzyUESQ=
pD+kZnVPUig=
ybvVKMdRu8k=
lxwDDs8qrVU=
KNi9rEfyz/4=
df5bJxiwzCLmMapqTHHmaA==
aQgDP3BFtBI=
Z7LL5GKO2Sk+HgRQlxf/6w==
BM8lhyJfmwcDwryAhrGV1A==
IBQ+TdwjbWs=
u90hPTc+9zMKGLki7Ur18A==
FGS23yjUpr0=
M62A53fG7xE=
WywUykTgLOk=
f7zh+GImq3I=
sg6pU+e52ZQ=
gQDAqnYJeV2aWaKwAmDp9Q==
Q8dZcCVsIHo=
OgnvUnfnzeI=
CwPOAKd8WFM=
QQ1AoVBL70Z+lGJJWcwnFQ==
oiNVGCHeGZDVKvwYevHuZQ==
QOAZiUw6+gA=
N5m61Gke5N4=
EAffErzA3iE=
YzqVKHUVWNU=
GMmnxmNrno7Ck86JE2puVQ==
9wmBv9uPWoY=
tTcrI4BVHl8=
CwnJX5QexYg=
JJeb0b4uLp4=
0WIu13CsYoQ=
9LxKoMFIwR0=
uN5cwJBUxZw=
SXUbHc5mSGBgsxNc58kPjw==
1mXP4aDesOk=
H1isuS2CzmI=
eLxatyeTlSw=
hb6JVutnfck=
3nzxbZGMM+w=
mFME9hyPcGA=
OCH9DV9vVqA=
q2sf+tCoe3k=
0DPurXr0DhE=
PwYvxrxP8pc=
wOkLpEc1B4w=
wn+Z+LKbeXNUORYb4BM6zw==
6zmHdf9GRQo=
kk2Lf/IM/7g=
N30yfrkCiXE=
ZQke/aT3emk=
iGUC2fu8kvU=
5D3DwEduw8A=
427UFiqZ7wU=
TiUIDLDxlII=
BHaRCel0IZk=
iH+2XWI2ft0=
7DtKNyqAn28=
8ktqoMauHJU=
0Iax877SSx49ZnHbZQkS+g==
TEOryT4I9jE=
AWTBYcISfjX77rdXHfMn1Q==
CBK6Tvuf3DchFJR7ozl1qg==
wDJ/ueZmpuhUpUgM+m/IHg==
mipujOC6qsk=
zD8/C9PDPpk=
dXn+I/CRc5Y=
RgMoQQnty7Y=
FJFfMXpvi3HSRh4mEL42Yw==
ryxnEi3C/is=
84Xe5JcOSuQ=
h7ezKmGmL5A=
viXdIv4DAwU=
SDTS8WLRERo=
QTuTYItEo38=
JrZaoA6RcSA=
2fvGVuQ7qFQ=
SNGR+MdIJEA=
V8J2ocEenyI=
E2zMkIpwVSQ=
9C4prMZbzI8=
iP2K+scoo17QARsCEWrhUg==
I8V1ze7Vq8RmnhDI4YLEYw==
K7TQxpgBtq1gQr2CnWYgDg==
clX/SFXrQ5laQ0V0miqnlw==
L8hnCm74Zds=
yxQZtIcjJdk=
YR58gelR9H4=
28o5tI4QxEA=
6YLn1Y+Z42Y=
NEODiD0PhkqE5zvrs+s5+Q==
aRrXG2yuySQ=
MM9CVFiWqiE=
2GWHh3ZYFZFWd2oJLdhJ6A==
/chevFofEHc0JnwsFxOywg==
1cSh+uNbYlg=
YRxeZ9RUdmjU1+JwSFKFBQ==
ON3OIKL1WqDiqFnGtskUnw==
vCJls4wEVbZDQEwFajt8dA==
zutpvaHXxzZovJRQnnlb6w==
q/Fb472/uvskHuLeSO38Nw==
q/Fb472/uvtYgLG8fu8jrA==
qW7t+nLvR9c=
+GgzoScZlqfHVG0pfd84mA==
+GgzoScZlqcPfQV1GZjTUA==
L7tXmJ1yt+4n13eqBidixw==
Ow/yEdGJqFSkXmmMHMtRFw==
6shsl+Jii5dtqKh9xQfanA==
AM6lcUwAeD3hQf3+m9nx6Q==
VfnL7a5kprE=
u3miOoBIh0k=
WP11eh0a4+NOie4Qdi9Emg==
Bz7b41oEn9uacUmM4PNxfg==
4jOvokxHTHs=
5zZNhjR+a5jE+9Tz+sLDng==
x9yhkT06SZI=
PPqc+naF9jm7QAdbQUKbSw==
PPqc+naF9jlG3BZcehPXfg==
1+yv3wnMoWvtw/WN2uHWrg==
+gogmAYy+Gw=
Yt4j6qgns7PrfeYSqiqUIw==
zStJmZsUYOg=
HlT1E3GwVRk=
2gGy3cKbrRE=
X5sNB9bkMOTExjtXyBFKDg==
bQ8LcdrF4ik=
KRHl+X8EdQI=
k9tXoxD/60E=
LUVS7wmqH8o=
OTi9YI3aExOzzu3+7eq0zA==
n5crGs6TsD8=
PhDP1Icjq1Q=
UIDp+8QAHjM=
nGAVttvN/qw=
6H7R05f1H40=
KYxWpKhpJEI=
1oLTwmqvE18=
+2+Da8N2IMY=
4w/1rqYYeH0=
3po83ZlLcVnFaxMJMCCCsw==
rl4/Kze9tKRbc32sHCuF8g==
HCO0uNPCCdY=
4Z1xDqbnmIc=
a86k0dyqrU8=
5e5aTR+06UMU9afv84bYFQ==
G5CKjwEMAeo=
EW48Fk8h61k=
xKLMJqLYZ/8=
vFwNaV59N8uCtdNsxrFKBQ==
vFwNaV59N8uiEqgnNsqtkw==
BpZRq4Pfrvo=
hEuD7tkoXY0=
RTv3qVpjaB4=
wQFflk2Clhg=
9OVbzbwXqWY=
uXI3zTaAzWBI7g/aZ5cZxQ==
6+wfcsvnQ3hNDEqY4WOGzA==
6+wfcsvnQ3h8HrS+XStfxw==
xdnIdTtgo1cfVWrCmzhN1w==
VZeUe5JWXlRNv6R6VkoKIA==
FB2SRkMiVD4=
LpGUZvvMh0YwYw7VWfD7DQ==
gUNkxSR4rGE=
3Q6Ldz9FAvqAhDYTEhGMyg==
INyfYHGmD8k=
U45HfKzVc9c=
mbKfDIZyoDwJuqctPcyh2A==
XwOr6NJiwdM=
rmSR/Oa+5tw=
1HN3bAHZAUxgcttWAEWdgw==
ufNgo0YXiOk=
xYyhU4dqgx7+l68V2Rx1hQ==
bgYSn/mBOhs=
BwkwvswjAEU=
sOXBbeEFb/Tje7eZ1KiERw==
sOXBbeEFb/Q/6KWVwvBzyQ==
KKpN0TypdRS3fAyW34qcog==
modKnNTG+LRI9qtswxQkmQ==
modKnNTG+LQgGCc0SEvl/w==
KI0uy5FRbqDl60+AW1Y/1Q==
dkOODDx1iXk=
nErljvm7UuM=
0ot5iKJy/Mo=
BNpk+RCm2tw=
7gEbz/rKNvM=
kTqXlorPeTodzeqO7eCUNA==
WJpbt9mGJUc=
MiuUBaKoZs09XkA0Y6I5zg==
7n/7wyA8U5g=
1Ix9rPjpXRs=
NV8B8EWQTPQ=
1jNapDA2r9K6Mas0u5VhlA==
eoywMKIuls+LY+e7eFUIAw==
E867sdcmHJ4=
oy5WOTp+4lDUz+JFHseVtw==
Nq+fYiUb0as3hCc2tslHXA==
0UXCbhguy++Y/rPx6efYDQ==
EXBajEUA8+4=
flqzYyNO5UI=
Spol9pbb1x/WVKs/4r4wlg==
KPOhEUMsSd/C/lEMsM8bsw==
B9avTTAst0s=
HTudgXO2aLo=
x4Drb1sO7D9i0Zg86R5WWg==
XCkWcBXY+yo=
3sXJ2QHEGcw=
PzHYIO/qaus=
wzooPMclN1s=
1iHlX9fKx6I=
yF1jeiRr6bvIKJDEa8q00A==
1JVIfrVy345lUuUQ8GxEoQ==
LO7t/yJgd2k=
CSortMJ+8OA=
pkM62bi/FWY=
alMJrT7B12A=
RUMWu43sSmc=
4dcxnCcQPRk=
wAzbRNMwR2w3q1W+zzUvgw==
8w92WEPwysQH7h3HyjjpEQ==
t7mxzkk5ezQ=
dPJcf+YlZw4I1jl7dqzSTQ==
1/2D1GFzRiuD7WbJLdolXA==
6jMebzQXt7Q=
wyoWyI2k5xg=
D09DdZMfZrk=
FscL+Ac14dE=
NUIGqgbSV24=
yKoXB8LplvSq2Bgu/bPKig==
J5hAkniQaxA=
X9bhdt8ZRHR63z8tY/gbjg==
yK6LTYp9PaA=
yaMRScXFijY=
NQeDpnfNTTI=
Khc65aevOdHqFFj8lnkNGA==
tCjozoDFJTc=
yiXblZFhmgw=
YgiPPDBN4DA=
xd8swQTWqEw=
o516CjhrVWA=
nKdVBNLDl2+2efXN+5ju2A==
VFkU1Q4vQ4j8MtJSUplLjw==
c7E7MEFo0hc=
XVufg9+S19Yke3SA+w8WBQ==
pG6y+e8tE1Y=
W6jKj/0zRrpc0rZrlcvzyQ==
TfqZCipEjloPXBd6DcpNfw==
msjrlaMGKmo=
7dQuXRjUhJg=
qmYRRLXOqsg=
kVhE+ze8zsM=
AFomsKMeylAdrmtb6t490A==
AarR0qD/LK8=
ZbGPDczL19M=
y+bg6wasmVQ=
JA7eNMFmIr4=
lKRrW4P84iI=
+N5J50Hxg1s=
IrG8hfVFFwA=
Gm9255SS6eW0NMD6qwNFIQ==
0JvxL0Uttf0=
qSufK8ahCkA=
qhJ92d0hW3k=
F+MIdTmS3I/TYZdAN2tYdQ==
N4eZJGHBnfo=
ZBLq690qwaw=
je06cPHutLw=
v03S3Dq3jL4=
rUT6TnlDfXI=
mHQrPKOeAsg=
sCa+ZHhD9to=
Pq8XzSWxUOa9+mjBh0dmcQ==
3frrd5bU+3c=
Uv8br1ocwoo=
xYtKlYfT3Ug=
xlGyoMB9FdQ48KXWEwVkbg==
27q54/7DpRM=
ZtBwPHsq968=
8QQh0UHB7K4oBdasCu8QlA==
qVmZImt2Bs8=
eSLoL+6k8dw=
pnt0c1bxDHTjFaEl6CjNIw==
2cSK+0+LZjRMCZbv/SFShg==
eTT5CqDSLCY=
uFqFWtQRL45UXdSLltrF0g==
tG0KZyivSQYbngiw6U+mmA==
6ZTPu8epO9E=
k32adz7qP+g=
n58e7N2KuIXG/kPGd1a5ng==
/Smha0w4MKA=
vZL+lezNtho=
D3gyqiF0KRU=
A3EDUDpX3Oo=
yJnzEDMkoqU=
4TeWgULjspId6aSLbPJA2A==
ZiVFnKsYBmdl2glWt/887g==
fBlnxaCJ91A=
tVcLUe4tqB0=
81rO9w02I8Y=
h+IrDe/2ISI=
wUxIlEHDJ+s=
euKe1LWLGic=
NiE4Ypul0hg=
82fHykp1liw=
zK5RlFcItbc=
l+eM5qAnX/c=
bXn9D/g8kJ4=
dWWDAaHwP0o=
zfK6RINkfBLlqzL47WOm5A==
GJcTJJYhdFiWlcJHqZ/5Kw==
IL2PoLejI4OxLL623MXSlg==
7EbaBSgZCPM=
4wsCCkvaZFM=
JW0gYh03hv0=
eN5JfcqYEbMfF/VhwUqRgw==
Vm7BMA//97lz/AMcSL1kdg==
wwn8TqOnuf0=
HCz4epdtRPQ=
28KHoBia+QI=
Beb+yG5JT8OHjowXS0b+gw==
jyccZzoJc48=
CO1//KYqq0k=
hhR/VmpG4Ck=
XmJtIhMPXcI=
JEUti7KrwcU=
YhiV3eKXijiozCYvypygxA==
iRCsBodGNrU=
vLo6H4EM3kI=
3yMOHeATvD0=
QQflLc/gr+0=
VzgDK3oM1OU=
B4snC+gGk3E=
ZGpMlWvWSWM=
xrUY9jri/nE=
vGfrK/eSdik=
mpFJpQ3Wi7g=
G9FXW91hgp4=
5d8y2zLiNOc=
DZ6ozc7VADQ=
75x7sQEle1Y=
HIh4eeUiksk=
yG8zOGokwzs=
YwQcZzxunjLl5Xhs6N1JjA==
qb+Ewryv2k4=
DhcGmRDhxJ0=
YzXDNb4ZQbA=
iKa09lrXiNM4gIRSw0/5Kw==
Ci/2bZxzH0U=
VmoHKAATf4c=
OOfBfDFNd7I=
oAXn/XKGHjU=
9gWLd67dwWU=
UwJ0s6ZGh+4=
ritd7rFmmQ4=
naMAmqEC2q4=
soIe3t9jOsk=
ZDqy2TJlwC9g8nw0gQYvDg==
Fa3Wd9mHEv3oLW7yfJEiFg==
WoEqQkuKZUQ=
fjSk17XoolA=
VqxOfjZS5gQ=
WfLXxUCsHwA=
/exTiwUeXO8=
w8LZ5RHz66I=
CqKItKMtzI8=
gX4dDCsaxYA=
8KwQC9yy4aw=
BT4jG9He47w=
8eaAi0HyLT1h8CmIBY6MpA==
rKJ8A6hIIrFZii7ZWm2g+g==
na7OhGBb12UyxHtvjiICMQ==
ujHFk5qjfDJNbOZy60PQzQ==
grAXg7oGHpr+wmrtO33deQ==
bK00UmeswjaolLLgP2JVbQ==
t6ZTn/vcsrg=
xEyOUGdpCc8=
w5qtaHquRuQ=
lQK0TOrHx+YRDaTBw+3y/g==
2yIKM5wDcnpqSHRkhXX6NQ==
+Z8ozN2GSN6Dej60qJJgwA==
PWonEUJUjj4MK25/CVVvMA==
P+EoiZf1rSI=
99sLdTaaQeM=
qBVWcRF0O3ehUVIf93rtFg==
b/MVDK4oIJk=
O895EkPxiLHVhpDhm0Wwgw==
/cZ0FeAtKmc=
Ng7TekxYK3c=
oZFVRR51pS8=
C7pdKkdrKeU=
arY9vPbuOmk=
EON0Se5E9Xs=
XE2+XpA+IyE=
VnBYKTvoesY=
rBu1UkYR5jI=
r/g96noWj2o=
ppY519RJFVE=
2WBmWHHeG+M=
hkIeEqcbDJ4=
q1Bgp97MZeM=
QzZrr9Rf6lk=
vc1tBEaHqI+Xw/dAHdjyMA==
BAP+St/zbt4=
Y5uSMaR+HDE=
qh+VOXYDhKY=
74MrspDA/+k=
r3hm4tknkho=
jOBDLLSGjBgb0AGFxjN0CQ==
ElAy6hcV77Q=
gFGzjdguz1c=
Z67fu8atl3L0sMHrGmjAhQ==
8mE+tnnSReo=
zCUWk08QiNsLVV8iLedZBw==
cG1oBvXLedk=
Ksv7DTQsftE=
8ipR5diZAt8=
x1mho4D6oFhoC+s4OmkLNQ==
ku41SgkNSPQ=
gvXRakUhZNI=
kUwcNPOQ2DQ=
QhR4k90erQw=
lHtcDpBmgXQipzavnNU3Tw==
xXVlFMcw3QA=
CKCUIn9rMjE=
ZPBfakWxRrs=
Vs0V4yMxW0U=
C8hEzSRc6dCdtAMNvJY1fQ==
OOqHvxEuev6oropNh8VqOw==
vFkoCeUUsgo=
nDlBPClEHSE=
yY7Sgsvsoz0Y4gXoym1TsA==
Wau6RHeV7VI=
I5WrAVZKnc2a0klrn9Y8WQ==
qZd2UnSNab4=
n6NBQM2dkpQWnTkOQYYZvw==
RAlbouba2fE=
FEGP69YdiY0YNkhHb0XhkQ==
EleKUzkFs4o=
AKC4XG4RHDw=
hB0KknbQJzs=
LarM+PVl944=
7It6rEbtAYQ=
l3dkaO6GFAw=
TCqu25i6E5E=
FXPyCpq/hbU=
aTSv+d6o+eg=
O/qk4YbIpZZhF4uAHH7XAg==
NqH9RGLyiw8=
mJPCelvWLlQ=
g+lYZ7GXhnQ=
3bljo+3fKNc=
RwgwmuaEDDM=
5J9wqaMC9gBATve8Wufsag==
tjEFQ4Ou4eiAYgVUvXx08Q==
JVqXv1bgEVc=
zfsBHepTxVWVE3oorkf6yw==
BvfIA7CKwNY=
nptomOHgljEBUFNDI3o4FQ==
8CrEESqju3yuF7kCzvfB5A==
MuDfIjdwDAYcfVzjVHeK8g==
mK1jn5xKWzY=
QnfNzBaqIWw=
ZU8m6FDMTkU=
E7h0uq7UvBAaJv890KyYPw==
y/20WqM5+Ho=
jqgvttagOwJ7uVpfexiH2Q==
c48CtpNWB+ytS3XUB7PPIQ==
100GLIohZ4A93CwR/ix0+A==
wO61Ith9VaonmYtOBfsL9g==
rnSTMbA8WvA=
FYYJoPBp9cJkc6bqFa1pHQ==
0gLN/4R/zfUZtWIbv5acQQ==
MqcI4Vj0gwI=
ofbYvEEIFY4XJMhJOB+q5g==
eKemVj1EpGY=
qba4YdU+mY4=
H1b6A2kMLPY=
zm0rurXWj8fdVSHzX6gcgw==
78ZS1x+mtxZEBD2Z6BJxqw==
JAQZvDgaq28=
OAwGtGfcHItSdF6RZN0GYg==
Mq8g/c8Waag=
q2ScI7oeLVI=
4EYYbjAHCYiAD4+5bAXzIA==
1Q0LPt8I+Xc=
bvFPcQnx+R4=
1Gh5dtqSlsErv1SwSnH3dg==
8z4in8O+Vvg=
Htma0C8c5XI=
nKiS4C7qQf9J6FHdGtjoUA==
Qd4bIAyESmg=
dozCfKf+HGM=
Ru0rjd8uIzQ=
3RgSPYgIB7Y=
2oq6O2/N7wj7e1TTYbLIkw==
JfTXqveySZA=
jpoNOUy6Ua8=
QnfdogfHfM2XlMpJaAtPOg==
VWC2x3HHB2w=
YEwpdyJ3Ifc=
zTAu4oRvoSM=
4/Fhkfn18K8=
Wn0QFsXiZMviXvgre4iEfw==
gL2EW2VnmJA=
BE6o1MAS1GY=
NDEeybMJwUdB2+/zBqEbZQ==
FZUQbEFGAyM=
vJgfVwjHUDkDjJoioN84cg==
Y7/JXqWSCUZftcIw0zQkTA==
Bu/ROPA5gZ5NV9WkrfOczw==
Qhjwd4VMcsc=
rIcJCcOB2SV0DwNQB4m+tw==
EATQCfhhWJw=
JIR4uP4/RyU=
uF4yxzmK1MA=
9cEl3omAtDY=
OSfyasqeVsY=
6orP+dXX0cM=
HjvKrYRHNMc=
J2Twv07Z9Zw=
gGstswOkUUg=
U77t1JvuUK4=
2o3dwzeniPw=
xK1cQiM/2YZrcllwTvErDA==
D8v4EtYBtAs=
xun/R5NWKrM=
xBwTA2jR5Kg=
r6wotXa1lc4=
3KNfXMhpk2Y=
jVyr2ML9JuE=
14lxA97p92Q=
sINQLIQSfVI=
4wBC1gGcfxM=
dWJGBegMs7sFnQtqoItD/w==
PN633EaDZeI=
VFskmACk2x8=
GYBhoBlQgkA=
EetkAV5PgHFxhMY7HF960g==
DN08Nzdy2bI=
tsOyfVL+50g=
8Lnk4cS55ZA=
MQKfL/ZlHCM=
z4xA6jFpRnI=
bGF82XDVJmc=
rktvY6L+i6I=
Sn6M4bXpXoI=
lGTktvtGfQE=
u1uiU3B1oHI=
ttfFOGNN/jk=
BhPirLaxnvI=
SqDY2igQE3o=
ssVzhtEGYb4=
Av9HPzGlAQw=
Cu5z4b3yL04=
5TlOwnoWuiY=
OLsx6a+xGkk=
jR06MIzb7HMFj3UjGMTPsg==
VbUHKe+WyO0=
9AA/TW+IZpU=
haRrkg0av6o=
1/JXTn/KBPI=
cYek4z2VD36AyaE8RffU0g==
+T5r8Pc1cAA=
aeQ/Ov3eaFg=
UmdcgaAnVVM=
MKODkOH2ne4=
m6NKCowk2MDlN8k7tvELcQ==
TmHhF/beE7c=
UudjmgoC+e3IKbK4G1ye3w==
mNZ8/ek18ew=
oIWS0LJgiDw=
8AblKXr84no=
rhBDfZCVqxs=
q+DGxWsrbd0=
orGyvO7u6MA=
xhpLakDRQ7E=
ya/jrLWqVIg=
IXGlKUyJB6cwKyJ6nqui6g==
MVdT1lvj7s0=
XO4i2BsS0Kzc/QeMNpq9Jg==
BSr4HbgCMFU=
xAGfil5IK9o=
0BX6f3bN95Y=
iI3S+GCVbW0=
2LXR8rIiuNE=
gmtmX38xGoQJftCb3b5JbQ==
6kmy10tVJJ8=
21iQfUXB7Hc=
ZIGOKwV+/7YxfUw7Fb/Mgw==
Fodf+VtOZ7w=
g4nnUZP5lTk=
iqXSOTDXVaXZnSgZ2DL6PQ==
8fXh5u40Qa8=
xj4NxoatXgs=
w4y5ovBb9nI=
43OSfLaYAo0=
qMBjbmH7EeI=
ExozdlQiO+U=
YIizxtudKmA=
GRD7HSRwKAs=
2WPwpWPfzZg=
eWEUxxkrasM=
7yl0muqvrLs=
pNjPX7J3AEs=
sJMMuE91n8Irfs5TyjgsCw==
k8jhQyzUeZf3W+ciaPwI4g==
r2kjeac50Z4=
bQmPd5QUa6M=
4lusoEARjqM=
Fln3DHeCMpg0Atc+dMR6hA==
eiCUTQ0s2a1dQKYuC8n+Fw==
UP3mxFX6KT9+8MWEzJ7agA==
/fKB1aomw1ixAaSfxvuvcQ==
SOVD2m6VKU4=
rYMCm5WtGJLvmn2w3EPsXA==
VtsP0E90khc=
YCCNuJqdMH4=
qQuY5CtSxl0=
uoksWKq3hLOH6Q/eTrfJDQ==
707uL5WHKLW54iBS4ciojA==
TEd+cBKX/OU=
9lgdHLqWbRDQ0yARfXaMqQ==
XSaLUsvL858=
+IoJrqzr2mk=
ghCErdcPCQ0=
KR/JhnJLV2o=
sujt+NgpAlQ=
jw/4bpSYy2s=
6PukiWi2FN4=
poMD+FHMAFvmatbZVIeMYQ==
AzpCJSIWjfs=
jErJFzB8T48=
SdW0ME1I3M0=
3E/U0qQQk5Y=
qnx3KOk9DnQ=
P+w7F8AQZSM=
isaW6tXQ4+ImW95zIigwZA==
x/vfcCoCwPL6Wu9yDs9N9A==
NDPfYGSSJcE=
gh/tsss4W0s=
OLo+/nRIElerimThOQT40Q==
hzhCDMaQ1/4=
a7vXxR3ewNU=
S4XyP+zQMvU=
ipH4oWkk0dc=
Tp5b4+2PRPy1/J6J4QFDpw==
4TTZaKdq6uY=
CJcOGyOj9EU=
buX0LWiiAbE=
zUxrkyt91T8=
wqVCR9AP1Hh11cOOfr8kfw==
zyE3QYT2WXc=
3y3y55bkju4=
xtoBbGsAHeg=
5mOxZDs7VH8=
3cJYvg1QF/nTP2majmtPlg==
N51uPQYRTu5PMST6d2WpdQ==
4GV+MKM9cWo=
vp+5r6sZC/k=
0AyvzxBcSGTX84vQYLsyoQ==
YXJ7OEXkj1Q=
TOFx30RCb6g=
Lrr2puvDKNsss/5VY0Imag==
s1F+XF74nYU=
x2JeDetWkyI=
TuX683MxJws=
xugVLfl2WLiSVuSLZn8Dpw==
5+V1xsBSzAw=
BilYfIxtwTKeenVhQtb08A==
ewmYPLRZh82caOaJc8mixg==
H/uGveqHcAJt8gY+PU+XrQ==
ZHcyn4zPakM=
ys0U5GCegbo=
GKAdc4ycPusAi3CSpRFo6w==
fIY1afx2tt/mKwUZAE9idw==
1Js/x3ApfmUpCFJJ6z/MTg==
BBeh0CEkpRA=
O4T8fu6v2c0=
UnKpsReQSY4=
PNdWLOoaAbQ=
H5v3HYJ8n0M=
qYW9jBJakNQ=
3X60TIJc6Dc=
GD3c+34RaIs=
vfT5ioWHChI=
Xo0RRnMt9No=
4ejonL2tb4M=
iwJ3vRrFuVo=
5WkGQsvDIbU=
lRZC9bXKmnw=
i7OR8o8uWSU=
tmLuAP2tI4o=
NaqJSygLQdandWPJ6Nr53A==
0toDOojDFBE=
VwVJByQH/eU=
Yv899YEHhIA=
C5s3rT1tHvI=
XY1nr2ugBGp5VYG8jezDSA==
sbzQcjvrOgzsWDba8pQjOg==
vulGaSXKsvY=
rUCQeCWtOkM=
dMKfssO69kP8NWE6NrX5/g==
r9Z9M4wy9Wo=
KBfHLwyBzDQ=
Trpwl6MLypqOEIzTS1NVKQ==
LecjdvoTkQAZFoasau4/0A==
6NIoQTfScxVtSMjrNtJ1pg==
nb02AV03ZyGAfzBYxinosg==
w57LN3v1o/p5p6mOb4fGVw==
U1QS9ij2XiYhCILILeAZLQ==
H/do5FOckmU=
tNdlPrTI0yc=
CD56xkqJOtU=
rKbck9AkCYg=
mg32U6d+vAg=
6e9E32lK6yQ=
YHLvN0V0bhY=
Gscu5irDCFk=
f48Q3nQvdo0=
yvR86NDJcYE=
fjh+YBCNcqU=
hDjzBjo5dG4=
xICpDJLA4Xo=
D7aHLWIjdSY=
kJZLTARyT/4=
WnUH2dL9d0k=
0hY9RjaTPFjQez5j5Kdo1Q==
U6huq/pQn+Q=
jtpluQxwbPwajbRyudwwqQ==
HZH/gwDQnd4=
Gc3EcRl3eNA=
X+3yt2OV1ds=
z6vbeMFR9NI=
N1HTbIO9E/U=
3498jDoksV//LG38vFH86A==
mpPjX/r+3ZI=
xHwTYunrNcE=
JwB547/9orA=
IdrbZ+zDOS4=
j8UL1ZVtN2Q=
BE06ajVsJO0=
rhiD8JoBNgc=
qQGiBRyC2GA=
X+yLv9NfWaI=
Eh9Opq5GdXiO//zt/bVo0w==
DH+Lb+gYKbo=
nql0RrbSovbZXDfcBo8zmw==
0wddwDyNp7l3MhJn9pwGNw==
t8VM+4MP4knI/SnhlDI6mQ==
58D1egw4hV4=
RuYyCNkC4KU=
yMEoqHbLX63whQgajcxQXw==
23NaZnxXIqM=
YCvzm4K16Mg=
YkL+crTOB5VpYT3CmEbV0Q==
hs2nwh+4F8o=
nyJSyqzgL/E=
CXR5LRINgjI=
f3f//S64hCk=
cQLcGGvFpHw=
g4OnAlcueWD4XzIqNvGOzA==
44JXqLcrE7Q=
TSV9nqGZvlWJAwyB/O5zfw==
cp0RLyIROx4=
MgmPyJnfE5s=
ap7CXn5XUFU=
5LWVG1VT5usJv5U3xYReTQ==
fRmpUR/wzv1U1xJYGrwdfQ==
p3r2fSBMTYk=
nJmfGHQ08Pc=
nABqox+TjXU=
5t3Uv5avBFk=
2JTe7iJw5F3wLkV2K3zpYg==
WgxJ5SQMiXxnO1y2DAuvcA==
FgspP9vw04cHShGcogHPvg==
1/332En/F8U=
9XaW+IPKCnA=
Pz1AT1bm8hU=
CRW8aSR8wQXBwBiS1ezxFQ==
yHzFg31BT1g=
5ormT6Y1mW66W+t56KtS+A==
b2Erj1GxWtA=
3alHw+2UHLY=
BX2V61a3+fY=
Gqxu1MB57/E=
A8O4X2m/ZPg=
VJyFerZmpr7wvXLURNsj8Q==
0H2ZpbCXDOM=
I6Z2sXwP/Zs=
12brtLUoqXo=
3z+UltdJA0A=
SoK+sB/fh4c=
IbYWH9GOtR5PmmjD1kxK6w==
f6Wv8Ox6RNKBZTaFgEkDKg==
j4SPNJU1TR0=
9q7bYGi2c04=
X8TpTCrcCTOCbj2hOhjt5Q==
cTTH+h4m2LNaEKgLDOi60w==
lIyag4/jpxbUcKp71+CGVg==
lZAAUUkPTlM=
tKj6GT3jQ9Q=
U1dYLmr7GaBwZR0EwxJjgQ==
mihfUBJzUPI=
18oHsnGkOvU=
sIqHak8d6Hi8Fi8a7wYYWg==
FN4MCH2HAKvLDDxcZxGx2g==
9bMyz5s9tVI=
m49aDQq/CfIoKFjThZ1h7w==
sp02mRckaOQ/ZSvAsVNUTw==
QJS0rLekqtU0d7mNCRC+uQ==
b3zRRbMnd3D0tWfPOCSs4w==
oj1LSffJmul5dGtishcrpQ==
FT9jYUn4UNZPaDpoQ+Rsmg==
Nv3hMZFW6ASxigEjCtFirg==
8iOo3RCeeCXKFD1fdeNfxw==
dneQKi5l1iA=
6b9X4NiPlCgvuUuZqFwomw==
VE5YlDKwDrW3jO4ptxmiOg==
KhHy3McnemU=
0rDO/LZNlM+gzKgUV3RGEw==
UVRSWbUZkmOvksEv02H0cw==
eFGkOnRWGGquc1jRsrgM+Q==
mUDbTdaz2FpjmQmTlojp5w==
sHujJ5xaFl0=
DViVXxexswZQl2+5pHA6VA==
NHANBxngwfAcGpaCaE0flg==
u+Vcnrai9Niyrya6cSIIKg==
IzNBlCy0mDyW6x+8Uo2YSw==
mB5akgZZxRDBFgGgCQcpbA==
Q8ETG/8EO1hEgXQAIpopKg==
T4ZmBdCJFPDlGyNvq2Ob0Q==
+Z1o0WAlnOI=
rfdrfnzyTmNEYUa7w5BL2w==
5wukf4QEayU=
kv/QkDnJDOQ=
7CqKRLRv9sc=
fEG5n2ZWFJ8=
G5wUKltYGmA=
Nq45FMiiQDM=
Cezo7MprZcA=
/uut4YSODEw=
B15kke8RZ08=
na9H+geYGkI=
OM3OH8ezGJw=
4MojvnSkpHU=
aVtwlsSc17s=
yAJV/V7mEtQ=
AjC4CuIPqZ0=
rlNv5n75gnM=
VJsuXyVWGW0=
MbpGqezVJ/w=
SG2aUzjYC3AwhMxs1Ld5ZA==
pgmC0lizHp5DnUbMzLaxAQ==
0FJ8nvZzDyI=
eVzcMR6Drpo=
MPWXT0A0u4U=
cy5SZK2piOpF0LAmgOpVnA==
tk5/1VvglPPOCTXb6wvRTw==
R72ye/bLNzA=
Fvlv+Co050E=
sDJ3g8aWm4A=
8CtGmyz0Sxk=
KsPTawlDlnY=
T+6/LCkL6k4=
wSZxLrUfewo=
pEDqKoYy/5Y=
VXHHDLcRy2Y=
0gU3IZK1rjY=
CF1tTghFi+E=
Q/0gNeWsgvU=
L7puZmiVbLU=
Kr9CJi5aZu4=
w2vq4xVIoO8=
eSpOLNPW7PY=
wYgy8CA+YJC/fQ0nxtNbmA==
pZlaq0q2Wr8=
P/ZAyO3mY8o=
U3YlVdSJNgU=
iM8rtc9hBS0=
LaN0sRI0YnU=
CB/fhUlFGzA=
zr5bvg3qbbA=
Uxs81GKKRoI=
Hhyv2aIlNKw=
suQ/g3/AdvM=
QPDXfxnJgVI=
JNAZ/SCJhXc=
32acX0nS+s0=
b4F6ncZJ1Dx3KFezIEADUw==
WEkgYMnDcvo=
23VI1XKCQI4=
4Nl18UNpivo=
w9ExPZk0+aU=
tIE39P89HkA=
FiKU7R9nfPo=
nj9lEMEqO9o=
pCSdTT0ldWE=
6wlpCPirp8c=
RKiET7g6QKg=
yjJDxXzujzY=
u/kiIQfU7ms=
svFF6Spi42Q=
KMEyUhmcUHM=
n4hL5Y0uoaB1NponaeGp7Q==
2UHQyqj54P4=
iXP7bhvNGIQ=
HzcrQ2cmuO4=
Yd2vtbMmugI=
naacjW8Y9jE=
oDRdVSrCqNM=
gF1zGn8N+5c=
UKuXx/sxyjA=
H0aZFp+xYa8=
QerI0YjeF/A=
dhPFSm0A6RP/ST4tWOUY/g==
s9KccUx9wik=
eWs9uvIeavE=
I5R+r6VNTGg=
egM8gbB6lK4=
G6GH2kMbtbK4mN4fSWn4dg==
+vg1rkAhSX4=
Ux0FcMBeclM=
L0yzYZRLqrA=
m36XissOgfU=
e206XtSNFJ4=
523Hg0n71kPuq1dsywCjgA==
ZDh3y8DNHCA=
D6jZSD5YOyc=
PwDMAHnGZNY=
xe0ics32GDw=
JYBwao8Xpjc=
EYfEZwmoik8=
x5pf901Yc6o=
XfgzDvey9eP0bh2HmIjCwA==
27OVuV1EIUA=
KXPcZrOu3lc=
AgSt6hda4vE=
oMwJU3axks0=
1Szgn6gO4o0=
26hjJPYut0k=
dIfE9f7S1x4=
AFDFmO57TQ8=
jbO4YWvLi9SuDCgpDi6Mog==
iYJ/Ihx/0SCC0SRuoytOVA==
SjolYNOulSk=
I9/t89m3Vvc=
s0RU27nV+QQ=
8A4qKn149FY=
TI019AUxW6U=
yPBnVx0xxlY=
nCunElvQHJM=
22KZu7zch1Y=
aHD9fr3k5n0+M7XEjpgBZQ==
nAXtT7EQs44=
kX2h92Fxbgk=
GhiLaKmoeSw=
frE/j1fBfE4=
Ud7xI+1iC18=
ybxe+/Y5nD4=
BhjDcqE1ZQo=
hcuS3HjljpQ=
HceJtef+6vQ=
RWm+gc8YWTeZJNPXUzIN3g==
YdDg0fcrD7U=
ClkLDChvbtc=
pTXldTA+zJ4=
K4MVnZHsESA=
R0iob3hbPZg=
oGquh86St3g=
kJQXuPu9llw=
3B5sN20LGv+x6HNGKnvSiQ==
GbTwuE/lA6Y=
ToU1Ph7SjGg=
7JOxb4jRTzWOvXGSwORpJQ==
5//AZ5J90Cs=
w4kxfJohYQo=
WYZEpI8zIik=
ppHTfTrqm7xwyA/znuLWuQ==
L8ka99W3feo=
SVsfDi0s9L8=
zb1Fut3b/9Q=
mA0FRL+1ibc=
34MUpngmMiU=
mYzz1lCm7BEFQP+uSVjupQ==
5DdKpeylAC0z8z6jVB5FDQ==
grYvad5tiEU=
sq5m/DTxEBOO6V01uuvshQ==
nqNc9/Uh694=
CCdR73rLIW/8JoSvh84vBQ==
8PFv+SzK/+4=
gh2pa5Uwd/c=
XuVeLg8WRexYIhGkf0AIcg==
8T32Nl53acWg1AfZctkMnA==
WUnbFNotetM=
j+Bwb8/a8T1xBY9r4rD/mA==
1qadxdsQigc=
5O7N8/WMnGc=
+qu7pPWP+Jw=
mkfU4JaR6Gk=
6dM5ssCYBH4=
fhHLW51orXM=
9IRhDuD5VjMM+99rK4Is8A==
duuogmzEz8PPp7OkDSNcIA==
pJENyu3OLuIc82G7EMEjlQ==
dDmDJKoKeQk=
+Ci8yD5I4RY=
mqfKcj897Eh+ALUBlKXvDQ==
23Xv3ecH5O0=
JWDv+qgKyMYa+sZABblMUw==
fQ4A8ekgT71hLRcfYHNnwQ==
0Fxi3QhW/4uuYfrpvCvACw==
BEV+m1OMhCw=
KbPXoMuwLG6nQA3DmV7Rew==
xt3OyYZTQqM=
oEPdlx7hdNV7MH+kOhwEEA==
jOI0oUZKovk=
UcsEbBip5+Euffg2ymN+jQ==
9OChJAkflhI=
dG1dsUWRcbZA5Zm26wls0w==
DuTO6ODY5Gg=
ty084guwYbo=
Qd5sg02Lt24svYVgqZb4ow==
TPjTsNvnHYE=
d93b0Lh6YgY=
Og60ybZ7r3kHXkyrvXyvAA==
PZp3Mr1m/xQ=
q0i9DMqfX7k=
wghRhGqfsW4=
a+4mLz2jsuyOp5Bdu6lTrw==
NVXZj8L3vAVzH2Ljh4etrw==
L9KJTt2sVA0=
LIChztMQtKw=
FSczZpzuiu+G7EnOLgBa7w==
vnxJbEuj2vo=
MJs3WLrNo3E=
GWRLM7dOjDk=
DI8uA3z99Vn/7YQjzOq1hw==
vQaJ8KX7FBXUa4+S5MZApQ==
poYgH3bXlnM=
AgxEvE1N0HUO7Xg8iTaOvA==
q9j5XuUdGp4=
O5PjMij/RTQ=
R1QooW7vstQ=
COlNGPBB6ts=
Uj5/x6+XIGo=
ReAoh0Z3Vfk=
+kyc+kXJbLeJ4TRG7cvm+g==
ilS3abMWFek=
lxZNbB6UPm0r8C3E1hKxLA==
1eghavFwPwgomeKgedhz6w==
XMxWZsqiuUk4YBFIDF371Q==
NNEPICv1DpF4nw86c0f4pA==
m+nSrq8K/b8=
0ffSHHWhmouXXzLvCMIfTA==
xRN3pJ4afJc=
zHwVfAqaeGwCjjvMuX2FFw==
5UwHImtHjpnpL7hhXRaQpg==
tB60Hhv9V+Q=
wMBjsWhPBXg=
zcBw74RcCG0FYBdJnRhf3Q==
NNuwIHg7mIjbUZ1lxOrgvw==
hkoxSmFe2JM=
C5OEhrSo0hYdimtkvAU6JA==
C5OEhrSo0hZLsqdF4P0MlA==
1z/VjNCok/iz/tU9F7qZWA==
46U8EQu3R9Y=
pMRJvmEQOAs=
CxqASUrVsnQ=
esp/469fqkARDTK2lJS1Ig==
esp/469fqkBgZkBasxm7Rg==
BXNKb8V0gOmP2xLJ2N+t1w==
uLxqAbY8J/arWoyXcQXDdA==
KUtcoTOAFXo=
DvWDPTPtOLVXRc0F+khsRQ==
y7EuKJ5+33GPu2VCVka7VQ==
YsOlh+vXpdk=
fxN9hvo1s0c=
CAgi222TZ9H4cIsIAds/7Q==
1/0aptq+iiFyUxAYh8Kv/w==
Dddj90PltxzhVex5lxWJTw==
5M9tUiJiBBmGBTkO+Ak+tA==
hRmdL56+SllISBEiwxcoMA==
qegWrBZd1JXZXC18JdZ1ZA==
tgwS0W9o3vY=
jY9UiMgpq1s=
226T5jusvddXTFuzhp4SOw==
0+UQsy6UQy6M/rOUS/ayUA==
GJCz30A6bGZ770JRdidnmA==
0k8/mn/v+JM=
B8wCGsWRtOi2YwVKV5JX/g==
YeVAcokNAos=
ZfeSc+nHaR6ZCCbL9HRB0A==
eDezVde6szA=
sr3V/3UXoyc=
UuFY325ZyH6em7ylNGNp2w==
V5aGY2cNLsE=
LY+S8s5LVfBG+v+02LUGNg==
LY+S8s5LVfBjhq/hExC3Ow==
LHxhoFGn2N0eQKlhvOSO+Q==
Jqxs2Fj1BYBbFgTsxo9hVg==
0fgkHJoj01E=
zo+8Af5Yo38=
5a1Xt5EsqFJFelhWG8vASw==
x4h6RTzVn8PyQO4YjVJ7iQ==
mDcK2bddtYA=
ljuLQPPwc0Y=
9+X/avk4/cuxtgiraYz+MA==
HE3FD6Qt8lC5zYIVW1fknQ==
UJeUMiPSQXuh7d2aZ3oLgA==
IQsKPtERd9o=
xVLys88NU0Y=
Mri42m3lGnw=
WcofbeLQ6KM=
WxL1eBvhLqc=
Joq/etHrEB0=
e6HNXIKS5FQ=
hr/69UeHI3QV9YJuxeQemQ==
N6S5/6wY6moZZ/o6bglKEQ==
O+e2UV+RlUs=
TsgjXfY7WK4bHbsUEQCTHg==
HVn/1ebn/EqOO/N413JmsQ==
FTM6TD/KFMD8h9DxrkyUWA==
X27jPCee/nQ=
qJuosDqwOZc=
066HvxoBz3w=
3lPMagLqqUg=
i6CBFqBEBn4=
hV0jOD81Aqk=
r1uWddqrrrY=
lhS7oYc6xycsUeH21RgX5w==
7EmHVkUIMPI=
8gPNe570+CE=
UsVjmcTStg8=
1StYqGMPb14=
GLDjnKj9hoo=
jK9kEanteOs=
EyHn33PbRcs=
3p8jvK/6yd8=
i1WIEkVdVhc=
DSUNQXaMDek=
Hmptv/Yv/eo=
BfJcdarqMJA=
Mn4wXotvMTM=
d2AKGoew+rfrC0xx1ngUYg==
38GPzV63K8eFt/PDBsIhRg==
bhTlA7WMKLg=
Lpm4vUFc4PY47uaee1qrgw==
RqwjFO0pTs4=
+ZYhhU/L2fY=
lU1d7C28sg8=
SqgqwOKq8TybAvhTHW1c+Q==
XX8/6apduZk=
VZe20ehLmEU=
mp//uM1rC0DOZDFE6muznw==
xGEnDrzlviA=
Io92+3vFPzpXiC2DicBm8g==
skM/6sY9ubk=
4hEXO2XAybY=
HT1bQ68XJOLA83/K2WC/2A==
77xL4kCYmes=
hM1igY2oumo=
mg4oi9BfQSuOKQBHNPrAvg==
KxIMlt5k+HmP/+eeo4KnXw==
Szs0GZq1pTA=
I8c73vcAHGaNfAKJUdUePA==
AyNerBdvK2SE4qkZXULgYw==
//rqN8SMRdo=
/X5oDkkKJwY+RqoeeCqftA==
ycBsZtiXSLNdbodqui2+DA==
9Cgg01obvms=
bKPu8wRw4aXPB34/L6neEg==
EZnrcUQRKTg=
jqMkrgLPF9rw+gK0Yj7B1A==
iN1W90Yrzj63YCk5Qf5xoQ==
AUkXa83SOqY=
CxRCeBnxRMQ=
3d3kf1sEIx4=
B70LamvhEDU=
R6s/nIB/Po4=
sgZOROPi0u0=
Q6xYlBwZttWgCLT+bqburQ==
6HvY91Bao10=
qsScvC/p5G8=
v2foZODPaTw=
oSROOUOjkuo=
Mj1AF2HA29g=
FLWuWSmOIq4=
IArjtW8A7Fk=
M+C0YdQ4T9YIRVJ+IFHGSQ==
CXN2FDY8V0cdiAv9oA2QxA==
Qju1LwAxteE7AZOw7LefXA==
T7QmKRLbd/RJl4DlA9wqUQ==
abqu69H/C0w=
OL2RxvVh0Vk=
G2ezoo6dhhE=
/YYmp3dflqE=
OV0PqRqMSiA=
ZsU2r+crWCY=
DWg4/fKncmo=
pOoPKK8Zrg8=
bp7Hgf0fUf0=
/omyZyDaBN0=
Rdw3krgvl7M=
8QurKKrX9Nw=
nMjs5xVbsgw=
jDtEQ2jx4jA=
lFIMpNEwLVM=
NTs506nJL/k=
SImAgi2KJFw=
HzvioG/R1P++vgMmeRxj8Q==
xVNfVZDkzb0=
ocL9WJY9vOM=
dAeN4o44flk=
zEmg3JJiD6s=
mg8j7mWQg6w=
kEkFKvYV/fQ=
TpgoLDi0gCI7Sva1vUBxBg==
99nzFpzYJXlFUYY8dverZw==
oeFGRYBA3wk=
/CdhqvLv+qOWFBH/weEe9g==
ATQeg1yltI0=
NneOXMRzKIw=
qbBRR1nut8w=
w+7oLIFdHoU=
zoyj1pvKWFjqYFLent2j4Q==
zVWfHMeStBI=
LSAFVBbsDB8=
K02JZZWnQYERaXZ9YoMgtQ==
z5RbljwmIvk=
ri4DDruRiEM=
SZJCC1Ih91O+O4PPC3yBLQ==
gOb/LJfkGdQyHEJj4Zt/vQ==
6GvXZtxlYBifcCJfMSaLKg==
ny2vQNUAAmA=
kQxqfw1RnYw=
LJuNw8fxtCfB50VPKVFeBQ==
1FA6b1c1vm06LD4fA9TZFQ==
Vk/UYmZIlHU=
eSXaUTvYJcE=
ZrNV55I+eIzYZ6TSIZvKHw==
rJgFiSQxLv0=
TggUPV2zR+GwPhI+bD0QzA==
vduU8/Qs6JU=
Yxh+T47QZkY=
AiOiW7Mfzvg=
ZUQ9pTxnF6Q=
/Qh3P2Ig8uM=
QxLQ9fKkX6Q=
xx9ZsP7tgyc=
5WxKVbgxGiA=
f9AXbMSRjjvhNJvwryz4oA==
8+jeIL4U/Gg=
1xwOWfuAgGI=
ZbXkVUpRR7w=
36IY0AEUkX8=
rVeEeec32eI=
7GSrJhAAEK4=
LfBxPDX7JQo=
W2EptBIKIW4=
0b5Ww1Suwqk=
dBD2lx50QDQ=
+jjCXlkrFnc=
hUcb2cm8Iqc=
fDExMLO7rBk=
X3kHTwt1bTU=
sXERUnbYFpNF/qfHmPd3yA==
Fy51z8IShTE=
mlHz/4hQsFw=
CMsjrpSWMKk=
SoSZTh89FPg=
2Ua4wh5bB/flGkEmx2owiA==
kvSchuuDGr76RQJn0CH4tw==
KKAY8xqCGwbIfl3SwqmHpQ==
8j6Ix/0Sj+Y=
bw/MmL54ID4=
jqrCY7GzUUw=
c5e2z2b+kMM=
EtxzMxIr0gk=
Qp4vjDmtdHk=
rTKhLmeOn/E=
378gAYBy+Ic=
o/ovF52pnB1OBFf+8fVYDA==
Oxw3/8CzdUM6w3W0Ax4sAg==
yJiguFsDOvCB7+57v5Vntw==
LZSmeQ0OcIs=
tE13hR8fCSZsS2Sq813otg==
GHahuoDlw0SRK7+gakdvsA==
L+fa7ADcTms=
8SY3F1+i46c=
/ZPOIN7V0/g7+nJawoq4Mg==
J5pAyVUVSmtvIm6ZoRCnVw==
Ade+0ppNIX8=
9F68I0vwO9w=
MZyUjPtMQiqXMf/Fmmh3JA==
X1hm1QjVZiWTKNyuMa0a0w==
TnaP+4OJsxHOYKe1Q2qonA==
6UdzyJt5zrf8f5LxH7wZ9A==
VMhQGBtjmgE=
EW631Q4Rcw9n3KkzUX7mFg==
aqO7IOOQUUU=
LQFtAcVTSbQ=
FPV4Zzi0xrilmROf+xsOPQ==
E1LPmv4K4Uw=
RCPV0ROLcJ4=
iibmDqHcGoc=
EnE16Zr35OQ=
u2INoUndMlY=
aDc9cVD7EpM=
LUGVm7QwyGAqLWgaAoKSBg==
m0gebiuU0wA2s1vBN3dlsw==
mCVlvlgY5unYjMDV4V/wFg==
M6snMK9RqH8u2VVjk0/6Tg==
Zo+/GDeZODk=
bXBHcUaohhU=
sTND3ptF95c=
DsA/TTRrOgbEiz1wtUUG6Q==
CFMk2pw/8FQ=
cahczMlR/Qo=
cZlhQPPgQJKfg4e4qNOPiA==
J02QLMZFYYU=
Sf0ns6Dz7aw=
4NyvzoCV5LI=
4f1icqDDt5fQCdCsqqiCyQ==
zVL3LX6VUQE=
JafdP0AMQPE=
JkJW4lXcByI=
9eTVBHM6nLM=
eWNaFteMSUyeZgxnyYtf0w==
jSioQiT3ATY=
UzOQ83rQUe4=
TcwV+D41NzE=
1aea5w7Q2+k=
pUD7u7N/rNU=
7XQdbfB/t3Y=
6DfnFisbzyE=
Dhvlc0Z8Ma0=
K60fgfvWlo0=
bCsIQ2yBnWM=
xN8OhkqxGBM=
g9iMsWejj1sVXsD90eTDPA==
SOQHN8ZlFBM=
WSImRdLNUXzJNddSldClZA==
Af6i2DJryzk=
HE1ssjXbMwWi9kjL1nu3wQ==
BHSPd8mNhso=
T0R9DYuTAMh00YOiyfy0EQ==
VLbVp8JgCCw=
ZkXiwbX07lY=
HPdWhpkWpVo=
j470fNVRaU0=
rvIffHC161o=
/AId9I+66UC8HGcKFfmguA==
zaAAQjcPWow=
I1k8M28mdHw=
OzLIjQ18EEo=
NuUW206CRGbK6bRsoF/Ygw==
xDmpPjpXpJE=
JimgZtTZu1A=
08jn8eJbIlU=
CaLn0cCjk5INLDGjzP/c6w==
jMqdYTHZwJ8=
LXxWs2eEs4s=
FAzTilw/a20=
zJGR2W5LB5M=
PniWynSdXkFTjMefNWUYsw==
ABbMrYTtln8=
4RY9gaV8pvo=
I/6y6A1CDs4=
dxPQvFcBBog=
y/uR8VXFtpQ=
SPRsSsBJZF17ZI6vPVVLcQ==
i24rb5Et92Y=
U/ZtK3HQLEvy+A8ZecGjlA==
Ox49lc9HVpSk9tvZXK9a+A==
pq88Wl8FtfIWkYK2qLMRzQ==
FFPOf/7V9BZUInNxpMG28Q==
zGs5kx+o8RQ=
5VSD7DXUTf1VplNXWFN+9A==
e+fW4o6Rfm4=
tmUmNl8Xfx1KIIe+mxahjw==
ViI4OodTUoc=
Wwgeyb1Z/A4=
SBcq/1M2LfrCoA5sgG331A==
3/mGf8EomIc=
7UralfjvjD8=
5i06/queJak=
ucRMNMeuV4MRwX5YihQ77A==
Syhe9yfhhmU=
wgmY/40TXqH+CoSeU4j8IA==
TOWWx//5FVc=
tEXbN6xbfP4MKczYk1S+uQ==
FjlVZk2wkOQ=
dDqAhxe5U94=
KkOVB4USDqRNSBo+M40vyA==
PJvuGhfhE1z+plStDYjQlQ==
/QFX6wN+Bw0In8Ym/EWEgw==
ThudgtP0ko8=
DAlfJVac9aLdgPv1C4ABWg==
Y6FmLojhyPM=
aEVE5Osn52d1oitNd5Fh6w==
vG0WWQMr0AA=
CW2ja/thlRA=
Pm32F/C8FO4=
cSfBLUqBsQM=
PRP0ELoRsRg=
NuUGw4OQW0gtDnGhxzYIlA==
d9DITj/0CZM=
mIi0mWAsWVo=
FRnif04gyYQ=
TqX26vvXWiI=
/oJWW6vsH8A=
VoBv9IyuOZU=
9Uvm7l6c9NM=
eAuk/3yFuJ8=
kLTuJ6XADFY=
MHD4xTphZvQ=
it/Pn/TTk+h4rwedrLV6qg==
VYtIwNayHtU=
we/ONfieU+MC0ZBkq7TbNg==
e26+wb+2a30=
m03Wd3Lr5lPvg/acEJv73A==
FhWfLU+CWzs=
HwwUvgLKtCuQuqE/h93C/Q==
JagnvKdPg64=
/FO/rEGV/os=
eexpFza6FYM=
UvhD+oMitfc=
uYf4yhDrnoQ=
PSzJcD1vrtk=
eaA2SDIusQ0=
iiIrgvBILxQ=
nu0Ihfzmwe4=
F6g7u2+gWMk=
XDWMwMaJMGk=
4SZwLyC8LAg=
8UBpxMgfFdw=
692tq6hwy9E=
1TR/LstNhko=
dgRgSRNn7RE=
1SRKwMYlqbQ=
JKo1YuyJj3s=
ksjQM3nmHvE=
/FAYB7PnCUOJ2nbAe5fMjQ==
zOFw56xwmdldixryeAIg1g==
1NTapToGeaI=
svYwUt1bJlY=
d2of3RbCbcE=
7SXD1CnYI+0=
U2OSkIH25VCM+6YEgxbTiw==
QjnS67SlfjrZlGou5r9ZNA==
0bAj7yh1vOTDsrvNjHtJwg==
n+8An701vAYRa2i3F1exvg==
mXzuW/ShqA0=
O/MbHdC8qAQ=
iRYWorSqg2tcn76FB9IMIg==
bHz3IlIjsWesSI0lJxyWBg==
WzJub51AMnA=
rvrZUtWTXKU=
98/iydL5K2o=
HP1Y+RMyOAE=
Wl9O9+8DzmU=
smcO+3lOP4M=
+/a8qiQ1UYE=
6CTfcHz+3c8=
dt5osIpVifE=
1HV5tx0m4sg=
syF+sgM/WDgG4HOFa/elnQ==
6Su6Eim1v5k=
7cXWJKH9wMQ=
m9yY7Z6WWHsAswJ3mtFhPg==
hakiGXpb4Fc=
8gh91PnC1ok=
Z6ZrVaG/5hQ=
RSNRaZA1cfQ=
8rfUxIMJ5SY=
y9eD78OVYC0=
GsB2NuPL52Y=
5JDpZMPEusGGK1oVC9Y6Rw==
JlSsKeoB+ZDr/Q+uTvjrAQ==
84EbzZgCNTc=
XbtIOvDKHt4=
0RUhraNWs8b2FhPV/sjflw==
8tWDaTlVUgM=
blv/KqPZdzFoyuqonUejMg==
tBYvkuybZmU=
QuopfmuDlWI=
TJZBljw8RMg=
8evYKo7FstM=
E/Z5maIY3xk=
Vr5DeyoK2oo=
ECtRFnP22I0=
2ZUyaBiX624=
Bk3AzxbTuPM=
ZuwjCyLvgWI=
lNnUmM1YWws=
tk4Vbx+o9M8=
l7iPQOoZ/ds=
y73npGVi8XE=
oOumVx2Q4OBLkg44N472tw==
yDcW+reB57b3AeD8Aub05Q==
alqwn1fmuGSdqphBInLFKg==
0UI7Boha6sg=
K0sHzuhgC4U=
Se3AGlhVqIw=
WnXZw2D6ITk=
1Frz66HLrUc=
D9jsqQsmjHgT7UFJanuIlw==
iKhXkHqx8Ng+cI2qwOpKyQ==
1WcnKi/m8CeknM0GpzCGTg==
Jd9eJQQ4RDg=
rGl5xWETwag=
/PSn6KRWWfw=
ZWQJFmBAQWM=
HH1ZCqSnsqnrr5i3zECmXA==
e33aO+1SPUi8jxP4qZBdYA==
BSDAOG4X9hs=
RdfaUPhOkr+qdxSVEoPLGA==
x3HztAG5E5k=
XctMMM5y9GH6rqUXFH0qGA==
dwXYKfxmBNc=
sTA4vPUSWd8=
GKYkT80fIvIg4TXkd22zYg==
QJtHglWih/G2ZccwWbHtcw==
DEvjN4s/JOw=
WJao5/24jaU=
9nKGRY+/rf0=
342ek2oNq7dxRYxMWNtUrQ==
4PiIE/NvdHQ=
YGKNOdOL5n5V7li3Li/+1A==
EfVed3md3z8=
xSj94tvCLar6TlbhcEog0g==
1Aouk/p4+Qo=
gYLeSCGSsVM=
76Z/jAy4si4=
ibPmjsTMr+g=
BPcJzIqp0mh58x3FkbLgVw==
ZtDzJdsdRRc=
vGOwMWDpNEk=
QB4KhiU1cE4=
2zXEEp2iQyk=
krIr6ai8opk=
E5/A3T3050c=
8V696lTn6IX8Si3e5o8RyQ==
ucqzZHemB/M=
54iuqXWBx6A7YnjwE4HXtg==
mVkBc4ATcRo=
f5sfWWYArlg=
u622w4r8iCU=
mmVSq0+baNs=
Vx0IPFxfZBQ=
v5KTnDg2fnA=
gcvli+ck4vyBNiAskKm5dA==
wH+tN9cRJjs=
P8TqbagC8UM=
SVMbSYqp1T4=
dVE38VYhIa4=
9Qq4+R0nPCqTfWluiR32DQ==
Vjs6Wv9lAHs=
OAitbgAXFfQ=
xhMxmT4Aii8=
GRlvYOUWthM=
lpYfwwD/qHY=
R57NkUAuPA3NMQdzpQIUqg==
6ZXHx12Ma7dUGiYfomk7Bg==
rGW/MtCUM44=
QM2iwKvjnR0=
XQL2NIBaLfnvXLBEdVa04g==
qgxselRfIn4=
TyZ1Vmh5DKY=
IBKSztYdgvOxrlY7PSoq2Q==
J17FkIm6x0g=
O/EvZKwCylg=
O2728Rr/dno=
4d8sIz8gIvM=
X2V1Oid/RgI=
xrhujIPNu2E=
oKm/26r9BdA=
bR7NKWKRYfI=
2rB5ehkglfRfYq25eGqdYw==
ZEeEQZTKqeQ=
yBKaT72o0As=
ZsboXXQZ0mY=
f0BV2KUVvCSkbu6C2jNdNA==
nUExo0adUXI=
6ZHV7Il0P9+ccMOOVVLW0A==
FnIEjz4AawI=
C/dGx28TLdM=
Bn0oVF6iTWQ=
cJfKLlt8LQo=
NkPpmTZj2ys=
f602nRCCpq8=
ckk/RKxSBPHfVMeBmWKxLw==
ZfjX63Fjc8+7bCVk6RqiOA==
m6gJ/g5v9Yc=
51GdrqyP49PolMJYN9cfVg==
pjxqaJmIEoU=
8KMIPz9o9+IB2pI7M7nooA==
EOhSniYJH2E=
+Zklvb6osX8=
UxxYTPcC7zI=
zPl3Dg6HXsg=
g2w8T3nC4GY=
ao4DlCx/TMY=
Wf8/4jRSIjX8IR+VFgWXUw==
SumYv7ex/Io=
/z1ZQYOqZ7o=
GN8lOEcyeE4=
8zAlTWPYqss=
2JdZ6klT8Xs=
bYqYElXeg/c=
QBJJik2XCBA=
ZZMh5dJLT64=
Q/JlBCRbGxM=
Qmrsv39EPVG24XQ9D9jMww==
J6BHNzam1nE=
patAJiXig64=
7TIU09KxIoM=
D78lW2XyRUtC4FKMoCU1UA==
Slm4DFeXw1g=
CbihUfT3vyU=
N+zPGSU74O8=
+T4bLFjPWr0=
ME0CcLqPdR4=
0yK/h7QuCbQ=
BRsX148gL95UvAQtrKoTTQ==
NwLyqBYtKgI=
6URQmM+vbns=
nKJ66f6qqWU=
/BgumMgnrjhjJFnVQXZohw==
dsTtFnl9xks=
nCe72WXfrJk=
kNP19zXK2LQ=
2V+wAHP4+c4=
45we7pbb5ZQ=
nihwa+JyO5w=
0UeyDxfoY20=
pz7j7HTmY/k=
e90CeyGM3n4=
sd82c1/KTpM=
OK5zQqhugH4=
ehpmlAKAsIY=
X9JXoURwCfw=
ibsYnXRccz6iqEpjnQb1jg==
kHLZIzIfN3s=
BAwfpyfFptDgxYFqA5LN6g==
ZpLmrqgEbZ8=
2teb4g8uxG4=
E71s4c7VLFhP6oxY/1AZ6Q==
K6OPjC4GLRyFDAkLe/xk7w==
yrXtAiPH6Jptc8XcoV3gbA==
OmnLlical8nNN0ZU+q2uSw==
cBtiQWUz3Pbf4N9ztrIMwA==
6HMIWg8N8GvK7w2z6kkZHQ==
jaYl+KG4ACaXh1btk1Ok1w==
FhmrqfYaxFT065az1T9s0Q==
iy+DmjnxPhE=
VXy93dVu1Qg=
Xb5hCTzoJu7NpkJQl74yLw==
HDBLnJhB1yk=
gc8fKSGYmQg=
iL4+DoGSKBpkJq/q5He+rg==
lbgRITc651wGEpbLgoeQYg==
YzuK6WXEF3TkeJz3ySVrVg==
tzddqMVs++mnNJEPaAhyPA==
o1/Q/Dh3W8ofMyhTS66SIw==
g645H8nyx6kUkEyB5zCJbQ==
LpTizDzYc840cYGVnYm0vQ==
VopqW5Z8GAc=
b0IYvdw31WQ=
9wlace56X70=
MdF41tIQedc=
lHMuArSIKw8=
ebdnyg0b8J0=
ehXRwdPHftw=
pxP3PBRpE54=
KPD/SSKSC40=
GMksh9nciFRzzTWfNku+qQ==
0XdgKKXoUsQ=
v1GR/yUG4K4=
RF61J0pcgks=
TyJK2EsJtuc=
+cO16exiiow=
tUapwd4eFuE=
rbmrJwi2UY8=
6k9LQMDZRj0=
93ehlBg8sq8=
znbg299/fIs=
fzaaPgTaUGO8j6fdu97duw==
3fEmwC0avxA=
RDYnup/sR+uf+jAb4EtSmA==
qXcekBeDk/M=
nxZtK8gvnv8=
JhX54wHsuzg=
ugZjKDxrVRfznllQyHBctA==
oY+cHX8JK10=
PDhCQ7QhyXxh7P4rL4bhwA==
W6dhQjvh9dE=
0ot7lVek2G4=
H+ZCAbNd1TY=
Uiw2cwt50gpXAdOxfW4YVw==
JMVTv/4SNjw=
PQkoJ1mVCok=
n2TfPxfFQrc=
xZh43ZAMxPcfNaknH4YyBw==
jgQbyp6j0+w=
wc4bL6eOb7IyAdMAAjJDew==
JXfLCwm/Ljg=
oYZGJHA8oF0=
FpnhWqnZpWo=
Pcv6v2XnAnY6MX9MpF0dsA==
xpRrzdDQIR4=
F5JvrQAEDTY=
QedqxNuc1Yg=
rEqTo7mjcM6jjAZmOT5amw==
Dt1cKhu+Z/REfQYqn9bV7Q==
m4QaPlIVpws=
kb222Cm1nD7iLOc9u3KmxA==
5a/w4L6oZH6mBkV3NiRn4Q==
K0BS9uwsUM8PTlbUA4Us/w==
lVR/IkkVwbl83QpH2h1SYg==
OrpkW+E0neZ/dU2e4Wtg5Q==
0rzW6xlWaH0r0KBhluJCIA==
POjvGpdCBoF/cfE2dNWjTA==
2oJQbZYC/vXTJ2y8J9f2AA==
QbWbMmUji/o=
BI5HqUrUAE4=
EPf+sIFIyP32x58Njl3itA==
B8HTRksi0ZbS3rua7XojWA==
4E8PWi5NWrGDrKO8meiQIg==
H8HNgCDUfo4=
6hAN6ma6dKbGOU3boP0h9w==
tI+adpRI7/Q=
UGftuMpqUmA=
0D3Sf4ZztPYj8uv5I1Vtuw==
bUcFNj1+1nmFBTulBtxIQA==
udPKkvLoLVo=
KYbwpdhG3UyY5mwsN9j1zg==
tAA5q3d1pyUnIdy2giduzQ==
W+s7d0ogxng=
1GwIoC/r4zbvFRFx6Qcb6w==
/4TGtrwWM4qFpSz/3Brm7A==
jkguk50Lh7J8egl2xdFsjQ==
RYFzDdF+8ZN7W6wXlwzfUA==
bwQ3WmzwqEdZJYjInZZ/yg==
tNf9VVtQGZ2NpwnLCv8m1w==
Q95l2IlVmDHFiMtHRJRqTw==
DDub9LPzX6CNZcTXmMswrA==
DDub9LPzX6Bwn4LOH5Dz6g==
NY4y1eKb+yld8XDi9ndA6A==
z5IDCEfxcJjA5onQ3X6spA==
veWiQUwxoj5e/2qd48po9w==
mDf2hd95oxr9+ZiHhHQTjA==
YXEu9J0RGTCsohuksp/zcQ==
9HTwgSUvf44=
NMr21wT5K6VMuxtxJuxEWA==
ekLMsuKtxX4=
uj7ejXxsvJJdpDDlRESDQA==
Vyq+Jp87C2rx6w6aiLDvaw==
haE1vt8u+q1As89rZzf+Zw==
NJHrNlHZF7Sy/MUtvmIOLw==
8aF3yK6n93E=
ozB2y+RhAMXEiH1kjVrsDA==
r2nc0DdX88nQFsPwgN/uCQ==
r2nc0DdX88l+mUriEfpmTA==
E8OERSYHr2g=
4xGbmFD664Y=
8c+HTn/7L4k=
V9il4wFYNRH4VgyLjmS10Q==
Thdf/yotQgY=
WBvVi5zJwcd3ENW4x7bcbA==
j2rFCqduElPiCqq+TldEHQ==
1QwTtAjiJdo=
Rlu0toXytho=
PBXqeEo4wmc=
1IWZuJflhR0=
u03FFyBpCmE=
7OpfZ+3BbLU=
9I3DGmqFcDA=
Wu/gONmVk2I=
u7Xnr7P4zkjJeVq7NGht2A==
Ohl+ki5hd48=
uJvRsbZTjpY=
9rV1vGR6ikU=
rZ5vq77wN2M=
X2QUKlykLxzx60GLfFrD6A==
PHVF1EMFl2GmkxMuc+jT6w==
miyvxbKg+LITtFgG4sdwHg==
5V+5O6HoFa8=
cHqmETKx6P/DCJcaeFYM7Q==
HcUb0vvY/Hs=
UOm5+aL50xw=
joLU1+0gCu0=
lWDpSUMcl0IZk2z0MSPU7A==
oRgrwTbPlXs=
cSrdCnHHnUQ=
B4xgaZBLQnw=
0bny2RAx9RA=
DHjof8hd5GI=
2Mcn8/0blo4=
ArAY/o32x04=
8RAW9BlnMBdsEwcFHweZ9g==
0SP1xE0oZq4=
VEMRi6TwUeI=
f4zpi3ioaLo=
TZyFUuzSfnU=
/VU1/svFL6s=
Nz4lQX/wo9U=
EmGLSkRQ86E=
cNex2IRCdxiZtGNAKywjmw==
l5ToxEjqY0T8GJAAjzmOIg==
l3qncJrUbq4=
rh4U3PJdx1E=
YZ5AsIYt2UI=
pXh2FVe+HRA=
fE4Eail9x5c=
fve6PAeV5u0=
2vLdzXUb66E=
gsu1DjpJZa4=
zOiyNgK9rys=
gOBkC2mKwd8=
Ikf/eIXYrJc=
x0ZrDa9eP1IxRUlRufZaqQ==
P1oakP97bxzMg5RusjuhrA==
A+oloDXGnxc=
SToYTn1JB+I=
AAy37V7KhL8=
jCSFZ/kINoY=
j+D74Mo2EOw=
FzZWtKWSJHA=
yw95UZ3UjjU=
yIw8eG/yQ+4=
tth6UVgVO54zlp7hGr0VPA==
cK9XvVjq+Yu6AVGIY0qaxQ==
zzjyhc0SY8s=
TsEjmY5E1SU=
fLzDqFvZgLA=
EWySx6m2w3I=
fit2khKiuw8=
s5EtGq1ThbU=
fMrtKMaz4ks=
PNU7ZqDRVgE=
YTfCuAT1LFg=
lmea3Gbcgjk=
ZPxQDFdAEwo=
vAG337qTiPI=
Zd455UcRs6k=
brOUtlvKJok=
eoFT1Yne2Hw=
lWNyXzKsVKk=
Z+Th6H2Avig=
hswlIZvdYU4=
Xw5ruucYkfE=
c2YWp08NWwo=
78uXksfFIgk=
QA3z3tUCifQ=
wptE1K2rE7Y=
RXUiMYaPe6k=
QrJNid4lAYw=
OU4yUyeoeAk=
Y7Dil4L0dgs=
GzomenyQSHs=
CMHoylzA7mE=
y3+oeO6FHNYCpxKkmLOanA==
E2bd93aPgq8=
QACpyKDva74=
I5NktbIfkFk=
8mrFXGkVxMU=
BEZcY3vXg9I=
+8SvacfrNEw=
v1DcwSRhKNY=
XskV5OQIWV4=
ixJuGY/C59w=
NNJt3H6IHxM=
n0dGxfJuYf0=
/vuXDgbr0pk=
K7Z7g6XBqSsIDIM0oLoDvQ==
gLn/DQch4F18A7opp90xuw==
ifBSzLjkkBs=
x+kCnnPRGN8=
KMn+5CcapJA=
gRs1rnTUUEE=
/I8Ahcss3ho=
/YvQAID7ZQg=
JforUrtrRDw=
625uPkWwbvQ=
HoXyxrWNRpo=
XwFWQNyh+mM=
bIAhkrefSUA=
dfcUZcLLvm4=
fknAWZjtGRA=
PNJUixIm/EY=
+SGOkcKfb7k=
m/i0u/bqA28=
GJRDqM0h+3Q=
+gqJDCzUykg=
2Adf4vx7tPU=
Iq3MoR1k6Zg=
x3A9ir0iMqY=
u8z8lj23VFI=
Lj0yQlb0XU4=
ynUvcbrCQec=
junJ+3F50A4=
0KsE8VZdEdA=
1r59ZC/aBMs=
PFe/B/0ZG+M=
87BDyMRdl9E=
sBpaNErwSYA=
S8n7rxNuAFU=
/9cc3R2G1DI=
wfqmKvJJ6b0=
qVCWsow97isZqMcgDE84kw==
qaleVwip0Pc=
yKPr6VAL0B5a6Th7M26pOQ==
J6QE2PKAMW4=
5nHjsI6C64k=
r0lMFUBgBBDdOteJMRY+iA==
nBf3qB1Pu+hoRLTbizyQ/Q==
7zlYzi04oWA=
VYczuGKuFFQ=
mnJwl6fdMpM=
MjmYHeKCSSY=
dWPUbEYqfkM=
l2e7LECXk9U=
t3eW+4eXjaU=
iMtMQMGX2EY=
OoyKX8QTYqk=
q63waz7QOWWE2AfrZaCBjA==
V7tH5NbPQPM=
TcOUbLOiWkA=
9hu+eOHEtJ0=
rBNX0yKv2x0=
LYX9wv9zdrA=
6dYq/tSJuloRKr9uN4klnQ==
XQAT/dmGy1M=
m6tkcmibZmjARvOa9Nu5gw==
Ykx62eC7wQ8=
idpDXcChak0=
sJbIv2IXgS6nix4QWScnhg==
iPG2OAGPzck=
gku7oEHRI7Q=
nPfwQWgI7pQ=
m58hPNh8xiU=
DZ4y83j5Rfw=
QUnzqo8XMbs=
gOC2zODQICc=
oZpA/Or6Qig=
QQPonrzWDCviXpyB1qx/cA==
bXCwGhhDFm4=
SUDXMlWr9CbIkKCZVNfqyQ==
NbL8UokEBEbVPBRcpHPhzQ==
9fxzDsk3815uiQt/89/RtQ==
R0eI/tzwj1Q=
xIk6LimbF52G6uU386c+kQ==
Nmn77jqfBrl3Te2A0MTYLw==
mfKXqZiLQXsScXk8kxXA1w==
eYICrAQa0oo=
iuEw9b1HOZrxHCbcWH235A==
iuEw9b1HOZqFpb+XyJy/mg==
RQ90eeaWp2aMxm3EqubIqw==
CM6fdci9aAELU7Nbb/661w==
RCq9X9TSzRPeVp2LLhThfw==
cUHkiYdRRtthFVUTXSclhA==
nILZEQ4x9ag=
qS/mtuONpE80qkm2H8tB6A==
wbM8lh4xvjr50fUU2Mgn+Q==
lhCQBlne67g=
sZ2tp3Y/ilcngEacmQbHOA==
tHISg8uKWnE=
5gtezYuYF1kaC5OrcNzpTg==
KXOg/j1htvU=
C9JzWX+O2bk=
zALl+h5ry6Y=
BTiZcIuId1k=
Rfxp0hHyZ1rC17fOxFFoyQ==
6GpG1wgzSmxyBzXqZXjlRA==
eBEnsXM00a2smpygVCODqg==
o5Kym1arxKo=
1Ek/vLydQfc=
eBuXFvfPk0I=
cPLGac1Oh4E=
6SkSmY0ECWqJ+ulJWJ06sQ==
nKO6589t8JA=
FEn5gmJR+JM=
LJJPii6KMJA=
JUnwfJIS74s=
q/L1ttUJrXA=
Mx1HmxBQeXg=
8FcOjyssQm0=
dMfO4YvtFCOFJ5x34RY0oQ==
4ly6nrXF81k=
+Eq9JDKRwvc=
ZmHFRSGWL0Q=
Hs8cuFTnDOw=
K8XmhHZF/zM=
v1WVaI+jMyc=
t4fUk4hzDTv1T+cjc7F/uQ==
Wl6af/1AF7Q=
cQ/unUO3lSI=
sXos1thOfZU=
27m4E+hKwjBt0p/7hLodQQ==
SN8YnC6iHjM=
y0MQTGhMElg=
RCY87VCf4S4=
GeQpBADMods=
uZRO52BIezI=
PlWFhpDOjiA=
QJ11UHH9LsI=
5eNFbIPXfo0=
kjlJROnWaGA=
1Ch6Ql6iEXLa8fzF5qnyrQ==
7XXuh2+ohMtSbrkXt7I2zA==
Nn1Turdg3/qprxpSUblenQ==
LKP8Moen6FIHsT87IMhlHQ==
JGH62nleeZg=
WfuviSTJlsg=
VTeLXZ6MnnY=
wzYKmiPDyZshj6vWJyd5tA==
dln1/604UkATslBTx4Aayg==
fR9MpdZ3axRzqjqjRAiX4w==
FNf3XWkpQb8=
W0xd+M2j0IA=
26traZvkINM=
yltKxuhPu8AorPyS1XmMYg==
DwSf8534jXs=
wucVDQ3TqQo=
DRjOkzkHiPHpSYcjySmPkw==
E32nl2ex3R6GC477s74Sjw==
IBB+uJyksGZ0aVh/l1cBBA==
RS9UHoNrpf8=
Q+F8F5Rg9Pk=
BXocTRvPHUfKfXbuJVGWRw==
36eDW+sST+MhQP/TtCff7Q==
o6Qgz7vSfUA=
39AfLIac7HQ=
Uki3qFCBAMeLWbwfNdlr8Q==
0hLgKCWw5MY=
mJC0+StxOik=
enEyK53T/Mk=
O0FN7l6aBr4=
3cww7WIsfko=
163cniB2xMeEpQ7mZg/QxQ==
zyE4KK37zFI=
ibdbeFSV9+o=
1i3pB0bWpvY7n7LSGs3ZCQ==
fLm0ApQNdjA=
ggKf8Gjh3bgAvcqg5mx8mw==
rvvxssZhK4Q=
/RKoTdn9VEE=
idagBpOIgx4=
MH1zaWuLiWE=
sdwlOdWIxIg=
atgcxIFZDZ0=
jtJGB1JvZLuJEpPnLPihmg==
xiLJfXCzCMCLwhsfc2RAOg==
b1Ok9gebL5tjKUjOIBZwpg==
utTdcWtKyZw=
X1iQeoM15rXzPsBmF8bx5Q==
rnwGknN7xUA=
ZJiRPQAX7SJ67ZRq24VfiQ==
gFY3ZTfCKDo=
S5yLdyYHCAUchIdcW4yVcQ==
uHw6jjS+CW1XEyPTaHQ1EQ==
y4KRlAGs5ik=
wkwyBdo6kRw=
44FCusaCo88=
GesZHv7ZpjDk0Mh88jAz5Q==
bdxskp8vG+M=
LSeA/cQCP0I=
mTlQO8+iz18=
0kdCilgGDYs=
Oy2mR4jjtlFsn8YQpNGPxw==
VmOH/j0n3qtQP8TZ5+HNig==
f6CftArGzVk=
qvK0dmw2AGY=
80zFTFzBBeI=
HHVO0kHamEE=
spgUjsQJwTk=
plCt1b7o8UQ=
EUcezkqgphI=
uVPE2MjgD+e95Tv+6UoHkQ==
RWFLWtEY640=
E9nrNcg6t9Tc42kpLIIsNw==
I0z45A5DKpQ=
N9ib7Zzl7htpNcCKUaIvSA==
Wpa8hj1t6a4=
dexaWMXBFm4=
Ld4BEPDVtZI=
AUfA2RiVFg2Q/dKEvNAruw==
Uuxnh/q2UfMHjMKBf5mxzQ==
ISoZGn6p3TA=
PV4zUdGfiUg=
cHvdTOdpy2E=
49NnOBHg8x8=
3w5JVApalVE=
THRE9Ded11QyjiNmxvrkTQ==
+QbM+iFTscM=
64QLLzPeB7k=
SvFtJ3Eqwq0=
bPWHPWcnjOAigV4dfxgFIQ==
obdn6GdNAba2MjYUIyJaMw==
0wNMBkLCBMI=
kfyo9s/39Bw=
+mJyTySRdQI=
oqKdvAIbJH96DKxa4gOx7w==
S2ApQwnSBA4=
2ZclG3nT6ZU=
ASue+hENBDY=
NVP/YnbW31c=
BDD3G6krutfe+q6i6DaebA==
D8/IKwtYppXia424jviImw==
1VA6n2FoGpI=
FiIZyjUuj5kSA0Zo2dgj1A==
sUKrNz31BJw=
Wm6TI5nZdz5NIo4ozvpZCg==
hbCfnA5ByVM=
k7GlUYxaQbQ=
6768IxZ+lPg=
6W5ggcUf3/4=
uqMjXeLT7XF6HAbYbLbW6g==
6t11oAG8+ow6M2eb5T8Q4A==
6/WKHUQgLr4=
NkNWoIbmQTY=
eTs2u8o0KXk=
6GLy09nowyE=
+0t8bn9sOhA=
GJXwvGUDUrM=
3C5J+SUfplI=
yuHI/T5uZwr5QFUpgGiCBw==
3mDjjDnEaWUCps8+i0YHUA==
9609qDm6VG8=
kdQgkTJE0oCEdk+ChipNHg==
Udy4MbIOfrI=
bUs7Z8BDnnUW1PFwuL4Wgg==
cclUbxiNV3E=
ea3JBWVVuC/eHFf122bohA==
7u4AXlBbZak=
n8eZCbem9bY=
4nspu2YquBExXNauXB4FIQ==
RENRS0t2XH4=
vAEfurDwKUttjgUWMeJs/w==
vAEfurDwKUttjgUWMeJs/w==
skj/5RVfLcYthCmLQ3z4yw==
nUtigG05cDfoYfsrghod5g==
skj/5RVfLcYthCmLQ3z4yw==
8DTBg9YJD4I=
Rw9s7DiYPOI=
YD1cydF8TwM=
29c8z1i1fWA=
COh65RPeKQ2wadV/SZ6tcA==
bVKYfgYcE1I=
lz/P5Xp/FL4=
Jkp8zcQgw6w=
IeIOryupZ+k=
8aIKtRVGgQc=
IoDPMI9kN6ckY3u67XF1QA==
ojog1k5sJsw=
1sZsCKLGwxE26S1WoAmyVg==
KR6F2PKC4qo=
YoKNeIing2w=
tROq8hMSATw=
t7gQrSUE4uY=
2u0bHoE3NJE=
XMDLYGuhXRk=
cCXa2EZijkU=
PD34QMUfRNs=
HVvPBHzLnDo=
5VKmX/lTOdA=
Of+pcnq/QfQ=
BRXx/9YkSng=
i7aZN+HDNSpVCLBxhA+5lw==
0OLAGoD+KGg=
lmAJyy/lda0=
MjjVYUlCG7k=
BOf+0gJw7IHxlXabqTJrVg==
DeboOw/qbaE=
8G0PN0Knwes=
kiJUemF3Jpc=
2Sq8TFRgh64=
B0+4LfPoyp8=
Zjg1Wm4NhLg=
FmZHAcc3cCY=
Noar21voqWs=
docefkYi9qcraVPyngT9CQ==
hTP3DO03+Vs=
Va52XZHFAkA=
0WAAgixPACk=
C3LT3XFPzUc=
b9ZCrqcQyP0=
o67uRf3jH+k=
GwCwvJajy00=
uqk0e4t7lCwVdTIqU5zL7A==
bVS8xKOKjGA=
BFt2zuVlL4298WKPlY5rSA==
/SixFPBbwVs=
vt1/FrEEC5UBu4CFF2SDDA==
Z0gQhEriT8NCt5pQaS5l+Q==
kOOZSXY/i6wkq+RS1gBzqA==
opqE9OM6N/I=
B4v+1rxUURE=
9fOrKpBXEt0=
m7KZuWbQj0I=
swXhaZ/TitI=
Z/O1qpDNH2Q=
B20s84slbCY=
4vZdSMed/7U=
4GdoxQIKPLk=
/xj4E0QB3uZUiBnNHr5d1Q==
kYrF1FUCzMo=
yW/ojZAXE+M=
2R60HX3BaEM=
dICMcsY8JZw=
Y/KjNHK62Es=
cd3ERF0um9kHlRwnBYpQbw==
YjrMr++2Crw=
FhmSHESTQ6NoBDPMnJ2Ayw==
u47hmlkrWtcoSZkIMnE6jw==
RJzrxtZ0qxQ=
ObpJUTDQifM=
QAv177qefSVknPkkn3+bXg==
V4soR8+bkVQ=
Fg9OWNP9jME=
XsHm0rRQ6Id73EkYi7JfAQ==
ERpkKbTlVk0=
0GHRUJo1DYQ=
sfzDNvt/nyQ=
f0DfbDxXQi8=
k6zL0ZTkuKiBHar4p6S+yQ==
VXrEXsK9NoE=
uhGwRAgt0QCTXoCBT/tcLA==
fCeA9MoToeg=
YHXR7jy1fcA=
DEc1aCqMBV5KNngRnUSebg==
ZveRAfEGIWo=
HkHOeh0D8gg=
RJLRk6N6VMEn5QxvHrPYHQ==
IHGKT4UPeiM=
Owb7X/H5Iho=
GUottxM2xdE=
Iu5uaFN4DmTx9rDmxsAfLA==
Mzi27juYHk8=
fPCJg2AWcvtnjrJn9Cu9bw==
aMFuWFb6rNw=
wC48PRxotA0=
V22Y1hLSDmw8gq1BjyXl5Q==
m1nH0o4rYSqXV75sRQ/DXw==
yHEjWNElyjQ=
FtSuKE0lqkk=
DpxJlErH3YM=
WviWbk1DBP4yQVNxoBnqDw==
19T9fYPEEn8H6WizYwVbqA==
e2G9cerYwZ8=
b81dymb3Bl8=
DgHlae5QRGo=
ysTSzIMEVkk=
caCoS31QJcs=
TftfsCnMyrNctc1leZj3uA==
Sl+Jwrw6dI04Y0QWyQs/Dw==
A/rTV8ot0Z4=
cvlCvH5nmFE=
p6ydXekE3rQ=
2OUL7Fdp3VI=
7bgDxPOmKIU=
6ySnWReO3NI=
/id/0ZujGGo=
xak8PNwvvzw=
vB+/Wi8rg+r9xuABD+MsPQ==
cdinmyhxz5g=
IGmTCg7KINs=
EmjGMjxAQJVte/r86AvRPw==
aekuaQwFpLuEegBzalxqtg==
2dUDrvoS02s=
kJ/qDL6HTBo1R/kVozX7Vg==
ptucZUJzgFY=
VGBaACvtTIc=
Ifwl6XfmXEA=
mZULTGbFEY4=
3wezrOzGT7Q=
57qDcQKJWPU=
jZQxlg9y/67DFczAOtiq6A==
AwOWCVAqwCU=
IrXB9dDUxut3CthF+TKMwg==
d9SlwOVDciA=
MbW8ieV1tRXD2h42yc6y4A==
SnD+OMWgsWL45V41rP0C9Q==
A3tHgFMlK9k=
lpMNcrdoe2HqviyOVUqspA==
sTX0Yx4i3dk=
b0+8KKWfkEQ=
sb5zdjIxLKY=
w9NQDL7RgVA=
YyLievbCYr8=
VrJKN8SSZb9nmNBGErW0Iw==
Sk8byovMv+A=
/aWV4IjhCkzAh1Yz9tXIcQ==
NZTpujLYsWw=
VjX8ECespvVnSJL9WS9VkQ==
pI4s3sT6xIU=
SntJro6b71Y=
ULZuZc2jiz2FBefE5skXfg==
mwB+uucgkVhwyX+1FIS0nQ==
A+zWxh/QGeAztODygUK1bA==
kOTz6g5gHmYf5KnttWDSIA==
vx5ok/XkhkI=
yCybaG2aNQ4=
AY5wJ1UGeT0=
tQJHwusGOU8=
PIhfMcIIuZc=
xTSBnoNB2h+QFSv00VOIgA==
f3WJ0Lg/P60=
oyvtD0Yf/34=
EtqeZ5DgKrw=
YYvXIiETMH0=
EnLiplvoLMM=
dGHOgzzMkaQ=
pR/naAaQhT4=
YWPGDnrY194=
SVgUzQHJb/M=
pr7qB4zd5mQ=
DceG/bCMH2U=
nDCkF4LNgJk=
wuk1aDbRpA8=
ZsIyXj4W0oL8qbxmpFIlgQ==
Mn8brfCMrDk=
D+dKFEAh71A=
AvFtm86NVz0=
thjppkduvfG/G1MH96tsCQ==
0QlLSXbvnTM=
KHsc/DZKkk8=
DZVjPSFV9wE43Reh8ohSOA==
ezx0EKMpHBw=
/Ln1s+SHHnw=
5QeKs0bdNSM=
Mu2zNhZfPBrAYikYMj1DTQ==
uoGMWcd+sqI=
5s+w4C1OPHHVeE/IgvWRfw==
ZbgHibZC+wQ=
vKwhX6qY480=
mmRY/FVcN+I=
8NPokX3dFih/5iwHccMhSA==
5j7oe3z5/uU=
JWypfTOGaB786Whn5clkCw==
XdT9GX7BYmQ=
AelxYUL+Eg/SjBrETxyr9g==
QWfVUpE45sg=
d5rwo16lpEg=
8C3eOZLo9o0QNuGWFGBcoQ==
91McGeOD4c/b2z4u/tshCA==
rujS0l6j4+I=
scLRnNURVpY=
mI7dD7FeFFw=
/GvjkcshorM=
mGd+NIHIlU4=
JB+0RddftEQ=
rP6ZR8nPszo=
MpREZ6xocWs=
+qlR9F9VQ6x7AzAwvta92g==
pLsmhLe7Rig=
peFuEcOl9Pk=
/9aumPJL2ys=
r7BA8EfKIdE=
5rIIG28fHZI=
oZfGzDWg2gg=
Pr7ZC1QIVTg=
CEsA43z7TnI=
pXqQDOkF8ls=
9SkR6Ga0ls4=
Q/xYAP2V+aA=
DhEAKEWSxEo=
VgaUzYONTNE=
B1OSjV6s1GQ=
vsRq8pfTyF0=
eVFtkG+9Q9s=
5KWVtrjIvxQ=
oiHe5Fj1bfo=
DNyhD2Tz6Zg=
frfjT0epABE=
TLw7R1iewcs=
nTb4dsuxhVA=
u1nY7sxeHd8=
gJm5tN4e5k4=
WqLS08XKTw1Tir2kg7C5Zw==
TqnUqeHuG9g=
1oiTlE1/oTg=
VT29jvSWaOVrH6W5Fl0nww==
OgKeyuXCISo=
3MHeL7tDJMs=
kTsbXrKkQd4=
XvG0ETZNYyk=
HL1nAtsgkKk=
a5C8A1dg3aE=
zMzkvDqz4UQ=
YuYwn1DxZMg=
HXy/J0/8tA4=
QqWoCnit+Xg=
b89qQXE7NJg=
L+qF5MaRU9o=
SQW82LlSAgK5mgXIMz05mg==
CU8ehi+vSyM=
FGf3jKzqz5E=
+ENw2u99VdQ=
+s3YD8IjTbE=
pqyDNV/gIrc=
IS+63aeA+zk=
J7nKQ+qmams=
9W5K+7LmAKk=
B9pDzRSsQ+k=
/ZG0h/gmUcE=
9xErfqLTTH4bvHYw+k3knQ==
+rdW6Sdl8gFXo3naJ0+FJQ==
691YDQ1FrYw=
4vR4QvlGN1Q=
/iiMQxg+Qq0=
qz2eNuzKlxM=
9mGN+RW2zng=
A5ERqMzkYwhX+7QksAQSKA==
Ida9zFARB4s=
cMiqkHO49Is=
d5Kq7A8hJMmMtgOmyrkI/A==
H/5YpNPrHh4=
ablILRdZ0r0=
/aMELzSNpXY=
WhetTQ8/NEo=
KtaXY4hsZG4=
V5YSBwkXo+Q=
Xe8qmifPGRk=
u8dFxYW2yng=
bR2UQbydY8NrR+rDBKlBTg==
Vps01T1EiZjWikplkqoj3A==
j3tLMb90R4E=
cdeIsimhuHkGTcy0/RuxYA==
rZ+5kjsG2rA=
Tr3QY+IgjaU=
jqSnZmiVPTc=
BYvjuQ129bU=
dqmXOJKlon+jPXefpErX9A==
oO+ca5gvFV8=
l4+MBm7SVGU=
tugRMc3JCbM=
9T2nyNtvj+g=
2NuX+q1CUF8=
yZihMQGIFdEbQSBe/f4cZA==
l6Fn2pBMevI=
FQ3+zyPlePM=
J3OG86zr5AbDMBEp9dKfPg==
TLad5s30pHI=
NKjtRAzalyI=
T7T3FTawIeY=
BsoOqiAkg+I=
YjWbyd2mBa8=
ZlTU3BnmymQ=
xan0aLNbVKQi/dpad/LPfQ==
HyMkZeKLwjY=
rduWDpKsUZg=
8R/0GhVxUVk=
Z9chtvOifXHCd7ETEkmc1g==
JCGREK/pnYpNXmVCmf4WDQ==
AgbLSdZdQ7g=
YDWleX0k9Aw=
2yHpLJt7rX0=
GhxtdETb+hA6kDyJNKzOnA==
AanOUeH6yBM=
zTGDfVxYAks=
6tUaKD6S4bQ=
bQzih2NVbBY=
SKFQo33/WG0=
ZJqBtuA9x2E=
3nSpPBQBVVE=
n5hi57uA9Sk=
bEVZu9a4usc=
kDDGf0GSkhOuRXAgWiT4xw==
IVLMFaV8a0JeSNR25VmxgQ==
WBLq2yJz3MU=
Cnnyxnpc6uyZBD/01lyA2w==
xqe68ioZH8zTtaQmC53HfQ==
BPW8Y3yUlHsliwo/nOpgEg==
BPW8Y3yUlHsliwo/nOpgEg==
xqe68ioZH8zTtaQmC53HfQ==
XR925jkavDo=
duR5QWcdi4E=
Z5MrWrjHbnc=
yPTQ7OM9hhwc3kdBdkKbgw==
xgS8vT0fhcI=
KHjuP4v80Ao=
rPRwBhHKzviL4dJ/tCiXKQ==
r0XP43lD/HIq08rD9rndWA==
u0zaGgs8R9o=
pLb0K+u9H5w=
IwVx1h3OgK0=
Zc66aEDcmdg=
VBf7QFvbvdk=
kdY1sHoP1A4=
xBe9gFTgk+A=
fmJ9EO9fkcM=
+oxXFUnVyI8=
z1yNDSx7b7Rls7B4Nh+oYQ==
WexE6KK3trOCG5Uu2lyP7w==
Mac2KMHtY3w=
2xpkatysHNM=
0WLiKU66MQY=
vQ2jrq6uMsE=
btSaIFtL98M=
xfxvX9I9X20=
7YggBV4JPZA=
IhvepLzcMI0=
IuLs8OPyY1Y=
tz5rUFZbtek=
93GxqMsFoOE=
VM+p3Wta/T0=
VztH1viDN+A=
+Ozv/nPY+uE=
SxalOjKtdoc=
k0f1n+xdwV0=
4/ZgrSAi2OM=
BmBV4KGhu2c=
+xi1Bzpblto=
Ye+SlEBkXTk=
ppZczggNCRk=
1/oVgM9HSFU=
tE2t+m93aDk=
/FmsXDBxMug5J2ztyTnZyQ==
IMOnf9nB0ds=
WZlfW81uG5p7vPh1qgAoAQ==
0FHVljg5OBg=
oJYTWqUsJ3A=
mIYbDd8CTJc=
K12/nB6vPGw=
FFVfcmqN4X0=
ZjVj5AA+9Zk=
itDl09xoVpA=
TqB9tmgJdGQ=
ielEFv0eHN0=
ru3YfPDbAYw=
STvntU+8Uj4=
b0ziEMDhWD8=
FgN9dR69R90=
hi6SQbFg2THjBoVdcRlafg==
XUyxwhOwM+g=
xg8DyihQJXo=
GK8YHSMp4Qw=
mwuuOWPPtC8=
TonuMDoaNHE=
ezgWE3pdO4U=
0g6Y9fz1sAo=
vQgNxMUjO3g=
LOQXUyr0uhc=
15wNGrtDHpI=
ZOH0NJ/s62U=
Fm26YEgxQ0M=
5mfvmt7ZE+4=
sArNybvlyes=
WZuLn4MkJAI=
x5FYlhj1sHw=
VXf5tt5VeiQ=
mLO1l9VQi/Y=
noDYpCC0Bv0=
Yv/XTZtnBfI=
T36A/GDrZh8=
x9XX/O1EMe8=
ltpDoKz1HuQ=
81t/F+7pLFU=
q2xZwLPDIdE=
pnNpQooqA8k=
p4wcsrBJtvQ=
vmMy8kdT8SA=
jKpApcvZz9Q=
RvQnggeiv8cxuDFOadIK2g==
m2sSWJ4s2H4=
phDAcETbomi/Gy6WYVdQ/g==
QKs0eBv8gGzqgavfZn+4gg==
6Oxah2I5HEHm0kkc87P3rg==
nKVv7fPSpZFCdaQlzxrulg==
CnHl5ufdv388U7Dc4zAdtw==
oe6a+stU1U0ls9TAfEUfZg==
E4z3ex4bQiA=
pf/BE3rEZAQ=
FHYdBU8TmJA=
ND5iGmTDKmTy2Dvt37f35g==
8CBul8S08c4pY64W+L5qUg==
0tVj0A5Gi2Y=
m4mSddU5PM8=
f2jntrDtCcw=
ccHHW1CN4c5nqS0nvvxzhA==
JoC/oNC7u0Q=
D6Cn1CN/toU=
eO1GVVlZt1k=
t0PR2cjD6PY=
bgO6t7nyloQ=
OR+h3U11JSu70S6xeZHpnw==
f+KTNmA/6RBoyLcqYB8g8Q==
YCc36VNB9uo=
Umv/Bb5fQHU=
xlSbiKGu2xTS8gcjwZnBMQ==
O8x7MFyBc+g=
Gli8KRhfuPs=
PbH70BiR/1zMfjlma/PbiQ==
5fMn7mwWscXynTnrQNeYmg==
WXu0qud+vgI=
MO9bHz3rF1VT964JnHuZeg==
OuEYm0iOS1c=
hwlnUzM7hrU=
uZI0QOEThew=
nZwkLY+GrCU=
yr4fnuknrfo=
Eyze/fvsAbQ=
0SL13OTtxgw=
g1phFKri6bI=
qYcUDBW9d2A=
mJzYEA8ftds=
xHD7ruAjhtY=
dWqobICA/cVPgzE65h1qlw==
i0u6jl3LONo=
kAsT+a6lx00=
GNsnsrFrf9c=
6bmXg5EP/qU=
zyZo+EUDNL8=
eVlmS2Idemk=
KhHeETFwQbmcS9GC8t7ntQ==
G4+n8spipb27Fs480dO6fw==
n19LiX+etQhO8SLBhU3uJA==
j+FlJg4zW7o=
qjXzjf2e3SU=
J8MJOj5FLwI=
KF79LzhZDx0=
Z/jZ6NcG3OU=
JS+UZPigYIA=
ZEkLyMSnE8Y=
i34Jk5kFybXstTELJGiNqA==
cdBMf8LGpYQ=
IBgDdweK3Ko=
YtjLPQQGLj4=
o/rXSBkuK5w=
w2XpN8lGvuQ=
JCUZAcvk59Q=
ggQyPIdfytE=
T1D/lXHN+QQ=
xH1BBzj8q40=
sVh96m77h54=
hBzcmmByMYI=
7egusC4SPJE=
tilNs5mqeWI=
6xZttgGzYoI=
D1YDEZNITfw=
WlpKebLaoV8=
5+QvFCUXLXM=
b7IfZvsxiNs=
z0oaT0arKDE=
9R8bv7uwXYc=
7p2goXYPWfY=
NIrkKpIC+f0=
LW03iMj8nGY=
qfuAcDai3dI=
oWTT+03NaCx1qCeAidBdJA==
9KGxwtJoR14=
KXk6fy+zd4k=
jycjlgWBLQ+0RPO9MuPaOw==
x25yoUKYA/s=
oSll7p0zWLo=
BMgZSiclEgw=
gjIjyadzmro=
A2a3lkq/+rA=
yFOD27G4D7nvX0xFphBYZA==
QwCa7s3qvNg=
m0UuOFFq9JvIJGMBnAa7Hg==
qgzHjAUWLcA5f7sh3jApFg==
WqVP2z+BE10=
oW/j+PojjIs=
EgfW6jm1f0A=
ws84/wqwdCE=
fnKieFdkkB0=
W6hYxDNJcOY=
s6eUonCwiRQ=
A3IeXej6/lA=
HRIiayTo6K4=
9+UxEy1NpzTFDCc0rrtnJA==
IIzSG4vyCQo=
aQ/J/Mfhs74=
srr3udnAvQ4=
j9fkZLHPpG4=
R3WkPOCDL7A=
mx/aRbkbT1M=
9rWqW79CFiweb3+8rL7/ng==
4vvWCIe5Vec=
779Wvh1rTWPNajlRlSXsqA==
a5i91iz6nPQ=
YVxs3IPU1y0=
B3GXGC8SR1I=
z1LdblQrkql1GOEP2CFpoQ==
Ol06fdV1tdrsFP3joKBXKg==
K4ww46y3Zs4=
Qq70VV/NG7A=
8gcjGHW73PRsQD5tqaGwfQ==
esVJuJSi488=
w03bNHex/XQTi0l7jIleZw==
NtiSsyB8f1o=
vKmzHhcctoBGM/t1iRuKyA==
lqNa21jrS2aYdo1hPWak7g==
qi+Ko2EObDM=
AUmqn8JIGLk=
XTtIahmKins=
H1eaTG91h/8=
PZ6Xzd4DS1XIDLP3dRHIMQ==
4R6ED9Ijrsk=
TyAB9xKOjPE=
KnvmgWaGyVM=
r7Basfkh5C60lX48coDOYg==
BDwWJc40uu6+4oJVWlbHUQ==
HCFt24PVc60HxQrb+qRBOw==
7I8+OqSJXYE=
e7ZlHLw7Lqs=
cWHJu/fQSOI=
Lk5ZGdIADGM=
vu/MRnwvVKo=
N3sG6Snt70/dx0TTzSTuIw==
92wKcFBmH90=
XJb5QzShAIs=
89hnVOhOPdw=
nk6ESTlTQvY=
hYULJfgqDNg=
grmCWKrvmug=
NeFnCMndCZI=
pVcx5z778Go=
but1pJcQtHg=
EayVp52WAlf5r/rDY2AyOA==
JyCOe60ZkHtA/AYthkpH8A==
rtiSTIAYPMs=
GXXwuwbdrAzQJS4U0P9xxw==
LySaeAyrlTaqfB3zZ4aBKw==
uEiPIEBz9Ok=
IT9WvpIKyk4=
55Ysf+KeAhgjO+tJ4FEEog==
SSbrP2MxRZM=
ESA27RwbPTk=
PwAxyJmNEJg=
SryJvP1W78I2CsrW0c79lg==
HUcieBKz+AWrF/8yVmI4nA==
EN3m1hDB+mg=
SgYZLKpRTMQ=
DWKOR8k8olo=
xIJT71tzKiTAjf95938meg==
8I7ZHfgM+ekvHkNrjTA3Pw==
jwMCuJmk1PM=
MNA2oSs1v6k=
S9vPbAZVV/c=
X7FLjI2Uvqnlu5PppMM8KA==
VbqboG1ndxc=
aC4QmdEGmC4=
Wk/oGa6eqzM=
kAiyWsV0llI=
k0U99zLiX6yKCakiLF9faw==
NkCYhZBqvC3jXCReb0Jwkg==
QRkWFM6+mckmBaocZE3tA+C2fNzT/OSF
vKQ3SJWHjU0=
WNREextVlYI=
Gln1l70u6Ag=
36QpD7k+guY=
LpSHf3QNlQ0=
+d0sWDHRy40=
nR7ikHVvf88=
Q8iT7icOe1A=
NpbzTiq/U0w=
SvMbu8dRnu6we6VthbJXjg==
etApsbs1Wk4=
kHHS/IiEGo0=
6yJEFwITr4I=
qNyRWmrk9CU=
y0DENPiG7kgw2OX4mvngtw==
OEC4wYHIZOA=
sn3HX3ua4+kJrp6qlGqY2Q==
oluJ4k8i1EQ=
2mljT3RuGOhmixzWPKMhIQ==
gRg8rqU326M=
gAb4jbLSTAU=
8AIh2r6eYm2YvLW/UGiciA==
Zb1Z+46ctYc=
aUnDgWWLIZ1/c56s6lm74A==
GqSqvYsH0jlZyYJ0OEVCHA==
Sfg9V5mtKPE=
uD4fPx/rN4M=
+GO4TUiuDvA=
Pgs2FNVdZNFgaqZla5nHOw==
xpXT7kZY96I=
E5WiKp9e3pSy+uSXKm+t/Q==
+kuGAKcM2CBG7JsWbgjDUA==
oTRntf+VzRM=
K6SJFZbuHGA=
fQyslE5WQi8=
1MitMsqk+LuzXPEjc2egIQ==
gyw+r+PcJz7V1yj7A2prCg==
gyw+r+PcJz63rwGSstkfVg==
mKjoA/vY+eFnllBSIT+mMA==
4g2LWbdZkyParfZRyVS+ig==
/3boDKmaMMs9KJ4Oy8PMaA==
5BAKcXQ8DDE=
Xlb+IdH5iEIQu5T4qlLE8w==
mQWQHsvRaaE2vJcBLy91nQ==
BkX/r3VJbd1kl42fm335ig==
x+W3t0Ps6/qT/XAVN8RJhw==
THfmSY9akIYJpUF3XxNgwg==
9oYrCG79aGI0u8Gnv3sLdQ==
T8lNqvbT2IuzGH4sL3bpRg==
b9QdBOvyJMI=
KZdO9VPWVWk=
WpVEvxVUsto=
5hPDtxn2dsIPz3cFfVdSkQ==
cRbp1fe8/yg=
pp9PSQU5L9ldgR4sIkCqzw==
+Y6TriPERK0=
97DDJfXM2i8=
fCc+ezT+LyZeglCE7fvZmw==
7Jt50FcJH5DlTTLa05T0UA==
WsEt4kqo/9U=
y5tGhk+o1dw=
EL01eqWSHvw=
BWcH5lp0skI=
AGbhKVtemFI=
H2oWMGNfBs0=
UL2PR/TsZWc=
XUwz71FXgSLtrvWUDiXD0g==
wtkJWowAwfI=
n3M8F9zetr4=
PX7hyEO/jfE=
C39bODLpf7o=
ARJMLPJOd58=
xmDo06YHPS0IAdFZ2FdI9g==
N+aNLfibOEU=
SaLrdwFlBR8=
3W9DJSUL+Aw=
vw1bmMerUZI=
AUprHMhY4/k=
zNUxLA2srX0=
Zj2W3DO19aw=
j4izaMKHHo4=
mfJxuJgrAtw=
z7sadHhO4a8=
8cgzhUbwn54=
OzIz4llo6HE=
Cuv33LuKH5A=
GXUPperppD8=
Zlu7aPtzNOA=
yh4koINeFAQ=
Cv15Dapn83M=
TL3MVs8PrMY=
DXVYrkmLK0Q=
T33MBFO6Awc=
QKZIUAMdD5g=
myEH8q5PzdA=
pIQuxnJs3V4=
eI0yM4pECpYmkDYHhbd0dg==
Yc07FZYEjhk=
5f/FY6dMjk4=
HK91GRNUBOM=
iKM0IpmK+rc=
scuVxJpBpGkhhSqDwQHkgg==
DtC1JiTIFow=
rw4E9T3KUxQ=
60sH49moLKU=
DMkELkpQ6M0=
itUYsi0MELo=
Lz7ieGu+Wzw=
QmZyoxtxxrM=
/NVk+HdWznM=
Rt7em18yT54=
aRWvm2fFVp+yOOKPD51/tg==
IuMbLZZDX9mALitRNxd01Q==
pLXTluDL44s=
hdfG8vhJVB8=
xOEg19wmkquFTzQ0uj1XjQ==
rRmnJfnBpCs=
uATUkmt2SK0NrkZQrUiqAw==
RvMjENpq3j3AjIu7mni/9g==
2sAQp6iwiV2p6pHaX47w1Q==
hVCIypcwAsw5qHhC2Us4rw==
wffIJkOJ1kI=
WocopkH60t0=
lvt+9eJP4RPzae9c/H+HDw==
lDqlEJYR44g=
NMLonPwNF5E=
K3E8EBxuPvM=
0C0+w+G7ugU=
O1sfLLfVPomks1kiSHUWiw==
OMBeyIojlhk=
Lu6MNc61iTmorsfHBPSGCA==
A1IF57uGhyU=
LUHD8YSs9vk=
w/Hse0jk0fJPupTLy0v9dA==
w/Hse0jk0fLIEaAzixdQtg==
CMeHprZ96TA=
cFbbBXTlbttWQNHoLO1c/w==
DUk9nQRyrs095nZI8HlyMg==
MSUTqLiHKZw=
bMsPNFWzaD4=
/gYETQ0Pt7l51NU5O7IFcA==
wRN9Ebu9RIxTFpHAR/V3HA==
5in0MuBiPiCMEV7y7GRG1Q==
2hzUhzdI/es=
stv6EQ888JE=
z2nD/xIaX6Q=
/JyTPdfkIUcVOm7hJuCxXQ==
edvQMcQhyyY=
qQzk+3tVa0s=
cGfXhEcyWzw=
ejMO21MpHgk=
A1rE91bLNGo=
iT1PO9qTKPw=
2u1Lc4DgKr2dglq1Tvb4eQ==
kfFeK+Eq9WLGBS4zhCJgxw==
wZTh4XcvSp4=
LhO8wSJ1LwEpEb4CuvGlAg==
zy+1fU9Mbr4=
VmSKoPygukM=
/ng+h4PG8MvINPhFLtqgZA==
vg5sWePW7hI=
YHVKiv/C3OtjykwQyUNmbA==
pPKxPlLFe9Q=
kC28UIEka108t/xRip+UqQ==
5XuY+jEGCg0=
6n6GlBlm5vI=
EuKPlHzvcm4=
vVQdB3U9wMM=
Pa6p/gUdTak=
tNldREeK7C0=
dojpR6UNJ0XFmCqnrA2pGg==
FNdp9Hp72h0=
FbfFwohmXIQ=
1bWW1itzuOCIv/s8eAIfvg==
M8qGplzPxpc=
oRrHbrUU+iw=
1BHvs+p5Esk=
91C1inyS1o8=
UQPMbwzqSC4=
mG894XH+ORg=
0iQLoU14t/w6B+8iJZU0Aw==
K1fsS2RMt+D1XnzgszN0KA==
qWEXpbOZ30dfXPSM7Zy5rA==
FI0h7iVQJDY=
jgfQk4UoCTw=
NbMWilhmzrM=
aMS6vEg2mgc=
CbwD5AijML4=
AfO5VmPQ5DZcERgXBmKQrg==
bkJ26mI5Eoc=
cPKE1L9YAflYBswT66mnYg==
a3Fq6jtgl54v9GIq8/aNJQ==
HmLX1JrNhFyzAuXCKZ4kwg==
baLQvRf4Kts=
1IJutpY93vI=
Aa5mxzdE77c=
vBvKWKk9YWE=
wbUPnI/yX7o=
Y2sC5/gQrKgR9lAEskn+Jg==
7ZHrRbS+0Es=
glHn0H8KuuA=
0TzQkHhK15s=
JZS8NAcXX4w=
LXpdpQ6BmpI=
TDzqDpJnjoVlOh5PI9VJCQ==
UsmFEHJPAQEGXioGIH94Ig==
64Sil/P11ui7jfK9pjElYg==
/DTIlQm9DXI=
E9xY0lNuhLI=
AX2POLocKyU=
+LMWRTbnYfE=
8rHpHABhj88=
vytW/upDMh8=
blGZAdNJLlg=
vd0lthjiWxU=
MK3LIeCZAzI=
ZHz/jkGYrqU=
FMPmtdl07bs=
XJ3eaw6Pvmn6SZyFK8evog==
zAtdaI4Hdds=
WzA68rPkHqipayv3khISiw==
1kZpXR/GV6tbkc89DsELIQ==
+Hi2jjm8ZBU=
c/mpEUZZppzR7Y/XYx9raA==
C6x6vtWXnsbstd04EeCQxQ==
zDDu0mml9QslCMJIb4Kp+Q==
o5dnnVLfDthePm21BWFLJA==
QnVzkofF+Dc=
mjU9q5TRb9U=
+KKeDwy85wQ=
Hg2PITzF4dzP86q/aQD1GQ==
jw8LsPP1dNb0TxC/7Hg2CA==
caMQSDIqf4o=
iOGyASiWIh8=
M28cNGy/aJM=
MHVvc0G8y3k=
xx1ulqBzDffcHyrc/kVq3w==
frnrcVOypoU=
nI2nI2NCUbs=
EI5nvzGdQoV8PV1eSVR4Bw==
QS420m1L3BU=
KVT6GP7EglE=
IE6LSU0i5nU=
m3qrygTuy+U=
nbLmo3bP5bI=
KqKwhvGktoR3K/84GUVoeQ==
6UUyZu1L/mI=
p8BpcaPZbpE=
Rz47I83avBU=
Ulv87qJDQQI=
35We3HzCNeQZ/V1lc0aXTA==
46cXfAdtk7sVMQySV5kxhw==
MVUmY5JhqjQ=
Qt+iM7wp0Rg=
6KT+ShmvXlM=
Jc+CFKyoE3s=
QFNj0YhQEqrTEUjY0QQbzw==
Eq2Zp4jYFI0=
te8+cZt0IhA3pJh8RbFsyA==
kDhgl7ajXmlW0i7K9XrkhQ==
ZN3sMUgUNnwzw4BpaNzw+g==
KGQ+tHMoaoGkscZBjE6OXA==
6LnOP7b32ycptYc1q6/rZw==
5HVEzbOYWGw=
uo/9jwE7TBc=
F4cZTLCoqXOI2RrRzdPuHA==
+/kh1MZsZj4=
y1eIBPLEHcxspmONQSY4ZQ==
uNr1B0bs17M=
ie8c/T0yNI0=
Fo9tFBlHm+A=
qAE2OwfK7bpXh8ymYbTtoQ==
Ul7ntgmD5rw=
bIOx4lbPs2E=
q8zKWlsSX+A=
zoFftAzOrZw=
mRK1hSEhByU=
pnRE0A1w4DY=
5gNl4P04wMY=
gTBgwVEgZVc=
/1j9HeSwUuga/qL59HOuow==
pGL+eOi53+k=
XNr+gD/cfqA=
ukSnlGwHkg79xaX13g4J2w==
1fEXq5Q0Rbo=
3nlOw/F1bJY=
UarWB429yX9IhHnTy671Iw==
UarWB429yX+1Wo5sBXRJZg==
DnX+aG1soSePg9oRkQublg==
4H5ROIfjqf4=
QhpkeEuPN7A=
C6JHpYnkAsA=
4muS4syDE4UTcn4i5+SsYg==
q5T6eRlp0VI=
nddaDR8PSG4=
FZ7Gsqg2CwEAgftsFROoMA==
oSuC8apVEGw=
b756vSGR0dJ6TzXuvoIGIA==
b756vSGR0dLPZw1/sRsOOw==
F3xY3AsZCSA=
Gtif0d4UR3HquSq/9hnjHg==
AOE9tFqkSjZNrmPTmfQy7g==
vgTZOl+k47M=
/ONFi+1NzBm5aBYW0UY4QQ==
CXWS+wwMdpOKzRKRupaWbw==
27BKBXvbLm8WxQ2pnaNFiw==
TRAHmkydoP0=
LOYTVA8epvY=
spJTxUaZkPE=
L62A03L/CgY=
QgdW0Pmg3Fc=
cKfeISTQ9gI=
oQcPHPMFiGY=
ropdLrzbhug=
sLDXwq2hzoc=
9Js7JEHOAH4=
dchrlDxmqcLzkX3JhSe/cQ==
XYYeZR0jEYQ=
T8yyGTHnD0dLodARlSUPVg==
P67C+FCc2rw=
4MYOCGPWBOI=
+uO9DSSWXlE=
CdxjZSO7nCfwF8QR6LE7kA==
KdLfytETS+s=
x1whip013d4aMUFhl61AYw==
7ZFIpL0lLhPyPLiuFicLaw==
aHx8emVnA3o=
1IBHjM+BflgEdJA2/AqT6g==
tiehUw7eDi2Se6b1vL/gxw==
hmwWyBmLCNg=
vOQT3S8wtSY=
Y9sQpVs1BcVhxqTSnj3mow==
GkYBRbexsxA=
QxVYpp6H+kY=
yB3U/Hc/XD4=
xPu0XKEXk9Ow/qiAi0IkwQ==
fv5l2yhsUCM=
wGlQqXP7soA=
cl2iJhS4C+8=
+rXpTFqeoByzpDYtrIkfvQ==
p0bSYWatjYQ=
hrxnSJuMjow=
GYqZq4dmmbw=
pD7GQJ8uUIM=
QnPevsw9iwQ=
PzMcKxQlvziZsUA37k6NAA==
omu4gSRQRWs=
9K1oSLmvlaY=
shTdWb6aq0A=
ivmc0VPVUPc=
WFR+i9bNMcs=
3d4nRLHkw5Q=
s7zMI3XRrHk=
vjUH2fNd1jk=
Q1kfFFT02WY=
u56D/WbWzE8=
H8yDId09xjZT9jkiO+GwCg==
POjlysQeoEQ=
KAS3sRJ3mFM=
eiLhUvQFT3E=
CkZLZhZa2jM=
2txJCfEYVyY=
QncDoEEUijw=
7oYXxWsVJvw=
5tTsmyBzPBU=
z4VodKxuxwDvIG4E93DUaA==
gQkOsF4WQ3I=
Zp4ZgzTibtI=
mcV8SYFRRRT39X9GdAYEhg==
HJzBnxcK1d8=
5kCU0QGChzo=
W8xKJNn0HtPBCqCEUHzZLA==
vh0ZSDzp78s=
PodCun4pepUUKqdF6M521Q==
ONtxI+Hv5MCngbbJusSDWQ==
rIB+us9v8Ik=
a0gS3Ow2pSemL1PYenCHAw==
iT5iSzRIHJM=
blE3nn2v2Tg=
UX2tTnvwHzM=
P/o72e+xF2g=
Td1DIoxR24I=
cTALJ33l108=
IVOwyEZ0FjFliP2n+Au9jw==
DSqbjxKUWonVAuSamzoJzg==
JvE6alc3cl8=
uno7G7yptKxwoLPCS5iLig==
zKG/ULonFwM=
gBYS3GWuGSc=
s0wzAmYvCsapszXVv5GxTw==
hUu5sPPvC3Y=
zcXDbw0sSqs=
mD4uvydeVms=
r3m6TfxjS58=
ZCe5PwcmBmE=
ETNbf7rg/K0=
MXkWa3If4KM=
9QScn5ny2kZDaRLugle7Ow==
ooHCivESn9o=
hPnftlMCo6I=
DpMjvFG8NH0=
Kf+u8CIRcEw=
HAr1xECSbZE=
TLBZ7hONvh4=
jQ0i/2zzj2dbB2re8s7wxw==
fNOePDn/pds=
8kCNDdd7uIO+4ZWnJn0esA==
5uxTgcWz4TU=
2VUbk7zbjJ0=
G/NzOT2iIMo=
IPMNUuTALdA=
8CkzNLtBtyQ=
YSabd6E+bAE=
AuKJFkKLWXs=
WQLrj4b5ByVXDzJayAcn3Q==
9PBWYTS4vHo=
gsuLBK9jJCM=
7METwEknJJU=
rnqpsB7v7O0=
hYKXMW8QzqlgfHEp7Y0LYg==
Il5Ns+3T9DiLphvZBZdFbw==
rdt1UAH5M2DMfXIGCAXm+w==
jLJS30y33M4=
w9uQhmjXp3Q=
B947lw445NM=
03o/kMnhNZU/jjo0bJKptw==
wksyn+FfMvs=
CRZwSiiOqP6s7CWE9yGwSQ==
BGaNNKPUz5M=
uuljUFSizKg=
15e3kxsnS8k=
tf2ZNf9Kjjc=
WHZNGWpJ6qM=
HlynryKQ4wI=
1V6y9MxdbLE=
wrBp2Rb8fNo=
hzHa/GYChm0=
2EM0+VYxgTk=
1BE457EMzZk=
SpB3FNkp66w=
APE8NEDjNr0=
MVwWs89tZ30=
VVOkskHrrW4=
9Myb3SezKZlUVYWZxxe4XQ==
+A6O0lOkd+w=
YmHfLjexFMg=
LzOzSBNXV/0=
Cv9no6cIPqw=
jijSUKENPFA=
sxm43EyV/MI=
I6eDlpKIGJo=
i6ub5gJ2ld8=
6fu0P67mlIM=
+wd+Xf8tWmo=
UOmoOb9UnME=
mWIA6lTXzBQ=
bCm9k1H0JZM=
BuneIh5F0W8Y685VuKqjrw==
Pq1Ueb1ibBs=
1U+c6q0YeaU=
q5PQ71adsRE=
SOdXlFDNsu4=
OrZuptNFYycS7p6LldtmMg==
bbDHi84TiY4=
gYnixiUcvjA=
i3+WpcSmJ7MmCCWKtUhw3g==
NN16Po/XyGs=
mFiPS7qiNmokI21YJpPe7g==
1/IKcr8Vj88=
5l2/Y0K9OOc=
35WpSCnpz1M=
1E3+L1iYcgs=
bWmfwuX2egg=
47P1Kia1d2A=
FcWdYwmyQMQ=
2KLw0o4WoVU=
1g6ItiW2GAc=
GlEIL5s5vb8=
PS/FjJ/9AqI=
bGDCj0xQxRw=
jh6FR5JcdJM=
SjJrjdbniFI=
7H80jYDkxs0=
Ykk/3ZlBDwA=
G2opROabWes=
/xeMzxUc9fw=
u0h5W41gwzA=
qfbH6f//DyI=
BuDDIHQ1/6A=
m9DzMAY0ggE=
ILtOAZMriAQ=
Xk8tDZ7y74g=
xf+ZCc0QRdE=
uT+PyoUK194=
dwey7u4F5BI=
hdnG+EGOOwQ=
0kpTkN9o8oM=
TT/7lAtOE6Y=
O+vYPtzbY7k=
JFTfLsFjE+M=
BItD6gpc4Kg=
MvZMfDAUIEs=
2gEXiiCQysk=
EAw6OhoWe4I=
AQLhy/E2GYA=
TJwordS2tFk=
x+/xhlNB4kM=
ehyAzQB0wpc=
/k5HMZSRTls=
wYj14Tuiseg=
lB9O9eXWl1Q=
6w89KSMWxHI=
ZUlTX91sRWc=
1qwBFgM9i4A=
3DncQlB463k=
uL9EIh/Mq2k=
k6jOTKdP1NY=
dryiAJOyjv22DM4ns3E20Q==
jac11e6+a6E=
M6O6wSAx8YI=
d9N27dpN1jo=
jGSeavIoo4g=
+iLCdjuX5gk=
dtNrun2yvts=
Q6/ovwg1K3s=
B0BDkPHqBBA=
FJmokBlVW1k=
MMyHFe3aRNo=
VanSdgYEXcg=
mHInLnKDz5E=
CEvg7WRQeUc=
Bp+/wjTFZo4=
RYP0EQLS3kc=
XKRLoVAKs5U=
v7N/6b/RhFY=
RqRkh1KSp0I=
iaRbWZZkszw=
KxqjLq/dHx4=
737E5xoNlKY=
fgIFAAvXte9JwVOD7BXCBQ==
xVJ7/rP4hgVjq+aFFYtmBQ==
5WHWcaM9CFY=
qE+OP4z0WRY=
dj6rGyrLr4Y=
vBOnyYCCUYM=
2U/QQeTNBUA=
6voo+RVwQJU=
ToJS4gX/vnE=
/0Qc1W9Jkmw=
6E9LfVtUl70=
66G/B+liJLg=
PGVjf3oAoeq8CwNR08I8lA==
8k716KzeqBg=
Lr8OdYSi1CE=
5VEvy/3f8yc=
+365C3aONFk=
BGKDQOn1Als=
tzsLf1IIk/Q=
Fc06XBI++89cwokNZ81ckA==
27A4MQ+tE6c=
fZZIp+HRcqkXMGD6kEwI0g==
+MDg1+i+zKQ=
7+ExncEG1vs=
DIjD1xhUf3pNf1HUiMnEjQ==
gTkgbO2jkx8R5Fy7i1GFvA==
gKO4gUH/pYM=
VtEZDsT8wgWVbQWiVkdZjA==
08j1ub0bVCY=
gQiNcLoCgds=
+63zHnzBuJI=
ikqQAzey0bAml+8M34QcZw==
lE7O6Xsp4W4=
xBHLSwouSJ0uH2CjljnBGA==
Om2eN+Ep0tRYVv1mKeVyLg==
mp6VsNNSR+8=
ewx46C9OUK4=
jORCBbUf3W8=
8RPAMMMMZt0=
86n8K1kSwZw=
hoMD5EDvu3L8hbDwbOQjsg==
l9gRZo36IMU=
jkHWkO5Gyfg=
ndyYwyXRUF8=
+Y3oewri3F51wXTKxL86ug==
0qrooq+Q8NA=
v2eno+Qs7F8=
gm5oSunckMiEU5j1qWbxKQ==
rDlZGnGly8Y=
nEncBuq39RI=
zxer9KrEa3Zm+WwLYW7NEQ==
ZKaRjVtDGau/+a6UzFJb5A==
AV8SJ240zORuvnY9rUEvpA==
0l7UcDInnJ0=
BAd1VqvGZxW55PNs4/lSXQ==
qufP2/skZtDt9TzvutywCg==
vnQ3bOUzzUUORgZ+eexnaQ==
gBbgcf47uvc=
Idpsl5x3wMGi0AoRLIrjDQ==
wXkqr7Ab36g=
E3spNbta4UU=
VWjJU9kI38w=
QVTGexhL06c=
L+VTTSJoqb8=
icqdIV52emvStoOk/u8+Mw==
Myhmngc8NBw6x7P2qmNSWg==
Stoj+Wr5ggk=
DgSEDloySPQ=
MSPTl35p3+0cyOZEbbsYEw==
mxYL2J8xRf0=
/qZpEvJKlzA=
7EQV6OvZSU4=
Hw2sDbtvwyVvx++Kgk/TwQ==
UPN170xdhyc=
DtHxv8oShQw=
yB3GxdZJFUh0errwupXZtg==
OutWcrV5HSM=
qtu1+h9ZYxc=
V4j3oOw6quc=
fg2XdDTbbUucCvjBx73l+w==
E3VFqMvwe+M=
5YiNEY4AZEg=
+m2A1i5P8kuGz0eKs4nduw==
leijvbtYNlg=
eaC48okIdhA=
cgLFNBy3dVA=
aLXAvOG81JM=
om5z+BZgZsI=
V5ayKzYQh9oLYP2s13KMIg==
mD7GRL50LUkjjhkLF8LycQ==
l13dEWWFUeo=
riOBc/YzraruTzS7wvNqVg==
b1djPAJEgdpZpNmB7eVNSw==
MyHQGPUh5Rs=
NeriIamnhvc=
9V7muQXdI0hs8xCfXm1jpA==
KmSkgcFciYB9CVAbXRGiZQ==
7VSvGBZqdDAe79w7OzJWuw==
5QmnafEMb0Q=
2UK3SNWYm2w=
kPkmdNvy5PhnC15AwH6uwA==
noKsLJJmRU8=
e4SC5gWfFBo=
+z7btbOgGbcRX6pNj/EkSg==
W+pZiGxCnIQ=
DoEP+DGy2J8=
ortlMbVbS8mrcFYRdT9ydA==
G67MTKGWtvXQ1Mm3jNk8Zg==
arVdNDq0X3JNMXJtS8Uzcg==
yRq/U3A4YhhJX6y7YflvLQ==
LMUU/4wHves=
xC/dnlGXnMs=
5lc1l6DO7/o=
ovgSXS1zgqQ=
t6Bs5tFQq8s=
KC5Y1dqPegjBIee2tG759Q==
VFhuSwriVAKQQ1t48z4DcA==
WCFQeC+C58l96iM4GEgKhA==
XSQWVSHSi9lj0Nn/Ga21Kg==
9+jGNN2f4+9wHZHVoH42zg==
4MG1zfkLUDk=
0sZ+A+EXels=
hANbyj0U+QXzI5u6FkwiAw==
XqnDIHf2r/Aa27905mtZOQ==
bveUKLQNRm10JVMpMMoBLA==
YtNRf4IdDNWdnUwN0N5qHA==
H0O/MsD+otqyf7T53sdAHw==
2YkEhyZzjKS8ZAEUZ5N+JQ==
cKdBFu4WZKNJxI+4i99Ldw==
ldKQCVckJ8O+CWs6703UMw==
/Xa+8kek5xUnBBvDZ/+GPw==
5o0nwAlGUXBf/F05XnadCQ==
2kCLmtN7Zeqyucu/wvYlag==
acrOdJHLl4U=
jAcAOyBHxVM=
4xTSISldrMk=
HFpgF+NFxAbOWHiKomFs4A==
2TFSZ41n0oc7mSDk4MEHWw==
jU6lRRD2Ovo=
8siflaQ3p9E=
qwuooz/8PjE=
E55X3xOwy/s=
lCuENVMVjfv8/7YDhs3e3g==
iBSiR5hmZVVynPJ9YTs9Gg==
MxoXI5E1u0M=
moHU0LNGCoIhAZMjNTTibw==
8otzrFC2EjA=
88dnq8uggLg=
3U1aM3FSxQg=
TeKjGOolMc6pbx2VzKXs3Q==
r9myZVf08/a1BGJA3HGQwQ==
QDDc6rLl6OK7gFRz/QhMRg==
w/4MZIU0Gaw=
xz77+oPYADU=
aW+d6uipqEg=
mxPwgnnNkvQ=
kEWSpW2AZUk=
n2pGRAVyLjo=
Oyf6vyIBz3Y=
PDZ10nGi3LU=
2sShhxwPeis=
rolllhP5pEM=
lFFVaxFGsSU=
HrnaKY4dfzA=
u/YVLTLlQxA=
1jvZMsvDHU8=
IifgYvS+7LQ=
qook3R85i/A=
UELBfxo3aaw/jBhNFHPLog==
IrixmeOqoVw=
UPKq87M2KIa2h44LHEOqxg==
gnBP4v5gJn0=
ImoQcZMmn+o=
qrPKcpC5I3Q=
9wWg1eHNDRM=
3N5xPHLqrBc=
Zq5tQeLdvqY=
ut9XFHoeD7c=
YdEFVFYwP14=
T5RbnDVDiFM=
bAwbw8d5GpA=
5qPJpWLycJ4=
RY/L9tSsM2k=
Qs0N6PDQlBc=
pEDrzY8EmhY=
Ul+VV/8zhcc=
/S8IvYAh5tzl2DKt6KSzkg==
9RCCQGV7RtFuwaUbxbMPag==
ib8fN2vD7OQ=
0amA8C20raY2YPFXIsepIg==
Rjg9HmYCI+A=
tMj0q3f9zZU=
rLQ5L4um+0c=
XBkCw+5s2+w=
z5my3xiREOg=
tOELBgGuM2nBtTlK23J+tA==
BQJnZ7V2gKY=
vCP7+IwXk2Q=
Mq7iTnSjESk=
H4R1mw4zRvg=
yiR49L9DDu0=
tVoBxNSXalY=
aHpHkw9T0kw=
gwM6lA9QHr7vTsWzDrm/lQ==
YDCp5AEds58=
8gw9BQcVbEw=
X2XA/fBm7Ag=
ih5rM/wTkI0=
tHDDuKjS5KE=
tdpWhmSzsWY=
53jqmCMF4QQ=
VJyJEx2+bZU=
CiSMFBEdS3QgoY5sETCErg==
ImKSQkeGocM=
3r8W3fgk7bE/R9q7YCNzdw==
KISWVM8mY6BbAo+CyMYOVw==
K6BeG3dWJHE=
vUhFKlC5iE4=
0ytHRK7rIRU=
m8jXGC5AlJ5XDUswSBvkQg==
kaFcK8F778I=
t2T5ewIItJI=
ZU8lboMGL8E=
k/sMMRohftQ=
+a1QVjQ+yMCEoccKSg4JJQ==
HcVV7c34hL0=
j/LLBOCq+Bg=
EEFtTSFZ+GA=
S9R68T7+x2AgfJnmh22ECQ==
X8FaNbkQbYc=
JND6jQtMGSE=
ofylhnXkcN8=
xIhq9PEkw4IJrgZQErep0A==
AB5mCGzCrGk=
u2kB7IN/b4k=
+mkyabt3yj0=
AmG74vGKhV8=
enJNHalxhtE=
j199ilgi6x4=
VUlshAmwC8w=
S1v7GdTxglk=
6WRGSrEawgM=
+79Ey8Q8W4o=
LCl5PEty8O4=
2xRal9zJ8iU=
7zs4egXrdHv0nPM/MHi9KA==
N+Ge6AT97XzRJBLa2emMtA==
1g/JIqEMo/g=
1rRdBUpZYwDIh4WGtB94Ag==
sR3g0AaBo1c=
RcnhpFzDwHo=
5d25/OVmb9I=
IGsWjgFF7zjR+1BMggIrUA==
rKHs6Phuk7w=
pBEJvN5i2p/62JYvWV0qZQ==
w5LCWl5L2MA=
wHMbEojcgEs=
ICPfoN+QeXpFqyQoI4hd4g==
w1v5ekhuBaw=
ZbIzV5J6ibU=
wI/ZsxUPLX5MK68MHJS/pg==
FWs51l0E2EA=
OBLtkzoQZF8=
fzbVce9I71A=
S/kbYk/hX3Q=
I4gnUFT8ePsLM5qg9LWSdQ==
bJGgRRArRqs=
frAGbU2FkOk=
oABfuyWt1jY=
s7qv927xT6J9vr+VdtI1fQ==
DvB0jVDIvTkP0RF01nsoOw==
gkZUxyNtibQ=
5ryzb0JKFDo=
5ARLdwd5WmU=
BsEkB42MVw+Z7e+3CxP4/A==
0ub1hSrmDx8=
P1uB4HIyCLM=
egdvPPwPlsQ=
VkOIdIZjGN8=
4Ol8OiRB/zo=
+LpfFtXoqC8=
pVn+3fmQFQO0WQvWV0bOUQ==
YbZnjDYW9N4=
C9WDgCRREds=
bHkw17ruwd4=
DYigYovLuDQ=
RYKfjFvGTykvVbUgFkOOcg==
mHu4hUnTrZU=
qQvyutRZP9mqROJMYdHXwQ==
QP6K9YfJtd0=
MLWs4f0XqeiIJYTiC9oCNA==
Qt2jrBYfAek=
/ntiplrkUNs=
3Qt5e0bJdX8y0b1L6RJQ5A==
XNR1Hw+J84uUrbTYdEQGVQ==
xITBAC6sfR6XP+Ol8NBEmQ==
sLx4Hy80KVo=
Ue2XeoauXVd5STExkj7b/A==
5FG299/YNfY=
4DN3TSaIT4pf4EeN8Q6W4w==
ZsjxVf4xH+Y=
oosg1FipgaE=
MSHg2jYGYsRuP0YfiowzqA==
2mmq3lDtPdU=
DtiALUpfL/o=
qiY4m+ceMG0=
24cDQErWLLfvvPd+F/JLYg==
0WI7/MwKgIA=
pXt3MJYU1+Q=
vsiWUMx5GbK+3DApA41uDQ==
njGcVC/nY08=
6KJ2ZadeyJhBAzmNVrUivA==
RIimGKfbhog=
+ngTLuDhO+Q=
4m/pyJ1boAg=
EVqsk/FJvUE=
d4PocyZthNY=
CES3U5Hq8Qw=
yRc5TIO7sRs=
4bemdILck4Y=
50fkResuVI4=
YSWd7qDk+OA=
K8tV2Qk/9d0=
hA/B9OiSn4g=
UqLfuwu6HPk=
sGr/zMkv5YU=
HjsAHcZBSQw=
TXGOA1qci74tmB8g9qvDHw==
Y35jV5UPnQ0=
0dFQ6Yd8Dq0=
LtrFrwQvYe9uRH+glCmT2Q==
RENcmINBhl8=
mq4Eu+WYvDw=
Bln8sWGGjSI=
ikThWxNLRos=
r9LBHZ3UwIs=
gW2rgkKXMDM=
Pvf0tqk2Keg=
zrnclHHkP+jkrnPsAjiXug==
hMSxUn1qMgI=
f9oPR1i/kOo=
eY0oUSJPC4p2XXdM+I2G1w==
dxuiVffEcydGi0tleF/KQA==
eC1rBET9tz4=
hwyhQehxzr3fvHrJ8YF5GQ==
nXcvCfcS/F0=
3ngxnrciykg=
icCS8zT/tzA=
z35fOg8mzHw=
gKt5p603uPxrmppNkPf1vw==
X4eajI+ySr4=
xQ3dtkUcuJ4=
YMkKU9nqFaE=
safS8DbvFr8=
JDU+luXzMNw=
Kwfd32GIcMY=
acWRZlYXmss=
AMFuVeXk05M=
oalL49yqx1M=
yDMx6lDhRTA=
0NtICMTXNg0=
cHruwzHk1ac=
2nNIXyxHSus=
ClhGNCEbsQdjecHXQky04w==
pQn8BVq8rJQKzfj6KLGSIg==
tFKoAqwb9AA=
ZmkH13nHGFE=
xyeJLCLOetc=
44Y8cUBONq4=
bO7rhfi8ORA=
6l3gbG+YpelaRKL7Kp3Miw==
N5eerqbgZQR09RjpsEJByA==
MY2KefIMuD34CyIxGWR38Q==
MY2KefIMuD1Re3p0uCtIXA==
unJX81UjTdG1ZlDEhwStjg==
aL+d3294nuvpGRQ4/xN8Vw==
aL+d3294nuupEC40ELn2YA==
aL+d3294nuusOhECJoj/Hw==
UA0qw0o+MbmM3T5CMxbhNA==
e8e5BUOFxewY8bgoR40k8A==
kmSVRgEi+2ba947PQqEjsg==
ZEEql0mWQVZBHxCddg/wMw==
5Al+ET+BNtg=
oUDWAwItt80=
UKMCnu41x9A=
QecwqI4fYYw=
N+b5KUgFTTLfWLK+O/NAKA==
UYJwJC/NeGw=
SDeqhfo0bfY=
W2LyfEi71SU=
HYZOz8nMf5U=
2HfRJjbH0p/Uq7mM/Q1sLw==
9QxQWOE+ytc=
gIoMQCw+34E=
tZSdAG3FUZijvV+NlPQVZA==
1IU5xpkv5pw=
ZIP2Lw3QGUw=
xiI1AT0WfXY=
/jMykaF6mDQ=
h+5Uhdi8EGE=
2aoaOlaVBMw=
+RkJJsnVLTzS7QBZxXPY3g==
NFPtU95NM1c=
eYAToNjv2XpsuHDna0eavw==
YKW44TElM+k=
lvJ/qw/bGR0=
4oeihutpLnk=
DBeCBoyxbEU=
5O1UV+IJ81A=
rnJXb5AKXio=
Lko6nE8ZQDKWmliMZA+t8g==
zeLuKjJfi+8=
1Ma6ZJ0fPCh9NhcQe1z+JA==
cLFsGK3Fk8wHDFXvUvu79g==
lDzWgohg3zo=
eqkINc+0K+U=
bOGbnD7Ndyg=
75uuE4yKvgk=
ogtQHpF5mdyCm/UkmebtVg==
dB7FIBqs0BLSO0R2NloxBQ==
mfHpItxa61o=
Opf+4LGSw2g=
/WZd5qfWMzY=
fWaurYybxFk=
KR0kmPdFDxA=
+bYMNpAEmjeaPfqE0gZIuw==
qQQFXX3+5Y8E3IVd4I2c9g==
ZCm8EjbAnq8=
fP2xXgBYGL4=
If65Ukmln+8=
YPFJzcd544M=
rMw/XJjoyJ0=
EccyFBKodI0=
hGzvQtc7L4w=
WEY+PbimCCU=
l6qKs5XQ/OA=
rb6gybkm7Dw=
Rbpg1VLzAnU=
bDTSV/YWFKRhZxRM8+YUUQ==
nH77YWpIcCB5fu5f3MGB6A==
pJHY+lv/yGQ=
e9pewVNkgn6P2iWMbA78Qg==
N0JGex5Ht8S1SxEK8gUqww==
qb83cjmCS7HO2/2S+nMQ0g==
OusAQXnyYVr+REnEuJyVKA==
MHTOuDQv3oQDn3CLerkTOQ==
dBNlg3OaeAQ=
BNtis32DQJA=
YX5EClSKXNxJjTj25Uzddw==
BAlo8jaoC7k=
7EPAgNJomwQ=
0/gLuF37OmQ=
1F/rGupxOVM=
zKfK2MiASxU=
+IW13ykt0Dg=
AT9H6spJONt3fTFo3Vg5Ag==
K+DUtmKE2tE=
uvDx3dVybKU=
jr1s3vY2RSA=
r2w1pjFYJx//cXamPDOmBA==
tFRyyarUZvw=
DkizzKR4Jc4=
zptrxApwzdc=
BwLOQkF6H/6a3TThFO+A0A==
XQ1brk/xTu0=
Y4LVXTSOMlQ=
dLpfo2LF51s=
uR5yak8a4OU=
G+Jkwws0M1M=
exfGGmnh5eY=
fTRsoG5VbwI=
CHmzvgM89gQ=
clDXfwkHvHQ=
6rrCBpNf6Ik=
Km8pau2Sv2Y=
wkq/nRy4XRVM9bfx6BODwA==
G+Gq1tUGPiE=
I4JpRvYcpwyuA7772zibjA==
MB2U7c7G+9g=
lfeksgDO9UE=
FfXNXBlw91/M+vAwMa4OWQ==
X+PWQF17iUw=
VkjARjdH954=
f8T9lHeYufA=
kxq+HmOx5mw=
tKwIHLFSldrS+nALVBIVgA==
3O5Gfd0lllI=
qyrPcVGQOpI=
5HwO4PiPJBI=
TDyOPE0pZbY=
r9z08/oXRLE=
pa3Ur/lOjynzqkhdqqL2CQ==
tsRo3vZLiDY=
hdzKCRn/VJ0=
LxaI2/AiCnI=
Fnxd8Bo2xl0=
BWtfUu/UT9I=
2rsOQxGpRyLT/MJLsAtDmA==
yxzeuvGiMyZXrEaUEvQMqw==
Qjm9WSOh6H8=
5khfxbKoLBE=
HlWISMH5RBM=
Qq0X7vGLXoI=
/90/gI1eTUg=
eYyEVK9lZyc=
HTxCBcf1umtCAGBFKWweGw==
RVI4XTUeRCU=
xdx3VY80+o4=
ayInWxsYMrQ=
nVhI3IpgBII=
BBO7V/mKa4EkB/fATJ2lcA==
0Vdt/7rpR4w=
z9RDLkQcuKc=
SB1WBIZa9AA=
uF6+/dfTYqA=
OZQ8HugNjC8=
Pp4Rqx2WzNI=
icIrDQW0of8=
Q36bqAe3c2RWB2LrMPvdaw==
eB5aKzncZkg=
S0GzUxLzFxM=
CXhVSTlvAv4=
yBgB73nRtTM=
PW/Jysu+mug=
WS0/pfWuurw=
1nJRIK2YJlA=
bJFytZta8qs=
Tvd3ZPcA+4rn68Nx55PgUQ==
96G1BODTQdBqLb5BHU81Uw==
H2nypwMqHzg=
OSLyLwb6G9I=
wy4Ensz3M783rDh5eY85Hg==
kMDgQszJ4J4=
bN71IbjXbpc=
kgTvoMf0PSk=
M7q7l3lhFcM=
XITwnF44cV0=
b7747UmcOnqf/zhZP5twag==
ucYkigoNuzA=
pQDl1YhhVh4=
tNOAkmNAvwc=
W3+upWQp4Oc=
rwVtgDftYo32Wx/ocznoyw==
Jhnh/mP43WE=
Sv8ztTd51U10l4OOckrD9g==
WJHdkisJHk8=
rgmgxU/oZgM=
mf/emzqBN68=
pDnToM1SvOA=
LksMOqzg14A=
L8rUorVkCs8=
CBrsKrj9JUULXA8W3d9/8g==
GAZoiW5uiRs=
Ns04/gU6Zw8=
iuE9j8N26WhYjVFGXkTcmA==
yOGBKovduzE=
dnBzBUFGZVhKmqZ6NAPxPQ==
v6feTmA/12M=
lBe2WgJDHZc=
QAEBLfuRetk=
ziVIdplIfJI=
6vw/UHEjKxQ=
f/aO70C8xsU=
yRdYKErRV/w+V8dWBleg2Q==
0ShDTvreptCxeV5bkt+Wvw==
2Hhf7jYossHAWxENXOX4gg==
+xckJwKUDNk=
/Q4sMjNRkWc0DWbUaoa1Uw==
KijUhTAPw9o=
CVLSjVdlHaepeFKArcHcvQ==
6nqA3G/Rjx5GyQuswfxGYg==
OJVssXS4oHo=
wLsWXo1nOaw=
F8Ft8nWlAig=
LF/IR2KszY0=
BOiEguxGzLENrTOnspVnSA==
iRwPYz45k30=
InWIUP9TBlM=
1L0wwbpYAJA=
JGGlUPCJs94=
XohccrIOBM0=
jUzfJZYcsls=
f1j2hsofgmw=
OCX9v1AW/OA=
p02ltsx3IB4=
AQFY3NmTnsQ=
HQlZqirk030=
lAtS7qeujO/ncrr0NZbSSQ==
d2jbqrZQ/ZA=
PHC2fuDFhdo=
1z8tRA0B6Ig=
ynx83nNppmo=
AxnF1vS447Q=
AAdPQvgNh/A=
90CHvJP/Dw0=
59UtW+cSXo4uUFwiywCmjw==
CWNfdggKdlrmLC8FIZNGuQ==
0tvnB0zN5Hk=
jgCYqFRDUVIpHjZ4AJg8Ow==
7vLyPp0qw7M=
fVCd6y/BV+w=
i0ymPhufRYc=
0OQMpuvSNls=
oKcG2tOKte4=
j9fmtEIIeec=
3y8ivDu7J0U=
QDNuxqK8PjI=
7+nFiAUoAFc=
Phk1lTyk7YY=
Y76Hve+Cqec=
QJViAhi1sm4=
5tTBOB2GrC0vU52nYJchIg==
rBcXoVM5aC8=
DK8zAngPYMY=
okwBpnNGJ4A=
CLDHdi5NqTs=
mX64NV2Chgc=
fWg7frUs9xY=
01J9Y8Q9fHI=
xVF1LzV4v/zDVp65bjdv8w==
oXsoPauAybhoe2p8JUAS9A==
hB3mrO+wEDs=
DP16Om5F1ZytQF6NRX0z4g==
yXjoQEE2bjnOVC6N0XZPtQ==
ye1MYD02EnQ=
5PNEcMiZTWo=
tnNbdt+Xd8ex5iVOQwL9bw==
V4SWFTNdokIU6awgbZHIDA==
yWHI2ddydE9iuxH6Kee51A==
U301C2tTsmA=
vHB9GDl5tkvca7ANIN2Ndw==
ODDKmBl5jR/nvf4XUDoCsA==
7vow5vg7TO9rUU+d5rQHqw==
VIeQF4cViw5gmi2Q1fiwJQ==
dT32wLdHuos=
1cTwnSAYo0A=
zxnwzgGSzAY=
ErhHmaZQdwg=
qteH+jYgF1s=
K+X288c1Jss=
IgBOItJsxRc=
fdlUf4bNiW8=
ANheuMGQBaU=
baRlv0gJSIA=
/RqfMIVySVw=
pZPmzdYlyUg=
amWcqr/QAJE=
EHVLOb83cmnO5Vce6V1E6A==
RZVZxDG0aMc3PC5wmeeosQ==
JSGIDice8dkYGFuYdfbgAQ==
CPHiSjFET2b1LmBPEYFcjw==
WXsSIcAul41XLklIm2tXYw==
axy0sg3bVFg=
Lg5YL2yhh40=
35P2c1axcAO+5zKyVDpK+A==
oPkSTPIQ2no=
ftrJKX2rLFE=
w/PTQNwybI8=
2DXMPnLZ+fw=
dzAJ8H5sPjw=
0p4Iwr902ZE=
kAeiLXxIius=
lrEJx1DeINI=
cK/9o1/E25E=
Jen4LAeMUUx6XRCR/BXkXA==
OJzwv0YDlOw=
T6wbgnRmXso=
mfaLouKWjfM=
rChKUEERSn5M0yt9gDbU5w==
m8O7VDMtN9ygaFwsM07QkQ==
ljVnJprR8xw=
A9Cww5aTVs0=
9YmNJZtp5mEWQoc6aAt8nQ==
KTbCYrcUcGNc1ZeDnO+Kdw==
Dt2LpSadRPjjpE6Lv9xvGg==
dLMqcVMfmQs=
y04kgSbvmyc=
/G3rFbYx+Rg=
G9LMONXzO9U=
hxxbbKUSffM=
ww+vuvUJb/I=
hZNWFPPKiL0SnRTnKdRlhQ==
GO9Ejf3gqsO2TWwj02P1Tg==
+/1QW4awibLeY+Gpl6av6w==
p0gIPZaau1eLMYxAu34S1g==
TWE1/dlGQhI=
tTEnmHtmB8U=
Sy49OLLpQNo=
1+SFaYHJ19o=
y3r5wew+1fQ=
yA8g3QGpZMdYy0CDP9TDTA==
Kf5WOXt+R0o=
BFd5mgP0Ucs=
CD6o7+5IWNg=
ZM3CS8wudS8=
A1Ug5XW7ZfI=
rV8gIyQRnU4=
k0Agrvm1NKXNEbA665TQsw==
QTiMypqA0ugmO+Xt/jNgbQ==
AxhIgnZdJyrMbQFNrp4gZQ==
mYAGGcQpkJ2xSYOsXskfvQ==
bCUBp+6ouebhWKS2Mum8Iw==
6E7oJBFWSqE=
iGQEHPiixGw=
56SnJCBNq9Q=
hnsOxbgYC83bapod+bokvg==
Va8wv6fmSKU=
EVpAZqZhfMI=
7OWOdsIQ1mo=
dLlRlyomhyc=
8GcDn0AY4bs=
akneElsgJ0U=
TBswED7y490=
uK5WPTMC+T4=
UIjRT8FYWaQ=
UJjeK+XiJek=
vSNr/4RmeL0=
42cqPZo8ojo=
2i3BD6IPYCU=
uz3jAzyPhZE=
7xybJR/Exn0=
T+c9oCmew+o=
fxTQG08daCM=
OXTPZt3/2FY=
EFmmK7pO204=
mI1RKXhRYNFnIdQHBMLpFQ==
f5HGz1Kzpws=
XPqk2F3vx6A=
rD5L/yzz+mg=
rD5L/yzz+mg=
IJ+suGwwusk=
QOq67ThpfDk=
/82mpKVxA2k=
jVDI0O2XjftP95dhDZ1M4w==
y4lJA3Q/nm8=
nLLPjlbC5WM=
j5KCl05O3NqdYOQmtTSS7g==
kpvzqkFvP/Q=
BMsKxgD4Ks4=
D5Yx/3Fsp10=
aslkS1wiU5A=
pzaSVGQQ568=
dPwe+POsM7I=
GXury3qUeTLNHznZncMWyQ==
HXKHOxxxu716ANp8EgLtcQ==
4QwYHfnx/8A=
G5Ax9ymliIY=
wsWPXHCqV7I=
HoFp3XhzBwc=
2fq86VrkuYE=
Nh/gLprM680=
xLpOnbCqKp4=
cy2TSsJLqp4=
BP/VDaJ/atU=
Dxxo98G3K3A=
DJP7BbHbn0Q=
SWeamRlV+Ak=
ZQFPJmXpnxY=
CGe4Hk80CoM=
YAL8QGzlins=
ZaSM/n/R/w0=
MKghAs210Knn29RXyvs5Ag==
lScSQor849A=
SS7U+0sVFcU=
G/yqHIXrt5c=
iddNuuRRC/w=
xvsYdMoZevo=
nqJfX5nMed8=
DoSIIVslYeI=
BTBpLo0GH1hGWXjVfJO5ZQ==
vhMeNRKjscI=
7qLeia19wUMJ8al+u9w47w==
R7WkynfVJwI=
P4OksUl8cn1nSZPPyAt+Lg==
sAb1ZyoM3HMrkeCgUHEyPA==
/Fb4kDYMYiHwg932zORqhA==
R0Arf8e07xwL/MJnfDLb0g==
R0Arf8e07xzZfWt6BLtOWA==
X2UAIyt98gY=
/VTdZsjaSDMDfgGXVR2hXA==
bvWrWDKs7Rw=
juffPcJPbsA=
bhvtVWdDXDI=
BepLDMvMv2jpmtyEB4SdVw==
5+v0fdgKL5g=
e1AozDO5S863W12iP6Tftw==
zudX+UK8TQ4=
0nySX/1Mj2M=
nB/xlXMGGww=
CtwsLNfZyRWSerqsoh1HQg==
8H/igj+f4P8=
B1PreAVS8Ew=
xX5fiPqCwYE=
Mfl0ygtgY3M=
weewWrTsjgs=
Pt/F1rILK5E=
E0Q9eNz8U+s=
yWTmZo/WrWg=
9Yd2H10sCww=
9t03thF99Ww=
ykeN9t/qpQPenijAKcGLrQ==
7rdyiTV7CCE=
g6obNjPBQE0=
Dyq3Wzk2oV4=
v/pW+7C/MEc=
TCYZm8Z7vr0=
faLXeWebv8I=
Rt9WFJKbu3I=
pxQN/ovs/Gs=
q5JvsvIeSAK5KaKesZjQmg==
9bUBQYYqn5A=
Iao+rkyIroI=
w28XCMij/9o=
B7/rcesFt5M=
6nTHCOP4OGo=
nr/WHw+gP8Q=
LYN5wdzbQGU=
lcTsx0u5d1I=
AKfsTUNUuf4=
fWbz/VoslGxjFbRXyIJuWg==
7ntJiMGSsdQ=
h27gEtJdOWg=
R+ZN6eDQb2M=
oMAAGucYEvU=
uTz9g7PxS6ivsYZG0RC6lw==
A2BFNdFhpfc=
VdqN4+1qdUM=
ou8lfmF0nZz33SVNQcKZrA==
oxiARZZf0F4=
5iRH4rAVCSI=
CH7DMuhRfa0=
XYv/tlMZroU=
7FBfvmlKSt75mmuXt49DuQ==
FtXdmmNRpUk=
e+2u4LtI4v8KAqSdX7g2RA==
d8Q3cUQor2g=
ewBm9CqntQF9CL3BS+bTNQ==
ewBm9CqntQEy1drdjguQFg==
eLR97phK40DYn1GcyxtrrA==
KTTmCXlEaYrkjf44XThRmg==
MgMqdqFTtZs=
NV1Libhen+k=
FO6wOh/9zI0=
ZZY/tBR9HVg=
fGdeDHnyCx4=
yr+De/UFNFU=
ZtGrvNJN72w=
kVFZ+anypZc=
DarPNoZjT7U=
R6RSsiVKCVM=
pJDmPqXM53LkJaJaBXRW1w==
zIiBTjMjt5U=
J6reIcawJ0E=
3ZumgUnJZVnvYui/IMQ92g==
lUYnBeK84Xk=
w2BCTkekQbVqy4lwRNlR+w==
ERE56Ro09Q0=
Gwvx15ZmW6w=
ugDKhRAxS6rP9kiPo90IJw==
BGq2aP79a/Y=
mhtZRFf8JxY=
3vr9qgOshPI=
ku7TQ0cRmyY=
TXkzvwKVRkU=
ulPOle0GdrA=
yQZ1JfFe0Ts=
+a02nRm8cMM=
2xpbX4zhTGM=
EQ+bprBSC97keTjsoiEngg==
ggWwmnsWyuQtMmeQIYzHbw==
TYlM2NSkrAg=
usFaxPSuYbI9BOey5JPGIA==
Q2qCYL0/MJE=
5eSN0CaNKss=
reG3X8RWgIgON4nHFxyk3g==
1qyqE66RtNutNg1JzjobxA==
1qyqE66RtNuQNdmO/CaflA==
4CKzMmWGKZs=
Lz98wZ1Ptus=
F/BRJd32P40jV7EVyyfj4Q==
fKPTicoaU9U=
dIuvZ6p8VV4=
8L6Qgdlh6so=
CeQctP0t5zma7wxYjuVGjg==
hu718QAv/bEb1NjFs4CNOA==
gWMdij6z9PhR8tH+96GzSA==
m5MxmwOd9kxknJ3yqjGSug==
b0PQcPlOrHsmYSw6MczkfA==
X1lYRsfqF/oJ98US8Bv4CQ==
z1EQBZh6tas/aH/z23/yeA==
RWakA2y91+U=
4qCPV/mf3/I=
9k3ebYPj5eDIdiVESMLdAA==
M6RWO4EchX4=
Z2llCe0SVimlSFv97mJ4bw==
INi7TXa0YFM=
5Xn8u2jSB9L2Rz7V1TfjPg==
8mQJImTOv0w47gWTelXf2A==
1GWMrbPgMhfavGVeMJIzLg==
7InD0k9+02GxM9NVMR7nGw==
uIs6O53YFrI=
DXe7omT7xuA=
WSlVPmhDnT8=
hlOGh+VpLQb+Shf0TCZ53A==
oZwrc6aMJ4Y=
20uC9b7euiM=
7gOdwybXn2E=
HTxIPEHG8o8=
pqrdGq3/vjA=
t9oUdlmzUbc=
J7ofmTViTG0=
QCiAUOwKwyg=
dXBW2BsHpbE=
EolTfLvoK+8=
mSWCIuEjgKQ=
g4g75AGz1y4=
FsnCbZug0kE=
zk5WLsfedrtHM+sneUHJRg==
6I01Qn4gB6A=
pVqmdxvqCHc=
rl5smAZJOEc=
TADKiKYqqQ0=
eh/BUgbJIRyvtTw4LJgTdw==
Fld6B/FzD6w=
O5t+/4Np6H0=
ewlYl/bC9E0=
MLVa4QtWsuWW7TXJ19+N2g==
khsrt+rn3FoQLrMy+MEIrg==
hdEUU1EB7ON5xZ7gX2cmCA==
q7C1YA6Ifn0=
FhYgD31y+Iw=
wueX8/PeEWU=
BicY+JofiME=
/anLyoiY11w=
wjybrDVRG0A=
1N2GIWSL08o=
fjq/aYfva38=
PuQp9mNW1bY=
OgVznh1b9JU=
jxAounT/zbQ=
BtKLbLC3dw8=
hVfk5J/W+mk=
j1q4AuAQaxk=
UZpB0TOhFRY=
2iCryVVDKwA=
zmcnHrj1MrI=
qFEcIONLRPk=
XH3OeLaLvZo=
qqj+6oaay7o=
0/53pj/yTt8=
lTf4J9QedHo=
Uv3meefujzY=
80eCSzqQ9Lw=
J/XdO5mnCTc=
LQMHJb6mJHI=
LcBoPCGvTR0=
HDepcxZSqX0=
QZqxNrQGTh0=
0PfXHYM7RecxYG0F4m6RxA==
l6jUPZTVzbI=
HCRVP7uTipY=
Eihe2u4yp9U=
aYprKgC73FA=
IJ+suGwwusk=
W11+bZXt4Hs=
bVEateFBE+Q=
zw3I4uHkid0=
rXGWtko6RK8=
VIK8serUYqMrDEnibwIdzA==
NSkJNJcGQnR718gse9WxBg==
Lec7wOwkvQw=
g8clva6df+c=
0QSYQIwLuqQ=
Ly7noA+34XFW2g2Vydd2Kg==
fDMgWKqbYcQ=
SAHG+xOQB7Y=
fDSFacqopBU=
C9PMv5jSlRg=
t8BGaxxbJ0M=
eRysloj61CI=
yO80LUQdr58=
WUSKtF+1l0sUwv/n9++vuQ==
ZA/zK4phdBM=
XbQtU2qupSM=
L39mHAuoyeU=
EW3CJ7ZBFcg=
eBtLpjt1KLepz3XRQS+Zvw==
JydJJpuR9sM=
7Fs+51Rdpik=
yECn1G/cK2M=
B6lr5mHGlkIXh/xaYxmOFg==
E8O7RiG47QI=
FJkE8hDFp8W62/pJBr0SXw==
BOxYHRYsZ9wxr0aXyFbtwg==
//IIrOBRVqA=
XdQFz2jFw4ibyCuhMdv78g==
cBbZkPzu0Pk=
Ucp1OTQ9ywE=
ZSZ3O8mEPdc=
Okd9QfsRtFo=
mXJmJSjkvPM=
Al8qWd3L7eA=
xKiLfrtGO+Q=
qZg/Ar/VgvM=
1ZpMUO9RhSo=
Q7RIU2RxQJH7HAVrOPwqXg==
8GHdEkfYtn8pxREsbW5nBw==
YaNAfy5E0Vf/4ZQNiBCssQ==
weMMBC242n2hz0WprKY5uw==
rh6kaEBM1bD41lZ6TtEaYg==
tnj7aX2e3NBg5Mnem35/Og==
g3+x9LxAxIEmpcYCzF4rQQ==
j+O6jafJHAaSvAn9HAUiVg==
2Uwx4ZR+5tYgE+1t9mMj3g==
HnPvcq88qw8=
WPSCfYjfmK09yN/kvQ4x/Q==
dnvTpoZl6i0=
oASEmmip+68=
yOZiBgHZ834=
UMy7uMQ5da0=
BGSVWLVMzAE=
DuRg4JHvs5o=
nYSbOyrtmCo=
Lc/1iOG1DueFaMdCOi8RsQ==
6uM8aANE05CR6i4yxrD73Q==
+ETIc0ajQR4=
Ddy9F48KTAQ=
krkpie9nHpsMB5XwKgCIqA==
Kb+W9V28rHA=
VgKM6VbFKsw=
k+V0O1JXsXXIzm4o4qFB/w==
LI1NDdtBD2lWlHCtpOU4DA==
Ce7Tesr10fg=
J2yh6ug5tCvePHDfIbzNoQ==
J2yh6ug5tCtIuoQU0WeO3w==
zDIiXp1TqWcJwHrpd1QlWw==
zDIiXp1TqWeguc5gMVFyXA==
/gYctrZY5TAGiLQm5ByrPA==
zuWUujvs7wg=
LJFHmQJu8Yw=
bmXG6oHd6CyiuisqJAGbog==
wWXxqQs2B20=
QdMvG3kHdIc=
LOly09MHvTzEsOHjTTe2Sw==
XTYGFFF8t+U=
1gpPwanO1QQwVvCD0Aw5PA==
b1D7noJNV0SQYqDWMVYoSg==
b1D7noJNV0S32jHYSuefuw==
n73BlJCs7FT1GU/lOp3SKA==
B9u2vrxzWus=
dxVmAoFEMtg=
GiwsO96kQWU=
sH5eHkBeYeY=
d3lIKil6j/YcOgh6ZtXvgA==
XKLimPRR9pw=
QUZ5gUaQyYU=
RflUvrzqxcg=
O5IhTEmz6BQ=
F+N2X9YdYJc=
p4lj+bSZQ6I=
aa7b9fljZS8=
vLbSZaIm+qk=
XKMYlSVheXU=
vgh3BzrKeu8=
5P83PpZQbz7YmlTHpghWNw==
4nQ52PXsPUs=
Niddwueb0sY=
ZSGJ8YJiVYdwa8z6/UsuIg==
A03JVML+DG4=
qgJaI8Zc7442zQoALskFJQ==
qgJaI8Zc744DF9Tkd7Q/Lw==
taiP5CHRaXA=
N/wPWpLbCYAkMot5fauaww==
plJZ3kj7gasPTNdPeO6jHw==
HLL+AWwyrCR1knEpWfU+Iw==
11uZqVbP5YB9dy0f29tTYg==
oEkC6NIfUAKrTBjg2mrJ7Q==
bnMjXU9xaOQ=
8KIZo4zh2qE=
EBYg+pY8va2ul8EUJfiuxg==
ioniJ4sYhC2OjFx362/Aew==
faf6MYeUrd60p5BU3ysGiA==
tyASHnjJrEI=
fkIpvsGs9rU=
mI6IId4FCmU=
6N9+lrTP/eokdQBxfp8tzA==
Ojq/VtUq8q3vsOugriebTA==
V+2IJRzzHpHpAT/eDdOfXg==
aWiV/mNIc8gxjK7PMP+/vg==
+jO7m/o+gsetkDZy4s17PQ==
rfzRChRiq44=
Ov7u+z/J7IhYfDcRYXGPJg==
KvxrRHq/0YSrJVNXVaMVTA==
bVAYEEWPFz33zKkJtmrxKw==
dalk0Xv0RlLbyrHwHk8d/w==
yW3M/PeEgA1X2pbkYfZP+Q==
bPa2sNp5eqgnp56zr2SJxg==
iZLVtir4dTV223WTo6qRng==
lkJbfVzXC4M=
5LOX5623j4Q=
IeuqUs5hAMPzxubeRdfr3g==
YTLYiKAswnGi1jSGYDQ9UA==
zRT1+0dDDn4vBHGuvPdKPQ==
WOBYhgrJocmBnWrsI7ku9w==
VMuuJQMLAvvkoz4slaVf6w==
O1sUoiKdwrv7WGtLZnFf4w==
J9kc1+0hdqnLvcsuIlhF4Q==
WqB+7EgIf0Wohd8fSRMbTw==
jb9AipBran3Cy1ijmKXfzg==
iUjnCKKLzvE=
DXndWBDokdU=
lbN4yM2IrqtQPY/jRUZ3vQ==
8AGi+h5Iir8wEONm5ltPHw==
e3WSurqNThI=
Qd8NCR98rEVDT1bsTcdnzQ==
YEoP32FOjtc=
tjaFXFWVWg4=
ab0IJrSFaMQ=
XIr/1MKvDJUPhLCyVzOeVQ==
XIr/1MKvDJXQKmO0JWzaNA==
m7HlbideHBQ=
kdSVf/a/i0dIF9xJhaIqGg==
DI/yrG0akbE=
i9x8kZ3q5bk=
M8Yoi4SMob8=
b7OOG7+Th9GqudKljG4tQw==
D+uFms/eq65mCfMqlFYucA==
C25y9kBjohRc2aHHyBliRQ==
f+HyjtnZbAM=
KYkKhckq6aE=
lG11yt2bGMM=
u6+o780psiE=
nIuyYmV2njc=
Ap+yUUE6mCU=
hCG8jt4IA4V/biyRS9sSsQ==
hCG8jt4IA4Vxy0InbZrAmQ==
D+0CUKsBF/A=
m5kVroVZh1w=
fOD/yxCMamU=
K5wnNfVbaKA=
ovmKOrKUShw=
IxtVTfeBkmU=
k1ILesLbeC7b9HpGF7a4wg==
0HId95lj8S2UTxMiqgS9ig==
rjERrkOkwGE=
NmDIO6KAi7o=
PO5xgW8nwTROM7Gto6rIig==
/AScMyEKyUo=
r7BtMPFc/KsmEJtxH5L6Qg==
oQmp4zyJNn4wHz9bhCLR3A==
5BXIRtbBNqheEEs1dSTTkg==
hD7/jiY7lps=
xbnuMW9RJ6X8WXFHeYkrtg==
W/Htjd5mqo8=
WXwEnkD7zt8=
y3dTXdHCOgw=
ZLggQQKEhAc=
StyGnf3PRBA=
VYJyZvD5lFQ=
+nBR13IArHU=
mpJGFwkmFEM=
GwhDRaqHgz4=
GMp5i5vjAoE=
446ZpXkf9oY8eYRR7de7IQ==
ifiHC1+mNDM=
krOiiCF2aZ0=
Kk1qWaqhDsQ=
w14rId8TqOM=
MAik0J4KJPw=
jnNJ21Ni2K4=
tE5Zbnv7n68=
+tKCAjiDvWk=
YdPAVucIqqo=
3po850Q8hvpdSRtzChuZ2Q==
IW1J0Ihc1ws=
y4fcwkj0TlI=
WbtU/hpDhKE=
Mbz4VGcA5Lf6hsL6jAqTdg==
f1Sl6YtrY4o=
/HMK+zC3vlY=
vOR7j8nnxOw=
kjtwi+Gb+e0=
C9s8mwwpcMI=
6o+0xsUc8ycIZQeeZcuKdg==
yoTUyaOVE1c=
8abH/nFoe40=
CkO40KR9/Xg=
iPDGSzmcv7M2XLbQ8pw4XQ==
6jGKnyz/YJ4=
7ITZis9nCc0=
lsHjPikRnBE=
bTV8zFjBz1A=
hk9zBUeTljc=
PBa/3kPmFzw=
Q5oS0mPwzvVS6B2mhXS0lg==
dBDpwFbP34E=
Te63tR/cZcs=
lkUjHGd7hH4TEcF49PfP5Q==
YuQ9P0GH4qhZGAw8bacA9A==
JW1hT8sssRK8ZXP3tuqmLA==
NIE1zLRzwdE=
ifbqxSh1bI8=
sWTwMbBsMS4=
Nt0tYnHP8cU=
0CYHQ0WLiCG0RG7+tZcCvQ==
OHoujhsJIGnY27TaGuCrqg==
HdFbNEQ1fU0=
5+6gW5U6SlM=
lb81U2z2oCQ=
Cwv2p1PJU6g=
IlYldIuDUI0=
0EYubYf2Pa0=
PM115FFL8ds=
j1SRcX2Bl4I=
N5QoiJRDqNI=
ENVxMO77+Rk=
p0/PEOvPKsc=
S/ljEtoPCDE=
YykmCkOKWWQ=
FfnjK+Vn4Q8vGeyq7S9V/g==
nF96mduupo0=
IOwYNi93GfY=
dRITdybLVzc=
FmTGeYyDrZw=
G9V/l5JcBHI=
l0JmAYEqUKI=
wkz3xKu/IOI=
43akMBQeshV+wExlEIkWoA==
sGVGl3wjkF8=
ITxUWgvncnQ=
QDIgm4oVKGY=
IkYo4GqjhLg=
8GkHp0UI7D6kagYEo/ldnw==
Go0K0JfRy74=
PbRPNJ2SbZQ=
bD43DRHBAYo=
K2Hel4BD2LQ=
O2b8XSLISGVTZ4mVMzPulA==
BPFwjNZ7obw=
YGfTrrPiAp4=
Kg6UkSOV3pA=
FwsBJ8a6NYM=
ohAZjXlzDJ4=
bpoZY8yrqZM=
XR+GMrwnClU=
FtP039ZTcnU=
7mofXCuVfhw=
5IJP3UzvI94nOeIiNdXR9Q==
unOYmD72jz8=
K/S359EkmyQ=
BeHlptk+MJGxNptCUTRoYw==
BD73pxF5PQc=
HXA2OoyrPPQ=
KZXVtYHGYPw=
abVNuyofPom4OyEwJuB73g==
XmsLG3r44Uw=
39tiM8Kp8C0=
iC8TLPhS4NqMIH0ARTebWg==
Bd1EFYWTeFY=
tmP3dEJfMnc=
C8jLWlrnhXE=
FyZ55XXNxN4=
i5Pj5k3mGsjnj0x1idFN7A==
KMtuPqUiRx4=
hyMmsUBKR5E=
Ksa333v3SRQ81iqlUQuUcw==
F5MGlC0gf7U=
CCLohzvs6ukaBnECl6Wn1Q==
qsh4Tw71k8c=
RBkZFYrdQME=
Gqtoh47XDFo=
RdLMwPorUY4=
c3mH7R7qUQ39gr5vADl3dg==
hm3cTwJO1d4=
LzimbOUQKJU=
nYeYCgGFrqg=
dGEGfEnLY1o=
uxb5NMcE5zVY548YnxvA2Q==
RgC9CDaY3L56q8QQOkUb6g==
RRIhwXWacdY=
FAFj+xWhWxI=
x3R+jpQy3Vw=
s2bs8/mYHm3QuoY+aCj69Q==
tkS2cpYSds3nKazFFMYIBg==
2ayajqgYDxo=
ELn3fAlfdeQ=
TYQkAZqzYFI=
KubLkpL7ahU=
U3I2SBb/3pKSvG/Mx8Fqsw==
2HmATVJ3YEc=
lFvFfyHEFps=
/8RRi1ly15AO9cVQIi1aZA==
2m3/YJhMK7E=
eoqe74GDGek=
ug7Jnhu1tB0=
1a1WhM5t57k4GxNbGjz+kA==
THeqAM4FLgk=
zb8+Wc4K6Xs=
tCC5m39mYso=
FK270CookhU=
WJt6hf+zNIQ=
mX4UYexi2RM=
ejnPcu0RMew=
qq1QW+uFmy1BAuYyQLCP/g==
ABk1ofx/EwE=
+L/uYFRop+c=
QcqGcoJCRA0=
kXNid9e/pftntXQcV1PErw==
Dq4nxd2brzO9Y4Rbu376WQ==
G1keleocZEc98kwRZYhWRw==
DFlV9TkLQdY=
9rId5X4srLA=
u9jmLykhwXKOxDslJEGDVQ==
7GDKUzQB4PBGk2Zt8sDdTg==
O8mHz0AqJSA=
vKWZcc7JM2s=
Irn3FA29Th4=
enfbtoLN+BI=
FPYX1XFPNTo=
9D4YhTiN4Zs=
W6+qZeH/P3Y=
bA6XdVjM7ew=
O7fQul95P6w=
r4T4R8AgsIr9SMFkLv32Tg==
Cb6RLLPU0Ug=
Tj3jCYaUDjg=
R38rrR7+xUJZwVUes1EVrQ==
IkPSadNZpiQ=
oyoj7kB4zcE=
3HJEWWOOWo7I8xUXZx81zA==
8wdU2mxIePU=
d/7Q6dS0QaWeNDfOFOErcw==
d/7Q6dS0QaVqkEoJRe+0Ew==
w4SBZaE7YnA=
Vwqn5SnKUHTFAAMkXKSMlA==
6PFhNoX/fP4=
UhGlgiZsdBs=
WMKRkM2bGR8=
2j+cIj8/nyI=
13HZEEj0h/FZHuvqCOOo9A==
JjvCKFJNtxzVEShlTAvvGw==
eEJiZ9VB+iotcC1xf1OO/A==
BqZ5nueh2/rPIAmkhc24NA==
BqZ5nueh2/ox2KzYcF3dWw==
TePKfVxASu0=
TtTMCpsijzA=
P5zqvsbjbFBwYWxmOChdDg==
hz7abJ0xUdg=
RWqL5j5zHH76MbmUrXEGcA==
LZRrmU1eKYY=
CSGEDpP9EmVNs8HnLSXg/w==
k5YLUOOpJj1E/xGhcIvWDg==
Sk6mk3m1los=
NYy2/lRNn1k=
55ZOLCeUqcM=
NgCvrAsslqM=
3tz0bu1r7X1rNkH444VlZg==
IaZxYBNOq9U=
pmDcCDfiHAk=
46j5Fzf7yhk=
I/LiVJwG0cSjuISC8xGnag==
GizTBBsYpCMXHYPHSHwWUA==
pMDuu1x0n74=
Hh+/yMCUtDvOQRLAznndbQ==
u+4mdn/vLMA=
7z3c5Cct43Y=
2R5UVgU3+RxJ6COVwt6OeQ==
xG+7JjHRQDHhy9zY8EwUBg==
tHsZIc3w+g4=
sQ8JZ2v1RJY=
nsn5UA9gUWlUlXpP/qf4lg==
zpeB74Ny6FU=
xXuOfbA4Aw8=
loQ4YVnkn3luZpHAI+N92A==
DkL7wc2rX0Q=
VhKt1rr4sXlmCOOa1pplMA==
UPShns57Yjw=
9aZroRyl+smJsvd4/jpSEg==
PxpFgkzhoWg=
YyY53X5LCoLHFgL+Nttqsg==
k/Pz1dQiiw8=
5WZuFRKx6OE=
IHJROe6QNrs=
JY2ZxDtt85o=
w2RQVBmQB5k=
kE5LL88gF0w=
iO4YQWhyEwM=
TUGADTa1Wfk=
Gsymzu5leu8=
od/DMXHvojQQhUFATz3GtQ==
TYeU+XcosO0=
De1nkmMk7DFZobtg9b9rCQ==
XYX53qmoZz8=
4zHRvYj66F0=
VFuo4d9jxwI=
8Yoqxvf8HnU=
uziwHDHRD1M=
MzVa2Sfg3Is=
BGmPLUipNO1WgoLSWtfcpg==
l4HuIlsOZLfarEYw7YsM5Q==
LTQOWUOjpps=
E2S75NeqxoI=
nFSMUyUZZn0=
Gvy1UpP1PSw6y3Px+B33Uw==
xn1wNLneurUrfNd7XVs0Mw==
xn1wNLneurW5fnre0uUFxQ==
+U21IR7y59s=
4I0qTkuZTIRwlLrfbH+YfQ==
eNhM5bWTmDI=
Aa1542xP0H9mCrLtcPXIIA==
xit+qdbWagTwl2NNDNatsA==
6rX34J0MJzPoo6YeFbbBfw==
LsJTfPxSKpA=
cctttwJHmBw=
m+cJWXmdbnI=
hTzotpirtAQ=
gwO9rroopEo=
h1WqdItpN+K1q7d0Qn0hKw==
rJzgRrStT1Y=
qunEh4HsA3E=
o4et2Ot7a+M=
l2e0vWYAsdM=
uIJ9RQdzhIc=
gVpkSWl9E9g=
msEIG2Aefy8=
4UVdkY01+n8=
g2kYH9aEPEo=
DwNR6XIMzD0=
sDazqvkQrGk=
y1qr3EoJku8=
u1ip5cm8UD4=
YZHtaByfIyM=
HzuOLa+l8G4=
H6v8bzS9upZ7GaiAeQM6jA==
Q2flvp6Xq8o=
ieG3gvNQrYn2F1lg1HQpmQ==
IYqD6pdYHtE=
m1N3+fRoQw8KouMxd7ZC/g==
C7S7NqEiTG4=
usvzlPSFH9A=
VOloNHCD4+Q=
3jMEncJF/PQ=
AFDmm1n9BYbH4QMRjVHt9w==
Lt5aih6isyk=
p4soVhBDQGc=
aLzJjhsiuTQ=
lyg9zr1Y4fk=
tq4wIrmeMr4=
/2ujFG0fkc0=
4MCt/fC58rY=
3WXFr9uX9w4=
c4RgETG/vIBxf3yUSIlmKQ==
gorbwMq+JYQ=
mFADqL3JFET+7t9l7PGYEQ==
zO0lVbPKOSE=
SQw8FW5ueII=
6aEtJeaMhpA=
5uBEJ7NI3qg=
uHVphSZgg1w=
nkPv1gHf7eqDkDnLLcUpjg==
VU1RKbs5R+vUh1mANtHebw==
kSEpv1AX5pg=
eoTzCLLgf7lTye7j9cm/mw==
djOSQVu0fgk=
kH4T76ULeh4=
Y1hXJYomdB0=
7IFO5cMBHR8=
PEMboLc6iiI=
s0RwkejfPJY=
K4rzv+8LMshsMWbvWg3ijA==
8IAPHfot1q8=
XiUR6d23O8s=
Cw3YeAUBKFbYrfwyRWYIuw==
LrHGpnSK0uM=
rX17ZJEHq8k=
McayjjTH7xE=
X54xSkAlWEk=
cqNHEz0HrIPHdUPnSiMQfA==
s2cfJVR3Ec8=
YxeH/cejoOA=
aNwQhy8ohxY=
DHs/Eh9ASmA=
Fz9z1uV3uqr1AIAZZ3uAuA==
4r9657hxJFM0pHRqBB0giw==
mNSZVpmqa6U=
cPlCi1wTC6M=
Zioa+1PAkzQ=
w1YFmQER6gQ=
dEzelxqrGIEV0UL0NZ0tmQ==
zoVnbohmnrQ=
X+xLkKtxmWuOEGVoElTEOA==
E0HjZoNAggU=
5ogj4xrM7kw=
PMakimQNK8jQ0RLdNQqYTA==
N2SN9zs9pws=
WAgNx9iuOxfC6InJl8744w==
q+K3VZVpLtY=
Dc4Zc1lGuOA=
GnysKLavsPI=
aotSVlCQcqX1ALoQ+8chAA==
IWGdLI5QI1E=
RUi5+Huq1dc=
dcGEzu0GkiU=
/t2QnBktZ/k=
ruA7Jnl7cRc=
de77BKvfGQY=
lY2xwao0wls=
z5REtBGpx34=
+ZGrgp5vCkw=
You2OKHCyXQ=
zx1DdSdWRWM=
Q3chkbzKbAU=
KCuGlvuISoM=
P8Yd9m2O0l0=
dKBbVD1TQk8=
aKXUSvzRql0=
Lh5ASbmp3e8=
FDihLkMWZhc=
df6ccVruDL8=
5ohL78LWkik=
FDKtP04liRWVp7EWSxAdFA==
2raCjcyN560wxyFrvtZnNQ==
lbS0+wt3NGc=
i72NvtjGJd0=
C0zxEgzkL0pbe4kHW6hIoA==
jRY+WmvEeNI=
DpLP/UvGcIE=
HTxvMO44lIM=
BpvMyM/PCq8=
rh16xwccZbc=
tgHH0C4707w=
B1IHax+K58w=
mDlNYdjOcwqf00l1dqNL3A==
p0eewICS+s5QItvrwsBHmg==
XrvOhMzkp/0=
SB+EZspgVjFBVTaV/7/TKA==
v1Kg8z60IJw=
E0KgKwhVbDg=
UyuwO6riMs3FOiJY7Qwhiw==
u7EevV+2+dU=
GHlWHtsE1Y0=
AWW0uDlvMcA=
04vTo7zBSPE=
P8dYzboXEqs=
w7A5nOaLCf8=
taVmhACNoskw0sVCsfLWYw==
cP3JAbfNpJk=
TeKNnuz3vnU=
UxLmLOB10nGIRIq3zgnUgw==
ufnPMc5c72k=
Qd0iDOC98I4=
btja0BQAPrY=
Kk6TCvMZ170=
hzm1UHJfa3A=
nQ+b/HxIzfDmBgAT+fglaA==
Cclj9jcrNg0=
ksdcLl2ICd4=
jLXyG/vyJwo=
SJRZnuvZX/I=
kaukMdYMq0k=
LI27gPAOvEg=
nE4oHU47ojWd00c8OudzFA==
p7WWXnNBbRs=
2u/KII4l+HeDvGGjrrfS/Q==
07e/08UXBz0=
BeOTZaTgOCY=
BHN9AX+osBw=
rno03KOheQY=
w+FLOmvm23g=
OblP7T9mJck=
8O1mUd16ELHskifnwQAmKg==
NBw5uM4StOk=
BHyoJxS+XLemKBHg2aUZzQ==
u03W1Qjcifw=
gPf7Wpbm/Ok=
nG+2b5vKT4Q=
NfsJe7BTNPE=
rhrpgfH0DXxpK9ZfQHImWQ==
tkVC8Lxtlfk=
/O9Fz44QuUA=
PG3K295T+K9P+vUcIcsMHg==
8S264+NhE6k=
Cwh92Hp8P/A=
q6mBzKK9Hk8PfilcEGHeuw==
vxvfKkIv3JE4BfQ4Lb9XWw==
5TY2WPFDIy4=
9WbXunTRLII=
1B4QpH8IOG6zNQd3tUEHFw==
vJ0odZgJkgs=
v3Sa8Rfhh/crtjSBidyZjw==
ZdJZj8z+52AcrH6YIFXYYg==
nZICvjhovng=
C32r6g6Pxac=
nnNJeK1x2/vYY7kWjoskQA==
F3W26uwtNkE=
OvUaVXjbgdo=
SlTBCDXmbWo=
okr1/CgnGp8=
A3cPUJW3jPQ=
3epwfHuFup0=
wZjSX6ZlsDw=
pFHkJa0ZEjy3LQGIlMC2pQ==
eVOUZBoAFrg=
/Wzh8QHlbys=
5+Zi/h4t2+E=
YLSuDIRgVfzMDVPT4yCaCA==
VDTzSa/BKx8=
lzkEaqzifLs=
XKvfAkl7ChU=
cbZIf5/lhEoMDU8oLJnxTg==
PpRhTa1quJakjcFPNWB9uw==
9bhAMOCCvsyR5OMKRym1Hg==
AXYt0HE1dkE=
k5QudHSo1Ps=
3A0HKCC7x+I=
aDoN3gmIi0w=
QNNnl2VOEsE=
vzctO55wbYE=
ziW5qbHTTAWBk/ekvH6yHw==
zaYoGl6qVtg=
gX7/rkqyHzk=
Vz5uWIY1l1o=
8SWRte9Jlduh8wiNhonqVg==
mEwrhmsCpuw=
8a7WffWryOJX12bH+Sy4WQ==
5+KXNFqC1Gc=
4EO4trxKTbk=
dgyqeiKvrAs=
DdoUeJx1ppc=
uU5EeUOSPaI=
EqAD1/kIvgDMkG+OF9W00A==
uveb7iXiJCby5Fse1MCscQ==
YKm6z2OxuhBph9L6PZvjEA==
wNTDTzbKmeFek+KJl8DAaw==
wNTDTzbKmeHTtS2hvacHnQ==
de3RpHKWVo0=
mH3hJJ6MRHA=
OLMg+RIYV7c=
HDRNzu/yi9s=
sTGgDXlISxA=
17Q3ohf5kr4=
AxyYn2eraK1EYfUk6A0BWQ==
YQ7XSDnySQQ=
kqSHxZzG4yA=
iq22RhIBM9w=
Ghy78P+WGc9bWQ55xhYmHg==
eL4cWbpqJJQ=
5lGxituyz1fzJ5nY+xDIOg==
54q3mPYedxGyHOjQdSsBxQ==
C4NtCVkABQU=
Bo/nkM/oPDk=
3qUh6kO4jjU=
KsvUlmbm8kc=
4A5IXvAB75elyt1nt51Slw==
V3UHl9wmQeQ=
higwrBVkj5I=
bsG70p3FwXo=
sj9pcI32E68=
CfYJlOuiqng=
SPDq2VfhCws=
0TfS8Wv2WGV4TgZsQlKH9Q==
R61zh5emczM=
a/q/lV31CZQ=
JlpbutV/wj8=
yyMsQG0D7nsHWTLcqOX8Eg==
b3R4OVW85Ck=
0X07ZsBp7AA=
pdMCFKiVMEs=
jHXBLsChmYA=
g3ofBZn+fM8=
4iwTPO5lrcI7RGPLDRqGCA==
9O8QcAPhh3o=
l4a42ba0iH+rJrA+N2p5rw==
klky2yrI++j9mtKY9hCiNQ==
NlEiog6xLHp2wFjwNCqdoQ==
pt01J2g9GNg=
Tbaaz6Ohc/8=
NU6t0PjfUh4=
jDdp89LRTj8j2xPKfJQCxQ==
LVJFH2Gy5RM=
HeBbs6FsUfM=
j3/yPoE7n3lX1VGPJDX9NQ==
lhcZmoNyX+OuHdDnDIn2XQ==
NDN11JWjbHM=
coZr2kfaMzM=
74+9O3zfxiY=
2BOJAZJ3WjU=
hvgOmbZpdis=
a6WFjxMA0Jw=
o86o3o+/peVezyvOH2ln4A==
5Um8vliwu38=
JIfMq/B0Ovc=
NVr4P9EHGuQ=
24Z0zv28F78=
YC1NH1elE7zCkyMpfCYbPQ==
Q9lKqBKAbN8=
2B21PyoA8LQ=
+7jEt2AkylI=
pwIpiOi8+NA=
5YgIqUFhf+Y=
TEGUYWGDO+w=
qkbqW+AiHFc=
GnzHgloq7Dc=
Uf9Y+M9o0DM2xu7bpbEI0Q==
Q09DZAQL6UA=
ylIXei0acWU=
leeK+fA9fw4=
DoXVmsHA7go=
Hz+GHjyQ0Sw=
gRfcYrnG8Dg=
ffOS1wpMoiU=
bZzBhK3EASo=
u0pn4ghKqRk=
7bWzml76UZU=
zpb6FzyN828=
5yn0EqO5ekw=
7IpXfrrr+ts=
2VdM62VS0Gs=
KnwhH2CDVRQ=
88xjUo1gP1c=
MWnoafxKHqM=
jNn3o4OOB+8=
KnqzgSrwD/g=
DLLFzXZMbRQ=
knvNToQ6wso=
UDJ5s3i3Ze8=
ssRxxc57PMXE/oqoLLPv7Q==
pgqjXe4PKBQ=
qlKv7XpjUWg=
xAjd4qsmovw=
8z38pxj/Jug=
sgmdTkfKTd4=
TXDgMZo2kfs=
rHXoU1d3FlI=
zm62ohNkVWM=
XyOs9bA+R6k=
StCnmApnJ1o=
hQGhwSTQ0S8=
R00hqf2jtyM=
DXIXGYO/2tI=
xWeArMf/NP4=
GCBPMSZhC8E=
U86A/2NZhrQ=
oJzxEBmfxrQ=
bZZryKrHVrY=
eoG79PWtrDY=
+tWKo+lq9f0=
s2+jp3wswL96Dv5VrFxTdw==
fX8kt2Di2DE=
RYo39gqh4QCQhIvHoJUPaQ==
0yCI03JbJsEBX/W/EnD+/w==
6iL/j2d68MP7kL9KHFrUeQ==
UtrH88KsM8Q=
Z6oVCe0Gg/M=
vV0ImUrXxKY=
i3Mfx86jU20=
V6wRKpN1cT+RbxW7olUTzA==
fIb9c62HeiA=
N0lZ9izVALEPaPZQhDLfFw==
djMAlqVPZ3M=
eKTbjtyJR+4=
QI1et52qxGeDUSQYMMeiXw==
mAZKDOMhyPw=
v5sy5Q5Z3QQ=
S4RI7ko2ZGI=
Rk0YUeMKMfA=
ANxCbmhxTFI=
/7xQO+tS0gg=
QcRBL7Z2ooc=
pWNk8vItwys=
HRY5kh7O/yo=
nDRx+/QhotA=
FYZ02BIkf5g=
Yu/PqF0/pCA=
nMXz0e7VQBc=
QPSnj0Nbj0o=
0KSYKtDwV1g=
isKfNZOGx0s=
ga8XpPRP1Go3PmQj1+EX4g==
5geBMIGBPBU=
tbw+cyWxF/A=
leTPaLiW+tw=
e1BGftubTt8=
wwYwcV5t15b0CWk7duN1oA==
B2JqcjZ8O/k=
MHO4DUBSfdq0iT7X9XrBTQ==
xSghp6LzMR9SXqbWpt3N1g==
gv34KRYQN/g=
nPhaF9/XFO4=
N10qJrB/+7g=
Fa8ZHLzbFHI=
kyoXyiRZyy0=
dOzjA+W5k81db0NliXcA0A==
kIXokTJvjeA=
oCP3CgQ2wvE=
78rhqWXhLhCPxYdHeZbeTw==
b+eZAyC6H3U=
ysLMcGWH7K0=
Dvae13CJLao=
WKnUKIAm22I=
IrCxif9GjP0=
hfC4v6M5l2Y=
fygsUWZ5em8=
V23jLeQ3xIspqLZTS1Q3Zw==
AWrQWCiFffU=
A/M1mNMSvjE=
JVlf8w2UpvqTkjMzdVGlHg==
Sh1At3zvNUw=
5ea0gkRfQrA=
ojcDa2ciyRrOehmSvQ/ggA==
nrmFFtHHcoM=
qzf2f4iRYHG8YQoQO/P/Ng==
Gga+NT2OgWk=
k2dc+F7lQCR5w3LW0JhDnw==
6gu9a+5btkY=
hYtWkwL6mOY=
2mPoj0iDLNI=
Ws6nPJyJ7I0=
HTw6OeU36TY=
rvFIEy7huzU=
7fwOCO/ajCwRsk1GoMylyA==
Sz7PCoi9hWO2fL1MU7cDtQ==
PNcL5ICGp4Q=
pgKXXE1dORc=
aObzuz0NPLM=
Q8FJLmJiaDI=
7AVsZDpIJ54=
7Ialh/YO+p4J8Pe9i6oivw==
pXTMGFPsRqmZUG4f/bU92Q==
hfeM+yFJ2Go=
/8HGSsg4Fck=
JCVoMkPeOmg=
ImR+eklzvEU9HDDGkzoVNA==
/0zX+Ai2b996o3/GUrXWKA==
efPObUi4g8k7PStusrkdHg==
kJJqYQYpQtAKatPpPi8kEA==
dRa+P7OiblzeqiHMuIKaZQ==
n4cpuAhJZEw0SdtE16zbgA==
+psUTahf6RXWEJS2ZH7mfA==
lL7Xq0pz9Vyv4m5y8ObAxw==
KRhgyPp19Jc=
ktZvBPxcJbI=
opyXYmfOLVbYZCWbnNZEwg==
A0Z4X6k8ldVMinFKpznNHw==
M1JxS0CAxEw=
gdWQ3jy4u48=
vSc9gnnxsA4=
0WDTLvSYN6e2fYqUctxg3w==
0WDTLvSYN6f4otmlPADTZw==
0WDTLvSYN6d/TxJHOwj5sg==
F3rNuPFvwPssi6BSDqHpZw==
HPkhdMXZGhB6ZYgw3QtuSA==
shpeJmteW+s=
TMspQneBD8E=
ssk50sbpQwA=
Q+MREGhmFDHll3tWORXzwA==
gioMqYd/DJs=
a8vkNTwD2Yg=
7VPJQJIbcHEi4UUXCsPqeQ==
M8MG5kc1h0Q=
Xne7nArLiXU=
c8esHq6O2lU=
sCX53tU9d1fYbSLpAzWOmg==
lCFnbQglZ+b3ll3nLtyrXA==
GW6UBmTJ8rg=
d9l27mbQrPg=
0I9Xej8Zy8I3xEHYgPFD0Q==
+rVVtdaIjAE=
pTr81icyh9g=
cSEPS2x2MF8kh2DYermJKA==
J0AqJRe9QH6bMBCRcZkXJQ==
RP07pw9HCsFHxtQUGHwFFQ==
M4PQFDCYoMw=
gs9qjpFyfws=
bMpJAWKa+A0=
cE00xFmUWY8=
KF9cyHL+038=
ddmuA8Q0P3E=
YNMaEF2QNyc=
/RMVZtqrQK0=
KXioKgIhJGNItj03gFQ+Zg==
zfmBc/K9CBU=
FT6GQZmpuFw=
nFWtHelKozU5VLvIqSuxZQ==
uUC0MjzgDrU=
QoQ6quPZI39S875s1ifU9A==
O12JNs/QzT6AP4KjnEoRbw==
p6oSgGjEZvw=
URoqpSSJ36ctwODf5UJSSw==
p/qeiJTMOokSK2IsV+FHUA==
hVT1nroWqA8=
VMs2hwnJqra4Q9sifOeRrQ==
RKIg8icnju8=
o0NWXWy/2a0=
b6DQmsygfxw=
IQYJVw6Seac=
BIWUp1KQm4s=
JfSdsj8rswM=
Bf25J+QBCOA=
IRpjxSDDy7I=
LuVpWoEpLGQ=
BSfE4gQsYF8=
AsE2ILC6HR8=
AHiBmnkLC2l/E07dWzAsMA==
4TIq0Xc2eg8=
a8ZobLDwdYo=
inYZfcktfp3BhVd93u7JKg==
qmjuTsbSppI=
yUBMphY2X1c=
48wpUf+vAMI=
mqbGrLPzXFs=
0w8KN2PvpshOKFBgVsd1Dg==
EccB/+9EOig=
61voP9c5I8s=
MAPoUoFbxds=
hIRrWtcxlsc=
aK5pfiey7kk=
jpQuPD1BfGI=
rrbG4dMQeMM=
z09R+XADkb0=
RjloAs5PKPo=
QvWgeXgRokIN0h0GkvGvlQ==
0j0mIv/jtwMDgLcOvDE63g==
OUygjkch5LM=
93OBMdUPrfE=
na1UAgoYnAObNpM5ghwbIw==
ZEZs+wolCFI=
eolQQ784RO4=
cHHfDZmuc/w=
3Gb24uvnhQ4enkMHdtFsdg==
jTZ0j8gR3cU=
nm4bzNNYMKo=
BprKbWNHFEw=
KrC8wqu2z5E=
yJzjbpn+04k=
5XCNRWHUtPU=
5VL1/ZXgmHrDaDs9Lk7mTQ==
5VL1/ZXgmHpWbkXs484s8Q==
5VL1/ZXgmHpckVL7Ur8tsQ==
6QQxSloOasa7NJyFVt1vfA==
OtXB8lSseose6D1b4Z+4TA==
Jtrja738h3d/o2XpvtpV2A==
pcBk+AakeWM=
8nCyU6y2BnNsfVwnIfU9sw==
WOM9vJBqWNM=
jebpwBykUYU=
zTM053Eh3Y8=
Cqg9op6TQ6fGLMbUEsx74Q==
37kLsOyiLDg=
1fxz8pyLUME9/plda+Ntxw==
UMQG2snhkzo=
UqdaPvk0DATdJLG5fv2ASg==
spcE6ZJ49CNmRaJUwJMmSw==
spcE6ZJ49CNi8x/cKWh9UQ==
ijVlEhkRfdv1z60EVd4JEw==
LzUKEE9GDdc=
dmL48JY2AC4=
5+5x4hlk3N4=
n4k7RE49U30=
SgiQpiDBfAJUCqOAP/mq4Q==
oes8oIaYo1VObDYNI8TvfQ==
nUwMKypOleRgIo1SAQNBiw==
e4M/GMt09qE+kmwdssGDGw==
WI8goEAVjSTlHYsST/BZIw==
uKwdldvnprg=
WrCgA706/Gg=
m9Ih+u2CeXzKDAglR6LJxA==
O5LWYf005kCKWdkIcUps/A==
cli3cJkOnDOG+QnQEljEWw==
KewwlpSE1Y4=
KdgzdUmacC4=
6YaosPg1pNI=
GrJjtxsMaWeWG6R7jTCACg==
VknpYenlpAgvGIVQo1XiHA==
bVCMck1MQTw=
8icHLq+N/PE=
1JOqN1tjO2I=
BskJ3/hDqwVGv2vsmqE/Sw==
n6RMDMTqCQx01GLNKZ6uow==
4IoLF55Rgq4=
LvsZdwFWbT5N4yQLLht0Ug==
FqwR6vezd1ihce6+pPHzsg==
d/4iuLaytyQ=
4L8fXov/C+w=
nXwpzG16j3g=
2b9lFGxIxbEZn6q40RZHRQ==
J933uZtDlhY=
mWRJCAZ7nLM=
5LQHJILJOCQ=
r3RxLShm16E=
EMQxiHoisUE=
3No7wlF0+B8=
TdUYkmClY17LWwHuimXu6w==
MwImbKxWIoM=
ypchgs9aq2A=
VcpnntkCkxw=
dfT42RrzkHuY3cO777nFfQ==
thMbAoZ2ll8=
2bi8FbOiE6r5l/qrVDNbGQ==
oFAE/wh2b5w=
3PrCkgAY2OV56d59qjcE5Q==
Mb4ECb5E4ZCNMQbJfTjZUw==
2fqK9IfNQEJXnIOf/zHhUg==
HYNjda7cEXkbRJAXhkfeoA==
uW0/X0061xUvJaRMKXexiA==
iYLrJ5v7EAc=
41M4S1dmQn8=
H8G6EV3ntck=
p2i96tvSZnw=
737HA2VaG3w=
0HqPlOXmuJQ=
4sIvVleLAZ/B5XzYORFn4w==
eMUr4yqv4t0=
VLAc3/NW3eQ=
ndQV8jGrB2Nf5kogBv9ymw==
pyG6VS+4Fx4=
u86c8w8B0c0=
eri3fSLf+/4=
La8j0p7RQjc=
1bRWpcWHvvY=
4QD0vapKZbflMara4815yg==
SYthTCaVSuPrNz+kmdgaXw==
Pe+rCg68ck8=
07AHZ+i1DyTOimXhVrNfIw==
KON2h6bFqPqzMacTPj5J+A==
zxqzaaqxYWyIv9X+NjBhFg==
Q06lz0opGAA=
VO+cQviT1xgjhi3T8Z+D6A==
yiui59FqNlYEWodaN/mY2g==
kcpuJrx13JEdPzEyJfsJvQ==
w8X47MvHOLk=
EAE9nk2r8wM=
hT1A9RXAp0Anf8lKyQ9gGA==
hT1A9RXAp0BIEg0SDXYzxw==
OCpqq4IPznU=
AA0XuNeFnbgNoVj68Ql0Ag==
kLP1ZGuLUgk=
uMBi20pH/OE=
PbWCZT1HQaU=
VWcsgF4QkjU=
Tsfo2Xj1Qew=
4Gp0rs7CjfqTpKJgtMQ+pw==
Cjc6JhnnIL0=
KsOKuUm2vNU=
UbnUH91kqzvdBKxP42y1GQ==
0ftastqguVw=
G9+5j9EnLSw=
kb1YQMoCRGg=
ct0hgOXY9QY=
9/bvyaO5N/w=
zNMd7mDtoz4=
YO7xtjS1er1VkpgAhj9l/A==
NdzyXAyi0nU=
5w05VyX4a48=
l9rfzS3RBpo=
n/NzqDXMlnM=
lHZOBDWWCBE9X3lJLQ6Ufg==
+NjmiAJ1hCB1Z9siaLacbg==
eGPuYXvBRN4=
WNuE5P5qc0U=
qNNYhRNstGo=
A2WXJr4qRbo=
TvbyqqWh6EIhSYjs4Sbmuw==
bE4lxPrpEJc=
g75420xnXGU=
gOPz3147Cs7d2OSdAk8kSQ==
7t/cYrdxTG8=
1h4UzjDZOfE=
giU3Hcn8jjBLcXTqbfttTg==
6PjM9tBQdAA=
/Jbwp4uea7Tl1Ma1v0r88g==
5r+gV8bo9p4=
hZcKiK6Ws1g=
4WxvYjVGGZw=
yx8+04UE3UA=
S49bmsuJSro8qCJzoBKBLA==
WCROt/G0/btNdFHqEVsw1g==
VjpCpfbnjy4=
JGCnfhd1TiA=
Ni3g4LAHr3pixnZ43jEBQA==
kR5Sww0DTwc=
czhualYDRtMw4ddcMTmrMA==
k0Dy0M5jm9oIKmsCRSEptQ==
+PYTdEKOIok=
7fpv9UXuPk5QvEX1xJRyRQ==
D+DmSkwSlPo7a6SMm4KliQ==
PxURw0Ip7d13SDRXYEpvQg==
GKh0Nljc86s=
GNAGhI77SMU=
Sb8CwZ9/Xc8=
diHwnZNS0WM=
YvJQG5QCufCERtXJvlWv1A==
qKdbvam6MDFVeCkKQretMw==
nUMbTehTYf4=
EGL4iKhweponEgyVsyZLQA==
9qyP1+UMKpU=
l9BoS9AZkVw=
7Yb5OE+GwU8oTscrPSKlYw==
YY4gGqp6mlo=
ZWoHsnqQ3Uo=
DjUMPg1kAxs=
ouTJFOkX75s=
DlJjXVSGx2Kb45xUXECm9g==
rQn7O7SlAy0=
X+gt7uEPldNeAcbBj0rG6g==
DEQB+MxiN18=
+k4MqII0LWWx2kN+5rrrNw==
1HFlLmnKpko=
X/TIU9yRsL4=
f1rjtZbJPBc=
MM2YaBA1Pjs=
wPpWKXB+rtY=
fycWI+g5VMM=
w7RscsMzPHZQfdnhQRsgsg==
JFzWeiMEzpL6hAsgkm1pdA==
TYVTnjrGrKmXT/tlQEmuLA==
TxtKEfVkMbs=
G+/IvMWg4L0=
RBBiDilwvgY=
Qr0hwHlRaIY=
jA5lWwQQQ6zBd7pkxz1MxQ==
ulOSOgkZH/k=
+8FjCafcBQs=
1xAly6IsNT8=
uLdUpQzlT4U=
AbtGg5BmBjA=
2nCl5fyYjXo=
1p/j4GQldFM=
u+MQym05sj0=
771J4FT/4mo=
xg+w04SpEM8=
+aZG/za07w2Wo+O6+DmY7A==
xRlcPz6jGtWx6NwlpXztxQ==
rYx+UDKzURY=
lBvq8bwisVfLVBcJK1/Fug==
U0g5MKeTA8E=
3YJcHHej258=
CAcRaEqphPJ1JK8Hb7nW5Q==
nQAqnGp5utjE8Fml7frbzA==
/Bz5Qkth2HbXdB5pekhc4Q==
4vmOxQp6pvIb90lsDbzFTQ==
X2ssd3aS0+I=
n/HhRhGzkwo=
inGicLDNsqU=
HQgmOjDM4Po=
7DCk+1wupXQDNGk/3bOGEQ==
x1r/QJmjLk0eryKr9oFTsA==
F33xR+1vLoPinE92VgGbSg==
Cq5bOsfOWh1vRa1wGMrZvA==
LG0uCp3MpyB7YhuNBX82RA==
hwplAuSqTHY=
4+1kpFFPHJ6GEh/58tdeNg==
AqJvlHeCeLM=
5rffCdr9wqw=
pqlmnV10chE=
UGRaQhP48vCJedUQUVj/CQ==
g3vtkrgUsbZPZ8iB/LJ7mw==
onnhCpEb7aQ8RbN34vZ8pA==
naNM96HH6p8=
HzmrrkV7Zag=
WNZZXEy/CAI=
aveeqla/ZF8=
E8XGVZ69p6o=
nHj5VAwzndw=
iYGF5gmiNMY=
M9Yn/bW2mzA=
Vi4CmAH4Xw1Sz+CR1pnUmg==
YyuFvB76rlFdPvLyYcHJXw==
dORcQDkso0nqE5WkRq/sww==
5uaO5nwxHjMdL1EoMM+GbA==
sqHDKq/Ol8E=
jT9/UCridPc=
RyEpciWMjZeVySBaSe8Gfg==
K5lG7UQH7as=
YxLduuPrD5E=
88l72zZ7Qc8=
gInq8tHuevY=
oD7QUP1oyHM=
gpGxljV0kAM=
MlkIhEIcnDg=
jpXOHFF2ELMehBET8eKOUA==
s0V3KRZRN8I=
GvGJhDC3wH8=
erECstIgnXg=
RfRLSSS5Xhc=
YrvsmqHjh8M=
//ZxflV8Z3Ch3eBufKGRXA==
mHsRnqtJU/g=
Q8R0akfE/hk=
HEobgPHAfgw=
jrsypuIUwY8=
rghJkZMr/6M=
M4N94NaK8c4=
amutmxFKmVA=
TQ4q8hcmHq0=
uB/ZgVmx9LU6OfHenzKi+g==
BPagn8qXyvw=
Tiv7o8hfdjVbEw9XM8pnBw==
FIWsQV82xNU=
4qV6Fttl6K0=
FAw8EVdX448rvryVykHXiA==
oEcqSWwaKG8=
lpW6EIBa/rZN+M7X7QjqlQ==
woRKiC63dls=
NCo6bkazijhgqnHHso1DDw==
1u1nRsPfAPU=
Pd701HUtv98=
ryfMds/Ir8Q=
lPaDBoFcXpo=
6MAJucwTRIg=
lI02F6RbWdXijKOb8VxOXQ==
I3LxHB53puY=
GiFKbek/i08WZ1c3JGVwuQ==
GiFKbek/i0/sL5YyAhjgrg==
mEcZPZYMTSk=
Y5Opt9Ii8yQ=
qUxGLLucSqc=
9ae3iub5sUdnO0OPZFGiiQ==
BTDirIlAxtY=
IA84V+0CB+8=
hediMCF3uLY=
KdmLNrTYdiE=
l/Dlj+tR7Nc=
CJ4EIvnpL5w=
ZinKDJaqB2UpIjyNHRHTIw==
vGYzzw9rqxk=
PcsEEMFR6pQ=
unGCyLqxzl15zjGRnpJQzA==
yF9LMIzEl38=
unGrtKQDvF0=
JgxfhBgbJBQ=
Jqc9+TytxN4=
1w+Qm4AF67Q=
oS71+YfdFHk=
4x+BpAmcggs=
rqE9eHGs1+attx6PW2961w==
4+nL6X4Ogp0=
DLMjG10YID8=
48oQMQqDr1E=
GRoNeq/g+kM=
JgcdTLJCPsk=
17epYWGJ80M=
WSBtmc1Go+4=
W9ivh8JpBvOwZfNLj6YMNQ==
PoXFPIShSJQ=
FOsoJN/GVLZ2TPfpV0eLzg==
SgYe8Sx9tdg=
LaW3xzlAblk=
DzA4dOEySzm6OjX3IjAJwQ==
DzA4dOEySzlA5V+K/uot/w==
JOECnDvGwM7+9uw5MRZixA==
0kqpYV1fX06f2lOTzv2hjQ==
3xrN+jjul/u2/sofuEJtMA==
1KoPVNer1JE=
dPnCu9mK22we+/lLKteutA==
8BQHatRjaOE=
6G38e8ASowmAdhkZDq/7eA==
6G38e8ASowlmDl1BDtMdxQ==
9Yz93Tc7miPau861Hrxobw==
ZlvTiW/ThHabvo9ASte71g==
gCpf72cUo0E=
YH5GKxdc+WrQnqPmTEcmqA==
arHDiXPdxDjHDEcfG2iBLA==
Ea1waM3eqde+ZOgaN/IZEg==
ElO0SKnWdsLLFgYV7JG1xA==
3n3FTNStQDYGvfsWm1ucuw==
qpI+6Mnbg6Q=
JdOd3AMcyl4=
CexhM0CT+fs=
1kczrnJKUcZ/srP20NYj/g==
1kczrnJKUca39OxihqhqAw==
fgNF3zZ7w1M=
/p4oa2Axaxs=
NlrS+GprKR5/DU+Rb4JMiA==
aQXe6eyWNMQmt5AzTKpEpg==
xjafsen9j2QpJk2J8tR+4w==
eh65A4BGhWUeN66H/zWtWg==
eh65A4BGhWUWTXzYZS4ogg==
5lx1iwHbYQw=
w7Zg6xrJm5o=
cwyp4iiFmxc=
COQPEybXxXrP7Kdv74NHcQ==
PdwHP8Qw0eqiLu3GZSwihw==
n5i9X7Ss3uE=
8+7ewgYi+00=
Rq/WRNlJZ20=
/bB0OqEhHw4=
XkGRTSTcFqRV3G6PDJ+ciw==
QQ2aEk37MfE=
OPFV4Pf+OuA=
rFqHVSVPe2M=
9tYTdEBZFms=
UQNnZczBQFA=
kSx1b70GjYg=
lwK58HsRdQo=
UrufaOtXiXitLQCOctzJUg==
Tge7SFlG2Ac=
4lMr7n3rGOE=
/uBKn0QZccw=
NsaPNoFNCWk=
T68CqcDYOXA=
JAdLKt6ayB8=
Nwn04itc1K4=
S00fJqVy0f8=
/iLrWe3yiwo=
QEAwyx2Jw5T98UMPQTQT7Q==
pjWALJQs0Eg=
Qmf5iJWZhN8=
gM+X1Zdkh7Y=
/CTuEpFueZI=
ymVgpuU+5mnmoea0g3H+xQ==
ymVgpuU+5mmPIgUf2UpiQQ==
ENRRBE7qjvU=
tLwFPMdoVdw=
EPbuztK1qQE=
muvwTrORx5Y=
1JbPduR28/k=
p0X8jIhZF+o=
+YMm4E2EBrM=
C2JkyFnheXQ=
oRYWFnX6xC0=
GBMT4axAyXM=
fXJUPbwClwRKxhlXGDPUZw==
1lKDGMlqNI7Vt5UO+2mfiw==
OrIZq9SfHNQ=
csihlSiyzXI=
R3h81+mPHr7+V33JfinU/g==
HwMMLKmAB9M=
cOa4aNNPS4E=
Abk7HhkfFSI=
VT9E94SkrDw=
wbM83gRTUNM=
oSsN/igLcl/wbNGhE/eErg==
d/mCgsCnFEE49REzfrE96Q==
6Sprw5IdG4I=
/Q8IPlQeQZ0=
fygVgTa62bU=
EkGjwg8ToEQ=
Ci2xwELOtI4=
mtEaXHOqtXMsxM5+bbcBHA==
eSXiN+wE6Mg=
wUECr6wssWo=
xTqTwluS+KA=
aoHfJncuB/M=
je4bbPCrS6MYj3bXSljZ6g==
je4bbPCrS6PWk1O/qW0xgg==
ygfk0zuJBB8=
OlSZZZBhARhxncu+xgPXNQ==
/qtyqgWWYsk=
anG51DSWFMWk0mr0pNu00g==
KtGM6J7A1DfSFpuEFJmVQw==
KtGM6J7A1DfUHCvd+UX9Ow==
njdb03Ubkl0KF1ZrFrQVIQ==
qwOy2iuPj0U=
QXACmdC4Mfc=
ovGFwIroMKo3fCCDl/x9ag==
RW/bxkmLwvG5Ak1o9q0HAA==
o17WjdjH5iQ=
lKwGne7gfTs=
8hVZIaPU3cENt5vOOStsCg==
pCxPz79pfmKOanPoZu6QwA==
OgZzxcvPn7syAfXuiKyEHA==
9dHsHzDXub4=
aAZfHx6ux+U=
OKAjT0q7AJU=
FW73GB3FqR4=
vSB0SqHa1Xo=
rYOX2YCS+6vGxs6+EgtxOw==
7ci42Eed14w=
I+HXls42DVs=
pPw8jE8mGPU=
hRB90Q3FrPL7muqmw2LjFw==
lzqZ2gAjilOqoBe8Pms1GA==
mWu283ljmGs=
jOUdfrtOYyk=
mcsxaCZHGvI=
MSY1dMZSBH4=
Va4TmdZv0Bw=
QjBoCM9Ih6U=
8G1cVniBIlg=
EgwKsPE/VJQ=
xjORvGAFsE8pI4VeOFAkoA==
rCF6EvvUXUk+Vgmbad+eqw==
ZbzOy8gTjnk=
hxflwxraNwg=
kAWyHORbI0o=
4VyTUYSgZAk=
Q5XgDR16g+k=
CZ1Pe8HzsiM=
nba62/FMHX8=
Ei5Wx8ojjvY=
AUOBucxcS4LOXJC7+Fz/Iw==
miVX0lZuyM4=
iYKXSMjJoTO0psi7DmF6Jw==
WHyh441dO2C/HVGeq14w7A==
/8BK2ow7TZPkzO5L3oIlBw==
1DpUdPuWfYE=
sd+MtgqyKTnL7KAneo3aLg==
IkXsJbz3vCU=
lsZzxHPYai0=
9mOjOTQD/ftr9C1JbejvEg==
SNMh4gD/Ebl2wntL4zPtcQ==
q1VOW7rFD4Q=
wxGCynjY4Sw=
yBF50xUF2vQ=
Lv5CVrLLhb6SasAEAM7B2w==
zvxyocrsPm7vEPybU0hZdg==
HsmIwk+2VgV+zjQPRaJBkQ==
h/eB4+lj1Vny06Wk6cMIxA==
mAenRsut5LEZj+xfls7KhQ==
9GAdT8HDmRs=
OyaWM/5QsEDpMOByR+BMIA==
0dO4RppGEqgU83go+X4jMQ==
RipIxsZ2nNdLEYeKd/fGEQ==
n1ZOQAmGyR8=
93LjCTirkS4=
L/VW8Sx/Uc8=
u5N6FPj8uhE=
6wBtBXWsBuI=
ntyxH17bQdU=
bzw/xT0+AM4=
V/jUt1ePluA=
zLJd0aD5q6Q=
a+9x86xA/qc=
fkkXixOhmkBNLZk3rC7ajw==
Bqw7QRhnqAc=
nzmceVyMAOwyWLeW6bIw2A==
1qkCgY7+4EA=
KVlO0STTxTI=
uaxf5X1r7s4=
gNzMES/EcHs=
WsWEtCO9aFnaXv43R4irZQ==
peJTHPKuhjA=
E9OCKm18Z9k=
W0QEhIE0HBQ=
2PffOKjGlhY=
G52FooiR5xSewtTz1YDHTw==
gfqv2rrVvmcFjBdjxT+87A==
N++e7Nsn5QUOpjvgM1nlrg==
GCVxF4dZB2o/tbKFN3xKIA==
WuMYwAFM0kU=
HiJ09Jj/uIFKrVYv64iyOw==
HiJ09Jj/uIFcjacjHQ+92g==
etBPbYfeVNo=
yB1q+0W1QCU=
ItZaDdR2OjA=
gFvRlAQsgo8=
vBlmn6s9jbc=
275MNUy05WuHGhkvQewChQ==
275MNUy05WuHWjrRj35G8A==
UxcsqF46xks=
LHJxvXF8C0U=
jEiERjiSRSs=
dhkiqadgciE=
YvqDmoQLNtBTGEEHUxoxDw==
reXGYUIkE9A=
07/U4mv2Jn9QA0TJqSq7VA==
CT9EI1FYriNV6R2zjcoD3A==
5uxjVSruGLY=
mGTr4ptOSEA=
bZzRtzzFyyc=
9jK0OhPfKn6w0BicmxGTeQ==
mIYgIAN7ppph46T5fqZFFw==
mIYgIAN7ppor5YKvjyRCrg==
SYLobCZXu4I=
sYggO9z5aj6vE0HCGKSzRQ==
4/XQ4FiMDko=
RslXMOKfmrZGoSp9D3HhMg==
7pu+IUnBg5s=
9E1gQ7guU6k=
7HjACvKgrH00mwmOEF1zUA==
fHa4G2a8/2c=
xInBwXsvQ9g=
qKJnYsGqItc=
NDENx1DKiq4=
xEhG2PQO6TwUEC9H55B/qw==
g3A0i0VgYII=
/NDgxjmUVV8=
w3nAfUaz6Rg=
NtywoOTQBNg=
f642tHX+gsA=
0X21oXcJnkE=
uZzJe370ENY=
J7IjRo1Fhoo=
Ws39vVSM/Sg=
GvqaSaN7XME=
VVNhVHlZco0=
x2r6quIsDY0=
YZavjHnyAVY=
UUBWYGqzD9zEEB83qeYtCg==
d0smvq4tTo8=
GPfxBEFMypw=
FJ1RX1+ZyW8=
gu0310y536OM1wqdweA2xw==
wtx2PcoltM0=
FIGES7B4RaA=
pCS5+RfSR33kig64K2OgBg==
NeFqNoYZMnA=
++eoig2/l5g=
vs84G+/QGy0=
EfkL0MxupQQ=
FgszsSy3W/4=
jnfya7eGmAAALIuId3C9zw==
jnfya7eGmABbvCtLR2eceA==
eY6e2XbUGgE=
s0emuFQPUAU=
xR7EPmU0hMw=
nzKNUK1iZdw=
szAwLZqBQDk=
96NlbAtgmoE=
wR98Raslhz47yD5u80dNvg==
8qHZMifikgc=
0AowwaH9SO0=
P2y21um3K8wrlrczjon5WQ==
ovJ74H3Y00+rlMzrD9VzgA==
1W1z1KqbJ/s=
tnRY7cnPksg=
XahCgTm7FyQ=
DBlQAIFBCwg=
bBx+bRu+H5g=
68+9Y5Etr9Q=
hlcGenTrCjM=
uHnGcojvlrrdPdV1+BzZIQ==
M9ool/8en5s=
xfvVoIueKVE=
SntFMCwYIIw=
yKNuQ+vyjsc=
7EzvEn4qlrpLX9CzR+XnBA==
nPSDf0QIMjQ=
wmLyp7hM7HE=
8JuwZqtyyPM=
xwroRnH3APQ=
ODTF13496HGkhfgXQB+WGQ==
tVQyZYVaNE4=
vC7QNrggiOYTtOsJ/3ga8w==
//nGCt5zI50=
Hp6xG/2jbUc=
S0vmg3NaU8b1RLBblyPasQ==
O9dd11qnZ6Q=
ZTTgkyBhLs7Ev4MA7ygNzw==
JgL/qPGrQlVvxxgil8bjUQ==
JgL/qPGrQlWFCBglZ8Op0n962bEjbSU+
pr7NXO+f1FnMlKWzwZKBEw==
eAn0btP5+BwtkF/uu6Za6g==
DmqiuUAoAxiGYGg+A3CZ5Q==
gC24ZRyy8to=
yvqOb3drghM=
Z6fTXAQoF+TmK7dk4Iltag==
RIlMlM7UMRjq6CDc+lOSfg==
1H2beZP2/cw=
H8+saOyP6sU=
QzWzTh0zXn4=
7UiVJg/JrRI=
WIz4Yh/8jZM=
R+3dhOEdIo4ZfHdGXAdTJQ==
4PBP4qH/kpsOdOHrsT4tiA==
ik/Aj6b8Y7S+jsVYMYsj2Q==
Uk1BxyzF2bI=
W0pp9YFOgPU=
l5Dd2UqFo/A=
4SHrR5yJv5VREVhMNVzgxg==
SLlGRUNjJjA=
Z1Fy7m20KmQ=
hCGR5mK7HbE=
q/EImVKqgqY=
0RpOubfy0aw=
4gL69J2i6ALPXM/bhx/sog==
KLxunBz+PZQ=
Kn8xmvrHMMw=
rNnkZNi10+I=
a8cKWx0tZ1w=
NdGiAIgaY40gBx3L3Pz9Cw==
Lnb3xr3BlQw=
ynOt6EtA5M0=
7H0kxNJJHzk=
NUTWoh1gOHE=
EboL7J8hs/E=
ioL6//TRops=
aiWYsG+qQTU=
KA+ci527Nyo=
kkhDqCUXMT0=
8uef/XysrFI=
LlOh1Bfl2ws=
xIJKpS3ljcs=
0xk0bo3KECE=
HsVJKVhn22Q=
L8omUH3ct0A=
c7JBHzrpFbQ=
0TisDnGOqww=
C/bOLBkxWFFNaF1wnYw9xw==
nwup4MgZ7ls=
SpZTvjQemF8=
Q9r3liGq6Fs=
G6yOXmyXEeMyjnHbtHD3fQ==
rbJo5nqJCws=
dZbE6B/Owrc=
mBY/NcSzMbM=
E6hl33nbfAc=
Kopgs+tH1xg=
M4/iF6xOQVQ=
Dg8dc1WYWes=
w3oxivkI7wk=
vKW+3cRIhIc=
mJWorg2uRrY=
EMKm5j79I8U=
DNZRJEIB69g=
U16QozqSJGY=
kSEVnsbm1IU=
a0glizXR2OQ=
Qn55tiIAHSA=
FBkJD+rSXvM=
OTf/e0HzBsEqq1oceaNViw==
Wl5BWHPZepY=
x6UhiygPQ0gh/54UIXtX+w==
SSpOMtud6jXIk1Va9jDjxA==
mS6GdP8TrS1gtoMNBi4NLw==
ojmFOhrQXPk=
dGPcndD/5LE=
SWHjgfWQFZE=
1MiCed6xPDP7co5PmFskHw==
nI9Vc+x1YGM=
ZNG0TVa2U6nPwuH5QoganQ==
rYn/FQG6XOYV4Ja8FvLn3w==
IQKexZ+KVE4R1dbRzEc9cg==
YehojwefPK0=
T7t98JS1w8Fl5mIVOYdohQ==
0CLGR0rDlZeIjIbOWXYnrg==
fv83vY48ALw=
alLdV6RpSJFpL9dG15hq0Q==
QweHyBQ8qN2vsEk5Jw/ShA==
2Z0NxqPmaakbzofIQ1lR7A==
zeHTnqE62NhjFFACHXNuEw==
zeHTnqE62Niwv8NPOhz6DA==
zeHTnqE62NgLvTwJDkk1vA==
27XWwt9V8qLpOPzPmZY9UQ==
DSH/+2btowahoeHGa1ivTA==
CQ9XKB3n0aFpstAxJros9A==
JlYPK+/CS3o8Us46MKCtIw==
MQ7UMTFtpF8=
gS6HM9xChNc=
2if2+h20bxI=
+kesBNzfkI0=
3p/6cx6a1IM=
GHDc5KEacy8=
LKUBAiNy7/o=
64EoIciG7bc=
0zPwd8lJqVfVdCqTI3qdsA==
5U7qOnY025Q=
WAPc/zyUqOU=
YJFnZQjrbFU51PxUtZqcRQ==
EwKz4vR52TA=
O6VwC2CgwEo=
fwffvyQGZVk=
13Edt8x20do=
5KDjxVC3ZFA=
BDiT47KrqNI=
WFlMXjb1QLg=
1QLzMBuorbI=
oX8TQjNpRCI=
2B+UeDRuSBc=
mt4evpFFNo4=
1bIxwFq+KzBy0Xiv4+nesw==
Y21sXkDFefE=
ya9MpNw+M+M=
MYVQKISEb5U=
n6FL/vN+qN6itTMuaJiV4g==
bDcoC0wjAs8=
++uKyI7c+gM=
gIPCv4Iywjw=
Kkf7kbzsvsQ=
6vb/fLz0H60S1ps9N2a4dw==
ZUNE4vMImCE=
rRstbcZ8+1M=
LxNArhjGXyg=
/skiStbeUcnxDwYK7lt3ag==
KzuApWbl0jx1dN+1WAMRrQ==
aBnOddPeRjk=
3gmYgwLlF8I=
uOh1vtWkZt4=
IBJjAQUinik=
aB3YratUQho=
/aStGa24U80=
zQ3LgwmeKbQ=
aM/OHVIJDRA=
GJ4wQcSYOUD3ZzCI0qm7dg==
Vk1PsdiMFVo=
+ChWxvjfbPo=
IECSQW1On/M=
8xPbzO5WREk=
gdrjrs0cJO8lfzc56jkKMQ==
jIidNrtTEiy+ic99JLnGkQ==
ylnx7F8TK/k=
UT3H31ydcJ7p2TxRrSTh+w==
3ga9GwDeBYZrQb5gO9hovA==
8knlge+W0AY=
SOB7lzZ0mBo=
87AnCaSkqnV8EiBB0WtuAA==
ZPMwlHMVG6M=
Bee5/eszBls=
X1F7E2ZW1lc=
i1Gu4npHGkg=
kcUKSSDOEIo=
jeNenr7xREkj4hqUrcHJuA==
tM91e6WeLb5IJoTD81l/SA==
UhJWarDlOEg=
4ox2vhNq/cZErMQIA0+gOQ==
JPAmSJNalKs=
q6D5wYfrFfJwKGpnRtYoBw==
q6Udb6FnWRo=
VFBitfSORxE5V73dySb8tg==
xGGtOMfO4Z/nznZWtzxyTQ==
vLvEXMcyfso=
NoILt7xTIAu270bW3UZ0Vg==
2Da/y5dspNM=
xQtMZFPsWmE=
gFTtDMBiCWU=
VQ5fxWcuido=
qNmC8ufUtZg=
ED/xXwf3jC8=
hzRtxlFO/xQ=
pbA6/TbDAKg=
ghc0Okdz7VI=
p6gvuQWWlXM=
XYA3sw6wM7M=
zPecKcQPqEs=
ubKqTpP8p1M=
u/jOGQFWezI=
r8IRSGWMDTY=
9T9roiBaTJk=
gmRdhLryY4s=
T9jHIDCCgGM=
jmYDhHCv+Os=
XijYNwYaZIg=
R8i172r7540=
65KY24O6Ol0=
Mj+WXBxgiXwUs2yCiHRVhg==
sn3zbpV5BlQ=
6Yg9/DuXdjk=
iUJCsecuSBI=
ewseW/rICys2PYoyEE6fZA==
7yBMwtDuKVM=
uPfFX0caXMQ=
tHZ+hsUhC3s=
qzP9nzwol3c=
NAFTpCwr8Lg=
qlTiTcF1NGwp3c2PYhzYJw==
oqEggpChAH4=
RdveXlvdQFg=
jvaRh6XxPY4=
DJxKIM+T+QE=
Es19MeGVEZbJrvn2ak/OJg==
7bqiqqudHbVDk9jz3XDH5w==
ddEqBdKKrUl9T/YfkYKONA==
U5/TsUc7nnSaFn7wC7GmBQ==
nqq+65OmlUM=
j2JXbvvuR4cbSMcE2ae2Qg==
r5ZyCTYgh1A=
MVsinmWOcGI=
pZsKgTKhS+I3Y7W+xe6v9g==
xRkzQ5A9QO4=
eF6sv9fQkfY=
xeF0U1t1D1c=
xElXoNmcWu0=
wQbBKK2yMk4=
7St0vnk1wb4=
OGCkmuec+nk=
ZzZOwM1ydLMMJQZxNLkNYA==
BIg8oZYKksM=
9+KFpnBE06w=
Gh+Wavi9ipw=
zIWlp1/+YKQ=
TKhxgzWSx1Y=
eGAM5ODiJmo=
oMPh9d5bntg=
V++RMsoDViB8lcOx/7XGHQ==
tQaWIbgsCzg=
LrLNHyffdqA=
4XqiVXOS398=
iNdh0n8pYTk=
opGQuyMsPbo=
6bLNXxER5zA=
GV1F4jXwaQw=
c3/bL2/W174=
R1yEkznyeYw=
Opa7b0jgtKA=
wzF4zPUVrlkspGaxWT2DSg==
WwrIPdDIRPomFiD3mmn5tg==
WwrIPdDIRPoxGCZCbgZx6rE96+WTb7ww
W1cdkrNYD1U=
+O+vgVHqxMA=
v5Pgg69MzT8=
m/tfl4zOBtU=
IiCTbiOinjI+a+JsTlsd3g==
D3T3kqxwBZU=
7yAPSqhTvho=
MUHjRHKxikA=
nQxFT9KiZfg=
qIz4P39WAeU=
TjpsrknbB2I=
vQgbvhODtqU=
jA/Xf48qbn4=
oxxwULEIPiY=
gJyLFaBfv0gtVCeuh+fEBw==
LE3PR7HCqaQ=
xcAQPqp2GDk=
AUqap0cNClGA1tmejB4inA==
JrGG7sf81mU=
/gcy+McjME9WCcZmvLc9qQ==
/gcy+McjME9cME49gBEi8g==
OPt0IyuJY2lqBPrv+dln2Q==
gWHIMfQ7ECyp531xKY/Udg==
4ru+eAzMcQ4=
RyQmwSbrgFc=
7yRC0JB4Lfk=
KvzUi3YK6Ms=
FLjweHLJpC5twjUs6oi/Ag==
nBAJ1Z89P/e3nmA5mHiJIg==
oUdgkIwTjes=
Ho1ouLaxxy8=
AF8L+ynMtD8=
WKDqDCChcWQ=
FNVou3NYFherw6YFLvVa+w==
g+m09xbmnSnpa+eC5VGWug==
gGZbiPidzK4=
ZpvJQrGG6p0=
NJefWry+ZI35nmG3/qnrpw==
kGzPfpgtisc=
8eewgOjbXHM=
pq3AewYh5UJGDq4b62T27w==
b09JOK3+254=
vYV2Su+X3OY=
A5PgZbWnmQ6ipEjrDN+gsQ==
YBGiQ5X/auqV+mNxGqjd7A==
q4/l8KMS4Lk=
Hz0Pei6EOGIhSGKQ6zQPWQ==
dKNsTIHlxN8=
xW6m843ndic=
LwmllOKzTpw=
m/8G6TOIhJc=
HT95ZxPcEA4=
+4YxlvGm69g=
xCTX5BM1rIM=
7UxSrHIVeMY=
V0RdGfuDOMo=
l9cumC5mUPQ=
yfcWtUZ/y4I=
0G9HuoWA40M=
ny2FphrRTXU+w3Y1o7z76w==
NCDVjqPtCTs=
zAF8A5iXXYE=
4WAN/V1gN7M=
UuNZaY4Bbcw=
dyQ68h8vRUw=
lWleTX8Xc58=
lZ/FgK6nrPNcPytTDKhgFw==
T1pENnbV3+w=
LNJT0hG6rrvo2ZBi3mKOcw==
LNJT0hG6rrsdyYEQE3Ng2A==
gVUWruVKCK9cJhJwS1hwGQ==
ccqp58rxzo8=
v7ffKHZF/ybZ9EYPM7g+Wg==
WwFdFiDcOB4=
2XM2beYlTk2N59qs+A3cvQ==
mFYLoeSvWKDRBeVbNhDBLA==
6b07SI/hRmao41IETXiBAg==
Kwu6gdsf5so=
uI74y4Sg0Rqxn3QmvZLlww==
RJqisX02JCE=
lokFQi6dETaROhICfxCq/Q==
sWi2c0LXJ+ssw3dmXXeQIQ==
8M0cIsgoUmY=
2af3pCZUnxY=
9JooNT6oepIfIDGm/hNrsg==
+WtNgRCCCzBNhN2MsL6ZaQ==
SxkSeczbJSM=
pmKWZJJeJO0=
qiuWmdCLEtVj4cz/5wzOpQ==
03uM64ivZXA=
M1PmOE+tEkNu6G+NYCmzrg==
x8fOk++Qf8U=
Y6KX4vIa32M=
oqR3J0EfHG4=
Pn1sTxryTJ9KpIg+Ld6xmg==
MWr07GtXvLKX6VYUMDAEhA==
VKi4bT3Ufiw=
wjXTAhoPVfXrTiKJGQ7fIw==
nBifrNyMK3k=
mq64EVZzlFA=
fSvSWInr5BSbezkRBz/aEg==
Sd0SHRwDO3w=
Bw1aohqe//8=
q1JrjLT7rM8=
AVlEVYbE3C8=
NHAECvZQZFo=
c0QKhv5WLbDNTOGC3pSOug==
0hUICx4j8Ds=
CqpANZ29Q7w=
9upF/OIq/tY=
Q3Gow1K97Mc=
MMvanEj7U4w=
6BdImYHKuYE=
vvIyA4PBsRY=
9rAHSd/ENFY=
qoK9Zkn6aQc=
b6LVZ6XdegzorNlksNnUoQ==
9xQusiqhHv8=
ZicJqpr2LG1rRiGvo/fO2w==
ZicJqpr2LG2aHXHPvKu6+w==
+PXFjae6AJK/f4Tympkykw==
C2fddTVs5fReX/cJcP2Z5A==
tXZww/Dmovk=
iXI6HY0wTYo=
Ynz80gTm0Uv71mSJp9rDng==
Kpf7iwEIV+o=
Eabk9cNz5ww=
iEjIdHl612E=
qmwuDTJ2DDs=
0DHws/4Pvf0G+UxoRcSZZA==
rR1CJoQXZOw=
btSEigHrnrE=
sae7Qlgz7MpsOuiCjQ1XFw==
bsAk81sj6mk=
NzmmT1u6nzU=
O0aT02Pb0P8=
UutR/PBckUQ=
Vp24GugWFeQ=
xwY2ZRNyxWI=
GJy/s8bvrO8=
x2Ftpt/P4F9H91y3MX8OPw==
TydlwUBbppxRdZLRb2jGGA==
a79zrSdUsg8c85sXGMgV2A==
Lyo4MJc6QbQ=
7Ihh+6DEHBHRJc4rzr9tHA==
1sD/9K2ZyKQ=
COt9cHKwhVI=
H30iKMx75NMCIE28gMNVKg==
uKit3ETFeSrUGs66fvOOAA==
YUzL6v+/MtU=
r7KfllO/Xf8=
Xn6LNar6WLLLyjJlJc6GLw==
E+kesI4A5Eg=
IPIFOf/M7N3x24crzlsApw==
BFnIHqpmU34=
n5EwOhiyN38=
UmZDWNVx2ASIngHLEmIfPg==
YrRGUlxDB+8=
fLgdLem4c34=
FyZ2Wws3Gbjr9xCx/7WbvQ==
9jffUESUQOE=
cca55xqUPWw=
XhuKur8n65c=
mlXcjQJs8oJxsYLMbEeVhg==
SHIo8tubIw8=
Wqc7MJIxOSA=
y/W+cpD8cJeUbuTJFlRdBg==
3nhn2KWeJUw=
L2SZzqvCpRM=
waAx+chhqYw=
ZZCQvL/VJOU=
6vf46SzoStA=
Kk9oCFSbPHc=
EN3zsOa+OmI=
TJ0bXHvz++GGJwAxkXzr4A==
VcTzqiHjXRg=
JzWetrTHJSM=
3ND54sHq/bI=
wf3b5+eN5kY=
w3p4aBAIxmM=
I+BfJnBn0E0=
pRQTwiGxlx0=
m3y26RUDn2Y=
1xbn3cU4Ygk=
l2zcYRsqs0Q=
zbBHKh5PrD8=
nL14aZoKwxJunelqmE00qA==
hzcSCBiiYWwaBIT29W1KBg==
bGBYJkzIVjE=
DYyo3BkD+pE=
gB5T3AgWOb0=
wqxHHK9vOpc=
YJs5sxgjojg=
GclEOtwJ6U8=
Us8fPAQ7eBE=
SbeSsXgAuuw=
fPf34htIp2Q=
2l4slf27r4A=
TPTFCtbMM0yg0XY0lKJH+A==
xO047QCG6NaGS/3gy1uFuA==
x+1qnYX8r0A=
KVuvfSNGJeg=
4U7TxUc25aU=
AmD4bpjllFg=
MEjW6rQ0M+E=
R4l008xhZrU=
fyp2UOr/ff4=
POtdJj1II9A=
dNVbwMkzeDE=
20PMq+pEZX8=
Cf8i4f7+ieo=
g3b4fD7+XIU=
HuKoe9sIMaU=
KrBPy1WCcGWd8GB3Ueo1QA==
Ilk9xjBGNOo=
xXu22/edI0k=
5PAJWSizdwg=
OXp+M6zl29s=
uyer8F5Lq5w=
7C13RYzofSI=
7JJeoLl+MQQ=
lmJXGbMepTs=
m1eogixvj/g=
yzsfzNK0/24=
iX+g+EseFW4=
Hyfofjca3uI=
qjAiCZW1Bp4=
4XILLNe+yo8=
o6AHMalHEvk=
JGgOxr2jbI0=
0FCy8xOuMrY=
UW7u0MzN+/c=
hczYDJ4xw3I=
Q6Eg2/E8ZZw=
Z5y68acnRTo=
juWtZMYAn3Q=
RhcK3DR3WTWiwH0ToBur4A==
PQ/Eaaf2ntM=
OvkiDeFilgE=
cw1ACUun6Ti4Q0hKyqWYMg==
MhQdd800rDk=
UJR1nXmNe7q/jvNskACu/g==
V4Br8ZOoUtY=
P+EzqiMOq6k=
nKo+qBJ5W2s=
5wdgU+EL78E=
/n0cxSQn374dL4Y7pD92gw==
4gll9Sf/rVY=
tVDqcPzHU9Q=
gfNyQiQ+9Dc=
DmIN3bZLx4s=
GzdAB/+qvKI=
28GdZLbhmz4=
mB/+Srtj4JODuGjplGDDqA==
/GxClNTRCNc=
VXWqMPswn4blF5PJlOuWTQ==
zRPgjYmyEjA=
CzcibKaX4Bo=
8kM/g94zR82j1lmWrnNcGA==
2ghcEuAbaF0=
cSbZrANmCr0=
cSbZrANmCr0=
Nyq1ssVEQs0=
XrhXxxuRLAJgL622j+sc5A==
HrVMyral0cySBwHrQ8Ddyw==
6as2E8M4yrw=
gSnCtGaIM3Y=
qm70QvmduJg=
kxDmINvcO+4=
TqhGPNgSmgs=
lmZL9x5kQGk=
EdRE4CzEY4U=
BqPt4s0jgeI=
KWKs1iEtpDg=
vqgUyuPDzcE=
fdoGYYjVL6g=
S17Tlpe8oG0=
UB+10DAO33U=
oVMOYJdH5eLRfTNisB1grw==
D1lpxyuOfAw=
5ia54vdi9Xh7HCCoMI4TSg==
YJd1eKU6Rqg=
WiUBLDNTa1I=
TZzl6i2jP8s=
Jd1lyppuw08=
0trjtJQtCo8=
QLDe2cn1+Fw=
kBHc63w0YBo=
BcTTNtbBhac=
OKxSJTb7VSI=
/BIsNlDosTo=
V3Ld59bA8sI=
3/grBSDhiO0=
UGhpKJ2V2Uo=
PyhuQBs1IBA=
+5AhNaicHZo=
lmQpVNy98uo=
cqRNtYm52Z0=
rA+s5RpTKFM=
f5CoY/bPw5E=
vyfpBEqVJD8=
b23XF6gZ1Qs=
lfHbeywTGMA=
HI7g5uYQV0w=
6+4/UGTK8nv/xFn5AsAwyw==
7U+9WKqL1Mw=
TaQ1feFsVdY=
tuh45FmQp7o=
uvMVJytq5r4=
zjy+i07SC+k=
zjy+i07SC+k=
mGC1mkKhN+Q=
P33z4+s0wgc=
hvekluOGbAQ=
X0XMFmbVGMw=
ChcoOrNG1Iw=
SYEzQv5p+78=
X9Tq4nnPf7s=
QVgoOtPJo0A=
dJ08I+kgiWQ=
+ir1BYIbEI8=
JUvFJwDkw2PEudFwpqIJIQ==
adXe+A5p6Is=
KIgj7fD+bYrou/0TGizomQ==
IZTgob6rT3zWdhYa+28yAQ==
lDMi1YkARos=
sseVGzClYSA=
Rro3dx+oOQg=
DaGoJmNIdf4=
mMbYZVXdwdU=
LS8MBidi1cI=
jsOI/cqikR4=
twVr4AfyKEY=
W4OjaHKuBaI=
Qj48TlKzLUw=
lGzg9YlfihLeGb+VYl8MJA==
mpvnjExloqqFmGdIbZu4nQ==
otvP7AyNLbo=
oupn5Ug4fxo=
LtavfgNAuA62Na6hq6jUpQ==
pJ/7+bt/oSo=
CeGodx/EB7I=
K5a3uaTp+00e37fHL/1JDQ==
E66wJpCEskawjfztamNW2g==
3jESmkFdnnU=
sJuH0LapojY=
ixAAD0BKnow=
8z1D5gbOPX8=
V51+n0W+fwA=
007iSfqI2/8=
DueHkYBfmQjNybtpk7Paww==
sPaO+/5fNltz+dk4YVjjNw==
/RMbhypvZ64=
I5OrHCIuFR4=
zzSldnGdjPE=
zX61nE/2sEM=
k2U96o0CsahUKlm1wn3tXw==
xOo66f8TDBk=
yKa3FOlteNw=
4+6fv3Rn+D8=
JKUsyC49iJU=
xEQkeLaExgw=
vDGO6Ve9+kA=
sB+KWJf4hBc=
CmUcEBKMNCM=
pOLeax9c1dATXjIJ2ein7A==
IXp3jxaRPPk=
IKkTTL/TdOI1mvYbp+xGCw==
9fxdnHwB5eTJHoBlaJbj6Q==
zkv/pehZOy75DHrCGNEx1A==
+IXxq0qVZ2E=
9zdvxok7et0=
3sEK6Dq8TiOLby+ZFCQmyA==
3sEK6Dq8TiOkPiV+D+MgNQ==
KW+DNLs56Si5P8emsJsQsQ==
8QUk0D75E2Eo6iLbHTWt1g==
wWJtqbz0qIoE0ASj5eYWPw==
Z5ZUogCJ1B1KkIkmqfyjlA==
mMMlFvvHUwo=
VoBhrjtYNtw=
mIam8T2PK5ZqxLQ2h8EXmQ==
OrM1DVNcGFXuHM1nAY9T2A==
KHZ+ZZOpz+s=
kFCUcPZAq0rzP0DWA3hsUg==
6ut/cDt4yMA=
pc1t/it/rWA=
RRebY0d9P+c=
6fc0EDFBK0E=
YyoQy9FvoZw=
vAUZ2isZdOc=
WjR6NsxxQSw=
XqkbzYN9NBM=
3ZyfLg8Ab18=
rTYs7XdQM8a2VbmSA8OL+w==
bUZBZdOekDk=
gZWlRAQTgjg=
MLzEwhCqyfI=
Mj5w3wuW8C8=
DV1WFyh1Hgs=
cdgS4Zt7ZZ4tWBWxw4B3Vw==
zHbTDdLSk+Q=
nQiK8h6Vko0=
1p+shx91bN8=
joZ9/p0Hbec=
zWhFZDYLx1soarDmyEe/UA==
tvwZUcWA9WE=
O42V7EjjRYA=
mTjr+L3cA20=
mUdWksuycHI=
4Ckbk35iDmxIJ2xq+Xx55w==
tj6Mo7ia+lAjPZfe1EpuGg==
E+JcxLtZwZNkt+Qm98o3Ig==
pcUdqJOGnhU4iFNq9U1o6Q==
rUr1PNoSdEeWStkJ/tyAkg==
0cj/Mfhl6EU=
M8cxN3hzXWCzXxRMeKxpDw==
sm/xctSe0OKFfoX7M9zbVw==
s9M1wGbcy+8=
a0Mq17b7YWo=
YdHGTYBsrKE=
AX01WhL8ejE=
LpED2mKaDjA=
lbPUEDyp4Rs=
2lc65dzhQV4F1OxNVVvDUQ==
gKa9KZiIqGY=
dp8tBytfuLzlZJpBvC7gog==
DG84f4DsiOw=
gy3ta94UmyFcJqyycAg8cg==
n1RwMLC4ZpnhnCgKidlXTg==
C92skJUirKA=
CC5W15OYJWU=
Af1WepdgnL5EHtNELPtQHQ==
yetou0wV0fw=
GB5GCtXW3pHH7yQSbKuGPQ==
uzA8P3hjMEia7dQUjeFn8X8LI+PNvkemtp7x6zwm29M=
/OqnrFYtwGtnaqwHA5kIcQ==
zyUnqy7hvsE=
ED4YFDxF8ac7vTZeDtNQjQ==
PztlZiz9E1E=
J/ZTY+ayB/k=
mPYO+bsl+OPthpJ965UfDQ==
bixexrZpGSzps1VIrGLwmg==
Cuqpea7yoEJAr50l9S4Q+A==
gLXiC3eMeEA=
2OUel0s/uWpe7a631n6fFQ==
rvdOZg8i0h6kcqvI76NejQ==
mKtIlekVPtM=
h3tHP4E4AVE=
NUVTKuzrShc=
gxgIm7q8A3Wi1dF+p2ZEGw==
BIWHTiWkggc=
SdPbiPYiEic8NXjYpmQBCg==
QdxH3rnCPyg=
V11pgfuWMCA=
o46eiGFrrzU=
/g66aPRZgrM=
Cxk5Mi7PqbQ=
sWZyc8+ajX0MH1YVWejBdQ==
kiBULfcI7Tl8N2uOLNSCYA==
pzmbxCMEqDg=
QGljvaU1R3M=
pRabypo3FCISBfrf9nC2FA==
/5Ec1jco1dQ=
6zufdz7TUDjfIw2TxZ/cyA==
O7BCGOV9xsQ=
IaWeypmxWd0=
4OJcr/SFg7W+nyiXOby1wA==
jjL2t13fpQg=
5El7R6ycsFq9M3BEXOqWTA==
y7eELmZsrKQ=
B792zpAh91I=
teKdMS0sQnMI5ZmCtoX1jA==
5a/GxaEYr8k=
vTEtNuYCmZv9NhCdXnyeGA==
SUgOTvx71dDFZzCPr2ICDA==
wcOul5QBA+Q=
rOkEUagm/WAmO2EspfGIYw==
JCL+aJmTEIwzaBunefi+jw==
H5basbJswapWVn0tpRLu6Q==
Fo4soJ/iqJM=
N/aCuBswcAQ=
g+ha1gFdNx0=
c4WJPiq8IAtF+Spcj9KyMQ==
CSUlND8bpAk=
uHjIM4Cjt7k=
hE7hgezzxu8=
FhDd4pBLbBA=
Rmy+5tzCV8w=
7V5jGA1y2dA=
Ojaa9b+ufg0=
BMqtLgpmCps=
hmLAphAiMhM=
Y/i9vfx21xw=
gCeMU1Hu3qY=
4zWLvf2HCe0=
2So34gcords=
TAVP5iN2GTo=
O0Zkh483XIjAzVVn5ZANjw==
Tlogzjly+ccfL6CxgQRojA==
7QOWJcL5fEnQLqxumjwIVQ==
MRLArIreedc=
dL+qAJ1Nhcg=
C3H24tFjmO5yC3M+58eQCA==
RNDT1RSoRxA=
12hA4KgO5wkOcjipbn4cxA==
ZEB7DpwS2dY=
6e6hVKc4pcY=
rrzmQZKV9cHZanj0KE7y5w==
NrPV8vgnCLh21akkmsbsdQ==
kVhuSH2e3WqQnz4mrzGjDA==
e0wnojKbiEUObFzHBgz8rw==
pSII3kMGeMw1zfVao7SsCw==
uo9sTe/rJmt3d0wVVl/9PQ==
uo9sTe/rJmtn+i6+betd9Q==
1TfvBYkz+YzqLmHMx/RNeg==
1TfvBYkz+YzOuUmDBXJIAw==
kThLTIB8IsMoxAQQ+89BEQ==
2O8ESwE8s0292w0/OI3A/Q==
rbFoFyNGVSNwA5W06R0iqA==
wE4XEECEUWQCFLol2JkOzA==
lmb7ZVeaDYYqgzyLevo8/Q==
P/4l8gpGrLf+1WFtSVaPbw==
RHGpgNZ1bmmP0/5Z+Wcvug==
0ItRTjajwQU=
kJfc67SeQqY=
VlOL+b7gQo0yY+tgXojuIA==
IKpjqarRZzQ=
RrMEnu0lDmB/PSQRLOy+pw==
4h3WaVGX2e4p01HUVhG5/A==
4h3WaVGX2e61HQU3Ia9IjA==
OI5cFvWE/4c=
hg2I8RlJwUJPBZoil2aCYA==
TL+7BWfhU2q+cD6PoWjAwQ==
sUpCPrMBkBk34UYWwjryUA==
YdvcMvK7tijP1S/whM/feQ==
XjqNP1x6uCg=
TG1RxDhsl4U=
2m9hXfSwnEKxfAeit/bzDw==
uBIFiqE1dBh7DDgvFRlCZg==
5rQIH4QzH/Q=
0qA0OZ0KAozuUByVWf6nXg==
FV4UT27Up+0=
9qkouoAwgXM=
j1O/D7nCnx8=
Lcc0QHzivVH3WUFmAlbkEQ==
RjoRc/GCZQc=
uaulXlEX0M8=
a3+sH5xEzMHXftCFdi0+MQ==
K5tCocyWTIA=
GhV+o5scxGw=
zXzt5/wq9tw=
8LJXPd2Fvo8=
B4IyF0XK5OI=
dQYuZ0vxKobT1NwCHPrpXQ==
WCGKGu9JgSvsjDH8EoUj0g==
Fj0ID4byDX4=
NYIGEsgWq9c=
rRXjSTwS9aUyAUf5+lLUKg==
totQOL8uNqQ=
tn/0KqWvRUg=
3AdE0iNMIhud3Qt88yCsBA==
XGy9sQAOt4I=
LYL+fpWDTsZCVTPdNU8k4A==
LNggpDr7jRI=
xxG/VYq9lRcXfrtIY98N0A==
44ChlUN69qg=
ydCDAoZn8LE=
8dQmymSFLjw=
GuNBc0R+ZUU=
H/hMPatzI2Z4VB+bJPGsfA==
M1UmHVDfDfI=
c3Nq5pCjSD8=
htvtJ9VRtfkF7C341UGw1w==
dWBzGYlYoIksTwYCpPBTTg==
cZiMYoJdj64=
fVQhAXXSwK0driCz5YC4+Q==
DkhzVmYRwoo=
jzVucLcFa2Bs32+eLl+mQQ==
ftGm9WUltnE=
wP5zu5SVRpo=
KfLOykzdZhQ8kllfpAxsHA==
gkYwLE3r7Z0=
VJcG58v96RQ=
4IfbezbN+14=
GYpTax8/Ss0=
ungBGEbaQnI=
lKTeOp+zXIA=
9k4SRkaqkac=
s6i+4dpmFBE=
7WoicdXuHDw=
XML3O+RA59c=
Nnoyb3nIahA=
FkTRtHXrk+k=
j5doAqhmGWo=
dmUZpJ3MC7c=
knOHL253zyE=
VNVJzobH3LfYfIgMauce6Q==
lipID07+Kve2zhPM8vtnmg==
4id+Em3YVLA=
sIMe9GnZJRk=
XKY+DLzEwmE=
hQRwbNQmlr4=
rK5uSH1bmSESdUKQBxVlmg==
ayGfQXF4NceYeGP4ZspNLg==
vJPVNSrCsOo=
tgAVD7ouxstc3CCGw8ERWA==
khDu0C23j/0=
irt7+fZmTGo=
vizJCaQ5Yto=
BsNdJqqDbTA=
8C3l1f7U6xw=
KFK2e6nIDVE=
vPHeXoBmhJo=
VTi5TVcPLs8=
V9QwVKvwZgM=
QHyY5sg8O7OpgkkonD7muw==
bMHvgHaJnnI=
BntslLCKa1wPiZGTE7Yh8Q==
+TrXuOk7kWjuySEhtitF+Q==
bFlseYsX0AA=
Be4q3gP5/QpHoDnsyhYhnQ==
h1z15HiRI4n2oetrhqJ7Uw==
vu8NexCVfD7N4DX/kiARcg==
Ytwkb8Njo9A=
EMd3Hi/fa10=
cBa+iEaJCJI=
wOL3CWdxGYw=
9udZunrMpe0=
rAIfU91yVSs=
UwxbUu3ryAU=
lIVWY6a6vZU0juEIy0G9iA==
r8/ldML3N44=
8eNvl6Nhyozcfc2TuXCGew==
B8A8C5F37qI6wim+r/QucQ==
EfJR2YRHsiU=
SADkQ5onuCA=
vrA3vup92cI=
jbc22G7WXjs=
gZxdJqBfox4=
kbO0gBBKn24=
bygkCjdxMtg=
XGEnrHD5VOM=
peCj1drh67Q=
YyitlJEl5YU=
deMHldvqCB4=
L5N/+0a7dTo=
DDHEhngWl7A=
J4x44GtWBwQ=
PKOhxrkcu2w=
EwwkOEYKkDqP12lbgUVShg==
27gfjMOLXWg=
KbOvW+ay5J8=
tNV43+NIMCM=
M4XX/mpLA54=
z1lqNcOvUHI=
qIfEZ4Z4HMK3N1YbKLe7gg==
rXG68Tk2Qyo=
excNV+plYQ0=
lev0NRvrX5k=
sPj0HmCEeu5okRE2at3Mbw==
1xqzfJJqbN6Rk7t4AoUPeQ==
W3W8zvtpqjI=
UP+4/bCp+iw=
IisyhRIm/Y8=
Tp/JK2EfqYo=
Jw2WyswofAk=
0iDM6dx6MRs=
87djpSr91G0=
7hfr3NNKruU=
nMKDfNdF9/c=
TEh6Rj6fyU0=
vtfK5S0cfGQ=
IaiJTK2eB4I=
6zTG/rTGp+I=
R1tdjS482AU=
7nn7l1wYm9M=
sFPVRv7W2nA=
+d6fbUcdU/Q=
cAc+aYa0pnY=
x4/5aWuAfQY=
y6hA0kVQnP0yeU+nSrorDw==
M/73xcdZF/yMTHnDrIPE0g==
JFYfpj9BDUc=
UPHAteTC/5Y=
TsJqV40te2r97x3zqqFtaQ==
f3QGks8OKdE=
ihqhS4jzS0Q=
DVA3+4249bk=
6D/RyEkpChs=
KiST7EjHKow=
ygi9R0JyTT0=
sn8cNGR4zU/JJ0mJV8gFaw==
aZq6RZVuDBM=
+9ypMh/4Ccg=
VR27ZHABzuE=
lpeQvCmJqX8=
G6F3jxKnexnklAKc0xB3/w==
wGe0V2FCQSw=
1lhd4M09rXU=
KpzjqOp872k=
GNF5Q1SnYa8=
+yA7E9pdDUM=
CXpxANf9ias=
vVgFuIjcx8Q=
GZhekqiiIWE=
QqF8VdWqrPo=
gtYMpTOWPbI=
dco9fHmqlyZDUusvhwqHYA==
aSoNrWxytU8=
mvk2GCuBXbU=
4VGgdIkAsCo=
jYQeL5UYyRg=
6JhSiafEK0Y=
bxCLef2acgw=
jCe3C8KGSqI=
iHQwLLd9NNg=
qsRxJVaYM2Q=
2WKca4SALB9v6Xr7rGmePQ==
tcmxL98EIXI=
1pOtGUVobpahT/QgwDEv8A==
tuJg7f/nFic=
booz8ihXwB0=
NBh8XkWJB/c=
cD5C/9zqpvI=
8af/d+ihqVEq7/hLfDOfCw==
3OgZ9tcPqq0=
FIUlIDWKZAuLrpcmKsd1yA==
vn+DaB8b3ss=
k/E783pyisc=
J9HNdz9Z4vo=
QJZk+cLkcKE=
Ba4/ASZzNzg=
v3Cqk3lPjns=
mra8a7Xq2fc=
Yb4+uo+7aQb1qr5nSajhkg==
H3Q9g59IcDk=
q6t8y/kXckE=
E6WUYb/QdgA=
sdxWqy6H7zQ=
UCPkOEgWRW8=
JDz5pWMZfoM=
fvSmv0ifz/I=
P9ONX10PV9hBxjALr5d1Gw==
77WWnFddpsk=
FhF5F3Al1uc=
EepKZgBqUqigAMha1LpIGw==
r2T7IMAELuQ=
qRlQO3nfAnY=
/EMWzvx8poZIjv8Df8g35g==
zFNEdtWybDg=
iFs3L9ARgvZ/xBZ9eWTPyQ==
m9Xy+DTJYQQ=
EMoRJccSsE1wYuNTMYzKhw==
Luldkl9xAYzPIKxkBp3esQ==
rLB4hCsz8TFYkPYEmQMKaQ==
oSbyJbg6LJFfj3upg8Ztsg==
Zy46kGvDDHXg7jsuazs/Tw==
ZpDuZH+LJuA=
XsM6sXgyFYR6ZMfG/Uls1w==
9fB9IzBhOZM=
zTxkRzvVssc=
ZhYwc2Hb034=
QDSsih+y28w=
5O3RF2nhbiCzTlWKdtLypg==
qCfv0g1tF9o=
1QGURciA8uw=
dlJANecuKko=
acQPC2ANj7A=
jaA8cvYM1nU=
3o3eAJkbFa7Yo3bLAxvq1w==
bvuK0ub96Kc=
EQKxLlLBpFo=
e7n1UpGzlkk=
J1Ud+ROSRuccWXd3g+/5Aw==
2r1TouNORsg=
/lPksgnTheA=
NcDR2WzZLg4=
EdbOhsm5zBY=
+UJQtY3AgyIyO0kG4LMd+Q==
+UJQtY3AgyJAID6nxOJhxQ==
Iw9LMh7VvPU=
L7h41uP0ZO9o1L9tvalT2g==
uWBaNCCfpdM=
0oX+H1BnbN4=
kNi1dlmgD5U=
GezIofso8R0CEFO9gQN7Tg==
aMRf5hrBENs=
KKOvuZtuuPI=
KHLN7ofalnM=
2hQGMIM1Ff8=
jw0527tuM+Y=
q71fN0jEMXQ=
LxrvkD+9q78=
rQvkX0nwPvKiIh7kkeozNQ==
RSIV5wiMQzqopFIs8YvByw==
DfSXJA3/i1I=
bLMe7A2uoF8=
vSPedMiFbug=
1kMiWVQAHpY=
W/XUmGq787w=
EZRagD+/EAw=
YD8GGDM18zU=
bTr4JU7Ejuo=
YxNTr7TFk5FIddvm/aeXQw==
9u/ep2he9R/Tbh1OL/2ZGg==
bb3b/dIgGek=
31BBAyGN9LE=
OJxTjI8ARH4=
FJr5IHuvOEE=
XonVedD7+m0=
324NlDd+Oa4=
lxGHwZ0+8HEvWM20wMrR2g==
uxkwSa2D96k=
aPFD+cRkZnQ=
bgUcnkwJZck=
AHLzD2e+YseibGxgDmwufg==
Ye4IBcbmmM/9vv1CfS8wGA==
uhztw63If2Y=
hqdeAVdQXGk=
EckvZmEMmJzYwk6SyMOgVg==
NST8jqOqkZe16fDvtjgfpQ==
L5O/CuC+uYclO7Ce64Xgmw==
F8rrGePJ4IN+BfgBxoJ4HA==
HhPdvruBNtQ=
O9xSe6zmLjg=
Oc52DvQme+8=
fvA0se2LANo=
8c9XpvzrMfo=
Ch2pnuf0VfU=
GOKEGusvXg0=
xx9j5yn+0cY=
MchorADyZjQ=
evvHtJytWZA=
65mRRazmUy8=
tNrjqlpXM/g=
2ehA40zC8BU=
TCgXK1HA/4s=
U8lK8II+9PI=
hGIrakQgHvg=
WmBzdCjxHmbJLutX8VNnsA==
hMohMbzyx4k=
vG/ZxBhrDHs=
a8dSvYsFNPY=
IfAkt+CoBNc=
hwamNisjPro=
6jEPaF+G676omF0X9JMA3g==
ng2o3Bts/Oc=
2ashx9AkTUc=
SFoslGTUrQ4=
LFyY8nTC+Q4=
KgtpSSdWmU8=
z/0VoFanjmA=
uND6ZtfkWE0=
i4/FUyYY5Y0=
zvraiNz4XB4=
ueAG1aSgbdI=
TQn0NroRgGNuJM7zWSYq3A==
p1eJs9ZDbneIaJAI8z/kgw==
IMtY6HRzyCg7hv0EQOE73w==
ZvppMaDYBdU=
Rg4yIttuW9g=
10dgLzqSBpoML2+6C2kBhQ==
o72l93tTC0o=
cxb9gPrkJvQ=
fe8cPTZzMvg=
1nNOVu2RzatB1g1td6VedQ==
CeQGBwNXaiyebq2ri96myw==
7L2izPpDGfk=
O1NkwRi4pXM=
CTwVVpyglHc=
tYGP+BEAqb0=
vVMfwKzreWU=
uhIwbjMXB00=
W+JV8u3K1lg=
GcnTGsDeeOg=
qZ+FERQd+Bc=
84YlVo8s7gkYnMYM7xkRnA==
Tnc1bhl86KR3T+7yKdhOsw==
hWllB7h5NlMwokPtkKm8tA==
aOAEgqJcDm4=
ui6b+brlRk9V0iTHsid8bg==
llIq55yLuL4=
UPYtwfKWtho=
8dG3AOpoB+CibkdHptzBNQ==
WxeaJeF+LCw=
P45GvEO0yTNoeco2EAgJCQ==
br3CFZtXaAE=
e+mCINynJ2s=
OOcp6l2Sypo=
fy3r+IbVB3Y=
bH5A/L/ImNVJsIJDiZjdUQ==
aK3eQCKsLcw=
yeviN+fIOHaaMIAXjshAKA==
+pATVT9vJkUWbNeER4Rhmg==
lX/Rnip8veE=
E1uXcw2rP3TFur4SJN1Xog==
DDKtuOyn/Ow=
KOGl5/uEYP3zNPSBgpWwYg==
YGYlAgrGges=
aLkhGoE281rfBltfYOxI2Q==
fJbWmMOedfIgPi44BTkrUw==
9p4XMF6nkHyJdl8IjyhNeA==
Xzj4UD7hEV88K+Y/kmftmQ==
2F41F4Dzn3WcYeVyJ+2bbg==
Bz+OWc2qh5I3M4NBWe2b0A==
Bz+OWc2qh5KXvG0hZXBqzw==
tsRFEAjoz4fG1M1BzeID/A==
kkPp9AzADTE=
BddMIHQdXQo=
lK87a0q8lpY=
WFtVE4/gR6A=
tonU1dJSJa0ttS+AbkbFTA==
tonU1dJSJa0TZjgVLVc5og==
NySPRAFNbHo=
z9YMLy9DYgkIubf3fu6Bug==
DB9y61i45hUNJ5QsyHvcVQ==
qUsTIrIl26k=
a+DLgqdrHVJmNnU3wDm+Pg==
5DwzE3mJ3myuGBAfwtSs2A==
aZqVpC7edtodvvCR8wmfRA==
GTnbVt2dVI0=
L9bvtuK/DzaPBjK4cbXtQA==
L9bvtuK/DzbcUYsS8yLM9g==
NjJ8oKefODM=
U3ntm7IUI/4=
4wX8sKLUBy7u/+S5H0qSjg==
OHXbmcu2FsvKyS1oBYb8cw==
yiqgbnfhq3Q=
sRzgsM4uRYE=
79ScDG+fe2U=
UttdxRzCLZV0yTftXRoozg==
T61jXGN40gA=
JMOdh/+oKyT5dD3SlRNQWA==
8kYXfNxLyFWEyJrmK/Rkgw==
nPncM6FWoRw=
LhZJ2eu9nSU=
nE1CEwlnEa7LGebcXMm4Ig==
fvC/GMw+cVM=
XoPl8U2rKDMPrbpLKIyoJQ==
5YTLqVY7Ivo=
r+JfSRSB/bo=
4mg2nmDHkffNwIgPDtr4hw==
4mg2nmDHkfdvmjpHkfNzuA==
VfKzEn3LshU=
rsGw130pf1Y=
AdEyQYQm/II=
L8MzVjDC0OE=
pHimdtSkcDmHCh0L5I/bfw==
ehCLeiwqD4Y=
naa/MouoCXM=
lGxVPZTY3hYdmzxpxSZiWQ==
t6hPoBt+kg3VSxa0tVA/uw==
N7/8xNWESzo=
k3gDooqi+pE=
z6I0kVAN0yA=
HcQNryxF7wQ=
8D/xrkP0xr0tYkASggs7rg==
IRVRY0/2Pkk=
Ytgz9WAYzbk=
4rETunfh5Fw=
FCmw3RfxjEVoloKTfx4J9A==
4OIurfG4AyU=
ntGEZt0KH+I=
WONTqWLkf9A=
/0RrKo+8w8g=
061VTCD13ls=
GS7lZiX66E0=
pGHbU+Zs/sDFwqvaPFMF7A==
Jfmyv455Ytc=
vI8akIc8p8EP90/sos0uLw==
o6kPcJW5+5VIAIbWnqvWVQ==
/TmUj9n1gpQ=
/TmUj9n1gpQ=
DkhzVmYRwoo=
ulSVTxDXO1Q=
s302KJchYB8=
zhTRcuiVN9M=
/xP487U/OhQ=
udmpTVOXprZXO45n+83z1Q==
V4quKIodjJo=
zvQ8wSWww6cYSyGK/EP8Xw==
11TovUTP2GRFMJc42jPMng==
IMQIva3jG74=
1UqtAcR1O6jZYZrKLRIb3Q==
Arr3M0cR9o4=
i/u3WKnI2Wk=
Upb18nczDJA=
UH0Kh+NQtLQ=
rnOrDGX0OPY21KvGZoh19w==
Gkiw3CT/3CA=
sfxjjRlwylzp+Lj4g9wwNg==
nyS+UClb1RL1ac7h+Sv5gQ==
vk/lz7HUxD4=
EkSZiVMmZmg=
Rn3slf3qUhg=
7rKZz82esc8=
wM0bacyJp+c=
egEX4KEGPsk=
LJsB+Lz0f8ddflz5n49PGg==
01fdVUG8XQQ=
0eEoBHpZPeI=
Xn6slv0GosU=
3fIphGJDtTQ=
zaxMxi72DHI=
iwTEEbcYSGs=
P7pdVFQ6xc4=
S4xrHWt68z4=
CyhkguUVxDE=
4wCB15ds+i8=
zHge6gVxciw=
q9TK489EGgA=
1qyaaUv87e4=
BKxBH9jsU53ucoOylCiSwEanVi7N/RUQ
Ang3NzxNdFY=
m30i7WzXUOc=
bS7jWJAgneQ=
6/A9msH6Unrw98jU2rkPvg==
LB8KkcZt+Z8=
9BoT7MwRuhU=
++t7DDQqrdOUFIbfmXvk9A==
JOb2HriD2us=
ap8eCIdDnq4=
5SJok6eiByU=
tToRUD+eQZ4=
lrN6MMoYuP+lW4JsNgEMHw==
KMWbcvK+tWR4NhnNRg3hsQ==
RGAguBIJj6Q=
796h6oHOh7rXEPD2rWNrLw==
E2Cs4EvIXpM=
Ly0EzwpksZc=
+kQUHMI5D60=
Mj7QeLPhPTxtK1zgHJ5ZHg==
RKA/QzpuDK5OVMkmIjnI5A==
FUjBfIbAJ5Y=
v6DXzerO4Qq4XvsmJPOJjSg2O67nbvyy
Q3d4bnRRmpc=
ddW0+YkD5BU=
U4gkkW7LHYvzjOyRKCjaHQ==
y9dhW0Z3SbKCOUQmbD2wRQ==
OmQLrrCSuZY861CLAxUnjA==
vvUdg6XIVXU=
X+3ueo2Z5LE=
EBQzb87qlKg=
JQgfYrm4pbc+CRqu15RFAA==
J6PluWa/AzI=
XNyZykxtZ/V3f6eoQzGsQw==
XNyZykxtZ/Uek7QTA+YLog==
WWP40DaJ1c8o7XlUu4i4pg==
/YvoIDZ4qrV70iNR7sYfzA==
1iIgLuhufQY=
bfwNxMFYUeqNfPZ4LkZ2ZQ==
fFlL+v7dqZw=
etgjKPVv0rM=
7tyCBMAV5h53NktYZjtOaw==
YSUTD0W5Mq8=
zIIaz0/lr6A=
0ai6DyMDkKE=
ZwgUPmit37U=
A1EOkp1kyl0=
+acrb78vVzI=
6R3pXDqRUBs=
7h5vpIJ1UQk=
91/D7xt0/Lk=
ANXgJl8a3Ds=
88KOKNRl6lt8qbxsQjgpvA==
C/CRMR5PYGKfWr2mS3FykA==
AorwuavGDPJmQtRkQB5pQQ==
hux0fEKe+40=
OCkz/vRkOGUiHnjCR9TS4g==
8cZGCLHtmXMxsVmdqjqP6g==
EX7tDX+ks28AG22HcxAU3g==
jtupx5LoMWqe8vxwATh48Q==
3tEexo5xq+QwSygvDfnk/A==
W1J3CNJ/Zo7ozcy6IP+3XQ==
lnH8XmkBPpjoOQ/OqkZzfw==
Lk6ZLjXySLk=
LvNgPv/LtifYz9TsYyifmw==
LvNgPv/Ltifjiq7cUNl6ng==
ZgRKR0A7tew=
pv8lVbPgGSQYrOZAw+nveA==
qeeDVPEKmKo=
cwW4dcLMJmo=
mQS1TdswAmM=
oPTO0FEFhQc=
c/aBpcQ28lV6LM5lLVo8LA==
w9yWdg+QcAg=
MCWT5u4hBMU=
xVJpgXmly4c=
xri5uUzfoP+2ZEjdAa2Ebg==
qdpTY/zt4rM=
lD0Xy1Sx6ls=
han+ji3BANM=
W56+QyJ3qK8=
dGkL5uZ+5JA=
p3/sSQQhJr8=
sF/161RBqzc=
9Gpm9Oxi1+c=
QXooNoa/htNIZo4nxApMqw==
lecT5NZmZgU=
exw7yEJsDsM=
TuYPHbDqQlg=
L8qAh5Kq6vA=
Zme8eVS6Hus=
unYqKQSo2Ks=
BNaCZcf3lfA=
befq1nUnCHU=
lgAPYn5jRNA=
C6Pkapp8vEo=
jDbq+ZbOzWo=
R81A6abKjqE=
/Gjyz/5S/58=
wWHTNAI3DQCw1gZnZb6F1g==
1JUsRYpDUUbjat4nKqu6Mg==
JySX8paVuZ4=
b2Dk+qsjD6JbLXCXt3WPLw==
Ga9XIe7rB9Y=
GiAgTtARoHQ=
v5JaZC/Bhd0=
rOi2tX8JSsVLi/oK/1bomcUxxdVYjVgN
cbIGSSE16qLQSskiSPM3qA==
j5o3xBICBnXeI+I05aFS1w==
tixNckIyZmH2j9ldZiuPQA==
LcZA1fCLMhgTos1omdBdzQ==
pQfSvw/GyR3R1XBczDj2fg==
4i3rcH7WjD47g4+5r313RA==
8rkVyAXmx5g=
hOMke0EphrU=
RultBTTxeRAn4ongAKhprA==
lRL8KN7aAc68Ql6lA6PsDg==
pij/qgjFSKA=
r/m6AEcvjQg=
zLYmm/elKTw=
KKsBk19TVP0=
Cijj+egrIGM=
nDxuF/bKAgI=
+fpsJxgcnVafK/1smqMLNQ==
9xsivv3OJeA=
gztlK2t2F2k=
OSPdtGO3KSk=
a5lvasNdQxE=
/Z6OYUbLLS4=
C7cYHliA74E=
QpbEyLMCAlk=
rqoPtOV6Ir4=
rIBiRSBovEw=
4osDRlz/1cQ=
LlwWQZTm0Nw=
kEsm2wEjAZ7PlAIWhkfiBQ==
PhjJwQYvZO0=
Es+DItPFNa1FLDMVDFSZpg==
od0uj7GMd50=
BVSTcFRelvmcKKXs9n63RQ==
e+J262+ppEvcvm4cNpGDCg==
DcwpoS8HBFY=
+O0xb+p4csQ=
bapiEVvPB3dXiMWwe/8hvQ==
/5PVDnrBTa5w3ImUTckRcw==
3Hs6Zjv3MOc=
tQQprW0fH1szZ2rfS2YcoA==
i6YavVKWIWonWlZu0DQnSA==
+d2iJcs6hUU=
QewLaz0m0ls=
s60+G+CXu38=
iPqerxl0N7OafOQpJHta6A==
uCpWr+wTrIeFMWLPnE1RDw==
7tm0nm5wpKpQ8jrKYwwExA==
IvQnMq33dVg=
ADRLSSsO+Jk=
IoP33awPHI8=
u5vGO485wxIOy8xI47qEpQ==
EFTBQX8gcrU=
6rrgZ7LVDF8=
c4u3sLOVjvs6ap9wPh1JhA==
rFrBKXGx73WK+IB+oNf1dw==
5SPnLeeTvMA=
mks80oXF03E=
ATkZa28eUB8=
/VC9+mllfOdJf4jpMfaBlw==
DFd1EV4Aps0=
dgSdASmHxdnow17XDZqSOg==
AY4ycoqjYd4=
/v7QQeegAkQ=
nUPV4G5Isc0=
cEHQcDOcVeQKCt8osl/7Ug==
22wctqk9wJ08rWj292QbvQ==
pMFz844f2MI=
YOZfN1KOuZY=
IUF9TqFglF8=
g3Vrei5s6Do=
c7CQob87+Y4=
3qH4us0fQIc=
BHgY1PTiuyxI3EiIAgZeuA==
ayZZaqrZLuc=
r3bLSIumaNE=
jlU4I7woedg=
fIuTXx95Xc6bIozAtVu+ow==
ZMzojNFMPoAmCLLLuJXfFA==
orcyu4GdU28=
04Uw0Bqzo88=
t+GQVX6sX1o=
GO/4aX3Ujc+qQxZwR+BJ+w==
JZaNi6ETBjo=
2B4RqxsjAKiAXOvMQaLZyA==
qXGBupk3xBqbuV+gSOVSpA==
359zdcu14Pg=
he/zMfht5XM=
1temf2aRTq4=
h7TUCUXGYjc=
sEMAFfVGRo4=
cTvmkYeOiehW9MuxuYDU2A==
9kJ7jO5UUtA=
8o5fFmZUCwQ=
rocS6WsM5lo=
1uQeTRJBQYc=
9Xoih9EPHDI=
pJhe4y1zrE0=
yBSZUNNdryQ=
LCRLRoSanvXrwKWyJ99pUA==
DQu8DTPvhEzXfjbSyj6Bcw==
b+zOp1qFtP0FjwPjaYL4Tg==
Ehhj+ZW6u9I=
DFvgPke8wsw=
/3J0uMGdhgs=
0bZfK0Yz/xo=
TWpvqaxQRbY=
geDXDOWoKYc=
QjIkcn9B1S8=
NeuzWvOqVws=
wIq6+b9m9PM=
U/ieaiIYZ+TcuZ5YipgzAg==
3awrg765nRc=
ekD8EQKIadQejScUVN5NDw==
FaAP2Wjawr//Q1WBtFjqSQ==
XpJBAn5V0xI=
ebf5tx0M3Tkifcj6n0VGKg==
eLIKhiQsX8M=
LEXvFF/1yy0=
WKV+GisFWNY=
FB7ZImheE1dQCo2iFIn1ZQ==
+kOaPBPgF/c=
OlifXJN1eps=
PGpZpY+wRFO7j7CgaKPp2g==
LAcUnXCU6QY=
ClWKPx5qaW7aAHfh2k/JXg==
NcRkNW/vQx8=
54/xCuNeFDE=
IB0KSpoOcxY=
lQC0RJcbebBTGjhwaiKHxA==
KEE+TYcdDHQ=
lIheGd3+olc=
/BfD446m1ZQ=
52moj1NLAIg=
w+K1SavNMnM=
lmOzQn9WrGyEQLi5YaERLQ==
0IpebSKxXaM9NHAjefgQMQ==
rpnbzo6nGMm6ZOj/9JZLHQ==
Ql+c87AHLxM=
cneBIVdeB4iX+UqyP0xCOg==
I9A/zaS73VE=
6ABR3Fd8pXQ=
Ey2NfGBx1Wk=
dv30B8q0TgTGEASWk6AZIQ==
V48fjN5Gen/Z1GYO0E7V9w==
8ZSbEiAsXZY=
m+guQ2PX4ySJ6iJydv8SlQ==
7yNX2qtYArk=
v7cZmgctN5I=
SKkVbKOcvtRieIyvOJI5ZQ==
mH48ILbj8a8=
tf0B3t/xijg=
bF3grDKA2ro=
XpQeaan6P5k=
VPi9mjnps3g=
CcI1Se/sNdwk+hdTH8zfBw==
IlOdz1fFlGc=
4KqZNmWb8KydUyGdPlBd4g==
91h+f7b2sys=
cH81dhPFXO8=
KlN2Q/3voro=
gOmDpUy1Utw=
qKpLXgXLWAQ=
7PGv4EHCg2JgweZWq+0aZg==
tPlJRaHHsx8RpTqq0VbC5g==
KYZF7xF4R80=
1jnh3V4vAYo=
2NySmihKkic=
SkywKpk3pUE=
zPE7CG+vnuD2mSiszutqvA==
ZAGjwO9l4Ak=
ZMh2pqkBYco=
gBic58tyMnc=
kLiwcWodpeZoJhhimRRogw==
MSE811sjOKk=
ZFjf7AWdXDA=
d2UGZuOjMeQ=
bzHmpX3ZSsEbWaFqYVxtjA==
qEaHrbdX/LHP1ei0ZhmgGQ==
452JrOtIL1Md/ORZx64zIQ==
hVsF4uJPXn4=
LQJm8orGO0Q=
QQmc3btVUC4=
20o3qzRK6aw=
JopgCggexxw=
aEIDTNMIkmA=
ZD27XdIOKsY=
x9WWGmeGsTQ=
KEcj5pCxAgs=
PaOhcGrB9/I=
JC0z651vCE4=
ZpDIfl2i7aQ=
zTvE3xDW8OY=
Y1XPw6j0B0s=
e7HQsbOZorA=
C63wB4mfb2c=
T6N8NEByG5Y=
rmQeLLWRCKk=
tKa2KDB/vgM=
4vZU6PzOJqs=
QQz7S9Tghms=
xVEzQsQzOa4nkHrovWgJ+Q==
cJTZ26p/ZiU=
mNHN7lW2KkU=
M3un8Cn1c0Y=
0dAytlOejsw=
vE3GKZQUQNE=
f7dwrN8fV9NMCq2SIt/wIQ==
2piAJFkmA4Y=
UYwxu7MBoRY=
rtiStvXIGyE=
/7ZipiHrXug=
Inc+b4q5cYM=
R+e0U7YlOAw=
QF6wAf9ELYg=
LeX50ivMByI=
au9TpDw4fkU=
dTis4zuzm3E=
XYLZWbaAkxkiSjfG3cE+tA==
xamTPVxmCz4=
jhx+bkL9mGo=
UjbhtqPNR0I=
EsszcpLY2pU=
d90KW6Nx2+E=
D+ZGYE7rdOU=
Y0xRYp2dwno=
/aEVUGA9QuU=
EJXNSTziXXM=
VYc9Bl6Esjo=
SgG9pXS2dMQ=
fp8Irc2qnRo=
K7wHri5mO15m5yDyWKZO0Q==
Xfc61hSupVM=
zjbbrS660X8=
9L1rHqsyv3A=
XFKQhSm4/RA=
ZAO0ipmGXSk=
GQDUK+dDDKo=
ImdSQXb4MqE=
FiKku6sh+kJIWXUMSTQPNQ==
YeRz82iQbeM=
Cbrd2AjG5mg=
Xf0UDnZO5Zw=
euLC0+GTXrY=
HiJNXtgBIfs=
tLRDoYTjFgY=
mUtdZMTY/wU=
Es8ol4sezIE=
/WN4zDuYE6Y=
uPIjqI4TDo5DT781J0q3yQ==
7xdNekQ0NIo=
HWgKazjmITM=
TPlsJBkYMP0=
5HsAZfma0Xg=
Rga9d80B6NY=
ci91Oz/cICc=
9Z9RJOMK4a4=
bTxWGzQMdMI=
ILFOdb8G0XE=
PX/+qQE0mXw=
NcLd6nIeKj/BntC8wf7G8A==
KmC9MA5CV0xINuDo7vvkNw==
aDyRfaLtyHIrgeJ4oteqOg==
wjMZ21biVls=
4+b80MvpX8I=
/jMKbZ6+s+w=
IhN34IUsY4o=
SQYwJAgDBzP6LCKl4xmTbQ==
xkU9aMwftW0=
pWiCgVaQoXQ=
pYtrdEWSEYM=
mk6AmwK+R7U=
3lpc2qSMgh0=
GTn5s968wnM=
jHZ+Ze4JzNe/fkxn9HcVzA==
y4mmsAJvvBoBaBoTU54nxg==
jeax+xglyIME8BWJJ2Sjjw==
TNe144QKEEM4SDASktm/CA==
tefjswTd5/U=
e0WM9v+UEHY=
x+26pCo6Nn53fsAkne75sQ==
Vsl7HAwB48E=
BevO3RT5wyg=
51jvHr7FkrM=
ZGDaNYAQ8UkpVUl69dK71Q==
YWSQ3FmcV1w=
S8N4ornJAw4=
GsHW0NT+J00LEsqAXGeYmA==
ir1+kIayFII=
7BpNLTyWt0w=
I2iBuUONV6E=
1PCIO1pz5PU=
BLDrwuKCeLk=
Cj5P1E1Hkto=
oPdgeSAHgt0=
IOkG4+gJwBs=
FdE/OCDUnCo=
2RPQK8kUW+c=
6n8kmZgq33o=
bNCMTQIa7Ls=
VvgBTNZKmrJImv09HJqHsg==
ZiPqillEDRM=
odMGbrRzQT0=
kmN8guS7RmA=
iJnak8tTiWk=
CnumWDYzaS4=
ZwB74aST96I=
ct9GBRunFyM=
6DlaoyG10C0=
TwVRqX/Rquk=
h4fe19XaI59j9sCNwOX0rQ==
0fy+9ypUv+KjuNeV0AFR1A==
gyQt8v2mrHE=
+bvTWZDNtyU=
f97Sd49M+jA=
pR49oe5jLXsU0baXrIaghg==
W+XZiE0wS6eXmYEiEVoqMA==
jVfjHFMZPY0=
rw1FqX6raBp7kRxmddzENw==
S+SbIptwLZMeS8IaN9E4mQ==
bVCzLSctrvWa47AQvt7/5A==
l+PZKD1+xaMjaLGxUcTb0A==
9cR6qR8znaRk6NHVRl7OZQ==
PzDKCMPLVV2+pKv525UrgQ==
Y6cH1udem4wYCdBHebwqcQ==
Yv7dxbtfP1n3C1CB22GdBQ==
85nEKNnCc6vqKMVAY6v2OA==
uGoJ4duc24oMvRDBfybieg==
csAJ/Sz7V4A=
hHlEewE4y/k=
leT+GV0NnJs=
3fTgvrwODug=
5pVrU4bG1hE=
Zr8cCsfHGPk=
+7S+cSnIR7I=
Xauh/vpyVMw=
1FC4H9By9hg=
SS4JILzsvp8=
LD1mi5OBwBc=
Ge11tU51Gkw=
068oSerCq+k=
isthbfFaDpyh9rRW4ih3zg==
Exy0s29egt8=
nV/SyAx4itA=
zCHjZicLuq0=
SRvBCwTzN/s=
j9qs4uvs5Fs=
whYcf/Yj6/U=
Us+LI+JPXX4=
ajSEaKfBDbpjHwqvFdtESA==
WwYLanjhIlI=
2X2tOj46P5o=
Ld/QK/C6sy136ph3XeBOyg==
hS1pPmMJvuk=
hh8O1qckueA=
r+4YXoYtP9I=
H5hfCzeIqyg=
HCZlbg7n1QrZVRVZbhTq0A==
wo1tbD8rhxALvDAP2gp4hw==
JF4NTl4kt+Q=
hfpLGwNUpUU=
Vm1JtEXSwrI=
VW4fFy3NQxo=
ljGseMG7iAU=
X/RCXDxe2tk=
pPSQD/ma7JY=
XDbkOOrJiIQ=
+j26FPQDSOT+xmBwuodkuA==
r7aYmas0Mhg=
duXJielNEZ4vJ0PFeS5SOA==
BICz23tcpdw=
0WKDqSioFgDgBVuwzYBi8Q==
zYXMPDtwC7sOlfylJVR8bQ==
duhwrPzZLFM=
xUoh/1/WZp4=
1EQoBayBqpE=
jeAXVtgu1og=
KUXgnvYlD98=
LpRh01OiuEY=
n3/U5iqGBIE=
4gGg44K9zfNngAapL5bwoQ==
xWvAIxqQHlU=
gLz/6T3RtcWFC6EMjK0OBg==
fOG3+DyA5bWVnfKjE0+/OA==
Nm/E8eGu+aM=
moDA3O0fecKGDW/9Zz/kKg==
moDA3O0fecK8O95MtSnuKw==
z/JJ3C+hJtY=
xhMErV8/E1g=
crLg6GNJ/Pg=
u4SRdWQOz1+k4q5cYMQP8g==
RSFowgz/cvZub/LxGhdDzA==
RSFowgz/cvZub/LxGhdDzA==
AyYuQCFEsME0HsxM0UQSAw==
OjlwQg968tg=
wHoYNtQjFSQ=
YaMGV0i1nTIYWIZ+OGDdSg==
ep1288slMbg=
Xfhzy1dHPog=
3UDnrPgukpk=
+BSmu62lTnf+HE4f99IwLA==
n2X19L8jXSA=
9PtUUYyEwk4=
QTTwaMD63n8=
sa9qZmnbBVc=
jxWtxRtrumY=
vRwKtIQpUm4=
QlXwJzXDbXw=
noLhB/I68RRmciu+nj+I5g==
nxqcA8+sTGM=
3YF4VoCTy+s=
teZy+jg9te4=
imER9vijnk0=
XI/ORQl/hvw=
gnJJI77bibU=
WMUxsWeu3zcFS8xKY35dhA==
h5dLAMxk6sf2I+U07596ig==
Rxz9V0qncqz12fyPY12+gA==
Rxz9V0qncqzb8KT8AGkPAg==
Rxz9V0qncqwgx+TUIsqeBw==
M8TXAMCHzT4=
QgkOT3lC6CQ=
X4TaMNbCkSw=
HifMypX0VqgiRQhVDAM60w==
VpMla2Z33UE=
H8ne+v81ulA=
d2lH5vKY+gwSfKJBVlkuzA==
31KyAG1PuzE=
5rW1W4e67Fg=
n1VZM7GuC5A=
vET7cgcYOOY=
YhextGKV01uOc4S4Y+0hPg==
ddTQEDb59GDaTvwPWb8G7A==
nsTDOP4AQmU=
VaV6mbqtdgs=
17TgAFogCFI=
HgOqkD2SerE=
KTqJhUf2OOI=
0kCfZMOODNITHg551EUZWg==
CpH1NOYIsS5RFpDhD9D8Fg==
MpdTqt6tVWPP4k3wh9QQpA==
KnqwB2MjdKY0HXdjgcgYZw==
UR21zwDCA5U=
TCzDJ9ftZ7g=
rG/DHqZQ0fc=
dAIvv+oiYVQ=
QBvD3Jh3nh8=
AyYuQCFEsME0HsxM0UQSAw==
X8PYgbD3TpwgxVDGDyZJEA==
UIHs80pUNJ0=
gLzg1NpU4cI=
kN244CnpRXI=
G5/jElZfNyU=
OvwfYHOA2OM=
YtQ/LildJ763Vdcyxke30g==
cMVk1Kl5zbI=
TiSj1NmquHU=
rtm8nIgyMBI=
EehbttveNUw=
nXogBVicGJ4NzFhKGG1G0g==
nbSf1MR6FFI=
/2kqPhkzUIY=
AwjgVEv2MAQ=
lRMqqqPH634=
UR+3OIQ/K60=
ZhHwLL87uis=
I3e/NgfUv79xAy8a6qPB+A==
7jG0aX/CAa4=
Q14powUim3K4tOR6H8CF3Q==
fw8Ggm6vW7w1sO2T7tq9zA==
6DTOBcaSGWw=
RtDXuXsXbWY=
kFcPreMJeVg=
NbX+WFfdrq0=
mruxyjAoYIc=
uj6Fnp0M/Mk=
fpvVN5r4zEQ=
A1E8f7oCzA8=
06goxbmU5rhYBdCS/t3GLqB9NXcsp2pB
aCZUM/o91kwxRntDsbnQZA==
L6qpg6miwlnYh6hRa3pvOw==
5EYAb2XRtk8=
c2bXMbRaKAw=
QOmghiBS/1BVEbTYJUvV3Q==
N0RPLkg+afQRH/evyf+WrA==
N0RPLkg+afTIdF9EZa+l5w==
HCoQPMlJKC1ULFY+CBHrSg==
Pv1lShWrZtsIctyhxZ2tAg==
CmYqZCayyJAVlmo+BxjgCw==
Jc5g/o+7XcY=
pmGM4t1MFKo=
ZUoA7L6gzn4=
6yWTs0uYazrlPQdYWNhzIA==
zMnnd+dj4RSFPqDocyVZ2Q==
mMtJB0yxJJEdY4Wz23cejg==
8+EIC7+nBWg=
wG9szLx5ZfE=
ycHnRFl0pIGdqndYlJ3gBQ==
LGLXZjfMmNg=
n8GviPrXNBSdBXt9iB0bgw==
Pj7iKf5Sk47It1+xZ6tkQw==
DZtG17CKUnUkeziopvElYw==
GuPMcvE9gfc=
xFfR/yorD9lSp/d6t3D4KQ==
Y6A/hYdLIWgB4tqFRIii7w==
YTkLLW/RIx8XVMBfKuIDPQ==
ZHBzoHEj9IGbqPVvVFpSFQ==
ZHBzoHEj9IHBqV8JjaPG+g==
IX/NnO0Z+/a1HVnfExIliA==
Ui/Sm9qh0+Y=
C5kWWzfaO5H+cw02fu0adg==
PdIvPJdCOPU=
V5gcB1kmUdY=
8hwBRZWtQsImXy9GJKxLlw==
a12TUZoi0Sg=
Im+hRQlXcYM=
N+tt26AIw/M=
IYiprWv1+9o=
5Jc9bpuIjXY=
PCJjGrZCpBc=
0um2JpDlfZ014V58t0EQMg==
GSu1+DlVuEo=
pLh7BfFDwUZCgQXZ8e27ow==
ZS1v9IgKiPqzHH1ZC99WJQ==
9nATgc6WBbk=
5j0RaLaJqNQ=
FoyE5lAc/DImXUSAj4bi2Q==
cBbipx6opNo=
ESVluMt8El4=
zNLteSijgf0=
5GYnWACrBjcIwM1CQOO+Lg==
W2xvj7JMaOKOjTg8+BxaqA==
fotRX/wbIss=
rdjQ9L/hYds=
6Re52aOWH1M=
rG38n75Yg0w=
MIgv47Pkb0o=
UcLYVUuUjDI=
Qwc9KK/0M1c=
37BKlpYp/PA=
97yjL/8fafA=
usbhyCxscus=
KLgXXVRCn1/wSLvWQUzeNw==
yA4z+hGcaycI6Uh/kl6MKw==
XO6BiPNqv105DQqAhwVYHg==
8XAyeyHdhF8=
OknynjIClLa77N83unx5xA==
ILNbgo/pFUY=
E5ocT0rJ7jk=
2SH+sRfOXG4=
hazCFPYLoyk=
dzcDRIEq1Os=
27a5vDxEPrw=
PsJltgM4qTg=
1adqAUP3GbPg+IYmww0UrA==
5778IxXQuhGNp338JfeINA==
iiyM4EfcQgZBO8e3sjOi9A==
JiA3wDrcCCY=
EN+Srp6KYR8/kBE7sKDwhA==
Gn8s6Ov5Bbo=
dlnEA8xHBZY=
RDEsvMemUYrAAo9WtUPMxg==
K1AuMeBESWU=
2ro1lokT4H+rhUQWhKalDQ==
0Y6X8Xv13S0ItFdTSHESRQ==
2sWb9i1KQIA=
iFenJkNeSDs=
YudbCrJqb38=
hnnZ+W4f/uc=
HeGAio9kKsX7pCEHz8gtAg==
HzKRoJf+TndugNz5Gpbd9g==
HzKRoJf+TneLi+KYph53qw==
LJTXYHLGQqM=
IRvxyIaXeKE=
sioEmvZh5R0=
697XV9XruBw=
l+uL45tE2Gg=
UFFeAT3WfWo=
jQjUHe3bd/Y=
NgQWRTE6S8A=
yGX2HWbGtVE=
g/jyNmqNt8c=
1oTJTtJ32yk=
po0OO23GYSE8EbRWujdo7w==
RMdWrYGDmrTu70nUScr7vg==
8efF+SVinLQ=
dWjGEV+xST4=
P2KxfRgRt0k=
f6frF3xddPHb6xUrwowQBQ==
6YJVOXzWkTw=
xLDeUOfU7Ds=
lNavsB423Dw=
j7yBvkSl3Ns=
Ff66TvlpLiQ=
TjeqER66GrM=
wtxygrf2hNrYAsSVf+/blA==
UbVjwdM5B7U=
lpRoA+33TtM=
KdgQ28fMFJW4PIIgVOCuGg==
IZA/Ix4Tz6NPW7dOFwX6wQ==
4x37gRpUka+fribMMIyILA==
imPLO0KkKPfBSSahlQ/k+A==
jYjxjLZvdNI=
7U6OcRyZ9NE=
73mdT4c1n58=
5kPU5PqVtJc=
UEcQDBFk5ts=
HYgIR47TPkAYDIcw3cSCbA==
ZiP3sJhzCSg=
I+e6F3Uli3w=
/TSxMlmpt0OVFq3lzkqVbA==
sYtLuHVsdBBNhVEIFSxuxA==
IdrGdAs5lck=
GVMQWn4rG8E=
mxTfXhqvk6c=
EcnU5sYGung5yU6MzUC/KQ==
FJfb39frB3Q=
gCvcMzY6F1E=
PTM2/ZNfg0E=
uFNBYDjJmVM=
EcFrIlKFWv8=
UU2HQfmVTUE=
Iogz3EfbOIE=
cBFakQmsfQ4=
Hl+bmRwWxbZWF1A1cnhljA==
1kXSxELof8w=
AzVxDVnhh30=
5gcUOqUE+k4=
6qVourEn+pdxawafKRWmnS9empZT9I88
8TFPN/rwpCNFeFTQZXB/uQ==
eWp63UlL6Y4=
sbOJZBg4RuU=
3zF25f+LYR0=
46V1zRQoRdw=
yij/oBWqHbE=
H1oo4QJwWug=
8WLEFzoOZ0w=
zdVhWK1KYnhtcLzuFHyb7Q==
EmoM78kQTI8=
+R/vwaCV1BU=
Zoak0E0Pjuc=
Eh9qbnBheGA=
oU7uAW1WBRo=
UvcXbkjzEEY=
FQeUDNSLpjk=
TkNfX6M3k03sYNMeW+u4HA==
qoC1Yeml0Kc=
kTbW9+KPMPQ=
cyKf8WC5fP0=
eoDwIsbag3k=
ts2xvWB4rp8=
GOu+/kl0EVY=
LY8mvPM+oRQ=
PU9zLigs0SuqP7VF7a0Rhg==
9iUnJ4rdz+k=
ECsq46Bsnbw=
8GfNku7faTU=
kJmbbbNuZiE=
p5xslhqv7po=
q0jc5pOH8tE=
fEJoRy8mK4A=
sKvRitfkQTI=
+eZBBDAtNxg=
oLijuz6x23l1o/lhqJt6ZA==
1jz1lyz+oewV85gNu0IxQA==
tsptljpLqtBqJLW7qAs3tA==
m+2u5Zm9DwM3YGcCsqO5lA==
3TIbGO/6V9U=
bptP4aRbmFo=
Yxv+wvZ250U=
owIhbmVXzv8=
ZpXzZyQqUSA=
Yg2NO47cKTznnH7oLe2uQQ==
ROUiXrqVddA=
ikljbtZ/8uU=
J4QKhRsyj5s=
+rYA7Iyg4fIlny1nP8likQ==
1jK8fFXgZgI=
BoJRGgOysm0=
qts6fnl5jLw=
lTzdFlipnaBEEpcGKtqyxA==
wJbYthJ7LkXQnBvfKf1l1w==
iuihn/Lt6qs=
sqh/ymEWjcs=
tDMoiOObMH4=
wTvRDOzWUvKcAZWTV0yoUg==
6gDWRrZ7BHWp5wdPvBljNg==
urRhePqSfpw=
MCcWePdUZiejGuM5zB+j8Q==
1bTmtK2PG0k=
BB4BegZrc7E=
Hbo3H/UHHZNTyIYJcIP9sA==
kOlTQKxg7KuGPIeipOxkaQ==
pwJkea0a/gd/WoWIAkYoOg==
qeW7DdJlhlqn3oZhUnBJpA==
mtqgfm6sODBMc/vAAqqmUw==
+iR3rUlAdK3qU4gnwEULZA==
rYrM+8TWEaEXZWyVUoBu4w==
L3Vdg9HSMBU=
wBokSwAPyuVyUZMfwUtTcA==
jNk4L2HYZVvW7TiZ/hRaEQ==
mGOjMQZaTaYpRVlGg8MKqg==
0tzwL0+rvG4=
dcZWjWpAEdo=
VTQli3vbFzg=
bIC4pc2njRI=
tpX77dtM0yo=
hrSQy4Mu0OU=
S78dbwCJ8dU=
JoCPgReXqvo=
NvnICEXHMVtaniXHq/X7tw==
75upoJO9aoI=
aBZt4OmukBk=
mSuQS/ZimRIUsThhvGd8+g==
QFiJa45WAfw=
jDzsgSuS3Oo=
igp/jI4mRPE=
3eXESy9Cy8Q=
wUBRbepHAcA=
ll85BqM0McM=
cMFWUCpvzszf+kNh/asEIg==
Eq1kiiI4eR8=
QJBJO8AI1PgE2nD2fUbBTg==
XV+7HDHS8Ak=
4RWgNjJYgY5iswDXpSO6vA==
ienHv04LIUg=
RsAzjaFsIKjNFDC+I2KEeA==
l9CSeP0MYHXE/j2egmsmxA==
F8kPt4P6u4Q=
pwBhvTyef1b2FpvA9VwsQw==
Edaw8D9UOjT7fV66LIkziw==
uKrPdufZ+e5dhAO8gWv5uw==
uKrPdufZ+e6S7fuH2232jg==
uKrPdufZ+e7HowaUkgPhHg==
ibfBtrMPQbQ26jIO/sgdgw==
vutKPeqevZeOtwMSPDs1pQ==
b5wxUB8B8u0=
/1GhueKD+8Q=
Q5KzvIGVoM0=
SKz9tsGUt5M=
vdTyJbTZYJzl5e/HPQGIvQ==
xOPJnMSLx6o=
HjTmy4xzmmo=
m201n9RMthQ=
PwHZcgRLVgk=
qG22ChGgovI=
xMsPhReiPUU=
GBgv3aQV19g=
4SZ+2mIKRT4=
02rIrlzqEOk=
lDqRxhMH97U=
7QdmzCSJKAgPlSl+eAPOHg==
fyVEIvYC/bw=
1w4OvhMaX2s=
oTmlvRUfBDo=
pGKFFqPE5JA=
r7/yqLDFBOw=
eyZZ2F0eK7s=
Pqikb+KSIlJv/U9qtBJVNA==
S7r8Q9CeupI=
6UdMCsRoKEA=
C4dQ9PeqRLs=
GF1mDBGsFQA=
+Fu5d9ObbGA=
qep9daRY6aA=
y14sSql5oBI=
Sjk8nqJYDO0=
pRShArjo3qU=
zpkqMGDqsH8=
6nNiWaA8BOY=
kqeSYLuLMZ8=
vByek04ccgo=
eVPgPaI3VD/ROyhTPBrfBg==
8GGh3vfGb2s=
d/VYJNFpcDk=
CvWAc97yiiR9B2fPu6DZmw==
dUefKGBbwraWoKc+lt8Hqw==
53YnVBANcFE=
QnmfFu2UefU=
f3YMRFgNJVw=
B0GT/iG+Gbo=
QOx/pW66fH8=
ZDSjh2wWCDs=
NnNjBE/edgA=
7o1sB5+ghdc=
6dySNZ6fadk=
mKRiXrOas/U=
PpI6CIId+Jo=
miGaaQTs09E=
jRE4RxTmq5Q=
UJcysym7ZT9+FdRW94OHJw==
G6f5HqUjsHg=
IzuV0s+hZrw=
uBjTs16Wbh4=
5SEOp30VZLc=
j6IHJrX3unQ=
4FXXWTjT1ZA=
jv07+kBy+3wYuQMQ381E+A==
uyKNaF6oArcRo1YDRn1oUQ==
XUj0N+SYW0o=
6RVSMZNSEO4=
MkAvE1XFRG8=
Jx2uO4ecOX4=
199QxLcOUEE=
i6PUuYcn7Kd1D54jxj0PvQ==
Y38WvidZYo4=
3YRpBkOPC2M=
3OS0jo0mjVH6VGDLXcvTaA==
E6UUC1NVqp4=
X1lAUFkN2uA=
U38Io6hJ5P0=
JM5Mh+De6z4=
otiyt61Yn/c=
NrbcA1jrGV4=
sHf7cG1U4mqgIzqb3D95hQ==
fMYiUg4o6g0=
n37PF/PEP8I=
Dn/pzfFx8Xk=
i4/pwLtyFEQ=
VWe7JFO6R0M=
mGEXK60V5D3A7kbRoyaDng==
Hr3iPdLTDy8=
Qwb/3Ur/lkg=
E4VjNBMDm3E=
mesS2Aqj7Cc=
7kT9psprDmw=
UBNaJS2L4KE=
tWx+9kP2N7A=
852ZqT/pkk0=
VY452zHI0f4=
UyIoz8J/Llc=
QQUZyhQFSEA=
JrUO81lywvE=
3AsbmOScjJE=
+YyXgW9UH10=
tN3e7C01NN4=
nyq2L5FGZVE=
FjlLS/UWfbk=
trfoMy5q2lY=
8nB6vtHTyJwEc8c6aVNB8A==
CZySj7X9SjY=
wg1IuLMGmOykD7mfiA+8Zg==
3wTrmAmY/6A=
V8+620mypf8=
XsycdmiMWww=
hY4S9ndItZI=
nEHepI7p7yA=
Ocs9F/RB96A=
eolA1cVX91U=
1foVWjFE7Qw=
E/NeIgI8kOs=
c4KuHRJx1fk=
JtNdklQMg4E=
MWK8nKvNIzg=
AUa8bYujJGk=
WcFkDHVGKqU=
hmLel3rCDYdAx87wMaKOcg==
VYN/iyQY+Y4=
pu2jx7zp9ZE=
3tlB7FOMup8=
xWnZYlv8uc4=
g4yzHJxqnxA=
Qhsau3TIewA=
ZtkWoasfcY8fr2eiXnEusQ==
FFu1xrC9CZ+ncSAEFtvzlQ==
it94qh7vco3bpTf8pN3sew==
yG927DYSxP8avaG1PLpKxw==
y9xpMEuaQ/YMrUJJxCWUlw==
OGvdZbRiQoE=
bprN7QC8mKk=
ybwzbBDV+v4=
/lRjRXZhW9Y=
lsPO5N5XZd5u6YizuawI6w==
Cbmw9y2UodE=
t385Ldapnzk=
wsem/O4/WRI=
waUdkJP3yPk=
fF/eyJTAnU3surXthO3CRA==
xmXvKywF8GFhFh1zQW3g/A==
NEilzapZqOs=
jbTSzqDeT+y7LcWD24SHYA==
YA+CuOnXNFE=
d9CZm4aBP+0w8inIqa0BSg==
9p/x9GJ6MEY=
7fzdxnvzS4A=
uU/ebHoIosw=
cRxmeQdqavY=
whV9+rNyHxzTVxJtEKVyHg==
O6EmQyDkd4k=
9P0S35jR+XI=
JI4RLkUO1c0=
5mx6Jrdl6hQ=
Ax4vYlG7hkQ=
75+RxmeQ+uPVxp1DtHCIUw==
DHBtACYosEd1K7/rayToKA==
e1oPmNm921Q=
/EajSPyaL/4=
uKV12HD59pk=
aHR/rHVZZYU=
eCPnceZhqzc=
CDorjTcVimk=
zlsuVpN3KZVcKTGSVEvvvQ==
fghtgExmwAQ=
YzvLPQIJAKU=
qksr5wTv8H0=
Uwc4hmJdZjs=
HiDt2CChXGc=
U6gDXlw9gKE=
ReWOXUpY/6M=
/YQKhKYrvJ4=
EQAFgPlPZ5Y=
nZOibyQIc0g=
T77Vhz1oo+Y=
bLIrw/FWg68=
g9/fuQnJP/Y=
zO8qVkt6V0I=
B39ZZP2AZ2o=
cniyE5ampUA=
MFCLDgcPeFM=
E5k+LZzKOIc=
fGL3idkeoHI=
i0CFD1pUfy0=
9A4HUtTeXbOlW3O0ppsyDQ==
/zK/N7OHVbQ=
X2oLjSCYTyk1+tiPQ2uPIg==
s72j0Dia3hY=
BS17Be1wLQk=
NZx6qVYseyk=
o80WuwPwLoI=
JaDWEQqaRQBheF0X5WO9Gg==
g3wHnQwfF08=
h6oANbfSHTAuu8O3bYunfw==
1lhc7e05Ics=
4LP66F2P7hA=
1OFzsM4Kbyk=
QBEtW8YxGxLwLhlWotHGww==
p5/5BTJvAHk=
s7XZUj5iDU0=
CQmKqJgYE42r5xYbQ0wayg==
HGdFfE6/AHd7cnAaFtSmNQ==
J23BXdw66apAREgYKPHaPA==
T6HqybGOg2Y=
6BOFz/b5RqE=
splwcyDueura7X0KSzJT0g==
0mXj4sjy0Z4=
2SaL4V7YjPU=
XOF9SasRT5E=
XK52O+3w1+0=
LKDPt8EJweM=
aIl2eyboZvU=
DJROB/sBe40=
28yGnNFAafs=
eJbZTbMCtQUpXB4KUhKBWg==
8Dkgnhs8GxI=
1Qo4GaLRjwM=
49WQ134L6S8=
WNNzOEF7zRY=
fu9L5XajltU=
g4tuxQxpM+g=
allD5ZnxsE8=
zXQUc7Vwr6E=
Lp3to43G3WQ=
/9HrxP0ecuI=
QEM9fOFdRO0=
fAKUmevC36o=
79UnbiMTShI=
PKdEFCyeT+M=
LQXTm8vqK60=
efqBHU+00b8=
3OJ8Pi4Q2qM=
RYqE7Y+6czM=
AyWsc7YqEXc=
lXzpAg1Lhmg=
Nlz0zIDwYZE=
/gpdaS6ukeo=
j6pz9lhlY04=
v2QG28yrUHHzWeu2efbBOw==
9ajeo51Su4o=
FLK5xcLU+G4IkO+p5J1VoQ==
3kXZ0XT0b1I=
zCZgAHPMJds=
83t6Y8Lkq9w=
f6288Knulpc=
7LqA5x/ydMY=
1wiGfbJ1Isc=
akj1tZ2UU2E=
V15oKhHzojM=
xEhwJSKiM5w=
j32L6izbHZw=
KCBGhgxPLP0=
IYT6PZFSrHE=
Q6VYCXux4J4=
OocqDNkQNTI=
8YUrhvNkpd4=
1BIPCEWzVAs=
dYDKp+S8oFc=
JHthckXNMno=
8Aq1JoqmPII=
u+NeYMorgi0=
l2QjxYm9Vf8=
BxRJ7Mf/25c=
mvaooVsyp7g=
3Eauj0HoC8U=
UyDXNzFKUos=
nkeVUqAJm5w=
0+Rj4A8wCwHgZRbmxfNxoA==
jf1M3+5u5vc=
Plf8/MGG6Ws=
Xw+qN4527lO5vhbLFmPptg==
Xw+qN4527lO5pQFacgUq+w==
5vRGK5pdQYc=
SZc7Xps4Ok+Dc+ZWQciFbQ==
SZc7Xps4Ok+tEJ6ik9MMHg==
3eKrS0QdM1ft3SdFl2ioaw==
5TsWX0VYY8xwul4VK8WewA==
dNUlQIel9KGCf2iP/bxnbA==
4tn3a2gahfg=
pQLIRtpjWwM=
hQD0LeTLhKk=
pfJpzWue0dw=
Mm69cKTAU14=
Q3GNVbHGaFTTHGf8pQprHQ==
uDNxEcCk6oQ=
DHiJ9t+H/HU=
KH0j3YO3qzI=
Pc1H/xH5iVU=
W3sc8b2wQUU=
3oa5Ly9DVBA=
zYoDxqYTZvQ=
yLgNQe/79zs=
cMfVGhSLs4c=
iSxty+2vhXk=
L1WogYWXaOc=
KsZV7Zad0r0=
+9ZaTd8Q92BVcYKIajNmuA==
zXjpDY29ljE=
I1wq2ToWCTI=
X2UnswO6LX8=
A3vGBNmhaZs=
+oN8h4vMYEA=
xsJNs5yjnwI=
E/9rBeGI3dg=
G3fjVBfyj+tt5V/s4aVpVg==
OFz42XEwk2u7BDBqZdYL4Q==
/gOeKvGFzpI=
jTQkcAJftcY=
QgCFZPyEOtTcVjWNn0LfsA==
VfaixhpH1KM=
Fe9M8F3qLBsAu++aFHqGLg==
eguq8JYlbgk=
b+ZALLNiD9E=
Jt6FBgBD49Y=
pwMUx2k2fWQ=
XFcJyZrKb+U=
UdB3h2fEan4=
oGMB6TJP4D8=
yvou4ULMjXA=
sdl1htEukFc=
9PxwIFuRDha4Zo1v8CeKiw==
BcZORqxF52M=
Rcf5DQQpKP0=
5MTpS4guabw=
LFo6/z7qehA=
n486v6NCvQw=
nxjVT/YMDS4=
/cSotcE0prc=
Lrj67xnPyFw=
+pJ6/bugfoQ=
GSbKLOFLkRQ=
9JjwR10fCF0=
WhHKeSfQnro6sc7xh+RZ/Q==
ddwepos/uww=
QyE0nKkRro0=
MP2wF/aEAxs=
b+RTCup6zEw=
8rWy4onYf5s=
IEpCY05ejn4=
V8F3s4zOC7A=
z2RYOvaql8c=
sJX66rQUUmE=
acUEvfLe75g=
cWcgywhXfGs=
t4Ur/+EbVrc=
xSklU+xEgXo=
mRigMx7Xh+E=
7em1t7SsoNU=
X8NC/hm6Otc=
b1MIAlG9q/E=
6tv3hEYJYT0=
7iMwWhBtbqg=
rKD5TJgCnt0=
r07S5Loz70A=
VnA1CwVhZqs=
o1/+v1W7mxA=
vwrZGZHuYic=
rV+gHM7AVFI=
IrU+66ssBRs=
26giZl1i+jI=
hljC2uQw63PWnZOiKcn+xA==
ZUPHrv8DKp0=
if6igMltL1c=
GgKXErboqeaDqhg2Q4/LLw==
ZuuN1JHH5z8=
pAQOKsaG+msbWuYo7kL+7A==
1SyfsWOkn572/VNh+TgDVQ==
WMtAFhDI7S8=
lgqxQRc2++RXL/UAgHEpXg==
Ai+Wq9yyNo4=
zAH/PdDCBXk2uVwp/AKekQ==
1Kh2f2LDHB/aKZG2g4Uudg==
DgUtvCFsyC8=
YiUkV+KDmO8=
ewVguRBiK3hp/9j0Tz78Ng==
CCTnZUmIiko=
mOmHQ21VWqI=
1mfYgZlNDj8=
mbNuCAPiYsk=
CPKtk9jNrQ/ZPwzUF9NoZg==
Gx3ce5aPmmfIbLZBMfF+UQ==
sVcl0BiSLCI=
fuBlAWVS59Y=
c6bimccX3Qc=
BG/AhlatiLo=
eam6AOTrx5w=
jN8tJqZE2HKNpYOQVp+GAg==
fe/AeCaM7zM=
46xuzqQ50us=
JDttiN1+igT9TfTBnOtxPw==
cnINpdEf128=
tThlkfsLhCI=
ou3RX4HQB6o=
Hiq+WthGslw=
JDttiN1+igSyLxjLbQ5qWw==
qtsDskO3pPc=
gCDv1PA04xc=
u7C0cxKYodo=
XHhitBGS6/U=
gUogg/uxeC79NhlL4o8Jxw==
OOwh0hmgrEL3LbOKjwNbdA==
5+S/9XNCA5U=
NQT966fQ9uYN6m552uhMog==
ing7fMutiQoR52slwLkO3w==
MVdkXPKfY+A=
TUnFjuTm8zsnee3vQtpMLw==
vASQVh7UlsI=
0BMw8Ddbi3E7eBmTmDQlCQ==
PLebLquCPrSHLuzDEf3mRQ==
6lCTH4VfbE8=
K6Wl9UkmWUY=
ZXjqjnC2msQ=
ve/NI9nHQ1Q=
kNMK6sU92a0=
KBjstgoSDC5faIVFX7RHDg==
Wjc1lwTjdGQ=
gyNt1IeRkgakILRstnSC1w==
J25l4uu5Vxc=
f9QTo6yMf3U=
SdpKpCAxpxbNMZllcvyueA==
paeMYjEigyI=
LJrLR1l0+WY=
feWKVyov59uosrsauQF1mQ==
QzvubybUmR6oZ4zmJmi+Kw==
FCTLoFD46Bk=
elwVGweuyMI=
DgDmBrzddETC08/MIi9liQ==
9wgTcYZ75Pi/yLzvpRlJUA==
RczAAj3YMOI=
QEJ3Pv8yPPvkAbU92C3erQ==
9VNI3sV23FKMNMQmynSigA==
jkQVaGBFxq4=
1yyFksAutlE=
d0CB9qEqiTVWZ49BXIckdg==
d0CB9qEqiTXmqZuz7DsPew==
qFDQCiO8MQk=
E13M0nVe+2M=
mPbhapFnKbk=
V9GftOM8JedbUFKYZuzzYQ==
V9GftOM8JeeXs0AmdneXDQ==
O14puGyHwEAwaA3ZmVHWQA==
O14puGyHwEAcsWZb2hEAfw==
zxi0z0OymPoQSqq5vopJyA==
mWLfiYC32Xo=
VARhGbs6UuU=
sYQ0X072ysw=
eSmvMqvktIXh4JV4NwUsFQ==
Q6j8lUmaGIs=
sql4Xts+Om8=
BYH/GYfXQ5U=
5Xf+qjmreuE=
OGt4rao/Y8U=
2wJrqGINRFs=
7CQwAxlZSbs=
7gZsZk7kTqw=
IAAGhOC6OlM=
HfIY97Z4IYc=
FPdB2rUpsBA=
c+GJpvhyWGNgESbxBvWfuQ==
rQqkWOCO0gf87GfJ0cHwtg==
s3fN/e35RqU=
bbuNQVn+96K9ISV8hYc1jw==
4o1PFniRmhA=
MxJQKG37zT0=
fyfuRZKj7qCMDQVI3+UCEw==
lwCe3Qjgn0I=
jOvWJEZ7cGA=
Y2J6u4EjHhA=
7K0I7kEMk0c=
+R2B4DeUsxI=
dvTAz2IXjLM=
qgV1YHwUNZA=
UPgspmpvVjY=
ksClv3y7J/I=
/dhzIKFTHB4=
ztltckbq4pY=
8YnqqNqyze8RU2l/OjdBTA==
rumYBHQSgak=
A3lYl92KMlo=
jOOBwDeDWpsCISMIztWKRg==
lj751i+Mn6g=
oAZ1+ROS//o=
tuiXawBKsrM=
f5QRFeE/2kM=
OQiSjhOl4BgpbwFn0WhK9w==
YJ1yOSsc9LU=
kKUTnLUP9Ko=
GhJ6Kgoj2Gs=
6lFwjCvpY/8pgOqb/l5xjA==
HT/WBUTh6ss=
L+KIRHyPom0=
Mm4AzelwiC4=
PElV3XBekb4=
QGWAj5cxEEY=
3rWe6qmyHF4=
WE6Z3lRi+yk=
0Vhi3Zn2UmY=
60jEzzG73uucSdeU/hG7NA==
9ggmzKNT0Sc=
5HN1jZ7VIrM=
IeaDUZiv4kE=
IGExkn2z6Fg=
yNTX0IEncts=
+pUdZ9859iQ=
Ng24dwkStVo=
H2ZM/Ypu+to=
Xw8UoMhVntk=
MhK8P5cUhVU=
YlheFrVbtdM=
u6QguUQ0HEA=
3MWZaUbLay0=
5/WyGVAABpsZoPCI/80WYg==
i0OI0dyqe64=
llXyj4Bo72FPx+1TW0ZRuw==
d1IXcmKfeaLEMw/V2dl9DA==
XDdb1eOCiuiWvMRXaww/Hw==
QTjuOzSD3gI=
AZ6qaFjdHBk=
y8Q+PPRi2tI=
sLQg49eUA2CEnazmGoqESw==
TnoayQh1cvI=
SSaDA7zsHB4=
PfpJdZOKlnQ=
9ioagch1wfI=
1NzPTuXhBTU=
QkAM49NMKp4=
iU+qcAaXe4Q=
GfziYc9tQH4=
w8Mx7AE4iDY=
43+47t4WLku0tXCRkSpZig==
CFQv1JDYRsM=
mANxNwSpqs8=
W8ZISGRFmWA=
hzzotmMc6wI=
mFH6adxC4VB2jVZ2oCa3bw==
CMUfA32kl/M=
AXxHcHu3sBI=
Qdmy2FGmqY0=
IQb7oSwuaKU=
J5FPIVS6kLs=
wUe0vCEAokE=
HWIMmEb7EDM=
BgoC5t9jF/M=
d4f1tWXp9l4=
bz4Zs9g9EEc=
XZR2lr9CGZw=
BST5omxMH8Y=
0TsytkWAVbc=
4pxNlPuV5c0=
CT1YpacgkmgsBjONgezWuA==
GrlSic9g0bE=
g/9xDlqmrHa0+a8Hg51Efg==
cLtA+LBruZ8=
ufnT1DiZjPs=
pzJszQnPtIzFkofwTgfobw==
P7y8QikzZVw=
o7xjFgwXf6uEU04+zVzhMg==
BxVll2Cc6Qg=
aQoFUHNoao4=
bgv2nHY6E/4A8ToUbqsPsA==
W/obqZMiX7t/x0SKG6dXPw==
oIz4mxkV3qQ=
TjW0TEbsg/Y=
VgxmWao50E4=
7rdpGD8izdQ=
a/zXA0b/KqM=
HCIBx1wK4IQ=
/Jv3MmCAuO4m5b8J5ITOzA==
Me7r7M7QWfA=
E5Xfv9r0dMC1xTaouXeZxw==
Oz3cmjjGoeU=
aw7A7R1ZA14=
Hi+EqvvKpvA=
ZtZdrlqdnaw=
pwDzqD2hqlQ=
U6zylxM5fiJKGxoDZhRlag==
AVhMRAQMecolZ6KDvFIWiQ==
81Vg1S9iCNnijozAa/XjjA==
IbIHJdbYAOI=
6SEYwq/xM0E=
4zXak4KZ9tg=
VPRLa8EI3WA=
Npu0a0qEYC0=
qjbzsfLUFWI=
+TqPN/2UbHI=
RDeXvS7yQWk=
NDTqQyXtb94=
oU+sRtb1t18=
gAK6aRNXqe4EJaAgsfLnkA==
6gPgAvToTmo=
90s7pIpF22o=
LVUJLuCUCMk=
+MQYXtTLPz0=
4vk4B/iQ8tg=
VfmIBrZBjUY=
M2/cmRhpDFY=
DAbXYA18xcKINzhnxp4Czw==
MXgyjy72Q/w=
rnWlB8zVDYY=
wvPvwXAnphI04do43+rbuQ==
uY++jXIxJOjqG4ZoxO7aTA==
Sk+40Am69NA=
arxfzMEghUY=
9ZvO/lDzw3M=
OiqQfVpvgp64ypLH3ktFsQ==
0lqW/h/KyIQ=
6yILFoRCDDA=
PfDaEwoyvtEt/pn67MIbew==
X26U8uOq8qGSCU6p9kJnXg==
vWLOgLcH/Lw=
tm2RYJUMCj8=
+NyiUzehFeI=
A9U1Thmx1Tw=
Ofuz7w8p1ENBx+MbVVuL8g==
ISLeLZJGLZQ=
VF/JpSoFoQwClH+hp97HWg==
2MjNvzKfqyw=
Ha3yvA0FpNw=
5YoqflOZcEY=
JPUvRoZZhGw=
9v472ZHNhev8XPHUAbasuA==
ofVWSH9h4Ns=
zFwsNay2wQPF/5L5IKakmQ==
rliEIx7Y/nqYhv8ERJAFpQ==
0eyltcV8TAI=
Wz8tg4FD6Ss=
GCiA9ZHZluM=
VYaApWclrMjglxVZrlgxNw==
Vyxv5nfjRYE=
Uf8TYlTil58k2EaCM7S5Nw==
r8yKTXs/ZR4grxSbd9e4Lg==
/o7LrZ9T1RDe5/tKp0shOg==
1lTy05Po9eQ=
1FpAcn1+avA=
p+DcoIQkzSs=
JPKrhl1fMD8=
F/iNwaPx9MW4ZPsrApx6yw==
5z7NR7/Bf5I=
KfLfXHw/07eUFo1rxVEF0Q==
tt+MGFn+svo=
46k7IzdYtiE=
26mSQMCAAj0=
vHuZCk/7lHU7AwZWDry/CA==
k7MiRNX2yYw=
HFCLxGuxyk8=
Fp1mFNWFcnk=
hV3dIQ1PQq838EkCeD4CgQ==
QytUB3nsph0oK2jIJ1C2Ww==
DhDuHIInEVA=
Yxt2bAFfAi4=
4UkoM7B1WJI=
KDH0IeJZEaQ=
ke22UHaxa2aWgaslzKAecA==
/SmtPgpw//A=
5gy5iYo2U68eOlTXsk697g==
QjSm4wrOIec=
Efbg7MPUZ6M=
RL298KPd2pM=
tkAMxOCNNjU=
T8wlhafhUqk=
eyBWm92YvwE=
DQIQbTWm3z0=
/pmWVOrtqRs=
LbxPybrj9ORgpE7rVqPp8Q==
HFZ/raPvQqo=
xcKkzwrqQ70=
zIutqOPRYA8=
q6bmi0wqA/XZSsb+EqY6IQ==
x6KwJ89UwiwarvLt7YxZCg==
ujc+vfzJm1ukm3/3huzOhA==
Hh4d4hmTHyR24Dqu5KudVw==
KEAR4kaCJRwqqot6f2F5Xw==
qLF9BanC2s8=
at/VbRKjguI=
PVhmnPyO/Fw=
I8RUiOJ4BKKoZ7Cn31qe5Q==
LNdxM4tUjiw2wSmK6ttw5A==
687VfNnVYWKd7oE6f2Si0g==
687VfNnVYWLfs7MesDRNGA==
k+vpchdw9L0TF6o6N2fhkQ==
YO13OuuPqkoeaiYTo3mbRg==
/gTt+4lJsg/66IQMTmI6aw==
5cjMrjPVEmM=
gOXbMWgTx7MF1fd0b8y2fw==
bDhiIsUZub3NYGuU/oZZyg==
eQofE55XT1VppaTQE8maiw==
mt8j4IOhf5k=
7pcTnel4vPs=
lNZZKa3uFuA=
6DV+6wU6XEGLEhzMZAk8yw==
u01mnOHq6A4=
pJEN8dwwmgeybKRIWyqoHQ==
ZHq6Xac2AVM=
kgE0UsL9QIo=
sX8Tv+4Matr41I3tAh+2gg==
GOa1xxLPdbvCZ4erDvW7Rg==
p0a0b8cM9wrc6VvLtE/v1g==
NTAEw5JFRxn0KcjyYhBgHQ==
KF34d8k6jOw=
bTvNjenAAeA=
khqE8TO/Vvc=
BFB/n1C8uQ79OFqotf4wJw==
jpfnciqR69tejRe8qHK83w==
Nu5p7B131dc=
Z1uJRki/AKE=
bw62PQlh300=
ECaMd8qDS/VH0xXXpzt3Ig==
o226vtvHf+g=
QXTQI4ThcBssik1gm6oY1g==
sviSAzLHLt4=
7J4jy/t1u+k=
oaOBbIlMwHt7DQkSEAd5ow==
8n8WabYrC/g=
kUC5a8bJ/qs=
IbYAsVm4SWA=
aaXnunYGjT8=
0DTrl6QWkis=
yYVwsIxvIxPOuQWKe+JsRw==
wh//gvaS1Y4=
YBqHyYSUtwA=
v51ThKw/Vns=
bavV4sdPRMY=
onznr2lDGj4=
UgMexWOIALY=
wsD5gwmPm5o=
q7fEbVxl4jteCGWaCFWQIQ==
7RXnBDAeRzM=
qr+Wz7STugo=
SSrYvwb9dpc=
FETkx+AKhJfms7nin5vT+g==
po8Pt4YJh6M=
jlOeWzcaS+4VaMFFJsbvFg==
a8pyrkewjHc=
03npm+8luvg=
04vSFvUFEIo=
8TSBz+1X9Qc=
mq9vdJrQmXk=
UB4E5+GwHrE=
8CM5+wxL5Yk=
E0HUgtmY58JmHvArqcAVXw==
lEGyqUNx6jpaJdtzqtNohA==
nKOUntphYY8=
MzOftdE+eMw=
/73Xrvku4yA=
676agyQdQrg=
YXAaRWWaoqs=
IiSB3gsee6c=
m4Rq70FD4z+LHgaL/gnX6g==
b1oot+atp2Y=
FyOgKcWQdAs=
S9IAuUSGg84=
makoo0Led7TMyOfKqgRPbg==
O7xS+mq5tJQ=
6C3P/DIG9/8=
bLVUzDLMqZw=
ozmUNXBMMyE=
CcJBegeKqBWCAzw3TElVBQ==
5HzAeK3mLAk=
D8paA4QyIPtAKeaTScdyjA==
xhvzUYDoX52KC8uCed2JFg==
eNS1trV94MgdG2VLL9cmCQ==
+wrIVmmvrZo=
u+Ec5XHXbjZ3lsR8mG1Imw==
RlH4GacFJVLe8fKX+KEKSg==
XOScv6iTgqk=
sPJcHd6Umks=
wAy8erdO3hQm/Yoq7MSHlw==
dEuOagl2o9U=
dwgwy2kDeOE=
5JgF9j1rM+s=
tuhSSqTeQEU=
IpoqGZJAtfs=
4QGgis4+aAg=
CI0cbl2BXzQ=
tn3/2HBymZ8=
2ECDyNBN8ft2djIAXOnM1w==
HQ9hAyEyn/Q=
6+1+un5jgbY=
zTkkahsgbJ9NOEGzBUJ4Gg==
ApYViuWOM3zHOnzff6tIoA==
zSUkJQCh7vk=
B16ltZEgucEUA2ik8moKrg==
+yeon063NPE=
if4rowEBkpY=
it53sq6B+Q0S+emTPMz0zA==
GFpQyjUHM2Q=
eZVW6D/mUOI=
Aiw9j2Katnw=
Yp/2vqFom20=
WAV/qjTSmCA80o3ju5GeXA==
CZ9LcoLjSyU=
KjoK3JAcXy4=
JivXFoPyJZM=
NDm4CYYxVgo=
l5TbayBV2o4=
bV6xbmL4Uww=
JsSQPKS/F0Y=
oVAN1PslyIM=
O2jO8fKSh30=
L8yAiya/Wio=
q5NyypsJW/U=
Gb6bfvT1Dxs=
sAR9ZiCPviAi1o7GORSZaQ==
cu7pH1ekaPs=
5i1Pj9A7uV0=
7rGjvuesCCw=
f3bjQ+bpAq2g8Bfnr+AmLg==
eIM0D9dWRKU=
In8ecgha+xU=
VEQDgY4bJjg=
u99r2WJA1Hf6UeuWWQ5rTA==
csTVIacxtDyhBi9+5HkBaQ==
JfSUxm9C2/U=
X7rE80huOM+OV7cFArtpiQ==
1NfLLLoZ3evZVKmPSXsqKg==
671b8ZGTcTUoDLVon6T1Vw==
w8FuGsg6FWU=
HjZNaTf8INY=
9YujD/n5dbs=
8K4S+1AmnSw=
SEZv37Nuq68=
x18VrMB14D4Q3UaKuz1XtQ==
AcaCd7HnxZg=
eY4SG4fhr14=
ueHxzHI5ic09/DFHErETaw==
ueHxzHI5ic2LXAHEjM5Slw==
QDOAZyTrKcg=
AC8NA8bOCew=
S6gs7bWIlyM=
ahi3gfFIcz4=
ABKHie8N30g=
kmH9yRSPAg8=
5T1pG8IXcSBVJZpbb0cmQg==
2KVwGids6aE=
+EK0332WM+w=
2WXOB+tdioJZstcciQk5hw==
HZ31QTK2lQA=
s85OTyPmYkI=
FDb+FYwTlBI=
GNWNOvwHu5MANcroj4iKVQ==
JRcG3/167tA=
jwLZj5vWKoY=
qBuRA5PawYI=
OmL6xzjSSrg=
GUeorjSMm00=
mVC6LUEKzWtJGX8QzsckIA==
dLAbhGy2qSw=
Bc+HOEAPMlw=
MdVoMsLOe7A=
2ghpNecpId8=
NDwPzDoDFAk=
HqpkEcOPUy3raYmu2Efg+Q==
gkm0r7yQnas=
pOcGwEzCUcg=
rSPBcjqiFmM=
cqKqZ7fqGzg=
1SoCzMxN9OI=
fz128BIAaG0=
LHpubvvWW3p0zyjdKmwTLw==
rL8p0seNCAY=
eFOSN/yX4VixBA5mRZAcZw==
5uEaVHPTsJB9S34cFyrAcQ==
u1uaWCP3lis=
JkEkJNGbgdw=
4jeu9skubyM=
aWPI2F1/pFw=
slop5xanbrw=
DZUcftr6+9k=
O2pO30V0U1UD0wHGGzwKHQ==
zsWLGNHnzBs=
buAa8EwB/cI=
Ccus3NMwfHU=
kjS5IUnAjKM=
N8RQXVkdiIA=
Mh/WNozp1uY=
7mouZYK2tA/GaeAgvD7WUg==
29kEcq2UMw8=
FZ4SDFCvLWE=
2Na7aXI8JQ9xD2nwZnbHzw==
F0zYQe5mYuRcVeIVnTeKdw==
4/oRwTUg1Blbg2zKQqhbrQ==
t9tzKDprPvnPu5mHBljJcA==
wxIT2CE/kPfKjgD/+verEA==
LEBoBVEwGMs=
5DzOTkOU7eY=
F9erf4xfQPI=
UrfZXnNJpddOXoMd+z/ugQ==
G4y0bgA9zQPJJAwCALIAHQ==
vCUheXelHCM=
PAvNCtIgPS0=
9DucOQbGcM4=
tjirxvTcF6mjrx/sYbqXBg==
UNXHGZLIzaO3tB1+MnITLQ==
FXcSRbNsS8o=
/Ifa8fU0cbI=
rKGpJX0Wf7vHEiBYQ3+NbA==
wYjV9R/txKxRhnuFY3apTg==
yK/jQzqIe64=
8F1PKk5lOUA=
csZK2p43DfQ=
DuSxGTaR+QA=
akUnI1jtW1X0yamFkXCWlQ==
9Pj3SBFCmaA=
ECVh4j+MDSrLNhacoURKxg==
F8IySs4FeWCzCPuPssZNlA==
1MuRN4FHPRU=
Z05jq6X7GLXJusOFBtItpg==
mk9Ui0BezA4MdeMx8ec3Ew==
5z8PEtb2eFQ=
ZFlnSkFZm5XDIst4ODMy1g==
YvCkGfQSqmVh8dUMoUpdqQ==
FJejVtSmpAXrN/51r7TH2Q==
XYjqhyRdwAESGYEjGYzxSA==
tO4ESbY7LqbVlnXYqpNEFw==
n3rVQLxWU2g=
ZQKZutB1ELk=
NJ8mxh89bIQ=
wC3jb+PIxCs=
D/zK3Jn7/MTsS0bm6dLV8A==
xkCr5hjemAk=
S7+zL5liu7M=
boC1u8p6zx0=
n5xBklkq6TI=
akhcwqZIJ+k=
niT1rOQPEPw=
G32k01wp094=
i7Gq3pjILhQ=
Bm4MmsaNVPsGC0AF+6bRgg==
63SwtHQkWExFncd88TMHzA==
rtFB9vNlmak=
SN6Z/5HGVVU=
u4lh+3kjWq3EqZ3W+223NQ==
jY/feMqQZK4=
X53NW3k+vuI=
tzMXWUIMe9s=
aHVI18+VWt8=
yptXdmacp4Q=
Drrwlg/sqBejxP8JYshijg==
ZmKqfofvZ1t2s+4Mel+7qA==
74oypYKn3UWfLptpeaMzvw==
A3d0tH78liE=
Qj+5Q+pdD9Q=
5s+oaOAL89g=
Agor9+wFsJs=
OAEryc4qogg=
xgElPUVnSbdKzhXcl2l+dA==
bBigkm/vrlQ=
sxb0OyD7VPwLsd8ZMLyt7w==
OW7N2gyTPtI=
ZDTWqRpbaLJujRH7HrbCrg==
R+lmyZw/1rU++UUEb/x/Jg==
yZvyBUe0+BlsGtlxPsbv1w==
xZwyC6iQx8P87NAJP9UCOQ==
Bk8JSMFw3o8LXPbRosNl3Q==
XM1fTrbjI5k=
Db+MnP8p7E8=
KuHMwPltEgU=
Ixg9jmDcvn0=
feujumXRRBU=
IkJbURcHEQDgyoHRew3p/A==
wWfHoIJ6mXgJswqOE+SAzw==
s+40wsE5/v+W0lfsiH0tvQ==
odxZjT/zeieFAnP2gLJhAQ==
UJOXCSi0fc47WyfGm8aOag==
R3T9nxNwdJP/N7gNj3+LvQ==
b4q0lK45ToBU25Qjg9uT9g==
K985lJL+C07MkAXEpgGBdA==
3bPp6+5ultc=
+oZvVCtIqBvhvyMuUwe3og==
IaZRGGYbMw0=
S9oXnesSv98=
Q0MXFAqblHk=
SSXWYDMlOzo=
bmc6qUj8T4c=
dMegm97FQjw=
Kj9QV1N7PKg=
agPPgfV8P8JjzSAPIWcbFA==
pRfH3gg5AuE=
cYSa2/yfn7jxPLStMfTSdQ==
uStdgxvBLBI=
W1c3Rmpt7L+0SZHzplaaIw==
fLd2kgdpanE=
fQ3MG9k6ENepTVOBdCpBvg==
imOSwetPyoM=
vu2pJ87htDA=
H3IJPgMlNLdmLGrir7b48A==
hSnk4aaqdJUYuBBTPU0ZAA==
ArfMG2OQGOa0hEpOj6rTaQ==
OZONwSuRXaI=
jVWyKtpR39c=
pn3Jru1X1fg=
eNsAIfHOhw6LSBRsYup/yg==
eNsAIfHOhw6qQt4yrFHSIg==
rwabLcYhANQ=
Nkt9ZYpW+ctZn/0pFXxeug==
FNlNYosDeNs=
2ehP47Bary4=
kozCordzrbs=
nIrUxajYrqQgzmXgTIyl5w==
gU9MKDhHXl0=
mLaOj7+jlYk=
4s2l3idTziE=
vZ8dqySKK9G3jqamb9WbBg==
fhGh0Ia307E=
JTyeRWzFnAo=
SEiOjiIoYnU=
6nzXOhKbRHI=
D7hGmA/7exc=
AlQg+YtOiRY=
Mxo1qRM2nn0=
nNScsRAw8mw=
rM1xoX1TXOM=
T2p2f12q7xg=
5+6gMXAUDPoclflIkIH/ow==
AWhRUYHYZg8=
PiikG+ONj3q0+wQQ/idk8Q==
+Xsmw4qupEI=
0HBKTlVUgQU=
TD4casPjvg8=
OgE59jvHUKA=
xWB+hCH6A3Q=
j1fxgBxDAGI=
t+RUj4Dqt+0=
xwoYAVpNwa8=
Yd3LiV1ED4w=
322FxZexKGo=
6RMOgUn3NHU=
tvXxZZDKR3U=
MicUyJ4iYkE=
q2jdOqXO1EvyfClI+H0PPA==
fQVeTHKAjg0=
4Yvu14O10r0=
Tq1JKRXnmv4=
eZHQCICDP1M=
ANPpnfFam77iwaZVniA52A==
b1ZwKxcrEvU=
2SWgRa3jPg3Pmt1kY/S84Q==
7CLqtVqzSfHlPjl5r3fCYA==
KdVOgPUk7I8=
U1kvukaWTDM09cHx6RRwgg==
YdIs/+LblXzEUbxuARcCgQ==
Y7schR7PBI588gQADN0kFA==
zGt3+VlpmcfrrCcF/OuXhg==
mQUfCju8UBw=
x8w5IyP9DJTyUFhi5tVgVA==
x14DqyVJKnR+utVF4mcHEA==
OjKZlo6/Tr0=
CUndvvxb8EyWhqzizT+JpA==
E+SNXINtH0VLl8Kwm8qJhQ==
jsEvA3dPGJja+CUtGzVgDA==
7xtJEN55aRKkyybSXPi/zw==
kNmXmvRPrqsBaoBXJEUXWw==
yeULDZy3pmj4OpHUO8IRCw==
3OOGVtpM0Cg=
NQEwWIcCb40=
7VXtfWNtKkj1LgWDb/9u1A==
g0vJZ6pCVC9o1NUln8veJw==
E1XeA/J81Kw=
tXgVWDR44u8=
ktAG9pbmW7E=
BTcKAaf60go=
cijuXt6z+BQ=
+08JpJZg6jE=
Y/bXbzMvjEc=
/GoFNFXJ99gxwKEPHXyYcg==
WsEfYfkcf3U=
cNayP079R5A=
UY9k9uX+rp18XVdHjJy6OA==
QqPnqlJjWo0=
Wn54rzyRjb8=
OOS96BLPDi0=
aYryR17GhnU=
bdJKveo1++snxUwFyseXZA==
GrotIt/b/31S2TTucl2FsQ==
giX/AzrHP5i1ziqY0oOxyw==
XQMZJOqUpFI=
QMO+hh9wHr4=
9nsxETsgmws=
+lL6Bn82fak=
fBLaEjnhWiU=
a8g87og4oSU=
eRTKOVQ5Sxw=
s1rAC+qFqEo=
P1ybITmGe88=
dTzUK/G6eB8=
FQa0/mXh8is=
qt9cY9jmkwRoCBxhPyyL2Q==
wvYfGDHPtwy6UyIqQLnFgA==
RyTRxfTD/j8=
cs6Jzouo130=
0w9AtdI5r4QrBIQdMkLS9A==
Q6MHCxb1/1o=
hw93EJSFG2E=
iG6tosKYQig=
ANo12Gckn6M=
SJ5Q3LRKO0JH7tBHdeDnHQ==
k1W78Oi/2b8=
teLmeIHBBlI=
cGYHEJZ+mBc=
MXUArxlSvy4=
MF/bPepvXZ4=
iT1NxZ5bpRw=
HyyevOoNOTc=
lDecwtYWA7ndXi9ysoUVRg==
Uz3J9s0f+F0=
6ApJpl5kQypU8gWdJW9RTg==
z7Zj38ucWhrU5T6dqSTmzw==
ZeEJcKe1ZYc=
5pFyyw0uJz0=
xLuCF7j/GANsMdHMOmgt0w==
trVI5zXlrpQ=
85fp0Y0QeAMYLJrU6MAKGQ==
Y71yG6Ncvss=
wSBkBd64lNM=
jgFoO8m97p9rRf4QqNH9rw==
m/jEM5WLJWajf47NYpueoA==
m/jEM5WLJWYUR+w90jF14g==
+wDLj6MCpxSN4IiUMdYQjQ==
hvtHd/me80c=
oRWTlscR55FoD1dyQU9LBQ==
hBwMqBQ6Ksw=
oyaSMq+HUKg=
1s9gHIWrvE3r079Otv3lTg==
wqAUFQayyoTnBq/tjJdpaw==
ae1JxUpVYcw=
VfC3EO+wr8k=
vZ9eyn8krwA=
Xuk/z6cJrXNgqU34mL9Cgg==
A4jnXI6/ckmT85x9T8VhPw==
ONHACIP+yms=
PQafif835HE=
iwi2adB5H6e9VVKV/+rqkw==
C2OxxTMdRJSlvIRFmLnELQ==
0Uu8XZEZ7VbCCeoSRjAzOg==
Qk8fc2vtx02b/IvoA0RluA==
uXAx96W9/VnS4Ncm1STm7Q==
rqT9/DqYJJApar5b20qnLw==
L6CtEl69HZw1BQFNzCnzYA==
7wyVGWD3oUU=
5yoME9TEAYE=
fJTziLoT8eA=
IPep5ka4Drg=
h0bvdgd8OYr+KRODL56i7A==
5Oj2SKsB23A=
Fsu2Ignt0myu1C/2a6j3VA==
Hi82lu+CkdM=
s5RhkMnSxF8=
SO7kIMBJSVY=
iWLm8gMU1xiz9qORLCnWQg==
6mvtt8iJkQI=
M/p+QflSbMo=
5zgcMykuhqM=
T+v84Xg5mbtSJmCvV9l+aw==
MKoimO0SJ9M=
pCGQ7tT2Akmw+ydyCsjvlg==
+Jeub7MpJusY/OjEFy+XYg==
6NQWvGgSPCY=
9z/DH8eMqRMewUt5A+Hweg==
oph3kjBQfscw0Ux+TXVvfg==
oph3kjBQfse5Rt4Xmz0pkg==
WyZFTwZeWUU=
dvhogad0l9k=
RgI/K7vE1xQ6hghXEJhl4g==
W+j2q2TET7k9H9cumBo/sQ==
atNFuhTL97nrG94unZbr7g==
YNjlLY3W9nCReG2EDLlo5A==
otiw6f6D+eyzVx+TtfgLTw==
q5EAfDtok7iLuwz+klzfHg==
8TmWHksL9pnFI+1hwndDNA==
pnL1pZV61YoxHa6R6o87qA==
ntbmFKG23iLcu+AUiLtGEg==
wc2Q5W15Ayx3gJnPygWF4A==
4GPYSK3QpsRK6RObTjas7w==
PH0oVRs8vvqT7xDiFMjFow==
9x9S7GUGwIJjJUSoc6KEow==
WPNDmxn2MMw7yfiMBJg3Fw==
SJqyNzsWFrr1pj4tpGZeSg==
dUH+XzO0O3cmeFypgacsrA==
dUH+XzO0O3dqmZGuay+HiQ==
/2joBixQJuw=
248/UZDDsq8=
F5Fuhk9pznNcgUmgghdNNw==
C1jvzMu++DRzYM9DW8Yz4g==
k6qJVr0d5Ng=
VkTLMOFke9E=
KTUBf+Nhz3EFF/rKdHyPzQ==
Jj40x/LzLNU=
xldUxJZ+ADM+JI+Wx5YTMA==
36I39k99PQQ=
tdVRtPoohThzX2oQruqsng==
ULMIkgeBFhI=
9DcV2HZzk58=
E8kGkN+zEwg=
mf5yOYV5f/A=
Uz3r6Oz9StU=
K7tzast3mmw=
SiQ8n63bDCE=
9zDmv7oc4dE=
PDNK/xDzcxI=
l1iJEx15I9w=
ORuG3ULgCSqNyfylPn5OOg==
cNlmS6D211s=
OwZPUpROKfY=
XacGN+J8SFw=
lNyXHA8h72s=
l3eEe9uvbP4=
Ymj/gLWNqSs=
P+THMG86nY2myFf4rbiJWg==
AiETv3I+8IQ=
0q5Z/PHyO5I=
11VEs93kEGHcdHMmn3j9Ow==
jUqoGuzf7Oo=
UfMbbSKQrm0=
toodEXpmfX5lGNQ5scOIkg==
VEfpg02wzKDBvXnyOCu7eg==
2GYnxBNhewQ=
4WExi9s+ONU=
KBajaEDrlIQ=
zBRD3e80NBE=
Pnh1AXtoU4M=
A9J6jiolQ5k=
m0xP/DFd79M=
NLr+uAWn9og=
zGpnRstV0czEqybPuMSM4w==
vcLNT3F8UyE=
ekL7SuUZDcI=
7XLV1nNRWe0=
/P64aNRY9gklOKaDtTP/2g==
aXYbNNmT1iI=
oRpmh24jQUE=
aYmhhDzkwW0=
quC8F4AjgFE=
9RwheT5BTUmkeK4Rpbj0Pw==
sco8Uu+MlZI=
cnUD2mzlJBY=
T04vdTKH/ME=
jPzv1DAYxvA=
Qg/P6NlH0dg=
z9KcdBtPbeA=
l6AGJdzTna9HU/CR8NyjxQ==
uXO7+U/ZATwQ9IcKphhOMw==
suF6IJpDfhw=
2+gPkbPniYejxZ+c4eOfvA==
5MOIjei0k3wnDhy6FaeiPg==
zHDH7z8dDRcdamNPHImkOA==
v8G1t5xL0ag=
N0AZUnIzqhjs5CZKP5Ks1w==
NNvb0HF8cLY=
iaJr3ooVqeY=
NVWpMh7ZGfQ=
+VYIO0gaCSY=
oCsqWzKtTZE=
P8kR0Col2C4=
EXBjM3L4a3c=
QvtE9+aGEjg=
ThvzBwIZsdU=
Bh1E7U5wN4ISPAQ96/o5PA==
f6XRSKpyHOPAINWN2S3FBA==
diM02Qi+S+c=
LdXXZRYnFhlH4Uz8PeWncQ==
3cIIWWWsst4=
0TTufViPHVRVbtF/C/1zZg==
z8q3T20uwik=
2lhxzMqR+dIO8GUPMjkczw==
5RahTAhc0VQ=
OCX+WVVxAkk=
L2sJhMJj/TA=
f8WSGTiJVX8=
/SHrLV4d/oE=
BA5sEB5CKvI=
9WkcVTGpp69KDGSWJ5d9fQ==
FR5FAiIZsK0=
P2NPkzz9GIo=
i6dNKfCB3xs=
yBggwGIpNqE=
VAeXHQP+S7E=
/8iTFD4yi5Fr4x+iGXl67w==
+yRJ3sXWzi8=
3Tf/DHi5yU8=
8Tg2VY2BXi8=
qdTwydgL4rY=
hkqa43dplIFg+ERawaTZaQ==
d+ViCiDLnQc=
qPOC4OWdmVHhJX02LlLkBQ==
6dIVkTXknPo=
h75vP9BdlAB9J/oN8dAvjg==
yV9/iHokw1LVRA2g3kTfQw==
I7t+hIIUYBfyVt2NN4O3hA==
JTxLydixBbo=
LPTksA3bs+0=
3FldOEO6gaUG+W5cMolzXw==
PIsB3b+eDKenru1+dDNoiQ==
a9sp6z/MJdI=
/Ye8W75tWtY=
tQDZ5WseaS9P7U4EsT1fuw==
m+l2HRCg42I=
xP3nQKufkEFYSY29x7CDbQ==
LdYRdzin1ZPo4huiG0IT+Q==
5nPxf8PCbGE=
vRD/jTG/eiI=
s80N5h16t/6bLzUzNsuJ7w==
BWVEXw30TT7DFOc/2gTq8Q==
j4ajcabPhR9XKhdkhSoy/Q==
vqI4ge7GDh1WPnOX75mkag==
Szu9zfBLC06Ca37Fo7gF/g==
rAQBRMeJ/I/DZR+obMNQlg==
FTLkgzAnWxI=
NUT+WeEmy+M=
9ERipfFD2gs=
F8XbRHm6Dd95F4cBl1y5Qw==
cMh8gV+U5K2IdcbQt6Zd8Q==
QH1o2izMPMA=
FbghSoQdDFdrRjCH5eGB9w==
wzgv7i3SSR0=
+AaopVqavM4=
d3M2EScIOio=
Dr99fatqm8A=
pBRYiCFtJEk=
YBjqCEEjzMU=
c6jopODOVtI=
B5lpgk66Kmo=
7elAHRbM9Ng=
6SOil6SSmlk=
RHKUqvK6Yuw=
iNGTlE3d2ps=
Y7GZrnHGiXU=
SlIMYjmEQ1tWrzBkJA24GA==
c83ptbR1ilF2+419AQTqDQ==
NcrRJ96aVCy6FYlc7+g+6A==
Z++UJTbCHa0hbRkiv7o1Ew==
dZ2abjAoSi8=
9PlFgwO7Y4XUUYWtXS1yKg==
ny6Cenaz64o=
ROGTkVdd+Wc=
ORHPctnhReA=
/1Y7j/HtWjo=
vUu+Yn9usKc=
Cvr5ik+5ZX+x/ILIkHl9lQ==
5c+P7jUxgGVy0XhNrXpsJg==
f75Jdw+EYh0ss0Mchqzf1w==
TGWbjiLq4i0=
f4scDp2lNPw=
SOTwe0HSGeU=
Z5xEMsITAC8=
tI1YT3cOgG/Z4f1hHmJFXw==
0W6DjTO4+ng=
4VeSZdfWUm8=
o3CRjN38idQ=
ve0I4t50dtU=
LPe/poAe8VmtznyUlMZbdw==
osCBVrmInUc=
FuBD9VME2YA=
Bsa1Ciz2kS8=
2jdqBpX5L60=
mes7axww3Vg=
MoIa1/j2tTc=
DAULLt5DfxtaLA5SJTRVeg==
SPcxH+Hpxgyqovd1B7+PUA==
Dkr51RDH4D8=
dlRKUZ85JFvZLsIDxDDOwA==
x9UHxU7t3sU=
bs8GQEy+NDk=
UsdEivdYsEQ=
eZvPcRfWNS4=
9Ub4re14/tw=
kyqLSzuATQ8=
GznqJQoFPA8=
913HjjrtKdM=
J4cXTlSSmfo=
lV8AMbgdJR0=
0hVLkBXzpZA=
ZDNSW0EkRAk=
xQ/tigLTtWvM5Mn6cky1Zg==
qWsrrIb/PGg=
Lc6xvsLTci8=
T9ecpgl8BOY=
sP53rSYZQhA=
hDH5lHARf0w=
GdVIFv17zA2s8BG0VV7lbg==
Dp8loEg6syI=
wKXXLXqSClg=
KbjdY7tWGYA=
jHED+ZOjwJk=
lE7AFPAAg6L+oI186tCKsw==
KvyYxF8S81Uk6V80njtT6g==
tVHTM7xg4gY=
/5U9dpu4xfQ=
EBtHargOjwQ=
P/t8ZZP5Qko=
bG59YB/bGFY=
einS1R8QOEM=
v9124HEqrsU=
yLd5kyWHea09A/oeIW9p1Q==
y15XIUnvwQou0ys99gGisQ==
EM7GXM54y880I3UskZn5ng==
naVl7Eg+rlMEb2HwVdE0aw==
WOc1U2qT9ms=
i3QgP+57SzY=
CVCL5qWxFN4=
J17um5WYFvI=
neWWFUV5Lw8=
n7XKGCNl70A=
+7Ffsq5e6FQH3aOUEAm6cg==
49Fs1v8Rd3U=
7oJI2zR5aio=
r5v2+1B08Yg=
p+CGX2kGxhlY8Ae0gmlGUQ==
HXH7TMQdkWzR2v0x0hqneg==
onvxUX53c/o=
yl6I006NolM=
/GMQ9+MSBAIj5xhK125iIQ==
afCNSf4f9c4=
Io3vbDJqPVk=
ZoLzM7o3OWo=
Lq3toCEdFXw=
zIHShMzRNjE=
rjTbwFcN29c=
0xblmvrAV0I=
1X/btHniGVE=
WvuS/uWlSRU=
kLpj4SPcyQc=
l2ANxLLz/2g=
ij9cfwkSL/0=
FS/yW0Zmet4=
ILbzBCLNQak=
4l2QwMOW2/S9czttA+jMfA==
u2YM8bODF2w=
TeihDA25JSM=
3SYrGizhqDg=
DShtVM5X3RA=
l4RcoInWxEE=
7Y3P264eEvA=
+jaU8LJUeVA=
DMSDBQeFYMc5sK7O9QAnSA==
UFzKXk35LrM=
DXpcEwQf31s=
ctxyWPFU6MDZfrEFkuf4pQ==
5QKUJuOmnJM=
WKXrH+aaSZQ=
dVBi1wySzSo=
aSNj8G2iaUQ=
u92Zg9r/XegOCU+prrhOTg==
wSwhG4sIQx8=
KiX6+9JhA5E=
kfQWteb1RPg=
cxfrqg/XvGI=
kVzmfIVvato=
2zglfST4BWif1a9NiMkGkQ==
LZSjtSZgHrI=
Wuxcbs2jZOM=
ku4/wr/FvxI=
NBpPbrf9dNl7kVPT3zbi6w==
zQysocvS0N8=
MfmAmHhBjbY=
U0kviv/xUDw=
EPBQXrAf7/k=
wQESMu5muUI=
bMMDtWaowFs=
tq18RykNJFM=
GEwk0pErGL4=
I2WWCoTjCRU=
1vvUv7OdoW4=
Lgfmd3mQKPtGYkPQaqWuFQ==
xYchf7Uur0M=
UcAMhRIZmcA=
bCKg+hGXGIY=
yq1CRqUAWKw=
0fx0VbXcF3M4zxo9yceCcg==
zMhCeSY/9Xzft1BJg1WcAg==
vF2mObNq8c8=
vF2mObNq8c8=
0fx0VbXcF3M4zxo9yceCcg==
D6mN4plt7pk=
M0Y05P2bbKo=
FCdVjZCsAcA=
36QJ1NGEZjo=
2Eo3PpD8fcU=
iGo0JYMrzlM=
cY8r3nAMgz4QL8bFDmz39w==
q2+nptjOD5I=
S67KuhcXmtI=
w+v/53OoeTsZvyLU5AP8sQ==
ibgrmmu7QIpsYF1CYaV9Pg==
m4YtG9FqWyA=
er6h6XxvhDQtG+cHA6pBCA==
kbr0bvDbER7PlATSuQgfkA==
dFEVUFe0c0g3vQCFbptLSg==
lFujGlTRD3g=
ymQPc1NNxIg=
ifzzE+2yhYs=
2dZn8H6w9EUv7O5NXlL3fg==
NRj0R+75oZY=
LeRVsc4AqYt2Fk+CVtnAZw==
o26PZaUy4nk=
LPhZAk//e5c=
tNEjHY3BDkY=
9x+DE2alux8MuKHq38qyJw==
9x+DE2alux9pvbBL4KR0SA==
JmaazCUDrln9eZGKT+Kabg==
JmaazCUDrln9eZGKT+Kabg==
9x+DE2alux8MuKHq38qyJw==
7IYq7tDmBHs=
RspXo5t1pMw=
KE6N+qkyyHw=
TUE3ijDGvnM=
ZfSvF2EtDj8=
I2c++ToBexRAfGqEo9g8mQ==
Dq822VD93y4MgSCI2BUKjQ==
v+kTNnjv2bDkEjyyZ+3W0g==
SpaKu6TKbgU=
RpwpiiJyB0mB80Gk6QmuQg==
Chs9+QslPq87dlFzIvCOhA==
lOzUD0pp8P5+5RUPBMhBnw==
qoLgV1OokOpHOQlnlVSkDg==
qoLgV1OokOovNZA8xA9fKw==
uUatYCEqBWM=
QAs3u0eJq6c=
OBnahI3doEICbQl1h5qifg==
OGFZz+4bZWo=
ctOtaiPoVye+jQmRZw3tOA==
7GQaww00LGNfTCAssG0+7w==
EO4kxygbGxY=
eynR/A/gTo0=
eynR/A/gTo0=
OZONwSuRXaI=
g8VZHYOhV+ctxXnZBabrig==
zvMuqvsjXSaQppGbQ+jAhA==
PzIBMeWEKCco4UDP1j9Q4g==
S+u8wDM/O+4=
hWbQG3NbfyI=
HX/XCCOPrj4=
rGUT10SUtck=
yn0KVzaIIME=
Qd+Nm/Vlekg=
dUhHG1mSNkE=
rCfLaB0hjyc=
GDoG4SEOJlQ=
2ydY+d8J697BE/efAFz3XA==
JBTw+lK2Gjc=
UNXY9uO3Fdg=
5AJaEQtPTh/xoPnHetiVaQ==
3SdpaH7JUO85G9rDbIcU5g==
nX6qla9bsFM=
onXEEToJY2o=
mvnVYD8GfIk=
I4Pb1AuuuNU=
ivJd24pIIEU=
xBaiNssfD1A=
6xlqJ97Ii46C6LI9F5XpJw==
rulfXh4SO00=
GFtluZ0+J/o=
aBn4XbESrgWQyysdH5H9WQ==
TtfZCi+Lkjy91CLLB7QfnQ==
qdEVSrcnVr2xAqbX0Vlt8w==
qdEVSrcnVr1e+CLWMR8V9A==
yM/EdeEMZZk=
3VpRb72HQzM=
SiCf3Vik9pB3UR2yHUbG8g==
iPlXY0lK8dnYgK8fcBBd7Q==
3Hi3E3ohFo2PcH7aYnOdgg==
VJAscC0SQpjrct25qOOQaw==
RmWAxVzI+yXkZLpZ7OhrQA==
s0PTS5ShsVnlpxokmQhSRA==
Vj2rMbrutns=
0/EnaSjKJRbM77H0GF41Ag==
0/EnaSjKJRaSUZTZ2VKJlA==
h8lTyaiwINigxT7qRXtktA==
Np1Z7y9cnAO6H2HWsjsyFA==
Np1Z7y9cnAPtLuKr3Uf72w==
TgxRiAviYL7LV3aEnViH/Q==
n9FCeaV9r+500UPWGTmd5Q==
TzJa8u1a8iM=
viu1UTnCnJs=
eiPWjtpKGk0=
DBQlEzmThU4LIYZAHIQkdw==
a38W0Xuio2bOXyXf/nqSmw==
I3daRrbL6ZBFfNOJdjshuw==
AdbCg+xJDW6yLjLVVk/BJA==
rf2+/5nJyAE=
S6R9/nDfaOpFsfapMwWdDQ==
0YKh65H6yQY=
3vzaAFX/lMOhEH9ipIpFyQ==
3vzaAFX/lMOPntbj0S2T3w==
3vzaAFX/lMOPntbj0S2T3w==
3vzaAFX/lMOhEH9ipIpFyQ==
fIhmIZzu+jD131IUBmd2VA==
NaPAf1x4FaOnUuXTud7CgQ==
SvP7tiSx5xeOLztMs3FV+g==
7L8OQcSYRKHpJySw17vHBA==
QGShEUmVzfE=
OPRxDtYJ72E=
RkhkatoXwio=
DcEAHws1DTk=
6+NsfxxeTns=
vZan6RJX+p0=
mA8b13DrIoM=
PLhYvuqbwWk=
HqGheSGsAQk=
RulS2CLDlfs=
M75/f330M+w=
/UbYQOh1kxE=
tCWNGmrn1dk=
nbSEf+8DQQA=
YiYPO4zt/mQ=
yN7W1nfXG9w=
iaPSNOOynxc=
oz272mrxsf4=
mCDGgbf8iBw=
8LXygHJlA3M=
2MRny3RUT/o=
YHZjx0iTngE=
1evDH6QVgUs=
hMC+apwIc4k=
yrEJcNM+5yU=
XfQIXgGaECU=
5p01tvsCNcM=
5apFwFuUnmA=
7XC367LVtiQ=
e0YhlOSxc5U=
b6p3wRomqPucdiRmanAAKA==
mMld4NVCBIqQdqfJ2F9gJA==
WfAHT+/v1vWzrmB+7wrFAQ==
rZd/L5CR4zk=
SYwVNjajrISBI+qpqwOndA==
oWzdUmqdUlg=
BtiHuVVN3ro=
M3X6i/MdoI4=
2jOnDsfzYMI=
FK6bJ6VwotY=
TbyPJ/erwdY=
np+/OWr7gUwEkFrldcSpPQ==
3RcB+dCE2q0=
77vaAVbE4D7fJHMGaROwsA==
PpgE2gTMkkc=
Chj2V9lMnQlFKVl58Z/K3A==
1kTP2BsvDW4=
b3PtbDlZqas=
1zj3fOISxE9RuS/n1dYQtQ==
KhPpLCypFgXOeUEeXw2P0A==
qR9ZkFyx7dU=
g3tINWytexc=
XXBq+lpp06ufFYaYdpy9HQ==
+pRYCLbApnE=
VQAN4rRpzoc=
wxhLoVHSP1EGFHz/aveeVA==
DsruFLcE5Fo=
OBUR56KczOc=
waCcZ3OjuF0=
hZC4qcBG/dk=
j6cDF9GS6g0=
HyM5Wya26HA=
mqetwIk9zYIFDT159laCuQ==
+Lb5M0QYYAY=
KbZJSOUv508=
a3GGsjhtxQA=
1HHbYnUY8UQ=
518lH8l9KTQ=
GKI6U/RubKg=
0QTV4mSOvg4=
XjHQVSM/Yfe56SgDMlk3GA==
cav5+o0X54E=
OJtZAzRjYaA=
2WG1KyIdUgs=
SY21hXrCpP0=
j/bFsbLkskudJMAfe5dDHw==
1oQbgdmS+Z4=
gd6q75PhVwc=
9vNkKNs6Cvs=
P8DEsinkzBeSg+pjZdg8yg==
pO/Sm0X1Ml8=
hzMkooQuFjQ=
Msg6W5aaIEE=
xR0JxxO4voA=
td/cnxy5rB8=
kRdPWeTMg2Q=
ot67HVnVCsM=
zG07G+vaMx8=
nRYPyPZht5M=
+P+AqdJa81A=
rCbV/4+BpPE=
W/aOGzZ96KU=
WqL/hx+1VN2pXMOhdUAN3g==
eARurvKg8Ho=
Jn37RfvuXWI=
bNuljM8PTK4=
OWOrqdDU6Ho=
TTFB6/GozhGZNFSrE8Ds7g==
fBTo62QLJRs=
vsMWll+xCD4=
EYfsAAxMAAg=
y1oE8L8QTdX5d42E/ssqiA==
uL0baRaQp34=
8BPb53FaOIU=
6mhz0C/etJElahHx8xdwSQ==
U8hUUl0A8bg=
8tjeJwmEyLq7+5ydgfM+Zw==
+LvCKNwjhtJBcKJhFVHjmg==
hoG852TPagY=
vB6lnhdYR/QnGo+nqBinSQ==
xaT0T4ryrWw=
1GFVNsZaJUCXcXyiegFK6w==
nsTwaPAPGa4=
dNGlOY6QdDM=
mmGXpIUSFqc6+DSQzt6kJQ==
LkjKxZmdLj8=
FyGk4PGOMPI=
1hZqgORW925SAC0JYDLhgg==
5KhP4SSoU6heSmU3R0Gqfg==
A2kKN57WDOE=
Ks8tCc5E6eY=
BwUQsjKvNZ4=
Xs2NX6W6VSNOk3N2aVlOhw==
NO4+N/+k5soWletYJhMq6A==
i/SXR8y6MTrt0xskM59xxg==
FzA4+f2RtyI=
ONzdoVmVGEPufOpYNTI6tA==
EmbjBKNKLtc=
eHcp3J/tdg8=
ApgfDkFQIW2XzPgXRGowzQ==
LWhHbS/TaWg=
1sm4CUUKwjU=
ILLtcdmJwmU=
S9qxtxyejsj+VC+R9JIf0g==
lBVRRPRTfLjVTuLN16D7YQ==
PXRc6uhf2+E=
JOKYfDD85X4KhVJsowGxeA==
SwgRhpbeAH8sq5b5qcbb5A==
SwgRhpbeAH8TXcxi+9C/yQ==
+y5YaKtEbDw=
jwyDg35PV6e0st3iEXxAeA==
9tCn2wUq0//qAondUJ7Qew==
gHcyancSRM0=
gvVxZE0bf4OL3MyEg/QDPA==
wmhCHJhWZGM=
8dWQHQ52/go67O8qNLjHCw==
t7NlLF5aFE4=
MhHIOnz+zOU=
Oih+TzkCxiPeroPDx2duvA==
/6PZdDJ0jE0=
z67X3J56mss=
DYqyAf4poKc=
njRKflYgC9mQ47mQtiIM6Q==
+7YuMFXgbUk=
xHhX2m1A3qY=
GH5JckJ/xrU=
3eTJjMJrTqg=
YvW2/61ydOM=
DYKVNk/mQco=
48QP48+TnUU=
z9GXMJ9/x4o=
NF+/zl8Zzm4=
5BPj/BPw1zY=
eTYKyzTkxEw=
ZG9ptjVxRzg=
f6aSGo0EvhY=
shqR7pnY8Ew=
4bhGWC2oAENivG1g+DoOyA==
5D4rQK/0ZWAuu1xAgTHaFQ==
8bK/MZCEzl4=
z8v9EI4RxLY=
bissq0kL+/c=
YGPE1vcf+GnjH4CZ8ddcnA==
GMLOQjSeRD4=
tO7NFKJxRIg=
DmEFKXBjSKU=
l3No/jGF+fs=
EMnUfV0Hh5ETqS6R/2ocRQ==
U48S6H50Q9U=
QB+cTY4htf4=
usxfasxl3lHIq4kmHNVvhQ==
rkHaocXRmj1Q9cP5vF1NKw==
hrp8oO0g1pk=
MNS1uOVcDSwqi9H//CcnVg==
B7JV0BqCBdcI+/KpzNql0w==
8Xp4ZmX1tTqPGTE+j4BApQ==
v3R7J7CiSstDpiQ8psb2Rw==
rums41FyYOE+3PFFbOl+ww==
u8ItJdC9F1z+mbR6F6EmDA==
Iu/+Sd3nStCn7vhAktcrng==
11DC3yEaCPc=
VVQc6j8WESY=
i4FQea9m4VA=
wU7FLfhrlHWaCx3mFP9u8A==
VFj0g6ef12j0o7NHIlCMdg==
CrqRPw0cxV8=
sM0tJTEPgc9tAX2sljZCBg==
xSyF3x2FR0M=
UpixfGQsBD0=
HVFVLZdCG22Crnv0f5rVYQ==
QowLQxNGHyA=
My9GIKIMhRHn3mfJXbMQpw==
0p1cLNfmRNA=
n+wYqqHKves=
kuXSn0AVoem1Vq4BdgTT7g==
vgOj5NSKNsRCD8VQVMn/+A==
Z4mJhloPtTE=
paFqa6rBUddtkwttI2kZJA==
paFqa6rBUdcCvsDYkBC30g==
8j1gFL8hRkZrmu69T2p11w==
8j1gFL8hRkZWGGoMIm9keA==
AUWOqrmVs8c=
gqJQPxKRuCn0M2IuY+UPgQ==
KRblZXmdLPdmoWU7UYZeyQ==
3mYtM8Gtp6GRnsAT/oRhAQ==
OMGqEhbVRNErQ6PdAezQew==
Uby+p8UehwribcJIFhizPg==
29E/o3JEiFA=
nKb1Gw4dSRg=
oDwk2+sd8ENUz5h5Rl+BVg==
dpA9/rydbuBPVUsx6RqvEA==
tT/udS5dtSpJiRMBAhiIgA==
uU1SOjlrCv/pC6ieQNH/QA==
UEnJZuH03C1DqxtrdeZQnQ==
8iVM8cgnfdo=
2fXFygXY6p8M81JJFv45VQ==
36Aed+nHLeKZTR1vzbgkAA==
wHe+NJ/FYVI=
C08L2YSvJ7KrABnMBbcuQA==
iZwHPVQuoto=
Wk5ld6v5Zh8dnI98Y8vokQ==
6lB7WhTfR7g=
eiw/t4+yGxHVGgv/PbIWMw==
eiw/t4+yGxEqf+9WOrFjhg==
R49fLYyzX4oG7xP9qEptMQ==
BWch7T4RlsA=
sCcN+3n8e3E=
1YpF6bdk/Go=
WiDoMymXZLstb5M7IvaegA==
sNxUJhBnUyDK8hNDFSiT+w==
EMkwwUa7+Io=
Bj+khsek8Hvp+huIb/tnew==
pTrjosbpbRycLvQhW6/jHQ==
kI8C/y7EADU=
+yH5iJ/YL3H+Dh0Q0WkE9Q==
wVWTgAxOwig=
txRVuPgkXok=
zmwaHZILhOc=
Eobdcd4IkEo=
K4Ymuau+DIE=
zh9J/bY8IcYUCff9BpHXYw==
4hyN8QgWj7o=
lxoOkBFhuPE=
ClGP3SLL0yqsbqAhWyGhuQ==
Qi7dksQ0ocE=
9DeYDOyo2PY=
GDROeNb39s6DOhsnHLuHgQ==
WT3sJtfUuHK7Dhk5SmoRew==
KE0p9Kv7F3BXK/EeRlJvNg==
KE0p9Kv7F3Cg9FZo5UM3lQ==
yW4bCuzzkvc=
VRu9tKm7wcGXXR2JfBkpcA==
gD+iNrx5YUr9ZoU1X4qlRw==
gD+iNrx5YUrlg3YYn1mqLA==
CvJ243s2WEE=
smDJzRILgQMzzKeSgcLhOA==
fID4S3NGZNfIiL+ezg+DRg==
B53t0bjnhaQ=
JXq/CEjek3JkjwmtfhXm0g==
+KWJbNDUnYA=
GCRsOdN3sds=
WCnFwMznMhc=
HdW7IErmJw0=
v/YAuQf2ZIM=
W8OSUqg2MK0=
kQP/T7Nlky4=
MCvS+UbxIyc=
JIOXwCY9ouI=
9Hd+/O2vCic=
Ye37YCfO+/l82lw3Pmk9wQ==
Swso4ZfIzZY=
rs2gy7z5hWF/vWv8HAvtPw==
db1PIv1kdQw=
BoTAu3ZcBNc=
xjeuv4CRAiM=
W7Yvkmy0XGA=
6zyBfWKBYJg=
NBiVMfl5bL4=
IiQwATRbaHKz6+5BkcfUaQ==
py4AWlbcd/0=
8m1rnyAdTGg=
I0G8JV25WMGL7pAdSds0oQ==
OJUmm3lZmyA=
dXCa0tcFZNQ=
dRLI5ia147fs3zmiv8W8OQ==
YdwzSUTAL0SyEQA6OvNL/Q==
x/7q1TvDHcymglxer7MfDw==
IUphfDOmRpNoaQQU+8FQCA==
MVE6xrfyeb/R1rA/i3Lkgg==
FFVucPzdt3g=
QCyR2QERIXmbFN2yctYOPg==
mGYY5cBBqJQ=
ehqsBeLDXDeclPdncR+j3A==
mofcMxSIY5c=
4idI6xTmvX0=
ctoBP+L5n5s=
btvUqulBEcRkbrlHbWyv5Q==
nx6imu2RSO58TelWGfSbug==
jgSLEe1lVLHBhdngtgNdPA==
jgSLEe1lVLF48YMA5b5XFw==
S8zyhVDx38I=
ZVPmflrHNtxj2fRuZKWigw==
SIZFzJ+PsY4=
SYGtma+W+l0=
jijeKiDD650=
sYb+pdjZutU=
ahY4tj9HeHTTkixtH4N4dA==
Iw6wlMHCqZSGoC+yhjkUxg==
Iw6wlMHCqZT1sbevLNUVrA==
JkS2RPhSBoY=
KKZGt7DQnPY=
XeKujqekT0My7dd6Q4zqQA==
Eth9ELBJ+J9/lukPqvtAsg==
Eth9ELBJ+J/hPWSSgIu/mA==
Eth9ELBJ+J8Q1Y/skafYFQ==
SNfZY0ZWPX4=
09nVD/pvg7RyoUFhelOTzg==
09nVD/pvg7SwXFNIywHv/w==
09nVD/pvg7Q/aWCULbpJPQ==
09nVD/pvg7SoSgcnszAWJA==
gG7H9hNzpan9uIQwpOX3gg==
gG7H9hNzpalUqRMKYvEzrw==
tuTQLx7E2b8=
lc+rF/LR/PkoWBFaHii4Nw==
l86x+b7yPmQ=
ACCZETo5ebc=
QArFtfwG7FE=
afsIIGzHGjuVeRwFq12QVg==
cbUUGFOZ0Yw=
dAN6XP6mms4=
Bn2J54PWElNzz1dmtV6hLQ==
MmtQyyGItHTjxQscmCkU/A==
HyNgSOyDai4=
s4jZCyXGESI=
uv1X3esbKLE=
opE0EKfomwehhGcnPmd+Hw==
aOXXNV7KpAnlIndqwn82fQ==
TdR5gLWizwk=
kbmwUEPTA+M=
fJErncvQxzoSpgB4m6NJow==
RJSeSUQq2Tc=
TDsIXn7pVAA=
7YEz5zyi9vQ=
Lx1HMNbkee4=
Jh6U3vHGRjU=
2UsX3oRePsE=
02K8dMAdtsE=
kw9rezEzrLs=
7cuM5cI9deU=
sDNBfst9OrE=
39RU+dSNLjo=
REwv+bSdFJY=
Fn6sE7hel+8=
qjR7Nr87Eek=
IwUixFMObrg=
CCs25yjqqCE=
Tt48PxGlJ28=
sPy9/lwj4UY=
80Eu/yQboFOMlmt10Un1vA==
UkFwIw/fXo8=
JltBqmw/BfFmehczzQUKjg==
U25dCfNd6ME=
4fTdR3DctcgoidCqcPVjMg==
BQ6OElFuFlXhyf9W714YoQ==
UMMGPSLGO5eWSj/yn7BJlQ==
gOZKLeY2ZMo=
dpO+WVNvjsJYlm6yZnwvlw==
WAtXfUuxCoI=
rv3EtGctbS0=
9ShlBv1glAM=
Ny9NWcAXsjc=
831h9VN72sg=
NoeShgEDmTP78DBGQBGomA==
uI8XAaM25+0=
rwix3dqrNLA=
yyn98HDFLWw=
ahgwO5YuN40=
aBs/DuDHJNw=
qBedW8Q0FSc=
xx0ku0OuqoM=
pcrmpk5DGFY=
tW6sVw5ceIM=
pE7GJvO23PV/2+xDalOODQ==
MglhZoJfqi0=
FpobE2+Yx/E=
BBxj/BkNCTs=
BVUFnnG6dImdtG1sC9CzlA==
+pj9q6ccYw81OMaSsX+d9Q==
bMeh4KriwZKTslw9EwPXvw==
is2FGonVBfJvvN9n5FncGw==
TsS3iOijXHttDtmDpnwzaA==
lraevQCLNGo=
4YSdNOnbGis=
wV2wBt/COKA=
WTkC56+txg4m64rQYtCAQw==
0wmpjcRFxbo=
XXOU/QEXNng=
a1UctCZMyQo=
uJZ2RIeKQz8p8fkLPYV3Lg==
apNZE9MOynKVjyBXMNIFrQ==
aAV0H4XQZCXoAf/BXsKOlg==
DZbVrNVZaxyAuWHyc7gqQQ==
VFcmcSJpDTVM1jAhk8niDQ==
G2b0JbA5K/EOia7SM0q8Gg==
JZvcyGTp69E=
AUdHObViTW0=
xONO1KJBAMpUm+PFWWlwxQ==
kMpi2YOulKYHj36XCnfQKg==
KYj1DaINLWzah9KCM8BJVA==
HU3j2zRgzwvn3Sg7fOO3qQ==
TFm+BHufq1I=
2I7G27GiJQjAmjqbrKw0nA==
BJj+VqIEe2wuLTFWPfseTQ==
1IuQLn5258E=
GYG5tIFjy3tPmmvLfULrRg==
AoiJdRVeKLU=
BOdHne5jtAKlccv7RUyWfw==
0O5sLg9/gK/lVULuOkGBSA==
uOEyatytS5g=
UZV5kjql9gs=
SlITZuiM//JzeR4oiidA2Q==
/ytuW7LuBFQ=
FcJ0xc9UMdA=
kyeZAEVXgMQ=
ZM4i50LmRmM=
PtvITNizZe4=
Hhszq0xTHe7eRfyeRykYGQ==
zlRLzpxRil0=
3dMXJ4Zy8Xc=
aDAJibfmBUU=
+Lkikzwc7g4=
KsVJGsamKB2Om9Mw0myrcw==
Xn78q3qKeOc=
nvcAy+H7lcw=
SXi/6DzUt3A=
E568c5mvzoo=
ckDjiA1BSjw=
FSuBTfm3Xhc=
Jsnh3zLhiuS7NdzFzRO/IQ==
NKWihlFL5eg=
Snd19BRjNnk=
1rOHs0EHC/UuTGYS/cLdgQ==
5XmFAtJ8shg=
2Wolb1Otb7SYtHdhwMlZ7g==
sNrM3xEFV2B07X8m9GzhnA==
JeI/sfJH6nM=
noy9zP3jGFk=
wYVkqvFZGc8=
plYN6sfDqjU=
yXzAcNeG4SQbGYzox3dM2A==
NGHn35qmsmw=
TRELOm5cSrjt9mFGz1yA4A==
kO/fVou8HuQ=
RDoYHPfFjxg=
OT4p9dfebv4=
T/IRfslaEdw=
+fxHDbk0YAI=
Fqh4v5QqWRY=
MCcBGTEaCN4=
rZBwyD/Yrxg=
ZqA0xj/YbzY=
dD2vCH3olaI=
n8XnnljuI+E=
r/by3in8VoQ=
JLaNDk0YW3c=
PCjORFsCkxk=
ZY/iT95V7HEIXvhxFnPt2g==
OXYtc71jdNY=
Eu0jco2BTzc=
GMsCFh08yGDfbuFcE0aFUw==
BUdxwqjaqHY=
gDYkJn7rhKo=
p4z8HlkhvWA=
L2QbmO9u8h4=
X64FN7uNhSaKEdzZmFyYww==
ZI6QoLe5x8Q=
44ceqNbF5q4ctFhjy3DhVg==
+kBvv9hzmCo=
7BmQR47ar2E=
ZlW180k4DmY=
RwX49ButSpAAqIm8ItCQeg==
KYtPI5bG368=
0zVncXR0EWICdhWOun9wOA==
cpPBkm96xH1BktDQXlg+vQ==
dcgpDPd+Tr/SpiTpxoS/zQ==
iIGk5B4AlN4=
wXT/mkc1aaUu48kXsK8FPA==
tYKVRsVAnyM=
ukxXN2fZpRc=
BsWLc4WFtuE=
G/YwJNb4tfPVU0x2/jblWw==
VuSlQAoVFPg=
POo892fwk/mQedR1zQ4Wfw==
GHie6ynAt+RIjPEkMjc6GA==
/cRtxICdJ/0=
KTrCKAK9TcAEx6EJdl6ojQ==
K0pcwcV1jtY=
mo6R6eizLPZNzMfQs/p3rA==
jcf3WfGGU1M=
n9AeOXSSrO4=
dJQx442+K5g=
YNIadANgMKsPMsiFcTmYYQ==
RjRBUMFfSOY=
/KnTtvSgAaQ=
X6/jOnnmQS4=
VSqnLlV0us8=
CMCcfRNUZDQ=
6FVFsFFcP7Q=
qPrisxV2N7c=
UL/mMFDYBCU=
m+GPwVHPwH4=
S0LA1Z6ErmU=
X15W1W7T7ac=
1p2cGmAUpEY=
76Us4bZhD8E=
1W7zXuEyWh4=
fNNrseQ2f14=
+VZXb89IrEF2ixzZaFq+Jw==
lwGgopAarx8=
yndyltxCOvw=
iu+29oSwH3Y=
FUXAsfJgPC5EdjCewoRqow==
MqrG5nd4q1E=
QnNTEIrB76M=
HxiBxIW8Pms=
LvcvrJr4mVU=
i6dYeKlCV7st+6lYjc5aqQ==
DsJDnaX9HeM=
c4Dj7ZiSF4Y=
6P0fd8UY5iM=
GjfuT47kai0=
ucs7Fng6BWor27kwwq/sFQ==
UH3uUrWfyZ4=
LBhBNaFahdk=
QVV+NmCIdwNtGCJ461OnpQ==
KUwlOUMEdxHvXuCx6uaPMg==
YJa4UCC4rJg=
KbxBFn92kZM=
u4jtnVLL3iU=
Rh0eMoYN3ZxbhE9dMfxnNA==
7oZCZnRZZCWLg6+Kg4IaeQ==
PW5TTk+gvTClm+d4VVa85w==
z8OyOEQE37g=
rHysoZ0muyI=
dPnGvfs+lUA=
CV6jKoNZ8Ac=
Sn0x7is/ACugWu3e51U5hQ==
z/9I4iTCyXA=
zKgWQI7v1LA=
FXadEeeXz/0=
NBspUQuCh/I=
zFE6OwZg7mo=
W9iI8Z2hxEQ=
jUhi4tzX8A0=
hNHJIn3tOEc=
pRC21ER7EL0=
oq5zrgkud/DcpTKZn8/blA==
L1eYKwkRJp8=
V9rgkARVXcJe+lCMgq+HvQ==
QVa3aEalbKk=
3dDGcxVw8MM=
Dwk9BSgvHCU=
NsF6ian2RQKXZjOH1k+enQ==
Xb9ApOk3wF4y9H1pQvRdyA==
rG89oDNzMyjcX+eTIKVE7Q==
dJoDyCYIQT4vM43mp/0mVQ==
mvtHoZhMyaI=
g4Y8ZvTBj3wBkMdoS75Vmw==
qlrH9nr64QXUu4s2vfS+3A==
SQFSmEflnQw=
ooeUUEsUoLBZZ2tbJeIxvg==
enTvbm476Mrt8jaA47c/cQ==
KeAzUoSopaNF7GY+2SDy3A==
GcT55pMPeTVASiQXlaI0wQ==
DUjrYYvTN73TUfn7F4pZtA==
feS0JvEpamMqNA6RWdvV2A==
cJOILBHE14E=
dMbPB4iMSOo0fLd8krlYiQ==
0aWkHwQ10Q8=
0Uy/6fuijmXiRg3MJaWviQ==
CU6ct4bxCbY=
UpZa7izl7bk=
NK2IUVarDzM=
EP98EAswQM8=
czyx3FE5EiY=
lJBfvWO02fs=
Ae+D1m8ZsvI=
dDCHjCxzH1ikH9ccZ4yfsg==
37hiVPpbJfNYzbqxPreWbw==
eJCGKsDWu4g=
D84rU/5yg9owf4PdS/sarw==
qRZDPF333Gg=
6k17FvKJJqw=
/VbF8eW7KPo=
o90AGQpYGU0=
OdUEQFOf3O0cYwxnTvfkoQ==
yQcclda0IPQ=
DEK3QEj/i3I96h017NDSXA==
z6F6jfDNU7KII67vHy7e4w==
u/6s09YzOAk=
nhZTLA7LU08=
5zRIs40Qg04=
Ac0qVP5YygM=
/qs1yfuYSpgR2hUvKpPH/Q==
mnVCoKjrQo5Dz4fH0Vy6Wg==
ZRmeuenBFoo=
smPgEM55UGo4Cv1G3THpWg==
HZ3cXjKpjE8=
uoZkx8+Coq8=
iVGlfBzgPO4=
fmVXA4f60JrDTCPEYf4wEw==
fmVXA4f60JpjBEa74qm0IA==
L+jnDNmH0ZwdFyFTer37JA==
se54gA1gmk8MShFD3giKyQ==
se54gA1gmk+M99LHO614Sg==
YIUx51zNcThe0XnsBrqtYeRKS665cbdK
YlJ0hm/hlYw=
pdIX2u8qUxYWkUTGSTd0Pw==
5HFhBpdOB78TW2dT2R6FsQ==
+ZHxPfC0rEU=
G/OO/MJE4fY=
fTng3jzrohQ=
vnZycyBcYX+7igrPyVkfoQ==
vnZycyBcYX+tO9lTU3QaHg==
vnZycyBcYX8vutL+aTf28g==
MSYQzLvzb4c=
P0X9pQqN3TY=
nFDDBTU7gqk=
D8WR7JdsNs0=
COVXrC3nIBw=
z2AJAvysKoE=
VJtdQj4URzE=
ShguMDrBdnU=
YHvj37cLE5Q=
h6QwtJOs1xo=
IxTvSTk9BnVvsnrBp8u89w==
iI9yVolPnt4=
uAf4K+Hszmw=
ydJ8aAPnk1Q=
1o87g8dv7r0=
9f8NsDm/LcE=
uzMaL9XgsTI=
sobyqTxBrX4=
LZRkK1kLb/A=
4nfOJp7P32U=
CnFtKmKa46Nbk9rmXQNsaQ==
7KZU0D2Op0c=
2MlljZNrwC0=
A2wCE6+A4y3vPADZbxbPGg==
A8DU3+GZhA4=
td/i1mdJ/Fo=
9Ad7rLkpqz4=
4to7M1WwGdA=
pqhsRmQmk7s=
ychHkDM/AIU=
0IjoRhU9/lg=
rrZUrYJn5AI=
bs0HvzGsAlJcl1f11oqc7w==
NcaqDHcdwrs=
Ixdo3H65bvI=
+s+OGNcLIGA=
Rdb9V614EYE=
1DrnosBuEiuI6OaHRjlW6w==
RllNns3bc8U=
7p3lSYzIqdU=
dEyFDxZIBEQ=
GNJP2KLv98M=
rxaCe9yTdJnwTnLF4JQbZg==
OFFQgu2qORY=
NxHUrjtgF3pv9iIphdF+Gw==
IrxzXe/vNCistlbhpEQZtg==
bNML5Pp6ww53kNAa8CiDKA==
EGZTECs9ygI=
vnBilh2IBuHZqmBHXD0cHg==
Lt4Hm5BxAQ7nMT4jJhfdHw==
qUTQdvsCwCA=
62wg0k8BNic=
w+hu0WqkiXw=
OX4NH9CuVOt7vjNzsGs6cA==
WnxQbwUh+c0=
TTYH6SGBqMRMdJrw82T9IQ==
k77quxrmGzQ=
3kAQ+HgtJcY=
H8K7XBA9tkw=
5lV/LJjR3qw=
uGf8+QwpypgdcgwB6hL8MQ==
jytYSc0Jn/I=
YphboJiD9MxX4hRL0Gp0vw==
byfWasrRAhA=
hYb8j9LPKI0=
6uXAOcwRDDl+oGOVgEYVfw==
yR/q3BX3dMA=
HmsOpvvc558=
6MizES4du67LHK5RcOQ7bQ==
erNdzyn8oJPmykomlhVEHw==
7KdShg+jYro=
TZL42CMbTm0=
FGMdtvzrJzg=
gsS9mJyBswk=
shnZ7W3MVog=
o56S1faZKsBQqf2fuF9jlw==
o56S1faZKsAxq9qrnpVkfA==
wwRcP4bmOmU=
D6Gpkn9Wqcr19qfH9gWyuA==
Yqfb4dkuCug=
nwFDREgYoqg=
sziXWfxKlGgLNUbszayCPA==
v+t/08w520OSrJqLDAOkPQ==
TtViBuS/xvA=
N8+wxkPsAXo=
wY0tcnKNTM4=
x4/2HpjRHWI=
JDpef0Tvi2VcAPtnPc1Qbg==
qN/Ff3lq+xQ=
k9noNd4ORz0=
r51xxgu2hp8=
/72Lt0npA1u780TTO6PUXw==
CFBgzIjpMz2tU5/82M14eQ==
/7epW8xXPiUgjM/1s3IJdQ==
ypgWAT6xwIne9E83KmkjPw==
dnAO1aS5pviVjIEDKjJWEQ==
hDQMv30shli5FWKAm1PTJw==
6iwaR8Y4OW4=
A6s/tawiZuI=
RSUBfrdgtDQ=
3R3sXykuAauGzutIk6iCtg==
MrTrCLkJ7T4=
CWWI1n0HGYA=
/ckmWonNDqE=
llc2dqyLOiQ=
D/c1I3ty9kw=
zE0AQyw3Lt9hMRXk60/CXg==
BTtJcBGXUElxN56iOpE5ag==
sXW31+x04EIN+hngtkDdUQ==
fbk6mZwGoNQ=
484TTu8yPfQ=
ZUKUOibmd7RBee/VG1NSkg==
ZUKUOibmd7TkVEH5GiFteA==
oiU2FTZj1NhuMtm0mDE8Vg==
w4Vd78ibFmhYe5ptcsdHSg==
yWU/D/hSEOu7QkyustZr7Q==
Qtu6c1OQ2r/uBS7JHBDeCg==
hQAJU4kVhwg=
HZc4hPIiKYQ=
GXI4tP327CYsTIBFQBBD6Q==
icIi7/GciN4ks8EXsMSyjQ==
cTUqfcpdeyI=
mJHBlppeAHk=
YJk8Pl/oF0V8uetnQYWs/A==
fymF068z0f0=
RPdeMy8/Qmk=
b8kl4Ha9sbc=
dI6KWWwvWzs=
fsNolOPQxno=
FDnMFMW3T/4=
LL25a++Ssgw=
0XEpOB8CAmg=
J3Sylem6jrk=
Z/l6w94ehhc=
OPO1tgQw+10=
4Ko67+G6D8Q=
h1+Ud3urISw=
cD5pwroMk60=
4freNTXh2kU=
5ok8k6RGOkc=
THMMCs0uPNE=
YE/6ttW9+Eg=
ypENPgMfeD8=
rej+qMS+kwI=
cPLJExgcqOU=
giXNYz9nBbs=
hcQQVrQ0xeo=
cpKgxaiQldk=
M90+b1KqVNk=
azm9aoxYFIw=
ghkgvq1T6cg=
dXdbL8vpKSk=
dzNgRaIgc8U=
G+9oPcc/boo=
jLsSrRTVUYQ=
mR49B86rXz0=
ggSMkr2yDNo=
NpTlp2WHSkY=
zq+R9vdrv14=
ClIhUe6Nz2A=
bBalL5QLPEI=
KH68LeFwxFk=
0lR5siI1M0Y=
spsFNpKfR8E=
f+mQZsgc0BY=
4ZCb6hYbM44=
+8lR+DBw9qs=
s/UyyPgqLmU=
s/UyyPgqLmU=
NKVeyms1DlE=
NKVeyms1DlE=
j1R3Sl8wKVk=
EeTk3Mns4oY=
Dqs1XeStA+cR7eMKfyiFBQ==
4ERBCBkNIwY=
nv7F1mTjMfI=
vQuobwmvb6w=
V+WoWqCce9w=
wg7rcXZr1WY=
v0/kf3x1S1Rgb8VKqBtUUg==
mwJY1qyfUjGfrVZRW0HP1g==
VJWUadDyylc=
e9+gB6MCjUwCpHC7QbHlyA==
z59mGxp3YZrFY4U3RPpVSg==
HEsV7IgsIdI=
uqLtS1T2uWLFoOntf2/cfg==
+sEAscCeGFFQuseYzamMew==
0jXA2jIfCSWiegF2KD6/Xg==
0jXA2jIfCSWe09wp/oMEHQ==
9JN3PO1CPhNm3IwRmT+F+Q==
xkqDoaprAdWNpv7hqzS+8w==
qiGHo1XbYYY=
6Pgpd1ZvCe0=
A/EIFx6WegI=
GbBefjJewkJexHLP81OYvw==
ZDvyEXNtwC4tg602qvOS3w==
HQF8P6EkSh8=
GFwZbaMZn30Lkyn7gslyJg==
UXU8Si+3RQo/jdgL5z3PQA==
z+B7S6dwk3c=
2jBYhCX/MFNA6TENFEH5Dg==
9A+daca82Ao=
oxA1hKTTMOTy8X5X4meFAg==
CnOFpg53Ep8=
+TGFYl3Ali0=
0vTnZCU3legSp9yJAmb3CQ==
QB8QVdjL22Q=
NcNRSyudxbE=
/6bqYd+FC4E5jRATF861Lg==
2XvWH+Lj+oxzZoubUFRIVw==
Q4qja6VUCj/Sf+aS7q84Bg==
84yZQ9oBljuagpIOAyAe4A==
E0l+bMYKzeCyoweq7dgX6w==
dNsqKOIF57ylYKrbvb2qfg==
HfL3Purm0K1YZD+cFrtCXA==
F07wMCi40dU=
cbti+lUQ0Ow=
XoOvfUceDW4=
sBk6c/WCHLHI6hYCrJZ7Gg==
p+spnaGEKKs=
tBS55RbROVW0VVrSmm0r3A==
tBS55RbROVUIOvPbDXvdnA==
rDflBhlEpgI=
H96HcoPzQn0=
jurGeVtP3SQ=
7yCJVZbb5ixvLVaa/kFZ3g==
iWTjHvKQPDIyLFZI4gmuFQ==
Kf86lyG/i/s=
LbZs4FTdb33GJsiWqud/eg==
tVf1N+L1n/w=
VfHvK/rtlBA=
Oug6l3KwxlM=
MH6k/8pEj8s5uoS2tPKRJA==
f3zV0JuxJ5k=
60y+kUeFS+hG3kDjAq/QNQ==
EIqzDwT3FeGL9+QVtOC09g==
b8maBYnb/FY=
5OiGTSsth+U=
sibJcrbtPcMYwUjUeAyJxw==
5y6sbPYlFWE=
8Rk+LfXYgEo=
VGwgnkfmUWk=
fxgBiLHnDUB7lUAahZimAg==
mt1b/3Ht/e2hFMP0Dl+l4w==
zzavQuv2RK4=
T+jejhz1NVA=
Bsn1x4htqTo=
Xb0pwswKuMgdoC8PklRAow==
idRVyRtxKNQ=
6kprBmYWytM=
0mX3z79+Muc=
aDMwPkWCwDI=
G78V5JZZyWBOHiP+Vn1vgQ==
0Bz8JJBlu8Q=
OGNjxitgkBM=
g0Qu/TjVU7Y=
9f5Sc8cQEcA=
C9qzmhwsNgE=
+Zb2Jd0gOmI=
jYC2MwEhguk=
jYC2MwEhguk=
r7NrXWTOaOc=
+BW6tTucpzI=
uji/GSP69vI=
ADCBoacJRrw=
gvoPzL4+w9Y=
MP3wUolLJBg=
r7NrXWTOaOc=
77IApbFbknw=
TF5i9zhOXxM=
1Cz+WJW510g=
+0OXFdlO1ck=
c8lbmjRdvZE=
eTi+On97K90=
j50GeH+T8P4=
DXzuzRuF0Tk=
Jj1qFyl3gNw=
Gx5X1FH7h5E=
g1/Soz2myvY=
Wjs/2i3tGdypMBsuvz48DA==
n2Q8J2EoH0M=
TtGcIPxisZo=
lWg//Ju6hCk=
Ty6KM9Gcx2c=
L41Simjr+/w=
0fyuba8IXeg=
2kpcCF4UvNI=
vV3uKQMnlx0jtyQ+tNviJA==
CZiOkhLqas2D7MJHocydVw==
7Xj1LCXhEn9BYRkukzg8zA==
52r5xLW85cvngbKTF2/uDQ==
flD92htiqYg=
BJ2J14WhpKg=
k9ea8hn8b24=
xpPFkhd8cDU=
3PQhc9yEwDwIOGgCT/yhBw==
WKrGtRbEqHs=
5hg1br/Way8=
yEsMWJJRafY=
Ae5xTeLXSMM=
dfs1eqDVlEo=
f/EI1rNtg/s=
oSwrkx6fNI41CtVb0dkPng==
81RBHasPJyM=
bDwn+Cfz3wrXDNdFwdIEyg==
6p7CGftli0Q=
AsgFJyk1C/0=
VhwBpI2xyjs=
NtfToqAhzX8=
ZGYJ3cixRpU=
2QSZAnihDDM=
PAM82FYDICA=
KUH4Y5kbxaw=
KNsNUPnRb1L66WzNxjLy1A==
BSRkym6JQAk=
ErRg0QYt6bs=
SSoU+3DQO9s=
eQef4gvjtQk=
w1p9pWi+rJ8=
4DvYrZ8thfQ=
XyvpQpNQgfI=
nkhWcpEODDg=
Jtzb541FLuyEFO+NNprQOw==
voWko7KdPKEhSNJiWblIFg==
iqCtuLpDoNEOvFtoUAtcJg==
WuhzBATkSvH1QeWKmvM2Xg==
WuhzBATkSvE0S4PU8JAx2g==
3rpzOEFCL3jrUEL+9IvybQ==
mUGd6RxVnvM=
FoYWCzQyon78O4rq+YIeKg==
12ER3vXfNq8=
37xtN4Iv6/I=
ASFteVmynqAQC9foGK5hWA==
Nlz28vAjFJo=
6ExsBpazfzw=
Awj0F7d1jDs=
+Td3hpaVMnU=
yVO5wqq9sAsx0K1CMGpCAw==
Y2Ctt8tzPmY=
BD2cBzfT/fc=
Mx89/3iNoQI=
h74Qd1dX/5w=
klOUvruN6g4=
sLtIuuCoaAOjsaAJdfhTjw==
NJx3Vm+8/SU=
Bq4b0MYbHl8=
A7nrucATiE+kneO5L+BvEA==
akvnfVSIKG6dMt3hVUmDgQ==
pG7lWJImA3E=
dNPJ1ZdJRRM=
s7kst8l70cw=
GgHBfjPFHeQ=
XsH86ag1ERI=
4Zt4cW9pH2A=
t83rfDFjy/jGbVwDidsB+g==
5RuR9/hhL9rRP470K2omow==
NJ4Hzmp3197QBq+mZ4yyGg==
R4hRQjPEbjg=
nFN5xqwjYYZdqS+HRlobBA==
bXo6CTTpaYY=
nHDKQT7XdnzhNN6e9A7hMQ==
41uuC1uB/bL57rm2F74PlQ==
41uuC1uB/bJW9dLxrxmIWA==
FGwkfCw8x/U=
3cXR2/zclMY=
rHKkw2yoj5E=
joGL64pqAL3V07BPsX7pHg==
NQ3b5SSSvXo=
+QB6na8UVeI=
l7IBWDlpMPk=
AIc8yOwx9Bc=
bwkw+yck9Kw=
yoSz6iUQM2c=
uwXpEscl00U=
OqyRWknPa3Y=
xZyrHRiOGDw=
W6ccmsYpWxU=
PkEXhmXiV15y7WstcOL1mw==
LIEzrEGX+9rMxMheq7fu3Q==
vfj1LqlJDlHY4p82gnZcYw==
PV/EEjY2srf2+X4cOzKpbw==
PV/EEjY2srePx5+oCCd6ng==
1vsJo8mRdwqKtRUFFIY4Gg==
1vsJo8mRdwppc3wCU2kRMg==
/enfwqz219pVfSWtF3RvGw==
8JOvDqMI+bkI7LXBp+zwFg==
/MTTOvR+p8k=
8h4cug15cOU=
OlXDB5IOZcs=
FVyUi72SjLU=
pecKcpt4PTk=
JLbZ+ec88hY=
93Fzg2DjGOo=
fk6STa0QlZM=
9YtD4Cir0Bu07AaFFnUfAQ==
bkVZ0D+KT88=
8we7JGn3DcmXGDlexfZBHQ==
g3ZcWiM122Q=
Stqk9xHP0AO46V4XhmCnkw==
5WIUWGtbhkg=
tCWbqEJ8+GY=
TWOIlMubw7g=
wEDaw+dtrS8=
l1Avaqjalo94CiOmQ6EaEQ==
QBrUePFpZmc=
2/DNdEXTM/Y=
nlT3HpOdrz4uqsmPo3EjHw==
TOiebXyb/ZY=
ONYMfKLpaoQ=
kCYIK1pwaEM=
TqXvMWExhek=
+A1KCmTlE02IKAmWAB7Jhg==
9+PSquFWMGM=
WOJRzp/HPWY=
Mxnycvbl6io=
qsNVKyEIMOg=
N5g8FwoV92Y=
XkjWz1gR4/Y=
LwOG5YUCbzo=
ayd/NhmoMs0=
ChLMVBLGE/w=
kli4RD5NycY=
QlEzeKLGBY4=
k+gh4qRb5F0=
z3cR4ra7jY0=
LS5doOKNjHQ=
U7YfNwvEhXA=
+Rj6xN0BlLM=
QZLrnFpycns=
fjpSNWX/et0=
2nAAqPzVuwc=
5oCsf9T8fv4=
5lwyLOBG+NE=
nbux0BtXCr0=
oyg5XD/T2r7Z785m9Skb3g==
CMpQMvL3eUM=
HJTnyxeQjng=
qJ4stJhGdVA=
w8zRU3g+uPQ=
bNBmJ/D60ro=
Hd1nIgZ4JvU=
Y7A9leupGtI=
uOQvNpu4DBw=
DchpYh94Z2g=
5BMgC4Szrr4=
b4M68Tnvu3rHZQ+32OUStw==
IRHSfCW2s8k=
pxY7nIo3aVg=
fsG3ghNPTTw=
1uIoOHLR3sQ=
7dDpvYH/9wU=
tiq/++doB7s=
YS1g5XB/hQTLhPMJLrSLyg==
ng8Xf/8asYgTmfdMUCmU9Q==
ng8Xf/8asYjZ7WRTcvKuiw==
g+w9+m++vLU=
+cx3lvXCzNY=
D0h0i+JTwlU=
cOrBZfQh28w=
9lp38JjkWaM=
lfG6EuyriWo=
p+lfddMDQ+U=
NNUcj+mQ5fc=
xuCS+WyxOwY=
Ayy8aapuPB5NClU2TK46OA==
QulsCZrk3/Q=
Ct+t4vwbtco=
El0cULmVPlo=
it+FVOcrnzg=
uR/dQ47El6CzTn2lax2ZFA==
46CUFKfcqBE=
V5o7cwzXhNtqagReMtC3Lg==
+FgB7tom2nhLqLgspsV7Uw==
Xa2+PqugooM=
4xy012GUR70=
96W4AAvwD7w=
ukBoBFSdZ70=
Fh/zmVX+OGY=
YPD7Cw+UP6bnBZxS7EtLJg==
9f7oAQK4fpyvcWdv6hdjzA==
w0kkr5GA4uFa319IRxUYqA==
zoQwUbMFJ9U=
ykTEJxCnsyk=
Ue6MePBe2wI=
bK0cZBCOBMUbCoiZE0hIYg==
qmajTCzuFJSx8y1x49HfRg==
QW8exe7FhjE=
bWa+ykNhzqw=
S8p5d/GVJe/O7/ndieztqw==
LjtPfDqgki4=
srFgWl2GqDKjgJJqUw/b4w==
NxoZmqd3oHI=
ZvtUaqqk2+eTOPOdYybR1g==
iH+wdF+6YD0=
AmQ+3FfadfA=
NyiYt4NuTSZ+lgAHWYPpRg==
XZ2s3NnEA1PCyIbptAWfnQ==
XZ2s3NnEA1Ow1nBbla79eA==
HDxP8I7F7vA=
hwqHKP4rS+WdM8F1OakzEw==
MS8+S8bl+X/rA4qHQQCtbA==
RHtGdGkVUWI=
p5ZVNsqfJXk=
xNaPXBMkRu4=
UHQYSrMpVMw=
q8y3KWTbTyc=
oO48gTa5RMk=
7S6zL8aCYCA=
+m+ATH01zVs=
Ho2LD2T31GU=
T2Zn/XANgsQ=
XwPNGpC36L4=
B9uq9wVziPg=
FqpDyYpZui8=
TsTmeB+v94o=
UmsNsgBTbrs=
jijc2u7/wF+1R28wiA5lnA==
LUkTW9LAcOQ=
3NaZ/+T/rDQ=
w1ns91/bH4g=
0pvcgdeQJnM=
djMLQ2po4Oc=
G4rHTw5IBMI=
14BCtRscwDk=
1OupQ9jEIW0=
0oRI9e/15qM=
nbQWXam4r3o=
ge0gNjyag12jOGem2VJ47w==
gd7VNd7xB44=
0YGb7ES/w0M=
B/Aa0sF4TwU=
SZkkyIgDe18=
jJCouiB8pdM=
l0t1+Gr2TFY=
Kaejmz4sFRI=
clnFM/lqath/i0nTgZxKmQ==
Ck3z/3HJoKc=
qZVIPi5HPbg=
YQLtAzNNQb0=
RNu3wAL19M+eMx6+OcJ5bg==
kKr9wunSyck=
7fTDkK2sLN8=
05IrvnKlnXw=
RWc9QblMa1U=
t2flAnCVH4zQdonyRIW2Rg==
v7Oo/LVy4Cs=
mh3xmDUe60dY3wjLAESKAA==
bpEjVhEuzLfoGNjaYHkb+w==
kZufSmONRcI=
1mDajcEEEQk=
LJZGVXQtcy5u3gcXoS84VQ==
JaS4+x/4pnk=
n+Gz8v07KLI=
hHY8cDnWb/KUSraSOtzJ5g==
0IczVxdUm6+tU1Rvuipf1Q==
dcib5AGGVcI=
KQxIBFukXkA=
RzSqqUe0tu8=
2/MPf6Fzzlo=
2LBZEms9P98nAANOLNj7LA==
ZlL+MXwxlSw=
YyKIKKgZ3Do=
a6BUc77L4oI=
lQm7hUoq/KVJ142AjtQ13A==
+PstcXQM9IY=
SmiQWqqoWqU=
6x9Q2fldlYld/z7/Yd3wBQ==
s5iDx16QVJs=
NnjzM/KwkWY=
TbeSOhAKNho=
UmEHhwCQu/83cL0Aw6tf+w==
RX+mxjgIy+o=
uiV0YgZsSKo=
YUOFfwilYYk=
k7dYodUhovI=
qpvpLnCMtNw=
SLxGTwT4T5M=
EDdzI4rjZpFMB2DEzLwFsQ==
xHZRSW2KRes=
DPsGv582zwM=
cVmRGA4xeqo=
kT3Y2EdxV1o=
QqFrz56iS0M=
aEbLq7SCjEkmYvEEmt5ndw==
1K2aQ/0qm50=
WMvySiaghuE=
EMozBsjPKWY=
c7hawz46WPs=
cBZ1aWJ3u94=
lSOmkq8MmfE=
4DcvsIBGtTA=
sv5qWbjoH272Bad4vlQqnQ==
A6sS0M49Jq0=
FHW8aI/LmMo=
8kJsL916mXM=
RxgRRkAtUBM=
VSz3R2HxOSc=
87oSQr2XHEw=
bFG5dn9goUs=
O336PUs/W44=
zBMfgh5nSkM=
/qlSG7S60mI=
rCUetmxtEzGXaQeXteDEBw==
+zxSKcguOsg=
Hl/RxG5/IlE=
Ro19tOF3/08=
RjBe4BRD+qAquf7LccKD6g==
+MINN9LnuyoVdV35PDYg0Q==
gQjfOgdeIbk3gTsC6iqzsw==
bCrS57cZB68=
SktEaqPA/ug=
71/VWvQlWJU=
fQpVF1RSvbc=
yZeUHMlLSmU=
SeqF0NpOGxc=
LGpRiVt4NTk=
dTmZjIyzb5U=
newLdwFj148=
PkqjcBfgmao=
mBbaIXyGav0=
mWdNb3dM3vo=
xID5pT/gnZI=
LiotttuumAU=
TYe0s+TMYn8=
RU2QPFOzIwc=
2W9kSPUyfts=
zNEh5+Fjm7M=
EHlSyy/AiYo=
rXHmo0aszAg=
Y+mq2pjjAp8=
aUllF8m6IxI=
fAwuldP9f7k=
KSOudeXE2II=
wQJoqxjKays=
TR3zb3MIKgw=
9RBvWcoizyI=
VdGhSIfKDwk=
eCkWyt6HPCmrxFNaJkPOlQ==
amdFPjxnjyg=
i8IM7B/fp1c=
N27SnXxh8as=
wPD8BwHhpGQ=
lLqtG6oUW5s=
G0y28up/aU4=
6IeZvBbagrY=
XAfhPAh6DGw=
xXIZMwOJuho=
oU8eA15Q/KM=
i1jSrQEt2D4=
8/DtUyPk9Lo=
EWCA9UH6StU=
aT+iYyONzy4=
5JZk+KAl/lloVnSZO0qNJw==
phJeDUMT1w4=
lZKTa4d1Bv8=
CBW43zG1hdJtis7moOdepA==
eHwFQnRqU6G1/iCcrV+a+w==
bRaXcU9SUBI=
g/T5BN4b010=
5nzYVLpLEZM=
AAmDLKcquaKmmtRJBLe8zw==
MTwG80lflzE=
GYkjtI44PQoE89yxkqJseQ==
IlwIToVGb6o=
4jT1Tq2GoXo=
GFNSpSVYpEA=
A27qZ4NDKoiQXqpLl+vDDg==
uakW+q8lytg=
XmDP8CxuKFA=
xqnamnkBRLk=
Eyyk3fOZsQx6KWFW0eeG+A==
lpfGBavFVFuLdZwfcaf77g==
H+YDhL2woN8=
VXf0OT7NpebUO68ad5KfVA==
VXf0OT7Npea4YCxIaM0uFA==
R+AAt7bBcMhcOflO4rGraQ==
6lMmND8FFWQ=
oQFayHMMaLoahhmL7q2onw==
FJQQNDI1knw=
dDoA6K6LdbU=
a/sr1CWS+x0=
JSJBjd3S6PA5zHNFwfxZQQ==
agxw+5kXvVY=
yHN7PlEOZes=
K7i6oDaQsIw=
wxkD8neWtmjObq21i2BktQ==
BiOIwlyR7b4WVeNJ0zJfnA==
PRqjKqoa8cctUW+R5mPqYA==
iqSp5n2+VrAkGAC3j3069A==
wBEV4NQG9i/Kzeojj8wBsQ==
YBSdvhUXEKBqN55K1hMJ8w==
u+K5oaNUKDs=
37j604bD9BE=
liZhmu4f3hc=
WogylpT2+HNPUyaiu4CPrQ==
8Ys1xSIgXRg=
ivKE918ncvg=
ACtEGmybGSY=
QNGw4/k8dzI=
Ooa2BUoXvnI=
uEDa0Ui5n7Y=
nP88aFjn+lY=
+gW9saiutlk=
A4YzS0NRrwQ=
StePxvrbLzM=
tTnDu4FzteTpj70GzPFi2w==
nffUSTIAO7DaAOEpW+/kUQ==
ek0H8LLeeXE=
1KGSATNyHvE=
QufKB3W5hHQ=
LiJ/6tp9mxw=
yd0WHr4/qm0=
eqX1npujaDM=
ncBBB84wDA4=
r11RfxbTChI=
WpHAad0Di0A=
POI55V0qOvaWs0tf/pVRKw==
8QKNWqHomoQ=
XOByrNLWrIw=
ijb+d3NlCxE=
DXZAx434UtYQstQ246GIRQ==
+xFN7wcteDQ=
1vuINBCrhMo=
qefeLGrQWsY=
Wdvek1mOvfM=
XTp5KuqPfxI=
hpEnFt/z8KI=
x1ignNenMQI=
zNDxOAS7S15/o329+HtHlA==
zNDxOAS7S147e745AvPHXw==
yRTxLjI2SX6aWwxrR5FnQg==
bxRmNtSeHm4=
Xpvb8e4zi6Nc6kfkyo8yEA==
gl7iiwNUA7U=
6Ab69hRNUlk=
S2ReP+6ZmWU=
oEzmgGP9Ii4=
BKZcECaybD4=
IliY6OEts5Q=
obxKyesS4G4Uq8iAwk/GzQ==
tu5HOQ9H7kw=
htVgHirhVB8=
s3ixGozm6wU=
h/+9vof0G2TM80ralfBxGQ==
1c/ak4iCHrw=
SWfHDwO6ai8=
7UrEbqaw0JY=
l5MAv6a4zZw=
0cf3K7Ub2RA=
Ns/qIa9h1lc=
sGFSfV8YyW4=
BCyI1QFe7Vw=
B7N0EB3mXNyZ574ZfZ4GUQ==
K6z9UVt+zMY=
WsxOdh0IMAo=
LJBD7PT0mPI=
URjQI6o3n/c=
2Tvyt39z53o=
4Ym3CIgF2U4=
RhSFbbLropk=
+nCjD/FULLY=
LM9rThY1nkk=
4xezRBCA+iY=
P4Jm4tAmr10=
/ch7RMJoCK17uqLf/YfEBQ==
hp/R12qYWEE=
hCQ795TU0M9sFns69OjXxQ==
U/yE5lewKVg=
qYB15dDH05k=
qzqPCBMYV4E=
D0TOgttmaZo=
tCtAYdFQRYM=
vyY8Z79/TJQ=
rofCg+MbmfY=
xjHhTT8Epic=
H7XUSKnE9YE=
9Z+bvHQMPe+fBNcW3Mr9gw==
A5cwnqtKOP0=
qeJQnD+cuqm9hD+Hk97lKw==
94DmACnCgck=
4c3G+ZoeMZc=
2nLAjR8hM5s=
HBbsSZ7IcJJXBbj98iy8xw==
ej0NaE2Y3Wn3VVdDuQ6J4A==
NSVdpYLcAZ6ubjZIDQdCHA==
HZswm6iMMhUQnithQJo7OA==
BM+o80aksis=
XHoG5G+Z1iU=
sKXagId4zwXZN+6F3LEQaQ==
xjWjK3KB20I=
lJmY5l28TEcZrYZUUQNV/A==
NOCy1hxFAgY=
vP0LJZMPRnv7i7/2oVIL4g==
7fM+dBlsY5E=
VxeBiIboC/+eweU6GtHj1g==
VSmHYFe+urn4GM4VHrqTvw==
KsMYFXZE9uU=
NiyX/z64+B8=
2B/rV1VTvuo=
jsjo4lO0lRquR+wVjTOUaw==
bdLGAyucGaw=
bcJdArDFR2o=
sc0cYVScq50Yuy36JQCxhQ==
wNPxNAfingo=
z4tV8FKFK8w=
yI/xa6IiyIA=
VrvP9yKzH5k=
TfL9BueHoYElckcNjxS6nw==
HfrYJW+z3zE=
b1laG91t5oc=
bfaxYn2m5GV91LRJtYbnIw==
Pm5oa0S4IK4=
3I+66O5yV6Q=
W4yA0zase3NZPmZ7Uev18A==
gG1I+mCJWPg=
fys0dunRZaE=
5RhtotF3MQU=
wNUGsgouHus=
W8+QoVFpO/Q=
FSw2YChj2ZROpZuaTTo6ig==
BEkLcD81jzU=
uwF/HVmS6Us=
UsuBnkAsxW4=
yvySMCmdmLCxFeyMpIdmig==
atZw0WEpdEA=
Md/ykrIS1p0=
KyQl3jp6/kk=
RpwdPfaZQcA=
bmFOJns6lnI=
wEKUgYK8rbbHjA7k9Yccig==
9Ecxn4uXFW4=
jHkf+udJRPs=
psryeAuTA+87peOypqJsrA==
U5uzcaiTs7U=
mfiHOM8iEvU=
FjfFVl4ubWE=
sYEgI0S9nSiPIq7x+nfNXg==
Ws2ayHaHa9s=
yLKZvfszCxiVijOEtNXing==
wNIZ1JnjeyAJJdMTMTp9kQ==
XbGF4WOfdqQ=
sTZFflQ2SXk=
pjTxW14Pvg9FBx1NXJavBg==
C0HdAWUPaVg=
PCyuMsfZMk4=
RtNIMk/WZK5+ybAT6jM6rg==
9h/oKW3wdoYt7YlyZKaqBg==
SPz8H2e/kye2aYlZnIdLqg==
ozDsHq9HR7o=
9rt90HEgy/p3r04tV7rY0w==
lH/VtSOaS68=
keaSxuoES2I=
KVls/BcO82w=
Jfhde2lD7d12vcJGrINXCA==
mXaWMCR/oamjstGLmseBOQ==
LmdLoSWTuL9nu/KsV+wx8Q==
xZWd8YlUEwgB6HXum1tXog==
tnC0HduzVhA7eZGm6wGhSw==
TE7nlXz7IY4Ht7NRhQZgVA==
WDYrTINCDG8=
RxxaetR7P1Q=
34iCY7Yi+9nn6bPQlGoTuA==
OWPAtRbnKgidfa8TiVZFzw==
OWPAtRbnKgj8VPnLeNrHww==
W2Z+x/E9rLgRo3EviOzHRg==
+J/d6ZcmzC6vwNosfzkc7Q==
I99YqIRZI5QcXlS9MduF7A==
OKJuE8vpLG+MPZQtFNkXxg==
onOC89P5zZ1SiC96iRgU6g==
BuH/dqg9cvEGvyZkMT8y2w==
fhXGXRvQ5QbrbczWiZTkbQ==
7bxoWrDnGdo8CqKzfwgdXg==
qHzuIxp2PXw=
iIgV86rOUBUhEzkC01uiRA==
DoKckEPKk24=
0nUk4DB/2GZF6QXk6MjaSQ==
yBd4VkrS7Fk=
RahYS0vU4wFowp2yK/ZhJA==
cZmUKRqU5erBBV7AXJfHxg==
rpizRo27VbQ=
5FLrRzUz+l0=
JJ6bdBxScgQ=
sGvCcKvz9j8=
/aDAH0KsG/MPKrj2d3SiLg==
HPGigNsR8touyqVCk8wo/w==
eE35FBriOR4aw0vKII3wBA==
U8MZ81TQvPcR2c/SwFaogA==
SynaY3uggtk=
FIf0DOBqGUQ=
UqR2P5PzHTBvCfNYmG5g8Q==
7IioFOGl9Crz6opPil+7gg==
/JgnpYVGotHYfpp7k2tq1A==
PyBKpdTfaOw=
zETZ0UIoW7g+lwaFruXLiA==
GjYkdESkSUk=
1DKRG/cGfJg=
Plo7F/fbMV3f8wvqYvbwsQ==
xqhsgD+LgqwsjYVHW2h9qw==
VQC/Akka/Uc=
s3Q3tw9d2DE=
QzfWGOzXYwc=
g83QDN8jQjJzYJDRsbIFAw==
6nG8YZ4vftU=
oXgJQKppMyI=
uHQ0ZGR8TdXKswxo+o+DNQ==
znyR0AjlOPsgkd5AILIKMA==
QiyLuzPUXLg=
iFmxctuXVUyxLpJMZqnPxQ==
uHfnHbYGBhHed3EZpC3eOw==
uanUxcuF0jUVNsxuJC8VnA==
uanUxcuF0jWJBphKPTiZdA==
Pe1sy+0GDWI=
wpr2qeemGug7TKaNPgLxwg==
XY1NbApjfTI=
jOhw4wFZE8PTIxdGQ9YOMw==
uOx8T1yHMSc=
/jYmJuffBhE=
+cPjJd6PGHlYPu8AEb7AMg==
+cPjJd6PGHnKTRaj5rJybw==
4EDbo4c/PsuD2+R8zmR3EQ==
SIYWLmE8jmK+ZBye/qAc2A==
SIYWLmE8jmL5DxDHI+7jrg==
etv5bxKk9aTqpNOzl4pHLw==
P0RBVrs5Xyehi+nkS7OzMQ==
uck5axnSJiiA0BpS5z7CEA==
pLZ3xzuYgTW8++8mlc0Omw==
D8Ku8jjXWN7WYNOUyJSFTQ==
b9gHGSo7t67MEwJMlQ4/Yg==
gnyZOgZKAaXCjkY21MSoSw==
xxLcTfdjrLw=
cVR8oQqiYqY=
iYnkqIP+TbtL71+DIAgJ5w==
fD9fbE/uoIe2lTLzJ0//RA==
dA1Lvi+ubzLurb/9NMz1fg==
gMGHYnl3/qw=
aEj78sDV7Pc=
RbcFTzEr8qg=
VWXbBXPoHY0ABidQ9Q2kvQ==
f/SdyYxvARo=
zoCWPYmdmnCukl0wBfhuPg==
ZjKq8Ha6XM8=
0hwIMGvTkR8x9bM9ZGD8ng==
Nb+R6Hw+dzczuPjGseiN2Q==
tqjfdIHyMVmtVeyhMajz8A==
C9Ip+K8KX3b/f2GMWJiHvg==
lc0Jynai00g=
3HL++5TIxN5CiWy8GdVrlQ==
vKCpnW8wpuGTZCnzeCDWmQ==
m6edFNz5soY=
d5M2r0VACNWwn2nvBHZzqA==
tknpFSYthkw=
CMxhBBhislUkndVhmjOl/A==
4z37WKjQlaynCGlWpwQ25w==
wj4/DyylJj9MYDmyE3MPWQ==
8XOn5Y4ihHqldmEY6EdZdg==
fScmrT64otsjqM2XM3ha2A==
7Lrd/DqVrUQ=
y2McbFOJrG8=
jUN08UNZVYbL1Uuxk9XnHw==
Y7E2cF5N8RiIj4a4THY9Cw==
T9kYmP1zahI=
NJvFd1hcRuY=
+EQcCwCEg1eip1mwLaJWtA==
2BCRNdQeQHw=
mpyMBnge524=
bGHNQfc/1IA=
ZpJ6f4tM36U=
nJtdxDrs8oI=
mJuy7QcD0ok=
9qJlmfNYzs4=
X22R31WdGEI=
WuT0SA7lQ8s=
pW3lGfkTR44=
NJ97AgLgToY=
SsIgWjSS0RA=
cRDDjPer0lg=
brPVBPM+/J0=
YJmInVASim8=
A76l/ZsXm/I=
RBguz8ixseo=
nL297wcP8Q8=
/Co47yfMvWzMqYKayvzZIw==
8qJAdpdV86g=
eEnXfGMV8oE=
CseECocTHDw=
DM5vlDRsuxtMuZPoIsbvtA==
l1rDQayg9jA=
W9SOMywJyl4=
fHutshGjosQo6eddBTSOpA==
r0DMoT6xMlE=
e4+5pjxE1u8=
G7z//04omfo=
Ro91gAQbm70=
B6KtEHXqeQI=
sVOUpTW4QM8=
w+90QlbAKCAtYPQcOHDmYg==
85dvlLLjYzI=
cjpBHYOD9K8=
BYa0eSEkfxvViaYbAEerQg==
BYa0eSEkfxsfrvfQwwuzHQ==
qdCbkQL07BYJHDDMUCvOrg==
BSSlmRU2hxU=
eOLmzHAVF4Y=
grFENqXbYp3FC4AYDroIoA==
1nFj2Y8tBlQNUbMOMvATeQ==
ql4Z/PBMK0c42yFp5M4huQ==
Qf5cRUiE44E=
vcmDDmDaV3RB7qliglulLA==
dOaznwSb2Ng=
3sZIRgPPXG0=
mjgR8D/Gdm4=
gJ6t95Qi6oU=
xo/X+NZw3dM=
/SQkskD9sjs=
3BPlR/xX3Gs=
e4DQhlpFXDo=
2+09egcpSt8=
RsQ0SYh//SevHyeWhdbJ7g==
HlA3VMMu9ZA=
9tUI+Wq5l4w=
Abe1ckGOqck=
6445i6W2FaQ=
a53nm+oOUQQ=
SJAZNhF5uH8=
zXl7/ENxyeM=
KCSg7KC5PPw=
kYJZ4JFzmFw=
9qYmTgsNHm8=
Xrx+VfpWWEI=
9lZqC2hsI74=
SBr/HyhHzUo=
eYmxTi+HimE=
T5K5RYco4f8=
xazGTyddqFw=
cJ0eG9BfnPA=
515hLUJ7intz1hQplaXNrw==
/VIEevlBlQc=
AgpLuYFEOQk=
Qdf4laKqNTs=
v+TrJInaTm8=
0nN4miN9vosXfC8bB9rWMg==
hxFYfQh/MjcW8w1ZFi7OzQ==
/RqcE20rqQ8=
0lfAxE/mdoQ=
OYaJJqARzRc=
9ejK4wpz24s=
ZGVajfmZzeY=
dtgZLBSX7NU=
plhS4CRDDZo=
kjSLy8UthP+SYjTyF9KiuA==
KGthXF/l7eIvFrQN/WdnMw==
AVV4do8ZXug=
loa4MfdBP1w=
hFgA5kgbLsk=
BjQLiE4vWw4=
vi8RtFFZxRE=
VG9Rww9otCQ=
2sDhVN861nhFfML1Fo2uCg==
UFFDYwIAWVo=
qpvw0iP+blA=
04hmvoKE4ko=
7J4YPbMKsrDQmomWejvtWQ==
68PkE9zy33Y=
5ZrDtQO1eXxMTL+GUZ13Vg==
u6HCiBbpb84=
bejt61ucZ9M=
ZMJ7wg8ZByo=
mGU6Vj9xQTYHoXGbcDTDvg==
lpPD07/yRvs=
wffxHtvkBcw=
3KTRSQixn0REKOK8lEkLaw==
b+4XvV+SlL4=
u+DtK/LkS8o=
YE6VLMpKsOI=
osbZgUzEmTY=
mtTVF9QY9Ec=
ZH/bBuXcQvzRdG3/mW4K6g==
+S/4j0YPkVI=
6bmxPZyV6Rg=
AZ24RG7JyA0=
f2sKXv0PJehm2xQGFEOeLQ==
gdltSHvyAoV+zbPM0CxCQg==
NqCG06mR23gKF0jh9QRDtA==
MDi6BnQFZ0Q=
R12dqwru1fmbEWplUMqkzQ==
bCOdS+r7q5Yi0HDF+pwMGQ==
3/R/uB0e2pk=
W+U/hSiMCuM=
FMGHFiovOsg=
7Q9QgJydzdI=
BWCvV7vaiqo=
szo6Bmw9oVI=
hScwUSFlFt4=
mytWD006Un9JAx9UNv9jBw==
+GkiODhsMLE=
Di+Bzjt3d8lg/ydA9hta5w==
SPEwBJLwPHRrbPo4vHLFyg==
zgPhMRvcT0E0mmO66K+EHg==
WBvWHl0cy1M=
n+p3xBy6zOM=
UTkHtWVGOMZK/tsZiJOqOw==
/u3VrIMEDMA=
JiweoukFapc=
lrLnvgBqte2O3U49/CP/Hw==
e6wKX5GXXQgDJHGSrr2mRw==
jodkRkuAf1c=
5dtZIRml4MY=
VO75av05TwjnxFJpqWCFHw==
81BzuRmEdO5HlZAZNU693g==
mhspIyaMsFs=
UX3u5B+sWa0=
bc01rSTEZiPFClXfcqwAdw==
suKmLbpEATM7JsWr5XIwoA==
IgL0JC7kXCU=
6g/fYrTMzyach3IJ3veykg==
aQ8FjR6AycQ=
LfovpXHSgX4=
ReKSDea3R8MHgCWqDrdZ9g==
FuUNlj+k1ty6zQ4/somYdA==
bzcveJIixUM=
o5sdx5fy/zrubisk1pzBcA==
ugEqFyTTLbk=
u0ZcWWMeho8=
W19eqDYXA3PS199oZSlwmw==
LHjAcSULzgs=
OVQobo4/G44=
DiUc4NkuO0Q=
NiD4xKJzCXw=
xVRCnT3xpDE=
xk9zFSxQ0gA=
g+kKHJFRUdc=
oE/oOLO8e+Y=
ordFOV+mwzQaR2eDwIVP9Q==
Yn2Cin6hg4I=
0HuHUzkwD0U=
B+Cu57JdddQ=
LyNC0dzrsjk=
6ayrbA9TsCM=
aqmzcoNle5g=
naDKNYTYF2I=
ouG/58fE40k=
GkPQ9yghA9Y/IyyzZmEkCg==
FaLGKi3Cn4E=
cMOPWQ47EL0=
9ftk7t+cf5s=
PuyD+zqVEkI=
VEyYJvRbIPg=
QCDlBPym52EB0Hu3ZAAe6Q==
PJ3tI56HV/Y=
oDQLB4sR0gw=
DnEfij4NNWE=
/p9nIMP1i3UnvqL24ZSgRQ==
MY9fHkHgXIk=
6ZX3+uwlfUk=
21V4ILUBiKI=
1F5qbHAdGIg=
t4c28x3kuQw=
XtqjRFCJtO4=
Xs3Js+Iwp8I=
yf1f1wCFhfi/WTwPjLJGcA==
Ri5nt7C86cA=
tLdXUm57nPA=
LhZp/SQCp1U=
Zg/YnvX5ZEgG9jg23zwbFA==
oFShTDLVW0vbbsDGaXCJVA==
vZgFvtr5wKE=
pnSw+2dq7wIIT6KXmS+h0Q==
mumby5vsIzE=
MeE1QYCrVO4=
uj9o3a6ou5E=
e4N6lDRMmTc=
UoJPB6SZvHg=
5wfzuUWtGAk=
3nVBPpTFodE=
RyHK8I+MNxI=
Qj55NHE+JFw=
f+//+Ipdy40=
cAxKsC2/3ek=
9X6pKIfbswM=
cU4vHLZ9fAY=
ADSnap1SkEA=
GXzP0JdQhRU=
MOpf+C3L4Ts=
d8XhXH+UNpw=
8RxfeGEBhiU8gWN6oy08yQ==
2ghpX3/ePQ2GasLh7jpYxA==
gpkBWq67Ezc=
kFVxMGCe6DtEWxR+5YSUiQ==
nCU/fW8Cm3o=
GrcfFCI11OA=
ElePZXWRcv0=
DsTVhmBDyWkQaF2ptWHsbg==
3CXoltm7zeo=
n54flG/s0lM=
gn5VfeuJVUI=
pO9Fqh8szGw=
VkYsXWJ2llg=
tejehUSqg67UB+WckLlnaQ==
f6YQTPvPywk=
YbCabf4F5pU=
FCoUtE/kOcJZnkEADd8dZw==
9N0DRKmSkMc=
ZVK5zrGdvdQ=
FnkDT2qY9gA=
4fXQV/I3hWo=
qlfG4IVu54k=
MwbSabx5maQ=
4I9RLfi0xUM=
lTm0NBQklt8=
QKnILX4C89c=
upd78ZP65+Y=
gu8J/rDJ5QY=
/3RCcgafOK8=
0UIX6gYdj7A=
mhdJnaI70NA=
1cBRox4XbnQ=
y33Jg84Jvpg=
v7JJn4xv1Ok=
G0wzzK0vqQQ=
9SXNZPz2ve0oOjPzhv2vyw==
IFMGgjMUrCE=
YrtHMvHELTI=
/p18t+iG7gs=
SZDnOg0vGJY=
tV5nGW8ZpmMrgIgAGkuesA==
oO750GTghms=
We/C7OWEVNJptIoCc3Z00g==
DctpOSMnY4Q=
cYUmQmymiF4=
EZUSqFHLDJ4=
eyEnGnweSds=
FbuxEb4mD9c=
E0oDXhpfBFXsHIY1byIu7g==
5v394It846wJf9KHCZ5ZFA==
QQoaETYzWbo=
KlI82hivgQg=
2Ejyw0o8dNE=
oIcIp4evVBY=
uVDWy/bwBAE=
6mjn3TdpD6U=
B/5nY9z778apxyMt4yXTrg==
XYw9ScMaeAw=
7GV5eGxtNtIVaocU0obyGA==
A+gWpPptRdgkOlh1FQ9wHg==
VZGtj9Lf+2s=
Hj/7p0Cnvyo=
5mPJdIfHHaY=
N3CZ6vy0s4s=
xX9aG7aeEFc=
3VI4lUD6pZs=
B0K+ujW6bJs=
sRGswDhlqeY=
LnQrjJ7nqek=
VE18g+L9/pI=
Vu2glZcywQs=
akR1k1mR2PI=
Jj1darAZkRqLObIiyxqDUw==
FX7mml3M6Hc=
++1ZlCjXCEw=
jUqGHO08fDg=
hIRFfs+hquI=
TeUzIlfZ0rj3zfVnHtCGJQ==
LvA53mpoP4s=
U3SbuP3aM0w=
WFjnMU4CerQ=
foYdcfXvWQsPkFV35itPpg==
qxDE1RVQDHF2KPqk46e4FQ==
yUU/ccYi7v1Iv219LimJyQ==
SXg9q2TiV1I=
I4Yn0ojL7fs=
GfVxw7Rhjxw=
w9FZGWnUfUU=
4UK+AjiihXc=
hyoADFo0Ixs=
ioKzCOGyMUI=
DDxyKGi3yF4=
yDwbKbIenDY=
3hzzPsjbhYo=
d4oU/k3psCA=
wEiFRsTzJ8g=
RIH0qWGMLoI=
Nob5UNES9gs=
NeqRGREzqI4=
cJvpTHR/I5I=
pmswmeoAhyM=
iKUH28Zx+ts=
1wKoSgEOAQk=
DdmZyJmC7+c=
OAk2cDSzrek=
+vM8Ts1cKFg=
wmamjm39tIQ=
LaUvdnC4pHY=
Ka++O3pfHmM=
0VOhbM1+BWI=
Xq9DxDwnuXY=
WBfKEpa1YhI=
1Vx52Um6av4=
ZRROtvjANkCm4xY+0m20Ig==
O119EJx2TJY=
HmRhMAtjL3w=
YWH/GrDJSPs=
mGiBoIFqNR8=
Rx+zypqn1OA=
Pwq8cCfcEkE=
/bFGTzlGHBM=
QzhZkxsYbg0=
NX5Q6KOMA0k=
8b4ZZPbnqMM=
ctsNNhwFO6U=
cNa1HYurkfs=
5Cn042DHWAM=
2hwOCrEDhx0=
MX1ISJ5K1iI=
JJGOEbiMrBQ=
j3voJf/kU2M=
cQTUMHScgkg=
nkS2aFWJ+Lur61RUGh9tjw==
R4JZf+Gm6beDIL9cfklTeg==
jK3f/Ji8z1U=
k9LMn1ZiDgg=
JNtJwtk6CXY=
l4J3Ir4luRU=
1eDVv7vwDwA=
uEuHkX/eJpU=
k5iPbLMLrTc=
k5iPbLMLrTc=
cQTUMHScgkg=
aVYKY7J1dcs=
6x26o9lPFrI=
DeeHIcXnGFA=
AuAMUxjvHKs=
cHhbhd11azU=
jg8BmtENC5U=
tTQQJ4M5mVFdrOEuOlS+Nw==
xjeN9gV1ggCXMJjy3uT3xA==
031nJeJhjSY=
TRZ0uIO9teA=
wr7z11+1W3Q=
Gsr+uGRVGkc=
KiYnUe8FSwE=
zZctGHpupU0=
xW9CSaPcyM4=
vrQrpSOEEFk=
BaJHqnNtf7B3cw0mPYz6YA==
qSWxII3fkMo=
Ch05irU8hhs=
SVIsDaqPd4o=
s4PjNvmrQ4w=
zIX7E8Ll+bM=
Oo4R+VhoG0o=
f3+IL8r4Rb4=
7EYdqLJrY/k=
0VKkkfYfPpg=
immrxHMwbP0=
kvXmoIhWLX8=
JarLtDU0p5I=
tZFUxp67DCw=
gOfZ5sKHw0yN+8J3wGCUUA==
zlDPF8ijNxA=
jZzuuxGJ2Wg=
LGUwZgTYmrQ=
nvy0h/CD75M=
LjpQr4VppoFrisoxDZbvtA==
KFuXYsDGrLc=
WQ3aQ6mQ9og=
WQ3aQ6mQ9og=
nvy0h/CD75M=
yqlPMD8Lp+E=
JBZKS5TQyoM=
FJbEwX1joek=
vCW4ze+N0SlN7I3b4kzZSA==
V2KEzOQHqlE=
0264CjsMI8U=
kT9mM1tPB00=
s3o37DrhQy0=
oOhHRsCpI6atwOqP61ct+Q==
H3C9FWVZJPI=
NrlRET0zyiZpugBPvHg4DA==
+33Mk9RzbMU=
45Bww7aYIGc=
go2LmQDcap4=
X7iLza8wEpk=
fEnmQSeugn0=
HfXofH46JvI=
cRMDx9xSIQE=
9OfOlETQGcs=
evsGvnECBU8sqoW4cmZslA==
wSRCgQhKG5A=
Nyq1ssVEQs0=
9rA7mPAzxjo=
j7ulVn04obM=
3+e8pWijO+qPbbGSx8OWaQ==
lMH4AWyA34g=
eobvncVBAmE=
3/PBIwUsrVY=
fAqULWv1cT0=
/SP+YtInc0k=
0TqQiM3XVDo=
sj1nQb7BfG8=
6sFcvTzwux/6qFNKKUNKUQ==
m3TZLYqjhc7d0H3GCWyfQA==
67Jlodrq7KLk+pRe0PfJ5w==
D31FGRVyC8M=
ubu20QCF58I=
f8L43MQBxLI=
v/7wC5mYsGD8sUvM3Au9bQ==
13JFySdtIkZ1cVa7dqGXZA==
c9jBRtvyl2s=
9AA40jqhCzou+J4yijW7HA==
9AA40jqhCzpFRF3ERw+NSg==
Izt+UtwaSBvTFOJk6qa7KQ==
CNmNUhgSjiU=
v/qqS3q6t+M=
jhuoro9vgStdNYKv/gWlhw==
0ciiH06UGcQ=
rxWFNNVWkAM=
lMxf4sasovo=
YaG4oPhLu9c=
lGbwhVkPM5M=
/qH4gat1LO0=
QfD32PplJNc=
Bx6CykHyVp8=
QrRHjnaRV0M=
gTilZIEPb6s=
ua9H5ElRNIk=
xBo0gVTfnn4=
eRt4K2j0WxUB/+vEP3Snwg==
FUUti5j+MaQ=
/tKUkOe/P1c=
21KKw3t++fYOROCJuMasvw==
neDdTwwlM8M=
NJtv3jUMjmg=
1uCRGwXmn7+Ga8PCNUwusA==
LqQlw1wvW1I=
BdlDw3v+rtg=
k0ikUnNQVro=
3HI6ZY8Dq9A=
K49HeoiBWLk=
Sgxko1d2bK0=
vU1A0j/80k0=
t2X3rI5xn3Q=
EFcLDspv2Ug=
vwhZ70tLA/vCc4YFavlh5A==
jvumMXkGdvyoEPZBF/NkTQ==
nATGze622ahOszjaPUlDGQ==
xdD5XuZS/mk=
YrXMQf/n5sU=
sHfcmeYgqYP0nPGl5bGdvQ==
k/1ZCyaV5dY=
J5q/DT+uvVA=
020hdkyVmgs=
KwjHNA4HB9I=
Y7+piZO5Rl0=
yqqWpq4l3Lw=
vbxLkDqpcFU=
3PAagnUGYD4=
+gWty3RhIhw=
wQYBNoXkl6U=
K72D/kY1ARU=
ztFrzlNOXKM=
0bALnnsUyGE=
4FORfxiY8EM=
7/QoucuL/00=
zEmrH3hBNaA=
3DJDXXPp/nBh0FAlolttKA==
3DJDXXPp/nAvaYewXKap/w==
cOtXfBmvxNo=
mxg6tgQ/+Tc=
TPybfhvhY+fKsTVyfGKIFw==
U8UERiML0lSibesxFegx7A==
51LVftq5uKBTJIIaYrqmZQ==
mGC1mkKhN+Q=
RT+vZz3Fr0o=
hp7QO23rGxM=
doxsf3o35ro=
g50Q6K7JlMk=
CtdxX955ZeY=
FBsOVPyC0Cc=
o6zpf9gQ1Uo=
UKoY9C3cQNY=
MPs9t8PUO0ZmkbIBIwIjpQ==
yD/XwYo/7Cg=
Reg2JHCT4ZI4JSGKsrrqWw==
ZKLeJnX1kjY=
2PphaNzk/Fg=
+B8Cw2qLGI0=
E2uoFiyxPdpfy0nOKcpR9w==
rPDOfQ6NnBpshSfTjo5GOw==
FSd307iASjo=
hEvfIThPsUk=
92apZ8Iz6JzS6X3EmDcHdA==
iAre3z0gGNg=
jx7T3w++uGk=
DgqBZx39BYg=
/fcAo1Ley1M=
vrgl7a4e2efyiMCZHzapGg==
gTVwnYEhxYs=
3RGWRGy+fEM=
sIFgcBbYPPA=
56ilSmEKUX4=
KXsfPEkUAXE=
Q8C5q7ZyUGk=
p/bk6NWaVQs=
JxY8u73go/p0vDDWo3gQMg==
WfGaLJTAG6dJ+L/NUhgx0A==
oNK+2GDl6H837vIFnjCCLg==
zs3BYn3d/Sb1+KzYeYTxmw==
ahTWlkR1NFlAiTEI+p7HdA==
3zah67hpnj8=
s8G2P3BExbs=
TqlfFCO0J1c=
gvirOyXR7Yo=
w8ZFa5Nu21g=
PPsh+3unRW0=
UZ5xL5ZgONF0ZbMC0f0yRQ==
b41Yu0uRhcI=
04G4pImyZTg=
7SMNwHhjfoX4OOrstOgDOA==
862MrF3IiYg=
CYKavkJbh6o=
asjrUIs4QIM=
Fn+u0qG/Tok=
aD8iQVAk9Is=
HDKPjZ3Grw5iaa8uqmjDCg==
8dF5BDUqlsIGTlSiH03z9A==
8wOUQ4ROndKeMJ+PJhYQuQ==
6HuaiQyRVoyVsSnRuj3UMQ==
GtyigGm0RIhRCmz+kmXbOw==
re5x6sS8Z/E=
8+HB8+HgiI8=
BRJCgwpRKgI=
Iz/Fbfc/snmLIPnlvRt7jg==
Uny5hlUGemU=
PpU0zcqgdH8=
/j9Qd61B23o=
bucYbzORpP5OS6cHCe26vA==
EY1PwIWPXxU=
VCf59B+pKzI=
Q3Wnx5B8PnI=
+iFlMbozMFY=
1cHschg9J2vBuhZb754rbA==
o8OmyQaL/z8=
hTmiSH06JlEe3i8i843kFQ==
CZ+/PckoeOI=
Xj2c9QpFbRg=
6gOrCSli4L0=
g++UOief1nQ=
5w3DWMPFcPs=
TbjCGjlpga8=
cCAxksEmV9M=
YXnnrcuKLDw=
5PEgVwUnnk8=
C42cYgdJthw=
bDzUC7x8sHZHl4zVrljuNQ==
ZauMdHkX7UI=
vPY2gf/hx/g=
m1WtUc5+WfM=
4QOWHx13He4=
VUO8YZYaoAA=
z0nVA7o5kN9zvRlhvtLKgw==
eX7aqWWY43M=
et6CDWXE92o=
0fkNyKiwDWJ6TbnoNyrLJA==
y61zP16ZfyQ=
gnwOH1sV3bOXYVBgSsI2ow==
jzHsl/vp/J0=
dFk7Ug7mlTz7nE6Vv3lmcQ==
Y5CgtaQ7sVRb1ezJmuquLg==
h3ca7Rvalf8=
WFwV9TKA1Q0=
nE1kwuMGDcc6UV38GbB4Qw==
e/pgzIn0nGdjawqxMxJQmw==
X9vaWv5ZEIw=
daKNeTFHf8i2hh7EMtVgAw==
C3akXpWwtVY=
zjGFT8pzvqc=
vUZzyadEINw=
HQSWkbgX0+o=
zd8J9fnxPhlfbv2osLk5ZA==
sfb8M0q18OQ=
LPb2AqoxHolRyH3sj/AkYg==
69KKfJmcPOF9G01DSiSELQ==
X8iXs3wKNhk1w5CppvTRBg==
tstWLDyKyhg=
M0u+TirsNAU=
EonCmtLoOaI=
JDtJKTxXhRyF+outoH1GNw==
cb1n4wXT6Gc=
dA1GcSS/D1M=
HvqyWXT3yq8gF+Law7QaOQ==
3qEW03Z+EIsRJOxdz9DVLQ==
dL5wZ00bYTjXdC+USUdbdA==
Z62vyuytq2weS8C//hFngQ==
VwECKTAZJmNeSfFMVoNzCw==
iegwFeFWVgthvA4Xs8U3cA==
lo+mbMmQLKw=
Pdhqc13yB84=
eoVTh1kQSIfSo6Hsi+gr0w==
/C+9CNjvNzE57eRdvk4ZOA==
4OH4T0UmjT5pbU8t5pw/QQ==
NhxrRHOc8TyvQ8E264HMOQ==
0AjQEWCi81J6JmN2swCw2w==
kCUls5060Wo/gKhDizj6kw==
+gfVi0dfbOw=
qlnoJmhFsFf+KigAc8Ve7A==
RuNI1kt0ydY=
obOw6r3uGZE=
106Gx6rhwJI=
i3qBoHcBidc=
dcdE3JeDhyg=
o9hE+whooWRaPpcQNXk5AA==
fj3BZvMmmzsNkWP9hRNz6g==
/XYZXdtME9aCi3uZ2yaSEA==
z03DMaqxeBY=
9jNIdDlg/5M=
Oqv2/jJ6qHU=
iOoajjbEUseXxIwOPCiWYg==
Lb1M7lj2HSmsNhDGJP9IhA==
Lb1M7lj2HSlgzqKiZvz3VA==
Lb1M7lj2HSmzr3tzI4GaHg==
1+YWDjltBwMFR+Ov3tuQLA==
Ed/cTaMteiw=
YFQ2LlVGrwo=
bHHynzMGoIk=
ejACkXNQXjB+kY40/WR1pw==
S0k+zvHmodE=
NdzVQ7JmEas=
0NizDjGoLOAJ2tQrxHZtJw==
HhD8VURucjk=
aJUKr+x8NkpKr6M5vCnwYQ==
cSLbuY2L7Xx3585Mp/Kwjw==
cSLbuY2L7XyF3ESkSWOUdA==
iKIHfOKlsrw=
BpX1ZaK/F/M=
9wFrCxSeBLTDtpG4eyPgdQ==
roSSYsHG6rI=
X5aG+QUrlor/htC0VQydZw==
4TuvkE2MlY0=
TJVvLlddjNlh4qNYFeEQqg==
u9iDqpzu9BY=
ucyUnkO5XEc=
JW1GUAmYc1c=
JW1GUAmYc1c=
ucyUnkO5XEc=
oOlu6wIhCfc=
lt7Bpw0KbTQ=
WId6+kH4Pho=
b9JYgqyPKbo=
GeLmi0JRvI0=
JjKBnyi+Pj8ZN00DWeiAhw==
s5ehUGJ+5Wo=
LMQ9LW2JIoI=
FN8hMcGlC9Y=
EvTadyCUD2w=
0GNzOfpii5Q=
5s9tYKnP/pA=
OB3iRiKj7Q0=
3TR0PfSgov4=
VQD+ZoGAg6I=
8JX6TV8l4wQulrbnv0JvVA==
MuJZL5Wq2bBPKX3yFSHmjw==
MuJZL5Wq2bCDUthMFqfkpQ==
sRvtvJmYHk7/RolzPGoSyg==
8RKytyQvgQxgtPkXG6no+A==
4/MHmfhAEf0=
4M6mPjoJ2L0=
CkCYGnoaIcQKxFtxKrlqrw==
BiYj/EsxuCg=
RTib303trsg=
2NycSORr31CeL0rU2I3HOQ==
CnwNiMGcpbQ=
75/VNnA+MxU=
y2daJXTbYM4=
t4bHrvxs4dE=
ru47yKYfhznwqCZfRwhOAQ==
D/qpZu1BmRo=
LumYSAt4Ztc=
G+bi6jmg3wo=
6Aelqs5ho9T9F/j7baof/A==
ciND7VcK/dh+V663udHcWw==
BoA8OzbGwbJKhKeM2FpQoA==
ptHjTII/2zs=
3yu1xbTEgQA=
d7PyhIklby8=
uLX/9cBlmYo=
85jrTJN53DZqL49f7N1BuQ==
0atcuRh9WPI=
glMjWd7kqfs=
l0hv3z2wIks=
41h8bOlONbk=
2rPxGmnN2TsIB8SofVXY9g==
PvmtqSneZcKXZmTmj7xW3A==
Ac2sWBu4p5g=
OagBsJ/RUJw=
E9Yg5FuxQhc=
9gMyFJgPZ3Y=
w+aHMxNnZGikQb00E8wfNg==
w+aHMxNnZGhxAElG56wulg==
Ln/a6AQ1v4fsyOydyC1YXA==
CR7BLx0PHDg=
epLZuS3/Z59/1e8DslDtRg==
TC231d/oBmo=
4eRz9jn/22I=
xI3RpbDm6pM=
7Lwd/WTzSMw=
M2JUnsf55P2FWrvQDCwnPA==
dplr0Fl11x5CUibUMoVU4Q==
+gYghPMdhmA=
9neqlu/Uf6G/fGcUlJFh8w==
KfrcYcKFgSZpC33yQQ/Hlw==
j06Z06GiC0g=
OLcuR3l+7u7NxiGzX2pT6A==
xXzIvuNdduA=
AnlL2Pyha1bFhP2ftdK3Zw==
A0U0Gr/S1ckPAYJzx2wBEQ==
A0U0Gr/S1cmiIz0AinAFuQ==
pTTQMfvgYZ8=
na3PehQkc8E=
wHTmH9wawBk=
QXiN0hBl6FU=
jAe6Pih+xUQ=
bSTL5O9wxzQ=
FB2D27UeJQW0TkVvllMcrA==
FB2D27UeJQXBtAlklDt5XA==
FB2D27UeJQWHhVYVKVEchw==
Dcu+Lr0CKcnmM8fdfie/Rw==
tFHHs43XiHQ=
+0M4DRGI1NM=
2Jyfc74niyQ=
bL1EKZPkqPc=
oA9VS2TudiA=
9E++P78RowUKboZKBTb/jQ==
fYxxojEnsxI=
pgFCwL4bWko=
VVcfiifNMWM=
9cvcxcv7IUA=
Iv8YJsypD+c=
hWDLEIyt2U8=
nJ8KOGbsogbfR9fpPZpT3w==
XGT0C+8QV7Q=
bab1+pzFnfI=
1UfGygYaY/I=
sU2AWxxtO0mgpTBecKKOIA==
J8eQ6hXpTig=
EhFwttpfYXw=
Omtnmv5OGbI=
ip3rI/DcY/A=
hCTmYhBO3SmzNF7iTIN4Hg==
qB4wvsjyDbw=
rCqNqb96EME=
mCa/7pE9bE4=
WvkTCVGUXQ4=
r6IqLJ2ObBw=
ve/SBOidWeo=
pTgAv66+DkDwRv9Pnp9vIQ==
pTgAv66+DkBvzW2hiJIFuQ==
k2KIXAqNCOQZUXx+1S7frQ==
S/D1Y8SGRcHP7dlgAiaYHA==
+LfwoxV494A=
nsZsgBl2aZU=
OcYDINBEK/w=
Txj4HcaKEvM=
I8NEg8nMFaQ=
oU8xRXeooNc=
QrI5ZYmDxAE=
u3wVsWsk+CI=
6Nz/y8nHKMNv0NDbzEEehA==
1KAigv2TFAfryPv53KkprA==
CvdvD3fbEtqoRAK1xlwKlA==
VzCb6MeLOPE=
2ydTYkm7vjs=
Hzfo31GCya0=
/kypkrCu9L0=
sCwFsNpYyLw=
X5iZyUMfgnU=
Ll63yv0DmNk=
wLOViziVOC3MTk+GCc8Swg==
WNfz5IEtS8L+kDrq86vSHQ==
+UVNfm/330K5YJ1YzRuWPQ==
uUf9NM7awVw+VvkBrNoENQ==
M4lbcxKR+RcDZtaISPJc4A==
Ro95rxkmplU=
z58hIphjGglkFmhRtEi52A==
p2qngIIVflQ=
/lu5NdQ98hw=
Z3vBpwD1j70=
Phv94n9zOiQ=
hoeHwscOueMjmkP3BSmzrw==
hoeHwscOueMOKa1HsAnkHQ==
BAfVAKdCbZM=
PPlJdSSW/VM=
66mU3ImeC20=
aKhJfsLI+L4=
ZknHVfHmFAHM588rMWkWcg==
Q95cj+KOx8W1xj6C6d9LRg==
FnKFGOGpTxs=
TdpauS+YPF7jheO4s9qN1Q==
jz2dFQaXLao=
pgO38flgW5vDEx41mVsCrA==
JVAxSOsFiIs=
aSm9IY8hgY0=
78W7S4DDSIWuO5Id1fpPsg==
NEXxrN15COw=
JEG1aXep6+o=
0a++hv4vRzc=
BKvQXT0WE/8=
qwg8Xqwaa6g=
pDtPX6utjgtxmZpVddo3Xg==
LF1f0fLL5ew=
Argzu4i5HSY=
cUAi7xpesOg=
WpLxRUpu55o=
RN1d0G3XKWs=
qQZ/LmmrS6E=
NMn06pG6pLT1ZpFsZxsxiw==
wGbP0e5FjUI=
glmqe3oy63f/PzmMat6kMg==
BA2JCAMiD5Y=
6ksmIhENRtA=
W68vFMnLwbM=
5sFE0zZ1Qs4=
Foc704eEF/75udFBIXV4UA==
D6G/guijxno=
BaKdIKUmXKE=
2sfo794zer/hV69ayIvSgw==
vTIfcNozmWk=
48YHAcLnsKM=
QVr7VVGBBHM=
Ml1Dmlwdujr15Ktn/Jjf2A==
gQ1MZ/OtEfGIWIaKPndpiA==
v6qXN4x9M6myMSBtg1TxWg==
c7x+V0TDYdw=
/lFcN0xT3zM=
tpPfUDIhaaQ=
9I89w4yjkpg=
OQrg0pb2NWQ=
x9pdSKR1xTbb6SD31AAlyw==
b7UlYeWZ33Q=
tM+vCjql0Cw=
qc7xHVPkjv0EcAFA/5Z8ng==
VnjOtQN2jOOIvx4UT2HALQ==
InB6XWVlKt0=
T91Z2eKmkMQ=
WlXXo8IXweQkql81F6k5pw==
WsSrUIUg3fc=
MRsQ3jE44Dk=
hyqlf+9rXDFACaar3Qi/ug==
NMS1XNrpRO3QDtmcOO735Q==
TOl8CQXqvYOeFpo5zcCTDg==
UaEEcixpHuQ=
53/rPSuEZp7yv+pIuEX/GQ==
4EuOMp8DklA=
rDkoBjWU7bY=
dYCTZrsrp00=
3JWuKCHlmXw=
yd1QdpVbr0Y=
xmgpBV4achsuR4aOg9hpQA==
MuxY5mUvheI=
gdoXMbYZxuaWpQJZatERxw==
7AERJfor8ng=
Vsu2vZY/VBVtpOxlIqdVRw==
GpGs6DsZGKL/wq02hNWIUw==
v/uQKgtx+m2xIItyLLSVcw==
8AZi+sQVjbJtn0MdGgpolw==
6VIVbIPwXBLPwa5WwfT/dg==
2ig8hKLO1hc=
+Ce6RZr4XMc=
m1iuDaeFtCo=
MP5zK5sLAa4rukC+T2mvJA==
KKtrDWaDBl4=
8P2h54b6dlQ=
KQggiy4ziOw=
pgQoUhuG2bu/WrXRnV4Y3w==
fl1pnJbCW2CXueMszYBOiA==
Y5TZ17NpaKxS/Wrg64EFBw==
ygVb3Lj45QmKQoJdbpPfpQ==
SrPWIh18r0q5AI7SVo5xDg==
jwGs7eRQmyGa8ij1Wk5n3g==
wU5ZjM1HaEQ=
VRUwPisRlEA=
GtSyu3fEx8HKggr3j1rPVg==
55tTM1tyOTEOJRTE35zJ/Q==
029BtPncNVg=
bze+g6MXvuw=
Iz+eLyHbYwo=
czhVv+9tzo4=
KDtBTeiNRq63dDsMsJsttA==
Es0SPB7g1so=
Y4SbEiQW6X2g6jQO4CZfGw==
61RrmwhbPtU=
d0Zn+qYESKM=
IkbOwhND2lmRIMsKuBIizA==
anyA3spJrnNAAVwRhf3cIA==
5w/mXrPBwoNwWO3UrDVxbA==
N9EWMS90aGw=
+C4jabshNbw=
4bc75qRLfS/z5P+o0sJT1Q==
RORhC8qqvMxXrRq9p9PWNw==
RORhC8qqvMw25kRyawjQhA==
NYfWNwoJzEOWkZMtALu1Ww==
BFOp3SxTy0mbhOKlGfImuA==
A/xRn/g4u5U=
lq2P8zxuSVls6U56xcipqg==
lq2P8zxuSVlBNY9WzT1bWw==
uzwgCaiAiB5PJDYqP0/i2A==
L5PkO5ZDdPPRTcJGKtJRYQ==
tPzoTU0ZrZ17UC0agYfI+A==
93nWbCHM2Do=
cxPkijZ7vug=
i6l842vTr8U=
8goE00e8G4arJvuBYA0ccg==
DErDuKNNlFY=
icNFC8lGkxOYAWrM0XIt+g==
glRExqmwEpc=
2+GzsTKC9c8=
tYNdnPvg91cfcogZmnp0cw==
NmiNBGpGHkM=
UiwQR1YW/IY6PsPxDx7GVQ==
HXh/W0PI0yQ=
Tf7B5tTQ1GGktJtLR+TCxw==
sXY2mkE3V/4=
7hmZW1PKWnb0lzSd0T4RXA==
feOdOJu2QVs=
2zaHo9iF22A1YxELnOXd0g==
ZHQWxl+AQcqlAQDM4uFEIA==
9LFOJUsssQ4=
q4lQypVhR30uw1PRJwi4QQ==
sdSaYOr7psk=
sfVk0wPikSzOEy5EqQC/Pg==
7t4XrjVlZ0o=
G2eZFokGqnU=
sycjqfen82dkoZ7PLXrEaw==
wRCtiZPCdq0i2mStoqUTuA==
KBLWJUB8ZXY=
lcX1RHF1AYQ=
SJ0eeahd608=
nW3VOo9Y0hk=
9O0/MgSouQ18Pt/TlVZIcQ==
DeGIEveJYm08tf/goQCwEA==
Pic8tfI8+80=
mNtrLlxagqY=
fjyx0FPRaZ0=
aBfg8b2KIoA=
kytqdAEBKr8=
nj7HTApB1Qw=
/oVSpP6yKSlwBWgOpiCqGw==
J5UUhufO9dM=
Rpk4I3TEZaY=
rzPPNcWI2Gk=
QNfuiIbNtQg=
RH/JbRA+Ow4EyOVrRD9TUw==
V4l/u60RFWg=
g9CIdp0C3/s=
v4iBWqSl1mQ=
XvyC8Oxrcn0=
lAeZrJUWA9k=
r7ZgVTxu/no=
2FkBp6zTqeU=
6rPkatgjbNHMme0tNrAMbQ==
upJzmdG5GUhOI18iltWyIg==
I0/C70+Vk6A=
BIEdFWZdpvw=
eFD3kg/uxsFJX9kvRp33ew==
YjWM1C3yU+Qbrx0VvzSnew==
tcIAHqEsuXE=
fFtiLK5RpR0=
cadbacyRLwY=
nUU0ihQ1wmA=
DXAGW0Qx45o=
qzXVIp9kg/k=
egctoNtJNio=
G7QKFuEOAac=
pFNh4gwXmeQ=
lmQ00LJsnMg=
VHMDBfb/uPY=
WBanYBys9nqMVqwpjEEWBg==
7XEyG+/L0IM=
53PVVKypuwA=
rl3HjCMsqIM=
PIwu29DwidkP6BoKbvpZpA==
nFe6HKdBJOYcdU4JCCuAHg==
nFe6HKdBJOa5yRyi2DeeFA==
AdDymBKyZI4ZX57yfZ4ZBA==
lGVcmZ292qjJ3xU6PxkIJQ==
rWv2CeTHNyJxePJng7Jw9A==
gUCOm9OqrDRzdZ/1I5Vl1g==
aprIomGdVuuXh8T0GsIolw==
3uH6Cb2fIZrKEMxsOQc/HQ==
wyJIa6vKxao=
v6qHkbTSfxM=
q3eGIxKugHY=
EJ0X25Su8OE=
1n1kJuGS1Sl1pOUnYAsr4Q==
ZCDZm7/rAcoc7jQMzthmGg==
rbJ2GYFgvZ33fGyRUlMq3A==
rbJ2GYFgvZ33fGyRUlMq3A==
CxDfhy7i7tA=
CxDfhy7i7tA=
FZIYeKO9GH4=
SZbpwILIu38=
1dVeH/7RJJQ=
9tIxJ3X3OiQ=
/B5ZfCfZw6U=
JXlpaD0o+S4=
VM0U/HDA300=
viT6212jECY=
ndZG48MoPfg=
yAaAcRwXUmY=
R40fPiesbSs=
Tlum+22PWTpA0IRcywxkug==
h1k5qYH9pjw=
von/QQy860s=
EPllGcPfuec=
0t/8ec67r84J6iBLyQt4rQ==
opTCP6Agbc3cG/BfezkqPg==
ifwOWx2vculIENMYFPuK6A==
wOwqpJCcJ11/3CMygDtW6w==
yfLEAoHlrtb4HqtItq492w==
y1aexP68B1pPNe8n2JROEg==
83dDucrlqn6GYmu4YqPzJQ==
kc95bJbqg7A7oeaoBRKwiw==
kc95bJbqg7A7oeaoBRKwiw==
p+OYjaw7nszi6aI4BHxq1A==
kc95bJbqg7BvmMrI3aCdhQ==
PHS+Q9KwMug=
y2tAlcAbPwtqpMM18jh64w==
5rNxrNXmuY4=
gP77ll227Hw=
FRIFGDCslXQ=
Vbvql5RQbC8=
i/HbfJeuz8I=
MWuNRdfrG2Y=
c1attkdJ2NYoVwz+Sp/cFw==
AaFQDd9tPvY=
gAIqgrT/Ewg=
e/qBUzxUjZM=
27LcRtWij/k=
sPffzLjIJ9E=
Ej0eCRF5TLo=
vJAaTcyTkFDWjqSzxVjXCg==
lOvF6D0IioQ=
vdZSrY3g63e4lPVUOp1YSQ==
yv1tcrH11hEbtnVrTIWFCg==
O2K3x8DLFHs=
GEAsVE70140=
cXJw84bkcjRkFzFySNcesQ==
Cgm/RglZNveX+8Izm0ncug==
Nja3FwRBZklBqHk/m3zR6w==
0Js3wvTHqFN2KayH/InSsA==
IbRWkDrm3kqoeASXvoTVvg==
vnLGRX6nmXJlqnAHTUVSkg==
Nf4fQwzIm9ihRzQL+/J1Tw==
MdowyDM/6J6ZxzkzR8E5ow==
ng6M3l9kB3Po3infUHGXFw==
juDPruDApGQ=
ky+qQjRuKDnq70AqQQX8AQ==
6NHGDPmct74=
VvT3MX8yufk=
rggPrNrjTyo=
HTrUfdYwDXI=
h99AyWMsoDc=
WkoxbN1j4jxQes/GcXIt/w==
UX5HSx+Sn/4=
hn4YjEIUe2uqVYbz159BbA==
mQbokPWi5Y8=
UY4u1xnPx9s=
dL4mBEoQct4=
tjIlmcWLHP0=
sxvzQYswkx85CJsTQUj7gw==
73DNc7nmG7c=
45b3C7WjaiaZcFGjOtAHQA==
3piV4sdoz4o=
+qhWV1OR7Qs=
pYlF/7oZBy8=
qnUedZQUM+0=
jjtCwbpdzpg=
vYHl4wwSVBs=
CmG+ALvdJXA=
BofWcpoO8uA=
f7xuy2r5SOY=
VWgTuIa+VHZPZMuBN28OoA==
X6z4smw2yJQ=
QEmMwXIuTbBl6+2NxuJTjg==
tJvR8GgMW9E=
b0pzQeB/j3o=
HwolUhcMGg4=
YWTy3rZl9kk=
66ayQBbZ1tVy5R8Q62yhoA==
l8Gj2Ir5q4g=
vvm0aNt1OcgBc2cWpR0HtA==
l4z3pNxHpAM=
J405qqORCVU=
FXDw+/xfNq3MFj6+d3kplg==
LgvfiJHrlWI=
anNXgDcP3zY=
kRchnf7tx6E=
RNF2SlE5vZo=
hSpF/eOxlZI=
XM6LENUiewNaregz+tVU2g==
OLKoAAWuYis=
9rJSVtKSAR8=
IhITV/a9TA0=
l1/PAaZCY54=
SLXL5i8ke28=
9QYfA4A4OY8=
a2sCH1q94T4=
p1HxrlzwY0k=
lgwb8ObbHr4=
FkMSLBQTx5d863cxY0TgUA==
n6S90x715aw=
QEmdueXv7Aw=
hXA0h8infCg=
K6QDVGCFeqk=
Tj8i7iAxY54=
8oJg+UJfnTw=
flqRtsssvws=
gWvo3E8XYmE=
gYveYaypg78=
RmIjFfI27pw=
AV750lFehpRLCT2SdbuHnQ==
c+PJKQPZDzA=
c+7+kjBCWkU=
VkHnuq0v88w=
hErMxMeeLM8=
cb1qM/9xahCHMQR0OsQZEQ==
prddmNvzYaE=
Gmq3LDtIyGnViQNAxer0DQ==
QPixAv+u6nc=
7jJeNEdSXvA=
AMKztlobrys=
0W9yrJE5eLs=
k1EzVD4mBII=
rzMpWQTOK0Pu/HHkyVFtFQ==
FvoZMsr2g2U=
KZkVpmQtPkw=
JEWU2ZHYkrlBrGZuEuUWIQ==
vnMV9yT6mNg=
+zNgCeisWprY67SAaehQDg==
eREBjhogy5Ti6sOyMM00pA==
/d0pGI6fFO4LRe5QVRbowA==
eCXJHnrDXYM=
HOpf2wXkm6k=
uafX7gywtT0=
nXFo1eDTAXLXRJFFohxkxQ==
ba3JCFaK7mE=
ZHbae2qB15rAIX9756bZ7w==
oFjuqE+kQ9g=
sYLBDvv4ZdhW7deBkXXb3Q==
xKNvGAEJwzs=
oVIrgEeGieDXCyy5vvAlMw==
wxbOL1c5lgIsNVrhVrr12A==
q4WmWCW1vb4=
jn7YIxMQTc4=
VhzFY97ObCE=
Y6KdFTPv7HITxFJzuE+h2A==
gCYe38EXWZ0=
7mMdfBTSaAzud1wH7c7/0g==
ArxIBoeetX4=
uDvMExjHKbs=
eyZ+Hf++kWM=
8TuRaf2WF7DHEQLWcx5Qrw==
b5ZRvqeqtWA=
zzm1y9uQQ1U=
krE0MqbWtfEjJ2AYqVp2bw==
t9EAo9Vt45Y=
yJUZG9aOwiTCoI8c3GmH/A==
tmYrvDRg9iaoL1GvEj8aKg==
Kn7xkCTjus0=
Z4e6Yy31HQ4=
Ht3hv3KZMhc=
CFqHOM561Sg=
Rbns7wHDGiE=
JYel/U/srTA=
irnamlsSNmY=
STByZDv4IXc=
vZPg/4oXTLk+ZcQkGmVWbA==
YiAnF/YOksC2DMhvFMEdGA==
oL0+aPUAu1g=
zsqL4aEc5LI=
qmxXXI/EVXVG0XQfP00V5g==
w4gNQhmhLCQ=
XmRJggp+NQhayLGfMFIyMQ==
cPzTHlaljQg=
+XIAeuyjtmI=
IVu1WFZv/gk=
F329vPtuepj6eB+TFKV2Aw==
av2m4EIkMUOYpXeXRKpLHQ==
C/mGnUMnMZo=
of/5spe40XLwe/XQ/gerzA==
etlQYx/Eid4=
MZSTUhaSfPH5YfanFBz41g==
94mqHZD/pKQQ76LjhJy6tw==
Hw83NI/s9fk=
XIG06a/ucfHXnGhtKBCHGg==
E6nlPJZ+2W0=
rlPMNcSp+aZzpWZzybnHcA==
Ez6Jqu38pNHnXW42F78roA==
CVHnPoEzAv8=
s0LZryDTang=
evL4A/F7yyvip8MXJw1uwg==
qwz5OSLgXBsSyE2nEev4Ww==
TorYSBv4LRg=
BcX7iPwJ7B4v4wjQMmHdAA==
wo4OSLrOur87i6H5sxIHIg==
79APGYPSloQJTCUI+KDwbg==
31QUQuAcIxm2/KnmfiEngQ==
6Bq0xi40YlnaYa/0vIJtRg==
bZUQUuPP1lo=
i4fneVdN8+G3nvdT4MTz0A==
cuZB/xrSkJfa3L8MFnBirg==
cuZB/xrSkJfaAAhBaBf+3Q==
Z0qaT7CH1RYL/50kF+9Ihw==
HTQVGdFYf3Y=
/bKnhoaeEF/lFvrpggCw3w==
6ZBX73mIHU/Y9DN5DpYQ2g==
jWRK7IU6ssg=
Alt0dUCXtXyU07C0bR6aGg==
d+izufpDeQIF+3P7GTt33Q==
czRqZgTHZbKYnEVsgWSKQw==
uiwBhV91qSVO9FpXXhLPRg==
c9vQj2eno8Y=
yNYJ8Dzj/VmYtFFDBqOScg==
HFBWLRY7cnsmkGwlmsd17w==
Ek3HEiJdawctpZkUm5GuhQ==
4TNQ4HDTRbPiHoTI3j6b6w==
qLEemMywxPs=
neYZ/EWLeOMsS2M5UgNGog==
Nlh0Lbiz+WA2VzZ6+zVqKA==
sqOVqGt3+6Y=
EAmCC3Im2co=
+RFV2mKsKe4nHfhfs7pJBA==
yIyTrvmIFX8=
nQMvbxcbkaU=
MIHNMxbCUd60dBo59752FQ==
9mFlgr767Vc=
OA5cAkQ1D+FQFSi6PqzK2w==
MpImDDUEMzkebaL0zZGqmg==
qompVqB+JGU=
bC3QeX6t+PQ=
V4zS7Z64uzR60iLDjGC5wA==
DfHVCf7JEAcY2y+XJpudcA==
xJDIxAUqPK0=
f+avDlGbo1tjc0hR7ZiF9g==
zRbAippWSbE=
sfBKpWqwm9IWM0Wf5BfRLA==
WTMlPGe7kRI=
n75autA/q2U=
AFlmVwIyV70=
AFlmVwIyV70=
ItzrqpG+YSM=
jsv6tnPxAvA=
HUu2isH/TUs=
UX0Pg/be6tc=
2Z8PqJJLDeE=
pLIcMEs5aUc=
jT/vJMTjJCY/DhwTL8cUzg==
bfq7mEsRC4U=
ItzrqpG+YSM=
lfHjTqOE6X2W8PVpQTl1Hw==
1Rjv5CUgrcM=
S/FGhHl01T0=
Hvz5MnOzZtc=
kUcR217Aw5DazqHJiXLdyA==
/mmo/gmpQkM=
Ot7H+HFtX4c=
YwqYX5i4+d4=
EABqi/fwgfZxomL+nDpssQ==
rHm7FHP7WN0=
2cRm6l+AgaQ=
+u+asxKVTBA=
n48iOICK2sY=
Z1vciJ+DUyY=
nkGnI09+h9w=
sb9PE0XFqVHFTPLr+FvlFQ==
ycxgjNU7aQU=
fe41UUBHEiw=
8ywae04eZ+U=
qfs19RCqims=
xS/7wOreDkM=
kdjYtFvGFTQ=
BaIhqpyFqKk=
pLNzMIyXynY=
dd1osHYD6CI=
lbyb6p9GZNQ=
OAnksB0SlbDyiJfEL5fdEg==
jpwawCeeADw=
UGDs++kkyZA=
DecP8zYQogk=
rhxrvs+6T/b1LvEML8mDCQ==
YPi9SxysXdm521bUZG15yw==
vSA3SDqQ/1kY8pNvukmA3Q==
EDQyNZfQcLvqraF/9548vQ==
v6y5eAbD3HDPBbT387RJ2A==
D/yufPJKZnPh6JktwCWVdA==
U1lApPbLuoU=
6GA3NqCbQxDZZX1gf0mJWQ==
fpurYZJSpyIYpoDPUE3/jw==
v8211BR+OBVuqkmpPVmvtQ==
g1nIWuo8cao=
Fnt3oaaL2rI=
MKavEhvE5pQ=
7RxXtUiecUg=
hffXX/PXrViI+5WQT13/+Q==
/yT2DCxk0qs=
IJs3jE3vRWQ=
g8oi354oJ1k=
/wc0dFtvCTQ=
hK0QEwoC3Z+pqttr403YhQ==
iy43nwnjKbhNJuSmESJr0g==
ig8Nx3B7p4Y=
c2WnvfcdPtduwhu3tp+hew==
Jhy6n6CGKI8=
PaKxWprkxngJ2/X40uhMlg==
ovUnVs9wf+Q=
dH1EUAlbH3U=
js3z8BkPAtM=
3XUAepZeYBs=
bJdCbwVwqpg=
n+tGh9I4f03NEOhgT2cTKg==
wSA0Y8nQfEc=
W6zEsmQ4qtjYQo9NwyjUBw==
Qp5hGmzpVa4=
nzUdseFx7Nc=
++YhL3GMknE=
/pW6JA2/AXg=
v3Ph5f2tTQ8=
gt3lBL6JmWg=
6bUssnZREo8=
gwjfLCwQeoy7R1nIoyXrkA==
AaFcvSPgX0kJX04IfOZxiw==
rWE4DgQZBYo=
ZJqS7DAg6mE=
Huo8WbaQ454=
UAMsHYRRSTg=
DpkCqPts5k4=
dBPGQWITSJE=
1XUlNYa7GTs=
5FAcnIukZBk=
3HI6+vvaEDo=
ndqTsPkOoRM=
eGGvXq3IeN8=
qWFs6YmpX1w=
0XZ/soGLPqM=
/w8G4+EJ0h8=
4t5aGCdigdc=
k1HPuQHqRTA=
bkvKgjg5J3s=
3zI5xGrOh2o=
jX0N4cctvAQ=
xdlDFX6LH2c=
6eLY8e/SU/R9IWwcavIpfw==
dqjJ+2wuJIk=
ALfix9/90ZM=
pZIJ8VtjmLo=
rXj5pUR2eEEU0tpTds1+Dg==
6+bPPp0vYYA=
lV8luMYstnc=
I6v60k/d3VY=
WZt+EgShO/0=
0Xptnx0INP0=
IN3KKYJAMjQ=
bPHSqXtAXle+Np9ALITe8w==
vCKFYgV+PB+XUVLzlKvkNA==
MdL0XY31hrU=
uD+mXz7E89k=
JZVhAjtAUg8=
txgAKeFxSLWRATO9iPjEBA==
NIl6I9CZevs=
uDmH02I2vOw=
sYeXCc91R5Q=
F0bYF4YWBcw=
nX6QqCvh0YzT39MhSTIKYQ==
7FjUT99FrRE=
pRmDXUqLP8I=
Nd6SKcSiSeo=
MKZDtaM5Phk=
R2TNCtFnPb0=
Djvpz0i/DTk=
au3+XmBcGWE=
Kxo/ZyCPJEpPZMF9LQlo6A==
cQY6ot2O2tTAVE7vkHxWoQ==
n3Gha1B+bWx/PoGOUW5vIw==
/7ib/DbKTMk=
mGbXyQ64/+k=
0E1gXEF1Zzta68RQc1TTgQ==
YdtQDRnnXX8=
VpDNpb9+gPo=
9buWy+Fqhig=
oJNW2TqECpg=
VmoCKQf/Rmc=
TRJYA3A5j+s=
9SQm3PE9vPi5lhi3hfwjZw==
P3xWoVf1BjbVYc7XP0FeBQ==
9Lnuo6bKj08zXhDPpjyXAA==
bgBwXGFJpXM=
/hnvNktjCGQ=
7jSM3aC/s1c=
6vUSdi3SeBc=
YXc3m439tGkDMzLVB8N7/w==
V2fPVcdkwNQ=
MFRhlj4OB1k=
2g+WPg9bvb4=
JSBNJPwk6Q0=
WNzipQs5Wj0=
315ONn2dOCo=
toOv4UgbmhM=
oFWTebWFG7g=
kLoEefVgcnU=
z+sP4mHxSdM=
lT8Taq1MoNc=
UTlxvVN7y+Y=
zY/W8Hdd1U+C6qQMh8EIDg==
qNJqVci/NiTY/an5tJfb5w==
WUC+lFlUnsA=
PTt8sQgsq68=
B+SJZEBYnd0=
gzYSZKzQTxA=
Yuqm/9XlrGE=
1CYbsWIXuWc=
LE44j7vNrlM=
EKFEFIU7YkE=
fsnSj7bkNPY=
/Xdmf/wwBks=
E80iTMmZqfQ=
RX07TSM+2EM=
jZ3bc4Gr/jjmdcT4OIGUpQ==
5F0VCwFPjnU=
n5Dgnj3K5oU=
ovwmlaz1KNk=
XNtmSm7TuSuShuBgXvngTg==
DInqtmnjBaM=
2toJ2CqWBEc=
DT1BvDZWqidE1RJHeR52AA==
/CdtDeMT35Y=
p6Ro7gc3acY=
4qZFmVxDfv8uOwMJwshtSw==
cOh+CvZ9ahg=
ihz3ughSwsGJJT0+LtNhGw==
0WtaBSyPCZL2sOew/14ECw==
PiCXwiFNgNmLZXqvb+pdlw==
IUTTojgvxKA=
oJ/PVc5P9sI=
Axx1cyVv4CM=
27718bI/5V8=
Dng5cst+UCvgPxiYJF4FfQ==
tyTJqvAK0xQ=
iE03gvN10kY=
fE8eDu/lROs=
qB5ObExGpEE=
3DlfPeLC9JVT6JWXsfTzFA==
JeAWKqES88w=
GgJtwnx03uw=
r2KtSvAL5eE=
KyYkn/LzDaWwRfH8ik5ATA==
wSuPt8qp4u8C/BRicgmkzw==
Uap4sZvRc9E=
yDPRxnEW2rU=
pCLUctl3awo=
nsZgY5D6+bVxvuu8xn4iVg==
PXixkneS2HQ=
aqh66eDAL08=
q3vS5y3QeKo=
BHIFTmlHae0=
b0Fllp0Lvus=
jNh0gQI28G4=
kQKbiD9dKt16S3QZPWyVPQ==
flkh+V/UwbQ=
ijtY2lYltZE=
PuyQ5uk9dpI=
fbGx+fbZ68dI9qObJDHqFA==
YCB36L6j+ZY=
dya11ZKMyp8=
cQKSQOcfZMg=
w7yFYWD0a/8=
wcM3w8RmnLY=
pUYe3cUORFs=
NzutSQuWv58=
ZIFsRR2RViw=
01oHJDwDucs=
+bqhiDhMHxY=
GOB6deMisyE=
ve8BTH3VzgU=
y96VFW4j0Uw=
5uxNqRjSj+k=
+rQcwR1koHw=
Tvphsfd+c2E=
vZn0pJTA7Pw=
PQysaMZ/LsiBKtAzQA+TSw==
dM+5Wp2KLWs=
KCIsrVsKMVA=
S789wzAKq24=
KrM0c30XjMFB38yDbv4PSA==
1NWEx5bEaQanD2TFNg059A==
vQrgY029M2r/h8todV1fVw==
SJULVIoIlYk=
DQyi7zQxO54=
sO7gQhLa3Fvt4Vhi5SiwfQ==
w4kXj52qMos=
64uXY0bbBeo=
rAECIPC7G5M=
hXRPHT2PXfU=
AKJt3QQLUks=
9/OWW5bs7ylt09hI3R96Qw==
OoXybs8nWq2EFO1/gaxoUg==
uur8Wu3sE2w/oFtiSvbybQ==
RufgE2Y4IDo=
DEgYyvrbJU8=
2cBC8OTfpmQ=
dekPdqzuFXM=
lLZNUtCH9Az9BxUuuLXbjQ==
d9p+n+lsDOxFAlbqLrUZ0A==
Jl5TO95iMUs=
TDms7mQPF2LyDwGTjMK1Yw==
uTYCT1IGQm0LcRYsg3W1tg==
O/yaErbgAbBgiLYWD95qfQ==
r14/fqc+2Cg=
rrKhuqs9VQI=
0dUidaG2ly0=
wBbCrZQZFYw=
deVfZ6VEBKE=
Dn1sWXgQNlahSKDc6pcgGg==
LSqCQcK0CKs=
rX4nbXF54TQ=
+aTwYkE24mE=
RcU+K0CrfklUcYeW4LlwGw==
rvkMgSHMYbTtmJf0D3qWTQ==
uMn9ySibiWYKNzpeB6YHlA==
uMn9ySibiWYy8iQ9RpTxOA==
9YBzB5+zMYWTRDbYYqAx6Q==
AoV47oa08Qc=
hWpi2X1d/X8h1gtRCje0gQ==
kyxFiR9HUizGLNcZAaNhEA==
HeBK9SGiFAo=
7dXNMMx9SIG78+X2guFkBA==
rh2w2mdnm3o=
AuWWvHRlB/L7MDkCjtTbMQ==
F/5UslL/jUo=
/8fgiWL6iF8=
Z5lIolGKvhQ=
YgOxEb6wIyqyqgmUPA3mpA==
HBU6rCS5Ybo=
Xkd04DVYQ5o=
1mvmRaJ+a/o=
GAvE1L7z8oHdkQbJiHbR0Q==
JIJRb5wgsHg=
snX3BAHT0jloLa0DJ0sbOg==
1WbX7K+hYtg=
vYhhq1iUWao=
68phEdjQgVw=
8opCwi86KdgECFsmwbnEPw==
gDEAVFh+nQc=
jwKL6cRsAPI=
UPLIyvjjfaU=
wE9AowYTc2Y=
CCzDFy1ZRZo=
BAWxJgcUH60=
Kz/zKMRVXjw=
n6U6vso0SPk=
7Y6OqfxbdS4=
STZqZsesblw=
6zPoYw3dmo4=
hpXkWg3PEZw=
YXx2TUJFRqW3W6eb0YvjYw==
E9Ak8lB/WSx5gUHTNtqM2g==
cMiR+YZbeyM=
bx7C9nlZF5Y=
awaYgrYOtWfwGffZechCew==
AQdG2r0PxNNAjZB4KQIpSg==
/Dx7DRbR9W7F7yIPvGU5fg==
n6yga7nIdIY=
WnqwBf33mz4=
gu8WJLD2yFGjEKKoBOSJzQ==
bWAdXWFJPYbJBxO+jaziag==
ftBoFjD5nfdrROOACJcWMw==
FNIsemwRVkw=
1MRV1VdISVA=
NdemPHWbHLs=
lpvTkV/HRvZcduVmVFUmxw==
2yXkhcag4S0=
tU25O5r9Ois=
fQ081p1dw+JADoXUCz4C/A==
Z4YEzQ1R3uA=
N4CtC6nbA+A=
3MNukt+drVoo1NAoJN8BeQ==
YqPc7vN5uKc=
vgbdwahYPLk=
8g5aBdW9JkI=
8GByNRTVQiA=
kxRIhcbFUI0=
cTe3Dtzllb8=
mKO51NKALPU=
5l86bJeBPWY=
fwxFAvId13s=
tlB+qRo49oY=
h9dziZZ9MI4=
uySv5CYmhsw=
33/RGp5Jv5o=
3SBYt8lJELU=
g4jE9F9nocA=
Z/u7j2fifVM=
Xe6H/3+RnOE=
1fV5DTePcB8=
LIstQ8kX1yE=
MjR+oj2Z5hI=
MfplBETBD04=
RWlrpi94WyE=
7cRZiCzXhB0=
1ooa2vS8APc=
imW5IsjOuK0=
81cyChVLDyc=
3GaipWgkUC0=
rMMfKYK3Fvo=
bYeEsWwOoe4=
or+wMUYZIqE=
TAZvvjF+Wi7b4AwcarLlhQ==
4d9rH3X0GVI=
u9YjwuXPVpexMZsz4f+1MQ==
GYW0fQNWBsg=
DQiqfn0a8x4=
hEL7XVkG+B42emQiksusdw==
jD9hOpaBRyE=
d93dRMCtTsLOAXy+uTkQig==
zMqR58KqwcQi6tcI7L/t1g==
X1efzPv6jsT+Xrfkl+KZ3w==
X1efzPv6jsSVOxrslnZTSw==
X1efzPv6jsRcALmlvElhuQ==
85G1OCdhSqCe3gfUavHUFw==
yyEijc6w+/LfoiRDxBmThQ==
XIfGqt1GMBI=
PPK6GiWv6zA=
e4UK9lfEbK1NcpqGNOTRUg==
6jmFueH2TjY=
bh8NXfzjR2aTrHUNqB0vnQ==
bh8NXfzjR2aXVhuzjZ5PaA==
z8BXi2g4XWM=
P7k1UX+JTLY=
h9PmJVxXGZY=
CS+qflTR+Sg=
xiHPw88zaT4=
1NGkJs5DV7M=
M4Zz8VcvYi8=
gXPnV0CDhiw=
BkOcnFAI+XA=
M7dnFyc1ZsI=
DMbwNZkLiCg=
+AyF9E2xy4hiYa6G4Bx8lw==
oWVJdBqcv9bG0FV6hE/DZQ==
RRzQAwysmUE=
Y4JqnYk/uU8=
Qrz8R0D7GCR1S4oky/c3ug==
eqM3IW69n5s=
u6n2h+WMAqeg2aOz2S4gfA==
5yNJ45iizJw=
GTfbMD50SFQ=
IlVOMXrLm81+WqgpSK5MXw==
5TD4kX3IiMo=
WyY9bGJc4VE=
gHgMkKMlPz8=
F0AomgSoCQM=
/txFv0Z8N24BVryhed3DHA==
lgDu5dE7s+k=
xdw/GhSywow=
2owNxmYdxEA=
6897jnkgT+E=
ldmtNNFdHeA=
nGzCrdigAqg=
ZfYjLRm3o+A=
NVCIgM6OYg8=
AKjS+KfbOis=
4RodKZ9FEjg=
GWIGWNOhaeo=
NICvkXwRx2NI/nNHPudq3w==
bQnMBG1UCO0=
l1z1EUXccZzrPIdkdwjqRw==
PfghW9zwEnXL3nFKcCfDIQ==
Gb+EWotbXMw=
MJ7My3pckUQpBnVO1n08Ig==
2yMPErQYdIsz1crsa25img==
VwWwvvJBOrS0dQba8hoNgg==
Rb1/ojvXJhA=
7A9DdVbyhvk=
J95ZJpGgUCU=
cpZxRQDGQSg=
qG0By+L+tWE=
+aKjaMvW8r8=
ZceORHwxzww/nQK49HJf+Q==
ZceORHwxzwyVcQaOEEsDfg==
2IteGYp/OUU=
x+1RczZRFKw=
XlNpmeLOv0eg9I1D6R9/Rw==
0m9U6VejRpM=
QxeIqb3uOHI=
FSrZmfKuiQgK7VeP61pGtg==
ipFBFNfd55XJCZpN/nPJNg==
TQofDNtNQJ9PuEEgkzXnww==
2ssqHcsm+YjfQOTUX02zoA==
t26ez0RMWes=
xbXCGj+lh48=
Ers+rDuXcsQ=
DxgyCcvJqQlEcRNC5HrJOw==
isRVptr8YIE=
uqCXiV/D76Y=
vUnZmGX2DNk=
HsbXHvW+Jrw=
V3H4u4J3h1I=
XKYutnDGgpA=
0MENHHXqGkk=
/yZTUCX3xZc=
gZa1Zlmh7Vc=
AJg9jZWrDXc=
dAxz/JTu1c4=
DU7eJg+g/KQ=
bBy25Og63Uc=
G4rsbZcj0Kg=
fuX0hAGfHjQ=
0xrY6Glw8bw=
y0uLrxl2rMw=
lKJcRZ0tNos=
gH/2GLu9vCU=
/gmYGcl727E=
MJ0E0tQcq3Q=
wwAffc7rw1A=
mdKgkOnx1so=
iErBTpnO/fQ=
SbNrm/Pwpqk=
IllCoxZFjuDZvMHb2pf6Sw==
5NfpHjU997H/p5SVdorfSw==
mVV/V5/WhdpFvDHQKLH0wA==
hwIpieu8Wh4=
xuImsl/hPCA=
nNd240zdzCg=
KTQNPJ/pb7BFi4oMlJwnuw==
6m3IQYjX/Zc=
bhPuWNGX8wc=
vUyk089mnBM=
1AJVp9DxK2w=
gNkC4GE3wUc=
HtiLCQrDhweJuaY10ROjdA==
A2BVyHL84us=
nqCNvo7zvFy5xQaDQ54NGg==
bO49MNawtpY=
1FCyYo2f7wSWnpDhmtepEw==
UG8TzYVtVFA=
E4RFELWYpkib41I2TYqZDA==
cc05Yd2GO0M5gE6jNPF2KQ==
xNRoTpArS4o=
jqrgWTmBjRI=
fNPc2f1A9pU=
j5s8UfgF4as=
PzR8qeK5QaM=
zCHvtGHx3woJweBSAxPn0g==
QL972usuHWU=
MlMPZwfZIhw=
gkfwPjXJuQg=
616U5XS6HZI=
ET/2MdEjUy0=
ppAO7BV1OGLKaDM73lglbA==
wsWDLAUVfDc=
cbYFf9i5lh0=
H7/Mu3G1Tcg=
Zov4Vj547lw=
Ik2UJ/LPtQw=
c01zVD/YSIU=
KL/uccUkP6I=
dBmWqGotJUQ=
GsIAaygMavg=
oa1NhK5rlMA=
odRU6L9txQY=
7anRisb9uEYnzkDlREec6g==
T1maKvmqlhg=
cgyFcjB3DZ+yAZr5TESoXw==
V2S8NdlVCHI=
xVmdErksp6M=
s7EhZqrdshs=
yvsReC6f5to=
9H24E0l21ZI=
e/duBlquBaI=
W7RZy8TtBLg=
BYbO5ZIk21Q=
2a9106NZC3Q=
px2Da1mBiLM=
MFZGua4mGb8=
E7d0Ihsf+k4=
RGT6P0BKYMM=
FTHFR5LsmmI=
VuZP+4VF16U=
Aub8iyXXwkM=
4HXBM6p5y+M=
Mz7vHUlFEbw=
Iy5iS8opEHs=
72EHaaAHo9A=
ORQ+F2LvM/g=
J5NwHVPtvrg=
60jbqzuQmDqnieD0/h9XWw==
3Gl2D4PmidTAIan0qtCxLA==
u6IB3jCSSvQ=
R4AXF9Bg5bc=
NplRsenlIk0=
zvxhU2LcnXw=
JMfRI9cpVpA=
e2gv3201GrU=
fwzPnOceofjvPXbkJp+lgg==
JMsRibxH2Ck=
n1qSkzx5mXY=
Bm4RT4l4T7E=
oXK23ASj0yk=
NyrXpeEf+NZ9cB45z6LqwQ==
ODRPxY3Ilh0KLcmIwCP9Sw==
MpTxmYbLO/Y=
r3e/Y06p/Uo=
w0obBPijDa56UpUFf0Rj8Q==
Jrmpqtf+C70=
2hx3HQ+Tfpc=
GraII38Stn4=
9BYuqgVkVL9xuzxzoeYiYQ==
jRn0H2mryvU=
BiJo0jGx8gg=
4jUuyLg1lE4RPCzzyb0dBQ==
UKyBzsPQk2k=
K2mZ9lAPUvo=
7Ih0CZevst0=
BwwO5hWYgyU=
bpYvcOKpocM=
Xm9Dy163EGo=
mqPNX4GMBORLSAWLFpf1bA==
zr2XaZ/1S6o=
W2TWupwkpAE=
TDbPmrAaA6k=
8W5iVS/QewI=
A5B0Bu0g+Ss=
+Fiq5k4XKQ0=
BEGYJge9dj0=
Pkfg/gdqHVs=
SGsWxDH6gFc=
Zw9Ozvt6/JU=
z2rKCSiPgfcDAvL5yF5shQ==
2ESKxze02ZY=
QaLrXtIBXVQ=
hKDKBc2EnN3nn/HRm6Yrlw==
Rb2JrxZdAis=
jS6ofC1P72A=
9eIFA4/X6fg=
Mb0ipmkfxOI=
DffTPMwgiI0=
D1Hn/3SfM7g=
DBJI3IwQ0Tg=
jPg++CeZXJo=
TgqVVNdvMrc=
Jo5Q0jPnank=
CB1P2mCod2U=
tMSYLs4M2bA=
aNQV9JL5miY=
F01bKOslHmg=
aUqEPGI6AWE=
HRDAbJEiKYI=
SJ70l6CT1P0=
/VZuAO2J4Rs=
6VZeU3Mh//E=
8zMXf800ZFA=
YEPYCzweGGE=
aWBQvm+2Bic=
hGhfmq+Xjek=
DoNiIPFk/7o=
MtFklXw1eZ4=
AbqCcxdgJlU=
y/2WLiEvmSU=
w6mRgBXv2AA=
r/keczGBIN0=
GSAqF6+zMpI=
RBeTiPpY448=
4Nst0OrpfX0=
9GD1Ca9FIeI=
BkWMq8ej4DY=
jeTp6auEWWE=
pLuEEHTwa6k=
1l2OqdOJj+A=
NsIGScsH49A=
7UnYwHwKChA=
gleRnKvs4QI=
kGAPGS6bmes=
Tcoeu/kFt5U=
gRevW6MrOZo=
BMkBJzrEUFY=
71P5tZnci1Q=
1tWsLXisFEw=
a3BTWEg2VUE=
0rxmi5YmS+LSAnrUN0KpQw==
6Ad0ZJIfk9E=
9uf8tSErh9Q=
/tZ1tbLREcE=
qaw487SWVAI=
r3n/Lm9S88Y=
B1DPXCVwsGs=
ILwqPML6498=
drWxv9jJcKE=
x1HuZkvcJv4=
mIaCHcZ3WPViofD2NYQxZg==
YveKj+7MhmQ=
LPFUHlFJEz4=
RlYAd/Dhl+o=
cpJugGmC4IM=
