d5Pe3myPFu3ubhb+M0sq3A==
vkzdnuomZjI=
voy6PNKUL9g=
OM6m3aD4kYo=
gyCaT/vw5Dkr0Q8FHSHYBA==
U82JH+LQaD4=
xXOnnBby6i9HApmlduCRSg==
xA8wc4Nteg8=
vwhihklz9+L6DD0vcHzUyQ==
eakjaFQkarU=
Y8cqqxFbaDM=
pJ61LnWLEanJB+qFJupdeQ==
JygGUVZxDTPFt7QfC6zilw==
n25d4UjQuyvGuGwH9wc3oA==
myFCxtC4r0GOHBgSUeWHLg==
FsaSvwX3y71I5jlSCwOcuw==
BS4KWe40GhE=
YuOrbv44zqEt9tvr2AO8zQ==
/yutLb6j56HHhxiAUZ4mJw==
4yRGIOvoLrCPwqiTUkAAbg==
xzdJByB0iL4Z4KQx846epg==
iiRcrccoeyo=
cGe8wbpop2NcfCHIExsi2A==
Kwy9TTjN7ubru3lMRHYkOA==
CR1TlsG7FE0=
Y+L+Txn/voA=
WbxrWICppr41sRKql0cbeg==
pW8t6BMWQGvqe/dckOD+mg==
gK9uew1WsU9jYDq8JoaXig==
kaj4IAdWoPc=
J8y493bOk6E=
9K6CcS0nLI8RN2NvdXYAeA==
BPU9KtTaK9ZZ8dQa8Imk9A==
NvyMVx4Ov9g=
m5AbCtTNu7k=
9hmIpuPpmxw=
jORV4X6CaXroy5nCP3XGdQ==
bg4+LJ+Ih2J/s8aQvhZXoQ==
h5o+wbpfTVw=
XjVcuWAshE0=
EVW9OHmXRHUckOxQwyINSg==
8H6seE19pqCE1F24Si8LuA==
rSM8aFwwwIWM8IO/yCy5iQ==
dpD1Zeg11Ndwdjo1Khiy6w==
jDsIA+Gwp8Y=
iprlGEsvlL4=
gxCB9jj/zqI=
afQCtaRlprSJZn9GDuTLCw==
HgzJD1/sAaM=
DVcD6IB1DNSeqIahcka8GA==
2vRU+jC39Cc=
fep8Eyxe8Tc=
6cKtHtQFIaA=
R9OR6mt56Q5Ju6kiBiEE5w==
BRgP9YsqM6s=
3lBnUmKroyw=
3lBnUmKroyw=
BIADxCKQ9U0=
XHyeKCzc5Aw=
HNk1jEL1rLE=
ioiWaPURLdWigOwkvJ+Kkg==
moGaWf6vvY3QPvSvB8S7aw==
/Zbk/+bVaNU=
izOPnAk3KCQ=
nImqOtp0e9g=
B8DcTC1/oVM=
e6xOGtcj8oA=
tp4SdYf6yv0=
FfaqrNO74H9r0uhP6VouRA==
dhJpy1ciXNxt7NoiLw6m0g==
Uwr+2KhelW4=
cCO+8fEW/ZgTw6dQtkEvdg==
yGz13y0CtE0=
gvaeU/njMmg=
9IM2rXg998I=
UmFHnrWlktbzhlnG45Rf0Q==
Fy2H5B7LJEvj96wf6ddrtg==
/5AZVr9SkFM=
YVqpsF5MFpk=
GNjDubbz7DY=
ac57/dp/LwU=
QDTk/O/gBAOELHSf79azNQ==
E1xqygJrdTcuRQKVII9O6A==
94FD3QuGLgA=
r/b8dF5b4Lk=
1qSUJ7E9D7YHpEkVTjsF+g==
4fZv0OZY7B3XN0slaGnfUA==
OMcqoJLkq2KDNaNkTdHdIw==
j4A53KenR+Y=
ciXk0qfISQ+VoXkKE/1vTQ==
3XyZxhP6tMM=
LFsIP4wy9Kc=
mcJc+DaTGGg=
aOuDjSAyvgg=
oLEnnlvP6ZFD0tgrNleqbw==
WEw058oakxg=
zwCP/98YePk=
JEGa6GpGQ6kyDU38akD+2g==
zjM1Ir656EKElQgAJBQw+A==
zjM1Ir656EKahV4WCMnatA==
LcZfFBUcPqTTLlY7ZrjtYg==
QLKyJF5ZCqOeBAbBqVaWzQ==
UjckUcjegTacf9lP/RzYmg==
q7j+5nifa/U=
y0wAFZao2Cs=
itNrHzTUGrQ=
/8/SlpIvc+Q=
+OF1BHKhLsE=
JpYoLV/EORgieVPN21fDdg==
HQzENxOMpug=
zkfm5nAO3omibdL66kE/3A==
JEulHmOjEWI=
iHwLhi265Tg=
2BuLb3eNxF4=
iUud2+EhDO0=
C716TTsVb7k=
U7/d3pw2dzo=
HdxHOcGVZQs=
GHjmcSAYHQCZNDaSgc3jbg==
9zzsf8uk+WcsddPjLTVVyw==
ZsKRNBIT6vE=
fzGJx4CPIM50XlHhY9wnLg==
NwgPnxCjPjY=
JTBrZKBETQw=
Fp+yIZdPeRQf54NheaP77A==
MI7BVleWgLQ=
opf6jfsX1Hc=
3ackZA0KqnO1DgQHLOZRDw==
b7y1tJKXlSz6VpuYs9wkzQ==
K8IpXihYXt/NqSam/DElvw==
BZ43dWlwZn16Zlumjjj7Mg==
8opUn81Sq9ga3NMOGG5CTA==
9wAMuFhE/ANh80b06QoShmaa60Y6U7vl1hcsnCqbsQFNc9iT4wg16BXrm65NVGtZ
XTQRYlXVwroXf44C4pKfeg==
00oPPsJMPj682G19/F2cgg==
BBNpipYkxt8=
M2UgMR8svSVDy90uQItS8w==
Xb1Zik56//mg1BNTf61jow==
Jx4wQQ0A2gdD92IORt3K4Q==
YSquDgUvgn1uYbO1uByAUA==
0QsVbG1ZDQk=
fM6mRnx+ib4=
Y/GrNn8nbFz+zgySB7XBXQ==
Q/Xqakzs9je7FfTCxlmrYw==
SNEvbamG3cWqHtPt9fXbww==
SNEvbamG3cWqHtPt9fXbww==
NWctBHOgbS4uE0hqmBg00Q==
MR37Zl3PnQg=
4kIrUQAsRx+4OYCfERNRnA==
gbVsVRq26fw3paxCmLDmBA==
XnGqIDkc9VRUSREG+WEzaQ==
S/t/EurA24l/OE3EmScyxA==
RkOfhUUSM74=
0YIR4Doio4bBzKymcRgVrQ==
eCzZTIaeeew4N362Yqh9pg==
gh+PVnfoHldfqpSr91TyWQ==
wITYYg3PbhlR3d6bi83L8A==
LuKujXigq7fnUz+7NKhwiA==
w9VmXkOTDyTF2M/J0aXkHw==
rsT+i4tl9BU=
l/gvDw4yj8rGS4HnPa2dNA==
C9quKQ4zClnjo2JtqM99tg==
E2j5rgAGvpg=
vr3WT9sUFKaFsow961hrJg==
xpeGGlfe3H8gNwvfR90oyw==
dROtLCtur24=
jdAvNSTwLpWJd6kn3F7ORQ==
pxtWeXy/qw4bGfwuMmf2gg==
F1EmOaDhmQE=
st1zHYwtj3U=
+acLxv8tzv8=
0Hb8wo4xeOo=
RG5rvVeyYlE=
wgEIAWl7jjQ=
vkzdnuomZjI=
q5WH4HoHpQsJg3hvLLKmqg==
nLHrtCBbYp0cErR9Bz039w==
6ACA+4B9RrhGtnyKovuf9A==
5mcSNI86AWoS7aSDqhoqNQ==
S4bCJCCkVeRBGshnFehITA==
S4bCJCCkVeTr3BH/IhFv8g==
FieBd159rzq0EAbSj+i/dg==
LnWJiUHvdFfWWKOJFopo5A==
tOcKvvnhBsU=
tOcKvvnhBsU=
tCVRD0PaaLc=
tCVRD0PaaLc=
QVoRMhApEgo+GBd894qkXg==
cgChqudTEU8=
uy5gKPkMBnE=
uy5gKPkMBnE=
uy5gKPkMBnE=
oLkp1P/G7BM=
iRD4hvfai3Oul7h9o0qLGA==
CnAksJOwGBzFwHhUmOydgg==
J951ePm5wS8=
nG/dzCRCCTpVGHiHj4XXow==
nG/dzCRCCTpcUN4deggYMw==
Z/JHLNwSzm0owNMK7/kYRQ==
odBC9V/NSpwQKb6y6ySnVQ==
Wg5QPpLHOck=
N6qDYRf/3WLB3BObXr4MEA==
N6qDYRf/3WLB3BObXr4MEA==
N6qDYRf/3WLB3BObXr4MEA==
N6qDYRf/3WJbF7xEPySW+g==
Q6pPADHEFDk=
8tv3bllyCWQ=
HRxUgczik/E=
MzYx9WqR0dcblr60N+zxMA==
IFWVoiw5BpANLn4/vY6CBA==
IFWVoiw5BpC698LgeldAYQ==
tGSewg9eVSQ=
yrXnE80EMK1WgsMK2T9iGg==
S7oE07j24Uw=
eQD0ws0ykHw=
2XocaBY1mEGd2fwuQtbhlQ==
9SnzHgCYWXGbtEC/IiMuHQ==
QHUWJj7fCu0=
n1Fz7tRNrD0=
n1Fz7tRNrD0=
n1Fz7tRNrD0=
P+B3oJOxUvkDgMdmSEq9HQ==
y78PmgO/dYSDwUbREoNvFb2caK04Jg9G
pITAIxCYUPl6hzQGUPy5Vg==
rcIaOytGtPzoNxYiwQhkzQ==
5EMWOwa4KYSaij2KKZTQZQ==
5EMWOwa4KYSG8jkoJ2qV2w==
fHjYAKyRl9BfoNiqwXn/dw==
fHjYAKyRl9BfoNiqwXn/dw==
gQc7vCA4do/ATXSixDwJzg==
gQc7vCA4do+pE3ch8GcTLw==
hAOUe1oPWY/d+izJI2YJpQ==
tkDYncTXzSk=
kcVY69ELoeo=
SchFdsHaMRH6vrPaunW6iw==
7ucM/Df4wXiM9BMWD8xopw==
d0/B+ljdZ1KXy2FaiOBsOA==
/oTihJKX75o=
qMAEqLVo1aNHjugyaiX45w==
bVql4r/gORjkH28SwySoO687r/Y03nMp
dtaXALgjWYI=
dtaXALgjWYI=
BFmR8LJjc2Qql+WQlQgjww==
PpDdECYcOUznqZkmaY2eyw==
mg60V1bYDR8fcbAhTtkZ6Q==
H1dhyXhUId3XxOpdBQRMrA==
AGZBfeyuNI2DnmGhBqJLzw==
UycdwbvzZZnRPaovhZByEA==
KNsB4dFjUto=
YRmqKDJXtG6V1xELSZT5sQ==
YRmqKDJXtG78fA/6qfCcwA==
YRmqKDJXtG4EOd7pz9mDzg==
ToWRHHyVyZ08WBgSiVHOyw==
/WJf8JPGZpnTucCPGRNhRQ==
YQMqHOijqQQ=
TC/0lGAPctOItejxDF/SWQ==
wM6IEjJqWg2/+gsZhLX+iw==
BTo43pM2adk=
2hgkNfN95/o=
xhky5gTFXasL63C3QcXKvg==
pqlpO3icKVA=
nK/gNDfKYmAhcgk4g5ZsJw==
FtfZXKOSmWebAPSYc01Qow==
Wi4vMlRjiL8FOTxYlPtgvw==
wKOU8XnLyn8=
jEjm+sj38RrUSTB9Lwq3qw==
llZLfLkUCIQ=
Ud1QKFco0x4=
BwlK7woQxGJeci39h55npw==
xBa0eg2+ipJ/NhMNhWs9kg==
oID/u0FISHkyB4YpkJabgQ==
2azuxHQl1oY=
i/7XekIGVeAJKKDH23pxTg==
thFkS0pk7KhVqYo9+L1cIA==
vD75UzHA+dg=
DNLRCDEL1KY=
4v/3PPwqdc/ChAdP8GWHxQ==
EYnxwFNq9gY=
EYnxwFNq9gY=
EYnxwFNq9gY=
EYnxwFNq9gY=
EYnxwFNq9gY=
XFBHC3zffU3ij05u+3eJkA==
c6FvONdX7r0=
ljaG/z8rVLw=
2pn5T77j0gIvU+xu70Xrew==
coC3tSuhJzbV3iNhy770Vw==
lb4nA/3XxXOGb8lPHSCVMQ==
3sanVq/BmYkGAebV4ix5JA==
SrXjLNh5I/g=
lUTD3MSjZBlZ1RdkJUDMsQ==
q3iV/nVG/0A=
PcxA3XbITTc890STwsWEEg==
rlMvk4Zz6fs=
et3X/o2EziFDRafQReen/Q==
1Zy9nL/Fi8jW/veR4ZinpQ==
fK4BWd7ndSZV90ZN/XDnOw==
rX5IrGmvzcD/eXNEzdB/uw==
HkJvL/gcK9uejoPK+XajeQ==
v0r4eKjRE1U=
oDxPsE+Ksb4=
KMtYVmXBE15IKj0JGyvL1w==
ZINF+ddK89nnTCbLZr0YwQ==
K3xsLKhujacRvMh4laYsdA==
M1JNIakgYkWRi7Xmtwce0Q==
H39yjBcoOYCK5OXWdNj5MQ==
+r9MtUTWuhw2eoN2/3xsaQ==
+r9MtUTWuhxYuHegYsLG/g==
oF0O1VSF27xeSXhlo6WQ/w==
WPnerr+qy1fvQcbCvQuWxg==
Xx4+FBbdIJsd1SUxznT/MA==
EZqsrnlms9J7opUFn5Gruw==
JPMoslH97QY=
tEnrFoOg4GpIBovyCOGtSg==
zaZQG9oBDOdc9b4EA4eO+A==
g5Xwthh6pQUeyaOzi0m6+Q==
4swCV/WiTBMkk9wdRiibDg==
Nb0bSxBzXfesVpEpCVjI6Q==
lg/+aw4b7XkYnHy92681JA==
xvuo5j4FsHKIdKDnmcRfdA==
Adf/VnfIBx+k6zc5VEhpnw==
e2XTAPyhWM0VCgv+mWuvsw==
Psb8KxNQhOl2nssce2vTqQ==
l48J2APdE1WVqJSAdEIvBg==
hs0IVJerOYE=
HftZCWVQHNhfa+aeytzbzg==
u7DwYuE1qlTag6Uq0/aY6A==
3oroIBFsLXpAcN2wtrXiQA==
YXhm7mQZ6lVvU5HEaHD2ng==
MsY7PkEjOpxEyJ6hMvOmVg==
RSU5QeNtAONWBSgC+6abGg==
RSU5QeNtAOMAup0Q0JbHNQ==
L1uK0VeIu4x2SH9ZshsdJg==
JVNDSOXwF0rfk5zZTP3d8A==
JVNDSOXwF0rjs8AviLt1Pw==
pkFZxhLf/ABs4FfMb4PCzw==
0ZK/eiAXX84=
gBMBKwjHBzHyL5Ofw7s5sQ==
7bIkDzu2ahIZ4c7aIeUqIg==
mURm+S/RZD4=
wBRN2jE4BxfBau6VYdP2QQ==
jDlj3VBRuETpyCmHmRdtBQ==
N8OAXXWl7OA=
GfR3z1A1Bj4=
9pwpezc60KDlh47DNqLh3Q==
FAA5X6rtbb2XZzxsjEvHCA==
eG3DaHCJfSaD4Y9wY4ZlRg==
eG3DaHCJfSaD4Y9wY4ZlRg==
eG3DaHCJfSaD4Y9wY4ZlRg==
2iB1gPLzQ/zw+jywJ3/E1A==
rtukeWSPMso=
GlrXhXPY8OLn50yFXIGXgw==
GlrXhXPY8OIqrz26DLMHU+QCiR0fheF7
GlrXhXPY8OL2DFgm/hZo/LRN7o84prCZ
lO5gk1LZ5Ng=
eDveQLTsgRjwsWpKwojYtg==
eDveQLTsgRjwsWpKwojYtg==
eDveQLTsgRjwsWpKwojYtg==
eDveQLTsgRhdwPtjJ6Or+w==
9UeCGSKc/IE=
vcS23zgjG9E=
/tkLe206Hqs=
71mtUDk3fl83Tpcszg+zug==
n/ZrTIOCwi0=
27UjBg2RQ0oVtt0aSNxxAw==
l1Py4jjMxunvBFswZuCrjg==
j33kzbr27fVNekpRbbjwDg==
j33kzbr27fVQncZpdBM38Q==
ukVBLXZpWOUJtVP5uu5mDQ==
B0RW0P+qqFsk/o+a/doMTg==
wiER2HwvQJQ=
jW/hGFKZ7fZCBA8CG451fQ==
jW/hGFKZ7fZr8WbbhaMzANkMdGy8bvxf
dXAIVjyZwOK3m0pKBBmCUQ==
bn+olYgCs55+SHqOQLdWQQ==
XCvENig4T4M=
mX+8/3hN/DE=
Tp0A7fv1wn0=
x9phMrU14PDcO8PwtZQhLA==
x9phMrU14PA3ma6hT5bdiQ==
x9phMrU14PA3ma6hT5bdiQ==
+KBvz7rSsrk=
dMhfZAkZvd99fzEjxwHqPA==
0UFbIpMSQtzZekyV/LPVcA==
GuwW7UhWihooCbln5Q7gfQ==
foZAKK9vRfaPByRdT4PL8g==
sNmSvWfUZmOBtl9s4cZuPw==
sNmSvWfUZmMyY+rdOGyX6g==
Lx0DPWVp8JV22ecbKg8RqA==
C6UjWXDry95zaWHddwECyg==
8ybOKq3LbEw=
rl/Pu3rZ2Cl+C4DoYGVdOQ==
q25Eo6SVlSqMKPBA2W2oVw==
yyyml6HPSE0=
3odOQjzkS64=
oknBm5Ss8QxQhJBkZR2hCg==
QapMUuZn5Ww=
+wDrvcRTfkA=
g7dGP2eDqOmR9v+pUHAj9g==
q/WkGEaLbIk0DK3xhH9Iag==
cwJgCGJ7QQ/94nXRxFVODQ==
6Zmw9vtd5TW+l8mNCXb9bA==
15Bl+H3o0KqRDMSY9kJMzw==
iAJnao497eI=
RQKXBghvbcg=
dFmXqjxsBIO70kBClAxy3w==
CrLJ7/XKfj0SlIYjydED0g==
WA0CvrOfVl8BGMjAc1AGXA==
H4+ypCtARRg=
5MBY2uYDoRwy+eCqm/TN2A==
9LLVA10Hyoo=
vDvFcxlr+r6Wmk0XOp9/Ag==
6FlqchcXoqA=
ZO/Pb6FaP01QTUoTdvMJsg==
v+xb09YmjZhr+1bn+Rqhww==
dJAYQcQZh2w=
nxzo58dTyI5OiT1AbYSi8w==
eqiaxeY/viRzKaudDGFRcg==
eoKr5fK++7o=
tv9YnlXR6Ddps6z4F8kcJw==
hM/n7SE13SS3tM3jkdRVMA==
m6VT2DL95Uk=
pIYcgSoJI0tk6ZRUxsep9A==
d6788ktfTfs=
yxsvgzEM5d6W3gqJk+BDow==
GNK5sfisGCs=
C0lZXL5iJmV0q0AncalCAA==
QCAWoKUyGGC8MPbbGtKQkA==
q9io2iEqKvGhzkZmFqaiPg==
CtMwsBIhARw=
6DFmZon2HpGpdXhJxBOSLw==
5g3wHkWAEhPTZf7HtsgodQ==
UWeGC4IU9sLW8IhaYYDQyg==
lljjkWVdEllgMb491iR+5w==
kkSaECEbTkA=
IaXF7Zc2EN1RXSiSOgMeug==
PLnaphs0YfV9zJyzZk05Zg==
Ny8rosU6tQTXmXM1mAFwQw==
ILivgMB9KgOiv+O3H34XDPFqOrbQxMX6
C65ZftSbjfGIRrOILVh51g==
jsbtGDakk1xwU3fYx/wsgw==
FOKaQ5R5K1WlYzg0wBc2+Q==
32Rpkv2tgUyB+I6RYbcy6w==
L0em5StAKP8=
fd1FGcIlLuO5Z6W2bgy5zQ==
KKDGMck4uK8=
DZELkUGMjw4=
WqMe5mxm9hvlaUV4PmW6jw==
OuUHrR4ZEo9hGKeXlpH6lA==
zNVplo/ZYhs=
60YcCeSYjveOImwjisB6+Q==
nSnlBWtz9dYIT/4V4kD8Lw==
2FZMI3ni+vk2Pyelfse9rA==
HV8p2wFDZ3k=
8fnudlIBz3ounSyiKS6L5g==
MfD8MIDSLu4=
yAhHAWdUgkRKqhEfaEzDhQ==
9eayo59VwG3lX45eBnJ3RA==
Lpg5W4UVdu60R2Av2TUKGg==
emAx4ylGlcoHTt2KmLB2+A==
Vdy+ucWhVWxwcsUILdsX+g==
t/ude9innR7Nk9mjht9VdA==
35L0RyYqvUCzka/B56T0Rg==
ZwYjy6BDsms=
RhlAhxy1JS8=
uGydJYXSrccujgwOOVdhFA==
aTsuqruVCEM+fdeA0Oqpmg==
+fXHdg22RSBcghu0RnwB0g==
FO5kcB6rx9JG5u4ocYHdaA==
dWZpa6VTHxsU0DTQNg06hw==
ZvQVStH8NWdpTz5tK0D0Ug==
P0NbireDEax+wG3/nrm+SA==
P0NbireDEazCXBlROnrFlg==
Gio+hyiZL0tuOdW2jrj2gw==
Gio+hyiZL0tuOdW2jrj2gw==
6tX8JDx/gHi3rW+oU+MNbA==
eAWVomhd8flQkKbGN5Ov/A==
AP7/92V1v75e+PVlNBGc7Q==
Ji+iGIXH15s=
Xm0fWiXdtJo8TfZf2wi3DQ==
cIc86+/Y/SqQ3w2U0Hq3gA==
t0ejeAiIR7M8jc3mq/a1ew==
t0ejeAiIR7PT9/ffcNPOMA==
vmKxKSyOGAppm82/Q1Z2NDS8SzDBpQj1
Emj78LpPgIDlN4lxkXRfdA==
Cl1IHJItTfmd0cwJmfPmpg==
mX1ym7k1GDQ=
u1Ki/T0sKVsITtc57g89ng==
glJli6wLsaukuxf8/4diOw==
mXJiU+3b0nQM3pdAYXJK/A==
HiTynPAtHCDW7VxSM4+Xbw==
+z5qyJGoXAQk8ZnRAB5Wqg==
mlSE9VFzOSY=
jNNNko5W0DJPug2Ba3AyuQ==
5809s+VOCG3eqcs6WcwzEA==
EO3tMUicUclUFRiDkBuBhw==
EO3tMUicUclUFRiDkBuBhw==
dbgZH7MkIyK54HOfNN3Z5g==
fG9ByuQk3y4Kf2brHAMwaA==
1CL9YQCTP6rIVAvRGfBoDg==
pzT4lHfiCvqbYrjimagoQQ==
aaU+cWAcoXKJgSsVtH4/2g==
l2RKtG6L4aHiNV+k5UDnzQ==
MK/zmMn5R2kpT4q7q2osxA==
MK/zmMn5R2kpT4q7q2osxA==
kc+7EL1Lv6KaSbZURWFkuQ==
VWzeNGNWtM7Z27X+e4sDUQ==
Pucd8A/DyC5uMQUd+7ZHtQ==
vQQIAbpPTj/JoVizAl7k0g==
1K9Gl1KSZd8=
akKwi+EBbRE=
4ynkXIBWANQ=
QgeZMhGFM6w=
sUB3GtGKfH8=
oBJwXyAbN1R4n/RaR9vgxw==
psdPsRAmVfAxM5+5KX/MWQ==
daCoKUQYq08=
daCoKUQYq08=
Z0mq8u2NgRwflQKdLXF9+A==
EsIpzY3v+8CSIjz8R8ck1w==
1Xrx2AtWYIY=
1Xrx2AtWYIY=
1Xrx2AtWYIY=
dzZijco6t8wUZHRVSQGPCA==
IW3QSKrkR7k=
ZUm82aCBcSKOxVAIvQqfeg==
ZUm82aCBcSKOxVAIvQqfeg==
ZUm82aCBcSKOxVAIvQqfeg==
ZUm82aCBcSJZaleu+MQfHw==
ogO3OJI5GLQDEx+G0YzONg==
zHu31x56f8qbok614aaRIg==
3wB88clCR1oWv+8+eak94A==
biLv3QVjx4TbrN+jxyI/CA==
S4xrSdDVn7M=
mb80TiTMJAr2nArR3pvxTg==
21qZLvYQCmUaPBu8YLyXTg==
hk/IfdPKgdR7CNr7uRjKxQ==
UZ0Rjmt+KRNhzceeKXSvHA==
Vfb9miioPfymXLbLTIuyLg==
Qrt65SkyGQlGZOfehgHkGQ==
oSoqb38uuCVNq4yL+nYElw==
oSoqb38uuCVNq4yL+nYElw==
vTWMXW1Q6e0=
nvFUad7onpKz2doD+Q3vKA==
wuhapr74brfLL7RG353UVw==
VXH/3LD3/07PYj/RB5QpWg==
IT4RQOu7l3DGh2VvtGXoIw==
71AZMP/IgpE=
UqMAEcpIDs9jCJf68ypPvQ==
RtsD+NuXgbBT8y30tTRfQw==
E2QEnfLGBic=
0SkUctMb9aTkuZHxOlp3lw==
tPlItSTauaoH031WSYcbMQ==
epq4ZHOCkNUVHleczqVPpw==
UviQAglnqG81Vuli86ifJQ==
QFVA4XrKUWSRtIz0G8Lxbg==
G2H6+81E4cMqyZYNmM12DA==
je4h4AxblbJKTBe/BuAgGA==
8/sI2CMXZhw3uXLlN7+MmA==
SVSyOa7PwRaeuyxG3rFRrHbFlXZXv01Y
HsT/HvLS7bphG7vQhpueDA==
KhLqf9Nmgjbee5Jk/jzhkw==
1jG9fhISYYL+FVBQH0YWpA==
CNy4tOTBFk2OLEtnssp7dA==
ZEmRf/WZkl99hCeZ4i7zOOB1fENM5Wy0
KWmYHnYrmVVdRY4gghkLpd7qO1tYvGz7
KWmYHnYrmVVQwRqrlnAq3pxLZ6dx6+L3
KWmYHnYrmVW2hN1pS3LfhjGVkcHpZ402
xm0rSuKE7gYvxWiLTwesXA==
PweOgONCs44=
L/1QdFJ5GUszCIRLW7q8sw==
o1n8/OOaE5Uwn2fFjrC/rg==
qpb2VpsTX1+tNKHYVZNQDA==
LCXjVuIQ3hvGVKNgpnEj5A==
LCXjVuIQ3hvGVKNgpnEj5A==
W10bJgEyPG8s9s83MhaZ6A==
W10bJgEyPG8jsw+FUp4vWQ==
W10bJgEyPG/WDA7LcIb7WA==
/AM7pFTO3acyJP6+Ib1sUQ==
dUimf+4G+37jCdrsUcqajA==
xEni3sF/4t3ukVHv9hfVVg==
xEni3sF/4t2EOMFW2UzAjg==
eVOc1xF9OvKbVCMbkm7YFw==
NzVNTAqJFZadOeIGoR3DIQ==
NzVNTAqJFZbjl+7Qs1NTgQ==
NzVNTAqJFZZXQOaqouHyxw==
helPRJDzVkve9fbfn9zRig==
yxdKq90HVAzMpG+iRcDaJQ==
44MrpAowsR98wIFRXQ/NFg==
8CWm/QeBHKxclF5T3eOpYw==
Yu8DB6pXoptFMzk6Pc0BMg==
9oNKOUDBfBznsLFQ1Kht+A==
G/cp7Ub/94c=
3LrhoZnGt8eGedjeJBBrGA==
JY0CrAylHHRuydwI7qGpIA==
x0MywAcDwLk=
VAV8S3X2UhU=
VAV8S3X2UhU=
OVBGOWif9gfuz6ebI8zHxA==
6JVBt/LdXnRzuZjdQMAo/g==
XKBuqaDhm5QpzmJNQuoYVw==
WV2WADRS892I6U3M1o8s9A==
WV2WADRS89081e8jAMFXoA==
WV2WADRS891YTP7W+mCkxA==
/JifGJdFNInNj/NtF94djA==
/JifGJdFNIkbWTBiWE3w2A==
O+ig3CbzbqAXAd3AKVjoKw==
O+ig3CbzbqA1MTk4pEcqow==
rdz9ft6xJK6zlxSQGlwE+Q==
+I1iRJ6pl8I=
dp0tCD3HkiibM/kacTtJyQ==
/scJRItDV2k=
EKp1c4/k7d0=
EpXVD9YX85Xdj3xf+pcoEw==
EpXVD9YX85Xdj3xf+pcoEw==
EDF3sjde1VcLPkZtGfs94Q==
/0e7rIWFNxk=
oZAlYpA6FUk=
DL6j8AzQbGaaA3QfwEeY2Q==
2tWrueiFj1VCyUzwnhT49g==
7ZPsElsRrkuaGO6cp+VpIQ==
dfdyM3bFEDJu5eJsa81Csg==
1NgFz9DNWJo=
f6GHCT5/4FCl9uRaP9yIzA==
EJqn9acixSw=
xXk7XdiEyXQa1VI257HBcQ==
28VnuiqrXfOBxHGUrGMWEg==
kAvm6X1/KZUzlCHKxkCBsw==
djurYZOBLI0=
me4HMK3Rac8=
lFFzhgaXX85yWOOIFIJxGQ==
HJko7htgr4ai+Gp6ynoB9Q==
28M5q2URGK0=
+Umup2NDDXxWXnSLs1HW0Q==
A0D3S1aKU1CTujuRdnkQBg==
mChG01VDmfd5yerPnRAM5A==
dc2GqS71srcQ4kBC6UsV9g==
ASbtacQS9Wo=
yVoVdepPKvMW9YzJ24xB1w==
bbegnle5ubwEbBXDRtZOVg==
JyAkTnlr7qVdnqWwABw+Fw==
pvkT9coEQ2KGZqMCl5AQsw==
xMot1/yjnS0kBBkynZ+sbQ==
QbUrggPCX1TVZFE9424QCg==
7mJfcF+HVjj/oJUUHgY1lA==
xugaU7DyrZQ=
mQDypzkyo4dOEp/B8HsfGA==
WtVVCdLSAo8=
uKjCsvunDU8=
KVSEa5RvBPQ=
f38lkeUX0pzOZbmStoO/pw==
eFdGFMcYXUHmHQW6GcTAVw==
I9SY5rFLIARXnamPCsa73w==
6mZTxkCB4X0z6Tvdk0HlYA==
d1DUHGVqajEQw1rpgRSbew==
d1DUHGVqajEQw1rpgRSbew==
iS3dFk2TbZaGXaHzUKb++w==
XcZYydu4oXMtBcuHVmgTLg==
EtCXN75h/nWlaQG9i6e2Zg==
EtCXN75h/nWlaQG9i6e2Zg==
EtCXN75h/nWlaQG9i6e2Zg==
rY4/FFddSrkH4MVbHDB/aA==
nxyo9H9Je7s=
Huy/ut516Vv5drzUHJaNWw==
iKX7ZVt0nds=
JLNVW60hXiv2y/SWeujgPg==
0T72zEDApfdiWWmFBfSSGQ==
jvxe0i8NSU8=
jvxe0i8NSU8=
X4JK7MwYIG4=
+zWLTNMPqF7ubdB9LgkPcgm/hMsDCEtZ
MOidoUKRpQmHyQL9VVlxCw==
vpXA0CrW4ro=
FCJoqBnSpf7Z4cpBH+ByLA==
7neKhgRcdr+V/wkTpTxQww==
Nq3Bcugta0hEDfkNLqxwFA==
9KX5LGgQEJkkS+70OT6ZsA==
DBs8yILLRV/kQu9qEpPGLw==
tvWb5vJW1pVRn1FsWEucag==
0O0DC6CkOIbQ/9HBYYCR3Q==
vNWNuMJNSNfXSGLCYqPb6Q==
4oUsk8Mk+DjuPnOKLlVgAQ==
lCn1Scf76zNFBq7uSkyAjw==
57cRAlusVGJ040gAKYcrrw==
fwhOIqGhj0GonxbGZgjgng==
FB4y+OgefFsoSL/vyzE6Ig==
CN44AbKKSnbomUalUAN26w==
CN44AbKKSnbomUalUAN26w==
CN44AbKKSnbomUalUAN26w==
KACiWFXrRS8bKR91oF+OCg==
A5+2iHSYkow=
A5+2iHSYkow=
nrXms0UyB3n88mxI2j9SWw==
SMb05swrfZE=
WKroahLP+//xqij2Hwft+w==
98sj+xwXcNFGPGD7lPm2YA==
q+IuL++f8fBfkwZHjmBINg==
6APIHPledcmb5akxbfojZA==
I88P68tmg5k=
dogvj8dq170=
wkZfeR17n0HIkYfm8AjdmA==
LMLax8KNrXQaZqAM0VVnZw==
TPPpWcClPDY=
VKLGlbH0bes9r+b2SCPjbhRZK7sw+aLY
gbxaqpjL6jOJucCesLKxIg==
36zSK1cN7u8vFT3RoNotDw==
N5MH+Gtjrco=
Dg2r6ZkuJvc=
7YXKFI+mYUlGbAkqPF1wZg==
8OrKvZGCBEoDjZGAAe1nvQ==
NKgvx3+0xYw11hUAGQ1a/A==
DFAXCP3+qa/jwe97SICrtg==
yqSVEXuejzgZDY/r7bfiRg==
bGIR/C7bzDdFrFqd+egmYA==
hdaI/fUgjzMPN/QqjRe/bQ==
4dQkb1fXyXKNHmAj00NN7g==
ZQTLVykVxRzuLnaxoFKLXw==
ZQTLVykVxRzuLnaxoFKLXw==
8TV6p1B4fpQ=
2hogum1Q08g=
opTYkdu+O1E=
CrH3TKhJvbvCt4UMMxNc5Q==
t8I5tSHh9UQ=
tPFs/u4qRu0=
SAWeP/lKiBjYX0p2y9X03g==
3B3UFr6msfszY3XPZtNWyQ==
3B3UFr6msftuBcCqlh88jQ==
tPAjOTZFmjqE2CxwdqmkNQ==
NJZUVI6EEfc7YiiCPnzT4Q==
AfD8R5im0A1Bo3ldEj20Fg==
U7qpvr+SDGC4ZxBNj4edvA==
sJRjZML+N/e5iz/JkS+9Ng==
TajzLurgue4=
HlSstCIlqa4=
78+cxaMJBOfUvIGTLDq7nQ==
3PaWvAX6B7Y=
ENzdZL+gJIK8bTKul8jP1A==
ztUqkv7ZIwMLVTuQ6szy7Q==
vf1dq3j9OsM=
r23F5pyc+qU=
WBiJN3FmiCfHtMTmZg1Yvw==
FafjZlJ+21paVvnf0MpcrA==
tv9/s2qnhUQ=
3vJc+CF+4j4=
w7znvbBZAnRlWTOwB2nOXA==
AW8Ysx0POq5UlHnOaP0oFg==
Hiu0MrO21GhrwmjFcyxtiw==
FxXb2jVeERJRf6LGF8Cp+w==
Mkc0F2+ncQMIQdvKBgHrxA==
pjN+sObtJOuHIIHJLmTARQ==
z8Np2hMk+Tw=
7eWJoG1ll9awZ+tOs33Y6g==
61vHKXh9DhB5l1n9l+QLHw==
9T7EUa+wqKYL3wtd0rHMKA==
xCkPzJzieEIAP1/NhURT9w==
/kWC3LtQCJM=
DFD7zrNZwOo=
W66GOU+luCsjeUbM8NUZVg==
VDyC+Z3WjGg=
17MsJXun35vu3dAP0QAEsQ==
17MsJXun35tUEDGFu25EAA==
5fjoIEKUmMsV+X6w37rqlg==
0gIH1Iv1Hr8=
X2xJ5FPteDWHu7NCQTWd/w==
Kp1SdUgLe6Y=
hN9vLcW8CMILfzXqXf/6fQ==
lmYZbPy90qnNRBrJ4fMrPw==
XVKSfsaTgsS46306eDZ8mQ==
60rPOV4wkK2dWytg70eEKg==
gwGzMVzJlGa98mBrA4zVHg==
gwGzMVzJlGa98mBrA4zVHg==
gwGzMVzJlGYrGYRvGVnMzg==
Z9xRNW4o3UttrE0sQfZkdw==
kEtuF1fn45sl/XpRVepm4Q==
C+F5630i8dQ=
4dW/iEM3cd40IjyCThSMqw==
fw2C3d/l0bMzC7zpi3v9WQ==
YgXPQln1WJMsLNxUlvgecA==
Ow/GBsogitBAjnMbdIV/XQ==
EsLTGYCbeoM7kB9ycbr13g==
n48sEjy7AQ9hioZwomN/5w==
eSNHYoyQIzQxcg85jrpm8g==
Qyoy5hD098bww8EPUiO3Mg==
L/j0DoJ8xkJFRqUmOIG1MA==
Yk0yFEsDxFMu1GVkhLbDYw==
vLlHpTzxvvE=
T/MNu5612c3StfC79QKrUQ==
jhXVPN2x+hB53bowoIFXfg==
fyG1d8/mCHNx0O2MixPmHg==
OHIRWn8CRfU3IYJxsTpDuA==
+LGyWE2YjTA=
K1P9xQd/cgdeWh095RJekA==
QbxhgXBPUYycEr2nli9wQw==
OdIw7OJzis/9Npmj7Q/L5g==
+36/CRZ8D+E=
I7ykN09a95jE0kk2PHSmkg==
t50f74GO/kEAyZzOVrDo0Q==
2s5l4LDbUJea8F5XDEBTig==
/wOFQWcXWHOJ8vD3lV4RlQ==
lC3o3zJ24vM=
jW1OE2civIZAkivZR9dpdg==
EuEzU9aQ4jB0lsfKJjf8zQ==
AO2MLYpM9y9q/1bAjh6CwA==
ydPAJqoXE+UtltFCYL68qA==
MlA0Q6UMkYxkH84AajRRIw==
Sjn1qzPq1e23DWkbwHyglw==
mzprk07MZmiorIul7jDsrQ==
9+YpO5qFhthZjlaKZeJbsQ==
Msr+sZU8aurxtdOcvW+z3w==
nLyVm5CVRJViVvn0ijYwZQ==
fIVyPuDIfNlXhnqnh6I6ct6tW+EKlymI
fIVyPuDIfNlXhnqnh6I6cpL9iRThaKtD
kUbfIWMD0TWwYUoRESC25w==
kUbfIWMD0TWwYUoRESC25w==
wscbWqvEs8hm97+aeN3iFw==
pXngxyTKqkZSVcqLvkgy0g==
zHA4qmb9LKGQsURz8Au1Bg==
zHA4qmb9LKEEm37FYocTtg==
iVNl4bBAOh3EbcWbM9+9rA==
NRpOasBFM+XOGhF7+23YeQ==
hIOcOPxJF62oLB5kUaNhig==
LnXnFHvZcvU=
XTKudIZBPBHztL+fiIpaNg==
bDFaGhBVxyZ6in8800yjGw==
bDFaGhBVxyZ6in8800yjGw==
1PedmqFoJgrJEjDkrbfcGA==
RC1M8kPoho/iZaaGDseJVA==
kjOfKOMYGXepzXz5KbtZyQ==
PHa+EI9/nOA7M3D136IxOQ==
1qE0jxmvZcc=
5Su1izxMT7I=
ibo610zUMHWDBeWpimpEUw==
96KDBYZAVtDRXiEDIMDm9A==
7xlxBULugcYmXKbquaComg==
SESd2fcijKtGUB4lDghKsg==
SESd2fcijKtGUB4lDghKsg==
ZmJlRoF+GRyjDuirLmPYQw==
h+/VdL8CjgmqBaxK8Nssrw==
XVswJ+Z9gxUaliP/xzD50g==
K0QZP+E6IKzD1RybDkv/ig==
eO61WXNR+tAq/WADqrK6tQ==
y2JYxth1We16v01BRsPLrg==
zO4C/UTfGHP7IbG35vI0Jg==
q3FphX08H1kA2L4/+8y6ww==
pT6FZbfMVENP3Vmg+z7DFw==
6D5KnVS+Zt6Gc2qvHDErCg==
w4TcSI3nhhk=
w4TcSI3nhhk=
w4TcSI3nhhk=
HR+TA9ta9pcW+iD8vUy8pw==
AJtLbXmYDXZa4lfW0awR2A==
/tWtf8d1tMNVmsJpB/2TXA==
sJFUgHa71P0=
+FtDwJsEql4HB+81TmNPEQ==
Ef1AH3vntto1+XlL8/UJ9g==
dww2fTaUuxZ8ZoPcCtu1Ww==
F2rURFmZNHE=
lodUVC0vLRiuPyVHweNwKw==
ggC0v06PkXI6neTMgxjdiA==
uUHhoBSigh9WkhB6uc8SbA==
QmDw32o5af5+FCncHB6Ihg==
lMMhSuaXqNREY/Z8n+Q+Ew==
pXyJNJn7zP4PwN2Uq7blvA==
kmWIezquDaM=
kmWIezquDaM=
AtDtfNzp3oAP2ChThAI0eQ==
Gv5JKidE5zmsgtO9sK1QyA==
DgZyLppZ2tk=
CGjn9vQSvrnsMToPyUpaLQ==
x0MWJhxebZw=
DVP/AtghdlpT7xCpYy99sg==
jFufWjoMWKxN/MYcDHUxIA==
jFufWjoMWKxN/MYcDHUxIA==
jFufWjoMWKxN/MYcDHUxIA==
jFufWjoMWKxEFVhjvj5i1Q==
jFufWjoMWKxEFVhjvj5i1Q==
jFufWjoMWKwzhu3CSP67gg==
jFufWjoMWKwzhu3CSP67gg==
jFufWjoMWKwzhu3CSP67gg==
jFufWjoMWKwzhu3CSP67gg==
jFufWjoMWKwzhu3CSP67gg==
jFufWjoMWKwzhu3CSP67gg==
jFufWjoMWKwzhu3CSP67gg==
jx5fCe8NVKypMWzEgik2BQ==
4sLM1/KVxZ+XT9tI/9xgZQ==
TUgJbu0+1fg=
3OLHciJhOxI=
o4C6DafNTJim0pf8iESMIQ==
qGiCVM/TwEeVgEbIMQV9SA==
kdHSiYdR4K140Flpv5RXZQ==
kdHSiYdR4K10fqBM2OqxXQ==
rku2WXjS7Ew=
hz00UrlNQ+vNhs2RJSPa1itJXQtun3QJ
LDm2zzXAf1RG+XTd9m8NBg==
EVHvMKt+jJrP6c0x47yneQ==
ahlsBMm7tPlAUBNppJtf5Q==
j6/4LFgVc7s=
jXGvCoJhLem4NmdtG+bgCw==
xmpygB/8RxgKnH3jv5CqDw==
bB1kze8WGAKf5f6G+S9Esw==
fndOTlCcBto=
amnkffq/yAc9WKK94/zjaA==
+ljDTs0lTd8=
IZnmtKodL2oXzXULP0elaA==
rLFDAOFxTtA8/hIF5nks4Q==
rLFDAOFxTtA8/hIF5nks4Q==
uJWbeLlGKsfqoI2IOU1bXA==
C7Lw8wjuSrNYhlrL/DRhWw==
w8Co1DZ0ndHLtFt+Y8vBBw==
xONE2rdaVpM=
B17cDvtan7ek+pqdhr8rvw==
BXD0NJvt6aXcZV37Ek08cw==
QCrwFNMJTWE=
BFzP5FuVptI=
OdMsQK6I89ROW4cs87IlMQ==
+zmw1IDtI73z/JgDqB2PYA==
7SzSM/UkE9kXEfxS63+iUA==
dpZ1IsILM9c=
+EjbLuyi/Hc=
GsN+eUUzqr8=
GsN+eUUzqr8=
GsN+eUUzqr8=
GsN+eUUzqr8=
GsN+eUUzqr8=
6Qlx1anf5Nw=
eOxq60R56hc6qVSiRU7JhA==
2RJ178n9Lh0=
zRZ1RWp+pkwHJySrgGXgGw==
55TjNwk8DNc+kPQ936vfkw==
5vFlGDU9id0GJo6rLG4uuw==
6KNlxqzoK2GDrEvpXrYVcA==
wtujcFt9D1M=
netorJfhbBc=
netorJfhbBc=
TJTdUIE01mVOrQ4PGJbsTg==
nr+iFkItX6+2aFV/wNURrA==
qQHWOCP7roB2olSzHBG1Ev2ovSHZPi/B
3SEh4ea0vQd94+EgSlB6ksjunrFh6UMB
IsNJinzcVY8FHuya1+AoaQ==
DWFkrAqd5OvR/C/hD4y4Vg==
tfXaWTDf3DI=
Bu5s5Kc4DPg7jDAenwK79g==
Rjp8FgNVbp1hUAGr79duPQ==
PukjANthuSo=
YAja1+3KZ3CYyQFcKZagag==
+tRX0ExGaOl9i9FIcNTuwg==
eIvEeveaaavpsJqKyiHyaw==
+/MmzpFLUfE=
/6yTmf+EEvH7jTz7QYMsTQ==
uHvN8JSg5+x+iFvZyDdBhg==
i34FsTkX3Vmd+dfb0vTbRw==
D4N7Y8BnEGT+uK630zsWSw==
5CCUGJDVclScjwD1+gyiqQ==
HMHy9nMtnAYPraP/Vn5lbA==
opqf8cCRUXCN2dF8GlukbQ==
1VzjrNTe+Qg=
1FclpJj3aVldBMrXi3KK0w==
6AVcEcOE0UoO4Fl109XmlQ==
8d/A8Imlo2Y=
LbWYgDyUc74=
Qq/SDaBBmmBJ81oqqYCA0g==
pG/Vys5TmEcvomztdvvSgw==
xu0M7jfAuwHuykUOQfCvkKtFV9OiuK/0
Fz/drPKEwHA=
1g/5K9GiSb2UviW64/IK6A==
0cxPJXCzypk=
ZeStjSEPELCLouMbg2hJLg==
QPQOmjaSvION0eW4Oy4lvw==
ONndI5PacQsrPLsk7EEuQw==
UOThtFQP9Yoa5R/7jZnbLw==
w+wyB/FlyR92GumUUCQKVw==
jC5BhvOIf5w=
U4Qm3tCM6xXnenacCf35JA==
UR99Jdbe6tkhb1XQ75fTTQ==
7ow/wYkib06zC+2Zc8Th+Q==
LDA1nRdfIrqfTb+/yJB9Ig==
Za0QSmaHhXEgOYYirnc9/g==
OBpAqjch+Wo=
yOyUpFIsRjA=
qJNxwjLvJ/NE/e0V2Y9fng==
lcu1fzwWZGVqUdrW8dsELA==
rV8Kv+R6btdlIXhMykEEfg==
JQYYsKjMDGREtnnWLiAoAQ==
ZkcUlbXcQ1gtUEwLNSSV4w==
HEYB+2OE1IQrB5cLM9A10g==
Ew/ycBoj8ZnhG/WhTu1ogg==
5PSMTkUB8W4=
F+PYaD9rck0=
Nt6WOgNPRlo=
BvAt1ZfDsIqPS+hs6U9RDqS6GH1g+dZ7
4LjigtQWsO84fiUosY6zvA==
qjrrwwcpt5mLLNYVtIcAyw==
q+skXA+Fi7FjjdQ2RJ7b6Q==
RRr4li2yF8CE0g21LYmzsw==
Kcg96Imy6cB4zkxQkA7+Mg==
oWSCFJvcQhJzMuDn2qP1Lw==
oWSCFJvcQhJzMuDn2qP1Lw==
oWSCFJvcQhKZHm9t96oC5Q==
Pr1b6lNJHkDSIond3cvJFw==
37uDdxv/Yaj0o31s0GMjcw==
37uDdxv/YagXw/ADrBGbiw==
Gn5t1C+CBEcRVCs5pPUQxg==
byLwydEtiB4=
sZ37vbM47xYK4OsuaxGLQQ==
uxXxgtfYrVALhSrhhGtIgw==
PgkDSFnk6zY=
AzA2Dz3/kjGy6LG+egy+xhDJ5O5Y8ga9
+bfE7vQbSyM=
5dup70iXKVyHCJwwXzJHtg==
aru1h9QryQyxfZUefwIBvg==
hWpbyOZhwFR+tZtSOBptYQ==
SGnZOHWnfB4=
Hq4TOrqTYTBB6HvHAC1t3g==
S0/utmHV7UGLRohe14gsiA==
o3q9NeNwo1yoSX20s02wcQ==
AYUzbB+FnQvskc5eturPhw==
0RY2DHwzfxc=
mNPKeiczFWA=
oBkHq7zJ8WU=
zHPMUzKdEGPLkfF8brA14w==
Gu6Dr5RGsj3vZ2ga90YeFw==
AvUgPHSF3Trjo8zF4tWxeg==
YRbjgO+Rs98=
X12HmNr1jO3DcJrVZTLBhw==
iCT68Ix4LpkzZCyQkWW3Hg==
X/KZyDKpPhUmO+xgBOxylA==
847Gwr0OSFEHzHvivpjoeQ==
847Gwr0OSFGLX4xSPtGdBA==
847Gwr0OSFGjtC9U94jECQ==
oklIsDCdZqfcPyDJZ2fvAw==
7rz9jOlbweTSg4nk7P9poA==
HEjgzn0B4g+oaSnZgHudPA==
5MERYYQfc+RkK1tGKHdFSQ==
fMhxQ5MDnu4CRnA+si13TA==
8FJ2ez7ZMNo=
TJ/s6m+KcngGHWdRPJclhA==
y/i37ftSMJk=
5nmCuanYwGkEtNEtHv70EA==
sotPkWc7cG7uiplMOZnSFQ==
Jxl7Gb21E/MRzAuANSo+VA==
j44B8nMSNps1UXfD/RE8vA==
FPCEHz7KwImNLm/NTMMFnA==
qAvM11oRcEzK1A+x3C2vxg==
6Grh6vPy+AGXR8nThgAogw==
6Grh6vPy+AEmaWmnsdwvZd4CWkAPU/7E
HLqtwpG8gvTs1H6GgNsGKg==
2kKScp1f4vb/XpjJsJ0wfA==
gKilNJBAOWMzF9v/dK/VPQ==
C+mkENzHObdOtwdd3X1B3g==
JldHkpfQwzKJFtVYSAldig==
wBALmdW9qEs=
EY5h7+qBgOgoPX6y+LTzVA==
WnnpujcQ0c4=
UlNueok04yz6ihb8bMLR/w==
9zBTmE9gCJU=
OGWNP/0A9xwVsGbJIqQBAg==
E1IiKEvuqNSMCao1tnrtcw==
xHL85nQenqwcTt9kHQ2eng==
icvw+vjKcC8Cu20fSJMa3Q==
ncTmaFzPMQWydDOhwhqTYQ==
NHMNB1ZXvjsxoHHr2FCKwQrdpd+dWVUg0Melq6idqRo=
68m1tY38NtQ=
gpHGfmBeDilZV8iugAyRCA==
SfIdEWLx/zo=
kiKsY5ArLqs=
3N9ojtqn1yDUY9i2bRUEAw==
ADYNaYunY9rw7TrxpntleQ==
BMXPomx+7H+34Qqu+d5Jfw==
f2oq8ZiC/GkeehDRVl6G6w==
7RK5EChiTOR/mgmIqYYMEA==
BNGPUhBlKHojv5AaH2OL/A==
BNGPUhBlKHojv5AaH2OL/A==
bc47c4x7VHc=
bc47c4x7VHc=
bc47c4x7VHc=
bc47c4x7VHc=
VXV2uSctlbY=
Oly5eiurhNY=
AkM+oM09SEA=
Y6sRiNMTzNMMR1Noh8n05w==
HUfxsy4i9BQ=
yhyGaFogpzY=
xC6bvsO393N+My2cyHIzmg==
WnFWGou+v+rFphQk6zXnvQ==
5QPeX5Udp+0=
pSRDT152I6Y=
EBfTXrM3/4oK3vfpsEykJA==
nF0NuYk5ehTqkqulZDfyqg==
XaaRJ+1Wps0WlfMQdZUkxA==
aH9d9hicF8n4DS/wDL9nrg==
5rDd1MuSYQlJryZbEqa6Mw==
V8wjS4fYAtg=
z6zloYn/AIs=
XilLapj9wkAYjDTP+6H71A==
qf6Jg9J/U3FTFQYYBhAafA==
HYv8eSwPbr/Vp/K+s1aSnQ==
pHgeMbqBJB6NDwDzJKMk9Q==
pFTeG3YbWNv7AQ6CFU3aGw==
8zfvg9X4SHzHGRt9e16AxA==
DhWNuYE2z67lcxq0fP66Fw==
DhWNuYE2z64yjh1ncbt4Lw==
eXvTuuwiQJU=
yydBVagW7FI=
01qoXZLCOKI=
10hQmbbdTi87GFexMgCaTg==
3rF2d7vHT+U=
gfNFDnrqnCM=
QNFNqdM2ou6eV1bxGBIbXw==
5UCGQ4RmzIvYGtZXbOIXIA==
j2+VUciSQxoV+JYFLBvFPA==
D3RX1JQH3Jo=
Ap5+xRDnXyAkWRi2X/pZ9g==
wJe4Hr3DmMhjrhCS6R6gGw==
0jQ1FHMcZ8Ky9P6If5SFyQ==
ELivwIw89D4=
albG21jcAFY=
40HbyoMGpDs=
Fkkgea3zkS9kh+NwaYSJpw==
hp5I24sCLKw=
mKURAgD+YoY=
T4EHIPy6E4AFlIP/Yqv1Wg==
fL9QrygbZcztusFkbRQgxQ==
7rQ28Ph3lcgpN91WL5IB4A==
/9JtG81i5WOzpVaavZkBBQ==
zz0nPehjT4Y3I8mzKwc1mg==
zz0nPehjT4Y3I8mzKwc1mg==
zz0nPehjT4Y3I8mzKwc1mg==
ANIf7j+FVz3DrYgTgur4Uw==
ZSyZL2mQqJc2Vf21fIhGjw==
Hg7/psMiVQwTkahWGCBcHQ==
WPo32t9ltWk=
c6qARPWyxsynzSLx1OGr5g==
c6qARPWyxsynzSLx1OGr5g==
UzMHZyItwpaXu/mlTH43YQ==
zebbBbolCQxLn1vqzLLM/A==
zebbBbolCQyUqc8Ezzn0sA==
wJpzJ5PIu/o=
DKkYDdVfECg=
NFaMrrIn5QfMqdDTV1xwZw==
p7Ztu/ot77Pk3ywXLAhlfQ==
XTwZ07V1XcRnzLlxun+2cQ==
IBphOty1PzuzQoi8ry6U2A==
3fp0AFHqpVunmXcQN8la+A==
U9Ul6zWZROI=
X1yBCZ5Huygf4XMxG2gNzQ==
X1yBCZ5Huygkwctt6lRTew==
bbXkMNGOtXC5DZ1HmFWmWg==
b+uB23NogVYAMlUoZoRr8w==
uY3vEu1uh3IPBFbkzEdu9A==
KjypRhLq0gg=
KjypRhLq0gg=
ZBW0VbXp6tw=
NlgXqze+gZy42jxWYe0Maw==
s5d+eDOVfbyPmTeIUAqegQ==
xibdawjDNzC3qecU8nZWZw==
C5piimgRsKdvtzXGiCnY/A==
286Mb43/n8g07me7Bpu1lg==
1FMDu1rBKp6XREpN9NrxXg==
5Or9O7SKrj8JuACCzFdHSA==
UiSsoCVPby64ZU9icyelYA==
a6Sv/Jx0NlSxzegfDXFE3w==
e6Y4BHBNtgdFzvSwaPDvlQ==
Eem2m7Bl3QVe2i0U1DL4DA==
Eem2m7Bl3QVm1Bu0dwT+ZA==
/mYnon46LZkPbJDfuc73XA==
Krdr4KrPjuVMTlE6Ao8Pdg==
iEqlZczpaE8dCgE0UhNiWg==
iorBEEzKlQfxqJqI9R5kbA==
kjBVtLWrqJCX5QXJVUFpVg==
wGSFzI6qmGgHnXgzIVzRkA==
1ApFktxyIzc=
A8OVSq3FKvVIhOwMbvP0ng==
Hf7RezteUi4NOijkcVyKug==
Rqbl8h9VrrAJ1lDejh3wJA==
Rqbl8h9VrrDWN0CsxexEiw==
dNoiQF24uR7cphv8SLKj/w==
QNLJtfrzt4hbCs0YXpXsCw==
QNLJtfrzt4j2FgNbWcAMhg==
jNzyMCpCqBGa9h9VM1KxpA==
PxbjG5XtMpFK3WHb85EOnQ==
TeTtXjCBW+SzGzpY7qecCa+xtyH2zYDu
TRmBwpmSwfDAeoYiSSUH9w==
/THMURBplWtUYnBM6fNZHQ==
/THMURBplWtUYnBM6fNZHQ==
kepIIjqKCgcN4EBSJBG9wA==
SzKNw3KtF5FksQG/BHU1Cw==
SJnfl2ysnvs=
7KO+E9nS30EXnLanQsNj1w==
kEpjFzxSBMJEGpulNwgAcQ==
kEpjFzxSBMJEGpulNwgAcQ==
kEpjFzxSBMJEGpulNwgAcQ==
kEpjFzxSBMJEGpulNwgAcQ==
kEpjFzxSBMKSx+r9aI8KjQ==
nYYMTLOit7k=
43dvHTMbjlk=
Pxrv3Q7S6PIUCJAu4h+wbg==
Npm8HzA2J6oWugtlpEjssg==
NUa4DoNbeWU=
JzqwFXLsGM8=
rm3xltq/66T4ZNzeFwlF4A==
MiQoIzUvPU7H/eLasEKEog==
w9dPHBoQ5wFsn/k++i9S6w==
w9dPHBoQ5wHLTQUoBXRqiA==
pjm1MvOXhR8=
fkqTWP3n42LlcK1Uy2jbXg==
ImN/vL480Dq3f/pDqPhZ9A==
ImN/vL480DpbLJYVEHUw4A==
lZtLrvAvjoH9RkF1XY5dFg==
ZDv1v36xvv/GinvwPPju2A==
en1muPRQK/o=
/ng3G+WqvN/rqB8DLYLQWw==
SLFeEYfF7Pk5txhHuHd+Ww==
3KymvCrixj9ZNjcM+B/9IA==
qIPwgrRs8cudmyYeEgupNA==
qIPwgrRs8cudmyYeEgupNA==
hDV0GoJDnDmecDZErqAaNA==
e3dWTO0JXSd7Ww1XrD5UOg==
MRhOv6R+k+cUnvTQgZ+7hA==
IMRDEYuek862bMFbVteL3O7MsLXFe8qH
O9OAXCeYz/Q=
HrU9rRdhjNbGD4d0QAeO2g==
dJDu0EDmlfWmz4Wec8yZ/w==
RoXuwvUwEB0=
IZ7vRvBNmcD9UA41mm/IsQ==
T0MemZYCneU=
clejDbGd4jUFQoR6WRsrlA==
r058pw1UUT1sbsAbkpfIuA==
r058pw1UUT2Bxxz8Dmk5JQ==
LDi2VtFquDAts3VESEu5Ag==
5NqFyDkl24JqddnrjWHbvA==
LoQhsnEsT+tjRoTflpV5iw==
YI27RNucz8k=
FQMekV65NfI=
jIFM2hIfENS9JWvGDAE09g==
iiMLo0KHS20=
faOU0B/0HzA/qw45uSiCWQ==
d4NxEQI0DV4=
LAcgUXnGeCA=
LAcgUXnGeCA=
541D1rQ4ZXSy3cB2p31krw==
T/hVtz6G05qui2GajcJJYA==
T/kLGiRr6HL1u2tUt85ZnA==
qRBFoWj3cTg=
scWd8Fggg9TKcFbw9FC9GQ==
ukXpfw+r+LS04XPFzPH9Fg==
IctIVr9Rk+wECt9A0oPUxg==
pBr5lxicMp/mK02jyj5HIA==
qsivmQbQ/KAuDo1Tyx8wVQ==
LK6CiJMN79MWhcxPtT3ssQ==
EqrMefQGVZicLZaV4m59tg==
OtBxWnKbprkFHjstHsiXhA==
8PlxW3JjaBK7+Xv5WE9D+Q==
8PlxW3JjaBK7+Xv5WE9D+Q==
donT2s+X7UI5rmHMPC1Rmg==
g8BB2ATXZj8=
g0FvVxflvg8d6oiuVdsvAQ==
KCUZvukfGoA=
LT8oa+9nUsY=
dLVeq0roHfw=
whR7XR2wYyo=
L7OzPjiI7UEMfvH7AkG4Bw==
iREEq71VlFfEXKgscQ4CAQ==
EnfP2MeQjFx3xP78fRMAkg==
pxs+y1wFRCZyLvC54oLNfw==
E2iLBds2kOQ=
w938yagAc/4=
HuzryXrMLOo=
qUL/4JcyXuxKQNmzbYjFvg==
yHJ/Sx/jIqmzrgJXvUp7aA==
Ra4r2oNkE83iXv/tNSdu2Q==
sU42r4fIwSGhg0laBIFSYQ==
3IC9EDxiI0Y=
53MI0iSoENU=
M4aUHOuIZIyd7mxs1Q6L3A==
VKYu0Y2LEueSoZ5SGsJJpA==
QrAuzQ66EMg7HVafWI6Vng==
Bpi1vCtlZOc=
Jn2MHA1MsuEW3Zn157fceg==
Jn2MHA1MsuHsRRal1VaByA==
5dRq/KL2LNU5yJEMJwPo8w==
5dRq/KL2LNU5yJEMJwPo8w==
5dRq/KL2LNU5yJEMJwPo8w==
X3nxJuQqzlVmZ/uXy8t23Q==
9X6dc9WrzrkjK8ibU71E3A==
gSZ1mQo8AREpURQaRMx+XA==
u0EBLN1qpRExbaidND5WcQ==
DLDdwd5YJk+9vSeRtPE4Lw==
Aqdqg5tM8Be2wk8F+4IYBw==
BRxja8A5Mfs=
8ihYPGcDc+QOy4GglHPj9w==
SVX6zpEYPjNi/EfYdbI+og==
SVX6zpEYPjNi/EfYdbI+og==
SVX6zpEYPjNi/EfYdbI+og==
SVX6zpEYPjNi/EfYdbI+og==
SVX6zpEYPjNi/EfYdbI+og==
9zdVNF4jbYHN0ZHmAONa+UACsLMNOoEz
1DUWIc38BoU5w1o+HfGeVA==
wnv57sYndydD5WDUY/Nodw==
JCZPUZk+z9c=
JCZPUZk+z9c=
AHutjS5LCJPVxTZOXT/kCQ==
h1t9yAQ5/QKjmKl+idSZEQ==
CnGa3OD7gdY=
wzUyG4ewqap/h0Gvg7Uebg==
bLW4h98fBaE=
4XRzMXvPi3tyTsFV2kW5Vw==
4XRzMXvPi3tUwpbU6viV/w==
P2m2c+yixDI=
3HKyoKey1Bo=
ZnNwbtPmrlkdW/Xc3BxCSA==
nRWsNi7pDR4=
q7Mw80Fsbsc=
6SueoBno2m6Gqy/tQrI8Bw==
daJl7FS5N3s=
daJl7FS5N3s=
daJl7FS5N3s=
daJl7FS5N3s=
daJl7FS5N3s=
IgzV/0Pn5pU=
IgzV/0Pn5pU=
IgzV/0Pn5pU=
IgzV/0Pn5pU=
IgzV/0Pn5pU=
mW/Vow/RDa4=
9NQswHeybqg=
tnpL2STOm8vs4v69ivYIXw==
+W3xc2D704V2oHDFsBl4rQ==
+W3xc2D704WTiRIWZnDt0A==
goy8sSaDhNSFoIyHjPXGjA==
gBM9i7dx6Zs=
15Na34hh/S8WM6crKzENmg==
15Na34hh/S84ZKfu7pn6ng==
meGdEQ21UMzNXjtdfwplQg==
WRXTmz4jHmYiZjihPwma5w==
CJ7PKLejL5lGbHqyeYPNoA==
YVS6i6cAIMywLqPpYow1nA==
E2G5o6J60kU=
E2G5o6J60kU=
P2eCE4WhAb4=
O5NXNCK2lik=
IJ/ULTilF+g1FUCRMJ1dbQ==
ywTf6eMadBOT6GbKg9x9IA==
qxJt5RtOp0Wqoroc6aEuBA==
k7bkPDIJwQA5zlpjVbNmNA==
k7bkPDIJwQD231hZ57FT+w==
HEBiQHq3rCiHYTTXJRD+Gg==
TA9feBJSe4k=
NdmQZFMstS+AQrgsG8vxHQ==
YK9SqyJAzgw=
jySkhT4A5yQUQkRBZfsHDA==
f0uRjl9Meol/9VIuNuJSoQ==
ZOXdHkuTGQnOinQH2oSwMw==
Orl+TJ6yeQk=
Orl+TJ6yeQk=
Orl+TJ6yeQk=
0KtVXQC21TNV24Rn00vtXQ==
NSMMXXkorgUSMPNgTias/A==
ZfS+CXWJfcaBubpnQxzTGQ==
3c6IYCNU9p0A+n+srTEXNw==
9wYESPWL/Of0y1HDG+AoMQ==
1RtKtQHZ2G/VZ7o+mC5xkA==
LnmGevEpN6zZSR5pK3ebfw==
LnmGevEpN6ybgdyIf559Zg==
OwoKupdpebE3e3Mgvw2aIA==
OwoKupdpebE3e3Mgvw2aIA==
OwoKupdpebE3e3Mgvw2aIA==
OwoKupdpebE+B+M/b9xbxg==
OwoKupdpebE+B+M/b9xbxg==
kED7Z5SguJlXVvvY1DdDWg==
siM+Kih/vAaxpKvHSktccQ==
KZZmEi+f4p2/rK65AztkPw==
0tkZMgsb6d8=
KZrhhhFtN3U=
gCI7/RZBOa0=
NvBh8FGaw68=
uXrbthrg10xajxx0aeloOw==
82vfVFA7cfQ=
OwNc1piXZa0=
h+rRFif+A4I=
eGRdZ9cG+RLf9jZ5+AuQJQ==
0+g1ynPX9EYWeQ6tm2emwg==
u5acoJxvJz8=
0c5FUut4+Rw0GbThiCw/Cg==
mYBo/6/xf5Y=
wTwWB5XuWQE=
q+R1SFhZOzE/6ZomHIlPPA==
pG8aUanB7PadpTApi7O6ew==
V03WoeFg8zEP+4wGSYPk1A==
MNypcTHUDK+iCgGvtngR7w==
L1tvSSQWb4k=
L1tvSSQWb4k=
p+tEQgm1cRM=
vcEcEBbIb5M=
vcEcEBbIb5M=
3+1LmTZD3PjLq1GsL3JLVQ==
wDvmMeO4itgbyiZNIhzsLQ==
Fncifa7O6OO54Qj9OVA+fg==
/MJ25IYQZX0=
UxqyJa8jGxUJUBB8rfeOfQ==
nFkAAjGpz0EhNFz66x9MXA==
soQbQgXfsAM=
XQQj0oEH+JCUAFcZ58P46g==
XQQj0oEH+JBnZOQGLA+I0w==
ZXdJ0QVrII1ATnzhQaPmvA==
wAiERqdwZXeHCoSRiQe/PQ==
rKnDKcQiZ4Qk9oCEzHWIdA==
o0Z/6GDggdBSthxswOwbpQ==
rIymC1z+keFoV0VXH2+BTA==
QbC+ybJceLqnG/vi4fOZEw==
QbC+ybJceLr6G66GegR7Vg==
Pq6A+u4jZKd3x0qadBDB3Q==
yVq9w3ISF54LWPvy56gGIg==
kFgTx9pjNjZsSfFPVRCUrw==
kFgTx9pjNjb0O8KZY8xB6Q==
xd5OJK1MPgqbjeOnzsctAQ==
xd5OJK1MPgqbjeOnzsctAQ==
xd5OJK1MPgqbjeOnzsctAQ==
xd5OJK1MPgpnR456lp/ZoQ==
xd5OJK1MPgpnR456lp/ZoQ==
JmFYez7pW0oWktF+VMMb/Q==
JmFYez7pW0oWktF+VMMb/Q==
eTGUGXPZ+p8=
CWd8oPoFnly5sNNwlv9XsA==
CWd8oPoFnlxF0L5cc+4Slw==
CWd8oPoFnlxF0L5cc+4Slw==
CWd8oPoFnlw71DqM1bwOvw==
CWd8oPoFnlw71DqM1bwOvw==
7rbe7c/vLXU1Ex4k7i1/rA==
7rbe7c/vLXWH/tqQRDMZYQ==
7rbe7c/vLXWH/tqQRDMZYQ==
0JgU2U9lujNmVI4kunEluA==
0JgU2U9lujNmVI4kunEluA==
0JgU2U9lujNmVI4kunEluA==
lEYoJHGGLQEJ9HeqJn46Zw==
E41J3CBhROpfaFuaLtisBQ==
i/TTIVhThrg=
iupxn+TvlAk=
ZPYZpSqx4+I=
mt5zScuOusM=
mt5zScuOusM=
dADS5DaJHuHDwlqavoRB1g==
+NFIWW4j1j0=
dq6WwO/KMIrZcyj72nnOpA==
vXFujCnNYUs=
nd4p9k7XML0=
j7QnCLhclGpVwP47T9adsw==
jdT8mdY/UrEPSecCXrC64Q==
FWOxl0ho7zAY/mx+sylCKA==
NsTRAhgpybi0ivXm/psEkg==
5sM/Zt6Sm7YASy9iUQ6fxw==
oaEgzPiWhxvqamL6Zl3W1g==
NaFS6dU4HSw=
Fba4Qyk5Kcw=
0hQBF/eAOYBu6PfsFBhfQw==
GE3XmNs6l3w=
nyP+qRXyUL/smKObtN+enw==
x8v3+CXxlQOxftYYGjahnA==
x8v3+CXxlQOxftYYGjahnA==
x8v3+CXxlQOxqdDjq9SkFw==
1Xk5Hi555ZY=
LRUNxgCZGLNjWcK7V92ZJg==
jzi5gdZl5hQ4r82hLw7H8Q==
gfZJmEW/iFDjQNMNsfqn1w==
G5jPl+CTeMb7zeVYJMH0Yg==
B4Yv47OJWQRkSVvOu6gX6w==
u1IvoNVmaY5C7AefZMWCLA==
QrRQU0a/n+Fpe5g+dLPpcw==
9R/dk5tjjhg9qQIXCJSpAw==
U82hAkc6olc=
cjuG8MUQJiKt0MrAk20ZVA==
mQ5G72ePUozckKt/0glCBw==
Hsq4yxk4+2UTSXl2ijk/6Q==
A63WaqgbnMEG/qlryTGwOg==
Lxm/kZvE670lSWoroetXZA==
aliDorqbn0Lwnpaz8G1qoA==
aliDorqbn0Lwnpaz8G1qoA==
Yvs3Pne0gVtJXz1fvO30xg==
3C14d1pX/2JyhHYsS13S9A==
oMZuZkxlRrE=
x8k/hdH3B9o75DpUYyZ2AQ==
Q9i2wctxzlL2WIqdf22Z5A==
y3+dK6PXB0c=
euDTuKRx6Ok=
7qn2BfOtrYYxRm8z1Ba8dw==
bVB6J8cQ2KMYqP5/tWFVig==
LZoUXaWuNUw=
nYpKU7mdH1Y=
RRO6A74ikR0=
lmEv8r0ETjxw4/yFwuEKdA==
sueK+DNAjB4=
K/1Uam/1y5Phd0s9VNEevRrYsOWOGavw
lXULVvH0ocE=
ChIskZCT+v/2XJp9gARNSw==
aaPbiQwecsQ/4FPzdeVhCQ==
y/Htw0FMEEwvwUshdkrtrA==
y/Htw0FMEEwvwUshdkrtrA==
yJShw8BRLxclk6I6ICgOKg==
yJShw8BRLxc4JLbS1k88Tg==
yJShw8BRLxcllA4JIREY9Q==
yJShw8BRLxcllA4JIREY9Q==
GvnpUn9+5/Fyr4YpGXsc/w==
AwSCgOpDmnASnX3dEnHJhw==
6lDbFRFa93WnZJO9fSJZKg==
upR+cNRK88xSx78XOv5MAg==
B+LE/Uk0ssyV88TYtpNS9g==
d/kfCllnVn0onrTmuka1nw==
skQFIIynt7xx1woXff5U4A==
skQFIIynt7yUB9Ue+BDXJw==
f0DN4l8cpsFhA2nk0WZc5A==
wRxyIRGi8dIqtNcnpU3b0Q==
wRxyIRGi8dIiX81auqelNA==
wRxyIRGi8dLmPq7h6uK7Ag==
9Kfkmo0W7i9c2ZBTeWHhnA==
mjWPJjf8K3BlTP6b7NUFOw==
y2/sEcLT+g15W+Epd2107g==
yHegiWhH/qVhrL0LMGrxHw==
M+ROs6azJBfH0vzdBLORxA==
ZDIYJc5axo5bTdlwvulQCw==
h9RLHx7kZ1Y=
wFYGJqDA2w7IyyduZ6e2pw==
0Qa4tGG4drfMTkCfyak8EA==
VzyeTpzuFmgo4/2nPSWZyw==
NXRJ3PHxgjE=
DeykNm42Uf1GbEySe7B3sg==
8eZRu68UbOgoQuWtTJjAxA==
ALBxGdu7cpI=
EYX2UOSY/+8=
EYX2UOSY/+8=
FhlTSlQaqfSuQlb37zjPaA==
mChQProrEkJKVKRPlZCReQ==
mChQProrEkKqfKEtKn6ffA==
mChQProrEkKqfKEtKn6ffA==
mChQProrEkKqfKEtKn6ffA==
mChQProrEkKqfKEtKn6ffA==
DiTuF0icdowgvM9G70ElAA==
obk7/GYRMJZM3g3f9g2rDQ==
obk7/GYRMJZM3g3f9g2rDQ==
obk7/GYRMJZM3g3f9g2rDQ==
obk7/GYRMJaIzjKErkJtnA==
bYTI//K3it3fQpFdqkplwQ==
Q+JoFY04zZ1Q2ucvt4S7+g==
mt6XfHN2bloiDyfx0vxAfQ==
/yFgSIlAoGLYrcP3MZ4dbA==
Bi+zNSF1D38SKTo0PtZAww==
OpNsfYGtVQqCGY0zTeLr4A==
/KqQVsta631rwB5RhGWcfw==
lI5umLd+ZOc4i4v+ByGOtg==
0vSqMimz3VNjRcRyKNvhQw==
W6S6CSipy8pjHYO3tumRxg==
xAaRxLkRuWGqONXaKLj62A==
F5ARtM+id/loAxnKknJ8jw==
aoqiJwr27FFok1g5ovTQhQ==
B/+m9pmH/5j1Vs2y3W811A==
mme06gxHczCfwGKk949A1A==
HCq17ZZu+albSnHKXHnfVg==
Wx8o80TkuokPG7zzIioylA==
Iwb2IwM/1zpeP59Q2XRrTg==
kvB9z5T3DLHpSvqF8TVT4A==
Rl+t7A4joR8=
Rl+t7A4joR8=
TZdOSJO4uDeSAzw7lj9T4g==
TZdOSJO4uDeSAzw7lj9T4g==
TZdOSJO4uDdFXLMI0tswUQ==
ed9dL1ODB+zBrdVCzY8pwQ==
rCe+2d0QPasyU4nkyGlSZw==
rCe+2d0QPasyU4nkyGlSZw==
aFZRHyv99bw=
vVGUPHFVW8c=
09Mzcjl+MyqYVETxaYXXUg==
09Mzcjl+MyqYVETxaYXXUg==
PaC1roWkFDsoDEgFUcOqrg==
rxfyGGYCQg4=
iSViBNsNKAaNjpBeVpUdbA==
RQxKYTD4ZkfVMQV6hLgd+g==
xFIkdtwbtZI=
euW5Kl7/osdgVvLjB3Jugw==
PMPTA1N+85AEmhJDta9fMg==
Vz/BrHlo75o=
EMAmdkuYt2ztOR9RGhbdDA==
C0CnlbfYeHw=
UiAzA5nBsZwjmECLZqpDpw==
UiAzA5nBsZwjmECLZqpDpw==
BnuJ9y0Uf+k=
atjIwx18f0JrZ73d/E1SJg==
t0tg9yvcrAS1dvs+O3Qh2g==
aVhICzyGN2WFwlqelEF05g==
wp3pno1wleedblHpLYL/fQ==
uxaYp06qbTxpe3bc3IQCzQ==
3QUzNE0gOw5CMMVpcJis3Q==
STeu7dnk+LnCesvEZK6+kw==
tjBi2oth2MiBqu2oenoJ5w==
tjBi2oth2MiBqu2oenoJ5w==
tjBi2oth2MiBqu2oenoJ5w==
tjBi2oth2MiBqu2oenoJ5w==
tjBi2oth2MiBqu2oenoJ5w==
0zhIEmPkQzqtbcifTaKdFA==
k72+ks83R+KnoBfiw16nTQ==
UHJehQnnRXBkwCyLodYnKA==
e7Xzmlh7PV0=
CLcvE9u7i5VPSPoeWLvqnw==
CLcvE9u7i5VPSPoeWLvqnw==
6XN0ML95gk/Xb1zm0Xboqw==
dk9LEYiA5DVpo+2qlyJ/Kw==
6r2SheWyCe4=
gzB9C/F0DNWB9cKz2zZYMg==
YW9AbtmxUBY=
q0xeN+RInXLfv0lJzT9qyw==
OeQYbN80rRvNwRZdAKqyoA==
PyJmGpvLkDM/TpZ13YsXrw==
LG9Ksao3mhA=
BYCSTom/VcmS/CYs9ElzcQ==
lqW08M0QJwkGKINGPzJvDg==
lqW08M0QJwkGKINGPzJvDg==
5gCMpRI/cmPqGiNmfBfNug==
5gCMpRI/cmPqGiNmfBfNug==
5gCMpRI/cmPqGiNmfBfNug==
5gCMpRI/cmPqGiNmfBfNug==
5gCMpRI/cmPqGiNmfBfNug==
5gCMpRI/cmPqGiNmfBfNug==
LtOHf03MUQXZOl2zP3yRJw==
aJoLmHNWoTEe93piRhlmTw==
nZc+zgFvRig=
h99tu4hUDpjSlvVtcXqydw==
AD6C3SRV6ZkrNRyA2BNadw==
WQjcjNc4mzZjq0qsyb6bCA==
WQjcjNc4mzZjq0qsyb6bCA==
WQjcjNc4mzZjq0qsyb6bCA==
WQjcjNc4mzZJzyAP2sqG6g==
jQ7iKorUf0w7A5uHckLaCA==
SbhYsFdr1gjFrqiqXrHVCw==
hU9GXVZoSdsFjjHyW1J0gg==
H5w4r4SP1kJtSVXQt6kByg==
t6YgXr0uAuE=
9NZM3IuTDAA=
XhX+pnu+vOwPLrVOgi2hMg==
Adxj3dKwK2FfLqFo1yp5qA==
Adxj3dKwK2HdvU5peUHyMw==
Rr7RmhMibk+mXi3cHshKqw==
qJDL49G6Esk=
Y6TDEhRyTVejypN/sO2omw==
Wjx5eBUwIG4=
BiKSsMFMrRXSauIMWKxMUw==
40UtJz2RLEvpB1+sqN/YWQ==
gSLIfqQ8dph+RXLASb9ChQ==
9TKerXxebd+ZgC723j+aBw==
oFUvamqVrMizQ8sJdPjTSA==
05RIqara8r0=
ChYsm/++gWA=
+hHS6/KzNY8tYhKlAIkamkz3qNACG79Z
+bE2go7uXX36Ipf9p7PgGg==
+bE2go7uXX3mWv4mwsVkpQ==
yCqNbT2DXj8YKJGIsgs/6A==
yCqNbT2DXj/beEiZ+vY0bA==
ZLWimjmw44R604sn8DVpxQ==
wyKX/q+WRF8yx0v7cZtvHg==
hAe0WrwZrzcQ4G6w69a3RA==
hAe0WrwZrzeU9f4vpAl9QQ==
oV1hCEJWCMWxHdPdpjMbhw==
lOlOljzyQEgQZkw/FqpxHQ==
GZe3+iyYxKM=
AvvPNr80Ky9CyhPBUaxTEA==
LBXNZtNEdlZdbGdeYKlyhw==
eJzzdxEz32crhsVa3TVPOA==
6JDwEu2it6s=
vdmeD3OBM18=
NTU3Izt0KM+CFckCsBecAg==
NTU3Izt0KM+CFckCsBecAg==
NTU3Izt0KM+CFckCsBecAg==
XNqg1E4K6+s+p0BoMaMrhw==
UvRV7lny/Ec=
UvRV7lny/Ec=
8tB86n6mwnoikyTpKr0O3g==
jdfC1aQkAauaGTBOF1afig==
WkdCnVWAJK0EkMCewdUlkA==
BIIf9K/M0/Y=
tnt4HReWenU3lVewI5Sfmw==
s79QVcRUfU/a+6ZEeMPlOQ==
woKXkJxunDNbbrXsXjCE9w==
oKe/NNvEoyM=
oKe/NNvEoyM=
SNJ/0oFrztr8hARlwB8vxg==
BR/ycXyVwHc=
STAsQtFTmvA=
OAJgHSn5T5k=
0D1Pyf3WP2FU2Q1CvcZexw==
7J1reezH6dcSr+zGU47n7Q==
Fr14gzclbB8fYzqVFZT4/Q==
Fr14gzclbB+PxoH1sXJVIw==
fzWqdZrfUYBmU6spPmmD3Q==
mVcrgGaPLl4gtpmaqK3amQ==
vPq0804oBndhVEtrG0QLuw==
SwNXiSx9y9bhnoOMhfBC3g==
76v274NkBv4=
3J3TpF/spAnrnH2dI9esVg==
ekvv1iaL/G4=
HopvDk042Vj9AL/gNjJ6Hg==
NmQ7CVuTUuUUTLLIlixh8A==
NmQ7CVuTUuUUTLLIlixh8A==
NMZP2GWoSK6Ei39xrAemUw==
pAB7iTLdtxqYjf0931TTnQ==
VBjb7bkYB7iPX01XYDNFxQ==
4yvRgxDe5KlvFBDyUFBPfw==
3M7f9FLv+evoqT3SV4AvnA==
GoIxwZFhXOuUTVCL4J/k3g==
rs8v9pCeESpYzp5Wy1iduw==
rs8v9pCeESrNI5q2IiC52w==
erQYYQlqVSeDJ8sK4hq5mQ==
PtZsDaske7Y=
OGWO8pC7MQsfr+ocv2nNLA==
d6at9tzIxfvMWV7s0KksJA==
+jpYRizznPHO1wRryf+3jA==
Tio4p/Q2Bls=
7O2zLwuiZe6pNGpTpckrDQ==
52nCqE6wuNU=
f579Cjzklxs=
I4il1GIyoN0/RQ6kQbfy4A==
Z6HuT0haU1g=
Ld6qlpF4Who=
fhvMcy/40l5utigaMq9NLw==
41huK4pmBLKwtyaBE+owqA==
LAJESQ4Zq8Q=
LhBg3+Dlbi+JJF1u+Vccsg==
V1aE+k6T/TB6nKyA2q6TJQ==
+o0P6OA2uZtQqrumx6Q0iw==
oD0GwDbCSzu55vXe3kUZFw==
oD0GwDbCSzu55vXe3kUZFw==
oD0GwDbCSzuV4n3MGGZq8CdyiFXB23kh
7uZy6P7CoRJzIZOywujLdQ==
rSNa6wINpyO/5elFIbvy7g==
WZRb61czM8A=
8sfAqMcNESs7mzjYS35cAA==
si1ITsYA/zA=
fOOY4t1H9Hc=
awViRBg3eeE=
nzlc0pQvCXgwnyGQyAhdZA==
BPZGBBRgEO4=
GFfXfykW0sYucDVicHaJCQ==
AGKKn8gXjRU=
fGl8VhxahSDGx5tbQPG3uQ==
gciMTIUoD+5eh9oMfGgWuw==
JvQYYvAddpK8JBgm6u5wHQ==
yAldFvuI0pSUz6zaGpuyfw==
LklzYRqDa+4=
KDMU20L8/NjPTN1dbs/46Q==
8doAIOzFQ14=
Og4LVapH+BwaZA3shRubhQ==
0zfCVhT5YRrNLuGHqGDgvQ==
1lN0FrgbRBE=
5jnJA9MQugbMfFGOJ2FIeQ==
yZQ89Uh7auoCeJ6HoYtv4g==
NrEOZCeuafW7lWnWbw/dAA==
adF7xgI4gp9djUatC0AWNA==
adF7xgI4gp8XyptSBxyDjg==
mIRQR0H/0tvSQjtteL1f3w==
DAk8h4z64tf9PU3ywvn6AA==
WQIdxZdBe3h1/DfnQ8pSQw==
HQX4UanwqEs=
YdDrnbhYrxUSBRf3CoKlCQ==
j6dxSucuAZA=
zbe/3XTwOisIKjskrsP8Dg==
XiqjaKAgJjA=
TdHeme4Vum0=
TdHeme4Vum0=
1huUCY2VrRPpZAz0QdKi2A==
GpVjdR1A3aA=
rCfysyyqGao=
t3fIVgonHDk=
WaBJSzwnNUY=
I035UpiK/+QxFk/JTVLuvg==
ZdIfDDZCxU1f9/5nhTRc2g==
CC6z/Znhxob8//dNsr84aA==
gXDGk2YbF3KScKPj1p9KGg==
6KyNWwnITpvanPi35/6oPQ==
6KyNWwnITptUSi5H1LORNQ==
rINQogwZSVXGQCICqkVHng==
j2IFAx2/HZhQfEfS0dka4w==
00L6WZZOidA=
yRANILPOfi0=
n1hrdtalQfdnyjeVvQ9QOw==
9k9l9CeSv2v4xLgtzDqH1Q==
jHFZct4P2yHR03aeM4n/Hg==
+z0+m9upxWCrl12/Lgo7hw==
HlIwxL7kdaGjRyF2C8X4lQ==
ULC8kWMkqI91t69ur4KNMw==
uqrU5YXYMJy3CApTCMYpIA==
TAtCtRrofAX491Kx7rnCnw==
CSc3/CrxJ5t0/u+9BmD0Pg==
w7S2L1+kAbTdQ9upz5Az+A==
vLaqAsXo6O0DnNQPthAdHw==
vLaqAsXo6O0DnNQPthAdHw==
vLaqAsXo6O07ZqWezYBC9Q==
soa6EDuRjk3rXJ9CFVNbYA==
4MRZW/ZE8BOcgq9FkQCCIA==
pYyTc/P+FPg74fioaJawhw==
vJAFk4gCskA=
vJAFk4gCskA=
QN9MQ9HwfmNFPem2RDDmpA==
vCQVKuCfuvNqjeE9IIW7FA==
TeE83c5AJ+aHpOKo7DvksQ==
TeE83c5AJ+Y0jX0D1krtCw==
2gXYLfFKmUw=
ESOeSHTwriWZbo5hk7LyZw==
yOhZcINVnzc=
TRT3fvNXlrF0G1YSjRpHrg==
XHd+E6gdGvBJi9XvUxrZaA==
cyNwbRbqvJNxN5nxhtQLqw==
WYgyxLuX1Y+zgGv8xRWZTQ==
iF4b7swesiqtP5NqFeEZsQ==
pMP5APVOaqFXDpyiFsK6jA==
bnC42BFUA861FVYQdM4IKw==
mAMk09CblXw=
5K+55KpuaCrOe6ylJykVwg==
KHaZMlAJ07w=
4d8UCzEtGaM=
4B3JbXwHUb5v7bYbXlWmcA==
K0zAcmcMfkClZpj87dAO0A==
RgYRYwk4+UH79GkMFTAb9A==
Fs59WVTRjmtDCpmSmuMBKw==
E7e2wD3CtuAogGDcnWzJaw==
8F4pIjq7YGa+NSaN8b/eiw==
8F4pIjq7YGa+NSaN8b/eiw==
Rj8eyLHBuh37Jx25mtXwBQ==
rCabKJR4LkQ=
Fa6Jz+o5QnM7u45IihjW3g==
19SjnaJw6NL1MUH8CMxwsQ==
19SjnaJw6NL1MUH8CMxwsQ==
rtsaFed856SgHgYUsmereg==
INrlfEl+viPl359xXcBsdA==
tX9jHan0XR76O/wQ93CQOw==
HH3ML+pmbmBPNbLGFHKJdQ==
HH3ML+pmbmBPNbLGFHKJdQ==
PHQO8DiY7rPL6yL7IjDWDg==
Ynx/3dWgJxiiqkW97OIT8Q==
gC5NG1/Rq5VS51ucmt7oYA==
X0L6eoZgHa/I3658W2PsPw==
7bpIQfHv28E=
7bpIQfHv28E=
dqriDfvZL7p2nrDTmFlPhg==
o7qKSkL417M=
eN3yMq7Po8JUv4wMuudIvQ==
azbAzoQvXYBNinUdrDipGQ==
0XUW3NbYwhhBAgqYRcuWMQ==
H5bf9P7EjGDY779d+1jJ7A==
H5bf9P7EjGDY779d+1jJ7A==
uhPRYZfSkP9lFsXIMJHldA==
XI9qE8SgVzgBVAI5PwprmQ==
XI9qE8SgVziDEsSrDLEO2w==
XI9qE8SgVziDEsSrDLEO2w==
0ewta7FuGQE=
67NKgwfv48g=
rU6KjcZN62UcJQQjNZlQBg==
1qC+dvejYp7mCmyEbltVIw==
WxbX32271re1xRRCE/Ls2Q==
okewkxliY2Syb49AZq0URA==
cvwqkqF2BBp8uUkN62yyuA==
6sbXnXeRsxgT+PRvK5P/ow==
96L2OyKz0VEDMAfhnhzXew==
wjXNjPcpVKm7hrueIjx5Zw==
2GRfC5N1O2s7maTYM48YHw==
Ywrslpz5+fTHxceEoaCZ3A==
rsqY3MCmGiqwWVuRF0RAKQ==
rsqY3MCmGir6jR8UD3t6DQ==
ZXmBJ1lcbZjjleS1qa/wlQ==
94xGQdckvEVC7QHs+6Tj2g==
ZmqekP7IQzsM4gxbFkuwxQ==
WNnJVxYHUtXLHC8TFqcPDA==
3Plld+IDcEyx7BNBCkHV0g==
rEpcOe/o7TAZrx5v/UHGtg==
LZqqn2QjSN2TN2l/MVjx3w==
10LIm+hNoiM=
8zINNMlu0h1cikJL6FtkRQ==
KccZBFKCotaXIwxhrtfeQw==
/RN5DI6IWlnLj0LKHJgaXg==
HliUo/IuNOx9vd29ak/TGg==
lwDW9ANYYKl1ccXLYjH41g==
gOgbcDQi7jT74DR8FN/U/w==
6z2n+xZOdpGO8K4NIvBogg==
aar9c8fKpvlisFW7MFcaGA==
aar9c8fKpvlisFW7MFcaGA==
DHJSIk2v77M=
r2r8mEgxLyEjAgRfYNWj+Q==
r2r8mEgxLyEA1uJyxp6BNw==
5S+B+NpMGtlSVSGKnJf0/w==
5S+B+NpMGtlSVSGKnJf0/w==
Id4SxyDQy9PE2FkvpedbcA==
6L7jfdyKv9dODocnxMVyqA==
6L7jfdyKv9dODocnxMVyqA==
+BLNGCGfZ3LryeL4IbLXrg==
sdMQ47oJBWGGYD62qKjJKw==
RyJrP6WLGP4k0tBO/y3Z4w==
tUcNyShF+dnSkfSSowMWdw==
Ygx5hJz5Hut/k7yqpxRkcg==
RB+xUTgDock=
H6iskLEXOWNk7JJ/VVWofg==
IVOZNvosg+8=
tkAr0sgkBgN8t0f0HwpIcQ==
GMF1v+NtPZDPabJ5e2U7DQ==
GMF1v+NtPZATlfsF/TQN1A==
s0/QOscZffwZeeRwyS2Q/vGjbxJZoeUI
eiExqIfJbf4/sBkWjoXucw==
dA4SJFsA4eE4HyDMW70K6w==
N2ZgliYeZJE4S3mnJhrylQ==
fLsIz5IihiB9dR7i8UU1Ng==
DU5ngP1spHooL0qWQleDXU4SvqgWeaGN
r0NqlVFEgCvT/8O+U2/Pyg==
r0NqlVFEgCvT/8O+U2/Pyg==
r0NqlVFEgCuIBhjVNgZrjnYMQJ2rAI2r
r0NqlVFEgCtanamcWuB7XchBgLa102ak
KfXx6tPKAhA81adjrPIfcA==
S7jjPR6esaILdo46A3FuNg==
Mh/BqyhxMyfNAIWdT6zOPw==
Mh/BqyhxMyeY3Qp+LRIlmw==
vYHG0KNHEryOESBRqhXs9g==
vYHG0KNHErw9LnCL6Wc3Gw==
vYHG0KNHErw9LnCL6Wc3Gw==
vYHG0KNHErw9LnCL6Wc3Gw==
13f7dnBJ8bdAFFwjtGgmhg==
QQhaAXInrV8WAfkJp3GtIA==
/c3Oq1n8goEks9Sk5g9MLw==
vlcxPej0kow=
oDACh2XfUKX8LPpsb7zZTQ==
/j4/REUko3Q=
Vgc0BspeSSdnSQjNWgtPHQ==
NyvLqPpym7AUzOvs85AAbw==
tF/+oQZf8u4Q/PDQWxSipg==
0vILQuX/mSjcec8ZAq4Vww==
8s/7A8Z82J5dFoZ9hf+VXA==
8s/7A8Z82J5dFoZ9hf+VXA==
I9eNIWkLujaZGmPsbNUL1A==
/6ak+25fSv7C044YUdo26w==
VggGmpFJLaY=
MPfe2XQyrMhjD873MOgA8Q==
ntfmVyLeU/M=
9iS2WFIVydI=
/YN423aYiKg1lNsyxiRpXw==
MgJT7/sU2ks=
2PINaO7SG+M=
g38ezoKeKNWkeO9fFFzmUA==
vVSIPmgeCzTtgfhEMe7ggg==
vVSIPmgeCzTtgfhEMe7ggg==
G6l/dcEAQtw=
weIZKAlDD5U=
5iLHv7cHR/doTE9n6ebAdg==
g+osE3gI4jY50RFat+/d5Q==
QRvqFDL3dppf1hjJewe+jQ==
QRvqFDL3dpptU8ADKy/QgQ==
GOGcCQQADJC/+aWbtv+y5g==
lm4wbauqRY4=
EK2p9DOtShng+4lwkHv5hw==
/pe55JeH0ceWUmxeo7ZtVw==
lWvJ0odEkP4=
qDLlOpeoODjIM2ZxIQXSlA==
54Wnv4qBNEpSeXVMsRBDPg==
54Wnv4qBNEpxgxkRz4nLbw==
mkkAu8wY4AvauYsLYzjrSQ==
ye57aepIFso=
gaSHi7NTSYA=
UUaTyGbKKFetL7HBgtOQgA==
4hzBKYfAo6NFB4JSgkbovg==
Lsv49re9fJDKoFVG8W0IJw==
TGBWEMQx/0nDTOFh2oa86g==
KYYP1oQuswtpRAuluygglw==
p/CpxjGh+xqy2VqKIdhEyQ==
yhggGhT5XPueFy7YAS5kYA==
vWQb65FbAX8TWf6TJzjwY+TjRbZ7fJRu
vWQb65FbAX9z3b6B2t2/EVMg8+eIFjjS
qaT8dSNdVs5soh94q73NzQ==
qaT8dSNdVs4yqiHEF0n/MQ==
AN3Ng0uieG+dkCmyjUyANg==
tvxZbchApd6KRw26s0j7gw==
HSATmBPCaXNJ/3s6MTwFXQ==
Cb2SgMDgGLjBVH+FKPGzvg==
oArXQleV71M=
9yKs9vJIcHjV1WJXIANnog==
fXiY/6I4aN2blJ6lsgLz0w==
wPdGiSHZJV4=
W/2Fu6Prnxo=
iK+TumQZovmyr10Pg2aMVA==
BVEEiBanwI4=
wgxquFah53I=
JEUrAi8tqE5ngFiSgGcLbw==
JEUrAi8tqE5ngFiSgGcLbw==
USvQzA7nl7F7+MGkm2/fpw==
USvQzA7nl7Gt9ku/W0gMBg==
elh8tNknE7cI84pItwEx9Q==
elh8tNknE7cI84pItwEx9Q==
elh8tNknE7cI84pItwEx9Q==
p6VOlMhWm8FbnO3UE5YHpQ==
gdYPyIHIFog=
K+CuEG6i5lI=
BKf+mmjQrDY=
wEXTCCb9zg955A3gydHzpg==
cGkVhpWBwVZr7pwBE3iU9Q==
kP0e8TLOlcD1rOKc8iI5UA==
hjo0TGJCc47al3Axiw6qcg==
L9JwsGV74YM=
zC9xLVrei8M=
KUg1n9wdTuE=
XSB1BoA8k2M=
XWx0A+PtRw0=
yAkdT0oN9v9QGWuFNIYQuQ==
oIxvA6fQg30=
S+RkokRVQ/0zKD0/pyXP3Q==
B9bumAmfvDVs6CXMMUpjlA==
QcVX+6rDdzw=
fxQJiIOjyXII4c2z+svKVA==
jOf+YFa0o/w=
92ex7K1W72g=
fJbqNK113RbceKqR5rUgVQ==
PJSHDtc0UKVUyxBILmfr7A==
U718WS99v6mGNLG/bhcKUA==
qjvcNrTUhdw=
Qq16oFOmJCY=
m3opTTImeaU=
8sR+8jKIr8M=
5b+X+ESnL5u40mGW4oN0lg==
0Ii1MgYoa5c1KXlCcFWmPw==
1rw/310fFOhDMK0BV6CEXQ==
JGJRYx4t2k8pZKznOBcA9Q==
T0K0KzFnQtgkusyM8nQQaw==
jLpOO2D9GeA2XCbuculcCw==
03MQrGEGqPhK1SQ1ZcQdlg==
5b8KpZrCitQ=
9V3b7nJhA0ZCDXCZ9vWlDg==
63PCEkA+nsHIuV2cGacqNQ==
j6uBjeUr4iSOLcB7+9yUeA==
j6uBjeUr4iTwrQxvGwHTIw==
6kTHlPItV2bLjgH5TVpN3Q==
F27+79HETzLiunbqFc2P3A==
eA6cK4i/sLKicU2a+3DSaw==
0HQWfotFGJ+hO1yjK/qFtg==
8wlz56kNsgE81jtVg4ptzg==
8wlz56kNsgE81jtVg4ptzg==
E8D+Dz+hOOsK1qXB3Q1ZZA==
laN5XZq6l847lD/MLnz4BQ==
R4nNq0KADbg=
mY2EMWJd82Efscc15LuzTw==
Vwis6p1RzNJHJVajCOlfmg==
5FTl7bTpDHISoOOksaZzo+vFp4c8+c2x
5FTl7bTpDHLGeNYL4mnOc2IRvfFvFjQc
S8ZNfgcbmII=
QDfgzymcAyRLd/b/rFN1pA==
vbIt6pkNNIyKboWVYMkKEw==
vbIt6pkNNIxYh0WrjUkJ1g==
gXTE+vifZso=
Cj0bv3GDILc=
RTV44ibpHM0HhNXgOEdSLQ==
aHFVNgrxHZ1Z7Hl8iPShwA==
MjLWBJJsk4wueRMkXrs5/A==
fu32TEnXE9eM2gDBkUuVUQ==
fu32TEnXE9dTVTP29Qq4tA==
vCdVfk7z+0+kBepSL/atJg==
p1W0VuEYQSc=
5nJxLh8oILshKvkePxQRnQ==
J7SAXmHcgeGTk0wc3Q8ihg==
UQDFjnvu4oaYBztY2i345w==
i6Tlzzih2ckzpqXO3ycU8w==
kfdBI6nPA7Y=
FaShRDe6qy7v1O/wFRjM9A==
Mfm/8uDrgoo=
raCjdzwA6s8=
8kf4aynlG4g=
oXok7a53owwS24wbWiEmag==
iENWlNl5RH9rSsvIXK9/NQ==
Vb+g7ORYPfjCjZ3CgNO3xg==
HNyAxVMDJ4IzZkwDdByvWC64eciZCuAf
CCuPKuBhWFfgK5SvS8CzSg==
+unv0QVCHBy0Aby8+C6YjQ==
4wkavC2f8gw=
zl0pTKTAQTHN1Ras3/iWVw==
m87ovxFcoRU=
65SLeg4Usc4=
eEy0A10E5ck=
lU9gfQ/JzuKWlkKBRLj65w==
lU9gfQ/JzuKWlkKBRLj65w==
qdEWquGLNvCLt8TuvluZzQ==
pjIZ5kP6IY2YCdvSQ+l90Q==
keUwsU8XYFEjyboISELOQg==
61TISC0eKjyaNkVkHubeuQ==
bVDsCcYoEDf9AhqdOl5aYQ==
ST8bAUXjXGKCoD1lY4Tpqg==
YB/H6loSiZyja3GtHmtYAg==
o3Q/HioF4APnDSGeRWQ7UQ==
gwA+4UoOgXmMgraiEhSYvA==
+r/EALT0lXYGnhyT0o55gg==
Cpa5ry6eAlY2hfv0MWSpJg==
fX8QCHXcY/MVOceQpV1Tfw==
AW1ei8WrO78=
giFiaHsNMcY=
UFPf8pPufnG74tB55Wz1Lw==
fKLsKhZSHH8xpDv59MlbSg==
fKLsKhZSHH/oHYtonEVZfg==
EWevh2eZoSDmfwf7dU1XZw==
NtamB5vYMtsXHczK6/7i8w==
NtamB5vYMtvmU0RLpfN2s7U8k+DBhS7B
lbyCpPBWlp44hNkCl4HN8g==
lbyCpPBWlp76EElVgXiV/Q==
ZlN2lG5JiwsmL5t2O9rGHg==
ZlN2lG5Jiwv0v6Sf2sNaZg==
v6P3InMadsKR+3Eei/1zvw==
WTHM6BAEVXAPV0SkRK+DhQ==
wVslwyLq197rajuAuWzkbw==
/UVs9FPjS4TTGHhr4LsCeg==
/UVs9FPjS4TTGHhr4LsCeg==
2lI0wWq+KDZxyMqmE2lCQg==
8F5VPnxh5e4=
RjlDmXTwfX4=
a9zxd2JWIkjHdngheRlfEw==
J44mnxvYfjNCtOBbQSfMuA==
QB0LpZ0q/MX2yX2+KtOYpg==
QB0LpZ0q/MX2yX2+KtOYpg==
Yt/FLu+wwkEmV0gbzNlWZQ==
MzZb1muy30X0dIHnOI2Hug==
msLsHnwW61r1LDd+N3sONA==
0bbgHlDHe2A=
KTQYlb4xWqxjSakH7tI7wQ==
CuqmOjRwSCQ=
O1jtI7HbC1ikFwC7ltqBlQ==
5a4OFE/Cqnm9I0UyuYitDw==
XrLAOox+JMr1ZLUNYMoGctFkwS/qpFET
pEL4MchjmTHCGVEbezF1rA==
pEL4MchjmTFYKIESgNn0pA==
ecPe7RCSF6JKEMPI0/0n5AlZHoUxpqRG
S1mSTNMSuySd/ruELTkRdw==
4u3wEw/B+u5vX//6RkrC5ggtNKFYV41D
wPraslKq/iSt8WauIiybsA==
tIrpL0jWDMkSk1zLO3VjLA==
TLkN7qsGEQaywS/0+4USdQ==
s6vMyrnveFyhpyLWDR1BMooF3+uTfQyH
s6vMyrnveFz+4WUS5xjd2JC0DlFzKPT8
KgUtnre66iF4F6msn8MOfA==
KgUtnre66iH8Z3ozT8RsZg==
If0wXLnAMI6a+Rs9bLY2OA==
88hTvmZKhi8IiQYMqR5boQ==
Sm7nx0eX/9GgupRsfRKBVQ==
x5+3dgIXIig84dahYdpAuA==
gd27sWuRQ/1reCUwrXRTVw==
d+BPMe4GWpMEdQlssML6wA==
mbDnK3571m3FeFPbOsfC8Q==
mbDnK3571m0YM4kO2+LDig==
1gfTj67iyyLDM5IxWAnb8w==
1gfTj67iyyInndntjM+SlQ==
EDpNWhc6i3dpQJrU2oyQ/g==
VOIZOS0DMVTB0FfPjYFTTQ==
04hteuFgzfhmG25LigF5iQ==
btQe28CIcfCDSXIHY+D75g==
btQe28CIcfAp0nw+xv1j0Q==
4WsqmkiI+y8nBQt2NfuH2Q==
SpRvfLVsp5GZffIlKtoKVg==
5xkbbX43R0qU1gPpK+LQfA==
5xkbbX43R0qU1gPpK+LQfA==
5xkbbX43R0qU1gPpK+LQfA==
or4EQWWN4mmyZ/nPEzHimA==
Se2wYHHigErWAsoHsN7qjw==
Yam2wJRH4TYmMEgba9Ufag==
zyo+Gdkv8JwjXJuCfZ2/+Q==
NeC7b8Lw+8VDiXcuX7d9ow==
NeC7b8Lw+8VDiXcuX7d9ow==
NeC7b8Lw+8XTxB4fR/AGTw==
NeC7b8Lw+8X1JtDqT9oS/g==
C5v0eRuasX4le0xxDDkpWA==
zljVwX9I7GYbmBsAW8IuxQ==
Z9YPQcDpEGAXsqZJ6TCasQ==
f0Z/v5a4ZYJbT9sQOlsuhAlXPpYs7C5N
LRlJQO+0GnfkgcJ+TNkpgQ==
4TJAtoSBeZJ6wulILBRVZA==
GX0LNsYKkvZsrbqjHS4MvQ==
oCwGdph8Y/jmapiOZm1Mqw==
cGusBJ42sQQ=
7FBNskOsdeso4oB3wMvEEw==
krMbzno6YHs=
n2+Tfnr+quxmBhfAECKFnQ==
akXP0/9T0hei3u79lyie/w==
RX+A+YnMzKTotoFMMsLrwA==
PmZsBDuSiPdzpP1Fnl0Fow==
12cVxwMVFUcAdUOPfNZBJg==
UJmAXO4GLqAJuJ4a3pseEw==
AcE/5bOwN5svDnUeJ0TuzA==
+1EujDfr1KGHNwVkWBMGBw==
E4PXOdfQg9H4mxgMrSDxDA==
VBtjHZ4iSone1zAcR0gfBg==
P/QkgLPU1LVxOaUUaT8GLQ==
Fbhspq59IDg=
DuFZpAuXZvBHoc1ndMFRzQ==
tyLAMZgiEIo=
tyLAMZgiEIo=
Dj9m6TWlK1I=
GuWsaJasPbnn62ZkU8X41A==
Ei2AWx/JiCOv8/KEUMHmtA==
m7zlYbHYytiUHgYxy2aQew==
5u0rikPcIHRkJMNuj7c+Cg==
x27RUX5KANNbjLOq+AfTmg==
0XNqUyrW4EI=
9sdk17f3bh4=
qpa6J7P0gikoRsGECOeYpA==
FN08eQs3QkSf1hiDPNQAIA==
NbbxdVtVdvTOxzIJCqfFjQ==
wyWOAJlpEmk=
cD3QCKp0eGg32C4BpSIpAA==
Ko+cdjrG/aT7L5TjCJVUKA==
U9XfRqOFCi+c9A1bojbEGA==
2CsrVEFqeog=
/oWKx1dVkJPrYNr3jt0vsQ==
OZS2HeMNJ6EM34LqGjm+Sw==
mgj6L20kcNmtXPH0EqJc1g==
+c3AT3y3CWQ=
JKaudT/eGjnC+yx9fnoKAA==
ctifJRICCIBwJh8UiHTWqg==
Mwl4u30bCUw=
s8/wAgLp1VvEEzQ9hYYdOA==
+0hCCPsGvrSAvqpaRpV54w==
Q5tOn44Gl+HtxmGm4bp57A==
Q5tOn44Gl+HtxmGm4bp57A==
Q5tOn44Gl+HXmeFVg+bMaCTJEowHEqmu
Q5tOn44Gl+EQInZh0/kkKFZRX0TJqhCV
c7291neUxP16gd7LNvqlJw==
INDG4v/LfH/6bCFL1VFNQg==
xzt5vpARDvVXWmHfICh5Tg==
h0P1eZ8tmn+QwThQT2KiNw==
h0P1eZ8tmn+QwThQT2KiNw==
aWNmqaFagkk=
q8RuGLyWWGo=
No3B1jD6PZA=
UTa6w+dJ83ozhvrACCkgvQ==
QrNRKABkdR/bWb15AHe1Xg==
M9HzvnbR/+qDvdOTkq5JyQ==
tMG/T2fFp2g=
81gaTXVz01g=
ujV8tQyky4c9IEbCQlYLAA==
qjTBpbyxp/k9uYENN/p3UA==
/IJNV+Vwerw=
4wYHTwQzpwXcLcMYE4nkZQ==
gQh6n/+pVMfiECMiyhjL4w==
NfxhSVehWkWOXPbOO4zVqA==
fsLTKwIZk3WuexBhmrG31A==
Q7Q1zTvPk9XauBYb6O8PsQ==
auUxEqtx00OqhRzJ55yFmw==
l0t6YIc2R/8=
dbi3I9+mtXw=
UhPtMYOAYhY=
h/h/I0TnxZM=
d1TE4darz4KyawQ1uJ3e6g==
dVwK7EVffgT6qFr/Ot5Klw==
+0R3M+EiYGY=
/MKoi0t7ugw=
6+m1gZ5ZkGI=
OQfDcGnH9bEAXRuOWP1ndg==
bEqbrrQWa+PNl7aECfscEQ==
u/2yPn//uc/Na2xj+WTJAw==
u/2yPn//uc+Rr7uIve6/6A==
l6glss6By3xgaXn/QzR/7A==
Ee08J2ZrgWIfwyluUI+znQ==
9FrnTOi6Ayo=
9FrnTOi6Ayo=
CbvmpT1sgfIii8//HM1iZw==
jXC3ScHlB2jQrLdDwNtgBw==
hn76q1bxr8mHH6qX95DJBw==
4A6l9T5/eh9dau4aeMcRsg==
uO9F9MmPZMW7vAjPP9yqdA==
ePb02XGY/LE=
9EEVDYakgaEJ62XWRsdfILITdy8RKhEd
9EEVDYakgaEJ62XWRsdfILITdy8RKhEd
wSevA3/fjHw54tx24LFw7Q==
c/5Gk88f/b96Rx0TOqxgoQ==
hTKd1vdH3/GU7kZYkwHOKw==
hTKd1vdH3/GU7kZYkwHOKw==
POC73PHKLFo=
tHmsi8XyOl0=
HiP5PbVZILCKxsUh9O7AKQ==
XIdhbMGxFtg0x+BQ3fx5cA==
ebp+zKLlW9CWMXpo0HkfNQ==
z26jpMG49H2c4148G7Ei8g==
9DjCUna18GJbxQt6ejCVNQ==
GR0XSgCoyncqNHTGdu7uhA==
DmytDC2TrevSqYU55EKP+g==
ybc7u3nO15tZrSHgadtoCw==
GWH4dk7iVmuWby2KIbI2BQ==
iY+9h4ICNSM=
u2CeIvFquBYe/xA8lzq4rQ==
D5gffTkAAZpVWsNNM6CE4A==
UM68CSsEFcM=
D2l8VMwuf8CBCm9byC0ETQ==
3HP5RrS/b/IwERlbA7M9rA==
7dZQBRldock=
GrVA22G7lhL+Gos95rWk3Q==
380UQAR75Bs=
r+EkA+EgQcs=
8POsv7IhImU1ZBOBm59qjw==
80EM595ADWWjs3PKc5rNMw==
h84lgksiroE6XlXxcne2lQ==
/b2Dk23JNyuqSjfE0QH7jQ==
AZcBItMm/1c=
VaTl30l7J6n6KUog1ooRwA==
VaTl30l7J6lxSwHXSUsdmw==
k1K8dufYKQUU35FI24DA1Q==
aHtT6QYIbK68wmdM+iGTrg==
1j/tRbI9/NAe9tCHfBKFag==
BTXHeOmP/s0=
A2OK0IGs1qo=
A2OK0IGs1qo=
LCNPEVrUwkBcDjOLKawNzQ==
R40FmE3eBx4=
1SOX+6VAaB0=
+mlc8ofDwmeD3AYdve3KLw==
i/p9hoUOxYH787yyCS2KUQ==
VbzikNWcZMGvon8NyowMQw==
J/FjeybpYaw=
J/FjeybpYaw=
4+p9FzQaBGC8K5dt3ji3qQ==
MOxblqJEFMU7Nt7msaNwFw==
4WS3mP6az8kAN5b7vF5DWg==
UjFy5gUbmwFzzKmig1g+oF58AeknG6DQ
UjFy5gUbmwEnnRjSnu83/g==
Ov1wAFnkHJXfiIL2iokLRg==
RGlwS5teSFQWwJIPuRWqsg==
RGlwS5teSFQWwJIPuRWqsg==
fU6FszVzIq/s3CfHMPEylQ==
uMPH4uMrLYk=
MweJJoWbAI4=
qb5hZoGCFFUDEDSzrPtN3A==
tlYSLIGutRgQUheK4BU59w==
dU1HsPJSudTfaF+PpEc2GA==
QKe4qGcGpRY=
chegN3Iry94=
V2R25IQDJOW595bk3j2rcA==
QwMt47RygiIPr8hjE5LfDA==
wmBJMYgeDEz7Y19s2pVmNQ==
wmBJMYgeDEz7Y19s2pVmNQ==
Yk+hgMH0TZJEBkVdntXYpQ==
6PpkFMHVWpTxLC30nZX1Cucyo8OftdIc
TkK2+iicavC6mxBuhPkk/A==
DAlmcz6mBbzS1QP9wgfW5w==
7xF9IwYpzNPQ/dMOWbxBig==
zXf+gBw9IIbGh6UuiibAcw==
T5T5u8Q+n9AW9I1w7joPcQ==
N9oW5rAtgp4RZD9JU1Yp9w==
QsgT/rwL8JYdvQmYSq15lg==
qtw0wKf2PKEw+2dmm/VHcQ==
ynaxkeZ6ZDbJ/uJGDxQ9cA==
ynaxkeZ6ZDbJ/uJGDxQ9cA==
KXf0mYD8GQs=
KXf0mYD8GQs=
YpB5SQTGHAuj/P3PjmNnEw==
YpB5SQTGHAtXBibYqGlyjg==
akN1x4NMOYXVBB1u84/j7A==
KYEVfvs0U2lAgesyY/tv3Q==
l9u4BnqM/GC+89WQnmo3tQ==
XWE0RBE2LSQlSdJ91o9HMQ==
5KXutag0y+OSx91dR/e4kw==
5KXutag0y+NuOyjmwQcwtA==
idGRP0ZRS3JEfcYq7KQOgw==
dzHbHv2gf+pEdWawRzucsg==
E47gDb6t4C0Tfr9Plfclyg==
En59AFBW4zEbHqyfQB9Aeg==
En59AFBW4zEbHqyfQB9Aeg==
FC1rQCS+GDI=
t+Z+zM1ts/MRIeNH9m/G1w==
yOhMq8mfMfNRtVG55+9g+g==
JLdCi1uBIMYHCce43yFJ5Q==
0JuA/ks3olsGpYV/gNubuQ==
EmRda+LenUKU3sRl2Fv7Ag==
Wuo+uWAnFSrbEkZHKefkgw==
Wuo+uWAnFSrkefdQmnFgiA==
iiCX84ww9FsWKVjltqagkw==
iiCX84ww9FsWKVjltqagkw==
iiCX84ww9FvGpE9nKLx1HA==
dkvPGKPDcFU=
rzGN5KfzZfGjV0sCUBOn5A==
zFivB+4EZS9NXj/7Ln+lzw==
GiQBpLJza6APhKDVICG75Q==
AXPJj5ywIPY=
/Q78BGr2N32rLR51detImw==
mr4XxRnb9VaqtaZaHe75fg==
6UCn5rc/6zdiYyHwo5vuVg==
eKqJFywPgZLRZlVsImlVpbsz+YD2AY8l
nkVguPYyzfI=
SzoLEA5/Oj3AL0UT+MexBg==
ZR7xwN1qknpWhnya6oW/Iw==
VUFjXcDYkA+k9xegX7Hv+A==
ldn+opXaCaXjk4MYmPs5Fg==
wrUgI0SEfGYHhXHa0MXuig==
T4ettA7o2ftpsSGrIgd0yQ==
n9TLkHGD+CDcql+M8XKREQ==
GlSlobMfB77fU7s8CAUY0g==
9z2l/jb3crb0hjoBcot1bg==
yRPDWIPu0gaFlv7NErzeEw==
kAIKcvuzssv4hxaGNg0zLQ==
Ei2s70yoj0nY7Pa8FlBjwA==
04HWm+ISjqg=
K94jQIZujIuSpeBeiHlofg==
PVFw+NHYyPM=
ZSmFDMPJQFjcA3iZmNNDYg==
qU0LrmQnYX0Ei1rviDj1bA==
6TvjnvpPmtTC55AyU8uZGw==
6TvjnvpPmtS88koFyDa6nQ==
6TvjnvpPmtS88koFyDa6nQ==
6TvjnvpPmtS88koFyDa6nQ==
IOTZW7hrcFIHfnXYEsEVtQ==
wZxpy7Lc2JVp0ZRaj+vLPQ==
G9TQ/Lun8JTd4s/pPhxFPA==
oWz6Bz65yvePNT6zbBukPg==
i5Vg35/1OAk=
dtAL/CJaRDg=
9HGkO6nu6/2ujMUCdwzDFA==
ninup0Oaz2k=
NOawyV2ph3pMw4ztMPyDPA==
OKbu7RmMSYnfunwDcw+g5Q==
9rUdabUqIBgHjJ9a64o9EA==
YvOk4w5rGJEr0OE0L1gUTQ==
D2GmyR2LLu4=
8qhpcE6J93sWC1uoWq+PkA==
8qhpcE6J93sWeR1em1Tyag==
jtWGhb5r/bs=
UFaUqxWyJzs=
bB4W7Pk6aDzYI8uRBMix+g==
iUa7eR/q12VTPvFexO2BRg==
TLD2VO7/v2n81IWYJrhL4g==
EhKBlcDfrXOyOYJZyaoZxw==
4+HdJXN6Iqk0aRvM6GZRkw==
oZ6FDdFpKRU73ZHQT0GuGA==
WGMUT+x6JKc=
0pFVwAnmfRDgSS2TcVherg==
K4kb2vzomKt6qSxpKVZkgQ==
MI90aklHphYNJrVkscz1KA==
2YJ94rwtp9FLnsh8V/HtDw==
cFvC4i9MLibollMu4ZCKQA==
cKE2HkixobchIE6ES9WP2g==
10ys2ShB00MYZD2StWeoxQ==
eSro0z3yUAuhL/mKMWByKQ==
/x5tmpSu09PQieBV/SMW1w==
/x5tmpSu09OPkdMxvZWNyQ==
Bq4Gd7lOHWz7580vsWVBbg==
zxKE3zCJH1r/PzQBlSfG7g==
a2zO5FmD+PM=
S8k++iEWaVzdrCsGgiEi+Q==
MeInppuuJ5w=
SZY/VJqBLz0=
OO6aKxEmLQv73bmxMxrBTw==
6tTIiYhKxvAYPWst/fJF3w==
kmi5W9oxnu1M02wG3mrqSg==
eaOR2wq2QisSNCMkDJiasg==
u53WYjF8bXseOOyDJgASZQ==
bRvL0eQGl9TKt1Z5haAByw==
bRvL0eQGl9TKt1Z5haAByw==
To1xWgSVk08=
To1xWgSVk08=
To1xWgSVk08=
ai6C7WNcmcQVDbHB3vxj9Q==
ai6C7WNcmcTqy8OsSD1mNg==
uoOqi3k70Gg3BB1fU/gofQ==
GLep5heuUkReZHtBQ4R4XQ==
dQ5n6HoSIYJo+5uBo8ekxA==
tHeJ6Fl9KzI9vKZLVAKHgw==
Qdw2caiSj8k8v2fNgVj8rA==
ZIpnVRtZm6JkRBJpkS6hmQ==
bzcCKaa4KOOYmNDJxh6oXA==
G40NE+8Kg/MbEneokDi2AA==
G40NE+8Kg/MbEneokDi2AA==
/uyShdFoZePoLFXEpbrdLQ==
2GXFqFGVYs7ghB187ApoaQ==
Y9MTESY26k+5Isdvrjt6Jw==
WmHqT1ZJV6Q=
L0IgXTGwerA=
UOayRn9JANdG3bGPBRJNGQ==
KjecUqm+ql11tonLkuZK6w==
u/Q4qhj2nPLmGfI2DGVIDA==
z4CGv2S1YIkRhJvN6Y6EgQ==
SvnFAcxyBQ8=
2KnPIIbqDiJ0vLkFhQy5PQ==
qCsB47sSf9nSw7Zj7i8pBA==
qCsB47sSf9nSw7Zj7i8pBA==
JacFM7I4rlQqA9njgu8wXw==
JacFM7I4rlQF7StVsCIo8Q==
eTrnpsb5IX4aO7XpU+B59w==
m8eRsdChviI=
3wh2ME8QX8lHuFUwITtbhA==
MbL/CfM42vS0b8D3ZyqwrA==
/dGMl80/KLafdXpwJDoMjA==
28/0+71gK1Y=
28/0+71gK1Y=
JsF59uGEnwTK7WODNGZSJg==
/KRT63nwLL+LJzB8lk1rIw==
IGd986/Q0F0U1ElvqHnScw==
QFQmfEkR6nSkm6chHDITpQ==
YT+5PMnPPoS76KrecB0iPw==
G+UjzZ1CSpd+ygxxIIBqoA==
G+UjzZ1CSpd+ygxxIIBqoA==
zPnjdxPnO00dcvIu6BW5sQ==
EZdk6/HviCE=
tHoi34E5GGFOTAfCt+Olyg==
K4LO++s7tnvsV0vUefP6Tw==
V7k+wvJcF2sCrEK1cl3VTg==
LFGJPgtuE7glbhFrk96JHA==
2YCb7Bmpc/ubawGJATlb5g==
d/l6tAyH0n8C/AAM+kFSQw==
yfPgM1RUw9heQBBDM4Fg4A==
umehG3TnyeD+NONL5STUrA==
eEsikcrWK3A=
AkTZnXW3nI0=
HmR1da6u3s8BzjAD2RbevQ==
7FCyE7MzDCl+rn0EjWpJVw==
53/PF+lh0Kk=
5AmS2hyYh5Y3QZIAc/z1Sg==
SM87zzOjg7R5RyuvcMBsqw==
O4qQp6UtxW7VhAgmQ5Rv7w==
cjP4eucZRxyK74zLNpRXFQ==
Co8JAnWuBT+kqjUVJYv0cg==
BkgrvDYZM+55Sv2F/ruqRw==
hy21RwVZUI+H5JZZHlp7BQ==
8Kz5lVoB8Mi+qfyUBybCDbsXXTdswjhQ
8Kz5lVoB8Miu7yfTRSDNsg==
iXoDk4uVWMbTXU6YfpDr2Q==
iyvhRwENqNMmowZ85c/qqQ==
9qWaBe6/UYVOiHHWIJhjTw==
3+XOzKPOXixYE6Ux/GAdIA==
Il9JBWfbvWwcgBdU8fE0Ag==
KY2clfbhtXUVGd+b1JVcVQ==
QMZoiCgG+ANIwK8JeLHqAQ==
n3ZhL3JQwFA=
n3ZhL3JQwFA=
ZpPIbWRo3QNxO4CIQMDyhQ==
1m0KHBQSZGI=
5p5hmkOE7lKVXKZYDHpQmQ==
IdPkNmpsVHmATo5/GM0ceA==
uImlTrCjOZA=
4YVcZrfemS4=
X+sNsp/bwVduWZBZZwGnjw==
aoKoGHLTonVpR1AdAv/VSg==
umjLjx5kar3n4P7VspBQQQ==
umjLjx5kar3n4P7VspBQQQ==
umjLjx5kar3n4P7VspBQQQ==
umjLjx5kar3n4P7VspBQQQ==
umjLjx5kar0wZduydV9Ccg==
8q1kGCuq4MdbNAk/YFFSLQ==
8q1kGCuq4McxnRp4ktwUiA==
TiU3kMDemr9cS4GLkg7fbw==
TiU3kMDemr8VrxFY1idIxw==
2OcnaoPzDccHhXJCVPQavA==
TR3bn+Wj2F4yjMU+qHtC1w==
IP0Y58FNR/IlanxEvBxyKg==
FvAH7eRO3QCmVvobkLJYow==
tZ+DRjYAeyM8BAuNxM1sfQ==
gO0d+1/qDJZrIAMoVZi1qg==
nipCrqHzRSeFotG0qYGXdg==
ge0Yk8Hf2HmG+KimbBh7tQ==
Hlk0WQn0pV4vV7Kuw78zKg==
ZvtalW4A1mE=
WJ9OXgP0Rrk=
yglXQgEkGI4=
NE9nF61aaMI=
NE9nF61aaMI=
NE9nF61aaMI=
dEfnbs3JVrGt2Agwzajg8Q==
npBIZkvN9VlC4o/huxtZtg==
HOa0BDmovAvj1QIaPyKWCw==
qJ8BQA3o9zo=
fqNrY1P50/I=
eJI1U6c6ZUA=
BO+hgnCrJ5E=
X/5rSP3zf+A=
rq2+e6z4MNXHvKh+I4A7hw==
oxahhyg8joPmf2n3Ize1QQ==
oxahhyg8joPmf2n3Ize1QQ==
MvwNaAOe9vBjUJzZODE9Mw==
urgcBaIrMUwafSci2QGj5g==
CVFrIcf0K41cA/xwSkYgyg==
CVFrIcf0K41cA/xwSkYgyg==
UfYPL3T1JlTPimcBuAWrCw==
lHprjrLCOqEOGSReeLjcilzlBpjmg0Yk
UR66EzkI85fsm/0lXYSYuQ==
vvUHjVh6N6UVj+PeNHxcHA==
HiegKmxc06o=
nreW7rcQY1Xb5M/5QJF8xA==
erojqmbZ7OfFGGESrTI4oQ==
AllF99WH5Iyu/tFMf49Xlg==
1mKLXWT455fUXIMNIJ0sPA==
1mKLXWT455c9vAK8mxQNoQ==
gSqSN+JpBn4=
9aChau28A13ZfJrauc/GmA==
fr+pIdnl+ylJ2VC9Wwt2Ig==
bnHUmNgHvjJyWQSdH6WE6A==
fJfUyk2EdpnqZXhCRdQzIA==
eWgf33Snq5xZ/7n1LitbFQ==
SYN8sMo72spj7moYznIU3Q==
ppsuodejGl8x4YPlMwy+bQ==
f9hpsBgNkQP6+rIbuR8cww==
wlNVukG7QSY=
giqhYjDlTlVEI3CoA3BmMQ==
jv3e3TdRQnOvNps2y5eieA==
hk/TJQQaenHjj/hF00RWkA==
Q/YzChbuXoY6rFiytQC9JA==
xX2VoQGuHdYquE9aVHQmHQ==
JkvsqQBohTS2qERAF1MdqA==
pukxyL9Dqds=
YW0cD2kitPvo0eqboF1iVw==
XjlYj4PGFYARACpwqlN1Kw==
nX4ItFmiSiMvVI0nOgRnlQ==
nX4ItFmiSiMvVI0nOgRnlQ==
nX4ItFmiSiM5ojb8WTUUSw==
nX4ItFmiSiMwizw0O//XLA==
nX4ItFmiSiPlIb82PTvtoA==
/6hnm2uAHDfx4qvEhnaX6g==
FtsaT6D3clA=
j0yoGvGXhM8dEEXifyKRGw==
uDdWNHObSRtOqvljD+uxIw==
7LwaenQTzG4Fi6AfGAypGw==
3k+0YUMXgYfwwBRKKtmiiw==
3k+0YUMXgYdZYryN342Ctg==
OnImtfQ3Aws//khp9Gfd6g==
FN78foZJ5PsaqTfi9gVZFw==
tGlRymiubEidNGeioVemxA==
NEQWiDgSNBJlIO8Yqvw52A==
7aQgvJBp8Xv26LmmunDmisZ8iTTv7BXG
Uqh8upUP1s4=
BuI6vu35FpHIJcVOS0Jojw==
HRy7Pota0yTACBY6rZeNpw==
Ak8jF/y1lA+GnWcjMVhshA==
Bgx7HLn/pV0S4sXFblOkTA==
t+8c4P2mdBXiLTC9UaOwCw==
D+ubDg3hzgE=
gRN61qU2BgCRRFZKZD0ITw==
40liVNZPYzA=
40liVNZPYzA=
AFLxQkYPwnIM+pzLS7e64g==
WbP47tnDkf4Lc2RAELTiiQ==
WYYJXB2bKpl73ykzK+/0dw==
S5paZPDMzYi98jxmVDVpZg==
S5paZPDMzYi98jxmVDVpZg==
cPPWS8C66PU=
fC79uRU0YvioznLdXOYgmA==
XT2UI07ug4HOz/WLeEGH/A==
XT2UI07ug4HIVJr5D39pnA==
a6Lk4igv8bbn7e6S0gMsaA==
89Dy7aJDv3E=
dDn1eZi0qifRIVeri7bQqw==
gTiGfZv88+dCJhizp8725g==
oRHg7Mn4QjafD/SfmlUTCQ==
KlkFVvjbWesWxnlLtmz2Wg==
BqC5hE2p4W6MoO7VvCxCkg==
nkhoaehG+9oTXjQPiA6ycw==
seAwdUQMKHfXt2e+przOPA==
gKFzp0ZhlXmEFq2zynicaA==
5HyZvVHjmKk=
TrhY0kbUWf1BwNA2Zxubqw==
tFPxGgHnWmdaa31Imj4/Pw==
tFPxGgHnWmdaa31Imj4/Pw==
Y3dre4B5ZzTnAIBAobf+LA==
Knu0+1c4BNk=
OBIR8CM8Zcw=
X+baPiDP2xQ=
3Z1MzEFBLVY=
KZJJvp9xFUt6qhV/eVQUIg==
kqANAIYCsv1MVZVFDBns1g==
LStUoEZ1iqc=
kJ5jVTD4Es0=
Ji/SE4AH5LUVBQvS8NW9Jg==
tQTUMt6qKXI=
4ARrooF7tCpTVa0Xl7LATw==
eYM2DnONXlrrPcv5omA3rA==
slyOKMhjAiaP5MJIWw9T9g==
0mgIbrhfmEc=
0scRK2VA4iAEu65AOnaSnQ==
NCEGyaIzvi6H+f0kA93C1A==
lq55Ib8OczU=
5M7Fop2YiBk=
SRD6tQoHnRs=
YfSQxegZPy/SX2yb7wYjAw==
CYhVKx5GrIa2MqOq454IYyBZyjkiOz8R
ZaKxP2VNnQkpg/3qaYEa7A==
ZaKxP2VNnQkpg/3qaYEa7A==
ZaKxP2VNnQkpg/3qaYEa7A==
L+ofWj5tHvjKzTp7vNnihg==
9SwkgzyjDI8hZCYJp679LA==
9SwkgzyjDI+7HvA9ZHqMhA==
9SwkgzyjDI9xU4NqtJujwg==
9SwkgzyjDI94wcvj3nagaw==
sBbk/QOE6bhdU6x8RhgZBg==
sBbk/QOE6bhdU6x8RhgZBg==
sBbk/QOE6bhdU6x8RhgZBg==
sBbk/QOE6bhdU6x8RhgZBg==
sBbk/QOE6bhdU6x8RhgZBg==
sBbk/QOE6bhdU6x8RhgZBg==
sBbk/QOE6bim3kXjg5pDkQ==
yY3rLQdGm7brJ6teLfcGSg==
j3rpLvMTNFpJF5ZM6DhoNw==
oKKDHV+dKZsG9AMi/Om3rg==
OgOplzoBgdPI0ZoohNJqCg==
xqwyGSwmnEpRtMxWwHlJhQ==
ShNCsqsaCpoJkBy35UbMJQ==
FdDcHfKg2QH48abQXkOMyA==
fwCTxRBZ3ohL8jIo4rinoA==
gRGVmpluDr75twHg3RoLtA==
Jm6+plewLtCE+6S2DwCtUw==
SjEeLIWxPCoJTfDDxnqr4w==
SjEeLIWxPCoJTfDDxnqr4w==
SjEeLIWxPCoJTfDDxnqr4w==
aiCEAULlX75yksTSi2bGug==
OiYinE56ruY=
vpnKgZt8/+pwK8TFYidvfQ==
vpnKgZt8/+osSMc+ZIm3Tg==
gvyDanqs5+cLdm3K4YnYhA==
T0buT/Zh/ec=
GxaNaxuChYOn5sxTmK1zBw==
8aNgwo7hifY=
AWZy2uUOgeU=
5AyX422UA1lr71AT+TPGtg==
hWniax1CGwf28riHUUpJRg==
xm3ynEtZ98Cxmigk2hwotQ==
S3TM46lOWyzo/mDsp8VHYg==
NdLoD1v40cMsRAcGWqKqCA==
KQHmtuyGaw8=
7sPxMJwgAaw=
WIZJ7CuxqhGaT3eIl6xt6g==
A5pX/EUqolu7GjtdN6IrBQ==
e6ZRrUnr/wNkFrjNJM1lwA==
e6ZRrUnr/wMatd3tZ8ILmQ==
PnqnHHj+kTno6yBZS9Ly6A==
RuNkXh27UxDvAxuxuNPKaw==
DdqgnKgoLVw=
3u1NkYnX8U0=
SVqCA4le2HQ=
sONNi03Et4NoOZ9cxP2jpA==
l9mGBWwj7lvv5pGtOtQ96w==
l9mGBWwj7lsCB9hZRRxPmA==
7aVrhlz/Edw=
K4LC3WRmkoNq5V+JUBN1ZA==
Svjtes7Mi780YAX0wkngug==
kSswYXJsARxbl8qdnvMXBw==
/UMHFl3o7usn9lkpm8qajg==
ZeEuAQWiT5uTH+giW9Hzqg==
IhRL+xO8+iePC8OLNJ1JEQ==
PpVsD6apC4ZCNaOcg4Et3Q==
3C2a/LdkKwIFEEssLVBySg==
MnXOD6n7rZY=
+tBGXyounQTeISC4i/haOQ==
RlV1Uu2EBnAhE43IKaTp1A==
HKzgPKz3XtzlJppOmX4ETQ==
3lfvqGgef27j911syDIMgA==
uzgMtReuYWGttG4Idgwg2Q==
9bbNaBbtRT0OuSyF30ol5Q==
zgxV5B8cFz0=
foKgZ5vWTmt9M1HaDclJZg==
2dAso2pWHeE=
2dAso2pWHeE=
c0v+KeNvdEk=
lXNusny42Tx1y5T8IMg6Mw==
o4Mu1WysnqEVa3AWVHRmqg==
74WIlxYQhweEXjT/VZFBRQ==
uzN7kpaDgdMbrcm4UGeq6Q==
uzN7kpaDgdMbrcm4UGeq6Q==
DlsEnePRZSTaQ7q4ORIcBQ==
jeaQ7nsTrEKMdH8YfdfjQg==
PFlvNO1eCUeOuhcuLmKdoA==
NbfhGrG7Q7toPGOkY0Q08Q==
2uEDJ0e3pNk=
RF1bB5ybF3SGtrrOpvmwxQ==
1S1Q160lgK5rc+H/ENRQSA==
1S1Q160lgK4sK0Z2Y6wzJw==
Bq+I9o4RjfygNeg25mXSWQ==
f+3IHygo9tU=
jH2bhZN4Fo/EmSTa7IFOsw==
51aIkglYNxY=
cvPc2YFLu2dN7BnsssgnSQ==
cvPc2YFLu2cKaGQ5kltQvQ==
qggGFIrsbGo=
SlH4+cVvIHo=
exEUl0pFgP4=
zD3im9SjT6fR5J/gJZaCkA==
Ai/SzDoBPt+UajfIN/1jFQ==
fis4PAuTekU=
7uUKhZCl+Vg=
81BAeYItsAE=
81BAeYItsAE=
81BAeYItsAE=
SvEjgm5HqW0cf+ztcVi3dw==
Ze6NfWh0BcuStjVbkbs6UA==
Ze6NfWh0BcuStjVbkbs6UA==
Ze6NfWh0BcuStjVbkbs6UA==
UvSSvlzvLyhaefDh/EU8AQ==
GP/snFkMKmkt2UHMccJ4ng==
UwBIxCNYFKMPe5Gh+cBy4Q==
4LEBDA/xQPmanLmxC0ee7Q==
53CwUEoEcNs=
CZGbV0lmtF8U6Q4/g6Cb7g==
8NkPRJpzPgUu/hhKELnrhg==
5QUTTy5sGGw+jOwaUOL6gg==
CAk5nM5mQcZ9Xt4/i2Pj2Q==
E6DfH61ja7hoQwiJ7pdYwQ==
+++Fpojm7Wg=
ZqWEQxP2Xn8=
8eLxhNiMsJY+6iWksMKeyQ==
M435cXwyhAQ=
D1QBog9K9sn6kxNAa7EAFA==
SjN0bi7fSwG6GLmuomRN9w==
aD71HtQT/EDdq7JrFDqU3w==
0mVij9rgia92o7iJlXyMJg==
XeWsPqI47zg=
XeWsPqI47zg=
XeWsPqI47zg=
orJR1vpgZIwRbGTRgzVsIw==
orJR1vpgZIwRbGTRgzVsIw==
TqyjM0X0fCbmgZJf5yQp6Q==
TqyjM0X0fCbVxaG+qI4kTw==
6xdRwkYD+V4=
oWpnL8iQo0k=
mVvAwtxQVns5sUNeqU3pSg==
XaOJ89yIfvd/Qnz14hDXOA==
027G9E8BecA=
eBiX33xiCyJ0KSB9qp3bYtuNUVhv/pry
J/duj7hR7bJh1+HleQ3/Tg==
oNSiitzEv3OZGGXlKQij3A==
U2Uhq9xxLN7Rnw0KGDEQxQ==
S/ckGtzYjEQl4tz8APij9Q==
wHElob71rNWZC3ObXb8Jpw==
5d3YbIiVaPXRbIFhmAx7UA==
w5wvfh2ffQ/O+wro7K8mNw==
MgSFJ3xgAGoDO3GzbtMhzw==
MgSFJ3xgAGoDO3GzbtMhzw==
8kGjviEMxaBdKSn8RZu54w==
NhrJGMy5V22LtlCtlNeQ3A==
/ea7dTkNlAxXTHGINHetX4zyMY7u4m81
Qqjq3cOX+GBazjrBq+g9GA==
Dsp0ulyXajoZ0RHyxUrgAg==
lwOq//ij0HZwUsFS4y3wSw==
8vpS2oAn1FLEwSq0ifKc/A==
QuwaLEbsSEIvtHsIME+vLg==
iCya2Ycr1tiLX7vu/Nps/Q==
iCya2Ycr1tinQQXakkA8sA==
ns68yDmfXXXmQwnhmY2V2hjeoZMEZ2+e
H2eQ9ZwfgXpKqplz7o6w9Q==
48CtDOX0/jhEDgdo+mxYDw==
8JDeOZQumWRVrfk0RZufOg==
PR0P4fWi69OUwipEJjYUNA==
PmuFERfKOQnl8GSOm/1YPg==
LbMcNwm39cc=
IgI6ZmLCd8X8+9fccDGzIg==
NbVd/PnvF457p6AfgWcOJQ==
rBU9htXET1GE06k47XjFvA==
/iWF7tTMWphKPyy0hwTcsg==
lG2bO1INDvOrYEV7BZKO3w==
6Zf+9JbXMTLVIYMOfF0q4Q==
CpbDGKj0xwtvi5nklHUqoA==
HG1l5faQIKQwb2hhwudSyA==
40IDO3od4mrf5W/Lfx044Q==
Fb34QMKWs9YAMwn7edTivQ==
MqfcCPQMO/uuctNIUN1aEw==
XPPXOnevdeg0thbgeB9q3vwHT7M5bTYU
kngdQHg+xGngPM8usEwRlQ==
kngdQHg+xGna92axilo0Pw==
GIYJCit+BO2pdtGQuzgucw==
GIYJCit+BO2pdtGQuzgucw==
GIYJCit+BO0xQYdqHkb4HPof0HK5ep1l
GIYJCit+BO3SHEg1OcQX6A==
gXctiRM5P7TL1eQhvaaaEQ==
gXctiRM5P7TL1eQhvaaaEQ==
gXctiRM5P7TL1eQhvaaaEQ==
gXctiRM5P7TL1eQhvaaaEQ==
gXctiRM5P7TL1eQhvaaaEQ==
gXctiRM5P7SnktzZHUzLQQ==
gXctiRM5P7SnktzZHUzLQQ==
gXctiRM5P7SnktzZHUzLQQ==
hc9qgdf09BofDYnVgdDUvQ==
d+5TFeRM/cWfzKVQ5etBGg==
EpxI7OL2MERQXBSyeaN98A==
0aQ2rfr9w8g+j2BhtZN8Fg==
gVr0ftgAK23jdNGckgRMhA==
sPnsJ5vyeyzl809W7CevCg==
D+/Ra6cT3KLlBEUZTY8V2A==
Kd94TyfCfTqLzz0fa03D6A==
fA/yrWFO1NvITuL+jw8VKQ==
fA/yrWFO1NtLqGC8dH/PZ7pE0gXx7fVfEAj4mhXHuRY=
ZDBE4BIeRNqEiwznFBIAEQ==
KCVx5LMHQabw0R2C1lUKRw==
kPMLvgPQGnaMub/RxbBYxQ==
oOPorZSIx3c=
8pCjLrv0NXxGqn5LRAVQUw==
2+we0mfOKxgPUtFktG6dEg==
3HpHGysuJE5rC82YR1ZBIA==
/v91CjM0YpJ86LezLHh/hQ==
qiHPYFqESyaUXVkvUS2N5A==
NOSOQT0BY5mKweYCsmT+jw==
NOSOQT0BY5m38NpzT0niIQ==
TAV9ZYzTh4tmnWSiJy9BNA==
AtcQGi4JAXK8Vlqpfh4q0w==
vrhuZ6/JlJiSTYl99DW3Xw==
O9uM49CWj4EYB1oyVVy9Xg==
bWlJ4GCufqOiPL+tkMBbzg==
ys2oRcA7DZ+oWqGSYoAoVw==
pPTC9UopbnQ=
VopzNkdbjd+1zYCKAaonUw==
+TFifTOVZtM=
6iqbOUTULI3TFolDvpk+jQ==
sMrTbIkJ16iRAk7WFo7Euw==
sMrTbIkJ16jjqIWd2P3TtQ==
sMrTbIkJ16i08JG2sv4VmDREY8g1oILc
+uZe0VkvOgY=
PuRRI5TTVvM=
a21z2uBpMq6JEaMkE80z5g==
FvuY2XDFdLRl46xoN/j+og==
w5qBJcmDGFuPsbCOhNGXyA==
rOHMbsGytrLdgNtvOxsW7w==
aXQSFxc3NA8=
f5yw68jfHqbnf0bSNrUCWw==
AY41EPYxHMycB2ThgvVCLw==
wm6pTHlPdB0=
AgYJqg1ozAo=
rc8H4ZUf3SA=
3uqMPqKep6g=
7HXudHRrzUHB4OPloGsyDA==
ppMUhlw9DYJnqmXFa+FvwA==
av6xnc2yovcEKGwH/oK+rg==
uKu/1xA4ZVe1xZXYDtyrJg==
fPtuZNDGbEA=
8TyjtTaWSou/xd/2Wsux1g==
8MF09tlmC+FQbRGvW5dsyA==
8MF09tlmC+FQbRGvW5dsyA==
RR1oCHDOsOhMeFelMZr5cw==
IbasuwsblgLGblT66427KZ2oMRhSZ/fR
cd+qPRQofNFXdvHlSMxHkg==
TKwHZHJVKsgakbwPAbceRw==
NfL7jfN7p/Mw4vmRaFcyYg==
e1A3BSqeY5a5hykVTazSxg==
wNOK9f67pdKMwGAD24RUcw==
+tRRnuwAFHwcGK0N3ZpPvg==
OG5WN9h6RQo69HXgePU/LA==
NMnbwVe2dzkcW3mkKO8uYg==
MulhOqF0brlibfia9jv6Uw==
9bmExvcct4TUtrA03Rs2Aw==
9bmExvcct4TUtrA03Rs2Aw==
TFO0FPmkJR4=
3loO4iYizqBT2Jvsfu5zJw==
Obzs9wq1fmQegiKCxKhCIQ==
VleQecIz2eE=
WR0k/KQb74B/6t/eLZi1XQ==
2V+Dcx3zqp8=
OF80pXyeKLw=
MkVoRAMHYgM=
M/aYnRqy1rmZPPsLBypfCg==
1cFcatcoIW4=
+40DL2ZCFLA=
0FhV/rvFlOW0uFFrJZvdzQ==
e4PW6hLeugsjBDlvE6UE5g==
nu03n+sQuuWkViScKu9cSA==
ElgETAPSFFQ=
cf5p+ymk6JWCfWJkLUX5Bw==
+RAAzCO86oM=
mq7iP1haocc3AqqvOxYAbg==
PAzOxV1LUsqKuUeTltvdsw==
oPy0fy2iEXQ=
088rHSa2O2GME20+VmqUyQ==
088rHSa2O2GYmxEKC6K0iA==
bvYSu9WNJrVcMOb7Xtikeg==
vXthwXZO7Ywo+BDAKDkoXg==
AmvEsLA7Mb2O0FZwapTilg==
4NapF9vBWGYes2Fi1xMPNg==
4NapF9vBWGaDcIDOsuxIyA==
7O5WU+6UEzDSLoxbjQXWFg==
MgO4qDYgXIXrqO+o+YQx9A==
tsGzgKrYbqcjGfUbeJRN8g==
r41FwHjl0MaxEhQX/5XMSw==
G6H9arpW7N9qVltrJYyD/A==
X+IFCIipNNUU72baOq1n+w==
dOJkyMkJft+Fyin1FCyAYw==
kHsVClgCstg0NSfJa0Sb2Q==
ZgLt+TT+W8/YUrF9MjEYsg==
M1d/Nd/luVnY0s70CD+JBw==
8ZqgVJA0FDmprmn8B7p04Q==
+6LoPW9pboA=
+6LoPW9pboA=
BdVK/bFyeO3v1KdOEnWynw==
peHDzdgkTpdSj0obro9T7g==
Eonpm50qIkBVkqGRLCYR1Q==
ZuMEvA++9tidoSupqZFV8A==
7UBYLYdRfwFHtBx/7FfCjw==
CglSoioIjOFQhWrQlnDx6Q==
zBOm2uZBv5Y=
Np3A4YqJU29aOsXj05JBwQ==
ISwV7c8hIQA=
9o4sIQNbCfT1wfoITaCrkw==
9o4sIQNbCfQusbzuyQdjeg==
BrsdeKwjlg9ikor/31QSzw==
BrsdeKwjlg8t0WD+V9pF4A==
+zT2gJaaOHtH1fmtVmGlIg==
CW0VmZwAx3Y=
CW/fy1yTI0KKtTJUB6nnZg==
FPNEP0Veowkr+WNDJAba3Q==
BPFiQI+4rRBWZFOUqgnBdQ==
np4c13L3EGLtIh6XHgm0Cg==
JM2Ai9H6mGnx/wVhmJnrKQ==
IzdYfoU6F4coGO4jW5Ph2A==
FysmrW+NHHs=
O4XY5+BcUpU=
UnemcGguJl8=
ICD9jvPsTKE=
gMoE51yTxP1FpjdtfL1+zA==
IyKr7UXT4DE=
9eMtbqS2RpU=
xymEsIg3RlU=
h8pSMGTZ+JM=
bnnPdZGPpPk=
Iy0GMV+Z1y8=
oc/FRerHJ60=
8thAFKCrZ70=
P7rztqkrAtM=
Ls5Hdj9UNgs=
HnISP95KKs4=
RxMAsFPHaMA=
WYylPCIfg3Y=
GfR3z1A1Bj4=
X6xMx1uAfsjhWpvXUXaCjw==
qpRjevllI74=
QApDYido9Lk=
NEnSfkRAPA0=
6ukJDaL6sCI=
IdYD97MRd4E=
HkjJAEjtkzM=
kEY6gw+LP01DJSR3qNx+kQ==
8FGFVkj9nDE=
3hbh+tXIMEw=
H1wfN60LNAk=
4Ri0s08kxoqJhPFj1H9Vbg==
A8EOiMLvAfY=
MLhc9o+t7aXXZQ/KBODgOw==
BYRc/gfexOw=
fZzhuX/2LwM=
u3w7pKdbsAI=
Ct/QtjRt+WU=
STfge+htuwk=
vD0nKAPCFrrq+tQTVjmqGA==
+e9gJt77/yI=
AOJy2r6qLd8=
usmTMZwMMntxS261kVPcHA==
ZH2J1Sc9AUY4uX9i8hqO7A==
jVJC1zY/bFI=
XSFQQHKVh4suHGSX5a2AYw==
EeDHgVNNQ6g=
23nOj1UZp/dGUVU5JZPLvw==
+LTnWOGB0Lo=
7Wv4CjDJpW0=
DGjNyPpAxdk=
QU/9MjYbEQA=
U1A9nMNQfC6C0Jmw2jIpUQ==
6P/AGdksdq4=
0SeU0FAKeo0=
ReOhq2Z1qWM=
h2A1GeYGI08=
eeJ3Df45LisROj/IgOwanw==
PloOT+TZfgw=
FgoFWZG3ONw=
VA1g7+YaoyLSWL+XreHwSg==
zf+Qi7YuyCE=
PuRLEgpj+70=
+SqJgqbeVM4=
F61vF2nYMg0=
SU3ZCnQm82E=
YnNDIljpgSw=
hZvZPslTXuc=
nzAcn3vN19A=
7s+OuEJ4M6jhsiDMhYchgw==
ZOU5iRyVjfw=
kIf53d4J29I0NbA9MHtNuA==
CS49WaBHyJY=
K53h+0miaNg=
/bHSVsDHkFc=
YCC4haf9JYY=
VPvR2/7IaKI=
/VT4+1yc3fM=
jOjXs/ogE8I=
SF6cWFw6DFc=
cdKEMa1E0VA=
oJ44fxQ882h+fAtk8lpwOw==
B1OXAz0324w=
kYT9kd64+xA=
68ZJgQ4uuRI=
rJMt+gO77mTmgyK5p73QqA==
cAea0cT1oZI=
LGtMMpw1hHQ=
PMnIqPjaDjY=
h29iM31tiatyEpkNhmMRQw==
RaMvgvgiBe8=
z3di1ViFrR8=
WMmBv8c4n4qmKIr+GCcEJA==
ft3Uk67f/zg=
n2+RQIglIRU=
bw26qq7+uYo=
BsucMx1pATfRnY8IEZHKhg==
es17qVRANIB2IekUPinQfQ==
FINAB1wwc10RUojG9a44Ow==
lZZuoFATQhBnfQdZ3CsvMw==
akfUiPyBTTM=
85kHEbEih5A=
VhgAkEN/w5o=
jjjIyXfRMXJRY+Cq3La2cw==
yHh0FNuzgVo=
iozB2lA6hh8=
IS0HfOCRgfU=
v+hxoAU6m+o=
ID8kD1OKyo0=
jlNmusQnzVA=
PMkgp2AHOqc=
tKfeMQwk+pA=
lRiA/k90tac=
WBKMaXU1mQo=
XAVJCm+v4Vk=
1vOEYdZL8+k=
iDFhN/VDWMU=
j2/J9p55MLaRr62G+NOmqg==
EYfcYt3Y+GE=
JSmqVZcH+OY=
Itt2CXAn7Ng=
DL+DbwPXhIqSl2ZCWFjR5w==
INfPd3pw37I=
d2gDQRtJtbJ7sKmQxp7Ztw==
7HIm5kU8rzsRxAp9xcWONg==
3/3Mj8WVdEg=
JlqmUQo5scA=
uOGESa2LVYE=
kYstWLXyq/E=
9aeGrvJ60Aw=
4mIoDWMylCcxkdeln0NjgA==
GSG4Vg1u/vw=
C6BwDxDwhAI=
0oCCL4VjAQQ=
ySRhn0qWJhUHK4nyRQJL1A==
mVt9kpRYBM4=
hZcdsb2lgyYkXvvLvEVbpg==
2L8Wz8r7dqI=
KmQ6ymrSEKs=
6FmHcoKdJuo=
fIJ9UH8J17I=
SLIX4UekveM=
IZ/ZWNPmxF4=
cOpI2XHQ6Wc=
9Lp7t6+lq20=
Q+Gs3Z5TvxU=
2UNPQuQetn8=
67XP3EKHM3s=
voAoRNJ2DVo=
aDOrKeFMO7c=
XorWx6KAOrU=
PXy3upGJcJs=
Gg/3v7OnC9M=
6+buU1joZYhJ+AZAFr28kg==
TvyC57cDgDNve8CBnpt9DQ==
9z5DkGuXNkQfypIxR0WwCA==
pDSHG02sQeI=
c0gVUydZWJo=
mdBAcn9aw+w=
mgX9B5AXxlgFe2FmrSpwRA==
SLTWznbMNrM=
QcVHFFqRO/s=
qTDrwgqUHNU=
eMIQbNARXkI=
rkZKX0siql0=
dBIJxpvOS4E=
q/354QQDIvQ=
cURpa5yOjGU=
f4G5FQ2jbRY=
emK+nUpmRfzeoqaM3ziypw==
pzIthp4r3XU=
b6Gmx/wPyVA=
Ou92LkpIyaw=
7ZiMT+RF4+4=
yMQjmD7V8qI=
8g8c3B5PFAg=
WMOPHpRjoXU=
xbXBYfB15ts=
eqJIP3tImx0=
8rR1RXIFC36GAhsGDmgcMQ==
AE6NrNjpZPGzp5UPaIPgtQ==
fENJNvzsQwA=
8Xxc6C82TeU=
KheRMQ6yX2XMpM5lRY2HJw==
HT+AxtvYFME=
7U0hFVqtyqE=
ZvK0ykMb6cE=
xIrL59Jn8FY=
UWs6d5PkWbA=
m1Yl3REmUaw=
hpGY85xl1TA=
Tw+fRqDRhs0=
YSq5sHGEkAo=
gwN0zugUcp4=
mUIAwbSMNIE=
9+LkzjSWSVw=
H0siuulcGY0=
XzFm2IRz7vw=
En5RBFAY3Fs=
vL/ONIAj/HI=
I/JOafg1HfKqfZqN5cV2yg==
xv0yF0grk+bew7gN1/Jk4w==
mh3EoEg6CFA=
tPMetlQ95L0=
GiskT7E2Pgs=
aL1qmKV/4HiBTvbXrB3xJYAPIMhZnknOW8IGs1qf/Dw=
3w3q3tAbDyM=
jMtwZkxkYdo=
SDIB50MUYv8=
rT7+2ZTpD1Y=
sjjxCHBwwej3v6guN2SYSg==
Jva4xXPFxqg=
MNFDPNIJpjAt7AuVy5r65A==
JwggorNWmxI=
a7KAsxkHKD829Q9q27nHXw==
52Ag2OelSAc=
nWWUbkkgXm8v0dE0PyyleA==
3CSkyBcSKqo=
pytzkMBsU30=
XJ/p9iyP4kQ=
ld+tpFfTFLE=
mG93jRzx06U=
fMWwMKfXvFQ=
zVt7jtD+COjdgQ8XLaOGag==
JrRYqlLOZRbOe98k6p4PkA==
eYXqvvu23yjef+zSTJtzIw==
UxKQ+LKJt60=
q21EuqQqBJM=
S5ObGUFN4h0=
0DdH5AX5x3w=
YAgZYNVXOtQ=
MAeCDzOW19Y=
6E+GY80Ebh4=
hVTtM78g8vY=
7UXzuOVHPHQ=
Hprb9t2RLQk=
vkbnFIFMHaY=
Wx0cOMSh4hI=
UCM2+3Iq/P4=
notcA3PeWCc=
rwfQN3/CKqg=
MrHB2GFi9qk=
YueHm6wDumw=
HZncxb+mSMg=
cxtn6DY5GBU=
YfvGJKdOw1A=
8Mn8XHEGzcI=
JLThorUkLvw=
acIDO+TZJvA=
R0xm5sDJyfU=
f+U1lG3mr4c=
BHXeZxc3gbg=
bERyxhBOG+Srtzyo80rJgA==
kIWwogOhgkQ=
WW8aBOqLMwI=
ShYqelQWbT0TYuIdULpU4g==
43yLF6fX11s=
+1UjChzhw1g=
hlMs8Ad9ssE=
kO/dNUtUtsg=
gCXoVySBE7w=
l1D7wQtc2Rc=
p3LnTMMv9JM=
ki1Y3LE6hss=
1e2bExg0ijk=
VVhax4ghbo0=
BfEd38Xtnu18a9zJAfRwQYm8UO0JAtau
VNN1f4xlxsY=
0jTketzkuc8=
pi6TaWe4FiI=
TPffjt+7Zfw=
uZlS80OsW67r14okI/zG1A==
DK/BzyzPZxasd9Cf+Wbyuw==
ioJz28Ui9NI=
QIl4SNuXIXs=
ljV3WNh9cKM=
lB3PE9JQNDs=
eNL2zRXteDU=
qr4bZ3/ZVAOOSt9jX9Dkkg==
dTmUMqxOoFc=
1Rtm8HmXJuoEem4b8xCNPQ==
jUSCsOGotys=
NfY96DXMUmc=
VL/Y4OS9d8gztse8aoQeAg==
h1VotgBOl44AJn/K/sX49A==
5NnEgvLadnY=
Fa9/LnXvwew=
Wee5u77QtxY=
Jj3H7bPNsXWCdcQVLAlipg==
H3rwzXvqEaE=
NcQt+L1XRDmywn8TTL9gtw==
77D+pD9jb8o=
Lhha3JGIcJhD9uoaCe/bzw==
FbF0lYmcFrw=
yc4e6pTCdkBlP0BZzHN/tA==
kdYu8Jvw07Q=
WjmAtDpE0G4=
u5qf1wDLYuw=
cwSQQ64gfaE=
PmXxP+Mdof4Fouq09vPRZQByv9uMJnTk
qWlkXG0R274=
fC0KBurrTAw=
HDRs7jdEG2Y=
EZ2/Ug2ws5c=
76YmBOXS+JE=
pskl5RcQfvo=
bCPhhzCE6kA=
laXb+TZAkWc=
dOa0cF7zR+s=
cE/ppJVSi6Q=
vqCLiMvslUs=
fHKMqN2Epcs=
0xyFhM8prPw=
jzi0kIb/Zxs=
Tv7E44wuMvg=
sj68Ukxiy48=
/hm2SpsuI8A=
V30tETqBPfw=
59Z9n/p+Wo0=
WaAGQQ6n54g=
Jzy9kwPRteU=
7KjNzOp3nYo=
BkH6dysCDQM=
SRDOlFrT+lQ=
88ykuueQVAI=
T6fqRlAzegc=
75UolHHbONA=
P1IF6dSkNAY=
CQ30hZVuI00wRDEtfFvdWg==
8l9epvsv16e2Zz7ePwmtQg==
WLx+ALZf9xn0pkLQlNiUaQ==
ZdrfMw8lUik=
E9kdnU952Ko=
o7APB6LKD34=
95aGuGa9j3JqOEeU3kuj4A==
bd9uM6xHuKCw9GiVFfmuNA==
APShomfcLcQ=
APShomfcLcQ=
YKMXFDb5a0b2M3y0QrPdcw==
PrxNs1gPfIUSeVN0t8G/1Q==
c77MEoDvcaU=
p/V1fCJaScI=
V21QYWePvAQ=
prPq6xTkybs=
6dxYc1ZdYozW2XmfGOXeuQ==
BfEd38Xtnu38ZCByw5g/sQ==
f4di97ZvCWk=
QkmrOGNARxA=
h0jmHnoWButk2R877idd7Q==
/DSvzxZ2o4Y=
OdhakoZrhqc=
GNa4GvpP3KA=
uaPK/VlqjE7kMy1fOLh2Yw==
BugzLS2hoTpqa8FGqLtk6w==
UMlQzx3xgLb/zKzSQx1WDw==
fhOvubY7ysg=
4ZJgbEBx2f32/saDkkIFFg==
Me7gVU21LSo=
yxJIlmlnrcY=
fxcpmwn9jY3sEMrtfzc+yQ==
lz7ZCVnoillPLaxo72Pa8Q==
YKDaH7TElK0=
BcHKprvpQyE=
V6N1rlbdinCKWKHZs+jAmg==
K0qHi/zt07Ut2OOrZg9keA==
oNly45vJw1JBWiFSN5ursw==
Dvl5WjLb2qVvR9jyrgQ7Zw==
ybnog1Fvoz23Mqp0b57yOg==
6NYWSUrPp7k=
6NYWSUrPp7k=
jk5xGkajUGZ0UiXp4fJ5JA==
4XeNicYRzcWZX1hd8l6vqw==
wphRoNKnDRmIpWC6vgyDww==
7SVp2nUVsIk=
WanHiCqVsRxP2tIbmfEqsZtNPR5T/K0W
1BTVtSRjwKo=
f15sHvcdH4A=
tx7yBZ/2oubPh8CxXsd24g==
+D/enkecHtTGi1kKZU4B7w==
DOmURTFIKhgw4QCSUJRX1Q==
a/+URnM+yS6IE2vwAVy+GA==
GVCOkVwWO/WalWJ7hAIBcA==
tazfw7gjW090aWZgBB4CfA==
9r5Vqt0D78ic90qiIejY3g==
jn+aOemKJud635VeBZHoXA==
NmSKtM+SPhc=
uT0s+A1kMFvvA6gJ1hu+DQ==
teiDFnU2wJU=
wRTFL6Ej5vqRe/xRy+Sz9A==
TkL3Ue4jl7AIgozzG/xf8w==
1npAJHe9YHc=
5D6KazPP0Rc=
KS3u5LLYRSiNikJU4qgIDQ==
zzK8c9SwesZh+iqV8UXcXQ==
OrDVKQnEc8Q=
M45vvVrF0mI=
S+6RWjRyXQHdOte2+UWyDQ==
OuVIiIMHuT0=
dWY6W1lMWxhKqIgnwo0XaQ==
m82XO1lyEwE=
DISSqz6+ptUam5HV48p2jw==
AyxD17wXZr2+bOZF8n7gkw==
697lZVRPplEXSnDCzysrRg==
tnujF3g5DRoONJrZR4OLmQ==
1SSK39xD6II=
HIxOMuH7gj4=
c47r5bWkw48=
dZVJF9UGKL+LBjKjMZzyQg==
41xaXMQFQzooI0w0SW6kbQ==
CrzSwgyP+aU=
IRzA2HW3u/E2yXMnkHU0kA==
wys2lVKCU/07qzh3nw2o1w==
lmCZ64Lfi3ELAo/eqQ7zXA==
DWXKypwSS2u0yLP60w8WNA==
ke9WqXUQqdbYvHuqTLWj2Q==
ayaEVyx4UMw=
1mB3nSQ6vWdQTasv4fJbqg==
mHRGpvVDE5EYySsMKVQn3w==
BqGcgrvV4lpbIDlVVDZJKw==
t8X2WAowFVy/MGnrPcLQew==
Fu76wJV3gEPZPTW3hYyfOQ==
MrfyCpYmF7w=
ja34/o1LUsp3B4VJjO1BWg==
SZMCza/4d04=
tP15Ct4aA1o=
riBfoADZBtfHefKJwc296A==
wXVRMayozXm6FhW3tFGazQ==
X95uYHPn2km+gx6Tt2gEQA==
1MPWa+3/kaM=
LQF976ho/rcYMT9vL1cLEg==
Usp6KchPZOg=
rTZ5F7Wa2iI+CddvyPnwEg==
cWlvXzAf0CQ3LkWUTpDglg==
4+2xx2JqJ9GOAXAD9r/Jfw==
5VQ4IVuilso=
g4F+2TrVb24JGefSy/YPbg==
a939vl8eyCdDExdWSGh+xw==
RgC4nOygSfol+AaPWdIPIQ==
68gf9B3MTfQpryaWNgIZ6g==
qJo0QOxINPxmC3rQ6Ha7VQ==
bKo+HxMyhP9UmK3PP6ip2w==
oEVlQ1B1PysFSmAK7s6/EQ==
oEVlQ1B1Pytb3OZ2Yxd6L5yDh6GrhGww
oEVlQ1B1Pyvl8WCIbuMQTPptDQz7MVvn
GMwWNMikWFP2PFw8Wdts2A==
pGfFQuXOasLNI2I01e3r+g==
5SBbWftLnszU2fhxKvoYhg==
x7cve8X8zF8=
69u9scHHNcc=
6WuIAOiY7LpuioFs1uNbtxxz5yeEhoxf
89Gr6vHCzhQ1kDJBAMi7CQ==
qzEt5THCBQR+dM4qArIzQA==
zwCT6mocvLo=
OBN+noSc9DGXO+RegogoCg==
pYlmWCrof68=
4NcGZ5lJ1f0=
53efipRoyj4=
gijKG2TGow4=
DISJv4BSN0plyn3/cjBA8A==
+m1Folki9R0=
rPVo2DtBAug=
OfrOZdZpjnMoKv3eqPowWA==
Nz7lh5om2f0=
qaUxvISZhUQ=
ovPqmd7apxtxlaztTQabMw==
ovPqmd7apxuEuW2BMepRKQ==
tlzqI64UvK4=
nIa2Docs88A=
nICwO4W/SHU=
DPYbJ094VnVnqdKzmzb7ow==
RLh8MvMNL4M=
gGhupMMYsXyuXaONnoiwxA==
76U9vdh0Fp4=
+el05Hbn0DnegrSKhOiZlQ==
7Va7yVVZifRH6nR8rddYbA==
1pC3pGNRHcPInzb6CxvVoA==
scgcYCzoOP+DWPDV9sSlUA==
ZnhBQglWGh+29/0oAxfbGg==
4VW6dxH6qCE=
cMw/tAwNXlw=
xFplmdm72ZA=
6V8ihY6H+P4=
15SlwImJoqJ+eV2+iM8OYA==
f3syLYQkPkcd6j0RfpOIAA==
iBbuvV0dtG4=
YBbSkY0m+ak=
bLFVPEK9e34=
ZOIrjZWVd2leJ4QEAEV4OA==
Rp/Zptwwhd8=
2+PrdAO4edxib1keW1aHNg==
d2m+S6VT334=
diNYoagKfSc=
NNB13+03cblgC7tu9fiDTA==
IbVYpBd4PoM=
wTbBYVgBM56HGtd00RT7FA==
xBBshJERRiw4c7wLGUHtOA==
CLHQxLgsCAI=
NWicJHEHLpjHpbr4SDxUng==
Ik9wESNxmrYHQ1ZS+rJmDw==
WLoVcuVfnxJYrzdwV7MpLQ==
FbFoJZ+C49I=
zDUQUNw5Yvg=
mBY3VJN3V3rkiP8Zn8sYmg==
gdk6XCCAiOs=
eAGvDYbJqNQ=
0WbJ9P9ql/k=
AZb8LxoJE7XVYFWQiqPWSw==
tamJYikyc34=
45T1ZI5Ie98=
41KaZ0Xs1Fw=
C8AUtso5AO+yt75On9Ff7g==
vxQIUlcxYS6fBrHm6mGyiw==
Phi+9D9xYnqDVHYGLnymCw==
hXMED+RVeoc=
yYa3ISoeemI=
bCBqZ8v6VKYXNREgMlj9ww==
oFoh6igdNMjMxC2FQ6500w==
DNCntLtj+ORBGXmivbncbw==
pgEgUaugsU62T8Ewcgep5w==
iZ1bJBEO6ZrryTT8JN8rBg==
ovNBmQ6Vr/k=
5Y1tbKYgko9Ndb5ZtOnrQg==
g2K28Kq55WPcVSGPhyoDig==
s+AC6lWz6F5gLmMU20Rd3w==
3+vUvWUGgtSNOXXSjYtGqg==
KgfriAtfWc5+kn/A722wmQ==
GOiqU1GSo9s=
vFZ6/mbAcHdNz7Dk4ycjhw==
vFZ6/mbAcHcNb1Dgg7FylQ==
cLRPlKZmtPxVo3e98OFoCA==
JKGBHaG/dLTZfyUllL6KbA==
xLnOFygWhG2Gxu9xD0Sfgg==
y9mVadclfEw7rD7Q1CqqhA==
vP4sUEaNLjla6JDQiwJHDg==
tH3VbZljg7M=
Y44wUZrlkE4gNtdrymFmsw==
EP9ll53xEXNEyVx4jdWGmQ==
lkq37YXBEFM=
AzIyVDKpwOU=
Y/dpZ/jCAWBfpufW++f03A==
gsvnvi47Mgpibu0LPR4lMg==
gsvnvi47MgoZHqt5V0ZJug==
x/L+IThF9ucpCoEO62ugGA==
FItbhjSeTZM=
ZIoT4Eq0iyV3iPLz1e9t3A==
/SMxqxWmT9i6OahDktTeFA==
C1nW0xVQMhUmKqbd690N1g==
EoBjH30EgZrliaxE5pb/cg==
EoBjH30EgZobahDLTCRFmw==
Xm1ZAhyrCJmxd+1AAuQHUA==
7Isv00Ch+PKnSz+iDuHg0Q==
jfe/1zQY2J0=
vojaXY9xI7+xysTHqVbEPQ==
S/YXHoyQSZpbfPkZDb2taw==
SF+76xAHNa48kolRv/pmUA==
6fk5NkgLQEY=
+Cgg+jUKX0M=
AEkZGEHs2FpstJuO1g899A==
RH2jX9kLmoBwbf0ICbqu4A==
OL1Z9hF53Ho=
4hG52mkPtgI=
iHFlNmbROeoPE0LH68XHDg==
aQ6zMuma2YM3Lwj4RPTlGQ==
hrCkOTEhz36MZDLZSxPa8w==
qCKmTeY8zEo=
X6tSdyvvSRTqnfLftwImmA==
+h9M5Lb6iGK7l4F0qfNP/w==
TgKaNLvIEQX3zAHYaV1o/g==
yRYCaxcS3jI=
42VaB4YvT7U=
NI7umB82Q4o=
2nT8XsK0dAo=
BOF20Fm+q7OmHw8AaXDeKw==
spcVDynK1T2CJqDSvy4K+g==
zOg4pyEjUbw=
+PjPPBas8EeVTfUySjpc9w==
9X6Vb7fu6MXhoXBP1m4r+Q==
UexO3j0rVyw=
N6wmxQcN2Bw=
tmplsDvDFdw=
tmplsDvDFdw=
TLhsNnLH6mlcdC7NnFKi3w==
A3fDVUPTmw+vAGtY8uutNQ==
UcgKOoSq0Zw=
pRJHxEUPohJ7P3tKSb9xfQ==
2seFF3n1Amq+oKPkY7Mkkg==
2seFF3n1Amq+oKPkY7Mkkg==
SDl+tw+xU9776lJtlIli/A==
wq2fRp8++AO5kLmmSZNZug==
vMXqhd5fw8k=
9BGyKnRMq5acwPD/uypI1Q==
+jfqgf7lsqvuHu800mqlkA==
C3AZOqEocHk/gOXwTD+bvg==
ZwTeD52oxY71V+x8Y4gGlA==
DPnUWBfgHB0=
TskslNtl3jeqAhBWCNONKQ==
UTUVGwcz2zjWlw/U8Z769A==
DiRYXtvdMGU=
W6adD7JnsGj4CzmYKFUXDQ==
O5PH1NcG57mHp6rnRo97+Q==
8AgFRoZgC60=
HkwDBsMY21834ZB9VK96vw==
HkwDBsMY21+qVVkEbU14/A==
qo6BFOhY5N84gE6wclcrYQ==
dSxFW7nRQ1w=
LbQMDCD+u3s=
3Fl/9gi0+yh8N8OkwCHijw==
HopJhA1Dh5lqEbVsMWjR5w==
pBZjVzQ7O81WhUWJI1o3nw==
VucKUSRVKjfOgBF4c9cqXA==
LdBRJdSeu2U=
04pEuTbc5zTEAQ3xy1y3SQ==
m68XzIwYSxFLyOClz0ASew==
75K+cqDt/vIsGZYRG3xWcg==
3HXAtgEs1n1YHB3RBs0OLw==
0FDgn/VMkweOFl6ecIVakA==
SEUnfyHo4WbrtQlBNknbbg==
b86W1hWLIaN00GBSaSshlg==
wAMx9B65KoqVho7C+8kzAw==
chREwUOItLXBn7oezzxpRA==
fXkg2D0cBIw=
DOZ470e7fmGC3WP4cs6yGg==
0arPec7U0L87htbOLBO74A==
/v7iXk5KwB9W5v4RJsiqWQ==
ZHraE+li6ZAC+SbF/93sUg==
1rdlstBkAsd7lxvqts1SVw==
4JnS5yikLV2RW6xstAUe5Q==
1it6+R7+V5ahOSFOgf3Uqg==
1it6+R7+V5aL6a2Ql/ds4A==
/GVx3ygFLyN1j7zpIYJdyA==
8QdZGv45N75LROPFk7dC1Q==
8QdZGv45N75LROPFk7dC1Q==
PVLteSacj78=
BiuboNvKNo7TSgme7JLJvw==
541kWd1IXJhbAR1eA1unHQ==
O2gcPp5Usbg=
GsBKCratZ1X64HaeJN8yzQ==
ff8szbMkhxRIgmG9qVAm3A==
GZJSQ9LTGKW9qoT0JU3Mkw==
q40fSx+83aljuhwsaO8uww==
hjWEJlri/aQfIoz846lBzA==
YpqRc0a408cytGB5zYJdkg==
fjIafNKhF4VrgRW3HLjAQg==
xxJY5zcdm8g=
wfRWR58XtA5uBNQD4cVRkA==
CL5O2Wduv7Q=
9JaooGLAMPs=
sCFog75wPWEqQRZsojH10A==
jZF0B3FapAI=
IxW8EoUZBwdWcCOUN486TQ==
/QQ0AzzRxXg=
vxrfGnYqtFQ=
EUyo/RBd6ZU=
q61hK8FX7s/6iYD/7iB2Nw==
q61hK8FX7s9HMa5FiwW0Zw==
31ykM/uYaR2IeoyYYJFy6A==
inQ/cRoS7GE=
nWtGEJnrl2bNb03SKjKMKg==
29grC7RgXHADpGf2sFcWug==
OZecp52VeNwZKrhFD+Grag==
OZecp52VeNwZKrhFD+Grag==
3GPYORX0fyg=
le+eLcAQbPk=
LbaDZWtJ8DcjISkxuioEDA==
r/9wOdYbt9w=
424QPKApa8c=
x58/U/OfU7Q=
kuyoRkPOP1lFWJflOUDniQ==
EA+F+2JXxm8=
Rod+klaOk0cRjro3wTzQxQ==
ervmxmovsQM=
tnWGwRFFjPQ=
6HugolQhjQaTTx01BuKftA==
7Zvg7e06z40=
iQZ5EbkALfhsZbHIzYqdTg==
CqBWXp8tIGhFfyonE9/XBA==
Qv7F5fNkjvvaLKDz6peq0A==
7iQFggtbs+w=
OX03fh1TBzMWhWpnR0gd0A==
9rQzDVZTj/WP4HdPx1bGrg==
lQchMsurKZs=
YYi54xk213s=
En6QmcUm1EYRgFHIGm8RQQ==
18mCZRQ0DrqmT9Ql6okw2g==
pcqJ/4Kv8pk=
5Je/PykrLYg=
/8eIxqdnHFg=
ls1ZWjtNwAA=
UHKTEmogu5E9tSrUPs9fJA==
UppGtORCMF4=
lM5uLzNyyShX2uqVW/IFSQ==
4o8grPHd5pQ=
PcpKoqQZcQfNMvRaXcWGFw==
HaMTKREuyCQ=
jL/+JjbdUDyHwj5024r0Fw==
u5Yyzlc62+fIZjxza6SV5g==
llwDWnlOpIsYE3iL2bAQHg==
LOwERCUBusQjZYoacnntjA==
2kz4boUZTBJOmWpv/t3N2Q==
fTMvhY7lMt0=
J9nt3SHlatQ=
IdqK6qcmTfQ=
1wIAtQUC/Pwr9MyuWBhkqg==
4lzGMaUw7051B1SVfk27XQ==
bVKxufSaVZI=
rQ7rrrSV+hb35Gpz0zBZ4Q==
S1xXWNdIJf3d4y8v+JHCcA==
UTn7kzi7S0g=
n1MdMDl05IY=
pYKcjeM/jbfdl959sV9gQw==
lTt5BBtNWxv5bqh+05Jhew==
QzuLjRv4FEg=
J4rQpjg62TvwiJqRn4iwSw==
/joVT1O0JtNM7nhpXWYxVQ==
yYlmByft/guy0jf02FTnfA==
UDGCTgTHhpO+EeZCKlb7zw==
P2vF45H8y4U=
5BruajQ4jEOpeZ0VZjzeXA==
3E1JgOAYBqc=
60EXPlAY4J0=
yPfA4xyXxgOgILMHGG72jA==
Q0VW4cWZRrM=
7RKqHc6sa53SYF5KzkKRBw==
iyVskZSKwSYSo4nNzMLsyg==
e1xrAe+eqbM=
BWJOV8alBGE=
UFBMKmWt8+syJSG39Xzwyg==
UFBMKmWt8+vc9IfevkfmcQ==
12TBMyS//6c=
m4SCfM3Ix/rw2EriJAWJDA==
q8q9/Z0xB3SCzHXtK/ms8Q==
/G1xAK8tZsoFHvvAI/wmAA==
/G1xAK8tZsq5BSw/103zNQ==
jbMT8/OUg4vzCXgyjMOvGA==
nBVTfmyTyjeial/YjUwkew==
/hVmq4aMQDQ=
KhAyMiYCWO0=
KhAyMiYCWO0=
MCgpdI7m1mNikP4q2KfSuw==
7edKf/VlC80=
DCUa1qhmJSo=
YVspfdWaQ7Q=
UqXfaYYIKgM=
aYVOIumpR3aIKiaUYWpH/Q==
X2Ygs5uDHyo=
pWT6A23jIg6BS8shGGm5BQ==
NmrdbAJ9uDs=
iuDs3OG4CRU=
VqCqqsd2I/ibPh65mH0b1g==
VqCqqsd2I/gD+wvRpHROaw==
7NAq6pD6ZOty465ZWMaG2w==
fY/c77O9zF4wLo19vuf5gg==
H+AcXpjGAZ5MbDwTtCmlEQ==
teg0npBjA4GARlsicapkdA==
Y8fofTKj6lY=
UEZ4fU5QCKne+mmZyOlCGg==
1oI0jvqS6FHjfktkyGIvwg==
e45Vlfdanm7HQ9E1dqaLaw==
TxQp4xKbXwKT1g2LCqYwkg==
IjDncvJLMdhRxhE/+ya/BA==
Vs9ICRtHm7I=
60AXPuYJMXAsvTSaHx01qQ==
2RJrxGvmQgI=
sW/FBW+QfmqY7eVMk/rxJQ==
I+PqXYqWYQE=
anqjL158RNILCaguSsN5qA==
tVWUGHbg/XM=
Z0gZq5iq9Y/VH8VhDzd9Kw==
zNKkEXQyd9zapl4iMYteZQ==
M4cmHzFiETYkktfj0LKoCA==
+Is6j3RTDaxs+LY3rjC8VQ==
Fyd75XPy+Gs=
44BGecB//Pw=
ub7S3oWANYdSp9l+o83EMA==
aiLHNCoTS30pjP9Ylxx6RA==
xTO5Ui3ktx4=
P6x9O9B9cek=
QKGfoHAH/hS0fp4FQOty1te2c7HlUuCR
6CF7B2m0UXW9ICzyv7e/rw==
HvruIdWqlcA=
4YT3uryZPqKyEW9+N589TA==
90EhRm5nrGk1an6LPJXULA==
xhv5S3tlr4JdT16Y7b5eOA==
bTmkdZskMzYtsoFLNTPApA==
IDsPmcbYW0/2o8aFXTcU1Q==
ZwArNMp4P9d8Kmtefyzznw==
YPJJqM2eNNW84rxn/A+wkw==
MiZr55g8Ljo=
OfDmjYYjqhmpq8/kJ+Isyg==
u63mNG2jeOc=
E7JN99sHASJhc/IBTllSeQ==
Go29jF375v4AjapLZL10ag==
Wav8XnYWy8st5LaSZhHLpA==
HcQrmiV/D4g=
HcQrmiV/D4g=
F4DhFRCDQ+s=
CtwFV60vsmk=
Hrj23yloAVrstyWi+0de4Q==
Q8D713GgvTPs+xGDuyKTwg==
uYqLG7yevHJkHs2ofW01+Q==
gwBLiOIHDr8=
lg+DVsKGnvvcbfE4q4rKbA==
Iyd7p5uHgrcQ9+Wy7agQiw==
VGQYIAhD+f0+FwXN7hsk5g==
JWJx/Ek7p2BajRgExustoA==
bw1me+3JrONtpZHeDVudhQ==
aD3xv+3OzsjZOA3722CIhg==
SfpJ2yaJkYnx9p3g2h0j6g==
X2W9haBbZ4ctbzW7l3zT2A==
4v1tka8reuI=
fKGl1uP5Zd0=
MDgvBsbcqDXf872Q4Egpyw==
iG8CunexL0x9xRZZFycXuQ==
5PIaiY0mxb5cJ7ywVxCVuQ==
VdUhh+EskiXvaw+8Nm4cKA==
z0oelhThbZ5wD9OW5CT+Mg==
aNVAY1RC6uUd1HedPuGO8g==
JhAOfuTSVXcSS5EJfqNLiw==
AM1kHij3RCAV9fDARiriFQ==
NN43+zjwkdY=
66ZL5XJ1/w8=
dqhOciZdTUHrw2swydMvQQ==
KBtCfqGxRw4=
3Fv41EcIsLw=
eOyRKvfwvvg=
mpZbWXRssYk=
13ql/0Qrn1c=
bMsxt8UEB4QBsYphgLq//w==
7ZAJGV+6Imp58GHXFHUXSg==
+cOSYVbKyJCw/l2Vig26vg==
ooqE3gxc2Z8=
/ueiCgN5RXb5TFQaGmpdYQ==
nT1ruNqPci8BeivvaBuVQg==
HG6GStBy0bY=
OOsiv+9jP1U=
9TVem4rYAFSctZ38h9hryQ==
eLDWAVVv2samtLapvdJseA==
QXSV1eZcXAc=
8sc2DexWD+g=
O86+R463Thqox/sDY5Bfjw==
nBXLbRJ59bIXiOOt88uNJw==
6eTV5c7NiN4=
zEcvb1BhZRAeuBBJ/WeH2pTSGsnuvRKY
c6PtCzISbdTyfjpbFZS2ZQ==
c6PtCzISbdTyfjpbFZS2ZQ==
c6PtCzISbdT0BpJzT3t6mA==
udkgs6CY4A614S3BKCRqRNRO7cIHQHTj
/bINZyRiihk=
Wa9jpDBBqIU=
z7SEL1Yku7E=
myK7znrq4Hc=
pc7CJNSQGxw=
2EoxuPMGf6ghmONq7LhvTg==
2EoxuPMGf6g7WR35wvbK6gn51kLtFJrs
3rpwuBWscaP+MkEHFwhzog==
5wFkwA2NoiVsCjeSdt4SPw==
0BkzswuLPRgrxbcsz5Bpuw==
zFskNztd0o7CTpNDy9cFxg==
zFskNztd0o6Fswr78dIIjQ==
il2pWx+2BegKnXsE55/uYg==
Beqze2DBVhI=
XYzUwhZmvyY=
541mSkAFlho=
wc+n9DYu8DM1CS25rm54TQ==
lLqoDTA1HvUHFS219ixqYA==
1/lxm+S1BuL6i2B9NH0ZeA==
77mM4dKPND7tFNtLRJFq9Q==
dys0ub9xN5g=
Gqme8JFlyGI=
9NCcgvNVV9xNClMqYxsFRA==
CjO3/0Wb/p8=
wnDgvSKga5/NZoJmkCkCKw==
QkmrOGNARxA=
Hs94wkzGc8+RYpVEawXd1w==
wen0Q8dq3AQYKr66gd4eOA==
kAb5dIhLtRFrzGNiJqS7Yw==
aiL+US6oKHrnyK+8G7EZdg==
ByzSZy+3ZxGgrMUdt+sTJw==
jGIjiC8JX401AXKC8xnWbg==
FU8XfFxTFNCzJrG0eIWjSA==
FU8XfFxTFNCrfXXOWmNcNA==
bx8gxZHP2uSB2hrJZrc0mg==
EGlMSwNIz1hLbkordh4j8w==
TtJuKFS9SVk=
qTZ9Bf5scyk=
bhj7tp9RHOL73KdlpG7DHw==
0Y4KfmbWgDM=
GblfcqueoWVm3KJCOXQoJw==
RJtYj9+/agT1bRO+iSA3VA==
K178TRZn6G+W9P/9/F4X2A==
DnGTg3IGCxg=
fz0ArVKLVXU=
Tglnp594WDxrS/f/fTctYA==
fn/1QHk/NIZfxC9qw6MOVA==
twx2BhgbSWA=
eG/v+AoFOax1rNPoU98ARg==
eG/v+AoFOax1rNPoU98ARg==
MLh5Vdql/9f7kTSyIDuEjQ==
RJn7Xiq+wI0=
k+KvzYJgeIE=
k+KvzYJgeIE=
k+KvzYJgeIE=
k+KvzYJgeIE=
Sq2nnUGVcZ+WWTaAGzKp1A==
6L6DAriQzF/q4vuRNUhFpPkKo2G0vMgJ
kj1wqa7O55w=
svd7O4iY0z9rqSpYxKC86Q==
Qb2DdTcfvWX5+IRXC34c7A==
Mi9cQQqB2zQlY2EMR92HAw==
hcKqabKeZrA=
q/GdBvoiDGU=
q/GdBvoiDGU=
0bZFBDPP/Rq80ZdA69xpig==
hVHyXQ2c3cM=
ZOlaeBQrHVk=
3HxnGhqZ9HA=
Hfdj6NGxQ/1pQAkAwxIeaQ==
qyyP7MPlEYgAl/g7yVi7jw==
FxdFBbzVj6PswdGHmWnxSA==
NOKc0pbOPE4=
mMJIPLrEl6k=
pUYDK/sEKAI=
F1EmOaDhmQE=
Qx4OdC6HyKU=
1x7vJwBPxDBhaUmtD7sJ7g==
vkzdnuomZjI=
vkzdnuomZjI=
vkzdnuomZjI=
vkzdnuomZjI=
vkzdnuomZjI=
vkzdnuomZjI=
Bc5+yM5sr2OAiQQeLakB9w==
Bc5+yM5sr2OZgRVusxtDCA==
bq6Ez6G4yAjh7kLUxrlVXw==
vnm1Z4cVOnI=
vnm1Z4cVOnI=
0xxNDjAjYo0=
3MA4sORfBIohGBIG5QNV7g==
0ffsTNLJbSk=
s9DMVCpNpxQ=
2vS0oFTbUggbwbNukWXkgA==
iEfzFh1b6NwQnjVpfS89JA==
n+gzerY6WCWV6o4isQF3ZA==
2QUUJNYwt52zNBOY6P+y6A==
2QUUJNYwt52zNBOY6P+y6A==
qp02o1SdWaSwUAddp6oF2A==
+fn9jKl1vvk=
JGSXu1LC9ys=
V21QYWePvAQ=
V21QYWePvAQ=
V21QYWePvAQ=
5EMWOwa4KYSaij2KKZTQZQ==
//MmYebR0EI=
0hYb+2drOxbQyLnGR2ep0A==
9HHdvaZjiGtwR39FfLO0fA==
E63JxbJHWUSyqGfeY43QnQ==
uQpVtb5nxr6v1b7Q55svaA==
4AY3LDoQDmYPawZtM2POcQ==
uvLJVAVhD9U83UXddZe2Ww==
jRm+w/pqkak=
BSVK+9AuPuk=
NdeV/BsyoPh2T0noC1gx8Q==
1WCQm7zSmp5d0U8uTkxiWw==
9SjbP3TqOS0=
FPN+2mie9Tc=
g+bFaz5KSF9PuaMxaD/RVQ==
Em385hd7c4g1X+JqXbHPKg==
GzolXUBXrM0=
NPoHvxMe3T0=
qTM+TRPUl+0vYOD6cub1NQ==
qTM+TRPUl+0NBuFKKJDSzg==
QkSr+laaz2I=
lSrIh5iYLv8jwPF1SJpTMA==
0I8tosy13h8=
JkTzoPzRZ3L5W1KmdM9lOg==
F70N7XUHhzk=
vjAJPpVxS87IznzX6KQb/A==
Ao7vrFZfueI=
MdS/u8XrQEL2FaYzwt1INg==
TeY02bnQOFU=
tGLHQ0FZEi0=
MbOT8znJ+AgB5oknGWO7lw==
HagiqdYSCLM=
GClokRWpn3k=
5P4+83sBpx2qN4UywsmOoA==
Uxfom7QCpdmSOi2fIDbVuQ==
UX+xRUCg03/RSI67i+GqfQ==
BAeM61BWA75rP14qDuQ0FA==
b9/2OmlCNT6cEiS/CsD1xA==
VKRCIKA5njYx5fgfKxThYQ==
KiUzeJyY1M60u3nIXL+zTA==
ntUIOZ4tVqTirYhxiWnFqA==
1TxovMo/CAw=
CA5j85JFH9U=
CA5j85JFH9U=
YkqwwrbVb0s=
g7LWES39cFQ=
ZMfyfndrDdk=
ItllwaQZXdwU+P/hWhxy2Q==
07qrkgJfpls=
+iRHSspHBt0=
YeWXZSiknZzbuqOUKfEoFQ==
B5YNF6c2Ag2bQZELk8A2cg==
6tqymEYIVpHtWPz9s/PxQQ==
yjnTiW1esPQb1LkNnHwx/A==
bP/Y0HwgvEdOW7MWPoVdIA==
hvZnFbCm5Aam6GbUSgdoKQ==
hvZnFbCm5Aam6GbUSgdoKQ==
hvZnFbCm5Aapr4Umgfivww==
PVMDeJDcs25dpcF+VNX7/g==
3JNhBQVbP5qzVAWTN5v7vw==
bEkKtq2R5Jg=
FldfD5usWLOv0YBXY0PlEg==
QiIW7mcfD8CNzlUatYdIfw==
sUXyNGku5f8=
5KBpYFW+LpChElyXAR83Ew==
z8Ar2yavMRUOKOh9rO/ySQ==
yhkkviARlX6cXx9Dv6GWNQ==
lFNgwhb/6Sk=
K0qHi/zt07V1ufoIHyAAHQ==
9vMFmMwmNhdWsbwXVGVp0Q==
9GJHw+exq3k=
gPYfw5REA/pH2ShHHehxCw==
gPYfw5REA/pH2ShHHehxCw==
gPYfw5REA/pH2ShHHehxCw==
xzxn9pOmv44=
YjGtMek768JahE/riDP80w==
1YMu6Mv/jwo=
qwm/oD3vfqQ=
CQETYtFFUNuDNSQUeb6jyA==
xn5M8AdRWliU6RZrsSL9Lg==
XHRcKFo7wHVLue3YqbGQug==
z9bheoAAAiyLO3QZd63buw==
InXdKLxDdZA=
KyY+epbWZ7Ji+TW9zmBXJg==
cJ4w2+t2ZJY+phaPx7jtAw==
cQpk7tlsdRE=
ss77VvNnIVL0NQT2sTs+tA==
NI9fxo34vsIM8fT6vKq9nQ==
Bp9LIIAyeH68MOaUw8vOPg==
l+RcyUWbSxoEW/3LNe0tRw==
1c6VU5nIFSYwsk7LexVf8g==
o0S+RDbdoXK0tC5gMe0f4w==
1qwu3WJSmL5y1A6YZBdK+Q==
rfjTZXufFx8VPNQyQGpBXQ==
aMSGgIyVFPPBrANcvVkVHg==
G3X8hSCQA4g=
Xu9CAMOoVNVwRMPFazoP8w==
wphRoNKnDRlazxyqCHPc0Q==
0F3n2b5hEuc=
qFViphHVR1T6imrLCbzc9g==
/PJ5NnE1gPc=
rO9YdlYOTkEqz1wJBVLTKQ==
iNod+1wwRFc=
4c30WbD/GpU=
vquyNzEI/Gs=
dgzkJ56YfEM=
I07K2mKgRvVGtgfvgimHtw==
1BTVtSRjwKo=
b4SH3iAtVlg=
GWthvoBQoiA=
2gCbsnH1ayPVPO0XirdO1g==
J36gMrnc0t+7W1jXMEmqRw==
9BhYnY2f1QtbzfTBkR8rsA==
N9y5sn9EshEECNnwrQ7SUw==
rBinSwdelC4=
qi8LdcUSNTY=
GMKCN/eIBO8=
J0zn2Lw3T5k=
4r+ESO3WAts=
4r+ESO3WAts=
/lWD2zHvkMU=
mP0hoLVQvwSWTaFxZreILg==
CD45nMECK3COdVRmqhhdAg==
SyUPfBBAhg3yXMNaCqlnBw==
vBbGg1/PJUDnxcdq8ImjOQ==
eFm/9TjhScY=
ap7WP9hhPjbXVuQteG4+bg==
miiu2H9bWuFESzyjkKxFrg==
CERo8wDPDMQ=
eKE5/sCBh9ODaHsM/rizMQ==
z2m3MplJrNxTieJyGokjLg==
41dia/hptygI+dMEczZERw==
8RLIQgje77SPSFnoyfyf+A==
bsdhtcZSmDUtoZKGfOnUpw==
YTFMUOOjuNmJr+rai+0znw==
xE+MJjdEsoVOMP14hQHsrA==
RvsHlK+r0suhLpQ3cBtDIg==
vK1IPgpd5nh9OBzsZACyKA==
IKvGsZB6ldH6dVoLPO2LXA==
ReLGIgfyGM2kGVxb7v1fYQ==
Z4AwTWwdPJfPfph5mku7mQ==
AVU5sB8vOHdVFKfl5pz6hQ==
KeKdUyJzP0EEKmJh2wGyog==
XgXE4kMb+SxO4Q3cD2iTYA==
y3k4uf7qFjs=
rkGsxZ87EowbHdHMXDldsQ==
LW8lLzjbIh4LeIykrBG2gQ==
6l8MEst5yWc=
6l8MEst5yWc=
6l8MEst5yWc=
6l8MEst5yWc=
g0lQI+F9BruCl4AaSLOYoQ==
WHKRvqnmeszks9dK9bbnbQ==
j3pqqU1pSmA=
M4SV74WRFvliRYP0q2e5jw==
M4SV74WRFvliRYP0q2e5jw==
2Pn5JDa02V4=
LfP1TmpvTy1Itw/LV1t0uA==
TnIFfPcE/48=
b3G5K6dPmgFfwsAkVso/FA==
MBG3mgQSVz5SEJeTl+QAhQ==
n0EeVP4OPKoysfp4MfudfQ==
zgkrXCxekHw=
SJw9ZCP+xEGP83TxqKKBvA==
SJw9ZCP+xEGP83TxqKKBvA==
8Aj3MspuEkc=
EYamXVGsuJhMFnSBIGek5w==
Yne5OXbDWt9z2XAFg8NHYw==
sX7PIGD9Tw4EvqikAnzEPw==
sX7PIGD9Tw4EvqikAnzEPw==
jvtGiQP7mQxT5ItRncv6FA==
wp/5JoZRjJU=
PRC5VEkesQiJ6k2I7bNqyg==
kq8rG3h1MXo=
mFgucf3tzWA=
mFgucf3tzWA=
D/SrW295CIk=
eCsK57iEEowjkHX6HoSD2w==
ZOVahl1s/UQ=
HK5d2HR9+Cw=
HfI2MHwpuSQAyJ5tSk8cTA==
iB3q+bAVvk5rHBHMGuU5ZQ==
0vfpa7tpYVCjkgwb5D5ZUw==
0vfpa7tpYVCjkgwb5D5ZUw==
Mg4lUj3OjI2/4WSE6DvKaw==
w5Bgk/t1eedKZJCHQHQ1aQ==
3d8dwiZmjHg=
+E78B7j8v+8EjkqAwXoXQA==
PZABUbfZXKE=
UJT+mbI3AVx6UcvTg2yqeA==
aiO89GmgHfYpskxHGBvGKg==
KjPNHPl5d3A=
kducZSHMiObiECpjh4ktrg==
2UGZGU4BZSs=
dMSD4GPxndPLliwWsNCOUA==
opeQG47E2L7zQ9V9sxLKoA==
3pxAotjFUekAdcjBOC/N0A==
3pxAotjFUelV3J/Ot4XyNA==
8Rl8kiXj+Cw=
3DV/w4nn3COi2tmva2DTHA==
3DV/w4nn3COi2tmva2DTHA==
gnPbHgV6b6A=
C6c/gI1wtkI=
Z86e1k2oik0=
g0+6bwphqz8=
9+KU85o3gqo=
kPbVII+YP/YU3Zmp8vXZsw==
BGhCMZy/nfw=
ndvwyILjO5VKYFxfrwFvdw==
6RZSM671W8UQHTDVn6swXQ==
RJHeTma3gKE=
paAio1L7DlzCHZAGLO4JXw==
h/K4XFZCoEPfpvtuTHYiEA==
AeKUGH67eio=
b3+AvKIixIc=
XvlN4PdO0bFuxitY21NeeQ==
XvlN4PdO0bFuxitY21NeeQ==
XvlN4PdO0bFuxitY21NeeQ==
XvlN4PdO0bFuxitY21NeeQ==
qnaxW9qMrHzebz9fNfkSCw==
YicuceM2oXTXI3TA7qqQxQ==
jyv1d/PMIkv/1Oty0GHuQw==
6vSwTYwVv5qVxF/zmwHUTA==
CHVJjvddXL+IkG+EhESnlw==
u+TSVNiVfsNKdm7CPnZvdA==
ujR92CeWp6o=
22cpDLC2GqON8M6YpKbtwg==
Pc+acBgdSxKE4UHkk0SHgw==
ViK9lR0VhI0=
ha0mHlcp1uqb4YDlAqA+7A==
JJKxsSjEqFQ=
V6p5bydMFoIhVKeNVWWhuQ==
KX9meUp6yh8=
L6uyuUN6MShmd73nDaKN3A==
wggMQ1+T0oryuwW37Hw7aA==
cuCMlp/IpUA=
9c05UrGoQSg=
W2CUmGq0kLw=
hqlwWpzq6VI=
tdOMl78vy4BfQHqi2qMfXg==
GQUwzaFBSGXkT8Itf2vY3w==
cZ088foXsCyWYAHnOg8DtQ==
HyHBe0WIHT/+JP3l9sbk2A==
mB8RKtszhSbgnwm58eMchg==
SoGXRCXLtrQJLKUuvu9Ngw==
OmBrqlNYF+sbIpLBYlZalg==
QJmkWegk50LDYzbHByMdig==
3dlwmCnFmzA=
G8iZT+k+sIeLG/9+mMxYyw==
soTfs0UueYRYdN0tBp8DFw==
dqMweJrcWG4=
RKD8dqx1Zi8=
zAQLlk85mgs=
OxBbN6eoEPisSV1XOWq9mw==
045fhKBfjY0=
chde4qSyuhs=
L/qkDTvSodg=
+pSPIX6bh+A8NAcCuaL8sA==
+pSPIX6bh+A8NAcCuaL8sA==
+pSPIX6bh+A8NAcCuaL8sA==
+pSPIX6bh+A8NAcCuaL8sA==
sUu8S95T+ew=
xNc39mat/XWwgfysUhoVHw==
4phKQl65cu3hLOpYVtzFQQ==
8rDQPYc8KgmWoJPnv25I0g==
bHoVwXr6vlc=
4cS1Szht3H5dl3T1k/yIWw==
4cS1Szht3H5dl3T1k/yIWw==
4cS1Szht3H5dl3T1k/yIWw==
gENTsi8aVcU=
75W+OYz3RPguPMlCVxWoog==
xWir+CCor/A=
L4pGz7bIdDY=
8OqDm9wcmv8=
CIjhU7oz00E=
CGW+aeYSHrV0VriiZgHpNA==
RjvSfnsA5w/U0cVkRflJXw==
FnskBeQkIvDo01s3lLfuzg==
6bzPF4kfCh25ZuxJM3hRLA==
6bzPF4kfCh25ZuxJM3hRLA==
bB2FT4y8Vyk=
WvGEfk81s8U=
3Bbdm4HZa51IrdG35c5JGA==
bfXflUQ0CnUcuPIkOjSPGg==
G0M6YmaDmlu69l5WLJo4lA==
blZUHbVktOmV7KPz0sAXrg==
sY1KaHOtdxU=
roqayMmP3XeBJq59Txij8A==
w0m/UZehJQA=
a/gxAIG0gD8=
T9tkhQFzWqY=
O38eU5z0yct8r9RoqXUmZA==
ylePvc0iE+zwizgx5T4hMw==
ylePvc0iE+zaNbcZCmxur329o+22dr2P
ylePvc0iE+zIWWAL1RkiZrKY6QhhJXl2
ylePvc0iE+x0ou6iL09egYKg6ZHu61rf
ylePvc0iE+xVK3HUsU8QtYcmafs5mTeU
ylePvc0iE+ymXMVFMxR8wRsypDKNYIQx
ylePvc0iE+wVh7Wgmc24S3sM9UvNsIcE
ylePvc0iE+z+FwOlB0gNwg==
Oxhce18FqTk=
A1BUWGtDC+klk14pcqb0xw==
aQBnzdWzkIA=
y9fKP0asoANoRDqz4ApfcQ==
+AyJLQ6lYtxR5diLcFDqnQ==
g9wCPFlB+BIbBPkvQLFD2g==
DA9mx6xLfGRDUQ1ERRKMHQ==
DA9mx6xLfGRDUQ1ERRKMHQ==
k7KiZKw5fSbtAnF1vfayOA==
MHZnsLdkfFZY6RFrCHgw7A==
BV0b7Vn5FQM=
cW56x9LNMhEUExcBzT0fqQ==
ycMybRg0vxPjB/1pDPFRxQ==
fpul92okO3q6oSyrSWYV9Q==
9Iy23vFkobZM3IOhSwYXOQ==
7+egU9a1pae0myY4hd1kTA==
IRUErZqWaa6MJ8HqDJYu4w==
GVMal9lBCkcnoh6cls6l+Q==
QUtRAUKgoVKeXVUVfYMyKg==
gtueYO64m6JF2DtS17JO3w==
g93aJtUY1Qo=
p6AUy3/nMYovZdHCzk0D4A==
hSWOedP5As8=
GCTcxG8C1JpSQws3sMcbUA==
sn6KHvSw+VTDvBiAorC4xw==
03dAx/91BwSkjNNFrOK0Zw==
vnn1N3x5WD0V6NXokD1tHA==
vnn1N3x5WD34d7LwGt8gtA==
Ji+iGIXH15s=
LPX6ow020Gu7oavkoKAE0A==
LPX6ow020Gu7oavkoKAE0A==
LPX6ow020Gu7oavkoKAE0A==
83kyy8k64MamJPO7kZuZ/Q==
ApRsa4PWjizlMV48/OCzNw==
l/5vNImtswaHErwdiGtWOw==
l/5vNImtswaHErwdiGtWOw==
3+nEm3FI6KY=
t0ejeAiIR7NfXUMf6TkWeQ==
cxDfZikI2rDhrRNdm0flPw==
WwEP48/Zxav4fHSYEs+HjQ==
1+uUKirbq14=
1+uUKirbq14=
evzntZf0pblehxN5VIl95Q==
t2a39N0GI+jKew2uUH0FQA==
BHlT6FobGpNrUuWUQFvqyg==
yx1Hx6fmgnI=
iYpthzDt6Wc=
DN/nIH+Wp1g=
ibWuwQc8nkgD1u1CQdtTbw==
NYN1MLauTBuH/npFW2CKeQ==
NXsyKZNIj1w=
tpRPj55t/vM=
HQTZMTh3nOFVpnEY62rDqQ==
IxdjMm+khtMH2UfOjnlZLg==
9i1XcsX3XUWGbJBbgG3IJg==
esviyFsdSfiDrtLFN4FIwg==
UkOsgUM4qqWALXcDyINoxw==
EI513sApdSP0pbUvwtzkOg==
FKTg72UAgSk=
H/IKRSlGI9w=
cBkElM/SwEs=
tx57xkuwMhg=
FRbKqJZgpGz/XkzivhAG9Q==
wY/QE0EpXCA=
8EPahQtf9GI=
MpQjnSgEOJofOgBvvkV2wvvphoa9Kmwx
QUwdQVZ/QKZXbqGBHJcJRg==
fFtniL3RfyobJPbjFqXbuA==
vf0THz6SxTo=
hEcfuS/1R/Kxm04DegYjLA==
hEcfuS/1R/JKCBXkk+pgfw==
8ykMeL06sSM8wwNUflUFwg==
NjXOD4SWdmo=
fL0Ajmc5tsdACWhgf/Yg7g==
/i0hLOi5IXQKHRtDaPlphQ==
rlsWpybx32g=
xBDhmzsn2RPTSsXkK+tlDSKGWpRRRBHm
h2A1GeYGI08=
27qnQbPxOaSGQGSWtlWtaw==
9T5h7FmIxYDYYkpQ9M44dQ==
er5UdCVnIp/b6QmgeNGMSQ==
+hAUlDYIRaObUzID0frLQg==
9gkT0hrvn5R2+Q9Zd0Aw4Q==
JIVOQYNtqP0=
8Aw4G9SyFMTBUb65xUeJ/w==
K7kOiqexpIkBPQNucGX8pg==
CV3Ck2nIRaiMHXCTdTs8gA==
kcPnxKqQ/z7us3UoS5+z+w==
CztKuajLDcg=
iREDuX4mbv1MXzSk+qoYXw==
kvxreM+ohLo=
7DJXuBmdX8A=
2tobXaxIQpE=
1cJ7xa6Ucq0=
kTJQaHQX9LM=
X05dIBWfkXI=
X05dIBWfkXI=
pvNXh4FdR5Y=
w/D1XHQs4aw=
w2rorXbSqZ09SOmDREYULw==
Dwiyvn5B8kJZ0oV2U/E50w==
jRn/BFyxfJDHD6XmqPSPdQ==
jRn/BFyxfJDHD6XmqPSPdQ==
Lt9LoyqfQQ3h/njm0uiagQ==
qyklQxYFYFVcbvO4ziLR2A==
mnmwixXomck=
O1kBS/Tq6hsI9gWgLbi6Lw==
Xqmgb7mCpVc=
z5FyYpKW0eEEm2dCefWV2g==
O4WjFC5ZLaE=
AcFiP8FvE7SW2YyNyWnBOg==
SOO+5qkUFPCTm9okHntIsQ==
SOO+5qkUFPDxGUra7MfdVw==
dSq5a1HiVAXSoEs0AxF9hw==
Te657bT7gDa1v0p/aKVnbQ==
DgFWP9yWdnnkzCrMbN+5JA==
8UhtDLHEk64=
kPcgqhx9z8E=
sxRHs3t4YvYTTvGC3QVUAQ==
Sqc9Pl0m6VbGFORlSFapzA==
J03T3NyOvF0=
YBoxGypG/Bo=
YBoxGypG/Bo=
tTe4q951tr0=
csTAf+sSfU4=
67tf+BrsDXM=
oUMkDkuxT0c=
BVQXoGvzPRWmE/OLiNF9MA==
brX55G6P6F5CR2MEZupIOA==
xpdggy1UKlZOoz0K9A8eog==
VKrMUutDbQI=
H0RE50T0ePPDZ3gUmSeJDg==
ds/ApyLrRaE=
oPqKxYIQwiWTEBsgQialrQ==
P/Eama0pGEHRR48GotfCBg==
fxW03hWFWNGmRo+4jKEMiw==
9awYOeSDKGupIxS42kZjtA==
CKlKG+sINOC88c94IKXwVQ==
ZhLGKrROLOIOS8VP8z66gg==
iQ11Ri3I2XohHUoSFuYkQg==
83sraUto0B3epig4d4r2cw==
7tSAc5B8MEM=
xqUtboZ4Coo=
H8lB4TaelK0=
hL9yqZhiOEfc4K7hSwQMbw==
Sv81OpET1jo=
/7WGB3MJwVI=
C3geQ6k7w3O89ZJJmjW9+w==
5etZinyto3du64wRlQKTuQ==
N2e9a1NKavQ=
4V4EiexkdVfvhv/iHJsT4g==
sxC8c6CYwSOc6UTDtO/Wtg==
7C6Nyj1VoAo/DOs1lKyL6w==
7C6Nyj1VoAqEkwN60hjHNg==
AhYsy8sUAwY=
wax43LAwgBHrQpSeb4UONA==
NREOddoHpfg=
8t83ztCB9qR7qZI5dQMT9A==
rqhttxNTrR+GkpBdOTE9rQ==
rqhttxNTrR+GkpBdOTE9rQ==
M7aG4hUWOP0=
2WxB05AsusbiW/wYv+KGMA==
YwSms8Gpis9gTZs4kbMBgw==
k7Cpu/EMB8k=
gdk6XCCAiOs=
NbnKotwYq88PmfYbQPp2Qg==
cquqcHKpV1FRv9MBHNC4YQ==
La0Tbjs8zMo=
Fky9S1cxqqClxJSbNraatA==
Fky9S1cxqqClxJSbNraatA==
Fky9S1cxqqClxJSbNraatA==
EFAKUE3eVtM=
avC7/NfcwPEF9JZQ26umFQ==
1jmtolxMV4g=
PBOj2/kdXw8=
FUR/j9CVLT5rKoMYPEAWLA==
izETmmhDhVA=
7AtuPC4wTHY=
Cq3LgkwAO5HZIfsLDdqqig==
7HZMMsGCbI0=
ixGIQcqCAFg=
slnSLATf+x7kqlshgVoxsg==
faBtvB3UhOL/22UR8CqA3A==
B2k4HHalZfw=
8cVGGfNZ2ac=
3PWBucxZaJNdJvq4Ae5Tzg==
3PWBucxZaJNdJvq4Ae5Tzg==
3PWBucxZaJNdJvq4Ae5Tzg==
qM0kmcqS/fgvoBSuPDEo+w==
+xj2YzP6Sb8=
72J3uLnCkW0=
f7HvWqay11C6HFkISakE/A==
rDvvKKh/BYaOTRiaR+uJ0g==
5RzrQ9GRYEM=
rSqGIn0nBu0=
3UPXHlLMzcCYgiB7qYJiQw==
AlctaPsQBk2MsgJz7/D8Rw==
NOs+yZOJ8D0=
PeS+1wMVRzY=
5uwm59jyYxy61ddHFvfIZg==
rKbL8/KK8UeKp3bFYLiwmA==
rKbL8/KK8UeKp3bFYLiwmA==
rKbL8/KK8UeKp3bFYLiwmA==
nLs7NzL9cCj09fzSCwBv3A==
vXFL+8lo5LzPSYKY6U4IPA==
vXFL+8lo5LyZSgRXTM2uhw==
gxisGoeOKo8BO4hgwDiA4w==
gxisGoeOKo8BO4hgwDiA4w==
yNmxGY6Sj40=
Q5HAGAEUGn3HtwlT1I+6rw==
2QNmRK0uobpePsKSR2EAYg==
TSalZWNX8NRhThBi0oVFcw==
ZxuAN8DEWdg=
ZxuAN8DEWdg=
Uc4mElemEAtCA2fvdhfcPQ==
8m4xF1LFwa8=
d+w8gzzu3V4=
zofDZwcOZBPITIi/ECrdWQ==
mamuE7jQbgxUdgqt/QBEsQ==
ys7gwL3jFvDpOcMNskrYmg==
Az1A9W6I31RdR+oOeMdhUQ==
kUbfIWMD0TUoSLOyuR0C6A==
kUbfIWMD0TWNXXGqOW3pdg==
kUbfIWMD0TWNXXGqOW3pdg==
kzNHNguDaj5SJpBsLhRugg==
Vbvw3tqoOT8=
mS5geYDTyzc=
RJwHghNiZMOL1XJv3Ykb4A==
CTMQMwdoTV1lQusZAuVNGw==
9/yLyVtC02w=
HCTOS9fmBUtA4/yg+ukb+Q==
HbPJhOFOx1eZuDnM9X7FLw==
GSq2osSGHfoVBhAymAkcrQ==
IgAb2xrsKGjItdweFOlfjQ==
Ie6MfhQTm9Q=
XrioHzPx3F3SfuLnSbKPmQ==
/lGT2BRkIn4=
BEB/hk9z1OU=
e1Vuq3QyQYld4cLIuFmcbw==
e1Vuq3QyQYld4cLIuFmcbw==
Y44wUZrlkE4gNtdrymFmsw==
Y44wUZrlkE4gNtdrymFmsw==
Y44wUZrlkE4gNtdrymFmsw==
20uHvf/pvtI=
uwPut+Hw910eF5p24G/WDg==
MRPT2Fy/mgtrhlsrP24Eyw==
e+YiAs0SbpBTAm8psOst+w==
BdAKxW2Iu7RD54EU/nC54g==
9Crukw8FZorPHOAkvSRLsA==
yYTK6JfO2r8=
66zrwFbpraz0H8G1Vi431Q==
mrA8tbqWJ/IFB62V1qCIkA==
gbJvgVZPTTqDe71HfNyUeg==
AltWDCledTJ/aOniy6Mi8A==
AltWDCledTJ/aOniy6Mi8A==
GD80/cOsW78=
80mzjJJPayw=
GDFwcysBxVc=
VawVf9qVHY49QFixDzdmPA==
4KYDOwhVc9w04L3Hoh85hg==
iV2Qs0oh8lE=
Ra7idmTxVqQ=
rMMpodEdUF0=
LBcb4b2ct/4=
unpEhOq8Jmo=
fZArl4dP0Is=
Ty/U9U1e//CGKInrBL06Hg==
3SUE5022u1E=
DoIPi9U6XJ8=
N+SFo6NG4MfRlYSbwFzXiA==
8GkehK0qJz8pbsU6qCzcnw==
nGUETlXuW0wIhgMshSnKgw==
/iNAO4zMaMo=
wR8iNmFdqF3wfcKz42GY5w==
26hPYSU65cc=
1tlACaOI3E8=
b4hrRlDoImB6jGlKGxDEKQ==
b4hrRlDoImB6jGlKGxDEKQ==
b4hrRlDoImB6jGlKGxDEKQ==
b4hrRlDoImB6jGlKGxDEKQ==
b4hrRlDoImB6jGlKGxDEKQ==
stD97JWrimw=
stD97JWrimw=
pbacHBkStTV+/qLeM2WYjg==
DDdaQR2T92iWKj20M/gIKQ==
h6CCcv32d7o2AecmaNMQEg==
fsqck8MPnhE=
70jBGwWp28E=
sua8rlvugPbRhYtmnsFYpg==
LGTdC3vVwD1YjnpjdY0K8A==
+13pifuCjxgLPaNjmBHkbA==
IzBckNpUhX9KPX3gbKi8mg==
k2x5ABUOKXNta1GiCtX4jg==
195Ja0MjHLgcST0f5C5nUg==
195Ja0MjHLgcST0f5C5nUg==
195Ja0MjHLgcST0f5C5nUg==
195Ja0MjHLgcST0f5C5nUg==
ahlsBMm7tPlAUBNppJtf5Q==
ahlsBMm7tPlAUBNppJtf5Q==
ahlsBMm7tPlAUBNppJtf5Q==
ahlsBMm7tPlAUBNppJtf5Q==
9+gcb0fgF+z80XPu/4HCEQ==
f5+aoHm6aLmlfdXBvo0HhA==
kkgIHntzbBNyJLkMsbdKiA==
mXLYL8D/RfGAholVT9aGbQ==
v+YDmNSDIFbngP2FisIs7A==
sTV0f2c5+mRxMcgoJV+mUw==
sTV0f2c5+mRxMcgoJV+mUw==
NmltxoctlS4=
FLsCjiGYmLA/X1T858fgeQ==
45OQ78uDVd4=
OZub51aAjns=
/Y8jtPknJXLooHTIgpOhEw==
/Y8jtPknJXLfthH0yCXi0Os8/8rodnwb
1srrafKADuk7254wvk5/cg==
hW+x7wiDp0o=
jArFfiSYmKcejihLM1qlzQ==
HNQv/r1cwvZbgNMDl71nGA==
cCkGJ8JxHk1gX3W1zm29YA==
43Gnfr89bKQGtKRysqUAHQ==
jqlgx6sJ5Io=
ovcI1b/uHG4zUVI5znFY+A==
6VSGkPCDzag=
4G4PsUO0JmI=
4G4PsUO0JmI=
RUoBue3xDg3Xf+S5mQ0+yw==
bm4I1px2R0TFOTVKc+gyUg==
IDSfA2K2O6A=
I/3MnHCm3T4=
LRObkzgKje8=
96mHxJMOfwk=
4ptUDou8J80=
phT0YLT1AJUOG4sPG9Zu9w==
SIkGsdOa7biHDMpAHOC5Bg==
j0ZAzSV3iN/8WCDeczhnaQ==
nEp2u9Td/J3XERmGDeeTeQ==
Ymwb1m+BVTg=
Ymwb1m+BVTg=
WRBCGUxSBq8k0c6gG/BpSA==
MOKDjgxWC4Q=
qbASWI4IIV8vid2F+xqMOp+Urx1+YbLq
B0HXcowxWNo=
3d9JnahrQoVZE2YteOV6pg==
L+aITdiO4fz5WGd9GzR8JQ==
o5ecKJ9GTQNA0FRlrLbLTQ==
gtA8sEXzds2Z7ylPwDZL4Q==
VNkjUsgmBZk=
jC5BhvOIf5w=
jC5BhvOIf5w=
jC5BhvOIf5w=
jC5BhvOIf5w=
EHteeKi11tKHuwKYLJHK+Q==
r2AJRh4c+xFYHvMLZdubs6CpZL652YDo
AgK2MRMnbTU=
Yhsj8HDGRas=
P2CCkKZ3vNQ=
9uzonq9I5Ff20GxDxBGVMw==
rGewaDEAh/s=
CaARTopu1FlIePUiAhnydA==
P3Uptr3XfqMG8KAQRx7KHA==
bQDlY/qdp+gStGIGGIubeQ==
T/oxLbynakymdhI1WfAM5g==
35FVLWY2K6kCQo769WM0kg==
35FVLWY2K6kfpOTahvLVwA==
FhtpsdVrbXGl3/UtcP7kZw==
FhtpsdVrbXGl3/UtcP7kZw==
6KJoonh6z+jh8iI8p70iOg==
evDcwLi4k0N/xWjTdo7VIQ==
RlZ7QHivZIq2wf6AiDGX+w==
/lQoP2ZnnBIoxB8btKapdg==
5beMeYtp5wuA4td5cQtBNA==
1W44SYdI5sm4ccotEWyzNQ==
uEGq+cnnyFOYKsGaEAW+gw==
iWQCaq16sgBOIuD5B8AuRA==
UbunLHpBLnc=
M9zaGRGUQiE=
adwKbXy2d6w=
qJNxwjLvJ/NE/e0V2Y9fng==
o2NKQhz0hXsTQATzFqM6ug==
dIhaZeLbs5kONnVvIQMSGA==
A61UyThBCuJphgtHx4FTPHMAHxW+I1RP
1Nwf2SQuYNI=
NWqu5buj0RU9wOA2vkkltg==
sbYTQHFKmESCRGtvaiq7Kw==
9yiiNQVB6GCEX0cnZ01Y5A==
bneQltTUR7I=
Htt+LQqAT1k=
xUgSUHjtncY=
4D+uw7IlyXpBOkvzAtHk1Q==
2pkmCsrwaec=
OfbHe/DoXYI=
UifoDwmJjq0=
re0QEvnwubQ=
hryQhDNxOUo=
/xZouMTJhKc=
hiL5YAJRQuY=
1SeEjfnE5pU=
cLwEe+h72go=
/poroyKZP2+w+92eUaIefg==
/WmAlbX/961PSY4a//v2MQ==
IEes4y2f5bquB5Ck5XoSHQ==
JjAPZKu+O78=
evHowEIEU5k=
kwHbOB9ztXE=
qKW4LeaJLrYEngjvY5PSOA==
PCse8eOxK3ayQBSOiEggHA==
9BurYZovKTkjE59PEQ/RzA==
oklIsDCdZqfcPyDJZ2fvAw==
oklIsDCdZqfcPyDJZ2fvAw==
oklIsDCdZqfcPyDJZ2fvAw==
oklIsDCdZqfcPyDJZ2fvAw==
RTnslXUHbTx25JZsPnmlaA==
RTnslXUHbTx25JZsPnmlaA==
RTnslXUHbTx25JZsPnmlaA==
I/H0FAsGtUA=
TXSdMplpHNK3cCyx9y5OXA==
TXSdMplpHNK3cCyx9y5OXA==
p0wJYboT406gFEY18zMtJw==
Bo8gZnTLiEexUDOju4vW4w==
TiG7syOprBASwOqs0UsN0g==
TiG7syOprBASwOqs0UsN0g==
L+1LzY7dGEv5Db+yuNjOSw==
L+1LzY7dGEv5Db+yuNjOSw==
L+1LzY7dGEv5Db+yuNjOSw==
OX2+rZrqPVPZtdpQxvwBuQ==
GOFqhztfUREkHcMXLRAobA==
GOFqhztfUREqMxvICPAqcA==
b2zjaOVjl/YuGBZmtm5o3g==
Een+Azy7XiHAnVXfxDdFIA==
6aS34RHtIKg=
2GcRXtybdD4=
tmplsDvDFdw=
uBetghnuZUE=
4dCBsNLFHig=
io/qbCH7pSY=
JRmjP/ElNNuAL/GSWpw1UA==
nqpbVGQH2GZr9bzDQql/cQ==
BM51DTSUkU3VgfXFI49iiw==
zDvf/15tFU1wos9c5v/V0A==
0f23G0Db/OvBUC0ADwOjaQ==
hGmKe7znk3U=
q8rXdaEEq5o=
D1tEFPgxvQ0=
GWharbljaXA=
AzzV1/Noufo=
TJ3+4iI+Qf/BA8sK5r4f1w==
Gfuww79QsBeX+yUDoivwTA==
rKM5oVXte0yqkX60eZznvA==
EhiCfy8ZNQI=
CjMHRFBCOLI=
IvlzcAcfvUmXz1SC2VVGoQ==
9+eboiiKw99Cc9WWXmx4pQ==
qsAPawRTCLIaXL85JfuY2Q==
QA+Ae3XJhxJ3AO8hRZkvxQ==
ROCZ+9I2118=
UOREwHwV8KPxc1JLa0zGqw==
OjQYPZfm88Z89LEwEKFgDQ==
OjQYPZfm88Z89LEwEKFgDQ==
Rxv90ZZrX8qIjwh/hxseKg==
Rxv90ZZrX8qIjwh/hxseKg==
Rxv90ZZrX8qIjwh/hxseKg==
Awzog5XRDfr+rc8trtIcOA==
Awzog5XRDfr+rc8trtIcOA==
0WrBbKDnor8=
1Fm/CwK3PNo=
a5Kqk0MQ1qY=
Wxsi472mkiQ=
ZRwdjNytRFGTT02I0uSGkg==
gppHZVYh7lxHZAEcZEP9eA==
48zuXqjHpmHSQQJLw9Iw2w==
wFdCfGWLq8wCSd26w2WhjA==
lcfkK/hdeBM=
85l2nP/EvrgdBhZkQKHmgQ==
K0w+L4zQbxo=
004v0RHH5ejJp3DMdp2xdQ==
aeXfBlZY+y8=
Kjw9CFFZ30TY+YWJeGSEOw==
OHm8RYW64qIcqTooFY54sQ==
Fsk4FV/lr6jVPdFt8W7Pqg==
fFtxblw/PFE=
8X2uQlm9iakuoaBOz0039w==
6kn4jgQ0jESuByezX3aCsw==
ipRct9j4b8lsa0oQ258QbQ==
0YSqc6SdniPskmKzXGFilw==
0YSqc6SdniPskmKzXGFilw==
Pt/Hgqi9mwgUDF0EHDvrnA==
Lgl2yFVZVMA=
+tL2WniqQ4GsHNvDCuvH0w==
XBiC6Y+tzvUgDDKnrTjZ3Q==
9YbExC7dG5s=
ZPjkbWKxKW0=
W0mvCwhbX41ggmiHAyzMVw==
Zw8eqGkpFt0=
KL+StPZDxChLhQrUpxy6vg==
/fKwWy/WIjtKfiDpmeD7uQ==
azeaSGYutNf5f4XLY/84pg==
2F0ugiv43H3jl7jMcGIgTw==
ghH/d7fzVRvtwhu27k6Xvg==
i4gdTP7MYgBvOoPak0SDTg==
CXPjIokaWD2vHBUcypjVQw==
k7Mb5qs44QJc4qil3xmqjg==
TAMLYHN/NSv6CczDxS59Pw==
U5hw4Va6XAMfbeywvL1Rlw==
AOxzyyxG2xobL8zGeqyGlw==
AOxzyyxG2xobL8zGeqyGlw==
ZCf7fAfYJKoj7BMwrQ2bsA==
6iZeAeIAmrE=
GcxI7kI3CBpCbAP+ituQMg==
GcxI7kI3CBocMGG0izdzFg==
s8azccdQkansdjzCOlippg==
VVPgvVQDhNU=
1l1anFojnrI=
WLpClVgUBsmILtzEvKAUqw==
dc5RaD7dZ9zl2sVHjggfZQ==
dc5RaD7dZ9w6Oeu84/xT4A==
mun6IzIqFqQRb4Zkcg7tSg==
wBw+/ZDv1RwgXALpcOvmAA==
KvDweEc+ynnqIC9y3OhAcg==
KvDweEc+ynnqIC9y3OhAcg==
U782c0TCnQU=
qpAiX9Yy55+ejxZPGnov/g==
4/RofpbbkRM=
0sJ1Dp+9OG67D5Y21PEwNQ==
Bu5goI/sLOjCxZzP8rtc1A==
SJnfl2ysnvs=
7McdLgAvQ/yXViWb8aQDLg==
8Zr7FXTn3/k=
IFjp8rKbD1DBn2+hLEo3lQ==
3OczfmXDAJ8=
AZnSapEG05o=
33TyA7fVitdQtfn+X13G6A==
B0B0H07M2CMtfCrwmkXuZw==
HNbnD/Mv2Vgq87F4AE9sSw==
CLULk5U/oa+sr2Uvm4+OZA==
Jpt5BkL3dyDeaKdOUvhBOg==
15LDpuRaXBLtjEOp5+tWvA==
FKnE/SwBRGUzMdKB8caAZA==
AFTzZ4XFb3kZgY9BNtwBGA==
LDi2VtFquDAts3VESEu5Ag==
14bmp1wdw9NKHqURCionrw==
K0wStU9zh29IQ8rNL0U9rQ==
X7yxKlOwJ1Q=
v8MRN88r+HM=
SUndnNpHeWww8w02Jc2FCbSHNRvpuG77
ZIR9IZ/NhP5Dmd8nCS4upg==
X6iT1y10nSZU6xgVonLoRg==
yni7Y8mV0aU=
s+Pmmiso0F8xdj2RRzlU+Q==
yS7M4BNc/kAbdR72uUT+Kg==
7/BrIYdi6cEmuvG99hHbrw==
4np0lgLP+T0=
UW+XiSGFD14=
NiE32k41Q2c=
omg8NWrfGuM=
nJaxp27+nyQ=
ZHgtyDuCnVM=
w1mP2tFvyuUZSKLNNu42Bg==
hgiZ+1bquaY=
dVyCh0mf1wuw918UlZbURQ==
e8XuDJGtqP8+nmNVXugrsA==
FmUo0HGxUWMku7VZC89PGw==
8bCW4ktzqcR3yMQRURokMg==
eZLvjeRWDOTIpyB2HwsySA==
2ysFq2PtapE=
UaMvVfRUYQVT4zu2d04hLg==
gUze1fiE2ew=
gUze1fiE2ew=
xI9f7h2pxZmrCb41ythTrg==
Be60aEsjCJCOmix/98y22g==
xoflMqV+RHug2XJP2GZ7Ng==
bOm9qyZcru8=
E1EpCg2pE/yfwLFlqtEJ9g==
ssxzyBf3SKihUhjAh/xAbA==
hqTXx/Lidf8=
Ds4GDoPqok69y3G1mrRyJg==
zAtqMo6uWWVJY/TbvjhqOw==
7fULETLmPWy9ZOSwO+6lZw==
15jtvs0D8a8=
RYM0rM2UNQ22vqWr+nRDmQ==
9iDYyQVuPqQ=
zkCXnFubosg=
ObhUBa0zRGk5PQ4tgGTczQ==
0T6n8HIvazjQQyV2/fFn4w==
vFhNcm7kS08M4gw+PuUYjg==
/CJNWvyhqSHZ0CAwncZ8uA==
vNguaChnVNnofpD6kHjYaQ==
IpESR/bKuxQFHbBS1CNkig==
ZWZnGV3SKUE=
UJ5LZMj9GAo=
sY9ZBv39dF8=
Uilm/+m/c0F5ftR5zpaAZA==
Uilm/+m/c0F5ftR5zpaAZA==
QSOnkv0srX9CTsmZsbk7rQ==
Ymi3eUsEUSY=
7LT4AbQlh9w=
CwR0O/HGeuM3JV0n6HedPw==
5YGTd9ZgRwA=
j3mdzcWDYuo=
tSm3RvIiLDyM/xjOpXlvTw==
lKwP1wA0y0A=
bYqe0+q7LOOkYW38B6vJ4Q==
gsyjpnf1mdM=
JJBIkyfYacsSE5ackq6BrA==
QP52ceVtf5erlsH/2k1wiw==
QP52ceVtf5ewlRrruWo9MnHa79mWJ1ox
jZ9Bmw/nx6Q=
913VRRjY4w5mQxRxMqxL1Q==
or9aDEBX23UEE9ka/mPxvg==
6xGoiY5Pd5E=
NgubRb4v8vzPWXs3miqNfw==
fdp2R8CLL3Q=
1wFvHU83Z9CnQLr/nibQnA==
tOilr7z51+Y6mJz8dCg5lQ==
zOUbBIw8N24OTMjMkL0ejg==
gxNyulkt4XI=
FAWC4PwruMzLgn3DZU/2Cg==
Yjmo3B/xQms=
uCCnvKbJEyU=
vbXU26HI3Eo=
RSe3zn5/NKpyIC6NdaFVTRA47dXsPfPh
jdT8mdY/UrFC9wfPSjunBA==
jdT8mdY/UrEFdwo+4p/MrA==
sxxz3G5spxYMjqHKUKe93A==
FWOxl0ho7zDbjqxM0Nx7eA==
FWOxl0ho7zDbjqxM0Nx7eA==
NsTRAhgpybjr0CjbTn/gzw==
kUS8ixgfT766fNgr0fUxhQ==
GpV43+xJqs0BOU4zFXCGOA==
fzhyYl58z94=
gp+N90eu5igsLFMmSEPJrg==
d1fUylE2ln8kk1Ix3NnmmQ==
E0LzxSKgjifQab1EtAyAhQ==
aWWf8MqcM0/pwdzAO6phVg==
kWpfTOxEogY=
JAbv/rpuxsU=
vMkgRPIEP3w=
C5AErz1EZLc=
Chjwa/vIzJjXDeQ+euukSg==
e/e2s1ta0HlIXNnpGGQcnw==
RwCBjq4iBVbNiFOmcG5/Lg==
ENW6AIG65mMGAct8EEnT/A==
pYl68VFXu12bch3YayWD+Q==
pYl68VFXu11o4W0oyj5sIA==
wL5iw7HAdjToCIIMJSoPGA==
1NjY3BSaB/U=
DWkx0FPR4CY0DpWQF4nlSg==
Gm/NEa6YyVQ=
KHO/ujVrs+cnZVcKac33Rg==
ro5jYt5mbuQ=
MPlC0vzaxo8IYCnw9QygTA==
0MPQrznulnc=
pHcA+AuuDZzAQPJEuwKV8w==
HlpzQxeec4s=
8GHq82p46hs=
r221cUbvjehOcKG1ADMkGA==
AQ1HWxNFh7E8OQoJzu4esQ==
OZecp52VeNwZKrhFD+Grag==
v10f/EfxIXk=
BUOCvMzvqACvxL3xQb9Jqw==
ECEsBm5FzgD1DlPQmeXrsg==
NHbMb09pxMB6BrwkYmcwAg==
9Kfkmo0W7i9c2ZBTeWHhnA==
aSl0ZJWDWv7h6HW0oO52SQ==
7bc/Idqetc4=
4cdZ5HURbCI=
obb5pw7KASA=
KSjrx9cYJEnw4lUhfueUEg==
+yZv/oQ8yiOZDTua9LEBvg==
+yZv/oQ8yiMhutf9VXJnow==
CR6jpOhGZtgzq2zSZLol1g==
Xc32ZtY3CTvlA4/j3HCW3g==
UcO+9Hta9T8=
rCEneAz1z4w=
bCvKMZNeQMo2oLR2Keny8w==
+B/ldTIB74w=
boa6GqAwa14=
m3YIMZ4FP7G687kI5T9+TA==
FbpRq4VWlS0=
hDFeJg/2upA=
OoyiVbT0cpXej9XKGwjDnw==
uChwzds7GWgvOQeoIHy02w==
tQZhoX7kKEGq/KW1u9iCog==
B/65faM3RgSwtx5omFJ80Q==
Brpcv8dUlpB79065XX5h+A==
Kxe34ts3tJoU7zM/oxb1Kg==
Kxe34ts3tJoU7zM/oxb1Kg==
hfdKtbV64wc272Ojt3nF9A==
XK3elhC3YwE=
XK3elhC3YwE=
1/5wWTSsjsy1LwpnPFp7IA==
1/5wWTSsjsy1LwpnPFp7IA==
0X6Z12rOuyXJeWdn/P+VOw==
cajhLLze1jEBzedcOnFIQw==
k4FK1qWb9RdTSaRZGm2eCw==
wln3mUGwAkoEgcQCANO7UA==
XNd+1ljtLKlD9eN8oSHkfw==
QJvm4wJP6NtlL9H0kYxNKA==
QJvm4wJP6NtlL9H0kYxNKA==
1Kj5ZtYjpd0=
LngiYWDn7ll6FntgKVfPsg==
MrEZnfx2Rco=
O9gHtO6AgxU=
0mdac4AxbHOvUxWP4eKZKQ==
Fjj+iT+H2VeaJGOwKF7DBg==
PxyGDB/EIO3QJ2EN4pqPRQ==
OQtSMFjMXs1XMwwSlztPgA==
KrU44LCzr5tU5kSM6Mz3OA==
0aET3YPJb/U=
RikK26NucBT8SWjHh6WJHw==
vAboH/92ldQxMewxViMUmA==
Zd4Xx2a6YsI067eZlDxmsw==
DaapWucV/HU=
Dvb5XXkUcQ8leLfT94Yk/g==
Vzm90uMyZ0Q=
Lfaw4uD39KQ=
MsjapRWaa9A7iyCAvuZj9Q==
KJtYce1iiRGwvmKS9kwOvA==
LkvMLnRM/n2rfjlXnM5f+A==
ATbLApTP+N7cbm8AarcHBw==
DL9Z+dyKa/D+NGfNEBnhew==
AHVRUeVfin0=
QPT3JaeH3Es=
M6drVrvNN9M=
+IQj9tNeLRao8Nzdmxzguw==
AukNPDlhnYgK1UzJU1FvRQ==
EL9MAqK/Dr2aKSdTqplrNA==
49UON1P378mL3wzToJ6Jmw==
Fip7ZW+EIiQMIiO6bt27ig==
C2fubtK4pek=
pQghXA9DC4Ybk4lR53v2VA==
wLGr4Yn+0l+MpFFIpBrk1w==
vX7QS/uNawIFNAwSkalFfQ==
ONNRUsc4rj+pGLbT9ZQ6LQ==
g4qEuFuMYe0=
mlDERQ07/Es=
f0E5CVhZb4w=
NYdj8aYP0EM=
RGhmbs8acBo=
N4PQIjtN3Jes6VHZAES/IA==
/y7fMS7PrSVWhF+S47oH6Q==
cFURsa0dx2A=
nuT8NzVKaSNs6PPVdyFtHQ==
sqv5xn8w5JgoYBag2929Pw==
suYdvWJrnwE=
XhWdJ5NNcTMZRXhlTkkEnA==
XhWdJ5NNcTMZRXhlTkkEnA==
iSWm3xnJ4u0=
MJ3S1Yz7E9J8TI32QSe1qg==
9tr74WqCLPiUfx2V1rChdA==
taEVWg0GSg5cUARV7dEyUg==
rxyEFxjYYOo=
onNWFqrGTsE=
lLh8DaOMGEA=
DOUPbec/mppAKgYyX/2Tog==
ZeM1t/GsH5ZOkZMmLgmmOw==
cktR/EQUvPVmxfAIq/LxpQ==
zUxt+tKuQGUCt9GoIZeh8A==
1wIAtQUC/Pwr9MyuWBhkqg==
1wIAtQUC/Pwr9MyuWBhkqg==
D3KOPICU5A0eHKMPH+OpGA==
D3KOPICU5A3zGXmL7+tOdg==
gEDgXqrlj1k=
6BGoOyrkR0LzuFzGGcilJQ==
HZugV9+HmZYiqRRwnO8RkA==
1AW3fpMLtYU=
hMzA21J6xxA=
Mp61VcLkfIVSg7mf6oIQ0Q==
vNH7Gjlz1ieZxC4rjxRwdQ==
Qgj/HoWWWy7QkX9flfLMog==
zcIL9QMiPYJ3HtXo5JDbdg==
SLMMHCqfx3OvuKshu66w5A==
nI0Q3MCHRb0=
tqQ8Wc5L8acGnGmNj5jr+w==
rNOQbqFsKqk=
RJS54r65jkw=
hAj5s74zvz0=
u22yzasGyeE=
+FFqwA5dgB7QaGNLtVE5Sg==
NSHGg2hMyjk=
r3gTxT9pWPL1TvBm5hPXyA==
jbfXjOl7z42TiNK5+vKyFA==
FPwM3W1zHf34+7DsRqskHQ==
FABaieOsG94=
NtsfezZ9XX8=
2UAL3VJKAds=
klQf0s9ug3sk9/Ub3Ln2Ag==
klQf0s9ug3sk9/Ub3Ln2Ag==
Dp24xTdDtoBdhsJFV5bNvg==
DyTPDWqcHOcnrOOFQ5yxrg==
DyTPDWqcHOcnrOOFQ5yxrg==
G3Y+1O7CpdU=
9CrWDkKvB0N3tyUN5wYjRg==
CdStGOb1+28=
FZ3YLWMyTmg=
n4glMR7vZd4=
ybGD82Q+FJk=
vLaqAsXo6O0PYghGQSGEvw==
j7uNUxDVL9c5jMkqJG2iPQ==
KG9sW+cocV0daL4nQ7QUEg==
1lNM6OW7MUTMZHMBPvdqzA==
xQyeegNhBss=
9/Mvh7YuLu4dflVL0Hl23A==
i1Uf77c4z9Ryf6NW643aDQ==
i1Uf77c4z9Ryf6NW643aDQ==
i1Uf77c4z9QIOlPJwKl9Kg==
H6nLL/24FfY=
v5NKgjpMltzrm6oNzn7LzA==
EHsMNbM7gHQ=
a7H3n2WYPxcACxonjefZjQ==
iAkP1dKEsHvvXBJmiN890w==
+S5OqUXp4BtZ3VoVTyWHFg==
Ur4kBKCQno8D0UIqCs2HXg==
Bromlt/xhhqhuVMSO4oUjg==
vKQwsp7fUfO3SgkjHUxKuQ==
SLVknQovk6Y=
q7zDUWDuLGrhxhIhnVxAXg==
gM89BXtnlJMfWoYpiTZX7w==
4FIl/9gYkY9jsnQeApX3Cw==
AZyqkbYlkLU=
F/+aEG3x1M/Qd306fWOvBQ==
UJlK19J1NZ4Wp74LTfxxng==
kg8MKzohkP2zCDsDrf+PCw==
xrjXcqSyNuY=
V+evPD9dfdTZWR2HNLFShA==
Lro4z+ykIYM=
KEhMQp5w8Jw=
1AwGm5tJWcQGAZoZFzrtug==
Mx9hgTsor913sJXccv923w==
B1Km0y7z3Pv80g2mQqA7ZA==
VdwMilwMJ1E=
LFORRlOW2Cg=
Z0RRigs4lGY=
9lt5Yh3SDHI=
htmztPQs6Fw=
yL1EWiCSYiNsnNWft11l+g==
oj5lW4xynp8=
NLegatRBrj8nlnuhWTPxMQ==
Z2Y/dXDAgBq3O1id6hpK5Q==
AKxBJ9Xdqvk=
aUrlVH5KSi+HIwoCuw00pQ==
T/VR2dRnnq4=
gWFa0/+NtN9xxmpRLpfC+g==
c83dmBcT8Gw=
K+UVloRpfvw=
IV/awVFnTY55Oo2/GZ1s2g==
FJq7g5gNCKA=
mPA85+FOp9NlZNb5sYq8rA==
S7jjPR6esaKlTy9ShPHcWQ==
vYHG0KNHErw9LnCL6Wc3Gw==
vYHG0KNHErw9LnCL6Wc3Gw==
vYHG0KNHErw9LnCL6Wc3Gw==
LsHrtlHOuLjcQObq1LG1Tg==
Ztj0whr+Esj9bROxgN3XQA==
xxNgFDj7CL65jiVD6JQC2A==
xxNgFDj7CL4ZfodkCCNWMg==
uCiUDZDkQpU=
YRsd9BL8icWVVX2I/Iy7CA==
Zff1zITj13gEHnHnEF+g0Q==
ehgDO4kmwVCcsF/iinFXBw==
GpTatImJhj3xGRmgf0xOzw==
NmrdbAJ9uDs=
4mwRK2tDw4u9WB6FoWAuLw==
smJW5Kk5dHo=
lGOpiD2G+oE=
52fvQt+KzYg=
WhaIXYPjb1e5tfKJuj9qsw==
tzFKMN/ICTLV1ZYpLtKpXw==
W1X2VkRSKezj226NlMBl4VGvLX+X4iSS
IOBOZdcnbZ8iu7EfBL02HQ==
9tfXY8p/NT0YHeVqG70SXQ==
Z+dDKznODZ8=
C5QVZLVJxsA=
7VjFz4F1qiQ=
6mBPSU8JBqY=
lC2ISy2gsyDDpjO0ySSGsA==
Fgta4pgEO/0=
0gZFmKnqF0E=
gStrVUqWCHQ=
bdiu0WTWZCTgfl+Oxe0m7w==
WLiAdvq+QQI5aoJg1vqD0g==
mNrvgHIuRgIjLKGjbWkrMg==
rYR2tZir4Po=
THws6EKEY0g=
HCqzg/XQrpk=
rS98J6wFWUGBXCyF09AeNw==
wRV/1jy4t2MjNWY5H1t7jg==
DHpYe4tupzDJUO8NWwsPow==
Sp3bDnkZFvgr78Y+Bwu//A==
Sp3bDnkZFvgr78Y+Bwu//A==
G8za3+rtmlI=
/7Qo5UnYn1M=
D1GLtziC5Pk=
UCrBSqatvIrHqVMJj61g5Q==
kOODNWtvJEI=
sl34+bKW+qM17AzYa9V+RA==
YVAeX0Vj1qcXk4frjsZlqA==
lpxgVggjQyk=
fF9V+4OF7nQ=
aoMcUo5gLLQ=
J1NBGXrc9kVdEjCqNPe7mQ==
z6hUvZkqB1Q=
aeP+T4Ma5jM=
g/SBb7UlXnCbtKAPeGGqeA==
Mpd22J09YXj796GfSBcxsQ==
f3+vBruicYU=
JmZxCw/oT69U7mDTlyLmlQ==
JmZxCw/oT6/cM3QCAqcuk6j95qSsBxSm
JmZxCw/oT69QWtxPNDTZyw==
C63+nB9qppQUGY0cwRkMfg==
a+LV6FIynaE=
I1l3GeBD34LmuAZMD9ZpPg==
N/ABW9oWkh0fnJ2KIvE5Wg==
j47pzFarDJilSdSXSBzX0w==
5Jlizup58/xYrKK6knKx9Q==
npEgk41drtA=
Fw3RIDQUf5s=
uvnwScDext4j9cvgSTpHXQ==
NxhOwJvhHtIPj821Leszog==
RFF5pJbcpbE0F8c71uGTGA==
3uSAmuARmHWWbuzB/Avu7w==
hpiqXI6YuCmjLcFnayYZVQ==
FjVRpfi7+FpkJmHGorbpOw==
ONHG0zhVbhk=
jWm897tMidI=
yRVbadfO06w=
Nw7rfZHvEZU=
RxYLgBfSViDonZBSDwyEpw==
4o5UB7r6xcA5UQWc01K2mw==
y9Cf80RE57CBhCJH8wV9yQ==
cQST1vsQAG0=
PRs8muU9TR4=
USkd8jCnYAA=
FRRMJML4DSBE+5PvIqqCqw==
c7qSIOd33V83nY69rgkJNw==
Xu/FyA8IA5zw9IBK+AA4jQ==
h1UGqLfhvf3K4nTWFJY6Nw==
+G/jF5p6RmtbfLyi3RL51A==
FZk+JcyfRt0=
rBoMd2kLalE=
yc67DYCfGgil6t4dB3kr1g==
qDOV4f/PSLlPoA9Qbzc6aw==
uytuXmIRjp4=
mOt37zmS7v6ePTTYjk9VDA==
2kr9KYRgBbW3Sj3PTpNjUQ==
7HpS5Sd7vROo00OK2+MqXQ==
6mebR+o6rfc=
SVQG6/FoYM4=
qxMS8WBJMEQ=
9+xfj9Q5FeQ=
VooWR299ayPAlsowMP/aEw==
q0xJ7yrj6Uqt+s8YRfRJOw==
BAej0u7ECI2w25O/1vcLqQ==
yTblw+zfmlo=
DJ9IV1h2us14HG5PxqszNw==
fPGF7uoQo1M=
1o50NOkQwg8=
UdnMs6v7M9k=
cLCqF68nbUxs3orwwgHM2w==
cLCqF68nbUwFD1BmdQcZpw==
TsJOTH1K4LHD7R3RPjrATw==
TsJOTH1K4LHD7R3RPjrATw==
9VYWqGzwnJO8JS70XFpMlA==
Vwdb+CbQBDYnO5bqNHIO4A==
YGBuJor171siTyNjDYSnjQ==
65RHn7ygF04=
f6LjLVMXQNk=
HkKm+pDMX/Q=
yszbQIg/oOAiBH4HjTaP8w==
OlxMVvHZT+eASE13KXOrUw==
PsiLumDPK0s=
gegaoE91FeOltY3irqhrWg==
7mj/JcICQwo=
fc/34PikBvc=
q4RIpFcIrTE=
JUPlcWCn5KbM2vZ+BVBy5g==
5xrArxee5xt+ekO/xCkGgw==
Sh8xA7WJHMA=
3BoXoVyoR7w=
8xB6IkOZDFA=
8ECVBBGqHZY=
35xZx/Jd01Y=
vR7Nu9ng62hjy7gtVsMVZw==
vR7Nu9ng62hjy7gtVsMVZw==
x4OwzvVgG4M=
iHugd0KbjZ7r812WRoKb0g==
GK51nUVk/eTdktAzEJowAg==
2/zBQSuEnaY=
GdVQ1auOtgVvHS5arkXy7w==
wTdNp3ipDbAA1WdmlNddBA==
F2Q9kugJnQc=
68AJ7BeLC30w/YiYqDJoKQ==
sB5xylJMiCMr8nnSBG667g==
sB5xylJMiCMr8nnSBG667g==
sB5xylJMiCMr8nnSBG667g==
UWPjMJQYiu1vc0z1nnSMsw==
AdQCGom3fCxUlydiERk2WQ==
0BzvzueU9naC8vszgZOouA==
o0xH4Pa2YZ06WTLGfLJtHw==
VaTl30l7J6mKWnH9FcsyWA==
VaTl30l7J6n09IKHbEj4+w==
VaTl30l7J6n09IKHbEj4+w==
VaTl30l7J6n09IKHbEj4+w==
Dzsn7y1/RvTGtxWM+M++uQ==
uwdJFJ04KxU=
mPNyyKICqVc=
KLyq4ZC9xoM=
F+fRz5VsiL/gdd6BBMLV1g==
CtwFV60vsmk=
CtwFV60vsmk=
VKPSe9TmtA7fv/uNbvTD6w==
MweJJoWbAI4=
MweJJoWbAI4=
4hFqebhOJyTsK0WngtooXg==
Tty1cSbrARRH2uBu+vLNbg==
STK7IKCyc1Mcc068k8K5ZQ==
gwBLiOIHDr8=
KHwVGeqlIcs=
NattLkmf2fXLYqFttoe9bw==
K+d7p3xBKoU1pm6cxF9r2A==
qTpyPSdRb1YKm/WyuVQhlQ==
/4cwiLNMZjw=
/4cwiLNMZjw=
Ni8Vt08IsEQ=
DOYvwvClYGUt9CMoN/h9aQ==
DOYvwvClYGUPiNCmWcPn9w==
DOYvwvClYGUPiNCmWcPn9w==
YNp41VD9ORMvqP5ZeJyM6Q==
YNp41VD9ORMvqP5ZeJyM6Q==
xYAg3yQIq3c=
at9IoTy1Js4=
at9IoTy1Js4=
/ja45hZUuYTjBFRjbddBrA==
uP0l6s0PEV4=
4gOBGHiaDFKjXJRRhq0lvw==
IuP8+54r+SmworAbT23mxg==
IuP8+54r+SmworAbT23mxg==
9345m/UM1qSz1Hjc1pbp6w==
9345m/UM1qSz1Hjc1pbp6w==
9345m/UM1qSz1Hjc1pbp6w==
9345m/UM1qSz1Hjc1pbp6w==
9345m/UM1qSz1Hjc1pbp6w==
9345m/UM1qSz1Hjc1pbp6w==
FC1rQCS+GDI=
FC1rQCS+GDI=
R+spbttIahAVbnhlLcq+Ig==
bGSBjSMgDwHinVDT7Iuy3Q==
J0Fu02ap/dywtDWqHo2Vag==
NklCtvfE4vsJnfAYtlVjQg==
NklCtvfE4vthJaxxt7Ly+g==
ws3U0jmrmzoP8rbdqV2Jtg==
JWJx/Ek7p2BajRgExustoA==
FUwbON57aGLcLveXNOfF8g==
KG8Xg6NxYPl8bq0d5R895Q==
RKP+pY6ObNmT8fQ/aKgbfg==
DtpE9XFuN94N84va8wz80A==
OO9ok/FBQ6K/bGPrQ26+5A==
r7sOFeIcFAQ3U7xsHv6Z7w==
Vx4VTp1b/TQ=
PjOnK9UzbM+hUhOpn7GtqA==
PjOnK9UzbM+hUhOpn7GtqA==
3lz31YixZrM=
IOZ+orDRZUw=
d5PH/+rAy9I=
uHk9tYUVQrQ=
uHk9tYUVQrQ=
ElZ2+BI2LZx6GI8r4CdEoA==
ZwLpVNNbGOc=
6ZMJ92n7zHU=
ceFGxCjFvm8=
OT3aOnbTn1d09kl49kD/ag==
OT3aOnbTn1d09kl49kD/ag==
pwSd/jI+aqg=
2fET3dfMx/0=
/gaMG0woXxj9KYg/tHDwKg==
Nv3ZkZ4/fYtuYF3vhIKCmw==
zWFTfnBCDbE=
oW4DdCdb8NY4TbIvdx84jA==
tBQMM5kQOLvsynXpMRia9g==
e8FgXqkCrojKlBfstIX1siZ3xPofAvIP
RXh4RNPOCKcl0HF6sFqkIw==
jpIH2+4e+n4=
90rVYGKBDNjPl7WQClxn9A==
VLorMpDMdic=
h83docWgq6Q=
95hq1Dd1Olo=
NwCimuxHWhM=
dCfVzxAWzgdJyzlsOhxJqw==
haygnTdKy5w=
9lVJ2CScDzAsMRnzGpZT4Q==
9v7PxWvbop2KHdt7USnqnQ==
mZRyjQUlirATh1ApGHvqWg==
06IpKC6yW6s=
VVya+/bUEFM=
VVya+/bUEFM=
uTkbXLfMaMYYUuvOEOU//g==
u95euhIXDmI=
PtgXbKWN9S8=
Cxbgheo58LI=
BB1Y3WZb4r8QKHVM4/sgYw==
c8PQ0SKgzh0=
fNuSB+dBlRs=
CxCGwIlEt0SIgDH2YUxF/Q==
QtxeWrUP1TMhvkf+EqPIBA==
ePpuaJKcE8XVLrLZ0ZCIZA==
egNFnQynuEw=
Xe91pefPibQ=
dLOliYjLWuFq8R7gantiOA==
3JPAKrdmTs09koJK6mr7mg==
asNjNQm1z4qNcJw0TxwBZw==
i12P3qj0MNxeNEySb/1KVw==
J77KPfAmqU51XEbkpYSa+g==
3LIWDAd+auE/922g1Qey4Q==
3LIWDAd+auE/922g1Qey4Q==
LoCJU1eaBERjhyKiv064mQ==
Ye4BPjsOtFG2glpFTvyz4w==
pWmWxMKyyPxsVhzWqyZ1SQ==
hbUQEGx0DV/RN+cTs2QeMg==
hbUQEGx0DV/RN+cTs2QeMg==
tpoVJMKhuPXe0HtD0RGzJw==
aJXjr6garD0bvxDAfD0CJQ==
Mw5zmeH5LuI=
Guci5u+Zb1c=
Guci5u+Zb1c=
Paay1gFVPvY=
FiixZOP3lZj2Rl9C3PkWPw==
2nRWCK7VK8Q=
q4m5NO/3lFwAzxSJG6E1RA==
EuCCx9A8r/k=
8QXL6OMo4KA=
ZRiqS8x7qYY=
vNJpjBRMtxAu7RISi0fsYA==
+UX1KFUdczM=
IE3iMqFBYbkO1Jpcijr3pg==
Pk6W3J8WSog=
EK87fOMT198Rl2M2VNTDaA==
WUedPf7t21U=
ZclhPnsz/pE=
4pEfeAwVsTM9+8NGslpRig==
xgZn3ZZ8IWk=
HC4xX724QuMiCHuV1AYkSg==
ZlXcW20mtTnfZyjlbZaEhw==
ybB9wDKaeiPNU+oTLZfz0w==
JCdmpfFXA20=
cy0Mf5UnCIdQ1D+X4LgFTA==
rwuPgnELxi1qi3Ep7das+w==
2Sy9+zUUZxNioFpJHGWviA==
qbpeXNd2r/sG/uRcC4EsYA==
SryOfKUMNrLzxikCU7l+dA==
E2m2hGghuU8Ep2clfV1I/g==
KARCjhzMJH/rBVah9/jspw==
8O/T/P6yp0+9pEvRhGA28g==
UgDacvlKgdf/k5RFvGVQtw==
3tFpZJ7KckP0hf+O4y93Gg==
PNKtJcDWro+vlIrdnLQ6fw==
GU3WqbHwJWA=
7XP93mCz5ooRg4dBDSbCfg==
5cIU0Y60DHfIhi7Eo1S0WQ==
WIG2IMiPRf87lO+ZvEJ/yA==
GQHVECHFi7o=
/IZRDhtafwpxxAjkqSeIzg==
/Z6AqhICXwSwjzBZpy3QsQ==
PL8p594m697CPYGKHmWlxA==
sz/Uf96OCJ0HQzrpcoUw0A==
KVID21ysWs328ZYvHTTTUw==
EeLJRBwjNPE=
mQztsklOXTNXb/cnsBZhbg==
6I8CVspDQ1I=
Zo3xUgLD7N2QCgDVNp+QPA==
GJVSXzEZ9kg=
GJVSXzEZ9kg=
GJVSXzEZ9kg=
ZKivemSA8uMpsOXaRQnwZw==
CnVpt/Dlf2o=
EieCKegDccowIzlsMlnYzw==
EieCKegDccowIzlsMlnYzw==
hrPjwCuMaT8MZwTgPL/OFA==
KQPmEVnze6uV/KWTJPVFjA==
nT1qBiuownk=
y3Tdl6z+4Kg=
EDsvGfo7WgQ=
YB7mVKIIf44VXlZy1MUhuw==
YB7mVKIIf44VXlZy1MUhuw==
ki1Y3LE6hss=
kp53vzNt0q4=
+OMSH8Vb3xaOF1L/s17Hwg==
qXZZzMtg/qZNpWNDfcfRdg==
meLPjlXbAkM=
TtW1smTw/GA=
+Zj83I/g8I4=
+Zj83I/g8I4=
+Zj83I/g8I4=
fkPR6i8amqY=
J5cXHlpicuV8Dz+XFTJymw==
mxfIkz/cs8g=
UXeHGuCCEkMHX3a/2TulbA==
J/8eoKC3YbTmKd1zaROKDw==
MHL6+eQyvFC6R02bho/zRw==
TiU3kMDemr9cS4GLkg7fbw==
ysXCCNoROvI=
QfQuyyazBfQ=
EZVt8ZY1LbEGcYEkmwyNKg==
eLpxyCkbrb0=
Uyo9KrrmR98=
SiPEjd4xU0ZFBiD12c3VLQ==
GX/CwryrAO0=
xfK84Fi5oPUVyO0OaJvVRA==
xfK84Fi5oPWdoIJwJ0OeGg==
6eBxeOPT7J0W4746G56lNA==
oy4db90WLGNxVRa4X/vqzQ==
bNQZD60LQ5njIBw9U+6Ovw==
ZNembGUor4jkgYHbyhTRpw==
ZNembGUor4jkgYHbyhTRpw==
wLyCiRD3IhL3TYhDJSxD9A==
vUDVuDCvVpL38KBapYihIg==
kjCSCzlGX9VGWjkpPXNKdg==
NXIfGYelCVw4NT4WIwr/7g==
ivmNZSC+Nes8bUTscQIDSg==
ivmNZSC+Net+p0SgtLvliQ==
gmSwSNRKkndGhW1BRccZNg==
gmSwSNRKkndGhW1BRccZNg==
VbSTwRE5z/hupOLU3zo3kQ==
DvzKDdqbePOv9xO/OXYrcQ==
IhEzR09s4tIA3O4OXZ3kTw==
qqZseno6kLYcMc5kk2RixA==
b+SIYGg6CJcsBmK3qTqg2g==
COLIHX13IXg=
GwrJVBNu9bo=
DSMM8WXbnXA=
CjJPhWVccLoDgYAzc0pr/Q==
UaKMIIpwc2g=
jFjLREumN5c=
YL7srekb73aiv2CbVJjSQw==
wvd0npFeIUI=
W+kzZSJcsJInOKbOvD2aIA==
sZ5q9gn19pw=
3Uv8DKQWtYI=
8SAGXgFNM/Y=
7lHeq9u/vkeVZh8rZA5lng==
vBAkVgN2XgEetRglxr9a6Q==
Ktz1ajGp3C4=
ttv9Jn7OH+5cCUtEteaEvA==
8ddNpIW3Pv/YTCBU3NRykg==
aSAM4Jp+BJpL5nYppfr/SQ==
aSAM4Jp+BJpL5nYppfr/SQ==
bGfQ1VTHRzs=
bGfQ1VTHRzs=
xVo5L5QUkOE=
em8ZGaPODuK2vmr2QWytlA==
8sqaq88auhY=
XAreFCkJNO8=
/132dRmJkhg=
/132dRmJkhg=
m9IA4jwOTaY3MFzIr6KtKw==
UjcDQhbvbyruAe/Dq867rw==
BX7A4NODK/U=
vTc6HbqLUnk=
kURDMJcW2mo=
XF2sy9gOdK0=
z1po5ODPpCogcVwzkgBcEQ==
7OPbwzDORpk=
OUAIdybD8a6vpEGAjjFKHA==
dcs1l5xyOao=
bLHvEgL1XSN6Oi2lRkdUsA==
C8AOatPyyx+hymliAoCj+w==
V781HkXmhwr3RRYk09zlew==
4fqGNYHy2HE=
ChyDpR4jiIp9rHi7eny55Q==
GAncQEJd62k=
T6bTcfp9E5A=
T6bTcfp9E5A=
T6bTcfp9E5A=
URrKnY+y38DY2sknWEjsNg==
4fdRqhd8XAEusNiEesH5Ig==
hohqrA7HOseM4TCRakowhg==
XeCNk/m75tU=
+9AWIKtjaMuRs65Dd9yfmw==
PdGtuzLEmcF8TO1IGtKF1g==
IMEFk6q9XLw=
ftnIAVLT1Sg3FxrobqgQsA==
44vY8hAvpUXgRT9reSeKDg==
6jLe558EzZFKqx1ifhNCfg==
V59blX0SuzI=
2Sa9lQ7kPOU=
KnRnDYzCJyFmv3s8tMlPhA==
IkgWI2S69zM=
KZW1c9ZTsSc=
SlaBkvd+Zucrs737ZuljTQ==
FpiR65xfqbo=
g63JPOBjvyU=
8InnwrP9msFBGzM4F07VpA==
okUe6NgVdm71rnham/ipsQ==
XWbUPXBv4yaqQS5BPNvbuQ==
1pynzmSnSVucErNCUJBQQg==
qLu74T6lHn8=
0y/LMfTgkN0=
vXQTqkuCBROhCj+huFUdcw==
bkpTqoEp11VYKnRVNa++/g==
NtAHpmrnoXssYWyxUkf8oA==
2hKs4vKmYgmrwDd4A3pJAw==
oqeIEH71BeUhwh9k+cX3Xg==
ASVI8s9XAiP7azzkWjY2Ww==
0zsScdSd8rU=
x9N4GI3vv/0vozFc1MrSQQ==
JRwGeUlm2c1ftBLKvQPPzA==
wriscdNmuW1Og6HFUFaUQg==
IL9udeekatNtPmfNl/Zt/A==
IL9udeekatNt90ex6NL1pw==
7PQnalsqQWW3lVsXwaqnoQ==
tZCgz+GXXOn1qatZHTWLmg==
Xzq+Mh1W0uI=
IhEzR09s4tKu51q8CdvPVA==
sJsk53pAsq82K7dFriUXpQ==
ghelsyC8+Y5E2Kwix4SwdA==
OgnRKFQ3TlI=
2tMK72phDV4=
HOioLrgfOXcSB07cye6qJw==
mXmulBbcyrE=
wxOMF+2+DGY=
YvXYaeJ1mkU=
cBVhH2R26/g=
ZVp175blwzw=
altc0I2RkTI=
AqGcQRFaqvQ=
XW+RopT4xdAlL7HxzdIE0Q==
dAgLZ1qn9vsvSd/UgjI7GA==
dAgLZ1qn9vs2QwmIT+q4xw==
jCl0Wwk/mw9HVpv/cx/pFQ==
NCLh/QuPXKY=
WJjUDjRFMms=
GPVuIjg/ssM=
4gqseOD7gWk=
zMfHILD0K0Y=
FkMKvwPK7fQ=
zq4GOcm9Ll0=
Hi6ubTEFEuVtAdvwVIN4TA==
CO7JEZgrc4U=
SWu9Qrh4f/Nyd7NgU9q2gw==
HzJdU3aSVkzrCmalUWLNYQ==
9sWeRE4wqJaOOdKry8EIEg==
t2oYzBY8HEvWDzr6lD1rOA==
mleyOrBFSUwHtWlI2y0M9Q==
mleyOrBFSUxVCS/iHQyURg==
z2n3IIMpzqQ0RWYtRNqjdg==
6Bk31YrjQHjgimFKpjwSmw==
SOuDJrKh3CJEDY51wtONYg==
NcMC7AdT4s4w44afHRG8VA==
DryXpFoThrHWWjBkIXL7/w==
F70N7XUHhzk=
OKnsmUjfUqc=
OKnsmUjfUqc=
QgUn8zuT3U0=
yv/06sdvkqp3lneQtyUuZg==
K3xsLKhujaeeGa5SnvG60A==
quYxg+DfYz4=
ao3fq8yi6YM=
SivcD3URgm4=
/yZtwwfArv5vTs91OeV2NA==
hvZnFbCm5Aapr4Umgfivww==
EpYmz+fEXoe/pi+1DgXWTA==
uXBwiXICBKCqQvy3uTNFmw==
QtAW7D1LyBuSMF6aNJL4QA==
KRpL+VB16VM=
sUXyNGku5f8=
0S+XK9Qvt2A=
+UptKnc5oMXEtcyQy+M5dA==
Mno0jSVl8mPeEOAMJYaKew==
ybnog1Fvoz23Mqp0b57yOg==
lOiCAbZbZY0=
lOiCAbZbZY0=
Kq6sXbqrpf0=
1BTVtSRjwKo=
ePkMQGcSabQ=
N7+ugCxanPXJkGVwEf/z0Q==
N9y5sn9EshEECNnwrQ7SUw==
G/b67UR1pLktuKg7FMvwig==
InnGcOVsRWXmDxbelumUxg==
7hXVJ80cHiw=
HV2lnU25B8ubPFiWtoGF4Q==
CERo8wDPDMQ=
CERo8wDPDMQ=
CERo8wDPDMQ=
izQgg5w9YZfsvBFPjOHTrg==
izQgg5w9YZdkZPFJgjriFw==
mdvkk7SJdGytZe2gkeSUHg==
dNwhEcLVKbU=
6DCPOCRgkvE=
q69cVsmHsv8=
q69cVsmHsv8=
hr/9ms8EyAXoyyp5S9JFpQ==
cSW3jOujSaw=
y7F7Wv3yLOE=
WDX8d36+QUE=
syqPMEJ3rTI=
Jzj42MtWaCY=
DT0/RqMtooTVYCU1o63/VA==
DT0/RqMtooTVYCU1o63/VA==
DT0/RqMtooRY8OtxthrObQ==
L59iKaCee7bRVD78XnHXCw==
OrDVKQnEc8Q=
vYxCAt3286g=
lY3co3y86jczzgaZsRCuvA==
aBEBTtKKiT0emKq1bYm6fw==
zJdxKNf7HD/C9v0hQvcMog==
jr2AEfl8LuOx8FxtFuG81A==
jr2AEfl8LuOx8FxtFuG81A==
/YZ63druE4I=
ZGlHXBU3q9k=
X8iRbifaU1w=
yjU4ns6HHLM=
qFue1+xCmjg=
wo+73rp10m8=
3jiDnVoe/DOsLTKxgSjg3g==
3jiDnVoe/DOsLTKxgSjg3g==
EdQtyjRYnK0=
djNyICwkjQWjhdZC7tQ9lA==
Zy4QuQBJaTAMmfB5bd5SOg==
wrbihYV0qGb5LJJ/t6cgnQ==
wrbihYV0qGb5LJJ/t6cgnQ==
wrbihYV0qGbXifKhvQhx740utE3binlm
qnMWRuCAqWI=
lPrNrlu1Gm8=
ps8b4LN58oA=
lwNNHwEl2K8=
GkOs+59vvbBZ2G5ao8DFzw==
0IGkKNhTr/h5p5Dyw6/E5Q==
59EeOPILzjQ=
9UeCGSKc/IE=
WtSRLtt/7eQ=
XBuQIPA5uDg=
7AJEGrRS/Gzobfi+IbKr/w==
MPu8zbViFz4=
TbQV3cfwDVLaYm0qu2bbeA==
wyGhySwHDxCwoP2a9VzgJg==
sP/VhlhoXykgIwd+f69rZA==
SiUDyB65BEjDuXzrJPysGA==
sPSoX0iJvqckZi/TAdJd9A==
RJn7UBEd+8I=
BSB0c8hatSM=
Q9oK6H9Jews=
pAamqKzyk1U=
EK26btDVgWiADpdRyPtbtg==
EK26btDVgWiADpdRyPtbtg==
CHVJjvddXL+IkG+EhESnlw==
CHVJjvddXL+IkG+EhESnlw==
EIFX5E0Xlv9KH+iZYLIndA==
l4ENJtVOkZ8=
Oa+hHgprulA=
wys2lVKCU/07qzh3nw2o1w==
wys2lVKCU/2RYJf1BalTLJ8BctR3Zz82
qqDbg2WhLcU=
/CiBOEsmnRA=
I75FSu+QlBo=
KKjrBICmyyw=
g7NNMNCz9YY=
yWYwxc29jwm0n2XotEcjvA==
76yfZJJQuic=
fEt+ym0/34g=
fEt+ym0/34g=
iiaoWTJQuFevFOr2ZTO0Hw==
fm49+FV5OT7nUJi4/CazCA==
eipKJOYyswqGWgbjgWEBBQ==
rDK/faevRDQ=
KMqUdZukMWU=
MkUDBjn1b6Y=
2NzHdJ/hH2otURuiupOSlA==
xlAAKYJUpUI=
N0Y8ehCAFZ4=
N0Y8ehCAFZ4=
RDvitAT4gYT84NUcWB1aUbKWMfyjrxOE
RDvitAT4gYSpzFiO4pIvSg==
AFSsXuUFbjf3r553CBfpyw==
klm/TeHz8TKick4MS3hzlA==
Rqz25Vmyn05GRYZePEfAyg==
Ek0c4WJyZ/WPolR1EED6Ww==
LL3jCnUk3yc=
ZY7gQnfUcGQkdUxRhTVFww==
+uy8s3prDtdG/CsBbQAkTw==
GZGUgoWcUz4=
rauJO0m5cVI=
0iiMgGqWAFQ=
eLTiNFyzqVCqEm8MEkF41Q==
Flly3RzfHJcT4YCoPCsFDw==
padsXkh0El8=
dZSPGzho57Q=
Ji+iGIXH15s=
Ji+iGIXH15s=
1+uUKirbq14=
1+uUKirbq14=
3AR9VF2tlpo=
jUogfNlFYHA=
5cak+o/GWHyUmhPSOJ8pyg==
TfJ7SJu9+Zo=
PAGow1ANpiTmg7mWZ6AUQA==
RFciAM4DDLbz0S+PgNKEVw==
cqzvh+mcIhI=
furrOsyV3ow=
bDRNSB58Z/Q=
gLfvirSA44EsM6izOboHdQ==
ZVevUVkflqA=
Pq01zsGtWO0=
4hXdSDG7vFs=
gBO6E9VoWUA=
6+gUCHwb6Wk=
ZBDkQhJvu3w=
dpD0vXUe1UhjxZ4p7Uc5OA==
rvzxtZTi9DPZ+tuZl/DgmQ==
+Ek7xGhMLLUfj/GQLzI9rw==
Pc2L2tWtvRw=
Ld1uKI3ehc8APi6E34xmrg==
YnxrV8y/eO1sl2kecJFJsw==
ZPO0t6wzApovtblq9Oy+fw==
wOJHVMEudWpwNpeAa7DfqA==
AV2oaBRMXwzEZ3+Je/Kh+A==
CLp1e7ZlwRk=
cpqsF5sAQhnJJ2lJWb49/g==
cpqsF5sAQhnJJ2lJWb49/g==
GWsVY6VqD0pbWmTZXzKeEQ==
foy+dXtxOwY=
sra10s6Rs7s=
sra10s6Rs7s=
MXqKsEsDwoU=
d1y1cMo1Wmg=
it/tZH07QNyVv1ARiyKHmQ==
YPdwgVGMCqI=
VqAyvo6M52w=
w2Lq4FTocStAnYWd8YidGA==
CDQbrr46Hl4=
pYtFZOHz/F8=
LqzBFBkCfQg=
MLVskdsyIqk=
YQrN66TlkLNlKWdYk6A9+g==
PP8Rtt9GiiOOr+tpOXsiYw==
uP4OIyWvpuSxRarrtp2DMQ==
+G8pSDNKLiRWoeijuHt0aQ==
N7G+lAElpGk=
Wvhw1YMZGyNmPnqMvzXm0g==
P0RUzWgDsbg=
NREOddoHpfg=
NREOddoHpfg=
v3j5j+YJGhf25PxEHIxuqg==
okVuHdhzv2A=
Pz1TBHV9ifrnmgK4iTGJJA==
Qi+GQcu4Rd8=
fCdEDamItjA=
DQVdzwVGn/zjOEfo8sWsNg==
qsoWYbvcmV0=
3sZrb8kA5HT3oAeCK0oANQ==
dNt4luvnWw7mp9R/hwpi6A==
DpXcvhC6oi8=
4c+7U/e2PPP+Arw/n5koog==
01bnRkscry+92nbbAcbuDA==
X8Vn2L6roFk=
oHuAveD1TaA=
oHuAveD1TaA=
oHuAveD1TaA=
xMymMGGnpZY=
xumkPUnZTQU=
BjjQVuOg48ybjdcq7FKqVA==
GzCDVfageme82sjfPlRppQ==
XuzwakuIEGStfmEbf4w/YQ==
1NwWJewafuakIWFvz+yeYA==
7DCw7eUAzZvJAWhlgR45nw==
1qz3deoWy7c=
6rj0JIJLk/4=
GgZmaGPInig=
77yQ47AMpHk=
fLb5aJRwYZv/SpXCaRAOUw==
rKbL8/KK8UeKp3bFYLiwmA==
rKbL8/KK8UeKp3bFYLiwmA==
rKbL8/KK8UdVHQQGDj4UGa4elYF4T/2X
tbvLTI4qA0c=
9BwrxjB7lOZm/8T5qWhK4g==
YkB4Tfr4Y1w=
K+oOohOdpnI=
pTFBfKS7mSc=
oLG5hbCGY1c=
5PCz6ud62rA/iV2mdMsFIA==
ERckols3auU=
zQ2625j1YLs=
gb3ZfQZJThc=
CJg+xPbCLoI=
AltWDCledTJ/aOniy6Mi8A==
Su6Pj/M5Pv95AHlopUwPJg==
EsmlCCN0Tw8=
FXK02mpQwXD0jDwRlOWM7Q==
ZL+0z344uwrVsJErXyS7nw==
jLF79WnmYi4=
QkAXNGYnz50=
aiqLZaN2WxuXKFVwNLX3/w==
/R3cxqCAYB4=
09HyMyH1FqcxTC4At3hK6g==
/ckl4+gAmNv1yN7CaGMZbQ==
i22Rb5V+/1g=
9QjbIcoB62s=
y3DxWdMTU2g=
IzBckNpUhX9KPX3gbKi8mg==
MvUTWkJrInE=
FH8tBamEo0Q=
35tBruKxeS1jiReQK3Hu4g==
2Z4cubKuMjZ4NY75Bg9Xlw==
MxZvt7fawxo=
GvRs4Xyj6YM=
VC1QZ8Ju25equ2ceibW4gw==
UmQehl2e5EytkqODtq/LLA==
LRObkzgKje8=
6SIQzg8alZagYC/Qr3oCWg==
iLnHyQKKr9AT/sWikvlHcg==
QU+4UP4EJcI=
/5OEoLafHFrn+4wbjwF/4A==
wM4sdfG9mGhYjOE/2lUZfA==
6ptzdc93uHE=
Cj7/ZrLXYas=
3y8GmezHaUv7iLTY9GFzoA==
md41YoRXwxrZj0AFHTBKqg==
TouWqFRhULk=
c2Bor/whbuQ=
FK0+/IkyU1dihiuqCoSL/A==
V0D8gSI/lqe7UoEVWwyoHw==
rtoU/PDyGiE=
yB5pLDmg+ig=
qQwAs94OdSn3612RFlAB6Q==
cujbL9f5Sj/d+Z3Fd9f8cw==
/iSIGlbL02k=
bjOGNDaQTmj9UUH3l0pEbw==
3uPIgxgfnt/vdS29JqMduA==
oklIsDCdZqfcPyDJZ2fvAw==
Een+Azy7XiHAnVXfxDdFIA==
F46XtzWmrzBQwy6BAw56wQ==
F46XtzWmrzBQwy6BAw56wQ==
QXY/6RiOuTMb1X7YY4vEpQ==
QXY/6RiOuTM3lpEXz74Ukk9KnPRqXbxl
uL5LTRSh/H9I+nSzKaEo4w==
tmplsDvDFdw=
7llD8UQHXsItCdFmd4pUSw==
rpe03uYUK7I=
9HAr7ZcyiYw=
aTxZuUwH6lWSErxMxlgbHQ==
M57Y5sLQOGM=
zDvf/15tFU1wos9c5v/V0A==
zDvf/15tFU1wos9c5v/V0A==
wIT+j9jznoU=
9u78KCenDTg=
ODnJJqoqonU=
wxsXEr/03CZTifgXth2pig==
IhG/TBQjPWE8RgRQeP/loA==
Awzog5XRDfr+rc8trtIcOA==
1Fm/CwK3PNo=
pw/F5Gng4jc=
8YiQaDvWFetBvCXiBy86Jw==
h+583nl4CWWdCJuFIbYTvw==
yEwKQIcq3e7oVxFQu7Dspw==
SOpoRN+fCDkTfRclbxBkEw==
kCgzzjIKc5M=
bhXfTlpz8FqXfq46QVMoxw==
d6nsu0ypmo8=
eLq6AvJUAu8=
ghH/d7fzVRvtwhu27k6Xvg==
GzXNcQMfweVkIAa7tzH8nQ==
GElGZSPGih7ehQMLHqmMJQ==
fvj9r4tnz6M=
4eBc1Dkkorl9jyNJ0H76iA==
Hm+46uNjesM=
MTTAFPnncTG+3klf1Br42g==
jXA05i7Kpmk=
JKQNEZLA7OtWc+kWSwiaew==
7EKMIM1wd4ltI4Zk81Sdmw==
shPCV9PPQQc=
p/to59uWAiM=
Ge2YePXfKmE=
ivBrkCLMW2TMPnuAqRKqvw==
ivBrkCLMW2TglGsCHrdxqg==
JjMziaD2WGg=
ynNEbThgJEhdcNBEQImyBw==
xlVKVOxngF4=
5jtaZ2mmQmQ=
gllPuc1YCtQ=
XA0EJbckbII=
BXJgHvcJa+4=
isdIPIsg1qM=
TL2Mhu/+Ei586jmXlzVzqA==
yt6QKHF/i18vapTn9hXuFw==
mEpjHWObEjg5nTXEjGcrRw==
HPkxaOxKYgI=
ANOehRPpuHk=
ANOehRPpuHk=
vRmwQw3fOkV4ztOYuH6wSg==
vRmwQw3fOkVPvdOLbVBEnw==
mb8dA4pIu3s=
zAtqMo6uWWVJY/TbvjhqOw==
FxTSa06gtQM=
FxTSa06gtQM=
ZUwWg1Bnx3ztUHvsFo7lNA==
Cqi5S68zWro=
LoEmKs2YA04=
szYh73v9fp9+59SQ9QcAUA==
WElxO1lSE+Q=
kclKenLnFDalSWVs5OA9mQ==
fGwJj3vuKMq97SqUAYgBWA==
JFzOc5uEsevEeFzbFcaJgQ==
zy9jI/2/7jcMaHiuIrZSjQ==
jVBE3xbCyQ0getLfTl2BBw==
LXlG07GT1LAufawlRW/iCw==
Z9Q/c2j00PE=
489lgKH5jdo=
NonoHUBM0Mo=
QP52ceVtf5erlsH/2k1wiw==
hO3xrV0JOC0=
5wo9J6/PmPo=
lKXTGVwwkGY=
kKVWtW73vgE=
hulUTiK42ks=
MVVkzldQOVy54rZ2mmrw1A==
K6f0cylnM4w=
gpHSVO9q8b4=
w+/LaSra9AM=
MDwcj0pBd6Q=
XyCcR/AD21Q=
MQ+VlGML1VhqXwPvQtJ69g==
hZsnSS/neg85mltdIUJgBA==
8JnRV72GH/OuMpbATP9ong==
YjKOzLT7Mp4=
J3PxrHfwvBE=
c1KyHlAWhx4=
whAmA2/zzjKImW5HZWLtdw==
V5JJc8kBayWN38U6qTmHVw==
AcTGpdnd5UTr7UxEsH7SvA==
uhsOvSb22NB9ZObY+6y19Q==
uhsOvSb22NDNNcBya4inng==
1jpaX0Y9pRw=
WXXvrEdc/lU=
9mEBfzqzan7FkZR5ZVrXuQ==
AZv0X+/BPV87UU2ljdAfVg==
rs2RzcCD8kI=
8kGfqHIx5YseuRzyQjtW0Q==
c/bcW4EAhdQ=
IdfcUasdLqpJAzj78Gq5dQ==
8Y8QJqwgg6U=
wFZoTjXlt00=
qZCkaToeT/o=
Z6weaZckRWc=
wJYPJSHtTSDf5Zl0mjUmgQ==
dNhF8YhRAEs=
TjXHF6VANBW1BDcDLzt+FQ==
XFV1feg16PG3FdcdgxpSGw==
F9N14Xcdd91D39STnBRXug==
XhB/Zxkavp8=
vuO2HZYNTviW3ZV1pOWC2Q==
ghtxhl2C35A=
mbYE5Pjpew4=
Mh4yyw5QrcU=
V0TtWBu83Ik=
UxXG6Yc1EpamRMmAl/QNvrtWK79qXe/j
wCRg2bbo6VeSb2KD8txT/A==
5bf8hT+WIsXXIIR6ReTTrQ==
uChwzds7GWgvOQeoIHy02w==
uChwzds7GWgvOQeoIHy02w==
bl2LE2vCysP7aWLghQhCOA==
LxR5qHim050cFJCtWIHeQw==
2CZA0CVdxr2VasUWd3mWOA==
X28ZaKO9/WkzYOq8S4X59Q==
X28ZaKO9/WlGJ13jBBRX0Q==
X28ZaKO9/WlGJ13jBBRX0Q==
o2sTsX/lcVHsKyag0/Gcbg==
CxLhvKpuHmM=
NIiUTotgckMEZhDkO10RPg==
RZIBectdv7ZK9HOkLLkUhA==
346W7x2sHsLavrQkw+d41g==
VTKGVF5CXCHLZpHwfg3JDA==
kiWfyN8Ov18=
WiNHD20beWL0gw9hObxYxQ==
ys1cvmR5VUBw6aa8XbIL9Q==
6xzcTGuquCBVyPpPp4TY9w==
5pvi1sxEhek=
rlZEzzLR+pw=
OZpJrhnmzMQ=
6iyQ+PaFCGpRCoDNpAj/Sw==
iyeC1aN0UB0=
YnLAR0cKsyA=
XDDK1ZmEyyZpJZTPHlkR0Q==
lkkRjB3XMjt9M5LkoOBWRw==
+JXo9knwEqY=
MW3gWBYMbKI7NbA+kv+uBw==
qvtbKY64vwu879o+qg4fXw==
goGoVov00qgCzAJu8iqSDA==
lzys3baHl3AAixkTRQB4gg==
VHJa1f+vipo=
Xrn5A3/uqjXmhU26f3QxaA==
zQxRs9h9+/W42qT2PYXUwQ==
Fe5/x57EZuf8o+JG42+5/A==
fpaiuv+sJ4SS0YlzNxQnHg==
GGjdvovg07s=
yGz13y0CtE0=
riyWvElLze3IsLO5r7iteg==
bkkQpxGzuGk=
vLw/RLAUeocP8aPEzwSseg==
rNELXlZtEE4=
2Zmgwsf6vMeIG3jVKyC2pg==
2Zmgwsf6vMe/Mt2iazxYmw==
NbTK2bGo35bNfPT0WGJU1A==
lOp+HDWorQs=
uEppWZf1X8w=
GAUhMIJUC5BrilmWhuGWNQ==
Wz8pJ/nVzlk=
1wIAtQUC/Pwr9MyuWBhkqg==
WR0IY5OfUvg=
H1TtZImnxEd1EPqmLZrVwQ==
yV9h4FUi5ag=
vB+DLd9pQoM=
LI1/r3nhz6A=
DyTPDWqcHOcnrOOFQ5yxrg==
l5f6BPucGUJ+VhEkdf4U6w==
l5f6BPucGULLZVO28Ez7dA==
LLdq+crLuXk=
1Qvzixd2WJE=
kxMWVyhZoIc=
GILU9JmmscXWFoHQ2ghjWA==
/xjhghuKWP4=
6shpJVT2ZoY=
39MgwTzkpDc=
GfLfLiTMDUU=
uJFs4SnxPZOU3NkvLX4DxA==
vLaqAsXo6O32gb7xuECUJqaBveae3CkE
qwg9XuUfpNI=
SXjmReDuWij0CLcRQiJLvg==
7IqW2D4EN5E=
+YNXlHt/EE4=
PjuZv9lIPdM=
/Hb45ZUBnG9PJz5jk46sSg==
YPdkb/kPbNBDb8uFGy9PhQ==
z4Vc2ui0B3M=
9xleK4vJlrZHI/VdOyI46g==
yoV1oWsYSyEfSYwPxW1glA==
WB3M2UsJMlgS25DG5PCchA==
/11yrw4r0Ho=
uMcMGmCibrM=
cu97BXVNLcFzWfv/GhauDg==
UvXj0oqGSZA=
+Id530MAcdc=
av6UTRlblEU=
j0+HWI/C4JM=
4jEC/lT+jOw=
aYVOIumpR3aIKiaUYWpH/Q==
GjwE6r0EXqlxdOHNJSzCQA==
kkqwmOc6bmzpTgwonusF9Q==
KBJinXyi9b4=
GBvOl9yxbes=
/hK0xkGO1ZYOFq7oT56lhQ==
/hK0xkGO1ZYvlZka18nIpQ==
10vuPJL9VyGf1G8difHrrA==
/g7tuQnbPG4aVOFOoJAJbQ==
fOdjjJCZJdzGvxToLz3gSA==
8BCJlTSVtZQ=
TayY++fLzW7nH5E1ePOszQ==
AWhIcH909lI=
AWhIcH909lI=
bobMYlHhtiq7zlsbZF+lRQ==
v2rwTaJ3ymQ47Ry7YgLxqw==
v2rwTaJ3ymQ47Ry7YgLxqw==
rp53f7uDGqYDLNf+srDekg==
eLtV5s5OaI2o3+bTFZbigA==
5rsKK5zlwoITMjoTlTgypw==
XAZTeGdF6XE=
eManVEfd/ss=
ZTa/ebfn2sjWoTvGc/9r7g==
Q0aIJQyA3QE=
EaQ0hfXzLLpXDnRdTHNtHQ==
nGdFMn4qGXE=
7AygUcYPXIEw+/gB7Soprw==
eNdtD+2doeRrKIxPLxJh7Q==
sOQs4PtISCU=
4ibRuRKqHFI=
97k/9Cop5Uq5yFseRRVK+A==
0vaMumxQn/g=
wky+5A0CqSjiRoMUvT4Fyg==
e3pvGAaTF4Y=
8ZYeSNiSfiY=
+SiGvhZuzPk=
8lBzsXEYk8k=
0/IJasyKYhwlr2SBl12bEw==
UoeGy1vXx5wZiZLnmDcd4g==
L6QCZQMOGAM=
5nehh/XoGGkOH4xSJ5MnVA==
SGVHe/9dc4M=
gaK/qZKb2PrrItlNCiZTNg==
FOUuzMIsOD0=
L0e/j4Jst7Y=
wgEX+zZn1Q4=
Gez+KZRQig1TtRcrPb2jHQ==
kG1Olicgsp4=
aJzEeLid/Po=
axqAKtjd9JYdwkN0gZ+lAQ==
61ggcWw+7VJ4KEbh7YcT7Q==
2RHrSzOISBa/P/xxjSxRGA==
r9di6gjIw4U=
3+r6phqjA7S5+c6/hWgsyA==
nbixH8VA5KM=
T7jR0BBT5qs=
gyZVf8W0E/0=
gyZVf8W0E/0=
llmEoqcZ6I0=
llmEoqcZ6I0=
BjZqfTRzTVGc6m0QiHuHMA==
eScXglLVPwQ=
dyZDQXiSX44MCVaeDirSQQ==
CzHc3FZISBY=
AKxuR2GEQAWbNWn6bpICbA==
X+nno2lJHpw=
UTwpDKSYEp1po/ZPoYEtiA==
4g9AeSOestmbWZoWX9nNgA==
XlcT7k4yGp8=
DzxrOx5oooU=
91W/H1b6qFA=
MSuta22brX8=
rp93H0Z7Zf8=
Cv3fM4TWABA=
xz9DSun+Y7A=
WGx5n9wGBvI=
SbIMr3CKtCpA5IVtqpNgRA==
p4jaOkVLpf8OH7l7vyf+rw==
0eif0QY+FsGnx7C+321xVA==
oZpbQfPjAtkL5mqCS1FX4g==
VaTl30l7J6n09IKHbEj4+w==
VaTl30l7J6n09IKHbEj4+w==
zPufDNgJWLMawGjAjRANPg==
FEN4AKAJDHc=
MweJJoWbAI4=
RqDIb06yErY=
Cx1Mc3c+MxQ=
5tdqWuPq2Y4=
vruLj+SJHtrffcHLX6ipcw==
qTpyPSdRb1YKm/WyuVQhlQ==
/4cwiLNMZjw=
/4cwiLNMZjw=
/4cwiLNMZjw=
YuabE6Dosh4=
at9IoTy1Js4=
KikQh+p8tIJCUp/Kw61NmA==
9345m/UM1qSz1Hjc1pbp6w==
nXJsMGBmzxAGZmW9hB9vpQ==
rZHHpdCwC+E4peUm7ka2Nw==
FC1rQCS+GDI=
FC1rQCS+GDI=
jM5dt3s+X3OUUNCB/ictVw==
RKP+pY6ObNmT8fQ/aKgbfg==
RKP+pY6ObNmT8fQ/aKgbfg==
RKP+pY6ObNmT8fQ/aKgbfg==
z1FjMeXwaEg=
aiSrz3hF1adofvtb8qbRZA==
YRhtVo6+7VI=
ELawWNcjq8Q=
iFL5J2jteBg=
pp9rbgsp4WE=
pVwem5/nJiQ=
9IAQ0NW3wKYVmbmglp7f2g==
UCM2+3Iq/P4=
rBA5ZnUbn8RsIUpxJk79ag==
zy7tJWU2CgkhfvCUHwiPYA==
0ckgcHk+N1C+Zw0HvvRuwQ==
yrN8DC1AEoM=
ytCstPy3mDw=
T3zg7Htv+po=
Nv3ZkZ4/fYtuYF3vhIKCmw==
W2QfSkHZHY4=
sEoO2sitOnA=
QYbtWg01jUs=
AVqaVvt792ROGVCED8yZCA==
uZb0KE0QKYA=
XUHGAQo0seKUWzg79rhqeg==
Ur3l9H75y1Q=
NWZpvxD/UqO1HxsjWBarQw==
oAq5qZWIWrGMrANtC/Gjdw==
N9LRn62nsAo=
N9LRn62nsAo=
iVKfDzAOtIQ=
CFTHwpu0TmCdTUGxBhEdLA==
2EbUYZVpGPdLXRF/u99eyg==
jF4jQszMAAs=
18/pRKOnNjMQc/5LFjQi4Q==
evrWrhFNcxg=
7SUl8tlZ/I3/MdylqtWfNw==
ZChh9UqjDvf1xi3eeAsEpA==
0ZENcaLBfOxmSbUvNli4Ng==
pIV0cL0siO8=
6dVnqBxbtTufFyPVPz7h8A==
S6Q8G7M/5Mo=
EQE5+jBnAaPKbmprhOpmGw==
VJISmBe27ck=
9FTv2QdrzUicxkxFDCTk8A==
vHDSBn9cjy4=
vHDSBn9cjy4=
jhDnmvRx4zU=
jhDnmvRx4zU=
De5LbyctYJ0=
KJ51zimXpFY=
9zVdUq40DeU=
2GgCNWsSlkY=
sYl71/4LO+E=
9DVQFoj+itQoFXvFElqAIg==
+t4JhIdaWG82BNE3wD28kQ==
P28R5dk4XSNfFfVPXx9gRA==
ReFjZd6ca7U=
8mvuJ+pwttY=
bFvDd4MRW6g=
QWormtB3OjxM6GXjaF67Sg==
fxuLeZ1HE4RhW2yUIFIEOw==
ny8DoOa6sKE=
MfDOeAd+Xe8NC+6mQImiFQ==
Wr7PSGI3INYkntKPo8KKfg==
MbL/CfM42vS0b8D3ZyqwrA==
R/rqzHCn9y1pkd7JI70ryw==
28/0+71gK1Y=
giHM5apJakYTqCNBq69p6w==
/1iy45JhOR1FhAf2KGzwLg==
EwWhm8jbgoA=
m83kzftd0YccuKxzkh+nig==
QFQmfEkR6nR5zAGtrkGsaA==
VEFOa9RXJUpewUZaMtgK3g==
WK+IFutlKtE=
5tu5F+e0fWv/lds5EvCoMw==
9Q/UmJbVMNY=
7XP93mCz5ooRg4dBDSbCfg==
tEG1RBAd6fDludCSQ5xAVA==
DjqpHZoDmUH91/bzmxA86g==
UqcgMASM1mg5Ijke0d2L8g==
7FCyE7MzDCmcPCOsxfDaNQ==
DDq86Zlu3IKtms5KgUWQGQ==
ZUA8TiokKac=
4oCEVvZfYro=
LqsC8uy3xoc=
Z+Q2Au4qj73lug/7G+wCXw==
GHRoTmOUDu+B69NmkmGKTw==
aoW6PU34xLM=
Txk7OpwwbBU=
lZMmMvN58ss=
MlKMK62IihkctsbGdCOQnKMDfAAEmUy0
ap4BA81myE2FHoFTbuTIbA==
xbMZdvUI/Po=
AlgPutFOI/0=
H0+h0dBWSxXRYFnXSEfuaA==
DNpFvG5tBpw=
jTA085TU+WQ=
QtWnUj0lRbM=
sMiE9iUTQnDQCHTIWjkZXQ==
a1jE4HoQ5Hs=
a1jE4HoQ5Hs=
ie/CPcf9oIa/YZ/vzBf5Xw==
zXf5IvwQn81pJ1cspePPiA==
PXkkL+JAsEGIOneFunRxBA==
NQz3vsJTzhSRtVyBZCzd6A==
Liw285lBGWc=
RgTTro8yXew=
P1M00YM/WMs=
EHlsvmENmdcloXwrPU9zIg==
icnsKbwUPqM=
9hYblW1GeBxs3RYQ/yqFOw==
ev5wm1teDJU=
bK/hnNaPD0s5zHk7I93Wng==
2jhX/F6Tn4k=
X9oEhDa2nBw=
X9oEhDa2nBw=
dz9r6QA4grm4iIX3apXzKQ==
39vpoaFviX2bTNhZpkElHw==
3aDXHtQMAxM0DiTG/O4I4Q==
njHys1vmREk=
un3gbeqfvpdfHDyYtiE2AQ==
GkleRM7RJ0k=
3XcrGgpkNuk=
3XcrGgpkNuk=
3XcrGgpkNuk=
ZnLYSaRC+Ug=
UZ3+yYHxdCqtAN/P3iTWKg==
WtEvyPLHcSs=
o39ey5JjSJA=
pg2YWrvpseI=
9JtORNSXMPw=
BExH30cNpbE=
SNTa8K1/y/I=
wH+bQckGJwA=
aByFJgsZWl9O5FeK29tv5A==
VbHt0itmiLs=
mNXiv+sdlGtTWJM5Ll5amw==
oVMfMpYDIeFry8+ZJNbRyw==
Rjr6syqBZrcJy+rjCcF2QQ==
qwAPfnidLoo=
V2lxtz/Ki4w=
2I+OAp+kYD4=
xcmYDg90dwBosG89ItQ7wA==
pHr/AUI0mpTMLwlqeAzygA==
ivB8Wg91PBZVWvCTcqr1Ew==
GYy9evPkPvE=
2Dg/yzCZcUl8AyhaWngppA==
ry/JkkUMuZvHKuRpigU2Qw==
kSs0xIVqiNw=
fQWrTpAoitaPMWQ56J5wdA==
VwdyvOeAN6A28olUbeRA6Q==
w5ooXTXNLfQ=
pTBn9LZCVKg=
HC9ezA5YxeQKZBF4BUBdew==
+Q01eDBkeo4Pd9DZm1kfeg==
1ZkXhKKHPXwMvweYPKpIog==
BKJ+gLiczaLdBkKcD0dpCw==
b1lvQ0fqwFW1lN8IVu4+vQ==
MS4l9M4A/cgnR7xC/J7/Dg==
L29ZoQ+Hk/s=
4+00t7DuAugqzQyPO/dFIQ==
5rBDJVOzL8g=
vt8fbu3XsRs=
CHVJjvddXL9Uo02jxBleJg==
wrEu5H+b/1jilgU4/AOwvQ==
JUX2ALLtDow=
JUX2ALLtDow=
2N/P1N7dXhWIjcg2tioGwg==
+D/yZCF7dGE=
0P8YDF9oNXeVLZRV8bscGA==
IokwKeE6/g4UylSaLLGUFw==
8jAdfpT6j58ITyQBVUKalw==
sJYbBGget9qLTjb+qpj7Rw==
QP52ceVtf5cWYEo7PXlflg==
S6cb+9hKv8A=
I/uTULbG9xJGCCV+lcKmIg==
Td2tVfmbgamyZ2ZhsPgFoQ==
hP6D381nUaqiZ84mdoH3lA==
Pl7k9p/lNls=
fuAxZtscDP8=
pLw8hmnXFd4s1p/ppreI6Q==
uojt9I2dXhWhQPYxH9Ad3Q==
uojt9I2dXhUS7z6IUgvNNw==
/D8kDH1ycmDDqHuiu28qYk0QKGqWrY68
/D8kDH1ycmB0YoVQnvEai8iRJ9tWQfAp
giHM5apJakY9q4681OOmzw==
9wAMuFhE/ANh80b06QoShn4kF1tUrcca95GOI1uYfRU=
Ki/I4LnA6Q8ttZGN9MR6Jg==
2sSJrT1zZXdz+fE22cJM/A==
8KnVKc0IyMA=
heWMJTpqqt0=
SAlfGUhnnKK+O3NgkFdAoA==
Fnv2FM2K2nOt52OufIkNYw==
/IZXXa+5uEQhELtL3aqnBw==
wS42N8u3tGw=
EpldXknT0wiO/r4d0nkfnA==
/vn63yejZy0=
ELyUChvszxg=
PmAoeft3xHrwVlDv3z2nMg==
PSAK+8f0g9y170EWlbfnSg==
Uc9QAA7AUGM=
Uj42SpCXuRU=
TG4fiUt27LrbEaHosZNGVQ==
GPVuIjg/ssM=
6PKU676mVvk=
GD+hD+ietxs=
GD+hD+ietxs=
GD+hD+ietxs=
NpMK2DqFYLo=
YJliXDLUuu4=
1uTfXpKFzllITXbhVrdfRQ==
4Q5oo2lu1un+i3bVZPNE5A==
cO+KHcHY/P0=
QY6I6tkB0ZI=
3fSj2ikv8E56c3gmiwBabw==
IVlQA/vhvsZOOF3pG8B/ZQ==
EFtYRpFbSVQ=
35m6z+ArBWf5TNhrv/7dkA==
/Kzzk5+5MXM=
MbXSKMoynryo8c+QqLH22g==
1e5E6atxfmuxDZjvpiZGQg==
hvZnFbCm5Aam6GbUSgdoKQ==
hvZnFbCm5Aapr4Umgfivww==
zqo6IUkdl5/H6Wv8EYcnTw==
xhQS2Qcmvmc=
YbASXfjmGz8=
QDs6nXCyBvs=
q/tW/ErDqJg=
drYr29sdjQVz5/00tgEZMw==
lQjz82VKNkHzqB9EGg+FJA==
s1mTQdRx1Mw=
7GXgpmhe4LE=
1PShR2hkwZax3an5V5LiRQ==
Cl7yaHljIL3ViWh3UVtWsg==
5hkZBdMXJRA=
R4/1xDumuQ67rarqQ9Vhsw==
EVQzTTilgO4=
qIgbyoMNDQ/94qr/62TpEQ==
heNfPqpFETe7jWrZHTq6Lg==
hs0IVJerOYE=
ohkU67LJqDxpTIV/LbpOJA==
J2GeAgE57WI=
MUkMEqOjBZQ=
TB+FMCpEoIfH/d8sNBkBiw==
e7s/SiY9sGs=
LRTd2ZEtge0=
ig/f3fCApxxs9yuGQpMfNA==
k6Sh4yoPBE8ODB0DhdAsCA==
tO3WuLwx5NkUe3/8GGhFWA==
z7Z6ZSztn5A=
h1wr5KH7Ntc=
LmJ+LY3qZhA=
GKua7OrkJ9U=
MERAn0kTIK+esMCRNq2Gpg==
syqPMEJ3rTI=
syqPMEJ3rTI=
FLo+PBNeXSU=
onKOlpjIXz0GqM9iZlKNig==
lP7jLkBveSuF8VONcy1yPw==
B0bkx0Sb44c=
D9gwvGm+/qc=
d5MAgb7wIps=
ZtPAPlTjQo8=
uh0t1WT7z8dNi+s5ysPWVw==
uCa93DwvXN4=
q0kdtbdH0do=
XGXPVgX95+y0mEtfZ6JNgQ==
aXwAcxxr7rjtRxo0IVMxew==
3jiDnVoe/DOsLTKxgSjg3g==
xeU7LScywYkm1N4CAlaffg==
xonKTVd4Ojs=
HHaNtynKMjU=
roy1SJ/U7+Q=
ye1J6meRTwMY4Da21MAgNA==
qYJbjFNXyCM=
7krvV/zsr/c=
DTcN0yyC1l3DnfW6CVql3Q==
XAlFKglwJbLWZfOla2injw==
ZvwY+8hALceRSRo/r0IGAw==
PVNqfhO4f8s=
ONCf8nMuPXhrtNqaTuNKBg==
WtTzz1kJsnu4m3cbiRXyHA==
k+4h+PYOHZg=
/U1ZGEZaN+Y=
ERIGkgbWyMynuZRQ1DkTag==
2hQcq47/Edi/oKSRFPLHIw==
rZorQ3+2pyMDNx/ZAbzaeQ==
cRKyoijmXzxjRDo4xfE13Q==
jBlAgXdAK9s=
SY3TWnKhWUg=
QunYXhwjeGA=
dPri0MjfPL7zWeDjf8gAYA==
y1N5dYNVpGbBDy9SQCv9wA==
YkGpTyhiFg9ljxL1SGm/Gw==
j0pfDom5Hy0=
92Vi/gKd0HFAQfzv/zm5Dg==
F176FZzuz5GjzzCJkJbqeQ==
41xaXMQFQzpBuUh7qHFjQQ==
xNoMygMv6v0dlzPyvg8Wxw==
JvUbFAHWw5Y=
efkXAXtknHzHObNxiINqHQ==
zGz9mu1xmTwprHF96UdXZw==
bW5tKMbSxdaSj67b1kbMZA==
q4XTMhNSTx6TB/f/NUUMrw==
q4XTMhNSTx6TB/f/NUUMrw==
1OCZHn4d4ltlXSkUTDrnjQ==
dJnw8Ddo+EA=
+tbP8EnHo9XvaH662fBPZg==
FAdxRKx2rzg=
Bd+xZzPJBxs=
zpPJQP2c8U47wDQCYRHSKg==
Bbt6LtsjGNQ=
IeOa7onU2o4=
Xn3BbsGjrgU=
WQodCK4KnwGmsXmOtEMJuQ==
cd/HQZGEeQ+TkeplCNYWIw==
tNmdezUINni64kmKD2fW9w==
W98MNV8frlk5aKwJ41ZuEQ==
NFA2LaxvKEZ3dBDPlUJrlQ==
3dlwmCnFmzA=
7UNMXetpawjEDSnYrPMOtw==
gLRq95wyHq6gOHXDg+BCgg==
CLYfTNrX65QCgZzm8VrLWw==
/hhZw4hpXTo=
jGqLGBO5LvI=
cQ2YEXPqg52sYLFHQAkuNQ==
93RDFew2zWo=
qVBtL0rz+RSl40aP7S94Dg==
xsmIyXGHSKw=
G5nFzZmQaxU=
Yy1EVCn8jVY=
2kaeA2SlAyc=
bPAqzyCLbwDIIwhXpq3EUQ==
J/b1SE1x/+8=
QzH63zF6ZBo5hBVZdZsX3g==
QzH63zF6ZBo5hBVZdZsX3g==
QzH63zF6ZBoUiSsl1oCX4w==
UTze1N2Dgz4=
z27jHuauxFqhd5TzM9iz+g==
0a9ubNFjs7M=
8ZAD2qD6bpE=
b3zi4kqtuR4=
Py/rsJMp2DMv0brSPvxJFA==
k6cSBsiEff+4H90j8b521Q==
tKi72slMoS41w9SX+wCZMQ==
asjOU+arCDs=
nq3+V9ekbAQ=
CVWetUqGi6U=
lKkMK8zuZs1IYln+fNDQ3Q==
vInBqNjAT40ahA65trwyBQ==
eNjwfyLUpI8=
hIHImVbCRkg=
hIHImVbCRkg=
Uk3vzt6RwlG2jSNVDDIMsw==
0q5nAMyX5eY=
qupAofWkGRE=
tF2sH2N7TE4=
zx+a9B+j0iQoAuUs59rLKA==
sHqJjpQIomE=
ZY7gQnfUcGQkdUxRhTVFww==
Mn5BaT4Jz4o=
LgBGsQUINGU=
UnY8+sX4NX8=
UnY8+sX4NX8=
6rZVi1jIJLo=
lO7ZHM5BFETNFSHD3glcaA==
XRbRbbffqYZZEm2RAPTIiQ==
XRbRbbffqYZZEm2RAPTIiQ==
WS/qnpFjwsU=
ztG8B2ud2SOWLFi4aHMVdg==
sc0yKj817FM=
FTZbnpgjEhot6QDIBBU7Fg==
Z3kBbF35gPoc/mXpDsSzcA==
lujAdtvlGWXpofdDuxP2NQ==
iPQI76k002k=
FsuHlKViNJ3SPv/ax6KN3g==
LTZaxNrcr3A=
23nOj1UZp/dMStwksdETsw==
Jqkc+8pFtAf6sUpt2zPYdg==
G43705TKj6Y=
H8FvUhKyuMg=
OMAROT7neGb4hR00BFIkEg==
1p0Y3LhKAcsXlfTQ0/EyGw==
yCkfECjd474=
mFQY1Ak+4vs=
cdgDo0F0GGhGfLZ0nVqnWA==
NzVNTAqJFZbjl+7Qs1NTgQ==
wuY2g53a+1O5jK8MpYs7Rg==
6OQ1ZLT7IXSzVlTFEGPT/g==
wYRrRHqSQxg=
jutUionZu+MXcleNO3PUug==
DX6z07O/9qAmIDHf9XiJrA==
1Ce6SArCWGsvTZGEzLVfqA==
vrAWyBUd3PY=
O7BDfgzRgqE=
fjDXqIJSGOU=
Ts7ztmYtmKc=
UDAHDSsAYbY=
JgP/osaC17FLe07p+w9tmQ==
/fxQ0sj41GuPsiwrizNxOA==
kc8oiij04M99W20gO3txpg==
DQYWTghRID1gucy95GeyJQ==
vL3nDVoi3lc=
vL3nDVoi3lc=
6AmNshHfQCs=
UKWzKntfUoQ=
tYnmmWoiieM=
O4WjFC5ZLaE=
qWOFZIyBU9Rtc9kGxS7TJA==
lnaYaX9JbOg=
4xeJ5/a4Jm8=
6sy4TpoDxRA=
n+7lHODp2cY=
Vnm1jULlrtU=
GL0Wl1b+SycuQFsW68eBSg==
r1RCi4vvJyM=
bAljGq5libt8RAgX74DY/A==
6uCjmrBQPZQLJCkcDStm5A==
mjOcKfEGeWE=
Nopy7B3yChA=
e/P0rDiya/0kfjntmO2i2w==
Rx/WQvMx55O9aVD4hcDnCg==
JLoFXvn/VnA=
W1jsJzdL1co=
hCvW3zIS4xuUYiRmcbGEtA==
+QBKP51mNb4=
+QBKP51mNb4=
VIWvxXzssIc=
m/pEeYtXBL0iuaBQx2bGMQ==
MzZeilIB0Ys=
AdBQJaPNr9o=
je/oldb4w/ujvXkaHi4ruA==
vmD7fCk0acQvG1Drqz4FjA==
q4DDtTAYmurul0TkSVkRCA==
FfNGlNXlR4nUcyErs49YGA==
vcsWGxPSbluMjjV5X/UY7Q==
vcsWGxPSblv3yiCEP9yQxQ==
S7p3Zwnmyo4N9wd8vaAYpg==
LGbwar0piOUyxRM3S0zi7g==
zvE8dYo6GOUzHYAbsdXKhQ==
HmOJZE59vDLUIsGZD/CyTg==
uYHTVUPYqP8=
z+ATyb7DAMM=
qXlt/2Ybztw=
nrbwjHAygT0=
+B/tsepteSbGa1TByBMp8w==
rJMMKlgDQam6QQLN3Vq4hA==
gVIRgFh0zs7ia9SXomfYvQ==
WcRtKiNXlIk=
tYtZtssUfUA=
1jhjRkNcPJo=
PUsfmByQIbM=
WtJPZRGumCY=
g0t+ZYf33Ss=
Hap/dSnzS+M=
b8fVnxJxxtRE8J6hlE+K5Q==
mulMoTEK6VA=
5gPlWh4kMrE=
PyQOe/YyVaQ=
tpGIClpiwXTZTUWCLvbhQw==
8oc6c1wi4F8=
VivCHCSciWKd0be8/oI1mw==
5cABRaRsFpxA3OkVH6qAWA==
5cbKqM9/5OulxzWY3fFIOg==
7zHN/hwxvWk=
f2/nt1km4iK6VOKOtuKyqQ==
HDuHOukAP8I=
rQiaKOFs1hZIZTSp9DkQxA==
PV1r0KlCi+Gz897E5VVblw==
Wp0Ykr+Mgaa91YV/OYibsw==
DhIohsWV5cE=
SnDtD7OM4YofuvRQvO1h8w==
deColfak9i8=
aJXEE/MhAlc=
mLkCrNjrffk=
cDS3BetneRg=
Nj+zObzXGzv+dRIlWTdBsw==
tMpkqYiiymy4y1zVxvWPjw==
9Rn8P6BypDgM9GcmLl+bLA==
QQOs9eYl5a0=
xb/Zt1qPFifLjarNF6NnSA==
0dqdl8QDzoaH4AwCpAnunQ==
2rGI1UjtjZU=
AwR+kq7xsJQ=
Bba1ysNR22s=
vo2dcZhu0lM=
9w/lPxE1izAxACWiYmdxkA==
y2PdrvLXoBV0KUVx8EqTYw==
cpH6kAxfOD0=
F+isOcIIfxo=
e1Ii2AszTQ8=
k5hgrw1Zj3w=
Iy6i5J/eBu4=
TZUm736wFoEPe7ZxB+0Uvw==
kJaL2Vtp7Vg=
nZ2VpA760L1PFwWo0+CAvA==
CnsiL6+glZ+ZJ1UHt6Gc+w==
yMoI1y+r8KPfWpO/+2ZD3Q==
ahlsBMm7tPlAUBNppJtf5Q==
k3gfs9/U4rA=
ozGAg/SDSak=
1pJ9ibgx2Kg=
1DCdjmkRBGA=
pZ7WFpzSWfI=
EUgHuVqs8/isJF693YSRtw==
SBYjTwp6ALtFhCh7KR4HLw==
+tcdtXvXQYc=
ScNjGQRZQP8=
nIVvUSN45x4s2fw/w6xRVw==
Y99EZ3FRCls=
e5MSBCfPnwg2lmjHmvYm7Q==
wJ2qePHCMQoqN4Xre2lCbw==
3d9JnahrQoUJDumV0NP54g==
6qiT3/tNOMw=
6qiT3/tNOMw=
P55AjpHUuyk=
yuRWcqrT4hY=
RVFagkHgxYUsC1MVd7g7rw==
MyEslCKo+qLbLeuYFOgTBA==
zJJVpRLJ5wih3iiXPUdQDw==
rHC9QN6O880=
dDNKjyU6lOo=
XHDXMpUAN38=
9Zxt5KTsstk=
lLczRRHfazs=
PiNt2cMTOIE=
YJ79PMeDilL5oN5eJBPuQg==
L+1LzY7dGEvb7dR+OzmirA==
sfhYx0UNawNAtNcIFYU1oA==
PUcPTHh4ZqXubjJtuLPqqw==
5owBvMHMCit5eqBQDGKtmQ==
2qlzKT18Dpfj/bRmdqSiDw==
uL5LTRSh/H9I+nSzKaEo4w==
U5S8QJSJlXcBwYFMR2ubww==
kyNDUITkdNc=
BOQpA6GFT1hRA4V1SXY1+Q==
qLmJ6/gddR4=
VB4FB70mNlk=
g+TQn2HT1czQ7a1E4FCezw==
kbn+2MV0joo=
0gnx8n06QJk=
YnT7qVaJz/0=
h+mrxwQUstgbOwt7Gm/7Dg==
GVJBaeb/1+U=
fNS9Dx+jzmA9Sfqcixp2nQ==
myshVJGIMe0=
QlHZeCnUrhmMJ3/Gn826fQ==
RgZcZsFzr8EQ0MQ9W07OBQ==
Lm0TGTvTWjdCv6vwjfBZDg==
nn0zAG4U7DtOMBQbdAafxw==
dn0JScJnxiR/Ev/BJYXOfg==
Uli2mWjgLuJTejlZHK7fMw==
MS29XUc/stekxTahDwGHQA==
qFlZZw9x8KE=
3a7bpnbGuIlBAHPfuRDXbQ==
ZM6lBQnhYyibo6LvY9eAnA==
lhUQvmEtduE=
Xsx/l9xrojSdErP1TjM/Eg==
G/3E8K0QIcTnAzMVYEIRTA==
yHANl34kLXdt7gqcgZKx2g==
ojuQsEsz4wMwkLnmkCY78g==
N5NEY8L/DpHDW2DovEAgKg==
PpKuW25yMgI1oVaWpqsQ2Q==
X+3ru8qEk3M=
p5EdGvqhpDU=
kJqM244y7u4=
EHz8FA6Qm98=
vjKwWf7k3TQ=
rKqOZgMUDAc=
qB+UvtyHi1k=
1THPC0RUzWQ=
U9o+xbE74RvOP1vKWZ1mfw==
DqcFIVJvL40=
8Zr7FXTn3/k=
3+bnVRqxpZM=
AyA13VrH5Ks=
aFhU6X4n9I8=
UNMk7vzIB8Q=
VZg2nppmHvY=
/ut+7QqQj09kXv1HNVYoVA==
FtVqCctJO+k=
ORO4unvOouU=
kYLOZ5tjnlw=
+ec2/pHWqhY=
u+ldYsCYNLY=
yDBbXa2+l3FvfkZfdROcaA==
9EHI0xbDxOg=
DfYLTX1QAoB9Wyezn+SeHg==
T/SR2shyErM=
obz9uhjeOw8kE224MOB8/Q==
mgAkaYwnRHU=
n3PwJS/xRM4=
WlCzTaiN3EY3WR0R9fk4SQ==
SvfPAQoeODY=
IcjvoMRc9nA=
2u3b9odf28dvUCOKYhF9vg==
hgiZ+1bquaY=
Kd00kt1cmA0=
+3Dxy3f+Tww=
S1IKZ3KhX0w=
mUMDpujnHrk=
GA/i79Mj8rM=
iYGtJJ6VITA=
ANOehRPpuHk=
xbR6MGp6UUJ8JYokT16LGA==
xbR6MGp6UULeIqOAGZwytw==
gUze1fiE2ew=
r6jDwGxfZF4=
r6jDwGxfZF4=
UvURRxjcvdKd800t24yAxA==
Vd5XBs/j2nc=
fEr2x5PGjV0zUSlKXIYlJQ==
XCsk4AndyS0C46UeBYqJXQ==
0jqHDq72U7Ay00nGFxWNRQ==
9q9rwa8O73U=
k1lnMA9+AYYea/OcR6KTog==
s+Wj+IzOQVw=
JtTHylM3XwQ=
S3du0kiY0vI=
NrYCdNHwF38l/Fw1zmLLiQ==
phPOBEXxyCz01V/K99fUNg==
oYy0tqsZxKE=
/mk3M736Z70=
pZnqY+PMVsw=
pZnqY+PMVsw=
wmfqHRKTttM=
dRPaUQSduN0=
vgLhgVJTgtE=
QF9UJD5ahRk=
70QT4+Cf0eQ=
+4q2He5CouM=
L9cUbOkvlaE=
Tl33FUfaRwMGssIh2BDoiw==
8QH00UEk218=
IuT7IBMCaKgpmhbgyxLZBw==
+1T95q7XUck=
+1T95q7XUck=
3/bHN4FugMwskk9r39Y/5Q==
4kPk3AKBYr4Q1XPjfnUevg==
fII7pCef29k=
pFvk5A4De8Q/tRI5aoAjsg==
J7UsPY4z1M9UZZ6rkB22Kw==
CsdxOeFUGno=
yqt64bG5X0f9kdCZdM2JXg==
Qg6jDVpCkYI=
jvGkQ0083O8=
dlsPgMzG6ggWMpWAGzDwVw==
1t0ddwXj1iCMUBhI3QLgxA==
kkdWNFbwC0o=
bQBvOkbCDkg=
bQBvOkbCDkg=
mDEN58/WczI=
LqTQxsmBLPg=
KXYDDPYhQ+8=
OMJIC+Ffcc0=
hF9XtLeJdBQ=
uKU/CzAX6Cc=
QH5TCRyCge5UWj85KGsV1w==
Bx8eKrGU+EOJ1nLQOj1uHg==
fWb5AggOkmU=
vcEcEBbIb5M=
xssx9MBhV3s=
wcFLUg7xKTHfXK42U7zh7g==
o6zt2dEMJf7YgG7Nz1lmnQ==
ckfUct5Vb/s=
fuECOWEPBsc=
fuECOWEPBsc=
BTPk8lzmv9m8Ff6k8H/qOg==
Yjmo3B/xQms=
NalO7Mi2tddN7xv5per8oA==
dyK/IK46awsKaAcRRvmNmw==
fYtkgh0rNr3/oDAAnnyS+A==
f8V1kwyMDW6Y3rh77sMauw==
sPCQIpS8/gR/8MeeRPKsBA==
XifYwjn6c8A=
osxra78Hg80=
xcOPPLdnB/k=
6lkBzMkGock=
jZF0B3FapAI=
iRWD/y+O4+4=
1OOgmB5kJSQ=
9hSHQRdnbg8=
4WlnPdIDUrc=
NlVYVryU8PM=
+lY22xE/+Ko=
XrswJBbPbdCIA8yc3tK+xQ==
XNT4YNExeOo=
XNT4YNExeOo=
3fld7wPQVOg=
3fld7wPQVOg=
wSPEPaD9R69Ke8H0aWr0sg==
/QQ0AzzRxXg=
NPav5PrIbqU=
/A6bzXSjO10=
vaHxjLZV/Dk=
vaHxjLZV/Dk=
vaHxjLZV/Dk=
3wBRfX4h2QSmjeZRGNALag==
54TCQ1yk4zI=
pq/hvXgPBcc=
yYEs5WJ9Gd60lao+a7zxrA==
msEkddghilUUuhVamfmqRw==
rYQ5TRQ9VGz4LfD7W56sJQ==
TAM8sas9pSvqMOJgoaTXjQ==
uoCp0N0vbRt7FBHI09JuEQ==
uoCp0N0vbRt7FBHI09JuEQ==
uoCp0N0vbRt7FBHI09JuEQ==
uoCp0N0vbRvF/O3KVjllZA==
G72/XcCLELA=
ECEsBm5FzgD1DlPQmeXrsg==
hO4+hs/bAkg=
MJdQ/1nUmQI=
mHiQ9E9Xw1Y=
OUPrIMYaMX0=
nGqseZiNlME=
Q0CHW6Q5Q3U=
BDPPUi3Wzmg=
y3R9AkS4Kec=
ZYE5YyhcKFE=
+q9UHjLRy/0=
0IvBXNFR+so=
SPON0ceSP+Q=
a4xQZ5dGKAsCeWIah01Hfw==
zNXjliZerkbAa2lY8oU+xQ==
VOcWt34H1lc=
3cjOAngA1k9ueVLN69lfZA==
RVgsSwOsTdU=
RVgsSwOsTdU=
iA0C0tSo+K13tnXagFuirg==
FZwKvQ0a7no=
w6C50OYCgp9HvbUnRfyNQQ==
zQfvGWTGuUw=
83VRk0q/QSA=
AXBP2d+paSs=
uTHd0rqJSwuTK4dKjSq7Ig==
3Ik90alR15A=
uChwzds7GWgvOQeoIHy02w==
X28ZaKO9/WkzYOq8S4X59Q==
ZDO28YKgRjDK08vVhpYeZA==
v9+qr47yYzqCiWdSsKojJw==
9IA7NOGoRc0=
UiAzA5nBsZzOZ/Q8yo3hFw==
FCLJhgPs5TOfVc+siKbLDg==
QJvm4wJP6NtlL9H0kYxNKA==
QJvm4wJP6NtlL9H0kYxNKA==
QJvm4wJP6NuJ4FzomiTuIQ==
i+NwQkNYycTZfk39VsmLDg==
rvCVLTY4SYYi6TJBT4zrPQ==
o35IZotzL/E8dzSxO/C44Q==
o35IZotzL/HlHh7H5bD0cg==
eVtTOU642+m/AsDLjOD1Uw==
PrH3miG2z2c=
Q8Q+A/YnZMLOGjPpzxU0TA==
KroIE5NVkDkVmNC8e84qQw==
H2n4NhLLNw4=
KVexlQBOxwc=
rqx6ihYU5KIZ5jyDZh6Yzw==
zqh34SMAPzjWxE4vCYRIWg==
CwjN6qhhtlg=
96Rx1GVe9uabQl3bjX+oGw==
KPIzm0uQ1JjrCWM3f84LvA==
IPT8drPw+TaMMC5w+S5+0Q==
dBSjQ9FqrsM=
xnanE4tjfKQ=
+pY+mgsdqsOSbu2oFU8QiA==
DSuvi3gwitiu8A9oukppJg==
yGz13y0CtE0=
+Z8VnAGrCck=
hdnflbreXbDIVu5cmQlyHw==
IPPSDTAECTs=
T2S7NfVbilE=
4QDbgtoogu0=
laOAWQczd4Q=
8Eb57hlg8nY=
c63Q2W0Sm+K/Ab5vg5bCvA==
bkpUHfrkjUc=
lBXbZ/M7JF0=
SeMi0bDL2CPRp+oAoAjIyA==
UExZW4s8v04=
Xp0REoZf11U=
1HCChE7A45E=
kur2JxPMuT8=
7nslQzPlHrtxtC0fYX69GQ==
5J/tmRrS8lw=
9IdarkTykCwHsSOvlf01Ng==
qRaW/Do2nBQ=
D+RD0geb6p4=
Z/nVFIBIvQ2f9v2H/1a37g==
LPyWgkQAYLU=
Ub9Cn00W7V0=
8k9N9spxPoM=
/RUDZmjoBLw=
5uGq45RN9Nw=
uVkkG0Em+wI=
RfcMB/r1il73aLoYWODW/g==
7hmzAMmY3CI=
6JDQmFKam9A=
dcldkmH/SGk=
Ge6qdaaRgxHnoHvlzkfAiw==
67NKgwfv48g=
+Id530MAcdc=
9xX9tmMhY+wuPUL449lz8w==
P3ssW7vkPFQ=
EfJNa06SC0wP/ZXD5trK9g==
I4ygowhBErc=
aYVOIumpR3aIKiaUYWpH/Q==
P4wJ6qwpziA+R6QnJeeVIA==
s3try1csz7k=
L2aL267lDu/rcAx7TECHzw==
SZZH8592h8s=
9vQFlLHGi3E=
hfb1UMYTSSw=
THnhMMXARyjQJgqv0B9j5Q==
THnhMMXARyjQJgqv0B9j5Q==
THnhMMXARyjQJgqv0B9j5Q==
THnhMMXARyjQJgqv0B9j5Q==
THnhMMXARyjQJgqv0B9j5Q==
0hfD9nMB5ThIKL23MmE6kQ==
Bmau9ygKajDGSAN4EAPT5A==
Bmau9ygKajDGSAN4EAPT5A==
Bmau9ygKajDGSAN4EAPT5A==
Bmau9ygKajDGSAN4EAPT5A==
Bmau9ygKajCVQktA2qZRFA==
XjiJ4zMrGEQ=
YG0Wxr3d+RY=
goDuJqAYhDg=
I2aVQ83Z8N4=
JsAS6U5Ef78=
X7s7wRUXm+0=
2MipOUG+vPs=
P0nHC9xMYJSxe398WKZLTg==
z+BO9/nGHsI=
Orge4eWDdjA=
A6dOQBiP5m0=
uTjgKRDR5XHQ1w778cuAwg==
W0cQZ6+ug4vtPSyEbNrMHQ==
w7D9LFsdxnk=
2OSTlfkxIFGQ71b70QTXPQ==
SgxnjtdSnxy7ENMseq4mVQ==
OoEoKcHHAO8=
MKWBAS6D+kM=
jpBl7QmTgFc=
WxMpsuUhMQg=
Kcq0IcgpRBE=
PKaV35zXPvwHpmAk1AO8Wg==
Aq/aTxL7BjbC2W2RygB3AA==
v78kPLnWUcWVti6DDGL0gg==
LS7Q02WnY3NK7omRTNzaeA==
sdyC6wtBHpk9mqQ31eGG2w==
e/iW/VB0exkZzOQyNA93CA==
1j9VoGldOMCNzgwyNAYS5w==
JSVJ9vaSXZs=
1iTBYdMm2sY=
l8zZ7MujKyRmY8F2p3jPMQ==
PXHAlV5wDFkVMtJL7WsD5Q==
pCkj23gwfdsDX8CE8vj3tA==
cprR6ikS/AQ=
0j6yTf7I7YQ=
bVkfsLkA/Rk=
sXfWzCK762LcArgucIYm0g==
C4Qtu5AbxAThHbSyZxIzVQ==
CjvgzZrCvsM=
RjP3FcnPhdI=
v4Wg/YG2Ebw=
Ffq3A7o273M=
UD/Sj4fFGF4=
FcR9ydf7CDUpb5OsOTGA0g==
8jP1bdBn/lU=
+RGPDH4IqFs=
8cvIG0RphAo=
BQBrE5iEn2I=
ba32skvkvOguTpuX6tgr4A==
5US2FhnnZLzV9hKS3VT4kQ==
wbE2cmJrp6HzpUIEmEWnVA==
JKx+j+u5a80=
aJzEeLid/Po=
AsT3C9nR7CEqhopaXFWSzA==
u2S2LSNZgl4=
7GQSNJ3gQjfNqCDrvwctOQ==
Kc4Iptgm4Qc=
wPUW3Y0q+t8=
QwHwNj8npb0=
GJeCinBKlF0=
MFFnDRLvTlk=
ISxdo8LPVOt8nkOLkgACTA==
qTxqa0Ss8e33BMTrom6sMg==
NA2U2MCsjGX1KWJ8rqNPjQ==
9kF/EhFy9XWW5U4tPRBhsA==
Nd6pcAtOZzOeL1suSJbBPw==
jaqWP/V/vZ/l0Oa/l8+rKw==
DiXaBwsCjxyc0klZj40Tcg==
NCBgWApjmXo=
uxaj8CFSgPBNq/6RYy6BbA==
rCxqmiYkZfM=
G30BiGsXy4bDnBEeExZrmQ==
ZPLqcDgHzsythiwHv7FLuw==
ZPLqcDgHzsw2xBDVsfFwdx16i4GPzDQp
EXI2lg8iflY=
wO0gk40ZfqSrynq9+A/arA==
9Br6POwt0NKMj/OG4gMUQg==
SLl5zqjHIdYtJmvHQm10mg==
U3kosoUGW28=
sHjOVb2hgf0=
gfI4hw1E+BI=
O2cXpxQlN9A=
O+phYwAwzv4=
zRarxp5PK/U=
zRarxp5PK/U=
ZNEdK9ZSoAI=
X+kzW2jEsWk=
8k/6bnqP8uA=
10Q1svyc8+E=
taBUduewluI=
ECTIs9yhUEw=
TyJpnQ1cIYs=
1YgG9NKs8oQ=
N5qi5vl56VQ=
zE5XRH/SyQU=
PHRwTus0syA=
J8/+woYvZFE=
yE1qxUtkWz0=
CtwFV60vsmk=
6G0ougSApQQ=
M6Qw1+rHhb9CuMGgo4C5sg==
M6Qw1+rHhb93WJigo/IRIA==
R37pO7woiIk58inonmDqKQ==
ZPfENKIdprbkiRnmxjnhNw==
E2ThGB39+vY=
wUs+4IwnEVM=
00daYe/OiOg=
3ztMNhsRWQo=
/4cwiLNMZjw=
TcEjoO0kPKI=
pcuCFOLlk0U=
TkK2+iicavC6mxBuhPkk/A==
jE0Rt49UL6MgwcBxd2DS5w==
jc5NmNV456iRiNKI4FqM6A==
u3ROlvh5yCU=
5DMP1gzYJ0MdMf+/bZPSuQ==
FC1rQCS+GDI=
3LJPMZZmnek=
cmZ/gG/JV/E=
Bxk/UdU2j+8=
PjOnK9UzbM+hUhOpn7GtqA==
n59pAr0Kf/A=
Z2Rc6R6s7SQ=
l5f6pRuzeIo=
Qd9sKfB+Am0=
v/RyENP1akU=
GWfsbMF/dyg=
r72uC59JxE4=
HgdrfT2TbdxlajYNlB5eog==
Ie8UlzR/z8k=
RrkNl2Z4C5M=
evrWrhFNcxg=
JLThorUkLvw=
WIO+Dh66MAny1CHEPP/GVg==
+hzYmipfn5Y=
BI8OMvvBng8=
GZkUMSh6M0Q=
MI2VcI9/556nsYQ6Ulnb1Q==
xCnMAVCS21wrlqRpAAEwiQ==
xCnMAVCS21wrlqRpAAEwiQ==
8lPnkq5s9Po=
BmwGlRFjUWs=
BNp8MTdBxdkhCyTlBjPDZA==
+avR1aMrX1MnbrWzHh1+bg==
AoT7zBPND0w=
Ve76pc3IXGE=
Ve76pc3IXGE=
5FEBS1ohAGg=
T+iTIks6/Kk49eXFBEOgHw==
exjHwdGR82A=
RtMdgLMODqAwOUzIfYvgxw==
0jvBN8iAdeGTyJIk/JMLiA==
TaXT3/ldtq4a0JX6aGhIQQ==
ypZNdyTbzdQg8P5JNSvIWQ==
sJtBrZrxwjqi3rGbbnE+Zg==
eIOjWRZamdbNdmRT3h6ZXw==
kg13KlqcuQiVeYh9r9MzxA==
JiewK7zeMMI=
TSJ0w8dANOI=
3lH1BgX7LXg=
9zVdUq40DeU=
2GgCNWsSlkY=
n2n9bL/hCAk=
oJXvA/OsKxg=
t8sE8fpBY/U=
LvEZ0Tenff5OtyhZu3H1QQ==
aEHywEds4oVpdGdFUViK1g==
qNsRh+roL6U=
PjJP6ONR4qY=
f2f1DCygIRZKuGluJ1KVAA==
kFNyuHbxs1VDAW3Ll9wAxQ==
dPD/vP8lWLPS7NzA0NLM2g==
lerUaMAdqOU82L79AX7O4Q==
lerUaMAdqOVB+t3fACVp2Q==
CNHaLTC+csEaBC5ubQznww==
+K4RJOxxd+c=
kTthpaoFrnR+ft0/uUh57w==
x28K+3RLBV0=
90atQJKamnk=
FjTjZ29EvSY=
GVJ4eFRZ3TI=
MHvSJ7LSRm8=
OLK3kuaXPcI=
+AoniVro8oQ=
lIYHtKPwyJU=
8rumPZ5d/hc=
TSVKZmBfjxay81xq3W1zxg==
jr2kqos5CHRtpuJ3zDYqzA==
zR7RwVM7rcM=
BwgJZ1Vo/DuWFBHm1UrD6w==
WWZcP9r3gGCX8AOkxQFwQQ==
7cgLDd3yLQ8=
Cz1CPWW831dG2j+ilt2mTg==
mhPPXabrbys=
VigYoH5ikxU=
n3ZhL3JQwFA=
bw6hOEEvxUY=
emDbqiReBs7YxWsNrdJg4A==
emDbqiReBs7YxWsNrdJg4A==
BNBQRRLI1e0=
eJI1U6c6ZUA=
XJYPgwS98dfAV+dRTuXsIw==
ZK/12qLL33o=
RgTTro8yXew=
eOLdJsQNl9dqPrGCTTU+qg==
mcOYd3HRLUuWJDdt6jcIcg==
KqXlh4K0KUE=
I3216fYywIrGsmkYl1Dkbg==
EHzwPtiC7Nk=
aO9UuSBicJg=
/vkPqq8+vdppi0C8wBy8Gw==
5OvITQHuz7++ABPBcyum0g==
ME28AIqJLdQ=
Z5MuCabKYgw=
39vpoaFviX0IFtrQVJKGag==
oCpkNWxnW8Q=
3C/MR58f1TM=
ENcEieI5pt8=
e1oAIIG9/21x5yGRk54L+Q==
01dhsxZbb2k=
hzDJJM09deM=
SozwlG2RAvk=
qSKpTfIHCcw=
RiOmT616EuQ=
H91I2xl19Zk=
9IU9JJ3Yra0=
xd6kPDtFXIw=
Rob4JvilyeOasKihFS/xJg==
kMCDnHNxS+8=
V0CaaeY9Ahw=
YFGM3qrZSP96lsthxkdr9Q==
7M/jAbqo9e6j/X2NWhUG1Q==
qF0kx8On3u6Bq7x5y+HW/w==
2lYnDHN6U7YR8Cfl1h3J/g==
D/DkmZN9xHWE+iJ8KA0zyA==
F0t7PyPgBI8=
SkBWaHY02ZktsNZf5pTkJA==
3kqIV6vY+hU=
D6cwzzjmYA0=
0EypjvxmagWGPE/tCQUkYQ==
prvj+xWYfyrX0RSlWXjVPA==
cOT8VGTx078dO5XeTUCkoA==
WjmAtDpE0G4=
G6pNlaXf04mKCO7EoYOOyA==
UWHQrCoqN4c=
C4CGysWoli0=
EsZAO4eWHak=
jlBBEvBp0XMwZ38jvgzI1g==
z5NBPy7rnwA=
O2+CcCgZ8rQ=
rKZ5sCRTcaY=
iorCuntBg+E=
wgyOFmopoek=
PqUYOq6BLfs=
G2hNuVeKVrw=
QmTaAtllPI2BjME5YFcPfg==
mdmQUGvLyls=
eMI7DA6mCT0=
Xl58mLSqYXw=
ooq6P7yZbpwJZoaZ0kZIHQ==
VY26ejWEap8=
kItPpkfbXQM=
t17mv45mj/c=
FiICaIzvuC2dJltBVRYCcw==
OiQ2MiXxtHqA8cg/ivBOGA==
PNkBi1zlQj/a4nGFtlatdQ==
coRLBW42Ar5jBhTYTLy2rA==
FtyzWCjMijQ=
RIsIV/iOG0ATizyKsmWUeQ==
9+xKUnR5emw=
UYY/cTdpsc4=
CQBpdFidziI=
+S4xy/ZAONE=
mFs4V3gPSgw=
ZC8SCFyOcsI=
9qeEXN1Mw0Y=
NrLQRdnIx8s=
+KMv1aLwu2w=
xEcF7V/NuQ4=
0IgXSOCm4wb6kvHtWjwHcA==
7TMlZktkgZArQbU+9lOSvg==
qwUM4lFZy/+F/0/uyDVOEQ==
yx3F4aD2yzg=
KiEV04T+Lyc=
nBm++wLgbzc=
3r63hcJyt0c=
IRM9JaeEswg=
l7cIcu+HQqC+Mgcalu7onpIQLASxSZMo
l7cIcu+HQqC+Mgcalu7onuxZtHb7twvn
ZTQtuERfpK0=
+apUs3NCiWA=
VLedTzXaetE=
9p8jBVClxd8=
M9HcbXCz7fE=
HdGcC6biTfkaGgkxYZjYOg==
HdGcC6biTfm7l9gP/Rv2sg==
Ks0Mi1TwU04=
tWvheWINL4c6VltbitWDYg==
tWvheWINL4ddQlFZoRM/zA==
2BpjCi9BiaFzPHLDzEn+uQ==
1sfvMuUL5lQ=
Zf7nzolNols=
QtG7CM/8Y38=
9lp4zFsehAQ=
btMXeHnsbo0Mp/42m7hcBg==
75/quMnDM+IxmkV2UH0pHQ==
K68oKm7+qTY=
T1Pl6W61APCeUWv9lPfooQ==
ZRqPgdPvGKA=
rxyEFxjYYOo=
DoAjUsil3dg=
v3MJLDvoz9r8YuEr8SyurQ==
gk6Qfsg6tkrFMFTdgpMnUQ==
wQM2TRQXE93g2bJr8tp61w==
y5T9BN7/uF4=
RvNTmIfo4Ek=
tXv9A5skQDI=
DmG5YTop0vc=
WZ+XjA+/92g=
DZSj0dR/Kx+ZDwSVOhBcFg==
kh7R6n8zxcg=
w11lpMFSD80=
8U3t5VmYiRc=
ccRxnVX4Ot7Hd10uM7hhag==
TZHaOoeZoU8rE55gO97JZw==
gJv+wq2aJ0hUVZDlJCuuhw==
Ks45R04qQ4V9tKuPnqJyXA==
Tk2HlHBS2m7RHJW/Q+HZ6w==
aF2jsqHiD7U=
NdkJnSjtH0o=
BlQKE4SkpSM=
s0+u67Bb744=
JJmXZtVRaWU2u4+hxdAHRg==
n30RZqpeoPw=
MenVJudaphqDUza8WnzvmQ==
YTtvOIp6Y4LFPfLfGq/Syw==
ThF5+ByxHnZWyu/vOcuijg==
uWVJndOUxWKMM3unvluGMQ==
9DXsMifxK4m6OPDWLv35wQ==
9wAMuFhE/ANh80b06QoShiQZx5ICXukPXP+LM2aBjpvrxzWn470GQ9wFYmyzWX//
v9em65lPZAo=
/8TO8o/YFnQ=
VNeJw4Fulm8=
/76lP9OKj2E=
FlFFN/yJUKE=
AbS4HY/kkpo=
l6ZCa7Aw2vg=
Ddy+hoPZGJQ=
oAwcw+ctZaI=
oAwcw+ctZaI=
tFOXfxgWuxk=
b5gSJUuDZ1Y=
2AEi61fQ6og=
dGBmnr0ZEWY=
ixfIPaQ9qVo=
5L9XbgAYCMV2cjFpuGBJuQ==
bOIQh5xEwQr5wfmzI7ZYmA==
SdApnuIxaas=
MwQH61/Nb8Y=
FtPaHl3uu9g=
wVIObn27+mI=
MOa2BSzo55k=
h5rE+O1FN1DHUUSlZL7STw==
e0ENS0+37aQ=
9wAMuFhE/ANh80b06QoShkIdsfHdn4STIG/wOk5+tm9cZ1fx9Y9Eag==
vkzdnuomZjI=
0yxCmcBgCEE=
UMlQzx3xgLb/zKzSQx1WDw==
cjADKp8lkdH+cZAiRe4+2Q==
itCk+EFqT5Y=
7q1C5BFeXb4ZjVtjgJPidA==
0gBvQUAuw1kRSShM3A8LfA==
8DtXetZeIPKEWBLrdYU/LA==
lBDmnBeHj3yRbDRa2GySXw==
QYw/UV3O1oo2qZKw/nPLSQ==
8gHDl4RKiFlSf16Buhx6lQ==
77B2WdHppNY=
qE8tKos2m0Q=
qE8tKos2m0Q=
9dBjT/6u4ZKm1gOmO52jQ98yFzRBPbQY
oaQXn0B7oGTtPM2IFn6NWw==
OSv8hWFi+dijprSOLKVLePGeejwYM4QK
9QF++84fPcA=
YOGQHeaMTVDBE1Y87novMw==
iYFnYeHap4tgCMUrApoTGQ==
lm8/QUO6qKAaLayi7jpXjg==
F2eE/L2fL/0=
F2eE/L2fL/0=
lYcTzr8CA442Pgf2Tbdkug==
npYBc87zgjBxXmUDjNjfXHDlWimrzAI4
W0ixFT7mBgKKtws2Sbhs/A==
Bo8gZnTLiEeWQBZC5ZXRag==
GvVzrTQ+W1nwCIZq6H7Awg==
aEPDwOt8tnnAJgQaN382qg==
SAU855vLG54=
rRhf549BNZk=
4fPIwLi9nH29ujmqQCT09Q==
9tKLMktDPYjPUDvsDjyD+w==
ANOehRPpuHk=
pakrRWB5b/3rfAwXdkeGTg==
8EyowRwx+D3nRWhcmpu6kA==
vk66GOKyasxKDJmcnCUa9Q==
vk66GOKyasxYSzSpSIy/iw==
Bg5YufKMTbjbbd1XwEOb/A==
0NUD5f0R1dw=
Rd86BUkjioTLbo3avzCWrg==
8MBk1aW2whV8sUSsJLkakw==
/rPugfm15kcfkl5L58qBfw==
/rPugfm15keyYOhYHOtRcA==
Hr2Qbc9/qQc=
ujmoPlAdAU8o3IGSOL4pkw==
ugevtfuKFeg=
Uh+hF/QuGvc+63ADoTDTlHyF2SilIGoER62mhv5JIIQ=
Uh+hF/QuGvc+63ADoTDTlHyF2SilIGoEjr6I4R8B3Wum/8tBQpaluw==
zkQPABj28OSVe3h3pgzvSw==
x9zkG3KpS6P+YtdWbgE4KA==
UHDY9iP2T1E2/CYxV3IoGw==
f+zoLzaf8yw=
q/YLxPa1JzNgVvXp3baaVg==
zi8dvDE0mVmLBne+NRrL8Q==
a5C4pWwn7eM=
7gTXse0NGKnyfTdLnvTVLw==
WirAgU4VJaGBeSQ8j071ZQ==
WirAgU4VJaGBeSQ8j071ZQ==
FCedPobnutbgvuyj/kF9Qg==
PPn53nGJIIhCW9DsvxLMeA==
nILdof6Npgy7x8UOAV0FcA==
9m1+uLN6yZA=
qE8tKos2m0Q=
ydbLiMa3qbGPrUCY4ry9fg==
XQKQdhFM4pZxlu/KXVmSOQ==
E2Kp0Z8jy7F7smFLtq4tRA==
szmx0mtCYGREMJkyNS7Byg==
9wAMuFhE/ANh80b06QoShuZw4owEmgn5j6EmnVKeCB4=
G6hNwgYfw/k=
SFvJTxbQGyHtjUVsvpIa9w==
X+h8TZaH0no=
YPE5Cuzj2gNOzhTYGL/ZiBoLXQGAO0LN
EzFWLsre5FE=
LI5G9yVASPo=
AJtvOel/NnM=
DmWVF38F5vU=
pcUjaRoKqeNXGDTi8BAfjQ==
6ussidNvcaE=
zrbPQp0Jq/4=
IWxQ7O4ai/28j25DV/exFA==
8s0KOePBUis=
KvdwaWNaGac=
3uALab8koio=
mxQgrtOxFNg=
8/Ktotfl6+jcLPYZZkwZyA==
lhwYKXq2XXc=
HJPZm/o2A3o=
13aOibINt4s=
VVqYq0e4+ec=
3qLuKKjsFI18w9zyoutBIw==
S12ra9AXIxM=
gJftqS4jnQI=
x58iXuEui8A=
qj/vuEOBhiA=
6onNpjMbWko=
pv7jg/DLWICM9+8eFBoyAQ==
8VDF89Yuhiw=
tCPZ1IJkNj0=
QHaIjt4XK40=
3FKQOgwD9Is=
uGG79NDFWVg=
TYhYPQny/sc=
poQpkkkbqM8=
nDU9NVPxYJMdy5dZgQ5XhQ==
V5EnrB2NEY4=
+6ABqsEpTKQ=
qwm/oD3vfqQ=
cQpk7tlsdRE=
G4+Ic6j+Cr/JBgpvUWJAOw==
kuUS88i9x154lO+qJjO7xw==
VH34G0l+UNU=
ZjFwn3FsbXI=
YBrPTYGz32w=
ywq8fJNC6lI=
+Za4Giw30t4=
ix5iRxiPh43bKDO21qflGA==
V1qm+u0nBegjbIE6maMfXA==
O2iNgS/W1OQ=
y2O7YutzJeA=
XvzX/CsfDhc=
m0HkntV8wjc=
O7cXiZuF+D5/y2so5itgEA==
O7cXiZuF+D4wXVcp6sakTw==
Zgsl9oryjjAUu94VGNhJVw==
/yLuDqI7j20=
gfAaMlFNvM0=
ZVx+OBItnZw=
QDB0rR7g4hU=
6hK9pGq/Q/k=
icdw5SZ2gT4=
FwTCFSYinHSidxfTjCWEfg==
Mi3z/uOgxrqLCe7+OOPUWg==
Mf3B+jryy5Y=
Tp1kv7du5u0=
fnMWX0PuXW3ovi2Aka0rpA==
55X9Uf8sPhQN5Be0HZh3ZA==
dv/YqoHGcKKxHsX8K8FxeQ==
o15MzVSDUwr1pvnANbYmCw==
0ckQjVGMtplal2Egc3twFQ==
3b37iOgMDBk=
QHmRsicZ3Hu2avQo13Qxkg==
p973GRDsRyM=
M01i0+WqK3s=
NMkh0KrPKFZz4Rh0fhhMIWYLJysz0Hbl
NMkh0KrPKFZPKGUx70bCQte/M2hCPnwy
/GVMqIBdfEw=
WX4LtrHXbrc=
8G761JvUeclHqIeOIi8qkw==
DbkhPW7rob8=
JM6Vaw0bYHDLhFiXyhx/ig==
gammoDZf22s=
ok7PxbnnyQ+w/okqlaz0Uw==
SVOD4brYpYXHA150fug55g==
Rz23p0wIvgqXPKDTqeFEEw==
qbNw744o5V1CjGyekXkk3w==
IGRNFaNtcQDxmBP0esK+tw==
OzgJ/3G6Ces=
i6ClNF7IYaw=
dPp37Lme6Rc=
d1VrUbDTHGk=
9M/FEUsfCLc=
pJdNn7kXkBw=
i9z4H+IucjVODp9m9dVv5g==
d+wd+xj0zZCIrLNog6d8Cw==
FODC/FIMC+g=
FL8ep8YBKF4=
bewiTFcQxZE=
BERyAAk17Is=
78LAain2Wc0=
V4m+fq33K66J4BwRcT9AcA==
cqoyxW6xheo=
FqFzPQzvRzM=
fp0A0OPmBohtAFrmLLUEhA==
j8hWHGKaHOM=
g7G2syBW2pfFf7apDEDRyA==
x2fIqwAPfpU=
A+YJRES/5M6IDW1HUIEZJQ==
m6iEMo/aUmqB7pEffD6raA==
9Vytz70y3HQ=
FJpSVjoN3ls=
TGjd5P2p7pk=
lZMEEPkBdWs=
eqOqfqOLJuDyWyFCk2oSTw==
PGukx0jE/Of2jDtJ4Y5xjQ==
oJ9KDe36rQA=
PhYeQgD7LnM=
DPIoKOVjP+w=
sYbC58bZtlrFvgJpI+/2SA==
yfAfD8msd3QmK+3W171N2w==
zEg8kU/1LchldoRAsDWNSg==
/LjnvCmHoQ8=
D/jaPKDZnLI=
1TNO/u1uNGw=
ncVoDqG5ubqHV+J18TR14Q==
EzbNiZ/Yww4=
AVIkfiYQnUM=
SEZlDMMKx2A=
74Z8mm/FKwrN4mrrgLJR+Q==
EiwMDjHAPOIURr2L2A24tA==
RFuZX9/xnLkNPhSWVneWFg==
HDBFS4++xote/awCXiQMCg==
TMbevSk37EU=
f3tcxBmYgiqokiGEOBGdSQ==
h7HDUfDBKUErJE9470EN4g==
8ta3YJ+ca78=
OCcEMg3zQUI=
yGWYxLrNwBM=
QBOE6LYO9O8=
QnHeL8oIg3i9pbyU9CxEfQ==
JEkNr6cm1IYLVc9+iGKHxA==
35D0XX8V7UE=
35D0XX8V7UE=
35D0XX8V7UE=
Qzjp/sYqFfv/gPenmFccAw==
uB6RNfIy6qGJl9oH2af1wQ==
3d2+0kDj3vc=
/BncgmpXALs=
RRFeyNH2kGtWREZkj0ZyfA==
3UnE2twi/vg=
9ptHqneg+8c=
K6RdDG5Ltkhr69S7wUQe1A==
P9mQKYEPioxR9/F/Q8Q/Zg==
LDB3dtlpEz8=
FnBmx4D6ncg6r6dGF/d3mw==
GpDZ51lWOZ0=
3+pvHDxwVbdlnQVCxB6XlA==
lKCXQJDYI3TVsj/yepDVVA==
bl/2E2xB59g=
WPcxlEaAKMuQaMWO0Xm03g==
Ykzmv+Ux7R36R7Kcs6baAw==
Q70w9l/XhVKpuaBuYmMXSQ==
Q70w9l/XhVKpuaBuYmMXSQ==
76h+oSiSFiCa0QDPLPwqUQ==
OBm+IKOYBmw=
RuREMhRfdmQ=
z6o7ksSeStU=
WRJ+x6RB22s=
0lbk/y8mKD8=
WGrBDs9Xbg8=
RghGVnMj1XU=
tgLHMPrnaWY=
jCENswbW2+U=
y8StdHV5kS4a6bI+yrYEmg==
Fq5Fh8HgOG3lxWSivk2lWg==
DwwvYsxv6rU=
LXnliFMA7Ew=
U2zXS7XW0KA=
yqqXZYwx6uc=
NtwMzPzIwfc=
fh4wF1MLqes=
RAmUlbj0Q5dXXC9o/xhSgg==
PN/+XKqudHOZ0A8VLGs4TQ==
47uv9mItMOvlN5sMDBaoIA==
0I6hk86h24w=
lVFRpYyOWEw=
WiZfKAhvaq42MvnuthpVMg==
i4bc6AMDiLM=
BYHdfeI8/iAoO9j3ag76oA==
hQoafnlGsCc=
7FTbR+oWSe0EXkjjWpeXOQ==
wcw53bwCiw8=
ceBAjFoemU96hH9PjUSK4A==
GS6uSdchDEk=
anszQy7Z4rk=
kn8RaEf1HXI=
FfpZPop0za8KS9HdwEP0fQ==
dHO5qHlme4UUthMO38RJxQ==
RIPqWmo67+U=
bqTGB1Wcc4k=
jyAGAeKSI4Y=
AS9SePlbcMU2vuL7PYhxiQ==
5zpThRYQ7N0=
6Zni8NdRb+ZUlECcarT1xA==
w3cBreJDXNE=
FvkerDPfg+8=
XLpLd3I7t+g=
uvBo7XyF6m8=
G59Fnm+hqfE=
F2HC8FbUKVA=
F2HC8FbUKVA=
UUjZf8swmUg=
eGaVUSE3MRY=
maoP99rxd3/6umR4Z0Sm4Q==
TTLz512TfxxAHrELrQGb+A==
lODV3ENgTulY3+P5vYXItA==
zAJs1cnUIR+aeVPMI45E2g==
YXaE5gtTZkU=
NCi5Tza8YRg=
U1XDMcYZHWY=
wCi5phFBLek=
/fnEB6+dkvM=
qaZexTYxViI=
RWRfiANPimE=
NZcwduViXs4=
a65quLiLkKE=
vxI6Vo/+02c=
Lqpo6DpQVDM=
pF4WvTLwO/s=
4fR/UHWC1Mo=
3ALAddfpDfQ=
fF5OMB3cuL4=
xXWTpU7JYa0=
xGnKl0+bMII=
0tekTgyAG7w=
NtjYXk0oniQ=
x2AGRqE6czY=
dFtE0TGoqrw=
1Svp6lxVmug=
SxLmRxl6M6OO65wv8qzMJg==
yP0RsNZEi0hPT+p+6D3QEA==
oXTDRvf8I2w=
Ir4QAKAnMHXlYbNbAIlWEg==
vFTzQE8nYwA=
BtYSohAYhRY=
0EkRiodDAZI=
zI/FJZccBBg=
Siv1/hytAaODRNHa/cWfjw==
zocp34Qn3tw=
qAuqoENX74Mv9CK5+RQxHA==
sAVlBAkowR4=
1YNOKHmqAtYyR/eMA5HNYg==
6mQfwPfkfNU=
6mQfwPfkfNU=
pj4LXrPJZ/s=
jaVVQdUzer8=
a6RsnY2VBEU=
fVv83VSUWg0=
cQpf/z7mGWw=
2NcX+X4WBH4=
WJl1BpM3wxrisyok/YVL1Q==
D0dmy+sg6Io=
G9MSEvQmV8c=
DgI+YUyTtLk=
i4qBqbOoAitEEeuXuZv1nA==
aH7vwYwLu4P8adD7hp/Vmg==
tSAnmEEerDicHV7Xc4B4cg==
hzTCS7jF714=
LX676yT43PE=
0Ot0uHUirHGGUhFBURjdmQ==
8ynBKvAt2j6XpOrXRedJzw==
5UAjqbrKoGB5HozLzIaa2A==
jIfeTDznfR4=
QCk3KS/A7b4=
Or4QZQEXO1s=
dStoGA+ZVgU=
UbYGHkGD7oo=
6w2MKqHr+uM=
csCg7FxjLbE=
HwDeJsDFxA4=
GpWKXZeT0PQ=
t+wPNMo9I0Y=
rihajMurWxI=
5wjF/z+2UVU=
35D0XX8V7UE=
NjooTVr2/ge3OhKw606H5Q==
KMnzB1QwwDM=
uDmBHtsSwwAstOvAfmt5kQ==
uDmBHtsSwwAstOvAfmt5kQ==
XJs2BdETweeQ7h+lSFHxQw==
9hU+jaO3r6QcgXVsM8oEsg==
u784XrJH53muM+FyGXGGtQ==
pkPocQ7fXwI1QveMw8/gSA==
Bu7409kD2GA=
fHkXVO4US+kl6FvCwztlIQ==
rYhShdY3TrmxtNCGCBMnJw==
fbM3Zf+Up6/z4A5pW4tvVw==
6iADKM6cwMw=
7qwpOQRC/4dStMLGCk3PvQ==
M+/MSB/U/RQ=
6Mjx97hiKKc=
3Vs9PxBYeSc=
XniqbXqhfQ4=
yOGNfEdy9zfT0RdTcIHsPA==
2E0TR7Ammhk=
2E0TR7Ammhk=
9wAMuFhE/ANh80b06QoShnmSLYKOoy1p
uUv+LNdSP3w=
lT77CScKjrk=
m1lXyw2ljZw=
9jP96b0cHHk=
8vapNcLWo+x2eWzd7Vkl+w==
Xs/Da+BhLWw=
wOaD/VUNRT8DOGGOCAUN+g==
Joarkf/hUrl0Yj6qipQRlg==
X7oFPRHGtcA=
tUeNBULYrtI=
OSqFeDeU0RX0hnrdF8Q64A==
x8E3QC/ylzI=
rna+tYDofvs=
UZZFpUAtZwk=
u59NPFt4iNY=
u59NPFt4iNY=
jbqeHWNk0lI=
uUyW9eIbx6E=
lIqZhvp+8zk=
pkKCD3P86/Q=
ttltQeumgrQ=
Kre8HAFzejwf3GDG/Wq7fA==
esrOSzv29VA=
MB6RczTuhzc=
tVHGBTUTixo=
KfR4khDyqjc=
DRFdI7wr0MY4Ci8UIYz1cA==
jPxhHOYhz64=
rO3sbG5PZLk=
TH4LMYgahIY=
X8Q+AohgeohEEIkvIrV1pQ==
OzMB/P8W3uc=
/SG/BpnbWaY=
bWKpNLCB06M=
Anni/f0LH8o=
MzxHcxTQU6U=
zrRyAkZfThg=
sakIoyl903w=
N2Wozvb7VQ3+NfB6OZlGPQ==
B5IVscA6emfwjsj71jsuBw==
selR1IQJDzYJKkvoxI+gDA==
aclEAVkTxE5U1ml0KrvTdQ==
2+uycS0ZVVw=
419SKo5sLh8=
sLN89iNRzmc=
8ozxTYxfvDU=
8ozxTYxfvDU=
ILnjm8BYd7s=
UPzpkOUr16k=
AfxJXLHjWUA=
oP8ASvSDlbI=
b8CbHUQZbHg=
F1EmOaDhmQE=
3RlhINfFuv8=
EOHZnVryO3A=
GTa4qSLu/uk=
TwaS4uHYFb4=
Xy5WDYQL0n36Qpi17lMDdw==
QflX01XZrvuqDzOtL1mf1w==
ZVp175blwzw=
ZVp175blwzw=
EPDl5caWxZM=
EPDl5caWxZM=
ymVKSgCvsrMTIZbkU+SdSQ==
dU9pGdhvhdM=
OgalzuurKwE=
bQzbYnq433bOztbE/CMUdg==
0/Qjc0PW33Y=
7rzNDSbuYPs=
mza3pZU9lC4=
5tXMmq0jvj4=
Gj5C0Vh2+ZU=
JGSXu1LC9ys=
z3E51/hRkyI=
lY6inKlJdZPRrolUFzhAMw==
lY6inKlJdZPRrolUFzhAMw==
iBNMFghx3bQ=
k+6I+JDloDQ=
tbJgdzEu/9BKfq9xPnCXiw==
zhw6pJ7Ourk=
6Ztl0wpICls=
joY3Mqo+eSE=
KQyNyhEW2p9tCWoFrxqAFg==
KQyNyhEW2p8N3n49+IgYhA==
VHmB08UaLWgcJD0fP4EADA==
+27rv24VUrHet9/plE4/0A==
n7CRdrdbyorSnBNfNxDzOA==
ECTYZL77sMM=
VZP1dRTF83U=
Eo0XA4oDoa8=
qibqV0rg/VE=
Latu3Fi/v5k=
bQ/tDCsDngc=
5EFMTP0s9FA=
D/+tlwGZyZg=
/JCXqD+RnD8=
uiUegob0s6Q=
/z9vHkOmiu4=
FvHEUSIx0iU=
N/V4haMWWj4=
Bkwq6W0XxZE=
Mhz7Po5Sgyk=
CSATWdNexG4=
sIu007dzlsjiEn/2QMcWJQ==
Jep6EkM3ikg=
SI+cajTnN2J5wrztvyTQRQ==
/rxD9Mq0KnU=
Fz9eOSEtTiU=
NRXWmm7Oj7U=
04RshTE5ZyA=
UMlQzx3xgLb/zKzSQx1WDw==
F70N7XUHhzk=
Vn4SaomgdNw=
+bJTiQOxC8OSMVXzdQf1MQ==
Wf2qLrVbnJg=
3SQM80gvArzJ2/3gvky6hA==
pSX+GVrfPctjKvkJSmoVMQ==
EVI8k1HGdi8=
o6oB57+iDLMMAY7/azr0Yg==
alo7vFb6snZtESSlKjRkUw==
K3xsLKhujaeeGa5SnvG60A==
JL1H/zNOPHQ=
rgJyUgDb7u8=
NMclciREw3zHWPdMLaUtxQ==
umXmS1A5Jx7U+O4dPtbolQ==
mxttX3fsZR4=
SfEjyuY6GRY1DnlmSpQYtw==
6W9CTlxs7eo=
55d9tLod+m0=
2kFF/5xyNrg=
e1EaCrkamQo=
e1EaCrkamQo=
DdfexUks5jv7nK2/pqFXmQ==
tHW8U7sp8JY=
vwkXv5HW/3Q=
1ynQ8Qi+D4M=
rOSl5LpxbIo=
YCL9AQjzV70=
TaUm9pJtv/Q=
1CpQhd0ry3vEjTfnJa5P/w==
x9MZ8IMEjd5jqyJ2mVF/0Q==
ZJkuD/3nP6Q=
A6MRxOdno4C4Kp8r3dho8Q==
6tSqglaXrXn2xv9AiycuOg==
jTV8G8G7heGwPIVBx3Cunw==
lRFRz0a+kivzEhCU8YSksA==
EVQzTTilgO4=
hs0IVJerOYE=
4fK4gaKN3sA=
QGag0Uj3Otg=
1QCwBFDGnGA=
uTae4MiR9GU=
Fr+istlhYic=
FMRLUTtPWT0=
naEO4rC3zE8=
UbVido941ng=
jx5WPNvflDk=
dmjC46Y9yUI=
nbUi1VvzGss=
hhtUrrcEaT0=
4l3cX8PkyOk=
VjNj0gCN9/8=
0MwiXGCg5Qo=
0MwiXGCg5Qo=
x5F/Fs0myB4=
EZaIWHNKdwWgIWmixr5U7g==
ArbCejf8e2c=
41ztWwEsKpY=
4e98f3v/TGk=
ebYZ4ULnYxTgZa03j4TJkA==
geAuFPu2YYWcecdlkxqLYw==
pJmsvhvdgGXaw10gbADjfQ==
UYdGNdQ3tDc=
O94uHGKHRI8=
lHjcEPxRHzs=
HQ2sjwLGKEY=
8g9YLulTkfi3n1ulswHAcw==
Wjp42L0lKmIZOlJkOprivA==
Y6JNWH3Ey5w=
BLp//jjRLCU=
9UeCGSKc/IE=
9UeCGSKc/IE=
9UeCGSKc/IE=
WRlP46CN9qk=
sqLq0c8ruUY=
Pmw1GPTBMStpalE0rOWkgA==
9K0GQCGmVEo=
9K0GQCGmVEo=
9K0GQCGmVEo=
UQvzhiFxWX8=
AUchPpn7CGY=
hOldHQLK/xg=
Vf1GSsgIYac=
5eGkRaIWGqU=
iYiaLWqCpig=
yXV4HcQqO8Y=
+45FtYl7V6I=
XlA+9MXlsd2SNZ/M9U2aAg==
o2EP/ysd4ei6I81hrQn4Og==
lkjmAHWPfYo=
9UPselNpMxo=
QCGGy/MnDdDfZLM4/bFApw==
vPdJXs1Nq7k=
2aJV2G4kIKA=
tpzSblKYQJU=
JV4JbU+M+Ls=
LpX65R9jWf0=
edQ7tt3tbZQfCn/QvQfOYw==
h/K4XFZCoEPfpvtuTHYiEA==
wiK7N5P6IkA=
of/4EtQrF83Qs5/oOZeNYg==
fJzIlzRIDBo=
KFcqHhq56X8=
BcUX3y+Nik8=
8jOYSExJ2Zg=
qdw0t0shisnjGOVCHy9fBQ==
D4eG6dMWscU=
yM+Me1t7QxI=
y1rPVww74SI=
9qqcSC724gOM1DJsMjZb0Q==
9qqcSC724gPCMoURimi9mg==
FjSdPhdpmsil+upsp+unmQ==
41xaXMQFQzpBuUh7qHFjQQ==
41xaXMQFQzrEpIS6gUO1Aw==
fRXlHwzQEIY=
BXZQp7j9QZs6QOZ0dRmIIQ==
S/Ls4NUmo7M=
w7w5s6DzAtU=
wS3exDgYAos=
2LawcsRCqQ6zATuhTpkdcw==
6aCJWQCJ2t1Su70VoBu+pg==
3Co5r0Q0mJE=
800z2KS6WYRXbq/TUrVVHA==
KepeBBpcxIyAimdtx5SUjg==
T5eVqDbab+GejIl9TWA5QQ==
920V+DKEnfg=
Jj5T39JSbsw=
pvkvb+bMA1c=
M8IqqvYj3Ro=
WUyyRpQ4bMo=
WUyyRpQ4bMo=
cRQkzmeUTh9ZSn8TsDZ2Zg==
Hq2Cvx1CaM8=
L9GosCrT0ow=
sjqQqeu28ZEXTlccYhg+nQ==
zfNdoKRtJvpjRJ6KrBbOvQ==
0717XApiUwg=
tC5hXHonyEMUm/md/96KiA==
h1uXCM5iaeppB4EzoEBOTw==
KWza6+oNj4CZuZ63mI3QAQ==
wQomdMKSF+c=
vfD2i2xhPRg=
rCoziNqxSMY=
uMnblqQTvJBhJU7BXMvQEQ==
75GEhIWC80k=
pDaNlEzvz5o=
8Au2pdbtuL0=
nax2X7aiMls=
A4zNS6bOfrU=
Q9ypPPexJF8=
HT3nWvYXUldH2vlsT3s/Ng==
BwANKyq6czRlW3YfT5veig==
PFxYEyGntJnl5uEAyoPedA==
pq/sUDUZf77fcfjpQyjx1g==
/zYa0KJkyRQFaAp79lBaqA==
hQLwnB3C2vw=
yCl6xcAIRD8=
SO4dGefWLWQ=
1iDDDtY9Rec=
suq1Y6iMCa4=
V1B1MV7ir8E=
0i6iidIAW6PH+3AIsGZQlw==
3xMpcRR/oNKbJYslEwPJCw==
fYuqzTDj3U8eQOU06AjAJg==
dlZ4XqYeBn8=
GLRlPZMDJb0=
ejuemArtGiw=
7eIBP+8tIm0=
7aYiBmdBAhRX1UuP7wzuPQ==
HfinfW/mdQ0=
/0QFrsdJC0s=
IyZuO/Alig8=
l4sP9uQ39bBRgwVmlo+wGA==
uoMOEVkJN4M=
A/FckcXMA4M=
/z5IUHIwd/Y=
p/EwQqaMsjw=
TrZoTaq5njE=
PSZbgQ4WF8Y=
1ZTyrC/2Cao=
WkjAVgziX2s=
pwHGVXlWKdM+UaK8/J7ErA==
rTE9xP0ml8E=
rTE9xP0ml8E=
ZlnfC9gcpQI=
XZDJe7xGD9s=
cWIIL0VBLRY=
aZ48FIXatNLS3jRDpJkExQ==
w+RWdpqC+A0=
Tn93vOY60jAcVBRw4YSy0g==
aveFwXjyRUU=
Cyztxxegq7A=
IFEyVgfdx3hFaSWMVCljKw==
0FOwVwq7Zwo=
zu5FVrYrA7o=
EYIvLDpOM1o=
q0jfmoiN/7o=
R7W56pfNu2eI2ka2qKujSQ==
EWdMkpSVmuEWpKRMPhhqNA==
cauvw7mWYyQuQAcH5J25Pw==
C29piCrsWZo=
t2T7doq8YMCf5yjboi38Eg==
Y2UV4uOfDCMV1r8CuL9ihA==
2Dk6VtowIfYjSWEo8Mz3mw==
7SBMPZ2B5qo=
VOuiTeBohkc=
ei52RsaJuKfavkRKSQGKyg==
Vm/vBzjumkVcPC+w60Tdeg==
aGPIAcKLyhews5wFR+nXFg==
zlR8zZLEaeDk+6KUna1C3w==
ULxVoN9MmmPrhU2wDVb8NA==
JzcUB18o4kk=
jCJ6CvrEI5I=
6tImvFkQrXzkfL1udHTawg==
FIVwr1hrbjy8CuegZuKPig==
V2WWNGXkypw=
ZZi4W7/wkh8=
d4SMv68EmCs=
aYiZYLF5Dbc=
7vXZt5VDamxEvzJJt4dIfw==
2DM7dXJ4bCk=
E0uVHRNf5KU=
bWUqPpo9aqs=
puSjVBja4dY=
jCzfZVjBTUFEKibFtBfVpg==
lx7JfmyNN+qE+c/1xqMQeg==
XHk9mZN5Wak=
KiEV04T+Lyc=
KiEV04T+Lyc=
nBm++wLgbzc=
pmYesyo2jK59hS1NgebIGg==
VsPlWHWJQ6c=
yDT04vzVRgamc3R5+fyE4Q==
yDT04vzVRgY1QSQ9KPXmFw==
lOjTI2BTWeI=
m/HxwwZ9yJs=
sL8ZHAJGV4U=
T8LNG9f0LE0=
T8LNG9f0LE0=
VxAB/2zWiRI=
1RRo07Au+AQ=
EUnUmdU4l2w=
k8pKFvMmyX6YplG+/5nCwA==
6OuPpKf7WczmjbWqugjffg==
o0bt0slize7ItHoy64qzuw==
+WAFiP4HX6Hva73yWG+9fA==
PnQaCI+LvyffhvZhxCF7oA==
DWuC0Q0slfDHs8t9XvNhEQ==
u+7+BQp6hvH/S4GmCcjzdw==
NXVXXCDiIFw=
PcylpQR2WCE=
0EGm+7kfr6zyYdGTPyYU0Q==
OzVSb3Sx1Vs=
DFC1K4Vwmvk=
v05ikk1zp3sq6mD3jYQlsA==
h2A1GeYGI08=
/0e7rIWFNxk=
DE7aN63Vh4U=
rdbtAiRKHL8=
8Qa2NMPqPtiY6Ok7/yIEOg==
g7vgWU3sE4+g7vXN99BRdg==
p/SRrxsUn8c=
Kzjq7EiAD60=
+YfOaObBz80=
7JOju+8lW6Y=
oaYpCrwRXiU=
EfsVZfMrdGQ=
irVAi8f0hkmApapEn/vOsA==
zO4167XSWRI=
CZ+4fcmbmEM=
MWBnQKYQ8lU=
ldsGJ1hNfbo=
WtjuuVWT740=
kI5v7P/yRax1R/c19YQfMw==
fA4r+kwSyewpwFp+CG8QBw==
A894w4/19c0=
27Pa5MUZxfa9E2QKkk7yDg==
Y8h2yQ5HXLwYA/wh3favpw==
/v0CV14+VAA=
M/unBXqCvOE=
l+ndkR7nkYFaj5HkqrMMZQ==
8rhIql1jmhk=
vcyAM18IH5luu1d0qI5H0A==
cCMtO608h/8=
C6KqgnDxdA62ZvJocLpy8g==
C6KqgnDxdA7oyTf7nzsvbQ==
HSxwPXrKTctBvPCnCiPiRg==
MUZbd880DgaV8LzyPdSY5g==
SKzPGZC3gN8=
AMx1GTJsor4=
z/9uVJ/wc+XgMzh5eGAjqA==
BDuBSlqR8BA=
P8lwYUFmuzo=
rQpka8XjpD4=
SPiR1UuhpjE=
uCLngZbhaP0=
9w+ewQDtLgE=
NV81oG1GZbA=
QdvvP0WBBw4=
sEKlkMwyAzs=
R09vlNOLwFn4rSnwOXWglA==
6dvAOlyOksg=
X3Fgwma8y8w=
X3Fgwma8y8w=
iAYCjChexKo=
ipowcpHSsjEftn1PS09D9Q==
Yw9QrJIveFo=
ltXRjtUbnyQ=
+WDIeGrR2Qc=
XOOXRIOQZbHsXM+qNb+SZA==
qZX1+YuDPcc=
DptX0GmlmYw=
pSRrfD04wfQ=
loKvIZdwEqw=
avnDtLcG36jzsUujHYGZQw==
sCE0AoBvI0E=
ZZQseUDggE9urGOmx+/PnA==
jI2GM430eCxpKiYl4IjHFQ==
Y27e7Y7oq/Y=
Y27e7Y7oq/Y=
qOpPN5PLmow=
1kUck1rFW25Ys8R9VcNZjg==
/YyTtwGJApc=
+HjtAqGC4vk=
sepXxvTYr8E=
VjZQ19YgSvAmLP+XH8eC2Q==
VI+JJGOGbmv2+yx0sxw74g==
xIalkffiWlcX9fgFPnJ3eg==
dVpeLQhIVfJGIebJR2yIaw==
Qim0ZmcDlshydzCTrql9NA==
SLhEBv70eNU=
VCjWo00p/2Y=
qiCDkxbXyV0=
tG5U5rJ6LA8=
1Da0eCvKkY0=
vS/qARPyj7tSuMaOJTki3w==
PH4iuY4/P1g+5omg391ebw==
gUPBaUoZv0A=
6NXr/lJ7O+k6+QYiRSWuDw==
nUbn5WH4k1U=
Q2fs0aa74S4U9ugpGeMePw==
bdMxXd6I6MgfZf45sIXzYQ==
kkKzjKR178HnPBClFudpYw==
o/+nSi7qrwpGf2FnYbAV9A==
j/CsS33A0yg=
zhk7WWJ4yvA=
SA/Zm7caLz8=
8torzSO5OXE=
GOwiuuRV7TY=
MVUwfJx1SWA=
6KWAFIM6sMA=
H8lB4TaelK0=
3IV0jfI0PG8=
RMoxz9YutQI=
jVQLrlGJN4s=
+roGzF6w6sifMGxOCjR3qw==
wyYdfKGZfI0=
LK8w+Lba8x0=
xEQVDA7LR95+qg72jjOPEQ==
xEQVDA7LR96aT82bMwpgug==
lwXrx9stvSX+z6zcM0czew==
NobXTiUl//Y=
VSFe4LPgNiY=
C7aDx5l+VPKh0RO3tXk9hw==
fLNhMsNNlKg=
hHOQX1TNhEA=
NrGLrvwCMwg=
CKhJ6e59GGo=
Uu8Olx5HwzIc3vzDX7hSdQ==
C8Qrm8O8OpwZ5p4HBy81oA==
dZGrye8mT/Y=
xGuasNnfdjA=
q7o0vGW9pSY=
wV727mzuP4A=
3H7PCruJGvM=
CDzfqFnHWSg=
c9N77FH5hSfE+VbShwRk1g==
U5XoJn98tKk=
g0t+ZYf33Ss=
C1xjSNe52pw=
m7egzWXelc8=
EwIXI9shv1U=
md9yfusvAHA=
9OrOeBqdkGo=
vmuh5wDwL9c=
WQ0MafftQGA=
YVYeKOke+QU=
oHuAveD1TaA=
GcNcSC9P7kvMHoiEq4TXDQ==
APWJz2/YR0M=
gdXEib9jf0Q=
ICp8YPbWUck=
h+wDbjPYIjE=
FfEVktsn/I8=
KMVWevuO2TWkqDUk5IVUIA==
vWe7Z1w7Qyg=
y8mmUD0/hdt+iHr99Rp8Pw==
ibpDgKBjibTMLG8R0Vt+9g==
rKbL8/KK8UftC+cBqFOFxw==
uUUfvIRWc8rSSm8rTMC/iw==
8kpaDwF8HtA=
F5deY5F1bAXYAnw92rlhcg==
GZtWkKK95jg=
GZtWkKK95jg=
mSp+e1FOv5mORqrV/7YeDw==
z8uhjUHUMNI=
VTmj/WE4Hoo=
I3k/eBSEF4R2zkSLBGfRdw==
tMANSbYBphk=
D1RObTbnmd8=
D1RObTbnmd8=
xHZew6pRjJGYKbNr7JgWzg==
ze73JHgjdAs=
mwspFcczpOY=
aWNj7QHjfhg=
jebMZKZwYYA=
p89V+/ie7zc=
UhVRPEtz/HPfnqxdhNXjpQ==
ies4vmFA8WM=
3frwS41Yyu4=
Aj+lfRxysKEmWQiEPS4y1w==
7s+V4I8K2Op+ckaiVXljJg==
4dl1LtH/Ob3Yrp6U/RLztg==
fwyaXgLUYCEGZb/qMG6iEQ==
KBVorF2Fcyz7+isun8sXog==
vnaCWQhDksE=
B3WDGfrVZyE=
hchWs/uStmk=
N/X7y13cmGQ=
yVa2LpxT7LyJfZhJAb36uQ==
d5rQQR4dSRWPuPA9AxjOAg==
SiMVjn5YcJfSli3TnEIajA==
4ViX/V3j8ocxHTKxitecfg==
ZQMRFEtJEVA=
7XqwEyq0U+6Kbxdm6hnHMA==
mUyruI9R8XQ=
IjG1BhHtlCOaGHQ7d7jOQA==
P9EZaG8eEJdENGefo9XztA==
/D1+LYg6JIM=
/D1+LYg6JIM=
ATpIFJZtZbI=
z8wJEVcoje4=
3pIij3eQCO1qCEMNX2dWvA==
L+6qRQ6rr1i4UxX2kiWbVQ==
YFzzq/0n0xVXJNOGhs6dnQ==
DMXHyO74jyU3CST3nv7e6g==
bwPQWZcdkroMW65dFgiPLw==
IwLbxoubB/o=
uUL8h2dM++Q=
BBjaSoGqoa8=
JVORYYgkOrE5m/apFbJ/SQ==
2rGI1UjtjZU=
pebOj09yIKU=
NHlNC4/56mTK8JtOulPXRw==
/xmAtqDgQaI=
rEpn21TtrtI=
xVcwvjPacx9bbsyFt1IdOQ==
vBNtcntBgr0=
/CZyBSBhNbcvzLBRa4q4xw==
2B88OypTBX0=
MWnovnne2/I=
MWnovnne2/I=
2AXN9xiiGow=
L4lTHSmgLB4=
h6CCcv32d7qklITOlJo+8A==
UBf3KhN/rX+S2oK01dpHcg==
EzSOR93272rZgXakA1ZqJQ==
APYObYX5qps=
a1gvHrqlOq0=
Q483pr4JLMo=
qGk3EY52v4Q=
wff0mk3sKrA=
fmBs4J25NXM=
at4vyGKpkCg=
B7zgE8h6XHY=
toRPgJMDXYo=
ME84Yx3h43c=
VeaGsbV+vNY=
F/gJwS2srx0=
jqlgx6sJ5Io=
HxG0JUKoW0cUUfdNaB0PdQ==
u4sYnLKOhM/d9gTiHU+GAg==
GQ1VdUZEL20=
ZGnb8X7YGrk=
netorJfhbBc=
ZyW2d64j8VU=
ZyW2d64j8VU=
JDcXEVjdx+07bZQjYqZisQ==
JDcXEVjdx+07bZQjYqZisQ==
qbpjwHpvqWE=
p2b2CYeKXQc=
sdcTKMd6fUk=
wk9QV8CXbXA=
wC2mFH5Q5tE=
jGc5hVi/J9o=
ud9HetysWfWoSI/x9ToGBw==
dLVyBBVeJOFw4WOTX+GOIg==
u338uQEheGM=
XJUZZN4WbG0=
QMBNCDxzuwA=
pkxR7NG4GfA=
UKIlOK2nKbE=
iHpJxGvQBlo=
FKMCjzE0c9k=
Qqm2RK4pTKU=
7V9Y84aZC5s=
tb8qRDDjFyoExp6czguE9g==
U4Qm3tCM6xVOm2HA1RSstA==
hXZF+gRcvxI=
PLyZEa9KbsdWcMzKzUFfng==
H6q253pUDew=
NHP1jpWXANF5I2gXt0KV+g==
gVXknB7TYrY=
2rkDyiM4366rIcq/uUdsgg==
/O87rOSrxdfGjPQvrjP8Ig==
GGQ7HLs6ROw=
mj0As6NzJ312bjnSr0NFWQ==
Y4PhrSGNjgjZE4Y4T4uQMA==
BgaMKdagEPQ=
WpJzagTDAkE=
0MK1nUOgN2E=
pS2iMqxcJKw=
iDBgb1ln8dc=
+ozoUW3lc5tCuOwt7p/Ogw==
I4kxWRfQ44g=
gS7Xv98XHxp+jmNsste+Ng==
rntgbJ24Hkk=
Czs34xlPZOE=
GqGbx/d+V10=
HUTXy/pa2ocW4+TwAISK/A==
OGWNP/0A9xwVsGbJIqQBAg==
aHD1ViAnYyA=
aHD1ViAnYyA=
9dc0JicwgNY=
GWHZ6S/vK5xxjhNy0j3q8g==
EYlSf6OEr/w=
/C+a9jb5FeGy7wn6ZG25qA==
Z1nsHpdaK1w=
QZR84Q8tq7a1KMnaplHkOg==
iUqzPPLlwv8=
HkunrQ6AmRQ=
DReYzMVnLAIgmXTNTJLvtg==
gc596sVqtSEx/P2XYVkFEA==
0xZ10Xvpie4=
RDdK8ayyyb0=
gbgtPXjdFZ8=
QvW0fODXETfjI7tFfKSIwA==
nNsWMJWrwC8=
BuasdRpxbcM=
9cWjYdDvMlA=
Yd/rD0yBX6o=
Elqq2cMRtf8=
62RqjNgpeQGDsK7aUisosQ==
a2+G6EGw04I=
KoZ5PuWkUhM=
gE8FNX4XHCr0QB3X8IuZ8g==
+aLXN9ezrk0lcycafIqPsg==
s6pVrKxIwXwJxcS6sdWzMQ==
sQnll1KdHq12ANzjtAaW+Q==
JiXWlnS+2WQ=
JiXWlnS+2WQ=
JiXWlnS+2WQ=
/gZNCfPeNnXtkqhCeq8ZGA==
CH9dKQ2vIY2XPfW/EOiy5A==
ihbTbqxJW+U=
qujbYVqg+AM=
+z/hq0R3iNs=
+AJVkhz1964gmiuI/nH3Sg==
J5Ti1cz69dc=
EjCJpp1MIi+SIi7M44Of9Q==
zNFStYYgwtI=
ik2wFJ5Qfocn4UMZ8gNtkw==
2AHzRV2omMqUOSvswskdDA==
E6gMFRi6+CR23KuayteJNg==
ClqXsz2pnpw=
AH07i3si4pQ=
EgGGJytyYBc=
SAIErd2Yztk=
SAIErd2Yztk=
kioHCoJmY0fG0ELdG5hVnQ==
LKI9nqipoRM=
P4qTmjTPyLtOmKNwB5fihw==
IKnD/0qCkag=
Y/2OX6JUGFt/aRhk3Gu+YA==
Xsx/l9xrojSdErP1TjM/Eg==
TQP8Z+y3JnCGUzbKBsgP0g==
0ePdOh6u7n6aVKSbAFH5CA==
uvsYrMqGBzeh73dI10c3mg==
+/irZgEbpZp/Az7qTnDNkw==
ydeIkMwhL4k=
zQE3xBBwNDs=
SLN7+zO7Z/A=
IqcNRO9vyo4=
ojbKTUGnusE=
yPZbIk8zLjY=
WoSUSbp0RpM=
Yr/am4/4cro=
E4B7eSOFvBk=
hg50o3JZKZr1n5IK91ewMA==
D2gABfHwBGY=
949YBvMBEQ8=
aqjs4fZl6RU=
8r/Offbp4QM=
91TqfegzkaY=
jQOmz+L+Ty3PqJ9/MS85ow==
8mWCHxkjQF0=
rGx42vnrZag=
8KjgoNPKbDY=
vRiHytyjBdUOF/03GaaxTg==
/6KmnHnnxKk=
wTVgI9eUFis=
wTVgI9eUFis=
o1aQD9aX8No=
o1aQD9aX8No=
NIV5Au1ocNA=
FnBmx4D6ncg6r6dGF/d3mw==
gaZZgIPL3OjqLh8F3Da9uA==
GzXNcQMfweVkIAa7tzH8nQ==
ehBFB/faP4s=
W+CnJc8WrRA=
1Qf4qR11Bcg=
4ne2h+KXK8M=
nJhB/s7oG9JXy4gSz6te0g==
eWW1eAEUKhw=
E1xB165uskU=
FwYI2lsyb3gIoXBjdCPnGQ==
5qcjARHT1V2qeFLuLbhHgQ==
5qcjARHT1V2qeFLuLbhHgQ==
WpSe7+R7tyM=
GR1DPDKAhzeoGdOKVsLhig==
nn7zNYH+bE4=
CF9SVHVisLQ=
tex3NKCXUNJxLYB+O865yw==
J2e7D2qwWPPE0v+m3nS+Jw==
Qa9VZ0ThdeI=
tUUpSf/k1VHSLHRbsrJPBw==
iu5kSXkCsEvINZxFa9PSbA==
PBrd630tHbw=
1c+5mK4gOWnVBlBqo0chwQ==
/SYDCdigjTU=
i7FlUH6eg2735AhEJ4gOxw==
m/ACwTI9ZKs=
WfP9DfSpdkY=
l7wFLgQzsI4=
f9PVxAgo81o=
hXR+Rli0dNI=
SQdbphSvo+U=
cq3stlmkq7U=
iH47hBSwYM13LwO5l2Xf8w==
Su7wQ3IR19Q=
gllPuc1YCtQ=
VpCR8APIE5M=
91pS2idkUfk=
vVpkGgK3Yq4=
Pig5BP8m1/M=
K8dAGOvHrNV9pnfr1GUNmg==
K8dAGOvHrNWVFpWjtvrpB4bs30CNaaor
YxpTR3Ucg2s=
YxpTR3Ucg2s=
7/mKJrA2B2c=
BcAN34oVXeY=
xyQSqQNjfMg=
CPZddMkVJts=
k6oWE8R/iDk=
xnWI+VDCuzw=
BQPbOqpQ7ck=
1xQr8qhuJ+E=
4xQe0LUjJgA=
unD9iIdVwxc=
5ts6WLZdoFs=
0hJb2J9egOM=
axXjQ4USH3s=
MzYfmJgDp/4=
RH0C2KUFIn8=
AB3cMEGaE9gsYC8U+G96vw==
33pFFRW7omcOqaj+Uvm/Ng==
EblfqfdNOeMgoaTxIRp0Mw==
pLx5am/NBgr4NJ5HmB9EAQ==
tzdCsE30rRU=
AFiR9ux5Lz6jkuxQ0ZSuxg==
AFiR9ux5Lz79NIN9Q231dg==
AFiR9ux5Lz513zi/px6/gg==
FCAiPyq5EIFILFlZuP7X9Q==
oJGrjo6NrM3D0TChpA8lug==
WLoCO2pk6gq02Y5/lv23+g==
yB+OwGKwmvd6kr8PPOd9ww==
2JgbhZlFLLM=
9iDYyQVuPqQ=
ymAT5oJbOwR3HAXK1jIysw==
LQAVzIFxIB4=
5TIXJdjEz/uYxdtIaf3vpA==
2EeHKelXPyA=
EbGjCEdqdomC+iRJ66Girw==
grARYInidvwmADOyequaCw==
9Z3ZFk6+LtY=
0jvcVp213QY=
6Vf7fPfZSW3WRxLNuMeBJA==
itePhrAwU7U=
bn/jQZ6MVW0=
RxhlV7QiQ9U=
xnSMgIAxaJHuB27bvcpv1Q==
83qGcltjpkU=
XKRt0TGx1Pc=
3DIvCvhlZDs=
8cV1LSmIxQ4=
LHnBaMmuotI=
ltFrrSeBXRY=
+gqTjfHHl1w=
wrGqDgbC7xM=
5A/TTqec+Lk=
Lg+OcaiD0gQ=
uEKCVWQ5xCkUdkPkohdoQg==
DEBB3r5jDDePE5NYrd0ePg==
5fZwv/R+lcnfVq0BCiiqYg==
/OVNBWdx/ecIbJWTFadYxA==
DjYI0s1gfFfHCdOHI4Ucug==
DjYI0s1gfFfHCdOHI4Ucug==
pj/tJPxl5xM=
MVGgr+MyMqGsR2c7xFnIWg==
ubXNnuwzBQA=
/Q2MYJDMz/EILxJRsnARAA==
/Q2MYJDMz/FQlzhb6iJdcg==
/Q2MYJDMz/FcTVMwMIiFSA==
UHGFG3Lb8HIEoOYGv/6l4A==
L/sRs3STgFc=
lrQYazceP2Oii7VifNtuww==
XBmtK/FB0eQ=
QVJwf0GJO1c=
fmaTMIvDTHYBX7jvZXp44Q==
HD8NkpE0ZHQ=
PhE5/M2CvLI=
PhE5/M2CvLI=
PhE5/M2CvLI=
ztuR7vPc08wVh6cXfuMNHA==
fjFHrc/lKYk=
0sfR+NO/ucY=
2QNTCAcEkTo=
aPEcq35pFX4=
BjZs3EOuw+w=
zSIfK4oTY6w=
viYJ5LWkYy4=
ob3ABaqOSKQ=
0Zea52vj7ZPXU5A6OdASkg==
CryfpxwCA7c=
9mvbIOJy1Dk=
JLOsaR/yIq5GgLJhQvZo7Q==
RSazGXeWrGo=
lRylDHJ9I5o=
Swf6xnxH8ZY=
aPvqTIoWJcE=
tEh+Xa40gQo=
KmFt/KtYPs8=
jxb5fpgCVII=
UipE5QSs4pM=
UipE5QSs4pM=
H1CBepcWX+k=
qvxoN9L319VT1n4WKXP1m8RXP9fuvKaa
IKOyWbjuXezA8WamwNR9lw==
M3IIY2ZmNQ6AIgxT8SPgHA==
46xFVtFlM08=
dYTFz6xn9qfdDgzNwnVPzw==
ePouo+F+eBg=
nEXl7I50WLWA0ERkX84Hdw==
7kSDoFEa/3dqjQP8KpQ42g==
ZuYN0TZV6W3ODzR0Lzd2JA==
ZuYN0TZV6W2RH08LM7PMOg==
8sGGOsIeV/c=
bnBE5hsfj5M=
+dBM/3AxS38=
trkV9DL28Xo6oH+owkQo0w==
AOX1droHIW8gPM2gJQyoaw==
OXY3gEcY/nU=
eHGM90D679o=
xGTeKecxjyCAE3K1mZ6VkA==
Km0Ejb9ZCkn4x6GoRIj1hA==
KhkkKfiQZF0=
3McCAlhJ2yQ=
mctFzgMnNfo=
hCimORUhysM=
hCimORUhysM=
rc4kSmer1AwC2sxGiIjRRg==
E3XhFQvrsNIP8HU6E6CEiA==
OY7/jq1TU70Re0KvBdF5Rw==
A7Rkp7Yxx8U=
GxucUvV7rRk=
8SpWKYKwoa0=
8SpWKYKwoa0=
P2jIyxJvz9W0ZLypeujKqA==
LvOMB6j4pLI=
lhZLHpiWWnA=
VVsL9EzdmJs=
ZxPJgrUrfBgYB8mPTh5zJw==
4o4ZOf9f+ieV0ekAhUrz2A==
Z7Abg2+6iW0=
kyj//A71E5Y=
jsSQQAkaqIM=
wFuuB83JUZ0=
/BplmRDtaiM=
MNmxBa7eAHI=
ZT3ezJ8FbKo=
ALX+GxvzDoU5hi7IhLQ87g==
wiZVDnTjhMk=
7l+1Ykp/+L8=
2bHcNn87Vk8=
ag1SaoOJN/8=
76VWC6aNHcE=
lHB4QhoGNzA=
xDFXJVf/AUY=
GM4XdnTjsR19Zr1TyrgyeA==
He8XHP3jUej1zFRcJcW7fw==
vwxLpZlybnKBPMszmKWYNA==
zdLKzlkZxpo=
04AZ76BxXyo=
1RgOJgk8GW0=
J0ykBhiZ/xI=
/J7kpQfWEyA=
/Dv/3hrOUSY=
WFFu+QQoOaM=
WFFu+QQoOaM=
CytEXmGKe5c=
wg7nDZ/iJqQ=
ZiE0l3/KSes=
0HeypdeqBXj/P04vgDeVmw==
gDviVojqYe81MzgHdSmGFA==
XTQS7phL3iU=
z4j7JuLswMQ=
Uf5m3uQABmY=
LzYQX6P+4U/70IYUT5u4SA==
GV8OTyfjxro=
tjOzCdy6kNA=
pcnRCm8RKlA=
r6+4Es5PoZF+aX4+uYCG/g==
Z398Cjse5AM=
eHpaHHfD8XM=
svo5XZ1cDrc=
ay7u1jvH8SU=
0zHY+BVv4Kn3aqr2gdTAnw==
cXAQpWytKURgb0uKY7hQqA==
E+wF++HDsh8=
EGTmP2b6QdE=
6DWXY2kDaDM=
PUVOTHLsAfPZCS0itanZIQ==
RM3U/xkLCps=
7GijmVfhldU=
nZHC5KKbi3I=
0+fcC3rxuj4=
Gwk9K1tZ4Qs=
QC0cB7/PqJI=
qMetovnwgCQ=
RiO7f0Pldxo=
hkq9QqnJXro=
QyAU2ZgnZRY=
gK/R3+qa1crCTXVdIJz4uA==
/0QTQZm0kM4=
qpptGkRJAfg=
ju92FRfK9fM=
T6gRhErI3Qs=
QPyS+XbBsa+MOErSi+KV5w==
ldjFOfn/KWjn8N/3W2b8Cg==
qeirOm2htPl9MocdmcSHEg==
JPoZ5gZU29mYdwU71Fdy4A==
eKU7VwgXrYHsd/hQxNQECg==
FvBECMDOqtRkqnK8axTBeA==
l2cFaowH0D4=
003N0lv0QXI=
rbn9enY6SIM=
qoz+nuhmw8M=
VXQZz0ZiApQ=
m8Jd48+w2Bk=
C8qtWRhU9kE=
91HLs8oQ05I=
hfPYZxo2G3Q=
UiAzA5nBsZwjmECLZqpDpw==
LsmmtXGbFhw=
Uc6q3K/f4kMOYq0E25upXQ==
chBuNhRTKUkPrs3pP8jZ7g==
S2LVuFPHlk0=
uiNDXbBXCG0YMDESKQWi6w==
hceGTBxt5UpySXyhkNz3dQ==
N4loU7lyiQI=
Y+aXfaZiPoY=
Y+aXfaZiPoY=
w8hAmodTTJ8=
w8hAmodTTJ8=
nWT6Zeb5NbMJ/cnP0YE7Sw==
drrFB3piTeo=
v4eeQI/QpWc=
L6wlcvucJwg=
Yxdqcvi/OHs=
NfxL0JhdUYA=
NfxL0JhdUYA=
jIJOE7Kf81M=
qECX+IpFYSY=
kC8GToA8jsg=
kC8GToA8jsg=
wmn7o7LzPP5MtyQjtWfCKQ==
//mgyWgTJNw=
YWcpDhTtK/UbQNSpnGcbWQ==
oiH9VeFTYy8lBo8OrGhpTA==
nB7eabbOIlg=
XTGzzTn13tQ=
/pRkYrzHPDgy+P73+mW/Ag==
vXf91m8oSNg=
qAksk7aA0yw=
qAksk7aA0yw=
qAksk7aA0yw=
AZ88zyvIcGxnebdXU5SU5A==
+rM6d1JlafY=
+h9x/jSDwrw=
afG7ASsCt1g=
qIaE8m5xHm0=
Uys/LohlFEs=
sV7VIueI7Dw=
OedJg1JcIGE=
MCvH6mmzi4U=
MCvH6mmzi4U=
a699UYgJgtg=
hmIe7esMrvv9EBw9lyrFTQ==
AYz+S4e1FzA=
AYz+S4e1FzA=
wQgK/O13FhA=
kIvpd6YpGCo=
X7vSUhOP+se4wiCjD0fj/A==
zrsX6Dy/kMM=
njbHCno3q3M=
ZNhI+xehRv4+q+K+5dt64Q==
rEKNJKzPwHwZTEqqkDe9DQ==
jl3uyfcBa6o=
zPeBKauV1BM=
ZLOOiQIr7yI=
T5HCnt6jhe8=
RpYt92qd3FI=
kEdMoK0lTarie/ia4rvQ6w==
fCTn7qhi/eTYUxojebz0Cw==
uQ9gKHIxd+k=
3y7hgyeyJXs1rGNqcgAYIw==
e6SBriJ1t0c=
n3PHbtkfwPysB8a/+EAyoA==
z12Bx+jFfH4=
D7rlzuo1rw4=
lVPhOD8rSls=
mV8r2tdATdI=
+gYX+Cqu4gA=
a3FN0gkzPwU=
fJ1bVPU+Ck/EBk3u8CaImw==
bn4X8w7puU4=
bDAc5qqTNZM=
+j9Mual6HX0=
TJBsO240A68=
Al2Qpp2Rl9o=
2K04xGj+8UM=
PNlAFXGOTps=
miE+nOk5i9SL+/spi3FqvQ==
miE+nOk5i9SL+/spi3FqvQ==
tNEyYk5WK2k=
FJnlN2qWGPGvd7ID0MNhdQ==
ZHLZUuMD2aw=
ARGASxGDjEE=
eUU2+6Tgy0M=
mNu/GoxOLyU=
6qohyF7B1/0=
fyY13Ch+Ix8=
U+QZhEKbDSP3YLEP/Jfv8Q==
O2uPuZgLUrZHR9wD6YCPzA==
z89BkirOPDE=
yr/p/EE25So=
U8LUnLRui1c=
6DnSevG7wos=
DyTPDWqcHOcnrOOFQ5yxrg==
1JeIbh1q+QY=
EdjfxzhSY5Q=
eJIx6GEQJH8=
Ij5IoQKgXIQ=
CdStGOb1+28=
TXbFeVDAXuE=
lybvHK9aX1I=
EWmC0nV+4AY=
ikHtbMHMqs4=
u80Nhre6/io=
rM/Y/14KME8JE+bUdc3PlA==
FhgZyVI0vNs=
a5x/+MGMom0=
TK5Fafptn0s=
TK5Fafptn0s=
TK5Fafptn0s=
Kxt5rObQKCA=
9QLqd3eszgo=
LSq2s47qPCU=
FxSfbuhbTEM=
kJ9O4ZdOE7k=
ZPL6HsDt374=
9YlAe/4NF00=
69EUINfhhDI41cIK+mwEqA==
OkRcl6Kt8ik=
noXSVR/YOYU=
RamglFg0DzE=
rA4IIHzmrfI=
SCWaEUjhrpM=
50UsDziYfKI=
Qw+MsljRZHQ=
YQCUaJSQia4PDuD4KtppCQ==
l5W/FZ7YKs8=
2LB9W1D7B4Y=
t9q1di/MKqc=
D7AbYszliyU=
CHKZaKB/83Y=
EcXps1dFigc=
NtzbvhSiWx4K/kYL4SARdw==
n3WhjQyHnCY=
SuHgnqqRyMA=
SuHgnqqRyMA=
rGpc8b+knMBAbo9kAowwoQ==
IHkHdzqVMQk=
7/7tuDiiKo1ePl1Nr/oVRA==
79WrdwkRPM4=
uQ73anHBhxs=
TJ4+U+vvJ29tHWIJo/HCiA==
2Ehqcctjxa8=
UvXj0oqGSZA=
tzRs+j33ROo=
a4H8kKvoMLg=
BRQxKT6mUzs=
He1+CieQFt4=
gOhKQo9dgBCHOulRzM5cUQ==
kDfXPGsEmcGSmWY9DNfXGA==
RtdRDjHKbEk=
pN6tIFziPjANPjr1WaXAlw==
ZT9DdS0aBzc=
EVeSwWZmr2gVhZto4dGAoQ==
jF5uebuM9vBp7zphvxy+NQ==
JaQpvrUChDql2zvi+1/4eQ==
F8TPkki9ENw=
K3bqqIhbv0o=
dmXArQLar7hMz7Mgi9mEdQ==
j7LoKZllPzo=
vkCBu3pb9pQ=
+iAC7JrmgwE=
ecdzqPJbymw=
Jcb1GAL7K8c=
5wZJQdRBD5s=
vYHG0KNHErw9LnCL6Wc3Gw==
sMmClZPqqVhJNDQKIBgUPA==
ed3mt+O7U9k=
FbgWfNAdmj4=
yuVdwR6nVx0=
cLKqrs0xA2c=
FHL0iNvgIf4=
2byqTKAFYYo=
8nreW++FBPE=
HaioSx+T2JrldFpRWbQ0zw==
QPuXYXTFlmQ=
G52IOsJMkTY=
s2zTdVV+65DwjQX08Va4Iw==
Guzl+L2GL3ef3BfdVd8oPg==
AjD3b08LdMN5gW3ancZRHw==
67dLCW3ZLO5OvtBCVBaUTA==
ZxmM/nXwY/M=
QZbOaoHeunUeiB97HDDQuw==
dfDAHEW5/xqYQitQOHIPAA==
5A6NonmoSR8=
85vz9dOE1G4=
PrPs3Z10lh0=
ia9MnN5Q/Cw=
THnhMMXARyjQJgqv0B9j5Q==
bobMYlHhtiq7zlsbZF+lRQ==
idAUhfUigcQ=
smJW5Kk5dHo=
21J5gytx2hU=
mOXa01skjFQ=
6JWjDwv0QW0=
x3X8VKNGB18=
W9s5/A88IEk=
W9s5/A88IEk=
kiVzkYt827FXC3LD5G7aCw==
QnL+cg42JVE=
Sj4cWTxjtLE=
XAZTeGdF6XE=
B93XbYHN/s8=
N90aMG789qw=
8QyIv/UDWGc=
a6f+Mm2Z6dk=
rLiA6V7J+FJDtI0qVB0IqQ==
fB9HJ5L8O/A=
Fpoq7FTrmn5usFtJ2A/Q6Q==
qNalPqjwyTYn92T228XKmw==
TWpD7JpcCgM=
YxEKRO23U8E=
tAmdnJqshjA=
vdl+jWtYeTo=
S6s3HlTAGiFju5k213Hsig==
xrh6QifFi/o8usUIIR1/5A==
qpFj+oex4+rpYbSzHCm60g==
BI7ge6Mey3U=
KcwLqT6mHrdwC2X1Y+L3WQ==
+Pb6fB1APQ0=
l8PmIy7p8bw=
LRxJOhT8vdM=
KmUHFC2C1HU=
BsolYrXtAVk=
Q85XWYhIoju8bwHyUxTuyg==
M5CrjWx9ss0=
sKDXttf1mLkYoK2ztLcR+w==
QvsLg3Eev14=
qTm6Bl+3M2s=
LZyI4q4xHEo=
LZyI4q4xHEo=
qqeuoMnynJ8=
Wd0zWklf+L8GpDLXDIxqOQ==
E4uBaUrRjmvUfHIbty2yAw==
fNmJliHwyKJHqQhSh1tBjQ==
SzUZ/gOxORA=
fCZfnjaT9hu2rhC9ygbJiA==
IO76qRbAK98=
ResnxVpKYys=
cov9nUP3aXnnHVjeEOU3ig==
bb9Yc3cOD8g=
pa7JJmlyTQI=
7HnAQQkA6rg=
ItiFN0QtAKo=
PYRmZskBS+37X5esI+Eb2A==
PYRmZskBS+37X5esI+Eb2A==
8nss+O8tlVW9GIa9XslnSw==
8nss+O8tlVX1202M0Cg94Q==
T9mfMS17CB+Wr/pPRECknA==
9u5vCekN/tI=
imTr4QXbP34=
8N38i9HIN5g=
PGnus9vzy1w=
+0mmuP/uGoA=
Omf0FAg5xa8=
alUNVfSfQPQ=
YG29vXpkJoU=
J1/72O1jwNVLPRuSeepSmw==
e53sVLmqj0U=
GtUG/hMYiSk=
ImWJ6p5eg+0=
Mj+7FSQDJd3zrtGcsgWcbw==
+RGPDH4IqFs=
HvFkegez0RorhcbjoE5yag==
u2S2LSNZgl4=
MPl59l2qO68=
JfVyaLC1GcnKXxnK2m4vlg==
Bl98rjFHkRI=
02h5QBDm9rbft2t9FeXoLQ==
br3CEF6fE/k=
tZ6rGpPsyJc=
E2klT8h376A=
1zODXIkI2s8=
WgceMlJsdWuiQTJxcGTKCg==
tYJALDUI3cg=
L8PiqQHM6f8=
oZzmiNX9vfY=
7cqMADDen2g=
Dx0roEVVgMA=
BHmBd/EiHQs=
OgEE2Pqn1SQ=
4Kq9orP4ejY=
ey/7uYlZFfI=
yFCTlGxcMNxzJ2JvcFnO3g==
wqsYMtlxQ+A=
c1XzTyz15ak=
UGTxLW9QBnHQUnHqC7Q+yQ==
AW/Jus5zIZQ=
Ek8Hh4MeJABvYulEyY3ATQ==
xl0pX8Ad0P0+D/pnK0kujw==
QgDyc84VgjMVQ85CVLUsMw==
DCFHG4pC7czTHwJxc8ZetQ==
GOuRMhur+3WU+t/PhqGj6g==
ag8DGP3qmAw=
EjgKbrolJig=
LJZo5tVYvKo=
bWCzovM9n3o=
2h8jr9xPPgdB5N0CtXeSJQ==
ntvIYxab0EE=
ntvIYxab0EE=
IJJowoomDAY=
sUFfsnkwniNjlUXLs1Ex+A==
+m9+jciZRPMYW3WKlYWcQw==
14FDj9VxgnU=
uWjf2scYN3o=
BYkhSrJS7CE=
dUSxEo6qLYM=
pFRRDQ3NpRc=
+rrdg8QC+wE=
+rrdg8QC+wE=
JTTp+ZVuQmbKlzazKnb2dQ==
JTTp+ZVuQmbKlzazKnb2dQ==
JTTp+ZVuQmbKlzazKnb2dQ==
v8Qs5hIFV+ABJ7CiP3lWtQ==
/4cwiLNMZjw=
/4cwiLNMZjw=
KjLY96uAVvA=
/V5YTL+z/w4=
OxwQfJiLhrM=
SDFC7yKRUlK633Aay+ipHw==
s6CaclIT0UQ=
HfnuY6BW4C380MRGw4mnrw==
QOkL/Px8uJq8fLSgjAXjBw==
FC1rQCS+GDI=
FC1rQCS+GDI=
BqRZxesWFfY=
deZW2PJB8Uw=
+3fBMf0Sxvg=
JoM0wKnaXvs=
uWHeML0i5W7BKzDxYKe+ZQ==
BFZ5aa86ZVg=
aHv8hAXC/oE=
pZlMEy+77Xg=
sZqNBw0FHJo=
xnfiu8WAsbg=
YH7Cl1ux5Tc=
e4Wwt/20aTnvruh9G2wTAg==
QqJDJn+9F8k=
cNlU0mXgp+XT2ePhE3kp/A==
be8B2fJuCC0=
302GUMEMBRSWW0nNLypE5Q==
H65+blb+23Y=
wrTVm1a70u5EKXQa5pOhrA==
FC7vahns2TMj2EUWmYSZfQ==
Y5vYhHDK4bA=
Y5vYhHDK4bA=
Y5vYhHDK4bA=
Y5vYhHDK4bA=
gFEEbkgJSUmfaM7npm4dghukmWDfue//
af15iEgQEEE=
Qsa9RHvJSUA=
W+V2SEB6CQs=
QFHoR/PCe2Q=
Wl851td5WTA=
WVYg/Voir/8=
whX6Ufn7Re4=
whX6Ufn7Re4=
PAPbwzNL3+4=
PjOnK9UzbM+hUhOpn7GtqA==
PjOnK9UzbM+hUhOpn7GtqA==
7I0J8avLQSg=
pUIhAqErmeo=
Gv+o6/WSxhk=
Gv+o6/WSxhk=
UUOSYZSRLt4=
PO284/a5dIA=
01gKiXP38Rg=
u902oWbbT9E=
ssB59kNowPgQIsVRFt+tXg==
B2B86ZrOtTcXd4VsQeg0Vw==
+4ALrJcH9Ko=
wmmJ5EWR/4Lx+WfpWsel8w==
aaCQ8pCXpoI=
8FnnRTmv+3g=
8i0xPHj5o08=
oCaDQjI+t04=
r+EXAszhvII=
vl0MPmOZtCY=
xhJiz4K/Yfg=
fRGjSnuyUc4=
KvZXLmVRBZ/8O4UsKnxUKg==
Y9ULHd64/KI=
4LPUbolj6vBzuDJhqX731w==
gF8ydGF++3H+ywwJmS8hZQ==
3MyAIeZgWQ0joU8Rr84bIQ==
3MyAIeZgWQ24bTkeG/LK1K/Ba0WixZ/2
mMgT1LanNWQ=
kQhwvm1iMwc=
E3VV0KAjDZ0=
BfJwnRQoWuI=
LS06l4ndQe8e3PADeXN+QQ==
Yu601E2FqDKAhlK1IdFoyg==
X6zBNgNf2Ik=
vibSl7PRYeg=
qRbD1SIHeAs=
MrWDoGEJPgs=
D8CtJ5ukYbg=
pTuhdqQ+eoo=
zxKE3zCJH1qItAQ505H7Gg==
7eSzzQ5PzNU=
IC+8R1r2w3l7Q5i80q5aRw==
IC+8R1r2w3l7Q5i80q5aRw==
n/zJcFz958jKwR8HGtG0qA==
R7hhucQgYuaH49DhT7gx6A==
FUUtdZCHsck=
B4XePqcAfAg=
PYXiON0LIQ0=
9lNEsrLzmzs=
fdPrhTAqb/A=
6fNithWIOyLu0gpsTIhGng==
HlSffWtwBO2BjME+BpR4tg==
H/nJWns0f4Pcq4Jcd+ruzA==
5C21l6mfcaQ=
sfoLTDfrdv8=
1WHR9gbNeRk=
nF/pq8TVNNY/3KpRFQpy6Q==
GRK9096bV78=
e43CVWvdS3U=
UZEDvmCHh7LBfe/DRPz51Q==
RY31UZwrIf2fd8/qUz28SA==
DMslrlJ+mzVUDhJdtzNIUA==
ebOBxJr4kZ5mcQGiZH/SqA==
FXhhr9W2CWyaWbM3jQHzaA==
Ve76pc3IXGE=
3kFbtTt8CDQ=
lrqOSzmacf0=
xKUd4fjd19j/44GpOMIc/g==
dKjkgjbfkAM=
rGwvePfExnk=
9q1L3kY5BXM=
0Qtuh7ln+xZTUeFvWHQO0A==
m1/34qcBX5k=
vscHm8PQ0G7Tinm2Ivsnfg==
4P8yya3Es7Z6Mi7Mr9vnSQ==
e1pTR/U1chA=
nDgqi+hlxB4=
3FsoBXEXb9U=
IcBJDr3Z4no=
+8XoMpEai4Y=
tPVz1TCXYds=
nRzDc1DeWuA=
cL4AxRe5Atc=
/BeZpCC/7Xg=
xq9mtMobKTQ=
xq9mtMobKTQ=
cs+KClDRe+A=
/JI39aWcmSc=
Tm/G6lXy8lA=
Na8/mOEJ580=
srD3GG05Mog=
1hfqEXhy/x4=
INfXKQTcRbkiICfNq97QNA==
PGtiJN07DCn9q1fJDRGBtA==
OuKiRJcgzKE=
Jhp03qhsKUU=
YomYlM679p6AK9CCuNDvrQ==
OFM07sMqTWQ=
nHOoLd9ZJI4=
fEFyVMXfQzllRoB6f93jNg==
PQ6ZR4pO/pE=
fZHmOFfwXrk=
QUar2Cpmi4c=
MbL/CfM42vS0b8D3ZyqwrA==
28/0+71gK1Y=
wcDlpOgjwPc=
Al748RzUxwU=
Al748RzUxwU=
552N5OlGUTw=
mgP5B5wkCR8=
zk1wI0Ip23o=
b0/D5kvnvUg=
RdmSWn5dssZ4HWNp8/ivmA==
H5fW+oTqK3Y=
5TCIt+UOr4yqsv0QljIQcw==
RexpHzdfyCA=
7XP93mCz5ooRg4dBDSbCfg==
WuaLcvempNU=
+ztylxl7Vlw=
ru93+Ja+1vs=
LRsQwejAL9o=
IGLg/rMGKKKOR+TTehD5hQ==
BcWG4y5ofzDwcQkk6CsRYA==
oeaKaJoRnmo=
XeyFoBDKuwo=
g2/67bNamSo=
VpKNOeiowg0=
gwdpR2OVDAw=
eKGIP6qFPyk=
qvc16i6YVcw=
zlwDpdVlaQU=
kXO6W6FchRI=
/vHxPlEnkUQ=
FrxN6cXFmKQ=
3ViWuy1g4Uo=
Kms1e6SBovODtirVa2QF9w==
l2LX/rIEGj8=
l2LX/rIEGj8=
ngqA1TAGQfQ=
5pyCkyUjoZY=
0bV3rsY1zWhCipOQ4nPxOg==
C+J7fuA4w24=
VTWuwwEew40=
vgaLsVpCc60=
e/k/PP6JUlQ=
2ccfkhnbuXs=
DzTloSj17yU=
Xr7uMDU/EoI=
h1o1fUmY3UY=
ynuxmux6dwc=
tngRhP7CkE8=
DT7KbcI/rE0=
DT7KbcI/rE0=
xfh6ZkjI5yM=
5BhXi2zN0I0=
F/gJwS2srx0=
WGSbcg3MLhA=
Z621VmjYf6o=
Ed1TEdZ+8cw=
IOyvNtxjs3I4wB110tCk0w==
hp941PdSmbU=
AllF99WH5Iyu/tFMf49Xlg==
AllF99WH5Iyu/tFMf49Xlg==
8rT0iJfTazQ=
xYWOGEmo3f8=
gMB0sAvcChE=
MFhHSOJ/2Z4=
MFhHSOJ/2Z4=
xMFfzDPxNAE=
Zdq+VWYvFZF+d3VmvJIbow==
jwEpCA0pYqI=
wZ5EUIAILB4=
sMygKNAYM+Q=
TKbu6QrHzDiMjnZhaUzSiA==
yiw8lebRBsd0roJPpk6HGg==
QCfk8Uj31r/AD8CcEWDtuw==
VEgb8f4g+/0=
7J02322xkpw=
zWCo65nrVyAwbVt+XtPWHg==
LLwAEN13fSU8di50+iLetg==
9ubbcy8Wo6sdLTPLaHpgDA==
MjqIVjBr24E=
mj2UJcq7sJU=
hL3hgQ9Owk0=
REJS6iNDsZs=
KJ0AewKQGVk=
ADn6xAPpH9GXI54xvCTbXQ==
vtu/y4GM/N8=
1GEKsbJmH7U=
v8CiRAOpieKsJ+ggDBciCA==
kzOUCaCjJgUeiUPPVFiZIg==
/v1yIzdsDdY=
F0kial3czME=
K3u/bxQHD50=
Dn8FPvZcMv4=
88eleMC4phiYLKHVR28AHQ==
vjnoF60gpCaqyoKuwm4uzg==
QAqF7ADETk8=
m4pqbXg1Z3c=
m4pqbXg1Z3c=
9kYzeqy3mYQ=
IXbasmSVx+Y=
Gb2mw24OfWc=
47Qf1F5BMedWt7H7oAJS5w==
5ZF09/0agMYA75G6qGTKlA==
0UtRqwVM5RMe9IgAFITnhQ==
0IoZB2zu3DA=
rox4qUrVD7k=
r1T+2GPjkzcrpuhlUJXtUQ==
r1T+2GPjkzdlp7hI533ok99f84wp+alI
yzQqP6mHSio=
Ulas43KAeMQ=
5QF3T6X1WTo=
BXXGHNkLREoMxO+N7lSifw==
LTj25z+Rw/4=
C/5fH6LF6Xs=
2BGxiZam1bc=
yOLInw96ScY=
5K2M+1J/WHNG7c/8F90+qA==
tDpUL+oL7/8=
An+D6PPnl5c=
6HB3oZKf1/U=
KFpH1TQT/m4=
4TPZNzrpzuI=
HFs6FxJgST0=
SlrLKrDIaoc=
E7Wov1DGocE=
UWuzVAtCtWM=
nziktiOyudw=
MTkXKQSbr2Q=
kTrTfffs4Zs=
x/DbMwzotAo=
JdzfMl7OOtyTUmoMPfyxUA==
u/RRpiBnLKN93FM3ziMtyw==
gn2Z4hGCW4UAiGKaLOIQMQ==
rrSsb/RI4x+EdjFOvcmAhQ==
/cl4FYwGItbLs/FMryb8eQ==
ed4NP32KK+Q=
eSeDCFuXC/o=
omDBGEL/wgY=
/GmJ/Of1WM8=
/GmJ/Of1WM8=
OOVkxX/b+tk=
51aIkglYNxY=
BS/7zdsWrls=
+Xm2+jyh3zY=
NlB4qSDAuLY=
C6y6IgMInV0=
PjY/O4zvFDE=
PPFqcQai6Dw=
Fz/0bEGGPe0=
pIAKG4XlLws=
1kK8ay9JvOU=
jnhemTc7o4s=
xZsRrMKqMnQ=
pKXM2nXlyCQ=
cu/yAj8Hxs8=
ErJGqeNQCAE=
ErJGqeNQCAE=
U7M+9xeAAlKbu5pD8iT8dQ==
YtVBpuhZTQI=
YtVBpuhZTQI=
6j1mH55qm3yBQPMTtZWF9A==
Cpl9h0WJR2nQHafnFLmzTA==
hFbeEGLCRww=
rH7FX/rk3Csa+yPwy9L4vQ==
bBm50zBda0XXRM84w8pn6Q==
27pBuLZFd/fdfsAYhui3Bw==
iRDvKnksEDk=
stILzUhb+QQ=
dSJpOwintCHotr9p1HsqnA==
9NidcqGstZI=
5OVRUjxaXPQ=
qESaJD0cimQ=
BPCrzbnxiko=
Iun+FASEXB0=
Iun+FASEXB0=
FZ7yhyIzITRG0gSeAeoN4A==
8CGhfMXirJQ=
0LsM7cpt6Qw=
wdvxlNPI+Ww=
4WpDkAdP+1w=
hGGYRsCAX30=
/T33yW5c4RTUzPcNR5JYJ5P9ipaiaowP
/T33yW5c4RSrf9M2FkV4enydyPo4EweN
GE7+UxMHj3VfOV/QO48sXw==
OdVLw7X8NVo=
0Bk7gkL2A2M=
uyK5mkXDPY4=
Fia2UbZ2QDc=
zXNgRaHgx3c=
7M1QzZzwRlhkL86wsxQg1w==
LIqIGAHACkc=
cB1Xs20JkWOBSB9GquTBgw==
cB1Xs20JkWPDn/U12FE4YPc6c0gTqJ50
meb4hR6E9HY=
+kzcrB7DUjg=
SVSy15YIVwA=
KxRkx+Py/HA=
wCqdX7S6Ows=
7FkYVLRQGc956HWu3MhpNg==
4Te17m0Km2w=
2vHJDI+4Hqk=
hj83d8MxkKo=
vpYCxPjgADY=
RA2gYWMn5yqCwcuce/fRxQ==
nO5H4nk63ws=
UM2ABMS1t08=
4OR/e90s7UQ=
Wpj2Wh4j2D4=
N7ZxAqM3HEI=
M3FO2ZxmsoI=
gAGU692ZABQ=
MKKTw0bOGAk=
icfm7UU6WQY=
iFeZlbXstrU=
HzGmE25Cipg/nv2g751I0w==
GXGLVkhKSNXT2Gi5N0Za2g==
VPzBGxhsvuI=
9+5/J8icpqg=
Cx2Ysrl9Dow7shRaoNJ2qw==
gV/MKDD5c6A=
POMPUWK5wyyX6jc1K1CRgQ==
f9MTNRkfBZjTkRLM5mzrFg==
2yAxvYQU0S4=
+fVZeOab1VPotkq23+DdjA==
JXtLpkq4eNkrSkVx27sdWw==
iMoLu6/u/vE=
jvxKBAeQeLo=
d6t35BU2WNY=
47712uoI/xg=
ioMobYyQIOg=
rjqKrBbZ7nE=
PigmXyfSD3s=
UjKcx4+9yVo=
gvx8YAc76o/BLe/DFUIMpA==
igyaPzcD9fwZIFA4ONUEhQ==
l3HmQz8f+/Rfy90SzTIhpQ==
EIddfkWom6o=
qgGj2ykRJkE=
7xFolueNNabbBTmH0pNm4g==
+3V1yKGrMRs=
apyIp7WmSdQRxovoAY1ZXw==
pUVRyguEi9TW9u/TINeOgg==
QBLGjvrgZJI=
QBLGjvrgZJI=
lnr9ic9oMf0=
L/zya9HkoNFQcM0v14fZJQ==
NIGcDfqQxWIhN4921/HjEw==
sy68M5SfbVK4L3T1ezQPLQ==
TacL2mbaiUlUydDnvu9zpQ==
XJNJ5Lg3vagstFXcqrGWnQ==
Vo+ZdLAk10Ve52g1ef5gsQ==
IT8a2nIragxsnn/Um6ysgg==
yN61spm6NE7PfjHElm0Giw==
JDMs4gQJTZ4=
c4C3WzqRw/E=
02MfG9Anr88=
/S5sfWmoPXo=
VQZdTV6xu1c=
VQZdTV6xu1c=
w5BlSLt7QEI=
6/I6+9etpL+K9QY07F39lQ==
HkXIQdpFht4=
V9RTICW65s0=
JXZCeWff9Is=
O/yluDvBw6RjOLCg7daA/A==
O/yluDvBw6RcMpiz1cnhXw==
O/yluDvBw6QBSnZOjpODwXtN3U50xEtO
QNGm6DSAFZ4=
lChwYL3e36gow9y3KwDPlA==
P+OxP0P9pi0=
ZiYD0IcmvP4qqzV97yUOSg==
9JMhRxJea8MvaspBxZf7mQ==
xpgSW8HOY3QK72EfqIS9+Q==
DoA9c44yszm+JRW6Xz9jEA==
fCAMM/irCdE=
GD/O0KHuYcc=
scp8XfKw2+Q=
kSs7AVJgje0=
wl/rEyEFloM=
vmW+68UlHm8=
KFKs4OiJUjBrVfz313q2iw==
xveQ6Dk4A3s=
S+mnRxf6BbY=
cc7/ipNGCvEYBsJTBDMDGQ==
M8Nfla7bJiE=
xDdaUmjIZF3Yq4YoFJ8f6g==
JmuMo0ZuTNw=
2J8LgXu9Kz4prjYcDwC41g==
ljDLPUy46nQ=
/NASoknZ6B4=
BsmYKtUY9o8=
6azVqwyi4H4=
i1a77EweJN4=
woFVgv9xuUw=
woFVgv9xuUw=
xYfqcudzyPY=
HTPEpvrUj1Q=
WxqKx3oTNZ0=
5vPHUfMmVz7Ut6FCmtXuvQ==
bmGrvsoh2WM=
iR9cqzPkIrPEvMeqLq2JdQ==
WyCwmA6GcuWHY30ClMDuDA==
16G1MltWw+40+9DZCHcASg==
16G1MltWw+5E+MW1I+DKSQ==
M2UgMR8svSVDy90uQItS8w==
M2UgMR8svSVDy90uQItS8w==
JMVvaFeigME=
h5YJ202f2nc=
w7Ls+lSY+v6vnHckWmPRBA==
+8UDK3uUhEs=
F4b/sn7lTso=
mRJlQSWc/kI=
hGdn3gVWAubPGl61R6CM6Q==
I8EixKne2TQ=
FxdFBbzVj6PswdGHmWnxSA==
LXRytJ9n54ydi+lH0Z4VMg==
LXRytJ9n54yFH0kLEKaTew==
IZPECv/C77c=
9DeAUrx7XiQ=
kjVVhrxoK5nE7aqozsQ81g==
logxwJXscAk=
vkzdnuomZjI=
SEUJKxR8d3394n8v0TursQ==
XRVfidqpRO0=
muDTp5+TEBY=
sRGogeYpmpM=
dwchm+2odSs=
193fcSktuKs=
7IdPV9XBrYk=
/X7h9RmyNhTumkyuW6csQQ==
Uyza7iFFKmA=
8R/bzqb3A/jKoX3WvKAqtA==
0F5b2OaYF4o=
9s66y/0yZGAWgFJImsBe4Q==
zLVYojrhuRE=
18kPU1Xhpf9sl5EZfufQzA==
L8mvuglUPTg=
myw5Xbhnfw4lMfLuqDg3rQ==
EX+8H3RdQ+Q=
A/jJY3HkEvE=
BSCpuoeucQg=
BM7J99YR03c=
9sWeRE4wqJaOOdKry8EIEg==
C95l53/OdJ0=
ot/kqVJIsnI=
H/aPLk67dJ+XXxVLDAqN0w==
hmfbpWpL0VqaHG02rsHKlQ==
gUoDejYG7mo=
kMDm4PO+e5RLC4nz4PEzRQ==
w08up41Y5aS+V+Cd3itrdQ==
w08up41Y5aS+V+Cd3itrdQ==
w08up41Y5aS+V+Cd3itrdQ==
8ASTIy8hjIP7jUGLAauCCw==
mzv9ETFlgVg=
UMlQzx3xgLb/zKzSQx1WDw==
UMlQzx3xgLb/zKzSQx1WDw==
zS3TilD3ZQYUqx+V0iydQw==
K0cJHFUNVRVCcm9gFQEBnQ==
Y0N70NlWy7E=
JujKbY9aX1V9nzjag/k1lA==
YiKUuZZAra8=
A8guKm7yhv4=
UiSnEeIoy6Q=
kj57qx4JrlRZTm8cErwTNw==
kj57qx4JrlRZTm8cErwTNw==
h9hgV5ekNdM=
STkviYIyM5o=
S2ZdmOZIU+c=
S2ZdmOZIU+c=
Qk8UPI18UfuMrG2701cjPQ==
yv/06sdvkqq0RUV0R6KN7Q==
K3xsLKhujaeeGa5SnvG60A==
5YGb2EaCx0A=
4AQcA0ge63q0e00Mx9MxwQ==
m8mahbVbwbqXuzimTe0eng==
QthrfsglysQ=
mVJwht7J2sp73TSBuxX75Q==
a5pZ1z5Coq4=
1kbCe8DXN2gZzCS25TQ75g==
D4kZkoXBfmk=
naSNL54MiiE=
UQ856liuv8AQe9ROkETATA==
Aojxd2WJY9U=
4Bo0S66jfdY=
0gDB4GKgfnY=
xkyzvKnFOMg=
NqykFdC1Uhk=
W4ZcmAYYxbo=
AzdpnG+QTqc=
Q/dWtzCuYyQ=
4ta6Uysm2gk=
ZT8Vo/fKL/g=
4SvuiJel/+TRUvJIjrnP3w==
LdtR0uJkn8A=
6pR9SaJDBj7hyAqsF/zKTg==
nXMuVJDJcMA=
2kFF/5xyNrg=
2kFF/5xyNrg=
JPMoslH97QY=
jIyo6G8pteI=
JXvfSVAyDEU=
ykH0p/j7r8DkLtrL8jqcBQ==
jBdkduO6yuCtg9UsaRHotA==
DTUvOoocNxhns4TTfW8wpg==
WYylPCIfg3Y=
agKdNPAHk68=
i11lYCFlb1vorD8vBs3xvQ==
1bN/ZXTbZ34=
SqGEtyLvvd6/pOMVldAdmOYGROzNQRm9
mPT5mS6NxNWTISl5M5IU6w==
ARcmWm46M6uhM9/yu9b4UQ==
sqzmc9f/uWE=
kdfoJYq459o=
0VvkgPZugD4=
vAsBokuECgVqaBD+d6crhg==
KDS18Y6FD3mtTj2krqAgiA==
KDS18Y6FD3ny4an5W8/Q4g==
1DqCOS9AEWfcDfFUMDp1/Q==
jSQKhtXu693rFB0cRlbDvg==
oI4Uvh2oeQE=
jsUTygV6K1Y=
roLPrSb+9Ro=
6DCPOCRgkvE=
lXxOCwkmlwo=
5m0zBy/MB2I=
UuN3TNfOzrU=
CPEsF3uX1h0=
cSW3jOujSaw=
jHWhjf+uSzfGaBnjIIsloA==
9eUaZxipc2uGCX89aKfRzA==
a/47MmJV9p4=
ZN9R6PGwoOQ=
0itmlyQylew=
GyE3MFnycQPr/7pqWPiJMQ==
syqPMEJ3rTI=
ueHw/PXY1VbZQ5gP4/Q2yA==
A+GOAufHNrk=
ycfnsId5W6Q=
Mdm7IT6nrFo=
Mdm7IT6nrFo=
p6Ro+vT1JVg=
9yYTh3BxxEu9GOGsT/wdHQ==
3jiDnVoe/DOsLTKxgSjg3g==
ZLjWBD5IbUEG1sk4fRvMtA==
y1ATs4u4AQbnBgZ52RcHwQ==
De7uhmIymZs=
LiFJaXg70KU=
dyB56iaBbbM=
jYD9fj613OfNOm7rUOGZkg==
6h/TAjY2Tng=
j0CVtAHg71o=
tjl7t3XMGN/M44DlJWluoQ==
v59Erpso6k8=
itCk+EFqT5Y=
pOn+NhVkA4I=
GkOs+59vvbBZ2G5ao8DFzw==
GkOs+59vvbBZ2G5ao8DFzw==
GkOs+59vvbBZ2G5ao8DFzw==
Zy2vzzGhI34=
0vfpa7tpYVCjkgwb5D5ZUw==
59EeOPILzjQ=
1IIptZAQGas=
YZ53mOjtLBE=
L6M8Ec+ISb/JF4+HfMOxDw==
wI1YPV45X7U=
l2z/PFfGodDeUhKuAypGrw==
x/eAFnyy1JyBQH7iohyE6w==
Uiiz/eqEaOI=
JK0IJ2EQnvY=
AwifMmshYMg=
mS0hFOTybro=
tRjSrEwyxbU=
WsL8Z/5uLPs=
kmo1NRx0AHJdRCtPPGoUAA==
CHVJjvddXL+IkG+EhESnlw==
CHVJjvddXL+IkG+EhESnlw==
CHVJjvddXL+IkG+EhESnlw==
sjajOxyZ0hgPOVA9ebbeo5g1+97PMOZe
Mu/mktvxix8WtUelwTgQsw==
Mu/mktvxix8WtUelwTgQsw==
Hq9FdYOSu/45waB2/cYN9A==
fv+lX99+0CWKzcV4HgmAwQ==
fv+lX99+0CWsz2PTGFJ6jQ==
9Wt/ESqXS+o=
Q7BiH/7Hhsk=
qGoRrb0pQ3w=
bW574/Niu+ln1ov03V8fWg==
bW574/Niu+liPKp5wqdcJQ==
a6k/FJz0RJk=
IhiT8NQWnN0=
gVyYisTzGPI8Thc26QC+Zw==
nhpXwYLQ6FU=
k1nrtP7btOrDYEYI/IcElw==
q4XTMhNSTx6TB/f/NUUMrw==
oj53rlqNN9s=
WKIs72lzFUGMRvkg9rCwJw==
/7JMf4+tJjo=
WOtwRl1IQ7s=
QrFN37IkwzA=
D+JlmwK3q/k=
SXxfCrd6dz305f0MiSMoyA==
sPSFo2NDz/Q=
TN9eIlbu53w=
8p9J38+L/cAC28N7gnomAw==
YW/FfXaH0TwkVPbQ3rgIZg==
lGvXgVWpS0I=
x+VivcExV1A=
wkUO1ozw5wQ=
pcQpL0ljq8kxRlGLI+HfCQ==
PEem/S8EYfM=
vyQ2b9jajjHare7F7GR4Gg==
aXVK74iZwi8AiD+IOTbRkQ==
Md8C6C0G0IM=
nKljpsJmX9g=
nKljpsJmX9g=
w3rx8bFf/LcJC20o9lzCWA==
LHS4OIWpbQCyJz4nKfFdWg==
PmnE6jxoEH8=
pGCNO7L3a5c=
+BPUjWco0YLJA48ZuZahXQ==
OhkSu4802Us=
rkTmyC6GzMcw8vkqxyeEVA==
DkAFopPkTkw=
3+NrHtcVvcQ=
SBZmv+jxhg4IspvI0mUKpg==
Kli6mg5H6mI=
e3tXn7+IEQdjTcFyIx/m4A==
J/t4y2HKfAk=
FQC5PNdHp9A=
gLRq95wyHq6gOHXDg+BCgg==
0YlYKGc/14RIqTqsaDyB9Q==
CON2ZskQGs4=
ON+QrKTjhml+78nNFhED4w==
ytlHkJ+jNc9rx9YiS7/DtA==
yBIU5W9DOY+16vwB8CsRZw==
ubvx5slP+VM7CtwRDsJolw==
QyqQ22LFYo3CCBkavTIEVA==
rQ1VEuWnUFS0FWZm14D+RA==
CzGi3m+/0WMJtza1u8Kamw==
Sn6RAFJ12m/AcQHa+iJqSA==
yLfgA5QvxQUj3jP1vL+aCw==
Bk20GbLyeLLbHze+7rQ3Eg==
GCTLtv7kHJAzrwu6WQGcSQ==
5Jx1iXxawxxUdFFzbs+tQw==
lzBuHtMWyy0Sno5ijrABCw==
2Xqf+l3fgP8=
L7wgL9BsKjw0KftO9sYabA==
1fPR3GJHCNc=
WoWf/D2gHG4=
8fhydcaAQcw=
dmBmipBA+Mo=
1L31c10nH2g=
RXhEvstx64M=
LqOESSvK8zU=
Th3mWPj984o=
BtnX+GegS5s=
jP3ugT7FgYk=
tedMu93nQfI=
BRiW8LB6DaQ=
NiuifkyXpmy5QCI0G4TPPw==
qT1b+y9kk+314qaNyumQIw==
Rq7eO5QJI2mso7MFZA3M8A==
ORKNgiI3onhN0GPwEXVTpw==
HjLWMfslE9Q=
/ZZLR6F2AoJoqcvhKALwFg==
/ZZLR6F2AoKBUtYhb6i4h4FJC/kY5UJW
+8YduV0GUtReRGh2xlZz3g==
+8YduV0GUtRirdEMzh7ieQ==
GflrL1uxs54=
Cx8SNHMSNCY=
5exRnKuDb8WEQUrp5+SUxQ==
728oOFS/VDU=
jMtQVmAOkH8=
WMa/w64h7LAHaChdvbuq0bue6rkRFOj4
WMa/w64h7LDF8KziRFce3g==
bnt+VzZfNi8=
lSYdFSDCW3Q=
ERjzQVEZX310v4NhAjSBlg==
tgFPdsKPlDc=
3kYc0bseKfo=
AwZhWp9wjt0LvlFlA70/NQ==
AwZhWp9wjt2FbM5IUnp01g==
h5WrixIzjOu4o+HGeofaFw==
1iSPucjTVuCPlR5UOWsj/Q==
3C4kzEFqyXw=
5IjFMFd4/AI=
DyPy6DVoaSk39uV/QxRyOw==
UFuTHcWIJlM=
RN9aAlpz4OddPb562oWbEQ==
K92/JkM14we69PlSKuLKeA==
/9Ns0mm58NQHfkG+Lovh9g==
eHFR+NbEIxdiFI+urEfT8Q==
EAsNB3e38/f7xHKfiA04Ow==
zzZ/D7u3YFWa8Bqsrx8WXA==
Ln8jAVXasMvY42qtXtMoQg==
iFsb5s3hGZF4Qv3ZdNv28Q==
/yKiL1zx/oQ=
Y1kgWOiPVQM=
0RPiDcSihtw=
3H2Zd0FAmw4=
aE/hVKfL0oMIZKBa3C16UA==
HP78mmDmsys=
1+mteKjWvcqcTHUpH27jZg==
1+mteKjWvcpRWcLHeUXlrQ==
+kSGcAmK+VU=
K46HaN1heXo69E2yfr7wYQ==
xqKVjdsrSO5Yl842NhjODsmUVaBX20kH
ZgCeBi4hJl3P8jTRTacSYd6gPipaA3LM
oGm+aTgKTczC5QENzRSXdw==
WeWrJ/qEQoE=
FzLJ3Olc3FM9eADbV1ggtA==
mUQYQ2PgWPc=
kPlk9SdC7XIrMiVIfRK+hA==
v91LqY/hxqUyjUnQ/JoGdg==
Oo7tjlGqWbANJ6s0c/cSZg==
HZjrvAidlDvwp+jBWvcNjg==
N4Qpp1jZRbSGRaZcl5VfOA==
9vqpt1lRNh4=
furrOsyV3ow=
furrOsyV3ow=
5zMQYAtEE5o=
5zMQYAtEE5o=
YptvOR3wBVI=
PGLVfH/lxqJsO5H7keUbTQ==
4JhmDwWwnDJgXXVdJMLHFw==
PAhkEAUYPEC31iW7+Atd7i5JzeA9p6hf
Drx/Bjm40e0sokGijNlPvQ==
UyWzVik0dhE=
rkHWOSbsLYY=
MAfce25hVU8=
mpIUQo531+32epcfvy7XzA==
95dSyKyWzKg=
/44RfBmlDLQ=
LAAymAyEjJTzLxypQWfWAw==
+fLvDRIX63UlRYnLDp2Hmg==
1X7TWmIOTFI=
eHnYM0bfyVs=
pm2gkfTqejc=
RZmqC6ItAQo=
ZOs0dSSKp2U=
nDFrD9S/t8E=
B0rqeMLiaE4mZV3A1peDWw==
fAg3SfEaqBE=
lb4wHZ/7w+w=
l22xuKZZn4Y=
oOMFHAVwIF8=
vCDbCDr7sFIGaQLUKd7RXg==
D5iDn3XCDKM=
PEK82Zltrjg=
YcFQ8Ti84oXCCJ237i/Ejg==
+pv890JzmTM=
vL3nDVoi3lc=
hRrfq2Hqyeg=
ifrs/UZk3KU=
1VCjKt7UEjE=
5meCTIHKKWCNlMImHxsuSg==
uKjCsvunDU8=
TN3Yko/n5IK2Ng/q7lrH1Q==
zEyLyqEwvZs=
Te657bT7gDa1v0p/aKVnbQ==
oPsQlINGCkc=
gLkqOUCTooA=
9QF++84fPcA=
ukfYBMfa/cGP1aVFIEdc8gApo9PiDa46
yd/87hbdLVv2Km+OefYRdw==
fVrjQtq1I7ke7JlrE+S8fw==
CghUcXeu3/EhLxoJsjU35A==
lXg7SXCcO6ggvaSRRWHJsQ==
yxXaqEvxckI=
rC13M6+n9qA=
wXE7xqFzriI=
N2DkEIFp2ag=
TGjovHuIni2jjvcLnyTU+A==
vBohnFMKOYqVILP1lUXb/w==
FX7QN9H60w0=
0cuj83n95IUeI0wCZ9YEMw==
EUbCW96b9cg=
b1seQDr98Cg=
CXGFyE51h8rx4w2O7ZtEgw==
LbJ7qtxYuHyOge7MifO3Hw==
5VK0jBhvEurgIx5Xj4wabA==
os5VxSM7xCBQIiBg8QeHkw==
Ps2PixCOvgY=
Ps2PixCOvgY=
MK8vDcQwsy1j3+UouUAFkQ==
Vpps62wYwAj2F+AXsGflutiJ5k0vYTZA
amm/0OwC1ewKFJMzhm+OBQ==
E1rJr1QYUc+xgAr+SZfxyQ==
AuspsYVGfg1yUuATyHWmqNOKiIDvs+a7
7Qs4E5vFKTanhb3H+7i14DofzywQTNWL
7Qs4E5vFKTYrT8DRLTRh7Q==
KMdIpOvc3hGLtHaCncyjzg==
Wzd87kx0IUmZifeE17U6lw==
ZroyVqdlWy2u2GZ1rQ4jXM0JiSNuwB1x
rcZVGLvXn9P60YuMqCIfrikrztgT2F1p
zMv4IvObGXsC2t87unpS9A==
aWacr2jcx9w=
5FYeUKq1fGXm61Z1KJlZsQ==
hbmOUgvyp/hstqpjABf8HA==
K/vP5PfOLrp+E3xWJ5qmCA==
K/vP5PfOLrp+E3xWJ5qmCA==
K/vP5PfOLrp+E3xWJ5qmCA==
VYE6XMWXHfk=
rvpjQrvwo3k=
Ehdeqdcjrp0=
iqfak8E5gR45p+O5VifM5g==
EKVsvwlZWWw=
9szEGj+iVGQ=
r8FyEFisZvfdM/M3YIHeUA==
8QrikNB0tN3vYHCKulxubg==
I77Lm6HwPwj8u+KPtKOGkA==
wwCjyVJP3go=
QXZYj/uDVHU=
2JW8YgajYQcZV/Inct8L6Q==
00JfEryT7oE=
7/bmzjIB66Q=
fnRch22h0UK1v7oZEqwZnQ==
ZT2tBlCKogyqO6IqhVPvyw==
ZT2tBlCKogyqO6IqhVPvyw==
2SND4LbNTKg=
/AGPFrpwHTQ=
X6AQUiskQEs=
FtdabOX9+Ek=
3uYX+0KJARA=
vv4MssvsAc3F9PmAtngK2w==
HBH7bonjT24=
JVwplo+7/T0SixceZSx73Q==
JVwplo+7/T0SixceZSx73Q==
8nO6difr1n4=
lDZcbJhUw+8zmpvA62ED+A==
urHFwUien3SemsaDiG4V0A==
EO5NryjMA/Y=
AYLmTNJ45AY=
/c+J7uELZnKcILpgbpWv3Q==
4CmlcO8YmyY=
4PWxMRPm3Mk=
BK9Iq9ZYNSk=
REFqdfLvTXo=
K/BMpf5iY2E=
tJruce8NHPkjG1QYDXvQhw==
rrCbTf88qQI=
j28xuAOIdy1xCbmRadF/sg==
c+yg/K4IV73B3o50lLoZTA==
eSNHYoyQIzQxcg85jrpm8g==
znrJU3verzjImcJKoTyBLg==
znrJU3verzjImcJKoTyBLg==
znrJU3verzi9AqSrgjlhfg==
HxhEB5uhSZ4=
6dbk0TuNqpu5gh6jWcgKAA==
1QPZQ7tcx9JQ8TRE8ZR9Kw==
Qyoy5hD098bww8EPUiO3Mg==
2QWwTrNVxMzdO29WMpHnDQ==
5uwm59jyYxy61ddHFvfIZg==
0P8YDF9oNXeVLZRV8bscGA==
0P8YDF9oNXeVLZRV8bscGA==
0P8YDF9oNXe4meqOgbtoAMXjsmUtA1SR
rKbL8/KK8UeKp3bFYLiwmA==
rKbL8/KK8UeKp3bFYLiwmA==
rKbL8/KK8UeKp3bFYLiwmA==
4mcuKfCq+rVOnXjikKrkWQ==
nO61zOjJiEx+r9pw93lyrA==
LXug5RSDZWnMh0cgIgR2fA==
Mk8dShWUNXSzAqsEs6QjnQ==
I9nmTu526pdAguTgAwOgWQ==
5ndnmQ4KPdk=
zTcygyhrH7zUWf2xTEb75g==
Rdg2Lf6pFQQ=
ZGN57FERC8k=
3JpvNf/h5TY=
FqIhiSdyjV2j0zF9oph70g==
lcDrLw32hV4=
7s+V4I8K2Op+ckaiVXljJg==
/96drkTOsSE=
w+gEvH6ADB9Hkre24+P6sA==
hN4z9pQvO5E=
5+JI7P/4GegNcqldslX9+g==
r7LfHpclgQo=
rUC0GHn2fnk=
StmSTNOJqBhLOleK4ix4Yg==
iSlCA4St1SIriRCSMkIn6A==
t6JLb+VbAyywfYRcZfaAtg==
h/Hr7UzlDE5fkAAwxjg8pw==
kMvKuvLTAUl/VuhZ8bE+Nw==
S3ctlq5DTnOcMJ0lAF6TsA==
S3ctlq5DTnOSoiz0Daji/w==
+SRKejk/em3wG6tvJyDktA==
+SRKejk/em02X9MvTkvlkw==
lHerQL89ByY=
wXmaWOdXWi5AnQ1bKxF7hw==
yuUu1SfkzoFuFQ+uPX1NPQ==
dPWB0n2ODVcQXovQ1Gk1ow==
AeOlTxVimKJdAyuZdmSONQ==
2c+TgxK5H5xiXl5WiUXpJA==
fISr0E8pCnA=
jrmT8R5dipo=
DZ7BLEeC67k=
U9ri1LzFNQvZEZYO280PhQ==
niY3GGsvkOVsbMx0qU/nUA==
3LrOts43JNf8nWle/1lIpQ==
pPM3ltYOlqBBmaEpGrkAmA==
z1xnW/6MDTk=
j4EfjxmZRgDvtawtWT2i3Q==
saXJWSBRzFXPiWbkuq+6lw==
/ckl4+gAmNszCL1Ke4JlHQ==
355nPm3tACc=
ZM+O8S0n4Ao=
QA1eyZpZAgU=
yC8BdV6GQ84=
h6CCcv32d7qklITOlJo+8A==
E4bWxA/2+pM=
E4bWxA/2+pM=
aYqZ5GxYS2m6Pk19dkoUPA==
1tM60cSz+W6RNe86inuwSw==
1tM60cSz+W4vMKQ8Jyac30Zk46+1kJx3
w2gyNDW9nOs6pqVaPDZqdw==
wo5o6OMZzj4=
yGKJYkWCEUo=
oCQ1InHNKig=
I8hFhxr+903zuCZqFHwPTA==
QE8GiVZUU2M=
Qyjvx8XSFJU=
hh8e5SV6ADo=
6qbp/bKEMBw=
k/PZdnNQQls=
iC2EfQ0SaKtHMWB7tez08g==
BRCjQ5jXdz8=
BvM/scP7i2w=
vRdIcRC3VLwtYxL5Y2mCng==
iJAksUL0L23pJGiytj4NCg==
iJAksUL0L22GRzA3Lv1bIw==
0YyhbcBo11o=
e1GF8L19lvk=
zH8/x9xAoud+rUARCnKCzQ==
kPObPPXlWlQ=
wI+rj0oI0ik=
8jDNcXHI7Kk=
kB1EdeA7reQ=
5pLK39Sh87s=
IokwKeE6/g4UylSaLLGUFw==
IokwKeE6/g4UylSaLLGUFw==
IokwKeE6/g4UylSaLLGUFw==
IokwKeE6/g4UylSaLLGUFw==
IokwKeE6/g4UylSaLLGUFw==
IokwKeE6/g4UylSaLLGUFw==
IokwKeE6/g4UylSaLLGUFw==
IokwKeE6/g4UylSaLLGUFw==
IokwKeE6/g4UylSaLLGUFw==
pH+LH0y4pEdsVJomUM1Q8Q==
f0KAGhBq95Q=
tJ4hOE71L1P3h0hQ3AZQtw==
LRObkzgKje8=
oT6a6ZffI6dnIpQFnURAvA==
iYKbHDtL3115FPBm1GXbzw==
iYKbHDtL3115FPBm1GXbzw==
wTrKhKIE8IZPxBWDDY9Trw==
VHwXSpJ9pfg=
4nJZMO+H1Ak=
s1KNqrO8mb0=
5oa7MI+qGkCWlbMfJuipUg==
1gZI6aaSU8ufuqzY1QI4HvK05Wg009t0
Qqm2RK4pTKU=
IAxVgN+Ex+kZSlHMCFu+KQ==
9QjdEGxtUPA=
jC5BhvOIf5w=
jC5BhvOIf5w=
jC5BhvOIf5w=
jC5BhvOIf5w=
jC5BhvOIf5w=
GgoQBt5CG74vZN2GB/gZxA==
BsMdCIVRc5c=
xvja9QncrGhVLUITFeL3Hw==
QW16k+1rDPk=
EFkhFZP48/c=
f01HBfCdyQqxPjnInWiogA==
PLyZEa9KbsdWcMzKzUFfng==
PLyZEa9KbsdWcMzKzUFfng==
PLyZEa9KbsdWcMzKzUFfng==
PLyZEa9KbsdWcMzKzUFfng==
PLyZEa9KbsdWcMzKzUFfng==
PLyZEa9KbsdWcMzKzUFfng==
qgGTomFJlriRheycsj0GtxpER/aFMIXuVl8gN/imSyw=
UqtHbFz/Lf4=
/cnAQaN/9lQ=
l/r0rDI12Ls=
BEjSJcasaz8=
sCoinmMxlWQ=
Hm6OoG0FwLE=
JMCp9LdhZdwaue7Ndvi8KA==
UP0u/n3aHTI=
08ymuh7cTSs=
TzV0DShUdrM=
BUdEdcTM7wOAHB8E6nSU1g==
+wB29lPbJtY=
9HRM6ZHENxiouZjiF4z7hZglj7miUgrF
1AYEj75wMxd1PngBe8CifA==
sQ5wvDS7V+lH6HPvo/5y9g==
GYLHYMpwCgF/+9Lj0RTR7g==
GYLHYMpwCgH1UltXUWd4Xg==
7VNI0QRcDx4=
f26pNea8gow3ZIi7q5vGaw==
W0ixFT7mBgKKtws2Sbhs/A==
TmjSA3E3F8vmPW3vC+aQmQ==
tIW3a+oPK27fC1+01RntLQ==
pqou1U7aXC+pJOMBQbeotg==
ptFIweapKMkzh3TLTlUO3w==
75vJ7A8RVi8=
9ExomNLn0mU=
oYDVbJ5Bo89xJlFRrwhExA==
RXg8AiywDg4=
+5AZ8i02Asb5Arifvj5vbQ==
YEg31vUgcHXmTcY2oP5LRA==
ZrM9GUPTKQzKR/5+/nTh7Q==
e2y+Mi6bS0g=
IqhQ1dXdkCEsufoUWbZkrA==
q9PQbCxcmyfMhU7fN3EVGw==
LySzxytPfMM=
aP5d3QbevaOSb8j4/4oNsA==
wOR6IkXCRhyH7iqDyGBJuA==
9zBTmE9gCJU=
OGWNP/0A9xwVsGbJIqQBAg==
JMdIg2drpBNkQ1AhTWkXcVsrtCRMwBxi
izpyL/+UFcc=
KFNRHuCDzgq5UAmSx+nyDQ==
aPVAG8tWdwM=
iA9NIjae7Hc=
JMlOkE57+6M=
zDvf/15tFU1wos9c5v/V0A==
zDvf/15tFU03Uyb06VTzuQ==
Dy++fhOsFdVTmzZwfG3mVQ==
FRdPnC+CFS4=
uitEJCKO0EE=
gnUkYG1xMuUpY/DVL9V9xQ==
yR1b6w1ZmJYozU5z+5j7Qw==
yR1b6w1ZmJYozU5z+5j7Qw==
diFnh6ObtVABK7WTIBH3+g==
Re2iFYtcpRQ=
REaVFNPFSJI=
4ESV/9vZX3s=
CaKrl1gFPrQ=
Ol5vFiR9yys=
huOaz7TXGCL24/GCjaEVsA==
1F02RK1gLig=
3ATtXTGOzFg=
PiYtqR+9f5edD3SNCfKQwQ==
pUhEjcc5EQg=
BianC3sNwpA=
BianC3sNwpA=
27/IxUECnOGzB/hSVeT0Fw==
NIYrRXZZNRQ=
W2p7TUTac8ldAGEGtqT22FBM9ysDqLZ+
W2p7TUTac8knKqlD4JoeO9RkHxuy+t+K
jpnoIt3WK/0=
MLerb5sQYU+12ef+jAGRgA==
yfEVfb3GSW4=
sIyVYaBz0xBQMF+LKoAi0w==
QYVh0OEsSp0nlpgDOorRWw==
ktQ6I2w9Tew=
8YLSRL4gUvg/JNu6o9gazg==
65T79BvJTuQ=
ipo4xXhm1yIshd98I22thg==
ipo4xXhm1yIshd98I22thg==
ipo4xXhm1yIshd98I22thg==
rc+KBVygKqmnA/Ta4/Fbmw==
rc+KBVygKqkC2gQdko0IOg==
Y0sWCuH+QMc=
4j09sRSCJbXHsYHqT5FmCQ==
4j09sRSCJbXA0ljZrQ70KA==
0QhyJswundI=
mU6bOCV20lc=
MZLv4e/e9ns=
WwqW2HcYf4w=
85DqljTYfeY=
EgGGJytyYBc=
zYX52PlS1heYHQ6OOxPIPQ==
bjm1SjdWmY+MhHCqLkyZuQ==
bjm1SjdWmY+WLaNHmdLvsg==
IXUGYPPBwgAkWk2D33MUDw==
RarWSKcRA5Q=
Zc9CBKj3L70=
9Vtxn/14R0BiNpYgp5sAlw==
ee9uc+uARW9ImSANVHdSfw==
gYff3dvHcAA=
gru8uhidkTN90jvbOwsrfg==
w0I5R1dKe7M=
k7Ah9fGPvZFQ24jViH9hQQ==
LIFX8ZMiLaQ=
+ieO5vY8LWQj4Ldti2hmvQ==
9bMjEHxMyfw=
IRCttaWffccDJXxA2Eit2w==
pTzGBZe/Cv0y13DyfSOz+Q==
HpEZsqQNI9U=
dZ2HmtY2Y08m0+dNW4jYRw==
wtT5zFEsFOA=
dzw6PXi+B+g=
HmgxxqxX+Kw=
P8pXcjAceK0=
c4c5w0SpU3Q=
hbgIfxpWtsk=
PB9stSKHarY=
rH1x9lnNaQ4Cskc3tRCLjg==
MKkgDoJ/l1w=
8ytUNDiJzzmFKTQ8krEUOw==
bUzxf4QnlgeznFfiJ6+88w==
5o/8rGJEdmM=
5o/8rGJEdmM=
ngeLiu8vORQ=
rMmPnS6Z6gs=
s1W85NCz9AE=
wTVgI9eUFis=
wTVgI9eUFis=
YRosw/bNHOwJHa9XELZ1hg==
FCxcgWp4zlg=
NIV5Au1ocNA=
1MO1zM23U2zWrJC+Cde1Jg==
qS37pBew++Y=
wURZ3vJtR/U=
HeYcZH250I4=
h+Thjqt2wY10dHXDUE5Bmw==
UpFqfP/iC24=
qteZJRn6BGo=
JwGEis4pYBc=
GzXNcQMfweVkIAa7tzH8nQ==
GzXNcQMfweVkIAa7tzH8nQ==
GzXNcQMfweUt1UOSQR9o1w==
sFlnvTzG0fI=
t3uJ9nH3diI=
iAEhzNxwbHk=
5LJPPgsio2M=
Y9AUy4O69lY=
Y9AUy4O69lY=
Uiv3uw7NqXzBgpo9aPwS/g==
mf/PxDA0Zro=
pdhPH6kq9hVDlvlkoFvpQQ==
PSFi0Ol/Gno=
bBFKqI0HOoo=
0nXbW14aJ8w=
OGaMddBpc8A=
yMn5m7TBOOSk+QkzVpumaA==
sJYbBGget9qLTjb+qpj7Rw==
9i/ruWJD+qA=
j57mAabi4Nh3nbvrO5csxg==
d72ostNSIYQ=
71gPMd2egGUQXOVQWwu59w==
nOyG7uoBTtAQOoO7t80eKg==
aMEKqkV3Re8=
mzL3+ZO1/QY=
ZrVof8PvSrWc8SMuN6UTUg==
+SHxs9onOQc=
akr3ChdF4D8=
imbEC8Kjolvq7dCRhXjAng==
imbEC8KjolvlBx1iXKBSIQ==
l7efmM0eFNimO5HNsVovhg==
gT22f6rDeH4=
wmBXypr3mp/v44VPBJWk0A==
rztmUGZSWB7RrLsD60R08g==
hhVSgsSDMp0=
wYjEhsT5uu+K8vfaH0RvHA==
Q6X1lNdKlo7RSvHdFSHIlw==
nJaxp27+nyQ=
7jtsoDUXt28=
a1ekNwaNw4JZLtEfKT/yDQ==
d3fXS5/PTNw+SDvuWKgJsw==
/wCLh+Iy+ZM=
CakV6E5AZQ4rMPVnhwMh1Q==
ANOehRPpuHk=
HfxzPWSlWPY=
lxN4E6E/unA=
yGL32wIQxY5/xGz3+dWPiA==
bAkPrBLwXGA=
N6HnUJovWOw=
iUId/tqSwMdEivRJ+SNRog==
4teWTa5GFqArMFpHZ+MprQ==
dqBSQ3oVEHw=
dqBSQ3oVEHw=
dqBSQ3oVEHw=
Y2xmjZJ+ATr/tCXeswVA9w==
dU6SgfeIZMg2ZhHnREaVlQ==
KaXZAYAFt84=
OUAF17Y1BB2LrMnVSMmr3Q==
tPSD754wypPVDzIiVXaVug==
xhTnyJ6IetQWZ+zBaz9TUQ==
2EeHKelXPyA=
jwWVNU1h6oCLKKNxrrHyvw==
MJNydj/WlKKBasYAMpu3vQ==
7hUyPsHaFlLVTvftCkJrHA==
9AvPO4zeyBgDXNe+H5scLg==
pakrRWB5b/1JFhDDYbvIcQ==
lnlf72jx/9qJjRkbchkFBg==
jBRtnCzObHs=
+JrcniLuiTPnHpVMyaI6iQ==
35OC7xG0MowJY9VvHZb8LQ==
35OC7xG0MoxqRxIPkf7VD+cnPfSKfbQx
tp8lTeGW6z7BIX6bSJoTrA==
JEDzf5LKChk=
JEDzf5LKChk=
JEDzf5LKChk=
JEDzf5LKChk=
tPO+FkDwJ+wZt40lntibpg==
enjn+d7AoxM=
8zbOxIyS2N/4GQqzG7XhWw==
ajwB86AOno71PX+4fsP4Ig==
PPQ0fEg9Rj8QwheKLUUxVw==
PPQ0fEg9Rj9cWw/RSO4rCw==
LBG/1I+4lbQ82Jurz70bCw==
uIDpOAd5Zm/jcbrJVvhzXw==
eehk+kYtiQJJIqpyZtRjjQ==
h23mcsRBN/AEh9DC3yvVtw==
fBs4Rp5ILP4=
T8LoosYPuN8OsRLQKk62cw==
EsMgHf5Wq64=
4a0jUjOFYh8=
O3TNIW83+IFT+1UPXX59EQ==
6v/j9C+vC9Y=
kh5t1l2VSXmcXsL0MxE1LQ==
tvk+TtECclt95G7cz00rZA==
m4cE9xiwrv1RJvCtkmZVmw==
H1adXeG1Dno=
U1vDL5K2FXU=
7wPiGDaDvXR8pVZsgpJhKg==
zBCR5f6zRcUy70gTvux15A==
hth7LTrJwSrYlXHY/Qdr5g==
D3oHiIXyjtQ=
ZE7c3aUdfqJVHpjLy1civg==
3yVEw7zLUkg=
HGKoO9uBRXg=
8RFzEpiXOLpPc9OtOGixW6v3ruo0DF46
8RFzEpiXOLpPc9OtOGixW6v3ruo0DF46
XF7xekF7Eak=
QP52ceVtf5cWYEo7PXlflg==
QP52ceVtf5cWYEo7PXlflg==
QP52ceVtf5cWYEo7PXlflg==
dKQhXyjEiZHov/K3RSOAxQ==
3ItJGr8hEYM=
Z2rw19IgCQg=
7MkkbV+II2w=
jZh5joPSFOX0c0luZYr+QQ==
dTzdTOH1WJc=
hJu8t23yczY=
9fURwsPfjgQ=
J3AtJ5MIonY=
fWb5AggOkmU=
fWb5AggOkmU=
PJN0175WW1id3NxccpqFsw==
w19Gtlohct8=
b41jBORY/irqiudbPEt6wg==
HaaPbXy2bhs=
aXW0UxQeUKM8k+pOrmVz6g==
sbl4EyuBdGZHBgvtE32UCQ==
6uDYDEmNi4g=
clr2fTQ2b5xmEip7yPrLUw==
ErROR1Vcoug=
0+ioEKovdP0=
+XFwGuMyW44=
Ylqp5z/pCwc=
tF5jNnrqJJk=
XkRGrGoDUDk=
XkRGrGoDUDk=
5bStbNntcNk=
SqCww+haebA=
xOdkgmv2ZRM=
h2Ps6XT6f/TA4cSN7EmObg==
Hw0j2HAKVwINRaQpn4zfXA==
rjxY11+lOtV5Vy7EYzPbQw==
c7OHLjoHhp4=
bL4XIczQsM800yIhQqUoDQ==
t5tSyg6WwLWmaxrhMWylMw==
fHbxqbMnIds=
EplVpNAvifI=
9H+LBdyoy0PbdNXhSFMmcQ==
yqr+StSRLlQ=
ozyBV69+mT0=
wc5pHFIWoUA=
RVgsSwOsTdU=
OzbJ6OoEZH4HkXI4rohf7Q==
r9BsIIBfUAmR0zKjz/dwhA==
hGU4F10xqN2ItrU5RWSjnw==
89US9gzHk4c=
31lcxl1PvEo=
oCK4o4N+fAhwlmrJpB71fQ==
bFw6gpvg+NU=
nX+uofIKZCc=
DlAMknq0NajVoAWDA0UKDA==
kF/hHGtGLnixVNfigjDGFA==
GtUMI0QKq1G9oJ2n8WnxjQ==
rO/73qJ4auSaAhm1i4NN2g==
uChwzds7GWgvOQeoIHy02w==
yRdEUcVFjc/yxsEqY8l4yA==
X28ZaKO9/WkzYOq8S4X59Q==
2WAdkpkZWmE=
hheX9S0ifVVq5K4Vftg4Hg==
5q0Hn+3Om7lDwyI5kPuviA==
ri6JvwTifZZhIHVzsEWw9w==
1vS5n+/FTZ4=
LcgcAe969o+DcoIvtHecew==
b7TNHNDER05aflqVqecsGA==
LngiYWDn7ll6FntgKVfPsg==
kR+j88tOsscxbKfqX+YDRw==
Q6VZBzFd042ggx2V6+jvtg==
PN+PCU9lS/U=
m5uWPuOK+M0=
9kumhEfJ1wQ=
RikK26NucBT8SWjHh6WJHw==
PdCFO06JG38=
cJwpoyVQ7zg8++BNjmDMvA==
Xz30q2VxdQk=
Xz30q2VxdQk=
qKOx7dSpZbQ=
m5XMGABFUAJOHlz4E1EYh0MM475G5Sgj
6VUJiGjrLXU=
6VUJiGjrLXU=
6VUJiGjrLXU=
TsFEaghW7U/DFnLpQjfiWw==
+++g5pVv8oa6QpG5Qa/SMg==
PEu7e7fxki8=
RNpG7Sco37A=
EMF5fP6njh7iyK8TI6TVzQ==
0zCOnrChhZGdAdHds8xO3w==
AT7Jb3bRKjo=
h4P1XYCFd01ofjcPZ3qHEg==
h4P1XYCFd01ofjcPZ3qHEg==
h4P1XYCFd01ofjcPZ3qHEg==
h4P1XYCFd01ofjcPZ3qHEg==
j9SgryjvmBM=
snjeJx+p7Y0=
gZznzAHjcdo=
5ycAF0Iy4p4nEFxU5WrPPQ==
z1mJTKH41cE=
cBh0MCDqgQzfA03mSQGZ6A==
ncu8Tkd6Dec=
WayW7ydB0BL8AKF+aLzOdA==
RlmjNZ1NajM2O+Y+1oeCfA==
EO9C/V10tyo=
xnanE4tjfKQ=
plEMIFAkT6tMBhw86vr5Jg==
GwTe2ySWnJA=
9MU6HT005/5CSHTrfMm0ow==
9MU6HT005/5qyShC5FeWIA==
9MU6HT005/7SbuwRcJZATKUTPihfrt5b
zvTN+oGvNT4=
zvTN+oGvNT4=
zvTN+oGvNT4=
cb7v0SFSyZlC60Wg4URh+w==
UnVJ0vQu4DPvqBcDk+JJew==
N88XgVlTVPuSG+81fZDHqQ==
ID4WDMx7hvSZD9TOUnTONw==
0Fswm8pfsoZ+ZdNDatL52g==
5nUZW81rzh8=
j/1qMoNdRiI8xPsnaqDBmg==
oAKTeOnF+bBnwYl2PaCGgQ==
Bq381HD0rbTJvjoJ6BbUVg==
wAEhHAldAsw=
XhWdJ5NNcTMZRXhlTkkEnA==
yGz13y0CtE0=
3w6Owq11R5JdjC2sZbejFA==
0jm7Lma1pvNdqX2dF4KcSQ==
qSq3Qv1w2iSzVhHxSMRvqQ==
jURHZdZ8UGc=
fhiJltiOdzYCjVjpAMC/XA==
MCvH6mmzi4U=
y9ZdMdiLXzM=
DiOvhxuO2TxFUcy5NOEj/w==
XL84uhS1/eRtbDx8PetVGQ==
D4Gg3vr/cCg=
2iD81ORajKE=
gMnGMo9rw/dfawV9hXDLIQ==
RQihfbzmrO0=
RMa214ybfuc=
Pl7k9p/lNls=
mWDRiyJYqVs=
54wgDL10o/kw6/8hz2HtUg==
bbUR+ED+QIQ=
HZsAXSZhOx2Cc4zOQP0U0w==
VR1CHaAAKr0=
D/2O+WVTVpU=
OkfRutoDAkuO0VUPFjCl/w==
7wjKPO5DX9s=
w7KOZuDYt12ID5DBa+da8g==
bZit2dTRvBQ=
nt/+u3JP2WSafYjsSeDVAA==
DHhCMd+KslVgBaP9WX1Jtw==
fbrNcd+iMPQ=
DyTPDWqcHOcnrOOFQ5yxrg==
DyTPDWqcHOcnrOOFQ5yxrg==
G1ARYkl65qE=
F2Kshwb4aTNvw2M3irBLSQ==
l5f6BPucGUJgPUl7A06vKQ==
jo8cOED9GiQ=
NCKvS8iCS+U=
YoNa23qAZNo=
1hjlBQobqHcRvOuqLz3qfQ==
pM1j5YY4j3hgyyrHjqMSKA==
axXaqc5WHNl3oywvpcDc/A==
2oru5yOSjeyLwtx1wzal4A==
vLaqAsXo6O0DnNQPthAdHw==
vLaqAsXo6O2OLqBn5MkSzg==
Okr5TgCBPVYBgHX5ewqG+Q==
h0SjOtlh4W8=
6ncg2OIOSv1NWGhUkWpgDg==
apfd7Pyf1Xo9toP3pkTuDQ==
oQ4fsxRvQhllVK4fq6iS9v8/zk+gkX/A
W8i9BLXtIiI=
2W7lObmRCWE=
b7aI9J2y964=
ikyuLi+blwzyx98bNhrt9Q==
UXGCbmXwS9U=
zFFh+6PDneG1GNAmZ5/wRQ==
wRsqaTY+pbsJiWeQUj45xg==
ndOwNjaIA5767xdnrtK4OA==
jEk7l9Rm1wU=
AhyOaTPE2PM=
rGpc8b+knMBAbo9kAowwoQ==
FqYgusdOmU0=
a4fspElFqzo=
a4fspElFqzo=
a4fspElFqzo=
a4fspElFqzo=
a4fspElFqzo=
kPWBh11W4J4=
YrlMoCpiQVM=
YrlMoCpiQVM=
YrlMoCpiQVM=
1W8qFr5plz7xT8XNG8Ew8Q==
c6mbo3cl7tk=
67NKgwfv48g=
CK6Eh4EH2+1eCbvAs7iCRw==
M+X2ZJ+GW2wKlxGUrWSDjA==
HBywBu1CocQ=
FGGVwJ/GkYgVT/G7Ik86Nw==
jt0+RbuExLs=
PgcW8YzXfFg=
sH8U1mYtw4jFOQUk9y7TxQ==
nxv/g5pjWaM=
dr6zIGxhUX8=
2x1UFZJH++s=
DMQ9fKuePaFXy+ah+I3Wfg==
PE7JnbqAQWMorrlzInPlag==
xLPgT4xipdo=
a4StooPYXY8=
GfSS372m/hWqX3da22VShw==
m6i+zkPZHstvyrrzH5sXkw==
qC8+xmwe7TE=
peO9xXyIjjo=
g9eWQasvTP0=
5wZJQdRBD5s=
NnAUOiZea9QncAiSmQVb0g==
pvy0f3/Cm2o/ZygAe/sglw==
S7jjPR6esaKlTy9ShPHcWQ==
S7jjPR6esaKlTy9ShPHcWQ==
S7jjPR6esaKlTy9ShPHcWQ==
D0O1jH726vk=
CZw68/4zpi+ClFPr8Mh/+w==
SOqvFu7fxlU=
S2o/QCa1z9RrKwiEPpz4mQ==
WEEaL0EoxDh9p/9P/EAj9A==
YpYBxeIFFT2AAvniQ5HQ9A==
U/cXatkRSjU=
xjJXy3VCtkk=
G1SEpDQFhXs=
ojsP/zQw3QE=
BfJXF90B83CnrS2ukCnBOw==
t0lLM9cR8ps=
GTy8oPs/+a1qFNIsArCRHw==
Z8/xHPoAPfU4pvFVuRgx8w==
Iih8RKQAwfMJcOtEBmUGyg==
cr40qKDtFPY=
v2rwTaJ3ymQ47Ry7YgLxqw==
v2rwTaJ3ymQ47Ry7YgLxqw==
v2rwTaJ3ymQ47Ry7YgLxqw==
v2rwTaJ3ymQ47Ry7YgLxqw==
tBz2CZ9LkDwB8QioPkGTFg==
e9A69ccqfLQ=
X6gBJEqz/vs=
Hmu+EJJ/c1Rn1cGp49vF2A==
ILjABZUBScw=
YsmNxLwf6eFUDt1JwqFmDw==
xWrGnxSdwbLZCCddEIjBDQ==
xWrGnxSdwbLDNQ95lk8XXw==
ITc+6FEXxrk=
e/YrdUy443VuQMIehE/QMA==
UwrKq0t+OQk=
8c9bmqsKdq8=
IGLGsbK9n9hKlFCkMp5NcQ==
p6VOlMhWm8FbnO3UE5YHpQ==
p6VOlMhWm8GvGdinPrXyug==
Ymh3GGQPnSo=
kRxcw7Ytu9DeuUbIsCQE+w==
veSBCA5h5wY=
gStrVUqWCHQ=
gi6I30yy2tNJLaCyXgxKUw==
h4qjMD0UI24=
SlASQxe11HY=
HwX/eTvNlaw=
24mA3Gd6dfQ=
KleaPEWxc90=
7952bWFxyqO/0bVIz9qAQA==
hvf685rGzif0k8NzgVWnVQ==
hvf685rGzicO4eIQZ1b59wE+uErWmaQa
zj2iShE3tYo=
bqwE7vvckm8=
pvKpUV/rGCU=
clYIGFfWZv8=
BB0Q3enlRaud2a3mH1YRGNDRWtbxFNBn
9DOwHcEFMJyDzQ/N8fFI3A==
K7wMokdRTZV/CwSpcCQJNw==
6lSJXpGdyI8=
8TT/hAQeCFY=
SOtf2M5pZAChDKVgF/PEiQ==
ZSG2tQoABWM=
wvY3WsJDMvIMYxjMNNsBGA==
Npkycs4Agf0=
lMQTHGcdzg0=
QdgMlCgZi/CxeZrPXCT5vA==
tjEJ3rH3Bp8=
TjsQhMVCoqU=
TD7eqHB7PQ8=
cIAmwpXWIBE=
mprR/bGmBfs=
SD8q1B2m3pIDTJrGS2y3Uw==
SydCxQnISn0=
4ARgOgrGPkmqRvF14wd4Rw==
tqmJa3urNTE=
o1YijICMUlv4fYjYpq4V/Q==
o1YijICMUlsNoyDjF+5w8w==
CpF0QWFk6vw=
F6ggH4N9KZk=
F6ggH4N9KZk=
F6ggH4N9KZk=
/sPpYjcxLlB1Ty0snUohgg==
vi5uOaCqqPS0x4lXQaje7A==
9Qp92fHHqjI=
nNWAKayMNmw=
nNWAKayMNmw=
6aYCNWIprYI=
kZ6wqmo/RMs=
G1P8uSBOpuY=
1Vd/tax8Tk8=
VfewzHQw4Os=
rRCSnAWkAsouFK367iHy2A==
amx/kkWjxvjdvq6jUhSsAA==
1DqL/wJrZtA=
JsPec/GpTn/rBf+SR3sQ9A==
IcPoNrnangc=
52t+1J2ycL1XQbojiqjM2ji6noHspv9Y
LrVUdvvoVV5YHDb4xRm+Tg==
Vz9og2NYyR0=
TxH/5BIq1js=
VaTl30l7J6nMvKjTUT8Kww==
B50bWwirDnE=
V+aTBTrXZZU=
vnr67BOO8A7ymh/87mqXag==
KxAK/oZ2nR8=
7qBLUa1D2mQ=
Md1bFkuKtVp5lQ7DcebDzQ==
CtwFV60vsmk=
CtwFV60vsmk=
CtwFV60vsmk=
MweJJoWbAI4=
VBP71Nex1fE=
QOEBChTi4lE=
NQWfweCz6ow=
UENZFoy3ypM=
at9IoTy1Js4=
at9IoTy1Js4=
at9IoTy1Js4=
at9IoTy1Js4=
at9IoTy1Js4=
B/yZbyZSx08lnlRQavE1Jg==
9345m/UM1qSz1Hjc1pbp6w==
9345m/UM1qSz1Hjc1pbp6w==
9345m/UM1qSz1Hjc1pbp6w==
9345m/UM1qSz1Hjc1pbp6w==
9345m/UM1qSz1Hjc1pbp6w==
9345m/UM1qSz1Hjc1pbp6w==
9345m/UM1qSz1Hjc1pbp6w==
FC1rQCS+GDI=
FC1rQCS+GDI=
BqRZxesWFfY=
BqRZxesWFfY=
Wt4dkkflJPuVjk/cRraHnA==
RPu8AHqiPkY=
nv0n34c23CtBuOX1qzMZYQ==
fKB5CQJAJRw=
mGmwVWtWk+E=
hG7bRDgcRCi2w9e8zkudUFxN8HdLDsm6
cOOtxnZE3ic=
Jf5o5NaPY0LyohT1a/aJhA==
BVeu0gH+ybs=
EkIieDcn888=
KheobwQP8yM=
Qux6MiwjhqpYr91Zl/tTdw==
Qux6MiwjhqpYr91Zl/tTdw==
aWMSXi+CTMno6q/20lhupA==
JH7rGkfwz4mNmgY3DIfyRA==
+0o9+xwlOhbEBYDacP28hw==
sTirvdkEWHs=
7I0J8avLQSg=
z+SawDZH6CE=
9eDwH9//gYHz9jxvn+FP3Q==
ZyIIZWK9xb/R0vLGYCGc+Q==
xZNsLLzOv9Y=
xZNsLLzOv9Y=
VUmU0ip6wPU=
DIEYa+/WniM/GoUUeZoSMQ==
50/4Sq80/dU=
eMvKxrMCjCs=
dIYfGpacAKMcpPhtTC/A1g==
bJpV34raBug=
rxFqwTF43EE=
UViT13YhVFU=
HtCAeiCDpJ0=
4u5NqeRDDtc=
WirAgU4VJaF90jUDR+W6HA==
AgNh1HD4v2Q=
TJwlpytWqF0=
0mWQOzADxUM=
nyzzfIuQEU4=
UHRLuDUPJkbfknf0LB6WbA==
87dUhx5P3AiQdrX4PW5Jng==
p7NRZRB/3SBQZC0JGSMRhw==
Z7RqdxOO47nuz+MTkgx2AA==
1NpGBJoF6xI=
PCnEwUMXMxk=
BERaH5MGFcJ9ZzBEGkT3UQ==
nga+mMyAdyI=
ALlvuWCHYSZdrWRTaLm0qg==
2EbUYZVpGPfNNaCE4oQ+UFZIntvgnZow
2EbUYZVpGPdhmeI21m4/w/bK7FBQlya0
pnEiKGqsOoC3ZYNmSTrzow==
WokVn+qPY4WQM6yhcOE++u2+8ivSEKNK
C3mQS3rrSZ8=
b1oI3hWxrPY=
Pp6psyPqvwAEIGz9edeLrw==
zw0jU9KTBexFe5tYw/yU+g==
jiXuidjSrOjbe7YbZoZgqA==
jiXuidjSrOgorMNFvrEOiw==
YKu6mrHBDdOsMJ+v8BNBjQ==
z/o/MLI2wASxcJyrk28+0w==
1ANINhvduNI=
PPn53nGJIIhCW9DsvxLMeA==
J8JzIfT6+UY=
YBt5Bv9EqB4=
aIkTJtObUGc=
F7o8HgkZqM3VKdXZdeb88w==
F7o8HgkZqM3BTMKt7aZ0COx4MfFt+wjB
hNbDeey1GEM=
TGvXxJiKGvrZeO+2tRp06w==
zSJ4q/D0BKI=
07lkjRrK4suaREyAWW7m8Q==
oTiOKk8ms5lRWZgxZ7kBsg==
iKIm5rR4wk4cztpTiQBwtQ==
t3qihzCRj7pgDQi+WwVeKg==
dJ7Nsup1sRc=
SOZ0uU700qZZEYTkZSazIw==
OLlvGNeNIjI=
n7llsDrTbRD/ab6ubKEwcw==
R+ZFXF8y0AtHstYM87K3mA==
VN3M/xEx0N8=
0sQq9jQ8PvAe11MLofkJ87jMOrxlQ2AO
2JkqILOENptXSiaBzZTChQ==
Kms+W3nZFDqv2rRu1qqKHQ==
m+X9D4FghpwKEQnh29aM4Q==
8SZ3PIZD6rM=
APcbpJ7GJ0s=
xt3sAZn7anw=
6dLu5EG7Po8Oe++cGy1Pmw==
/mGobg1IZXw9aKylz8IpwQ==
2s6jQ4mUKpU=
yByIEcc7/RTxe2q93z9Asw==
uwpw7w3/X/8=
uwpw7w3/X/8=
uwpw7w3/X/8=
uwpw7w3/X/8=
eHjeeIuaoBE=
UAcBG1ZlcF8=
a+Gs0e3SkAA=
xsLKY/yw4U0=
lOg4CSwmA7Q=
oefdFEiIXH8=
Jg0mDgsTWqs=
dxn6Rpfv0PA=
0+KW7L0dqUk=
WEmxk7mQ/6g=
BXCgu7HZhnI=
DDyZB2Tci7iQuIpWzK1RqA==
SaX555IqO2w=
JpYoLV/EORgieVPN21fDdg==
JpYoLV/EORg+i2xdFdkl+g==
JpYoLV/EORgunHvecVXXh7BVqURhv9gU
MbL/CfM42vS0b8D3ZyqwrA==
1wxB9kbdWOkcOhXjinNIHw==
ErRVZMwdaesDXtMtYEECMA==
p0Nft8YPRuGX9dxMhNIb3g==
28/0+71gK1Y=
28/0+71gK1Y=
28/0+71gK1Y=
giHM5apJakbfb0MqcfQinw==
giHM5apJakZris95hCf31w==
bi5PAZqkPVWLIsOscDUSVA==
/1iy45JhOR1FhAf2KGzwLg==
xocVniA52XDzMoRqZriWEg==
fFpz2Nwse2VOKIYWFzvxiA==
9d9zjsPH7BGvca+nwGDU6Q==
6AVy+Po8pEA=
sQZj4vTtfYdfnivOlvIdMg==
sQZj4vTtfYdwP1cEWfemNA==
sQZj4vTtfYdekteQDOCHPQ==
eLDwKMndBxkGiFQ/olrsOg==
gm5A6xvqWmg=
F8VlgIc/83ZJYlUHwLbGxA==
F8VlgIc/83ZJYlUHwLbGxA==
F8VlgIc/83bhdUGkJt4xaQ==
xdsPin7xlAgLG5o6RjSMCw==
hL/AIoL9DzvmMFbjAIXIlA==
ZlTRoy9FxGJSoM5lMHaczg==
mSNDxgE+IUo=
fD2LacFHmWI=
OVTWOb6Jd9yN9aPZs2DF4w==
vbiY+v3Vae2wO1LLiTYHxw==
vbiY+v3Vae2wO1LLiTYHxw==
31JLQZiNsEc=
duXqxs0maPuGRuUt/DawtQ==
duXqxs0maPvZz92/73SYAg==
uE1iydkzot63WYUN6SBYWw==
+7UrWNekw8IsZo0PB+V0yA==
zcrNDLBeffA=
6pwfBHgDx08=
WWZcP9r3gGCX8AOkxQFwQQ==
WWZcP9r3gGD13WbLpczL4w==
WWZcP9r3gGBsA44ieZYEOw==
WWZcP9r3gGDKCCWtXtpt3A==
1m0KHBQSZGI=
IdPkNmpsVHmATo5/GM0ceA==
EfhBKEZlQIk=
jTA085TU+WQ=
uaAeWabofMI=
qAv8yiMU/k4=
xUBlUIQ5fi0=
HuP5UPzbqds=
K70SE4ITzYc=
ejc+HJBV900=
axk/QEqxg1A=
a1jE4HoQ5Hs=
1lLSQf5Ayryz3ZcjMqSKtw==
Ezqslfn/iKk=
31FPoJ7kCPA=
GeaYWf6vlJg=
BGyINJP56Wg=
gxUImhsn1H6Fq3QLD/h3cQcHOBVMc86h
//LGux/5ohXjm9BqPJTtJQ==
8jz86LuSAK8=
XFg4tqPl2GZq68gKE/s2sg==
oV5kciLWC+s=
3XSM3Hhk2yZO6GF1xNRXPA==
GK9NwEcjttY=
EHlsvmENmdcloXwrPU9zIg==
EFkhFZP48/c=
cTmfUYsBOto=
oDyeR7WRGZs=
yBomQIHuNig=
bLAYV/TVYro=
7+jlwm0dBGWc5n7irDe7WA==
BwO+lmufXFw=
PJLA3v7UCOA=
OPVUYtgx58Y=
kcR2zUobwe9PtVYSP3Stzw==
m2R18Qr5AQckrSDQ5EmN2Q==
AllF99WH5Iyu/tFMf49Xlg==
AllF99WH5Iyu/tFMf49Xlg==
mzFy2zFCIaYSAmL1Xou9bw==
dmjUu7Iba0mopyO8g+Hzrw==
dmjUu7Iba0mopyO8g+Hzrw==
8kIqskNW/DbPdqZm0UGvaA==
dz9r6QA4grmDpOdH5qWaSw==
39vpoaFviX0IFtrQVJKGag==
39vpoaFviX0IFtrQVJKGag==
BnUTydj2sf23M+p9O/uU/A==
hxytG+MOMIE=
XQKQdhFM4pZxlu/KXVmSOQ==
onkywvSUIQo=
hZxLdyzrKvMLG4rW/cPSLw==
hZxLdyzrKvPdFvC+xKk0Ew==
rY2HQNbKoncHcdcpjFkB8Q==
u18MFhvU5H0=
Ij3tGcxlxnY=
6LWKRuFKKco=
zEA+K2WZDtY=
o4r3V6VvM8R8edE0WKHh1enPU2/vqyJ8
56q1o6uB0n0=
tae7Xxs6/MDMUy1DraQKz0PZiZkmNzTo
tae7Xxs6/MDHqGOX1ecbYQ==
tae7Xxs6/MCslWHfYnQDeA==
GCD4Ikwem/8=
8bAw90RoZjk=
yr+4iub2bdvnsNdC4TtVhg==
L0cwLh27/1E=
KSChJpRQaKiV7mzJW4U2UQ==
sNnOQTyz3IM=
HPmB98CZPihPIiis4USzkw==
u93Fydx0ycRpIXJAS9/mGw==
s7MmjBnifQ4=
SksHb79tq1s=
eY8Of2vDmMY=
mU1irDE/oPM=
N8zQmysGSYc=
RyM3pcsTs2U=
E1nxrWzKsrk=
yDraxMpnvsc=
S2EynStsgYQ=
6D2wWrCEEmk=
DqZVJ3TR3bM=
hisyG+UqyJs=
X/FMylyqiJ0pATcj3Q1E5A==
PafeaksC1j/qLrOXGpYTVg==
NMxKpNNiwbM=
mKKKOvgcPIn0+697fSJgog==
Be92Mf07JzEqgt15AI+IwA==
E0dTRGTdujro/Oz3JlI+1A==
tpwygrGMJS+aQ7Ft3mR7mg==
WmctTixW7l/sBE5zb+fwuA==
VgT3tAW2JE4e+82d6+XZcg==
VgT3tAW2JE5FMejkm/06m2iDaipv3jnq
vgE5C+y17FqLK04O7ORLwg==
rUQ6RFjMK7I=
W+bAZWhVFiM=
IXbasmSVx+Y=
9EBvMPQcsRIX3a/wZsCLsA==
qr7qSqHZEIQ=
wrpGWXvNnrs=
K2mtSRt5S64=
7gDPn3jYXvs7ZEIr0nCOyQ==
uIXdt/ntOTcFM3cSUo8gmQ==
294fmX+BuWI=
Ulas43KAeMQ=
ghaxHmw3IUA=
0FqHwo8wWbk=
W4f+qT0MndQ=
nEpKDJk8qig=
jT31Mn8egUY=
XoPzTzNzrmU6cNmHydgCgA==
hStlyCnpVs4=
5Sbg48O+2As=
YHzRBVVdLuk=
BTqA3gDYBqc=
smkxqy9JZ6k=
glroZbMG6/0=
Y9NWYs0TCkc=
YeZzZI7Z9MvGq3CrPz/HAQ==
9wdRa9qL/3A=
omDBGEL/wgY=
51aIkglYNxY=
K8wcZe4LxLY=
HP9UzDycAtV5JyoK2TGcMg==
Xu6B+jhgznY=
wZy4RJNmc74=
HV1PFHRqUgA=
bm+78366eyc=
7bmHfvzkyeU3D1FZYPxE4Q==
7bmHfvzkyeXPF8NQIvnUAQ==
6IxSqfAKdPk=
rJoErPTjZ6X929bFzjydXv85TYZZ5qC4
j18127ixzC49w/UtD/Czzw==
LzdFv3kX/08=
BYDXl4oFl/o=
6Rt5v6NJNFE=
6Rt5v6NJNFE=
kLOhAbLvkEyXZEJs6+of8A==
0QDUP2Ie6ME=
16G1MltWw+5E+MW1I+DKSQ==
0QsVbG1ZDQk=
Pu6rlMlDxTA=
DdaU/d0GRUQ=
U/p6S1+C5LQ=
hnOY03MFeAQ=
06H6XyUIpZM=
sWdmpectcwo=
W7hmSsDFtEM=
8RKFdZh+p/E=
LkeACNWlHsA=
1nLx59RbyV4=
yZOGiUYrXDs=
73iZTohAc92uvf2hqnY1Yg==
kGQ8Dzbbt6c=
+4eAgExRu3w=
esasgXNYyvc=
195ntsB8w7c=
Kh9gRX7VRwk=
aJeG/P5xLAw=
iZ2UpFKel+vOwMKhQAOS+A==
+zMr7NxvVKZWxPqEig/9ag==
fIDImqygtt0oadAEpTqZ8w==
YfnHsDD9ktgCyaAEJ6x/yA==
Cm+S8QG06pw=
VGzOLgSCIRGkkZGrd/kgxQ==
MULc5Fh/rmY=
dRah41IgT+8=
DkdTAhpdVS7heC7e1pUAGQ==
epxEtt/qJ/lZjt4WnJxV9A==
0QhVVEPBX2G/orYV0Yy+BA==
coTzXtZeYrM7Z9MQ+yRrGA==
BGE13LHAf/JMqkTy1wQk3w==
AK7qYWh9Ie0=
m1Bcri4yZRTIm6zx8pvGEQ==
3SHVIlHrBTJpwp3LtT7f2Q==
aUEMZU1LSm/4hFZeVR60TA==
aUEMZU1LSm/4hFZeVR60TA==
tsa0V8OSShlRcOHexTXg0w==
n7bqyLKTE4Z1O/XNR2gjrA==
ae/xUuy+UuM=
ae/xUuy+UuM=
ae/xUuy+UuM=
srCp2PtIi7E=
alo7vFb6snZtESSlKjRkUw==
eKdsezat/F9OFIVfC68JRg==
VP5Z6S7zDhI=
LXCtgWhF/0yzYUvUzJwTNg==
ZBpo+kHbbLK6LokcNd5wJg==
ZBpo+kHbbLK6LokcNd5wJg==
hX+DHnjIuX45CgiKtXb0FA==
h60ndM+bIq4=
lm7s16vGNmjs4DFnxU80/A==
2BID16xS8lA=
885+Ky7RJ2ZfKaQmwaOqlA==
4SvuiJel/+QrqvLPyuCRNg==
yL00uEc8JpU=
pFWxsotS93c=
RmSZfYOO+z4=
jB59EyGGJGE=
jB59EyGGJGE=
khu9qjZfafc=
UX5jpCtyFLzmw4V+7/OMSQ==
aqKW07anxgTCIU8CHYwbXQ==
1dVC4xOrTDKPVSnSSi7lhg==
DvR0s5z+XKs=
sPJMUXF6TXo=
/PJ5NnE1gPc=
AVivTJVf/AplW26b+B0SVg==
VPHwBkRVMq10tY9BFjvY0A==
17OSEjnPUnw=
rM+tZiNA7WDg6PPfdevuYg==
Qgt7wkTn+ji4Gt5UJQpp6g==
golv6hQwL30=
k8M5yAATFP8=
b4SH3iAtVlg=
VDUg49ZsidI=
e4Ni+HZz6wibtvjXJ67CMQ==
0qpoSD/m784=
hudaaxOiTen/0oeyWxcLFA==
yWBSb3YEfaNgq+UB8LBkfA==
wSNyk07nARM=
3i20ERdxZ/sU/hUmJ5kv2w==
tVkerpATD6OnXsqGVqOO1w==
hjfjOE+4lDIGRuGLc23HEw==
WDJyAnL9b3Y=
/QVfC0qK//c=
dSafnNy5rAU=
dSafnNy5rAU=
Hm1U/YKqOGE=
vG1k5uqtk9UQqqJ6Iztjrg==
DFXjpcX9xfTiYX5vNZ3C9w==
DFXjpcX9xfTiYX5vNZ3C9w==
jVzUV/WVLvmYyfQ+Lb92jg==
I73aR7vcmRA=
Z5PliKMO5pY=
C7Zn5luzr7HwHTrKv4X7yA==
ycfnsId5W6Q=
Mdm7IT6nrFo=
BOJFsewHc+o=
3jiDnVoe/DOsLTKxgSjg3g==
bZrg08wxnL9+fVjqxdrRGw==
FX6m+kI8H+D0FhAZKVgq1A==
1/14AqYfIW4=
n7/kH8NNH2l4qsp0Ec1k3Q==
pbd2iFdd51A=
r46lMLyMNXVXZN0f/q81Hw==
GgfWvjqk1Sg=
5y1E26ieUu4=
By3beK39xqc=
By3beK39xqc=
33oB5Bvd9+HRqhlgrgx+JA==
/Q5ANpd28jU=
EtWYyS89Hj8=
s7F2qJ82tTGgpwztiftaWA==
WJo7rfX+IYW1XM2dfKhhuA==
soWisELgqqYCPrk0Adrwqg==
zrRY/kGrnXs=
K9w412n2eZU=
+lnaGcJWtJQJveQYBNXDYA==
RTU3Oq5wuTYklMuaoQ5G2g==
yCJQJwoGlDM=
ad+NIF1CyA8=
CHVJjvddXL+IkG+EhESnlw==
9l2EPMajLUoPXY5EKhY0jg==
PvL651aLXO6/OBjBIU6eBw==
LLU4ufsG73YnIiC8FJ4FEA==
LLU4ufsG73YnIiC8FJ4FEA==
LLU4ufsG73ZgCUWK3PDepA==
LLU4ufsG73aUhfBURYwWGw==
qQagE0oiYlSS7Ka5QzDhbg==
vW3w3QYMmwHjDDuAYbuLLg==
vW3w3QYMmwHjDDuAYbuLLg==
XmyGd6B55wo=
rT4Mo0Q9oIY=
KQ8nEkBkDgc=
FAU79SFdPsJWTTw9UU1XZA==
6aCJWQCJ2t1Su70VoBu+pg==
ha0mHlcp1uqX2q/J5XuNmA==
3v3p+7cE86IetEgU9r9ubQ==
f3bwuHByJw4=
iu+HJfim/yxxlYfz369ryg==
cR/zDfMNItv3MafO7T570Q==
FKbnYvmLrmk32Ci9ociBhw==
v803qPNZYYR5YlL/QmvIdQ==
IS4Hz1LoG5V1//F9l61zlQ==
mMZA5MlXtW+r6mWP9FlGtA==
nZ5wTLxjCH1i77xmfkOxbg==
Jh+J3LC+Gmg=
orZnlIHO/UPfZFOCiUj9PQ==
NvsyjDbJ89u93vrlWmFYWQ==
x0x3M0yUm/L3oHFY+fZ5UQ==
w2MwJBvyHvQ+7fGstR8zmA==
V5I6sHcUfPMAGD0EnkXscQ==
QtyIJ6TpoQQ6dJBLLCdlbQ==
t2u6zsEVkkEczmtfg0AvEQ==
g7NNMNCz9YY=
bH4ahFKgHDE=
ZyjPv1Q2yiY=
4nsZWkCUBXs=
XRwFEFNcIzn1SLiZ/KpABQ==
ecY7lvYKQinYSu//rJT2Sw==
kCfCIk2ecAE=
+mlmKsDPUgTUWp22NyKHKg==
nlT1LKklIXo=
YVMyjCc1t2jdJ9b5Jt8znw==
GZtwIJ/yeXs=
ayaEVyx4UMw=
6cyWaIVhWCM=
8q6c/DiPSTM=
/9Cz2VNxigI=
eRinTe+Y8MI=
acSiA/g5z5Y=
8IGsH1CH9m8=
KwD+Gtg5YUQUfXqKgixmdQ==
JqWntfat3K4=
BaIJkaxo67Y=
pci0ahxqwDatKNR4wudIyQ==
H1zeuU1tZGE=
Z4JYV7dEOWI=
u/giKKn0hNdzfNM7FxSGmQ==
GXo3E3YBUvs=
kOtqLPkgfMI=
tAAbyjimmb8=
Ioi9rq4+zxY=
DJ93qpYPaol9g1YHi8otpw==
rmmDxNWk7KjVkNvryd2Xng==
Qv1Tlz7OhwXfC+quHlCMzw==
MhnDGrVtqe8=
RKr4UfF62ryJ2jAMfRvNNw==
gKZoCd6k+e9W/ly97P31dA==
ni5KxnLw9Md5JOIGX8EQlQ==
728oOFS/VDU=
ak8yZ+Y6nKckUWvVfQkczg==
ZAYk/IU0tMU=
LbV239aOytuA3JQ4Ax5qWg==
nYMc6slGwe4Zb62Z3cNURw==
nYMc6slGwe4Zb62Z3cNURw==
g1UYiXDA83rpkRYg8YCYJg==
1zaTnXtd4XY=
3fo+IecrGykhv1zKcOQAog==
xJ4LdNiCB1ZDopTXqt9hdQ==
UHGJE6sN9vI=
ETuphokmLeseK73phuO2Dg==
j/o9HuEN90Y=
aPulQ3m6Jfc=
9bDrWD+5oWs=
v9Fyi7pfSP/ugJhholc6pQ==
xD7MI9C6HBCJgb2/wk9GIg==
h0MR6Kv4JEs=
l/5vNImtswaHErwdiGtWOw==
Q8JyhK7/Y99ZLxshy6fvJQ==
/+VYc8foUTIiAU3eR9lg4Q==
la8TkWKikJbuQvxCDE6RXg==
cka7pXj7ymE=
oXa68lKFutbxZIXGIqDYeQ==
xDDMDQakFa8=
j9RKR+HtPbaxjgwYpHu4ig==
L2fWyOO0FOeHpfF4wcl2Mg==
vpfmTDgRhEwyNQDc35tW/A==
hzXDWSzqCQm1VXNFIEPCnQ==
krjxjVRwiEvR1TFBi/F0AA==
tpRPj55t/vM=
tMN0tZXf5+s=
s7MqJeKqnns=
s7MqJeKqnns=
CstlAscAhKHps5Iukl8y/Q==
p5Ip0lDPDyI=
p5Ip0lDPDyI=
MpQjnSgEOJrZ/Wb8DrlFXg==
NqGJ1VxCtGNih7+rV9zyrg==
UhtWHALW9/2jWStR2rDKZA==
3w9f72eg5MHOrO4PKfUChg==
7Wv4CjDJpW0=
DYrgrgJT2x+drRLlfV3opw==
rlsWpybx32g=
MdJ/dqIcz0obH2hIk0IPNQ==
4m/EefwGRaML9uGJa7pTfQ==
+fBFLDxTqnoEhtGuax//Lw==
vAPT7bdwkaW/DgsF+W3+tg==
vAPT7bdwkaW2WHaMhrI+Ug==
rdbtAiRKHL8=
hpgM0HBuC70=
QKmlijROAZZ59UNrOkAHNA==
Syl88XXRgj9xU7Z1ujFcKQ==
/iu9ZFgBh5w=
/iu9ZFgBh5w=
4G+7JGlBGhw=
MMBhSrJ9J5s=
NjS/LUXlxdqeJZoaEnq+CA==
sV6qkZTB2z0JO3uOVS8LoQ==
ODqTmxVrqCo=
peJkI/COU00=
8rQ9aCCFpa0=
54YjtQkrjE0=
xWh6OgeAsgSfDdkfKnOypQ==
ytGT3qGiWP6A0q5TT8srlw==
gnkZVD3Mea9JICXmNmWc5Q==
gnkZVD3Mea9JICXmNmWc5Q==
+JyDhZBsoA4=
+JyDhZBsoA4=
+JyDhZBsoA4=
3fQAOu4TvlB+Bm2Td5d4tg==
2W+vKsiGDoQBR/dMQUAF5w==
50aUwZUAGI6TyX9oSfNxew==
50aUwZUAGI6TyX9oSfNxew==
mDuoVJNZmC0=
5SY8sA84Q90=
ugsm/viwcGI=
QFrnJOFlbyFUQnXM8PEPTQ==
R0bmEgPrGyRLSV/oKzWOkg==
UPPp/1wHRcQ=
UPPp/1wHRcQ=
saGEzG7i2Hg=
8PcKFXkC1mJyYMY4jLrIhA==
w03ny0W83KU=
tI9Xc8OJc0w=
4tmHBEAxp2g=
Z0dC35ajcf4=
CTLs26IPC2k=
hVLmXc6j+bY=
v5EqIKCY8zByE3w3pt0Vvw==
oPsQlINGCkc=
EESbzfhbx2gMFWD/2vC5Ow==
gLkqOUCTooA=
FwSTenfOutc=
QbceQ/x9SbDODSIdV76C8g==
ChB/hpnXuOhDbO4mFMyMKg==
Pvk8VtD/mJApzIPvKi82fA==
QOWBVctIwvdgrv1cPQzVow==
I0ZZzDNw+Am6qqTILFxYyw==
7UsCPDuqtV7ROls64x8UZQ==
VYPDTFXLTvTkrQh1DsASOw==
rBPtn7pr1WJMfwLl6FsvmQ==
eywwSd/irqblExY9fiy2+w==
yVqaG84+HAp+E7ohwek3XQ==
m2irwXuSDO4ANK34SI4skw==
+LWavzUbyE4=
Nj0UD0ma9s8Szk1MID07Kg==
3EqsBw80mE7nkk3VZea+kw==
krD4XThBKgrd1gnv6QovIQ==
yHC7NWL52psNGmnz3I6tMw==
Y6WKNBkzTtlYqqA4p0RwXw==
Ay++BeJ5Q1y/A/Y8TvJtQA==
A4d3qYcOhKU=
nuxQUbohyQy6ojl1C7MY6w==
SOgCC5d3uZZHFXUYK5tS/Q==
RpCdx3Kgy/4=
xMJczPVQJa9nELNDWCyIdg==
6f4/2aUl7gU=
tTzkRX1GumdunIa8dgZZoA==
tTzkRX1GumdunIa8dgZZoA==
zhk7WWJ4yvA=
zhk7WWJ4yvA=
LsU4HIiXpqP5Qo1BL/EECg==
NJS3C400bOc=
7JcdhD87c4VbM9J0x5ae4A==
DDuEz/5FDaOqFbe4rStGyQ==
GDZv+ArwD0TBRdNZIxthoQ==
UxlgyFCCwv1wUs+sHfdDAQ==
jEBExAC8JXw=
9dldSy+16+E=
9dldSy+16+E=
SO+JCPH5IMU=
6my2yDBsc7E=
aAhVR0wYx1eI9f2wCG97ag==
nMRteHAiKhrSf+Lh/PYaOQ==
HJrwgCQh1d1UQ1caNBtkLQ==
F2qjXN5Og1s=
sWt5YGSBTro=
dSdiC4ctDC4=
5s74MLuDbJpMPFHbmAvKdQ==
Yu3VtpLfTVQ=
Nkg7Dar9eWc=
lVNmtu1azuw=
lQxYeF+RRIQ=
0/TnsNQa6rM=
opO0v2WVqoM=
hSPd/FPwKoQ=
fzxqe41sNmQ=
ANHRXHUlz4E=
Ge8xAuJUx/A=
dLmBYPHdXXwgL9jNaK89Dg==
k3deoYJLoCw=
d5nffZFBCDs=
I3hgmUPPw/E=
KD4SAFfnVdM=
cKrNVcZD8/Vjt94jss9y6w==
EwIXI9shv1U=
0XmzW2/Lq/o=
OgR19hArbL8=
ZLT99Kq05gQ=
wsyEPAPeqOFchX40tzhxTw==
b8D8+WWv0vI=
V6YkwBSPrfg=
eTttGVlcdPxDr2A3kJ1Tng==
mdAt0A649JULM8Gh3MQZuA==
S1tkhJgm8tc=
KgRqeGyxE6qBCHRd3JKsjg==
rKbL8/KK8UeKp3bFYLiwmA==
rKbL8/KK8UeKp3bFYLiwmA==
rKbL8/KK8UeKp3bFYLiwmA==
sSdL6uZ4jaS1f7Dyf+SqXQ==
CMt2ikNCid4=
dVkSnpnCZmI=
DungMrXdjE32S5kk+TIfCg==
uk/iGEelIomGxni6tqeHZQ==
y0SUfxM/1Dk=
RcPkPjOAiqk=
COh0s4R+5vA=
rDcY8tg/5DEUQCyf22632Q==
tllwxcjvM48=
y4/kfyBOlhWgHJt46lxqNQ==
AiylYejXIUYyf20ZKxwH7w==
Xo9YbSZA6xIxRvsENkCgPg==
FFnC4B/adr8=
+mZFqMBmT9c=
uQ0KOMbODpwsRGaKj7T20w==
/9B1K2/EYgQ=
CoiIlYw/PRo=
XftZBPfyu2bheb19suoJLQ==
1PnXCD8NCLo=
1Dj1BoXZVPM=
VKKJFY3g27A=
eKEAVSz6bLo=
WBVRoY372TQ=
mCXlvw+HKF6aeSl5slN68A==
GJJdQkQoRpN8DeqgZffVbg==
xWHErjgxnst5KS3pAmvHCg==
Kt9m3laR2POEtsHrDFOG/w==
W2PaV6gk+Tg=
cK2ccwluisDvY/gyxcvTWg==
LUr0DhlmN4Q=
R37ITV19I7FFlNtF3ohmxQ==
ymKDsvot3RSzqHXiNtIlIQ==
lkIi5EfjxDAsbUrAsbPNnw==
M8H9yd9xZeQ=
e41MYMeqtS8/fH8zKxY/gg==
yQm00wYxGH3aQKQOavxNtw==
u8WXQasn2vJDPyOoA6d/6w==
SQhYYupGfL8I9uQlsZ4jOA==
lISD0hhA4LdfLgzlxl640g==
k0wmER7R5nBbwU5MB+Y6Bg==
fgW8hd1LN02BBj6RdIdehA==
iXn/VsiWTxo=
T8lo5JGzeDU=
LhDJv09A93g=
9RhoMtuwwJc72jpKNutimg==
UVF/jxtw5Qza5ilK9pjNGg==
Sepa/Rs1FVE0Q31eP58FgA==
7qxvsXi5ZSM=
1OG1sUfHEzo=
MLzhb1EHJJIm+DZPhRf+Yw==
hp4iqOGoRL6gWt3qyrWPNw==
+yWV1ihhKnuXZ1mIWvVKWw==
Dgwl2T3VEXqjCgwdFanzaA==
cPoea5KFYd83JvC20x0cPw==
rwPnzU8vwU8=
aT8dB+rf0N4=
L2Gjtgc/X9Y=
vKsu+SFzQZI=
vBLkZX8DKQM=
OTjxVkw1ZiisVQ6nf7KJEw==
Y4FJmYeSEfUZIzY+u54JPw==
NfKEr/IOsek=
NfKEr/IOsek=
x6s3AKJke3c=
Fw6tflHq0RY=
8y6IL7/lnzc=
v7AzGzIN2jE=
NlXPqRk4Klrrg9PPV/G0UA==
m0nCDF2wLYn560nfiYOLqw==
9JWxLl0N6rs=
29VQQdJryyE=
8fChM7rSq8CtE4mIXJwDAQ==
IlOC5x/qTiERXUVHudWbcQ==
SfiFirhJ9bk=
amGB0dvlGjM=
qbASWI4IIV81LQRyJy7gQg==
SBtI0h/+H6thU21EyO/VqQ==
AhwtluU1CYJ4pgMTQPxx9A==
NApdVYBMQGOw0ev6BF8YMQ==
NApdVYBMQGOw0ev6BF8YMQ==
d9eHqanFfes=
D3q03cR4ghNkJXgC1kzusw==
jC5BhvOIf5w=
jC5BhvOIf5w=
YKiMjqSzMqE=
5zpKTaZTgbY=
PLyZEa9KbsdWcMzKzUFfng==
KPeTl3VU94o=
fCE+wjJ6sz2voDTptYBxfA==
uvql9qbRfDk=
5dbYoeM4pyQB3dRHGIUieA==
hhV2WWulSeo=
4R90iwuelCye6bN3duoo+A==
/WtFJuzf2a4=
sMWurXwHsmA5qkMCgmVe2cm0MuC8XcKw
sMWurXwHsmA5qkMCgmVe2cm0MuC8XcKw
7Itag6PHV+0=
YL5KlFwsFnVe7371rwBdpA==
Bd12xVAnGrE=
5bcXMA/PWWrWKle88FAZ5w==
rAx4ZlDF8mC25rY8WgnlNQ==
LIs6YLjntn0=
13pvMPTAA3A=
g5Jk5YpeU5P+nJUizT7wxA==
QfOcXM+DzIE=
AzbqaPch3vIjneDojkQRaA==
AzbqaPch3vKJyVNROO4g4f4i4BioYqfc
+m2jGn0wkdyOAeDNx1zkcw==
jKKcLE0xirKM0Fci1peWcA==
KJJveX77xBE=
EqpC4X1cYl2thBPKZK5uFA==
uq29oXbyzw9WJO5cS3UNng==
Czs34xlPZOE=
ogwbO2MiQI0=
Hfypzx/tPOw=
KbClTM0z1ko=
KbClTM0z1ko=
JMlOkE57+6M=
lMPZofSj14ExgMFmlM0Vjw==
xwBnaGPdSYfSPACGRs5/og==
Ip/QNmiJ360zw02aGER95w==
yY9LiLAIUOMnKigIM4Gi7A==
ZfP5xwFI5UArdmKGuuTo6Q==
WMWdC9d/eiM=
MVsaV7IwvZo=
Gcca1ZTQAqI=
N9RPgr4jnf0=
GVJBaeb/1+U=
zc0oGjCbZWDTj28vKVJzxg==
wh7dVQicchYZS8Jej1AccQ==
cgyG1mGZyV/KzyILVWBEsQ==
C2zmpTzjXKY=
JsqMRfFBLF8=
X3tXtukLYOc=
4GVrrJdozFE=
gEHmY2F0IgsZR5aIYr8BNQ==
YdMk4ZTS6Cs=
VIS4g9kuHcE=
/oex78VIHWUzgG7sbCUdvQ==
ipo4xXhm1yIshd98I22thg==
4fT6iDQ85WE=
4ujCD+RaexU1vXuuSGbtoA==
kgBzNghrsDUJpQ9n4Co0FA==
BpkvY9sd18Q=
Xv0aO8a8WlE=
vnqEb+ncR/AnQT+im5Kkew==
p+mtVXLI3RoVCAoQrG0OpQ==
tFJGGcO2CAVP9Kv8p3rKRw==
voFnQftk6BcRtU1I0fpgRA==
/FfzVQFfi6dBDPTXDwxjdA==
Gf7q7bN29xk=
MWjs40J6zaU=
T3eCnyQ5lHI=
uTHQz1UOOCMWNsWMPAsPLg==
TB/E8/lJzGHrJHqMKcpoWA==
UDaOhJI+K+loKogFvOpRVg==
LDB3dtlpEz8=
XB6liyIXkuo=
Zc9CBKj3L70=
dNseu9deiXk=
JBbfLBiSfBdErRxG7cESQA==
aCdXbZvp5MrbtDp+aenc+g==
9/AwmUwSH98=
qGBTc9rlbXOAm81ESf5knw==
iELbF/zTzEemekft2tq5VA==
6QrIDrk/Wbc=
gRvOqb4Vb1VotP5B894jPQ==
M0xpQ8CRHn5sQaqc0VGJWg==
tScO+7fZiUBKYzBloIUeIQ==
MJi8CSUwlsVx+Xu443w4rw==
FORYBh338sg=
IRgUjFJFXlNUiUNf4AMaEA==
2nDN3mM1S0Q=
bQIBNxctxlE=
PLzpiXSiGjXd1jTmkkbp0A==
6uvtmlg1bSjX3BTytbZtUw==
6uvtmlg1bSjX3BTytbZtUw==
UpFqfP/iC24=
UpFqfP/iC24=
Jn7RoVuuPS0Vg/Lvuz0Wcg==
6hohZUTL63UrJbe7rm7/NQ==
JKIIVB3yS0Y=
JKIIVB3yS0Y=
JKIIVB3yS0Y=
JKIIVB3yS0Y=
JKIIVB3yS0Y=
JKIIVB3yS0Y=
JKIIVB3yS0Y=
JKIIVB3yS0Y=
CYzXRJ9CDCAjnY/DgN30uw==
CYzXRJ9CDCAjnY/DgN30uw==
CYzXRJ9CDCAHrYacARmFvg==
paVpyBSr3kc=
QOeOU/FvXzfkkcB0o1IZ0w==
lqBD23c5t+7OpKBO+B30iw==
SJnfl2ysnvs=
dKGZaFuVVRKMjXqQ//qKmg==
TWTEoSCpry8=
9RQib572Ry8TPXK2deEyYA==
CizRHO76/Go=
RqdlBm82YTk=
dkZYDhuBXsE=
FtsPOKepDX8=
Yla+8ye86qKg72pMJ9STmw==
ldRFWXpcw9JQ+X/tnpIS7w==
pgl8Rt537pNfLyYRtm+uurhUb8XGyDbF
6Ao59pYOvnqghQtLeGVbmA==
6Ao59pYOvnqghQtLeGVbmA==
6Ao59pYOvnqghQtLeGVbmA==
a6ulCo+PZ0E=
mT9UrFQYTmo=
/gOdB3QViQhWCsjtMjV8Xg==
zuQIi1aOsqc=
14bmp1wdw9NKHqURCionrw==
SwnFUuddLVzwwEr2Tug4pA==
Zkk+bixZWbcsZlUdCbSiQg==
UZytNoN9UrU=
OXO6hrRk3U79sN8UdAFf+g==
X6iT1y10nSZU6xgVonLoRg==
5TS8rJyGb+0lAJpkaxKT9w==
hR/fklXjKUc=
Eix79pgiRvw=
QzifZDv4fUCYT+/GlNCvbw==
FDjk0hp/Ei0=
FDjk0hp/Ei0=
FDjk0hp/Ei0=
FDjk0hp/Ei0=
BXJgHvcJa+4=
UJjodlz+qr0=
2kZzMEUSRx4=
7PPzOXch52ljA85Ss12wkQ==
VXN6Cu9fmlA8k+Z1Zs3y0A==
gGL5BnBNk94sfW0jNhE6RQ==
w0NysqQ/CAABuOBnfV9o1Q==
nVDYtnCJLr3btxs0RIr4hw==
18pvwRIlmbqpmIFHb1FLXg==
hNALRt3GCOU=
ANOehRPpuHk=
yJZgJ3CTrGerL5arsgCVaA==
HfxzPWSlWPY=
q5EZPONvLCE=
u2tKi9DwET4=
YfwUdxaJEBIxttddZMHRbw==
mEfIa3gGZeLrsgaNeFlZeg==
BMR3VS9VhOg=
odzMp4c1X9E=
4mfk1VFhOBIZDeydxNM/Kw==
ACHdlKG+K/DaEFKftilsHA==
UZ5ZmVfAI/Y=
9Q0T8yx4bsk=
XJgZ006MZV4plj3DOyt5nA==
n31DBwyHoZ4=
j4LUclStIYE=
d0dGG9Mo6ok=
KmQ6ymrSEKs=
07SEGDdD7ee2fVAg+Fmk4Q==
JEDzf5LKChk=
JEDzf5LKChk=
6+2h6fmjx19ns8ab1/Svlw==
KJ2HfeLYph8=
f0UecFClD0E=
RkLGq4qM4JA=
qx8rgYgc2J8=
VAF6HPj+T0A=
zOZmpLsLmAA=
nWaxo6gizUw/9r77jjN4eQ==
OIJstDNe85GIM73V79EV0Q==
5CMsXx7QQbiZyPz7ta2zmQ==
9UY4zcYoYrw=
m5kz53GtCB8=
ljbm1qviQsg=
1MW+Hz8iF885xV/pG4EmWA==
3KhzKbeS/Vw=
Z8tvR57MbCQ=
9SaG7TeRQsAQ0McBKUIbPw==
dKQhXyjEiZHov/K3RSOAxQ==
YuLpk7f/eG4=
z+sEOimiv1w=
zvUTbyiqwUls0dEzxtKVVA==
mZvWaMYsBo0AlSXvSTWu0w==
CKJmNAy37gIWAKTuiKPWOQ==
vcEcEBbIb5M=
vcEcEBbIb5M=
vcEcEBbIb5M=
8BBxQLqyZZFHQR4cAbWD4Q==
q3h8Z4xcYLg=
BvWtNrX7dc10g8qvfJB4qQ==
NWun/X02JQy96mrZ3bNB0w==
sBFolM0IT6Y=
fkvi0566mUY=
ZcKowQbtwkQ=
Yjmo3B/xQms=
Yjmo3B/xQms=
0DvZSNVEa75R/knivWpPVA==
IKsYGADuHFuejbzNJ2C7vQ==
9cUHBhsxxfc=
MpajF4h0lmg=
n/xpkiVA9rw=
8TUqP2hhY9A=
uqpn7uXxSj0=
sbl4EyuBdGa8Esu5Qm8/MA==
CpNPAbWqC4q2YEDu0p64pQ==
T2mHCkw9FSQ=
4ijMxMnP6OGSKcL9pm57IQ==
sBY8DH0ixs0=
vNhtRou8LXA=
ldWZ0vKtlLs=
q8En+GMnqSw=
nMKW48IY/cmhY0YgG418rw==
q/GLoc/fgqA=
WI+9vu8bfrmfFJLLEa9LhQ==
3AY4KZ9hS7LwxZXrB8V87Q==
RDvMsNlzXnj5wU5pqz2eeg==
mlR1J5UXDc0=
CAvHp7nAlYk=
JdMIKgHho8U=
w6awRy6iWh8=
e7r9qGTsFPo=
9BmzfLWo4Tg=
bAl6q0E3TXA=
3qfJlVbp86M=
s1ZWrHjAn2GO+k6wSRekdA==
ANrtwxZlsR2Xlq2aDQi0HQ==
ANrtwxZlsR2Xlq2aDQi0HQ==
ANrtwxZlsR2Xlq2aDQi0HQ==
tfkP/nyhSQeaQUMyniCCyw==
9+QJX/YhVQM=
0a0f8ow5X9Y=
+voyZSjQrmNqjfJOpKo4zQ==
ej/Z4ruR3jv4hVCDnZskAA==
c8fm685CyWc=
OUdDJYl6UOI=
ECEsBm5FzgD1DlPQmeXrsg==
NBatyeplPoelxcwmlOVLqQ==
p6CkwIRd38M=
WFFu+QQoOaM=
+g0fIdyi+29Se26hIFNa5Q==
9tzAk7vOvAo=
9tzAk7vOvAo=
Y83JUNdPbxF1g6tUqXJq1g==
YzAyQiSnHPg=
YzAyQiSnHPg=
+L7iMgsqhZPaqugdyoYDZA==
tskFaIkUo1w=
reU0zFbzp2rtzyxt/xIX0A==
yAuJcu1AGpw=
XSWEXqyXwUo=
03Bf8Ih5F9qfeEMIo2OjCA==
Z2u5r9s+1k4=
65JFK93Jriyvac+c5nwQbw==
GK25epU7Lkw=
K75+phzFiJo=
LdKLgvvffoGinOuRhD0LuA==
AXHJNaP3/Nw9ReXo87f0lA==
9ci0K/+KztHHHszHPRu9wQ==
9ci0K/+KztE0eQJQ+dYEJg==
4Vtd1TNRFyg=
u1IODDNQkPQ=
yDj2O/qxesM=
v4FJqJ1iYt0=
WYy+AXbzGaM=
zfDoGWtCRS8=
zMzoMnt0nWk=
EfaxXuYWgT0=
uChwzds7GWgvOQeoIHy02w==
i6vx+Wztxio=
6WUNgYLb928=
ZCwQJINgqPQ=
vUoqLee+ywpE3jGKtR7mxQ==
Aldj+HJIEomezMjqfh/2aw==
v74juXN9w3c=
xYCbbPkt80ovfdwVLnIlPg==
HAtNiED9pwY=
Gr7v8uVxCTg=
ah0T3eejokc=
iyeC1aN0UB0=
6VUJiGjrLXU=
YY4wLho44Tk=
TvxPW5GNMes=
iQnNnQVamUM=
EyRbhORWtvw=
fYt8LxArjxM=
a6a9Xtzt220=
oJli9k2togs=
2IJ9A8BZIiI=
70WT7gxSpQ4=
0xrx7gvR+tSzuR1Zk+QwPQ==
0xrx7gvR+tSzuR1Zk+QwPQ==
mCRRpjJQHeA=
NXkagN0C4m8=
FTLr/vOYy6J3dEP1Rytidw==
nR+xOaFKKh4=
MLBhOzZG+9Q=
7otdopChPJyY51gfIOVjJQ==
7otdopChPJyY51gfIOVjJQ==
EwccVWmLt5E=
/9kGVLPA4Mzr60mDxh0RuQ==
inMSRjaYfHsWCZ4gm+qAvQ==
pcHFqqivtuGfbtkOLk9vEg==
3Z2EiZQSSpUzvOOnrNbuAw==
Y8bes64CXD8=
yGz13y0CtE0=
yGz13y0CtE0=
AGI3DfgOKKU=
lrNKTNJ9Lnw=
lrNKTNJ9Lnw=
mkKuXwDj5PADLLy6dZ6IEQ==
dDNtyyuUP/uodmWthtt98A==
WOLR68bNVQg=
TX2IKy2kHpG3YXTEprCC6Q==
c481h7/ZVATWRu97CJPwiA==
mVBvQNJ6iQc=
8LrBeQ6psjE=
iiUH6F1PIwc=
+ecA2/Chc+0=
uDMK+ee3c/s=
7C+O36zpiBlGsR4h/7d9bQ==
GZtYRKjWKIepeU7pJExGRQ==
O5Xv2FiChGPqg5InCuQKTQ==
vSRGoOSClcI=
EQp0mbCJAVhGKfM8Jau3mA==
BNk4F/EKa3Q=
H1TtZImnxEd1EPqmLZrVwQ==
GAFQNZJ7IezDPfihLs9tfg==
lEo+4ok+5nGv8VnS4sRGvA==
lEo+4ok+5nF2r+0llNcajw==
FsNwQvYnMTw=
CyFnrRpSC30=
PNlAFXGOTps=
5mtNiAr6jxo=
OK2aXxYoATs=
6mobU6hdGdvSP9WLVTFUXA==
3oyDSLj9DiPhRPD3ZjuNqw==
vd6xanEkqNZOv5OnWiHNqw==
vd6xanEkqNZOv5OnWiHNqw==
mIRQR0H/0ttWPIgn0QZIi+FzVblzR1z7
DyTPDWqcHOcnrOOFQ5yxrg==
E99xUe1KpRY=
jvqAO00gFTY=
dnBpPz9Eb9E=
vLaqAsXo6O2OLqBn5MkSzg==
0WsTeM2fXX8=
YrggEFwOF03FmbW3kCF2Og==
iYHsBJScJm8=
yTOFFF2gMONZ5uFVRJKH1w==
ZheHMDH+F2c=
lVmPcosp2B5R4LFYyY1U5g==
zEArtWOwE+ZT+8z5ovqHwQ==
caa2Qcu0xTY=
YO4zWRE0hPKXyIR4+IZeAg==
h4P7iwO3fFp5PkGMCrBLrw==
YEU0WfEvEWU=
a4fspElFqzo=
4nsYOWGhCl/ipDdG6Zkr8A==
HBywBu1CocQ=
iqj/GnMrcAEjqeUbzSeNBQ==
iqj/GnMrcAFA/pd7x5he3A==
Rp/Jrg8+SpE=
Rp/Jrg8+SpE=
av6UTRlblEU=
IQSWl95VuroEbqD+GblH7w==
BlZBqtKBYV7Yx35tU74vnw==
fdA6v4jmLxfjjgsXO0O8zA==
M8aTbG+Jk50=
GhGkhlD/OVA=
1bSIik2t9Cbopp6OK6Be8A==
V+QoKqy+zBynxduPBYqQfQ==
hNhcG4hS+A0=
gllC2jafVjc=
Jcb1GAL7K8c=
FC0HHTclmOb5X8HNTBFrtg==
4bg6GBzWKuEpmOq9Qf2KQg==
srkcoECxFqs=
srkcoECxFqs=
srkcoECxFqs=
c/F1MkLVPG+YOQmn4RoVtA==
bHkExep5y8erfKk+roZDIw==
PdG/6eGpPeE=
zbR6oDE7kdo=
d0JMpwlmt8c=
DS7zE5VvKMI=
uXjSAkkfw8Rs81E5tKagIg==
THnhMMXARyjQJgqv0B9j5Q==
s3wM/qYlfXvMXxMY281/+w==
k543sUIjasI=
nh6fIXNhaN0=
lXorhoBnnCk=
QbdfA9baos/zkEsaH4aCQw==
xylX87b+f3J5/DURCcHqKw==
3WUBTXA+3y8=
TLGYfrP5pQ8=
GeX1cKKoPr4=
skCjrz3TjYs=
IUHCQrj3zktCxW9JfDxasg==
ULQhYEjxgRe6bBL00hcIXw==
HYpryd3aQYb0P070qXzV6w==
w81Vup74STE=
s/FcIWQzA6w=
xu1u+vPFOE4=
7AX6RDnW7FpJDcPHXPMnjw==
yfm0Rzy/AVNtprh35poUyw==
jpBl7QmTgFc=
jpBl7QmTgFc=
jpBl7QmTgFc=
xesWQZZnVlz79HFwld14vg==
yatn/niCtyeREygbFLzY0Q==
j1GS+fuuuo4=
M4cnlvjULr4=
HeJH2bofMzMKDPhaFUDtUA==
xdvlKtlXzQIQh9fdEjhRUg==
UQDFjnvu4oZ5V4RlHskigg==
1SvHCIq4Ssyrx8lnwgHZQA==
+WC0DMnbBVachrZSgeaPlA==
B3UqLH7dauA=
6HemITEDh3QFcPxaQTLR3Q==
mY2KfdADrqThI09p9peTZQ==
y392oeEk5Q8=
yrprK3e7DuE=
5UgkEb39tZ4=
inmM0HBDF2o=
SU0CziEuGmEV/8QDTA29kA==
QR180F8AB+FYFnbkxNS5ug==
hcNIDChKzXI=
3z8pl1scb2c=
z938U+f+PDg=
tGuYOoeIm9w=
SrIcxpKbijFY22QZclvivQ==
auats3SoYd6XHJuNFgIyzA==
zhocvVLi/0U=
WsZTswzcXNpT/SZ2imcwWQ==
y8tGmi9hJp0=
WZ+XjA+/92g=
KB+1G0T8SFeZ5nOMwg5mXA==
2OJ8SYoQ45DT7nGvAodrSA==
6lL7r+avUCHeW5VoUBq+HQ==
yA4amsXjx1Q=
yA4amsXjx1Q=
zZ+7g1Dy0Tc=
mCMup+npafuWjadVY5IDnw==
Y/lWmP564Iw=
6WOsB9IG28G5hvNBGi93hQ==
Eh4lGPysSig=
EeHhvkavqW65nDNr/+ud2g==
iMzmOVvxY2Lax8CEynuQew==
jfOs6lPdsliUuw3UYkAT3Q==
qNqfCkv7A/E=
I+UHPoACgIE=
zL+cOafbInI=
5SPMXZIP8hr7uhA9XoUGxA==
5SPMXZIP8hr7uhA9XoUGxA==
1vzk+8KqNXAcNtuex7hUbg==
F6ggH4N9KZk=
yXjgcLhgLWQ=
kPps4qxEpjK1liGdRsrWYA==
iR9pdQA0Yfo=
oCKRDjgxw8jCA5fCbcwtmg==
oCKRDjgxw8g06b3dj5ynUA==
n9JeNxNVDpHbKwz5OEo6KQ==
n9JeNxNVDpHpUAEcWQaAGsgqp5SsaGaA
fne/YTSwl+g=
fne/YTSwl+g=
SRpy4+xTfMo=
SRpy4+xTfMo=
SRpy4+xTfMo=
Cp5WOreIXUh4m6U2PPklZw==
rRCSnAWkAsouFK367iHy2A==
m82bPaBlNriFTgPbAOzCAQ==
Z0D9dSvXTcw=
t5GP5Fepxa0=
i8tMS99WR+0tmxZRfGu+mQ==
IXox+j0jRG8=
py6FpcmCRGY=
+hlpuSXi4xdeCmmHsmagFA==
ng5/i22lAqWObhpT2VH9Mg==
FO/VPSmghhY=
uxfUMAifQ9E=
E0+3afmPTmcxTFVxGUZmpA==
6Lw2icnF9AcOko9dqiADfg==
tdu4CJRGfLY=
CtwFV60vsmk=
1WUVI9L5+9M=
SeOddKUP1Fw=
Vp+wTpJ/5TodI8a2EAkZjw==
RqDIb06yErY=
c1PygCbRYygl4ICetseKGg==
c1PygCbRYygl4ICetseKGg==
lyx7CAZgWVI=
/4cwiLNMZjw=
LkZVfQ8iIfA=
60mzwx8aYzqnnkr9DKmUHw==
85XkErzz8ss=
eqV/9QtAHCI=
cRI5U8Cc64RGuaxIwwRXaA==
R8LYWrGoxRQNZ0XEm5ZM1w==
Jd+V9Iz4Ca4=
at9IoTy1Js4=
at9IoTy1Js4=
9345m/UM1qSz1Hjc1pbp6w==
+3pt5LLYhHxi8xsWEITmOQ==
BqRZxesWFfY=
BqRZxesWFfY=
iD5VzfuH7ac=
ObjKf+8BQDA=
0S/5g44rq6U=
SjSXEitHu9Wc+fS5hgmsSA==
2DxpZn9bj9V/2LQ8qHF+wQ==
JfFL0J5YCT3mzis0uDXK5w==
1NfLLNvH05Acw0VxqH3aNA==
ztzZsp6z/mk=
e9XyhrOUwr4=
Qux6MiwjhqpYr91Zl/tTdw==
Qux6MiwjhqpYr91Zl/tTdw==
Qux6MiwjhqpJ7bCtFhopXw==
PjOnK9UzbM+hUhOpn7GtqA==
PjOnK9UzbM+uVqqzMovqsg==
nVKhVUUUiWJxuaHQEuhWZw==
nN07CwqMHuQ=
2D4wF034AbsgMr0OWGYfew==
lJ3xpvPhBEQ=
3Zyy2GpB1Mc=
eRD2Va+U0lHBPyJ/4EpJLg==
/4npNNdzQSY=
VLlWthPbeFk=
u/5tnOKWrdVY3OtPvB4xqA==
4DKq7w/mopc=
WX2hCR1xdiNZqPAZkiNawA==
+zsd7UOSH21GJEWsIMN5gA==
onHqZ8rk3Hc=
nNtnrMcOg/8=
SKMsPNCM44U=
QsmZtN0Qn+uwrCfpMXwCtQ==
e+C2PW5K14G0WLufdX3Ccw==
Do7CS9XK8SY=
uS9l9X+j2tg=
m1Mfjw/5gmo8pnLndauSxw==
IwQGv/jRwyUQeg77oyNQwg==
dYxOLpXx+fc=
7RA3qmHmzw0=
NdkJnSjtH0o=
PMXYfwb8+wk=
KYqWHfdKL/M=
XKep1NeR2lL4H4Fc1DkxBw==
aAGpQMm6ZzXLU1JSYACmvg==
vb8pcr+AQ57tT3n9A/DfVQ==
SsiqbMjOMX+l0tb+2thG6A==
qKpzp4Dsr3g=
i1SuS0eTB+E=
tDIoTXrdr38=
O8t7CXq09CA=
D9FNEhGVWbZLMfXhofzeoA==
1XbdLLKmi50=
31+flGj2dEk=
L6RyWKaETFA=
L6RyWKaETFA=
CYRbpky/JC8=
pnSBcMKgbAw=
rRDK347qmLY=
coPLohoqKI8=
coPLohoqKI8=
E2NkvriuTGg=
uwpw7w3/X/8=
+5XkLHJNofU=
UsGDtT3waCL/dM6YBtEHqw==
Jhp03qhsKUU=
zijreZEq/dg=
zijreZEq/dg=
zijreZEq/dg=
rE8BVHPRk3Q=
HLMkB7tR5slBeQM7AcUQUg==
WezQmZQqoM3aXzgJBg6i5Q==
A3H5/AiuSzI=
+8SdAWtub/KjmOgLmWzJUQ==
j1e9bFRH5kUyqdC6GqMJ1g==
BUTUM/ragEQuzQnaepk2pg==
+K4RJOxxd+c=
QFQmfEkR6nR5zAGtrkGsaA==
SnO6F+PE0T72AwLUhqZjow==
9Q/UmJbVMNY=
hjsfP5ogObxxbp4xT61VOA==
ktyTW0Tln1AjueLIFSzz2A==
2qdZ0rvttytwJzT5RkpWJA==
K+B2/yUsRkAObuJ4LhGMuQ==
KSV/nkDEV+w=
aSBEvQlf0Gq5Hhyes9yIyA==
0uUyhXb/4OR8Odkee+oolA==
tZi8ACzLXP0=
DkYSSgeYXQw=
oeaKaJoRnmo=
bzpWJKnJdU4=
/w2vvdoL0yQ=
/w2vvdoL0yQ=
/w2vvdoL0yQ=
/w2vvdoL0yQ=
o3U2zlSo6hczRYDd7XJj4g==
D7XbJ6cRskyJ048tjDoMyw==
pwQu0C/DtkxZTskYMD41mw==
PCICl3kGz/j3eJhlnVWA5w==
c4DrV+9Pdco=
Lc47XWT6Gfg=
OiWP/+8y2wI=
81n2Fhqu5V8=
DOrBuf9pRNo=
zQXVaUL+UlvY/gOtdbhhNA==
pAP3T5NfGtwBsn2f9yQH2w==
zqZJS/1aceMag1DnxtOplw==
k4L3JBFl/yc=
CNQ/7jVIfqw=
4JatINhJxX6noRnJKzKcgg==
GB70Aaiv6m4=
BYfneMaBZiM=
d7NHXhsD7m0=
RwNuJws0wIHZGLpPBfRWoA==
ihJd22x50ddp0+pb3i5yvA==
YcPORB4aUx0=
Z1TxDwuuocZSbdfKA/PGPw==
Yk/lBbX1VLllbZD9NDJViw==
98WnufgNqrM=
ClOnHHmc30I8g50bPlp2LQ==
T7DVb1NArug=
EHlsvmENmdcloXwrPU9zIg==
EHlsvmENmdcyH19ru3JuZj8YLSQyeG93
iUP6XpjBOezUa4s95KFEVA==
yOdvJFZSGblx/AVuboA9Lw==
CAh63YGBt8bXJ9dTDnqGVg==
AfshlLtqhLLgWtpz2MtcaeyacX8mXMSb
AfshlLtqhLLgWtpz2MtcaeyacX8mXMSb
AfshlLtqhLLCFpziqWmPMCxJ6O5Xjelg
NY3qH4ATVsBa08pxJVtn/w==
GePV+2VR0L5MD0ptfs8jbA==
010f4ri74r0CUt1hk0aCUw==
AllF99WH5Iyu/tFMf49Xlg==
xQnJcNv1DqY=
U0ELYGqbzcM=
LidmN3mFCBhogYxGEel0Lw==
ED5/rAA1pi4=
Gc6GrLlIpis=
KZxkwlqISi2nByI49RH5sw==
KCIyekWB0xRcQ/Ox5hDf8Q==
ewpjJgaAs08QP2/L8RkuCg==
x95+LO6YJgAsW2oMR7ck9Q==
wAW9G5XI/dejVgN8JoDKIA==
XF8PUOwtL4tld5431Rt3bg==
NoJQ/qQ5ASU=
GnchQep/aro=
SR9aAO6jXro=
w4RnHW+E0ZhNeVDCueXi6g==
w4RnHW+E0Zha1l2fSQsRNQ==
t3Ur3I340qk=
JQ4bwWPV4aaRKdxtTafZ4w==
Ev2kiC5h83M=
TxHCeUb5sDch1xlnlRm2iA==
1OyzzQp5vFE=
2ToTCY1BFseFtSEjMWGTBA==
syYHw8fXFrg=
runAGhYqKSY=
oGFG8PJRmB0TOZ55uXCTmw==
8bAw90RoZjk=
MF8nEyNtiXROE9VcOxahsA==
zwgWvZX1ob8=
N6bFiiMUs6I=
4MDGKm3MWJs=
suhy869m+Rg=
lpZUWEDG/nQ=
lpZUWEDG/nQ=
NMu+PwZPjR4OP28g56Vkkg==
X/FMylyqiJ0pATcj3Q1E5A==
BkBx5lUKTdE=
ooC506UqjaqlPRBwPy+SIA==
Ni/8mnMhiLRqtBUnXGXRMg==
fINw2ie6lvA=
fINw2ie6lvA=
f024GN7qjR4=
Q8/hxUIMIfOYy6tJIwMfJA==
OYCQYBBVn9Y=
gqZcfa6NN71YYTwM6PVNOg==
pqSlqThrWDI=
G0jC4acY3Zo=
YK2iIOB9i1a6/BDpku7ReA==
YK2iIOB9i1a6/BDpku7ReA==
LcLOl/tFIlvG9bhS4yJlVw==
J8ZTVN0JYmujnY5jYR423Q==
bBQb8OSzboo=
bBQb8OSzboo=
WRu6DIt7wMT2txmMyRSbSA==
mYFasQd/5Lo=
FdzaMz9ODMv4+6bXuVpjrw==
Ou8XQndBeXA=
O7fsfNpib3E=
VUMqyG+T8+0=
VUMqyG+T8+0=
+me6CWxyYss=
xbBYc/D/Q+g=
UqFlokgIDjGeLt4S2QAFlw==
DHUAhyRtZPofpa/9OwsCsw==
Met+k6Cqko4=
ws74SDFQ6pp61CVHTravUA==
YqYd5HL6hZiw4gmGl0DvzA==
8MQkAPgnBSI+lSIV/d/JpQ==
pMyjJod4nc9DiRQeXUHnJw==
hiAowYSnI9w=
o469ij1nJgsCvWITTd6o2g==
9+yay5KsVhw=
Ws1NZ/8vF/kGYfTMJJQltg==
xRxxPBwJlVg=
BQ2a0KDFzrlBgmlCJqTrRg==
vbJjLHVabu8=
iUP6XpjBOezUa4s95KFEVA==
yOdvJFZSGblx/AVuboA9Lw==
g1qIhBpemjm2ewUDhLMCTg==
78OKGT5tEuU=
kH0Bwp2ofto=
1YzoUHrV0hcZKThH5jTj5A==
YEUia0YgPCImQpzQwQTMcQ==
HeeQZqyFPEwnfDb8hEqoXg==
jiQYV7/TW8ttHNlVXktzOA==
qeNlVIJuRMs=
59E4TyvNhMTQtSU018pE4g==
r4aALSy5GX1fPa2bSjkR2A==
VhkjjutIZ+g=
ZVp175blwzw=
2VjliERbM6SUu3PGjtix6w==
v9i9MEHEDjY=
+/AwEiTvVK0=
B+IqXLlRLTHM7vdDJfr09w==
e/DKdF37sVe9DClaaZZEgg==
uDEqNZ/sWAU=
1zqCikA/tKQ9IXg5KPB4LQ==
9dWEV0F4r/caxMHDY0BT9Q==
YRxCaLa/CsY=
MTdCPpDw1CAuD3aOja94uQ==
EgjVnaMLwCE=
7GXgpmhe4LE=
hs0IVJerOYE=
lg1RhHjQRUj4YvpK5kIiGg==
/hESGgrYcLM=
GrjUnit57BdawG5wLI4fcw==
mqAtqozHO3GzNSGmKMHBkQ==
i5xTuXprWb9HHiVScvzfhw==
vpYQF/DuvOk=
Ee3qRNXtUPy6NbdMgstULA==
8I0gduIiGdc=
wh65ElcrK/3nVM/lZbIIbw==
M45vvVrF0mI=
CVPRYtJat0w=
2YkSJvDgkOQqpXAnec/ElQ==
JZf7qiE4AJw=
qmLAU1eLnig=
6EhiZs6Ox3c=
bS29Tg93W+Q7iGEvQ97s/g==
RheZJEoAovw=
nZf+B+BKSPc=
qU/z4PULgQk=
9UeCGSKc/IE=
E9ccj+MGzXOemc6u9rS2BHvSQemkve5k
t0C6DnMkDe0=
oopKxaRIx06bjDiblwmuqg==
gIZoFWeIcDw=
2CvAkJ6P/Eghhs3QeQE3VQ==
sJ2znJiZHjvEMTih7w8mYw==
X2RUGS/ZlaKb8rha0mMQEQ==
erF2047piUb4a9CCsVAL4g==
UcMAJC4P9OE=
bbYSwCOnLxs=
mRvJELMVBf0=
Vvkhspd05i8259PjO20ySw==
EzOhXjZYRj2L6IGO7MyhVQ==
AbS4HY/kkpo=
g7NNMNCz9YY=
Lg2tOlth+Po=
+cVBjpY8wmVPkEaZbixizw==
Y1P1a1nCC3c=
kdRIroSTVbI=
N0Y8ehCAFZ4=
h6ANsXfRQ2CCcJB5v+3BxA==
5wou7iL3gWQOwby6MJwNQg==
n4fgs3TShhmyXsfUbiXrJg==
n4fgs3TShhm2XpAkw1Y5Dg==
gfAaMlFNvM0=
XeXg+E46iXY=
we7qSmw1PIihd/rj4Wg/cA==
kjjB3t1+X4XSv/u7fBjRAQ==
sxqL4DD2jdsT3tU6P6vNqA==
aHkfBaj2nB8=
QX9ri0jlw1KL4Ye9bNJFxg==
h7FHK10nqRK9D3aAxI+UBA==
mINtFkLvGbGhJRV3wbmVxg==
Fj7nEFcGITQmldfmVPSDkw==
2dw10+vBwjk=
yAtEwNZFHKSY55Ld3nIh4w==
xqEQTA8kzPp2m/hANCTfBQ==
k++r2PqstGP4gVNt4STk6A==
k++r2PqstGP4gVNt4STk6A==
KBQx+ntK6bbQbTiCx++/gw==
IX74Se+zSWideGdRQGMm1Q==
zYT//3XSMmLQVFTOBY1Ngw==
aMH2h2wbyI8=
1oc2e5WVcpTKpD209AzCwA==
CFdrBkPFyfs=
l/5vNImtswaHErwdiGtWOw==
3+nEm3FI6KY=
XdBidZtbLlhPfTBoAIvU/g==
OkPr0lsz8PBL6CEKY9kg6g==
jiQKqwmicYg=
DXRU6h7bDc76bzSUUlOoGw==
v36zRzin1xg=
DgVFEhm5cUM5lapQNFNiug==
kqvy/nUqohKhp8SufA9lfg==
Qww5I0Z88IE=
LWvIesObAhb2BlqaTKv4vg==
oGRe8cg4nUk=
sKm8buHgDtg=
IrhYr+OFF+yMtr2qallx7g==
IU8fcGLida6OrQUzcPfgqQ==
pPl41dACThg=
Hq8R5QnlttCFpX5DlTCHTg==
CEBWZZCXoDGP8y+Of5jmbw==
sO38MNXqUbxDySiMcaTs/g==
ilQfhcxQZ4vVv6z4BlFu6g==
pT0F4gtGcHPVDD57kF63vQ==
WDPnkUsfiEZaCA0IxTYFww==
/mRWSbhOstw=
/mRWSbhOstw=
X5lUk7pfGBY=
yHnkgNhBqWg+X/WlrAw46g==
rtzqs0Llodk=
busw2w7DXa0=
fdvvW55eWXc=
ts4JgP4uPIcFIQUlOUGsTQ==
ts4JgP4uPIc/gk2+mDRu+w==
De5d6kjsVk4=
XqDIq8Iw53E=
7lQp/I3zh4Q=
CgClqTf1RBo=
DhgRryI70GY=
Kzjq7EiAD60=
+An9ODKewm5yxXjBkBSqSQ==
6RmvJxtCn0E=
pt2dvc3bsdo=
YEa5m6ZRfGC9bXRnVjmBoQ==
Vc7WQL9psws=
fh+n4xJuqOf6Ol/WUcVWaw==
aqlnwU6leg0=
wxYpi02GI0o=
BEk8qOQm4/u7cCCghKx95g==
XXYJjEroXWcVTMB0JBdOwg==
yzshbsvDf80=
RWWX6fRs4Zv817vFN2ZP4A==
fPGeu+SnBK4=
c+CWMbKuLmk=
+5X8pg8aLUQ=
JskNeGEWivo=
C9eeaNSXn1who5XrEUkJ9w==
MzZeilIB0Ys=
BJoOsnKoYCI=
SOgCC5d3uZZHFXUYK5tS/Q==
wAP74xTHs7QVgymXzyb/nA==
HtugAiu81xw9LuGwm50p+A==
vaeVsxUjdF0/Rijt8jk22w==
aisLv6rz9aVP2VajBUrRmg==
unZjV8Yfsno=
O9B1/j99FKQ=
s9ge1VqEopU=
bAjI2xi9boqTsNOD1aRLgQ==
FdhiDs87eGjUutcm4j2fGQ==
NVRut9lLmeTq1z3rGWGa7g==
guUL4IWkbXee+iHRGdC+0A==
9wYrP1LfCcU=
EJfIjXshfMo=
8v3REVJ478M=
x/KCqO7FFL4LvIVvApgZgg==
XS4FQOCcXMg=
XWHMp8lTcuvhvZHMIF8kng==
b8fVnxJxxtTeoCo06ibRVw==
4QlRpFw4C1fRHHbQXaBRRg==
/8xvvTAMejM=
r+3XFc/7Y1OkrjquyBZpoA==
X+xz5oYRRveWLoNhnhmoHA==
1bVtkk4upuM=
UbzXDW+eyfA=
18GP5Jk8lDY=
0P8YDF9oNXeVLZRV8bscGA==
rKbL8/KK8UeYOvFwd29owQ==
odBE2BxHtQI=
2DGl1xyEhOmFCpIlfLr4eA==
nLyVm5CVRJViVvn0ijYwZQ==
aDmr20kf49Y=
frnhAm8y8UU=
OLn0d+wntePLpQUcsGVojg==
OlaGkHMzdxs=
eFEYEbiAFMs=
6vgNRWAUIPAOO4GXtWKfIg==
Izu6V+j7VM0=
UxOnraadkkQ=
64mpAVJTE7w=
KAumvcPaGEg=
ndWdxWyoMcA=
zLr38X1yuq0=
foya3Kq8SiU=
3Eo+skrPQGo=
DDiGJBjTs1E=
yDv/3V6taWA=
AyzfkjqUySI=
WuutxHoPoQOE7swEaATIKg==
JhBNXyzPLIM=
CvQDtYvKzTPPuN4y3EXgXg==
jFufWjoMWKwzhu3CSP67gg==
RDOdEsTZCG47/wSal27jRQ==
rLFDAOFxTtB/+0SHygotjA==
Yz/LTTVDlmQ=
btyKu9DG4u0=
9psHD6+Ahp0=
yHm3I3ei5SJODH+vAVxcEA==
k4ZXkKky5VFd6QRdZTWOUQ==
9xqeHEC7pUc=
CiPWgBkVGQ+fHZnLuMlKYQ==
0h/K4urN8ww=
uVTH9xt2HIo=
x7m8SZ2bj534PhiddFHRJA==
JbP7c45JYt9fs07FOHsH7Q==
TgQDL8vKAO8=
CIvdyWz/bMY=
knR/auTbX/qd4xZ0opmDug==
wrZxeZPQ2pwtTfpZ+unH4w==
bjOGNDaQTmj9UUH3l0pEbw==
ryj1V9Ml0tM=
/ufBrcO1ut8=
uRrzVHL9rd4=
AP5jCMiqFpQ=
v9/iI5wbStw1q/cVc3IE5Q==
KBc6tiIjpw8=
b8Y2NACmuEtzrLghzkFYOg==
WHkSZtNZCvY=
B3xN2nXKvaM=
/YHze7pCPQI=
ry1dOgWBBXk=
CVHcZrmSvtI=
8hdUGJ+nSbc=
5OZ8FGWtauImibuK3rBdFA==
qnhpROrxhNU=
7fCgM8FMKVQ=
IADiEuwPSdmf6JQAIy/u2A==
lnQP1sr+yKXIaAtuiSMFAw==
R/X3kze9FQA=
e3ISAVvCyhg=
J/LUbA6cTPE=
Lbd2fv3hmN0=
CTfz6wEqatN9RevTd2Zasw==
10tHa4Vvmpw05iQrZW/eYA==
4iiBqtYZNmLLGTI+i9N8lA==
tzqAzzdPNIcNY3anzyZjK09J3BlLtvy0
mqC+njs0hm8=
4r5xuiw2MTLPJpY8GLd9Xw==
dInnnMIvlbg=
65bZLp4XO+A=
mVt9kpRYBM4=
7ca0tfGWKyw=
xbR6MGp6UUJ8JYokT16LGA==
+IFYTbfaExUzT4aweRicyQ==
zHC5dnnbE9c=
bXlmZgzrdig=
zQn8gLYuVEQ=
2EBXODFnNbo=
wnv57sYndydD5WDUY/Nodw==
ZHipOM4iQYP/Jsx9MvCK4w==
NiCzpfgJCIJa5jA8pPD/Bg==
bRV5X2yFfeQ=
tEh+Xa40gQo=
lt04BhRZaZo=
vuR/Qz0R7aRrp50e+R4MUw==
5fFb4x8MPuEikJzKA+/XYw==
iupxn+TvlAk=
FpH8Z0xEDmTcZXkl8BD6ug==
y3+dK6PXB0c=
YS5oMb4bL55a/4RJzpHv2g==
+XFwGuMyW44=
D47RE17Xsbg=
hzPkESfhY6o=
pQwr95Pm+NI=
TlI53jriNqhIIJRZqQVHcw==
TlI53jriNqgC03TDipLhLw==
ZvnehxOKgWQnYjhl+Z9dKA==
eo9f1X6mv+Sq2JV98twK+Q==
gKiUOr8HkbU=
tfDbkhXtn25/0ldmVb3StQ==
w221bAPm8dE=
e3SL6c7BQVo=
ea/oi3cSmzo=
qH7eX7p/s2M=
FjaCowPwZa0=
7Omo784F3t8=
gM//DduZUHE=
mbKYnykE/8A=
Qtjk/l7hyTY=
mqLXzz5Ir8k=
/jP42I167/biJCLQKr5eEw==
7708S5Qua7ojPgc/JHQjGQ==
IQo3Lm8Ud6Y=
hQyQqPmPiV8YPKT6EQLxhg==
XMoIjstoe8g=
RztlSJg/Tre6tCuVGgR9dQ==
eXwjxLu1XxA=
zWNMb7K299U=
Gr20IaTceYLfYpCwXCsnbg==
IgX6W1AzSPMDOdFkEO5Hbg==
9ora8qN55Rc=
NbswtFrFmZI=
EwccVWmLt5E=
lQvjCc5Lguo=
Y3J4hH4X1Z6Bp/Mp4zah5Q==
mNZWj4AKJwo=
3hvn3UOMkuo=
+rM6d1JlafY=
I0z4vdMaV7I3cLSm/8a5UQ==
I0z4vdMaV7KKbaumnhuPIw==
lx+/vmxBX+JndLdltxgeKg==
0FqM5ia2/jbNEleySrdpUA==
yGz13y0CtE0=
yGz13y0CtE0=
v+jomQ5Rge8=
geNGmn2Fv64=
9KBHVgz05LA=
6K2H2kYjhXc=
1D1B14YX8VHLaCJ6qdBEGA==
9HkQSI1ofpno6nyd8e7Dew==
x6/hYjUy3dFyUQx9ncXBjw==
7MkMDVH8RWY=
8PqhYxxD3WzxUaWLY0n09Q==
n5M0lSRk0ejAF3bhImFVxg==
lJY39qhN7GVto1Zehfvc0w==
1Eo+b9tft+4=
57hdMrnYewc=
O2fxrZiYtFg=
y8krUK42Mkc=
IfeYZXY2n8dNiW/8uiTB4g==
F0EYEHdi+eg=
W5UvKdy3uOI=
EcAFBKx+OQgzW/NPZvfWNw==
vuVrDFs1UNdZyj77mMGKlg==
dAIClNUjjk9VXsWss7wBBg==
VDtOK2eiyXM=
q8q9/Z0xB3R3KyYjqJLA5A==
HXwNC6qrS8cSE8NoiFKGwQ==
yR7oGo/zkYkYFM0+AaOK8Q==
h9ul1Fzazs0=
hXhC1p2R1pbXUMM7GYiefw==
PJDijFeU7BjCyTCxF6GORQ==
I3q/iVYMU0UAYKifwDh/4w==
r/0EmZV/yL4=
eS4I2KMhNdw=
rSny0e6tscw=
ElF+950FR8w=
18Pq/Qjo2q4=
kmSDuYSMR4I=
ZfHqFd0zKaU=
d+ESb2UNo+c=
iCF8MLWq19XXfXe/RCHHCA==
LjpcW22hTIM=
3JDpRNB7HeA=
QpKXdCgcbJaDelwgiExS8w==
4fxhKblCPvtfMjl/YwJusA==
TayY++fLzW7nH5E1ePOszQ==
QY4rSuY5PEo=
NY88KmLQOjTAhivrmN2xIg==
zmT5zY5PtkWNHdr9Ny6t8Q==
iEb/178QUnw=
WHujLcRg7y4=
HYUqLG0RpSc=
YYp7TDvMTuc=
HPxmJrak2mQ=
7G2iedDXJtw=
L/q7rPYN6D4=
g60yn6S9qms=
U1XDMcYZHWY=
n8hjBlhe3dw=
49K6CwDQEhM=
Pl4Yits9ylS32/KL+i9fig==
3mWDQSgW2UzOe3p+/hscDA==
BFNzTMol+DBc952VwG1nTw==
KLhD1X1BNtU=
wCi5phFBLek=
noJQsrAsmjE=
Gqomkg31nE+x5R2ZbRdk2Q==
BJnmYWtvNMKye7gCGVa+ZA==
7zO7Ut9my3E=
3GCEO6+diF4=
0BdZxDrKxYY=
UstVlDjsSHU=
v4Wg/YG2Ebw=
FcR9ydf7CDUpb5OsOTGA0g==
lLOU6sF5GvvwIvsoaecBuQ==
3/T92XQDTkMX835oURjklQ==
+RGPDH4IqFs=
GBiL1jZkxik=
Iu9X9+obvpRSO3IP0kza1g==
pRB2p6aYzPQ=
/1mbVvnbu2KB4Nlqz4bv2Q==
ErPbUWtFCKU=
kBIZ0mUndMk/ZbVBt5UkoQ==
z3nOv/N/ry3az7ka9ei6zw==
/u3iKUlUJ/k=
pqMx6xQpdx2fNSc0J/Z9xw==
Vc2FMorNlpObCNx5U929uw==
ZUZf7blD7/A=
Ktu/nmUJmPM0vkXpDoWPHw==
7PNgCMs6K/g=
3mp6fj4QoOQ=
VGxP/a/y2BQ=
/bwkIuDDRL8=
4a3CqjDiK6w=
GczLXPwWM9I=
mgeCUE19RlU=
wDsy/qLYNac=
yWW25Of6ujo=
gjWilNslDGc=
6DVyCUOXtKWkuFwx1IyTjA==
6DVyCUOXtKVqIc0dQKa2EQ==
6mQfwPfkfNU=
VaTl30l7J6n09IKHbEj4+w==
CtwFV60vsmk=
R8LYWrGoxRQNZ0XEm5ZM1w==
+pmADz68PvM=
wOw6wpL44QU=
JH7rGkfwz4mNmgY3DIfyRA==
PjOnK9UzbM+hUhOpn7GtqA==
nXggaLCKuBQ=
t+nRVjoAamI=
2UiLjJPWfao=
T+ZydHXSnq9yBITxZuEkAQ==
2Jd1aiN1gBjTJvgbi1sObA==
6/9PNCYMWr8kjI72QoD4jw==
CLc3ezB29EU=
40q7BIKVhPk=
R1bfgx0Fv74=
kLGVOt+9LJPcBBD6TxdZ+w==
DBdt3vFuIfrsuKF/b+iFWg==
UHRLuDUPJkbfknf0LB6WbA==
gS8y6CZZRGQ=
PTnewarBMMw=
2Xru0MLro0w=
FX1SFwhxyEk=
1vx3N7X+C5tldyAeUCKixA==
c2a8GnR++vc=
/a7+fAKpr0w=
5EqllkXxim8yLP642XBs3g==
6Y9OiHwR0tM=
UjP/vCIozNY8TNCRYkU8QQ==
VlLmLkvaktI=
/6cOzzbTARA=
SAh5IGDn0ZU=
9VS06ThHqBw=
8THHdY82JSW6pdwX6i574A==
7lIuRY4bj/z5fSr/EVTgFg==
pQnNs5tsKg8=
Y+/1Q0PbnwQ=
CAgOx6PrIjgQwuy7mymBDg==
28/0+71gK1Y=
+K4RJOxxd+c=
TpmVg4RopxUquZPGGLZHwg==
aVP8bMElS+6YXsYE4qBHig==
ueZvP4Qsi20FY4U1MUs9Ig==
1Ik8x0Ou3qQ=
vUML2dv5hyY=
XLU4cAqg7Dk=
+1/JkNF4h4I=
+1/JkNF4h4I=
+1/JkNF4h4I=
kakeGisAdvWohbsb0zVmHg==
G61pYy8GYWM=
32DVk4ZM322mzkUG8o0ekg==
32DVk4ZM3203ny6F2ZioOQ==
fvGNuC9u8n1NJ5mtBijHMg==
rTtiKWGHPEs=
yNq4YVE33EbWp8dFiPm/UA==
rVS0bxPzdnU=
6ALKaOdd0DVuCtSw44umZw==
Ezqslfn/iKk=
MxqJPRYlUB4=
h1o1fUmY3UY=
cuWNatvQRgoOrErESyeWxg==
9zDX/wtXaww=
kLfL9OWg2XA=
uMyw4uig+IE=
8bzwEYuPWqs=
h/Adnc5O+rSVaY+0Rz0eNg==
1nPUOXq+Svco8TXx3ZOMiA==
Kn/o+Dv1fHM=
Yx1sXjjS0El5HsxmsyjmHQ==
t+82D368OU0=
vEfzSKM0RJM=
KMnzB1QwwDM=
KMnzB1QwwDM=
NVUu5o+oMLeG2wzaDTBWWQ==
AL5kLS7l0fs=
9SOkNhINS+8=
/ZU+X0uduys=
pF3Uu8bMLBQ=
3XcrGgpkNuk=
ZxqS0OK++10=
5QOlVEOkxMfIT7u6DvTmXA==
jLdMnAcaZDE=
WKBmppfH8Uc=
8bAw90RoZjk=
sUKD6NQD21s=
Pdth2HlOkfs=
KcCGLCH0Ut4=
Mt6hanJA0vg=
zZGe5ActNZU=
CML96r/zmSA=
mCKozXe9GIM=
jGw7zDcuiIEDXgFg0QRcOA==
SsvlyOuslDYI3agazl/0wg==
l3iMVsI+6hE=
PJQqTgSM1mE=
wnqnwYKaSQc=
ViseVJPXou0=
W0L202TYOk8=
HaPVfYlPpw4=
ZxG8KJtObNF41Ptmt8JOKA==
fieu2wvfq6E=
qPCGmamTgpg=
yLxRVWmq2eYaYjodNn51Lw==
XuKgp2cmxt/VxgfQhKIsPg==
45pDE3KuB90=
YNX9L59KuEi1ApPpRh5Xag==
eMI7DA6mCT0=
JjmyI914Lrk=
BS/7zdsWrls=
z3gMFDI4e1I=
eewE1CyUhzs=
v3vf6gjKtfg=
DVH3R8QvAqv99diHKbf70w==
AJ+84NxI/yQ=
0G390SQsWGS7DO8+5JeSow==
HFqRCMBYEbc=
q3yDg2VdYBQ=
eomej5GT8sk=
b3y/NRGOIXs=
9GVxbK25a/8=
VHyfIU4t4vk=
xb8nZQzt5bk=
Ql2iT3VEm2lgPblOIZAdXA==
4LDXozLU5hU=
JaJiU3hRa8U=
g3b3f/6/nVo=
oo3RoQ+M9c0=
faf3P2gX9eo=
+ohVV6FhcG8=
gA5VfL7Lkn9Y2legfIFdPA==
7Mbs19+eifPoRlwrj/Ur6g==
kcAYrUZVRIk=
mwcQF0N7Zj/FkuVqLOb2Kg==
IFT+aySRdaU=
jIqttTjhE00=
zC3jxwqUabQ=
zxfrNRqz+lk=
LUU/q2XLGnA=
HOioLrgfOXcSB07cye6qJw==
Rfv1gkLUJ+g=
EveXt+/mTzA=
VneoP29CfPZ0ES+SZBtMmw==
lY6inKlJdZPRrolUFzhAMw==
cQchgYaXW6Q=
/3D4hYFJZZM=
3SUoaVtswZ4=
8kQDw+NNIqQ=
/uJPp+uzFNc=
v1QUYz0fvdUb+pcyHT5uIw==
FPN+2mie9Tc=
Pph01z1K2Zk=
5EmKIw3kGz4=
+/yc76/zots=
/Kzzk5+5MXM=
Ce6GgJp5xFuT8altzAdHcg==
Lg86LEaeWL72XKySrbYtBg==
sYVibRmdheo=
2AJQqBAtHeo=
DKBqet4qroU=
aGiQymum0BU=
PBTxgk9WfnCGIOHR5PMbAg==
QQK3i6UjZMQpVMvcqQ4YgA==
coDVhJNMtQt1rqzRvQHsJA==
1bN/ZXTbZ34=
XNEnO0KYvZc=
6OP1a9Vm2GA=
yIB4ekI9hS7qEBaIbKyvlQ==
DlRVP1BOcvE=
pYriLk+1YPY=
aY1AaIAFaCs=
jj+xzfo5/JI=
mxK9hlRN9Mg=
UxorsCLueCMsvpucGU0gZQ==
vCsL5/ywdxEEyYNoImejkg==
CERo8wDPDMQ=
CERo8wDPDMQ=
44dYDMkAqcylPpGFumK4tw==
44dYDMkAqczn/N5ibULeeg==
KE/2s9u68m0SZFp0ZiJ3Pg==
BlgyK54Q60IWXT5Iei/yBQ==
iAZSztum/yBP/+8lkH/BYg==
sFjzqT3igMSLblK8ekgqRw==
E79UqXRm1Wo=
nvmFJqNAQ6CboiB2h9/C7Q==
jsUTygV6K1Y=
7Scu2p+8DlEOzHgoNyAGOQ==
lIl3ihF38kY82CfWqTEQHw==
xdaxgp0PpuA=
AP9i/NdAwcmsaPDETdV59g==
D9gwvGm+/qc=
zJdxKNf7HD/442YO/q/Xtw==
jr2AEfl8LuOx8FxtFuG81A==
OAstsoT9sT6Sf5njtXm5rQ==
wzL0KbzzyLk=
BozsZGNCS52Xpv9ecNC9BA==
jTO8U8ve9JvN0fPZ9BJ0yw==
0NU3wCRJaLs=
Du6ao8CrTqqvVvOwlMVO0g==
Du6ao8CrTqqvVvOwlMVO0g==
zNdlRQmiXOCjjpKqKxjxoQ==
C6jKmCxC6og=
42oo+aac9DQ=
BG7fqv80Hwh4VX+pnqulaQ==
AeKUGH67eio=
ebLlLUl9PrOJdAJyovUXRw==
HuzY6lr3flY=
erF2047piUb4a9CCsVAL4g==
iV57MCRp7l0=
xUoyJDRZ6Ib14EoN+V6eIw==
WGyFkatQoUI=
F/+w98qxnmvckkg30By0Rg==
3tdVh3sKybc=
q1fdvl+LYEM=
HyHBe0WIHT/Cg+QNClxH4Q==
VK2OO9GO3io=
u/giKKn0hNdzfNM7FxSGmQ==
1REB9uK4S12ide/nqQzSgQ==
RDvitAT4gYRJrlVYbxSglw==
QzH63zF6ZBo5hBVZdZsX3g==
V5vNZcVJHcY=
GQTJibeTH4U=
Z1FCbmk20DM=
oeP9Np7q/Nc=
L70MPxLQeiA=
gGa6zZu5o80=
MgBEqi2B7z3CeyT8pXKvnA==
ZY7gQnfUcGQkdUxRhTVFww==
9rXCTuRJaUpxHFVSj3WUeQ==
fmk7xE3ByoIlRK9UURp89Q==
HqjR6qaEJjc=
L1CoTj9fAdgxVUubvQcjSQ==
35+yfCZRO1LbxShDB770xQ==
6TbnpBbr+n8=
fLB5tMS1Wr0=
6dJNRVp7GPHyHeIs7TOm9g==
bklviWc0w70=
T9LkAOOXGQI=
bD7h+r3mdAI8TJtiDqEkyg==
nYJklwqJFag=
oLO3UruEh0Q=
5ySq03e4XwBgNWDsGvNUZA==
+R09D/Yu+rr45kySlbjs2Q==
iYpthzDt6Wc=
U8lanNfG8Vk=
jhn5L1tbsqumT+WassNaPA==
ji8JgCIOdmA=
lBDmnBeHj3yRbDRa2GySXw==
FXmmGRdrIlYAyTH5zvgSTg==
lbjgfsxfsCHXpgJO9Epl5A==
6Q+S4f8VPZA=
lFULRfNumsk=
u3UWo+lxaUQ=
K8Q+QLY/bf4kZ9u66vLqXQ==
+m1VIUblUg4LzItH/5OTpA==
5QVbopVBw8DR1GUhVEf9Sw==
zdpdvS7dvax/wa+eEaJk1Q==
mpTZksDRDl3R4m5IkQtyrQ==
6wD5eVf9D3yEk3ZWCEi5vw==
imrFgkafxriFGv1V7+hmmA==
gBoymzF1kGNvdNooUfhRrA==
5qj54/ErRwRZT9iKHqN/Bg==
YRULaQoNjrvSWg1mRHS+mA==
tWUVY2uAmhATahyVLNvt3A==
Na400Pyg+CA=
5/WFB/gwn4/bhpglJyAVyg==
mNloZZ6gum9JSF3Wnztihg==
rk6Vaw216Q4=
fOHxqwa/qHE=
QSMbvQ3GZGw=
ganSRtHG2po=
W1jsJzdL1co=
Ibaae6B7YKuLCfZL5R+Nwg==
cg+foJfgq3s=
nMnu+3oylAlc5soUukS7DQ==
X7mwjtOfqzGH9YPj8kHCFw==
sYTrE/3f4OQ=
yzbbTch35Z4=
0w1qe5PZ7R4=
grPNwGs8GpA=
iGarVQ0hh/MXPddLaP3RSA==
afovwL0JBc9uzxS2WFD7RQ==
MjsW2UqF9Fft1LbBCZYNMQ==
aaZ2ugoZSKjcblRmyGjyzw==
6m8UIaTb7vw0xhZxIAiX3A==
jTa7TeJpDRQ=
2y9zfTow52M=
MyiuMeHjpqw=
xumkPUnZTQU=
3PWBucxZaJNdJvq4Ae5Tzg==
b1hW9ooKBMo=
R7jZ4z/OQ0M=
G1D3GR+a1r2kaRgrvMgr9g==
G1D3GR+a1r2kaRgrvMgr9g==
nPtSOT6qvgg=
ZJ4jwBFx0GRzPbIfLOr6WQ==
ucuFWyR4I90=
cBarOaUlqVQ=
qK0JlXcXqPM=
9HUfeOQF9AU=
m6p0df2KJXw=
t7h4uuuqTiKojMmuk0jR8w==
QQOs9eYl5a0=
JdPu4OhTfkp986c/iMvSug==
hYUSzC2xyBs=
Ak6QxsTDsqhMsOWCipeyHw==
eYVI8mRspERlkTdccaeIHQ==
X+HDeyCzQjanZoCOb51Tlg==
1NRsJaBPMrNYfoGE+Shw1Q==
Sxh1qzZ+VWLkIMd/7h2aBw==
gBp1YDF61HxbaLQT3A2h/ucM7XjU5yOw
zvQGWU8J53c=
GYAR5vAbcCLGYrJxEHjZ7Q==
GYAR5vAbcCLGYrJxEHjZ7Q==
GYAR5vAbcCLGYrJxEHjZ7Q==
GHh7L791HiU=
GmGrAZVADZCA5et+ui2OLQ==
Uc0y3xO2NCY=
0VFnFNsKge4=
ahlsBMm7tPlAUBNppJtf5Q==
fxCXvNGMcHg=
djqs41jS0QKpkA2aORZRlg==
v+YDmNSDIFbngP2FisIs7A==
n00uv8535tM=
sr0tN4Nv75o=
DGIlR5TMq5iaxWz0u1lrxA==
LcoYDxx6DOs=
TQV2AC/iN/I=
VpP/cP5um+M6rM4ZQNcRcw==
L48k3D6YDQrKca2kk9wnQA==
eB4CAyxMb/AKQzI6IxHHxw==
3d9JnahrQoUJDumV0NP54g==
4YcF5n6gB8NdIPxdn/tIjA==
BsflA6CXhyQ=
4HIF28ICgJV0QAmzq3LWJg==
DXIS/XBaTSg=
VZJxJFQVmX2ka17vj02E+A==
VZJxJFQVmX1IMB3qQwxsmg==
cVgdRYsoq5eVGzRmcq76Fg==
qzwb37T8i5s=
GQRwP3vC7Xk=
HtpvshDlkb0=
k4kuYb5HyfSa9HjxKIDuBg==
jE4ZLlOgUxQ=
5bXg5Rn+4F9KdmqfRmHDfw==
E+o2UrRKBis=
0dCgXVsrKw0=
huxjW3DI+dc5VbOgHLlkfA==
cujbL9f5Sj/d+Z3Fd9f8cw==
P+BTRjRBvlA=
WemyOR10wII=
YDL9T9gTqW4=
PVV6ZCItu4U=
/gmzhieYPc8=
aP0PYfGC7I4=
L+1LzY7dGEv5Db+yuNjOSw==
uL5LTRSh/H9I+nSzKaEo4w==
vApLzCK4d/w=
kyNDUITkdNc=
zaraGZ6icO3E/vgaVyV5fA==
17MmGhRpoy4=
YKJuSyYi8mUeKp+LDO4How==
ENNbXU0/OgQ=
c5nl2foZCsY4WN8emmJjlA==
zv2ba+ccbOvBZPYnZpzOdw==
2SEWwa98KDg=
CklM/M1/Beakj9XChvDYvA==
Cw9HwqzMLZ4Qf/dcBhIDmA==
K3p6nMWmNKE=
B6a7Xt9c4TqpK1QxZuMowA==
p+Q8kEZ50Sc=
JsU7xSvYMEMwseZvCQIyuA==
gBck+R0GQvA=
coVC47ZJKjg=
coVC47ZJKjg=
M3d32/aInAM=
rmHyw8FDWfw=
UoAvcEHZbh3Dlci7Y1jihw==
UoAvcEHZbh3q8n0uz6m4zg==
k9bfDjGz1p94MBhrHxBRqg==
Xv0aO8a8WlE=
a8lqs0lnZNULbrOArezjQg==
zk3ufJPsXc4=
4vKO7wAVR7U=
MqgJe3CH2CQ=
RTwKS1BkBkI=
2Bsl8NeA0txlt9OSjK2+yA==
5xlHe6Z1wsVRiTjcCiYuUA==
XPxbT3xcIHO+Lq9tYqdmPg==
b9NHtLwLXHJWG90vPtGRdQ==
khADN0SEKt8F1iov6EQ+Yg==
FZHlX2FGAG0=
m5QjDYotT1YwvVGGPRYpbQ==
k7Mb5qs44QJc4qil3xmqjg==
+BCjucAcVgA=
ReSTk/ssFC0=
eYHtRzl9Bqo=
WL5XQgkmM/c=
uXM55Mbx6I0=
c1+7SBqIIyW6NE8OD1QmKg==
y5b8O1R+9PPUC0+3LX+wZA==
Nint3OF8qQZxSJ9BwmWBiA==
/qDtmAsAacM=
PH0Z4A2dcmrJcqPQrYdeOQ==
CgpwGSFyRHM=
ORO4unvOouU=
9oExl6IUqL8bY7M8Pd/xpg==
Oh3FKhSWSVdAvjd2ZL9eng==
PuByKdcKmSw=
vVcscbvOB8o7JMDNMa5lGQ==
AITPuWhUjFGsEAd1psj+UA==
QArUOW/WEIdYVCRmoPDcuw==
Jj0TgoBdZOY=
LB+clu8orCWJNHROgmIAEg==
qL173onD780sRw+gSN9Oug==
IBlWbeB2cIbeZ5+6rMCiXg==
njYe2UIXjvU=
gUze1fiE2ew=
r6jDwGxfZF4=
zbbcqSthwfLJxpvy2+Vejg==
5IEGWYk2524=
DvIS9w/R3lZP11LhxaOW/A==
Ho735+wCWziTnvXP7I1J3A==
Ho735+wCWzgQPxxeovywAQ==
hxmGZVGbRGQ=
Nx3YA/DFbb2VluaXxgYazQ==
niZqkBBY7nqtUUFNdASyaw==
/6QFJGk5fLo=
/6QFJGk5fLo=
F8NRHg78oTMOCFFXxyKxfQ==
Ei+8BWY+fulx8gtVSi/b+A==
vFoqdNSwCKI=
X22mgGKpdYM=
RdYzqPNILRXeTnaKC5WLwFOCi8ZBtV80
caqLQSjT4dFORSUnF1+oRA==
J1GfsO0iY11Nh3BKUFld/A==
wjPVFesdcXW5dHJ8X4mA+Q==
JqeGk6U4Y48=
WqmWpH5+SaXCLPAQS5WOaw==
MrsixWFAUBs=
asPFMDFPFLg=
TBvo2kGiRts=
0z1ZfUTM03o=
RJn1PyOPZac=
26UGDYiFpic=
ramMf9w+YA2YeXSLmvSnCg==
0ofEKXyDJYE=
l5NXO2akPSQYII6GuTx2ag==
6Kz3wHi10dslE87RyAt8Zg==
vXvB55epFfOlXU4GcJ7+Jg==
jZF0B3FapAI=
5xs6NoO3nTO/WE6fJe/l3w==
+fek8JniJpc=
q8En+GMnqSw=
l30tam4VIIk=
2zqTCeIwzZ3qmprQcix/jQ==
VsCuMhi7LBM=
9I2pbiwHhGc=
JTn+cGgDYYE=
yt/1HAcYjtI=
/4sd6JDVTbQ=
TtIwiL3RMZnl1nOI3VZagQ==
TtIwiL3RMZm1MpV/nEmZ0Q==
+cgabY0pSF1dlB6ba7O85g==
PFy3pxHF8RQ=
ZzW4TUhDhzlQYij/hZ8wDA==
KHiwolL8KLk=
oCUjmIBZhd8Yyv1oLUXZLg==
v6A9t6TvSajO2dcTC0J02Q==
HSRKFHcVVVY=
vVR8Zb7dGi0ofnd35/LVWA==
vVR8Zb7dGi2gOM7gdpZWhQ==
U1e1F9d/GnLGZFGqFfXD5Q==
BE5ynrnkLLLPEletTSuQ3Q==
zNXjliZerkbAa2lY8oU+xQ==
KMNBcGKSLOU=
hj1b0741WsY=
VZ+aSX3vDDw=
RqvNX+ddg00=
WGaFo2/rUIPWqTFPpC3VbA==
ADK69ShFj50NemBWq++Y4g==
HAzocEWO2IU=
AFP1YmXA9JDnR22SLWdALg==
h+kqCs1k2XA=
XKDA7v+b1mY=
o2sTsX/lcVFkTU0mdy6GAw==
wyCf7NrLAFQnH4xpofTlcQ==
0X6Z12rOuyXJeWdn/P+VOw==
pwOdG2xpVKIVgAkkb5eRsg==
musuTxJl87E=
ux+SXUiF5B9LgUbbPBEuJQ==
5lNA0ZOj9n8=
isS2fdffHVc=
/RDCEbXGlRE=
WOLJSMuWN8Wn3x46NAWnJQ==
4KSNPoDJ/MWQKmVCYjJI2w==
4KSNPoDJ/MU/mbdLwFyRtw==
w26Ys8Bn4ktohAueQEm7Sg==
hPPSBZvvM9Y=
YV4/aBzL4nI=
IYO9vrcExMI=
j0COtbNv98c=
yJ5RPevYA14=
g+rdQW8g9LM=
stOkFnGi1bc=
8p6dY/9/9QbrTmasGh7S2A==
XhWdJ5NNcTMZRXhlTkkEnA==
uMb8RnPQe3qOFnp9pBkOUQ==
LhMxRG4x02Ocu1i1jfvssw==
9UFSUo/3Pq0=
jjU/dWBzjdRbhMD60H17Jg==
XILBAQ5LzBIRpiR2lYIyaw==
IJYu1MyqWJfIeJSbWU7zYA==
Yu6rqh3sQ+N55GlJMqFj7w==
z3eiA8H1NZsgULIiaarDrg==
98SbCp+53Qk=
/hgbo9C5B3HNUapugfiUig==
/hgbo9C5B3GF2nKs/9y/vw==
qec0TiUQXOwwYRi4QHZvyA==
7WzELzL6lEc=
vLaqAsXo6O2/WZLzA+alVw==
r6YAVsWz3Hs=
fIbIkhGEsz0=
p4oUGdwwW8kzLyVDm39auA==
ABNDvbIdeh6ukcKDdPeoGA==
ojsQYSp6+SYCEZIxol2SMA==
gIlJAU0tbek=
+Id530MAcdc=
8OfSPffEpjs=
QTtfGTkUAhM=
aYVOIumpR3aIKiaUYWpH/Q==
5NdmlxJe92oa1PcyaWeicg==
Sjxl3WrylE0p2fMQ67mWZQ==
VfjYefYdpmM=
vWBeR1Qp3Rw=
oW5kVX4P0dkcKDHScx4RfQ==
/l+BHye2sXU=
hfb1UMYTSSw=
hfb1UMYTSSw=
3Xf42W1+rjafl/wsaH0xuA==
3Xf42W1+rjafl/wsaH0xuA==
Szccntq6Z0B7ynxnn6oYKw==
pK0ILxjy2ogflYExM+lcqw==
ikd9aBZ1HUESNtMD0mQY1g==
OXzDhPkEPY4=
IMApq5jQ/KmH2MDoD+rbIA==
evxD4ufWVUM=
Q0aIJQyA3QE=
2zOLsZB/qvyyrilrafoitg==
MGWYeQm/C8ErVliaOtBkMA==
ykXTEpoi7L4=
kOODNWtvJEI=
j1GS+fuuuo4=
5ZVF/x6L6ULtRfFA5w8XyQ==
TJBVksCdBo8=
KXO2JKe77Jc=
f+iB0dNmUzBUJlRDtT/0og==
Yd8yeC7Gw5h4IXAJ5QdGrg==
FcR9ydf7CDUpb5OsOTGA0g==
+RGPDH4IqFs=
NRhnMZh0TFYLJ2vo1oQG+w==
NRhnMZh0TFZ0ZlDtdwXc/w==
5US2FhnnZLwRMHThOX94NQ==
V4c60hHqAGl03Afyt76W9A==
wS4YoGiNwuEoa8ZDDHV6vg==
SP2XUxtsgmM=
21FKSDCw9Gk=
no8YQGmX5vc=
OFmLi7lbedsVaFQXRL7Yww==
6VVU2QiZRco=
i2eLNpZ6Xa3KC6JGhPKqjQ==
kGap/3jCS+c=
kC3bxTCPLg1T5Aco5KjLpQ==
8BIfRJnqW5uOYN7/oDasjQ==
mOgEmlXU6mE=
rp93H0Z7Zf8=
DQVrL0ggN2U=
rN25LsZk6l8=
AzdLELFeQsY=
djXVI3eyyPJswKHlR0Cn4Q==
djXVI3eyyPJswKHlR0Cn4Q==
h6MaEnDBo44L28m/RX84iQ==
1RjvMUf60y0=
wReolZFZ8ez43slr85Hk4A==
rY7sOI/CvEo=
QIBcE7TmYes=
at9IoTy1Js4=
at9IoTy1Js4=
OoMUMgoEC+mgwuuyf1Z9aA==
Z8IXTYn/orw=
FC1rQCS+GDI=
wn+JfSsOZlM=
31fXRsJrlZjQ5nwPKoecwA==
WXHzP9Is3iMcPVHrRREBwg==
mYKzNvsCLCk=
MNfus6/wZIQaqFltJC8zkQ==
MHXwf1BO9AmnW5Un39zOjA==
NtAieGYSL1I=
lFtl9mYDMGk=
IAiagBnlZag=
tDVU7Pa7+aVqH121W2BiBg==
w7XLsGqe4TQ=
bpvf2Kut/nA=
i+BvdXESTWNSHxtXxC8mJg==
ceFGxCjFvm8=
2nQS92WiPoIFBeSvmcVTpw==
kVIABBvLRes=
CFTHwpu0TmCdTUGxBhEdLA==
SQRx5t5ekhM=
d8KINX/7M/g=
mZRyjQUlirATh1ApGHvqWg==
FVMlbgVgvlA=
XZ/lFJazhC4OjmBIU9NFqw==
+zuuq6YWQqZ0Ld08fyHDsA==
Y8lIL+Z9us2LuUU56Y/m/Q==
KddH7iwVBHQMsYlMMLeWxQ==
+ai39tUwNYM=
tkGhfhCBKc8SQji+n2OPRQ==
/gJ3Gcxm29qdFGhMzN+6Zw==
kcIhzumBMvKYHF2mmFWkWQ==
QGxtA4ydPu4=
MX5TZs1qMzo=
Dfjp3OrS8Bc=
Hj3SAdk7jcs=
khD00lKvwNFsTc3I+bXl2g==
QBM9EKmTVeHLnrrTDvJpjQ==
znAP7XBTSw7sp0yGylG7Sw==
FrSiGvD2nNg7/oiMw9Qv8g==
+8dwTbYdgY8=
vkl0bpfb/NVNJAH6Htxrtw==
QOtFQmj8n8fXmCluQixgYQ==
mf+zHbP+LOApAgi7LrBjXA==
mf+zHbP+LOApAgi7LrBjXA==
N8QuwGyzpVYNSRgKBoj6uw==
Pwbw/4UABT4Dm4zTZCc/1Q==
45p9tgM/pG7Wk99E5xwTXA==
0mC1bjEGKzw=
2+sVhfJa1pqmb5TBCOZLuQ==
F/U+ughjtnw=
Bo6S/XjeXIY=
GHRoTmOUDu82qQ0Rp9vPoQ==
vEvy3dGtdQA=
bGpaZ1AADvznZj3ihHu/UQ==
T9nK4WfzrkrhOHMiVHASmg==
+Zj83I/g8I4=
+Zj83I/g8I4=
Wj5eNtwkDnfI0wuxqf0PYw==
Beqze2DBVhI=
yZzP9U40Fe4=
I0zi+hZMr3c++hyVJBzceg==
jTA085TU+WQ=
a1jE4HoQ5Hs=
BnSdOVQRuVs=
J3FOtKulYssXNv6Gn5/Cwg==
4HBm0SafQMRVroBiKkoWBg==
oR+tPln/c4PzWqr7Tspb+g==
XERoGDg0tW8=
DuC4G+9FL9SsjHRI4fP/+w==
4tOh702RGac=
7FIRB3+Nsgjhy0+9E1L6lw==
W9mnX1u5gb0=
F3vuzVie7oA=
92TGm4L2iHRZCs2aEYMZ7A==
qHwoAuCbwGw=
l+rHdVO1qs4=
9fuLqg6babY=
oVEfwRKkGyM=
+xXzU5otH9txZ1+/fcM87Q==
H91I2xl19Zk=
ow2+Vn7DEFpClfpEqTpMaQ==
ow2+Vn7DEFpClfpEqTpMaQ==
wEqV3Pamhvo=
X/eN7hPt6oSq2XbIABV8SQ==
/juYDWP5VmThDWde6GsUMA==
LpMyon4Amd66W7VxBgTPkQ==
D9k7YJ/QHxSsFYdic1ywfg==
XhW0h6uvv4s=
XhW0h6uvv4s=
V6zo+i3pfnRfqX79TMyZcg==
aBJFv+qKMWI=
/mXYwiCVD9eJSaUY9kL/pg==
hvOEogdaLjs=
xUeVGZj0wMegbITa7qwTFg==
T20brhU/Bi8=
39aXT96Kg1A=
jGltXnj2svw=
Qno8YsIUiDY=
uozp2QHvc8c=
dLplAkz0of0=
RrnvkYOXKAM=
abDzfT8Ww0I2cNMOmlTaVw==
8twUcL7RClI=
Qv30AJjo5fs=
7ED4g/GnEs0=
YCGictlyodqZYjQNt09izA==
Z0X2GKjYXpg=
Z0X2GKjYXpg=
wyzEMlLrshQ=
fLz74hpQF/SC1OdLIMlAyA==
teGVe8vhm3aU01S3L1tI3w==
S8m9hkTJctBDyO+2LYgFhw==
DtH6qNWjRG8rXW9cXJBM2w==
gx8cHXsf3Tp/jFtGB0eLaw==
rdlrmKstot+H15GvB/2ELw==
VszJytLIxlA=
xxX+f5LCZ5U=
Tv4186cb6+U=
eiy1Md49bnKw+LRXzkT0CQ==
BrSUWKwW7ks=
pcaBz53kW+M=
LUwuG0gR1Xw=
YdD8ymCsegxm2QFTiKuDDg==
YdD8ymCsegwyiu1vP1m6Ag==
1e4LWhkLlBs=
3E8pFLM/Oo3goJXDje5yrA==
Oiw8wi3CNv3MBDr+tppazw==
KRY17exxLwZuG/oFKF/jzQ==
LrJpM9bSMJFZIL4uH3BGFA==
mQnSBso7hmUDx3mMQT7dkg==
qwMqrN4qEOc=
ALAq8wG5wcc=
zot38tzb1ZElInSk0pL5Jg==
VcpCOcAVEh8=
JUtQ/hvMsEtkfVHd5rAp1w==
8KONvDeqsvbPMN+us2xUTA==
Gm/Gg6Ttp8unFEuG+Psy2w==
ta4tAmMUpEI6LvKzg0MGTg==
0hBSjf6sjh2W0V44tZx58A==
rBGTtXlSNso=
cV/TEVWEk30=
D2bQKxTAgUJ/xQ/7ZdSGzQ==
D2bQKxTAgUJ/xQ/7ZdSGzQ==
T3PfsExhKfxM5Dpk0wbeYg==
hyHqj/8fpTBRikhkg8aGGg==
gPYfw5REA/rsDZ4xTUaR2w==
QWSFsuhueJKrM/t4yERkYQ==
lqr7nFjRcDw5dpOzdSLq7Q==
1mXkPDqSVwXob6YAa+svxw==
ce3MPc50zzw=
ce3MPc50zzw=
jBv4um/8YJ5ME4S2gIgaAA==
N0hTmvuQVGA=
SMvWCO/RPNo=
1kXeKUrduD4FDLuWeTycYA==
dcrirUjpHRNhhAFdyvub4w==
eAjls1o2EW0=
GHlqiTcktfs=
M/9Y5IrvQFY=
x+f6H2qudQtruuAIM/VW9Q==
kH5UaoFEBIzkiAwNPxR3V4373fV+WGFD
BS4KWe40GhE=
8HhEHWkzkHZhgu1pTynIpg==
6LGDMF4eesY=
JWse/U2f/nZH5iO0tz+fgw==
0ma9x/IYCCC/e8j2mUcSyw==
6eijK5LXLSH8K8S++CyWhw==
ILrVL7g/Pquz1cGwOd+q4A==
ILrVL7g/PqtzY1LhYxa7+Q==
44UQABx9KRFqfC4seCV0BA==
GTbvJhsnU73Qt8sZXtnVQA==
6oLSe2n3AkQ=
Q1zfse4VVPtp49xYRdMhzA==
xDbO3VYmWQ4=
7U3eM6LlEV6Xi3FubrCyMg==
gQJyEa9IxTu6phBQavOKiQ==
CH+PblGIsuybqdvd8hEI1w==
nUut5T5y9TU6FtSflm0Hvw==
EzBFbbwGzd1A/MJuBwlELQ==
llOoz+vocr7kvDIpQWVeIw==
S3skXOgxEZqybFKnhFIpiw==
S8F0GbMRWG8=
oUmTg5CuITg=
EhF4Rv8Rje6LvxAIC0Vi3w==
30XlWQkc6Om4kc85em55HBKgKh74Jebs
4EkeZr3tDJA=
yQuhJTbxkaE=
0I3RLWkKO1HZiS2uJ7mN9A==
3l0VlXKj7jt3u9r6ZPDQhw==
w+t7dAvH1V5ipJOZ/5Gt1g==
3yxHSWveptF/xDoW8qjRFA==
4RaLpznfY1ROfOq3XWJvgw==
wy0oafzxcLum0j8HZgXzkw==
cm0YFZaGzJbZc3KM1qsYyA==
UyW0JGCSODw=
R3ACJMFay83Xhu4KcDp0eg==
Ju2nlhKbX0P35oKVGORQFQ==
EBWzk6y74kk=
kSq6YMdAxf1gSEJ419S9iw==
4rTVbRdyiL0Ty6ExXUF6Qw==
qqVYob9fCmQ=
WUhJNNMhN2M=
NBUiMpzDEwS+ZwqZ53p2yA==
aW2zMJaj5ds=
oNlDPnkF14k=
qTYzJQNYH0qOzUvpbmoNcw==
92jHmJclilADuQdiGYCrwg==
GxGcXcc6OXPJd+o4J2/tOg==
3Tan+bq7SsGMJHF+eKdQHw==
H+WEunNWvPLTk93iby66tQ==
QClB8oyuA7pJola/gUfe3A==
vlwG0dIe0y4=
W/+n13KOokc=
2e514VIvxnI=
cfj2f7WTj+Ka+6bnou4zzA==
OLq5wT68FRpGi7m/T7aFCQ==
OLq5wT68FRqLZOqauwATKg==
J2+Q0UcZ7dOIHfOU6Fjs+w==
7FKQVSEN7FgVqYQd0Z3E+Q==
SgtxfRxICsg=
5J5ArKjRd/M=
hw5cnLaUZsxB10LTuVklmg==
ud1k5YfkA9w=
h57xqLQGTOU=
EV+sZNYBVIo=
HZkb9exCZRM=
SiaZ1SktLxTasQuq6tFatA==
CdPvN9Q6NZo=
i0I2lA1qsSKeVgVMWBvIUg==
olwuVgpaY6Y=
wh+RKmuNPbo=
1sGtvLpTYG8=
yxgE7DB5jI5MRXaEG53xgQ==
xRroy0XI9BchYR+0Aicgbw==
GS5yJPpGcoKCRpvrOFZjmw==
WO2x2tdquFt/ZCodtY96yg==
SzAeD4Cz99w=
FL5rcKuTze0=
4j1iHA7drhhQ8+akDBvfVA==
AQ+aQoMHwYE=
GYMv9ecQIko=
EU/L+tB/KHE=
eAR0NVH3kw8qRRRPJmDlNQ==
8OPSdxaSw3U=
4fJYb7LXAVfBuEr9KrSLJQ==
qlKJAfqjUY4=
KV7YvtPoYv8=
1pwGkx/qwXc=
1pwGkx/qwXc=
1pwGkx/qwXc=
fZuijOvnsfI=
uwdEUtepMC0hzQwDtaJqbA==
hgWuic70crgoP0cLle3n7A==
ivOATfH3e2zPgKksrpt1rQ==
GMQifCPXQBKlGMcuIV78rQ==
rvXww1TyhwaT9X+Ulw9+9Q==
kYYyXiJUokxVvplbLaPmZQ==
sTHDmYbVXkuxxG8fD4ILWw==
+GeWVBNRke++ZV/v+u6tzA==
dxeARcX1ocbN8Ku+dirYHA==
4NPzYKSW8850JJpGE1yWPQ==
cBc00zzE9/p+10rFgvju3w==
IwYv8JeIDNI=
EQlB2mVI1Jttynf8FLcm182p7X7oaWuC
Yf7OWX6uxnAK/bBYZ0TU5Q==
xHguITIZRXMYov/P4w2GWg==
maY9ducNgI4=
ISFYdBSVm38=
+ky+IDO6Ub0ggXxhI3BpHA==
tL+fbK+hpgJ5AdQlYLnG8A==
LywgY7sFQKcVxrapYVRMsg==
yb0VjkCJ3OvJRv/wdyGLag==
4u2/N8QHsrfuKSXLZ9P86A==
9w/rSt8Giw6WpoQUEmc/fA==
x7Royqib0VgtR2Ge2LpWzw==
vUmiFTooa0Qjqgi7ktLV2w==
TKZwNG5eV4zkzHI4SYPkCg==
fJOso9a87vPVOgGVVQHStw==
fJOso9a87vMfeyd+932bpQ==
ja7rEguEgzy0377zoixHyA==
i64kgAvdWXS/EtPeuveHUg==
i64kgAvdWXThrVJ/3zr9Og==
ngwBJAIKCs/ZrLPzwVdutQ==
Qr5XUbF5cqWIBEffSPOkSg==
CV0SLkVzIEaYQDgRoWIQsg==
7XRMGIl5W5MxLUYRE4LHQg==
XzVlNVm8CxsNG7LUUJbMlg==
WssvyJDaQQEKwrO3YsyWWA==
WssvyJDaQQH6f2s1AXoMMQ==
KCZ3uhkeHtU=
HI+jVBxeudM=
EfvTRuhnNEU=
BST+5uYxiZsHLVQNkRMsBg==
j9HxAD7A0p+BixohlS0sfQ==
JyMjtOxek0/+ksCl4VnLVg==
e+WUNdXulOKL38nk+3swF936L3bIn/Hb
5W/nKPWJaW9Aif+4ElOwlg==
HEDTq/TW1uepLR/fDare8Q==
86/5s+YWPiM=
/Yknubvi5SAhlOZtx6E68A==
vSy1/4JFRtYi8eC6K6VYCg==
cht5MqfTpbwjS5Egj6h0Hw==
B7/p/qiKToi4qvXkVFfoPA==
B7/p/qiKTogKzkdQXeWIAg==
FZohw92Q9aE=
DT4B61YSPCc8GMcpSUx6xQ==
OUKJtWnkT1Hzr3O9EExwWl9t18w1XDHJ
OUKJtWnkT1FajsLFU8Uh9Kxn31G/cWyh
gNiemyOVvj0=
gNiemyOVvj0=
/MUJOT9h8aDHc8KG+gx2lg==
k7GNNMCd1aXOy6zF7XRSFQ==
TE1P4JsFpoQ=
18BF8aTJqj1JynFg1g8nOw==
ZPoaaYfDVCyr9NSom28PvQ==
OevK0OvcvE0=
kkdWNFbwC0o=
cAYxcMdzf5I=
owE0AF+L27I=
TN48eL/5qsNUXiT/WulHOQ==
dcxhOBhKgkwj7aSeisg1Cw==
V4TI6PYFWEI=
/N9noBl5UyI=
DqVJJldePruh/DrtCTjLNA==
pDKuCpv/Luw=
bvwTyqOiEN0=
m4AzA0YtwKFQIe+g7MEwKg==
iO2OAsipFUm99cNZpgmaTw==
iO2OAsipFUm99cNZpgmaTw==
yhxBVDJyWq0=
U7Esy6ZZjuY=
8v3Rfvof7vk2qFBmUmO89w==
wwOdbwLuwqPOgURMXvXwtw==
1igqbJTe5+3tNM+yumF5fQ==
2MqXMeHJ0UyY0WBZLjc74Q==
+s9dx5cXrjXJJUHUtFTwOA==
OubDxtpoyy+cgSoqI24iCQ==
HNpe4KIh4IA1J787Fg2rxQ==
oXUkjlpOq9E25BV0QNxYJQ==
0qmjrpfxrhmlfn6jgnu72w==
C8ZCFnFSC6OMbLJ4HXK7iA==
b/8JOPkt6y2uAiMO771RoA==
Hk2AiAvzqyS1WnrFRmqBBw==
satVp73eqXYdDSD4KvJB9g==
57nOxmy54ok=
rTd7VjMws/U83DKjzjaZ2g==
x3PLtwMkz/0=
gaL7b85sT4aUrxa0I7EkQg==
i0jdvhGVs5TNGhWLDEvROg==
EJWaRMOkQHp8MCAuwl0aEA==
rOyFs5SqM0/fHDwPokMw1Q==
QP22/kQT9i4xKyxDgK+P/Q==
rFgRVgRQjgxhlGodMy8RPw==
eAi2weyhbMNg436vaka1Rg==
ACeUux/EXA0FJMy8yK+jzQ==
AkdgqzEMRcgrjx1LRR2XRQ==
5vuddNkkj3yAe6iEm6h2Gg==
JIOLOuMqIlo4Wspoaagf8Q==
9OEmgt1bKhkNqfbf2JVobA==
zKx+7VBrp+IMK+VizbijzA==
y7FACl22Knp6ovmbvKFaLw==
hq1AZKcAHig=
Ka6tmUqIhtc=
0oPOAwhPgXQ=
sznG7x8jfaulnm1LD6uJWQ==
6xR7TxjJ4oA=
i0ohtpYjEfjl1f7tK72Gew==
qRfkjXy/m5g=
9bxyBsa4xjY=
LYq1f2gL2Iw=
7pOAU6nW146mQ3uflzD3vw==
Z2aM8BnM/zo=
SjjbeW5jC14=
FfaqrNO74H9r0uhP6VouRA==
Wkerv0P9Wd/m561ktAED7A==
C/AIanSY0uRsCKgUlO1h+g==
Yhr5tDJsYlsRPJKbRd5FWQ==
/vlpSkqBx13Qh1nj0J0Cvg==
MnSSC9Y/sPCGWlKgDTqchQ==
GOtG2yRIIyuk9KRii5FP2Q==
ZLWimjmw44Rj5rQlyikldA==
ZLWimjmw44TCczBSRCmjSA==
bfTGk4UkkBJkXOfkDNKmRQ==
fb+hFMvoLodqaqsVM7iEgg==
Uwr+2KhelW4=
55F+0VA/uhScw9McFpTWDg==
55F+0VA/uhRfyK9vInahqg==
UvipipMgOQY=
yinTrMTSvbFMdhnw9pySsw==
tZoGInfWB8KcvN/MDBo3qw==
xqCmnKXVvE7iprnHocKG/Q==
/69HEz9O/0JjvRn98U/BTA==
W3EHZhlQ+kNfWXxz+b5+oA==
SxT/qLrXxscJG1iaFjA6/g==
sJpBl+mXSI0=
CAKzW0v6Kk9ZNj8MJCbnXg==
YSqH7mRSCCZC7VKpXvaqwA==
evjPOsFYZn4=
9M9LHCLm/WFa22EpLGjJZg==
WNmq03UbIWHdwBmK6fD1dQ==
rtF7J+KvisA=
8/OlwhDxsx0=
uPXxrn9XMkFvl+eML0fL4Q==
Nj/Tsde3F94=
qOQ5Wza8ja4=
Qy6NJQy+IuI=
YUPnuQyz39xomBN7Z7baSg==
P947ECKapuQ=
pVEgONTQdrL1kyM34yU/5g==
pVEgONTQdrLcAkGAmLF2ng==
zy7qqnSAy+Fb6BPECsBGhg==
WqhNW/WqiAE=
v4ppDzj7Q6M=
ahhMH6qEu43sS/RY+sGXCQ==
b4Nb5TMgPEY=
b4Nb5TMgPEY=
iTUcfg+W60tawdEWGA0wiw==
+vrG8+c4hciM5Dso/+xgFA==
+vrG8+c4hciAXx2PnlWyvg==
YDpy/OMYPmy4aOMPWdbe9w==
fRLxpZQEjA+p2ISEZMF91A==
fKXJNaTv0IM=
lV4WCS4DNfMjF1gjntT5gA==
drExlsyA1n0HqhIO/9KdyA==
/vkP7Qwf//oQByWqWBz/8g==
5082RScRgSs=
qUWFjy0AhnlQLRSQbepyFA==
LQMPwfBXSCU=
HyrSIlA76C4=
D4R2wy1F7UY=
LCV/GfUiR6th+E3igl7KpQ==
prliNLGRQM3QR35Y3Wz4hw==
0aV8OB4nrA+OQ6Y1++1zhg==
XjqfiM2QhNrireE6ZDNh0g==
vaNVt06jbINC/szAi/TnIw==
yEe4cVkqMyv2029eV6tRIA==
D0qH5Xcati8=
JOJQQ4jBFCN9KaBR1/tTHQ==
6066CFj6xDwDTUN0os5F/g==
5e141EUsdBaMeZdiEKKsUQ==
dd92gDx14o0=
KKf7Id5irGs=
m5rcIOwZUpg=
QtoYEvNV+5Rym9Wszp0v3A==
nfEN2AeJUVVSQi8ULbwjPQ==
85JJlqvKEj3BQmTcqmgw7w==
yM2InFeO8poU/NhD/zMxxw==
nzyKaohSzCo=
rCAaBXaxHFVTaZFRrffRiw==
33kxwZK4mzI=
/4qXUVWkp2VYSeePkL2QrA==
lbcvDMb8tXbGdWc2LfqkqQ==
xbRXsqiPcLA=
W2itB/ig6VA=
dg8E8ZnlrNI=
62nXzgjjMt4tLXhN5aZoJA==
8W6aompYAVp0mrHz874wKA==
6VnWlA0uLIA=
uV8w+m9sOL1Bf8AzskbMpg==
JWkVnOS7ULMl60rJK40WMA==
JWkVnOS7ULOjOUJzMGn/yg==
9FSLoH88vo9s4WDpvpUxXg==
9FSLoH88vo/PrO/+rNyUyw==
4dDrqe49ZbGaBk7ZoxU+Ag==
UHyE99dbLcnXab7mPiGqYg==
q9p4evaDbQc=
et+QEU/A+mr+3+1kmMUcWg==
VKcsFLIt5x8=
ZWvH+2ll/Wx4N3O66GciTA==
35dP5VFzki0=
7MfedXR8X9U4isdPZt+q+Q==
CZ2kr9jz8fJXhati4lV3KQ==
lnOosEoB2gHAsvSSwePXUw==
VjgW9ZlxHglkYBd5ihs3iw==
5EOqKjey6e1Nte3oALbDLg==
wAfYR27rixyZ1cA+Uy/6BA==
siiC5g4nyFSezR6hk8PZQg==
pfFHGJO9XaOsQ5RIXfN5AQ==
QOarI9rpDvzMCxtD9FU++g==
DM32OR2ofs0PEnnlQxv4bw==
JUw2MMuu1oQ=
Y1+wVpjXvTz4fUZ5Q2XIEg==
adoALSbJicCHwUzlnijzQA==
6YL7QYuHgVRsBdrRBC66Hg==
gPfMo6248uA=
5jkGt1T2AL8=
X5WqQF2id1U4b8SfcuX/sA==
wsTAOCQwxBvGpqVL+mEFNA==
n2deBQgaTtw=
zIeOi/932gD2jgcPbOswUQ==
HyHRu2Z8SVDk4LaPiYxaaQ==
5niilZegaMutBeo/uDIJyA==
AKsHNJHb0RcgqkVDkKDgBA==
kd714LCL0Dg=
212aaXglVpI=
Lmhj06rRYH8=
lWPaL+TmV48=
X7D5whPh7M4=
iohiDHVxVhu3xzlNYHQxWA==
UXo8W5pEh0/YoHChBwrnbQ==
bAVnCOPZ28Q=
cmeuzRFM/QAZ7mnuS5ddeg==
gdiOyoNfWFZiL5C7NBlf5w==
071mMdo15YJR/TfQPBWL5g==
1+a58R9qCbGAu4g5A/vbZQ==
MchVmQLyCtrn2SMXCDkRww==
1zMrDBY6MjeeCNfkOY36+A==
6YgKJTm++xMXzvpG1iabcw==
x65sFTo1d9Q=
NJvss2WPRp+8bwsCaq/kpw==
qw/sSARoQ0eMN3YigExJBw==
rzJS/R50lLQqDRUdacONiw==
62cwfwEshDfojZyU98D9OA==
vHfz1/4T3l3aQ22x4ieIvg==
t8tu3nSjFX/IIzr3YcgifQ==
jQ4GQkvw21M=
KLX5pp09BMmLSrq7p0ri7A==
E39+IKXAgBY=
sXSBpyA/34mMeVp7Clr8RQ==
CKHAzGdfFKR26e4mvdg1gw==
yw5jbQUfKeT43n88lZbs1A==
zw3O3Ksdd8Z3NIJ4rutV7w==
7BbpWyGw8M8=
NyhQpoS5fE+SnlY+ek9jgw==
xQopNiKYrrw2RE+GpXWDBw==
FTwDaxQHSsXw2BKueVU62Q==
82mBOZ2nksGZ1/AAXijmoA==
82mBOZ2nksERyWGqg08z7w==
82mBOZ2nksFz0DwgQPPkqg==
ax0wkPQLd8s=
GBw+leGrN4qApT1KZQZlIg==
HI+jVBxeudM=
ohdY7QfNZhkm/sMF1u27bQ==
BqeJNUeatPSeBXEx+amz4P2F34m6CiAw
BqeJNUeatPRM4vPXaTbZK2kWA8Jp+zsU
BqeJNUeatPSubLMy6m39gwnh6fA5aGVO
R8AkDV1ALPciv1Q9p4jUAw==
H8jslke8mYrkVsTNiDb+TA==
vzsB1eWUzB3wZUsgvrjzUQ==
oPEyw1zWhxa9imn74alAsw==
iwpaBHKWqDjVOylbsBBKkQ==
djnxigROVzlZkWhpzNhrBA==
zCqKnQ6x8hu736szTVBatA==
RewIp2glOHXD9s7LDYHniA==
8nf6u+0VY5C7IEvj4svWaQ==
8qaodyHQHR3mctAvlh1BdQ==
gW3u88T4wzq76scOufH61w==
fxYlX+o1hGDWFBIDsIg5pg==
yRHGlwSwD7UOONjnrAyDMw==
u+XzNtQ9DYI=
ON2VcD19m3M=
KTnTaQs6te5j9OVxf2avNg==
MauKd5yacUhIZvbMbHI1Sw==
S1cR7yOETFbhzHUzBd2ZEw==
EYzmMmrOiI1TBxMLkqNBIw==
EYzmMmrOiI1gz1mtCsbnfw==
EYzmMmrOiI2RDl/1rDnalQ==
mPZ9JAYQEketql56X6b4Iw==
NPAy922Gh2jSGQUfZdNh1A==
Ishp2RaPfjovs9uwrCwPWQ==
3iXYn014MTt0l+Jlled4jQ==
pFM5U//ZeIN1z9IHMmDgOw==
DYP4d6hW3y0o/CUAdMeO7EqGj4GjV78q
4nmD+0TS5KSbTWFAX1xR+Q==
lQmWR5CSIXNnxs4qJTp2ug==
h2wfl8uG+tg=
Q4Alp+scTdF9xt3XgcCKSQ==
5fnxkM1msEc=
FJo31Q9rL5mjkiaJVPiQNQ==
nRC/NaxwZ0M=
+sz2uZqxr90oa9fnWxnTMA==
RwcMxLAhMrUk5DB0nstGmQ==
rRauCq/PeffPND7czeOwgA==
rRauCq/PeffPND7czeOwgA==
rRauCq/Pefd3WyIxxpDMDA==
yTxJw/wh1GdOfRim5/LHIbLtvKQ810bs
+owvD4DYpJ0G9GkFJgSW0g==
MhgRr3x8+38=
z/Pk9jmgpRvXDpbpl4pikg==
eUVmz+4gIeCcaYihzQyYvg==
6A3ui9SJ3e8=
SSDsWaZ2rTgqdKY30PVFlA==
71q4DKd+fC2bDUuqLF3kEA==
FcmY51MgiSUEuiL5DQ8p9Q==
VAo5ZFhdlMORJpVLvi/6HA==
aA2GE1vv7CY=
ld/OhQ7okl4=
EboVbiduMx/XkwtSxqMrEA==
6e6YxxIjP+XB4h+7HfJ4wg==
FnPsCEUYt/kiCD97fZxsOg==
TFl7txb8V40=
t+SJ68Ts4kstjthxZQsJ+Q==
mbylzr/UXV4=
m4eBvOWw/1iXEvz2ZaZa9g==
RgJIgnsSYIs=
RWNqTGsEi2M=
X7zmH0/4Jog=
pZK/zXG1YeQf8QftYbGAIg==
uz2xwYMqirNQY6r4jXddHg==
uz2xwYMqirNQY6r4jXddHg==
6wljnLjdbV4=
jyHD2+BI9c8=
z1bTvmOgkxY=
yEJ3qlNJMOWBQK0D8cHwgA==
CWn5lc+68AK9JX0VE1PIeg==
cI0gXkfA7TQ=
Hd+PC7vnBrlt0WCUjOmnKw==
keoMYCp24geFwdGw4bd4pA==
EqBPpMMGAFhKbZk5LkbIBA==
/QTf+ABFYsY3psMzqKu1lg==
/QTf+ABFYsbpAh8XKgOjKA==
nLT2h3o1p2B6eQi/O5VcnQ==
qXlzr8L9cwn0J/8G+4tryg==
hbg/TpDpJyVtmcfZd3Z3Mg==
O8mIBcqWb/9oARyRAW2Jsg==
g67wbcQ5YS1MXEL8U9XTlg==
AGz8k9fU4uqvy4LG0MQAcg==
CmYToWPqcaw=
jQaQqQMLQLo=
4mDFJo+c6NKRq+MXM0q6xA==
/iAGQAt/eCY=
BgBJhCgqU2CGSPmbn2Xolg==
BgBJhCgqU2CO3jFYIwoFsw==
4ivH4pLTDIjwh11W7f/uwg==
+QBXR49gojQY0gqDCvXfUw==
MxSxH/HkUYk=
Up9Naa05LSc=
0mT86ikXVTwbIDf0HLVlJA==
38vzPv5N7j85sPnLZS+URA==
1JtDTNB3YiJF3vui+woiBA==
1JtDTNB3YiIAW+uY1Y4V4A==
JpgYWyLUEEtieHxwcMo2lg==
zXeQR4MBoZs=
vfe418Se8DU=
Dhy+RWYArsY=
ue9vFMinfEp+zkWz7vvjaw==
HgZ3zI5COviReNg/5IRQig==
lD3gKlY/l5jRTgzzDp3oTQ==
Cd2fqdPd7+o=
6q8BQDVNMNU=
+fLTfcPwnnI=
CmP3pbpGt/U=
tBG72leydCQ=
FuGMANv0Z6T957Ebc43WJQ==
9wAMuFhE/ANh80b06QoShnt6h6zU+w6Uu6iQiQ7e1TE=
viYL1OMKifk=
fEOBVxXej6Y=
qKmfKbbdxcbDcVAgOXUmUQ==
rZYwME2YzyE=
3yuoZUwnsVkdKbQB8LHcXA==
mCWTeCkt4HE=
ePex0FNLxAStj3OSu8QxAw==
bWKpNLCB06M=
bR5wSN1yWM8=
bR5wSN1yWM8=
5U527HS/D9o=
ruRr2vXfZI0=
ruRr2vXfZI0=
SWdh7W+qh64=
NRN9Rwx2GZ8=
Lm0BzGPU9AsiTXBvcvrisg==
FxdFBbzVj6PswdGHmWnxSA==
j044qP58TB8=
aUgC+Vww4q0=
mAYD7OXQjDYYuCWTX+IICQ==
DQE2BRcJrwY=
AxNRMD4w0Ck=
Bg8UC0OUjvs=
owNCfLhmE7vcdF9TFx1OYg==
3S9aRGhvcsY=
k/0NHQAEZ0DHcx9gOLYlSA==
+LeXTA5fu3m2iaRGwZRc8g==
V3BbtTV4fx4=
5bPdJei9PO0=
p/3b5Db4LdNWI1lZPInrlQ==
HOioLrgfOXcSB07cye6qJw==
h7wlLLruSZE=
aREFnB/8RFQ=
NQQkQ/fUWoE=
F1EmOaDhmQE=
JYsg9EQOZPG9IwltAM2K+Q==
aARUJjmnXiI=
0pHymEhnbpc=
2L+hT/pXN5k2kW5rr9+Vog==
gk7E2IBMOVo=
N9PJfN12zoo=
FcF48LCYVl94cUmtArLm5Q==
DMFaZkN1iN4=
/UPobJQ10yU=
XdgzndL5UuY=
I/66KIOmd6IeS/hQ5QGzhw==
Q0H7niXFX9hbF+xHM0J3UQ==
uoJiu0yN9BIORXaneB3RCA==
k3TM/b2+BdCh8woBzWsp8Q==
YvXYaeJ1mkU=
YvXYaeJ1mkU=
YvXYaeJ1mkU=
YvXYaeJ1mkU=
jZbi8Txg0Oflo3H8F4vRbA==
kQItYEe9mDI=
ZVp175blwzw=
QrLxwtffHV8=
NAAOxuTdhTT8i598Gtn8aw==
CR19izNzTTeIjFHVFkWJvg==
JAs0haxdnZI=
l7dJjJTW9E8=
kcn7ZHB3290=
+/AwEiTvVK0=
+/AwEiTvVK0=
+/AwEiTvVK0=
rG7FWbDUseA=
9COv3OehBkg=
DSUzSHDYdlE=
DSUzSHDYdlE=
62h3oaEgk5Y=
62h3oaEgk5Y=
Yrc1rVQ+9aA=
Wiz2YyBIO6Y=
Wiz2YyBIO6Y=
Wiz2YyBIO6Y=
Ez79D87/Hxg=
aSVFOMuoHKY=
aSVFOMuoHKY=
QKv0rLXd5JA=
c4EuJsq1f3fS07or8b5mXg==
Kh9gRX7VRwk=
x58iXuEui8A=
HZZm2rdR4fQ=
Bp28K7SElnk=
lY6inKlJdZPRrolUFzhAMw==
WEXg7hgRL/dJfltKaji0xw==
wg+SuMiZCj5VDDOi8ZgGlw==
wg+SuMiZCj4R8QHY7AkoTA==
Q9jKUOkTDl4=
NuHjV41j21M=
L+d6n4HloD0=
3SUoaVtswZ4=
pphMSrZRFhM=
drVE2YvjpFA=
M4Jj3NKFBW5I2aNakS/77Q==
Bbz57gC1sy4=
+plxPvf0fGqYxNGzakuN1Q==
QamTioyOup0=
n0ROwP4CAc7186Wy41p8nw==
IJCOcklNgjw=
oJwkFoiTNyU=
oJwkFoiTNyU=
siGa4xhv42LXoo43y2F2hQ==
30O+ZH9P/aE=
+JLB5dSbcz0=
Lif+CxkKoBCe/8tVxjhHtA==
UuJf60MgGPg=
Bk0GdWtPg0w=
vx1piqG4aiXrJbJXU0ZzzQ==
7j7G53yLP2g=
Jwx+vdmlKcc=
SlyWVuyE5hQ=
bJ1jOH3fXj4=
bJ1jOH3fXj4=
PWD1HdVxsmY=
di9qMtY7aY4=
o7R5OVkuh+4w/TpReU7v2A==
cuidpLyiwP0=
F2duc7kc+3w=
Kce/w4DsTcdz3hjhNz6WBw==
38mEM0hEx6c=
1XlNN9wGBVU=
0om/FVMsU9w=
6jvKKozPk+4=
6KvbWSmw3qU=
66hqdgMh0Ww=
W8ksrRUHQB80SC6NTTSClw==
B0CcN1HKjSw=
A1SSwUWoQ/I=
u8Yq/qBCato=
VpaEUcb9xZw=
Ofqbpw43meY=
PdAuWLeqtKZFdEi57xcGvw==
qHei4qcSmko=
nOSax0P8OJc=
tkgQdkNBzE5ax9u/NqmysQ==
B2m9wXEvQj0=
DNwfD+3pcrNlp9w0nQ9s0Q==
Tx9rWjNybhI=
Tx9rWjNybhI=
ErnmOxu8iJ4ptwl3p86/pw==
ErnmOxu8iJ4ptwl3p86/pw==
gmzDDoD+rUc=
nijB2yjUjNI=
9Jii2OW7eMU=
WiW38QIzP4J/h3XzpKDCxRDAHZVvOMTn
WiW38QIzP4IMrAotS7k5mA==
otBSqMJrZkrKpC6nA6EEpQ==
AYMot+NrOl0=
lDxInf+katHrXiviSm2Ang==
lDxInf+katHrXiviSm2Ang==
VMGmgE8VSqJpCVRuv3urIA==
YrGS3yTgDt+Lcumqs98q3g==
YrGS3yTgDt+kzCgzB23fcQ==
4zS2b8/KE306MOlqtb73fQ==
1te1Hte5rGzDpRaKAOTtjg==
xBy1QeE2n9yPlJJzAh3s2Q==
S1wwkm4QvT6UjmyJL95HVg==
ecT7elv2fRo=
elrkxp+HZ/Y=
omIVx7dh8Qw=
Me7gVU21LSo=
/xxufEBTTa0=
5ANtXW1kMwc=
w7ZqqwATEPw=
cRnkU+zkUaY001gfDI0W8A==
0o1SPdaeR3U=
QX2pIQ0i78w=
pQnZTxYGB+0=
yVpr/49w+QboAXwA6fr09w==
/u25ZQmRsts=
4azzFvWa4Uc=
wWsilrXgT0o=
Nwnif+jQW7M=
K3xsLKhujaeeGa5SnvG60A==
K3xsLKhujaeeGa5SnvG60A==
1pRHanFGYTDGTZowz4J1fA==
6SyTNsa/bEo=
VkJQjzD45q4nwN9UzvH9ig==
5T2k5nH+mwo=
KHHrbLbrD9g=
nTNLsC4zJYhdmSWOGK+MgQ==
QeqjC8VLYig=
WRz1qr/Zq/8TZVM7pa2CkA==
WRz1qr/Zq/8TZVM7pa2CkA==
G1XOyNXmJt8=
GmkDmJjhPhY=
27OtBUJ+bkw=
SivcD3URgm4=
Ng7D7psg+bgVBP0ek8J/dA==
zLj0xwiHA3qwpq4zWQ0jOw==
hvZnFbCm5AbMBQzBF0E9vA==
hvZnFbCm5Aapr4Umgfivww==
cIWHTaXm7ko=
3pV2fpBQ4Jk=
/+5OrPMNpxc=
TGk6C71zJRG6WumxUG19Sw==
7MTB7EAys6g=
xLejZxp3IDg=
pgq6H3sbH/A=
zRYQuSw/Zm8=
NTXkyiRoYoo=
pv2jtbdisMA=
MU5mDGqJQo6s6nYwDouO/g==
vJktvXH1OgM4sL1hDa7WdQ==
LrLBcTWpxeQ=
sz7uRSesias=
VV6lVkEFreE=
iXODXAeG9PU=
tbfzOjEl12OTaYfj5fgCag==
Oqa8xf+fNJY=
mbYdBIxwaTp0hvGN1aQRDg==
y/lhLcFZW/4=
zRUIA85Lg4VO0P6CxkD3Ig==
1SR6SkvOn4niqIRnHoWgLQ==
CLWEd6Zvk5M=
vwhWszifMxFZRdt10G67xw==
n5PfZ2KrYHcjs9mSINY3cA==
n5PfZ2KrYHcjs9mSINY3cA==
U3AmANhiaZ4=
FDdS0gzGKmt6eNlNiDIY1A==
CIEN23PoPuLNS/BPVhBXEw==
WsSo0j4Bg/A=
ziujl1QBEuc=
/i7ask3CRIE=
7GXgpmhe4LE=
7GXgpmhe4LE=
DTUvOoocNxhns4TTfW8wpg==
/py8E8VIR3M=
/3pCRRfIfzc=
zhCFA68wt60=
x+hvmaZwzoM=
Dmk+mAnri44=
pFqxiDHVA5gVmP49ipNklw==
516P7NKzzNC4PpF/TrvpMg==
1iLK0WFulzM=
/tSC7aWSbrOlgKeqaUW7uw==
/tSC7aWSbrOMXTS6lyg9hA==
Vx+mVU66Ybs=
juHh1AMsMz5jRSC8dSEcyg==
/sjsD5Kx9UY=
/sjsD5Kx9UY=
z7r4rmtJTr4=
z7r4rmtJTr4=
NjI6+P9y7P6FjvmcnS3kZw==
0jqYpFjmtN6kBboIAfjnLw==
4qRYIZXQDpY=
OMCsabXfcWImA2uSgu7ZSQ==
PTF74FlCotk=
S14UHqSXJP0=
B+0n2XGah4w=
XzceAZc77x8=
lRQJnaoReKk6jLec6/T7Bg==
D34tXF0xidc=
QSwRceeg0CU=
QSwRceeg0CU=
QSwRceeg0CU=
QSwRceeg0CU=
QSwRceeg0CU=
QSwRceeg0CU=
QSwRceeg0CU=
QSwRceeg0CU=
QSwRceeg0CU=
QSwRceeg0CU=
8zQ0+O3oq8ZHtB0h6zkGFw==
Ps1NXg+9TEa8R7H4ZaA6LQ==
r58pRpZ0BZzDMzoyk2U8Sw==
BvBW+a5sbBG1cPjO1uJvww==
Zl/t5IM4zCNi+3/M7rBaJQ==
qa0kT0gXWJk=
It3pQ23gDSy8G36QnupOGQ==
MKau35kAGRE=
qQbolCht9FSdElThh3ea7Q==
Ejjb38NK6en3/nhpXAAyHw==
x5R7KlyuRWK3RolTefb/Lw==
vGTjKKBcs6I=
sbSazNqMvfIkL5f11CSURw==
/hESGgrYcLM=
/hESGgrYcLM=
/hESGgrYcLM=
mq+pywSVATO1yA9TnALHxw==
qddFuu+gnsfHrAmBYmQteQ==
IgLHy9yOaMauzc9KlycxfA==
IgLHy9yOaMZbliKWQcCWHQ==
dGHlPvASbPAkQO3u80VsYQ==
dGHlPvASbPDr5PMigHacnw==
7AITVe7hgmKZUFn7YRbXzQ==
ZjFwn3FsbXI=
AdtLdmPD3ZLbl6iKc0D3pg==
jl75AeoxMQg=
NMrmwixkb3YTJsZhl1AqYw==
0UznRkCT67s=
1BTVtSRjwKo=
KoxBJ4smQ+/8X+/uXni9Nw==
E+V+QP/26Vs=
jPLabc0CqKE8vG6L7NUHaw==
FbYeTSUJ9J0=
UiQMPcxv/zWCWWXtGx0Ymg==
nHd5HD8ynEG/pAF0Tzp4gQ==
7dcBnMFSppE+NL5mQAXDFg==
9ukTnwMxKVuQ/ncqx6nQZw==
/ngeGDKd12AqIP/xCHJIVg==
3R1nnXIIluRa5lesNs1AlA==
nSIVs4Jj7laoXuNcPKR/kw==
cRWMNeJ1x26D0djgS2jkNw==
NtUP0EBwbNA=
sDrGXKmqLJA=
qoBtjgSwd4M=
9Ibt2VM7QVA=
8ljkdYBqDHk=
8ljkdYBqDHk=
8ljkdYBqDHk=
dWHg7EyTULm++Kchu+B9eQ==
wBrQ5KAiYZEYXx9dZgSORA==
AWfSBETCBmKmpsWswrvT6g==
Q93LzylEFB0=
D7H+9fypFg065aPdAIrtpA==
vTlE3Npxbgo=
XH/aEEBYFPE=
XH/aEEBYFPE=
7FVthE3xdWa3SgzPnVTRyw==
CERo8wDPDMQ=
CERo8wDPDMQ=
CERo8wDPDMQ=
CERo8wDPDMQ=
J+Roh/tdetak1QyQgn138w==
3TR0sP4aiR7vCnDzu10bf/Y5U0pPfOlK
GPWUu0XxwrpPB4X0SULJ/Q==
P6NrsMhSf8I=
I6hvQInHeMwJwS+zWpyMqA==
jSQKhtXu693rFB0cRlbDvg==
jSQKhtXu693rFB0cRlbDvg==
jSQKhtXu693rFB0cRlbDvg==
jSQKhtXu693rFB0cRlbDvg==
jSQKhtXu693BOO8sTiMcGg==
JrRtsupmIrxd9xmfmG/A+Q==
F63ti/GHRkb4Uo4IZZ5Hjw==
57GSyHHCDyU=
roLPrSb+9Ro=
fyh0uq9US8w=
UuN3TNfOzrU=
Hdiaw+sbbLw=
OQEHNGMYTQx+52S9sAbCdw==
jHWhjf+uSzfGaBnjIIsloA==
2lLkElixYx4=
UzHIE5/DKIA=
UzHIE5/DKIA=
foex7iLaGSI=
kPsZk8aLUM/xYfOk/Zrlbw==
fyKP9DdvH8g=
M2IXnYCPR24=
ogysdO0tyFGQOdI3ZzaGBA==
9zAUOXXQnlc=
fB7WbJqHdmw=
3A/vjB5CFWk=
WiG6/scLWtU=
vCS6JWYTmCs=
uiQJ7rDDBb0=
afl04ybw3sY=
afl04ybw3sY=
afl04ybw3sY=
VUTEU5x9olo=
mX6Tixso/jvBT2xcPugNOg==
mX6Tixso/jvBT2xcPugNOg==
IDsiFACMJjk=
05jhLc0yEpY=
xT5iG2DWh7c=
6uKdyObCucfgQQ00Kmecow==
D9gwvGm+/qc=
ko8stNPli+c=
ko8stNPli+c=
/CYQOFEau7E852aN6mNf0A==
hhtUrrcEaT0=
Qx6ffonZn3ZtQcNpK6n1aQ==
c0fGGOjAlfu7xEDXj4Kkmw==
MlW0emsGeyM=
/SrlzW8MglCp5TAhKFPViw==
9otfAsK9D0RPUYANHsu00w==
9otfAsK9D0RPUYANHsu00w==
9otfAsK9D0RPUYANHsu00w==
9otfAsK9D0RPUYANHsu00w==
9otfAsK9D0RPUYANHsu00w==
BVw9SP9hVJhUjzTd/PnEAA==
u/U4V64dSJk=
vi9QV3kAQEo=
XwbBBISod2e5c+dqavMvRA==
Zs/js/RU+KXJuaJgyfxbrg==
3dVlttXIkVk=
ahM/Yh/bZ1CnZC5ozhMpJg==
TFznynjqy5SqmWo65V6fLA==
TFznynjqy5SqmWo65V6fLA==
Kqud5Ah4ySS1Vgsq+2+g0A==
luCie0von+1pk9A27aCUMA==
0FyLB5eVioI=
qDSn365kxYS0cw6jfeVWQw==
DVtsTCj7T9Mgjgj3qvidNw==
M0TTxI8r9tRsJVhNlU8CBA==
2vWsi5RiQ8k=
2vWsi5RiQ8k=
0MwiXGCg5Qo=
nP48txRrNDw=
nP48txRrNDw=
nP48txRrNDw=
hBHju2LbZlg44AXaeFREsA==
G1W0Wp4L/rkxzRSdcIjlbQ==
G1W0Wp4L/rkxzRSdcIjlbQ==
G1W0Wp4L/rkxzRSdcIjlbQ==
G1W0Wp4L/rkxzRSdcIjlbQ==
G1W0Wp4L/rmApcmP8ZZ5tg==
G1W0Wp4L/rkvQHhk03ZP+g==
E0H1euZYZCo=
AkKxB7RLw58=
5ZAbShoPpwo2tNXE6i4sdg==
0wgEvGmrqxSPMPFJA0oSwQ==
aTUXtNdeTH4=
/Eziot/hMgY=
88sHynnKPEI=
SF9jPvDic5zBV/53U6hgbQ==
BRvL0V4k+y8=
ynxTJhLNMp4=
YNyq6c2xwTk/yxXFPjO7iA==
xrt0UHJmC6U=
UtOSRelP1RU=
/EX7wSTxRQc=
AQGKkuZcDXI=
OC9F4+ZHKdQ=
occkTszZmZmlvwRLO9Ii8A==
WYVd6PaRRdo=
ycfnsId5W6Q=
b66D4B16rSo=
OehH1COFWd8=
mhb77Lui0UA=
apKRb/HwaBs=
apKRb/HwaBs=
oYzV6gZYPt8=
VrBXDbPHG5yONa7OICspTA==
WAcUzo8QmX4=
7xyPow7iFpA=
3jiDnVoe/DMgcnQcfB7/qQ==
ddhKMRmxbno=
ddhKMRmxbno=
ddhKMRmxbno=
9jlWMIDZUUsPRAyVX0iKNQ==
1QhJB8uutqw=
XikdNdYiuz8=
0NU3wCRJaLs=
0lro5tI12ZK8djOrjSpj3g==
CJ1g0Qrc6Jk=
CJ1g0Qrc6Jk=
CJ1g0Qrc6Jk=
LteBLjcz7dY=
IZL016jDSxOVTQEV0TNdjA==
QZXRO5kHL4Y=
7nqEcuMB8jo=
XTR5wUR7Jqw=
Z+MIG8bozjk=
mjpKdEUw48Y=
/Q5ANpd28jU=
VeU2gUSjcLw=
TApPMhsgLHEzuyG39AEinw==
emF39gk5rmq6l0G8dSNxCQ==
7ViLv7gW8/A=
BBCMa4oZX/o=
XMBlh/puvQo=
kJiTcjNu9ys=
Fm++WaRFEuI=
S75sNUOOxJUiRIOCs+Lgqg==
V6zNZzhWsxg=
NDxzALu+nFk=
AB1xcmDhNvM=
wB5RFi/LGNY=
mwgwvuzNXSQ=
rxd7fLUsMgA=
X+MqEtfY9Tqx3m3Dyezzxw==
KjPNHPl5d3A=
d73Sj/iKgsU=
B1hlFKQ7FizDG9IzuMfcsQ==
B1hlFKQ7Fix/r1H14i7QZg==
km19BP9Kw54EEHKhgfiLSw==
6+81RdHM/8pE8YFJh0awBw==
6+81RdHM/8rQmFdkAqmqJw==
CHiUxZo6sKo=
qdOPlBH7F5I=
dynKVqoFIyA=
xYnqD3vhBEg=
ubf3WPHN6BA=
ubf3WPHN6BA=
ubf3WPHN6BA=
Z9Rff1Qy3ik=
YZ53mOjtLBE=
VjyP3FtjkXY=
jRWwZlp3V+UA/Y1cYUf7hA==
yF8l8iwAct+uB9wrUP93lw==
yF8l8iwAct+uB9wrUP93lw==
yF8l8iwAct+uB9wrUP93lw==
yF8l8iwAct+7mJvNpsGC+A==
/tpB++RiMXY=
DMJUnVNJBa0=
zRK+mPEnCz8=
m0HkntV8wjc=
m0HkntV8wjc=
kslex9aAuL5+gnrIH6pDdA==
curvqOAw7AE=
BdGU7ydd0gs=
e2+u6Wj9QRHfOakrWiVSJg==
e2+u6Wj9QRHfOakrWiVSJg==
RrIUSPId3gwQHWXls48nWQ==
xDWRkha62yA=
xDWRkha62yA=
xDWRkha62yA=
xDWRkha62yA=
JV4JbU+M+Ls=
CMzWZI3fOyU=
p6Ff3yRftcsAoDKU8rD2OA==
t0BUVb0r/+AMx4DRc+dDvQ==
JT1Ng9uu6/U=
NzI1VXosQZQ=
7eqLs7lpPII=
IfYLtOIqhn4=
YIaS4em33bP6ndba/guQAw==
uzEwu9h0d8hYYosOVSdcJg==
RAZ+0nY/72NXJCCqiTf4lA==
Ib1uATTT8fwgdeM5BAY/hg==
5HNybxSAuoIj9/kxQdRRIQ==
5HNybxSAuoLcfYbTGdMFWg==
4mE9TltI318=
4mE9TltI318=
4mE9TltI318=
4mE9TltI318=
K0be1C9Ct17SVDaNsHWC6A==
NzWD/dmQY7BmMMA6RYDnBw==
SWWcnUDbWQU=
dL+h38tMcZJS/c83prCz8w==
AljSQSWiwiM=
MG/UVwMIPIZyml8SVa9Gyw==
VlM7E0lhtfE=
VlM7E0lhtfE=
tb9XNvrD0ewIWQrBAPZmMA==
tb9XNvrD0ewIWQrBAPZmMA==
wNyvnM8dOOeCtAQ8R5d04Q==
7M9y6VWAoZU=
JENYFVZq8o10xUJRsR+7tg==
JENYFVZq8o10xUJRsR+7tg==
JENYFVZq8o2tUHqM+rD/Sg==
JENYFVZq8o3DYGienIOzfA==
W3pRQBlS0JY=
bXJgQrhM3IMejGpK42KaSg==
5XFXoCwzD14=
+MsbbNNro88LYmlnzQwXfA==
qhDoWd4Yi/GnrwrR1xbFKg==
h08Jnv7vTSE=
3SYDr/0J2WU=
yypoM1bssoVjYpOwP5LIcA==
3ZmULGvnsEtPZd7iuqzH/g==
cT/P8PWz9dYpU9wFxmtCNw==
F9WU6lMhjS+gRS4RE0UliA==
F9WU6lMhjS+gRS4RE0UliA==
fwy/7TR5b76vTYhUQwDbiQ==
4Z5k1zznkUQi+6wWDFOz5Q==
9jE0CyODSz0=
jj2E31IcPyrbmo3yoX9SZQ==
q4XTMhNSTx6TB/f/NUUMrw==
wbcPcUaK8wZ+XTta4DHqxg==
lWkXJiOeNCmUy5rgCkpLoA==
beiE8/nFQCA=
PcbPsq8CIeHQuEuabd0zkA==
i75uWlKEmxHFhkuwVfQkRA==
7zwqSW0/N1wR/msRZ9PXeA==
9XPiZVZiC89zy3ReioCnQg==
xM37iw/4zhpw+6tJHmG6NQ==
pfY8rn85+NQ=
LmYcQ/jILXBMvkOT+YEO1w==
wys2lVKCU/15wO1v9l2/Fw==
q1chMRvi9YE=
ka+GfdkaUH4=
yvJgcUmJMFA=
yvJgcUmJMFA=
D+JlmwK3q/k=
avs48cPGhVC1aKRZ2nr3tQ==
LYeomLN+ob9BrHMLt+uAAA==
K1D9+qyW+fM=
Hp2ReVYIuxM=
cQRv7qNX+exa38AvSFZgSQ==
iEF0fXWI7/lXfZ0ueOyNJw==
I4eSHf7PES25eK1pz3sblg==
d1VnZJva/rY=
mg/tdeX35G0=
lclE1QAqzQRNzfUDUGk6gw==
YrNoHDN9Now=
+zYMqBLtvwAid6V1p68fWg==
AbS4HY/kkpo=
tsYAnqtWZQs6y2pbXbEFzQ==
egl6hG0/dPk=
OhS5O0J+vUGLdJrNm8U7TA==
rEJpw85ZOT8E9Tl9F2kq9g==
P6WmMLhhJAHKc81/56X6SQ==
SblsEEgtcWb7BGF3ilLF/Q==
SblsEEgtcWb7BGF3ilLF/Q==
M5hYB0/GcIE=
NQZduWI4vGQ=
FennwkRShjY=
LMvjbtlcmDc=
L0ZgULdto24=
B8/UJh6KY3pOyjiTxJMNPQ==
yOKJ7K52Jr7mkkfjazyKuA==
aFszixn6qbSxx0RZX00BPA==
Si6JCu7dDPqRJtPVOpg0Wg==
l+2JdAvcDIBjQq6CEzdz2w==
hvag24t3yfA=
Lus9HpUTC+w=
jciykiIE80uSSTb2XY0/HQ==
8B6vSAPkUC/jYB78kipzwQ==
8B6vSAPkUC/jYB78kipzwQ==
6ietRsmoawc=
Z3ryAEKRM3o=
sQsZpkzePMg=
KRdUmmm3xyio2qosYTavSQ==
lnb4x/h58pc=
5mFR/MLGjx0=
Md8C6C0G0IM=
FlWfdr06oK8=
1Js153Qgf+GHk/7MkNPikQ==
/Baa/7vZgnA=
/Baa/7vZgnA=
Vn4mHzd21UM=
6iEjJWEJ0fQ=
51vWtk4ihdk=
UG+IqU0xKoE=
6QBj3sEg358=
fEt+ym0/34g=
fEt+ym0/34g=
+WgHgrGHtu0QW3uhFZpXAg==
+8Fz60DjUgs=
t1+xqBoGceMRFY77jfT6sQ==
t1+xqBoGceMRFY77jfT6sQ==
CjhKIBz8SqLLYGU1WI0TXw==
BYmLE3rlMWM=
P8xYBuNvyZmZFZfihksDag==
qepYaDcgCr9Cg3arTYZrmg==
tTwwp/YgWHM=
bLXJ9bRRQuw=
NYw32rhqibVo+9d4U5Ir2w==
x1yQeNmrjCI=
2VNQWfRHEZY=
TGjVvKJPLvkzq5drtX+NZw==
IPBdIOQD4NGuAism7M/Cug==
IPBdIOQD4NGuAism7M/Cug==
IPBdIOQD4NHVYDGwFPG5Aw==
sBehv/jBrrk=
KPlRTycNh1mD28vijI2+eg==
uy9MeHnytMfIUQq3sEuZhg==
AlJOH0Mndhs=
yj+IzQU9lh9KxHP1hdW31g==
TiX//lX8fhW6ONMSVrmMyQ==
Q3EMD2ajtdY=
mrj/RSN1lKg=
/54NLv9xBnkL8tbkDaVwGQ==
loXEUMd/hho=
gl+0nMwLH+x1pbtJ7gjBpg==
s1IPJAmBgsM=
uDCoW9x1GJ9hTAlGplIjqA==
uDCoW9x1GJ9hTAlGplIjqA==
NPQBznjN5cY=
FJhwn5E86A8JnqlLWyV7nA==
Az8c8e7lFO4=
emCNtZvItcM=
Is7X1qoqAMw=
+55Grknwz0Y=
Cav5zgwDfPujlGlo4fGNHQ==
O0vprKGFsP8=
UPlM7Y5o3IQ=
wFQk1tVsHKk=
wloFgOgm7Ks=
6SZoYVzRGwM=
lIso+Xc9LE4=
rTDtQtsYHMA=
Fohb7gixgoo=
Fi7HDxO2rhU=
pfZc8cNAOZr6V7IK2Nu6XQ==
yPB8T0Yq4o5CVTThJuy7nQ==
Y41DJ+I9qdw=
/vlh99+zhVWXns0YtoBFGw==
QMI0WMjaH3M=
QMI0WMjaH3M=
+8+OIxahiFVpkmJ38+fkdg==
wQbs1FCl3JU=
9hu/2fUWpf4=
heyJAstB80A=
F/F0ljSDKWE=
bPTnwLIywoQ=
4MtoprZ2hTc=
A+lkascSv6bk3SiA6qxPsg==
n4fgs3TShhn/LAQDS05CDg==
eMlorw/Ynxn2g9QDYPGB8A==
Wh6ZDVXPx4frq/Vbd8XPzw==
lCFoohBxnno=
Vi9d5C/XREM=
mFImkzMq0ks=
na2OGAVJuEs=
Gn9zQB1jZrA=
esjUKTEZzQS8vLZE5WsFQg==
KXTlhEHtom4=
hsjEfKvLJJI=
T5YncdtdkKvohKITEf0sUg==
tAAbyjimmb8=
NoNrh/Fhg6o=
g0qsqTg3+n8=
g0qsqTg3+n8=
g0qsqTg3+n8=
TrZoTaq5njE=
BJqDyyJsV7I=
cqB2XjXTohUKmtSj+jZTkw==
cqB2XjXTohWFOW38ayL/7g==
vOpgtJJkEcw=
GH5r0w/I2dpJv6Jyr5AGWw==
zjB+fPwuri8=
VI1hh8oYe/k=
Vehoupeg5HbtPphA8BYlNw==
PLnaphs0YfX8Bh6975CNKw==
zBPhMkxEeXnoZRv7OTf56A==
dedvzKHqnVMyS8lvZZLMgg==
m7yKsiz/2u4=
pp5CLKz3vB4=
9GR2YECajKc=
f57mtLR2phU=
M6JzC4xDAFU1ffq4m4+FSg==
JMwufjQKR2E=
Cvyf2tWdoAg=
3vHGlhYH3B4=
gj+1w1ThP56KMTNuhfpfew==
Oyq6nY0NbpY=
OIQZRwZqqVY=
NiDpt1DKpEQ=
WMa/w64h7LAddD8SSssPWQ==
v0t/9iUSUqs=
tghqMCM7buU=
9X0iZrVc52YgdGPPjLaLmw==
9X0iZrVc52YgdGPPjLaLmw==
ZQ70TW+zGIU=
4rmtEHEzeOY=
S5ZCu5zvH00=
Ti7aL2TVADY=
43AQNTjVciw=
4dBocDFMvV4=
IplzYA4KtP9IHyQS6qMsnA==
80z2iaNezFg13XdvPAEfzw==
dL3D84FEQ2c=
whQ2c5boejp5HtoZ0GBsMQ==
ZY7gQnfUcGQkdUxRhTVFww==
ZY7gQnfUcGSgy43fYB7CTg==
bwC51PnVgsM=
Gd3QD9MuBnEEpq8Jjvk/ug==
KMIBLy9gtpctVV7c6TUAgA==
0sgAGyaDwfjjBPUQp2aYmg==
AUjMaG25zxs=
AUjMaG25zxs=
fUTilzOV8Q4=
XGM/8fJ5NTa1tJdX+pDY6w==
7fYfDAPclH/5Mn8dRgEm9w==
dl/ME1HrXQ3TYKpp+CSymA==
0FOwVwq7Zwo=
kF32PUZke6rTUHJ61IGW+A==
CBUQX6A7OxJATS/se6QEcw==
7MCZ2qKyrr07/oCFypp4Xg==
ddREncGZbw4=
nPPyaIZRpvYUNP377Yu9Ng==
falD4Hc/fNFdZ5lnTzHAkg==
wnUko/b0u+LV1VYD0PCcKQ==
8BPTnaqdzGYMi7UnwQGgWw==
x2fq6zwPkcKJ34hEHnO89Q==
1dT9IgOqVNjbIZjivm/ywg==
Ws9XYYyyKOP2zpKAdz/iMw==
Ws9XYYyyKOP2zpKAdz/iMw==
0+8iMKZH9ZU=
Uq/XQVlZZII=
PGUgMkp3hDM=
CZGwqUepLHp5alhlYJHprw==
l/5vNImtswaPZGw06L3jNA==
l/5vNImtswaPZGw06L3jNA==
l/5vNImtswaPZGw06L3jNA==
l/5vNImtswapVQSpBDYbw5rZv3jSPZs4O3bvsrjzeAA=
ei52RsaJuKcc9vW0mIxNqg==
ZaV2+WVUm9Q=
Bzn5mPcfJn3zpg3sh1lSIw==
yho/aya/JGk=
zJX88TChsYzX8SirbeJtrw==
rOFkVjJiaJFwWHCHg8KlCQ==
Zeo+WUIOKaXKcbWIdmu9VA==
M31WLFCzkN9Z3S4mNnG6DA==
kd0W/C/Ii43XAczVgbk5sA==
YOwcwBFrPiDSNiKAIXvpoQ==
B+wnIvFq1FTiHb4Al/Jg0g==
01mOxzAvnew=
1+uUKirbq14=
/+67gKxtaAc=
3Q89oZn1c0PY3ZL8+ttYyQ==
BHlT6FobGpN3DfyFx0lTjg==
wN4Yc0bpVarkCaIA+GufIg==
ycwaso2HkRtnAT5Kei7b6Q==
N4h+Ydj76MSnZZVb/fHIgw==
FAxJtsLIyNc=
/AO9hMztrN/ibL8sa2W/Eg==
IDNAJQC95vk=
aBsTLCXxjdvNQ7MnUj9tSg==
KbPOpepZYQE=
+NsbC9ewun6XN1YoztRh2w==
6lv0RDeZWZQ=
NwhjDjMRvcRAbXUFucahiGOxgDqbqev/
uBTed/kWLIz0RVkGfLx2uA==
hTk21ZUO4bA+3WYgUDZFhA==
ZgCeBi4hJl3YmT92nbmiqw==
a36hwyfdIypYMEZNPddy9Q==
srD596TEoyM=
srD596TEoyM=
IUP5PdrlDkNrp962CbwNNg==
EY/dlhrKcy5kl3tyW2dHUuq9CTdcpKTH
WeWrJ/qEQoE=
WeWrJ/qEQoE=
tPLfuLtpwp2oVVmghXXCrQ==
zTvH7pLotS+RBMPoGpAOzA==
ShcRFgQzNKbGMd02SgdjUw==
IHfPY2vctCy8UzChzus+aw==
TIXsYj0BEr4s5Hwrz60c6g==
xzUzOwirB+4=
xzUzOwirB+4=
6r0RB9RJafOQTT8Y+8TqaA==
ZLV7pwrwuU1KjR66UcjK0Q==
DAo1nPvRjklWuTeq0ujJQA==
f7K6YJtKvU01QKF/6M/4MA==
WoE5WxBfflY=
9vqpt1lRNh4=
0Bui4XMNt9+sF57VApUQGA==
furrOsyV3ow=
4Y/AiDj4l0flWWtjLhoL+w==
R/Rq0lf1wu8=
lBDmnBeHj3yRbDRa2GySXw==
zrjj1TsBHst0m9OAIX4+mA==
ZQ04/cYwbQPjf5y6G8uUIA==
+EB7QBsf8RA+d6j46KqkUA==
bZFaSxaBadHXvKviIN9KNQ==
LiOHkmdJgXZxgKein1qC9CpDVaUD/ihd
v6cuUNlo8Bc=
W5/ND3q9m79/XFHwa/DgzQ==
W5/ND3q9m79/XFHwa/DgzQ==
fBPeSJEK/zNBOBDiQWLmKw==
UkGZb5cQkonUljKo69u6OA==
V3NjTcbiUN7QqR/+jCjlsg==
6kyN4OEM3/aNEy5cWQLwuQ==
EpbBcy7n5E0=
puSjVBja4dY=
EsNTucUh0edlIAPb93cqOg==
Q6KgQpPGYopct3C9r7VfMQ==
uTzXU7GDmGKAszpH1i/ViQ==
h9bWZ+5n2EjDfs+troOMyA==
jS1BbtkkI+c=
1p0Y3LhKAcsXlfTQ0/EyGw==
1p0Y3LhKAcsXlfTQ0/EyGw==
e6eXp0WxvFwIcQ1MB/0BPw==
KiEV04T+Lyc=
iQ6XfPlNzEU=
Ie7LjTpSs5uI8geuF6viUw==
sC9W8GXY1pA=
VEjD3Yb2p28=
o06I6tYuUgs3dO4VViPv/w==
yCkfECjd474=
ZAuf1WlMw7Ef57uU2KEK3A==
XQGrus1KnDct7eggxGnhAw==
1+vZWRymjKsJqavo972T0Q==
m1CCd2UMW3tRD0UUtCBoqg==
lDaqDf+sC8h5kKLWIWhJWA==
M2y4KJc9pDBUW6sEtAVL4g==
YTOL9I63wp/366rPvQdhLQ==
4ZUc3gwhOPvcBWCINOAplw==
RW8IeOrYFd0/4WmqCkesOA==
D+By2K1eUAmnPyx2qgDPeA==
FIOHqXfj1TDb9aKDIZVL7g==
qxIX6nkRI6Q=
9Nt13OKM3w0=
G1qGrsExBR8AdDh78LdJ+w==
LtnJaXY7Nwk=
YLMoKYlVTrHgUlLb2EUxFg==
5dh8AwzE1adOlzGeIXziGg==
xFJTnTQs8p4=
3Cgks6S6NC4=
UQEKUQ/ldRA=
SrWGoFOlmEo=
3P2SsjNXmKY=
r7RPmfhl2FObLAUHeUjPkg==
rlsWpybx32g=
rlsWpybx32g=
a+pPhBRcdNsb0vTFiBJCrw==
0INx2YKkkvU=
+xjCRF7STWcvXTjw5SCmqw==
er5UdCVnIp//ZWBoi01jDA==
cUDZesa4W+S7GHvE3Mv5uw==
WKPZt+kZlTw=
oaYpCrwRXiU=
halc/j2Ly4k=
plAiPLHhXHI=
Ts7ztmYtmKc=
JfQy5x5sDMw=
iHJxThsfRmM=
LVMY/p7dex+QVzX+hqVgvQ==
CVwqpTuMzSw=
cHqnk6RfBUU=
5zHSl5PL9w0=
A9os9skW8vL5vAnfMuUtuA==
O7a0AmucFOk=
jyC0pXNO0R8=
A894w4/19c0=
36cgomnQiLY3s72TqsMS0tfnL86Ifeal
uxTVufws2iM=
4gsCuGBw4/lbob/WXKw8ew==
4gsCuGBw4/lbob/WXKw8ew==
T1GWqrHUNIRojYrbItVwmw==
7GP2ILpYn0EJrR82K8nrsA==
3HvokO7B14g=
Eci9GqOK23Rk75Lev1qo7g==
V+UlknJDBng=
V+UlknJDBng=
x4X/zgUQakQ=
g3YwhywBLNxJGH9mvFx0pw==
//OvGkzj7DI+dR4egdL3RA==
IxyTtBbFfP+UQqdNtAx9xA==
xXm90Yay2p0=
SCjih4YPBC0QM0y5E6xhpg==
SCjih4YPBC0QM0y5E6xhpg==
SCjih4YPBC0QM0y5E6xhpg==
P8lwYUFmuzo=
jRn/BFyxfJB2Upi+7rcB6Q==
l+M0E2o2GMeCsWDNH4+P4w==
CZAYFqpQhn1dRUYgnXIpWA==
w+cIovozunI=
J4Eo8dRe6UM=
lZUEDj6I/K8=
oJQesGuspFtpKgkqEK43dQ==
UzR6ZZZ7V2GuiwJTRVz3Dg==
oiSgjCHC0cUf98Q+nIkiSA==
Te657bT7gDa1v0p/aKVnbQ==
Te657bT7gDa1v0p/aKVnbQ==
89+qJKU9eb2CM968+1pb1A==
rnhsyNBJPDbX8kUM9biUEg==
HtzDMTzPezw=
OkQkvdgThQjzOt1p0vI9Mg==
rs9MtwV16AWmlqfscFiikw==
lXGam3saF9U=
UWdX34lfxWg=
/p8YkoQMaww=
sra10s6Rs7s=
sra10s6Rs7s=
sra10s6Rs7s=
w/nOTyh1yw8=
lb56e7oanpW/ZIJ1KbiieA==
fpccp9fltTc=
ZJhZOso3ASU=
yTnTZQQditubXtFjr6lk/A==
n+7lHODp2cY=
rk6Vaw216Q4=
rk6Vaw216Q4=
rk6Vaw216Q4=
cLtlckq8qzDRP6i/jIYUJw==
Y08IyAFaZwY=
G5U6+ycxp1k=
G5U6+ycxp1k=
ycy2E6r/03M=
2mrmG+bbmuE=
sCE0AoBvI0E=
dLV8I6ZRJiY=
hNqxZziEbcM=
sZUukxWBOI8=
mjOcKfEGeWE=
mjOcKfEGeWE=
mjOcKfEGeWE=
mjOcKfEGeWE=
mjOcKfEGeWE=
lF2hZwg0w/PaE9xJdJrp2A==
oaPRhVWBFONB+VVeu1410w==
fiCNF0bwYARASt44RQahIQ==
ob1XZxWy00fqX+46dGuqwg==
ZrO51hF4g3Q=
4mtGJMkThi3E66iSMyPCaA==
V7RA94BuO/mAD6+WvjSe2w==
uwSd8xregQQ=
GBG0nkQGc2c=
lXg7SXCcO6ggvaSRRWHJsQ==
lXg7SXCcO6jTMUyDBz+ahg==
t8eLYW7gd0g=
NdwbRtbGdy1+I9hpIf/ACg==
rVO0MflD3gA=
rVO0MflD3gA=
DCJVclgNT7M=
PIIS5Hh7S80=
QirpihwC0xE=
ganSRtHG2po=
CQBSILjPnlI=
+QZdYm2j80Y=
S16VR7zJ4VrEKZhnT1j4Nw==
D1we/Sg6WJfqOrIjFiPa/Q==
C+GFmrmxnR8=
kODccPBS4ZA=
C2F/rCTq7r2TTcGOlDlN+A==
MXMv+hBKUXlLV7bSIzLH2Q==
aSHNe5iYLpc=
poyLgO4osF0=
RqQ2gIpslyM=
ZrleOFWI3R5YMiX6BFxvDA==
0dEt3IKeoWc=
0dEt3IKeoWc=
NItGwLNm6Dw=
Dqqi7ovJTMY=
CAawoTYp28EMfJc6vE+H6w==
CAawoTYp28HbdYMvShkvgw==
CXGFyE51h8rx4w2O7ZtEgw==
gUPBaUoZv0A=
xyO2y6Ib6niGMz6KtQ5z4Q==
EjFMBsonk2Y=
nDkWpcX42TdGbyaIxI5qvg==
2bJryIZkeiFrBK1mWGgqNA==
JiNNlSVHXEQSIvktAZFqQQ==
VIWvxXzssIc=
VIWvxXzssIc=
VIWvxXzssIc=
VIWvxXzssIc=
VIWvxXzssIc=
VIWvxXzssIc=
VIWvxXzssIc=
C4JlUckf4Z1975RXyQ34SQ==
Uc+yMDX1RNc=
W8XKiA/xzbaDLiAfI9UX6w==
jTSIF3StkPee1WmT42c/bQ==
M7hLwuOjyeBLBQ7jytzXZw==
+sVqxAsr2sRQ+0ua8y9/3A==
sYTrE/3f4OQ=
BocHrjJfjuw=
xozMYWJB+54=
AQb7FBV4zVc=
o/+nSi7qrwpGf2FnYbAV9A==
o/+nSi7qrwrgK+vmVAY61g==
o/+nSi7qrwrgK+vmVAY61g==
o/+nSi7qrwrgK+vmVAY61g==
o/+nSi7qrwrgK+vmVAY61g==
o/+nSi7qrwrgK+vmVAY61g==
o/+nSi7qrwrgK+vmVAY61g==
o/+nSi7qrwrgK+vmVAY61g==
o/+nSi7qrwqJ9wgT1Y2u9Q==
q4DDtTAYmurul0TkSVkRCA==
q4DDtTAYmurul0TkSVkRCA==
2LxnlFL5EUM=
9dldSy+16+E=
SO+JCPH5IMU=
A4V+ihRgsL8=
uvBCQ+3lEIs=
Tx2KUnxwPkw=
uxfwYkcssHM=
ns7kgU8kis27K9kwMgM80w==
hJ39ofOSEFw=
pguVsPhvuJI=
ysul2YcwEvqpOehnaako7w==
KsPDuS6qiy4=
JX6dUyU31tJjxRkHI0m1gQ==
w6eMFWcfm5fzLvokfZ0OlQ==
BaLdWLh3mSpMQK1+1gVLHLwXtFWki1HJ
O0ubRRrEC69HEk0n8kEw3g==
N7svJuyzGSQGyqKHWzGQQg==
eifvFNTQ9SaoKusfDU8qrg==
J34Ekqc023M=
O9B1/j99FKQ=
IOL8vn7pZ6+yM12BfkAZAA==
HW7/YmUGWIM=
UgwI2f+PRbU=
S82AbVog8RSi38dxOAilqg==
XaTXsfBqu1BBnA4fhpMAbQ==
FY3WQG0pLC93drHyNQlzQQ==
uNQe+WHRBMw=
uNQe+WHRBMw=
uNQe+WHRBMw=
kJg7a3HoWfQ=
2ebhsMNMrwI=
mVmnYtHmFgh0e98R3KES5w==
76oTy505YQA=
00JfEryT7oE=
00JfEryT7oE=
CQpkTdddnv8=
FRhDSq0mgRcw/jqXMksApA==
HBvw9yvy1rB1jV214IaOLA==
L7RQZdxg1WjZT3dJqLHVVw==
SoPAg6stB7w=
6bJqRqGl58k=
YO2vLh21udY=
pu+SC1Ypi22OxZI6cyuJxQ==
kyaRfRayhMk0V6dbceNOUA==
DlBWR9El0xk=
QMw1j+tjz+sdEgIe8tobXA==
4RePGExwQyI=
8koB221W4aU=
TqWx2+hxAo57OKnGAc+8oQ==
AvSghmARk4Q=
RzwJ1pk6BK4=
1tp9qM/HkIk=
xlOb5tUnJz0=
XpL9VbZvL6o=
e/TTlVcVji0=
vI872Z5VBP8=
geIOQoCA2MTiIKamLOOdZA==
RegZTC7Zois=
A4vgtIsX1tfYbKBqSYIdDA==
2vu3XecLrbc=
Ag6ynL7oPp0=
2ayjPNNlG9Y=
7mltyO8hUxw=
doPsTKm3Sr0=
l81dpVedTF4=
CiFcwrQqfl6QgbVklVTHew==
Op+Zn5Fqjc4=
DpXcvhC6oi8=
Ltfi+zqmmVA=
HRy3bJOjHz8=
zpZvtJ/UY2A=
5JzJdfGvs0U=
sdHvjvuJQ9w=
Gpd/Pt6YmIU=
mnp1iOx7Y4A=
ML+dfF+g+iTUH8/qa2W4Rw==
qryunS8nKJ2qrn3/bJcB0Q==
TxwbiLTzyG8=
j9jVQIratXWArOG/NA+zXQ==
lu+4bGowq3eU8yPWa4TCCA==
lu+4bGowq3eU8yPWa4TCCA==
lu+4bGowq3cA5UyC2Z2JwA==
cMjL8ikFS9bI23Uan7wbGw==
1C+GMdANaGk=
n2kfExU4/LU=
ThiZ2JXJWjk=
GuDbXVKnDZE=
xgJt6hr1Nqg=
zWqvgo4MNTct8inGMo+xgA==
0XmzW2/Lq/o=
Pa1CWK1hLeJR5rSxvAtvUQ==
Pa1CWK1hLeJQnDog/K38ZA==
lrG88DqmXaM=
EHevmjmC9N0/nIT9cDW47g==
jPMvZjhftew=
eHayh0rMwltwW5m8+1sPJw==
4/XsbMeLkJ0=
eYbKd02JIIM=
J3TkTiXoMI4=
RxEVYO0HwrU=
pPA0lgSmU8iBbcQbRWHNUQ==
q3qEYgiyHGfQjNJv32glig==
4mhlK3ze7D8=
T0gvqGQ3TVC+34SIO6+MXA==
YVTMTsWLwng=
CpegGewqwkk=
1cXjexAbLLs=
cRn0EIXkJHw=
BnyPNET2S2Q=
gq7Pyh3ELAxAazoX3UHn2w==
0VhzlmWKIU5BFPPn+UqbcQ==
0VhzlmWKIU7A/4aJ8U5w7Q==
0VhzlmWKIU7A/4aJ8U5w7Q==
3PWBucxZaJNdJvq4Ae5Tzg==
l+y6D2jApuMH4i0HeXh7lg==
gVb2YxPZKmc=
C0B8u4WnS24=
VOu/9bWlcr8=
GWg8uu36KLc=
kEBaHCRTPrQ=
ONutGOzj6pA=
6vEShZ3JhZx33S32HjR7Xw==
5uwm59jyYxzOzZvMb3EF7b4ChwPaR5FBO+TvofC/Xw4=
rKbL8/KK8UeKp3bFYLiwmA==
rKbL8/KK8UeKp3bFYLiwmA==
rKbL8/KK8UeKp3bFYLiwmA==
4lVDHTmarKJG9Sszxj0vQSGTboR85JwZ
KzSgUNXAfgc=
ZkZZWl1zr1YUsmOrqJ9x7Q==
ZkZZWl1zr1YUsmOrqJ9x7Q==
MfcVV8dRMHL8vr9g+etQQw==
0o9rn7oWno8gNTUZx+7VWg==
8Uj+CemnlTY=
mz50VACR1fKR7bciwX2nSg==
mz50VACR1fKv1sGEDqnrtg==
IPUEeE04O3s=
xog3VbQ+6kQ=
8ERjmm3m3OepMlIeBLXyfA==
C2fdlaj9hdske5vILsshtA==
UoyRkXZehIU=
2/O8xz5HFFngikhAvj0hNQ==
z8ILAH9UtLg=
XC43blaivkw=
bqfESSpZVGhYLlGpIgTTBA==
urLspYxiccU=
slsXM1fbe2k=
HOvAE73J3A0DulDxNNkyCg==
4+TbvuvHSN+UE9h5j3YP3Q==
R1WYYxCmzEI2qqjiM4+kqQ==
+NxaKv2X2Ns=
hCdD3l3G3O0n+u+3HRP3EA==
rMoD9sRo2zQWe2X39d698g==
UCmm2+NFfuHN5cThj+ZlCg6c2gMFXsFQ
UCmm2+NFfuHN5cThj+ZlCg6c2gMFXsFQ
0PQfZuArX/h42eFdDsRm3g==
fDKEV9Cs6QBG1uRKkK/fcA==
3Rcflf8G3cwKL5zxxOqjZw==
3Rcflf8G3cwKL5zxxOqjZw==
LAfNB1Uv2xoN7G8buDnOtQ==
fwyaXgLUYCEGZb/qMG6iEQ==
fwyaXgLUYCEGZb/qMG6iEQ==
nLyVm5CVRJWZgpZmz/bSog==
RJnJPx8EiQXqHvKts+rrlA==
cxCMWM8fVDna8ZJ6RxaJJA==
OC4xh6VACjdN8R9UVLCncA==
qtd08ozRpJk=
FbEfgFUuvx4=
aJXEE/MhAlc=
vosAggFaNlmqL359ZsNsiA==
JXC2SmoGRHM=
JXC2SmoGRHM=
q9lpk551/gWM4mUw7x4vwA==
BU+U6IkzzOEK2kAPF3OGyQ==
JHi9NXXo8tY=
71TrPJBo5Nk=
1qE0jxmvZcc=
3Auj95t661b/y7RSmJ/Odg==
4yitviv2CjnULLpMaNOuUg==
/9B1K2/EYgQ=
/9B1K2/EYgQ=
ASs7hFbWU+Y=
ASs7hFbWU+Y=
ASs7hFbWU+Y=
ASs7hFbWU+Y=
dfv4VAeCQYIE82GaWCx0/Q==
0sxtRE8V0BfZHIbG8mdd/w==
ThoF5bVnWSS5SnRVT9N8Og==
MqrK+KUtRW4N3fScDIxoRw==
8cTkPAvmX8rJYzviwMYpYQ==
8cTkPAvmX8rm2bkn0l4Vw5FkD6fkmgwg
rUC0GHn2fnk=
rUC0GHn2fnk=
rUC0GHn2fnk=
fdf63wbJujzQNP9x8NGotA==
o8tvtmhJQdJAJ2pjKk1uEA==
yuycXy0+KOpdEhVEwVszgA==
jjPYVkgTrrc=
6pgl+q74XUx0/jK+XF6mYg==
KpejuaulSONzZy471piiog==
YN0C6Pn0FwsiPwUYU3HqOg==
dLw8zrCmWC0=
7ma2x81VTz4mBSPPQURbFQ==
7ma2x81VTz4mBSPPQURbFQ==
7ma2x81VTz4mBSPPQURbFQ==
mDg0L2XEarM=
bEW5oVmyS+zFmUncuQ1NKg==
Dliz4QX1tok=
llCWfeU1r7A=
oVfxdETqEU7L0SKON/wWxA==
Bb0fody/nzzg23P2LSlnDg==
BJJRsr8EYTAeIJ0F79XjQw==
QBejpBB3+iM=
8shzgPp5Qqlpyhki/Ye/Aw==
QYI7sokoQH65HMyST8K+Fg==
F5yY11mdyRMylr8aJ+H9Lw==
Fv88FpX3jlGO1py8IHSVzA==
xtbN7JrGsJg=
VLcs4Wi6ysY=
zlXQRBV274Y=
lAq7LgK0CilnXjXy27WwRA==
hs7m/v0nqWYMAKOhRgDBBQ==
9OHRWh69KZY+dpl3HxIQ6g==
Ki56dvAWoLY=
OlD90s4jibU=
BughRXKYSg3VL5xfqhH19w==
BzdH/aaKACdx6qlKBOurAA==
1LViu/l3/ws=
jnx5PKq3ebo=
ibiCMTtfgCo=
AgIdAXWWc4SS/T7rKAkK5g==
AgIdAXWWc4SS/T7rKAkK5g==
d7zhI8t64xHI/Cu4IvJf0w==
rVFuc0/aZTs=
UNCF0NkND5w=
zq6cEgm08/w=
0U8dt+4G4LM=
SUBGJF7Gm4A=
D1lSn5NrrKIfQI7RnQ4qlg==
DEBkG1uwv8zSn5KSmj9N5Q==
xpL8+7NMHYo=
xpL8+7NMHYo=
pXxyoV8mFppxPPuK5n/kDw==
nsSxtWT0pZP0rzvBNaXJtQ==
V/0bWuz0uza/ovz5QUJaCA==
zMxDKLXzD9w=
+vNSqHn/UjE=
FpgsmA7pYLM=
FpgsmA7pYLM=
pQ1+MAZjQUY7t3jWeoli1w==
M9S/RTsvUwrQS7c1SkOSag==
j4U8cytHlM4=
mLAzIhXbKuI=
WHcgRJD0TDQ=
+gWMTLFXI00=
tpKVNV6FDk8=
hg7C5rIcJhZSn9c6MJK1fA==
4hy6l8nluB8=
JdJIbwl8Zok=
s/PXHy2cdjk=
vbbXJpmlWbM=
2TahRU7FNa0=
bA6oU8fvTIk=
SX3JhhuNUFArTDq2zU1oAg==
jCXa78Yok+s=
mD0pR2LJAG4=
1UVLOTXYCZa/ljmz4wXn8Q==
/rfROZ2Ghk0o5tbfEuEHyw==
a3rgrtQsxOmon/LT67mnGQ==
PxY3lt+W4L0MKJO00SUaaQ==
r11gdgUqYwg=
FBaVYGJdZr8=
IzBckNpUhX9KPX3gbKi8mg==
ahlsBMm7tPlAUBNppJtf5Q==
ahlsBMm7tPlAUBNppJtf5Q==
ahlsBMm7tPlAUBNppJtf5Q==
ahlsBMm7tPmtM0KlAL3h7g==
ahlsBMm7tPmtM0KlAL3h7g==
efcP3AX4ees=
efcP3AX4ees=
+5cIDFMB1Us=
+5cIDFMB1Us=
+5cIDFMB1Us=
+5cIDFMB1Us=
+5cIDFMB1Us=
sETIUL9oEUZDiBkT+IPjpg==
w2gyNDW9nOs6pqVaPDZqdw==
w2gyNDW9nOtVx+GAIoIuBA==
cGEOl39irZo=
ui0dL0EoBXs=
qTdAJkja/Do=
D7Mkyg6sa/eWsBYlYGoCTw==
tR9nWPb01Eg=
YT/SWObeYZA=
Il2+AU6oDqQ=
5xx2BNC+evhxjDr7imXtTQ==
MT9vVpCF054=
Y3EFdnaO8cgnm2HLKrhxow==
iDx2w9+Nmh+YOvrFx5EvFA==
6RuWj7PzAmA=
U1HbShHM/4eI99XgL+9T0Q==
ZtxaiJR9bz8=
wF2wJPshzSI=
Gd0IYVhHcugCVH0h0brYhg==
5iUNNo+zufspIe+1phrt4A==
nmU2lbq+JQZwpn+WRQT9tQ==
tmPKLby0DIQ=
+AI+QglS828=
kEiZZlFty1mjO64RKg2+LA==
H7VlmsfkPXUMWcrdDXYSNQ==
aTj3qpK3Z1w=
qrLb2B7INPc=
9YKjTEqDD+M=
Xx+X7LhTjd4=
GLDn1tne+64=
Z5Wx/UEUqqM=
76YCuKmF4dg=
IYFlbZQQ8Iw=
IYFlbZQQ8Iw=
2bl8ceZq8PU=
RyRmeFfGa4g=
tP9g+ZBT+g2BBrAB86si0g==
GljraxuV1hs=
6VSGkPCDzag=
6VSGkPCDzag=
6VSGkPCDzag=
6VSGkPCDzag=
8jDNcXHI7Kk=
3JRu02cD7aY=
E/OrKWsFzZw=
AvrCg5+4H7JirJtDRXtHEQ==
usQ/qttMSt8=
Sp8Y6QWJQdWJniUeKAuA5w==
8ljFv5Qc1Vs7rFe9H4hX5w==
EtLIsB30Usk=
cJyvyUXqQrAtCU+TuYZOfQ==
29VQQdJryyE=
xhOzPanL2nlT3HxI4pipgA==
fh/UeswG4VKKgz5ZvBgcXw==
qFIGei8g7vFDM7SZ6YMyJA==
uGRFlKZkOz4=
CBgKVG9cqSg=
4u5tb/Yla1k=
HP9ipikgU/e1ZQRY1kAlGA==
JU4j2jNfwiM=
Ly92DsGbKSU=
Ly92DsGbKSU=
oPZJsCsV9t8=
oPZJsCsV9t8=
wM4sdfG9mGhYjOE/2lUZfA==
a3OZbGSzHYo=
W9YtmTMXs8I=
IznKay1w/EUD2HwlBiM16Q==
SBtI0h/+H6vLb3kKUS4BiQ==
t8tjsWkJ1j8X4umsWukHtg==
CAp0H3nqsUU=
zW+ptjdHx59FFiHY/UdnCg==
IIJxx/vhp0Y=
eQH6VegZ2ka+yeH89sfmJA==
QBBFSFRAg4IZE4JpKfHK8w==
mQdqfoA8l5A=
mQdqfoA8l5A=
mQdqfoA8l5A=
W7biAZZ/fwM=
eAaBTuMLMRk=
IIDsd1yjTEU=
IIDsd1yjTEU=
tb8qRDDjFyoeHDloOux43Q==
tb8qRDDjFyoExp6czguE9g==
tb8qRDDjFyoExp6czguE9g==
kjm/dItWjmg=
6CNlJy1CNU4=
kJBRcYSogcWI07EgAPzdYA==
FnYsWmdh42ktzptx2xoVyw==
/3yVYXHkUTU=
/3yVYXHkUTU=
/3yVYXHkUTU=
/3yVYXHkUTU=
/3yVYXHkUTU=
/3yVYXHkUTU=
7lPSkmZtWd4=
LjjmKa5XO57gdWnm6OI3oA==
uKVUsoPBgmqcrKirX5oYmw==
DmUBldLerk4=
S6vG/GTZDcw=
lfQU2MsrcQI=
CTdHU6tbRvx5dfoHNImmow==
Qo+SSvp4+wE=
8qXAtTqZMqWmMohrf9oKDQ==
4pbOagadHlo=
k+dhk09c4K+uAQoskWD43g==
fKub1at2aU6kYX6KkJGpAQ==
PfoJjqQc6Mc=
7hGD+dIaJdQ=
tU459TKqaKY=
MaP89iPoDks=
d4PKo7S2cxc=
d4PKo7S2cxc=
OyXpGEJ3Y36WU9tt6CnLpA==
Bg2OXdf8SVY=
j54tvzimOpIZEFhE05DRqg==
5SHBbGAoZks=
ja8veDA5ZVsWRGEZ+i7I2g==
Ipnbg83rO6KNduFb99cxpw==
0xCF8xK1lVApo4JsxFdGdg==
tYm8n6J8bno=
5BBvXtD6xXI=
Lpd0IM+1i6fugdrvrapLWw==
Lpd0IM+1i6fugdrvrapLWw==
o1Gl6XLTsxKK0L+x6Y3ESQ==
o1Gl6XLTsxKK0L+x6Y3ESQ==
J66KZPmmq8UY6wYhVlekcQ==
uKJa/KWnzn9CpGQqnU+Wyw==
uKJa/KWnzn8npTmEq3upBg==
bneQltTUR7I=
bneQltTUR7I=
bneQltTUR7I=
bneQltTUR7I=
bneQltTUR7I=
bneQltTUR7I=
Ju3milzPwYYwA4cfpoLRqA==
kx37c/cZwOoBRKfU0jVkJA==
kx37c/cZwOoBRKfU0jVkJA==
xI1b8yhpoDg=
pqbRzKCzxlPNGJespWRang==
pqbRzKCzxlPblYa8xIehOg==
nBKEx0uye6qP1AF8gX/ORw==
u9K+M4frkuGqGKA4YhcBCg==
pkPHpPN6tRE=
Xkkn3ttK1m0=
STmhvu0uaK2L9R2cLU0s4Q==
OSi4gMDCwpM+z1gA7p7GKA==
ndr93RoylCM=
YEU4bBuICTM=
YEU4bBuICTM=
/y1wRO5ec3+pvjQ4Z//aAw==
i4oTfEFbOhLcYJDqqP8GgQ==
Sz1hfcYZDu8=
QvByh4izWJs=
+Dq14KCjO1I=
NZvqCa8MQpswsHB8N0938g==
dUiY607SBoM=
1AYEj75wMxd1PngBe8CifA==
6qEZPmbWbuw=
4JbEh8tB0zs=
epR+Q244xgM=
mhu3irpaK3Y=
Pd/tGqndw58=
iLQlvaumv9CxxLMUXtu7oQ==
EExFryfCrFM0lXNn9pKbMA==
EExFryfCrFM0lXNn9pKbMA==
tIW3a+oPK27fC1+01RntLQ==
Vu673neld0c=
9dkoixcb3pA=
hWhrVtmKkUI=
ouXZSlp+fPo=
3BT7jKZu16A=
O/Ro+ucHqgc=
Fa3oXUO4mFs=
BQzsPVEV34NQApIMhsr9Cw==
/Qs7uop513o=
T4sNMmompf4=
2araL5Q9kSw=
v9m3Mndsma6pM7g7NEfTtw==
5owBvMHMCit5eqBQDGKtmQ==
8lDogdvGtY4=
xbumf+lyMc4=
wwuxDQS99IugyJOGPbvUHA==
bG9W70nM+H4=
uQovP3QEj3E=
hPzZnlGKYHAz4w5xHv8/0A==
YEg31vUgcHVCmkHV8Hu36g==
YEg31vUgcHVCmkHV8Hu36g==
q4K6F5ZhtgpWs1RzFuZvjQ==
ZIiCMCWPacw=
ZIiCMCWPacw=
ahdqEnFCYfxtCsxaMxLRSA==
X5jPyX4s+Sk=
2gPZ/pLKSE0=
+k3FS3C9TGA=
iSH0D7wOwSR5kxaewLByuw==
AkXmtvtPO1dIYNxxFEgcfw==
7v2wDmBB03Q=
OGWNP/0A9xwVsGbJIqQBAg==
Qv12JAVRtc3KjpCPIOG1UA==
C+PBV+TguhXgDZN2ylzbMA==
sMidQ+Xl1Qox4EtH/ptMKQ==
CUqlkUXkW7w=
+HNiXT1gpb8=
AGa3T26YXzU=
qLmJ6/gddR4=
HVMmZCA4IWw=
HVMmZCA4IWw=
qK9FKyAU0GY=
qK9FKyAU0GY=
Ypm7d4SKr4Y=
W8tK1g/9XMk=
vKS5x+3v7AYozDeUTcIUCg==
6BDoPYbdwXE=
PXVrbDaNFOo=
PXVrbDaNFOo=
PXVrbDaNFOo=
SNlOHSGoW2BKKbouXOoltg==
qUL/yhejoocuYViwWQBnmg==
qUL/yhejooeUltmZelw16w==
Uz1xo7jWhwr5+9ZX8CciBQ==
wxsXEr/03CaHZ/esiAmRRQ==
wxsXEr/03CaHZ/esiAmRRQ==
wxsXEr/03CaHZ/esiAmRRQ==
wxsXEr/03CaHZ/esiAmRRQ==
wxsXEr/03CZMdp+F4GMfGA==
wxsXEr/03CZMdp+F4GMfGA==
qpS5pNsIzjQ=
YwaDunYmbJU=
hMmU9z+5ZBI=
sHKIM7icBQo=
aU4y7wRszTSaSClmkFiqyw==
3rR5cSZUW3s=
yg6+xSgaAqs=
vh9UwICAvec=
xh7GoW9BFQ8=
LFokZqPkPV8=
Yd/rD0yBX6o=
yrKtfC/dnec=
BGdSKFWSQaE=
p90fsvNcMTA=
i4VD09NmePGK3/eSzwDVyQ==
W+KthZ1DzOc=
FzO0CO0FrOg=
AeLMC2ikWUc=
U/XbOAW+jUM=
dIePDe5hHYo=
bTvXY/wX4/4=
TodUhRrR/ucwXF4w4drqgg==
ink/OytPyySzFhwK+AEf6w==
C2zmpTzjXKY=
C2zmpTzjXKY=
lzQX/GeD7wg=
3GX2gqn67TA=
DauNlqHJ13I=
GJU02j2JGWGE1RSbol8tgQ==
fWe2U9BGZN0=
P+E5idFBc1A=
iebBkaselh0=
bA+8ZfqoovA0Nky1/bfPGQ==
XFllEKhv9P8=
7zogDAkYPrnOIS+7TDveYw==
PzKsCU9caLE=
9avZVvxZHro=
xFEPEBNEjAqLvwOVGm8fqw==
6H80NpOsco/ZhPktRvrekg==
gUyek7j8b+s=
Usj/aSlJ5XY4Tj/88F6j4w==
amAN9wpM2xRoKiZiIBB8vw==
X0xpHpo6dA0=
/BtXvrva4Nk=
XgUEoKVW1aQ=
OvJPC+csU6L/X00YRUWslA==
LCc6y5Tg/LA=
Zh8zKVIgynk=
Uli2mWjgLuJTejlZHK7fMw==
E5tpiaN74wWdJUIuIp+1qQ==
ZRGCGpMYeys=
QhohnEwnsGiZl0A4eICZgQ==
s5J5z/vhe0o=
s5J5z/vhe0o=
xLqsLKLHalVQRzCS4kFK6w==
XLm7fxVq484=
412VOzX8GCA=
gUPlRdb7Bh0=
Zi9zPeEmVDQ=
fSinl9+6uwlGNubhnoEvaQ==
YDF/hH3ZDuY=
mMZRbCa8dBo=
+dItUdHMCEg=
qc8bTaVR8vc=
WK/5imriEx9G/nqVny6rww==
NhvnvYG31Aw=
XYDZ63UbVCUvlTY81sPSLR9KtcNBaOmk
+K+WnEsBspY=
h+G2ccaUruU=
n3XqY4MYq5M=
xbDk5vkSsmA=
JctFthfJHNFanhJ5XQRDGg==
5yBeOikvB9u/5oiGaa6TKw==
gtUHcuR16pIoOdp6gWXXaQ==
AvYoQGB3HAy62JcIyjthEQ==
ki5zW75XmFCQVbomNV7jWg==
5de5WqD4L90=
jksRTPf+S9GWR6w7uTnU6g==
PiU65S6G0co=
Y+UKPShsCCw=
L0AISmK3nGc=
uoDfzQ/N2WY84iXm9di7iw==
UY50KRPISOk=
O792zPff5uGJz9/kWhNXFg==
doai69edt3Q=
/li6SfEdLJg=
bHPiCqpHahQ=
BX2ya47t+IBZGprVmB6etA==
BX2ya47t+IDjBRkjb5AXXA==
wBtJxwWDocQ=
BqYRv+55mI2IuXhTyKy6Zg==
+W5dGo6m4Wg6HXDzxTgNrg==
+W5dGo6m4WhcLGSRIGX7Vg==
TDQZsRo3LV7yAu5IWHwX2Q==
NZDhSw5E+x1wOEHHyQOh8g==
MVL3WUgcvOmlnjBtFnNtLA==
ClnVHvljkjaHX27U4vGfdA==
ClnVHvljkjaHX27U4vGfdA==
arcqBbmogViKpQHgH8e8Zw==
4b2zMfEm3hU+cb+MqqfSzg==
NAWiKM3W5JaeiqADYJmocA==
kM5YYBpUlo8=
IzFalM8ZIGhe9FBarHSvjg==
lZlHuGJgLhg=
IchwCXq+QE4=
m3H1aWoZi1o=
gy+6BNtYtCU=
LFO7qKWC5uI=
u14UriP5i/46Wdm5N3x7SA==
O3Nj4rJPcG2tq1YuYC9uTA==
GUPTBnYGhG0=
X1aWyMTwI3zxn7DkyJS4ow==
PcJecmPHCEc=
8xZwfhW8rJ0=
NuRLJWaGkCo=
yhb9D/atmGaSusI4JVjPOA==
jcowrS+i/CM=
vNTK+O01G5AsIuVJpMtFDQ==
d4BpGKy6JNw5h3oNP4w3fg==
d4BpGKy6JNxazg4HYbqcTA==
NAtvpp8PIM0=
BkBj039jf1I=
BkBj039jf1I=
ciog1rDzjU3ctetLwA724g==
m+4jZC0ZS0E=
0hCW0lUnDcc=
evZfg5aaPzc=
IADm1hj4W/lOiwJA8EKvZg==
cOLjY5fmJwM=
bq8qALYeFYk=
dIPejlFldH0=
SBsSLenw0Unr1D+WUkdrrg==
OKaddVTL6UPMHtKaViEiCw==
OKaddVTL6UPMHtKaViEiCw==
pY3M42KH/auNN/sjvveo0g==
zrd251Z9muE=
6uvtmlg1bSjX3BTytbZtUw==
ZIwMPTQ49OIgM/gbHBLQ1g==
vB4+l30h+IgsC/MTTAsmQg==
+RZS5g8yu1w=
Zu0jTeubsDqq9GgPyIr4ag==
d4snnE6HqHnqt2LkmnPZmw==
d4snnE6HqHkLN+DzL2qZCA==
d4snnE6HqHkLN+DzL2qZCA==
dosBPeq8H+ze4b7y5UoQbw==
LlOA+lDjLA+SMxP2/g3Q1w==
GzXNcQMfweUms7kto8O4/Q==
R8/F3UTMFx0=
+2obmpLsRFA=
vLq9/WtGODNvtfZir7PkSw==
5r0xTFK1NRM=
/U6dg8f/TkYg6jsj6nKYZw==
lFseU7LnsEM=
hr6QjYEo0Pw=
zUcizLYqgcI=
VTcp5wDgE8M=
Zzjwg1k1PMc=
ELinCyUP8SU=
m1PPyTUxUT6JRiOHOlwLPg==
ML9WYepyP7ynOyBkLdOQ4g==
/THMURBplWtFdhVlkDgqFA==
/THMURBplWvsvEJa9U8Iww==
/THMURBplWvsvEJa9U8Iww==
wsF397zpBHU=
wsF397zpBHU=
FF+QeXd2Bpc=
0OtonzT6q009oecpKVyRHg==
dAIalCnJ0HU=
tCoIkWhPoFTGlrdF8IxVEQ==
U8NU+YmV3qZ8KaQ1AcUKwg==
pgrxCGraZ1+VZIKYKlp6Pw==
K9DnQJl8ou5nBwRCdxvrrg==
jCSvuEutLjo=
mfkISkk7b/I=
1Ii54qH8YcenbysbXdFloQ==
ceXwMdziuxA=
b1j2rv53kJAe9rf1JBGk/A==
b1j2rv53kJAe9rf1JBGk/A==
q1G6yzGSoy8=
eAyKtLToAmo=
08TlnPnkOmY=
aOrZa8yEnTIBr58zf2Me/g==
9i/ruWJD+qA=
9i/ruWJD+qA=
9i/ruWJD+qA=
E/FUfh1QsL8=
mAXcxxU1UGE=
B6NuSAz/Q1M=
Frhmvu3xMRFWUx+E8vecpw==
HWFfxvwmvz0=
v3I0fFxeWY4=
ISAmOftWeRU=
nC5WM0n+t8g=
cAP02KycsTQ=
BtCEb8ZTkfj4yjaqlyZ9jw==
pV8DcbwC9VnD0jDmK5GYCg==
pV8DcbwC9VnD0jDmK5GYCg==
NnNoGtZCIZkgWTyjCMa/3Q==
NnNoGtZCIZkgWTyjCMa/3Q==
Bt1XtEurrF1NFV57CAP2+A==
lxPh4W1/CqbrtQGxycSr8A==
lxPh4W1/Cqa6p4haWUf1CQ==
29YEYUN7nxVnJDXmgFRglQ==
NWMzLEN+EqUkMaNGmk7NxA==
kdKuKtYcj4NM8hCNfxtPbg==
lWwYR2mx3lAn4EXI8aEE5A==
0krPO3DpTLk=
YRKdMTmBTHI=
d9o5RECLwvw=
ERnGDch+roQ=
VQIHXQ3VJWsfe8WX9LkY6Q==
j9ebMMDSySIfcm+lHhw/kw==
aspc5WH6yw4=
dVsSLkvQ1sQ=
QiGvKx2guM5o5kSfqAV5Jw==
kTrc77Is6Tzzr5BHJkeEGg==
9gvJj5eE4sw=
WHg+AojVC8o=
UqOotB9hgw0=
VNhdJIauHAg=
HiK0p7+PKlc=
LRiqO/castj/9F+p19g7ag==
bP9OF76sJGQ=
2sdO7wxCnornAxRpAglTdA==
2sdO7wxCnornxzjnCNDoqw==
HTJZcLTXUQyJHmGaE7rGnQ==
Y7Q8HzkqetTD0Sg7lLJSWA==
wBp9SPlxatzrvcVaKkd1PA==
yM4lYt+AVDVmAcPP6EpkUw==
lE4fGBmu4NY=
ecN5JzBcpkKgXQTOmKLZKA==
ecN5JzBcpkKgXQTOmKLZKA==
S5A6LfdRpDE=
yNzZlPDCJRx1ol4KdF2iTw==
Mh3ldnCWOL0=
3i1tK63lEtg=
tDFy3OJwDqY=
5RaDy7RkPBY=
cHfbHABMtBU=
YpY4nC7aN7U=
IcomjMhmWReuxKgvBAX1og==
LXpXuiUCO2CDrEi8+61nGg==
JUkImwlsuBwN8DRcBH+9mA==
hvE1IDz932M=
hvE1IDz932M=
VXEjHmWRrOIyC5dzwLBJsA==
XjVIDOdHlAPivS0mycXw8Q==
Oc4GhQ21t+A=
IVCZpS0JB+8=
q+hsofzj96mTQJKqCQT9xw==
+9r5Z31SpoQ=
R0q/9hY5ohLl+yD+lG5XOQ==
nn/g6PQ+4Hs=
HQu6Mxn5HqiYnz0FC4QsGQ==
eIS8z4KqR6IBRarvoX8Yrw==
0pxJmffDXgs/e3xBQaNEnQ==
jRlzZ3I7Gsb+ptFWVMXIEA==
6kk5+UpdbUo=
PHSt7MmmZV0=
delWG4xPjT0=
delWG4xPjT0=
kZhKUfZ824NG7sz9noaa7A==
BXJgHvcJa+4=
v/Ho65tGYC8=
5i4zp33kpV74H7gWJulvfQ==
uFCKCwbV8gmtJRCR3B4fSg==
1DJmkVuUAwA=
dTTZOzl0qRg=
G1+mMvnwERI=
Bkik8gZDke4=
Y0RwnRTqUMo=
m5Qly7xkbs0=
5tjXeVQCUz4=
OOM3DQtEDIY=
/jAw65O+ZOM=
z736cbnBWYA=
v8++xYKyTlY=
1lWWBLGl7iU/72UmDV+X4Q==
TCh9qSqWefM=
ZLNIwBhNyGjEtYPFhpq/0w==
5p96caqfevg=
8/vGqws+F6A=
wHW4q8vFMKo=
ooswNSdz3Js=
+vtUfpCdLy4=
/Y44AWwaapv086bP7xx+sg==
7js9+oNSPck2aT8qulpfMA==
UwRyfq0QIX7izlnOtSKcoQ==
ANOehRPpuHk=
ANOehRPpuHk=
n7ylD9aUq3n0PW2hXEAPgA==
n7ylD9aUq3mPsNjqfgEOmA==
3G3XKxm6L/Hwe6txpLJBK91yMcDdKLSB
4RZdFYj7nhBkMocwkaFJFQ==
zcBpIUeB3+E=
miJHPNn/A4k=
wsSGrxBAD6YUzdVzE8SsaA==
cSWZaRIRcSc=
cSWZaRIRcSc=
XKiYe8ZRKFQiSAW/BcVpKw==
/pZrukMKOjc=
b3Gj2/THO88=
AXE3T/XA4cVyrPxK9/WfKg==
gUze1fiE2ew=
E6xBqlg9v6huI1ic2/V6Eg==
E6xBqlg9v6hlVfQvQgb2pw==
JFrIwQ7WYIvmg6egQanBfQ==
50HNQwXDrR4=
7cFIzx8B++4=
9HL3D4z51ZiKKu5u90W3aw==
zjbRFmmxbZg=
l8DLQYFdP6ahtqE+fmv1lA==
fEr2x5PGjV0zUSlKXIYlJQ==
fEr2x5PGjV0zUSlKXIYlJQ==
fEr2x5PGjV0zUSlKXIYlJQ==
fEr2x5PGjV0zUSlKXIYlJQ==
fEr2x5PGjV0zUSlKXIYlJQ==
mLoWBbuKXEH3U8Pp54ulXg==
7v8Tu798wMFgksn2Bw/7zw==
rD6Qwa0iGKMaUlrhzjdF5g==
VCRGROx1Kkk5/apiOHk6lA==
gLViE/Lz5rrK9AODJIKtJg==
A9s1FR2Jr+IrDhtACSx47Q==
5ynzzj0gK1k=
9TIKsbfUvTRARgu/bYuAqA==
Kfn5SknsTSU=
d3QEU1iMN3E=
d3QEU1iMN3E=
d3QEU1iMN3E=
d3QEU1iMN3E=
d3QEU1iMN3E=
37GKgHwjg/8=
1yzrRBVKRRGaf5SpsK3PTQ==
V419sJe5YkmpFYHwoysCEw==
V419sJe5YkmpFYHwoysCEw==
V419sJe5YkmpFYHwoysCEw==
s6p9yLAmDk0=
s6p9yLAmDk0=
s6p9yLAmDk0=
s6p9yLAmDk0=
s6p9yLAmDk0=
R0qogs5WLpIb5p5j2p8FZw==
FxTSa06gtQM=
sWP+6IiGBzOIwfBjoVVqzg==
OVGWZJ2KsIw=
Q9tBTdSzezuLmRRy6Ldl8Q==
PGEw9vEzNVc/N1zorYbVSw==
P5gMd7ps/BY=
HiJlZpe+pEp8X3XEjHSqEg==
k1lnMA9+AYYea/OcR6KTog==
MH0+/YKwxvM7ANMiME8ifg==
5ZA2Ksy+5f8=
/qT8Szwg9qRdBppsyUKAnA==
S0jgyYKnrbA=
2EeHKelXPyA=
5HJApBBiv0Y=
VxTXNha/DC0=
VxTXNha/DC0=
5S5bgCtIsis=
YCnsD/bfei4=
KlC6Edwg7z8=
KlC6Edwg7z8=
kK66IxZwPBo=
h5/Yn+mtTc1Gcl/ctsnk0w==
o0WLCVrGw8w=
PIT9fii25Ao=
KR73yLVDERc=
+JrcniLuiTPnHpVMyaI6iQ==
tlBSIKUD3WAzye6GlaJZhA==
o2kUp4+atN1RdreUQSOF8w==
ZclrbsIn4rL4UBQ+AUEwVw==
ZclrbsIn4rIviuGtJ5/BSA==
ZWZnGV3SKUE=
td2rEzpZO74=
Sc3bmtFFO4HqgcAnOJ6DGw==
j9ZUU7VPA8B1LzvjZtZjEJg3k8OO7n44
JTPm2dEGRDc=
AZJ5/IhvSWY=
xw8YJYxPPiecRsUuI1ka6Q==
JEDzf5LKChk=
JEDzf5LKChk=
JEDzf5LKChk=
JEDzf5LKChk=
JEDzf5LKChk=
czQp7NDJl30=
RXjvCuDV0BIa/Z2yjTIHTg==
enjn+d7AoxM=
enjn+d7AoxM=
enjn+d7AoxM=
enjn+d7AoxM=
enjn+d7AoxM=
U1grnMGgGt+62SJS4YxRng==
UqVj0fw4PrI=
yWD6njhPSdquBjuMeTdYbg==
AB0eILzoNSc=
N/+RmjhNDrM=
3Xi3NGMxglQ=
6svKtXblAzjPSBfLM1wriw==
/kTtBGu4fe/LPN1VCmmt3A==
ZN9K0T/6yzY=
4v6fGBbHTgM=
bXgErNCD84s0bWDJh9PP8w==
d6qCqMw6V/g=
d6qCqMw6V/g=
d6qCqMw6V/g=
d6qCqMw6V/g=
d6qCqMw6V/g=
IixPRMVySTuywu8BWBQGjw==
jVIY1mR53PFXHCiYVM/wXQ==
6SHqhE0VOQ8cIOboS64ksQ==
rKY308ttC9f9v4JLfDYtkQ==
89tbCHeI9a0=
3RCLjqbi02jIRjfL8hOakA==
KNPYLQhFmvE=
oQl/BxWeKhGpnhKrm5UXig==
0kj0j46CtaKhHev849mObA==
vk6ZJX0LApE=
SrU2EKXwhvv+51UDSUcrcw==
2fHph7Htdu0=
N5t94XqTVTk=
N5t94XqTVTk=
8oJb5h7QJc4=
WY/gcx1OfVk=
pk9GtFxXNPk=
dh4t6Dn9oH8=
+XhiECvPu6c=
niF+NLeUX81fKmc+eRCMEw==
788Z0MQbzQ4=
4YfXjc/du1k=
3F4K5MFqGS0=
jcvevKKcYsI=
p8XLhLBaafGXOwaZa3VJZQ==
GfG64y5PgnNxhnwOx2tGNA==
p48NzTUxO3pWGTKB0/cCXg==
p48NzTUxO3pWGTKB0/cCXg==
p7fzii2erP8=
Y/xHXW6wRck=
uyo+ZChkTAPF/JSdSpToVQ==
CSZ99iHTThk=
aPRNJ+z6xbx2I7HDICuA2A==
nDRczNmv9z19ZlcFmyOpPw==
EGmGdp/Uxd0=
dm8u7PrIajtqfAY0h5se2w==
QmXys/go9ds=
QP52ceVtf5cWYEo7PXlflg==
dKQhXyjEiZHvN5Ecbbf5oA==
JZTp2vU2P5clXOD4MZz9oQ==
QsAYBknNMMidysCxJBsw1A==
CrU9R256S/8=
XcdoHdHqH14=
8NJVhmp7YA4=
yg/2AO/GTK4=
U7JjCc8wmJU=
aWz0sPPY2Cw=
YvPJo6VzuXs=
P33cxkTmzQo=
mJz8Vfm2TGo=
74begwIIcAA=
bmu137mfCug=
spdpNbxsAfM=
eGt90ddhq1U=
mQGJ3a8Xrok=
fWb5AggOkmU=
CNf1p0oufKaJD4oS0eKSjg==
vcEcEBbIb5M=
UipE5QSs4pM=
7x+lIMrHyRM=
M73lF1/wpH8=
TBvo2kGiRts=
TBvo2kGiRts=
YjKOzLT7Mp4=
ZJhV4tXQ+OQ=
Yjmo3B/xQms=
Yjmo3B/xQms=
Yjmo3B/xQms=
Yjmo3B/xQms=
Yjmo3B/xQms=
w+S+nFFeCZA=
w+S+nFFeCZA=
IKsYGADuHFvXoqPh+ZHP6g==
IKsYGADuHFvXoqPh+ZHP6g==
BP6LpWMinYQ=
48hdN6XQ0qw=
VArLkL9rp/s=
YPY8GMAy3nE=
KUJOBO1znxQ=
3FAolxx8y8k=
vco8XUQZTIg=
okNNrgGYO7AWUz/sFxTFoQ==
UoZiY9LCMBc=
LvneCeydnyIWReyBiiij2A==
0rFJM9q9Nrw=
Uv9zpwkeikg=
NtiIDE4bMpA=
JhYTTw9xMfY=
FKSl0BwokwE=
gRVIRbws/Sf7QQDDQnSRiA==
vv/U1ZQ1Pb4J3b/g47+9Rw==
sSN9E0mwze0=
6lkBzMkGock=
Gw326WRhtlEG0eAmpWDZTg==
SOWIQ30H3ls=
FiPr8J3vv9A=
T2mHCkw9FSQ=
jZF0B3FapAI=
8L8hZ5SKLSE=
b5VAI8co4Oc=
0z/NbMAVDhxikqS2835oDw==
zJAsLwe3NLLmEWnpVLq1uw==
TpfOZD+f58U=
KVlKv2F1MS0=
bJDJmXT3VVvnYsYfgPG4mw==
3dHhCyLsbRx2c7bU4nPX8g==
3dHhCyLsbRxREcZwu+Vmzw==
3dHhCyLsbRxREcZwu+Vmzw==
3dHhCyLsbRxREcZwu+Vmzw==
3dHhCyLsbRxREcZwu+Vmzw==
3dHhCyLsbRxREcZwu+Vmzw==
8Lhr1GrfqB4=
aTdkmhYS6ADmztP896KqdQ==
O4lwsDoJ3SA=
b1PxYWEl4i4=
d5UdGQdIEW4=
d5UdGQdIEW4=
d5UdGQdIEW4=
d5UdGQdIEW4=
d5UdGQdIEW4=
fjBMR2SInMcc0YYUqatvPw==
DhtIgum4vtg=
hg2Z0k2O874=
KxSTKyQwlh8=
/QQ0AzzRxXg=
gBAQR00YnVk=
0pBW9NoBk6ymgNgQauA3Ng==
iyQ/6lpvPDQa3CuAWKy9eg==
eEmyzI8SlO22pLV9QLUvew==
B4wGrZD2N9I=
1SuyZ3e9Zm6UNRnB9s/hPQ==
kEKy0P8+gRxd8TuqXC2AtQ==
fwI96VFHR/yjZD49VWGozA==
fwI96VFHR/xQTE21XrJ0fw==
fwI96VFHR/xQTE21XrJ0fw==
ANrtwxZlsR2/rXxKQiODCw==
JFnDakpLV7ULQBqWV/jyaQ==
FMaKrM3Twyw=
Z+AmmDgNTZ4=
OW90+seGCbo=
OW90+seGCbo=
+TMoNRETB1fGWVCxrqTdDw==
E6Y/ksuBRZ86KAvUY44v0Q==
MxZxpLcVE3A=
/r2vSyDumL8=
dKr0bGShO3A=
xSdxcob3DOo=
Jw/Z3rTLPzA=
W8wbg/GhydOnJ4wLGE/k2A==
c0Qp0MXJvVY=
Ji7PNfYendc+g3Atglhxew==
uoCp0N0vbRvrb6bJ5PFPDg==
uoCp0N0vbRvrb6bJ5PFPDg==
XFV1feg16PG3FdcdgxpSGw==
u8IGD51G5OItypKkPjpu1A==
sPey2GJ32LY=
PSnxhvRvI6daSRruplcK4w==
0rGjj8AR5gI=
ECEsBm5FzgA8i8VwY4wQPQ==
1L1LxH1KIYTCBX3LPWi0MQ==
jEW1HU3se8EmrToobxGhcQ==
7bc/Idqetc4=
YXgA3Ab41MRMYot21m+6Ag==
YXgA3Ab41MT2AtkvKYefaA==
Acsq9GEEW1kgHexAZ0gAoQ==
WFFu+QQoOaM=
AUJSXc3RNWoyJV6hFKzmaQ==
MZ9l9HTGmkE=
52W97a0c4o0=
QaL0TFuq2eQ=
hiVgN6H4P0Q=
A+3dK39Libo=
maUir89gkMY=
6g4FrdeCj5BoUi84K/0f+A==
4OCXYiHUQ078DujjT7rYqg==
Md5HUISQC9U=
DW6vQWCMAorZoOPto6c/pg==
FKMHQBePSX4=
VQ38I7B5cmA=
pP9BL2m0lQG7syYeRA6Jpg==
K0duV3PIGHZlwii7O9aqQw==
xAWuxY63OyU=
xAWuxY63OyU=
mYrAOX4BnAc=
MOL1gVzwnW0=
gV+fIWidCvk=
obA5DO43t+c=
LhPRAzaBzn4za5GXKP0vVA==
Emr5WsqobN4=
zAkOLBvjQXY=
Wodi6pydcu1UPXivGyJo0w==
ahHBhCaqKp8=
7BQb/Eo5L0XP7XpFrCnn1A==
MGUUo9OiLLAFQsfrwc7Ulg==
mKES0IojNrk=
tZ55+xhRLLk=
JDs9e636ZsIeYQd5ofwuVw==
JDs9e636ZsIeYQd5ofwuVw==
dbnsLQSCaPA=
tRwL88N90vI=
R+NwFymyKU4=
Cf0salY0pEQXef6tgqobIA==
ehU4prM3Le4=
RYBELIv/1pI=
6DWXY2kDaDM=
6DWXY2kDaDM=
ZysWX2focMY=
F28NWgxPEzHgl7ND/qbuUA==
/WlwtbxGq4PxUBDIfB2Flw==
/WlwtbxGq4OtvXhvAtmxZg==
qGtys2YLVwE0JAUlVekNSQ==
wYdc+89S1KiIfXiKEZCSTQ==
jU54eqgQaCIgDawveJLQ8Q==
tn7cPAX6Hsg=
L4czDwNeCs0pw7dOfIaWwg==
mSmbsiQGMyE=
1W6bLA/RpL4=
CS/Tj0OaYsk=
0jAIo5ib6PlzZxSvg1+ViA==
0tphdSF+qq0=
0tphdSF+qq0=
0tphdSF+qq0=
gzJ3iKG1veo=
MktlSc0uK+Q5otpviPdyUQ==
O417suklVOo=
77cyhqM4sehNjWYYb5GYAQ==
J8XkySRguPvcB4oc70HqGQ==
QgLOsK4cSLbtFBvJccKpKQ==
EuYneBZ4hSg=
xsGlJp+WM4E=
HGawwpQ7T6Q=
uChwzds7GWgvOQeoIHy02w==
uChwzds7GWgvOQeoIHy02w==
uChwzds7GWgvOQeoIHy02w==
Ms1M/GhLeHWxEbeqMB7eSA==
jyagTrMJj7b5hkZqfyIIeg==
8yJVSSeyiuphkbEBfASgfg==
4KtCg+E5pB0eBxqj3OWyzW9gWDfhqR+S
hd5Loxr1tUkUmTTfIsvxMw==
eyrZ1pDHPgitG+ZoY5IOL/b1Kw9TdtD1
x2GjLbTQgp/YWiRnGQkvpA==
o2sTsX/lcVHsKyag0/Gcbg==
eqqJoIvgFyt5v5dZFnv/FQ==
1WmNubhRAkFl3KJIX6dN6A==
8Hc+SYR8b70=
F6odt2LLW28=
y+CLjta3wSyReJ7ZZ2FiSQ==
SsJwgYuLurw=
OlUebScE21Y=
jayMwiqaCcE=
5a1+thWC++SAvSQrbbDtIw==
5a1+thWC++SAvSQrbbDtIw==
5a1+thWC++SAvSQrbbDtIw==
83t2gzvaPkpXsFx3aS8Zaw==
I1SPEN6cBHc=
cD0fBCcpyOCUwbFfEWNJ9A==
PpxTn1s3/bk=
6Tt4p4aPPdUUwl5FYtUjlA==
nVi+fUc7IqR8P4NvOktQFQ==
9o0DtHfPsYJbF5VTvpPWIQ==
7SL9Ir3ySv1IBmeOEuNJdw==
qE6KXAAtkABnv7u8Qh0TXg==
531apIODjdbhPuQhaM24ag==
ItaeTSnHt/Y=
QJvm4wJP6NtlL9H0kYxNKA==
QJvm4wJP6NtlL9H0kYxNKA==
QJvm4wJP6NtlL9H0kYxNKA==
QJvm4wJP6NtlL9H0kYxNKA==
QJvm4wJP6NtlL9H0kYxNKA==
QJvm4wJP6NtlL9H0kYxNKA==
QJvm4wJP6NvZScyC2xfbgw==
YRWS8BU3GJc=
b7TNHNDER05nB5Q2/9ABSA==
0Nhb7X2tT+8=
fFvsQwrT32Q=
1RmpBfJT/inhnT3hFH9zMg==
RxQSXwFI+24=
RxQSXwFI+24=
hkaQmnZvDiVrHs52oadtXQ==
NykavGSCVSY=
RikK26NucBQhDRxZHG3ddg==
M+fks/uUDjeAypvYW25vaw==
zB5Qkwx582Y=
cGxUk6lxi9Q=
WJhZONMoKPo=
kDiKye8oFBM=
i3/Cc38hZxMOaDYIhU0NiA==
kukR6o0SSaM=
RghGVnMj1XU=
FHaww/uv8YhlAV3yBHAigw==
YGR0drZJY85bgTpJtfMFGg==
U/llZwhuDo8=
aYSEVkH2nLghdoIXogYoGA==
aYSEVkH2nLghdoIXogYoGA==
aYSEVkH2nLjI4s0SVwXFPA==
WOLJSMuWN8Wn3x46NAWnJQ==
PHEzDK+BaDFDWnH+L0zyfg==
PHEzDK+BaDFDWnH+L0zyfg==
PHEzDK+BaDFDWnH+L0zyfg==
BmKpeSfVhptI8VsFpwWWAA==
r6wX4vyOP+0=
Z70gttiHXbCH8Ve7Objppw==
Z70gttiHXbCH8Ve7Objppw==
Z70gttiHXbCH8Ve7Objppw==
/XBh+pV1QLA=
hd41o2fXk9w=
iyeC1aN0UB0=
iyeC1aN0UB0=
GmijYqN0nzPa1Ow2doNZOg==
Ym9JmDZ7cgM4gKNLmUyUmw==
rjnkHiMdzOvjyyCHZYSYkA==
nGRuE/bLDOM=
7RV9PMHZtys=
LS/EHf1fbstqNlvmDdFUnQ==
0WkuiGYIWKo=
sVlHbLF3LtU=
+HLrWDEeSsA=
UR44Uc7q4fullWg7uh7A9Q==
Z2aM8BnM/zo=
Z2aM8BnM/zo=
INkAB1cSe/r4CEQ5HZNusw==
Dt/Es2AZ2xM=
6HaL6ULg9gM=
h4P1XYCFd01ofjcPZ3qHEg==
VyIPxw7gy34=
0xadWsZvrDY=
thIMRpbLRpEWkrFj4+yM4w==
OkmlKoOWiSWQGh1PKccuAQ==
OkmlKoOWiSWQGh1PKccuAQ==
Yxdqcvi/OHs=
0ycVMlpDKq/5SuoYtFRM8Q==
yGmTd0wDisddM9ZLeIgOxA==
PQamFDJWO8g+CZ2OrSunzA==
0VkiGKJZ/LSqwywAhR3otA==
/1CY6DYLMxzyaI6X6KEErQ==
UA7ebWJ+Xmw=
+oD+2NWGm74PdtvBZ5kV1Q==
t6YgXr0uAuE=
GUE4U8m2uNs=
GUE4U8m2uNs=
9Z0WOXr/M/0=
kQpCQkoDAFY=
W/VYIp0DTWg=
Cj71FkJe2/KsA8A5/N+38Q==
fhcBNQ0Afdk=
zqFcJ2bZ5UgshG52CGwZ5A==
3xgwpMqlDDE=
kDGYxYGmmb3dMFwctlOxZQ==
9zuTQRhIqxQ=
x79qnAbPzZQgN9wZ8+gKiQ==
g+rdQW8g9LM=
Y6kikSOBtiU=
G6cDiOFodihqVWycoyugXg==
G6cDiOFodihqVWycoyugXg==
EwccVWmLt5E=
EwccVWmLt5E=
cRU92qE7HL/JxxcpV15pwg==
gyX/6ReJMW3ineVzMkMIKA==
QV2NhdpWCcs=
SN1BGBeOZKg=
LjqTdFgLXsvpLn7Nj0wvSw==
s9FF8QMlZTJWh7mv1XVqWQ==
BG91XyIDMHH17aszZIac7Q==
BG91XyIDMHH17aszZIac7Q==
BG91XyIDMHEL3h0msizfpw==
1k7W84ljIEArIcj9ZnQqqw==
0JsL0yO1rq4=
2EiN5uT1ixc=
bvS37TP4OYY=
a1NgJy8KXVE=
pju3YsFyeu4=
4OVQDlexcWc50i/fDKNi6w==
4OVQDlexcWc50i/fDKNi6w==
6NIKhWNSJEJ583Fu8UVQfg==
yGz13y0CtE0=
yGz13y0CtE0=
yGz13y0CtE0=
GKcJKYg7pDinn19MCxgw0Q==
jpC2ayTT1tc=
f4G5FQ2jbRY=
f4G5FQ2jbRY=
0LVd+87z4VE=
V/MEFtxijuGWx9cJvfIFxw==
TPePJtHu6Ts=
SFJIcCQIsb5ZOBkSO6W7aA==
Z9cLmCHE+rc=
qtynB/QbyZY=
g7EwVU2DKDza/uGyvAr0pQ==
dGm5A7//W2w=
GNSjJaBVDtFQdKG5yoFUJQ==
AuC0lDbtyei3XwM4sK3KAw==
nMlgu6HLiphNJbGV3KsKpw==
lVFRpYyOWEw=
Hs8y2GeD5lg=
UKVz91Nmsmc=
7TLF5UH9CJM=
W1zauPkOgF0=
9UZ6FD7FdQY=
+/LwFTVBtxWpGaN1fA4QUA==
epBp/vckSNA=
BB4H/Tc/vAg=
2Zyyx64EUQY=
UQTGjGbdPSDQTKzEFEvlXA==
D5z4Mg0gBtM=
5DxlHAz1Zkdpvw8xypHHbg==
Mu5jMYRffQw0eE6Y5REr4A==
fuS95h3t8C8=
O+0/7VpA0wmBBTpaxdXPDA==
Pg6hxKGymwhmmswFF6j2hA==
1oxF0CqcDLzri5vSa/Bb7Q==
pcTnmsmxNvA=
dYz6iRdT/Lg=
6dulGsiD5Ck=
pTflt1wqu+4=
pTflt1wqu+4=
WR0IY5OfUvg=
WR0IY5OfUvg=
WR0IY5OfUvg=
WR0IY5OfUvg=
WR0IY5OfUvg=
WR0IY5OfUvg=
uxvPo+fr07lnEVZzNVrEmw==
eXOA0azwh20DBME09GulIA==
GjMYBi6QMb0=
Liz31RCsV+E=
INVWus1QIOEXF3PukouvAo9b5YdQXaMB
ApT0Swv+hBs=
ApT0Swv+hBs=
jrv637rmDIE=
PzfURAuEhJc=
1AW3fpMLtYU=
zIbvJyj23W8=
JiaRMhDBL9s=
Wq9D3L6jQ9k=
06zNbhHZfCo=
GFzddp05lgE=
53ryC9nGMTXq4OcCIKcrJg==
Q5tGHZHelio=
+j9Mual6HX0=
2TELflDNAIY=
Xn318u9jKyM=
1JV8Y+u19a4=
vK0FN5xmmLg=
JzL4iu8cOBA=
WRkEcWzXA61qJUxDSFDK1w==
eLv/T5QVGjczBPLsMRPz1A==
Cln2zqNlcSw=
XkSOsiieWL6/oJF9El7U4g==
XzMRPJAUaFB8m8BuSkakQQ==
3QxfAmgkYBLjgcNQJB5t4A==
9aULTeTcOz0=
c0EfR0XY4MhW0S/3JH7uXw==
U6ds8n1w90U=
U6ds8n1w90U=
ErzI0v/gD/GKEtpFxB105A==
zRh8FZRny+b2gs8dAzxH2A==
fbrNcd+iMPQ=
Nq18nwQ9qS6SPkSSUsDK3Q==
DyTPDWqcHOdQ1+7Gx79aHQ==
YxaZOzCuSEE=
O2fxrZiYtFg=
NvQOQu9pZdY=
NvQOQu9pZdY=
2CEbk76U2Vs=
2CEbk76U2Vs=
2CEbk76U2Vs=
2CEbk76U2Vs=
5o/dkA2Fyxs=
kur2JxPMuT8=
kur2JxPMuT8=
kur2JxPMuT8=
kur2JxPMuT8=
kur2JxPMuT8=
kur2JxPMuT8=
9P8jVczeI8w=
90MlH3/sLQc=
3ZSKwghhITY=
i9VjyfkuZNw=
syHCzv30wTneuzNakA4e+ykhjIjf1pG8
TDDjesFsLag=
CdStGOb1+28=
eyHYRbgjEwM=
mkjVSN7M85Y=
qcgAPYZU0j4=
u80Nhre6/io=
u80Nhre6/io=
Kjl6pHgRzzllEKrQApDeHg==
mo9B4QG3UM9oiE43ojGQCg==
Tsx6MhKS0j05LE3PaXS1aw==
mt4SjNmFnaSkTo72NsvUeg==
BVrssbIVGItgvPC1duV8fQ==
kRmeNYmrAzY=
UNqh0Lz+S7FWI2v1JeVbXQ==
qVX+hA0Evho=
aQjy2etPcTSLlPLIoWC3YQ==
CH+mN5gEDZg=
Wy6JfhNGcIQ=
21KHBJ8YIC4SlN/stS76sA==
vLaqAsXo6O3LoPKckthUcw==
vLaqAsXo6O2OLqBn5MkSzg==
vIBtzFGSm4DcrgMzJ24LQQ==
KzMb0XG1RCZ0t1y7fhCNURyUPVpqPBzS
TAk9A2YylVY=
qdJMyUih00g=
VpL6mxAhMNc=
VpL6mxAhMNc=
al20IjipdQI=
b7aI9J2y964=
b7aI9J2y964=
jU/FuYSJ/F0=
EcXps1dFigc=
lUHtlj7Clzh5Lp73/i9Scw==
1AQD0TFJ/NnMW9UsJ0dJAw==
1AQD0TFJ/NmHRoePzvqcDA==
Y7dqELQxgtA=
0FE8seBHwR4=
0FE8seBHwR4=
0FE8seBHwR4=
v5NKgjpMltzZEfA9KmmZtg==
ydLjpu1qF8g=
xTovLnetV/QgtecnC8M8Bg==
lyBJzy7oQCw=
lyBJzy7oQCw=
lyBJzy7oQCw=
lyBJzy7oQCw=
CMSFDyrl1PfOEukW1hquCg==
Vb1Cpm/WAbU=
I13m1z6eKwlNi5SY5s4EZQ==
qyqbctIPE3I=
IyPK5Lcq6P2uRIzBoldEkg==
TdR9XJsb/cT1Hmad2MyjDQ==
CalVaWv38/A=
8bVU+GZN02U=
20d5qBRCpWjTesyw+rFD8Q==
kloyp21ZIsg=
AZyqkbYlkLU=
U+tfiWSmAGfzddKJ68dAEg==
hmf1FCHcW71+8+ftfet8yg==
gOPYEO3P/0c=
GIsquub3DYY=
9B6mamAxN08=
ROlaA3R5Sw0=
vRzqqFkSyYIGox/3iszEJg==
ATwCQ6IbAqn+32Qtb9Rzzw==
FP+YOBO4NyNZpQxezv5E9Q==
548xIEoPr4k=
Vy/hXNf/rJiB+WVNhxu8mQ==
iWYr5gVG2FM=
iWYr5gVG2FM=
iWYr5gVG2FM=
iWYr5gVG2FM=
iWYr5gVG2FM=
RlL9rpp+G9DjqGHSYyYCEQ==
Wye9XH7q18f/jlxZ/6fl6w==
jzrzN/wjfxg=
Kyob+VQxLWKW42CJ53o0Wg==
tNwjPALOvuM=
TeSrnZg47WZO462DHLdCyQ==
hCnwKvj9BXw=
UwyxnM6Vy2A=
TDndOPQR1G5lzn04V6bb2w==
wbxKHMgfGWsvY55K5ipC3g==
CX5tHqmCkYHPGKdDRSbj+g==
cioG+vUZtrOVwQG3IrB65Q==
k/lg7Tlw4qNOCjAGF0XJiw==
844kwjSbLtxE5cxvKVwapw==
62s10sNjcU4=
T+c8T/JVQcqcpmyJnc1FGw==
HxnDNSYQw+4=
45JKX9ruDGfU2FZLVdMO+g==
62lu4UmkoZ3/006QCK15pA==
o+Xqby8AGrQ=
glqPbwsV79G/ZnB87Z8r1g==
+PLopJlpCno=
CWa3p0Al7pw61i1vkMlwIQ==
jkJHoSnFxj+I0FhcDMrOGA==
jkJHoSnFxj+I0FhcDMrOGA==
jkJHoSnFxj+I0FhcDMrOGA==
Xnqu87keig9Zwf444Wsudw==
0HrCCOjI0Kk=
I3q/iVYMU0UAYKifwDh/4w==
I3q/iVYMU0UAYKifwDh/4w==
b4aS/cw0jk1heiPtPnylaQ==
jiCGp30DYm8=
KjNVnEt5+Fo=
P74HJEqJhtt/UufOkMXwGw==
6tr4yIdZH3nsuOtyfWMWOg==
tqhGShvrDGDaKBVgJ+ZUaA==
liegGl/hYcc=
La/OWIAr4U0=
36X94OvS5is=
iDhYdvbXi3M=
uAHRdJsf9FYLJzFDHfrAkA==
3HR4eqsU/EE=
WSTCCXU5CxoU1AGiQEBqYg==
S7jjPR6esaLYWRT/lQiVoA==
S7jjPR6esaKlTy9ShPHcWQ==
vYHG0KNHErw9LnCL6Wc3Gw==
eVrBlR1LHLc=
s3try1csz7k=
PdDlEHHnb/mTjHWqSHagjBjbjxYLquVR
FJAbeMbYffqotoAdgvDn9Q==
fTyCfJhRU5BxN9XiaVNiEg==
IotcRxVaD1A96qkKkANrrA==
IotcRxVaD1A96qkKkANrrA==
IotcRxVaD1DZOwbdhbeocA==
h4mYuSz++CM=
bzs2eCaFWI8=
kZFQ5jT+pKc=
kZFQ5jT+pKc=
Tqk4yk9pLfYuUTTQFmariQ==
trIR9n4NMxTjqvhtrzCCdw==
trIR9n4NMxQKpDZCHPCajQ==
oTrphy5+AlcqzVNbHUUlsw==
lA8JBqK/LZM=
srkcoECxFqs=
c/F1MkLVPG+7NjqpIOgbTQ==
lCOWuZagmqpH1+PX8HHIIQ==
lCOWuZagmqpH1+PX8HHIIQ==
jTeh3Rqy5Vo=
oW5kVX4P0dlRYQshHGZF3A==
i03Ibqucdm0=
IztC8p+ICcy20acvJzuYlw==
XN643iaEHrO7LqwhPjwPKw==
p6QZr/qClYY=
F7oR3AL0apxJPB5WQFDMpQ==
THnhMMXARyjQJgqv0B9j5Q==
ZZTlIjZArnH+OC6ZFYJm/w==
bobMYlHhtiq7zlsbZF+lRQ==
jTnxz98DqCM=
v2rwTaJ3ymQ47Ry7YgLxqw==
v2rwTaJ3ymQ47Ry7YgLxqw==
v2rwTaJ3ymQ47Ry7YgLxqw==
v2rwTaJ3ymRgcWYP+R/GUQ1w0u279kOd
69OwnBZqAfplZi1CAEOdng==
TXt+UbM4bGYnyjaLB0sCgQ==
tacbPD3JfkzqZbm7JyOqHQ==
tacbPD3JfkzqZbm7JyOqHQ==
tacbPD3JfkzqZbm7JyOqHQ==
tacbPD3JfkzqZbm7JyOqHQ==
tacbPD3JfkzqZbm7JyOqHQ==
9X+WrbY9nNJIy+z+vrotmQ==
V83ZZeuza+ctPpOd0D/kcw==
zJblOi3S8H8=
mVayZaegTv8=
l1k8vUPGVSQ=
aGnPYefyxluom6nAbv+Eig==
R0PmakzOosg=
Y6ryyjCpOaTaINHDHltToA==
8F/61E9KEdCJIA8GGQMNTQ==
9ZVWMkCmH1U=
WpZLzu+WIRnOKQmwvCTQOA==
0wPiQ/1mCn8=
0wPiQ/1mCn8=
q4IdkRWHqhyIyRp9FloJfg==
ThGDvtQq1So=
VkH2UMNe+RA=
ImW2AFgvq2o=
uBoYvf6xfmE=
NgOXbHV4VeneV6ghtTj9iA==
pjEtQm1LX5fs4mNsaAVnnQ==
pjEtQm1LX5fs4mNsaAVnnQ==
pjEtQm1LX5fs4mNsaAVnnQ==
pjEtQm1LX5fs4mNsaAVnnQ==
LJwIaA+o6n0=
P1FeajAifEs=
WB33Jm5pkyc=
f0+eVJHEk64=
LpHhYPlfGrs=
VOUsfhQViKc=
wShrFdZ7SXnxrdXTExdjmw==
np7QoC7UG47ZXv9vw3VAOQ==
Qra+zXDWMMAP+3nrAf2CMQ==
0r+tT14JerQ=
rG2E/MURgsk=
QmIDiJbQoTdBjcw/2JyH+w==
QmIDiJbQoTdNAndCRIcnyw==
riG3nEaZSPw=
cwGEC3odFsYvIk2exgJYuA==
UUqlknEQc+Y=
YYp7TDvMTuc=
kwn043+w5Xg=
DTn76BdWMXrWXeroCdVEfw==
SiHy2497CA4=
d4j7CQPfe0D4fVS7vrUJDw==
MYZdm3Go1vk=
jXZd/wCD8TE=
U/CrEPGsEDqiqrn0Q5TGFQ==
Vs9ICRtHm7I=
S1+nXeLlF70=
w/xe6gWC58Rv3+SSrt4Qjg==
pMhELxxFFxA=
6x9+FdmGNOw=
sf6iEQoiwos=
0It1k4IX5js=
Sj5ugagwU/E=
a7Z1Kr0MR44=
Y9leXXlOHgQ=
IhVrIgpShQ8=
iSZ35PKUDFSEgsAfhi3Gng==
eK6DspshQ3c=
Q/xS6vBnBhs=
Z44WRTA22yhERv0u4E14ng==
ChpsMba5LevpGe9EokJvRg==
Cb5xt5Fao7k=
XGitoSlg7JE21gF2wIVKdw==
rFQJl3EbHvE90TYqXpl1qoG7jZIC+T4o
Jgrjc9YGWka4vUkhzuCH6Q==
tGptV4ld6VT4xWYaf8NYiw==
ZK7fZrHT+Mc=
X/6+xI+0gkc=
0w189ZE5aWQ=
+F2NjYPFYAg=
VhXDzm/07uZfLGre5sePAg==
1KHk5tM0msk=
0mlh4OLP501zC6DkvT+2AQ==
4YWM1WemHck=
hUUxpGlgMwQ=
WoQdRKwAs8o=
syweM7JKCCI=
syweM7JKCCI=
syweM7JKCCI=
tT5PePev4883B9Xpbrv8eA==
yaq17LSrJBs=
R/i4Bipl4g4=
TTwDgtSP75w=
SgxnjtdSnxy7ENMseq4mVQ==
z1GDiyS0mOkWEzGpV3zY8w==
KleaPEWxc90=
3jF7/hsceFm7KTtDfmKUTQ==
7952bWFxyqN4Q6sbRJsvvQ==
qJeLpk5ARWwc+i9cRk3eAQ==
mgqWcJP4J5EMMI3WQrcE7w==
f9fkj3BDzfQ=
hbff6rCSF2is0HdYhMdG3Q==
CWwDw1Qi8aQ=
YD8AD32mk8c=
G1OuyMdcE62RRYHZAbVJcw==
WgCcUMguvMo=
LZyI4q4xHEo=
4FxBYMPFJI0=
5IUWaUlbkIUpsSnNy823eQ==
F8/r6+Z6DvSjGu0A+OlK2g==
fTH+bM/S3Ko=
LLXtrH3KHuc=
NLPKWI0rDWc=
6Vfe5CLYURsTOtHiyQtic2xnUZNVOuXz
oJfrkVKMsyqQPVXKaR/W7A==
jpBl7QmTgFc=
jpBl7QmTgFc=
jpBl7QmTgFc=
jpBl7QmTgFc=
jpBl7QmTgFc=
PyDBDxR5M0I=
8A+CTD+lW0TEwMUmtCUrlg==
evhjCMQD1o8=
2a9bFYnIaPs=
fzcR3IQqziE=
2YAxDwCUgy+NbA5f8TydTQ==
nWqGLibPtto=
QJ9J7I31u727qDV4gXwuzw==
X218LxYAjfI1afgJEmhEWw==
ItiFN0QtAKo=
IumEghoVJLI=
JbO3Vb98O1w=
QpNfvVWvmsbDHTw382rPhQ==
4H1fe7EBtgU1u+mVPYPSag==
OU1JMcWuKW1PLcUph+AvMA==
z3JklaZAJw4jJW1gS/mUAQ==
z3JklaZAJw4jJW1gS/mUAQ==
r8S5edXfdL3GX2ClOdPCKw==
4oz4EwJvOWQ=
VidND9putzGJSCX7kCOIXA==
JDRrJk3pFuLFzlvIYCVC4g==
rUvRi8iW+bE=
6vcV6sV1X6A=
8UNcEZwsemF1Di8/IyvPtA==
sGWj8dAeUqJiq08aUIpgQg==
nNkWaKXF+h4=
vWsk+tQaBUo=
Nv7+zHOJLd4=
gS2BhxK4mDTQuDbKsukLWw==
L4WM+xUKZQSLNE5YTAzikA==
L4WM+xUKZQQ88M/aLKbk+A==
LGglO+o3Yfg=
LGglO+o3Yfg=
2ktEqabGK1A=
CLDyEqeWixY=
NV4RtlFBC98=
3QE0svmnT58=
GMpotwrHAYQ=
+physPcVZX0=
vYdAQbTg21U=
JwggorNWmxI=
jWm897tMidI=
jWm897tMidI=
jWm897tMidI=
Eosu8TjwsOqrf6TsdIWPYw==
+oLD/yeqrtgUafxStnVPhA==
NEzomcfB45E=
NEzomcfB45E=
P6rRikDQCpU=
yx//agBg0q4=
gEdQSyVponTzDDonQPRs9Q==
gEdQSyVponTzDDonQPRs9Q==
KXO2JKe77Jc=
KXO2JKe77Jc=
GrZ/kZe90nQ=
pCkj23gwfdvI4Os7oxcowg==
pCkj23gwfdvQLX2wHBJ3qA==
FsoF3uoSVTQ=
27WN2z9/YPs=
fflzzAwKINu0XW1CSyhXHw==
y+OXQ3g0H40=
cQST1vsQAG0=
cQST1vsQAG0=
Iq3qJ07pbLJOt3b4YplI3g==
yhPi0mQxWhQ=
yA/KgmV8Sq69C/x/3ika5Q==
wWnCN/IYkKU=
PkhOAAmZ+0Q=
UBObhe0KBjTqtICMcKCmmw==
3J0a9+uHXoof0CSmfb6bEg==
QY3N8g+GJwCn7DkviC17DA==
FYk12a1YqOI=
460xMjFzOdczwXW2kHZ7qQ==
FcR9ydf7CDVH+GhiXLPpTA==
FcR9ydf7CDVH+GhiXLPpTA==
gIOrInCs77hu+bfwB8tM7Q==
qoKy11K+/F8=
dR/ES4sgvJI=
dR/ES4sgvJI=
+RGPDH4IqFs=
+RGPDH4IqFs=
+RGPDH4IqFs=
+RGPDH4IqFs=
5CT3ulc+DJeS0UHyT7cKAw==
5wUVCrxMdog=
5wUVCrxMdog=
5wUVCrxMdog=
R1e29GefilGBML2ANVNL3Q==
iFGku0tUPPY=
rjee3Wi1XQg=
rjee3Wi1XQg=
aOCJ5NFGLO0=
U94WBMdD0OmrILbYm6V9kw==
w0xI+bNfOeo=
YQXvvYggbtqrVcdUyAO8IQ==
dzudQAzLcKM=
Ol0ZPqw5rNc=
5US2FhnnZLyem91ij+LXjQ==
5US2FhnnZLwxavebwhFR3A==
P9WUsPoYRKA=
P9WUsPoYRKA=
P9WUsPoYRKA=
wbE2cmJrp6HzpUIEmEWnVA==
nyChbdM3/Y3kJHtLeCq4tQ==
nyChbdM3/Y3kJHtLeCq4tQ==
nyChbdM3/Y23IezkHr8o5A==
nyChbdM3/Y23IezkHr8o5A==
nyChbdM3/Y0/chuF+u7IhA==
nyChbdM3/Y1S2RLKfvBrCg==
eXqdSBpVJm/iDovki5HjXw==
XKBeXp0UxRu+kcM1nfthBDSRK1m/VnZz
zvQxWwQYRH7SKnbXLre/yg==
USjqusbewAPlwpU7cO3MEA==
USjqusbewAPlwpU7cO3MEA==
L22KY22iPsk=
Xn6jllSW8kU=
ZDp3Qe7DPdU=
w2Ey75oHocLTyhUtWNzM/Q==
z3TuFcTY6QtBv9Vgcs/nOQ==
ItnrqUuWkt0q9z3zwTICcg==
DmG5YTop0vc=
DmG5YTop0vc=
RFY2KCoCPfJFsCqfwsKwWg==
2vf0+LGqfhk=
qIJX2oWEwX8=
1on3tLVlVDY=
dAjwBij/Wts=
dAjwBij/Wts=
dKlcM6ah7aI=
CdyzPFP2Yts=
miOXdwIqVCHZ3HLIdTwH+Q==
TSWv2yupV1U=
ED5MiTs40LQf75yrlrvFplY1eXqVU2SN
ED5MiTs40LQf75yrlrvFpiSRifI/cnqa
I/Aja2Gl4KY=
7luPBMgLwu0=
weo9o9dGmuo=
Y/lWmP564Iw=
Y/lWmP564Iw=
r9di6gjIw4U=
MBUd7R6OP4RQ6SvNweOUuw==
G7XyPNyNXB0=
17W6MlYD+M1Snot275EaWA==
Sq9J8hfdBzIA0DgnScHokQ==
cfZ+/WpyRho=
WmNpUBfGyj539hevH+4XUQ==
XyHRr6wKPvQ=
EfIxSX5SFtQ7M1MK9Pb0XA==
nXe7E+QK5K4=
9vnlqpokg8M=
p5jfeDA/6HI=
cT4+kd5i+HvmORgcxmOIaw==
y66ffHvj8Gw=
SnNQaF+uAOrix2r9ztTw8w==
k6x7jNC2fKNqrvHECFTeDw==
J8gEh4IWMcI=
bEjHovGF6Kw=
wrlqhRvq/S6c9/BGB5n6ug==
dEX6wuCfSQk=
y8KW+XUUZOzkjiCSHZs0zw==
cjZRF/LNd9U=
zQAvVPsBQfM=
zQAvVPsBQfM=
zQAvVPsBQfM=
zQAvVPsBQfM=
qYM3uwcceVc=
h6cC+oRXvlZDaigGGfJF0w==
9YNzFuHaqUM=
0a4O8cvml20=
yQUc2jkZx80=
5iOn2+dXYJA=
52bNPGkebOk=
rROTfiR7CzzGIhTq70N7PA==
Jz4IQw5xPX0=
c2wS6IlOnts=
7utvZmsg68a9za8Fhk0bNw==
RAckP7gfDAFgh/1ChAnRIg==
6FoPs6pUlWMhYtlqIiFfbg==
ztJqW9+kofAEkqWHU4cJmw==
ztJqW9+kofAEkqWHU4cJmw==
ztJqW9+kofBt+7UWsVaXD3ZO66lRuAFW
AwQoqjjtrypAAlcWJj+Kkg==
eczhTF+OQskb0RycHHQjOw==
EXI2lg8iflY=
EXI2lg8iflY=
EXI2lg8iflY=
EXI2lg8iflY=
EXI2lg8iflY=
EXI2lg8iflY=
gVzHEW6tFVtprEUMV5JWqg==
gVzHEW6tFVviAlnt7XnaZg==
0+vlko5MGmfYlRp6KKepYQ==
0+vlko5MGmfYlRp6KKepYQ==
0+vlko5MGmc6s0PjsyxGZQ==
0+vlko5MGmf8f1z7xN8uKg==
0+vlko5MGmcyvcEzHJ1z/Q==
tzIdHUZHf8Ls8rslOIGGAw==
eYH9HXdCVF+zuhWVkVaWJg==
F/yyjgDGv+Q=
QvTPAtSItEn4k41EnXC5eg==
mdIrMyc/lll3GQRy94oG2g==
Ov7WYPweUws=
7PNgCMs6K/g=
7PNgCMs6K/g=
7PNgCMs6K/g=
wqsYMtlxQ+A=
3mp6fj4QoOQ=
3mp6fj4QoOQ=
nAbFs0nbrDVJibym6VluMg==
4uXf90LxCxg=
llmEoqcZ6I0=
llmEoqcZ6I0=
llmEoqcZ6I0=
llmEoqcZ6I0=
MQfTj/c9/3X0zxhZ3NQWDg==
rOTBENVWPoc=
IVed646K0H0=
FLl3EH0DHi0=
FLl3EH0DHi0=
FLl3EH0DHi0=
TI2IHS3AEQ2PGza5y01xyQ==
TNxANGhvOfI=
xiQILhUeTfM=
BL/ftKcMD9w=
GQZtdn18sg1SNnWHN+ACeA==
yLsiZ2EssCS7tHzjz4wUiA==
1dS9Upc46io=
y9iwtI1fAH2ZojJoIBfF2Q==
akoQ6BZuYynr7y+H+aZYqg==
kuESBZSqH+dN8o4qoD2kcA==
kuESBZSqH+d+OQQgBRWA2A==
UB4U8iHjHok=
lU/Y7dO3LZQ=
lU/Y7dO3LZQ=
S1Wj1vHDX58=
a+Btf8LP5CI4lOBwyJ/aZA==
S5GAaeTNjIg=
Nvn6YmNIMpyFNANzC8WKEA==
sA1cOhwoq81In2JF7NrFVg==
ib30GlBqUMspIg/KmVc0DQ==
5xrArxee5xt+ekO/xCkGgw==
kaHB3j9mgNTglFfVJbwBdQ==
R+PjQ5rEs7XJcqSEyziK/A==
eCjIgtVZhNQ=
Zr1U3J1PAk5c0UUGngLiyw==
rWId4jpGMy0=
YoJMD/qUBKk=
96tZ0q8j9qI=
Ie/l8j97+Kk=
nf7KDN/3NJo=
nf7KDN/3NJo=
nf7KDN/3NJo=
nf7KDN/3NJo=
ZpWfKFiLU7W+KgATrdVFHw==
bxNIQBpCon+Q//pn/93ZNw==
HHb4+LBBd9bj4XNF3sjS4Q==
agOK2UY26PQ=
q0NO72b30GCFhNxXPt+vfQ==
q0NO72b30GCl8HFGG0gZSQ==
q0NO72b30GCl8HFGG0gZSQ==
ADVBWzFupdG3eVfGUjaQ4w==
A0zxfWwArq+6pc9vBsHr5w==
R50G3dund6U=
NP7XnvXgH54=
NP7XnvXgH54=
NP7XnvXgH54=
7GqLD3QLSX/q3MCDa2y/dQ==
yPNEKtUMn1ylXsCpRFNMvw==
ozfeLgpwMb8=
AdQCGom3fCxUlydiERk2WQ==
AdQCGom3fCxUlydiERk2WQ==
NaK05YyeIV5IZhMU8Bh39w==
jp7dsi+tAjA=
jp7dsi+tAjA=
ixEtCI9hVkvwicc1QJBnHQ==
cYdAlYsUT3e+/ZB45ycU5Q==
YpeXpco8Kc4f2i8B7PH7Kg==
VaTl30l7J6lzp0bHhG3hJw==
VaTl30l7J6nMvKjTUT8Kww==
bMvW9wK8rS1/s1Hy8zbwyw==
RtWoqy9xURrxNcTNZJicAQ==
qXGihiN7wSZD7Zt6lmtRpQ==
tfOcWSu9ICk=
Q+Oi81pJSXL4cv1bCufJ/w==
QC/m9UtRPnE=
lRWwuc0tZP/IByk+HandCA==
CtwFV60vsmk=
CtwFV60vsmk=
CtwFV60vsmk=
CtwFV60vsmk=
14FDj9VxgnU=
14FDj9VxgnU=
14FDj9VxgnU=
14FDj9VxgnU=
Jq/vTIhaHpo=
14oILDbZqGw=
PRy6dWwsQY+4uA6dnOusUw==
MweJJoWbAI4=
J1EF6gpK3D4=
PnfW6R+VSAIlTpOIye9CLQ==
eMc12YftZEf2D9oNrlZiOQ==
dUSxEo6qLYM=
dUSxEo6qLYM=
dUSxEo6qLYM=
dUSxEo6qLYM=
dUSxEo6qLYM=
XBvNvlezneM=
JB4LyJTF7rlPX1C/TtMW7A==
qTpyPSdRb1YKm/WyuVQhlQ==
qTpyPSdRb1YKm/WyuVQhlQ==
qTpyPSdRb1YKm/WyuVQhlQ==
k57fUUrVKfI=
/4cwiLNMZjw=
/4cwiLNMZjw=
/4cwiLNMZjw=
/4cwiLNMZjw=
/4cwiLNMZjw=
ORTJgdFpOV8=
ORTJgdFpOV8=
ORTJgdFpOV8=
ORTJgdFpOV8=
CVgT3vcUPqE=
n6Ih2+EGVa0=
bUoWTv0UHtlYwn/VBr1wQA==
85XkErzz8ss=
5tv8pXPu9sqbEMb/ZZevUQ==
ZLMsFvYEzwCtQ7cUw0y1Gw==
UXecm0vBoIV5wZ59l0ox5w==
at9IoTy1Js4=
at9IoTy1Js4=
8od3Nbwl0YI=
N5kdt3Vv6J+D0ib34fr42A==
irW+20VscMGe6wLDrNR8fw==
u3ROlvh5yCU=
ywYHBB8IIsVZxyA/DSd6pw==
9345m/UM1qSz1Hjc1pbp6w==
9345m/UM1qSz1Hjc1pbp6w==
9345m/UM1qSz1Hjc1pbp6w==
9345m/UM1qSz1Hjc1pbp6w==
9345m/UM1qSz1Hjc1pbp6w==
9345m/UM1qSz1Hjc1pbp6w==
9345m/UM1qSz1Hjc1pbp6w==
4qbMLIjI+zugr6nGWdMFLQ==
FC1rQCS+GDI=
FC1rQCS+GDI=
FC1rQCS+GDI=
FC1rQCS+GDI=
FC1rQCS+GDI=
FC1rQCS+GDI=
FC1rQCS+GDI=
FC1rQCS+GDI=
FC1rQCS+GDI=
FC1rQCS+GDI=
FC1rQCS+GDI=
FC1rQCS+GDI=
FC1rQCS+GDI=
FC1rQCS+GDI=
PWDZl88nK0Ffre7o4mBA7g==
BqRZxesWFfY=
BqRZxesWFfY=
BqRZxesWFfY=
BqRZxesWFfY=
BqRZxesWFfY=
BqRZxesWFfY=
BqRZxesWFfY=
BqRZxesWFfY=
BqRZxesWFfY=
Wt4dkkflJPvnU4T4uSvnNA==
Wt4dkkflJPuGmvu9Ktoh4w==
v+ZcYjA5GSU=
32ihm95tKzR2PHQu9VikjQ==
t+Z+zM1ts/MRIeNH9m/G1w==
t+Z+zM1ts/NLB7u9HtqT5g==
BFZ5aa86ZVg=
NnGeZSzpkKY=
YCOudI/9cRvD7T004cx7JQ==
cIVz45XT+BotbYP5a3UfdQ==
RKP+pY6ObNmT8fQ/aKgbfg==
3EKwMyNUMp4=
3EKwMyNUMp4=
3EKwMyNUMp4=
Hk5nrg5Y8YsTdDFHlIGbmA==
TpS9rAjD+dE=
IC4DNBovO8k=
TZ5t6o8nXCw=
xM+rKk0oQWo=
1+j6m72uy2w=
KUA4cZkis3o=
+jpzWsQS2t24SEVYeHQTUQ==
ftbdbVTO3DRDV8KI4q5zVg==
ScaCye67ago=
ujYKdwP+MNQ=
gqefYRUgyradSlCsEf4rMA==
Jb7gROjjZnM=
Qux6MiwjhqoAC/h1xNSH8Q==
JOzMzYoXC/q7fobm0/qDlg==
JOzMzYoXC/q7fobm0/qDlg==
LdTs+w3X5rfgWWcQ05FKMQ==
LdTs+w3X5rfgWWcQ05FKMQ==
PjOnK9UzbM+hUhOpn7GtqA==
PjOnK9UzbM+hUhOpn7GtqA==
8VG9ZfOeNug=
4Q8bN9X3W18=
clr8XfDkc+Y=
lJ3xpvPhBEQ=
NlcrQex/B1fQstXVAPpj9dAwAzaozu1C
9hNFoJXBpDeLwXRjLXnv/w==
mR5uENXdpaw=
koZ3kiyCtROpHnqeXjyKhw==
tqflUkwrW77B6yLsDVIh8g==
4y0S0Qo8HSE=
m4onz9CgzNk=
GLTQDhMaQ8Y=
W2u3qZHaydQ=
+nAkI9amC1Vo+Z5uJW/DdA==
MDv6MzLG+e4=
MPjpdSs/770=
iASNOZRv44k=
VtsthqempJo=
HOUyh/hFo94=
QdteMimPRem0PxeRy5XYIw==
3jpRj0qL5hk=
3jpRj0qL5hk=
ZJdIGNQGJeKOnObSgkGr3Q==
4mZ1JQyIKRc=
ovkCEEF45IY2m8LHJ1Mn3Q==
RKdzqQUDUL8=
RKdzqQUDUL8=
JR8f+qpjdYCOCOHDGwvgQQ==
jar3EKNV45o=
H2s/sz6nqb4=
aookxZuy9KI=
IPiVwBqWgUfH+/lTmT8MLw==
1o+43Ee+/R0=
1o+43Ee+/R0=
6A01RHL3VdznYVBFBLfBBg==
65DGRmw5JJY=
oCSIPiFv8bE=
f1ttoeRefbE=
bqMjGDqGjRs=
ihfXw9BMJI0=
l5FeGwVJIf0=
u6T/WxsfbSe7cd+UTZ90aA==
NYEHF1GhWrg=
OT3aOnbTn1ezhYJGSZXOOA==
b6DmMLPpx4o=
whY+lsP/mu0=
whY+lsP/mu0=
T3zg7Htv+po=
C/416G67I7w=
aj+Cnv4cCxQ=
fLUSPhFiKnw=
Aw2cu6HjY00=
Aw2cu6HjY00=
zKHEpGqrYAU=
v7IPrllt3/cEqax3b783RQ==
dpXreAodJ0U=
5kFXZ4Tr6bY8zhvIENoPJQ==
uC8SLvlsBj8=
Qd9sKfB+Am0=
Qd9sKfB+Am0=
Qd9sKfB+Am0=
ZeMHaSABx23+sOXVUWiOWw==
hQvMt3sNzY4=
ZWGPfkJv1Sm67sQmg5vmuw==
QadH8zWmdiE=
QadH8zWmdiE=
qLqbjwNkMDw=
jpIH2+4e+n4=
0Ze3guFRfl3ncTk2ljrRMQ==
xciYdBj5VQG74dndcnwRkQ==
OqIO1bQH4oI=
/uA0Via3XyY=
NKo6+0IacaQ=
Lqh8qacJeuohkI53VhYmsw==
Lqh8qacJeuohkI53VhYmsw==
ieGei0Ic5mAbivtqP/Ap+Q==
SP+j6hCZRGY=
vgY8vAyaeJw=
D+gPk3ojWkE=
6og+zzuPNeo=
0MPxM1E/gUI=
+PdJE+sty28=
XkHnj+aCSbk=
aa57PsKVB9A=
+E4VRId8KmQ=
qQqIglAR3+E=
d8KINX/7M/g=
5qIGpconE4E=
NHqP1OZpQ9k=
NHqP1OZpQ9k=
NHqP1OZpQ9k=
NHqP1OZpQ9k=
NHqP1OZpQ9k=
NHqP1OZpQ9k=
NHqP1OZpQ9k=
tiICA8r4TTg82KXmiDrkwQ==
Pt5W/UhNJDqgm6p688lV8g==
us8awpr4CqcZyO7WqjbN3g==
DGr4u177zpNRZoI+0G9tmw==
MX3fIt3ua7CgqDk2rBdmzA==
3w7pmV07kFY=
TfNY8wsvWd0EbXrHpul0kWwsfLZ0vsTa
u3l4fhXDwXA=
U50wqzsppO+IHx5fDNE3ww==
R7b3W0uz5sa/mtYFQ2jA4A==
zI8QEUh9kHG0O7OmNKUopg==
zI8QEUh9kHG0O7OmNKUopg==
CmP8xYHBlg8=
Xe91pefPibQ=
DkpJO6WmJ4bXXysDwunX+w==
74hgoHmB0es=
9XQrbBInF7Q=
tuAZctljBp4=
p1WWvOdaSUI=
0rcJ4yRQt4g=
0rcJ4yRQt4g=
XvnkPhk2psyeuQU9/ijWXw==
O08XqRzq0wP4lBVRenYEPg==
fA37twW/XYw=
xRLupL3lrizPRq95mI1ADA==
xRLupL3lrizPRq95mI1ADA==
xRLupL3lrizrRfvKXRPVxapbUzQLRHcX
reXE9oP94rg=
jq8zEFjiVAU=
bOSMw46eBNg=
mTtGjZt39VY=
qcLGpHjGmf4=
LG0b3jarUHa/gJKbsOj4+w==
rPT4XAHkemY=
t52NwdI9LlI=
LGNFikAz/+I=
e+zGyw6d9s4=
2HQfDJJpcCE=
vZe5fmtgk9g=
TbFfxSWZR70=
vHDSBn9cjy4=
slRBZZLqaMUnVis0+j7hWw==
slRBZZLqaMUszWeEi7G2Fw==
Zz92YMS6a78=
2ezdApFe7TpbhFk1pU92bA==
+LhrkoIXOXSTX/F2xt/G9w==
4P8yya3Es7Z6Mi7Mr9vnSQ==
lCj7NFVozks=
NBCHDX+23FM=
Run/sNg0mJc=
bcFqIsS0bbI=
1FLL4ntsnMA=
+ub0RdbNk+WjEZVzbCsf3g==
Du6yxzPeWgE=
1xurZ10trZPTo5nRMxYjPQ==
1xurZ10trZPi9MyLPThZjQ==
1xurZ10trZPi9MyLPThZjQ==
Ia7UconneUxcie8rt4FLHQ==
QUkVBmDbA0o=
NAzfsRhFCDw=
cs+KClDRe+A=
zHZFRLtooo0=
FI6uC9jnAgs=
AR+X1SjLhOg=
QOtFQmj8n8fXmCluQixgYQ==
RP96vxwdu5ImT9RDAZ4yMg==
uwpw7w3/X/8=
uwpw7w3/X/8=
uwpw7w3/X/8=
uwpw7w3/X/8=
uwpw7w3/X/8=
uwpw7w3/X/8=
uwpw7w3/X/8=
uwpw7w3/X/8=
uwpw7w3/X/8=
uwpw7w3/X/8=
uwpw7w3/X/8=
uwpw7w3/X/8=
uwpw7w3/X/8=
uwpw7w3/X/8=
uwpw7w3/X/8=
uwpw7w3/X/8=
uwpw7w3/X/8=
uwpw7w3/X/8=
uwpw7w3/X/8=
uwpw7w3/X/8=
uwpw7w3/X/8=
caetCB7K9x0=
ltWsE9tjIx0=
m8fOawDXYwk=
UJMgemtWVvo=
dhO5L3amP7nTU/0eHypy2Q==
VlLmLkvaktI=
VlLmLkvaktI=
VlLmLkvaktI=
VlLmLkvaktI=
qpbA3aguHSUWc1wTjnARyg==
pRl7GKjm6QE=
BD3GIQHH9lo=
teqZn32s1RF577GT3oRbQA==
mU34HD2/9lw=
JdHV9boUv7Q=
+74nF6Cdzuk=
I/nHhWCQx/14ZgutZND9kA==
VIt2W5HFu3Q=
eAT6kZ0Xhnc=
nbbKiiYsHlU=
EWBMWAvrdHv28sxdrjlCwg==
FuOvTHdnpv8=
OzAhMF/XGecRaIK6lLlyXA==
v1mWZ5SchrSrBbGw+LFaXA==
hBc2LTWRo443oM2vJCOzIQ==
+mRzBxKfB1amaX70FFsXPg==
PjJP6ONR4qY=
g1mGudhZgg7luH+K6EI9jA==
+wmF70O1cSXwg22UL4l6dQ==
n7MmOXXyUzA=
WQu4SIAjpVYebzUnl+JsCw==
zcaFq2El8IgKgkPreI36+A==
2EsON3fGRXepWCB4hLp4jA==
pQnNs5tsKg8=
YbP9Z4B2cJeRpY5yTPLD4g==
8PP/elFtfNE=
IVWLC3bw7Ox/tSDgYCexMA==
Y77b1f2XydA=
9HlESx00+G0=
MyG68EQMopkoeDjfkr4vXQ==
ZQuDFJjwweY=
oRi5uBHGB/A=
FumJvthEVTc=
FumJvthEVTc=
yQIMJQoAZD4=
jiu7YPZKzyA=
jiu7YPZKzyA=
PqDxrGvQyer3npKobcHNbQ==
a1YSiu6aZGAz5I3gY3tJXQ==
a1YSiu6aZGAE00r8ynbRPQ==
6Eg/+EJiBww=
KSzmwExUyR4=
KSzmwExUyR4=
Eu59uxKAsas=
xcScNzezZHM=
SEkLXbtGXVfR469PNHHGVA==
yav8fomI3WvyKxYNCzXGqg==
cllMctoKMT4=
9Na2AzwW7bI1Mzc42D1ZYQ==
XA0bJ9H6dno=
XA0bJ9H6dno=
ySV9NumsSOs=
CAgOx6PrIjgQwuy7mymBDg==
MBEXuR7SdYY=
+ZwGJGGweQgpSsKQH4DMJw==
FyFGqXL+bT8z8+ZhgwdgXA==
5RusGhm1RJC2p0L63/3qDg==
28/0+71gK1Y=
28/0+71gK1Y=
28/0+71gK1Y=
28/0+71gK1Y=
28/0+71gK1Y=
28/0+71gK1Y=
28/0+71gK1Y=
lPAVesZQo4+lV+i0rW8U7Q==
lPAVesZQo4+lV+i0rW8U7Q==
pkhO/TMs0Fp24NMiQNTgrw==
FDZaZ+sVYLaeYj0R/N2xTQ==
+K4RJOxxd+c=
+K4RJOxxd+c=
/KRT63nwLL+LJzB8lk1rIw==
tvyxhvml5bIAmtHDenr1pQ==
iDIuu/V90GapXPVIcDeGNg==
iDIuu/V90GapXPVIcDeGNg==
QFQmfEkR6nTOlgJH75OadQ==
lsnIU1yq8GU=
sQZj4vTtfYdfnivOlvIdMg==
sQZj4vTtfYdfnivOlvIdMg==
sQZj4vTtfYdfnivOlvIdMg==
q0fsJ7kP2To=
q0fsJ7kP2To=
DRNrggDmieAaU3Li7A7kFg==
nhMHMrTIjrYAQrI0ZAcbhg==
2f2m7I/kfP/gQXUSYIZexg==
xqFnelEsRGZfmJMlE0gRyg==
r8xDNPhbvbs=
7XP93mCz5ooRg4dBDSbCfg==
7XP93mCz5opRcdLRc5NtVg==
hmnMK5qV+g8nCmArEnm1lQ==
Z23GngWbtGrNjdiXn7DkEQ==
JyiFg+KvrEPFVXiuARXSVw==
aSBEvQlf0Gq5Hhyes9yIyA==
aSBEvQlf0Gq5Hhyes9yIyA==
sJBIsqh8B6Y=
cG6KBRaJob3KQbrVPzFzcA==
/KFB07cTyduc6IE/cVtTPA==
/KFB07cTyduc6IE/cVtTPA==
2LphlNNhBkWeuQ1PoOhmgg==
xfJOdq41WsoDyO/wbfJf0g==
aMY7MkdkzWw=
ryo7KiptZB8=
wrCiGEenmXz6qJ7s4muMKg==
8dDLx1kLFFwaloP8Sr9kkg==
Piq6W2iG5+E=
RUONWcXFdvSmzlcTvJ7xKA==
Qp/CnkpGMAU=
Qp/CnkpGMAU=
VTAgmSo6zTU=
FE6bRgL2RxE=
VpKNOeiowg0=
4GKv4/AevtM=
BEnizmzCur4=
kBm57eAcTaEQ74/Yb7FutQ==
eKGIP6qFPyk=
s0YwcqZFx+E=
6RbSUyoj3k8r1Kra+mCjMg==
eL6IvDXfQUc=
qvc16i6YVcw=
HCLZ/3BwqdQ=
ypBJytJerc7VySiLhWuMBg==
/+lO5Q6DybM=
OnuslJWfoFaKsS//gGcOmg==
V6VV845N1IQ=
AjaERUJSUb0=
xmlFP8fzGak=
Xflc/6iwd8M=
VFYh/st2LKw=
B1s9RgIvu8w=
xEJBHv6VmMA=
n2lzJiE4FHo=
EEiCOKuVJhQ=
C+82oyYKoQ0=
mfomzfjjSlkCIZJwE1+NHw==
Bo6S/XjeXIY=
7ezFSPijanuMK+Pnd2NgfA==
7ezFSPijanuMK+Pnd2NgfA==
qSduDnWvEnY=
B1kgmPa2W6k=
q2zOlf9ESKE=
SQSQ47MO1zTPWz1T6hal+w==
Jf/7ySa1tRN3FznOiHwKsw==
Kyqu7Sunoyw=
3mqZqwLCbJM=
HdPb4V134HtoYHoGnwpchw==
h4Ju+2vrtnO1/SQSdHIF+w==
WWZcP9r3gGCX8AOkxQFwQQ==
WWZcP9r3gGCX8AOkxQFwQQ==
TUKWJcvzuNg=
ZNLirI1rJxM=
mITLIb5F/zU=
l2LX/rIEGj8=
l2LX/rIEGj8=
eY5yXYcfnOu94yU5pHY3VQ==
lg+6cpEabcdx7raCgp/lrw==
iWCcH7eENxU=
KXjwWq89i7o=
SZOcP4IcfGrpvFm2OjHWfA==
UVb98CjxbSo=
XmkCRdn4VF8=
sslDfFIqGxAAKK+WbZOKug==
WWDDX5DaUGiHcn29bcKo5g==
cIvUB+w1wfurChYmQHmP2Q==
793mc3ZtZXU=
RF9gnY1QlT4=
pwg7yyfMf/Ssc/NxDmRNRA==
n3ZhL3JQwFA=
bw6hOEEvxUY=
bw6hOEEvxUY=
cb5UetO7ZRw=
PcSmlPQr5fM=
+9j8QO+It2E=
umjLjx5kar03+pNostRlmg==
ZBjlfj7Lc1g=
WQ8xguuu8P+W2JdHhXMl8Q==
e/k/PP6JUlQ=
NmPbjYH9pn4=
GsG29igygeg=
cY0fLKjOyMw=
TDKVpS279jXTvmu/fEttNQ==
bAV4p9/1Nac=
mvTymtBMzl93+gJpBWB5gg==
91YcNfQ1m2JfFJEys/sbzA==
91YcNfQ1m2JfFJEys/sbzA==
91YcNfQ1m2KplYumOKW8aVl6o10AF7HU
H5JDh8JgmSyHqKaZ1v7gkw==
rxpRPyf+1z5svgfQnICfBA==
DHCVaNpjqvs=
emDbqiReBs7YxWsNrdJg4A==
emDbqiReBs7YxWsNrdJg4A==
rRCwLTKd0OI=
g3caKyhsll8=
tC+I6FA7iW0=
LZ6EQK2Wz4DKdVbijFb4Uw==
am9/F+7rkAdBLWAvbSeFAw==
ntvaG2l6gnw=
PgQMfElRspw=
el+NWw4yU6s=
9AUYNlr9WBE=
9AUYNlr9WBE=
jIWvZhB+jxqOwFx7dV1MZdK8fM1j49rE
Gf7ljEqANi8=
N4aRPfbx2Sk=
U/hohTqBo1H22SpmJyEx0g==
KSy60zvHPJk=
o3UyWBu4v6M=
3/WSa0H+TvSJwYjbrgQEaw==
GK9NwEcjttY=
MFNqYbdVePE=
EHlsvmENmdcloXwrPU9zIg==
EHlsvmENmdcloXwrPU9zIg==
0dLQdUphC91qmAo5Ho03hQ==
eqqJoIvgFyt5v5dZFnv/FQ==
YsXpAlJRA2c=
KD7tpy5pdhTHBE05t0h//w==
MqxP65Cnw8c=
3Xpa0LyPBOw=
l1mUD54OErIQVXdiqZ/A9w==
l1mUD54OErIQVXdiqZ/A9w==
l1mUD54OErIQVXdiqZ/A9w==
l1mUD54OErIQVXdiqZ/A9w==
l1mUD54OErLFoxhRB8akrg==
h4YRn1VMyE8=
99eTWMln1kdOD+1tsAvzXg==
RTB/SNkJLxA=
1Njcos58B9c=
HF3hhkpHI1Y=
HF3hhkpHI1Y=
HF3hhkpHI1Y=
kewVYW5EI8LzyCwu0QvWGw==
dKpAQDkk7Kw=
wVc5q1i5WaI=
MwfLY3MQ5uY=
AllF99WH5Iyu/tFMf49Xlg==
/IPc+GvtqIM=
z/A3NJaNVTk=
WTJ+M43BbVE=
WTJ+M43BbVE=
dmjUu7Iba0mopyO8g+Hzrw==
+FhYDUzpQD2OdAHUMyrdWw==
8YE48gKdpgw=
X3yqfXgtbo8=
fdlIXEoRims=
fdlIXEoRims=
7+pXJtaBHZo=
jVOBzr1BpfFcxOMpb9Ok9Q==
8niysKTmjaA=
ZbMHWZ+zvxw=
V7+LoCY8fq8iRjAKKUTZpA==
21F8QZ9lfSE=
21F8QZ9lfSE=
tcS13kGb5rs=
hCrBdp6+MF4=
laPY+YYDYPg=
JKK8XxuceUA=
39vpoaFviX0IFtrQVJKGag==
39vpoaFviX0IFtrQVJKGag==
MTYpkLXk4to=
riEepxWNpJCNo0tOF5Hz6Q==
hxytG+MOMIE=
GnSu5txrEoY=
rIP3C316i7w=
zrw5X8r/fOrCeWc45t8tbw==
paOHQ5aok95+DhxaIRHL0w==
se+x92nADvk=
3XcrGgpkNuk=
cv4tDyPySFk=
vbgO/xvU/lcpVF5DJF7FYA==
MySVrHMRFFM=
/lhgQmKFzac=
TxK9O4ItNoc=
01dhsxZbb2k=
7a6cW6corhF6nVdcmsyJqA==
JMGSmsEU3Kw=
JMGSmsEU3Kw=
4d6/07KfUgozFHftWm46Kg==
4d6/07KfUgozFHftWm46Kg==
+pesjo7GGlU=
Gc9GRmolMw8=
93hgZi/okHI=
NrMg0UDza8w=
0vM/z/hkJy0=
rqu4Yun3FqdcqGaKmKncmA==
rqu4Yun3FqcxcbYtnbN8Ig==
THbebSsmFic=
BtWEywfYJa0=
LpGanLUGJ/s=
zOhpAE+iziusx+4/44QvGg==
8bAw90RoZjk=
7UmBrGSByXE=
0UnwtuBp8Z4=
taYTA2xo8tSyV8hHXSOtBg==
vs6+1xPo4Uo=
MhcQODrivIo=
NV1+efFBprvSor6nsl092w==
NV1+efFBprst9fNzTm3LRA==
NV1+efFBprst9fNzTm3LRA==
NV1+efFBprst9fNzTm3LRA==
NV1+efFBprst9fNzTm3LRA==
NV1+efFBprst9fNzTm3LRA==
xd6kPDtFXIw=
ALy4N0OFInQBlQy1DFJpRQ==
ALy4N0OFInRBTi0UWge41Q==
e6F2KIJczaZpCM2Yp2SERQ==
0ASw16ZIfy0=
D4+v4svLBr/NdKik0IIphg==
C68iECH9ev0=
4a1OoNLuSDk=
rCAEZbPjytjQweA96LD3Vg==
zwgWvZX1ob8=
pGy48IXenEbk0jDYb1CPvw==
5vHJMcR92/yx9IbSt6qGyQ==
XdRZCXt0GbuL+gl91rVyeQ==
epXAQnUO4+A=
XTCLBGvXZ3w=
HeLmRgR9NjbNzpS5veudYQ==
l/xlwaHeF2Y=
jriMrL0lW+4=
c6/pR26ZsiU=
5ZuBFWA9bZI8w4/1Bis3gQ==
rVDI58S/ivGuXhUcGLrmPw==
mdiG4MhKvRM=
iVdl0mpFZWs=
/2TKMZOof4kX94wRxEdqAw==
/2TKMZOof4kX94wRxEdqAw==
/2TKMZOof4kZX1k+iq1kqQ==
/2TKMZOof4lhpZ89dQ776Q==
/2TKMZOof4lxSlMYZeDFsWIjl8yzOofl
iMhegAC2OCY=
RRn/qRXahIc=
W3Ua3QATG0o=
nrfqUJ2XlLGAhknhUv+YbQ==
DqZVJ3TR3bM=
hisyG+UqyJs=
D6cwzzjmYA0=
5ZH260wP2RM=
18ad5ZEb6vOiL4Hkm4h9xw==
kxJXtivcyVw=
tKO2+vj2syAfsdEUuIKYmg==
KRzl39Fr7kM=
sXehMs7ydgM=
W+bAZWhVFiM=
TYEy4z9EnPc=
Plh7Lowsiec=
mkzccQ14Mec=
jXcd7VbIZlk=
C5cUheto4JA=
K2mtSRt5S64=
dVTukjkYjVw=
61P9oZse3UM=
0d479peLyvk=
OYCQYBBVn9Y=
9cLx1I2aUe4=
kdYu8Jvw07Q=
0qYgV13c4JM=
VHklDYRMYis=
FkYFgGMXT5NlqNolgsW92g==
6ccoIll0wOw=
UgkGgL0lJi0=
27hN1dn3kL8=
yMU7JqSPmufObMdtkLlQLw==
n6LXAcyEqJ4=
X9le52E3aFo=
+6HCwVUZnaQ=
+6HCwVUZnaQ=
/eL9DQrkcTw=
nGPQ0UPwHFI=
Pz15is81/rM=
IRIZuGLWzd/mtuiQDjiRSg==
K2cxOBwFszs=
LTj25z+Rw/4=
SwO9ryOO12M=
XaIXhGu0frF/mlquEoMYPw==
/jgFUIld2KnMbfnORbnuuQ==
XRZJNypukpc=
T8p1t/7+3FQDKHdhufCq3Q==
SaHPINganMo=
2gD3KZ1oako=
HVmUtZ9kUgNs1OSxNbFhwA==
HVmUtZ9kUgOl2PsIsLTHWA==
DgW6DE5bR2GC+e9pfT8akA==
QXjonjjF4+kBKYtbSZn5Bg==
cSQBVJyFT9XDPVR0iDHR4A==
sjw5mc4JvkdHLqR/gjZ2tg==
Tc/1vQXWE0iOoqqIbAIj5A==
BpwH+dkATF4jFa0/4xT0Kw==
6N9/vQP6Mhk=
gG2LmebRm1c=
b/UrIFD4TJE=
XErqUqsF+o4=
eSkPNQvTrAY=
uZzN4pD6G+s=
uZzN4pD6G+s=
uZzN4pD6G+s=
vX+oKsPfS8Q=
0pbSQEuNGAA=
I5/UZntXBaSKeDmO23gLuw==
4jn12gLFnGY=
x/DbMwzotAo=
x/DbMwzotAo=
x/DbMwzotAo=
x/DbMwzotAo=
eMI7DA6mCT0=
jx/GLqO7pqvp9Tv9A0sKmQ==
XWfXWfy9CCw8MMZgLl4D+w==
xRxxPBwJlVg=
OOVkxX/b+tk=
51aIkglYNxY=
51aIkglYNxY=
51aIkglYNxY=
51aIkglYNxY=
NlB4qSDAuLY=
5kMFVSJq/ec=
h5XS0uXsvrw=
h5XS0uXsvrw=
3JnTzIb6nZkpocFGLdH7AA==
ghaXPBNGf8n71xpVW7stoQ==
3EgJrAyKNqE=
nOIvC1ncNCY=
wxklIOWpYHg=
8amtGyR62bBEnCZEuXIj4Q==
yM9CWuxFmcg=
9n435J1mbIAhQJnbRUh4Dts7F796Tmly
z/RK6BEm4WQ=
HVrf9b1dF+lAG8XfORzhpQ==
7jchbA0/Juk=
nli8x5SSTjC11kxOuBPUmA==
eJ1iITJ4yCo=
P0K/Vnv/CVU=
L/BYnAcpB8D2uHjLIMZdeQ==
zqAvzSrAAEE=
Ep9MkENAcguDmIvVntSpxw==
WyCwmA6GcuWHY30ClMDuDA==
27HuokJRrk7CRgNv7UDtHw==
VQXEEX62JUk=
LDGWgIsFu5U=
1M7YIWAmZGk=
q079AAEc3T6hnl2LbHWiDQ==
UZP/8Qi5Uac=
3dPbO7DjG78=
p6fmhhht/Os=
AWLPAlCST5qQixbWT89mVw==
EchlfzIdA+k=
D3GS1ABgCdmoLgEkz58ttg==
Aykbcz6orF8=
msGwoXyidno=
msGwoXyidno=
e3m0QQ5fJjI=
D4b+qBiAB7o=
D4b+qBiAB7o=
u9XjVy8Gr2I=
I0YKj16Pyc4=
ZUNR60Gme7s=
t4g+61LqAAg=
t4g+61LqAAg=
OkSqSNPCapJioVI9f0lrFQ==
KmU6jnJACN+el7l8p9y5eA==
U0Mr2iCQjV0=
CrMwJsOoSZw=
aL7xEph5yqDsb4Cm+3cNgA==
CaZpoIHnqmILZhtyUVqxWA==
6/AoGNRllqY=
6/AoGNRllqY=
0iTY/KZf0JI=
kN6WMJS5CMM=
B5IVscA6emfwjsj71jsuBw==
FxdFBbzVj6PswdGHmWnxSA==
aclEAVkTxE5U1ml0KrvTdQ==
n8cUawqYA5hkS+aipzRv2Q==
ZI12Br6OCuA=
n2QTduotJFA=
O+FbKkMTrfU=
bpczDpjaJrA=
ql4d/0dUrhg=
zga9ZQbCfzU=
57QwUTvRP68=
GwHE7STG+CoSFjKwzSPMqw==
+pO+f1fLu80=
uHZNBYDFpLo=
LWLDfFfINEA=
LWLDfFfINEA=
LWLDfFfINEA=
LWLDfFfINEA=
RtcZdxmwS3I=
iCrLLsckQ74=
ZvfpKN723Ho=
Lbwyrwi/VFxq6vkmuDsClg==
QTISAwrsd2A=
mFrsdj8LR05kr0AqGMKyzw==
oOcZjgxNx/U=
BHCpExPPBb8=
L9N9/UxArBc=
L9N9/UxArBc=
L9N9/UxArBc=
XGjsPzVnZbw=
HHHohEtkGpI=
t+PVmC/bBdA=
TKtapOwLK/0=
vkzdnuomZjI=
9M8yBBbfNdY=
d0ch7vkpyvk=
LnWJiUHvdFfWWKOJFopo5A==
cX0OiYHFax0=
/CEHIQxWeJM=
/CEHIQxWeJM=
uy5gKPkMBnE=
2fnT9JcaTNk=
2fnT9JcaTNk=
nG/dzCRCCTpVGHiHj4XXow==
Z/JHLNwSzm0owNMK7/kYRQ==
dOzME0kiGLA2PxdUdzPiUg==
ZVp175blwzw=
tCW4iO/y2kCmUM/3+YKUTA==
5indG0xEdeI=
5indG0xEdeI=
qDp0TY7ZHbSgLdmhThw0Ow==
fGG7F9huQqxVBlQ7qjuDdA==
xVvHo24t0gs=
ZaPy0OfVu9jq9bFsoLSwTA==
mcVmVHcnLoC3Q38a1YW+7Q==
zacSBfFNCRs=
eja1xUd+MfDZUNTSML38vQ==
iPxSHEKLvFU=
MfzV8Q3mxzc=
UNJjN0nbNIo=
R9rwNPzk+gBr+Ya0WEAUjQ==
vXHd3puFtXLARYp4uS1kow==
GBID18eHjg4=
liNNuyfBvPnWqvQeHV4HxQ==
8DUnSpHkD7s=
FwIX6XvofSo=
HNdMO0v4dw0=
9+xKUnR5emw=
9+xKUnR5emw=
Q6pPADHEFDk=
Q6pPADHEFDk=
+/AwEiTvVK0=
+/AwEiTvVK0=
UYY/cTdpsc4=
HZZm2rdR4fQ=
LTQCQ8s3CN8XT/vOfxELUg==
oVpWz3M33JJWqMIP9j1EPQ==
J4SWofovSgjIoYPvqO4wgg==
nquG0FOg/iA=
Souus02zZqc=
mXo2sIpt0j0=
wvZgH3tfTWo=
FR8Ms0d8Qy8=
lHotTfI2sYo=
FMAq7q4Yfhk=
LpbzuXJe3lo=
EvKpTqEOnQ8=
TJjcW0ihPKc=
M4Jj3NKFBW5I2aNakS/77Q==
M4Jj3NKFBW5I2aNakS/77Q==
M4Jj3NKFBW6XLJ2CZ9PktQ==
ACUxtAQ3Xj7AXw4ImgfQCA==
xdi5hMBgi2U=
ntspAXEJqqc=
CA9pDYMetKM=
XWatznZ7904=
1W4Ie4fy+cs=
8OSi192BtTA=
yV4mlF9wLec=
N4WLPuzVT98=
LW9FQLooTbo=
cGOt1sw8gBU=
3Zco0n0Y4tc=
VRxK3VIMmgM=
s9yonDzZZOA=
NRRZdR1s2Z9CjLeYS/wCGA==
8z/LqAnmmD4=
g9yvicms2Oc=
ccIvdnEgFK4=
hzApaK3X7k5EZgEF6XaE0g==
HF0LeluWzWA=
gwDmv32Fk+Q=
gwDmv32Fk+Q=
gwDmv32Fk+Q=
GD+hD+ietxs=
GD+hD+ietxs=
yqiheI+nsYk=
P+r0OB5IR+4=
+89tLmkX/gqRIW7B5xkzwQ==
NHjRdz49x1Q=
/z9vHkOmiu4=
ZHYKgArtv2QEOsr/0z235A==
n+WonLnWrN4=
3FpQ5EgQNCs=
y7/nP9vd0Ys=
C9F1D+qdaK4=
C9F1D+qdaK4=
C9F1D+qdaK4=
C9F1D+qdaK4=
ZbnwYCM3UXU=
OLtpi7GFR/Li7GegU52yaA==
DgTpNYSJvn0=
A+RkOzrayAc=
cSgiSzrnSYU=
cuidpLyiwP0=
cuidpLyiwP0=
cuidpLyiwP0=
BT3zki5gqk8=
aplxkH2UF/I=
aplxkH2UF/I=
aplxkH2UF/I=
aplxkH2UF/I=
aplxkH2UF/I=
7AMKD/0HpeTZW5aTt5Yd2Q==
oASUtylKkP0=
rX0xmTQOm5N5yO2ADt0I/g==
rONtplf29f1ZTAto8v0+vA==
W7HFWu2/bms=
T8aAx++z0eA=
hN2IL2cLSIQ=
4kEirSYIriw=
F1HNY2LOrjULMpK1KL+VmQ==
Dl4m0B2fjBcV4Xehmf+4QA==
/p2f4BfVo5Y=
qwKXpOUuWi9EsSy6J8bKtA==
dKoWBJL9SRs=
VDKNNSYFMMw=
UAHlClxsfMV3zpLfGFfSqA==
nr9PBd0neyA=
wq160hQAEuQ=
1aGSyI1MkL4=
K4bKf+48E4Q=
xTuvUMe90gw=
6mmp9w8cCzw=
6mmp9w8cCzw=
g38sXetqssA=
TztpJ1Sz2uCCoGsJd8k5fDXbXn1NaBGe
9sWeRE4wqJaOOdKry8EIEg==
qy9gmavgNUU=
qszIagBF5Lo=
EiJE+UAWa9g=
vpHZ2tC02XB3HsvaUHuQEg==
Ih1hrsoPEGHle2jE7BJi5Q==
V04QiGl95sI=
lErziawWFu4trwdC0Faz5w==
Fz9eOSEtTiU=
1Zy9nL/Fi8jW/veR4ZinpQ==
1Zy9nL/Fi8jW/veR4ZinpQ==
1Zy9nL/Fi8jW/veR4ZinpQ==
bQalucQcsyQ=
NUXulD/GZhhHqvYMbK5sIQ==
qHdQjg/VZejKUV72YPVMyg==
mK+KSqIWKwk=
8DwQUB0h4xUNK31nCtEfRg==
jhS/rVTVEf8=
AVEDdH0WfUI=
alo7vFb6snZtESSlKjRkUw==
K3xsLKhujaeeGa5SnvG60A==
5YGb2EaCx0A=
V3Yg2aJyNFdkEkroibXScg==
nETKYiO1Acc=
hgMin5D4vbU=
lUTQnLK7SsILXZD1q5NFkg==
Z9AixdCq54aRYa6pT6ZRxg==
V+eQFNk7HJk=
M2LXd/RF/jU=
e1eXyWZYUKFL7FwPdR6/IQ==
G4uVQrsZTcVLJV9uDwErVg==
ghui4FyLpem3eFfVxlrzmA==
XmCl4nDehjlYZhBdNHHLpQ==
fyD4JWEhCPQf4ZvNf70tRA==
JPMoslH97QY=
JPMoslH97QY=
2hX+YihO3rtpNHtgiiNwrg==
aDT+ffma9hg=
ilI6CPSrB2WKJdWNG08bRA==
6TKdMqqh0chWGv3o159uqA==
+NbH/yVcuA4b3PU4NR2lGQ==
0Y+tNkas85YXvoiMd455Eg==
tD4wLcpZi5nSkMKKoCpdeA==
eGzil1tJmdo=
+bXWTPeWuDeMFKZv2XwiAg==
lg/+aw4b7XkYnHy92681JA==
VZpyf9wK2t4pGZT75emQ9Q==
Vx8CVGnFlUminD4U9V9bxA==
/sjsD5Kx9UY=
PTF74FlCotk=
PTF74FlCotk=
qa0kT0gXWJk=
vYtTylQPreo=
MKau35kAGRE=
fHAKFVRA9CE=
fHAKFVRA9CE=
B+3i0W/xAH8=
QzbcSrwRDe8=
InPqKhmX56s=
XOE/hrtB43A=
QqkOqP27aD8=
zJPHkXalNjs=
GW3QLQhXCBs=
mRwcxBRsXAo=
mRwcxBRsXAo=
jSQKhtXu693bfMuLMaEfnQ==
J57pier96jN0YmisWq2ubg==
6uKdyObCucfgQQ00Kmecow==
41B+ghro2f8C3KPwXbvcIw==
bvW0K53DNwU=
YZ9Dhg+CzR4nvPgNspjYuA==
PPSsdr6qaAg=
KodSl4PjtDjDD2uLeK+4oA==
5VilAaweX8o=
3vMa5xPL4uQ=
eUq4IZ7i3s4=
X+LUDB9hjRxezY15Np7bTg==
gyg3uMSEM/g=
UA+W7EATHgZ5mosz1fz2Qg==
E4IYQsPykuM=
e2R172F5SV1NA7M2XiFKyQ==
WU0RxHQL/jcsJ0j9QalAJA==
0vfpa7tpYVCjkgwb5D5ZUw==
F31o4G8PvDNTdmfAyNB2zA==
9UeCGSKc/IE=
jc2HwIyKNU4Gza7yyvUp9g==
hsp0v1tAoCk=
VpVbNLwUiXE=
Bi78hsoQKB4ktBeSKY36Xg==
cLBF3fXnAIQZO7SBQzGwYg==
OPDehGWPzXY=
3zrMyZpj44Q=
jF9I2e6nzzo=
jF9I2e6nzzo=
ilaxedmxaqGElA7/1s4TyA==
WL5lNTFwM4EQutKB07KWsw==
WL5lNTFwM4FhmCZPxLH8eCVg7L1YyZh1
L10JcFICVAo=
Ak4rGAl5zobEzKdcpUFuBg==
mX4nqRMdHoc=
rCwbkKrBkDw=
VdaGTBuzJjA=
7s0v0K1/oeE=
qJJv0gfr5iQ=
5Bw4Es4KHz0=
5Bw4Es4KHz0=
96+8eTIRnPpA8C1IHySjug==
96+8eTIRnPpNaEjL9iSysw==
DzMiI+avTR3HqetW+OiovA==
VqyIqFtb8i4=
8917WQKlvENuaN0p4bdFjg==
/hibEW3cAJs=
izu/MN7QQEdtmdHrLmxgjA==
TMfU+dIxtws=
FScM7TlY6yBaJebFKSHejg==
ZKkkazZrhJ8=
jsSsQeY1hFf4zZnjVDT03w==
CnZyiHqUS5LZAXurwU7+ww==
5db0lYuZ2iV9bn1onnSg6g==
slb/zgscAWdV3BtJnx9/IQ==
SDIeGoParwb1YIPRj7uYyQ==
R7WY3DCjyMVmdDOP5PvTLg==
vW3w3QYMmwHjDDuAYbuLLg==
0juknUN9kN7Ubxc9mvl9eg==
5PbdsbRy/vPLfXwA3bEaVw==
MQJFup/bex5S4+9tOIWVTg==
IpInIIMRd+fwj7AjLvgFqQ==
vMFfQvFjxztJ8TBzmGV8Nw==
YOoEDq0ffL/25lhtJOUOUw==
oXHH6w9ONvxUBbcvLtrwQQ==
e+xIH5joJe0=
Ctot3+V0JHuPV2dFw1dV4Q==
g4VRa2bk+d+j1niXPbiT6w==
wG0KYlBzlJU=
F176FZzuz5GjzzCJkJbqeQ==
EyL+8KcpzWs=
ViK9lR0VhI0=
5kCNESLRTks=
RgTFmFvQmMM=
saGgtHVSy6I=
OZnRCLBpbEA7QtJKEdzmHw==
COhjFfFgiok0KR05WaAIEA==
rDiA1x0HVEVgp81mvMwfrg==
jmrcqCwltRU=
6TXwO7N7QT4fjFQQDwQZRQ==
vBgC0CQJWPUgZhdglPKIzw==
LB6JD5LmsxiVQinobWpFZA==
AZurOoRKHwKRWDOO5FxKGQ==
Xub45LXyqpuYsOe0GAJ5JQ==
I4cEV2Tl/Fc=
EX59Dt07k5gFquggGi098g==
N7rPo/SrMVg=
gCOiEqGogJ4jdBSrjaJvJA==
f7zN5WU3zcFyKTR6Vhlbuw==
dFjwSL8MU5H3ZcPzfywN6w==
GiAqmiFpXZg=
tZx9tqTuVtQK/U0NMj2A3w==
rTZYXjONRY36bu8yqkbc9A==
zfnAIbA1wjM=
AAPS3mY6V2Rl3EmKHamNAQ==
KKt06jY80NM+Mzhi2C/mHQ==
SQInvYqIj9E=
cOguZskn7f4=
cOguZskn7f4=
cOguZskn7f4=
cOguZskn7f4=
2jx0arFyZAQ=
2jx0arFyZAQ=
J3FutqtvHCLhwpxK8XTScQ==
NRZw3Mmvni7EiejW2xIYaA==
80EYtOQYdPo=
0G2O/9oBBVg=
PkQUUCvsT3o=
OU+TKIt4EEw=
vQLXnnG3XP7inqtVgaowDA==
02ZZ9FGGhP8=
TbBm49jPPwE=
TbBm49jPPwE=
SxCTN67W4NM=
UEHYgSp6qxk=
YE/a++awoSkGTcqoX5sUGg==
c39edxTfI3c=
4ZTurF+gtIM=
XGchT58vU0s=
qggJ2x9HbpXJm42vFHMtmA==
GszU4NKdu4HXjAO0GUWCUA==
Pjk0b5P7/Fg=
FpUoxgMxUw8=
FpUoxgMxUw8=
fyoQCeY3gDY=
QuoOundMxjNtnZyx2GhRsQ==
CDf9EVx5X1y6mHhJPow4/Q==
u14D/zLnkbs=
pA2MdBwCBRE=
ARj2VqHFpW8=
5hQRzDxGSR0=
wloFgOgm7Ks=
uKO/h3iu7L4oirlZs78Wcw==
JIW47ASe7Mw=
iNtkvBeOqvXhVJi1P8qIuw==
iNtkvBeOqvUI36Nd5UtVwv9z+DCvzvD2
jGpdYeEGPW37GZ6Yux3bvA==
gPlAK9rTT/4=
gPlAK9rTT/4=
e8jnnbrb9qLGlRuFTBJcWw==
skhy7/NFioc=
P2uUa4Uhi9w=
u/mlo6bnKiO5kehWHQFzbg==
osfCdyyqMBk=
5a6D3vSHCJQ=
Qmgks/a4K1e780Yudw2VG2wycY85EBD9
Qmgks/a4K1fdMRqBSkW2wg==
Qmgks/a4K1dToVdutX77ew==
ZFSIzobxgxqHUE2jw2xV6hS3tEgJLtv9
ZFSIzobxgxonegHsOe5Jtw==
ZFSIzobxgxoNjOOWpkX7B8vTBgUnthtK
x3DAjTkHpSIpWOZLVVNuIw==
sUMq1virBHOWIXWKEm6NSg==
CBg/nT0nlAw0/uwEacjLZg==
CBg/nT0nlAye99YZGX/XhBSg2S+ON51e
CBg/nT0nlAx67z2CPIFomw==
CBg/nT0nlAwHSAHZYy/uJg==
CBg/nT0nlAyt78TBBZbZhA==
oCHrUgblmOJEdc2DHn3HnQIjbe6S3g91
3Lo96TCPFZPvnblnVX/KEP+aUVfRKoS1
3Lo96TCPFZMVoolaLMHKkw==
3Lo96TCPFZNv2Ps7fWX/Nw==
GBnWfiVhfD7hTDcJQ57LvA==
scRWrKgoci8K2t7CDlrdrqe+XoOPLNWZ
/cSzY8Lxbp46V4WLAjFnSQ==
/cSzY8Lxbp4wdKNWzpPbew==
CSVMKhH1EA4=
BJrVBAAl4o4=
tAAbyjimmb8=
tAAbyjimmb8=
tAAbyjimmb8=
tAAbyjimmb8=
qGmF0T89uQwkBQ+qjPNLMw==
qGmF0T89uQyS55fcJnpprA==
C9Oy4eU7oo8=
g0qsqTg3+n8=
g0qsqTg3+n8=
g0qsqTg3+n8=
g0qsqTg3+n8=
g0qsqTg3+n8=
g0qsqTg3+n8=
g0qsqTg3+n8=
g0qsqTg3+n8=
TrZoTaq5njE=
civp6nHdsuU=
mK2B9Mqn870=
AhVW2F7s3WZ+9KrZylu7zA==
dLGflt2gPNU=
vOpgtJJkEcw=
GH5r0w/I2dqtYjqJKem/iyNI6JC3azye
GH5r0w/I2dqtYjqJKem/i5cmA3YdED3t
MKnNWWqxkac=
2J8NiQQJLb8=
IE6Iu58vlFDkT1PuCB4Adw==
+LFdlkz9LEf1PROeJaTreg==
o9fWjE7Y9u4=
9rwy+1zPfhE=
PLnaphs0YfX8Bh6975CNKw==
t6aTmVmJt8YVhRVXkYAQrA==
Szq8vjDaDIOJvtbe78ectg==
Szq8vjDaDIObQE7m30TA4w==
ADJQAa4+A5sdUhXTbGm9rA==
ADJQAa4+A5sdUhXTbGm9rA==
U2YzjHDoqiJ1/d4TEd8Rkg==
1fisH1/AUHZBE6VAIiEM9Q==
fZzhuX/2LwM=
vInBqNjAT40ahA65trwyBQ==
636kZs5qcd0=
636kZs5qcd0=
4xAjQsaSbGVYhCBGc+RKew==
nKY3jm+d5Gs=
1Qb79aAvwyQI22lx3SDrJQ==
Dry6KW3Rn/M=
B4fRpYkXmYguJGzUba9STw==
CDuVka0OrpqvwDRsQ71fWw==
Qw0U9QmDRfk=
W9yVHLmVd84=
K6AAdzcExPP55vf4KWmkFw==
v39WSjk91GQ=
WhreWVaX95w=
WhreWVaX95w=
YC5nBVUYSgc0dQb4BG+Zew==
raK63oVuORt1sSfX73XDAw==
bNHs9fIeudI=
1t7YKsjQsag=
sn6KHvSw+VRd9sGBKf8Rng==
rhu36shBcEI=
187DiE1tKJ8=
69Zs5AI2XtPLYCE5IDVmaw==
Ji+iGIXH15s=
YFmsEwogfbY=
tkln9Si48IxBdtyFIrwEdA==
WX4LtrHXbrc=
/+VYc8foUTJTYg4biFotAA==
mX1ym7k1GDQ=
mX1ym7k1GDQ=
KAiZRLPT5RAleomOfsGYDQ==
qpIY2qertRZ3Pc2TWDM/ew==
iLKMq4zHEAHZ/x13JAUscw==
vUC0+SZsw3U=
MoQTmaa623I=
eLPTplqJuKFrTft55zBj6w==
ZB7S2ndDRJc=
mbZd7sd3790=
PWZniZDgA9A=
F2T+ixiLJV0=
YgYUpeYU7IH2PH8Zbestpg==
YgYUpeYU7IH2PH8Zbestpg==
ohB2e3R1rNokUvtu4ekVug==
JzcUB18o4kk=
kIEq5SGht4kwEJB+GBYJgg==
02WKPCn7Q7XQKkjHxLBdYg==
oLO3UruEh0Q=
oLO3UruEh0Q=
EBxX2U8xKy0=
yrDyQfCd46fpcRkOQDV4rA==
FplhB7P1Bok=
JwcWIq8F13o=
IsDf2ser7KFr7ccewGYw2g==
1VafgyXjQh5v4EL8SKSgwA==
jEu6YwTPUMQ=
j8ReggFsdjhN1U4j1kzp9Q==
9odJrUa7uNdx9m5gJ7iQRQ==
1p0Y3LhKAcsXlfTQ0/EyGw==
vd8esr5AeWkB7To/J+n8+w==
vd8esr5AeWmaakjpqMy6Ag==
ODI/jjfYFqbRkDX7BrDsDQ==
TTboSYNu98SthcEFZsOGWA==
e6eXp0WxvFwIcQ1MB/0BPw==
Wt2mVAJ1IvKiJA3+77yViw==
WRMs3z5Jrfag/T7L35ybpA==
WRMs3z5Jrfag/T7L35ybpA==
WRMs3z5JrfZ5TAlJzjqGBQ==
39rKwVxReWygoiSBQ0YE5Q==
kVBt8ue4qELcc5arJ29yCA==
KiEV04T+Lyc=
KiEV04T+Lyc=
KiEV04T+Lyc=
KiEV04T+Lyc=
KiEV04T+Lyc=
nBm++wLgbzc=
qcEnBHftmPL3LDJOGu9NzQ==
BVbEBYfO5gU=
+mvKhqCu2s7GRin5W17XWQ==
6hR561AJ8F63XnqVkG8qQA==
sQy5ub6mKAxwme60ULJJ7A==
FwMC6JGJ+lGwjB1Xhz+8IQ==
F092Jn/Dx3Y3Dml4M0bOjQ==
fXw6Dj30rT/SB33sKuhIJQ==
7R0CZA9GyGIc0c38v3OYjA==
DkCgw7W04NT/zAYa/1w4xw==
WBABlEm2KP7CTPVNCR0LTw==
28/Who9skp6FabmOQadxbw==
OF9GecfXEJ4=
vJlzTg9ZrO4=
QRuwWb1EOEfdyJy8PbMN6w==
ZGIaxp4wK7Z2ygBYOcKiuw==
fzshQx0nCqBYOZ6oFS7ewA==
KqGyrb8CaMY=
0OTL2+L++DAlkTjLCu3pvw==
mKxC4Ps7IlA=
DSmCMua8aHcMntpcftugzw==
zr5cdXAFatOO5Ac5fYvaog==
zBxJgcyQ5ihjzB7uq4N5Eg==
9sNiEOeAhqw=
9nL5gKjJox4=
a44dt1ss7KQ=
TA0UvLiGpW4TQYBQzxSLWw==
1c8H23MGfIayhMn/QGyqsA==
LXuO/h6fDzw=
p/SRrxsUn8c=
RJNqdMq4k6U=
99ldCRjYC/4=
99ldCRjYC/4=
Wk7VYKVVGWI=
YrnxPCHiBE4=
hsrONZZFHJI=
KQLKM5QmGUc=
nrHqq4fYC1s=
wc8tt4ofl8MN/l7ASoBhQQ==
wc8tt4ofl8MN/l7ASoBhQQ==
3pF2y5hl7mq8AYSUNC5dGg==
DAmoriaIv9686mC0LDuLLQ==
4IxH9gsh6A8=
Fa6jCq2fvgAMqJhOurVtcQ==
CH+0Dy1siFc=
uvUtqoVST5Q=
WY5oGhRLBOVIwmluAGXapw==
+JyDhZBsoA4=
wDKPftaZ21U=
wDKPftaZ21U=
wDKPftaZ21U=
VuFO+XmFtch2cEJiEyryJA==
3bGA3LzWzzMHzQXYCTKKcQ==
Dd7J5MvKo99NzIoPmmaNDg==
AarMdxKkey0=
m9cHYZuJfdI=
fVau+wFxy1s=
w7EdFxi+cN8=
/IKoHGDFMAV0OAk9R1vL0w==
8KnL5UD2pQBfaPfdwTc9vA==
5RTpNrwLdxc=
rH50x9BUbGs=
CZAYFqpQhn1BXlTFHd1mRw==
GEreLycKgro=
K4+4bmFFmic=
3zFBT0VHUW8=
jm7Ovk9u2OA=
u/8m9zv1BFYEFiu14hCpGw==
FEy37fHWzkU=
EtCXN75h/nWlaQG9i6e2Zg==
Ss3BhYxQB70=
HvLOvzo7Uwg=
t+au68gCRUa5igzw8jPCRQ==
4vluH5e9eyE=
nEMChyusE6P9zdEsQX1d3w==
nEMChyusE6Ph55NZBChctw==
nEMChyusE6MqvezV7Qjh1g==
yNwWHcyD/tXPgpI8r0qMNA==
s/Dxn3I2gxY=
EjRJH3/zVAQ=
HHEx6I/bfPf7Z+lJCAIs9Q==
oHh90zxAwmA=
i/15DRZhOema0QN2y1rneg==
XR8gSX+ol/Rtr408JSfuyQ==
BdlVNpALwYU=
BdlVNpALwYU=
BdlVNpALwYU=
QjucE/ga9G/PhNf5VCgx9Q==
6/oSD+nln2fxJ+bwS2jH6A==
CcU1sg5UKXFZM3KO3RPAgii7MUZmSmed
G5U6+ycxp1k=
DigNAX8Hk5w=
pHrTSosewAtLAzSKvgSDfA==
mjOcKfEGeWE=
kB4ZX14kca4=
gDSPxVS7/rNcWH2df7raVg==
uwSd8xregQQ=
lXS7ocD4ke0=
jdPgcaH3DwU9iiMPCCWXAA==
jdPgcaH3DwXyseM9m8holg==
jdPgcaH3DwWKjhHZVVJCvw==
3L6pR5UdIge9rsJ1vQ5IgQ==
iYmlKVO7IaI=
J1odsYCVwu8=
NVV5BRxrWo4=
NVV5BRxrWo4=
KW1bVTRvL7w=
KW1bVTRvL7w=
hQGJBAuPr/c=
wqwxkbiEC7w=
wqwxkbiEC7w=
Twl+d/k9PhX+5yHsO3l9sA==
t8eLYW7gd0g=
rVO0MflD3gA=
lkFcFVSEBio=
Ze6vvDMboovUelXAowkXrg==
ngtbpIWSQRUahjaPv21ayg==
MqEon5/PnfY=
zkWBrRRfu5qC0st4boNj1g==
2Ies4e+fIF21dvGpD5I51Q==
skn6fMTa7DQ=
APhYLtSvRYalrE1Pe9+ypQ==
W1jsJzdL1co=
W1jsJzdL1co=
W1jsJzdL1co=
D4XYXViBasI=
VO23V5j2/Fbrx9NizYTUVg==
VUfDERMoVfuII7eMWFN6uA==
/EUK3sGm3jVfKwbfL7vKQQ==
7/4LaJBYaic=
7/4LaJBYaic=
a26Q8ro9Fz4=
R3lc3q3IQvY=
VIWvxXzssIc=
VIWvxXzssIc=
VIWvxXzssIc=
C4JlUckf4Z25rIGkeegT+w==
sItX7zqdCPt7onhm/xh4fg==
AQb7FBV4zVc=
8O1/5CN6tHlfFmwuyUJiCGX2B8QYN0Xw
wYdNczKcAeAA3NwOdBnyNQ==
efPFg+wu448=
lzGQnDxploqUlI9KAqk2Cw==
q4DDtTAYmurJIYgzHesGiw==
A5+2iHSYkow=
ZSWSljGadmg=
vcsWGxPSblsTv5UYtOpJYw==
qrjqCWmA3M8=
3GM3cXTERT2EOPY9i/Cdiw==
jCFIXi1Nj0IGbKxRAL79tg==
O5V58rK1RGw=
jazDOtoEL8ok9YF9QcvOSw==
XXAuDcdmv98SRSHiSjbsrw==
fmcTF4kZn+pLreXLdZPTpg==
4ya9yi1/p8vyj68zHjrAgw==
cs0kUEuKn8Wu8gpF8Rgndg==
BgGYBgWoDDU=
wFu/M57Bhd0=
RaapoKWBQXU=
IO7VCJpseTc=
E3IOzO7emlJRfPicL8/Asg==
oM1SY8WunM2XSMo4RC7Dbw==
pd71PwQJoXI=
okVuHdhzv2A=
yn6KokZ+hio=
/Jdx0fg7iVFJIVMZe7LDUQ==
m5B2C8OtxBc=
m5B2C8OtxBc=
m5B2C8OtxBc=
2c+ZJrcqkPbXORm8nLq7KQ==
2c+ZJrcqkPbXORm8nLq7KQ==
Bwi+V9GNXGw9UIFfyj5DGQ==
V7dnWg/v/N8=
HUdvUItVDdU=
HUdvUItVDdU=
HUdvUItVDdU=
HUdvUItVDdU=
lyuzVGJivfhEMrNOic2rvw==
lyuzVGJivfhEMrNOic2rvw==
aj4lkFQL/v5tdiyg9BKWHA==
8PL8kXZDvU0=
I88P68tmg5k=
2vu3XecLrbc=
vNfaMr/Wty6PrcSD6zqfrQ==
QoPDBFf+K8Q=
kYPFDLqmt0o=
kYPFDLqmt0o=
WMSvOa3v1+E=
BDjBr67cIgYpB7wgvitCbA==
AbiPtdOrwEQ=
VQLHu1kZksY=
dplR9qkyMYQ=
FSPVjQgboU8=
Pg+XnfKu0B0/TB99SYzA0A==
1io6+AOCbaEQ0c+R2IpttA==
EnHoZXeAxfc=
b8fVnxJxxtRE8J6hlE+K5Q==
j9jVQIratXU0o4KUjD8NnQ==
1C+GMdANaGk=
Cf7oMTyup7Y=
vVF7c+Qrr2nq7PmH7QF/Pg==
ht0nhtZCR/M=
uP9SORcmz5s=
BAbVb6P0Vn3RvUBi23z0Rg==
crWu/DrvzHY=
jwpj3KzONq8=
gV5/+bEnn1Votba08pGL2w==
Jpg/nvGMLe7w5q//ySa6mg==
3PWBucxZaJNdJvq4Ae5Tzg==
zt/EXKHOM+M=
SmSsMcUj0Z0iEO6ylvvRvw==
T61LVNU06i7rx42JLW4yDA==
E5xoI50k6D0=
PhJv2Rc8eyE=
xK7nNhEi7P0=
8zSgi15vRf84Bq300MhhEQ==
RTepmaP6nrY=
HobIrnUAAn0=
iqSpkaFdeLQ=
5uwm59jyYxy61ddHFvfIZg==
rKbL8/KK8UeKp3bFYLiwmA==
6r+7PyMdoD9R7dkKxFRv0A==
lkhCXcoqHkGdQNvj8Y7hhQ==
O/oY0M2PQ2s=
mqM9vL+zhYyFD5p+J861JA==
slsXM1fbe2k=
/qgwFYrqAmjj/cughruu3g==
A/HyWHKlUo12QTlgzCeFVw==
KvbUjLDUmo4=
MQXYYkpbWKDKtubKx/r5PA==
nLyVm5CVRJViVvn0ijYwZQ==
nLyVm5CVRJViVvn0ijYwZQ==
nLyVm5CVRJViVvn0ijYwZQ==
8RO79HLxWx4=
8p1LTbpm1PU=
U/lCn8sWbpc=
SgwqGPaPGuY=
yQ1wmykWhCDwVj8s7jNkVQ==
yQ1wmykWhCD2DyMDM/0ViQ==
SGqu/zcHKhccjgrsnVvAXw==
yXbEPzzocAQ=
txLYxYjx3oY=
CWANzxLtwZ4Mi8slgaHtFg==
dfvSF5EbCeA=
ZW3pezzamhnQroJJkXerpw==
s1DPuvmF4AJUvBDlen1TRA==
hvwuqX++C2g=
9Uo2pmA73u9ZnGFZ+ILrzw==
3Ku/X06ALCQ=
w4TcSI3nhhk=
kKhXP4U64JzvI0+CoGl9yA==
97BEAX6N6Hh0hj+V8rUodQ==
97BEAX6N6HgBTEf2/Hik8Q==
GQXPXwJ6GEccw/XK59f+3g==
HEsWHBXrzWXL3dp+p4fMnQ==
yd4qmXV+Yy4=
em65Ia6MUIdtf8OFUbLnmA==
KR+1t+Fa4NUqGRy9Yy0pYQ==
iQ5AOgXOgSuhsFirOlzA2g==
oVnZtynD1IU=
caAt0pwG5pP6/oUn99KErA==
j07mzv1fI5A8SOv2X5Ud9g==
5NWxsQ5amGw=
p84mLDUAOWE=
uvX/PMe0F74=
34tzwZ4XeMgGRCC2hiVwuA==
2Y2/o1UFEkA=
wQ992Y/tipI=
r6/WLNhiHB8=
tCrGGVRmi12C2KWdS63saQ==
WQBv2Iic3c4=
xS7+TNn987o=
cD62ZL8FUC+sm1bEKB1rew==
7/md61BMJR2GMGx88fw3Fw==
CpWLgN8NmFg=
SCYezA4Qi+bMPL2YQwNFLA==
8gr/JO75dfE=
yXhGhp69OZw=
Uc+V+fnQPL4=
sy3WaOyT49E=
7azcdBZlzVQ=
qBsIaXzLrMMEy0qi+fAuWw==
YVlPDznAcHw/iu4fdby5Qw==
LhDJv09A93g=
PTr1wkPKv40=
XIEmKV68ZUA=
wwzSrENlL2vu3iMiAhPVtg==
jwbxnWnobByuv2l4dEaX0w==
JdJIbwl8Zok=
2RJk1y6b0V5OlvcPOdE/+w==
yK6rs+wWPefjmIka50b4Gg==
q8BNp/6htXuHA7f1y6l6mw==
oxV1w/HJb5jmOcnm/PsgjQ==
6kOM5u7C+7jon5uhP2nWHQ==
/xP5xFOffc4=
oIUNOL86a40=
RJ9MGr+V6W4=
Xv+93hAzt5Y=
Crj6Vj5O3PcrCG/Q8tLY/g==
RWhuKv2GHfAnn4HRjG2k/w==
RWhuKv2GHfAnn4HRjG2k/w==
RWhuKv2GHfAnn4HRjG2k/w==
nL7r4kvsOjUcAsZGMwN0Dg==
q7zGQ6Woxu4=
mrISyznTZxI=
gVOMfC9SSha1KjIJoJ89jw==
GU+M9WGqOrM=
Y5c8EEETR2s=
jp8xm9BcdO4=
HILQIjTqTas=
xdgoli/OmHcgYD8q3DMYVw==
iQLg4Q9VQtQ=
horOMD16EOQ=
JZuevwJ3YW0=
gqLousIUXgh+CL5uSzYMpA==
kB1EdeA7reQ=
PzMe7OoctTE=
oWCa+WIJThkbidNGon68Cw==
tiuJdBjKLlQ=
tiuJdBjKLlQ=
i5ofG3EYOJnqMMLo/TnbFQ==
Hzc1ITYXinY=
mmO3Im74ugI=
KIQqxxtg+LXaDy601EURWA==
omcOFG2xkEq0uZ4ZUdc1LA==
G7W5A4PNgcfapWvSUiGETw==
cED7/zQ8ZxBf0U60d1RT9A==
382PzO91Wb/qYbPbPAnCyw==
6em0wzEQt0I=
+vkw4/szQrTk80ezS8U8Dg==
mQUjZ7JZq7Q=
UfVI1D/j9uxQ6TUbf7Qjkw==
jC5BhvOIf5w=
YTnYyt/sNyA=
Mlu48qzsaY0=
k+55xHyvVdk=
C738v4gZjXA=
C738v4gZjXA=
bQDlY/qdp+gStGIGGIubeQ==
FPeQqgG8HhCS8bdrLjfIdg==
p560QGEGV4Y=
RVbNZyohMGGMFjWtGBDApA==
Q/i3aU2Mbjs=
TnPCzIwxQty8sdXl0vJYww==
xZ1X9qK7aPLj6vJEj+W3XQ==
Bc7l5EEwol2pim746sKl5A==
OYxLI5oxN7r3yTcANbqzFg==
OBpAqjch+Wo=
F/TcNx/eoDM=
1t0yg9V9I0Q=
hybVXHbhllM=
d4PKo7S2cxc=
SX9W237/muA=
l+yFLS9TlOs=
6aLfasAJrnQ=
e2UaUAnFwS8=
f4Ynea74M8up3V+w4sI0rQ==
zQ1ACtCRcVE=
mLfQaYFZtk8=
m5ONWtJEwXQ=
lHhLr7vUxciZirq7QWV/2Q==
RxszJmtmJHg=
kSPIL1BZm/g=
t9vB2UuBP5Y=
rjSf1bAca4M=
IZXyOORy8DY=
1sfkZ+NIBQk=
pqbRzKCzxlPNGJespWRang==
vfJVDhyZ708=
M8g6B3xl8jo=
/Ij+7APS82Q=
zMiHtWfGD40=
4wePKtGgbCoQiBuVVuWHAA==
omIk9Nuuxj2Mg+8CNejS1Q==
1P6kRELIpZM9Y1779t0rYw==
oc3FRyGQAx+V+l5aFsz+Tg==
qkBadTbVSaoyU5+JOqv3iQ==
h5tSXuiLyis=
h5tSXuiLyis=
KiCVbuTr+xWpLL45vDEAQw==
ELkVt20MYss=
44c1A3Bji7c=
oKFvt1K5GNVPyQpNQUoD7g==
EqlVq17Qd2Y=
xmqLBJHxi9urXRJkG41pzA==
oklIsDCdZqfcPyDJZ2fvAw==
WXoulLmuJUs=
+/QO7fK5hOQ=
RqHrSXa7KwM=
r/AuKt8XDck=
gS7Xv98XHxp+jmNsste+Ng==
PcAcH7lgSCI=
4ljYgJWKMvM=
wOO9rQwOvvs=
WoHwAGcIuoFoopK5r225gA==
cAGVq9uD7XSziHb74BkQ2Q==
1g/Q7KcvhEro30hLngzL9w==
tmplsDvDFdw=
gvNMicayvbP2HGH4qQnAGg==
v1bb5vGFOI3jAVL5Laohtg==
IJ7OKGSmFj56JLPARmXL2w==
E//6pNPMUL8=
Xq8lB8XcXrk=
Xq8lB8XcXrk=
Xq8lB8XcXrk=
Xq8lB8XcXrk=
Xq8lB8XcXrk=
0yeSpGB4RhnxwC8aO77oIg==
L3Du2IIf8gc=
XfSQs0QV0e8=
CUqlkUXkW7w=
ZbAcFdKoNJM=
0TE/lmIdGIM=
SfIdEWLx/zo=
T/6lU7sP0UgrA463FAC4Lw==
HdpYZ25V6VgPM7KlRlyaHA==
17MmGhRpoy4=
qLmJ6/gddR4=
qLmJ6/gddR4=
zrZ9ghc860580AST6LUbIw==
zrZ9ghc8607dA8z+2JEkwQ==
cr+VWQ+8AVg=
cr+VWQ+8AVg=
cr+VWQ+8AVg=
qK9FKyAU0GY=
r/kJElCMzVU=
qqrP/rZVc4o=
yr+kp6uoif5gm0I5bUaspg==
mq6KxB7unuxo4y9N0dtEjA==
bdcX9d8ft18=
QZx5U14Btws=
8Y4/pq6HduE=
d/zQuyMci4A=
d/zQuyMci4A=
d/zQuyMci4A=
Ptaq1psmD/IziUL3KXYS9w==
dmcemdw45HE=
nzPS65XlXuo=
zb414PywQ+FOHtLiSY57qw==
gRqQ+AcYork=
XxpK5e5ahLI=
vSdsLFwUUko=
6YtZ/58seMw=
SdrIQjLrtKU=
YNC6C/j5AyVD+mhp1+rL+A==
rbG/l0OZSuI=
Awzog5XRDfr+rc8trtIcOA==
nOxTTRbCcVTi45RM8y6PUA==
XiwuFW3vWt321V7EBq4xlQ==
+j39M27Z+t0=
1wtsnoSfXZ0=
1wtsnoSfXZ0=
RvCU1Q1g/S+zu9HCMZ8ApQ==
K4uj317a+WtDD76W7M6O5A==
pHFLi+N6DKE=
YQRbIyWxxpc=
NgIWbhCdwM0=
ZIKwNmxsJvE=
dVrgP55ZiS0=
W6eDzDrFPCw=
BlS8srh+Y0Q=
N3D6YRev7ZMDnMhTCSqshg==
TBLwr5sq7bHV70G0O1lKQA==
IqeQNcSCrwY=
Dosps6sRO1I=
oznxrLXhoz0=
ER0WOmDywoA=
8+mP4e0ChIbVMSvfueqIGg==
b4jhsZMJDZAtJaph11M7Yw==
PkU2Hi6y/Bg=
3t6UPg1p257kHaB7JTj7gg==
rsqa4sLnWDpDNmvkTlzerg==
EYg+w++X0XB3jT7+4A/6LA==
Ox5OCF8evOo=
yyWJ8ow+UqI=
6zYby60TVpA=
c2r70JnRuYw=
5ClW/a1NBIU=
0+FjxA7hftsHsk78c+ufPw==
gGmaGFF+LEo=
slXg8pqcUwrEwUXIUZ+bJQ==
N4jKZoYHjL4=
ja4cVQQ5tpo=
LmgnQgXMiAQ=
S7+jm63pHYU=
JbfCsHNvmy0=
sDpoV0QJ8Zc=
hcT9nHxTvfc=
hcT9nHxTvfc=
DrKmA2OdgeE=
DrKmA2OdgeE=
fglQZcm+8+3+kCjuTLg6tA==
OZrbmnRbVtptxpkzg9N8CQ==
xExA7JX4Li0=
X1ikrr1Kj6ceHF3m2KVGTA==
9valu718WVaA1MKqpvmo4Q==
BlSstZTvqeU=
OU1gnOJkjgZCngLSPPgU3A==
RxIqYMyfY4ZvSliMiylukA==
RxIqYMyfY4YhIvabqESxqg==
C3wIcTnxO9g=
C3wIcTnxO9g=
nHBCeh7AyZQ=
+YgPxL6OopU=
mYRQy0AKzjA=
B4tPoeaRJrUn0R14JSBf8A==
ipbrsEd3JBY=
nUiXc7XrN7U0/hF1d/vL0A==
T2xrkJuK/gQ=
a28+4sOeYuI=
qteZJRn6BGo=
iFvWgAdR+BM=
7mbiBnkJtg4=
CnQDMwJz2LMUzbKLmKmugA==
5WHgaj/kvsM=
6z1hmaRzh/s=
o0KlBO0LltU=
srLYYvjWZmI=
6Ih71aa4cY0=
uEDx7q65UXg=
uEDx7q65UXg=
FkvIBGh6jtQ=
mJMmPzuzL5ZzwZzVGd56Gw==
RgakbsuzFwSxH02CI6OsxQ==
nK9XHKkyR2Q=
1Qf4qR11Bcg=
CuQk4PS0B5E=
4d6FMUTVzR8=
7p2nY9R+oShRHakrlI6upQ==
F5Uz0s53pGY=
F5Uz0s53pGY=
TSETR56gAIcgL8np+PSshw==
WX3F+I2xhjs=
qB+UvtyHi1k=
qB+UvtyHi1k=
FF+QeXd2Bpc=
88gXNqdYz9U=
5YQxSZAp3JE=
dAIalCnJ0HU=
/QeRqMNhTcTf30M+iP/X+Q==
2SyzCjdJ3+U=
RvRnBgIN8MQ=
xxznNrYTUGn9/QybRVsyGw==
s6/+I/NQDAkzE8OWkCGpeA==
jiSG4BW8eAQ=
MQ65VxOSx3o=
vRrV2v9x9IY=
2VO+f8eD3ivvAcb3D9Gb8A==
28/mmy0g36Y=
Sj19f8ki+Xg=
1ljIFwqGApc=
OpXRtmai8IQ=
0XLm6lJX9+4=
0XLm6lJX9+4=
JlCRbHmmGflqESaIeymGnA==
M9HcbXCz7fE=
Nos11JVyNH4=
V+rTZ5DJ70s=
2dZzGDAGKTXMr4Xa8IW3vQ==
LI3ujnvT+N6sb+Yk8XLfTA==
qd9wkmUgrbI=
qd9wkmUgrbI=
zQIbCQvnoj4+9FMMRxViPA==
aPNokZFEapY=
+J/fpJm2P2WTZVsg+OjWZg==
+J/fpJm2P2VdweeIsdmwMA==
XLaJ3aNdHLU=
m/ACwTI9ZKs=
6LuDtoW1gbA=
6LuDtoW1gbA=
6LuDtoW1gbA=
Frw1vptVnWilv+Q0uiFQqA==
FKnE/SwBRGUzMdKB8caAZA==
FKnE/SwBRGUzMdKB8caAZA==
m/U59f3bXPs=
m/U59f3bXPs=
d5ajizHtA7GKv6LM3V9n4w==
5HHP9aw/KKZwV1f7EUjbqw==
uJovUcoMVrg=
TVPstdQBjXs=
IlcgxZhEhK28+mftlGx56g==
IlcgxZhEhK28+mftlGx56g==
giyMQZWgop8=
vUgtYPLGHTE=
dVsSLkvQ1sQ=
dVsSLkvQ1sQ=
0jKvbDQhubs=
0jKvbDQhubs=
0jKvbDQhubs=
vM+CT+q5SCw=
ExI1TMV+pe0=
E18DuPcLmKk1hcNPSXXv5w==
E18DuPcLmKk1hcNPSXXv5w==
KKRvf1cCsEg=
aea9V8iUIEU=
urK4ECWA/4o=
urK4ECWA/4o=
tBifk0cZ4Rg=
+jF4EJrvaNc=
wjgZXAzQDmk=
OfzmnKaFqpV6dG2nY5U+sA==
+5qk0H8OOd0=
M7BGUiuKREs+FiH8x1TIUg==
liV4V9z4EcI=
X7pUC7O+760=
NfXdmHUXJI0=
5RaDy7RkPBY=
TivmQM5F4WT8Em4PYtpzLQ==
d4NxEQI0DV4=
hKVatlxKC4Sf8EIjdSWY0g==
P4GaDgSnwzo=
W2YFFj7P3qA=
Tnziag0u3zc=
gp5kQB0vnmeLo3lx6jLs3w==
YpY4nC7aN7U=
KubC4yK/FUu/oI/LT5YVwg==
mBxWMSxV66ERDnWy3g3UBQ==
Xeq1ofc/tJ3xakz3Dvrw/w==
XGZk7FqWgBPLTyRN6hevfQ==
iiMX2r4fz8BprVLqFpirbA==
Pn32wqqbLhWCSgoXeVrPNA==
cbmAEm1T89BWmTe+HbtGpg==
QTrC6iFDS0g=
nf3kxPkGDpg=
UQXWcKvJJSY=
mpp/nj05EJ0=
yh9WOd2/e6Q=
w2Djf7PAxRk=
Qx6xZEVbs9g=
rqjU4xA6ZfTMnJT37gq+/g==
Fwwh/YoJzTY=
QCYe/J5DYEU=
qpxnAemM6sM=
loVor10MvTo=
OcsRCM5+Mm0=
wkuNsQlxsKU=
wRhldq4vmaU8GN3cq3AFCw==
7lE+nDizqCk54phehtdo4w==
xk3ehhJ7RlxIk1Lviqv5cw==
IZSnAdYiVfwt4HPbrMgk3w==
lG50+cxqaZY=
CJ8eGfKFsCY=
AilUHPmRlqQ=
ep1tvtJVrBlAbNPcP1neSw==
y9gToeExisOdS+j7Slvp5Q==
48YTA4f327k=
tFf0MIsA5LjuYYv0UeV+vw==
VWlklCxKcna7oUMvbHrCIw==
GpyZyRAcg18=
/U8dYNY0Ym8=
vpvMdmgTrNo=
V+I40aeQ6mg=
RTSkyAjigt0=
wtNv6TMTSew=
XVm0b/u01mNzIrbg2UC2fg==
cDDzO9CZw5o=
rRc+dF2eZl4=
1KrozTawWJY=
2YerWSqpa14=
8l/Iv2i39Tg=
KcZnQjQsI1E=
yrzMh2wpFLM=
4zeW/LzMQFYG7YrPOzWyGw==
+D4VxQIK2j2tqxK03F9xRw==
iBHhVCUdZGA90KfuTMqdWQ==
OWaHiotIJvEnzv0bWVc9Pw==
+VVXanivaTk=
+VVXanivaTk=
3Jj0osOXM4A=
d+D+F2tNeXw=
4noYdtQjOPrWy+kOXX7R7Q==
IWHlacuA0hcsVnrt8coqNg==
9ayBcjBeXkC9bDsbcgo1UQ==
UMWSHAHdKWQ=
E0Oh3UqVZoa8vg7nAhQqPw==
biO/P4ZdEzuplVkxPV+RQQ==
285Bv+9BeZrHNImKiBTzTA==
A2UK+7jYt/o=
RpqPb7cVLjjOugovrRt22A==
3mQs2/SUCWjz3xy0fgIUWw==
2AyZGVBhJha+49UiLM55pQ==
nKVa6kDbuBKZxlg0EtcJFw==
5dRq/KL2LNU5yJEMJwPo8w==
5dRq/KL2LNU5yJEMJwPo8w==
5dRq/KL2LNU5yJEMJwPo8w==
f2PpMpTMQI9q3zoQx4u57Q==
VGjOWIgmzxHn2oL4mmW9Rw==
VGjOWIgmzxHn2oL4mmW9Rw==
VGjOWIgmzxHn2oL4mmW9Rw==
VGjOWIgmzxHn2oL4mmW9Rw==
VGjOWIgmzxGZJ+62qAKCCA==
VGjOWIgmzxF6rodFUTG7iw==
VGjOWIgmzxEU40+neVaOog==
BMH5ei6rOH175Q5JUk03Xw==
Gd3IuwQjRViKYsCdcrlwlA==
kLST2XOxP+hU5zXs2PWw3w==
rg+BU2+l6VkkT05olUqZhw==
d3QEU1iMN3E=
V419sJe5YkmpFYHwoysCEw==
9q9rwa8O73U=
SHbl+HkYZxg=
wup0RgKz5W2rQecG6DFLCQ==
prktJzZBF9DxOS9ds0u0Ow==
T79dp9GGLLYErdejUTdAUQ==
bgGO4hhfWwW66wWgfMViOA==
Wq+MUGGNUPA=
gIFRisYtJ70=
gIFRisYtJ70=
xtoQinhq+iIamf+9KGhHdg==
JR4LprFUtYEydDMh5dLX5g==
VxTXNha/DC0=
Zb30GhouTetOAfpqJcgrVw==
FrJk5z3mmqM=
uqV0U9ysa64=
OAb5i/Rw6vumg+2laxEd1A==
MiipxQM1GxY7sTtPc5PnVg==
A+QZ+tHB+hHKN4iT57tbfw==
vyfm2B/V1pcYZYzlTEZ9lg==
I+sY6T1HqXHg9Wc8Lwnk8g==
O0o0+bJgXmU=
BZ9tbns5bcY=
YinTcvwR0pQ=
Yn5s37VIAwA=
Yn5s37VIAwA=
Yn5s37VIAwA=
Yn5s37VIAwA=
euYR/paLSOk=
yrj0HNpF+XjuTy2yoUo/KA==
9bzbi+2MN8naUUtXXvlDXQ==
+i56FdZRiSLBrG8rmXVoXw==
fT09iQIw1mNE4yQJVFoP5w==
S77PWe0WTWI=
EcVAkaWnYUxfU/D9h3Z39Q==
WwJOpu9M0ikTqjVGwpnYjQ==
cP7I9Yorh8I=
VG/kiDvD5pFjgjUUX6PxWw==
Xz++wRlXPyHaxX+6Iu0vSw==
EKWxzSpDgtA=
9AwsiXJPOM4pczgfn+UEDA==
7SgljuxMa4Q=
Etq7UHrlvkbO+vORygpz5w==
0NJjGwdgS8k=
9L6Iht7qR4w=
o2HJAy8+RHY=
MV/dx/482cM=
iN3RfcQupQQwYm/NwAADrQ==
iN3RfcQupQQ7PbROcGSSMg==
5Fflc4/vdbqtrgYmIYBkgg==
chkXE4B4B1V4wq3FaTqw1A==
cKatvDJdThI=
ZXqihhLS1i8=
Jy600U6JvYc=
x5BlAiDtEUkSXLUA7S2now==
Y1nfAmBL+R8u8EmgNu0+ZA==
n7Ju63Sep20=
FK4s5phJmZ4=
wsmxrN4HSvvlnHd7dT2HZw==
jqTTgUNAy0nMy+DMPjlwFA==
fnvQXu9I5hw=
PdMtw+Tw5vs=
4nBKonn3TWg=
0aPST6v3+ZI=
/0L6xE7lFlM=
JuFeaRRDz9s=
TmAcohyKSbE=
o49U+Zfqp8s=
o49U+Zfqp8s=
o49U+Zfqp8s=
o49U+Zfqp8s=
8dDvO5+kIWw=
USisPFwGC9Q=
CJ7PKLejL5lGbHqyeYPNoA==
S6mGjcLARxY=
5WuTEX9v/ex2XYG0/4CVHw==
f7vKKPQzeu0=
wPfB8k4iMhY=
/L7mVigmWrA=
gfmaXU2LBHE=
wsz1EJWYGl41+CwRbTtoag==
/HN/XTys14qV17UCDqEQUg==
kZ6oT2A/BaQ=
fRDz6lnSaIKfA3C7RD/jsw==
08YuUmlRikY=
0SCApX9G8sjngqIauu9Jyg==
7pQZOP5id4DUJGekgz0dCA==
kQE26exTD+Q=
oRwTPOzlueE=
gA4QzLtMMfQ=
CxtaF6BVUF0=
2V04YTEXf1I=
JbH9iQSeKe1m8PMm8gNv1g==
eaLxlOymHDo=
wNrnmoF72LLwjLbP2UaiVA==
HEuTnjvfsWI=
LqTQxsmBLPg=
XyCcR/AD21Q=
XyCcR/AD21Q=
XyCcR/AD21Q=
WIsnOnzyqcjEz7MyN60TqQ==
h+rRFif+A4I=
5HG2PSXzXsw=
yihdHsUQu9Q=
HEUANLfGT90=
aRCCIdqer0U54RoiFTmjwQ==
aRCCIdqer0U54RoiFTmjwQ==
0nie8d+unBQ=
EFN1MqXbjXc=
iRNOqz8TibrILHWcqgI0IA==
43NURAzo7qc=
RZnkNXJuQq0=
Xx5u4Aq7dpE=
iDVIC5dZQBY=
mFOIjLWQgkA=
lZ1CI0pr0Xs=
XF8TH36Fahg=
XF8TH36Fahg=
TBvo2kGiRts=
bfeKgnW8c7YaD9BNQG4IUA==
chJdwD9aTON+gehl7YMEbw==
TS7sjXzf3lg=
nOnhietGmfQ=
u/P8u660UU0=
1Vgz9FR3Tkq92MRuMuKOoQ==
YCShf9jk1Gxq9jwZNHdajg==
Ksnn31OHQhw=
R++cOVkinsM=
OXY3gEcY/nU=
ufi8Fk2kq/A=
ufi8Fk2kq/A=
RgXuEiWqroU=
vorFEeclP80=
+mjXO9ggwps=
hcCotQta1bU=
HyH1trwNM1A=
2548uvvMep8c4vgd4K1aRw==
7rzxiRVP4F0=
YG1UsFO2Id8=
/VhQcHfvhSzsU+FwGc7yww==
L4jDDAjOD1DOL36ff3pgpg==
CgsFn+/QICcl7TdEVYzbow==
gU+kdxXwwS8=
nJtVXhZX+a8=
KuXi3qMiAS8=
d59JFS9uPVW7xCePm9EfzQ==
d59JFS9uPVUu7Rg1usTBcw==
etks+G9w1Gk=
9J92bsdSCYg=
a0C2k6+ZXek=
vFcK+KXWvrLTHhFPUcjf8Q==
9sQl7OdZiSGamKQljNXNgw==
PCwVcuNXdKhfBxcnxvHkLQ==
YyuB6ITWEXA=
YyuB6ITWEXA=
YyuB6ITWEXA=
N1WI7hm0Bh4=
N1WI7hm0Bh4=
HNw0rKpkZWO8fUKPCSHqbw==
qCfmxfE/GHVxvLnLvS1rNQ==
0WUidoClJYY=
0WUidoClJYY=
wRZ3tCL1bJk=
auj5VdnE/VE=
/D1zrsIL5Ao=
Jkf6sdanyAg=
aQnp2yoCFtQ=
xOCJGJ2dCdc=
SyUiQKsph7E=
BAaDTqERxbsn3cvu3zxtbQ==
N4jq/x/9d0o=
5wKyPZ1hzQzIk54rOlhpZg==
/r2vSyDumL8=
WPpGKCL0otM=
S3zCZfglELM=
sIYmESQe5+45iGk+TjoH1A==
+voyZSjQrmMpE3FKBoE8Jg==
84v84kydnAg/Nv0WZ6zsTw==
04AZ76BxXyo=
TzE7uyst5yNdQqrV/C5fEg==
XW0yi+ANPts=
/7Vghw1Xhhk=
mfos3O/2S+vKAfX+0WQNkw==
CIOiz9jFm4E=
qQxfqNsFOt4=
9+pP7iO6XDl6XTTu37TDCg==
J+A4OTUI2h7FAMQIgE2Fhw==
DwRKWEgwR5U=
iMrNNIeguxg=
GMJIhhNhHwpwh6Fz9ff5WA==
/P7FlcEgya4=
4uKKGbjJohk=
kXEaMpMBwlk=
kXEaMpMBwlk=
1eXUn/t27IE=
DukURFIOLoo=
XTQS7phL3iU=
zWEVVCb8/rc=
x7Bq6Fu1eCI=
zRHO67h2HWo=
mQdloiZpWmA=
nPEPsbTEC+E=
8nCd95Vt2V5PwsU9s6C6Mw==
ml5Tv3ywCR3gpbkLa9/HEg==
fiR9jaGJ5D1IDnwwrbebDg==
RnFYIB3XS5s=
RVgsSwOsTdU=
RVgsSwOsTdU=
RVgsSwOsTdU=
RVgsSwOsTdU=
U0zoPy4AH1dZ4yz2u6VWVg==
6Mx0j+LNpWU=
KLIq/8tHlIg=
aqVpA7aC3t8NdcalWxvbmQ==
wMeAP0ajDdQ=
pf4mPNJVEZE=
NmHSMKp1YTo=
mVonIDdshnULveFOEogUPg==
AgRk8FakSfxVzUaj5eUH8w==
bKCzDGa7tdg=
dUNkH+ICVdY=
7g/+tkWBfxg=
WGDxfHaK2QU=
WGDxfHaK2QU=
WGDxfHaK2QU=
WGDxfHaK2QU=
WGDxfHaK2QU=
WGDxfHaK2QU=
oP8nsQnOaQUV/BmgtSJsVA==
NOlBXPS0TJhdjoklVn1tPQ==
1xuyEsyERyt1CgoREtdpSw==
1xuyEsyERyuwmI9h18qbEQ==
K53fbaomJ+rU8Vs41XyDhQ==
PVhgz7H425ABgHPEPreNSw==
HjugKoowZUBja0HoZUecaA==
T5Ds8R3WXA8WD9lSSNVWIg==
T5Ds8R3WXA8WD9lSSNVWIg==
Y+ffTJWRPqeqtRxf+08keA==
HiK37inPIKc=
3ZVLKpK0aI9ejBHMdycTkg==
pIZI00jBcVKDgqHAlrWOOg==
TfIj6hRtG+A=
DsNGPbJM7eQ=
DsNGPbJM7eQ=
MI4reHQN47g=
JjDR8F6+zas=
N+zhWDjH5zadES+1KP7MoA==
N+zhWDjH5zbS4CgxtbfoZA==
+lObz9r9pfM=
nDTt42cetcK3bVG4Mfjm1w==
nDTt42cetcK3bVG4Mfjm1w==
nDTt42cetcK3bVG4Mfjm1w==
uwdWhfwMTwUDEPIwUBKhsQ==
pCd1O29Ouj7qvy23LSCFcg==
/P84cMF4cmB6jzCDEwItLQ==
S3rYMjP/Dxc1ycCUIWrzSA==
dsIeK7vkU1w=
ZCwQJINgqPQ=
xUiUDFuzhUzwLw6ZSkH24g==
gOEsLNG6qligHzdYu80pHg==
4HuTvGBVJ8JOA80cdobn8w==
KpqDBxwCOBI0nrQcpBGOug==
LRWzHzt8BHRrGS531ndT+w==
hjliw6pCa/A=
ep1NgLrUruo=
XS+9H2UbudFWwv1joDGkLw==
XRvxkFHQtQg=
XRvxkFHQtQg=
I9oW/0jEG0ksXwgJjWIqHA==
5Je/PykrLYg=
TIkXfhhMdJ4tnU1/yEikDw==
/H4D8rpplIereVJSf3KgAw==
HJGty2TE2wvsq/dAqx/DwA==
u1HKbedBY/Q=
OiWYjYsT0zwSswRZ8Be1iQ==
U/llZwhuDo8=
afcthA6C4SlJPbNWloZsNA==
F+Z5bFpgUIs=
6VUJiGjrLXU=
ZYvXgIs8zfge/hLEx/lXqg==
ueC0nrs6mDQ=
j6ANfzscPJnbyF8UHpHaLg==
GsnBIAaHGrlD22dlNeTIog==
r6crtlo4A0k=
IM7d/MASCW/rsqdo91rqxw==
OhNqIVPBS2xOSeNlF8vakg==
VttPPvYiQ6r9wwChW9+2nQ==
VttPPvYiQ6r9wwChW9+2nQ==
VttPPvYiQ6r9wwChW9+2nQ==
VttPPvYiQ6r9wwChW9+2nQ==
VttPPvYiQ6r9wwChW9+2nQ==
nq/rAeHdY817SE7uDNF3Lg==
RmLzZ92Dbhk=
RmLzZ92Dbhk=
RmLzZ92Dbhk=
MMMRJaNXupw=
EowL3GDNmYc=
n8ZTlchcmNI=
v/Je4dDujy810Bozf16nfA==
MROKjj3kmw4=
WrH7OdDZsoLjUK0k916e926P1JQlpyrA
2YrbvJzH0tWbFw1h7TGeBA==
5gCMpRI/cmPqGiNmfBfNug==
5gCMpRI/cmPqGiNmfBfNug==
vbkYD0LneRU=
vbkYD0LneRU=
2IJ9A8BZIiI=
kC8GToA8jsg=
kfTCRXkiyww8VprMEnvDkA==
dVlwrHtmCP0=
dVlwrHtmCP0=
6r8FozM+FlU=
K+datsN72xqmTgtKrREGqw==
K+datsN72xoKDgQsLe72+w==
e5Qd9qzWZww=
kd/7WfO4K14=
lRguSYJQGNo=
TYro/LohzRiEQDQAYW0ZtA==
76nsoPEg/YY=
tneJzvddc2Y=
tneJzvddc2Y=
rI4KK4BZO9o=
eKvXUadUlUY=
DnL4y7ZepIMM1zAVFoDQEg==
o5zNvCLh24U=
nB7eabbOIlg=
nB7eabbOIlg=
kqhUtHDp9Uc=
teiEXjny7b7wdqutaza2yA==
teiEXjny7b4/+WuLPLqhXg==
j0COtbNv98c=
W6AfOmiz2Oc=
qsf257yKm//8fpNv4AmWdw==
xavbcpvBzDuTRV1t+fYs8w==
/zykR+P0l8Q=
wNpxg7m8mpo=
7nD4ZzdXTuM=
ToIU6iwXjpE=
z+sXeHrFtLs=
8j+TE5FiBRA=
qAksk7aA0yw=
qAksk7aA0yw=
TTrOqv3JAiY=
W5+51NKqYYQ=
hWW1tzxYuvb+ETkMX1qLYQ==
QJkkcUBjVYJWQYAORD6Row==
G6cDiOFodihqVWycoyugXg==
0SEnd93mJ2S9OXnRlvt5pA==
EwccVWmLt5E=
CpvlbQpXxiHFpLG5yqP+qQ==
pO25PrbTJaY=
pO25PrbTJaY=
nQFdKHvwkKA=
nQFdKHvwkKA=
nQFdKHvwkKA=
2pY60jZKMJl8spg6Q2IO4A==
2pY60jZKMJlykKy1pv0Zhg==
lpFBKjv0aZp6Bng6GD0ngw==
HRcfncnJwkqO2NRt1R5nxg==
u9cLKP6h1RPt2ofM6ec50Q==
RHinVaxmjg3ZTmf4qEkEAA==
RwLVqbCWl7c=
hARb2/tHuVs=
v6yHIeWJunE=
Z9lyA7ABm3TwdpqB2oMr3Q==
Z9lyA7ABm3TwdpqB2oMr3Q==
dw7O/sMKF+ZK0m2pO8a3Nw==
ZDR9bQZKDPA=
XhWdJ5NNcTMZRXhlTkkEnA==
KYuA7sktcik=
IeIrLjNz0ho=
HcygNWYIStk=
HcygNWYIStk=
yKQ0cy/7GT4=
LlpNYjoYzOs=
arPcPH13iqQ=
6kBp5Ylvrq8=
phUEdgB21LU=
QLjNbQw6tSw=
sV7VIueI7Dw=
U0Y7K8p2ijo=
87HrM0P3Jkw=
RmFnWwaYCQQ=
RmFnWwaYCQQ=
ad6dLEWyEfpuOjlUTCcC6Q==
9hN3Mqf/fp80gLylTONR3g==
nbyaPbqRCGi5JMzbR+NnPw==
f5nXUmvIH6P8UzVrX5K9Yg==
9Gd5iKgfaHO6LCrQgRDkqA==
FF4AJjfj9dI=
hveYgHRsbCU=
Fr14gzclbB8fYzqVFZT4/Q==
pvIHEJMIMkA=
beGqqAHY6yU=
MOa2BSzo55k=
wOoU3Geilwk=
G2UABWRD1/ySZHXNkBsVgA==
Ox6caH6UpfY=
BIqEfATiYtM=
PmZb3o1OGSc=
ZDs/SrN+e+kmoAGAGg0UlQ==
wSPNASv+WFI=
jyi08/UvGzs=
iKtwUnOm24JjKsQyAB/Phg==
wQgK/O13FhA=
PlYkrTfBoEqEZKeEIkpq1g==
2iD81ORajKE=
zs2JVMCrhpxiTQ3d7js5QQ==
dncZuZbJn8A=
p1nnnC7ND7UJEd9h40HpTw==
84HpVeiB+JyCrIx9tuRecw==
q5BQpjnmppA=
jXNWBmq69LQ=
ZuiADQWKji8=
6bQ1pQR3RyA=
n2W8LdNTKl3yE5ReB4127A==
b9km/rkLSk0=
kETo3Apjpto=
kETo3Apjpto=
6+c/d2kF6JI=
6+c/d2kF6JI=
C598eLs92i8=
84zuBxfTaiQ=
OWy4x1iOcDbgc6h8P+YDWg==
xzwhruk2Bbc=
lgGP03PBIxc=
wA2QwL7gtJt0A5ipD+RRzA==
4I01Mo6Dvw4=
v1MdpxrdQYYx+90Pw7tCUg==
NjOtMzbcAg/yaMr/yMHIJg==
NjOtMzbcAg/yaMr/yMHIJg==
ua0w56eUp4Q=
reM2pCZQbLGYZ4lwpYvdjw==
zB7OcYC0DjfjYGLF9pL18A==
E5xKVGAOy7D+ODxikAacJw==
tkeFYkBnfx8=
AzZ2UAhdmzk=
AzZ2UAhdmzk=
qvNMdCEQ8jegiN8I2Rqh9Q==
tfMokpVGwGKrZ9HdVgXURg==
OElu5qXBmtg=
/XD6Pi8r9Eg=
69HwkQW3mvw=
O3wLCRRUYCU=
YSjQxaV6rqM=
JKZ6u+dtSxDGlLdR0FX3Sw==
rrjyhCnu7Fdo0DpCa3jSpQ==
HkzNKpojN0o=
PiFCRmKbCFU=
v+gwQLhQFm4=
rUO+5NhBwQKXfvoNNdmMIQ==
cYb9HeCEY64=
3JrXx7EYxm0=
W3o4re2hp4o=
U6ds8n1w90U=
NvQOQu9pZdY=
ylVObxVgZJw=
0VL7fzPk1amyXXJX+E2tOg==
o3vV628yoLM=
22/tgoFaNt8=
3RbDpjasEZWTrKUwAH1drg==
Nu6QcfTFTKc=
EThD33PJvpIXJ0m8uGBXQA==
rHYH6DylTMQ=
ka/F9+NpV2c=
Z3RH3/HRvMg=
0Du1lNCzPz4=
Au39BAK0Hmk=
VOEPeed9Z1AWDqwqZsuFoA==
u9/SwRf3hPg=
/5xQP8ipzNKP48JEqdfxfA==
CdStGOb1+28=
BR4GY1pCsMg=
eLFQU5Hi04s=
dZ7tLBmi1YA=
OmMB5ca2Hj0=
FVgzJjHK4NI=
1CqgTdUET18aCMtxO6tATw==
5g5OfVznAYA=
LFaSNY57HSc=
FnGWaYmyJRw=
Q0vBF5dO4b4=
33vGf2khdhA=
K/AgGP+g1WI=
oQAyouFlrnUSaSygUcAnpA==
gldHK0EYUlCGdMh3t3nr6A==
SmIT2DTbbAfhy5PYN3OskQ==
7iQCVZ+2g/E=
l51bx/OLBZw=
oVVTmNS9mtfHQeQ5sNiS1w==
lneExirbHRg=
mGN3ySJeQerYFy9o3lwrxw==
9PZmesH8OvY=
2gAOgK512a8=
QTdKsK9YOr0=
UcnXOataAgI=
hrxkC8zODc0=
mPqrM1KCPkqeeu9jo48tLw==
2U9izjaukKoBElfOTU5YUA==
wTcE/KjgGzU=
T4A9U+IqUsx87hUe6GVx2A==
JZe6hl34y80=
2YcHrl3MGmw=
o+dwOVf6Dv0LWSJiiBls8Q==
v4ppDzj7Q6M=
EKO1QkSXP4c=
zLktkYDBIsXza7eqs1E8tw==
gan18+MlTqg=
/esFTZXuecA=
vujpYpBJIhI=
TKX1fJlq+h0=
lKiK/S5ZKS4=
A2Wx9riXzaI=
t+mX3xVNr1c5B5q9472iSw==
dPGo+5qzDI163xzZbEamkQ==
8tlPjANOdOY=
8tlPjANOdOY=
8tlPjANOdOY=
o9QFC90Ncz4=
+ScDXTtrlbMAKIObrZIMtg==
u70V9NDkC4UrzFIPYAlrgQ==
NeapTbnCVSOkLw77GZaykw==
e0NnBYsVAoBiYw+GT6h7AA==
dF7a2rQowrI1morjoY4xFA==
Wd1DmUTD+SXbwHdtbi2PyA==
kloyp21ZIsg=
8rXEAI9Bgjk=
dHBEZBAebOw=
H4uN5qdGIMypeB9Onae4yw==
pH9xCYrj/t4=
pH9xCYrj/t4=
pH9xCYrj/t4=
pH9xCYrj/t4=
jCW+Q8r4O1TXjt24soNm/w==
pg4Ot3TU/DI=
pg4Ot3TU/DI=
7fLnadFyuc1mabF03MdE3g==
Xn092M5xkpurpq4O2ZHIIA==
feG7dHifFYP1V0KMDmVTAQ==
km2pqkjTPgRafg0BwIML5w==
srmkvnzAHu8=
jZK+TKO1Has=
nak8/7cnhD95//K32KTW5w==
AgTfyoseJrdwZaShLyUuCQ==
+Sv/FTvbkBvh4DgZOFj+UA==
9CgNma+Dcfe/djzdmxBYqw==
smEGuvCQkQCrXv0XzMrRBw==
j5CnILw6Sgo=
67NKgwfv48g=
+Id530MAcdc=
+cjdiVbW5nY=
KdtqJSSMWG4=
lxA3OcL8ToM=
gH1/TBpg1SXjGISMGrwX3Q==
GsZXFcPnUyw0SW7csjamfQ==
VhNKn/d7Aos=
ELecT7raNZvjY5snAneOHg==
jXCNpdFKn8Q=
jcuQUAykmBc=
4coMCNe5/QZjobuKa/nDMQ==
1XMxy6uVZqo=
W17Kp71jyIQ=
/GTYV1sj4k4=
PuLQgTAaLp0=
syGvxsE0RQU=
syGvxsE0RQU=
M0hPBDVzTG0=
57GhUU2j8Jk=
qIL3KaTpZxo=
ed2xw6KtYjZpIEoPblRnbA==
OT/XVHjOr1g=
y5YqQDZwFPI=
y5YqQDZwFPI=
0HrCCOjI0Kk=
I3q/iVYMU0UAYKifwDh/4w==
I3q/iVYMU0UAYKifwDh/4w==
I3q/iVYMU0UAYKifwDh/4w==
I3q/iVYMU0UAYKifwDh/4w==
I3q/iVYMU0XWlUKmBPMxwg==
of3QLO7oL+4=
S3eaCqbZKnc=
EEtjWXFYcho=
7OtnSaSqfEsGv7UVcA5vYQ==
an4E9SDnlPc=
an4E9SDnlPc=
nRnLoTvstsCvk7CcwmalDA==
xD1vHtTrGY47BeXmwjwUDA==
xD1vHtTrGY4ySO4Wadl7kw==
HSkzIUWvW4g=
xAfkO9mD57470HS6jvLPYQ==
zYWm8KAZNwYUlxLxcx11kQ==
osXe9fYnvx8=
/8qztVQS4hk=
Yw9hlD1Rlus=
Vyco5BIkuYSQ/RrJzjghOg==
S7jjPR6esaJu+SceykkHTA==
zjUpHNIMPSIcXjocf0znqV7FO9sI+F5C
Fzrh6htkz6s=
YWl591zKygE=
/89ft6CFpSY=
EktvoFVMCaQ=
AQGwDNII7x86OjCpKhMEJw==
5dPS6o8cDC8=
CfPh6nF6xEG6dki7RkvQkg==
ff+OZbdz24w=
ff+OZbdz24w=
bNvJIihdhTTjKgbdKe0Clw==
bNvJIihdhTSz5dxisPYZrWaReZ05ps0Z
7R9D5XSQUx1ms8uiMCqILQ==
NtKQduzbl2o=
9CQ/hLQ6vzaAvf2FMmtahA==
4xYgHV9rgMk=
4bG1kSSGA60=
srkcoECxFqs=
vNMmSiK3yFXSh1iIaL3V6g==
3JDpRNB7HeA=
d4WfCCq+F/0=
d4WfCCq+F/0=
Q3iThpGr5Wg=
4BIKEBusBPc=
KeWzwjg7uJU=
zwvVDFeTwP/wmd80efiF7g==
zwvVDFeTwP/jeN15eOU+QJ4q0VRyjl3v
00O+LNK1jiZK6Wow+H93bQ==
00O+LNK1jiZK6Wow+H93bQ==
00O+LNK1jiZK6Wow+H93bQ==
ZouVa3RP8RsI0yfOG12frQ==
tr6/iJAwfVAqyAyXS+Y8FQ==
QTt8XgCf8vXvYN1r2bQY5w==
xPeIEX7olTE=
cRbBtBB4u44=
cRbBtBB4u44=
Fz/ppueCFYii6gu1oPcuQg==
vlK4l+py1mQ=
D8+NfaS2nyU=
NXr027M097s=
jDFZmE1jtyM=
qLOMmhisjLc=
4yKmj9dPSsw=
SCwGd9zTuk7Apf0L45BYDQ==
3qG43CrhwcQ=
xUu8m2bb+7s=
Ck1dAlVOn2g=
+BDcu8tIcmk=
ICASQ/oGiG1y0y/Mk8/HMA==
P8IOfLKGfio=
UGfvv6MV7+I=
tQy3/pXS84o=
VrzEreKh57M=
LnCgeJHmuq8=
0wPiQ/1mCn8=
7l04krNaJ4hBpaIOJbAe/A==
PC9WbilvB7g=
lrCNZdmS7qw=
5k24fIYnBnA=
Mhx9Yaxjw4I=
0CmyN2E+tSQ=
3AYMDewrNO4=
3AYMDewrNO4=
A5IMwHTW4pohxnN7gY/AVw==
WhwvRCpt9BK0FaiXlOUguw==
WhwvRCpt9BKY+92R7R4Zow==
WhwvRCpt9BKiYWrfPPxTOA==
yMHEW6hQUsQGB8Z9X1+jKQ==
yMHEW6hQUsT++ooo4lJq9gaBf2FLVMRd
yMHEW6hQUsQzhR2dc3JImw==
XePr4/SBgeM=
rF+H2V5xyT8=
WB33Jm5pkyc=
f0+eVJHEk64=
NRgP3ZOel06qLfI23Wwghg==
JT79ApNlHpAAnwpq8kIkyg==
ubT6hutRDZY=
bDyZPhpK1O4=
FWbUICre8Ks=
cTDcx6tf6W92a9Q/kfGAkg==
BVEEiBanwI4=
G/enLYz7WYg=
pwzJUtaE64A=
V71qUQCx+DQ=
p6VOlMhWm8FbnO3UE5YHpQ==
p6VOlMhWm8FbnO3UE5YHpQ==
9tNrht8nPIY=
VDoPJfFfTtg=
KmSqXXCQ/kg=
WqIc/sdJ62NSS1Zf8YmyKQ==
CB6sWhddt4w=
3rAmuLhR0Og=
USZGTyarfaNp0QbRVcZvng==
B9bumAmfvDVs6CXMMUpjlA==
HCmr7Hs+vtw=
I8a0BMDdHgY=
MGWYeQm/C8ErVliaOtBkMA==
Hna+XUlT3SAKWtp1VZaN/Q==
eI3/JeXcXCaz+/xBjKu8wQ==
y3lGBRKmSJ2n/XejGw4I8A==
VEbLXN5xYwE=
KXxAG2JNPmM=
73kK4t1pbOTzIj+8FgOFNA==
c+Qwg59onqwgC7Wz8JK3qg==
ECzxaxVLeZg=
F9i4nbXfuw4=
ywreXm+hVhJJRi//vcbC2Q==
EUJENardFM0=
e7VAqh28KKg=
xQ/QmBw+ZdE=
f9fkj3BDzfQ=
3BGFjWx9PvY=
Et6KeSabiaw=
xK+Y0gs77sw=
uiS6vkYJ1vU=
LZyI4q4xHEo=
ZT7+NiJhVPe+98EOJUWvvw==
a5C4pWwn7eM=
/uO2OVtVOViV4xdr5m/CHA==
TJCoEA+ppJwF/JEY3zccyQ==
22JSI3PaRe/LBmlDnjDrPw==
P1SO0hemXTRNMgWcIcEmlw==
Bu985LpjCL4=
N4IH7r4IA0U=
59xLYyuWyoA=
6RoiDXpKGq8=
jpBl7QmTgFc=
jpBl7QmTgFc=
jpBl7QmTgFc=
jpBl7QmTgFc=
jFVO+9ZScGI=
q8UsZDDXhBU=
kGWA36fktWA=
KWjTD9+TjMg=
KWjTD9+TjMg=
V5lBXTQ4JwA=
Bway4+3wPdg=
HzUG75+lKCX3nI6mDM2x7Q==
Hin6COwcyMr1gEl30Yk11A==
h1Fjm5J2UK246kt0Qu0cgg==
h1Fjm5J2UK246kt0Qu0cgg==
HqhMsz9UPrQ=
HLSOIGGxIlU=
hIjy/+bq600=
DclnwNK6rWbYeH0u82t70g==
+eJG0YgEKX9xJdI+ihyH9Q==
vpM1W9HRlgvHWlZH834r8A==
+RsZMO6NalSzrFkR0Uh8AA==
0bbuYsqfS/M=
0bbuYsqfS/M=
aW8eHHmLR9k=
/2APc6wURtU=
/2APc6wURtU=
/2APc6wURtU=
MC9xnrQ4rQ4=
jKUIKk8FzD4=
tY1n41/+zOI=
2dGpswsBwnk=
jWm897tMidI=
jWm897tMidI=
dChPRrxGaOivoeGfGMTyyg==
JSVJ9vaSXZs=
Vy3Fw1g0/0A=
m9kGoett5aXSmTSxrY7uWQ==
m9kGoett5aXOU2pTwo7Czg==
rKfgW/zI66psgvHT9aoEvg==
+K/rJNarOt7tabsdvLHkrw==
VAsIrQJpTqTXa2rsvtRsIA==
p5XxWxEam8yOIfC6Jhjskg==
V8zsKo0rePs=
PvmpIVYCHjk=
mEOItCj41Zw=
z+iCgQ1jwPA=
z+iCgQ1jwPA=
+sFCs9ERUbI=
+sFCs9ERUbI=
jnKy8COh/BCeHPsQEC+rAg==
zuWlgfULlSXwGs7gvuTicg==
rCalzBh3p2w=
LYtJxHw4LcJeLMQfo+6Ryw==
jCpUSrTnSCA=
inmM0HBDF2o=
uX+ARI9YWoiS/ZH88atHFg==
BWDiykBSnkUX6MwEtHp01Q==
iaW3muM3kBblwAr0CaGvBw==
f5blddwEgD4=
/TBYU9szQVU=
Wxu82/7ARWE=
zX3i7PyiuVY=
+RGPDH4IqFs=
5H0zRz/cXpHpX7WDZx+DKA==
L1lymkdZcn2SR8OXrAFSjQ==
4HcFJGDYSxw=
HvruIdWqlcA=
NRhnMZh0TFbegQKE3NhyaA==
JKx+j+u5a80=
JKx+j+u5a80=
G3ak0DHNV0Q=
gTjTZp7x/bY=
duxspgZ9qTc=
PUzqO6P0KRp83VMUTC1L5A==
wziNOhuvN00=
ZuL6ZZVoF64=
W5J5wxJKpNQ=
hinnfJgsbmY=
6aOhfk0aQnk=
XfagSU7Wb38=
xflKh5wSevY=
7luPBMgLwu0=
Kc4Iptgm4Qc=
G7ES4rMyBqc=
TH4Yand1CNU=
+CwrbpecNdE=
yvCC+zM95iA=
cAdc6Q7M/JE=
QwHwNj8npb0=
gboIQkMRdX0=
CXiw2JLLd80=
CZsMZCDNZPU=
CZsMZCDNZPU=
T+ruLZyFbeo=
FtyQke/9EnI=
EfdjN5qgPs8=
EfdjN5qgPs8=
AZGTBw73vdff7U6L3+9d+w==
zqDtG/mgyou//8/yQ3usGw==
otCDCtXzi4w=
iVqiGUsy36A=
gIjIU1cxBSMCvvtgG8ZFIA==
MUEDT4apHwLEjyggfJtFfQ==
yVw6NyEPft8=
zhYZHGqIjnHZkZ6o0b/ovA==
bdh7ZO+Znu0A8aN8TRy06A==
6EsWq94u7QWn/SAKnS5anA==
M8AoNw2Clk5uId8Opj6Puw==
yu7ILvqT+ILKgOiiRsA8Aw==
srhXydZQ84rOMtrmR69Ugg==
95Yv2xCrAhB4LbNCfykk+g==
1Cj6ypDBET4=
cD3QCKp0eGg32C4BpSIpAA==
cD3QCKp0eGg32C4BpSIpAA==
cD3QCKp0eGg32C4BpSIpAA==
cD3QCKp0eGg32C4BpSIpAA==
cD3QCKp0eGg32C4BpSIpAA==
cD3QCKp0eGhz/oDDP48mUDggp6yRHzSB
cD3QCKp0eGhwezyqrKNwggOv0K3uwPVa
cD3QCKp0eGgEnw1uTLM/Qdsi4rOinLXd
cD3QCKp0eGjdzp1RMogHvZALTmpz5Ccj
cD3QCKp0eGjAXg9/vBHK4A==
9bEppDYkbLI3yXtHbG1bFw==
9bEppDYkbLI3yXtHbG1bFw==
ihKwZN7nIkXmR74lwQiZSg==
eTs5jc40UESX+0y4Bt3KFw==
g5LxzIRzU1JzRffO5VZfPg==
g5LxzIRzU1KHzisrsp7ReQ==
cIpkMYidhQY=
Tse2YqdumPY=
Dx0roEVVgMA=
Dx0roEVVgMA=
Iq5j5Ur/VhLNscKTKku+xg==
7tSoZdL1Eh12ZRjPPgabsw==
OgEE2Pqn1SQ=
OgEE2Pqn1SQ=
7dbi4uEYDBbY/aSN2gcQJg==
WsxbNXAbKgk=
g50NIcPfyAFHuxRfBxlU4GSMqeJHBs4B
wFpTSq/Oq8g=
7utvZmsg68a9za8Fhk0bNw==
7utvZmsg68a9za8Fhk0bNw==
dOr7jt3NzIEsyYL2qZChiQ==
Ov7WYPweUws=
FLl3EH0DHi0=
qtt497XlBOor6AC8ryKFvw==
rwcVlcDneNs=
LDJTDgLlNM8=
IwUHNRCasyo85wf1T6qrkQ==
yjhUWhdOiew=
RY97D6ct6K0=
EfOaKNUo63U=
YcGVuvD/3QYni7D9lz1gZw==
YcGVuvD/3QaF/m4Sa6gLiw==
Dmn13ysihfs=
Q8TQxf3qNqouKMa4GGSWPg==
jPcCpeIy35c=
jEDOStnoynI=
yQkTylA+Apk=
1UkHlIqJFikiBuJrVjY3vQ==
EjTEvEJEgA23MX+krQoBeQ==
LavUcxLVTmA=
EsXspMM+qSo=
xTX6HuJKVoJQD6VOK53yfBgTcuKGq6YU
tTCUYqW1NyPPZWaHXA0AWg==
g+2FWVHT/XRUcdN99PLvcw==
tZDZDE/UmUM=
PU9ACuaS2Eo=
n3vgIIsfZuU=
2FEeE/QLDx4=
ZFddkXk5c8OCoyJRG9f2Mw==
/c81s7on6rc=
eobnW4jsoBc=
ljj9Nd6AuvBQaOD4UwnCYg==
C/gtR8pp9OLcC1NhtVtAvg==
+hlpuSXi4xceRYeDQ1DmAA==
6chNIq7sZnM=
0zbHfySqPcI=
HKR+QkVVK2GaQ1ynd+PsYg==
daBxTWK98R0=
ZkKyitl9/Lw=
A8uRnP+06u4rW3CGOfVC6A==
KSSoP4PnhBY=
/cmRNSMsKDY=
MAblgu7IrUU=
h7QZGUJikqUfLYa7I8wClg==
iKg8zlt6UPfCAnjxolHQVw==
Vwt4vEDyX9o=
sB5xylJMiCPA1kWzRdGLzQ==
fVZsDCH7oO0=
87igor7/geI=
rn1YOdYiyRc=
WA1YOm4q1gXKNXxUjMHtFw==
OS0wqXRt3Nw=
MLPUdqKAdELpTenS06o/3A==
1kfhsNtYKb0=
hsR++hshjdk=
hsR++hshjdk=
TZAnDLVN1LU=
CtwFV60vsmk=
CtwFV60vsmk=
CtwFV60vsmk=
CtwFV60vsmk=
z6u5H4VupSUk6UFasd8XeA==
tZrruOXmjODnApi/SWvYDA==
h8ddgEqkM9461J5FsiZXOw==
6RzlApBHM7s=
arpwEZRACxmMrZK9nUkmbQ==
MweJJoWbAI4=
MweJJoWbAI4=
ycX6UJCrY/U=
PnfW6R+VSAIlTpOIye9CLQ==
sq5zTasdwHyQwyvtuz6i5g==
V8a3Rz8UETrvQtiQe4NFrg==
eJFGRBHDst4=
ZlXgGG+T+Q8=
wYMyUh8f1b1py80TcBEFQQ==
QKe4qGcGpRY=
QKe4qGcGpRY=
1L6VTXWOVWI1ziAsdN40mg==
TcEjoO0kPKI=
Ifg0duO3nm0=
Ifg0duO3nm0=
Ifg0duO3nm0=
Ifg0duO3nm0=
CpJFdxjaRFPMgusrhMH8Uw==
4LRxayiiOx/YSU1ue+83vw==
4zA0Tksh6xs=
4zA0Tksh6xs=
tr3UCeO6T24=
tr3UCeO6T24=
viDrqN8/ZNTInhZwZxv72A==
PjIS25pA4tLSkW/CE8vGZA==
alZTi+3T4m0=
CFIlxxPfbYWD5O3prMx7Jg==
yOx0/ErgFNWhCGvR9ymQtw==
NDcFmHyVpRBdnfV6dcovcg==
Jd+V9Iz4Ca4=
at9IoTy1Js4=
31QavW1bAno=
ITo1OzROhbs=
ITo1OzROhbs=
50rd5ocT70WA/RJV/PK7+w==
3LJPMZZmnek=
bCYRR0EPwCQ=
m+Q1OlHdQqFmji4x+Ldb7w==
kUyiFmPMrr2exWqsbYiCig==
3IBAEoOXHakvSpNelIDtiA==
zFN6+eCOz527G8//oy7dDA==
y3RT+3Fa7g8H8Zf+5AhcTg==
oZzElOIVbEPxRrSCTtX1QA==
E9IjkA0GeJBC8ZHVmfDR5w==
E9IjkA0GeJCEDKsYFBwFQl7t8k6KUeAo
E9IjkA0GeJCEDKsYFBwFQn596daTb7gN
e2cml8tSkL0=
cRhaqek8TVEK2iZ2BETMgA==
TUvMHR+5G5YpKReza5y7zw==
DnoruQwJVtw=
1ZIx6+CEQJw=
vHaNhximVr0=
H/rt+ICBlPA=
k97LZoNivGEeup3/6EUxEQ==
IvFEDrH4mRhx+i/A+PegTg==
ypr11hRXVrCQmIybq7p18Q==
j3CYrT5lsK7IKiOb5SD91g==
HeYlETdchJg=
kJGS5Z0cO9JP9lt1JuL4Tw==
uG0C0jZdNUTKi3E9T4s5ZA==
GdLQe0FL76k=
SKIe9CVczgvrAnIXul5D7Q==
SUqxfvNh1Ks=
vIUHZEIDzktv5Y8ZElrN2A==
KxeD2ITSWN5CBnRM1ykZeA==
o9vY6qEiW6g=
3WKOhqzhO18=
Yz4xlMg21KM=
R7C9Z1eMXmiW4dwNORoi/A==
fQms9Ntf8/o=
SuI9cwU5sHTTp6EO40epQA==
NgOiUwx8v4v066gTCa1vbg==
5mRzWyIHBsYISHV0PZVy6g==
rtMODVfBR3ABO7vBV18ffQ==
TXq5XzE0tmA=
/6GxrPX9OdI=
8FnnRTmv+3g=
Hrjjnk0KZHP7ve7WTj5FeA==
65DGRmw5JJY=
P3ztR9bVzhc=
W6EyPvbjW/I=
Gw7BZshFMYgpTRCD8nnb1w==
L1zKfD5zMiw=
02Lrmg81yo8=
vpYm8ELjIBDdxutXVSzwPg==
BH9V8Eb0RTU=
HaKxP4A9vUE=
c7KN/l0qEWo=
K+XHDCMBW1kBcDYy3TWosA==
+slxd8xAmpiR3JbC+/sGEg==
RyAFm40oy+o=
z6auFdZ5jog=
VTeMTfuaVX8=
H+kk/ZyujJ8=
Qd9sKfB+Am0=
yU8Rc8ieRiw=
S2OaMGz1jEw=
Ra5IUz/j348DcmzKMTqBAQ==
Ra5IUz/j34/15a+3rpV/wQ==
nE0hcZFH3hF1qW3wuu1jtw==
V555E8uzfG0=
V555E8uzfG0=
A77aR+2Dkr1NE/v/gTwo+w==
6kX0yOCmcrCmi0m2zSU05Q==
0TP58Tdfm4Q=
1+cJ9o/Jly4=
ip2z33ZPxmw=
z7BKgh/6nqU=
Zh2wWnlt3fU=
evrWrhFNcxg=
kwK6YQUNF3HrpfLR0ToXaQ==
rZ+snjCDluM=
sgjcYLzXRcI=
zxKE3zCJH1r/PzQBlSfG7g==
jthONF0rRjbafL2RdgssLw==
jthONF0rRjbafL2RdgssLw==
/ygWkqoIMCE=
zJl8w5oVrjo=
xETK3Joaj+I=
AqG4g/pplHAPHZFgoniGtw==
2/9IP7m2yYCzRLisMLbRLg==
RDBZ8L9Mg7Oo7tRdGYgc1A==
bacSD+ZTvwCGaMfJyM756Q==
bacSD+ZTvwBliKyLHcHBKw==
24xZx1gbpmcNs6UWXlymnQ==
j1E8OGCN4NLd4lummsiXAA==
yAMSqFy5uVBBKP5GRoLRng==
AA9XEPpyrPWJR4qdmn/Ndg==
1sLd/M4+QyU=
B66J8HAlZMo=
iCQSHjeElfw=
lFbqANBvZaPsd9PFWNsFUA==
lFbqANBvZaMoKKkFeDAXlQ==
O6UnnYRUMMA=
9FTv2QdrzUicxkxFDCTk8A==
jq8zEFjiVAU=
jq8zEFjiVAU=
KmRxhC/89So=
KmRxhC/89So=
8ynBKvAt2j6XpOrXRedJzw==
ydllakq81mtEtZHrZ5M3YQ==
5YEVDjRc49FRmHmJc+grcQ==
qHIOLzsespA=
j/SVMmHUcGk=
a7Bpx5cQ4eg=
8dhpNpjDsLk0OTHXxaMJKw==
H4DHN6aBKTA=
t2Da4u2FoxBd7W4ihGpaaQ==
SbPW2Sr7sg+wewttpBrxKQ==
16POSfxxU+4=
6ECFJte5517IgmYRPUN8lw==
gq/8kvjrWQa6TNIicLvZ/A==
lyDSA02MKeu5jO9SQdGzdg==
OxybHWV//pTYIbDZwzwihg==
RIuvmoxUmek=
ngRpjJz3GPI=
gxcqAGlGCYbQEwyGOTkfig==
FrCa+20S+yw=
APcbpJ7GJ0s=
8pC4YEhzsJw=
RoYOJ3ChRYc=
vifuOKcTc5g=
6s4HJj1g/c8=
v/zoRuKfHN4=
BwZin+n4Zr56dWTC4yD+4Q==
3wb9BcydksE=
R5U+mSOWfM0=
nZLf05DjHtU=
o6iJwTGiEo8=
o6iJwTGiEo8=
o6iJwTGiEo8=
dQ54wlFU61mN2YTEYVjW8w==
v6Ywmhp17hI=
Y2+GYS6rMJw=
nytu8rFmuRvHtFmQ6dJZEg==
cDGdqGdo+8E=
+DkzmX6UXGk0JI0P0+zSfw==
owucPicP3Es=
ZCjJb8/n3osf/FnsTSgA5g==
gkgT0sxylgiNe0kxrzg15A==
1GD3/ylInkahOv7S4JyiNQ==
k2c/cw+OzPo=
1f3BtpeGfiI34gUkhgvqYQ==
gvNZzf4mwSA=
ZIfQa+3JjLP+tR4pmxYJAA==
ZIfQa+3JjLNkfIq8s3e1qg==
ZIfQa+3JjLNkfIq8s3e1qg==
ZIfQa+3JjLNkfIq8s3e1qg==
Y8rayhLOhGM=
7Gj0QdJAHZw=
fP4atThRHgM=
lvOf/Gidc1g=
2fmnADqgWEHRAPen49F2TA==
Ji1HKHNGUSg=
+Lef/Kx2V0M=
yiAHTvrRZqV2BnF5c4JA/g==
yiAHTvrRZqV2BnF5c4JA/g==
yiAHTvrRZqV2BnF5c4JA/g==
yiAHTvrRZqV2BnF5c4JA/g==
fEDgrTXwdO0=
ZEKByLXNd+lHob0VPecPZg==
NFmyK3Z4UWM=
OL2IU2Tzj74=
zDON0gusRDo=
/hBpKoznKx0pzshsweSh+A==
hvDmYKia2cM=
bHUbk1ey+Z7qaf7ZDxIc7w==
NXzaxMbyDAk=
MyG68EQMopnouEg4ngHJTA==
MyG68EQMopnouEg4ngHJTA==
MyG68EQMopkoeDjfkr4vXQ==
MyG68EQMopkoeDjfkr4vXQ==
SvnFAcxyBQ8=
pPeSjRv6U94=
oVj4ZKvtGrmA3OUEypT/Xg==
kUAb+RJ+CUAJwYq1IIjeWQ==
EFq5Irs4QD4=
QPoe8GLlbyuN5BSOiiMTIQ==
3xW0nNkM9qo=
3xW0nNkM9qo=
HBetrxTixS0kzchBKOV4eQ==
Ud/BEbQdrG3tHZVfeiXvHw==
Ud/BEbQdrG3tHZVfeiXvHw==
FgndoOSknqHLIWIHU/kPlg==
pKavoLpzknDejzLpmfZnhg==
QFQmfEkR6nR5zAGtrkGsaA==
lMgA/11N+qQ=
HqrF54I08HI=
HqrF54I08HI=
HqrF54I08HI=
L3UV2iHP0rykfvdtrZqFMA==
L3UV2iHP0rxfJvqMAKJWew==
oU5h60Pwh/Kv6b/iYffiXw==
5jOh9k/srHM=
69Zt96YoGclHZzd8OS0n/w==
ZXMFX7gZwstAka451DzzeA==
xjsVcUd/xH8=
xjsVcUd/xH8=
urJlQvV4K+tn32HXTsEacg==
M9vn4scTzsgRQm0SPE6I1Q==
3rTIWGvXVb4=
R94+T99a3yc=
3EVWJRzWq0A=
crzec1533xM=
tp8FMraRRxdoLCHCu/mszA==
spJdFKZw0Z144JffuPivVg==
pXFzW7Kyk8o=
hXNRhdce2/U6F103bSKtfQ==
Md7dz+YHh60=
QBiN9npqBDE=
ZWs3oBzB/R7q7JMvHKtz3g==
W1YvRhjaV73TZ5OuyC4kdQ==
/JRx2Jwq+1c=
0WZoG8ko+T8=
+Py5jXV576k=
07I/MobKqT5EI/XJbqC8WA==
H36AHLN2Sucyw3b0Zh+x7g==
Dc09oICWRQ66FL8p5vuu8A==
32X7LZqIye0=
dpK/5ftiGBs=
g0wgPZ9EcaQ=
g0wgPZ9EcaQ=
22d+34m4FPE=
ueZvP4Qsi20FY4U1MUs9Ig==
ueZvP4Qsi20FY4U1MUs9Ig==
ueZvP4Qsi20FY4U1MUs9Ig==
0U+2uJGyMXR9/oGDCzDSAg==
1onRSlpMTgc/sdzpcpf83A==
t/iq7aUkpjnCUyh7wujoxw==
RraNzAmqD8A=
RkqpE4e1VlRyfwhXvPcaBA==
DptVUbPa9FM=
PHK3Gg9S+xH9cmeKDh/lFw==
Z+qsJbsxaR6kljD2+xqDOw==
316m8wweTIw=
316m8wweTIw=
iD++v5thgEmU9S0kv9nGxw==
P5nVF4bXCJw=
mj1l7NR13wI=
lzOQ8lezo3g=
GQHVECHFi7o=
rR0QN2jyH9k=
yCSCj6vf7qk=
73pSXpcO0cM=
73pSXpcO0cM=
lkautgFDCqNLV+flBECIHw==
GQ38oRp+Q5tNdsWMKf4hQA==
R3QrperfemReXnisuuzbsg==
F/ycs422/LINWY9kQYYuAw==
TAy+65D8ZSfbOPtGyvZxPU1vwEqNdv58
s0YwcqZFx+E=
lB7w6p/Lv92dKL/j5Bhj4w==
AdGmbVTH4Yg=
vlWQTQw7uA86cwrjXTnuhw==
zdvbsLCE2Ec7venR7FU/Sw==
/8N1MU9o33w=
yc7D7ZJwwFsiHmY0DFO7Yg==
/B0paZ8fbP/De6qu3i6OEg==
/B0paZ8fbP/c/PfWAYbShQ==
6qvPa0/ZogwPKb2s3gcHuQ==
kmJ+5lpqW4V4jzUb4Jl7OQ==
/tL3uQP998o=
l2LX/rIEGj8=
pjNfXR72Dx8=
J6ljLw2eK48=
hRJbihK6pnUfobPtJFx0OQ==
Aj1Wkg+eDiuSoW8nX3qBXA==
77oLrnnfG7U=
iwZC4AoPsnA=
oou/nxXTImo=
IXLwbMBmXKg=
n3ZhL3JQwFA=
n3ZhL3JQwFA=
C0zAoA+roxY=
bw6hOEEvxUY=
ODIrSRJB5+Z/kyyiRt8Gnw==
wwTQcLTEtpE=
wwTQcLTEtpE=
7zqJgwuYDnuIgJhfNKk4Cw==
Qcx4LURTtQM=
FEWykfhd4GQ=
ax7FK3/GCq0=
sctOAz85CWSIax6CSe7nzA==
vpg5kITFLHs=
c6/jTOdmNYQ=
RfZ1SQKxJZ8=
sWjpJ7HyPS8=
Gqme8JFlyGI=
Gqme8JFlyGI=
XIAhA+tnOD0=
4776223cYYA=
1r7uhKHHtv8vSe6JoZDubw==
1r7uhKHHtv8vSe6JoZDubw==
fp77VWTtY8s=
QfHToOJdSVuXtQVwjnVv6Q==
S9vjA1y7x9M=
77cBMy2pZfc=
cQwRgRWcJyk=
a3gYlEMG7vE=
ompVEgzZti4=
Rz6EhVBrvCU=
xhWWZrSgN7MJhu4aQu9FOQ==
oEfviI9mOCA=
j8vXTF9EV+c=
O4nSferUGuR0exP7UpbuEg==
YmwPKK4p1Q0=
L/rYm9VITAq4iCtTtN/x8Q==
xUiUDFuzhUzwLw6ZSkH24g==
s8HmNtHR50Q=
Vt7WhrY2DXg=
AllF99WH5Iyu/tFMf49Xlg==
I4M5Zr6qILA=
gSSX2bKJV+Y=
2WmZc1Q+F5M=
vGQbQmIUhzE=
k5D0wVXdNEbSX5pY97nvNw==
JKK8XxuceUA=
1g/rpO2fdoc=
ShSG015P7bkrHv55AfeCqQ==
NBJ6+7GB/HzBxzrmxTGT/Q==
DnAgJlJmT9E=
XmIH21jU6koPLL+Ke5Ws3g==
GMyueRev5sc=
4rI0w0q3iy4=
w8eMFUets39DowoPe+Vp4A==
YkjhyPX42mo=
rtDdxIHyCBjFV88JP5W1Iw==
DXyRhErAFu1Hd4nEdHXJCQ==
X248L/tKfMY=
Hm5IzLwGp40=
nwgezEJfYMsAVzmp0Qb+Bg==
oGT/fgMkEtfRRjNluMPw0A==
iGiM3NnZcjOrIpLwbWKxFw==
lm2rPMqiPZml9k4bqCntZg==
AcxEa5syfJc=
c+PqCiNNVeR44guWIG3XBg==
JId8faB2CmXcge2nhplmHA==
JId8faB2CmWZWRv2Oozt+Q==
mHxUcTE9/QQ=
mHxUcTE9/QQ=
mHxUcTE9/QQ=
mHxUcTE9/QQ=
C/mUKFlLyv+3BMyQMLZ5Q5KQE25HFiId
qLwzrTHzSww7djgDuJjMiQ==
T3VheI5UHEk=
TGeeMKdYEWPfTgq7K3KLXA==
01dhsxZbb2k=
FlQZUez23O8=
7V7LAUyuR/k6InEubi1DRw==
ilkE/Y2dfFA=
mZ6NZjpg9g4=
AaDw79lXQfq5pyKGSGqGDA==
AaDw79lXQfq5pyKGSGqGDA==
AaDw79lXQfq5pyKGSGqGDA==
AaDw79lXQfq5pyKGSGqGDA==
AaDw79lXQfoDF8NylQcVtSixm25WxlWz
AaDw79lXQfrdtMk1fFzseca7Yyn2TmxL
AaDw79lXQfotpvDPHmNdKMDErCmE9/aV
AaDw79lXQfotpvDPHmNdKB94cfP0u4p2
edwzUfPWVHDQjGuaH4MElQ==
CMnxyKnGsKR9Rl/VOU0aNA==
L59BqPAkjiZW5Z5IcxhvwA==
D5E8W9PBxuU=
hCjvHywhgNU=
nG/4fVV6t18=
Cg8OSNK4gBg=
ZdLohiKZGjc=
ZdLohiKZGjc=
ZdLohiKZGjc=
3q7mQWjk61Y=
cl0wFQ7R1z4=
DOFmlEq6JhQ=
uJ7N0e7UxMg=
T8+eq62W4+wVqc3AFBPUDQ==
91N6PVLCiJM=
4TmXgv43MEc=
zKOjGS//bn9h00MgzePSBg==
TWqCTNRfdss=
b+RY2Pe3r0M=
/j6xURTxmeF7NSUOCDAgKw==
YjxwH1zXmuSU0wqoou0PjA==
xdKsqzQn5ta6rSk2kZIRRQ==
0G5fVk6Ucyk=
MWvELZbGRYg=
uusztupQhVBcFMZBcCUN+g==
OiCpVJScOTdIRPgrLmYQzw==
GqldYqvvm6A=
oR/Gm98eXhU=
0ASw16ZIfy0=
rQ4BF6lA0Oc=
FmPjcEO94UZX1uboBj6e+A==
OChWf+6becn86rlVCGh+/w==
pg2YWrvpseI=
pg2YWrvpseI=
5PHAG/fMoaFl0W3dT6kBZQ==
+HHA2TpqDho=
dGfymM8GuJM=
qb+sU7MfwSDZyZ7ryTX4dw==
E0qh6IglUVI=
E0qh6IglUVI=
w/4tYJdg6RvUM3QAhTrMCA==
ForUnnZXOQg=
L50xR7CiK3ZDsqEBvSYpkg==
ogXqhaS6UEc=
0fED/mdGhHw=
050Jm+1S0nM=
eOCM4uIxFpM=
97Ko5I2s9YNv8VgEKO5Zgg==
9hD8+teopYxejzz4AupEuA==
9hD8+teopYxejzz4AupEuA==
vUEZQsdzoCs=
R1dii5lWw7E=
313b32lLVa8qJNVUuHKUYg==
VPdSrNXPKX8=
2eeVGBSbptg=
KKEwd+ARkjk=
6Q/eZjDMmyVFowbBQHsm9g==
BkBx5lUKTdE=
BkBx5lUKTdE=
goGbFuB7XlM=
NMxKpNNiwbM=
t1YGp+jHPq4=
7xjSjqzxn6whw+f821T8CA==
ooC506UqjaqlPRBwPy+SIA==
9UmTZndvfBDQyeM5nivXOQ==
8sBztZsHMrQHaQEkqZ+SSg==
4Dc+SGr56wA=
pA/OvlD0RldcU8LyWgjlog==
mognARFWrEM=
bw4LSCQtVqIux4xWJH9PuQ==
ipKCTf4hO70=
CTmtJYHeLA0=
zTE6KVCqcqw=
YVLgsBXDj1H5T+ejAEWa4w==
2sDzt75Mqa6fVKmFsDT9vA==
IhwwRGIEPTE=
Q/aDt7UfgVo=
I5HkBk4Z5LXkEIticDjIBg==
Q9GiNJojsbE=
MJSOTTm6C88=
NyuXCHk6xwngDpAbvCM1Ng==
GfIvJUQpJa4=
/pCxSkfwx9o=
LTj25z+Rw/4=
blgiZ3k1klxKPXOYhdLFcg==
hVLWUkXEjtE=
6M6r4XXamBE=
6M6r4XXamBE=
kSswYXJsARxbl8qdnvMXBw==
kSswYXJsARxbl8qdnvMXBw==
ZB4gfEj+qUI=
5YFuHRONuI4=
ZAOaGDTF/hx7nqF428ZllA==
8ObODi4t0YLV07bqKlB2JQ==
nEZxAOrF3iM=
L7XzWPXUgY4=
HkdrkNrUyAU=
hxxPh7FsNBY=
+9ImjBJs34I=
okjvASydgoE=
4zmLQSptPcDLyAYkl2unxA==
cWBGHBb/r6U=
UX5OPS1eefQ=
rETcqDUu+t0=
2r8Awc9KpOg=
yiNHfjXdSr2l/KftLlqRJA==
rrSsb/RI4x+EdjFOvcmAhQ==
/eQtW78SUkoh8eAAIEeiUA==
gxgXX6bhjHk=
gxgXX6bhjHk=
SXB0DteMpk4=
WOTa2WqrnEo=
XACuo/p7FhA=
FCV394r53aUnCB8fKY04Lg==
qZbrRY9uL98rdudZvE27rA==
gIm5i0SrOjc=
Ran3Txev+JU=
5wgxIu9s3iU=
Kb96qBOrvak=
51aIkglYNxY=
51aIkglYNxY=
51aIkglYNxY=
51aIkglYNxY=
/fst7EvhFJ8=
ZMGf9jZ6PpKbhVU07YSUxw==
fdMJrfCo+VEaKlimZAZKrQ==
/VIb29yZU8Vz8XtiGfwn3g==
FoiBxkW7FLRJd/Y/hkNYZw==
3hIu7qDqdzHew49IIchWnA==
4pWNCTJ5yC8=
GjYjHsVgkYO6Gw+fPQwceA==
M/EsnppIo/Q=
y3GnX9utNu8=
6BH28kEPdpE=
ywh6Jsuxa+nin7mGiXK+vA==
XY5c6r057FM=
SZQUr67KS6E=
GYxRmIWyOHyIzmIH616gFA==
3BY1bADpQ2gx3gbkXQDSQw==
GfL1Yw8rtPE=
4hUhxmzmSOQ=
tN9BA9LY/bgTm0wvzGVT9A==
5h4HW0Cdk+c=
Mzfnzudn0pk=
S/8F/mqY2SqX9Qxa6u6SNg==
R0GobB4VGYQ=
GunXTj7MAZEdo88FtLr6Gw==
J/GCACz/Bji2jW1wYB3VNg==
J/GCACz/BjiN7DSPVR+Zog==
EN3aDMEN0g2juBNPQQgzoQ==
N/5ANK5E9KsPiNb+QnAipA==
UH7dSP5dtAc=
WLIUqVI8qVQ=
WLIUqVI8qVQ=
T5MT/+3GHeg=
Mr3UdHBgUEM=
41cDT7PWHWc=
41cDT7PWHWc=
41cDT7PWHWc=
tkGgquNiWBcv2raivzai8w==
Gw79X4U5ub8=
qmm+xJPlJzY=
tfN9F4+1Y7e+YlH2let+PQ==
T20lwvndY9vHlo7YRkZboQ==
8RTtAYiAen8=
9HSwnolgL8g=
J+NzIzzY5xY=
mCvHetUqqPY=
7ooUuwSCT1k=
YXVbPdciMEk=
lS2RxyLzI6E=
lS2RxyLzI6E=
lS2RxyLzI6E=
I608t4Hpz27xrQW2nUX5Eg==
NK8Btaz3a6l0pNPyFIP7BQ==
NK8Btaz3a6lDIZqZJ9Cbw+qMNQdhvF0W
a9TDQng+wZs=
AJaFfrKLAkrHLVwhx9W8MA==
KzWuF/PfGgs=
CfDnPf1e++8=
9NidcqGstZI=
r++WsF0daMI=
7+vxj6tnSZo=
aujDGuqePnTA2xd4cRqXtg==
7Nn0uIDeoYE=
LDI5lZK2pe8=
IBtImw9UjWw=
SYPNDfTI0Ec=
CWGWYvIzfPk=
tcyOETo6LLo=
/Xy3YZCPji0=
+swJab8CKBY=
2RkD/q2cRpQ=
AOXRoVEjvCY=
AOXRoVEjvCY=
47m68Ld03RByIgD6MdbC9w==
LQ5zTuHsVpOLFrd8ofmtSA==
0Ukna7kwmOo=
5IyCd3+mUUg=
k4jvdde/5x4=
kLw9luSnfVY=
zQMsrhIVdns=
vzcOd1Z9mgDiiRk5FTb3qnziEpOWtF0f
gnkA/sCoLME=
gnkA/sCoLME=
gnkA/sCoLME=
+viMArXtObI=
xHv5HFd0/2g=
CrDaiOmNa/g=
y6Dd0UX7JuvKw2YrtbdNLg==
lt2LSiNt2ntQbzGq39Zg6A==
8yS/WMKXWbduKKuaOh8zZg==
QzG+FDU6Dl4=
69tMsR2WMwoXhrlZrS7xnw==
cKsKQFn/13QFKAkeAmgngg==
hj83d8MxkKo=
1Ea+cwynjcM8TnL0v+af5A==
EwP28N8wX60=
AHjdWbr/QJA=
LTxf2QDJq2s=
BtWCs/p8DrM=
H4ZhTM/xbbI=
H4ZhTM/xbbI=
y9Xxdjrqqog=
7H3lm2IRVNU=
N7ZxAqM3HEI=
jbIOVT+Olfg=
wnIavpx+0HU=
cxjwPvCUHqU=
m+ljffsdQz1dqTHnR9MPCw==
Ok/39OZ5iac=
9mPjVn1RCUc=
bJyvVRVOboQ=
zMUbrYMaO9k=
mkatHjwLVzU=
HwhQcAc2qZpROWLJQWQTG6K4KYG9TWxq
fMph1AdcF9U=
qa4GJsd0Os4=
SiV7teq63Po=
SiV7teq63Po=
ZOZJgclZ2Fk=
/VU3w0jykk0=
vMh3Rj+4blveNfvLBBY/vA==
xe+A23FeQjCAuhJIJ8sYXA==
GQWeTQpNJps=
fSb56bXuXQxyeQnF04TasA==
wvo/nlXfcu4=
DCgFkje2ZjM=
373wDcrFN2g=
91BkywLyu/Y=
JUkwPse/NOpbAiUbVc78MQ==
pTpvUctRtHY=
u5muqAm/o6E=
Mn3YVEc6DKk=
VnUzF+2AkHU=
8i+wn/5wNPVfIYJONI7Uag==
PFpCRJp/IVE=
PU9JWWxHxZaDZdH9rs2g2w==
PFr5lo6Dq0K8WFXF1SaDcQ==
Tbzu+sPw0AQWSXbAZqxOMw==
bznfpjZizEE=
Z58coPazguUJ6Gdgn3MNcw==
34Ru3zRA2zI75yTaJdojRQ==
fk0n23LmsXs=
p8YhHSwjE/k=
bxDKZmWVTts=
TsaW5t6hZZw=
vY4Y4aitBJE=
ldMv6Y9kgG+AYAuyTyUca4VELoJhDcqp
0CB1ry8Vd+A=
yb6oWDVkYKg=
VVImTgUgo60=
789tLfMJbE8=
789tLfMJbE8=
oTWZFfNTsHE=
QBLGjvrgZJI=
Uq/lSSDo8gM=
Uq/lSSDo8gM=
ZE6sGZpAEPA=
ZE6sGZpAEPA=
3EgWUjiEk+8yrAapZAbcTQ==
6ndBanWToRHG3rBCjIUbVA==
6ndBanWToRGbKgHEq3D5mg==
2r9cp8S6SVo=
6vV0ztoTqxU=
TAs2ThAmq+4=
rAyazaQ+XZM43Q3+RxGLpQ==
tONvtBFy3CM=
VYB+MGtDLCY=
VQZdTV6xu1c=
VQZdTV6xu1c=
SHi/4xxHtMKshQdP+sBgxg==
2e0U9G6kZojftGr4BPOe2Q==
2e0U9G6kZojftGr4BPOe2Q==
yb79LRfBF7c=
yb79LRfBF7c=
yb79LRfBF7c=
yb79LRfBF7c=
yb79LRfBF7c=
xzPMaglPGTAJafjFFE5Sgg==
ahRACL7AshA=
ahRACL7AshA=
nd/GpxOyUw6zsUbuGjHIZA==
nd/GpxOyUw4QgHODba1DJw==
hQJt4CJ+jc4GZhC1BWxDsA==
mq9aNjf4zZs=
6ihjfjxtlGs=
6ihjfjxtlGs=
SzFHeZqDt8ONvylCnJJ/Dw==
uHOn23s2mCA=
egI6bJSPbq4=
Rc0kBrhEtMI=
ewFlky8J6Rs=
CpqsEBAiPtU=
v+nf9zj58LI=
kfJl8YA61Js=
igaYxEs8HUS2twnf378dFg==
im7HzLXQOD4=
ahU3RiCte/w=
prvXW8YynSxc8dj4+8NuJA==
Wj176ujg5CQ=
Uz24A/sn6KY=
0T3Zq24G0/I=
8hDQ62Dw2p4=
WUf1gMWah84=
nBlVLIiAx1E=
Le/aVoL98+0=
zBRKbgrEA7fEn0PlgtwYFA==
rc8H4ZUf3SA=
8xBVdI0+5Qk=
oj3E8HQBYCY=
JNdrDNwWvcXxorO3tcq94w==
zfVv8dfwsqrANAQQC/IZdw==
W+yBOq/u85c=
Mmj53dtX0tA=
fzOdEp4kW0WSKMhxAzOGnw==
wtrYAyciiJfqfw/XWw69Yg==
j4bLqkcbQdM=
j4bLqkcbQdM=
rZAC8pnQCq/G3eQPD6fICWzny+OabI15
rZAC8pnQCq88N1JE9fcq3s96xB0A8MAt
LYyLUIab2D+8gocCmsGsDA==
63KOlUqGA3w=
SXQWtXp4v3WvfTo5vuB8Cw==
QkmJSf6wsyU=
eUt3podw2yc=
M/Kpu27NID8=
X1wbWFBU/7Q=
eiyqhRNkY1c=
J0Zz0ugc2ks=
Z1dCYlQ9DcM=
rc0I9T6bs7Y=
mVimq5/MsaQ=
qykKc6if6v4=
cmrqkywTG3k=
xlou8oxS2M4ZVWfMQUFS4A==
8kJrHCG8CfNZ4DcC4MrdIA==
HAJho5TWejfwHmE45NYBjg==
TfjcVVz6hrvJlOf68Fhr4w==
eKPdAJCmDZY=
Ew/+Tub+OnFcMknyC8FSvA==
FpVr0bzjdySmtZ7dXCeoyg==
XkKciWJPXnk=
8k5O8NAMgKo=
bFF3GfmOQRM=
2MDia0VenZ0=
uXHLBQs4vpsTbuRvB+lcFw==
tMuQq7011js=
ydYQd8Eh1qM=
z/m0YPXr0MxpYDGpY8Ht6A==
+snHNEghUlg=
HUNsWtuyleQ=
zI8gV8I9WoU=
mnMicQkjPzs=
ySGMPOK4Gbo=
ioI+3dXFIvg=
Nfb0qsHIYKJFkPHu8IhlCg==
TWoM3CvQOG0=
SFmUgNBBflE=
hvQHuYscOlg=
Jh3uLTS0ArcwQxIzgngnfQ==
cVw6w4x6DlM9hyNAqKDqOA==
//yQrhQIylhuznzShjDCtw==
gBb30LMSk8M=
mYDbO8MwHjk=
B8xfSgPp7HI=
O7NNsidko8Q=
SPeGYAZJh/M=
g3W1Pynxndw=
UcRyuylqG/jyt08IS/lPMg==
kGwIgyZ/tNs=
kGwIgyZ/tNs=
067/0NcJP28ECSZ60upF1GxKWn8IHz7E
UpGguM0sjpU=
dWYax0jBK5H9guXOfx5qvA==
Fp3h1nj5KqaOglXqSLNuAg==
c4ug3u/9GdACE0QTCM/x7w==
hklDqCBuNxQ=
3KgiSfslkE8=
C5SWdIuVjOifRL9zn7gLGA==
a8KBD1k32Lw=
aFcV2Xxkb/nYHCJsBzJtGQ==
Qx+hLxGFCYV4Vtoj1oba/g==
zjB+fPwuri8=
IGPU79JVxx8=
H1EuArFtq80=
UN003lgt1Ziz3/bZzW7hTg==
+4oRZTga0bDcl8Vlr78QYg==
+4oRZTga0bAK8jKVabJ0Mw==
2mlAjn5q6poExXu2uNSLPg==
FzPuRss/L7tRpLRQMwYVaQ==
iek1VDF2SrTN80ox7ZeBlA==
4I9Vd9VpS0UvV3+00HANPg==
6zqgpPgKFI8=
+NRf34CVubE=
5jWB+tMNAIm26dubksVcVA==
lQX0u0/Dws0=
DPJgDPrbZg6YYr4x7sRdXA==
xozXzHjnKDUgwS1y+xjcKg==
jI/if5lUtoE=
c0nSwD2cnMY=
PrUZIkI0YolORbwfuIEAlg==
zBjisgOZE9fw+rgBifU3dw==
lQeWBYFl6QcLHUJUw3toTg==
5j5HQmaRiK3uMEk8gQZJyA==
jpxZGa0nxsWxQfTCSXIRdg==
nfHw8yoZnLs=
OGWNP/0A9xwVsGbJIqQBAg==
gAfE1W4RuYw=
KdQW0g5ZKOMRuOn46m4M5A==
FEtKCVsv9/w=
/bf324+Mei8=
M7zkSiMliVomSnDvACW5Wg==
SE0hgc0ipno=
hkec9IPR0mjRcL1Q+lR7Xw==
/F2INlIU1n0=
2q4na16HSW5ufqA60X5+Zg==
EayvBBpxxXY=
Okd0S1BtdcM=
U6hvnkEifNw9uuIf/05V4w==
4J8U5jegI+InCdGqOGbHJw==
KITPgqUAcvev2iU/w2fFUw==
8qeOIXxsKGfjS5+iPX4HOg==
rqPTnvbB31U=
7bf+lsV1g7bVsinJbb75hw==
b7TNHNDER045iS8fsDpkxw==
KyELm0mnJL0=
TIFqwPvMLil9xzqganvpsA==
L8pMdoygX0P2PCho6BEb3w==
HBfYyZzxJ0c=
11T3VrNXLMg=
obzARJ5j5PM=
6KuRYta0bP0=
UI4UicHPCNcN9EOT8lmVyw==
yYYPE9sJu1r87JolR7asow==
Lg4rh3XVZ+A=
Jk3bVqq99s+8e6kVSvub0w==
Jk3bVqq99s/h/vq+iAo+hA==
EHfAj/P6m0vBmYRNDrAjyg==
AZLTYOEI9Mo952nLvKSWng==
b3bOjB4jRtfqMLYkWv6Ung==
hetkFz/7ZoGiv9+UPXmkng==
jrZEK8IUpxybJX6+UC5nfA==
usR0ypOoxLE=
8ncUWERxPFfwmNWLylOWrQ==
JvEktXLoxOQ=
MfWuHXkAXjM=
z2CdAqbVnPZAQ/EVcHddlw==
wWROZpy8tsQ=
H0a8T3HoR3Ojp5Lm3vIe8A==
vDEyMbhjjCdT0luPBBmvBm7IYDY9U8r2
UIO0JztO+kg=
z/macYTkPOC1SFhopMWOSw==
tGrNJDOmDdELDReQU6jbwQ==
tGrNJDOmDdEItrlXA3kWYQ==
BhHR8Dg8KaFNC7q9Qu8MTA==
ATyhLfW+pUdOm1HQ2Y+OBg==
wbqOpNicNTDBQ4ehmSPxuw==
NqqTo04FOV0=
1RmjrPFAv1I=
sPMXOkn9jNPrcNih2h9Icw==
WtDahCbrGbEcKz6JjwM7tw==
SS3Me3DgPKIfG7sAGuN8Ow==
FTTs5imuViiBJeFADGmAfg==
1G3r3LBdVqY=
QipxT+8auAE6p5u28+OC3A==
T9d4rHfXAcxQ+5iZoHKc2A==
76ujslf1QRKNW3pxhTalyg==
+2YDnF9V8KdPtj5GPEekiw==
HinNpLi0hBbahgiRVvCjdA==
M9/aG+MwmeVHFzzgEPsx4w==
d32b768avEOXMe/G3SX9JA==
29U88pMBOfQpma/Hrtrk4Q==
TsJOTH1K4LHD7R3RPjrATw==
fGDy+mBmnjc=
xrx4fWR7FXjLI7FSX0ZAMg==
VxIwsFhBQes=
MSF+c35yP6qyme0BlO+b+A==
J9LWzdhimwo1GMJEQzjy7Q==
9jn/dTpaOk58yM15tj24vQ==
PxUxaeC476UD7RRQVF53zg==
4E2qHl07Dss3QE7oNA8nxA==
9Go8W6tKryTpp8PhEyDBDE1g0MwN/x0d
QPeToP3cAKDujFJ2sUCmEQ==
P+dbVbtiY0N7ADCxRpJ7oA==
1vD+Lki6dh1x3vakEQjchA==
jNN3gQ4TRWs=
4w/PwtacQmI=
EARVz1nthhc3ioFfKRyo0A==
jIvN06Zd0yFTQcbFg237uA==
abY/ha0n2qfp14NxEWMwvg==
YP1aAzWVlyw=
1wBxDjk3Adj55OBrNjWzYA==
amOMthROe2qQf0cJa/s4cQ==
2L7z7aT5nk0EPWKPTuCjkg==
jSTKkLZ0n/tnw4HbbvzMhA==
itHH2Mu8Q1s=
+gd5VWlgYjo=
+FNWGL31h2hZ3J4Jl/kBhA==
xjLsZSv79LI=
58Gdtp3NN0zFYzyphUFJhg==
yTSrdimYoWqRawbFplYKcA==
sfquMZjJMoI=
/9lMyf+yjKOWRLyDYr26sA==
Gu8snBwV8vY=
hGyHLjtSbqq+XcfyWasGCg==
qcpb2yukbquyRfbmXVbRbQ==
LiptK9xVBds=
sXkI2I6UoxMD/qBt2bU4CQ==
Wyp37mSKlMkFBGB8+cHJbw==
9ZQvESWsNYQ=
7dPJPjzuwss=
2XCWuOgyyzg=
q7fq8dosvknLo+mEE28W2A==
epAFZjC9wcY=
mps+US7S9Vk=
7ITvvJV6f8c=
gI40166xyZY=
Ac/Qy/snm4k=
G6PB34isutM=
yEMvdtChtYC+cG1IOtTvCg==
4wUd51VtTFY+2mcJtN6Ryg==
MKbGCnQbGdo=
tdqar4oCo3o=
L9pJDzLVvC+kvyM/oKbO1g==
MBGdI14uFdk=
d/jD/AbpxW81GWi3tKw0Gw==
d/jD/AbpxW81GWi3tKw0Gw==
HFoYd1AcVif3RA4QWi76fg==
286YHUy/17RpFfb5gCOUNQ==
f6md91dkMcxLmoUAILLO+Q==
dSg4BbfcYS4=
N89LdnjFnl0=
2umD7GgKseKgwM6FSqNpGg==
fWvnwJZMLNDU8vQJS032TQ==
BUek4bLCOwo=
gJkdjqLmU4sUhZYsIMPAUQ==
DbzPBGCSy+dCFnYMHFIt3A==
2XjPIe+iUo8=
Olk3gJStB38=
QZECEpbhDaU=
FPYLtGLvUiQ=
yaOBMHRJzkYrXLD1+EpMOA==
aY89690bNkY=
mPIXFX9i71A=
uUWLKZZpsd4=
zQbKN0jfBzp3QJQqTwbvBw==
bTV6Mgq7gPs=
igj+ucr1mNfLmiy7wp0TkQ==
5svZwTPetY13YglQBEcM5Q==
kGeDHihfUjCrckG3KJsrIQ==
0ixFqvldJez1cgluzcIz4w==
Gu5Sb92ioQo=
jicXgb37Nyo=
oWY5/CPrtFMSnbifcCEgDg==
iovK5Rw3rXttjcDBCu/1Fg==
Q2491v071ro=
cPommFgdUBE=
cPommFgdUBE=
axJWVRPXQOSyGD1cudG2LA==
v+2mv7ttFBAvFoTdO2ApRg==
1GphBKq7a1bcyeU3N5hfjw==
sZSWmMomD3w=
tIWplK2JSPk=
fLuRoc7PxfY=
ieQIQ8//apvxgm8H71CLsg==
ieQIQ8//apvljD2NHzNaGQ==
8IeYvD/U3Ek=
aAN15w+Vd1w=
xtyvbbBEW/hfiMfLp0ovLw==
MolaOaImxaw=
PdpS5OkRoq9ewMwUs0Kggg==
C8hNeHTPYak=
yIGm0YeFBEA=
B7Qy+oJxzko=
/92PsXZLAPqq9uG0Fs0zDg==
CAO8jETzFUw=
s/2Ydwa3KBE=
Zy3lDxAIJ88=
QozOFIq69N+O6OocUv7j+Q==
xQOLT3D6OXk=
x0nnmkoJ612pC0yn3ag1MA==
PkPg7bzSVdc=
8UTb7fWHlS7JCXLwvlegzA==
/WpQkAIFc26AfiZjfrziT88uee2cWmYS
mxncwcV8S7U=
exU1aJthNA4=
tfkGYKC/WojE81RKkZa95g==
XzbKR8E6nA2t77QyhXHg1NeJWw3jjehq
fESCc2Nr2nJ0bvTm5MtkBA==
5/StX7XecsROxNLMfahRlA==
a+CbttdZ2Sc=
y0WkQGGh7AlyAwSYycvUIA==
A3bLSyjQURM=
w1z2vvxo4REksARrJNd1Jw==
RMHU29eiDad9CJVmYVCM/A==
vAz3HvWWIK8=
KNqiDanBnv0=
MQZuHoN/mhL9iEu/W2yrEKO3C/avKtxa
cD/j5P73l3Q=
1ud4E6yfo1JUAhyCPpNZvQ==
EPqx29fPTRvSF8a9vx6K0w==
EPqx29fPTRvSF8a9vx6K0w==
UOku/R29Ze9zkjMUwoFuGw==
0Mj79wjDV1K3LzB+rB0TOQ==
McAvxATYn9N12+xgSy6m/A==
b9/tL2zfCMw=
TcIj79Uoiq4=
dcJsqAgi/Qev1YVzsl62qQ==
d7cm0XPj62v/EDeAFEgRhA==
NtAieGYSL1I=
YMWz1f0g1HId34wS7NN7NA==
VN2VqTV8jDA=
+Xxn4M8ePoQ=
qXj7zIzFsqs=
kCHKf5cgbKY=
j7p2Q9DhQ4o=
DBETFxMf2Vc=
2Lm6EtnmpAM=
MCS+QMYUsMA=
6aRSZBbqL2A=
69LyH/E1H84=
M10nCTt27ns=
M/Dz8p+TqMA=
kVA+eqQPT9t7QwNRHMcJtA==
kr6mfkmjljM=
RcZ9lMbFGYSwfyFo0JW8yg==
lVhoehChfCU=
GEkMzpFhT/w=
2PcphYsEk1E=
X7oo3NGLKus=
ZITQ6dpseIA=
C1EgN/ZyrBV6zEmQ6YSsFg==
nDQ9cgdFooM=
AikkSr5FMkCCGWaH+bc8bQ==
uyyf143hmLg=
BBmpZd0grN0=
27Vv9RJRSarih4WE1kRZDw==
txz2cTYYvn+y6pqzNMj7Lg==
/mGawzpP0HX+ABA4Ri0asg==
uYJ1fgqhytbcX2NPhujxPg==
YwOi26D4NEO9LxP1QFqIEQ==
D3ZSkjrDiSY=
ggBjB4TQzr9wXl/bk4TMkw==
8dw0mkWMoivQlExXLnAwKw==
PROaq6BnE2gpIQ3/TogUcw==
0YweO0Fj1L4DRs9H1pdODA==
RqflXae0Tsm0VjBDtoPgaw==
8bSWTBdSwaw=
gqesSOYc6Bg=
3Q+yEjMb/wQ=
bZzdog9GAbM=
iYO64md0bs2/1d0dcnnkMw==
gJRrFcueGg/Ao1KCHU/Xig==
rRC7Q3BTOJ8=
EnNkWm/OHz4=
7pGZXEUfYgo=
KOPXJ08aEBc=
hkxEcPO1IAXhy8eHjAR6LQ==
GifWM/3wUKxOjjAa4CQhoA==
E2K4puCK0OE=
E2K4puCK0OE=
C/ICM+YIUiM=
X4eEmVHuTU8=
+hwoFQysIHQVNYvtEqRizw==
uUxEBfeL9ws=
ZWqYvMVYuFY=
9whOxRskdAo=
Z0X2GKjYXpg=
ePex0FNLxAStj3OSu8QxAw==
MffXpJSgryrkgM0M2BrrzQ==
Gpv0igJP7kU=
U3jdQHJp22w=
zqPUv32kHyQ=
NCZHTuZ/ORg=
iMf74xa5kHHo/VIvfvB/wg==
1rgyd8MtkqU=
GrhQ6H77ay8=
7Zc4s9b8jTg=
g29TXs8Afj0=
cfIsxiIuc0jSnZs78u9AbA==
bsRQHRB3artYaqfTjnH+VA==
qmR46DSL3jsIJz3FZM0Xow==
1ta5bs6dskc=
QTISAwrsd2A=
FB0Fat3N1TU=
3XKaTdAkO3s=
GnrXQWEL++E=
nTZANx2X+4A=
d0ch7vkpyvk=
5nAahhLOzcU=
f+7dIYJ+7nw=
rOovbGBS91U=
q4T/V/4X+L4=
uy5gKPkMBnE=
uy5gKPkMBnE=
skf8cYda4ck=
xVvHo24t0gs=
7FVd3la8c0zEmKAUkCnI7A==
N67UPkz9juJ+uETB2Cydxw==
z3rmCMz0KF8=
Q2eQ4t4Mz4y/HWuPEmouvg==
VV6XKH9H/is=
2xOhEhDsvCVbzI2JWP95zA==
Z34oEmAGvnU=
3A74yA3uOcg=
GMxReDLcNYE=
ikHJUNGi5UA=
NCOJm7GjSB37X0hWHRD8Rw==
PsoTuk2d/C+8tnPUXpZnOA==
YSW6RYGcnyA=
oRax5TuT/Ng=
oTE8Py/I4Z323ZwekvsD6w==
1bveIwvEryaUwhowZFML/w==
q0v7zvryE04=
kFBvYH7iT4TtAZt+1XKPZw==
HctrJemJO6A=
6JNIDOGpA94SdSHa9+eBrA==
S0/0h+95PY8=
mtHBaHWyaYg=
9f40qvRqiXABSXEhRYPRLA==
pah29McTJxw=
TaEla6J6k5RGpCv5JhHw7w==
nbDqdDj98Qs=
ei3KRSeWhUC6j/GA7mE83g==
AlQAGXqFnR2OMppF6l3pnA==
ZOaIb3YkmJc=
3GlB3KryMn3XxgYlnaJeyg==
3GlB3KryMn2wGreTPJhTmQ==
q97hg3Gc4f98AKd7lTKHVw==
wSvld1Ep0MLtklfwRqOF9A==
Wi4vMlRjiL8xyV3KV06M3w==
vYWBtQRVCBU=
OCsimLe733w=
OCsimLe733w=
lfjNwRjybZ4=
7rgKkGMnLbQ7Q5R+X6P7Rw==
naGQvlJF+fw=
C1gqd3SP90IPGblFMLRteQ==
8OWiVP1K2do=
lNHFeDBkY3U=
CS5zpikajrU=
PrnYWPAyF2o3gurmxlxgoQ==
TEVxkweo9n8++EUmf+ql2g==
4N9zhsDGgD0=
U/rTL/Xpgosc2Pejg4TvSg==
tWicIrhWLQM=
pmXMQ9j6KbY=
tubdAA/GKc+UyXCyu6rINQ==
wVbZ8E1/utNJvFd3ROw3Fw==
J+F3123wMIE=
pvBcRPOaUj4=
ajfRzydRviL7ueneZ25m/g==
SlsWrcYj6WS8iR6TtyAV1g==
CXsyeJdBRVc=
66had+yVG6t3q3CoN/OgVg==
RwMfCp+a/mxNC6XzZCkX0g==
fxISkPzNAQs=
7nPWV3bWwOumXTOUab/fBg==
drYGoK1AtRI=
311VcGcq0gU=
Xud5zMIO7IeQLDPG+HEZ8w==
Hlp9LV5i4PZ3p0JlAymKOA==
EyhOma7LsKVZjFgXdIQLzw==
04UJgBP3Xm2pu1hlSWc/5A==
Nh2WRV4zAWnQDCXl3r5v4g==
Nh2WRV4zAWnQDCXl3r5v4g==
jW+7pAExb6w=
ZL+a8OsoTW0=
RFDrk73B1KCStGoCfmtN5Q==
XO8DWm6nWFM=
iJ87C0dY/Hs=
UM2gXWzLbVGVBhdI0TS0qA==
xMmUYk1d07D2BK3DLKgCUQ==
XzMUFZwGbOwKuD1gAjT2gA==
jakg4uKLUfabHkjB1jP+LanoD+F/iLED
xVOpQ+agEWIp/o4yijV6Hg==
fJnow1eJ0cw=
909JzVDl/R1FxbqrBUIQdA==
JLgyyt7XbvPYoBoydAoBMA==
JLgyyt7XbvPYoBoydAoBMA==
8vuANFrzglE=
RLrjLEBPEbc=
DBza5xPvVYk=
sLCcpz8sMKE=
15gtY5PCkv4=
DW1fxKopvdI=
NaDOwkc9aNiTN69Fh27K+w==
uV5bfCFZRXUs3ixEd2xcFw==
uV5bfCFZRXWzacTYeDGcJw==
+wMBLNSBiKw=
5JLSTtNcjV4qcrv/dQ7F+A==
DHLW4DWTCbGWq+OaVOiXjg==
7kD8Y0YCUxiXjBaat+RARg==
w7mjHSkYy5M6ylrAWXu8Mg==
SrHnv9SOxRTYio1NkT7zMA==
Zs4QiYekcISC/1cXBjWx8w==
FTU9WwXORWaVgdsPFlErCw==
rO9YdlYOTkEqz1wJBVLTKQ==
jl75AeoxMQg=
qSutK02iEQQWAYv2pZhLEA==
qSutK02iEQSpjM4OuOj2IA==
Gu31d34uBm57ymEtlIDjBA==
+71zj8wnGIllcX7YSUbAcg==
tNFjGX5QEYLHaj5c5pEdFQ==
Jb7tiH1/6N30bKLWxePBcw==
VyxRfjn3WFkFQlWFsLuC8w==
VyxRfjn3WFmQdRasyK12Yw==
FXNefPXlYwGuUMUURamitQ==
FXNefPXlYwF4MQEwIXuHMA==
cKGXLMozkgs=
BW0mTHBkTOY=
ADJwdHYjGDs+qUubLo5aaA==
IfUqsAgDWUQ=
Mw1bjSQP9jE=
RVdvoH0M/6I=
acmegZDmo44=
+jaZLUvq/MA=
tQC9viQc953jJNFDSfwNRA==
0hxkrO45bcVKRP/KMFmH8g==
gEk6UXwIzziHXxlp7qmtYldGyVAw8Yva
x1jcSfFCMp2xriK0UHfyvQ==
x1jcSfFCMp2xriK0UHfyvQ==
x1jcSfFCMp1ppX3oAWFCP91alqibybNI
SfEMYu8f+pw=
sWK/qsaQpKrh+FI+4R60bQ==
oSEqsVg28Szf+bDcORfNCg==
D5GV0tj6C8Dx0rpYIWhC5w==
NuWW/3DjuZw=
NuWW/3DjuZw=
cC6/2QkWHA4=
vt0KOl4DOdvvSsdAKmWPsw==
VboXm2xLbjM=
KXcPf0cVvs14/66XGPkwnw==
lQyQ8N0WivQoUi8Jnysa8g==
uyb+xGse0iq+NiCw5hwheQ==
uFLeVKfNsfqh1a/bYCr4Bw==
n/AWJoc7cpmBbSNTMd0d1g==
Jl52CLu+CFY=
q7VT4JsHwvLclcxAArPxKA==
oZzo9GVt5Gw=
97CvW1Xkb1UQrS5DV13/nw==
9e2ttKFnFwINVMKk6U212g==
jQIsWSeWMPE=
940MQtq4FmsLDoX6cBRKrg==
lGW2zfNQVyC64YNqJ3TsNg==
KjPNHPl5d3A=
KDBBAd49xuw=
r64Ua8UY9CA=
SxWLdk4cmnYYyfOY+LTlEQ==
ZNOrGZIHpCXRavte67jMNw==
cOBb66qPahtAxYoDbx9OZg==
MdAzPtaLf/knX3qiMCXcJA==
kn1ic1tRRCI=
UVJQh1Q84jw=
kQ/dDN9jBoE=
/tkLe206Hqs=
D7DdAzDe2nc=
1dKUP2460oI=
PbvaI+hJs8U=
H7p0ts4qGmTOADAhZ6zoUQ==
Q4WTQXxwSO4/5YFJLQZbNQ==
Q4WTQXxwSO47rf1MCGvgBw==
C6c/gI1wtkI=
C6c/gI1wtkI=
w6+c2/KhKHU=
expf38MxP32C3n1Paz+1Gw==
qlCHklXByZw1RLGt9WAbzQ==
IFJL2YrhJuo=
ahFlzpLlrdaoHt1QOR35QQ==
sA7XYB20R02BiFllBd5ltw==
5A43a0pv6FjLFi6ZShZx8w==
iK3dR88RnYWAh+1u5bRlyQ==
uJJNKpf4PQjFRyGpannbug==
G8qfRANthAY=
Fvr6nv/SuIw=
EkKKBuezISEJM4nKaxXybw==
G2uKxhb9ySV1BQuZMsL38A==
bKFPJHLf5u2ihWCtxdsaAQ==
zAyd+dO4BkOIgjpFYL7QcA==
VlaPjF4fGkMLV8OqwKYb9w==
Q7BiH/7Hhsk=
LQt5nEyl5r6p1TKtnfYPFQ==
1seOzc5oa72jMYG9vMd3cQ==
DkU7wiemiofcybgUKCEg9A==
S1GVeY+g3bw=
4QFmDQUlA4EW17N1tAQeHg==
9Lifof1LXrw=
7uFGKaA53bVwWbhUb7foIg==
WhgIjD/7wqI=
/10jX2HhGsBhKdFmnneHlA==
QO4AXIw6NUI=
aHzkMu7wYgM=
Gc4wrgrYIuA=
VvIBKlqhWdA=
p2DZVSMfWR0=
3dlwmCnFmzA=
f8NGj0S/BTI=
Evllqmy7sK/AsKccGOjSQA==
e280qpZJVlg=
HmhEi3qvQgn/B7hQFyDnUw==
lRdXScD2hYg=
zXV0aKSpYzI=
zXV0aKSpYzI=
yz6FrNcdSUA+XGjhNPlsew==
z7QXj75euLZ1aLtTovymzg==
mN9qztWvVBqP/b9F4Uv8fQ==
mACxqvZnXZU=
z1wp1iHAEZE=
0uiZzl/3w4E=
OFi7WTPx7eI=
iqG5Mv/bRAYvrVReqJCccA==
dJAYQcQZh2w=
TJwABtAHSpMmW1LJ0tVUIlMdPiYsfbY7
TJwABtAHSpMLFDn3TRWrLA==
RyTUSaRjnxRSlvKTzp7U7w==
j+tcFArRcR4=
kInX8Blr1tNDggr2fr1+NA==
BtqnaOXLr5Q=
kQCWv62/JsI=
/JYYZ1jfD+c=
WqMe5mxm9hvP/Ale2E/kaA==
q/DKOlASAgk=
qss1AZR7pWDEi3PqrW/4Pg==
c1+P2NNux0c=
N84eWI2M8MtQCk0r63Nx8g==
VqVYz5BUBL+HNUD47d2JYw==
2Kah5DAC7dnnYRpFCVynBw==
lH/pWJok43NPK7aRfMGreg==
F9quPpVZ5f24hzmwwWljZw==
Mh2RPDYRyPYO9QNcX/Fw+w==
Mh2RPDYRyPZ2kqiHe4HlbNn2/5bxeD83
Mh2RPDYRyPbWgQbsH9DYEA==
buo3LIAzzcxvVJ7SdHmfkQ==
sn6KHvSw+VQIztO9KKCQlQ==
KJUwIt7s8/igU8TcRjiSTA==
XRbRbbffqYYNidc27fuR6w==
C2ACQzJw3L/Z840rJ7JBVw==
cIc86+/Y/SpM+ua/kRC6eg==
QQuThKIgINIVMEkzTfRu+g==
GQ/aOOj1Ss5ZhAzZucnPQA==
GQ/aOOj1Ss5s+kpKP9l2tQ==
JFobyoMH/orEiurA+viHGg==
p0Jzkma/GhzfGkNP0WHpdQ==
iLqqNqFpjQHSeQKUa7B0NA==
1MKi73J5zmk8jONo9oEfcQ==
42Js422bsSu8b8pafan96g==
4ynkXIBWANQ=
UV41wR59o3Y=
7IXjNaFbGHmhzcu4lFQOcA==
Wk3IBzEyQI8=
fHgZDSDbK/hmBdwqp0wxjA==
Wg8VDrt168ZeZpTT/4kg7g==
/BBKMGokX8e8RkLm4oY0Bw==
C/HodKsrbqeOskuI0AgvWA==
9HAqbmJfxuxxLQLb0Y4ftg==
0RG4sDw7jReRgh3aqoZMvg==
lXGBf0qS2xQCLVeGXo/ZDA==
Snmga0H7qCB7fNQzj7nRBw==
Snmga0H7qCB7fNQzj7nRBw==
7usH+WJvoZQEPEiX4Q6MQQ==
fhLBcvMRvD+YlRc6xHaVhg==
jCAv3QFoGzT8rK4GB3yTWg==
ZC25nSGF4yOaOi4AQ/aGBQ==
MWqeBNjcU+XNBSQ9wD/0igMKUh33D9Df
RKb73CQ8mlc=
Hsv/1TAAzii80F+mygO60w==
NQ9vvz3EgCMpJPPzQPprSQ==
71AZMP/IgpE=
WQagBnq3WnA=
vp/oe3emaAMhCtjO3LluYA==
etQgD0LOjE4MZnMRBwpT0g==
rHu+ueb+VOC65AGPSg3T5Q==
ewlVr115sJJGaqEg2Inz9w==
pjUM/1jq5hbnxRVSd5aGdA==
fXw6Dj30rT/SB33sKuhIJQ==
fWX/B0hpsrZs4vo9LBjztg==
j1yFo0bu00cWqVBufrm8NA==
Y9BSCpLt5kyiX9vLESI3mw==
eVOc1xF9OvKbVCMbkm7YFw==
7o//tto16AsiKh0kt16RUQ==
Agiu48zNdPP06J9yh6WAVg==
XHWCjnW/O6fne8knBVFnCw==
XHWCjnW/O6fD0r9WZLNgcA==
afVFbnzT8o5IjQizeUT/HQ==
9tygMVRT0nNbh2n6qBfWbw==
27fPpRBbWnJlsiCw1tS4bQ==
27fPpRBbWnIA0+amjWSYMw==
wSqu6Pb6YWjg8MSa+I5J1w==
Et6mfOCHf9PKMhN2dBWHfA==
FsghlEItbjgKPdtKZR69YQ==
nXA74OaYw5us+GzhvowYAA==
WnzuSW+snXaJLbulrXfnpw==
Plf/bm8lsUlp4G4RrrLaBQ==
Plf/bm8lsUmh6ZM1akukYQ==
K/XGVOZuxVtMtukAqBmuTA==
Keyalwcwa4qiVJhRe1KRtg==
tvA8FnshENE=
4DqfImUEBhEIqqIEAK6/Uw==
o4CfXQa2n1yw8rbCLLQVSg==
ZHc33tnqHvqV06xTULV0Ag==
lZHSNwrhSlM=
T4oFG3lXa/Rk0NrFsh4hUw==
6nHFit31zGw=
ol9tAEzFEIMLWYgUyt/+Hg==
6Ck+utJrsTA=
zQ3mv4+cCDM=
rEVfDuDk2yk=
KVSEa5RvBPQ=
ihrr+sBYxBw=
hv+9t9NpzJC/a9eqXf0n3A==
hv+9t9NpzJBqoQWSJJZylg==
mCGObd4D/ak=
TUnbc74EU9YFe2qYhIeG2g==
+CVdINZyewK3gnHH9K7xiw==
+hud5907E52/v9YfaoQTDw==
yJcu82Lu89zxYQ4w/IrP0A==
oi9/sb1Z4gU=
vpXA0CrW4ro=
XQP4m9U89AahFmWEALttaw==
WHFIuN9yt+lOlpBb1bocrg==
4qcavkUxW+NSTyWaeInyFQ==
sFUVUcw3lpS5jDzKw4kUZQ==
7nrlcT2CZpw=
xQmgRvs75+w=
C42U7IODYpMhxhrol3snZw==
nhbjjMSI7f0s08NMtmPlLQ==
5XYCh2Bidga0d2z2HDSVsg==
IU9BPqLu6JVy/naORJWRnQ==
miVpYInMVNOBbghrwEVvRg==
OiAdcEB0KcFSaJ5yHpqSkg==
FB4y+OgefFt/eDV5AIPgyA==
6aN1yWRoPWI23juXKJn66g==
6aN1yWRoPWKpzq+OftiY/Q==
oFWuGx536Ls=
vapO4aLFjVE=
8csKNBiog2w=
NSq8GO/IoVB5Ei8DM/cGZw==
gzx0M+uvYLYd6/5ezJ8zBg==
jCpj+qxpUio=
zl2J1tzPcEIO1uGXdT7DLg==
HRAIXUUVC7Y=
99hfBrF8YAw=
jiz4tlScfphIXM/a9Vc5Bg==
VZ17Z+IlBtZN8EhwF2FxNg==
xiNj6nvjkQNfIlb6KktvmQ==
3TDkKa7Pnhw3fY4xDJP0ZAqJQz5Y4bZm
tYcEWn0uVG++wEnO29CpzQ==
tYcEWn0uVG8gcpS9ZtxlBA==
NHZjgUpIVAEYWzwqS/aaDg==
wmtZ83FbKT6/Uc9xSaev4PqBS/7xDG9w
k/wreHUty+eewqvmasLuUA==
bIS2cds+ZGyJ6f26e2rcMw==
V99ztpgYkkXhImi0p7E0CjMT07E050fo
wogBUt2yJQY=
JxDpS9i0Fts=
4kvBZXwMKhq0qbKiNRw5Ig==
7IKPlFSgw2c=
TRocBgffl4Y=
M3bpc6SVcUGSDm1Yh0NbEg==
zMy0amdMok4KthOP+0qNJA==
vuZ///3VV8Y=
BMqbNE60kJ8=
TDB7FNcXquE=
aXJxPp5llCeI2rXy3XTfxg==
BGYsqzvB9dOkrwQeI2r6Ew==
C+F5630i8dQ=
l8VFmkmC+I5Cpz6v7BL2/A==
MfY3tVm+jFnNGy5qfK63qQ==
uVAF4jPWIVXZWJwGlatmFg==
OQgvcbxE8dQjLlEmc/HyWQ==
BUorEXCu7H8=
SUDz77gLHcY=
ldJOTCljzso=
Ou9zez58fU9M9PuAQ+eQgQ==
jlkACDlAV9PiYm/3g4YDQg==
oc1W2LPFAZTTk151Ih8LcA==
pkL8bEnGRPTNUUprRrnvpg==
pkL8bEnGRPSKiaki7kJSqw==
ehn5woxI9+8=
llpdaLHN3T4=
tffW7Li6hUs=
zPLB/IQCwco=
S1xLBp9L1zY=
eL5brsoZwp0=
oAiXpT401rIyXu8mNfUxGQ==
C37wNj+qCjCtdzwYZxR9lQ==
y0qAbl7dnWwcJr5PTXO+2w==
f2An8VAiXhc=
VDlDJmItmObGhOj9kdERoA==
0UnzUtKXPm8=
TeMyLarWkSYwvQac1XTEuw==
3QteJprxvfk0CgAa3DfNVA==
3+uv/Mnn1IJ/T+s627Xy0g==
nQg3nkCKzKfV0yhp8emeTQ==
VDK9hokgf/buo7YUAHI6Ug==
XgGdAae/rgfgbRPzsb7lPg==
XAum21sxHcmyP9GmhNo7/w==
6xZu+iiWx0Qz+ZOEraMjiA==
IcKeL05Kq34x+4cSH2wV9Q==
89s/L/LIVEE2S899PDxYlg==
Yo2hc3yExvw=
sONxwMlQTIWH+49bvnpy6A==
7JuU0wR5+H0=
yyrz14OIo98=
mmXWRMFwtgE=
05TvdgOpDRmFSG0JsrAZJg==
/9uXO4DTGCEm6ZavASn5LQ==
5mF/do+D9Meodv7zOTSuLg==
52MZsZRMId7atE6xaHbavg==
6d14orvbPPLZEl2TNM/kSw==
HlfgVRBcL5k=
ahlsBMm7tPlAUBNppJtf5Q==
thfz2/hsZ/MX5WbM4+k6YQ==
DxplJUCV8mnAuMikIRFp+Q==
xYn8gShWzP0=
GCc80SAOgbY=
Uqa1zJo4IJ4/uQfBDnQjAQ==
DpVRoW6DwAY=
omXRoageFtM=
eW2xxmQ9JmQqtLAvvFUmsA==
zx4INrgHT98skW09P2Xzuw==
msf4xQUYw20=
kB4N09xvOE1VrJueg+7pzQ==
9LtDMSQn8GUonN/rC46nrA==
9LtDMSQn8GXzlsmKKFSAdQ==
9LtDMSQn8GXzlsmKKFSAdQ==
GsN+eUUzqr8=
zJxAtRVaERU=
AKSnzDf6oUQ=
IU02jzwoW3A=
6vIesu9EjWA=
SFm0KkLpuHduMLWa2PmK3g==
X3f0BRclxwsKDdLc3sH9Hw==
+PPJ0euU3qy6JolcB7E2EA==
lHmpUrD5YIRGP1657/3OXw==
0C+MTBT9wNAQEuBJ34/DzA==
0C+MTBT9wNAwVcCGiu7Dyw==
btyKu9DG4u0=
2hzXH0rJTO8=
VOXC7/XaOOEuO22ghKKqCQ==
HFPFgUic2NikLI8GijB5kQ==
5iUZHjob7KaDoqXxPRbsFw==
891UwxzE+xBHuLOWwQoFsw==
aw6UIoO74AEwXw3F31+JQA==
aU6ISTCx/i+s95rwCLXeXA==
nd4lC0ldp3A=
e3HZvYRkQ5kPN3FTnsfWGg==
Bozi7kKOaQaFuNuvREcHWw==
dsiVMKznaRwGh+9bwxh2ew==
9zlh8OrJ8v9zRAEUzLc7Qg==
pEOmNhEqR00=
C0dtXTYGGns=
Va7PX6cWNFK3xKhNgoB84w==
X3HyvZiQzuU=
vu1r+bEID8DiyjkaX84mCg==
a9VTK6k1v0c49jkfM6A5Jg==
yN2PrnWWvaI=
HD1AHhNnhb1TkYuZVBupjg==
acBVkd1QRlg=
y7Ib1rqjcpgQxapCZnKL7g==
/5cnS3BlSW0=
BxeXM5g9dGO39Z43jT0fHA==
bgMTUztkClGjO/A7DJXTog==
tQvOLPJY8zbh0eTOj1VvHg==
agvMPdZd7Gg=
sW2hnK8vLUxDw7YqB6yIhw==
/dAqGLGK/toPTw+vLmVDuw==
qO12LMuMino=
CKsnZxbM18uko5nmwAYZZA==
eCmiC6A5YI0=
zMEao4RIcCE=
ILKCqA/P30E=
Xe4WF84mWpU=
UZYarynLXvWsX9NVaFlWLw==
aaCSM+YHMKkHR3uHY1Ixlg==
NjQsZ+GhsHo=
SZ3CA8RTLNs=
TjkGUWIEUt6w0ys1zqw2zA==
NOVEj6GRMEY=
Zzd+e4obeSEhI8Gr/iR+Cg==
QU+4UP4EJcI=
UmvUv2TjBQU=
Z0QlVxmqKP5K9/95O02MkA==
g1OmqtuXZCXOAQwRKKL84A==
PlMrhbKoJNDHfS5zkeNTYQ==
UyFtpkBT2FrtbKM0o8Kc0Q==
UyFtpkBT2FrYlLIeD/NVVA==
cCzN7gR71L4=
MjlRUsdjha8=
zFjmOAZEK3U=
Jx2bxh/dGN3R63IG+ewMHA==
q+F78kCy0Jc=
7pIKwtl3dwI=
7n5oIwvHAhzJks6j78hnNQ==
8562m/vFYv0=
6jC+GsD6b9x67tY9vMg7fw==
q+fPU8Dx5Hw=
hBD39yWPHlJBIGHKBcnBmA==
G3l9zpQ6ja/NP0SuSD9KWA==
HsZrL67AY3U8vVx1lDSEnA==
YznPaWApqp4=
3d9JnahrQoUJDumV0NP54g==
3xV3NniPIgYNzv9rpQcaag==
GvlqWvkV2IMcxAZ5zB5gug==
EFYyUMp7qoW9D0R0C469Kw==
wr49k9q2o9mQUq8VJdPsug==
InWlD45EXJOqsC+EgGI9ng==
InWlD45EXJOqsC+EgGI9ng==
BNX8WtIgbVXSx6+DQiewdg==
E10w9OmwAuo=
PfOcGYx/iXc=
V0sQXIlyZ7lpflNyGlWNjw==
Ud2Wg0HyJRA=
neGEQZwjqhd8kN7pGy2bvQ==
BWZxlsl8jV4=
PdAn2iYXPe8=
YQDKsAHKZ98=
T2vzCOGLnRk=
WfL8piDVZRw=
cdmRPKEYE3Y=
mNWUQTXwi8E=
pT216Vk/9Iw=
1D6CwFLBSY8irQvz6tvpjNleqNPwMhDN
1rYz+bFkSITpY6gR/VnYQw==
P1Lj6kltAwI=
P1Lj6kltAwI=
rggZ0bCeqgg+HK+4kpbVEw==
1Yzqf9LNGYoFPXe3kQmfsg==
XzeLfYdd11hsdtDahwcuWA==
sxs5EPL1Q6VvEylKx5RErw==
mKatv5uUJmY=
uzxPvidUreEWr83q8SUnIQ==
5zvwxQIrKBnPx0mti3oNkQ==
tFNaHHDlxqXaVwF7WDudIw==
x/D23CAzyqIsH/iTdDLfUQ==
v80WA0/zdeIdj0LDApCQ+w==
be4KB8GeiTniS0MRNwAQgw==
nz3NGam+BZM=
FgjARLw7iarxR79kqh00bQ==
9RNHZPVgIsg=
3u+wH1IUjBgLmaQELb30GA==
HzhF8bqVZQFQ6HTiCS6Peg==
foy0o/5/kq8=
nwHcOMtQRWs=
lX2ChV+d4WMKivYfaQg8VA==
91k9t8vhWvI/R2Nm7potRg==
91k9t8vhWvJnEmi3PklaVQ==
+PCgrr4Lm4M+VvQXAWyKbw==
6sdhzFD4wGrACQZvSepQ4g==
+r981Lr50Cw=
h9rXFNhQPpX7a11Q3l2F/w==
q2yVfcAyQXJg+Rtg8u4LBw==
RcIplJjMf47ovKY3PRQ9FQ==
NYaLAMMgQ3o=
REIvbDo1RzY=
7I9akhp6jB+tv3Ir+4TLxg==
7I9akhp6jB+tv3Ir+4TLxg==
kf5LCZEXbqE=
bSkGYBaXWC21pwx/ZPcglQ==
hMf4BleMPqSZJPwcqljFNg==
9bjh0cV5Wvg=
byUv+ZdKdCAtDO2ge+aNTw==
LgAIM0ZxQhI=
5I+1TUclUGXayFqk3nZ5vg==
dKpzIkVLO6w=
M8g6B3xl8jo=
PVwaeEXu3ELXbYL8GyW3hA==
Fhrr8JRh4UgP9ix4G82RLg==
JpD3Kd2MHKjkqVnq+mxNpA==
JpD3Kd2MHKjkqVnq+mxNpA==
90HrrTuYVtXzqBKIwhSCPg==
vtfOh8cdf7keoDbZVOAddQ==
DpWTdcVHHfKnPGj3maZi+A==
JvVhhaYwn+KSUHz7an3h3Q==
3Sqt2JHGVwOKw/Q6q6XE1Q==
3y24sVsarhGePCJ8NAi7iA==
89RBXNP8aVo=
c3kYy/lwfW8=
G0KSaBMmIPk=
Nt6WOgNPRlo=
/tThq3lay9eIxgh1wzrRhQ==
Fih6jzcBQ6E=
AaKlzdryJxn+KRhDNQVWFA==
9kfdTbfh3Y8=
tXIcCkTIHv3l+IZNTSwQPQ==
XW9wXxA8p8A=
cUVwqjpc4CRKHXT2+QTphw==
4ejY7LAP5Ak=
kNIoUl617NU=
swnp5L7a+7Q00RVCUomC5g==
cRzVcxQFEccVg7nnMTPlGQ==
9Rf8nq/cofw=
g602D3Z1wOQ7I4V9tK0zfA==
MhRd57PY27g=
50A0CLOahpg=
1NwIzb/PDDRZtnAek/Ccxw==
S251sIokHhVBQxvykdRMBA==
DzruE6JnWYM=
3Wo3+k2HxlnKYMKCJ7kjZA==
EUkznbPaIkE=
Pot6HqFB8F4=
fB5C7b1CDRvhC61W1VJQrg==
/+LT9MWxxGs=
xvz1kpDGs7M7E7P4MKF/Jw==
xJXlLSTq5vM=
xfWf5qekZhHStOkrayozEA==
BPxbQMeUngI=
xUQ8OtDm6V8=
6um/h4cE4fs=
re0QEvnwubQ=
pWdcleBINHLfis2T1/ZEWg==
qs1kTENl4ySn/u0NT3+HfQ==
oLpUqHVKGEY=
g7bmbPWcj01imP0XVIEyTA==
R2DdKooWghc4+Q+e11+v5g==
AyTEsgo/K4rqAkzXZoqdow==
gI9M/sKmoSJKALera+1vCg==
iDv5veH+dZo=
E4v/06sFnaE=
nDCqVTjJgzU=
oD3m0uCweAg=
11OuuRoPlwLU5XYKM71BJg==
jItMb/gWlR0=
b3m0glKiJZU=
Bv58cwsVeRs=
QrLtbmEwW3E=
lRN/DKOyROA=
YP9jlTTkb94=
463ZFXA0iDk=
lGc7wv9klpM=
Vur9iXDslG9/orfWmnqzHA==
XurcSUVg0PihyEOpgvBozA==
XurcSUVg0PjJLqpcu0wHYQ==
uuv2ojoHcqA=
W2R/gFsRS5A=
P0JuO+oFOqA=
I/L3Y8eNv+A=
XTGKANVSUiOfahciek7jLg==
lGizknDepEgWlwE/GveoRQ==
kw7rnLD1ObEAgSch/zZqQA==
we/hMH8GqDzBLcCyRN2NJg==
3WZt4Lppox8sheaTop+D0A==
ECC8L+DchvH5BIGvS8Y4Aw==
S5RoUvwzF28=
HxUoep39dhs=
NE7GhVa6utc=
AqsBpVb4gOIb60wJKgNCaQ==
/uPjHu1MSpA=
tpajnuh7Zwc=
O9t108SXOI9IR9C7Zb12aA==
bYZx18aOOfDhDZE3omr4Ug==
h15b2XY2/rA=
LW1OUWWW/zg=
TCJZstVHybthnJ7APYhBPg==
q5nE0ld/5VgOmonAmZqzDbM5J41LVo5Q
S+UCaA+8L9jUzWzczQzjoQ==
W90s4OXtIQU=
cNdY1BZsbPY=
Z6wCL7I/AuE=
apbmCwo0P4c=
mbcoh5yFDq4=
WA0O7VSq2WM=
tRxgZxc2E9YZjWzyEpzukQ==
qlH1sP/TqDY=
BgiQhd0jwWoFVNCJLfsgig==
835mx6OBm50=
3STotv7HoIg=
3STotv7HoIg=
/RQgHGohoXo=
/RQgHGohoXo=
V8lGhFXB+Vlqt0A3oKR28g==
3bsxWp2r3KtT5irsNVlkEA==
krTT87SGxV2WX+G+0JUXtQ==
BBqiDCNzFPH4kQiNPB/ZZQ==
YvaN7mj+6NzRpMGKQqFJ2w==
z51PjyeydVY=
mKURAgD+YoY=
mKURAgD+YoY=
jMCNRWI0DxrEoN5cNUWgiQ==
KCmMXmB22Jk=
ilQgj9pVi5E=
OxIXuOqTlak=
x178L5MaJCk=
qDZks2AghnQ=
TmqLwc20CbhqixhoQiqkeQ==
lWHmvYKJDE9iqQ6nXft2Ww==
wF+s0jH+pXGpa2oueRmRIA==
5eKbLws8FhpmC+fF6L99VA==
5eKbLws8Fhrmartkw2pULA==
uqiqKGDL1bY=
cu6H+W9Kj9M=
sqomBSNK5vI=
NilNQJbj4O69jGk2SxQemg==
DekKeaoa+nw=
YL+Vj89iVEbn4lAXz/W+CA==
il7jZCDLc/3rLob6gg9aPA==
lhHi+wDemYTsgpn1BckJOg==
AfbWE8dBdowe6hBp+R6N4Q==
l09LtXf/bE0=
6tkvuWONIdMR3JWY9rrRZg==
xPWpcfD3wVaLMpndlXmCeA==
+Ov6nCIIYppp/NjmnP4fCg==
XRQ6yEvp5aMGZhyKTO51rQ==
KjypRhLq0gg=
KjypRhLq0gg=
NYT7DPWHO4I=
Ed20ErntCfI=
qS37pBew++Y=
eskeCmR9LCU=
bFhB06Cj9J4=
1l1anFojnrI=
FnBmx4D6ncg6r6dGF/d3mw==
JqYL8DYDseCUrQGFyVEJWQ==
LlOA+lDjLA+SMxP2/g3Q1w==
/8zmRoqFY4gEA5YtYnm8zw==
A8OVSq3FKvVIhOwMbvP0ng==
gCphDvew9Zc=
z1TKkqr2bNAHcoHQfzO6ZA==
uMxp6ECoMGKkDeA1zyjAoA==
WjWwUlfjE/ruosg+XB9gcQ==
WjWwUlfjE/r3CAiFW4m/Iw==
tM3PWVnhAtvUkF+doXA5Rw==
S9OsmFfKCEDL1hJs/UKVOA==
SHcGr9Js+k0sbRrgZR6M9w==
d84LehUCrrV225mvKydbmw==
rqcAMQrJQPPWRZCWQ4GQEQ==
P8QFZGWBgX58qdhMQ58k0A==
NP+jBPZuSgLR6lqW/2hGMQ==
Ctelq+sU2khGwSFlZuSzXA==
uWSHz4Sv6a8=
uWSHz4Sv6a8=
78zJ92+uTsJyj3hKubbHXQ==
pfmi2/DboHR2/dOQyBidaA==
TJsBt1NLMAke4Wfq7rjS+w==
0qfav7QTVW6vO7+7C4KjLg==
i7nVhu/LW7q7ADWbAptqCw==
MtYXK0PDnZPR78J61c06vA==
K2egO7p++lY=
28/mmy0g36Y=
ZO7qSxOaoE8=
7cH/VIvDl5g=
tdVz1zTbRrE=
VmVdmp+3Lg7vnDhV+8yUlQ==
WB6MLtk9g5k=
qd9wkmUgrbI=
qd9wkmUgrbI=
mM24mX1A9LI=
RgHINwv73aoBLlWflkzDJQ==
81pvCjKVGsi8dY5iCagTNQ==
nHzigOjVly8=
KWgnZPr0dHk=
M6qSNpPC2Pasu5sNql/iMQ==
0wBKOemxkBk=
IHg2HMTnRls=
Fl2EuJ52g3y2/m20CLElTQ==
eUohDnJC8xK/pk08dn36wg==
iiMLo0KHS20=
OHRhjrbUo50=
tDFy3OJwDqY=
eYVWzW45g62V/IwfavGEEQ==
JjMziaD2WGg=
i05Y231lJ8p5C2MzAoYzjQ==
i05Y231lJ8oN7AA0po+iDA==
mX05VhvrSqs=
DwjWb4HbKmg1u+yjE7hVxg==
8hcYBaoFdcQ=
gLf2FuToN8LQPKRqwNE1bg==
kQzppLi7kAg=
/FreTkLQP6b+SYzn0kAghOdoJj5dZPcL
wkuNsQlxsKU=
mdr1VLfUMJKupU4JQVNCeA==
aVblaFjHuLO3LdtNT8NN0g==
K97ccd9iDRI=
ZvWU6PyivSOwSBkmRlkanA==
6vi4wDNc21k=
FZIGxjSbkpM=
abqgoy7+Zms=
Kjghmx4LGF3WwGa66rbZ6Q==
CyG0hB2YS2c=
u7tTDKUNYC/nBWFenTSZmg==
d0mRChro2ctfPh+j4VTCOA==
YBOmoW8vIQa/rBjfk4rDvA==
kG3X0bxpGtyo2frzkeFFUg==
4TPIbOaeGYZt5FdlE600rkt1D/PDI4kF
4TPIbOaeGYb9YdTKRFa0IX3sNfQ6vn5+
t1lvpLOTl3jSTXSEoHNgQA==
GBLB9bUeMYs=
cI4ZCJln223B23YWfQ7Qfg==
gebYPrYNs74=
u2sSck+/gc8=
6l6Gs0VXNaY=
gUze1fiE2ew=
5dRq/KL2LNU5yJEMJwPo8w==
5dRq/KL2LNU5yJEMJwPo8w==
5dRq/KL2LNU5yJEMJwPo8w==
+ksouZ2uy/DaMvl7HnTqnw==
1UsfN5oyVJaSlz6yjJX7NQ==
0NJjGwdgS8k=
ZP5hnLydJak=
MGVnOT5beF8=
J9qoJN92uCY=
CSZ99iHTThk=
I6Ot7e0nFfvQ/4QjiGYpig==
BCxA6dnbKMyORO1IAqYN/w==
4I98j0bRro4=
txZYjHRB5LKJ5nNxK5Iqow==
RVllK8E0s5s=
CrU9R256S/8=
rvB6RkcG3IH8F9fqxwxz+A==
P2m2c+yixDI=
kQ41kSNsGcQ=
FjqmQRAp2JA=
bBMdmCTQJmYGjbLR/o1Ptw==
Q1mD4+/R4HLKkcK5+eWNKQ==
E5+ZzLypUjJQnOj2iA3b7A==
eqscIj12xCehib2q0+6ROg==
8XgT6a8dz5dDkJl3Ne0Odg==
8w5lVJdbyk4=
Cbr5rf2tKNs=
/ndrhlVYZJCp9zby+GSMYw==
VA96jTLRjV4CZUU70dQ57w==
He++2/ti0F8=
S6mGjcLARxY=
WjeGgRjaIN9FWv/pfo1gpQ==
WjeGgRjaIN9v9y3ceHYjbQ==
E2G5o6J60kU=
P2eCE4WhAb4=
1sjehiyb5vxRuaUW5yNdvw==
BmjbVZi9Djw=
tJdscIQpyoPnFA5BOa6I5g==
MT4FS53CFv2yWths2dXGIA==
SgdmTqMUbGE=
SgdmTqMUbGE=
NHGVTHwqfY8=
HZi98doTo00=
HZi98doTo00=
7sR5vOz6E4c=
tQM2NocR/KQNTKRk8qb/Ww==
j0ABnwu7onQ=
oN+uECl/XcdzedYbm4SyfA==
tMDD14HGMlA=
QrNKwkMYh78=
dRlTULRxsntlR5t39TqVUQ==
dRlTULRxsnu043PqN5iQFg==
t5nTtHAJ0yk=
bRSakfEgjQBBbNdarb7dtw==
MZKotODSpBE=
gv7/4uV4jrY=
4A/EQZm5TjNBILDL8Y7yNQ==
i/TTIVhThrg=
iupxn+TvlAk=
RwYgj3klHTwo1FNoZ3GG6g==
NsTRAhgpybgv5FrECL/Dew+1pVdzVOyN
NsTRAhgpybjERoI4OtWFUQ==
NsTRAhgpybhHvOlLOfyQfw==
yDjjdQL1tS8=
wzF0thHcbimSb0nb+bG4cg==
nw5ml6crmnk=
7bmv1QpTDTI=
1Kket4q5UI4=
agglKZUtQxc=
1Xk5Hi555ZY=
AfPIBfPSRoVsmZtTGH0i0g==
ijbe/LQIyH4=
rQBBh6dly5E=
nQ8mWgUFt9HC8ygwOxnsaw==
nQ8mWgUFt9FwiIkT0qps6w==
SYFP3uMsBRGWVeoLV/keng==
NohJSk8CRru5WFH/G8p4rQ==
5E3wLSZMSVA=
hsMuc40gEEMsL3U0VoKnGQ==
oz+dViq+vVuhAkwsgJsURg==
hBqqsymBH3k=
NHyyCw3cKc8=
cHfaSa4RBT4=
nJtVXhZX+a8=
aliDorqbn0Lwnpaz8G1qoA==
V0vmrFyH3l4=
m/F/IdUkBg8=
r3VbPRy1p2w=
U+8U+d4i5sw=
J1sKf0NTZ6UshDUG6VPY6Q==
CTCafwcmiYBUEV9wP8iO/A==
tabx/jTcn7DEo5kwgBgChw==
XcECs7yjCcA=
VlNqUYpq5Rs=
THGz4FC4Nng=
bPd+jVIpGX13+hWOjj0bmw==
mwWn1DKQwa4IpoSKsrnoGQ==
/iwZKGiqYLcXH9XG5+nvtw==
/iwZKGiqYLcXH9XG5+nvtw==
f4zo+jmI6YP4mIn4pRawEw==
4a+Mzcj3rMQHiP883grUuA==
F9g8s37uWjGJH69mDpp8JQ==
Bw6YM/3Z+RbTEADLzsuCfQ==
58lkVfFZhLDc0vdLys3siA==
eWrxyPQUUoI=
qbYux7poKRk=
++3O9/moXAKl/bRvW/5Svg==
jPbADg9AzxGKhKGLmbQWRg==
n4+P569F9zDkmAyUpKs82A==
+rNotcIhcnoUATz1IJ4z4Q==
+rNotcIhcnrsnhgfZIRz8Q==
wRxyIRGi8dIqtNcnpU3b0Q==
7bc/Idqetc4=
P90h1Apf3mk=
5jAVZkaBHctBMQhwSPD3qw==
TP7HnEs63eB+6W05VFJdyw==
Cusw+wn4YAoljzwkr9wglA==
vHv7ovFq8eOTq7ete2VzPg==
sFbQL4zNSE4=
nl2xNrqckbV1JzNL1YRVPA==
1rIlc6iD9FSOI5G5JsuA9A==
2SmjSTlCPus4wbYmQ3KCIA==
SLTWznbMNrM=
MQHP5ECNcdsn8kd7wJ21lA==
nsftlHVwHwM=
OOHGeT76A1nMjj+IkeZe8g==
Rl+t7A4joR8=
Rl+t7A4joR8=
8CE50Amrt8SZoPVUasacTg==
14HfwImeuT8=
oNjXSQ3iXTiJUthPrieiCg==
R76slkIzpLStyHM6jiyEHg==
7D/VKDsXjVF8B6xE6OAWKg==
6nXj0z8XZ007sRWs3mLN9g==
zrkNGDFDy48=
nDTt42cetcK3bVG4Mfjm1w==
Hd7EbOiq6gYfkdm1MJ8ilg==
Re7u1F8v9H0=
/hiqMKxPhJ4=
BEXs42kI+tWfM05B3Seayg==
zWk42ZADWRc=
Kpl7+YqPlA4=
mWD9KXi0sHJ7jYfkyr4vjA==
hrN2MRjMW1ezrWQ/UNIj3g==
3PTuA3Yf6vs=
kNqupNivf1lnC0NKNkwwIg==
26yB/YS8qTN/pzIu75IePA==
vbkYD0LneRU=
SUTDRTHCdFI=
WQjcjNc4mzZjq0qsyb6bCA==
WQjcjNc4mzZjq0qsyb6bCA==
iFSY7rU0XR9nDEY1kA0Q3A==
cVsCzTDZ9AtQwQJiAvffXw==
rv44mY7NlzfOXIiJsbIkew==
Qpij/Fl28DM=
G3M5djr9/GE=
G3M5djr9/GE=
TYro/LohzRiEQDQAYW0ZtA==
TYro/LohzRiEQDQAYW0ZtA==
6+dsJG430DvN7esFclAdPg==
zYws/307gQIFHql7V99TdQ==
ck/jZAvIt8NCoCMuYSkSiA==
1wMLvJ3vnHL1STXPB/Z02Q==
1wMLvJ3vnHJgL7Ereyou1g==
45khOgdRbaA=
gCjll6sdBoiX55z2gjZuyg==
V8fuUjG4wFTMDfKLhiBdWw==
SZB06xkXOqOcDUTNrm0K2A==
YnEskauj7NBy/CVP7BdjxA==
1azLMCiTDV9amhANcGA/KQ==
mvtR/CKMslYNPcezBwvh8A==
mvtR/CKMslYQGleaxSyNpw==
f2MPeVa6CJqNlXI7lYZNww==
5+CPk+nJxao=
5+CPk+nJxao=
eVn+3FwEkjw=
RGhmbs8acBo=
/vyc9xqJ244=
o588uE16A07+TvOL80SABQ==
XYhjruCXqcU=
2EiN5uT1ixc=
ySroWCQdhyg=
EMQi3Ma9x/0=
EMQi3Ma9x/0=
UvRV7lny/Ec=
0ZXmFXNyMXg=
8RAOxMjIisgY3E3tmHowbA==
yBrWHanuRiTsHGRdOpn28w==
WxG3DTTAOj1itR4LKwvFGA==
YTO2wykP5A8=
s0lB8nnmariiBxXrJqqcJQ==
8PQ0WV33L/sabukPEZo2PA==
G/q0cfxwshM=
ZwHRdoqeSGZwHGZ2sM1yNg==
NTZ65RUOllg=
nn4CRF03DKw=
qL/IJX1VU4U=
wSPNASv+WFI=
nivGvYJVmEE=
PYVLgO5FQs8=
zJ9yh2zEFBCw5gu7tLw9xA==
1tRUmtPedRWT7le76p7mMA==
LzYz4sZKIllGXuH68EO/Bg==
BRSGBIjd80k=
WiZfKAhvaq42MvnuthpVMg==
53NoFVnJazI=
IJc0sw4fKqzy3AINAXW+DQ==
BD6xIBSJHfwBPjxUpfdUSQ==
20LNirIG0Hoa2+AmZtkKZw==
IFlaX1KOS/jM29gcZNzXFA==
oLIpZkCr1agWTfyAs2an+A==
Cg2LkrRq0Nk=
Kcxu3B2X/qs9H/PxSmRg7g==
+AEqLfZLXTM=
ljI9hTMtOH4=
s0XTAiiCqFfuad8kO7t4Bg==
xpzqHucGo/Y=
5ZDx6Ac3Kh0=
KQ/pGRIwy+I=
3H3yAhcPGI5JdixQWcx5zA==
Gj++QbxkakndCm7aLfYjFg==
IVaFaS875Lr7oT/crMyitQ==
EiR/eosV2h4=
O4b3xGl0+AEufaSVxezr6w==
HW89WrWW+YI=
oKHCI/hahvs=
xqGOLcreM9c=
qY6cu1cyW6XQgimnK+WfRQ==
ugRYDNhgRRxIcXHDjXNUdg==
79tL3ImCGU2Phnz/YqkmhQ==
29WIRF1CYtc=
L7mcDlHq+8tKKADbFRfg5A==
uvCrfmsyOky+DY7iS5Bktg==
GzUcoDcrre0=
Tx+WTniW1jw=
UF3Hyo2qS3Q=
yRANILPOfi0=
yRANILPOfi0=
p4330srqVxyrCFCGaNWWwA==
VeIj1IcEAms=
jII/jknAzIw=
/O/HBNOvE6MRYxKtphXf/A==
/3LupyBM8dc=
2iG3RKBryAY=
U9dqeymyYcqXkbfiFk8C3w==
YlaBHnBAhFCjGd+iAfmRjw==
3ifGqnbeOtA=
6yU+dVCNeB4Cw42k9RaRrg==
CYFYGzn4p3w=
JqO9A1wfMG0=
xMQmelcCG3JIul/gw+b+8A==
vUVTVYR3Yvs=
QwZgmReWq3s=
EQEldRi+QnI=
SrokE91MMSAngqkwxrF+LA==
u68POgcxQsKKLcvFfOStFw==
u68POgcxQsLwx/YQ0kDVFg==
2xOHdDtL51I=
tLK4yZ/fRAw=
MHiT8vQIk6zmqT0YqiV8eA==
3cOt+ojJ5Jq+UPqQT5V8zw==
qQxTmc1qS3s=
ty1wmjzIX80=
Kj4JqBw8R/M=
ZEyatXPQMXE=
ZEyatXPQMXE=
yQWi6PgN5wo=
Z0pIrb2WqEpJwcwOy+z6rw==
oB3pDrVAiOfBKuboIIYWPg==
cedjYMJEUGJhRV2bHRszdA==
dcldkmH/SGk=
baOwJrjpBBOO1fmZ9WxUCg==
uO6d8v+OPD5jXRMgXWf3Og==
fqnOIZr7T+G1zVY4dlu0Rg==
0ewta7FuGQE=
XsZoJ/qfa3Q=
k8VEIrlY7D4=
J2Lk8JR/BJo=
ga7qoOo+U9HqAAnmmcaKBQ==
eUrtVdO67vo=
/nvhHkyDoR0=
XvqlrKEoCeg=
YnD/kWrVAwc=
xLPgT4xipdo=
a3usorfAdiPiDZBtMFn0rQ==
njzPqgXmoQgIzFDW2oe4pw==
XZpKsxlH9kE+N5LnLzAx0A==
yZ7im3hP5MxTT/nqKSz2/g==
slCYrkB1eo0=
LzR9+Fjmncc=
Sy/2R3NvjuPg470gKSwdZQ==
Sy/2R3NvjuPLNGEIHhKhKw==
chEZYtvQUTI=
kZvPWb9pqwY=
0a/iuZq29F4=
N2ZgliYeZJE4S3mnJhrylQ==
N2ZgliYeZJFrEvzanNHCmw==
DU5ngP1spHr2umWSAHizTvUsk74De/y6
DU5ngP1spHoUBSD2hBlZ6nI+YVOgERWm
DU5ngP1spHoUBSD2hBlZ6nI+YVOgERWm
HqlaC4A/FYE=
NpbMSpWs7Ec=
z9kzsiIppjg=
PmMEJVZRyCRiLg5NE/6g8w==
5Y4CpWiK0KU=
jxwv9te+QabXhgns1SStCA==
2PINaO7SG+M=
62DZ/Z5dH9oMJpRa3o2fEA==
lJ6CfAa1NreW0RqnQ8JmMA==
lJz438UAFQhO6/dip5Bv9A==
h1cD5OIPFpt9YItBcbR+2g==
PsGtBRsCG5vNpQ3EzdFw5A==
hUKZaJDKDXg=
tZkDnt7DoTmuxNw40nThsg==
gNTx2hUtt+n7KfCEcWd9mg==
gNTx2hUtt+n7KfCEcWd9mg==
z6Ht7HzOtII=
9sGCA+VxLFg=
uR5TKst+euM=
MDW3uwlYHEI=
0CmyN2E+tSQ=
oIwvZ7PbQFluncmuGOjj+w==
KoofINvdkq2o9QuPZ3NzZQ==
8yliNEiruXd5ZHruPak1rQ==
FMktzfxJUZQ9EzDaJhljUw==
zK+cFlKD/2MmPNSuYnnxjg==
EPhRifZc9uE=
7SQmMkAlPTaZNqQc4RTxlA==
pZ84t65jNf/xlgav51UVxg==
cGTnAGPrN8MNBEv1sqA/xQ==
Ub3qlxxty7w=
7ICMIBFs/sY=
ufiGbyXiuamyNwQqjbKo7w==
I8qOlgJvNVVGYpkF0zHAKA==
Tsj/6mpjWQk=
MM66QKtogHk=
ro10V0PWZqAijXNp9/byiQ==
56WszbzQNiXhSif09+nSOQ==
sZJJC3EfSQg=
Ywx73w3cAHvnM1yf7IGWzw==
1G3r3LBdVqY=
26iYenx7rEKc4fhCoMit8g==
hFZQ/1yZzBg=
YICluHTIcn0qiPQJAQHTrA==
fTyrm/fy0y41wCCFXg+5Mw==
fTyrm/fy0y5LPNbeUhn9Ag==
RuDgVReIV+U=
k1Xkgi2a5Sk=
ga9II3h01uw=
a15dyY+dYFwiP5xMs5GOPZaO/2OOe8pI
B26Nf4xe7KXyQpruulWTfA==
B26Nf4xe7KXnOwXL4AZzoQ==
I2Sfch6Q4myv9ILXdMv/tQ==
4cAUs4sLX1BkgFe5nZwYtQ==
srqVq2QLUshr0WJ0jpzRcA==
BC3L02YkXNQQU4aQq2ODcw==
aJzEeLid/Po=
aJzEeLid/Po=
pSdtnGZ1ur8=
VRsUwC0s/nh6fomFivYGLg==
jMIxNn9bTFScsELYenyL0g==
h4+L96oKpf8=
0kf0TASktEJCCDwUmLCgPA==
P97i7OXN1RmX9EnI4T3kmQ==
Vz2knKRCEo7lmbn1ME1wSA==
J/zZeTPON1g=
qXuO+55n3OILwmXsVWpRdw==
mAAuxsLwFM8=
380UQAR75Bs=
u91TeBonlAo=
XjlW1ol/gM4=
/loFZKiWGxZPWaN+iBIkUQ==
w5aY4JLVtdbMX75mmm8r4g==
CPOaU8FRnW4=
InwF2vjcNIq5B+OF6Vbz0g==
l38vJ4VjgSRSEx4MtqwWxQ==
l38vJ4VjgSQDaC7G6ld5ZA==
mBRjnUZNLfAdncaqHF7zVw==
m0lLoM4GOtC9TlwOSgYN0Q==
37jiBzXFw/2QsSW9ddZ46g==
ynaxkeZ6ZDbJ/uJGDxQ9cA==
7X4GhTUlNVc=
7X4GhTUlNVc=
z276QkVRZZs=
ncePQkns6HU=
FC1rQCS+GDI=
BqRZxesWFfY=
YXCi7b2NQKaP9O/PW0qxbg==
x5oHEyRTaUk=
hQZuyjr2rkN+opc5hPygBA==
0NN23K1WRnbElaHcGaXmew==
KnAZ7x/paMg=
ntkJwmTSHTM=
FWiQM0Tvx5JZH9bDcdaxHQ==
YgCTGW+qd4gFCO4vzSW/wg==
06p71AeE7hc4VQMvMmKXUQ==
oCSIPiFv8bE=
PJ93yisvrtw=
TiZ3zx0okvU=
lXRNQAV9iFv76eBLllwTsw==
EAzX09hqdBPtfJbiotca5w==
K+XHDCMBW1kBcDYy3TWosA==
Q5JFll0RWt8=
3skLePBfVq0=
AeA/4+0yGbw=
2vcwFua4/6k=
nPDeuiubigxaA2ikd1fFKA==
Qd9sKfB+Am0=
Qd9sKfB+Am0=
r03BzwfUTYFDaKLxGC7u7w==
8m+uk+84DxIfAZbXPRQbSg==
GDi3qINzxh/wzPotEbYq/A==
ZvPbVcGmNyBMcQCyeXghiA==
BK6NQBi2MJEd/IWNJru+DQ==
9bYuNsYmkN5EEXbtgrT7+g==
Hfi5xzo9lGxiS+ekkLy5aQ==
QZv8gN0qKJM=
PC1pDoG6+E4=
FUVh3IU9abDAUs0vVcK1xQ==
Q0BNS88kNcM=
7pr8vqnli24=
1p9L+dMoXjU=
To1xWgSVk08=
bacSD+ZTvwA7oZXA4935zg==
u6uoH6tzK9YM4Zxt7F18Pw==
u6uoH6tzK9bfbiFKEos9fg==
cBAcs0Yr7mp2VQ2fiNLqGg==
nuwHLdf2A3L4jB89l3ryUg==
RY31UZwrIf2fd8/qUz28SA==
DMslrlJ+mzVUDhJdtzNIUA==
SkW6Wx7OCSHsWRxMBa8FDA==
4Guo23Nt1Te3BNm5u1wW5q5tHrs+ubf4
VObeZQRPOCNuxpbclcG4Jg==
gsvZ4lSJMPxS7aUwXZ8yXA==
xRVtx54gVUc=
tWYVfNMwu5DA3fKhFXRBIA==
gxcqAGlGCYbQEwyGOTkfig==
0sZLx3TMJzY=
uIoGetqpTC/IaA/LY8O+2Q==
xbxy+IuSu/A=
2esN94jGJreTU0gL+yBNzg==
L1CTJ9imBSE=
32epQ1HllzA=
xRSok6TV2eYNuI/JJAfN3A==
xRSok6TV2ebJ5f51pt7GAQ==
t+NagIuVuKw=
wbQaNybX/5NzKUYsQTAPOA==
ec3sU5aCbhldaD3ljcI1RQ==
mW+KF72r5lo=
kliQV/dNqNk+7521XMxjmA==
aWemhhmKlrPDqClQumhHxQ==
aWemhhmKlrO1P2OTJL+Ec6Kiz+vykV4L
bbnqtuAWAK0=
91Wr0AUfNm8=
OX4xjOFtdZkNKbEIFllAYw==
t7FtQ2ywyys=
2zf5V54WX0Q=
WLtd+8MnDvM=
AlYoZPrUT30=
Zf/3vi+GZ5c=
kcNMVJ2CDMIj+FPxYm9thA==
MbL/CfM42vS0b8D3ZyqwrA==
MbL/CfM42vTQQWeKBppH7g==
Ud/BEbQdrG3tHZVfeiXvHw==
28/0+71gK1Y=
6z7mxNri3nDe0/bfd6UyVA==
uGtBTcgm9UY=
RxCd1UT2Mf2/6mpT3AiFcA==
7XP93mCz5ooRg4dBDSbCfg==
FTTIRnsdKic=
H0Vuq5a+UOQygRJ2zJvIbw==
Hya5M/QzCNI=
4vVY1eYWbjU=
0U+2uJGyMXR9/oGDCzDSAg==
BAYBlAQGzHmmqlBAUJPnpA==
WBHdxb2sem0=
bR/vHoH1wY1fUwnGPGm4DQ==
bR/vHoH1wY2PKQiyTRWhRw==
YEpNpNRWXpOzkrLeCKWcmw==
97LrBBm1mrHIq1C6SdqJhA==
pf6xvN9zd101x0CJoCO3hg==
SmqVCkFFHKNJHdjlNlEXNQ==
WLkTRh+FbCpW03K0IJwiHhwjqfYGT+Ef
30eMo4UANDsZH0vEN1YC+A+d07N0tLWp
h3mvkVUFd4U=
2YCb7Bmpc/ubawGJATlb5g==
2YCb7Bmpc/ubawGJATlb5g==
2YCb7Bmpc/syUkcOD1Tvmg==
Vw0iFqJTApRnDe6Vb2cHKg==
gezv8K2Mb7Qu0qhIBLxCrQ==
s5oqdQ6TBRs=
dvCTWznVr6wLsbKhiKejUQ==
hfUSAMLkKYUJkf1UwceGoQ==
GmZkEaakk5+Vpnnt+shWVA==
Mv15YShuT8Ljm9RiZTLhlQ==
x1PqDAWOO64=
yAbAwq/KI9xjGMIvqt5fcQ==
+XCKFC6M/1WGQMDrP+rAkA==
jeSwmiD29HPpj1O13AJoRw==
bw6hOEEvxUY=
xyYDV2tnwBwbSuViqsZYMA==
wwTQcLTEtpE=
rc/3P0Jx7/Q=
wSVMyEctjQk=
CIoG3HIMhmw=
otkY5vEeCYjvrESdpCekTA==
DvjjF0ef32k=
N4T8MKl3nrIX29phiQjIOw==
+GO1IM2HTwKhCQTd0CwYGQ==
7ce2SQLH7po=
tC6UefoQS190JtRR2BE+6g==
PRrWeIRwANBSiigRpMXIGg==
ClOnHHmc30I8g50bPlp2LQ==
fAh4EcO74UOd6PNy60jAiQ==
cQFIATjYu8B0DNufEPo9Sw==
331B+uS5aHJ3Kvn0DByx3w==
g1BJpbKYpoM=
Z2Ye46dNGv0=
Y+os9xAd970w6LPK0qs0Uw==
TbNaeVrGoEs=
rjYhIj89h9Q=
4cYf2ntYSSlxsRIn64Y/TA==
ES4bi0NwSw351TBCdtBHLQ==
qp9di3reLtI/2YaazMgPuA==
PXryRYp/+QUr39DTxFk6Vw==
iUOd1Vx/Bsx6c/fNDBjnMA==
Fl2EuJ52g3y2/m20CLElTQ==
ZEyatXPQMXE=
gVvGzv1mapsKrlij0wyDJA==
lQeyVrP6SOM=
KzPQ5chkPDh6bvdJrxv1YA==
Tp8yVBdVnUcRhlYvPt0hLQ==
CLYdLnldGfXLinXJVY6FVQ==
6z2g36in5ug=
It97Jte4Wz6SkjtDyS2WEA==
KYnih3UylFo=
vqfZ/euy5fI=
Tc8UU3heeSg=
HyYnt4QNDCf7AT+cEt05vQ==
gSSX2bKJV+Y=
Vp383wU9T6uRn82ph9cqfQ==
Q1K11n3+dvU=
66bzwfSNN/5T2PGtmJ9SMA==
adcdNfUD2siXNRjuD3mV3w==
S8V8ZgevARQ=
2bOqTmVHcmw=
4YfNYgqPUlg=
kaBbpcmmEHodeB2pUmRwEA==
CKigp+fTdRc=
CMrDPKbXF+A=
XaZ2zF1ykEI=
HkQ9rVd+ZfaJ5Vn5p2VBsw==
E79F8rKMIOUAZ0EgkepEeQ==
AbOJUrC0Hvw=
Hnq5hFn2THf61b6f8BXsiA==
QaS5dfDXvcRaHWrOUqhbfQ==
lsa3qk9BvteJSiY5iQ4JHg==
MGtc6K09FoYV/+zATrzgtQ==
OgnrAASbgcM=
b6ZbBo8Ai2RM+xi0QsZpKw==
FwTsLrLB4pc=
kxU5iQxwONE=
aut04sP+F5hJficE8DO3yw==
094bEnk+VGmPm8Yq8ndlqg==
YifL0zllKKWK571aSAHXlQ==
2yaXpqB/xGE=
ltgeS30SfyYgt2OJ4B0BwA==
2AoG2Cjxu8MIisGP4XAsGA==
2AoG2Cjxu8MIisGP4XAsGA==
2AoG2Cjxu8OCE9d38qrJnQ==
0axTgLKz0OYevJrb9bWiKw==
xiTmOPUK4L+tbyHkl6GH+Q==
UZJJ0q2BEXZQxfqBOzcoOg==
/gyF86tgACMHFrwtXbz5RA==
LAp8gm00Q3k=
DRIH4UnDaGJhaZM6is9pfA==
DRIH4UnDaGJHVPLQfEvltQ==
RjFCIHvlQ3I=
nJz0FY/fZbQ=
06llqsfYDde9FfA/itH6RQ==
Rgi81Wp1cF0=
lYELRIvmmwRTWZngVmJdlw==
C6qYv88tg9o=
7wn1THnm2JvBLQZcXzh6ww==
acQmpQlrK2I=
6dlYvON+aPk=
mgwQOuJFr4WOIULuR4WhIA==
02oC8yIUOOWCZTcuovFfPmD3oDIQOCMQ
t9MymYjPGvNqQKXM0may8g==
Pc4Er2vKa55FWFZxmiCBJw==
7itzzz3uVNM=
cnvNczBC8QbaUFUffkNtRw==
wab20Qg7coY=
ngCrYCSUaz3979jR9AHOuQ==
d/IPCdh9bt7E691CyVolnQ==
dffwzqKsfpE=
y9Ok5D4co3I=
Rp4KaIBMlopsHFJnie6sgA==
VqgLlKq7qZ5supxTMiObJw==
ucmFBapSx4k7DXcYjpRIyg==
oGUlThtCB1w=
VorIh9F+2U7vsemfQ4VmDA==
z8sVIE3OZJU=
z8sVIE3OZJU=
P9pjCCCLqf8Gr6sgNuznmg==
R6cn8EtUbGFIgEM1bSA+dQ==
MFvjdO5Dcmn21a8TSQmk2A==
p4f0g1iVEaolqH2HSkLhwg==
NAhNnTeUTnsWpTQl3KKECA==
BkKQ6UR4MThQPWRkq7L3Rw==
ZsOhlx0EOFc=
fdZbojpkvks=
ilzAvVaU6uQ4YMBWuPIS3A==
ilzAvVaU6uTNtxuHtFLzTQ==
9wu4BR72yImssunSOEYh4A==
kIqiYh0N94W3iwhQcfdB5w==
ZzDY8/kqbjQ=
A9Zu1jV4EAQab7/ebRqPXg==
gYlszMIHZEY=
l8zOjZz0USY=
bhNGgCwW2eY=
oQW8TEKtjME=
DMkH5DRwU6Q=
brWSOSTkPPE=
wrHd0QMwNPY=
Vqv3WtKwiRE=
n9veBI1QKDU=
RPcVyGRzs88=
RPcVyGRzs88=
rVo5V3bh64bOUITpK/Hiow==
b3J+dI+La9pNqsSMwVjM0A==
Fp98mOaoJekKdNwClCbAEg==
YEFt4Gy9I3mTc7xnIOOlHw==
iZ+WKcxqWoA=
M7CI6BPkLvg=
Q31whQHolbwuCIimyI5zxQ==
JLAp+Ll4O7RRP6sFJQrqvw==
iKmiy3Gt8ji0X+wBwmDE8w==
bgUaKCf95og90DC+aTjfXQ==
EiS8CWeIiDJvnCacG8SyPQ==
W8/bBWh+DZvq1UT2X2caGw==
eUbzlAurc1E=
cZ5UTaMQ/tVWsRGaq8KjxDtrvO3wORjA
cZ5UTaMQ/tWDO3bgGVpj2KYl4xazSsMJ
cZ5UTaMQ/tXEOQCdYTKfWg==
JSniE5A0SwY=
r75x2u0LXSA=
8ShRItD8ibvA8XOff2DnMg==
Y7qFSMekt0I=
gXctiRM5P7TL1eQhvaaaEQ==
dMl7w+6eKl8=
qPC74Vz7aJFm2MePBnKabg==
qPC74Vz7aJGHqTn9sgXSJw==
fB4s4olDWqfk59Jhh5SvHw==
eZVYucDHN/TtC2BB4b3LgQ==
XYmgn29BiWI=
ML7BcrREUYQ=
yb79LRfBF7c=
v3PJseJIvzs=
InC0rjR0cL0=
nTuvhHT155Q=
E/nqFFi6r8M=
moFO8xP9RVJ16c8VxgeItw==
n5XkhCRWHCrlGvOeyx8lvg==
A00iwEQWf2M=
hHUmOW/1hx4=
sHTgUfGhWEk=
ie+5nSa3M40=
qE3TXa+QK4M=
qjyD2XNB1D0=
nO7FS2k501HNmeI9+BX5zA==
jNNKtbQqgd8=
KZtoGKEWKf0jlihdnSqIjg==
QqlPep00B7I=
UN9cGpMDmNM3/PJmg/R+uA==
0x14+AbNTU0VpysKvqelZA==
NDAR0jEIahvUGt9n/niCKw==
qqMNSzKBcOk=
15DtZ73I3x0=
/UYWsWffKA/J7qs3Fn4BnQ==
rEmYbtpda09MluCGTHpGBw==
U4w9n8zsGlyDhdLvEw0Y9A==
ys19tAekAfI=
bDEsuTCEUfA=
3hKOv2PPLpScntiJVRwskA==
y2SbfHU4WMh0ZRLyogOuCA==
tT4LUsIpBNM5C5WxUVMMGQ==
HF0cfQAL6e5RHR+dlGspcA==
6rcdo5LgPhU=
LuL0S/ZEYnh//baKo1IpGQ==
tKeMYGpVhx4=
zhzeSKnQ4oY=
3BSwaN17YHE=
GXoyW+Rwhtk=
MfVOOO4O91YaZFZKSF7qJQ==
M+RrTLnalnQ5S90b91zBew==
oUeckARfWjwxJzuPydt1MQ==
ZzRAgwLjsXoKScw9zp1fYA==
lEZ8/PKS5mVjm4u7MrGvhg==
xrQl8sJkpmI=
I6FS2fIKxx23HdHh0MhGWg==
MsfcTZ5w8bQ=
hc0rWJkIbo0=
6sI/+mZHYa0=
YvctamGe20cLRsI3fRh+7Q==
uCEFAatoeXVfBsryMuzzAA==
vloi13oZZ+fSvCzeB5HcbQ==
W/z6pIZYupU=
NDZPRWvOE0bCybwR4Mf7sw==
HTKgKQm5zDfz2gUV4PyDlA==
Rp1bnTrlxP0x8hiSgwg3uA==
t1dr/0fNfPNynq3E6dDEsQ==
+BIjPL0XXHXLTQEFOkXl4w==
FB4KTG1JFegf0QBLuUTiog==
8daT4VvI89Q=
60ljOt0DzuYzFp61tBbERg==
L1VGXcHOA70=
OAM2NH9ZWld8HYzANIs3xQ==
ngCFKmrS+ChzWmgX9Fk56g==
ZE6HCH0XAr4=
n/sVeOg6Mr0=
9ZC9N64aUEs=
W4OzvifZ0xQ=
wG2WHi7DLLo=
dTgTBY5aMLw=
NWKjmB7BC6oiIEaj/PCaPQ==
/MdyDWGj6vw=
WTgcixaRInA=
c44eXluFuMN8OIMGK1Cpbw==
+46Mb6GP4RI=
zHKTU4EkKh4=
J7e+A+ESf2c=
9hM2Ftg1bGo=
UCMBJaNZfZo=
vzXXiGIbifY=
N09w1rCVvZs=
cCHupS+k5FY=
tfl/nSRcKnQ=
i1ThvvuBOBk=
lY5XnMmxzgo=
uNN4wD5YsxY=
krnb7w4wRKk=
whO4eoIzq8o=
k4HcVogFDnU=
rP2KHjblS8eZzmKlI8io0g==
FVGKaueQF/Y=
K4aPhYFbQm8=
Krcsk4nmvrc=
dkbhsRt/hGY=
Et7mmbrXABE=
LJV+wC9lD70G195fMF0mxQ==
KWqUr0HUwfU=
/MHclwTGAJ0=
SMEmc4W0kGuaDNp/NzPIAA==
ppDSHzW020dJvjlIYQOUKA==
4mFW0ZhYP6de9ePjIxXDKg==
x7fZ0p26vuzD3xmbKmAP/A==
0ztwtyYIS43NTByok/ylGA==
Fzs6b55mZr8=
2sj/vTUlWQx/CgLUYLToWg==
vRaSKyexi48OZ5la9PkD8Q==
GulNGLvMy14BMF/kES7e5g==
kO24PqSNEJ3jMB5YCFtPfZHjWeplK1B7
ePsqJMgpad2AlRMg1Mk8KQ==
1EKxOVg8lH2AWsWpvkHSpQ==
mvWIWET9RKvtp0GdczEWsw==
xoe0kBpfuZzCSQGZn7CtzQ==
h855SDpLWr4=
HEajTW/vJn4=
X7ZqUrnJXgk8uz/XAboBGA==
P5GYy+QbL9A=
OhCiDVrH1JY=
sf12L3048Jo=
inlmFAmcHeY=
mxEKY4juWNc=
g2pfoEhAxRoh+C/Oa/RtqQ==
pyJ0M5AYMUw=
5aKxAP9ITmw=
bordQ/LysZ8=
pynOUXbkLNpra+ZkrL1cfQ==
L5hYSaFcokk=
rJJAQbo43o4=
upOE/hmKXNk=
SL1KmYza62M=
GHFNSsq9Ql0=
lZop/Twy6edHHk2pCoAQLw==
MWSVW1Z1w0+9I971gfcIfw==
dKxVFw/aD2s=
wqG2MFIw7tZqoMXG236Weg==
EMVjx8gJTSq/8/1GQXYhSA==
EMVjx8gJTSpTus6cUIyQDA==
hZJF5OI0lH9KOK+2lRyDFw==
PZtGRv8yzWjEvig5eyXa1A==
Fn9MrseJa7o=
ePsqJMgpad2AlRMg1Mk8KQ==
F/dRDx5VWLdkyWHIN3Icyg==
xBxk7f8ZWFU=
OxgYpVOCXd/m95OdnwD2Cw==
zopk6UwZM0qiR+kpp9RuJw==
rN9MMx9vGOxuQO0ggEUqJg==
hSMLlLUmLBo9And8fka+ag==
LtbQ/4Yzh3l0h1ZHpSaGJg==
qZtMg1be6vk0IiFNc0Gk3w==
fxk7DuVbzdg=
SmMZ96Ojnj8=
9fc7EuK/17zTjLpazRd0gw==
rCCiD3uTSug=
SAEXi34OH64=
SjH/U4Cjk/eVfSEnYpZu2Q==
Eps8XQd0nR4=
K/jlpNDWppU=
zvHJA7soMgj647l2Og3vDQ==
/WXQ3QNABds=
8iQwqv4fbHrhmxGtQs9InA==
f3DyR9GMPW0=
ojyObiZptLRi8no7u5VVxA==
D7YZSvlZNfTCqCA/aL+ECg==
1LMaI1InZCw=
v3fG0RoXHr8=
qrlAzDZpMMJGQJWOQq3DQg==
P/0fn2LUXw6j7LrQgPcKmg==
pxtWeXy/qw4bGfwuMmf2gg==
DMDdzhFSGF0=
bGrpI8O+2bWeRfcq+Msc8A==
R2CiF8Ea2+i/2OM8wL/E0Q==
/8BwgP2cyHs=
5jIf2AdUhzk=
lY6inKlJdZPRrolUFzhAMw==
wg+SuMiZCj5VDDOi8ZgGlw==
wg+SuMiZCj5VDDOi8ZgGlw==
0eb3vqZuOwo=
UFRu9JFXY5g=
TsYeTCJuVUs=
YkzUj2RlwKQ=
voiHkmLNR6U=
xE+Tsi4cBG8=
ea9vOqiqO7k=
uyyY54MYcsPwYhkArNhltg==
uyyY54MYcsORgrK/xEG8PA==
0BBwwqTI7/I=
ncx/Hk83sK9KNFyfwSpobg==
nr9PBd0neyA=
86mLmOSQ6jjI40Uqbv/+4Q==
m+wTSctYgIk=
799f4OK4ZffF79nyIOglPg==
pQeLjlea0BwVlgnLQdm4sw==
7T8eJ0MlI0MfMEh15dY/Mw==
UDe/A48aD8Y=
Wt6WN47ecqI=
vkoqWhVJl4A=
9d3cXOBVYa2zslVYMvupoQ==
+dFOFAJ0PDReRJTsHkNkDA==
PHsWfQZGqD7DgaRnDIDbTw==
xFc4gZ0Zvl00jiV28YcqGw==
ryMWnb0AAPU0pafIo0kL1g==
XRvUdZTBS25ZnVRoqr6PYQ==
XRvUdZTBS27mp9QatDrWKQ==
Wn0dESgSdqMcDME811uKJg==
2w8vhmE39LrtHptAsqeRug==
PxOTWAgr99w=
nXtF9p5Ow5g=
Lo8si2DsF6A=
+fCmy1G+k8B1UoUR9+AB6Q==
KiUzeJyY1M60u3nIXL+zTA==
ntUIOZ4tVqT4cZdwDhWTXA==
Ueo2oa+bYgM=
yBD0kLyM2MJsotHveZb8pQ==
s8ZNHOburt4=
3oyaQ79ODz4=
m/pESJC5P/w=
9y1yEwg91QBdOCFUa/Vj+g==
z3qOft2s8WgFApghxE/CJA==
QQpyX/E6jZ2Bh/mb/5GYNw==
7MTB7EAys6g=
9LyWWjn+ClayAQBWZvcJ6g==
pv2jtbdisMA=
n3RhWrBpU3uogxixTEonew==
RJHh84nHtVUuw5ocjyIMeQ==
3L5SDweWUpF3Wufj9IIFSQ==
2uE8wvgxHZM=
n66RDh0Gugk=
fOGvvQyTQBsrFJY/mU6t3g==
KHo1uOyHJYNmgiqDF4UQDA==
xgA9cGKYc5zMK3jcXoQIUQ==
mh0rn18gJMZudA7zDj2NhQ==
lYqptLwRL3Y=
/i7ask3CRIE=
q44uvjozsjA/i7xCWVoJ3w==
ISwdnJEVyljJQ0skTxTQYg==
cOG1dWJk7IWjYId+ZKNGtQ==
nL6vHHpV4R0HuI6zz+8fVw==
CIJalQ0FauxfP3SmJxTM5Q==
MJZ8qxOqPXE4CKoxVW3zxQ==
+WgPCpO6b9dni9Ood/r2LQ==
tznoaxG2Gfw81FpA9rT1iw==
SlDIvUJzBnM2/P1GPK+Z7w==
J8yiKM9ZHMTXAl/oPGpSFg==
Xd4oHX1c8arhtYv3vFYZvQ==
TJDNLFioLos=
/k9scMHN5lSm8fpyq77nAw==
YiCPPmtMyXj5t/lrJB5QBQ==
YiCPPmtMyXh7iOFDgiSAbw==
YiCPPmtMyXidc/tBX/gT5g==
rwNN0t6YqPv9JmXM6veSfg==
faCqqjHoOFo=
dVPTioKr9ayDlEtJHsvy+A==
dVPTioKr9ayDlEtJHsvy+A==
Ub4Yyliz56pfMzkT08+pkQ==
5hkZBdMXJRA=
jpg5N86nm76prpoYvcr6vg==
rY8LIT5D9hk=
iy24M8Owb90=
Bje2sex4Ni2oGSSKFb8t2g==
2Zy4uiU9zflXtLv07KU2Ng==
SHdmDLksjdULpFMCCR61Jw==
rUvvQivGP9eLq4X1GYr6YA==
Z1KDgabv78NlxGbZOMLTng==
Z1KDgabv78MrD29kGLUlBg==
uu5PuhNxCio1hyOs9LzhDA==
i62XONgu5WM=
L9Bk2tIXiNw=
AwaX80m+B4NZVszzQrcjBA==
OXwEIZYV17Ga4GWVmYMlug==
Kdfqmem1wus68fj8OB9GEQ==
sKD4bRn7YI5iV5Nl3ARykw==
5K7rdxawHRyIhS0GPLR2Cg==
jj+xzfo5/JI=
jj+xzfo5/JI=
7oQsEMZg9VtbjKG6Twj1uA==
9HVvcBpGqx8=
rKf79nsep8s=
ezAU4DFUBkE=
/lWD2zHvkMU=
w5jJmwNanGM=
R2QRkxBUdS9TOQUcEv9dnA==
4ootN0Kao3Q=
SFjQ42x299s=
twqKdKp6YfuNgV5WMaOgyQ==
FdC9SD8l0jo=
DiID60s8Yp4c3aGGlaSHyA==
DiID60s8Yp4V72pQESzynQ==
QfBvf/J/Bw2IPqY7rrd46g==
xFW8UkV3oV/J7kBvbyCFgg==
k6QnBbHeB+QFlu88B7KNXw==
taJRJkx3exU9xiITJDGpTw==
jH+UPOOyiLbl+hh5HBIGuA==
4WWoed3LJJc=
Oan/8RGw7lW1lwS7Vdzozg==
Oan/8RGw7lW1lwS7Vdzozg==
2M+ceE4+6lU=
r4CWTouvbU+IOkckRFTL9Q==
qcCiwjTS8yY=
Ro9yNVrJOKU=
n155gq9hGXFygOqaKNZpzw==
FeztUS1KIiuLDsL5wggieg==
syqPMEJ3rTI=
FLo+PBNeXSU=
RCSiwvxLTTdlx3ajyqJSnQ==
U6wGmgIUHHYcHPeDVGUiMw==
r5JHF9hpWEILRDkQ8y80CA==
ko8stNPli+c=
7w+rnj6ke7pBzBu4JaNuyg==
Tsd/wQLj6Ss=
dSafnNy5rAU=
HkA/uVc+FRM=
PViNK0dg5vE=
z1mwCgufeSc=
PWPE3uRu3rs=
3jiDnVoe/DOsLTKxgSjg3g==
WDbWl8zYbdA=
sX7PIGD9Tw4EvqikAnzEPw==
msrQlMzg7ss=
Vd8ICiqh5SY=
amZevvzh1l8=
ji7RJ9zg4DbRL8DmTSZwpg==
v20CkTz4pv5i3fDO7Lec3g==
RzuZkLf6bNY=
FWv/b2zouy1yiv+m1Cy/hQ==
OU2XksJ32sk=
1+HG1VPGgoeG7sIHz5lnyA==
ElZDbDcxXn//aAXSOTxJ6Q==
FWSDgHTgOF7LP11VxVjDug==
50R9RCULQjE=
cGQaaM+OoSk=
KjPNHPl5d3A=
Tyu3/og6AJs=
ndvwyILjO5VKYFxfrwFvdw==
QUOaGRytBc2Gem/Jt4ecxA==
gwaAjiB1w36+Qw6OAQuVsQ==
gl/vODBuQ/c=
0wsCUXhzKXU=
Hysqbm2TKq5qNdbKJLMeIw==
qnaxW9qMrHzebz9fNfkSCw==
mfw0oI8pN0KTZQJHYB7I4A==
rUB08YXOqm0=
p6hE7wl/i1UG5TSW4uNzTA==
p6hE7wl/i1UGIWjZAbSrVg==
41xaXMQFQzoXu/Q5SaT7wA==
X2RUGS/ZlaJtIWrLXmEh8Q==
KGbJeM+pzh9Ch/D+yujPEg==
Gj02G6ALBkM=
wys2lVKCU/3Q8fi1TYYQ9Q==
60JbB4m5mlk=
ZLP7i36sbP4=
T4cwV9HLlqf70K8P5Jjgdg==
tsYAnqtWZQsmitY674iEcg==
x56ro9QCtDWEDdJFPxxVyA==
WJKb0dvafyk=
g7NNMNCz9YY=
AgNzOo9pi0qkFPOcTXSnqA==
AgNzOo9pi0pME360avSh6A==
AjCioVBjIiM=
8fwqNYLH3jd1MnxVtA0k2Q==
8fwqNYLH3jfXKwETRx8Dfw==
i7lz/ESG6W14PRHQtCUK+Q==
oKcECLr9qjZesvgzvobn9A==
5hQA74hqzHj7qepVXqzShw==
5hQA74hqzHi3qVlTB8Ci8qE7I6IuWLCx
90lFRErvaqkmIvV7O0NTFg==
R8VfytEKawJsJ0wZI/VYBA==
CMC9DNPVWNIm1GiWcxpYZg==
TsSyiUSQLIskOqqdZ43Dew==
3dlwmCnFmzA=
mhIuxyDhgcE=
mhIuxyDhgcE=
DZQnmgjWTOg=
1nXzdNhMjW4=
qIPFJPyW+3GgQAwt+v0gBQ==
+5wSsq1t/tI=
WhLaq14rFLLiZY+CbUZsNA==
pDuBbdvStd2wOgxz7Ipa3Q==
0loHAFQnpvQ=
hYKWYyu2DuChu2+ntLwzCg==
a4vRbkG6OF4=
l7IDypA9RFQqdKt4F44M8w==
FC0/u+8lTadOF2eQquuyBw==
ibzxQHR1VEhbe8iYJJALTA==
yLCZ2h76ZHA=
yLCZ2h76ZHA=
w7x8z3I/gZHJn0ojusTiKQ==
w7x8z3I/gZG9cfX2tW7Y5A==
4Ae2fe0Tas5r5dRtYlDcvg==
64x1/OnuPxI=
CCokj86ZRN0=
25Jvby1IZTivexNE79NL6w==
25Jvby1IZTj1K4XffT9Wqw==
ZLZAZdALeK8=
HdhZKdnC1nW89C5ga1wnHA==
F7YczX2m6sy36tpYPA/t7Q==
VcEm/THY6QM=
s3GVn3/gIl1J88HDIqJDZg==
FWQoUgM3gw4=
GCRjBxkOgYg=
xHjToczFmXM=
QKKbL8Ggf8eaes1mDd29Og==
NfSChzmdk7xb+PaKbenpmg==
QjdsegJE+2M=
TrZoTaq5njE=
bFPMp7zL/+0vy5BgjRw60w==
Z8074Eqwr7fbYKxlTqjxgA==
Vehoupeg5HYwMnlS/6pWiw==
mU790k+3V5nCkCitScww8A==
ADJQAa4+A5sP4F3kUOoy8Q==
ADJQAa4+A5tL0s4pEYf/nA==
e2YT3pjwOnkPWQDSJlH2qA==
q21LQ0gJhNxCJTK3YYclfg==
t+gx3Evdf+liiVv3PwS9Zg==
heKMygzq08lPAFi+J0+d3Q==
F5m0TjUUp0M=
zSrNCcGprJQ=
Hv12KgxPdB8=
9psJWzrFP8sBsmauIGkdxQ==
9psJWzrFP8sBsmauIGkdxQ==
ZiJMvinHQHMznIaLE35Bow==
+sbcGziBuH8=
ZEmMg7QdSvI=
bcENoAK7CIO9J7mreYIsGg==
+TG+aVOsf0a1ueiIg5k1pQ==
7grdfqnWILrQARlqLgDgcg==
aHkfBaj2nB8=
doLGUGMXEdhss8LWg42weA==
YTuTHO+CWyo=
IWthTBw84iM=
996IKvH8Iq1i21TZCSuIgw==
nTdnURqUtM1PPbRDVmMPjQ==
QUtRAUKgoVIX2rFaUrsyUQ==
91Nl5/fqkLIxtrSw3NdytQ==
WUStS7kZDMfD8lN7yCFGlA==
irrTja7aBdgwwbybIZWuHQ==
LPX6ow020Gu7oavkoKAE0A==
LPX6ow020GswWy1pXVatEw==
l/5vNImtswaHErwdiGtWOw==
l/5vNImtswaHErwdiGtWOw==
cIc86+/Y/SqQ3w2U0Hq3gA==
cIc86+/Y/SqQ3w2U0Hq3gA==
/+VYc8foUTJTYg4biFotAA==
l9rDiNM9Nhk=
aDwc0JGnNjN+qefuSX5DpA==
ml7kPCkatKY=
/P+aS67WQYMOaT/uQW/q/g==
mSZUMZ3765jw8jvaxydOhw==
kkrjufMpPIg=
AxVW1WGBpzg=
HRlkOl2w6SzYXtzNgLFhPg==
CastlIS39Zw=
lBDmnBeHj3xm8D0nJ4veaA==
w4MO0bm/AdSQqAdOujNLiw==
YTWZIxjxsB0=
oD2sTYvryLaR1JQ+8ZpyJQ==
0WLHilVGFEVn/oJX2uPTwg==
h+61Rn/P0gdbENht511aMg==
UqHWocTtp+zzsvYK4swdSQ==
9z+uDiYOsDlyTLsB1WTvHw==
CtIKQ9bQ3qw=
+l2/d7P4hcppVk8GK9xlbg==
EMbCCTM81FhkVPXoAnkJsQ==
yyk6zhs0lOS8YcYiB59OSw==
Qs/oXtZfhYqvNSybaZsXeURILj7egHrk
G8RFGbvxxEH/PY9nMds/5Q==
jutUionZu+NK/E2UP9vhRQ==
fFN2WcQgjRs=
Gek6fzv0VqmPMN8Q+isZTA==
ATtp0Jp1ZJBj7Y1M9bS7qQ==
dQNaAnfu95bsv3roHOPEqw==
er5UdCVnIp/b6QmgeNGMSQ==
T5YicdjKhGButZUnbshixw==
itj4GIcwre8=
qujDu5tlkAAo8rvgv29dHw==
CztKuajLDcg=
IYtQWp95o/5FlluqdzFWIg==
F9IS5ZVDXa8=
ZVFy/CfOGdc=
2tkvzyrkSK8=
5Y+l/A7ZzjSevWp8V2xK1Q==
2k0b8X6f6xY0FWWDbCPohg==
SqiE7srC684=
iNdWC2EQkxZjnNUY046qNA==
xugaU7DyrZQ=
T6pE0pKFJV9E3BYWVP+tBg==
/pdJ6b1IWmw6gg9cHjnOwg==
AE9zYWy2ixpkZbXkUxqkrg==
k7U3A6IqlL5F9KDRCE1UDA==
k7U3A6IqlL7b1/2NIWEd+A==
WMirxmg34Jw=
/u/kBoIPdN7Cf/zUS9Q1QQ==
p7MYceYMN44+cmxSLxhfIg==
cKQ/QR06hVAuZWetKdF4FQ==
mFfD2rUUpQS8ALhsUPbqog==
mFfD2rUUpQSC1M5c9bL/kA==
R8nN33poCjEdU8mclkswtw==
au80PTS2WWGWVmdp8SOeOw==
X3Fgwma8y8w=
fTYs5qXDuKw=
i2Dv7RihcOs=
YXR8jl4mGzI=
YXR8jl4mGzI=
YXR8jl4mGzI=
n+7lHODp2cY=
n+7lHODp2cY=
rk6Vaw216Q4=
G5U6+ycxp1k=
G5U6+ycxp1k=
7k43EjiFZjUJMND9a/6E5w==
7k43EjiFZjUJMND9a/6E5w==
XwLBciA3MOXs/BzZCb5irg==
XwLBciA3MOXs/BzZCb5irg==
KdUJ6oMyL+s=
lP74tAV+RGM=
29FYtzBXhW0=
H0RE50T0ePPDZ3gUmSeJDg==
qPf684QFeFoel4IsyNUh+Q==
jLDZozw2FmCzanql2CsRuQ==
7onKwlpboOQG8HgI3OGNNQ==
7onKwlpboOQsZj0Qqflmcg==
BAffOU8fr9L/cnFUVxFVkQ==
mG2O0zD1ivMektFA+qX9hw==
pw0FCkuLkO5eX/BDQKNLqA==
JsKS9Rs9ts9PCjwHhCkN3Q==
6osFJIYfZa3PxKbPsvGQyA==
imThRS5qbfo=
O9SRViRfNhk=
MHFML3fAjJKdhfCwyV7a+Q==
JcEaLou1wfPLFIViJlSOzQ==
3SublIIUavWF6wD1P1ZzRg==
zsHwmyX3QjqM+I3GM2hHxg==
7ihFFM8Wqvk=
PylkMOEQwj8=
OJeDFRLwWSQ=
4kLZFN8R9Njs77TWyBTKjw==
4kLZFN8R9NhB/Tkdqrdwew==
EIMQgKf8A6kR3MzOAD15JA==
dQsowoTL+kgMnYtG8kLYXg==
QgMQ1ICR4XTzGt6FDT1xLA==
aaZ2ugoZSKjcblRmyGjyzw==
bF0HNWZwR0w=
V1Rmor2KNbRlh040aohZ4A==
h/vjQIsWtEkqTPLto+X3VQ==
4kdfzNNwFxh+n1h+9X6Oaw==
tBIu81RvHH9sRbvzCu676g==
4H4m/08XMp5yFNaMWjesmg==
Xv4919c/GZqWtejFewMohA==
74hRLj+jFPGb7S1/ShhgUw==
3PWBucxZaJNdJvq4Ae5Tzg==
3PaWvAX6B7Y=
qmfDHEJwQbo=
bpe8D/cNtMWAfxEqFTHVUw==
2v7s02N9kkeKLPd0wd7g2w==
LUEFGDNmpKk=
0P8YDF9oNXeVLZRV8bscGA==
hfpjDwgLHJ4=
DYD0nvYa3EA=
i6r7eFoc+qG9HW1uc98oVA==
jR8HsJ20pwU=
6g/XFFokQJvkP8GuIHzp4A==
zq4bC/OfUlo=
5V1b0kI9gw8=
0wqyM3GRu+HJQNYLu4JGZg==
mWFIkMv5SlmInk1y/F45kA==
mHp74e1Ygp92K33XbpipJA==
QvJbOb7jVzU=
nLyVm5CVRJViVvn0ijYwZQ==
frnhAm8y8UU=
EkK9s5G0xonsujxpfBaelA==
vkIqEc2rdxew1gj0hJErdQ==
J+aU/lcTQUc/5EKThtUAeIQyi54xezFY
TssM/ghlQEk=
UNN3Sh8Nqu1xqNI0u901qw==
yrgytg01jVJO8dnr/X6x8A==
TqlBneL6z4g=
Ityyq7u1vn4AAQK+y4oOEA==
20uHvf/pvtI=
XMLrylQ39dUnbkoqYCcfUw==
3EvqcoJX0p9j6IFBANnvOg==
dLhGKGQV+IFz5UySrkkQGQ==
W/ZlJpJRAkk=
mB9ReF49rYHC7EU9hzBnLg==
ZtmT9vSdk+I=
yLG8EwQWUg/gLJzFE45/AQ==
BmZxvh0BBwGXXiaxfZRx2w==
C33aMKCLiKQ=
gJ7r4rC7RCXR1a2fZIfUxCJqxBzyz0+Y
HJwR+JMFbgznn73z9fAyTg==
xoUH2MdyOgkvuxv4IoaRfg==
SNzFRYjm9cOsNxSXWxxhhw==
b4hrRlDoImC6afDj8vANNQ==
b4hrRlDoImB6jGlKGxDEKQ==
GYAR5vAbcCLGYrJxEHjZ7Q==
g21zmco2KET5i40MsnnadQ==
zmGy3F4LxNv9GFjWem1xDQ==
/rpXeK57UOpkMQiAONozBA==
bL6aJ+wL388=
3hi+hGqqpUk=
ckymhlneEW2zi1v3LxYpMw==
/xP5xFOffc4=
MWpLXGq+RJA=
qGk3EY52v4Q=
ahlsBMm7tPlAUBNppJtf5Q==
SiyhLAstRyk=
v+YDmNSDIFZnUImC6nnjvQ==
Gp1AH0XzvoNspZdH/K4NZQ==
w2gyNDW9nOs6pqVaPDZqdw==
P9HOUeRhMdxBfJd3Olt/8A==
rLFDAOFxTtDUFZhn5wDOiQ==
rLFDAOFxTtA3aEO8L//yng==
Z0heQBlCPgf04tUlh5M7hg==
D99bheGLC2AFOcaN0ILmGw==
LgeyJhcSZYg=
Dvc1QM/X3E4=
h+P4i9+mq7c=
bJfwqFqadJ8=
3+KuNGmhtM4YRVeeoMDZ8g==
nI6ZZyDXVtH/XpDYudg9kQ==
twbdKwAH5eM=
pZ7WFpzSWfI=
XEssX3aoOkI=
YmUfBcB64WQ=
Ej/k9bC6X9I=
RHKJN0hwICbswGY0gNXCrQ==
dae5MGsbKZI=
dae5MGsbKZI=
6uEoixj5CHM=
+tcdtXvXQYc=
TSzqeO/mwHbCtQq/uV+GgQ==
ajwNpglzVAvEmTkFSLOEVw==
PWGsTvX3CPXJJQaITu8SOQ==
I+ToqJUijPKSDxictRfgzQ==
o88zYGAaHGE=
4ptUDou8J80=
HZKgDIWPDBU=
BIDkJ+jpU8Y=
+XqZGlT3wyd3BNEGkbhArQ==
Ev8UHfZ5P4uNMISQsxczpg==
HLy8d2DjHDyUy/5OT+AvZg==
jC5BhvOIf5w=
6GSZ+eHUnJ/R6N1kQyRIEw==
BiUYLxPPZ+Dl6hRI5SuXmg==
W4bmTFwz0S46B4AtV48kRQ==
gqP3lJwEDk9NKUYa5BYFEw==
/qKtf/CBbMqJIVUkDOFI7w==
muC48fuXheo=
34S2np9FegE=
m006/KLyWnE=
KPwX3I/S2sLW2uKsbWJzvw==
WNUuLDppJo22XkRpcA5GXg==
WGRLT2Ev+IM=
65hIGT6VakNf63Bdd24F1A==
/m+E8lAyvinuM2eyzUYKMQ==
2Ptdxi40vNXYDtuxZFhAkg==
gyq5FFF1C2WO6+uVzL1Wfg==
2ZMLqR5oTy0=
MOYcr8OcAHM=
xMk2bMUVJf1rS5fGQiTOyQ==
NqucLFJ9IZdM89iJA/pwDQ==
Ndcjuy5QsZo=
6bER2O1nWeKqAKXgXoPWiw==
KFtPvvqrv0C5GpQWsCU3Lg==
L+1LzY7dGEt2RGe7QhJDYg==
L+1LzY7dGEs3rRBeRx9icTUlZbUMhJjJ
L+1LzY7dGEvyzv6O4AaOog==
L+1LzY7dGEvyzv6O4AaOog==
L+1LzY7dGEv5Db+yuNjOSw==
L+1LzY7dGEv5Db+yuNjOSw==
AzbqaPch3vIjneDojkQRaA==
n3YRarFM1Qqy92iQBodfEw==
n3YRarFM1Qr4GKo8RG2Dcg==
n3YRarFM1Qr5/XHZ+fFkOA==
PUcPTHh4ZqXubjJtuLPqqw==
pw6RhLU3PDQ=
PtVk33gAQ7c=
SetxVwDTtM0=
2M8Nv8pzqhotalOXe5rsHg==
ZUmge8upGR0qSsEqBt39jg==
w2KxGG0FBuY=
Q3RIS35FjnA=
x9haqC/2sxyyQ/WMbFm4zg==
gQepu3s4/YtkqmEYlw0CwA==
PAV9xloYRmIEQbZckE9LAQ==
fVeAXnHqf74=
J63y03XratI=
j7cPvERvTiI=
sNVAOOqSKy8=
c5nl2foZCsY4WN8emmJjlA==
1/TAjYeWBdaAl44bkdMLBQ==
XtQIKYALEnQ=
czzPIqVytUM=
h3gZFtZ3R8O9IGqEpimypw==
+BCLoSu6+4c=
eoi5DJU0kzg=
epa/Nk+lgYZjR6LmBFrmjA==
1Fm/CwK3PNo=
kSq1BHybexU=
kxpfVWV72cDgDf2XNkpkIA==
2+ZPoMtyzFA=
fWZz/ZwnGKyWfDCYhleLWA==
9A/ca8ejMo/R7t6T7RP7jw==
CgzR1mg4kVcSE7vaph559w==
8Buok0l86nZN2wN9jB5Ztw==
IklfuVQqLEG/fZoOckt/dg==
jxrmWK+inX7/VHQwv60ANw==
GPWkfrBlZ02nob9XqwVvQA==
VZGjcTDDy77vcB1rVVQRlQ==
/7IRq0J5HPHTdIl0U3UC6Q==
/7IRq0J5HPFm065TueZbFA==
K4v9+kEvpK4=
AP2N1d0Ao1Q=
GoDlwQxoaMc=
sdMdUwmgbQw=
+ZDFlj7AK1g=
T/nMSlqOF6w=
iqmIHtW6VMbIR68BbqyGvw==
VOm19bTycIZJvHq1rOoAgg==
gGYB5ngiQxXayAXdzA1K5g==
A3LD09X7IoaQnDc/SQIxOw==
er1JG2Q5ECXwuzKvUcCH3w==
DKe+gMzW9rxAh9orFq49PQ==
Bj2soQ1plb3ZU3sEPgVOlQ==
Iayu2njHSVTR/q+73ED79w==
wpJhzr/O783QZkUyJxbHog==
ciTZlfedI8M=
WVMzlwNi8EZGhrUzA3Ktew==
rsHbsfblvow=
MoB5f+pcZ434RbOexE09iQ==
+oESN6b7PgaGs9nZg/ZQbQ==
DnJ3cP2afCmvayj5OD+zew==
qMnJfhf3EospD3F85nL+8w==
T7Z0g4UqvLalD9sX0pjJIw==
Uic5Qk6LDrvSNs37OR/kkQ==
SwUBjfd28Q4=
m1AfjLjBfamvx0a1avliGw==
H/xsCO2mJGgtBCkG2fD+wQ==
pjl3x60kgG32bETLJiTzsg==
QwfG5B8X6SL3tNbO+CTZfUF95DM6dHMS
QwfG5B8X6SJUj3DbGPMuEw==
zEmrhUzbEe6F9Ky+E2/Nmg==
aXYwaI6wVPFl5Y0FPq272w==
J2coszIu0CyE1slS0zB9oQ==
d55/lEUYAtI=
lOKaNCWOjSuywc91NYgKiw==
FQF5a3w88jaT2LG1epcxgw==
46c83I+QQvY=
x2e6i3q13SANdAqDOdFg7+nFAJo82rqz
VucKUSRVKjeMDwlNIA9jyg==
aB6kSHPjE1U6U6Na8+fFoA==
s4ILsAenByY=
Zzjwg1k1PMc=
OQha1qhQQUMjl2hxf2AfEQ==
KKI6d4HlxX9c4swAgNPJvA==
bKpBAXIwKlyHcUqudrA8WQ==
PSS1WGqVYEM=
AZnSapEG05o=
tkenboIQUE4=
H2UB8Oy4LmigxH4sz9UtNw==
clFA9zvCR+k7joViVkXkHw==
fTcl+zMTDRc=
IMRDEYuek85v3dKAZ6qxOA==
mOPF3xzRkEyDIyt2nXEyAQ==
h1wtT0p6WmAnv38RJY/W1g==
y3NqaobVqpL416bWkuGO0w==
NnNoGtZCIZkgWTyjCMa/3Q==
OT+Jw66twQItg1LGahzt2g==
qBPf2EDOGJ9nPnnhVmiDnA==
K2O5Kn3/Fq+Xv3nFIbtQaQ==
ekAcq3vpmfTt7vCgb9oPUA==
bCGinXUNg0Hb4uh/VSApNw==
u/jV6UDe3jZ8PFWM52laSg==
u/jV6UDe3jZ8PFWM52laSg==
OiCmJ2+f3SanFSOQ5FW+9Q==
EZpsJpLJcfO7NLGLLEkZuA==
eeRBtl6hXTWpSywn5Dpc3w==
qp3zI03SiR5d6/I4wq3cIQ==
X6iT1y10nSZU6xgVonLoRg==
hMnnxs1MYS3iQHOFPWAzDw==
kcsXwmJya7A=
XbYqvm9PcaWLiGaVylrgmQ==
cqAu9RkTdl7DDeizoEazAA==
ZPVLCmfwuat+VNcjzcPddA==
Vup0EPzZpZOliKLiAliFnQ==
lAqNxUVSDnOkZ87R6+pWfA==
delWG4xPjT0=
3GmGMs6ADJVCgpXODhfqMQ==
rso9/sViW1A=
j6NJHRkg2Kw=
c6ZkCh+jI1s=
24ej0AP/HpuqQztMej4qrw==
ynZ9ltR/h+IEAlYlwNrpHA==
geCMMXO8EvyeExm2kGDeaQ==
geCMMXO8Evz3Gd8e4hjIEA==
ed/s3PZmuYQ4hPB6LzpZkw==
u7G0KWP6TQkjF0GptmBOZQ==
u7G0KWP6TQlGzcxrC0Ao6w==
VToxyaVtOUtQAac0Fz1lTw==
VToxyaVtOUuJ+2Oi2EHxtg==
YVIMgmApbXDfHENmP/t/kA==
WSREDqUqbNs=
ANOehRPpuHk=
gwDGdeozhPSkGlcoMtWYwA==
bJuloWmAc1EWD7xOOJ1lsA==
v4VN3zcQqOgiIHWEndJn2Q==
cbclUhZ0zExoinpGIXxSvA==
cbclUhZ0zExoinpGIXxSvA==
Eyx3FjYOuUcQqvld64zbyQ==
ApAecsndsMwRe28rGIrdbg==
Vd5XBs/j2nc=
ydhZoX4zTZJU/XS0ql+NFw==
cdcLLc2czUhaGZduhKKlqg==
OJgTyN/2XF2xzuWvRVbYPg==
pQN7ffggmPlUA3HGo87GiQ==
2M4FYNV7iNl/7OboRNuPcw==
2M4FYNV7iNmbJJQFegKC3g==
6ly20fiTvL6oSAubN9qibA==
F4o5XO95iC93bQoeK4+D6Q==
9iDYyQVuPqQ=
iku9FvgAotCtXWMi00j88A==
g9DELWUyRrI=
5tZl0SmoUXdLwnBDv0/zYQ==
OoL2mTNNpe43jT4y3GagmQ==
+4dvRyLyXUg=
BQzJZ5ID7eHFBHSXyHFHbQ==
CYhGM3ZdsD0=
vdzUCaKr37/xiMiG3c+Z7g==
1f/A6+YHI1c=
EUZo4I8DkL/cA0+HIXuF+A==
A0MQg/o77yA=
x5EZM2IngUdYpTD5lXc9Pg==
QyXEAKKfu3fygQPGnDidFQ==
3F4K5MFqGS0=
PqOHDlHGw/s=
/p5EkYDpiJJSDDG3IUB3MA==
Dmfst8mRhV0oafLdCBBgXw==
YXlktmle0a+MezW5XaIvEQ==
d+JaIGS171JSWRlR5x508g==
qg2lOrqmG2WQJLTIumD0sA==
9Fq6d+aibzs=
+G0q5h7RS1Ix9ENmsccuwQ==
t79e+YmIhRA=
BMuCpUWvrnE=
TkU93xZ2vX0=
o8RoLq5BnU4Sz8k2ru6TQg==
K9TeBD2YUkQ=
ciRxP3PTE7w=
7lyutLBfylq9zdiK518J6A==
hQWrc4s2VklKh31KVhl7ug==
z/WsadSNNg0=
rc/p4Uu431U=
rc/p4Uu431U=
1LPTFPXMomDjoxVDFCVE/g==
/3u2Ai/a4yhscv35MNatXg==
bmu137mfCug=
Pi6lFRXxK08=
v+h9dEqCwMVE8yUVQTX/wQ==
Z7v30xxhBgme/pldSBWXaw==
9TnpNXDxUek=
fnUgYLbJ8MOY1le842UQUA==
IlE1fbuNbGK+7/+8dajdbA==
Zf7nzolNols=
mUIfYoHY/cc9svKJTdb/8Q==
RSe3zn5/NKpyIC6NdaFVTRA47dXsPfPh
QAVHKgMO4kg=
ohKUTsQWwW4=
RBbWF0sRC+QbtBnf1ND6hw==
RJn1PyOPZac=
i9r3UV5PsmTIZT9EtNWkjg==
Uq/lDHcPX5mqdCCIL1LpOQ==
cBOSsUAeSMDSoB9dotrDvw==
gcb7Q8YeP4aLzeMirYuCyg==
YytMPQuEVI8=
T9agVNafYq0=
wabXkqZCZnE=
+qhhIFKWYX6wB7sJMnm9cg==
+qhhIFKWYX4jmUPPDoPa1w==
EzBcFW9q7z+bup41rlQnYw==
YjwR5A1PZsU=
wwdN5MXqZK2Ecai61G+6qg==
NBZZH1wzrf0=
gJjLxcCa34u130By3wgsrQ==
/msbxgVw9is=
hTKMKS+MydnW0UZxHoWoIQ==
6Kz3wHi10dslE87RyAt8Zg==
wFM0vnDxgfyFHbB4nrE3Xw==
CgsFn+/QICcl7TdEVYzbow==
CgsFn+/QICe3hNrbVbxIeA==
CgsFn+/QICe+h7F22tYkRA==
wi+/FYzmW5RzEXMwWPJIdg==
5S6A1BFcgV0=
6lkBzMkGock=
zWqOzO7S/Oc=
07MYokn+kUcvpAzavkZSYA==
ZfXeDe1outUZ2Qq/bSwZ2g==
ZfXeDe1outVMZGZB1SQRLw==
et7Fb089ZGQ=
Pa+Mw+5EKfo=
1IHGkndwhUg=
Ww599u7wKhE=
F2t+lIdoKd8=
D47FyHqy5SIstrtTmsXpSw==
D47FyHqy5SLFjkiPLQ71yg==
M6E+PmMwrp1eFge6ySn3OA==
beCS3XBBun8=
HHfX4GQ2v3mcdjJH/KyCSQ==
INmEWtWlSZPlHmLaA3Cc1Q==
oe3YVohr+fHWInODpzh+9g==
QacB/S0CkMI=
1ZX99zSe7V8=
TVXso+HHYfs=
7ggrHw3uP3Y=
lbC2q6GJG4Wgzs5WO1wXKg==
PW0kKSDIeWY=
Qu7RrQDpW3dDVFH6Ui+uHA==
D3V94ingQEKjKXHjrIhr+A==
yicKxdtxxTI=
73Lrj3jd1vyM93EBNELaXg==
Iqh4XNfWgNnd60Hys+mV0A==
Ese92prFk1Y=
9/5/TnJSgSs=
ITX6M6smp08=
rIKxtat1ddOAuoptJtpvxA==
c0Qp0MXJvVY=
0yIlTuT4JLo=
uoCp0N0vbRt7FBHI09JuEQ==
C+wb0VHIWHtcvKZXYxnRrw==
ECEsBm5FzgBzwgHqZbgGvA==
wRxyIRGi8dIqtNcnpU3b0Q==
CniknbJL44m5ueGPq4TP4A==
gHMBuvKbJTLOVk9Gh0nzEA==
dY68Py4X97g=
DzB2vNGgt24l+VbBKaj0GA==
bambBSAQGcivxTYLsesYMw==
1lMAd0FIzCtZsja1o7bWTA==
ESmTBZegMvg=
tKe8lX+Dtbh366y/uEz7Jg==
4gIoWq0qiLs=
ET96oybA+0oFg7FLpSSvWQ==
wYWJk26OMGU=
Dw10lvMjSkOV2U0vAaeQ/w==
lLh2HmmubOc70FCJmHeTnA==
DahBWnmci0P703YlP4PtBQ==
uO5Wh8bPJK7hTeAPXCHfXQ==
Titrpz53eOfgymdQ2Osn5w==
AE+5HOarwzA=
T+FBVUrH//k=
9jf3e4w3axI=
bDqhBXuMIB7b2ZprFNdN/g==
phmOiWNY3QD3r4WTMQqqaQ==
nUirddpjlXdEHbzuY+R0SA==
nUirddpjlXfn645ComqZQA==
W6Z4c75HERVzfZJdkEP8+Q==
Mi3g/yn4Ut5JKbfv9i9OsQ==
Kyj4Hrfm7b1RNjMbVyYjdg==
uChwzds7GWgvOQeoIHy02w==
o2sTsX/lcVFkTU0mdy6GAw==
o2sTsX/lcVHGanhIhvyZnw==
abJG9qnXA4FlHVS71eVWWQ==
8vTkDHvI1nM750SkwvGwNw==
y1JUBHmYxii1FyRBPQoTiw==
+4u7IZSgtstzLmGz0e1TdQ==
JwCAG5pyr84=
YBKxgs/lnVEV67tGQcJJjw==
YBKxgs/lnVEurA3SEEPN2A==
fUtC5Og/aIoiS1w17MVFnA==
HftcpZnCQlBmk6i5l9lFdA==
uy1XsjOuTSJG6NhC/AZVNw==
vSoz8tqAxM9xmVe+CX8jZQ==
Urn7aBLqQ4iKQDAsdr87LQ==
bwOJK+gixMPHKAXqKWa3fg==
V1D13LC/Eht18lUbWQ1MDA==
A+Y3kVPBUL0=
Sd7hg7ETvU8=
e8We5Z3TTIzCJk+7LZfuVw==
o5zNvCLh24U=
o5zNvCLh24U=
gI1oM67BOKKLYoM+0uB+lA==
PEEZliCcLDg=
89EptStJG1E=
N9/SNzJU1zg=
I39XIKpk3G6nsQfNwPWvWA==
xuh+iLl+W7I=
2ok34eaDljFPOycesRKRUA==
VgWj1a7chejt05jge+NsAw==
gDyzcdn8HoqT6+wOO9l35g==
WMsV+QBVjhc=
7KfcXjC8DprTHHu9E8jUDQ==
6VqnoSe8oUpkpsAEWOVVZA==
NtwMzPzIwfc=
9Gd5iKgfaHO6LCrQgRDkqA==
WW0JrC5/xt4=
WCPifkaZMWlshxEmkOB/sg==
M69rpOA7dc19wVSCn3+JEA==
/SRBjnS9T7HZC7+cLYwCBw==
gy1uZg+mOj9papR5FrFn+w==
J+qyuBVuCJ92qvSjibRygw==
OLoUvBnh6HU=
iNxMJJokzrs=
z9fWjPf+Kt0=
n/qkEQYwkgkg8i15wJbmRQ==
mEvYn//OAA0=
65esReKGyw4=
AfePKS3Zn/ENIYkbOuRg/g==
P8FFu68N/9s=
O8Rb6975XQY=
316mU2tzjiumoCSz4ZQ6nQ==
XsCsKforzKEnh58VOIfAYg==
1hwVVqgkJUDOte++N8ftNA==
0eRtGrDOHnIu7eTkC+WS3w==
0eRtGrDOHnIu7eTkC+WS3w==
fbrNcd+iMPQ=
ouErnjHB/3k=
BDZZDeAtkEM=
Vh5elmWQVNv84j6px4eK7w==
l05AMY6vtIbSpQAMs7lWOw==
l9ZHXFYgCnGS38shXoShkw==
OwmTI+WQUEDhTAId/0rfCw==
e5tTMJHMrrQCFGj+8zf6Gg==
+9vMjE5mN3w=
r4sT2AiJ/Q4=
Kdn5zQX9BLY=
Kbdh7fIcgAU=
XojMeEeI0/k=
pdeSjADFdcJHbndzHUtKuQ==
LiozAfM2Occ=
gC5rx8q7HP62USqF6XiwSg==
cwhzlFcz10m5wk2lxDlAxA==
cwhzlFcz10nFs9Jkt5WVcw==
WqxaiwFemg0Xv8sZX1u/ZA==
knXt3Uz8yfkRStI39sHJpA==
9J00ACzoiN3m+U3tkzx4pg==
zJWb6TrBHcpQN8S8YH7MMQ==
zJWb6TrBHcqEefLDeKxJpQ==
KAXzlPNfqNzDlAW8nuqAeuJnBVHBZFcv
r0NqlVFEgCvvGqHCzup1ag==
KfXx6tPKAhAseNYDXw5XxQ==
KfXx6tPKAhDaUpGSLn+RAQ==
KfXx6tPKAhD2eNOkmaSJqw==
FC0HHTclmOaa0R/uVxxIxw==
rthK6JTb/IY=
IotcRxVaD1DZOwbdhbeocA==
v5hwDGb2kEs=
7inP67fLGtV97j1Ts8oQQg==
hYL/Az37H3A=
1gpIt+8wvLFduz0G/gKcug==
1gpIt+8wvLFduz0G/gKcug==
1gpIt+8wvLFduz0G/gKcug==
XJDV/rfUeQM=
SIKmbiO/9Sj03i1/ya4vBA==
nccmQgvTMIuuDykxPocO3A==
TSh5RO4UuR7dKH6dLpEgtw==
F3LG4u6PtZ0=
ifkQgL4PhT0BcoOjhsfKQg==
S0qyrSFubOg=
1N+8HtDpqHisg1yDLDJiJg==
Beb23X1bCH5l1CjcaRz2Aw==
zERnJQHzvaxHcZQ4IrcnMQ==
RCSCvHdJHf/tg++IKGOzBFiACLTXxdrx
QoH8RVuiUkLMaepIxtGqgxe/99wD2en7
NQ3LJ5MzAnqbQWQaHiIrag==
NQ3LJ5MzAnoTiDqNNpsW2k4X4TmGUvKE
Rs9uotoSU/HQk5wUi12gbQ==
kuHr7v849iA=
Sw5kG3EMQFs=
cMAVE/B4uEarHtzQf3/sTg==
0dXtcagd1sM=
3sWY4z9VGeQ=
AybzQlHsGCM=
uJ4d49/XKt5fwIhQzz6a3A==
K5Zv8EvsZKby96tH3/2VKA==
K5Zv8EvsZKZwU+FeYB4o4Q==
rZclxEbsnmo=
kUG8wzrAhAQ=
L9uLFlWRhVQ=
L9uLFlWRhVQ=
ATCp23U8f8g=
YNMeoQyB0AU=
CFmOdDINwQg=
wKPWxoFaQe1XxJ4ewUOo0A==
wKPWxoFaQe1XxJ4ewUOo0A==
AXeHFixUN6J0e0Nbkr/jgQ==
RhSS0yiLZhOPi8xn9RZU/w==
5o7K5xv3iKVjZJMnAnvcgA==
av3vmY2D4nAF2dIAS0EC5Q==
hgF+NTtFTZK++AgiV9ASCw==
2QOmPnNo0uk=
HPqHCjh277NetJoeFLFp5w==
g+/MjHwhlBIgIwKWLv7SAg==
qQ3XJrOlLNA=
hMmwYJyYpKA=
qVGtfTPUbJs=
dmvVFH+eUoRkKPMNYzGsWQ==
noMYgCZCGgLZDQdBvELsVA==
Jgrjc9YGWka4vUkhzuCH6Q==
ywreXm+hVhJJRi//vcbC2Q==
ywreXm+hVhJWcl3TkmWOHQ==
j20+FDlYGNE=
xHFKcryvfkU=
Ahv+I/wdXtdcqYhi5XKQog==
ZreEvV3bAdXaD/oDCFnanw==
/CfILT4Hgl8=
aWfY+dIaGCU=
XuEw1o7dv5I=
9dvDF3PFkCr7TeJpL1veTQ==
3faAwzn2n8BZliaHp9LSdQ==
L3HKd5SmmaeV1CqSsbZLLw==
fF9V+4OF7nQ=
3kjAjIXSnMw=
S8ZNfgcbmII=
S/e9czpceE8bJbaxMzrrQA==
Z5TIUx8EKxX0wZqfZCUvUQ==
m+FfoLG4fUjO+5uYMpAAzg==
d25Xn4xocCM8eRHFvN/Wdw==
HzUG75+lKCVReIN6ZUJ37w==
/WejqoCUzts=
rcByaw/fryw=
zaA4uAuSjAR+lgTyaZbRiw==
/5u3k5PnsS4=
FQAUeb9RNWmOhrHMdsLCuQ==
hQSVClH1+OY=
TRSRTmOmdcXBtsgIpwRVoA==
gnP4SGB2ZUyyPPdNSb3Mmg==
KDdmId4GzEZZSDLZR1r8Kw==
oIFCCI6OcoM=
NsRCBafzyzc=
KTibSHN69Qg=
ll38E4F64gs=
g4yzSDibUsk=
gIOrInCs77hu+bfwB8tM7Q==
+rCPDDR3lnZ+5Y9cph9LGQ==
cxGXYly25cZQatSMPXMXaQ==
cxGXYly25cZ/idRtFiTM4w==
iWiZnhjH0zo=
aQIXIqZoaUArDkm43Y/TLQ==
fN9ta/TUZPI=
Qz25c12ABR4=
PajMcgvcXp7iHASGdjApJw==
aJzEeLid/Po=
v4y3N+OeI4QCSvklXgUtLA==
AsT3C9nR7CEqhopaXFWSzA==
YCF8XhJONTtGcHwiCse0yA==
NlsCUlT7R45/dwb3UeQvEA==
J40DITZfRoD+b91DW82b/w==
QKTd06WEduc=
vTqKm0s/cLwBp2p805gSfQ==
lp9p6rBLdm80HwGPLL7tTQ==
grytidO29SfYXSYtNtiaMA==
Yp0Wj8l6c4o=
F6ggH4N9KZk=
xjbjfLKFnGeueMLidRIeow==
oqgfICt8Zr8=
RXY09+90piI=
aVkGSOYLjgI=
8UK+Z6zTfov+v3IEnC+ZeQ==
/0oHMi6HFn0MSG7pWB2Ozw==
rOLjBvuB0/OxQFvDxP5RHA==
tm7jbw6R59M=
QFjjPfAvo0M=
L5hC7nwwNc4w7OjuJxfv0Q==
BB/NWaaPtGR1Twsw5hgEAg==
6mlRKnfCWh4Vy+Az2RpRew==
G6q4jp5kn/dSLQmdF1pLBg==
2Su6C8IJc2pJOwIDcetPRg==
oU7KQi+8fL0=
BlwJ5dpVTvTpw9mCCZav+A==
8zE1mN6JuioRpxwWOdf0Yg==
8zE1mN6Juircu9aBf2RXUw==
EuaU8O0IyE+tYomrUlb/Og==
ggd45Tin5LqQGeBFMzxfZg==
AUs0/BeJLW2E0OykH/RECA==
RaE33oBG5CjTgQxk53NGbA==
LXnJo+CZ+x4=
T5qD3EtTIm0GLh4FABKfiw==
10Q1svyc8+E=
GRDEKlcQjxEQIvhpqwcyzg==
qJyIMRM5UhyXZFiha3rxWg==
ZX8+1DS7uxb5zDNxPKsN8w==
ttILTPHKZ4HZpAbeKsPcwQ==
YNurr3fnMSG+9+Zy+sWjVA==
4qzrix2GD7mBySMWRw5P2g==
xvuU4p0/E84J/0tsD3AlCQ==
nGwq2T+PTrF4E4jM7A+sNw==
R9Bv0XAE2dqZJTHY0wE0pg==
ZMKlfB9gD4dsVG7tr7tD7g==
Y+zB1oQ2NJc=
VaTl30l7J6nALdr7q4TCBA==
VaTl30l7J6kEBH+xIHhxQg==
VaTl30l7J6n6KUog1ooRwA==
VaTl30l7J6n09IKHbEj4+w==
ioazxi+fAgiVM4eg5Ov6+w==
jy+6qn9flegKITnilX2tig==
I05dkhW8w0k=
zE5XRH/SyQU=
rNZiz3CE5yY=
LkN8gl+SN+LHq3y3OJdlLg==
m4YrHkOw9xval4uc2/VlEw==
HZ1+B6jxBB8=
fljwj4VQCJo=
xfsSKys9p3R8nlohkGgbQg==
Icuz/TLdpxDvjTs2V9hUzQ==
xGl1IGxC4YhZrNlo+7I1fQ==
RJJX11TpQlIqzjKc0u725w==
Bl6InuOKJy8jnT4vbAsLzw==
wkpTwFDVhcXwkkRFPRXETg==
UTz1U5qoDkBUf8dqqlP5oA==
Xm8q7JIOGTOTHBEDzFuy2g==
uu0JjLYXNTA=
qTpyPSdRb1YKm/WyuVQhlQ==
qTpyPSdRb1YKm/WyuVQhlQ==
/4cwiLNMZjw=
6PpkFMHVWpTOCFfNNsV1tw==
TkK2+iicavC6mxBuhPkk/A==
TkK2+iicavDCTKd9XQBHenkoOxaY7gv5
QsgT/rwL8JYdvQmYSq15lg==
Ni8Vt08IsEQ=
UENZFoy3ypM=
DOYvwvClYGUPiNCmWcPn9w==
lsZhg/C9NcyXBlKqRd+HaQ==
rBzDV19me3gOggTMkaLnWA==
iBgNod8Ao/FzlL3dyBCx1Q==
FC1rQCS+GDI=
FC1rQCS+GDI=
FC1rQCS+GDI=
FC1rQCS+GDI=
kyqo4h2H+UA=
idlPta4F+tk=
nP2TOg2OVqo=
zN/yUUy/zh741Mlza9ukIQ==
J+B6HrW3iiX9lAjnQLqDJw==
YUR4PdMlhLP281IZ3grRHw==
Y5vYhHDK4bA=
Y5vYhHDK4bA=
MgylYb19hlgKtllkno9WNQ==
lODwjKQoDXw=
PjOnK9UzbM+hUhOpn7GtqA==
kJGS5Z0cO9JP9lt1JuL4Tw==
d0k603GOGZi5ap7TdAsPjQ==
yJIMpkHEDOXWtPqzJvlKcA==
kmyrQhLEL70xZNrnwdTi5A==
kmyrQhLEL70xZNrnwdTi5A==
01gKiXP38Rg=
H/iXKnJlzcM=
uoBt43ACRDx36TXPBZZk3Q==
K4OZ1prvb2PoeS8PBwU3CA==
ZXbG7LbcT6Q=
sbLvZZCNGh0=
0OgyhC6mIuU=
IaJWpY20ps3zd+i8DXekIQ==
sAKmwXKK0SM=
5TeJ7JfVveJiMgTTw1tTVg==
aJVSdD07JAQ=
hnQcdB3xJbTc2gP+Dud9pA==
3igX49gbd2o=
Spq244o1oBw=
XKXfovVMkIxvA9KWvnnq7g==
cmx4Gstrp14=
dMPNhC0HmW4=
6hMEp/6TiulS7AkvHhXeMw==
JsSjA8i4TWMnT9dv0PUwkg==
S/8J4MQ7v03IsvJB5NYlAQ==
LI/ONu6Mnss=
lHvaGBnibp7i7K+TBZ5fMA==
D6Mv9L/Z4xDrL3CC9VTZCA==
/5tx9twi93g7SCXEZj46wg==
J/TunJu+jts=
ynU9mDV/Y/sDplmDrfwTew==
XJCOhhieYyM=
bBiuAK672TDAoyFgzFEJMA==
GysWv57VZgg=
+9xhJdnOJLo=
d1g6t84AZO4=
umE6A5c13VE=
NK/KSYhMjiKgwW7MNnTEXQ==
m1Mfjw/5gmo8pnLndauSxw==
oY0CWyEsoxJVFwFz/wltOA==
hQJ8kXWxRgSVJvuAwzgUqQ==
Nb8os1c9ClSM0aS/dfunAw==
Nb8os1c9ClSyJgVGMqGU0Q==
Nb8os1c9ClTwqSCs5waeew==
5A8Zss9GUbQ=
K0YCTfuvNmg=
xuf/+xppk/M=
gM1lJldTnXJPr1Imdnzctw==
xCnMAVCS21wrlqRpAAEwiQ==
Ni3gBZep74w=
mzWOS683Z/w=
P3bgllfF3I8bo/Vr+SOgeA==
in0aceszVej6KEMXUjalnA==
JWWAXXGSv/+xog26oCLx2Q==
TwMnESnj408psYyZLjgIug==
xRVtx54gVUc=
VnbCP6lqXlsWhqjgXTPrCw==
85UaGgUbQ/VWTa25Lc+mEw==
+wLs3RnKcpDRrk2ckgsGEA==
VF6BOo4kywDfNbuuAVezpA==
VF6BOo4kywD4UMywaMPH5g==
XFmRYMIKYIHauOtMIc/CqQ==
PaRIqDvFSKk=
V8ShaQEug4YhJJ54sYWpzg==
Y7FjF+D1FP0WAer5M9Eajw==
TCgOo+rPRHE=
+MwROW6b9TT/E5UFEGHUIQ==
EhIHEL/dOI8=
EjwETTcXAA3lynw/WWjlFA==
rZWjnX+mNi4=
gkFuh67D79brr+6Ybx+RPg==
xJgviatx6b/6dG1PYZWzsg==
z8kPEhmpZ9I=
zC4U1EuXiilekTZBoLT14Q==
eKGzoIoHBCA=
vwqxctHOr1A=
vknReatTRcmMXIR0YTytJw==
vknReatTRckunD/+AD3vcw==
4EwQziTI8+nMZ8FAhAplRw==
TzY0bBnEjrJDatdqTevwpQ==
ZVIKZfLNemHDhYzmPR2trw==
60XUcmZVnAdBgZ6/C63xWQ==
iafA2fQa1/Ok7CcrBWrsHg==
T0B6Iy+eOLdWP7MaeXWzZQ==
opSMmRfcKDPWhb2FuuybXQ==
+gEDKxKxlms=
2TQZscmE/8E/EbDDUfcBlw==
IrCWqWBZB+s=
du/vFjXoXdC4Mf1AQ/qMYg==
JyOrgXkGEATX+4WQOMUnMA==
nvTO/ZmB8og=
vNE7iQrHw1Bj8zMh1b1UiQ==
f/b5dY8db04tImAblPKxHw==
aF5RGf0HTXY=
UOBZjvHcgbI=
t+ZOfXzHYo1rvi+fWBN7pw==
N65S0cAHmzw=
H66uB8m6xKF6rkr1DIlnIA==
lTq3V/HnlU0=
l2LX/rIEGj8=
ke0Xym16Fz8G87cZpsWKdg==
5pyCkyUjoZY=
1m0KHBQSZGI=
kgCk9jQpZyBOOVpeX0blQQ==
dWq9At+m1ps=
4RSJFosqSdk=
spxcpQ+03aM=
s4g7IkLfiaI=
AuikBM+qF9c=
pJtAu2LCIL/dMgwiycs+Aw==
ujCbhEml2Wc=
jxre3EpYn8waXgnIcr7G3A==
z7RJkoaejT4=
dys0ub9xN5g=
DAXaEoVp+LA=
AHdy074B8IYR0IhcfeyYgA==
RgTTro8yXew=
GjMWVuUN2so=
IwLRCEYy6Iw=
Z6en9oObezk=
k8TVKuIFH0RBPwNWcUWhOw==
DvEUrrhyyPXGy43k/ChJMQ==
NSXJPtfmYUfyvOPizZe4Bj4046+I/HBl
iUOd1Vx/Bsxl6wxoaqymFA==
QbNCnYcgNLw=
0VuJgLcvukcQlOvIOYhI2g==
4l2fLT5wWWyT1hUsTi6v1g==
Z+Vzn5IprYg=
I0Un1Yyh7tuvbVkqWYqNiw==
A9Cb6NPGrqY=
tLcUKwN2Vf8=
3XXkcVf7MCUMz2evaLGzwA==
18joxri6bVk=
IEvYecLHzN57Xa+S8reYcg==
3crKtjM7qMg1BTNFMg8N5A==
Gk6KGh/z/LLPHgz0mVDC0w==
Lbk9mjA3rBFpUVFwn2jkxA==
Lbk9mjA3rBFpUVFwn2jkxA==
Lbk9mjA3rBGyj+fdSW2d9Q==
Z245i24FIKhfNxaCNkkB9A==
mW3DYofe3S8=
MARVOF82J+t9JF6/G2qrzA==
JAkSDRMahSWxdiINVzsQSw==
bnox7RV4jUk=
xHYGCfyoCLM=
p4B3Ir4hD2I=
J6C1htyD6o8=
mAAgTTLOMnk=
rT0DoBQO2mQ=
TiiDa8DzyP04CsAigWmvLQ==
BoWcSFAZ2x8=
ASTdFy694vA=
j9tLo0heqi8=
SujrDcTZQH4sGBRxlR+Btg==
sscCP/C3WO4=
l+rHdVO1qs4=
HU2+Kf3KAkw=
HU2+Kf3KAkw=
tI2/a1MTM9JKEBb4LDZLjQ==
97WXQRlS/Bc=
lmydQv/fTvw=
X3++ZWBXzd3n/wQO3Vjh8g==
cJOwW0rTIfo=
N4nXt8NK2hQr0jzpziPqKw==
7Tqtu9s264E=
Eu9lUivR56I2yOFIXksxWg==
Nu4Pa8dHhYVNSStJgFq5yw==
5b20XI24QUU=
Y6J1tk6de3MWDQhOKcFbiA==
3wn6ekNU43e3SiEmCteMpg==
8h2oIGk/KZc447nebKCoTg==
oVMfMpYDIeFMXPrj2oxFEw==
qxawCJUTvUHCTtD/BDj3Dg==
SO0/i4arGfc=
VTOutEfY1842CmPdWkED1w==
NnwLtB9qa+TDOF8iBO+wmA==
4dkmDE1fcxs=
wogLjIuTYhZIZstFynowlg==
vTXzOGa4jEvomegc3w5YaQ==
vTXzOGa4jEuKnqBZ5D5JrQ==
GzjxfvjJ8/IyPBavNPCWog==
GzjxfvjJ8/LPnB7Ajl7nNQ==
ChxPPVK8ftNltwRSIEZTQw==
OYCQYBBVn9Y=
EpjxZd1LFveD6aJl4PZ7xw==
NaUwG2Wqjo4=
cgU51Me/MM8=
2/YARLN4wek=
v2Ed+YXqF4QQZh/i0n9sZQ==
TOSr02/PTq+jLjYbYsRJ1A==
TOSr02/PTq9YjuHSAsrpEg==
2/8sUpLMMddIZwohI47xxw==
S060EbxyJDE=
dd6GPkH2bXY=
YQy1nTH/0otv+3wg2YKc/g==
AP8SEcF29lU=
m+l2PhY1gV4Ru2N4NVAb2A==
YeY22Rm7BPfDlzSpu+f2+Q==
YzXW+lnjqcB+3C5PtO6x5g==
5/sB8D9aawA=
+ZAF/MVGKZqXyq9hX19/GA==
YHzRBVVdLuk=
uUNf2gcbw7o=
RF1bB5ybF3SGtrrOpvmwxQ==
RF1bB5ybF3SGtrrOpvmwxQ==
pMzeEw+Lzx4=
dxr2twaUhik=
0fcTdUM4+BFDye3ZFyrP5A==
Mt0OVaixkYZLrsFOhWaiyA==
GcXxN9EwvuU=
nU9P/nVh74A=
EtN9cwV3VxO1VLps1wABQA==
Qr893Q35dio=
2AvY5FG202SmGSXC+J8FEg==
WYIlpolKGYc=
NGgxli6Kcavg38Gqbfd/dQ==
l4DQ89c43cI=
hToT9GnH48U=
ILyuGuPZTmVGd5yFD6+tDA==
6f06wKpnkEYBsWr3XaCrIA==
4xNkITT7wPihAw+zRyEVzg==
YR0YYZAndtdag4KpkiE8aw==
d/PczGiCQtI=
u8sgKEgmRf8=
FB4y+OgefFt+y7skdwFTQA==
2ozmyNHNIdrJrEimGFAUSw==
SqX/yd0QK1s=
go0V2MWWHgJUkf/Bd9G8Cg==
IMxVxSyu26YkFHyQ3MJZsg==
bsJC3XGoWjQJWvQO1m2plw==
2kMjXtvumLj/J6ZqjEIvpw==
9Vs75mHzzZONu/WK24AH4T5JvYxWUsp3
jlFKLixjmFIQQnpsAQZhLQ==
eUrtVdO67vo=
RqSh/mvfJ3zeUyRygeAlig==
z85fCq/Yuqny2hwLnFv8ig==
YJr11HS9W/qHw754SrpcmQ==
oGJd2fcjT8jWVOt05juVoA+CkcJOxhOU
c8QiMMgL6ODexkFmNZJyYw==
c8QiMMgL6OAYg6/ZMWRweA==
c8QiMMgL6OAYg6/ZMWRweA==
c8QiMMgL6OCN4tgNFlO3dw==
L3NnaPgRN21vO5ZSVfbrVA==
cRFsNLk5heEJNP7TX/Xd+Q==
HTpBR8QZwxWvsrjwijw7Bg==
SUTLuXhKJb3HdKr8SMi/vw==
SUTLuXhKJb3wC9GYSCU2ag==
SUTLuXhKJb3wC9GYSCU2ag==
19IPyK6Svyf/dZyiJm/aKg==
HOGR8lJM/a0=
vIjQIMQv1X8cC1cHmE8RHg==
U8aEu+IoJQLIIN+WjTEvtQ==
JynIILS4oJx7XGvPyrU8LQ==
NK6lvUCGIpS4kPGNuDPYVw==
Szg79NqIJlFj7JkqXXsu5g==
Szg79NqIJlFLNYa4OqIyTA==
Szg79NqIJlE53EiPFgyGnw==
9wAMuFhE/ANh80b06QoShqk6ktU/H1aPylTE/C2upps=
9wAMuFhE/ANh80b06QoShv7neMc4Qru1x0w6N5sOZTc=
eFMKRwOncX017BCcZqa+KA==
KHAkxXsY7JDEEC6/ZWBJ1w==
3xS9Ed3q/S6HdfOd+ND0lA==
qwVKRWVCb5srS1aQV68saw==
ns7aoZxfmjc/KTdJWYJ4zQ==
v/X3VnO3KLXZ1M3fJ2T+lQ==
gt4H2t6y8ac=
zPDnUl1BceE=
/EdZymM99ebJXT9LGzYufA==
YAt6IcZuMYPGF4yNcoof3Q==
0QsVbG1ZDQk=
lEFbGvp622kdXlV1ElbtiQ==
U4GeJzc80kepxdq7ghMJVw==
muPcPgUJ6kt2deJzh1aSdA==
iG13n9HX1mYpInvgI/KN4g==
vPryJoi8OIA=
uvJdPaGMXCBmWd8BkGm2WQ==
e5BRZjJrGMM=
x6ztWAccSgc=
je1F6lHEAsc=
9+XTTpdzCWC38CMnRuVC9Q==
9+XTTpdzCWC38CMnRuVC9Q==
HOioLrgfOXcSB07cye6qJw==
HOioLrgfOXcSB07cye6qJw==
HOioLrgfOXcjf9rTLNzJUQ==
eZD56iNXoKIuipMpwb/iwg==
vkzdnuomZjI=
uF9Vjz2FzrdtwdMVjvHSwg==
twb/2MztRXCYmtefXoPfxA==
GAN46AqWo/wj50bynpwVhfk8UHN6UtgQ
WSkBtEE8Hmo=
WSkBtEE8Hmo=
jIECuX7wFqz85tcfFOgYhg==
cAa2gQcpJaobga+b0+oTUQ==
f6sqGLYTBp3++bjzgpf2Rw==
QScC0F1V35gikjSF2v3uGA==
zWZilr3HBeE=
BPyGFBmFNio=
eibywITdRDJsunrnHzrxmw==
xVJOMMNAx6+MwyEFNpL2rHSOQ3h5UCDC
lY6inKlJdZPRrolUFzhAMw==
lY6inKlJdZOu3EKBbV0k8A==
XB4VoneG7XE=
923Yg7SrljK3tm2NI8WBQg==
/esXNSYUE5w=
mdeE5sy6jl458wxtlK8dzQ==
km2q9pTcM443Ub74w/kRIQ==
7V6Aj6BVRu5CzlvT7BxQBA==
y0132eLD63ZVHXCAEhaqjA==
bh6N8rl3GKg=
66hqdgMh0Ww=
KfPqeNoip+k=
K8ob+V9pBlw=
61YHKq+Xz0/Ai11K1SjD4Q==
ePyNgC+XUd16gINopmwuEg==
XT7ung/Bt8nVoN6IFhI6Jw==
WDor69ZVZ1Y=
LeuTZCFQczs=
y0zc07ZHjW1nndCfeeSIGA==
y0zc07ZHjW1okGVJSgzBWw==
Pph01z1K2Zk=
AbEWnd9tW5LQOn+ilrdy2w==
DWxpUlLoqug=
DWxpUlLoqug=
woYyMe0MRAGqreaC3pcQOQ==
KG7DCwEYu8/dY+rdRHPWKQ==
wlQGG84S9gk=
0DvBKseIvHE=
K3xsLKhujaeeGa5SnvG60A==
K3xsLKhujaeXT5ySq9PCk7YpQWj/o4mM
so89bwy8Zv1ilCzoxUajGg==
naSNL54MiiE=
o2gWvPQCTXA=
gSuWd/BosXEWW9PTBKdxaw==
cnlW/v1PdtM=
+Goi1xWisdvQpj8kcgY4iQ==
q5UzOq66sIjX9+AMlsQ1QQ==
l20EsLm9COE=
H6kqPVTRK0zkIhI9TYbVyw==
FmbkkTA3xOY=
fSThxp/FTjyCFDL8hj4Hnw==
ot9crd5MmpM=
+So1MObZtEp+Vm9wnuYn5Q==
S8CFYRzdxswmj8c+++6fDQ==
F+95csXnY/E=
GRLVDCscoL8=
oZOKzd3kQX93h4Yu1dZqHQ==
ipoWoN9bdHc=
fGK9xp1NnGk=
3jziDZX1xxsOT+8eHt5yjA==
7n8/pfi14CJfTpuOgVAsXw==
BTuboMltcVU=
oJ3btwvi4b4Nq3XP9PlA2g==
oJ3btwvi4b4Nq3XP9PlA2g==
oJ3btwvi4b6c81ROuh6ziQ==
MfA2TZDg6YxCSiXDXM/kxg==
BBlCuTmwXX1/rv6yIj0/ow==
cSW3jOujSaw=
ko8stNPli+c=
Ry/O67BDUkk=
Y2fjakE4tpg=
+IY7+KRp+j0=
Mdm7IT6nrFo=
De7uhmIymZs=
De7uhmIymZs=
De7uhmIymZs=
De7uhmIymZs=
7QM1Yu2SCK+ZJOaTsq+wLA==
MTUBG6iPzr8=
6WuoPc7IW31v385doo9NvYPokWzjFSet
dNshn3YA3fM=
Waq+q6fcf8Q=
rfToMebOvp8=
o/Xn64uIT3g=
IFJAI3lw+Jc=
CtRNn+rvz7E=
mVBzgCil+iikdqLOFmpVNQ==
9UeCGSKc/IE=
LYiiP8bsnzA=
4+Qk0oCTMmY=
4a9KOydb8x0LTTKeuX782g==
mS0hFOTybro=
OvR8oaBS5X8=
63fRhofRRvgtqRyUAcyOhw==
tRjSrEwyxbU=
hnDB6uxA3hU=
vPGj7M11rDE=
CHVJjvddXL+IkG+EhESnlw==
CHVJjvddXL+IkG+EhESnlw==
CHVJjvddXL9Uo02jxBleJg==
tyx+O447+GI=
GZxBtvkKcmVja5e7p4+K2Q==
sFbOP/3iMzv8bJnzpc9mbw==
ydZBzPQ2cY56c1YLhmGsPw==
mvg7SkoP/7w=
A9tbvJEsvk0=
qbW4RMQOlzQ=
nHTQy5AITnU=
UJDKm/DeQdECFwrudztaiw==
5LDWvap6fG4=
mMyJQzj4Avo=
nIOWUDYp/lpQe5/lzV6pKw==
+jyBDHaU+SUX3k4T2UtCmQ==
Tnm5Q1gyK9zrkil3TALVGA==
NwfBewrwmA3IdB7UzCS11Q==
+MBOFge50TtZEPqZ7fPXFA==
6MrSkn/3Zaw=
m+1IQDosOQwje3wsJYzYww==
Eegftxq/Bkw=
ha0mHlcp1uqb4YDlAqA+7A==
KBtBw/QbY7SNih08zFinkg==
QB3GPbVIS1EezhM2Fmci9w==
FXiMmboe7Ig=
QGdX9drm6bwBHhJuM+aCEg==
WZ9xtbU9Wsc=
LmYcQ/jILXAjq2vh23ukaA==
Gjy5qvkq5yY=
3VjTSP2bpG7dC/ZRa3EDaw==
3VjTSP2bpG5hI+qF1I/k977hUgqmMRz5
0M99yR3yEW8=
0yKRcmW9J+k=
Ln16ofzQkZT3n3jkjZuiOg==
SPXLV9O5Pk8=
8ka5rLyNJ2M=
lGvXgVWpS0I=
TZFNIthmOCF5kXKHt1g43w==
lUOVkLP6GTI=
Vf9SAO38fds=
liEYIWLfYgXthCJveY3GSqd57Fu88AZ0
nKljpsJmX9g=
p9CRkeT8wS8=
V8QUQKBzW6w=
k5PiF5mGoEgquHUyvZmtoA==
SBZmv+jxhg4IspvI0mUKpg==
gLRq95wyHq6gOHXDg+BCgg==
mLREouRXfvo=
PjJHToCI1ZI=
x9XWbWw9A6U=
iUKJ8w3a2gw=
C/algsCW0KmsvU+a5Msg2CKsG7otrsUd
Xn4zJy4MlCVoi424RaDa8Q==
3QOAL52wF2U=
KLiW2qJHm7osKwLp8l5oQly/HB0a+pPU
u/giKKn0hNd2a0ICalMN7A==
96txdY4CKak=
1hPUAME3rX0=
53290s9G3ao=
N4xdLkbs6lE=
VVaU18X7n8kbW+nPUmgqRA==
a8zDg03EGAMqHEAbq1LepQ==
1R2ErnoG0XU=
AV77mIBLZLCx/SNw5+VWNA==
O0BxQDR36hGN9Lv5RFc6ow==
xcT2B/OmAE8=
Mja92hMTMn2yhFUmqOBWDA==
4YP8nvgAKa4=
4IYFnhwkSCY=
bCH8d3yc/QY=
2MaVA22JdvZUCygHhNWxXA==
wMgCd3jL77dEe4ulU45oRg==
GYGlgRy6Si4=
gvNve8U5rl+SKD0VMhFJtw==
z02rV9hbYAg=
WhnyDX5+gJ445yU1rQqAdA==
vPGJ6zNrkJs=
6QCVajM5SZvpCPoerbxfxQ==
bAOXOQRgw8s=
j3MXKHkSGRofTFyQt2FnmQ==
QQWC5BHCMq5lgR5U2Sj3YQ==
U92FYcnj0rUHen+Cv7OonFFx+VTmdZ4Q
9ZkNFDd/oGNFEWnQ5xOLEQ==
zgVYFwihlt40K9ol1vj/Mg==
FsGZf4b0OSn5MUAHXdilIA==
7bVWJjBoyPk=
wK1exLTeNKM3JzzMeGX3Ig==
if7zVLGum/Tfr3N9ZyNIuA==
PTxktGEj09w=
RN9aAlpz4OddPb562oWbEQ==
RN9aAlpz4Oee38Vje72vxWRQO8Qelo6/
qQJtrpgV46gqdTZ0zAfMZQ==
FF+SEK/PcdRA4ZB2qllrjA==
yho/aya/JGk=
lOnH3yo3Epm7C65nJyxmSA==
bKjhMASrAR0=
fWJWBxMkW/fLA1wgim+snw==
WeL+RymMr9oACpBsDxkicw==
lIfM+LN6Eas=
iMNgOyAY/d9hd4sf+1HplQ==
/FCwN8VYsIHGCpNJhjIkyCIR72tDgb3w
zg8PNAGw0QU=
CzcKMnEU6Xs=
sEDF7neoOHg=
KCqCMtkHTLA=
PU3dTTzZImEvr+HJvOKWVQ==
e92eheL7QJI=
urx3g9ufJ6VUYRxYqdvBVA==
h7bAaNCluTQinHdlvsv6TA==
Drx/Bjm40e0qcMzzDFxxdg==
WrTNHIbB4oU=
+1Ggyj2BzaU=
2J8BJOZlF6k=
54WSaIjQOI0=
wn8SLZofpEM=
WlnEPNgsc3AZAk7l36hSRA==
XmQWyvtM6ChjNmEUpSd7kw==
OQKEFyEVJKQ=
mpIUQo531+183n8myUA2jw==
Zyaywz2wxxu9vYyhuYko8w==
AUVKv3vjwgU=
A6vTA4nXHgs=
6UP6XUsCFeA=
KXPLJkZ371Jhe51uhIwbvQ==
ZOs0dSSKp2U=
jvP3awVmAXY=
tS7InXzsrvgsRFp1XwdRIg==
tS7InXzsrvhXlKvCcS6DPw==
i3U95vevFyk=
j7Pexa3PE60=
ID93xdlAqTld1xHfioJM0A==
2TDnyiu/PPE=
aDOP3RLNOuBuGIBqUBZ2BrQKV1RR2Zk9
x14USqOauPe40BtVJKqMEQ==
SwnF7COdqVHK5pNDaMueRQ==
fHlt7QYrX7A=
EXTEIOWENEXRpx5HnD7FoQ==
ihb/I8PFe8A=
VF1upFNlEsUIOkxpb1XYpQ==
xExwHB5vBNR654Jz71CvIw==
KJNJVJQ5ZRo=
stPKIl5csII=
u5hNamV72yg=
2sVH25gv53/tLNQiWnCIEg==
2sVH25gv538J7SRg+OBx2A==
dy1aqSkrpPfddkiHqyOs7Q==
imPhplW0UWTZVmBwm2iudw==
rMOvH5C6Hyo=
e4hwKaBYmLc=
awSJ4E4Pchw=
4vysXl1opjE=
1sXhey0u2YCF2sCUfbegNA==
7fAj5cNY+gxeANQll/ELeA==
7fAj5cNY+gxDUJ0MNsk1TQ==
EAG1qqMzLUY7moAshgbmaw==
U/THWDaZKawY5U0UzAJ7zw==
lXg7SXCcO6ggvaSRRWHJsQ==
lXg7SXCcO6ggvaSRRWHJsQ==
lXg7SXCcO6ggvaSRRWHJsQ==
TyCrIzXfiWxpo6mazzKgNg==
F24oaRsHE+RlhD6afyaJQw==
QkZUjrebfY0lGVRJtoCJRQ==
C2F/rCTq7r2TTcGOlDlN+A==
LD0aT3knw5iHwuBizPIV3Q==
LD0aT3knw5gaqeHl09zRMg==
tPS97+6MjxNzE3hfAX2afw==
06CcpfgHj5eRfYrvPzT1UA==
KFxIDsHGCfL8f4MNGCArKw==
KFxIDsHGCfJJ486gaMeuRw==
GO4tjomXqR8=
AQb7FBV4zVc=
6TjdB0fifol5s1SDw+QJIA==
l1LnKlB6//wcij0AYCbNNA==
K/vP5PfOLrp+E3xWJ5qmCA==
5ptUqerNJZv+BhupSfAuQA==
TNqGt7WURys=
Da1onW4zi5o=
8QrikNB0tN26BFX0rFC12A==
yQqyVm1yoag=
2ejPzCOQHWk=
SoPAg6stB7w=
BuN1TLCdZGVDi44WwjDwmg==
BuN1TLCdZGXGbS7ds7PRMQ==
Maup1CmcUv9njMVL9flAWA==
aO0ztWr0cJQ=
fcZHYo082ZpjBEfV85T7zA==
a4CTk30FEx82znvsClxWgg==
eB379H1wDF+v0uKDqBLV3w==
Ol7ENQgKYoE=
5vWYGPwiCLY=
54oOWJDWFyQ=
pW87Qqv8c4k=
30THAbTV0M8=
mEGvgTu9KbY=
TZNKTn6sUld7SZBRc1e3lw==
XI5cbVe2wf3DSXDRL0B7cA==
dUFKxhI2gNAkk4FGDLxP7Q==
Q0QsDsBEl2w=
UGRKx2z8NqI=
04wypBVKLszfOZ8YVgi9ag==
IlVphv/rt0jm2J+OfvyAsA==
IlVphv/rt0jm2J+OfvyAsA==
QTr7t+xJ1KM=
wDcoHdZsrn7TASVGPi2OZA==
NPh1tjgOCyFoO4tc0CpMGQ==
8g6Uo5NuD49FAfS6QADJrg==
e5HKMXlkwvPAxakxVgd0Sw==
znrJU3verzjImcJKoTyBLg==
znrJU3verzjImcJKoTyBLg==
5uwm59jyYxy61ddHFvfIZg==
0P8YDF9oNXeVLZRV8bscGA==
0P8YDF9oNXeazWWGcqy7aI63/m9uYln1
0P8YDF9oNXckCsXdKi0uFvXwOg5w5LlB
0P8YDF9oNXf5Sh12glfRkQvGxggVZX5O
0P8YDF9oNXeqHFC6vIIuQg==
rKbL8/KK8UeKp3bFYLiwmA==
rKbL8/KK8UeKp3bFYLiwmA==
rKbL8/KK8UeKp3bFYLiwmA==
rKbL8/KK8UeKp3bFYLiwmA==
ArmNg6NwLlKj8klMDN3euQ==
xyvPtfY4IJCJzCUy5yePBQ==
xQAOtnN5XSA=
NhFF+Vx1qPk=
pnjUU7DGgOCHo7jEQHmqVA==
LXug5RSDZWnMh0cgIgR2fA==
I4JH1Cip01v91VPRaTVShA==
gFz+NrtDnDTIAFrb6KaLvg==
cu+2u3Ezk1UJOY0AqWre1A==
I9nmTu526pdGMk9owmVMJw==
K+XEc8QCjh2V367TRzTs6g==
LIo3FwJ9OmXS2NDbuBb2Fw==
r9cUpeCdLmkAWUZMrXTdqg==
kSnJuqZ629ZgbDBYM0iWTA==
QSLrhjQGI+8=
TM0k4S+OLYUJNFKtF+QWkg==
B65guXd1Abw=
fwyaXgLUYCFoXb8X5m5+GQ==
fwyaXgLUYCFoXb8X5m5+GQ==
c3i7wpTd1R8YvuUExYD8Ug==
6ZGGtWUTq4TDbSmOC6VooA==
F2YgpYJU0vX7QxFY7k75JQ==
KgFrwIncaKKPKd6VrzB1DQ==
pC+CuRpG6YwOGEKR5cUt2A==
TZTvxEWcg68zcH4OkzUazQ==
BAd6r3WveRjWmjfelClY9Q==
1AuoV/WKxxw=
JBIdISkny4NmubrZCzqQJA==
7maMdCJtQFk=
qCmmuuLJAOPN54aGSiTQYg==
Jr08NiRPgvLAERSFXwB7wg==
AltWDCledTJ/aOniy6Mi8A==
AltWDCledTJ/aOniy6Mi8A==
AltWDCledTJ/aOniy6Mi8A==
zTxprlrxqEWyuyLLDMpXJg==
2k6xcTzkfrlqsnPn+7XSxA==
2k6xcTzkfrlJDV7igs5cdA==
vNS3Gb+xEHP9Wiv679N+fw==
RNcwfesffVM=
Db+lH+YiLmQ=
YW8lISprokp2Tx0j84nxEw==
Vo2m4IhMrlI=
CBSi1/vysgE=
rqsJpqygDg4=
DfWCN/E9xdA6ts2N7wdVmw==
5yIR21X1YFY9HPRNpRj1iw==
GYAR5vAbcCLGYrJxEHjZ7Q==
GYAR5vAbcCKfefq4hZBZhw==
GYAR5vAbcCKfefq4hZBZhw==
8h7wG8wZJaA=
yjzbDVWumiq3hxDyab0E2Q==
vZj3qlT39+rUVVA6xntacA==
jFTuKEhOCwdnDnBHk0a5mg==
3nZP6ub3qYQ=
A/+q7Fxb2/kQkEWbPMbLnw==
R85KC9CXNAzSoMcRvl7LKA==
IokwKeE6/g4UylSaLLGUFw==
IokwKeE6/g4UylSaLLGUFw==
IokwKeE6/g4UylSaLLGUFw==
IokwKeE6/g4UylSaLLGUFw==
IokwKeE6/g4UylSaLLGUFw==
IokwKeE6/g4UylSaLLGUFw==
Hycs56VYrvo=
o7wtMlTehZpQ1Z6a0P0jCg==
qE/DIsIeKPA=
tJ4hOE71L1P3h0hQ3AZQtw==
LRObkzgKje8=
LRObkzgKje8=
RxwmMVOlHw+YAvaGsPxBUA==
aFuXs1seYH1tJOQXnrcJWA==
/5cI0qLUALw=
UCANjXQ27Tc=
4nJZMO+H1Ak=
clFhWh0Y4TYxUOvG0wWaPg==
Qqm2RK4pTKU=
UCAe4fu2Brw=
9AmaKEi0N2D9hE0GXAKjTw==
IAxVgN+Ex+kZSlHMCFu+KQ==
ZdnBRsdve+c=
jC5BhvOIf5w=
jC5BhvOIf5w=
EHteeKi11tI+iWc1PknwkQ==
EHteeKi11tJKYrus3FfS+w==
U4Qm3tCM6xVOm2HA1RSstA==
FnYsWmdh42ktzptx2xoVyw==
PLyZEa9KbsdWcMzKzUFfng==
PLyZEa9KbsdWcMzKzUFfng==
C04teAI8ZePkqdL6irprpw==
1AEqtNLaLeo=
NthluBl20wlLvF/gB/StIw==
NthluBl20wm8RsI9QRJkfYLHShzLo0wi
iJB4YI9Jpx8W79Ww83K6Cg==
Pde14BSMPwyYNLtudl5hXg==
c1gr+N4SQBrq64XK1lP6Mg==
8dgna5y14dw=
KmdFDd10Dv5lkW3r0pyFbw==
blfZ5wUqA5mROvkAnj7KGw==
oWSCFJvcQhKZHm9t96oC5Q==
oWSCFJvcQhJxjV9FN0BBCg==
188IhL1rDGFfDbiBv2Cytg==
cIifE8UUY+s=
cIifE8UUY+s=
dR/SiIFKqOgiuYSxfi8KeA==
vZyaqD7oQFHpNILQie2W2g==
6Zw1HAcGAfY2GEHA9lK2vA==
mpvYeSgG3gK9f0Ylgf49zw==
74yxJlDXmdz3+a2dKLE4Cw==
QfOcXM+DzIE=
oYDVbJ5Bo89xJlFRrwhExA==
AzbqaPch3vIjneDojkQRaA==
Qi6f3/ajNUQ=
F2CMSU3Yfi8=
QXY/6RiOuTO0nFAea9zD/g==
8Xechp5tick=
98WhQLvMNjA=
24fri8/0XaY=
RYzLcVj1fkkA/BwsLWumdQ==
RYzLcVj1fkkA/BwsLWumdQ==
RYzLcVj1fkkA/BwsLWumdQ==
RYzLcVj1fkkA/BwsLWumdQ==
OGWNP/0A9xwVsGbJIqQBAg==
C+PBV+TguhXgDZN2ylzbMA==
D8MKGE9vdhM=
1jQTBfiG+RY=
XuxV72GZOlc=
h7yt6jFgoL4=
sUm4AkCNIYilrLosCFJ15A==
sUm4AkCNIYjEwkwTga4ntw==
i9QCPbFLNZMsWBb2QWB76g==
DCIhXOv4T/INXK9Fygmb1g==
2INrn8sUrRazWqqGi0+G1g==
Qo8uNzvr7Ixhec2LcrtblQ==
Gfuww79QsBeX+yUDoivwTA==
+NMJDYUbGn8=
lXGMGdkiI08=
7DqGhOZK5/3mw5y+kheY6A==
6iEU+FcBpuafeR1kXkBpKw==
1JB94z7atmBEJpzjNi26BQ==
Q5BVz5uBZkg9Ac+vahrOJA==
Rk/hIvQPlCkOW+C5LBPPGg==
IVNQDOATSeM1ymoiZHI5rA==
iPqA/yUSsuXCk3CmocBjAg==
ePdSItuE7T19r6m8eIWObw==
i9BFaYjhvbc=
3qY29th42TDdPoWMKU2fzw==
D+roiadQNtU=
fVz/+KHONvo=
CjNODdHUU+s=
xwr7p1PviH11MyflIsq8tw==
7euRS2SRZt0=
u70kscQwX7UjZO9j84Hy1A==
u70kscQwX7UjZO9j84Hy1A==
u70kscQwX7WhuogFP7Ag4g==
BpyscRYBW2i8kEfvOVAopA==
6VaMaTnCrSQ=
qyAUUL45QXE=
acm40TxIneE=
XrFmINeiwlVffi4JFajFXQ==
z6P9wrMK+6g=
glOp9TNAMJE=
PK0rqkxDU/U=
jTxKRtSg3Wxs+pJBusLLzQ==
kaBNrUmkcJ0=
JbfCsHNvmy0=
v1IBlEcRmaJaRZOC8sUiuA==
rH1x9lnNaQ6srb9T78DmTA==
rH1x9lnNaQ6srb9T78DmTA==
8ytUNDiJzzmFKTQ8krEUOw==
dc7NmH7Qvy8=
dc7NmH7Qvy8=
GNs6bmL8uM1U4oEUcnO48g==
wURZ3vJtR/U=
1EKn3Ab9AHE=
7mbiBnkJtg4=
XzC7Sh1hpI4GNj6rRRRe6g==
XzC7Sh1hpI4GNj6rRRRe6g==
Ckyx1QPbtW8=
84M9Gth1rNVX9MLbJcGpBQ==
JYSZVrwX68rOxuzqb6DeIg==
ohfYHiaw4gs=
UBfyA/jNiBgZzmgZH6cYInXfvoBqL27Q
bCycuSfAVjA=
vIU7U0egnisLoWQmIJEAUw==
E+PVDPcohJY=
xI/2PeHbMaVW3YckgidyZQ==
xI/2PeHbMaVTQMg0J7+vVA==
/SYDCdigjTU=
xQlxxJUUzuZWhoV4NYKKfw==
lWwYR2mx3lCq+8/PKuWvkA==
efXxP+cx2LE=
p1CP/pI1d58=
MRlYqjhqq4hmuyMdCU4LzA==
ZrVof8PvSrWc8SMuN6UTUg==
ZrVof8PvSrWc8SMuN6UTUg==
IbBo1leg9TY=
X1r2dfdidGyy/G+ROnxmdg==
wYjEhsT5uu+K8vfaH0RvHA==
uKTrkyDJmViziTf6XhY4vg==
4YbmWrMaOlBpOdBEKe1BMQ==
L1Eu5JNw9UeslyCDCZrWYg==
RHnLdjZrVPg=
tx+on+OgY+M=
iw5SVHqihjQ=
ST56rSOje3qJ2tygyX4TtA==
lxN4E6E/unA=
5GWRnJfLAUv8hHFiGcDMNg==
5GWRnJfLAUuuf0IMAWvwqQ==
+KPVpnLkCy95Bb8uy4vRfQ==
6prG+m5+H4A=
KVIHUPthw6g=
uuKSi+yLsAU=
VlXuK2rV57mufMcQ2P7jcQ==
jGfJ2WdslU8=
mAwf5m649FCNlxyx/F5TFA==
15jtvs0D8a8=
ZWZnGV3SKUE=
S9y0/SXJbP1rsUdTNrQs4Q==
61WHodQDQV5jQmotKKihmw==
PPQ0fEg9Rj/ixr/bGmbdJw==
MY4IQLNfXbHp82JhK+aeVg==
uIDpOAd5Zm//MTwTVPxVdQ==
T8LoosYPuN8OsRLQKk62cw==
Kdbj7DPxVKYXilCNm6DDcA==
vNcng4mU/fs=
rpyhviiXMeEOuJl77YRW6Q==
xSzbIiHBC37PQrLCy/OuYQ==
VL+m1ChT9WFIExjVk3lqcA==
JC9CQRQjIsOWPz1er1Jk+w==
aPRNJ+z6xby6R871NYsjkA==
LGjWv0yZ18Zlw4yqsMulww==
QP52ceVtf5cWYEo7PXlflg==
dKQhXyjEiZHvN5Ecbbf5oA==
dKQhXyjEiZHvN5Ecbbf5oA==
0JzjyuUGNSkr/LSzN3NUrQ==
AKYBo04BJvbaRH5C8jUb0g==
t58D+9FA5jk=
L8qOvTUOEqTAAGKhwL/Ikw==
YYYvsog7eS0=
E5yIG64EdWiDZvoPYLFHKg==
4Qc4fmY+Spk=
YLt3GEYq1iy0p92Qlh4Gbg==
nt4BuAkoJcxasRMxcqHy+g==
1AzBNnmlpBXb+gdW+F8JVw==
3uPgxk08CNgh5OZVneeNZQ==
CHiXIDeHJVdzDqq15qa4uA==
/RtrZwKFjOV2DlHpYcNZwg==
BV6HkQLsKUdKZmxIMDmGPA==
XtWAGC3JgZ+ItSunUp7Ufg==
M73lF1/wpH8=
qgEamPoVhYCo5T1myGhtng==
fkvi0566mUY=
fkvi0566mUY=
fkvi0566mUY=
Az1YSh7t2WU3y/WQI17M2w==
dYvGPBXl/B2nMfhgqjTxBQ==
d7rYmAC1DVRvbgwdxEsxyfqfiE4rFmgY
p47K0VDgJ6k=
9DnYMiHaZCs=
Pe6zej8cpWY=
kx7huYlMf5Q=
w6awRy6iWh8=
yWKUjWrfhHQ=
9X/4PU5a8EI=
C0TvEKn76LZfxyTMQu45YA==
xx8ww6UWuaQ=
80nYnmKNvYM=
5bStbNntcNk=
gAMf2Qn2J47gBQn0Yx1M4A==
I2ls3ZHOcpfZZjtpEhw0Sw==
Qemf8KOqV48=
0e3s6TfShmw=
Ysk2kt6sAF4crIyTwApBZg==
alwRCDg4iEI=
vFxZ7zJJkZ0=
Bl0vOT4spdA=
3gj6dVff0KI=
EQFF6ConC9s=
Nb+hnZHvC6Bj9KiTPIfFUw==
fxNhcX1btGh5TV4mve0p3Q==
fxNhcX1btGht43S6kBLHCw==
thigpgEWjt8=
dT3wK6gopbToxZjbaH2SaQ==
bvXeUGQMlFA=
fCMx0Kb8VAg=
ewfJauhkwnRJ2kkQeD2IHQ==
bCg5oKSAmus=
Siots3Jgrnw=
lngLY4X3aa9XRdTPgHWdRw==
HC6Y+WJok9SJ0G6tikNyDQ==
Or5U4ZXbSZJ0t0qScp2xwA==
Or5U4ZXbSZKez0DEawrxqA==
2CZA0CVdxr2VasUWd3mWOA==
VcS5iuwPQhs=
isRefSj6pJooFuHB29yzpg==
9KoRWMk1RpQ=
lh6/oUocAP3lZ/shm3FlPA==
2Fz0sPf6asqXCI5c4YqD1g==
/tJaW1WK3CnYwbvf4CONfQ==
tkkH14hwkQ0=
LIKIwO3/8sU=
xnef506KQyhyb/SG+YaLUQ==
RikK26NucBT8SWjHh6WJHw==
CQmW4hACuGs=
OKHLj38tEAc=
bNXd19rSSBs=
5oi4cDsr3AA=
u+bwTumRKQhlPRVG6026hg==
RYSkzcfjkxX8TmiJJ8qCxQ==
gX4unO1DaAE=
vuwTqOrOjQuRXiGSvpwp5m8WZ7IcXePq
79dvhFXRFTL/CjHiu3rpXg==
6VUJiGjrLXU=
6VUJiGjrLXU=
6VUJiGjrLXU=
uwei7e0hskBSShanLz7Xrd4vibifBKaZ
hYY1/13OT6RjSE1U+5XEJw==
Agm8efUcLmEx0DCiIs1WmQ==
tSE2E1GE/dTBPYMPj9tIDw==
lRdY49PW89M=
9iDCgGf+0KGWClhqe990Qg==
h4P1XYCFd01ofjcPZ3qHEg==
h4P1XYCFd01ofjcPZ3qHEg==
h4P1XYCFd01ofjcPZ3qHEg==
/7lNNP5IO51SuGXo0MW5MA==
F7qmAQ6gHyQ=
iSFj7z6zeuU=
VjVb48EvX7u+RDu+TOFk3Q==
QEed78NvFMR+BdJk7LbsPg==
gqQnBl1osjI=
/OaVh1tqJLOMgjt19fgxGQ==
RCjsRIubDF3VmD6Sg5wmXg==
YwPMjCf4NZk=
15WnEXmLkFM=
Z8VU6FqQzT+KAg1S9bFoCA==
r0GIMsU2fUqxknjltEcP9w==
r0GIMsU2fUovu+Qw4tjH5w==
jzQlwG77fGNCbVp39us8OA==
soEYftJlpoY=
kDwq2XFKu8P1irVBX6Fk1g==
Uys/LohlFEs=
hG/SS/oUUQs=
EoQZDueUIsMtb428As5W5w==
ftrruZ2KETI=
UKVz91Nmsmc=
1CgdkG546UAD8vCHXTENVw==
Xo4D8/beimEGPPNE7KKlKg==
cMXzcrjBBpM=
hmJVVUH2buU+DCfvUnEXJQ==
1LgpffqV81k=
Pxg1cXrA3mhGSDubESCdAg==
1gtLjWDAFZuGWA3laD1tsg==
PNlAFXGOTps=
+nltDya/8qg=
+nltDya/8qg=
+nltDya/8qg=
/PsiZstZjkY=
zAAzd7Ab5qo=
c2TNae4yqA4=
Fsj3j66kYEQ=
vt4rQEM/JKQ=
DyTPDWqcHOcnrOOFQ5yxrg==
Sc2rJremDfoPtIxRiK5A6A==
Ii1o+5lV8ec=
lZAKRHZkvAuRqiFhUVd8nw==
uenislb3OyCwvudqXN+/2Q==
fh2eVvDGC5bXiEN7XcJrOw==
UayhT3z5jb+ra7rHoIk5oQ==
A9t7Lk+o6nU=
ZdIfDDZCxU1f9/5nhTRc2g==
BcIUTlQgoRwWRI6YsHcjdg==
iDkQZO5L88I=
vLaqAsXo6O1MsQA1kONzMA==
6ncg2OIOSv2mO79bdF4/IA==
6ncg2OIOSv2mO79bdF4/IA==
6ncg2OIOSv2mO79bdF4/IA==
twbjXsyyUCvESGD6c9JsHQ==
xSPxBCXGBdI=
e8SxdgB8CxY=
5+UMwMZLYwVzogZdZPACGQ==
83gtQfmLKcE=
iL5V0lDMmKA=
QfoksN8QxCA=
QfoksN8QxCA=
J5GIxN1dgHIz+mUvO5rx7A==
a4fspElFqzo=
YrlMoCpiQVM=
J6cbGt/B7kBF0xgdF8fkxw==
/qYud3A6nnbGWKRY4smh5g==
uTuWkp92GyM=
a4StooPYXY8=
NnAUOiZea9QncAiSmQVb0g==
NnAUOiZea9QncAiSmQVb0g==
NnAUOiZea9S4aJG5eC/MLpILL+4f9RJy
aYVOIumpR3aIKiaUYWpH/Q==
Vyco5BIkuYRenp2KwiG5hA==
S7jjPR6esaKlTy9ShPHcWQ==
S7jjPR6esaKlTy9ShPHcWQ==
Go+B4AOdNNs=
0Uj8D2Qni+g=
aOrGIUVJpE4=
KP9jpNfYgP5MJUwzZyCCCw==
3yxHF5yh7PU=
PYYAtukbEXg=
UpG9aXFWSHFtcWuDfJtLPg==
UpG9aXFWSHFVcbCPfxg3619CB7ZPrPQZ
NGckF/K3p+tSeaA/VxbJqw==
sQRRHOxMsUugRv9ck8nE4Q==
pcS34nwdFVs=
k9DguL9d+hupf7ralSIJ2Q==
z7XuHhEjUn0=
hS093cTdDBbq04edCKZw9g==
rxh9dDZbXEnJGe2QaIhucw==
p6VOlMhWm8FbnO3UE5YHpQ==
p6VOlMhWm8FbnO3UE5YHpQ==
p1Doj8/L+So=
t6ZOkQNUbUgu2wwPEzEVwg==
gStrVUqWCHQ=
bVUxfgEV62yBBVJQuT8sAWZthZkUKOYB
aY/BQycG7Zpu2q2kU84hIQ==
wUE1S98k9yg=
7loBYieM9nLhhLv/mqbVTQ==
Jfub3Wr9w0a/O5fO8S6JwQ==
fmdUUv92g1A=
DYr1VHEYr65ZaXt0z3s8uQ==
DYr1VHEYr67H2HaxAbmq4Q==
u0jEXPFh/aA=
sOr+XwmBVQg=
sOr+XwmBVQg=
HcReqidLkFW0FDqBNlZSDQ==
i6HTe1H2Erk=
WPmiFRqKxY8=
qO2k8TdzTVs=
zIjPxxhd4utgNa3ThsDU4w==
43IDsypucWMm5Z9AWA09dQ==
HyZXztka7txgApK9qn1VuQ==
gOn4hnUpfTA=
ERTDI1DsCXA=
vqQ4h/oZhQVd5UZ0xph0kA==
cvZHXMCzW47jOPYk8jTNDQ==
cvZHXMCzW47jOPYk8jTNDQ==
cvZHXMCzW44n1/GmokmIPxVq37TN9MeM
NkL/ieq/ejwz8cJWZhxPXg==
VRFEHmQ5/T83uA9PlwbfXg==
i5mjxzaH2yweg1y9iYnj7w==
ZWe7S1t73YRhU+bVjNPcRg==
WQ9JuRccR6tan33Jt9ermQ==
JWDgmWfO2mWcITsYcnAt/w==
iLWq/aeMkiQ=
WZ+XjA+/92g=
4K/la6HmPPLtUNdkYW4X4Q==
MpUlMIG5uItkHxKqx19cTA==
et1Y7DPTHqVnXzf1gpomaQ==
GJ1bkI8fWPo=
nUInFUaVzmK3V9DwOUaVQA==
HJRRHjt170SwpuSSo+W0gA==
pjkQwG5g3Cc=
q6wrx0I4VL4=
vkd4wwngcjQ=
4Zn+eDpWusMmQ9LKXIshGA==
GpmClbtg4cE=
s0CHbyarmbI=
SHDGIyPFs8s=
RLxBUIAH3qA=
AzdLELFeQsY=
w4HjN7upAu8=
CuRAZJ8CUaN3a07otePyUg==
EpRPk46Dc2I=
EpRPk46Dc2I=
EpRPk46Dc2I=
amO0Ve/mjFg=
mZhrbz/86I0=
Md1bFkuKtVp5lQ7DcebDzQ==
CtwFV60vsmk=
CtwFV60vsmk=
CtwFV60vsmk=
CtwFV60vsmk=
0VSgaimYMQ4XAtbaK/lYeoTDMyLmNDwF
C3Tp9bJ9lco=
Zn88qHYEE5IwCU+6nDU8bg==
XFUguO88EdxaGnThceSSTQ==
cEIfTjJAu120GMWGprw0Lg==
p1qxY2JZ6Oc=
i4STjUbo8wooX9FzCks4SQ==
MzZ3Bu/PGeB8zEAEnuN1Wg==
MYz5jWdpE8w=
ORTJgdFpOV8=
gIlW7qLAe0I=
U5lkBk7xxNc=
b5AHqSPz5sI60HxxHnb55g==
b5AHqSPz5sLKAu9eiJwc7Q==
at9IoTy1Js4=
at9IoTy1Js4=
at9IoTy1Js4=
at9IoTy1Js4=
9345m/UM1qQKJAq+q8uf33VMX4QPDb4j
FC1rQCS+GDI=
DCVSfinkXMUR8OBqa0l98w==
PWDZl88nK0Ffre7o4mBA7g==
ODM1KTydZkALnFFTfyP/IA==
BqRZxesWFfY=
Wt4dkkflJPu6/wXWghA6cQ==
Ap+/6LKyo3qUr3b9W96KDQ==
yl+fIYbOlAhxYGdW64xHRg==
Rum3iRaLKa8=
Qux6MiwjhqpYr91Zl/tTdw==
Qux6MiwjhqpYr91Zl/tTdw==
c3H8WqkvGn8=
VjfIa7OUSPh1sPxUFftXuQ==
K1TjrztKoCOboWwOg7mSEw==
UlR9PPybswn5Dzdyjqelzw==
OW5vf4BWfp+zIkUfatqfpg==
k5SQOS6Yccg=
oBcR7s30923QU1LNptaEag==
wz/ySMym8RukLML+gYi2qQ==
HtCAeiCDpJ0=
MnjYQkuvO3PyvQNU6q9ADw==
MnjYQkuvO3N7Bit0pM9cCw==
S/OzKGJH0VY=
WirAgU4VJaF90jUDR+W6HA==
WirAgU4VJaF90jUDR+W6HA==
WirAgU4VJaF90jUDR+W6HA==
WirAgU4VJaF90jUDR+W6HA==
I924tVzAScmajSFstTD5Cg==
TJwlpytWqF0=
YObg3GaFC/8=
CjUT0Uoo30Swm47jq7/t0w==
CjUT0Uoo30Swm47jq7/t0w==
L+DtNAOsdO0=
PBLOuKj22UBfVDqvMiL7EQ==
/8xAiK7rD18ulywTjAfbgA==
qshwbP/lw+0t1TALGXjgkg==
qbszD+y22HQ=
qbszD+y22HQ=
BzSWKXse3cWKj2xRZV9Ylg==
iHvx6riOt06ebGKKA4HqtQ==
pDpAMNnUBi5KlY4DcooZJg==
yiTxVgBHGgk=
bvft9aIXgFo=
JKnamZSsINit9YY2uLbnbA==
wGrf0BnI3AU=
/QSwITnMM2o=
h2r9obP5gNM=
SRLWEsGrwzQ=
2ExMtbNAAcg=
pjlSXDysMJY=
fKUBAvgxNpmOEPCFC4ya4Q==
ooqE3gxc2Z8=
nWWot2Merzw=
YKu6mrHBDdOsMJ+v8BNBjQ==
YKu6mrHBDdOWFkMVdNDHLg==
6ofbVeTJ2vI=
6XqIcOyQVixJAwP9wv3lCg==
Qmxh6DCbTltm7LUdJ+YIUw==
YBt5Bv9EqB4=
ndRmVxZC3VZdpyzocgHvJw==
QQ1djR/CR1R6U1S5Oe23Kg==
FgXa26YpMio=
tnbOzFVWipA=
6NePqHhyKnc=
IYyCMWHmgjk=
Dxczefoj0p4=
q/Zb9KxP41A=
yYXlZ56BirokP/2/vF6LaA==
e+o969nDHQ/ZaAw3XW0/WzFJwzAUKedq
OsEyFd5k8ytGxa1lMHkP2A==
MX5TZs1qMzo=
bPGzPb7/u3hzRIycqlKFQQ==
ceMXXKjUK2c=
QUkVBmDbA0o=
MrJGyG6Bk+t19PLgPbVtxw==
yT835buFebXG1JwVH0ygNw==
8QXL6OMo4KA=
l39bXplCx+8HCbmLpsF9wg==
uwpw7w3/X/8=
uwpw7w3/X/8=
uwpw7w3/X/8=
uwpw7w3/X/8=
uwpw7w3/X/8=
uwpw7w3/X/8=
uwpw7w3/X/8=
uwpw7w3/X/8=
uwpw7w3/X/8=
uwpw7w3/X/8=
uwpw7w3/X/8=
uwpw7w3/X/8=
uwpw7w3/X/8=
uwpw7w3/X/8=
uwpw7w3/X/8=
uwpw7w3/X/8=
uwpw7w3/X/8=
uwpw7w3/X/8=
uwpw7w3/X/8=
uwpw7w3/X/8=
uwpw7w3/X/8=
uwpw7w3/X/8=
uwpw7w3/X/8=
uwpw7w3/X/8=
xsLKY/yw4U0=
62aGxDXlG5A=
mPzguaCIypQ=
6g8I8MSQEV0=
BsFKjH/Rj8UrasXKFSA8Rw==
QlwVa3Oj37PCUurhkg3OxQ==
rbvOJE7O4r4=
28/0+71gK1Y=
28/0+71gK1Y=
28/0+71gK1Y=
28/0+71gK1Y=
+jRDoXm4MUaeTuwfCSkIzA==
sVixu5rUP56QDcwNmngHcA==
7CWs/KLQPYZ+uFX6l7qD2g==
kW2Rm+qn+6BVuug9ULbK/Q==
NHTXGplnsbjfsKVzScZMbQ==
sQZj4vTtfYd21HRbe/ZKVw==
F8VlgIc/83ZJYlUHwLbGxA==
9Q/UmJbVMNY=
9Q/UmJbVMNY=
XMpxiFLPRIHsbry621J73Q==
IZzCe0pwJdEc11UdoNa1/Q==
IZzCe0pwJdEk4DO49J2z7g==
1MMJxscChwQ=
XW7ryuUigI/wY16ynjKCQQ==
WWZcP9r3gGD13WbLpczL4w==
xI5eWhRr+gQ=
9iv9HA2sHMFlGvm8fi/9qg==
X5fqy+QWGEM=
cd8Ytb9HlZIrMxrd8a6C5Q==
8Tv6hV9zcdufzJnBDKDlfQ==
x5GYxW8hlJA=
INrwTkok8lI=
JDOCqcdOmIE=
1vmwWMOLlYY=
XK+dhatnACQZhh5O2B1qsA==
zY+dwMEX8k4=
RqLIydPU+2z9RKEDprUP+A==
r6UO1FU9aESmX/A40/z3VA==
vkd4wwngcjQ=
yyJ32dJkkrU=
AllF99WH5Iyu/tFMf49Xlg==
IRe+KP31MEU=
zgSG7P2eLV3F8Wj3CbbbVA==
ihjb0r4y4p5saTKp9AP4ow==
6eDi8ntOLQSGlJVwHZyJ6A==
0AgyUcwr4Ds=
tae7Xxs6/MBJVon01aQ99w==
tae7Xxs6/MChTHSPMJoJ7A==
tae7Xxs6/MBe5bWwGCeHi+mkAGFYdnN9
tae7Xxs6/MAlP9OM6VxLPQ==
tae7Xxs6/MDHDrZWTN+mgA==
tae7Xxs6/MCbEeUJ3gzYuQ==
0vM/z/hkJy0=
fSRg1phUTQIkJG2Cxvd6iw==
8bAw90RoZjk=
3tyo8GWovGTpcn62OUXKhg==
3tyo8GWovGTkaHY5Eyn6MA==
YBAtz/8+ckjv2fV32dEgDw==
TTs8Asy2n6Dt83kL3iyTYg==
9JtORNSXMPw=
7Ccl+I88aRU=
woMH4ue//kEPiO4I2zpj7Q==
f7aGKz0aqyg=
oljnArQgpAY=
xUC1kL/XVXI=
LcbmXVIE55g=
qr7qSqHZEIQ=
nYK0O5pp49fxecKP6e+DSg==
C5UC6Ol0z9O5o7IUlUG0yg==
4Fv+oM4S4yM=
GN9uDvv2k6A=
ka3c/q950nc=
m/Ml1RLzEAo=
MB02Pd3OBGA=
YWZZo8obQ3E=
tmwqzDaU/qE=
lo6wssvbczQnzzANv+CzUw==
2yNNrErxb38=
z8y9BRsBJZ1fbmrB+SEKRg==
1ZW7f5OkpTc=
tY1FRrSRgtw=
SJ+6o5KthusQs17a+PIYAw==
CQ30hZVuI03W0mTmOkHAlA==
CkUK7g2Hi00=
6opvbsHjhA1Ud9zPtQ50Qw==
ZX4WUEJgSVo=
rPHekKXNUQHB6pghbdAjFw==
h5YJ202f2nc=
0wOtWLYfa64=
0wlaEmLD8j0=
Mb634lxuL65duBlb3VId8g==
pbau1O9M4dk=
bWKpNLCB06M=
B+dW6K85GEA=
R9vCBivjNhNVLTtEonURMg==
b8hEKXwVCW8=
E+GJ3A2vWQg=
CPrJjtwbCdg=
phV8FJVRbIg=
4wfLi7xNvJY=
+UnTouU3X+k=
NRN9Rwx2GZ8=
wEH2Rmem4YY=
qj6SFKtNd4Y0ESnqbbP+lg==
nEO8jwglETpy2x4Ry2mdH1ZC5GNT+FKk
tMeOPmbrT8M=
7BRQzeMVy30=
HOW4eqJ8Vv0=
j88Z1f+Z4fICXP5qFITpBw==
j88Z1f+Z4fICXP5qFITpBw==
g2GMUCpv72Y=
o0m4uAL07To=
MDXyd3xlsxu9zvu6Droiow==
1ypUF/FXbYLeq3JFvELjUA==
1ypUF/FXbYKgnWYBPAtT2C2IJmjX0tZ6
HOioLrgfOXcSB07cye6qJw==
57QwUTvRP68=
i9sb8vL7lrA=
EpqbzlDS8EM=
NmIIgkEjG+k=
LBX42TyDoMQ=
8BKXAoO3iRY=
LWLDfFfINEA=
LWLDfFfINEA=
BjNCezOdtj4=
YMkFhZlcW78=
/qKwTholkBE=
/qKwTholkBE=
/qKwTholkBE=
+hbLZZnFN10=
9/4s3bafdLw=
jH38I9PnhqA=
QybQquaeewo=
Z9uh30La8KY=
vkzdnuomZjI=
15lChoblAnc=
roKNMUvQ4h42hKZM5gUA3Q==
XWwc9W0P3X7+zyIrbf0jTg==
MP7R+Z3Iw/0=
D6zdMTyZuSIQiGJ3ZndmKg==
acBmpUtHIjY=
1arXLEfm9EI=
sAzj9Px2jEc=
6Vekx8Vl9nQJRg5MFhdfWA==
gU5i/bm+t8Y=
m+xnbc7mi2Q=
GoeZhElxg0HzvgKVPr9+Ow==
KehafVowC3QnonsJs95fQA==
KehafVowC3QnonsJs95fQA==
KehafVowC3QnonsJs95fQA==
p30e0uLdUlA=
oe11Ur8u8DQ=
ZVp175blwzw=
NAAOxuTdhTSKjCuwONeZsA==
vrS4aeeI/eE=
6LOPlbrUJPU=
KIdH/oporDo=
9pqmb/df4SA=
DNO/IYsjGRqGEYCEV5MJww==
UYY/cTdpsc4=
UYY/cTdpsc4=
UYY/cTdpsc4=
UYY/cTdpsc4=
R4AoRNAYIAA=
NRyV2DjpeXg=
kqV0sV2EX9zyT/HFJizeZw==
WMYjY1QHy+U=
J10JeqRl4UI=
X+BNrxLiuL0=
JOwpuwW/YxIg8aNPgoeEBA==
Wnkusx2RAOzM+2tPZo/q8g==
PI8NqK6JlEEi816K6IvHQQ==
Souus02zZqc=
ROVbJXx7BWA=
DyFvfD7q9ds=
NTOA8UUWs42TCDGHlZsQcZeuSX1tvCXj
qsOknS5hpqk=
ZlRN6NVNTEA=
DRF8LHxHp80=
oJwkFoiTNyU=
oJwkFoiTNyU=
yOcV5wxQ8UFAPDwKH/Of0Q==
Vli31Edt1O7Xhysf9DuJOw==
AIaYLAeAY1nwTTWUc9J+eQ==
AIaYLAeAY1nJgwCWuNiRrw==
Zb5DUUnS6/Y=
FjBk33Xx2EVrhc67FvZtFw==
nyD9luvSt7nWA5T1KwjW9w==
FTik4ybZgj4=
FTik4ybZgj4=
WTEFu4TtUBXwOFftXJYmtw==
GPVuIjg/ssM=
Sf3YDZunJzjFh5WT7EMOZw==
6VCCkdPo+Vc=
fqmOd1LXEjXkGtmr3/62Tg==
fqmOd1LXEjVugmyCx6gyRmmAMmdZMsxE
bsSgYqfB0HA=
8i3MQ4UTka+BpVI2NsQqnA==
9nWK6QIH/ojqj9vPWRopHA==
mTIcFBu0OWA=
So4h75uimFg=
s+vulCGQCcA=
PaKbC6U/mGE=
5yMnmvDpDIo=
nmll3axeAfU=
owNlMZh5S4ujpMnPSVpt4w==
sqdugOJ6cJ6SChOHEFFTkg==
g3w0wLWZlHg=
HZq9G0wxITO1sxhPu51VDg==
r4bPNvqAJ90=
jYBJ2M2wcgw=
3u9NGXSDvqBNp26XaT4QIg==
7z0l4LDoMnSp+ENeLHFsWA==
XjKmVNdZrJ8=
bxWi2btgHVQ=
5hArzU+kH9g=
lmSm57tmksc=
q4PVkpn3TimD0rP8vFK5mw==
sZboAufRJH0=
xQJUbeXTXE0=
3hFtH2Sd9s0=
TZlP9VnaeCg=
6Lc3LG/xQWo=
xb5RqXc23Wg=
tqFOPtKwrMU=
af2f2TnXPpI=
cmeLCzjOTEk=
DGC7qyXGLMg=
EdQEbPpqXUY=
9I/MqnP2Y90=
ybFs5wK9f8w=
ybFs5wK9f8w=
nOSax0P8OJc=
ZndwWM2N6co=
Tx9rWjNybhI=
+4NUmJVtEqjf7/Eh3xw8hg==
rd2U21701rZ1fVQh+cr6DA==
ZSF3OoUU3w0=
Cqf6+4P4t00=
Fz9eOSEtTiU=
ZZdVClNOw08=
tNN6ty3zqCZK+TwDw/UFYQ==
uhTpKRXNdaE=
yPbexgwT5G1rWI+xHurD/Q==
KkOMI+jx1Po=
AbxwbyRCKJEoNkzSucGWfg==
PhvMQjvY5FInRqbAEF5YJA==
vHbS5vZqg7JMt3/cJYyJ8Q==
UMlQzx3xgLZB5v38Wh88cg==
QSjyD+pYYzg=
kvaEyA71pAvhqpJo8Pj/Eg==
Z88zKbv3L4Y=
Xjsp6aK7bHg=
PrI2nqMzamA=
elrkxp+HZ/Y=
xa1ux4i8iLlT/AAKUHiUMA==
pmITpBPhCwuu3rprSVM+t5epdeu04RA+
VcfU61zDjMo=
ulaECsveuaU=
OIbGPnZPZ1oTuQddJNhnk5vWxSNTNhrP
w7ZqqwATEPw=
w7ZqqwATEPw=
MmbUtq4rgb6NXMz6VgtFfQ==
ucQLzGubkHA=
HagiqdYSCLM=
KjL2duRIzj4=
sj0k5lKjNRY=
qqebWHGoWFU=
QbFQeX0dmAg=
4azzFvWa4Uc=
/Kzzk5+5MXM=
wWsilrXgT0o=
wWsilrXgT0o=
S2ZdmOZIU+c=
K3xsLKhujaeeGa5SnvG60A==
K3xsLKhujaeeGa5SnvG60A==
K3xsLKhujacWMa9xORKHYA==
ynEvcAk3bzI=
e1eXyWZYUKFL7FwPdR6/IQ==
+ZJgyXFDlPzz7Ezxd7wncg==
+ZJgyXFDlPzz7Ezxd7wncg==
3YMxJ0v9im0=
yAJjcMh1i5A=
ZSEf/bnQmq4=
ZSEf/bnQmq4=
ZCq8aqY2GwE=
NTXkyiRoYoo=
NTXkyiRoYoo=
rOb6UcDa0oE=
rOb6UcDa0oE=
hh+8w0jBFPY=
S5wRNLmDDGtnyOgbfinn7w==
4SvuiJel/+TRUvJIjrnP3w==
DKBqet4qroU=
DKBqet4qroU=
HhkP/6BLuGY=
3DqqxFBR/oY=
3DqqxFBR/oY=
lmLDI1+SJF9xFQ0k1ovXZQ==
cn/FmzbgvExIyf50VkNuOQ==
Op8bNKlyAq6vNNKTCpZovw==
r7QDsnGy6ZB/G+Z5upomMg==
+H2eL5X/lzM=
+H2eL5X/lzM=
2kFF/5xyNrg=
yKfM7T2mwHHPtYv50I1YPw==
yKfM7T2mwHHPtYv50I1YPw==
yKfM7T2mwHHPtYv50I1YPw==
yKfM7T2mwHHPtYv50I1YPw==
yKfM7T2mwHHPtYv50I1YPw==
4FsrCSYSYq0=
e1EaCrkamQo=
+MqVFidNrTwskuhs2xQ90A==
FDdS0gzGKmt6eNlNiDIY1A==
CIEN23PoPuLNS/BPVhBXEw==
pVYmbn9fHyM=
rOSl5LpxbIo=
zeXM3fK05cE=
qwm/oD3vfqQ=
qwm/oD3vfqQ=
N3Pnybedvgg=
jBdkduO6yuCtg9UsaRHotA==
FD5N3RoCcfE=
SxM5BOeH6gQPR9JfNvAuMA==
upA7wp81keV2y60j126uXQ==
1SmjzU1I10hHTadnG9iNaw==
fvqZgMXfGwU=
OPg4sArUsEM=
3P0WOb9AgMwNGkUL6o8QSA==
+07q+/VMeIc=
c9QR2pYZUVE=
K8nYgZw9oFE=
/py8E8VIR3M=
btgp0OdfWaHVDGWDgJo7YQ==
+bXWTPeWuDeMFKZv2XwiAg==
2RZaF5K6LM1nvWI0BqfoXM+X9ddjw85t
22J+u428grIRxglhc/xFHA==
kGgOXz9ugEvHPG2m+f6/4g==
kGgOXz9ugEvHPG2m+f6/4g==
kGgOXz9ugEvHPG2m+f6/4g==
So1oM+hxawHOqiyRi7SJ3g==
nZ3+uMfJ6Y0=
ZUYb/dWPPE8=
SRy5xY5TRmw=
D34tXF0xidc=
QSwRceeg0CU=
QSwRceeg0CU=
h73KiULoP1Q=
MKau35kAGRE=
SrHnv9SOxRQbaLJ6T5g3IA==
Uhd8fDvwnASSsH/W00VAyw==
bEWHTYwtm1EOJ20nZ3FpBA==
nP8RzJo9OII=
RuqnZtV9rKIxhcQc40trmA==
sU9LnLkeZyQ=
sU9LnLkeZyQ=
Ln29PuwyTwI=
00Xwkv+yGnrtkloyCxO59w==
juyXkFsgyxtTR5dhwW103w==
do0hmruBdbZ1KmMa1xlLPg==
do0hmruBdbYvmKB5TnwlSen+JUiEbSqV
EK/8+7yAPhQ=
fs2ZApG72NI=
dKQJpO1kCwNQCPq51kdP1g==
vczWKTCnMWIU1Jv2fD1BcECAvfXQfcx7
vczWKTCnMWKL0dWYiBstNTkuwXjNIya5
K3fNtEFssY1JSmeKY3yfhA==
jj+xzfo5/JI=
cy9yt41LGGQ=
kIkOcqacvUI=
roHED+F/FC8=
NQnl5gmW/tE=
BCJWDMYcBmTT9Xh+h6iPnQ==
0qpoSD/m784=
AbVA838IqsKfkw/SptpWUg==
Izs7Jhdjai8=
7z5hJF83/3u/1BTIgg0sew==
G8CwBGPHHNg=
nbmueh8ku/g=
k+qLBFWrXavN1Qd8JRWBsA==
4ootN0Kao3Q=
vkv9qJA3nVTtsp0yMfY2DA==
wyfaMfFG6/c=
bO/h0I0cDhw=
NpxwlPi91kfp/HxWzG82Aw==
0e3vv1CekLE=
JNbX703ctps=
naEO4rC3zE8=
naEO4rC3zE8=
naEO4rC3zE8=
kEccm3sZ8hg=
lCZy6xJQmW0=
p/LPrdPMsOo=
Fx7sXruYj6s=
DUr3IXu1mmZgAYNBjUaeBQ==
pajpzjwVab4=
CERo8wDPDMQ=
CERo8wDPDMQ=
MA+jTNhk82zIqenrrx1MpQ==
KbTos+afzbCg7zgpLB2SmA==
JwDGhIslEwkGIzTwKOdp2A==
hjfjOE+4lDJTTsLwMIPZ9A==
35zex7u+6+rYpBMFpsbvOpzG5ZNCSSPP
VVAfv6d0GQ89Y2zd68sOCA==
fZqOxCY3zVI4y34Vj2SdYg==
31DseUO4Lk2IY6VdmkMAjg==
jSQKhtXu693rFB0cRlbDvg==
jSQKhtXu693rFB0cRlbDvg==
jSQKhtXu693rFB0cRlbDvg==
jSQKhtXu693rFB0cRlbDvg==
jSQKhtXu692nCRuTszQm1FzJHrSdEWE+
t2jAVYUDdO6+89+DKU1qqA==
TSGtXMmHvY8Ty942fP0/Qg==
a1eK9OZ4U7s=
roLPrSb+9Ro=
7HeVM9O//AAXdeyff5Bamw==
7HeVM9O//ACG6Nf7oGUd7g==
7HeVM9O//AAqzWEdsSMTbQ==
bMcCzB3L2Mk=
CpcZu+KfwGQgzzn60Q/HiQ==
4IK5jvHJeX0=
cSW3jOujSaw=
FBxQYjunKIWpJPTCAXlCNQ==
8I0gduIiGdc=
gAst3v8+Opw=
2scCWMHTBy0=
pd3/f1nNvS8=
syqPMEJ3rTI=
Jzj42MtWaCY=
ko8stNPli+c=
ko8stNPli+c=
ko8stNPli+c=
ko8stNPli+c=
TfAbFr0Kn2X27TW4iVb+Zw==
OBk7gefut8KGgpQCNi7MJg==
fi2EZwkNn5qD9+k39Ft70g==
dil4/6iR3Wug0Mh09Eftyg==
9otfAsK9D0RPUYANHsu00w==
9otfAsK9D0RPUYANHsu00w==
A6VWZO4Jz3U=
c/k2BtDpkpc=
c/k2BtDpkpc=
yo3CgAgR+/A=
aCCREXhYPvo=
BvVDhfTsRSk=
T/pCuZLMDxM=
CogMWXLAfps=
Tv8LZjzfIW7Hefao1xzjng==
2vWsi5RiQ8k=
2vWsi5RiQ8k=
0MwiXGCg5Qo=
0MwiXGCg5Qo=
nP48txRrNDw=
nP48txRrNDw=
G1W0Wp4L/rkxzRSdcIjlbQ==
aTUXtNdeTH4=
88sHynnKPEI=
RmbJGMSUuxo=
zWT6dJIcEQ0=
6IJaWCR+2Cc=
gNqCG3pgzfg=
ETtlcCzeKF43//atlgsONw==
+JYKEdVkJ0DxNYXnBmPGkw==
909A1vYeCKqLb3MJdafIXQ==
sBMrpkC6gsFS20oBKbjbNQ==
s++X/ciQJzhjN1ULIvutAA==
fMio7+RS3cI=
IWplhnWjthg=
IWplhnWjthg=
8z5oAVoFBNSBJj622phgDg==
DBOVylQOlXXghf74jc9HFA==
ktiDBmvf8rA=
ktiDBmvf8rA=
p6Ro+vT1JVg=
p6Ro+vT1JVg=
p6Ro+vT1JVg=
z4gRQiAcSq74l+w1hh8apQ==
T2EykFTkj9fluCiUOYFv6A==
JMfTOYNSf70LsCeF3Wz6sw==
27pbJO17GkQr65Bef1q9lA==
o/kceUn4+GTyjxKQdlmT0A==
2v1vWGzvIJoz8pNvx+eqEg==
69o/bqXSsN0SbQiMDUsCtQ==
K22zv0C2mVA=
WUHrENjOB/Y=
6iJ0gubqVN8=
De7uhmIymZs=
De7uhmIymZs=
De7uhmIymZs=
7QM1Yu2SCK+ZJOaTsq+wLA==
eGhbAJcUYPkycm9pI0k5Aw==
ylh7uhAFeRQ=
1tnAHYGH0/c+xY9wHnN6Jg==
9Ayku9TwFrw=
aIxDizT9PA4=
Xz175AZzXGk=
Xz175AZzXGk=
Xz175AZzXGk=
Hm/IcHkOqww=
6EhiZs6Ox3c=
FznW+FbvAeg=
9YFB2zit5LQ=
d9cZ444mLaHfntX8iqUFxw==
p0HZAGPg2JA=
JhXrik1ZKTM=
Wyv6ImGn9Aw/7qJJvkgnOVNleZd6Y2uz
00KHHwj7/mQ=
EOWo3w84qjiDL/Zd67etYA==
u97ehsYDZ9N43qooCK99JQ==
LiEAH9A4g8M=
i6bET1yJwZg=
rduksvAXSzU=
C1xpxXwrIik=
sjc6ifMEjNE=
N3fGi1zKeL0=
Zqx/6VYIeeGfeNZGaj9/8w==
9gYzGyATKxaQHDiyqfXmnQ==
OUgTk1AakUA=
w9UoLMNQl7Q=
nLyg4M49yfk=
JygUeSAmztI=
p6stoZhbSs4JtuKCZc3MZA==
aSuJ+Sb+ieg=
bbliNLbP/mo=
OUYMHDjY5aQ=
LYiiP8bsnzA=
YZ53mOjtLBE=
YZ53mOjtLBE=
QjxTNg9bniR4c4Kat+V2AQ==
xi8dB5A2plo=
t+PAaTD+U4Y=
se69dGbDH18=
0jcFVgfL388=
TxAKDSCA6w4=
dP/eWsay//M=
ibwQhlQWAaI=
tc0oqgwgC46cx55JqU345w==
y8f6cQYMknM=
4K+XVOxbWDt+711pCQ1EVA==
ny8VCzsZbbQ=
JK0IJ2EQnvY=
SqHXgwLXPlOreykCQUL36Q==
SqHXgwLXPlOreykCQUL36Q==
RrIUSPId3gwQHWXls48nWQ==
D25BSwUqRNjv0xMRigbbvA==
iH+B1dxnCxg=
ANH/StWYI+7W5xofIVIwWw==
P+Q2lvuZGGQ=
gVCHRO+l+xo=
gxh1MFaJ6+M=
JV4JbU+M+Ls=
cO8IiSEEuNy3M4TCrCczJQ==
b3+AvKIixIc=
R0u8SIrN7x8=
QasLiD+RjOw=
Ax/NjHSAs5I=
gkdGmkRWCeI=
8d3eaXD7jyOpVOLHyje7Cw==
vPGj7M11rDE=
CHVJjvddXL+IkG+EhESnlw==
CHVJjvddXL9Uo02jxBleJg==
YIaS4em33bOKqxvxtEjcPg==
DrjXLQ7CZtqF+BIPxowl/A==
z9UGV7DGSOI0J1+mZL8vRQ==
IkWCvGvwys1S8V3XPM8PXA==
5HNybxSAuoJUsVtdD2qYTA==
45fF3IeNhrr2IeFqLnJfs6eN3T59gMNB
RDJtqXRBjqY=
m3JT/nu6ETfRUj/5HWwi2A==
lxEaEoBBuZboRZ8Gfs0AyA==
57I2UqdbAjCe4PJ7dtbotg==
57I2UqdbAjCe4PJ7dtbotg==
Vh3Xjdc3jvVHik8wNZ0qBw==
M81FzxINmTYVh8tOi60h5A==
mFSjNcXr0mmk3qSHqa1Zrw==
YEFllwEVzDU=
1WXkotjs2YI=
1WXkotjs2YI=
1WXkotjs2YI=
vJvikjNT7Ag=
LeOygibeLw3FWhuxFP9n1g==
XFUFfEx1SiY=
ZHtnA2D2EVrnVAdDcMMurg==
ojxDNDRRiOg=
qEzfwoY4/O1MyewJekWURw==
J1xd8N368mI=
7dhenRjfONEhqRgX4vxPnA==
Yhzv1fG53dU=
S1qCCtlckL1Y0grQ+1iV1A==
2ItwpoHVerHz0DANw/zQDw==
p/AVVebfBKxMeQr2y0mcrg==
n/T5Cl2hrBNs4gz1nlW9TQ==
wua8B+inbKo=
ePhofi/lvzw=
ZNpmRpLCY67941dRHD/EDg==
GLhypRv+RaAkfthcCOdfb52vKeObFZj+
fEYxP/PwPMU=
eZL3VHwQQ3yVzP23PN1Nlg==
5kCNESLRTks=
b6HvI0FmeKDPBM7WtDJD7A==
SqeYQOYydmOnHoA60GRc0w==
ltzcK22MfiYp89CmuNEXmA==
ufdDLpYS9uw=
nHj/Bzz+V0c=
vH/uc3I5eqg=
AR6YqQATHC2u19nRRepUvQ==
BouDQP002nk=
JENYFVZq8o10xUJRsR+7tg==
JH3X/QjCrDaqfy73aNzyPA==
hz/T+zNRS2tULCarGNzCag==
XuEe7adlJOg=
t0ReYgz/2Jda4nwGI+URBEOEpnGs1UPs
VYyqUEtsJz0=
tmCXWSS3WKI=
zJeBtcJidtW85Ft1nESKZA==
VmRnxmp6fnQ=
diGemNwE6cA=
tOHnN3HZK2ZU+rnOFBrZ8Q==
WpZQwEgKB9ps25YahiWRbw==
WpZQwEgKB9rzG/0U8X4Dcg==
WpZQwEgKB9rjmDZ6GzczbQ==
HetcEiCUgrGjbDTBJWhUtw==
HetcEiCUgrGjbDTBJWhUtw==
Ld9MlWvtQbDeIV+HPWya2g==
sNPGqO6OrZ+LhsDzlf+kHg==
9jE0CyODSz0=
5+VKCfNVv/g=
V6BP7hPs8AC59eqGEsuZpA==
DBARu5muPoMqdfN7vRu1/w==
4IfcyslZHTY=
pLkE+5wX+IR3/DbvgQ09Bw==
qJOxHfDc0govHr1v/jawTg==
2ibZqVUbA0c=
cKItXbDmlUoOBl7uy5dNcw==
YLMa+s2pJfCf5QNEf2IQwQ==
2DVPnTC0sBefYJtOAFKNRA==
wys2lVKCU/15wO1v9l2/Fw==
wys2lVKCU/15wO1v9l2/Fw==
wys2lVKCU/15wO1v9l2/Fw==
wys2lVKCU/15wO1v9l2/Fw==
wys2lVKCU/15wO1v9l2/Fw==
j4oZNMdDIcw=
dx0kyt6jA/k=
iC/nf9mzbwY=
ZgSkoHIqpaE=
RhCKDJKctOI=
blHXiNOzSeA=
nD1BSeUHNRboRsn5E5Ou408wjZu+ZaHK
Nva/6aCD5y0=
T3PZM/DyxKI7PMQWt+jYEg==
YwDA31R8HjQ=
pRleZqg8ESJgBO8qOCnmAQ==
rPe2hLGV3XttaKzdJ5drEA==
3/Qb9Lbyq5VFf+P5pTBTDw==
lGIX6zogLODEqW6NAtQZTw==
JybDKY4p5f4=
tsYAnqtWZQs6y2pbXbEFzQ==
PM6/4XqGMt8=
PM6/4XqGMt8=
PM6/4XqGMt8=
1RLcMLYmIC4=
0M99yR3yEW8=
uYKsIOfuz7MUoaxVH85COw==
uj4qljTdSc0=
yVuYFUAgRJ+7Z93NT7HE9A==
bVx8dzc+0kw=
faJc7tGTHRlfc8rY0ZHAZQ==
erlmq9Hoov4=
DTPi+KVJf2/vB+mmbZwHVw==
JqludRF36A4=
T9LaLODnrZY=
W5dwm4EvXLFvuM10v19/yQ==
W5dwm4EvXLFvuM10v19/yQ==
eR0KgPXyX5lefLpY2X5o5Q==
nNeN2AbSpZo=
6wJwxir6D58sNGITydysVQ==
FPcNql9/k3I=
JBUMhti8ESBbHMT/2ZG94A==
8ZbJGCOKafDLcIirR0VXLg==
jciykiIE80v5v4vNgnwVkg==
tzWU22TCfbqwASKVnHyjOQ==
xMRwkWGXK8U=
qLbEm/mw2xw6A5GxTfaifg==
IhcqjXZ3bdQ=
OzGKouI9s04=
0iIXBSGAqIg=
OUn/ybbMYVUlVu6XSu3C9Q==
L3D+0WMP6vxZCwkVHkOudQ==
06oWsKtPE9eGcnDn7UCYzw==
b56+mDYMWvo=
wtb1DyK1ZiKkzeay+bsbGw==
qrD2IXT8GcYLzcUAlQYYUA==
qrD2IXT8GcbXk+olJntNTg==
qCFgf7g1/EmsZNas6D9Nsg==
QSiC9Ge4Xq9xnrtyFJzmbg==
mhGah7HISVB9neiYrRGfNg==
IOV3HoGytHE=
/7JXd6ennfY3w10IvoexeA==
3z6GmM+BMHSTuB66L03Ztg==
Lt52h1iPdjA=
p8uOCj6mMm9TlzjGoA88zA==
wp33thD7g/g=
+e3Ju2WwMxQ=
hSXXj2ygTB0=
ck6Gzk2Imv4=
AsFZKny76OU=
NgjClEegWQLKhM/klR9BbA==
Epjql6OabPEIM2LGe9nM/A==
kyW9kWsBigdDYBCIEvi+Sg==
t1+xqBoGceMRFY77jfT6sQ==
t1+xqBoGceMLslXkeoFgwo4QV2PVlRTb
3dlwmCnFmzA=
yIhDVquOHTY=
Is1ffw7kK+I=
6cyWaIVhWCM=
XT/G0H9a7DSE59YOWpMMvA==
JKy7xkqncuw=
Gj/B/cw//MZKg5O66VeNTg==
dxS0S/R9EH1dhYqvXYpwAQ==
J/t4y2HKfAk=
7Az1UM3uIQJYIIPxMF5n4A==
7EpQqKbIn5Y=
mtRP+zuXibk=
m9/Ouw0IG72JGEvsvuRBIw==
ih+/Jq3D574=
viAxoTQdDc9wdzjsm1vFmw==
0u6ZYLYsPStrN3a+mmkfeg==
s5kZBHnRsO8=
J2TcA5ni7zE=
ao8dtL85R+U=
lWKMg48YsDc=
AV40Ei4/hbQ=
aa5U7/ItZKQ=
OW72KIiJQUY3+VcFwGxCHg==
DAVbfsRJ8bOvqAgADNt20Q==
x+hNagcbqQc=
56Kxk0yvPYo=
zw0muvT0V/4=
056sqqCPpqi39BaivTMdMw==
pJ61LnWLEanJB+qFJupdeQ==
I6IoJl3J57kuRBc4d9p8rw==
I6IoJl3J57kuRBc4d9p8rw==
c0XDGaCtyqA07+NLIgZjXg==
I1qyq0z8DpZ58u4IAosB6g==
xTW9dsdkVAk=
wloFgOgm7Ks=
j/7TYXvmmSs=
6mVhXslrmvKNlnmmjralvQ==
6mVhXslrmvKNlnmmjralvQ==
T/w2SlUp2LU=
1nt+Y8+yDQYlGo0tu/txiw==
UTt9xphLZbg=
IXv/HVDhE4Q=
d0d01yDXXzGAOcpM123fmw==
rYQqlCQ54jc=
rVvZoqLwQV0=
vAro4cRCfzvcpXJebMEr5A==
jHR2O6bl+xA=
4Ihj3dXZWuRH80ZLTY8Fvg==
4Ihj3dXZWuRH80ZLTY8Fvg==
KyzkrYN6BcgL/R5sULD+1w==
ecdo1upgFE0lG3/Hw6VQ/g==
ecdo1upgFE0lG3/Hw6VQ/g==
2ci6Qs2xIrvowkh6Y+aqZg==
JuOLhNWE/rRQJjPojQ4prA==
9m5nIkva4Z8=
J8XgYo/ykq8=
16Bfd87CjcI=
hmX3FlgrAybk1DktxEgt5Q==
psgNoX0Q+VI=
mxY9w0g3fKmE1RKzu55Mcg==
SR8UJszWDS8=
8Rk/QQhkLtc=
sQJhV2NkiII=
SbtoA3z5uYs=
1CGS4gNdkVk=
VDa2CEn0nU4=
MVc0dOPJ8+8=
10tkGwInpTkmCyBKq8Nb4g==
9M45Q0i4bXw=
MwcBUdZu0j8=
F254bLH8Af2+bO/nPquT8YYOlKdzZDdF
iMFMTXprkKA=
VJpZP91jQBJcCI+cGfDHAA==
xhBxU4QahqI=
ROQcczX8/Eg=
gyNmqhJyrUY=
NUmXD3afD88=
na2OGAVJuEs=
na2OGAVJuEs=
TrZoTaq5njE=
cqB2XjXTohUKmtSj+jZTkw==
1uEBBIB1cf8CzGqZjowMug==
oywB7FO2tWU=
92OovVm+lZA=
OurgIhoSWlk=
kkSaECEbTkA=
BbkzEjbEMdDA79h5kDMQMkpoRdVgK5sv
BbkzEjbEMdDxjMAVgQavpHUnIP7uTDfM
NiuifkyXpmxhH+qIqjmLzKgxhbQIs+Mo
Fi/FD5XviehMZZkzGadKmuzhkPLO6DZa
FpoSLkH7e1I/p105uLuL7A==
B2N/QqI8KF/UEk6uqWctrg==
71L9T19m05fmAS+16ndfzg==
/E1rlE0rxSDwijAHAQsQ2w==
LgOcElxSzZk=
ncQRs7TtfezDGSsDqOtoUw==
ZvuNLGCMDiGtDUpJ1SThBg==
QzGbQ9UsUEs=
lbxMVDUelz4=
7xUkXyH+G9c1PaWpEGlczQ==
oN9+CRwkJWI=
azb00p5XD6E=
xVBqryicwg9XPJDySowVJw==
HgyRnjJz4TCXAnsyY+Yl5Q==
eiRlWCVqTKA=
bauxA/EcKsI=
bONe/P5YmYY=
aHkfBaj2nB8=
BhjmYtY+JjY=
2LMVv07C0o0=
tE3c7OMseTsY/FfD5i7alw==
hzsAbq6l4BMLtSAJSdOG8g==
3KFlZ2fFGXA=
ozZiFrGwxmADs+0AuyAB7g==
jpMwe0Kw0Nc=
ZY7gQnfUcGSgy43fYB7CTg==
ZY7gQnfUcGSgy43fYB7CTg==
ZY7gQnfUcGSgy43fYB7CTg==
ZY7gQnfUcGTfACWRpJlclw==
ZY7gQnfUcGTayvf/X9gLRg==
DYfBNFU322aPZ/HTx7eGgQ==
j8LNGZyhlG7+hvT/F0i/sw==
hQ1vydbWIFoPDtRmZGYaVA==
Zd3H1lOmnXMNfgz6uWzCfQ==
0HI9Lh6l7NdHry+EU38MJA==
xkbu73ejWnHDY2GeSwSv3w==
PEqN5hfqbQW3FlJgVJMR2g==
asbcdpI2p0E=
8hyWoBFsShAPGWT/G8swhQ==
MQHMxgk+Fa4=
mATnIBveJ58=
0WPwNukG6Uk=
g2xsFKdJ6xpFi7r5+r3lUg==
7Zqlh9+LYokGi9LSXLrs/nM69lI8pzCD
EWdMkpSVmuGcwCH+WCAZ2A==
Flly3RzfHJeFHzDWKIQNLw==
djxFsMKRh4vwO1669bsITQ==
xD7MI9C6HBBvzYz5IRyAOg==
5Wrb+74s2bM=
uNY0YljqPte9rB7bpFftLA==
ORYEsHd5HZo=
UFuTHcWIJlM=
CD1ZNRb3pL6xt3K7GHUWWg==
zZ42pyPbV7ufcjwoAoQqP/Bo3R+jnJos
Fe2//d9oY+0AQVvfIh+dtg==
E0Gqy4YkBL84wKsY4dM68A==
/y3kHmZDrJGxzGxiyMBZ1g==
Y2UV4uOfDCNKLyo1A3f9/A==
x2fq6zwPkcKJ34hEHnO89Q==
Us8ym38BmrODtE7ceXi7wQ==
eFgYf4W79eLm41sKg0Hg2Q==
XaPLHGvqR+o=
A1/6zbkaLOijORMqHrBflA==
7SBMPZ2B5qo=
t4HCruZqTHM=
PGUgMkp3hDM=
RhUOLfbjQk0EkZLsGmZI+w==
/+VYc8foUTJ7Pr3heZvJFw==
t8065ynYZ6ga3jNnlJExcg==
yZCFue6lw4R1p3I3DKSdVA==
ZHxxp4n5yD7QuXUwnxmcRA==
9BZ9yFOjgyxqxprttzF+gw==
iLKMq4zHEAHZ/x13JAUscw==
0v2ymtL8hz0=
Fggl0AemBe1W0RLcze/Wzg==
yVfYkOl+SFA=
b/S5wB9vhkRPXcmytIR6Vw==
ZB7S2ndDRJc=
mPSu+m18pCI=
hUYrk7iMiC1lEXxxupSwVg==
QH+JwoLyNL8=
2xMa5ZcjDDB71oxXsV6Duw==
2xMa5ZcjDDDz0uaOCIGtWg==
0V+zpEOsFAo=
xYoZg8Iha75MEPTxWHmasA==
B2C/eKRBbyckaYwBLioCZw==
B2C/eKRBbyctBgrBiTwWSw==
B2C/eKRBbyctBgrBiTwWSw==
B2C/eKRBbyctBgrBiTwWSw==
B2C/eKRBbydJLh/jkIrXSw==
B2C/eKRBbydJLh/jkIrXSw==
G2eq+PvSMhs=
UuPYMCVGqDW4npb3fX341g==
UuPYMCVGqDW4npb3fX341g==
UuPYMCVGqDW4npb3fX341g==
2MQunklQXNQ=
fgn7xdUcxk8vdyq9Qoadiw==
ePi+rFDc/MK2ZsaDhzehleIpCmoTVBf5
58vKSE1+BFQ=
Sh5HNjFwx1I=
6AcDMhKgJTFIPTeCyEaWqQ==
IkrTFtzOCaQ=
5NNvvgNzqsEaFRCWFHxi2Q==
8DtXetZeIPKh6gi15f6G4g==
dxJ1L5u4bCk=
+ciH8gbejhJmspoUgbN3kA==
cx8hipe+UfhSfuP21BS1K6VsFGTiDquA
zfR98asLB6fcV3pcLdhfrg==
tOs1ZSobet4=
4i9ue9CJOzMQRfyBXY8+yw==
C4EaCOQdssV5ivoYaA5qmneJAt79gtoK
NChVWA48+c0=
ECwpeGw9b1s=
yuxF8mgFQn0=
+f1HSqLYaak+SN+3sMvVyQ==
Q+QDdUwM8Fk=
GMWxHjhMoHU=
82N4go5Vqf8=
BW6hajk2CJ/7qbQcZkNYDFlMIUM9oGm2
BW6hajk2CJ8FbcK5r74e1Q==
IRRrlqTq1tw=
YBkyp9BQNCo=
k1A7e6oACUY=
o/sE0oFG1iWrNipCkkkpIg==
P1WdnLJIdhl3ATrdDYGueg==
P1WdnLJIdhl3ATrdDYGueg==
iq7dqxtvIYOyWdzTEboMng==
uZ2FgVHxShHmQnlinpNScw==
9vqpt1lRNh4=
furrOsyV3ow=
furrOsyV3ow=
t8NdjJjjXXa+JyxbmgbQUg==
w4MO0bm/AdRanhdBCWrC5Q==
Nv2IlDZkMcc=
sUulMfj3b95GohnMeLaB6w7Mdmh5iaqN
UXUHTZb6qhI=
hYiyNyBx6cA=
HWANmtw69d0=
FkvaskJltDo=
ZwStUxRvsxJAGEgSk76IWA==
6iIkbe6Ts92/AyGq78bW/A==
q9muaRGp7/23SWFNaKLy1Q==
8osDFqZ03JkMwvXPHiq+0FLpZaGG250o
XZs3S65AQWtTiUdQSrnuyw==
OCys9pNXZGQ=
KiEV04T+Lyc=
fRBBKFbwtSBj6KTZuHqjWw==
L/b5ASikThU=
kPk9fFstvC8=
E6Fs2DQxaJ3kH3nwj2KJhQ==
xTnWWZrKGDk=
1TWgDcu3JTQ=
MpRx9vI5pM6l/gThnK+Mng==
MpRx9vI5pM6ueb9G3gVNTw==
MC9XYb+YN7U=
1EuXu3HXHlJeu2wI8K3PjA==
kqbid8gzC9A=
54WSaIjQOI0=
fVf5c7hGSRFwcOwwUNt2pA==
ZHhKWtPXg98=
V1+S0CVvmEI=
2P8oiBp+B98=
J73bbr5jhkI=
klLp82pQEyl7n58r+Hzy3Q==
eWmJmEqoF97UK5lsu650oA==
VuRTc/SjBC+O8z9sBSFC44Z6E0bMKL7Q
i4whKw2ZDw4=
qZSvR4zhGSU=
UuSyOKv5IO8=
3pPVsNVPMM8=
rlsWpybx32g=
mKxC4Ps7IlA=
FiX+8jD6jg9GwGm/jBBIwg==
LclPw+6Qbe8=
t3954VKXoNY=
3+56DxxuvC8epL0KtZ+cuQ==
FnoTBkE36qsEIYw8lqDyRw==
ey4yaSTZl56BvWbjvTdjuQ==
jhnwtYimbQM=
SIMAFXiH+Ae/JvDt7jmxRg==
LqMUH+CFLj5Fl0sHkraYhA==
0de9wm6W+ik=
0de9wm6W+ik=
PElsD70ejLk4mpa9ho07IxJr7QufvTDv
DRrcqHmQY6u6bIjbWBwi1Q==
hQG1MviV1Ek=
dAKKcF1wLUA=
glWWkE5vIjo=
glWWkE5vIjo=
glWWkE5vIjo=
tm04317nsmw=
2aIF86+scQA=
MMBhSrJ9J5s=
MMBhSrJ9J5s=
MMBhSrJ9J5s=
8tJTHDpQBG9LTQ+iwHYiew==
ppOEkSUCPfopCfmu3PmJbQ==
2QbDnfXloYFLpnAGY9Orcw==
mom4Ye4l00s=
mom4Ye4l00s=
hXPywFPem2I=
TfHjvZLON+I=
HLfRU4v4j8Q=
HLfRU4v4j8Q=
xN8qi1hhS69ofXvgKczAyQ==
m5nybzZZ4Kw=
oREr6F9yyQ9QFpYvA5PBZA==
JBJV8KIQBjLEobmXsCn2IA==
NqK8VeMcPpIoVZwzOUkKTg==
68HDAyXsdOs=
/VRYU2ZGgmo=
UI3TV3SNMhw=
thS42rC8qgU4lBvoCxyBag==
vbFv905wPbM=
LFN8H5WXFio=
2Q6tWubnKAUUVFjRV7bdyQ==
es8mbInlH1A=
oFL9pWVW91A=
ZrfUE0E/IPYiFDj0U8D3Rg==
miv6gk0hCC0=
WXJCeZa7MEZJCRrwHmGd9Q==
frlrV/HJNjc=
frlrV/HJNjc=
VLwqgfW/HBsvmIQHhyxgAA==
JvPq272+waI=
y5aOsiXslIXSXCuTKDhj/g==
zVoV6vxdj4C+lJ04/WvqLA==
R93Iv3e6olyXLvke6Zf7kg==
UpdUzKsf3K1ZdDszSK5luQ==
2KzH3lEP5YI=
D8/9JlyVhBk6KQugs+EOUg==
SKzPGZC3gN8=
SKzPGZC3gN8=
Xxg7tN0S+ik=
MYCmfCU8d6M=
zQjEfEvGaTQ=
geF7w7g8QuE=
GDR0Tye7kbc=
FITLUhaA28Q=
bvAbj0IRnZjkUdaaNT99Zg==
UFmIeTn9kCw=
gNf+fVt9POSorS4cQDGNhW291EkWgItj
uB8vZoWPlrSswCd7kF07kQ==
YHRl9r3hilU=
dh7KaYU6ein4kJEm5DzNK2L8uSPrB0hE
FZZNhCyTL/I=
/1eUqMPdMW0=
xcMnaDfDBtCUvq0lmz2NGg==
bHiWfle+odKM8FGUuAY9XQ==
tZEiqoS3jC0=
qy4a5lnyKK8=
vYjHfEy7DYs=
7KhIQAEbyHcc9rF8TcQS1g==
qr3944JKVKHocGNoVGaSEhi9/tERbvau
Te657bT7gDaIDEuGabG65A==
Te657bT7gDaIDEuGabG65A==
Te657bT7gDaIDEuGabG65A==
Te657bT7gDaIDEuGabG65A==
Te657bT7gDaIDEuGabG65A==
Y4PHxv5Pu/c=
6uPYDkFiQH8=
XVb9UdMU6io=
/CrVBS5iyro=
Z3EMJLdK6qM32/7APDQJ+A==
vk8phW1hDcY=
bMYZuYEfojJ6kMwQvi9HwQ==
80Cb+WB890M=
H/6FjAywqks=
xsgGp+/yo34=
XaZbUe8EtaY=
GE9ez6MLrwg=
cmmdn/83jRw=
yECiWwQ/WeY=
urWIu/Pt/xk=
ydyReF6BKR0=
yzshbsvDf80=
yzshbsvDf80=
n+7lHODp2cY=
rk6Vaw216Q4=
rk6Vaw216Q4=
G5U6+ycxp1k=
G5U6+ycxp1k=
G5U6+ycxp1k=
loKvIZdwEqw=
loKvIZdwEqw=
loKvIZdwEqw=
2mrmG+bbmuE=
sCE0AoBvI0E=
mZGIwvSquJc=
VqAyvo6M52w=
0ai4eDj6dH/6A2c6RNktoQ==
N3PA3OQlcoU=
b1+OYnei3LJtX1Jls4Xmdg==
pS8SupS4XwrolrSLkenz1A==
pS8SupS4XwrolrSLkenz1A==
K3SiP680zRU=
8n+2dVArReg=
/35m1uAFpW4=
luSGosXwEzlXB4JX+JC/Kg==
hgPxD1pU2DpJJuQQHQEeIA==
MntnJhoDYg0=
/mH3bZKQVgQ=
rGxoiJeU/oQ=
qotsmPbkgkM=
9d7kFXWZ+nuVoi5zTHGAdQ==
AXkyFkJtU8OkjosMyVkYww==
NN2qN1WJtLeCzSNlX4Lmlms47NLiK4u2
NVV5BRxrWo4=
KW1bVTRvL7w=
hnoH4NPMc00=
Swo65A9TwmJUsZM0N6g1xQ==
t8eLYW7gd0g=
wrk+6kQg7BQ=
DCJVclgNT7M=
MUJJJ6rX0CA=
2/enFlNABFp/rqbRw8o02Q==
E++kZf0IZoU=
xFSJMnOLqbg=
zUqPrO7V0TM=
OxXhaBly7hbrma0t96AL7w==
LrYIr0digvA=
zCbpGr3tlwk=
pYtFZOHz/F8=
QirpihwC0xE=
ZM5P+7Mx8TQ=
Q2RW12awwoA=
bxWp+Nvnj7Q=
wXE7xqFzriI=
e6FcX/I/pbMuGhsS8KWOVJNgScIzTrDV
rDVI5z6lA6j0T96CBKv4cw==
g4pzBPFvjO6OTVS3g1vEmQ==
g4pzBPFvjO4v7o1pTs+uqw==
Jjoe1cugAwI=
Jjoe1cugAwI=
qoVXlik0t2UaWtIXEom2sw==
RpjwSGW0sYA=
T7TlmosEVOY=
XUafRwnT/c+xM0JaQ6wpvw==
6BfsnfAKEz+muvO61HEVKg==
tnxvHW3fbqY=
+MJdv9Sg9sP5ZtrhFYn3OA==
6d+o2k37uli91fYy1hErfQ==
euh+XW+FMes=
RqQ2gIpslyM=
fiTnu6GTklxmIZQEkOe9fg==
VQCWflBFXlPLLAxMi9AMBQ==
dXO3mSmLAeZ7SAtfRaT7VA==
EUbCW96b9cg=
kCKgwIlILpfPZM9sZ2TRQw==
miVpYInMVNM37+j7aad/Ow==
8r5tGryPfS/P3rDozYkKvA==
2H2SI8Q8PaSw2fEVdSZhMg==
cfhmN9ijpCg=
cfhmN9ijpCg=
Y0uKLzi1P6k=
xSFTH3kViEw=
h0mjlm62gZE0Tl2Lj1tSsw==
j1cZlm33BNmT7o+aOoF1Ew==
OWe3LzLCgONOHWg1T05Rsg==
KPiQa0FqODkJCuiYNaP48w==
KPiQa0FqODnew6NS1RUWk9yXgcahgFly
GNaTGdzWvXk=
KFxIDsHGCfL8f4MNGCArKw==
MGmGd0m00AnQoE+ZpQ3M4+CukX/bSI51
B668O+LRhe/xiSUG3rgr7Q==
Ps2PixCOvgY=
Ps2PixCOvgY=
Ps2PixCOvgY=
Ps2PixCOvgY=
Ps2PixCOvgY=
Ps2PixCOvgY=
JrZEc+HZLYTy1CMeL+JNTg==
MK8vDcQwsy2lmLfrZapelg==
19uaJ1c9Qi32VTLaPviX4A==
amm/0OwC1ewLwRou0oJgxA==
69Qp72+DlNMljxwvjVT+RQ==
zFLcX5GPumEZu1plejROXw==
h6CeP4zpgcTjH6Hpaj4R5Q==
d7CXX5zs9ZTOK+6EOLc20/MnT/avLsqo
tHd8jLTO/p4=
wsF6CAJAl3JxJReioQew9YBJ7a4Mo+Lb
XQqtPW5NR4793/OoY+ftpg==
3dTbkAeTkY8=
1l6wzeFfvB4=
MSR56yNqvhA6ddBmyZ7w8g==
z6MHjD9qtrQ=
XKDKMoEGsOg=
fRxC7mI7IdE=
FopXt9H141r4FQpozQGF3Q==
o/+nSi7qrwrgK+vmVAY61g==
zkkMQqI5jes=
9bN+cPTxyg/BulKev8VEsw==
KmhYNi+WuMydHUqkSx1Y4g==
weGBS0KJYGMokLaa+8tFBg==
bpnS08yjs6E=
HHFsWWjPZVxl3EEIgGBCeg==
KZ/yO63HwXKn6w2WZ0hnnYKj7rSfVBDs
0Q+ybV5wk8U=
B8cD/Jm0BhWqu6TWva9O8w==
jphIXb0WQTo=
Jt92DfHYu1o=
YffjKyoKUqpGRpTtOVlVag==
p62kDR2d3hFhAz+dLBAj6w==
RkQEl1AWIBs=
N2GZwFecuM/8NfdE2J5ceQ==
8WJ4+q8PD/coCrJs38h5gg==
cxeymfV95GQDaOzNa1jiFA==
a1C8c9jNzxg=
sWDC5GmwRHSlwqB6UU7lZQ==
QenAldH3AUJUJdisd7weRg==
S0LJXynXTsc=
STtRCeKQyic=
EpZAs3ZEml/s5YEOW2yLFQ==
tE75DCzaze8=
gBNvDOJVN08=
E9RHlFmyyb/4S8ownPP1Tg==
CgGjZM3wC47ijddeE5olLd9tLkGxEeYS
3phpmFApDqFPw1rreIyRIw==
YxbWUI+1RyvMskWvoo3yGQ==
YxbWUI+1RyuupDS792XyX9XvYrYW0TDo
yqb1HFzzWfZAX8TAttXcSg==
O9SRViRfNhk=
Yi3q25qbO9AQhLv/oF81rA==
bZNVKkEdkvA=
xJNuinsyao384PpyzJGaFA==
aC59at5jzYLAefd1a44fGw==
BcXuwgaHbKA=
ufB3SU2x7U8MB+ui/AFkHw==
gC5B0AmMfx0wOtSfJBAxxQ==
NY2exdWJkaE=
/3+T9i1CEO4=
tHqDx21AzFI=
tHqDx21AzFI=
FtdabOX9+Ek=
YW1jJR3Qebg=
4pw4O1nWEqc=
2yCMPVDb938=
RzwJ1pk6BK4=
vhzaAaPUb5E=
JOXT4hq65rtBP/xG++w/kQ==
dZGrye8mT/Y=
03BFqWz1tgs=
x7n6sUJbFD4=
CKYKsZlwK+g=
aQRUG8UGV9Q=
gENWJaSsx2pWrfdEqFNxbd/3Dy/UpIpdihKHOfgPlww=
DrPHvpGTkwU=
tLDzKWc/Nko=
vEysfyZubvU=
xCDD+APohdM=
8p3QTKyaobutgWHwgxvzkXNo0MNvDxQP
8v3REVJ478M=
c9N77FH5hScCfP3kKfsPYA==
fqCGP2FAUF4=
H+HbmjK1ZPE=
b8fVnxJxxtRE8J6hlE+K5Q==
uqOMkAfF8znTdVkfGODWjg==
izETmmhDhVA=
m7e7uxVthTk=
29WjxWPoXW6aYrGPFvFuqQ==
6i9OXtYxAk8=
vP0obhs+CiQ=
1tusi5PjX00=
hfPehkT/Vlo=
PvmFexJzVNQ=
B5xcxUKBSBX/qstd9nkhZg==
petQAu55gC4GY6OEiCmzvWlaB4DOum3U
AhPlmIfIKead3T+U49MLYjf4RqjqcKDt
BK9Iq9ZYNSk=
VfdyCP6a76c=
CfSJa4RvW80=
CfSJa4RvW80=
wgL4vMoei7Y=
/czNqFV6KYGFhDw5oBL8Eg==
jdxfD7WBa2xWZXmFYGeckA==
F1Gdqz1c5jGAdCvtdF3uTg==
5+ySuL//CQ9xllgFdOWt0Q==
WsUfzbK+bitHBxltpkV4CQ==
vMy3QkG1jwhN7JZUePl2mQ==
WLK0yeg35sY=
rKYFw1rMKPw=
oHuAveD1TaA=
v8q/Rm7WIBQ=
nBkDqXySFTxXKVZb2ss1lQ==
3oFoB//lmxZCpoldCdqogmmcYA7tKX1y
GcNcSC9P7kvMHoiEq4TXDQ==
AufjgGj9hL8=
CehmvXN8rBg=
vVq92kZij+Bj7PoWw2aHOQ==
C3V7gB0GBZ4TRYczoRcuZg==
rBa4HpiB68o=
8aPGYsEIxddoC0s4DNYSrg==
8aPGYsEIxddP1VqIVASoCA==
cZszw54PdLI=
lKAa7Ib6BnFP4SWwZNqg3g==
3PWBucxZaJOIDhMJkjlXYw==
3PWBucxZaJOIDhMJkjlXYw==
mHCCtC1ON0Y=
8sFteuYnGA8=
3wibbp2ocXS9F926lDkzoQ==
Pyx6VTZ13j4UDvsLqZhxBA==
dJ1E7F4mO9Q=
ONutGOzj6pA=
zqTSW+l9YHsyHAhOgjf5Hw==
5uwm59jyYxy61ddHFvfIZg==
0P8YDF9oNXeVLZRV8bscGA==
0P8YDF9oNXeVLZRV8bscGA==
rKbL8/KK8UeKp3bFYLiwmA==
rKbL8/KK8UeKp3bFYLiwmA==
rKbL8/KK8UftC+cBqFOFxw==
rKbL8/KK8UftC+cBqFOFxw==
Fl4SeoaRAGk8Tr1E75y2Ig==
Y8J4jF9VZ6Fli60vrdP5fg==
4mcuKfCq+rU5M0BadXasmg==
sxwfKEs/zG4=
DaKLi5Orr2VvN7ZBQZE7oA==
E40KhpilDdk2hsC1j694WQ==
IiPPSzCTKbr2Rh5iF8JWug==
ml6eRaObsQKSzyUHr3BotQ==
gf0R9DQAEjw=
0BKL+U+tRwPGs5n9Jh3rmA==
TolKBasbiIs=
XzAbzlNXqtE=
mWrSx2WUSO8=
x2hm1edpe7k=
7BP6BG1flDNTnHTqtgCslA==
AOJdYN/Txdg=
SuILipRbvN0=
qYlwj66mW3g=
RMWnrAD5Z1M=
PKAghDoRgssUNPB8oraZuGhrua9JOLh2
50T6NoQSlmenHrGygtFnQw==
GPrLtZ0lYLQ=
a9URumrmuZo=
WSLcVbSRZ10=
oL21qIb+8/T5ieX6tU3djg==
9CaJRex/8TE=
Qm6Xmiq6xb3pkoZR/9xEbg==
PyiHaPIms2EndrVbWnjHCA==
kHKkWqFme3M=
RYmT48W7vBM=
RYmT48W7vBM=
2tpnWxFYdtw=
BZYuVOVybhi/91/g1cpM3g==
o7tbyAMjyiw=
k+nev4Az0+Q=
GzaIq/EB7SLSn8Tur+5JRg==
CpE+xzbssf0=
7RbYR5Qm2HM=
+R5HMpd5w4Lv6ziJszv8Uw==
DZfVZw3YKVFtEStlLRhCVA==
lcDrLw32hV4=
QcxElpObHoschH5yKlVvyw==
QcxElpObHoschH5yKlVvyw==
BXOKnIWEehY=
hMb2WNLKFoBMOpsG39NUxw==
hUo57zgiIC91sFjVi46Yfw==
rMoD9sRo2zQWe2X39d698g==
rMoD9sRo2zQWe2X39d698g==
3Rcflf8G3cwKL5zxxOqjZw==
3Rcflf8G3cwKL5zxxOqjZw==
3Rcflf8G3cxEywFDdsiAwQ==
kf5T7CGK5bAZ2v8QBib5GZUn5tk5h3ld
FFK/1eoCQ4DDYh+I9A38BjjjHPD1O9E4
fwyaXgLUYCFoXb8X5m5+GQ==
fwyaXgLUYCEGZb/qMG6iEQ==
JNJaeMB2MNMswXUUrLsfhQ==
41MwsndSvrE=
nLyVm5CVRJViVvn0ijYwZQ==
nLyVm5CVRJViVvn0ijYwZQ==
nLyVm5CVRJWGkU7ZU4w7gw==
stICNTBdBsP29j+nWIrpJA==
05P5EFJwEAQbszDsTrHXRw==
L0LR6rFQHTlmIxP4iCN+rg==
qtd08ozRpJk=
6gNLSVIhxXQ=
y0wtTNjmoCw=
tLRkuiwwZaDbm473C00oHA==
0HxMGXWCfXCaUNokfi2C3g==
UL2fbPwrdQ4=
l1e+hvTQvTDFjZGKDR8YJA==
OuH70hUue2Y=
YixBvLOVAxU=
AGnnLgyBtmf+J8SIkZ+VrQ==
z/VmROnDcj5h9E53ZJptzA==
6sTDHQ8EvNs=
G3iyQb1h6YrGmDPMx/RHdQ==
G3iyQb1h6YrGmDPMx/RHdQ==
FTGxzDtAv68=
/9B1K2/EYgQ=
f7MPDKxSJm+GJOFFtxRchw==
rUC0GHn2fnk=
rUC0GHn2fnk=
rUC0GHn2fnk=
OOJhSpdhPIw=
dwF68BHBlummxKTlQT+6+Q==
0IF5QsnXb5M=
CkWIY5AxsDc=
cxATfId7RibjjBggmcYzsqtTEQeHzHEU
QY7vZtHK3KI=
2zS+P/rMSDo=
cM9vNAk0Pno=
u69StoDo2ypm1l7hm5Aa3w==
qK0JlXcXqPM=
Iv0G3x8qVs8=
MQkva1wLXiU=
dGPX3BGo7mC9pby/Be5mbA==
6pfjbVVlu2E=
X8vkvxlPgfQ=
YKd+VussjrU=
VDawq+97aTQ=
bUpbYyPWZ0QMVxduTsZ1yg==
l1DCf0ZrCZJBvU5tI7qKOQ==
wpYSrANwpyjO0AMZoYKfpQ==
wpYSrANwpyjO0AMZoYKfpQ==
wpYSrANwpyjO0AMZoYKfpQ==
Qg8QLF4jG34=
c3N5csEG4T9dYdyyTn43+Q==
c3N5csEG4T+FEE++ZowjGA==
SIrEcbSq7jz7hxMPediSjQ==
NqQbgWbUxq0=
M8H9yd9xZeQ=
VC9pDzfcyUA=
KY3w1njBjdY=
EnWRXlZA+wYzHvj6k6DlPg==
Bv1FF97J++4=
JrJZCMzRqNE=
JrJZCMzRqNE=
/mSY9JRU44c=
yhLKjqx/5/U165SETRXxAg==
ZOLoosmU7i0=
SE9sAGDLkgI=
ho5l0oHdL88=
oF8GbQz8dBUSuneV0hfwSg==
TfBwBdmBvNXWo5FZlRYclA==
TfBwBdmBvNXA8G8zQ1xvLA==
xpL8+7NMHYo=
w6OWo5pmq6cMDvA4sG2Dew==
K9H85txUR5A=
67tNBGT6pV0=
/RagovsQRVY=
VGLG1Z4b0Wg=
fuUhYfgYRxo=
wJqvE/JSfmeJW3o2Za2Q/g==
wJqvE/JSfmeJW3o2Za2Q/g==
j4EfjxmZRgDvtawtWT2i3Q==
xiQXvPP58+E=
j0KqTvvxrtU=
6XlSar3HnZM=
6wxGf/IWqMhPItJWS3RM+A==
dsENlWwtkpM=
rFti13Dr8ko=
1/nJMObQGE8=
Ho31o1xNmJWyt5PBLowPHA==
ms0aC8FIjGo=
M/zQAuLJmDHdRYxAJ/oLEA==
M/zQAuLJmDEr1SXF6HGYDwe5K1ZQ7yE7
XNVWaLtyTXQ=
0k9H0l0DtLoUa5Xfdq/sFxnJmjKMobu9
IexiytN5O8HaAhhEVD7XcQ==
6OMTHfCIBzg=
LGTdC3vVwD1rzTWqcoS0pA==
YJHfHPLLs5E=
YJHfHPLLs5E=
APYObYX5qps=
irtvsXXbQcE=
1OS2NDKctME=
oR8snttdZUF6xUd53zi2EA==
dSTbuj77nm/ctDIWg3Pz1g==
38JjQzleCc8=
B5pRHwvWBVpEn9snxcENXw==
+XFilofAk0Ialj0uIF3sRg==
LHhmX8OrM29abCgIezhKNQ==
CVWHNSZZ9cg=
i1URBGj1eLI=
pbQ9gBWaQgc=
8wZ1soyi1xMlBPJFhMwj6A==
8wZ1soyi1xMlBPJFhMwj6A==
NEqVjWFAZCQ2mmqWJfr31VUzVRwXcmwW
e/9DiK9KdmbAsLlKaslUyg==
ahlsBMm7tPmtM0KlAL3h7g==
ahlsBMm7tPmtM0KlAL3h7g==
ahlsBMm7tPmtM0KlAL3h7g==
ahlsBMm7tPmtM0KlAL3h7g==
ahlsBMm7tPmtM0KlAL3h7g==
ahlsBMm7tPmtM0KlAL3h7g==
ahlsBMm7tPnBKfXkklsMPHDfVE86Blvd
MbllzrQLc37KrvvxAwOEEg==
MbllzrQLc37KrvvxAwOEEg==
MbllzrQLc37KrvvxAwOEEg==
IZ4Llp3/XBg=
aHiUmtFhieU=
ui0dL0EoBXs=
HJx2dUuQQgI=
mLq5vJKXLq8=
nlj0oztyN468GdlttfYPnQ==
nlj0oztyN468GdlttfYPnQ==
nlj0oztyN468GdlttfYPnQ==
Eo0or9kk/n8=
6EAvnjv2Lwg=
N+vEKgebpro=
AmeCU3X3vhY=
M0ZkmE+w600=
7o5SSt2257E=
PRLxHTBdP+ibViTJ/iRBOw==
PRLxHTBdP+jyAGx150nE6g==
FfinfnG1r/8IV0BgrO8tSA==
DTMwL69wK9o=
16F4CFR5f9k=
hW+x7wiDp0o=
iDx2w9+Nmh+YOvrFx5EvFA==
iDx2w9+Nmh+YOvrFx5EvFA==
Z0heQBlCPgf04tUlh5M7hg==
Z0heQBlCPgcVoE3CclMxiA==
Z0heQBlCPgcVoE3CclMxiA==
E801EhFoGpcnqk/A2OkGPVEdX02sTBiq
H6nSAIy8wZo=
NeAxpI5LS6A=
mpchXyYm+zNYdFdWqLppgw==
xONE2rdaVpM=
MrLCwGhEr24=
aXdwaIRjeE8=
6qbp/bKEMBw=
6qbp/bKEMBw=
6qbp/bKEMBw=
6qbp/bKEMBw=
6qbp/bKEMBw=
6qbp/bKEMBw=
vLV5/aOQGWDUXQaRQb7fLg==
U1Wf2dFAVETa4B35mfe2sg==
6H69OeEhmsE=
WLjyqOhkILo=
v4u/XzshAJdPSBzYVA1pcg==
OzYVv5GrjSs=
Madr0gpr2Mv1ezbcsYlvwg==
1eWrZQa8awE=
UoYxnwfhPnVU6a9pCNwH32aGJMjX8vOv
UoYxnwfhPnVU6a9pCNwH32aGJMjX8vOv
UoYxnwfhPnVU6a9pCNwH32aGJMjX8vOv
UoYxnwfhPnVU6a9pCNwH32aGJMjX8vOv
aKe3WseOBLXFXQeYlz3EcA==
aKe3WseOBLXFXQeYlz3EcA==
vRdIcRC3VLwtYxL5Y2mCng==
vRdIcRC3VLwtYxL5Y2mCng==
eyzkKCa77W24R7ngVm64nA==
cNXm9xKaubI=
dKLOpJe55UNHgIumqDxwHA==
0Lidrgd8+2k=
7gM6aL91HYUE1cVq1oAx4Q==
1jx3452l5b2Fb4wtrvH13A==
H7/H5I3I11s=
T27xlPNDxAk=
+BHfuHhFoOo=
6VSGkPCDzag=
6VSGkPCDzag=
BhrkChlUP1A=
+CAlugcqpQY=
E/OrKWsFzZw=
E/OrKWsFzZw=
E/OrKWsFzZw=
E/OrKWsFzZw=
pkDDop3+cyFpYQInXNrlyg==
x3RRFCjfF4YvzHODtkmldw==
psE6XuE+49U=
bce+HXuKIVk7NuetA82gRQ==
AvrCg5+4H7JwGV0DPGYF1g==
ZTH9qG8fBonX5NqRMImfKw==
ZTH9qG8fBonX5NqRMImfKw==
dPpqeS0E118=
EtLIsB30Usk=
5cAeB0cPusNg3J7+euwmk50O81D1IxTY
1SOImoK72ho=
reYLZqV1QJk=
reYLZqV1QJk=
YRmpqA8HSgU=
bigJ7Y/zZXQ=
cNzE8ZDP0k3B3QjEchGKng==
TIAleCpRENEK4/vNk+pZJL9bjvBRXJ17JuBLhxqYVBE=
LRObkzgKje8=
cdsRzvxWgr5I4EtX3dy5BQ==
gzpOG8GuM34=
7Wsg3EB+07U=
hwwoB6dXoXk=
HP9ipikgU/e1ZQRY1kAlGA==
CVobV6G//uA=
DNNb7Hh2uPxXylZhfZRktw==
DNNb7Hh2uPyZW7PYMMcvnw==
DNNb7Hh2uPxw0vvqOFixuw==
DNNb7Hh2uPwTQkln5ts7mw==
vGgO+wHxn2S8A72BSOa7FFuXunWL4sUw
NQYdaVY6OTe7QALpi/CyRBHNsmxLIhe1
S2MRsT1hIl7SiqCp4nZ9YQ==
S2MRsT1hIl7SiqCp4nZ9YQ==
S2MRsT1hIl7SiqCp4nZ9YQ==
S2MRsT1hIl7SiqCp4nZ9YQ==
d8XoF2dOISRQUut2GUqSMQ==
3C9qX/p59Pu/x9MMVHw8CA==
3C9qX/p59PtnGtVSVFN83A==
TJ9L+IODPQYQNDhPMWzNWQ==
XhOSeNHx5xsiNTSq6iqYrQ==
l41s1dyzVShHxx1umvjbbA==
l41s1dyzVShHxx1umvjbbA==
l41s1dyzVShHxx1umvjbbA==
hMEX0q855roD6xwB4qYZWw==
m9RVaxe3F9SBHgRZOFvyTw==
oDa+vqR6XHO+8maa+wkrGg==
zW+ptjdHx59PpBSUrteUMg==
+3i8FKxQvvaGbajzv/YnOg==
+3i8FKxQvvaGbajzv/YnOg==
+0fnnEXVILkpFQSzUvJEHg==
UJdXhaFaD8u491rK/7lQug==
j6ZvKoeGM5g=
vmBpmQi8zLibnpAZLAUrFw==
vmBpmQi8zLibnpAZLAUrFw==
IAxVgN+Ex+kZSlHMCFu+KQ==
jC5BhvOIf5w=
EHteeKi11tIlBBtFQAWt7w==
U4Qm3tCM6xVOm2HA1RSstA==
U4Qm3tCM6xVOm2HA1RSstA==
U4Qm3tCM6xVOm2HA1RSstA==
U4Qm3tCM6xVOm2HA1RSstA==
U4Qm3tCM6xVOm2HA1RSstA==
U4Qm3tCM6xXemPCEIEMozA==
jDk3flu9Ouuu9nGpgdXwRUHFq9u4buM3
7sy29aqa9xMl8TKpSimKgw==
7sy29aqa9xOZADO3rMBJdQ==
olizXIXDlIg=
Wy5b4QTN9eo=
o7xgM2jvmII=
D5+a4RlvVs9sNpqGZJQuZQ==
i8liCi/G4ciQahsNjD70UQ==
uR5OkPOgtY8=
FH6fhFrvCguc8SF1lStTyQ==
/3yVYXHkUTU=
UBlUdVww5rE=
opDBaDJQ1/g=
j5IDmAimNlliEAn2L10yKQ==
j5IDmAimNlliEAn2L10yKQ==
pD9qQBcnR/g=
+ox/sgjufPYitOXfDOJVtg==
+onaIhE8YYM=
wa4PUjILULewmPweGxcZFg==
i1PItiScxl8=
Ql+vTadgN5Y=
vucugJRktlI=
ER3rzZfw9qI=
FjkdgjraFVA=
DtEXZZgjGAo=
xjPgndAIUNJgPCWTaXoSDg==
TBzZKLdNksw=
pIML4iF5CJw=
u1tYAD1+bqzg834PUHqPfQ==
ClQyLgozocczTpmDkH5Umw==
2a7SUuv9KzxfBibfXNBpmQ==
qqCd4zLwMpU=
3lLNu8PQMoo=
9ixIu4cPH80UFMY38t5tww==
c8dcLI5bB2J2QP9DNFeJGc/CerHR2zMC
9IOdjzMv/iNoU+evo8Zdcw==
dTyI1PP92gEtbi/G6usOmw==
dTyI1PP92gHYRSEobhNlUA==
hUo3HMFvXyQS9y3e9DPX9w==
tM0CO/q1MYA=
iJB4YI9Jpx8W79Ww83K6Cg==
G0/PR8Tm2tO89C81ooPyJg==
B7SR1UWquRE=
34S2np9FegE=
eNH2v7ETPA4=
kSPIL1BZm/g=
hJxNNjSfjg6mPYn82ZhZTg==
l/5CrpG5LvZ4qvs6a5z02w==
+Hg75kg/QpPL549Ji/Lcmw==
5m/qUZ803WTl3YJ3rXLYew==
tGJ1BPHoEsQ=
4jhscBUT+vE=
4g3j1ydryBWwoBHZ5Jx9AQ==
yNe6T3ZHRok=
RQRO+WfPLL4=
0NXHFUnSKyI=
CPXq5UsgRmCofDFeY+zDFA==
tQ05iJwtDto=
sZl3pv6CVKxI9KwVQam+Ew==
6FNcYWyJ1pkxZw7CSj8ydg==
37G/uQ7O5mw=
aBdIcsPrEArmTkUrjJ0dfg==
6afaUVuZNmU=
UUPRPV73XSg=
U1ayqlhizgCX1W88Khglkg==
Bokg1vQqT78=
1HsXB8Zl5yo=
1AYEj75wMxd1PngBe8CifA==
EsQ17aCbzVw=
0Cf+JD5sEbI=
qoji4wkwcJY=
yWWUm+qRwtU=
epR+Q244xgM=
QifNfu4koGfbxroZ/NDAbw==
HKv4sQIj0tY=
l3D/eQpm9cKN+EqcKgaJSR1WWjXb4Jh3
1smZDS/XsfE=
kWmT8FFNBrI=
k8rHF46asBI=
lJBVmpy1r3gXYrzY5xLrMQ==
oklIsDCdZqfcPyDJZ2fvAw==
ptFIweapKMkzh3TLTlUO3w==
Qx3s7QQk2sQ=
KxPb2R2CtSg=
p2tGxQoPOL7+SS7ztJRvPA==
80RgY5UfNcw=
+tTsosmdDZY=
BM8l1TqvvbU=
k1aLm6aEQ12CQ2D8y6w6MA==
LdQj/fJGkfA9Xyk7hNfD7g==
L+1LzY7dGEuvyENyz02Ptpd9prRoCd2j
+z8MH0BAHww=
VpwlNpVpnUImCe3MxXEmv/sfxAcAgzta
O/NCyzGp6HQ=
b+0rG+kxYcA=
UwlBwDiViYM=
TkNP7fDtaLS2IsNB5SLKPg==
1LgUKh/m9Tw=
KQRhLl9CrScSET1zVbMAZQ==
YwRoQlpF30iOYCWNQFB5qQ==
uL5LTRSh/H9I+nSzKaEo4w==
tmplsDvDFdw=
OMz68iFT0UeWZY34b3+plA==
Chn5hXfC7hQ=
xN4lNCBFP+3MEHhc9ilLXg==
/H1HTykhNefgJgbKTM3n9Q==
MuqQ3sj4X527yN6aDFtCJA==
YEg31vUgcHXmTcY2oP5LRA==
YEg31vUgcHXmTcY2oP5LRA==
gC/P3hbh8m8=
QyER47+zFKiZiDGMrGk3iQ==
GgxAEt3kyuhkN9i/XZFJuw==
V9o23OLKuTM=
ZIiCMCWPacw=
ZIiCMCWPacw=
LmHbh4VrSHpNvOKVXaHS4g==
qGsQkvfIcuU1gS7RseClkw==
umaxMVsxDdrQQh3vRiE2Yw==
tEZ2x+NWDYg=
W2D1KFl4GIY=
afDb096lO2CRaKG+YfHMKw==
Vj+k5gaWT+3Wv8ATTPurXA==
VuYlDeeELZg=
45oU32W/WpWGDf8ddElcLs7cFEpvHykJ
uqB2GtNFMcQ=
7JCJKxYfY5o=
va3i6qJJBhuJrEIp02qVVA==
tkaqRlX8k+k=
tkaqRlX8k+k=
sMidQ+Xl1Qox4EtH/ptMKQ==
lRgsg2B/QVA=
NQbZ3VZMPFA=
HW8mfHPh/qM=
Fs04kxpeUDHqJz9TpYR3aA==
zJVm9kIzXa0=
2CvnAzfcuyEwDSagiQFOqw==
+4he6yDdPW4=
L4ZiwQ//bfU=
O7pcJ7RRFu8Y4NqpU6O/H/jLqhHXGrL8
VDCPHHpu4pU=
BJy4CXxa+uw=
8Hdi4vFGxoM=
WMWdC9d/eiM=
pWOjLy32QiUtNxTiYBdoKA==
V/F45PhdrFo=
vtAgmVhMuzE=
6pbMM5fizgGbRLztsmEccQ==
tRSDux1UaZBFRQhiwV24/9BI++qeKeRl
B32N1kD5VpNz21DxcZJoMQ==
fbBVtX5v4JU=
oHw14Guqbn0=
axJnNMj2wFw=
54U1OKtdIBg=
YX4klVdmAOnVY5J8qU4YyA==
d/zQuyMci4A=
Pc7FCcG4LFIhENqjkLGkVg==
gtdgjWwMHd8=
jhsYTRgGJsGfbC4RR6FtaXLlLa9R4xr0
9cWjYdDvMlA=
LtTKpXbcS+48uXgl1siBmg==
kcTQ5GAfJ+4=
T1QDTvfNjxI=
nOpLrUkBA1s=
qFG4y+r+G/k=
bY/TnrgqhGM=
tIkkU/7YRx8Q/b29Gkcuzw==
tIkkU/7YRx/BxnaiYMshtg==
CRwcMtcP3MjF2Sly0i8SeQ==
CRwcMtcP3MjF2Sly0i8SeQ==
X/mb4JQ06awZ4S2JA1hOFQ==
CNQIG3sDz6TdeGZhjvtWIQ==
I0+fDxvlGklm4rudC+1cqQlVoXyoGQGQ
PiYtqR+9f5edD3SNCfKQwQ==
bXPYKrt+HHk10W7+eZek/w==
4eJeHeOIdcY=
Aad43MLkbvsgW1NGm5ZGWw==
xATnuaLxeEM=
Euj12YNMZ4I=
GvVzrTQ+W1nwCIZq6H7Awg==
Q5BVz5uBZkjKO/5eJkxYNQ==
Q5BVz5uBZkjKO/5eJkxYNQ==
phaL8MSTEa8qtagh9jyu1VJlSnpwUv0u
VwA8wjjLyFkHKp5oXsSHyQ==
imhyP3HOxe8=
C2zmpTzjXKY=
rBhxJ96l6GwqXGIyDSSFag==
/UfkHDGjA2E=
ef1IXHQKNMk=
rordMOxLvCUrXoYZFPK83A==
MaOe4JrFe1U=
MaOe4JrFe1U=
XFllEKhv9P8=
2+ZPoMtyzFA=
tfh5sOD1lpc=
IQPCFtWerwE=
LetovfSAXTli0wWpKItqdg==
yEZEtlLwc0Y=
W3Uu4Nf+TAY=
W3Uu4Nf+TAY=
lEO7SJGnuqo=
pW/ozH9e4Ugm2G5LS1PqUA==
U/r5S65hyfzfYmVY0u8HPg==
93ndFwkqxgE=
A36x4835FPKMwziMTWbqDw==
A36x4835FPK/a/EpY00hdJDrDB2AsY2N
A36x4835FPL/fDwk1pgyO7MhGOuSHUtb
A36x4835FPJZLSv6NHHPEhwWkFQWTCW8
NukCHA2zsA3fuTXM1FsDDw==
YmeIyd+8XL0=
3qTRS6Qiduwe9jym8ewR3tXsOV3/Q3A0
NimBvlpYCFssCxfDtz8W9w==
iMvwh+KMyDRCAPnRm5ep0Q==
WFdTTdGj/3A=
nF8/9OPCgio=
+2aVrNrjGb0OYnIlOthDhg==
vPsIE2f90GE=
2dggZ9FLWsk=
2dggZ9FLWsk=
4nUAfXUXlALkw7YMSE+yfw==
9FPG1d/B/uM=
RsXkWYZ8z/cLhYg6oRrLAA==
FD8rBGnZMoGo2ZmzVPY5Xg==
XtmewnOnPuo=
s5J5z/vhe0o=
mGrv5h/Y1Ak=
XKu9A5C+ynxLEsrGpjODGg==
XKu9A5C+ynzsmZLUAwJwsQ==
B8WrKgs7v7k=
yVOT5Lxm7J/zd0nAQLRyBQ==
yVOT5Lxm7J8HMvK8p08p+w==
sEQpJoBny5EoeekvjupS5w==
1jMnmZdHgKo=
J+LB6Yj2ryU=
TAgmw1ZCgv6UHXj7xIjxaA==
5kV+jf+yUIRn49jN02nnLA==
c1m6t9SiLNiq6j5xkwj13A==
c1m6t9SiLNiq6j5xkwj13A==
3lnaAbkgJlI=
g/k/FOKhe/8k97ZHC5YNdA==
g/k/FOKhe/9KOkcHA2y4ZA==
HyV2P/K3cPJL/ksR02293Q==
zXek/YWulkA=
iiD6Qvz2K0QdA9JR94GrbA==
SkuJhau8fwSdV/rDvkTsI9sD/JmVH1+O
TrQGDRMXceGPKIiFTTRj/Jv8ftY++E6H
UgvWarvgvf0QY9/QKz+dVw==
alMCXbsBlXU=
f5FbhN+mpW4=
f5FbhN+mpW4=
EgGGJytyYBc=
+pN/HOV0Y9AZO6xURgtL2g==
Pm9Dor5XU1NtM+FaV6nbOQ==
1K2ygRavVqCCpXvUN4o5GQ==
oSFI/jZ4xJyJYnw17MOl5w==
3l/db+DztkZEdwIgXLQC4huHRE1xlHDx
A9+owsIeg5c=
qyuUg3Ga7RM=
ht2xQNqVaH80C8d96IdS/Q==
68ofoyUQAtM=
xWWUe2oDJ1h8MxreIxSwew==
RTwKS1BkBkI=
RHW5CkSnHqzA+8MT0qygtw==
y9BR9ucn8Widqi51VJZQsQ==
uGTVV7/GEfY=
N4sk7l6DfxM=
N4sk7l6DfxM=
Ml8MMQgY/9c=
/uf59v8RvyY=
xx59U1HJ8rmvnupI2ulKPw==
LIFX8ZMiLaQ=
mWIWtjHo2fiSKjKG/y1bVNNdOu2K5REk
icguuq3Up8E=
L+59X477rxKMcgzhaLy+YQ==
L+59X477rxKMcgzhaLy+YQ==
fArQquhTLOxnbqyz0Xg7hw==
MufPYF8O9CDmZaU0cdqq5Q==
CZCoOxi//EFlImsItA3fOg==
8OrBR0xgBGw=
CEtN4GhWgpB4kcBnw4ypag==
PPw27KSUEqU=
vOaqNiw25VM=
3rqPob0JTPI=
lspky9tFEaCUMZa/4NcusA==
OH5ljcsEN+9CMrgs1ewzlA==
eXI8h0QhEonftyt7j+orgQ==
wx4TGkNVKUY=
u1Hbq6GBSb5TXoVJlL21YA==
HmgxxqxX+Kw=
h12ixnUNcF6Zlw9jfs/OPg==
X4ys1ABv0Ls=
aVWkp9oBKRo=
8bHV3mxj6J0=
ThlD2kQBfNU=
UgKHppEHrv8bCmzjYoL77g==
VXQELNlahzA=
vtXXdfdfUEzc5x7Y/oPhPQ==
PK0rqkxDU/U=
LQ/jVnGIIBe88QU8L46a5Q==
LQ/jVnGIIBfcoEdwJndymA==
FQUlo0AM2ZY=
H/dZlHvTdPo=
K8LaNruWJ6w19A+a4dCUuQ==
HO/A71B2T5w9H0Cm5bRmxg==
CNXkHdcsqGQ4VqkdjD9zEA==
tL6UWqjgi3c=
FNc7dj5/tPU=
/c7liZVJWdg=
Ya6Gv43BE0Dl/b6d27rL0g==
KzsAehAUu7pG0F8zE8fX2A==
y+yMMLzmKq2gn8ZESM33sQ==
aHpPGdMTNEs=
/76e+QL3w+fi9PVgVkRZGg==
/UAKpMzS/zexwJBjMiIaeQ==
C3wIcTnxO9g=
/Rh8nieHuPXhNo2ymX2JCQ==
smRxs20Np2Y=
sq/Wm+HNwkoWOivvmRLP9A==
7PEGXk+ikR+bKhKNbBMAow==
ZCf7fAfYJKrpF12+rT2lIZn09tD1GC8e
1pwGkx/qwXc=
s71hEGG8ZnMS4zVvu5QdeA==
vAnsnoY74LaTg9Q/zj87kw==
iLaM8OB+VOs=
52CQrNfpluM=
40uQAGp3VGTaVRlKWfrhIg==
dciSo4ay9P8jh1c0ojkElQ==
bHKKjuMW5CM=
gQohgQnZ8rV6xuV9rZNmOw==
NIV5Au1ocNA=
JRzBlZrsj28=
JRzBlZrsj28=
u/RYJ4Pjy2GVr3SLKHtzzhLz/QaGLdYQ
WLrWwSPd76s=
OksKNCvFgMg=
o4tG/JRtx6M=
3sBZiB5tMwM=
CAafxm+KhLI=
p4E7qV8Gzt8RldNOWL686g==
FnBmx4D6nchRLyHCm6zX6A==
FnBmx4D6nchRLyHCm6zX6A==
FnBmx4D6nchRLyHCm6zX6A==
x2e6i3q13SAhszJvwQesKg==
sTv7SfgdGNk=
GzXNcQMfweVkIAa7tzH8nQ==
7mbiBnkJtg4=
7mbiBnkJtg4=
bzXjwUB7XK8=
S9OsmFfKCEDL1hJs/UKVOA==
x1nMaANbDwfaCJgloqsEUQ==
x1nMaANbDwezhv+dPcnBGcYDBkCpWaZJ
U5now7henLg=
kwM7sVVDrKw=
wRNeaKuWJVM=
nz8aY9dcvCqGz4RgItQk1A==
Ft9jiXNqD9RcZvnJuJsi/Q==
+g6OL6hfmTU=
/Pfqtw007nk=
7kZVPkKmqQA=
5iuq+HZ8TGP//suJuaNu6w==
jo/oFt8M2NNh4ZutXDZNMA==
Zm6g6TrRQNcehaG1+aSziA==
KgdRP9yMMXs=
tWnSt/IC6jduEnNRhM/iTg==
tWnSt/IC6jduEnNRhM/iTg==
DLao58LaF0BXFH1Py+gK0Q==
+164lpJwY2c=
GVENxhcys0o8fGAntYlIAA==
/OcBE/KdsMw=
PHFjqCUg6zs=
VFzuTazbmmc=
ohfYHiaw4gs=
tkenboIQUE4=
7r9OKp10OLU=
HNbnD/Mv2Vgq87F4AE9sSw==
9i/ruWJD+qA=
OwQt+Nr1AP5PEL2BDP3c9w==
rpDwtXkeyQU=
rpDwtXkeyQU=
rpDwtXkeyQU=
88GlMrqHbZajTOHfByaIdw==
Frhmvu3xMRFWUx+E8vecpw==
Frhmvu3xMRFWUx+E8vecpw==
Frhmvu3xMRGAXM7m6zayMQIA6c1bpT+H
cPjHmUfUyXU=
4VpPCsZ7k0o=
kFMn1ujQBeE=
KieEyH9/NyGxrZQpZn96ew==
p1rpfVs7sWE=
bj7vTnTPhac=
goDSlvbHGrmo0VcmHEvG1A==
JXoJUAAgScg=
RAcgeOgTHA8=
VOBTu2+O4u8=
Rr42vWpjI4Q=
y2HYljZzAJw=
UFnDczX1yWe8EybFwQ8ygg==
F36nhZcTpvE=
bRzscXBJ7iGddfGzS34lsQ==
lkUu/zENP3GSQiI+boBifg==
NTBR3kvCsQabJvBoTlUIEA==
ISAmOftWeRU=
BHa50Qccma4olLRcWldR0A==
BHa50Qccma7fvbqOVnzBxg==
lxPh4W1/CqbrtQGxycSr8A==
lxPh4W1/CqbrtQGxycSr8A==
lxPh4W1/Cqa6p4haWUf1CQ==
lxPh4W1/Cqa6p4haWUf1CQ==
lxPh4W1/Cqa6p4haWUf1CQ==
qfvSpRu304M=
kdKuKtYcj4P4n5Duvg+AzA==
X2uHsdSbcX4=
YRKdMTmBTHI=
N+wjJNSGMHilHPjY7x5KFHPeUL+reTgC
RsBLx9AOyjxAkPF4RyZmog==
Hz1nL6uCVlE=
dXLBKKL4eck=
du/MlGexDsDn+rM10rGLqA==
LGuOb+co7l7awk66gsKuOw==
LGuOb+co7l7awk66gsKuOw==
ztzsZd2Omzoujyi/bMEXOQ==
jmnK9NYyWtY/KkhDAQQEQQ==
AoY4s0hq27y1ePJ8P2fi7A==
uomVdQenmj0=
AGaFhcIy8Uk=
ebgLMRhrZaA=
+tzQ/mviQps=
qj0ksfL5wvw=
vK9MzthKVTA=
3DuAVisNUjQ=
3DuAVisNUjQ=
MP8QCSB+hTq2CtXVmV342A==
HThUUNXAZk/KAHrOShVrSg==
tDFy3OJwDqY=
MF6A2hXOcXQ=
7QPHVOsWs7/QlayZ9i7HiA==
zED9s6gJeOjoxFSeb99K0V1JbaXUiDOy
smZnXtJ/4tNZMQAgAWIr5iIZesVvCw5V
SlyM/10SL5E=
IBqrScOGPNY=
eBjIHFP3VLc=
7/BrIYdi6cFYJPircmTQ7g==
VHyVgME7/Ek=
jt9znm8ME7Q=
R1VQ3dTOGHwQyteyBG9q1Q==
1J1/NHwfZos=
LZHxKB414N/xXFowRiQ4GhHajhJvrsCT
Jr8Q+rXk0GA=
jnwMWhT7oWM=
tT/XWk5xMZLjobi49vXKkQ==
ALOrGee1hAQ=
XmbI4SteVFp+jGlsJO8x2A==
MH9EOgLSL+stmrBkBn23/g==
ObNiU70bHXQ=
hVx+Rdj3jHc=
KwO/9hbcXAMGHC40ibtT3g==
NIXztPujLRHhn1N+xIDlew==
nL+Fh09YhqhrQGgVcH3nTg==
8elfT/rR8KU=
a0miD/+jYc3O+srqyw/hww==
a0miD/+jYc2drvwANJoArA==
3XyCOByUvLc=
nwkoIwR4Xw4=
cbIqNW/JNGU6WtUaRw15Vw==
g9Lf9NI5WaA=
nxyKIM7MxYAVG4QZhHBkIg==
CMwrLgNGaes=
y0rlG+/0ZYs=
0GMId7zcY7E=
WcfbumC19bk=
yLbKVHZifmQ=
G1+mMvnwERI=
G1+mMvnwERI=
Hc9bg+j+lAE=
BNyOe78f8jM=
8l/Iv2i39Tg=
HfHvDPou4vY=
1vCSTImF5Pw=
+LXPpP2IuNzezUq8t15nDA==
wr14jC3NrbGcCyIgU7eTbw==
P92b2JPN8+E=
+lKEXKpdzx0=
1CoJHrexGMAG3sqvOehXrA==
XBagy//DDVf0mepLVAW98w==
F11Km1cTUZp1MXzElAA5kQ==
cEqFXIQwtCEYs/eBP6U0pg==
RdjvuIVVns1Rcn8n8hF6vA==
+jKOokH9ZFdqdf7j50w+Kg==
iks7dyp2FcI=
GkFsAb2QjEg=
9gz9I2yypsD3GwKoc0ff2g==
a31BFYOeK0s=
G2HnjB4pa6U=
z2He8CaQlHg=
RXGaK1mBROU=
E8Ujr7MTHmZJSGNe+FwaoQ==
0znDBXCAsAI=
hHBbzjgSuFQoO3vdiQPy9Q==
hHBbzjgSuFTEiH53cm7tOA==
YHufSN9CV7hwy0QMkgQ+dQ==
cJV2aQFpT9KoSkY+1TRoNQ==
3Jj0osOXM4A=
zYFzlRl+tb2ObRugdq6IGg==
ET1GsPN2yc9nqti5uYHJgg==
3sJzAWEnXCsyqhes3e8o1g==
gUze1fiE2ew=
gUze1fiE2ew=
E6xBqlg9v6huI1ic2/V6Eg==
j60Q3nsUMHO/f7UY64LmcQ==
yFAjaLS1g9PlIYmCrojyXQ==
wKh1v7FCaj+druVhZqH8kw==
k/rC6W3CUzM=
K2oU+CgpbDM=
q4c1AXxVWFQ=
dTy6up/rVts=
OWrgLNlvcmmMPWaLcwbGuA==
IEJJFXtsIwK9wq9jftONXQ==
IEJJFXtsIwK9wq9jftONXQ==
V3w0gQtq9IiIaTp8ZK5pkg==
hSV4S3UXFrQ=
f3HDSLImNwo=
QX54AwJTLT0=
hGFP3ea4oM4+JTyj8DAcQA==
oApYeuC3X1PuyqdVbRzxPg==
dqBSQ3oVEHw=
zjN6DTTPSFo=
gwF9uMgOrgglN4CY79si5Q==
aXQdKuNCl54=
jGfJ2WdslU8=
0ExB987EPxYVfqxBYxK8xg==
LP4ZGaEl7+dKPUyxaUdojg==
uzohYuhcYag=
S0jgyYKnrbA=
S0jgyYKnrbA=
hMaAHcl1nJng68sVemcu3OHTtWTK4jAT
2EeHKelXPyA=
2EeHKelXPyA=
2EeHKelXPyA=
2EeHKelXPyA=
fSp1rXznDfKv531Wx9aY7Q==
TlMefdSUEFx90JV6I/jowQuBD5nFhQSx
VW3F/YLX6B8=
5iWEBaqisLQxrHUlxcyEuQ==
9AvPO4zeyBgDXNe+H5scLg==
pakrRWB5b/1JFhDDYbvIcQ==
qHSVXBf9NUw=
YCnsD/bfei4=
i3FF93reAvw=
r9nEDUNXoMU=
w7MPDomknwPtAEpqvKKbPcwnj4XKFVvr
jPRCYU9WuY0=
7cBJLIhY1mhUFmHsXDfQvg==
Kk7jh9ik8l4hUe0cTStaxQ==
PzVACM5q32B5zW+TPLkkhw==
hi2wVga72ugKNvRq4ppW5A==
hi2wVga72ugKNvRq4ppW5A==
6ikDAoAiZ3rB9ri12CqQZLlgiAkXZ9AR
fVovGD7RzbwgDstRYnM2XQ==
fVovGD7RzbwgDstRYnM2XQ==
fVovGD7RzbwgDstRYnM2XQ==
IAliiCLMV4wwt1LCruC4ikSCPPd9ELXf
MVjceIW7XYOSgYT4ENuLkHL1re9H0JXX
sweMWvoZcywWjBYjlUr7/JY+UVpPbkaX
9NseZEfgZ18=
9NseZEfgZ18=
PFwHXvePWbA=
UE74rB5Yg90=
UE74rB5Yg90=
4eG1r2gcFv4SQMCiQoRWSQ==
vi8JOP/GeBACiymmLtjyWQ==
4wAMqTcGMOcdJ1CWJnxI0w==
tp8lTeGW6z6g9rHsmnQE1g==
XW0Mky95YBU=
JB9xy7AnHjUVIgABQV8qag==
OoL2mTNNpe43jT4y3GagmQ==
kk0OL3ogNE0=
C/26AEjztdY=
e3sZuvS5hK2R6DqHQGRz9w==
+KzlQzTwtRhUaBvTKc3LMw==
B7AMhAifeDE=
ZvhUuGaCXoOXUPxy6hU66w==
HdgT8/RdBlsEksyZ1XQh/w==
zLNZxjD6smY=
W/zOSwev6fuTJ5rCFxgUHA==
JEDzf5LKChk=
JEDzf5LKChk=
JEDzf5LKChk=
JEDzf5LKChk=
JEDzf5LKChk=
JEDzf5LKChk=
JEDzf5LKChk=
NYjGzkfBk1I=
enjn+d7AoxM=
enjn+d7AoxM=
enjn+d7AoxM=
enjn+d7AoxM=
8tcsjcbJkRc=
fs/TKmON4KtcvdQGJlOYjA==
ocSOTkfQnW4=
FgWuATcuZDU=
NINhhqhWguw=
wQmuZChb4XFRLTx5m1AJjA==
Vr0rpBNTaYct9eNFUCa/Zw==
Vr0rpBNTaYd8fCQtV3u+ug==
wEMc8u5yI9c=
AbgIPV6qfzU=
DjBBPkTSTX0=
dvN8ICoSakP/zP53qFVTQg==
p6Mit5Sh/ug=
B/0y9pCnE5x/V6o7VB2p1Q==
6svKtXblAzjPSBfLM1wriw==
q5LHLJwGrKq3P7jlnOKcnw==
Yx3qHS/RoCs=
Yx3qHS/RoCs=
NordAj9z2D8=
ICO/27YfaANYVY+3RE9cxQ==
cmtqBdocgm8=
YBbrYa0xbQsX8ARoGza3PA==
HpgpzzPcRiUV61mhSbNMYA==
tOD63iHvJj4=
HwCMimudWfA=
e8LlPfDMJ8zwjrbowiOflg==
ozoL3SPh9fGheN4yBkSYsA==
Vnvw7Ir3LaQNn0iEvPWWug==
GJ/BW4TZ3R4=
bdQy1VMRaOuiXlGAtr42/A==
AD5ATavyj+M=
owueyZbUTZg=
Qthv6oTGxS4=
q7oAhr2//nM=
1V31xtWgGnbjgjzV6clETauHnX6vlTQP
LIgGeqy72VtsEJiz4d73eg==
ykgOWv9AaG4=
iae6QC0wlBs=
tZ3CMrwpcGk=
H1adXeG1Dno=
Npx4w80z3v4=
S2UzUltOe+M+daprJiAGQQ==
vWU02BBwsfuZoUQBeUYF6g==
vWU02BBwsftGUT9Mfwox5w==
MmngkpshX2nJ9yq04SNEEw==
GRGYAoj1t0mFqAZBvusc9g==
GRGYAoj1t0np0zGNwBYIjQ==
xogxP4caRjoL8s8BNRuCUg==
5ymhJ6Dgf2Q=
7G5wVuHCru0=
PI8Toykwpxo=
pvw7KuOKMotIkksXmznDqw==
RJT7qn/9hJhJ+eeeVZ2jJg==
DCIOI08VskY=
DCIOI08VskY=
ptKT8z3bwwk=
/SBPz46yy8U=
/SBPz46yy8U=
1nrWJqCoxD8=
TZFBUb3K5cs=
Yxoofr400dk=
6D1NHSI/WCM=
5zO5BVgnxMIphhVYO5EdAuYFWP08nRVZ
jL4u6zHR6MA=
pdWA0jmW0n6Zfbc4EvlQwg==
QP52ceVtf5cWYEo7PXlflg==
QP52ceVtf5cWYEo7PXlflg==
QP52ceVtf5cWYEo7PXlflg==
QP52ceVtf5cWYEo7PXlflg==
dKQhXyjEiZHvN5Ecbbf5oA==
dKQhXyjEiZHvN5Ecbbf5oA==
dKQhXyjEiZHvN5Ecbbf5oA==
5w3VRi/RZJUaSTHZ89GZWw==
xOb1K2xFvfhfD+Y7TfB1UA==
aXXR5/y6KyzwTdoGDHLSeg==
aXXR5/y6KyzwTdoGDHLSeg==
rypA1/ejHBo=
GCD0ARaOoYU=
RiDEIzQbTko=
WJ2314vyk2qEPr2dDBPLnQ==
llX1dG+RlcyQjWTnGte/ag==
bLW4h98fBaE=
OTz+ZWB5ojQ=
ZbhHFufFms8=
ZbhHFufFms8=
FlnHBIvw7Qw=
R5wV1xOb3cE=
J8pQdt+UwhY=
5FAnEU5aTsaJleZ2bIm0Yg==
1aoAzw17XkOSKEsNUJ14pw==
qk4GTOwtSNA=
qk4GTOwtSNA=
l/rnVtbneSatpXs1ZKvmOQ==
gsP4Sow+y3M=
Sx6C9Z22Hlg=
Ekp183Ps27lngzckSC4yJCds1xUUnnUJ
p+QGS9ELCTY=
8NP9FsGnvFI=
hsV5Cz3y2yqtjp8cyUuWow==
dD/D5iNNWYQ=
fWb5AggOkmU=
/yCf8XkjG3GNv7sqoE39fw==
dpaTMBmYkAm1X7TQmfY5yA==
vcEcEBbIb5M=
vcEcEBbIb5M=
/c9d9t0axkI=
DujdkrRIB5HHV5hr+cHe+w==
Zf7nzolNols=
bfgfK/Ai8nY=
ORvlfvbUHLnezmVIteKxEg==
Yjmo3B/xQms=
Yjmo3B/xQms=
Yjmo3B/xQms=
Yjmo3B/xQms=
w+S+nFFeCZA=
w+S+nFFeCZA=
w+S+nFFeCZA=
w+S+nFFeCZA=
w+S+nFFeCZA=
YUJyuqJbZ5oQ2ut06Z5Paw==
v8bJDtzfG7I=
GgT4PyXoALUwykJ6QJ7ubg==
2JpxMLLGNpc=
SySulcsrRiO5uFSAtH7RRg==
MYUb/YxTXHy8Y6rFYlpv1Q==
KtfuzVztDSg=
P3KdxD+LOwRqeyTrxo8zYA==
zUBPGqGrSbI=
eR6ZsoUgoi4=
fN1AUL72jRg=
1FccrOhlyLFWet25j9S57qMraZVXrLvS
wPol8TiMQ+dP8a0F5cxPig==
4B9Yc7oDilJX/qm3zfDW8w==
/Tw+DW7EycJF5u85MYLgyQ==
kuMc2dcAq0yPPHwSlAq8gA==
4n9RpEMHKZk=
nXgFk4lBwkU=
06THvoz3mGLn15gaTNxEsQ==
HCUrEzEe6VKQBuVmL+XDEZ45sWozsWpS
HCUrEzEe6VKQBuVmL+XDEZ45sWozsWpS
hW3pbFDdi2Q=
lF0E6Jz94HuGSl/pNQJ+ZQ==
nO7SOyO2lts=
hCimORUhysM=
ZmAfn85AvLs=
mCykInLgF/c=
swV+W8mNYql+Hovi1EUEYw==
GjBeh3U0hmuU8ObjVV22QA==
j+IVCYsEsMg=
lhZLHpiWWnA=
O69WxkF+23s=
VlNqUYpq5Rs=
eWuW07hGx+Q=
RW8n8uEg8fc=
nxtL8mTsdtc=
H8ZnSkdbLrs=
f06UNyoWDR4=
mlORQNAREvUJNvIpU4td9A==
DJFY8hpPzLHKoOeQ1JUj+A==
DJFY8hpPzLEFtt2BU3qJQQ==
T4frqTQ0c3Wc56BfHPxj/w==
54JzUhfgogWBT4PZGzqHLg==
7EnhLmYm9Bs=
/z4+YvoBzzc=
Q28IPvX31UaysHQ62gfDIw==
fwI96VFHR/yjZD49VWGozA==
fwI96VFHR/yjZD49VWGozA==
fwI96VFHR/zM2jE2cOQXpJVXClrkOH/0
ANrtwxZlsR2/rXxKQiODCw==
PfK7SMLx2NBUwaQDSqAxIg==
PfK7SMLx2NBUwaQDSqAxIg==
cwrFa7BBDxg=
6t74ehCfreU=
goPQxTJYr5g=
0shzNJkE60U=
a6XD3r0nWnU=
h7RZIrSL3ZKeZgAHSd7ccw==
mkkjkPrKg4Q=
Wmxq630oHwge7yMlTkZgmw==
Wmxq630oHwj6EUCILr5Ztg==
UciUVPlQUqE=
PxkTPMM//bg=
k6sEwthcN/c=
kDT1a6fyscw=
+voyZSjQrmN1KxUJ/cyWpA==
WU2IWs4tWssiXaBXwAXaMA==
WU2IWs4tWssiXaBXwAXaMA==
sPey2GJ32LY=
56euGGwmZyqTGO8zresing==
zUTSxEE85BaxEQva9e0V2NOq3Qf9Bl6K
gXPwjgh2P+U=
n/SdL9O0C+k=
ealeHzX3Ywqs31UQjIPKNw==
XS6CTj52+gvswQ8P9qRfR0qB+1NKvX1b
wRxyIRGi8dK0r3zaSyEtrA==
wRxyIRGi8dK0r3zaSyEtrA==
FtShbnW/j2k=
YwOBIQIq9C8=
WFFu+QQoOaM=
WFFu+QQoOaM=
t5+ZXig77d67ztMzp/mDuA==
xto5qwsaHcc=
xto5qwsaHcc=
xto5qwsaHcc=
8jBobAzI5Qc=
/BI/tR73XSI=
8kJIMEWPILijEeL4QevV7A==
dQybM1NzB1q7WBesQarRUw==
cQ5wBXLrNYs=
wg7nDZ/iJqQ=
wg7nDZ/iJqQ=
4WojxnGVgrG7Yw+5uI0rcA==
xljg5sXzxq6wRxhSLxg8aA==
rxTnPlBVZW2xh80rzQl+8A==
bjEdUbutE+oRH1qzgniBug==
lEKRRp2INGc=
EZq6Yys0XY5946Hf5XK/+tUCmCY1zkhe
EZq6Yys0XY5wyuDWX7DMoA==
54QfzgeX7Ek=
XHWktKb1ELhsYBRn9/eSag==
11Oj1tBFNXofBzK6UHKBNQ==
45VTrLuWS/UQL2h3js2SdA==
nUM87SV7oxI=
FcrXVBzqBMI=
BI91lRrpCWhSbeFekEfnZw==
bPqa7gStyGo=
XTQS7phL3iU=
Liymb5KWB6s=
4hWiO4kU7XQ=
SaO/uixGyqaoAo2PVT89Ig==
lc9J21VxOPk=
y3R9AkS4Kec=
r5aVbEIB/Z0=
/aU3YIFuqYHzO4X+LKcvjw==
IMSoA5p3qC4=
mEJTZ3AgvPU=
Kh/rUuW0a9V1Cx4/0VI7UA==
OGUCkCcNEvvMSKtD+03LNw==
nX7qLbpJxJs=
j6Txo0xtxrY=
cuR+cfAnGSg=
zY9F1wPIDKJ0pI2HEaR6piJeGRoeSNBp
bJ3dMOy3EUmRaiHi2T6s/A==
tn7cPAX6Hsg=
U2vYT2T7BL0=
F0d0V9HQk1tUjHLcUjE2vw==
F0d0V9HQk1tUjHLcUjE2vw==
I3oL2YoDJw+E3xQeQI7gpQ==
EYT3l2COi8w=
lPIjtxD9mXM=
inBK2NryoJfoCIOudlvZqA==
inBK2NryoJfoCIOudlvZqA==
WUBs+mQ8kb0YFsSYHmSuLw==
WUBs+mQ8kb0B+3kIiuz2Kg==
4RVPPbHQHMg=
4tf+Z13owUA=
DP5PxRPwU/U=
OC1C2dg2ggVIeP+LYA0WPg==
OC1C2dg2ggVvq/zOdwlYSMuMpgWSTkcq
HtJ8PoI+PTM=
mAsZYAIUEY8=
P/dgtCbOuKQ=
xF9MLc8SUK4=
kto6LI8PzdBOEAzFDPqMFTE570ALgNCM
bxBIBq1ZXDE=
tpk+D9n/xLw=
1LbgkslhWNeE+PTq79U7+A==
hkq9QqnJXro=
z9ajEj0GDIw=
QyAU2ZgnZRY=
QyAU2ZgnZRY=
Das1Phe2J9A=
h0IOG1weDWY=
2wpzkDHldUI=
tgiisZV4IdQ=
qpptGkRJAfg=
TH824EJPmvek/ZKehVC6hw==
18nsrWO5RpbZq5J4MLgTGw==
RB2LQte+WUA=
OO1j7/cm21M=
OO1j7/cm21M=
XuEi5oFtdqc=
58nGM3tSTx9RfSj2MX+VVw==
0YF0b3XBfL0=
GUlXfUf3xsCZ/15ChUBqZg==
qEmrKUHxYEnXqS4bRm1STuabbtWY3Jqz
kuIwr2ke6OCiEYobtYe8gw==
FwkHIYr4/90=
2CZA0CVdxr0bQAewuC6V9Q==
5+8aKX8GbD8ITupfQCQIWg==
aysYGU113Fw=
wM89BA5GscI=
OlUebScE21Y=
zV4Ed6HKa23+W7D0weUqJw==
VouF6E8GyCM=
oD0yhF5R7v8=
J8R0Jyqg6fk=
FjTDq7roKRttcW58DxvGvA==
2kCKO8PIJ770srpsNmsfoQ==
+mI3PWaAHUbJekHD9RiPwA==
cTjPcHhfzlS91EFNssuzjw==
QJvm4wJP6NvZScyC2xfbgw==
HQrut4TTi7m6agqVta4rzg==
qehb3ZV85Eg=
3tEKG9WeXgM=
m5uWPuOK+M0=
gABJJvQci3AcMrn021VTUw==
KYD5QDC/uB/4vlVCuE4XYw==
iEer6Y6I8IE=
HDiJrjc9lLY=
wM4JXV4Nrdo=
sPu4Db+tVsFH9xy/9fhDdA==
bLJ5JZJeln90Kob50HT1mA==
f97feywyiKw=
kQDt7xRa0tk=
drrFB3piTeo=
h9hVvgTIOkCMoju6VisP98KMtQz2uzJU
H0yu+bt+nwU=
1NxW1yz6bTg=
oqTslyxNAEHHJtUpMk593g==
aFa3BnQIXLA9j1CZ5EyRQw==
Z2aM8BnM/zo=
1sP8LlMJ7LDu5S4Ypw1iVA==
8K5gi2ZaCMQ=
awcr0r5OeNo=
4HoNNsA3wr7cRYIYevZ1sg==
yw0A/3Cn/dk=
AKw3d9gt21o20lCTJf87fA2T3U4cSiE4
CwjN6qhhtlg=
Pt9fgOchtns039gA6VVD1pRRCEVDovqK
wSyYjEzakIYXeIsBDN6OMA==
wdFMj17zAjuHQJDJ8qSTzQ==
wTP3yXZH5CG3e0GywsMMeq2yUiuDRi48
oYLZUMEO0aU=
P2DLAl8fJ9Wi/nPFNXR06Q==
cAf9qllC1WSrCkvs4X1jxA==
/ulev0SK6uVoGX3dV1kJ3LAL1JzHjpFB
/ulev0SK6uVoGX3dV1kJ3LAL1JzHjpFB
FX4Kev13AsHJHp+TXCjrdSoDS0Fg71SF
FX4Kev13AsGWd+P1rmMUujCZ2pv7EJOB
FX4Kev13AsGWd+P1rmMUujCZ2pv7EJOB
FX4Kev13AsGWd+P1rmMUujCZ2pv7EJOB
FX4Kev13AsEvDy0o3/xG9n1r3eB5OHSL
C2Jt/5J/T2p9HTgOlOUnPw==
C2Jt/5J/T2oArzhjQT90AA==
byqcUMSqO+9Ra8cYplNdpdqaIFj0MQPw
aU30v2GRSXA=
bw+YXQUBoA8=
UA7ebWJ+Xmw=
UA7ebWJ+Xmw=
vfnk/gAVvNk=
6uFjFQZkoyZQJL3g9Fur0g==
6uFjFQZkoyZQJL3g9Fur0g==
ivI5/lC9RTs=
8WyWdLe/xvbhspOzPcL3kg==
mCRRpjJQHeA=
kRz5PM1KBY8=
MZaGij4Mc7O1YtFRlGNDqg==
QawWk4xIyGRsuPSHw2Xl3Q==
JuPFeZ0oTuTP3j6XJt5MlfbwioRFWyEf
hcAN3ie6DzI=
+cKubjuLXqi8T0O736dREQ==
Z36Fw0sfprm9kZVxYOxwhw==
xkc2UaznhYx98ijVAp2Agg==
mdRNSbmaw1o=
o5zNvCLh24U=
o5zNvCLh24U=
o5zNvCLh24U=
nR+xOaFKKh4=
UkGJYBKyi+IXGFZnVqR7bA==
nB7eabbOIlg=
Y/MDbfe6sAqncjb4k6gk8g==
P77UNlDabVv2JPYdZcqegw==
kqhUtHDp9Uc=
kqhUtHDp9Uc=
BcJdtmlOnEs=
V3UaxO6O5BGhbBzv2hWyfw==
V3UaxO6O5BGhbBzv2hWyfw==
B1XbtR3gY6H33fW5olImHA==
j0COtbNv98c=
2jx9JPG0d8E=
qeQeFElIxu7xdfw8LlHR7g==
qeQeFElIxu6RMV+oiPQQUg==
jJA9Sd+n964=
+DDZ4I33gtAGg8jQ6Xhqlg==
+DDZ4I33gtAGg8jQ6Xhqlg==
+DDZ4I33gtAGg8jQ6Xhqlg==
G/iMm5PCDq4DcBpE83mPBg==
L6BJMPkSCMs=
msbeOVwL8Jk=
PZpFm/yz6pM=
kIaW/3Q3012xUXhZgrBV2g==
EO9C/V10tyo=
zvTN+oGvNT4=
Jz33FPZbgCE=
+QVXi2BgHfo=
+QVXi2BgHfo=
Cc2uVEOUuWk=
IeHW84QU5Es=
oxvUjmJUURALWq/IvjiLrA==
7nD4ZzdXTuM=
qTsPROrqV+oRhtrTAY0VRg==
t5i/pnfjAJ4xODCMSSon4Q==
BxZw8FbXV5g=
e/0h/ZMs6+RiZNN3Bxhi4hMXo3nxhXw8
poWeDaoNZqA=
GMqcQpWIDubyRr0hIwYGEA==
GMqcQpWIDuaObyBGQeXXGQ==
JdyTcnmTqwk2SO0Llu1gPg==
EyQvKB4ELgmdottm4/0gGA==
JS4g046MONbKeqxHiO4K7w==
JS4g046MONa5b0eCrksaog==
Cfs7EajiTGfijZxsUH85xA==
+rM6d1JlafY=
XXRwDH5vN0w=
pZYlCINjVYs=
OxyEVIkofOM=
Nmq08hzzcoCdF0Jax05mYA==
v7lXiXCnpTko5qS29OFKHQ==
gcKYxvr59xG3rt/tpcneNnfqit4AQB3q
fRtj8DHM6VLQUKtQLu1YVQ==
nWwu1rAs2/NFT4Rl8yk65Q==
mXnAf6q66fQ=
ks4OPfIZvTY8Nxvw6129hg==
XhWdJ5NNcTMZRXhlTkkEnA==
NzVRWZ/MjqE=
yGz13y0CtE0=
yGz13y0CtE0=
yGz13y0CtE0=
GRZWE5E5UoFyqSgd6eS5KQ==
2AaoLD64HJA=
03cIDG23e82MvOuBXfwmsg==
PnlctJzv4vg=
WvMmaMDJu/cRoWyKe3xjCQ==
TgGwJXJxBmGYCylxmalrqQ==
xzjVGCVER33wBfbdpKFBsw==
YXFgxKxmKcY=
pMJsUgvseDsQyTmFLa28gQ==
nGUunXyvAUM=
FG+aF05YTG4=
FG+aF05YTG4=
6QfJtxhjZVGFIx6uIdmiSg==
bAc/Bp0Z5M0=
p34Abcv4fNE=
2pqhqhvA+W8=
PMMt/Rk/ZPDclwR5jYfmrerviL49ugxW
bLN2dSKy3K0=
9hc1PyaHp6Q8XclrjC4Yfg==
amfVC+Msu3J4uCtILt5bJA==
NK2taF0Z69a1hoOAmqW+4g==
+Go/mqMp5sI=
/Osz4sCzb1QmcaFarz887A==
SNr3FFE1l7I=
ndXivOQ4OT/KwMD107E2ww==
i9BIGE8xs9Y=
WR0IY5OfUvg=
WR0IY5OfUvg=
WR0IY5OfUvg=
WR0IY5OfUvg=
diygfZlNUSNIDgWhyhTZ14R4IB4eCVx5
z8hJmvZ6/AA=
h88j03rNa/YB6zmghEL+Yg==
Pl7k9p/lNls=
pCikrwqwV6M=
f5QfgpyMr5kYfpbQ8EP2wA==
03IHEoGA7xs=
nAoWb8gCg4s=
qef4jRVJ2N8=
JGl2Z6WnDKDjWHre6Ll6wEVKybOqzncz
rGyNqEfJ7Nk=
rGyNqEfJ7Nk=
VyPr8fbkulYRY/6Mqw5+yA==
KKKrlHovhCY=
WRfWbGDwJBk=
DrbUdOBpuzY=
RIOruI5WYfE=
agCfZmDKQUI=
agCfZmDKQUI=
PlVHduSIEOQ=
7etivwzeaemdHVkoF8DHwg==
o8oM7jTrk9I=
03aX/aqd/YIVLdDUNQwTeg==
+1/7Zy4gt6U=
FsNwQvYnMTw=
CyFnrRpSC30=
EE8UgEcmVZs=
iR7fuXdH6gCRlOgC+wHyWQ==
40r2DaeNxVs=
zXodrSpLE04VSwB6XoboqQ==
3hAX+/jIzpeLYd36VdpBDQ==
CGjrE5CCUm9IaglQPfQs/w==
11W84gmrgxEDj50g+tWg+g==
11W84gmrgxEDj50g+tWg+g==
G4mjz4jn2dRXdU9BydLbWw==
5UoyzW9+I9MUZr0WoJTloA==
xei0yoXQ3B4=
gciMTIUoD+5OXJehPNQTrA==
VR1CHaAAKr0=
xAvm5UrS8VJjUdQwA6m/Nw==
V65ETfYSvNhx/Zjr+1Tt3w==
amDWpns86Hk=
zAAzd7Ab5qo=
/dM3YBnh9vYAIYKaAQHChg==
aqioSb/RQht4QgnLDcrAyQ==
iVVATRxL9I1EIRJSVKoJ4A==
s5HIlIMUy4g=
s5HIlIMUy4g=
nRtbM6Gaq0E=
778DoXqWN+bSnh9I04Gbjw==
tPqua+Xpzbg=
pdfaADQ68RdPYuAmvF6SaQ==
otMi5wBuYhQ=
y/Eivy7+4UY=
vt4rQEM/JKQ=
cYb9HeCEY64=
GOkS1iZuNwGAKCaIDVnZKQ==
AqZmnieQXc4+1CNrdABlAw==
fbrNcd+iMPQ=
DyTPDWqcHOdQ1+7Gx79aHQ==
DyTPDWqcHOdQ1+7Gx79aHQ==
eCl3RnAMhu1EVrBURCG5rA==
fCCYkSSCQkNIUbDITKALsA==
ylVnGtKmIPM=
yuEJPWsomizWBysRJkqiIA==
EdjfxzhSY5Q=
FQlBXkRuc1w=
jG6pfiBez6LHkFQj8LNgSw==
jG6pfiBez6LHkFQj8LNgSw==
bHdAkNPxtDA=
zOao8l1ZLIWj87M0pYzn4A==
aFUEII0l/ljKpnZU53Kwyw==
eHXoC0AGvZE=
48VRIGg/euI=
jGycCd+wn3M=
jTFFS+hO+uI=
39MgwTzkpDc=
C2O0o2gTn60=
HFzfmLj44eE=
pISlI4oMFfw=
u80Nhre6/io=
HVoo+77u7jA=
2YqLJJx2arS8uoJZn2ZvEw==
X2tB7NtWV/I=
QJy25bjcUH8=
9G6Rr5AJLgY=
5AUY460eFg4=
zQWor9pW5oI=
ZXbIDgc95REoUhvepeHD1A==
G0be3NfJ6U8=
tvui2s6wsdAsU31rk51eEQ==
g/J+XpzfPdY=
cEg6xdjWRaeBjBSBzJrtbA==
R+q0c2SaISjmm6LN0vHipQ==
pM1j5YY4j3hgyyrHjqMSKA==
MuddUvf7FNtEfIXfBFIaOR1bllTILq+C
NZjDNNKQPOw=
rjCTxT8gchk=
k0ZVzopy1du9VoX0GPtfdQ==
OxZfRwEW3lQFQ1ZL9Ad3RA==
wtg4/JbXGZ8=
rqubMWSmygs=
vLaqAsXo6O3LoPKckthUcw==
nNJTxmoaRdU=
bKFNBtTLaZc8NZPzwBWG5g==
9gtONwHKrMA=
f7vzfpSJaPWNPC86FmFyeQ==
6ncg2OIOSv1NWGhUkWpgDg==
RcHflly52xSwZubrDdoKkA==
C7cZw2wF3kc=
HCGkP6Hdg9/mYECam4f1JA==
7yNzRyyWnKI=
2IC6/C3kn+12w9XYeyw/Qg==
+6pM/ukr9vE=
yNMO1jQU/Ts=
UxjQnP7qYH8=
xREYgjZpGto=
ySG0DP1t2m0=
PzqA7qYInYEI2qyZYCsMNQ==
bA3tQF5KZew=
rlwXWm37d3A=
doeZMbG9Gig=
tehvPqyTuSUf60/D8U5hTg==
zW23V3AL6BA=
lfdNN045kBsyckDNb9Mt7w==
jUxYEPg8alcMPKxHU+Lpaw==
m4K2PezUDPSmg+iwfGaJpQ==
bfVSlpAMgpl0Z3Xd5Wzwgw==
iNwciU2+BxDNyqE1QQaOcw==
3vAI7NqGvsknCxCU4tzGyA==
1799EB8aVFU=
TmMfk8Zivkg=
IYHY9BN4WVE=
ntpKquXiBc0=
q4ZNGE/EYCc=
xXErseBv+i4J1YnrHPpR6A==
s4NDuyaN8gBrhVb0S2eJgA==
fQ7SVyBg+Es=
EezH+oyBRT8DwS88MUl0Hg==
EezH+oyBRT8DwS88MUl0Hg==
U+tfiWSmAGfzddKJ68dAEg==
1XnosnQeMzs=
EGbrGSq2xp4=
dcldkmH/SGk=
dcldkmH/SGk=
dcldkmH/SGk=
QrEWU9RzyfGYT963KKkGKg==
8Z+wBD4N3nyPU3i9awg4dQ==
2iHa9gCnk7fn/+KTl46raQ==
o7qKSkL417M=
HxB/CSPyOBw=
k/qNEivOObB/ewNthl9S6w==
JAi+uwFgOBY=
m/8VkybLh0Q=
RviIU2wM2JHMW4gWxxMG0Q==
hxybL9ha8ZZ5XV2WIMGfKA==
TeSrnZg47WZO462DHLdCyQ==
skQLO04/0d0lKu7+zpeeNi1S1CA3Dz3Z
uRJzWTp4fRmrwO3F9BwQxw==
si+i1Bzv1g1HflIb+2DQWg==
rAXZa1GnOUI=
KKMxqcpW3pA=
xvHuPTFCwtKP3KbMLnolHg==
a1Sg4mCzrP6stkCQeo2YFg==
N03sMt5bY+U=
by8YUlVcZ+M=
B8cDZFl7r99QgI46pvHlzA==
ChM8mey7CPZM+73r8zp9OA==
VhNKn/d7Aos=
jk76P1Zz/Ik=
N0zY+2IHuIg=
is3mqlwYuTI=
savhGpgKd8k=
7iGWyFVFH8Q=
CWa3p0Al7pzHCjJ9CE8sfg==
57GhUU2j8Jk=
zF3KZNKftjcEBCH3lfT1jw==
CIlCkHhqN3A=
kjevwr0O0NJdZbQOOwH3jw==
I3q/iVYMU0UAYKifwDh/4w==
WUOwcXPFLpE=
olTaHrke2ds+UxT2jAiSLg==
EEtjWXFYcho=
Ns/vNWil548=
a4StooPYXY8=
pErbtTqtiaoFeeA0P9msmPi1e2tvkAN+
0lJ0JzgOLb62gSw0ecph4A==
0lJ0JzgOLb5Bsm6EyiO33Q==
UN66aZE6g+lGOduWZj1UZw==
wLspkNj3uno=
AEBcRwL6POY=
M/PyfyK1OsSak8PrnMzKOA==
jGGeRvy2d+M=
ndYJA6RaEgc=
DeX1fh6s2qlWYVbHT7H3YQ==
zmH4u/5PVYg=
vYHG0KNHErw9LnCL6Wc3Gw==
vYHG0KNHErw9LnCL6Wc3Gw==
JFjt6qmP3+g=
eIf2lC4VxJM=
u5q1TlUo2Q8=
cLKqrs0xA2c=
cLKqrs0xA2c=
LJWFR4WDIt1dN9ng9niMvg==
LJWFR4WDIt1dN9ng9niMvg==
5LYO5twI4Xk=
y5T9BN7/uF4=
xnyp72c0l4M+no/3zlN0Sw==
MLoakQTmK+o=
INgsYhu67Hg=
IotcRxVaD1DoCrJniEgEEg==
IotcRxVaD1Bhlko3EEJC7A==
IotcRxVaD1Bhlko3EEJC7A==
IotcRxVaD1Bhlko3EEJC7A==
Qq6maWzmNdaQZMuQ0VSHQQ==
wTP6tMhMy+c=
VggGmpFJLaY=
kZFQ5jT+pKc=
L9KnkrGxeCY=
bNvJIihdhTTjKgbdKe0Clw==
JJmioi+Li2k=
Wg5XeIKMhQM=
X1kNrlTcm20=
8bx5K3uOj+I=
oDb0juAFGyc=
pLV3Z8Z4OPQk4DNV/ea96Q==
MrPV6gH2wbg=
M66w97zmYsjHGtBi2KO+Vg==
M66w97zmYsjHGtBi2KO+Vg==
o4YE8hLSDA0zl6B/ixZrKw==
MbgElorDE3vvHHzcMJp6tA==
u/MDlwubGCP1IuW7qKVqOQ==
ZkF2lmFCwqo=
bHkExep5y8erfKk+roZDIw==
1Ek7JgbPkrqcXg+d8rG38w==
z7woyG+Iemo=
/l+BHye2sXU=
N0DBeEIIY0wp/7MhEPJQAA==
THnhMMXARyjQJgqv0B9j5Q==
Qvt/V0KxjZY=
JcZDXu/i5cgnzPab6U0DXA==
pGHs9CuJ8LA=
K5eEL11MY8oCzhOgIfWKyQ==
keBo27rK0S8gcGMwzUYZ2g==
v2rwTaJ3ymQ47Ry7YgLxqw==
v2rwTaJ3ymQ47Ry7YgLxqw==
v2rwTaJ3ymQ47Ry7YgLxqw==
v2rwTaJ3ymQ47Ry7YgLxqw==
v2rwTaJ3ymQ47Ry7YgLxqw==
v2rwTaJ3ymQ47Ry7YgLxqw==
v2rwTaJ3ymQqMe7eTvvnuNU5HqfPc5my
cE0CDrzYBYQ=
FP4zAYCD5G8=
HGnqJbJnaxo=
4lJQfUsgcQU=
9h1rHfnU6Fg=
zIjs2iPV2KqLnY2DPqyr4w==
35wtdUbGHU8=
UrQH16Mgmo0kUDrgHoGXVQ==
15oTHyt6QXc=
3R5vKZhvvHw=
kr6DCUwSlvs=
LEoOQiqOUyg=
y7aIKhf96Q1YBl3agaGBlQ==
1h7E3MkTtq8=
uZCVwR+kQFI=
I4J7ipoWNVk=
ziviv1T5f3J2CC20IT7bVw==
UWPIH+YdhOTaqzPeXzcWdQ==
Y/mVRozA8b4=
UUpUWhTEsCE=
3b9bljBVNSs=
iJ4NBbw4D9FilDLCMyRYfQ==
fG7KKOc8dqoNHlhqQiYgPg==
0CmyN2E+tSQ=
vOJqeRyNU/w=
N0N7PndkYZvIKHE2imEDMw==
FqSmr7uf6PM4TdIFQeW9aw==
ymTN/N5pEdoUDMRt6xJI7A==
VkH2UMNe+RA=
FftzGO3mmeyS0nQGeRgfaw==
UF4JDTAH2H8=
UF4JDTAH2H8=
I2aVQ83Z8N4=
JT8IjT6QYxs=
HEhquEAloVhXOZqsKhpP4Q==
gROCta/uLBg=
py90KmQYZKE8lGdsmZZqVw==
09+xwKZlxqM=
HKbqUa2Rs+c=
NRDvdcIubhA=
JsAS6U5Ef78=
iSBieeOKRi8=
RCMaknfgk2Q=
2X+SaXoioAUGfxs/nPPo5G4vN2IajkHK
A/vwi43VDlc=
dsbHYMoQhzDLYsHCEzybkw==
uxgFEd9GjwQ=
C7Lz53uZdXU=
p6VOlMhWm8FbnO3UE5YHpQ==
p6VOlMhWm8FxZLZb+/3rww==
vjeBYkRdkCw=
PcVNx47cRBQ=
QBmCWTLSG1jc/db/vYs59A==
UDw1eCAnUtU=
B1iSiL3kYZU=
/s+BDJ7sA54=
RULk4q0WK7E=
RULk4q0WK7E=
h+3s64FmKl6kWBb3V0MKKw==
rzqmBYcWOLYVHSbsxOdPbg==
rzqmBYcWOLYVHSbsxOdPbg==
xV5e378UVX8=
xV5e378UVX8=
Yxt8Zdm91KU=
798xh8XFIMg=
d/FfWTOGx8Q=
NHaVyQgPAno=
XQZhTy7WFr8=
Alg21pL2ibc=
SZSIosZmlGDiRFQpNGxkOg==
q7wwnEJSqKs=
FSSbRZmZ9FY=
9iQqwNa3QPig3TTXFaW6wg==
/WohS15gyESnZX7NsLAwRQ==
O+HxJqUKpmU=
WsDJgRF+Kjo=
2KBsPTSYTVk=
RwZtVlU/ask=
Mqk7OG/Ezpg=
4wfb5ncZW2A=
+icCjXi8IBux6Atz5cP0tw==
ukXxdmdbL40=
5bi/rI6lmSUDa40IYewWmA==
Ece3pblQn1I=
f9VVY56251C/m6Pk3wU75Q==
pYyjuSfV1veF7cOP3g4TkA==
XirHby2DZwU=
H5RQCy+B/d4=
Q9Pzxk6wUGE=
ZT186HxoVv0=
xNCvhXPPyXvemVpLxCdz3QbLbUYEKCJC
w8kxXz7GIKw=
nDjPmxtZzGA=
HMUr/AX1O3tbL9viXIK9hA==
LrJkfq9KH5I=
LrJkfq9KH5I=
d0tCBkY/Uu5z0+9s2DEmNQ==
d0tCBkY/Uu7BbnhhqCAC2w==
iboQ5oNMrw4=
Rl1eYqDUwLR8WSgX4zWwTA==
VYZL64lbs99sK0wxb/KCkA==
Jgrjc9YGWka4vUkhzuCH6Q==
Jgrjc9YGWkZln7zR5P9d0A==
Jgrjc9YGWkZln7zR5P9d0A==
ws30rXP4Qoc=
nwKX/fCJr5s=
a2pPdWrPgUw=
vGbrzfJh+LI=
G4LOer92TDc=
TG6p5fwf0luyLgI7tjwHzg==
nu3w7wY15vSGVudwEmB2sA==
sGSEsw/XUPw=
xHFKcryvfkU=
52CqT7AE5Og=
cvMv1xt9FDU=
syweM7JKCCI=
KleaPEWxc90=
KleaPEWxc90=
zNP8YhkK1eA90zH+NUooAw==
zNP8YhkK1eBOzoVmELvb9h77SKz+vWQj
X/74zBxnYgIipoGGEExPvQ==
kcHXvCVrbZns8JVI2B8/EA==
GGrtLGJBaCw=
iC3JE2O+T6eQLOiJFaeiUg==
1umx+prELeD2+0NQlhWBsJvfKHeZDmbm
LZyI4q4xHEo=
840Vm2oQmPc=
840Vm2oQmPc=
3ecZwEFiepQ=
2ytVBPbVEq0HFoA5d18tfg==
6ihGpazY0mw=
2rJbmugN5bk=
SzUZ/gOxORA=
jpBl7QmTgFc=
jpBl7QmTgFc=
+Fq9wBzhzPU=
smm0BTuxj4E=
2SlTQqEPIHg=
pvKpUV/rGCU=
pvKpUV/rGCU=
pvKpUV/rGCU=
pvKpUV/rGCU=
pa7JJmlyTQI=
fveWtAO9IYje9iVJQ1YABg==
a+LV6FIynaE=
a+LV6FIynaE=
FbVcvPPbwxCTQjR427yofQ==
sQATj6NzVz8+iT1piN/yeQ==
P3z8bVjMWo4s59eI1Qjesg==
76Ny4D/kwbk=
lVr5DNwRSvE=
P/fWy2khlqU=
0DqrOGX6ivnMKiQHT4fSJw==
83W3nVxca2/nmiuJPVvP/w==
83W3nVxca2/nmiuJPVvP/w==
OkER8A1UmV4=
oaIPV92NQkYjLFnUdwSetQ==
aWtCeT8Vdid7WZo/CsvHSg==
aWtCeT8Vdifla2boYYs+aZWFPTOdvqrG
8Ddd7BnSN7wyHKDPBR5pmg==
3OAxXB+h7Dc=
8ZYeSNiSfiY=
8ZYeSNiSfiY=
PRtS2UD3Csk=
wRKiRCwQLZk=
jWm897tMidI=
YI3nIg7Ep0Y=
YI3nIg7Ep0Y=
1vZZOSe1LsT3NMKcmbrVVA==
HNxdscnUE76guMRlv9L8Lw==
MV8IwUCvskc=
0/IJasyKYhwlr2SBl12bEw==
RpKzN1wqtH3oobZnVERTdg==
V/cz3g4r6JMtCYgJg3xVtw==
qGJXj5nMLxk=
LHqOxt+gQtuX2vODf5N7Rg==
XOlBaeliNhQ=
M95E/HRbRCY=
knwmIMo/JnI=
GsZ54NZAy0KyE0IxmgeOqA==
GsZ54NZAy0KyE0IxmgeOqA==
wvY3WsJDMvKuPvpZVcenpw==
kS2XNlAq+TSrE9l/NnUcRg==
gIOrInCs77isqLja/cCsAg==
lLOU6sF5GvvwIvsoaecBuQ==
hju0VdK4CHfJXI+bpUoS0Q==
/TBYU9szQVU=
sKJEnwWu5//lZHZNsIS1YQ==
+RGPDH4IqFs=
+RGPDH4IqFs=
+RGPDH4IqFs=
LFsIP4wy9Kc=
LkN1cMLquljIWNCoalSOqA==
HmDf+umt27Q=
/BQUonUPyVs=
djQRG4mTQFQbcf2Z0i90Og==
duxspgZ9qTc=
QIvzyIoGpg0=
lEHSKsQOcpU=
ZuL6ZZVoF64=
Uouu2lVAzTE0xzqM6iTuWw==
FcFH567y8oA=
OjcrTwHuTUY=
R2kZUcEGMss=
9fzeEXCn6mPpFjpMaERptJKL/Hs0DHJK
bSg6IAd/a/WHC2TJEAfjrheG3nC1hD7r
XorT8v49O1c=
uROrZAJg3w6edrp3woxiMA==
vFaTmbUkZlY=
v6lRoB2GcH0=
a63E2VK5z8EsapDjBFJDrg==
8JW0DhsOfi4=
GAEonaAlTNk=
GAEonaAlTNk=
KvIF4jM0HtlWrkXFY1Q+Xw==
yBqzAdL0Igg=
tLo8lnaFvA4=
6ShkUqu9V18=
uSPAspIA/PU=
RhzewsSUp+E=
fNvLc0RCOT9Bf+lIHGb2tVdiruGUBZJC
7nE3c1qiYr8=
qAIKuWtgbdNuOLdApuCfiw==
JKHu4bwvhj4=
qO9te6baFKE=
1zODXIkI2s8=
O+GoBtZwEOODGqzSs/oO6kC3SDH9WPs0
03GirhFBnJLxMXUSDLMojg==
1JKOUUKdxvI=
sv8EQfWtQw5aYbkWJqQPaQ==
V82nECKIUUop7YA8LtTsuw==
Ztu4xJaIouzFlLdiQv2ZCg==
dyA4GcoX0fM=
XDLFcGdvooQ=
2Hs2BH5Y33s=
j7r8idpdp/LzAHPxQFZAlw==
j7r8idpdp/LrhwvmS6l06A==
l25s1ilmWVQ=
5Ynepqj0Brg=
5Ynepqj0Brg=
qqH5fUifjt69IFurTyLkRQ==
FKT/FDs2XVzicHdzW/s12g==
gC7qOn6SVpK0FFy6pUcrgQ==
c2wS6IlOnts=
c2wS6IlOnts=
tmQwwxJnhjUhZBTI5jS94w==
Kg7I9B8K48ivOG869G0cXA==
Fmb4agd/Mn6kRjHb650Cuw==
UMvltUWZL07Novq3vHCwWg==
YQWDen9gJIwvKaegXUXerQ==
YQWDen9gJIwvKaegXUXerQ==
2EiLeakllrC9s8K2KRhGZQ==
ey/7uYlZFfI=
BYjKc/TzWZH4S1bTqDgW+A==
BYjKc/TzWZFQ/3jSHoWiPAIwW6x/tr1P
Zoqm9F0BftY=
RUPubXaWm/Y=
Ov7WYPweUws=
FlXoBGBoSVAhnBNSrTUuuA==
hAxNUp6+AdI=
F6ggH4N9KZk=
F6ggH4N9KZk=
7PNgCMs6K/g=
wqsYMtlxQ+A=
4uXf90LxCxg=
RTP9bzUZ/z4=
MoDcIiuw2En7NfH5vf+eXw==
b+D+zU2zYGvz4QmJAkIfNQ==
dtmWZlgmYCUmfFocpej6uQ==
JKaudT/eGjnIkO13rAgyxg==
9q/mt95/hE85W2fmLOh56w==
9q/mt95/hE+pj8FK37ogWSfi9yEOYSH/
PyMkMhuLpoF2/bPImnPJfQ==
JrKlNpYrhJAQGYm8tBKbnw==
6pfKRaoIVrI=
SQABLPYhB5VClmsRqUFjAw==
UJt47MLjRhA=
AEcj7Agh5wc=
Vduz3l/Zz2ZgIkSJfqFvHQ==
Vduz3l/Zz2ZgIkSJfqFvHQ==
0WraXGv+qys=
l0DNDYjzre8=
25wYCGjaBmwtKtTYPj+CjQ==
JrAZU4h3lZEwt2W/Z7DgAw==
jDDtSOshoDMpJ/1lLDCxuQ==
UTwpDKSYEp1PzYhxNmxCeA==
UTwpDKSYEp1PzYhxNmxCeA==
EuaU8O0IyE/CY4ORoP+N2A==
rRCSnAWkAsouFK367iHy2A==
kaHB3j9mgNTglFfVJbwBdQ==
SHD1W6aK8DMAf/CZvXNMqKK4lmA1+IKN
xWtVBUkDn8Q=
/h1Ze/WGiKA=
n3vgIIsfZuU=
ivCYRqciUm5c7LwszW+BUQ==
60eTi1hkJIDMXMYGm5PjUKh2iLr9yWeT
l/+31H4dLEA=
rUDE6aCWllo=
hmcMXTDVK6M=
A2GD69IkCxY=
rgqYna3wK0cTU1g2lZSxiQ==
y206nVY8/8ssg9OShkJQgw==
EPcHpsl5asGevcsW9hchug==
ucedIgDvJMLM+sr44DOEig==
ucedIgDvJMLM+sr44DOEig==
+aJmJr8sXGaoKuir8/oCBQ==
Ch4Hdbkk2ntwHdodfDn3WQ==
Ie/l8j97+Kk=
Y6fpDu8RToAgHX4AkdU3qw==
zLLS6r78MoRMfVNy9yl+Ng==
aYSPvPCLURB75RTo7zKoAsEE6T7el/Kk
tNI+hSsbi28=
csD2h8hmaxk=
csD2h8hmaxk=
csD2h8hmaxk=
csD2h8hmaxk=
w5M8MgC3Dkq5gCY3c6Y6MQ==
SRJMoY0RQqk=
JKVj1lYPLGUxd7ho+fdWiKgOSXyGn0h1
AdQCGom3fCxUlydiERk2WQ==
HMZ4xeuo+FXFXRz05Z/TCA==
1A0sKV5jCTU=
X+TKAQghqyN7DYFZR8IoIw==
bLqBwH70b7mcKqJnY1ZsTg==
a4WN4ygP81dcyuyf1A9dlw==
VaTl30l7J6nw4+ZL0pTlrQ==
VaTl30l7J6nMvKjTUT8Kww==
VaTl30l7J6nMvKjTUT8Kww==
VaTl30l7J6nMvKjTUT8Kww==
VaTl30l7J6nMvKjTUT8Kww==
VaTl30l7J6nMvKjTUT8Kww==
VaTl30l7J6nMvKjTUT8Kww==
VaTl30l7J6nMvKjTUT8Kww==
lvcwuCbUJkzK4z747cu2bQ==
WpxI1knl16PXVwSM7oH7pg==
+3OFt0XJkM4=
1dNzy1zZSAc=
rMSoCI7/EA/CYstU409uVA==
Z8i3yqqdMZfKWuzlVQjYgA==
gGGX9oixO5c0kh+AJPp/fdWsDLV/SBHt
KxAK/oZ2nR8=
NOhS164Vss4pkcVh2N+PQQ==
CtwFV60vsmk=
CtwFV60vsmk=
CtwFV60vsmk=
CtwFV60vsmk=
CtwFV60vsmk=
lbXz5SJs85I=
d70qPNvfwpYgxuX4mF+DSw==
IK+twWj0N+g=
N81p3yLECYM=
jq4B3QssDTR+0xDr60rTlg==
90yNcAdzRxtIcr4cMP27dA==
Ma9xw3Jt/7s=
Ma9xw3Jt/7s=
cbIM0MHFPwU=
dUSxEo6qLYM=
dUSxEo6qLYM=
dUSxEo6qLYM=
GQZfYBeUVNw=
pFRRDQ3NpRc=
pFRRDQ3NpRc=
K+d7p3xBKoU1pm6cxF9r2A==
qTpyPSdRb1YKm/WyuVQhlQ==
qTpyPSdRb1YKm/WyuVQhlQ==
qTpyPSdRb1YKm/WyuVQhlQ==
k57fUUrVKfI=
ORTJgdFpOV8=
ORTJgdFpOV8=
ORTJgdFpOV8=
ORTJgdFpOV8=
ORTJgdFpOV8=
ORTJgdFpOV8=
ORTJgdFpOV8=
N4Ktkf1C1p9+F0X8JHoFww==
opib6hPJvOnZnIUUQzzh6w==
UwrIWcgST0RIoCu5vXgTEg==
rAI8uSurYLgv8DEkobGnsg==
pcuCFOLlk0U=
hoOVCns1KFE=
0sXR2VemeHB3sv/RtAUClw==
85XkErzz8ss=
85XkErzz8ss=
85XkErzz8ss=
DOYvwvClYGXrtrwGxtPBZL8aPedySsMW
SBCn0g1vNAdBjxmCuqlyfw==
aVQJsjd5FCMjFit0uvf9qg==
Ga2Ws4ZeUhS/IWFkeTP4OA==
Nnj4j6vMmvhv3GxUn4vBjw==
bvsPpstUGW/irrvhOR63+A==
at9IoTy1Js4=
at9IoTy1Js4=
at9IoTy1Js4=
at9IoTy1Js4=
at9IoTy1Js4=
at9IoTy1Js4=
at9IoTy1Js4=
at9IoTy1Js4=
lIkVlcgciG2VupDX7qYWXw==
r0cAsx8w3Z4=
AefbfFu9WfPlDU4sWL2fyA==
dN5iyFkN1G0JtZTVPnGgug==
G7NSVHUgF/w=
IksgwXL3qWhk+ymNhbET3A==
9345m/UM1qSz1Hjc1pbp6w==
9345m/UM1qSz1Hjc1pbp6w==
9345m/UM1qSz1Hjc1pbp6w==
9345m/UM1qSz1Hjc1pbp6w==
9345m/UM1qSz1Hjc1pbp6w==
vPZ5fN+YTfcSR65UhIbTpg==
vPZ5fN+YTfdreTRIxBIkC6xOCfFLDZBh
FC1rQCS+GDI=
FC1rQCS+GDI=
BqRZxesWFfY=
BqRZxesWFfY=
BqRZxesWFfY=
BqRZxesWFfY=
BqRZxesWFfY=
BqRZxesWFfY=
BqRZxesWFfY=
BqRZxesWFfY=
BqRZxesWFfY=
BqRZxesWFfY=
BqRZxesWFfY=
BqRZxesWFfY=
BqRZxesWFfY=
BqRZxesWFfY=
Wt4dkkflJPuB39ZRswo19Q==
97SEfedy8XY=
385tH3k7eZk=
gvplVpC10nYcDtcVJ9vgAjvDtfKRtAtF
EFowjZ39y+Y/KodpzFW3/w==
EFowjZ39y+beug8b5F8Drw==
JLw/mZAGt4E=
JLw/mZAGt4E=
RPu8AHqiPkY=
SOaYayWAr/U=
4BtIJ1F2L1M=
8Z+41N5ul0j2C3iS+h6aokiYeTKWQkUb
8Z+41N5ul0g55DOegUUZdA==
8Z+41N5ul0g55DOegUUZdA==
Y9kA/1NhXIE=
f0aBewdj7fg=
JoM0wKnaXvs=
Tj7ufJk+8euwF+uD84hNKKlCHLvLni6e
VnXEWBeYBYo=
nFfJ8RjZSm0=
nFfJ8RjZSm0=
B6E5l6pAwo8+zroHwBEkdQ==
YemUBE0qWuQ=
ptF5HYwxDyXw4DXzwcIdqQ==
QqJDJn+9F8k=
jQuT+agbYtg7JnujyE9yjw==
jQuT+agbYtg7JnujyE9yjw==
yOjTZjdHDXYRovdjSZaD3g==
7BbpWyGw8M8=
+yNUYyFOpElTXfHQVFZyag==
Hk5nrg5Y8YsTdDFHlIGbmA==
JN/SB4al1oM=
SG+YoEnZdPIC/ov5zMFHSw==
1tMEOJgss/AyPTYNISigog==
cmZ/gG/JV/E=
T+yj6ZeyymNQTbGIZ8E+nQ==
BnyWMN0zzpM=
fETvZUPyI9/38vAKeZLGwA==
3EuS4DRAnhg=
vt5oYZuErrk=
ae4suLgYLZNhRNF77KBelQ==
TFjCjfc7848=
sU9CoMiXpgY=
Qux6MiwjhqpYr91Zl/tTdw==
PbTYsRhdRYKQoNO7owBoSw==
JH7rGkfwz4mNmgY3DIfyRA==
PjOnK9UzbM+uVqqzMovqsg==
XKW1MXwVIwuihRkNnlIXsQ==
SBk/N3JtIUnP5DDR8hzAOg==
ZJ4pTKmjBwg=
/QFIRZ6PHfwQgFMX+7cuPg==
Jr9hO2wAHBs0c04xe/sVlg==
toslACUgZ0g=
IfOgyfH2Fv4=
rGIeL/Tr9h+9HMUqYhzjDg==
VUy+KK9kpaU=
Z+m0PRpD4c2LuDW6jCyWbg==
F1bvwEiJd3k1SPvdyx21Xw==
Ij32m+ds534=
2ltIC6J8CmE=
+3VMVn3wgdc=
j3eEaC9x0+c=
kJ8+FBjyMVM=
KMm2+zfW/66WnzAPtU/USQ==
mbjxGbycyvUyys6PKiFtfg==
mbjxGbycyvW29hOAOveUNQ==
NGbP0fe/X1rv+wISOFnw3A==
NGbP0fe/X1oEwHLifD1WNw==
2Yuv8fXwoOU=
W8STIuGlpqY=
0UHiyLhicR4=
G9j93h7H90w=
hMsK9wLaz7U=
kfIf55+xmJhXzVeD5W1EGg==
o9vY6qEiW6g=
nZF/AD6QEF4=
z14WQyBuwDgQKOEgPBfHfg==
S+pODvpdwY8=
8YA8zwxmYuc=
8YA8zwxmYuc=
MDbnlzpZE7A=
IEBSW+bSXB0=
BWSKCRalKkI=
OxfoEnDmFfQ=
g4udBj844Yc=
Wrx+ykpIV60=
FhK36WXfJ60=
pfbDyOxEDjRx9Xp4+4TqeA==
UeA9PR1R9SE=
b46pG2uyYwU=
Pps7wRTfD04=
Pps7wRTfD04=
FacvuRRifF0=
j3edTKX4Rt4=
yVtkC2cn5rs=
68F07SrDjyf5qPw3MSCaAQ==
Q5OOML4EQvg=
8Rhoaib0GaA=
fJddB/p64ro=
1ULtgLP+XKwe0BJczyVDxg==
0IBs98ki6Uo=
RzczInIKYqlBETUWk8350g==
YvIJw9dEPVE=
kiqMhLZzXe8=
rxFqwTF43EE=
/cJRmLY+wCQ=
9/dUE1cc+4k=
ceFGxCjFvm8=
1JJBvBgrm+qSMrPc8PzKx4+bss/tBdwS
1JJBvBgrm+qJykHxR4F+asQh3saDMqM4
Bb47LgpW8m4=
rNkswmnLZXI=
TXtzjk5L5IUD3UZxfg3vsw==
c1ofNzsPe3InUwvkuGunDA==
prbPO2y+VCM=
prbPO2y+VCM=
1fcR0flAG8sPzenOQTF/BQ==
NNpWe1CeQZI=
ihfXw9BMJI0=
uJrpfFP6ErE=
v+77ytWXcVc=
TMVoJ++rjKtzOubBMFeq0Q==
WirAgU4VJaGBeSQ8j071ZQ==
2Q1eVvs4jcQ=
U+0Hc3IiuiT1YrGL7wwGJZlkVKPe1fn4
TS0fdsqYd1g=
cf1qrRKyXIg=
wCPqoz+51wA=
NlgjF8DR+E0=
HZncxb+mSMg=
vuV1w6TexO+QCR6dIVzC0w==
0mcXe6ybRtE=
g9AAcNt/aBZWsTpw26+H5g==
neDQ+Hfa2x+6Dme3Ilv5Fg==
3nOJfzmjJhc=
Sd2S1frlLqA=
YJGXErpbiap0GsCwc16+qQ==
CjUT0Uoo30Swm47jq7/t0w==
CjUT0Uoo30Swm47jq7/t0w==
ORqqCppzMV4=
xddBIQ95v1w=
Jx968WLYTQc=
OyF9OrG4NkOINkQ5Lbv2bA==
OHHaGuozMeg=
16xOknVSZJc=
jnS7lzNcByk=
Xn8mp9fZ7M8=
+B8692vSFTM=
xTnlRkkP8wwEoKudfGao4w==
uiLCK7+ZzxM=
uC8SLvlsBj8=
uC8SLvlsBj8=
C/WVhn+7ccgrMOJPmrGvDQ==
A3t4cdoMLTI=
BHOqKknEXck=
+vcypZt7zJIZLfGOMWwDnQ==
5iEzhYro/aT850EwEfk0OQ==
T5k4nrSQVXFPNKVqs3GbRA==
C/KRMPTnXxA=
N9LRn62nsAo=
h83docWgq6Q=
IDgGYDMy9aq85oE0cBAixw==
UisNQ9vTPMw=
CI+WPC6d2UROLYK6jQXBCQ==
4Znp1J50JwCddtgV4iLM5Q==
joobmqSVnFRGQgq1BrdMoQ==
EXAn6QVmS9M=
7MVEneyVGFswCnrDXYbpjg==
reyFOLugPOQ=
dytuK9cDbV8=
dytuK9cDbV8=
8HLj85ttMoA=
CXIhinIFWU88uzSV6GafBw==
JD6pqFaE2CIc5ihxlwJlsA==
RrkNl2Z4C5M=
8HeWGwpfg0I=
COFwF710anQ=
COFwF710anQ=
xRIvBUpkHDM=
J72BT/oypzIuHPSuDsPAjg==
VLBHLlZGwVKI2dTvguBAuw==
us8awpr4CqcZyO7WqjbN3g==
Ybk67bL4FCA=
YfassOtLLYE=
aH3r+FUsoeM=
aH3r+FUsoeM=
MlVPKzdek7Q=
QSp2BE39097HMgtvy8Cg/w==
XckxTZpNWX1ENPTAy302Zg==
Z+eOIp4uR0Z7EgOrUC7mug==
PhlFoCSup6rOcOt+FZBA4w==
+9SVnD6KlBnv3A1AwnXXKg==
A0JfB/SKaclKn+HWI8swug==
rUE/kKef/QY=
6MWj5U2vx7O3XIHCrNsPKA==
H4lWc2Fw8hU=
ISpOiVxCg5U=
iL83E/Xni8SmrBIM0nE1Rg==
PuFmzJPza2m2Fjj5Dwc/bQ==
Wlc2X8Bp9nkfdSy/z3cbQQ==
s8u+bUv4cYM=
BVmMRCGz9ai0ps42l+jvnQ==
kLonIWd4RCgywZJLvn8XLQ==
OVIc3nQOQg9bx8L1of5L5g==
4dBWy4M6/mI=
TKYb+mYm9Gc=
cDlsRAd9yEQ=
1yOQhliRGTg=
pdIqzwIBLqE=
SbzF4mqL+A0=
bFlMOv+tnZg=
bFlMOv+tnZg=
Na236KLb9qM=
SCn2fBe0G8c=
t/CJZ10nkCuLqALS2/KB5w==
l2JO+r7gLXw=
uxEjoGOpX0M=
H58y/pTe+OA6l9AigbtHQA==
34nFOAH9CpFSGMnuGPX18A==
WP08Uryfn6K5BY6FtQHR5A==
OXqekoYIvK8=
qmkA2kpEkHo=
1XbdLLKmi50=
xiYRtLQl8aj6s0K+O2pMCQ==
xiYRtLQl8aj6s0K+O2pMCQ==
xiYRtLQl8ajih2SFNvnxQg==
Bbpgb9WqKmw=
DFOpBXIPWFIMH6lG+/QHLA==
0dWO9zrMaEi9hYM/e/dIIA==
hzTCS7jF714=
l8+4YzNUs3FOgfnrSJIkdQ==
9FTv2QdrzUjXa1uNd61XDw==
REZELGQtSZmx4wbBU/eZ6g==
G516lcXcgEY=
A2vaM5aTw5x6sCg8EJcZAw==
A4ICXIOC17E=
+qLhcQp8jEQ=
6rUMwbtc8zA=
Jrac7oPDZF1RyiwfON/DZA==
Qe20zzxV7+fCCAovHFVBxQ==
U9RRMtDL5m0=
Ve76pc3IXGE=
8Rk1/S8z1FJaKKjZv+tVaQ==
hq6vVoveyIJYgW2O+S58Pg==
v506/yRu/g0=
OGdn7corRzW3dRU3hR1Kww==
6sWlMW71XlChva4hgOT0QA==
f0/fqKBb5WU+lRTxPT3OVA==
QIt/H634ddY=
gfFmcKkxIxVtSNPj5aNTfw==
z9DLkq1PHF4=
PZm9hG7LOhc=
rF7SYhzPhMs=
ltT8fPy2Gbo=
5NVgPeItYBA=
L6RyWKaETFA=
9q1L3kY5BXM=
eZPR6ykCrHxB1sc/M4/0uA==
SYnYeKQRY+h1X6q/TIq3oQ==
jhDnmvRx4zU=
jhDnmvRx4zU=
bKtK3bGEY6Fv3Qt2Lxzitw==
cxqlhFlU34M=
c+vC1JRkygLtQK4AVnFInQ==
2ezdApFe7ToCwDI81XbIjA==
2ezdApFe7Tpiy8nrxv5IZWB/VASBz4ul
hCHo9wPRxsRD2py8bkuqZg==
brflkHDgV0k=
RBpRqHjNjmPnxn+6lVIO9kSb6tg5GVS/
vscHm8PQ0G7Tinm2Ivsnfg==
vscHm8PQ0G7Tinm2Ivsnfg==
4P8yya3Es7auD3QE8jAVpQ==
4P8yya3Es7auD3QE8jAVpQ==
4P8yya3Es7auD3QE8jAVpQ==
4P8yya3Es7auD3QE8jAVpQ==
r7W+AgPCu02BijIXFt75nA==
5+5bHlN8JzI=
lCj7NFVozks=
NBCHDX+23FM=
CYRbpky/JC8=
P93DeenWi7M=
7sTWvqzuAaGSa+lDm7uauA==
/YxJJtk0UTBoLrXn8b/2TA==
QXqfBM+fSbQOfaGt4Wx4JA==
DoGwGzlBMxvDH1RUJkUcxA==
DoGwGzlBMxuEHRo3JlL1Dg==
CaK0KDCQHkI=
8pC4YEhzsJw=
Y7/QA5kQGouwJT9352E1hg==
Y7/QA5kQGos7kMDIA/PiIQ==
a6t2WEgt4bk=
rRDK347qmLY=
R+/aQCWazDI=
JWjgPp3MWNw=
yxH/IM55neE=
3tafhTGBMGk=
rqvbl6CeyxseQGb0n6t3iA==
Q02xdQmMrte6xm3Mmmji2+8+ESDWQSPd
7N64sJjgiB4=
6Y9OiHwR0tM=
99CnokzFn7M=
99CnokzFn7M=
QE3a74smY8NzRIEbAgPoSw==
fkHIgMYtVQY=
K+TMoX2V6p8=
1DPthpHPGC8=
QzQna3BbTxk=
uwpw7w3/X/8=
uwpw7w3/X/8=
uwpw7w3/X/8=
uwpw7w3/X/8=
uwpw7w3/X/8=
uwpw7w3/X/8=
uwpw7w3/X/8=
XIVNkN3DkJuptphXIsVaIA==
VlsaLwjHg0U=
PWMo0NTtEpHwDm6O3/Id2A==
GhhEbl7iasAfKxKhlRDcdJPSvq1QGzLl
uJfUOBjAIdQ=
0zj7N10XCjw=
e+jTrQ+zYu8=
2Dr6ijKMTK0=
2Dr6ijKMTK0=
/XR/WsvvHvysK0GweJN6vw==
UEBD0hcN00M=
GbwjeKOyhC4dmBkvS2tcVQ==
uavJX3HBjnL08i01YVwvWKUCDBfb2rW1
VOIYnkuVvVY=
VOIYnkuVvVY=
nKp85DRwSfo=
rumwPUwjtShuiCJUMjB3kmC+cZCNpKAp
wBdb6uPF17M=
7Mb/1HwULI8=
HtEHHl88NQk=
lxqrded6+IL4hZ/qc9qkmw==
TT0i6Q2ASkY=
3aApEWmVUHI=
Lv0+Y67LjdM=
FuOvTHdnpv8=
7Gaxk7seuf1au8sBmmk63Q==
HAzn/GBQ0i8=
MeI6iKKzWjF9s7SsM5GEMg==
WgJalWWfOYk=
eXhM/nTaHsw=
eXhM/nTaHsw=
WS1uHuiNPac=
mE1WoE7U2Uw=
9HlESx00+G0=
6Eg/+EJiBww=
bQdLtFzE+2M=
W9hmmweP3Bc=
nx1tuakYYCo=
ySI0JBbWkX8=
RnPMU8Ka8U4=
Fmo7AZhsfMM=
rBCBa8rcLwq2WYgjD8xLFQ==
JPbaMbC36UU=
JPbaMbC36UU=
XA0bJ9H6dno=
rXSOwpHdqKs=
DQm88BibmnM=
MbL/CfM42vS0b8D3ZyqwrA==
MbL/CfM42vS0b8D3ZyqwrA==
FyFGqXL+bT8z8+ZhgwdgXA==
p0Nft8YPRuGX9dxMhNIb3g==
lPAVesZQo4+lV+i0rW8U7Q==
lPAVesZQo4+lV+i0rW8U7Q==
EFDIAiBl7ZuV7j0MaR9zLw==
EbURJqu/JYHQTlRCbbTSVg==
E7fMdc4mJud3ZLUo8uYxmA==
MGn23Tz5GX3iKWDC1jxxEA==
+K4RJOxxd+c=
TpmVg4RopxUquZPGGLZHwg==
TpmVg4RopxUquZPGGLZHwg==
TpmVg4RopxUquZPGGLZHwg==
rXTjY0BzU7yvIzjTG717+w==
QFQmfEkR6nTOlgJH75OadQ==
RnFmpVGtjRp+IxtTklJm/g==
6vIaa2ZFMnBPkd5OoHHf5Q==
V9LCtKhrOeE=
WLL/S/LsNE8=
CMGgtgtbRhY+AWwFtvkr0A==
BQ+fFAabSunKKqn8kWVgGg==
UmAz486T1Nw=
7SBSaUpfcA5GUpiBaseXMw==
7SBSaUpfcA6X6mjApJYksg==
qS34hxixbRUppau3qeu9kw==
IJ6QO0GDH6HJ8mHuwx1haQ==
F8VlgIc/83ZJYlUHwLbGxA==
F8VlgIc/83ZJYlUHwLbGxA==
F8VlgIc/83ZJYlUHwLbGxA==
RI/UVVGrxDer2JiZfq7h7g==
bIPMnTF6UQOP0HLbw91M7Q==
9Q/UmJbVMNY=
xdsPin7xlAgLG5o6RjSMCw==
yIquvP9WEstOdkBL6Qwh0w==
7XP93mCz5opRcdLRc5NtVg==
HSzSW4lSXi4=
Qsdh2j27L9E=
KSV/nkDEV+w=
JyiFg+KvrEPFVXiuARXSVw==
AEIn2Zy+Fa3S+8cJC+7sFfRWGqFpTKVB
ShWFiGFCyXM=
TBL3dIQSYBg=
5BIeMn9Evlo=
lfGD7rFVaRgra7L3yck5eQ==
Ds9Oep/gB8JewhR91QQPZA==
/KFB07cTyduc6IE/cVtTPA==
/KFB07cTyduc6IE/cVtTPA==
wB4UKs38Gj/MkzYMP/ZyGg==
/IZRDhtafwpVvsQEvCdTAQ==
tyd9zJRYsa+4LT1I6uONmw==
3hHMyfE3S+0gHgr3ZinnuQ==
3hHMyfE3S+0gHgr3ZinnuQ==
3hHMyfE3S+0gHgr3ZinnuQ==
tAuCu3Xa47Y=
hm7fuMwD6KA=
bUWREZzlFRE=
Sv9sR5dUUO0=
W3Gi3ecSu2M=
9voQy6GTRKg=
I0RDFMd5R5I=
7CGw+WM5hVA=
gilm9lAj0JE=
zXWqGAeXo3o=
Ri9zr6+OBSQLxyXZxujaLw==
IylkitwMKtjmf8b+qXex2A==
OnuslJWfoFbwcE4cWdyoAA==
fFemKMe+TGA=
V/vRTtLM/aM=
Asj7CepH9+s=
0KY2Q9jUFDamZAQ6Ge+04A==
HdPb4V134HtoYHoGnwpchw==
4JatINhJxX6xN3wjfPdriQ==
TUKWJcvzuNg=
rVgBZJbUZApnHejQ4mUNhQ==
er+zU5pAWPq3RkXu7/3twQ==
3KCdSF3aA7FCfnCqOR42Ng==
qIJr7SRAF/s=
xRYAXXrSFUs=
SZKx9PEch8Q=
Jsho6pw4GuU=
N+89a7+OK0c=
DtQRx5zCq701N6oWH6YwFA==
x1PqDAWOO64=
OBVyMOgLZdo=
e8nlYkDO2HM=
+GaCotSi+E4=
QYiaRR+jq9s=
Aidq1iNPT2s=
C0zAoA+roxY=
CcBkHPb2ybY=
bw6hOEEvxUY=
6PjIoH4iXY9j5LXLkK7Twg==
TqH7hEdEaYA=
TqH7hEdEaYA=
BwWu3M6TDTZgXlgyxKOGUQ==
BwWu3M6TDTaphyRd41qJXQ==
wDhxpbD9GmM=
gZtt1PZ6gbM=
r69VGopp+RA=
/1dMR2wmMTfLOlH/tBfWCQ==
MpUD0MLXJEJ8qT3J3HC6WQ==
MpUD0MLXJEJ8qT3J3HC6WQ==
egEC3H50jbw=
aZCO2nXflpQ=
c4dnguYfEVY=
RxDbbB9B9Q0=
Me5U8gD8IRM=
emDbqiReBs7WtFu3LLIDQg==
eWVjUgocK3w=
35LH88H/DqE=
e0hvexdybiYYLgrLzeJsKg==
Cw8F3T3e0Nw=
891gizCmYI8=
b3yDMD1KIM0=
y9KjWs5bRC5pbCF489trfQ==
y9KjWs5bRC5pbCF489trfQ==
EEW+hg8tx14=
I5pBRg4I/is=
YKQi1Nc0Q54=
SXb6A9HX2wo=
ChwM/eDa2gTilsBV5CnOBA==
50klGfxaK5UiuO0cqVflYQ==
wwx+ci7xSLo=
sKGayWp6QylF90rFkEeZpA==
epD4l4T6tyU=
pGYz2uOBzR4b2iGJGsgaCw==
rZ1NayOi8Ds=
q7H0AYC7Ev0=
I/My2+Stwxs=
AOXyOufCIHg=
QzbXuK8oOWk=
0yk8vn+Nisz4tqEVtI4MYg==
FJmI5Q1l6z8=
Z9kNl2XBYqRWYRIL21Glaw==
i6966WK4gUQQK8gu+fLGIQ==
c//sqcbO5+aeHJ0tYhRF/g==
hQU9qzsyZFafrwtkcKYwbA==
Pn8D3P3NVr2ZiyjlZJJA1g==
GvbFceI5n2aA7DkpGKWW5Q==
+LP0oa4TpqDkH4v8CHHLLQ==
rO4pmxswltgTq3ac2fhbIQ==
8H6huq5mOIOx39jhzihnAg==
9BDJ2t2B3a44KcWzaQNdyA==
EHlsvmENmdcloXwrPU9zIg==
gmSwSNRKkndZq1B9LIroeQ==
A9d5mu4irCRyqnrybgL/yw==
ftMmSBiaDmc=
UjizUvRmhKfWU3KB5/sbLw==
l1mUD54OErIQVXdiqZ/A9w==
l1mUD54OErIQVXdiqZ/A9w==
7W+Pn6XW3wA=
BdbHMUfzwIo=
IIp8tYzQ8UM=
QCFO0oLRtpfYzUdoB2VR7w==
ecW++h4Dbqw=
oDK9MekNx225hEg9jz1YMA==
AkAQFhT0GluN8GyoNKLsxw==
v0bIMqcl9MwaSRAcKyAsmw==
K2Ce3CWUC6MctmWpn9/00Q==
qHj8W9PRj50=
Ju9udrW1EVA=
AllF99WH5Iyu/tFMf49Xlg==
WEK2zKQCuEg=
WTJ+M43BbVE=
Mtk422B7U4Pa0aVObzgXGCvZgEOQ/jAt
zf3BbcJysJQ=
dmjUu7Iba0nn9mxl9FGOdw==
9KYKoXjrXqk=
8ZjIj7sOpj+KEPS/ar62sA==
t+82D368OU0=
KCIyekWB0xSJ2BjZx6QE9w==
lj78RWwt9UM=
lj78RWwt9UM=
Lnt/uZBVipJgKXSPHlGFvA==
lHqclacL+Ho=
BqJ3BuJQQv4=
dz9r6QA4grmDpOdH5qWaSw==
So/e+sTqQdIBVYplDr+sgA==
0YYZ+v831PI=
F11g3Iu2flQmB3cVW5YcQQ==
+D0ulysR4rDNoyFX9FCz0w==
+D0ulysR4rDNoyFX9FCz0w==
zNfLNETjdRyG94QwfsxkSw==
3Uv8DKQWtYI=
pLUIXLlyXDd+glTsH34PWw==
pLUIXLlyXDd+glTsH34PWw==
z7ibv5YfY0s=
c+DuqLHgUExqvRtanuDdHg==
Sb3SMc7GGIc=
Sb3SMc7GGIc=
hZxLdyzrKvPdFvC+xKk0Ew==
73aQl+chkmI=
rz+zE30t0qctXfkInp50lA==
68dhjTPmdcRZBPfeKWnfWQ==
0uS7lA08GDk=
aathXZb72WQ=
QRaXzdt9/AgJBNaPEX9eCA==
/ZLxTZnUxZL2YGaS/OSG7w==
muFc+5M9aVlW8TAVgFVlzw==
nRM5LWNICoJOLoribHwS9w==
5czTP0gXRZo=
YlYORsGcSdE=
oVhMgEk33utCKqT9C/eK+w==
UKazfbDBdaE=
qaxO8eHSbJPP8D0gzqmMDA==
qOB8xIKaHebOjOs/tMLi4w==
pjLJy7dcK2E=
pjLJy7dcK2E=
TxK9O4ItNoc=
YGFRDKlcsHVdUyhMu/a5BA==
5Gz0W2kP9ec=
5Gz0W2kP9ec=
7Ujh06T/zaY=
x7vvujZipBM=
0gOa8ykpaI2Gunop5XEgKQ==
Vhngj55UAOo=
lB3PE9JQNDs=
g/LhdX+k0rs=
0vM/z/hkJy0=
VNV088NbX1M=
3INkIkpK5B+te0ltxQ5fiA==
8ZUEcuSF/JU=
HE9ErJd+LpD6CiYIDN/PxA==
iIahkuV1xRW6Zc5FpApKOg==
ZPzT+pDsZbQ=
wyxLICstQNY=
JTS2zdlwM9c=
JqhCM2lNGgY=
69D4OopSO4E=
WmQ5aqTz7kQ=
IC/1+mJIzmc=
CzdyNc+cIrM+TIRI2b6ioA==
Qw230L7slR4IWN9rn19BGQ==
tGGq+lNsgxNZVx4ZyY2Z5g==
Avce3FaVTQU=
ASM/3uHFsYuQ3c3IWVr99Q==
GkocJfLxb8s=
Iib0umlNhKidfKg9C8toUQ==
dtwPh13jV6M=
/uYuTKGhbwM=
55Hk+KZAACY9kYG1dyjH7w==
1QWA4HkuXluPUZOymiyPzQ==
gAaW4gj0mPQ=
S2EynStsgYQ=
SUm9FnAkYWk=
I+PWhiKOapVnr1masqByqQ==
4Mz8Gx7pt05sUBhaG0UKQ4MPdwhaxsyb
0HaUajwU/tA=
cxy+rs8tQrQ=
d4lRne8F9hU=
uFOtnJGisvCcIzdHFf0aLg==
w0cKme+r0pc=
x4ZusTYrJQs=
hisyG+UqyJs=
AaJyP64NLFOVxAazAyQBgQ==
HtKPR8bAbHxyxeaeY97c/doLMiFishSu
GSpzqXfFOCU=
zo2MGQqFUmk=
Qjrv1IB+mF8kMrOVoPS6lw==
Qjrv1IB+mF8kMrOVoPS6lw==
CtNe6qmT6gKcZULJRX5c9Q==
8gCosCBn2leguoKzudKuyw==
ow7rhCgazrqrTjfl3WtFig==
XeCNk/m75tU=
dGZ1Wq2hHBY=
OKlLnkwfmOjXJvFEq5PPYg==
iYQDTam6Kqk=
iYQDTam6Kqk=
tPPh0zoklITdpR9yphF78A==
/Nup1Z+7hrY=
MrgIl98a3Cs9chF6Wv5O1w==
zytGPT3mOws=
IJHYKtzSVwI=
ou9B5zZQggw4jjnA1c9KtryD1iRsJZCV
kU87mZlCIFdu9h2nZdqUfQ==
1voaJt68/PjdZVkm1QbmBw==
Sqc6BxULuNSXB6ckN/77TA==
+DpSOpqze/M=
wqloO4tYnAxIuhqX06HpAA==
agBaAJ1C6AxI27cR+YErqQ==
CSpNjrIYL1s=
0/t39SjaYbMBPD/LT6j1Ew==
YszqqCAxqmuxJATm7Gwqhg==
YszqqCAxqmtX7bxjNkg2pg==
MTFb4w8rDNk=
MTFb4w8rDNk=
KUFOvM/ke4k=
CKlqGvaWxpT9AlJi0N3Pvw==
yRHnvel4WuU=
z+lmDEQBpgE=
jzXn/bHP/xE=
z96rHAPzNCs=
F+J7c0Cbzmc=
rHS2pcUCIKU=
rHS2pcUCIKU=
HzMldGASmwhP9FF08hulOg==
HPl1vGcsNyw=
Qc249xoHYscJWKOwXis2PQ==
Y8O33FvEJMxsLpv55VrAxA==
Y8O33FvEJMxsLpv55VrAxA==
+AZWgNI7U5BouzCW+7GCvw==
Ff3awJlZwZo=
KoHKWU+3N493crGtbByvSQ==
Gb2mw24OfWc=
kGyqYD8sUFPcbJzLV339OQ==
4lDQ+TmebSQOZMVAIS0Dlw==
MIXi0ApQsrwITi7Fx3lhnQ==
gpZRb+3Epuo=
e7lUaAhaxzA=
6dkLuHGC+oo=
0uBxj/HZrmU=
vyj1htQmoI4=
2zHQQTl26Rc=
k9pkjncJxUM=
fgwB42wsBolZxYmrNzNqPg==
ZRGzD4MxGdclDrd0XwQrlw==
7fL8kqraMwnUARna0IBmnQ==
7fL8kqraMwnUARna0IBmnQ==
xj/qBSVlUtxZidRSvrcG3w==
NoqfscFJC746mTETaZOOAQ==
2SKXsmN2G9I=
my2MXxU4O2k=
cvBQ5yx1pB0=
3GgKeakOW/lOUmkR42DJgQ==
J605YldNBZ0FrVLnqFLq3g==
Pz15is81/rM=
YkRrhRxkbR8Ccnd25z+Y5Q==
IkDrtJhRzhA=
js4+PU3+Aqw=
R122n0RCZHV3tyb0bwYP895yv5TAtUId
HpMCUVy6Q/2yL14soZtK2A==
dKOI3volUpg=
oR40ytqOGag=
WlcU7rw+MMY=
VnB6TVM/B+M=
xJVn/9r5BHA=
YHzRBVVdLuk=
YHzRBVVdLuk=
ivTXZm3amp+m3QXLpJWH5w==
1xap+JyObK4551+vq2NAcr05KCgqKTv9
BTqA3gDYBqc=
6uuEXJA2Yz4=
6uuEXJA2Yz4=
6uuEXJA2Yz4=
8hsa5oVTsU0=
e93InbTSMC4=
e93InbTSMC4=
ZCooPwLRVpI=
W3wB+HuRUvk=
2WCs4qO2yto=
bfWxSoTjDWZB1XkHmxL61A==
9kVf9OCEIPs=
YECgeoAHWHc=
cdtG2VQRTMQ+X2nfNEgA9w==
pGLC17CY2Pk=
TwABvQKUUyY=
wWQQVKXKU4I=
+XdLktPlC+wa3/iG4WySvg==
kkObIgiUlw4=
fBsOSHDoRQc=
2xhhNbhInP+5ImN1h31QjQ==
WbcWyHYCU8s=
mRGrExzUBT9vlA+C55zxOQ==
Sq2nnUGVcZ+WWTaAGzKp1A==
1IEHu1FjB/EZyZVs/cdn2Q==
P9zojeVmpGE=
gnu9QfWDuR0=
HzI9t+DvySlk3QoE6ZiWEQ==
fUOaRvRJHAe2EAF1vI6NyA==
ABgbq/yqzJ9MWYWxMgBxSw==
tteDCmQdVaE=
3ZA8BIUSow0=
3ZA8BIUSow0=
mkQ3hCmGOWQ=
9b1sKmPsRHU=
r9OTZinl714=
mbeFn7+v7Vo=
VacRHjndTiQ=
9I9vfO4MqUE=
SoIoxPrQQa4=
8Q+ceBi4Jzo=
SaKbPcwoYDM=
fY/wxgiazizDi2gyD23m+g==
xYWB2aJ6xvQ=
2XsLsj5e2yM=
JR0Yt1uI1Oe1DonmXflhig==
BXTXcRCeUA0=
Mea/wxXKPILWPxrkIHqTM5vkW6XM93u1
bRtN3nqEFGmVXsqKQGVwuw==
6kGbDDuuWpIOv28qXi+PHg==
e0fQoihGBrkApA0Lv8V9bQ==
h/SM6DZ/cyvfc5qSmRnzag==
8o39mHgGFUTinbsiWg2rHA==
d8JPo4LCKRFU4/WQBFhfkQ==
5sTD536XMX8=
BNKe1TPZt+w=
gbEoEsZB+kY=
rJoErPTjZ6V3ZDCMCOzi5g==
VA/4LReXSIg=
g69NcqoVyyw=
XV7h541YE24=
5mDKGcpIsRU=
0IzYzMB3xvo=
EndCnON82GU=
fao3JY6gX9AvIhz6lTOoVw==
M2UgMR8svSX9LOH3ATmZtw==
kTQntAYtDPS0WhhF17Xa9Q==
WykYnvNN5AItnh7RNFLw4Q==
7T6o5KScjySHvCM1yDpMow==
lqo7KnH5s8bQztGF4wcWpA==
Jhexh66a3YH560P0AwgWRQ==
Jhexh66a3YHqYl+BAfYqtg==
0pA0u48Ql989xwd6xeML5g==
2SOYmXQxx6qk2DaVwUTofQ==
SireB8dsn/A=
SireB8dsn/A=
n3zAW40oyRjemtPOtAdeNw==
n3zAW40oyRiVOI7FIogumg==
92OT/s8zZ+7DUhpSKhsBiA==
B+wPzV1bjqJNHXlqe4GS5w==
CrMwJsOoSZw=
hG/BGD8ZHHU=
hG/BGD8ZHHU=
hG/BGD8ZHHU=
hG/BGD8ZHHU=
XrhkaIqvCHcqiLpczfXAaw==
Lh6BjwGqmWlM1aTWj3D9BA==
C6k/UYakZTgNcDPDNbvi6g==
y2Yi0gFjZgHKNG5+sDvbbQ==
VfoF7IDepC3g0SVJ+8NzyQ==
8soKZbDA95co/VHg3nOMIObm5h+Dy/yL
I1I0Fb43weY=
jRwPuHmIKX9P2Ily6Bt4MQ==
kzRmdFwnEjI=
1j5Ek8I1iCqV4pBPjBmyLw==
NB/xxenEiQYSjCgnUYGIVA==
n97YAbRkQPPNVkndm4FFBA==
F6KrPqJmZjsNhs1LUIjEXA==
ogK2B5/HlX3r6fHe0JiYJQ==
d3ej5ifulEV/O7FrkOlixA==
5Y16xz73EAkwRoDn+6lL4Q==
TyMhQVISUn5hWna2F5DdLw==
TyMhQVISUn5hWna2F5DdLw==
qa/oFhYkJLaMMHaETCZZSQ==
VszJytLIxlA=
xxX+f5LCZ5U=
/FOh+20iJrfMLPgOkUxzzA==
OXGiB8SENKWmyAvDfJm/mw==
IZyATD60TE1L1T8fz9XnPA==
thku+Mrc07NSidLRSTQTTQ==
sTlcfMI9lk5QjFI3CoRYFSaseg/0LLe7
0SArddvQVQu7w5g9bs2idw==
JLFKHDYlXymg8L4Ebz1uLol5MBizggBP
tw4sjnx3pJZ4KryZDceLfw==
YxJ010+VJRfy9pT+PTse1w==
Q5kJVtZjh6EJR3EPvNpkqA==
6s7I+coulo71/v5qHimokw==
Z/JHLNwSzm1oKwENQG33kQ==
Z/JHLNwSzm0owNMK7/kYRQ==
z9dSLuEhJGfosMXyIsIvYg==
Kl0SWC7Z/DscZXoPf2F22A==
EMxGIEJgxPUWRZ2SayokYQ==
ylXklbPw8VWNb3rRAV9FFg==
Lq1u0ifCJm8EL0aTnwP2ow==
Lq1u0ifCJm8EL0aTnwP2ow==
Lq1u0ifCJm8inQ+1H8MdfQ==
GY9Vu4j130U=
lkeqV34JW6hb7AVuCkC6gA==
DzF+Lg3kX6Cz1Yo0tQfXhw==
2ICZIt9zXLBuIzOLoBSRpA==
h6nu0tY1mO72X0awrQbeYA==
VFC2RI/a7S27DdTnowdwSw==
kVw3EIW1/1ffWPys/0sRQQ==
EbxqHopM3nPKPg056s79gg==
d+nNZtIWClY=
xtVF2GWcwvfVncAurOpmRg==
xtVF2GWcwvfVncAurOpmRg==
nw6Wk9e6F8Q=
BR9VIfBhbKc/XXdhuKVqEg==
BR9VIfBhbKepX1uWolBgYw==
jvnhwtZVesKls1Pd7AYwmQ==
XxRF/p68/sVc2FdiARZ5WA==
XxRF/p68/sVG6OOhFtOXFg==
ozyYclvV7CT5+Xdy8XEUlw==
HxsdFOI5GDrmrIhB+WfyQw==
EgrpYHBAhmSbQeLJB+EAeg==
wwEYlUP/OdQ/fZPGSNLwIw==
I04nown3b53voLEXPqci/w==
z+0tVoFhtZ8=
lp+UWcKzMbY=
wreW3+X7lp78glebuiTTdwxvs4Q3nsOm
ft9ug7RdDn3P2Vy9dFmRKQ==
ft9ug7RdDn3kDvjE/fFM1Q==
D8557AyvppFKy4qYiSKxog==
D8557AyvppHknCOC103sww==
wJfORipUjohXF6ByePBvhQ==
NIZqEDoYZYA=
OJy5yxmyPI4Ci1J/drdDbg==
d4r/zNBVXxjJuVR/FWvXnQ==
OTJSVhcdqRLXgfKMBoY8dw==
V66zVJnrzaihiB0kdzjcQA==
A2MfbUGG+onZ1is2T7InNQ==
hWlxJhlmGP+aDu5NkS+i4Q==
HBvbc0aMRfyT6c0Uc9z1zA==
2PxNKyt/BVpJdIRTznzreQ==
6iX1y1Ho32QngoK7eSAlVg==
b2LY6SqjL9k=
1fZjYHiEL/agdRvjIJRtLA==
Q3263O+nw5Hzg/XpoAOOwQ==
onw3/tNBDAye/R0aQQ3e8A==
NzPh3H97AWhI2w4Okhj1DuQ0JEkcC28X
IDiLKR+FsSc=
PGkeMRqlruY6hTPAdCo/DA==
kepLwLmTYmGAfVjy0GQ5Sw==
+9lmMdBbzLWOTjE/wTw6dA==
ddEBXy9g7gIYXUKhAZr2sQ==
LX05cAYazFE=
P8+Zyf3g2Sqx7TI5eKWizA==
M/8n4Qd3R3LeaAJjXT9kzA==
E+zUX0JJf5m0nOnPVSNKJg==
NDndUpijw0A5UGr3zRMomA==
bQTV1s5Di3Y=
3FpQ5EgQNCs=
phs3wC5K0aWvbn2fXqLggQ==
0pb0t1Z37aOSllJCmEXOLQ==
0pb0t1Z37aOSllJCmEXOLQ==
VwfszjAkDpL/LoKjiydZaA==
GGXlXzYvDJ6qijvCYVZSRQ==
LJMjonFJkbimOuqzoIU7Bw==
BfEd38Xtnu3QBf9oIL+NdllYPrTc0GwK
pxaxnil7RAm540nwUTavBw==
65pr0eQla0osVM8oRB6gRQ==
rBRpl7L3wPOJOVUW0eYRfA==
+zhvqaE9O6aZzuIRVAnLEg==
CR6zCiO7cQVloW9O0PcNmA==
pK4K89SIVeopy5HRRa3L5g==
tWs+UgyBIAY=
k7mQJuM/ClJ83pvsdbVxEQ==
WS/jb76jN+Ccq8iL0Z/lDg==
a2ll2m6dj6Ja+CjwZZpYWg==
FVk8O1FqervVzKBZFubP4g==
EAWCZAAY7RGoTkL8jOqrjw==
3Gbs1XqwSpW7DZVkRzQ29g==
rDxhxeGFi2g=
rDxhxeGFi2g=
gRDr8ttKKfg2ALtyVJN4lQ==
guvXWHAucAs2mBDM8yC2mA==
qvagCa+uURo=
fvr7MegX0YBWs4XXTRLXrw==
+Rnxlk8JUxrkqnORqQekEA==
rQGOPq7lrY3ia4+QmqLp8w==
rQGOPq7lrY3z/wJiek24CR21FComDdnC
wSQzExjdYrl1iHMfy8hZvg==
bRuDE1yUdxc=
e9Yblp5DbPxqvHVEKg79KQ==
jp6jtygr5OAmxTv9mO+Dag==
asmdhqhTir0=
ku9aY5DRRG7Qmbp8J6qG+w==
de9DmYBOI6MQ+n5SWCZAFQ==
t4ivYoyT+bAtDtueXVq8Rw==
L+UB01Z5QnzCm27Lb18kIA==
fCzlzhKTiiBihWDjZi7Uh9rrsP2iFlwI
W9ykRJebsVzdbl1KhiuJkA==
eC5lN6zajB5Z3CYlV5b+gwMF7c6xUYZL
FRy7ANEKM54=
WAzLXt3C9VbdXCFk1iZoFA==
2OAtGCA21AtuaJxFKaRxTA==
634heQG75YVOXPk5cToKuw==
TuQcDG7LSRst8b5cXmCZcX7EK0i6lMMg
RIuPqqJti6tuaIZtGG+Hesw4J/9a1Sdc
Mw1bjSQP9jE=
QmFBKMbeAw0=
ORjGqhr131h2gMpyAT+CLg==
nHwPSf9X/oVquvTexXVK+A==
tGpzrf7H/nTUb1sdTIbvhA==
pA5VKe7gaaC8sc9CC4Afow==
GJJNPArHgtA/oCSQbRFMkA==
C6c/gI1wtkI=
gXRyX07GPO4=
68WmQ/xAyMQ=
N2sGBn+KTuxRxN8y3JQvGg==
a0JiwOFNPKItr87b9ZCNtA==
ZoOhzZks0+g=
fl+aL1B+HdFjle8N8GwHFw==
sjTIURPCc9wmlAxyyESN8Q==
QtkRy7YUiBkbrD4tQuMOjw==
7zu8Wif63/N6xBNarhbDFQ==
wl8BN1Q3tb/aq0y6gUK4OQ==
La4rXD0r8bdaleKCiAGq3Q==
8SESn6ZnY23NeokgLceI5g==
8SESn6ZnY21ng8mb8yl8JQ==
GZfoRYSZY1c=
ItmSVwQALcFDIo7pJZeRuQ==
gQPam1wqxtinYgGQS0RH9Q==
PPHPN2MMcrI=
WyAOveqRcgy4+m50YMmVDg==
XCHUs2icaT0tuR/ANXdTpg==
GS30YOpKVxqdvDVS2BqNKw==
GS30YOpKVxqkgBc6FTyu6Q==
Rk8efWyFJXk=
2tk/S/2nbnI=
Xd1t21/GFq/8nznekln2Jg==
cdn9mxyL+f6begKqn//4hg==
TAHZuYepccAKrIVe+MDFNQ==
BcmfJIHN/Hs=
IMnEdV0pciR0SczH+GHC+w==
mfCpoMGweq+SeCgiQweu2g==
K3ktRkQt7iVoq41Jul6GlA3NjQqacSGR
K3ktRkQt7iXQEzXVCGrSpbyKaWNQn50l
8um5PghCM48=
fB+hnLAeuFU=
oCOBXXFb7+4=
oCOBXXFb7+4=
wQISx4W3rHtBvyOhP0UPGg==
HqvA1JVAySOP/8bQwv0BuQ==
HqvA1JVAySMN3t2797Y0XA==
ccsGCaN/Vfz01zeznXEtFQ==
RRkXJWBo/ec=
kLhSwzi8K1s=
dwlwE/D1Vh4=
1pI4iA4Ju4FpRcdf83W2cA==
z6rbMM1F+XbPnoDLHD77tQ==
beBUWpFPhGERXFBmjZEo+A==
WVw0o7pM3S3/Tk1yIGolvjeL97BsIOXY
WbE7axUZZTmHDlFf8AwPKQ==
12sk7jLK4n55MsKgDXcxpQ==
CNy4tOTBFk0bhrimlfFnaw==
BI9+QqeaR4tpC/S/KoprWg==
ux06JPOnqK6QP/NLfBLdDw==
SxAV4KzcxiJDD1aLY1Q5HQ==
e0WecGfO7cBzrXf0oaKIEg==
SreO+K6dRmMHshI0pGr9fQ==
kRco/a6IFv1v5VMC6Jbm6A==
UL3Jwa6BwdNXMy9hYREXAw==
HdlG4MjFw7/nyX7cHllepg==
61btBcD42x2z+hPUdaytbA==
5gB5WZu1FDo=
FTNwFuEUbVcgmaWFYgl0zg==
YFj15NoV5g6G0kA+wd/uzA==
MqFxMHS4iCoI8u8ic9dCkA==
uw5kQruXQWtY4T7yD5rC3g==
uw5kQruXQWu3O6t1xypSTw==
l1bs3CxPnVw=
7/TYuW3qIYj0PaEUZugPQw==
YV7Tjj3d/38gX1DjDkqMbw==
iHsDVV+BltQ=
5hHGikKUlC8XJfWXx3Me8A==
qoP3S0F4UtLC524xqAHeBg==
RuXqqIACm0hBgciJq6SE4Q==
CnPONS//G6M=
u5oPHqDSaHjhGUoxT8dBmQ==
bitDuJtYb1rkb+EWbGelNg==
67lTIvTP+DnasEL2zcUQ8w==
w0zYw0Jtk/cvJIFqtmbMvQ==
ywym1zN+SN5D2vBDvFijWA==
FggZ5Pn8srNShV15u0A7Zg==
xOJUmh4o91QOtMLFQWOP3A==
WPfksAihcq/3gqz9dX8RKQ==
+uv6HIXuXawIL1QtoZpQAQ==
g92DAHqJsBaW7aJZ/DSAYg==
K8ESZkWjmZhm1OA4MmdzjA==
EtCXN75h/nWlaQG9i6e2Zg==
gj9r21Z34U9U+Oa/TGSLsQ==
wPC3w/XxGY0=
3wkS9mltYQzoPKojwtcuLA==
3wkS9mltYQxOyIFLu30RzA==
6s2SyXR/9nfGdXhMiXdgeQ==
AnUaDCPHSpcdC8iz1wOhZA==
x896BdDczo4=
rfemORC3DoFbFcKZMynoeA==
4moK8SaTOQZVERZo/DFr+g==
4moK8SaTOQZrhpwGoQEZKA==
XSv4dilLyAUel55slNgp1g==
tmib/6ksj58qE4vlLrJoog==
7+NY2zY9Gfm5Hm1vIptUbw==
7+NY2zY9GfmUP3LWC1n9TQ==
7+NY2zY9GfkLTYByyK37iA==
pfWQSrru+OfnV/uhV+LTXQ==
J1CIriHVSvg=
sLY61ZXpa4qh6z209YSxEw==
DwQ2A5GpPFe1MuqdHG+WWA==
FB4y+OgefFsoSL/vyzE6Ig==
clhnQ0wFEyn9EHgLn9pjVQ==
0TvpNZHiRfI=
zIPikR/Vyeh+noZFFk3JZA==
+Grg0ZBmjD0QJaVEDTj/r2EYUTQI4dBrO+qvaPKYmWM=
+Grg0ZBmjD0QJaVEDTj/r2EYUTQI4dBruEdp8xoLa+g=
3DRG9bECW0cIt4E699C87HAl4hX8yPr1qCYUM2Whl/A=
ZpeRMlLSJ7kj5/3bk3tkNg==
gbq91t5w818=
sJRjZML+N/e5iz/JkS+9Ng==
iK///39qAokJn22Z3AodSA==
8UIjZyGG2VQ=
VevOh+M8WpJelQCojh6lXA==
R4G45sCY+0CITL2EQBsfhg==
tcaAMyZZP55t4m9snmQ06A==
/yTXpjIWc2g=
oh5dZKIDlW3tyE/yrksbvA==
Eaockp0zsqQM0klIvb/qLw==
kTC7kA+b/NftICR8z6bRVA==
pAc+m68sNx9MshorPYYNcw==
Z9vdQ8Fy0O8/ccitkq4tow==
BdKoPZZfvZhMFokPd8JCMQ==
fdqv/rEvZ1zaPQyEqVy0nA==
13u2D5ssTD51vsLtiAbD4g==
bzb9k3VHRyAx/s/Io5YQvg==
E8q1rbaeUFfpNJv/hbEb4Q==
EKA2yZXDCxE=
9OcxRuVYQn4=
lmeSyy9JeJs=
4K6KdhlNAeY=
DudQm/ePKkLWKLXtfQgC3Q==
xM2PxvMyULs=
OvKnzMs9E1RzQYnGqqek0Q==
ev8R9cD9CJ4=
HSdXcOiAlwI=
tSLR8acJk3Q=
ba/ZrHX+7ds=
8g+J55ZgByA=
TQTNLbsoif0=
Bj1t/DZu4HWjNi7sn0FhmA==
JtgevXxiB0ZS+0rSbm6TFQ==
u7xrciuCrqFBuxCcr25/PA==
iycHsnZANUOeL1Ap4hqX9zmLBpV7JN7b
nv2d3g4LNi4=
nfbuM6o1IfcCA7CcKsjizg==
kOQH7JS9q+w=
bf7qy4aGW8s=
sz8wIwbTx+Y5361QtMAIqA==
9E44iD/LXYWdtl069iMTpBI5smFrxDFW
lk/GOEm4/OOiuLHTnRbGcw==
GXX0qM1qz9Z4Mj3jq1wZ7zNgPrN4xOYS
fm8U9tb9JR4n6OICFoZZuA==
t2aR+eo3Pyu4XIFQl/BxIg==
boLA82gxRAwRJv6yXHSlpg==
7s+V4I8K2OqlxAwqOVGcpA==
uwzx2tkFXxmX41dXmoei8Q==
nPrMxEK5YccwiBTHiy+SDw==
nPrMxEK5YccQsJVg+JaCzx08weE5xClf
0STi9YEOl5jzRGWKp2sE0g==
wupmi2Yd2FdKUhoCh/IxPg==
TwJviNF/1k6Y1oIH44KGew==
Hmcg0cHHgD7pUcPKe13mvQ==
RCPOitpt4Ik=
EAHWbVJ2yi4M/FOod7t9NER03SRVv9aJ
EAHWbVJ2yi7yWMob5KlenEqZMyOOvcrW
EAHWbVJ2yi57IulKfmbSpIZfFPolWdwS
CmZ4Tv+HZtsUoZrsvxlomQ==
LDm2zzXAf1RG+XTd9m8NBg==
81P3vnH3pfNYeSlUidEndTJRw9HiVAf4
m1apknRCL+GlRsTVl93dIg==
x5X6KmHomho=
x5X6KmHomho=
x5X6KmHomho=
s/BD5wAGvAV1cM32jDMuRw==
Hx7g7YXydqRTXMe1aV/PFQ==
3P/LK9tRVExZdByUEXktGw==
Vg87nOz+314p9qAwDzL0QA==
7eRZE9vM4Bo=
j1qLvk2BLi3Y/3+mTYps+g==
cCt53TslpOWYEc3Q+fiZmg==
Hdrpy3XfQaw3fpDvIfzJWw==
m3n9Ann+o/LHWLW7qDV96Q==
t8FaGNq+qjggg1YBU5DQPpFMfqJMJK5N
t8FaGNq+qjgEL2qIVJn496eO8aJh9Ml9
eWTFiuqNgAI=
CL1AhHrUkQhGqKUT+svDjA==
G0KSaBMmIPk=
dfpiUlAoevTgMY/p2/i3yQ==
8pjmI/D5sLeOXYKFFxlOfg==
0JdDxJZA9k6rfjFmcbxYjg==
97NjTRNoW5uwXQ5l/PZV0k/h8emjC4Kt
7gMDiZkyw7LeBuI9aPqljQ==
754TqVAqf3V9Z28JgRmJWg==
SEDVVHBBfk5Rzoe/WDRlzQ==
dsDL/kwEOeU=
lhXEaZ8kwOqivwV3QvDV2w==
QICZMXMiusSvvEm0hsw03gzI/JfPy1db
H6JwUwRZbI55DjMVNbb/eA==
lox29k0XmxFk/JSWJHN9gA==
TDHbZtqIZ7OK5voaDfZwlzzn2USGWMfi
n+nM5pQFKuE=
fwnVO7AnFCQ+gKSPPX9PpA==
TyXOBYxMgRJ2lktohyPdqg==
fe9Vn/HctaU=
WF/qTtuqta8zp6JyUOsrBw==
mhu3irpaK3Y=
tdV3plnRW2B3idN/Dx9BDA==
lu5bm0wl+iQ=
Ir1WVOFJ25Y=
NG2DkjcBQOejJyd2TIXm3Q==
l2Uh0L3So7E=
nEw7roanJEo=
tNxVx80USxCD4PRNofV+pQ==
t/a7kdb23G66u3gDyLFxEw==
rWHUuE3wr9mqdmEn1Cv8PA==
+9Q3TJ0k9pkLaOyPcAXTSg==
tn8ZFCdP8AQ8Ue2hOyqRAA==
tn8ZFCdP8AR9EW6EUrEIHix5vgAdH4FL
CvyF406JQKApkvhfsTWN1w==
u5mTjwRuV7hHgmSRwmzWlg==
egASMoQW4/wkZvX3T9+ynQ==
6Cr3DB1AbOk=
GvVzrTQ+W1nwCIZq6H7Awg==
rb0O3LIZReqsTIpJHv+uC58EfjyvB2Ew
C1XQ26xNCPVvNzgd+HCORVuI6bYGLuw9
Vi6jiiVgF2ZbJt41Yi2gZ8SGPfgdLzrN
Vi6jiiVgF2YDBrozXJF+0JHkF9LcBGO4
0pyuOqR8nTjmCnPGP/2Wlg==
JwzKEtmj1Dc=
lgjHbWpoUyL07JajJosh03BiS939YTiF
Fb1VnP4b/FLSqMjXlxPm1w==
jh239yYSLAzYehb54jV2SQ==
Avq+T0LjIns+SrudZRrBXA==
Avq+T0LjIns+SrudZRrBXA==
V26AxPszUMwU9QG/Ms5QsQ==
L9IdkUfyb8snBQr0fZstrA==
L9IdkUfyb8sgsryebwgvTg==
zNX3qbGQTNSF0auOYtbGQQ==
9kpqWD1p6pfXfbnj4aWOsA==
+p2ACMVBS4k=
q5mUgc5cTng=
6DwWUoFk3S4=
HgP78iUMITY1V4g5cEdnyg==
8UJBO2WytOehhyJWLL5EpA==
97Q02norgMUry5f8NGqlQw==
wRF1xuQbOZvQdcqHUpbmNQ==
zL4ox7537HNJY9O6zK6kqOav1usl5l/a
BXjkQwBrOft2hllaDfnXSQ==
0ERhXwRq+iw=
DCTFzhF167o=
CEgYlxXeIeYz6huD6/kWMg==
l5jcouSzfCQ0Xhxw5M4n2w==
zebbBbolCQxq/ScljQVVKg==
zebbBbolCQww0DddaGwxhA==
ncxx830TrBQ=
6J4vi/eC+qk=
dN3hTjuOVHw=
5Qhi9J6H3A2R8TiD3ob1kQ==
vMKr8f0L0Srn8EojHGBKyA==
BWQmeMXFC0lqxzg+NYp3VA==
OmChcpuIZ7E=
cj+4S1MoBO6NlLS1jvmdsw==
YvTALjiacTAvNLfBwBPCBw==
BMsey6VRp6ZkWck7TWjytnNOF4hNA0YR
o94iFozZRacEiuFgWDFRmg==
ACKPKqkwaqMQf11guTioKg==
ACKPKqkwaqNv6pKkruvL4Q==
wt42rXFsPl1eeLHiuClYTA==
Ne4ltijy8/4i099XCdEbwA==
tZ2c8ePt2jBU6BIn4xcMQA==
tZ2c8ePt2jDaIROCYCM+hw==
0ZGTavxOS8xLrw5PqNn2Gg==
0ZGTavxOS8w+M3remk+WEw==
ygGt0gHsJ6FzxPgKRfTS6bZ47Wl+S6tq
S4/cu+475tH+aaGvBvYtk7s26LST3RR5
E6gCzlzAq0AWO7oyUmC1CA==
uhfLxgpmuZA=
VVw388qYSuB1XYigQyBjlA==
ox5WqGuMbWk=
Ss00uHiwOIHsloC4/2/bOA==
ugOiG6PLxL8=
l3me3kgr+mA=
8yU4Pd1xN67ILAat3bjlqg==
8yU4Pd1xN66b1e1sB45yOA==
lNGAipnZSy4=
SxnQYui/ibolJ5T2XOD1dw==
eVhzjS5ShiZKthAEAHO6ew==
D/sWyMzNhisf5eptzUo3Tw==
rWbH968k/1HCDoGkxJgIJQ==
rWbH968k/1HCDoGkxJgIJQ==
kwRCi3jl1uU=
5roJo9IhUw5De8uzaYJCvQ==
bvAyQgW6WvIGqQYVfGzeIA==
/znJ6KSUNjQgF7iHX+tx2A==
hDhZjqwK73ETL9MYpqTbCg==
nYYMTLOit7k=
eOR2YiaQnXG+epNOR0P/myUEityOEO+8
ZgjnPswj3sw0RAWlqAtq3A==
dxeARcX1ocZu2OmLMVNb3w==
RGpdR/Dmcmi34tqqbvIgNg==
ya53qlx6uiJdct/HSQPiTtQWgJZiJV+t
cwnDGImq2yUkHJzONGuknw==
cwnDGImq2yXpk+yNo259CQ==
kxJx3DSLm30AY23+TQwtFQ==
kxJx3DSLm30AY23+TQwtFQ==
uxyAeHDtTr2At7PDQDXxPg==
WFxM6YhP2Lp4z9zAhNczOw==
WFxM6YhP2LrjNu29NXJhDg==
E046kpK1Skwk99N8o5dTZA==
ISAmOftWeRU=
g+z0I48p9OOJfb7iek3CTQ==
499/7w9jnA8KWzKSAsrwfQ==
w3PmGr6CpufGt3DAXoNXcA==
9dWDz7npAjtYKyvX+e8rdg==
HMj57hi+HnwJLd0CChcatA==
HMj57hi+HnwlPE5exB7mCg==
3bOCxmcFUmyUZ8NEwLM2ow==
Mkv6u9K8tCtAHJaEdLeolA==
CzgTPKzs8kQ41HmhBWT1rw==
6X9P7G5TiHhOVtQrG+Lk9Q==
GMi1c+vvDIw=
KbvfS35Op+5RhUQZIJVXzg==
nXEsMyTaXR2MycjF9bS5pQ==
9p+qNc7LD4jCQ2wEQeL/Mg==
zanrkmqubCLUKsrGbIAJJw==
0mnGELHnPW/ZQjH2LdcbZA==
0mnGELHnPW9E5hDQgdME5w==
0mnGELHnPW/yriNGXv8bhQ==
0mnGELHnPW/yriNGXv8bhQ==
kX1BBYECc32Qs9TbqI9hHQ==
niOgdWjSSV4uq0+7H3CivQ==
aC9HKQYMPgt+jzTktrN/wA==
aC9HKQYMPgtxDcCf6bupBw==
7l+/miw7oZmueUmo2qfdeWjrwbN2ebgQ
vjvFyJEZ19MZFlacC3ZOjw==
OZ23LdL0FctsnsfrC9CypA==
OZ23LdL0FcvtvLQLFBNV9Q==
aTYcwFv3uExt0lQgPVXkRA==
aoBJTMe4ImR8B5HU5glrAw==
iiMLo0KHS20=
pmkp9LYJMT9hMZC+soMziw==
jL08PTZ1p9E=
npUceq2UQzcraizEHiQYsQ==
O9W9zm/LeUEbHO24FyMwrg==
+rTBYaSAauDqWJN9+QsdtA==
yY/B20yhJiTAUxx+EOJqFQ==
JmkwPBWoWyc8QQAexC8JfA==
lSMBypwwWjCI5FyWj7TuxA==
+qfQ168lvXw23ma6VdldNg==
dtYf+gwV6/M0FyQV0uailA==
swLDL2nXfRbRPko8qz5KIg==
J0aGgg/8SRs=
sDcdwiOv37M=
skex3f5C5JzP/pYcKmjKSQ==
kG4HYZGTC3nG+imNmxJ9Ng==
tASVEvfuM64KjCDGtcdTpg==
tASVEvfuM67vN0hWVeESsA==
tASVEvfuM66rRQtRubORYA==
tASVEvfuM67/npIf95Sscg==
JDABbh+KZv+oddsJvaosHw==
sa3wWts0j9PKg+OM4GM6DQ==
sa3wWts0j9MM2f6C5PI8jQ==
0WAa5n+BGX0=
ahMePfeFdyGJImuM2Z4+pQ==
ahMePfeFdyGYfoIsDh153A==
ahMePfeFdyEFdG8/Hs0lFA==
uS1DbeR9Nv0=
1HrAPvnyxz78ZDvA4F0SQg==
7kSE3fnoe/UifZHaWfFIMA==
PEYP+466zr/eWFMRtDNMnw==
40bYnapRLf86WBoe4O2iyw==
TaVQRx0y7ME9wMRWF+S9ug==
vDL0h7LoCGNFYFADzthfd0nrM5EQryWt
xoc6FM0ygkA=
47NiUgdjeqGP+CVwD3hbpA==
6gfcyBUHb0zin269ARXp7w==
Z3EHrEqYNkFE9WeTXkf5pg==
FiPYtI+YrzvIsO7qzw6DQQ==
jXW6CC/lOHoEzhJVvdmx1g==
ik+ppg04TRrq+e00Gxm2lg==
rjlV73OCISEKS15YL5MYuQ==
HarH0VGf9y+uxz8PCTKHow==
BYsdqCD2aNVjXivZywjY2g==
t1yy3LkgiUQ=
6qzPGPTJhx3+s2TdvQC8lg==
6W9q44cdQPJTntwfCGQy9A==
0tsHainHH1ek9RoVqkMOlA==
evjSc6fdqMwfAlmaKgzjjQ==
GQE6z3D//5MaNXylAEC/9A==
9MNGu149ka4npWYP9KHg0A==
LylChBZcRC0=
uwTTz4vQwH3Di8vSg41IWw==
DhPq7qCXrmvaYOge7WnlMg==
DhPq7qCXrmvuYfzbcNJwYw==
OuybGm+uPGVik3W+u7Le3A==
1eX+LXi6B8+5bY6uaj5NvA==
BkbVT2m9NhI=
BkbVT2m9NhI=
BkbVT2m9NhI=
estNjkoRce4=
Yot3TlfMBQn3sPcXcXDiMQ==
7G1SMKeZ8ZOVBR1m98q5ZA==
7G1SMKeZ8ZOyNVGX1g1jXA==
FXigxIDgn+IGVMcoJUdpww==
ByYcg16ZryQ=
guV1YEduLUQFAQArQKiR9A==
LEJwsP4Nd+yU/4Ha/OWPI9+O76PZS1k3
xHuOjeYQQN7aiHLxOkdb8g==
rD2JEEyu1h8D+kvSMBZhGg==
Y9PIhN80nCawEFWjs6yg4Q==
WekS+LstQcp3dk2ArAjXTg==
yy+SqvO624NDJIVn1Yd9vg==
QHqPNgWUMVxeVqRI5If5qA==
daJl7FS5N3s=
ewqQS+oDRzySu6Gwdy7guw==
3+geSRAjmME=
IBsEQd5O1rUJ+q7oqjp7jg==
n8KfaxvN0TZykIOSojwUUA==
9LslE1kKRLiPtCdLEg+W2Q==
gMRCszWMt9poGoQex6533g==
Lu1AGEyiGMCk3GNlksYpLw==
wXIkksk2dBE+r7znO9xrIA==
nTWbTlJZH0CUUsq6GEdwvw==
1FaTU/AheaE=
Ug4dOTvncDrbJ0FO11iRlQ==
CSUYtt9mIWcAXQv9KgVvcT7U8uaf/X2I
dU6AOVaPegBqd0scdXK/BA==
nHsgbAWkm9qg+gp+o9Kn2w==
On8S056XhYgGJxrd1AO8ng==
23rzoRx0oZg=
JCI5yTKubMY=
1f3d0y+e3Dc=
Eis3CO9D88A=
S65mG174uUZkzIsvx8rQoEuP1f3l3l6e
pTX65a1P2qiJStPJojZAVw==
SgdmTqMUbGE=
PyMhq0eHR38l4hnVk2WmWQ==
TNtNxW0N0Y8=
onjN6FchMNZpGPmK4xwzEw==
onjN6FchMNYoMxG5tInbqg==
eGRdZ9cG+RKWeFTYr+MpVQ==
RnqlhZWzmDkzqVRv4h2eAw==
mtrvLriHg5e8f2J1SaSZcA==
mtrvLriHg5e8f2J1SaSZcA==
FGE5hTPE+kE=
7rPXIIW//vDdADvAVMsRUg==
rxcXrabynWKeDACV5WJYdQ==
k9QVlmRT3sYI+XVh8nht8w==
igIYeezlCxCZ+mUDpZlT/A==
pugexPSE3uMA35kQLkK4Kw==
w2gbYmEjNoHNMA32NENIqA==
HpDSW4SdonJNEm1tGkaGkw==
OXzfMvpsqp7ThLFn3X4cWs8sH5Rlp7+r
6iPNgukCt0vOJ89xJ13buw==
xd5OJK1MPgovYrtu3ARoZg==
GfKwQXuqWvoxf9HwudLf4Q==
+tf1/eUC0eTvl+90mR3lGQ==
eIeYUQeH2Jgrygu3HlNj5Q==
OwkOzWWc+wDkyeIMMJ0UTQ==
ny1uH4sox/fE4dXdq5+/FQ==
ny1uH4sox/d44yqb1f5oBQ==
7rbe7c/vLXWj1ycuH/r+AQ==
YWXLyEWe8Wa83EPwn6KpLQ==
i/TTIVhThrg=
i/TTIVhThrg=
i/TTIVhThrg=
tEA12iTEh2cL7qXSi5WiLw==
Rb86sG2Kcnk=
1Lu7cxYoCHlk5wkpDxUo2A==
yhxBVDJyWq0=
vXv20F5a+aQeOHu+b/KtUw==
Rpotx2RubxXJbpBXHErgYA==
YQSaopxHspQtmGeBuPy2tQ==
ZDDTwQPB76UGzGX8a5VwOw==
1YU7TvJ3l3I=
1YU7TvJ3l3I=
duII+6og4tvc3dKIF7j7EQ==
KE2sf4VM1Q7sc8v3wn4Exw==
+seLTJqAP67CtqEwHYbI3g==
jdT8mdY/UrEPSecCXrC64Q==
bJ1TN0xuGIpna0TXy98tsw==
u2PlyxJuKlA=
BLlAr9joarIhmnIjoBQxRw==
PZxv5Os6Nw64o6aJLXWmXw==
PZxv5Os6Nw4spu2GFfL7kA==
51gCeK9TtMc=
HLGEY59f+GaIcavgm4ReFA==
hpDg3oNvfnZCPNesAVWh7g==
mygVNG1hsSdST+j5NoU0yRAju9eBXDa/
zY7kXBh9sn5Mh1Iq7Wr8YA==
zY7kXBh9sn5t0leZZl/kmoaOumDtlhz7
scmebVNUcOkUJWs/wwGgpg==
C8ZCFnFSC6OMbLJ4HXK7iA==
C8ZCFnFSC6OMbLJ4HXK7iA==
C8ZCFnFSC6OMbLJ4HXK7iA==
gLgxH/QvdO6jpItx5rn1Mg==
+IjvwMMZHABncvckOHta8A==
fwZrXcbyv3kDY5QTVIgwoQ==
iAxP/f/B9CRJ1zfbU8bEtg==
ViLk0frKZML3WJUa3gDcwxQW3hd1anbQ
HTSM0P/9LEEYL9s8WHjAEg==
jpkz3KRQ6KpvR7R2ELydWQ==
YHyEh5YxFpXlZpotyl/uyb2qwq73qcla
SYFP3uMsBRHmEPzQYDIeOduWuCuUMIAb
D8Any4IaCr3IMHmuLxcrtQ==
Rq7hX18QvTrRzx6uI3OBJA==
Xin3qF8ecLA=
htLfXS7fvfgZPPyBsF/6xA==
htLfXS7fvfgZPPyBsF/6xA==
YAiVNIpteq/G98L+bEtGPg==
y3+dK6PXB0c=
/fFa5o+KUP/k6VDJpPubxQ==
czRnx9br7e/Ik5ToFGBNfw==
czRnx9br7e8StieGV3rylA==
YzTMSwYHa1ZkT2fhu+OV6Q==
R8uKi3tmp77n0WOqgzwVFQ==
fHRAND+2pLfniILbSIGOkQ==
fCaeDs8stP1dh0gfaA1XJg==
w5K2KuA2uXTeHrhiPLFKnQ==
TAQH8S5BBXY=
bTY1w/gkVhlcuJkBdEEfFQ==
bTY1w/gkVhlcuJkBdEEfFQ==
zQ510dvfIS55nysQyrr4OA==
QC540O5TVD8QRCRFWedNUQ==
QZp5WL8u5M6NPxM5TmkEcQ==
QZp5WL8u5M6NPxM5TmkEcQ==
vjJeUHYwl0ypuhVdFG8NPg==
cqW+qEHHbK1kr1GwE3DwNQ==
NLkvSYs1HqJp3kgEZJFuUA==
gBCo2CongpiyNWYZq4Ejdg==
Gur+Q8aTFZocGQYje+kvFw==
nNPvkaRZb42AhNXtqvJEpg==
fS2AGQuVdqZ4ZZu8vDFygQ==
5yOXKn7J8HihbOXMMquKuA==
DMpJiigM/T8=
2ROEA0F+OjM=
djqP1SsMpkw=
9YgKJJxqzD8=
4E6hg7G9/ONnf0uXTJfUHA==
O9ZByzlwOHGouppDe6UBiQ==
PMcSysV3yNDWr3NGbHeEWQ==
97SurUAkL1M6zbsI0/A2Ow==
ChaJzkDWJ9Z5XWTMTRA16Q==
rCe+2d0QPasyU4nkyGlSZw==
oyLCe/GZe4Qq4Fzq/K8j4g==
y7+aaHJVdQI=
y7+aaHJVdQI=
rnoedn2Jlx17JA8c4V/1pQ==
TQPv3cBGQHwbZk3hOeQU3g==
j/MxyEgqBBgiXvTQeGpVbA==
gE6B8rKUMuE5tTnuYH3Og0SqQk+QIQD/
lJcPtO10hYwr24LCPyblqA==
M3Onyn2pETXPqSxY+aNepVOuYPum4MKr
T9lQ7cno8+QF85p1wNtl6KL3DWFj6R80EaAALC7LQyM=
nrPVYgB5elwEWSQ9zdZQgJcRP2/L1tBk
nrPVYgB5elwgRRLFf4+Xq/8m281LNoZW
XLwaGVW6eROpmdYS3eY6Zw==
ylXDLfPw+G91pDJMeXX9WA==
0Vbs/zV8lUdcnrAACjZapw==
Jq3wd0NO348n3wrs2DVZtQ==
TlRbT64gemMmmpVJM2lGzA==
XaBvTAu6jdc=
eheP+OXSJCQ=
VLUb77EZLfrtPSvxcOnMKw==
gaEgp/NXOUQDx6lCy8T6lw==
S8RTqhvuRhs=
5OIQYg4M/TWUnICODvM4fA==
5OIQYg4M/TWbrI+vFytBDg==
u6p83LFfZv+vJPvjzEknUg==
16hmzZ7+5jgvSMtUYZ3fww==
HWV8AlVkyNzlqtm30/Ggvw==
J8KL4fqIqms=
4DWYwdbZUgOdq5GjhiKlKg==
3J9jMVSEt/sHIk12OCf/Pg==
mYGSWF5QDIcGmbWZW2nvtQ==
mYGSWF5QDIchM8bmdNF6zg==
vQuUNFOO23zHxNx/kXJHRFgIPJb9YlYC
ndn964lwITEIOWlxT6dJ7g==
Zl1li8t30dE/BMRr/lOw7Q==
nAiXhxge+9F+QDIllIiVbQ==
WQjcjNc4mzZJzyAP2sqG6g==
aWJwaWLDiDqhBMXuemMs0Q==
Tkq1sxkWDbsjIWq7Evt3Xg==
rv44mY7Nlzd3x2yB8eIE8A==
xYqGiGa6EZodXSIQZ1KtYQ==
DvRlUlendYE=
Vgdf8g6zkaJuTZhPR93XWg==
hU9GXVZoSdv3xH5lNcbC7w==
ARnOqb7ZTKzLZNrQeXaxSg==
MrJaGyPYFgTT+K3/oc6CJw==
EtDjBRkXUro=
EtDjBRkXUro=
jvMqVZVDfsjn1iBi0Qf6tQ==
jvMqVZVDfsie5IatBYd6GA==
BMhSd48DavHqgcAGWOW+Tw==
BMhSd48DavE33y/UwVovMw==
bB51gxqS7xyY73ETdWAuAw==
JVVZhhiB4yQwCg2iTKI4Lw==
H6PvRhLOJuqVpNNZkGpCGA==
vl8Uh+iSabetr8HFi/OqQQ==
MYn9UkMS1E+dzx3SguooIw==
1vzdmvlF9obcW4NqZgJdzQ==
wLb0Zd9J28YusddnE/z+CQ==
GA4C2mGms6SEDi4+9n6erw==
TOobLaMnrNRPvQkjrZvjvQ==
Vh8TW2c6IF6GP6oX0TMD7w==
aMuWemgTJ8ZN7h1U+BXY9g==
lXPbtyJZu/AXKNnov87kzg==
08m17k5zV+ULKAYyEuh9/g==
NG3seBehrSdqSpXa90v2nQ==
yCqNbT2DXj+cFXhwLHiolw==
yCqNbT2DXj+cFXhwLHiolw==
xZM2ugx5R42DVE9sNVsN/A==
N1U24ERQQdJKNeLx++UKjw==
N1U24ERQQdI7uO8xF9bylw==
+3xt0VZQBWNuYSnN8qV7Gw==
R4JoHPixfFs=
qvwRCfuljmEa6FgG5BpOXw==
qvwRCfuljmEa6FgG5BpOXw==
ZYRuBW8ZK688Keyb6Ves7A==
EmxjNz3NhtY=
Tsiqls3fmHyVRslAgAJTIA==
0VCfl5BMZeAn9Z7uhvuSPA==
arPcPH13iqQ=
arPcPH13iqQ=
Ywm384FS/QI=
xpG4yx9xaOih0qkY5MV0pA==
bWIvhAyOCj3kgCBlPrx2dQ==
1d190/Og88phO/my7ASONg==
1d190/Og88pcvHe9kZcPeg==
RHvRod1E8XMq1PyAc81+rg==
mZYuX/lhYmOiW9T6lKjI/w==
JiZ8FIunAftLnzciGKK5nA==
O5U1WvroTeVn29EvJAgYlQ==
GK4iqa2jBbkZpcjrbhudqg==
kR0bKNI7Opr/3cObcWiE0w==
p9+lhL0hhZNTQWxKTufjvg==
EbeyHxUwglf+ihDfOQh8ZA==
dllNaz5WE3tcCiCCNGwqDA==
nTHJ0zFdHqY=
dB2QJMvgNQE=
TfPwsJy5/Aw=
/uUeyy8CM3zaiRzhdtgIAQ==
Tvt3OD6MkXCVjXsAvdWtEg==
qd4Rt6/PxR4soVaE/dmyhQ==
U4iNBPDt0C0=
SfhYRp7pNGgm/YK2HUBSPQ==
KI8wtsc2O7m0InjfX6ZpM3seoRCtGu+B
TIJwBIDYXLPW+yn1nr2Lzw==
89MZPQN0IpGvHYUYnf8GXQ==
0/UFoBC31aoHwMwaF6+z+A==
GCfILIVakNzSkomIwO4Vhw==
dTVQvxStOPOiKDuxHWQOE0MMPftv9kYq
eOUBO/TJU5CMk33jzdi5iQ==
n+Na/rpwtW+g+YYdENpsBA==
WF0SuabJbSmS0fAYX4k9eGimh0OeqWRj
zu38SVDYtikbvACURv8K/A==
qeLniexj4orXSbPmbgtsuA==
qdo3lUAhmn3eofg8ijSu/w==
8WU47hg22CdtuNXoUFvv6Q==
Kc9yYEzmEQ5TPU4B/UGHuQ==
9CgEi9vbgt4=
yOWo8x9csONMR1L15Y1Q2A==
LwT37KJpqi8=
WZRb61czM8A=
3AHi2m/KO8pS5ydfsyepwg==
KPYw0pGgxwJUT131KtDK5Q==
jSSi/N1loXM=
IObHTJbHqa+3ud6u9It2Xw==
IObHTJbHqa+3ud6u9It2Xw==
IObHTJbHqa+3ud6u9It2Xw==
IObHTJbHqa/IJUmTPhgqHg==
Tmkfm4VlefEqJnbTPNw/eA==
Tmkfm4VlefEqJnbTPNw/eA==
Tmkfm4VlefEqJnbTPNw/eA==
Tmkfm4VlefEqJnbTPNw/eA==
Tmkfm4VlefEqJnbTPNw/eA==
+KmKjafBerQ=
+KmKjafBerQ=
zILnHgsH07Y=
mQ4yII4YzY8=
bKHlf+0KnfgBZuKl1m7a8+ZdaMMnxAbo
iRb+mmweesU=
T68pRD3zsnAk0M8S9+keZg==
TiH4GKICgLE=
vjeYabxHuLciM2hC/gcOCw==
tAzQ55PHiKI=
+/v+IEUQpjFwgE+P7GWLnw==
Td7KTT4AWvo=
X1e6V/KYjzRefEhFS+iBhw==
i+tC7jZ9fXjC75WUL42bAQ==
eBJ6KdHm3y8gNHGYXrb8lA==
Yl6viT44j6Y=
TAtCtRrofAV/i8bGmtVKKg==
EnH7Z2Vo0KqSrZw7rQ4yYg==
Ka9EaeDQGC5O3oJhoeXh8g==
I+uODj63WvuLVNQ3QcgPVA==
tnIw9S4uRoV6EAVOkCd7Ww==
SosUqm2zyi5lLlfwJs4oUw==
YZSpT4Dv7P4vpJ2RrB/0fRuwUFd8btfa
KZxUjCXKmFQ=
YSfeTgjdoHg=
9qKZQYg2AQUcwWfDYDM6sQ==
IrsScX0aDs7zcRPpXlxJNg==
HFuGma6+DGD6vWrQWWfjnA==
FLLdZuUxZWZWUNohVSXUJvjNPdbFf3+N
5YJ8Or4yxEY=
MSCPf7O0tT7BYGKaUszxug==
oCg8qfr4NaTZljlOl6zJtfqZ0gM20Il0
oCg8qfr4NaTZljlOl6zJtbk5DgNlJ+YL
mlGM3+xjn7tQgJu84YWtKg==
6lvLVBkYqpQHI6SDTcEOOg==
Y2F9Lc+1tRMlGC0bTfHliw==
46HIKlBWdQhYclGXKin+uQ==
OOmvMFFir3K7DouXGG3mag==
OOmvMFFir3JS/JA0y2/hrQ==
9PY+jSDrJIg=
xmid4YqciU2Fb1wbArJ8MRIQ3j1FXg4E
6t8NfNVMbps=
In9RE9riIP+c7osXdNd97g==
WmCUI3+mQYNKwB8H2DF8hA==
InBHnb3POrcqiYonbAq1+w==
7P9GyKVZMsYH2I2CzWEFmw==
OBdd9aeIWwBi3JreKshsOZlM75SnboqW
IhSca9GSzh4qhqtxppx16Q==
T5tGtHSQolXNPdtmYQJfGg==
I5WbRLgpSirZ1SV+XW8zCw==
dcldkmH/SGk=
0JC9iBOGHNSZnYcRvhzbKw==
wlvEtGQV/jhDKGrKw/Y+Xg==
QWSN48UeJcc=
5luS3GDAJmUfIBR+ttnUvA==
5luS3GDAJmUNoJWvFimVVA==
DyE53/95poJLAyG90rci6A==
eUrtVdO67vo=
eUrtVdO67vo=
xIUktTQK+ujZqmesSgIEnQ==
xIUktTQK+ugRAzSUYVEr6g==
kzztRcq7PnU+oIstw7RTGA==
vQFIt/aGj6iqSz5wmczvuQ==
tvho/kqZPKiyR1iAB6YBcA==
xcVtphOqj3QbGosIQHmrmA==
tr4LuFqfOVhfKLUZhi0RrQ==
SEkWtk/QzrJNhsx19uqE7A==
KTaXuSFsMlf/6/whqAyKzg==
kx3lK4QIqT2D/ZVOV99kgg==
/bCNXfeDMDuXeRz3PJt7Zw==
syduFZzN8mGL34G6F01Xaw==
+mE5ItvQ+oaPTDt9Lefrlg==
Yr9KUiEcqnG4LEgR6zz4jw==
nIndI9vjN9xabBvTlsPtLA==
fD85RavgovAiVXK1X2lhfQ==
snepkssPXNJa3/ohe2f2uA==
5Zlge8Av9YE=
eVJGi+nQ3Pys5fvw8AhWzQ==
eVJGi+nQ3PwnbSyQ9/Hto/9AGZxLcg3J
PfMAylxooce4t4pWIWm0RQ==
mNwX5MzBG/E=
3t3+omDR+n1mlvLBU2CNCcN0Noy8wuxQLF0FgUq/liY=
oFubQQBzzWc=
cEGbMvafKj8EPvnKVehSeA==
D5uQgmni9gFHMwlP7y9VGA==
GcGHnwUvXfAF+yYQNMC3Dg==
q3bBJi0yEuISJvOjwew+Fw==
q3bBJi0yEuLhZBf/cHF+tQ==
MRUpi16DzR956sgGX2oKYakq71hFJEov
4H7Rc4TyWf7215K0Dwt1sg==
FK85+SHNnRFU8rwj+ze75Q==
AcwF1QT0jMsDXx+vADjcbA==
y82YRSY5dWk=
WJYFGm6dql4Z7RFUBuOhLw==
WJYFGm6dql6T+ZFfvxBiBw==
NqEWT1qyRoFX6T7K4fpuOw==
EQSTjwv7rdwz3WgT3txsYw==
96kpSYgqtRc=
tAlhattwreuwl43jEpL8Fg==
tAlhattwresdigR9qxxR1A==
RTnBFj3bSM6anUk13UzhTQ==
cyug3TTgkJRMEN9yOn/uTw==
Hjj0A+dtcLTAj4yGHJXTPQ==
GY/Dat96X2JFEuKFGCor1g==
vjUf7s3cox4=
vjUf7s3cox4=
vjUf7s3cox4=
jfGmqg6Wz+g=
66/yUzN5DKl+r/bZcYiluw==
CRgOhYBa69A2I8sKwhzAtA==
KnlEApVDlEw=
c/Y2jSdca2y29+zpLdhYbw==
c/Y2jSdca2zoPiKR5/Y3oA==
f6WpuYDX7AY=
HT2+jKd9f5hPa0CfEUrsuA==
F1xUkTtvlB1H2jGFpr8L3A==
yy0upsbDFyl5nM2vL6Qmww==
J6vAagkvns0=
ASmi3L7Ua5s=
dbj+3PxF2Y4=
jXoL7Q46Wg0=
/GcOTz5vic/r2JLhOq7Lwg==
+XXKgZ3Um7G4wJ+dv0Co9Q==
sxeJicNPCgA=
42bDiLW52lU=
D4epTP3dqGFmoQ7WXM+0fw==
XuzcTlNrNv0=
29iEZULD7L8=
y9Di99H5rDf8mSA1xD9VBg==
y9Di99H5rDf8mSA1xD9VBg==
ZJZiuXFhnVnY2cqxxqYcpg==
ZJZiuXFhnVnVh3z7VcImXA==
XZoZ9B9xrsYMOkQBaKPRqg==
1AEEKXuwdIu/QQC4nboZjA==
AnPIvmq/cBUzzJklsphddQ==
EGsVWBKAV3k=
Ht+RNHKMgsQi3rBpMys98A==
V2wR9Jc5flKMgMpBojlB9gzw2yPpkesM
BoBFqJ7b5u0=
1uh5Pw4Bm7+B92yaPfEMhA==
1uh5Pw4Bm79dyu40jhwTwA==
Bm2nyJzg53k=
QrX9Hz/9bTY=
hA+tdVwLtoI=
+Vg+IkLFivrZrIn6J7vuKg==
MYwG5tUIZHrkot7vzCR8vA==
pZHS+CIecLc=
fJbqNK113RYPEIgOE6I1uSnJfFjjSHzg
fJbqNK113RaAIS9hLzB/DQ==
zFtVl97/LtnT6GernDPY/w==
snYakATwq4m/5hTF9SIQzg==
CPHkmfTwNNg=
CPHkmfTwNNg=
CPHkmfTwNNg=
zd/fB0+aarkZbqI9Ig2AAg==
yaHHUDMe93uKAScRtrclLQ==
n9AljZM85Ylf6LBKmUNjcT4Hjjfy2jOh
eYS2eGnu/1PIt3xrF1DgUA==
CBBquNh67LBYNBNxF+ZsCw==
CBBquNh67LCtIWOebOUdFg==
8Rar9ISVQv68nbtjtUzpLA==
zizbt1yXa/g=
e2IVi13gM8hx5FUgCUIzBA==
d8Wq8LSR3g7kl4PFSIux7w==
3vwgspXQquyePNnlGhfsCA==
9hsoKmQFoaA=
Qzs2DXBzJHG1ZmNjWxfRBg==
Qzs2DXBzJHFXdWzBSNuApA==
e18035vNSrVFkKyIKHkNQQ==
tfGyyUrjMjo8t+Nc760AmA==
adk+witD1LC3sM2+Aj8dkg==
adk+witD1LBtyWyUXtz7jQ==
V4zlmxZqU2QbIZy+6DQB+A==
EUBWNit1ty3xBApK2CXAcQ==
dQso+hY6L0vQ0Sxs3c2cXA==
F27+79HETzI/s7QiWnGv7w==
o2zy3eRJvjV5V6aMTLlqbA==
zUeqtRs6v1R3LuOucELu9g==
XSwkQOvc7QkJmWvW6VLMUg==
NuPxYNVEeT5P3pEd8CTdgw==
FApVeBYijMjT9xb3+sbclA==
0gx+EIyTJxLZlffsRygFMA==
0gx+EIyTJxL6JLhsGWydJQ==
FSVPEmvz/dNG+amF1Don0Q==
FSVPEmvz/dM72Nwsa6xboA==
FSVPEmvz/dO2ISqWCvS6QQ==
NJS/wRJqzNGGgslY9V7Vfg==
eYozB2pUUTM=
HeK6jkgOM+Y=
0EC2z2d9eIs=
EIaEqiIziX0=
zNSGjZ1eua9bt9LQr+2ibg==
J7SAXmHcgeGTk0wc3Q8ihg==
p7vimuTs625enDDgLtK6Tg==
Zx6hRfH8ySN3yxA63TVWeQ==
O8jRqBsQ3EvlSbGOnnpN4Q==
HvUjkv6zsjPpDWd88x7Apg==
T4vbOYsQ8mQ8FiYCSZtQbw==
jX2kVaZbx+LSRAyQBHo0mw==
/NBVvqpyQ/w=
dFLlolKbdSsmKSnxxOeErQ==
TSMWoPq4fEm8IsAAGTxLbw==
TSMWoPq4fEm8IsAAGTxLbw==
bp/jxzp0UGhVvNL+pbav9A==
bp/jxzp0UGgI0Tsj+HlKsQ==
yPdfHs4rnyieBNEBzvtyMQ==
2GyifKiVpeO1u9kLJ2ajoA==
qEVcW7+Q+vvJnt+eH1UHsA==
qEVcW7+Q+vso30BeihsccA==
f2+LYmtfMoNgioxGZKKJtQ==
oOXLrjPidEZmBaa63KkvjQ==
wuHgUBen8G6qz8HhOQjhyg==
xw/t9R/b22RiJWy+dNkkMg==
xw/t9R/b22RiJWy+dNkkMg==
n2fxzcNLVnnhmtZIrDs7Ag==
Hn9lQUxZkcrmuHuu5mPWQg==
A1SX62dvBalwwSFOS8BE3g==
FwgGH7tMFXxNPEytbdBopQ==
lG9qQk566o70YKjzqA6aIA==
P7Q0BTvDoK/CoctgYpXkzQ==
Xa+Pbk8v8xtMTb9E1tJbDg==
tB02Tb3qZ2Tl7k20WEycYg==
tpLECAtnkdkYspOlu2wXfw==
Cjat5HCByC0=
iVtIoTxfeArGDtDV7GR6GQ==
wceGwmNQ2No=
pBT5VRrIIsUGxLnzgiMLwA==
YwuUOBqxfHe/tYXHfyta5A==
bsIWrjEndWcpQcnoNt+b5A==
BDxaYdbZC9hhLBwydGeopg==
j5OXEpjei0x9frPG2NqKfw==
2YF53T4+YFqCkSithEqjQw==
/HtQB/1kL9qW5+2QcotKjQ==
DmhoijjLo5Nm8948vkZWCw==
mfTNZ+QgQr01lBfOzSOCJeriC5YLgHoy
zobes8n6+ovkxwllqlJrOw==
PNFlW8UJd2H1U95pqENZkA==
SJM9vqjqpPtYmUZ0qCKRCQ==
psqo/I/Uxqb5JJ3e0QEjCw==
Xd8Z7izgc3pPk52lzj+Csw==
Xd8Z7izgc3qg+wCdkoEczg==
Xd8Z7izgc3o+kTesG+C2Cg==
8S6XendqoFeIcKZLfF3p0g==
1XNV3XbrKO7Vz1gHsc4/Mw==
C48wbmvJimZ32CdhrPTSXA==
X4NxDSMLukJPCCmJKcsM+g==
qoz7dK8CdF2uuFzJx3ciFg==
/QDdJKSJNNKqkoX1gZkFIw==
2CmF9PaSQBL3hnanZ7Ba1A==
c7U2Fz7S1cVhPyz7oe1Dkg==
JuKas8xy78Y=
1m5QwtNp9pvSAkkVfvr6ng==
W+eElgp1xG7ysfaggej6Lg==
MlB8GII3vfL9vzNw7S/zaQ==
VkqoXl57uFaSoaMFVED6VQ==
IpvStMpPE3JAsG2OXc1QiQ==
JuSyjyR1oQotL8QOSwIZww==
+bS3Ef9tJFhHJZe7iiJncA==
UWWmzbE8+u1oxcty2IJyzQ==
gp1IhVDnCB0IWdFfc1dQFA==
gp1IhVDnCB1R6AZYdyAjbw==
yu46BYpXnrVbUZEPxZ7yURoPhNQovg4S
yu46BYpXnrXY6rCnE8setQCZIPlaeH/o
GlK1u1woUKCfF8HKvNJkWQ==
bcHOBPvt+IKvURe/knsTvg==
bcHOBPvt+ILXi5YOuSQyPg==
Eh6XQlf+t8o=
bSMJS8Da//OhogBFL/MkcA==
r0u2HDdBKw3XTxux+ojRWQ==
supoLjBygXJofizbqD6k/HOcfTBd9RRN
i0BsqdHGTK7ldG3OKeF8ug==
Xzo2Lhy9Jszl2Ti78Etb1Q==
DXV0OImcxPiB+HyxKOyijA==
HyHRu2Z8SVCiCKceOxmcOg==
Tca5kyGjuk0JL2CjRwJ+6Q==
8PGMjZrNmvpXIeZFPPJrbQ==
Lw9vpkUEbjQ7W+Kr3jVOqg==
Lw9vpkUEbjQtLlIE+B+eOA==
UrzTLuIuE2+2R2+aIO/P+A==
iIKaFMKu/niTrf1puvh0pg==
o+P87fDuOHY60T7PSoG0Sw==
RjZ6ADQZ1+fYTqT0V5xHUQ==
tyLAMZgiEIo=
k/2yuOBGnHto0BMtDwodBw==
PuG6KrPO8A9D2LHy3Dyjow==
TuilTxQXE6w=
YB2ZlFltuz4=
6uDyOiSwoEVoPKTh/8pYbQ==
7zf0/pGFPK2pnH4YyYS/bw==
gAKQhF9+KQM=
AlF+UY6VrZC6JygmbGC+krn9skX9mUbN
z7DCRUYVrDvZS7pI8QXpSA==
GFOMqnN3vUo=
dbi3I9+mtXw=
toS4HZd9iRk=
f3H0JGREork=
We5bXdA1hrsWFSLtPk1C9w==
We5bXdA1hrvzaN6If5E7jg==
FT5eTdTNe0A=
VqlRF7pLTkJGBrtC/JxcVQ==
lz0h/ah/bdM=
LdUHLKAAe+RfCvVT2L4POQ==
nHwNlHKOM+mHuqj6YKlm4A==
CEukX7xRHIazDjmnQM2Cow==
62x2Ps53i9VPuiy0X0KTeQ==
zC3GjNd0SF8=
g7CVXqGnTunKsSeA96mgug==
n+l2zR2YRdA=
ytQJDXgQrGkEJ3cacKxNfA==
DCRREHndzZ1GKmrmnFrlkg==
TLav+yHEvQ3/4wRelhZy1A==
DqNZmmpcTNxSGkjfDr62fw==
cnTcoO9YCr8ejU9RQ65ZTA==
drcsaI+H4YEqJKI3aFWsLQ==
QLxdyfyS9WHMOgg0NswSNg==
IveQA1E7HZBMOJIvdLegVA==
TuJw8LC5yhfjGa049igTaQ==
z3+3vjBnfmReGkfczhyaAA==
6hRhjTAeWDU=
MchVmQLyCtrn2SMXCDkRww==
BMQPnwORYclrM4K1ydFwRQ==
rIGykytHK+w=
rIGykytHK+w=
rIGykytHK+w=
MMQMMujX5arULcHJXwcAuw==
16iiVeZyPZc=
nTO5+8mX/EB1KBpx7uttZg==
Kq3kCyAVT3Yfs8v97xB+9w==
hPsGkuChwmdeyuJ1fzIAQw==
93UHeRXby5A=
PjbQ7W+3QESavbd3B+QjfA==
YvKDDjpiJiSGJcXTK/phOg==
NehuCZTKUnc3tyvVqJMhgw==
Rf6DwnB0FWNMCZIaY8XhmQ==
R+p6dofd1Dc=
R+p6dofd1Dc=
R+p6dofd1Dc=
dxrdbB1rUspHDJYhxhx9Wg==
YdUlIqv565c3heiwyH6qTA==
iZxFjKc41Ec=
neaNuYj0/mmYangO+4XTTulgrU8Y7wBz
usRBUVaPiFI=
zp77p8WukNoM/5qbsHHEwg==
2GMZCQT+NLF8Enn0WlPoLw==
2GMZCQT+NLEb3wEyD6ggIA==
Q80Dq+r2Ng+hGLvrjgzpwA==
kaVASFQF4di7ySwbyyTBGA==
CvJy4L6PoASONbblmOgZSw==
15ZEsrua+z+InY4FGkaIsQ==
LMuRTatxyVw=
Ab+uwpKBw1VGFJaX1idsXA==
PNafXHxZDSa/NmBUQsZydw==
oeCWbJRcV4A=
+xkxqbWRJDM=
AdQCGom3fCwphF5qxU6ZpA==
j1m7hh2er+FNzCjYUNMpG3w9dBt9YfCi
cvLdfDMJubZ27eYwWIMyAg==
AfvAv3q8k+sn9D1bgKW1+A==
HX3H2oDMdorCB5ULVwH5vA==
HX3H2oDMdoqDbFQfDwQaDQ==
qb5hZoGCFFUDEDSzrPtN3A==
fHE5V4Jom3b2GvC7D8mrLjR20soZeiJR
l38vJ4VjgSQchu0alCZ6Ng==
0hfLzpeVPkJkgJJV7TmHNg==
Nr3xOSg3QErcVXD/FXWwug==
zw3O3Ksdd8agchSW7Ysb0A==
ynaxkeZ6ZDbJ/uJGDxQ9cA==
0pyTEaWH5JEqDb2ZWhyuZA==
zSOlaPrZPax+NUW+qZ67fg==
YNp41VD9ORNiU0KpMaPF3g==
doCEnvhSk8I=
Wuo+uWAnFSpcCclpMUV3Ew==
iXUVcggzGR6ahB7E1tM9uw==
GGd1Khg3GQA=
M2P7shLzWA5Dh0tyEG9lDw==
PpeA5Li1gA0ptfW4budogw==
RGSfhX7OOK8=
OI91RGcWmb+3DVme8V98zQ==
KP4v+RxDJUeneGHeBYCzEA==
KP4v+RxDJUe9UMU1fy17jw==
wL3TigRnp99SCMfk/aCw7w==
6TvjnvpPmtQsxtxERU+khg==
uaKEnx+ifT9ImSD1mR2Zog==
gvZGT6iAv57HYj2GSMX/JA==
gvZGT6iAv54LVqa/7DyxJg==
WSRjGxPY6sxA7lcb0grj7A==
khK/uFR5AYZeqEenvvHIWg==
lWRahudwNLwsmL89oX2yMg==
5GR+yRT2wL0=
e7F5E85KxYaVDZvrezwn8M0pavlPexWo
9ciqcWUx6kPTGNR2g7lcgg==
r/NA+buHIo2kTe2o6FjpfQ==
KrhUE4jiNF9OKIWnT6agXcYwqdwWKTr/
KrhUE4jiNF/eqi57+YJbsr6rrqc7/sZ1
QBdAhCMcEph+SwpH2hE5Pw==
tjV51uuC9hEuO7SRIXCE7w==
FX1SFwhxyEk=
Hfi5xzo9lGy2E4N11ATUqA==
lROtwj2jEUNL6bCxdj18Ag==
ATlYytpMOegoJYK1sSS9Yg==
TMdKEojHwYY27K/oC5qnZQ==
fqIFO2j+6nXCejeisQgvqg==
xDCPal3oJ/ECJIThrNH1Og==
OpRzgVNm/x2Mnz2peMJEAw==
bgxKYQEUvdR4a7Q/Hoc+jQ==
DR5/Z5rBLqJ6A6qwE+X6JQ==
VEH5/e+AsyxT6f8m4x4lUg==
h4YFiCQ3XLU=
hN3pUSFdtsssVk62GeHTGQ==
wusdlhZVlBQm0x9/XSNzJQjzzdrRL2wO
wusdlhZVlBSR4CbnOLAtpAm1o76HIL8x
wusdlhZVlBSR4CbnOLAtpKUVOUSnB+KA
wusdlhZVlBRw/2Y0VWZ5hA==
RF3TKGIVSu7mCK78acH5iQ==
XOSu21Bnb+Kcy6/piQm9SA==
VufxMRmDAZo=
jBhP+qom0xnpw68FWXPAAsdlDnWNS7wM
cgbrPqxWr/b4DPAcjf4ihw==
Go7w1jrzgUDqJ3Ocy9ynWe6Cv2ZKUW2z
lPm9n4noZA7U9/fi0go+1Q==
mL6qe9E1GwuDmMyND0/H6w==
mW+KF72r5lo=
/EPjKz6JNKyVVeZ+xEFf9A==
lHlQZ623h23akhE1cGZa+UrBE7KwuT65
+BVv/x2HtTrkQw0E8ahIlQ==
wJxowqTp5neNif26+Gx4ZQ==
dePGW/jeFl/6nos/F7VQoA==
j7zUMu9hvmvTJV3/+iwm/w==
B99elJR7ntYljVp+HMaT2w==
ToZH//VKZjGCpHJMHRaTMQ==
AnJq4M9AALc=
tw2xiL28J7M=
ISFLFQ898Ohtv2YBR7majw==
MfgSIuYnX+Q=
I/AXQEr136A=
UOE/Yg/+mlly7/yRpzxfSg==
vHrhZAeNYzo=
vrcNbuUhmAA=
JAQLCfYrfq4Danu0i2Jbtw==
Bthis4PdfTvlVYK03RsfJg==
L8TJHI5bbXPsAzDZhA8/gg==
ESVP253/iJ7g/NUn8TIoGA==
ESVP253/iJ4AsuO6DlwWEA==
vwB1CkbenMO++rWdAvEk0g==
vwB1CkbenMO++rWdAvEk0g==
QijrlKRGCmHjotga29ELJw==
Y795V6rH8ANtJ0qxg0egYw==
Dev2mmq/gbuoEUMOmZxM4w==
Dev2mmq/gbuoEUMOmZxM4w==
SeLC17Ra9rtueY3X0702ZQ==
h0AL/+mwuk8=
P+8qg3RHO243ChvcgwpWBg==
bRU9C3eu4NLIUW5PSG5/ow==
JtBxowoLoV5bt7dJmZRhNg==
VtpPOzVmDOA=
39Yg2k+QzEoh3m40jDCxqA==
yTEsNwLQuzUSJ7sL0GNqvw==
yM7UtntdwiIrpy2XwiWUtg==
JrKNIrA5WQ6qeMRUvgngqg==
79tnMcStouWhUUcr+ETwnw==
HneVz6TYP45uYjuBmSz0tQ==
SXdG5ZCS3I8=
rmIItenwdEu5M1pLXpoy3g==
p5K57BncGTVvCfCSdJBdgA==
Btc2hjUGmknmTDPmBcaRXw==
NwZjwHl9nwS13UFA5lQjYQ==
HCWpItYGi2Q=
W/Kxd6ZF9jE=
W/Kxd6ZF9jE=
u2hQ6iwIFxY=
sYESySqxLqCQtr051/1bew==
c97GYgHtfPJ+U9x4+1HBBA==
egQNj99Q+lN3xQpxSlt39tch6h7nIhh3
egQNj99Q+lPQZv48e3uSig/Ejil0NfaE
Q/4QvFTbbkMS7tBR7uWtUVIOWAQmF5ao
QX/UsWAwtqVP3CP+OQl4Iw==
Gt7ep6+/OAwxiHYhcp3FoA==
Gt7ep6+/OAxFp9PBqziXwA==
ggrTPdqAVbz8VPB4RpT1+Q==
GS7UuFcBph4=
2w83rFsMknKF/IhC0BxwJg==
qwo6FySP2vjeGn6ky4tlug==
mEl1gCFlnrSSPnzL3v5dwA==
mEl1gCFlnrSzPfa1dni1WQ==
wcIUyWp910YUkhyk7tubQw==
iO24zHh7edKub4If7Rcneg==
dPsX+aWdvQypqqm+I6ZFhQ==
dPsX+aWdvQwW3B5VrS8BfQ==
jnD7YnIrDEvJWkFIxjFIfA==
IyZIFGL8+dnnWdCowIOrFg==
IyZIFGL8+dnnWdCowIOrFg==
IyZIFGL8+dnnWdCowIOrFg==
yszTnSnP+MD1yRthR+S57A==
noV2FzyQDOa18FB8P3rEaQ==
5ig441zt3mfF9scIv4kgBg==
IQBvjisHhyhnBUvkGvVC4Q==
YBdayK155/U=
8GvD0g8Gz6PF2TWmjnB29g==
otkY5vEeCYjvrESdpCekTA==
X8MED5xNH25NZJb0BiTNVg==
X8MED5xNH25NZJb0BiTNVg==
dYOtIRt46tZnKJ41GuRc6Q==
S1pyoD9ytpx4kEcALmPMig==
v7KXl3CvKisngU7wFBQQwQ==
4NWXwNkyfOU=
rMMbN+l0raL3WU6sYee6QQ==
DIHzDwhTqH1S3Kd1wQsqEA==
fUGX36IplT6J1OTfqJ3/0A==
xjn+Z82uMH09WMCwD1yQFA==
hYHysQ5nSz0QPzWJicduaA==
0II8txcQOM0=
dmg4kaTx0/H47l1UHGljEQ==
HW9S3JDzbrGegjd9dXYcSQ==
HW9S3JDzbrGReIgl5nZWJA==
EHlsvmENmdcloXwrPU9zIg==
K8IzF08UHovn3IiJpGkV6A==
K8IzF08UHot/VIEnHDFrgw==
CVFrIcf0K404Fgje4ATIzQ==
k8pR85gDGZwEsInj5xqoXg==
ExhXMGu+63glhdFx4aWDmA==
y7+aaHJVdQI=
YZ6Wu7fFUK9X0atAdFjhjg==
F3+KbhywT6LFO1IeIKrl5A==
PDDAP5Ijck5l3gIAyN5W3g==
pgKq19eYD54=
OOeYN6s51GFUrcehiIG6mf2BzThalPDL
OOeYN6s51GEDWW9fjSfWwQYHMIePoNY4
IPVejd0KKH4Yh6m8SntdlA==
IPVejd0KKH7+EOw7RaLxzQ==
fGEfqQI1X3CkUVSuapl4fw==
f1zZqmgYvfcbaHFTFbfhnw==
3CawfEy7tNP5qmMe+9cNXQ==
NqYY6OLIPqXyqcVGSUADsg==
ust3lATF5TuseHMso1TVsg==
VCxmWjZ2EdKIHj4PTa0JzA==
WReVA0ryJ24=
TqfcXPWfSvmm2P/FlByDTw==
DAZSpIvkbww=
lQvMXQ2eOCCzV67j3ATRiw==
+tlDxAPwxXQ=
zvq4zCeLwQI=
+93oCk6nfUMCN2w0lhAXf0qMzKh2akgR
ZfkDLyrDpUP+kf8KPTCxZg==
TeM3nvMjDj9x2QKWJjn8GQ==
M+XtfYY1l9BbbyKtJuSEfA==
M+XtfYY1l9AlMz3kC4/W2g==
M+XtfYY1l9DlSnp0cQHcFg==
qHNwdemDCM09OIGXOLfxOA==
aepeioxX7yffAkaTyEWmiA==
iwpaBHKWqDjVOylbsBBKkQ==
mXm0zDyMgHfXzJELVe4I+w==
96nkGIkp6T43TpeKYhDknQ==
ASzmMAEMGFc2pLlx8EweqQ==
TckzZUVEqC1vlCSmFlR1IQ==
HXbhg+QiX1sEsxm3pdr/zA==
YZ6Wu7fFUK9X0atAdFjhjg==
rHlRirOHEqAHO4pgpCRHqQ==
mfxxV8oXkx44UULJYcoYkg==
V7SPlq/svtSSw3bwrnvnnQ==
k8x6J84d1bW/wcAt63oJnw==
0jg9vMud2wwYQB5GSeaQSg==
bmGec6mTSqcFgCPSH1qxtQ==
n1xHMu+WxY/573IT3i60fA==
Wos9Rk7lzsuCj+LFmiMq0g==
OVfk04nWSmLC7qxN4/+5cA==
yQnpdJryrN7OR71jPnd4kQ==
tau2/VcLKSept9yl5VGbww==
tau2/VcLKSdh8mlIqiicQg==
l9b4kktjOvHA5txSwhHh8w==
Fb/6dmVh8FODnDwYN5CIEA==
nT9jmPgDbeN2CChn1Up/TQ==
bitmwhVnJrul07uqwuTUsnbBJ+vMlexL
upXuIwGtaejD4ZenAhUf9w==
cOxFRBAxPVQlMDl1g69dVg==
GwwLGeK8uuTuxt9DUSYDvQ==
VJ9VPFXaiys=
WNs0QwAeuQ8=
uGzsBuLzv57WjRJsV8H8Aw==
tdrqwnKtxGeCGOWG0hgGUQ==
BXddIsVH0kelm9JiVkbeJw==
ndcog0Cax3jEehzYiAUouQ==
74c2sZGzBuVRCWUXC5ZnJw==
mkmN6+rzBbARJiuWPpR6xCRF/jxD3Ixy
PfiCVygytVE=
dqmtDcvvn2SFFA1IVJeJZQ==
dqmtDcvvn2TCHyzOK0WSrw==
PvZR2+eN9io=
LRhlXEphXio=
ozhFfjHu9cA=
fVTgofPKUph3hhZERdb7zQ==
ccJPuYdp5CM=
5HLYgjMefU+clKXTwEnyiw==
ITcBm4pHJ79Fh0beMY4nAQ==
R+xxxkNOuBE=
Jn35jAgCcDdDJ7Kf6USscA==
qHoeErSNAZ2FV4h4h9gUig==
8G7vCglOW3miqBxp6KWBBw==
/zJ5ih+gt49jcDcGRCkgaA==
tp2P+NViC0h2zH4Ut96jSg==
B2PrN5IL/wbumSBBBhga9XPJlK7iym3B
xm5LqwVdx0HpIe/c559YpQ==
PWtl0AfhQHgr9vv3Ww/PSA==
KDlovcpT2BkNhUOGLXm4Sixz3kslTkJb
RDAbNxY2k4223QYJ4KGrNw==
QlScZhqQPLjcMi7BPiYuNQ==
Rd15ffhxvjh7olV7QD3BzA==
MCng9x+E7jWXolFeocy2PFDFfyj3fO53
v9MFarWUcL7P5ucyo3iCAp9yBCtbJU6f
5BlCDYLcpkctIq1A6VbLQg==
DGeJc3RfSso3BctfSafBFA==
DGeJc3RfSsqb/2FKq6XIvA==
LK5nE09QfeLuJr0slnDi2g==
0DfyVoqeGsKoonvOi8X5yw==
ON9xJlHKjnnp8xI/CUY2FS/1vLHyAEzK
Sd3RfVr/U6HwZlg7uH5ZMQ==
5a2UZOo2Rti9NVejFppGdQ==
z3zUgyE7uYXRKUIrVgGlsw==
IOBzIeZPjvZIlLv8B9HPsYe2xl1uQPja
GrbYtdeO9VeYtpK3dDe3fA==
GrbYtdeO9VdLfsI6sw5Ejg==
Iq5I8kWJ+qkn0+WIbb7bLw==
YZvcavlJQwtROC4VxIqqJg==
YZvcavlJQwvqdd+RYplbUA==
YZvcavlJQwuBl0xOFXN6IHoMRAMr+txa
sSoyJt0KIvU=
1wC7bjtcFmLiyJ3jHmvusA==
cUpo1ASlEKlBcCJqMLGbGA==
bSGT/c8B4PYN/2RyRDWb3w==
0381ML0zf1dyClmasgdl2A==
AUMiAOsNRdllSVLqiihmhw==
nadPtttga8dtSKNHWrU1Hg==
VSxaWxvkAITCd1C/m4WtDQ==
VSxaWxvkAIQFD5R0NarTMehEHMBJ89Wg
VSxaWxvkAISMV1jQhy3oRTtNdyzH6//Y
rZ5DTPLnDT6qgi3X0sH+5w==
rZ5DTPLnDT52yo/EwvXDBA==
vKYdBIED4J8=
zkyNquMvHcCoIaqEvaLIKA==
3W69x5/7SyqvLZYPz1Ncaw==
VCAgsW7fYXBpiSdu0vtWzA==
rOKreyrXwr5bkizjuiSfiA==
bmStEH8SL7bBaFd25D7NKg==
iWOC8PNuXLuAyGsVpounNA==
bpqWdodd7QvvXrWIeM17mKkVlK5nA4mz
7FjXdGWE4l9GbuhQGMjIpw==
7FjXdGWE4l9Vren/PrBa6g==
MOPX/SP/V16r6JfrgviVpFRxPIVuJQUW
W7FhG1DjSQ6uvZvBExdSpw==
/DnzQ7AnAn20A8xV4e/z2Q==
qE2qcGyur2ZoK/YNZ1OJvw==
Map6Y9Fp5hiF1pbgszelig==
ADKYaLtqpz5oHxakmExgBQ==
0UgumhDOn9J3lldpYKmoNg==
0UgumhDOn9J3lldpYKmoNg==
O2Vwg7LMtKJ2uuGpbmF0eg==
JtimIJHD/zzbKaLUsD6S5w==
yjmC5tAbUZpov0O4g9/Bdw==
1OrfHHbJig7c2IDbyuChpA==
pIWr3bGRuabaGuF88dMKSA==
ZlpPJ1C2raPzrZWohUhZkg==
MbkUIoZT5ZWIhjd5vKcBvg==
Szg79NqIJlFBZm9fi6xwog==
yFstSiT0s57nLYQ7mHOhFw==
Tq2QJwqpmYh21oKeAeTztw==
wg9nVzAf7D3hRoB2lkYR4A==
wg9nVzAf7D1Aj01Yvr0osg==
zrM8jbuqCCyVT0KuHWR3Uw==
pIUSykWmCWlDg+UN1Qy/fg==
6x3j7gRKvzbinsjcIpSX9u+YLIyx2xDs
Kz0UmwH+9ZojgyTFgQn3GQ==
Yl1k9jZxnDPoYmoRZoMMTA==
Yl1k9jZxnDNczARuot2pGQ==
v7v1ofMBn2EwDfsg/rPafQ==
uOghFFYIOyY5aupsd5yEqA==
tuYs3FmdC8fQUJMazyI09iHkLEtOZ5yO
tuYs3FmdC8fxYNbxXoM+YWNgQBnsefUK
tuYs3FmdC8fFqKE93yrZ0g==
tuYs3FmdC8dO2p6CgsZcxtycF5Pxf7JW
tuYs3FmdC8eLo4sT2V24PRxU59JdIf7B
iuygpDyZI4YMoI5+rqt2JA==
iuygpDyZI4ZMuhHQh7f3UA==
vs6iHGl27XYS2D6iGZ2DVPRkvKwvx/TH
vs6iHGl27XaUhi1yo6sR3w==
LdMqPkevdRzQPUaxsTPx0w==
HqPjzIwHwh8kyxzf7S2eUg==
HqPjzIwHwh/yHO7q5ar68Q==
pD3eE7m/p+SVYjhyDIzvRA==
kAyGWAQSii88Ffxtk1+TyA==
kAyGWAQSii8rxOimbW8Y3w==
R9pb1LlE8UU7nltJX7Kcrw==
PKdo+A96kD5XxGh3KHBlZg==
IGmsArJb/V8=
nRC/NaxwZ0M=
J3SxeXkb1gfql5VXxDEh7A==
J3SxeXkb1gfql5VXxDEh7A==
LPofVsPFWnJdFBniZ0kfkw==
Zydy74TIZH82Nf5+CQ+ONg==
Zydy74TIZH8Wm5Vcv8fUWg==
rwMKl+0apD8W265dHpW5pzHPA/xyxppe
iT5vgoi6ucUGEVUJJUKjcg==
w60gCYUqHeB6GtsmwinZbZ0YzIS69IAr
w60gCYUqHeC5Va5aDhp7JA==
w60gCYUqHeBI5t/yaKZYbw==
j09zALVBHPN5b5VbACEGUg==
egdlFfy81uM2R3aJSbx6wA==
xu5MkH+F+L4h+3J1IXtO9A==
GPMZe8L5OOhgfmvCTveAKA==
GPMZe8L5OOiDpP0TmOfUtQ==
rRauCq/Pefd3WyIxxpDMDA==
rRauCq/PefeHN7F6im3sHQ==
rRauCq/Pefdts9S4/U+23g==
6CBD1RZc2+RT3AVFQPedQg==
lc6Thq8UkzVdWSccCp/INA==
THG6unUp7ki6TaJZjCmORQ==
uphVFAnUHJsi+BNFYJkFWA==
He8sQiBh6x/KB+4rD8DxEQ==
gUexNnQqnY/e4J8TG58q2A==
Lw/AOivUq1TmCGgnJx3OvA==
zoukMu4GHFgIP3p8GiDXxQ==
zoukMu4GHFgIP3p8GiDXxQ==
wnpO98+7s1Shv7dACqOfXg==
ejuuv0zGHjMYh3kwVL+BwA==
ejuuv0zGHjNMP5Ds5aZm6Q==
ejuuv0zGHjMhNnwp33Hwhw==
mXnyxIzJIiHQtWASLLz3NQ==
mXnyxIzJIiEmH4ey0xrWIg==
6FmMHl2c5OOtOeg3ksRtRw==
6FmMHl2c5OOtcLC9DVN7CIO9lu6Jv25O
ApR+QQ+wLWowg7HIHXTNmg==
FhZ6/Oj04BKy0O+tQiTfrA==
pAWFDWap9yzCMgfNZVWSkQ==
pAWFDWap9yzPJMQxG7H3iHgwFRYwBj3j
HGCQdluAcKV7oUMRdP3c9g==
HGCQdluAcKXtWV7prgRHeA==
hpms+qe6irgY/tzKySw4Dg==
DvJjOt+zGgdeRaE/RLX02XiL/hmPltCa
qq41zRcNd0ON0o+NesdN7A==
4SFicLXxLnE0nuTSccx1IQ==
eKpaCQ/iodWMQUU0NCLbhQ==
WBaM/ILoG2eMcijZ68DNiQ==
0X/r3kAoaWPz1Ii1q49fuw==
cjBvi6ymOlwug1xz7nBiBg==
2YSfmcySF763SWjfcoLCXA==
JHi55xv2zIAtR4vP7kuYvg==
GJ3MF4N5WJY=
zMyf5nJnupM=
zXT0fLR+dRQ=
nwsXupLDkPj+ps83dX6GIg==
KK1lIuvZgQ3l45wEW09vhQ==
DgL9BMnU2zef/x8A0xgndA==
Hvu0kfKSKOPLTUrB8lZiWw==
7zcu4fHnd2TBV1nCGj1EZg2x47k+ROde
LnWwFUDb40An+0HEmHPRkw==
g5qsBqTz7z05J4QuSoL+bA==
+65hoLAPTT3M5h7fBbKQcw==
Dxjku6LlVJrBezfNIqngyA==
21KQ/btIAwrANpzoeN0iuQ==
/n+9Cy98FXvfiCQLf7CXIQ==
/n+9Cy98FXvo5bVRpN32bw==
+evVXRA/qoQ=
G+yIuR+Mdb20zyotYFfw9g==
jg3h7ipbInDzejBzkKgRvA==
8UiSA1Ofz9Sq9gZYpq+Enw==
UQToLuOgrWIMNj5OmkrCKw==
jpjpHmsKaklUD//07vNhSw==
w5wadv4U8/WsMMvmo4s7Sg==
WTjYbVO0JXU=
amKnOpQvLcTtwORhrND8ng==
amKnOpQvLcTtwORhrND8ng==
DmN1MJf9F6QBJtG37Z6buw==
j+tK7HHb4V9a8Jk9FoewKA==
8L/hDyf+kymCGxbAops7tA==
5q/6fzme8XvXOXY7bZoCEw==
Necbvf7gExvH4vb9ZjMihA==
2pWzFa6Ea0mCMN/VSRMxcQ==
UEmtUUN3HXdFbmXS4OFOhg==
+5pPRQMuVtDAzmM9EQvw2A==
RmtTH7SRwyokh8xi92cf9g==
NBTmijWBi1WIDzBC2+UMQQ==
WHJ8YT6GJX6/U+n4tWeRLA==
gZaf6IlF5UcB/B4QGU6gGQ==
5vADCSDoUYfbMqy1q1d3og==
qSX5vFyvfQY=
Q5d9sFt9qPLGJJoAr5LL1g==
ZqxXbupAP9/v2CjSQ2srKw==
dCTUXliCfYaZCxtPnAqEmQ==
YmiXVajUIxYd6hFWJdR84g==
ztxI/w+2fDg=
oaAwwf6oveZ/8zspV0Vt7w==
oaAwwf6oveb3thjljT9aFQ==
XPyLbvL1WXlNs4BXAAoXcA==
rXPYwcDdObk0JXJINDFYDQ==
q2CgQK33G+7rRvbAZMr+XQ==
xd7BnORzwcU=
lre8JIogLkN+wjE4aGR9SA==
LPZPTI+fTe4=
M3Z+EiDeItDhZXrMFjg9Hg==
yUxg8ERKpq4=
v3vf6gjKtfg=
06oYY+zGy4orQrwHiazupQ==
+RMwV5rQS5g=
SSAsR+oW8jYKIYuKFCWo+w==
SSAsR+oW8jYPWH3wwy5/3w==
ATtGaWIQe/AzAJBcdJR4SIZsoJ/NYQCk
mZUfMdaAzDaSpVUIB7yO1Q==
c7z+evg34tUQJ+9fy7jBHw==
DCaYXbjoU05dXpD/ZyTW6g==
zmqpTSgQTSxGlY86XqdbJA==
L7lrGfikuRrcAiP7mmioUg==
/Dyn1zd5OcuuKNDmBnkf2w==
+YsC5OHzEke6wBuVvgZqUg==
sY9oFd9M/jqKtueTRCHRVw==
sY9oFd9M/jqVwYQWFUBVGw==
2hy1YkldHZCLifYT1uE78M8vkdzgjXkm
2hy1YkldHZAIRjOuqjeJvyV8rXzVBySV
cDvv73Xof73FmB4knSa6Rg==
JakdYQTqumHpnHvviDt2hg==
Fez7W7uCHoWrwgSDE0oA7g==
cBLDbZznpKXX8nC9bFAfRQ==
e+hDmrcpoRNXPvmBmZiqvA==
jGNB+3xA21df6NyAhencXg==
TaX1RCszwgUk7YYpsG4dww==
OlqDR8cWpe0q6TIaS+wXgA==
3xd51rGcKhgmTrDRT8iKqBXA6Nsup2S3
OekwqMrK65/80eVCn7i61A==
bBEMJ4OMhicxAm0RparyvA==
ZDSSTS+by72rDBeqk0I2kA==
Cvm6GFL5PBtcw0K+8m8x0A==
YVIKlaW92r4wh/o7EmdEUg==
scpe9BiWQCyBJynDsIgbJA==
/o/K+noeLhamaHE0YNEVYQ==
qvIQp9abydN1tB7wNvCCdw==
Ib1D3LejqbOg4x8rGZiFZQ==
MLUHTJ0bZfg=
EnKkyfYgN/GAxDW3zczhlg==
kXxVad3FiF4DYwbmRxV4yg==
QaFDyLoDNz2lpkCPFwUDww==
cdwf7KCNxlCUBlPNPAgqkA==
2eXHqjA/dJJewPny+yr7iw==
HgZ36kAyCYOdhTlf71Y8AA==
HdsDYIGNlcs=
HdsDYIGNlcs=
HdsDYIGNlcs=
HdsDYIGNlcs=
i5lFKyJODl7nk6OrcA9+FQ==
i5lFKyJODl6XvN9NcxQb/A==
14CTrfCNVP2rTo/7vhy33g==
tIRWiHQzer9m/WKj6n4D8w==
ZHZysNHrCjm4gCRuGkgXgg==
txebw7BeXmY5x2oxs74oPQ==
cBxcFai3GwTik3AnZuOcBg==
jFXCrUEM8RdfNRvIo0EEhQ==
AGz8k9fU4upuBxbLed6Edw==
5Qy6EXwAQt8=
kmBurrY7uv+t+NlpYufcEw==
dTXo4qlCC179Q/xHN+PYmQ==
otRdcBB95Yn03OKie+8PMw==
UiZuTy+rGB2RPhwJsxeOIg==
EtcJMqUyJjqS0lZVWZJg/w==
aw7GD1MKaSUfFaSx3BPebA==
hv149F4Bd/CYPqQf5KhChA==
iZZpd6n7dl8=
WsSsQMvYZMY=
xoZGCC23fNfBwkZx+b5cVg==
LKDsJg4e403QnX2mPFvtPA==
hbqn6SsS7lRynUasZmNBBQ==
M2ANCMW3094Dt9Tgx8/MFQ==
wkNG+fUdSui+EvsTvhAL+w==
weYFKwGHp4XnCUQDT86NPAPuQVPMTPJi
+FVvDP8oTy5Ffdit2Rgg3w==
uJnWiWkkwqh5f/1AXHEJCQ==
uJnWiWkkwqjf4pEQKN6QJg==
hX8g7YAgMInL32raexjUpA==
R/DGmy6Nm9ncSkNcRhi9og==
1vFFFMYc8fnq+0sLQvDZCg==
JzxL8mllXy3jZ5XM3IJXTg==
QUQuUyGrh+OGiiUK8P7XMA==
W52wuXHCiGM=
GVLgwKcecbc=
uZAbwxpO5Ic=
BZoiDPVbCxlSOH3KC/utbA==
3AJj08USEtO0aqmE8cssSA==
NQFmlMzOZJA=
obeiZd24lWg=
0aiTcud88n/dGw/6ivyn8g==
Rrg1EkZNXKzqL1n5J9ZEeQ==
gXctiRM5P7SnktzZHUzLQQ==
amm0V0BE6vmaXLuNIiK6uw==
DYN3xISnfSF1PPzQ9SKw/g==
pPencQ1Vo8Y=
w2eQN0IT3tJ7KZoQm7g4EQ==
n+Dwh7zWDCI=
9yjLcXhWcJvvlceQR6v46w==
MMa4MXL2U/YxxfkQgduDPg==
KAy1OMzXqEPeUp4bJfg4SJLU/O53tk9g
WDh/eOzFDpYavzFjFUJUcrVAhKDnN+uX
wpXiUgvgatzMgYqjGOEm0g==
n7OV+7kJrxvUpmRvhk62Ig==
SPbD2ULz8ONh/QfNGraWT+vOn3FExGzo
wRjp3pOlsVotGXsiAI3tRw==
qPC74Vz7aJFPAp3l4XucpQ==
M8w/J2OoSGT0p7brgYYfr6tgX9p85l0v
oWCjRRnDi6EfaOzfe8v49A==
uIPRtB6GkMyWNmpae5Rjdg==
N5EmpSr+j/dS6obcC9uwRA==
nA/AKr89OJGz7B9DnNfkZQ==
PjuBT3Y9TUG9DR5KilJvyQ==
Zi/TqeGfVUeUzQefAZfjnw==
Zi/TqeGfVUdeAcpmtckUQw==
Zi/TqeGfVUdeAcpmtckUQw==
RBOMxSs1Q+IdKOtaC+hcug==
RBOMxSs1Q+LjZ7kLNxlNmw==
Pjo3b5FOnteh85OX9wfgRQ==
DW9BGKdzs1nIU/FAW6dNLw==
NoL0m0jsqN9/En4itqXYBg==
OAh7+4/HiufjutfRqQPfHA==
E5Um8RQdjS0HmxIODLWCoQ==
9IbzQqsrlsVZIhM6z3Glbg==
jNSUr2GZ3uT2J9UVFuLsig==
Q0HEfOebS4xImMdDZ15cN/eiyPf8QEQA
GvebHSSKkMJ2WJuwfUeqQh53lOmdATES
fI8C4VA1szzaeoQMZ1KQhA==
rjcDaqHJJ9Ztd/7clGCBmg==
No2idivi6FM8k04odRb84w==
YfSVd4LV1eEaSN7hIzFjhg==
Gr66kNZ5fN81afR2QaSHZg==
UoHg0JOITfpA6EXdDiLGdw==
UKVeKE05kARuYjQFhju//A==
de/fgoKHY9PsEIU5IxdGRQ==
c2STE6I49VYWP7CSRHLUxQ==
fuxFgyyi4S6OI1prr9ljWw==
jIInIYhFVC9MK3o+5uY+8g==
iJ2VBapx2siS4M2AI2901g==
4w7ASfNo53o9MQ6V76R90A==
shGZ9fQjd5IM/dcV1el04w==
iP7IyVfLEa2qJiPQbfqc6Q==
drCsaaa40yw=
xMhbyoO4Sii3FO4qq9H+Mg==
z8F2uDv03bssr6JERcCbjA==
RTyzYyNami7GVFg5AAk0Lw==
RnU/P7c0a4VbaaxKk9nXGA==
2y9LZPO9Dk04MpHuS3HnCw==
GQlNGpE9M9M=
/1/PWsODWYUvAhbgIwNjTg==
/1/PWsODWYWfmv/uHcSILA==
okdfj+LfXG4AIRunwjNpKw==
eF0E1H2Mj+GFh32LNNvzCg==
jK3KBLlt21E=
M2UgMR8svSVDy90uQItS8w==
uij4SGejF+u6jYNTTrYj8w==
E3nvedm+CYgFSjquWYF4jQ==
YvXYaeJ1mkU=
Fkji1Ii3rT8=
UIPg7826kPiHiD1vvk3yVw==
K3xsLKhujad2HTAt+FoS/w==
H/fi8HYXIMwD00kyRRxgVg==
EoQ0qlYRx2s=
SKYcUxj2Vr8=
S96grzqhLI8sJ1Lnr/ciuw==
WaYJnz8nhOU841yxMzLypg==
vmKxKSyOGAo8ZoPhBBIru7bJ+nR4RqWp
A5Kk+H7ppofWPUabt6QaoA==
voo+SKbPTl2oPUFhnss6KcvgndbGxcdA
beB6wmbd9OhDNPAo5iNMqA==
beB6wmbd9OhDNPAo5iNMqA==
CN44AbKKSnbn6JCengTMfQ==
oxgXdutD/CxaFnswTtLpXw==
GtohZrPf/MpxQ3qArG70mA==
JK8OE/PuulLTc7223oHfSg==
7xXAIwSZOZ08vjrAZHruc/uRcigX24AR
j1YhDr8joxrYO36ixCk5fw==
JG7UbBlBsmw+bLfbv72n3A==
l0WzEfG9hTV7K9kc98Y1uQ==
bneQltTUR7I=
IfdcXWFaPs0=
eo+aCEuGt8c=
THP/mhLmr2MoMIcnvu4S5g==
2G8JQaO2AyQUOE0G/yedag==
pgSYnUjvPN3zy917PUCeqQ==
FnBmx4D6ncg6r6dGF/d3mw==
ZOYYhyzpe065MdUXqsl44Qx97h8u/CFz
GzXNcQMfweVkIAa7tzH8nQ==
0BuYtifbllnmlcARg2IyZQ==
hK2y6av8ChvlM+Hd3BqJfg==
/BpeGtHVEni7qXWRNYPX/g==
teE1tVwNZ00nFAstqzgUOg==
o2sTsX/lcVFkTU0mdy6GAw==
YdF/0IdRYa13DT4L0UPszw==
XhWdJ5NNcTMZRXhlTkkEnA==
DzA+OXi7InY=
1CChvsChJvWlxbb60InIyA==
0s8eJUT+QrETSYpiZBWcTg==
pMIrTYbi/HeeBS3VNdejkQ==
90Gv8ZUvfZeAZctY8uKGEw==
8fOgDYwiEUdHg1tslDWiCg==
XQzuJZuhbYcFmal/BIvgKA==
4mEpznVyYVwPVbNt3dBgrg==
DqFOiVnzLhe0E/I8iF2ddA==
x//qjI6tTQpmvPEJUuHyBA==
ETmf1XxEc3uy76CkGVoTSQ==
6IAdSCI63gkO84V/fgNf0Q==
McAvxATYn9N12+xgSy6m/A==
7S7BrMC0VA9bbiIKuDa6+g==
1/jViSFsVOLs+HF3Gt6eqw==
ofeoFNHSNXCzS1mU04losA==
ofeoFNHSNXCCFnBkquemnw==
cFWYTKugWS5nSHmMx4qW8A==
vCuc/H1fD3EAwtiIKigJVA==
etnZad35x3I=
yFduOk05Cei+MHxOhy+Qyg==
0CZCv9YHKM8=
dJA7LnoHm5E=
jnVF+gZYJMc=
IxEfpqexoRjoyb704d3XSQ==
lVhoehChfCU=
lVhoehChfCU=
hApav0OnmmdO3fiIk+jEVQ==
rCqQMdtJKauA83yMeU84xg==
HogIuWWyBYBtY5dufRAiOQ==
6/kTTOKR9+A=
OHOSgnJFeKwcsjCaGF8VWQ==
6/kTTOKR9+A=
aDo7bJKgO6E=
S3wJTc5mGQY=
YHzRBVVdLuk=
GomQiOSfeHU4BGypt5GLMA==
/uteQkT9RLeHcZ/wqAeKnQ==
b33Qrz7w/dBY5zJvVYqhlQ==
v/X3VnO3KLXZ1M3fJ2T+lQ==
16G1MltWw+4QhF8LHYkj8A==
VhId/yQ+77m+Q9xKEslx9Q==
VhId/yQ+77m+Q9xKEslx9Q==
M2UgMR8svSVDy90uQItS8w==
M2UgMR8svSVDy90uQItS8w==
M2UgMR8svSVDy90uQItS8w==
M2UgMR8svSXAehRs89WDw9K1hbEcwgIh
CQ30hZVuI00wRDEtfFvdWg==
CQ30hZVuI00wRDEtfFvdWg==
9y7gmJU/Kpk=
jb5Z4MBiEDQ=
atOw6wb/Dt+ePDt66DFjMQ==
Brw9++FntaA=
uepvp7hmbZp96kcbfn8ZTWfM8agRK8r6
DDcLn4UcCJU=
0Pi+GRwhb4rMR1v8Fz86/w==
aIYcIDTi/JY=
pkAKpruXC3CldzVy0Rc+tQ==
HL5QRJHjW2iCDMagvNkkrQ==
1BupC08xv+8=
9oJSZOLRb3vfCj1UfynvZw==
TE1BP7VRnvLh8dmIXYt+bg==
TE1BP7VRnvLQtTrdygDFjQ==
tjzpA+VZxyw=
tjzpA+VZxyw=
rApn6vYM3qX/nEML3VYtKg==
TH/eBYVc18VcFnS9939khw==
eyKILZyoaKObjSk/hXaRUA==
FjyPp+y4iCcZw7yRqQGFIA==
QWWSwSG1P/k=
D0d513gnJeY=
uai6l0Q1gv4=
SLaPtdwEkUM=
EQMi4EhBv3IPmhLAOFhBZg==
Rtkp6Qp3u4U=
/e6/sPkoyY3vR9p688Za1A==
ePex0FNLxAStj3OSu8QxAw==
bWKpNLCB06M=
G4FJnoR2YE4=
n3SvImEEJ2A=
cntiQGK2QqdUp791iJWd0Q==
4S9QjWv2Mrg=
Nxnveo0/D4A=
xYHQ/p6DqKE08AulDkFMpQ==
ruRr2vXfZI0=
abuiAZTVJcnCFlwvOuK1RQ==
z6byeiZxMko=
z6byeiZxMko=
A8M8oYmJRmc=
NRN9Rwx2GZ8=
yrP2t7vPjg0=
nV5Cecz76E56qHbUIg3D2Q==
3gnsrY7Lah0LkpPVdZzVmQ==
yI1QXCukkMEbcFjyqA1kZw==
5QsA76DfoDWzGqf9M+pZFg==
ftQE+CYvrPvXfQEWWEMBX9cwnmPhA8gt
1mt56XONYziwHyiu2uLPmZilYnK0M7cw
wgiQgVzxBVRMhk9H40kMXQ==
FIl1O6LNbXcruFxD+cObjg==
FIl1O6LNbXcruFxD+cObjg==
FIl1O6LNbXcruFxD+cObjg==
hfSShqJs0vwieIjeCCRhXA==
FxdFBbzVj6PswdGHmWnxSA==
FxdFBbzVj6NSL1aSpEFmHjWpPpTuraAC
FxdFBbzVj6Nus7lVwk39Xg==
DC+nQ9ISuUWaOQjFzaH34w==
VXYBu1LRJTA=
/rlKWyj+MjE=
PXZfZTMffluLS/eAn/LYxA==
CJoE/Kp1WUk=
w7OVJ7A0lp0=
NOKc0pbOPE4=
oHeaD1dXlpJMh2dWxyWC7A==
9VOR/ncxtmI=
ASHC0+L8JZw=
b8mg2p5fCGXdt5WXd/VNbA==
MTglEG6+6Os=
VaakhcYHFxcm/si4k/OXzg==
tMS8X3nGRoNHgSIDJ6pM9w==
3Ly6lUYJer4=
ukZBl1/2VFA=
V6UCMLqoy4E=
x6FCyVP+H98=
HnmFS93MIhp1U0DJQ6eHzg==
sqCik7f4OZx47pfJG71pWA==
hCts0fm2V4UfsI+jQANfTw==
elqnyR33ScOZLiPl5qpeqA==
KrwJj6p1K65NdB6cyr3vzQ==
KIdaStU8wDo=
mEhU9LLGkoo=
92IlxQ3mhqw=
b5hsGxUjBAs=
hA0EgBzXzkpyLIzr1MgxOg==
52IkjPqOnp0=
Ztd2AFoe39w=
Oyhg31/o9B8=
lhLWHCYCVRw=
HOioLrgfOXcSB07cye6qJw==
HOioLrgfOXcSB07cye6qJw==
HOioLrgfOXcSB07cye6qJw==
HOioLrgfOXcSB07cye6qJw==
HOioLrgfOXcSB07cye6qJw==
HOioLrgfOXcSB07cye6qJw==
HOioLrgfOXcSB07cye6qJw==
HOioLrgfOXcSB07cye6qJw==
HOioLrgfOXcSB07cye6qJw==
HOioLrgfOXcSB07cye6qJw==
HOioLrgfOXcSB07cye6qJw==
HOioLrgfOXcBhY8PGyZjLUBVFHuV+qOe
HOioLrgfOXfthPXOSgvUJN7UrFlEH39C
Zr0LSExsTaY=
/DxtY35Jl6F1pGk//xL/sw==
oCo5avlPDm0=
eKU6RwfW4l3HjqtwlPl2xw==
wxOMF+2+DGY=
wxOMF+2+DGY=
p8UMpdekWtz1Y3lTBiZ4YQ==
BDBx/8s9k9I=
7p9KFCn1wlrNe1/aBf9L5w==
FdsgyzG8eppyCztuhEXTQQ==
fnW6NoP17QUQWcJxb4xTJw==
F1EmOaDhmQE=
F1EmOaDhmQE=
F1EmOaDhmQE=
F1EmOaDhmQE=
JYsg9EQOZPE6mUAl29T7Zw==
M/j0XEbHX0grbp3H0z2StQ==
NfXNdJ6I1KY=
NfXNdJ6I1KY=
NfXNdJ6I1KY=
eZD56iNXoKIuipMpwb/iwg==
eZD56iNXoKIuipMpwb/iwg==
eZD56iNXoKIuipMpwb/iwg==
S7xwvVCAxrY=
HgiULiLpmOf6KmJPoxjVyA==
+vMsem9WvAeRLdzbnXSC8Q==
xPn9O6vmdVDugq4No51Q7A==
F59xHOqw/oY=
F59xHOqw/oY=
2/EH+I8JqbQ=
2/EH+I8JqbQ=
Z9uh30La8KY=
Z9uh30La8KY=
Z9uh30La8KY=
FaltZ2QEgmx9oAZvrx55OQ==
FaltZ2QEgmx9oAZvrx55OQ==
vkzdnuomZjI=
vkzdnuomZjI=
vkzdnuomZjI=
vkzdnuomZjI=
vkzdnuomZjI=
vkzdnuomZjI=
vkzdnuomZjI=
15lChoblAnc=
15lChoblAnc=
15lChoblAnc=
15lChoblAnc=
nVUZqpbRPMxB1pL8KLggng==
vNzsSKRMyf+qh7mdX7WXqQ==
jIECuX7wFqyJnTpPqR6axg==
GoT2x3jcHFCvIgWeaYKczA==
FieBd159rzq0EAbSj+i/dg==
FieBd159rzq0EAbSj+i/dg==
FieBd159rzq0EAbSj+i/dg==
FieBd159rzq0EAbSj+i/dg==
piwcGaRGxYa/YezIKwqTHQ==
IHym2dAYqwU=
DBviwxSLS/qCJseDK86YRg==
6jcrUy9e+/4=
EZ7a8t3CvV+DWlL944qJEQ==
x03F3yXG6k8=
D4mLVAExAk7HsNOeA++92A==
F6hoC+RzMJLu/uhEd6C9cg==
6yEjXKsiKfnqP0d1ZD42uw==
73ixNkmbkLRM0dwRgXxVvg==
2UnqzZ+RdrU=
YKWiJHpzEAAKzP1d1/3vXQ==
GoeZhElxg0HzvgKVPr9+Ow==
t0vOw45dUiQ=
YvXYaeJ1mkU=
YvXYaeJ1mkU=
eAJQN6mekiI=
VMwRDitc3BI=
QmKbRG/oY9s=
yfFm4vs902NxaJapVvnaNA==
yfFm4vs902OQfPiCxQQT8g==
zacSBfFNCRs=
Po+H5ctqJB5KALAuU51shQ==
WcBWMJFmL1fibex8asTl1w==
sRGogeYpmpM=
Q6pPADHEFDk=
5Ub5MHgg5JY=
5Ub5MHgg5JY=
rG7FWbDUseA=
fPeCj0Hlxow=
umCk2hC8lQc=
Mn1QDgvBF7gOmtTeg7YEIA==
62h3oaEgk5Y=
Wiz2YyBIO6Y=
l9xxMutVAJo=
UYY/cTdpsc4=
aSVFOMuoHKY=
Q4gjcMni734=
HL6KLXqRdHw=
pTCRzLJZQY3Vki6IGcM13yoRRRbPOjzd
8G6xdQz/FjM=
KYpPpFZcMR8=
CzJd7etRhlgsiDY+eU9hGQ==
CzJd7etRhlgsiDY+eU9hGQ==
CzJd7etRhlgsiDY+eU9hGQ==
AUAjdjvBeMM=
8BY1K0uYyio=
yay6XotJA2U=
/OUs6ynE8FvOJwXAcySIMw==
U4csjLmOWVWHn4yqYhtAiQ==
lY6inKlJdZPRrolUFzhAMw==
lY6inKlJdZPRrolUFzhAMw==
lY6inKlJdZMsMkvJ69HcAw==
CWmGuFz5slCixo6MAwIgIg==
5EMWOwa4KYSaij2KKZTQZQ==
wg+SuMiZCj5VDDOi8ZgGlw==
unj3bQ+Alkg=
bjk6jul/pMc=
FhQfuQsBHco=
CuRJQ5G8njc=
Souus02zZqc=
NccDTyCIxbb6Azp5OF27xQ==
baOYWcqcS7GTb22qDLOR0g==
LUYadtAsRGZ2kuZRcgrGpA==
LUYadtAsRGZ2kuZRcgrGpA==
LUYadtAsRGZ2kuZRcgrGpA==
cTlAmbCs6QZNYzXj6CVNo2ZnYdB4g5Ir
HLe94Aon5M4=
BpbIGt1inUXeWfXpbN/mYw==
k6GA0RCaiCYi71QqcCnU0w==
Q9uxW3J77u8=
dv7gusOEKPk=
/eU8fNzse5I=
HOS6eJWuGgI=
gRZavZzmJ6c=
MZAntfEP7no=
r9i071vo45XGI39JDiMMKA==
30O+ZH9P/aE=
AIaYLAeAY1nJgwCWuNiRrw==
dJo63a3AYQQ=
F3UTkryBtNM=
2q+9lsjFPScurDJ4d2NR+Q==
nKGXJp7uHAg=
hC+1JFq/oBUjtuN9GTtOEw==
VWUcS5v4F9c=
nDkVn9UUCp8=
zzTiqgcjGB5QHsZooXFjyg==
8MB+nGleE9SY3FvQgEBNPw==
s5OxUoIvzURfkt/Xg3GRAg==
WatQAZ0giu8=
IDLWLxeuBzg=
pIc6vS79w1g=
cUmEtOSgNLs=
luthwHfDjpQ=
Au24uLWt0Mtt8iPqUXob/g==
Au24uLWt0Mtt8iPqUXob/g==
Jwx+vdmlKcc=
sEkMRpoJeu67Fbkxt9i/dQ==
6ZqM3Vbmp0U=
8R+zqmeRapM=
iNV4tBqQsUo=
NBn+OJ/zHy4=
Rkz5/8upZ7M=
84u1nPuFxnzYQY+FuOhO4w==
4xO+ViwBT1c=
zq4GOcm9Ll0=
QD6WQiJcZQT68IwLQwhH0A==
8ftPOphVmGk=
Pl45NPEZ10w=
z9pGJvkdyM77V7mZgN6lhQ==
jSUy0uGY3UerezBdCihEqA==
B+ROm3yJFE7fHlaTVbUTgw==
J0rmCYTsMaZ19++1bN4itg==
WB60TYkLiyxAsvExoI3JwA==
hkOLS/63qtpAhh+Q8ayMhw==
bWhqgVwllO8=
dNzgXafqlLU=
85s6zfSpY9+73LeIVZhVzg==
TC49lPnFrdG74em5Zz56Jw==
1OiJoIDpRDVFv1OgXA5kxg==
Qafzce2bwDo=
Qafzce2bwDo=
+I8rC22iyFEahHGwAIFcYolCLgSL4nkp
PXWyFm3iaVM=
k5KxqwaBd4Q=
xXRVPr4Ce1G7iQDvV2GPhg==
9KSzz61sGvYIlcJWW9fcNwWytl+repWr
bEDX2GweKrM=
VIqQN2LtphU=
q5ZiA9hTQUg=
sZboAufRJH0=
6uGVdwYuNFU=
uz+hZ1Rdkk0=
uz+hZ1Rdkk0=
Trb9OU+4j+A=
QdkGCf+m15g=
Hh93CapbVAQ=
GvH7VaieQHg=
FQkGHLnOeo0=
YNhRKyzPzGg=
xoBf8KjtO4PiXARn+alFSA==
xoBf8KjtO4NGsCxAiOg9KQ==
xoBf8KjtO4MsCeCTu51D6A==
d1cVhOI0sMM=
H8tkTbTALPQ=
FshlWw5GykjFihJqMm57jg==
C84Sje/qOS23ct4VCarQFA==
eg2O0BBwxPU=
Owr5B5v2OZo=
fRqQpI9KYalpxYTLKJFy2Q==
rN/AmL8ZvEQ=
OgAJ/q0yQdFDpv7/0ljWkA==
mLqYXxPk2EU=
64y9EolumF2k/+5jcEmo3g==
u9juif46yO5FBbLy/wzReA==
P8mFhawtcLNV8mfI+HTUSw==
1rchgUqdiQk=
1rchgUqdiQk=
1rchgUqdiQk=
uW4AoUaT85FaROgd/u8FxQ==
e4KlVB9nlfa358Tp9pFN/g==
tCbbzfhdvRmQN3uEjsvstA==
tCbbzfhdvRmQN3uEjsvstA==
N3JhX3QpCgsv9+E2DLkQFw==
eVc1V22MTDo=
8M5YdjwCnQN+ITi4OnzWOQ==
KfPqeNoip+k=
kTz74XGUVUVnLb93t/mRXA==
e5f43cvJzL4=
ZDH6XeF44Tk=
j21NteH1Jf0=
EX+Bi4DBzz4=
9sWeRE4wqJaOOdKry8EIEg==
9sWeRE4wqJaOOdKry8EIEg==
9sWeRE4wqJaOOdKry8EIEg==
9sWeRE4wqJaOOdKry8EIEg==
9sWeRE4wqJaOOdKry8EIEg==
9sWeRE4wqJZLdi6nVt1J0P95CWAKTO29
LQn+sx2FgYP8KWs31jQdae+oc5lTmWn8
E/cmGT9RniU=
Qjedq7c6qko=
xPSZSHEMYh4=
ybFs5wK9f8w=
eToKSsGEmkLfHM4ah02XFw==
ECZc8bA8vNw=
B2m9wXEvQj0=
vkoqWhVJl4A=
rB8dXFkWh5pflMIzozAtTw==
rB8dXFkWh5pflMIzozAtTw==
ADOqg1uGLj0=
ADOqg1uGLj0=
J/k5qzXDuLflaKK5z+u/vg==
K8ob+V9pBlw=
3ByHL0W1NAHHHDfWconzYA==
DNwfD+3pcrO/h8q1mMVYXg==
Tx9rWjNybhI=
Tx9rWjNybhI=
gQcOe3GP/Dw=
Vk9WiLhXn04=
LB/VRWUk+OU=
GelA8x873qVqptLUHtUL43mLBebvwrIk
NRzKqmVf9WQ=
epxEtt/qJ/lZjt4WnJxV9A==
mzd975PJJzZdZhFK9aR/Fg==
6WGXIIfBzmKQKHOCWWk9Zw==
6WGXIIfBzmKQKHOCWWk9Zw==
d9x+Je6jM3k=
jd+Cd1v4tYnkmj7Mn6N64w==
m5htOTvZDNTRtMao1uUcOmgDdPAAkeU0
jrNe3K0wXaY=
BDk4l2CH+gkUmKERILbmuQ==
BDk4l2CH+gkUmKERILbmuQ==
VMGmgE8VSqK3qi60Vedn2w==
kI9+WuuaS4ZL521iq/u5uA==
3zFXK6ZJCEHRDZo+csnsHw==
BbPGr/lUz/0=
YrGS3yTgDt+Lcumqs98q3g==
YrGS3yTgDt+kzCgzB23fcQ==
O6K6VmQgXx0=
wkYwgFNnX6E=
J7RWya/0Vsg=
psJc/M5tUwY=
64a7YzSCIhU=
qMXJAdFP8nw=
NUXulD/GZhhHqvYMbK5sIQ==
I+PjwyOL7eVXCTRslRabbQ==
I+PjwyOL7eVXCTRslRabbQ==
I+PjwyOL7eVXCTRslRabbQ==
q8e1HQDn/DZljopdFdofBA==
ke0MEve05WfL+WyhgUozIg==
wMQaWC59xBrXVDSTfDq8sQ==
ZrZsb5KuWlFcZYfVMLqmBg==
kj57qx4JrlRZTm8cErwTNw==
kj57qx4JrlRZTm8cErwTNw==
RYnp4vA1E4P6Vzc5Q5esUA==
5VixUmgP0O0=
yBYCzF0L7bY=
jmPleBgathxdf3H5KZIUdg==
j7n29ijxW9s=
R+yu4r234Vk=
ihAGrd70bjoo3e6SrNK4Rw==
0v7WrHxGV8o=
0v7WrHxGV8o=
4UIwAyU9h8pq6TB9f7Al5w==
LtUlHLO2ba7+jizlyPT0iQ==
LtUlHLO2ba7+jizlyPT0iQ==
kKmuu9yN/WYhH6GGJa3wnA==
kKmuu9yN/WYhH6GGJa3wnA==
8csrPCxKc09OLr3qxW3WD/DZto6sl5ox
KjL2duRIzj4=
GrY67F1vUoOOL0CcOY0yIg==
Ueo2oa+bYgM=
b+W3g5yH9ZwJxO0L0XAwcw==
6jQbH39kHz8=
6jQbH39kHz8=
EFtYRpFbSVQ=
hdg4I5nnpst9+Oky4e+z9g==
QK6+0HFTJew6x/SFxK4DMA==
AFTcKe2xmGuKpC2ZeFGIqQ==
fOIQ6XduR9g=
52VzZIxNFVw=
AjCjNmpe03f+nv33jnYvSQ==
K3xsLKhujaeeGa5SnvG60A==
K3xsLKhujaeeGa5SnvG60A==
K3xsLKhujaeeGa5SnvG60A==
K3xsLKhujaeeGa5SnvG60A==
K3xsLKhujaeeGa5SnvG60A==
K3xsLKhujaeeGa5SnvG60A==
K3xsLKhujaeeGa5SnvG60A==
K3xsLKhujaeeGa5SnvG60A==
K3xsLKhujaeeGa5SnvG60A==
K3xsLKhujaf8Dim5y6mfaPDaIdzIoy8h
K3xsLKhujaeuHKHU6zO2aQXE13JdpmZD
K3xsLKhujaeoE3/GtVQzQGLoZ37I0rF4
LruD7+8JBlCctwZfaDA+vQ==
WRKXFIag4Y2aqTfOsNQlcA==
qVY1yeI2BqQ=
Gp4Bsd+AB35bwAbwA9kVVQ==
Gp4Bsd+AB34rbuQFv19/aP8QKX+dqWJ3
39wdG12Wj0I=
Xyd9FuuHs9nFScKJO4gmXA==
gfFabcbtyKbjtx9YXPdkyQ==
gfFabcbtyKa2wUm08m59wA==
6tDnRDSQFQUO9oZmSTdgSw==
ao3fq8yi6YM=
L/1Z6V+oGIA=
4FNRhzyfPQWwSOTbolqKxQ==
vWQOFpZXEJs=
r0jhicG14Bhm0Xnim8eCEg==
TjrutHMkBBg=
vgDIzKqUgUibtgD5/qh6gA==
zGWPwuG0n3I=
LEtydIMR4rM=
LXCtgWhF/0yzYUvUzJwTNg==
3pV2fpBQ4Jk=
YR+qkkDOOE+C50C1ar8n3g==
ixiHEzUZe3XYsWUMFs38GA==
++2r8/TXcDDdcbHaTQ/ZWg==
A10MGbYlI40z1UgVM5oAgA==
FJhM6ajrqLI=
oLeWv0KKZPcA7AAKmmttNw==
+A/b8NEtzko=
D53V9/Fe3VU=
D53V9/Fe3VU=
D53V9/Fe3VU=
+8ZWc0jIdOM=
ZRfkhrTwz9tTOCtFYHyPgw==
UCLqV3bGC7icMX9+xp2x8Q==
v/cbcBGMPTB/eMKQxjqjJg==
NTXkyiRoYoo=
NTXkyiRoYoo=
Q/dWtzCuYyQ=
lut9ykx13WQ=
/9PdCB9PR24=
NMclciREw3zHWPdMLaUtxQ==
NMclciREw3zHWPdMLaUtxQ==
O0xu1sh0A1s=
4SvuiJel/+S4ZYxZxQkR/A==
x2DjX0oKWLiVqF9Kf+rbeA==
4BJVIbLDG5r1GJjiPpk3eQ==
NGmh5z1hBOpsmetHGQh/CA==
NGmh5z1hBOpsmetHGQh/CA==
0C0HBu8ETleGOBhsYUPa2w==
wWthLPxGHrE=
A+HAl4i1Wik=
9ZNdKZMoVqYFp8Kce7funQ==
5NXsilSlVXc=
oNly45vJw1J8IhZRm/Tn9g==
UPo3kc9x3jc=
9gFzEskINRY=
67lChDcsft7QVSl2yqP9JEOWPewuEcUJ
A6YnMT0abcEs2W04+lA+kw==
k9/N2XTJP8QNRJkI61+FJA==
o3lAhCgEj5E=
P5mqdr7UXqjSoluBSu7Ilw==
D4ZWDtDmCww=
3VNJey9/Nh0Qy9eGMb2yMA==
CIEN23PoPuLNS/BPVhBXEw==
C0HWBGhh0Ds=
SJJbaUPHtQny/vd5KHdGyQ==
/i7ask3CRIE=
tkalnj+bijY=
U5eX52wxY3MVBzR79O4VRDSMmlJ8n+jS
T0EmiItnCcmdA6KJS2/tzg==
Y8mkqUEXY3Yk38E07wV57g==
KK19NW14d3hHa+zZiqjOiQ==
eYQ2TW1IAlFX3kSftVdH68jiRpYY6+vc
x6YqfPgW+1bqxeUckttSpA==
lOiCAbZbZY0=
ZuH/1tcnPdF2ziEHsai7Mw==
m2ENk6+Fm7MJ0bviWBps/Q==
3034rQWNJ2cP7WYzXSpYTQ==
3034rQWNJ2cP7WYzXSpYTQ==
3034rQWNJ2cP7WYzXSpYTQ==
99ptvma1dv2vbJjT8i0D6Q==
WYylPCIfg3Y=
BRDmBL0qdJU=
ZHDlDnKFgyG48/FHUO5a5Q==
+bXWTPeWuDeMFKZv2XwiAg==
ZMjLpKlqN5jx//NAKqRBzQ==
ZMjLpKlqN5iiOqhQjTSgDs1aE2N7/4U5
ZMjLpKlqN5jQjuI8da5GcQ==
ZMjLpKlqN5jQjuI8da5GcQ==
ZMjLpKlqN5jQjuI8da5GcQ==
1iLK0WFulzM=
6ndhdK6dFZ0+fCGgYHO25w==
mRgZQxsdNuseRoLbAhsXPQ==
mRgZQxsdNuv0m4KRxMz3yA==
juHh1AMsMz7reYh0naoZK64kpU5TWNCO
FvjD46HWN4K1Ji0aPzuN3Q==
LoUAlWnEiCNjFm1D1eYDvw==
CcDEuKAsv14nlEZZVjwcYw==
PTF74FlCotk=
QSwRceeg0CU=
c6WbUmJy+nyvBgmLilk3+iOciFnqghfB
1PRWEV1KU/zrcpCB4HjokA==
a72klBABTqLaT5zFKHzOng==
rF5zvYYethw=
05izXdUF4Lc=
OZz5VXPX4RJ5sWSMj6vMTg==
a1iDk+S0Pvs=
qa0kT0gXWJk=
K3EcXi+rpHTAbms1ay3gsA==
i6m3jLsNBvM=
sCGX9xaUOh4=
gE+aOx2/py8=
y0K31PYMDxwjTFmD+O2nkw==
uKaeX/kXYsI=
/S+hQq3fu6g=
TLc4j2QAOlKmarCA2JioGQ==
+x+jmGBjjq5jMKoPpki29Q==
MKau35kAGRE=
MKau35kAGRE=
YYVrZ6ly9xtDVwA6t1nbwA==
/hESGgrYcLM=
TNIsMlQYVjqkSPeHftfG1Q==
1vFawYxlcdK/uE/DDZ44pg==
iKLep6ExP4X17pc+0EFPIw==
SiqgBvjcbj0jjs+TSEpKFw==
FmDX0ggEYVD2qnB+gTcwzA==
LigKN7AHrLeQ97VXN1S1Fw==
E2G6FGTouFU=
gWkl0IFwAL/L5oOSN9ZAtQ==
1BTVtSRjwKo=
2uc1VoBmcmtLDuGcGmsuhw==
rHT7vSFwlhmeAWPEW7CLKw==
MopfqQio6cY96P2qF27PBA==
987/6q9yhNI=
+JGPVwoFdNw=
JfHf312U5RsC/gNhZ+QtJzc5W8L//hW9
VDUg49ZsidI=
Zll5YovdrwE7/y37/mhvsQ==
DSo3QbKLGCHECaWid7A+5g==
DSo3QbKLGCE5VlglJTsOrDd/z4TicJqk
5TEkEetHBOoUaw5/IJjd1g==
5TEkEetHBOoBa8gLmWkxdZBu7ZeCDJKe
5TEkEetHBOoBa8gLmWkxdZBu7ZeCDJKe
vNGozx9lu7pDEgCntNaxlw==
DWOFPherRIGMAdBgiek3tw==
7dcBnMFSppE+NL5mQAXDFg==
J+aIs/IHfhbZ5x7TamRRDw==
IumNyInfSBQ=
ie3ybWwUE5zrmBA3PPiTQg==
GCgd9UJKOXlnrDUwrL1R2g==
Ee3qRNXtUPy+jXhsn8DeFQ==
Ee3qRNXtUPyI3YzsywdXMw==
xOh6E3gnF3A=
xOh6E3gnF3A=
4cySlRANttYt5wnUYAPBeg==
M+0YjmWLAGU=
Bbxegegm2MHBBjNjwBO/rA==
/lWD2zHvkMU=
/lWD2zHvkMU=
8ljkdYBqDHk=
R1dY+0yTOLETn5i5xcEYHhM1dJi4MIuU
3OWdWJECLbo=
cYs3bhXU04oM3nZfa7mLEQ==
0qpoSD/m784=
0qpoSD/m784=
6fXIP1iqLZypthcJEfcbag==
H6XQEskhWYM=
kwD5a0/HIPY=
kwD5a0/HIPY=
Msva8rR7rQkF57rvkQG90TgidbJ/cHxl
tb1wWY+CzWaLu7DpevCmxw==
TTlg2xxIZDI=
vLayLfITsU80gwUxMVrqgw==
CERo8wDPDMQ=
CERo8wDPDMQ=
44dYDMkAqcz08hebJ0F8Pw==
8RLIQgje77TZp7ywoTE7TQ==
a4NyCEbC4JHIf2D6ME2rgQ==
jSQKhtXu693rFB0cRlbDvg==
jSQKhtXu693rFB0cRlbDvg==
jSQKhtXu693rFB0cRlbDvg==
jSQKhtXu693rFB0cRlbDvg==
jSQKhtXu693rFB0cRlbDvg==
jSQKhtXu693rFB0cRlbDvg==
jSQKhtXu693rFB0cRlbDvg==
jSQKhtXu693rFB0cRlbDvg==
jSQKhtXu693rFB0cRlbDvg==
aulRWEgxwRHbQTsug/kNtw==
LLHH6m0pBGcwq4JS5BDvog==
tHSl2CkxiDc=
tHSl2CkxiDc=
tHSl2CkxiDc=
cPwPcmyn91RXzp3QWH0ZIg==
57GSyHHCDyU=
O8osamXqeME8fxNzc6b3Tw==
otV3TQAjrBke4If+ZvLDGw==
nUsP0hp4O+v2j4cCIxzXQw==
sFpGwxVDSt6Bz9sVZJIhfA==
YoUpfTGUVzYMR/R1+kF7eA==
RYXnlAVKidawFAdQBPuHXg==
RYXnlAVKidYQh06yrSIgHg==
AZsVMgD5hXaQ65vOrpaaJQ==
AZsVMgD5hXZHHL3HZDpPe7de9RsE93vo
AZsVMgD5hXZHHL3HZDpPe0aAKKo+LDsp
1PXe18lJhE8=
z9amfmkTtMM=
8uTpDC58JDCNrwBMUq5q0A==
cSW3jOujSaw=
cSW3jOujSaw=
cSW3jOujSaw=
cSW3jOujSaw=
cSW3jOujSaw=
SlejhRwv/1T6RqteDokUbA==
SlejhRwv/1QLdePfSurUMQ==
SlejhRwv/1Tk/q/VhaRYYjRt0wUIQEfB
XwuNG3M7rAU=
kPABc2WqDtqf5J8w9X6pRA==
gLA8YSwwe/o=
BLHyX5iy05c=
a/47MmJV9p4=
rFq5eZNeYvg=
rJU1+EUJJkyPLofzGxSQjA==
Yn2PHAG7Hyo=
B1loLjRwxRc=
Fg2JxDGwQKzbJ+YlmQI6fQ==
Fg2JxDGwQKzbJ+YlmQI6fQ==
1lCmIuNHYrvAGFzc8PpH2A==
9zAUOXXQnlc=
7qAxPOTodA+IrZn58OZT9Q==
zhfuwtI1O86adWDk8VqjTA==
nvaUfdiAk5SajgYw8EVHVg==
RAqyW063SM2NWj14g6EesQ==
syqPMEJ3rTI=
FLo+PBNeXSU=
DhXkNrjMBl39zc8wgqq7tg==
DhXkNrjMBl2dfo4oe4V2Vg==
XfdmCcRneIMkAqAYC1n3hg==
ZP+/noLKx5yYVGZJe2E9kw==
yGIwZ7eIijo=
TqjEPmQh9/XNVtsL+ppn0g==
9VPATtkiVkuzHIMZVZ91Xw==
ywDXJX/jxdI=
6uKdyObCucfgQQ00Kmecow==
xevySk92n5DMNS0LcQqHMg==
nGCMH/G6DPY=
OJbU+LI2ESw=
ko8stNPli+c=
ko8stNPli+c=
ko8stNPli+c=
fi2EZwkNn5rkW1w7lnUbFw==
hhtUrrcEaT0=
HmKmwegU7XOiQjbG74/TBw==
gGQr3s/ZuJ+bbL1UeHov9Q==
RNFtsMkj5vI0Nh9Wk2Ul4g==
JxKnoOfEXEFBlhTQHjx7oA==
jr2AEfl8LuOx8FxtFuG81A==
GX9oeofT0iQ=
agovO2MlFyg=
9otfAsK9D0RPUYANHsu00w==
9otfAsK9D0T8ZVM0A3mChQ==
9otfAsK9D0Tpa4OklPBK6A==
br3fN1aNuMsmC7XYh2nXCQ==
H3y04iyGQqqXCfA67ZgtLg==
MH/+IdOSz2s=
Vu2UEn5NJsbOmXCVVAHTHg==
s5pW719umM3nxlXVc6Lj3w==
+pFh/Gy0sw0=
La2lAuxJ953VG5qDAPC+Og==
cFF+jgILZ8CreRnNYcc0yw==
/Eziot/hMgY=
BRvL0V4k+y8=
BRvL0V4k+y8=
BRvL0V4k+y8=
9PY9zeg1qsKE5IJeHvvELg==
JTFODXLgN+Y5yPiP8SXOoA==
Vy9bUMgSzMg=
M7j3EGVYcfrcSH0EXG3VMw==
UYCPqnmepNw=
JwfY8zMPH/A=
ktl3JtMzVxs=
HNpM2A4Uc70=
bvW0K53DNwU=
6Mf16iUbhV5Uz5LIgjY0Yw==
Y4cIgeZdDA4=
t9u6QPipqLo=
UtOSRelP1RU=
UtOSRelP1RU=
aPKQLiUqIJGqaseLSHiOXw==
ycfnsId5W6Q=
ycfnsId5W6Q=
ZC7IwCbpb8PYkHwHVdeDOQ==
PlQDH51L8p6zNaqpWG+Bhg==
pA96Aihz8ts6fbKucNz+/Q==
zVOlkIwuhe0=
oYzV6gZYPt8=
JbtZDo2W+Ik=
90vdvEEow5cUQClfo8YSkg==
K22zv0C2mVA=
3jiDnVoe/DOsLTKxgSjg3g==
ddhKMRmxbno=
k5RBqgaSxFQnmwv7qulwDg==
k5RBqgaSxFR1q9nwI7Iagw==
6iJ0gubqVN8=
SXcD5S2t9/W7FeRBxTNsKQ==
eO5BZrA1IAUSuy49JO8zpA==
uAiN+Ebm4tWZlLpJt4Kyjw==
uAiN+Ebm4tUl5z/buNjyDA==
0QxTGhNFFOc=
AxgkkRLoJ3w=
De7uhmIymZs=
quxcFKErsFM=
yn08WgPnY+GOo35Vb0wiGQ==
zxCuis+/R7E=
Mv/SQ1CgyTFmUVCvB5ikHw==
iPl/aKeKsxs=
wQTlP+OwtpvsEONL7s2bdg==
2Vet0vyQdoA=
fxIvamm+jUlL8XGbr9jtzA==
wm/8Y63xk4c=
sm814/C5JWM3GUZLlDrZag==
zcuj21d1w/o=
yYESuNmomYraP7RP0Mvy6w==
2/z38eHFXbU=
JJ0rxxpMQ4LtmphbLgs9DA==
qQrj8tm8U5WFPMV8SDN/Kw==
d57nLTrTm84=
JGNMKW8uig8=
dVAViutrbpM=
RFZ7CYtbJ/k=
gyg3uMSEM/g=
WTSDU6P0MLc=
7nqEcuMB8jo=
brzmoMxJ3pM=
RheZJEoAovw=
vdN2MmNYDj+ceAtjIoAeQQ==
+qqeHQ+UZWkwVL/JZt0nhR6gXoEs30Z8
6/K9d7oit19kV3OLi9xnGA==
0vfpa7tpYVCjkgwb5D5ZUw==
BBCMa4oZX/o=
AfYVBXG5JZY=
tIhD1MhpA6tElVVA0BdzsQ==
0WHGFW9D5vk=
0WHGFW9D5vk=
0WHGFW9D5vk=
0WHGFW9D5vk=
Q6S1yYyMJKJsVpzcOc5dTw==
MCkv7yXmhjeFu67h/9Wi9g==
MCkv7yXmhjfCl3SI8+77gg==
MCkv7yXmhjfbkK7wOlqs2A==
ieC9CTG+mEmIv9NRyNimVw==
h9KsMmfuHedDtMeNOlOMKA==
+cn397g+NrY=
9UeCGSKc/IE=
9UeCGSKc/IE=
9UeCGSKc/IE=
3z7RuXxsCDMgTvurhSlSVg==
VGPtWR+8RAwgUY3L/ceh1A==
Pu1/r61+rXQ=
x1M8flTtx5g=
eAtP8/fNfMe42Mw0GiSyQg==
MJcIdlADp20=
KjPNHPl5d3A=
86RJSJQ28peRQiCqPtxlQg==
AO+3UTfAIAsDHPdJ40Iyew==
6AyKZ2l7TUc4mrtDHP8DYQ==
8Ies4KECC68=
2Via11H/iaA=
+qVk2tyDv6k=
nj/RX1EQVchUFXNXTsAlyA==
/xOdrHsaW1U/OCAInZfRRQ==
/xOdrHsaW1U/OCAInZfRRQ==
sqLq0c8ruUY=
sqLq0c8ruUY=
LYiiP8bsnzA=
YZ53mOjtLBE=
VjyP3FtjkXY=
p7HxFjmrj7g=
fcjmrjILKTY=
rEcsS+QTw14=
e4JN7YZidmw1CbpOOER9+Q==
e4JN7YZidmw1CbpOOER9+Q==
ibwQhlQWAaI=
ibwQhlQWAaI=
hOldHQLK/xg=
V0xqoUc2UW0=
/hibEW3cAJs=
Ar5UR9zchMU=
m0dI0KNuz3Q=
waf9ia0/GEWoB4r+QUS5nA==
mbPUnwSKYFUAglZZ9BXmmA==
ny8VCzsZbbQ=
wxc34K+O2Kk=
o2EP/ysd4ei/tYo6M+c+hQ==
OYg92+QpbYw=
RrIUSPId3gwQHWXls48nWQ==
RrIUSPId3gwQHWXls48nWQ==
h5eyoxrXO8r8eziHPT4OFw==
ksG/37a+LvzoSJ7hetVGoQ==
UKbzJdSzOZM=
HtHRPZNKlic=
krb0D/iT4A4=
6utGj/SAYboY23yyDkR00A==
JoEPeRwW+jWUtD1cJWZ0FA==
96dSHgjHVIA=
9QsJ4w1mi8o=
rLjm0REs8G/bvi+2FXB88ZV1qtMb7aoj
rLjm0REs8G/nZru75n+73w==
TKhYHlucZG256SDixx/0TA==
EK26btDVgWiADpdRyPtbtg==
pSRbKaQphIck+A38xVY9lw==
T/J72J9nqx//IGzbugB+Xw==
5A+6aug3/D0m79IkEkceHg==
9hQPh3xa7Nx/6FfsU+3MNg==
HuniYsN125zXcrP+GzZ9tA==
WfrDFdJBIcgXaGJxcDsPdA==
LcTzN6PvNDYe7C6BmC8Szg==
kmo1NRx0AHJdRCtPPGoUAA==
eOsuinykl5vd3tngMvqHbStF70Oukhbq
CHVJjvddXL+IkG+EhESnlw==
CHVJjvddXL9Uo02jxBleJg==
YIaS4em33bPTnEMVjOmaWA==
YIaS4em33bPW/75hYtgJ7g==
YIaS4em33bMK+rMw8haLeA==
YIaS4em33bOo2rjMRLo63A==
YIaS4em33bOo2rjMRLo63A==
YIaS4em33bOo2rjMRLo63A==
YIaS4em33bOo2rjMRLo63A==
YIaS4em33bP6ndba/guQAw==
kM05fqFf4xRQF+0uaw8pzXcTvc3NMSrB
QND+1fBEiKI=
DDoFlkzJkd4=
OrtMjXkxh+TC/WatsMoEOg==
a84G2CDWR2ho3fokPyYA0g==
a84G2CDWR2gutS+sOEN8Dw==
5HNybxSAuoKgcAQERgYESg==
5HNybxSAuoLRl8yMDLCq6Q==
i3qh8MJY34M=
4mE9TltI318=
eQuJs+99OEeQBqrNM+2+kw==
m3JT/nu6ETctVvFrumg3dQ==
1njCixxzURFeK7v5O29VS1sWlNdwx9y+
/L+3GzubWj8FUTPS1SngsA==
UiU/ISrSCD/IvH7a7J9vFA==
yZ8lz5/iMCH9ZojxwVk97w==
gj+8ugFTETw=
pBPdLf1V40PYpYVroRPlaQ==
lfynn9QgQDZPrXmuTHpLhg==
1WXkotjs2YI=
sY2jYGXfyaq0NFBgnmT8lQ==
inSE2fxLdRXHIFWx1Lo4aA==
UwgWMZEAGrs=
ZIMZ9JiAN3w2ucrD7A6VRA==
41xaXMQFQzpBuUh7qHFjQQ==
41xaXMQFQzpBuUh7qHFjQQ==
yaZCVKBK1j6BdmfJR0dfLQ==
HTMBxsbgfjqPtjUZr+9X+Q==
CrzSwgyP+aU=
YBLXshHrFXg5/89X+qINKA==
VlM7E0lhtfE=
VlM7E0lhtfE=
hCTbWbJKz0KfjtpCQLlVfg==
zGz9mu1xmTwprHF96UdXZw==
QBHhCCouUMmAVr559Ss+gQ==
A807icIvaujtZw6a5TlLYw==
N9MEh4I4+Fg=
QHw9RIuowNA=
U0xbpIgSwUQ=
7AcB87CbtNS65om836cxnQ==
JENYFVZq8o10xUJRsR+7tg==
JENYFVZq8o10xUJRsR+7tg==
JENYFVZq8o3DYGienIOzfA==
X8ov7pNTNE1v+XRLmTbAoQ==
eALwa9xiFhadbYmxDdEI5A==
0qm6F+iOrBM=
xYsIwlcSfM2gpzsf6pJqSA==
1O2DJ//AcbvtqRus5bIu2Q==
QinNzh1Jb1NTXTkZ28Kcww==
NULg9ugDlNpZKl+N3jX3yA==
kSEFkwyMXbg=
0w/zryvQcvc=
YrRQtmAg3itczMOIwrz+oA==
M3uuPxJN1bRTfv/fMwQ7AA==
IKtLMB/g3mvhDdoyWRkjbA==
IKtLMB/g3msYsV/Bt2jIRlCEpnz3JoLh
FAXDr/8hygNeiYPVnpNEzA==
li6KaLm432th92KaHp8uaA==
R/OpqZmGNCUcg1vGHBp+GA==
cWjWMsFwlCJK/Pkkig5MYQ==
zao75kB7u/A=
viiVDkY5cmKcYfgbXWMEVw==
CNoqbSQ0by4=
2jaJjNXfIE4=
4xSiEqN9IBVZH74pRSk0hA==
kFXd0qK6d8ojoXqDD6hr2Q==
L8twCDfaKKxUojbE49iZ4w==
jj2E31IcPyrbmo3yoX9SZQ==
xmlDcO76lpH3KteomsUWlg==
xKAjL2rW0xo=
AZZK/qlTMYvFUxFmyWOAyKCtNcR3qQWt
7zwqSW0/N1wR/msRZ9PXeA==
7zwqSW0/N1wR/msRZ9PXeA==
7zwqSW0/N1wR/msRZ9PXeA==
r4Ty9pZM/a0=
WOtwRl1IQ7s=
7QYCP/q+jac=
ywHqwTsYWM/QOfiM0WqmKg==
as+9GwV2F7fJ8+zzR4U7KQ==
GqCgW9EgY4w=
Oa+hHgprulA=
wABeuUfMSZHUGQPVy/7QRw==
hiQD/QgsBOYij/GIiiM7qA==
/BUttdSI5hcmN77I+0ZE0g==
XBt/Rrvu2ZYotVmt2hQKmA==
3idb2mY3zfFZv/m3Y/9vIg==
pfY8rn85+NQ=
fxoJLe/t0tA=
gRCmj4F+WdRS1xWRkzpQJw==
clraojQtrO89N4Dcu86CLw==
k88hu0v4ysSj2gbzoKe0wA==
YpmRH+EPlmTS5ojB5/koLw==
XxrfVsV1Zw6yCcjhqAOryA==
eUHLP9jysk/5VOd/N3WdKg==
kTRnx9E52EI=
8CdJXreggLH+1FokceNcsw==
6TXwO7N7QT6LlP97eG9NPg==
LmYcQ/jILXAjq2vh23ukaA==
wys2lVKCU/07qzh3nw2o1w==
wys2lVKCU/07qzh3nw2o1w==
wys2lVKCU/07qzh3nw2o1w==
wys2lVKCU/07qzh3nw2o1w==
wys2lVKCU/07qzh3nw2o1w==
wys2lVKCU/07qzh3nw2o1w==
wys2lVKCU/1klIBin+CnIK4Jp5/t9c27
cItV1gVLJadN6LNZRAZuJA==
jvfLBXNTx7kM9jWMNV88jQ==
1ka/6GyDLUw=
Ot8mcouZA2Y=
S0XocYlAl8I=
u+tF3RbileO/vcFv5BstXQ==
dubhqlzeaPlCzy82BGPPpg==
m9NgPRJnlR93VgoRkjnIuw==
tDOOBKyRirV2Y6qNaa73+g==
cQRv7qNX+ew7jnjZlQ3p/g==
U710kLKAWNI81JyYUf+lvQ==
yEu/a7aH/zb4CCJ4YBX7Mw==
yEu/a7aH/zazBod+a2hQQQfsrOMPkvvM
yEu/a7aH/zZzdhiWDKuLPw==
plNXytzxrW84imOpTkERlWcBwjew96Gw
H79bNIW3EPSVerPOqJnD4g==
2aLWd3nQ5D8=
gJIFrV8/gq0=
aXm2sCj7/mQ=
Eh5L/opKA2K/r3LNR4pnzQ==
tsYAnqtWZQs6y2pbXbEFzQ==
tsYAnqtWZQs6y2pbXbEFzQ==
6azgUy2lOF4=
N2rlFOUoizQ=
iqOjpLKqJK0=
1Denk0bXNOBZHMW/DBklqQ==
fXdjEZIbZUo=
dFTf9gGrKzE=
dFTf9gGrKzE=
2HokBLbhAxqpMvbVqMZu+w==
2HokBLbhAxqpMvbVqMZu+w==
7d1FxUQsHgQ=
nYc9YRVDPC06rYxWzB+juQ==
x6/EzI5LR85+DBMlm18Vqg==
JfgIJVJ8HXE=
MZ3krKQD2Clcy3Y2hsLKTg==
7aRfDly24uU=
yUqmVUoJFa+qiqockqsGHw==
Ln16ofzQkZQZiiBjR+og2g==
9uxNlkx8wcfbN3zU92mLdw==
gBIj/jj9CuEvvyabKzyaBA==
xMU3bycqE1M=
fKtdYBiFACxvuGG3AYn3HQ==
g7NNMNCz9YY=
g7NNMNCz9YY=
g7NNMNCz9YY=
yWYwxc29jwl6y6qDHG4ewQ==
yWYwxc29jwmXiaIm70fe6A==
TreHmj3seC/CuluhhcrB4g==
N7+qUsJOTDg=
KwivibJhLIvIl5Igww2cSw==
Bwsiwvh0vxwQedx3FSoCzZXiq0WZLlxY
nNeN2AbSpZo=
ngiIp+EmOcnIGvTLhpg7OA==
HHCy72Eqg68UMtC7Qhka2Q==
R56s3n1Mz0c=
4uzYcmy3mSrk/4tCZH2vjA==
/gTtv6NDq7c=
ag3hpDIdDYk1hf4i4ZBDEA==
WXV6LB98Pesu/C8CYAt3iQ==
2CBErV6QvETC6TqpweDRHQ==
Vyh0KzGb84Q=
skhzvbe9U50=
TFzT242xUT4E4w0N0EkMxg==
xbUkW3J/TJZRFuzJvzN/nQ==
X5shwif3r5Pg7MDTHZEA3A==
rwGxCBGTHfWuSl1TwXV/lQ==
C4GtYSj9wHPoydzJvhQLSw==
C4GtYSj9wHOPjo8aiiYfKA==
C4GtYSj9wHNDt1SpllEWew==
C4GtYSj9wHMqHSONr5uNnw==
BbQN3OfvTe7c0qEgeeOPsg==
jKP3Uy6Ao0E=
6j7yI7JInREu2fch1vb6hw==
XWS9nTXLxb/oERYWuDAusw==
SqmWmS/OdSlxOxpE4pXYCQ==
SqmWmS/OdSlxOxpE4pXYCQ==
kj2+MYZeSxg=
kj2+MYZeSxg=
kj2+MYZeSxg=
kj2+MYZeSxg=
GLHAldO45hj0CxVaEoafNQ==
+YpN1Vj2V3xz+qhg2O9FAg==
plTR1AbxaRA=
plTR1AbxaRA=
plTR1AbxaRA=
plTR1AbxaRA=
plTR1AbxaRA=
ONvnLox7lYeJkVBO56HcNg==
jMYY3a/z0h4=
kCfCIk2ecAE=
nyCqTPpzvGs=
DpO6mBynv8EfkjtAXpR8pQ==
4rGH2749DC0=
4rGH2749DC0=
KxPM6wNUCAQ=
nKljpsJmX9g=
nKljpsJmX9g=
j0O9QkRJbCidBevbAPOMXA==
j0O9QkRJbCidBevbAPOMXA==
tluz6ErJ+Wc1cftnJqHO7Q==
tluz6ErJ+Wc1cftnJqHO7Q==
tluz6ErJ+Wc1cftnJqHO7Q==
S19L4Re/RhI=
S19L4Re/RhI=
FyESsAPwl9JxWCpr3sYliA==
+BPUjWco0YLJA48ZuZahXQ==
+BPUjWco0YLJA48ZuZahXQ==
+BPUjWco0YKUUAdPJG2a3g==
soHUDXGioPs=
9vuee7pKRmY=
9vuee7pKRmY=
6QBj3sEg358=
uLnmou/P87VPkKvboqJmbQ==
c5HP4uSrilQhVgN4pdF0ZA==
CJQLTmNhw961wx2O2SBu8A==
CJQLTmNhw961wx2O2SBu8A==
fEt+ym0/34g=
vj27ybb7z9hYxY/Z4rpJRw==
eipKJOYyswovDidZm2eZpw==
+WgHgrGHtu3fnp+dK0zgHg==
+WgHgrGHtu3fnp+dK0zgHg==
+WgHgrGHtu3fnp+dK0zgHg==
JLee5x0knhs=
ll9UPxc80FEsDnbi7Nyi6Q==
nWdvc3wF4FKT1eew6Zl9mw==
JK5VbZU51fP0k1iQfaACmg==
t1+xqBoGceMRFY77jfT6sQ==
t1+xqBoGceMRFY77jfT6sQ==
t1+xqBoGceOwfGNYhk1c0Q==
AKk3Vi1E3KXSwy0XvGQHZg==
WOLR0HLf5kSM4GipbACAqw==
Kli6mg5H6mI=
GZtwIJ/yeXs=
4XQWeGHM21Q=
4XQWeGHM21Q=
4XQWeGHM21Q=
6cyWaIVhWCM=
5AnmT6eI5IE=
Gw02kjdf2GE=
yJE+lGKXWkCK1OyswYIcMQ==
FlgpHe/40/M=
9BLnWaTUnuOpw420fEIpFa9teSUGfeKB
E4SBr4x9d3o=
SkoGmtajImI=
c25CjyUH8nrTi5YPumRniSpMww75DBl2
IPBdIOQD4NGuAism7M/Cug==
IPBdIOQD4NGuAism7M/Cug==
zZX7knY3inw=
8MpWRMtdQs0=
iV5z0glOwSee2ZeuJSVvFw==
enZzbp20qO0=
milt0rVZMpFIlb6JrfrC0g==
gLRq95wyHq6gOHXDg+BCgg==
gLRq95wyHq6gOHXDg+BCgg==
gLRq95wyHq6gOHXDg+BCgg==
SSEu93qWBWbMBz9giJvakg==
SSEu93qWBWZZ0Jsdeu8JoQ==
Q3EMD2ajtdY=
baUr4W4i4Io=
XPkp30V2Vdg=
8eSUFtJUVhWrIGKXGbJnpg==
boptYVaE0w4=
tX+LfMjvVJs=
gOtc6FGwKnk=
LPH6LPcY1IE=
Dhh0vC9/440=
7nqygCYhZ/c=
31jfnzKLVQ0=
tRu8F9gUFBCbVGcTHlKVRi6xb2C3aLuR
cobL2VU3LkTSsc2WGlz2hw==
AkYy+a1LccxINnS+eMT7kw==
mGBF1EIgovg=
riP7D6s9OnA=
7NgoJP70M58=
Y99YDBxSOWM=
Is7X1qoqAMw=
H0ultsXXxSzYb0kOPC+cmw==
H0ultsXXxSzzCuApxTkNwg==
H0ultsXXxSyYldo4OJA7zg==
AeiGDSW6cWE3hwnpFWsoTQ==
Bwp8RoGR0Yc=
HLCwFTuw45M=
FfTBPRSkijA=
vc8C2e+xuH0=
ZZYC5dd+MZ6tY+qLgcpxyaIj6cQKNwFb
qbqV79Ip2PLjJJv/FCBUfg==
r9MDtZnOsN0=
adt9mV5J/PMl25Q6+3x8OQ==
g8ykF6RiRwr6DXw4kC+bPw==
0/Ch61/wAuunT0Hhz1veoA==
Zt1J5ToLk2Ld69GjxiEOMlqMGTg1YFS5
wloFgOgm7Ks=
FEdeEdJ+n48R3pnYJJOw/w==
RcceaEX5l3IJa/J0T/9lhg==
XkkROg9x8yigjXew4EwRpw==
XkkROg9x8yigjXew4EwRpw==
XkkROg9x8yigjXew4EwRpw==
XkkROg9x8yigjXew4EwRpw==
8aYLQ/yXICc=
AKX2obH3rDHWn7eZ8/YMvw==
EYjFVTFsJZl64mracNOV6Q==
4phKQl65cu3hLOpYVtzFQQ==
P0vSj43hp24=
KacAO3N157M=
BRRiAjlZBR0=
qm/Ys+XL4Y8=
uk0Q4Pen3Ao=
2lW689uBxo0=
2lW689uBxo0=
cm4WVI3EXws=
59Fgx/9AKLk=
GTxinbwG6PURhOH1YuOlxA==
S6py4oAe3SdCXw9t7BLlMw==
G6NEl1Cb8+1Vb4clcKpHxQ==
EpqXc2FqEOs=
QsQS3QgOftw=
Yy1EVCn8jVY=
N0Y8ehCAFZ4=
N0Y8ehCAFZ4=
IDElC+ELIXWZ6DBZAfPBcQ==
9EVsEtFBISX6oiQ1uQm6Xw==
8kOy3iTuneg=
/vlh99+zhVWUrnCXkx8uKA==
/vlh99+zhVWUrnCXkx8uKA==
/vlh99+zhVX0uHf4gC8qWg==
/vlh99+zhVX0uHf4gC8qWg==
1uz1byt//D8Q3my6f0w+GQ==
4Ihj3dXZWuRH80ZLTY8Fvg==
u+MBYuULczc=
GaOr1ZGN40k9Myz4Zc9gqw==
gn+MFH/CKTQ=
gn+MFH/CKTQ=
PeiOyWjO6ls=
XKRZs1FdkBA=
WMe2VEJik4KWK8CIIsNJJg==
lzBuHtMWyy0Sno5ijrABCw==
u/giKKn0hNcg4YXSfhnT1x7rRJgjV03X
veyBymQSkQZ5Et0tLwShuQ==
1REB9uK4S12ide/nqQzSgQ==
RDvitAT4gYSpzFiO4pIvSg==
RDvitAT4gYQyV20nybnMnw==
HLJE6bWpuQIs94QBT5p47Q==
DLRTDfdktGki2UHtgsqdqQ==
rhllDgNKdPC3EDacg22nKw==
9hu/2fUWpf4=
cwuHaXBfaKg=
cyegidoDGSE=
oceFcq68uab0a6y2CRq1wA==
oceFcq68uab0a6y2CRq1wA==
32SiHtMDQ+g=
5AjkgMOrzC01mzq9Ild1DQ==
KkO9P5xAWQieKlES37f13g==
DxZKKCXEGU33Lub9Rv53vw==
DTozNtGroh2GsLA07oSl+w==
DnoKHj9MwEM=
XQnMDehxLsR6WwSXnkoEag==
hSy3sqRWkPk=
0a9ubNFjs7M=
0a9ubNFjs7M=
0a9ubNFjs7M=
RsChwxqLEUY=
NiuifkyXpmwAEkk0PV+uSA==
FnskBeQkIvDGPfX0uQmj+g==
M7sd27flwJPet/xzg3UrLg==
/Cr5fpVTeaJFEwvno1UURQ==
6bzPF4kfCh0RFyfxJYnxsA==
m6a1iX2SU/Q=
8Cm4ftiWG2U=
Ay/Z9mP9PDs=
a+Gg68QYRMct3XkSJ9Gd9Q==
a+Gg68QYRMfHg8Wn8XcIDA==
EK3fdss2K2o=
+8YduV0GUtQ5rAXdBYRSww==
y8RzoWqaBJI=
GYyz/ZMIlBTlZxFLHNBVFA==
R3A8JxAc1tzhWHrVF+JmdQ==
GflrL1uxs54=
Cx8SNHMSNCY=
UUAD1jZwfUA=
O3W2pzp4l+sYyGTiC/mgXQ==
ho3Bw7ZpaQU=
FuDaNQiLI0I=
8100nYVbLOs=
hdz8vRb1xhSWHoWdHfmpBQ==
OgqmoA9pUQAp5Gtx9cc25Q==
aIjWi3VDJVePKE/ZvhWmbQ==
PwSb3q2CnzRNF/UfhWqseQ==
rHdTWeV1rT5ipSROu2EdaA==
vAQMkuTWJxf3y2swF1UFwA==
sYjbzWzQNsg=
hhvC8tQIC0M=
OIQZRwZqqVY=
YI917iNki88=
ptbZLGInQXJ5YsjS5GFn1Q==
j5IQkpt5nwg=
TwQTXk1nD9c=
2nw7xBWEoJP9rr8HsYH72rmQKX55UacE
y9kB6ACRnENlOA5m+wdrow==
Ti7aL2TVADY=
1JM+RlOEZvtPs7E2LgWZpw==
kHnTDeTNXfLcteYLqwmjhA==
6W4qOkyeLcSmvEh4OvTa9g==
6W4qOkyeLcSmvEh4OvTa9g==
DWVAbDeK7Kt80hsMQwV8xA==
iX2wCRZoY3YmiZPE/ElNCA==
aw+rjxUezvEP6sfQ8ihm2Ex+Z1LoeiQ2
WnnRIditE/0=
7nDEA+k00fdTNyGEq2RaZQ==
ZY7gQnfUcGQkdUxRhTVFww==
ZY7gQnfUcGQkdUxRhTVFww==
6JIDdCx3gchbpyqbbCIJeg==
bwC51PnVgsM=
bwC51PnVgsM=
bwC51PnVgsM=
1I3vvE9jj5ybTET5yIfHPg==
1iSPucjTVuDJ1TLPaSQnuw==
kPuSnJuEtJvmix8zEHXGbQ==
O/O0L7ILyp3AVIqLljMrTQ==
c0GLnT2uT3OYJ0wka9Sfiw==
DA9mx6xLfGRDUQ1ERRKMHQ==
4ZmyARJ7l4Y=
0iiMgGqWAFQ=
GzPTihQhWZ7cu270xN31yw==
mATnIBveJ58=
1M3s4bgGg2c=
iQu47lDE256M0lEWvuLKNw==
2sNyx+6s7flOVzzCunxfxQ==
2ZTOjjfmMSzPzIkN+2vAIA==
g2xsFKdJ6xpFi7r5+r3lUg==
WyypL2AVe8RvXZb4OtK90A==
3C4kzEFqyXw=
/HfpVG3P5C2ftjwHr/jP4Q==
nbcUpM0RahdNIbZpqSqc2w==
nbcUpM0RahdNIbZpqSqc2w==
d52Xx4nHBsCnXR0/XAI7Mw==
d52Xx4nHBsCnXR0/XAI7Mw==
d52Xx4nHBsBfWmu4ZpHJdQ==
iNsX2Tybl+97eQw5aoYTAQ==
n826DsPxxF8Up9LJRqPltg==
EWdMkpSVmuEWpKRMPhhqNA==
gVbhruMbbDEi3QlIpwZQrQ==
Tow4XZmdKRrXy3pa1tyOGA==
OTamfp2g28ZWR6HTZPm+5g==
oJg1e1rnqwc=
tzk6rRKEOVSMrzrIChVs8A==
Vnauj6EIqc5hK7OhT9V+/w==
Vnauj6EIqc5hK7OhT9V+/w==
Vnauj6EIqc5hK7OhT9V+/w==
ddREncGZbw4=
1t7YKsjQsag=
1t7YKsjQsag=
1t7YKsjQsag=
Iy2aTaZKMD5/jAhOUhzOnw==
WUStS7kZDMfD8lN7yCFGlA==
WUStS7kZDMfD8lN7yCFGlA==
WUStS7kZDMeKN015poztDw==
BcPZ35TgeeXLquH1Dg9ltw==
AP7/92V1v74hwYSYudpVd2kX9bqDLB7/
gmN4SOQzJMwAsD6pxXu3kg==
XRbRbbffqYZZEm2RAPTIiQ==
XRbRbbffqYZZEm2RAPTIiQ==
bKBpY9hV5fXfSxUuRvQuwQ==
bKBpY9hV5fW+tJx5iEfkAw==
50DL1vC2/GMf3SMd0UQ/Tw==
wnUko/b0u+LV1VYD0PCcKQ==
DD/319ktX9Q1VL1X1AUrAw==
DD/319ktX9QlXZrglm8TCQ==
3mngAJYBjVT1VclHZntG1Q==
Y2UV4uOfDCNFLrY8y6FH8w==
fgBq0qaORe+Z+3hzqqMF1A==
+mIRgcsLLquCU4jWwkynkQ==
y/VkFUJLakWQy/T/YNEK8Q==
gf+5bN9B0YIVOOE0pymFKA==
MNaHopfYHazeC6PP6Le4qg==
1dLV2sKRjLB8Ti5efo2NEA==
goT7oM6HSNaLlkYcu5lMPg==
LPX6ow020Gu7oavkoKAE0A==
PGUgMkp3hDM=
l/5vNImtswaHErwdiGtWOw==
l/5vNImtswaHErwdiGtWOw==
l/5vNImtswaHErwdiGtWOw==
l/5vNImtswaHErwdiGtWOw==
l/5vNImtswaPZGw06L3jNA==
l/5vNImtswaPZGw06L3jNA==
qMegusEy8JYg+qNz+OJvWg==
/+VYc8foUTJ7Pr3heZvJFw==
clH1Tv6FsnQuGpc3oDdwXQ==
LBUDw/2oslGko4qIHMSlKQ==
0rAKX6xlbXw=
fLB5tMS1Wr0=
Wy6V9BnwfL2u/r0AxKlWXw==
WeIhK9yqeg+ZKl28uM2heQ==
Kh3IrNEqsisM+nxouwb1Yw==
P4EptwZr182lUoi5raNwSA==
1+uUKirbq14=
usXLEMucIekh6U9Elh0szw==
9IMOQiuySg+TvsBMI/bx4Q==
6tImvFkQrXwew9pX/NuRZg==
8WTMlHJWuso=
dVGWrz1BroGHukiwrNmG+w==
6KwIldqVFMwfByUimODXvA==
kp/k//Zj/fvaNgGWx73U6Q==
0gBvQUAuw1kRSShM3A8LfA==
0gBvQUAuw1kjdgQF5+qkMQ==
lAt9f0KxBCE=
aLB5xiiGez1mLFV8+DXSWQ==
aLB5xiiGez1mLFV8+DXSWQ==
yzZpRBCNlOvK/N6Qb6zSgw==
yKiblKuyqcMsK0ojLhJWVA==
GMIzfEiLrZw=
ZgCeBi4hJl30KC14opPwkA==
mraGqVEDdk6woWrWonV80A==
u7OhBzn8veodBZnOCf7OVQ==
N4cIj5X8PKJ3SqXOxcLGog==
JwcWIq8F13o=
KyKVquHVUABZp9QovR1vXg==
WeWrJ/qEQoE=
3PeGxh0hnPvkuKhBIhdNpueLTfaosSp8
IsOLASTWN2A=
zVoPLNc8+F4=
sdVGD3RLREN/t4eyTZDjgg==
UZoAemaVtOWjf2mfOQTgHA==
tZC4Nj3TR9kvIcL+QUbK2w==
Dv1rd283cH4U8s2DtIrURyBOJ+LRsfk2
/coTPbEaQO3q40iTOeedvw==
NSPtun7IaWI4dmB+x15aag==
tpRPj55t/vM=
0wQKhaK1qjfZTqbgmn7ZrrcI0SQ2Rinx
TE/KZUyl+KDLgp7vnH6ArhIAohpW15md
UCb0iiCmaEw97ojupVSFJQ==
UCb0iiCmaEyYM6hO3TLB9A==
6r0RB9RJafNqFjfVeW6t1g==
6r0RB9RJafNqFjfVeW6t1g==
Q8FHTIoF4T8ifhTWIf8SJA==
gammoDZf22s=
PefbsQMqB6slTNcbGhBpOg==
HQTZMTh3nOHfi5iKZcdfuw==
LlezQ7hkR6Q=
Z8NtP7CrrYn5VLk6xRfqWQ==
avhk9fI+5sS42z7mob3UaA==
avhk9fI+5sTLhbm2/RT6eA==
9tofgpsXOUTTduza4hLS8Q==
v91LqY/hxqU3w1NCBM/t8Q==
BezuD1mwgytagtTxArvLG8Z9kxFOw4J2
wqGQW66g6dw=
IYFTZdlPVNFAlqW77lyK+w==
zXK0EvAnhujfZKowj9V5ww==
0UcHDKlxPUoqhCQI4iooPQ==
hg10HngUaZq8kG5y1olbAA==
9vqpt1lRNh4=
6IYT1yrGSgF6q4RYSH+lRA==
NhprZiqMXplPTIjOdjCEMA==
furrOsyV3ow=
Me8vbN3llqECzpRpO9D0BA==
4cn0N21f/CkCom2UNWvr9g==
BbQEzUMVrjo=
bDRNSB58Z/Q=
g6n072tGvpB75wH5Ag1dug==
XYW2gandvW/QXnkJQATS4Q==
LAoQq/8S9XyXzBhTPc/tAg==
bmX7NPrKWkzrEcXqesv37A==
JE+DgPSlHzjebLBjwaqb/Q==
A8XbCkCk374=
hNznsxVQxERUoLpLzqcCbQ==
p6PK7M1Llpo=
cs3F4GHQMg7BFbtifgwmfg==
cs3F4GHQMg7BFbtifgwmfg==
4Ws6RpxyLXlA7XyetHX9rQ==
YoTwio35Wfs=
YoTwio35Wfs=
+F5AQjPhofebHeIMF+QCAA==
VArQnIV4bm8=
IuAh4XiNGyN5FBbmM/V/rSIeZKFUgBwI
3Pb3T/NWihxDG8+GJDWKPw==
b1jqVWY+JKfaS1sf5FBqig==
yt6crGqcUqMM5Ic60em/2A==
60TPGl8YTHcWOdKfmu5IpA==
60TPGl8YTHfbQBGoLV5YBA==
60TPGl8YTHddzJale0Sv1g==
akYdLX0skrDU0rsQIES8NA==
uB3xnk2ai8VTH6SB/wYOfLojY3iqafK3
zkYXa48LLSI=
76UyF7E8CeRb9SuwnO0SeA==
q9muaRGp7/0yhClklyAYrA==
fArrvX0pfwaPUSEhDMN1Wg==
wzyE5QbIB6lcu7fVisT2Lg==
ttPxkMa1g9xAK3ziEmtJKA==
VYeBDjJs9Zs=
PKjgsYEVbtU=
2pdaTMIPLK4=
2ikL6/+sckk=
Qy/pJMKV8dxM8pS6eAhU+A==
mzqwycv1xoPbhu6/0X18Fw==
XVJ0t1PdURnJ9C+RLEU/6Q==
w7pGFsxsxOkNH/QLzGLnQA==
w7pGFsxsxOmYsr7MzHdJ5A==
fXrqrDbMbOY=
SyPFdgcWAFNJd3sWerJIFQ==
PssaDFVcI40=
YP4+VH8rZyg=
7o//tto16Au9IdjKkHD3QQ==
UaQjQGKvPAGzhHiao/wGFA==
7Wv4CjDJpW0=
nSNsEEmVOCCeFBV1ofGZ8A==
nSNsEEmVOCBtuTX0lYM5fA==
E7cbWGirt/I=
Ebpgsn7vdIaW1+a4aG3+rQ==
aUamblsTarsL6rxib0FFuw==
k5s5KKMKgI2X22N4TvjBTQ==
6JbF7NOZ5UbiTVr5j98spg==
b3yFrRpa7lZIK3i0+9DMKg==
phsnly0Plac=
k98jkl32H3E=
pmwxAi6oi066HGHXylgvbg==
KDLe/93qMiMmjurfKZosLg==
5yfUfXklqCt30S+wQYGTqA==
K8Q+QLY/bf4kZ9u66vLqXQ==
siYvG2nnGt7/LE8WQievaw==
siYvG2nnGt7/LE8WQievaw==
siYvG2nnGt6dDJfnMfJlSh7ZvQSOUDhV
KG/RKGIJjEy4s5RksdC36w==
pkHviEBdPnIQSzYP1ZBKpg==
jRtWi4Io+yWV3SWdfvM77Q==
AvJFMuoubBU=
Umv+0yLyIsI=
0vnNhsYqGHmW/lfxvKBqFg==
4Fk7Xh2yv8yhnT8XDba9BA==
UL3Jwa6BwdM3cq1NX54nJw==
zzKf3DZ4eT7u4+Y07UJHhw==
NFSZYMSeIjo=
e+1iqtlRcpg=
/zC9N+C25Qo=
Q6vlTh1TKSX3EYJ1g4WXvg==
pl8dsAur5/MzEgw5deADvw==
q4jjxdSPubw=
hf+pcAcw/5es212xGouj9g==
9gkT0hrvn5R2+Q9Zd0Aw4Q==
srd+BBAu22Q9FIQektY/WQ==
srd+BBAu22Q9FIQektY/WQ==
OESrr6Nmz5Bc/ZLjjwmw2w==
LvXAVv/cPfmuBM+KcmgzMA==
LvXAVv/cPfmuBM+KcmgzMA==
LN9U6fyw0Ek=
VMWJnWwP1Z2guHc5IZ5dgw==
hSGU1Cx9PgI=
Br0qvc8KfyCyqIRC0jo6iw==
Br0qvc8KfyCJLDRN9R5hEA==
hkKjGwCzH80=
OabdqXLFOVA=
RZmqC6ItAQo=
RK+h3wh8+nt2TkGaN6nABw==
hcuhPlVBS08=
twGbZ97HQXg=
28aHvzOBSh1Rd5sUftyGzw==
NGGKfYffa0M=
CTFmpJiQUUQ=
MiCyrSXnCvU=
T42zdBwAPrk=
lo3P4DnLUGo=
2hxiEwq4rHiDgikc0LYHQg==
HFsqSIPFEi4=
CKT46y+JTAj580N5dEKlNA==
UnP/6suFT3YbO/fd9Tz2Ag==
ihI40vtwFgwzlOMMngBf6Q==
DHylLxXPYTpRyBKOq/8WWQ==
DZkoE2NAFaQzOV23CQubMg==
42kYTQm/quo=
jPvtyQxmhLE=
ahKITxjZBii2rVMoi4DLxA==
b+Na/TerAUW1WRAmUKr40g==
V162U1nQKzotEwJvBya8jikk0oxBaGkd
80UrH0SUtvbFtu+lYqiIiw==
MJ4aJzNx8pLYkW5Lqm0kQw==
L24H+zvKZB6R6q+6moknWw==
L24H+zvKZB6R6q+6moknWw==
UqL10a3zfIyXxbBu7yAuCw==
UqL10a3zfIyXxbBu7yAuCw==
WBOG8tb1I91Qg6yi60z7+Q==
WBOG8tb1I90VnY8rD7Mkm/MuYwNLotr2
JHhySr773drz6JG+acew1Q==
+XscTot/pVI=
nqVweHju2jxsPbGI48XlCvxhfbEHVl6O
M4NZ/qSQ1IE=
1euPJOpSflmBH9obT1ip7A==
gHrit2c64PX6X1aVPE/g5Q==
KFVugaQdHsuvG1g1zGtnJQ==
475FAxrKYqqV1tinMk/xeQ==
Qe3Q2H99GW/hhAtltVF92w==
ueGaR342APA=
PClLdFqO/qD0Mm+H1ql/zg==
+JyDhZBsoA4=
qF+jt9ZGlUA=
cCMtO608h/8=
lO+OfbixtW0=
Gtt1G/2ha6+Pb9MtOXNKmA==
ugsm/viwcGI=
n5OQT5NSUOU=
wxYpi02GI0o=
k1kffNKyVSQ=
Wsurfuh0YMFsocDzsCDozA==
smnruH5BT/TtbEJDZIAWJw==
smnruH5BT/TtbEJDZIAWJw==
smnruH5BT/TtbEJDZIAWJw==
smnruH5BT/TtbEJDZIAWJw==
smnruH5BT/TtbEJDZIAWJw==
yCPlt2rkCIA=
djf7B9wDcCw=
00K3m21iCM8d+BB2sjU6Bw==
c2LCOiebFQYS38UCGy8qh7ZqiVpK1zH4
b0Udt2SssPEfJ8oQPDOz8Q==
BI3IqCEz3uc=
Z8befd9EPBIZ+iaSoQhVOw==
wmIylGpeBe8=
S16+6vLU214=
O4JE+/tOUKM=
oAoNvSI9dXY=
roFcb9UQb6xYQG1rM6Izrw==
54iWCRQZfsMJP+7qUWTtAA==
ZgUBEwRdX4Ljebl2M30EOw==
I1IXVnK1fA9fVpC0ANh6mw==
I1IXVnK1fA9fVpC0ANh6mw==
cyk2QEn1nXpk1FmwU/yeEA==
CZAYFqpQhn1BXlTFHd1mRw==
CZAYFqpQhn33OvGXF/MRQq3E/c1AW4l1
CZAYFqpQhn0mYdZ03UIwvL1YPByVnOfh
CZAYFqpQhn1jFQJTCzVLqQ==
ysOkO5/mne39GuuiXiz7GljE+AgAxIC+
MMyJehSBdnA=
XRK5Qrx+r24=
O4WjFC5ZLaE=
O4WjFC5ZLaE=
JwvadNVLx6n88dq/+WbV2w==
dmbj0pqCQhJMRqdEY7WmAg==
A0fs1sV3KYI=
Iqc969pj7dE=
7qOL/WMe6z/1ILJMwzSiQQ==
rMOvH5C6Hyo=
rMOvH5C6Hyo=
gzaIzab9PdQ=
EtCXN75h/nWlaQG9i6e2Zg==
Te657bT7gDa1v0p/aKVnbQ==
Te657bT7gDa1v0p/aKVnbQ==
Te657bT7gDa1v0p/aKVnbQ==
Te657bT7gDa1v0p/aKVnbQ==
Te657bT7gDa1v0p/aKVnbQ==
Te657bT7gDa1v0p/aKVnbQ==
Te657bT7gDbdEH3upwIdJEopbAvseCzL
Te657bT7gDaD/Alxm2slyv+JEMFe4F/a
Te657bT7gDaIDEuGabG65A==
Te657bT7gDZn4KNOK87FOu+gn6TLWBSv
4BfH3RksuR8=
1Mwtk/rKAtW0btQKuoZvNA==
LdA1+faiVnLY061d4+1RwA==
pmy9IC1KdlgYfhB8qJ1Az2VBUo4eZmiI
4MXkNQUuBOo=
bnGy6lDAVwI=
YDKFSbwTczs=
vz3EJpArTYE=
a9YZLMxvRl/RqPv9qF1EHw==
r0hDwtjSV9g1SmZ1ny0GDA==
FjZcVAevfEiuiAo/bCHjhA==
1GqcdpkogVWvvGSHd4xlpQ==
TdbBEqJgCbCDwbInkDwmmQ==
YBoxGypG/Bo=
C7ZP7H9TYKg=
gXJ+tAXol4lB+ec+AfRg3g==
ZQSUKZTZCLU=
ut0CFblUDyYqktw9kzz8ow==
PIZzmyIUDXw=
yzshbsvDf80=
yzshbsvDf80=
YIP/a4yVGqs=
gWVJp5FNii8nd6/43VPgVA==
R0xXK5f2zDM1Ryx1WKju9w==
n+7lHODp2cY=
7bPuNvqKA4VSJeAJxGTuGw==
UPSwGP+Xu6kWhWV7ArBkkQ==
khUgu4Dy7Vk=
khUgu4Dy7Vk=
khUgu4Dy7Vk=
khUgu4Dy7Vk=
WSMvyqs/d02fjPGvqwE4wQ==
o49YEsuFehHX9vVYXTfNlg==
VAb03U18fBf/atz01yxRrA==
2mrmG+bbmuE=
sCE0AoBvI0E=
sCE0AoBvI0E=
uC+SArzl1fGA/q5kjIzCag==
uC+SArzl1fGA/q5kjIzCag==
uC+SArzl1fFy/O+cCUUfyg==
9SGJlsrzWL0=
mjOcKfEGeWE=
mjOcKfEGeWE=
mjOcKfEGeWE=
VqAyvo6M52w=
VqAyvo6M52w=
VqAyvo6M52w=
kOAb4scu0/ZmexX9b4WmRQ==
9QF++84fPcA=
n/w7w8xX9iX4g3uIoF3PwQ==
n/w7w8xX9iX4g3uIoF3PwQ==
n/w7w8xX9iWlibShLzvmpA==
3QYDP31+0CDFd7ALdjIRdw==
pnPD17VibRH6iaeYoYeQig==
TevkarkZPuI=
ZrO51hF4g3Q=
z4n/RylmENo=
+Jgb26MsnqBjJYqNQg4EFg==
UD8V+YozeYLEmF/9Qr4kZA==
FoKprqIhxluZ6iY8C/ZaDg==
VfDGuYDtd1Y=
eN6IR+w44OJUe5TDI8VmfA==
io+cA0N6nbyB9z8BsxNfkg==
Swo65A9TwmJUsZM0N6g1xQ==
DCJVclgNT7M=
oFSyo0Tm2uR4ifNYRtra7A==
LrYIr0digvA=
SThCsBvIM50=
lUwefMc4J3gJdi8x/apRkw==
LqzBFBkCfQg=
LqzBFBkCfQg=
Po7WVjyjQH8ZzdJ7oat2i4xdAtUt9UMZ
11jk3p4P6Zu2vSu3UMAsFA==
qxlBzaNHKn1JIaPxRqdW1w==
d3B7uY8gy8k=
84so75oZv+0fuMQ58YZ+NA==
YuzTZJUAOR8=
oWENbkITbzQ=
UyCnS5rVtUo=
zihnEscSZjD9+8+nq11hGg==
uExhXzf8v6D0mPqze121uQ==
070MMLSMETIMWgwh8Cb0eA==
BJLd21qM0VDvoyFK0EG9GQ==
FHEYFkTOJOcUaHn0M8oQKw==
aSHNe5iYLpc=
W1jsJzdL1co=
ueQg2H8qYek=
rtpxFRuCzR0LmjBRIbrAbA==
aL30Oi9kNJLB32lKnIOvjQ==
CXGFyE51h8rx4w2O7ZtEgw==
CXGFyE51h8rx4w2O7ZtEgw==
D9uccrTmVGfs15gPwP2gRA==
Lw/K8/XH8H6yZnNMIRbzuw==
1ANvuKDcfSTRmY7/6xJYjw==
O4pvbGiqOnE=
xJpwqlyz1bOK7StRJ3VtPg==
H9bZFGnFYOU=
xz6DLq2RxLI//LqM9wnyQg==
cW1LQ3LdLas=
2HkwnXv6MP5bPxLYyFwVzQ==
Ps2PixCOvgY=
0uZj7jFsj48OCnDmznLeBQ==
Vtm3QwLgfJatjpF6fLjEyg==
Vtm3QwLgfJaSsOeGrgxPRHXlXAvOEmcw
tFdTktLHJwDBl1rCekztZQ==
UPCN1A1kMrx68Z5bBrH/Uw==
4uKg0BvMIZj56bTa2v7srw==
9kOt1J6yyDRQ3/qyZBmYeg==
I/E7+VfQtsA=
je/oldb4w/sdOaX7/v8d8A==
o/+nSi7qrwpGf2FnYbAV9A==
o/+nSi7qrwpGf2FnYbAV9A==
o/+nSi7qrwpGf2FnYbAV9A==
o/+nSi7qrwpGf2FnYbAV9A==
o/+nSi7qrwpGf2FnYbAV9A==
o/+nSi7qrwpGf2FnYbAV9A==
o/+nSi7qrwpGf2FnYbAV9A==
o/+nSi7qrwrgK+vmVAY61g==
o/+nSi7qrwrgK+vmVAY61g==
o/+nSi7qrwrgK+vmVAY61g==
o/+nSi7qrwrgK+vmVAY61g==
11SBxj0mFKs=
gEEZs2biOp0lDzvQboGXJw==
gEEZs2biOp0lDzvQboGXJw==
vb//7WNw4YA=
o5+xiqZc+90=
RhZeYz0cFHG8dU75gw3m4w==
Is3fMsP5n7Y1bW3wSnkA3w==
Is3fMsP5n7Y1bW3wSnkA3w==
Is3fMsP5n7Y1bW3wSnkA3w==
EFHLO2uoyZricrQSDEaKyg==
FB4y+OgefFuS4MRDf0wW9A==
gy8FAB9quwRAzOfR/heK/Q==
VlmC/SJHs3YQ0uX+qxW1JA==
uzgvMxG/dp6k8/MfDgx3NQ==
q4DDtTAYmuoaseciUvJ3Wg==
99jscVEsmKc7vFGm37qZRQ==
unzpaan7pR4ON/NjYsuk1g==
8csKNBiog2w=
fKG9LxKS1+c=
NJS3C400bOc=
o2DCfN/pw/7W24YIcX/iiQ==
a1TVLzwS6A8=
Zt+byWtgBffcsMg3tUZIDw==
v647kq2ncIIsnJAl6IOysg==
v647kq2ncIIsnJAl6IOysg==
OB7kGyaBQdc=
ElBFUoCU05c=
ElBFUoCU05c=
kdyNadpezInVnJ5e8l4Zrg==
EzS0JfzpPdhfQsqi67YYMw==
DqR+3qQAYHk0Z8qfxXc/YA==
fY8KLwVE3vBailKrhvI5CQ==
J8rugytMrwdtKBfbhXftzQ==
bNU01OH4bsvbvlw3dDPQ2Q==
mrzB62urikw=
wBJW+U5FfINLBoXSAiiXdOaIIzIgomuD
BoMeo/pCQMU=
W4JgsgnmXqA=
x1EGauE3PUo0AyenDr9svA==
wwCjyVJP3go=
wwCjyVJP3go=
wwCjyVJP3go=
wwCjyVJP3go=
wwCjyVJP3go=
wwCjyVJP3go=
eO5myNIK/z2rkBT7DcfJPg==
bs1TeX0tu5IWnRUcIEFisQ==
bs1TeX0tu5Lyc0naeJEWdA==
yxPZcJmCwqydxcNxqQ+3cw==
cLPYH6vQdAPf9PAVzbkvAg==
rYGxUEsEJk4=
rYGxUEsEJk4=
XDFXpSdIOiE=
J1rYiThv2mo=
FLAMcyBQumAgkwVjGHk0bQ==
indI8Tdr+rY=
xSyHiCifXmk=
HC8CdX43PO2FFo4aIBY+321ydPD2WqKn
l2jJsJC7Xt4=
x+MwO4qKPfUhiEzoM9VyRw==
MKa6Ijsrda0=
8fn4CpJ1iZiDu7p6jn31WA==
MWgjNo66BLUkK2HlpwTF3g==
dSdiC4ctDC4=
fwB6ZIR3fIuQzw09h77R/w==
ADKRG9eUz/4=
0uWlJvfAUtE=
qEpuFko0xwQ=
0XUfUoraAvCEwHrYkjH4jg==
tbwPlzHg4xtG5X/wYW2JFg==
+hY550LdKv8=
VBZMChhy6KQ=
xnTKI3uxUR6Bng3QaQZOYQ==
0qO9DZQRYgMOU6iH/T2SbQ==
i2G1JhcutF9EfWmZfUptEA==
i2G1JhcutF9EfWmZfUptEA==
XPORr57yAeKMAWHWWpL7hQ==
l1Fu1WT+Ek8=
bh/gGeHYJjY=
fDPepb367hA=
21b43UVQnSI=
FtdabOX9+Ek=
GTTZYI0TsyI=
1L0fwbtpMXr2hk7Oe+6EjA==
gNRo1gyxH8A=
ZgYc7rTU4WQ=
ZgYc7rTU4WQ=
bjvYEPXlZw32A9PyIYfnCw==
RTVKP3mKi8Oz2r94B1W3DQ==
cwB176wfNNo=
lz+vPe+RdR0=
BlzZ8sZ15jTmS/xQa0W8Eg==
n3WhuVwIxv8NBpe9AsqYyQ==
lVNmtu1azuw=
GLFg6GR2LEnANA9d9mmCeg==
GnvkTDhBX+A=
vv4MssvsAc3F9PmAtngK2w==
v0b1HOEU9GHitbIInLGJ+g==
tQkBh/DoEeo=
JELHhV8+UpM=
mM74u13m4Rdt6BPSZMsRQw==
FK5m8Gof57w=
2G0T9GYZsDw=
juSFh7+Bd59PFbFRIT9HNA==
glN31GbCbw8=
dLawq3LTUDhoWZQbIAYp/g==
nL9MwYBF1i8=
z7LA13Pb+SYs+/XUEi8pFA==
A7qCwrm+gh5YizFhOvXcGA==
hnAELnIxBSk=
hnAELnIxBSk=
JTg//2U6Vf1vGjOCso35xQ==
DgrcXeYGXrk=
7r3w0Mx9o4yprSYjEsu0Rw==
7r3w0Mx9o4yprSYjEsu0Rw==
/UNnwb9Mk+E=
7AtuPC4wTHY=
+mz9AOPrswMcj77aHx1tbg==
+mz9AOPrswMuUr6g4xnNhw==
qTo6+YoLipjDHoqs1waFYg==
08IARFNVeoEwhgE3vkHruA==
+uWrt7F6bno=
0P7d97ZmEeQ=
HRaq1b6yt5afpxvWtietPA==
dRI8eptE+40=
0Fox3eMjKuQMYhbgyrAJl3sRUEjzCaYB
ixGIQcqCAFg=
hXMED+RVeoc=
5kqJrAGee+3vodEakMmnxg==
PKlVeKiylzw=
BK9Iq9ZYNSk=
n/g5MWHAekHVdsmMMTlguQ==
PSDyY3gIwxwyoR8uG3eS8g==
gY7jE2TvmRU=
S1iJNbxZZPrST/Bsb6r/Fw==
CfSJa4RvW80=
Ee2TLFLe2gI1xWn4DM3yxg==
9yZ9NM9gOHY=
0ykcYsDN/jNeogbwRlIfHg==
cqn+g1ntq1fSQsg3itePucElHlR5AxIF
Hx39WOYSYaK05oTcMPe4iw==
H2kDmPWzRjk=
ePXp8sz6Axn4JKkO3J8qOA==
E0A1ILZXJLE=
HbQDjYhzPSI=
pLU0zyc+9j+JINvFAwS9yQ==
VaHGJ1SmSyUPb1ZCP2NdRg==
o7jnHjPfgmtNKxTeO4JEgg==
xumkPUnZTQU=
PIZ4B20xd7iWUl6Gv6jFWQ==
UBWWM9SkEXE=
gkxBCZsCz9CCj28QY5YEtA==
rGQLp/NQIrPYoQeWImfGWQ==
GcNcSC9P7kvMHoiEq4TXDQ==
yDPCLTcM3j8=
vX3vu09HkWV+lxUyB6YWZw==
QgTWIzPatgPa3BOpCwnDcA==
IHcTjXKeqpsyZuG5xEr3Ig==
D9+NV1G7wW3avDre/X9H8w==
3PWBucxZaJNdJvq4Ae5Tzg==
RcZfQC6B+nOLgxPe+ZcnLw==
o5tP9QsXkChlDaxRQ2fozA==
woO7wBkV3QU=
woO7wBkV3QU=
woO7wBkV3QU=
iHazijDFm2XfoU7Am1p+yA==
iHazijDFm2XfoU7Am1p+yA==
1NwWJewafuakIWFvz+yeYA==
1NwWJewafuakIWFvz+yeYA==
1NwWJewafub2DQIfM1OkSw==
FlgePJ3pYsJ5ao5m9lpcLg==
8TrJuN8Ap8slatmE1eMEUWHuawwOSqRo
zhIv8TlmoIw=
OIEqLS87+6c=
NURo5dCUw3E=
+UDTUi0LBZY=
/vEJMYoIfp8=
4u+zPWTs++8=
aVmRribb+ik=
XQh+ivGG1Xo=
ONutGOzj6pA=
ONutGOzj6pA=
gtjhGpQ44Jeg0CdK9LtSsw==
QDd0LpaAE5NKmRjAQMAJzQ==
c+yg/K4IV73B3o50lLoZTA==
eOvY3ukkPtc2IV0zSdYwhA==
piY6l2MbibXCWbe4ULmgwg==
wNXwTSQKKwwQz9mEnCOV6w==
cltl4ciLmFgAt63fqk3EQg==
w7lsaWB6gh5AtY53p+TtaA==
1TUoYt+N+gM=
kkKeruPWQZ8y9eveoW3BUA==
DmQhxgSfW0o=
r5y18nawV/ZfjtFBl4qduQ==
UMndKl2Kjf4=
cqgPP2zuRcq0rJeZYQw9Sw==
znrJU3verzjImcJKoTyBLg==
znrJU3verzjImcJKoTyBLg==
znrJU3verzjImcJKoTyBLg==
CMamXx4WB+yxvgefX3Kw+g==
Qyoy5hD098bww8EPUiO3Mg==
5uwm59jyYxy61ddHFvfIZg==
F3yHrPEtSs0tQVl3wayTXA==
VZbuO/YGLamsImbYSHK8wSdPZwPOlsdE
VZbuO/YGLanIPta1Zw3gOw==
0P8YDF9oNXeVLZRV8bscGA==
0P8YDF9oNXeVLZRV8bscGA==
rKbL8/KK8UeKp3bFYLiwmA==
rKbL8/KK8UeKp3bFYLiwmA==
rKbL8/KK8UeKp3bFYLiwmA==
rKbL8/KK8UeKp3bFYLiwmA==
rKbL8/KK8UeKp3bFYLiwmA==
rKbL8/KK8UeKp3bFYLiwmA==
rKbL8/KK8UeKp3bFYLiwmA==
rKbL8/KK8UeKp3bFYLiwmA==
rKbL8/KK8UeKp3bFYLiwmA==
rKbL8/KK8UeKp3bFYLiwmA==
rKbL8/KK8UeKp3bFYLiwmA==
rKbL8/KK8UeKp3bFYLiwmA==
rKbL8/KK8UeKp3bFYLiwmA==
rKbL8/KK8UeKp3bFYLiwmA==
rKbL8/KK8UeKp3bFYLiwmA==
rKbL8/KK8UeKp3bFYLiwmA==
rKbL8/KK8UeKp3bFYLiwmA==
rKbL8/KK8UeKp3bFYLiwmA==
rKbL8/KK8UeCZ+4d88m5Gt9z7uqbsBxs
rKbL8/KK8UeDD98yDJnOnw==
rKbL8/KK8UcS+RcoW82KQw==
rKbL8/KK8UfrSSyvJlOvLA==
rKbL8/KK8Udn7B0s3N7P6C0ERpjfv1RS
rKbL8/KK8UfrAcDJIR8CnM//CcKUttTK
rKbL8/KK8UftC+cBqFOFxw==
7d/YBwI6UXbuTw3JTYzcPA==
l8VFmkmC+I5Cpz6v7BL2/A==
4e3vcNvdfiGFcShs7P0WGg==
I9nmTu526pdGMk9owmVMJw==
I9nmTu526pcN+OC0pceIcADdltluhZ5J
I9nmTu526pd0RGrbnHEM2Q==
ZF/cCkzlnxuzxS7J/BNTJg==
vLlHpTzxvvE=
N7lwNbW7Aho=
oRyuYztDMPU=
V+VAvqQkiG6cWvp9vOHIyA==
V+VAvqQkiG5Wthug43Jjlg==
Q3pIeXEIbLV1/1GtVmj/Gw==
hXrzNcwQYuXc+65BITbLeg==
Vifig9gwsU6Qc3FH5gwlfQ==
Vifig9gwsU7w6NkDxxvrZA==
Vifig9gwsU7w6NkDxxvrZA==
Vifig9gwsU7w6NkDxxvrZA==
ZkZZWl1zr1afI8sabNBsbQ==
u6EXCft6iYc=
mszCOKjvBpQ=
tMANSbYBphk=
Bee7yf1DIfrbQBWYG6rrBQ==
NSCXJPekW5AkG4YeSQZxSQ==
hHr4dXPRA/s=
vbNRyUTLwtI/VId+/fXBag==
vbNRyUTLwtI/VId+/fXBag==
AeVxMRIJOxfc1F4FH8j7zg==
9pXYjRGMD3oKci6Vmw00QA==
2QoTvUexhwo=
2QoTvUexhwo=
mvhTeat2eM4=
/lAjoXW3LtA=
/lAjoXW3LtA=
K+oOohOdpnI=
L4Bh3H7Up0E=
bhjxKwQKIEY=
9YQDy+ntI0E=
uEgae+fzfcQXoiN6jiVRuw==
HffdHrq63nCrGJfcHA6IBA==
HffdHrq63nCrGJfcHA6IBA==
HffdHrq63nCrGJfcHA6IBA==
kHKkWqFme3M=
2yI450DLJp6HJZf8VWeLUg==
uFWQ5/v3N+jZb0GCwOAjMw==
Ir97aJ0ie5dhGHwDNelsCA==
jPbYvgtCCFtZUfWZxRehKQ==
q5jPyNwNvaiLQiitCY2cgQ==
Yr+TsNDAuhI=
bELsLN9rngiYGxwPJJyfng==
5mZExdbFukxsGLoEdOk+2g==
7s+V4I8K2Op+ckaiVXljJg==
wypgC5Sg+XP5ihV+Xcc/kA==
fwyaXgLUYCFoXb8X5m5+GQ==
fwyaXgLUYCFoXb8X5m5+GQ==
fwyaXgLUYCFoXb8X5m5+GQ==
fwyaXgLUYCFoXb8X5m5+GQ==
fwyaXgLUYCFoXb8X5m5+GQ==
fwyaXgLUYCFoXb8X5m5+GQ==
fwyaXgLUYCFoXb8X5m5+GQ==
fwyaXgLUYCFoXb8X5m5+GQ==
fwyaXgLUYCFoXb8X5m5+GQ==
fwyaXgLUYCFoXb8X5m5+GQ==
fwyaXgLUYCFoXb8X5m5+GQ==
fwyaXgLUYCFoXb8X5m5+GQ==
EgHrQKsaVw1Txv1AWGK3Eg==
EgHrQKsaVw1Txv1AWGK3Eg==
BihpugClX2oh+lZaZbNfkA==
nLyVm5CVRJViVvn0ijYwZQ==
nLyVm5CVRJXo3xUuNjlMQg==
5JZFbuHrWqc=
qBkC6mMzZpqD4tiXHaRJcQ==
CSFKdLcP9nZ58tgbWNpfYg==
6Wr2r1j26hv3jVEgARjTFw==
hs9f6bZZwcOEJsc+r/Vevg==
hs9f6bZZwcPc4xxys4SUHA==
RJnJPx8EiQUsOEdg4zx/hA==
6UM3iN+b+8o5auyWnOt7mw==
6UM3iN+b+8o5auyWnOt7mw==
6ug6fBpSmYZstUAMGXkPmQ==
/PIzyUflKoU=
Qxk2VShDr1I=
ucuFWyR4I90=
ULYZLSaclHPXEkCO2bsT4g==
ULYZLSaclHP6sU8DJmTGEg==
DndFDnkD5Q/59QfvGxLXtQ==
DndFDnkD5Q/59QfvGxLXtQ==
JXC2SmoGRHM=
/L/OxNpcGWphV8EGp/InKQ==
C+NOLcZZDrM=
j65+ieZw26w=
X7b7bdAUK4s=
TgvR2ScDG325YwmUQ54rPQ==
tLRkuiwwZaAZN1uipjRxYg==
yoTq5RMNVfMZRAnCA7yo4w==
ZK7K6WjuaCo=
Vi4/hFKwfwlqjup70IArnw==
Vi4/hFKwfwlqjup70IArnw==
Vi4/hFKwfwlqjup70IArnw==
3SCiwJzdL9ERcoljzXK0Rg==
zF8F6fZ1iWtgGXUAw24BEw==
ZPtGbOCFVCw=
itHDKCaRtvSK+v61ji+X2A==
iKTPZRvqhvs=
jJpDehxE7QY=
kLc0tuTc9+M/c2ezwEpicw==
ASs7hFbWU+Y=
LnZ/ZWlCfNuWgXwoBx3u6Q==
ow7vHzDKFHo=
jlW73DD02qhE5zVySjcHyQ==
YXy4T4m0jVM=
YXy4T4m0jVM=
YXy4T4m0jVM=
2nhLj553RGadhJp/zZYIzw==
rUC0GHn2fnk=
rUC0GHn2fnk=
rUC0GHn2fnk=
rUC0GHn2fnk=
rUC0GHn2fnk=
F1/N0ZpIo6+koFN7+ZaSplRsVyJF3bFg
MLq/f2FQy6JYt/HJjgXGAN4+9weWQciK
LUahWuQxcqS3XLCophzHmA==
Z09vYMNzOwZuDvWmrJYblw==
Z09vYMNzOwZ5WLduvxYZ2g==
2w/2oeEES8BfmNGVE9FCnQ==
l2CldDcWTmk=
l2CldDcWTmk=
l2CldDcWTmk=
l2CldDcWTmk=
l2CldDcWTmk=
l2CldDcWTmk=
l2CldDcWTmk=
l2CldDcWTmk=
l2CldDcWTmk=
l2CldDcWTmk=
l2CldDcWTmk=
l2CldDcWTmk=
l2CldDcWTmk=
tM3PWBBWGRDCKIDTr4MlvJ1Wghsw/NH0
tM3PWBBWGRBa0Amd2kzjYk0s0rKTdZ3+
vgeawTnANCTEU3Kbu77dHyNed0o5H3IH
HdGyF2y8kZXark88EhYq5g==
tyulWicSm0LysdgVXM/Tdg==
8CFRJJ2ny4OqjZqhhSzA/g==
id0fiUCqCQo=
id0fiUCqCQo=
6ilMrKxmOLrGWUGKQxs7tjUEYn1h3Cau
6ilMrKxmOLo+Kf+eZIHImw==
RqpUuapylXErT3bBE9/ilA==
9eddnbDklWM=
ZrbF5GLmcpg=
HgI8t5nlyl8=
NUgR/HF/p6A=
uWbHXhJqFcI=
BuFBh+w7G/Q=
7ma2x81VTz4mBSPPQURbFQ==
9HUfeOQF9AU=
gkKZQ7hCZDs=
kEzqWitXPU4=
kEzqWitXPU4=
ZVia0gpAQdcpahTWAvSN9w==
bEW5oVmyS+wOywm3or0iZg==
cp9lRAW02zei99oVV+rmaQ==
3slMGoL7LT8=
uM/CaEq9jaI=
sGw1qkJT/hvsU3zz5oETkw==
QV96jwei0Tw=
QV96jwei0Tw=
QV96jwei0Tw=
kXeo2p/VFX3F2WoSpJU47A==
kXeo2p/VFX1S8XEJi4K1hw==
kXeo2p/VFX3dbcVu+i0dOg==
kXeo2p/VFX2D4qMjlSCoPlEDgxwsrBMx
zQ2625j1YLs=
JzlVqlDj/0U=
NBHPDJjXu8Ss95NSIIkH+A==
yvS28sbZNEpO//cqSFncXQ==
EJjVY5K6U3rZu4d4hHiWmw==
tHH6BKt02GTn+G41UXQWJQ==
ZtC5rNt7lkTZtlHk9FiQog==
lg1DOXnxcWr7HU+cccxTpg==
lg1DOXnxcWr7HU+cccxTpg==
HYbcMN0gyj1Ag5K/rDuamQ==
wwiLmfQygEE8S/p7gZy2rw==
wwiLmfQygEE8S/p7gZy2rw==
8YdeWzY/sYw2/PHlou6vFQ==
m6p0df2KJXw=
SBKGPmqvMSQ=
gs08umf0z0Mmnz2jAfU9Dw==
rKeRwwUSnHM=
Bsxm00auwrNux9od5RvZ4g==
36aWDXd2FQnmbmcUsv1bIQ==
h2T0Zukd/slNuHV3AsEuGQ==
VDUiSoFpy7A=
WYNLQnyrQYWRU64TMcwtkQ==
67pc1Bc/8s8=
67pc1Bc/8s8=
aOp37MnnB/HD8fv/WTXW9A==
UARHLgEnU+RpNJWgXWU5aw==
tAYOH60cZR4=
nraBC/gN7Cus0KVt2myhYw==
L+6qRQ6rr1gbh2JR9YT1/w==
6PIdRt2pp9hOeAK9pjgZhA==
Tt5bjj6xV/3OSSgfZpIcNQ==
PLGBL/AxNpQ=
g59B0qvYi2FZqOZQh88a6w==
ceDqJp/Uj2Y=
czecl+VowVdNVAm80TfbKg==
2sF9cdi8Y+ewxgGD7yO1BQ==
fDylkbEl0q2/LQC1liigcA==
sIO2+MIllFJtExizZ5O2Ww==
66zrwFbpraz0H8G1Vi431Q==
e+bPwFBeMtm8QYT4ewMBGA==
JGbN7hnhdnz/DB/Hty9ZdQ==
JGbN7hnhdnz/DB/Hty9ZdQ==
JGbN7hnhdnz/DB/Hty9ZdQ==
u+vSm1mmRIBhOuvzGeU3OQ==
HKZ0cHo7NZQ/LDvsY4+ecQ==
BVJCs1a/lPYo2K9/ORYr4A==
ojDuH8vH6sUOroE70bYxeQ==
AltWDCledTJ/aOniy6Mi8A==
AltWDCledTJ/aOniy6Mi8A==
AltWDCledTJcraG8Veasy6ITMG9yRVxy
cdJSLjgjuYsH4RGlaODfTQ==
w0SOhZ8tLB8=
faehRfYqDyw=
/pGQbGlufJ8=
csNE9a4I4w4=
Q9pA9MtcBgjcUmXZUzq+hw==
GN2fzWisH/OKvRrkwt0DkQ==
XiKYswEZOdV28QssG8FBBw==
gLWYrYBJ3EaBQ2ZqynJUeQ==
SSk6gaCLk1Q=
XIx3UjQbrQM=
0+Gn8BdX8xCc9S7YIDwBZg==
WacKJUuYO3Rgc/l4asbCSw==
RzCRVxfMjCRjfkmbKt1AnA==
0zSZJed7kaYn3IZz7GfYGA==
A83CraNqs+H+Ceik7bTBxw==
pb1GceMOy4221pLPCIRn6A==
IJ1dQ84JnnfvksqpcnjTXw==
uRG3joTrOJI=
cYr+9IzG/UPHMotAYcXCgWuLs13QIqeN
Ft5AIaEAAHo=
RR55GEyY32OSDDVP6TPGfA==
RR55GEyY32O+YVOO4Kxy7VEDCGfncNjX
gjxtzi/nhzo=
HBtKT8ghfrI=
7azcdBZlzVQ=
wJqvE/JSfmeJW3o2Za2Q/g==
j4EfjxmZRgB+MFjW3nfWbA==
j4EfjxmZRgB+MFjW3nfWbA==
j4EfjxmZRgB+MFjW3nfWbA==
rF0dyKGkmQgsqmODrCtIUw==
ZqZ+lXHRo58=
09HyMyH1Fqde8btsaZAL2g==
ssn+1IxYvj3t12K4d860yQ==
ssn+1IxYvj3t12K4d860yQ==
b4hrRlDoImB6jGlKGxDEKQ==
GYAR5vAbcCKfefq4hZBZhw==
xEC8ORGLlBE=
7UwmRPT7MEWTZgjHm4TrsA==
UxNsgVj4VPF81FBDJqoO0Q==
tIUT5/yYbxpquYzGt14/yA==
9JLuKo4pmfzDbERobxhixQ==
ZM+O8S0n4Ao=
jrL/HNY0C1U=
n4CL+46NkF8=
l/4gnM3gz84=
tRVQKNQnu3I=
h6CCcv32d7o2AecmaNMQEg==
h6CCcv32d7o2AecmaNMQEg==
h6CCcv32d7qklITOlJo+8A==
3XPNBnhmk7NBB55Q8L0n7g==
lqF9lOX43B8=
Uc0y3xO2NCY=
HkjetMSbIZLQxKRkWrtrhA==
JeAJf/0e7o7zbbEziNfbAkaYW0640MKa
HVDnqLa/odWMMx3etZDFrA==
ldO0q9q77TwmjzwEgJR8vQ==
qJNgwAkZu0hwIUiA6YmNYQ==
qGIy0ykA/+qzuceRdQvS7g==
X4wuzWUU4wc=
70Y4PpfzfNMz6KjYvypRtQ==
LDrcpLbj+v8=
LDrcpLbj+v8=
4Kdy7g3xuD0o+KRpA7LSvQ==
O/W1Id6m1OuTR0okADx3LNJLrkzQPsZ/
flu0kQQd3enLTPf6Tj+zjA==
Np1Z2BywMtv+qSoEzUrr1w==
73++2qwvPXM=
ahlsBMm7tPlAUBNppJtf5Q==
ahlsBMm7tPlAUBNppJtf5Q==
ahlsBMm7tPlAUBNppJtf5Q==
ahlsBMm7tPlAUBNppJtf5Q==
ahlsBMm7tPlAUBNppJtf5Q==
ahlsBMm7tPlAUBNppJtf5Q==
ahlsBMm7tPlAUBNppJtf5Q==
ahlsBMm7tPlAUBNppJtf5Q==
ahlsBMm7tPl7cJ0WGQZwZcoYScKO5dNq
ahlsBMm7tPnCvHQT6rH2/w==
ahlsBMm7tPmMV+yEZEmK0A==
jKnjlBsjjUo=
IzhXp3ntcWB8WXzt5lTPmg==
bqdsA6o8q98dlVF9I/cQyQ==
+5cIDFMB1Us=
+5cIDFMB1Us=
+5cIDFMB1Us=
+5cIDFMB1Us=
6W029HeOSNoaeDz2xfIdWQ==
ObPJe/0pgAMZmdIiBJYh3w==
dLN1V472wXIU3dPEvuCJwA==
Xv+93hAzt5Y=
w2gyNDW9nOs6pqVaPDZqdw==
w2gyNDW9nOs6pqVaPDZqdw==
ChVtZ1nkSwMG5ZSaZPDGdQ==
SE3qU3X8ySdWFCs6JZKe1g==
B74LE4iYyrK+oiEOSzE/JQ==
TmJftTU5tJ64d4tE1xCkzQ==
TmJftTU5tJ64d4tE1xCkzQ==
0TQjrY4ITjIqLCdT9k+jYw==
LOe9OgVF3iM6vgUnFBrYnA==
LOe9OgVF3iM6vgUnFBrYnA==
pJNgkw2gPZI=
yTbnIT9QBrtVE/WcpdFWaw==
TRhoL0C97QY=
n7H/8MeA6h5626XmGP1KVg==
ydbBkJEGU2E=
6qbp/bKEMBw=
LU+eTh+8blg=
BKLxaQ7gnZDAdCjlKaep4g==
Api0VxcRyBnHx7K/fwkJ8Q==
3mehSZaKPOQ=
HuCLMEIeB+fijNv1GQsmUQ==
RILZOb8ybBE=
E7F6YGP9bC8=
43Gnfr89bKQGtKRysqUAHQ==
43Gnfr89bKQw4GPblJu9GIoExLIpEkIf
aTj3qpK3Z1w=
3EtjYvSny5DqrrVbbrcQHw==
Cqn5OK7iKk/8v+KBZdlHmg==
vRdIcRC3VLy2FPMvOWlPLw==
vRdIcRC3VLwtYxL5Y2mCng==
gYLot8SGIZ8Z+cRux8n/GQ==
uRbiSA7jlJQ/F0IEL+WZqQ==
06Qf+IA50qoa0vCO3To+kA==
3TOOdF3C4pg=
/MBrBy1I/44=
/MBrBy1I/44=
/MBrBy1I/44=
hkLAUXKi+VioAqflkVncNg==
vd0MP9+aNPcGBsNaefouaQ==
nYjTxRP419/517lzTH2uHQ==
GLDn1tne+64=
PgeOwiQGCd4=
UatB4Yu7sJ8=
2hQhOmbGzJqWvUQ6jkSwyA==
HxRqywDXejY=
GQ1VdUZEL20=
7yogChBxfHY=
H8Ugr17gFFnMqvpLUbMPsQ==
DZq99wcyPqs=
zNcONCBRH/CCLpf5oXHnlw==
tGoNjI4Nb5DET/vxtCKr6Q==
8Q/zSJuUu1MGlTmr1Qsj0w==
kNZNq6QTLvg=
8ZWTKpnDfJAJjJacNLX2eA==
LUPFQ2D8mAXTdqc/Y4srVA==
aCYtsjCVKAF/yMsUVpM+uw==
zFIfukRUWA8D1+hd9+U+cA==
zFIfukRUWA8D1+hd9+U+cA==
6VSGkPCDzag=
6VSGkPCDzag=
6VSGkPCDzag=
M2dB2/9ijaxMiWNxFhE6sQ==
k/3j86MXm6o=
RbHnXHsUJq4=
67dTKMQdp6k=
srKAN0U3qBFXO0tjWmP1QQ==
Nq00pmMRYR7tRP9mXozwyw==
uV99p5sKDO2RT3Wmc27gTg==
A/+q7Fxb2/kQkEWbPMbLnw==
kB1EdeA7reQ=
kB1EdeA7reQ=
E/OrKWsFzZw=
hcuRoPCZUyC/Ym/+Z08GoQ==
7Cnpqa6TtHfDsZPgvpVxQw==
hf47Oge02Ro=
HoHqUv7IylY=
b5KtxOBTXZY=
f8QslkL3U2tYwTixfZKajA==
4is4c/ejh9X0srNvQs1wYg==
84ere53ouqHNmKHZ/0v+Lw==
Q9TjlQlyDPKMajJLZte7+w==
+geEDC/t328+zbv42mO/Pw==
q2cKQFeLLXcJ61AYqsAXTA==
AETEehJIZKw=
AETEehJIZKw=
KnBO36bm/U4=
Sppyrn8s6BoSo3S9g+rz8A==
3F61+ldQVBY=
eRaSj2Di+RkrGKk/OPIh9g==
snwSPlttlIA=
vRo5CDJrBIqQaSSwQAfGTg==
fLbeZf5yZm8=
04JP7ZM8S40=
csiZVGOQj+EZLmzqUO0+c6+7R4DkL5wG
VRXdVJKoock=
sk3kURyvBVtCHhC1ufSQcg==
XT0NRoyuLbzjVYfNbQQ64g==
V1zA77TkNPQ=
81/Nf/6TjT2aRESkVEluJA==
q6BMI72x/y0=
EGnUFhYtU1A=
alfSqd9FMsU=
JJ1Ms3QTnXl6hDAa0WqRhg==
7qOAzGGQAFjW7bde3G7CJw==
tJ4hOE71L1P3h0hQ3AZQtw==
tJ4hOE71L1M5kCsQd3cNnA==
tJ4hOE71L1MuebTrL5Kk68Oqapyeb0m8
4E6C9JEWSABCZZjof5xAZg==
X8ut2CA3DZGHsutCfBpXGQ==
X8ut2CA3DZGHsutCfBpXGQ==
WXr2lek5EnZ6s3CbVJ6K+w==
WXr2lek5EnbdOiyzzIC/tA==
fh/UeswG4VKKgz5ZvBgcXw==
LRObkzgKje8=
LRObkzgKje8=
LRObkzgKje8=
yvG+DEnvODRs1LQgpQFFpw==
XlQVN2He8YM=
VuJQELsga0FyQRbIcJf3rw==
0vddBqTKXLN2g+9ZBRGJ0Q==
FOfzJnrclGAHYgaRRKL5VQ==
iYKbHDtL3115FPBm1GXbzw==
oDT3cCZZrujdg4NQ0V4/Tg==
oDT3cCZZrujdg4NQ0V4/Tg==
oDT3cCZZrujdg4NQ0V4/Tg==
oDT3cCZZrujdg4NQ0V4/Tg==
JU4j2jNfwiM=
OBedtYrMhwOk56FEnagVdg==
5nGYL1RFNqS/MMn6GH/L6w==
MBGKRlIhPQ50b6PkEI8TFQ==
np+lJey8I2k=
NQ2Is3CbKbkhiADUEchB5w==
NQ2Is3CbKbnjlx1ImKVYPw==
6S5YyOA8l2tGnNws+zWrxQ==
sjEiZruirhU0xznvUS2uDA==
gztTncEJPfg=
a3OZbGSzHYo=
l41s1dyzVShHxx1umvjbbA==
SBtI0h/+H6vLb3kKUS4BiQ==
lUZP2ckKd7Sy4u1HtMa0ww==
9L4MaYRu2d8=
nKSKMr4/RkWBHRfNtQEpdw==
CUEjof6o8XI=
oL/0DP+bLfU=
VzykPewmu/PTo2jx+BIf4Q==
vyiClVUD+mg=
mo03VD0Csyg=
zW+ptjdHx59FFiHY/UdnCg==
RP57vOErMPAgg6tNe348HA==
RP57vOErMPBA+GqPIoF9bA==
RP57vOErMPBA+GqPIoF9bA==
RP57vOErMPB8UNxiIiOntOEo/YVx9Q64
YRjTELXey+yNc7LgmC7Ik1ytFq1cUzjy
dny5kQLTTTUyjnqrJbVZ9g==
wOJJFagv3Aw44EX8rjlkuQ==
JlMtONS+yc8=
JlMtONS+yc8=
JlMtONS+yc8=
JlMtONS+yc8=
dDrqKxi/eXRPHSJRwJe0iQ==
eAaBTuMLMRk=
IIDsd1yjTEU=
/Y6/ugcPVKvqZyP7x3h+7Q==
RzZBWPU/3MZSpEjjFwiHBQ==
Bss13TgYj0GLmghq2nRVJA==
O7SpzwiRW5E=
TL/uEWyRFzA=
vWxFgMc5AQOC9xIjMLi/gQ==
NYi+AdK5iQCZmSDUgolO8g==
XvKnF9EvmXY=
k7PS5Ffk8chbP7sQXISt7g==
7Vp9WCyfiQjbO+lnRtNlcQ==
6j53ETvTMDW2Z4v9PN30NA==
L2sXCPvPO/s4BlbQwB5lMQ1rqcjILyXI
G8ag+rInATXZ7eQUB18Wcg==
3d9JnahrQoUJDumV0NP54g==
3d9JnahrQoUJDumV0NP54g==
3d9JnahrQoUJDumV0NP54g==
3d9JnahrQoUJDumV0NP54g==
3d9JnahrQoXVMSyC84ie8Gq2shw1PkSg
jC5BhvOIf5w=
U4Qm3tCM6xVOm2HA1RSstA==
U4Qm3tCM6xVOm2HA1RSstA==
0hr+zRr41j+Tspe2HA0IAQ==
bIzmgcoRdsRFF7hXfDML8A==
bIzmgcoRdsTvNG3JeNmEkg==
YG67SkxEB49gF2fE9x8GsQ==
G7VjNInb7iB5SECy+3nAUQ==
Mnvpxwt5ZQKOuudqVSyn5Q==
seZdwaa3qlvrY5bk2/Y62g==
Gn95NF6eoHt9/U1MYELyGg==
ggc+bWm47F7qMs0qtS4QLg==
Z0rzaVnoh5r3Yh5WrjYq70kOGd3tg6H6
i8liCi/G4cj53hwSZPNBPA==
yuKNYwMsxJmg1xPnoNWj5Q==
iKUx7mf5EOMICrjOLkSChw==
FnYsWmdh42ktzptx2xoVyw==
FnYsWmdh42ktzptx2xoVyw==
/3yVYXHkUTU=
/3yVYXHkUTU=
VPWjp6HwHzMNFlZKgabyuQ==
rCH0zdOWuDOZWJ63G0s89pgEmrB2PoGc
+ox/sgjufPYitOXfDOJVtg==
u09Q/BjocS0S5ulw7pQYJyjOLHFjeyB3
DUQpJVzjxVGSi8ociq+xgw==
DUQpJVzjxVGSi8ociq+xgw==
DUQpJVzjxVHm8Cac9mJoardKDz8WUNGT
T3SChf3Z39PG2uq5c3MamQ==
Xc6yA4nN/yLJP4WUrzzj/A==
z/oFTbVOBrasub03T8F0rw==
OPob7n10b2CYjarM+s3WIQ==
OPob7n10b2CYjarM+s3WIQ==
f01HBfCdyQqxPjnInWiogA==
PLyZEa9KbsdWcMzKzUFfng==
PLyZEa9KbsdWcMzKzUFfng==
PLyZEa9KbsdWcMzKzUFfng==
PLyZEa9KbsdWcMzKzUFfng==
PLyZEa9KbscLiWBXEpZAlw==
PLyZEa9Kbseesgm/sgK0Rw==
PLyZEa9Kbsfi0Wl9tm8tAQ==
jo5iQRG3sDM=
ZV2nUjm9yAj5oIpDyo0jAg==
XqZOJoJYlGk=
X8S+FA3V13rMzbM4B9mnVQ==
SDdbn0r1ds6uUgBDWUSA5A==
qpT5HHX+aKux+IFfcgo9PQ==
qpT5HHX+aKux+IFfcgo9PQ==
vmTcYWCfHMgMy3p+MDsMHw==
mwerAs9CPzN4b4VHlThkaQ==
byZ0n2PJgsI=
4pbOagadHlo=
7GD4zPchJu3Qmt5F4PbmOQ==
pXhRPHmz0hnaEtY/qTKDKg==
kS72QbOI96s8lspN3KBGJw==
H6yx46zQG6I=
tMYQM5C7UH8rcGTu9xXn1g==
hvE6oMeoHNd5V1f/kR903g==
Et2Wq1nWXn9e44KY/h6ppg==
43GRJfDzUdKQL+TdLyl1qw==
tkngKJEFrJhtcgKbgc+k9Q==
D76/uBsPw3M=
9QqIzIIyF+Y=
DYfs9iN6LuK1ZCam2uG1Dw==
UN+WenY/DG9O0kT7FuEPgA==
7EjcaR3R6tI=
7rFRgwkZQu0=
TVvH0VKdYZoHrtMnO6LCqw==
qJNxwjLvJ/NE/e0V2Y9fng==
uvql9qbRfDk=
uvql9qbRfDk=
b18nY/8t7fxPx1IoC0qEvA==
b18nY/8t7fxPx1IoC0qEvA==
b18nY/8t7fxPx1IoC0qEvA==
b18nY/8t7fxPx1IoC0qEvA==
b18nY/8t7fycBtwvkIQwXg==
1KcId1u0NfY=
8vCjCquE/X66LkvqwuI8jQ==
RR7Z+TQr6oNDzdsooCVUcw==
W4SMVO9JI1Q=
G0/PR8Tm2tPNepz/etA+Mw==
G0/PR8Tm2tPNepz/etA+Mw==
G0/PR8Tm2tPNepz/etA+Mw==
G0/PR8Tm2tPNepz/etA+Mw==
G0/PR8Tm2tO89C81ooPyJg==
9VmnH9rI7pQbX7eVlhsbWg==
XAfxyfgCkUs=
0TriyioPWhYCRpmoJhIftw==
5/F+CbnRuczB+LcvL9W7nA==
LuDse6FxRkkfVskF853GsQ==
JQYYsKjMDGREtnnWLiAoAQ==
JQYYsKjMDGREtnnWLiAoAQ==
nV7LJ1oLhOU=
nZiFuV7Z5VBiGobQeqaS+A==
nZiFuV7Z5VBiGobQeqaS+A==
Lpd0IM+1i6fugdrvrapLWw==
Lpd0IM+1i6fugdrvrapLWw==
5bXg5Rn+4F9KdmqfRmHDfw==
yCXKXpN+xL0ZSa39+6P1rw==
bneQltTUR7I=
bneQltTUR7I=
bneQltTUR7I=
bneQltTUR7I=
bneQltTUR7I=
bneQltTUR7I=
nUPaO9xBurk=
Fch8SbWgi5Y=
ESerDn7LNPc=
mN+Fiyr3ka9Hj2RNj6ludg==
nBKEx0uye6qDOELg9xP2Qg==
x/JzrR192kztWLH/TG7hVg==
DX8RYLBf1UUgVPi5PVkS3A==
6oAXiMeAK3whwW122wma9w==
U1XAafUrX98=
hwDTPTxY/bcDD11r4BNgMw==
q3bNd3VLqDrKkw+UFOuoeA==
ou1zk2l+ngk=
chBXTZ5JEWw=
MxAUezifZILTZ3LiUfLxXg==
rm/Xkl+dNRg=
BUdEdcTM7wOAHB8E6nSU1g==
KmdFDd10Dv54CzPwO1YOCw==
KmdFDd10Dv54CzPwO1YOCw==
KmdFDd10Dv54CzPwO1YOCw==
KmdFDd10Dv54CzPwO1YOCw==
KmdFDd10Dv54CzPwO1YOCw==
KmdFDd10Dv6HTDiMfiHJ2IPZ/PSF/IUurht7Qb94FoI=
KmdFDd10Dv5AWOVQWZaCBA==
/iSIGlbL02k=
/iSIGlbL02k=
d2t3Bb3druNOKYVXA62fJQ==
d2t3Bb3druNOKYVXA62fJQ==
QULfU3vQ6XDGHXsfpxalm7anUmWywUao
oWSCFJvcQhKZHm9t96oC5Q==
4Z2UvBwk0GQ=
z/bwgjSHWqg=
/l7LtC2CMUS8ghIdMrRjGg==
3HOaGdVn2KE=
rH0UXww0mRQ=
NuAsbsbUOF8=
u9H+kEj2m84=
/RAXP/ICA2E=
itNKftkwlus=
Phle96xBTm4=
brdUPIVyY+4ybksBhlixyA==
wL8pIr/ydWo=
7mNbYQ5gMKgN/Hz1vyAdrA==
GOQLR0dcbYA=
S+BrxRHa/hRlUF3HD592gA==
8HJePI/P8lrb0mCDssL1+A==
UgJSepXH4xk=
eXQSN2yWkSc=
RhKJZOEeZHVmGVLxSNTqrw==
MO5hEt4Cx5k=
+Dq14KCjO1I=
+Dq14KCjO1I=
+Dq14KCjO1I=
UQKnEG/v2hM=
g5Jk5YpeU5P+nJUizT7wxA==
J18KkJ7WVa4iz+Rjr9x2Zw==
7xX7wz0wrhT8Et4TK/XQ2A==
3iKIHEbceOv/DTnvak8NkA==
jrHfIF7o/fAeaNLO7CaWKg==
jrHfIF7o/fAeaNLO7CaWKg==
vhmZBM5mSgs=
CFIPtrtXBUb669p1qxTvgA==
b8VK0IA55q/XOOSaK37Czg==
oD3m0uCweAg=
H+ex9RJAoaRQ7JZA64he5w==
0h5MCafrP+WMraAwI8ImKg==
MrgL4+rsRIU=
wz4UUuWqgcE=
eojrTKZheYI=
x3q1QufoZjYy1RBAxfyVgw==
GzBCjQSKd8dqNziyZsUJ7A==
/6eD/VQg5dQ=
cBM3wTRtPZSqhXNXUdfPzg==
IrE8NyZT+8w=
iLQlvaumv9CxxLMUXtu7oQ==
cIifE8UUY+s=
QNvUCvlOTZ0=
a5fXhEdZpdA=
KMEvrh5Jy/jnA+o/39FpFA+80XKg/a2n
MmNNm6bBg968T58gFNkgCg==
RCu3/5k4VO15lF7Atss8tw==
KVpG7aNA4vI=
Ohf1mJcNvG3Am0WdQBwAEQ==
Ohf1mJcNvG3Am0WdQBwAEQ==
tIW3a+oPK27fC1+01RntLQ==
tIW3a+oPK27fC1+01RntLQ==
tIW3a+oPK26rHBbEj80hbA==
ptFIweapKMkzh3TLTlUO3w==
ptFIweapKMkzh3TLTlUO3w==
ptFIweapKMkzh3TLTlUO3w==
ptFIweapKMkzh3TLTlUO3w==
ptFIweapKMlCYuh9W2Xfsg==
wr+hU6izTboINophr7x80A==
14d4x/a1zLY=
CW0Lr024ZY8=
Jez41pkagEg=
cIzWEBxIggg=
j5bQHZ50cWM=
UGm/zcYPA4/HoP+67loPyg==
KULbrngWa7kK822onUhoGQ==
uEPqpGppXl4=
YLKCXd2qrcXGptChb5nIPg==
idKpQ2ekorA=
qtlUlBVkYSnTdKZ86SAevw==
YBw2QdDOfuCh6XrQXvHodg==
u1CKsFL//gdkc7jGDVke/w==
F4uVppafsfCO7FNvMTHwfw==
F4uVppafsfDg3nXgkB2ztQ==
aP0PYfGC7I4=
3/Oj8rIlsoYbltmgPX1fag==
jJRIFJvzU4CDdobJEePzVA==
CaPpWakHwoM=
gS7Xv98XHxp+jmNsste+Ng==
gS7Xv98XHxp+jmNsste+Ng==
Bo8gZnTLiEexUDOju4vW4w==
Bo8gZnTLiEexUDOju4vW4w==
Bo8gZnTLiEe1HjjF7YwLUg==
X/RxWoqUICMJi1FgAG9fHw==
SfgVHChGpHW2uE8P9IjdUS009Cd494mR
L+1LzY7dGEv5Db+yuNjOSw==
zQPL7JPIVp4lNP61j280YA==
oX650SK7fK8=
AzbqaPch3vIjneDojkQRaA==
AzbqaPch3vIjneDojkQRaA==
AzbqaPch3vIjneDojkQRaA==
AzbqaPch3vIjneDojkQRaA==
AzbqaPch3vIjneDojkQRaA==
AzbqaPch3vIjneDojkQRaA==
AzbqaPch3vJsY9hcMWrp/A==
AzbqaPch3vIlhy/Q5dDLlAjtSaKK6iKv
AzbqaPch3vL46X/fFoCUq2eHD4rIrHIA
5owBvMHMCit5eqBQDGKtmQ==
5owBvMHMCit5eqBQDGKtmQ==
5owBvMHMCit5eqBQDGKtmQ==
5owBvMHMCit5eqBQDGKtmQ==
TDNSaYrtOpRMSYk62Edg3A==
Een+Azy7XiHAnVXfxDdFIA==
aQVIVJAXrmTg1Wmynkji6g==
cX5r+VzqJh0=
lIspyogpaLY=
ZSjgZGNPhfA=
uhCxwmSriqGp9QCnHbcg+Q==
F46XtzWmrzBQwy6BAw56wQ==
F46XtzWmrzBQwy6BAw56wQ==
QXY/6RiOuTPxSYYrRplLyQ==
QXY/6RiOuTPxSYYrRplLyQ==
QXY/6RiOuTPovEpU48AjAg==
QXY/6RiOuTM9KwNU+IyYcg==
QXY/6RiOuTM9KwNU+IyYcg==
ldMU3ku85jLYPoo6g4AxmA==
t/zT0SofwZnQjjL6z3nAPg==
S3uoCtFkeOc=
3L3e16vD70xh2EYyNRNpGw==
L3qZy8dh8+0=
Chn5hXfC7hQ=
WaeJbq88o+OSXvuC38dvnA==
AGAcLvg6M9I=
YEg31vUgcHUWYN3fFHLQxzF/KN8pb7uz
YEg31vUgcHWibtP/4rILkg==
YEg31vUgcHWCo6qZYdPeug==
YEg31vUgcHWCo6qZYdPeug==
//DltTDtGw4=
59D1fWclnDY=
0EjNdU40pbTZBuaMikhbnA==
MVzoRK7jrLU=
7llD8UQHXsItCdFmd4pUSw==
7llD8UQHXsItCdFmd4pUSw==
ZIiCMCWPacw=
ZIiCMCWPacw=
IfcHREzbwEYYrGwO5t9F3Q==
IfcHREzbwEYEQ0vm0RXSOQ==
ZrM9GUPTKQzKR/5+/nTh7Q==
ahdqEnFCYfxtCsxaMxLRSA==
g7RdqAapcLU=
p73n2AHACziEBtcUiqrLeg==
VK1TKY/CmaCgzDZjbCEVfQ==
kPtYd/oVXPXHlZ1iE3jYGw==
2gPZ/pLKSE0=
2gPZ/pLKSE0=
2gPZ/pLKSE0=
2gPZ/pLKSE0=
m0g/rsjJ65LtTx2km/hJyg==
TvqLVlBL4sc=
4kL0KUUL9Bk=
eS99BesYgjQ=
eS99BesYgjQ=
VZxwQTJqD9s=
RYzLcVj1fkkA/BwsLWumdQ==
RYzLcVj1fkkA/BwsLWumdQ==
RYzLcVj1fkkA/BwsLWumdQ==
oRD/pGwNqqM=
OGWNP/0A9xwVsGbJIqQBAg==
OGWNP/0A9xwVsGbJIqQBAg==
OGWNP/0A9xwVsGbJIqQBAg==
OGWNP/0A9xwVsGbJIqQBAg==
OGWNP/0A9xwVsGbJIqQBAg==
OGWNP/0A9xwVsGbJIqQBAg==
OGWNP/0A9xwAAiJkwjE5Yw==
OGWNP/0A9xxHoExSJuQjx95CXcCsIQCt
OGWNP/0A9xyWgBfiNwhsZyUeTxHkmzUz
OGWNP/0A9xzFlJ9I6Oevjg==
OGWNP/0A9xykhqLC3JYV8A==
OGWNP/0A9xx8FXnLz7WHWA==
OGWNP/0A9xzOw3qCcLJKjiEqwdmWq7hB
OGWNP/0A9xwzrm2YBLeReRsichliM5jr
OGWNP/0A9xy/Gi3HxAqBbg==
OGWNP/0A9xx5/MEh26oYnA==
OpijcMO/Qlw=
XH6AowbYiLuv8BgFg2AXFw==
TaQ1UexgBek=
Fiv0QGhNBqYR8TdugWOoAg==
aKU+bWSSVIZDeVyp+229Hg==
rSHXcruQE0s=
AAMPS7K+r+tE2sf4SN1HMA==
AAMPS7K+r+t7065iwRTWjw==
vteyKG2u6Y2Y7Zpj87KhNg==
6zQuPppYnfxPUddkqXgw/w==
0TE/lmIdGIM=
XD+c8V6FQbiWpMtsBjeswA==
2H2Dj2FC3ptDtHajRb+Iog==
2H2Dj2FC3ptDtHajRb+Iog==
WlEZ4Fi8Vewb3I7laaiGwQ==
zDvf/15tFU1wos9c5v/V0A==
zDvf/15tFU1wos9c5v/V0A==
zDvf/15tFU1wos9c5v/V0A==
zDvf/15tFU1wos9c5v/V0A==
zDvf/15tFU1wos9c5v/V0A==
zDvf/15tFU1wos9c5v/V0A==
r1wyZJtRdPI=
dKMBjE8AeLKrPBrmVNXZKa97HXdEAt9H
dKMBjE8AeLKOcRpmZcjSTg==
dKMBjE8AeLK0UyUlXtqCZZxveFfo48jJ
aZvShBeau5Tv6dQ4mSg/lw==
DJEX4pJ+L0M7xZFvhiv4Yg==
fyWAZnEO1y4=
/VJxtzD4QAzFJ0Bc1N40qw==
V5J0jkg25dQ=
C+7M4uDRN8Zet7tAAKpJ8w==
/TSeBSVtqqShWWeYAqYoHQ==
n/g58d4m4mc=
mOWtRJ2wOU0=
yR1b6w1ZmJYozU5z+5j7Qw==
yR1b6w1ZmJYozU5z+5j7Qw==
cNLNrh4RRVQ=
Q69cfJAkh3gw7WFGBXQm6hkNJzbPdz7p
Ch/e9gzeVbwalMNtj3Qnqw==
MXb4OsJi0fI=
Re2iFYtcpRQ=
eOWl2GSsqBU=
eOWl2GSsqBU=
P04IOABG6a0=
vQraJRbK0zg=
O5EryXVkA9QGGXWbRt9nRw==
/U6GuU6U4ZY=
/U6GuU6U4ZY=
LKA0ZtnP4wY=
0z2CtLsVP2Q=
DGuj0coLTgY=
zbdk6jGr8Vg=
g5OvJ0BVmK4=
oh6vKJziqi3RmjmMAQT83w==
9cWjYdDvMlA=
R5dqge+VJ8c=
ByBsFeELz1M=
DeGpDRHpE70=
Mqxg44NsP4d26M/YIthJDg==
T1QDTvfNjxI=
4bvmP2qp2Yg=
SBFrxWpf+1w=
3nGdet+eK8O3xa77kLlYug==
OhQgRHlpvn8=
OhQgRHlpvn8=
OhQgRHlpvn8=
O9BnLHBD6HfbLl5x6WFyOg==
1ybagXL61Wo=
u+eddn61XHI=
u+eddn61XHI=
8IOpP2psg+jVm/HJFb4J0w==
8IOpP2psg+go8SbyD5tTiq0olTxlluLS
3ATtXTGOzFg=
2CgztKGSJtfJEnDXkISiHA==
i4VD09NmePGK3/eSzwDVyQ==
i4VD09NmePGK3/eSzwDVyQ==
bXPYKrt+HHnwn9KvOPAK1w==
bXPYKrt+HHnwn9KvOPAK1w==
bXPYKrt+HHnwn9KvOPAK1w==
bXPYKrt+HHnwn9KvOPAK1w==
ZLkG9WlNE2k=
1K6mdVcZNIppXZmdmbO4rQ==
tUL+73ej0puCfV2VT17MIw==
Ed/qcXJQt1U=
Ed/qcXJQt1U=
Ed/qcXJQt1U=
Ghj6ZYrewbI=
Ghj6ZYrewbI=
29wy1+EJu+E=
25XMAjhbhuI=
/LmBITnhXxs=
/LmBITnhXxs=
SWuXHPmGGXE=
JnWWF0zk8pk=
HvePfRvx/bOHRchZp8oZ1w==
q6HzZYuQnPT+8t2O66RNL3R8JGP2EHP6
ue42F1iMDCSSNq74QRM57w==
RzESJzw52BM=
vlhpDYFpjTt2CEH/GIWzvA==
EXP3eK5GeJU=
pw8DUffhfLw=
OCJR0tOKmfc=
c8m9snlxH0s=
feWnb2XxVxZxNvXqAt4BVw==
nZEFZCdXAQo=
uPmM0hdL54E=
DIs49lpE9bKr3gjppNCpTg==
ZUMHjliuUiXAbnVWeb9oeQ==
46nzPmL4C0LiZHrkXUXo1Q==
gXbfxaGUVVE=
R15+al/amd0=
8H2UOArjGKY=
GUYWvUxDGCQV3KLK/TlYAw==
8jfPiE4Wy1Y=
o7733smGyMo=
gsd6z3T82eywSaKxSfICpA==
IAYGzi4/A1M=
rpuoZ0kgOzmtz60CvOlauw==
Ck89ORyZOjlrPnt7Ryka/Q==
mkjG42CggLGWnWT0QLHasQ==
82UfjOnFwQk=
Zxp/37PrP0C+xm5rPsK+zA==
5LMVX3+Bv9U6iZHCPKlNnw==
7tsOqyz1NAQ3kmxVisZo4Q==
wZZHOT2IWm3rN/WstVwblw==
ipo4xXhm1yLSfPJaWHyGag==
ipo4xXhm1yIshd98I22thg==
ipo4xXhm1yIshd98I22thg==
MdLaitU4GIM9+8IT3dMgpA==
69EFQIPbyXBRwZR4wFiNUw==
RS6eUc+crTCrwViOlAFtRw==
CMQwjo4ThIY=
Pzm0WfY+qDM=
PCm6qYOZmaU=
W2URdDGUCeI=
qc8bTaVR8vc=
qc8bTaVR8vc=
mfwIgXZfUSo=
dq8fy7Df7vc=
4F7jn1zKkfStXXQRuwfhxw==
etJ/xGtZXpQ=
B+8OtRA/FYhSKdXO8C8ibQ==
0xb1P4gqvDA=
Xv0aO8a8WlE=
RlpkmuTErpG/FOjuJpZBtg==
q2eLU9HTEDyubTeIMC7NSg==
2J7UZkBa8eAosYCL9aHtvg==
JctFthfJHNFanhJ5XQRDGg==
zqxk7ERDBAdhkRVcJ3DlMA==
KQlGlvJIdfJPb6LMwJChtQ==
R+C5OEuSznc=
NcXFNYhm16CijDDv0bM0kw==
1aMpsBGcmo0=
dIgHOQu5SIfS+uU0EcHsqw==
sYOROIIf2MhHAWYyt+p6Yw==
UYc4lfUikBg=
/HPPtRyMFVk=
/HPPtRyMFVk=
Qc42JWfC+MvXZYYUPxErZg==
h0SasNwqMUU=
LzJFDWOfAGaM4j0WjpD9DdoCIlM3L7RA
LzJFDWOfAGZ2bsXj2mN+4hVQUcN5+a0S
2ogOBiAiJwZAYwiCa3WBxA==
Jnlr9jtGCMY=
qYYn5N/3D3k=
eA1LqI8iIUNudQ197ACIdg==
6eG2anDe7ok=
vHutCBAuV/HZ7O9GaXSj5wjT7Ydv0Zya
+40UO9dgoB0=
YlXG7bP6eaoZotSUI4ezTg==
YlXG7bP6eaoBVNmhmlOQQw==
Je3pRJDllm0=
pGaZ7v2M3YHzcUbR03NOrw==
rDVheSNeiI0=
oTvmwASIBdc=
GEoZXFPkve7Y7xpYTwQatg==
aHYZ2D0x3fdwyZ0eeDcg3A==
aHYZ2D0x3fdwyZ0eeDcg3A==
+pFoDkyBuZSHHBKukHrOWg==
DKe+gMzW9rxAh9orFq49PQ==
DKe+gMzW9rxAh9orFq49PQ==
DKe+gMzW9rzvmRsXaT0yQHJ0L523Yx4r
AtvW93non20=
8WQscobOjeE=
icguuq3Up8E=
lEnL1/Xn7Ean8bmUVQdBkA==
kNN7cVKDStg=
q+NEeGvRnHO1pEDH+OSIhg==
VmWF8qDmEJ1WHNMKECcnCQ==
VmWF8qDmEJ1WHNMKECcnCQ==
VmWF8qDmEJ1WHNMKECcnCQ==
BUAWVaX5P5oO4NJ1djjicg==
BUAWVaX5P5oO4NJ1djjicg==
iXr9kUsoaqrqqquwmJ00zw==
7rSKI+PbBETPWakfoTCOCA==
4dumWGu76eCHnyPTGCx0Rg==
arcqBbmogVh434MgNNXHUn30YGH4qH/e
4b2zMfEm3hWBpvxRamCQaw==
4b2zMfEm3hU+cb+MqqfSzg==
4b2zMfEm3hU+cb+MqqfSzg==
4b2zMfEm3hU+cb+MqqfSzg==
4b2zMfEm3hU+cb+MqqfSzg==
4b2zMfEm3hU+cb+MqqfSzg==
4b2zMfEm3hU+cb+MqqfSzg==
4b2zMfEm3hU+cb+MqqfSzg==
4b2zMfEm3hU+cb+MqqfSzg==
6VaMaTnCrSQ=
IU/Qhhg6E9w=
8GguhzPgjb8ADMnTFfifSg==
Feydl2dIEG8nofbhzui/PA==
Feydl2dIEG8nofbhzui/PA==
WpM+/VY8Vgc=
VV+ClJH81fw3ZJ6DTtIk5Q==
SauuCTzbg9Q=
Y/Hrsy+lUMo=
pizJ22qlnUc=
EYg+w++X0XB3jT7+4A/6LA==
00l+mWiVCC3b3tGgpJ28Uw==
mfaKXBxpIs8=
xcMhDsDeRI3DU7qKVzvLWw==
VEhJdVGgD2c=
xus9dJcyrbGK5uNIsIYVBQ==
PIFaKCEPAwdTb4bMpdWreQ==
ydUoBwT7lUw=
mF1WNznQJhjTFWQ5Gt05qw==
bpAeJCOLAmI=
Xn29QzQXRWw=
3Zqvo53++sVa23HV8mT9gg==
HyY/J6y0oSg=
FxAZMt8gks3y9vrtQRp6jw==
UqvllhxRJfVtUNmFhn6RtA==
2iBFCc/rMuG8ZCbD+DYlqQ==
JBd2IE0Pbw+Qo1tGp7UfDw==
DZKtnFj+qmRdaDH2rbox0Q==
aqjs4fZl6RU=
s836A5PONgQ=
wKcC0JoHttc=
ZC81c9Lbqzw=
LETQHOEi+v2tHTDSzJ75ow==
X+VOSXSClbA=
NTlfDzHVIFo=
NTlfDzHVIFo=
p6kGZvNSveCakB4rhO7XYA==
ciPZsLBZKlPZ1lBFhiBJqQ==
N0RE31x3GV0I5htEUdS5Pg==
fR2gFGaYiSjA3WLctZCbnQ==
//HCLb35v3OKP+FdTyaYDg==
gPbzmhb1HK34FGz1ogGD6g==
f7KyVnNwMYw=
S+NJNwBcXXGoCVTvv7SIhg==
xTh6ADbRVlA=
21HQ8iM16oeSXc3m91cfHA==
ZEK0hJ5GWcTX1s1PbhkIuQ==
MY5Km6kdXAE=
qNQAllsfpU8=
oL/s2T9m7VqUxtRcmDHFXw==
0hCW0lUnDcc=
0hCW0lUnDcc=
hsS+IFaSWyc=
hsS+IFaSWyc=
nmAIX8q5tx0=
cV16oSlqKpFY+yDdGACtWjptuJfYoMTe
SW0gEwtGC/Y=
eWT8v+GRuYFkEunRUEEgcw==
eWT8v+GRuYFL8ShbyKmM/g==
yvVYLEGqV64=
04TehVF1eygNue4kRDIq0Q==
PK0rqkxDU/U=
jKbLj8f4unE=
jKbLj8f4unE=
hVmOo1WbBL8=
hVmOo1WbBL8=
qihF9DuyO0c=
cOLjY5fmJwM=
aHm6t5KFJpY=
E/xV/WYBng6UukordaWKPg==
AxDyMGy0SXmKu8MHIfhDfw==
hJIsbxWhr4rY+gfVgvs3aw==
hJIsbxWhr4pEns9HExhAZA==
hJIsbxWhr4pEns9HExhAZA==
ina6Z16mtGwiAkcTuSqtWw==
y+yMMLzmKq2gn8ZESM33sQ==
RRHheGO/9IjAcPLInWfuOA==
55M0iXANHMiuD1H43i+5Yg==
wdPBlbE3jxiaD8W6TGVXGA==
ytJM7CyCUfYlXR0966cbuQ==
QdqUoWo6wporjeTXhujQHQ==
mzVXTwb8rm5Un50nBVQweZ4H50isAYTi
6uvtmlg1bSjX3BTytbZtUw==
6uvtmlg1bSjX3BTytbZtUw==
6uvtmlg1bSjX3BTytbZtUw==
6uvtmlg1bSjX3BTytbZtUw==
RihEk/ig/OE+Vus0EXyxXw==
1zkJnzByvt0mAX+sNW5LHw==
fuaywfMCinXbClk04180UQ==
AOxzyyxG2xobL8zGeqyGlw==
tnZ/FB9C+ufoHievWLBbZA==
Rd8m02Mz2wzmt+pnmYh1kQ==
OkpuXZayyRA=
fzqUZEvZym0=
4FxC81X+L9Q=
zQGTE2aB8r0abevOp+VKMw==
UpFqfP/iC24=
CoSG5tQi7CzoJ8UIrVMXaA==
eLDpTdZY8aUCA719McNN7BFysSr+0Je/
Bp0SENzsap3qo9LHdjqwAw==
JwGEis4pYBc=
FnBmx4D6ncg6r6dGF/d3mw==
FnBmx4D6ncg6r6dGF/d3mw==
FnBmx4D6ncg6r6dGF/d3mw==
FnBmx4D6ncg6r6dGF/d3mw==
FnBmx4D6ncikfdCNxP0jDQ==
FnBmx4D6nchRLyHCm6zX6A==
FnBmx4D6nchRLyHCm6zX6A==
S2+Vx7fz0M9nQ2vzMRr7Hw==
HcndOaYglh6jzCA+PoqmCw==
GzXNcQMfweVkIAa7tzH8nQ==
GzXNcQMfweVkIAa7tzH8nQ==
GzXNcQMfweVkIAa7tzH8nQ==
GzXNcQMfweVkIAa7tzH8nQ==
GzXNcQMfweVkIAa7tzH8nQ==
GzXNcQMfweVkIAa7tzH8nQ==
GzXNcQMfweVkIAa7tzH8nQ==
GzXNcQMfweXQiW6UToO3g0tdBi9t7h3g
Tjx59D/iGZ0=
Qt6q/2f1atoLKQX0rw0HJA==
A8OVSq3FKvVIhOwMbvP0ng==
2phgSlsmfBIEHoEG3665yA==
WI4N01bJBrOTdNL1JMZ/Lw==
SeTuMcTifwk=
Lsp4DOcJ1A0uoL9EteWVqA==
4o5lhz08lP0=
48HEEAbUN88=
ZVeDJj9+SRpXE8kWIZYSDQ==
vLHtc1bEQlxViQdi+1egJA==
wRNeaKuWJVM=
Y9AUy4O69lY=
w6qZl/a7HqU=
tyqQhzHql8Lr7zspd6JQKQ==
/THMURBplWtFdhVlkDgqFA==
/THMURBplWvsvEJa9U8Iww==
/THMURBplWvsvEJa9U8Iww==
37FHesrkRqSAWUGvtoppNw==
lYRXLzLm+zCOOyg09tm44g==
bKpBAXIwKlzzBM7Wq4fF1Q==
e0cxXPGXUvEQdup6iMB8jQ==
iH3e9vQYxDU=
c8YFC278Ato=
lqBD23c5t+6MHf4xc3oqzg==
uw7giZlB9H6Ld6lPegN53w==
Uiv3uw7NqXxBxjnnRRfnZorbpQ4aC0pP
Uiv3uw7NqXz7WCy3g3qdNftudOon6Ryj
qB+UvtyHi1k=
wsF397zpBHU=
ILjVpxNYJeV+S4dEslNKiw==
nzD6MmZtlc8=
fTSIBBWWFRDbfLxLopwukQ==
F2PqrnOE+1rGgX9Leko7+w==
6jnfyJR+i1Pc0thZJUp0Qg==
6rqjKmNAjUM=
5nx1ACrGutIwil+WK4wCxg==
5B45SUn2LywUSq2ME+aGNA==
5B45SUn2Lyxu67eroqvzoQ==
VELxmjcCy3bzXJwqGF0eFw==
VELxmjcCy3bzXJwqGF0eFw==
UMuiFjoUyYR8+VxwYYOffA==
eXwXIciE9DjwAbvJgk5SUg==
zYmSJl/5haU=
bsPrbi41Vck=
bsPrbi41Vck=
QmESLOAresRKE2Eo3bH3uZPyHITYhJTh
w2ymLEJpPu9eFCd2JUveAg==
ml2Fu4nG+o05cgueT3eDCA==
ml2Fu4nG+o05cgueT3eDCA==
AZnSapEG05o=
9ZjXlgpPoCJh1Mq+AlAfRdUfTtyg4VLy
ohfYHiaw4gs=
FW9uxWkAEYI=
cs07JpTi0yTu1qC50NdvMg==
/OEwfcAp9y3TRIDtFomk0w==
dyJRvFBgmLY=
3Jf24EZazyQ=
oUQjv9AYR5siW1lu6kdJcg==
KqwRVrkrghM=
U+8iRGOkra1JpBe8uCkcNQ==
7r9OKp10OLU=
ua+htBXIRN0=
eAnq41kaCFg=
pTYknwfj7eA=
2bYwETupxN4=
QeTrCME6QXA3vl+9CLuAUw==
i6Z+09EyAJI5h+FAWGIBJw==
aRbU1+hvq++v6hPeFfTZCA==
ADyP/18rnx+xSTmac1vxKQ==
bsSnidt+RZupQfAFfOR4GQ==
HHnJ7Velint6Dr6aXMLq6g==
wVEHMtjfTpU=
WmEOjm7Avah4wyUxclpjkA==
pV8DcbwC9VnD0jDmK5GYCg==
77yQdVBHmdwt05xrxMuuTg==
lxPh4W1/CqbrtQGxycSr8A==
lxPh4W1/CqbrtQGxycSr8A==
lxPh4W1/CqbrtQGxycSr8A==
lxPh4W1/CqbrtQGxycSr8A==
lxPh4W1/CqbrtQGxycSr8A==
lxPh4W1/CqbrtQGxycSr8A==
lxPh4W1/CqbrtQGxycSr8A==
lxPh4W1/CqY2SWoN2gVlJw==
lxPh4W1/Cqa6p4haWUf1CQ==
lxPh4W1/Cqa6p4haWUf1CQ==
LaiqjnwtGXM=
4vcSS7XJK18=
FFPnaEyg4z0=
X2uHsdSbcX4=
DrWTEXTfaUg1LGsRl2uD2Q==
lWwYR2mx3lATGujsjfA1BQ==
f+UC7NP6cLI=
da0fYfjcFYo=
s7ea6QoPns3Dq92Db7ztvA==
iqLRvoGIM9C9V9qzJ5F1gw==
+0o0hzPYqoQ=
5zKYqfGcuF4=
EYjiKF3bEvg=
VQIHXQ3VJWsfe8WX9LkY6Q==
VQIHXQ3VJWsfe8WX9LkY6Q==
ltt343F9jb8=
KCSYirQCd3cq0m8BZwYVeWnHLtJt74yb
AgQIvxhAKnSJ7Xj6gE3cimoj3qRtS/YO
42UuVWCQTIYXkEZIMEJKJA==
n5dlthIDH59K5O8HRI37sw==
bGAQHCRJbLc=
EP9G3dLgL5FJQFRsL3KKYQ==
MelmBPKH0jWVSAr7Q1CPgw==
LDi2VtFquDAts3VESEu5Ag==
14bmp1wdw9NKHqURCionrw==
14bmp1wdw9NKHqURCionrw==
euhDnOOjpD0aajvFZV5EoA==
XbfVZUDtuwjZOagWTPqjFA==
tcYzb6rDh2QJ4N3OXFvxKw==
QSOs02/m5/5QLGCBo0qjyQ==
Vjxj1M4odwODw6bsy+0log==
F4LxGOaY7ScE8whe6VWbdA==
heGJXqcApQmsLb+Y9TtlQg==
USMHzbFZ4/4=
NvROIFnJ8912XXXjXp7EtQ==
pT/BbYBK4KHFwIQ4eoWf9g==
pm+gQ09/t94=
I5vDHA/gBhA6T73aZ96aYA==
ZUFu0L6IJ+o=
mjRAe6yEeuYdJ25c/3ohvQ==
FQfG1r8KGCo=
ORO4unvOouU=
ORO4unvOouU=
AJD0UIMIx/Q=
R0i8Arb87Cw=
1MDg+9Mv8MdboKE97mIvTg==
E96aSodOQETBVPkr3BAf/A==
DJmrh/4924oIVpoclHBJEA==
ICtsPD8sBRw=
nk3y373ZrPGxKp2vyrsisQ==
JjMziaD2WGg=
VpNXR8CNVhc=
vG/oe4CQWRA=
PERXov/5E6M=
lyYgAxyyVF9jbgiq3QWJFQ==
d0TASYoH9dFKsYpgRX+tcA==
X6iT1y10nSZU6xgVonLoRg==
X6iT1y10nSZU6xgVonLoRg==
X6iT1y10nSZU6xgVonLoRg==
X6iT1y10nSZU6xgVonLoRg==
XRm9XAQnxbs=
eG6fMH0EJio=
c2qS9pbNZEmjhNZxNNn0Tg==
7/BrIYdi6cEmuvG99hHbrw==
TlX0/Che1l4=
r3PUpNGW5MQ=
OAds5E3pU1g=
os0GbCjNWJJ9Dp7ffbuSqg==
yZZEfpqzPNtHmKidDZIL8w==
jBlNEyNhp8hY2N+7dgM2Bg==
Gt2koHAGNCATEhX6kLGqLA==
yh9WOd2/e6Q=
Wou8aG0g9IA=
nVFALbWDYJ5CZ0gGGD40erruiEXkNSq4
nVFALbWDYJ65LfNGtwBPLNu3s8hR6Ws+
m1TAXzwC62k=
5jtaZ2mmQmQ=
gllPuc1YCtQ=
MoXofOg8KcYyuOxA69ZTfQ==
3ao/FquQ0tgHnBW9TbEUng==
s7Lur8byJoI=
n++3sbWY2pM=
Ny7+kiKk4nsb5ocenvKK1g==
4eHsrc8X8BI=
GsPXQHc1NAE=
GsPXQHc1NAE=
pe+apY8WCpM=
pe+apY8WCpM=
BXJgHvcJa+4=
BXJgHvcJa+4=
BXJgHvcJa+4=
BXJgHvcJa+4=
BXJgHvcJa+4=
BXJgHvcJa+4=
BXJgHvcJa+4=
PTKH8+6IBa4Fmy2ffjEO/A==
JlPPB4FKeprvYBsb8c/A0w==
1kPbHB+tx9bUvmzie+MilA==
TZp18AnsmuqPu7h01mx1ig==
qCyo7g4/4vbFd0Gep+qHMw==
PFkvoAvLGXK7KboF4WAWjg==
VECJar9y7GxFgiPJefcYig==
u58o490p3v2lf30fvk49Dw==
3magx5p7NDI=
uC9AQV1xRicgC0pg9rIbHQ==
0e664O0YGtQ=
lNl/r7wt95Ya3sBk1Hz5WA==
mLAPRVYA+O2T1NpeQRRBNQ==
jbw5vxvcDAMDFzkDAOEIDQ==
Jrssz5S1itE=
5tjXeVQCUz4=
FGhq2HqCbAB6WrrZqZtwHQ==
KJJRF0DtP5qf4ErKxXTtZA==
ysbijm/6dLxWTvB2aI6OnQ==
ysbijm/6dLxJSJRpwodq0w==
OXmYKVAYXZR9wSRbNHH2XQ==
vSWlpuMRqwuXResuq1afMw==
klWLI6wlS/vQK7nKqLDxzw==
klWLI6wlS/vQK7nKqLDxzw==
XBagy//DDVehQJQ66wY4Sg==
XBagy//DDVehQJQ66wY4Sg==
XBagy//DDVehQJQ66wY4Sg==
XBagy//DDVehQJQ66wY4Sg==
XBagy//DDVehQJQ66wY4Sg==
XBagy//DDVehQJQ66wY4Sg==
XBagy//DDVcURXykSSKGBg==
XBagy//DDVfTY+8qW4ETD5N6ED50Ub8u
XBagy//DDVea7bDgPSqLVg==
XBagy//DDVe7RHGjjp6lzw==
NcHWOsVZ6zRTPkqu628mVw==
Qrgf3MA3D4U=
LORzegovTXk5jzPu/7zDtw==
4zeW/LzMQFa33nAfv8LSW9mBoMkL7Xzi
jSTi9n7/nl6amaewwhkQ+A==
bhbljk7MW4I=
G4T+Y8/B4md1+TPO4mzehA==
lpdI/IBI0dc=
tgPcYJupn1s=
tgPcYJupn1s=
ba/MhCGe0eU=
YadzdEv5TqycwG87kbDFtg==
tQQhlcv+Dj8=
iLYxxGtz+3M=
Cceb3glpUdc=
FkdbGgy/gnE=
E8Ujr7MTHmZJSGNe+FwaoQ==
h46lxCRJyt8=
gwDGdeozhPRbNPjGTvGv9A==
i97ux0WEhIkfC3C03mx5/g==
sLLWUZNwNU0jm394BFFngA==
9N7GHvqk0P0TVzxBPRraiQ==
9N7GHvqk0P19mebdVt7QUQ==
9N7GHvqk0P3HmDounFnPwQ==
Qs+cBAI2zoc=
+OlX7+ZSaG0=
+OlX7+ZSaG0=
LFKYLtP7cnrmaQSQpPlw4A==
yOQ9WZKy3Y/+Y2uzDbabpQ==
W+FLRvRfVpdzN35A0dYiuQ==
gUze1fiE2ew=
gUze1fiE2ew=
gUze1fiE2ew=
E6xBqlg9v6huI1ic2/V6Eg==
E6xBqlg9v6huI1ic2/V6Eg==
E6xBqlg9v6huI1ic2/V6Eg==
E6xBqlg9v6huI1ic2/V6Eg==
E6xBqlg9v6i5ErjKXB0+TQ==
czZ4Oh7rApxyUzPYBv+MgQ==
hg9TEzNcCX0=
KtlJmu32Qj5bqVM7V+/Rcw==
nx3YxXpcGg8=
h5wgCRtWtmD3L03r3zrmog==
Dg5iDcUxVQE=
GBrvbAH2DxXTx7VORkg6lQ==
thbXbJiJAUuc5pWwks6Jyw==
F5jrlKAcnPxjQw093oDX0A==
rL2CNK6vuft6rnoIfmH4CId27XoF6J60
fEr2x5PGjV27gVxFP15/Jg==
kSJakeVSzS0=
gS0wAChjVrc=
addBc9cZK7gnNzrKYihWcg==
addBc9cZK7h4CcVMcGCLjg==
cQjtq2FagFAU3rET1hwFng==
5dRq/KL2LNU5yJEMJwPo8w==
Rh4jdx8H6gxBx1D3zYQ5Ig==
bCcc46zTZjw=
A9s1FR2Jr+JOAGr92SuRfg==
nQM957/AXNpy6EIFwnA6ng==
yUu+8fAkcsHdRUYieaY3hw==
N6HnUJovWOw=
ZcN1RFFzgkzUV3YjMNrLSg==
4ptKxoq0hO0/6yc9+XkSTA==
q92kdfRrdaAccMC7GBseag==
nV0IQMANrzbAbEjVhl3MyA==
/ypBa7ceB22ptEhBWxOR+w==
KVIHUPthw6g=
dqBSQ3oVEHw=
dqBSQ3oVEHw=
dqBSQ3oVEHw=
dqBSQ3oVEHw=
dqBSQ3oVEHw=
dqBSQ3oVEHw=
Y2xmjZJ+AToMGXszRzl77Q==
Y2xmjZJ+ATrxw/WnGAkpkw==
HRrqqiZ8MEo=
nzjbLM0M68hlxYncK8Hh7w==
Ds4GDoPqok5LWB5Cyvcrqw==
0ZN3gyQX/mUj2U8o0XjQVQ==
tEk707SJpCKIYOoImKsqeA==
XLgNAb3u0V5NWAFd8hJAwA==
zAtqMo6uWWVJY/TbvjhqOw==
zAtqMo6uWWVJY/TbvjhqOw==
zAtqMo6uWWVJY/TbvjhqOw==
zAtqMo6uWWVJY/TbvjhqOw==
zAtqMo6uWWVJY/TbvjhqOw==
zAtqMo6uWWVJY/TbvjhqOw==
zAtqMo6uWWXCvwcwmOJnoQ==
zAtqMo6uWWXCvwcwmOJnoQ==
15jtvs0D8a8=
v2iKtH2PUyMmhSlBJ0Oznw==
v2iKtH2PUyMNJqWLsL2A9g==
hiip8i6nAPDFD/76+k65GA==
kFU1y6eLJOLbd2YXBovfkA==
0A2nB6Ii630=
0A2nB6Ii630=
Ox5ho7BFEuE=
jTdk6bu7bpmOKS992pZ0Iw==
fuOdrIizGxs=
G956XiJfVLOtgVqvN1KZ3g==
iMEgBtBOQZs=
bXxEF6Lbl4IYOLVzUPGgvQ==
Jtm9dWAZBGYt/D8BeFqIbaWiPU5aGJqB
VxTXNha/DC0=
VxTXNha/DC0=
GefwtTqbDO4eZguwaO1VbcA4ljZP5Apv
UrZ2f3Qkd8+OJOsn0oTVrw==
pakrRWB5b/1JFhDDYbvIcQ==
lnlf72jx/9qJjRkbchkFBg==
Mog1Nck5k9/CCe+mrxLumJJ6bCOlqtwN
Mog1Nck5k99K3V+/3kLznQ==
i3FF93reAvw=
DnxkXQxKVR2bc7ET9IGeQA==
9NERmLofmoQ=
+JrcniLuiTPnHpVMyaI6iQ==
XT/adUsTkGShgKrkKnpUMA==
YinTcvwR0pQ=
QrWNiWlV3O0=
WD/LfeoguQ0=
H31wTr6EvBzj3ooqOYm0UA==
JEDzf5LKChk=
JEDzf5LKChk=
JEDzf5LKChk=
JEDzf5LKChk=
JEDzf5LKChk=
JEDzf5LKChk=
PH38XtIgv8IXB/gapr/vFA==
PH38XtIgv8JMqtshW5+f2A==
qoCUAz+al2MHNhGNuMT1pQ==
YLzvtbTXdKE1GNOIJRRZIQ==
169R9YF8Uzw6iHm1LhsajA==
cE1EZy4CXKSSYQQ1Ss7Fwg==
t8DNjvrbNa6uH4h9qSCuLA==
t8DNjvrbNa7EZqQgoN6EYA==
qvyYjUrsYiHlj4Y1XesF4w==
7a1bgz1Dt6pgVwPSg5UGYQ==
wBY2Qxas5+Yl/D1P7ALDAQ==
enjn+d7AoxM=
enjn+d7AoxM=
enjn+d7AoxM=
ewJHCctLZdKVltMxn3dKQQ==
LoEmKs2YA04=
LoEmKs2YA04=
LoEmKs2YA04=
LoEmKs2YA04=
kixrr22fHU4=
DR3Q+ZwxzEA=
hbfToESnqRk=
sThRCKxZtoE=
AzIxpoQzusQPjdhLshhVhA==
rnc03f9oQkTRMZB0JEDhag==
p0nES+r0i4Y=
AQHxABjb3WjRRmFsYnTiLQ==
S/nC3Xyzh/EZ8826un7iKg615Cz6ov73
86bzhlWbBF5NTJ6J/69A7A==
4v6fGBbHTgM=
4v6fGBbHTgM=
4v6fGBbHTgM=
4v6fGBbHTgM=
vmCOCzv4cD8ZPXTWgroLzw==
vmCOCzv4cD/P/4uZ6ywh6Q==
0HaphiKX47fp212aIG85GQ==
rI5aQ+vUkE8T7P7JYpbsZw==
rI5aQ+vUkE/EIRqgag/qSQ==
YaPDdBc9uime92/7UlbomQ==
N6w2eKG5nWPmBjsioYG3bw==
UuS2xIXuQzJpvTxZWNtunQ==
89tbCHeI9a0=
l9PHcfdZnf/2MlAYhTz27w==
d5NNXuU789zt7xs0nm/gGg==
bJnUO+qlA53efA6+3K+6Hg==
CS96/HTAXiL+fG1uQJ9InA==
9K3E2LCZLILGL6zBrt0Jzw==
9K3E2LCZLILGL6zBrt0Jzw==
9K3E2LCZLIJI7Hv7gg9pCg==
PIN+J4FyDeNWdoGvE10M0g==
RcxEeHvLfpk=
p1pOc5FSajxil1CQrUKDRg==
iae6QC0wlBs=
iae6QC0wlBs=
iae6QC0wlBs=
8oJb5h7QJc4=
8oJb5h7QJc4=
vkut0YOu0sY=
HbIak0w5cBNfLb2/Zohn2w==
81ywcCM0GqORz6taLYgJDg==
JFzOc5uEsevEeFzbFcaJgQ==
JFzOc5uEsevEeFzbFcaJgQ==
H1adXeG1Dno=
NtjdCLwle8K86SCqz9fh1w==
Zq9vvDempAw5ZPf5l5Mc9Q==
NJESmQAUjPJN3qtqU08kaw==
lpiDywuOk9A=
AHwzssxCis0N1J2+VdfxHg==
b69xntHqluVBdI7/2o0YM3GK3f4PUJoX
frQ0tttJj+s=
/Frx9IJZr+Wwa4qwfIR4VQ==
L9cUbOkvlaE=
Y+ArBLTmhiDv2q5Mh2YekQ==
SIE2eI8we74=
BI18eKnIecEOOgph28WOug==
PNkBJX0FRT1gcOD0pq2xRA==
CyJu9U1FfnJN888xhiflmQ==
5CMsXx7QQbiZqPTeMLyiWA==
5CMsXx7QQbiimGTtGMw+DjqgvMHY+WXg
t51uP0gbOdA=
JKjStrKuyB4=
u5gXf7sJHF+lItp/U9TmBg==
5iOkhxaj3q4=
idWeViY2chHn8TBhZs/hmQ==
M0Fhg8fzNwvmEmx3E+T0VA==
OmkLmkk4ZdA=
wr6cI1A7ysX8DczhHdrw2Q==
wr6cI1A7ysVofSSjq/bmBA==
t6AVdUwMzyo=
t6AVdUwMzyo=
4z2eEonHIgA=
DTkuQ7b/cmA=
aPRNJ+z6xby6R871NYsjkA==
aPRNJ+z6xby6R871NYsjkA==
aPRNJ+z6xby6R871NYsjkA==
aPRNJ+z6xby6R871NYsjkA==
aPRNJ+z6xby6R871NYsjkA==
aPRNJ+z6xby6R871NYsjkA==
aPRNJ+z6xby6R871NYsjkA==
aPRNJ+z6xby6R871NYsjkA==
CUADp4qlww1Lm4jErkufIw==
GszXkfPV96D1z8kuemG/eg==
RLAQKLiQgZzrE1g8U+m20A==
0uLFo3rlHNIqNjp0mySkKA==
Z+h0L2WtSEBpmE9ocl+/7g==
Z+h0L2WtSEBpmE9ocl+/7g==
Z+h0L2WtSEBpmE9ocl+/7g==
CdbR/Dj3j5w=
X+mXkIzJFy4Rl71bd9h3ow==
hrvcjl2tNfc=
EXY3bgi6gTw=
uRvKRw6c8tceRRMwqhtwTATENty1+Lzc
wEOaVjp11FTtGA1v1a1K3Q==
+mcPSHrE4Fs=
dKQhXyjEiZHov/K3RSOAxQ==
dKQhXyjEiZHov/K3RSOAxQ==
dKQhXyjEiZHov/K3RSOAxQ==
dKQhXyjEiZHov/K3RSOAxQ==
dKQhXyjEiZHov/K3RSOAxQ==
dKQhXyjEiZFUtD3/Qzp8Kw==
dKQhXyjEiZEyura6pw4UDr1aPqJRzACp
dKQhXyjEiZEs6Uv5EG042nL33YCsCpBX
dKQhXyjEiZHvN5Ecbbf5oA==
dKQhXyjEiZHvN5Ecbbf5oA==
r9WFLJXHF8o=
r9WFLJXHF8o=
FADl64UcKLI=
aXXR5/y6Kyx3ihsdYOWTYA==
nepCAFjHNZ5L2jl2TiFujg==
nepCAFjHNZ5L2jl2TiFujg==
GXkgCea3gO4GqcRioB1Pog==
Ib5T7zXpfQhfHmNncuoFFw==
nwd3FvmSwJgQ4ntLfo0EBw==
Lf9mP8W2JA0=
2ERuUPaddOI=
OTz+ZWB5ojQ=
hcgVVnLDag1dQCpcknEZnQ==
oEsolTGalEk=
z9dWIKP1xzw=
V8bF7hyY2jo=
H1oCgJSj9w0=
kTpZiK12YnNY+LvE9RC6nw==
wTp6/yGOdws=
6xGoiY5Pd5E=
qpyoTMER/gWMVQ3yeC84cw==
Peuusz/Cv4E=
7PXRSOPvLog=
tO/Fh3+wlOQ=
hO7jndXpzg4=
e33vylC9thQ=
QAac1pNMDspO55+BSOslPw==
bdUlTUkwnmM=
9akDOb/pj9JzYhMe3w4JNA==
OkKTs0+H6wM=
ZtTyYgg8RAU=
9d6X+8onHfsQ/nH31awGuA==
JoJT7Vcnq4HFFKpdBx/cqQ==
XyCcR/AD21Q=
lp4doGzPXA774H4+4vrsdg==
2WTTfno8RYP3pneSaYD87Q==
/vmItoR+TQo=
HEUANLfGT90=
82ik2syoHMmTtODThWbgRA==
zwjkdKSEb1nV+rgHVr+8mw==
7kb0Dqg7pz+17ZrrUR7L/g==
GjgGXjYRsmE=
mRIo86JJO5w=
4ZhZ7aG7DEo=
Jf2dLFW3RCCCl+ZrJpP+iQ==
Jf2dLFW3RCDBDyZU+VOcOg==
vcEcEBbIb5M=
j1zirw8zlpzVPQ8E38jdIw==
PNmV2aip7qYJydWDUv0cWw==
M73lF1/wpH8=
64FPJqBC6k3+xSDNCoa1Ug==
TBvo2kGiRts=
TBvo2kGiRts=
TBvo2kGiRts=
TBvo2kGiRts=
lxrIm0pBro7qTrWHhJCZbA==
y9Ui+6n+9g7pKc9H5dfUHg==
Oun+XQLENXA=
QpmL/nopIqo=
hbVFK3vNiUAKuR504fDwZw==
YgYj+Df7cAmbvcnYqUv+oA==
Yjmo3B/xQms=
Yjmo3B/xQms=
Yjmo3B/xQms=
Yjmo3B/xQms=
J3PxrHfwvBE=
dK78BLy/wA3+sEcErtnX6Q==
xhyAWPgt3KrYVU4pLuCQdA==
VArLkL9rp/s=
VArLkL9rp/s=
Z49KgPXSLl3OHsOuJ2X5HQ==
AojOgo0iGC0=
XIP65iaxsQ/Sum3PQsX+dA==
e6fNmA9oQWg=
Xhpinh//F4MVdcPS1hrEBg==
Xhpinh//F4M+5GE9Uo/hmPLGc1v9Pe0m
Xhpinh//F4MtHjM2UY0CNQ==
nubdylQzOXPZkObRpqMbiw==
VQGt9fWiDV0=
bPoE+KCdyoo=
DIsNfh8YhR+tytoSgXFkOA==
2IF2uEwYZmPwxixbDEaAjw==
vco8XUQZTIg=
vco8XUQZTIg=
vco8XUQZTIg=
JM4IIcIRGTQB4ElVXt4AHg==
81YdlONdd8I=
B780tqQ7V+XivokCQJAbaw==
AF2T41lw5MY=
4c80sBPLQV1mFIkql8XPgw==
DGw6XQYiaHM=
eO8mcukHlFOtUa1OpnrwcA==
U66yUK/OzW0=
Zyfctkxm0XLSKmBxSuBgTg==
/jIEgqTuo0A=
W8DpN8nZYBK81IKLw4KkYg==
lurOBbDFCZSY4/bhP7jhyA==
NtiIDE4bMpA=
KHdwRUZCzjRCR/ALdJn40Q==
4OcqQMjJ4wo=
jBdr3X220bLWNhPbNLgt+g==
5Y9dJNPYwmnNaAiQyituFQ==
Z+iXTZuTIc/I4lM/YQXHtA==
P57ojA6Vxk8=
qZ7FdcgLcclT7Y9nSvgfEA==
2FKqlepwhlDHUXQvvRB2SQ==
F54XbFGyhyKeU0JiFbuVhQ==
gwAwtp1S76M=
KZKqlhtLyEo=
D3D0ia82YdI=
jZF0B3FapAI=
+CfoJUhseVk3n5QkjNGlHA==
XgBkod1Rg2xaTkpMY8XwGQ==
gx5fF6wCSCQBAsDMtHvK9w==
FpH8Z0xEDmTcZXkl8BD6ug==
FpH8Z0xEDmSJCKKYV96bPQ==
PwCysy5E4fI1IwqxyqfC7g==
OKDgof/9nV7dym3Yk2qvPQ==
QEcqWZIgGBpojfWWyuGBvA==
l9+67p5xDgh37mIEqL7oRw==
l9+67p5xDgh37mIEqL7oRw==
JqPsV/lBX8s=
VJhOVf6PyIgLsAavGSHyzoXhIglwKFDE
cm2Mv7C7HZwwv8DX7uYBIQ==
aYazOrKZOfE=
aYazOrKZOfE=
aYazOrKZOfE=
eukjl4bX0yGA3fV7pGlTMA==
+fek8JniJpc=
+fek8JniJpc=
+fek8JniJpc=
qWzMro6jvGfqIPIx7BkxZQ==
Rzam+SeP01c=
Y3yGmW8DnfXTvBK/JOAuDw==
3qkt+nZbFOKPspd/zGchOg==
3qkt+nZbFOKPspd/zGchOg==
XL+n9HpTKje4QaV+e8YKDA==
qa71a8kwycg=
g7TaqZeZ6mk=
2/pR1XWpNqYJvIgia6TAUw==
GMHlXuxkm70=
lURG4NHJ2GrntAxaRY8U3w==
BLnhLN/KFZVeC92YH5V3CA==
3dHhCyLsbRx2c7bU4nPX8g==
3dHhCyLsbRx2c7bU4nPX8g==
3dHhCyLsbRx2c7bU4nPX8g==
3dHhCyLsbRzoWmElUkZz02cdhGfd7jrv
3dHhCyLsbRxTFdYWep4gL5Z3EhjSmVC2
3dHhCyLsbRxREcZwu+Vmzw==
3dHhCyLsbRyhmhj5+SGlUyAth2Xaqs90
3dHhCyLsbRy29O9kwHRWO0pCgdUkji3m
cf33uDTs43o=
+vbYXUgfBzs=
ehs90InYTvM=
iSGL/pbzsVs=
xFFOLmrqb0k=
xFFOLmrqb0k=
Iy2x0AMqQ8Q=
DqSun9996Kg=
LF69qQXgtvkEr8sg563dnw==
EFPXJHZrQz0=
iSOiJaioopgfYdfGzDGJUg==
Ga/o9bTivT8=
UtmEUMLYZn3oghC4ped+Tw==
Qn3Xv1GcyFES2BbFrU9bBQ==
N11JL4QaYL0=
6sC1DIUIwZ1od7J3CEJH8Q==
3OKkDGsCVEnVDoVKMMEQ6g==
yuEfiOipqs0=
hg2Z0k2O874=
hg2Z0k2O874=
hg2Z0k2O874=
GaDa9T77qTRONfBgvdajRA==
c9ace5lR6bFyR8duilyR/A==
6IlkQKFfGwQ=
6IlkQKFfGwQ=
6IlkQKFfGwQ=
qEjetlS48AU=
BQYrcdR+Xwxo7u8cXzsdFw==
l82pPqysYU0=
mEKfyZ5hDJWxxI8bc7hd6A==
7G69TEAAVyQ=
0mKo6jQMvB7s/u8/lt0LNw==
eXX5AQYzvIg=
DJFY8hpPzLHKoOeQ1JUj+A==
DJFY8hpPzLHKoOeQ1JUj+A==
DJFY8hpPzLHKoOeQ1JUj+A==
HWhifC8H2pg=
HWhifC8H2pg=
u3X1SuH8flU=
+PgyBmwP1ny57d9fO81xAg==
S0ydXDeSA298l6GQw9/QWA==
S0ydXDeSA28xkbA0uPWqHVroeb+5EjeB
S0ydXDeSA29fPgMsGff+cg==
dtGl4hK85f4=
cZeyTDraEUo=
cZeyTDraEUo=
1RICFpfgZEs=
DREoSVFVurU=
lRMcC5X1kLF1re3br88eTw==
yy02IYMLTtR6Q+thPCGbcQ==
2NrtobjEpvE=
1xOctgFYuLE=
1xOctgFYuLE=
9u3xYhpofWY=
RrgecmkEETc=
RrgecmkEETc=
CCjh/qh0FAE=
+hSEN1nywLCUFmgfQNA94A==
ijF+GmSBign39OwQamIHldCdA7v+7dvq
Mxt1n6t+7dneEVXuqxHbdQ==
fwI96VFHR/why0+q0ka1MA==
fwI96VFHR/w8VoBrPnF+HA==
fwI96VFHR/w8VoBrPnF+HA==
fwI96VFHR/w8VoBrPnF+HA==
fwI96VFHR/w8VoBrPnF+HA==
fwI96VFHR/w8VoBrPnF+HA==
fwI96VFHR/w8VoBrPnF+HA==
fwI96VFHR/xQTE21XrJ0fw==
fwI96VFHR/xQTE21XrJ0fw==
fwI96VFHR/xQTE21XrJ0fw==
ANrtwxZlsR2Xlq2aDQi0HQ==
mz3Gk/sHbFs+TDpqF0euWg==
R4ufJs+25aw=
FXPdZHBg0ew=
Sr5GlWaPjCo=
pPcnKy9IQZg=
Lzrmi4wBdVet2BS6vr5PNQ==
s9+7BqtnzKa+bsU2z5kfhw==
bnX0yUQ2Ojf3T1yMjuMJhg==
bnX0yUQ2Ojc45if4A8YQ9w==
exs0bW4+iRLQPPoMDY3YRg==
8DBsQvbcGikvzFUHS3TMzw==
nalsoTaf4kg=
4F3pt3hHZik=
SBOAv71Jasg=
rbJMTMne3Kg=
S3zCZfglELM=
CUapMSupv/g1RAXxgPYpyw==
uoCp0N0vbRvrb6bJ5PFPDg==
uoCp0N0vbRvrb6bJ5PFPDg==
73kDJfEv4rgAorGF7tSumw==
yCSV4VwpTuP0fzDNh4fLGA==
7JCNs7voinI=
raQlOutOUwV2KjrG9vjrEA==
nvixfc+KrAw=
nWtGEJnrl2bNb03SKjKMKg==
G72/XcCLELA=
G72/XcCLELA=
3+15SEr0zVw=
hkWw1PkqyePKoQJJC2FklQ==
u77hK1fM++JBBqfZIcFZqQ==
5F7tbICpiPyfCX8HlAHdBw==
wTfoWwvPfKi2qRnFfiupzg==
ECEsBm5FzgCOqes8GZrNGw==
ECEsBm5FzgD1DlPQmeXrsg==
/TbMnsyycyu0j4oTcYPEAA==
5cMjOj6KMX2ZXOZHKDbJXQ==
XqIxxD4omNRyWp59QRLjmw==
47hsPabEG5+NCoRUu99MCQ==
GvRwnKvccu4=
5LSEVj//Pd4=
MvuUyvi891A=
ghtxhl2C35A=
ghtxhl2C35A=
YTaT4PIjCBQ=
WKCSylYlhADSN67Rc1oDig==
S5CZMossIBf3NibEKuLBzA==
g4pcK8nNlLb6eQgFgXOaCQ==
K0tHudvK04TpFM2bJ3kzGw==
v2Zp/Zz0aDpuiMM4oeIKHQ==
E6XsiYkFiuWwQyfI8drg/g==
i1hk1TDfHrI=
gejJpuijQ8A=
WFFu+QQoOaM=
WFFu+QQoOaM=
WFFu+QQoOaM=
WFFu+QQoOaM=
WFFu+QQoOaM=
WFFu+QQoOaM=
WFFu+QQoOaM=
WFFu+QQoOaM=
WFFu+QQoOaM=
WFFu+QQoOaM=
WFFu+QQoOaM=
WFFu+QQoOaM=
bL4XIczQsM/v0OoDBP/ULQ==
xto5qwsaHcc=
xto5qwsaHcc=
xto5qwsaHcc=
xto5qwsaHcc=
b2z4qG/GJFgqtIo7P1rPIA==
l4kVsEsK5hw=
7wzpUM0fNhizJCejhrD6sw==
7wzpUM0fNhizJCejhrD6sw==
T+a8VW25clM=
T+a8VW25clM=
8kJIMEWPILijEeL4QevV7A==
pDvJFVfEiLc=
TTHGoPZt7C4=
/CperMYtf+swa7oozNnINg==
GDqgycUTYB1mPs2t9kNvwg==
VQ38I7B5cmA=
X1VC40UEfIEZFJlh01s09Q==
ZqcKHwz0+6vazSWXFBr6Xw==
4PrvZj/3mOY=
Feh7IK5STdlKZhVISjyn0g==
19jZjW5cwKILNq/o2Vd1CQ==
/yO3LcLWWY7oyjdCS5IaJw==
ph+qfDpFQ7oVkyIn+M9htQ==
Q5jhlyZj2a8=
8I/L/HpeQWKyfngtM4ApEw==
yQy4JX4tDogHuZyppILyww==
Mh4yyw5QrcU=
rpSn519LtLs=
HG81CbIuk8E=
f9ZuZdvJC6SvzM54KXz2OA==
t/RPQTpoU1S1cNgPRaXXhw==
CeAUUHLYcNWxZxt48LZXBA==
dlWTNCOPMAU=
rErqlhPsSlc=
gGGFVUHybq8o3S4JKTB7hA==
JDs9e636ZsKOQbMR7UOPJw==
dbnsLQSCaPA=
M23IEPjsAb2fCSDy3vO3Nw==
rMlx1VJYRDk=
Kmo6uGTa3ig=
Ennl2Ae6mzLIer1P9+g69g==
csfCLjlM6F7HItkrTiLEpA==
v8lk2D7TUEK72SqO6Mci8w==
qGtys2YLVwEL5+Y5bN7IEw==
qGtys2YLVwE0JAUlVekNSQ==
qGtys2YLVwE0JAUlVekNSQ==
l/QoDg8PjCqDb5a+MofqnA==
U/Y4iWB2WC3ccbzVCR68bg==
LiZKDHXrp8wGcFXUp5jO6Q==
hBnWTZb9cf46X186CZLAWg==
EHEBnq1Nt4r0ieU9O4xzBQ==
91JCv9oBBiM=
WHPrbefIz4+TU8RMohKBwQ==
7GGaLQbhkUIdqd3KdefxEA==
7b7WspzAS6dtdU34p5JCdw==
oA98jVnsyUMeNWZ9uSExzA==
ffS6/0HtkDU=
03gil0yxI6nEbM36oS52Bg==
CJ7hDdycFY0=
/qwAHJ3YXEE=
xfHBQshOuWM0oF+wCKF1Pg==
hIpNor6QyAiIfVPrW/aL5A==
NGxFZN14L9NyJwZ/ksYm1g==
CYDHIGhDSJ0a0xVPDQAmHQ==
eND6k3/roHQ=
eND6k3/roHQ=
WGDxfHaK2QU=
dJqJUgXX2ks=
o0nuc6uDiAc=
/zpDiWMnzxY=
FNFgLtVRkXs=
yNIdevb16frYiMrhEuX6mA==
KNZQoKsRHGN7ngIkJAp+xg==
sWoLCI405WOnJVtWVTsdVg==
qhxqbre4u0o=
iB5pDUCJdsEPkhzVhPGF19lMBrSBt7tu
9lp4zFsehAQ=
kZheOqstZKUwswyA2ro1Qg==
CFW6+6gEsOFrlQswPPNOQw==
CFW6+6gEsOFrlQswPPNOQw==
qnolb60R59qV2QVL5ajGwQ==
9XFkpiyBxxronKwoQghpKg==
4TZ5NOWyTzdKXm4kI9T0rg==
mosK4DrVv6Gt9rVyEmROfA==
nlunpovBe0c5d5/mBQgZeg==
8r+V5z5bdext8HC0C9ZCQw==
vqr/g1+MVOjLwcl49oJmlA==
aG4awiwHHqC3JlzGmgflxw==
IWiWLzDauu+X8it/ccJQuw==
FBbmYgFfsVdnWBMwbul9oA==
kibN2uRiacC5nPE+V3Av9A==
ZL6a81MIzBsZtTuN+ihvwg==
ZL6a81MIzBsZtTuN+ihvwg==
ZL6a81MIzBsZtTuN+ihvwg==
ZL6a81MIzBsZtTuN+ihvwg==
ZL6a81MIzBtAJ2t2UDzfAA==
ZL6a81MIzBuevfo/HePmoFbA5dKONTF5
ZL6a81MIzBvCCdBL5hh0vxzR0DTgCz8G
rO/73qJ4auSaAhm1i4NN2g==
uChwzds7GWgvOQeoIHy02w==
jwz5XxSeJt8=
amzuhBott3D+KtOGnvarpQ==
sQN8VRmGOurTGqLzJoqMSQ==
sQN8VRmGOurTGqLzJoqMSQ==
mZ1YO9lWERHVBn1OoDGHeg==
mZ1YO9lWERHVBn1OoDGHeg==
mZ1YO9lWERHVBn1OoDGHeg==
mZ1YO9lWERHVBn1OoDGHeg==
GgxOoQsxX1rQgx99bjkqag==
N3YoH2iXAck=
M5LSJBKgThfS8iibry4AJj4OGa/QBaEN
MSvusNbjXreeovQl3Vf+7Q==
MSvusNbjXreeovQl3Vf+7Q==
I7PFiJk5kGR7JFySmU0chg==
PUDH9gp+Q7pK8a/ONL71ZA==
ndvmGvpcm5Eit3kttAZziA==
Hj+xMxGyng24Chhu2FkLyg==
Hj+xMxGyng24Chhu2FkLyg==
x2GjLbTQgp/YWiRnGQkvpA==
zFqSpk2yDiaiPjgq7Gs35g==
zFqSpk2yDiaiPjgq7Gs35g==
2CZA0CVdxr2VasUWd3mWOA==
2CZA0CVdxr2VasUWd3mWOA==
aQ6qlYrUiFqFnS+mchEgj36oYXd7ngZ7
hUIr9yLqZ0gTEZlU/8W32w==
R7m3vJ0GlhxeKixx6EUs6w==
R7m3vJ0GlhxeKixx6EUs6w==
R7m3vJ0GlhxeKixx6EUs6w==
X28ZaKO9/WkzYOq8S4X59Q==
o2sTsX/lcVFkTU0mdy6GAw==
IT0mSn4AbmUK41ExO7AP2A==
IT0mSn4AbmUK41ExO7AP2A==
IT0mSn4AbmUK41ExO7AP2A==
COq2UBAorBZ4E11HILp4AQ==
COq2UBAorBZ4E11HILp4AQ==
VFTggZvZq1Q=
2GRJsY+Feq0=
XaBvTAu6jdc=
4pgHwqJ6GETSEjYI2ZHgbg==
eBe7joVw2EQkckJoIEcnmg==
3bdd/yCklXD3I3kiZNn9sA==
86UT9JANp8I=
Qe74yoSjObU=
4Z03zM5Rbe8=
MbECPqSnETXuAiRno5s9Ug==
+yfHiVAwh90QLRpRjXLwCA==
v53dO6JzFpQ=
0D/nv8qgeKw5v6YIAcqVHg==
+mI3PWaAHUbJekHD9RiPwA==
c61yDKApxKo=
346W7x2sHsLavrQkw+d41g==
346W7x2sHsLavrQkw+d41g==
346W7x2sHsLavrQkw+d41g==
Pww0Ie/cHmOe/pGtlF1g0A==
Pww0Ie/cHmOe/pGtlF1g0A==
QJvm4wJP6NtlL9H0kYxNKA==
QJvm4wJP6NtlL9H0kYxNKA==
QJvm4wJP6NtlL9H0kYxNKA==
QJvm4wJP6NtlL9H0kYxNKA==
QJvm4wJP6NtlL9H0kYxNKA==
QJvm4wJP6NvZScyC2xfbgw==
4iHNW+7XUglN/xXb1S6zFQ==
4iHNW+7XUglN/xXb1S6zFQ==
miLobx/nwHM=
vqvuhOlThXtG2vGMVTVFYQ==
/pxYAUnhfoRdzzEG1mVVcA==
BChnqDqzlIuNY/rh8G5yvw==
vka6vY7Z6mo=
2Fz0sPf6asqXCI5c4YqD1g==
Skhlveg7rRh5xrMtjBRvsg==
0Nhb7X2tT+8=
YrnBDWETWAQsKh+x0tyxzA==
LngiYWDn7ll6FntgKVfPsg==
LngiYWDn7ll6FntgKVfPsg==
RxQSXwFI+24=
/LnQDjDUJoJjG5wzm7shtw==
XSbkvs5Wovbp/6OOYUfzXFSp8X1L4um8
M7/TpHD/Dl/Sj3Brj/QcOA==
oeYPjsaQvJ5wbvlsBUxAMw==
oeYPjsaQvJ7CGJpBwq7+sg==
L6DbgL1y+6DfvCDfre1ARA==
B7jbAv7nnRcEb0K8EZUkYA==
KYD5QDC/uB95jzjd04KGWg==
0k//pTBjdMLfc61QQKJdOA==
Aldj+HJIEomezMjqfh/2aw==
RikK26NucBT8SWjHh6WJHw==
RikK26NucBT8SWjHh6WJHw==
RikK26NucBT8SWjHh6WJHw==
RikK26NucBT8SWjHh6WJHw==
RikK26NucBT8SWjHh6WJHw==
RikK26NucBTfekR7ERTuPA==
y3KwwS7mKPfsULTeYfUy9Q==
+ncwkpAYRewUUuezv/QEPQ==
cNp988XlKKE=
ZxiCsK9pphk=
ZxiCsK9pphk=
/jrO8fEPdVMYUgj2Wdt/UQ==
Vtbs12exVn2vOmsS1fu9qw==
bYN+FMi/kRA=
bYN+FMi/kRA=
8zInQKcS7X4=
X1N7Sa80b0E=
oNAXJ21h0Yxwf+pOUINeCQ==
t6fMlLUNMnZT1S6UrjDz9w==
edmRb55uAfM=
0WMFe8iZogXCrnZtdVjrIu56uylSvKuD
0WMFe8iZogUB0J0CvBbCZVGBAdNwikrR
LcIY+9AOd/I=
bT5v3ET/hDs=
fkTqItaYU8A=
VD46iiqFNsQ=
a1XNfxLYXYM=
W5C1zutamy0=
85sz7GhlHNo=
isS2fdffHVc=
isS2fdffHVc=
kDiKye8oFBM=
L7D1PfnErcI=
L7D1PfnErcI=
QhegLHCbUoAy73fr09IDPA==
M7w0Cv0qIzy5PtCzHKyeTQ==
obGsH2zH0w9fykShsddDVg==
obGsH2zH0w9fykShsddDVg==
jtdvjpWx94nBcazSgBMc1A==
NKtSa79gOzH7au3S0I6Oaw==
Tq8YlFZroHz9+1xBhJoHDg==
Tq8YlFZroHz9+1xBhJoHDg==
DATmdBvm+MA=
IU+jHq+KslMIksoY5gVzbJlBYILw3FU6
bE9avc8som4=
sW+2hu4YMHga6YgdBEZhUw==
sW+2hu4YMHh8KQalgaUIsg==
PrH3miG2z2c=
v22VtcYtuTp5mrUV8FZCQg==
BPM4jAju2hU=
PBVa8nKNY2mTZ2Yk9+il1g==
PoRrcwR9Y1U=
5ksl1dt0yJzDuu6nGeJD9A==
Jfly73IR6FFPgd5O5u4B+Q==
Jfly73IR6FFcAOdlXCWXWg==
+dcdyEkRm6mEjgGM9aKOqQ==
WNe3EnNDUV8Jox6M3jKDfQ==
PBkkthQk0Ty1AZzEUb3ZZQ==
PHEzDK+BaDFDWnH+L0zyfg==
PHEzDK+BaDFDWnH+L0zyfg==
PHEzDK+BaDFDWnH+L0zyfg==
X4rJAZWptds=
DwqFhaWy08RPpA6CGR4ADQ==
R2rpR745Wao=
+KQ0ngRG4QFWt5uNJq3N/Q==
79e/08gNDk8=
Y1wItBQz3TcFbT/EhMajzA==
JL2jq+/a504=
jGOPVlfct9s5uhj7TTl45g==
uYv/olYOEFO8+10qHjMYng==
Gp/9U6UNkV2Hnq5RY1KFyA==
rjnkHiMdzOtTnAoJNvXfdw==
LkvMLnRM/n2rfjlXnM5f+A==
+ByXAjwzcdI=
ApGGz/k4dVYsY3zgaHmGKA==
hhEWfSGs0J12qYgTztLyzw==
glCYOE9Ozj4EmeewmknkSg==
Do9EZzzTB2cZBWiZ03CsjQ==
tzDd2FZChWw=
efP74oMJ6jJz0Wzf3UpkDA==
XDDK1ZmEyyZpJZTPHlkR0Q==
XDDK1ZmEyyZpJZTPHlkR0Q==
XDDK1ZmEyyaqCALxYaCxGkbWnwkekkA4
XDDK1ZmEyyblpFqJ/myv4saI7FMPOr9f
XDDK1ZmEyyaN+8SKGeVkug==
VSoWM/UPyKViounxoHsf0w==
JjRSzB2lgrnqwSzG2cvECA==
fLAh/mmlXCI=
WMWH/bL3WBcw6wZFIsb6GA==
lPDzulkY6I5EPUs7f8lTYw==
h4P1XYCFd026EojBu31f2g==
GYAjldZE+Ms=
PMBnfmDKUSE=
VVAvSbWRvdU=
RmLzZ92Dbhk=
wRmEDebgkZtrwwz4b5SoSQ==
muy86nR9ERfNw/wZFBFUIQ==
k1bDZ6JcXrZeHpU+PiixyQ==
xL+swALP2y7+ZsmptPwpNg==
rLLEOHugNRg=
v/j/STiCxQw=
iyl1hIf1kdE5al9j+Sv9oQ==
jCCKBHthXeI=
rhQN36y6SNLtBi5Jlgl5gQ==
zfogcG+SkMa2/yquRK3GNA==
IgX6W1AzSPMDOdFkEO5Hbg==
IgX6W1AzSPMDOdFkEO5Hbg==
IgX6W1AzSPMDOdFkEO5Hbg==
IgX6W1AzSPMDOdFkEO5Hbg==
bTmo7umJ+fOZ7M5zzbDRPw==
xjzIUYELdLo=
vCGfEiYznaDaY0rYE1cyDw==
PQamFDJWO8gUFT4kvKuhNxouUvZ0D4wg
PQamFDJWO8jnVxbv0JPKL9YG4L7ECAH2
tla0nGQRT+hQlfHf3sOYsA==
5LWh/6G5J3UT4nA4AGzNDA==
/OaVh1tqJLPag9FLyMis+w==
mZpfVMffEy9EqiI3aP9y5w==
kC8GToA8jsg=
UA7ebWJ+Xmw=
UA7ebWJ+Xmw=
UA7ebWJ+Xmw=
C9rx6+Rnxrg=
BNEgiltOMY9a0d0HVJoA3Q==
NowMDvTo5cE=
KbhNabIAo1OmUVbkSWMjrA==
nG3n40M97l/q5z+JDWG3ug==
snjeJx+p7Y0=
lRguSYJQGNo=
NhCrz2qLxJeTUXIxJVuwzw==
k7vNROdoN6b5fa4WHJmj4w==
Wp9QIkkVayMkG9VaGBN2MugiS80h4hR0
QdC+n6HR75RobuZpt+/sZQ==
ePm2H4zN8tCmzvYc+hL4Vg==
Z8VU6FqQzT+KAg1S9bFoCA==
LI+IyXkdSoYtrDvsEYEySA==
FPKhIijJX/k=
9R0kkKLaTRE24pjOTUXR1Q==
ouEinuTkTdJzaZncVrm0FAISF1jlaA9E
cy4vk9mjMLSv5Xd+0YSSKg==
90EvkcceSt8=
o5zNvCLh24U=
+DDZ4I33gtAGg8jQ6Xhqlg==
Jz33FPZbgCE=
7nD4ZzdXTuM=
3LPMgydIeU6fbQIDVZ53bg==
2ok34eaDljFPOycesRKRUA==
2ok34eaDljFPOycesRKRUA==
+7632s+fyFukzwJfAFiKww==
soEYftJlpoY=
o/LWxLWb+Y4=
gyX/6ReJMW3ineVzMkMIKA==
gyX/6ReJMW3ineVzMkMIKA==
f2MPeVa6CJo2uNNZJXnurg==
dq1D+IKZlTQZ13fM5TGTbQ==
dq1D+IKZlTQlJKrsGUrwXQ==
GrVelsfAvN9RUK9YUJ+jww==
hgPnckWEfcpFgX3Zx3hj3g==
LMJ/6aLwJHc=
F+BtTGaQ2g4=
4vL1v00bQVhrSnR1Nk48Gg==
13d2q8YQL8Jv31kSWqxDlQ==
BG91XyIDMHH17aszZIac7Q==
BG91XyIDMHH17aszZIac7Q==
BG91XyIDMHH17aszZIac7Q==
BG91XyIDMHHOICH8SXSIew==
BG91XyIDMHHHCbXpGb+r/g==
KzyVcTm8KWw=
cFURsa0dx2A=
YpsHgS0Tg6X/ctCjLlIvJw==
tJs+H9u06iM=
tJs+H9u06iM=
ZgxE+3NVNzpJRVo1kUsmEg==
K8UZFJnTapFDNdFLfAhTHg==
6YxMzC9va0E7t+iSvZZiJA==
wrcqL0+nFycIwzfTa4l8yw==
kkJKYVPSCMs=
kkJKYVPSCMs=
7S4s8MVQIKCKNGZLlPy/1A==
3QPrM1zAMMxV+BPWnY4biQ==
LZTg9Qxkuwb5xq8RhmvLpQ==
LZTg9Qxkuwb5xq8RhmvLpQ==
LZTg9Qxkuwb5xq8RhmvLpQ==
LZTg9Qxkuwb5xq8RhmvLpQ==
LZTg9Qxkuwb5xq8RhmvLpQ==
2EiN5uT1ixc=
sWxhjQeALA3zC1HFM4Erfg==
iMe7yXRgo9e98C3Y3LY80Q==
XhWdJ5NNcTMZRXhlTkkEnA==
3Pa9OqZVvD6icJuxjZb4Ug==
vW8PHL9OWczmkZE+xkvygUOyNERHXcOT
yGz13y0CtE0=
yGz13y0CtE0=
yGz13y0CtE0=
yGz13y0CtE0=
yGz13y0CtE0=
bOP9GLZlN4fBu5zTYWLkjw==
fBlCQXczo0Fzm6z/FXISmg==
PvWr7mgwfMHJwho8qHTOt+u91Te87AXp
+Z8VnAGrCck=
+Z8VnAGrCck=
+Z8VnAGrCck=
Y5MjU2ZWuKjw7zAHGbSBTQ==
Y5MjU2ZWuKjw7zAHGbSBTQ==
t3p+oyo97Jc+B/GXMcrLoQ==
CMRAXx0ZNu4U+94BH8u0py2crh026Rb2
0jm7Lma1pvNdqX2dF4KcSQ==
ioQ27zbPArM=
8q4KJMjio/K/UC9daastgA==
adURj6I+S18sswkZeXSQaA==
O4Wg09yObQOyAdMNkLcSxA==
ecNa+ih5+P7FaIrVEokaoA==
Smr2xPh3RdXQDAphoQ9DKw==
mwhPnX7gf3I=
6T+CTOT5D88=
DWZ8F8VYdM8=
rv1HVzGxeCU=
V/MEFtxijuH6qMnrfF/hvw==
204GDYcPTdc=
204GDYcPTdc=
204GDYcPTdc=
y6eGVqynS624zAnVEH0RNw==
FlgdyVAIy09HLgF3kkKS9g==
wGxzPfx2ZH9++LLUrFf6Aw==
wGxzPfx2ZH9++LLUrFf6Aw==
wGxzPfx2ZH9++LLUrFf6Aw==
wGxzPfx2ZH9++LLUrFf6Aw==
wGxzPfx2ZH+NRiyaVxcXdKsv9FTqLZWj
wGxzPfx2ZH99pLR35KNcy7dpQmDhlNog
wGxzPfx2ZH99pLR35KNcy7dpQmDhlNog
rRYAKY4CMe8+39JtjgI7WQ==
K6nkgxC5gwQ=
4rDWYtrnwX8BwdiJNE55/w==
UE/0PW6p8PlRu+315rszPQ==
I2Q27CiC4yLsGq5Ps9T8dw==
rAWZdSVY9CQ=
mScxaDWwnpS5kD5sEb865g==
u0zKbEw40JYaDBZpG8NtJw==
+mq/9LhLnnqyWi8XpSa/TA==
7kE4LcTylbE=
Yc8x/iSp82lkvubLFUQ7LQ==
quOdrmFk5Bc=
OIb7aHG59tA=
7mTQO7OJWoTCr/FjW7SCoA==
Aw/FFznSNj0=
Q1ABwfZyA1ysUKjzXlWu6A==
UKVz91Nmsmc=
UKVz91Nmsmc=
UKVz91Nmsmc=
UKVz91Nmsmc=
EK1f7G2mh6I=
9oFDfvvxFEMaz6uUo15iqA==
tlNCQhi9bIw=
tlNCQhi9bIw=
zw4Lsh+Urab/K0tOMbHecg==
2FQLM/hV5vxdIMnrN6j6mA==
UptjYfIYsYw=
D0tV341V2rlRKCBCjMloqA==
S2LhZsN5uaITQo7NJjrgQQ==
9mBCiqo1QXg=
RfCZvxrSbc8wEsa/ZhoKFg==
RfCZvxrSbc8wEsa/ZhoKFg==
k6P2JtIfBlg=
D5z4Mg0gBtM=
UQyn+/T3QYTrfLcM4pGq+g==
yk3YyA7LJtQ=
B4uhick1pFQ=
SY0/1dj3MK8=
SY0/1dj3MK8=
F8AUAC6g4XQ+x9B2Jit6/w==
wQgK/O13FhA=
zxlWfQYozjA=
oOKvMkr1ah2BNjf6w+3EeA==
+Go/mqMp5sI=
JM/0hQjZncE=
9IM2rXg998I=
9IM2rXg998I=
LpbSm+jI7T1do6gpP8h/jA==
hPVapmv1zHs=
NpNvrgR3qDs=
G6dTKmtP100DAlfCMbSkeg==
WR0IY5OfUvg=
WR0IY5OfUvg=
WR0IY5OfUvg=
WR0IY5OfUvg=
WR0IY5OfUvg=
WR0IY5OfUvg=
WR0IY5OfUvg=
u/7V002oxBiwu7Quqns5dg==
hBV2uJjLEtrwQAzuCcTvqA==
BIXdSj/cAG0wlIIBGPSADg==
/iiUk2hIGE/MrxCQmO5zAIDA0durPJII
/iiUk2hIGE8oCRiMZrtLqA==
MGNnoNg9bH2fK1CMgvilRQ==
F1czPdMg66Q=
ij342I/datuv+dmu+CfH5A==
IDjlBhS7WlU=
ZLjqJRejUebsmoP9SUwniA==
cPFlvEYQ/GyCvpJ3hnCkjQ==
Jpx5yO22mCP4/0WhGgPaMg==
GeXU0DDDsnehPa2Jwv3nt7NZScm2o/pu
k+/XEF5YuNR0OAEu3++1dw==
k+/XEF5YuNR0OAEu3++1dw==
tgkIF9uTYl7grvpW1FHMuw==
kjJ+LHEClV+yW4vJtLtUDQ==
ApT0Swv+hBs=
PwT99eZI0itfJa2MEdbrzw==
nf+IckQEEalEZnRswlAk+g==
PzfURAuEhJc=
PzfURAuEhJc=
PCOWyDSAbr7nAFU4rrUNIw==
SFYne+e0hD0=
SFYne+e0hD0=
eAmCV3B0vs/7uzUCe5yLoQ==
Li15l/vVgBchN8Wt6WZNPg==
gOM+3z6/N3dH70mqoFJooQ==
z+2XLXVvomdpueOymO/r5w==
DsSl4CmYzOYYQbVN/KqxnQ==
DsSl4CmYzObbzeMs4egoaw==
FmRYlxJEKTL54ZxFK/GOmA==
dc/9xjeAGWjweIH7fYCMKQ==
syj9MT1rt+YmffZYw2n8Twj2ZNwlIh6B
MOZve+bBcrSngeY73SyP4w==
NAREDtRBulM=
IMT33NKa6bkqo4COqq94Fg==
4F+aBFUzdts=
LWUfV7uvlt8=
T5nh9QHSgj09s3B9IafHlg==
ICIhjDfxXIM=
eO8SvO1TQrXgqbCk4BSlNQ==
WHgNpxi0mYBO+15Vg6dibg==
pStlPQ6OAJLZKHjzmCRmLg==
6tYdHsN2NQTKNmuTrsLIqQ==
kLymLKNnQgE=
nqNfNkRkgCk0B0aCujI1WQ==
DrbUdOBpuzY=
s/TDff3Eq4w=
IU4M3/ZrtrxJm7uNXIeozw==
TZ7mjzrWIwjYfeXklc6jbg==
DFGA4XBEd4U=
05hgqsus0f0=
JkE/HItDf9s=
CIZfpDWSPMs=
Nz+Zh2wJdQqKKmzhe06Ptg==
8TjcSFoPlFHGG9z88dzsFA==
CyFnrRpSC30=
SJFPw22TYVs4r0wP534jrw==
PNlAFXGOTps=
NSBJ30GbMJF6cuz3P6LxYA==
xbXBYfB15ts=
pDcP7lX2l6s=
KGFWCISPUlM=
l0Ntu2zv8/GSfJK00mLnTw==
Ke51sH5gO4mnI3apZ2aUanMgTZAizenG
kXoQLJuh/RCSdMGTO+PXFw==
PCOYBTeU1Ub+xq4+r4Op3g==
v/6PqnSY64WQUqyftrxQ/3Gv7hY+cwVj
m1YJuUTfX6Y=
DWw9KWsdYOkqalzZOBfvuQ==
gEn6mOhLkdI=
AY9Qm2hjXko=
2a2b51skMKg=
bIwjzeWoBNI=
bIwjzeWoBNI=
bIwjzeWoBNI=
bIwjzeWoBNI=
ymqk7j7ePaYrITI9KpTdCA==
zx75c6EQz/c=
/eddpzqqJWo6lfnmEYG/RA==
dZs0w0x6awUEmEIzzJQVMQ==
JzL4iu8cOBA=
wCtQ4tZluZlQFWnIx/AgHw==
wCtQ4tZluZmj48v3c/DWHw==
RxoKXdFlnOw=
0Sj5VYBNv+0xE2JCiL78Bw==
vjanYihCWVeYeTgAZTCv2w==
KMxqkeVTJ6M=
zAAzd7Ab5qo=
zAAzd7Ab5qo=
zAAzd7Ab5qo=
fSUThEYmBg4oLG/yUwY9wg==
klQf0s9ug3sk9/Ub3Ln2Ag==
klQf0s9ug3sk9/Ub3Ln2Ag==
klQf0s9ug3sk9/Ub3Ln2Ag==
klQf0s9ug3sk9/Ub3Ln2Ag==
klQf0s9ug3sk9/Ub3Ln2Ag==
klQf0s9ug3sk9/Ub3Ln2Ag==
klQf0s9ug3sk9/Ub3Ln2Ag==
klQf0s9ug3vnLfgjK5O5uw==
klQf0s9ug3sTJJdTbFp8aQ==
xD5E1kMQ2MZm/T5R9N1hug==
aqioSb/RQht5ekeIcXtylQ==
mvoWpOYPu9Yey8jVgjtKic0IOGs83J8A
QSXUB1kclCr86skE+CJZdQ==
u9h4nFkPNSs=
VI3MDHcxvQo89l/YnHDbqQ==
pWDf2eBdvQ8=
Ngu+nMj7yJxycGBVU4GryQ==
Yr/lCzMq+QYS57EuAXPBVQ==
tDfjm/R4ghHltEtVVXKK7Q==
Ytuaf26TdfFQnYz2zltNHQ==
3JrXx7EYxm0=
1blvYXvjYfoiGjkbkhkx6w==
mdpTp2rxGjWSusgvGF6ZVA==
6DnSevG7wos=
6DnSevG7wos=
6DnSevG7wos=
XcSk/nTuEA/Q7Wc11rNMuw==
TuYnrWdYsIYGnx+lj3gKOQ==
TuYnrWdYsIYGnx+lj3gKOQ==
TuYnrWdYsIYGnx+lj3gKOQ==
WfSDzYM/LB0QqrHvYAxsxg==
NxfnKhgscHBP8eC4asPpgw==
HwycZyngkxE=
hCHyNMDxkfePpHpvd+T8/Q==
hCHyNMDxkfePpHpvd+T8/Q==
X4qsSNxKSmy8VHC36dQz1Q==
E9ZkVZ/LQ2/DTrP9cDGj8A==
DyTPDWqcHOcnrOOFQ5yxrg==
DyTPDWqcHOcLveIOH6v6YQ==
DyTPDWqcHOd/FYC/so4zTA==
DyTPDWqcHOe1th1VIhnM32SH1cIuKLPM
l5f6BPucGULLZVO28Ez7dA==
rrYebVD/S9wQ3ejPE23C3w==
LfrjI8JDcwmLLONy41/n1g==
LfrjI8JDcwmLLONy41/n1g==
WR6pszH9Xow=
wvA9MdphrHRQ1+Spw0R4wA==
wvA9MdphrHRpOrBrRT2PUxwyET58Klbp
xS/qkW/Rdf8=
yzltoFKQUs5+ztOTqkOPDg==
QWLPXMgVKj3+IsBk839Z0Q==
xY4SaBa3EzymGl96M8vjZQ==
CdStGOb1+28=
Lkj/6ArKtLE4BrJbB5b+oA==
uGBn0bLA/M0=
P1IHpPRgMXI=
Om6sf1KNGGTdUo8DAqBjag==
mAL+JHWmn60WeuS+vl6GnQ==
jvqAO00gFTY=
jvqAO00gFTY=
jvqAO00gFTY=
pM1j5YY4j3hgyyrHjqMSKA==
EiG0PTPZe23tA4YM8UiB7g==
s25XzXnky/hxs+/6m+ciAw==
s25XzXnky/i+kUc9BZ6utMDusBSknxe6
s25XzXnky/gOXetXOzVMAhj6Xh75zKq+
s25XzXnky/ikI2654xGUaTL65RmiNyVv
ZdIfDDZCxU1f9/5nhTRc2g==
BcIUTlQgoRwWRI6YsHcjdg==
BcIUTlQgoRwsGAB77XkJ7w==
ZapVjv4Zai1hdXvg6VNGaw==
wwfiXXNqHhpOhPx8zbkfpw==
wwfiXXNqHhqEWI3BeEy3Mw==
FobUcZ88DSN+AEApsDfsgw==
SW1FJ+giajd3BrSJpsB6TXDcbJPARFdo
0jMnrGlfuIcRnF+5Im5wug==
XH7lgmgYYf+1LAZ59LZjSQ==
XH7lgmgYYf+1LAZ59LZjSQ==
sdLE5HapzPg=
vLaqAsXo6O0DnNQPthAdHw==
vLaqAsXo6O0DnNQPthAdHw==
vLaqAsXo6O0DnNQPthAdHw==
vLaqAsXo6O2/WZLzA+alVw==
vLaqAsXo6O2OLqBn5MkSzg==
vLaqAsXo6O2OLqBn5MkSzg==
vLaqAsXo6O2OLqBn5MkSzg==
vLaqAsXo6O2OLqBn5MkSzg==
vLaqAsXo6O2OLqBn5MkSzg==
vLaqAsXo6O2OLqBn5MkSzg==
vLaqAsXo6O2OLqBn5MkSzg==
vLaqAsXo6O1wgCctz+DmbeaDC/DK05eR
vLaqAsXo6O1Jt4dZBF0Pop+y2TJ8lE9X
vLaqAsXo6O3miDVxvQ90XktiZ7+/Ep9F
vLaqAsXo6O2l2e8K9xwdwrUyTy0p/IWW
vLaqAsXo6O0uWCsoSgtgjVENhIxNKTp0
vLaqAsXo6O0R8o2N4Wrcdt3edwEcIouj
vLaqAsXo6O3ufLqBYkn86cS1+VnPIrpu
vLaqAsXo6O34O6XovKvxB+Z7ZVNp4F+h
PtfewylKM/8=
OBXxxqItDpQ=
XgSJ/oaOop4=
4xyO255+92Y=
YUoyaSg52MI=
nkxMvwc1FZTnLVxP7gToYRWtNIAt65xS
EXwfRXs0TpPtxQx7pv/Xmg==
ILLNTYWojE8+F2Jyt3cTwA==
Q3azlSnIdJhJfoWpOnUU2A==
AAT1ufU0MggTVQ3FGUaze2Xo/S8HTfCG
+4NMdUTS63I=
LDI4Da4WQzE=
OrXwgPew1P2JGIViHUGh9w==
kSBl9mgAnuw=
UHhSpuO0zOPHsOciAGb1aQ==
rQaTqEDL0pfgqIxue8JOlQ==
rQaTqEDL0pc+epoieQqwAQ==
eU8dRzEeezBe1bCXl7wtmQ==
SOhuRZgR0SNyYLMy3Jw/JA==
W/QrOCcnSPkyslNU50ZxBPVt36LnVCNE
7GwKaLp+tZETOnoKOYtw9w==
eX4RwKescxE=
eX4RwKescxE=
eX4RwKescxE=
DEnsyyE7a3gCuSRE1amTFg==
Uhzjzx9ZGndMjtEM1D7++Q==
v4fvazN8DiEtIlbC7eGXMg==
B2jepVAJpmP8WiqBHHCfog==
B2jepVAJpmMFZ+QSE5jtYA==
ndOwNjaIA5767xdnrtK4OA==
lkXRiNiL3Js=
9ZD1s4/aSXAvBGzdfrP1pQ==
L/ntQInTKYDPIJhx+LvKDA==
FWq+O71PQZOJQopkEwwKnw==
MG+iDhb0W6g=
MG+iDhb0W6g=
1N82dzCMVyY=
TuMPgOxIiOw=
TuMPgOxIiOw=
jNAbSdpPpRSMofBtvRZzyEhoVQh6IfiD
hsAKgy81YnA=
Kdn5zQX9BLY=
TmMfk8Zivkg=
lRoX7NqTjrus6+7ULsvb/g==
+oeyEUuOA/sKf38bpIB/1g==
+oeyEUuOA/sKf38bpIB/1g==
zVdGDAxGKZU=
zVdGDAxGKZU=
pMv+kDTDOhg=
C9+Zg26Uwio=
TaTbNkEEufg=
WpU5oCh7lyg=
UYsbK5mBrbOK9lnIOo4axg==
c7jgT3UGMWU=
ziM9yCumY38=
rGpc8b+knMBAbo9kAowwoQ==
rGpc8b+knMBAbo9kAowwoQ==
p1ypFfauKU1Zl+0CatWrqg==
AU6pgjRRYQJuG7C5ogaz5g==
mIybt0Dh+913rZtt1xyq7Q==
MHwwvwn7hU8=
yoV1oWsYSyFR2JEvq9IZgw==
yoV1oWsYSyFENBXRCRb7Rg==
c9yqGquKipt7bYqSIlkrPA==
CgZSadeI49gCpyystB1EWw==
2Z4xq70MHfhol6+YriBVcQ==
2Z4xq70MHfhol6+YriBVcQ==
jgTDpx2dCoQ=
TdR9XJsb/cT1Hmad2MyjDQ==
3uTzojhCK1I=
8GOdY4bDtCU=
reMuGwCNC/E=
a4fspElFqzo=
a4fspElFqzo=
dcldkmH/SGk=
dcldkmH/SGk=
dcldkmH/SGk=
NwOEFiNOb7JvQxjZKJV/ow==
iGtfYnt8g1Xn5SLrwqzuvw==
oN0kiqtG5OU=
oN0kiqtG5OU=
oN0kiqtG5OU=
oN0kiqtG5OU=
oN0kiqtG5OU=
oN0kiqtG5OU=
oN0kiqtG5OU=
oN0kiqtG5OU=
oN0kiqtG5OU=
oN0kiqtG5OU=
oN0kiqtG5OU=
oN0kiqtG5OU=
5muJfPGoHNjzdQTGrcCnGA==
5muJfPGoHNiZrYvfKSbkpQ==
5muJfPGoHNjBecGmn3hiow==
5muJfPGoHNi0May1iu8UqQ==
5muJfPGoHNiQ5BLIucqhvA==
5muJfPGoHNg2e6gUG1BHpQ==
5muJfPGoHNgDKXW5goKj4A==
5muJfPGoHNhK3OqV0Rc12A==
5muJfPGoHNhK3OqV0Rc12A==
5muJfPGoHNhK3OqV0Rc12A==
5muJfPGoHNihsp0yq/APqg==
5muJfPGoHNg0IOo6Ig4uqg==
5muJfPGoHNj1yvTcyVt99w==
HxB/CSPyOBw=
kPWBh11W4J4=
UUQxI8KXkW8rXcCwRcH6hcC7uC88C8cR
43qNqxeV3fPxUzDDnSAP3Q==
43qNqxeV3fOgjBl+1QVNlg==
43qNqxeV3fOgjBl+1QVNlg==
cF79EeRhaYAYcX4eL7+s3jTb1Fvtqg4Z
QtLcK56hXt4n4wIXcqd+Lw==
4KlP05XcXHpUTy/yCu0w4g==
4KlP05XcXHp3KQtycwEWMQ==
9Aarkdn+suODVHSgdHc/HA==
u69Eh3r5RLEs3ehZ4L8zQw==
ZNYpqIYBfuiJqJgQ4mbp2A==
Az5MCU9IHMCwfsbslAt3Ow==
Az5MCU9IHMCwfsbslAt3Ow==
Az5MCU9IHMDaqXAiISz5WA==
Az5MCU9IHMD2nGpgD6FFNQ==
Az5MCU9IHMD2nGpgD6FFNQ==
Az5MCU9IHMD2nGpgD6FFNQ==
Az5MCU9IHMB4cCzPXBQJ/w==
Az5MCU9IHMBXTdFM4Iv35g==
Az5MCU9IHMCFU5GO5pFU7Q==
Az5MCU9IHMCmMwc4QMCnkg==
Az5MCU9IHMD6NtOeOF3/rw==
Az5MCU9IHMCHl/UigRh91A==
Az5MCU9IHMCwprPtkIaXPw==
Az5MCU9IHMBJn7hjsxo+3w==
Az5MCU9IHMDeXGDTMVsfBQ==
Az5MCU9IHMCl9Z+4Fv53ug==
Az5MCU9IHMA+AIK7Y+Cfhg==
Az5MCU9IHMArGRMn2Zv3Mg==
Az5MCU9IHMArGRMn2Zv3Mg==
Az5MCU9IHMBjkls4YZrrjA==
Az5MCU9IHMBjkls4YZrrjA==
Az5MCU9IHMBfWW5lWiEMtw==
Az5MCU9IHMB0KRclQj+ijw==
Az5MCU9IHMARxKXfoC2tYg==
Az5MCU9IHMCri3OUnAYYyw==
Az5MCU9IHMAOlBz6mu7L9g==
Az5MCU9IHMC78dalFvHC3Q==
Az5MCU9IHMAJTJ9ZxPz5xg==
Az5MCU9IHMAJTJ9ZxPz5xg==
Az5MCU9IHMAJTJ9ZxPz5xg==
Az5MCU9IHMAJTJ9ZxPz5xg==
Az5MCU9IHMAJTJ9ZxPz5xg==
Az5MCU9IHMAJTJ9ZxPz5xg==
Az5MCU9IHMCNKCZpjw0sqA==
Az5MCU9IHMCk4rOZtJ5JdA==
Az5MCU9IHMDeP57WUgWpRA==
Az5MCU9IHMDeP57WUgWpRA==
Az5MCU9IHMDeP57WUgWpRA==
Az5MCU9IHMBJybR1+Phv/A==
Az5MCU9IHMAXKAkBRUfQTA==
Az5MCU9IHMDpUfqP1LHImg==
ljElAVNpkrL1FXsIKnaQcQ==
ljElAVNpkrJni237qSkH+w==
xINsxu1VQ+RPuA9pCUpoig==
xINsxu1VQ+RPA2K6jxIiLA==
xINsxu1VQ+Q+8fZyQCFDsA==
xINsxu1VQ+TyCWIcDH7BhQ==
xINsxu1VQ+TyCWIcDH7BhQ==
xINsxu1VQ+RlBUEliw2B9Q==
xINsxu1VQ+QzI8CMj6xYblHtek9VtmaH
xINsxu1VQ+RNYXGXuIjiqQ==
xINsxu1VQ+RNYXGXuIjiqQ==
xINsxu1VQ+QCK7xEXKAcMw==
xINsxu1VQ+QCK7xEXKAcMw==
xINsxu1VQ+TptrEZwOR6AKFGpXQLuiZN
xINsxu1VQ+R687u399MwgQ==
xINsxu1VQ+R687u399MwgQ==
xINsxu1VQ+TWpT4AqHno8g==
xINsxu1VQ+Szino73OTA9w==
xINsxu1VQ+QCroVTRPZRmg==
xINsxu1VQ+QCroVTRPZRmg==
xINsxu1VQ+RYV8fqUjbOgA==
xINsxu1VQ+QCLvQryW4YYw==
xINsxu1VQ+R6LdFg83ikMg==
xINsxu1VQ+RF1zmSmq26Iw==
xINsxu1VQ+SA+xurZgYPYA==
xINsxu1VQ+SYTwBspEkdsg==
xINsxu1VQ+Rh+whDBYe7sA==
xINsxu1VQ+RR+Kd8MMnHLw==
xINsxu1VQ+Th97Bf9McxGg==
xINsxu1VQ+TGwIWVml7GDQ==
xINsxu1VQ+RJ/NVvXeftsQ==
I9s6o6xtbBXrcaRYX637vg==
I9s6o6xtbBU8yPitt9TN9A==
I9s6o6xtbBU9mvCeBv5nxQ==
I9s6o6xtbBXsPFl7yTgxLg==
I9s6o6xtbBUUXgB/mlz7fw==
I9s6o6xtbBUUXgB/mlz7fw==
I9s6o6xtbBUE0mgMvOvIkg==
7JbadqU6pTk96JyZBlZcnw==
Ip9KdFV5Sg2EzqOORKuOpw==
Tdg9raPbzxnSlhlm1cIX0VCr44mtFi+B
qRuAQlHuF6y7GhIbOMQkmg==
qRuAQlHuF6xu5CJyEVXiEg==
qRuAQlHuF6zWBo0TgkyESA==
qRuAQlHuF6xLIn+hr8JjVg==
qRuAQlHuF6xLIn+hr8JjVg==
qRuAQlHuF6xLIn+hr8JjVg==
qRuAQlHuF6xLIn+hr8JjVg==
qRuAQlHuF6xLIn+hr8JjVg==
qRuAQlHuF6xLIn+hr8JjVg==
qRuAQlHuF6yOYkGVk/Z2hw==
qRuAQlHuF6wm5MYRIoiFxA==
qRuAQlHuF6yHm3PME67PmA==
qRuAQlHuF6zHwoN/MVYYEhnXFCCd5euc
qRuAQlHuF6wEpxErQ3tHLA==
qRuAQlHuF6zEl+da4F6QeA==
qRuAQlHuF6wspiB2PE+zQg==
qRuAQlHuF6wspiB2PE+zQg==
qRuAQlHuF6z7KI60KuMTew==
EhSEgJUjkyV4MnC5GP4eOw==
EhSEgJUjkyXVQymylsodpg==
EhSEgJUjkyWEqRY+cuOLGw==
EhSEgJUjkyWEqRY+cuOLGw==
EhSEgJUjkyVlCW9pfH6qug==
EhSEgJUjkyWVC2nz0VXTsA==
EhSEgJUjkyWjFcpwq6Zn0A==
EhSEgJUjkyVcooFmImsBBA==
dRfqBPM2JIPbwncBOwtUSA==
dRfqBPM2JIPFVltT7ipsUg==
dRfqBPM2JINcFrKYI167tA==
dRfqBPM2JIMKasibMuf+vw==
dRfqBPM2JIMKasibMuf+vw==
K/rzK1105sUR5dSlenafmA==
K/rzK1105sUx2wu95rjJ/Q==
K/rzK1105sXAR7BL1q3OfA==
K/rzK1105sXAR7BL1q3OfA==
K/rzK1105sU03mZ/2cpyuw==
K/rzK1105sU03mZ/2cpyuw==
K/rzK1105sU03mZ/2cpyuw==
K/rzK1105sUmkViAqv7yOg==
K/rzK1105sUa1AxRVTzudoou34REq/Pj
K/rzK1105sUad/pZCBUEFg==
K/rzK1105sV2vULRUJ+Kyw==
K/rzK1105sUzNW08i5gqQA==
K/rzK1105sUCHco5fY/JAg==
K/rzK1105sXe9m9kQzuaVQ==
K/rzK1105sVYLlEGtQqP5g==
gSlhKhJ5A3iB7jnXK3nnhA==
gSlhKhJ5A3htp5J+GAfOBg==
gSlhKhJ5A3jpFQs1iHvJJQ==
eDo2ggUhXGon4Sj2UNblLQ==
uWfSexxBIYZA2gbSObsP7A==
uWfSexxBIYak5PoSMGsdGQ==
uWfSexxBIYZUkLgR0hepIw==
YoCTwnnnRc52rqoXM+eOKA==
qX7BW9KrMd9hm86LeSmssQ==
qX7BW9KrMd8IpfYez3fYRA==
qX7BW9KrMd9BrjUTyjKdUA==
qX7BW9KrMd9SzhEzUdEmEQ==
qX7BW9KrMd/JoAoNyS3gFg==
qX7BW9KrMd90lKqoCVGdEA==
qX7BW9KrMd+Z0UirOSWRlQ==
qX7BW9KrMd9zlVLRfQAmLg==
UgskHo3KyYUoE2IfASArsA==
UgskHo3KyYUoE2IfASArsA==
PJrtwac8JvOO9GL4IRXcOQ==
H13qdG2ZDUZPEisKZHed/w==
H13qdG2ZDUZIGB8vRWAYOg==
H13qdG2ZDUZeNPZO5sBAbQ==
H13qdG2ZDUZr4SHotSkKyw==
H13qdG2ZDUYxl9rZj00UZA==
H13qdG2ZDUZT5XccaTqaOw==
H13qdG2ZDUZaTBXrtmULxg==
j0Ma/+S9ybIx0Vfk03GczQ==
j0Ma/+S9ybIx0Vfk03GczQ==
j0Ma/+S9ybJ3o7gSG6wqnA==
j0Ma/+S9ybJQU2dsYAnAUQ==
j0Ma/+S9ybKDYXwFu1ETJQ==
j0Ma/+S9ybJSGROg5hk7IQ==
ms0K1dvXdQSFGkEMuan/qQ==
ms0K1dvXdQTrogl6YluN9A==
ms0K1dvXdQTrogl6YluN9A==
ms0K1dvXdQTeTqbErHeJag==
ms0K1dvXdQTeTqbErHeJag==
ms0K1dvXdQRCgmJeI/vhzA==
YIxJip6ThVoQ97ZHmELwpg==
HCuyK3cedg9h2NtcGnEClg==
HCuyK3cedg8tdfMau8d7qg==
nUdIE6sqAElf/0BHwhozNw==
nUdIE6sqAElf/0BHwhozNw==
nUdIE6sqAEmNHiyXiWhvLw==
nUdIE6sqAEn9KdYC/a7eAg==
nUdIE6sqAEkjPn2xU3jSqA==
nUdIE6sqAEm1Ab8o6BOerw==
nUdIE6sqAEnt2d7dP2Ni0Q==
nUdIE6sqAElidAg3FGZM8w==
nUdIE6sqAElvfcyoUpCukQ==
nUdIE6sqAEkg4HBRKxxLfA==
dIGon/gqmnoNa9TNYup3Vg==
dIGon/gqmnqrwRj5xy4d1A==
dIGon/gqmnr86kMA3q/VRw==
TQCVPp61rbV0lEWlgRDRDg==
TQCVPp61rbWmqhKyfIcuNw==
pJ1km0L9x+I1gb6CtPWU0Q==
fXKmMFVmPOCDNQfV8ATxCA==
fXKmMFVmPOBGIGtmg+GtBQ==
fXKmMFVmPOB2egi//8dz5A==
fXKmMFVmPOBBRii+8GhQ/g==
fXKmMFVmPOBBRii+8GhQ/g==
fXKmMFVmPOA+ESBsBE6B+A==
fXKmMFVmPOCqnbtOwZDo/w==
fXKmMFVmPODX2h5+5kBFeA==
fXKmMFVmPOBTXvWqtgj5CA==
fXKmMFVmPOBM0sbraidcIQ==
fXKmMFVmPOBDziMYOkYUzg==
fXKmMFVmPOBDziMYOkYUzg==
fXKmMFVmPOB/Dr/+GfqhtA==
fXKmMFVmPOBtIjzbAVlhJA==
fXKmMFVmPODws3EugWtcAQ==
fXKmMFVmPOBNcFwTU7fJaQ==
fXKmMFVmPODuhZ9g/b4z7A==
fXKmMFVmPOATTzrALqqq+g==
fXKmMFVmPOAWJheBGicDQA==
FlP1p/vQTp3LqkQjs9OlJA==
FlP1p/vQTp1xhn6GyCYUGg==
FlP1p/vQTp30Mzsa747Ruw==
9flfu87xitZKntxkzvdvQg==
9flfu87xitbS29q28JSTAQ==
9flfu87xitZu082G+h7clQ==
9flfu87xitbKgK3Qt9haMw==
9flfu87xitZA7QGjJH38bg==
9flfu87xitaO49chh++DBA==
9flfu87xitZIKI3mFIIhYg==
9flfu87xitZ7N7+m0ft8hQ==
9flfu87xitaZ7+2O44eqMw==
9flfu87xitZlgHc9ljGJbw==
9flfu87xitYhZHxvyiU0Eg==
9flfu87xitYRsjI13jncdg==
9flfu87xita4PDjVpvJkwg==
9flfu87xitbemqqAYVDrqQ==
9flfu87xitZTReWTEdOQFA==
9flfu87xitZTReWTEdOQFA==
WrlOZgm/3dzGN5EzXDPvbw==
WrlOZgm/3dyj55JpUHFDZA==
GQj8MWhXdRJPbolQyOcYkQ==
GQj8MWhXdRKlcIJ7vDCwWQ==
GQj8MWhXdRKlcIJ7vDCwWQ==
xZdQKnKKgMQXjvwyiX3AJg==
xZdQKnKKgMQXjvwyiX3AJg==
xZdQKnKKgMTekBGZpj5Ppg==
xZdQKnKKgMRb24tXFNVYJw==
xZdQKnKKgMTRcqCnI6SRqQ==
xZdQKnKKgMT/lesmD5xp7g==
0HVnMbJkbv5vig7cfYsK+Q==
0HVnMbJkbv5vig7cfYsK+Q==
0HVnMbJkbv47igIOrLydhA==
0HVnMbJkbv5iv+4oLKxoVg==
0HVnMbJkbv7qAnIogQ2PMw==
0HVnMbJkbv5zqwZN8avaKg==
Jw7ek9vCd50SAHrI/iRWiA==
K+/IPyYy72fk6n1ceMIpdg==
q0RJH3D04A5aRrAWAiPghA==
q0RJH3D04A7yVbSRhE1yUw==
q0RJH3D04A5NnSX/i1rUTA==
q0RJH3D04A7MJo2XRDc7/A==
q0RJH3D04A4tvZgo2UFTXw==
q0RJH3D04A7usUGDiq75QA==
q0RJH3D04A7T2uj3zYi5hA==
q0RJH3D04A7doyicd7tnzQ==
q0RJH3D04A7doyicd7tnzQ==
q0RJH3D04A7doyicd7tnzQ==
q0RJH3D04A4Y2mnHOSw30Q==
q0RJH3D04A5pSEdhjy6bgQ==
q0RJH3D04A7VnKL/gxHr9Q==
q0RJH3D04A7aJYTDOyGcBA==
q0RJH3D04A7KAh8F2d4WzA==
q0RJH3D04A6WsjR7BOF2Og==
q0RJH3D04A7hBugpyzwWZQ==
q0RJH3D04A6Da1oELyhyCg==
q0RJH3D04A4gd7jWZ6pVqg==
q0RJH3D04A7Bq0ARxO3weQ==
q0RJH3D04A6X2yo0wVDTyA==
q0RJH3D04A44OgmrhpebmQ==
q0RJH3D04A6LZnODZ1ovrA==
q0RJH3D04A7czFI85u0wOw==
q0RJH3D04A6tZHakHnRRDQ==
3zDbJBiZTx5aKQefXOaeMw==
3zDbJBiZTx5zVAuqbQrUjA==
ZYirywUyQ9/i/oYC5J3tDg==
ZYirywUyQ99D6UgRGvayuA==
qOYgRegsEJ1M43fh1YGSCg==
qOYgRegsEJ1M43fh1YGSCg==
qOYgRegsEJ1M43fh1YGSCg==
qOYgRegsEJ3RJdunxxFReA==
+XpAZ897mYw5Y2vRgBZLKg==
+XpAZ897mYwrSfUX20QbaQ==
+XpAZ897mYw7F7Smp+v0vQ==
+XpAZ897mYyt5VWXM895Vg==
Aigo9PaLBrPfxxOyWYRKCw==
Aigo9PaLBrPCJUXokd6NLw==
Aigo9PaLBrMOFWdbYi+W2A==
Aigo9PaLBrOg7Gwv/5XZlw==
Aigo9PaLBrPsXxJbaRwdow==
Aigo9PaLBrNbwZjLgXrRpA==
Aigo9PaLBrOAL1SxM3iCVw==
Aigo9PaLBrO8ew1i95IsyA==
Aigo9PaLBrNIg0duX4kTbMOkcFQLj3ZA
Aigo9PaLBrMwErr0VFJEWA==
Aigo9PaLBrMwErr0VFJEWA==
Aigo9PaLBrMwErr0VFJEWA==
emWQpfQ0yPWaXCYVAPhzYw==
emWQpfQ0yPV9Ja9HFWNq9Q==
7eVLb+WVD5VLZd6Dgm2hCg==
7eVLb+WVD5Xzfq+PT2B5Xg==
7eVLb+WVD5W04IEedr7Sng==
7eVLb+WVD5WpTGsznQw+Vw==
7eVLb+WVD5WpTGsznQw+Vw==
7eVLb+WVD5WpTGsznQw+Vw==
7eVLb+WVD5V88uUVt7nA/26DGyN5herV
7eVLb+WVD5Xfmkon4kSxzg==
7eVLb+WVD5Xfmkon4kSxzg==
7eVLb+WVD5U88/mbosdCtA==
7eVLb+WVD5U88/mbosdCtA==
7eVLb+WVD5VrRbITbChh4Q==
7eVLb+WVD5VljauhDI3eSA==
7eVLb+WVD5VSH66qK0QGFQ==
Sk8YSxtOOsUc+u75C/6fBw==
Sk8YSxtOOsWZxVCB/TwEZw==
Sk8YSxtOOsVBd7xctN0GUA==
2smFwAsYwL7p8Q++NiQDYg==
2smFwAsYwL7p8Q++NiQDYg==
2smFwAsYwL6/5Fr8UpY0ow==
G2of1VnJ8ae3lrNxcwNSvg==
G2of1VnJ8adICC20uBrfZA==
G2of1VnJ8adcx6zvB3z35w==
7yiBvJkVHM/Nxioy2RitGA==
7yiBvJkVHM+KEfJHbzUHOw==
7yiBvJkVHM9BvSPnlI9mLg==
7yiBvJkVHM/jeW8/Czrg+Q==
7yiBvJkVHM/jeW8/Czrg+Q==
7yiBvJkVHM/AOQsQZJ77uQ==
7yiBvJkVHM8Xzs4Esqtxhg==
7yiBvJkVHM+He86NlUMytA==
7yiBvJkVHM8Ydad1c6QHMw==
4HxUTprtHnkiixoOhigzSQ==
1W8qFr5plz6WyFLncZYyww==
5XyT3L7ukiLcUaVwfHRgzQ==
ES1RJ5kd8EbZPOhaNZpvZkG3uWD3SdGn
ES1RJ5kd8EZphT2yVlJL/A==
ES1RJ5kd8EaoJ+n4OmevBQ==
ES1RJ5kd8EZD2y1VGTOB/w==
ES1RJ5kd8EYxmH/acNYLHw==
ES1RJ5kd8EaCdV2jDlM0kg==
A+sueSOFvL01qCGyL8cdVA==
A+sueSOFvL39XfDNpUdTMA==
A+sueSOFvL119VogA3XLvA==
A+sueSOFvL119VogA3XLvA==
cekzbZSffusuWDVBDopX2w==
cekzbZSffutPWQ3LMZc6bA==
cekzbZSffuutdAgbCllKsA==
qTiuZKzwAOvT1OjDaSN/Ig==
qTiuZKzwAOshPj4GLgHPJA==
qTiuZKzwAOuYhw/r8YwN8A==
qTiuZKzwAOulor8Nor43HA==
qTiuZKzwAOtvduGmAAmtvw==
qTiuZKzwAOtvduGmAAmtvw==
qTiuZKzwAOt6qFNuhm015w==
qTiuZKzwAOsAX+HTHeL4vA==
iSn9w5DU6aaJNJEDO+mCbQ==
x14TPCe5QF4S92AVs+bWXg==
x14TPCe5QF5IZt4vEF8UPA==
IdTF/9BiesZ6wEVG4IR9+g==
IdTF/9BiesaroJliHk5siw==
IdTF/9BiesajuYy7RgyhqA==
IdTF/9Biesb8cImmJcXEtQ==
IdTF/9BiesbOmDSOkCSOrA==
IdTF/9BiesZ0nH5yTrRXXA==
IdTF/9BiesZ0nH5yTrRXXA==
IdTF/9BiesaJA/uif9CV6A==
IdTF/9BiesZ6zWtdSJnQZQ==
IdTF/9BiesYjZedM6uQ5AA==
EAnFiI7QczUTpw+Y114sIQ==
EAnFiI7QczUTpw+Y114sIQ==
EAnFiI7QczUo58UpSviLCw==
NErbAi0jRvo254n8a+/9jQ==
NErbAi0jRvq5KAhvA0mlqHhV4G1SFfpM
WXYSJlPKkPnCOGjMR8pfFg==
WXYSJlPKkPnCOGjMR8pfFg==
WXYSJlPKkPkqFbtnV0w/zg==
lSDyTmvh7wboxw6v1xBvtQ==
BfapiV/3QkZY0KlFGMSeLQ==
5+yx3uGyqTnbvodMBS27/A==
bC54nyYUYvOambKgEC6zJg==
1p0o4Z34V1hYSyHxNUBvlA==
0N5QWMaexM41ki4cJDhIeg==
0N5QWMaexM6XhJal6tnlRw==
0N5QWMaexM6XhJal6tnlRw==
Dc9eN7Uhfbg=
UvXj0oqGSZA=
UvXj0oqGSZA=
UvXj0oqGSZA=
UvXj0oqGSZA=
niSbH8Llgr8E79vCGSIofA==
niSbH8Llgr9IvDX83qezCg==
qdmR6VjjcdXHMzYi/WTbbA==
Z1r4extxh8I=
+Id530MAcdc=
R0qZA548hYY4o7Kz1kXE3w==
I6geWrAcAY4=
6sD49NYc3hUoEfR4s7cQ2Q==
PVLQTDZ8jtU=
vqDttrvqENvCNdtXMguGkA==
RCX4eaFoXpE=
HX3xlrKAv9k=
A2/CNfSZWa0=
A2/CNfSZWa0=
HMCYxJWg+lNBsIS3f24V4w==
ZJxWXfo0jcnxvlUFAaJCqg==
sFhSrl8Hbqipedf7tyZm6Q==
sFhSrl8Hbqipedf7tyZm6Q==
Go/yWxXjk1SMXdSaFmTmNQ==
b/Q2Ue/U1PyCP27oEkprOg==
/vNlwRwOc4QBePygjVPCAw==
smWAjfPaVjkG7rhSGBWpxw==
q9xNOCk6Bx4eoAa5FLrw5A==
av6UTRlblEU=
62s10sNjcU4=
62s10sNjcU4=
6x37yRwQkJpH1JRwu/n7+w==
ktdX8Cq/RAc=
AUQz16okpF0=
08JjtXJe7u0=
lSx1VZ1+F48Q8ciKs9pjlQ==
lSx1VZ1+F49sTXu2AYo5Ug==
BlZBqtKBYV7Yx35tU74vnw==
zwB7PhTHCS+iJG/p69xEEA==
AZMJTfvepMOgpGgCLb54nA==
b8cCF/63/r8=
RtdRDjHKbEk=
uk8fkJfYIGZA3iYCaiLNXA==
6kJaQo975kQ=
045C78KXMzSCKggb/sJznA==
KMVF4UzW8KY=
I3q/iVYMU0UAYKifwDh/4w==
/zvsGrIwwxpuoimkIACg4Q==
k+fHO31hv/Qo0q9ThH5AdQ==
b4aS/cw0jk3rYvx+wxfnQg==
xOwSDMwgzJJHNK4QSZv7gA==
Vy3RViY1Lpk=
A3UVIEZgaTo=
A3UVIEZgaTo=
A3UVIEZgaTo=
A3UVIEZgaTo=
A3UVIEZgaTo=
zci4q7ofR9W1LRlwM6BcTg==
GD4pF5KT/rXndDJwkop02g==
dbVo/5fvcOwr7DtPftpGCA==
j0+HWI/C4JM=
67Ye8ctB44vNn6fV1+RVwQ==
BNY8XRoaNi8=
chEZYtvQUTI=
ol9GWCvFzNPovm+r8dUokA==
aYVOIumpR3aPcajSofROUQ==
aYVOIumpR3aPcajSofROUQ==
ssGWfiJ1niE=
cpt9ff12lDE=
vISliLS2Q/I=
G96bytX9v8Y=
G96bytX9v8Y=
G96bytX9v8Y=
MKL3pytqpbiTftyOItXjV2/nLJgwoSer
MKL3pytqpbg4kpxPA+qeYQ==
MKL3pytqpbg4kpxPA+qeYQ==
MKL3pytqpbgfXvH9VlaVsA==
MKL3pytqpbgfXvH9VlaVsA==
vYHG0KNHErw9LnCL6Wc3Gw==
vYHG0KNHErw9LnCL6Wc3Gw==
vYHG0KNHErw9LnCL6Wc3Gw==
vYHG0KNHErw9LnCL6Wc3Gw==
vYHG0KNHErzuzuTpppqxw2ujyfEy+KIo
vYHG0KNHErxmtE0LTJmfjTuRQ29IGEge
EudpApZv9EnJQ7v1jYJIbw==
0mAw7czjrTM=
xpSZmm2JJGI=
LzLV0CxwehMey+lViwgOpA==
z2H2gZ2c5d8=
2byqTKAFYYo=
31dfWmzlOABV6GkoJFXq5w==
lBOWjFNAb7443INIEEx2FQ==
mT52TtosimU=
yaQ88vEcGcoH4+9Egl5IGw==
LsUK6vo8B/4jmNRKqEJVPg==
lmQDII0eYfw=
bNvJIihdhTTjKgbdKe0Clw==
GkSl16vwJPrvV2/oJpX3Pw==
d/+aucGPy/gA7+uXjCl+dA==
d/+aucGPy/gA7+uXjCl+dA==
7R9D5XSQUx1ms8uiMCqILQ==
trIR9n4NMxRXJBY9tB7PeA==
OhfuNvCtkBB+fZWfG7g0TQ==
OhfuNvCtkBB+fZWfG7g0TQ==
t9MQjZKxz8/t9PKl9dtNzQ==
ga02XpraNro=
srkcoECxFqs=
c/F1MkLVPG/5HTf/BeEJrw==
c/F1MkLVPG8i4SfQyHh6JQ==
tNTlxJ9vhPM=
tNTlxJ9vhPM=
bHkExep5y8erfKk+roZDIw==
bHkExep5y8erfKk+roZDIw==
bHkExep5y8erfKk+roZDIw==
bHkExep5y8erfKk+roZDIw==
AAGtRFYA+qLFzWwVcP6UGw==
Drsr3tNYbgk=
qaR1l0lpPlM=
TGIQ+2jp4MNkv1/N++lIPq30FPMt99RU
xYhiuxLoYDcqb64/WgvMFg==
6/wrvF9Fnc942XXnmBCKkw==
kstZsvDSMvubglzp5Bi/9g==
bwfW3zRxfH16K8Vz06TAPQ==
fx6/d1VVf5k=
fx6/d1VVf5k=
UpG9aXFWSHFtcWuDfJtLPg==
yuAVz/+MGiTuCoNibbB+3Q==
yuAVz/+MGiTuCoNibbB+3Q==
yuAVz/+MGiTuCoNibbB+3Q==
UIYl8EijuEucvuD2mqQXvA==
UIYl8EijuEtLWf/yVXafkA==
ICCF4Je1EnSC/zRq3Azg3w==
ICCF4Je1EnSC/zRq3Azg3w==
TayY++fLzW4kloQkuXar+Q==
TayY++fLzW7nH5E1ePOszQ==
TayY++fLzW7nH5E1ePOszQ==
TayY++fLzW7nH5E1ePOszQ==
TayY++fLzW7nH5E1ePOszQ==
TayY++fLzW7nH5E1ePOszQ==
TayY++fLzW6l5MRWa0vGzIUqVmTwHRkt
TayY++fLzW4Kl8FDmIIrwhJcONkpDwdM
TayY++fLzW517TtvmSJe6oScmadCfXDt
AWhIcH909lI=
AWhIcH909lI=
AWhIcH909lI=
AWhIcH909lI=
AWhIcH909lI=
AWhIcH909lI=
AWhIcH909lI=
AWhIcH909lI=
AWhIcH909lI=
AWhIcH909lI=
Z66upSnEnrMqWn+4WkuWsQ==
Z66upSnEnrMnqfjHiY0sIA==
Z66upSnEnrN1kqNbIk37Zg==
Z66upSnEnrOXNwZRx56Huw==
Z66upSnEnrPkhF/GM+fv1w==
SOGGADOnNGOgW6JibVRxrA==
SOGGADOnNGP8LYjUGFGSGA==
SOGGADOnNGMuva7TpHhPxQ==
SOGGADOnNGM4MsHdLY965LIY+wRY9BiV
SOGGADOnNGPsVIpHhrrSYA==
SOGGADOnNGOv7rjMGW2akA==
9CEJqDeLQHCasrIU7K2t5Q==
9CEJqDeLQHBekMJPeIoR6Q==
9CEJqDeLQHANsLtgGNid5A==
9CEJqDeLQHB93okAx+sRKQ==
9CEJqDeLQHBvNcoUJJFhjEE0I616au5O
9CEJqDeLQHCvwlBXJ7qPaA==
f6SYhDNaWgfMIo7asQ5vfw==
f6SYhDNaWgcGc1Pd4/1kCQ==
f6SYhDNaWgfQTtPPHO9gVg==
f6SYhDNaWge5Q8hS5mwYCw==
f6SYhDNaWgdyqDYuBY69HA==
EgarQIuYNjDj/xqt+l+3BA==
EgarQIuYNjAYP3hUvdT+Iw==
yM1CeFUUuO63J3v43j/JAA==
yM1CeFUUuO7HODq1sRRcfA==
yM1CeFUUuO43VPtB7Va2ug==
yM1CeFUUuO7QP35lqI29kg8iKIBYVfMl
2hNLeJr499ESPWFUThkQngUy+wJ1wCwk
2hNLeJr499GGKxQDaQUeO73NjM7u6408
2hNLeJr499HoLvUo5uhMBw==
2hNLeJr499F+lVS9QSkw3g==
2hNLeJr499EHB5U48RT2sw==
2hNLeJr499HsZ55jUruGiw==
2hNLeJr499FGH73Vahw6SZAU56sCif9/
2hNLeJr499GIqCXImsoB+A==
xkIHMte5tVl1WyFyoH6Ruw==
TvLAwGKWyrfd6/hR0j0ZXA==
TvLAwGKWyrfYRyl3eNCmQ0zRG5ZiaUo+
TvLAwGKWyrcjZ697dgSVXQ==
TvLAwGKWyrevRlfxelx8ew==
TvLAwGKWyrfUhOuwjvOhwQ==
tZKvYxOPpUV0GVRUP7eJOg==
dz/xxCFkvUn42TT0YQwBEg==
dz/xxCFkvUmcOgCsoFhIPQ==
dz/xxCFkvUn7MtlMvUxk6g==
aKwjjeP+Wr7Zp/MGQGY4l/GuRlHQ/BPr
OjN2X46i95ZnJ3shRPNDWw==
OjN2X46i95ZnJ3shRPNDWw==
OjN2X46i95bjaJbnrt0UCQ==
OjN2X46i95bVU601meyX4w==
OjN2X46i95Zfw91NQtGTOw==
OjN2X46i95YjDEOLL0p04g==
8L/2eFe0XJOzxV9MzFOyZA==
KXX4FhpBdlU=
kOlGzBC7ZXcg2xJi/39qjw==
Qvt/V0KxjZY=
7l07LL9RxCfEBPkA6rGuUQ==
ixTdibCi0A7lm8s6RWWrgA==
ZZTlIjZArnF79pQJa4HIAA==
ZZTlIjZArnF79pQJa4HIAA==
bobMYlHhtiq7zlsbZF+lRQ==
IgTne0F7wME=
IgTne0F7wME=
qyqtBP0rp0Y=
+3WUrw79R8SOja6p4eImpw==
adbPL2/VabehAYpA/2ilIYP+PfeBoIub
rDbHI5nTxOpPIgtZv+my8w==
sqzMY2pshTKgpTwMYHifNg==
O0Fg67tK+O0mkrO2tsrVjg==
O0Fg67tK+O0mkrO2tsrVjg==
v2rwTaJ3ymQ47Ry7YgLxqw==
v2rwTaJ3ymQ47Ry7YgLxqw==
v2rwTaJ3ymQ47Ry7YgLxqw==
v2rwTaJ3ymQ47Ry7YgLxqw==
v2rwTaJ3ymQ47Ry7YgLxqw==
tacbPD3JfkzqZbm7JyOqHQ==
tacbPD3JfkzqZbm7JyOqHQ==
p1nk4IuNR6e2u2qNxgoJXw==
uT9jO8/KRB0gd5EOhTc+SA==
RTFHPrW3fwYYi6RWiIwqKg==
JDWPv1vwKEM=
IN9LHhgItoQ=
IN9LHhgItoQ=
eBp8T/YXuq3W+mq6QnQWaA==
QGHxMpBcbGzOUtf0kVuGEw==
ZGds9pAPI68=
AQgpXH2i0z8=
GQLri+eWmFdfIFj5/nPnGfHqjz3/2vv4
W2HoIGFtu70=
XCcdzn/oT+M=
xRdmfXQuSrAZXb38hRlrCA==
PIf0AMVnDenhqpv7uK+E3Q==
Lv8PGyHgjAo=
yORBSb4iOUzdeWocCH4xnA==
yEdjbLU2jC0=
iEb/178QUnw=
McqlAQb88gY=
gRx5RYMpAomXO9j+wr4ocg==
KbuDisoeqrE=
zqSCUV3WUibAF3IDneMkFg==
vZkumPlfdNObPl1QQDL3ZA==
5j+i0MTB43I=
DDcGN10dNsj2pAfwnt63rQ==
lbOQiYj/O7Q6ztQKw+lLyw==
ae7JIpsza8E=
xKTTnn1mvQFDNMz8PgyR9A==
JydGqWnUbL4=
MIDAUlmDcvw=
StoGF7cWqU8=
icAEMYK//mc=
q/5Ig5qxbRVzrQ28TpH7WQ==
lPuKwe0PxPzbKgqn3Zr0TQ==
y7aIKhf96Q1YBl3agaGBlQ==
oOP+TkzKgKE=
pV8Rl91HXhtHoYCLl3Eobg==
zS6PhvoycAiUJ+njRZdo6Q==
d6npawNupROWB+bPjc/FSg==
m9BJOWtf1KA=
aHfsrulC9mI=
eqhnUiqirBo=
XePr4/SBgeM=
+UMSjVhaLZUuY4eMouAxLw==
UHy0pzKf6lM=
pjEtQm1LX5fs4mNsaAVnnQ==
s/f/gVOGDxE=
yLGaVYXFegQ=
VJz92u1BDUY=
vUdpI7OiIJ8=
usfL9ucc+M2I4BDIdDMt3w==
FexcsaVM884=
5rsKK5zlwoJs4sT2Mcrrcg==
XcA7FPPbz267ue0nHrLgSQ==
ryR6/FR8uPM=
ss1X7CA2ki4=
YYp7TDvMTuc=
YYp7TDvMTuc=
YYp7TDvMTuc=
zMX58qvIYcf6lUGe5yVbkQ==
IGLGsbK9n9hKlFCkMp5NcQ==
JEUrAi8tqE5ngFiSgGcLbw==
JEUrAi8tqE5ngFiSgGcLbw==
p6VOlMhWm8FbnO3UE5YHpQ==
p6VOlMhWm8FbnO3UE5YHpQ==
p6VOlMhWm8FbnO3UE5YHpQ==
p6VOlMhWm8FbnO3UE5YHpQ==
p6VOlMhWm8FbnO3UE5YHpQ==
p6VOlMhWm8FbnO3UE5YHpQ==
Y+N+kPf6W4k=
X1D/iYG3H9d1N+mQEcplmQ==
U4frA6z9+6TKhnHlWsVAcw==
8c4RQ9xJafY=
RG4G4rd3HmUTosj5ugIbig==
AXFN9OpHx6I=
HZI8UufTugBeNm9Ht8k6ZbWAI93m5VoX
IB6hmbdgsxA=
oMm707LlZ9Z20YloXRMnfQ==
1mX7GaRJIGg3zBwmXMi0iA==
Z1mEHK8ir3Y2q9LMpAB1Rw3gz1DEwDj0
/zeoquQqqk2s90ShhsEwFg==
hCqWbQMDZq8=
hCqWbQMDZq8=
k++zd2zbqs4=
k++zd2zbqs4=
CC+/t8ROBvna6c+nwBhtaQ==
CC+/t8ROBvna6c+nwBhtaQ==
4hqkGY8ODzw=
gStrVUqWCHQ=
gStrVUqWCHQ=
gStrVUqWCHQ=
dsudJZHbpGl52kaZpluiXg==
wUE1S98k9yg=
Q0aIJQyA3QE=
JpZ/f3YUZV0=
b3oStO94V6w=
U6d0K2Ea6xI=
9SYvnk+mqaM=
nM/MYg0g/F6/hWDtPJZKHA==
nM/MYg0g/F7MDz9WcbuTcQ==
AgHu8MtTDJvXLQt/agKF9A==
MugkbXFlZsI=
uboq8EMXgRfkUIfaaRNYMg==
dcjJTHmPbLg=
vWDsBxpTrNA=
0MeOMKX5ouA=
/T9ZswGx9UU=
3HoVoGuUe7I=
HUP1r+X2vRU=
B4juTB6UXucmSG47fIL6iQ==
nYNztOcX2xcsrrhj+VDcNw==
8A3v54+lvcw=
pjOtD1hkrfE=
/7lAKtkkC5deUYQTnhfJ/Q==
OmNp3m0py0BHUfTMMUSIoA==
xoYl0N0dFLQ=
NMjqYrQ/cr/1kz5QyH6W0A==
Cr0NLvqxOjPOM5DksLWJfw==
Cr0NLvqxOjNjiCXcGH3tCw==
Bvb+YUY+ItAGEo64NXD2kQ==
0I4KFkAFDs/GCuoUU3B6eA==
YZ2fiaJDGDHn+eTHOCjrLQ==
dtmAQmcR7OnpdcnM/j7nXA==
dtmAQmcR7Ok/Kq15JS5sL5CA4L47Enjv
7pjP7Q1K8bSDbVmRGv5E7w==
u1VbaYhDQeI/VTeDUpX4yw==
r3wHq0C7Gh3TaGBEEjTZcw==
xSJjoF5Fm9vV0T7zLDyzPg==
Jgrjc9YGWka4vUkhzuCH6Q==
Jgrjc9YGWka4vUkhzuCH6Q==
Jgrjc9YGWka4vUkhzuCH6Q==
CSbw6+CXMBoDOT50rtvZZQ==
4MWu8Om/Q2UaiGf4xnlJfg==
Vc1JgaUDwls=
lUBxKycvhQ4iTgCNDEwi1g==
ZnFF5sAl0dk=
IGL74r2LgIE=
SqkJylVMcr0=
qTm6Bl+3M2s=
PmNId28mXKP2ODj0MalC9Q==
aq88cJ6kXss+X/flQ0fyig==
KleaPEWxc90=
3jF7/hsceFkCwbo6zQ6WoQ==
aKRPDg9v/uU=
Szye3Hb4o2CleAFM6ec/cQ==
Szye3Hb4o2DhfxKQ5CEiDg==
yFRYIxgMBPpifbyrLJUaYg==
yFRYIxgMBPpifbyrLJUaYg==
yFRYIxgMBPpifbyrLJUaYg==
yFRYIxgMBPpifbyrLJUaYg==
yFRYIxgMBPpifbyrLJUaYg==
yFRYIxgMBPpifbyrLJUaYg==
vc12MSANUX0=
f9fkj3BDzfQ=
f9fkj3BDzfQ=
hvf685rGzif0k8NzgVWnVQ==
hvf685rGzif0k8NzgVWnVQ==
D4J77VBPwBU=
u77nxiyVZek=
iHL37ND7Zk0=
g5GFrlOzvTVF5ILasOHf7Q==
qiPm+f+BdPoRoVM9utA5IA==
alPFUbT2G6qEZfVh3+QRsw==
ADTjZuQgARo=
fzfUdeklgS8=
8DA7ZME1H8jytf2wgmKrpw==
wa7v2bMZOWmRbo4CwjKrjg==
Vk8DLSc+JdI=
Tdb4Rcdqw28=
4PSknySZdu4YTwzkw8KCzg==
ZvONW2NRBYw=
ZvONW2NRBYw=
E2v9BjltJpeOillSU07/Wg==
TYpJdPluLwA=
1EF3WfuUARI=
9KtIQYL6av8=
RPzBxDIpX8o=
jpBl7QmTgFc=
jpBl7QmTgFc=
SCjgEsTLRCQ=
SCjgEsTLRCQ=
sDfLEjbBQC/UlkTGI/bqkQ==
lKhqupAXyYSReG+AqktywQ==
M4cnlvjULr4=
6ekH1vkN+UhgyIsV+ojzCQ==
evhjCMQD1o8=
TJ8/BzhVar4=
hLLUt21a2TA=
WcgQq+VaFe0=
4H7OW7/6gLU=
q52pOQYKoho=
Qmd5gVBqA9N7Faiol5fs4w==
KQBkTff7XKEgH2NozwcSKA==
X5jo5lNMu5jVgayh58uMCg==
d0qaJpULlMo=
yrq7aX451Ku80jlmY5/A+g==
jbas0hYMnxW0kFZLFKMBOA==
fG87M1n/RhdC8xXHOwlZ2A==
T4ZlXLX21Ier11TW7qQhEQ==
IdPGIuuNctrTSsWsncVWng==
0bNlxvH+lXj/XAhI32eA3A==
9TCnDz1HRlLoMVszyhrASA==
UevSPerkyHpLloH15dYvyw==
zVkL7IE/CauczLqDQvZfXQ==
PTtq8r13inUSj8qoO9B1AQ==
4gs9Vt/Chdo=
c3BpuxbM4o2Zcl4dd/X4sg==
+PpQwJT1h2egugeatspmNA==
6+0jvCEVf8TcxKmPcCdGkw==
a2WDbNAuNJ8=
sGNttVrzOdU=
loqL9VeWMwocCY+Q23Akww==
3aWihuc5LX0=
3RXrObU88KuDyMUKx1yfuw==
sGWj8dAeUqJvWzo9sFnXiw==
plZsMKR7LapYBj3Gg8llCg==
AuS1OyvV+1s=
TJBVksCdBo8=
8M0iCnm3DXjt+6PJx14Ahg==
QOJPz33W094=
XA7D+nPBReX4HaF/chxA6g==
Ee3nPfZPCGE=
LGglO+o3Yfg=
NS+0DAZ1L9s=
38g0vO+B6yo=
huAHonrpR/C1Q/DMlma3qA==
GMpotwrHAYQ=
6495DnjhQqzFevW6+sA8pA==
ASvMCKVQo4A=
cQbAVTye73A=
jWm897tMidI=
jWm897tMidI=
G+AQZcHrs2Jb3G1/Vp0yzQ==
4Q85Vpegl47Pr0S4EEoLMg==
Tr0FTksNoAMwxqXCNDeoAw==
Tr0FTksNoAMwii6NRr/dDw==
P6rRikDQCpU=
jai2zdKTBUs=
2IpbWt0WUE3xelKsLWdHEQ==
2IpbWt0WUE3xelKsLWdHEQ==
2IpbWt0WUE3xelKsLWdHEQ==
IIIGqj1rQRNZI4WucPqftA==
g409j5CgjCwLBbXRqkH79w==
tVZXd/+fuiVdl5nx89H+Yg==
aH/tv3B0Upw=
aH/tv3B0Upw=
gt5wU1At31dxzyJ/aq4iMQ==
abH6mJF1Lev6Zcet+zMgrA==
oG2RT+2pmM3G7/4HoyIZJA==
hgMrP3MA+pE=
PodMV2bXbL8ntgmfp4ypYw==
QpyWWJ0gcnk=
FQMjrHa0ALisEElgSh87MQ==
FQMjrHa0ALgkqo7zWmEFCg==
FfFOZbyKB+k=
tmf9CBAf7R/+uabhPD8NHQ==
xqhney/O4NAaBbgsb3sY+w==
UstVlDjsSHU=
Jk4VV5zNOmM=
dD4EvMD0rtv2vG2Y4M6xGg==
PTlXXEE65vaj3yMuwjet0w==
mjlkDAYOrfPH910bUMNOlw==
ds7oIhH/ruAF9lPnrN/szA==
5sl3kl88PRmVjQXUj78QbA==
zR7E3tU885zoUGXO5RJsLg==
4OeVynSQxo4nRpX468wWyg==
FYk12a1YqOI=
GsZ54NZAy0JVwBMhDzGfTg==
FcR9ydf7CDUpb5OsOTGA0g==
FcR9ydf7CDUpb5OsOTGA0g==
FcR9ydf7CDUpb5OsOTGA0g==
wvY3WsJDMvKuPvpZVcenpw==
wvY3WsJDMvKuPvpZVcenpw==
gIOrInCs77isqLja/cCsAg==
lLOU6sF5GvvwIvsoaecBuQ==
lLOU6sF5GvuVyiQSYFFkcA==
BSZNoQ5KmJzhEmVAna/XsA==
240Ig7SUE/GtE0X5ppbhfw==
ioX+OF2rXOp7A2ujsSu0NA==
lb37837DqYo=
9Mx9jhBTpm/1RBZ0QxGHLQ==
auhC85rb8Ig=
9TzFGQpMl1A=
jE5w9KrO2+Y9O1kv1aHhVw==
fT+HzEHUgGpUp0c/5INBpw==
ass6dM5W5yM=
8SaPFbCjYVc=
S3oq+JFIR+73rtCw1wWRkg==
K2M/PR26CGo=
upxAVYzRqr/lqwpvCiBCug==
AdtYc8QYd3IPlAegf7d9vg==
rjee3Wi1XQg=
rjee3Wi1XQg=
eOJpsZEfnrErnf71RG+v9w==
Unkw1YYcAOax4GpeZnZNeA==
zOhor4LvfJTRMZa/cXd9dg==
jen8fuDmAJwEwdK0IVOlqA==
t3laM0p0rYmsYZR9El43zg==
SV6ZIoaGgQg=
Xn6jllSW8kU=
GEAxEXz+VM8=
7yoXVkbm/6s=
RHtYy/RQymEqI5jpYSqajQ==
RHtYy/RQymHLPJStp5bceQ==
oS2Ic5OjIH7ZjEHR6Hwweg==
ERx1SWAsILBWy21wc+nGFQ==
3T2l80zLvEv0HYMGUkJVhA==
YOmnqE5JT/BHwJ78HfloVQ==
aJzEeLid/Po=
uqidB2XIx1ehgqg3VzAl2w==
MzBAmr10rByYWhNyL31JJA==
f58vGpZe/l8=
f58vGpZe/l8=
0wkI58oj7WFyiONFlFeBhR9SKcAq5U2p
dKlcM6ah7aI=
ajgCdDpaRKQ=
QQBv/SwzcCwa37tM7k8CLg==
eWK6eXJHzv4=
qHw+hxpY5YV5Oe01g7RyeA==
96rXSkMBG84wSGX6SOXpmA==
ZeD62uFnrU2RlAvakagSig==
ZeD62uFnrU2RlAvakagSig==
ZeD62uFnrU2RlAvakagSig==
WZ+XjA+/92g=
WZ+XjA+/92g=
WZ+XjA+/92g=
WZ+XjA+/92g=
WZ+XjA+/92g=
WZ+XjA+/92g=
WZ+XjA+/92g=
jYIPPgD0SczL+Hi8hun4Aw==
HIm0g5fGO/oh9ljwtszj+Q==
78nWC3JToFWW6YfevspGXA==
WSt/9z7SanQcnvebpoy1XA==
QAQH68jx1ih3UIyOcVdtTw==
QAQH68jx1igtQm9Wli6Bhw==
FpIOy98X9KPkwXpiqUpJ9g==
5eOiif4+DgJNuRq/650f3Q==
nOx93O4U2Oo=
hlrbPAyn6+A=
aZOlT3fCedRZsGqQic5tbA==
JjzQrSZyTf8=
3IYCV8fvKWkw4B/dUM6kxQ==
og8BdouLlSKNimAqtHbSvQ==
1Z/fRaex7oc=
1Z/fRaex7oc=
1Z/fRaex7oc=
xif4JOqecgg6+rFS9NOq7A==
rqdEZw5FnFTyjfVEG/zlcw==
xbwyLqTo5atGSmcNfC/66A==
uoCXB9/HeltYByTbIzR0jQ==
ELHCh05HAa+hZ5BzsFDOxg==
AFF/LtNP27xzpIYHz0JmHQ==
0D4K2kCbTXop5sKqOAA2Kg==
bwiwqPbr8+wxJzkGMbYccA==
NcJaQeDwOUA=
NcJaQeDwOUA=
LlmZHv82eFxa0aGHcO7Xaw==
ASTduYlgycg=
LKLjD9w+WNpmhlNIbDRTRg==
3EumhPDufzQ=
iMlgzFLR2cw=
scivlb5xANE=
oShq60/Yy1bzRoTP4YNTew==
bx5nucmY/nGPwlciqLZ5aQ==
l2qfP3GLsmEvkkf3iZVGlQ==
1Zv+GgEHZ/LNIlb14QUmTA==
iz933tkKb3w=
5VY5ZM62ZpEhPTQxn9jRuw==
bEjHovGF6Kw=
bEjHovGF6Kw=
bEjHovGF6Kw=
bEjHovGF6Kw=
bEjHovGF6Kw=
ohbkAxRALiKUKGxi53xwMg==
77hs73MXrPQ=
4ARgOgrGPkmqRvF14wd4Rw==
dTWbHpgnCeM=
EoQfb+lRCZtrKqKk7/d8eg==
Qfw1Cjt6VzQ3N0aSx1e7mg==
nqiXvTCIZuOeaI+FlKOiIg==
wIyPJ2TIDudgmlhqVj+NSQ==
NSWzQUj6ZDE=
NSWzQUj6ZDE=
pCq1cFs9/TQ=
S1yyHg7THAhJ6lxWZ0WE6Q==
c+CLEBNWcWjnoMdNAHZoiA==
PzSEVwMoGUJv1DKDbC8Hzw==
0ooZ09nmX3Lu7xahs/TITA==
B5ZcXsMuDRs=
5FPlRMouxJ4=
XcZPEjMudYt6hFdNxfkdJg==
5Ynepqj0Brg=
eBAszLY8m6c=
UHgZVrVZr5M=
2wz3OI+ozqw=
gC7qOn6SVpKnooOWxGss0w==
gC7qOn6SVpJIzbGw7b6iNg==
gSHZwpbCfrKxUa6qW7ZUIg==
ztJqW9+kofAEkqWHU4cJmw==
J5H3BVMdSCMSphD5b5uLZg==
YtyR2P5zeDtg8cZz3nDuFQ==
EXI2lg8iflY=
gVzHEW6tFVtXw2QCoiQgHQ==
gVzHEW6tFVtj6wkvgYDdew==
nIKPfi7HPhrPa6LHk2jBAQ==
llmEoqcZ6I0=
llmEoqcZ6I0=
llmEoqcZ6I0=
RhcZ1axKoyfwS2gpwZRJ5A==
cCi4aNGI12l5gjnmkJqEJg==
cCi4aNGI12mPq6i97/CF5w==
FLl3EH0DHi0=
FLl3EH0DHi0=
2p6tu59DRjigZmDLyP0sQw==
Wgv/Phz24sgEFvmYhyRtPQ==
PSCAG5cZWS7OmapIy+Fgnw==
P3OInDF1cdYMEOBlWlLQKw==
Ksif5AaNx7g=
+HCRIHAm2tr84VJxu/dhaQ==
yLsiZ2EssCS7tHzjz4wUiA==
yLsiZ2EssCS7tHzjz4wUiA==
yLsiZ2EssCS7tHzjz4wUiA==
yLsiZ2EssCQVbbFEcHhZwQ==
yLsiZ2EssCSPDzzWDg01tg==
kL45IaGtxXE=
b0Psk+7F7x0=
kMHIMf4AZNs=
xCXUzu/486N0KygZja2C3g==
xCXUzu/486N0KygZja2C3g==
kPps4qxEpjK1liGdRsrWYA==
ls5CwxRtbs5R8TywNdCyFA==
hbOI+NBUsmPCCwkBe7/+tg==
/BnpXIeLLYrb8JBaJ2uEgA==
fvCrUo9hohiO0bS4qbhUXw==
cEQc7q/jO+Q=
KgY3hQNJ/NcSCz4PhHpSbQ==
3C0roDct2Wo=
HQWAkRL9bAY=
kQJNIIQ7Bhc=
ib30GlBqUMvb8TaonM4Ifw==
ib30GlBqUMvb8TaonM4Ifw==
UTwpDKSYEp1PzYhxNmxCeA==
UTwpDKSYEp1PzYhxNmxCeA==
EuaU8O0IyE/CY4ORoP+N2A==
F4GKimuXbtQ4bfNytfp2yg==
PdSDDAgcNvM=
HPHfMQnYr8RUlEfyJLzm8w==
rRCSnAWkAsouFK367iHy2A==
iQh9MpWgw9XX7VfcWSgCMg==
LJZo5tVYvKo=
umMzt7n3PyZFQWigIpNElw==
Pwhu4DNku40TFByQTyJ/wSMUD44HSziU
m82bPaBlNriFTgPbAOzCAQ==
c0ttC/w7I2I=
+EnJ8xzHLCeTunnFF/Ju9l/ORRGu8Yfp
cX4sTBUrBWhM2pfoaD+vBQ==
QbzIOXQMkv0T8PaxLcDnyQ==
18rZIIrL4Qn5J+0RIWltPQ==
k9S0qK4XLNw=
6zW8J1W03a0=
rRPlVrqIFPxJ+rCsbG+3nA==
7Cs3zkOfr1k=
i2eLqT1Hupa9DViOzAYw0g==
AT/7sJdmUiV9ksbLecnt2Q==
Ie/l8j97+Kk=
nf7KDN/3NJo=
nf7KDN/3NJo=
8NS9Tqwv21G+o9LzwDjNcg==
DKpH9OQpJzSgXYK9IAfIxQ==
CgR0ooifTVoGxzx2FI3Vkg==
91W/H1b6qFA=
91W/H1b6qFA=
vTX9xd9o2aqjtpY9jZdeVQ==
n742+LuVC90=
hskB/utjsFAP8qoCevpraw==
J8m9HeqIkKv8apl6lUxVrQ==
VvoxJzJxa09LdaVIen/Tfw==
vR7Nu9ng62hjy7gtVsMVZw==
vR7Nu9ng62gLEKeGxV9GV7i+lIv98Mv1
jL0Mzq8Cy7m3dmlWMRfwXA==
jL0Mzq8Cy7nCH44qMBpVZQ==
km/c7tufZfY=
fGU+S1byGOg1TGA1nZaeaA==
fGU+S1byGOg1TGA1nZaeaA==
v2WMYv+JVPA=
rI19/Vs/Jsc=
y0B4CWFVAt8=
Xe93kiqzOkIrO10TtOANRw==
NP7XnvXgH54=
UJH0csuHo1lORcrJpPB19g==
f4yG1x+jS40n/JYSnYwAdA==
f4yG1x+jS405G2sM0GYIgg==
5UJbMeTHia5oj51nCF6nww==
n9f27Zp1vtXJAgZASFi4AA==
6zDIr9nLVXShgNGqbIBNIhImzSDBpzA3
BHkpd1kPx7gbtDqpCoDHrA==
BHkpd1kPx7jHcnW1I/EG8Q==
BHkpd1kPx7j/hW9mttey1A==
BHkpd1kPx7htj7T4xJLpzQ==
BHkpd1kPx7inqIvUALrIzA==
BHkpd1kPx7iRhdSpKZOX0Q==
BHkpd1kPx7jqJZMCCwI3sA==
BHkpd1kPx7i0B00hFIJsqw==
BHkpd1kPx7jI9cyVFFUjeA==
BHkpd1kPx7h7efK+yieP0w==
BHkpd1kPx7h7efK+yieP0w==
BHkpd1kPx7h7efK+yieP0w==
BHkpd1kPx7jFfz/02KVLlA==
BHkpd1kPx7jZbNC0GwIuig==
BHkpd1kPx7g+LpBVvISpCw==
BHkpd1kPx7jAdJb9u9t0IQ==
BHkpd1kPx7gka5x8K8S67Q==
Z32cjaUzybJTQ5IKlZt6tzHpczUxPXhr
Z32cjaUzybKhkjtCGa4Dbg==
Z32cjaUzybLHXdy5zgYdJQ==
Z32cjaUzybL0N0aepl1baQ==
Z32cjaUzybK6AZtcY5OjpA==
Z32cjaUzybIbgQuSyTbfTQ==
Z32cjaUzybJEY5+TnZzI2A==
Z32cjaUzybKZjxDL0zLurSTdR/trWngY
Z32cjaUzybI6d6siOp6Ytw==
Z32cjaUzybKiobRwkCXSvg==
Z32cjaUzybKJuG0qO89Ujg==
Z32cjaUzybImiIKkUvv8+w==
Z32cjaUzybJHVFVuMSM0ZQ==
Z32cjaUzybIYMC73sn+O7w==
YywplT4oKzMheXYcxM3g2A==
YywplT4oKzPYYm3AiTJ+QQ==
H7y4uhsZ9hUHega0zazuNg==
H7y4uhsZ9hUHega0zazuNg==
H7y4uhsZ9hUHega0zazuNg==
H7y4uhsZ9hVgIUFSYdrhiw==
H7y4uhsZ9hUFuzRpOxt7fA==
H7y4uhsZ9hV/IUwJC+AWIA==
H7y4uhsZ9hVIj+SG4GLTdw==
H7y4uhsZ9hWMDIh4HGrOTw==
H7y4uhsZ9hVj1dtjESz1KQ==
H7y4uhsZ9hUXQW/64eBzmg==
OCQE5TFcg28/lTfi+tUfyA==
OCQE5TFcg2+UKWHtZFZcdA==
OCQE5TFcg2//epOOz9DOCw==
OCQE5TFcg2+eRsNzRIE4tA==
OCQE5TFcg2+F0Z+90mIxMw==
OCQE5TFcg29Y7378Fe4QuA==
OCQE5TFcg2+ibWVio44m6w==
hbMqvsYaJ4DTuX8iT47i7w==
hbMqvsYaJ4B7UpCsxkEHhQ==
hbMqvsYaJ4B6ckiZgfiG/w==
Ef1hGcGcZ8PpUBTjTPbzNQ==
Ef1hGcGcZ8ORNkW6ikntAA==
Ef1hGcGcZ8OzKPZM2vumdQ==
Ef1hGcGcZ8O81fpDJjkftQ==
Ef1hGcGcZ8OEFlaCC9tAnV5H5aMvPxOX
fkKsFYEGVutieJg2FARuHA==
7GqLD3QLSX+IrQa7SJLLAg==
7GqLD3QLSX+c5VTOrXO7tQ==
IogEqXExyOLvrKe6U8oINQ==
VbeJtpTgystobPrb1SGIuw==
VbeJtpTgystobPrb1SGIuw==
VbeJtpTgystobPrb1SGIuw==
VbeJtpTgystobPrb1SGIuw==
VbeJtpTgystobPrb1SGIuw==
VbeJtpTgystobPrb1SGIuw==
VbeJtpTgystobPrb1SGIuw==
VbeJtpTgystobPrb1SGIuw==
VbeJtpTgystY2w5vHN1JNA==
VbeJtpTgysuJQKWUjsJ3Jg==
VbeJtpTgyssEQRg48GdIZw==
VbeJtpTgysvPlgRygZUxag==
VbeJtpTgysvyDdrOtmyxOA==
VbeJtpTgyssNkoQaTUQenA==
VbeJtpTgysueB0cx0t0I0A==
VbeJtpTgyssbFNlHXx0kvw==
VbeJtpTgysuBr1ceDm3+Zw==
lcEvoiNczvptXPsXCeaoXw==
lcEvoiNczvqVQD9MFnC8mQ==
lcEvoiNczvpA8hzL4D544w==
hsna+Eu9+/450pULc8CVVg==
hsna+Eu9+/7Pwe2p97SRXQ==
hsna+Eu9+/6c3n3ID57A3A==
vjWWBQmbQPyvh2M97NbGig==
JeWocEQkSQDA50zh79WQJw==
1P0tJku0kgejwhl48NE5QQ==
1P0tJku0kgd2zcMHfB6FTg==
1P0tJku0kgfG5xioltmXAw==
Bm1yyUWh4f0CBTUD8yL95g==
Bm1yyUWh4f3hX6PVNXLFwg==
Bm1yyUWh4f2aMb+YrqzKCw==
Bm1yyUWh4f3rETciKRVpCA==
Bm1yyUWh4f2d9kJm4eZzrw==
mr4QzM6THtpglGB6x5ZFwQ==
mr4QzM6THto2+bwwDwkMEQ==
v3AR0zGjMzJ2T+VciGBGnQ==
v3AR0zGjMzI7HDRajfCgOQ==
//st2Txp9YLSVa9pwfMByQ==
xsgZxaX8ItmkRvs07LDBSg==
3McFgm5a73IrSLIAbz0VoA==
3McFgm5a73Ldei//pZKXPA==
3McFgm5a73L+faRQxpt7mQ==
3McFgm5a73KjeU3Nlfc2oA==
3McFgm5a73L3iCB0UcK5kg==
3McFgm5a73JJtjsc+YHyOaMcpPShC328
3McFgm5a73KxhVVvg5PZDA==
3McFgm5a73IjnqDnIxn8BA==
3McFgm5a73IjnqDnIxn8BA==
3McFgm5a73Jx4iUW4xT4CA==
3McFgm5a73Lvc6ZzDrPEXw==
3McFgm5a73J4NsxKi7lArQ==
3McFgm5a73IDP8BIPDANHg==
3McFgm5a73InqJwgBZlVGw==
3McFgm5a73L7qTkrINqFCQ==
/O/SrhvlpBmma1DjUPK97Q==
/O/SrhvlpBnI2x02ePr6RQ==
xiL6dc2do1ISDA5dloBGdg==
xiL6dc2do1I1bXW2dUeI3A==
xiL6dc2do1J3cebwjuQWSQ==
xiL6dc2do1KBOcCNb9cM9w==
xiL6dc2do1IkOOtQYaje3QKp7lKYfjWn
IqhpGFJOdl87toGBvNxiog==
IqhpGFJOdl8jA/2C76hFfQ==
0nv5vicP6H3rk10AMNhueQ==
fYcQ9CKUAed02XU6tYkOuw==
fYcQ9CKUAeefRoPFdLVZ0A==
fYcQ9CKUAeeSQK6ibmpe2A==
fYcQ9CKUAeeZz7Ji8fSa5w==
fYcQ9CKUAeeZxWaZ+u2ClA==
1owWBFI+visb1M/Cn8+2FA==
1owWBFI+viuCiZrzRJ9OgQ==
1owWBFI+viu/mKJWKbCHPQ==
1owWBFI+vivdPBc7wPkajw==
1owWBFI+vivglscOmIva/g==
1owWBFI+vivUk+E7MbN4cQ==
zs6IZxuPcU5JHrzi1y+EUw==
zs6IZxuPcU45BRnEnTRl3g==
fm65CWNyTXH7xxpwkdP7ZQ==
fm65CWNyTXEySBuntd6fow==
fm65CWNyTXFz+3nDBeqCvA==
fm65CWNyTXGLvMFCptbarw==
fm65CWNyTXGt9Cva8usgBg==
fm65CWNyTXGONye/J8Ybbw==
fm65CWNyTXGONye/J8Ybbw==
fm65CWNyTXG71yD5WgoSJg==
fm65CWNyTXENm9M3CXiyPw==
fm65CWNyTXENm9M3CXiyPw==
fm65CWNyTXENm9M3CXiyPw==
fm65CWNyTXE+DJsOGooUcg==
fm65CWNyTXEA514DYVsGyw==
fm65CWNyTXGahKe158ZZfw==
fm65CWNyTXH3F+y6RJkhqA==
fm65CWNyTXHYlKP0J/oQlw==
fm65CWNyTXHCdFY8KHYmMA==
fm65CWNyTXHL0uhtifv5Hg==
6nIvRdrSqtuk7IAsejlvrw==
6nIvRdrSqttDQjSGNPYbmg==
KMTe8xj6MwPrUcjtGlJHug==
dh/o7epixajLgvz1R9SBeg==
OtujSb8BOQsfWWEHrRTt0g==
OtujSb8BOQtZbZkNAek70w==
OtujSb8BOQuplMe7Sf3WGw==
OtujSb8BOQvM9fN4AhZk7A==
OtujSb8BOQsF4XytVruuEcww5E9fHS28
OtujSb8BOQsppdLgBN6ePw==
OtujSb8BOQuB2OTCLqfMjQ==
oo07kltIcL7uuvHt4L2d9w==
ODzsTUr1eimzCjmwU1gg9Q==
3sCU/t1ItNuUzr+GSr5chw==
3sCU/t1ItNutjmo8PrWA+Q==
3sCU/t1ItNtcRHPPrXAYPQ==
3sCU/t1ItNu42YonTaUWhQ==
3sCU/t1ItNve27Dp9dS/2A==
3sCU/t1ItNuyDAgAUAvRiA==
3sCU/t1ItNuyDAgAUAvRiA==
ILPnIxI6K0lk/F4lZDWDoQ==
ILPnIxI6K0lkGjtZpV70WQ==
ILPnIxI6K0mAAo82Xv+2XA==
JLtft8A6Ath/UCG/rjcJHg==
JLtft8A6AtiOy/03C5rD8g==
JLtft8A6AtiKH3ZOHjI+Mw==
JLtft8A6AtjgqBT+ff6oRA==
JLtft8A6Athph/9iiUKl3A==
JLtft8A6AtiIy8fUJgub+g==
JLtft8A6Atg3XGK5y25G9Q==
JLtft8A6AtgDwTJ2d0xnng==
JLtft8A6AtgDwTJ2d0xnng==
JLtft8A6AthFJ0Dy6kpS5A==
h6vQ1RmLUht6sGOKnQW4kA==
h6vQ1RmLUhumebuJQ9tKJQ==
h6vQ1RmLUhtWgdeQny/BvA==
c4usYA0/NYaw0oMv/6sILA==
c4usYA0/NYatIahc1TjlBw==
c4usYA0/NYZ4KKspZEIoJw==
3xVnh1gOxWYe6DtD04v+Jg==
lLc6SoH68wy88R77DuxVSw==
lLc6SoH68wysy87H2piubA==
IkRagD78m4zOWNqbBXjPsQ==
JfEkQuStP1L2nBvfS0z4ng==
JfEkQuStP1JJ6ma8d4Pnfg==
JfEkQuStP1KWoi+XWL8ztg==
JfEkQuStP1J/f7+2pJTdAg==
JZFsxcudkGzDxYwyS+GY1A==
JZFsxcudkGy18vhOhXM9GQ==
JZFsxcudkGy18vhOhXM9GQ==
JZFsxcudkGyu22zl3NbU5Q==
7dbAklPM7hkXxFO/90Zqcw==
d5BrgY93ns0QH72bhwDuJA==
L7f+tn5UpTngGy1CyjOfGA==
L7f+tn5UpTngGy1CyjOfGA==
1ivw6jRpX0sivCFTbP2zRg==
GXHAyNXL21LDV7VtoC5MLg==
GXHAyNXL21JrqTNpJzoUvA==
WjdhUug5oVsaTOwFCODblg==
pqZX5H8Kt78=
ohNkBJrV7qk=
hqnYDKkfLmYPKPCVZQGsMw==
hqnYDKkfLmYPKPCVZQGsMw==
NW79iFTpYs26UWNo5fG/QQ==
SsTdAn0gGtRaHQqgXpAxqA==
0Jmfb1pSZKhgvvlPsJDElg==
TjuR9ojUB/0uKgRQHzzS4g==
L9UurgSZi9JYaUIaXuXsIg==
BNNqqGvK9ZYgCytWWoxO1g==
XBwTeiUC3+2RMSn7hszqGA==
vD8B9vPKNwOLbBpqUA1mDQ==
s8ZJS7sBdgaobvh1B6oaHQ==
qhrzd79JHh6RW7UuECROdQ==
gas02WzC2SI=
emW1HXGef6YwkPAdy6bI5w==
hpF/T6t/wQTotLC8zxgyNg==
/iqCYRHvaADiMj/S1QQAZw==
KMf+H3xOV8e86FgYQtFK6g==
jppLvmtHpEQ=
jppLvmtHpEQ=
8iWxh727c14UczfyybMB5A==
N1F1WGJq4tCCsQQR/yiytQ==
pKx/n1yI6J9SQGYnTmwQFA==
TxH/5BIq1js=
zDc8OzDlZRDlOjd/fD69ZQ==
8s+uWuK7zAyKj9QuOGanuw==
/qTco3kmEl5EYBkXEzCX1Q==
/qTco3kmEl7pGSnIZhr29Q==
mZNng8ykho8=
WcX+jPbw/ZhfC3J9UIg4fQ==
mt8H0Qx5IO0soV3Sfy74MQ==
CzS3kvp4IeI=
rOPlSLRsIz0tPFxxR1/zZQ==
VaTl30l7J6n09IKHbEj4+w==
VaTl30l7J6n09IKHbEj4+w==
VpzlOEuKWjI=
7or58in8Ttx/7spQyYHRFw==
YC+S2TGSHiHmIbQyRdBkhQ==
7MRiKZbvLneiwOvegthDPg==
MB5jcgdOrXqifPcrMa0aXA==
Bmxw+Zo3kNsIg5HxmvwS2Q==
Bmxw+Zo3kNt1opdzOeyNdA==
hsR++hshjdk=
CtwFV60vsmk=
CtwFV60vsmk=
CtwFV60vsmk=
CtwFV60vsmk=
CtwFV60vsmk=
CtwFV60vsmk=
CtwFV60vsmk=
CtwFV60vsmk=
CtwFV60vsmk=
CtwFV60vsmk=
CtwFV60vsmk=
CtwFV60vsmk=
E453/DI6JHyYZtqfCyXO3UZD0YyIujOI
uojt9I2dXhW/sLTQc76M8A==
14FDj9VxgnU=
14FDj9VxgnU=
14FDj9VxgnU=
14FDj9VxgnU=
14FDj9VxgnU=
14FDj9VxgnU=
14FDj9VxgnU=
WrGhjicc0g8=
cXwbGEMDmgk=
TCUktXSgjRIHA4egzIlMQA==
6G9KCke51ARtowoTr9Qf7g==
8z3h123NyMtBKUlkDAFN+A==
XS5JJoGzVjETM+FUjV8bGw==
ckPm136mLL9mWJgEJkYpPA==
ckPm136mLL+6wb6o3v3pkfzO9iFFzh1J
DuEowwNtOhotLIlf8Gcv8Q==
MweJJoWbAI4=
MweJJoWbAI4=
MweJJoWbAI4=
MweJJoWbAI4=
J1EF6gpK3D4=
G8rgrRyGkiw=
aXwTP+6CeIE=
XPJ/CjyiclE=
dUSxEo6qLYM=
2g8DoBf9CxE=
YedpELXXPNc=
Hb5ZtAKBU7WTpKxP+og3ZQ==
1+hwKow/R7ohmYw/KabaOw==
qTpyPSdRb1YKm/WyuVQhlQ==
uRp5z+B6TaqIcrt2b2sPbw==
/4cwiLNMZjw=
/4cwiLNMZjw=
/4cwiLNMZjw=
/4cwiLNMZjw=
/4cwiLNMZjw=
/4cwiLNMZjw=
/4cwiLNMZjw=
/4cwiLNMZjw=
/4cwiLNMZjw=
/4cwiLNMZjw=
/DmsAVdR5Pg/xPIPyo+3Xw==
/DmsAVdR5PgbeOPCUDkLkg==
Xhujwi3wX2CWBu2fQwOzXg==
ORTJgdFpOV8=
ORTJgdFpOV8=
yJFBRjw+po2YI3ca2eVU1fEEsTpwtUIB
s8qnXSllMlXHBEwxB7wr7w==
s8qnXSllMlXHBEwxB7wr7w==
fdhvUYNz8GI=
hENaWcW/npw=
WNn8d9G08TwJk8MqzQF1Vw==
CpaRkZtRC9w=
WmROzng1F2Sm5fE2kX5opg==
+mect+/CbJs=
EsYNqZrBYq8=
hvjMPXfMkFQ=
YqNIDD/heJ894XNQEbmDHQ==
fhs/L971PRQ=
fu18EJ8cLfFkwQ9P4LuTrw==
Ni8Vt08IsEQ=
ARZPzJdokIfDGzCr272iCg==
6kIwYeGJRbU=
at9IoTy1Js4=
at9IoTy1Js4=
at9IoTy1Js4=
31QavW1bAno=
wcOZnQO6LbqhdJRGMuarig==
KsRMaK49dDaIK+WAme+aeQ==
Sf1w4p5eM417i/sqBVrWAw==
u3ROlvh5yCU=
PJJ35N854y4=
9345m/UM1qSz1Hjc1pbp6w==
9345m/UM1qSz1Hjc1pbp6w==
9345m/UM1qSz1Hjc1pbp6w==
9345m/UM1qSz1Hjc1pbp6w==
9345m/UM1qSz1Hjc1pbp6w==
9345m/UM1qSz1Hjc1pbp6w==
9345m/UM1qSz1Hjc1pbp6w==
9345m/UM1qSz1Hjc1pbp6w==
9345m/UM1qSz1Hjc1pbp6w==
9345m/UM1qSz1Hjc1pbp6w==
9345m/UM1qSz1Hjc1pbp6w==
9345m/UM1qSz1Hjc1pbp6w==
9345m/UM1qSz1Hjc1pbp6w==
9345m/UM1qSz1Hjc1pbp6w==
9345m/UM1qSz1Hjc1pbp6w==
9345m/UM1qSz1Hjc1pbp6w==
9345m/UM1qSz1Hjc1pbp6w==
9345m/UM1qSz1Hjc1pbp6w==
9345m/UM1qSz1Hjc1pbp6w==
9345m/UM1qSz1Hjc1pbp6w==
9345m/UM1qRDD5IMokhmKw==
9345m/UM1qTp8jvMc+1Z10JJoS+XP50u
9345m/UM1qS0f4TNBAxpRw==
9345m/UM1qS0f4TNBAxpRw==
eqMRGTXlsYjzGQa7o2Qvlg==
FC1rQCS+GDI=
FC1rQCS+GDI=
FC1rQCS+GDI=
FC1rQCS+GDI=
FC1rQCS+GDI=
FC1rQCS+GDI=
FC1rQCS+GDI=
FC1rQCS+GDI=
FC1rQCS+GDI=
FC1rQCS+GDI=
FC1rQCS+GDI=
FC1rQCS+GDI=
FC1rQCS+GDI=
FC1rQCS+GDI=
FC1rQCS+GDI=
FC1rQCS+GDI=
FC1rQCS+GDI=
FC1rQCS+GDI=
DCVSfinkXMWUYDL/wiKDiw==
DCVSfinkXMVLFsvBts9jFA==
TXGUxztUEyGCLVFJNmLh21+xXNeWKmwp
R+spbttIahBGLreL2ffnWg==
ZTKwfk5EJ4xer7cLMCt6HQ==
fuis+4XjgTh7Hb8asbARQw==
fuis+4XjgThC6y/wTSmDjA==
fuis+4XjgTiVjwnvGbeelQ==
47/mjRKH+NyACPAMYETcosqtu+9kX4FR
Y58QwiptcN9eeQ5gfiNuEw==
BqRZxesWFfY=
BqRZxesWFfY=
BqRZxesWFfY=
BqRZxesWFfY=
BqRZxesWFfY=
BqRZxesWFfY=
BqRZxesWFfY=
BqRZxesWFfY=
BqRZxesWFfY=
BqRZxesWFfY=
Wt4dkkflJPvXrxJrrW0I0w==
Wt4dkkflJPuRjMHPVa3qvOtQXDXtpRba
1t20eGp038rs+D4UFVuHOg==
+UWS0zvMEuflEN/Oi7mrt3N+egFkTFm2
Ftou5ZqAprL/8GjNIue/Sg==
3F4iEWbrzQMf0r9eLxL0sIeayxQSdsXu
qOOj9DBYkU3WPIkpIgS9pA==
Pm5/sDfaBNdRS9fPjNeKpg==
Is2mB4dLRNw=
nTRv+qMORoGZb9Rq3DSuzg==
nTRv+qMORoGZb9Rq3DSuzg==
Kx/I15XNDHmrD9QzTUI26g==
jQuwh3z6f4E1FtyMHUcv1Q==
jQuwh3z6f4E1FtyMHUcv1Q==
w5TunrZcbok=
nzMoB6xLByFTW8EkE6p5vg==
be8B2fJuCC0=
MA4FqtSPNozuQDvPyfoPTg==
8yCaMEoKpiJ8bJoYjaFNEg==
RKP+pY6ObNmT8fQ/aKgbfg==
RKP+pY6ObNmT8fQ/aKgbfg==
RKP+pY6ObNmT8fQ/aKgbfg==
6+oujIUdHwr74Cd0qqnbfQ==
3EKwMyNUMp4=
Lss8SDzkxnLuDZd8Cy+ovQ==
1tMEOJgss/DRZ2g9uUEhSg==
Dhtn9etzc5iFuQMsHzXUIA==
Rum3iRaLKa8=
lJdoSd5WkGk=
9FV0ODABZw8WT1ddnFPwTQ==
qqddEVhOaOE=
EkIieDcn888=
t/rdurg4fOk=
QKiJVwcxxgd4nlslrUIUxw==
WO5gTIaLNZw=
o4o8RwBw0Z0oMr2xxmYnwA==
ujYKdwP+MNQ=
TOCyDeynawQ=
hfB2QfAKR5tGbuQTE4fiPkAMJEKXTy3H
sFVy5nHCQP7mqPYwYAnaBw==
sFVy5nHCQP7mqPYwYAnaBw==
sFVy5nHCQP7mqPYwYAnaBw==
sFVy5nHCQP7mqPYwYAnaBw==
KITnX+GrIQWpaAM38D2jTA==
Qux6MiwjhqpYr91Zl/tTdw==
Qux6MiwjhqpYr91Zl/tTdw==
Qux6MiwjhqpYr91Zl/tTdw==
Qux6MiwjhqpYr91Zl/tTdw==
Qux6MiwjhqpYr91Zl/tTdw==
Qux6MiwjhqpYr91Zl/tTdw==
Qux6MiwjhqpYr91Zl/tTdw==
Qux6MiwjhqpYr91Zl/tTdw==
Qux6MiwjhqpYr91Zl/tTdw==
Qux6MiwjhqpYr91Zl/tTdw==
Qux6MiwjhqpYr91Zl/tTdw==
Qux6MiwjhqpYr91Zl/tTdw==
Qux6MiwjhqpYr91Zl/tTdw==
Qux6MiwjhqrRQtSIGp8Jh+1XaYHnhwa6
Qux6MiwjhqqvWb9zz0J6u+uazqmZ76cg
Qux6Miwjhqr11DZHJ6DDTQ==
PjOnK9UzbM+hUhOpn7GtqA==
PjOnK9UzbM+hUhOpn7GtqA==
PjOnK9UzbM+hUhOpn7GtqA==
PjOnK9UzbM+hUhOpn7GtqA==
PjOnK9UzbM+hUhOpn7GtqA==
PjOnK9UzbM+R54fyfySf8gURHuwjbFuO
PjOnK9UzbM9HORt5kZe9BiTOXlV+ZUH/
PjOnK9UzbM+uVqqzMovqsg==
PjOnK9UzbM+uVqqzMovqsg==
jvvlL3XbiNE=
7H3LWkDbEGn6cJkeIkXuhA==
cCM0nrHXyNk=
nVKhVUUUiWJxuaHQEuhWZw==
nVKhVUUUiWK1nbS2+2/rzw==
nVKhVUUUiWLdYwu5a+lSKQ==
YrMMBZYvmzw=
IKnre3lj4R8=
ANzEVTP3l7fqkv1eP8+gTQ==
GiQBpLJza6APhKDVICG75Q==
GiQBpLJza6APhKDVICG75Q==
GiQBpLJza6APhKDVICG75Q==
GiQBpLJza6CEY7PyXq/vv3he0xYJvWX0
y2oKsIxh6Hg=
c09oSa6aPgAIRWy35Os90A==
OkyGwKUUo+E=
qZKkD0rZ5+JY9T78/sDMqg==
qKylQul7yD9StteEAyBSlQ==
SJ6oSSaX5YkO7jS2O4AtQA==
JIEQYfIJZW0=
R+bgps1U2cI=
UBp8+Jy7EDTPWVlzCpY7AQ==
WbB2OsHk+Q0=
GVS4z33IxJCy8VjctG9yZQ==
eeGC1OUqGZ0I++kJtKJKtA==
hEt4vGks8A9eiFFrsnmrVg==
pPc+GJyb/fw26cpT0Zzi7g==
koZ3kiyCtRPhuF4bkkk27Q==
koZ3kiyCtRPhuF4bkkk27Q==
koZ3kiyCtRPhuF4bkkk27Q==
koZ3kiyCtRPhuF4bkkk27Q==
koZ3kiyCtRPhuF4bkkk27Q==
koZ3kiyCtRPhuF4bkkk27Q==
vMvGN0YRDVU=
V19ivaY9FYQ=
zqArGXEcfC4=
9RRPJmuNaP0=
TP8AZBcQvDw=
n59pAr0Kf/A=
o7mHIdEfz5LkowtHN1b6/g==
2bzmKto6zIs=
/yBYQxIfJ+ryTmmnk7P9rw==
gOPGF72OurQ=
U1kQiFlBxn+ox4Sr8M5nDg==
8FPzZJV1CEA=
QpkrhcO5LLdddctfYglXEw==
z/DinZ17sCE=
iASNOZRv44k=
dqFpiJqYfw4=
ZJdIGNQGJeKOnObSgkGr3Q==
ejByCvz5Lopdt+meANcAlA==
g6E8DvC+RWk=
ajQ5vSiWOZ8=
VC2UUjntsf4=
VC2UUjntsf4=
ty2eFDSZyoVmdQlAdRJVv2nTmj3SEqRW
7BBJDEqblUjRoyXNsZamog==
7BBJDEqblUjRoyXNsZamog==
SyGBptJarm8=
QfFKycivMQY=
tmkk3ngdjZMPj6yKClYK3Q==
7sv03+PaI1Q=
co08VUC+ZCE=
M7KyECuw52atQq55HBh6Qg==
ySHUkeJIg4jT7U8ADqQZqQ==
Oxdkrxx86Qs=
EOaJXaZQoR2Eu9aCnp600g==
wBcj5+Zebp4iDdkc6nGSPw==
ihfXw9BMJI0=
dgTaEEIGpvUs2j+Zt1OCMQ==
HIUeK91CjzU=
dZ1MYSK7HXd7msEVqcOgKw==
WirAgU4VJaF90jUDR+W6HA==
XALG6m2jjrI=
vkaDOEiSn+O+ug4L3qtC4g==
QsmZtN0Qn+uwrCfpMXwCtQ==
QsmZtN0Qn+uwrCfpMXwCtQ==
89yjCoxdmls=
FkTSsEzl/3SfOt4B/741fQ==
eJCuzRrsaQzU8u7tYoWtxg==
JA3ScwT8CdbMq+5t5YDtiA==
ms9GB+DVJvNTiy0p/1oKoA==
+gIsURDOubBMMccjWKqwk+KnPBqQ1TdL
Psa8zKzq7f0=
ochPoXTXe2I=
AFQcK0Hu2zg=
ybmW406GTp/kbwQmwfzNlQ==
AzWVgSf8wN4=
iAXsMcWta+A=
iAXsMcWta+A=
iAXsMcWta+A=
iAXsMcWta+A=
I22W7x/Hl7tZAC7NfAVcXw==
A1///dOJvt0=
nf15KzTrz1E=
nf15KzTrz1E=
sM78zfL89j4wzLRgMad2dw==
sM78zfL89j5oo/LxZ4eLCJm+hUypuyJG
capAsuE6nr4=
pmDXCaS8jps=
nhXZnwX4P8M=
0CvBs+H0th6P09pJ5ywTtg==
lrdBmaoR2GCbMeXe/eC5WQ==
iGYtStvieIxNpNWb89oHdw==
zjBlc1XYwt0uK8nUgmk8MA==
rFnERJ+RFmmGdJBYacb9GA==
T65PgxT3ffc=
cti0IYxSwv0=
F5LzSCZZ9rCZ6atU5EDeeg==
+cMObj89tRItplI+MyeneA==
+cMObj89tRItplI+MyeneA==
nU85smF+YPI=
HO+4Xoz1z4Fq6znnonXxAw==
HO+4Xoz1z4Fq6znnonXxAw==
ilxbsBoMwZj7BE9WcxwRKw==
h1lCHltJpnZ5Sock1uDxPQ==
w5bg91fY67NHaOGe1GxgjQ==
M3PnMsa4rmhQOLfi9DPWcw==
UpipJf1njwFS1GZR840lGw==
46lTgZzkXoE=
46lTgZzkXoE=
5kFXZ4Tr6bY8zhvIENoPJQ==
5kFXZ4Tr6bY8zhvIENoPJQ==
UT9GC/iQ9fk=
2nLEd8RIphvQJw5y5QIF2g==
OfRiQ6lyh7x/qchWC26log==
8kx38LPm/TOV57HZ6T4+rQ==
hRr/Mt/ZxbYtNWtF7gJoSjGoZwHX+QsQ
ww5n5JYYWJiexyMlEnz6nA==
XdK+AS8jo/w=
sPvwlAdfUM0tI3VBdGCHDQ==
sPvwlAdfUM1evfH0qy2oFw==
lh1STrGfr2OBxqmC+WkLwA==
G8H6P7QC6svkUFAtDCLwBg==
JJX8ELxx7cQP2hgbLq0VEg==
3g8cKnKr6cI=
Ur3l9H75y1Q=
jpIH2+4e+n4=
jpIH2+4e+n4=
jpIH2+4e+n4=
mhZTp2dyLKo=
6ZsOaxFDBxo=
JxH89ob6j8KfCjEFOwOWJg==
5L/JC2vtM2GQhMTMuYsESA==
8giFQcKAjGBDS5HEZIa45g==
EbyIfZDdOMw=
xWxnOEsrSOg=
N9LRn62nsAo=
N9LRn62nsAo=
h83docWgq6Q=
OpXDiW5M0vC7WFLxu1tVtw==
m1Mfjw/5gmo8pnLndauSxw==
m1Mfjw/5gmo8pnLndauSxw==
isZuo6EBgdU8waikLEBwzw==
qNb4rnPOiMA=
Iv0y1KlLFO8=
YsgX9XfXC6SxudyB1aFGLA==
cM00tNJ3GEtHy1CaZKKB0A==
CFTHwpu0TmCdTUGxBhEdLA==
CFTHwpu0TmCdTUGxBhEdLA==
CFTHwpu0TmC432E/zfbmGiU9h1m3tioT
AAt8yseJy21BiDyRlK0mqA==
mL+ALLW990kq3XbqekfPwQ==
qQOFWXYSgduc1Ljh0EjEzA==
bLdpGcKy+WvoJGld9Ggp1g==
5oDO/Z1uSvWENM5WuOs+Bg==
UmVnDdA2Anw=
s9U2KV6foXQ=
s9U2KV6foXQ=
s9U2KV6foXQ=
s9U2KV6foXQ=
s9U2KV6foXQ=
fZh2pGedHsg+3K+S3+6FYw==
JcerKDtjyi4=
KjiMPi4lw0w=
hKzrKxFHkTk=
azj+dMdC+1De+ltWDwtOog==
WSUPwZN6tdTboBe5kyuS/Q==
8HLj85ttMoA=
M26joiIfgUU=
qGD8v4rUEcph0mUoZcNNOQ==
9OiGzGXpyYjTuhdcyZfnN4C6oKs6Ix4V
UIA0PWYYWdqiSVaLLWEtqA==
uHimAFvoNSctNf4vNR73cA==
uHimAFvoNSctNf4vNR73cA==
uHimAFvoNSctNf4vNR73cA==
uHimAFvoNSctNf4vNR73cA==
uHimAFvoNSfwrqSlZPFFcw==
/ZCbBIrJQwk=
btKw//KIjeI=
fc0uu8MgXuw=
J72BT/oypzImiN/ou4Velw==
OrRNe3T8De9dJxwGx+58Xg==
MOsa42puOgKj7uzFH5K7Tg==
enF3bFXp0M+GwRMAIDh+NQ==
GdGNnpJzOdpxDeiXrDlY/g==
W1ZQ9t/Wsgju6V8z45g1xw==
IlSLsJBG4YS37l+tdaktrg==
O9iaTm2Kzi8=
haH4EvCjJYI=
haH4EvCjJYI=
DHzAoXKBfFM=
wVypg2f3G0QV5sVueNVfyw==
jiXuidjSrOgorMNFvrEOiw==
iKnqWBc2XvU=
8qtBcJ9z96E=
rs74C9eN8zI=
fQIl442VjnB1mUaHnoEzZQ==
YKu6mrHBDdOsMJ+v8BNBjQ==
YKu6mrHBDdOsMJ+v8BNBjQ==
YKu6mrHBDdOsMJ+v8BNBjQ==
YKu6mrHBDdOsMJ+v8BNBjQ==
YKu6mrHBDdOsMJ+v8BNBjQ==
YKu6mrHBDdOsMJ+v8BNBjQ==
YKu6mrHBDdMe477Bdsexxg==
YKu6mrHBDdMEnbkBOpZnkQ==
YKu6mrHBDdMg9eDH8tqI9w==
YKu6mrHBDdNFqme+c2venA==
YKu6mrHBDdOX4xzt+PxHMQ==
UxT7x56Ep/U=
0ZENcaLBfOxmSbUvNli4Ng==
0ZENcaLBfOxmSbUvNli4Ng==
JKXBn5BaGbN2ab9DoOGAhQ==
a4FSwee8Ua0=
9OdMvrsxa98=
9OdMvrsxa98=
9OdMvrsxa98=
9OdMvrsxa98=
9OdMvrsxa98=
9OdMvrsxa98=
9OdMvrsxa98=
9OdMvrsxa98=
r8OuN01jLwpFC7vRwe+4fg==
Jl651HYG2Xpsb0a+1/mhKw==
50Fc3WPp7q0=
5/PdTH8BBfg=
w2wlMM7iy2W+WhdALGGKvg==
KksNlM5lNBI=
6H9Pxcat8OU=
zSJ4q/D0BKI=
8mTymMbyf0gPK7wtKaeZmg==
Xe91pefPibQ=
74hgoHmB0es=
IrQxLEM2VOgE8RSi5/ATjg==
IrQxLEM2VOjKoDsosRlYtg==
U6CZxja+ELI=
U6CZxja+ELI=
f8IE0fi11jo=
F/uDTe+AujQ=
l8+4YzNUs3FTVuldWOBKJg==
XrWMtASo/RuReD/7Ykts8g==
7PpaL6s+wNDgQ2P8x61pJQ==
Km+zVIX2tMjhxoFltiqltg==
snPH8zGAg38dHVUuCbzGxg==
Ve76pc3IXGE=
lUph0xpLJ8PIZ7cu2kAB2g==
qf+zKQkS1dQ=
n7llsDrTbRDpvmF9Av4ZIA==
n7llsDrTbRDpvmF9Av4ZIA==
tpoVJMKhuPWujrHfSNQHQ/WoZpaqQPsj
tpoVJMKhuPVKO8lirZ2a5Q==
tpoVJMKhuPUiosbDZc80hw==
xRVtx54gVUc=
R+ZFXF8y0AtHstYM87K3mA==
2FvatIjMKfaRQTG2bHm5Vw==
9ZFdcngmVKs=
NLKRoXB545HEaKEIPTuZXg==
xgOrfd6SYjBRmp4MmHmC9Q==
vHDSBn9cjy4=
vHDSBn9cjy4=
vHDSBn9cjy4=
vHDSBn9cjy4=
BFb5NAA1bdIMXantzN8cWA==
9MHviyL1jLPcpoSOMpt6VA==
AVE0ZG5JcyhdxWNkzP09uQ==
FqWbl2rZ+Wxu578wFtL9ow==
ZIWcqmhNCeNg+CjuMBQpLA==
ZIWcqmhNCePc1F2GZUJvsA==
pQElpmnhkrnEi+Wqhoi0ng==
bxz4FpWXCrloJ4fasAKbmg==
6sLiSdgyo0z4TRDzoGwhgQ==
eb53wHeNs70aWsh5I7fHTg==
PXxCP0O4AFTY15OUWEE/ew==
PXxCP0O4AFQA6L/TVuyccg==
yboPXnNRXNJHsh4Uf4lmjA==
yboPXnNRXNLmZ2kT0O3zeA==
yboPXnNRXNLsj8FsSq2dZQ==
6oOXieuH5XFv1FuxrwCKMQ==
6oOXieuH5XGvK4/AemFQhg==
779qbuxbwLqcvSMl26d9wA==
2AeN+aJ/4cnEfSUyWjyjKQ==
k8Lqkwa4RHBmWsMH3j62yQ==
tJo9p4TLCqhdeaYvQ2T34A==
TE2o18NrJ4g=
WR6ZPpMBuo0f+R3aUQ+Vrw==
FLMTyksKdZ0=
omY9pL83LWac+W/j3w5ddA==
Hm7iOvftVE0=
Hm7iOvftVE0=
Hm7iOvftVE0=
Hm7iOvftVE0=
Hm7iOvftVE0=
Hm7iOvftVE0=
yYsfP6xTnnIzJ4Uge5tRjg==
/opiXwf0hMomnnOHLZnwTg==
/opiXwf0hMomnnOHLZnwTg==
/opiXwf0hMomnnOHLZnwTg==
jhDnmvRx4zU=
2ezdApFe7TpbhFk1pU92bA==
mDTUMVZzzOQ=
6EIcphTNW6nGLYAry9DX1Q==
i5q52B8YLsg=
e3pGCgLKEbotZJ5y0JguZfM5XgRjBuuB
9ChMc2jX6EE=
HMPZUMzhB+zgyL0SqoOlxw==
MX5TZs1qMzo=
VWHlCpsUyIg=
36km+i1GtoxqWyzh/Ifb8yLt5Jf/0xSW
ki5f2+pv4Ns=
IhXghROVsr9u1nFuPiZhNA==
igP6/W2mA1pUJvPBaUMzHw==
sjHSTFDnTr7A+jL5ErDdwA==
twdBXvW5xX9gMSP3YkWH6A==
W4x891e6Hc7Cxaf5MgCj+Q==
v6L4ZShAueo=
6rbkd2lU7oo=
v4S8NcBxtFjPHeVhTL3DcA==
8WgbPuQJ8TE=
8WgbPuQJ8TE=
b9VNtMjLafBm5pSQ3m5MpA==
b9VNtMjLafBm5pSQ3m5MpA==
mJNRGgpA55Y=
MWj0GDYBOIbpq078ueoAtw==
BJRXdacwNTGHPTywjRN2Hw==
ZcTJKlK7yCnC6AGMuNTPlg==
XXgcAg1CEPNeKFKowCanDQ==
MreOxz3GomQ=
2FcMkMnxogY=
tGOqfeNq5Ik=
7QjjkOjtqOw=
jSwTCwRb4osq+aTtX4T7IQ==
JU4n29QtVCx52Q1JGwtprw==
Xu0Rm0GYuhU=
QZUGV2Io1AcXlYioxqxizg==
qHkPVBrDqfE=
xXExJvob64pJ9F6ljRZ5Lw==
wdMhV9Lus9MOd48NKViPkg==
LDPxMBd17JSCK4vJtbOG5Q==
cs+KClDRe+A=
hn0CNmS4beDWfHtBmu2R7w==
8kxGTorp/kRLbsz3iRme+A==
qMW+EyFAJb6niCCzbMIGSQ==
W3+Yd/RfSkI=
W6FFDSlqXPURkzf7pYFUIw==
oVbzV1xuuTYxaenV8wlNRk+sb7tQzTbZ
AR+X1SjLhOg=
7pNvDr40ZwUAAseaSqxn0A==
u+z5zkiWPIUwA7a53D8KAA==
zFi2OKJgTOg=
l9fvGLt8ma04GZql2U4F8Q==
yXSICAUTOck=
AVcC1NVbCNE2pwPoJV2sVg==
XZKrgN7mrnWpp+QDI4ERQnE65I+YxXnz
rWBFir1tnYM=
s3IoZtCIxG/3CkJ74EWZJQ==
VlEPFHYKQ+k=
HiYRm98nDjb3kyAAmT3o5Q==
Z9RDq9b394M=
D5Fjga0CDIs=
wTqmA/pBiMyWYWe5qMTJrQ==
uwpw7w3/X/8=
uwpw7w3/X/8=
uwpw7w3/X/8=
uwpw7w3/X/8=
uwpw7w3/X/8=
uwpw7w3/X/8=
uwpw7w3/X/8=
uwpw7w3/X/8=
uwpw7w3/X/8=
uwpw7w3/X/8=
uwpw7w3/X/8=
uwpw7w3/X/8=
uwpw7w3/X/8=
uwpw7w3/X/8=
uwpw7w3/X/8=
uwpw7w3/X/8=
uwpw7w3/X/8=
uwpw7w3/X/8=
uwpw7w3/X/8=
M6A0OOUKIyjELIJKwtW61w==
N04fQRnCVRQ=
cLDYJzYHk41ACAKtWlSe7A==
gu/nCjaZLgY=
dp8YiV98jqg=
S/xoihbqlqdzFWMHfyn6oA==
OCUj7lRtP2o1ZOkPvU/q8Q==
cubMJWz4434=
4YFBeHLfa+4Zk/ibwEXitA==
ugBT1sWnQ3X3cmHgbft+dg==
A9SjmwTurSE=
yqiV+MomeA4SYGG97zQumw==
xFwH9EdvkuwXC0zFAK8Edg==
+74nF6Cdzuk=
wFmFAOEV0uusMBEjMZHEoA==
OUjaSOqOV+WC9qT6mDxDXw==
YK1ybzunzsE=
q1+9OWdZ4U4=
GZFjPEe+XbEr3pKkYzkjNg==
zm5tqGT7FrT3fnaxM/FF8w==
4fQeIzIMMeM=
T0rH0RH1Ej479LxVY82jzg==
HAzn/GBQ0i8=
PjJP6ONR4qY=
+wmF70O1cSXwg22UL4l6dQ==
Jr1tkiquavw=
n7MmOXXyUzA=
17pUcBDBwjdeFwh8Auyp6g==
pQnNs5tsKg8=
uqY7/EX1InU=
su+iaklskGU=
vFWlJiojfqtr5vgsdWG/rg==
JacPUZAj2QZGg1Msyo+qMg==
BwM3/tZsmOEEs0W6M86zjw==
Q/TwTIUWfzg=
NHpcLcz3RHJ2/Gbf4/SBR10y+z696uTW
9vQ54s0Y4Hs=
q0HpeJHTeJI=
8XifRi8vld0=
jvXHq2ufGj8=
PgQVJmTAPHj6JfpUkExmGA==
qR8xo3Byp8s=
6Eg/+EJiBww=
tohEXVqeMPY=
XO9zC/k3l0c=
bt1Ls55WQ4DFnYwakE7dDA==
6guYzYR0344YjTXoAgfqsA==
dKStmkB+WYXH3YzCkrQ85A==
JpYoLV/EORgieVPN21fDdg==
JpYoLV/EORgieVPN21fDdg==
BsFKjH/Rj8U9cKDEBoVgrA==
cucMq06BO0r7F+6y7klMZg==
MbL/CfM42vS0b8D3ZyqwrA==
MbL/CfM42vS0b8D3ZyqwrA==
usn9V0SWoihcaPmWXTJh4Q==
QlwVa3Oj37PCUurhkg3OxQ==
QlwVa3Oj37PCUurhkg3OxQ==
+ZwGJGGweQgpSsKQH4DMJw==
+ZwGJGGweQgpSsKQH4DMJw==
eeka2J5WbAM=
UV20oNnsV7c=
2COA2Q+R3iU5A0KMfPDs3/+P/Rl2JrM9
p0Nft8YPRuGX9dxMhNIb3g==
p0Nft8YPRuGX9dxMhNIb3g==
p0Nft8YPRuGX9dxMhNIb3g==
p0Nft8YPRuGX9dxMhNIb3g==
5RusGhm1RJC2p0L63/3qDg==
DCSKy1BIk7azN/+aVCeJVQ==
28/0+71gK1Y=
28/0+71gK1Y=
giHM5apJakY9uw+R6uZwIq6gNfrv9V6M
lPAVesZQo4/3+Mri0D0G8A==
bi5PAZqkPVWLIsOscDUSVA==
bi5PAZqkPVWLIsOscDUSVA==
bi5PAZqkPVWLIsOscDUSVA==
/1iy45JhOR1VxmZaqh9J7Ztu+55Pqa7b
/1iy45JhOR2bOr008Q2RMw==
8/R/Esrj6GYqHFHnQUSy9bbIlUF+YjLm
IDNrRH4uZPI=
/KRT63nwLL+LJzB8lk1rIw==
/KRT63nwLL+LJzB8lk1rIw==
m83kzftd0Yfp98ACiol5qQ==
m83kzftd0YfBEXNQprPwBQ==
aVP8bMElS+6YXsYE4qBHig==
aVP8bMElS+6YXsYE4qBHig==
QFQmfEkR6nR5zAGtrkGsaA==
QFQmfEkR6nR5zAGtrkGsaA==
QFQmfEkR6nR5zAGtrkGsaA==
QFQmfEkR6nR5zAGtrkGsaA==
QFQmfEkR6nR5zAGtrkGsaA==
QFQmfEkR6nR5zAGtrkGsaA==
QFQmfEkR6nQg6b781S0zYuJV3AS0/UTy4hGF5lwVNZg=
vRGKqTr+9Lvhl8OKhXBBDQ==
Ur9fZQ/vKbDlV+/KCTRQcHk/2fYRT2no
aKpx1ePbi8uILW77s5Vd8A==
sQZj4vTtfYdfnivOlvIdMg==
sQZj4vTtfYdfnivOlvIdMg==
sQZj4vTtfYdfnivOlvIdMg==
sQZj4vTtfYe241E9A5gDHg==
sQZj4vTtfYesEjIMvfE7ww==
eLDwKMndBxkGiFQ/olrsOg==
eLDwKMndBxnIIwT+BR6cjj2cY4HG1KZC
eLDwKMndBxkE9lDG5lI2jrEh4aoUxtmS
NxfxlTHJAwuVwQOW9RHGjw==
NxfxlTHJAwuVwQOW9RHGjw==
v2CD5/fTvduv2xdEGj8Blw==
OpNNX901/vWspuyyfCcNjA==
BQ+fFAabSunKKqn8kWVgGg==
3EVWJRzWq0A=
nhMHMrTIjrYAQrI0ZAcbhg==
b3xiEHcpiHnwPftfgY/FSg==
b3xiEHcpiHnwPftfgY/FSg==
F8VlgIc/83ZJYlUHwLbGxA==
F8VlgIc/83ZJYlUHwLbGxA==
F8VlgIc/83ZJYlUHwLbGxA==
F8VlgIc/83ZJYlUHwLbGxA==
F8VlgIc/83ZJYlUHwLbGxA==
AEMD/OTT0tE=
9Q/UmJbVMNY=
9Q/UmJbVMNY=
9Q/UmJbVMNY=
9Q/UmJbVMNY=
9Q/UmJbVMNY=
9Q/UmJbVMNY=
9Q/UmJbVMNY=
9Q/UmJbVMNY=
9Q/UmJbVMNY=
/ULwB4Q5o35BuNrsyC6l2Q==
/ULwB4Q5o36Pp3HoCQZ5Yg==
xdsPin7xlAgLG5o6RjSMCw==
nw0rHnetTyyacZ4EgFrY6w==
/fa0BMEvH1Viyq2icnZdLQ==
Z6eGE5dUkRnyE1K5zWCi3Q==
7XP93mCz5ooRg4dBDSbCfg==
iPb1zIxI4IiOy5jYlONHDg==
xyPJDWgNdk8kSXgbSUo+8w==
xyPJDWgNdk8kSXgbSUo+8w==
WkziphvkZT3moW2fkr16sA==
TSncCkNMv9ryEVFLvvNuBA==
TPkP+CRTwhuirsXPKSRzCQ==
TqTCVdJT5E7r554/RdsLAQ==
LQzavzJnYPL+jybXaPNd2Q==
Nd/kbQ+J5TTLE4N2osroXg==
r+nQxA8LKXfGYCwk9FO0jQ==
DjqpHZoDmUH91/bzmxA86g==
aSBEvQlf0Gq5Hhyes9yIyA==
IGLg/rMGKKKOR+TTehD5hQ==
mEsmwjDVwzKt+BTl++cy4Q==
wGKxkTvItlVyEjMMTchXkw==
pj8QRZtf4h8QEl7VY8FwRw==
3hHMyfE3S+1PcMrHpMYbhQ==
3hHMyfE3S+0gHgr3ZinnuQ==
aMY7MkdkzWw=
yAA/hMXPMGOGwIj8evhHLA==
+Y0hddFY9Gk=
zUgMyZadYOg=
P9BU064JM4uszJqoMGoWIw==
UqcgMASM1mg5Ijke0d2L8g==
RUONWcXFdvSmzlcTvJ7xKA==
RUONWcXFdvSmzlcTvJ7xKA==
RUONWcXFdvSmzlcTvJ7xKA==
Xe6QRQ8LYKJUhvOx06eZrA==
hpWClN/0RlFzW959vcUbvg==
y/fnbR+xaxi+jqcT977OiqxlDXnk5Wz6
SrUn3oKX/UzhNAXtz8Onbw==
QKG6aTy/d1w=
tl+rULf8eh5qKsRnX1wAKw==
jBpdQ/AGlz4=
8QFpxhzKKcM=
70TT4VermBLRls+sooSTkw==
MGBBs1GUi8dN0yyAOVO/yQ==
vbiY+v3Vae1f1rVsu1lQ5Q==
vbiY+v3Vae1f1rVsu1lQ5Q==
vbiY+v3Vae2wO1LLiTYHxw==
vbiY+v3Vae2wO1LLiTYHxw==
vbiY+v3Vae2wO1LLiTYHxw==
vbiY+v3Vae2wO1LLiTYHxw==
vbiY+v3Vae3SXUUOv9qwj+QkLSN9C4lL
vbiY+v3Vae3Qskz/1uC4vCHqQYvTMt/S
aIRRQK1zdzFveOJp6IytUw==
7FCyE7MzDCmcPCOsxfDaNQ==
7FCyE7MzDCmcPCOsxfDaNQ==
7FCyE7MzDCmcPCOsxfDaNQ==
7FCyE7MzDCmiVs//naNxOw==
7FCyE7MzDCkskJtOuvTrSQ==
0npbgd74x4k=
osavGPjTQbM=
kXO6W6FchRI=
heYUui186cY=
ogWKAR/3OjTIU0WvwUsLQQ==
TtswA9A4oHvOoAkr9C529A==
JolSCpe3sZEcUbp7pjHXCw==
s3UBU0KLUi8=
4kWF++uzl/bbDEo2ss+Pjg==
l3B2H+A8AqE=
kf4y57lBSms=
6RNPvb/hIOwCblVHy+lMBw==
Bo6S/XjeXIY=
Bo6S/XjeXIY=
Bo6S/XjeXIY=
GHRoTmOUDu8hMqCb0a/3Bg==
GHRoTmOUDu8YDbRdHkhULw==
t5UisafWwgk=
lD2wj2fwyvU=
lD2wj2fwyvU=
lD2wj2fwyvU=
lD2wj2fwyvU=
lD2wj2fwyvU=
lD2wj2fwyvU=
qxWJL+S/Vw7pIgLRtY7tSA==
c9mjt0PqwWag51kZygRRlQ==
lZMmMvN58ss=
1ZMTQE82ViA=
ZlPfCdOryB2F+jVmus0M7A==
ubdXi3W8sdJZQiFXlpjN2A==
nvVI3xzPU/E=
C7+/JKPdMBlrph0cLaZfVw==
HIaE52paukqrnAttYZVJhw==
Asj7CepH9+s=
/R6Kt/hKs1bEv8HFrKLj/Q==
ubaHCnkW+I43+j9ymapJXQ==
QrYuF4jn14c=
AN22jFnwa70=
HdPxDFoGQ45+MLT1QTM9ZQ==
KgzPX4V1mYM3hbfa8jzdGQ==
WWZcP9r3gGCX8AOkxQFwQQ==
WWZcP9r3gGCX8AOkxQFwQQ==
WWZcP9r3gGCX8AOkxQFwQQ==
WWZcP9r3gGCX8AOkxQFwQQ==
WWZcP9r3gGCw1kaeGWeSiA==
WWZcP9r3gGD13WbLpczL4w==
U2mCxMcfVjGH9LFHiQTIWw==
b85j8U/6XzZ15ijk/eMzRQ==
b85j8U/6XzazQzWLCviL6g==
ypP+ZKHGevGRKn/huORlMw==
1r3GCJbnDX8=
ANSUrckHxCfK4Pycm6/kHA==
2MXkuKRB1Ds=
I0P60WdLfL3jfl0txlBHcA==
mpiv+ZWn394=
cUOPFl/JeAo4XxVtlEU8CQ==
odJELxF9QoyfTk0oOadHDQ==
1m0KHBQSZGI=
1m0KHBQSZGI=
1m0KHBQSZGI=
Gu9qiubdaT0I2Z3+ZOnxEg==
cFD+KJr/qEYUB3XaJ8Wwkw==
Ag26uaaR7eMUwoGt7uaF8A==
4bEp4gvIKLY=
bw6hOEEvxUY=
bw6hOEEvxUY=
bw6hOEEvxUY=
bw6hOEEvxUY=
B8eqS3OfSIc1fiGRdhQrCA==
7vh7Dya1uD8wquT0gTVPZQ==
QPnXOzVbYok=
LC9yABMPSus=
1MQyr8Ka3kI=
1MQyr8Ka3kI=
jnIw6WwR7/V1N4B13YVUIw==
ClMes1o1o6Y=
F+CH1k/MU3GNjgRo3RhVkg==
LE8KyJHuAxqkZ92EW/wFVA==
MHL6+eQyvFC6R02bho/zRw==
e/k/PP6JUlQ=
e/k/PP6JUlQ=
e/k/PP6JUlQ=
HKgp5Zv69FgRjx3Q5Wl4IQ==
ocasfJCMgVg7XZFI7LG+bw==
3S32sZeveZ0=
YtKfPQw1WHg=
mDEuvNLhexyFwSJO6E3N5w==
5rscDoMtaOg=
6HmV04ebPzY=
cv83zQPfQWRcwkut4gJoiw==
fE8HhaDWAQp+RNGqMDVuVA==
rRCwLTKd0OI=
itvEFMhcO3Y=
+bDi9XOd7n3Ndk2gR3eppA==
oTKfwDbIL5U=
FAgD+NpiFwg=
YKQi1Nc0Q54=
5yi2s9cJ+MaxxfkUx+BgGA==
2wNzVAsiYJoI3p7SXYB9vA==
SF5VtznGcWsmufhIlWBYVg==
dys0ub9xN5g=
Gqme8JFlyGI=
CT4ZTNcKFYc=
Vi5cFfYehQJFWW0Tk/4c7A==
KUcJ+b696fk=
AjnxFk6HLCk=
hFruwgOoHzkp7wXdHS4hTw==
cP4LITZhx9M=
wNbzH6pn1jE=
RgTTro8yXew=
VcQ9bmXkMiY=
NRChofO5STaSzf4LAkQD3A==
s14DElm3JtXcSzCHheA1nQ==
eEvdWDaGu6I=
6xqzdLSawI0=
C/9niN9Vc4M=
9Plmz2dMkgQ=
EHlsvmENmdcloXwrPU9zIg==
EHlsvmENmdcloXwrPU9zIg==
Sc5HF93gqfKymn3mrwlpxQ==
Pk0yf8PrMg4=
Qm//5Opv3FL/KVwB6l96LQ==
vvUHjVh6N6UVj+PeNHxcHA==
8FaLPFzJjO8=
36eyllBcJEDHoDw5hZPHNA==
pXMZHG8d7b69xUNt5nSFBw==
l/LCJYQ75ak=
Uu4JnWFxndQ=
e3Zf7ATrx3PGLL1IHzhSVQ==
NZHn6ptlF/mArH+GbXvEiQ==
l1mUD54OErI5yLHHeFXM/A==
l1mUD54OErI5yLHHeFXM/A==
l1mUD54OErI5yLHHeFXM/A==
Oqi0QQbSjuA=
cfm+0cxWVn/GLO6lXDi/5g==
I9AypfkQceQ=
xqTb2i65pgyJ1YRSXjI5Ug==
UEerIiumtRSAqdNqKGyqHw==
wevlnIpF5gQ=
X0+CT9UW8HnIVNsKjsZ76uIqWxjoQiAO
NvZ0KwkGZ6/vrd6IRtcMcQ==
WbvMgTWQrFPBfBuGJG2/Ng==
G2aqudQcTj0=
jvIgIRJf/3QLG7aeSMt2QA==
ua2IjAKT4qaUPgK+ACbXdA==
YL7srekb73aiv2CbVJjSQw==
AllF99WH5Iyu/tFMf49Xlg==
AllF99WH5Iyu/tFMf49Xlg==
AllF99WH5Iyu/tFMf49Xlg==
AllF99WH5Iyu/tFMf49Xlg==
AllF99WH5Iyu/tFMf49Xlg==
AllF99WH5Iyu/tFMf49Xlg==
AllF99WH5Iyu/tFMf49Xlg==
AllF99WH5Iyu/tFMf49Xlg==
AllF99WH5Iyk7SptwuHiGw==
AllF99WH5IzdOZO4LodbIA==
AllF99WH5IwumKR7jiZsgg==
AllF99WH5Iw3LPDiqlsSqg==
DtAo3fwMyo0=
GBENuvVC9027xR19aJHqkQ==
GBENuvVC9027xR19aJHqkQ==
Fj+9lKUAZsHO9pLAJXzPdA==
ED5/rAA1pi4=
urMVvN+uzgKO2yfBaZaPUw==
pPL2sx+ITos=
iViXs9un6zozHtrhJ4ylvw==
dmjUu7Iba0mopyO8g+Hzrw==
dmjUu7Iba0mopyO8g+Hzrw==
dmjUu7Iba0mopyO8g+Hzrw==
dmjUu7Iba0mopyO8g+Hzrw==
dmjUu7Iba0l7yrkquAs05WtJOHGGf005
dmjUu7Iba0nn9mxl9FGOdw==
t+82D368OU0=
E54i++ysk7U=
Hh/I8XGjm7nytHRlSDEQWQ==
K8EeoupLcEM=
K8EeoupLcEM=
YzczYp7vv0y6jBfECxJHAw==
IubKn/vgsrA=
6F890Ojqdz8=
6KqI8A/n1jPWnr9qrGRxbw==
gSSX2bKJV+Y=
ZEEf5IPDCgk=
39vpoaFviX0IFtrQVJKGag==
39vpoaFviX0IFtrQVJKGag==
39vpoaFviX0IFtrQVJKGag==
39vpoaFviX0IFtrQVJKGag==
39vpoaFviX0IFtrQVJKGag==
39vpoaFviX0IFtrQVJKGag==
39vpoaFviX0HjELvuMmS1A==
39vpoaFviX2bTNhZpkElHw==
WrnmRoooK1kJ5NTEmehoCg==
Q1K11n3+dvU=
oI5nSVajwKrH9iIVsx+fDw==
F11g3Iu2flQmB3cVW5YcQQ==
DK/TrF0Ch/Ocg42GfBj9UQ==
c5GjWl7V+Ig=
B3i8GKGbNmQ=
0muF0dq9KDNhpQ4A9oiBKg==
H7kQ3Wfz4kqloc4xo4SaBQ==
O+pOQc2Vv3g=
h+c6ofBAMD43gk/hCMn+xg==
IvSTI4/9PAuDxEF4S0cUCw==
rsl0q8CnMr8=
A72KOQLP2No=
VQCPL5BU4n0=
7s53VBQVbPqyZPf+mkViYQ==
xVL7ZgSFuKQ=
qRnwO6tfpzncSikSyjT54g==
A4gS2WQknsE=
0GIEQFYuDHw9UNCsIZjJPwvdqI2VhG5l
0GIEQFYuDHxRWfsC9RXn2w==
uBtRPEl2X+M=
k73xzWoIo8AmSapVsXK2YA==
dbt17kvc+x9sV0CoYGxFuA==
7rnNUtEYtPE=
3XcrGgpkNuk=
3XcrGgpkNuk=
3XcrGgpkNuk=
3XcrGgpkNuk=
/i3VIgX3zPozcXBZWmamRQ==
y3sDN3EM2p4=
y3sDN3EM2p4=
y3sDN3EM2p4=
y3sDN3EM2p4=
CA0peilJb2XQnS9l/idnTw==
8+JhZoAuYE8=
WczlZh9OidE=
FQZLspPkuXQJCiG760a0pudd9nkHNbVY
D5E8W9PBxuU=
ccjDMbZv4K8=
sFagl3/Gw76ih5MP9L2AHA==
WiGnxUA6hwg=
hnolkAllYPA=
n6EjenPmHww=
MWvELZbGRYg=
Ic2npOPkoBo=
8bAw90RoZjk=
8bAw90RoZjk=
8bAw90RoZjk=
7uDOeN9LbuEiES/0Z1Z2Fg==
yr+4iub2bdtPzUj0/SA/nw==
pg5PGG17d9OClIdqCGNkPQ==
TiIDcjkGosBASVEa/toeFA==
1V31merkQ7M=
gaQ/PhqZqAibehWPmplgrQ==
xkS+ZBWnzuc=
3kqbn7gYIlKbG6hevxB9Bw==
HSdu0DztAnY=
NV1+efFBprst9fNzTm3LRA==
NV1+efFBprst9fNzTm3LRA==
updt1xkB0iE=
IC/1+mJIzmc=
Ct+h9dsFzGseSdpiJLAIEQ==
69eUlDr38AG9RcvOtUjAvw==
sF4lHQ7e2bA=
HbB9ELjZsW0=
oo6Bt37Mb2IwCS7OpcUkyA==
VC2XljWzmPfmGRJJ/r/nTw==
0ASw16ZIfy0=
Xp5WFbjx+uQpE39yXieVwQ==
Xp5WFbjx+uQpE39yXieVwQ==
ogxUj9AVzSBZ7fSqoqi2vw==
nVF5mrA/rUY=
pg2YWrvpseI=
5PHAG/fMoaFESLN0pJW95g==
5PHAG/fMoaElKp6frjf3Mg==
zwgWvZX1ob8=
Bbp5xPvgckQ5q+oxyy1yyA==
lCppyThPeOo=
njzwge6HNzGfYymJR60AeQ==
WTQt5IJqH0M=
FST/8k4N+gGZRA3nRQzDMA==
THh+hWemZLc=
vX9g71EwMec=
WLw91ZQymJJRBjXZ/CE3LQ==
0inTcBgBOoE=
mEsp2VsP0MQ=
mEsp2VsP0MQ=
ZPkMEILafp7GBtEOYycrxg==
55Hk+KZAACY9kYG1dyjH7w==
55Hk+KZAACY9kYG1dyjH7w==
55Hk+KZAACY9kYG1dyjH7w==
6f7OPNK4dZ4=
kt3bvqz/mSc=
pn33ecOucf8=
mxH7x/MACD0=
yymQxIgpaCw=
IPYT9k0MEd/440nSeBepUA==
QI4E9j7C0wM87/ycmz+4Nw==
raCE8HQHx1fhzIU1aza4Tg==
lpZUWEDG/nQ=
lpZUWEDG/nQ=
vjAnHoImJW0=
iDOhYdjkUpM=
edvfVb7ROhI=
FM6VRYNbHMU=
/v1yIzdsDdY=
/v1yIzdsDdY=
/v1yIzdsDdY=
12yRgAQ6n/Rmmgva6yveJw==
YQWSG+PtEeeK1ymkApKaww==
9qB+5AoOWmKcJ89FdhKBEg==
4OBiRecM/qU=
KskrRjD3epX8txepNsJVHA==
+6ZvEFj0JwE=
Hh/pRXR3p5onfuvR3eqFJw==
hohqrA7HOscDT0maGdyVpA==
X/FMylyqiJ1j6OSyRrzWig==
G/u1E0m7nlXeTm56lgWT6A==
M9lgIGdyElZ+vTIK1SFneg==
UJfKiF/CckU+J4u76RGzHQ==
JW1Y5i+nR3pZvW8dIQrmIw==
UQRYJDrI9zB/tXL87vMi3A==
Z6H56pWnPeQnUpp6JmaMVg==
yYtUoiqQeMY=
+zzaijdsKuo=
Djvip/D6EpY=
etByCl6x3AyjAVwFUgoMtA==
HQXAX2KbO30=
kWK6KFzYO2g=
2wODKmyr/hVvOg8PhHy8Jg==
SEF6ky5JE1U=
j4+Jg3fL5LQ=
Puh4YER/3PLyOOCVfDLyNw==
E+TycSlaYZ5FdlrzKicZ3g==
qvMZZeWVNko=
K2mtSRt5S64=
dVTukjkYjVw=
dVTukjkYjVw=
kiMBDbhwteOo7/ng6BQ6UQ==
yGg0bzlwjnva74vcdweZyw==
oXCOLCajbZZ7e9WKfcdcOQ==
rb8ow3OWzbQwrpIgM41T3w==
kWZH69Vi+GqEmIFQnaITgg==
CNw8a8S0c+0i3Iuj1TjJ9A==
JAseo+McVFXSFQk+rd7v7g==
gCHJ38VokDQ=
0d479peLyvk=
rp5TFIkF3X8=
098Cq7vt2JA=
y63AClrF7W3A6EQB4GBhsTH/E4NIvnAC
ollr9vVlPLQ=
1fKvbd+6Lcw=
1fKvbd+6Lcw=
Z3LhaJZv1Eexg+QOSm50mQ==
ilxF9YhFTYk=
OYCQYBBVn9Y=
OYCQYBBVn9Y=
OYCQYBBVn9Y=
OYCQYBBVn9Y=
wUTWN+ELVjsJ6fgr21HCng==
wUTWN+ELVjsJ6fgr21HCng==
rer0e43mCMQwve2/ZxjXRA==
WGya1gmZlEabnJMAOryhtA==
hsMkUg4jiQ38Ks106eyMQw==
ixPidCiBJbPuiorPv7ph7g==
tiwfkJYRnYM=
kdYu8Jvw07Q=
YT/W57PFFQdNk33GwQfjeE0bMauIrzMy
Kax8f0CfOoYOEaXpPykGbQ==
MAoz53M2fQM=
PoJpBmt3MH4+OLyZ7EmrDQ==
dKFTPoHvkEk=
H9o01LC75R4=
mxCz955tXEI=
mxCz955tXEI=
pmTFevkYYp1/XS3/9iphIA==
pmTFevkYYp1/XS3/9iphIA==
pmTFevkYYp1/XS3/9iphIA==
pmTFevkYYp1/XS3/9iphIA==
je4Brs3GSu0=
bi1hFKMEKlgDsajvwRXNaA==
rX9ggtWy+Jg=
NUjlh3EQ1QA=
BrjHEvsghiZHV8my/+jQTA==
H+E3fExiPHk=
Gx3q78JCf2K38jlvG/qbig==
gld9OIvpmu8=
Cr0nPALsc8YYb//bCr0Ffw==
lOMy2klmCG7/72WPfxJ5Kw==
f40UtgoemTI=
WqQBQjJk1lHGGcAGtjCpvA==
Xax0P1uzQrc=
rsidDg+Msro=
dYGINRBWyau7/c8W/Yzxzw==
e67hIxy5gvc=
P0b8xm9/2l8=
sbIJW5uHmKizIB09SoggpQ==
AIYQtMwRO8g=
dTuEPxQUnV8=
mYoBVPsq/3k=
51nN7oOKkyvL2VjAgl8gXQ==
vF7rNzVQyQwMZqQurzPgBg==
V1a1FiTu3G11T220CsgpDw==
V1a1FiTu3G11T220CsgpDw==
w4qxumozYte3whiaEURPHQ==
n9ysq3qSzLHT5Gto1qJq6w==
Vn+2BYI1CDE=
zk+IWoTKKfAf/EcZiNg22A==
em7Vp16et0GNHvkTUEE+wA==
AdhPzMC5vHE=
LTj25z+Rw/4=
E5mBHfYMTLYXHfqLddiwkg==
FuFEdgW8mSKANEqqiyc2og==
BgjjLGim+u4LOr2caN0dwQ==
dsZSrKVRLywPdbiPN9evEA==
NuaWawb3Zi4CbuSdtEvm3A==
WI6U6FSALXW1CUKqGNP/AQ==
ivB8Wg91PBZVWvCTcqr1Ew==
ivB8Wg91PBZVWvCTcqr1Ew==
GqEV3wccybc=
wkQYHT0YAm4=
vBKE3QiwwV8=
3MM9gXDf8jpgkRvFdZ68FA==
3MM9gXDf8jpgkRvFdZ68FA==
UFHNF1nSmvnZaAru7/aJ/A==
MptoV8Rp2prkZ8gU1yzqLA==
CJMIygm+MgA=
cFyPS+wso1x+9Cwnm621Fw==
YHzRBVVdLuk=
YHzRBVVdLuk=
YHzRBVVdLuk=
YHzRBVVdLuk=
cSQBVJyFT9XDPVR0iDHR4A==
d2QbRR6h5bw=
WogzlaO4QVs=
jjZ40yO3TcGJNOiV7ONeow==
Z53CAIFnVYcI/4O4locOVg==
jscOp+e5mR/WqwX5JaMRRA==
8hsa5oVTsU0=
iESlFIDz7/0lGI4bvhFjFw==
zvSDRa1StD2A6jxZfi3YLQ==
Llogzzi/boE=
c4XYd3gr92oLDWK13kd+uw==
c4XYd3gr92oLDWK13kd+uw==
/t6TyC6drsO+Jigo2mrMGg==
/t6TyC6drsO+Jigo2mrMGg==
6VVo3+/OYyY=
rG7Qca2r3cQ=
CbvF8rRMFdU=
rZcEff/qTLs=
rFqvrepSB/6ra2ZWUXfE7g==
rFqvrepSB/6ra2ZWUXfE7g==
U3i2q/4B2ho=
EzmKgPSOz1atrLnDqNEXofFh/OxKfqGC
TISa7XjblbQ=
3bZbw7sJxSuMmrUWdSFJ5w==
wG2E4fhXTRI=
FJyCRO5YOno=
FcvzR7vPOmEbBSaFtW1R7w==
JH3V04/Kb0pp+FQu6OgqGw==
Si+hJHkbHms=
O0FMe131UDU=
FjNl2SDs8yk=
0pbSQEuNGAA=
obm3Pqry0+8=
f2Yy6GDrYi8=
VtTq2nnMyJ+mB7ddec5cpQ==
BJiL50TOBO67+lCG+DJiEQ==
v5+uyBYF2A8=
9wdRa9qL/3A=
9wdRa9qL/3A=
9wdRa9qL/3A=
UjP/Ov1Ri7CiOxcehFcGcg==
gqLocS0212+Cz27PyxEu5Q==
FwmutM4BiaM=
JS6nVFOllRo1pU+fYqevzQ==
zXUYNSFbEkz70kT71c1YKg==
QtK4Xv20g/FLGULGpFAbQA==
aIKbu+nyRRI=
aIKbu+nyRRI=
IOeeJjNMNasKJWkKNSHLbQ==
IOeeJjNMNasKJWkKNSHLbQ==
fMuoxoMd+jE+rvYC9xze/YY5rhsQPeSo
1Kal6MBcVDs=
TvYiuwl7y+s=
51aIkglYNxY=
51aIkglYNxY=
2Scu3aHg5l4RSJr1SkjGqg==
+vwBA2aXRx0=
NlB4qSDAuLY=
ekbEKidBPM0=
5kMFVSJq/ec=
bM819HHEE6M=
N1dM+h/DJFw=
J1wFD7N6Y+U=
n6YpoU8JW/+EfhMw7kycuw==
7TSp7NnvQOyR17icMwS7lA==
S/Fc1uC7htrlnjvBIl8hV5b3UmS2N/UO
Xz74yGqo0Wc=
4EtzIJxxhXQ=
T1/9vTGsyIk=
zXRMoLr3pz8=
MRh6I5AxTwk=
6IC/hstG0l8=
92+s3kZBohQ=
X1n3R0Yia42D2MxX5cAxkQ==
0BtrhQrrlz8=
URM5uWATd5owBONLGC+0yg==
U7oAXL6bWus=
hg6t9HfPhVE=
gThB4Ou6//U=
EhktnYP5bv0MQ6qwhhMqEA==
EhktnYP5bv0MQ6qwhhMqEA==
DTriLAD9yj0=
U5BsIYp4lHs=
MMnGi8Er5Ck=
kUHu3y9l3Y1cCm45KZMOoQ==
/CUzn0emftiZOv71rJoCKg==
wiH7rdgSd8s=
r7l++5n/des=
WkJWgnbsyhpFAgQKYQ05zg==
WkJWgnbsyhpFAgQKYQ05zg==
Sc5HF93gqfKymn3mrwlpxQ==
7tV3Kkf57MRLK3n0EUnmug==
ILyuGuPZTmVGd5yFD6+tDA==
3VUwS0KaACbB683u4aA3ug==
ELa8+8mck8qKdB1CNxBnvw==
KWMirbCxMWNrLpUm+sU0Iw==
Fa/Wz60v20tfsnm8UP9TJg==
snLP39R0lEiKPGg0bsXCiA==
snLP39R0lEiKPGg0bsXCiA==
vKRQNzb4MOEGL/SjKHRaQQ==
vKRQNzb4MOEGL/SjKHRaQQ==
Z+2bkwOmZcFVHhKz2b985A==
YpKTsLx11Ps=
NOCtTtw7MYs=
+fpQpyKf4+iaw6UywH7GKg==
b1lvQ0fqwFW1lN8IVu4+vQ==
rJoErPTjZ6V3ZDCMCOzi5g==
rJoErPTjZ6V3ZDCMCOzi5g==
rJoErPTjZ6VodjaWEg8jHA==
yPt/d3D88hmGl2qVz6P02w==
1Ruaq/fEC7f7RdTRTzZY+A==
y+C+7jl+5GpYKR+VkGP44A==
WowbkzOVuo/g8VYZWoZQDw==
qbphWcORUFM=
pcPkX52MdoLzam1HvOq/nQ==
u9mckR9/4GMH2FZmnHKDLxI0ozY94eue
Id+QriCAT0A/Iq1s542I+w==
Id+QriCAT0A/Iq1s542I+w==
Id+QriCAT0A/Iq1s542I+w==
Jg3DogTmmbw=
kgTQEsosjXEmqyUfNcu/dw==
23ZBYUPktlZfj+s8dqOO3Q==
ZCw1ZeFciGqBOE774iWx69aWTpJWO8Du
ZpfJPQLCYogncv9OlfFChA==
5G5QRZhL2e+g6gngVJAkFw==
RMGpDMGHgkM=
LeMJjbbSJpsg3h8eNY2s+g==
kLOhAbLvkEz67zR4AipSGw==
vUMRfDUH0mJCGxQzjHIzzg==
1yrwwHZjwaRIDlTpcRxwoA==
ihqvK4eUXTg=
1EO1y4Gv1rQ=
UMqv1bSmig2sgCbogbf1bw==
VkgzXem5WCbWZ2hJj0Eosg==
7xm9ZkympUg=
