STATUS | wrapper  | 2006/07/25 11:51:30 | --> Wrapper Started as Console
STATUS | wrapper  | 2006/07/25 11:51:30 | Launching a JVM...
INFO   | jvm 1    | 2006/07/25 11:51:31 | Wrapper (Version 3.2.1) http://wrapper.tanukisoftware.org
INFO   | jvm 1    | 2006/07/25 11:51:31 | 
INFO   | jvm 1    | 2006/07/25 11:51:31 | WrapperSimpleApp: Unable to locate the class start: java.lang.ClassNotFoundException: start
INFO   | jvm 1    | 2006/07/25 11:51:31 | 
INFO   | jvm 1    | 2006/07/25 11:51:31 | WrapperSimpleApp Usage:
INFO   | jvm 1    | 2006/07/25 11:51:31 |   java org.tanukisoftware.wrapper.WrapperSimpleApp {app_class} [app_parameters]
INFO   | jvm 1    | 2006/07/25 11:51:31 | 
INFO   | jvm 1    | 2006/07/25 11:51:31 | Where:
INFO   | jvm 1    | 2006/07/25 11:51:31 |   app_class:      The fully qualified class name of the application to run.
INFO   | jvm 1    | 2006/07/25 11:51:31 |   app_parameters: The parameters that would normally be passed to the
INFO   | jvm 1    | 2006/07/25 11:51:31 |                   application.
STATUS | wrapper  | 2006/07/25 11:51:33 | <-- Wrapper Stopped
STATUS | wrapper  | 2006/07/25 11:52:14 | --> Wrapper Started as Console
STATUS | wrapper  | 2006/07/25 11:52:15 | Launching a JVM...
INFO   | jvm 1    | 2006/07/25 11:52:15 | Wrapper (Version 3.2.1) http://wrapper.tanukisoftware.org
INFO   | jvm 1    | 2006/07/25 11:52:15 | 
INFO   | jvm 1    | 2006/07/25 11:52:15 | WrapperSimpleApp: Unable to locate the class start: java.lang.ClassNotFoundException: start
INFO   | jvm 1    | 2006/07/25 11:52:15 | 
INFO   | jvm 1    | 2006/07/25 11:52:15 | WrapperSimpleApp Usage:
INFO   | jvm 1    | 2006/07/25 11:52:15 |   java org.tanukisoftware.wrapper.WrapperSimpleApp {app_class} [app_parameters]
INFO   | jvm 1    | 2006/07/25 11:52:15 | 
INFO   | jvm 1    | 2006/07/25 11:52:15 | Where:
INFO   | jvm 1    | 2006/07/25 11:52:15 |   app_class:      The fully qualified class name of the application to run.
INFO   | jvm 1    | 2006/07/25 11:52:15 |   app_parameters: The parameters that would normally be passed to the
INFO   | jvm 1    | 2006/07/25 11:52:15 |                   application.
STATUS | wrapper  | 2006/07/25 11:52:17 | <-- Wrapper Stopped
STATUS | wrapper  | 2006/07/25 11:53:08 | --> Wrapper Started as Console
WARN   | wrapper  | 2006/07/25 11:53:09 | The value of property 'wrapper.java.additional.1', 'startup.bat' is not a valid argument to the jvm.  Skipping.
STATUS | wrapper  | 2006/07/25 11:53:09 | Launching a JVM...
INFO   | jvm 1    | 2006/07/25 11:53:09 | Wrapper (Version 3.2.1) http://wrapper.tanukisoftware.org
INFO   | jvm 1    | 2006/07/25 11:53:09 | 
INFO   | jvm 1    | 2006/07/25 11:53:09 | WrapperSimpleApp: Unable to locate the class start: java.lang.ClassNotFoundException: start
INFO   | jvm 1    | 2006/07/25 11:53:09 | 
INFO   | jvm 1    | 2006/07/25 11:53:09 | WrapperSimpleApp Usage:
INFO   | jvm 1    | 2006/07/25 11:53:09 |   java org.tanukisoftware.wrapper.WrapperSimpleApp {app_class} [app_parameters]
INFO   | jvm 1    | 2006/07/25 11:53:09 | 
INFO   | jvm 1    | 2006/07/25 11:53:09 | Where:
INFO   | jvm 1    | 2006/07/25 11:53:09 |   app_class:      The fully qualified class name of the application to run.
INFO   | jvm 1    | 2006/07/25 11:53:09 |   app_parameters: The parameters that would normally be passed to the
INFO   | jvm 1    | 2006/07/25 11:53:09 |                   application.
STATUS | wrapper  | 2006/07/25 11:53:11 | <-- Wrapper Stopped
STATUS | wrapper  | 2006/07/25 11:57:44 | --> Wrapper Started as Console
STATUS | wrapper  | 2006/07/25 11:57:44 | Launching a JVM...
INFO   | jvm 1    | 2006/07/25 11:57:45 | Wrapper (Version 3.2.1) http://wrapper.tanukisoftware.org
INFO   | jvm 1    | 2006/07/25 11:57:45 | 
INFO   | jvm 1    | 2006/07/25 11:57:45 | WrapperSimpleApp: Unable to locate the class org.apache.catalina.startup.Bootstrap: java.lang.ClassNotFoundException: org.apache.catalina.startup.Bootstrap
INFO   | jvm 1    | 2006/07/25 11:57:45 | 
INFO   | jvm 1    | 2006/07/25 11:57:45 | WrapperSimpleApp Usage:
INFO   | jvm 1    | 2006/07/25 11:57:45 |   java org.tanukisoftware.wrapper.WrapperSimpleApp {app_class} [app_parameters]
INFO   | jvm 1    | 2006/07/25 11:57:45 | 
INFO   | jvm 1    | 2006/07/25 11:57:45 | Where:
INFO   | jvm 1    | 2006/07/25 11:57:45 |   app_class:      The fully qualified class name of the application to run.
INFO   | jvm 1    | 2006/07/25 11:57:45 |   app_parameters: The parameters that would normally be passed to the
INFO   | jvm 1    | 2006/07/25 11:57:45 |                   application.
STATUS | wrapper  | 2006/07/25 11:57:47 | <-- Wrapper Stopped
STATUS | wrapper  | 2006/07/25 11:59:12 | --> Wrapper Started as Console
STATUS | wrapper  | 2006/07/25 11:59:12 | Launching a JVM...
INFO   | jvm 1    | 2006/07/25 11:59:13 | Wrapper (Version 3.2.1) http://wrapper.tanukisoftware.org
INFO   | jvm 1    | 2006/07/25 11:59:13 | 
INFO   | jvm 1    | 2006/07/25 11:59:13 | WrapperSimpleApp: Unable to locate the class org.apache.catalina.startup.Bootstrap: java.lang.ClassNotFoundException: org.apache.catalina.startup.Bootstrap
INFO   | jvm 1    | 2006/07/25 11:59:13 | 
INFO   | jvm 1    | 2006/07/25 11:59:13 | WrapperSimpleApp Usage:
INFO   | jvm 1    | 2006/07/25 11:59:13 |   java org.tanukisoftware.wrapper.WrapperSimpleApp {app_class} [app_parameters]
INFO   | jvm 1    | 2006/07/25 11:59:13 | 
INFO   | jvm 1    | 2006/07/25 11:59:13 | Where:
INFO   | jvm 1    | 2006/07/25 11:59:13 |   app_class:      The fully qualified class name of the application to run.
INFO   | jvm 1    | 2006/07/25 11:59:13 |   app_parameters: The parameters that would normally be passed to the
INFO   | jvm 1    | 2006/07/25 11:59:13 |                   application.
STATUS | wrapper  | 2006/07/25 11:59:15 | <-- Wrapper Stopped
STATUS | wrapper  | 2006/07/25 11:59:46 | --> Wrapper Started as Console
STATUS | wrapper  | 2006/07/25 11:59:47 | Launching a JVM...
INFO   | jvm 1    | 2006/07/25 11:59:47 | Wrapper (Version 3.2.1) http://wrapper.tanukisoftware.org
INFO   | jvm 1    | 2006/07/25 11:59:47 | 
INFO   | jvm 1    | 2006/07/25 11:59:47 | WrapperSimpleApp: Unable to locate the class org.apache.catalina.startup.Bootstrap: java.lang.ClassNotFoundException: org.apache.catalina.startup.Bootstrap
INFO   | jvm 1    | 2006/07/25 11:59:47 | 
INFO   | jvm 1    | 2006/07/25 11:59:47 | WrapperSimpleApp Usage:
INFO   | jvm 1    | 2006/07/25 11:59:47 |   java org.tanukisoftware.wrapper.WrapperSimpleApp {app_class} [app_parameters]
INFO   | jvm 1    | 2006/07/25 11:59:47 | 
INFO   | jvm 1    | 2006/07/25 11:59:47 | Where:
INFO   | jvm 1    | 2006/07/25 11:59:47 |   app_class:      The fully qualified class name of the application to run.
INFO   | jvm 1    | 2006/07/25 11:59:47 |   app_parameters: The parameters that would normally be passed to the
INFO   | jvm 1    | 2006/07/25 11:59:47 |                   application.
STATUS | wrapper  | 2006/07/25 11:59:49 | <-- Wrapper Stopped
STATUS | wrapper  | 2006/07/25 12:00:16 | --> Wrapper Started as Console
STATUS | wrapper  | 2006/07/25 12:00:16 | Launching a JVM...
INFO   | jvm 1    | 2006/07/25 12:00:16 | Wrapper (Version 3.2.1) http://wrapper.tanukisoftware.org
INFO   | jvm 1    | 2006/07/25 12:00:16 | 
INFO   | jvm 1    | 2006/07/25 12:00:16 | WrapperSimpleApp: Unable to locate the class org.apache.catalina.startup.Bootstrap: java.lang.ClassNotFoundException: org.apache.catalina.startup.Bootstrap
INFO   | jvm 1    | 2006/07/25 12:00:16 | 
INFO   | jvm 1    | 2006/07/25 12:00:16 | WrapperSimpleApp Usage:
INFO   | jvm 1    | 2006/07/25 12:00:16 |   java org.tanukisoftware.wrapper.WrapperSimpleApp {app_class} [app_parameters]
INFO   | jvm 1    | 2006/07/25 12:00:16 | 
INFO   | jvm 1    | 2006/07/25 12:00:16 | Where:
INFO   | jvm 1    | 2006/07/25 12:00:16 |   app_class:      The fully qualified class name of the application to run.
INFO   | jvm 1    | 2006/07/25 12:00:16 |   app_parameters: The parameters that would normally be passed to the
INFO   | jvm 1    | 2006/07/25 12:00:16 |                   application.
STATUS | wrapper  | 2006/07/25 12:00:18 | <-- Wrapper Stopped
STATUS | wrapper  | 2006/07/25 12:01:49 | --> Wrapper Started as Console
STATUS | wrapper  | 2006/07/25 12:01:49 | Launching a JVM...
INFO   | jvm 1    | 2006/07/25 12:01:49 | Wrapper (Version 3.2.1) http://wrapper.tanukisoftware.org
INFO   | jvm 1    | 2006/07/25 12:01:49 | 
INFO   | jvm 1    | 2006/07/25 12:01:49 | WrapperSimpleApp: Unable to locate the class Bootstrap: java.lang.ClassNotFoundException: Bootstrap
INFO   | jvm 1    | 2006/07/25 12:01:49 | 
INFO   | jvm 1    | 2006/07/25 12:01:49 | WrapperSimpleApp Usage:
INFO   | jvm 1    | 2006/07/25 12:01:49 |   java org.tanukisoftware.wrapper.WrapperSimpleApp {app_class} [app_parameters]
INFO   | jvm 1    | 2006/07/25 12:01:49 | 
INFO   | jvm 1    | 2006/07/25 12:01:49 | Where:
INFO   | jvm 1    | 2006/07/25 12:01:49 |   app_class:      The fully qualified class name of the application to run.
INFO   | jvm 1    | 2006/07/25 12:01:49 |   app_parameters: The parameters that would normally be passed to the
INFO   | jvm 1    | 2006/07/25 12:01:49 |                   application.
STATUS | wrapper  | 2006/07/25 12:01:51 | <-- Wrapper Stopped
STATUS | wrapper  | 2006/07/25 12:02:21 | --> Wrapper Started as Console
STATUS | wrapper  | 2006/07/25 12:02:21 | Launching a JVM...
INFO   | jvm 1    | 2006/07/25 12:02:21 | Wrapper (Version 3.2.1) http://wrapper.tanukisoftware.org
INFO   | jvm 1    | 2006/07/25 12:02:21 | 
INFO   | jvm 1    | 2006/07/25 12:02:21 | WrapperSimpleApp: Unable to locate the class ../bin/Bootstrap.jar: java.lang.ClassNotFoundException: ../bin/Bootstrap.jar
INFO   | jvm 1    | 2006/07/25 12:02:21 | 
INFO   | jvm 1    | 2006/07/25 12:02:21 | WrapperSimpleApp Usage:
INFO   | jvm 1    | 2006/07/25 12:02:21 |   java org.tanukisoftware.wrapper.WrapperSimpleApp {app_class} [app_parameters]
INFO   | jvm 1    | 2006/07/25 12:02:21 | 
INFO   | jvm 1    | 2006/07/25 12:02:21 | Where:
INFO   | jvm 1    | 2006/07/25 12:02:21 |   app_class:      The fully qualified class name of the application to run.
INFO   | jvm 1    | 2006/07/25 12:02:21 |   app_parameters: The parameters that would normally be passed to the
INFO   | jvm 1    | 2006/07/25 12:02:21 |                   application.
STATUS | wrapper  | 2006/07/25 12:02:23 | <-- Wrapper Stopped
STATUS | wrapper  | 2006/07/25 12:03:07 | --> Wrapper Started as Console
WARN   | wrapper  | 2006/07/25 12:03:08 | The value of property 'wrapper.java.additional.1', 'startup.bat' is not a valid argument to the jvm.  Skipping.
STATUS | wrapper  | 2006/07/25 12:03:08 | Launching a JVM...
INFO   | jvm 1    | 2006/07/25 12:03:08 | Wrapper (Version 3.2.1) http://wrapper.tanukisoftware.org
INFO   | jvm 1    | 2006/07/25 12:03:08 | 
INFO   | jvm 1    | 2006/07/25 12:03:08 | 
INFO   | jvm 1    | 2006/07/25 12:03:08 | WrapperSimpleApp Usage:
INFO   | jvm 1    | 2006/07/25 12:03:08 |   java org.tanukisoftware.wrapper.WrapperSimpleApp {app_class} [app_parameters]
INFO   | jvm 1    | 2006/07/25 12:03:08 | 
INFO   | jvm 1    | 2006/07/25 12:03:08 | Where:
INFO   | jvm 1    | 2006/07/25 12:03:08 |   app_class:      The fully qualified class name of the application to run.
INFO   | jvm 1    | 2006/07/25 12:03:08 |   app_parameters: The parameters that would normally be passed to the
INFO   | jvm 1    | 2006/07/25 12:03:08 |                   application.
STATUS | wrapper  | 2006/07/25 12:03:10 | <-- Wrapper Stopped
STATUS | wrapper  | 2006/07/25 12:03:31 | --> Wrapper Started as Console
STATUS | wrapper  | 2006/07/25 12:03:31 | Launching a JVM...
INFO   | jvm 1    | 2006/07/25 12:03:31 | Wrapper (Version 3.2.1) http://wrapper.tanukisoftware.org
INFO   | jvm 1    | 2006/07/25 12:03:31 | 
INFO   | jvm 1    | 2006/07/25 12:03:31 | WrapperSimpleApp: Unable to locate the class start: java.lang.ClassNotFoundException: start
INFO   | jvm 1    | 2006/07/25 12:03:31 | 
INFO   | jvm 1    | 2006/07/25 12:03:31 | WrapperSimpleApp Usage:
INFO   | jvm 1    | 2006/07/25 12:03:31 |   java org.tanukisoftware.wrapper.WrapperSimpleApp {app_class} [app_parameters]
INFO   | jvm 1    | 2006/07/25 12:03:31 | 
INFO   | jvm 1    | 2006/07/25 12:03:31 | Where:
INFO   | jvm 1    | 2006/07/25 12:03:31 |   app_class:      The fully qualified class name of the application to run.
INFO   | jvm 1    | 2006/07/25 12:03:31 |   app_parameters: The parameters that would normally be passed to the
INFO   | jvm 1    | 2006/07/25 12:03:31 |                   application.
STATUS | wrapper  | 2006/07/25 12:03:33 | <-- Wrapper Stopped
STATUS | wrapper  | 2006/07/25 12:06:56 | --> Wrapper Started as Console
STATUS | wrapper  | 2006/07/25 12:06:57 | Launching a JVM...
INFO   | jvm 1    | 2006/07/25 12:06:57 | Wrapper (Version 3.2.1) http://wrapper.tanukisoftware.org
INFO   | jvm 1    | 2006/07/25 12:06:57 | 
INFO   | jvm 1    | 2006/07/25 12:06:57 | WrapperSimpleApp: Unable to locate the class org.apache.catalina.startup.Bootstrap: java.lang.ClassNotFoundException: org.apache.catalina.startup.Bootstrap
INFO   | jvm 1    | 2006/07/25 12:06:57 | 
INFO   | jvm 1    | 2006/07/25 12:06:57 | WrapperSimpleApp Usage:
INFO   | jvm 1    | 2006/07/25 12:06:57 |   java org.tanukisoftware.wrapper.WrapperSimpleApp {app_class} [app_parameters]
INFO   | jvm 1    | 2006/07/25 12:06:57 | 
INFO   | jvm 1    | 2006/07/25 12:06:57 | Where:
INFO   | jvm 1    | 2006/07/25 12:06:57 |   app_class:      The fully qualified class name of the application to run.
INFO   | jvm 1    | 2006/07/25 12:06:57 |   app_parameters: The parameters that would normally be passed to the
INFO   | jvm 1    | 2006/07/25 12:06:57 |                   application.
STATUS | wrapper  | 2006/07/25 12:06:59 | <-- Wrapper Stopped
STATUS | wrapper  | 2006/07/25 12:10:08 | --> Wrapper Started as Console
STATUS | wrapper  | 2006/07/25 12:10:08 | Launching a JVM...
INFO   | jvm 1    | 2006/07/25 12:10:08 | Wrapper (Version 3.2.1) http://wrapper.tanukisoftware.org
INFO   | jvm 1    | 2006/07/25 12:10:08 | 
INFO   | jvm 1    | 2006/07/25 12:10:08 | WrapperSimpleApp: Unable to locate the class org.apache.catalina.startup.Bootstrap: java.lang.ClassNotFoundException: org.apache.catalina.startup.Bootstrap
INFO   | jvm 1    | 2006/07/25 12:10:08 | 
INFO   | jvm 1    | 2006/07/25 12:10:08 | WrapperSimpleApp Usage:
INFO   | jvm 1    | 2006/07/25 12:10:08 |   java org.tanukisoftware.wrapper.WrapperSimpleApp {app_class} [app_parameters]
INFO   | jvm 1    | 2006/07/25 12:10:08 | 
INFO   | jvm 1    | 2006/07/25 12:10:08 | Where:
INFO   | jvm 1    | 2006/07/25 12:10:08 |   app_class:      The fully qualified class name of the application to run.
INFO   | jvm 1    | 2006/07/25 12:10:08 |   app_parameters: The parameters that would normally be passed to the
INFO   | jvm 1    | 2006/07/25 12:10:08 |                   application.
STATUS | wrapper  | 2006/07/25 12:10:10 | <-- Wrapper Stopped
STATUS | wrapper  | 2006/07/25 12:20:49 | --> Wrapper Started as Console
STATUS | wrapper  | 2006/07/25 12:20:49 | Launching a JVM...
INFO   | jvm 1    | 2006/07/25 12:20:49 | Wrapper (Version 3.2.1) http://wrapper.tanukisoftware.org
INFO   | jvm 1    | 2006/07/25 12:20:49 | 
INFO   | jvm 1    | 2006/07/25 12:20:51 | Jul 25, 2006 12:20:51 PM org.apache.coyote.http11.Http11Protocol init
INFO   | jvm 1    | 2006/07/25 12:20:51 | SEVERE: Error initializing endpoint
INFO   | jvm 1    | 2006/07/25 12:20:51 | java.net.BindException: Address already in use: JVM_Bind:9090
INFO   | jvm 1    | 2006/07/25 12:20:51 | 	at org.apache.tomcat.util.net.PoolTcpEndpoint.initEndpoint(PoolTcpEndpoint.java:264)
INFO   | jvm 1    | 2006/07/25 12:20:51 | 	at org.apache.coyote.http11.Http11Protocol.init(Http11Protocol.java:137)
INFO   | jvm 1    | 2006/07/25 12:20:51 | 	at org.apache.coyote.tomcat5.CoyoteConnector.initialize(CoyoteConnector.java:1429)
INFO   | jvm 1    | 2006/07/25 12:20:51 | 	at org.apache.catalina.core.StandardService.initialize(StandardService.java:609)
INFO   | jvm 1    | 2006/07/25 12:20:51 | 	at org.apache.catalina.core.StandardServer.initialize(StandardServer.java:2384)
INFO   | jvm 1    | 2006/07/25 12:20:51 | 	at org.apache.catalina.startup.Catalina.load(Catalina.java:507)
INFO   | jvm 1    | 2006/07/25 12:20:51 | 	at sun.reflect.NativeMethodAccessorImpl.invoke0(Native Method)
INFO   | jvm 1    | 2006/07/25 12:20:51 | 	at sun.reflect.NativeMethodAccessorImpl.invoke(NativeMethodAccessorImpl.java:39)
INFO   | jvm 1    | 2006/07/25 12:20:51 | 	at sun.reflect.DelegatingMethodAccessorImpl.invoke(DelegatingMethodAccessorImpl.java:25)
INFO   | jvm 1    | 2006/07/25 12:20:51 | 	at java.lang.reflect.Method.invoke(Method.java:324)
INFO   | jvm 1    | 2006/07/25 12:20:51 | 	at org.apache.catalina.startup.Bootstrap.load(Bootstrap.java:250)
INFO   | jvm 1    | 2006/07/25 12:20:51 | 	at org.apache.catalina.startup.Bootstrap.main(Bootstrap.java:424)
INFO   | jvm 1    | 2006/07/25 12:20:51 | 	at sun.reflect.NativeMethodAccessorImpl.invoke0(Native Method)
INFO   | jvm 1    | 2006/07/25 12:20:51 | 	at sun.reflect.NativeMethodAccessorImpl.invoke(NativeMethodAccessorImpl.java:39)
INFO   | jvm 1    | 2006/07/25 12:20:51 | 	at sun.reflect.DelegatingMethodAccessorImpl.invoke(DelegatingMethodAccessorImpl.java:25)
INFO   | jvm 1    | 2006/07/25 12:20:51 | 	at java.lang.reflect.Method.invoke(Method.java:324)
INFO   | jvm 1    | 2006/07/25 12:20:51 | 	at org.tanukisoftware.wrapper.WrapperSimpleApp.run(WrapperSimpleApp.java:292)
INFO   | jvm 1    | 2006/07/25 12:20:51 | 	at java.lang.Thread.run(Thread.java:534)
INFO   | jvm 1    | 2006/07/25 12:20:51 | Jul 25, 2006 12:20:51 PM org.apache.catalina.startup.Catalina load
INFO   | jvm 1    | 2006/07/25 12:20:51 | SEVERE: Catalina.start
INFO   | jvm 1    | 2006/07/25 12:20:51 | LifecycleException:  Protocol handler initialization failed: java.net.BindException: Address already in use: JVM_Bind:9090
INFO   | jvm 1    | 2006/07/25 12:20:51 | 	at org.apache.coyote.tomcat5.CoyoteConnector.initialize(CoyoteConnector.java:1431)
INFO   | jvm 1    | 2006/07/25 12:20:51 | 	at org.apache.catalina.core.StandardService.initialize(StandardService.java:609)
INFO   | jvm 1    | 2006/07/25 12:20:51 | 	at org.apache.catalina.core.StandardServer.initialize(StandardServer.java:2384)
INFO   | jvm 1    | 2006/07/25 12:20:51 | 	at org.apache.catalina.startup.Catalina.load(Catalina.java:507)
INFO   | jvm 1    | 2006/07/25 12:20:51 | 	at sun.reflect.NativeMethodAccessorImpl.invoke0(Native Method)
INFO   | jvm 1    | 2006/07/25 12:20:51 | 	at sun.reflect.NativeMethodAccessorImpl.invoke(NativeMethodAccessorImpl.java:39)
INFO   | jvm 1    | 2006/07/25 12:20:51 | 	at sun.reflect.DelegatingMethodAccessorImpl.invoke(DelegatingMethodAccessorImpl.java:25)
INFO   | jvm 1    | 2006/07/25 12:20:51 | 	at java.lang.reflect.Method.invoke(Method.java:324)
INFO   | jvm 1    | 2006/07/25 12:20:51 | 	at org.apache.catalina.startup.Bootstrap.load(Bootstrap.java:250)
INFO   | jvm 1    | 2006/07/25 12:20:51 | 	at org.apache.catalina.startup.Bootstrap.main(Bootstrap.java:424)
INFO   | jvm 1    | 2006/07/25 12:20:51 | 	at sun.reflect.NativeMethodAccessorImpl.invoke0(Native Method)
INFO   | jvm 1    | 2006/07/25 12:20:51 | 	at sun.reflect.NativeMethodAccessorImpl.invoke(NativeMethodAccessorImpl.java:39)
INFO   | jvm 1    | 2006/07/25 12:20:51 | 	at sun.reflect.DelegatingMethodAccessorImpl.invoke(DelegatingMethodAccessorImpl.java:25)
INFO   | jvm 1    | 2006/07/25 12:20:51 | 	at java.lang.reflect.Method.invoke(Method.java:324)
INFO   | jvm 1    | 2006/07/25 12:20:51 | 	at org.tanukisoftware.wrapper.WrapperSimpleApp.run(WrapperSimpleApp.java:292)
INFO   | jvm 1    | 2006/07/25 12:20:51 | 	at java.lang.Thread.run(Thread.java:534)
INFO   | jvm 1    | 2006/07/25 12:20:51 | Jul 25, 2006 12:20:51 PM org.apache.catalina.startup.Catalina load
INFO   | jvm 1    | 2006/07/25 12:20:51 | INFO: Initialization processed in 984 ms
INFO   | jvm 1    | 2006/07/25 12:20:51 | Jul 25, 2006 12:20:51 PM org.apache.catalina.core.StandardService start
INFO   | jvm 1    | 2006/07/25 12:20:51 | INFO: Starting service Catalina
INFO   | jvm 1    | 2006/07/25 12:20:51 | Jul 25, 2006 12:20:51 PM org.apache.catalina.core.StandardEngine start
INFO   | jvm 1    | 2006/07/25 12:20:51 | INFO: Starting Servlet Engine: Apache Tomcat/5.0.30
INFO   | jvm 1    | 2006/07/25 12:20:51 | Jul 25, 2006 12:20:51 PM org.apache.catalina.core.StandardHost start
INFO   | jvm 1    | 2006/07/25 12:20:51 | INFO: XML validation disabled
INFO   | jvm 1    | 2006/07/25 12:20:51 | Jul 25, 2006 12:20:51 PM org.apache.catalina.core.StandardHost getDeployer
INFO   | jvm 1    | 2006/07/25 12:20:51 | INFO: Create Host deployer for direct deployment ( non-jmx ) 
INFO   | jvm 1    | 2006/07/25 12:20:51 | Jul 25, 2006 12:20:51 PM org.apache.catalina.core.StandardHostDeployer install
INFO   | jvm 1    | 2006/07/25 12:20:51 | INFO: Processing Context configuration file URL file:D:\TalentpoolInstaller\TalentPool\tomcat\conf\Catalina\localhost\admin.xml
INFO   | jvm 1    | 2006/07/25 12:20:52 | Jul 25, 2006 12:20:52 PM org.apache.catalina.core.StandardHostDeployer install
INFO   | jvm 1    | 2006/07/25 12:20:52 | INFO: Processing Context configuration file URL file:D:\TalentpoolInstaller\TalentPool\tomcat\conf\Catalina\localhost\balancer.xml
INFO   | jvm 1    | 2006/07/25 12:20:53 | Jul 25, 2006 12:20:52 PM org.apache.catalina.core.StandardHostDeployer install
INFO   | jvm 1    | 2006/07/25 12:20:53 | INFO: Processing Context configuration file URL file:D:\TalentpoolInstaller\TalentPool\tomcat\conf\Catalina\localhost\manager.xml
INFO   | jvm 1    | 2006/07/25 12:20:53 | Jul 25, 2006 12:20:52 PM org.apache.catalina.core.StandardHostDeployer install
INFO   | jvm 1    | 2006/07/25 12:20:53 | INFO: Processing Context configuration file URL file:D:\TalentpoolInstaller\TalentPool\tomcat\conf\Catalina\localhost\TalentPool.xml
INFO   | jvm 1    | 2006/07/25 12:20:53 | Jul 25, 2006 12:20:53 PM org.apache.struts.util.PropertyMessageResources <init>
INFO   | jvm 1    | 2006/07/25 12:20:53 | INFO: Initializing, config='org.apache.struts.util.LocalStrings', returnNull=true
INFO   | jvm 1    | 2006/07/25 12:20:53 | Jul 25, 2006 12:20:53 PM org.apache.struts.util.PropertyMessageResources <init>
INFO   | jvm 1    | 2006/07/25 12:20:53 | INFO: Initializing, config='org.apache.struts.action.ActionResources', returnNull=true
INFO   | jvm 1    | 2006/07/25 12:20:54 | Jul 25, 2006 12:20:54 PM org.apache.struts.util.PropertyMessageResources <init>
INFO   | jvm 1    | 2006/07/25 12:20:54 | INFO: Initializing, config='talentpoollabels', returnNull=true
INFO   | jvm 1    | 2006/07/25 12:20:54 | Jul 25, 2006 12:20:54 PM org.apache.catalina.core.StandardHostDeployer install
INFO   | jvm 1    | 2006/07/25 12:20:54 | INFO: Installing web application at context path /jsp-examples from URL file:D:\TalentpoolInstaller\TalentPool\tomcat\webapps\jsp-examples
INFO   | jvm 1    | 2006/07/25 12:20:54 | Jul 25, 2006 12:20:54 PM org.apache.catalina.core.StandardHostDeployer install
INFO   | jvm 1    | 2006/07/25 12:20:54 | INFO: Installing web application at context path  from URL file:D:\TalentpoolInstaller\TalentPool\tomcat\webapps\ROOT
INFO   | jvm 1    | 2006/07/25 12:20:54 | Jul 25, 2006 12:20:54 PM org.apache.catalina.core.StandardHostDeployer install
INFO   | jvm 1    | 2006/07/25 12:20:54 | INFO: Installing web application at context path /servlets-examples from URL file:D:\TalentpoolInstaller\TalentPool\tomcat\webapps\servlets-examples
INFO   | jvm 1    | 2006/07/25 12:20:54 | Jul 25, 2006 12:20:54 PM org.apache.catalina.core.StandardHostDeployer install
INFO   | jvm 1    | 2006/07/25 12:20:54 | INFO: Installing web application at context path /tomcat-docs from URL file:D:\TalentpoolInstaller\TalentPool\tomcat\webapps\tomcat-docs
INFO   | jvm 1    | 2006/07/25 12:20:54 | Jul 25, 2006 12:20:54 PM org.apache.catalina.core.StandardHostDeployer install
INFO   | jvm 1    | 2006/07/25 12:20:54 | INFO: Installing web application at context path /webdav from URL file:D:\TalentpoolInstaller\TalentPool\tomcat\webapps\webdav
INFO   | jvm 1    | 2006/07/25 12:20:54 | Jul 25, 2006 12:20:54 PM org.apache.coyote.http11.Http11Protocol start
INFO   | jvm 1    | 2006/07/25 12:20:54 | SEVERE: Error starting endpoint
INFO   | jvm 1    | 2006/07/25 12:20:54 | java.net.BindException: Address already in use: JVM_Bind:9090
INFO   | jvm 1    | 2006/07/25 12:20:54 | 	at org.apache.tomcat.util.net.PoolTcpEndpoint.initEndpoint(PoolTcpEndpoint.java:264)
INFO   | jvm 1    | 2006/07/25 12:20:54 | 	at org.apache.tomcat.util.net.PoolTcpEndpoint.startEndpoint(PoolTcpEndpoint.java:281)
INFO   | jvm 1    | 2006/07/25 12:20:54 | 	at org.apache.coyote.http11.Http11Protocol.start(Http11Protocol.java:171)
INFO   | jvm 1    | 2006/07/25 12:20:54 | 	at org.apache.coyote.tomcat5.CoyoteConnector.start(CoyoteConnector.java:1527)
INFO   | jvm 1    | 2006/07/25 12:20:54 | 	at org.apache.catalina.core.StandardService.start(StandardService.java:489)
INFO   | jvm 1    | 2006/07/25 12:20:54 | 	at org.apache.catalina.core.StandardServer.start(StandardServer.java:2313)
INFO   | jvm 1    | 2006/07/25 12:20:54 | 	at org.apache.catalina.startup.Catalina.start(Catalina.java:556)
INFO   | jvm 1    | 2006/07/25 12:20:54 | 	at sun.reflect.NativeMethodAccessorImpl.invoke0(Native Method)
INFO   | jvm 1    | 2006/07/25 12:20:54 | 	at sun.reflect.NativeMethodAccessorImpl.invoke(NativeMethodAccessorImpl.java:39)
INFO   | jvm 1    | 2006/07/25 12:20:54 | 	at sun.reflect.DelegatingMethodAccessorImpl.invoke(DelegatingMethodAccessorImpl.java:25)
INFO   | jvm 1    | 2006/07/25 12:20:54 | 	at java.lang.reflect.Method.invoke(Method.java:324)
INFO   | jvm 1    | 2006/07/25 12:20:54 | 	at org.apache.catalina.startup.Bootstrap.start(Bootstrap.java:287)
INFO   | jvm 1    | 2006/07/25 12:20:54 | 	at org.apache.catalina.startup.Bootstrap.main(Bootstrap.java:425)
INFO   | jvm 1    | 2006/07/25 12:20:54 | 	at sun.reflect.NativeMethodAccessorImpl.invoke0(Native Method)
INFO   | jvm 1    | 2006/07/25 12:20:54 | 	at sun.reflect.NativeMethodAccessorImpl.invoke(NativeMethodAccessorImpl.java:39)
INFO   | jvm 1    | 2006/07/25 12:20:54 | 	at sun.reflect.DelegatingMethodAccessorImpl.invoke(DelegatingMethodAccessorImpl.java:25)
INFO   | jvm 1    | 2006/07/25 12:20:54 | 	at java.lang.reflect.Method.invoke(Method.java:324)
INFO   | jvm 1    | 2006/07/25 12:20:54 | 	at org.tanukisoftware.wrapper.WrapperSimpleApp.run(WrapperSimpleApp.java:292)
INFO   | jvm 1    | 2006/07/25 12:20:54 | 	at java.lang.Thread.run(Thread.java:534)
INFO   | jvm 1    | 2006/07/25 12:20:54 | Jul 25, 2006 12:20:54 PM org.apache.catalina.startup.Catalina start
INFO   | jvm 1    | 2006/07/25 12:20:54 | SEVERE: Catalina.start: 
INFO   | jvm 1    | 2006/07/25 12:20:54 | LifecycleException:  Protocol handler start failed: java.net.BindException: Address already in use: JVM_Bind:9090
INFO   | jvm 1    | 2006/07/25 12:20:54 | 	at org.apache.coyote.tomcat5.CoyoteConnector.start(CoyoteConnector.java:1529)
INFO   | jvm 1    | 2006/07/25 12:20:54 | 	at org.apache.catalina.core.StandardService.start(StandardService.java:489)
INFO   | jvm 1    | 2006/07/25 12:20:54 | 	at org.apache.catalina.core.StandardServer.start(StandardServer.java:2313)
INFO   | jvm 1    | 2006/07/25 12:20:54 | 	at org.apache.catalina.startup.Catalina.start(Catalina.java:556)
INFO   | jvm 1    | 2006/07/25 12:20:54 | 	at sun.reflect.NativeMethodAccessorImpl.invoke0(Native Method)
INFO   | jvm 1    | 2006/07/25 12:20:54 | 	at sun.reflect.NativeMethodAccessorImpl.invoke(NativeMethodAccessorImpl.java:39)
INFO   | jvm 1    | 2006/07/25 12:20:54 | 	at sun.reflect.DelegatingMethodAccessorImpl.invoke(DelegatingMethodAccessorImpl.java:25)
INFO   | jvm 1    | 2006/07/25 12:20:54 | 	at java.lang.reflect.Method.invoke(Method.java:324)
INFO   | jvm 1    | 2006/07/25 12:20:54 | 	at org.apache.catalina.startup.Bootstrap.start(Bootstrap.java:287)
INFO   | jvm 1    | 2006/07/25 12:20:54 | 	at org.apache.catalina.startup.Bootstrap.main(Bootstrap.java:425)
INFO   | jvm 1    | 2006/07/25 12:20:54 | 	at sun.reflect.NativeMethodAccessorImpl.invoke0(Native Method)
INFO   | jvm 1    | 2006/07/25 12:20:54 | 	at sun.reflect.NativeMethodAccessorImpl.invoke(NativeMethodAccessorImpl.java:39)
INFO   | jvm 1    | 2006/07/25 12:20:54 | 	at sun.reflect.DelegatingMethodAccessorImpl.invoke(DelegatingMethodAccessorImpl.java:25)
INFO   | jvm 1    | 2006/07/25 12:20:54 | 	at java.lang.reflect.Method.invoke(Method.java:324)
INFO   | jvm 1    | 2006/07/25 12:20:54 | 	at org.tanukisoftware.wrapper.WrapperSimpleApp.run(WrapperSimpleApp.java:292)
INFO   | jvm 1    | 2006/07/25 12:20:54 | 	at java.lang.Thread.run(Thread.java:534)
INFO   | jvm 1    | 2006/07/25 12:20:54 | Jul 25, 2006 12:20:54 PM org.apache.catalina.startup.Catalina start
INFO   | jvm 1    | 2006/07/25 12:20:54 | INFO: Server startup in 3500 ms
INFO   | jvm 1    | 2006/07/25 12:20:54 | StandardServer.await: create[8005]: java.net.BindException: Address already in use: JVM_Bind
INFO   | jvm 1    | 2006/07/25 12:20:54 | java.net.BindException: Address already in use: JVM_Bind
INFO   | jvm 1    | 2006/07/25 12:20:54 | 	at java.net.PlainSocketImpl.socketBind(Native Method)
INFO   | jvm 1    | 2006/07/25 12:20:54 | 	at java.net.PlainSocketImpl.bind(PlainSocketImpl.java:331)
INFO   | jvm 1    | 2006/07/25 12:20:54 | 	at java.net.ServerSocket.bind(ServerSocket.java:318)
INFO   | jvm 1    | 2006/07/25 12:20:54 | 	at java.net.ServerSocket.<init>(ServerSocket.java:185)
INFO   | jvm 1    | 2006/07/25 12:20:54 | 	at org.apache.catalina.core.StandardServer.await(StandardServer.java:496)
INFO   | jvm 1    | 2006/07/25 12:20:54 | 	at org.apache.catalina.startup.Catalina.await(Catalina.java:619)
INFO   | jvm 1    | 2006/07/25 12:20:54 | 	at org.apache.catalina.startup.Catalina.start(Catalina.java:579)
INFO   | jvm 1    | 2006/07/25 12:20:54 | 	at sun.reflect.NativeMethodAccessorImpl.invoke0(Native Method)
INFO   | jvm 1    | 2006/07/25 12:20:54 | 	at sun.reflect.NativeMethodAccessorImpl.invoke(NativeMethodAccessorImpl.java:39)
INFO   | jvm 1    | 2006/07/25 12:20:54 | 	at sun.reflect.DelegatingMethodAccessorImpl.invoke(DelegatingMethodAccessorImpl.java:25)
INFO   | jvm 1    | 2006/07/25 12:20:54 | 	at java.lang.reflect.Method.invoke(Method.java:324)
INFO   | jvm 1    | 2006/07/25 12:20:54 | 	at org.apache.catalina.startup.Bootstrap.start(Bootstrap.java:287)
INFO   | jvm 1    | 2006/07/25 12:20:54 | 	at org.apache.catalina.startup.Bootstrap.main(Bootstrap.java:425)
INFO   | jvm 1    | 2006/07/25 12:20:54 | 	at sun.reflect.NativeMethodAccessorImpl.invoke0(Native Method)
INFO   | jvm 1    | 2006/07/25 12:20:54 | 	at sun.reflect.NativeMethodAccessorImpl.invoke(NativeMethodAccessorImpl.java:39)
INFO   | jvm 1    | 2006/07/25 12:20:54 | 	at sun.reflect.DelegatingMethodAccessorImpl.invoke(DelegatingMethodAccessorImpl.java:25)
INFO   | jvm 1    | 2006/07/25 12:20:54 | 	at java.lang.reflect.Method.invoke(Method.java:324)
INFO   | jvm 1    | 2006/07/25 12:20:54 | 	at org.tanukisoftware.wrapper.WrapperSimpleApp.run(WrapperSimpleApp.java:292)
INFO   | jvm 1    | 2006/07/25 12:20:54 | 	at java.lang.Thread.run(Thread.java:534)
INFO   | jvm 1    | 2006/07/25 12:20:54 | Jul 25, 2006 12:20:54 PM org.apache.coyote.http11.Http11Protocol pause
INFO   | jvm 1    | 2006/07/25 12:20:54 | INFO: Pausing Coyote HTTP/1.1 on http-9090
INFO   | jvm 1    | 2006/07/25 12:20:54 | Jul 25, 2006 12:20:54 PM org.apache.coyote.tomcat5.CoyoteConnector pause
INFO   | jvm 1    | 2006/07/25 12:20:54 | SEVERE: Protocol handler pause failed
INFO   | jvm 1    | 2006/07/25 12:20:54 | java.lang.NullPointerException
INFO   | jvm 1    | 2006/07/25 12:20:54 | 	at org.apache.coyote.tomcat5.CoyoteConnector.pause(CoyoteConnector.java:1444)
INFO   | jvm 1    | 2006/07/25 12:20:54 | 	at org.apache.catalina.core.StandardService.stop(StandardService.java:521)
INFO   | jvm 1    | 2006/07/25 12:20:54 | 	at org.apache.catalina.core.StandardServer.stop(StandardServer.java:2347)
INFO   | jvm 1    | 2006/07/25 12:20:54 | 	at org.apache.catalina.startup.Catalina.stop(Catalina.java:605)
INFO   | jvm 1    | 2006/07/25 12:20:54 | 	at org.apache.catalina.startup.Catalina$CatalinaShutdownHook.run(Catalina.java:648)
STATUS | wrapper  | 2006/07/25 12:20:56 | <-- Wrapper Stopped
STATUS | wrapper  | 2006/07/25 12:22:25 | --> Wrapper Started as Console
STATUS | wrapper  | 2006/07/25 12:22:25 | Launching a JVM...
INFO   | jvm 1    | 2006/07/25 12:22:25 | Wrapper (Version 3.2.1) http://wrapper.tanukisoftware.org
INFO   | jvm 1    | 2006/07/25 12:22:25 | 
INFO   | jvm 1    | 2006/07/25 12:22:27 | Jul 25, 2006 12:22:26 PM org.apache.coyote.http11.Http11Protocol init
INFO   | jvm 1    | 2006/07/25 12:22:27 | INFO: Initializing Coyote HTTP/1.1 on http-90
INFO   | jvm 1    | 2006/07/25 12:22:27 | Jul 25, 2006 12:22:26 PM org.apache.catalina.startup.Catalina load
INFO   | jvm 1    | 2006/07/25 12:22:27 | INFO: Initialization processed in 984 ms
INFO   | jvm 1    | 2006/07/25 12:22:27 | Jul 25, 2006 12:22:27 PM org.apache.catalina.core.StandardService start
INFO   | jvm 1    | 2006/07/25 12:22:27 | INFO: Starting service Catalina
INFO   | jvm 1    | 2006/07/25 12:22:27 | Jul 25, 2006 12:22:27 PM org.apache.catalina.core.StandardEngine start
INFO   | jvm 1    | 2006/07/25 12:22:27 | INFO: Starting Servlet Engine: Apache Tomcat/5.0.30
INFO   | jvm 1    | 2006/07/25 12:22:27 | Jul 25, 2006 12:22:27 PM org.apache.catalina.core.StandardHost start
INFO   | jvm 1    | 2006/07/25 12:22:27 | INFO: XML validation disabled
INFO   | jvm 1    | 2006/07/25 12:22:27 | Jul 25, 2006 12:22:27 PM org.apache.catalina.core.StandardHost getDeployer
INFO   | jvm 1    | 2006/07/25 12:22:27 | INFO: Create Host deployer for direct deployment ( non-jmx ) 
INFO   | jvm 1    | 2006/07/25 12:22:27 | Jul 25, 2006 12:22:27 PM org.apache.catalina.core.StandardHostDeployer install
INFO   | jvm 1    | 2006/07/25 12:22:27 | INFO: Processing Context configuration file URL file:D:\TalentpoolInstaller\TalentPool\tomcat\conf\Catalina\localhost\admin.xml
INFO   | jvm 1    | 2006/07/25 12:22:29 | Jul 25, 2006 12:22:29 PM org.apache.catalina.core.StandardHostDeployer install
INFO   | jvm 1    | 2006/07/25 12:22:29 | INFO: Processing Context configuration file URL file:D:\TalentpoolInstaller\TalentPool\tomcat\conf\Catalina\localhost\balancer.xml
INFO   | jvm 1    | 2006/07/25 12:22:29 | Jul 25, 2006 12:22:29 PM org.apache.catalina.core.StandardHostDeployer install
INFO   | jvm 1    | 2006/07/25 12:22:29 | INFO: Processing Context configuration file URL file:D:\TalentpoolInstaller\TalentPool\tomcat\conf\Catalina\localhost\manager.xml
INFO   | jvm 1    | 2006/07/25 12:22:29 | Jul 25, 2006 12:22:29 PM org.apache.catalina.core.StandardHostDeployer install
INFO   | jvm 1    | 2006/07/25 12:22:29 | INFO: Processing Context configuration file URL file:D:\TalentpoolInstaller\TalentPool\tomcat\conf\Catalina\localhost\TalentPool.xml
INFO   | jvm 1    | 2006/07/25 12:22:30 | Jul 25, 2006 12:22:30 PM org.apache.struts.util.PropertyMessageResources <init>
INFO   | jvm 1    | 2006/07/25 12:22:30 | INFO: Initializing, config='org.apache.struts.util.LocalStrings', returnNull=true
INFO   | jvm 1    | 2006/07/25 12:22:30 | Jul 25, 2006 12:22:30 PM org.apache.struts.util.PropertyMessageResources <init>
INFO   | jvm 1    | 2006/07/25 12:22:30 | INFO: Initializing, config='org.apache.struts.action.ActionResources', returnNull=true
INFO   | jvm 1    | 2006/07/25 12:22:30 | Jul 25, 2006 12:22:30 PM org.apache.struts.util.PropertyMessageResources <init>
INFO   | jvm 1    | 2006/07/25 12:22:30 | INFO: Initializing, config='talentpoollabels', returnNull=true
INFO   | jvm 1    | 2006/07/25 12:22:30 | Jul 25, 2006 12:22:30 PM org.apache.catalina.core.StandardHostDeployer install
INFO   | jvm 1    | 2006/07/25 12:22:30 | INFO: Installing web application at context path /jsp-examples from URL file:D:\TalentpoolInstaller\TalentPool\tomcat\webapps\jsp-examples
INFO   | jvm 1    | 2006/07/25 12:22:30 | Jul 25, 2006 12:22:30 PM org.apache.catalina.core.StandardHostDeployer install
INFO   | jvm 1    | 2006/07/25 12:22:30 | INFO: Installing web application at context path  from URL file:D:\TalentpoolInstaller\TalentPool\tomcat\webapps\ROOT
INFO   | jvm 1    | 2006/07/25 12:22:30 | Jul 25, 2006 12:22:30 PM org.apache.catalina.core.StandardHostDeployer install
INFO   | jvm 1    | 2006/07/25 12:22:30 | INFO: Installing web application at context path /servlets-examples from URL file:D:\TalentpoolInstaller\TalentPool\tomcat\webapps\servlets-examples
INFO   | jvm 1    | 2006/07/25 12:22:31 | Jul 25, 2006 12:22:30 PM org.apache.catalina.core.StandardHostDeployer install
INFO   | jvm 1    | 2006/07/25 12:22:31 | INFO: Installing web application at context path /tomcat-docs from URL file:D:\TalentpoolInstaller\TalentPool\tomcat\webapps\tomcat-docs
INFO   | jvm 1    | 2006/07/25 12:22:31 | Jul 25, 2006 12:22:31 PM org.apache.catalina.core.StandardHostDeployer install
INFO   | jvm 1    | 2006/07/25 12:22:31 | INFO: Installing web application at context path /webdav from URL file:D:\TalentpoolInstaller\TalentPool\tomcat\webapps\webdav
INFO   | jvm 1    | 2006/07/25 12:22:31 | Jul 25, 2006 12:22:31 PM org.apache.coyote.http11.Http11Protocol start
INFO   | jvm 1    | 2006/07/25 12:22:31 | INFO: Starting Coyote HTTP/1.1 on http-90
INFO   | jvm 1    | 2006/07/25 12:22:31 | Jul 25, 2006 12:22:31 PM org.apache.jk.common.ChannelSocket init
INFO   | jvm 1    | 2006/07/25 12:22:31 | INFO: Port busy 8009 java.net.BindException: Address already in use: JVM_Bind
INFO   | jvm 1    | 2006/07/25 12:22:31 | Jul 25, 2006 12:22:31 PM org.apache.jk.common.ChannelSocket init
INFO   | jvm 1    | 2006/07/25 12:22:31 | INFO: JK2: ajp13 listening on /0.0.0.0:8010
INFO   | jvm 1    | 2006/07/25 12:22:31 | Jul 25, 2006 12:22:31 PM org.apache.jk.server.JkMain start
INFO   | jvm 1    | 2006/07/25 12:22:31 | INFO: Jk running ID=1 time=0/16  config=D:\TalentpoolInstaller\TalentPool\tomcat\conf\jk2.properties
INFO   | jvm 1    | 2006/07/25 12:22:31 | Jul 25, 2006 12:22:31 PM org.apache.catalina.startup.Catalina start
INFO   | jvm 1    | 2006/07/25 12:22:31 | INFO: Server startup in 4297 ms
INFO   | jvm 1    | 2006/07/25 12:22:31 | StandardServer.await: create[8005]: java.net.BindException: Address already in use: JVM_Bind
INFO   | jvm 1    | 2006/07/25 12:22:31 | java.net.BindException: Address already in use: JVM_Bind
INFO   | jvm 1    | 2006/07/25 12:22:31 | 	at java.net.PlainSocketImpl.socketBind(Native Method)
INFO   | jvm 1    | 2006/07/25 12:22:31 | 	at java.net.PlainSocketImpl.bind(PlainSocketImpl.java:331)
INFO   | jvm 1    | 2006/07/25 12:22:31 | 	at java.net.ServerSocket.bind(ServerSocket.java:318)
INFO   | jvm 1    | 2006/07/25 12:22:31 | 	at java.net.ServerSocket.<init>(ServerSocket.java:185)
INFO   | jvm 1    | 2006/07/25 12:22:31 | 	at org.apache.catalina.core.StandardServer.await(StandardServer.java:496)
INFO   | jvm 1    | 2006/07/25 12:22:31 | 	at org.apache.catalina.startup.Catalina.await(Catalina.java:619)
INFO   | jvm 1    | 2006/07/25 12:22:31 | 	at org.apache.catalina.startup.Catalina.start(Catalina.java:579)
INFO   | jvm 1    | 2006/07/25 12:22:31 | 	at sun.reflect.NativeMethodAccessorImpl.invoke0(Native Method)
INFO   | jvm 1    | 2006/07/25 12:22:31 | 	at sun.reflect.NativeMethodAccessorImpl.invoke(NativeMethodAccessorImpl.java:39)
INFO   | jvm 1    | 2006/07/25 12:22:31 | 	at sun.reflect.DelegatingMethodAccessorImpl.invoke(DelegatingMethodAccessorImpl.java:25)
INFO   | jvm 1    | 2006/07/25 12:22:31 | 	at java.lang.reflect.Method.invoke(Method.java:324)
INFO   | jvm 1    | 2006/07/25 12:22:31 | 	at org.apache.catalina.startup.Bootstrap.start(Bootstrap.java:287)
INFO   | jvm 1    | 2006/07/25 12:22:31 | 	at org.apache.catalina.startup.Bootstrap.main(Bootstrap.java:425)
INFO   | jvm 1    | 2006/07/25 12:22:31 | 	at sun.reflect.NativeMethodAccessorImpl.invoke0(Native Method)
INFO   | jvm 1    | 2006/07/25 12:22:31 | 	at sun.reflect.NativeMethodAccessorImpl.invoke(NativeMethodAccessorImpl.java:39)
INFO   | jvm 1    | 2006/07/25 12:22:31 | 	at sun.reflect.DelegatingMethodAccessorImpl.invoke(DelegatingMethodAccessorImpl.java:25)
INFO   | jvm 1    | 2006/07/25 12:22:31 | 	at java.lang.reflect.Method.invoke(Method.java:324)
INFO   | jvm 1    | 2006/07/25 12:22:31 | 	at org.tanukisoftware.wrapper.WrapperSimpleApp.run(WrapperSimpleApp.java:292)
INFO   | jvm 1    | 2006/07/25 12:22:31 | 	at java.lang.Thread.run(Thread.java:534)
STATUS | wrapper  | 2006/07/25 12:22:33 | <-- Wrapper Stopped
STATUS | wrapper  | 2006/07/25 12:22:58 | --> Wrapper Started as Console
STATUS | wrapper  | 2006/07/25 12:22:58 | Launching a JVM...
INFO   | jvm 1    | 2006/07/25 12:22:59 | Wrapper (Version 3.2.1) http://wrapper.tanukisoftware.org
INFO   | jvm 1    | 2006/07/25 12:22:59 | 
INFO   | jvm 1    | 2006/07/25 12:23:00 | Jul 25, 2006 12:23:00 PM org.apache.coyote.http11.Http11Protocol init
INFO   | jvm 1    | 2006/07/25 12:23:00 | INFO: Initializing Coyote HTTP/1.1 on http-90
INFO   | jvm 1    | 2006/07/25 12:23:00 | Jul 25, 2006 12:23:00 PM org.apache.catalina.startup.Catalina load
INFO   | jvm 1    | 2006/07/25 12:23:00 | INFO: Initialization processed in 1000 ms
INFO   | jvm 1    | 2006/07/25 12:23:00 | Jul 25, 2006 12:23:00 PM org.apache.catalina.core.StandardService start
INFO   | jvm 1    | 2006/07/25 12:23:00 | INFO: Starting service Catalina
INFO   | jvm 1    | 2006/07/25 12:23:00 | Jul 25, 2006 12:23:00 PM org.apache.catalina.core.StandardEngine start
INFO   | jvm 1    | 2006/07/25 12:23:00 | INFO: Starting Servlet Engine: Apache Tomcat/5.0.30
INFO   | jvm 1    | 2006/07/25 12:23:00 | Jul 25, 2006 12:23:00 PM org.apache.catalina.core.StandardHost start
INFO   | jvm 1    | 2006/07/25 12:23:00 | INFO: XML validation disabled
INFO   | jvm 1    | 2006/07/25 12:23:00 | Jul 25, 2006 12:23:00 PM org.apache.catalina.core.StandardHost getDeployer
INFO   | jvm 1    | 2006/07/25 12:23:00 | INFO: Create Host deployer for direct deployment ( non-jmx ) 
INFO   | jvm 1    | 2006/07/25 12:23:00 | Jul 25, 2006 12:23:00 PM org.apache.catalina.core.StandardHostDeployer install
INFO   | jvm 1    | 2006/07/25 12:23:00 | INFO: Processing Context configuration file URL file:D:\TalentpoolInstaller\TalentPool\tomcat\conf\Catalina\localhost\admin.xml
INFO   | jvm 1    | 2006/07/25 12:23:02 | Jul 25, 2006 12:23:02 PM org.apache.catalina.core.StandardHostDeployer install
INFO   | jvm 1    | 2006/07/25 12:23:02 | INFO: Processing Context configuration file URL file:D:\TalentpoolInstaller\TalentPool\tomcat\conf\Catalina\localhost\balancer.xml
INFO   | jvm 1    | 2006/07/25 12:23:02 | Jul 25, 2006 12:23:02 PM org.apache.catalina.core.StandardHostDeployer install
INFO   | jvm 1    | 2006/07/25 12:23:02 | INFO: Processing Context configuration file URL file:D:\TalentpoolInstaller\TalentPool\tomcat\conf\Catalina\localhost\manager.xml
INFO   | jvm 1    | 2006/07/25 12:23:03 | Jul 25, 2006 12:23:02 PM org.apache.catalina.core.StandardHostDeployer install
INFO   | jvm 1    | 2006/07/25 12:23:03 | INFO: Processing Context configuration file URL file:D:\TalentpoolInstaller\TalentPool\tomcat\conf\Catalina\localhost\TalentPool.xml
INFO   | jvm 1    | 2006/07/25 12:23:03 | Jul 25, 2006 12:23:03 PM org.apache.struts.util.PropertyMessageResources <init>
INFO   | jvm 1    | 2006/07/25 12:23:03 | INFO: Initializing, config='org.apache.struts.util.LocalStrings', returnNull=true
INFO   | jvm 1    | 2006/07/25 12:23:03 | Jul 25, 2006 12:23:03 PM org.apache.struts.util.PropertyMessageResources <init>
INFO   | jvm 1    | 2006/07/25 12:23:03 | INFO: Initializing, config='org.apache.struts.action.ActionResources', returnNull=true
INFO   | jvm 1    | 2006/07/25 12:23:04 | Jul 25, 2006 12:23:04 PM org.apache.struts.util.PropertyMessageResources <init>
INFO   | jvm 1    | 2006/07/25 12:23:04 | INFO: Initializing, config='talentpoollabels', returnNull=true
INFO   | jvm 1    | 2006/07/25 12:23:04 | Jul 25, 2006 12:23:04 PM org.apache.catalina.core.StandardHostDeployer install
INFO   | jvm 1    | 2006/07/25 12:23:04 | INFO: Installing web application at context path /jsp-examples from URL file:D:\TalentpoolInstaller\TalentPool\tomcat\webapps\jsp-examples
INFO   | jvm 1    | 2006/07/25 12:23:04 | Jul 25, 2006 12:23:04 PM org.apache.catalina.core.StandardHostDeployer install
INFO   | jvm 1    | 2006/07/25 12:23:04 | INFO: Installing web application at context path  from URL file:D:\TalentpoolInstaller\TalentPool\tomcat\webapps\ROOT
INFO   | jvm 1    | 2006/07/25 12:23:04 | Jul 25, 2006 12:23:04 PM org.apache.catalina.core.StandardHostDeployer install
INFO   | jvm 1    | 2006/07/25 12:23:04 | INFO: Installing web application at context path /servlets-examples from URL file:D:\TalentpoolInstaller\TalentPool\tomcat\webapps\servlets-examples
INFO   | jvm 1    | 2006/07/25 12:23:04 | Jul 25, 2006 12:23:04 PM org.apache.catalina.core.StandardHostDeployer install
INFO   | jvm 1    | 2006/07/25 12:23:04 | INFO: Installing web application at context path /tomcat-docs from URL file:D:\TalentpoolInstaller\TalentPool\tomcat\webapps\tomcat-docs
INFO   | jvm 1    | 2006/07/25 12:23:04 | Jul 25, 2006 12:23:04 PM org.apache.catalina.core.StandardHostDeployer install
INFO   | jvm 1    | 2006/07/25 12:23:04 | INFO: Installing web application at context path /webdav from URL file:D:\TalentpoolInstaller\TalentPool\tomcat\webapps\webdav
INFO   | jvm 1    | 2006/07/25 12:23:04 | Jul 25, 2006 12:23:04 PM org.apache.coyote.http11.Http11Protocol start
INFO   | jvm 1    | 2006/07/25 12:23:04 | INFO: Starting Coyote HTTP/1.1 on http-90
INFO   | jvm 1    | 2006/07/25 12:23:04 | Jul 25, 2006 12:23:04 PM org.apache.jk.common.ChannelSocket init
INFO   | jvm 1    | 2006/07/25 12:23:04 | INFO: Port busy 8009 java.net.BindException: Address already in use: JVM_Bind
INFO   | jvm 1    | 2006/07/25 12:23:04 | Jul 25, 2006 12:23:04 PM org.apache.jk.common.ChannelSocket init
INFO   | jvm 1    | 2006/07/25 12:23:04 | INFO: JK2: ajp13 listening on /0.0.0.0:8010
INFO   | jvm 1    | 2006/07/25 12:23:04 | Jul 25, 2006 12:23:04 PM org.apache.jk.server.JkMain start
INFO   | jvm 1    | 2006/07/25 12:23:04 | INFO: Jk running ID=1 time=0/16  config=D:\TalentpoolInstaller\TalentPool\tomcat\conf\jk2.properties
INFO   | jvm 1    | 2006/07/25 12:23:04 | Jul 25, 2006 12:23:04 PM org.apache.catalina.startup.Catalina start
INFO   | jvm 1    | 2006/07/25 12:23:04 | INFO: Server startup in 4266 ms
INFO   | jvm 1    | 2006/07/25 12:23:04 | StandardServer.await: create[8005]: java.net.BindException: Address already in use: JVM_Bind
INFO   | jvm 1    | 2006/07/25 12:23:04 | java.net.BindException: Address already in use: JVM_Bind
INFO   | jvm 1    | 2006/07/25 12:23:04 | 	at java.net.PlainSocketImpl.socketBind(Native Method)
INFO   | jvm 1    | 2006/07/25 12:23:04 | 	at java.net.PlainSocketImpl.bind(PlainSocketImpl.java:331)
INFO   | jvm 1    | 2006/07/25 12:23:04 | 	at java.net.ServerSocket.bind(ServerSocket.java:318)
INFO   | jvm 1    | 2006/07/25 12:23:04 | 	at java.net.ServerSocket.<init>(ServerSocket.java:185)
INFO   | jvm 1    | 2006/07/25 12:23:04 | 	at org.apache.catalina.core.StandardServer.await(StandardServer.java:496)
INFO   | jvm 1    | 2006/07/25 12:23:04 | 	at org.apache.catalina.startup.Catalina.await(Catalina.java:619)
INFO   | jvm 1    | 2006/07/25 12:23:04 | 	at org.apache.catalina.startup.Catalina.start(Catalina.java:579)
INFO   | jvm 1    | 2006/07/25 12:23:04 | 	at sun.reflect.NativeMethodAccessorImpl.invoke0(Native Method)
INFO   | jvm 1    | 2006/07/25 12:23:04 | 	at sun.reflect.NativeMethodAccessorImpl.invoke(NativeMethodAccessorImpl.java:39)
INFO   | jvm 1    | 2006/07/25 12:23:04 | 	at sun.reflect.DelegatingMethodAccessorImpl.invoke(DelegatingMethodAccessorImpl.java:25)
INFO   | jvm 1    | 2006/07/25 12:23:04 | 	at java.lang.reflect.Method.invoke(Method.java:324)
INFO   | jvm 1    | 2006/07/25 12:23:04 | 	at org.apache.catalina.startup.Bootstrap.start(Bootstrap.java:287)
INFO   | jvm 1    | 2006/07/25 12:23:04 | 	at org.apache.catalina.startup.Bootstrap.main(Bootstrap.java:425)
INFO   | jvm 1    | 2006/07/25 12:23:04 | 	at sun.reflect.NativeMethodAccessorImpl.invoke0(Native Method)
INFO   | jvm 1    | 2006/07/25 12:23:04 | 	at sun.reflect.NativeMethodAccessorImpl.invoke(NativeMethodAccessorImpl.java:39)
INFO   | jvm 1    | 2006/07/25 12:23:04 | 	at sun.reflect.DelegatingMethodAccessorImpl.invoke(DelegatingMethodAccessorImpl.java:25)
INFO   | jvm 1    | 2006/07/25 12:23:04 | 	at java.lang.reflect.Method.invoke(Method.java:324)
INFO   | jvm 1    | 2006/07/25 12:23:04 | 	at org.tanukisoftware.wrapper.WrapperSimpleApp.run(WrapperSimpleApp.java:292)
INFO   | jvm 1    | 2006/07/25 12:23:04 | 	at java.lang.Thread.run(Thread.java:534)
STATUS | wrapper  | 2006/07/25 12:23:06 | <-- Wrapper Stopped
STATUS | wrapper  | 2006/07/25 12:24:23 | --> Wrapper Started as Console
STATUS | wrapper  | 2006/07/25 12:24:23 | Launching a JVM...
INFO   | jvm 1    | 2006/07/25 12:24:24 | Wrapper (Version 3.2.1) http://wrapper.tanukisoftware.org
INFO   | jvm 1    | 2006/07/25 12:24:24 | 
INFO   | jvm 1    | 2006/07/25 12:24:25 | Jul 25, 2006 12:24:25 PM org.apache.coyote.http11.Http11Protocol init
INFO   | jvm 1    | 2006/07/25 12:24:25 | INFO: Initializing Coyote HTTP/1.1 on http-8080
INFO   | jvm 1    | 2006/07/25 12:24:25 | Jul 25, 2006 12:24:25 PM org.apache.catalina.startup.Catalina load
INFO   | jvm 1    | 2006/07/25 12:24:25 | INFO: Initialization processed in 1000 ms
INFO   | jvm 1    | 2006/07/25 12:24:25 | Jul 25, 2006 12:24:25 PM org.apache.catalina.core.StandardService start
INFO   | jvm 1    | 2006/07/25 12:24:25 | INFO: Starting service Catalina
INFO   | jvm 1    | 2006/07/25 12:24:25 | Jul 25, 2006 12:24:25 PM org.apache.catalina.core.StandardEngine start
INFO   | jvm 1    | 2006/07/25 12:24:25 | INFO: Starting Servlet Engine: Apache Tomcat/5.0.30
INFO   | jvm 1    | 2006/07/25 12:24:25 | Jul 25, 2006 12:24:25 PM org.apache.catalina.core.StandardHost start
INFO   | jvm 1    | 2006/07/25 12:24:25 | INFO: XML validation disabled
INFO   | jvm 1    | 2006/07/25 12:24:25 | Jul 25, 2006 12:24:25 PM org.apache.catalina.core.StandardHost getDeployer
INFO   | jvm 1    | 2006/07/25 12:24:25 | INFO: Create Host deployer for direct deployment ( non-jmx ) 
INFO   | jvm 1    | 2006/07/25 12:24:25 | Jul 25, 2006 12:24:25 PM org.apache.catalina.core.StandardHostDeployer install
INFO   | jvm 1    | 2006/07/25 12:24:25 | INFO: Processing Context configuration file URL file:D:\TalentpoolInstaller\TalentPool\tomcat\conf\Catalina\localhost\admin.xml
INFO   | jvm 1    | 2006/07/25 12:24:27 | Jul 25, 2006 12:24:27 PM org.apache.catalina.core.StandardHostDeployer install
INFO   | jvm 1    | 2006/07/25 12:24:27 | INFO: Processing Context configuration file URL file:D:\TalentpoolInstaller\TalentPool\tomcat\conf\Catalina\localhost\balancer.xml
INFO   | jvm 1    | 2006/07/25 12:24:27 | Jul 25, 2006 12:24:27 PM org.apache.catalina.core.StandardHostDeployer install
INFO   | jvm 1    | 2006/07/25 12:24:27 | INFO: Processing Context configuration file URL file:D:\TalentpoolInstaller\TalentPool\tomcat\conf\Catalina\localhost\manager.xml
INFO   | jvm 1    | 2006/07/25 12:24:28 | Jul 25, 2006 12:24:27 PM org.apache.catalina.core.StandardHostDeployer install
INFO   | jvm 1    | 2006/07/25 12:24:28 | INFO: Processing Context configuration file URL file:D:\TalentpoolInstaller\TalentPool\tomcat\conf\Catalina\localhost\TalentPool.xml
INFO   | jvm 1    | 2006/07/25 12:24:28 | Jul 25, 2006 12:24:28 PM org.apache.struts.util.PropertyMessageResources <init>
INFO   | jvm 1    | 2006/07/25 12:24:28 | INFO: Initializing, config='org.apache.struts.util.LocalStrings', returnNull=true
INFO   | jvm 1    | 2006/07/25 12:24:28 | Jul 25, 2006 12:24:28 PM org.apache.struts.util.PropertyMessageResources <init>
INFO   | jvm 1    | 2006/07/25 12:24:28 | INFO: Initializing, config='org.apache.struts.action.ActionResources', returnNull=true
INFO   | jvm 1    | 2006/07/25 12:24:29 | Jul 25, 2006 12:24:29 PM org.apache.struts.util.PropertyMessageResources <init>
INFO   | jvm 1    | 2006/07/25 12:24:29 | INFO: Initializing, config='talentpoollabels', returnNull=true
INFO   | jvm 1    | 2006/07/25 12:24:29 | Jul 25, 2006 12:24:29 PM org.apache.catalina.core.StandardHostDeployer install
INFO   | jvm 1    | 2006/07/25 12:24:29 | INFO: Installing web application at context path /jsp-examples from URL file:D:\TalentpoolInstaller\TalentPool\tomcat\webapps\jsp-examples
INFO   | jvm 1    | 2006/07/25 12:24:29 | Jul 25, 2006 12:24:29 PM org.apache.catalina.core.StandardHostDeployer install
INFO   | jvm 1    | 2006/07/25 12:24:29 | INFO: Installing web application at context path  from URL file:D:\TalentpoolInstaller\TalentPool\tomcat\webapps\ROOT
INFO   | jvm 1    | 2006/07/25 12:24:29 | Jul 25, 2006 12:24:29 PM org.apache.catalina.core.StandardHostDeployer install
INFO   | jvm 1    | 2006/07/25 12:24:29 | INFO: Installing web application at context path /servlets-examples from URL file:D:\TalentpoolInstaller\TalentPool\tomcat\webapps\servlets-examples
INFO   | jvm 1    | 2006/07/25 12:24:29 | Jul 25, 2006 12:24:29 PM org.apache.catalina.core.StandardHostDeployer install
INFO   | jvm 1    | 2006/07/25 12:24:29 | INFO: Installing web application at context path /tomcat-docs from URL file:D:\TalentpoolInstaller\TalentPool\tomcat\webapps\tomcat-docs
INFO   | jvm 1    | 2006/07/25 12:24:29 | Jul 25, 2006 12:24:29 PM org.apache.catalina.core.StandardHostDeployer install
INFO   | jvm 1    | 2006/07/25 12:24:29 | INFO: Installing web application at context path /webdav from URL file:D:\TalentpoolInstaller\TalentPool\tomcat\webapps\webdav
INFO   | jvm 1    | 2006/07/25 12:24:29 | Jul 25, 2006 12:24:29 PM org.apache.coyote.http11.Http11Protocol start
INFO   | jvm 1    | 2006/07/25 12:24:29 | INFO: Starting Coyote HTTP/1.1 on http-8080
INFO   | jvm 1    | 2006/07/25 12:24:29 | Jul 25, 2006 12:24:29 PM org.apache.jk.common.ChannelSocket init
INFO   | jvm 1    | 2006/07/25 12:24:29 | INFO: Port busy 8009 java.net.BindException: Address already in use: JVM_Bind
INFO   | jvm 1    | 2006/07/25 12:24:29 | Jul 25, 2006 12:24:29 PM org.apache.jk.common.ChannelSocket init
INFO   | jvm 1    | 2006/07/25 12:24:29 | INFO: JK2: ajp13 listening on /0.0.0.0:8010
INFO   | jvm 1    | 2006/07/25 12:24:29 | Jul 25, 2006 12:24:29 PM org.apache.jk.server.JkMain start
INFO   | jvm 1    | 2006/07/25 12:24:29 | INFO: Jk running ID=1 time=0/15  config=D:\TalentpoolInstaller\TalentPool\tomcat\conf\jk2.properties
INFO   | jvm 1    | 2006/07/25 12:24:29 | Jul 25, 2006 12:24:29 PM org.apache.catalina.startup.Catalina start
INFO   | jvm 1    | 2006/07/25 12:24:29 | INFO: Server startup in 4375 ms
INFO   | jvm 1    | 2006/07/25 12:24:29 | StandardServer.await: create[8005]: java.net.BindException: Address already in use: JVM_Bind
INFO   | jvm 1    | 2006/07/25 12:24:29 | java.net.BindException: Address already in use: JVM_Bind
INFO   | jvm 1    | 2006/07/25 12:24:29 | 	at java.net.PlainSocketImpl.socketBind(Native Method)
INFO   | jvm 1    | 2006/07/25 12:24:29 | 	at java.net.PlainSocketImpl.bind(PlainSocketImpl.java:331)
INFO   | jvm 1    | 2006/07/25 12:24:29 | 	at java.net.ServerSocket.bind(ServerSocket.java:318)
INFO   | jvm 1    | 2006/07/25 12:24:29 | 	at java.net.ServerSocket.<init>(ServerSocket.java:185)
INFO   | jvm 1    | 2006/07/25 12:24:29 | 	at org.apache.catalina.core.StandardServer.await(StandardServer.java:496)
INFO   | jvm 1    | 2006/07/25 12:24:29 | 	at org.apache.catalina.startup.Catalina.await(Catalina.java:619)
INFO   | jvm 1    | 2006/07/25 12:24:29 | 	at org.apache.catalina.startup.Catalina.start(Catalina.java:579)
INFO   | jvm 1    | 2006/07/25 12:24:29 | 	at sun.reflect.NativeMethodAccessorImpl.invoke0(Native Method)
INFO   | jvm 1    | 2006/07/25 12:24:29 | 	at sun.reflect.NativeMethodAccessorImpl.invoke(NativeMethodAccessorImpl.java:39)
INFO   | jvm 1    | 2006/07/25 12:24:29 | 	at sun.reflect.DelegatingMethodAccessorImpl.invoke(DelegatingMethodAccessorImpl.java:25)
INFO   | jvm 1    | 2006/07/25 12:24:29 | 	at java.lang.reflect.Method.invoke(Method.java:324)
INFO   | jvm 1    | 2006/07/25 12:24:29 | 	at org.apache.catalina.startup.Bootstrap.start(Bootstrap.java:287)
INFO   | jvm 1    | 2006/07/25 12:24:29 | 	at org.apache.catalina.startup.Bootstrap.main(Bootstrap.java:425)
INFO   | jvm 1    | 2006/07/25 12:24:29 | 	at sun.reflect.NativeMethodAccessorImpl.invoke0(Native Method)
INFO   | jvm 1    | 2006/07/25 12:24:29 | 	at sun.reflect.NativeMethodAccessorImpl.invoke(NativeMethodAccessorImpl.java:39)
INFO   | jvm 1    | 2006/07/25 12:24:29 | 	at sun.reflect.DelegatingMethodAccessorImpl.invoke(DelegatingMethodAccessorImpl.java:25)
INFO   | jvm 1    | 2006/07/25 12:24:29 | 	at java.lang.reflect.Method.invoke(Method.java:324)
INFO   | jvm 1    | 2006/07/25 12:24:29 | 	at org.tanukisoftware.wrapper.WrapperSimpleApp.run(WrapperSimpleApp.java:292)
INFO   | jvm 1    | 2006/07/25 12:24:29 | 	at java.lang.Thread.run(Thread.java:534)
STATUS | wrapper  | 2006/07/25 12:24:31 | <-- Wrapper Stopped
STATUS | wrapper  | 2006/07/25 12:25:02 | --> Wrapper Started as Console
STATUS | wrapper  | 2006/07/25 12:25:02 | Launching a JVM...
INFO   | jvm 1    | 2006/07/25 12:25:02 | Wrapper (Version 3.2.1) http://wrapper.tanukisoftware.org
INFO   | jvm 1    | 2006/07/25 12:25:02 | 
INFO   | jvm 1    | 2006/07/25 12:25:04 | Jul 25, 2006 12:25:04 PM org.apache.coyote.http11.Http11Protocol init
INFO   | jvm 1    | 2006/07/25 12:25:04 | INFO: Initializing Coyote HTTP/1.1 on http-8008
INFO   | jvm 1    | 2006/07/25 12:25:04 | Jul 25, 2006 12:25:04 PM org.apache.catalina.startup.Catalina load
INFO   | jvm 1    | 2006/07/25 12:25:04 | INFO: Initialization processed in 1015 ms
INFO   | jvm 1    | 2006/07/25 12:25:04 | Jul 25, 2006 12:25:04 PM org.apache.catalina.core.StandardService start
INFO   | jvm 1    | 2006/07/25 12:25:04 | INFO: Starting service Catalina
INFO   | jvm 1    | 2006/07/25 12:25:04 | Jul 25, 2006 12:25:04 PM org.apache.catalina.core.StandardEngine start
INFO   | jvm 1    | 2006/07/25 12:25:04 | INFO: Starting Servlet Engine: Apache Tomcat/5.0.30
INFO   | jvm 1    | 2006/07/25 12:25:04 | Jul 25, 2006 12:25:04 PM org.apache.catalina.core.StandardHost start
INFO   | jvm 1    | 2006/07/25 12:25:04 | INFO: XML validation disabled
INFO   | jvm 1    | 2006/07/25 12:25:04 | Jul 25, 2006 12:25:04 PM org.apache.catalina.core.StandardHost getDeployer
INFO   | jvm 1    | 2006/07/25 12:25:04 | INFO: Create Host deployer for direct deployment ( non-jmx ) 
INFO   | jvm 1    | 2006/07/25 12:25:04 | Jul 25, 2006 12:25:04 PM org.apache.catalina.core.StandardHostDeployer install
INFO   | jvm 1    | 2006/07/25 12:25:04 | INFO: Processing Context configuration file URL file:D:\TalentpoolInstaller\TalentPool\tomcat\conf\Catalina\localhost\admin.xml
INFO   | jvm 1    | 2006/07/25 12:25:06 | Jul 25, 2006 12:25:06 PM org.apache.catalina.core.StandardHostDeployer install
INFO   | jvm 1    | 2006/07/25 12:25:06 | INFO: Processing Context configuration file URL file:D:\TalentpoolInstaller\TalentPool\tomcat\conf\Catalina\localhost\balancer.xml
INFO   | jvm 1    | 2006/07/25 12:25:07 | Jul 25, 2006 12:25:06 PM org.apache.catalina.core.StandardHostDeployer install
INFO   | jvm 1    | 2006/07/25 12:25:07 | INFO: Processing Context configuration file URL file:D:\TalentpoolInstaller\TalentPool\tomcat\conf\Catalina\localhost\manager.xml
INFO   | jvm 1    | 2006/07/25 12:25:07 | Jul 25, 2006 12:25:07 PM org.apache.catalina.core.StandardHostDeployer install
INFO   | jvm 1    | 2006/07/25 12:25:07 | INFO: Processing Context configuration file URL file:D:\TalentpoolInstaller\TalentPool\tomcat\conf\Catalina\localhost\TalentPool.xml
INFO   | jvm 1    | 2006/07/25 12:25:07 | Jul 25, 2006 12:25:07 PM org.apache.struts.util.PropertyMessageResources <init>
INFO   | jvm 1    | 2006/07/25 12:25:07 | INFO: Initializing, config='org.apache.struts.util.LocalStrings', returnNull=true
INFO   | jvm 1    | 2006/07/25 12:25:07 | Jul 25, 2006 12:25:07 PM org.apache.struts.util.PropertyMessageResources <init>
INFO   | jvm 1    | 2006/07/25 12:25:07 | INFO: Initializing, config='org.apache.struts.action.ActionResources', returnNull=true
INFO   | jvm 1    | 2006/07/25 12:25:08 | Jul 25, 2006 12:25:08 PM org.apache.struts.util.PropertyMessageResources <init>
INFO   | jvm 1    | 2006/07/25 12:25:08 | INFO: Initializing, config='talentpoollabels', returnNull=true
INFO   | jvm 1    | 2006/07/25 12:25:08 | Jul 25, 2006 12:25:08 PM org.apache.catalina.core.StandardHostDeployer install
INFO   | jvm 1    | 2006/07/25 12:25:08 | INFO: Installing web application at context path /jsp-examples from URL file:D:\TalentpoolInstaller\TalentPool\tomcat\webapps\jsp-examples
INFO   | jvm 1    | 2006/07/25 12:25:08 | Jul 25, 2006 12:25:08 PM org.apache.catalina.core.StandardHostDeployer install
INFO   | jvm 1    | 2006/07/25 12:25:08 | INFO: Installing web application at context path  from URL file:D:\TalentpoolInstaller\TalentPool\tomcat\webapps\ROOT
INFO   | jvm 1    | 2006/07/25 12:25:08 | Jul 25, 2006 12:25:08 PM org.apache.catalina.core.StandardHostDeployer install
INFO   | jvm 1    | 2006/07/25 12:25:08 | INFO: Installing web application at context path /servlets-examples from URL file:D:\TalentpoolInstaller\TalentPool\tomcat\webapps\servlets-examples
INFO   | jvm 1    | 2006/07/25 12:25:08 | Jul 25, 2006 12:25:08 PM org.apache.catalina.core.StandardHostDeployer install
INFO   | jvm 1    | 2006/07/25 12:25:08 | INFO: Installing web application at context path /tomcat-docs from URL file:D:\TalentpoolInstaller\TalentPool\tomcat\webapps\tomcat-docs
INFO   | jvm 1    | 2006/07/25 12:25:08 | Jul 25, 2006 12:25:08 PM org.apache.catalina.core.StandardHostDeployer install
INFO   | jvm 1    | 2006/07/25 12:25:08 | INFO: Installing web application at context path /webdav from URL file:D:\TalentpoolInstaller\TalentPool\tomcat\webapps\webdav
INFO   | jvm 1    | 2006/07/25 12:25:08 | Jul 25, 2006 12:25:08 PM org.apache.coyote.http11.Http11Protocol start
INFO   | jvm 1    | 2006/07/25 12:25:08 | INFO: Starting Coyote HTTP/1.1 on http-8008
INFO   | jvm 1    | 2006/07/25 12:25:09 | Jul 25, 2006 12:25:09 PM org.apache.jk.common.ChannelSocket init
INFO   | jvm 1    | 2006/07/25 12:25:09 | INFO: Port busy 8009 java.net.BindException: Address already in use: JVM_Bind
INFO   | jvm 1    | 2006/07/25 12:25:09 | Jul 25, 2006 12:25:09 PM org.apache.jk.common.ChannelSocket init
INFO   | jvm 1    | 2006/07/25 12:25:09 | INFO: JK2: ajp13 listening on /0.0.0.0:8010
INFO   | jvm 1    | 2006/07/25 12:25:09 | Jul 25, 2006 12:25:09 PM org.apache.jk.server.JkMain start
INFO   | jvm 1    | 2006/07/25 12:25:09 | INFO: Jk running ID=1 time=0/15  config=D:\TalentpoolInstaller\TalentPool\tomcat\conf\jk2.properties
INFO   | jvm 1    | 2006/07/25 12:25:09 | Jul 25, 2006 12:25:09 PM org.apache.catalina.startup.Catalina start
INFO   | jvm 1    | 2006/07/25 12:25:09 | INFO: Server startup in 4641 ms
INFO   | jvm 1    | 2006/07/25 12:25:09 | StandardServer.await: create[8005]: java.net.BindException: Address already in use: JVM_Bind
INFO   | jvm 1    | 2006/07/25 12:25:09 | java.net.BindException: Address already in use: JVM_Bind
INFO   | jvm 1    | 2006/07/25 12:25:09 | 	at java.net.PlainSocketImpl.socketBind(Native Method)
INFO   | jvm 1    | 2006/07/25 12:25:09 | 	at java.net.PlainSocketImpl.bind(PlainSocketImpl.java:331)
INFO   | jvm 1    | 2006/07/25 12:25:09 | 	at java.net.ServerSocket.bind(ServerSocket.java:318)
INFO   | jvm 1    | 2006/07/25 12:25:09 | 	at java.net.ServerSocket.<init>(ServerSocket.java:185)
INFO   | jvm 1    | 2006/07/25 12:25:09 | 	at org.apache.catalina.core.StandardServer.await(StandardServer.java:496)
INFO   | jvm 1    | 2006/07/25 12:25:09 | 	at org.apache.catalina.startup.Catalina.await(Catalina.java:619)
INFO   | jvm 1    | 2006/07/25 12:25:09 | 	at org.apache.catalina.startup.Catalina.start(Catalina.java:579)
INFO   | jvm 1    | 2006/07/25 12:25:09 | 	at sun.reflect.NativeMethodAccessorImpl.invoke0(Native Method)
INFO   | jvm 1    | 2006/07/25 12:25:09 | 	at sun.reflect.NativeMethodAccessorImpl.invoke(NativeMethodAccessorImpl.java:39)
INFO   | jvm 1    | 2006/07/25 12:25:09 | 	at sun.reflect.DelegatingMethodAccessorImpl.invoke(DelegatingMethodAccessorImpl.java:25)
INFO   | jvm 1    | 2006/07/25 12:25:09 | 	at java.lang.reflect.Method.invoke(Method.java:324)
INFO   | jvm 1    | 2006/07/25 12:25:09 | 	at org.apache.catalina.startup.Bootstrap.start(Bootstrap.java:287)
INFO   | jvm 1    | 2006/07/25 12:25:09 | 	at org.apache.catalina.startup.Bootstrap.main(Bootstrap.java:425)
INFO   | jvm 1    | 2006/07/25 12:25:09 | 	at sun.reflect.NativeMethodAccessorImpl.invoke0(Native Method)
INFO   | jvm 1    | 2006/07/25 12:25:09 | 	at sun.reflect.NativeMethodAccessorImpl.invoke(NativeMethodAccessorImpl.java:39)
INFO   | jvm 1    | 2006/07/25 12:25:09 | 	at sun.reflect.DelegatingMethodAccessorImpl.invoke(DelegatingMethodAccessorImpl.java:25)
INFO   | jvm 1    | 2006/07/25 12:25:09 | 	at java.lang.reflect.Method.invoke(Method.java:324)
INFO   | jvm 1    | 2006/07/25 12:25:09 | 	at org.tanukisoftware.wrapper.WrapperSimpleApp.run(WrapperSimpleApp.java:292)
INFO   | jvm 1    | 2006/07/25 12:25:09 | 	at java.lang.Thread.run(Thread.java:534)
STATUS | wrapper  | 2006/07/25 12:25:11 | <-- Wrapper Stopped
STATUS | wrapper  | 2006/07/25 12:26:21 | --> Wrapper Started as Console
STATUS | wrapper  | 2006/07/25 12:26:21 | Launching a JVM...
INFO   | jvm 1    | 2006/07/25 12:26:21 | Wrapper (Version 3.2.1) http://wrapper.tanukisoftware.org
INFO   | jvm 1    | 2006/07/25 12:26:21 | 
INFO   | jvm 1    | 2006/07/25 12:26:23 | Jul 25, 2006 12:26:23 PM org.apache.coyote.http11.Http11Protocol init
INFO   | jvm 1    | 2006/07/25 12:26:23 | INFO: Initializing Coyote HTTP/1.1 on http-8008
INFO   | jvm 1    | 2006/07/25 12:26:23 | Jul 25, 2006 12:26:23 PM org.apache.catalina.startup.Catalina load
INFO   | jvm 1    | 2006/07/25 12:26:23 | INFO: Initialization processed in 1016 ms
INFO   | jvm 1    | 2006/07/25 12:26:23 | Jul 25, 2006 12:26:23 PM org.apache.catalina.core.StandardService start
INFO   | jvm 1    | 2006/07/25 12:26:23 | INFO: Starting service Catalina
INFO   | jvm 1    | 2006/07/25 12:26:23 | Jul 25, 2006 12:26:23 PM org.apache.catalina.core.StandardEngine start
INFO   | jvm 1    | 2006/07/25 12:26:23 | INFO: Starting Servlet Engine: Apache Tomcat/5.0.30
INFO   | jvm 1    | 2006/07/25 12:26:23 | Jul 25, 2006 12:26:23 PM org.apache.catalina.core.StandardHost start
INFO   | jvm 1    | 2006/07/25 12:26:23 | INFO: XML validation disabled
INFO   | jvm 1    | 2006/07/25 12:26:23 | Jul 25, 2006 12:26:23 PM org.apache.catalina.core.StandardHost getDeployer
INFO   | jvm 1    | 2006/07/25 12:26:23 | INFO: Create Host deployer for direct deployment ( non-jmx ) 
INFO   | jvm 1    | 2006/07/25 12:26:23 | Jul 25, 2006 12:26:23 PM org.apache.catalina.core.StandardHostDeployer install
INFO   | jvm 1    | 2006/07/25 12:26:23 | INFO: Processing Context configuration file URL file:D:\TalentpoolInstaller\TalentPool\tomcat\conf\Catalina\localhost\admin.xml
INFO   | jvm 1    | 2006/07/25 12:26:25 | Jul 25, 2006 12:26:25 PM org.apache.catalina.core.StandardHostDeployer install
INFO   | jvm 1    | 2006/07/25 12:26:25 | INFO: Processing Context configuration file URL file:D:\TalentpoolInstaller\TalentPool\tomcat\conf\Catalina\localhost\balancer.xml
INFO   | jvm 1    | 2006/07/25 12:26:25 | Jul 25, 2006 12:26:25 PM org.apache.catalina.core.StandardHostDeployer install
INFO   | jvm 1    | 2006/07/25 12:26:25 | INFO: Processing Context configuration file URL file:D:\TalentpoolInstaller\TalentPool\tomcat\conf\Catalina\localhost\manager.xml
INFO   | jvm 1    | 2006/07/25 12:26:25 | Jul 25, 2006 12:26:25 PM org.apache.catalina.core.StandardHostDeployer install
INFO   | jvm 1    | 2006/07/25 12:26:25 | INFO: Processing Context configuration file URL file:D:\TalentpoolInstaller\TalentPool\tomcat\conf\Catalina\localhost\TalentPool.xml
INFO   | jvm 1    | 2006/07/25 12:26:26 | Jul 25, 2006 12:26:26 PM org.apache.struts.util.PropertyMessageResources <init>
INFO   | jvm 1    | 2006/07/25 12:26:26 | INFO: Initializing, config='org.apache.struts.util.LocalStrings', returnNull=true
INFO   | jvm 1    | 2006/07/25 12:26:26 | Jul 25, 2006 12:26:26 PM org.apache.struts.util.PropertyMessageResources <init>
INFO   | jvm 1    | 2006/07/25 12:26:26 | INFO: Initializing, config='org.apache.struts.action.ActionResources', returnNull=true
INFO   | jvm 1    | 2006/07/25 12:26:27 | Jul 25, 2006 12:26:27 PM org.apache.struts.util.PropertyMessageResources <init>
INFO   | jvm 1    | 2006/07/25 12:26:27 | INFO: Initializing, config='talentpoollabels', returnNull=true
INFO   | jvm 1    | 2006/07/25 12:26:27 | Jul 25, 2006 12:26:27 PM org.apache.catalina.core.StandardHostDeployer install
INFO   | jvm 1    | 2006/07/25 12:26:27 | INFO: Installing web application at context path /jsp-examples from URL file:D:\TalentpoolInstaller\TalentPool\tomcat\webapps\jsp-examples
INFO   | jvm 1    | 2006/07/25 12:26:27 | Jul 25, 2006 12:26:27 PM org.apache.catalina.core.StandardHostDeployer install
INFO   | jvm 1    | 2006/07/25 12:26:27 | INFO: Installing web application at context path  from URL file:D:\TalentpoolInstaller\TalentPool\tomcat\webapps\ROOT
INFO   | jvm 1    | 2006/07/25 12:26:27 | Jul 25, 2006 12:26:27 PM org.apache.catalina.core.StandardHostDeployer install
INFO   | jvm 1    | 2006/07/25 12:26:27 | INFO: Installing web application at context path /servlets-examples from URL file:D:\TalentpoolInstaller\TalentPool\tomcat\webapps\servlets-examples
INFO   | jvm 1    | 2006/07/25 12:26:27 | Jul 25, 2006 12:26:27 PM org.apache.catalina.core.StandardHostDeployer install
INFO   | jvm 1    | 2006/07/25 12:26:27 | INFO: Installing web application at context path /tomcat-docs from URL file:D:\TalentpoolInstaller\TalentPool\tomcat\webapps\tomcat-docs
INFO   | jvm 1    | 2006/07/25 12:26:27 | Jul 25, 2006 12:26:27 PM org.apache.catalina.core.StandardHostDeployer install
INFO   | jvm 1    | 2006/07/25 12:26:27 | INFO: Installing web application at context path /webdav from URL file:D:\TalentpoolInstaller\TalentPool\tomcat\webapps\webdav
INFO   | jvm 1    | 2006/07/25 12:26:27 | Jul 25, 2006 12:26:27 PM org.apache.coyote.http11.Http11Protocol start
INFO   | jvm 1    | 2006/07/25 12:26:27 | INFO: Starting Coyote HTTP/1.1 on http-8008
INFO   | jvm 1    | 2006/07/25 12:26:27 | Jul 25, 2006 12:26:27 PM org.apache.jk.common.ChannelSocket init
INFO   | jvm 1    | 2006/07/25 12:26:27 | INFO: Port busy 8009 java.net.BindException: Address already in use: JVM_Bind
INFO   | jvm 1    | 2006/07/25 12:26:27 | Jul 25, 2006 12:26:27 PM org.apache.jk.common.ChannelSocket init
INFO   | jvm 1    | 2006/07/25 12:26:27 | INFO: JK2: ajp13 listening on /0.0.0.0:8010
INFO   | jvm 1    | 2006/07/25 12:26:27 | Jul 25, 2006 12:26:27 PM org.apache.jk.server.JkMain start
INFO   | jvm 1    | 2006/07/25 12:26:27 | INFO: Jk running ID=1 time=0/16  config=D:\TalentpoolInstaller\TalentPool\tomcat\conf\jk2.properties
INFO   | jvm 1    | 2006/07/25 12:26:27 | Jul 25, 2006 12:26:27 PM org.apache.catalina.startup.Catalina start
INFO   | jvm 1    | 2006/07/25 12:26:27 | INFO: Server startup in 4375 ms
INFO   | jvm 1    | 2006/07/25 12:26:27 | StandardServer.await: create[8005]: java.net.BindException: Address already in use: JVM_Bind
INFO   | jvm 1    | 2006/07/25 12:26:27 | java.net.BindException: Address already in use: JVM_Bind
INFO   | jvm 1    | 2006/07/25 12:26:27 | 	at java.net.PlainSocketImpl.socketBind(Native Method)
INFO   | jvm 1    | 2006/07/25 12:26:27 | 	at java.net.PlainSocketImpl.bind(PlainSocketImpl.java:331)
INFO   | jvm 1    | 2006/07/25 12:26:27 | 	at java.net.ServerSocket.bind(ServerSocket.java:318)
INFO   | jvm 1    | 2006/07/25 12:26:27 | 	at java.net.ServerSocket.<init>(ServerSocket.java:185)
INFO   | jvm 1    | 2006/07/25 12:26:27 | 	at org.apache.catalina.core.StandardServer.await(StandardServer.java:496)
INFO   | jvm 1    | 2006/07/25 12:26:27 | 	at org.apache.catalina.startup.Catalina.await(Catalina.java:619)
INFO   | jvm 1    | 2006/07/25 12:26:27 | 	at org.apache.catalina.startup.Catalina.start(Catalina.java:579)
INFO   | jvm 1    | 2006/07/25 12:26:27 | 	at sun.reflect.NativeMethodAccessorImpl.invoke0(Native Method)
INFO   | jvm 1    | 2006/07/25 12:26:27 | 	at sun.reflect.NativeMethodAccessorImpl.invoke(NativeMethodAccessorImpl.java:39)
INFO   | jvm 1    | 2006/07/25 12:26:27 | 	at sun.reflect.DelegatingMethodAccessorImpl.invoke(DelegatingMethodAccessorImpl.java:25)
INFO   | jvm 1    | 2006/07/25 12:26:27 | 	at java.lang.reflect.Method.invoke(Method.java:324)
INFO   | jvm 1    | 2006/07/25 12:26:27 | 	at org.apache.catalina.startup.Bootstrap.start(Bootstrap.java:287)
INFO   | jvm 1    | 2006/07/25 12:26:27 | 	at org.apache.catalina.startup.Bootstrap.main(Bootstrap.java:425)
INFO   | jvm 1    | 2006/07/25 12:26:27 | 	at sun.reflect.NativeMethodAccessorImpl.invoke0(Native Method)
INFO   | jvm 1    | 2006/07/25 12:26:27 | 	at sun.reflect.NativeMethodAccessorImpl.invoke(NativeMethodAccessorImpl.java:39)
INFO   | jvm 1    | 2006/07/25 12:26:27 | 	at sun.reflect.DelegatingMethodAccessorImpl.invoke(DelegatingMethodAccessorImpl.java:25)
INFO   | jvm 1    | 2006/07/25 12:26:27 | 	at java.lang.reflect.Method.invoke(Method.java:324)
INFO   | jvm 1    | 2006/07/25 12:26:27 | 	at org.tanukisoftware.wrapper.WrapperSimpleApp.run(WrapperSimpleApp.java:292)
INFO   | jvm 1    | 2006/07/25 12:26:27 | 	at java.lang.Thread.run(Thread.java:534)
STATUS | wrapper  | 2006/07/25 12:26:29 | <-- Wrapper Stopped
STATUS | wrapper  | 2006/07/25 12:26:59 | --> Wrapper Started as Console
STATUS | wrapper  | 2006/07/25 12:26:59 | Launching a JVM...
INFO   | jvm 1    | 2006/07/25 12:26:59 | Wrapper (Version 3.2.1) http://wrapper.tanukisoftware.org
INFO   | jvm 1    | 2006/07/25 12:26:59 | 
INFO   | jvm 1    | 2006/07/25 12:27:01 | Jul 25, 2006 12:27:01 PM org.apache.coyote.http11.Http11Protocol init
INFO   | jvm 1    | 2006/07/25 12:27:01 | INFO: Initializing Coyote HTTP/1.1 on http-90
INFO   | jvm 1    | 2006/07/25 12:27:01 | Jul 25, 2006 12:27:01 PM org.apache.catalina.startup.Catalina load
INFO   | jvm 1    | 2006/07/25 12:27:01 | INFO: Initialization processed in 1000 ms
INFO   | jvm 1    | 2006/07/25 12:27:01 | Jul 25, 2006 12:27:01 PM org.apache.catalina.core.StandardService start
INFO   | jvm 1    | 2006/07/25 12:27:01 | INFO: Starting service Catalina
INFO   | jvm 1    | 2006/07/25 12:27:01 | Jul 25, 2006 12:27:01 PM org.apache.catalina.core.StandardEngine start
INFO   | jvm 1    | 2006/07/25 12:27:01 | INFO: Starting Servlet Engine: Apache Tomcat/5.0.30
INFO   | jvm 1    | 2006/07/25 12:27:01 | Jul 25, 2006 12:27:01 PM org.apache.catalina.core.StandardHost start
INFO   | jvm 1    | 2006/07/25 12:27:01 | INFO: XML validation disabled
INFO   | jvm 1    | 2006/07/25 12:27:01 | Jul 25, 2006 12:27:01 PM org.apache.catalina.core.StandardHost getDeployer
INFO   | jvm 1    | 2006/07/25 12:27:01 | INFO: Create Host deployer for direct deployment ( non-jmx ) 
INFO   | jvm 1    | 2006/07/25 12:27:01 | Jul 25, 2006 12:27:01 PM org.apache.catalina.core.StandardHostDeployer install
INFO   | jvm 1    | 2006/07/25 12:27:01 | INFO: Processing Context configuration file URL file:D:\TalentpoolInstaller\TalentPool\tomcat\conf\Catalina\localhost\admin.xml
INFO   | jvm 1    | 2006/07/25 12:27:03 | Jul 25, 2006 12:27:03 PM org.apache.catalina.core.StandardHostDeployer install
INFO   | jvm 1    | 2006/07/25 12:27:03 | INFO: Processing Context configuration file URL file:D:\TalentpoolInstaller\TalentPool\tomcat\conf\Catalina\localhost\balancer.xml
INFO   | jvm 1    | 2006/07/25 12:27:03 | Jul 25, 2006 12:27:03 PM org.apache.catalina.core.StandardHostDeployer install
INFO   | jvm 1    | 2006/07/25 12:27:03 | INFO: Processing Context configuration file URL file:D:\TalentpoolInstaller\TalentPool\tomcat\conf\Catalina\localhost\manager.xml
INFO   | jvm 1    | 2006/07/25 12:27:03 | Jul 25, 2006 12:27:03 PM org.apache.catalina.core.StandardHostDeployer install
INFO   | jvm 1    | 2006/07/25 12:27:03 | INFO: Processing Context configuration file URL file:D:\TalentpoolInstaller\TalentPool\tomcat\conf\Catalina\localhost\TalentPool.xml
INFO   | jvm 1    | 2006/07/25 12:27:04 | Jul 25, 2006 12:27:04 PM org.apache.struts.util.PropertyMessageResources <init>
INFO   | jvm 1    | 2006/07/25 12:27:04 | INFO: Initializing, config='org.apache.struts.util.LocalStrings', returnNull=true
INFO   | jvm 1    | 2006/07/25 12:27:04 | Jul 25, 2006 12:27:04 PM org.apache.struts.util.PropertyMessageResources <init>
INFO   | jvm 1    | 2006/07/25 12:27:04 | INFO: Initializing, config='org.apache.struts.action.ActionResources', returnNull=true
INFO   | jvm 1    | 2006/07/25 12:27:05 | Jul 25, 2006 12:27:05 PM org.apache.struts.util.PropertyMessageResources <init>
INFO   | jvm 1    | 2006/07/25 12:27:05 | INFO: Initializing, config='talentpoollabels', returnNull=true
INFO   | jvm 1    | 2006/07/25 12:27:05 | Jul 25, 2006 12:27:05 PM org.apache.catalina.core.StandardHostDeployer install
INFO   | jvm 1    | 2006/07/25 12:27:05 | INFO: Installing web application at context path /jsp-examples from URL file:D:\TalentpoolInstaller\TalentPool\tomcat\webapps\jsp-examples
INFO   | jvm 1    | 2006/07/25 12:27:05 | Jul 25, 2006 12:27:05 PM org.apache.catalina.core.StandardHostDeployer install
INFO   | jvm 1    | 2006/07/25 12:27:05 | INFO: Installing web application at context path  from URL file:D:\TalentpoolInstaller\TalentPool\tomcat\webapps\ROOT
INFO   | jvm 1    | 2006/07/25 12:27:05 | Jul 25, 2006 12:27:05 PM org.apache.catalina.core.StandardHostDeployer install
INFO   | jvm 1    | 2006/07/25 12:27:05 | INFO: Installing web application at context path /servlets-examples from URL file:D:\TalentpoolInstaller\TalentPool\tomcat\webapps\servlets-examples
INFO   | jvm 1    | 2006/07/25 12:27:05 | Jul 25, 2006 12:27:05 PM org.apache.catalina.core.StandardHostDeployer install
INFO   | jvm 1    | 2006/07/25 12:27:05 | INFO: Installing web application at context path /tomcat-docs from URL file:D:\TalentpoolInstaller\TalentPool\tomcat\webapps\tomcat-docs
INFO   | jvm 1    | 2006/07/25 12:27:05 | Jul 25, 2006 12:27:05 PM org.apache.catalina.core.StandardHostDeployer install
INFO   | jvm 1    | 2006/07/25 12:27:05 | INFO: Installing web application at context path /webdav from URL file:D:\TalentpoolInstaller\TalentPool\tomcat\webapps\webdav
INFO   | jvm 1    | 2006/07/25 12:27:05 | Jul 25, 2006 12:27:05 PM org.apache.coyote.http11.Http11Protocol start
INFO   | jvm 1    | 2006/07/25 12:27:05 | INFO: Starting Coyote HTTP/1.1 on http-90
INFO   | jvm 1    | 2006/07/25 12:27:05 | Jul 25, 2006 12:27:05 PM org.apache.jk.common.ChannelSocket init
INFO   | jvm 1    | 2006/07/25 12:27:05 | INFO: Port busy 8009 java.net.BindException: Address already in use: JVM_Bind
INFO   | jvm 1    | 2006/07/25 12:27:05 | Jul 25, 2006 12:27:05 PM org.apache.jk.common.ChannelSocket init
INFO   | jvm 1    | 2006/07/25 12:27:05 | INFO: JK2: ajp13 listening on /0.0.0.0:8010
INFO   | jvm 1    | 2006/07/25 12:27:05 | Jul 25, 2006 12:27:05 PM org.apache.jk.server.JkMain start
INFO   | jvm 1    | 2006/07/25 12:27:05 | INFO: Jk running ID=1 time=0/15  config=D:\TalentpoolInstaller\TalentPool\tomcat\conf\jk2.properties
INFO   | jvm 1    | 2006/07/25 12:27:05 | Jul 25, 2006 12:27:05 PM org.apache.catalina.startup.Catalina start
INFO   | jvm 1    | 2006/07/25 12:27:05 | INFO: Server startup in 4407 ms
INFO   | jvm 1    | 2006/07/25 12:27:05 | StandardServer.await: create[8005]: java.net.BindException: Address already in use: JVM_Bind
INFO   | jvm 1    | 2006/07/25 12:27:05 | java.net.BindException: Address already in use: JVM_Bind
INFO   | jvm 1    | 2006/07/25 12:27:05 | 	at java.net.PlainSocketImpl.socketBind(Native Method)
INFO   | jvm 1    | 2006/07/25 12:27:05 | 	at java.net.PlainSocketImpl.bind(PlainSocketImpl.java:331)
INFO   | jvm 1    | 2006/07/25 12:27:05 | 	at java.net.ServerSocket.bind(ServerSocket.java:318)
INFO   | jvm 1    | 2006/07/25 12:27:05 | 	at java.net.ServerSocket.<init>(ServerSocket.java:185)
INFO   | jvm 1    | 2006/07/25 12:27:05 | 	at org.apache.catalina.core.StandardServer.await(StandardServer.java:496)
INFO   | jvm 1    | 2006/07/25 12:27:05 | 	at org.apache.catalina.startup.Catalina.await(Catalina.java:619)
INFO   | jvm 1    | 2006/07/25 12:27:05 | 	at org.apache.catalina.startup.Catalina.start(Catalina.java:579)
INFO   | jvm 1    | 2006/07/25 12:27:05 | 	at sun.reflect.NativeMethodAccessorImpl.invoke0(Native Method)
INFO   | jvm 1    | 2006/07/25 12:27:05 | 	at sun.reflect.NativeMethodAccessorImpl.invoke(NativeMethodAccessorImpl.java:39)
INFO   | jvm 1    | 2006/07/25 12:27:05 | 	at sun.reflect.DelegatingMethodAccessorImpl.invoke(DelegatingMethodAccessorImpl.java:25)
INFO   | jvm 1    | 2006/07/25 12:27:05 | 	at java.lang.reflect.Method.invoke(Method.java:324)
INFO   | jvm 1    | 2006/07/25 12:27:05 | 	at org.apache.catalina.startup.Bootstrap.start(Bootstrap.java:287)
INFO   | jvm 1    | 2006/07/25 12:27:05 | 	at org.apache.catalina.startup.Bootstrap.main(Bootstrap.java:425)
INFO   | jvm 1    | 2006/07/25 12:27:05 | 	at sun.reflect.NativeMethodAccessorImpl.invoke0(Native Method)
INFO   | jvm 1    | 2006/07/25 12:27:05 | 	at sun.reflect.NativeMethodAccessorImpl.invoke(NativeMethodAccessorImpl.java:39)
INFO   | jvm 1    | 2006/07/25 12:27:05 | 	at sun.reflect.DelegatingMethodAccessorImpl.invoke(DelegatingMethodAccessorImpl.java:25)
INFO   | jvm 1    | 2006/07/25 12:27:05 | 	at java.lang.reflect.Method.invoke(Method.java:324)
INFO   | jvm 1    | 2006/07/25 12:27:05 | 	at org.tanukisoftware.wrapper.WrapperSimpleApp.run(WrapperSimpleApp.java:292)
INFO   | jvm 1    | 2006/07/25 12:27:05 | 	at java.lang.Thread.run(Thread.java:534)
STATUS | wrapper  | 2006/07/25 12:27:07 | <-- Wrapper Stopped
STATUS | wrapper  | 2006/07/25 12:28:12 | --> Wrapper Started as Console
STATUS | wrapper  | 2006/07/25 12:28:12 | Launching a JVM...
INFO   | jvm 1    | 2006/07/25 12:28:12 | Wrapper (Version 3.2.1) http://wrapper.tanukisoftware.org
INFO   | jvm 1    | 2006/07/25 12:28:12 | 
INFO   | jvm 1    | 2006/07/25 12:28:14 | Jul 25, 2006 12:28:14 PM org.apache.coyote.http11.Http11Protocol init
INFO   | jvm 1    | 2006/07/25 12:28:14 | INFO: Initializing Coyote HTTP/1.1 on http-1000
INFO   | jvm 1    | 2006/07/25 12:28:14 | Jul 25, 2006 12:28:14 PM org.apache.catalina.startup.Catalina load
INFO   | jvm 1    | 2006/07/25 12:28:14 | INFO: Initialization processed in 1016 ms
INFO   | jvm 1    | 2006/07/25 12:28:14 | Jul 25, 2006 12:28:14 PM org.apache.catalina.core.StandardService start
INFO   | jvm 1    | 2006/07/25 12:28:14 | INFO: Starting service Catalina
INFO   | jvm 1    | 2006/07/25 12:28:14 | Jul 25, 2006 12:28:14 PM org.apache.catalina.core.StandardEngine start
INFO   | jvm 1    | 2006/07/25 12:28:14 | INFO: Starting Servlet Engine: Apache Tomcat/5.0.30
INFO   | jvm 1    | 2006/07/25 12:28:14 | Jul 25, 2006 12:28:14 PM org.apache.catalina.core.StandardHost start
INFO   | jvm 1    | 2006/07/25 12:28:14 | INFO: XML validation disabled
INFO   | jvm 1    | 2006/07/25 12:28:14 | Jul 25, 2006 12:28:14 PM org.apache.catalina.core.StandardHost getDeployer
INFO   | jvm 1    | 2006/07/25 12:28:14 | INFO: Create Host deployer for direct deployment ( non-jmx ) 
INFO   | jvm 1    | 2006/07/25 12:28:14 | Jul 25, 2006 12:28:14 PM org.apache.catalina.core.StandardHostDeployer install
INFO   | jvm 1    | 2006/07/25 12:28:14 | INFO: Processing Context configuration file URL file:D:\TalentpoolInstaller\TalentPool\tomcat\conf\Catalina\localhost\admin.xml
INFO   | jvm 1    | 2006/07/25 12:28:16 | Jul 25, 2006 12:28:16 PM org.apache.catalina.core.StandardHostDeployer install
INFO   | jvm 1    | 2006/07/25 12:28:16 | INFO: Processing Context configuration file URL file:D:\TalentpoolInstaller\TalentPool\tomcat\conf\Catalina\localhost\balancer.xml
INFO   | jvm 1    | 2006/07/25 12:28:16 | Jul 25, 2006 12:28:16 PM org.apache.catalina.core.StandardHostDeployer install
INFO   | jvm 1    | 2006/07/25 12:28:16 | INFO: Processing Context configuration file URL file:D:\TalentpoolInstaller\TalentPool\tomcat\conf\Catalina\localhost\manager.xml
INFO   | jvm 1    | 2006/07/25 12:28:16 | Jul 25, 2006 12:28:16 PM org.apache.catalina.core.StandardHostDeployer install
INFO   | jvm 1    | 2006/07/25 12:28:16 | INFO: Processing Context configuration file URL file:D:\TalentpoolInstaller\TalentPool\tomcat\conf\Catalina\localhost\TalentPool.xml
INFO   | jvm 1    | 2006/07/25 12:28:17 | Jul 25, 2006 12:28:17 PM org.apache.struts.util.PropertyMessageResources <init>
INFO   | jvm 1    | 2006/07/25 12:28:17 | INFO: Initializing, config='org.apache.struts.util.LocalStrings', returnNull=true
INFO   | jvm 1    | 2006/07/25 12:28:17 | Jul 25, 2006 12:28:17 PM org.apache.struts.util.PropertyMessageResources <init>
INFO   | jvm 1    | 2006/07/25 12:28:17 | INFO: Initializing, config='org.apache.struts.action.ActionResources', returnNull=true
INFO   | jvm 1    | 2006/07/25 12:28:18 | Jul 25, 2006 12:28:18 PM org.apache.struts.util.PropertyMessageResources <init>
INFO   | jvm 1    | 2006/07/25 12:28:18 | INFO: Initializing, config='talentpoollabels', returnNull=true
INFO   | jvm 1    | 2006/07/25 12:28:18 | Jul 25, 2006 12:28:18 PM org.apache.catalina.core.StandardHostDeployer install
INFO   | jvm 1    | 2006/07/25 12:28:18 | INFO: Installing web application at context path /jsp-examples from URL file:D:\TalentpoolInstaller\TalentPool\tomcat\webapps\jsp-examples
INFO   | jvm 1    | 2006/07/25 12:28:18 | Jul 25, 2006 12:28:18 PM org.apache.catalina.core.StandardHostDeployer install
INFO   | jvm 1    | 2006/07/25 12:28:18 | INFO: Installing web application at context path  from URL file:D:\TalentpoolInstaller\TalentPool\tomcat\webapps\ROOT
INFO   | jvm 1    | 2006/07/25 12:28:18 | Jul 25, 2006 12:28:18 PM org.apache.catalina.core.StandardHostDeployer install
INFO   | jvm 1    | 2006/07/25 12:28:18 | INFO: Installing web application at context path /servlets-examples from URL file:D:\TalentpoolInstaller\TalentPool\tomcat\webapps\servlets-examples
INFO   | jvm 1    | 2006/07/25 12:28:18 | Jul 25, 2006 12:28:18 PM org.apache.catalina.core.StandardHostDeployer install
INFO   | jvm 1    | 2006/07/25 12:28:18 | INFO: Installing web application at context path /tomcat-docs from URL file:D:\TalentpoolInstaller\TalentPool\tomcat\webapps\tomcat-docs
INFO   | jvm 1    | 2006/07/25 12:28:18 | Jul 25, 2006 12:28:18 PM org.apache.catalina.core.StandardHostDeployer install
INFO   | jvm 1    | 2006/07/25 12:28:18 | INFO: Installing web application at context path /webdav from URL file:D:\TalentpoolInstaller\TalentPool\tomcat\webapps\webdav
INFO   | jvm 1    | 2006/07/25 12:28:18 | Jul 25, 2006 12:28:18 PM org.apache.coyote.http11.Http11Protocol start
INFO   | jvm 1    | 2006/07/25 12:28:18 | INFO: Starting Coyote HTTP/1.1 on http-1000
INFO   | jvm 1    | 2006/07/25 12:28:18 | Jul 25, 2006 12:28:18 PM org.apache.jk.common.ChannelSocket init
INFO   | jvm 1    | 2006/07/25 12:28:18 | INFO: Port busy 8009 java.net.BindException: Address already in use: JVM_Bind
INFO   | jvm 1    | 2006/07/25 12:28:18 | Jul 25, 2006 12:28:18 PM org.apache.jk.common.ChannelSocket init
INFO   | jvm 1    | 2006/07/25 12:28:18 | INFO: JK2: ajp13 listening on /0.0.0.0:8010
INFO   | jvm 1    | 2006/07/25 12:28:18 | Jul 25, 2006 12:28:18 PM org.apache.jk.server.JkMain start
INFO   | jvm 1    | 2006/07/25 12:28:18 | INFO: Jk running ID=1 time=0/15  config=D:\TalentpoolInstaller\TalentPool\tomcat\conf\jk2.properties
INFO   | jvm 1    | 2006/07/25 12:28:18 | Jul 25, 2006 12:28:18 PM org.apache.catalina.startup.Catalina start
INFO   | jvm 1    | 2006/07/25 12:28:18 | INFO: Server startup in 4312 ms
INFO   | jvm 1    | 2006/07/25 12:28:18 | StandardServer.await: create[8005]: java.net.BindException: Address already in use: JVM_Bind
INFO   | jvm 1    | 2006/07/25 12:28:18 | java.net.BindException: Address already in use: JVM_Bind
INFO   | jvm 1    | 2006/07/25 12:28:18 | 	at java.net.PlainSocketImpl.socketBind(Native Method)
INFO   | jvm 1    | 2006/07/25 12:28:18 | 	at java.net.PlainSocketImpl.bind(PlainSocketImpl.java:331)
INFO   | jvm 1    | 2006/07/25 12:28:18 | 	at java.net.ServerSocket.bind(ServerSocket.java:318)
INFO   | jvm 1    | 2006/07/25 12:28:18 | 	at java.net.ServerSocket.<init>(ServerSocket.java:185)
INFO   | jvm 1    | 2006/07/25 12:28:18 | 	at org.apache.catalina.core.StandardServer.await(StandardServer.java:496)
INFO   | jvm 1    | 2006/07/25 12:28:18 | 	at org.apache.catalina.startup.Catalina.await(Catalina.java:619)
INFO   | jvm 1    | 2006/07/25 12:28:18 | 	at org.apache.catalina.startup.Catalina.start(Catalina.java:579)
INFO   | jvm 1    | 2006/07/25 12:28:18 | 	at sun.reflect.NativeMethodAccessorImpl.invoke0(Native Method)
INFO   | jvm 1    | 2006/07/25 12:28:18 | 	at sun.reflect.NativeMethodAccessorImpl.invoke(NativeMethodAccessorImpl.java:39)
INFO   | jvm 1    | 2006/07/25 12:28:18 | 	at sun.reflect.DelegatingMethodAccessorImpl.invoke(DelegatingMethodAccessorImpl.java:25)
INFO   | jvm 1    | 2006/07/25 12:28:18 | 	at java.lang.reflect.Method.invoke(Method.java:324)
INFO   | jvm 1    | 2006/07/25 12:28:18 | 	at org.apache.catalina.startup.Bootstrap.start(Bootstrap.java:287)
INFO   | jvm 1    | 2006/07/25 12:28:18 | 	at org.apache.catalina.startup.Bootstrap.main(Bootstrap.java:425)
INFO   | jvm 1    | 2006/07/25 12:28:18 | 	at sun.reflect.NativeMethodAccessorImpl.invoke0(Native Method)
INFO   | jvm 1    | 2006/07/25 12:28:18 | 	at sun.reflect.NativeMethodAccessorImpl.invoke(NativeMethodAccessorImpl.java:39)
INFO   | jvm 1    | 2006/07/25 12:28:18 | 	at sun.reflect.DelegatingMethodAccessorImpl.invoke(DelegatingMethodAccessorImpl.java:25)
INFO   | jvm 1    | 2006/07/25 12:28:18 | 	at java.lang.reflect.Method.invoke(Method.java:324)
INFO   | jvm 1    | 2006/07/25 12:28:18 | 	at org.tanukisoftware.wrapper.WrapperSimpleApp.run(WrapperSimpleApp.java:292)
INFO   | jvm 1    | 2006/07/25 12:28:18 | 	at java.lang.Thread.run(Thread.java:534)
STATUS | wrapper  | 2006/07/25 12:28:20 | <-- Wrapper Stopped
STATUS | wrapper  | 2006/07/25 12:29:08 | --> Wrapper Started as Console
STATUS | wrapper  | 2006/07/25 12:29:08 | Launching a JVM...
INFO   | jvm 1    | 2006/07/25 12:29:08 | Wrapper (Version 3.2.1) http://wrapper.tanukisoftware.org
INFO   | jvm 1    | 2006/07/25 12:29:08 | 
INFO   | jvm 1    | 2006/07/25 12:29:10 | Jul 25, 2006 12:29:10 PM org.apache.coyote.http11.Http11Protocol init
INFO   | jvm 1    | 2006/07/25 12:29:10 | SEVERE: Error initializing endpoint
INFO   | jvm 1    | 2006/07/25 12:29:10 | java.net.BindException: Address already in use: JVM_Bind:9090
INFO   | jvm 1    | 2006/07/25 12:29:10 | 	at org.apache.tomcat.util.net.PoolTcpEndpoint.initEndpoint(PoolTcpEndpoint.java:264)
INFO   | jvm 1    | 2006/07/25 12:29:10 | 	at org.apache.coyote.http11.Http11Protocol.init(Http11Protocol.java:137)
INFO   | jvm 1    | 2006/07/25 12:29:10 | 	at org.apache.coyote.tomcat5.CoyoteConnector.initialize(CoyoteConnector.java:1429)
INFO   | jvm 1    | 2006/07/25 12:29:10 | 	at org.apache.catalina.core.StandardService.initialize(StandardService.java:609)
INFO   | jvm 1    | 2006/07/25 12:29:10 | 	at org.apache.catalina.core.StandardServer.initialize(StandardServer.java:2384)
INFO   | jvm 1    | 2006/07/25 12:29:10 | 	at org.apache.catalina.startup.Catalina.load(Catalina.java:507)
INFO   | jvm 1    | 2006/07/25 12:29:10 | 	at sun.reflect.NativeMethodAccessorImpl.invoke0(Native Method)
INFO   | jvm 1    | 2006/07/25 12:29:10 | 	at sun.reflect.NativeMethodAccessorImpl.invoke(NativeMethodAccessorImpl.java:39)
INFO   | jvm 1    | 2006/07/25 12:29:10 | 	at sun.reflect.DelegatingMethodAccessorImpl.invoke(DelegatingMethodAccessorImpl.java:25)
INFO   | jvm 1    | 2006/07/25 12:29:10 | 	at java.lang.reflect.Method.invoke(Method.java:324)
INFO   | jvm 1    | 2006/07/25 12:29:10 | 	at org.apache.catalina.startup.Bootstrap.load(Bootstrap.java:250)
INFO   | jvm 1    | 2006/07/25 12:29:10 | 	at org.apache.catalina.startup.Bootstrap.main(Bootstrap.java:424)
INFO   | jvm 1    | 2006/07/25 12:29:10 | 	at sun.reflect.NativeMethodAccessorImpl.invoke0(Native Method)
INFO   | jvm 1    | 2006/07/25 12:29:10 | 	at sun.reflect.NativeMethodAccessorImpl.invoke(NativeMethodAccessorImpl.java:39)
INFO   | jvm 1    | 2006/07/25 12:29:10 | 	at sun.reflect.DelegatingMethodAccessorImpl.invoke(DelegatingMethodAccessorImpl.java:25)
INFO   | jvm 1    | 2006/07/25 12:29:10 | 	at java.lang.reflect.Method.invoke(Method.java:324)
INFO   | jvm 1    | 2006/07/25 12:29:10 | 	at org.tanukisoftware.wrapper.WrapperSimpleApp.run(WrapperSimpleApp.java:292)
INFO   | jvm 1    | 2006/07/25 12:29:10 | 	at java.lang.Thread.run(Thread.java:534)
INFO   | jvm 1    | 2006/07/25 12:29:10 | Jul 25, 2006 12:29:10 PM org.apache.catalina.startup.Catalina load
INFO   | jvm 1    | 2006/07/25 12:29:10 | SEVERE: Catalina.start
INFO   | jvm 1    | 2006/07/25 12:29:10 | LifecycleException:  Protocol handler initialization failed: java.net.BindException: Address already in use: JVM_Bind:9090
INFO   | jvm 1    | 2006/07/25 12:29:10 | 	at org.apache.coyote.tomcat5.CoyoteConnector.initialize(CoyoteConnector.java:1431)
INFO   | jvm 1    | 2006/07/25 12:29:10 | 	at org.apache.catalina.core.StandardService.initialize(StandardService.java:609)
INFO   | jvm 1    | 2006/07/25 12:29:10 | 	at org.apache.catalina.core.StandardServer.initialize(StandardServer.java:2384)
INFO   | jvm 1    | 2006/07/25 12:29:10 | 	at org.apache.catalina.startup.Catalina.load(Catalina.java:507)
INFO   | jvm 1    | 2006/07/25 12:29:10 | 	at sun.reflect.NativeMethodAccessorImpl.invoke0(Native Method)
INFO   | jvm 1    | 2006/07/25 12:29:10 | 	at sun.reflect.NativeMethodAccessorImpl.invoke(NativeMethodAccessorImpl.java:39)
INFO   | jvm 1    | 2006/07/25 12:29:10 | 	at sun.reflect.DelegatingMethodAccessorImpl.invoke(DelegatingMethodAccessorImpl.java:25)
INFO   | jvm 1    | 2006/07/25 12:29:10 | 	at java.lang.reflect.Method.invoke(Method.java:324)
INFO   | jvm 1    | 2006/07/25 12:29:10 | 	at org.apache.catalina.startup.Bootstrap.load(Bootstrap.java:250)
INFO   | jvm 1    | 2006/07/25 12:29:10 | 	at org.apache.catalina.startup.Bootstrap.main(Bootstrap.java:424)
INFO   | jvm 1    | 2006/07/25 12:29:10 | 	at sun.reflect.NativeMethodAccessorImpl.invoke0(Native Method)
INFO   | jvm 1    | 2006/07/25 12:29:10 | 	at sun.reflect.NativeMethodAccessorImpl.invoke(NativeMethodAccessorImpl.java:39)
INFO   | jvm 1    | 2006/07/25 12:29:10 | 	at sun.reflect.DelegatingMethodAccessorImpl.invoke(DelegatingMethodAccessorImpl.java:25)
INFO   | jvm 1    | 2006/07/25 12:29:10 | 	at java.lang.reflect.Method.invoke(Method.java:324)
INFO   | jvm 1    | 2006/07/25 12:29:10 | 	at org.tanukisoftware.wrapper.WrapperSimpleApp.run(WrapperSimpleApp.java:292)
INFO   | jvm 1    | 2006/07/25 12:29:10 | 	at java.lang.Thread.run(Thread.java:534)
INFO   | jvm 1    | 2006/07/25 12:29:10 | Jul 25, 2006 12:29:10 PM org.apache.catalina.startup.Catalina load
INFO   | jvm 1    | 2006/07/25 12:29:10 | INFO: Initialization processed in 985 ms
INFO   | jvm 1    | 2006/07/25 12:29:10 | Jul 25, 2006 12:29:10 PM org.apache.catalina.core.StandardService start
INFO   | jvm 1    | 2006/07/25 12:29:10 | INFO: Starting service Catalina
INFO   | jvm 1    | 2006/07/25 12:29:10 | Jul 25, 2006 12:29:10 PM org.apache.catalina.core.StandardEngine start
INFO   | jvm 1    | 2006/07/25 12:29:10 | INFO: Starting Servlet Engine: Apache Tomcat/5.0.30
INFO   | jvm 1    | 2006/07/25 12:29:10 | Jul 25, 2006 12:29:10 PM org.apache.catalina.core.StandardHost start
INFO   | jvm 1    | 2006/07/25 12:29:10 | INFO: XML validation disabled
INFO   | jvm 1    | 2006/07/25 12:29:10 | Jul 25, 2006 12:29:10 PM org.apache.catalina.core.StandardHost getDeployer
INFO   | jvm 1    | 2006/07/25 12:29:10 | INFO: Create Host deployer for direct deployment ( non-jmx ) 
INFO   | jvm 1    | 2006/07/25 12:29:10 | Jul 25, 2006 12:29:10 PM org.apache.catalina.core.StandardHostDeployer install
INFO   | jvm 1    | 2006/07/25 12:29:10 | INFO: Processing Context configuration file URL file:D:\TalentpoolInstaller\TalentPool\tomcat\conf\Catalina\localhost\admin.xml
INFO   | jvm 1    | 2006/07/25 12:29:12 | Jul 25, 2006 12:29:12 PM org.apache.catalina.core.StandardHostDeployer install
INFO   | jvm 1    | 2006/07/25 12:29:12 | INFO: Processing Context configuration file URL file:D:\TalentpoolInstaller\TalentPool\tomcat\conf\Catalina\localhost\balancer.xml
INFO   | jvm 1    | 2006/07/25 12:29:12 | Jul 25, 2006 12:29:12 PM org.apache.catalina.core.StandardHostDeployer install
INFO   | jvm 1    | 2006/07/25 12:29:12 | INFO: Processing Context configuration file URL file:D:\TalentpoolInstaller\TalentPool\tomcat\conf\Catalina\localhost\manager.xml
INFO   | jvm 1    | 2006/07/25 12:29:12 | Jul 25, 2006 12:29:12 PM org.apache.catalina.core.StandardHostDeployer install
INFO   | jvm 1    | 2006/07/25 12:29:12 | INFO: Processing Context configuration file URL file:D:\TalentpoolInstaller\TalentPool\tomcat\conf\Catalina\localhost\TalentPool.xml
INFO   | jvm 1    | 2006/07/25 12:29:13 | Jul 25, 2006 12:29:13 PM org.apache.struts.util.PropertyMessageResources <init>
INFO   | jvm 1    | 2006/07/25 12:29:13 | INFO: Initializing, config='org.apache.struts.util.LocalStrings', returnNull=true
INFO   | jvm 1    | 2006/07/25 12:29:13 | Jul 25, 2006 12:29:13 PM org.apache.struts.util.PropertyMessageResources <init>
INFO   | jvm 1    | 2006/07/25 12:29:13 | INFO: Initializing, config='org.apache.struts.action.ActionResources', returnNull=true
INFO   | jvm 1    | 2006/07/25 12:29:14 | Jul 25, 2006 12:29:14 PM org.apache.struts.util.PropertyMessageResources <init>
INFO   | jvm 1    | 2006/07/25 12:29:14 | INFO: Initializing, config='talentpoollabels', returnNull=true
INFO   | jvm 1    | 2006/07/25 12:29:14 | Jul 25, 2006 12:29:14 PM org.apache.catalina.core.StandardHostDeployer install
INFO   | jvm 1    | 2006/07/25 12:29:14 | INFO: Installing web application at context path /jsp-examples from URL file:D:\TalentpoolInstaller\TalentPool\tomcat\webapps\jsp-examples
INFO   | jvm 1    | 2006/07/25 12:29:14 | Jul 25, 2006 12:29:14 PM org.apache.catalina.core.StandardHostDeployer install
INFO   | jvm 1    | 2006/07/25 12:29:14 | INFO: Installing web application at context path  from URL file:D:\TalentpoolInstaller\TalentPool\tomcat\webapps\ROOT
INFO   | jvm 1    | 2006/07/25 12:29:14 | Jul 25, 2006 12:29:14 PM org.apache.catalina.core.StandardHostDeployer install
INFO   | jvm 1    | 2006/07/25 12:29:14 | INFO: Installing web application at context path /servlets-examples from URL file:D:\TalentpoolInstaller\TalentPool\tomcat\webapps\servlets-examples
INFO   | jvm 1    | 2006/07/25 12:29:14 | Jul 25, 2006 12:29:14 PM org.apache.catalina.core.StandardHostDeployer install
INFO   | jvm 1    | 2006/07/25 12:29:14 | INFO: Installing web application at context path /tomcat-docs from URL file:D:\TalentpoolInstaller\TalentPool\tomcat\webapps\tomcat-docs
INFO   | jvm 1    | 2006/07/25 12:29:14 | Jul 25, 2006 12:29:14 PM org.apache.catalina.core.StandardHostDeployer install
INFO   | jvm 1    | 2006/07/25 12:29:14 | INFO: Installing web application at context path /webdav from URL file:D:\TalentpoolInstaller\TalentPool\tomcat\webapps\webdav
INFO   | jvm 1    | 2006/07/25 12:29:14 | Jul 25, 2006 12:29:14 PM org.apache.coyote.http11.Http11Protocol start
INFO   | jvm 1    | 2006/07/25 12:29:14 | SEVERE: Error starting endpoint
INFO   | jvm 1    | 2006/07/25 12:29:14 | java.net.BindException: Address already in use: JVM_Bind:9090
INFO   | jvm 1    | 2006/07/25 12:29:14 | 	at org.apache.tomcat.util.net.PoolTcpEndpoint.initEndpoint(PoolTcpEndpoint.java:264)
INFO   | jvm 1    | 2006/07/25 12:29:14 | 	at org.apache.tomcat.util.net.PoolTcpEndpoint.startEndpoint(PoolTcpEndpoint.java:281)
INFO   | jvm 1    | 2006/07/25 12:29:14 | 	at org.apache.coyote.http11.Http11Protocol.start(Http11Protocol.java:171)
INFO   | jvm 1    | 2006/07/25 12:29:14 | 	at org.apache.coyote.tomcat5.CoyoteConnector.start(CoyoteConnector.java:1527)
INFO   | jvm 1    | 2006/07/25 12:29:14 | 	at org.apache.catalina.core.StandardService.start(StandardService.java:489)
INFO   | jvm 1    | 2006/07/25 12:29:14 | 	at org.apache.catalina.core.StandardServer.start(StandardServer.java:2313)
INFO   | jvm 1    | 2006/07/25 12:29:14 | 	at org.apache.catalina.startup.Catalina.start(Catalina.java:556)
INFO   | jvm 1    | 2006/07/25 12:29:14 | 	at sun.reflect.NativeMethodAccessorImpl.invoke0(Native Method)
INFO   | jvm 1    | 2006/07/25 12:29:14 | 	at sun.reflect.NativeMethodAccessorImpl.invoke(NativeMethodAccessorImpl.java:39)
INFO   | jvm 1    | 2006/07/25 12:29:14 | 	at sun.reflect.DelegatingMethodAccessorImpl.invoke(DelegatingMethodAccessorImpl.java:25)
INFO   | jvm 1    | 2006/07/25 12:29:14 | 	at java.lang.reflect.Method.invoke(Method.java:324)
INFO   | jvm 1    | 2006/07/25 12:29:14 | 	at org.apache.catalina.startup.Bootstrap.start(Bootstrap.java:287)
INFO   | jvm 1    | 2006/07/25 12:29:14 | 	at org.apache.catalina.startup.Bootstrap.main(Bootstrap.java:425)
INFO   | jvm 1    | 2006/07/25 12:29:14 | 	at sun.reflect.NativeMethodAccessorImpl.invoke0(Native Method)
INFO   | jvm 1    | 2006/07/25 12:29:14 | 	at sun.reflect.NativeMethodAccessorImpl.invoke(NativeMethodAccessorImpl.java:39)
INFO   | jvm 1    | 2006/07/25 12:29:14 | 	at sun.reflect.DelegatingMethodAccessorImpl.invoke(DelegatingMethodAccessorImpl.java:25)
INFO   | jvm 1    | 2006/07/25 12:29:14 | 	at java.lang.reflect.Method.invoke(Method.java:324)
INFO   | jvm 1    | 2006/07/25 12:29:14 | 	at org.tanukisoftware.wrapper.WrapperSimpleApp.run(WrapperSimpleApp.java:292)
INFO   | jvm 1    | 2006/07/25 12:29:14 | 	at java.lang.Thread.run(Thread.java:534)
INFO   | jvm 1    | 2006/07/25 12:29:14 | Jul 25, 2006 12:29:14 PM org.apache.catalina.startup.Catalina start
INFO   | jvm 1    | 2006/07/25 12:29:14 | SEVERE: Catalina.start: 
INFO   | jvm 1    | 2006/07/25 12:29:14 | LifecycleException:  Protocol handler start failed: java.net.BindException: Address already in use: JVM_Bind:9090
INFO   | jvm 1    | 2006/07/25 12:29:14 | 	at org.apache.coyote.tomcat5.CoyoteConnector.start(CoyoteConnector.java:1529)
INFO   | jvm 1    | 2006/07/25 12:29:14 | 	at org.apache.catalina.core.StandardService.start(StandardService.java:489)
INFO   | jvm 1    | 2006/07/25 12:29:14 | 	at org.apache.catalina.core.StandardServer.start(StandardServer.java:2313)
INFO   | jvm 1    | 2006/07/25 12:29:14 | 	at org.apache.catalina.startup.Catalina.start(Catalina.java:556)
INFO   | jvm 1    | 2006/07/25 12:29:14 | 	at sun.reflect.NativeMethodAccessorImpl.invoke0(Native Method)
INFO   | jvm 1    | 2006/07/25 12:29:14 | 	at sun.reflect.NativeMethodAccessorImpl.invoke(NativeMethodAccessorImpl.java:39)
INFO   | jvm 1    | 2006/07/25 12:29:14 | 	at sun.reflect.DelegatingMethodAccessorImpl.invoke(DelegatingMethodAccessorImpl.java:25)
INFO   | jvm 1    | 2006/07/25 12:29:14 | 	at java.lang.reflect.Method.invoke(Method.java:324)
INFO   | jvm 1    | 2006/07/25 12:29:14 | 	at org.apache.catalina.startup.Bootstrap.start(Bootstrap.java:287)
INFO   | jvm 1    | 2006/07/25 12:29:14 | 	at org.apache.catalina.startup.Bootstrap.main(Bootstrap.java:425)
INFO   | jvm 1    | 2006/07/25 12:29:14 | 	at sun.reflect.NativeMethodAccessorImpl.invoke0(Native Method)
INFO   | jvm 1    | 2006/07/25 12:29:14 | 	at sun.reflect.NativeMethodAccessorImpl.invoke(NativeMethodAccessorImpl.java:39)
INFO   | jvm 1    | 2006/07/25 12:29:14 | 	at sun.reflect.DelegatingMethodAccessorImpl.invoke(DelegatingMethodAccessorImpl.java:25)
INFO   | jvm 1    | 2006/07/25 12:29:14 | 	at java.lang.reflect.Method.invoke(Method.java:324)
INFO   | jvm 1    | 2006/07/25 12:29:14 | 	at org.tanukisoftware.wrapper.WrapperSimpleApp.run(WrapperSimpleApp.java:292)
INFO   | jvm 1    | 2006/07/25 12:29:14 | 	at java.lang.Thread.run(Thread.java:534)
INFO   | jvm 1    | 2006/07/25 12:29:14 | Jul 25, 2006 12:29:14 PM org.apache.catalina.startup.Catalina start
INFO   | jvm 1    | 2006/07/25 12:29:14 | INFO: Server startup in 4296 ms
INFO   | jvm 1    | 2006/07/25 12:29:14 | StandardServer.await: create[8005]: java.net.BindException: Address already in use: JVM_Bind
INFO   | jvm 1    | 2006/07/25 12:29:14 | java.net.BindException: Address already in use: JVM_Bind
INFO   | jvm 1    | 2006/07/25 12:29:14 | 	at java.net.PlainSocketImpl.socketBind(Native Method)
INFO   | jvm 1    | 2006/07/25 12:29:14 | 	at java.net.PlainSocketImpl.bind(PlainSocketImpl.java:331)
INFO   | jvm 1    | 2006/07/25 12:29:14 | 	at java.net.ServerSocket.bind(ServerSocket.java:318)
INFO   | jvm 1    | 2006/07/25 12:29:14 | 	at java.net.ServerSocket.<init>(ServerSocket.java:185)
INFO   | jvm 1    | 2006/07/25 12:29:14 | 	at org.apache.catalina.core.StandardServer.await(StandardServer.java:496)
INFO   | jvm 1    | 2006/07/25 12:29:14 | 	at org.apache.catalina.startup.Catalina.await(Catalina.java:619)
INFO   | jvm 1    | 2006/07/25 12:29:14 | 	at org.apache.catalina.startup.Catalina.start(Catalina.java:579)
INFO   | jvm 1    | 2006/07/25 12:29:14 | 	at sun.reflect.NativeMethodAccessorImpl.invoke0(Native Method)
INFO   | jvm 1    | 2006/07/25 12:29:14 | 	at sun.reflect.NativeMethodAccessorImpl.invoke(NativeMethodAccessorImpl.java:39)
INFO   | jvm 1    | 2006/07/25 12:29:14 | 	at sun.reflect.DelegatingMethodAccessorImpl.invoke(DelegatingMethodAccessorImpl.java:25)
INFO   | jvm 1    | 2006/07/25 12:29:14 | 	at java.lang.reflect.Method.invoke(Method.java:324)
INFO   | jvm 1    | 2006/07/25 12:29:14 | 	at org.apache.catalina.startup.Bootstrap.start(Bootstrap.java:287)
INFO   | jvm 1    | 2006/07/25 12:29:14 | 	at org.apache.catalina.startup.Bootstrap.main(Bootstrap.java:425)
INFO   | jvm 1    | 2006/07/25 12:29:14 | 	at sun.reflect.NativeMethodAccessorImpl.invoke0(Native Method)
INFO   | jvm 1    | 2006/07/25 12:29:14 | 	at sun.reflect.NativeMethodAccessorImpl.invoke(NativeMethodAccessorImpl.java:39)
INFO   | jvm 1    | 2006/07/25 12:29:14 | 	at sun.reflect.DelegatingMethodAccessorImpl.invoke(DelegatingMethodAccessorImpl.java:25)
INFO   | jvm 1    | 2006/07/25 12:29:14 | 	at java.lang.reflect.Method.invoke(Method.java:324)
INFO   | jvm 1    | 2006/07/25 12:29:14 | 	at org.tanukisoftware.wrapper.WrapperSimpleApp.run(WrapperSimpleApp.java:292)
INFO   | jvm 1    | 2006/07/25 12:29:14 | 	at java.lang.Thread.run(Thread.java:534)
INFO   | jvm 1    | 2006/07/25 12:29:14 | Jul 25, 2006 12:29:14 PM org.apache.coyote.http11.Http11Protocol pause
INFO   | jvm 1    | 2006/07/25 12:29:14 | INFO: Pausing Coyote HTTP/1.1 on http-9090
STATUS | wrapper  | 2006/07/25 12:29:16 | <-- Wrapper Stopped
STATUS | wrapper  | 2006/07/25 12:31:33 | --> Wrapper Started as Console
STATUS | wrapper  | 2006/07/25 12:31:33 | Launching a JVM...
INFO   | jvm 1    | 2006/07/25 12:31:35 | Wrapper (Version 3.2.1) http://wrapper.tanukisoftware.org
INFO   | jvm 1    | 2006/07/25 12:31:35 | 
INFO   | jvm 1    | 2006/07/25 12:31:38 | Jul 25, 2006 12:31:38 PM org.apache.coyote.http11.Http11Protocol init
INFO   | jvm 1    | 2006/07/25 12:31:38 | INFO: Initializing Coyote HTTP/1.1 on http-9090
INFO   | jvm 1    | 2006/07/25 12:31:38 | Jul 25, 2006 12:31:38 PM org.apache.catalina.startup.Catalina load
INFO   | jvm 1    | 2006/07/25 12:31:38 | INFO: Initialization processed in 1015 ms
INFO   | jvm 1    | 2006/07/25 12:31:38 | Jul 25, 2006 12:31:38 PM org.apache.catalina.core.StandardService start
INFO   | jvm 1    | 2006/07/25 12:31:38 | INFO: Starting service Catalina
INFO   | jvm 1    | 2006/07/25 12:31:38 | Jul 25, 2006 12:31:38 PM org.apache.catalina.core.StandardEngine start
INFO   | jvm 1    | 2006/07/25 12:31:38 | INFO: Starting Servlet Engine: Apache Tomcat/5.0.30
INFO   | jvm 1    | 2006/07/25 12:31:38 | Jul 25, 2006 12:31:38 PM org.apache.catalina.core.StandardHost start
INFO   | jvm 1    | 2006/07/25 12:31:38 | INFO: XML validation disabled
INFO   | jvm 1    | 2006/07/25 12:31:38 | Jul 25, 2006 12:31:38 PM org.apache.catalina.core.StandardHost getDeployer
INFO   | jvm 1    | 2006/07/25 12:31:38 | INFO: Create Host deployer for direct deployment ( non-jmx ) 
INFO   | jvm 1    | 2006/07/25 12:31:38 | Jul 25, 2006 12:31:38 PM org.apache.catalina.core.StandardHostDeployer install
INFO   | jvm 1    | 2006/07/25 12:31:38 | INFO: Processing Context configuration file URL file:D:\TalentpoolInstaller\TalentPool\tomcat\conf\Catalina\localhost\admin.xml
INFO   | jvm 1    | 2006/07/25 12:31:41 | Jul 25, 2006 12:31:41 PM org.apache.catalina.core.StandardHostDeployer install
INFO   | jvm 1    | 2006/07/25 12:31:41 | INFO: Processing Context configuration file URL file:D:\TalentpoolInstaller\TalentPool\tomcat\conf\Catalina\localhost\balancer.xml
INFO   | jvm 1    | 2006/07/25 12:31:41 | Jul 25, 2006 12:31:41 PM org.apache.catalina.core.StandardHostDeployer install
INFO   | jvm 1    | 2006/07/25 12:31:41 | INFO: Processing Context configuration file URL file:D:\TalentpoolInstaller\TalentPool\tomcat\conf\Catalina\localhost\manager.xml
INFO   | jvm 1    | 2006/07/25 12:31:41 | Jul 25, 2006 12:31:41 PM org.apache.catalina.core.StandardHostDeployer install
INFO   | jvm 1    | 2006/07/25 12:31:41 | INFO: Processing Context configuration file URL file:D:\TalentpoolInstaller\TalentPool\tomcat\conf\Catalina\localhost\TalentPool.xml
INFO   | jvm 1    | 2006/07/25 12:31:43 | Jul 25, 2006 12:31:43 PM org.apache.struts.util.PropertyMessageResources <init>
INFO   | jvm 1    | 2006/07/25 12:31:43 | INFO: Initializing, config='org.apache.struts.util.LocalStrings', returnNull=true
INFO   | jvm 1    | 2006/07/25 12:31:43 | Jul 25, 2006 12:31:43 PM org.apache.struts.util.PropertyMessageResources <init>
INFO   | jvm 1    | 2006/07/25 12:31:43 | INFO: Initializing, config='org.apache.struts.action.ActionResources', returnNull=true
INFO   | jvm 1    | 2006/07/25 12:31:44 | Jul 25, 2006 12:31:44 PM org.apache.struts.util.PropertyMessageResources <init>
INFO   | jvm 1    | 2006/07/25 12:31:44 | INFO: Initializing, config='talentpoollabels', returnNull=true
INFO   | jvm 1    | 2006/07/25 12:31:44 | Jul 25, 2006 12:31:44 PM org.apache.catalina.core.StandardHostDeployer install
INFO   | jvm 1    | 2006/07/25 12:31:44 | INFO: Installing web application at context path /jsp-examples from URL file:D:\TalentpoolInstaller\TalentPool\tomcat\webapps\jsp-examples
INFO   | jvm 1    | 2006/07/25 12:31:44 | Jul 25, 2006 12:31:44 PM org.apache.catalina.core.StandardHostDeployer install
INFO   | jvm 1    | 2006/07/25 12:31:44 | INFO: Installing web application at context path  from URL file:D:\TalentpoolInstaller\TalentPool\tomcat\webapps\ROOT
INFO   | jvm 1    | 2006/07/25 12:31:45 | Jul 25, 2006 12:31:44 PM org.apache.catalina.core.StandardHostDeployer install
INFO   | jvm 1    | 2006/07/25 12:31:45 | INFO: Installing web application at context path /servlets-examples from URL file:D:\TalentpoolInstaller\TalentPool\tomcat\webapps\servlets-examples
INFO   | jvm 1    | 2006/07/25 12:31:45 | Jul 25, 2006 12:31:45 PM org.apache.catalina.core.StandardHostDeployer install
INFO   | jvm 1    | 2006/07/25 12:31:45 | INFO: Installing web application at context path /tomcat-docs from URL file:D:\TalentpoolInstaller\TalentPool\tomcat\webapps\tomcat-docs
INFO   | jvm 1    | 2006/07/25 12:31:45 | Jul 25, 2006 12:31:45 PM org.apache.catalina.core.StandardHostDeployer install
INFO   | jvm 1    | 2006/07/25 12:31:45 | INFO: Installing web application at context path /webdav from URL file:D:\TalentpoolInstaller\TalentPool\tomcat\webapps\webdav
INFO   | jvm 1    | 2006/07/25 12:31:45 | Jul 25, 2006 12:31:45 PM org.apache.coyote.http11.Http11Protocol start
INFO   | jvm 1    | 2006/07/25 12:31:45 | INFO: Starting Coyote HTTP/1.1 on http-9090
INFO   | jvm 1    | 2006/07/25 12:31:45 | Jul 25, 2006 12:31:45 PM org.apache.jk.common.ChannelSocket init
INFO   | jvm 1    | 2006/07/25 12:31:45 | INFO: JK2: ajp13 listening on /0.0.0.0:8009
INFO   | jvm 1    | 2006/07/25 12:31:45 | Jul 25, 2006 12:31:45 PM org.apache.jk.server.JkMain start
INFO   | jvm 1    | 2006/07/25 12:31:45 | INFO: Jk running ID=0 time=0/15  config=D:\TalentpoolInstaller\TalentPool\tomcat\conf\jk2.properties
INFO   | jvm 1    | 2006/07/25 12:31:45 | Jul 25, 2006 12:31:45 PM org.apache.catalina.startup.Catalina start
INFO   | jvm 1    | 2006/07/25 12:31:45 | INFO: Server startup in 7047 ms
INFO   | jvm 1    | 2006/07/25 12:33:07 | Jul 25, 2006 12:33:07 PM org.apache.struts.util.PropertyMessageResources <init>
INFO   | jvm 1    | 2006/07/25 12:33:07 | INFO: Initializing, config='org.apache.struts.actions.LocalStrings', returnNull=true
INFO   | jvm 1    | 2006/07/25 12:33:08 | Jul 25, 2006 12:33:07 PM org.apache.struts.util.PropertyMessageResources <init>
INFO   | jvm 1    | 2006/07/25 12:33:08 | INFO: Initializing, config='org.apache.struts.taglib.html.LocalStrings', returnNull=true
INFO   | jvm 1    | 2006/07/25 12:33:08 | Jul 25, 2006 12:33:07 PM org.apache.struts.util.PropertyMessageResources <init>
INFO   | jvm 1    | 2006/07/25 12:33:08 | INFO: Initializing, config='org.apache.struts.util.LocalStrings', returnNull=true
INFO   | jvm 1    | 2006/07/25 12:33:08 | Jul 25, 2006 12:33:07 PM org.apache.struts.util.PropertyMessageResources <init>
INFO   | jvm 1    | 2006/07/25 12:33:08 | INFO: Initializing, config='org.apache.struts.taglib.bean.LocalStrings', returnNull=true
INFO   | jvm 1    | 2006/07/25 12:33:08 | Jul 25, 2006 12:33:08 PM org.apache.struts.util.PropertyMessageResources <init>
INFO   | jvm 1    | 2006/07/25 12:33:08 | INFO: Initializing, config='org.apache.struts.taglib.html.LocalStrings', returnNull=true
INFO   | jvm 1    | 2006/07/25 12:33:08 | Jul 25, 2006 12:33:08 PM org.apache.struts.util.PropertyMessageResources <init>
INFO   | jvm 1    | 2006/07/25 12:33:08 | INFO: Initializing, config='org.apache.struts.taglib.html.LocalStrings', returnNull=true
INFO   | jvm 1    | 2006/07/25 12:33:08 | Jul 25, 2006 12:33:08 PM org.apache.struts.util.PropertyMessageResources <init>
INFO   | jvm 1    | 2006/07/25 12:33:08 | INFO: Initializing, config='org.apache.struts.taglib.html.LocalStrings', returnNull=true
INFO   | jvm 1    | 2006/07/25 12:33:08 | Jul 25, 2006 12:33:08 PM org.apache.struts.util.PropertyMessageResources <init>
INFO   | jvm 1    | 2006/07/25 12:33:08 | INFO: Initializing, config='org.apache.struts.taglib.html.LocalStrings', returnNull=true
STATUS | wrapper  | 2006/07/25 12:33:36 | CTRL-C trapped.  Shutting down.
STATUS | wrapper  | 2006/07/25 12:33:36 | <-- Wrapper Stopped
ERROR  | wrapper  | 2006/07/25 12:34:13 | CreateService failed - The name is already in use as either a service name or a service display name. (0x436)
STATUS | wrapper  | 2006/07/25 12:35:15 | Tomcat for TalentPool installed.
STATUS | wrapper  | 2006/07/25 12:35:34 | --> Wrapper Started as Service
STATUS | wrapper  | 2006/07/25 12:35:34 | Launching a JVM...
INFO   | jvm 1    | 2006/07/25 12:35:35 | Wrapper (Version 3.2.1) http://wrapper.tanukisoftware.org
INFO   | jvm 1    | 2006/07/25 12:35:35 | 
INFO   | jvm 1    | 2006/07/25 12:35:36 | Jul 25, 2006 12:35:36 PM org.apache.coyote.http11.Http11Protocol init
INFO   | jvm 1    | 2006/07/25 12:35:36 | INFO: Initializing Coyote HTTP/1.1 on http-9090
INFO   | jvm 1    | 2006/07/25 12:35:36 | Jul 25, 2006 12:35:36 PM org.apache.catalina.startup.Catalina load
INFO   | jvm 1    | 2006/07/25 12:35:36 | INFO: Initialization processed in 984 ms
INFO   | jvm 1    | 2006/07/25 12:35:36 | Jul 25, 2006 12:35:36 PM org.apache.catalina.core.StandardService start
INFO   | jvm 1    | 2006/07/25 12:35:36 | INFO: Starting service Catalina
INFO   | jvm 1    | 2006/07/25 12:35:36 | Jul 25, 2006 12:35:36 PM org.apache.catalina.core.StandardEngine start
INFO   | jvm 1    | 2006/07/25 12:35:36 | INFO: Starting Servlet Engine: Apache Tomcat/5.0.30
INFO   | jvm 1    | 2006/07/25 12:35:36 | Jul 25, 2006 12:35:36 PM org.apache.catalina.core.StandardHost start
INFO   | jvm 1    | 2006/07/25 12:35:36 | INFO: XML validation disabled
INFO   | jvm 1    | 2006/07/25 12:35:36 | Jul 25, 2006 12:35:36 PM org.apache.catalina.core.StandardHost getDeployer
INFO   | jvm 1    | 2006/07/25 12:35:36 | INFO: Create Host deployer for direct deployment ( non-jmx ) 
INFO   | jvm 1    | 2006/07/25 12:35:36 | Jul 25, 2006 12:35:36 PM org.apache.catalina.core.StandardHostDeployer install
INFO   | jvm 1    | 2006/07/25 12:35:36 | INFO: Processing Context configuration file URL file:D:\TalentpoolInstaller\TalentPool\tomcat\conf\Catalina\localhost\admin.xml
INFO   | jvm 1    | 2006/07/25 12:35:38 | Jul 25, 2006 12:35:38 PM org.apache.catalina.core.StandardHostDeployer install
INFO   | jvm 1    | 2006/07/25 12:35:38 | INFO: Processing Context configuration file URL file:D:\TalentpoolInstaller\TalentPool\tomcat\conf\Catalina\localhost\balancer.xml
INFO   | jvm 1    | 2006/07/25 12:35:38 | Jul 25, 2006 12:35:38 PM org.apache.catalina.core.StandardHostDeployer install
INFO   | jvm 1    | 2006/07/25 12:35:38 | INFO: Processing Context configuration file URL file:D:\TalentpoolInstaller\TalentPool\tomcat\conf\Catalina\localhost\manager.xml
INFO   | jvm 1    | 2006/07/25 12:35:38 | Jul 25, 2006 12:35:38 PM org.apache.catalina.core.StandardHostDeployer install
INFO   | jvm 1    | 2006/07/25 12:35:38 | INFO: Processing Context configuration file URL file:D:\TalentpoolInstaller\TalentPool\tomcat\conf\Catalina\localhost\TalentPool.xml
INFO   | jvm 1    | 2006/07/25 12:35:39 | Jul 25, 2006 12:35:39 PM org.apache.struts.util.PropertyMessageResources <init>
INFO   | jvm 1    | 2006/07/25 12:35:39 | INFO: Initializing, config='org.apache.struts.util.LocalStrings', returnNull=true
INFO   | jvm 1    | 2006/07/25 12:35:39 | Jul 25, 2006 12:35:39 PM org.apache.struts.util.PropertyMessageResources <init>
INFO   | jvm 1    | 2006/07/25 12:35:39 | INFO: Initializing, config='org.apache.struts.action.ActionResources', returnNull=true
INFO   | jvm 1    | 2006/07/25 12:35:39 | Jul 25, 2006 12:35:39 PM org.apache.struts.util.PropertyMessageResources <init>
INFO   | jvm 1    | 2006/07/25 12:35:39 | INFO: Initializing, config='talentpoollabels', returnNull=true
INFO   | jvm 1    | 2006/07/25 12:35:39 | Jul 25, 2006 12:35:39 PM org.apache.catalina.core.StandardHostDeployer install
INFO   | jvm 1    | 2006/07/25 12:35:39 | INFO: Installing web application at context path /jsp-examples from URL file:D:\TalentpoolInstaller\TalentPool\tomcat\webapps\jsp-examples
INFO   | jvm 1    | 2006/07/25 12:35:39 | Jul 25, 2006 12:35:39 PM org.apache.catalina.core.StandardHostDeployer install
INFO   | jvm 1    | 2006/07/25 12:35:39 | INFO: Installing web application at context path  from URL file:D:\TalentpoolInstaller\TalentPool\tomcat\webapps\ROOT
INFO   | jvm 1    | 2006/07/25 12:35:40 | Jul 25, 2006 12:35:39 PM org.apache.catalina.core.StandardHostDeployer install
INFO   | jvm 1    | 2006/07/25 12:35:40 | INFO: Installing web application at context path /servlets-examples from URL file:D:\TalentpoolInstaller\TalentPool\tomcat\webapps\servlets-examples
INFO   | jvm 1    | 2006/07/25 12:35:40 | Jul 25, 2006 12:35:39 PM org.apache.catalina.core.StandardHostDeployer install
INFO   | jvm 1    | 2006/07/25 12:35:40 | INFO: Installing web application at context path /tomcat-docs from URL file:D:\TalentpoolInstaller\TalentPool\tomcat\webapps\tomcat-docs
INFO   | jvm 1    | 2006/07/25 12:35:40 | Jul 25, 2006 12:35:40 PM org.apache.catalina.core.StandardHostDeployer install
INFO   | jvm 1    | 2006/07/25 12:35:40 | INFO: Installing web application at context path /webdav from URL file:D:\TalentpoolInstaller\TalentPool\tomcat\webapps\webdav
INFO   | jvm 1    | 2006/07/25 12:35:40 | Jul 25, 2006 12:35:40 PM org.apache.coyote.http11.Http11Protocol start
INFO   | jvm 1    | 2006/07/25 12:35:40 | INFO: Starting Coyote HTTP/1.1 on http-9090
INFO   | jvm 1    | 2006/07/25 12:35:40 | Jul 25, 2006 12:35:40 PM org.apache.jk.common.ChannelSocket init
INFO   | jvm 1    | 2006/07/25 12:35:40 | INFO: JK2: ajp13 listening on /0.0.0.0:8009
INFO   | jvm 1    | 2006/07/25 12:35:40 | Jul 25, 2006 12:35:40 PM org.apache.jk.server.JkMain start
INFO   | jvm 1    | 2006/07/25 12:35:40 | INFO: Jk running ID=0 time=0/16  config=D:\TalentpoolInstaller\TalentPool\tomcat\conf\jk2.properties
INFO   | jvm 1    | 2006/07/25 12:35:40 | Jul 25, 2006 12:35:40 PM org.apache.catalina.startup.Catalina start
INFO   | jvm 1    | 2006/07/25 12:35:40 | INFO: Server startup in 3829 ms
INFO   | jvm 1    | 2006/07/25 12:35:43 | Jul 25, 2006 12:35:43 PM org.apache.struts.util.PropertyMessageResources <init>
INFO   | jvm 1    | 2006/07/25 12:35:43 | INFO: Initializing, config='org.apache.struts.actions.LocalStrings', returnNull=true
INFO   | jvm 1    | 2006/07/25 12:35:43 | Jul 25, 2006 12:35:43 PM org.apache.struts.util.PropertyMessageResources <init>
INFO   | jvm 1    | 2006/07/25 12:35:43 | INFO: Initializing, config='org.apache.struts.taglib.html.LocalStrings', returnNull=true
INFO   | jvm 1    | 2006/07/25 12:35:43 | Jul 25, 2006 12:35:43 PM org.apache.struts.util.PropertyMessageResources <init>
INFO   | jvm 1    | 2006/07/25 12:35:43 | INFO: Initializing, config='org.apache.struts.util.LocalStrings', returnNull=true
INFO   | jvm 1    | 2006/07/25 12:35:43 | Jul 25, 2006 12:35:43 PM org.apache.struts.util.PropertyMessageResources <init>
INFO   | jvm 1    | 2006/07/25 12:35:43 | INFO: Initializing, config='org.apache.struts.taglib.bean.LocalStrings', returnNull=true
INFO   | jvm 1    | 2006/07/25 12:35:43 | Jul 25, 2006 12:35:43 PM org.apache.struts.util.PropertyMessageResources <init>
INFO   | jvm 1    | 2006/07/25 12:35:43 | INFO: Initializing, config='org.apache.struts.taglib.html.LocalStrings', returnNull=true
INFO   | jvm 1    | 2006/07/25 12:35:43 | Jul 25, 2006 12:35:43 PM org.apache.struts.util.PropertyMessageResources <init>
INFO   | jvm 1    | 2006/07/25 12:35:43 | INFO: Initializing, config='org.apache.struts.taglib.html.LocalStrings', returnNull=true
INFO   | jvm 1    | 2006/07/25 12:35:43 | Jul 25, 2006 12:35:43 PM org.apache.struts.util.PropertyMessageResources <init>
INFO   | jvm 1    | 2006/07/25 12:35:43 | INFO: Initializing, config='org.apache.struts.taglib.html.LocalStrings', returnNull=true
INFO   | jvm 1    | 2006/07/25 12:35:43 | Jul 25, 2006 12:35:43 PM org.apache.struts.util.PropertyMessageResources <init>
INFO   | jvm 1    | 2006/07/25 12:35:43 | INFO: Initializing, config='org.apache.struts.taglib.html.LocalStrings', returnNull=true
INFO   | jvm 1    | 2006/07/25 12:35:55 | Jul 25, 2006 12:35:55 PM org.apache.struts.util.PropertyMessageResources <init>
INFO   | jvm 1    | 2006/07/25 12:35:55 | INFO: Initializing, config='org.apache.struts.taglib.bean.LocalStrings', returnNull=true
INFO   | jvm 1    | 2006/07/25 12:35:55 | Jul 25, 2006 12:35:55 PM org.apache.struts.util.PropertyMessageResources <init>
INFO   | jvm 1    | 2006/07/25 12:35:55 | INFO: Initializing, config='org.apache.struts.taglib.logic.LocalStrings', returnNull=true
INFO   | jvm 1    | 2006/07/25 12:35:55 | Jul 25, 2006 12:35:55 PM org.apache.struts.util.PropertyMessageResources <init>
INFO   | jvm 1    | 2006/07/25 12:35:55 | INFO: Initializing, config='org.apache.struts.taglib.bean.LocalStrings', returnNull=true
STATUS | wrapper  | 2006/07/25 12:43:04 | --> Wrapper Started as Console
STATUS | wrapper  | 2006/07/25 12:43:05 | Launching a JVM...
FATAL  | wrapper  | 2006/07/25 12:43:05 | Unable to execute Java command.  The system cannot find the file specified. (0x2)
FATAL  | wrapper  | 2006/07/25 12:43:05 |     "$SYSDIR\java" -Djava.library.path="../common/lib" -classpath "../common/lib/wrapper.jar;D:\Apps\JDK1_4_2/lib/tools.jar;D:/TalentpoolInstaller/TalentPool/config;../bin/bootstrap.jar" -Dwrapper.key="BVFiuVdk3N1ZxTrB" -Dwrapper.port=32001 -Dwrapper.jvm.port.min=31000 -Dwrapper.jvm.port.max=31999 -Dwrapper.pid=2492 -Dwrapper.version="3.2.1" -Dwrapper.native_library="wrapper" -Dwrapper.cpu.timeout="10" -Dwrapper.jvmid=1 org.tanukisoftware.wrapper.WrapperSimpleApp org.apache.catalina.startup.Bootstrap
FATAL  | wrapper  | 2006/07/25 12:43:05 | Critical error: wait for JVM process failed
STATUS | wrapper  | 2006/07/25 12:43:54 | <-- Wrapper Stopped
STATUS | wrapper  | 2006/07/25 12:44:22 | --> Wrapper Started as Console
STATUS | wrapper  | 2006/07/25 12:44:22 | Launching a JVM...
INFO   | jvm 1    | 2006/07/25 12:44:23 | Wrapper (Version 3.2.1) http://wrapper.tanukisoftware.org
INFO   | jvm 1    | 2006/07/25 12:44:23 | 
INFO   | jvm 1    | 2006/07/25 12:44:25 | Jul 25, 2006 12:44:25 PM org.apache.coyote.http11.Http11Protocol init
INFO   | jvm 1    | 2006/07/25 12:44:25 | INFO: Initializing Coyote HTTP/1.1 on http-9090
INFO   | jvm 1    | 2006/07/25 12:44:25 | Jul 25, 2006 12:44:25 PM org.apache.catalina.startup.Catalina load
INFO   | jvm 1    | 2006/07/25 12:44:25 | INFO: Initialization processed in 1141 ms
INFO   | jvm 1    | 2006/07/25 12:44:25 | Jul 25, 2006 12:44:25 PM org.apache.catalina.core.StandardService start
INFO   | jvm 1    | 2006/07/25 12:44:25 | INFO: Starting service Catalina
INFO   | jvm 1    | 2006/07/25 12:44:25 | Jul 25, 2006 12:44:25 PM org.apache.catalina.core.StandardEngine start
INFO   | jvm 1    | 2006/07/25 12:44:25 | INFO: Starting Servlet Engine: Apache Tomcat/5.0.30
INFO   | jvm 1    | 2006/07/25 12:44:25 | Jul 25, 2006 12:44:25 PM org.apache.catalina.core.StandardHost start
INFO   | jvm 1    | 2006/07/25 12:44:25 | INFO: XML validation disabled
INFO   | jvm 1    | 2006/07/25 12:44:25 | Jul 25, 2006 12:44:25 PM org.apache.catalina.core.StandardHost getDeployer
INFO   | jvm 1    | 2006/07/25 12:44:25 | INFO: Create Host deployer for direct deployment ( non-jmx ) 
INFO   | jvm 1    | 2006/07/25 12:44:25 | Jul 25, 2006 12:44:25 PM org.apache.catalina.core.StandardHostDeployer install
INFO   | jvm 1    | 2006/07/25 12:44:25 | INFO: Processing Context configuration file URL file:D:\TalentpoolInstaller\TalentPool\tomcat\conf\Catalina\localhost\admin.xml
INFO   | jvm 1    | 2006/07/25 12:44:28 | Jul 25, 2006 12:44:28 PM org.apache.catalina.core.StandardHostDeployer install
INFO   | jvm 1    | 2006/07/25 12:44:28 | INFO: Processing Context configuration file URL file:D:\TalentpoolInstaller\TalentPool\tomcat\conf\Catalina\localhost\balancer.xml
INFO   | jvm 1    | 2006/07/25 12:44:28 | Jul 25, 2006 12:44:28 PM org.apache.catalina.core.StandardHostDeployer install
INFO   | jvm 1    | 2006/07/25 12:44:28 | INFO: Processing Context configuration file URL file:D:\TalentpoolInstaller\TalentPool\tomcat\conf\Catalina\localhost\manager.xml
INFO   | jvm 1    | 2006/07/25 12:44:28 | Jul 25, 2006 12:44:28 PM org.apache.catalina.core.StandardHostDeployer install
INFO   | jvm 1    | 2006/07/25 12:44:28 | INFO: Processing Context configuration file URL file:D:\TalentpoolInstaller\TalentPool\tomcat\conf\Catalina\localhost\TalentPool.xml
INFO   | jvm 1    | 2006/07/25 12:44:29 | Jul 25, 2006 12:44:29 PM org.apache.struts.util.PropertyMessageResources <init>
INFO   | jvm 1    | 2006/07/25 12:44:29 | INFO: Initializing, config='org.apache.struts.util.LocalStrings', returnNull=true
INFO   | jvm 1    | 2006/07/25 12:44:29 | Jul 25, 2006 12:44:29 PM org.apache.struts.util.PropertyMessageResources <init>
INFO   | jvm 1    | 2006/07/25 12:44:29 | INFO: Initializing, config='org.apache.struts.action.ActionResources', returnNull=true
INFO   | jvm 1    | 2006/07/25 12:44:30 | Jul 25, 2006 12:44:30 PM org.apache.struts.util.PropertyMessageResources <init>
INFO   | jvm 1    | 2006/07/25 12:44:30 | INFO: Initializing, config='talentpoollabels', returnNull=true
INFO   | jvm 1    | 2006/07/25 12:44:30 | Jul 25, 2006 12:44:30 PM org.apache.catalina.core.StandardHostDeployer install
INFO   | jvm 1    | 2006/07/25 12:44:30 | INFO: Installing web application at context path /jsp-examples from URL file:D:\TalentpoolInstaller\TalentPool\tomcat\webapps\jsp-examples
INFO   | jvm 1    | 2006/07/25 12:44:30 | Jul 25, 2006 12:44:30 PM org.apache.catalina.core.StandardHostDeployer install
INFO   | jvm 1    | 2006/07/25 12:44:30 | INFO: Installing web application at context path  from URL file:D:\TalentpoolInstaller\TalentPool\tomcat\webapps\ROOT
INFO   | jvm 1    | 2006/07/25 12:44:30 | Jul 25, 2006 12:44:30 PM org.apache.catalina.core.StandardHostDeployer install
INFO   | jvm 1    | 2006/07/25 12:44:30 | INFO: Installing web application at context path /servlets-examples from URL file:D:\TalentpoolInstaller\TalentPool\tomcat\webapps\servlets-examples
INFO   | jvm 1    | 2006/07/25 12:44:30 | Jul 25, 2006 12:44:30 PM org.apache.catalina.core.StandardHostDeployer install
INFO   | jvm 1    | 2006/07/25 12:44:30 | INFO: Installing web application at context path /tomcat-docs from URL file:D:\TalentpoolInstaller\TalentPool\tomcat\webapps\tomcat-docs
INFO   | jvm 1    | 2006/07/25 12:44:30 | Jul 25, 2006 12:44:30 PM org.apache.catalina.core.StandardHostDeployer install
INFO   | jvm 1    | 2006/07/25 12:44:30 | INFO: Installing web application at context path /webdav from URL file:D:\TalentpoolInstaller\TalentPool\tomcat\webapps\webdav
INFO   | jvm 1    | 2006/07/25 12:44:30 | Jul 25, 2006 12:44:30 PM org.apache.coyote.http11.Http11Protocol start
INFO   | jvm 1    | 2006/07/25 12:44:30 | INFO: Starting Coyote HTTP/1.1 on http-9090
INFO   | jvm 1    | 2006/07/25 12:44:30 | Jul 25, 2006 12:44:30 PM org.apache.jk.common.ChannelSocket init
INFO   | jvm 1    | 2006/07/25 12:44:30 | INFO: JK2: ajp13 listening on /0.0.0.0:8009
INFO   | jvm 1    | 2006/07/25 12:44:30 | Jul 25, 2006 12:44:30 PM org.apache.jk.server.JkMain start
INFO   | jvm 1    | 2006/07/25 12:44:30 | INFO: Jk running ID=0 time=0/16  config=D:\TalentpoolInstaller\TalentPool\tomcat\conf\jk2.properties
INFO   | jvm 1    | 2006/07/25 12:44:30 | Jul 25, 2006 12:44:30 PM org.apache.catalina.startup.Catalina start
INFO   | jvm 1    | 2006/07/25 12:44:30 | INFO: Server startup in 5203 ms
STATUS | wrapper  | 2006/07/25 12:44:37 | CTRL-C trapped.  Shutting down.
STATUS | wrapper  | 2006/07/25 12:44:37 | <-- Wrapper Stopped
STATUS | wrapper  | 2006/07/25 12:44:41 | Tomcat for TalentPool - 2 installed.
STATUS | wrapper  | 2006/07/25 12:45:22 | --> Wrapper Started as Service
STATUS | wrapper  | 2006/07/25 12:45:22 | Launching a JVM...
INFO   | jvm 1    | 2006/07/25 12:45:22 | Wrapper (Version 3.2.1) http://wrapper.tanukisoftware.org
INFO   | jvm 1    | 2006/07/25 12:45:22 | 
INFO   | jvm 1    | 2006/07/25 12:45:23 | Jul 25, 2006 12:45:23 PM org.apache.coyote.http11.Http11Protocol init
INFO   | jvm 1    | 2006/07/25 12:45:23 | INFO: Initializing Coyote HTTP/1.1 on http-9090
INFO   | jvm 1    | 2006/07/25 12:45:24 | Jul 25, 2006 12:45:23 PM org.apache.catalina.startup.Catalina load
INFO   | jvm 1    | 2006/07/25 12:45:24 | INFO: Initialization processed in 812 ms
INFO   | jvm 1    | 2006/07/25 12:45:24 | Jul 25, 2006 12:45:24 PM org.apache.catalina.core.StandardService start
INFO   | jvm 1    | 2006/07/25 12:45:24 | INFO: Starting service Catalina
INFO   | jvm 1    | 2006/07/25 12:45:24 | Jul 25, 2006 12:45:24 PM org.apache.catalina.core.StandardEngine start
INFO   | jvm 1    | 2006/07/25 12:45:24 | INFO: Starting Servlet Engine: Apache Tomcat/5.0.30
INFO   | jvm 1    | 2006/07/25 12:45:24 | Jul 25, 2006 12:45:24 PM org.apache.catalina.core.StandardHost start
INFO   | jvm 1    | 2006/07/25 12:45:24 | INFO: XML validation disabled
INFO   | jvm 1    | 2006/07/25 12:45:24 | Jul 25, 2006 12:45:24 PM org.apache.catalina.core.StandardHost getDeployer
INFO   | jvm 1    | 2006/07/25 12:45:24 | INFO: Create Host deployer for direct deployment ( non-jmx ) 
INFO   | jvm 1    | 2006/07/25 12:45:24 | Jul 25, 2006 12:45:24 PM org.apache.catalina.core.StandardHostDeployer install
INFO   | jvm 1    | 2006/07/25 12:45:24 | INFO: Processing Context configuration file URL file:D:\TalentpoolInstaller\TalentPool\tomcat\conf\Catalina\localhost\admin.xml
INFO   | jvm 1    | 2006/07/25 12:45:26 | Jul 25, 2006 12:45:26 PM org.apache.catalina.core.StandardHostDeployer install
INFO   | jvm 1    | 2006/07/25 12:45:26 | INFO: Processing Context configuration file URL file:D:\TalentpoolInstaller\TalentPool\tomcat\conf\Catalina\localhost\balancer.xml
INFO   | jvm 1    | 2006/07/25 12:45:26 | Jul 25, 2006 12:45:26 PM org.apache.catalina.core.StandardHostDeployer install
INFO   | jvm 1    | 2006/07/25 12:45:26 | INFO: Processing Context configuration file URL file:D:\TalentpoolInstaller\TalentPool\tomcat\conf\Catalina\localhost\manager.xml
INFO   | jvm 1    | 2006/07/25 12:45:26 | Jul 25, 2006 12:45:26 PM org.apache.catalina.core.StandardHostDeployer install
INFO   | jvm 1    | 2006/07/25 12:45:26 | INFO: Processing Context configuration file URL file:D:\TalentpoolInstaller\TalentPool\tomcat\conf\Catalina\localhost\TalentPool.xml
INFO   | jvm 1    | 2006/07/25 12:45:27 | Jul 25, 2006 12:45:27 PM org.apache.struts.util.PropertyMessageResources <init>
INFO   | jvm 1    | 2006/07/25 12:45:27 | INFO: Initializing, config='org.apache.struts.util.LocalStrings', returnNull=true
INFO   | jvm 1    | 2006/07/25 12:45:27 | Jul 25, 2006 12:45:27 PM org.apache.struts.util.PropertyMessageResources <init>
INFO   | jvm 1    | 2006/07/25 12:45:27 | INFO: Initializing, config='org.apache.struts.action.ActionResources', returnNull=true
INFO   | jvm 1    | 2006/07/25 12:45:27 | Jul 25, 2006 12:45:27 PM org.apache.struts.util.PropertyMessageResources <init>
INFO   | jvm 1    | 2006/07/25 12:45:27 | INFO: Initializing, config='talentpoollabels', returnNull=true
INFO   | jvm 1    | 2006/07/25 12:45:27 | Jul 25, 2006 12:45:27 PM org.apache.catalina.core.StandardHostDeployer install
INFO   | jvm 1    | 2006/07/25 12:45:27 | INFO: Installing web application at context path /jsp-examples from URL file:D:\TalentpoolInstaller\TalentPool\tomcat\webapps\jsp-examples
INFO   | jvm 1    | 2006/07/25 12:45:27 | Jul 25, 2006 12:45:27 PM org.apache.catalina.core.StandardHostDeployer install
INFO   | jvm 1    | 2006/07/25 12:45:27 | INFO: Installing web application at context path  from URL file:D:\TalentpoolInstaller\TalentPool\tomcat\webapps\ROOT
INFO   | jvm 1    | 2006/07/25 12:45:27 | Jul 25, 2006 12:45:27 PM org.apache.catalina.core.StandardHostDeployer install
INFO   | jvm 1    | 2006/07/25 12:45:27 | INFO: Installing web application at context path /servlets-examples from URL file:D:\TalentpoolInstaller\TalentPool\tomcat\webapps\servlets-examples
INFO   | jvm 1    | 2006/07/25 12:45:27 | Jul 25, 2006 12:45:27 PM org.apache.catalina.core.StandardHostDeployer install
INFO   | jvm 1    | 2006/07/25 12:45:27 | INFO: Installing web application at context path /tomcat-docs from URL file:D:\TalentpoolInstaller\TalentPool\tomcat\webapps\tomcat-docs
INFO   | jvm 1    | 2006/07/25 12:45:27 | Jul 25, 2006 12:45:27 PM org.apache.catalina.core.StandardHostDeployer install
INFO   | jvm 1    | 2006/07/25 12:45:27 | INFO: Installing web application at context path /webdav from URL file:D:\TalentpoolInstaller\TalentPool\tomcat\webapps\webdav
INFO   | jvm 1    | 2006/07/25 12:45:27 | Jul 25, 2006 12:45:27 PM org.apache.coyote.http11.Http11Protocol start
INFO   | jvm 1    | 2006/07/25 12:45:27 | INFO: Starting Coyote HTTP/1.1 on http-9090
INFO   | jvm 1    | 2006/07/25 12:45:27 | Jul 25, 2006 12:45:27 PM org.apache.jk.common.ChannelSocket init
INFO   | jvm 1    | 2006/07/25 12:45:27 | INFO: JK2: ajp13 listening on /0.0.0.0:8009
INFO   | jvm 1    | 2006/07/25 12:45:27 | Jul 25, 2006 12:45:27 PM org.apache.jk.server.JkMain start
INFO   | jvm 1    | 2006/07/25 12:45:27 | INFO: Jk running ID=0 time=0/16  config=D:\TalentpoolInstaller\TalentPool\tomcat\conf\jk2.properties
INFO   | jvm 1    | 2006/07/25 12:45:27 | Jul 25, 2006 12:45:27 PM org.apache.catalina.startup.Catalina start
INFO   | jvm 1    | 2006/07/25 12:45:27 | INFO: Server startup in 3969 ms
INFO   | jvm 1    | 2006/07/25 12:45:29 | Jul 25, 2006 12:45:29 PM org.apache.struts.util.PropertyMessageResources <init>
INFO   | jvm 1    | 2006/07/25 12:45:29 | INFO: Initializing, config='org.apache.struts.actions.LocalStrings', returnNull=true
INFO   | jvm 1    | 2006/07/25 12:45:29 | Jul 25, 2006 12:45:29 PM org.apache.struts.util.PropertyMessageResources <init>
INFO   | jvm 1    | 2006/07/25 12:45:29 | INFO: Initializing, config='org.apache.struts.taglib.html.LocalStrings', returnNull=true
INFO   | jvm 1    | 2006/07/25 12:45:29 | Jul 25, 2006 12:45:29 PM org.apache.struts.util.PropertyMessageResources <init>
INFO   | jvm 1    | 2006/07/25 12:45:29 | INFO: Initializing, config='org.apache.struts.util.LocalStrings', returnNull=true
INFO   | jvm 1    | 2006/07/25 12:45:29 | Jul 25, 2006 12:45:29 PM org.apache.struts.util.PropertyMessageResources <init>
INFO   | jvm 1    | 2006/07/25 12:45:29 | INFO: Initializing, config='org.apache.struts.taglib.bean.LocalStrings', returnNull=true
INFO   | jvm 1    | 2006/07/25 12:45:29 | Jul 25, 2006 12:45:29 PM org.apache.struts.util.PropertyMessageResources <init>
INFO   | jvm 1    | 2006/07/25 12:45:29 | INFO: Initializing, config='org.apache.struts.taglib.html.LocalStrings', returnNull=true
INFO   | jvm 1    | 2006/07/25 12:45:29 | Jul 25, 2006 12:45:29 PM org.apache.struts.util.PropertyMessageResources <init>
INFO   | jvm 1    | 2006/07/25 12:45:29 | INFO: Initializing, config='org.apache.struts.taglib.html.LocalStrings', returnNull=true
INFO   | jvm 1    | 2006/07/25 12:45:29 | Jul 25, 2006 12:45:29 PM org.apache.struts.util.PropertyMessageResources <init>
INFO   | jvm 1    | 2006/07/25 12:45:29 | INFO: Initializing, config='org.apache.struts.taglib.html.LocalStrings', returnNull=true
INFO   | jvm 1    | 2006/07/25 12:45:29 | Jul 25, 2006 12:45:29 PM org.apache.struts.util.PropertyMessageResources <init>
INFO   | jvm 1    | 2006/07/25 12:45:29 | INFO: Initializing, config='org.apache.struts.taglib.html.LocalStrings', returnNull=true
STATUS | wrapper  | 2006/07/25 13:15:50 | Service is running.  Stopping it...
STATUS | wrapper  | 2006/07/25 13:15:53 | <-- Wrapper Stopped
STATUS | wrapper  | 2006/07/25 13:15:55 | Tomcat for TalentPool - 2 stopped.
STATUS | wrapper  | 2006/07/25 13:15:55 | Tomcat for TalentPool - 2 removed.
