aberdeen
alipur
anowa
arong
austinabad
bajajag
bamboo flat
bananga
beadonabad
bengala
betapur
bindraban
birchganj
bonington
brookesabad
bumlitan
calicut
chanumia
chanumla
chetamale
chingenh
dakoank
diglipur
dolyganj
enounga
eoya
garacherama
geinyale
goplakabang
haddo
haoin
hastmatabad
henhoaha
henoaha
henpoin
heoin
herberiabad
herbertabad
heya
hinam
hobdaypur
homfrayganj
hope town
ignoitijala
ilichar
inaka
ingoie
ingoitijala
jalebar
jangli ghat
kakana
kanalla
karen
karen village
kartara
keaiya
keaiya
kemios
kerawa
kimus
kwachengui
kwate tu kwage
laful
laksi
lapate
lopate
maimyo
malacca
malappuram
manglutan
manjeri
mannar ghat
manpur
maru
mathura
mayabandar
mitha khari
mohean
moshoit
mus
nachuge
namunaghar
oallorong
obate
olenchi
oukchaung
oukchong
pahlagaon
pahua
palalankwe
passa
patau
patua
perka
phaiapong
po'shat
poahat
port blair
protheroepu
protheroepur
pulo bakka
pulo kunji
rangachang
rongat
sabari
sanenya
sawai
sawi
shadipur
shake
stewartganj
tabiag
tafwap
talaram
talarom
tamala
tamalco
tamalu
tapivang
tapiyang
tapuye
taylerabad
temain
tenlaa
thaiapong
titaije
titaiji
tochangedu
toibalawe
toibalewe
toinyugeda
tusonabad
union territory of andaman and nicobar islands
wimberleyganj
wrightmyo
yadita
abdullapur
achampet
achhayyapalli
achnapalli
adampur
addanki
addatigala
adibatla
adilabad
adilabad
adiyi masjid
adoni
aduripalle
advi devalpalli
aghapalli
agiripalle
agrahar
agraharam
ahmadguda
ahmadipur
ahobilam
aiiamari
ainavolu
akaram
akawaram
akharjapet
akividu
akkivaram
akkuvaram
aklvidu
akunpalli
alamanda
alampur
alamuru
albaka
aleru
aliabad
aliguda
alipur
alirajapet
aljahdurg
allagadda
allahdrug
allahdurg
allahdurug
allahpur
allapalli
allur
allur
alluru
alluru
almaipet
alturti
alur
alur
alur
aluru
amalapuram
amancherla
amangal
amarapur
amarapuram
amaravati
amarchinta
amatkur
ambarpet
ambarpet
ambarpet
ambarpet kalan
amdapur
amirpet
amjapur
ammalapadu
ammanabrole
ammanabrolu
ammapur
ammavaripalem
ampalam
amrabad
amsanpalli
amudalavalasa
amur
anajpur
anajpur
anajpur
anakapalle
anamasamudrampeta
anantagiripalli
anantamadugu
anantapur
anantapuramu
anantaram
anantaram
anantasagaram
anantasagram
anantsagar
andol
andra
angripet
ankalampadu
ankraddipalli
ankral
ankreddipalli
annapareddipalle
annaram
annaram
annasagar
annavaram
anojiguda
antaigudam
antammagudam
antampet
antaram
antarvedi
antarvedidalem
antarvedipalem
anthredigudam
anumalkuduru
anwaram
appanapalli
appikatla
araku
aratla
ardavidu
areguda
aregudam
ariman chelka
arkalguda
armagon
arsiyaguda
aruru
arutla
arvapuram
asadganj
asafabad
asanad
ashwaraopet
asifabad
aspari
atamkur
athmakur
atmakur
atmakur
atmakur
atmakur
atmakur
atmakuru
attalli
attili
austmapur
avagudem
avalakonda
avaleonda
avancha
avanigadda
avuku
avulamanda
ayirala
babaipalli
babulgaon
bachnaipalli
badahapur
bade shahguda
badgoni
badvel
bagdapalli
bagiratpalli
bahadurpalli
bahmanlapalli
baipille
baireddipalle
baireddirpalle
bakawaram
balanagar
balapalapalle
balapanuru
balapur
balijipeta
balimpur
balkonda
ballipalle
bamanlapalli
bamanpalli
bamraspet
banaganapalli
banda somaram
bandalemur
bandamurlanka
bandar
bandar fort
bandarupalle
bandi atmakuru
bandlaguda
bangampet
banganapalle
banganapilly
bangarpett
bangarupet
bangarupeta
banjapalli
banola
banswada
bantumilli
bapatla
baridpur
barkhanpalli
baruva
basar
basarampel
bashirabad
baswapur
baswapur
baswapur
batasingaram
battili
battulapalle
battulapallepadu
battulapallipadu
bayaram
begampet
begampet
begampet
begampett
bela
bellala
bellary
beluguppa
bendgai
beraguda
beripeta
bestavarapeta
bestavarapupeta
betamcherla
bezawada
bezwada
bhadrachalam
bhadrachellam road
bhaganagar
bhagirathiguda
bhainsa
bhairi
bhaisa
bhakarapet
bhakarapeta
bhakarapeta
bhanur
bhattiprolu
bhattuguda
bhavanipuram
bheemunipatnam
bhimadol
bhimadolu
bhimanapalli
bhimavaram
bhimra
bhimunipatnam
bhogapuram
bhongir
biatul
bibinagar
bibipet
bibra
bichgaon
bichkonda
bichkunda
bijnapalli
bikkavolu
biknur
bimgal
bimlipatam
biradavolu
biramguda
birkur
bitragunta
boath
bobbarlanka
bobbili
bodakonda
bodampahad
bodhan
bodupatia
bokaiguda
bolarum
bollepalli
bomaipalli
bomaram
bommakal
bonagi
bonakalu
bonangi
bondoniguda
bongulur
bontapalli
bopapur
boragpalli
borancha
borgampad
borgamphad
both
botuguda
brahmanguda
brahmarapet
buchchiretidipalem
buchhiguda
buchireddipalem
buckinghampet
budarasingi
buddlu
budithapalem
budrel
bugga
bukkapatnam
bulkapur
bunaid
buravalli
burrakayalakota
busikota
buthpur
byrampalli
byrey
cadelagudem
calingapatam
callingapatam
chagalamarri
chagallu
chagalmurri
chaganam
chagaon
chagur
chakicherla
chalakuru
chalkapalli
chalkurti
challapalle
chalmeda
chandalur
chandaluru
chandampet
chandampet
chandanvelli
chandapet
chandapur
chandi
chandippa
chandragiri
chandraka
chandrakal
chandrasekharapuram
chandrupatla
chandupatla
chandur
changomal
channaballi
chantapalli
chanugondla
chapalturti
chapara
chaptkur
charakunda
charlapalli
charlapalli
chatagotla
chatakonda
chatlapalli
chattram
chaudarpalli
chaudepalle
chaudharpalli
chaudharpalli
chaulpalli
chavutapalem
chebrolu
chejerla
chelama
chelima
chelur
chelvai
chemudu
chenduguda
chengi cherla
chennur
chennur
chennuru
cheparti
cherial
cherial
cherial
cherigudam
cherla
cherlopalle
cherlopalle
cherlopalle
cherlopalli
cheropalli
cherukuru
chevella
chicacole
chided
chikatmamidi
chikupalle
chilakalurupet
chilamannuru
chilamatturu
chilapchad
chilkamari
chilkamari
chilkur
chillaguda
chillakur
chillapur
chillasagar
chillur
chimaidari
chimakurti
chimata
chimidithe
chimirala
chinaganjam
chinapallipalem
chinatundla
chinchod
chinna ganjam
chinna kondur
chinna manglaram
chinna palipeta
chinna umetal
chinnakraka
chinnamandem
chinnanallaballi
chinnapailepalem
chinnapallepalem
chinnapalli petta
chinnareddiguda
chinnur
chintafpalli
chintaguda
chintakani
chintakunta
chintakunta
chintaladevi
chintalaguda
chintalapudi
chintalbhawi
chintalcheru
chintalkot
chintalkunta
chintalpalli
chintapalle
chintapalli
chintapatla
chinturu
chippalpalli
chippigiri
chipurupalle
chiraghpalli
chirakpalli
chirala
chiramana
chirrayanam
chitial
chitkul
chitkul
chitrial
chittampalli
chittapuram
chittavalsa
chittavapalle
chittavapalli
chittigudur
chittiguduru
chittivalasa
chittivalsa
chittoor
chittor
chitturu
chitvel
chityal
chodavaram
chodavaram
chopadandi
chunda
chundi
cittiguduru
cocanada
coconada
collapalli
coringa
cuddapah
cumbum
dabliguda
dacharam
dachepalle
dachur
dachuru
dadiapalli
dakuntapalli
dakur
damalcheruvu
damarcherla
damargidda
damarigidda
damera
dammaiguda
dammapeta
damokpalli
damrancha
danayanicheruvu
dandanpalli
dandinahirehalu
dantur
daolapalli
dargah
darsi
darur
dasareddiguda
dasarlapalli
dasnalkunta
dataipalli
datarpalli
datarpalli
datpalli
daulapur
daulatabad
daulatabad
daulatabad
dawalapur
dayelli
degapudi
demi
deorampalli
derarapalle
devada
devada
devadi
devalamma nagaram
devanakonda
devapur
devarapalle
devaravemuru
devarkadra
devarkonda
devatapalli
dhandaparti
dhanpalli
dhanvada
dhanwada
dharakonda
dharmajigudem
dharmakunta
dharmapuri
dharmaram
dharmaram
dharmaram
dharmavaram
dharur
dharur
dhobipet
dhone
dhundgol
diarampalli
dichpalli
diguvametta
digvol
digwal
dilalpur
dipampalli
domah
dommarapochampalli
donakonda
dondaparti
dontali
donti
doranala
dornakal
dosapadu
dosuwada
dotiguda
dowlaishwaram
dowlaiswaram
draksharama
dubacherla
dubacherla
dubak
dudada
duddagh
duddukuru
dudgaon
dudukur
dugarajupatnam
dugarazpatam
dugarazpatnam
dugarazupatnam
duggirala
dulapalli
dummagudem
dundigal
dupad
dupadu
durgarajupatnam
durgi
duthalur
duttaluru
duvvam
duvvuru
dwarapudi
east godavari
edlabad
edpalli
edularepaku
ektaraliguda
elamanchili
elesvaram
elgapalli
elkaguda
elkatta
ellampet
ellanuru
ellasenpet
ellasiri
ellore
eluru
elwinpet
emaluru
emmiganur
emmiganuru
enmulanara
ennelli
erampalli
erpedu
errabalem
erragondapalem
erragudipadu
erragundapalem
erraguntla
erraguntla
erraguntlakota
erraraddipalli
erravaripalem
eruru
esojipet
etikoppaka
fakirbanda
fakirgudem
famalparti
farahabad
faridabad
farrukhnagar
fatimapur
fazlwadi
fyzabad
gadekallu
gadelagudem
gadidemadugu
gadigarevula
gadwal
gajapatinagaram
gajjelakonda
gajulagudam
gajwel
galivedu
galurguda
gampalagudem
ganapavaram
ganapur
ganapuram
gandamarla
gandhari
gandipet
gandlamasnur
ganga ravapalli
gangadevepalle
ganganguda
gangapatnam
gangapur
gangarajumadugula
gangarajumadugulu
gangaram
gangaram
gangasanpalli
gangayapalle
gangireddipalle
gangireddipalli
gangulur
ganguvada
gangyada
gani
ganjivaripalle
gannavaram
gannavaram
ganporam
gantapur
gantikorlam
gantlavelli
gara
garbham
garimanipenta
garimenapenta
gariparon
garladinne
garladinne
garnimitta
gattimanikonda
gaudavalli
gaudelli
gauliguda
gauraipalli
gauraram
gaurelli
gauripalli
ghambiraopet
ghanpur
ghanpur
ghanpur
ghantasala
ghatkesar
ghatpalli
ghattu
ghattupal
ghouskunda
ghousnagar
ghut
giddalur
giripalli
gnanapuram
godamkunta
godavari
gogulapalle
gokaram
gokaram
gokavaram
golcondakata
golegal
golepalli
golla
gollagudem
gollapalem
gollapalem
gollapalem
gollapalle
gollapalle
gollapalli
gollapalli
gollapalli
gollapalli
gollapalli
gollapalli
gollapalli
gollapudi
golpalli
golur
gomaram
gomasipet
gondapur
gonegandia
gonegandla
gooty
gopala singavaram
gopalapuram
gopalour
gopalpur
gopalur
gopanpalli
gopavaram
goplaram
goppili
gorantla
gorelli
gotlagattu
govindapuram
govindapuram
govindrajpalli
govundlapalem
griddaluru
gudali
gudavallaru
guddi malkapur
gudem
gudikal
gudikallu
gudivada
gudlavalleru
gudlur
gudluru
gudur
gudur
gudur
gudur
gudur
guduru
gujgatiapalli
gujja
gulvagudam
gumadavelli
gumardalla
gunadala
gundaid
gundala
gundala
gundiguda
gundipet
gundla pochampalli
gundlabrahmeswaram
gundlakonda
gundlapalli
gundmal
gundrampalli
gundugolanu
gungal
guntakai
guntakal
guntapalli
guntur
guramguda
gurampod
gurannapet
gurjikunta
gurraldandi
gurramkonda
gurrumkonda
gurtedu
guruvajipeta
guruzala
guttur
gutturu
guvvalacheruvu
hadobhangi
haidar sahibguda
hakimet
hakimpet
halvi
hamidullahnagar
hanamkonda
hanmapur
hanumakonda
hardaspur
haripur
haripuram
harivanam
hasanabad
hasanparti
hastalpur
hatnur
hatnura
hayatnagar
hebbetti
himayatnagar
hindupur
hiramandalam
holalagondi
holalagundi
honnuru
honwada
hosuru
husain sawali dargah
husnabad
huzurabad
huzurnagar
hyderabad
ibrahimabad
ibrahimpatan
ibrahimpatan
ibrahimpur
ichapuram
ichchapur
ichchapuram
ichekapuram
ichora
idulapalli
idulnagalapalli
ij
iliuru kottapeta
ilur
inamanamelluru
indalvai
indarkan
indral
indrasham
indukapet
indukurupeta
indurparial
indurti
inkole
inkollu
inukurti
ippalagadda
ippalguda
ipuru
iredupalli
irranapet
iskagundam
iskapalle
iskapalli
iskapally
islampur
ismail khanpet
istraopet
itamukkala
itkapalli
itkial
ittigola
iynapur
jabbapur
jadcherla
jaddangi
jafalapuram
jagampet
jaganathpuram
jagannadhapuram
jagannadharaju chattram
jagatpalli
jagdeopur
jaggammapet
jaggampeta
jaggayyapeta
jagtial
jahurabad
jainath
jaipuram
jala
jalalpur
jalantra
jalar petta
jalaripeta
jaligaon
jallivari pullalacheruvu
jalumur
jalumuru
jamb
jami
jamikunta
jamilapet
jamilpet
jammalamadugu
jangamguda
jangampalli
jangampalli
jangaon
jangaon
jangaon
jangaon
jangid
jangoon
jangrai
jannaiguda
japal
jarada
jaradagodo
jaradakota
jararha
jayampu
jayantipur
jayapalli
jedcherla
jhadupudi
jhara sangam
jialla
jidkal
jidpalli
jiladiguda
jilugumilli
jinapalli
jinnawaram
jiyakeswaram
jogipalle
jogipalli
jogipet
joikal
jolur
jonnagiri
joqipet
jukal
julakalava
julakalva
junawada
kadapa
kadapatra
kadapgal buzurg
kadavakuduru
kadergu
kadiri
kadiyam
kadkandla
kadmur
kadur
kagazgutta
kagaznagar
kaikalur
kaikaram
kaisaram
kaisaram
kaisaram
kaithaiapur
kakinada
kakitalapuru
kakulur
kalabgur
kalabgur
kalakada
kalasapad
kalasapadu
kalava
kalgur
kalichedu
kalicherla
kaligiri
kaligotla
kalikiri
kalikri
kalingapatam
kalingapatnam
kalivanul
kalivemul
kallakal
kallur
kallur
kalluru
kalmargu
kaluvaya
kalvakol
kalvakuntla
kalvakurti
kalvapalli
kalwakurti
kalyandrug
kamalapuram
kamanpur
kamareddi
kamareddipet
kamaredi
kamarpalli
kamavarapukota
kambalapalle
kambhampadu
kambhamu
kamkol
kamlapur
kammadhanam
kammaguda
kammagudam
kamsanpalli
kanaganapalle
kanaganapally
kanaiguda
kanakamachutram
kanakammachattram
kanakanur
kanchanpalli
kanchanpalli
kandamuru
kandenavolu
kandi
kandkurti
kandukur
kandukur
kandukur
kandukur
kandukuru
kandur
kanduru
kanekallu
kanepalli
kangod
kangti
kangundi
kanigiri
kanjerla buzurg
kanjerla khurd
kankal
kankamamidi
kankipad
kankipadu
kankunta
kanmukal
kannai
kannapuram
kantanpalli
kanukunta
kanuparti
kanuparti
kanwaram
kapaphad
kapdukur
kapileswarapuram
kapra
karameda
karanchedu
karapa
karavadi
karedu
karempudi
karepall
karepalli
karimnagar
karivemula
karjarla khurd
karnulu
karpal
karukapatla
karur
karvetnagar
kasal
kasaram
kasaram
kasareddipalli
kasibugga
kasipatnam
kasipet
kasumuru
katangur
katapuram
katarukonda
katepalli
kattipudi
kattubadipalli
kaudpalli
kaukuntla
kaukuntla
kaulampet
kaulas
kauripalli
kavali
kaviti
kavur
kavuru
kavutaram
kawaguda
kawarpalli
kazipalli
kazipet
kazipit
kazipur
kedaripuram
kerimeri
kesanapalli
kesanupalle
kesaram
kesigi
keswapur
ketreddipalli
khajipeta
khammam
khammamett
khammamette
khanapur
khanapur
khanapur
khandlapalli
khandwada
khilogodo
kiadgira
kichanapalle
kisannagar
kisara
kishtaipalli
kishtapur
kishtapur
kishtapur
kishtapur
kishtapur
kishtareddipalli
kisinatpuram
kistaram
kistna
kistna
kistnapatam
kisumpet
kobir
kodangal
kodar
kodavalur
kodavaluru
kodekal
koder
kodikonda
kodmial
kodumur
kodumuru
kodur
kodur
kodur
kodur
kodur
koduru
koduru
koduru
koduru
koduru
koheda
kohir
koilkonda
koilkuntia
koilkuntla
kokkanti
kokunda
kolakalur
kolakaluru
kolanukonda
kolapadka
kolhapur
kolimigundla
kollur
kollur
kolluru
koltur
komarolu
komarweli
komathanda
kommalapadu
kommalapudi
kommarapudi
kommi
kompalli
konada
konakanametla
konapalli
konapeta
konapur
konapur
konapur
konasamudram
kondagunta
kondakal
kondakomarla
kondakumerla
kondamadlu
kondapalle
kondapalli
kondapur
kondapur
kondapur
kondapuram
kondapuram
kondavidu
kondlapalli
kondrapole
kondur
kondurg
konduru
kongara
kongarkala
konur
konyala
koradi
korampalli
korangal
koratla
korosavada
korpak
korpol
kortimadugu
korukollu
korwaram
kosapuram
kosgi
kosgi
kosigi
kota
kota
kota uratla
kotabommali
kotakunda
kotala
kotananduru
kotepalli
kotgir
kothaguda
kothagudem
kothakota
kothapet
kothkonda
kothkoota
kotipalle
kotlapur
kotlapuram
kotlaram
kotrapalle
kotta agiryal
kotta agraharam
kottaguda
kottaguda
kottaguda
kottagudem
kottagudem
kottakota
kottakota
kottal
kottapalem
kottapalle
kottapalle
kottapalli
kottapalli
kottapatam
kottapatnam
kottapatnam
kottapeta
kottapeta
kottapeta
kottaravupeta
kottavalasa
kottur
kotturu
kotur
kovur
kovur
kovurupalle
kovvur
koyyalagudem
koyyuru
krishna
krishnadevipeta
krishnagiri
krishnapatnam
krishnareddipet
krishnayapalem
kristnapatam
krosur
krosuru
kudasapalli
kuderu
kudmalpadu
kukatpalli
kukatpalli
kukatpally
kuknur
kuknurpalli
kukuntla
kukunuru
kulkulapalli
kulsaram
kumbarchalka
kumbhagiri
kummarguda
kummera
kunamanur
kunavaram
kunchanapalle
kundakal
kundapak
kundapur
kundapur
kunduluru
kundurpi
kuntur
kuppagallu
kuppagullu
kuppam
kuppili
kurabalakota
kurichedu
kurmul
kurnool
kurpah
kurumidda
kurupam
kuruva nagalapuram
kusang
kushmanchi
kutravada
kuttapalli
kuttapalli
lachhmapalli
lachhmapat
lachhmapur
lachhmapur
lachmagudam
lakdaram
lakhadaram
lakhsetipet
lakkaram
lakkavarapukota
lakkireddipalle
lakkireddipalli
lakshettipet
lakshmipur
lakshmipuram
lakshmipuro
lakshmisagar
lalaguda
lallaguda
lambadi colony
lammasingi
lashkarguda
lavanur
lavanuru
lembulavataka
lemulavada
lemur
lepakshi
lingainpalli
lingal
lingala
lingala
lingamaniguda
lingampalle
lingampalli
lingampalli
lingampalli
lingampalli
lingampet
lingapur
lingapur
lingapur
lingapuram
lingareddiguda
lingojiguda
loheswar
lotugadda
loyapalli
machanpalli
macharla
macherla
machilipatnam
machilisam
madakasira
madal palao
madamanuru
madanapalle
maddikera
maddilapalem
maddimadugu
maddipenta
madduluru
maddur
maddur
madhapur
madhapur
madhapuram
madharam
madhavaram
madhavaram
madhra
madhudi
madhwaram
madhwaram
madinagud
madira
madireddioal
madnakal
madnur
maduchantapalli
madugula
madur
magaturu
magnur
mahadeopur
mahadeopur
mahal
mahamdapur
mahboobabad
mahboobnagar
mahbubabad
mahbubnagar
mahisama
maiiaram
mailaram
mailaram
mailaram
mailaram
mailaram
mailavaram
mailawaram
mailwar azimpet
maipadu
maisaram
maisaram
makarajpet
makhdumpur
makhtal
makkapeta
makkuva
malakapuram
malaneddiguda
malchalma
malial
malichedu
malkapet
malkapet
malkapur
malkapur
malkapur
malkapur
malkapur
malkapur
malkaram
malkeshguda
mallam
mallampalli
mallapalli
mallapur
mallapur
mallapur
mallapuram
mamadipalli
mamadpalli
mamanduru
mambapur
mamda
mamdala
mamdepalli
mamidipalle
mamidipalli
mamidpalli
mananur
manapalli
manchal
mancheral
mancherial
manchippa
mandapalli
mandapeta
mandasa
mandmul
manewar jalaipur
mangalagiri
mangalagunta
mangalampet
mangalampeta
mangalapuru
mangalguda
mangalpalli
mangalparti
mangampet
mangapet
mangol
manidipalle
manigudem
manirabad
mankal
manmari
mansanpalli
mansanpalli
mansanpalli
manthani
mantur
mantur
manubolu
manubrolu
manyapadu
maradam
maradugu
mardaguda
mari manchal
marikal
marikal
markapur
markik
markodu
markuk
marlapalli
marlapenta
marpalli
marpalli kalan
marrayagudem
marreddipalli
marrigudem
marupuru
maruru
maruteru
marutur
maruturu
masaipet
masaipet
masanpalli
masanutippa
masidpur
masiguda
masjidpur
masreddipalli
masulipatam
masulipatnam
matalkunta
mated
mathwada
matsavaram
mattampalli
matwada
maula ali
maulali
mayalur
mayaluru
medak
medalli
medapadu
medarametla
medchal
meddagudam
medikurti
medlacheruvu
medpalli
medpalli
medpalli nakkerta
mehtarpalli
meliyaputtu
melur
melyaputtu
mentada
menur
midutur
miduturu
mijuru
minajipet
minpur
mir khanpet
mirampur
mirialguda
miriyalguda
miryal
miryalguda
miryan
mittatukuru
mogallapalem
mogallu
mogalluru
mogalrajapuram
mogalrazapuram
mogaltur
mogalturru
mohammadnagar
mohbatnagar
mohinabad
mokila
molagavalli
momidi
mondemkhallu
mopadu
mopuru
mopuru
morangpalli
mortad
moteh
mothkur
motkur
moula ali
mubarakpur
mubaraspur
mucherla
muddanur
muddanuru
muddavaram
muddumudi
muddur
mudhol
mudigodu
mudigubba
mudimanik
mudimial
mudinepalle
mudivedu
mudoemgudam
mudumala
mudumpadu
mughalgidda
muhammadabad
muhammadabad
muhammadnagar
mukhalingam
mukunuru
mulkalpalli
mulug
mulug
mummidivaram
munagala
mundlapad
mundlapadu
mungal
mungamuru
mungod
mungonda
munigadpa
mupawaram
muppireddipalli
murdanpalli
murtazaguda
musalimadugu
musapet
mustabada
mustial
mutaram
muthukuru
mutialguda
mutraspalli
mutssukota
muttargi
muttukuru
muttukuru
mutukula
mutupur
mutyalammapadu
mutyalapadu
mutyalapadu
nacharam
nagaladinne
nagalapalli
nagalapuram
nagalapuram
nagaldeopalli
nagalpalli
naganpalli
nagar karnul
nagaram
nagaram
nagargul
nagari
nagarkunta
nagasamudram
nagavaram
nagawaram
nagawaram
nagayalanka
nagireddipalle
nagireddipalli
nagireddipalli
nagnur
nagpur
nagreddipalli
nagulapalli
nagulavaram
nagwanpalli
naikaneri
nain jalalpur
nakad palao
nakkodipalem
nakrekal
nalgonda
nallapalem
nallapalli
nallejerla
nallikodur
nallikudur
nalwelli
namanamelluru
namapuram
namdarkhanpet
namle
nanajpur
nanakramguda
nancheria
nancherla
nandalur
nandanavanam
nandavanam
nandavaram
nandavaram
nandial
nandigam
nandigama
nandigaon
nandigaon
nandikotkur
nandipadu
nandipadu
nandipaud
nandivargam
nandivaya
nandiwanparti
nandkonda
nandyal
nandyala
nannial
naptolguda
naraharipet
naraharipeta
naranjigundlapalle
narapala
narasannapeta
narasapur
narasaraopet
narasimharaopalem
narasingapuram
narasingapuram
narasingarayanpet
narasingarayapetta
narayanavanam
narayanguda
narayankhed
narayankher
narayanpet
narayanpur
narayanpur
narayanpur
nareddiguda
nareguda
narjampalli
narkuda
narlapur
narnuru
narsampalli
narsampet
narsannapet
narsappaguda
narsapur
narsapur
narsingi
narsipatnam
narwa
naryanguda
nasaram
naspur
natnayapalli
naupada
navuru
navutala
nawabpet
nawabpet
nawaper
nawapet
nayakkaneri
nayalkal
nayudupet
nayudupeta
nekarikallu
nekonda
nellaturu
nellimarla
nellore
nellurapalem
nemalladine
nemalladinne
nemargomla
nendnur
nennur
nerabailu
neraballu
nerabylu
neredikonda
nereducherla
nerijamupalle
neronbhavi
niala kondapalle
niala kondapalli
nidadavol
nidadavole
nidjapla
nidubrolu
nidumolu
niduorolu
nilguda
nimarugomla
nimbagallu
nindali
nintur
niralapalli
nirmal
nirmata
nizamabad
nizamabad
nizampatam
nizampatnam
nizampet
nizampet
nizampet
nizampur
nomul
nosam
nossam
nutalapadu
nutalkal
nutimadugu
nuvalrevu
nuzvid
nyalta
obalam
olluru
ongole
ontimitta
oopal
osirikapalli
osmannagar
owk
pachipenta
paderoo
paderu
padmanabham
pagidyala
pahadisharif
paigir
paithra
pakal
pakala
palacole
palagiri
palagutta
palakollu
palakonda
palampet
palarancha
palasa
palasmudram
palicharlapadu
palicherla
palicherlapadu
palkonda
pallapatla
pallevada
palli petta
pallipahad
pallipahad
pallipeta
palmakul
palmala
palmaner
paloncha
palugurallapalle
palugurallapalli
paluru
paluvayi
pamalparthi
pamalparti
pamarru
pamidi
pamkunta
pamndura
pampalli
pamudurthi
pamudurti
pamuduru
pamuru
panaipakkam
panapakkam
panchalingal
pandharwara
pandiam
pandwapur
panem
panema
pantang
papannapet
papreddyguda
paradarami
paralagadda tanda
paralakhemundi
paravada
pargi
paria kimedi
parige
parigi
parkal
parlakimidi
parlakimidi
parlapalli
parmataguda
parnapalle
parnasala
parnassala
parotapur
parpalli
partiala
partitala
paruchuru
parumanchala
parvatipuram
parweda
pasra
pasupugallu
pata polavaram
pata polovaram
patagunta
patakottacheru
patakottacheruvu
patamata
patamatalanka
patancheroo
patancheru
patapalem
patapatnam
patelcheruvu
patelguda
patelguda
pathikonda
patlur
patnam
patrapur
pattangi
pattikonda
pattikonda
payakapuram
payalakunta
payikapuram
pebberu
pedakurapadu
pedana
pedapariya
pedda ahobilam
pedda alavalapadu
pedda aravidu
pedda arikatla
pedda bashirabad
pedda bellala
pedda dokulapadu
pedda ganjam
pedda irlapadu
pedda kondur
pedda machchilisam
pedda mangaiaram
pedda mungal
pedda munugal
pedda palipeta
pedda sana
pedda uppal
pedda waltair
peddaalavpad
peddaballe
peddachama
peddachappalle
peddacheppallee
peddacheruvu
peddagutta
peddahodanam
peddakurapadu
peddamal
peddamallepalle
peddamudiyam
peddapadu
peddapalli
peddapalli
peddapalli
peddapariya
peddapasupula
peddapavani
peddapudi
peddapur
peddapur
peddapuram
peddapuram town
peddareddipet
peddarikatla
peddateda
peddatippasamudram
peddatupra
peddavalasa
peddavullagallu
peddimul
pedduru
pellakuru
pembi
penagaluru
penchkaipahad
penchupadu
pendurti
pennamur
pentakota
penuganchiprolu
penugonda
penuguduru
penukonda
penumaka
penumur
penumuru
perur
perur
peruru
petmanhalli
phirangipuram
phulmamadi
pidikiryal
piduguralla
piler
pileru
pilgamma
pillipalli
pillutla
pilutla
pimpalgaon
pinjarla
pipalpahad
pippara
pirancheru
piriapalli
pirlapalli
pirohed
pithapuram
pitiapur
pitlam
pitlapur
pochamcherla
pochampalli
pochampalli
pochampalli buzurg
pochampalli khurd
pochannapet
pocharam
podalakur
poddatur
poddatur
podile
podill
podur
pogilonpalli
pogullapalle
pokkandala
pokur
pokuru
poladpur
polakampad
polaki
polarvaram
polatala
polavaram
polkampalli
polukalin
polukallu
ponal
pondur
ponduru
pongode
ponnalore
ponnaluru
ponnuru
ponyala
poondi
porumamilla
posanipet
potakamur
potakamuru
potampalli
potamshetpalli
potaram
potaram
potawaram
potemshetpalli
potgal samal
potkapalli
potraddipalli
potugal
prabhagiripatnam
prabhagiripatnam
prakkilanka
pratakota
prattipadu
prattipadu
pratur
priya
priya agraharam
proddatur
pudgurti
pudimadaka
pulapalli
pulinjerikuppam
pulivendla
pullalacheruvu
pullampet
pundi
punganuru
purandala
purgi
purlakimedy
putalapattu
putluru
puttapaka
puttur
pyapali
pyapalle
qaneshgudam
rachaveli
racherla
rachlur
raghunathpalli
raghunathpuram
ragipadu
rahim khanguda
rahimanpuram
raigir
raikal
raikal
raikanapalli
raikod
raikode
railapur
rainlaguda
raipatnam
raipol
raipol
rairal kalan
rajahmondry
rajahmundry
rajamahendravaram
rajamahendri
rajamandri
rajampet
rajampet
rajanagaram
rajapet
rajapur
rajapuram
rajavolu
rajawaram
rajoli
rajpet
rajul banda
rajulabanda
rajupalem
rajupalem
ramabhadrapuram
ramachandrapuram
ramagiri
ramaguda
ramakuppam
ramallakota
ramanakkapeta
ramanapeta
ramannaguda
ramapatnam
ramapuram
ramapuram
ramaram
ramaram
ramasagar
ramasagaram
ramasamudram
ramavaram
ramayampet
ramayanpalli
ramayapalli
ramayapatnam
ramdaspalli
ramgundam
ramlingampalli
rampalli
rampalli
rampur
ramsagar
ramsanpalli
ramtapur
ramwaram
rangaipalli
rangampet
rangampett
rangapur
rangapur
rangapuram
rapur
rasapudipalem
raspari palao
ratnapur
ratti
ravutalapudi
ravutulapudi
rawalkol
rawalpalli kalan
rawiral
rawiyyal
rawulapalli
rayachoti
rayadrug
rayalacheruvu
rayalapeta
rayalcheruvu
rayanapadu
rayapalli
rayapeta
rayarpet
rayavaram
razam
razampeta
razole
razupalem
reddi khanapur
reddipalle
reddipalli
reddipalli
reddipalli
reddivaripalle
regadepalle
regadiguduru
regadipalle
regoad
regod
regulakunta
relangi
remidicherla
renigunta
renkunta
rentachintala
repalle
rettapalle
rettapalli
roddam
rolla
rollapenta
rudakota
rudrajupalle
rudrangi
rudravaram
rudrawaram
rudrur
rukmapur
sabasgudam
sabaspalli
sabbavaram
sadaseopet
sadasivpet
sadullanagar
sahibguga
saidapur
saidapuram
saiyid alipet
salabatpur
salbaka
salojpalli
salorah
salur
salwapur
samalkot
sanagalaguduru
sandampet
sandrapodu
sangaipet
sangaipet
sangam
sangam
sangam
sangareddi
sangareddipet
sangupet
sanjamala
sanjemula
sankanipalli
sankarayalapeta
santajuturu
saraswatiguda
sardarnagar
sardarnagar
sarjakhanpet
saruvapuram
sarvakota
sarwel
sasnur
sattavada
sattenapalle
secunderabad
secundurabad
sengaon
seri sultanpur
seriguda
seriguda
seripalle
seripalli
settigunta
setturu
shadnagar
shahabad
shahmirpet
shahpur
shahpur
shakapur
shamsabad
shanidnagar
shankarpalli
shankerpalli
shankrampet
shankrampet
shekotla
sheonur
sherigudam
shetpalli
shivannaguda
shripalle
siddapur
siddeswaram
siddhavattam
siddipet
sidiur
sigadam
siglipuram
sikandrapuram
sileru
simhachalam
simhadripuram
singaipalli
singanamala
singannaguba
singapur
singaram
singaraya konda pagoda
singarayakonda
singareni
singatam
singawaram
sirampet
sirgarpalli
sirisadu
sironcha
sirpur
sirpur
sirpuram
sirsa
sirsangundia
sirsilla
sirvei
sirvel
sitam petta
sitammapeta
sitanagaram
sitanagaram
sitanagaram
sitanagaram
sitanagarem
sitaramapotam
sitaramapuram
sitarampur
sitarampuram
sivaaguda
sivajipalem
sivampet
sivanagar
sivanaguda
sivarampuram
sivji palao
siwampet
soanpeta
solarum
solipur
somala
somaram
somaram
somaram
somavaram
somawaram
somidevipalle
sompet
sompeta
son
sone
soraram
srigiripadu
srikakulam
srikakulam
srikurmam
sriramagiri
srirangapur
srirangapur
srisailam
srungavarapukota
andhra pradesh
subhanpur
sugur
sulakampalli
sultanabad
sultanpur
sulurpet
sulurpeta
suluru
sundi penta
sunigram
sunkarimetta
suntadasupalli
suraipalli
surampalli
surangal
surareddipalem
suredu
suriapalem
suriapet
sururnagar
suryapet
sutaguda
tacherla
tada
tadcharla
taddarpalli
tadepalle
tadepalle
tadepallegudem
tadepalli
tadepalligudem
tadiconda
tadikal
tadikalapudi
tadikonda
tadimarri
tadivaripalle
tadivaripalli
tadlapalli
tadpatri
takapuram
talagadadivi
talamanchipatnam
talapur
talkatta
tallapalem
talupula
tamballapalle
tammenapatnam
tamsi
tanakallu
tandur
tandur
tanesh petta
tangadpalli
tangallapalli
tangatur
tangatur
tangeda
tangedupalli
tangutur
tanguturu
tanisahippeta
tanuku
tapaspalli
taragupal
tardanpalli
tardmatipeta
tarigonda
tarlakota
tarlapadu
tarlupadu
tarur
taticherla
tatiparti
tatiparti
tatparti
tayyuru
tegada
tekkali
tekmal
telkapalli
telugudam
temburu
tenali
teratpalli
tettu
thimmayapalli
thukkuguda
thulipalem
tigula
tikao palao
tikkavadipalem
tiladru
tilani
tilaru
timajipet
timinareddipalli
timmaipalli
timmaipalli
timmaipalli
timmajipett
timmanayanipela
timmanayanipet
timmanayanipeta
timmanayudupeta
timmapur
timmapur
timmapur
timmapur
timmapur
timmapur
timmapuram
timmaraipet
timmareddipalle
timmasamudram
timmnayudupet
tipanuru
tippaigudam
tipparam
tipparti
tippavarapadu
tippireddipalli
tirmalapur
tirmalapur
tirmalapur
tirmalgiri
tirpol
tirumala
tirumalai
tirupati
tiruvur
tiruvuru
tocham
toderu
togarakunta
togarpaalli
tokalapudi
tokapalle
tondangi
tondur
tonduru
topkonda
totakurapalem
totapalleguduru
totapalliguduru
trimulgherry
tripurantakam
tsadam
tsadum
tsadumu
tsandavolu
tsundupalle
tsundupalli
tuggali
tulanguda
tule kalan
tuljapur
tulsinagar
tumbagad
tumbagarh
tumkuhta
tumkunta
tumlur
tummalapenta
tummalatalupur
tummurukota
tumpalli
tumuluru
tungaturti
tuni
tunkapalem
tunki
tunki
tupran
turimerla
turkaguda
turkai khanapur
turkapalli
turkapalli
turpupundla
ualapalli
uchapalem
udakatla
udampur
udayagiri
ulavapad
ulavapadu
ulindakonda
ullah
ullapalem
umri
undavalle
undavalli
undi
undial
upal
uparpalli
uplingapalli
uppada
uppai
uppal
uppal
uppal
uppalaguptam
uppalapadu
uppalapadu
uppalapadu
upparguda
upper tirupati
uppugunduru
upputuru
uralla
uravakonda
ustakayalapenta
ustekayalapenta
ustikoilpenta
utarpalli
utkur
utla
utlapalli
utnur
utrasualli
utsapalem
uttaravilli
uttukuru
utukuru
utukuru
utukuru
uyyalavada
uyyalavada
vadamala
vadamalapet
vaddadi
vaddepa
vadlapudi
vaimesur
vaimsur
vaisakhapattanam
vajrakarur
vakalapudi
valamuru
valaparia
valaparla
valasala
valasarapalli
valassala
valassala
valigonda
vanipenta
varadayyapalaiyam
varadiapalem
varakallu
varakuru
vardamankot
vardannapet
variguntapadu
variguntapadur
vatturupallepalem
vayalpad
vedichela
vedullacheruvu
veeraghattam
velampalle
velchal
veldurti
velimela
vellanti
vellaturu
veludurti
velugodu
vemalwada
vempalle
vemulachedu
vemulavada
vengannapalem
venkata kristnapuram
venkatachelam
venkatachellum
venkatagiri
venkatagiri
venkatagiri town
venkatagirikota
venkatapur
venkatapur
venkatapur
venkatapur
venkatapur
venkatapuram
venkatapuram
venkatapuram
venkatraopet
vetapalem
vicarabad
vidapanakallu
viguyanagram
vijalapuram
vijayarayi
vijayavada
vijayawada
vijayawada buckinghampet
vijilapuram
vijrakarur
vikarabad
vindur
vinjamoor
vinjamur
vinnadivaram
vinukonda
viraghattam
virampalle
virampalli
virapalle
virareddipeta
viravalli
viravilli
visakhapatnam
vishakhapatnam
visnur
vissannapeta
vizag
vizagapatam
vizianagaram
vizianagram
vizianagram city
volteir
vuyyuru
vyaparla
wadaparti
waddapalli
waddiaram
wailal
wailapall
wajrakarur
wakri
waltair
walur
wamal
wanaparthy
wanpalli
wanparti
warangal
warga
warigurtam
warkatpalli
warkatpalli
wasalmari
wati nagalapalli
watipalli
wazirabad
welijorla
west godavari
wudemari
wynchpet
yacharam
yadawaram
yadgarpalli
yadgirpalli
yadgirpalli
yadiki
yadpalli
yallamma tanda
yaltur
yamanpalli
yamjal
yanam
yanaon
yankataipalli
yapral
yarada
yarapalli
yarawaram
yarvaguda
yawapur
yedapalli
yedira
yelgonda
yeliminedu
yeljal
yelkatur
yelkaturti
yelkicherla
yellakonda
yellakurti
yellamanchili
yellamanchilli
yellampalli
yellandlapad
yellandrapad
yellandu
yellanur
yellareddi
yellargiri
yellasiri
yelmakanna
yelmokanni
yelwarti
yemjal
yemjal
yenagandi tanda
yengalgudam
yengandla
yengondla
yenkatapur
yenkatraopet
yepur
yergipalli
yerpedu
yerragunlakota
yerraguntla
yerravaripalem
yerravaripallem
yerupalem
yerur
zahirabad
zaladanki
zangareddigudem
zulakallu
zuvvaladinne
acheshon
aholin
akolin
along
alonung
amatulla
amili
anelih
anelin
angatsi
apranli
aprunyi
ardai
aropu
ashalin
asonli
bacha
balek
balu
basar
bhalukpung
bindula
bini
boga
bogu
bomak
bomdila
bomdilla
bomdo
bomjur
bomo
borduria
boru
brahmakund
bruini
budh
buha
but
chalan
chameliang
changro
chantam
chareimna
chemgeng
chemir
chengele
chepwe
chhota dirak
chibuni
chira
chod
chodo
chonkham
chopnyu
chug
chumba
chuna
chunpura
dabom
dahung
dalbuing
dambuk
damro
damroh
danli
daring
demwe
dening
depin
dijungania
dirang
dirang dzong
dirji
doimara
doimukh
domkeng
dong
donkeng
donli
dorkang
dosing
dui yambi
duimukh
dukpen
duta
embragon
etalin
gamkik
gasheng
gasigaon
gette
gocham
gohaintan
grunli
hachi
hapoli
harmutigaon
hatu yua
hayuliang
hayutang
helam
hong
hora
horu khunma
hupu
ibniyi
idilin
ilupu
ipilin
jamiri
jang
jaram
jido
jining
jiram
jirigam
joying
kablongpu
kadum
kafi
kahao
kalaktang
kalom
kamalabari
kamalapari
kambang
kamku
kamphu
kangkar
kapteng
karangania
karko
kaying
kebang
kelangkania
kerang
khaitong
kharem
khela
khonsa
kodak
kombong
komra
komsing
korbo
kuimbum
kumki
lagam
laju
langjon
lap
lapung
lathau
lekhapani
lepanglat
lhatsa gompa
lhau
lida
lidi
likhapani
londa
longju
lumpo
machum
maiunli
manan
manmao
manpang
mara
margherita
marniu
mebu
mega
mekba
mekha
mepumna
meshing
miao
miging
migyitun gompa
minutang
minzong
mipi
mon tawang
mopung
moshing
mpen
mpong
mrambon
mukki
mushing
mutan
nampong
nayarok
nefa
niaunyu
niktak
ninging
ningru
nioku
nizainghat
nizamghat
nizau
noju
norang
north east frontier agency
nring
nyereng
nyeying
nyorak
nyukmadong
nyuri
pangchen
par
paras ram
pareng
pasighat
paya
payagam
payang
phutang
pika
pilu
plongliang
plonliang
pointong
poyom
puchep
puging
punyang
pyudung
rahung
rajja
ramsing
rang
rangku
reru
riang
riga
rikor
riu
rotung
rungarh
rupa
sachida
sagong
sakong
sakti
sangma
sanpura
sartam
semma
senge dzong
senua
shakti
shergaon
shikhi
shimong
shinli
shoi
sibbuk
sibbum
sigar
silli
simong
singing
arunachal pradesh
sulung
sunpura
tado
tagengs
taipi duidam
taipudia
tajobum
taku
takum
tali
talong
talung dzong
tamei
tamid arung
tammu
tanden
tang shyo
tangmaolia
tapun
tawai
tawang
tawang shyo
teju
teju basha
tembang
tethaliang
tezu
theronliang
tila
tilai
tipang
tipong
tipongpani wharf
tirap
tojobum
toko
toku
tonwa
towang
tralin
turet
tuting
walong
wati
wintong
yagrung
yaman
yanman
yapuik
yedbuk
yediuk
yemsing
yengji
yiku
yingku
yiyu
yoba
yomcha
yomtam
zero
ziro
abhaipur
abhayapuri
abomgaon
agamani
agia
agrong
ahataguri
ahomgaon
amguri
amguri
amguri bazar
amingaon
amlakhi
amring
amtala
amtika
anjakpani
arunachal
asom
assam
atharikhat
athkhel
aujari
auniati
auniati sattra
bachagaon
badarpur
badati
badulahati
baga
bagbor
bagribari
baguliaghat
baida
baihata
baitha langso
baladban
baladhan
balagaon
baligaon
balijan
balijan
balijangaon
balipara
bamungaon
bangali
bangali garigaon
bangaon
banguk
banmurigaon
bansbera
banskandi
bar dambuk
bar dhoa
bar dobia
bara digar
barakhola
barama
barar digar
barbaru
barchola
bardalani
barduar
bardubi
bardubi road
barhalla
barhat
barjhar
barpathar
barpeta
baruagaon
basbari
basugaon
batabari
batelegaon
baut bazar
behali
bengtol
berung
bhalukmara
bhandari
bhanga
bhauraguri
bhawanipur
bhutiagaon
bihpuriagaon
bihuguri
bijni
bilasipara
bilkhawtlir
bindukuri
binnakandi
bishnath
bokajan
bokakhat
boko
bolung
bongaigaon
bordoloni
borduttighat
burakek
buri khamar
chabua
changchang
changsari
chapanalla
chapar
chaparmukh
chapenalla
charduar
charka hai
chashinya
chatachara
chauldhoa
chauldhoa baligaon
chauldhoa ballgaon
chetiagaon
chhaygaon
choshinyu
chunari
chutia
chutiya mirigaon
cinnamara
craigpark
dabaka
dalaigaon
dalgaon
dalgoma
daloo
dalu
dambukso
dangori
daranga
darangibra
daria
darrang
darranga
darranga camp
datma
dengaon
deosri
derebara
dergaon
dhakuakhana
dhalai
dhamdhama
dhansirimukh
dhapaliagaon
dharamtul
dhekiajuli
dhemaji
dhing
dhubri
dhuburi
dhupdhara
dibrugarh
digboi
digbol
digbor
dighaltarang
dihajan
dihingmukh
dijmur
diju
dikhomukh
dikrum
dili terang
dimakuchi
dimapur
dimruguri
dingdinga
dingdirga
dingram
dinjan
dinjaygaon
dipa
diphn
diphu
disangmukh
dishpur
dispur
dithur
dnakuakhana
dolungmukh
duarmara
dubri
dudhnai
dulahatgaon
dulangmukh
duliagaon
dum duma
dumnichauki
dumsa
dwarband
erdangkramsa
fakiragram
fakirganj
furkating
gabharu
gagaldubi
gagaldubigaon
gangmohthan
garampani
gariagaon
garnbhasa
garubhasa
gauhati
gauripur
gejeragaon
geleki
ginjia
goalpara
gogamukh
gogamukh tajik
gohaingaon
gohpur
goibarigaon
gokulkata
golaghat
golakganj
golakgans
gossaigaon
gowhatty
gunjong
guwahati
habaipur
habialgaon
haflang
haflong
hailakandi
hailikandi
hajo
hajua
haloagaon
haltugaon
hang habai
hangrum
hatikhuli
haulighat
helapakari
helem
hojai
howang
howli
hudukhata
huliagaon
hulmari
hylakandi
itakhola
jagdala
jaihing
jaipur
jaipur
jakhalabandha
jakuradhar
jamduar
jamindargaon
jamuguri
jamuguri
jamunamukh
januguri
jeikhan
jelkarjhar
jenggaon
jengpata
jetukiagaon
jhanzi
jirighat
jogighopa
jorhat
jungterang
kaharpara
kaki
kakilamuka
kakilamukh
kalaigaon
kalain
kaliani
kalitagaon
kalkali ghat
kalliani
kamakhya
kampur
kaolakhat
kashikhagra
kasikatra
kasomarigaon
katchugaon
kathiatali
katkali ghat
katlichara
katlicherra
kaupati
kaziranga
kekuri bebejia
kerimgaon
khanapara
kharikhanapatti
kharmauza
kharupatia
kharupatia ghat
khatoalgaon
khoirabari
khoirabari
khowang
khutabari
kobirali
kobo
kochugaon
kokilamukh
kokrajhar
krishnai
kseh kynthang
kukichara
kumargram
kumbhir
kumbhirgram
kumding
kumguri
kumrikhata
kunda
kundil bazar
kurua
kuthari
laher
lahorighat
lahorighat pam
laimakuri
laisong
lakhimpur
lakhinpur
lakhipur
lakhipur
lakhuni
lala
lalaghat
lalsong
laluk
langlut
langting
langyen
lankapatti
lanting
laokhoa
lasanbari
leike
lengrabhita
lengteng
letekujan
loch
loharghat
longkamgaon
longku
lumding
lungding
machkhoa
mahakal
mahur
maibang
maibong
majar chuk
majbat
major chuk
majuli
makariagaon
makum
malu khat
manakasha
mangaldai
marangaon
maranjan
margang
mariani
maroa
mathurapur
maudanga
mazbat
mechangbung
merapani
mijik
mijika
mikirgaon
mirza pahar
misa
misamari
missamari
mohanbari
mohmaragaon
moilang
moragang
moran
moranha
moranjan
mornai
motilal pattiar
motital pathar
mumgaon
mupa
murkong selek
murkong selok
mynser
nagarbera
nagargaon
naharkativa
naharkatiya
nahorkatiya
nakachari
nakhola
nalbari
nalbari
nam dabaka
namdang
namrup
naojan
naokata
narainpur
narjan
narjon basti
nazira
neamati
neghereting
negheretting
nij hajo
nij laluk
nilambazar
nilamsbazar
noajan
noonmati
north gauhati
north guwahati
north lakhimpur
north salmara
nowgong
numaligarh
nunmati
oaklands
orang
orangajuli
oxom
pakariamukh
paklanggaon
palanghat
palasbari
pandu
paneri
paniputa
panitola
parchat
parghat
pasch im naokota
patacharkuchi
patgaon
pathalipam
patharkandi
patharughat
phaikulum
phangchogaon
phukangaon
phulaguri
phuluni
pithakhaitigaon
powai
puranigudam
puthiman
puthimari
raha
raha
raimana
raipur
rairguruaon
raja bazar
raja mayang
rajbari
rajgurugaon
ranga nadi
rangagora
rangamati
rangapahar
rangapani
rangapara
rangazumi
rangia
rangiya
rangjoli
rangjuli
ranigodam
ranikhata
ratabari
rengma pathar
rhutiagaon
rihabari
rowta
rupahi
rupaigaon
rupohi
rupshi
rupsi
sadiya
saikhoa
saikhoa ghat
sakmuthi
salaguri
salana
salkocha
samaguri
sandiya
sandung
sapatgram
saralpara
sarhed
sarkher
serfanguri
shedhumi
siajuli
siajuli daflagaon
sibsagar
sibsagar
sibsagar road
sibsagor naga bhumi
sidli
siduma
silchar
silghat
silkuri
simaluguri
simaluguri junction
simalunguri
simanagaon
simlabari
singlijan
singlijan basti
singmarigaon
singra
singri
sirtiso
sisi bargaon
soalkuchi
sonaimukh
sonakhira
sonapur
sonari
sookerating
sorbhog
south salmara
assam
sualkuchi
subankhata
suwalakuchi
tama hat
tamarhat
tamulpur
tarabari
tarabari hat
tengakhat
tengapania
teok
tezpur
thaijuari
thingje
tinkhang
tinkhong
tinsukia
tiplai
titabar
tukra zhar
tukrajar
tumpung
udalguri
udalguri
udarband
ulubam
ulubari
ulubari
ulubari
ulubari
umednagar
umpanai christian
umswai
urao basti
uriyamguri
uttar ginjia
yimpang
abad
abad
abaibani
achna
adhatal
adra
agaibani
agarpara
ahmadpur
aima
akhipur
aknapur
alampur
alipore
alipukur
alipur
alipur
alipur
alipur
alipur
alipur
alipur duar
alipur duars
almashpur
ambaria
ambaria
ambaula
ambikanagar
amdanga
amdhala
amgachia
amlagora
amlataria
amratala
amratala
amreswar
amria
amta
amtala
amtala
amtala
anantapur
andal
andal junction
andharkotha
andharmanik
araidanga
arambagh
arapanja
arbalia
argoal
ariadanga
arsapota
asanol
asansol
asurabad
ausbaria
ausgram
ayan
azimganj
azimganj city
babnan
babu bheri
bachra
badanganj
badi
badimpur
badinan
badkulla
badu
baduria
bagchara
bagda
bagdaha
bagdogra
baggacha
bagh bazar
baghdoba
baghdogra
baghmara
baghmari
baghmundi
bagmari
bagnan
bagnan
bagnar
bagula
bagunta
baharampur
baharu
bahira
bahirkhanda
bahirkunji
bahrampur
baidyabati
baidyapur
baikunthapur
baikunthapur
baikunthpur
bainchipota
baishata
baj baj
bajbajia
bajitpur
bakhra
bakresvare
bakreswar
baksa duar
bakul
baladbandh
balagarh
balandi
balarampur
balarampur
balarampur
balari
balbalia
balgarh
bali
bali chak
balihati
balijhuri
balikuria
balitha
ballabhpur
ballartop
bally
ballygunge
balughata
baluhati
balurghat
baman hat
baman nat
bamanghata
bamangola
bamanpukur
bamna
bamundiha
bamungaon gola
bamunla
ban harispur
banali
bandipur
bandor
bandpur
banduan
bandwan
baneswar
bangaon
bangla
baniara
banidhal
banitanala
bankadaha
bankipur
bankra
bankri
bankura
banok
banpara
banpara
banpur
banraypur
bansbaria
bansberia
bansihari
banspul
banstala
banta hajam
bara
bara bakra
bara bazar
bara belun
bara chimta
bara jorda
barabani
barabari
barabazar
barabeluna
barabhita
barabhum
barachia
baradiha
baragachi
barakpur
baral
baranagar
baranagore
barasat
barasat
barasat
barasat
barddhaman
bardhaman
bardon
bargachia
bargachia
barjora
barlanga
barnia
barrackpore
baruipara
baruipur
barwan
basantapur
basantapur
basanti
basirhat
basubati
basudebpur
basudebpur
basudehpur
basudha
basuldanga
basuli
bauria
bauria
bawali
bayarmari
baylani
baynala
bebangheri
bedkundu
begampur
begampur
begunkodar
begunkudar
behala
belakoba
belda
beldanga
belgachia
belgaon
belgharia
beli
beliabera
beliaghata
beliator
beliatore
belmuri
belpukur
belpukur
belpur
belur
bena
bengal
beonta
beraberi
berghom
berhampore
berubari
beta
bhabanipur
bhadreswar
bhadua
bhadura
bhagabanpur
bhagabanpur
bhagabanpur
bhagabanpur
bhagabatipur
bhagabhera
bhagnanpur
bhagwangola
bhagwanpur
bhainskuchi
bhaluka
bhandardaha
bhandarhati
bhangar
bharatgarh
bhasa
bhastara
bhatar
bhatkuri
bhatpara
bhayda
bhebia
bhenpur
bhogalt
bholahat
bhugwanpr
bhungihara
bhurkundi
bhusudih
bichania
bijanbari bazar
bijapoor
bijapur
bijavbati
bijaybati
bijpul
bijpur
bilsara
binaguri
bindol
bindola
bindole
binnaguri
binnaguri
binnaguri
binnaguri
binpur
birajnagar
birampur
biramput
birgi
bishnupur
bishnupur
bishnupur
bisia
biswanath
bodai
bodra
bolpur
bongaon
bordhoman
boyarmari abad
brahmanpara
brindabanpur
brindabanpur
brul
budbud
budge budge
budhakhali
budimpoor
budunpoor
buksa
bunshihari
burdwan
burnpur
burul
buxa duar
calcutta
calcutta bagh bazar
calcutta ballygunge
calcutta bara bazar
calcutta cossipore
calcutta hastings
calcutta narkaldanga
calcutta tengra
canning
canning town
chaital
chak madan
chakapara
chakchoka
chakdaha
chakdaha
chakdipa
chakrabera garh
chalsa
chalsa junction
chalsa mahabari
chaltabaria
chaltakhali
chamarpara
champadanga
champahati
champati
champdani
chanak
chancahara
chanch
chanchiara
chandankiari
chandannagar
chandernagor
chandernagore
chandi
chandipur
chandipur
chandipur
chanditala
chandpara
chandpur
chandpur
chandra
chandrakona
chandshona
chapla khop
chapra
chapra
charabidya
charalkhali
charanpur
chata
chatra
chatuar
chaubaria
chaulkhola
chaunch
chaura
chautara
chawalhati
chelyama
chemagari hat
chengail
chengali
chenge
chengel
cheto
chhatna
chhonapur
chhoran
chhota
chhota mullakhali
chilakhana
chillapata
chinpai
chinsura
chinsurah
chittaranjan
chituri
chongghurali
chooramun
chopra
chota mollakhali
chuna
chunakhali
chunchura
churaman
churulia
collectorganj
contai
cooch behar
cossimbazar
cossipore
dabnundpoor
dadpur
dahijuri
dakshin
dalkola
dam dam
dam dim
dam din
damdama
damdama
danga
dantan
dapharpur
daria abad
dariapur
dariapur
darjeeling
darjiling
darodih
dasghara
dasi
daskalgram
daspur
dattapara
dattapulia
dattapulla
daulalpur
daulatpur
davis abao
dayrak
deali
debagram
debanandapur
debandi
debipur
debipur
debra
deganga
deocha
depal
deulpota
devanandapur
dewan hat
dhadka
dhamnagar
dhamua
dhanbaria
dhanbela
dhanchibarla
dhaniakhali
dhanpora
dhantola
dhanyaghata
dhanyahana
dharir
dheita
dhola
dhopapukur
dhora
dhosha
dhulagari
dhulasimia
dhulian
dhupgari
dhupguri
diamond harbor
diamond harbour
diga
digambarpur
digha
dighirpar
dignagar
dignagar
digpala
dinabandhupur
dingakhola
dinhata
dipa
disergarh
dishergarh
dogachi
dogachia
dogachia
dogachia
dohari
domahani
domjur
doorgap
doorgapoor
dora
dostpur
dubi bheri
dublat
dubra
dubrajpur
dukherpol
dum dum
dumjor
durgapur
durgapur
durgapur
dwarhata
egra
ektapur
english bazar
enrekhali
fagu
faipur
fakirtaki
falakata
falta
farakka
fatehabad
fatehpur
fatehpur
fatehpur
fort gloster
futtehpoer
futtehpoor
gabbaria
gabbaria
gacha
gadkhali
gagramari
gaighata
gaja
gaja
gajankul
gajol
galsi
gandabaria
ganespur
ganga sagar
gangajalghati
gangarambatl
gangarampur
gangarampur
gangesnagar
gangra
gankar
ganrapota
gantipara
ganutia
garankati
garden reach
garh panchkot
garhchumbak
garifa
garphalbari
garui
garulia
gaurhati
gaurhati
gauripur
gauripur
gauripur
gazipur
gazirhat
genokhali
geonkhali
ghanasyambati
ghasiara
ghatal
ghatampur
ghateswar
ghatiharani
ghazipur
ghazipur
ghireti
ghonja
ghoom
ghoradal
ghoshpur
ghum
ghunj
ghusri
ghusuri
gidhni
gidni
gilarchat
giria
giriya
girpatia
goabaria
goalpokhar
goaltor
gobardanga
gobaria
gobila
gobindapur
gobindapur
gobindapur
gobindapur
gobindapur
gobra
gobra
godapiasal
gohindapur
gokalpur
gokaran
gokarna
gokulnagar
gokulpur
golabari
gopalganj
gopalkati
gopalnagar
gopalnagar
gopalnagar
gopalnagar
gopalpur
gopalpur
gopalpur
gopalpur
gopdanga
gopiballabhpur
gopimohanpur
gopinagar
gopinathpur
gopindapur
gopindapur
gorifa
gorubathan
gosaba
gosaha
gosanimari
gosanimari bandar
gossipur
gotra
gouripur
goyamara
goyerkata
gujarpur
gujrat
gulfurbari
gura
gurdaha
gurdaha
gushkara
guskhara
habra
hadia
hajipur
hakala
haldia
haldibabi
haldibari
halisahar
halishahar
hanral
hanral
hansapathar
hansuri
hanuman tanenguria
haora
hariharpara
harinarayanpur
harindanga
haringhata
haripal
haripur
haripur
haripur
haripur
haripur kismat
harishchandrapur
harit
harlpur
haroari
harringhatta
harua
hashimara
hasimara
hasnabad
hasnacha
hastings
hastings chapel
hatamari
hatamari
hatdanga
hathikanda
hatibara
hatigeria
hatikanda
hatisala
hatkanda
hatkinda
hatugan
haturia
hawrah
hayatnagar
hemtabad
hentalichali
heria atmaram chak
hijilia
hingalganj
hingulganj
hiraganj
hirapur
hooghly
howrah
howrah salkia
hugli
hujili
humgarh
hura
hurah
hurshi
hursi
iarpur
ichapur
idhanpur
ilam bazar
inayetpur
indas
indpur
indrani
ingraj bazar
ishapore
islampoor
islampur
islampur
islampur
islampur
iswaripur
iswaripur
iswaripur
itinda
jadabpur
jadabpur
jadavpur
jafarpur
jagadispur
jagadispur
jagannathpur
jagannathpur
jagannathpur
jagarampur
jagatballabhpur
jagatballabpur
jagatdal
jagdispur
jaguli
jainti
jaipur
jaira
jakpur
jakput
jalapahar
jalpaiguri
jamaibati
jamalpur
jambaria
jampur
jamtoli
jamuria
janai
janapul
jangipara
jangipur
janjali chak
janka
japur
jasaikati
jatar deul
jatar duel
jayakaynagar
jayanti
jaydeb kenduli
jaykayanagar
jaykayanagar
jaykaynagar
jaykaynagar
jaykaynagar
jaynagar
jaynagar
jaypul
jaypur
jejur
jhalida
jharagram
jhargram
jhaudanga
jhenkari
jhikra
jhilimili
jhinga
jhitkagachara
jiaganj
jibdharer khuti
jingekhali
jinjirpul
jojera
joteswar hat
jugtigaj
jujarsaha
kachhari
kachhari
kachrapara
kagji
kahkihara
kajlagarh
kakdip
kakdwip
kakrakuli
kaksa
kalagechhia
kalaikunda
kalchini
kaliachak
kaliaganj
kalichak
kaliganj
kalikapur
kalikata
kalimpang
kalinagar
kalinagar
kalipahari
kalipur
kaliyagan
kaliyaganj
kalkhali
kalna
kalyani
kamargani
kamarhati
kamarhatty
kamarpukur
kamdebpoor
kamdebpur
kamdebpur
kamini
kanaidanga
kanajol
kancharapara
kanchrapara
kandi
kankandighi
kanki
kankinara
kankra
kanpur
kansaripara
kantaberia
kantalia
kantalpara
kantanagar
karandighi
karanjali
karatber
karimnagar
karimpur
karsiyang
kartika
karulia
kasba narayangarh
kasba pataspur
kashipur
kasiari
kasibati
kasimbazar
kasimpur
kasipur
kaska
kathuli
katoya
katwa
kayamba
kedihati
kenda
kenjekhalia
keoradanga
keorakhali
kesabpur
ketugram
keutia
khairani
khajuri
khajuri
khakurdah
khalisani
khalsini
khana
khanakul
khandaghosh
khanta
khaprail
kharagpur
kharai kotbar
kharar
kharasana
kharba
khardah
khardaha
khargpur
khargram
kharibari hat
khasbalanda
khasmahal
khatra
khaturi
khedra
khidirpur
khidirpur
khilkapur
khirpai
khirpal
kholakhali
khorel
khulna
khunkhali
khurd
kidderpore
kijiri
kirnahar
kishanganj
kishanganj bazar
kismat
kisoripur
koch bihar
kola
kolachati
kolkata
komdhara
konanager
konnagar
konri
kotalpur
kotra
kotrang
kotrung
krishnachandrapur
krishnagar
krishnagar city
krishnanagar
krishnapur
krishnapur
krishnaranpur
krishnigar
kuch bihar
kuhta
kukrahali
kulanandapur
kulbaria
kulgachi
kuliara
kulpi
kulti
kumai
kumardhubi
kumardubhi
kumarkhali
kumarpara
kumhardubhi
kumhardubi
kumirimora
kundia
kurseong
kurt
kusba korodho
kusbah
kusdanga
kusria
kusuinba
labpur
lachan
ladhurka
lahshmipul
lakhipur
lakhya
lakhyabad
lakshmanpur
lakshmikantapur
lakshmisagar
laksmisagar
lalbagh
lalgarh
lalgola
lalgola ghat
lankapara
lankapara hat
lashkarhat
laskarpar
layabad
lebong
lillooah
lilooah
liluah
lodhasuli
lowada
loyabad
luskurpoor
madanpur
madarhat
madari hat
maddham gram
madhabpur
madhabpur
madhyamgram
magra
magra
magra hat
magra hat
mahadebpur
mahadipur
mahakalguri
mahalandi
mahamaya
maharajpur
maharajpur
mahesh
maheshpur
mahiari
mahijam
mahishadal
mahishagot
mahishkuchi
mahishmari
mahishrekh
mahjam
mahmudpur
mainaguri
majerpara
majiara
majiyara
majnan
maju
majukhetra
makhalpur
makhdumnagar
malancha
malandighi
malda
maldah
maliara
malipara
maltikiri
mamurabad
manbazar
mandirtala
mandra
mandshar
mangalduari
mangalkat
mangalkot
mangphu
mangpu
mangpur
mangwa
mani
manikera
manikpara
manipur
mankhanda
mankundi
mankur
manoharpur
manoharpur
mansuka
manteshwar
manteswar
masaldaha bazar
mashat
masila
masuria
matabhanga
mathbari
mathoorapoor
mathurakhanga
mathurapur
mathurapur
matia buluj
matia buruj
matiali
matigara
mayahaura
mayapur
mayna
mayureswar
medinagar
medinipur
meharajpur
mejedihi
mejia
mekhliganj
mele
meliari
memari
meria
metekora
metia
metia bruz
midnapore
midnapur
mihijam
mihijan
mirik
mirzapur
mirzapur
mithakhali
mohanpur
mohanpur
monber
monoharpur
mora
mosat
moyapur
mugra
muhammad bazar
muhanundp
mulajore
mullahjor
multi
munshirbat
muragacha
muragacha
muragachha
murarai
muratpur
muri
murshidabad
muttia bruj
nabadurip
nabadwip
nabaghara
nabagram
nabasan
nabatkati
nachinda
nadabhanga
nadia
nagarbazar
nager bazaar
nagrakata
nagtala
nahazari
naihati
nainan
nakalbari
nakasipara
naksalbari
naktala
nalgora
nalhati
nalpur
nalua
namkhana
nandaha
nandigram
nangalbaria
nangi
nankeldanga
nanur
naobastia
naora
napara
narajole
narangi
narasinhapur
narayangarh
narayanpur
narayanpur
narayanpur
narikeldanga
naskarpur
natabari
natabari hat
natshal
navadwip
naxalbari
nayagram
nazarhagar
nazira
neora nadi
netra
nibria
nigan
nij khari
nij narajol
nijgaon paranpur
nikursini
nilarpur
nilgani
nimpot
nimtita
nirman
nitberia
nituria
noabad
nurpur
nurullahpur
odlabari
oldabari
onchan
onda
ondal
ondal junction
padmajala
padmalabhpur
padmarha
padmarha
paiguri
paiken
pakaur
pakhirala
pakuria
palasgachi
palashdanga
palashi
palsa
palta
panagarh
panagur
panakua
pancamura
panchagram
panchal
panchanai
panchanai junction
panchanandapur
panchgara
panchla
panchmura
panchuria
pandapata
pandaveswar
pandua
panduk
panehgram
panihati
panjipara
pankabari
pankhabari
panskura
panuria
para
parambo
paran
parbatipur
parihati
parokata
parora
parulia
paspur
pataspur
pateeram
patharbaria
patheeraj
patipukur
patiraj
patiram
patkapara
patlabota
patra
patrasaer
patrassyar
pattipooker
patul
patuli
paunan
pauram
payna abad
payrafuni
payragacha
pento
petakhali
petua
phagu
phalta
phansidewa
phansidewa hat
phulbari
phulbari
phuldubi
phulkusma
phurphura
pipa
piplon
piplun
pirakata
pirojpan bara
plassey
pochipara
polaba
polba
poli
port canning
pratapnagar
pujali
pulta
puncha
puni
puntia
purandarpur
purandarpur
purash
purbba ramnagar
purbbadulki
purulia
puruliya
pusurtala
puturia
radhakantapur
radhanagar
radhanagar
radhanagar
radhangar
radhapur
raghabpur
raghudebbati
raghunathbari
raghunathpur
raghunathpur
raghunathpur
raginabad
raiganj
raihat
rainaga
rainagar
raipur
raipur
rajabhat khawa
rajapur
rajapur
rajarampur
rajartaluk
rajbalhai
rajbari
rajgan
rajibnagar
rajmahal
rajnagar
rajpur
rajpur
ramapur
ramchandranagar
ramchandrapur
ramchandrapur
rameswarpur
rameswarpur
ramganj
ramgarh
ramgarh
ramjibanpur
ramkali
ramkantapur
ramkrishnapur
ramkrishnapur
ramnagar
ramnagar
ramnagar
ramnagar
ramnagar
ramnagar
rampur
rampur
rampur hat
ramratanpur
ramthenga
ranaghat
ranaghata
rangafala
rangamati
ranibandh
ranichera
raniganj
ranimpur
rasidpur
raspunji
rasuan
ratanpur
ratanpur
ratua
rayganj
rayna
raypur
raypur
rdorje gling
rishra
rohand
rohini
rudrapur
rudrapur
rujipur
rukha
rula chak
rupnarayanpur
sabang
sabdalpur
saddarat
sagar collectorganj
sagardighi
sagra
sahaganj
sahapur
sahara
sahturi
saihati
sainthia
sakeora
saktigarh
saktipur
salanpur
salar
salbani
salbani
salbanni
salgari
salkhia
salkia
salt lake city
saltora
salua
samailya
samalpur
samardanga
samjhia
samthar
sanatikri
sandeshkhali
saniaspur
sankabanga
sankarpur
sankrail
sankrail
sankrait
santashpur
santiniketan
santipur
santipur
santoshpur
santragachi
santuri
saora
saora
saranga
sarangabad
sarenga
sarisapara
sarisha
sasan
sasipur
satgachia
satgara
satgharia
sathati
satpukur
satul
sealdah
seebpore
sehara
seoraphuli
serampore
serampur
serpur
seyalpheti
shahbazar
shahzadahpur
shamnagar
shamnagore
shamsheipur
shankrail
shanti niketan
shantipur
shaugaon
sheakhala
shibpur
shikarpur
shiliguri
shirakol
shiur
shrirampur
shyamalpur
shyamnagar
sialoanga
sibaramnagar
sibbur
sibkalinagar
sibpore
sibpuker
sibpur
sibpur
sibpur
siddheswarpur
sija
sijbaria
sijbaria
sikarpur
sikirbat
silda
silguri
siligun
siliguri
siliguri
silli
silpur
simana basti
simlapal
simulia
sindhri
sindri
sindri
sindri
singe
singpara
singur
sirkabad
sitalkuchi
sitalpur
sitarampur
situri
siuri
sobharampur
sodpur
solap
sombari hat
sonada
sonakhal
sonakhali
sonamukhi
sonapore
sonarpur
sonatikri
sonatikri
south suburban
sri niketan
srichandia
srikhanda
srikrishnanagar
srikrishnapur
srirampur
srirampur
stalkooree
stalkuri
west bengal
sudarsan
sudirhat
sudpur
sugrai
suisa
sukdebpur
sukhani
suklara
sultanganj
sumjhia
sundarika
supur
suri
suria
sutabecha
sutahata
suti
swarupnagar
syam basa
syamnagar
syamnagar
syampur
syampur
syamruk
tababaria
takdah
taki
takipur
takipur
taldangra
taliganja
talpati
taltala
tamluk
tangra
tangrabiehi
taona
tarakeswar
tarayan
tasorala
tegharia
tegnaria
tehata
tekpanja
telbani
tengra
tengra
tengra
tentulbaria
thakur chak
thakurdwari
thaola
tildanga
tilkuria
tilpara
tiorpara
titagarh
tollygunge
tora
tribeni
tufanganj
tulan
tulin
tulsihata
uchalan
uchalon
uchche khali
udainarainpur
uday narayanpur
udayanarayanpur
ula
ulkanda
ulubaria
uluberia
uluberiya
uludangar
urel chanopur
uriapara
usti
uttapara
uttar jaytara
uttarbhag
uttarpar
uttarpara
vishnupur
warbasini
watganj
west benegal
zamin nischinta
zeyadah kot
adapur
agiaon
akbarpur
akorha
akorhi
amarpur
amas
amba
amhara
amour
amwa majhar
andhra tharhi
andhra thari
anjorpur
ara
arai
arang
araria
ariawan
arrah
arwal
asarganj
asna
asthanwan
athmalgola
aurangabad
azamnagar
azmatgani
azmatganj
babhnoul
bachauli
bachhwara
bachwara
badahpur
badi
bagaha
bagaha
bagsoti
bahadurganj
bahadurpur
bahera
baheri
baijla
baikuntbpur
baikunthpur
bairagnia
bairiya saphi
baisakhi
baisi
bakhra
bakhri
bakhri bazar
bakhtiyarpur
baligaon
ballia
ballia
bamdah
bangaon
banka
bankipore
bankipur
banmankhi
banmanki
bansdih
bar bigha
bara
bara
bara
barachati
barachatti
barahara
barahri
barani
barari
barari
barathpura
barauli
bare
barew
bargaon
barh
barhampur
barhampur
barhampura
barharia
barhat
barhiya
bariarpur
barka gaon
barka katra
barkagaon
barkagaon
barsoi
baruari
baruin
barun
baruni
basah
basantpur
basantpur
basauni
basopati bazar
basopatti
bathnaha
bathnaha
bathnaha jujharpatti
batia
baudha
bauraha
bausi
bazidpur
begusarai
behar
bela
belahi
belhar
belkhara khas
belsand
benibari
benipati
benipatti
benwalia
benwaliya
bettiah
bhabua
bhadasi
bhaduar
bhagalpur
bhagalpur
bhagwanpur
bhagwanpur
bhaptiahi
bharko
bhaunra
bhawanipur
bhawanipur rajdham
bheja
bheldi
bhelwa
bhitia
bhojpur
bhojpur kadim
bhore
bihar
bihar
bihar sharif
bihar state of
bihariganj
bihpur
bihta
bikram
bikramganj
bind
birpur
birpur
bishunpur sundar
bishunpura
bodh gaya
brahma kund
buddh gaya
buddha gaya
buxar
chainpur
chak sikandar
chakai
chakand
chakia
champanagar
champapur
chanari
chandan
chandi
chandi
chapra
chapra
charaut
chatia
chaugain
chausa
chautham
cheraiya
chewara
chhapra
chhata
chhatapur
chhaura
chilhar
chitaon
chupra
colgong
dagmara
dalan chapra
dalmianagar
dalsingh sarai
danapur
dangraha
daniawan
darbhanga
dariaura
darigawan
darkha
daudnagar
daudnagar
debahalia
dehm
dehri
dehri
deo
deodha
deodha bhadaur
deohara
deoria
deshiatoli
desri
dewal
dhaka
dhamaul
dhamdaha
dhamhara ghat
dhaneshari
dhankundia
dhansoi
dharhara
diawan
digha
digha
dighalbank
dighi
dighwara
dihar
dihra
dinapore
dinara
dipnagar
diwaitha
dobhi
doriganj
dulampur
dumaria
dumra
dumra
dumra
dumraon
dumri
dumri chatti
dumrl chatti
durgauti
durjanpur
ekangar sarai
ekchari
ekdari
ekwari
ewati
fakhrabad
fatehpur
fatehpur
fatehpur shahbaz
fatwa
forbesganj
gahmar
gaighat
gajar
garhani
garibpur
garkha
gaupur
gawnaha
gaya
ghazipur
gherasahan
ghoga
ghogardiha
ghorasahan
ghurna
ghusiya
ghusiya kalan
giriak
gobardhana
gobindganj
goh
gonawam
gonawan
gopalganj
goraul
goraur
gulzarbagh
gunjrauliya
gunri
gurua
habibnagar
hafiz saifganj
hajipur
haldikhora
halimpur
halsi
hamidnagar
hanspura
hanti
hardi
harlakhi
harnatanr
harnaut
hathwa
hazrat jandaha
hetampur
hilsa
hisua
hulasganj
husainabad
husepur
ikhlaspur
imamganj
islampur
jagdispur
jahanabad
jahanabad
jahangira
jahangirpur pirthi
jainagar
jaipur
jaitipur
jaitiya
jakhim
jalalgarh
jale
jamalpur
jamalpur
jamdaha
jamo
jamui
janakpur road
jayanagar
jaynagar
jaypur
jha jha
jhanjharpur
jiwdhara
jogapari
jogapatti
jogiara
joki hat
kab
kako
kaliaganj
kamalpur
kamarpur
kamat
kamriaon
kamtaul
kanharia
kantai
karagola
karangarh
karghar
karian
karpi
karwandia
karwandiya
kasba
kasba maker
katea
kathar
kathara
katihar
katra
katuria
kaua kol
kesariya
khagaria
khagaul
khaira
khaira
khaira tela
khaira tola
khairwa
kharagpur
kharari
kharari
kharhana
kharik
kheria
khidar saray
khirhar
khizr sarai
khokhaha
khudaganj
khurmabad
khusropur
khutauna
khutia
kiajori
kinjar
kishanganj
kiul
koath
koch
kochas
koelwar
koilawan
koili
koluahi
kopa
koparia
kora
koriabatti
koriapatti
korwatanr
kothia
kotwa
kuari
kuchai kot
kuchhila
kulharia
kumar bajidpur
kumar bazidpur
kumari
kunma
kuraitha
kuran sarai
kurhani
kurkihar
kurma
kursakata
kursela
kurson
kurtha
ladania
laheria sarai
lai
lakhaipur
lakhaura
lakhisarai
lakho
lalbairo
lalganj
laukaha
laukahi
lauriya
lauriya nandangarh
luckeesarai
luckesserai
madanpur
madanpur
madhepur
madhipura
madhopur
madhuban
madhubani
madhubani
madhupura
madhura
madhwapur
mahadeo simaria
maharajganj
mahinawan
mahuwa
mainagar
mainanagar
mainatanr
mairwa
majhaua
majhaul
majhwalia
majra
maker
makrandpur
malahipur
malepur
malharia
mallehpur
mamatanr
mandar hill
maner
maner sharif
maniarwa
manigachi
manihari
manjhi
manpur
manshahi
manshai
marhaura
maricha
masaurhi
masaurhi buzurg
masaurki
mashrak
masrakh
masumganj
mathila
mathurapur
mau
mednipur
mehnar
mehsi
mohania
mohanpur
mohiuddinagar
mohiuddinnagar
mokama
mokamah
mokameh
mokameh ghat
mokri
monghyr
mor
motihan
motihari
muhammadpur balmi
mujra
mukhrawan
mukuria
munger
munriar
murliganj
musahari block
mushari
mushari farm
muzaffarpur
nabinagar
nadaul
nadwan
nagar nahusa
nagra
nagri
naini
nani
narahia
narainpur
nardiganj
narganjo
narhat
narhi
nasriganj
nasriganji
naubatpur
naugachhia
naugachia
nauhata
nawabganj
nawada
nawada
nawanagar
nayagaon
nayagaon
neazipur
new patna
niranjanpur
nirmali
noawan
nur sarai
obra
pachgachhia
pachnan
pai bigha
pakribarawan
palasi
paleza
paliganj
panapur
panchanpur
pandaul
panwar
paraiya
parihar
parihara
pariharpur
paro
parsathua
parwaha
parwalpur
parwaya
pasraha
pategna
pathamari
patilar
patna
patna city
patna new city
patsanda
pawai
pawakhali
phesar
phulaut
pichhli
pichhli
pipra
pipra
pipra dewas
piro
pirpainti
pirwan
pokhraira
pothia
pratapganj
punarakh
punpun
pupri
puraini
purnea
purnia
pusa
pusauli
qasba
qasba maker
qasi sarai
qazi sarai
rafiganj
raghunathpur
raghunathpur
rajagriha
rajanr
rajapur
rajauli
rajaun
rajgir
rajgriha
rajnagar
rajpur
rajpur
rajpur
rajwara
ramgarh
ramgarhwa
ramnagar
ramnitanr
rampatti
rampur
rampur
rani sagar
raniganj
raniganj
raniganj
rasaul
rasulganj
rauta
rautara
raxaul
reoti
reria
revelganj
riga
roshanganj
roshunganj
runi saiyadpur
runni
rupah
rupau
rupnarayanpur
rusera
sabaur
sabour
sadisopur
saganli
sagarpur
sagauli
saghauli
sagowlee
sahar
sahar
saharsa
sahibganj
saidpur dabra
saisar
sajhauli
sakri
saksohara
saksohra
salimpur
salmari
samastipur
samaul
sambhuganj
sandes
sangrampur
sarai
sarai
saran
saran
sarari
sarhan
saria
sarma
sarmera
sarsi istamrar
sarwan khas
sasamusa
sasaram
savan
sedha
segowlee
segowlie
semapur
semaria ghat
semariya
shahabad
shahkund
shahpur
shahpur patori
shaikhpura
shamhu
shamshernagar
shankarpur
sharfuddinpur
sheohar
sherghati
sherpur
shikarpur
shitab diara
shivganj
sidhauli
sikandra
sikarhata
sikti
silao
silaut
simaltala
simaria ghat
simraha
simrahi
simri
simri bakhtiarpur
singheswar
singia
sirdala
sirdalla
siriswa
sisai
siswar
sitamarhi
siwan
siwan
soh sarai
sonahula
sonaili bazar
sonbarsa
sonpa
sonpur
sontha
srinagar
sugauli
suiabathan
suitha
sukhanagar
sukhpur
supaul
supaul
surajgarha
surajpura
suremanpur
sursand
taiabpur
taibpur
tajpur
tajpur
tajpur
tamoria
tankuppa
taraia
taraiya
tarapur
taunsa
teghra
tehta
tekari
telwabazar
tetaria
tetrawan
thakurganj
tharbitia
tikulia
tilothu
tirhoot
tola gujarwalia
tribeniganj
tulsipur
tumba
turkauliya
turkaulla
turki
udawantnagar
ujiarpur
usas
war
war khas
waris aliganj
waris ariganj
warisnagar
wazirganj
worhanpur
atawa
atawa choa
bahlana
bajwara
bhagwanpura
bijwari bakhta
burail
burail
chandigarh
dariya
fatehgarh
gurudwara
hala majra
kanthala
kishangarh
kursan
makhan majra
mani majra
mariwala town
mauli
phaldan
pipaliwala town
raipur kalan
raipur khurd
raj bhavan haryana
raj bhavan punjab
shahpur cholian
union territory of chandigarh
abhanpur
achanakmar
achhota
adbhar
ahirpara
akaltara
alu pahar
amabera
amagohan
amakona
amamora
ambabhona
ambikapur
amrati
anda
antagarh
arang
arjunda
arjuni
arjuni
arjuni
arkar
arsia
asandiah
asulkhar
attigam
badal
bagbahal
bagbahra
bagicha
bagodori
bagra
bagraudih
bagroudih
baikunthapur
baikunthpur
baitalpur
bajapur
bajia
bajpar
bakalo
bakaruma
baldakachhar
balod
baloda
baloda bazar
balodgahan
bamini
bamnidihi
bampur
banbarad
bandapal
bandar
bandarchua
bangoli
bania
baniagaon
bankal
banskot
barabanki
baramkela
barbaspur
bardar
bardula
barekel
barenda
baresanr
bargaon
bargaon
bargarh
bargidih
barhaitola
barheli
barhi
barsur
barthi
barthi kalan
bartori
baruar
basaguda
basagude
basantpur
basanwahi
basna
bastar
baster
bastipali
batrel
baya
beharpur
beherasi
belaspur
bele
belgahna
belghana
belha
belma
belsonda
belsondha
beltikri
bemetara
benura
berasi
berla
bhabanapali
bhairamgarh
bhakhara
bhakhra
bhakurma
bhandara
bhandaria
bhanpuri
bhansoj
bhanupratappur
bhanwarpur
bhatapara
bhatgaon
bhatgaon
bhatigan
bhatli
bhattigam
bhaunri
bhauri
bhejagurha
bhelai
bhendra
bhilai
bhiragaon
bhogamguda
bhondiapara
bhothidih
biharpur
bijapur
bilaigarh
bilaspur
bindra nawagarh
binia
binur
binusuli
birgudi
birjnagar
birkepa
biroda
birora
birra
bisambharpur
bisora
bisrampur
bisrampur
bisrampuri
bobda
boguldega
bojha
borai
boran
boria kalan
boriguma
borigumma
borla
borsi
bortara
boturakachar
budhgaon
buldega
bundeli
bundeli
burgahan
burgam
burgum
byapur
byramgarh
chachia
chainpur
chaitma
chal
champa
champa
chanat
chandagar
chandarpur
chandarpur
chandha
chapajhar
charama
charmuria
charwadih
chataonda
chhal
chhatauna
chhati
chhota dongar
chhuikhadan
chhura
chhuri
chichola
chicholi
chilpi
chinia
chintalnar
chintapalli
chintulnar
chiraikund
chithra
chitrakot
chota damali
chota dongar
churki
chutku
chutru
dabra
dabugam
dalli rajhara
damakhera
dantevara
dantewara
darba
darba
darhi
darima
darri
daspur
dasrangpur
datan
daura
deobhog
deogaon
deokar
deokonadi
deona
deorabhata
deorbija
deori
deosil
devipatnam
dewadand
dhamda
dhamni
dhamtari
dhaneli
dhaneli
dhanora
dhanpunji
dhanpur
dhansir
dharambandha
dharmjaygarh
dharmpura
dharsinwa
dhawalpur
dhawalpur kalan
dholunda
dhondhatarai
dhongamba
dhoribahal
dhorpur
dhurkot
dhusera
dipadih
diwanpali
doddimetta
dodmetla
dodra
dogoli
dokla
dolaras
dondi
dongar
dongara
dongargaon
dongru
donpuri
drug
dudimeta
dudiras
dumartoli
dumbartoli
dumrahar
durg
durgu kondal
durpa
elmagonda
fingeshwar
gandabahali
gandai
gangalur
gangtar
ganiari
ganjar
garenga
garh phuljhar
gariaband
gattasilli
ghaghra
gharghoda
ghordega
ghota
ghotia
ghui
ghumka
ghungari
ghursena
ghutku
ghutra
gidam
gidum
girwani
godelgudiam
gogonda
gondpalli
gondpili
gopalpali
gopalpur
gorka
goti
guma
gumla
gumma
gundardehi
gunderdehi
gurda
gurur
guthurma
halba
handchokha
harchoka
hariharpur
hasaud
hasaud
hataud
hatkoli
hatkondal
hattigam
hemagiri
himgir
hingir
hirmi
hoinar
hoinur
ikul
indagaon
jagannathapur
jagargonda
jagdalpur
jagdishpur
jaijaipur
jainagar
jaitgiri
jaldega
jamangri
jamgaon
jamul
jamungri
janjgir
jarion
jashpur
jashpurnagar
jaspur
jatkanhar
jhalap
jharbandh
jharigan
jharlama
jhikipali
jhilimunda
jhilmili
jiggeronda
jilda
jirampal
jirampili
jorigam
junagarh
kabai konga
kaeukanga
kakricholi
kalimala
kalimela
kalnai
kalua
kameli
kamgaon
kamraj
kandel
kandri
kanika
kankapal
kanker
kanki
kanpara
kanteli
kanwar
karabel
karcha
karhibhadar
karka
karra
karsi
kartala
kasdol
kaskanga
kaspur
kasukanga
katami
katghora
katgi
kauhi
kawardha
kedua
kelba
kelendapali
kenda
kendai
kendri
keradih
keragan
keskal
khadma
khaira
khairagarh
khairagarh raj
khajuri
khalari
khalari
khaliakani
khamar
khamaria
khamharia
khandsara
khapri
khargaon
kharod
kharora
kharsia
kharupani
khatanga
khatti
khodri
khohir
khohir
khokhra
khokra
khond
khormul
khujji
khuni
khuria
kodapakha
kodinga
kodunigud
kodwa
kodwa
koelibeda
koinjara
kokanar
kokavada
kolaibahal
kolur
komakhan
komana
komna
kondagaon
kondegaon
koni
konpara
konpara
konrra
kopra
korba
korea
koriras
korondi
kosrangi
kosumkhuta
kot
kota
kotapad
kotaparh
kotarlia
kotba
kotmi
kotmi
kotmi kalan
kotra
kuakonda
kuakunda
kuchenga
kudabaga
kudurgaon
kui
kukanar
kulmili
kumhari
kunda
kundai
kundara
kundei
kundora
kuni
kunjara
kunkapal
kunkuri
kunkuri
kurdeg
kurdeg
kurse korhi
kurua
kurud
kusm
kusmi
kusmi
kusmi
kusumkasa
kutru
ladua
lahpatra
lahsunpat
lailanga
lailunga
lakhanpur
lakhanpur
lakhanpur
lakhanpuri
lakhna
lakshmanpur
lalanti
lanjora
lanka
lapha
larabor
larka
latabor
lawan
lelanga
lemru
lendara
lerua
lifripara
litipara
loakara
lobarchatti
lohara
lohara
loharchatti
loharsi
loharsis
lormi
luakera
lundra
mabdeitikra
machida
madanpur
madhuban
magarlod
magarlor
mageda
mahadeopali
maharaji
maharajpur
maharajpur
maharajpurdih
mahasamund
mahdeitikra
mahuadan
mahuadanr
mahupadar
mainpur
mainpur khurd
majgaona
makhya
makri
malakanagiri
malakangairi
malhar
malkanagiri
malkangiri
malkhurda
mandem
mandhar
mangchua
mannemkonda
manpur
manpura
markatola
maro
marod
masturi
mathili
matin
matringa
mattili
mero
milupara
mogedda
mohda
mohera
mohgaon
mohpadar
mopodor
mottugudiam
motu
mouadih
mukapara
mukdega
mulbar
mulmula
mungeli
munjola
munund
murapara
musra
nagai
nagar
nagarnar
nagpur
nagri
nandghat
nandul
nankatti
naogai
narainpur
naranpur
nargora
narharpur
narra
naura
nawadih
nawagaon
nawagaon
nawagaon
nawagaon
nawagaon
nawagarh
nawapara
nawapara
nawapara
nawapara
nawapara rajim
neora
neur
nilji
nimora
nipania
noapara
nonbira
nuaparha tanwat
nunera
ongna
ordel
ordeltong
padigaon
padmur
paharbula
pahargaon
palari
palaud
pali
palma
pamgarh
pandarbhala
pandaria
pandatarai
pandrapat
pandridand
paparhahandi
pappadahandi
parali
parapur
parasgaon
paraswani
paraswar
parhia
parkor
parkorh
parmalkasa
parpatia
parpodi
parpori
parsa
parsati
parsuli
partabpur
pasan
patan
pateli
patewa
pathalgaon
pathargaon
patharia
pathri
patna
patraput
patri
patroputtu
pauni
pendari
pendra
penta
peta
phampini
phampuni
pharasgaon
pharsabahal
pharsiya
phulsari
phundardih
phunra
pidikalo
pilkha
pinkapar
piparchheri
piparchheri kalan
piparia
piparkhuti
piplawandi
pirhapal
piria
pithora
podia
pollur
polluru
pondi
pondi
pongra
pongro
poreh
puri
pusaur
pusra
puswara
rabkob
raidi
raidih
raigarh
raighar
raikera
raipur
raitam
raj nandga
raj nandgaon
rajadera
rajagaon
rajana
rajim
rajna
rajoda
rajpur
rajpuri
rakhi
ramagiri
ramanuj ganj
ramanujnagar
ramkola
ramogiri
rampur
ramtek
ranpura
rasela
ratanpur
rehra
risgaon
rudri
sagar
sahgaon
sair
saja
sakardih
sakarra
sakhi
sakri
sakti
salepali
salimi
salkhan
salwahi
samaruma
sambalpur
sambalpur
samoda
samri
san gumma
sana gumma
sanjari
sankra
sankra
sanna
saoltikra
sapos
sarabang
sarabong
saragaon
saraipaili
saraipali
sarangarh
sarapgarh
sarda
sardha
sarhari
saria
sarma
sarona
sarsiwa
sasha
satipara
satrenga
selud
semaria
semarsot
semartal
semradih
seorinarayan
seorinaryan
seragirhi
shampur
sheotarai
siang
siddhma
sihawa
sikosa
silhati
silheti
siliari
silyari
simga
sinapali
singanpur
singhi
singhora
singhpur
singhra
siphonpara
sirgiri
sirmina
sirpur
sirsi
sohagpur
sohagpur
sohela
son
sonabera
sonhat
sonpur
sosonpal
chhattisgarh
suarmar
suklapara
sukma
sulsuli
sulsulia
sunaberha
sunkon
sur
surajpur
surguja
surquja
surta
takhatpur
tala
tamki
tamnar
tamnur
taparia
tapkara
tapkora
tappa
taraborh
tarbor
tarenga
tatcdhar
tatedhar
tattapani
taurenga
temrupalle
tendua
tendukona
tetla
thagaon
thakurtola
thathari
thilgaon
tilai
tilairawar
tilda
tildega
tiparia
tittiveru
tolonga
tomia
tulsi
tumgaon
tumnar
tundri
turad
uchlenga
udan
umarkot
umko
uparwara
urda
uslapur
utai
villarti
wolampili
wolempalle
yelmagonda
amal
ambabari
amboli
amli
atal
athal
bedpa
berpa
berpum
bildari
cadoli
carar
cararpara
carchonde
carconde
chicli
chikhli
chikli
dadara
dadra
dadra and nagar aveli
dadra and nagar havili
galonda
gaonda
golonda
gotar
karad
karchond
karchondi
khadoli
kharadpada
kharadpara
kherarbari
kherdi
kothar
luari
luhari
mandauni
mandavni
mandoni
mandonim
masat
mashat
massate
mota randha
nagar haveli
nana randha
naroli
norali
noroli
pati
patti
querarbari
racoli
rakholi
randa
randa pequeno
randha moti
randha nana
randhu moti
randhu nani
rudana
saili
saily
selvasa
shindhoni
sili
silvassa
sindavni
sindonim
umbarkoi
umborcui
union territory of dadra and nagar haveli
vansda
vasona
vassona
velugam
velugao
bhimpur
bimpor
daman
damao
damao
damaun
dholar
diu
div
doler
ghaniwar
ghantwar
gogla
gogola
kotda
marvor
marwad
sarkharia
sigsar
union territory of daman and diu
alipur
azadpur
badarpur
baqargarh
bawana
bawana delhi
chatarpur
chattarpur
chhatarpur
chhattarpur
connaught place
dehli
delhi
delhi
delhi cantonment
delhi paharganj
delhi sabzimandi
dera
dera mandi
dhandasa
dichaon kalan
dilli
dilli
dindarput
fort tughlakabad
isharheri
jafarpur kalan
jawaharnagar
jharoda kalan
kair
kalkaji
kalkaji devi
karol bagh
khaira
kharkhari nahar
mahrauli
mandhela kalan
mandhela khurd
mehrauli
mitraon
mukhmerpur
mukmelpur
najafgarh
najafgarli
nangloi
nangloi jat
narela
national capital territory
national capital territory of delhi
new cantonment
new delhi
new dilli
nilwal
old delhi
paharganj
palam
paprawat
roshanpura
roshanpura
sabzi mandi
samalkha
shakurpur
soreda
delhi
subzi mundi
surkhpur
tughlakabad
tughlaqabad
union territory of delhi
demjong
dremojong
gangtok
kingdom of sikkim
sikhim
sikkim
acaro
adsulim
advolpale
advota
agacaim
agarvado
aglot
agoada
agonda
aguada
aguada fort
agwad
ajgaon
aldona
ambarim
ambaulim
ambelim
ambora
amona
anjuna
anjunem
anjuriem
arambol
aroe
aros
arpora
assagao
assolda
assolna
assonora
azossim
azzosim
bali
bally
bambolim
banastarim
bandoli
bandora
barcem
bastora
batim
benaulim
betalbatim
betgui
betora
betqui
betul
bicholim
bicholim town
birondem
bogmolo
boma
borim
buimpal
calata
calate
camocllu
camorlim
camprol
cana
canacona
canaguinim
candeapar
candiapar
canvorem
capao
carambolim
carapur
carmona
cassabe de bicholim
cassabe de ponda
chander
chandor
chandorgo
chapora
chapora fort
chauri
chauri town
chicalim
chicolna
chinchinim
chiquilim
chopdem
codar
codqui
cola
colomba
colombi
colonia goa
colovale
colva
colvale
comproi
comprol
concem
conquirem
consua
conxem
corchirem
corgao
cormonem
corqui
cortalim
cortolim
cotombi
cotorem
cudnem
cuelim
cunchelim
cuncolim
cundaim
cupa
curca
curchirem
curchorem
curchurem
curdi
curpem
curti
curtorim
dabal
dabolim
damal
darbandora
dargalim
dauconda
davorlim
dicholi
distrito de goa
dramapur
dumacem
durbate
dxel
fatorpa
gandaulim
gaundongrem
goa
goa
goa
goa district
goa velha
goltim
govanem
guirdolim
guirim
gululem
itanagar
jambavali
jua
kalyanpur
kankon
latambarcem
latembarcem
ledo
loutolim
loutulim
macasana
macasana
macazana
madgaon
madkai
maem
magdal
mahem
maida
maina
malar
malbona
malcopona
maleopona
malvona
mandur
mapuca
marcaim
mardol
margao
marmagao
marmagoa
marmugao
marn
marna
maulinguem
maus
melcornem
merces
mermugao
moira
molcornem
molem
mopa
moriem
mormugao
morpirla
muguli
mulem
mulgao
nachinola
nadora
nagorcem
naina
nanus
nanuz
naozor
naroa
navelim
navelim
nerul
neura
neuraopegueno
nirancal
nogorcem
nova goa
nuvem
orlim
oxel
pale
paliem
palle
palolem
panaji
pangim
panjim
parada
pareda
paroda
parra
parxem
patnem
peligao
pernem
pilerne
piliem
piligao
pirna
pissurlem
poinguinim
pololem
pomburpa
ponda
ponsuli
poriem
porio
poroscodem
priol
quelossim
quepem
quepem town
querim
querim
queula
racaim
rachol
raia
revera
revora
ribandar
rivona
salauli
saligao
sancoale
sancordam
sancordem
sangod
sanguem
sanquelim
santa cruz
sanvordem
sarvona
sarzora
serula
sigao
silidao
siolim
sirgao
siridao
sirigao
siroda
sirvoi
solim
goa
sulcorna
surla
talaulim
talaulim
taleigao
talvorda
tamborcem
tamboxem
tanem
telaulim
terekhol
tilamola
tiracol
tirakul fort
tivim
torxem
tudou
tuem
ucassaim
uguem
uguem
union territory of goa
usgao
utorda
vaddem
vadem
vainguinim
vantem
varconda
vasco da gama
velcao
velguem
velha goa
velim
velinga
verdi
verem
verem
verla
verna
virnora
xeldem
xelvona
zambaulim
achad
adalaj
adesar
adhoi
adityana
adkot
adri
adriana
adriyana
adwal
adwana
agar
agas
agatrai
agatral
agol
ahmadabad
ahmadnagar
ahmedabad
ahmednagar
ahwa
aimand
ajab
akadia
akadia
akolda
akoti
akri
akria
akrund
alampur
alidar
alina
alolda
alu
amadavad
amalpada
amba
amba
ambaldi
ambaldi
ambargaon
ambheti
amkhuta
amliyara
amod
amran
amrapur
amreli
amroli
amta
anand
anandpur
anandpur
anaud
anawal
andharkaneh
anghad
aniali
anjar
ankevalia
ankevalia mota
anklachh
ankleshwar
anklesvar
antapur
aramda
aramra
arana
aranra
ardi
areth
aria
arik
arikh
arnala
asambia
asara
asarsa
astgam
at
atarsumba
atgam
athamna bara
avidha
babra
bachau
bada
badarpur
badi
baet
bagasara
bagasra
bagathala
bagathla
bagodra
bagwadar
bahadarpur
bahadurpur
bahiel
bajana
bakharia
bakharla
bakor
balachadi
balagam
balamba
balana
balasar
balasar
balasinor
baldanu
baldhoi
baldoi
balesar
balisna
balol
balupara
balupura
balwasa
bamanbore
bamankua
bamankuwa
bambhanka
bampur
bandar
bandia
bansda
bantva
bantwa
baola
baoli
baori
barada
bardoli
bardoti
bareja
baria
bariya
baroach
baroda
baroda
barodra
barpatoli
barvala
basu
batwa
baunagar
bavliali
bavliari
bayad
bebar
bed
bedi
bedi bandar
beerwarah
beh
behera
bela
bela
bela
benap
ber
ber mota
beraja
beraja
beraja
berajia
bet
bhabar
bhabbar
bhabhar
bhabhot
bhachau
bhad
bhadarva
bhadarwa
bhadhot
bhadia
bhadia nana
bhadkad
bhadla
bhadli
bhadra
bhadran
bhadresar
bhadreswar
bhadrod
bhadthar
bhadva
bhagva
bhagwa
bhaika
bhakodar
bhalala
bhalod
bhalsan
bhalsan great
bhalsan mota
bhanadra
bhandaria
bhandariya
bhandu
bhanduri
bhangor
bhanvad
bhanwar
bharapor
bharapur
bharat
bharbhut
bharduva
bharnagar
bharoch
bharuch
bhat
bhatha
bhatiya
bhatiya
bhaunagar
bhauwar
bhavda
bhavnagar
bhaya nadar
bhayala
bhayaradar
bhayavadar
bhayawadar
bhdrala
bherai
bherala
bherandiala
bhesan
bhilari
bhildi
bhilka
bhiloda
bhilpur
bhimasar
bhimasir
bhimkata
bhimkatta
bhimnath
bhimora
bhimrad
bhinar
bhit
bhogat
bhoika
bhojavadar
bholawat
bholowat
bhooj
bhorol
bhuj
bhujpur
bhunagar
bidada
bildi
bilimor
bilimora
bilkha
bilodra
bokri
borgam
boria
borki
borsad
botad
brancavara
broach
broach
buchow
buhari
bulsar
bunxivara
burcala
buxivara
cambay
canari
chaklasi
chakra
chalala
chaloda
chalora
chamardi
champaner
chanasma
chandap
chandarni
chandawari
chandisar
chandli
chandod
chandrani
chandrawada
chandrora
chandyan
charadva
charan
charkha
charkhardi
charopadi moti
chatar
chavad
chhaen
chhala
chhalala
chhara
chhasra
chhipdi
chhipri
chhota udepur
chhuchhapura
chikda
chikhli
chikhli
chikli
chilakota
chiol
chirai m
chirai mota
chital
chitrod
chitror
chobari
chobari
chodwan
chok
chokri
chor warodra
choranda
chorandla
chorangla
chorimal
chorivad
chorunal
chorwad
chorwar
chota udaipur
chotila
chuda
chudeswar
chuna
chunda
chunel
chura
civil station
cutch mandi
dabha
dabhel
dabhoda
dabhoi
dabka
dadhaha
dadhalia
dagachi
dagasi
dahegam
dahej
dahida
dahinsara
dahiusara
dahod
daidarda
daisalpur
daisara
dakor
dalkhania
dama
damnagar
dandi
dangarva
dangarvadi
dangarwa
dangrawari
danta
dantali
dantivada
dared
dari
dasada
daslana
datha
debhari
dedadra
dedan
dedarda
dediapada
deesa
degam
degam
dehej
dehejbara
deheli
dehemai
dehgam
dekawara
delol
delvada
deogad
deolia
deolia para
deora
derawali
derdi janbai
derol
derol
deroli
desalpur
desar
desotar
detroj
dev mori
devani mori
devgad baria
devgadh bariya
devjagan
devlia
dewan
deyall
dhaita
dhamlej
dhandhalpur
dhandhuka
dhanera
dhangdhar
dhank
dhansura
dharabandar
dharampore
dharampur
dharara
dhari
dharmaj
dharoli
dhasa
dhima
dhinoj
dhola
dholasa
dholia
dholka
dholovira
dhorail
dhoraji
dhrangadhra
dhrangadra
dhrasanvel
dhrol
dhunvav
dhurrumpur
dighas
digsar
dihor
dikshal
dilarampur
dillwara
dilwara
diodar
disa
diyodar
dohad
dolasa
dolatpur
dolwan
dongar
dores
drafa
dudhai
dudhala
dudhia
dudkha
dumas
dumkhal
dumra
dungarpur
dungri
duva
dwarka
eklara
elao
fakirwari
faradi
fatehgadh
fatehgndh
fatehpura
forte de nagoa
gabat
gad boriad
gadhada
gadhada
gadhagra
gadhaka
gadhali
gadhechi
gadhia
gadhka
gadhka
gadhoola
gadhula
gadra
gadu
gaga
gamph
ganadevi
gandeva
gandevi
gandhidham
gandhinagar
gandi dham
ganeshpura
gangabana
ganod
garada
garara
garej
garh anapur
gariadhar
gariyadhar
garkhadi
garmali
garmali nani
garvi
gathaman
gavridad
gedi
gedi
ghamnad
ghana
ghandinagar
ghanshyampur
ghantila
ghantoli
ghodasar
ghodbar
gholau
gholav
ghorasar
ghota
ghotu
ghuar mota
ghunada
ghutia
gigasaran
gijram
goarsama
godhr
godhra
godhra
godra
goima
gokalpura
gokhatar
gokolpura
golana
gomta
gondal
gop
goraj
gorsar
gorva
gorwa
gotarka
gothva
guema
gujarat
gujrat
gumanday
gumandev
gunda
gunda m
gundala
gundi
gundi
gundiali
gundiali
gunra
gurgat
guthli
guyarat
gyram
hadiad
hadmatia
hadmatiya
hadol
halenda
halol
halvad
halwad
hansot
hansut
hariana
harij
harinagar
haripura
harsol
hasanpur
hathab
hebatpur
herola
himatnagar
hindolia
hirad
hosainpura
hubakvad
iavej
idar
ilav
ilol
indran
ishwaria
itaria
jafarabad
jagudan
jakhan
jakhau
jalalpore
jalalpur
jalia
jalia
jalotra
jamanpur
jambuda
jambughoda
jambura
jambusar
jamdar
jamka
jamnagar
jamnogar
janan
janghi
jangi
janjmeer
janor
janra
jaria
jarod
jasdan
jatawada
jegri
jepur
jesavada
jesawara
jetalpur
jetalsar
jetpur
jetpur
jetpur
jhabugam
jhagadia
jhajham
jhakar
jhalod
jhanjhmer
jhanjwa
jhankhar
jherda
jhinjhuvada
jhogadia
jhunjuwara
jhura
jhuran
jodhpur
jodiya
jodiya
jodiya bandar
jokha
juna raj
junagad
junagadh
junagarh
junaghur
juria fort
kachchigadh
kachholi
kadach
kadana
kadi
kadod
kadpur
kadval
kadvali
kadwar
kagdari
kahanuwa
kahanva
kahari
kaipur
kaira
kajli
kakanpur
kakosi
kakoski
kakreji
kalatalav
kalavad
kaliana
kaliana
kalol
kalol
kalri
kalyanpur
kamadhia
kamalpur
kambay
kamrej
kanadi
kanalus
kanawara
kandh
kandla
kandla port
kandorna
kandorna
kanij
kankavati
kanodar
kanpar
kantharia
kanthkot
kantkot
kapadranj
kapadvanj
kapura
karakthal
karali
karamsad
karanj
karban
kariana
karnadi
karnali
karvan
karwan
kasandra
katadi
kathara
kathlal
kathor
katkola
katosan
katosan road
katosan road junction
katpur
katpur
katwara
kau
kavant
kavi
kawant
kawi
kel
kera
kervada
kerwada
keshod
keshrol
kesia
kesod
kevdi
khagasari
khakharda
khambalya
khambayat
khambha
khambhalia
khambhaliva
khambhaliya
khambhat
khambhodar
khandera
khankotra
kharad
kharba
kharchia
khareri
khari rohar
kharia
kharkala
khatumba
khavad
khavadi
khavadi mota
khavda
khawad
khawada
khed brahma
kheda
khedoi
khedwa
khemat
kheradi
kherali
kheralu
khergam
kherod
khetwa
khijadia
khijariya
khimrana
khimrara
khirasra
khirasra
khodu
khojachora
khokhri
khombhadi
khombhadi mota
khombhadi nana
khombhdi
khorana
khuntaora
khuvda
khyaria
kileshwar
kirli
koba
koba
koba
kochiana
kodae
kodh
kodina
kodinar
kodram
kokhri
kolak
koliak
kolithar
koliyak
kolki
konthkot
koral
korda
korinar
kosa
kosamba
kosamdi
kosamri
kotada
kotada
kotadi
kotasan road junction
kotda nayani
kotda sangani
koth
kothamba
kothara
kotharia
kotra nes
kotra pita
kotra pitha
koyali
koyli
kuba
kuchavada
kuchhadi
kuda
kudalia
kukadsar
kukarmunda
kukdia
kukma
kulli
kundla
kundla
kunkavar
kunkavav
kunkavay
kunkawa
kunol
kunria
kunria
kuntiyana
kural
kuran
kuranga
kurtiyana
kutiyana
kutpur
kutrah
kuvada
kuvadra
kuvarva
kuwa
kuwar
lachharas
lachpur
ladol
ladrani
laeja
lahara
lajpur
lakadia
lakadiya
lakhabawal
lakhapadar
lakhini
lakhni
lakhpal
lakhpat
lakhtar
laloi
lalpur
lalpur
lama
lamba
lambria
langhnaj
lasundra
lathi
lati
latipur
lavchali
lelava
libasi
lilia
lilia moia
liliya
limbda
limbdi
limdi
limkheda
limkhera
limodra
limri
linga
linkheda
lodai
lodal
lodhika
lodhwa
lodrani
lohej
lotpur
luctor
luhara
luna
lunavada
lungiya
luni
lunsar
lus
luvarsal
luwarsal
machiliwar
machliwar
madharpur
madhavpur
madhi
madhia
madhwas
madka
magodi
magoi
maguna
magvana
magwana
mahadeopur
mahasar
mahemdavad
mahesana
mahisa
mahiyari
mahmadpur
mahudha
mahura
mahura
mahuva
mahuva
mahuva bandar
majal
makni
malan
malia
maliya
maliya
mallia
malodh
malpur
malpur
malsaram
malwasi
manavadar
manawadar
mandal
mandala
mandodra
mandva
mandvi
mandvi
mandvi
manekwara
mangrol
mankuva
mankuwa
manli
mansa
marad
marmat
maroli
maroli
maruli
matanomadh
matar
matar
math
mathak
mathasulia
matra
matwa
mayurnagar
medhasan
meghpur
meghraj
megna
mehelao
mehelav
mehervara
meherwara
mehlav
mehmadabad
mehsana
mendarda
mengni
mesar
mesaria
meswan
methan
methavi
metiveli
meusana
mevasa
mewali
mewasa
miagam
mial
miani
mithapur
mithapur
mithoi
mitivirdi
miyagam
miyani
modasa
modassa
modhera
modhpur
modhvada
modhwara
modpur
mogari
mogri
mohan
mohanpur
mojap
mokal
molel
monvel
mora
moraj
morasar
morbi
morcol
mori
morjhari
morkhal
morpa
morpur
morpur
morpur
morva
morvada
morvi
morwa
morwara
mota
mothala
moti cher
mouana
movan
moviya
muana
mudetha
mudi
mudia
mul dwarka
muler
muli
mulila
mull
mundeti
mundra
mundra bandar
mungrol
munjpur
munjpur
mustafabad
muwala
nachankhadak
nada
nadiad
nagasari
nagoa
nagra
nagwa
nahapa
naidad
naika
nakhtarana
nakhtrana
nal
naldhara
naliya
nananpur
nanawara
nandasan
nandod
nandol
nangarecha
nangor
nanodra
napad
nar
nara
narah
narayanpur
nardipur
naren
nargol
nargole
nari
naroda
narora
nausari
navabandar
navadra
navagam
navagaon
navanagar
navangar
navasari
navgam
navi dhrewad
navibandar
navinal
navinar
navsari
nawagam
nawagaon
nawanagar
nedra
netra
netrang
nijhar
nikara
nikava
nikora
nikora
nikora mota
nilvala
ningala
nirmali
nirpan
nirpar
niruna
nitrang
noghanvadar
nosari
nowanagar
nowanuggur
od
odadar
ohond
okha
okha port
okhamandal
old deesa
olpad
omersari
ometa
ooru
oru
orwara
pachham
pachhegam
padana
paddhari
padra
pah
pal
pal
palali
palanpur
palansva
palanswa
palasni
palasvihir
palchhi
paliad
palitana
paliyad
palsana
panadra
panar
panchasar
panchasar
panchati
panchatia
panchavada
pandwa
paneli
panetha
pansina
panvad
panvi
panwad
paral
parantij
pardi
parnera
parodi
passo covo
patan
pathavada
patri
pechdal
pethapur
petlad
phacharia
phala
pharadi
phatag
phulsar
picharvan
pichwa
pihej
pihij
pihu
pimpri
pindara
pingli
pipalwa
pipar
pipartora
piplod
piprala
pisawara
pitar
poorbunder
porbandar
port okha
port porbandar
poshetra point
posina
positra
prempur
punadra
purbandar
pusri
pusri
rabda
radhanpur
radhwanaj
raipura
raivada
rajgad
rajgarh
rajkot
rajpara
rajpara
rajpipla
rajpipla
rajpipla
rajpipta
rajpur
rajpur
rajula
ralol
ramas
ramjikhant
rampara
ramparda
rampatel
rampur
rampur
rampura
ramsan
ramwao
ran
ranagadh
ranapur
ranasan
ranavav
ranawao
rander
randhia
randhikpur
raner
ranghola
rangpur
ranianiba
ranigam
ranjamba
ranjapur
ranpur
ranpur
ranpur
ranpur
ranpur kathiawar
ranuj
ranveri
rapar
raphu
rardhu
rarodra
ratadi
ratadi
ratadia
ratanpur
ratanpur
ratia
ravel
rawal
rawal
rawalia
rawapur
raygad
reha
reha mota
reha nana
rena
renlawara
rennur
roha
rohani
rohisa
rohoni
ronvel
ronveri
rozi
rozi mata
rupal
rupawati
rupdevli
sabarmati
sabarmati junction
sabhrai
sachim
sachin
sachir
sadarval
sadgavhan
sadra
sagbara
sagtala
saidal
sajod
sakhpur
salabatpura
salaya
samadhiala
samadhiala
samadiala
samakhiali
samalji
samat
sami
samla
samlaji
samlasar
samou motawas
samparda
sampra
sanand
sandhan
sandheli
sanjeli
sanjell
sankartalao
sankeshvar
sankeshwar
sankhalpur
sankheda
sankra
sanosra
sant
santalpur
santhal
saori
sara
sarapdar
sarbhon
sardargarh
sardarpur
sardhar
sardoi
sarkhej
sarla
sarmana
sarmat
sarod
sarotra
sarrode
sarsa
sarsa
sarsai
sarsan
sarwad
sasa
satam
satej
sathamba
satlasna
satodad
sauli
savaikot
savli
sayla
sejakpur
sejalia
selari
sengpur
shahabad
shahpur
shanor
shapur
shapur
shegwa
shehera
sherav
shergad
shianagar
shiani
shihanagar
shihor
shikarpur
shil
shimar
shinaya
shioni
shivrajpur
siddhapur
sidhpur
sidsar
sihan
sihara
sihod
sihor
sika
siki
sikka
sil
simalia
simar
sinawara
singpur
singpur
sinor
sipur
sisagadh
sisang
sisodra
sisor
sitapur
sodaori
sojitra
sokhda
somnath
sonaria
songadh
songarh
songarh
sonwari
sothri
gujarat
sudamda
sudasna
suigam
sujnipur
sukhsar
sultanpur
sultanpur
sumra
sunak
supedi
surat
surat
sureli
surendranagar
surpan
sursi
suthri
sutrapada
sutrapara
sutrapera
suvi
tadach
tadkachhla
tadkesar
tadkesvar
tajpuri
talaja
talsana
tankara
tankari
tankaria
tansa
tarasvu
tardhara
tarkeshwar
tera
tervada
thala
than
thana galol
thangadh
thara
tharad
tharad
thasra
thol
tikar
tikar run
tilakvada
tilakwada
timana
timba
timba road
timba road junction
titoi
toda
tokarwa
tokarwa khurd
torna
trakuda
trapaj
tukda
tukda miyani
tuna
tundao
uchuan
udel
udhad
udvada
ugamedi
ugta
uker
umaradi
umargam
umari
umaria
umarpada
umarsadi
umbargaon
umbarpada
umersadi
umeta
umia
umra
umrala
umrala
umreth
umri
umria
umta
un
una
unjha
unurala
upleta
utran
uwarsad
vachhu
vad
vadagam
vadal
vadali
vadali
vadasinor
vadgam
vadgam
vadnagar
vadodara
vadodra
vadphali
vagh talao
vaghodia
vagra
vagrol
vahelala
vajapur
vajiria
vajpur
vakal
vala
vala
valabhipur
valam
valasan
valasna
valia
vallabh
vallabh vidhyanagar
vallabh vidyanagar
vallabhipur
valod
valsad
valukad
vana
vanala
vanderda
vanji
vankaner
vankaner kathiawar
vankia
vanod
vansada
vanta
vanthli
vapadedara
varagam
varahi
vari
variao
varnu wandh
vartej
varwala
vasa
vasad
vasai
vasavad
vasurna
vatam
vav
vavania
vavania bandar
vavaniya
ved
vehelal
vejalpur
vekaria
velachha
velachka
velan
velavadar
velawadar
velda
veraval
versara
vesma
vevji
vichhia
victor
vijapur
vijayanagar
vinchchavad
vinchhavad
vinchia
vinjhan
viramgam
virani
virani mota
virani nana
virpur
virpur
virwao
visavadar
visavadi
visavedar
visnagar
vithalapur
vithalgadh
vithalpur
vithodar
vitoj
vvara
vyara
wadal
wadala
wadala
wadali
wadapadhar
wadbhet
wadgam
wadhwan
wadhwan camp
wadhwan city
wadhwan civil station
wadsar
wagatalao
waghai
waghnagar
waghoria
waghroli
wagnugga
wainaj
wainej
wakal
walan
walasan
walsad
wamleshwar
wanch
wandhia
wankaner
wansda
wanthali
warai
wardhari
wargam
wari
warsara
wasan
waskui
wasna
wasna
wataman
watuwa
wergaum
wisawari
wondh
wumlasir
zainabad
abdullahgarh
abdullahpur
abdullapur
abdullapur
abhepur
achina
addu majra
adhaun
agaundh
agroha
ahamad ki dhani
aharwan
ahmadpur
ajrana kalan
ajrana khurd
ajrani
ajrawar
alauddin majra
alika
alipur
amarpur jorasi
ambala
ambata
ambwala
amin
amka
amrala
andhgarh
anwali
asan kalan
asandh
asauda todran
asaudah
asaudah todran
asenda
aseriwali
asiaki
ateli
atwan
aujlan
aurangabad
awadhan
azimpur
azizullahpur
azmatpur
babain
babakpur
babarpur
babarpur
babarpur
bachpari
badali
badarpur
badarpur
badchhappar
badhauli
badherl
badhwana
badli
badopal
badrai
badshahpur
badshahpur
bagran
bagrat
bagru
bagru
bagthala
bahadurgarh
bahadurpur
bahal
bahal ki dhani
bahauddin
bahauli
bahbalpur
bahl
bahlolpur
bahnan
bahora
bahora kalan
bahu
bahuna
bahya
bainsi
bairan
bairsal
bakana
bakapur
bakheta
bakhli
bakhtawarpura
bakipur
balahara dhani
balahi
balana
balana
balapur
balauti
balawal
baliyali
ballabgarh
balsamand
balu
bamba
bamnikhera
bana
banarsidas ka plot
banbhauri
bansgati
bapauli
bapda
bapdi
bara ferozepur
bara gudah
bara gudha
bara uchana
baragaon
barahlu
baram
barana
barani
baraoli
baras
barauda
baraula
barauli
baraunda
baraundi
barauta
barauth
barawwa
barechhpur
bargaon
bari bhaini
barsalu
barwa
barwala
barwala
bas
bas khurd
basantpur
basdhara
bashipur
basi
bastali
batawar
batrohan
batwai
baund
baund kalan
bawal
bawana
bawani
bazidpur
bazidpur
bazidpur
bedwa
begampur
behar
belwali
beri
beri khas
bersan
berthala
berthali
berwala
bhadana
bhadas
bhadaur
bhadson
bhagal
bhagotipur
bhagwanpur
bhagwanpur
bhagwanpur
bhaini chandarpal
bhainisurjan
bhainisurjan
bhainsa tiba
bhainsru kalan
bhainsru khurd
bhalaut
bhalki
bhandwa
bhankhari kalan
bhankhari khurd
bhanun
bhaoji
bharaili
bharal
bharawas
bhatgaon
bhatla
bhatt majra
bhattu
bhatu
bhaurak
bhera
bhirrana
bhiruk
bhiwani
bhogriwala
bhukar majra
bhumsi
bhundsi
bhunni
bhur majra
bhusli
bhustala
bhut majra
biana
bibipur
bibipur
bibipur jatan
bichganwan
bichhor
bichki
bichpuri
bidauli
bidhawan
bidhlan
bidnol
bijarpur
bijna
bijuwali
bikaner
bila
bilaspur
bilbilan
binat
binjhaul
bir babupur
bir bhadson
bir firozri
bir kalwa
bir majra
bir mathana
bir pipli
bir rai tikhana
bir seonti
bir sujra
birchpur
bishangarh
bithan
bithmara
blani
bodha
bodhi
bodhni
bodla
bohar
bohawa
bohawi
bohli
bojawas
boripur
borsham
brahman majra
brahmana
bub shahar
bubshahr
budha
budha khera
budha khera kalwa
budhanpur
budhanpurabad
budhera
budheri
budhseli
bunga
bupania
burhanpur khalsa
burhanpur sikri
buriya
burj
burj tanda
busahah
butana
chahar kalan
chahar khurd
chahil majra
chak jagatian
chamari
chammo
chanalheri
chanana
chanarthal
chanderbhanpur
chandikotla
chandimandir
chandnibagh
chandnod
chandraon
chandsamand
chang
chanpur
chappar
charkhi
charkhi dadri
charki
charki dadrai
charki dadri
charkli
charpura
chatarbhuj majra
chaudhri ka nangal
chaugawan
chauki
chauki nadah
chaunra
chautala
chhachhrauli
chhaensa
chhajupur
chhalaundi
chhapar
chhapra
chhapra
chhapri
chhapri
chharah
chharpura
chhorpur
chhota ferozepur
chhota khanda
chika
chironi
chotala
chuchakwas
chugnan
churni
dabkauli kalan
dabkauri
dabwali
dadlana
dadlu
dadri
dagroli
dahina
dalla majra
damkara
damla
damli
danauda
danauda kalan
dandma
danipur
dao majra
daola
darba
darbi
daror
darpur
darra kharauni
darsi
dasu judha
dataur
daulatpur
dehra
deoban
dera
dera maliyanwala
deskhera
desu judha
devidaspur
devinagar
devsar
dewawas
dhaban
dhakala
dhakaura
dhammanheri
dhamtan
dhana jogi
dhanana
dhanani
dhanaura
dhanauri
dhandaru
dhangali
dhani
dhani
dhani bhakran
dhani chahahariwas
dhani daryapur
dhani faizabad
dhani gujaranwali
dhani kanwariyabas
dhani katwar
dhani miran
dhani runhat
dhani sahalenwali
dhani shaikhpura
dhaniram
dhankot
dhano kheri
dhantori
dharmgarh
dharmgarh
dharmgarh
dharson
dharsu
dharsul
dharuhera
dhauj
dhauni
dhelo majra
dheru majra
dhingar majra
dhirpur
dhoa
dhol majra
dhulkot
dhumsa
dhunda kheri
dhupsari
dhupsari
dhurala
dhurali
didwari
dig
dighal
dinarpur
diwana
diwanwala
diwanwala
dohar
dohar kalan
dohar khurd
domra
dosi
dubaldhan
dubli
dudha
dudhi
dudhla
dujana
duniya majra
durana
ellenabad
faizabad
faridabad
faridpur
faridpur
faridpur sadat
farmana
farmana khas
farmanah
farrukhnagar
fatahabad
fatehabad
fatehgarh
fatehgarh
fatehgarh jharauli
fatehpur
fatehpur
fatehpur
fazalpur
fazilpur
ferozepur
ferozpur jhirka
firozpur jhirka
gadhi
gadhi birbal
gadli
gagsina
gahli
gaindawas
gamri
gandhinagar
ganga
gangheri
ganjbar
garanpura
garawa
garhi
garhi brahmanan
garhi gujrah
garhi harsaru
garhi jatan
garhi multan
garhi sadan
garhi sampla
garhpur khalsa
garhpur tapu
gawar
georgegarh
ghadhawa
ghamur kheri
ghanghala
gharaunda
ghasera
ghelri
ghiar
ghisarpari
ghogripur
ghous ali sahib
gigorani
gijhi
girdharpura
gobind majra
gobindgarh
gogpur
gohan
gohana
gokal
gokalpura
golpura
golpura
gopalbas
gopalwas
gopalwas ki dhani
gorakhpur
gorgarh
goripur
gorkha
gorkha ki dhani
gorsian
gudah
gudd
gudha
gudrana
guga pir
guhla
gula
gulabpura
gumthala
gumthala gadhu
gumti
gumton
gunthala
guraora
gurar
gurera
gurgaon
guriani
gurudwara
gurudwara
gurudwara
gurudwara
gurudwara
gurudwara
gurudwara
gurudwara
gurudwara
gyani farm
habri
haibatpur
hajipur
haldaheri
hamidpur
hamidpur
hamiri farm
hanauri
hansala
hansi
hansu majra
hari singh ka majra
hariana
harigarh
harioli
haripur
haripur
haripur
haripur
haripur
hariyawas
haroli
harrapur
hartari
haryana
hasangarh
hasanpur
hasanpur
hasanpur
hasanpur
hasanpur
hasanpur
hasanyarpur tihara kalan
hassu
hat
hattin
hazira
hibana
hijraon
hinga kheri
hisar
hissar
hodal
husainganj
imlota
indaraj ki dhani
indargarh
indarpat
indraprast
indraprastha
indri
ishargarh
isharheri
isharwal
islamnagar
ismailabad
ismailpur
jadra
jadupur
jagadhri
jagauli
jainawas
jaisinghpura
jaitpura
jakhal
jakhal mandi
jakhauli
jakhni
jakhwala
jal kheri
jala
jalalpur
jalaluddin majra
jalauli
jalbehra
jalmana
jalubi
jamal
jamalpur
jamalpur khurd
jamna nagar
janaula
janauli
jandhera
jandheri
jandheri
janesran
jani
jansu
jansua
jansui
japaula
japti chhapra
jasaur
jasrana
jaswantgarh
jataul
jattan
jattan
jatusana
jatwar
jaur majra kalan
jaur majra khurd
jhajjar
jhalanian
jhansa
jhansa colony
jharauli khurd
jharaut
jharauti
jharli
jhinwarheri
jhinwarheri
jhinwarheri
jhumpa kalan
jhumpa khurd
jhunpa
jhunpa kalan
jhunpa khurd
jind
jindran
jirbiri
jitgarh
jodhka
jodhpur
jogi majra
jorasi kalan
jorasi khurd
joriwala
juan
jui
jui kalan
jui khurd
julana
julana shadipur
jundla
kabilbagh
kabri
kachrauli
kadma
kagawali
kahangarh
kahnaur
kahrawar
kahroba
kaimla
kairu
kaithal
kakral
kakroi
kalait
kalal majra
kalali
kalanaur
kalanwali
kalaud
kalaud
kalauni
kalawar
kaleran
kaliana
kaliana
kalina khas
kalra
kalri
kalri khalsa
kalsa
kalsana
kalsani
kalsaura
kalsi
kalwa
kalwari
kamalpur
kamalpur
kamalpur randan
kami
kamodh
kanala
kanaud
kanauli
kanauli
kandraull
kanepla
kanepla majri
kangwal
kanhara
kanhri
kanina
kanina khas
kanthala
kanti
kanti khas
kanwali
kanwariyabas
karar majra
karhera
karnal
kartarpur
kasan
kaserla
kaserla kalan
kaserla khurd
kasithal
kasni
kasni kalan
kasni khurd
kathana
kathgarh
katlaheri
katwa
kaul
kaulapur
kehar ki dhani
kesri
khadi ashram
khaira
khairi
khalra
khana majra
khanda
khandsa
khangesra
khanjarpur
khanpur
khanpur
khanpur
khanpur majri
khanpura
kharak
kharak magauh
kharakkalan
kharawar
kharia
kharindwa
khariyan
kharkali
kharkari
kharkhari
kharkhauda
kharyal
khatauli
khatoti khurd
khatoti sultanpur
khawaspur
khera
khera
khera
khera
khera sarai
kheri
kheri dehia
kheri gadian
kheri jasaur
kheri jatan
kheri nangal
kheri sampla
kheri shahidan
khimachkera
khirki
khizrabad
khol
khorak
khorakheri
khot
khot kalan
khot khurd
khubi ki dhani
khudana
khuknni
khukrana
khurdban
kikra dhani
kiloi
kiloi khas
kinana
kirarod
kirarod ki dhani
kirarod ki dhani
kirmara
kishangarh
kishangarh
kishangarh
kishanpur
koali
kohand
kohra
kokariya
koliyan
kona
konkpur
kosli
kot
kot
kothi lotni
kotian
krishanpura
kuiwali
kultajpar
kumhar majra
kundi
kunjpura
kurari
kurhami
kutana
labkarl
ladawas
ladwa
ladwa
lahli
lahroda
lajwana
lajwana kalan
lal pahari
lalchhaper
laliana
lalpur ki dhani
landaura
landha
landhi
lathi dhanaura
lathron
lilas
lohani
lohara
loharheri
lohari jatu
lohari ragho
loharu
lotni
lowah kalan
ludesar
lukhi
machhrauli
machrauli
madahpur
madalpur
madanpur
madho singhana
madhuban
madina
madlauda
madopura
magarpura
maham
mahdudan
mahendragarh
maheshpur
mahi kalan
mahi khurd
mahipur
mahlan
mahlana
mahmudpur
mahola
mahrampur
mahrana
mahrana
maira
majra chandraon burj
majri
majri
majri
majri kalan
majri khurd
makhala
makhali
makhsuspur
makhu majra
malab
malakpur
malakpur
malakpur
malakpur
malsari
malwa
malwi
mamun majra
manahti
manak majra
manana
manchuri
mandahran
mandhan
mandhar
mandheri
mandhna
mandholi
mandholi kalan
mandholi lakhlan
mandi
mandi
mandi
mandi siwani
mandikhera
mandkaula
mandlana
mandokhra
mangali
mangniwala
manhairu
manjhaoli
mankan
manoharpur
manpur
mansa devi
mansurpur
marchheri
mardaun
markanda majra
maroli
masana
matak majra
matanhel
matani
mathana
mathanwali
matu
mauhala
mauli
mawas
megha majra
metlan
mian majra
miran
mirapur
mitathal
mithi
mithi ki dhani
moana
model town
moginand
mohana
mohanpur
mohanpur
mohena
mohindargarh
mohiuddinpur
mohri
morka
morni
morthala
motipura
muazzamnagar
mughal majra
muhammadabad
muhammadpur
muhiuddinpur
mukam
mukandpura
mukarpur
mukhtyarsingh ka plot
mulana
munak
mundi
mundlana
mungan
munirpur
muradgarh
muradnagar
murthal
musapur
mustafabad
nadah
nagal
nagal
nagal
nagal
nagal
nagina
nagla
nagla
nagla
nagla rozan
nagoki
nagpur
nagtihari
nahan kothi
nahar
nahar majra
naiah
naisi
nakkipur
nakloi
naloi
nalvi
nalvi chhoti
nan chauk
nandi
nangal
nangal mundi
nangal plot 14
nanhera
nanwan
naraena
narah
naraingarh
narawala
narayangarh
narayangarh
narayangarh
narnaul
narnaund
narwana
narwanal
nasharpur
nasibpur
nathorl
natwal
naultha
naurah
naurangawas
naurta
naya khanda
naya salempur
naya segti
nayabas
nayagaon
nayagaon
nayagaon
nayagaon
netram ki dhani
niharsa
niharsi
nikka siana
nikuran
nilokeri
nilokhera
nilokheri
nilothi
nilu kheri
nirthan
nisang
niwazpur
nizampur
nizampur majra
nuh
nuni avval
nunsar
nurpur
nurpur buchi
nurwala
odhan
padha
padlu
pahari
pahari ki mandi
pahladpur
pahladpur khalila
pai
paju
palri
palwal
panchkula gurukul
pane ka plot
panihari
panipat
panjhel
panjokhra
panwan
partapgart
patauda
pataudi
patehera
patwan
payal
pehowa
phaggu
pharal
phula ki dhani
phurlak
phusgarh
pinana
pinangwa
pinangwan
pinjaur
pipli
pipli
pipli
pipli majra
pirthala
plot 2
plot 3
plot 3
plot 4
plot 5
plot 6
polangi
potli
premnagar
punahana
pundri
purani mandi
purkhas
purvpatti purwian
pushiala
puththi
radaur
raghunathpura
rahawar
rai
rai tikhana
raila
raili
rain majra
raipur
raipur
raipur
rajapur
rajaund
rajheri
rambas
rambha
ramgarh
ramgarh
ramgarh
ramgarh
ramgarh
ramjas ki dhani
ramnagar
ramnagar
ramnagar
ramnagar
ramnagar
ramnagar
ramnagar
rampur
rampur
rampura
rampura
rampura bas
ramsara
randauli
rania
raniya
ranjitkakar ki dhani
rao
rao majra
raoli
rapri
rasin
rasulpur
rasulpur
ratan dera
ratangarh
ratewali
ratgal
ratia
rawa
rawal kheri
rawatkhera
razapur
razapur
rewari
rhogriwala
ridhao
rindal
risaliya khera
rodha
rohat
rohtak
rohti
rori
roshanpur
rudrol
rupana
ruwo
sabga
sabilpur
sadalpur
sadewala
sadhaura
safidon
saha
sahajotalpur
saharwa
said chhapra
saidpur barwalian
saidpur shahidan
sainiwas
sajatpur ki dhani
saketri
sakras
salaheri
salahwas
salarpur
salarpura
salempur
salemsar majra
salwan
samalkha
samalki
samana
samani
samar gopalpur
samar gopalpur khurd
samaura
sambhalka
sampla
sandhald
sandhall
sangaria
sangatpura
sanghi
sangrana
santhri
santokhpura
santpura
saonla
saprayon ka majra
sarai ahmad
sarai sukhi
sarda kadim
sarkpur
sarni
sarsi
sarusti khera
sarwan majra
sasroli
sataundi
sati
sati
sati
sati
satnali
saulda
saunta
saunti
segta
segti
sehri
seiling
seman
seonti
serla
serohi nangal
sewani
shadipur
shadipur julana
shadipur shahidan
shahabad
shahabpura
shaharwa
shahjahanpur
shahpur
shahpur
shahpur
shahpur avval
shahpur begu
shahzadpur
shaikhpura
shaikpura
shamaspur
sharifgarh
shehar
shekhpur
shekhpura
shekhpura sikri
shekhupur
sherah
shergarh
shergarh
shergarh tapu
sherpura
shimlipur
siana saidan
siba
sidhan
sidhanawa
sikandarpur
sikandarpur
silana
silpani kalan
silpani khurd
simla maulana
singhaur
singhoa
singhol
singhpur
singhpura
singhpura kalan
singhpura khurd
sirsa
sirsilla
sirsma
sisai
sisana
sisanah
sisram
siswal
sithana
siwach
siwah
siwan
siwana mal
siwani
sodhi
sohata
sohna
sohuwala chak rohi
sondhapur
sonepat
sonepat punjab
sonipat
sorda jadid
sorkhi
srinagar
haryana
suahya
subana
subanah
subhri
sudhiwas
sudhpur
sujra
sujri
sukhdarshanpur
sulakhni
sultanpur
sultanpur
sunarian
sundarpur
sundarpur
sungarpur
surajgarh
surajpur
surajpur
suratiya
surkhi
surkhpur
surmi
surpura kalan
surpura khurd
suruwali
sutana
syamtu
tabar
tabra
tajpur tihara khurd
talheri
talwandi badshahpur
talwandi rana
talwandi rukka
talwani
tanda
tanda magaull
tandwal
tandwali
tangaur
tangauri
tangipur
tangoli
tankri
taoru
taprian
tatauli
tatka
tatki
tazipur
tehla
tent
teora
teori
thakurpur
thalipur
thana
thandran
thanesar
tharauli
thaska ali
thaska khadar
thaska miranji
thaska miranji sahib
thathwari
thattar
thikri
thol
thol jugian
tibbi
tibri
tigri
tilori ki dhani
tirawari
tisang
toda
tohana
tohsil
toka
tosbam
tosham
turatgarh
tyukar
uchana
udaipur
udana
ugala
ujhana
uklana
uklana mandi
umarpur
umra
umri
unaspur
uncha sawana
untheri
untsal
upli
urlana
urlana kalan
urlana khurd
urnai
wazirpur tittana
yamunanagar
yara
yari
zainpur
zainpur
zainpur sadan
zulmat
abdullahpur
adampur
adbadri
adwani
aita
akhori
akhrena
akra
aldaba
almora
amaldu
ambag
ambari
ambiwala
ameh
amkatla
amkholi
amlesa
amola
amsaur
amwala tarla
anwaliwala
asanbagh
asankhet
asarori
asinkhal
askot
askote
aunliwala
babugarh
bachhell
badamowala
badarinath
badel
badiyargaon
badrinath
badripur
badripur
bagargad
bageshwar
bagi
bagi
bagi
bagon
bahadarpur
bahadrabad
baihal
baijnath
bairgaon
bairgaon
baisakwali
baisogi
bajagaon
bakarna
bakhrorigaon
bakhtawarpur
bakroli
balcha
baling
balli
balli
baluni
balunigaon
baluwala
balwakot
bamoli
bampa
banali
banapanl
bandarjud
bandhli
bandkhani
banelkhal
banghat
bangina
bangla
bani
baniyawala
bansi
bansiwala
banstoli
banwar
bara hoti
bara khera
bara ki kholi
barahat
baret
barkot
barkot
barmoar
barmoari
baronwala
baronwala
barotiwala
barsuri
barswar
baruwala
barwa
barwala
baryon
basantpur
basyur baman
basyur guni
batari
batkholu
batoli
batulbari
batwari
baundh
bauntha
bauntha
bawangaon
bazpur
bebdi
bedulgaon
belki mashahi
belparao
berinag
betpani
bhadalikhal
bhadarkali
bhadraj
bhagru
bhagwanpur
bhagwatpur
bhainsaur
bhairgaon
bhairgaon
bhairgaon palla
bhairgaon walla
bhaironghati
bhalgaon
bhalgaon
bhali
bhalli
bhankot
bhanwala
bharapur
bharatgaon
bhargwari
bharkot
bhatkholi
bhatnyudang
bhatwari
bhauwala
bhayansu
bhelda bara
bhelonwala
bheti
bhetiara
bhikia sain
bhiklasi
bhilargaon
bhim tal
bhimawala
bhojawala
bhojpur
bhowali
bhud
bhuddi
bhunwali
bhurgaon
bhurpur
bhyunlet
bidas
bidhauli
bijnaur
bijni
bijoli
bilangi
bilansu
bilkhet
bilsan
biltiya
bini jamargadi
binsar
bintala
birbhaddar
birmoli
birsani
bishanpur
bistana
bona
borgaon
borikh
buchakhal
budolgaon
bugawala
buin
bulaqiwala
bulawala
bullawala
bunga
bungidhar
buransi
byansghat
carbery grant
carbery grant
chabattia
chai
chakrata
chamarkhera
chamela
chametha
chami
chamian
chamoli
chamoligaon
champawat
chamsul
chandpur
chandrabani
chandrapuri
charanjpur
charekh
charkhamba
charo
chaubattia
chaukhutia
chauksera
chaumasu
chaundli
chaura
cheula
chham
chham
chhan chak
chhorba
chhorba
chhota manjhola
chhotuwala
chhundbari
chifaldhungi
chira
cholusain
chopra
chorgalia
chorgallia
chuharpur
chundai malli
chundai talli
chura
churani
chutwapipal
clement town
dabar
dabar
dabrana
dabri
dabthala
dadamandi
dadubas
dagur
daisan
dakar
dakpatthar
dalmisain
daluwala
daluwala
danda
danda
danda
danda malla
danda talla
dandipur
dandipur
dandra
dandri
dang
dang chaunra
dangchura
dangi
dangi
dangu
dangwalgaon
daratha
dasmeri
datmir
dauli
davipur
davra
dawathara
dehra
dehra dun
deoban
deodi
deorampur
deriyakhal
devaprayag
devi dhura
devidanda
devidhar
devikhal
devikhet
dewal thal
dhadukhal
dhakanwali
dhaki
dhakowala
dhaksuna
dhalawala
dhamigaon
dhanaulti
dhandholi
dhaniar
dhaniyakot
dharamgarh
dharasu
dharchula
dharda
dhargaon
dhargaon
dhari
dhari
dharigaon
dhatani
dhaulidhar
dhaulkhetkhal
dhaundyer
dhaungair
dhaunra
dhaura
dhaura
dhauri
dhondki
dhumanthat
dhumnagar
dhunaghat
dhungya
dhur
dhura
dhuratal
dibli
dikhet
dimar
diula
diuri
diyusa
doba
dobar
dobha
dobri
doctorganj
dogadda
doiwala
domaila
donga
dudha devi
dudhai
dudhli
dugadda
dundek
dungakhet
dunya
dwali
dwarahat
dwarikhal
dyudali
edanbagh
fatehpur
fatehpur
fatehpur
gadhgaon
gadkot
gahali
gairgaon
gajasera
gajwar
gamsali
ganai
gandiala
gangi
gangnani
gangolihat
gangotri
garappu
garasan
garbareth
garh
garhkat
garhkhetu
garhwal
garjia
garwari
gaujita
gaula
gaunchhikhet
gauntiali
gaurikund
gawalgaon
gawana
gelawala
ghaghsi
ghamolon
ghansali
ghastoli
ghat
ghildialgaon
ghota malla
ghura ki dhar
ghursinghi
ginduriya
ginthali
ginthipakha
ginthla
ginwali
girgaon
godi bari
godi chhoti
godiyalgaon
godla
godria
goichran
golikhet
gopeshwar
gorakhpyr
gorigaon
gorli
gowahna
goyun
gudrich
guin
gulabasinghwala
gulasugad
gum
gum
gumkhal
gunetha
gunge
guniyal
gunkhila
gupta kashi
gwaldam
gwara
hairakholi
haldwani
haljora
handul
hanuman chatti
hanumanti
harbanswala
harbhajwala
harbhajwala
hardwar
haridwar
haripur
haripur
harmal
harsil
hasanpur
hathnur
hawalbagh
hazara
hazara tongia
hemkund
herbertpur
hilogi
himachal pradesh
himachal pradesh
hitoli
hiyunlag
holi
horawala
hyunlagi
igarah
ilmora
inayatpur
jadla
jagatpur
jagatpur birsani
jaiharigaon
jaiharikhal
jajal
jakh malla
jakh talla
jakhan
jaletha
jali
jaltha
jaltha
jamal
jamankhata
jamanwala tarla
jamargadi
jamnipur
jamnotri
jamoli
jamtola
jaryana
jaskhet
jaspur
jassuwala
jatonwala
jawalapur
jawar
jelam
jhajra
jhampa
jhatkandi
jhatri
jhawanu
jhawanu sari
jhinwarheri
jhirna
jhulaghat
jibalkhal
jigarh
jitpur
jitugaon
jiwangarh grant
jiyalgaon
jogarsain
jogiyana
jogta
jogyana
joli
joshiana
joshimath
joshinath
jua
jud
jui
julan
juyalgaon
jwalapur
kailana
kainchiwala
kainthogi
kainur
kakarwani
kaladhungi
kalagarh
kalatira
kalauri
kaldhunga
kaleta
kaleth
kalhupani
kalianpur
kalianpur
kalsi
kalsi
kamanda naugaon
kana katul
kanda
kanda
kanda
kanda
kanda
kanda
kanda
kanda
kandakhal
kandakhal
kandakhani
kandara
kandhall uparli
kandholi tarll
kandi
kandogal
kandoli
kandrora
kands
kandwan
kankhal
kanol
kanswali
kanswall
kaonli reserved forest
kaphaldi
kaphaldi
kaphaldi
kapkot
kapkote
karal ganjar
karasa
karimpur
karnaprayag
karnprayag
karti
karwapani
kashipur
kata patthar
katal
kathela
kathgodam
kathur
kathur
kathur
kathur
katra
katula
kausyan
kedarnath
kedarwala
kehrigaon
keshadhura
keshowala
ketukhal
khagoli
khaira
khairasain
khairi
khajri
khala
khalpari
khalsa lalwala
khalsi
khamana
khanduri
kharakhet
kharasu
khareti
kharsali
khati
khatima
khawara
khela
kheni katal
khera
khera
khetariya
khoba
kholi
khowara
khudila
khugsa
khulet
khundkholi
khundoli
khushhalpur
kich
kichha
kilbara
killbara mang
kimar
kingori
kinswalgaon
kishanpur
kiyar
kol
kolardanda
kolargaon
kolhupani
kota
kota
kota
kota bagh
kotal
kotalmanda
kotdwara
koti
kotla
kotnur
kotra
kotra
kotra khlyanpur
kotri kanswali
kuewala
kugadda
kuili
kukani
kulani
kumhar matti
kunakholi
kund
kundiyon
kunjoli
kunti
kuntni
kura
kurchhola
kurdhar
kurigaon
kurikhal
kurkawala
kursil
kuthar
kuthi
kuti
kutli
kutnaur
kyard
kyari
lachhiwala
lachhmipur
lachhmipur
lachhmipur
lachiwala
ladeshu
ladokhi
lakhanwala
lakhawar
lakhwar
laksar
lakshmanpur
lal dhang
lalkua
lalpur
lalsanga
lalwala
lalwala
lamanipur
lamb
lamb
lambarpur
lamrara
langbari
langha
languri
lansdowne
lapthal
latikhet
layera
lilam
lochhman garhi
lohaghat
loharkhe
loharkhet
lohatal
lohba
lokar
lokepal
lokpal
loshan
luintha
lusipur
madanpur
madhes
madheso
mahar
mahargaon
mahmudnagar
maili
maindoli
majhaun
majhera
majina
majra
majri
malai
malari
maleta
maletha
malethi
maleti
malhan
malkot
mall
malukawala
malukawala
malwara
mana
manak sidh
mandai
mandali
manduwala
manduwala
maneri
mangoligaon
manjgaon
manjhola
manjiari
manjkat
manpur
manpur
manthal
margaon
margaon
marora palla
marora walla
martoli
maru sidh
masandawala
masht
masogi
masuri
mathali
mathara
mathargaon
mathelna
mathgaon
matial
matiyali
matogi
mednipur
meharkot
mehunwala
mehunwala mafi
merwa
mewar
miani
milam
mill
misras patti
mitthi behri
mohabbewala
mohabbewala
mohammadpur fall
mohanpur
molnau
motipur
mugara
muhammadpur
muhara
mujahedpur
mukhim
mukteswar
mundala
muni rawat
muni sakri
musoori
mussooree
mussoorie
nadda
nagal
nagdeogarhi
nahar
naikhana bara
naikhana chhota
nail
nail
naini
naini tal
nakatpur
nakraunda
nakuri
namik
nanda ki chauki
nandaprayag
nandoli
nanital
nara
narendranagar
nathupur
naugaon
naugaon
naugaon
naugaon malli
naugawan
naun
nauri
nausin
nav
nawabgarh
nawagaon
nayunsari
nelang
nigana
odal
odalgaon
ogalwala
osla
osta
otind
pabekh
pachhein
pachhmiwala
paderagaon
pagari
pajena
palans
palawali
paleta thok
pali
pali
pali
pali malli
pali talli
palkot
palla
palla dhaura
palligaon
panchali
pandltwali
pandukeshwar
paniya
pantnagar
panuanaula
paprian
paranda
parinda
parola
partabnagar
parwal nawa
parwala
parwari
pasta
pat
pataguni
pathorgarh
pathur
patkhali
patli
patti
pattiyonwala
patwa dangar
patwa dunga
paukhal
paukhal
paundha
paundi khala
pauri
payankhet
pelio
pharsula
pharsuli
phulsani
pilang
pillung
pinswar
pipalkoti
pipalkoti
pipalsar
pipli
pira
pitambarpur
pitha
pithoragarh
pithoragari
pitthuwala
pitthuwala tarla
pokhra
pokhra
pokhri
pokhri
pokhri
pratabnagar
premnagar
prithvipur
pulinda
pulyasu
pundiyargaon
pundoli
pundori
purangarhi
purankot
purola
purwana
quasampur
radiwala
rains
raipur
raitpur
raiwala
raiwala bara
rajauli
rajawala
rajawala
rajkhil
rajpur
ralam
ram sahaiwala
rama
rambagh
rameshpur
rameshwar
ramgaon
ramgarh
ramgarh
ramnagar
rampur chhota
rampura
rampura
ramri
ranakot
raneth
rangharwala
rani pokhri
ranigarh
ranikhet
ransi
rari
rasulpur
rasulpur
rasulpur tongia
ratanpur
ratanpura
rathaura
raur
rauriyal judda
rautela
rauthia
rawikhet
redapur
reuwala
rikhikesh
rini
rishikesh
rithakhal
ritur
rohni
roorkee
rudarpur
rudraprayag
rummu
sagwari
sahaspur
sahhawala
sahiya
sailan
saili
sainar
sainj
saja ka sain
sajura bhel
sakanyani
sakmunda
salyana
sama
samet
samkhal
sandaniyan
sanet
sanogi
sar
sar
sari
sarora
sarra
sartall
sartall
sater
sati
satpuli
satpuli malli
sauli
saur
saur
saur
saura
saurkhet
sela kua
sendhi
sendhikhal
shafakhana
shalinga
shampur
shankarpur
shekhonwala
sherpur
shewla khurd
shibpuri
shimalya
shishambara
shivpur
shivpuri
shuklapur
sialna
sialni
sidhpur
sidpur
sila
sila
sila
sila
sila katli
silakang
silakank
silangaon
silet
silni
silogi
silun
sim
simaldhar
simalkhal
simalsera
simalya
simli
singhniwala
sirain
siraun
sirsu
sirswalgaon
sirubari
sisaldi
sitarganj
smithnagar
sobala
someshwar
sona
srinagar
srinagar garhwal
uttarakhand
uttaranchal
subhashnagar
sudhonwala tarla
sudhonwala tarla
sudhonwala uparla
sukhidhang
sukoli malli
sukoli talli
sultanpur
sumdu
suna
sunargaon
sunari
sundal
sundri thak
sundriyalgaon
sungriya
sunkatal
suraikhet
suralgaon
surari
sure
surmari
surmari malli
surmari talli
surna
surna tarja
syalam
syalgaon
syulia
tachhyali
tail
tairi
tanakpur
tanda
tanda deshral
tarauli
tauli
tehri
tejam
telpura
telpura
thakarpur tarla
thakurpur
thal
thangaon
thantoli
thapla
thapla
tharali
thati kathur
tikri
tilphariya
tilsia
tilwari
timaldhar
timaldhar
timalpani
timalwar
timli
timli
tiparpur
tir
tirjogi narayan
tiro
tiuni
toli
toli
toliyon
tota am
trijugi narayan
tuntawala
ubani
udal palla
udal walla
udia khaia
ukhimath
ukhlet
ukhriyalgaon
ulna
ummedpur
umrela
umrikhal
utircha
uttarakhand
uttaranchal
uttarkashi
varali
verkhal
vikasnagar
virbhadra
vishnuprayag
walla dhaura
wargadi
yamnotri
akarpati
alorna
amba
ambagarh chauki
ambedem
amgaon
amlipadar
arajkund
astagal
avupalli
bagchini
baghpat
bagrakasa
baktuni
baloda
bandar
bandavado
bandha
bandha bazar
bangabari
bangahari
bangala
bankatwa
barda
bareguda
barjhar
barki
barkol negala
barmiak
barnyak
bataoda
bavanapadu
bawri
bazar
be
bela
bela muchhpakauni
bethia
bethia chhote
betim
bhaisalotan
bhaisolaton
bhandarpur
bharbharia
bhariad
bharkol
bhasin
bhikhna thori
bhikna thoree
bhimpur
bhojpur
bhondia
bhopalpatnam
bhumria
bhurtuk
birpur
bishanwara
bolegaon
bolkhera
bolkhera ghat
boma
bordi
boria tibhu
bortalao
bungabaree
burla
calangute
calicaxigao
cancarvornem
candolim
canjam
cansarvornem
caranzalem
caranzol
caranzol
caveloesim
cavelossim
chachora
champua
chandabila
chandel
chandpur
chandra
changrabandha
chausana
chepzi
cheungtong
chhamal
chhanggu
chhaprauli
chhapur
chhubakha
chidam
chinoni
chitakhera
chongtong
chubha
chumikteng
chungthang
chungtong
chuntang
chunthang
churepura
codal
codal
cogna
colangute
colem
collam
collem
coromandal
coromandel
costi
cotigao
cumbari
dabel
dabem
dabhel
dahikhed
dalli
damka
damlawari
damtang
damthang
dangarh
danpur
daria ganj
darya ganj
delwara
demchhog
demchok
dentam
deohati
derodem
dhanipiplia
dhanpur
dhansa
dharamgarh
dharaoda
dharasana
dharasma
dharnaoda
dhobe
dhodhar
dholera
dhuvaran
dhuwaran
dickchou
diemuchuoke
dikchu
dokung
dolara
dolma sampa
dolora
dona paula
dongargarh
dongthung
donkung
donna paulaho
dumanata
dzanak
dzongri
fambong
fatehgarh
fatehpur sikri
gadati
gangahur
gangapur
gangni
ganjam
garakhet
garbada
garbara
garbyang
gareth
garethi
geling
gellng
geyzing
gezing
ghaluad
ghalvad
ghogha
gholvad
girdi
gogarpur
gogha
gollapaili
gollapalli
gotatola
govindapalem
gua
gulur
gurla
gyalshing
gyalzing
harina
harwania
hema
himala
hindu malkot
hindubari
hir
hudiara
ibrampur
ichhapur
ikhlaspur
irakam
jagnair
jagvi
jahman
jaintgarh
jakchen
jakthang
jalangi
jallo
jaqui
jatwal
jawad
jewar
jharkatta
jiran
jogbani
kabalkheri
kakriatalai
kalai
kamar
kanjeta
kansat
karimanal
karimganj
kasba mirgoda
kathiwadar bandar
kauirik
kenze mane
keozing
keran
kerang
kewzing
khairagarh
khali kachigam
khansat
khidora
khowai
kila
kistaram
kollaiguda
kolukheri
konta
kosamba
kosi
koteshvar
koteshwar
kotturu
kundanpur
kuppam
kushalgarh
kutana
kyosing
lachen
lachung
lakha pham
lakha pharma
lakhaphama
lalchara
lanji
lankavanidibba
lema
lewa
lingtam
loliem
loltem
longthu
luliani
lungthu
lungtu
madded
magarvara
magbulpur
magdala
magdalla
majali
majhitar
malala
malanji
malconda
malikpur
malungi
mandrem
maneri
mangan
mangan bazar
mangang
mangen
mangrol
manhiala kalan
manhiala khurd
manihala
manjhitar
manpur
manpur
manu
manul
matvad
matwad
mawlashin
mehegam bangal
mehegaum
melli
melli bazar
mencurem
miragwas
mohala
mohalla
mohara
molsang
mome samdong
mongon
morgim
motumala
mukabeli
nachugunta
nadeota
nagargao
nagorgao
nainakot
namchi
namthang
nandaota
nandgaon
nandgom
nandwai
nandwas
naneli
nanga
nanodem
nanorem
natang
natudaha
naugam
navapur
navlakhi
nawabandar
nawabganj
nawapur
naya bazar
netorlim
nibia
nigaria
nilpur
niwari
nowapur
nundem
odxel
orxel
oxel
ozorim
pachi
padamchen
pakhriapura
pakhyong
pakyong
pale
palli
pamionchi
paniajob
paren
pariali
parigas
paron
parsa
partabpur
partapur
pasewada
patan
paten
pathachara
pechi
peddapatnam
pedong
pemayangtse
pemionchi
phalai
phensang
phusaria
piparav
pipavav bandar
piplia
piploda
piproda
pitol
podame
podamo
polem
poliem
potrem
prial
pujarikake
pujarikaker
querim
raghunathpur
raipur
rameshwar
rangli
rangpo
ratangarh
ratanpur
rhenak
rhenock
rhenok
richingpong
rinchenpung
rinchingpong
rongli
rongphu
rungpo
rushyabari
sabilpoor
sabilpur
sahni
sakyang
sakyong
salem
salwania
samdong
sapria
sarendhi
sarwan
satapati port
satpara
satpate
satpati
saunk
sejawada
sejawara
semri
sentam
shahdara
shahpur
shampur
shampura
shamspur
shirgaon
sigonem
silua
singhik
singtam
singtam
singtam
singtam bazar
singtom
siranguli
sirangulim
sircodem
siri
sirsodem
sirwani
sitagaon
siwani
sombari
somnath
sonaulim
soreng
soshing
sosing
soyet
sri chhatarpur
sukaltirth
sukhera
suklatirth
sundra
sunphan
surla
surla
suryalanka
susner
suvali
suwali
tadong
tajpur
taksing
taktsang
tamza
tamze
tanda
tazpoor
tazpur
tekhug
temi
thanggu
thekuk
thode
thuthibari
thutibari
tilasma
timarda
timorda
tirkang
tithal
toldem
toranmal
tsetang
tsomgo
tsuntang
tsunthang
tumlong
ukkerputti
umarkot
umrat
umria
urmal
ustem
usur
vadarevu
valpoi
valpoi town
valpoy
vapi
varca
veluz
venadu
vengni
verlem
vichondrem
vihod
vihode
viliena
vingni
wapi
yangang
yelatturdibba
yume samdong
yumtang
yumthang
zadani
zakhung
zarani
zaranim
aiyar
akbarpur
amda
amnari
amrapara
anandpur
andipor
andipur
angara
anjan
ankua
asanbani
asansol
badia
badupur
bagodar
bagra
bagrachura
baharagora
baihatu
baipi
bakra
bakudi
balandia
balumath
bamangawan
bana
banari
banaso
bandgaon
banduya
banjari
banjhi
banki
bano
bansjora
banskupi
bara
bara
bara bana
bara bangurda
bara boarijor
bara gamharia
baraganda
baragunda
barakar
barakatha
baram
baramasia
barasloia
bardiha
barharwa
barhi
barka kana
barkagaon
barki saria
barkute
baruhatu
barwadih
basia
benagaria
benagaria
bengabad
berhait
bero
bero kalan
bhadua
bhagaiya
bhandra
bharbharia
bharno
bhaunathpur
bhetia
bhojudih
bhowra
bhoya
bhurkunda
biru
bishanpur
bishungarh
bishunpur
bisrampur
bokaro
bolba
borio
bundu
burhai
burmu
chaibasa
chainpur
chakardharpore
chakradharpur
chakuha
chakulia
chandauri
chandil
chandwa
chaparia
chapram
chapri
charakmara
charhi
chas
chasnala
chataktoli
chatra
chaube
chauparan
chetro
chhatarpur
chhota luia
chhota nagra
chichra
chiria
chirki
chitarpur
choparan
chordaha
chordahd
chordiha
chorkata
chota nagra
choutupal
chutupalu
daltenganj
daltonganj
danua
daru kharika
debinagar
deogarh
deoghar
deuli
dhab
dhamni
dhanabad
dhanbad
dhanbaid
dhangain
dhanwar
dhobani
dhowa
dhuraia
digardih
digwadih
domchanch
dublabera
dudha pat
dugda
dumdumi
dumka
dumri
durgapur
duria
gamaria
gamharia
gamharia
gande
gangadih
gangpur
gargi
garu
garwa
gawan
getalsud
ghaghra
ghagidih
ghagra
ghatkori
ghatkuri
ghatshila
ghatsila
gholjor bara
ginjo thakurgaon
giridih
gobindpur
gobindpur
gobindpur
godda
goilkera
gola
gomoh
gopalpur
gopapur
gopikandar
gopinathpur
gorhar
gudri
gujhandi
gulu
gumia
haidarnagar
haludpukhur
hariharganj
hariharpur
hariladih
hasdiha
hat gamaria
hatia
hazaribag
hazaribagh
hazarybaugh
herhanj
hesadi
hesal
hesalong
hesla
hiranpur
hirodih
hundru
hunterganj
husainabad
hutar
ichak
iligara
itkhari
itkhori
jabra
jagannathpur
jainagar
jalasar
jaldega
jamadoba
jamda
jamshedpur
jamtara
jaraikela
jaratoli
jaridih
jarmundi
jarnshedpur
jasidih
jealgora
jetia
jhajhara
jhalpo
jharia
jharia
jharki
jhumri
jhumri telaiya
jhumri tellaya
jialgara
jitpur
jojohatu
jonha
jopla
jordiha
jori
jori kalan
jugsalai
jumri tilaiya
kadalgori
kairabani
kalaia
kalamati
kalikapur
kamdara
kamdera
kandra
kanke
kanko
karaikela
karbindha
karihari
karma
karmatanr
karon
karra
katikund
katkamsari
katras
kendadih
kendghata
kendposi
kendua
kenduadih
kenduahi
kenduyadih
kerh
khajuri
khalari
kharagdiha
khargo
khariadih
kharsawan
kharsawangarh
khunti
kochedega
kochidega
kodarma
kodarma
kodolibad
koiridih
kokcho
kokpara
kokpara narsinghgarh
kolebira
kolkole kalan
komordungi
korid
kotalbari
kotgarh
kotgod
kothi
kowar
kuchai
kudada
kudarsahi
kuju
kumarkela
kumarkera
kumrabad
kunda
kundahit
kundri
kura
kuru
kuruskela
kusunda
kutipi
kutka
kutku
kuyali
lachmipui
lachmipur
lachragarh
lakra
lakra dewani
lango
langratoli
lara toli
latehar
laurhia khurd
laurhia khuro
leslieganj
limgachi
litipara
lodhma
lodhna
lodna
logai
lohajimi
lohardaga
lohpiti
lowalang
luia
machkar
madhupur
mahade pur
mahadebpur
mahagama
mahesa
maheshmunda
mahudi
mahulia
mailpir
majhgaon
majhiaon
majhiaon kalan
majhidih
malin
malkera
manatu
mandar
mandro
mandu
manhatu
manjhiara
manoharpur
manushmuria
marang ponga
mardhan
markacho
masanjor
matkumbera
maubhandar
meghatari
morwai
mosaboni
mosaboni mines
moubhander
mugma
muhammadganj
murgu
murhu
murkunda
musabani
mushabani
nagjua
nagri
namkaum
namkom
narainpur
naridega
narkandi
narkopi
naudiha
naupahar
nawa
nawadih
nawadih
nawatanr
nawatanr
netarhat
neturhat
nimgachi
nirsa
noamundi
nunihat
obra
ormanjhi
pachamba
padma
pakuria
palkot
panjwara
panki
parasi
parerkola
parsabad
partabpur
patan
pathardih
pathardihi
pathargama
patharghara
patrapali
patratu
patrotu
patung
petarbar
pihra
pithauria
pitij
pokharia
poranger
poreya
purnia
putki
ragto
rahawan
rajabhita
rajabhita
rajapokhar
rajdah
rajgangpur
rajhara
rajhat
ramgarh
ramgarh
ramkanda
ramna
rampur
ranchi
raneswar
ranibahal
ranka
ranka kalan
rasunchapa
ratu
ray
rehla
rehla kalan
rewad
reward
richughutu
rohini
rohrabandh
roro
sahibganj
sakchi
salai
salanpur
salatua
salgadih
salgajhari
salgajhri
salukdih
sankchi
saolapur
saraikela
sarangda
sarath
sarawan
sareya
sarju
sarmatanr
sarnatoli
saroapur
sarubera
saruda
satbarwa
satgawan
semartoli
semartoli
seraikella
serubatoli
shaparia
sijua
sikaripara
silwai
simaria
simaria kalan
simdega
simratanri
simratari
sindri
sindri
singarsi
singra
sini
sirampur
sisai
siwan
sode
somatoli
sonahatu
sonari town
sonua
jharkhand
sumgri
sundarpahar
sunrgi
surda
taljhari
tamar
tamra
tandoo
tandwa
tantnagar
tapkara
tatanagar
tatanagar
tenu
tenughat
thari sonarai
thethaitangar
tholkabad
tilaiya
tilaiya
tilokhar
timira
tinpahar
tisri
topchanchi
torlo
torpa
toto
tundi
tundo
tundoo
tundu
tutilawa
tutki
unchdih
usuruia
achankovil
adur
adur
aduru
alanallur
alapalli
alapolai
alappula
alappuzha
alapulai
alattur
alatur
aleppi
alleppey
alleppi
aluva
alwaye
ambalapulai
ambalapuzha
anchal
andurkonam
angadippuram
angadipuram
angamali
angamally
anjengo
anjongo
aranmula
arikkod
arukutti
attappadi
attingal
attungal
aulapolai
ayur
azhikal
azhikkal
azhikkal
badagara
balaramapuram
balarampuram
baliapatam
balusseri
balussheri
bedadka
bedadka
bedradka
beipur
bekal
bekal fort
beliapatanam
beppur
beypore
beypur
british cochin
bungar munjeshwar
calicut
cannanore
chalai
chalakudi
chaliyam
chaliyar
changanacheri
changanacherry
chaughat
chavakkad
chavara
chavasseri
chegat
chelakara
chengannur
cheruppulasseri
cheruthuruthi
cheruvalli
chetwagi
chetwayi
chittur
chitwye
chowghat
city of lord anantha
cochin
coilum
cranganore
cranganur
cundacudvu
desinganadu
devikolam
devikulam
dharmadam
edapal
edapalli
edapally
edappal
edappalli
edavanna
edayar
edayur
elamattur
elattur
elur
erattupetta
eratupeta
ernacolum
ernakulam
etakkare
ettumanur
ferok
feroke
ferokh
fort cochin
ganapathivattam
ganapathivattom
guruvayur
hachal karuk l
haripad
hosdrug
hosdrug fort
idiaki
idikki
idukki
irikkur
irimbranallur
iringal
irinjalakuda
iritity
iritti
kadakal
kadakkal
kadikkad
kaduthuruthi
kaduturutti
kailar
kakkad
kakkayam
kaladi
kalady
kalanad
kalanadu
kalicut
kalikavu
kallai
kallana
kallar
kallar
kallar
kallayi
kalpatta
kalpetta
kanagari
kanakarry
kandakkadava
kangazha
kanhangad
kanipura
kaniyambetta
kanjaripalli
kanjirapalli
kannadi
kannadi camp shed
kannangad
kannavam
kannur
kanoor
karakachal
karimbula
karimkannum
karimkunnum
karimpuzha
karukachal
karunagapalli
karurapadna
karuvapadna
karuvarakkundu
karuvarakundu
karuvarkunou
kasaragod
kasaragod fort
kashakuttam
kattanam
kayamkulam
kayangulam
kayankulam
kazhakuttam
kazhakuttani
kedavur
kerala
keralam
kilakkettara
kilimanur
kiluparamba
kizhake chalakudi
kizhakkettara
kizhillam
kochi
kodungallur
koilthottum
kokkanisseri
kolattupula
kolattupuzha
kolikod
kolinjampara
kolitottattutura
kolitottattuturu
kollam
kollam
kollangod
kollengode
kommeri
kondalseri
kondotti
kongad
koni
konni
koroth
kotamangalam
kotattupuzha
kotayam
kotayem
kottakkal
kottar
kottara
kottarakara
kottayam
kottayam
kovalam
kovilam
kovilkandi
koyilandi
kozhancheri
kozhencheri
kozhikkot
kozhikode
kozhinjampara
kuchi bandar
kudayattur
kulattur
kullamalai
kumaragam
kumaraham
kumbla
kummankod
kumudi
kunamkulam
kunnamangalam
kunnamkulam
kuravalangad
kuthiathode
kutiatodu
kutipuram
kuttampuzha
kuttathulam
kuttattukulam
kuttiadi
kuttippuram
kuttuparamba
kuttyadi
lakkidi
lakkiti
lalam
lokamaleswaram
lukkadi
maananthavaadi
madwa
madya
mahe
makarachal
mala
malabar
malappuram
malayattur
malayatur
manantavadi
mananthavady
manantoddy
manattala
mangalapadi
mangalapuram
manganam
manimala
manjeri
manjeshwar
manjeshwara
mankara
mankarai
mannarakkat
maraiyoor
maraiyur
mattancheri
mattanur
mattul
mavalikara
mavelikara
mavur
mayyazhi
melattur
melatur
memunda
mennanyam
meppadi
methala
muchiri
muchiripattinam
mukkad
mulappilangad
mulappilangal
mundakayam
mundur
munnar
muthalamada
muttam
muttam
muvattupula
muvatupusha
muvatupuzha
muyirikkodu
muzhappilangad
muziris
nadapuram
naduvannur
nallepilli
narakal
nedumangad
nellaya
nellayi
nemmara
neriamangalam
nerimangalam
neriyamangalam
neyattinkara
neyyattinkara
nilambur
nilamel
nileshwar
nileswaram
nindakara
olakara
ollur
olukara
ottapalam
ottappalam
padagiri
palakkad
palayam
palayannur
palghat
pallippuram
pallipuram
palod
pambadi
pampadi
panamaram
pandikkad
panmana
paparaugardi
pappinisseri
pappinissheri
parambikolam
parambikulam
parappanangadi
parattipalli
paravar
paravoor
paravur
pariyapuram
parur
pathanamthitta
pattambi
pattanamtitta
pattanapuram
pattikad
pattikkad
pattikod
pattiyurgramam
payyannur
payyanur
payyoli
pazhayannur
peermade
peradiyur
perdala
perinad
peringom
perintalmanna
periya
perumanseri
perumbalam
perumkulam
perumpavur
piravam
piravom
pirmed
ponani
ponnani
poringalkuthu
pottundi
powaur
puchakad
pudunagaram
pudunagram
pudupalli
puduppadi
puduveli
pullappalli
punalur
punnappira
punnapra
puthupalli
puthuppadi
puttambi
putuppalli
puvar
quilandi
quilon
ramamangalam
ramankari
ramantali
ramanthali
rani
sastankottah
sastham kottai
sasthankotta
shertalla
shertallai
shertally
shinkli
shoranur
kerala
sultan bathery
sultan's barttery
sultan's bathery
sultan's battery
sultans battery
sulthan bathery
talakkad
talasseri
talavadi
talayolaparambu
talekkod
taliparamba
talipparamba
tallakad
tamarakulam
tangasseri
tanniyurnagaram
tanur
tariyod
tattamangalam
tazhekkod
tekkumuri
tellicherri
tellicherry
tellichery
thalassery
thalavady
thanikudi
thanniyam
thattakad
thiruvananthapuram
thrissur
thuravoor
tikkodi
tikkotti
tikotti
tindummal
tirur
tirur station
tirurangadi
tiruvalla
tiruvalla
tiruvallam
tiruvananantapuram
todupulai
trichur
trikkalangod
trikkunnapuzha
trikodi
trikunnapuzha
trippapur
tripunittura
tripunnittara
trissur
tritala
trittala
trivandrum
tullipurmbu
turavur
turcunapulli
tuvvur
udumbanshola
uppala
urakam
urakom
vadakancheri
vadakkancheri
vadakkancheri
vaikam
vaikom
vailey
valakkad
valancheri
valani
valapattanam
valarpattanam
valiyora
vallappula
vallapputha
vallapula
vallikunnu
vandamettu
vandanmettu
vandiperiyar
vaniyambalam
varakal
varkala
varkkallai
vayalar
vayittir
vayittiri
vazhakkad
vazhakulam
vazhani
veli
vellanad
vempayam
venjaramud
venjaramudu
vennikulam
vetchur
vettoor
vettur
vettutura
vilinjam
vilinjum
vypeen
vypin
walayar
wandoor
wandur
kavaratti
union territory of lakshadweep
abara
abhana
abhapuri
achat
achhelankhera
adegaon
afzalpur
agar
agasod
agasod
agasode
agra
agra
agral
ahar
ahirkheda
ahmadpur
ahroli
ahu
aichwara
aino
airaura
aithar
ajaigarh
ajapura
ajgarhbura
ajnara ka khirk
ajnas
ajnor
akajhiri
akbarpur
akhai
akodia
akolia
alampur
alampura imla
ali
alimod
alirajpur
alkheri
alopa
alorigarwara
alot
amagaon
amakoi
amanganj
amankhera
amarkantak
amarpatan
amarpur
amarpur
amarpur
amarpur
amarwara
amayan
amba
ambah
ambapani chauki
ambara khas
amdara
amdhi
amdi
amgaon
amgaon
amgaon
amgawan
amjhera
amjhor
amjhor
amkhera
amkhera
amkhut
amla
amla
amla
amlaha
amlia
amlia
amoda
amoi patha
amola
amona
amraoti
amraud
anandpur
anant peth
anantpur
anantpura
andeli
andkua
andua
angara
angdhar
anjad
anjangaon
anjania
ankhawari
antaura
antian ka pura
antpura
antri
antri
antri kalan
anuppur
aparbal
arakhera
aramba
arandia
arandia kalan
ari
arnia
arod
aron
aron
asapur
asauli
ashoknagar
ashta
asir
asirgarh
aslana
aslaoda
astahi
astari
aston
atari
athaikhera
atnair
atner
attar
auldan
aulia
avadapur
awada
awan
awari ka khirk
ayara
baba ka khera
babai
babai
babakhera
babakhera
babulda
bachai
bachhau
bachhaunda ka khirk
bachhaunra
bachhion
bachhon
bachhora
bachhora
bachhraoni
badanpur
badanpura
badarwas
badhiyanpurwa
badi khurd
badnawar
badnur
badora
bag
baga
bagai
bagana
bagar
bagaraudha
bagaud
bagh
baghora
bagiapura
bagli
bagpura
bagri
bagrod
bahadurpur
bahadurpur
baharpur
bahgaon
bahoripura
bahpur
bahrol
bahuriband
baidau
baidaura
baidaura
baidpur
baigore
baihar
baijla
baijli ka khirk
baikanthpur
baikunthi
baikunthpur
baila
bain
baiop
bairaganpurwa
bairi
bairwar
baisa
bajag
bajna
bajpur
bajranggarh
bajrangkhera
bajrota
bakal
bakan
bakaner
bakchach
bakhari
bakhtgarh
bakka
bakshi ka purwa
bakswaho
bakwara
bala khirk
balaghat
balaghat
balau
baldeogarh
baldevpura
baleh
balhoun
balia
baloda
baloda
balsamand
balwara
balwari
balyara
bamana
bamanda
bamanora
bamarishekh
bamaur
bambhori
bambhori kalan
bamhari
bamhauri
bamhni
bamhni
bamhori
bamhori
bamhorikela
bamhorilal
bamnala
bamnawar
bamni
bamnia
bamnora
bamor
bamor kalan
bamora
bamori
bamori
bamori
bamori
bamori
bamori
bamori
bamori
bamori
bamori
bamori kalan
bamori mariya
bamorikharera
bamorisagar
bamorishahgarh
ban
banchhor
banda
bandakpur
bandarao
bandargura
bandari
bandelankhera
bandha
bandha
bandha
bandheri
bandhi kalan
bandhiya
bandhiyankhera
bandhogarh
bandhogarh fort
bandiyakhera
bandora
bandrawatha
bandri
bandukpur
banera
bangaon
bangarua
bangchi
bangrakhera
bangrod
bani buzurg
baniyani
banjaria
banjaripura
bankacha
bankheri
bankhiriya
bankpura
bankrai
banmala
banmore
banoh
banpura
banpura
banpura
bansikhera
banslankhera
banuapura
banvara
banvara kalan
banyan
bar
bar
bar salaiya
bara
bara
bara
bara
bara ka purwa
bara mahua ka purwa
bara sagar
barach
baradahar
baragaon
baragaon
baragaon
baragaon
baragaon khurd
baraghat
barahiyan
barai
barana
barau
barauda
baraun
baraun kalan
baraunda
barauni
bardha
bardha
bardora
barduwaha
barehta
barela
barelakhera
bareli
barell
barer
barera
bareth
baretha
barethi
barethi
barethi
bargawa
bargawan
bargawan
barghat
bargi
barha
barhanpur
barhi
bari
bari
bari bandhiya
baria
bariyadhonga
bariyakhera
barjan
barjisnagar
barkhera
barkhera
barkhera
barkhera
barkhera
barkheri
barkuhi
barma
barmadang
barmamanjh
barman
barmandal
barmarai
barmarai
barmatal
barmawal
barmhan
barmhan kalan
barnagar
baro khurd
barod
barod
baroda
barodia
barodia
barodia
barodia kalan
barodiya
barodiya
barodiya
barodiya
barodiyabaman
barodiyagusain
barohar
baroiya
barokhar
baroknar
baroli
baron
baroni
baroni khurd
barora
barotha
barra sagar
barria
barua
barual
barud
barur
barutara
barvi
barwa
barwah
barwaha
barwahi
barwani
barwani
barwara
barwara kalan
basai
basania
basantpura
basari
basari
basari
basatgawan
basedu
basgoi
basia
basiyagond
basoda
basoda
basoda
basona
batiagarh
batwaha
bauri
bawaj
baweri
baygor
bazpur
bechai
begamganj
behar ki jameh
beharda
behat
behgama
behrai
behrar
behrawal
behrol
bei
beiwara
belai
belal
belatal
belbahara
belgaon
belia
belkharu kalan
belkharu khurd
belkheda kalan
belkhera
belkhera kalan
benoda
beohari
berasia
bercha
berchha
berchha
berchha
berdi
beri
beria
berikhirka
berkheri
berkheri
berkheri
berkheritanda
besani
besli
betma
betul
betul
betul bazar
bhabhra
bhabra
bhadarra
bhadarra
bhadaura
bhadora
bhadora
bhadora
bhadora
bhadra
bhadrai
bhadrana
bhadroli
bhageh
bhagoda
bhagor
bhagwan
bhagwantpura
bhainsakhera
bhainsana
bhainsoda
bhainswaha
bhainswari
bhaira
bhaira
bhaira
bhaira
bhaiswahi
bhakhrai
bhakoti
bhamgarh
bhander
bhanguakhera
bhanpur
bhanpur
bhanpura
bhanpura
bhansoda
bhapson
bharatpur
bharatpur
bharatpur city
bharatpura
bharhut
bhariapura
bharka
bharkuwan
bharridand
bharsal
bharsul
bhartala
bhartinagar
bhartiya
bhartoli
bhartoli
bharweli
bharyawar
bhata
bhatauli
bhatgaon
bhatgora
bhatkheri
bhatki
bhatnawar
bhatoria
bhatpura
bhaunkheri
bhaunrasa
bhaunti
bhawaniganj
bhawanipura
bhawra
bhela
bhelsi
bhelsi
bhera
bheraghat
bheronobar
bhesola
bhetoni
bhikampur
bhikangaon
bhilawali
bhilori
bhilsa
bhimgarh
bhimlat
bhimlath
bhimpur
bhimpura
bhind
bhiratapurwa
bhirawad
bhitaran
bhitarwar
bhitarwar
bhogai
bhoiron
bhojpal
bhoma
bhomaha
bhomarha
bhona bag
bhonderi
bhongadwar
bhonrasa
bhonria
bhopal
bhopatpur
bhugawali
bhugawali
bhunas
bhuri
bhusa
bhusakamalpur
bhusra
bhutai
biana
biaora
bicharpur
bichhia
bichhia
bichhua
bichrod
bidwal
bigai
bigha
bihar
bihar
biharipura
bihata
bijaipur
bijaipur
bijawali
bijawar
bijeraghogarh
bijiwara
bijpuri
bijrai
bijrawan
bijri
bijroni
biklampura
bikrampur
bikrampur
bikrampura
bilai
bilakheri
bilalyakhero
bilaua
bilayankhera
bildhaibujurg
bilehra
bilgaon
bilgayan
bilgona
bilguwan
bilheri
bilkheri
bilkheri
bilonia
bilqisganj
bilrao
bilwani
bina
binaika
binaytha
bindari
bindhai
binnai
bir
bira
birau
birme
birmi
biron
birora khas
birorakhet
birsa
birsinghapur
birul
birul
bishankhera
bistan
biswan
biswari
bitar
bithli
bodri
bokhrata
bolkhera nau
bolkheri
bonapura
bonda
bora
boraa
borda
bordehi
bordehi khas
bordha
bordia
bordia kalan
borgaon
borghat
bori
bori
bori
boria
borjhar
borkhera
borkhera khurd
borlai
borlai pir
borpani
bothi
brahmand
brahmangaon
brijbhanpura
brijpura
budaur
budaura
budho
budia
budisyamar
bugpura
buj
bukhara
buranpura
burda
burera
burha
burhanpur
burhar
burhna
burkikhera
burkikhera
burna
burut
burwa
buti
chabi
chachar
chachariapati
chachauda
chachor
chachrapoti
chainpur
chainpura
chak
chakaldi
chakbakwara
chakbhartinagar
chakeri
chakeri
chakhla
chakkonsi
chaklaira
chakmaliyakheri
chakra
chamariya
chamarua
chanapura
chand
chandadoh
chandaora
chandauli
chandauwakhera
chandeli
chandera
chanderi
chanderi
chandia
chandla
chandni
chandokh
chandpura
chandpura
chandpura
chandpura reserved forest
chandranagar
chandre
chandrehi
chandu
chanduli
chandupura
chandwasa
changuwan
chansura
chantarpur
chanwari
chapkan
chapra
chapran
charagaon
charanpura
charegaon
chargawan
charhanta
chari
charkhaikhera
charoda
charpuan
charwa
charwankhera
chatoli
chatukhera sondia
chaturkari
chaudhrankhera
chaudhrikhera
chaudhronkhera
chauka
chauka
chaukapathari
chaukhariyakhera
chauki
chauki
chauki ka pura
chaukipura
chaukrauda
chaulpani
chauradadar
chaurai
chaurai
chaurasiyakhera
chenkatbari
chhaktala
chhanera
chhanta
chhapar
chhapera
chhapra
chharchh
chharkl
chhatarpur
chhegaon makhan
chheghara
chhidara
chhidari
chhikaniyanmajra
chhindi
chhindwara
chhindwara
chhipabar
chhipaner
chhipariakhera
chhipawar
chhipon
chhipri
chhirari
chhoti khiria
chhutki kampura
chichanda
chichli
chicholi
chicholi
chikalda
chikhli
chikla
chiknota
chikta
chilpa
chilpahari
chilpi
chilwani
chindwara
chiohanda
chiraidongri
chirapatla
chirapendi
chirapondi
chirgaon
chirmira
chirmolia
chirpura
chirula
chitai
chitaolia bun
chitoli
chitraon
chkatarpur
chobara
chokan
choli
choma
chomon
chonaunkhera
chopra
chopra
choranhata
chorhat
chortanga
churamankhera
churelkhera
churhat
dabka
dabkol
daboh
dabra
dabusa
dadgaon
dadkheri
dadori
dadurar
dag
dagar ka purwa
dagruwa
daharra
dahod
dalaiyan ka pura
dalaoda
dalpatpur
dalpatpur
damanapura
damar ka purwa
damaria
damjipura
damoh
damoh
danera
danitola
dankheri
dantgora
daraiya
dargawan
dargawan
dargawan
dari
dariapura
daryaonagar
daryapura
dasai
datera
datia
datrauda
dattigaon
dauan ka purwa
daulatpur
daulatpur
daunpathar
daunpurwa
daur
dawalikhera
debipura
dehgaon
dehi
dehori
dehri
dehri
dehri
dekan
delakhari
delwani
demra
deodaiya
deogaon
deogarh
deogarh
deogarh
deoju ka pura
deokha
deoli
deoli
deopur
deopura
deora
deoraha
deorda
deore
deori
deori
deori
deori
deori
deori khas
deorimeta
depalpur
deprakhera
deri
deri ka purwa
deshgaon
desli
devari
devinagar
devinagarpara
devli
devnagar
devpur
devpur
devpura
devraha
dewas
dhab
dhabai
dhabla
dhabla dhir
dhai kalan
dhain
dhaini
dhakauli
dhamaunipura
dhamna
dhamnar
dhamnia
dhamniya
dhamnod
dhamnod
dhamoni
dhana
dhanasuta
dhanasutha
dhanaura
dhanera
dhangaon
dhangar
dhangaur
dhangera
dhankakri
dhanora
dhanora
dhanora
dhanora
dhanora
dhanora
dhanora
dhanora jagir
dhanori
dhansara
dhanuk ka pura
dhanwaha
dhanwahi
dhanwar
dhaoli
dhapara
dhar
dharampur
dharampura
dharampura
dharampura
dharampura
dharampura
dharampura
dharampura
dharampuri
dharmpura
dharmpura
dharni
dhaura
dhauri
dhavdi
dhawad
dhawai
dhawara
dhayagarh
dhekna
dhemana
dhertalai
dhikua
dhilapur
dhimarkhera
dhimole ki marhaiyan
dhimroli
dhimruwan
dhirauli
dhoda
dhodhar
dhodramou
dhogwa
dhoha
dholiyakhera
dhondarka
dhondiyakhera
dhonga
dhonga
dhonga
dhoria
dhotria
dhuankheri
dhubuan
dhulkot
dhulkot
dhuma
dhundari
dhundharka
dhurdhuru
dhuri
dhurmar
dhurua
dhuruasan
dhurwasin
dhutera
dibiyapura
didol
digau
digau kalan
digaura
digod
digoda
digtoli
dihewa
dikoli
dikthan
dilakheri
dilauda
dilli ka purwa
dindori
dip
diroli
dithori
dival
diwal
diwanganj
doari
dobhi
dobi
dodi
doh
dohai
dolaria
dolsa
doma
domkhera
dongar parasia
dongari
dongarkhera
dongarpur
dongarpur
dongarpura
dongikumhari
dongri
dorka
dorwa
dotria
duar
dubdaipurwa
dudhli
dugaha kalan
dugaha khurd
dugasra
dulchipur
dulona
dulupura
dumbara
dumduma
dumrau
dunawa
dundakhera
dundathora
dundian
dungar khera
dunra
dupara
duperi
dur
duraha
durenakhera
durganagar
durganagarpara
durganagarpara
durgapur
duryankhera
dusyara
ekauda
eklaira
eran
etawa
etawah
fateh khirk
fatehabad chandrawatiganj
fatehpur
fatehpur
fatehpur
gabhiriya buzurg
gachina
gadariyana
gadariyana
gadarwara
gadaryanpurwa
gagurni
gaharwar
gaharwargaon
gahloni
gahwan
gailwara
gaintipurwa
gaira
gairatganj
gairi
gairwar
gaisabad
gajna
galan
galgaliya
gambhiriya
gamiriya
gandh
gandhaval
gandhigram
gandhisagar colony
gandhisagar colony
gandhwani
ganeshaganj
ganeshganj
ganeshganj
ganeshnagar
ganeshpura
ganeshpura
gangapura
gangdhar
gangdhor
gangiwara
gangli
ganguwa
ganiari
ganiyari
ganj
ganj
ganj dinara
ganjpura
ganpat
gao
gara
garar ka khirk
gardawad
garh
garh
garha
garha
garha
garha
garha kalan
garhakota
garhapurwa
garhaula
garhaulidhiraj
garhaulidhiraj khurd
garhi
garhi
garhi
garhi barod
garhipura
garhkaru
garholi
garhpahra
garhpera
garnawad
garot
garrauli
garrauli
garrauli
garroli
gathaura
gaudana
gaul
gauli palasia
gaumatpur
gaurakhera
gaurela
gaurihar
gautampura
ghairatganj
ghalpharakheri
ghansor
ghar
gharod
ghaswani
ghat bamori
ghat bilod
ghatai
ghatera
ghatigaon
ghatyari
ghaura
ghegava
ghogaon
ghoghara
ghoghara
ghoghari
ghorat
ghoreta
ghosla
ghuchai
ghugri
ghulania
ghunghuti
ghura
ghura
ghuran ka purwa
ghurawali
ghurawar
ghusia
ghutas
gidha
gidha
ginnurgarh
girgawan
girwan
girwasa
gitola
goba
gobar
godarpura
godhan
godri
gof
gogapur
gohad
gohar
goharganj
golai
golani
gold bavri
goli ka pura
goma kalan
gondkheri
gonour
goorha
gopalganj
gopalpur
gopalpur
gopalpur
gopalpura
gopalpura
gor
gor
gora
gora
gora
gora
gora
gorakhar
gorakhpur
gorakhpura
gorar
goras
gormi
gosalpur
gota
gotet
gothara
gotitoria
goudhu
gourjhamar
govindgarh
gudai
gudanwara
gudawal
gudgaon
gugawara
gugra kalan
gugra khurd
gugri
guhisar
gujratikhera
gujraycankhera
gujri
gukhrai
gulana
gulaua
gulenda
gulganj
gumtara
guna
guna
gunaga
gungi
gunjanyan
gunwara
gura
gura
gura
gura
gurera
gurh
gurha
gusain ka pura
gutar
guwarighat
gwaiganj
gwalior
gwaltall
gwara
gyaraspur
haidarpur
hajurinagar
halau
halia
hallia
hamirgarh
handia
hanota
hanota
hanoti
hanoti
hanspura
hansrau
hansua
hanumansagar
hanumantpura
harakheri
harawah
harbanspur
harda
hardauni
hardauta
hardot
hardot
hardot
hardote
hardu
hardua
hardua
harinaga
harinagar
harinagar
harkal
harkari
harki jameh
harpalpur
harpura
harpura
harpura
harpura
harpura
harpura
harrai
harrajkheri
harratola
harseni
harsola
harsud
hasalkheri
hasgora
hat piplia
hata
hathanapur
hathkuri
hathnal
hatla
hatlam
hatod
hatta
hatta
hazaripura
higona
hilgawan
hilguan
hillaipurwa
hindoria
hindoriya
hingati
hinota
hiranagar
hiranagar
hiranchhipa
hiranchhipa
hirangaon
hirankhera
hirankheri
hirapur
hirapur
hirapur
hirapur
hirapur
hirapur
hirawari
hirdenagar
hirdenagar
hirli
hiwarkhed
hiwarkheri
hoshangabad
hridayanagar
hulki
iarua
ibe ka khirk
ichhawar
iklehra
imaliya
imaliya
imaliyakishor
imlakhera
imlana
imlani
imlia
inaitpur
indar
indargarh
indaur
indore
indrana
indur
isagarh
isanagar
isarwara
isarwara
islamnagar
ison
iswari
itai
itaiya
itarsi
itawa
itawali
jabalpur
jabera
jabhera
jagapur
jagatnagar
jagdishpur
jagoti
jagrai
jagrupura
jagthar
jahur
jaisinagar
jaisinghnagar
jaisinghnagar
jaithari
jaitpur
jaitpur
jaitupura
jajer
jakha
jakhda
jakhlaun
jakhmoli
jakonia
jalalpur
jalandarpur
jalandhar
jalimpura
jalna
jamahar
jamai
jamgaon
jamli
jamli
jamner
jamner
jamni
jamniya
jamniyapara
jamrar
jamunia
jamunia
jamunia
jamuniakhera
jamuniya
jamuniyankhera
jamuntaraiya
janakpur
janakpur
janakpur
janakpur
janakpura
janakpura
jandwa
jangarh
jaora
japla
jaragawan
jaraha
jararua
jareru
jarha
jarmau
jarod
jarua
jarwans
jaso
jaswantnagar
jaswari
jat
jatara
jatera
jathari
jatowa
jaukheri
jawalkheda
jawar
jawar
jawaro
jawassa
jawi
jeora mora
jer
jerat
jerua
jeruwakhera
jetpura
jetupura
jhabua
jhagar
jhaknawad
jhalarwa
jhallar
jhalwara
jhamtoli
jharan
jharda
jharer
jharkhera
jhila
jhilla
jhilmili
jhilmill
jhingri
jhinguwan
jhiri
jhiri
jhiriyakhera
jhirpa
jhokho
jholsi
jhukho
jhutawad
jiagaon
jiawan
jigna
jigni
jinagarh
jirena
jmagarhiyan ka khera
jnngel
jobat
jodpur
joga
joga kalan
jolgawan
jonakheri
jonapura
joongeyl
jora
jori kotwal
jotawad
joura
jowar
jubbulpore
jukehi
julwania
jungel
jurawan
jyar
kabirchabatra
kabirchabutra
kabrata
kachautia
kachchhiahana
kachchhidhana
kachhauwa
kachhi ka purwa
kachhia gura
kachhiakhera
kachhiakhera
kachhiyakhera
kachhpura
kachhyakhera
kachnar
kachnara
kadwaha
kadwal
kadwan
kagba
kahani
kailaras
kailashprua
kailia
kailpura
kaimaha
kaimori
kaimur
kainwaha
kaitha
kaithokar
kajlidong
kajlidongoi
kajrai
kakarda
kakarda
kakartala
kakarua
kakora
kakrana
kakrawali
kakrela
kakret
kakron
kakuhpura
kala pipal
kala pipal
kalapani
kalda
kalianpur
kalipith
kalmesura
kalmora
kalrauni
kalukhera
kalukheri
kalukheri
kamakheri
kamalnagar
kamalpura
kamarji
kamarwa
kamlakhera
kampel
kanaoudi
kanar
kanardi
kanari
kanaria
kanas
kanaudi
kanchana
kanchani
kanchanpur
kanchanpura
kanchanpura
kandwa
kandwa
kanera
kangnakhera
kanha
kanhaipura
kanhwara
kaniwara
kanjarda
kanjia
kankar
kankardo
kankhar
kannakheri
kannakheri
kannod
kannpur
kanora
kantaphor
kanti
kanti
kanti
kanuahi
kanun
kanvali
kanwarpura
kaohni
karahal
karai
karaia
karaiya
karakota
karampur
karampur
karanjia
karanjia
karanpathar
karanpur
karanpura
karanwas
karapgaon
kararkhera
karaundiyakhera
kareli
karera
kareri
kargari
kargawan
karhaia khoh
karhi
kari
karidalai
karimati
kariya
karkeli
karki
karkota
karmara
karmarai
karmari
karmasan kalan
karmasanpara
karmasin chhoti
karmaura
karmauriyakhera
karmodiya
karonda
karor ka khirk
karor ka khirk
karrai
karrapur
kartal
karwa
karwar
kasa
kasangi
kasari
kashi ka purwa
kasrawad
katalbori
katangi
katangi
katangjhiri
katare ka purwa
kataria
katera
katerakhera
kathai
kathiwara
kathona
kathotaha
kathotia
kathoutaha
katiyarpurwa
katkona
katkut
katni
katni
katni junction
katra
kauria
kawaiyan
kedarpur
kelhari
kelod
kelwara
kemai
kemwari
kenwar
keolari
keonchi
kerar
kerbana
kerpani
kesarganj
keshli
keshriganj
kesla
kesopur
kesur
ketani
kethora
khachrod
khadryakhera
khaighat
khaira
khaira
khairlangi
khairlanji
khairuon ka purwa
khairwaha
khajara
khajari
khajarwar
khajra
khajra
khajraho
khajrar
khajrod
khajuraho
khajuri
khajuria
khajuria kalan
khajuriya
khaknar
khalgat
khalghat
khalwa
khamalia
khamaria
khamaria
khamaria
khamaria
khamaria
khamariya
khamarpani
khamerkhudra
khamidol
khamkhera
khandari
khandwa
khaniadhana
khankar
khapa
khapa
khapa
khapa
khapa
khapari
khaparia
khaparkhera
khaparkhera
khaparkhera
kharai
kharai
kharai
kharai
kharai
kharaini
kharari
kharauda
khardon
khardon kalan
kharduti
kharera
kharesara
khargaon
khargapur
khargon
khargone
khari
kharia
kharila
kharka
kharka
kharma
kharoi
kharon
kharon
kharsod
kharsod buzurg
kharua
khatai
khatali
khatauli
khataura
khategaon
khatora kalan
khatora khurd
khatra
khattai
khaujakheri
khauran ka khirk
khawasa
khejara
khelpura
khera
khera
khera
khera
khera
kherai
kherai ka purwa
kheri
kheri
kheri
kheri
kheri
kheri gidor
kheriya
kheriya padam
kherli
kheron
kherwan
khilchipur
khimlasa
khiri
khiria
khiriaghat
khiriya
khiriya
khiriya
khiriya
khiriya
khiriya khurd
khiriyaburjag
khirkian
khirkiya
khirla
khirsadoh
khiston
khojakheri
khojampur
khokara
khokara kalan
khonjra
khonra
khonra
khoran
khorera
khujner
khulri
khurai
khurampura
khuran
khurau
khurda
khurel
khurel kalan
khurrampur
khushipura
khushipura
khwari
kiampur
kihunian
kinhi
kiratpura
kirnapur
kirola
kirrawada
kirrod
kishangarh
kishanpura
kitakhera
kitapurwa
kod
koha
kohar
kohlan
koilari
kolaki
kolaras
koludi
koluwa
konsi
korai
koraja
korkat
korwai
kot
kot sarthara
kota
kotada
kotar
kotha
kothi
kothi
kothia
kotma
kotra
kotra
kotra
kotra
kotra
kotri
kotri
kotri kalan
kotri kalan
kouria
koyala
kua
kuarpur
kuchrod
kudpura
kudra
kukdeshwar
kukshi
kulgawan
kulhar
kulholi
kulua
kulwai
kumarwa
kumbhraj
kumerhin
kumha
kumhari
kumrau khiria
kumrol
kunaita
kund
kunda
kundali
kundam
kundeshwar
kundlaya
kunjrod
kunwala
kunwar kotri
kunwarpur
kunwarpura
kunwarpura
kunwarpura
kunwarpura
kunwarpura
kuraila
kurarwar
kurawar
kurela
kurila
kurila
kurila
kurila
kurila
kuriyala
kurlasi
kurra
kurrai
kurua
kushai
kushmahar
kusmariakhera
kutrawan
kymore
lachaura
lachhipura
lachhmangarh
lachhmanpura
lachhmanpura
lachhmipura
ladhaura
ladora
lagma
lahar
lahar
lahar khurd
lahatwas
lahera
lahori
lahrain
laicha
laiganj
lain ka pura
laira
lakhankhera
lakhanpura
lakhanpura
lakhaura
lakhera ka bag
lakheri
lakhnadon
lakhron
lakshmanpura
lalakheri
lalankhera
lalbagh
lalburra
lalburrah
lallu ka pura
lalpur
lamakhera
lamera
lamethi
lamnau
lamni
lamta
lamtha
lanbakhera
langadia amba
lapata
lapchaura
lapri
lar
lar banjariya
laraiyakhera
lareti
lareti
larkui
larol
laron
larwari
larwaripara
lashkar
lauri
lawaghogri
lawahi
lawakhari
lawan sitaram
letani
leteri
lidhaura
lidhaura
lidhora
likhi
lilon
limachauhan
limarua
limbi
linga
linga
lira
lodhianpura
lodhikheda
lodhikhera
lodhipura
lohachara
lohargawan
lohari
lokhartalai
longar
lorha
lotia
ludhwans
luharra
luharra
luharra
lukwasa
luriyakhera
luriyao
machalpur
machchand
machhkhera
machi
machora
madal
madanpur
madanpur
madanpur
madansagar
maddukberi
madelankhera
madelari ka purwa
madhagarh
madhochakrakararai
madhogarh
madhupura
madhya pradesh
madiyaghati
madkota
madnai
madniwar
madori
madri
magara
magardha
magardha
magardha
magarmuwan
magrai
magrakhera
magroni
mahabirganj
mahabirpura
mahadpur
mahadwani
mahagarh
mahanpura
mahansi
maharajpur
maharajpur
maharajpur
maharajpur
maharajpur
maharajpur
maharajpura
mahasa
mahendramaheba
mahera
maheri
maheshwar
mahewa
mahewa
mahgawan
mahmada
mahmudpura
mahobiya
mahoti
mahuna
mahuria
mahuta
mahuwakhera
maihar
maina
mairikhera
majagawan khurd
majgaon
majgawan
majgawan
majgawanjara
majhgaon
majhgawan
majhgawan
majhgawan
majhguwanghati
majholi
majkhera
majkhera
majkhera
majna
majpura
majra
majra
majrakashi
makgardba
makhanpura
makhera
makrai
makrohar
makron
makrone
maksi
maksudangarh
mala
mala
malachua
malahar
malahra
malakpur
malawar
malehra
malguwan
malhargarh
malhargarh
malia
malinpura
maliyakheri
malkhanpura
malkheri
malkhowan
malpura
mamatkhera
mamda
mamon
mamon
manasa
manau
manawar
mandasor
mandhi
mandi bamora
mandla
mandleshwar
mandpur
mandsaur
mandu
mandwi
manegaon
manegaon
maneri
maneri
manertha
mangawan
manglia
mangus
manguwan
manikchauk
manikpur
manikpur
manikpura
maniputa
maniyan
manki
manmati
manoi
manot
manpasar
manpasar
manpichhori
manpur
manpur
manpur
maohalpur
maqbara
mara
mara
maraiya
mardanpur
margarh
margawan
marhi
mariado
marikhera
mariya
mariya chhoti
mariyaghati
markhera
marna
marni
marori
marula
marumar
marwas
masankhera
masira
masod
masode
matai khirk
matauli
mathanikhera
mathupura
mathwar
matiyakhera
matiyana
matiyaratal
matkota
matkuli
matla
matol
matol
mau
mau
mau
mau
mau
mau
mau buzurg
mau ka khirk
mauganj
mauria
mauriyan ka khirk
mawai
mawai
mawaiya
mawana
mayapur
mazra
mehda
mehona
melwara
menduka
meronkhera
metwara
mewali
mhow
miana
midora
mihona
minora
mirawali
mirchaduri
misroli
mithauli
mithlakhera
modankheri
mogna
mogra ram
mohali
mohali
mohali khurd
mohalimokam
mohana
mohankot
mohanpura
mohar
mohara
mohari
mohari
mohasa
mohasa
mohasa
mohasa
mohdra
mohgaon
mohgaon
mohgaon
mohgaon
mohgaon
mohgaon
mohker
mohkher
mohpani
mokhra
monemato ka khero
monpur
mora
morar
mordad
morena
mori
mori
morkhi bari
morkhi chhoti
morpariya
morramanna
mortakka
morvani
motinala
mucha
mudelankhera
mudiya
mudra
muhali khurd
muhammadgarh
muhammadpur
muhar ka khera
muharan ka khirk
muhasa
multai
multhan
multhan
mundari
mundi
mundi
mundla
mundra
mungaoli
mungwani
mungwani kalan
murakta
murari
murari
murari
muratpura
murheri
murhipar
muriya
muriya
muriya
muriya
muriyakumer
murwara
musyawada
muthiya
nachanwara
nadanwara
nadaura
nadawan
naddaura
nadgaon
nadia
nadigaon
nadikhera
nadna
nadoura
nadpaun
nadria
nagalvadi
nagalwadi
nagandeori
nagara
nagarwara
nagda
nagda
nagda
nagda
nagda
nagiheri
nagjheri
nagod
nagra katangi
nagwasa
nahargarh
nahen
nahi
nai sarai
naiapura
naigarhi
nainagir
naindara
naindhara
nainpur
nainwari
nainwas
nakaryakhera
nake ka khirk
nalcha
nalkhera
namli
nanakpur
nandanpur
nandanpur
nandanpur
nandarwara
nander
nandgaon
nandgaon
nandipurwa
nandora
nandri
nanhi bandhi
nanhi tehri
naniyakheri
nanoti
nanpur
naoriah
naorih
napanera
naraini
narayach
narayanganj
narayangarh
narayanpur
nardha
nargora
nargora ka khera
narsimahpur
narsimhapur
narsinghgarh
narsinghgarh
narsinghpur
narwai
narwani
narwar
narwar
naryauli
nasrullaganj
nasrullahganj
natankhera
nateran
naugaon
naugaon sarf
naukhera
naukhera
naukund
naupaharia
nauraj
nauratori
naurpara
navali
nawab basoda
nawagaon
nawalpura
nawanagar
nawara
nayagaon
nayagaon
nayagaon
nayagaon ki garhia
nayagaou
nayak ka khirk
nayakhera
nayakhera
nayakhera
nayakhera
nayakhera
nazarpura
nazirabad
negawan
nehron
nemawar
nepa nagar
newari
niagurhi
nibalamba
nibhora
nibodiya
nigri
nigri
nihalamba
nihani
nimbod
nimbola
nimia
nimia dhana
nimkhera
nimkhera
nimkhera
nimkhera
nimnan
nimod
nimon
nimpani
nimta
ninawad
ninguani
nipani dongri
nipaniya
nipbal
nirtala
nisarpur
nisarpura
nivali
nivariya
niwar
niwari
niwas
niwawari
nohta
nonapanji
nondhni
nopura
nowanaghar
nowgong
nuna
nuna ka khirk
nurabad
nurganj
obri
ojha
onder
oraho
oramar
pabai
pachalpurwa
pacher
pachhar
pachmarhi
pachokhara
pachor
pachpahar
pachran ka khera
padampur
padaraha
padaria
padhana
padla
padlia
padlia khurd
padmara
padochha
padrai
padraj
padwar
pagara
pagara
pagara
pagaria hat
pagaro
pagdhal
pagra
pahargaon
pahargarh
pahari
pahari bakhshi
pahari khurd
pahari tilwaran
paharikhera
pahla
pahlejpur
pahwari
paira
paitpura
pajnari
pal
palanga
palatwada
palatwara
palaua
palehra
palera
paleyan ka purwa
palgakhera
pali
pali
pali
pali
pali
paloha
palohabada
palpur
palsoda
palsud
pama kheri
panagar
panagar bazar
panagara
panar
panara
panari
panautha
panavari
panbihar
panchamnagar
panchamnagar
pandadah
pander
pandhana
pandhurna
pandola
panghat
panigaon
paniyarakhera
panmar
panna
panniar
pansemal
panth piplia
panth piploda
panwari
panwari
papaoni
papet
papeti
paphund
papora
papta
paputua
par
para
para
para
parakhas
parakhera
parana
parana
parara
pararia
parariya
parariya
parasi
parasi
parasia
paraswara
paraswaraghat
pardha
paretha
parhuanpura
parlia
parora
parora
parsamau
parsar
parsawan
parsol
parson
parsonria
parsoriya
parsottamgarh
parsua
parsulia
partabpura
partabpura
partappur
parwai
parwar
parwar
patan
patan
patan
patan
patan kalan
patari
patari
patari
patarkhera
patera
patha
patha
pathada
pathaghat
pathako
pathapur
pathar
pathara
pathargarh
pathargawan
pathari
pathari
pathari
patharia
pathariya
pathariya
pathariya gond
pathariya gond
pathariyabyas
pathariyajagan
patharpura
pathele ka khirk
pathgawan
pathlakhera
pathlakhera
pathra
pathrai
pathral
pathraora
pathraula
pathrigarh
pati
pati
patikheri
patkui
patnar
patnara
patori
patori
patpara
patrai
patrikota
pattan
patti bagthari khimlasa
patti bagthari khurai
patulki
paunar
paunia
pauri
pauri
pawai
pawarkhera
pawaya
pech morena
pelakhera
peoli
petlawad
phadki
phalghat
phanda
pharar
pharka
pharna kudi
phopnar
phopnar kalan
phulepura
phulmai
phulpur
phup kalan
phupher
phutakhera
phuter
phutera
phutera
phutera
phutera
phuteri
phutwari
pichhor
pichor
piklon
pilwas
pinaora
pindkapar
pindrai
pipalda
pipalgaon
pipalgota
pipaljhopa
pipalkhera
pipalkhera
pipalkhera kalan
pipalrawan
pipardahi
piparia
piparia
piparia
piparia
piparia
piparia
piparia illai
piparia kalan
pipariya
pipariya
pipariyachauda
pipariyaghat
pipariyagond
piparkheri
piparkhiriya
piparla
piparwani
pipaura khurd
pipla
piplia
piplia
piplia
piplod
piploda
piploda
piplon kalan
piplu
pipra
pipra
pipra
pipra
pipra kalan
piprai
piprath
pipri
pipri
pipri
pipri buzurg
piprod
piprodh
pirotha
pirozpura
pirthipur
pitholi
pithora kalan
pochaner
polaia kalan
polaia khurd
polari
ponri
ponri
porsa
potiakhera
potlod
powarkheda
powerkhedi
prahladpura
pratapnagar
prempura
prempurwa
puchi
puiwagarhi
punal
punasa
punji
pur
pura
pura
pura
pura
pura binaika
pura peoli
pura rora
puraina
purainiya
purainiyan
purainiyan
purakhera
puret ka khirk
purni
purwa
purwa
purwa
purwa duar
putrikhera
pyasi
radhapur
radhapur
radhepura
ragauli
ragauli
raghogarh
raghubanspura
raghugarh
raghunathganj
raghunathpura
ragoonathgunj
rahatgaon
rahatgarh
rahatia
rahimgarh
rahraun
raimpura
raipur
raipur
raipur
raipur
raipura
raipura
raipura
raipura
rairu
raisen
raitalai
rajapur
rajaula
rajegaon
rajendranagar
rajgarh
rajgarh
rajgarh
rajgarh
rajgarh
rajla
rajlibeh
rajnagar
rajnagar
rajnagar
rajod
rajpur
rajpur
rajpur
rajpur
rajpur
rajpura
rajpura
rajpura
rajpura
rakh
raktai
ralayata
rama
ramakona
rambhapur
ramchhayri
ramgarh
ramgarh
ramgura
ramiya ka khera
ramkhiriya
ramkola
ramkunda
ramnagar
ramnagar
ramnagar
ramnagar
ramnagar
ramnagar
ramnagar
rampaili
rampur
rampur
rampur
rampur
rampur
rampur
rampur
rampur
rampur
rampur
rampur
rampur
rampur
rampur
rampur kalan
rampura
rampura
rampura
rampura
rampura
rampura
rampura
rampura
rampura
rampura pathar
rampura rakh
ramrama
ramrama tola
ramsagar
ramsagara
ranapur
raneh
rangawan
ranguwan
raniganj
ranipur
ranipur
ranipur
ranipura
ranod
ranteya
raokot
raoti
rarayau
rasila
rasilpur
raslakheri
rasmano
rasoi
rastakheri
rasula
rasulpura
ratanganj
ratanganj
ratangawan
ratangawan
ratanpur
ratanpur
rater
ratlam
ratodan
rautela
rautelan ka khirk
rawali kudi
rawaro
rawatpur kalan
rehatwas
rehli
rehti
rekwar
remwat
rengakhar
rengwan
reta
rewa
rewah
rheti
rhimarpurwa
richhai
richhai
richhara
rigaura
rikhishwar
ringnod
ringnod
ritakhera
rithaur
rithi
rithora
rithora kalan
rohania
rohania
rohaniya
rohna
ron
ronda
ronra
rora
rorai
rotele ka khirk
ruar
rudrapura
rukhar
runija
runija
rupau
rupjhar
ruran
rurawan
rusalla
rusalla
rusiya
sabalgarh
sabdha
sadarpur
sadri
sagar
sagar
sagar
sagar tal
sagari
sagarwara
sagoni
sagoni
sagor
sagra
sahajpur
sahasnagar
sahdol
sailana
sailani
sainkheda
sainkheda
sainkhera
saipur
sairara
sairora
sajera
sakera
sakke
sakola
sakonia
sakrad
sakrar
salai
salaia
salaiya
salaiya
salaiya
salaiya
salaiya
salaiya
salaiya
salamatikhera
salamatpur
salampur
saletekri
salewara
samarda
samarda kaliasot
samarra
sambhupipar
samkheda
samnapur
samnapur
samreta
samthar
samuapur
sanai
sanavad
sanawad
sanawai
sanchi
sanchi
sandagir
sandalpur
sandia
sangakhera
sangakhera
sangakhera khurd
sangora
sangvi
sanjit
sankal
sankh
sanmapur
sansa
santera
sanwer
saongi
saonli
saphli
sapon
sarai
saraidana
saraidand
sarangi
sarangpur
saraskheri
sardarpur
sarera
sareri
sargoli
sarka
sarkai
sarkakhera
sarkana
sarkanpur
sarkanpurpara
sarkanpurpara
sarkhadi
sarna
saroi
sarsai
sarseir
sarserh
sarwai
satgawan
sathkhera
sati
sati
sati
sati
sati
sati
sati
sati
sati
sati
sati
sati
sati
sati
sati
sati
sati
sati
sati
sati
sati
satna
satnai
satner
satni
satoriya
satpara
satpara
satpara
satpara
satripura
satwas
saugor
saulikhera
saunrai
sausar
sawan
sawantkhera
segaon
sehore
sehral
selarpur
selwara
semaraganpatrai
semaraghat
semaralodhi
semarashekh
semaria
semarkachhar
semarkhera
semra
semra ahir
semradant
semraramchandra
semri
semrotokhera
sendal
sendhawa
sendhwa
sendra
sendurjana
sendwal
senthri
seogarh
seogarh
seondha
seoni
seoni
seoni chhapara
seoni malwa
seoni marwa
seora
serai
serai
serok
serwasa
sesai buzurg
sesaipura
sesram
sewakhera
sewar
sewar
sewra
shahdara
shahdol
shahganj
shahgarh
shahnagar
shahpur
shahpur
shahpur
shahpur
shahpur
shahpur
shahpur
shahpura
shahpura
shajapur
shamgarh
shampur
shampur
shamsabad
shamsgarh
shankargarh
shankargarh
shankarpura
shanpur
shekhpur
shekhpur
shekhpur
sheopur
sheopur
sheopur kalan
sheorajpur
sher bhatoria
shiampura
shikara
shikarpur
shikarpura
shimariya
shivnagar
shivpura
shivpuri
shivpuri
shohpur
shri chaturbhuj
shrinagar
shrinagar
shujalpur
shyamarjhor
sia
siag
siddikganj
siddiqganj
sidhi
sidhpura
sidi
sidi
sigdoni
sigon
sihara
sihawal
sihondi
sihoniya
sihor
sihora
sijarapara
sijora
sika
siladha
silapari
silari
silarpur
silawad
silgaon
siloli
silon
silondi
silori
silpura
silpuri
silvani
silwani
simarghan
simaria
simariya
simariya
simaro
simriya
simrol
sindaota
sindwara
singaga
singaji
singhana
singhori
singhpur
singhpur
singoli
singon
singori
singpur
singpur
singradul
singraul
sinja
sinjo
sinrajpur
sipra
sirali
sirawali
sirdarpore
sirijhiri
sirmaur
sironj
sironjipur
sirpur
sirsi
sirsi
sirsod
sirwara
sitamau
sitanagar
sitapar
sitapathor
sitapur
sitiaha
sitlaha
siuni
siurajpur
slaoni
sleemanabad
sobhapur
sobhapur
sobhapur bazyaft
sodalpur
sodarpur
sohagi
sohagpur
sohagpur
sohar
sohawal
soin
soin kalan
somarda kauasot
sonarai
sondwa
soni
sonkach
sonkach
sonpur reserved forest
sonra
sontala
sontalai
sora
sorai
soriyana
sorkhi
sorwa
srinagar
srinagar
sriniwas bagh
madhya pradesh
suatala
suatalao
suda
suhagi
sujanpura
sujanpura
sujanpura
sujanpura
sujanpurapara
sujara
sukkanpura
sukli
sukora
sukri
sukri
sukri
sukriyal
sukta
sukwaha
sulgaon
sultanpur
sumreri
sunaj
sunara
sunara
sundarpur
sundarsi
sundrel
sunera
suneti
suneti
sunoni
sunorakhiria
sunpuri
sunrai
sunswara
sunwaha
sunwaha
sunwara
supkhar
suplai
surai
surajpur
surajpur
surghan
surjanpur
surkhi
surwaya
susera
sustikheda
suthalia
suwasra
tajpur
tajpura
takenpur
takha
taknera
tal
tala
talapahari
talapar
talapar
talbahat
talbahat
talen
talmau
talod
talpur
talwara
talwara buzurg
talwara deb
tamia
tamla
tamora
tamran ka khera
tanda
tanga
tangiya
tangiyatola
tanodia
tanoria
tapariya
tapariyan
tapariyan
tapariyan
tapariyan
tapariyan
tappa
tapriyan
tapriyanchauhan
tapriyar
tara
taradehi
tarai
tarana
tarapathar
tarauli
taregaon
tarpathar
tatarwara
tauri
tauria
tehangur
teharka
tehroli
tejgarh
tekadhana
tekanpur
teloli
temla
tendukheda
tendukheda
tendukhedn
tendukhera
tendukhera sailwara
tenku
tentra
teonda
teonthar
teora
teori
thagaon
thagwa
than amgaon
thandla
thanupura
thapli
tharet
thikri
thuna
tigaon
tighara
tigoda
tigra
tigri
tihar
tikari
tikaria
tikri
tikuri
tila
tilawad
tiloti
tilwaraghat
tilya
timurni
tindari
tinshemali
tinsi
tinsuwa
tirla
tirla
tirodi
tongra
tonk
tonk khurd
tori
torna
toro
torya shuklanki
tudyan ka khirk
tumain
tumain kalan
turhar
turka
ubaidullaganj
ubaidullahganj
ubhegaon
udainagar
udaipura
udankheri
udannakhera
udayapur
udepura
ugli
ujjain
ujnet
ujnethi
ukawad
ukawad
ukawad
ukwa
uldan
umarband
umarde
umaria
umaria
umaria
umaria
umarkot
umrakhera
umraoganj
umrela
umreth
umri
umri
umri
umri
un
unao
unarsi
unarsi
unchahra
unchawad
unchod
unhel
urdora
uttari birora
vajhar
vanrakhan ka khirk
varla
venkatnagar
vidisha
vikrampur
walpur
wangarh
waraseoni
warud
warwania
zainabad
zalampur
zirapur
abdul
abhona
achalpur
achra
adad
adarki
adarki buzurg
adas
adas bidh
adavad
adgaon
adgaon
adhe
adi
adi
adiura
adivra
adoli
adul
adul
adul buzurg
adul khurd
adyal
adyar
agar panchaitan
agargaon
agashi
agashi
agva
ahiri
ahmadnagar
ahmadpur
ahmednagar
ahmedpur
ahupe
ainpur
ajanta
ajni
ajra
akalkot
akera
akera chhota
aklui
akluj
akola
akola
akola
akola
akolner
akot
aksapur
alamgaon
alandi
alapillai
alate
ale
alegaon
alegaon
alegaon
alewabi
alewahi
alibag
alibagh
alipur
alkuti
alland
allapalli
alora
alta
alta
alur
amalner
amalner
amarapur
amaravati
amarnath
amba
ambabarwa
ambad
ambad
ambajhari
ambajogai
ambalga
ambalga buzurg
ambaltek
ambara
ambarnath
ambavli
ambavna
ambe
ambegaon
ambejogai
ambepur
ambewari
ambgaon
ambhai
ambli
amboli
amboli
amdapur
amdapur
amgaon
amgaon
amli
amraoti
amravati
anaskura
andarsul
andhari
andher
andheri
andhori
andori
andura
ane
angar
angarle
anjala
anjangaon
anjangaon
anjangaon bari
anjanvel
anjarla
anjarle
anji
anjih
ankisha
ankla
anshing
ansing
antur
anva
apta
apti
arag
arangaon
arath
arav
aravi
ardhapur
aregaon
argaon
argaon
argaon
arjuni
arjuni
arla
arli
arli buzurg
armori
arnala
arnalapada
arnalla
arni
arola
arvi
arvi
arvi
arvi
arwi
asangaon
asegaon
asgan
asgani
ashta
ashta
ashta
ashtami
ashti
ashti
ashti
ashti
ashti
ashti bidh
ashwi
ashwi budrukh
ashwi khurd
asoda
asona
asra
assaye
assegaon
assoondee
assundi
astagaon
astgaon
asu
asumumbay
atgaon
atit
atpadi
aunda
aundah
aundh
aundh
aundhi
aurad shahjahani
aurangabad
aure
ausa
ausari
ausari budrukh
avalegaon
avas
babhaleshwar
babra
babulgaon
babulgaon
babulgaon
babupet
badlapur
badnapur
badnera
baghnadi
bagmala
bagni
bahadarpur
bahadurpur
bahal
bahardurpur
bahela
bahipur
bahirevadi
bahirewadi
bahradi
bahre
bairagarh
baitagaon
bajegaon
balam takli
balam yelim
balapur
balapur
balayaduri
balgaon
balharshah
ballalpur
ballapur
ballard estate
ballarpur
balsana
bamangaon
bamanpalli
bambavda
bambavdewadi
bamhni
bamni
bamni
ban
banati
banda
bandra
bandra
bankot
banoti
banpuri
bapane
bapera
baple
bapsai
barad
barad
baragaon pimpri
baramati
barhanpur
barkatpur
barsi
barsi takli
barsiv
basegaon
basim
basmat
basmath
basnamba
baura
bav river
bavda
bawanbir
bazargaon
begampur
bel pimpalgaon
bela
belankhi
belanki
belapur
belapur thana
belapurpada
belhe
belkade
belkhar
belkhar
belshakarga
belvandi
belvandi budrukh
bembal
bemballa
bembla
bemli
bendari
bere
bergaon
betavad
betavad
betavad buzurg
betavad khurd
betergaon
betgaon
betmogra
bhada
bhadgaon
bhadji
bhadkamba
bhadvad
bhadvad budrukh
bhairipada
bhaitana
bhalauni
bhalavani
bhalavni
bhalgaon
bhalpada
bhamarvadi
bhambhurda
bhambiya
bhambourda
bhambudra
bhamburda
bhamer
bhamragarh
bhanas hivre
bhandak
bhandara
bhandup
bhangar
bhanoli
bhanwad
bharos
bhategaon
bhatghar
bhatkuli
bhaudi
bhawani pangri
bhaweghar
bhayandar
bhayndar
bhayundar
bhedshi
bhendkhal
bhigvan
bhilavadi
bhilavdi
bhimashankar
bhir
bhiravda
bhirvada
bhisi
bhiwandi
bhiwapur
bhiwndi
bhogaon
bhogaon
bhogaon
bhogaon
bhokar
bhokar
bhokardan
bhokarwadi
bhom
bhonang
bhoom
bhor
bhorvadi
bhos
bhosa
bhosa
bhose
bhoyar
bhudgaon
bhugaon
bhum
bhun
bhusaval
bhusawal
bibi
bid
bid
bidh
bidkingaon
bidsangvi
bijur
bilashi
bilasi
biloli
bir
birjpara
birvadi
bitargaon
bitargaon buzrug
bitkevadi
boblad
boblad
bodhegaon
bodvad
boisar
bokadvira
bolthan
bombay
bombay ballard estate
bombay bandra
bombay byculla
bombay chinchpokli
bombay colaba
bombay cumballa hill
bombay dharavi
bombay girgaon
bombay mahim
bombay malabar hill
bombay mandvi
bombay matunga
bombay mazagaon
bombay naigaum road
bombay santa cruz
bombay sion
bombay siwri
bombay tardeo
bombay vile parle
bombay wadala
bombay warli
borad
boradi
borgaon
borgaon
borgaon
borgaon
borgaon buzurg
borgaon manju
borgbar
bori
bori
bori
bori
bori
bori
bori
bori
boria
boris
borivli
borkhedi
borkund
borlai
borlai panchaitan
borlai panchaitar
borpada
borshet
borsheti
borvihir
bote
bowra
brahmangaon
brahmanvel
brahmanwada
brahmanwade
brahmapuri
brahmapuri
bramhapari
bramhapuri
budh
budhgaon
buldana
buldana
burdapur
burli
burrumpur
burti
busegaon
bute wadgaon
butram
byculla
chahardi
chakan
chakur
chakur
chalisgaon
chamursi
chanaje
chanda
chandankhera
chandas
chande
chandgad
chandi
chandol
chandoli
chandor
chandrapur
chandur
chandur
chandur bazar
chandvad
chandwar
chanera
chanere
changatpuri
chani
chanpa
chanyi
chaoka
chapadgaon
chapadgaon
chapaner
charan
chargaon
charthana
chas
chas
chatari
chatgaon
chatori
chauk
chaurakund
chausala
chehedi
chhadvel
chichgarh
chicholi
chichondi
chichondi patil
chichpalli
chikal bhir
chikalda
chikaldongri
chikalthan
chikalthan
chikalthana
chikhalgan
chikhali
chikhli
chikhli
chikhli
chikhli
chikhli
chikli
chimthana
chimur
chinchani
chinchavli
chinchiwad
chinchner
chinchni
chincholi
chinchpokli
chinchrad
chinchvad
chinchwad
chiplun
chispur
chispur budrukh
chitegaon
chitepipalgaon
chopda
chorondpada
chota
christpada
chukmpalli
chuknitapilli
colaba
cooria
corai
cumbala hill
cumballa hill
dab
dabha
dabhade
dabhadi
dabhadi
dabhil
dabhol
daddi
dadi
dahanu
dahigaon
dahigaon
dahihanda
dahinada
dahivad
dahivadi
dahivel
dalimb
dalvikharoshi
danda
dande
dande
dande
dandepada
dangshirvade
daphlapur
dapodi
dapoli
dapur
dapuri
darangaon
darekasa
darphal
darwha
daryapur
dasala
dasave
dasgaon
dativra
dattapur
daulat
daulatabad
daund
davale
davrapada
davri
dawaniwada
dawaniwai
dawaniwara
dawarwari
degaon
deglur
dehithan
dehu
dengachi met
deodahiphal
deolali
deolali
deolali
deolapar
deolapur
deolgaon sakersha
deoli
deoni
deoni buzurg
deori
deosur
deothana
desli
desran
deulgaon
deulgaon mahi
deulgaon raja
deulghat
devgabn
devgad
devgaon
devgaon
devgarh
devgarh
devghar
devla
devla
devlali pravra
devli
devpur
devrukh
dhadgaon
dhalgaon
dhamak
dhamangaon
dhamatne
dhamnad
dhamnand
dhamni
dhamni
dhamni
dhanaj
dhanaj buzurg
dhandarphal
dhandharphal
dhaner
dhaner
dhanki
dhanor
dhanora
dhanora
dhanora
dhanora buzurg
dhantoli
dhar
dharamtar bandar
dharangaon
dharavi
dharmabad
dharmpuri
dharur
dhasai
dhawalpuri
dhayda
dherankhar
dhokaude
dhond
dhondrai
dhor jalgaon
dhorambe
dhoregaon
dhorkingaon
dhotre
dhotri
dhule
dhulia
dhulpimpri
digharchi
dighave
dighi
dighol
digholamb
dighori
dighori
dighori
dighori buzurg
dighori buzurg
dighuchi
diglur
digras
digras
digras
digras
digras buzurg
digras buzurg
digras khurd
digvala
digvol
dindori
dindrord
dindrur
diva
diva
dive
diveagar
dolar
dolasne
dombri
don da
dondaicha
dondvada
dongaon
dongargaon
dongarkharda
dongri
donje
donovada
dubera
dubere
dudhabhawi
dudhani
dudhni
dukanvadi
dumri kalan
durgapur
dusana
dusarbid
edalabad
ekrukha
elgoor
elgur
ellichpur
ellora
erandol
faizpur
fatehabad
fatehpur
fatheabad
fathkhelda
funde
gadhinglaj
galan
galieborga
galleborgao
galna
gangakher
gangapur
gangapur
gangapur
ganjoti
ganori
gargoli
gargoti
garhchiroh
garhchiroli
gategaon
gaundre
gauria
gavanchivadi
gevrai
gewardha
ghagardarawari
ghakoli
ghan sawangi
ghanbi
ghanpur
ghansangvi
ghansoli
ghansoli necol
gharapuri
ghargaon
ghatang
ghatanji
ghatgarh
ghatghar
ghatkar
ghatkopar
ghatnandra
gherdi
ghod
ghoda
ghodnadi
ghogari
ghogra
ghogri
ghorapdeo
ghot
ghotan
ghotaori
ghotavde
ghoti
ghoti budrukh
ghugus
ghunaki
ghunki
gimvi
girar
giravali
girawali
girgaon
girgaum
girnare
gobarwahi
godhegaon
godri
goladgaon
golatgaon
golegaon
golepangri
gond umri
gondia
goomree
gorah
gorai
goraigaon
goregaon
goregaon
goregaon
goreghat
gorhe
gorthan
gosaiwadi
goshing
gothna
govane
grai
guguldoho
guhagar
gulkhat
gumri
gurbhela
gurgaon
gutta
hadakhed
hadgaon
hadgaon
hadgaon buzurg
haldi
halgar
halgira bidar
haliwara
halkarni
hanegaon
hanigaon
hanker
hanmant vadiya
hannur
harangul
haripur
harisal
harnai
harsui
harsul
harsul
hasnabad
hat banjari
hatgarh
hathkumbe
hatid
hatkalangda
hatkamba
hatkanagale
hatkhambe
hatnur
hatron
hatru
hatrun
hatta
hattur
helvak
helwak
her
her bidar
herni
hewra
hewro
hinganghat
hingni
hingoli
hingona
hisala
hivra
hivre
hiwarkhed
hol
horti
hotgi
howas
hulijanli
huljanti
humbarna
ichalkaranji
igatpuri
indapur
indapur
indapuri
indva
int
isab wargaon
isgaon
islahpur
islampur
itkur
itwari
jadhala
jadho
jafarabad
jahri
jaigaon
jaigarh
jaikhedan
jaikhera
jainbavda
jaipur
jaisingpur
jaitapur
jalalkhera
jalam
jalgaon
jalgaon
jalgaon
jalgaon
jalgaon
jalgaon supa
jalkot
jalkote
jalna
jalod
jam
jamb
jambhulpada
jambulghata
jamda
jamgaon
jamgaon
jamgaon buzurg
jamgaon khurd
jamkhed
jamkhed
jamkhed
jamner
jamod
jamti
janephal
jangatvadi
janjira
janwal
janwe
jaola
jaola
jaola
jaola buzurg
jaoli
jarvar
jarvar budrukh
jath
jaulka
javal
jawal
jawhar
jayasingpar
jaygad
jaynagar
jaysingpur
jaytapur
jejuri
jeur
jeur
jhalambi
jharapapra
jhira
jhodga
jhodge
jigthan
jinti
jintur
jodmoha
jogeshwari
josranjan
jowla
juhu
junnar
junoni
juptarai
kachurwahi
kada
kadakvadi
kadegaon
kadirabad
kadus
kagal
kagvad
kagwad
kahal
kahdaibari
kahim
kahoj khuntivli
kaij
kajgaon
kakmari
kakri
kala
kalaj
kalam
kalam
kalamb
kalamb
kalamboli
kalamnuri
kalas
kalba devi
kalchaundi
kale
kaledhon
kalegaon
kalegaon bid
kalgaon
kalgaon
kali
kallam
kallia
kalmeshwar
kaloli
kalundri
kalva
kalvan
kalwa
kalyan
kaman
kamargaon
kamari
kameri
kampa
kamptee
kampti
kamtha
kamtha
kamthi
kamthikheri
kamtikhairi
kamvadi
kanadi
kanasi
kanchad
kandahar
kandar
kandar
kandivli
kandree
kandri
kandri
kanera
kaneri
kangaon
kanha
kanhargaon
kanheri
kanhur
kankauli
kankavli
kannad
kanoli
kanpa
kansivni
kanur
kap
kapadna
kapshi
kapsi
kapsi
kapurwahal
karad
karadga
karadge
karadkhel
karadoho
karajgi
karajgi
karajkhar
karamba
karambavna
karambavne
karania
karanj
karanja
karanja
karanja
karanja bibi
karanjali
karanjali
karanji
karanji
karanjphan
karasgaon
karde
kardha
karegaon
karegaon
kargani
karhati
kari
kari
karjat
karjat
karjat
karkam
karkamb
karkheli
karkheli
karla
karle
karli
karli
karmad
karmala
karmoda
karmulli
karnala
karonjali
karva
karwapa
kas
kasa
kasa khurd
kasal
kasar sirsi
kasara
kasarda
kasare
kasarhalli
kasari
kasarjaola
kasba mhasrang
kasba nesri
kasba nul
kasba sarud
kasba tarle
kasegaon
kashedi
kashti
kasid
kasoda
katala
kathi
kati
katkumbh
katol
katoor
katphal
katrab
katral
katur
kaudagon
kaudgaon
kaumloli
kaundanpur
kautha
kauthe
kavade
kaviapur
kavlapur
kavtha
kavtha mahankal
kawalguda
kawta
kayar
kedgaon
kelghar
kelshi
kelsi
kelva mahim
kelve
kelzar
kem
kenjala
ker
ketur
ketura
kewalram
khadakvaslal
khadakwasla
khadaoli
khadki
khadki
khajpur
khakar
khakurdi
khakurla
khalapur
khallar
khamaswari
khambale
khamgaon
khamla
khamloli
khamshet
khamswadi
khamtalai
khanapur
khanapur
khanapur
khandakwalsa
khandala
khandala
khandala
khandala
khandala bavda
khandala kalan
khandala khurd
khandale
khandola
khangaon
khanivde
khapa
khaparkhera
khapri
khar
khar talegaon
kharakvasla
kharangna
kharavli
kharda
khardi
khardi
khardipada
kharepatan
kharka
kharkhand
kharki
kharola
kharpada
kharsingi
kharsumdi
kharsundi
kharwandi
khat
khatao
khatora
khed
khed
khed
khed
khede
khednagar
khel deshpande
khervadi
kherwadi
khetia
khetwadi
khidkikhar
khodala
khokarmoho
kholapur
khopoli
khospuri
khujare
khuldabad
kidgedi
kihim
kilarni
kingaon
kingaon jatu
kingaon raja
kinhi raja
kinlivli
kinvat
kinwat
kirkee
kirkhell
kirloskarvadi
kitari
kodoli
kohdaibari
kokarjaola
koke
kokesra
kokisra
kokori
kolad
kolambi
kolara
kolgaon
kolgaon
kolgaon
kolgaon
kolghar
kolgiri
kolhapur
kolhar
kolhar budrukh
kolsa
kolshet
kolvan
kolwan
kondalwadi
kondhali
kondi
kondivli
kondya
kongnoli
kongnolli
konjale
konoli
kont
konvali
kopar
kopargaon
koparli
koparpada
kopela
kopra
kora
kora
kora
koradgaon
koradi
koradih
korandh
korat
koregaon
koregaon
korlai
korti
kosarsar
kosdani
kosemba
kotalgi
kotgal
kothal
kothala
kothari
kothari
kothi
kothulna
kottalgi
kotu
kotul
kourah
koynanagar
krishnur
ku
kuchi
kuda
kudal
kudal
kudan
kudgaon
kuher
kuhi
kuk
kukadgaon
kukana
kuktoli
kuldharan
kumbala hill
kumbhari
kumbhoj
kumta
kumtha
kundalgao
kundalgaon
kune
kupat
kuram
kurandvad
kurankhed
kurduvadi
kurha
kurha
kurha
kurhad
kurhad
kurkheda
kurkhera
kurla
kurla
kurul
kusi
kusiamb
kuslamb
kusumba
kusumbe
lachyan
lad sangvi
ladkhed
ladsawangi
lahori
lakda
lakh
lakhandur
lakhanwada
lakhmapur
lakhni
lakhpuri
laling
lamaj
lambkani
lamjan
lamkane
landgawari
langarpeth
lanja
laohala
lasalgaon
lasina
lassur
lasur
lasur
lasurna
lasurne
lathi
latur
laul
lavangi
lavori
lawha
ledva chinchola
limba ganesh
limbgaon
lingi
lohara
lohara
lohara
lohara
lohdongri
lohgaon
lohi
lohogaon
lonand
lonar
lonauli
lonavala
lonavale
lonavla
longaon
longhar
loni
loni
loni
loni
loni
loni
loni bapkar
loni budrukh
loni kalbhoor
loni kalbhor
loni kand
loni khurd
loni venkanath
loni vyankanath
loni vyankanath
lonsvala
lugam
madakhed
madalmoi
madana
madh
madh
madha
madheri
mahabaleshvar
mahabaleshwar
mahad
mahagaon
mahagaon
mahagaon
mahalakshmi
mahalaxmi
mahalunge
mahaluxmi
mahan
mahar
maharashtra
maharjhari
maharkhed
mahboobganj
mahbubganj
mahdal
maheji
mahikavati
mahim
mahim
mahiravani
mahur
mahurjhari
mailgaon
maindargi
maini
majalgaon
majgaon
maji mendri
majpuri
majri
makardhokra
makhjan
mal asoli
malabar hill
malad
malbar hill
malcolm peth
malegaon
malegaon
malegaon
malegaon
malegaon
malewara
malgaon
malgaon
malgaon
malgom
malgund
malhana
malhiwri
malhura
mali and munjeri
malikpeth
malkapur
malkapur
malkhed
malkhed
malkot
malpur
malsiras
malthan
malthan
malunje
malunje budrukh
malunje khurd
malvadi
malvan
malwan
mamdapur
mamnoli
man
man
manapur
manchar
mancharpur
manda
mandal
mandal
mandana
mandangad
mandangarh
mandar
mandara
mandavgan
mandgaon
mandhal
mandki
mandri
mandrup
mandvad
mandve
mandvi
mandvi
mandwa
mandwe
mandwe budrukh
mandwe khurd
manegaon
manerajuri
maneri
mangalvedha
mangaon
mangaon
mangrul
mangrul
mangrul
mangrul chaval
mangrul pir
mangvadi
manikdaundi
manjar sumba
manjlegaon
manjram
manjrum
manjur
mankeshwar
mankeshwar
mankhurd
manmad
manoharpur
manor
manora
manori
manori
mansar
mantha
manur
manwat
manwath
marabgi
marad
maravda
marde
mardi
mardi
maregaon
marg asni
marg tamhana
markakasa
markandi
maroda
maroti
marpalli
marvad
marve
marwad
marwadi
marwadi khurd
masalga
maseli
massa
mastiholi
masur
masura
matergaon
math
mathagava
mathana
matheran
matola
matola buzurg
matralipada
matunga
maunda
mayani
mayni
mazagaon
mazagon
mazgaon
mazgaon
medha
medha
medsi
mehekar
mehergaon
mehkar
mehun
mehunbare
mendki
menkaiser
merpalli
merpalli
metala
metpanjra
mhaisgaon
mhalas jaula
mhasdi
mhasla
mhasla
mhasrang
mhasurna
mhasva
mhasvad
mhasve
mhusla
miraj
miraj senior
mirajgaon
mire
miri
mirya
mission vadala
mogra
moha
mohadi
mohali
mohari
mohod
mohod buzurg
mohoda
mohol
mohomandli
mohona
mohorala
mohore
mohpa
mohurli
mojhri
mokhada
mominabad
mond
moosrumgond
mora
morabgi
morala
moram
morath
more
morewari
morgaon
morsi
mosam
motala
mowar
mudkhed
muhapullee
mukapalli
mukapullee
mukher
mukti
mukutban
mul
mulakhandpada
mulawa
mulher
mulhor
mumbai
munavli
mundgaon
mundhevadi
mundhri
mundhri buzurg
mundhva
mundhwa
mundikota
munnar
murad
muramgaon
murbad
murdara
murdoli
murgud
murjha
murpar
murtajapur
murtazapur
murud
murud
murud
murum
musalmandi
musalvadi
musrumgond
muyyabompeta
nachangaon
nachanvala
nadgaon
nagad
nagaj
nagansur
nagaon
nagaon
nagaon
nagaon
nagaonkhar
nagapur
nagapur
nagar devla
nagardevia
nagardhan
nagarsul
nagbhin
nagbhir
nagevadi
nagewari
nagjhari
nagothana
nagothna
nagpore
nagpur
nagri
nagzan
nahvre
naigaum
naigavhan
nakhalgaon
nala
nalaigaon
naldrug
naldurg
nalegaon
nalni
nalwari
nampur
nanagar
nanaj
nanaj
nanasi
nand
nandair
nandalgaon
nandari
nanded
nanded
nander
nandgaon
nandgaon
nandgaon
nandgaon
nandgaon kaji
nandnee
nandori
nandra
nandra buzurg
nandur
nandur
nandur buzruk
nandur shingote
nandur shingoti
nandura
nandura buzruk
nandurbar
nannaj
nanwell
naoghar
narangwadi
narayangaon
narayanmaharaj bet
nardana
naringi
narkhed
narkher
narmulli
narsi
narsingpur
nasik
nasik
nasirabad
nasirabad khandesh
nasrapur
natambi
nateputa
naude
naudi
naugaon
navalyal
navapur
navdi
navdi
navedar
navkhar
nawandi
nawargaon
nawargaon buzurg
nawegaon
nawegaon
nawegaon
nawergaon
naydongri
nayegaon
neori
ner
ner
ner pinglai
neral
neri
neria
nerla
nerur
nesari
nethersole dam
neupur
nevasa
nevra
nhave
nibnutvadi
nidi
nigda
nighaw
nighoj
nighwa
nigri
nigudghar
nilanga
nilkat
nimb
nimba
nimbal
nimbala
nimbala
nimbavda
nimbgaon
nimbgaon jali
nimbgaon ketki
nimbhora
nimbhora budrukh
nimbhora buzurg
nimgaon
nimla
nimon
nimpani
nimsakhar
nimskhar
nimsod
nipani
niphad
nira narsingpur
nirmal
nirvada
nitrur
nitur
nizampur
nizampur
nohare
nul
numbai
nyahalode
ojhai
ojhar
osmanabad
osmannagar
otur
pabal
pachamba
pachegaon
pachingri
pachkheri
pachora
pachud
pachud buzurg
pachud khurd
padgha
padghe
padmapur
padoli
padsali
pahapal
pahla
pahur
paidhi
paithan
pakni
pal
palaiguda
palam
palandur
palasdev
palaskhed
palasner
palavna
palavni
paldhi
palghar
pali
pali
pali
pali
palkhed
palsai
palshet
palsi
palsi
palso
palus
panchagani
panchgani
panchgaon
panchgaon
pandara
pandare
pande
pandharkawada
pandharpur
pandhuri
pandhurli
pangaon
pangaon
pangari
pangri
pangri
pangri
panhala
panvas
panvel
panwel
para
para
paradgaon
parali
paras
paratwada
paratwade
parbaini
parbhani
parchuri
pardi takmor
parel
parenda
pargan
pargaon
pargaon
parhur
parhur
parincha
parinche
parli
parli vaijnath
parner
parola
parseoni
parsipada
parsopant
partur
parwa
pasali
patala
patan
patan bori
patansaongi
patas
patgaon
pathardi
pathri
pathri
pathrot
pathrud
patoda
patoda khurd
patode
patonda
patrur
patsul
patur
paturda
paud
paunar
pauni
pawnar
pedgaon
peepri
peint
pen
pendra
pendri
pendur
penur
penur
pesavar
pet
peth
peth
peth wadaj
pezarikhar
phagne
phaltan
phardapur
phatepur
phonda
phoperikhar
phoplivadi
phulambri
phulsangvi
phursangi
phursungi
phustola
pilkhod
pimpalgaon
pimpalgaon
pimpalgaon
pimpalgaon
pimpalgaon
pimpalgaon basvani
pimpalgaon baswant
pimpalgaon buzurg
pimpalgaon khurd
pimpalgaon raja
pimpalner
pimpalner
pimpalvandi
pimpalwandi
pimparkhed
pimparkher
pimpla
pimple
pimpri
pimpri
pimpri khurd
pimpri sembala
pingli
pingli
pingli large
pinguli
pinipalgaon raja
pinjar
pipalgaon
pipalgaon
pipalner
pipla
pipri
pirangut
pirli
pirmeli
pisore khand
pithi
poghat
pohara
pohegaon
pohegaon khurd
pohna
pohogaon khurd
pohor
pohra
poinad
pomalvadi
pombhurla
pomurna
poona
poona shivajinagar
prakasha
pravara sangam
pulgaon
pulunj
puna
pune
puntamba
punwat
pural
purandhar
purangad
purangarh
puras
puria
purkahur
purla
purli
purli vaijnath
purna
purngad
pusad
pusegaon
pusesavli
pusla
radhanagari
rahata
raher
raheri
rahimatpur
rahu
rahunatpur
rahuri
raigaon
raigaon
raimoh
raipur
raipur
raipur
raipur
raireshwar
raisingpur
raja takli
rajale
rajanvadi
rajapur
rajapur
rajaram
rajegaon
rajevadi
rajewadi
rajgaon
rajgoli
rajgurunagar
rajoli
rajoli
rajoli tukum
rajpuri
rajur
rajur
rajur
rajur
rajur khurd
rajur town
rajura
rajura
rajuri
rajuri
rajurvadi
rajurwadi
rajvad
rakasbhovn
rakshasbhuwan
ralegaon
ramgaon
ramgarh
ramghat
rampuri
rampuri
rampuri buzurg
ramtek
ranala
rangaswasni
rangrao parao
rani sawargaon
rani unchegaon
ranigohan
ranisavergaon
ranjangaon
ranjangaon ganpat
ranjangaon ganpati
ranjani
ranjankhar
ranjngaon
ranjni
ranvad
ranyad
raogaon
rasegaon
rashivade
rashivda
rashivde
rassin
ratnagiri
ravangaon
raver
rawankol
rayate
raykheda
raypatan
rel
renapur
renavi
revadanda
revas
revas bandar
revas bundar
revdanda
risewada
risod
rithad
roha
rohankhed
rohna
rojhava
ropla
ropla buzurg
rople
rui
ruichattisi
rukadi
rukdi
runjha
rupnayal
rutnagherry
sada
sadavan
sade
sadepur
sagar
sahan
sahur
saigavhan
saigavhar
saikhede
sailu
sailu
sajvahal
sakardara
sakhare
sakhol
sakli
sakol
sakoli
sakri
sakritola
sakur
sakuri
salabatpur
salegaon
salegaon
salgar
salgare
salod
salod hirapur
samsherpur
samudrapur
sangameshvar
sangameshwar
sangamner
sangamnor
sangarhi
sangevadi
sangla
sangli
sanglud
sanglud buzurg
sanglud khurd
sangola
sangrampur
sangvi
sangvi
sangwi
sangwi
santa cruz
sanvarda
sanvarde
saokher
saoli
saoner
saonga lohara
saphala
saptashring
saptasring
sarad
saralgaon
sarangkheda
saranvadi
saravali
saravde
saravli
sargapur
sarne
sarni
sarola
sarud
sarvada
sarve
sasaune
sasupada
sasvad
satak
satana
satara
satara
satara
sategaon
satgaon
satirje
satkatta
satona
satrasen
satuna
satuna khurd
saundana
saundane
savangi
savantvadi
savar
savargaom
savargaon
savargaon
savargaon
savda
savlaj
savrat
savta
savta bandor
sawali
sawang
sawargaon
sawargaon
sawargaon
sawargaon
sayala
sayatkharda
selbari
selgaon
selu
sembadeh
semboli
semsherpur
sendri
sendurjan
sendurjan
sendurjana
sendurjana
sengaon
seona
sevagram
sewagram
sewri
sewri village
shahada
shahada
shahajapur
shahapur
shahapur
shahgadh
shamgaon
shankarpur
shedbal
shegaon
shegaon
shegaon
shegaon buzurg
shegaon khurd
shelgaon
shelu
shelu bazar
shelu buzurg
shendi
shendi
shendurni
shendurwara
shenit
shenwa
sheoli
sherad
sheradhon
shetphal
sheva
sheva nhava
shevada
shevali
shevgaon
shikrapur
shilena
shilona
shinde
shindevadi
shingait
shingnapur
shingve
shingwe
shirala
shirala
shirdi
shirgaon
shirgaon
shirgaon
shirguppi
shirkhed
shirnandgi
shirol
shiroshi
shirpur
shirsadi
shirsala
shirsi
shirsi
shirsoli
shirud
shirval
shirwal
shiur
shivna
shivner
shivni
shivni
sholapur
shot bandar
shrigonda
shriwardham
sidhnath wadgaon
sihora
silegaon
sillod
sindewahi
sindhkhed
sindi
sindkeda
sindkhed
sindkheda
sindkher
sindvani
singad
singpur
sinnar
sion
siradhon
sirasgaon
sirauda
siravda
sirgupi
sirli
sirpur
sirpur
sirsala
sirsi
sirsuphal
sirur
sirur
sirur tajband
sivala
sivni
sivral
sivungaon
siwala
sofale
solapur
sonai
sonari
sonari
sondad
sondo
sonegaon
sonegaon
sonepet
sonepett
songaon
songir
sonkher
sonpara
sonsari
sonvad
soonkhed
sopara
sophala
southada
soygaon
srivardhan
maharashtra
sugaon
sukene
sultanpur
sumba
supa
supe
supegan
supegaon
surai
surdi
suregaonrasta
surekhar
surgana
surjagarh
surul
survani
suryamal
susarda
sutkatta
sutkatte
tadali
tadgaon
tadvagle
tadwalla
taharabad
taharpur
tair
takalghat
takarkheda
takarkhera
takli
takli
takli
takli
takli dhokeshwar
taklibhan
takwa
takwa budrukh
tala
talasri
talavada
talavda
talbid
talegaon
talegaon
talegaon
talegaon
talegaon dabhade
talegaon dashasar
talegaon dhamdhera
talegaon dhamdhere
talegarh
taleghar
talekhar
talgaon
talkhad
talkher
talmud
talni
talni
talni
taloda
talode
talodhi
taloje
taloje budrukh
talvad
talvada
talvada khurd
talwai
talwal
tamalwadi
tamasvadi
tambe rajuri
tamsa
tana
tandulvadi
tandulwadi
tangla
tanna
tara
tarabad
taradgaon
tarapore
tarapur
tarapur
tarapur town
tardeo
targaon
tarkalas
tarla
tarla
tarla buzurg
tarora
tarubanda
tarwadi
tasgaon
telhara
tembhi
tembhuida
tembhurni
tembhurni
tempa
ter
terevadi
terkhed
thadbai
thair
thakurvadi
thal
thal
thalner
thana
thane
thanepada
thangaon
thari pauni
thengode
ther
thergaon
tikondi
timdulvadi
tingria
tiraoda
tirth
tirthpuri
tiruthpuri
tisgaon
tivsa
tohogaon
tokade
tonda
tondapur
top
torkhed
torna
torna fort
trimbak
trombay
trombay
tuljapur
tuljapur
tulla
tumsar
turambhe
ubarkhed
udgir
udmal
udua
udva
ujni
ukshi
ulhasnagar
umala
umanoor
umapur
umarga
umarkhed
umbarpada
umberpada
umbra
umbra
umbraj
umbrane
umdi
umdi buzurg
umdi khurd
umele
ummapur
umred
umrer
umri
umri
umri
umri
umunur
unchagao
unchagoa
unchegaon
undangaon
undirgaon
upla
uplai buzurg
uple
uran
uruli
uruli kanchan
urun
usarni
ushtumme
usmanabad
usurai
utan
uthambar
uttur
vada
vadachapat
vadala
vadala bhairoba
vadalibhui
vadalibhuj
vadangali
vadangli
vadel
vadgaon
vadgaon
vadhoda
vadhon
vadi
vadi
vadi
vadjhira
vadner
vadod
vadod buzurg
vadod khurd
vaduj
vadul
vagda
vaghadi
vaghari
vaghh
vagholi
vagholi
vagholi
vaghrankhar
vaghunde
vaghunde budrukh
vaigaon
vaijapur
vairag
vaishet
vajapur
vajhur
vakad
vakalghar
vakav
vakhari
vakle
valap
valaval
valavli
valha
valki
valsa
valsang
valsang
valsavangi
valunjvadi
valva
vambori
vandell
vandre
vangaon
vanghunde budrukh
vangi
vangi
vangi
vani
vankas
vanked
vanyagana
vapahgaon
vaphgaon
varad
varandha
varangaon
vari
varkheda
varkute
varse
varshi
varsi
varsoli
varsoli
varud
varula
vasai
vasali
vashi
vasind
vatambra
vathar
vatul
vavi
vaygaon
vayphal
vedhi dhamangaon
vedshi
velapur
velas
velas
velast
velavli
velneshvar
velneshwar
veltur
vengurla
verul
ves
vesava
veshvi
vichumbe
vichva
vida
vidul
vifgaon
vigatpuri
vihur
vijayadurg
vijaydurg
vikhroli
vilad
vile parle
ville parle
vinbera
vinchur
vinhera
vir
virar
virathan budrukh
viravda
viravdi
virdel
virgaon
virgaon
virmora
virpur
virul
virul
visapur
visapur
visarwari
vishalgad
vishalgarh
vita
vite
vitner
viziadrug
vovale
wada
wadala
wadala
wadala village
wadegaon
wadegaon
wadgaon
wadgaon
wadgaon
wadgaon
wadgaon
wadhiware
wadhona
wadhona
wadhona buzurg
wadhona khurd
wadjhire
wadki
wadner
wadner
wadner gangal
wadnera
wadwani
wafgaon
wagdari
waghad
wagholi
waghrul
wahegaon
wai
waigaon
wairagarh
wakad
waki
walandi
walgaon
walki
walsang
waluj
waluj buzurg
walur
walvad
walwad
wamanpalli
wangepalli
wangi
wani
wanlesswadi
wanwas wari
wardha
wardha
wardhangarh fort
wardhangarth fort
waregaon
warhona
wari godri
warli
warora
warsa
warsha
warvad
warwad
washim
wasi
watar
wathar
welhe
welhe budrukh
welhe khurd
wigatpura
wihamandav
wihar
wihar buzurg
wihigaon
wirur
worli
wun
yadala
yamkanmardi
yaval
yavat
yavatmal
yavluj
yelamb
yelaoda
yelbara
yeldari
yelgaon
yellabara
yelvan
yeola
yeotmal
yerandavna
yerandeshwar
yerandwane
yeraoda
yeravda
yerli
yermala
yevale
yewle
yusufbadgaon
zirad
zirad
abode of the clouds
adugiri
baghamara
bajendoba
bajengdoba
bangsi
barato
barni hat
bataw
bhoilymbong
bishwarpur
borpani
chaptuk
cheran
cherapunji
cherrapunjee
cherrapunji
cherripunji
chibilbang
dabigiri
dainadubi
dambu
damra
darugiri
digli
digligiri
dingpasoh
diwon
dommati
donmatia
garobadha
gasnapara
gasuapara
genapara
jakrem
jalalpur
jarain
jongohetpara
jowai
khaddum
khainduli
khatdom
kherapara
kobak
ksehkma bazar
kynshi
kyrdem
laitlyngkot
laitmawpan
laitmawsiang
lakadong
lobang
lyngiong
mahendraganj
mairang
manikarchar
mankachar
mawdem
mawdoh
mawhati
mawiong
mawiyngkhung
mawkarah
mawliba
mawlyngkhung
mawlyngkneng
mawphlang
mawrongor
mawsynram
mohendroganj
mohindurgunj
mokalaw
mongwalbibra
mutah
mylliem
mynsning
mynso
nartiang
nengkhra agalgiri
nongbah
nongjrong
nongkhlao
nongkhlaw
nongkram
nongkrem
nongkynshi
nongpoh
nongpur
nongspung
nongstoin
nongwalbibra
nongwalhibra
pala
pambriew
pamdkhar
panikunda
patakata
patharkhnang
patharknang
pdengshakap
phlangmawphra
phulbari
psiar
pynursla
rambrai
rangshken
rangthong
rembigiri
rengjeng
rewak songmong
ringkhap songmong
rongchugiri
rongjeng
rongmachokgiri
rongra
rongram
rongrenggiri
rongsanggiri
saitthad
sangsik
selbalgiri
shangpung
shillong
singrimari
smet
smit
sohrarim
songsak
meghalaya
suanggiri
sutnga
thongbolgiri
thuruk
tikrikila
tongseng
tura
umlaiteng
umlympung
umran
umshem
umsning
wahjajer
waitang
aijal
ainak
aizal
aizawl
aizwal
baktawng
bokmaituk
bualpui
buarpui
bukhmai tuak
bukpui
bungtlang
bungtlang
chaltlang
chhimluang
chiahpui
darlawn
darzo
demagiri
durtlang
farkawn
hmangzawl
hmawngzawl
hmundo
hmunpui
hmuntha
hnahlan
holongchari
hruizam
hualtu
kaisi
kajaichari
kaladan
kanghmun
kawihruilian
kawlkulh
keitumkawn
kelkang
kelsih
khawbung
khawdungsei
khawhai
khawlek
khawlek
khawruhlian
khawthlir
khuangleng
kolosib
kongtal
konzhar
laisawrai
laisawral
laki
lallen
lamsuaka
lamzawl
lawngtlai
leite
lobo
longdaw
lungchem
lungdar
lungleh
lunglei
lungliah
lungpho
lungphunlian
lungsen
lungtian
lushai hills district
mamit
mizo
mizo district
mizo hills district
mualbu kawnpui
mualthuam
mualvum
mullianpui
murlen
neihbawi
neihdawn
ngur
nisapui
north vanlaiphai
paikhai
pangzawl
phaileng
phaileng
phuaibnang
phuaibuang
phuldungsei
phullen
pukzing
ralvawng
ramlaitui
ratu
ruallalung
sabual
saichal
saiebal
saiha
sairang
sairep
saitlaw
saitual
saizawh
sangau
saza
seling
sentlang
senvon
serchhip
serhmun
serkawr
sesawng
shermun
sialsuk
sibutalung
mizoram
suangpuilawn
tawipui
tawitaw
tawkzawl
tawngkalawng
teidukhan
thenhlum
thenzawl
thiak
thingfal
thingsai
thingsat
tualbung
tuichong
tuidang
tuipang
tuisen
uiphum
vancheng
vanlaiphai
vapar
vawmbuk
vawnbuk
zawngin
zawngling
zemabawk
zobawk
zobawk
zotlang
zuchhip
abbigeri
abersa
adgal
adki
adur
afzalpur
agarkhed
agasnal
agni
agsur
aiball
aichanahalli
aigale
aigali
ainapur
aivalli
aivarkhandpur
ajjampur
akkihebbal
aland
alandi
aldur
algur
alikhen
alikher
alland
almati
almatti
almel
alnavar
alur
alur
amargol
ambalga
ambaligolla
aminbhavi
amingad
amingarh
ammatti
ammenalli
amrutur
amurtur
anagodu
anaji
anandapuram
anavatti
andola
andur
anechaukur
anehosur
anekal
anjanapura
ankalgi
ankasandra
ankli
ankola
annigeri
anshi
antarasante
arakeri
aralagodu
aralgundgi
arasalu
arasikeri
arasikerili
arasinagundi
arehalli
arkalgud
arker
arkeri
arkeri
arkhera
arsikere
asandi
atgulipura
atharga
athni
atnur
attibele
attigundi
aurad
aurad buzurg
aurvad
aurwad
avalhalli
avarkhod
avati
aversa
avinahalli
avinhalli
ayanur
aymangala
bableshvar
badami
badavanahalli
badchi
bagadi
bagalkot
bagalwad
bagepalli
bageshapura
bagevadi
bagevadi
bagur
baguru
bail hongal
bailur
baindur
bainduri
bainduru
bairapur
baiyyappanahalli
balabonnur
balatgi
balehonnur
balganur
balganur
ballari
ballavi
ballur
balur
balurgi
balwad
bamanhalli
banasandara
banasandra
banavar
banavara
banavasi
bandahalli
bandalli
bandanwada
bandarlapalli
bandebamli
bandipur
bandri
bangalore
bangalore city
bangarapet
banhatti
bankapur
bannatti
bannigere
bannigeri
bannikop
bannikoppa
bannur
bantval
bantwall
bantyal
bargur
barkur
barkuru
bartval
basaralu
basavakalyan
basavana bagevadi
basavapatna
basavapatna
basavapatna hassan
basrur
batakurki
batkurki
bayappanhalli
begur
begur
behwoor
bekkattur
bekud
belagaavi
belagave
belagavi
belagoavi
belagula
belagur
belavaniki
beldara
belekeri
belgaavi
belgami
belganur
belganwar
belgaon
belgaum
belgod
belhalli
belhatti
belikeri
belkunti
bellara
bellare
bellari
bellary
bellavi
bellur
belluru
belmannu
beltangadi
beltangady
belur
belur
belura
bengalooru
bengaluru
betgeri
bethamangala
betigeri
betmangala
bettadapur
bettadpur
beur
bevur
bhadravati
bhagamandala
bhagvati
bhairapur
bhairsandra
bhalki
bharmasagara
bhartnalli
bhatamra
bhatkal
bhatumra
bherya
bhimanahalli
bhoj
bhunanahalli
bhuyar
bidadi
bidar
bidare
bidi
bijapur
bijargi
bijjargi
bilchod
bilchodu
bilg
bilgi
bilgi
bilikere
bilikore
bindigaravale
binge
bingi
birur
blegod
bobleshwar
bodhan
bommagondanakere
bommagondenkere
bowringpet
budihal
budikote
budinni
budnur
bujargi
bukkapatna
bulvad
buradagunte
byadgi
castle rock
chadchan
chakavel
challakere
chamrajnagar
chamundi
chamundi extension
chamundi puram
chamundy puram
chandankheri
chandargi
chandarpalli
chandisurhal
chandragutti
channagiri
channapatan
channapatna
channarayapatna
chanzarayapatna
charmadi
chattanahalli
chegunta
chelur
chendia
chendiye
chendya
chickmagalur
chigarhalli
chigateri
chigatori
chik ballapur
chik banavar
chikjajur
chikkamagaluru
chikkamagaluru
chikkerur
chikmagalur
chikmanglur
chikmugalur
chiknayakanhalli
chikodi
chilakanahatti
chillargi
chillur
chilur
chimalgi
chimmalgi
chinchali
chinchil
chinchli
chincholi
chinkurali
chinkurli
chinna taki
chintalpalli
chintamani
chitakul
chitaldroog
chitaldrug
chitaldurg
chitapur
chitradurg
chitradurga
chitrakaldurga
chittadi
chittakula
chittanahalli
chitteldrug
chunchanakatte
chunchankatte
closepet
collegal
coompta
coondapoor
coondapur
dalasanur
dambal
danagalli
dandeli
dandiganahalli
dandoti
danduti
daroji
darur
darwar
davangere
davangeri
deodrug
devalapura
devangere
devanhalli
devannur
devanur
devapur
devaraipatna
devarayapatna
devarayi
devarsugur
devdurg
devikop
devimane
dewatkal
deyalapura
dhanagalli
dhanasari bidar
dhanaseri
dharmapura
dharmastala
dharmasthala
dharvad
dharwad
dharwar
dhavalgi
dhotargaon
dhumvad
dhundshi
dhundsi
digaon
dobbspet
dod ballapur
dodbelvangala
dodda gaudanakoppal
dodda kanya
dodda katur
dodda magge
dodda siddavvanahalli
doddaguni
doddainagge
doddegowdankoppal
dodderi
dodvad
dongupura
dotihal
dudda
durgadahalli
dwaranhalli
edlapur
eksambe
elivala
elladakere
eraballi
eruru
firozabad
fraserpet
french rocks
gabsavalgi
gabur
gadag
gaddige
gadiganuru
gadigarpalya
gadlegaon
gajendragad
gajendragarh
galag
galatga
galatge
galatgi
gandasi
ganekal
gangavati
gangawati
gangolli
ganguli
ganjigunti
garag
gauibidanur
gauribidanur
gavunipalli
gendehalli
gersoppa
ghat borul
ghataparti
ginigera
girijapara
giriyapura
gobur
goburwadi
gokak
gokarn
golgeri
golhalli
golikatte
golitattu
golithattu
gonebidu
gonibid
gopalpur
gopinattam
goribidnur
gorur
gote
govindadoddi
grama
gubbi
gudekota
gudemaranhalli
gudgeri
gudibanda
gudipalle
gudipalli
gudipalli
gudur
gugi
gugvad
gugwad
gulbal
gulbarga
gulburga
guledagudda
guledgarh
guledgud
guledgudd
gulur
gundal
gundalpet
gundevadi
gundewadi
gundlupet
gunjavan
gunjavati
gunji
gurgunta
gurlapur
gurmatkal
gurmatkol
gurpur
guttal
hachcholli
hadadi
hadagali
hadagalli
hadagli
hagalvadi
hagari
halagali
halagli
halbarga
halcheri
haldipur
halebid
halebidu
haledapur
halekal
halekallu
halge
halgeri
halgiri
halgur
halikher
halikner
haliyal
halki
halli mysore
hallur
halsangi
halsi
halsur
hampapatnam
hampaptnam
hampapura
hampasagar
hampasagaram
hampi
hamur
hanagal
hanamsagar
hanbal
hanbalu
hanchnal
hangal
hangarkatta
hanur
haradanahalli
haradanhalli
haranhalli
harihar
hariharpur
harkantarkeri
harlapur
harnahalli
harnhalli
harohalli
harohalli
harpanahalli
harsur
hassan
hattigudur
havanur
havasbhavi
haveri
hebbe
hebbur
hebby
hebli
hebri
hebsur
hediyal
heggadadevankote
heggaddevankote
hesrur
hesrur
hindiganal
hipparga
hippargi
hipperga
hira
hire bamanhal
hire kotankal
hire padsalgi
hirehadagalli
hirekerur
hirisave
hiriyur
hirnagaon
hirod
hodigere
holalkere
holalu
holalur
holavanahalli
holavanhall
holavanhalli
hole narsipur
holehonnur
hombal
hominabad
homnabad
honakere
honavar
honawar
honganur
honganur
honnali
honnavalli
honnudike
honore
honotgee
honotgi
honudaki
honutgi
horti
hosa kannambadi
hosadurga
hosahalli
hosahalli
hosakote
hosanagara
hosangadi
hosapete
hosdurga
hoshalli
hoskote
hospet
hosur
hosuru
hubballi
hubli
hubli city
hudugur
huduguru
hukeri
hulagbal
hulekal
hulgur
hulihaidar
hulikunte
huliyar
huliyurdurga
hulkoti
hulkur
hullahalli
hullenhalli
hulloli
hullyurdurga
hulsur
humacha
humachadakatte
humcha
hundarki
hungund
hunsgera
hunsgi
hunsur
hunusgi
hura
huralihalu
hurgullee
hutti
huturgee
huvin hippargi
huvinabadgalli
huvvmahadagalli
idgundi
ijeri
ilkal
indi
ingleshwar
irpu
islur
isur
isuru
itiki
iwullee
jadakal
jade
jadgenhalli
jadigenahalli
jadigenahally
jadkal
jagalur
jagnur
jajur
jakaldinne
jal halli
jalahalli
jalhalli
jalihalli
jalvergi
jamboti
jambur
jamgi
jamkhandi
jamnal
janakal
jangamakote
jangamkote
janwada
javagal
javagallu
javanagondanahalli
jawalgeri
jawalgi
jawangi
jevargi
jhalki
jigani
jiwangi
jodhatti
jodkurh
jodkurli
joida
kabbur
kabbur
kadaba
kadaba
kadaichur
kadakola
kadandale
kadichur
kadlivad
kadra
kadur
kadur
kaglipur
kagnur
kaiga
kaivar
kaivara
kakabe
kakaldinne
kakanakote
kakankote
kakhandi
kakhandiki
kakkabe
kaladgi
kalale
kalamadi
kalasa
kalasapura
kalaspur
kalburgi
kalghatgi
kalgi
kalgupur
kallagundi
kallambella
kallianpur
kallur
kallur
kalmala
kalmali
kalsa
kalvadi
kalyadi
kalyani
kalyanpur
kamainagar
kamalnagar
kamaravalli
kamlapur
kampli
kamsandra
kanakapura
kanakatte
kanakatti
kanakgiri
kanakpura
kanamadi
kanambadi
kanangla
kanangle
kanavehalli
kandalike
kandgal
kandgal
kandikere
kanegiri
kanhalli
kankanadi
kankanhalli
kannevihalli
kannoli
kanur
kapgol
kappal
kapur
kar bhosga
karadi
karajgi
karajgi
karaka
karalkunti
karamabad
kardi
kargal
karimabad
karkal
karkala
karnataka
karteekeshwar
karur
karuru
karwar
kasarkod
kasba
kasba chandargi
kasba chandragi
kasgi
katak chincholi
katarki
katesangawan
katkol
katte malalawadi
katur
kaudhalli
kaujalgi
kav
kavalandi
kavalli
kavalur
kavital
kawadgaon
kawar
kemankol
kembhavi
kemmannugundi
kemmanugundi
kenchamman hoskota
kenchammana hoskote
kendguli
kengeri
kerkalmatti
kerur
kervad
kesturu
khajuri
khanapur
khanapur
khanapur
khemlapur
kibbanahalli
kidgedi
kikkeri
kinhal
kinhalu
kinhi
kiruatti
kirvatti
kit
kittanuru
kittur
kod
kodaganur
kodekal
kodial
kodigal
kodiganballi
kodigenahalli
kodihalili
kodihalli
kodlipet
kognur
kohalli
kokatnur
kolagallu
kolar
kolhar
kollegal
kollegalam
kollur
kolluru
kommarahalli
konanur
kondguli
konen agrahar
konnur
konnur
kopbal
koppa
koppa
koppal
koratagere
koratgi
korhalli
korkop
korla
kormangal
kormangala
korwar
kotatattu
koterki
kothur
kottatti
kottur
kotturu
kowdhalli
krishnarajasagara
krishnarajpet
krishnarajpur
kudachi
kudatini
kudchi
kudla
kudligi
kuduru
kuknur
kulbarga
kulgeri
kulgod
kulurkudiu
kulurkudru
kumaraswami
kumarswami
kumashi
kumbalgod
kumbharvada
kumnur
kumpta
kumsi
kumta
kundapur
kundgol
kundur
kunigal
kunnur
kuppagadde
kuppigud
kuppugadde
kurandi
kurchi
kurdi
kurgunta
kurkunda
kurkundi
kurkundi
kurtkoti
kurugode
kurugodu
kushalnagar
kushtagi
kusnur
kusugal
kyatsandra
lakavalli
lakkundi
lakshmeshvar
lakshmeshwar
lakshmipur
lalbagh
landa
lingadahalli
lingadhalli
linganamakki
lingsugur
lokapur
lokikere
lokkanahalli
lokkanhalli
londa
madangeri
madarki
maddagiri
maddur
maddur
madeswaramalai
madgi
madhugiri
madikeri
maduvanahalli
maduvanhalli
magadi
mahagaon
mahalingpur
mahisur
maikala
maisandra
maisur
maisuru
malalavadi
malavalli
malavi
malebennur
malkhaid
malkhed
malla
mallapur
mallapur
mallesvaram
malleswaram
mallipatna
malpe
malur
malur
mamdapur
mamdapur
manchikeri
mandagadde
mandagere
mandikal
mandikallu
mandya
mangalawada
mangalgee
mangalgi
mangalooru
mangalore
mangalur
mangaluru
manglapuram
manglur
manglur
mangoli
mani
manipal
manipala
manjri
manki
manoli
mansur
mansur
mantur
manvi
maralavadi
maralvadi
maranhalli
marihal
marikatti
marikuppam
martur
masarkal
mashal
maski
masti
masur
matala
matmari
mattigatta
mattihalli
mattmari
mattod
maulinguem
mavalli
mavingundi
mavlinguem
mayakonda
medkanhal
megarvalli
melkote
melukote
mercara
merkara
midigesi
mirian
mirjan
mirle
mishrikot
mittemari
moinabad
moka
morageri
moranur
morat
moratgi
motamakalahalli
motibennur
mudabidri
mudbal
mudbidri
muddebihal
mudenur
mudgal
mudgere
mudhol
mudhol
mudigere
mudkavi
mudodi
muduvadi
mugad
muguru
mulbagal
mulehole
mulgund
mulhalli
mulki
mulvad
mundargi
mundgod
munig
munigal
munirabad
muragamale
muragamalo
murgod
murkal
musguppi
mutahalli
mutgi
muttagi
mysooru
mysore
mysore
mysuru
nagalamadike
nagamangala
naganahalli
nagar
nagarhal
nagathan
nagenahally
nagnur
nagral
nagthan
nagwar
nalatvad
nallur
nalvar
nalwar
nandgad
nandi
nandi hills
nandigunda
nandipalli
nandvadgi
nangali
nangli
nanjangud
nanjangud town
naoli
napokia
napoklu
narasapur
narasapura
narasimharaja puram
narasimharajapura
narasimharajapura
naregal
nargund
narona
naryasandra
nathan
navalgund
navuru
nawalkal
nayakanhatti
nelahalu
nelamangala
nelligere
nelogi
nidagundi
nidgundi
nidgundi
nidni
nidugal
nilkund
nilogi
nimbal
nimbal buzurg
nimbal khurd
nimbarga
nimberga
nirgunda
nittur
nonavinkere
nuggihalli
nuggthalli
nyamati
nyamti
obalapura
oblapura
onore
ooklee
pachhapur
pachharpur
padakal
padakalu
pala
pamankallur
panaje
pandavapura
panemangaluru
panemangluru
pangala
panja
panje
papinayakanahalli
parasurampur
parasurampura
parsawli
parvatabad
patadkal
patapalya
patna
patna
patya
pavagada
pavugada
perduru
pet sirur
piriyapatna
ponnampet
potolai
punjalkatte
purigal
puttur
rabkavi
raichur
rajaisur
rajalbanda
rajasur
ramanagaram
ramanathapura
ramanathpura
ramandrug
ramanguli
ramankallur
ramapuram
ramdrug
ramdrug
ramgad
ramgiri
rampur
rampura
ranibennur
ratkal
rattihalli
rayalpadu
raybag
raybagh
renibennur
riponpet
robertsonpet
ron
roogee
rugi
rupanagudi
rupengudi
rupnayal
rupnyal
sadalga
sadalgi
sadali
sadashivgarh
sagar
sagar
sakkarepatna
saklaspur
sakleshpur
salagama
salagame
salgundi
saligrama
salotgi
sambra
sambrani
sambre
sampaji
sandur
sangam
sangameswarpet
sanganakal
sanganakallu
sanikatta
sanivarsante
sankeshvar
sankeshwar
santaveri
sante bachahalli
sante bennur
santemarahalli
santpur
saondalga
sargapur
sargur
sarjapur
saslu
sathalli
satihal
satnuru
sattegal
sattegalam
satti
sattigeri
sattihalli
sattur
saundalga
saundatti
saundatti yellamma
saunshi
savaigi
savalanga
savalgi
savanur
sedam
sehgaon
seram
seringapatam
shahabad
shahabad deccan
shahapur
shahpur
shanti grama
shigaon
shiggaon
shikarpur
shimoga
shimogga
shiradi
shirali
shirguppi
shirhatti
shirola
shivamogga
shivamoggi
shivasamudrum
shorapur
shoratur
shravan belgola
shravanabelagola
shrirangapattana
sidapur
siddapur
siddapur
siddapura
siddavvanahalli
sidlaghatta
sindgi
sindhavalli
sindhnur
sindughatta
sinduvalli
sira
siraikoppa
siralkoppa
sirigeri
sirsi
siruguppa
sirur
sirvar
sirwal
sirwar
sivaganga
sivane
sivasamudram
sollebail
solur
somaishwar
somanathapur
someshwar
somnathpur
somvarpet
somwarpett
sonath
sonda
sondekoppa
sorab
sosale
sravana belgola
srimangala
sringeri
srinivaspur
sriramapura
karnataka
mysore
subrahmanya
sudi
suguturu
sulahpet
sulehpet
sulhpet
sulibele
sulya
sunag
sunksal
suntikoppa
supa
suraikal
surapur
suratakal
suratkal
suratur
suriban
surihan
swamihalli
tadas
tadri
tagadur
takkalakote
talagvara
talakad
talakalla
talguppa
talikota
talikoti
tallak
talmamadi
talya
tamba
tambarahalli
tangadgi
tarikere
tathni
tavaregere
tavarekere
tavarekere
tavarekeri
tavarikere
tavergira
tawargeri
tawargiri
tayilur
tekkalakota
tekkalakote
teligi
telsang
terakanambi
terdal
thogaduru
tikota
tilvalli
tingli
tiptur
tirthahalli
tirumakudal narsipur
tirumani
titimati
titvali
tondebhavi
tonnur
topaldoddi
toranagallu
torgai
torgal
tulu nadu
tumakooru
tumakuru
tumbgi
tuminkatti
tumkur
tumkur
tumminkatti
turbihal
turk madhwaram
turuvanur
turuvekere
turvihal
tyagli
tyakal
tyamagondal
tyamagondlu
uchchangidurgam
udayavara
udipi
udiyavara
udupi
ugargol
ujjini
ukkali
ukli
ulaul
ullai
ullal
ului
ulvi
ulvi
umblibail
ummattur
uppinangadi
urdigere
uttahur
uttanur
vaddanhal
vagarpura
vaghotan
vaijayanti
vajarmatti
vakkaleri
vandse
vanivilasa mohalla
vanivilasa puram
vanivilasapura
vannur
vastara
vemagallu
vemgal
venkatapur
venur
vijayapur
vijayapura
virarajendrapet
visiapur
vitla
vittal
wadgaon
wadgira
wadgiri
wadi
wajal
wandalli
whitefield
yadgir
yadgud
yadiyur
yadvad
yadwad
yagati
yaksanba
yaliyur
yalladabagi
yalvigi
yandigeri
yankanchi
yargatti
yargol
yarnal
yebarhatti
yedatore
yedhalli
yedrami
yeirnal
yelahanka
yelandur
yelbarga
yellapur
yelwal
yendigeri
yenur
yenuru
yergara
yergira
yermaras
yerukalave
yeshwantnagar
yesvantpur
aichisagami
akhegwo
aochagalimi
baimho
banfang
borjan
chakhabama
chantongia
chazubama
chen
cheshorr
cheswezumi
chimakudi
chinglong
chingtang
chipoketami
chizami
chongliyimsen
chozumi
chungtia
ghaspani
henima
ipsinyu
jotsama
jotsema
karami
khensa
khezoabama
khonoma
khuzami
khwunoma
kilami
kitagha
kiyekhu
kohima
kongan
kongnyu
lakema
lakhuti
laluri
lapa
lapvomi
laruri
lazami
lephori
litim
longching
longsa
lozema
lu
lukami
lungkam
lungsachung
melomi
meluri
merangkong
mkokchung
mokokchung
mokokshung
molungyimsen
mon
mongsenyimti
monseyimli
mozungjami
naga tuensang area
nagaland
naginimara
naginimora
namtolagaon
natsimi
nerhema
nichuguard
nisampi
nyasia
pangti
panso
pasompu
pasompui
philimi
piphima
priimi
priphema
purorr
rusa
sakha
sakhai
sakhalu
sampurre
samuguting
sanis
sapekhati
sathazum
sathazumi
sepekhati
shipungrr
sirire
nagaland
tamkhung
tamlu
tasangki
thachumi
themoketsa
thonokhyu
tseminyu
tuensang
ungma
ungr
wakching
wangla
wokha
yangching
yekhum
yezami
zhumkiri
zulhami
zunheboto
adaba
adhonigarh
adipanka
agalpur
ahias
ailabhatta
ajayagad
alamanda
amarda
ambajiri
ambodala
ampadar
ampani
anandpur
anantpur
anantpur
andanda
angul
antarba
anugul
ararhi
asika
aska
astarang
astaranga
astrang
asurabandh
atgaon
athagarh
athgarh
athmalik
athmallik
attabira
aul
autgaon
ayodhya
babupara
bada barabil
bada doikal
bada kuturu
badagada
badampahar
badampaharh
badigarh
badikata
badmal
bagdia
bagdihi
baghiapara
baghmari
baghmunda
baghra
bagopara
bahalda
baharda
baibali
baideswar
baidyeshwar
bainspar
bairi
baisinga
bajpur
bajrakot
bajupinda
balagunda
balam
balanga
balangir
balasore
baldhiamal
baleshwar
balgoda
balia
balianta
baliapal
balidiha
balighai
baliguda
baligurha
balikuda
balimela
balimila
balipatna
baljiguda
baljod
balliguda
ballipada
ballipadar
ballipadara
ballipoda
balugan
balugaon
balugaon
bamebari
bamini
baminigam
bamur
banapur
bandaguda
bandagurha
bandamamidi
bandha chhada
bandhagan
bandhagarh
bandugam
banei
baner
bangomunda
bangriposi
bangursinga
banigochha
banjipali
banki
banki
bankigarh
banor
banposh
banposi
banpur
bansjor
banspani
banta
bantala
bara khunta
barabil
barabond
barabondh
barachana
baragarh
baraguma
baraguna
baraiburu
barakot
baramaria
baramaria
baramba
barambagarh
barang
barasah
barasahi
barenderi
bargaon
bargarh
barhachana
barhagarh
barhamba
bari
baripada
barkola
barkot
barkut
barpali
barpoda
baruda
basantpur
basta
basudebpur
batgaon
bauda
baudh
baudh raj
baunsuni
begunia
beherapat
belagad
belagarh
belaguntha
belapara
beldha
belgan
belgaon
belpara
berhampore
berhampur
betjharan
betnoti
bhadrak
bhadrakh
bhagabatipur
bhagbatpur
bhakur
bhaliapanga
bhaliapanka
bhandaripokhari
bhandarpokhari
bhanjanagar
bhasma
bhawanipatna
bheran
bherhen
bhimkhoj
bhimpuram
bhismagiri
bhograi
bhojpur
bhramarapur
bhramarapuro
bhuban
bhubaneshwar
bhubaneswar
bhursipali
bhursipuli
bhusandpur
bhusandpur sasan
bhushandapur
bhutyabahal
bideipur
bijakuli
bijapur
bijepur
bijepur
bimbala
binika
binjharpur
binka
biribati
birikota
birkera
birmitrapur
bisai
bishamagiri
bisipada
bisipara
bisra
bisra
bissamcutack
bissamcuttack
bodo raruan
bodobil
bogor
boipariguda
boiparigurha
boirani
bolagarh
bolangir
bolani
bolanikhodan
bolgarh
bomundi
bonai
bonaigarh
bondabal
bonta
boria
brahinagiri
brahmagiri
brahmando
brahmanigan
brahmapur
brahmapuramu
brajarajnagar
brajrajnagar
bramhabarada
bramhagiri
bubel
budabal
budagud
budaguda
budaguda
budagurha
budhamb
buguda
buramara
burhagurha
burigaon
burla
butiarbal
chahala
chahali
chakarkend
chamakpur
champatimunda
chandaka
chandanpur
chandbali
chandipur
chandiput
chandpur
chandpur
chandragiri
chandragiri
chandrapur
chanuya
chapamanik
charmal
chatragurha
chatrapur
chemeri
chemma
chhamunda
chhanua
chhatarpada
chhatrapur
chhedak
chheligada
chhellgada
chhendipada
chhihdipada
chhindipada
chikati
chikitigarh
chilguda
chilgurha
chirikipada syasan
chitarda
chitrakonda
chocha
chorapali
chudamani
chur malda
churaman
churapali
cuttack
dadan raikala
dadpur
daigalkonda
daitari
dalab
damadua
dangadiha
dangashilbhata
dangbal
dangusurada
dantur
darakholi
daramgara
daringabadi
daringbadi
daringbarhi
darjin
darkhuli
dasamantapur
dashapalla
dasingabadi
dasingabarhi
daspalla
dasrathpur
degam
dehurda
delang
deogan
deogan
deogan
deogaon
deogaon
deogarh
deoli
deoli
deppeguda
deppeguda
deppegurha
deppegurha
dhama
dhamara
dhamini
dhamnagar
dhandamunda
dhanmandal
dharakot
dharakota
dharmsala
dharuadihi
dhaurpur
dhenkanal
dhenkikot
dhobimu
dholpur
dhormopur
dhuanuali
digapahandi
digapanahdi
digi
digsira
diksera
dimiripadar
dimiripalli
domkipali
dosamantapur
dublabahal
dublabera
dumaro
dumbaguda
dumbagurha
dumerbal
dumuriput
dungripali
dunguripali
durgapanga
durgapur
durgi
durka
durkaranja
dusragam
ersama
fatehgarh
fathpur
gadapur
gadulabadi
gaiba
gaisilat
gajipur
galleri
gambhari
gandahatti
gandiberh
ganei
gangapur
ganjam
gantapara
garabandh
garh krishnaprasad
garpos
gatitangar
gaudagoth
gaypur
gazalbarhi
gazipur
ghantapara
ghanteshwar
ghanteswar
ghatgan
ghatgaon
ghens
ghorarhia
ghoriajor
ghosar
ghumusar udayagiri
girisola
girligumma
gobakund
gobindapali
gobindapur
gobindpur
godabudini
godipara
godiparha
gogua
gogwa
golantra
gondia
gonua
gop
gopalpur
gope
gopinathapur
gorabond
gorakhpur
gourpali
govindapalle
govindapur
govindpur
goyagonda
guali
gudari
gulliti
guluba
gumagarh
gumarmal
gumlai
gumma
gumsa
gumsar
gun
gundribadi
gunupur
gunupur
gurandi
gurda
gurligumma
gurubella
gurundia
gurusulai
haladia
haldia
handapa
hanjar
harbhanga
harichandanpur
haridaspur
haripur
haromoto
hathibari
hathiguda
hatibari
hatigarh
hindol
hindola
hinjili
hinjilicut
hinjilikatu
hirakud
horomoto
horomutu
hukitala
hukitola
humma
indipur
ishwarpur
iswerpur
itamati
jabagarh
jagadalapur
jagannath
jagannathaprasad
jagannathprasad
jagannathprasad
jagannathpur
jagannathpur
jagatpur
jagatsinghapur
jagatsinghpur
jagatsingpur
jagdalpur
jajpur
jakar
jakara
jaleshwar
jaleswar
jambu
jamuani
jamugurha
jamunkira
janghira
jangra
jankia
janla
jara
jaraikela
jaraparha
jarau
jarpara
jashipur
jatani
jatni
jayapatna
jaypur
jenapur
jeyepore
jeypore
jhadabhumi
jharbera
jhargaon
jharpokharia
jharsaguda
jharsguda
jharsogra
jharsugra
jharsuguda
jharsugude
jilluba
jirang
joranda
joribar
jormu
joruri
joshipur
jubarajpur
jubrajpur
jujomura
jujumura
kabirpur
kadaligarh
kadapara
kadligarh
kadodih
kailasakota
kainpur
kainsara
kaintaragarh
kaipadar
kaipuram
kakariguma
kakatpur
kakhra
kakkiragumma
kakkirigumma
kalabagh
kalapathar patna
kalapathara
kaliapani
kalikoti
kalimatti
kalinga
kalingia
kallikota
kalmang
kalyansingapuram
kamakhyanagar
kanaipur
kanarak
kanas
kandaparha
kandbara
kandhara
kaniah
kanpur
kansar
kantabanji
kantigaria
kantilo
kapileswarpur
kaptipada
karachuli
karadagada
karanjia
karantela
karantola
karatapata
karatpata
karlaghati
karlapara
karlapara
karlapat
karlapot
karpabahal
kasba kamarda
kashipur
kasijoda
kasira
kasurupara
katakiasahi
katarbaga
katingia
katingla
katni
katrangia
kaupur
kegaon
kemsara
kenadhipa
kendamundi
kendrapara
kendraparha
kendumundi
keonjhar
keonjhargarh
kesaibahai
kesaibahal
keshannagar
kesinga
khaira
khairaput
khajiripada
khajurdihi
khajuripada
khajuripada
khaki hat
khallikot
khamar
khanatapada
khandagiri
khandgiri
khandoal
khandpara
khandparagarh
khanduala
khantapara
kharba
kharhial
khariar
kharmunda
khedapada
khejuri
khejuripara
kherna
khiching
khinda
khiraitangri
khordha
khuntgaon
khuntpali
khurda
khutgan
khutgaon
khutpali
kinchamanda
kiri buru
kishoranagar
kisinda
kochinda
kodagad
kodala
kododih
koipuram
koira
koksara
kolabira
komatlapeta
konarak
konarka
konarka
kondakamberu
konokjora
korai
koraput
korkonda
korukonda
kotagad
kotagarh
kotasamalai
kothar
kotsamlai
krishnachandrapur
kuamara
kuanr
kuanrmunda
kuchai
kuchaiburi
kuchinda
kudumulagumma
kudumuluguma
kuhurhi
kuhuri
kujang
kukkudakhandi
kukkudakhandy
kulaisila
kuliana
kulikhati
kullada
kullikota
kumaria
kumarkara
kumarkera
kumarmunda
kumbhari
kumbhariput
kumbhariputtu
kumbhikota
kumdih
kumhari
kumurda
kundrupani
kunjaban
kunjabangarh
kupand
kupano
kupari
kurband
kurnan
kurtamgar
kurtamgarh
kurtumgarh
kuruan
kurumunda
kusrupara
kusumdih
kusumi
kutingi
kutpali
kutra
kutragada
kutri
kutsomli
lachmipos
ladi
laichanpur
laidapoda
laikera
laikra
laimura
lainpara
laira
lakhana
lakhanpur
lakhbahal
lakshmannath
lakshmipur
lanjigarh
lankagarh
lapanga
larambha
larasara
lathipada
lathor
laumunda
legara
liligumma
lobeng
lochipur
lohrabchera
loisinga
loisingha
lorabehera
lorma
lornia
losarda
luhagudi
luisinga
lunkagar
lunkagarh
machgaon
machhagan
machhgaon
madanpur
madhupur
madhupurgarh
madhyakandha
mahadeb deoli
mahadeiput
mahakalparha
mahanga
mahasingha
mahasingi
mahidharpur
maholpada
mahulapada
mahulpali
maidalpur
maidharapur
malangtoli
maligan
malud
manamunda
manda
manda
mandhosil
mandira
mandlia
mandria
manengpodor
manesar
mangalpur
manomonda
mansingpatana
mantri
marachai
mardakot
mardol
markandi
markona
markonda
marosile
marosili
marsaghai
marshaghai
mato
matto
maudpur
mayurbhanj
medana
meghpal
melchhamunda
mendah
merikot
mirikote
mitihurda
mochibahal
mohakalpara
mohakalpara
mohana
motanga
moter
mujjagad
mujjagarh
mujjagodo
mundaghat
mundaguda
mundher
mura
murhi
murtili
muruda
nachanpur
naikul
nalaghat
namanagar
namanagarh
nandapur
nandupala
nanemahulpali
nangaleshwar
nangaleswar
naraj maharathapur
narasinghapur
narayanapatana
narayanapatnam
narayanapur
narendrapur
narla
narsinghpur
natara
naupadapenth
navira
nayagarh
nayagarh
nayagarh
nayira
nechanpur
neddiguda
neddigurha
niali
nilagiri
nilgiri
nimakhandipenta
nimapara
nimaparha
nimmakhandipenth
nimmokhondipentho
nirakarpur
nirakarpur patna
nirgundihi
nisha
noagaon
nondopuru
nondora
norla
norola
nowrangapur
nua hathiguda
nua hathigurha
nuagad
nuagam
nuagan
nuagan
nuagaon
nuahata
nuakot
nuapalli
nuapalli
nuliasahi
nulyasai
nungulsur
nunkapasi
nuralrevu
odepur
olasingha
ollabotta
omorda
oragaon
orhagan
oujelpur
paburiya
padampur
padmapur
padmapuram
padua
padwa
pahireju
paikamal
paikmal
pairuj
pakari
pal lahara
palaspal
palasponga
palsa
palsada
paluru
panasapada
panaspada
panchabhuti
panchabruti
panchagan
panchra
pandia
pandripada
panposh
paradeep
paradip
paradip garh
paradipur
paradwip
paranga
parba
parimal
parjang
parsora
partappur
patamudai
patamunda
patamundai
patapur
patdarha
patholi
patkura
patmunda
patna
patnagarh
patraput
patsikuri
phiringia
phulabani
phulbam
phulbani
phuljhor
pichukoli
pipili
pipli
pippalapanka
pir hat
pithal
pittal
podampur
podropoda
polasara
pondoli
ponduli
poradiha
poramunda
porhamari
porhmunda
porubata
posora
pottangi
pottasing
pottasingi
pratappur
pratapur
pravasuni
pudamari
puipani
pukkapani
puri
puri district
puripani
purnakot
purnapani
purunagarh
purunakatak
purunakot
purusand
purushottampur
putukipali
ragada
raghunathapur
raghunathpali
raghunathpalli
raghunathpur
ragupodor
raharmal
raiboga
raidih
raidihi
raigorha
raijharan
raikela
raikia
raipanga
rairakhol
rairangpur
raisingi
raj kanika
raj nilgiri
raja ranapur
rajaluka
rajin
rajnagar
rajnagar
rajpur
ramachandi
ramagiri
ramagiri udayagiri
ramannaguda
ramapur
rambha
ramchandrapur
ramedega
rampaluga
rampella
rampur
rampur
rampur
rampur
ranaba
ranchra
rangini
raniguda
ranigurha
ranipathar
ranpur
ranpur
rarbahal
rasol
ratanpur
ratnagiri
raurkela
raurkella
rayagada
rayagada
raygad
raygarh
rayisingi
redhakhol
remenda
remuna
remunda
rengalbera
rengali
renghalo
riamal
righagarh
roida
rombha
rondapolli
rontha
roukela
rourella
rourkela
rourkera
rupsa
russelkonda
russellkonda
sabarang
sabrang
sadingia
sagara
sagarpata
sagasa
sagasai
sagoda
sagorha
saharabedi
sahaspur
saintala
sakhi gopal
salebhata
salebhatsa
salebhatta
salepur
salipur
samal
sambalpore
sambalpur
samia
samra
sanakanti
sankarada
sankararha
sankataras
santpur
saplahara
saplohra
sarandapali
sarangagada
sarangagarha
sarankul
sarapal
sarapali
sargigora
sarsbal
sarungai
sason
satabhaya
satbaia
satbhaya
satkosia
searli
semiliguda
serang
serango
sesikhaliu
sesikhallu
shankarakhol
sharagada
sheragarh
sikaketta
sikarapai
sikarapei
sikerkupa
siko
silatpali
siljora
simanbadi
simhagadda
similia
similigurha
simlipalgarh
simria
sinda
sindhekela
sindhia
sindhikela
singla
singpur
singpuru
sipur
sirsa
sirtiguda
sirubal
soguru
sohso
soida
soira
solaguda
soldia
sollaguda
solpata
sonapur
sonepur
sonnapurampeta
sonpur
sorada
sorala
soro
sorongodo
srigurha
sripudamanjaripur
sriramapur
orissa
subalaya
subarnagiri
subulia
sudrukumpa
sukal
sukinda
sukinda khas
sulgura
suliapada
sumandal
sumondolo
sunakhala
sunakhala
sunakhalla
sunakhulla
sunamal
sundargarh
sundergarh
sunger
sunki
surada
surangi
tainsi
talari
talbandh
talchar
talcher
talpada
talpadar
talsara
tamra
tangi
tangi
taptapani
tarabha
taraboi
tarasingi
tarbha
tarosingi
tatiba
telibandh
telipali
temri
tentodih
tentulikhunti
teravali
thakurgarh
thakurmunda
themiri
thuamai ramapur
thuamal rampur
tigiria
tikarapara
tikarpara
tikarparha
tikkabali
tikkaballi
tikraparha
tikri
tilosingi
tirtal
tirtol
tirtole
titilagarh
titlagar
titlagarh
tolo humma
topasai
torba
tudigadia
tulka
tulsipun
tumudibandh
turekela
tushara
udaigiri
udaipur
udala
udayagiri
udayagiri
ujalpur
ukkamba
unchibali
undragedda
ungul
uphula
uppalada
urali
urumunda
ustapal
uthekela
utkela
vahai
varanasi
accarapatam
akkaraivadi
alayangudi
bahour
bahur
dharmapuram
karaikal
karikal
karkkangudi
kil kasakkudi
kottuchcheri
kottucheri
l'etat de pondichery
muppattankudi
nallur
nedoucadou
nedungadu
pattanachcheri
pillaittiruvasal
pondicheri
pondicherry
pondicherry
pondichery
ponducherry
poudhucherry
puduchcheri
puducherri
puducherry
puducherry
pudutturai
puduvai
purnankuppam
rayampalaiyam
takkalur
talatteruvu
tirunallar
tirunallarru
tirunallaru
union territory of pondicherry
union territory of puducherry
valudavur
villenour
villianur
virampattinam
abadpura
abdalpur
ablu
abohar
abul kharana
adaitiwala
adampur
aghanpur
aikolaha
aikolahi
aishanpur
aisru
aisru kalan
ajitwal
ajnala
ajram
akalgarh
akalgarh
akbarpur
akbarpur
akbarpur afghan
alawalpur
alipur
alipur jalal
alipur sikhan
alipur wazir sahib
aliwal
aliwal
allahdadpura
aluna miana
aluna palla
aluna tola
amblala
amloh
amritsar
ananapuri colony
anandpur
anandpur sahib
arnauli
arniwala
arnoli
arthu kalan
arthu khurd
asgaripur
asgharipur
aslapur
atari
aujhan
azizpur
baba bakala
babahakala
babbanpur
badbar
badhni
badhni kalan
badhni khurd
badia
badinpur
badla
badla
bagha purana
baghaparana
baghaur
bagrian
bahadurpur
bahadurpur fakiran
bahamniwala
bahora
bahori
bahu mazra
baihru
baina uncha
baini zer
bains
bair mazra
bakain
bakhshiwala
bakloh
balachor
balanwali
balloke
balluan
balluana
banga
bangi
bangi kalan
bankhandi
banur
baqarpur
baqarpur
baqarpura
baraichan
barapind
barauli
bari
barima
barnala
bartana
barwala
basi
basi
basi
basi
basi kalan
bassian
basti shekh darwesh
batala
bathan
baupur
bazidka
beas
begowal
begowala
bela
bera
bhabat
bhadalthua
bhadaur
bhaddi
bhadewal
bhadson
bhagsi
bhagu
bhagwanpur
bhagwanpur
bhagwanpura
bhagwas
bhagwasi
bhaina bagha
bhaini bagha
bhalan
bhalur
bham
bhamadi
bhambal khurd
bhamuan
bhan
bhanbrian
bhandher
bhangala
bhangar khera
bhangewala
bhangu
bhankarpur
bharana
bharatgarh
bharpurgarh
bharthala
bhatian
bhatinda
bhatton
bhawanigarh
bhikhi
bhikkiwind
bhikkiwind uttar
bhindar
bhogpur
bhogpur sirwal
bholath
bhukhri
bhumsi
bhunarheri
bhundri
bhunga
bhurthala mandher
bibipur
bibpur
bija
bijanpur
bijarpur
bilaspur
bilga
bilha
binewal
binjal
bir kishan singh
birdhanan
birk
bishannagar kotla
bishanpura
biwipur
blogi
boha
boras
budhabar
budhlada
budhmor
buga kalan
buga khurd
bukloh
bulhowal
bulipur
bundala
bungal
bura gujar
burah majra
butala
camp mubarikpur
chabal
chabal kalan
chabba
chadiala
chagga
chagghar
chahilan
chak mahan bhadar
chak muafi
chak saidoke
chak sohelewala
chakohi
chalaila
chamiari
chamkor
chanarthal
chanarthal kalan
chand bhan
chandbaja
chandu
chanunwala
chaoke
chaprahar
chaprauda
chaunda
chaundheri
chaurian fatehgarh
chehal
chhaba
chhajli
chhanna
chharwar
chhat
chhaudan
chhaundan
chhota khanna
chima
chiman
chirak
chirwa
chirwi
choganwan
chogawan
chotian
chuchakwind
chuganwan
chugian
chuhat
dadrala
dafarpur
dagroli
dagru
dahmot kalan
dahmot khurd
dakala
dala
dalewala
dalla
dandrala dhindsa
dangar khera
danger khera
dappar
darangera
darapur
dargapur
darkhan majra
daska
dasua
dasuya
datarpur
datarpur rakri
daud majra
daud mazra
daudpur
deheru
dehlon
dehrian
dera baba nanak
dera basi
dera bassi
dera nanak
devigarh
devinagar
devinagar
devinagar
dewa khosa
dewa mander
dhakaula
dhakauli
dhamot kalan
dhamot khurd
dhanaula
dhanauni
dhandoli
dhandoli khurd
dhanoa
dhar
dhar khurd
dhariwal
dharmgarh
dharmkot
dhedhna
dhedna
dheru mazra
dhilwan
dhudike
dhuri
dialpura
dialpura bhaika
dinanagar
dirba
diwa gandhwan
diwa khosa
diwa mander
doda
dodh
dodhpur
dogal
dolowal
doraha
dotaranwali
dudhan gujran
dudhan sadhan
dugri
dule
dulleke bareke
dundi majra
dundi majra
dunera
faizgarh
faizullahpur
fakarsar
faridkot
faridpur
faridpur
fatehabad
fatehgarh
fatehgarh churian
fatehgarh panjtor
fatehgarh panjtur
fatehgarh sahib
fatehpur
fatehpur
fatehpur
fatehpur
fatta maluka
fatuhi labana
fazika
fazilka
ferozepore
ferozepur
ferozeshah
feruzpur
firoz shah
firozpur
gaggar mazra
gaggo mahl
gaggu mahil
gajan mazra
galri
galwadhi
gandwan
ganeshpur
ganeshpur
gangowal
ganguwal
gardhiwala
garhdiwala
garhshankar
garshankar
ghadewal
ghaggar
ghanauli
ghanaur
gharyala
ghaurala
ghazipur
ghazipur
ghazipur
gholu mazra
ghonewal
ghonewala
ghongrali
ghotind
ghundar
ghungrali
ghurala
ghuram
ghurani
ghurani khurd
giddarbaha
gobindpur
gobindpura
gobindpura
gochar
golewala
govindwal
gulabgarh
gumja
gurdaspur
guru har sahai
gurudwara
gurudwara
gurudwara
gurudwara
gurudwara
gurudwara
gurusar
guthmara
hadiaya
haibatpur
hajipur
hajipur
hajjipur
hajurgarh
hala
halwara
hansala
harchowal
hariana
hariau
hariawan kalan
harigarh
harike
haripur
haripur
haripur hindwan
haripur kora
haripura
harpalpur
hasanpur
hasanpur
hatur khas
haul
himatgarh
himatgarh chhannan
himmatgarh
hirasinghwala
hoshiarpur
humbra
husainpura
hushiarpur
ibrahimpur
ibrahimpura
ina khera
isapur
isapur
isarheri
isaru kalan
isaru khurd
ishanpur
jabo mazra
jadla
jagadhri
jagatpur
jagowal
jagraon
jahangir
jahla
jaijon
jaito
jalalabad
jalalabad
jalalabad
jalalabad
jalalpur
jalandhar
jalbera
jallan
jandali
jandi
jandiala
jandiala guru
jandiali
jandu singha
jandwala
janetpur
jangipur
jarg
jargari
jassowal
jassu mazra
jaura chhitran
jawaharpur
jhakholahri
jhako lahri
jhanaurheri
jhowansa
jhugian
jhungian chhar
jhuniar
jodhe
julajan
julamgarh
julkan
jullundur
jullundur
jullundur city
kabul shah
kachhwa
kachhwi
kadian
kahnuwan
kairon
kajpura
kakrala
kakrala kalan
kakrali
kala
kala afghanan
kalal mazra
kalal mazra
kalanaur
kalian
kalian
kallar khera
kalsana
kamam
kaman
kambohan
kambohan
kanaur
kandalan
kanjahri
kanpura
kanya maha vidyalya
kaoni
kapurgarh
kapuri
kapurthala
kapurthala town
karali
karaudian
karaundia
karkali
karkaur
karo majra
kartarpur
kartarpur
kasel
kathauli
kathgarh
kathlaur
kathlour
kathu nangal
kauli
kauni
kauri
khakhian
khalra
khamanon
khamanon kalan
khanaura
khanian
khanna
khansa
khansanwala
khara
kharabgarh
kharar
khatra
khem karan
kheri gujran
kheri jattan
kheri ranma
kheri sandran
khizrabad
khizrpur
khojala
khosarpur
khui khera
khumanan
khurhanwala
kiratpur
kiri shah
kishangarh
kishanpura
kishanpura
kishenpura
koil khera
kojala
kokli mauran
kokri
kokri kalan
kolgarh
kolu majra
kot bakhtu
kot bhai
kot dharmun
kot fateh
kot fatuhi
kot isa khan
kot kapura
kotha
kotha guru
kotla
kotla
kotla
kotla dhak
kotli mauran
kotli surat malli
kularan
kulrian
kum
kurali
kuti
ladewal
ladhuka
ladhuwala
ladpur
lahail
lahli
lakha singhwala
lakkhoke bahram
lalewal
lalheri
lalon khurd
lambi
landial
landra
landran
lasara
lasara hakubas
lasara pallewal
lasara polabas
lasoi
laungowal
lehlan
libra
lohat baddy
lohgarh
lopoke
ludhiana
machhiwara
machhrai kalan
machhrai khurd
madhopur
magar
mahalpur
maharaj
mahatpur
mahdipur
mahendipur
maheon
mahewan
mahiwala
mahmudpur
mahna
mahpur
mahraj
mahta
mahtabgarh
maihma sawai
majitha
majra manna singhwala
majra rahawan
majri
majri
majri
majri kishanewali
makandpur
makhmelpur
makhsudra
makhu
maksudra
malakpur
malakpur
malakpur
malanpur
malaudh
malaut
maler kotla
mali majra
malkana
mallanwala
mallewal
malowal
mamdot
manakpur
mandi dabwal
mandi dabwali
mandiala
mangarh
mangewal
mansa
manwi
mardanheri
marhana
marori
massigah
massigan
matran
maujgarh
maur
maur kalan
maur khurd
miani
mianpur
mianpur
mianpur
midda
mirpur
mirthai
mirthal
moga
mohanpur
mohiyuddin
molgarh
molgawara
mor tikri
moranwali
morawali
morinda
mubarakpur
mubarikpur
mudki
muhammadpura
mukandpur
mukandpur
mukandpur
mukerian
muktsar
mungon
murad majra
murinda
musa
nabha
nabha
nadampur
nagal
nagla
nahianwala
nai rurki
nakodar
nangal
naraingarh
naraingarh
naraingarh minor
narainpur
narangwal
narayangarh
narayangarh
nare
narli
narot
narot mehra
nasrali
nathana
naushahra
naushahra panwan
nawan kalgarh
nawashahr
nial
niamatpur
nibwa
nihal khera
nihal singhwala
nizampur
nizampur
nohan
nurmahal
nurpur
nurpur franswala
nurpur kalan
nurpura
nuruddin
pachranga
paheri
pahlia kalan
pahlia khurd
pail
pakka
pakka
pakka kalan
pakki
palakha
panchat
pandwala
panj rukha
panjagarian
panjawa
panjeke
panjgarain
panjgirain
panjgirain
panjgirain kalan
panjgrain kalan
panniwala
paragpur
parmanand
pathan majra
pathankot
patiala
patti
phagwara
phillaur
phuglana
phul
phungotah
pir machhela
poniyal
pudda
punjab
punjabi suba
punsar
qadian
qutba
rabon
rahawan
rahon
rai majra
raian
raian
raian
raiawal
raikot
rain majra
raipur
raipur
raipur
raipur
raipur chobderan
raisal
raja mazra
raja sansi
raja tal
rajewal
rajgarh channa
rajo mazra
rajoke
rajpura
ralla
ram das
ram tirak jaga
ram tirath jaga
ramgarh
ramgarh
ramgarh
ramgarh
ramnagar chuniwala
rampur
rampur bahal
rampur kalan
rampur sainian
rampura
rampura mandi
randhawa
ranjitgarh
ranwan
rasulpur
rasulpur
rasulra
ratanpalon
rathankot
ratta khera
rattewala
rauni
rohar jagir
rohnon khurd
rohti
ronhon kalan
ronhon khurd
ropar
roshanpur
roshanpur
roshanpur
roshanpur
rukanpura
rupana
rupar
rupnagar
rupnagar
rurka
rurka kalan
rurka khan
rurka klan
rurki
rurki
rurki budhsingh
rurki kalan
rurki khurd
sabrai
sabraon
sadhuwala
sadiq
sadpur
sagaund
sahaora
sahna
saidoke
saidpura
salana
salaudi
salempur
salempur balian
saliani
samadh bhai
samalsar
samana
samgauli
sampurangarh
samrala
sanauli
sanaur
sandran
sanghol
sangrur
sanipur tanda
sarai amanat khan
sarangdeo
sarawan
sardulgarh
sariana
sarna
sarthala kalan
sarustigarh
sasan
sathiala
sati
saunti
saurian
sawaddi
sekhwan
shafipur
shahbazpur
shahkot
shahpur
shahpur
shahpur
shahpur
sham churasi
sham nagar
shamshpur
shatabgarh
shatrana
shekhpura jagir
shergarh
sherpur
sherpur
shibgarh
sidhwan bet
sidhwan khas
sihaura
singhanwala
singhpura
sirhali
sirhali kalan
sirhind
sirinagar
sito ganno
sobraon
sohal
sohana
sohian
sohian kalan
sotha
sri govindpur
srigobindpur
punjab
sulial
sultanpur
sunam
sur singh
surat manauli
tajalpur
talwan
talwandi
talwandi bhai
talwandi chaudhrian
talwandi malak
talwandi malik
talwandi sabo
talwara
tamakloda
tanda
tandabada kalan
tandabada khurd
tarangala
tarn taran
taunsa
taura
thatthi bhai
then
thoba
tibbar
tibber
tibbi
toghanpur
tuhfapur
turmari
tutwala
uddhoke
ughi
urapar
urmar
urpaar
usman khera
vairowa
vairowal
valtoha
verka
zerakpur
abhaipura
abu
abu road
abusar
abusar ka bas
achina
achrala
ada
adamwala kera
adsar
agar
aghapur
aghatapur
agolai
agrawa
agria
agucha
aguncha
ahad
ahar
ahor
ajabgarh
ajaipal ka dungri
ajari
ajasar
ajita
ajitpura
ajitpura
ajitsar
ajmer
ajmer city
ajrajpura
ajrajpura ki dhani
akbarpur
akera
akior
akla
aklera
akli
akoda
akola
akola
akoliya
akora
akoria
akoria
akoria
aktasa
alai
alamsar
alayla
aligarh
alipur
alipura
alkodiya
alniawas
alod
alphanagar
alsisar
aluda
alwar
alwar city
amalda
amaos
amargarh
amarpura
amarpura
amarpura
amarsar
amarwa
amba
ambapani
amber
amer
amet
ameta
aminpura
amli
amli
amli
amli
amloda
amrasa
amratiya
amrod
amtun
anadra
anandgarh
anandwasi
anantganj
andher
angai
angnao
anna ka jhonpara
anta
antarda
anthara
antri
antri
anupgarh
anuppura
anupshaher
anupshahr
anwa
anwalkhera
aqilwala
arain
arain
arandkhera
arang
arangasar
ararki
ardawata
ardawata ki dhani
arh
arjansar
armalsar
arnaud
arnetha
arnoda
arsisar
arthuna
artia
artia kalan
artiya kalan
aruka
asal khari
asalsar
asarlai
asarpura
asas ki dhani
asind
asnawar
asop
asotra
aspalsar
aspur
aspura
asrasar
astera
astoli
atbara
athob
aton
atru
au
aunwa
avaniya
awa
awa
awan
awar
babai
babaji ka barda
babalwara
babi
babla
babra
babuhri
bachasar
bachun
bachusar
badabar
badagaon
badalwas
badangarh
badarpura
baderan
badha ki dhani
badhal
badno
badnor
badora
badrawas
badriyon ki dhani
baen
baetu
bagaparta ki dhani
bagar
bagar
bagar meo
bagawas
bagda
baghera
bagor
bagora
bagore
bagpura
bagra
bagri
bagri
bagru
bahadurpur
bahadurpur
bahadurpura
bahla
bairagarh
bairasar
bairasar
bairat
bairu
bajari
bajari
bajla
bajna
bajna
bajoli
bajoli
bakani
bakhasar
bakhtawarpura
bakra
bakra
baksheu
bal
bal
bala ka gol
baladesar
balai ki dhani
balakhera
balan
balan
balana
balapura
balapura
balapura
balapura
balapura
balara
balasar
balawala
baldeogarh
baldevpura
baldu
balesar
balhar
bali
bali
balicha
ballabgarh
ballar
ballasar
balmukanpura
balochia
balola
balotra
balrasar
balunda
balupa
balwan
balwara
baman ki dhani
bamangaon
bamanun ki dhani
bamanwan
bamanwas
bamanwas
bamanwas
bamclaya
bamhor
bamla
bamnor
bamora
bamori
bamori
banar
banda
bandanwara
bandikui
bandithali
bandnau
bando ki dhani
baneria
baneria
baneti
banga mata
bangarwan
bangotari bari
bangotari chhoti
baniana
banisar
banjari danti
banjaron ka jhonpara
banjaron ki jhonpariyan
bankakhera
banki
bankli
bankora
banrol
bansera
bansera khurd
bansi
bansiwara
banskho
banskhoh
bansrai
bansur
banswara
banta
banthali
bantoli
banwara
banyawali dhani
baonli
baonri
baori
baori
baori
baorli
bap
bapaur
bapeo
baplawas
bapunda
bara
bara
bara bara
bara delana
bara gorra
bara ki dhani
bara kiranwali dhani
bara kotwad
bara marla
bara rosia
baragaon
baragaon
baragaon
baragaon
baragaon thatoli
barambad
baramsar
baran
barana
baranthia
baranthia kalan
baranthia khurd
barar
barat ka gaon
baraud
barauli
barawarda
barda
bardna
barel
barena
bargaon
barh
bari
bari
bari
bari
bari dhani
bari javti
bari ka khera
bari sadri
barkhera
barkhera
barlan
barli
barli
barlia
barlias
barlot
barlu
barmer
baro ki dhani
barod
barod
baroda
baroda
barodia
barodia
barodiya
baroli
baroni
baronia
baropal
baror
barr
barradsar
barragaon
barsalpur
barsisar
bartabavdi
barthun
baru
baru
barundhan
barwa ki dhani
barwas
barwas
bas
bas
bas
bas badalwas
bas govindsingh
bas kaji
bas kheria
bas kirtan
bas lalsingh
bas mamraj
basait
basei
baseri
basi
basi
basi
basi kalan
basi maiyan
basni
basni bailima
basri
basro
bassi
bassi
bassi
baswa
bataoda
batarn
bataru
batchraro
batera
batrao
batwari ki dungariyan
bautra
bavdikhera
bavrikhera
bawari
bawarla
bayaha
bayana
beawar
bebra
bechiwara
bedawal ki pal
bedia
bedla
begas
begun
behraonda
behror
beiru
benpa
bera
beri
beri
beriwala
bersi
berwa
besroli
besuri
betu
bevda
bewar
bhabharind
bhabhru
bhabrana
bhadan
bhadana
bhadasar
bhadasar
bhadaura
bhaddana
bhadera
bhadesar
bhadi
bhadka
bhadoti
bhadra
bhadrajan
bhadura
bhadwi
bhagela
bhagina
bhagsar
bhagsar dabla
bhagu
bhagwanpur
bhagwanpura
bhagwantgarh
bhainsali
bhainsara
bhainsrorgarh
bhainswa
bhairji ki dhani
bhairon
bhaironpura
bhairopura
bhairupura
bhairupura
bhaislana
bhajawas
bhakhrota
bhakran
bhakri
bhakri
bhakri
bhakrod
bhalasva
bhalau
bhalrupura
bhalta
bhamarwasi
bhamori
bhamoriya
bhamra
bhanaothala
bhandarej
bhane ka gaon
bhangoly
bhania
bhanin
bhanipura
bhanisingh ki dhani
bhankri
bhankrota khurd
bhanoli
bhanvarda
bhanwargarh
bhaogarh
bhaola
bhaonda
bhaonta
bhaowara
bhapar
bharatpur
bharewala
bharinda ka bas
bharing
bharmal ka khera
bharna
bharni
bharpalsar
bharru
bharu
bharu ka bas
bharunda
bharunda kalan
bharunda khurd
bharusar
bharusar
bharwani
bhasawar
bhata
bhatana
bhatewar
bhatiabas
bhator
bhattawala
bhaundesar
bhavi
bhavriyakuvan
bhawaldesar
bhawanda
bhawanipura
bhawanipura
bhawanipura
bhawanipura
bhawanipura
bhawari
bhawi
bhej
bhelu
bher
bheriya
bherujiwali dhani
bhesawa
bhetnanda
bhichor
bhikamkor
bhikorai juni
bhilwara
bhilwashya
bhim
bhimpura
bhimsar
bhimsar
bhimsar
bhinai
bhindar
bhindosi
bhinmal
bhinwalia
bhiyar
bhobiyan
bhogani
bhoja ka bas
bhojan
bhojas
bhojasar
bhojasar
bhojpura
bholi
bholusar
bhongra
bhopa ki dhani
bhopalgarh
bhopatpura
bhowatra
bhuana
bhudarpura
bhukan
bhukana
bhuma
bhuma bara
bhuma chhota
bhumalia
bhumaro
bhupatpura
bhurasar
bhurasar ka bas
bhutawasbas
bhutiya bas
bhuttewala
bibasar
bichabhera
bichafabas
bichor
bichpari
bichri
bidasar
bidiad
bigga
bigod
bigodana
bijai ki dhani
bijainagar
bijaipur
bijaipur ki dhani
bijapur
bijawal
bijliar
bijoli
bijoli ka bas
bijolia
bijolian
bikampur
bikaner
bikaneri
bikarni
bikasi
bilangri
bilara
bilia ka ghara
bilianbas
billun
biloi
bilona
biloni
bilpura
biluba
bilyumrampura
bilyun mahiyan
binasar
binawas
bindala
bindayaka
bindraban
binjasar
binjasar
binjbaila
binjorai
binota
bir
birai
biramsar
biramsar
biran
biran ki dhani
birkali
birloka
birlokha
birmana
birsia
birsilpur
bisala
bisalpur
bisalpur
bisanhala
bisanpura
bisanpura
bishangrah
bisrasar
bissau
bisu
biswas
bithalpur
bithnok
bivanavan
boara
bodadit
bogas
bogera
bohana
bohat
bolia
bolia kalan
bolla
bond
bonliya ki dhani
boot
bor ki dhani
borabas
boraj
borana
borawar
borda
borda
boria
borkhera
borkheri
borunda
borwa
bosana
both
brahamano ki dhani
brahamanon ki dhani
brahman ka jhonpara
brahmanon ki dhani
brijlalpura
brijnagar
buchawas
buchia ki dhani
budana
budana ka bas
budaniyan
budas
bugian
bukansar
bukar
bundi
bundi city
bundi ka gothra
bundra
bungi
bungri
burla
bursu
busi
buthariya
byasbavdi
chaba
chadahar
chadi
chainpura
chainpura
chainpura
chainpura bas
chainpuriya
chaitrori
chajusar
chak anandpura
chak five
chak sana
chak seven
chak six
chakala
chakbawri
chaksu
chaku
chalkoi
chamanpura
chamaran ka jhonpare
champaneri
champapura
champasar
champawasi
champsi
chamreri
chamu
chanana
chanandpura
chanani ki dhani
chanchukiya
chand ka talav
chandarun
chandawal
chandeli
chandgothi
chandhan
chandio
chandlai
chandli
chandma
chandni
chandrai
chandrapura
chandravati
chandsain
chandsar
chandwaji
chandwar
changai
changeri
changoi
changoti
chani
chanod
chanpura
chaoni
charan ka bas
charan ki dhani
charana
charankheri
charanwala
charanwas
charanwas
charanwas
charanwasi
charanwasi
charas
charna ki dhani
charna ki dhani
charna ki dhani
charnet
charno ki dhani
charnon ki bhandu
charsar
charwas
chatarganj
chatsu
chattargarh
chattarpura
chau
chauhada
chauhanon ki dhani
chauhtan
chaumu
chauradi
chauth ka barwara
chawa
chawan
chawand
chawandiya
chechat
chechi
chetan
chetan ka jhonpara
chetan ka khera
chhabra
chhabri
chhain
chhajoli
chhajusar
chhajusar
chhaneri
chhani bari
chhapar
chhapra
chhapra
chhat ka khera
chhatrapura
chhila
chhillaali dhani
chhilro
chhinch
chhinod
chhipa
chhitar ka par
chhitroli
chhoti sadri
chhotikhairu ki dhani
chhotrio
chikara
chikhli
chikklar
chiklar
chinch
chinchroli
chinnu
chirai
chirasan
chirasan ka bas
chirawa
chirijanti
chirota
chirwa
chitalwana
chitar
chitawa
chitor
chitora
chitorgarh
chittaurgarh
chodhari ki dhani
chodia
chohtan
chomun
chonp
chopra
chota
chota goria
chotan
choti
chubkiyagarh
chuna ki dhani
chunawadh
churela
churelia
churi jodhan
churu
churu
chuttraram ki dhani
dabar ki dhani
dabhli
dabi
dabla
dabla
dabla
dablana
dabli
dabri
dabri
dabri
dabri kalan
dabri par
dadhdevi
dadhia
dadhia
dadiya
dadrewa
dadu
dadu
dagariya
dahmi
dahmi kalan
dahmi khurd
daiali dhani
daijar
daikra
daipha
dakan kotra
dakhan
dalaud
dalepura
dalman
dalot
daluji ki dhani
damana
dandhera
dandu
dandu
dandusar
dangar
dangarthal
dangia ki dhani
dangiawas
dangiyawas
dangri
danrunda
danta
danta
dantal
dantil
dantra
dantrai
danwara
danwro
daolathgarh
daosa
darawala ki dhani
dariawad
dariba
darjian ki dhani
darod
daru
dasaliya
dattohar
datunda
datwas
daudsar
daulatgarh
daulatkhan ka bas
daulatpura
daulatpura
daulatpura
daulatpura
daulatpura
dausa
davalya
daw
dawa
dayalpura
deatra
debhawas
dechu
dedasri
dedha
deeg
degana
deh
dehru
delmara
delwa
delwara
delwara
deogaon
deogarh
deogarh
deoli
deoli
deoli
deolia
deolia
deolia
deopura
deora
deorala
deoria
depalsar
depura
deraisar
derajsar
derajsar
derali
derwala
deshnok
deshnoke
desilsar
desuri
desusar
deswal
detvas
deva ka bas
devadhuwa
devamand ka jhonpara
devgaon
devgarh
devikot
devipura
devli
devliya
devpura
devra
devrawas
devri
devror
devta
devta ka bas
dewa
dewair
dewal
dewas
dewasar
deyi
dhaba
dhaban
dhabbaon ki dhani
dhadheru
dhadot kalan
dhadot khurd
dhadrio
dhadrio
dhahar ki dhani
dhaia
dhaisar
dhakan ka bas
dhakarwala
dhakni
dhambola
dhambora
dhameri
dhamnia
dhamotar
dhamrera
dhanakya
dhanana
dhanaria
dhanasar
dhanatri
dhanauthi bari
dhanav
dhanav
dhand
dhandar
dhandar bas
dhandhani
dhandhia
dhandhuri
dhandhuri nayabas
dhandni
dhandoli
dhandrian ki dhani
dhaneshwar
dhani
dhani
dhani
dhani
dhani
dhani
dhani baroa
dhani bhabhru
dhani budali
dhani dalmian
dhani pancheran
dhani tetarwal
dhankoli
dhankya ki dhani
dhanla
dhanna ka jhonpara
dhannram ka bas
dhano
dhanol
dhanpura
dhansia
dhanur
dhaod
dhaolipal
dharampura
dharola
dhasania
dhattarwala
dhaulpur
dhavra
dhavra ka bara
dhawar ki jhonpari
dhawas
dherwali dhani
dhiawa
dhigal
dhigal ka bas
dhigaria
dhikola
dhindawa
dhingania
dhinkala
dhipri
dhirasar
dhirawali dhani
dhirdan
dhirera
dhiruwas
dhirwas
dhol
dhola ka gaon
dhola ki jhonpariyan
dholapani
dholerao
dholerao ki dhani
dholipal
dholpur
dhorimanna
dhuan
dhuan bari
dhuan chhoti
dhulet
dhurairi
dhurniyawas
dhwain
didhu
didwana
didwana
dig
digah
digaria
diggi
digod
digrana
dilaowala
dilwara
dingali
dioli
dipas
diwanji
dobaraibavdl ka jhonpara
dodiana
dodu
doduo
dogeta
dolanian ki dhani
dolara
dolatpura
doli
dolwa
dongargaon
dongorgaon
dora
doradas
dorana ki dhani
dorasar
dorra
doulai
dubbi
dubi
dudaberi
dudhali ki dhani
dudhara ki dhani
dudhi
dudu
dudwa
dudwa
dugari
dulaniya
dulchasar
dulchaser
dulhapura
dullapur kheri
dulrasar
dumasar
dumki
dumra
dunara
dundlodh
dungar singhpura
dungarpur
dungla
dungra
dungra chhota
dungrana
duni
duragpur
duragpura
durani
durani ka bas
durgapura
durgapura
durjana
duteri
eklingji
erinpura
eta
etawah
faruknagar
fatehabad
fatehgarh
fatehgarh
fatehpur
fatehpur
fatehpura
fatehpura
fatesara
fattehgarh
fazalpura
fedusar
firans ka bas
frans ka bas
gachhipura
gachipura
gadana
gadanian
gadegal
gadhai
gadoli
gadrio
gagarwas
gagos
gagrana
gagraon
gagraun
gaidasingh ki dhani
gaindoli
gainta
gairoti
gaitoli
gajadharpura
gajawas
gajesinghpura
gajipura
gajner
gajpura
gajpura
gajsar
gajsinghpura
gajusar
galgati
galiakot
galund
gamira
gamnan ki dhani
gamra ki pal
gamri
ganatpura
ganatpura
gandap
gandheli
gandhi bari
gandhigram
gandhigram
ganeshganj
ganeshganj
ganeshgarh
ganeshji ki dhani
ganeshjl ka jhonpara
ganeshpur
ganeshpura
ganganagar
gangani
gangapur
gangapur
gangapurio
gangasara
gangiasar
gangiasir
gangli
gangrar
ganor
ganpatpura
gantiali
gaonri
gaorisar
gaorni
gar
garabdenar
garakhera
garbor
gardhari
gardhari
gardher
garh
garh moran
garhi
garhi
garhi
garinda
garlamarla
garnara
garnia
garodiyan ki dhani
garohi
garrda
garsia
garsisar
garu
garwara
gatwala
gawalisar
gegha
genji
gersar
gesura
ghandawa
ghanerao
ghantiali
ghantiali
ghantiali
ghararu
ghardana kalan
ghardana khurd
ghasiram ka bas
ghasoli
ghat
ghata
ghatel
ghatiaoli
ghatol
ghatoli
ghatoli
ghatwa
ghatwari
gheura
ghona
ghotaru
ghulam aliwala
ghumansar
ghumansar khurd
ghura
giangarh
gijgarh
ginari
gingla
girab
girasar
girdharipura
girdharipura
girdharpura
girri
goanra
goanri
godara dhani
godu
goela
goelli
gogaji ki mari
gogasar
gogatia charnan
gogatia patta changai
gogunda
goje singh ki dhani
gokal ka bas
gokhari
gokulpura
gol
gol
golana
golari
golher
goliyawas
gollagar
golsar
goluwala
goluwali
gomewali
gondher
gondi
gondoch
gopalgarh
gopalgarh
gopaliyain ki dhani
gopalniwas
gopalpura
gopalpura
gopalpura
gopalpura
gopalpura
gopalpura
gopalpura ka bas
gopalsar
gopalsar
gopalsar
goplan
gorana
goras
gorau
gorawas
gordhanpura
gordhanpura
gordhanpura
goro
goru
gosunda
gotan
goth
gothan
gothan kalan
gothan khurd
gothiana
gothra
gothri
gotra
govindgarh
govindgarh
govindpur
govindpura
govindpura
govindsingh ki dhani
gowala
gowali
gubrenda
gudali
gudan
gudda
gudha
gudha
gudha
gudha
gudha
gudha
gudhawas
gudiwala magra
gudli
gugadi
gugal kota
gugalwa
gugan ki dhani
gugor
gujaron ki dhani
gujaron ki dhani
gujaron ki dhani
gujaron ki dhani
gujron ki dhani
gujron ki dhani
gulabpura
gulabpura
gulewalithali
guman
gumana ka tala
gumando
gumanpura
gundusar
gunga
gunta
gunwar
gura
gura
gurach
gurai
gurha
gurha
gurha
gurha
gurha andla
gurha bala
gurliya
gurnaoda
gusain ki dhani
gusainsar
gusainsar
gwala
gwalior
gyanaram ki dhani
habur
hadda
hadda
hadoti
hadyal
hainsasar
hajari bhairu ki jhonpariyan
hajipur
hakhasar
halena
hamir
hamira
hamirgarh
hamiri
hamiri ka bas
hamiri kalan
hamiri khurd
hamiri ki dhani
hamirkhan ka bas
hamirsingh ki dhani
hamirwas
hamirwas
hamirwas
hamirwas
hansalsar
hansasar
hansasari
hanslawas
hanumangarh
hanumanpura
hanumanpura
hanumanpura
hanutpura
har daswali
harasnath
harbanspura
hardesar
hardesar
hardhyanpura
hariadhana
hariara
hariasar
hariasar
harigarh
haripur
haripur bas
haripura
haripura
haripura
haripura
haripura
haripura ka bas
harisingh ki basi
hariyali
hariyali nadi
harji
harmara
harna
harnaoda
harnathpura
haroti
harpatsar
harpura
harrada
harsala
harsampura
harsampura
harsani
harsauli
harsawa
harsolav
harsoli
harsor
harsora
harsore
harwa
hathai
hathiana
hathida
hathod
hathusar
hatipura
hejampura
hemasar
hemawas
hemranwas
hemsingh ki dhani
henuta ki dhani
hetamsar
hetamsar ka bas
hetamsir
hidal
himmatgarh
himmatpura
hindaun
hindola
hindoli
hingoli
hingonia
hira ka bara
hira ki dhani
hirapura
hirasar
hirawa
hirji ki dhani
hisamki
hita
hodu
holaspura
hudas
hulaspura
hunathpura
hurra
huwaliya
iana
iklod
iktawarpura
indali
indana
indargarh
indaror
indasar
indawar
indoda
indrana
indranda
intali
intokiya ki dhani
inwara
irwa
isarda
ishar ki dhani
islampur
ismailpur
itoda
jabasar
jabrasar
jadan
jael
jaeru
jaesingsar
jaetasar
jagannath ki dhani
jagasar
jagatsiromanipura
jagatya
jagina
jagpura
jahazpur
jahru
jaichandpura
jaimalsar
jainagar
jaipur
jaipur city
jaipura
jairampura
jaisalmer
jaisindhar
jaisinghpura
jaisinghpura
jaitana
jaitaran
jaitasar
jaithal
jaitpur
jaitpur
jaitsiisariya
jaitsisar
jajaspura
jajawar
jakh
jakharo ka bas
jakhrawali
jakhri
jal ki jhonpariyan
jalara
jaleli
jaleli daikra
jaleu
jaleu
jalimpura
jaloda
jalor
jaloti
jalpahari
jalsenu
jaluwala
jalwali
jalwara
jamadar ki dhani
jamba
jambo
jamhuri
jamoli
jamrauli
jamroli
jamsar
jamwa ramgarh
janajat ki dhani
jane ki beri
janjeu
janjni
jannio
janoa
janpalia
jaola
jar ka nayagaon
jareli
jareli ka jhonpara
jaria
jarkhoda
jarol
jasana
jasasar
jasma
jasol
jasrapur
jasrapura
jasrasar
jasrasar
jassakhera
jasuntsar
jaswant singh ki dhani
jaswantgarh
jaswantpura
jatawas
jaton ki dhani
jatuwas
jatwara
jawaharnagar
jawaharpura
jawaharpura
jawaharsagar colony
jawai bandh
jawaja
jawar
jawarpura
jawas
jayapur
jesurana
jethana
jethana
jetpura
jeypore
jhab
jhai
jhajhariya
jhajju
jhak
jhak
jhalai
jhalamand
jhalawar
jhalra
jhalrapatan
jhalrapatan chhroni
jhalrapatan city
jhalrapatna city
jhamar kotra
jhanfli
jhaniriya ki dhani
jhanjheu
jhanjhot
jhanwar
jhar
jharbalapura
jhareli
jharol
jharol
jharwasa
jherli
jhilali dhani
jhilwara
jhirana
jhiri
jhonpra
jhunjhunu
jhunjhunun
jigsana
jigsanatal
jigsanatibba
jinakali
jindoli
jini
jinjbiniali
jinjhiniali
jiram ki dhani
jiram ki dhani
jirota
jisukh ka bas
jisukh ki dhani
jit ki dhani
jitawas
jiundesar
jivaram ki dhani
jiwan patel ki dhani
jiwanniwas
jobner
jodasar
jodasar
jodhpur
jodhpur city
jodiji ki dhani
jogalsar
jogiwala
jogiyon ki dhani
jogrias
jojasar
jokhasar
jolpa
jonewa ki dhani
jori
jugulpura
juliasar
julmi
junia
junia
jura
jusri
jyotipura
kabri
kabul ki jhonpariyan
kabuli
kachhaliya
kachhaliya
kachhipura
kachhota
kachnariya
kachola
kachriawas
kadera
kadio
kagdar
kagdar ki pal
kaimasar
kaimpsar
kairot
kairpura
kairu
kaiztori
kajara
kaji
kajuri
kakelao
kaklasar
kakor
kakora dhani
kakrala
kakreu kaian
kakreu khurd
kakroda
kaku
kakuri dhani
kala dera
kalabhata
kalakh
kalalia
kalan
kalandarpura
kalandri
kalanpur
kalasar
kale ki dhani
kaleran ka bas
kalgaon
kali pahari
kalias
kalinjara
kalinjra
kalipahari ki dhani
kallar
kalmanda
kalmande
kalora
kalot
kalot kalan
kalot khurd
kalpa
kalpuriya
kalri
kalu
kalu
kaluramwali dhani
kalusar
kaluwas
kalwar
kalwara
kalwas
kalyana dhani
kalyanpura
kalyanpura
kalyanpura
kalyansinghpura
kama
kamalpur
kaman
kaman
kameria
kanakpura
kanarwas
kanarwas ki dhani
kanasar
kanau
kanauj
kanch ki antri
kandiala
kanesan
kangar
kanhor
kanjar colony
kanjari silor
kanjarpura
kankani
kankarali
kankarali
kankarda
kankhi
kankroli
kanod
kanor
kanota
kanpura
kansar
kant
kantalia
kanti
kanwar ka bas
kanwara
kanwara
kanwara
kanwarpalsar
kanwarpura
kanwarpura
kanwarpura khurd
kanwas
kanwat
kaonla
kaonlesar
kaoria
kaparda
kapariyawas
kapasan
kapasi
kapasia
kapasin
kapren
kapurawala
kapuria
kapurisar
kapuriya
kar ki dhani
karai
karaiahai
karaiahat
karanpur
karanpur
karanpura
karanpura
karanpura
karara
kararkheri
karauli
karera
karesya ki dhani
kargajpur
karjana
karlu
karmawas
karna ka was
karna ka was
karnaota
karnesar
karnisar
karoni
karru
karsado
kartwas
karui
karunda
karundi
karundi
karunkia
karunkra
karwar
karwara
karwasir
karwasron ki dhani
kasaiyan ki dhani
kasar
kaser
kaserh
kasimpura
kasti
kasumbi
katewon ka bas
kathiya
katholi ki dhani
kathori
kathoti
kathumar
katoda
katumbar
kaunthal
kawa
kawai
kawarpura
kayamsar
kazitori
kedara
keharpura
keharpura kalan
kejar
kekind
kekralia
kekri
kelan devi
kelasar
keli
kelnor
kelwa
kelwad
kelwara
kelwara
kemra
keora
ker
kerai
kerap
keriya ka bas
kertasar
keru
kesala
kesardesar
keshopura
keshorai patan
keshripura
keshupura
kesiyawala
kethuda
kethun
ketu barabas
kevadua
khabha
khadot
khai
khairabad
khairla
khairpur madera
khairpur ranoka
khairu chhoti
khairu kalan
khajpur
khajpur naya
khajpura ka bas
khajuana
khajuri
khajuri
khajuria
khajwana
khakarti
khakhusar
khal
khamal
khamera
khamor
khana ka kuwa
khandela
khandela
khandhar
khandu
khandua
khangta
khanjrawas
khankhera
khanpur
khanua
khaonlisra
khapan
khara
khara lohan
kharbara
khareta
khari
khari
khari karamsotan
kharia
kharia
kharia
kharia
kharia malinath
kharia patawatan
khario
kharipur
kharkari
kharkhari
kharo
kharoi
kharra
kharro
khartha ki dhani
kharwa
khatawada
khatehpura
khatgarh
khatikhera
khatikhera
khatikon ki dhani
khatipura
khatipura
khatipura
khatiyon ki dhani
khatlyon ki dhani
khatoja ki dhani
khatoli
khatoli
khattu
khatu
khatu
khatu kalan
khatu khurd
khatwara
khawaspura
kheaoda
khebha ki dhani
khedapada
kheduli
khejar
khejarla
khejarli gaon
khejra
khejrauli
khema ki dhani
khemaj
khemu ki dhani
khera
khera
khera
khera
khera
khera
khera
kherapa
kheri
kheri
kheri
kheri
kherla
kherla ka bas
kheroda
kheruna
kherwa
kherwara
khetolai
khetolai mulvan
khetri
khiali
khichan
khichra ka bas
khichun
khikhania
khilchipur
khileriyan
khimsar
khimsar
khinala
khindasar
khinia
khinwara
khinwasar
khinyan
khirni
khisra ki dhani
khiunsar
khiwasar
khlnyan
khoaspura
khod
khoda
khoh
khojer
khojiyon ki dhani
khokha ki dhani
khono
khor
khorpa
khudana
khudani
khudaniya
khudero barp
khudero choto
khudiala
khudiyan
khudiyan bas
khuentiyan
khuiala
khuig
khuiula
khuiyala
khundala
khur
khur
khurar
khuri
khuri
kiamsir
kiar
kidwana
kirtan
kirwa ka jhonpara
kiryali
kisanpura
kishangarh
kishangarh
kishangarh
kishangarh
kishanpura
kishanpura
kishanpura
kishnasar
kishoripura
kishorpura
kishorpura
kithana
kivarli
koaria
kochariya
kodamdesar
kodar
kodaria
koela
koela
kohina
kolayat
kolia
kolipura
kolkhadoa
kolu
kolu
konsisar
korna
korta
kosalyon ki dhani
kosana
koselao
kosithal
koslu
kot
kot putli
kot qasim
kota
kota
kotah
kotah city
kothar
kothian
kotkhera
kotra
kotra
kotra
kotra
kotri
kotri
kotri
kotri
kotri
kuakhera
kuala
kuchaman
kuchaur
kuchawan
kuchchri
kuchera
kuchiyari
kudsu
kuinana
kuji
kulariyon ka bas
kulod kalan
kulod khurd
kulriyan ka bas
kumara ki dhani
kumarla
kumas
kumhariyan
kumharon ki dhani
kumharon ki dhani
kumher
kundallya
kundela
kundla
kunjer
kunt
kunwarawas
kunwarti
kurabar
kuran
kurasia
kurchi
kurgaon
kuri
kurka
kurki
kuruj
kurwa ki dhani
kushalpur
kushalpura
kusthali
kutabpura
kuwala
laban
lachharsar
lachhmangarh
lachhmangarh
lachhmangarh sikar
lachhmipura
lachmangarh
lachmangarh
lachora
ladasar
ladnun
ladpura
ladusar
lahariya
lahas
lahas kalan
lahas katan
lahsora
lakas
lakawas
lakha
lakhanwas
lakhasar
lakhasar
lakheri
lakhmana
lakho ki jhonpariyan
lakhora
lakhu
lakhusar
lakshminarayanpura
lakshmipura
lakshmipura
lalap
lalera
lalpur
lalpur
lalpur bara
lalpura
lalpura
lalpura
lalsar
lalsot
lalupura
lalya ka bas
lamakho
lamba
lamba
lamba bara
lamba gothra
lamba jatan
lamba pial
lambana
lambana bhatiyan
lambana mulvan
lambia
lampolai
lapundra
lapur bara
las
lasaria
lasrawan
laswari
lathi
latoti
lavera
lavera kalan
lawa
lawan
lewali
likhmisar
likua
lilera
lilon ki dhani
limri ki dhani
lipaoli
loa
loaria
lodha ka jhonpara
lodipura
lohari
loharia
lohariya
lohariya
loharwara
lohawat
lohiya
lohriya bagru
lohriya bagru
lohsana bara
lohsana chhota
lohsna
loicha
loil
lokhanda
lokhanda ki dhani
lolawa
lonch
lordi
losal
lotason ki dhani
lotwara
lowan
lqbalganj
luhara
luharu
luna
luna
lunar
lunava
lunawa
lunda
luni
luni junction
lunkaransar
lunsira
lutu
lutu
macheri
machilpur
machwa
madanganj
madansar ki dhani
madawara
madawas
madhopura
madhorajpura
madiali
madli
madri
maerawansar
maglana
maglona
mahajan
mahakhar
mahamandir
mahapura
maharadas
maharajpura
maharampura
mahatma
mahauwa
mahlan
mahlon ka bas
mahmudganj
mahodra
mahwa
mahwah
maila ka bharu
mairasar
mairh
mairpur
majal
majora ka jhorpara
makhar
makrana
makrasar
makundgarh
mala
malakhera
malara
malarna
malarna dungar
malasar
malesiya ki dhani
malhar
mali ka jhonpara
maligaon
malipura
maliram ki dhani
malisar
maliwara
maliya ki dhani
maliyan ki dhani
maliyan ki dhani
maliyon ka jhonpara
maliyon ki dhani
maliyon ki dhani
maliyon ki dhani
maliyon ki jhonpariyan
malkisar
malkisar chota
mallyon ki jhonpariyan
malo
maloni
malpura
malpura
malsar
malsisar
malsisar
maluani
malumpura
malwara
mamana
mamarkera
mamarkhera
manabhara ki dhani
manadar
manakhur
manaklao
manaparsar
manasar
manda
manda
manda
mandai
mandakla
mandal
mandal charan
mandalgarh
mandana
mandana
mandani
mandaora
mandaora
mandaori
mandar
mandau
mandavara
mandavari
mandawa
mandawar
mandawar
mandawar
mandawas
mandela
mandeli
mandera
mandewali
mandhan
mandi
mandli
mando
mando
mandoi
mandor
mandrael
mandri
mandwala
mane ka bas
mangal
mangala ki dhani
mangana
mangarwar
mangarwara
mangasar
mangiyawas
mangli kalan
mangli khurd
mangliawas
mangrol
mangrup
mangta
mania
maniwali
maniyawas
manjawan ki dhani
mankarasar
mankasar
manna
manohar thana
manoharpur
manoria
manpur
manpur
manpur
mansarampura
manuta
manuta ki dhani
maoli
maonda tarla
maragsar
marakpur
maramda
maripuriya
marla
marot
marot
maru ki dhani
marua
masisar
masuda
mataji ka jhonpara
matana
matasara
matawali dhani
mathania
mathna
mathranagar
matpar
matugamra
matundo
mau
mau
mau
mau
maujeramwali dhani
maujpur
maulasar
mauli
mavli
mavli junction
mawal
megalwa
meghana
meghsagarwali dhani
megsar
megsar
mehidpur
mehri
mehrun
meja
meli
melusar
melusar
mendwas
menhariyan
merasar
meri ka bas
merta
merwa
mewar
miajlar
mianwali
mikhala
mila ki dhani
milakpur
milan ki dhani
mina ki dhani
mina ki dhani
minawala
minawali dhani
miniari
mirampura
miran
mirchawas
mirnagar
miron
mirpur
mirzawala
misarpura
mitharia
mithri
mithri
mithria
mithriya
mitri
miya ka bas
miyakor
modran
moga
mogra
mogra kalan
mogra khurd
mohana
mohanpura
mohanpura
mohipura
mohwa kalan
moi
moi kalan
mokal
mokala
mokalsar
mokalsar
mokam
mokampur
mokhatra
mokheri
molania
momer
monnar
mor
moradha
morak
moras
mori
morja
morjhanda
morla
morra
morsim
mortaro
moruwa
motagaon
motai
motana dhani
motasur
motegora ka bas
motigarh
motipura
motisingh ki dhani
motpur
motuka
mount abu
mozamabad
mua
muglani
muhammadgarh
muhana
muhana ki dhani
muhar
mukandara
mukandpura
mukandwara
mukhab
mukhatra
muklawa
mummasar
munaba
munabao
munabo
munda
mundara
mundghasa
mundiya
mundsar
mundwa
mundwara
mungana
mungiasar
mungsaria
munikdesar
munjasar
munna ki dhani
munshipura
murhar
muria
musepur
myajlar
nachna
nadanpur
nadawali dhani
nadbai
nadi ki dhani
nadi ki dhani
nadigaon
nadol
naenwa
nagar
nagar
nagar
nagar khas
nagar mewa
nagardas
nagari
nagaur
nagaur marwar
nagelao
nagraj
nagrajsar
nagrasar
nahargarh
naharsingh ki dhani
naharsir
nahron ka bas
nai
naila
naina ka bas
nainasar
nainwa
naiwala
nakrasar
nal ka talav
nala
nalnad
nalnod
namana
namano
nana
nanakpuriya
nand
nand ka bas
nanda
nandauti
nandgaon
nandia
nandpura
nandra
nandrai
nangal
nangal jaisanbohran
nangal kalan
nangal khurd
nangli gujaran
nanosar
nanta
naorangdesar
napasar
naraina
naramagra
narasar
narayanpur
narayanpur
narayat
narera
narhar
nari
nari
nari ka bas
nari ka bas
narlai
naroli
narotampura
narsana
narsar
narsingh ka bas
narsinghpura
narsinghpura
narsinghpura
narsirro
narsro
narwa
narwar
nasera
nasirabad
nasrida
nasuma
natas
natau
nathawa
nathdwara
nathrau
nathusar
nathusar
nathwana
nathwara
natlalpura
naua
naugawan
naushehra
nautara
nawa
nawa tala
nawagaon
nawai
nawalgarh
nawan
nawatala
naya bardha
nayagaon
nayagaon
nayagaon
nayagaon
nayagaon
nayagaon
nayagaon ka jhonpara
nayasar
nayawas
nearan
nechwa
negaria
neprana talav
net
neta ki dhani
nethua
nethuo
nevata
nibli
nihalpur
nikum
nilkant
nilsar
nim ka khera
nim ka thana
nimach
nimaj
niman
nimanarayan
nimbahera
nimbal
nimbawa
nimbi jodhan
nimblana
nimbli vda
nimbod
nimbu tonk
nimera
nimera
nimora
nimrana
nimrasar
nimri
nimwali dhani
ninor
ninore
nipal
nipania
niraun
nirbana
nitharwala ki dhani
nithor
nithrana
niwaria
niwaru
nizampur
nizampura
nogama
nohar
nohor tehsils
noka
nokera
nokh
nokha
nokha
nokha mani
nokhamandi
nokhamandi
nokhra
nokhra
nonera
noriya
nosaria
nosario
nosra
nowa
nowganwa
nua
nuhand
nundpura
nuniya gothra
nuriala
nuwan
nyola
odania
odesar
odhanda
odho ki dhani
oghna
ojawali dhani
ojtu
olon ki dhani
oodeypore
orki
osao
osian
owan
pabuji maharaj ka dhora
pabusar
pachala
pachalia
pachar
pachar
pachbhadra
pachbhadra city
pacheri
pachhewar
pachpadra
padampur
padampura
padampura
padarri
padiv
padrara
padru
padu
padu kalan
padu khurd
paduna
padwa
paelas
paera
pagara
pahari
pahari
paji ki dhani
paji ki dhani bari
paka sarnoka
pakhalpuriya
pakhar
pakka sarnoka
pakkori ki dhani
pal
palai
palai
palaita
palaitha
palana
palasla
palasni
pali
pali
palias
palkan
pallu
palri
palri
palri
palri
palsana
panchala
panchla
panchla
panchla sidda
panchora
panchori
panchun
panchwa
pandasi
pando ki dhani
pandusar
pandusar
panhori
panidhal
panthariyon
panthariyon ki dhani
pantheri
panuva
panwar
panwar
paota
paparda
para
paraoli
paraoli
parasoli
parbatsar
pareora
parihara
parlia rajpura
parmawali dhani
paroli
parotji ka bas
parsad
parsola
parsoli
partabgarh
partabgarh
partapgarh
partapor
partappura
partapur
parvatsar
parwa
patamdesar
patan
patan
patan
patau
pataunda
pathena
pathoda
patiyalpura
patoda
patodi
patoli
patonda
patusari
patwa
payli
peit
pema bhambhi ki dhani
pemaramjat ki dhani
pempura
phadanpura
phagan
phagi
phagoriya
phalera
phalodi
phalodi
phalsund
pharat
pharod
pharrod
pherod
phinch
phojdaran ki dhani
phulan
phulbaroda
phulera
phulia
phulsar
phusanian ki dhani
phuttala
pi
pichanwa
pichgarain
pichkaraintal
pilani
pilap
pilauda
pilibanga
pilibangan
piliya
pilwa
pilwa
pindolai
pindwara
pipal ka bas
pipalda
pipalda
pipalda kalan
pipaliya
pipalkhunt
pipalkunt
pipalwara
pipalwara
pipalwasa
pipar
pipar road
pipar road junction
pipasar
piperan
pipla
pipla ki dhani
piplai
pipli
pipli
piplia
piplod
piplu
pirawa
pirota ki dhani
pisangan
pitampura
pithapura
pithawas
pithawas ki dhani
pithisar
pithorai
pitorai
poharwala
pokaran
pondlo
ponsisar
ponsisar
poti
potlan
pragpura
pranhera
pratabgarh
pratapgarh
pratapgarh
pratappura
premnagar
prempura
prithvisinghpura
pugal
pulasar
puna
punalsar
punaniyan ki dhani
punas
punasar
punawas
pundlu
pundrawas
punia ki dhani
puniya ki dhani
punja ki dhani
punja ki dhani
punjasar
punrasar
pur
purani basti
puraya ki dhani
purohiton ki dhani
pushkar
pyau
pyau
pyau
pyau
qasba ao
rabasar
radhaballabhpura
radhapur
radon ka bas
raepura
raghan kalan
raghu nathpura
raghunaihpura
raghunathgarh
raghunathpura
raghunathpura
raghunathpura
raghunathpura
raghunathpura
raghunathpura
raghunathpura
raghuvirpura
ragonathpura
rahawas
rahlana
rahmatpura
raiatunda
raikaon ki dhani
raila
raimalwara
raipur
raipur
raipur
raipur
raipur
raisar
raisinghnagar
raitoda
raj
rajaldesar
rajamathai
rajasar
rajasar
rajawas
rajgarh
rajgarh
rajgarh
rajisar
rajkot
rajkot
rajmahal
rajnagar
rajnagar
rajnagar
rajod
rajpura
rajpura
rajpura
rajpura
rajpura
rajpura
rajpura
rajrayal
rajsamand
raju ki dhani
rakhabh dev
rakhi
ralavta
ram deora
rama
rama
rama
ramchandraji ka khera
ramdeora
ramderia
ramdevra
ramenandpura
ramganj mandi
ramgarh
ramgarh
ramgarh
ramgarh
ramgarh
ramgarh
ramgarh
ramgarh
ramgarh jamwa
ramisar
ramjipura
ramla ka bas
ramlala
ramliali
ramnagar
ramnagar
ramnagar
ramnagar
ramnagar
ramniwas
ramniwas ki dhani
rampur
rampur
rampura
rampura
rampura
rampura
rampura
rampura
rampura
rampura
rampura
rampura
rampura
rampura
rampura
rampura
rampura ka bas
rampuro
ramra
ramrakh ki dhani
ramrawas
ramrawas kalan
ramsar
ramsar
ramsara
ramsen
ramsia
ramsingh ki dhani
ramsinghpura
ramsinghpura
ramsir
ramsira
ran
rana pratap sagar
ranao
ranasar
ranasar
ranawala
ranawas
randisar
raner
rangarri
rangarri
rangvilas
rani
ranigaon
ranipura
ranisar
raniwara
ranjitpura
ranpura
ransigaon
rapurio
rara ki dhani
ras
rasla
rasliani
rasmi
rasora
rasulpur
rata barda
ratangarh
ratanpura
ratansara
ratanshahr
raten
rathankara
rathkuria
ratholi
ratlai
ratonnagar
ratria
rattasar
rattusar
ratusar
raulia
rautha
rawar
rawasar
rawat bhatta
rawatbhaia
rawatbhata
rawatsar
rawatsar kujla
raylan
rayta
redana
redi
reengus
rehandri
rel
relawan
relmangra
ren
reni
reni
renibas
renwal
reodar
reodhar
rerwas
retano
retwala
rewas deora
rewasi
rewassa
rian
rian
ribia
richwa
rijani
rilmilsar
ringas
ringus
rir
rirkhila
rirri
rishanda
rivdi
rodhain
rohat
rohera
rohina
rohini
rohiranwali rathan
rohiranwali satharan
rohla
rojri
rokansir
rokha ki dhani
rol
rol
rol qazian
ronija
rora
rorawad
roshan
roshanda
roshanpura
rosia
rotan singh ki dhani
rud
rudaur
rudawal
run
rupa
rupaheli
rupalia
rupalsar
rupawali
rupawas
rupbas
rupji ki dhani
rupnagar
rupnagar
sabla
sabli
sabora
sabrampura
sabsar
sachu
sadasar
sadau
sadhan
sadhu ki dhani
sadolai
sadri
sadri
sadulgarh
sadusir
saera
saerakhera
sago ki dhani
sagthali
sagwara
sahar
sahara
sahidsar
sahran
saia dhani
saijarasar
saijasar
saila
sainthal
saio
saipura
saipura
saira
sajawalpur
sakargarh
sakhi
sakhun
sakna
sakna
sakrai
sakrampura
saladipura
salampur
salara
salarya
salasar
salasar
salawas
salemabad
salgiawas
salimabad
salimgarh
sallopat
salumbar
salwa
salwa khurd
sam
samalia
samandsar
samantri
samaspura
sambhar
sambhar lake
sambharwari
sambogarh
samda
samdari
samelia
samesra
samod
samode
sampura
sampura
samrau
samuja
sanali chati
sanawra
sanchor
sanchoti
sanderao
sandkotra
sandri
sandwa
sanet
sanganer
sanganer
sanganer town
sangar
sangasar
sangesra
sangod
sangramganj
sangrampura
sanjriya
sanju
sankarda
sankhna
sankhu
sankhun
sankhwai
sankhwas
sankli
sankra
sankwali
sannatia
sanpla
sanswati
santhali
santiawas
sanu
sanvalpura
sanwar
sanwara
sanwrad
sapotra
saptija
sar
sara
saradhna
sarahbas
saran
saran
saran ki dhani
sarana
sarang ka bas
sarangpura
sarangpura ki dhani
sarangsar
sarbari
sardar singh ki dhani
sardargarh
sardargarh
sardarpura
sardarpura
sardarpura
sardarpura
sardarshahr
sardi
sarera
sareri
sari
sarima
saringsar
saripipli
sarka jhonpara
sarkari tala
sarkari tara
sarli
sarola
sarola kalan
sarola khurd
saroli
sarra
sarsar
sarsod
sarthal
sarunda
sarupsar
sarvan ki jhonpariyan
sarvar
sarwan
sarwar
sarwar
satangar
sathana
sathin
sathon
sathro
sati
sati
sati
sati
sati
sati
sati
satianda
satiko
satjanda
satkhejari ka jhonpara
sato
satola
satur
satwara
satwara
saubha ka bas
sawa
sawai madhopur
sawal jaisinghpura
sawar
sawar
sawarda
sayadan ki dhani
sayana
seba
sedh
seeswali
sehi
sehot
sekisar
selwara
selwasan
semari
semarkhia
sembal
semli
semli
semlia
sena
sendra
seora
seriska
serpura
serro
seruna
serwali
seura
sevki khurd
sewa
sewa
sewar
sewara
sewari
shahabad
shahabad
shahgarh
shahjahanpur
shahpura
shahpura
shaikhsar
shaitrawa
shambhugarh
shambhupuriya
shampur
shampura
shampura
shampura
shampuro
shankarpura
shekasur
shekhawas
shelo
sheo
sheodaspura
sheoganj
sheoki
sheoki kalan
sheoki khurd
sheopura
shepuragarh
shergarh
shergarh
shergarh
sheriala
sherolkhara
sherpur
sherpura
shetrawa
shikarpura
shimla
shiv
shivpur
shivpura
shivshakti ka khera
shokla
shopura
shora
shri dungargarh
shri mohangarh
shrinagar
shrinagar
shringarpura
shrirampura
shyami sehi
shyampura
shyampura
shyampura
shyamu
siambar
siana
siani
siasar
sidmukh
sidmuth
sidrias
sihar
sikar
sikri patti
silanwad
silarpuri
silor
sindari
singar
singautakhera
singhana
singhniwas
singoli
singpura
singrasar
singrawat
sinsini
sinta
sinti
sinwa
sinwar
sir muttra
sira
sirani
sird
siriari
sirohi
siroli
sirsala
sirsali
sirsi
sirsi ki dhani
sirwa
sirwa
siryasar
siryasar ka bas
sisian
siswali
sital
sitamata
sitapura
sitapura
sithal
siwana
siwarh
sobasar
sodakor
sohagpura
sohan
soila
sointhra
sojat
solana
som
somalsar
somalsar
somara
somasi
somna
somran
somsisar
sonali bari
sonasar
sone ka gurja
soniand
soniasar
sonri
sonthia
sonwara
sorani
sorsan
sovrani dhani
sowar
sri amarpura
sri bradria
sri dungargarh
sri ganganagar
sri karanpur
sri kolayatji
sri madhopur
sri mohangarh
sri sardarpura
sriganga najar
srinagar
srirampura
rajasthan
sui
sujangarh
sujanpura
sujanpura
sujio
suke
suket
sukhchainpura
sukhiya
sukhpura
sukhram ka bas
sukhwasi
sulkia tala
sultan
sultana
sultanpur
sumar
sunara
sunarli ki dhani
sundani
sundarpura
sundni
sundo ka bas
sundra
sundriyawas
sunel
sunel
sunel chhoti
sunwar
sunwasa
surajgarh
surajrolo
surana
suratgarh
suratpura
suratpura
surawala
suri
surjansar
surjansar
suroth
surpalia
surpura
surpura
surpura khurd
sursara
surti ki dhani
surujpura
sutara
sutlana
swami ka bas
syalu bara
syalu chhota
syanathpura
syawata
syopura
syorampura
tadana
tahindesar
takhatgarh
takla
takla
tal
talaiwali dhani
talao
talao
talaora
talara
talavgaon
talera
tali
talniau
talwara
talwas
tambesra
tamkor
tanaora kalan
tanbesra
tankla
tanot
tantoti
tantuti
tantwas
taonra
tapra
tapukrah
tar ka khera
tara ka bas
taraj
taranagar
taranau
tarawala kuan
tarawat
tatapur
tatarpur
tatarsar
tathato
tehla
tejala
tejana bas
tejmalan ki dhani
tejrawa
tekan
tekra
teliwara
teloria
tena
teori
thakarda
thakron ki jhonpariyan
thalera
thali
thaliyan
thaliyan
thana ghazi
thana kasba
thana qasba
thaola
thapan
tharaoli
thari
thari
thariyasar
tharoli
tharusar
that
thata
thichali ki dhani
thicholi
thikarda
thikaria kalan
thikrid
thikriya
thimau bari
thirana
thiriasar
thirpali bari
thirpali chhoti
thob
thob
thoi
thokrawas
thori
thotya
thumba
thumli
thun
thur
thur
tibbabhalau
tibi
tibra ki dhani
tidiasar
tidiasar
tidiyasar
tijara
tika ki dhani
tikar
tikhawara
tilali ki dhani
tilarwan
tilas
tilonia
tiloria
tilwara
tirath
tirpal
tirpar
tiwariwala
toda bhim
toda ka gothra
toda ka gothra
toda raisingh
todarasingh
todgarh
togawas
toker
tola sehi
toliasar
tonk
tonk city
tordi
tosina
trak ki jhonpariyan
trishuliya
tukrai
tunga
tunkra
tuntili
uchen
udaipur
udaipur
udaipur city
udaisingh ki dhani
udana
udasar
udasar
udasar
udepur
udera
udera
udit
udka
udpura
udramsar
udrasar
udwas
uguni dhani
ujlan
ulela
ulera
umaid sagar
umar
umarlai
umarthuna
umed
umed sagar
umednagar
umedpura
umpura
umrach
unchamagra
unchpadra
undithal
undu
uniara
uniara
untala
unti
uperro
upni
urasar
urika
ursar
ursewa
utarni
uttarasar
vaed
vano
vasoda ki dhani
vicchio
vijaniyan ki dhani
vijaygarh
vijyanai ka bas
vinjorai
virhathad
wagidora
warispura
warman
wasa
watka
wazirpur
weir
wekria
wer
wikaria
zawal
zawar
zorawerpura
abdullapuram
abhiramapuram
abiramam
acharapokam
achcharapakkam
adamankotta
adamankottai
adambakkam
adanakkottai
adanur
adanur
adirampatnam
adirampattinam
adirangam
aduturai
adyar
agaram
agaram
agaram
agaram
agastiampalli
agastiswaram
agastyampalli
akkammapettai
alagapuram
alagiapandipuram
alamadi
alandoor
alandur
alandurai
alanganallur
alangayam
alangiem
alangiyam
alangudi
alangulam
alapakam
alapakam
alappakkam
alattur
alatur
alinjivakkam
aliyabad
allinagaram
alliyabad
alvar tirunagari
alvurkurchi
alwar tirunagari
alwarkurichchi
alwarpet
amanambakkam
amarambedu
amaravathi
amaravati
ambagarattur
ambalasamudram
ambasamudram
ambassamudram
ambattur
ambattur
ambatturai
ambur
aminjikarai
amir mahal
ammani chattram
ammanitchatram
ammapatam
ammapatnam
ammapattinam
ammapet
ammapettai
ammapettai
amudur
anaimalai
anaimalais
anakaputtur
anamalai
anamalainagar
anchetti
andevanahalli
andimadam
andimatam
andippatti
andiyur
angadu
anikkaranchattram
anna nagar
anna nagar west
annamalai
annamalainagar
annavasal
annur
anumanandal
appananallur
appavoo nagar
arakkonam
aramaganori
arambakam
arambakkam
aramboli
aramboly
arani
arantangi
aranvayal
arasankalani
arasapallipalaiyam
arasur
aravakkurichchi
aravandadu
aravanghat
aravankadu
arcot
arimalam
ariyakundu
ariyalur
ariyappancheri
arkonam
arni
arrantangy
arumbakkam
arumbakkam
arumbavur
arumbvur
arumuganeri
arunachaleswaranpet
aruppukkottai
aruvankadu
ashok nagar
atangulam
athimanjeripet
atirampattinam
attani
attayampatti
attayyampatti
attimanjeri
attippadi
attippattu
attirampattinam
attur
attur
aumaraubaudi
avadaiyarkovil
avadi
avadiyarkoil
avalurpet
avanashi
avanashipalaiyam
ayakkudi
ayakudi
ayalcheri
ayanavaram
ayattur
ayyampalaiyam
ayyampettai
ayyanapuram
ayyanthopu
azhagiapandipuram
azhagiri nagar
azhakiapandipuram
bagalur
balaji nagar
ballurpettai
banavedutottam
bangarampettaichori
barathidasan nagar
bargur
barguru
basin bridge
basuvanpuram
batrahalli
belukkurichchi
belukurichi
belur
bennari
berikai
besant nagar
bhavanagiri
bhavani
bhimunitope
bhutapandi
bhuvanagiri
bikkatti
binakanahalli
bliuvanagiri
bodinayakanur
bodinayakkanur
budalur
cannanpalaiyam
cape comorin
chaeur
chattrappatti
chelavaram
chengalpat
chengalpattu
chengam
chennai
chennapatnam
chennapuri
chennimalai
chepauk
cherambadi
cheranmahadevi
cherian nagar north
cherian nagar south
chetpat
chetpet
chetput
chetput
chettikulam
chettipalaiyam
chettipalayam
chettippattu
cheyur
cheyyar
cheyyur
chidambaram
chingleput
chinmaya nagar
chinna dharapuram
chinna salem
chinnakudal
chinnamanur
chinnammanur
chinnasekkadu
chintadripet
chitdambaram
chittambalam
chittamur
cholapuram
cholavandan
cholavaram
choolai
choolai medu
chromepet
chrompet
chunampet
chunampettai
cikal
coilnapatam
coimbatore
comorin
conjeeveram
conjevaram
conjeveram
coonoor
courtalam
courtallam
covelong
cuddalore
cuvaimalai
dalavaypattanam
dalavoipatnam
dandei sivaram
danishpet
dasampatti
dasiripuram
daulatabad
denkanikota
desur
devadanapatti
devadanappatti
devakapuram
devakottai
devala
devandavakkam
devarkulam
devarkulara
devikapuram
devipatam
devipattana
devipattanam
devipattinam
devlkapuram
dhali
dhanushkodi
dharapuram
dharmapuri
dhundgal
dimbam
dindigul
doctor radhakrishna nagar
doctor radhakrishna nagar south
doctor vijayaraghavulu nagar
donnakuttahalli
doveton
dundigal
durga nagar
dusi
eagangipuram
edirkottai
edmpalaiyam
egmore
ekkattuthangal
elananasur
elandacheri
elandangudi
elavanacur
elavanasur
elavansur
elayirampannai
ellaturu
elumalai
embal
enadi
ennore
ennur
eppodumvenran
eral
eranavur
eraniel
erayu
eriyodi
eriyodu
erniyur
erode
erukkancheri
erukkandurai
erumaippatti
erumaivettippalaiyam
esanai
ettaiyapuram
ettapur
fort
fort dansborg
fort saint david
gaingundaun
gandamanayakkanur
gandarvakottai
gandharvakota
gandhi nagar
gandhinagao
ganesapuram
gangaikondan
gangaikondapuram
gangalkondan
gangavalli
george town
gettavadi
gingee
gobichettipalaiyam
gobichettipalayam
gobichettipalyam
golden rock
gopalapuram
gopichettipalaiyam
grace garden
gudalur
gudalur
gudalur
gudimangalam
gudiyattam
gudraippattu
guduvancheri
guindy
gummidipundi
gummudipundi
gunduperumbedu
guruvayal
guruvegowdanhundi
guruvegowdenhundi
harur
honnekere
hosur
ichchiputtur
idaiseval
idaiyakottai
idaiyankudiyiruppu
idappadi
idindakarai
idingikari
ikkadu
ilaiyankudi
ilaiyarasanendal
ilampalli
ilampillai
ilangakkurichchi
ilattur
ilayangudi
illuppur
iluppur
indira nagar
indur
iraiyanaraiyur
iraiyur
irugur
irumbedu
irumeni
irundai
irungattukottai
isanattam
jaffarkhanpet
jagadapatnam
jagadevi
jagadevipalaiyam
jalakandapuram
jalakantapuram
jalarpet
jambuli
jawaharnagar
jayamkondacholapuram
jayankondacholpuram
jeeva nagar north
jeeva nagar south
jolarpettai
juindy
kachchirayapalaiyam
kadaiyam
kadaiyanallur
kadaladi
kadaladi
kadalkudi
kadambattur
kadambatur
kadambur
kadattur
kadatur
kadavur
kadayam
kadayanallur
kadiyampatti
kadungaiyur
kaikalapettai
kailidaikorichchi
kakkamuli
kaklur
kalakad
kalakkadu
kalapettai
kalasapakam
kalasapakkam
kalavai
kalaval
kalial
kalikumarapuram
kalkadambur
kallakkurichchi
kallal
kallamchavadi
kallapet
kallidaikurichchi
kalligudi
kallimandayam
kallimanthayam
kallimodu
kallupatti
kalpakkam
kalpakkan
kalugumalai
kalugumali
kamanaickanpalaiyam
kamanayakkanpalaiyam
kamaraja nagar
kambam
kambar nagar
kambu
kammankatteri
kamudi
kamuti
kanadukathan
kanadukattan
kanatu
kanatukattan
kancheepuram
kanchipuram
kandigai
kandigai
kandili
kandiramanikkam
kandivalli
kandlramanikkam
kandramanikam
kandur
kangareddikuppam
kangayam
kaniyambadi
kanjippuram
kannadiyanpalaiyam
kannandahalli
kannandahally
kannanur
kannanur
kanniakumari
kanniyakumar
kanniyakumari
kanyakumari
karai
karaikkudi
karaikudi
karakkamangal
karamadai
karambakkudi
karambakuduy
karanguli
karasangal
karatholuvu
karattoluvu
karayur
kariapatti
karimangalam
karivamangalam
kariyamangalam
kariyapatnam
kariyapatti
kariyapattinam
kariyapattinam
karukkampundi
karumattampatti
karumbakham
karumbakkam
karunanidhi nagar
karungalpatti
karungulam
karunguli
karuppur kodali
karupput kodali
karur
kasturiba nagar
katpadi
kattampatti
kattivakkam
kattrivedu
kattumavadi
kattupputtur
kattuputtur
katumavadi
katuputur
katyanakuppam
kaumuri
kavanur
kavaraipettai
kavarapettai
kaveripak
kaveripatnam
kaveripattanam
kaveripattinam
kaverippattanam
kavundapadi
kavundappadi
kavvur
kayalpatnam
kayalpattinam
kayalpatuam
kayatar
kayattar
keelamangalam
kelamangalam
kelambakkam
kelamnagalam
keranaipudchcheri
kil
kil kundiyar
kil valur
kilachcheri
kilacheri
kilaiyur
kilakarai
kilakari
kilanjini
kilanjunai
kilanu
kilcheri
kiliyanur
kilkattalai
kilmangalam
kilpadappai
kilpaluvur
kilpauk
kilpauk garden
kilvelur
kilvelure
kinattukkadavu
kirambur
kiranur
kiranur
kiranur
kivalur
klaniunai
kodaikan
kodaikanal
kodambakkam
kodanad
kodanadu
kodandaramaswami
kodangiyur
kodigeri
kodikulam
kodiyakkarai
kodumudi
kodungaiyur
kodur
koilnattam
koiloor
koilpatti
koimbatore
kolachel
kolakambe
kolapakkam
kolinivadi
kolinjivadi
kolkai
komagambedu
komaleeswaranpet
komarakshi
komaratchi
komattiyur
kombai
kombu
komebai
konalur
kondakarainattam
konganapuram
konnur
koothanallur
koppur
koradachcheri
koradacheri
korampallam
korathru
korattur
korattur
korkai
korukkpet
korukkupet
kosappur
kosavanpalaiyam
kotagiri
kotapatam
kotapilli
kothawal chavadi
kotivakkam
kottagudi
kottaipatnam
kottaippattanam
kottaiyur
kottamangalam
kottampatti
kottampatty
kottapattinam
kottappatti
kottur
kottur
kottur
kotturpuram
kovai
kovakulam
kovalam
kovilancheri
kovillur
kovilnattam
kovilpatti
kovilur
kovilur
koyambattur
koyambedu
koyamuttur
krishnagiri
krishnampet
kudalur
kudangulam
kudavasa
kudavasal
kukkal
kulakambai
kulasegaram
kulasekarapatnam
kulasekharam
kulasekharapatnam
kulathur
kulattur
kulattur
kulattur
kulittalai
kullakamby
kullanchavadi
kullattur
kullichettippatti
kumaralingam
kumaran nagar
kumarasamy nagar north
kumaraswamy nagar south
kumbakonam
kundadam
kundal
kunnattur
kunnattur
kunnatur
kuppam
kurichchi
kurinjipadi
kurinjippadi
kurralam
kurukkuchalai
kurukuchalai
kurumandur
kuruvimedu
kusapet
kuttalam
kuttalam
kuttambakkam
kuttanallur
kuttankuli
kuttankuli
kuttapuli
kuttaputi
kutti paracheri
kuvathur
kuvattur
kuzhithurai
kuzhittura
ladapuram
lalgudi
laligam
latteri
lluppur
machiurani
madambakkam
madattukkulam
madavakam
madavaram
madhavaram
madipakkam
madras
madras
madras chetput
madras egmore
madras mylapore
madras nungambakan
madras perambur
madras rayapuram
madras saint thomas mount
madras thyagarayanagar
madras triplicane
madras vepery
madraspatnam
madukarai
madukkarai
madukkur
madura
madurai
maduraivayal
madurantakam
magaral
mahabalipur
mahabalipuram
mahadevi
mahapalipuram
maharajagadai
mailore
makkalpudur
malaipattu
malaiyadivaram
malaiyadvaram
malaiyandipattanam
malaiyur
malayampalaiyam
mallankuli
mallapuram
mallasamudram
malliakarai
mallipatnam
malliyakarai
mallur
mamallapuram
mamandur
mambakkam
mambalam
manali
manali
manalurpet
manalurpettai
manamadura
manamadurai
manamalkudi
manambedu
manamelkudi
manapad point
manaparai
manappadu
manappakkam
manapparai
manapuram
manavalakurichi
mandalamanikkam
mandapam
mandaparai
mandapparai
mangalam
mangalam
manimangalam
maniyachchi
maniyachi
manjambakkam
mannady
mannargudi
mannargudi
mannivakkam
mannur
manthaiveli
manuppatti
manur
manur
manuru
marakayarpatnam
marakkanam
marandahalli
marandahally
markanum
marungapuri
marutadu
masinigudi
masnigudi
matattuppatti
mathurai
mattagiri
mattigiri
mattur
maunur
mayanur
mayavalasa
mayavaram
mayaveram
mayuram
meddappakkam
meenakshiammanpet
megnanapuram
mehtanagar
mel marudur
mel mattur
mel nilidanallur
mel pakkam
mel palaiyam
melai citamparam
melapalaiyam
melappalaiyam
melkandigai
melmandai
melmarudun
melpadi
melpatti
melpedu
melur
menambedu
merkanam
merpati
mettupalaiyam
mettupalaiyam
mettupalaiyam
mettupalayam
mettuppalaiyam
mettuppalaiyam
mettuppalaiyam
mettuppalaiyam
mettuppalaiyam
mettur
mettur
meyyur
mimisal
minakshiammanpet
minjur
mochiurani
mohanur
moolakadai
moranam
morappur
mottur
mudichchur
mudukarai
mudukulattur
mudukur
mudumalai
mugaiyur
mugalivakkam
mukhdwaram
mulacheri
mulaikaraipatti
mulaikkaraippatti
mulanur
mullam
mundiyambakkam
mungalum
munradaippu
murtinayakkanpatti
musiri
muthialpet
muthuragunathapattam
muthuragunathapattanam
muttamtura
muttapet
muttathoor
muttattur
muttupet
muttupettai
muttur
mutturamalingapattanam
mutupet
mylapore
naduvakkarai
naduvankarai
naduvattam
naganathasamudram
nagapatinam
nagapattinam
nagappattinam
nagar
nagavedu
nagercoil
nagore
nakkaselam
nakkaselem
nalambur
nallur
nallur
namagiripetai
namagiripettai
namakkal
nambiyur
nambutalai
nandambakkam
nandanam
nangambaukam
nangavalli
nangavelli
nanguneri
nanmangalam
nannilam
nanniyur
naravanikuppam
naravarikuppam
nattakoltippai
nattam
nattarasankotal
nattarasankottai
nattarev
natteri
navalar nedunchezian nagar
navalur
nayinarkovil
nazarathpuram
nazareth
nedumbalam
nedumbalamn
negapainttam city
negapatam
negapattinam
nehru nagar
neiveli
nellakota
nellakotta
nellikkuppam
nellikuppami
neman
nerinjipettai
nerinjippettai
nerkunram
nesapakkam
neykuppai
neyvasal
neyveli
neyveli
neyveli
neyyur
nidamangalam
nilakkottai
nodlur
nungambakkam
nungambaukum
nuttam
odiyattur
odugathur
odugattur
olakkur
olakur
omalur
ongur
onnapuram
onnupuram
oorgaum
oossoor
ootacamund
ooty
opattur
oragadam
oragadam
orattanad
orattanadu
otacamund
otapidaram
ottappidaram
otteri
ottiyanbakkam
ovari paravarnattam
pachal
pachchal
pachchalur
pachur
padalam
padalur
padiahallur
padiyanallur
padiyur
padmanabha nagar
padmanabhapuram
pagalmedu
paganeri
pakkam
pakkam
pakkam
pakkipuram
pakkupettai
palaiya ayakkudi
palaiyamkottai
palaiyar
palaiyarai
palakkodu
palakod
palamcottah
palamedu
palamkotta
palani
palavanatham
palavanattam
palavantangai
palavedu
palaverkadu
palaverkfidu
palayamkottai
palayankottai
palladam
pallapatti
pallappatti
pallattur
pallatur
pallavaram
pallijkarani
pallikonda
pallikondai
pallipat
pallipattu
pallipatu
pallippatti
palni
palur
paluvur
pamban
panaikkudi
panapakkam
panchapalli
pandalkudi
pandalur
panjapalle
panjappatti
pannivakkam
panruti
panthalgudi
papanasam
papanasam
papireddipatti
papireddippatti
pappambadi
pappanad
papparapatti
papparappatti
paramagudi
paramanandal
paramati
paramatti
paramatti
parangimalai
paranginealai
parasala
parassala
park town
parsewakam
parthibanur
partibanur
paruttippadu
paryur
pasumalai
patchur
pattalur
pattanur
pattukkottai
pavanasi
pavur chutram
pavurchattram
pechipara
pedappai
pedda nayakkanpalaiyam
peddanaikenpet
peelamedu
pennadam
pennagaram
pennalur
pennalurpet
pennalurupet
pennathur
pennattur
peraiyur
perambalur
perambur
peranamallur
peranambattu
peranampattu
perani
peravallur
peravurani
peravurni
periamet
periapoliam
periathullay
perinjambakkam
periya talai
periyakudal
periyakulam
periyanaikanpalayam
periyanayakkanpalaiyam
periyanegamam
periyapalaiyam
periyapatti
periyar
periyar nagar
pernambut
perumalamalai estate
perumalmalai
perumanallur
perumbakkam
perumbalai
perumber
perunali
perundurai
perundural
perungalur
perungavur
perungudi
perunkalattu
perur
peruvaindan
peruvalndan
pettai
pidagam
pilamedu
pillappakkam
podanur
podanur junction
pollachi
polur
pondur
ponnai
ponnal
ponnamaravathy
ponnamaravati
ponneri
ponniammanmedu
ponpadi
poodoocottah
poompuhar
poonamallee
poraiyar
porayar
porto novo
porur
pottanur
poyyappatti
pudu chattram
pudu vannarpet
puduchattiram
pudukattai
pudukkottai
pudukotah
pudupadi
pudupalaiyam
pudupet
puduppadi
puduppatti
pudur
pudur
pudur
puduvayal
pugalur
pulavadi
puliantope
puliarai
pulicat
pulivalam
puliyangudi
puliyankudi
puliyara
puliyur
puliyur
puliyur
pullambadi
pullampadi
punjai
punjai puliyampatti
punjur
punnapakkam
purasavakam
purasavakkam
purasawalkam
pursavakam
pushpagiri
puthanatham
putlur
puttan taruvai
puttanattam
puvandi
pykara
radhapuram
raja annamalaipuram
rajakilpakkam
rajamatam
rajapalaiyam
rajapalayam
rajapuram
rajasingamangalam
ramanathapuram
ramancheri
ramanjeri
ramanthapuram
ramapuram
ramaswamipatti
ramesvaram
rameswaram
ramnad
rangampettai
rangarajapuram
ranipet
ranippettai
ranjangudi
rasipur
rasipuram
rayakotta
rayakottai
rayapuram
reddipalaiyam
riacotta
rishivandiyam
rishivandryam
royapettah
royapuram
sadaiyankuppam
sadras
sadurangapattinam
saidapet
sainigunta
saint thomas mount
saint thomas's mount
saiyidapettai
sakkanurani
salem
saligramam
samalpatti
samattur
samayanallur
samayapuram
samburvadakara
samudram
san thome
sanarapaiaiyam
sanarpatti
sandras
sanjivarayanpet
sankaranainer koil
sankaranayinarkovil
sankaranayinarkovyil
sankarankovil
sankari drug
santhi nagar
saptur
sarkar valavandi
sarugani
sathiya moorthy nagar
sattankulam
sattivedu
sattur
satyamangalam
satyamurti nagar
satyavedu
sayalgudi
sayalkudi
sayarpuram
sayidabad
sedarpalaiyam
sekkadi
sekkadu
selaivayal
selaiyu
selam
sembatti
sembedu
sembiem
sembivam
sembiyam
sendamangalam
sendamaram
sendamarani
sendurai
sendurai
sengippatti
sermadevi
settippattu
settippattu
settupakkam
settur
sevalpatt
seven pagodas
seven wells
sevur
sevvalpatti
sevvappettai
seydunganallur
shastri nagar
shencottah
shenoy nagar
shiyali
sholavandan
sholinghur
sigaiahalli
sigalahalli
sikkal
sikkil
sikkil
sikkle
sindupatti
singanallur
singaperumalkoil
singaperumalkovil
singapperumalkovil
singara garden
singarapetai
singarappettai
sinnservadi
sirkali
sirkazhi
siruganur
sirumugai
sirumugal
siruppanahieri
siruseri
siruvachchur
siruvachur
siruvaliur
siruvallur
siruvallur
siruvallur
siruvalur
sithampundi
sittambakkam
sittampundi
sittodu
sittukkadu
sivaganga
sivagiri
sivagiri
sivakasi
sivalapperi
sivanvayal
sivaram
sokkanallur
solankuppam mel
solavaram
soliacoory
soliyakkudi
somanur
sowcarpet
srimushnam
srimushnum
srinagar
sriperumbubur
sriperumbudur
srirangam
srivaikuntam
srivilliputtur
madras
tamil nadu
suchindram
sulagiri
sulur
sundarapandianpatnam
sundarapandiyanpattanam
sunnambukkulam
sunnambukulam
surakkottai
suramangalam
surandai
surappattu
suryanallur
swamimalai
sydapet
taingapatam
taiyur
takkolam
talabur
talai
talainayar agraharam
talaivasal
talaiyotho
talaiyutho
talaiyuthu
talaiyuttu
talamalaippatti
talanallur
talavadi
talavapatti
talayapettai
tallakulam
tamarakarai
tambaram
tamil nadu
tamilagam
tamiland
tamilnad
tamishagam
tamizgham
tamizhagam
tammampatti
tamulinadu
tandalam
tandarai
tandarambattu
tandarampatti
tandiarpet
tandikkudi
tandurai
tangachchiyammapatti
tanipadi
tanippadi
tanjavur
tanjor
tanjore
taramangalam
taramani
tarangambadi
taruvaikkulam
tattakarai
tattayyangarpettai
tawarum
tayampalaiyam
tayampalayam
tellar
teni
tenkasi
teruchuli
tevaram
teynampet
teynapet
thaiyur
thalanayar
thamizhagam
thanjavur
thathankuppam
thattan kolam
theagaraya nagar
thekkadi
therumanur
thirukkannapuram
thirumalavasal
thirumangalam
thiruninravur
thiruparangundram
thirupparankundram
thiruvaiyaru
thiruvalanchuli
thiruvallarai
thiruvarur
thiruvellarai
thodhunter nagar
thoothukudi
thoputorai
thousand lights
thyagaraya nagar
tindivanam
tindivangam
tinnanur
tinnevelli
tinnevelly
tinnevelly junction
tirmium
tirnvalur
tirruvannamalai
tirtamalai
tirttakkarai
tirttamalai
tiru indalur
tiruchchendur
tiruchchinappalli
tiruchchirappalli
tiruchendur
tiruchengodu
tiruchi
tiruchirappalli
tiruchuli
tirugattukottal
tirukalikundram
tirukattupalli
tirukkadaiyur
tirukkalikkunram
tirukkandalam
tirukkannapuram
tirukkattuppalli
tirukkovilur
tirukkoyilur
tirukkurungudi
tirukkuvalai
tirukurungudi
tirumangalam
tirumangalam
tirumanur
tirumarutur
tirumayam
tirumbur
tirumeshi
tirumudipakkam
tirumullaivasal
tirunallur
tirunamanallur
tirunelveli
tirupalakudi
tirupalathurai
tirupanandal
tirupapullyur
tiruparankundram
tiruporur
tiruppalaikkudi
tiruppalaikudi
tiruppanandal
tiruppappuliyur
tirupparaithurai
tirupparaithural
tirupparaltural
tirupparangunram
tirupparankunram
tiruppattur
tiruppatur
tiruppiraitturai
tiruppirambiyam
tirupporur
tiruppullani
tiruppullany
tiruppundi
tiruppur
tiruppurampayam
tiruppuvanam
tirupundi
tirupur
tirur
tirurageswaram
tirurageswaram
tirutani
tiruttangal
tiruttani
tirutturaippundi
tiruturaipundi
tiruvadaimarudur
tiruvadamarudur
tiruvadanai
tiruvadi
tiruvadur
tiruvaikavur
tiruvalanculi
tiruvalanjuli
tiruvallam
tiruvallarai
tiruvallur
tiruvalur
tiruvamiyur
tiruvancode
tiruvankod
tiruvanmiyur
tiruvannamalai
tiruvarur
tiruvattiyur
tiruvattiyur
tiruvdanai
tiruvellarai
tiruvellavayal
tiruvellore
tiruvengadam
tiruvengadu
tiruvennanallur
tiruvenneynallur
tiruvetipuram
tiruvettipuram
tiruvidaimardur
tiruvidaimarudur
tiruvilandur
tiruvilanthur
tiruvottiyur
tiruvuttarakocamankai
tiruyamiyur
tisaiyanvilai
titachery
titagudi
tittachcheri
tittagudi
todukkadu
togamalai
toludur
tolur
tondi
tondiarpet
topputturai
tottikalai
tottiyam
tovarankurichchi
toveramkurchi
trankebar
tranquebar
tribhuvanam
trichinapalli
trichinopoli
trichinopoly
trichy
trinchinopoly
triplicane
trumulldivayal
trustpuram
tudiyallur
tudiyalur
tumbal
turaiyur
turaiyur
turalyur
tuticorin
tutikorin
tuttukkudi
tyagadurgam
tyagarayanagar
udagamandalam
udaiyarpalaiyam
udakamandalam
udamalpet
udankudi
uddanapalli
uddanappalle
udhagai
udhagamandalam
udumalaippettai
uembilivaram
ullagaram
ulundur
ulundurpet
ulundurpettai
unamaucheri
uppiliapuram
uppiliyapuram
uraiyur
uralpatti
urigam
usilampatti
ussoor
usur
uttamapalaiyam
uttandi
uttangarai
uttangaral
uttarakosamangai
uttaramerur
uttattur
uttiramerur
uttukkottai
uttukkuli
uttukotai
uttukuli
uttumalai
uttumalal
vadakku valliyur
vadakku viravanallur
vadamadurai
vadapalani
vadapurambakkam
vadattur
vadippatti
vaiasavettikadu
vairamangalam
vairampatti
vaithisvarankoil
vaiyampatti
vaiyapur
vakkadai
valaiyappatti
valakadai
valangiman
valantaravai
valappadi
valapuram
valatti
valavanur
valikandapuram
valikondapuram
valinokkam
vallahadu kasba
vallakottai
vallam
vallam
vallam
vallam
vallanadi
vallanadu kasba
vallandu kasba
valnokkam
valparai
vandalur
vandavasi
vanivambadi
vaniyambadi
vanur
varadancheri
vasavasamudram
vasevasamudram
vasudevanallur
vattalkundu
vattanam
vattanum
vedal
vedalai
vedaranayam
vedaraniam
vedaranniyam
vedasandur
velachcheri
velakavundanpatti
velamurittanpet
velangann
velanganni
vellakkovil
vellakundam
vellalakundam
vellanur
vellivayal
vellore
velluru
velur
vembakkottai
vembakottai
vembar
vengal
vengattur
vengavasal
venkatapuram
vepanapalli
vepanappalle
vepery
veppanapalli
veppur
veraiyur
vettagaranpudur
vettaikkaranpudur
vettakkaranpudur
vettavalam
vichchur
vijaya narayanam
vijayapati
vijayapuri
vikramasingapuram
vikravandi
vilangadupakkam
vilatikulam
vilattikulam
villapurum
villivakam
villivakkam
villivakkam
villiyanallur
villiyanur
villupuram
vinnamangalam
viraganur
viralimalai
virambakkam
virapandi
virapuram
viraraghavapuram
virasangilimatam
viravanallur
virinchipuram
virinjiuram
virudunagar
virudupatti
virugambakkam
virupakshi
virupathi
vishamangalam
visharam
vishnuvakkam
vriddhachalam
vyasarpadi
vysarpadi
wadia nagar
walaja
walajabad
walajapet
wallajahbad
wandiwash
washermanpet
watrap
wellington
wellington town
west mambalam
wodapatti
yercaud
abdullapur
agartala
ajarthala
amarpur
ambasa
ampi bazar
bahadurpara
bampurbari
barjala
belonia
beloniya
bisalgarh
chandrasadhubari
damchara
dhanyacharanbari
dharmanagar
dharmanagar
dharmaragar
dulumabari
fatikrai
gabaichara
gorakapa kachehri
gunamanipara
hadraibari
halhahli
hirapur
hriphaw
jampai
kailasahar
kailashahar
kakraban
kalyanpur
kamal krishnabari
kamalpur
kathalia
khopaiyapara
laogang bazar
lungthung
madhupur
mairuhabari
manoharpur
manpui
manu bazar
melaghar
meltraipara
methraipara
mogiyabari
mukhachariduar
muktasinghpara
nagraibari
nakraihapara
nutan bazar
palangphabari
phuldungsei
rabiraipara
radha kishorpur
radhakishorepur
radhakishorpur
rahdakisorpur
ranir bazar
rengdil
sabedabari
sabroom
sabrum
sakhan
santinagar
serhmun
serhmun
sibnagar
sirdukbari
sonamura
tripura
takarjala
tripura
tukkalh
tukkath
udaipur
vanghmun
abadgarh
abadi rajgir
abdalpur
abdullahnagar
abdullanpur
abdullanpur
abdullapur
abdullapur
abdullapur
abdullapur mustaqil
abhaipur
abhaipur
abhgaon
abhiasa
abhinaipur
abhipur
abullahpur kanar
achalda
achankapur
achausa
achhnera
achintpur
achnera
achrauli
adampur makhan
adampur umed
adda
adda
adda nihal
adda tila
adda tujsiram
adda usara
adhaia
adhaura
admapur
adupur
afatiapur
afgan
afzalgarh
afzalpur
agar
agaus
agesi
agnihotri
agora
agori
agori khas
agra
agra belanganj
agupura
agupura
agwasa
ahar
aharan
aharwara
ahilyahar
ahimalapur
ahinkaripur
ahirwa rajarampur
ahiwaran ki madaiyan
ahladpur
ahmadganj
ahmadganj
ahmadganj
ahmadgarh
ahmadpur
ahmadpur karuamai
ahmadpur rauni
ahmalpur
ahraula
ahraura
aidalpur
aikaru
ailam
aima
air khas
airahu
airwa
airwa katra
ait
aiwranpura
ajab ka nagla
ajabpur
ajan
ajanpur
ajgain
ajit ka adda
ajit nagla
ajit purwa
ajitapur
ajmatpur
ajneri
ajnora
ajodhya
ajrao
ajudhipur
akalpur
akalsia
akapur
akaria
akbarpur
akbarpur
akbarpur
akbarpur
akbarpur
akbarpur
akbarpur
akbarpur
akbarpur
akbarpur
akbarpur
akbarpur aunchha
akbarpur sarai ghag
akha
akhtamai
akodha
akora purwa
akorhi
akorhi
akothiya
akrabad
alai nagla
alaipura
alamganj
alampur
alampur
alampur
alampur
alampura
alampurkhera
alapur
alapur
alapur
alawalpur
alawalpur
alawalpur
albela
alhadpur
alhinapur
ali khera
aliapur
aliapur
aliganj
aliganj
aligarh
aligarh
aligarh
alinagar
alinagar
alipur
alipur
alipur
alipur
alipur
alipur
alipur
alipura
alipura
alipura
alipura
alla abba habab
allahabad
allahdadpur
allahganj
allahpur
allahpur
allahpur
allahpur
allanpur
allipur
almanpur
alokhar
am purwa
ama
amaiyapur
aman purwa
amanatgarh
amaniganj
amanpur
amar ka nagla
amargarh
amaria
amarpur
amarpur
amauli
amawan
ambahta
ambahta rindan
ambahta sheikha
ambara
ambehta sheikha
ambiapur
ambwala
amdapur
amethi
amethi
amgawan
amhat
amilia
amita purwa
amkhera
amla
amlauha
amli
amlia
amoli
amora
ampahta uakubpur
amra
amrauli
amritpur
amritpur
amritpur
amroha
amrohia
anaitha
anand nagla
anandnagar
anandpur
anandpur
anandpur kota
ananianpur
anantapur
anantpur
anaugi
anaula
anaura
andela
andher
andhiari
andkhera
angadpur
angadpur
angadpur
angdela ki marhaiyan
anison
anjuarampur
anokhe purwa
ansahra
antaul
antpuri
antu
antuiya
antwa
anupnagar
anuppur
anupshahr
aobaira
aonla
aonla kila
aponan
appa purwa
apurpur
araul
arazi jadaunpur
arhanpur
arharpur
arhauli
arhu
arifpur
aring
arjara
arjunpur
arjunpur
arnia
arnia khurd
arnota
arora
arrua
arsania
arsara
artharakhera
arwaho
arwal
asa purwa
asafpur
asahna
asalatabad
asalatganj
asalatnagar
asanandpur
asaupura
asdharmai
asewa
asguna
ashokpur
asi nawada
asifgarh
asimpur
asimpur
asimpur balipatti
asiwan
asjana
askan purwa
asmai rafayatpur
asmauli
asnahra
asothar
aspur
asrasi
asta
asta
astal
astauli
asupura
ata
atalwa
atara
atarchha buzurg
atarchha khurd
atarchhala
ataria
atarra
atarra buzurg
atarsuan
ateha
ater
atharra kunian
atia
atia raipur
atipur
atra kalan
atra khurd
atrampur
atrauli
atrauli
atrauli
atraulia
atrauliya
atri nizampur
atri nizampur
atthaisa
attiya
audho nagla
aujhan
aulhath nagla
aundi
aunrai
aunta
auraiya
aurangabad
aurangabad
aurangabad
aurangabad
aurangabad
aurangabad saiyid
aurangpur gahdewa
auras
aurekhi
aureni
awa
awasthi purwa
ayana
ayara
ayodhya
azamgarh
azamgarh
azampur
azampur
azizabad
azizpur
azmatnagar
baba ka nagla
babai
babai
babatal
baberu
babina
babina sukhchainpur
babrala
babugarh
babul nagla
babupura
babupura
baburi
bachharjapur
bachhaura ahmadnagar
bachheh
bachheli
bachheli
bachhraon
bachhrawan
bachhuapar
bachi
badanpur
badanpura
badausa
badgaon
badh
badhura
badibar
badipur
badlapur
badle purwa
badle purwa
badle purwa
badnadpur
bado sarai
badriputh
badshahibagh
badshahpur
badshahpur
badshohipur
bagalai
bagapar
bagarkhet
bagaura
baggra
baghapur
baghar
baghar
baghauli
baghauni
baghauni
baghaura
baghaura
baghawali mustaqil
baghera
baghnagar
baghra
baghrajan
bagia
bagia
bagicha
bagrauni
bagulahia
bagulikai
bagwas
bah
baha ka purwa
bahadurpur
bahadurpur
bahadurpur
bahadurpur
bahadurpur
bahadurpur
bahadurpur
bahadurpur
bahadurpur
bahadurpur kalan
bahadurpur nigoh
bahadurpur ujena
bahaipur
bahangikhera
bahapur
baharapur bara
baharapur chhota
baharia
bahdinpur
bahelia nagla
bahelia purwa
baherapur
baheri
bahjoi
bahloipur
bahosi
bahraich
bahrain
bahramau
bahsuma
bahua
baijnath
bain
bairagpur
bairagra
bairwara
baisabari
baispur
bajar talaiya
bajarra
bajhera
bajhera
bajhera
bajida
bajit bharthu
bajit jasu
bajit purwa
bajna
bajna
bakapur
bakauli
bakewar
bakharia
bakharia
bakhsha
bakhtawarganj
bakhti nagla
bakhtiarpur
bakhtpur
bakhtpur
baks purwa
baksar
baksena
baksi purwa
baktar
baladhana
balai
balamau
balamau junction
balandpur
balanpur
balaura
balbhadrapur
baldeo
baldev nagla
baldevpura
baleni
bali nagla
balia
balinda
balipatti ranigaon
balipura
baljie nagla
ballam ka nagla
ballamsingh ki garhia
balli nagla
ballia
ballu purwa
ballupur
balrampur
balrampur
balrampur
balrgara
balu
balua
balusasan
bamangaon
bamanpur
bamanpur bhagautipur
bamanpura
bamanpura
bamanpura
bamaur
bamhangaon
bamhaura kalan
bamhaura khurd
bamhauri kurmian
bamhniaon
bamhnichauki
bamhnouti
bamni
bamori
bamori bahadursingh
bampur rampur
bamraulia
bamroli
bamroll
bamtamau
bamuri
ban
ban purwa
banamau
banaras
banares
banarsipur
banat
banauli
banbasari
banbirpur
banda
banda
bandariapur
bandha
bandha ka purwa
bandhawa
bandhmau
bandi purwa
bandpura
bandraha
bandron
bane ka nagla
bangaon
bangarmau
bangash nagla
bangawan
bangra
bangwan
banhera khomchan
bani
banihardu
banipara janal
banipara maharaj
banjaran
banjaran ka dera
banjaran ka dera
banjare ka dera
banjarewala
banjaria
banjhera
bank
banka pahari
bankati khurd
bankatwa bazar
bankatwa kalan
bankia
bankia
banne nagla
banoni
banphara
banpur
banpur
banpura
banpura narayanpur
bansai
bansgaon
bansi
bansi
banskhera
bansura
banthra
banthra
banthra sikandarpur
banthura
banwala
baoni kadawa
bara
bara
bara banki
bara chirra
bara math
baragaon
baragaon
baragaon
baragaon
baragaon
baragaon
baragaon
baragaon
baragaon
barah kalan
barah khurd
barahar
barahar
barahar
barahpila
barai
barai jhal
baraichmau
baraitha
baralokpur
baramau bangar
barampur
barampura
baranpur birhar
baranpur kainjari
baranpur kainjari minor
barapur
barara
barauchhi
barauli
barauli
barauli
barauli
barauli
barauli kalan
barauli khurd
barauli rajaipur
barauna
baraundha
baraura
baraut
barauta
barbai
barbatpur
barchau
bardah
bardauli
bardauli
bareilly
bareli
barenra buzurg
barerahar
bargad purwa
bargahna
bargaon
bargarh
bargon shargi
bargon sharqi
barha devi
barha jalaun
barhaj
barhal ka kuan
barhalganj
barhan
barhanpur
barhapura
barhni
barhran
bari
bari
bari
bari ka purwa
baria
bariamau
bariatara
barikhera
barka purwa
barkagaon
barkala
barkasi
barkhera
barkhera kala
barkhera kalan
barkhiria
barkimai
barla
barmupur
barnahal
baro
baroda swami
baroli baidpur
baron
barora
barora
barora
barra tharra
barrajpur
barri
barru keolasar
barsa
barsana
barsera
barsesi
barsi
barsinghpur
bartala
bartara
barua
barua
barugarh
barwa
barwa
barwa sagar
barwadili
barwahar
barwar
barwara
basahi
basai nawab
basait
basantpur
basari
basaria jaitpur
basaria panwari
baseri
basgarha
basgawan
basharatgani
basharatganj
bashi
bashta
basi
basiani
basirapur bhat
basoma
basrehar
bastam
bastepur
basti
basti nagla
baswari
bat purwa
batesar
batessar
bathua
bathua maro
batparao
battaha
batua
baulai
baundi
baura
baurain
bauri
bawain
bawri
bazar dubaulia
bazar kundanganj
bechapatti
begampur
behat
behra
behrampur
behta
behta
behta
behta
behta aiman
behta gokul
behta gosain
behta goshain
behta gushain
behta lakhi
behtar
bela
bela
bela
bela partabgarh
belakhera
belamai
belamau
belanganj
belari
belgaon
belha dih
belpur bela
belthara
benares
benda
bendo
beniganj
benipura
benipura
ber
ber
bera
beri
beria
berisal
berjo
beswan
betiapura
betiapura
bewar
bewar
bhabar
bhabsa
bhada
bhadah
bhadai
bhadaiyapur
bhadamai
bhadan
bhadar
bhadarwara
bhadati
bhadaura
bhadaura
bhadei kashipur
bhadekh diwarp
bhadeli
bhader
bhadohi
bhadraulia
bhadsale
bhadsia
bhadwan
bhadwan rasulabad
bhadwan sabran
bhadwara
bhagalpur
bhagat ka nagla
bhagat purwa
bhagatgarha
bhagautipur
bhaggi ka nagla
bhagipur
bhagonda
bhagotipur
bhagwanidin purwa
bhagwanpur
bhagwanpura
bhagwant nagla
bhagwantapur
bhagwantnagar
bhagwantpur
bhagwantpur
bhagwantpur
bhagwantpur
bhagwantpura
bhagwatipur durgaprasad
bhahpur
bhailal
bhainsapur
bhainsraon
bhainsraun
bhainswal
bhainswal kalan
bhaipur
bhaira
bhairaun ghat
bhaironpur
bhaisani islampur
bhaisayan
bhajanpura
bhajji purwa
bhajoi
bhajuria
bhakaura
bhakri
bhalasaiya
bham nagla
bhamora
bhamuiya
bhandaria
bhandaria
bhandaura
bhanera uda
bhanga
bhangaha
bhanpur
bhanpur
bhanupur
bhanwarpur
bhao buzurg
bhao khurd
bhapsi
bharali
bharara
bhararpura
bharatpur
bharatpur
bharatpura
bharauli
bharauni
bhareta
bhari dindarpur
bharkhara
bharokar
bharpura
bharra
bharrau
bhartapur
bhartauli
bharthana
bharthana purana
bhartupura
bharwa sumerpur
bharwalia
bharwari
bhasaun
bhasaun ka dera
bhasira
bhasneh
bhasrara
bhasundra
bhatan purwa
bhatauli
bhataura
bhatbur
bhatipura manakpur
bhatpura
bhatpura
bhatpura
bhatta
bhatu
bhatua
bhau purwa
bhauapar
bhauli
bhaunra
bhaunrabari
bhaunrat
bhaunrda
bhaunrsil
bhauntapur
bhaunti
bhaupur
bhaupura
bhaurajpur
bhaurkali
bhauvapar
bhauwapar
bhawalpur
bhawan
bhawanapur
bhawani nagla
bhawanigarh
bhawanipur
bhawanipur
bhawanipur
bhawanipur
bhawanipur
bhawanipur
bhawanipur partab
bhawanpur
bhelaoli
bhenda
bherla
bheta
bheta jangal
bheta kalan
bheta khurd
bheta nagla
bhikampura
bhikh purwa
bhikhampur
bhikhampur amjad
bhikhampura
bhikhan ka nagla
bhikhdeo
bhikpur
bhikra
bhilwal
bhima purwa
bhimpura
bhimpura
bhimsen
bhinga
bhira
bhisan purwa
bhita
bhitara
bhitara
bhitargaon
bhitargaon
bhitari
bhitaura
bhiti kursi
bhiwan
bhogaitapur
bhogela
bhognipur
bhogpur nigoh
bhoi nagla
bhojapur
bhojhwa
bhojipura
bhojpur
bhojpur
bhojpur
bhojpur nigoh
bhojpur ramain
bhojupura
bhola
bholanagaria
bhole ki marhaiyan
bholi
bhongaon
bhonraghat
bhonri
bhontari
bhopa
bhopu nawada
bhourajpur
bhudan purwa
bhuddha
bhudia
bhugaitapur
bhujpura
bhukaheri
bhukarheri
bhulbhulaiaganj
bhulbhulaiapur
bhulbhulapur
bhulbhuliapur
bhundamai
bhuni
bhuniyan purwa
bhup purwa
bhur purwa
bhur purwa
bhura
bhura
bhura
bhura
bhuramai
bhurepur khurd
bhuria
bhuria
bhuria
bhuria
bhuria
bhurjani
bhurjia
bhurpur
bhuta
bhuta nagla
bhutha
bhutha
bhutia
bibipur
bibipur
bichaula
bichaula
bichauli
bichauli
bichauli
bichola
bichola
bicholiya
bichpuri
bichpuri
bichpuria
bidhnu
bidhuna
bidhuna
bigha
bigha mahawat
bighakhet
bighapur
bighapur
bihar
bihari ka adda
biharigarh
biharipur
biharipur
biharipur
bihat
bija purwa
bijai rampur
bijaimandali
bijaipur
bijaipur
bijaipura
bijdawan
bijhalpur
bijna
bijnaur
bijnor
bijnor
bijnor
bijoli
bijora
bijrari
bijrotha
bijua
bijuwapur diwara
bijwaha
bikapur
bikaydas ka nagla
bikrampur
bikrampur
bikupur
bilahri
bilandpur
bilari
bilariaganj
bilaspur
bilaspur
bilaspur
bilati karke
bilati khet
bilehra
bilgram
bilguri
bilhaiyan
bilhari
bilhaur
billa
billaur
billi
bilohan
bilohi
bilpur husainpur
bilrayaganj
bilsanda
bilsar
bilsi
bilthar
bilthra
bina
binaika laung
binaika muafi
binaika toran
binaripur
binauli
binaur
binaura
binawar
bindesingh ka pura
bindhachal
bindki
bindwa khurd
bini nagla
binsarmau
biposi najafgarh
bir
bir kheri
biraham nagla
birahimpur
birahimpur
birahimpur
birahimpur
birahra
birai purwa
biraicha
birampur
birari
birauri
birdha
birdpur
birhan
birhar
birhar
biri
biria
biria madhogarh
biriyakhera
biriyapur
birni
birnon
birora
birpur
birpur
birpur katra
birpur nakasia
birpura
birsinghpur
birsinghpur
birsinghpura
birsinghpura
bisal ka nagla
bisalpur
bisanda
bisandhua
bisauli
bisauli
bisawar
bisenda
bisenda buzurg
bishangarh
bishanpur lohrai
bisharatnagar
bishungarh
bishunpura
bishunpuri
biskohar
bisnapur
bisun purwa
biswan
biswar
bithar
bithauli
bithauli
bithur
bittaura
blani purwa
blria danda
bodarwar
bodi
bohadpura
bohra
bojha
bojha
bojha
bojhi
brahman purwa
brahmanpur
bridgmanganj
brijwasin purwa
brindaban
buapur
bucha
budaun
budha ka nagia
budha ka nagla
budhana
budhanpura
budhat
budhauli
budhaura
budhera
budheri
budhua
budhwa shahid
budpur
bujhera
bujhwa
bulaki purwa
bulakipura
bulandshahr
buncha nagla
bunchpur
bundugath
bungura
bunta
burera
burero
burhakhera
burhi
burhwal
burhwal junction
burra faridpur
buti
byaspura
calim ka adda
captainganj
captainganj
cawnpore
chacha sanda
chahala ki marhaiyan
chail
chainihan
chainpur
chainpur
chainu nagla
chak
chak
chak
chak gubriha
chak jagdeopura
chak purwa
chakarpura
chakaura
chakdaha
chaki
chakia
chakrapur
chaku
chakwa
chakwa bazurg
chakwa khurd
chaman nagaria
chamanpura
chamar purwa
chamari
chamarla rao
chamarnagaria
chamarnagaria
chamarpur
chamarpur
chamarpura
chamarra
chamon mazra
champaner
champatpura
chamrahlya
chamrauwa
chamrua
chamrupur
chanchak
chanchak
chanchak
chand
chanda
chanda
chanda
chanda purwa
chandanpur
chandanpur
chandanpura
chandapar
chandapur bangar
chandara
chandarpur
chandarpur
chandau bakha
chandau beche
chandaua
chandauli
chandaus
chandausi
chandaut
chandawali
chandbarai
chandenamar
chandepur
chandethi
chandi chaura
chandi nagla
chandigher
chandipur
chandni
chandpur
chandpur
chandpur
chandpur
chandpura
chandpura
chandrampur
chandrapura
chandrauti
chanduapur
chandui
chandwa
chandwahar
chandwak
chanepur
changasi
chapra
chararawa
charbagh
charkhari
charrau
charsoni
charthari
charthawal
chatarpur
chatarpura
chatru
chaturipur
chaturipur
chaturtal
chaubepur
chaubia
chaudhripur
chaudi purwa
chauhanapur
chauhanpura
chauk
chaukhandi
chauki
chauki mustafabad
chaukia
chaukri
chauliapur
chaundaheri
chaundera
chaunrera shikarpur
chaupula
chaupura
chaura
chaura bagarkhet
chaura chandupur
chauraha
chaurahar
chaurasi
chaurasi
chaurela
chauri
chaursal
chautarahar
chauth
chhabba purwa
chhabile purwa
chhabilepur
chhachhari
chhachhraule
chhadami ka nagla
chhahri
chhanga purwa
chhani ahir
chhani khas
chhapaila
chhapar
chhapchhol
chhapniyan
chhapra
chhaprat
chhaprawat
chharra
chhata
chhata ka nagla
chhataila
chhatarwapur
chhatesar
chhatnapur
chhauna
chhaunka
chhayan
chhibramau
chhibramau
chhichhenapur
chhilla
chhilla
chhinkaura
chhipai
chhiriya salempur
chhirora
chhirori
chhitapur
chhitauni
chhitauni ghat
chhitaunil
chhochhapur
chhochhpur kotri
chhola
chholapur
chhoti sarauli
chhutmalpur
chilaunsa
chilgarh
chilh
chilha
chilhia
chilia
chilkana
chillupar
chilpura
chilwaria
chilwaria bazar
chimna
chinaiya
chinhat
chinjri
chintaman purwa
chinwapur
chira
chiraiyahar
chiraiyakot
chirani
chiranji purwa
chirauli
chirawar
chirhuli
chiriakot
chirola
chirra
chit baragaon
chit firozpur
chitai chaube
chitarpur
chitaura
chitaura
chitaura dhanaura
chitbhawan
chitepur
chitpalgarh
chitra
chitri
chittarpur
chochakpur
cholapur
chondarpur
chopan
choran
chunar
churaiya
churia nagla
churk
churkati
collectorganj
colonelganj
colonelganj
dabathua
dabhaura
dabhaura
dabheri
dabnapur
dabrai
dadanpur
dadanpura
dadipur
dadon
dadri
dagaruapur
daghela
dagraha
dagru ka purwa
daheli
dahena
daher
dahera
dahere
dahgawan
dahilia
dahiriapur
dahla nagla
dahlepur
dahnanag
daichaur
daitala
daitpur
dakhnesar
dalagaon
dalakpur maharajpur
dalappun
dalelganj
dalelnagar
dalelnagar
dalelpur
dalelpur
dalippur
dalippur narayani
dalli nagla
dalmau
dalupur sultanpur
damapur
damar nagla
damarpur
dammarnagar
damodarabad
damodarpur
damrehi
damujia nagla
danda
dandah
dandi
dandia
daneh purwa
dang
dankaur
danpur
danshah
daraganj
daranagar
daranagar
daranagar
daranagar
daranagar
darau
darauli
dardiya nagla
dare ki madaiyan
darhganj
darhial
darhiyan
darhral
darman
darona
daroni
darsan nagla
daru ka nagla
darya nagla
daryabad
daryabad
daryaoganj
daryapur
daryapur chandai
daryapur raibhan
daryapurpatti
dasehra sujanpur
dasia
dasna
daspur
daspur
dasrapur
dataganj
datauli
datlan
daudapur
daudpur
daudpur
daula
daulatabad
daulatpur
daulatpur
daulatpur
daulatpur
daulatpur
daulatpur
daulatpur chakai
daulatpur chirra
daulatpura
daulatpura kalpi
daulta
daultiapur
daultipur
daunri narotampur
daurala
dawah
dawami
daya
dayal bagh
dayali ka nagla
deai tikar
debi nagla
debiapur
debipur
debpur
degan purwa
dehwa
deintikar
delpura
delwara
delwara
deoband
deochari
deodharapur
deogaon
deogaon chakkar
deohariapur
deokali
deokali
deokali
deokali
deokali kham
deoli purwa
deonhara
deopura
deora
deora
deorania
deorania
deoranian
deorera
deori
deori
deori
deoria
deoria
deoria
deoria kalan
dera
dera banjaran
dera banjaran
dera banjarin
dera buapur
dera dungar
derapur
deri
derwa
desan ka nagla
desarmau
devamata
devganj
devganpura
devi purwa
devipura
devpura
devrakhera
dewa
dewamai
dewanagar
dhaka
dhaka
dhaka taluk ujera
dhakauni
dhake purwa
dhakroi
dhakuria
dhakwan
dhakyai
dhamai
dhamanpura
dhami nagla
dhamiapur
dhamkana
dhamma purwa
dhamna
dhamni
dhampur
dhan nagla
dhanapur
dhanaura
dhanaura
dhandamau
dhandhauns
dhandupur
dhanena
dhanepur
dhanesa
dhaneypur
dhanga
dhanghata
dhani
dhani nagla
dhanidhar purwa
dhanidharpur nagaria
dhanji nagla
dhansari
dhantauli
dhanupura
dhanwa
dharambadpur
dharampur
dharampur
dharampur
dharampur
dharampur
dharampur
dharampur
dharampura
dharampura
dharampura
dharampura
dharana
dharaola
dharaola
dharau
dharian
dharm ner
dharmangadpur
dharmangadpur
dharmangadpur
dharmanpur
dharmapur
dharmarpur
dharmnagaria
dharmpal
dharmpur
dharmupur
dharnipatti
dharwar
dhata
dhatani
dhaulana
dhaulri
dhaurahra
dhawakhera
dhawakhera
dhawar
dhawari
dhawari
dheri nagla
dhianwan
dhianwar
dhiarpura
dhimapura
dhimarpur
dhimrau
dhinwar ka nagla
dhipara
dhipia
dhirajpur
dhirpur
dhirpur
dhirpur
dhirpur
dhirpur
dhirpur
dhobankheri
dhobia kalan
dhobia khurd
dhokal nagla
dhokar nagla
dholai
dholai
dholri
dhondi
dhotiamau
dhubai
dhubiha
dhubla karimnagar
dhujri
dhulbaja
dhumri
dhundabar
dhundpur
dhura
dhuriapar
dhurk
dhurki
dhurwai
dhurwara
dhusramau
dhuta
dibai
dibanpur sahini
dibbiapur
dibiapur
dibiapur
didarganj
didauli
didaura
didora
didwara
dig
digara
diggi nahar
digwar
dikauli
dikauli
dikhatmai
dikshatbara
dilah
dilari
dilawarganj
dilipnagar
dimar
dina purwa
dinapur
dinarpur
dingsara
dinpur
dinpura
dip ki madaiyan
diraoti
diura
diurania
diurha
divrasai
diwali
dohrighat
domariaganj
don
don
don buzurg
donapur
dondapur
dondapur
donria
dostpur
dostpur nagar
dostpur thok
drummondganj
duar nagla
dubai
dubari
dubaulia
dubha
dubhar kishanpur
dubra
dubri
dudari nagla
dudhara
dudhi
dudhi kalan
dudhi khurd
dudhiya
dudhwa junction
dudwa
dudwa junction
dugain
dugawali
dukheri jamalpur
dula kheri
dulara
dularpur
dulawa
dulhi
dulramai
dumarpan
dumkapur
dumri
dunda purwa
dundha
dundi nagla
dundwaraganj
dungarpur
dura
duraundha
durga purwa
durgaganj
durgahpur
durgapur
durgu nagla
durgupur
durha
durha
durha
durjan nagla
durjan nagla
durjanpur
durjanpur
durjanpura
dwarkaganj
dwarkapur auraiya
ehtmali
ejalpur
ekma
ekman
ekta
eonti
erachh
etah
etawah
etawah
etmadpur
faithfulganj
faizabad
fajullapur
fakarpur
fakharpur
fakhrpur
fakir purwa
farah
farakhpur
faram
fardpura
farida
faridnagar
faridpur
faridpur
faridpur
farrukhabad
farrukhnagar
fatehabad
fatehchandpur
fatehganj sharki
fatehganj west
fatehgarh
fatehgarh
fatehpur
fatehpur
fatehpur
fatehpur
fatehpur
fatehpur
fatehpur
fatehpur
fatehpur
fatehpur
fatehpur
fatehpur
fatehpur
fatehpur
fatehpur
fatehpur
fatehpur
fatehpur
fatehpur chaurasi
fatehpur city
fatehpur gani
fatehpur karam
fatehpur peliyon
fatehpur rasulabad
fatehpura
fazil nagla
firozabad
firozpug
firozpur
firozpur ekhlahri
firozpur taran
fotehpur
fyzabad
gabhwai
gabli
gadanpur
gadanpur thatia
gadar nagaria
gadar purwa
gadarian nagla
gadarian purwa
gadarian purwa
gadarian purwa
gadariyan purwa
gaderan
gadhela
gadhia
gadnapur
gadojian purwa
gadrahi
gaffar nagla
gaffar nagla
gagargarh
gagarpur
gagor
gagor
gahlon
gahpura
gahpura
gaighat
gaili
gaini
gainik
gainsari
gajianpur
gajianpur
gajianpur
gajner
gajrajganj
gajraula
gakulnagaria
galampura
galarpur
galtia
gambhirpur
gandewar
gandhinagar
ganesh nagla
ganeshpur
ganeshpur
ganeshpur
ganeshpur
ganeshpur
ganeshpur
ganeshpur
ganeshpur
ganeshpur
ganeshpur
ganeshpur
ganeshpur
gangaganj
gangaganj
ganganian
gangapur
gangapur siswan
gangara
gangarwala
gangaura
gangchari
gangdaspur
gangdaspura
gangdharapur
gangi nagla
gangi nagla
gangimau
gangiri
gangoh
gangpur
gangpur kham
gangpur pukhta
gangu purwa
gangu purwa
ganj
ganj muradabad
ganja
ganjri
ganjua
ganni purwa
ganpatpur
ganu ka nagla
ganua
gapchariapur
gapchariapur
gapchariapur
gappacharia
garaulla
garaura
garautha
gardi
gareli
gargat nagla
garha
garha khurd
garhar
garheli nagla
garhewa
garhewa
garhewa
garhgawan
garhi
garhi
garhi
garhi
garhi
garhi abdulla khan
garhi aurangabad
garhi kargawan
garhi madaiyan
garhi mangad
garhi pukhta
garhia
garhia
garhia
garhia
garhia
garhia
garhia
garhia
garhia
garhia
garhia
garhia
garhia
garhia hardopatti
garhia hathisingh
garhia kachhpura
garhia lachha
garhia mangola
garhia shahpur
garhiwa
garhiwa
garhiya bakhsiram
garhiya laljit
garhmuktesar
garho
garhwa
garhwai
garia
garkatu
garla
garrauli
garwa
garwai
gata
gata
gathauna
gathaura nagla
gauhanakhera
gaunara
gaunda
gauntara
gauntia
gauntia
gauntia
gauntia atu
gauntia gharam
gauntia patti
gauntia ramnarayan
gaupur
gaur
gaura umarni
gauradayalpur
gauramai
gauramal
gauran purwa
gaurapur
gaurapur
gauri nagla
gauriapur
gauriapur
gauriganj
gawan
gayar
gazi purwa
gehlar
gelhewala
genchwara
gendamau
geonri
geonteya
geonti
geonti
georgetown
ghamaichamau
ghamuia
ghana purwa
ghanshyam nagla
ghanu nagla
ghari ghat
gharia
ghas nagla
ghasa
ghasi nagla
ghasi purwa
ghasinghpur
ghasipura
ghatampur
ghatausa
ghausganj
ghausganj
ghausganj
ghausgarh
ghauspur
ghaziabad
ghazibad
ghazipur
ghazipur
ghazipur chakatla
gherkarma
ghilaua
ghilaur
ghilor
ghiror
ghisauli
ghoghapur
ghorawal
ghorawul
ghorwal
ghosi
ghughaipur
ghumaspur
ghungchai
ghungchiai
ghurela nagla
ghurraiya
ghusupur
ghutai
ghutara masumpur
ghuwara
giana mazpa
giana mazra kalan
gidham
gidhosa
girar
girdharipura
girdharpur
girdharpur
girdharpur
girgitti
glaspur
gobardhan
gobind nagla
gobind nagla
gobindapur
gobindpura
godhni
gogalnagar
goglakhera
gograpur
gogwan jalapur
gohan
gohanan
gohand
gohni
gohrs
gokalpur
gokalpur
gokalpura
gokalwala
gokul
gola
gola bazar
gola gokarannath
golaganj
golhauna
golhaura
goli nagla
gona
gonashpura
gonda
gonda
gonda oudh
gongchan ka nagla
gongurha
goni purwa
gonmat
gopalpur
gopalpur
gopalpur
gopalpur
gopalpur
gopalpur
gopalpur
gopalpur
gopalpur gareriya
gopalpur jaggu
gopalpur taluka
gopamau
gopiaganj
gopiyapura
gora
gora
gora
gora
gora rathaur
gorabhupka
gorachirya
gorai
gorakhpur
gorakhpur
goranpura
gori bangar
goruckpur
gosainganj
gosainganj
goshaindepur
goshainganj
goshainganj
gothini
govardhan
gudani
gude ka nagla
gudera
gudha
gudhni
gugarawara
gugarwara
gugauli
gugauli kalan
gugaull
gujar
gujarpur
gujarpur pamaran
gujri
gulab purwa
gulabnagar
gulabpur
gulabpura
gulal khera
gulalpur
gulaothi
gularha
gularia
gularia
gularia
gularia nagla
gularian purwa
gulariapur
gulenda
gumchi
gumtia
gumtipur
gunah
gunda
gundaro
gundrapur
gunhan
gunj kalan
gunj khurd
gunjaura
gunnaur
gunthi ka purwa
gupalpur
gupkapur
guplapur
guplapur
gura
gura
gura
gura barela
guram
guramb
gurana
gurbakhshganj
gurbakshganj
gurbheli
gurdaspur
gurgaon
gurgaon
gurha
gurha jharkhand
gurha niamatpur
gurhana
gurj
gurra
gursahaiganj
gursarai
gurunarayanpur
gusain purwa
gusaindaspur
gutainya
guteha
guteha
guteti
guthan nagla
gutni
gyan purwa
gyanpur
gyuri ka nagla
habalia
habi
habibullahpur amritpur
habilia
habupura
hadaia purwa
hadera
hadikhera
hadipur
hadrukh
hadua
hafiz nagla
hafizganj
haibatpur
haibatpura
haibatpura khangran
haidalpura
haidarabad
haidarabad
haidarganj
haidargarh
haidarpur
hajipur
hajipur
hajipur
hajju ka nagla
haldaur
haliapur
hallan ka nagla
halu nagla
hamidpur
hamirpur
hamirpur
hamirpur
hamirpur
handia
hanmantkhera
hans purwa
hansapur
hansara
hansari gird
hansari grid
hanse nagla
hansi nagla
hansla
hansrau
hanumanpura
hanumantpura
hanwantpur
hapur
haraipur
haraiya
harakka
haraspur
harauli
haraura
harbanspur
harchandapur
harchandpur
harchandpur
harchandpur kusmara
hardayal ka nagla
hardeo purwa
hardeoganj
hardoi
hardoi
hardoi
hardoi
hardoi raja
hardu
hardua
harduaganj
harduganj
hardwara
harendi
hargam
hargurian
harha purwa
harhai
harhar fatehpur
harharpur
hari ka nagla
hari ki marhaiyan
hari nagla
hariharpur
hariharpur
hariharpur
hariharpur
hariharpur birpur
haripur
haripura
haripura
harirampur
harjapur kalan
harjapur khurd
harju nagla
harkaranpur
harkauti
harkhapur
harnagarpur
harnamau
harnarayan ka nagla
harnathpur
harnokha
harpalapur
harpalpur
harpalpur
harpura
harpura
harra nagla
harrachauki purwa
harsauli
harshankarpur mustaqil
harsinghpur
harsinghpur
harsinghpur gahilware
harsipur
harthala
haryalpur
hasanganj
hasanganj
hasangarh
hasanpur
hasanpur
hasanpur
hasanpur
hasanpur lohari
hasanpur lotni
hasanpur manti
hasaura
hasenpur
haseran
hashampur
hasnapur
hasnawala
hasnawala
hassanganj
hastinapur
haswa
hata
hatchhoiya
hatewa ghat
hathaura
hatheri
hathgaon
hathiyartala
hathna buzurg
hathna khurd
hathnauli
hathras
hatila
hatni nagaria
hauda purwa
haveli
havelia
haviliya
hayatnagar
hazara
hazara
hazratpur
hazratpur
hazratpur
hazratpur
hazratpura
hempur
hetimpur
hiddapuro
hikepur
himmatpur
himmatpur
himmatpur
himmatpur
himmatpura
hinauli diwara
hind
hindaura
hindu nagla
hindu purwa
hindupur
hindupur
hinguta
hira purwa
hira purwa
hiranagar
hiranagar
hiranpur
hiranwara
hirapur
hirapur
hirapur
hirapur
hirapur
hirapur
hirauli
hirmani
hirnaki
hisambad
hoshanga
huili ka nagla
hukam ka nagla
hukampura
hulas
hulla purwa
hullapur
hurdeea
huriai
husaihnagar
husain
husainganj
husainpur
husainpur
husainpur
husainpur
husainpur
husainpur mashmula daryapur
husainpur tarai
husepur
husepur
husepura
husepura
hussainpur puthia
ibrahimpur
ichaul
ichauli
ichchhaipur
idumai
iglas
ikahra
ikarpur
ikauna
ikghara
ikon
ikrampur
ikri
ilahabad
imadpur
imalia purwa
imamuddinnagar
imilia
imla
imla khas
imlauta
imlia
imlia
imlia
imompur
inayatpur
inda jashanpur
indalpur
indarpokharia
indarpur
indarpur
indayan
indergarh
indhauwa
indi
indpamau
indragarh
inguri
inhauna
intaun
intzammuddinpur
iradatnagar
iren
irshadpur
isampur
isanagar
isapur
isauli
isepur
ishapur dikhatmai
ishurpur
ishwari nagla
iskil
islamganj
islamganj
islamnagar
islamnagar
islamnagor
ismailpur
ismailpur
ismailpur
ismailpur
ismailpur digan
itaha kalpi
itahiya
itaill
itaunja
itaura
itgaon
itiathok
itimadpur
itwa
itwa jalaun
itwan
itwan kanar
izatnagar
jabarhera
jabarpur
jabarpura
jabra
jadaunpur
jade purwa
jadhai
jafarabad
jafarabad
jafarpur
jafarpur
jafarpura
jagamanpur
jagammanpur dhir
jagannathpur
jaganpur
jagat
jagatpur
jagatpur
jagatpur
jagatpur
jagatpur
jagatpur
jagatpur ahir
jagatpur dikhatmai
jagatpura buzurg
jagdishpur
jagdishpur
jagdishpur
jagdishpur
jagdishupra
jagdispur
jagmohan nagla
jagnewa
jagnia
jagpur
jagtapur
jahanabad
jahanabad
jahangirabad
jahangirabad
jahangirganj
jahangirpur
jahangirpur
jahanpur
jahtauli
jaiga
jailal ka nagla
jainpur
jaipura
jairwara
jais
jaisingh ki madaiyan
jaisingha
jaisinghpur
jaisinghpur
jait
jaithra
jaiti nagla
jaitia
jaitipur
jaitipur
jaitpur
jaitpur
jaitpur auraiya
jaitpur totaram
jaitpura
jaitupura
jajau
jajepura
jajipura
jajmuiya
jakha
jakha
jakha
jakha
jakhaura
jakheli
jakheta
jakhora
jakhora
jakna
jalalabad
jalalabad
jalalabad
jalali
jalalpur
jalalpur
jalalpur
jalalpur
jalalpur
jalalpur
jalalpur amra
jalalpur chirgawan
jalalpur churkhi
jalalpur dhai
jalalpur dhail
jalalpur katri
jalalpur panchman
jalalpur rasulabad
jalalpur sarwan
jalalpura
jalapur
jalapur dada
jalaun
jalaun khurd
jalebi nagla
jalesar
jalesar alipur
jalesar town
jalihapur
jalokhar
jam
jamaipur
jamalipur
jamalipur
jamalnagar
jamalpur
jamalpur
jamalpur
jamalpur
jamalpur
jamalpur
jamania
jamlapur churkhi
jamlapur dhiyan
jamlapur zunnardar
jamni ka nagla
jamniapur
jamora
jamrehi sani
jamtali
jamunid purwa
jamunjhir
janaher
janaura
jandheri
jandheri
janghai
janghai junction
jangi nagla
jangru
jani
janipur
janipur
janoti
jansath
janwaran
jaraila
jaraila
jararo
jarauli
jarcha
jarehar
jargaon
jarhan ka pura
jaria
jariyan
jarwa
jarwal
jasa purwa
jasana
jasapur
jasauli
jasenamau
jasmai
jasmai
jasmai
jasni purwa
jasoda
jaspura
jaspura
jaspurapur
jaspurapur saraiyan
jasrana
jasuapur
jaswantnagar
jaswantnagar
jaswantpur
jaswantpur
jaswantpur
jaswantpur
jataua
jathwara
jatipura
jatpura
jatpura
jatpura
jauhar
jauhar
jaula
jauli
jaunpur
jaunpur
jaunra
jaunri
jauri nagla
jawahar ki marhaiyan
jawanmardpur
jawapur
jeona tajpur
jewan
jhabar
jhajhar
jhajrau
jhakangarha
jhala
jhalu
jhammanpur
jhandahar
jhandaipur
jhansi
jhapula
jhara
jhara purwa
jharela
jharkon
jharpura
jharwan
jhatauli
jhau ka nagla
jhau purwa
jhindi
jhindi madaiyan
jhinduwa
jhinjhak
jhinjhana
jhinwarher
jhinwarheri
jhinwarheri
jhuinapur
jhundpur
jhuri nagla
jhusi
jianpur
jidepur
jignau
jigni
jigni
jijaul
jindi
jinsi nagla
jipura
jira rahimpur
jiraon
jitpur
jiwan purwa
jiyanpur
jodhanpura
joga kalan
joga khurd
jogiapur
jogipur
jogipura
jokehia
jonkahra
jori ka nagla
jos
jot
jot
juankhera
jugpura
jugrajpur mustaqil
jugrajpur sheoli
jugramau
jugsana
juhi
juhi bari
juhikha
juhikha ka purwa
juhin
jujharpur
jujharpura
jundhia
junedpur
juria
jyunri
kabirakhera
kabiran purwa
kabiran purwa
kabirganj
kabirpur
kabirpur
kabirpur kasganja
kabrai
kabral
kabuli
kachahari
kachana
kachari purwa
kachaura
kachaura
kachaura
kachh purwa
kachh purwa
kachhati purwa
kachhauna
kachhiapur
kachhiyan ka pura
kachhpur
kachhpura
kachhpura
kachhpura
kachhpura
kachhpura
kachhpura
kachhpura
kachhpura
kachhwa
kachlan
kachnoda kalan
kachpura
kachpura
kachrai
kadampura
kadaura
kadheka
kadipur
kadirabad
kadirganj
kafara
kagaraul
kagarol
kaghzipur
kail shikarpur
kaila
kailamau
kaili
kailor
kailotha
kaimau
kaimganj
kaimipur
kainaini
kainchia
kainjari khurd
kaipur
kairana
kairdah
kairi
kaisarganj
kaith
kaithan
kaithan
kaithan khera
kaithauli
kaithawa
kaithola
kaithulia
kaithwan
kakahra
kakarbai
kakaria
kakarmatha
kakarwao
kakaur
kaklai
kaklapur
kakora
kakora
kakori
kakori
kakraha
kakraha ki madaiyan
kakrahi
kakrahia
kakrahia kalan
kakrai
kakraiya
kakrala
kakrara
kakrara
kakrari
kakrari
kakraua
kakrela
kakwan
kalakand
kalakankar
kalaktar nagla
kalaktarganj
kalaktarganj
kalandra
kalanpur
kalathra
kalauthra
kalepura
kalewala
kali garhia
kali ka misran purwa
kalianpur
kalianpur
kalianpur
kalianpur
kalika nagla
kalika purwa
kalikaganj
kalinagar
kallarpur
kallu nagla
kalpi
kalpia
kalsan
kalsan minor
kalsi
kaluapur
kaluwala paharipur
kaluwali tongia
kalwari
kalyanpur
kalyanpur
kalyanpur
kalyanpur
kalyanpur rahan
kalyanpura
kalyanpura
kamalganj
kamalner
kamalpur
kamalpur
kamalpur
kamalpur
kamalpur
kamalpur
kamalpur
kamalpur bakrauli
kamasin
kamharia
kamlapur
kamli nagla
kamlu nagla
kampil
kamrapur
kamsia
kanaila
kanak purwa
kanari bank
kanauj
kanauli
kanaura
kanchan purwa
kanchanpur
kanchanpura
kanchanpura
kandaria
kandauara
kandharapur
kandhesi pachar
kandhia
kandhla
kandholi
kandhrapur
kandrauli bangar
kandrauli kachhoha
kandri
kandwa
kanhi purwa
kania
kania kalan
kania khurd
kanjausa
kanjhai
kanjhari
kankar katha
kankar kuin
kankarpur
kankarpur
kankather
kankhather
kankua
kannauj
kannauj
kannauj kachhoha
kannukhera
kanpatiapur
kanpatiapur
kanpur
kanpur nawabganj
kanpura
kanpwr
kansepur
kansipur
kanso
kanspur
kansu nagla
kansua
kansua drain
kant
kanth
kantha
kantika
kanwa
kaparwai
kaprahat
kaptanganj
kapur purwa
kapurapur
kapurpur
kara
karahiya
karampur
karanjauli
karanpur
karanpur
karanpur
karanpur
karanpur
karanpur
karanpur
karanpur datt
karanpura
karanpura
karar
karari
karauda
karauli
karaunda
karaundi
karauri
karawra
karbigwan
karchana
karehka
karela
kargan
kargawan
kargawan
karhal
karheran ki madaiyan
karhori ka nagla
kari kalwari
kari toran
karia
kariaoli
karimapur
karimnagar
karimpur
karimpur
karimuddinpur
karimullapur
karipahari
karkarapur
karke ka purwa
karlyabar
karmkha diwara
karnai
karnapur
karnauli
karom
karonda chandi
karora
karpaharia
karpia
karra
karra
karri
karsan
kartalapur
karumuddinpur
karupaya
karwi
kasaphal
kasba
kasganj
kashera
kashi
kashi nagla
kashi purautia
kashipur
kashipur
kashipur
kashipur
kasi
kasia
kasimabad
kasimpur
kasmara
kasoro
kasta
kasturiganj
katahara
kataila nagla
kataiyapur
katala
katali
katghara brahmanan
katghara zunnardar
katha
kathar
kathara
katharri
kathiura
kathua
katian
katinna barchau
katiya
katka
katka
katkora
katkora
katra
katra
katra
katra
katra
katra
katra
katra ruppur
katrauli
katri bichhoia
katri firozpur
kaua tanda
kaula kheri
kaunktapur
kauriram
kauwa
kayampur
kazihar
kedartai
kelgawan
kelyanpur
kemri
keolari
keolepur
keoripur
keseri kalan
keseri khurd
keshabapur
keshapur rahin
keshipur
keshipur
keshopur
keshopur
keshopur
keshopur
keshopur
keshopur
keshopur beni
keshopur jadaunpur
keshopur kalan
keshopur khurd
kesripur
ketar
ketra naki
kewalrampur chilauwa
khabramau
khada
khadar ka nagla
khadra
khadri
khadri
khaga
khagi ka nagla
khagia
khailar
khailor
khair
khairabad
khairai
khairapur
khaitoli
khajaria purwa
khajraha
khajraha buzurg
khajraha khurd
khajuan
khajuha
khajuha
khajuragarh
khajurgaon
khajurhat
khajuri
khajuri
khajuri
khajuria
khajuria
khajuria
khajuria
khajuria nagla
khakariapur
khakhan
khakhondi
khakron
khalaqpur
khalar
khale purwa
khalilabad
khaliqpur
khalla rup mangadpur
khamaria pul
khamela
khampar
khan alampur
khan alampura
khan ka tal
khanapur
khanazadpur
khandar
khandaria
khandauh
khandauli
khandsa
khangara
khaniapur
khanjan nagla
khanjora
khanmtoiya
khanna
khanpur
khanpur
khanpur
khanpur
khanpur
khanpur
khanpur chain
khanpur kurmi
khanuan
khapradih
khapraila
khapramau
khar ka nagla
kharagapur
kharagpur
kharagpur
kharagpur
kharagpur
kharagpur
kharagpur
kharagpura
kharagpura
kharar
kharauli
kharaulia
kharaura
kharduli
kharela
kharela
khareni
kharepur
khargai
khargi nagla
khargua
khargupur
kharjit ka nagla
kharka
kharka
kharka reserved forest
kharkauli
kharkhari
kharkhauda
kharkholi buzurg
kharkholi khurd
kharra
kharugpur
khasua
khatauli
khatkari
khatora
khatria
khekra
khema purwa
khera
khera
khera
khera
khera
khera
khera bhat
khera bhau
khera bijapur
khera danda
khera gadai
khera helu
khera kalan
khera kanar
khera khurd
khera kursi
khera mustaqil
kheri
kheri
kheri
kheri khushnam
kheria
kheria
kheria
kheria
kherkan
kherki
khero
khiaori
khidarpura
khijaria
khilla
khimai nagla
khimal ki marhaiyan
khimapura
khiria
khiria
khiria
khiria
khiria baqarpur
khiria bharaniu
khiria chhatura
khiria khurd
khiria kumerhi
khiria latkanju
khiria misra
khiria rahlu
khirla
khirongi
khisunapur
khitaulia
khitwans
khizarpur
khizarpur
khizarpur bagh
khojipura
khondar
khonkhra
khor
khor
khor
khoran
khoran
khorh
khubupur
khudadadpura
khudaganj
khudaganj
khudana
khudiapur
khundaur
khuni nagla
khura
khuram purwa
khuramsingh purwa
khurasa
khurdhia
khuria
khurisar
khurja
khursaidnagar
khurwara
khushalpur
khushhalipur
khushhalipur khurd
khustia
khutar
khutepur
khutian
khwajapur
khyoraj purwa
kiamdi
kilapur kalan
kilapur khurd
killi
killi
kirakat
kiraoli
kiratpur
kiratpur
kiratpur
kiratpur
kiratpur
kiratpur
kiratpur
kiratpur
kiria mai
kiriharapur
kirihrapur
kirjhrapur
kirpalpur
kirpalpur
kirpalpur
kirri
kirtapur
kirwaha
kisai
kisanan ki nagaria
kisania purwa
kisarda
kishanpur
kishanpur
kishanpur
kishanpur
kishanpur
kishanpur baral
kishanpur basant
kishanpur garhia
kishanpura
kishanpura
kishni
kishni
kishora
kishorpur
kisi nagla
kisi nagla
kisnanagar
kistiapur
kisunpur
kitha
kithor
kodaria
kohar gari
kohin
kohnia
koil
koila
koila gyanpur
kokpur
kola
kola sota
kolari
kolhui
koli
kon
konch
konda gujar
kondran
koni harjipur
konrai
konria
kooseyra
kopaganj
kora
korabonda
korakhpur
korari
korat
korerihar
korigapur
korikhera
korom
korwans
kosam
kosam khirag
kosam khiraj
kota
kota diwara
kota mustaqil
kotha
kotha kurari
kothi
kothi
kothi
kothi
kothi gulauthi
kothi ninawali
kothila
kothili
kothiwalabag
kothri tulsi
kotra
kotra
kotra
kotra
kotwa
kripalpur
kshetrapal
kua
kua
kua khera
kuan
kuan ghosi
kuatia
kuberpur
kuberpur dungersi
kuberpur kundra
kuchesar
kuchla
kudaiya
kudarkot
kudarkut
kudra
kudra
kudra
kudra karaundi
kuhawa
kuhawa minor
kuiyan
kukargaon
kukra
kukra town
kulapur
kulhupur
kulia
kullukhera
kulpahar
kulua
kumariya
kumerhi
kumharan purwa
kumhargaon
kumharua
kumhaul
kumhauli
kumhawar
kumhraur
kunaia
kunaira
kunch
kunda
kunda jaikaran
kundan nagla
kundanganj
kundanpur
kundanpura
kundaria
kundarkhi
kundarki
kundauli
kundauli
kundeli
kundeli badullaganj
kundepur
kundra
kundra
kundra
kundra paharpur
kundri
kundri
kundri
kunduapur
kunia
kunia raipur
kunian dandi
kunian dandi
kuniyapura
kunnau
kunri
kuntalia
kunwar
kunwardepur
kunwariapur
kunwarpur
kunwarpur
kunwarpur
kunwarpur banwari
kunwarpur kheria
kunwarpura
kunwarpura jalaun
kunwarpura sihari
kupri
kurai
kuraon
kurara
kurauli
kurauli
kuraura
kurchha
kurebhar
kureji
kurepura kanar
kuretha
kurha shahpur
kurhile purwa
kurhina
kurhyala
kurlikhera
kurpura
kurra
kurra
kurra
kurra jarawan
kursenda
kursi
kursi
kursi
kurwal
kusal purwa
kuseli
kusepura
kusera
kushal purwa
kushali
kushalpur
kushalpur
kushalpur
kusmara
kusmara
kusna
kusumkhor
kuthaund
kuthaunda buzurg
kuthaunda khurd
kuthela
kuthia
kuthia
kuthla
kuthlu
kutilipur
kutlupur
kutral
labhari
labhari
labher
labhera
labhera
labhri
lachchhirampur
lachchhu ka nagla
lachhi nagla
lachhman nagla
lachhmanpur
lachhmanpur
lachhmanpur
lachhmanpur
lachhmanpur
lachhmanpur
lachhmanpura
lachhmanpura
lachhmanpura
lachhmipur
ladu mazra
lagcha
lagela
lagon
lahadra
lahar kanar
laharpur
lahchura
lahchuraghat
lahoripura
lahrapur
lahraua
lahura
laikpur
lain
lakh
lakhanjir
lakhanpura
lakhanpura
lakhaoti
lakhapur
lakhau
lakheria
lakhi
lakhimpur
lakhna
lakhna
lakhnau
lakhnipur
lakhonda
lakhupura
lakkhapur
lakshmannagar
lakshmanpur
lal khera
lala bhagat
lala nawada
lalai purwa
lalauli
lalaun
lalepur
lalganj
lalganj
lalgaon
lalghata
lalgopalganj
laliabajh
lalitpur
lalju ka nagla
lalju purwa
lalluia
lalomai
lalpur
lalpur
lalpur
lalpur
lalpur
lalpur
lalpur
lalpur
lalpur
lalpur
lalpur
lalpur
lalpur khadar
lalpura
lalpura
lalpura
lalpura
lalsi nagla
lalu
lalua nagla
lalua nagla
lalupur
lalupur
lalupura
lamahra
lambhua
landhaura
lansai purwa
lar
larampur
laraupur
lareta
larhapur
larpur mustaqil
lathungar
latifgarh
latupur
laua dih
lauhagarh
laukahi
laulara
launa
laundpur
laungpur
lawa dadupur
lawana
lawar
lawar khas
lidhaura khurd
lidhora
likkha purwa
lilapur
lilwa
lodakhar
lodhan purwa
lodhapur
lodhipur
lodhipura
lodhipura
lodhpura
lohai mustaqil
lohangapur
loharan purwa
lohargaon
loharra
lohather
lohemarh
lohia kalan
lohia khurd
lohra
lokariya
lokasai
lokati
lokhar daura
lokharpur
loki nagla
loknathpur
lokpur
lokpur
loni
lonri
lori
lotan
lucknow
lucknow city
ludhpura
ludiapur
lugasi
luharan ka purwa
luhari
lukat purwa
lukatpur
lukatpur
lukerganj
lukhar daura
lukharia purwa
lukutpura
lutawali
machhijhil
machhlishahr
machhrehta
machhriyai
machkachha
madaharpur
madaiyan
madaiyan
madaiyan
madaiyan
madaiyan gujran
madaiyan kunwapur
madaiyan manjha nagla
madalpur
madanpur
madaora
madari purwa
madaripur
madaripur
madarpur
madarpur
madarpur
madarpur
madarwali
madaura
maddapur khas khurd
maddupur
maddupur
madhaiyapur
madhkarpur
madho tanda
madhoganj
madhoganj
madhogarh
madhonagar
madhonagar
madhopur
madhopur
madhosingh ka nagla
madhpura
madhpuri
madhpuri
madhpuri
madhuban
madhupur
madnapur
madnapur
madnapur
madnepur
madnepur
mado
madsena
madura
magaria nagla
magarwara
maghapur
maghar
maghora
maghpur
magraura
magrayan
mahaban
mahadigir
mahapura
mahara
maharajganj
maharajganj
maharajganj
maharajnagar
maharajnagar
maharajpur
maharajpur
maharajpur
maharajpur
maharajpur
maharajpura
maharatpur
maharatpur
mahaula
mahchandapur
mahdawal
mahdeora
mahdewa
mahdipur
mahdopur
mahera
maheri nagla
maheshpur
maheshpur
mahewa
mahgalpur
mahilal ka nagla
mahipal purwa
mahiya kamalpur
mahiya khas
mahkampur
mahmudabad
mahmudgarh
mahmudiya
mahmudnagar
mahmudpur
mahmudpur
mahmudpur
mahmudpur
mahmudpur
mahmudpur gang
mahmuliapur
mahnepur
mahngi
mahoba
mahoba
mahobkanth
mahokhar
maholi
maholi
mahora
mahoria
mahpauli
mahrauni
mahroni
mahroni khurd bara
mahroni khurd chhota
mahrua
mahson
mahtoli
mahtua
mahu
mahul
mahuli
mahulia
mahulia
mahuta
mai
mai
mai buchan
maichhori nagla
maigawan
maigawan
maikalganj
maikhurd kalan
maiku purwa
maiku purwa
mailani
mailani junction
mailar
mailwara kalan
mailwara khurd
mainpur
mainpuri
mainwar
mainwara
maithan
majh purwa
majhara bagha
majhara khas
majharia
majhauli
majhbhitia
majhgawan
majhgawan
majhgawan
majhie
majhiyar
majhola
majhupur
majith
majnunpur
majpati
makanpur
makhaipur
makhan nagla
makhanpur
makhdumnagar
makhi
makka purwa
makkhanpur
makku purwa
maknapur
makoha
makrandnagar
makrandpur
makrandpur
makrandpur kainjari
makrandpur mazra
makrandpura
maktaura
makundpura
mal
mal purwa
malaindi
malakpura
malaon
malasa
malawan
malgaon
malhabatpur
malhan purwa
malhausi
malhauwa
malhe
malhera
malhiapur
malhpur
malhupur
malihabad
malikpur
malikpur
malikpur
malikpur
malin purwa
malipur
malka purwa
malkhanpur deogaon
malkhanpur jamthar
mallamal
mallanpur
mallanwan
mallupura
malpur
malpura
malpura
malpura
malthon
malthone
malthua
malthua minor
malukpur
malwa
malwan
mamabhole
mamolipur
mamsingli ka nagla
mamurganj
man nagla
manakpur
manal ka pura
manat
manaurtal
manawan rasulabad
manbhawanganj
manchha
manda
mandawar
mandli
mandri
mangad purwa
mangalpur
mangalpur
manganpur
mangarh
mangari
mangawan
mangawan
manglapur
manglaur
manglaur town
manglia purwa
manglipur
manhar
maniar
maniari aliganj
manikapur
manikpur
manikpur
manikpur
manikpur bhikan
manikpur bisu
manimau
manipur
manirampur
manjha
manjha
manjhanpur
manjhara
manjharia
manjhpura
manjhra
manjhra
manjhra kalan
manjhreta
mankapur
mankapur
mankapur
mankapur
mankapur
manki
mannua nagla
manohara
manoharpur
manorathpur
manphul ka nagla
manpur
manpur
manpur
manpur
manpur
manpur biku
manpur gajain
manpur kanchaura
manpura
manpura
manpura
mansa nagla
mansa nagla
manse ka pura
mansingh ka nagla
mansurpur
manwan
mar mazra
maragpura
marahchi
marahiyan
marahmatabad
marahra
marari
marayya
mardah
mardanpura
marha
marha
marha
marhadaspur
marhadi laoli
marhaiyan
marhaiyan
marhaiyan
marhaiyan
marhaiyan chamaran
marhaiyan mallahan
marhaiyan mallahan
marhalyan
marhan
marhapur
marharia
marhepura
marhia
marhnepur
marhokhmit
mariahan
mariahu
mariyan purwa
marka
markua
marnamau
marora
marora minor
marori
marori
marori
marori
marpura
maru kheri
marwari
marwari
masid purwa
masjid nagla
masnai
mastgarh
mastiapur
masud
masudpura
masudpura
mat
matauli
mataundh
matehna
matehra
matera
matera
matera bazar
math
mathan
mathiyar
mathna
mathnia
mathura
mathura
matiyarpura
matka
matni
matru purwa
mau
mau
mau
mau
mau
mau
mau
mau aima
mau aimma
mau kanar
mau nath bhanjan
mau nathbhanjan
mau ranipur
maudaha
maudhamai
maugaon
maukalpur
maunath bhanjan
maurawan
maushampur maurara
mauzampur
mauzampur
mauzzamnagar
mawa bilwari
mawai
mawai rahayak
mawal mokhri
mawana
mawana
mawana khurd
mawar
mawar
maya bhikhi
mazra bhanera
mazra haripur
mazra islamganj
mazra manakpur
mazra mansara
mazra pathanpur
mazra purena
mazra sadarsingh
medipura
meerut
meerut city
meghjal
megni
mehdawal
mehdia
mehdipur
mehnagar
mehnajpur khas
mehndawal
mehra
mehrawan
meja
mekpur
menda purwa
mendhai nagla
menwara
meora
merapur
merath
meri dudhj
mesarpur
mewar
mianganj
miani
mianpatti
miao
miaon
miari
midarwaho
midhauli mirzapur
mighaula
mighauli
mihandia ka nagla
mihauli
mihinpurwa
mihoni
milak
milhona
milkia
milkia
milkia
milkia
milkipur
mimsar
minaura orai
mindakuan
minora
miranpur
miranpur katra
mirganj
mirgawan
mirjapur
mirmau
mirpur
mirpur
mirpur
mirza murad
mirzapur
mirzapur
mirzapur
mirzapur
mirzapur
mirzapur
mirzapur
mirzapur basant
mirzapura
mirzarpur
misarpur
mishrapur pratapsingh
misran purwa
misrikh
misripur
mitha
mitmitpur
mitragarh
moghal sarai
moghulserdai
moha
mohaddipur
mohalalganj
mohan
mohan
mohan
mohan ka nagla
mohan nagla
mohan nagla
mohan nagla
mohan purwa
mohanandi purwa
mohand
mohanganj
mohanganj
mohangarh
mohanlalganj
mohanpur
mohanpur kudari
mohanpur rahin
mohanpur ratanpur
mohiuddinnagar
mohkam purwa
mohkampur
mohkampur
mohra
mohshampur
mohshampur anandpur
mohson
mohtshampur
mokhlispur
molu nagla
mora
moradabad
moth
mothi
moti ka nagla
moti purwa
motipur
motipur
motipur
motipura
muadandi
muazzampur
muazzampur nanayan
muazzampur narain
muazzampur narayan
mubarakpur
mubarikpur
mubarikpura
mugalpura
mugarra jarasi
mugarra tatehi
mughal sarai
mughalpur naraini
muhabatpura
muhabbatpur
muhabbatpur
muhamdi
muhammadabad
muhammadabad
muhammadabad
muhammadganj
muhammadpur
muhammadpur
muhammadpur
muhammadpur
muhammadpur
muhammadpur
muhammadpur
muhammadpur bagh
muhammadpur bija
muhammadpur gularia
muhammadpur jagir
muhammadpur khas
muhammadpur kirat
muhammadpur malasa
muhammadpur painth
muharo
muini
muirpur
mujha
mujhai
mukandi ka nagla
mullapur
mulu ka nagla
mumtaz nagla
munawarpur rasulabad
mundai
mundait
mundarwa
mundela
mundha pande
mundia kalan
mundia khurd
mungapur
mungarra
mungra badshahpur
munishnagar
munj
munj
munj
munna purwa
munni ka adda
munshi ka nagla
muradabad
muradabad patti
muradnagar
murai
muraiyan buzurg
muravnagar
murawan gauntia
murcha
murcha
murchia
murera
murera
murera bikramsingh
murgiya
murhi
muria
muridpur
murlipur
murlipur
murra
murra
murri
mursan
murwa
murwal
musafirkhana
musar
muskira
mustafabad
mustafabad
mute purwa
muthiganj
mutthiganj
muttra
muzaffarabad
muzaffarnagar
muzafforpur
nabalpur
nabiganj
nabiganj
nabipur
nadanwara
nademau
nadsia
naeghar
nagal
nagal
nagar
nagar
nagar
nagar untari
nagaraghat
nagaria
nagaria
nagaria
nagaria
nagaria
nagaria
nagaria
nagaria
nagaria
nagaria
nagaria
nagaria
nagaria abi
nagaria ahiran
nagaria bhuri
nagaria chakan
nagaria dugani
nagaria hardas
nagaria kalan
nagaria khanu
nagaria khanu
nagaria khanu
nagaria kukput
nagaria nandi
nagaria rasa
nagaur
nagina
nagla achchhelal
nagla ahir
nagla ahiran
nagla ahiran
nagla aima mohan
nagla ajit
nagla am
nagla amgarha
nagla ante
nagla asha
nagla ati
nagla baba
nagla baba
nagla bachhai
nagla bagh
nagla bagh
nagla bagh
nagla bahori
nagla baiju
nagla baini
nagla bakhar
nagla bakhsh
nagla bakhti
nagla baldev
nagla bali
nagla balsingh
nagla bamihahar
nagla banaras
nagla bandha
nagla bandha
nagla bane
nagla bane
nagla banjaran
nagla bansi
nagla barah
nagla barhai
nagla barhaiyan
nagla barhu
nagla bari
nagla bari
nagla bari
nagla bari
nagla bari
nagla bari
nagla barma
nagla barwari
nagla basant
nagla basant
nagla basant
nagla basu
nagla bat
nagla bauri
nagla behari
nagla beri
nagla bhadain
nagla bhag
nagla bhaga
nagla bhagat
nagla bhagat
nagla bhagtan
nagla bhagwantpur
nagla bhaj
nagla bhaj
nagla bhajan
nagla bhajan
nagla bhajansingh
nagla bhaju
nagla bhaju
nagla bhanwar
nagla bhao
nagla bhara
nagla bhara
nagla bharat
nagla bhasaura
nagla bhikkhi
nagla bhil
nagla bhiti
nagla bhoj
nagla bhole
nagla bhud
nagla bhupat
nagla bhur
nagla bhure
nagla bich
nagla bichpuri
nagla bidra
nagla bihar
nagla bihari
nagla bihari
nagla bire
nagla bojha
nagla brij
nagla budhpalsingh
nagla chafra
nagla chainshuk
nagla chakai
nagla chamaran
nagla chamaran
nagla chamaran
nagla chamaran
nagla chamaran
nagla chamaran
nagla chandelan
nagla chathia
nagla chaurasi
nagla chhabinath
nagla chhabu
nagla chhadami
nagla chhati
nagla chhati
nagla chhola
nagla dabaha
nagla dahla
nagla dalip
nagla dalip
nagla dalsingh
nagla damar
nagla damohar
nagla danwan
nagla debi
nagla debidas
nagla dehli
nagla devi
nagla devi
nagla dhak
nagla dhakri
nagla dhana
nagla dhana
nagla dhani
nagla dhani
nagla dhani
nagla dhansingh
nagla dhansinghpur
nagla dhara
nagla dharua
nagla dhimar
nagla dhipari
nagla dhokal
nagla dhyan
nagla dini
nagla dinu
nagla dip
nagla dobha
nagla dubar
nagla duli
nagla durga
nagla fateh
nagla gabhwai
nagla gadarian
nagla gadariya
nagla gaderiyan
nagla gange
nagla gansahai
nagla garhi
nagla garhu
nagla ghasi
nagla ghasi
nagla gokal
nagla gujra
nagla gul
nagla gulab
nagla gularia
nagla gumani
nagla gundha
nagla gurha
nagla harchandi
nagla harchandi
nagla hargyan
nagla hari
nagla harrai
nagla havelia
nagla himmat
nagla hira
nagla hira
nagla hiralal
nagla hiralal
nagla hirde
nagla honuman
nagla hulas
nagla hushe
nagla jagat
nagla jagat
nagla jagmai
nagla jaisingh
nagla jaju
nagla jalal
nagla jamali
nagla jasmeri
nagla jasu
nagla jawahir
nagla jhaber
nagla jhal
nagla jhara
nagla jijai
nagla jind
nagla jor
nagla kachhi
nagla kachhpura
nagla kadam
nagla kaharan
nagla kaharan
nagla kalka
nagla kallar
nagla kallu
nagla kalyanpur
nagla kamal
nagla kamle
nagla kamle
nagla kanhai
nagla kanhaiya
nagla kanj
nagla karila
nagla karnai
nagla karon
nagla kathule
nagla kehari
nagla kesri
nagla kewal
nagla khajvaiya
nagla khamaria
nagla khandari
nagla khansingh
nagla khatkani
nagla khemi
nagla kheria
nagla khirkhiri
nagla khokar
nagla khoran
nagla khubi
nagla khuja
nagla khunni
nagla khurd
nagla khushali
nagla khushali
nagla kisan
nagla kishori
nagla kori
nagla kothi
nagla kothi
nagla kundan
nagla kundan
nagla kundra
nagla kunwarpal
nagla kusa
nagla kushalpur
nagla lachhi
nagla lachhi
nagla lachhiram
nagla laik
nagla lale
nagla lalpur
nagla lekhi
nagla lita
nagla mache
nagla magnu
nagla mahadeo
nagla mahajir
nagla mahasingh
nagla mahipal
nagla mahola
nagla mahua
nagla mahua
nagla mahua
nagla mahwa
nagla maik
nagla makka
nagla malik
nagla malkhan
nagla mandhati
nagla mangad
nagla mani
nagla mankhari
nagla manmotia
nagla marhaiyan
nagla mathi
nagla mathiya
nagla mathuria
nagla matiana
nagla megan
nagla mehen
nagla mihinlal
nagla mital
nagla mohan
nagla mohan
nagla mohan
nagla moiya
nagla mukand
nagla muraina
nagla murar
nagla murli
nagla nada
nagla naini
nagla nainsukh
nagla nandi
nagla nat
nagla nathi
nagla nathu
nagla nawabpur
nagla nawabsingh
nagla nayan
nagla nayan
nagla nayan
nagla nib
nagla nizamabad
nagla pachhain
nagla pai
nagla paitu
nagla pancham
nagla pancham
nagla pancham
nagla panchamsingh
nagla panchi
nagla panchi
nagla pande
nagla pande
nagla par
nagla param
nagla pasi
nagla pipar
nagla pite
nagla pithora
nagla pran
nagla pran
nagla premi
nagla pumi
nagla punni
nagla puth
nagla radhe
nagla raja
nagla ramai
nagla ramlal
nagla ramlal
nagla ramlila
nagla ramphal
nagla rampura
nagla raruwa
nagla risali
nagla roshan
nagla rup
nagla sabhasingh
nagla sabsukh
nagla saktu
nagla samadhpur
nagla sami
nagla saraiya
nagla sengar
nagla sev
nagla sewa
nagla sewa
nagla shekhpur
nagla shiblal
nagla shish
nagla sibu
nagla sihsaiyan
nagla sikariya
nagla singh
nagla sisaiya
nagla sisaiya
nagla sitaram
nagla siwaya
nagla sohra
nagla sudama
nagla sukhi
nagla tabaldar
nagla tadu
nagla tal
nagla tank
nagla tapra
nagla tar
nagla tar
nagla tara
nagla taru
nagla tayyabpur
nagla tej
nagla tej
nagla tejganj
nagla thakuri
nagla thakursingh
nagla tika
nagla tika
nagla tilwa
nagla tula
nagla udai
nagla ugar
nagla umed
nagla uttam
naglakhera
naglakheri
naglakheri
nagpura
nagra
nagra
nagra
nagra
nagra nande
nagra nath
nagra sahsi
nagram
nagri
nagru ka nagla
nagtha
nagthara
nagwas
nahar ghati
nahian
nahil
nahli
nahli
nai basti
nai nagla
naigawan
naigawan
naikapur
naikhera
naimisharanya
nainamai
nainapur
naini
nainpur
nainpur
nainpura
naipura
naithra
naithu
najibabab
najibabad
nakatpur
nakduwapur
nakelpura
nakur
nal
nalhiapur
namapur
nanakgarh
nanauta
nandgaon
nandgrampur
nandi nagla
nandipura
nandlalpur
nandna
nandpur
nandpur
nandpur
nandpur
nandpur
nandulia
nanga purwa
nanhipur
nani
nani nagla
nanpara
naoli
naoli ka adda
narainpura
narainpura
narau
naraul
narauli
naraura
naraura
naraura
narayan ki madaiyan
narayan nagla
narayan nagla
narayan purwa
narayan purwa
narayanpur
narayanpur
narayanpur
narayanpur
narayanpur bhanupur
narayanpur sahar
nardauli
nareli
narha
narindpur
narki
narora
narotamgarh
narpat nagla
narsuia
narsujha
narwa nagla
narwal
nasirabad
nasirnagar
nasirpur
nasirpur
nasrapur
nasrullapur
natha purwa
natha purwa
nau purwa
naugama
naugaon
naugaon saadat
naugaon sadat
naugarh
naugarh
naugawan
naugawan
naugawan
naugawan
naujhal naujhli
naujhli
nauli
nauli fatuhabad pukhta
nauli patti
naunahli
naurangpur
naurongpur
nausara
nausara
naushahra
naushera
naushera
naushera
nautanwa
nautanwa bazar
nawa purwa
nawa purwa
nawabgang
nawabganj
nawabganj
nawabganj
nawabganj
nawabganj
nawabganj aliabad
nawabganj allabad
nawabganj nagaria
nawada
nawada
nawada
nawada
nawada
nawada
nawada
nawada
nawada
nawada
nawada badan
nawada banshi
nawada baria
nawada bhagga
nawada bhola
nawada chacho
nawada chanda
nawada chat
nawada chatarsingh
nawada chaube
nawada chitta
nawada dandu
nawada dani
nawada dhani
nawada dhir
nawada dichhatan
nawada doim
nawada gaira
nawada ghansi
nawada ghasi
nawada goiotan
nawada golotan
nawada harlal
nawada hira
nawada jaggaman
nawada jamni
nawada jinda
nawada jwalaprasad
nawada kachhiyan
nawada kachhwain
nawada kanchan
nawada khas
nawada khem
nawada khuwa
nawada kishandatt
nawada kurmi
nawada lodhi
nawada madhkar
nawada mahipat shah
nawada makka
nawada mayaram
nawada moti
nawada nawal
nawada pande
nawada pasni
nawada piprauli
nawada ramkishan
nawada sada
nawada sada
nawada shaham
nawada shukla
nawada singo
nawada sukha
nawada tanda
nawadia
nawado malkhan
nawai
nawal purwa
nawalia nagla
nawalpur
nawalpur
nawanagar
nawar
nawar
nawasi
nawazpur
nawrang ka purwa
naya khondar
naya nagla
naya purwa
naya purwa
nayagaon
nayagaon
nayagaon
nayagaon
nayagaon
nayakhera
nayakhera
nayapurwa
nazirpur
nazrapur
nekamau
nekpur
nekpur
nekpur khatri
nekpur nawada
nekpura
nenwara
neoria husainpur
newada
newara
niazi ka nagla
nibau nagla
nibhar
nibhasai
nibhu
nibia
nibri
nibua raiganj
nibuja
nichlaul
nidhanpura
nigar
nighasan
nighasin
nigoh
nigoh khas
nigohan
nigohi
nigohya
nigoi
nihal purwa
nihalabad
nihalpur
nihtaur
nijamatpur
nikauwan purwa
nikawanpur
nikra
nilgaon
nimapur
nimgaon
nimiadih
nimkhar
nimkhera
nimsar
ninaoli
ninauli
ninawa
ninawali
niraisi
niranjan nagla
nirgajni
niswara
niwada
niwari
niwari
niwari
niwazi purwa
niwazpur
nizamabad
nizamabad
nizampur
nizampur
nizampur
nizampur
nizampur
nizampur
nogain
nohar kalan
nohar khurd
nohjhil
nonaicha
nonar
nonari bahadurpur
noni
norayanpur
norezpur
northern province
nowshera murai
nunar
nunar
nunari
nunari
nunkhara
nunkhara
nura
nurpur
nurpur
nurpur
nurpur tarsaura
nurpura
obra
odri
oila
ol
ola
old cawnpore
old cawnpur
old kanpur
olra
omnagaria
orai
orampur
oran
orchha
oriya
oron
oska bazar
otakpura
oudh
pachara
pachaukhra
pachauni
pachaur
pachawali
pachdeora
pachdeoria
pachhaon
pachhayan purwa
pachhpukhra
pachkhura
pachkhura buzurg
pachonra
pachperwa
pachpokhra
padam ner
padampur
padampur
padampur
padarathpur
paden purwa
padhaua
padrauna
padraya
padri
paduri
pah
pah kalan
pah khurd
pahari
pahari buzurg
paharia
paharipur
paharipur minor
paharpur
paharpur
paharpur
paharpur
paharpur
paharpur
pahasu
pahla
pahla
pahladpur
pahladpur
pahlei
pahra
paigaon
paighambarpur
paikaulia
paikbara
pailani
paina
paindabad
paindapur
pajawa
pajuna
pakar ka purwa
pakra
pakra
pal ka nagla
palahar
paleara
palhana
palhora
pali
pali
palia
palia
palia kalan
palia purwa
palla
palla banskhera
palpur
palra
palrai
pamman
panasa
panaura
panchadumar
pancham nagla
panchhi nagla
panchli
panchman
panchpirwa
panchpur
pand purwa
panda pipar
pandakhera
pandaura
pandehar
pandeola
panditpur
pandra
pandri shivgarh
pandu kheri
pandwari
panehra
panera
pangaha nagla
panhar
paniar purwa
paniyara
pankhakhera
pankhi
panki
pansotia
panthra
panwar khera
panwara
panwari
panyori
papar
papar manjhara
papora
paprenda
papri
papro
para
para
para pantar
para ubari
paranpur
paranpur palura
parara
parasna
paraspur
paraspur
paraspur
parasrampur
parauli ramain
paraunkha
paraur
paraur
parbatpur
parbhi nagla
paren mustaqil
parhin
pariapur
pariar
parichha
parichhatgarh
pariona
parkhula
parmapur
paron
parotan
parsaurah
parsendi
parshadepur
parshadi purwa
parshidpur
parsidhpur
parsu purwa
parsua
partabgarh city
partabpur
partabpur
partabpur
partapgarh
partapgarh
partappura
partapur
partapura
paruwa ka nagla
paruwa purwa
parvin nagla
parwan
pasai purwa
pasauli
pasei
pasia nagla
pasik purwa
pasrai
pasupur
patajhari
patara
pate ka nagla
patelnagar
patha
patha
pathak nagla
pathakpur
pathar kundi
pathardewa
patharra
pathla
pathrai
patia
patiali
patihtia
patihtia kalan
patin nagla
patipura
patit purwa
patkhauli
patna
patna bela
patna deokali
patora
patora
patora ki madaiyan
patpara
patrahi
patrian purwa
patsa
patsemra
patta purwa
pattapura
pattapura
pattapura
patti
patti
patti
patti
patti
patti
patti
patti bija
patti dada
patti giani
patti kairu
patti masawi
patti matehna
patti tirwa
patti turna
patwai
pawayan
payagpur
paye
peliyon khurd
pemi nagla
pempur
pempur
pempur
phadullapur
phakarpur
phalauda
phaphamau
phaphund
pharanna
pharenda
pharenji
phariha
phariha
pharkapur
pharwa
pharwa khurd
phauwa
pheona
phephna
phulapur
phulbihar
phulchhai
phulecha
phulha
phullu ka nagla
phulpur
phulpur
phulpur
phulpur
phulpur
phulpura
phuphal
phusgarh
phuta
phuta shahr
pia niranjanpur
piara ka nagla
pichhaura
pihani
pihani
pihua
pilaundi
pilibhhit
pilibhit
pilkhani
pilkhar
pilkhua
pilkhuwa
pilwa
pina
pinahat
pindra
pipal ka adda
pipal ka nagla
pipalhera
pipalkhera
pipalsana
pipar ka nagla
piparia
piparia nagla
piparia pali
pipla pukhta
pipra
pipra
pipra
pipraich
piprauli sheo
pipraulia
pipri
pipri
pipri athgaiyan
pipri gaharwara
pir battu
piran purwa
pirona
pirthi nagla
pirthipur
pirthipur
pirthipur
pirthipur dhai
pirthipura
pisapur
pisawa
pisawah
pitam nagla
pitam nagla
pitambarpur
pitamnagar
pitarmau
pithaupur
pithnapur
pitra
pohappur
polkha
potti
powa
prahladpur
prahladpur
pratapgarh
pratapgarh
pratappura
pratishthanpur
prayag
prayagpur
premnagar
premnager
prempur
prithital
prithvi ka nagla
prithvipur
pujna
pukhan ki marhaiyan
pukhrayan
pulandarpur
pulchand
punch
punchh
puniakhera
punja
punna purwa
puntakhera
pur
pura
pura
pura mufti
pura raghunath
pura rohan
puraini
puraini
purainian
puraiya
puran bhanda
puran nagla
purana khondar
purandarpur
purandarpur sonbarsa
puranpur
puranpura
puratni
purautia
purautia
purena
purmafi
pursa
puru ka tanda
purwa
purwa ahiran
purwa amarsingh
purwa amlian
purwa arre
purwa asni
purwa atra khurd
purwa babu
purwa badda
purwa bahelian
purwa baiju
purwa bainia
purwa bairagan
purwa bakht
purwa bale
purwa baletha
purwa banjaran
purwa banjaran
purwa banjaran
purwa bara
purwa barhain
purwa basanta
purwa basina
purwa basti
purwa bhadauria bela
purwa bhadia
purwa bhadwaria
purwa bhaggi
purwa bhale
purwa bhandeo
purwa bharak
purwa bharatsingh
purwa bhawa
purwa bhawan
purwa bhikhdeo
purwa bhikka
purwa bhim
purwa bhola
purwa bicha
purwa bisauna
purwa chamaran
purwa chamaran
purwa chamaran
purwa chandika
purwa chauhdnan
purwa chhabba
purwa chhangi
purwa chhitam
purwa chhota
purwa chiuri
purwa dalahar
purwa dalla
purwa danda
purwa dani
purwa danti
purwa daulat
purwa dayam
purwa deh
purwa deoki
purwa devidas
purwa dhana
purwa dhani
purwa dhanna
purwa dhanpat
purwa dharamsingh
purwa dichhat
purwa duje
purwa duju
purwa faqiri
purwa gadarian
purwa gadarian
purwa gadarian
purwa gadarian
purwa gadarian
purwa gadarian
purwa gadarian
purwa gadarian
purwa gadariyan
purwa gaja
purwa gamhir
purwa ganna
purwa garhe
purwa garhi
purwa gaulotan
purwa gauri
purwa gaurwari
purwa gokal
purwa gokha
purwa gosain
purwa gularia
purwa gularlu
purwa guna
purwa hari
purwa hetsingh
purwa hiraman
purwa hirde
purwa hirola
purwa jaisi
purwa jaraila
purwa jarihapur
purwa jasu
purwa jatai
purwa jhabra
purwa jhaluwa
purwa jind
purwa jita
purwa jogi
purwa juna
purwa kabri
purwa kachhian
purwa kachhiyan
purwa kaharan
purwa kalyani
purwa kamalsingh
purwa kanalcha
purwa kanhai
purwa kanhai
purwa kanik
purwa kashiran
purwa kassa
purwa kasturi
purwa kathela
purwa katrauli
purwa kerisingh
purwa kesari
purwa khagan
purwa khem
purwa khote
purwa khuman
purwa khundiapur
purwa kindar
purwa kishora
purwa kothi
purwa kund
purwa kurin
purwa kusai
purwa kusal
purwa kuturhuru
purwa lachhi
purwa lachhman
purwa lakka
purwa lalchand
purwa lalman
purwa lalsahal
purwa lodhan
purwa lodhi
purwa madari
purwa madho
purwa madhu
purwa mahadeo
purwa mahua
purwa makhan
purwa makhan
purwa makhao
purwa makka
purwa makka
purwa makka
purwa malah
purwa mallahan
purwa mandhata
purwa manna
purwa mansukh
purwa manu
purwa markaiyan
purwa mirhai
purwa misar
purwa mokhem
purwa mulla
purwa nahli
purwa nainu
purwa nande
purwa narayan
purwa nawabsingh
purwa nawal
purwa nayan
purwa nikari
purwa nuniyan
purwa pakaria
purwa pancham
purwa pani
purwa pariharan
purwa pattan
purwa patti
purwa patti
purwa piare
purwa pikha
purwa pitam
purwa rahman
purwa rai
purwa ramdin
purwa rampur
purwa ranjit
purwa ranna
purwa ratanpur
purwa rawat
purwa rawat
purwa razza
purwa rum
purwa rupe
purwa ruro
purwa sarsain
purwa sathau
purwa sati
purwa semra
purwa simar
purwa sital
purwa sombansi
purwa sukha
purwa sukhman
purwa sundar
purwa sutan
purwa tal
purwa tara
purwa tara
purwa tarsaur
purwa thana
purwa tijja
purwa tula
purwa tula
purwa udai
purwa umed
purwa umrao
puth khas
puthan
pyagpur
pyare purwa
pyare purwa
pyaripur
qadir chauk
qadirbari
qadirganj
qadirgarh
qadirpur
qasba khanpur
qasimabad
qasimpur
qazikhera
qazipur
qutab kheri
qutabgarh
qutabpur
qutbnagar
qutbpur
qutbpur
qutubnagar
rabidaspur
rabupura
radaur
radha kund
rae bareli
rafiabad
rafiabad kalan
ragaida
raghabir nagla
raghavpur
raghu
raghubarpur
raghunathpur
raghunathpur
rahan
rahatpur
rahimpur
rahtauli
rahupura
raichanda
raichandpur
raigaon
raipur
raipur
raipur
raipur
raipur
raipur
raipur
raipur
raipur
raipur
raipur
raipur
raipur hardonisi
raipur khas
raipura
raipura
raipura
raipura
raipura
raipura
raipura
raisim
rait
raja ka nagla
raja nagla
raja purwa
rajabpur
rajaimau
rajaimau thakurain
rajakhera
rajapur
rajapur
rajapur
rajapur
rajaula
rajauni
rajegur
rajepur
rajgarh
rajghat
rajhar
rajju kalan
rajju khurd
rajnagar
rajni khera
rajpur
rajpur
rajpur
rajpur
rajpur
rajpur
rajpur
rajpur
rajpur
rajpur
rajpur karnan
rajpur kurana
rajpur totaram
rajpura
rajpura
rajpura madhogarh
rajputan
rajputan
rajupur
rakara
rakara nagla
rakehti
rakh panchampur
rakra
rakuiya
ral
ram purwa
ramain
ramanipur
ramapur
rameshara
ramet
ramgarh
ramgarh
ramgarh
ramghat
ramhetpura
ramjanapur
ramkhera
ramkola
ramkot
ramnagar
ramnagar
ramnagar
ramnagar
ramnagar
ramnagar
ramnagar
ramnagar
ramnagar
ramnagar
ramnagar
ramnagar
ramnagar
ramnagar
ramnagar
ramnagar
ramnagar
ramnagar
ramnagar
ramnagar
ramnagar garhia
ramnagar malhausi
ramnagaria
ramnagaria
rampalpur
rampur
rampur
rampur
rampur
rampur
rampur
rampur
rampur
rampur
rampur
rampur
rampur
rampur
rampur
rampur
rampur
rampur
rampur
rampur baiju
rampur bain
rampur dhakadandi
rampur hirde
rampur majhiara
rampur naoli
rampur nawada
rampur nigoh
rampur pratapsingh
rampur ramsahai
rampura
rampura
rampura
rampura
rampura
rampura
rampura
rampura
rampura
rampura
rampura jalaun
rampura madhogarh
ramrai khera
ramsahai ka nagla
ramsanehighat
ramsukh ka nagla
ramzanpur
ranapura
ranau
ranbirpur
ranbirpur
randhaura
randhirpur
randhirpur
rangail
rangian purwa
rangpur
rani jot
rani tal
raniganj
raniganj
raniganj
ranikonar
ranipur
ranjit nagla
ranjitpur
ransingh nagla
ranwan
ranyara
rapatpura
rapra
rapri
rara
rarewaran
raruwa
rashidgarh
rasoi
rasra
rasual rawatgaon
rasulabad
rasulabad
rasulabad
rasulabad
rasulpar kalan
rasulpur
rasulpur
rasulpur
rasulpur
rasulpur
rasulpur
rasulpur
rasulpur
rasulpur
rasulpur
rasulpur
rasulpur
rasulpur
rasulpur bilahri
rasulpur rasulabad
rasulpur rohta
ratanpur
ratanpur
ratanpur
ratanpur
ratanpur
ratanpur kasturi
ratanpur ranbhauwa
ratanpura
ratanpura
ratauli
ratbhanpur
rath
rathaura
rathauran
rathauranpura
ratheh
ratheli
rati nagla
ratnapur
ratnapur
ratnapur
ratnapur pamaran
ratsanr
ratukala
rauli
rauli bauri
raullapur
raunapar
raunsa
raura
rausagaon
rauseh
rautiapur
rauzagaon
rawaremau
rawarohar
rawatpur
rawatpur
rawatpur
rawatpur
rawatpur
rawatpur
raya
rebai
rebha
rehar
rehowa
rehra
rehra bazar
rendhar
renukoot
renukut
reotipur
repura
resi nagla
reuri
rewa
richha
richhara
richhpura
rigauli
rinian
ritaur
ritaur
ritaur marhaiyan
rithaura
rithaura
rithian
riyan
robertsganj
rohana
rohaoli
romai diwara
romai mustaqil
ronaha
rondapur
ropalpur
rora
rora bhatpura
rosa
roshangpur
roshanpur
rota
rotanpura
rudarpur
rudarpur
rudauli
rudawali
ruddarpur
rudhauli
rudi nagla
rudpura madhogarh
ruheli
rukhara
rukwaha
rupai diha
rupamai
rupapur
rupapur
rupapur
rupapur
rupidiha
rupnaul
ruppur
ruppur
ruppur sahar
ruppur sarai bhikan
ruppura
rur
rura
rura addu
rura mallu
rurajatia
ruri kalan
ruri khurd
ruria
rurua
rustampur
sabalpur
sabalpur
sabhad
sabhapur
sabhapur
sabi ka nagla
sabripur
sabsinghpur
sabzapur
sachendi
sadabad
sadabad
sadarpur
sadarpur
sadat
sadather
sadhrapur
sadikpur
sadinagor tongia
sadiqpur
sadrpur
sadullahganj
sadullahnagar
sadulleganj
sadupur bangar
sadupura
safipur
sagauli
sagra
sagra
sagra
sah
sahabad
sahabganj
sahalapur
sahangai
sahania
sahao
sahar
sahar
sahara
saharanpur
sahaspur
sahaspur
sahaswan
sahawar
saheri
sahiapur
sahibabad
sahibganj
sahibganj
sahibganj chauki
sahlapur
sahorapur
sahsarpur
sahte purwa
saidabad
saidha
saidpur
saidpur
saidpur
saidpur
saidpur
saifullahganj
saina
sainjni
sainpur
sainsarpur
saintha dandi
saira
sajeti
sakaldiha
sakarwara bagulihal
sakat bewar
sakatpur
sakatpur
sakatpur
sakatpur
sakatpura
sakhanu
sakhera
sakit
sakrampur
sakrapur
sakrauda
sakrauli
sakri jangal
sakri qasimpur
saktesgarh
sakuili
sala
sala
salabad
salabatnagar
salarpura
salawa
salawar
saldpur
saldpur ubari
salempur
salempur
salempur
salempur
salempur
salempur
salempur kalpi
salempur kanar
salempur mahera
salempur ramai
salempur tara
saliar
salimpur
salimpur
salokhra
salon
samadhi
samadhi
samadhi
samadhi
samadhi
samadhi
samadhi
samadhi
samadpur
samanpur
samau
sambhal
sambhalheri
samhai
samogar
sampla
samrathpur
samthar
sanai
sanaura ishari
sanaura pirthi
sandi
sandi
sandila
sangeri
sangramgarh
sanjalpur
sanjarpur
sankarwar khurd
sankasya
sankra
sanmanpur
sansawa
santokhpur
santokhpur
santoshpur pachar
santoshpur unwa
santoshpurghat
santpur
santpura
sanwalla
sapaha
saprenda
saragpura
sarai
sarai
sarai
sarai
sarai aghat
sarai ajitmal
sarai akil
sarai arjur
sarai bhagmal
sarai bhim
sarai ekdil
sarai gopal
sarai gujarmal
sarai kayam
sarai kheta
sarai khwaja
sarai maddu
sarai malpura
sarai maruf
sarai mir
sarai miran
sarai partap
sarai rani
sarai sadhu
sarai tarin
saraia
saraichmau
sarain
sarainia
saraiya
saraiya
saraiya
saraiya
saraiya
saraiya
saraiya bhikra
saraiyan
saraiyan
saraiyan
saran
sarangpur
saranli
saranmai
sarauli
sarauli madhogarh
sarauth
sarauth pawayan
sarawan
saraya
sarayan daimganj
sarban
sarbarpur
sardamai
sardapur
sardar nagla
sardhana
sareli
sareni
sargauli
sarh
sarh
sarhiapur
sarhiapur
sarhuma
sarhumar
saria kalan
saria khurd
sariawan
sariaya
sarila
sarira
sariyan
sarjupur
sarkhana
sarki
sarkonda
sarkora
sarontop
sarpataha
sarpatpura
sarsai
sarsai helu
sarsai nawar
sarsainra
sarsawa
sarurpur
sarwa tappa tigain
sarwai
saryapur
sasainya purwa
sasni
satarwans
sataura
satawanpur
satbhaiyan purwa
satgata
sathauli
satheri
sathganwan
sathla
sathri
sathwari
sati
sati
sati
sati
sati
sati
sati
sati
sati
sati
sati
sati
sati
sati
sati
sati
sati
sati
sati
sati ka nagla
satia
satlinga
satora
satrikh
satyan nagla
sauhanjni
saunasi
saunsari
saunsrapur
saurikh
saurnikh
savi ka nagla
sawan
sazawarpur
segaran purwa
seha
seifni
sekhupura
selampur
sem
semalpur
semari
semaria
semarkhera
sempur
semra
semramau
semri
sen
senapur
sendhamau
senduria
sengarmau
senjni
sennal muhammadnagar
senpha
senthal
seoha
seohara
seondara
seonrhi
seora
sepau
seria
serwans kalan
sewa nagla
shadiabad
shadipur
shadipur
shafipur jabti
shah muhammad
shahabad
shahabad
shahabuddinpur
shahbazpur
shahbazpur
shahganj
shahganj
shahi
shahida
shahidwala grant
shahjahanpur
shahjahanpur
shahjahanpur
shahjahanpur
shahnagar
shahnikhera
shahpur
shahpur
shahpur rasulabad
shahpura khurd
shahzadpur
shahzadpur
shahzadpur
shaikhpur buzurg
shaikhpur khurd
shambharpur sheoli
shamli
shamsabad
shamsabad
shamsherganj
shamsherpura
shamspur
shamspur
shankarpur
shankarpur
shankarpur
shankarpur
shankarpur
shankarpur
shankarpur gaon mustaqil
sharifapur
sharifpur chhichhni
shekhan purwa
shekhpur
shekhpur
shekhpur
shekhpur karam
shekhpur pachar
shekhupur
shekhupur jakhauli
shekhupur saraiya
shekhwala
shekhwala
shemarpur
sheobaran nagla
sheoganj
sheoli
sheorajpur
sherganj
sherganj
shergarh
shergarh
shergarh
shergarh
shergarh
sherkot
sherpur
sherpur
sherpur
sherpur
sherpur
sherpur
sherpur
sherpur
sherpur
sherpur kalan
sherpur kuria
sherpura
shib mangalpur
shibnagar
shibrajpur
shikarpur
shikohabad
shimbhu nagla
shimbhu nagla
shimbu nagla
shishgarh
shiugarh
shiva purwa
shivapur
shivaraipur
shivarajpur
shivganj
shivpuri
shivrajpur
shiwalay purwa
shyam nagla
shyamgulla
shyampur
shyampura
sia
siapur babu
siar
siarmau
sidhagar
sidhauli
sidhpura
sidhpura
sidhpura
sihari chelapur
sihari daudpur
sihari madhogarh
sihari pariya
sihipur
sihsaiyan
sihuli
sihuna
sijari buzurg
sijari khurd
sikandarabad
sikandarabad
sikandarpur
sikandarpur
sikandarpur
sikandarpur
sikandarpur bais
sikandarpur nigoh
sikanderabad
sikandra
sikandra
sikandra
sikandra rao
sikandrabad
sikarna
sikhla
sikka
sikri
sikri raja
sikrorhi
sikumpur
silaua
silaua buzurg
silawan
silwant
simardha
simaria
simaria
simaria
simaria pindu
simaria raipur
simauri
simra
simra
simra
simra
simra
simra
simrapur
simrauta
simri
sindaus
sindhauli
sindwaha
singahi
singahi kalan
singalpur
singar
singepur
singh purwa
singha
singhao
singhapur
singhauli
singhpur
singhpur
singhpur
singhpur
singhpur sheoli
singhpura
singnapur
singraman
singramau
sipahari
sipura
sipura mustaqil
sipuri
sirajmau
sirathu
siron kalan
siron khurd
sirsa
sirsa
sirsa
sirsa etawah
sirsa kalan
sirsaganj
sirsee
sirsi
sirsi
sirsi
sirsi
sisaiya thana
sisaiyan kishan
sisauli
sisauna
sisaura
sisaura
sisia ka nagla
sisolar
siswa bazar
siswa tal
sitalpur
sitapur
sitapur
sitapur
sitapur muafi
sithmara
sitpura
siwaith
siwaya ahmadpur
siyana
slmaria
sobanpur
sodanpur
sohar
sohjana
sohrapur ata
sohwal
sojna
somna
sona arjunpur
sonakpura
sonal parwal
sonapur
sonari
sonasi
sondhamai
sondhri
sonek
sonepura
sonik
sonjh
sonpur
sonrai
sonta rasulpur
sonua ka nagla
sonwan
soraon
soron
srimau
srinagar
srinagar
uttar pradesh
suar
subedarganj
subhanpur
subri
sudnipur
sugharpur
sugsugi
suhuwal
sujan purwa
sujanganj
sujanpur
sujanpur
sujanpur
sujauli
sujawalpur
sukari
sukha nagla
sukhdaspur
sukhi
sukhlal ka nagla
sukhrampur
sukhsenpur
sukuwal
sulemanpurpatti
sulkahmau
sultanganj
sultanpur
sultanpur
sultanpur
sultanpur
sultanpur
sultanpur
sultanpur
sultanpur
sultanpur kalan
sultanpur mazra
sultanpur rahin
sultanpura
sumera
sumerpur
sumerpur
sunali purwa
sunari
sundar nagla
sundari
sundarnagar
sundarpur
sundarpur
sundarpur
sundarpur
sundarpur gajain
sundarpura
sundra
sunesar
sungwanar
sunhara
sunhara
sunikhera
sunkhra
sunwaho
sunwarsa
supa
suraian
surajpur
surajpur
surajpur
surajpur
surajpur
surajpur
surajpur khas
surajpura
suraoli jalaun
surapur
suratganj
suratgarh
surfuddi nagla
surha
surhar
suri khurd
surianwan
surir
surjanagar
surjannagar
surkha
surwai
sutta
tabarrukpur
tahpur
tahrauli
tahsil
tahsipur kannauj
tahsipur thatia
taipur
taj muhammadpur
taja pantar
tajganj
tajpur
tajpur
tajpur
tajpur
tajpur bidhuna
takia
takia
takia
takia
takipura
takpura
taksena
taktaulj distirbutary
talgaon
talgram
talkapur
talpar
talua
tamkuhi
tana
tanba
tanda
tanda
tanda
tanda hasongarh
tanda mansingh
tanda misri
tanda sundarpur
tandha
tankawala
tanora
tantrabad
taoli
tapariyan
tapariyan
tappal
tapra
tapra tindra
taprian rajju
tapua
taqipur
tar ka nagla
tar purwa
tara
tara purwa
tara purwa
tarabganj
tarahti
tarapur
tarapur kalan
tarapur khurd
tarauli
taraulia
tarawa
tari baragaon
taria
tarkulwa
tarkuwa
tarsaur
tarsaura
tarsi
tarwa
tarwa
tarwe purwa
tatarpur
tatarpur
tatarpur
tatiari
tauspur
tehrka
tehula
teia
telarpura
telian ki khor
telipahari
telpura
telpura
tendwa
tenga
tenta
tepatia
tera
tera
tera
tera nawada
tera parsauli
tera ragi
terai
terhi ghat
teri
tewarlalpur
thakurdwara
thakurpura
thalaura
thana bhawan
thana hamirpur
thanagaon
thanpur nigoh
thanwara
thapal
tharia
thaska
thatharmai
thekama
thekman
thenamau
thingri
thirwa
thola fatehpur
thularia
thulrai
tigri
tihar
tihar
tika nagla
tika purwa
tikai kham
tikai pukhta
tikaitnagar
tikamgarh
tikampur
tikanna
tikaria
tikauli
tikhola
tikkamsingh ka nagla
tikoria
tikra
tikra
tikra tiwari
tikraul
tikri
tikri
tikri
tikri
tikri kalan
tikri kalan
tikri mustaqil
tiktauli
tikupura
tikur ka nagla
tikura
tila
tila ki madaiyan
tilak nagla
tilehri
tilfra ainabad
tilha
tilhar
tilia
tilia
tilokpur
tilokpur
tilokpur
tilokpur
tilpahi
tilsahri
tilyani
timarua
tindauli
tindra
tindwari
tingra
tirawali
tirhiapur
tirhua
tirkaulia
tirkhi
tirkon
tirwa chandpur
tishti
tisua
tisuwadev
titarsi
titri
titron
tiwarin purwa
tiyanpura
todarpur
todarpur
todi nagla
tofiqpur
tor
toran nagla
tori fatehpur
toria
torna
tota tanda
totha jot
tula purwa
tulakpur
tulsi nagla
tulsi purwa
tulsipur
tulsipur
tundar
tundla
turaiya
turka lahchura
turka lahchura
turkiapur
turra muhar
uba
udaia nagla
udaipur
udaipur
udaipur
udaipur
udaipura
udara
udaypur
uddhampur
uddimpur
udelapur
udepur
uderpur bhura
udetpur sheoli
udh
udhannapur
udhannapur
udhimpur
udhimpur
udhopur
udi
udia
udmai
udotpura
udotpura
ugaini
ugarpur sultan patti
ughara
ugra purwa
ugrapur
ugu
uhidapur
ujagarpur
ujhani
ukharra
ular
uldan
umahi
umarda
umarda minor
umargarh
umarhar
umarpur
umarpur
umarpur
umarpur kirat
umarsenda
umedpur
umedpur bhutah
umi nagla
umon purwa
umrai
umrai
umrao purwa
umrao purwa
umraosingh ka adda
umrapur
umrauli
umri
umri
umri mustaqil
umripur
un
unanl
unao
unaul
unawal
uncha
uncha islamabad
unchaulia
united provinces
unnao
unwa
uprera
uraulla
urena
urgaon
urra
usar purwa
usarha
usarha saraiya
usawan
usehat
uska
usmanpur
usmanpur
usrahar
usrai
usri
utamanpur
utamapur
uthaiya
utraula
uttam purwa
uttam purwa
uttar pradesh
vakilgarh
varanasi
varanassi
vindhyachal
vrindaban
vrindavan
wahidpur
wahidpur
walidadpur
walidadpur
walterganj
wawali
wazipur
wazir ka adda
wazirganj
wazirpur
wazirpur
wazirpura
wiriyawali
wyndhamganj
yadavnagar
yahiapur
yakona
yakutpur
yamuna tarhati etawah
yaqubpur
yaqubpur
yaqubpur
yarpur
yasinnagar
yunaspur
yusufpur bhagwan
zafarabad
zaharpura
zaidpur
zaidpura
zainpur chaubia
zalim nagla
zalimpura
zamania
zaminia
zarainpur
zindapur
noida